uid,domainID,siteID,namedLocation,collectDate,parentSampleID,sampleCondition,sampleID,replicateNumber,gwwDICBubbleFree,gwwFiltSampleHeadspace,gwwAlkSampleHeadspace,gwwAlkSampleBubbleFree,processedDate,processedDateFilters,sampleVolumeFiltered,shipmentTimeRange
"2a90e514-e38e-4f19-be87-2d9db04193c4","D13","COMO","COMO.AOS.groundwater.well.001","2018-05-29T15:42Z","COMO.W1.20180529","Sample condition ok","COMO.W1.20180529",1,,,,,"2018-05-29T15:42Z","2018-05-29T18:00Z",250.0,
"8e493588-42ac-41f7-8a65-f9dd3c5ab3ce","D13","COMO","COMO.AOS.groundwater.well.002","2018-05-29T16:35Z","COMO.W2.20180529","Sample condition ok","COMO.W2.20180529",1,,,,,"2018-05-29T16:35Z","2018-05-29T19:38Z",25.0,
"a9e3e98a-d8f5-4dbd-984f-8ce99a00ceac","D13","COMO","COMO.AOS.groundwater.well.003","2018-05-29T17:30Z","COMO.W3.20180529","Sample condition ok","COMO.W3.20180529",1,,,,,"2018-05-29T17:30Z","2018-05-29T20:03Z",10.0,
"970474d1-a50d-473d-ba9b-0ada6dda631f","D13","COMO","COMO.AOS.groundwater.well.004","2018-05-29T18:39Z","COMO.W4.20180529","Sample condition ok","COMO.W4.20180529",1,,,,,"2018-05-29T18:39Z","2018-05-29T20:14Z",40.0,
