uid,domainID,siteID,namedLocation,sampleID,sampleCode,startDate,collectDate,laboratoryName,analyte,analyteConcentration,analyteUnits,coolerTemp,remarks,shipmentWarmQF,externalLabDataQF,sampleCondition
"ae10a636-0b85-4742-9acb-b7c04d40ab36","D13","COMO","COMO.AOS.groundwater.well.001","COMO.W1.20180529.FIL","A00000018365","2018-05-29T15:42Z","2018-05-29T15:42Z","EcoCore_CSU","CO3",0.0050,"milligramsPerLiter",7.9,,1,"formatChange","GOOD"
"5ca90feb-61f9-444d-a6fe-4ffb54f36e0d","D13","COMO","COMO.AOS.groundwater.well.001","COMO.W1.20180529.FIL","A00000018365","2018-05-29T15:42Z","2018-05-29T15:42Z","EcoCore_CSU","Ca",4.0420,"milligramsPerLiter",7.9,,1,"formatChange","GOOD"
"9eb4d8a2-4159-4937-bd35-2bc2649d29bb","D13","COMO","COMO.AOS.groundwater.well.001","COMO.W1.20180529.FIL","A00000018365","2018-05-29T15:42Z","2018-05-29T15:42Z","EcoCore_CSU","Cl",6.4100,"milligramsPerLiter",7.9,,1,"formatChange","GOOD"
"9b7b6a60-8f90-4e09-9f15-167ad6d19551","D13","COMO","COMO.AOS.groundwater.well.001","COMO.W1.20180529.FIL","A00000018365","2018-05-29T15:42Z","2018-05-29T15:42Z","EcoCore_CSU","F",0.0050,"milligramsPerLiter",7.9,,1,"formatChange","GOOD"
"78784f0d-3adb-44b0-90a7-e7658c45ffb5","D13","COMO","COMO.AOS.groundwater.well.001","COMO.W1.20180529.FIL","A00000018365","2018-05-29T15:42Z","2018-05-29T15:42Z","EcoCore_CSU","NH4 - N",0.0204,"milligramsPerLiter",7.9,,1,"formatChange","GOOD"
"479dd13c-4063-4f33-8dc0-af24bb188b17","D13","COMO","COMO.AOS.groundwater.well.001","COMO.W1.20180529.PCN","A00000018377","2018-05-29T15:42Z","2018-05-29T15:42Z","EcoCore_CSU","TPN",0.0445,"milligram",7.9,,1,"formatChange","GOOD"
"d3432524-86e0-439e-9098-e8bedfa11915","D13","COMO","COMO.AOS.groundwater.well.001","COMO.W1.20180529.FIL","A00000018365","2018-05-29T15:42Z","2018-05-29T15:42Z","EcoCore_CSU","NO3+NO2 - N",0.0477,"milligramsPerLiter",7.9,,1,"formatChange","GOOD"
"f721d1e5-e912-4fb6-9f8d-ac4ab9271b8b","D13","COMO","COMO.AOS.groundwater.well.001","COMO.W1.20180529.FIL","A00000018365","2018-05-29T15:42Z","2018-05-29T15:42Z","EcoCore_CSU","SO4",1.6291,"milligramsPerLiter",7.9,,1,"formatChange","GOOD"
"419f0422-b226-42a7-8277-ae5e735f13bc","D13","COMO","COMO.AOS.groundwater.well.001","COMO.W1.20180529.RAW","A00000018387","2018-05-29T15:42Z","2018-05-29T15:42Z","EcoCore_CSU","ANC",0.0830,"milliequivalentsPerLiter",7.9,,1,"formatChange","GOOD"
"f5c6de63-7e0a-4ffe-850e-c84e311561fc","D13","COMO","COMO.AOS.groundwater.well.001","COMO.W1.20180529.RAW","A00000018387","2018-05-29T15:42Z","2018-05-29T15:42Z","EcoCore_CSU","TN",0.3043,"milligramsPerLiter",7.9,,1,"formatChange","GOOD"
"4815e866-2f89-48c1-a868-fd2bc884f953","D13","COMO","COMO.AOS.groundwater.well.001","COMO.W1.20180529.PCN","A00000018377","2018-05-29T15:42Z","2018-05-29T15:42Z","EcoCore_CSU","TPC",0.2974,"milligram",7.9,,1,"formatChange","GOOD"
"ec4ce66c-4662-4b4a-b7be-51e12d6506d6","D13","COMO","COMO.AOS.groundwater.well.001","COMO.W1.20180529.FIL","A00000018365","2018-05-29T15:42Z","2018-05-29T15:42Z","EcoCore_CSU","DOC",4.5510,"milligramsPerLiter",7.9,,1,"formatChange","GOOD"
"e219a8e0-490d-48b4-8be1-d13e96dba65d","D13","COMO","COMO.AOS.groundwater.well.001","COMO.W1.20180529.FIL","A00000018365","2018-05-29T15:42Z","2018-05-29T15:42Z","EcoCore_CSU","Na",1.1700,"milligramsPerLiter",7.9,,1,"formatChange","GOOD"
"9f61fdc0-1187-45cf-b8d8-2d0c6fb11f9e","D13","COMO","COMO.AOS.groundwater.well.001","COMO.W1.20180529.RAW","A00000018387","2018-05-29T15:42Z","2018-05-29T15:42Z","EcoCore_CSU","TSS",2.0000,"milligramsPerLiter",7.9,,1,"formatChange","GOOD"
"da14448b-1c43-404c-a716-ab002115b8e8","D13","COMO","COMO.AOS.groundwater.well.001","COMO.W1.20180529.RAW","A00000018387","2018-05-29T15:42Z","2018-05-29T15:42Z","EcoCore_CSU","pH",6.2400,"pH",7.9,,1,"formatChange","GOOD"
"4d054106-3690-4450-a253-797d29163043","D13","COMO","COMO.AOS.groundwater.well.001","COMO.W1.20180529.FIL","A00000018365","2018-05-29T15:42Z","2018-05-29T15:42Z","EcoCore_CSU","HCO3",4.8100,"milligramsPerLiter",7.9,,1,"formatChange","GOOD"
"6455ad67-dc0e-49f8-bbe6-1c45228c9ace","D13","COMO","COMO.AOS.groundwater.well.001","COMO.W1.20180529.FIL","A00000018365","2018-05-29T15:42Z","2018-05-29T15:42Z","EcoCore_CSU","TDN",0.3036,"milligramsPerLiter",7.9,,1,"formatChange","GOOD"
"9e5d4951-f8f9-43f8-a310-9310ca741755","D13","COMO","COMO.AOS.groundwater.well.001","COMO.W1.20180529.FIL","A00000018365","2018-05-29T15:42Z","2018-05-29T15:42Z","EcoCore_CSU","UV Absorbance (280 nm)",-0.1107,,7.9,,1,"formatChange","GOOD"
"5adb7d4e-a49c-41f0-a1f4-4030c4b11f69","D13","COMO","COMO.AOS.groundwater.well.001","COMO.W1.20180529.RAW","A00000018387","2018-05-29T15:42Z","2018-05-29T15:42Z","EcoCore_CSU","TP",0.0281,"milligramsPerLiter",7.9,,1,"formatChange","GOOD"
"c292b727-986d-4f2e-899d-baf59c3e22c1","D13","COMO","COMO.AOS.groundwater.well.001","COMO.W1.20180529.FIL","A00000018365","2018-05-29T15:42Z","2018-05-29T15:42Z","EcoCore_CSU","NO2 - N",0.0144,"milligramsPerLiter",7.9,,1,"formatChange","GOOD"
"2462205e-1287-4f19-8bba-5d30c46030ed","D13","COMO","COMO.AOS.groundwater.well.001","COMO.W1.20180529.FIL","A00000018365","2018-05-29T15:42Z","2018-05-29T15:42Z","EcoCore_CSU","Br",0.0050,"milligramsPerLiter",7.9,,1,"formatChange","GOOD"
"c8e0b287-06c3-4e2e-ba80-c9a5187deab2","D13","COMO","COMO.AOS.groundwater.well.001","COMO.W1.20180529.FIL","A00000018365","2018-05-29T15:42Z","2018-05-29T15:42Z","EcoCore_CSU","Mg",0.5270,"milligramsPerLiter",7.9,,1,"formatChange","GOOD"
"95203cd7-4d0c-4f06-900d-8b6178f24468","D13","COMO","COMO.AOS.groundwater.well.001","COMO.W1.20180529.FIL","A00000018365","2018-05-29T15:42Z","2018-05-29T15:42Z","EcoCore_CSU","Fe",0.1025,"milligramsPerLiter",7.9,,1,"formatChange","GOOD"
"05c0337c-81fe-4d94-9c44-25e1d430aca5","D13","COMO","COMO.AOS.groundwater.well.001","COMO.W1.20180529.FIL","A00000018365","2018-05-29T15:42Z","2018-05-29T15:42Z","EcoCore_CSU","Ortho - P",0.0140,"milligramsPerLiter",7.9,,1,"formatChange","GOOD"
"fcf89c3a-a2db-44d7-96c4-953b2437c64c","D13","COMO","COMO.AOS.groundwater.well.001","COMO.W1.20180529.FIL","A00000018365","2018-05-29T15:42Z","2018-05-29T15:42Z","EcoCore_CSU","TDS",18.7900,"milligramsPerLiter",7.9,,1,"formatChange","GOOD"
"3d187eda-7962-4fde-845b-257b2999a239","D13","COMO","COMO.AOS.groundwater.well.001","COMO.W1.20180529.FIL","A00000018365","2018-05-29T15:42Z","2018-05-29T15:42Z","EcoCore_CSU","TDP",0.0124,"milligramsPerLiter",7.9,,1,"formatChange","GOOD"
"c2dd9f05-3e20-419b-b78c-ddad95a1461e","D13","COMO","COMO.AOS.groundwater.well.001","COMO.W1.20180529.RAW","A00000018387","2018-05-29T15:42Z","2018-05-29T15:42Z","EcoCore_CSU","TOC",4.5410,"milligramsPerLiter",7.9,,1,"formatChange","GOOD"
"78d5a8b6-8c1b-4c12-883f-6efdc620d615","D13","COMO","COMO.AOS.groundwater.well.001","COMO.W1.20180529.RAW","A00000018387","2018-05-29T15:42Z","2018-05-29T15:42Z","EcoCore_CSU","TSS - Dry Mass",100.0000,"microgram",7.9,,1,"formatChange","GOOD"
"8b5fbeba-76c2-4312-89c2-5718ccca4862","D13","COMO","COMO.AOS.groundwater.well.001","COMO.W1.20180529.FIL","A00000018365","2018-05-29T15:42Z","2018-05-29T15:42Z","EcoCore_CSU","Mn",0.0690,"milligramsPerLiter",7.9,,1,"formatChange","GOOD"
"ebdc5d7b-7c95-4048-91d6-1e4355a42ebe","D13","COMO","COMO.AOS.groundwater.well.001","COMO.W1.20180529.FIL","A00000018365","2018-05-29T15:42Z","2018-05-29T15:42Z","EcoCore_CSU","DIC",3.9360,"milligramsPerLiter",7.9,,1,"formatChange","GOOD"
"b1f063d0-fe90-4b3c-9fda-09e8e95a9d82","D13","COMO","COMO.AOS.groundwater.well.001","COMO.W1.20180529.RAW","A00000018387","2018-05-29T15:42Z","2018-05-29T15:42Z","EcoCore_CSU","conductivity",27.9000,"microsiemensPerCentimeter",7.9,,1,"formatChange","GOOD"
"2337093c-0388-4e98-acc2-d5c55f5fe235","D13","COMO","COMO.AOS.groundwater.well.001","COMO.W1.20180529.FIL","A00000018365","2018-05-29T15:42Z","2018-05-29T15:42Z","EcoCore_CSU","Si",3.9993,"milligramsPerLiter",7.9,,1,"formatChange","GOOD"
"49c3c989-4666-44b1-9fc7-225d697af76a","D13","COMO","COMO.AOS.groundwater.well.001","COMO.W1.20180529.FIL","A00000018365","2018-05-29T15:42Z","2018-05-29T15:42Z","EcoCore_CSU","UV Absorbance (250 nm)",-0.0366,,7.9,,1,"formatChange","GOOD"
"2c27c378-d117-466d-9948-741fad218564","D13","COMO","COMO.AOS.groundwater.well.001","COMO.W1.20180529.FIL","A00000018365","2018-05-29T15:42Z","2018-05-29T15:42Z","EcoCore_CSU","K",0.0941,"milligramsPerLiter",7.9,,1,"formatChange","GOOD"
"9f228ef0-4df6-4e47-8a99-8e0a0a42fc30","D13","COMO","COMO.AOS.groundwater.well.002","COMO.W2.20180529.FIL","A00000018363","2018-05-29T16:35Z","2018-05-29T16:35Z","EcoCore_CSU","SO4",4.4082,"milligramsPerLiter",7.9,,1,"formatChange","GOOD"
"7d72fa75-9069-46eb-95fd-b70057671372","D13","COMO","COMO.AOS.groundwater.well.002","COMO.W2.20180529.RAW","A00000018366","2018-05-29T16:35Z","2018-05-29T16:35Z","EcoCore_CSU","pH",6.0000,"pH",7.9,,1,"formatChange","GOOD"
"5594a8fd-3177-4e18-9200-345e52b6e021","D13","COMO","COMO.AOS.groundwater.well.002","COMO.W2.20180529.RAW","A00000018366","2018-05-29T16:35Z","2018-05-29T16:35Z","EcoCore_CSU","TSS - Dry Mass",54500.0000,"microgram",7.9,,1,"formatChange","GOOD"
"48ee79a6-6dbd-4c13-bfbc-c3df53c0c011","D13","COMO","COMO.AOS.groundwater.well.002","COMO.W2.20180529.FIL","A00000018363","2018-05-29T16:35Z","2018-05-29T16:35Z","EcoCore_CSU","NO3+NO2 - N",0.0055,"milligramsPerLiter",7.9,,1,"formatChange","GOOD"
"31e30b7b-cd8d-4dec-a199-0344053c44fa","D13","COMO","COMO.AOS.groundwater.well.002","COMO.W2.20180529.RAW","A00000018366","2018-05-29T16:35Z","2018-05-29T16:35Z","EcoCore_CSU","conductivity",21.5800,"microsiemensPerCentimeter",7.9,,1,"formatChange","GOOD"
"700908f2-7f21-4c29-a41c-cd87b69c099a","D13","COMO","COMO.AOS.groundwater.well.002","COMO.W2.20180529.FIL","A00000018363","2018-05-29T16:35Z","2018-05-29T16:35Z","EcoCore_CSU","Mg",4.3492,"milligramsPerLiter",7.9,,1,"formatChange","GOOD"
"d2743a9e-3c88-4a06-9f5c-047a9aa1397a","D13","COMO","COMO.AOS.groundwater.well.002","COMO.W2.20180529.FIL","A00000018363","2018-05-29T16:35Z","2018-05-29T16:35Z","EcoCore_CSU","Ca",23.1263,"milligramsPerLiter",7.9,,1,"formatChange","GOOD"
"935df7eb-ad02-43a2-9e94-e5872208edb9","D13","COMO","COMO.AOS.groundwater.well.002","COMO.W2.20180529.FIL","A00000018363","2018-05-29T16:35Z","2018-05-29T16:35Z","EcoCore_CSU","Si",8.7668,"milligramsPerLiter",7.9,,1,"formatChange","GOOD"
"a88de77b-d283-40c0-8201-8781f327e26f","D13","COMO","COMO.AOS.groundwater.well.002","COMO.W2.20180529.RAW","A00000018366","2018-05-29T16:35Z","2018-05-29T16:35Z","EcoCore_CSU","TOC",8.6920,"milligramsPerLiter",7.9,,1,"formatChange","GOOD"
"4c248938-b78e-43a0-9892-5ca3c4e185f7","D13","COMO","COMO.AOS.groundwater.well.002","COMO.W2.20180529.RAW","A00000018366","2018-05-29T16:35Z","2018-05-29T16:35Z","EcoCore_CSU","TP",0.0100,"milligramsPerLiter",7.9,,1,"formatChange","GOOD"
"4cb255bc-cb55-469b-9fa1-0f7e421fc4ae","D13","COMO","COMO.AOS.groundwater.well.002","COMO.W2.20180529.FIL","A00000018363","2018-05-29T16:35Z","2018-05-29T16:35Z","EcoCore_CSU","F",0.0050,"milligramsPerLiter",7.9,,1,"formatChange","GOOD"
"94a83ad5-47b4-422b-b5a6-7f42ae2d09a6","D13","COMO","COMO.AOS.groundwater.well.002","COMO.W2.20180529.RAW","A00000018366","2018-05-29T16:35Z","2018-05-29T16:35Z","EcoCore_CSU","TSS",1090.0000,"milligramsPerLiter",7.9,,1,"formatChange","GOOD"
"c081e957-76c7-461f-a246-03feddbdaec4","D13","COMO","COMO.AOS.groundwater.well.002","COMO.W2.20180529.FIL","A00000018363","2018-05-29T16:35Z","2018-05-29T16:35Z","EcoCore_CSU","NH4 - N",0.0417,"milligramsPerLiter",7.9,,1,"formatChange","GOOD"
"525f53cb-147f-4822-8753-4e10a3eabf9e","D13","COMO","COMO.AOS.groundwater.well.002","COMO.W2.20180529.FIL","A00000018363","2018-05-29T16:35Z","2018-05-29T16:35Z","EcoCore_CSU","UV Absorbance (280 nm)",0.4862,,7.9,,1,"formatChange","GOOD"
"ea9bc228-d1d3-4df5-a2ad-344233059e75","D13","COMO","COMO.AOS.groundwater.well.002","COMO.W2.20180529.FIL","A00000018363","2018-05-29T16:35Z","2018-05-29T16:35Z","EcoCore_CSU","Na",2.2040,"milligramsPerLiter",7.9,,1,"formatChange","GOOD"
"179f97db-68b9-4ca3-b877-6c3fc3dabbbc","D13","COMO","COMO.AOS.groundwater.well.002","COMO.W2.20180529.FIL","A00000018363","2018-05-29T16:35Z","2018-05-29T16:35Z","EcoCore_CSU","DOC",5.5930,"milligramsPerLiter",7.9,,1,"formatChange","GOOD"
"2987e1e0-6db8-4858-8c04-37001b4466c5","D13","COMO","COMO.AOS.groundwater.well.002","COMO.W2.20180529.FIL","A00000018363","2018-05-29T16:35Z","2018-05-29T16:35Z","EcoCore_CSU","UV Absorbance (250 nm)",0.1159,,7.9,,1,"formatChange","GOOD"
"1b6c7f85-24c1-4b5d-93c6-ef9a1b6f1fe0","D13","COMO","COMO.AOS.groundwater.well.002","COMO.W2.20180529.FIL","A00000018363","2018-05-29T16:35Z","2018-05-29T16:35Z","EcoCore_CSU","HCO3",74.0800,"milligramsPerLiter",7.9,,1,"formatChange","GOOD"
"22a095a3-4646-4882-aa13-e7fb44cb97f0","D13","COMO","COMO.AOS.groundwater.well.002","COMO.W2.20180529.FIL","A00000018363","2018-05-29T16:35Z","2018-05-29T16:35Z","EcoCore_CSU","NO2 - N",0.0164,"milligramsPerLiter",7.9,,1,"formatChange","GOOD"
"bca58854-c9d6-471e-8dcf-80f2b219ba68","D13","COMO","COMO.AOS.groundwater.well.002","COMO.W2.20180529.FIL","A00000018363","2018-05-29T16:35Z","2018-05-29T16:35Z","EcoCore_CSU","DIC",2.7450,"milligramsPerLiter",7.9,,1,"formatChange","GOOD"
"67358180-50b2-47c1-8446-9da6379a190c","D13","COMO","COMO.AOS.groundwater.well.002","COMO.W2.20180529.RAW","A00000018366","2018-05-29T16:35Z","2018-05-29T16:35Z","EcoCore_CSU","TN",0.5872,"milligramsPerLiter",7.9,,1,"formatChange","GOOD"
"531cb051-88a7-4fec-a7e3-3589db431df6","D13","COMO","COMO.AOS.groundwater.well.002","COMO.W2.20180529.FIL","A00000018363","2018-05-29T16:35Z","2018-05-29T16:35Z","EcoCore_CSU","Fe",0.0005,"milligramsPerLiter",7.9,,1,"formatChange","GOOD"
"e83a08fb-833d-44f0-816e-7787b426f2ae","D13","COMO","COMO.AOS.groundwater.well.002","COMO.W2.20180529.FIL","A00000018363","2018-05-29T16:35Z","2018-05-29T16:35Z","EcoCore_CSU","Cl",8.5611,"milligramsPerLiter",7.9,,1,"formatChange","GOOD"
"95aab601-a610-4f13-bf75-5660264e443a","D13","COMO","COMO.AOS.groundwater.well.002","COMO.W2.20180529.PCN","A00000018378","2018-05-29T16:35Z","2018-05-29T16:35Z","EcoCore_CSU","TPN",0.0842,"milligram",7.9,,1,"formatChange","GOOD"
"7df266e8-5948-4e3b-9437-da59a6bc2d7f","D13","COMO","COMO.AOS.groundwater.well.002","COMO.W2.20180529.FIL","A00000018363","2018-05-29T16:35Z","2018-05-29T16:35Z","EcoCore_CSU","K",0.6912,"milligramsPerLiter",7.9,,1,"formatChange","GOOD"
"f1ea8916-d037-4c8e-bcff-05d21eae7815","D13","COMO","COMO.AOS.groundwater.well.002","COMO.W2.20180529.FIL","A00000018363","2018-05-29T16:35Z","2018-05-29T16:35Z","EcoCore_CSU","TDN",0.3958,"milligramsPerLiter",7.9,,1,"formatChange","GOOD"
"1a41844d-a6fd-4d82-845d-bef8afd42522","D13","COMO","COMO.AOS.groundwater.well.002","COMO.W2.20180529.RAW","A00000018366","2018-05-29T16:35Z","2018-05-29T16:35Z","EcoCore_CSU","ANC",1.3110,"milliequivalentsPerLiter",7.9,,1,"formatChange","GOOD"
"c7f1df0d-02b3-4b4a-a952-7dc8fce6f2db","D13","COMO","COMO.AOS.groundwater.well.002","COMO.W2.20180529.FIL","A00000018363","2018-05-29T16:35Z","2018-05-29T16:35Z","EcoCore_CSU","Mn",0.0005,"milligramsPerLiter",7.9,,1,"formatChange","GOOD"
"27acdc5a-9655-40d9-819f-581040200193","D13","COMO","COMO.AOS.groundwater.well.002","COMO.W2.20180529.FIL","A00000018363","2018-05-29T16:35Z","2018-05-29T16:35Z","EcoCore_CSU","CO3",0.0050,"milligramsPerLiter",7.9,,1,"formatChange","GOOD"
"19adb2b1-96ef-4e05-8f11-f16c652c1ffe","D13","COMO","COMO.AOS.groundwater.well.002","COMO.W2.20180529.FIL","A00000018363","2018-05-29T16:35Z","2018-05-29T16:35Z","EcoCore_CSU","TDS",15.9900,"milligramsPerLiter",7.9,,1,"formatChange","GOOD"
"28f7d795-d96a-4563-85c8-f64aa49d14c7","D13","COMO","COMO.AOS.groundwater.well.002","COMO.W2.20180529.PCN","A00000018378","2018-05-29T16:35Z","2018-05-29T16:35Z","EcoCore_CSU","TPC",0.3399,"milligram",7.9,,1,"formatChange","GOOD"
"837bae7e-7efd-48c4-8a3a-5ee55c9a84ba","D13","COMO","COMO.AOS.groundwater.well.002","COMO.W2.20180529.FIL","A00000018363","2018-05-29T16:35Z","2018-05-29T16:35Z","EcoCore_CSU","Br",0.0050,"milligramsPerLiter",7.9,,1,"formatChange","GOOD"
"80abad8b-4180-422b-a3d3-e4a8e88ca19d","D13","COMO","COMO.AOS.groundwater.well.002","COMO.W2.20180529.FIL","A00000018363","2018-05-29T16:35Z","2018-05-29T16:35Z","EcoCore_CSU","Ortho - P",0.0210,"milligramsPerLiter",7.9,,1,"formatChange","GOOD"
"ff0de11c-b954-4e1a-9fbc-d40ae80756b2","D13","COMO","COMO.AOS.groundwater.well.002","COMO.W2.20180529.FIL","A00000018363","2018-05-29T16:35Z","2018-05-29T16:35Z","EcoCore_CSU","TDP",0.0084,"milligramsPerLiter",7.9,,1,"formatChange","GOOD"
"0759c84c-1108-4f5c-9398-568c997bed90","D13","COMO","COMO.AOS.groundwater.well.003","COMO.W3.20180529.RAW","A00000018367","2018-05-29T17:30Z","2018-05-29T17:30Z","EcoCore_CSU","TSS - Dry Mass",29600.0000,"microgram",7.9,,1,"formatChange","GOOD"
"9d5ca5f4-bda8-4377-8119-8c164b2e89f8","D13","COMO","COMO.AOS.groundwater.well.003","COMO.W3.20180529.RAW","A00000018367","2018-05-29T17:30Z","2018-05-29T17:30Z","EcoCore_CSU","TP",0.2430,"milligramsPerLiter",7.9,,1,"formatChange","GOOD"
"d647c9e4-4662-4824-8744-b4c2ea935c1b","D13","COMO","COMO.AOS.groundwater.well.003","COMO.W3.20180529.FIL","A00000018364","2018-05-29T17:30Z","2018-05-29T17:30Z","EcoCore_CSU","Ortho - P",0.0630,"milligramsPerLiter",7.9,,1,"formatChange","GOOD"
"c3335686-2db5-4594-b688-47a82f177872","D13","COMO","COMO.AOS.groundwater.well.003","COMO.W3.20180529.FIL","A00000018364","2018-05-29T17:30Z","2018-05-29T17:30Z","EcoCore_CSU","NO3+NO2 - N",0.0098,"milligramsPerLiter",7.9,,1,"formatChange","GOOD"
"b78d61b8-525e-4729-a606-55337edbf828","D13","COMO","COMO.AOS.groundwater.well.003","COMO.W3.20180529.RAW","A00000018367","2018-05-29T17:30Z","2018-05-29T17:30Z","EcoCore_CSU","ANC",0.3110,"milliequivalentsPerLiter",7.9,,1,"formatChange","GOOD"
"9f545c17-5843-44a4-9a17-c31bfa7abb3d","D13","COMO","COMO.AOS.groundwater.well.003","COMO.W3.20180529.FIL","A00000018364","2018-05-29T17:30Z","2018-05-29T17:30Z","EcoCore_CSU","Mg",0.5000,"milligramsPerLiter",7.9,,1,"formatChange","GOOD"
"764a708d-cff2-40bc-9634-101f1cc01bcb","D13","COMO","COMO.AOS.groundwater.well.003","COMO.W3.20180529.RAW","A00000018367","2018-05-29T17:30Z","2018-05-29T17:30Z","EcoCore_CSU","conductivity",95.1900,"microsiemensPerCentimeter",7.9,,1,"formatChange","GOOD"
"caef80d7-c9e8-4c59-84ce-875ccc06706c","D13","COMO","COMO.AOS.groundwater.well.003","COMO.W3.20180529.FIL","A00000018364","2018-05-29T17:30Z","2018-05-29T17:30Z","EcoCore_CSU","Br",0.0050,"milligramsPerLiter",7.9,,1,"formatChange","GOOD"
"1290f6b3-558c-4f5f-9357-cc037f08d2a7","D13","COMO","COMO.AOS.groundwater.well.003","COMO.W3.20180529.FIL","A00000018364","2018-05-29T17:30Z","2018-05-29T17:30Z","EcoCore_CSU","TDN",0.5162,"milligramsPerLiter",7.9,,1,"formatChange","GOOD"
"b5ffab25-1e63-4ec4-adaf-95163acb78d2","D13","COMO","COMO.AOS.groundwater.well.003","COMO.W3.20180529.FIL","A00000018364","2018-05-29T17:30Z","2018-05-29T17:30Z","EcoCore_CSU","DOC",6.4440,"milligramsPerLiter",7.9,,1,"formatChange","GOOD"
"bd677012-67c9-4de8-af48-610b77a09361","D13","COMO","COMO.AOS.groundwater.well.003","COMO.W3.20180529.RAW","A00000018367","2018-05-29T17:30Z","2018-05-29T17:30Z","EcoCore_CSU","TSS",592.0000,"milligramsPerLiter",7.9,,1,"formatChange","GOOD"
"eaebf08c-a335-47d6-918c-d2d37a62a440","D13","COMO","COMO.AOS.groundwater.well.003","COMO.W3.20180529.FIL","A00000018364","2018-05-29T17:30Z","2018-05-29T17:30Z","EcoCore_CSU","Ca",2.1627,"milligramsPerLiter",7.9,,1,"formatChange","GOOD"
"15b35cd1-eba7-4a46-81f3-9021dcecefe5","D13","COMO","COMO.AOS.groundwater.well.003","COMO.W3.20180529.RAW","A00000018367","2018-05-29T17:30Z","2018-05-29T17:30Z","EcoCore_CSU","TN",0.7437,"milligramsPerLiter",7.9,,1,"formatChange","GOOD"
"2472cefd-c9ca-4bae-b78c-e820ebc7be55","D13","COMO","COMO.AOS.groundwater.well.003","COMO.W3.20180529.FIL","A00000018364","2018-05-29T17:30Z","2018-05-29T17:30Z","EcoCore_CSU","UV Absorbance (250 nm)",0.0162,,7.9,,1,"formatChange","GOOD"
"16922b4d-9068-4fa8-abf4-2a5f2ecb1322","D13","COMO","COMO.AOS.groundwater.well.003","COMO.W3.20180529.RAW","A00000018367","2018-05-29T17:30Z","2018-05-29T17:30Z","EcoCore_CSU","pH",6.7200,"pH",7.9,,1,"formatChange","GOOD"
"a6734295-0460-407a-9776-0a34e5ae806c","D13","COMO","COMO.AOS.groundwater.well.003","COMO.W3.20180529.FIL","A00000018364","2018-05-29T17:30Z","2018-05-29T17:30Z","EcoCore_CSU","Fe",0.2586,"milligramsPerLiter",7.9,,1,"formatChange","GOOD"
"d4689918-41e0-44d2-879b-eed96c68304c","D13","COMO","COMO.AOS.groundwater.well.003","COMO.W3.20180529.PCN","A00000018379","2018-05-29T17:30Z","2018-05-29T17:30Z","EcoCore_CSU","TPN",0.0323,"milligram",7.9,,1,"formatChange","GOOD"
"50d3c12a-0e80-4f18-b2fa-918ac6f83802","D13","COMO","COMO.AOS.groundwater.well.003","COMO.W3.20180529.FIL","A00000018364","2018-05-29T17:30Z","2018-05-29T17:30Z","EcoCore_CSU","F",3.9102,"milligramsPerLiter",7.9,,1,"formatChange","GOOD"
"3c1f00fe-0fed-4075-94a0-99621f1425d0","D13","COMO","COMO.AOS.groundwater.well.003","COMO.W3.20180529.FIL","A00000018364","2018-05-29T17:30Z","2018-05-29T17:30Z","EcoCore_CSU","TDS",67.1800,"milligramsPerLiter",7.9,,1,"formatChange","GOOD"
"d546d2da-a4ff-4bed-a37a-befbc7a95b13","D13","COMO","COMO.AOS.groundwater.well.003","COMO.W3.20180529.FIL","A00000018364","2018-05-29T17:30Z","2018-05-29T17:30Z","EcoCore_CSU","Na",15.3700,"milligramsPerLiter",7.9,,1,"formatChange","GOOD"
"6b86bdad-bb80-43a3-9fb6-a17af221966c","D13","COMO","COMO.AOS.groundwater.well.003","COMO.W3.20180529.RAW","A00000018367","2018-05-29T17:30Z","2018-05-29T17:30Z","EcoCore_CSU","TOC",14.2600,"milligramsPerLiter",7.9,,1,"formatChange","GOOD"
"11381e80-ce95-4833-8593-59a3442a32a4","D13","COMO","COMO.AOS.groundwater.well.003","COMO.W3.20180529.FIL","A00000018364","2018-05-29T17:30Z","2018-05-29T17:30Z","EcoCore_CSU","UV Absorbance (280 nm)",1.2888,,7.9,,1,"formatChange","GOOD"
"648d2c6b-4e64-4c37-8850-3f7da998e375","D13","COMO","COMO.AOS.groundwater.well.003","COMO.W3.20180529.FIL","A00000018364","2018-05-29T17:30Z","2018-05-29T17:30Z","EcoCore_CSU","CO3",0.0050,"milligramsPerLiter",7.9,,1,"formatChange","GOOD"
"1382a940-f960-414e-bd3f-8959258c8703","D13","COMO","COMO.AOS.groundwater.well.003","COMO.W3.20180529.FIL","A00000018364","2018-05-29T17:30Z","2018-05-29T17:30Z","EcoCore_CSU","Si",6.4799,"milligramsPerLiter",7.9,,1,"formatChange","GOOD"
"af1dd6c2-f772-4e7c-bff1-9df226375e1d","D13","COMO","COMO.AOS.groundwater.well.003","COMO.W3.20180529.PCN","A00000018379","2018-05-29T17:30Z","2018-05-29T17:30Z","EcoCore_CSU","TPC",0.4431,"milligram",7.9,,1,"formatChange","GOOD"
"05b451a5-93db-4378-8563-57dd22e4f081","D13","COMO","COMO.AOS.groundwater.well.003","COMO.W3.20180529.FIL","A00000018364","2018-05-29T17:30Z","2018-05-29T17:30Z","EcoCore_CSU","HCO3",16.8500,"milligramsPerLiter",7.9,,1,"formatChange","GOOD"
"cb1e9ece-db51-4125-a0d0-893d0cbc26f7","D13","COMO","COMO.AOS.groundwater.well.003","COMO.W3.20180529.FIL","A00000018364","2018-05-29T17:30Z","2018-05-29T17:30Z","EcoCore_CSU","K",0.2130,"milligramsPerLiter",7.9,,1,"formatChange","GOOD"
"5dfe21a4-9f8a-4133-8ee1-a4e2eedf0b13","D13","COMO","COMO.AOS.groundwater.well.003","COMO.W3.20180529.FIL","A00000018364","2018-05-29T17:30Z","2018-05-29T17:30Z","EcoCore_CSU","SO4",2.0580,"milligramsPerLiter",7.9,,1,"formatChange","GOOD"
"abe5db57-e770-4e2d-a681-ec9d3c8dbb1f","D13","COMO","COMO.AOS.groundwater.well.003","COMO.W3.20180529.FIL","A00000018364","2018-05-29T17:30Z","2018-05-29T17:30Z","EcoCore_CSU","Mn",0.0005,"milligramsPerLiter",7.9,,1,"formatChange","GOOD"
"6b1652cc-144e-4aa1-b9f3-909b075fa8c6","D13","COMO","COMO.AOS.groundwater.well.003","COMO.W3.20180529.FIL","A00000018364","2018-05-29T17:30Z","2018-05-29T17:30Z","EcoCore_CSU","NH4 - N",0.0956,"milligramsPerLiter",7.9,,1,"formatChange","GOOD"
"8d3cf456-2467-461f-b2c9-806e0da1961e","D13","COMO","COMO.AOS.groundwater.well.003","COMO.W3.20180529.FIL","A00000018364","2018-05-29T17:30Z","2018-05-29T17:30Z","EcoCore_CSU","DIC",13.2000,"milligramsPerLiter",7.9,,1,"formatChange","GOOD"
"56f5c460-e785-45f2-be7f-3adf1e432fde","D13","COMO","COMO.AOS.groundwater.well.003","COMO.W3.20180529.FIL","A00000018364","2018-05-29T17:30Z","2018-05-29T17:30Z","EcoCore_CSU","NO2 - N",0.0190,"milligramsPerLiter",7.9,,1,"formatChange","GOOD"
"16abeed6-6efb-4da9-bf62-b996f02708f8","D13","COMO","COMO.AOS.groundwater.well.003","COMO.W3.20180529.FIL","A00000018364","2018-05-29T17:30Z","2018-05-29T17:30Z","EcoCore_CSU","Cl",6.5200,"milligramsPerLiter",7.9,,1,"formatChange","GOOD"
"8f09efd2-267a-43cb-866a-084c6e38cc2b","D13","COMO","COMO.AOS.groundwater.well.003","COMO.W3.20180529.FIL","A00000018364","2018-05-29T17:30Z","2018-05-29T17:30Z","EcoCore_CSU","TDP",0.1596,"milligramsPerLiter",7.9,,1,"formatChange","GOOD"
"647198a6-a638-4bfa-86ec-e7897789861c","D13","COMO","COMO.AOS.groundwater.well.004","COMO.W4.20180529.FIL","A00000018369","2018-05-29T18:39Z","2018-05-29T18:39Z","EcoCore_CSU","NH4 - N",0.0164,"milligramsPerLiter",7.9,,1,"formatChange","GOOD"
"75715299-adf6-43c2-9e02-8272ec76793d","D13","COMO","COMO.AOS.groundwater.well.004","COMO.W4.20180529.FIL","A00000018369","2018-05-29T18:39Z","2018-05-29T18:39Z","EcoCore_CSU","Na",1.8200,"milligramsPerLiter",7.9,,1,"formatChange","GOOD"
"f456aba9-ae81-4440-9766-4e7753c8c418","D13","COMO","COMO.AOS.groundwater.well.004","COMO.W4.20180529.FIL","A00000018369","2018-05-29T18:39Z","2018-05-29T18:39Z","EcoCore_CSU","HCO3",365.1700,"milligramsPerLiter",7.9,,1,"formatChange","GOOD"
"d512ff7f-8be2-4501-a713-2812c7b9988f","D13","COMO","COMO.AOS.groundwater.well.004","COMO.W4.20180529.PCN","A00000018380","2018-05-29T18:39Z","2018-05-29T18:39Z","EcoCore_CSU","TPN",0.0572,"milligram",7.9,,1,"formatChange","GOOD"
"efda31c4-b5d9-4436-932a-aad234d29076","D13","COMO","COMO.AOS.groundwater.well.004","COMO.W4.20180529.FIL","A00000018369","2018-05-29T18:39Z","2018-05-29T18:39Z","EcoCore_CSU","NO2 - N",0.0138,"milligramsPerLiter",7.9,,1,"formatChange","GOOD"
"28499505-fb51-4687-a590-912f935b7f77","D13","COMO","COMO.AOS.groundwater.well.004","COMO.W4.20180529.FIL","A00000018369","2018-05-29T18:39Z","2018-05-29T18:39Z","EcoCore_CSU","TDP",0.0005,"milligramsPerLiter",7.9,,1,"formatChange","GOOD"
"4ae07a7a-906b-4f39-8c77-1dcb6cff04e5","D13","COMO","COMO.AOS.groundwater.well.004","COMO.W4.20180529.RAW","A00000018368","2018-05-29T18:39Z","2018-05-29T18:39Z","EcoCore_CSU","pH",5.9700,"pH",7.9,,1,"formatChange","GOOD"
"f0b9966d-3af5-43ac-b919-d7ef9a6c99b2","D13","COMO","COMO.AOS.groundwater.well.004","COMO.W4.20180529.FIL","A00000018369","2018-05-29T18:39Z","2018-05-29T18:39Z","EcoCore_CSU","DIC",5.2520,"milligramsPerLiter",7.9,,1,"formatChange","GOOD"
"e094477c-1585-48ed-83bf-81dd1ea9cb52","D13","COMO","COMO.AOS.groundwater.well.004","COMO.W4.20180529.FIL","A00000018369","2018-05-29T18:39Z","2018-05-29T18:39Z","EcoCore_CSU","Mn",0.0033,"milligramsPerLiter",7.9,,1,"formatChange","GOOD"
"3eb69ef9-bb7c-43c5-8f3b-45dee8d653a0","D13","COMO","COMO.AOS.groundwater.well.004","COMO.W4.20180529.FIL","A00000018369","2018-05-29T18:39Z","2018-05-29T18:39Z","EcoCore_CSU","Mg",33.6384,"milligramsPerLiter",7.9,,1,"formatChange","GOOD"
"d6544b45-f62e-45eb-a3f2-a2789349299b","D13","COMO","COMO.AOS.groundwater.well.004","COMO.W4.20180529.FIL","A00000018369","2018-05-29T18:39Z","2018-05-29T18:39Z","EcoCore_CSU","F",0.0050,"milligramsPerLiter",7.9,,1,"formatChange","GOOD"
"3b9c33ac-0583-4930-9072-aa831e2aa0a5","D13","COMO","COMO.AOS.groundwater.well.004","COMO.W4.20180529.FIL","A00000018369","2018-05-29T18:39Z","2018-05-29T18:39Z","EcoCore_CSU","Ortho - P",0.0160,"milligramsPerLiter",7.9,,1,"formatChange","GOOD"
"51443f85-9320-472b-90a2-b6cfc34041a3","D13","COMO","COMO.AOS.groundwater.well.004","COMO.W4.20180529.FIL","A00000018369","2018-05-29T18:39Z","2018-05-29T18:39Z","EcoCore_CSU","UV Absorbance (280 nm)",1.9089,,7.9,,1,"formatChange","GOOD"
"cc8b8933-11ef-4ecf-a11b-bb8584600344","D13","COMO","COMO.AOS.groundwater.well.004","COMO.W4.20180529.RAW","A00000018368","2018-05-29T18:39Z","2018-05-29T18:39Z","EcoCore_CSU","TP",0.0000,"milligramsPerLiter",7.9,,1,"formatChange","GOOD"
"5b299165-4cc2-46f9-be19-a13620df4af2","D13","COMO","COMO.AOS.groundwater.well.004","COMO.W4.20180529.FIL","A00000018369","2018-05-29T18:39Z","2018-05-29T18:39Z","EcoCore_CSU","DOC",4.1050,"milligramsPerLiter",7.9,,1,"formatChange","GOOD"
"8f1aa47b-52a0-4e15-ac33-db8d38591568","D13","COMO","COMO.AOS.groundwater.well.004","COMO.W4.20180529.FIL","A00000018369","2018-05-29T18:39Z","2018-05-29T18:39Z","EcoCore_CSU","NO3+NO2 - N",0.0035,"milligramsPerLiter",7.9,,1,"formatChange","GOOD"
"d8c5b144-e1d3-438c-9fe2-d3da6c24afc8","D13","COMO","COMO.AOS.groundwater.well.004","COMO.W4.20180529.FIL","A00000018369","2018-05-29T18:39Z","2018-05-29T18:39Z","EcoCore_CSU","Cl",15.3377,"milligramsPerLiter",7.9,,1,"formatChange","GOOD"
"a550f706-d9f7-4244-bb10-723752b2a705","D13","COMO","COMO.AOS.groundwater.well.004","COMO.W4.20180529.FIL","A00000018369","2018-05-29T18:39Z","2018-05-29T18:39Z","EcoCore_CSU","CO3",0.0050,"milligramsPerLiter",7.9,,1,"formatChange","GOOD"
"4bf62bf0-c988-4672-8d20-1c64bdee06f5","D13","COMO","COMO.AOS.groundwater.well.004","COMO.W4.20180529.RAW","A00000018368","2018-05-29T18:39Z","2018-05-29T18:39Z","EcoCore_CSU","TOC",4.2030,"milligramsPerLiter",7.9,,1,"formatChange","GOOD"
"d3be7a5a-9923-4ef3-a0e7-61f21baed17d","D13","COMO","COMO.AOS.groundwater.well.004","COMO.W4.20180529.FIL","A00000018369","2018-05-29T18:39Z","2018-05-29T18:39Z","EcoCore_CSU","TDS",25.0800,"milligramsPerLiter",7.9,,1,"formatChange","GOOD"
"01785e0b-aeed-4e4f-aae2-d45b72bb970d","D13","COMO","COMO.AOS.groundwater.well.004","COMO.W4.20180529.PCN","A00000018380","2018-05-29T18:39Z","2018-05-29T18:39Z","EcoCore_CSU","TPC",0.2928,"milligram",7.9,,1,"formatChange","GOOD"
"843d4cd2-ad5f-460c-ad0d-1854d9b6e191","D13","COMO","COMO.AOS.groundwater.well.004","COMO.W4.20180529.FIL","A00000018369","2018-05-29T18:39Z","2018-05-29T18:39Z","EcoCore_CSU","UV Absorbance (250 nm)",0.0886,,7.9,,1,"formatChange","GOOD"
"75bbca97-b159-4058-ac55-e490840caa51","D13","COMO","COMO.AOS.groundwater.well.004","COMO.W4.20180529.FIL","A00000018369","2018-05-29T18:39Z","2018-05-29T18:39Z","EcoCore_CSU","K",1.1409,"milligramsPerLiter",7.9,,1,"formatChange","GOOD"
"e26701df-c445-4b5b-84aa-feb6da9d55e2","D13","COMO","COMO.AOS.groundwater.well.004","COMO.W4.20180529.RAW","A00000018368","2018-05-29T18:39Z","2018-05-29T18:39Z","EcoCore_CSU","TN",0.3053,"milligramsPerLiter",7.9,,1,"formatChange","GOOD"
"a1372add-e200-47fd-b51e-bfb8a3231244","D13","COMO","COMO.AOS.groundwater.well.004","COMO.W4.20180529.FIL","A00000018369","2018-05-29T18:39Z","2018-05-29T18:39Z","EcoCore_CSU","Ca",75.0941,"milligramsPerLiter",7.9,,1,"formatChange","GOOD"
"01bca228-b88b-410e-b61c-0dd148a06e96","D13","COMO","COMO.AOS.groundwater.well.004","COMO.W4.20180529.FIL","A00000018369","2018-05-29T18:39Z","2018-05-29T18:39Z","EcoCore_CSU","SO4",6.5125,"milligramsPerLiter",7.9,,1,"formatChange","GOOD"
"f1ba6aeb-e165-467f-9149-669c0dade2cf","D13","COMO","COMO.AOS.groundwater.well.004","COMO.W4.20180529.FIL","A00000018369","2018-05-29T18:39Z","2018-05-29T18:39Z","EcoCore_CSU","Fe",0.0005,"milligramsPerLiter",7.9,,1,"formatChange","GOOD"
"467ca050-1cd3-4302-92f2-31eb927d051d","D13","COMO","COMO.AOS.groundwater.well.004","COMO.W4.20180529.RAW","A00000018368","2018-05-29T18:39Z","2018-05-29T18:39Z","EcoCore_CSU","TSS",148.0000,"milligramsPerLiter",7.9,,1,"formatChange","GOOD"
"0e9f2ea7-8353-4342-bf99-4819c151002c","D13","COMO","COMO.AOS.groundwater.well.004","COMO.W4.20180529.RAW","A00000018368","2018-05-29T18:39Z","2018-05-29T18:39Z","EcoCore_CSU","ANC",6.0800,"milliequivalentsPerLiter",7.9,,1,"formatChange","GOOD"
"cc40b142-8411-4746-9995-29348393c245","D13","COMO","COMO.AOS.groundwater.well.004","COMO.W4.20180529.RAW","A00000018368","2018-05-29T18:39Z","2018-05-29T18:39Z","EcoCore_CSU","TSS - Dry Mass",7400.0000,"microgram",7.9,,1,"formatChange","GOOD"
"f150fac9-9102-4419-80ed-9173fdc34494","D13","COMO","COMO.AOS.groundwater.well.004","COMO.W4.20180529.FIL","A00000018369","2018-05-29T18:39Z","2018-05-29T18:39Z","EcoCore_CSU","TDN",0.3760,"milligramsPerLiter",7.9,,1,"formatChange","GOOD"
"f6f6acaf-272d-468e-90b6-1f66369cbfe5","D13","COMO","COMO.AOS.groundwater.well.004","COMO.W4.20180529.RAW","A00000018368","2018-05-29T18:39Z","2018-05-29T18:39Z","EcoCore_CSU","conductivity",35.4900,"microsiemensPerCentimeter",7.9,,1,"formatChange","GOOD"
"f95e1e82-e92e-4249-a9c3-c2e783085fb2","D13","COMO","COMO.AOS.groundwater.well.004","COMO.W4.20180529.FIL","A00000018369","2018-05-29T18:39Z","2018-05-29T18:39Z","EcoCore_CSU","Si",3.6812,"milligramsPerLiter",7.9,,1,"formatChange","GOOD"
"d7b37afe-e4db-45d8-ac74-c53756a048c1","D13","COMO","COMO.AOS.groundwater.well.004","COMO.W4.20180529.FIL","A00000018369","2018-05-29T18:39Z","2018-05-29T18:39Z","EcoCore_CSU","Br",0.0050,"milligramsPerLiter",7.9,,1,"formatChange","GOOD"
