uid,domainID,siteID,namedLocation,decimalLatitude,decimalLongitude,coordinateUncertainty,elevation,elevationUncertainty,geodeticDatum,collectDate,aquaticSiteType,samplingImpractical,waterChemSamplesCollected,adequateSampleVol,parentSampleID,eventID,swcSamplingProtocolVersion,sampleExtractionMethod,samplerType,totalWellDepth,wellWaterDepth,waterColumnHeight,sampleDepth,purgeAverageDischargeRate,purgeTime,gwWellStabilized,purgeDryDateTime,pumpPlacementDate,screenedIntervalDepth,maxAllowableDrawdown,actualDrawdown,MADExceeded,wellVolumePurged,probeIDUnavailable,dissolvedOxygen,dissolvedOxygenSaturation,specificConductance,waterTemp,pH,waterClarityDescrip,waterColorDescrip,aCollectedBy,bCollectedBy,remarks
"c3d9444e-29db-4783-9744-a15b68d81043","D13","COMO","COMO.AOS.groundwater.well.001",40.035039,-105.544811,0.1,3027.6,0.0,"WGS84","2018-05-29T15:42Z","stream",,,,"COMO.W1.20180529","COMO.20180529","NEON.DOC.002905vE","low-flow","Groundwater Pump",2.5,1.5,1.0,2.0,,,,,,,,,,5.5,,2.29,17.00,27.80,3.50,,"clear","brown","Jswenson@battelleecology.org","rlehrter@battelleecology.org",
"5582fd7d-21fb-4120-8d18-f022ffbcfb67","D13","COMO","COMO.AOS.groundwater.well.002",40.035081,-105.545205,0.1,3029.5,0.0,"WGS84","2018-05-29T16:35Z","stream",,,,"COMO.W2.20180529","COMO.20180529","NEON.DOC.002905vE","low-flow","Groundwater Pump",2.3,1.3,1.0,1.8,,,,,,,,,,2.1,,4.05,29.70,30.30,3.40,,"opaque","brown","rlehrter@battelleecology.org","Jswenson@battelleecology.org",
"3d49ff7c-1e3c-49f8-801f-a6937279fa36","D13","COMO","COMO.AOS.groundwater.well.003",40.034929,-105.544872,0.1,3027.6,0.0,"WGS84","2018-05-29T17:30Z","stream",,,,"COMO.W3.20180529","COMO.20180529","NEON.DOC.002905vE","low-flow","Groundwater Pump",1.9,0.9,0.9,1.4,,,,,,,,,,2.3,,0.91,7.00,80.60,3.00,,"opaque","brown","rlehrter@battelleecology.org","Jswenson@battelleecology.org",
"1ac856eb-f0b5-408f-a031-1c514ca46e00","D13","COMO","COMO.AOS.groundwater.well.004",40.034756,-105.544637,0.1,3027.1,0.0,"WGS84","2018-05-29T18:39Z","stream",,,,"COMO.W4.20180529","COMO.20180529","NEON.DOC.002905vE","low-flow","Groundwater Pump",2.7,1.3,1.4,2.2,,,,,,,,,,1.9,,3.20,23.30,31.80,2.30,,"cloudy","brown","rlehrter@battelleecology.org","Jswenson@battelleecology.org",
