uid,domainID,siteID,namedLocation,collectDate,titrationDate,parentSampleID,domainSampleID,remarks,measuredBy,alkMeqPerL,alkMgPerL,ancMeqPerL,ancMgPerL
"74c70f11-94d7-4582-9523-0a8d81c5bee8","D13","COMO","COMO.AOS.groundwater.well.001","2018-05-29T15:42Z","2018-05-29T23:37Z","COMO.W1.20180529","COMO.W1.20180529.ALK",,"jroquemore@battelleecology.org",0.240,12.000,,
"468d2103-9692-4f4e-9768-998420a920d8","D13","COMO","COMO.AOS.groundwater.well.002","2018-05-29T16:35Z","2018-05-29T23:11Z","COMO.W2.20180529","COMO.W2.20180529.ALK",,"rlehrter@battelleecology.org",0.150,7.320,,
"e08e8c6c-06dd-4c45-ab42-af90c2b7e5b5","D13","COMO","COMO.AOS.groundwater.well.003","2018-05-29T17:30Z","2018-05-29T23:51Z","COMO.W3.20180529","COMO.W3.20180529.ALK",,"rlehrter@battelleecology.org",1.050,52.300,,
"38496dbb-b9e6-4705-9042-ec18792f8322","D13","COMO","COMO.AOS.groundwater.well.004","2018-05-29T18:39Z","2018-05-30T00:00Z","COMO.W4.20180529","COMO.W4.20180529.ALK",,"jroquemore@battelleecology.org",0.230,11.700,,
