uid,domainID,siteID,namedLocation,sampleID,sampleCode,startDate,collectDate,laboratoryName,analyte,analyteConcentration,analyteUnits,coolerTemp,remarks,shipmentWarmQF,externalLabDataQF,sampleCondition
"151acdfe-8855-4974-9445-ea8e5cac00a3","D07","WALK","WALK.AOS.groundwater.well.002","WALK.W2.20170705.FIL",,"2017-07-05T14:15Z","2017-07-05T14:15Z","EcoCore_CSU","K",0.9350,"milligramsPerLiter",7.5,,1,"formatChange","GOOD"
"7f3c3f43-2ed4-44b9-83a9-49a7d22e0839","D07","WALK","WALK.AOS.groundwater.well.002","WALK.W2.20170705.RAW",,"2017-07-05T14:15Z","2017-07-05T14:15Z","EcoCore_CSU","ANC",2.6200,"milliequivalentsPerLiter",7.5,,1,"formatChange","GOOD"
"0b50e576-e8bd-4c02-9768-01ef19ef319b","D07","WALK","WALK.AOS.groundwater.well.002","WALK.W2.20170705.FIL",,"2017-07-05T14:15Z","2017-07-05T14:15Z","EcoCore_CSU","Mg",12.4340,"milligramsPerLiter",7.5,,1,"formatChange","GOOD"
"18da5594-aa85-4a2d-85f0-959c7ec9dd41","D07","WALK","WALK.AOS.groundwater.well.002","WALK.W2.20170705.FIL",,"2017-07-05T14:15Z","2017-07-05T14:15Z","EcoCore_CSU","Ortho - P",0.0230,"milligramsPerLiter",7.5,,1,"formatChange","GOOD"
"b1c5d838-26ee-4d90-b557-cbc31d69fbba","D07","WALK","WALK.AOS.groundwater.well.002","WALK.W2.20170705.FIL",,"2017-07-05T14:15Z","2017-07-05T14:15Z","EcoCore_CSU","Si",4.3049,"milligramsPerLiter",7.5,,1,"formatChange","GOOD"
"a86b8d15-2c80-4aae-bc69-63e8fe85619e","D07","WALK","WALK.AOS.groundwater.well.002","WALK.W2.20170705.FIL",,"2017-07-05T14:15Z","2017-07-05T14:15Z","EcoCore_CSU","DIC",33.6300,"milligramsPerLiter",7.5,,1,"formatChange","GOOD"
"b99815ab-3338-418d-a479-551f67e83a47","D07","WALK","WALK.AOS.groundwater.well.002","WALK.W2.20170705.FIL",,"2017-07-05T14:15Z","2017-07-05T14:15Z","EcoCore_CSU","Cl",0.9356,"milligramsPerLiter",7.5,,1,"formatChange","GOOD"
"8096a30b-de68-40ac-baa8-825b780f8e80","D07","WALK","WALK.AOS.groundwater.well.002","WALK.W2.20170705.FIL",,"2017-07-05T14:15Z","2017-07-05T14:15Z","EcoCore_CSU","DOC",0.6865,"milligramsPerLiter",7.5,,1,"formatChange","GOOD"
"6a8babde-79e8-4b04-8d86-87718bf1432e","D07","WALK","WALK.AOS.groundwater.well.002","WALK.W2.20170705.RAW",,"2017-07-05T14:15Z","2017-07-05T14:15Z","EcoCore_CSU","TP",0.0110,"milligramsPerLiter",7.5,,1,"formatChange","GOOD"
"49317ab3-a972-401e-b3bd-976f0460ffee","D07","WALK","WALK.AOS.groundwater.well.002","WALK.W2.20170705.FIL",,"2017-07-05T14:15Z","2017-07-05T14:15Z","EcoCore_CSU","SO4",2.2108,"milligramsPerLiter",7.5,,1,"formatChange","GOOD"
"233562f2-cf94-496c-8de9-3c5d1f7419a0","D07","WALK","WALK.AOS.groundwater.well.002","WALK.W2.20170705.RAW",,"2017-07-05T14:15Z","2017-07-05T14:15Z","EcoCore_CSU","TSS",14.0000,"milligramsPerLiter",7.5,,1,"formatChange","GOOD"
"93e47baf-9015-4a38-95f0-b29b45cf8c5a","D07","WALK","WALK.AOS.groundwater.well.002","WALK.W2.20170705.FIL",,"2017-07-05T14:15Z","2017-07-05T14:15Z","EcoCore_CSU","NO2 - N",0.0110,"milligramsPerLiter",7.5,,1,"formatChange","GOOD"
"f7f550c2-5c16-467b-a514-92246a4dd575","D07","WALK","WALK.AOS.groundwater.well.002","WALK.W2.20170705.FIL",,"2017-07-05T14:15Z","2017-07-05T14:15Z","EcoCore_CSU","NO3+NO2 - N",0.0250,"milligramsPerLiter",7.5,,1,"formatChange","GOOD"
"c60431cb-a69d-48a6-a0bf-0fb10f77a61b","D07","WALK","WALK.AOS.groundwater.well.002","WALK.W2.20170705.FIL",,"2017-07-05T14:15Z","2017-07-05T14:15Z","EcoCore_CSU","Na",0.8884,"milligramsPerLiter",7.5,,1,"formatChange","GOOD"
"293542d7-5fc9-4c9d-8cf0-ab95eb0c6ded","D07","WALK","WALK.AOS.groundwater.well.002","WALK.W2.20170705.PCN",,"2017-07-05T14:15Z","2017-07-05T14:15Z","EcoCore_CSU","TPC",0.2582,"milligram",7.5,,1,"formatChange","GOOD"
"67d7af63-154b-4d8c-9409-6a6ecb02a69e","D07","WALK","WALK.AOS.groundwater.well.002","WALK.W2.20170705.RAW",,"2017-07-05T14:15Z","2017-07-05T14:15Z","EcoCore_CSU","TOC",0.7205,"milligramsPerLiter",7.5,,1,"formatChange","GOOD"
"9fea8c90-f1d8-4279-ba4c-14efbb5fccb2","D07","WALK","WALK.AOS.groundwater.well.002","WALK.W2.20170705.FIL",,"2017-07-05T14:15Z","2017-07-05T14:15Z","EcoCore_CSU","F",0.0050,"milligramsPerLiter",7.5,,1,"formatChange","GOOD"
"bcd3e6e8-bd59-4595-b266-9305d5aab2e0","D07","WALK","WALK.AOS.groundwater.well.002","WALK.W2.20170705.FIL",,"2017-07-05T14:15Z","2017-07-05T14:15Z","EcoCore_CSU","TDN",0.0589,"milligramsPerLiter",7.5,,1,"formatChange","GOOD"
"381c386b-b8e0-4096-9015-f0501218cb60","D07","WALK","WALK.AOS.groundwater.well.002","WALK.W2.20170705.RAW",,"2017-07-05T14:15Z","2017-07-05T14:15Z","EcoCore_CSU","TN",0.1123,"milligramsPerLiter",7.5,,1,"formatChange","GOOD"
"aa28135d-fc20-433e-9230-71065dc0cac5","D07","WALK","WALK.AOS.groundwater.well.002","WALK.W2.20170705.FIL",,"2017-07-05T14:15Z","2017-07-05T14:15Z","EcoCore_CSU","Br",0.0050,"milligramsPerLiter",7.5,,1,"formatChange","GOOD"
"de6a82b2-48f8-4eae-a271-6e237197f456","D07","WALK","WALK.AOS.groundwater.well.002","WALK.W2.20170705.FIL",,"2017-07-05T14:15Z","2017-07-05T14:15Z","EcoCore_CSU","NH4 - N",0.1080,"milligramsPerLiter",7.5,,1,"formatChange","GOOD"
"ecfdcca2-7510-4cf0-8353-efe5f857ce61","D07","WALK","WALK.AOS.groundwater.well.002","WALK.W2.20170705.FIL",,"2017-07-05T14:15Z","2017-07-05T14:15Z","EcoCore_CSU","Fe",0.0005,"milligramsPerLiter",7.5,,1,"formatChange","GOOD"
"78633f5b-2d24-4c1d-b2a9-3c54cbc96c53","D07","WALK","WALK.AOS.groundwater.well.002","WALK.W2.20170705.FIL",,"2017-07-05T14:15Z","2017-07-05T14:15Z","EcoCore_CSU","HCO3",158.4200,"milligramsPerLiter",7.5,,1,"formatChange","GOOD"
"2a6de64a-3d2c-43cd-a2da-51e2f953a246","D07","WALK","WALK.AOS.groundwater.well.002","WALK.W2.20170705.RAW",,"2017-07-05T14:15Z","2017-07-05T14:15Z","EcoCore_CSU","TSS - Dry Mass",1400.0000,"microgram",7.5,,1,"formatChange","GOOD"
"24a730de-198e-4346-a676-93e7f48c32f8","D07","WALK","WALK.AOS.groundwater.well.002","WALK.W2.20170705.FIL",,"2017-07-05T14:15Z","2017-07-05T14:15Z","EcoCore_CSU","Ca",31.3990,"milligramsPerLiter",7.5,,1,"formatChange","GOOD"
"d176f44e-d4ea-4efa-8d69-686d7e7bdbad","D07","WALK","WALK.AOS.groundwater.well.002","WALK.W2.20170705.FIL",,"2017-07-05T14:15Z","2017-07-05T14:15Z","EcoCore_CSU","TDP",0.0084,"milligramsPerLiter",7.5,,1,"formatChange","GOOD"
"f8487fc2-f3a2-4107-a2ca-61e5ba893945","D07","WALK","WALK.AOS.groundwater.well.002","WALK.W2.20170705.FIL",,"2017-07-05T14:15Z","2017-07-05T14:15Z","EcoCore_CSU","UV Absorbance (250 nm)",0.0136,,7.5,,1,"formatChange","GOOD"
"e5d2d29d-b0da-4b81-892d-11cd808eef49","D07","WALK","WALK.AOS.groundwater.well.002","WALK.W2.20170705.FIL",,"2017-07-05T14:15Z","2017-07-05T14:15Z","EcoCore_CSU","CO3",0.0000,"milligramsPerLiter",7.5,,1,"formatChange","GOOD"
"99a61f90-320e-4db6-82d2-639fc584dadb","D07","WALK","WALK.AOS.groundwater.well.002","WALK.W2.20170705.FIL",,"2017-07-05T14:15Z","2017-07-05T14:15Z","EcoCore_CSU","TDS",186.1000,"milligramsPerLiter",7.5,,1,"formatChange","GOOD"
"18c44c57-15ac-4f30-ac79-2521e8650037","D07","WALK","WALK.AOS.groundwater.well.002","WALK.W2.20170705.FIL",,"2017-07-05T14:15Z","2017-07-05T14:15Z","EcoCore_CSU","Mn",0.4426,"milligramsPerLiter",7.5,,1,"formatChange","GOOD"
"f847a0b2-a2c0-49ce-84fc-f0c32ba4a795","D07","WALK","WALK.AOS.groundwater.well.002","WALK.W2.20170705.RAW",,"2017-07-05T14:15Z","2017-07-05T14:15Z","EcoCore_CSU","pH",8.1600,"pH",7.5,,1,"formatChange","GOOD"
"47890731-e540-4b84-bbda-d0ea924bd320","D07","WALK","WALK.AOS.groundwater.well.002","WALK.W2.20170705.FIL",,"2017-07-05T14:15Z","2017-07-05T14:15Z","EcoCore_CSU","UV Absorbance (280 nm)",0.0150,,7.5,,1,"formatChange","GOOD"
"79573d96-8486-43e1-ae8e-4a05ba7c2991","D07","WALK","WALK.AOS.groundwater.well.002","WALK.W2.20170705.RAW",,"2017-07-05T14:15Z","2017-07-05T14:15Z","EcoCore_CSU","conductivity",287.7000,"microsiemensPerCentimeter",7.5,,1,"formatChange","GOOD"
"d39754ff-df6d-4944-82be-516e9f9dac35","D07","WALK","WALK.AOS.groundwater.well.002","WALK.W2.20170705.PCN",,"2017-07-05T14:15Z","2017-07-05T14:15Z","EcoCore_CSU","TPN",0.0692,"milligram",7.5,,1,"formatChange","GOOD"
"b62d141a-3e91-4954-9880-3abbca25267d","D07","WALK","WALK.AOS.groundwater.well.001","WALK.W1.20170706.FIL",,"2017-07-06T13:08Z","2017-07-06T13:08Z","EcoCore_CSU","Ortho - P",0.0430,"milligramsPerLiter",11.9,,1,"formatChange","GOOD"
"80372654-7f00-41ca-8b23-258573345e71","D07","WALK","WALK.AOS.groundwater.well.001","WALK.W1.20170706.FIL",,"2017-07-06T13:08Z","2017-07-06T13:08Z","EcoCore_CSU","UV Absorbance (280 nm)",0.0037,,11.9,,1,"formatChange","GOOD"
"f7d1a020-bbf4-4a4d-b290-029fbe7f70d9","D07","WALK","WALK.AOS.groundwater.well.001","WALK.W1.20170706.FIL",,"2017-07-06T13:08Z","2017-07-06T13:08Z","EcoCore_CSU","TDP",0.0108,"milligramsPerLiter",11.9,,1,"formatChange","GOOD"
"c1cf6e22-fef7-4e57-9fb1-98abca8b322b","D07","WALK","WALK.AOS.groundwater.well.001","WALK.W1.20170706.FIL",,"2017-07-06T13:08Z","2017-07-06T13:08Z","EcoCore_CSU","Cl",1.1391,"milligramsPerLiter",11.9,,1,"formatChange","GOOD"
"e3a64e09-1c1d-4dc8-9bdc-a2686f25fd55","D07","WALK","WALK.AOS.groundwater.well.001","WALK.W1.20170706.FIL",,"2017-07-06T13:08Z","2017-07-06T13:08Z","EcoCore_CSU","Ca",37.4430,"milligramsPerLiter",11.9,,1,"formatChange","GOOD"
"74c4f7a5-8293-4e77-84b8-35b8f6abfd53","D07","WALK","WALK.AOS.groundwater.well.001","WALK.W1.20170706.FIL",,"2017-07-06T13:08Z","2017-07-06T13:08Z","EcoCore_CSU","NO3+NO2 - N",0.0860,"milligramsPerLiter",11.9,,1,"formatChange","GOOD"
"9de96325-f5ee-4c4f-b157-4604e136edda","D07","WALK","WALK.AOS.groundwater.well.001","WALK.W1.20170706.FIL",,"2017-07-06T13:08Z","2017-07-06T13:08Z","EcoCore_CSU","UV Absorbance (250 nm)",0.0032,,11.9,,1,"formatChange","GOOD"
"8c562d33-72e9-4f47-a09b-28e52499c2ae","D07","WALK","WALK.AOS.groundwater.well.001","WALK.W1.20170706.RAW",,"2017-07-06T13:08Z","2017-07-06T13:08Z","EcoCore_CSU","TSS",20.0000,"milligramsPerLiter",11.9,,1,"formatChange","GOOD"
"3a224a3a-6d1c-487a-aeb6-e279f0df8d41","D07","WALK","WALK.AOS.groundwater.well.001","WALK.W1.20170706.PCN",,"2017-07-06T13:08Z","2017-07-06T13:08Z","EcoCore_CSU","TPN",-0.0048,"milligram",11.9,,1,"formatChange","GOOD"
"f2321c05-5795-4570-bbbc-885dd78b8cd4","D07","WALK","WALK.AOS.groundwater.well.001","WALK.W1.20170706.FIL",,"2017-07-06T13:08Z","2017-07-06T13:08Z","EcoCore_CSU","NH4 - N",0.0800,"milligramsPerLiter",11.9,,1,"formatChange","GOOD"
"896fc7de-9df0-44ce-9a9d-731a27561aa8","D07","WALK","WALK.AOS.groundwater.well.001","WALK.W1.20170706.RAW",,"2017-07-06T13:08Z","2017-07-06T13:08Z","EcoCore_CSU","TSS - Dry Mass",2000.0000,"microgram",11.9,,1,"formatChange","GOOD"
"ac80efdd-eac6-42f8-8ddc-c31d4cde0644","D07","WALK","WALK.AOS.groundwater.well.001","WALK.W1.20170706.RAW",,"2017-07-06T13:08Z","2017-07-06T13:08Z","EcoCore_CSU","pH",8.4400,"pH",11.9,,1,"formatChange","GOOD"
"58bcb49f-1046-4a0a-a8d6-739d0204cd17","D07","WALK","WALK.AOS.groundwater.well.001","WALK.W1.20170706.FIL",,"2017-07-06T13:08Z","2017-07-06T13:08Z","EcoCore_CSU","CO3",0.0000,"milligramsPerLiter",11.9,,1,"formatChange","GOOD"
"c297b792-5b70-42ed-9da2-b6a96cdec88c","D07","WALK","WALK.AOS.groundwater.well.001","WALK.W1.20170706.FIL",,"2017-07-06T13:08Z","2017-07-06T13:08Z","EcoCore_CSU","Mn",0.0004,"milligramsPerLiter",11.9,,1,"formatChange","GOOD"
"dc5fc78a-3e8f-4c15-9cc6-3ee89f1253bd","D07","WALK","WALK.AOS.groundwater.well.001","WALK.W1.20170706.FIL",,"2017-07-06T13:08Z","2017-07-06T13:08Z","EcoCore_CSU","HCO3",191.6000,"milligramsPerLiter",11.9,,1,"formatChange","GOOD"
"0ab48414-3ab0-4054-b955-e786c8e67b48","D07","WALK","WALK.AOS.groundwater.well.001","WALK.W1.20170706.FIL",,"2017-07-06T13:08Z","2017-07-06T13:08Z","EcoCore_CSU","K",0.7950,"milligramsPerLiter",11.9,,1,"formatChange","GOOD"
"1768f16f-bc5c-4808-bd99-aba090e7f6c6","D07","WALK","WALK.AOS.groundwater.well.001","WALK.W1.20170706.FIL",,"2017-07-06T13:08Z","2017-07-06T13:08Z","EcoCore_CSU","Fe",0.0005,"milligramsPerLiter",11.9,,1,"formatChange","GOOD"
"cacb4884-8f20-4e77-b0ed-626e53247431","D07","WALK","WALK.AOS.groundwater.well.001","WALK.W1.20170706.FIL",,"2017-07-06T13:08Z","2017-07-06T13:08Z","EcoCore_CSU","F",0.4503,"milligramsPerLiter",11.9,,1,"formatChange","GOOD"
"c5bc8968-e4a3-40f9-867b-2c48ef14407c","D07","WALK","WALK.AOS.groundwater.well.001","WALK.W1.20170706.RAW",,"2017-07-06T13:08Z","2017-07-06T13:08Z","EcoCore_CSU","conductivity",347.6000,"microsiemensPerCentimeter",11.9,,1,"formatChange","GOOD"
"3c2b9c1d-be39-4a76-a97b-777095f570cc","D07","WALK","WALK.AOS.groundwater.well.001","WALK.W1.20170706.FIL",,"2017-07-06T13:08Z","2017-07-06T13:08Z","EcoCore_CSU","NO2 - N",0.0000,"milligramsPerLiter",11.9,,1,"formatChange","GOOD"
"db23964d-c9b1-40d8-8b15-b2772ad7a0e8","D07","WALK","WALK.AOS.groundwater.well.001","WALK.W1.20170706.RAW",,"2017-07-06T13:08Z","2017-07-06T13:08Z","EcoCore_CSU","TOC",0.6203,"milligramsPerLiter",11.9,,1,"formatChange","GOOD"
"40e6733c-24ec-4f27-aa41-31ca8a5821fa","D07","WALK","WALK.AOS.groundwater.well.001","WALK.W1.20170706.RAW",,"2017-07-06T13:08Z","2017-07-06T13:08Z","EcoCore_CSU","TP",0.0130,"milligramsPerLiter",11.9,,1,"formatChange","GOOD"
"a60ca743-5ff3-4f65-870b-92ba76303268","D07","WALK","WALK.AOS.groundwater.well.001","WALK.W1.20170706.RAW",,"2017-07-06T13:08Z","2017-07-06T13:08Z","EcoCore_CSU","TN",0.1448,"milligramsPerLiter",11.9,,1,"formatChange","GOOD"
"368287ec-e11f-41fb-a2e0-b20682434405","D07","WALK","WALK.AOS.groundwater.well.001","WALK.W1.20170706.FIL",,"2017-07-06T13:08Z","2017-07-06T13:08Z","EcoCore_CSU","TDS",235.2100,"milligramsPerLiter",11.9,,1,"formatChange","GOOD"
"5512e2a8-2c6f-4bdf-93ca-a8f63b7e4970","D07","WALK","WALK.AOS.groundwater.well.001","WALK.W1.20170706.PCN",,"2017-07-06T13:08Z","2017-07-06T13:08Z","EcoCore_CSU","TPC",0.2530,"milligram",11.9,,1,"formatChange","GOOD"
"f8d2e746-44ae-4360-b389-115806fb6f30","D07","WALK","WALK.AOS.groundwater.well.001","WALK.W1.20170706.FIL",,"2017-07-06T13:08Z","2017-07-06T13:08Z","EcoCore_CSU","Na",0.5125,"milligramsPerLiter",11.9,,1,"formatChange","GOOD"
"5c4eb153-dd47-4f70-864b-ed493ea8416b","D07","WALK","WALK.AOS.groundwater.well.001","WALK.W1.20170706.FIL",,"2017-07-06T13:08Z","2017-07-06T13:08Z","EcoCore_CSU","Br",0.0050,"milligramsPerLiter",11.9,,1,"formatChange","GOOD"
"5c254533-543d-4a45-8d41-e7944e3f3a33","D07","WALK","WALK.AOS.groundwater.well.001","WALK.W1.20170706.FIL",,"2017-07-06T13:08Z","2017-07-06T13:08Z","EcoCore_CSU","Si",3.8554,"milligramsPerLiter",11.9,,1,"formatChange","GOOD"
"40631588-6576-4409-ac55-1cedeb67f461","D07","WALK","WALK.AOS.groundwater.well.001","WALK.W1.20170706.FIL",,"2017-07-06T13:08Z","2017-07-06T13:08Z","EcoCore_CSU","Mg",16.9170,"milligramsPerLiter",11.9,,1,"formatChange","GOOD"
"6f5f6835-06e9-42a6-9818-503e784e35c5","D07","WALK","WALK.AOS.groundwater.well.001","WALK.W1.20170706.FIL",,"2017-07-06T13:08Z","2017-07-06T13:08Z","EcoCore_CSU","DOC",0.6447,"milligramsPerLiter",11.9,,1,"formatChange","GOOD"
"a31cd6a3-561c-412e-ae33-8a677fbef912","D07","WALK","WALK.AOS.groundwater.well.001","WALK.W1.20170706.FIL",,"2017-07-06T13:08Z","2017-07-06T13:08Z","EcoCore_CSU","SO4",5.7421,"milligramsPerLiter",11.9,,1,"formatChange","GOOD"
"ec93d311-0ea8-48e5-a2d3-eacfc3bf3d73","D07","WALK","WALK.AOS.groundwater.well.001","WALK.W1.20170706.FIL",,"2017-07-06T13:08Z","2017-07-06T13:08Z","EcoCore_CSU","TDN",0.1107,"milligramsPerLiter",11.9,,1,"formatChange","GOOD"
"44a77699-7aa0-4f85-8de6-1811f8b72faa","D07","WALK","WALK.AOS.groundwater.well.001","WALK.W1.20170706.FIL",,"2017-07-06T13:08Z","2017-07-06T13:08Z","EcoCore_CSU","DIC",39.8200,"milligramsPerLiter",11.9,,1,"formatChange","GOOD"
"77406385-71e0-419f-8412-c4fbdc6224f9","D07","WALK","WALK.AOS.groundwater.well.001","WALK.W1.20170706.RAW",,"2017-07-06T13:08Z","2017-07-06T13:08Z","EcoCore_CSU","ANC",3.3400,"milliequivalentsPerLiter",11.9,,1,"formatChange","GOOD"
"d0b3dd07-f9ee-4557-990b-00f35d430a98","D07","WALK","WALK.AOS.groundwater.well.003","WALK.W3.20170706.FIL",,"2017-07-06T14:35Z","2017-07-06T14:35Z","EcoCore_CSU","CO3",8.5700,"milligramsPerLiter",3.2,,0,"formatChange","GOOD"
"ce7ee3b7-2915-4cf7-a24b-522b66cbda20","D07","WALK","WALK.AOS.groundwater.well.003","WALK.W3.20170706.FIL",,"2017-07-06T14:35Z","2017-07-06T14:35Z","EcoCore_CSU","Mg",13.2610,"milligramsPerLiter",3.2,,0,"formatChange","GOOD"
"267b2c8a-83e9-4055-a8ce-31b8b4ca0582","D07","WALK","WALK.AOS.groundwater.well.003","WALK.W3.20170706.FIL",,"2017-07-06T14:35Z","2017-07-06T14:35Z","EcoCore_CSU","Br",0.0050,"milligramsPerLiter",3.2,,0,"formatChange","GOOD"
"c2b3eaa5-87d3-49b7-b9fe-69da7d47116b","D07","WALK","WALK.AOS.groundwater.well.003","WALK.W3.20170706.FIL",,"2017-07-06T14:35Z","2017-07-06T14:35Z","EcoCore_CSU","Mn",0.0005,"milligramsPerLiter",3.2,,0,"formatChange","GOOD"
"e9901920-95ca-4d43-a44b-2d3bac027914","D07","WALK","WALK.AOS.groundwater.well.003","WALK.W3.20170706.FIL",,"2017-07-06T14:35Z","2017-07-06T14:35Z","EcoCore_CSU","NO2 - N",0.0040,"milligramsPerLiter",3.2,,0,"formatChange","GOOD"
"58a5c835-c86b-4f06-ae3b-13f48ddd2cd1","D07","WALK","WALK.AOS.groundwater.well.003","WALK.W3.20170706.PCN",,"2017-07-06T14:35Z","2017-07-06T14:35Z","EcoCore_CSU","TPC",0.2555,"milligram",3.2,,0,"formatChange","GOOD"
"888557b9-baaa-44f7-9c87-b192a5726688","D07","WALK","WALK.AOS.groundwater.well.003","WALK.W3.20170706.FIL",,"2017-07-06T14:35Z","2017-07-06T14:35Z","EcoCore_CSU","NH4 - N",0.0800,"milligramsPerLiter",3.2,,0,"formatChange","GOOD"
"7d3bbe51-311d-4fd1-9632-78e178e43291","D07","WALK","WALK.AOS.groundwater.well.003","WALK.W3.20170706.FIL",,"2017-07-06T14:35Z","2017-07-06T14:35Z","EcoCore_CSU","UV Absorbance (250 nm)",0.0128,,3.2,,0,"formatChange","GOOD"
"84c16f6e-cbe7-4fd4-9ff5-e4b31ff715aa","D07","WALK","WALK.AOS.groundwater.well.003","WALK.W3.20170706.FIL",,"2017-07-06T14:35Z","2017-07-06T14:35Z","EcoCore_CSU","TDS",172.5700,"milligramsPerLiter",3.2,,0,"formatChange","GOOD"
"2145e0d3-a9ad-470f-bcaa-0c9760794e1b","D07","WALK","WALK.AOS.groundwater.well.003","WALK.W3.20170706.FIL",,"2017-07-06T14:35Z","2017-07-06T14:35Z","EcoCore_CSU","Na",0.5827,"milligramsPerLiter",3.2,,0,"formatChange","GOOD"
"72806b4d-4422-4eef-8c1b-23086b89e607","D07","WALK","WALK.AOS.groundwater.well.003","WALK.W3.20170706.FIL",,"2017-07-06T14:35Z","2017-07-06T14:35Z","EcoCore_CSU","NO3+NO2 - N",0.0530,"milligramsPerLiter",3.2,,0,"formatChange","GOOD"
"6eb84e5b-7bc5-432f-9fb7-f59fd0650805","D07","WALK","WALK.AOS.groundwater.well.003","WALK.W3.20170706.FIL",,"2017-07-06T14:35Z","2017-07-06T14:35Z","EcoCore_CSU","Fe",0.0005,"milligramsPerLiter",3.2,,0,"formatChange","GOOD"
"d644a9dc-1962-486e-8dfe-474666ac5743","D07","WALK","WALK.AOS.groundwater.well.003","WALK.W3.20170706.FIL",,"2017-07-06T14:35Z","2017-07-06T14:35Z","EcoCore_CSU","Ortho - P",0.0440,"milligramsPerLiter",3.2,,0,"formatChange","GOOD"
"3e4b5b01-faed-40ea-bfee-73b8825bb505","D07","WALK","WALK.AOS.groundwater.well.003","WALK.W3.20170706.FIL",,"2017-07-06T14:35Z","2017-07-06T14:35Z","EcoCore_CSU","UV Absorbance (280 nm)",0.0077,,3.2,,0,"formatChange","GOOD"
"bd8a014e-71c8-49c9-aa45-3f350cf2d580","D07","WALK","WALK.AOS.groundwater.well.003","WALK.W3.20170706.FIL",,"2017-07-06T14:35Z","2017-07-06T14:35Z","EcoCore_CSU","DIC",31.2100,"milligramsPerLiter",3.2,,0,"formatChange","GOOD"
"83346155-da2c-4213-9d77-4571d0206399","D07","WALK","WALK.AOS.groundwater.well.003","WALK.W3.20170706.FIL",,"2017-07-06T14:35Z","2017-07-06T14:35Z","EcoCore_CSU","F",0.0050,"milligramsPerLiter",3.2,,0,"formatChange","GOOD"
"f7e90e13-c67f-400b-b3c2-2d95b955fecb","D07","WALK","WALK.AOS.groundwater.well.003","WALK.W3.20170706.RAW",,"2017-07-06T14:35Z","2017-07-06T14:35Z","EcoCore_CSU","TN",0.1055,"milligramsPerLiter",3.2,,0,"formatChange","GOOD"
"f7cb4baf-3f98-4445-9aee-60dfb8a04832","D07","WALK","WALK.AOS.groundwater.well.003","WALK.W3.20170706.RAW",,"2017-07-06T14:35Z","2017-07-06T14:35Z","EcoCore_CSU","TSS - Dry Mass",2100.0000,"microgram",3.2,,0,"formatChange","GOOD"
"0f67814b-40dd-491e-9978-b216eee6251e","D07","WALK","WALK.AOS.groundwater.well.003","WALK.W3.20170706.FIL",,"2017-07-06T14:35Z","2017-07-06T14:35Z","EcoCore_CSU","DOC",0.5412,"milligramsPerLiter",3.2,,0,"formatChange","GOOD"
"7a2075b1-f442-406d-b917-b2569ae0f03b","D07","WALK","WALK.AOS.groundwater.well.003","WALK.W3.20170706.FIL",,"2017-07-06T14:35Z","2017-07-06T14:35Z","EcoCore_CSU","K",0.6713,"milligramsPerLiter",3.2,,0,"formatChange","GOOD"
"613a8c18-19bf-44ef-ab79-949eb67774ce","D07","WALK","WALK.AOS.groundwater.well.003","WALK.W3.20170706.RAW",,"2017-07-06T14:35Z","2017-07-06T14:35Z","EcoCore_CSU","conductivity",268.6000,"microsiemensPerCentimeter",3.2,,0,"formatChange","GOOD"
"f6c23974-3517-4006-8966-3917d615c5d6","D07","WALK","WALK.AOS.groundwater.well.003","WALK.W3.20170706.FIL",,"2017-07-06T14:35Z","2017-07-06T14:35Z","EcoCore_CSU","Si",4.1735,"milligramsPerLiter",3.2,,0,"formatChange","GOOD"
"ccede8f8-dfd1-4987-801e-dd6daf4ea1b1","D07","WALK","WALK.AOS.groundwater.well.003","WALK.W3.20170706.FIL",,"2017-07-06T14:35Z","2017-07-06T14:35Z","EcoCore_CSU","SO4",2.3782,"milligramsPerLiter",3.2,,0,"formatChange","GOOD"
"9e9f5b85-a990-44e8-992b-c5b9117e2c56","D07","WALK","WALK.AOS.groundwater.well.003","WALK.W3.20170706.FIL",,"2017-07-06T14:35Z","2017-07-06T14:35Z","EcoCore_CSU","Cl",0.9333,"milligramsPerLiter",3.2,,0,"formatChange","GOOD"
"05f12f54-eff1-49e0-9af5-794948e5d21e","D07","WALK","WALK.AOS.groundwater.well.003","WALK.W3.20170706.RAW",,"2017-07-06T14:35Z","2017-07-06T14:35Z","EcoCore_CSU","TP",0.0040,"milligramsPerLiter",3.2,,0,"formatChange","GOOD"
"e5179b17-21d3-42e1-989e-8893e45797ab","D07","WALK","WALK.AOS.groundwater.well.003","WALK.W3.20170706.FIL",,"2017-07-06T14:35Z","2017-07-06T14:35Z","EcoCore_CSU","TDN",0.0755,"milligramsPerLiter",3.2,,0,"formatChange","GOOD"
"eed05170-5e5c-4a50-b816-c978f1c093f3","D07","WALK","WALK.AOS.groundwater.well.003","WALK.W3.20170706.FIL",,"2017-07-06T14:35Z","2017-07-06T14:35Z","EcoCore_CSU","Ca",26.9970,"milligramsPerLiter",3.2,,0,"formatChange","GOOD"
"c6130861-ca1a-4579-b4c1-6cc8ff6590c1","D07","WALK","WALK.AOS.groundwater.well.003","WALK.W3.20170706.FIL",,"2017-07-06T14:35Z","2017-07-06T14:35Z","EcoCore_CSU","HCO3",131.2900,"milligramsPerLiter",3.2,,0,"formatChange","GOOD"
"a21b26f1-de55-4c4a-9218-6440abaee43f","D07","WALK","WALK.AOS.groundwater.well.003","WALK.W3.20170706.PCN",,"2017-07-06T14:35Z","2017-07-06T14:35Z","EcoCore_CSU","TPN",0.0738,"milligram",3.2,,0,"formatChange","GOOD"
"d01410f1-9666-4bf8-9507-afb0264a2fb1","D07","WALK","WALK.AOS.groundwater.well.003","WALK.W3.20170706.RAW",,"2017-07-06T14:35Z","2017-07-06T14:35Z","EcoCore_CSU","ANC",2.3580,"milliequivalentsPerLiter",3.2,,0,"formatChange","GOOD"
"964fd936-9874-4fbb-91e6-2e8e29feb744","D07","WALK","WALK.AOS.groundwater.well.003","WALK.W3.20170706.RAW",,"2017-07-06T14:35Z","2017-07-06T14:35Z","EcoCore_CSU","TSS",21.0000,"milligramsPerLiter",3.2,,0,"formatChange","GOOD"
"2409904e-4e7b-4ba1-b357-f34ebc41cf79","D07","WALK","WALK.AOS.groundwater.well.003","WALK.W3.20170706.RAW",,"2017-07-06T14:35Z","2017-07-06T14:35Z","EcoCore_CSU","TOC",0.6186,"milligramsPerLiter",3.2,,0,"formatChange","GOOD"
"06986bf8-7524-4005-8181-5133fbc9b3c9","D07","WALK","WALK.AOS.groundwater.well.003","WALK.W3.20170706.FIL",,"2017-07-06T14:35Z","2017-07-06T14:35Z","EcoCore_CSU","TDP",0.0005,"milligramsPerLiter",3.2,,0,"formatChange","GOOD"
"4e5c80e8-e7a8-41db-babe-34a151152c16","D07","WALK","WALK.AOS.groundwater.well.003","WALK.W3.20170706.RAW",,"2017-07-06T14:35Z","2017-07-06T14:35Z","EcoCore_CSU","pH",8.5200,"pH",3.2,,0,"formatChange","GOOD"
