uid,domainID,siteID,namedLocation,collectDate,parentSampleID,sampleCondition,sampleID,replicateNumber,gwwDICBubbleFree,gwwFiltSampleHeadspace,gwwAlkSampleHeadspace,gwwAlkSampleBubbleFree,processedDate,processedDateFilters,sampleVolumeFiltered,shipmentTimeRange
"997635f6-7aff-46fe-a56a-00fdafc3a6d4","D18","OKSR","OKSR.AOS.groundwater.well.003","2019-07-16T19:19Z","OKSR.W3.20190716","Sample condition ok","OKSR.W3.20190716",1,"Y","Y",,"Y","2019-07-16T19:35Z","2019-07-16T23:15Z",10.0,
"17b6832d-0e02-45ce-816c-7226521f189f","D18","OKSR","OKSR.AOS.groundwater.well.008","2019-07-16T19:30Z","OKSR.W8.20190716",,"OKSR.W8.20190716",1,,"Y",,,"2019-07-17T00:45Z","2019-07-16T23:15Z",3.0,
"34632027-4e93-4987-bb51-9e9e20dadbb6","D18","OKSR","OKSR.AOS.groundwater.well.007","2019-07-16T20:34Z","OKSR.W7.20190716","Sample condition ok","OKSR.W7.20190716",1,"Y","N",,"Y","2019-07-16T20:34Z",,50.0,
"830dd452-5958-49d2-8873-0d7950dfc5ae","D18","OKSR","OKSR.AOS.groundwater.well.005","2019-07-16T21:13Z","OKSR.W5.20190716","Sample condition ok","OKSR.W5.20190716",1,"Y","Y","N","Y","2019-07-16T21:13Z","2019-07-16T23:30Z",50.0,
