table,fieldName,description,dataType,units,downloadPkg,pubFormat,primaryKey,categoricalCodeName
gwc_domainLabData,uid,"Unique ID within NEON database; an identifier for the record",string,NA,basic,"asIs",N,
gwc_domainLabData,domainID,"Unique identifier of the NEON domain",string,NA,basic,"asIs",N,
gwc_domainLabData,siteID,"NEON site code",string,NA,basic,"asIs",N,
gwc_domainLabData,namedLocation,"Name of the measurement location in the NEON database",string,NA,basic,"asIs",N,
gwc_domainLabData,collectDate,"Date of the collection event",dateTime,NA,basic,"yyyy-MM-dd'T'HH:mm'Z'(floor)",N,
gwc_domainLabData,titrationDate,"Date and time of titration",dateTime,NA,basic,"yyyy-MM-dd'T'HH:mm'Z'(floor)",N,
gwc_domainLabData,parentSampleID,"Parent sampleID of sample being processed",string,NA,basic,"asIs",N,
gwc_domainLabData,domainSampleID,"Identifier for sample from domain lab",string,NA,basic,"asIs",Y,
gwc_domainLabData,titrationLocation,"Location where sample titration was completed",string,NA,expanded,"LOV",N,"swc.titrationLocation"
gwc_domainLabData,sampleType,"Type of sample",string,NA,expanded,"LOV",N,"swc.sampleType"
gwc_domainLabData,initialSamplepH,"pH at start of titration",real,pH,expanded,"*.##(round)",N,
gwc_domainLabData,initialSampleTemp,"Temperature at start of titration",real,celsius,expanded,"*.#(round)",N,
gwc_domainLabData,normality,"Titrant normality used",string,equivalentsPerLiter,expanded,"LOV",N,"swc.normality"
gwc_domainLabData,sampleVolume,"Sample volume in milliliters",real,milliliter,expanded,"*.#(round)",N,
gwc_domainLabData,methodType,"Method of titration used",string,NA,expanded,"LOV",N,"swc.methodType"
gwc_domainLabData,remarks,"Technician notes; free text comments accompanying the record",string,NA,basic,"asIs",N,
gwc_domainLabData,measuredBy,"An identifier for the technician who measured or collected the data",string,NA,basic,"asIs",N,
gwc_domainLabData,alkMeqPerL,"alkalinity titration result in milliequivalents per Liter",real,milliequivalentsPerLiter,basic,"signif_###(round)",N,
gwc_domainLabData,alkMgPerL,"alkalinity titration result in milligrams of Calcium Carbonate per Liter",real,milligramsPerLiter,basic,"signif_###(round)",N,
gwc_domainLabData,ancMeqPerL,"acid neutralizing capacity titration result in milliequivalents per Liter",real,milliequivalentsPerLiter,basic,"signif_###(round)",N,
gwc_domainLabData,ancMgPerL,"acid neutralizing capacity titration result in milligrams of Calcium Carbonate per Liter",real,milligramsPerLiter,basic,"signif_###(round)",N,
gwc_externalLabData,uid,"Unique ID within NEON database; an identifier for the record",string,NA,basic,"asIs",N,
gwc_externalLabData,domainID,"Unique identifier of the NEON domain",string,NA,basic,"asIs",N,
gwc_externalLabData,siteID,"NEON site code",string,NA,basic,"asIs",N,
gwc_externalLabData,namedLocation,"Name of the measurement location in the NEON database",string,NA,basic,"asIs",N,
gwc_externalLabData,sampleID,"Identifier for sample",string,NA,basic,"asIs",Y,
gwc_externalLabData,collectDate,"Date of the collection event",dateTime,NA,basic,"yyyy-MM-dd'T'HH:mm'Z'(floor)",N,
gwc_externalLabData,laboratoryName,"Name of the laboratory or facility that is processing the sample",string,NA,basic,"asIs",N,
gwc_externalLabData,pH,"Measurement of pH in sample",real,pH,basic,"*.##(round)",N,
gwc_externalLabData,externalConductance,"Specific conductivity (auto-corrected to 25 degrees C) measured at the external lab",real,microsiemensPerCentimeter,basic,"*.##(round)",N,
gwc_externalLabData,waterCarbonate,"Carbonate concentration",real,milligramsPerLiter,basic,"*.##(round)",N,
gwc_externalLabData,waterBicarbonate,"Bicarbonate concentration",real,milligramsPerLiter,basic,"*.##(round)",N,
gwc_externalLabData,externalANC,"Acid neutralizing capacity titration result from external lab in milligrams of Calcium Carbonate per liter",real,milliequivalentsPerLiter,basic,"integer",N,
gwc_externalLabData,waterCalcium,"Calcium concentration",real,milligramsPerLiter,basic,"*.##(round)",N,
gwc_externalLabData,waterMagnesium,"Magnesium concentration",real,milligramsPerLiter,basic,"*.##(round)",N,
gwc_externalLabData,waterSodium,"Sodium concentration",real,milligramsPerLiter,basic,"*.##(round)",N,
gwc_externalLabData,waterPotassium,"Potassium concentration",real,milligramsPerLiter,basic,"*.###(round)",N,
gwc_externalLabData,waterSulfate,"Sulfate concentration",real,milligramsPerLiter,basic,"*.##(round)",N,
gwc_externalLabData,waterChlorine,"Chlorine concentration",real,milligramsPerLiter,basic,"*.##(round)",N,
gwc_externalLabData,waterManganese,"Manganese concentration",real,milligramsPerLiter,basic,"*.##(round)",N,
gwc_externalLabData,waterIron,"Iron concentration",real,milligramsPerLiter,basic,"*.##(round)",N,
gwc_externalLabData,waterBromine,"Bromine concentration",real,milligramsPerLiter,basic,"*.##(round)",N,
gwc_externalLabData,waterFluorine,"Fluorine concentration",real,milligramsPerLiter,basic,"*.##(round)",N,
gwc_externalLabData,waterSilica,"Silica concentration",real,milligramsPerLiter,basic,"*.##(round)",N,
gwc_externalLabData,totalSuspendedSolids,"Total suspended solids concentration",real,milligramsPerLiter,basic,"integer",N,
gwc_externalLabData,totalSuspendedSolidsDryMass,"Dry mass of total suspended solids",real,microgram,basic,"integer",N,
gwc_externalLabData,totalDissolvedSolids,"Total dissolved solids concentration",real,milligramsPerLiter,basic,"*.##(round)",N,
gwc_externalLabData,waterNitrateAndNitriteN,"Nitrate plus nitrite concentration as milligrams Nitrogen per liter",real,milligramsPerLiter,basic,"*.####(round)",N,
gwc_externalLabData,waterNitriteN,"Nitrite concentration concentration as milligrams Nitrogen per liter",real,milligramsPerLiter,basic,"*.####(round)",N,
gwc_externalLabData,waterAmmoniumN,"Ammonium concentration as milligrams Nitrogen per liter",real,milligramsPerLiter,basic,"*.##(round)",N,
gwc_externalLabData,waterOrthophosphateP,"Orthophosphate concentration as milligrams Phosphorus per liter",real,milligramsPerLiter,basic,"*.####(round)",N,
gwc_externalLabData,waterTotalNitrogen,"Total nitrogen concentration",real,milligramsPerLiter,basic,"*.####(round)",N,
gwc_externalLabData,totalDissolvedNitrogen,"Total dissolved nitrogen concentration",real,milligramsPerLiter,basic,"*.####(round)",N,
gwc_externalLabData,dissolvedInorganicCarbon,"Dissolved inorganic carbon concentration",real,milligramsPerLiter,basic,"*.####(round)",N,
gwc_externalLabData,dissolvedOrganicCarbon,"Dissolved organic carbon concentration",real,milligramsPerLiter,basic,"*.####(round)",N,
gwc_externalLabData,waterTotalOrganicCarbon,"Total organic carbon",real,milligramsPerLiter,basic,"*.##(round)",N,
gwc_externalLabData,waterTotalPhosphorus,"Total phosphorus",real,milligramsPerLiter,basic,"*.####(round)",N,
gwc_externalLabData,totalDissolvedPhosphorus,"Total dissolved phosphorus",real,milligramsPerLiter,basic,"*.####(round)",N,
gwc_externalLabData,totalParticulateCarbonMass,"Total particulate carbon as milligrams Carbon",real,milligram,basic,"*.####(round)",N,
gwc_externalLabData,totalParticulateNitrogenMass,"Total particulate nitrogen as milligrams Nitrogen",real,milligram,basic,"*.####(round)",N,
gwc_externalLabData,uvAbsorbance250,"Ultraviolet absorbance at 250nm reported per 1cm path length",real,NA,basic,"*.####(round)",N,
gwc_externalLabData,uvAbsorbance284,"Ultraviolet absorbance at 284nm reported per 1cm path length",real,NA,basic,"*.####(round)",N,
gwc_externalLabData,coolerTemp,"Temperature of the cooler when the sample arrived at the external lab",real,celsius,basic,"*.#(round)",N,
gwc_externalLabData,sampleCondition,"Condition of a sample",string,NA,basic,"LOV",N,"wc.sampleCondition"
gwc_externalLabData,remarks,"Technician notes; free text comments accompanying the record",string,NA,basic,"asIs",N,
gwc_externalLabData,shipmentWarmQF,"Quality Flag for cooler arriving at external lab too warm (above 6 C)",real,NA,basic,"integer",N,
gwc_externalLabData,externalLabDataQF,"Data quality flag for external lab data",string,NA,basic,"asIs",N,
gwc_externalLabDataByAnalyte,uid,"Unique ID within NEON database; an identifier for the record",string,NA,basic,"asIs",N,
gwc_externalLabDataByAnalyte,domainID,"Unique identifier of the NEON domain",string,NA,basic,"asIs",N,
gwc_externalLabDataByAnalyte,siteID,"NEON site code",string,NA,basic,"asIs",N,
gwc_externalLabDataByAnalyte,namedLocation,"Name of the measurement location in the NEON database",string,NA,basic,"asIs",N,
gwc_externalLabDataByAnalyte,sampleID,"Identifier for sample",string,NA,basic,"asIs",Y,
gwc_externalLabDataByAnalyte,sampleCode,"Barcode of a sample",string,NA,basic,"asIs",Y,
gwc_externalLabDataByAnalyte,startDate,"The start date-time or interval during which an event occurred",dateTime,NA,basic,"yyyy-MM-dd'T'HH:mm'Z'(floor)",N,
gwc_externalLabDataByAnalyte,collectDate,"Date of the collection event",dateTime,NA,basic,"yyyy-MM-dd'T'HH:mm'Z'(floor)",N,
gwc_externalLabDataByAnalyte,laboratoryName,"Name of the laboratory or facility that is processing the sample",string,NA,basic,"asIs",N,
gwc_externalLabDataByAnalyte,analyte,"Analyte or parameter measured",string,NA,basic,"LOV",Y,"wc.analyte"
gwc_externalLabDataByAnalyte,analyteConcentration,"Concentration of analyte",real,NA,basic,"*.####(round)",N,
gwc_externalLabDataByAnalyte,analyteUnits,"Associated units of measure for analyte",string,NA,basic,"LOV",N,"wc.analyteUnits"
gwc_externalLabDataByAnalyte,coolerTemp,"Temperature of the cooler when the sample arrived at the external lab",real,celsius,basic,"*.#(round)",N,
gwc_externalLabDataByAnalyte,remarks,"Technician notes; free text comments accompanying the record",string,NA,basic,"asIs",N,
gwc_externalLabDataByAnalyte,shipmentWarmQF,"Quality Flag for cooler arriving at external lab too warm (above 6 C)",real,NA,basic,"integer",N,
gwc_externalLabDataByAnalyte,externalLabDataQF,"Data quality flag for external lab data",string,NA,basic,"asIs",N,
gwc_externalLabDataByAnalyte,sampleCondition,"Condition of a sample",string,NA,basic,"LOV",N,"wc.sampleCondition"
gwc_fieldData,uid,"Unique ID within NEON database; an identifier for the record",string,NA,basic,"asIs",N,
gwc_fieldData,domainID,"Unique identifier of the NEON domain",string,NA,basic,"asIs",N,
gwc_fieldData,siteID,"NEON site code",string,NA,basic,"asIs",N,
gwc_fieldData,namedLocation,"Name of the measurement location in the NEON database",string,NA,basic,"asIs",N,
gwc_fieldData,collectDate,"Date of the collection event",dateTime,NA,basic,"yyyy-MM-dd'T'HH:mm'Z'(floor)",N,
gwc_fieldData,parentSampleID,"Parent sampleID of sample being processed",string,NA,basic,"asIs",N,
gwc_fieldData,sampleCondition,"Condition of a sample",string,NA,basic,"LOV",N,"sampleCondition"
gwc_fieldData,sampleID,"Identifier for sample",string,NA,basic,"asIs",Y,
gwc_fieldData,replicateNumber,"The number for the sample replicate",unsigned integer,NA,basic,"integer",N,
gwc_fieldData,gwwDICBubbleFree,"An indication of whether or not the DIC groundwater subsample was collected with a bubble free method",string,NA,basic,"LOV",N,"Yes or No choice"
gwc_fieldData,gwwFiltSampleHeadspace,"An indication of whether or not the filtered groundwater sample has headspace; for surface water samples no headspace is present in filtered samples",string,NA,basic,"LOV",N,"Yes or No choice"
gwc_fieldData,gwwAlkSampleHeadspace,"An indication of whether or not the alkalinity groundwater sample has headspace; for surface water samples no headspace is present in alkalinity samples",string,NA,basic,"LOV",N,"Yes or No choice"
gwc_fieldData,gwwAlkSampleBubbleFree,"An indication of whether or not the alkalinity groundwater sample was collected with a bubble free method",string,NA,basic,"LOV",N,"Yes or No choice"
gwc_fieldData,processedDate,"Date or date and time of processing event",dateTime,NA,basic,"yyyy-MM-dd'T'HH:mm'Z'(floor)",N,
gwc_fieldData,processedDateFilters,"Date or date and time of processing event of filtered samples",dateTime,NA,basic,"yyyy-MM-dd'T'HH:mm'Z'(floor)",N,
gwc_fieldData,sampleVolumeFiltered,"Volume of water filtered onto the filter for external analysis",real,milliliter,basic,"*.#(round)",N,
gwc_fieldData,shipmentTimeRange,"Indicates time delay between sample collection and shipment",string,NA,basic,"LOV",N,"swc.shipmentRange"
gwc_fieldSuperParent,uid,"Unique ID within NEON database; an identifier for the record",string,NA,basic,"asIs",N,
gwc_fieldSuperParent,domainID,"Unique identifier of the NEON domain",string,NA,basic,"asIs",N,
gwc_fieldSuperParent,siteID,"NEON site code",string,NA,basic,"asIs",N,
gwc_fieldSuperParent,namedLocation,"Name of the measurement location in the NEON database",string,NA,basic,"asIs",N,
gwc_fieldSuperParent,decimalLatitude,"The geographic latitude (in decimal degrees, WGS84) of the geographic center of the reference area",real,decimalDegree,basic,"*.######(round)",N,
gwc_fieldSuperParent,decimalLongitude,"The geographic longitude (in decimal degrees, WGS84) of the geographic center of the reference area",real,decimalDegree,basic,"*.######(round)",N,
gwc_fieldSuperParent,coordinateUncertainty,"The horizontal distance (in meters) from the given decimalLatitude and decimalLongitude describing the smallest circle containing the whole of the Location. Zero is not a valid value for this term",real,meter,basic,"*.#(round)",N,
gwc_fieldSuperParent,elevation,"Elevation (in meters) above sea level",real,meter,basic,"*.#(round)",N,
gwc_fieldSuperParent,elevationUncertainty,"Uncertainty in elevation values (in meters)",real,meter,basic,"*.#(round)",N,
gwc_fieldSuperParent,geodeticDatum,"Model used to measure horizontal position on the earth",string,NA,basic,"asIs",N,
gwc_fieldSuperParent,collectDate,"Date of the collection event",dateTime,NA,basic,"yyyy-MM-dd'T'HH:mm'Z'(floor)",N,
gwc_fieldSuperParent,aquaticSiteType,"Type of aquatic site, includes lake, river or stream",string,NA,basic,"LOV",N,"aquaticSiteType"
gwc_fieldSuperParent,samplingImpractical,"Samples and/or measurements were not collected due to the indicated circumstance",string,NA,basic,"LOV",N,"samplingImpractical"
gwc_fieldSuperParent,waterChemSamplesCollected,"Indicator of whether any water chemistry samples were collected",string,NA,basic,"LOV",N,"swc.sampleCollected"
gwc_fieldSuperParent,adequateSampleVol,"An indication of whether or not there was adequate sample volume available for collecting all samples. When no: samples are prioritized in this order: isotopes; filtered analytes; alkalinity titrations; unfiltered analytes; particulate analysis",string,NA,basic,"LOV",N,"Yes or No choice"
gwc_fieldSuperParent,parentSampleID,"Parent sampleID of sample being processed",string,NA,basic,"asIs",Y,
gwc_fieldSuperParent,eventID,"An identifier for the set of information associated with the event, which includes information about the place and time of the event",string,NA,basic,"asIs",N,
gwc_fieldSuperParent,swcSamplingProtocolVersion,"The NEON document number and version of the water chemistry protocol where detailed information regarding the sampling method used is available; format NEON.DOC.######vX",string,NA,basic,"LOV",N,"swc.samplingProtocolVersion"
gwc_fieldSuperParent,sampleExtractionMethod,"Method used to extract the sample",string,NA,basic,"LOV",N,"gwc.sampleExtractionMethod"
gwc_fieldSuperParent,samplerType,"Type of sampler used to collect the sample",string,NA,basic,"LOV",N,"swc.waterSamplerType"
gwc_fieldSuperParent,totalWellDepth,"Total well depth; used to calculate water column height",real,meter,basic,"*.#(round)",N,
gwc_fieldSuperParent,wellWaterDepth,"Depth of water in well from top of well casing",real,meter,basic,"*.#(round)",N,
gwc_fieldSuperParent,waterColumnHeight,"Height of the water column in the well; calculated as: total well depth - depth to water table",real,meter,basic,"*.#(round)",N,
gwc_fieldSuperParent,sampleDepth,"Depth sample was collected",real,meter,basic,"*.#(round)",N,
gwc_fieldSuperParent,purgeAverageDischargeRate,"Average discharge rate during well stabilization purge",real,millilitersPerMinute,basic,"*.#(round)",N,
gwc_fieldSuperParent,purgeTime,"Total time well was purged, prior to sampling",real,minute,basic,"*.#(round)",N,
gwc_fieldSuperParent,gwWellStabilized,"Indicates whether specific conductance and temperature have stabilized in the well",string,NA,basic,"LOV",N,"Yes or No choice"
gwc_fieldSuperParent,purgeDryDateTime,"The well purge date-time for purge dry sampling method",dateTime,NA,basic,"yyyy-MM-dd'T'HH:mm'Z'(floor)",N,
gwc_fieldSuperParent,pumpPlacementDate,"The pump placement date-time for low-yield sampling method",dateTime,NA,basic,"yyyy-MM-dd'T'HH:mm'Z'(floor)",N,
gwc_fieldSuperParent,screenedIntervalDepth,"Depth to the screened interval for low-yield method calculations",real,meter,basic,"*.#(round)",N,
gwc_fieldSuperParent,maxAllowableDrawdown,"Maximum allowable drawdown for low-yield method sampling",real,meter,basic,"*.#(round)",N,
gwc_fieldSuperParent,actualDrawdown,"Actual drawdown for low-yield method sampling",real,meter,basic,"*.#(round)",N,
gwc_fieldSuperParent,MADExceeded,"Indicates whether the maximum allowable drawdown was exceeded prior to collection of filtered (FIL) and alkalinity (ALK) sample collection",string,NA,basic,"LOV",N,"Yes or No choice"
gwc_fieldSuperParent,wellVolumePurged,"Total volume removed from the well, prior to sampling",real,liter,basic,"*.#(round)",N,
gwc_fieldSuperParent,probeIDUnavailable,"Identifier for handheld sensor(s) that are unavailable at time of sampling",string,NA,basic,"asIs",N,
gwc_fieldSuperParent,dissolvedOxygen,"Dissolved Oxygen Concentration",real,milligramsPerLiter,basic,"*.##(round)",N,
gwc_fieldSuperParent,dissolvedOxygenSaturation,"Dissolved Oxygen Percent Saturation",real,percent,basic,"*.##(round)",N,
gwc_fieldSuperParent,specificConductance,"Conductivity auto-corrected to 25 degrees C",real,microsiemensPerCentimeter,basic,"*.##(round)",N,
gwc_fieldSuperParent,waterTemp,"Temperature of water (C)",real,celsius,basic,"*.##(round)",N,
gwc_fieldSuperParent,pH,"Measurement of pH in sample",real,pH,basic,"*.##(round)",N,
gwc_fieldSuperParent,waterClarityDescrip,"Qualitative description of water clarity",string,NA,basic,"LOV",N,"gag.waterClarityDescrip"
gwc_fieldSuperParent,waterColorDescrip,"Qualitative description of water color and clarity",string,NA,basic,"LOV",N,"gag.waterColorDescrip"
gwc_fieldSuperParent,aCollectedBy,"Primary NEON technician username who collected the data",string,NA,basic,"asIs",N,
gwc_fieldSuperParent,bCollectedBy,"Secondary NEON technician username who collected the data",string,NA,basic,"asIs",N,
gwc_fieldSuperParent,remarks,"Technician notes; free text comments accompanying the record",string,NA,basic,"asIs",N,
gwc_wellStabilization,uid,"Unique ID within NEON database; an identifier for the record",string,NA,basic,"asIs",N,
gwc_wellStabilization,stationID,"Identifier for station where sample was collected",string,NA,basic,"asIs",N,
gwc_wellStabilization,startDate,"The start date-time or interval during which an event occurred",dateTime,NA,basic,"yyyy-MM-dd'T'HH:mm'Z'(floor)",N,
gwc_wellStabilization,collectDate,"Date of the collection event",dateTime,NA,basic,"yyyy-MM-dd'T'HH:mm'Z'(floor)",N,
gwc_wellStabilization,parentSampleID,"Parent sampleID of sample being processed",string,NA,basic,"asIs",N,
gwc_wellStabilization,measurementDate,"Date of the measurement event",dateTime,NA,basic,"yyyy-MM-dd'T'HH:mm'Z'(floor)",Y,
gwc_wellStabilization,measurementNumber,"The number of the measurement in a time series",unsigned integer,number,basic,"integer",Y,
gwc_wellStabilization,waterTemp,"Temperature of water (C)",real,celsius,basic,"*.###(round)",N,
gwc_wellStabilization,specificConductance,"Conductivity auto-corrected to 25 degrees C",real,microsiemensPerCentimeter,basic,"*.###(round)",N,
gwc_wellStabilization,dissolvedOxygenSaturation,"Dissolved Oxygen Percent Saturation",real,percent,basic,"*.###(round)",N,
gwc_wellStabilization,wellDischargeRate,"Rate at which  water is removed from well during sampling",real,millilitersPerMinute,basic,"*.###(round)",N,
gwc_wellStabilization,purgeVolume,"Total volume removed from the well, in given time frame",real,liter,basic,"*.###(round)",N,
gwc_wellStabilization,waterClarityDescrip,"Qualitative description of water clarity",string,NA,basic,"LOV",N,"gag.waterClarityDescrip"
gwc_wellStabilization,waterColorDescrip,"Qualitative description of water color and clarity",string,NA,basic,"LOV",N,"gag.waterColorDescrip"
gwc_wellStabilization,groundwaterFieldDataQF,"Data quality flag for groundwater field data",string,NA,basic,"asIs",N,
swc_externalLabSummaryData,uid,"Unique ID within NEON database; an identifier for the record",string,NA,expanded,"asIs",N,
swc_externalLabSummaryData,laboratoryName,"Name of the laboratory or facility that is processing the sample",string,NA,expanded,"asIs",Y,
swc_externalLabSummaryData,startDate,"The start date-time or interval during which an event occurred",dateTime,NA,expanded,"yyyy-MM-dd(floor)",N,
swc_externalLabSummaryData,endDate,"The end date-time or interval during which an event occurred",dateTime,NA,expanded,"yyyy-MM-dd(floor)",N,
swc_externalLabSummaryData,analyte,"Analyte or parameter measured",string,NA,expanded,"LOV",Y,"wc.analyte"
swc_externalLabSummaryData,instrument,"Type of instrument used for the analysis",string,NA,expanded,"asIs",Y,
swc_externalLabSummaryData,method,"Published method used for analysis",string,NA,expanded,"asIs",Y,
swc_externalLabSummaryData,methodModification,"Any remarks on modifications to published methods",string,NA,expanded,"asIs",N,
swc_externalLabSummaryData,methodDetectionLimit,"Detection limit for method used",real,NA,expanded,"*.###(round)",N,
swc_externalLabSummaryData,analyteUnits,"Associated units of measure for analyte",string,NA,expanded,"LOV",N,"wc.analyteUnits"
swc_externalLabSummaryData,precision,"Closeness of agreement between indications or measured quantity values obtained by replicate measurements on the same or similar objects under specified conditions",real,NA,expanded,"*.###(round)",N,
swc_externalLabSummaryData,precisionRepeatabilityUnits,"Units for closeness of agreement between indications or measured quantity values obtained by replicate measurements on the same or similar objects under specified conditions",string,NA,expanded,"LOV",N,"wc.summaryUnits"
swc_externalLabSummaryData,absorbancePrecision,"Closeness of agreement between indications or measured quantity values obtained by replicate measurements on the same or similar objects under specified conditions for absorbance",string,NA,expanded,"asIs",N,
swc_externalLabSummaryData,measurementUncertainty,"Parameter, associated with the result of a measurement, that characterizes the dispersion of the values that could reasonably be attributed to the measurant",real,NA,expanded,"*.###(round)",N,
swc_externalLabSummaryData,measurementUncertaintyUnits,"Units of measurement uncertainty",string,NA,expanded,"LOV",N,"wc.summaryUnits"
swc_externalLabSummaryData,internalLabName,"Name of internal laboratory or facility that is processing the sample",string,NA,expanded,"asIs",N,
swc_externalLabSummaryData,labSpecificStartDate,"Date a specific analyte, instrument, and associated method detection limit combination started",dateTime,NA,expanded,"yyyy-MM-dd(floor)",Y,
swc_externalLabSummaryData,labSpecificEndDate,"Date a specific analyte, instrument, and associated method detection limit combination ended",dateTime,NA,expanded,"yyyy-MM-dd(floor)",N,
