uid,domainID,siteID,namedLocation,sampleID,sampleCode,startDate,collectDate,laboratoryName,analyte,analyteConcentration,analyteUnits,coolerTemp,remarks,shipmentWarmQF,externalLabDataQF,sampleCondition
"633b3423-3109-44ee-b96d-480bedbd7bb8","D18","OKSR","OKSR.AOS.groundwater.well.003","OKSR.W3.20190716.PCN","A00000099494","2019-07-16T19:19Z","2019-07-16T19:19Z","EcoCore_CSU","TPN",0.3536,"milligram",3.5,,0,"formatChange","GOOD"
"6202ca8a-2513-4594-ae8e-bf972df2b650","D18","OKSR","OKSR.AOS.groundwater.well.003","OKSR.W3.20190716.FIL","A00000099473","2019-07-16T19:19Z","2019-07-16T19:19Z","EcoCore_CSU","TDN",4.3480,"milligramsPerLiter",3.5,"Not enough filtered for SWAPT",0,"formatChange","Other"
"239ee28f-ee27-4446-a84a-23610554cc58","D18","OKSR","OKSR.AOS.groundwater.well.003","OKSR.W3.20190716.RAW","A00000099475","2019-07-16T19:19Z","2019-07-16T19:19Z","EcoCore_CSU","TSS - Dry Mass",8800.0000,"microgram",3.5,,0,"formatChange","GOOD"
"bfb8777e-47ec-432d-8f52-54e5b800d0ec","D18","OKSR","OKSR.AOS.groundwater.well.003","OKSR.W3.20190716.FIL","A00000099473","2019-07-16T19:19Z","2019-07-16T19:19Z","EcoCore_CSU","Fe",,"milligramsPerLiter",3.5,"Not enough filtered for SWAPT",0,"formatChange","Other"
"78558d85-b7b4-434e-8378-8005e40f45b4","D18","OKSR","OKSR.AOS.groundwater.well.003","OKSR.W3.20190716.FIL","A00000099473","2019-07-16T19:19Z","2019-07-16T19:19Z","EcoCore_CSU","Br",,"milligramsPerLiter",3.5,"Not enough filtered for SWAPT",0,"formatChange","Other"
"0538ff6c-ab2f-40b4-984d-e723a3fd56c6","D18","OKSR","OKSR.AOS.groundwater.well.003","OKSR.W3.20190716.DIC","A00000099493","2019-07-16T19:19Z","2019-07-16T19:19Z","EcoCore_CSU","DIC",20.4000,"milligramsPerLiter",3.5,,0,"formatChange","GOOD"
"cfb9d1e0-9840-42cf-a40a-34e141f7142d","D18","OKSR","OKSR.AOS.groundwater.well.003","OKSR.W3.20190716.RAW","A00000099475","2019-07-16T19:19Z","2019-07-16T19:19Z","EcoCore_CSU","TSS",176.0000,"milligramsPerLiter",3.5,,0,"formatChange","GOOD"
"38d31dcf-866e-4b8a-acd4-1392e3dd2dfb","D18","OKSR","OKSR.AOS.groundwater.well.003","OKSR.W3.20190716.FIL","A00000099473","2019-07-16T19:19Z","2019-07-16T19:19Z","EcoCore_CSU","TDP",,"milligramsPerLiter",3.5,"Not enough filtered for SWAPT",0,"formatChange","Other"
"7bea7769-69c9-4056-bfc5-39089fa049ad","D18","OKSR","OKSR.AOS.groundwater.well.003","OKSR.W3.20190716.FIL","A00000099473","2019-07-16T19:19Z","2019-07-16T19:19Z","EcoCore_CSU","SO4",,"milligramsPerLiter",3.5,"Not enough filtered for SWAPT",0,"formatChange","Other"
"3903363f-0573-4872-a853-3c095a0cd1eb","D18","OKSR","OKSR.AOS.groundwater.well.003","OKSR.W3.20190716.FIL","A00000099473","2019-07-16T19:19Z","2019-07-16T19:19Z","EcoCore_CSU","DOC",24.3900,"milligramsPerLiter",3.5,"Not enough filtered for SWAPT",0,"formatChange","Other"
"7bef7c66-6af6-4e56-83d8-af3700448ed8","D18","OKSR","OKSR.AOS.groundwater.well.003","OKSR.W3.20190716.FIL","A00000099473","2019-07-16T19:19Z","2019-07-16T19:19Z","EcoCore_CSU","CO3",,"milligramsPerLiter",3.5,"Not enough filtered for SWAPT",0,"formatChange","Other"
"7dbc0b01-a039-47e6-b93f-159ff2cccdb6","D18","OKSR","OKSR.AOS.groundwater.well.003","OKSR.W3.20190716.RAW","A00000099475","2019-07-16T19:19Z","2019-07-16T19:19Z","EcoCore_CSU","TN",7.7350,"milligramsPerLiter",3.5,,0,"formatChange","GOOD"
"905ad2ee-a2f5-47d6-a50f-ff6d18c88b34","D18","OKSR","OKSR.AOS.groundwater.well.003","OKSR.W3.20190716.RAW","A00000099475","2019-07-16T19:19Z","2019-07-16T19:19Z","EcoCore_CSU","TOC",36.1500,"milligramsPerLiter",3.5,,0,"formatChange","GOOD"
"d925d4c9-9403-4016-b619-7b681d3b4b5a","D18","OKSR","OKSR.AOS.groundwater.well.003","OKSR.W3.20190716.RAW","A00000099475","2019-07-16T19:19Z","2019-07-16T19:19Z","EcoCore_CSU","pH",6.1900,"pH",3.5,,0,"formatChange","GOOD"
"71e5effd-f1b5-4d0a-b890-4bce31c8c5e5","D18","OKSR","OKSR.AOS.groundwater.well.003","OKSR.W3.20190716.RAW","A00000099475","2019-07-16T19:19Z","2019-07-16T19:19Z","EcoCore_CSU","ANC",0.2500,"milliequivalentsPerLiter",3.5,,0,"formatChange","GOOD"
"686a576d-1c78-491a-8a6b-0d21dc271128","D18","OKSR","OKSR.AOS.groundwater.well.003","OKSR.W3.20190716.FIL","A00000099473","2019-07-16T19:19Z","2019-07-16T19:19Z","EcoCore_CSU","Mg",,"milligramsPerLiter",3.5,"Not enough filtered for SWAPT",0,"formatChange","Other"
"5b42107f-2860-4727-8658-93cd2d1bbea8","D18","OKSR","OKSR.AOS.groundwater.well.003","OKSR.W3.20190716.FIL","A00000099473","2019-07-16T19:19Z","2019-07-16T19:19Z","EcoCore_CSU","Si",,"milligramsPerLiter",3.5,"Not enough filtered for SWAPT",0,"formatChange","Other"
"43b66d30-94c7-4460-889b-dab678c16473","D18","OKSR","OKSR.AOS.groundwater.well.003","OKSR.W3.20190716.FIL","A00000099473","2019-07-16T19:19Z","2019-07-16T19:19Z","EcoCore_CSU","F",,"milligramsPerLiter",3.5,"Not enough filtered for SWAPT",0,"formatChange","Other"
"2ce818a5-1138-4132-84c6-c064d113aadb","D18","OKSR","OKSR.AOS.groundwater.well.003","OKSR.W3.20190716.FIL","A00000099473","2019-07-16T19:19Z","2019-07-16T19:19Z","EcoCore_CSU","K",,"milligramsPerLiter",3.5,"Not enough filtered for SWAPT",0,"formatChange","Other"
"0a216d44-1336-4a91-9254-78b43975da97","D18","OKSR","OKSR.AOS.groundwater.well.003","OKSR.W3.20190716.FIL","A00000099473","2019-07-16T19:19Z","2019-07-16T19:19Z","EcoCore_CSU","Cl",,"milligramsPerLiter",3.5,"Not enough filtered for SWAPT",0,"formatChange","Other"
"4e30e546-01c4-4143-86db-68e9c8a9023c","D18","OKSR","OKSR.AOS.groundwater.well.003","OKSR.W3.20190716.FIL","A00000099473","2019-07-16T19:19Z","2019-07-16T19:19Z","EcoCore_CSU","Ca",,"milligramsPerLiter",3.5,"Not enough filtered for SWAPT",0,"formatChange","Other"
"432ea7f4-c84c-438c-b95f-dff30e2aeffc","D18","OKSR","OKSR.AOS.groundwater.well.003","OKSR.W3.20190716.FIL","A00000099473","2019-07-16T19:19Z","2019-07-16T19:19Z","EcoCore_CSU","Mn",,"milligramsPerLiter",3.5,"Not enough filtered for SWAPT",0,"formatChange","Other"
"a9be40e4-fcd4-479d-a066-52cee3faac3a","D18","OKSR","OKSR.AOS.groundwater.well.003","OKSR.W3.20190716.FIL","A00000099473","2019-07-16T19:19Z","2019-07-16T19:19Z","EcoCore_CSU","UV Absorbance (280 nm)",0.4140,,3.5,"Not enough filtered for SWAPT",0,"formatChange","Other"
"dec47d64-10d5-4b0e-94cb-10ee4efbdac5","D18","OKSR","OKSR.AOS.groundwater.well.003","OKSR.W3.20190716.FIL","A00000099473","2019-07-16T19:19Z","2019-07-16T19:19Z","EcoCore_CSU","TDS",,"milligramsPerLiter",3.5,"Not enough filtered for SWAPT",0,"formatChange","Other"
"cff94fd6-0bf7-419d-bf15-e0166a2be585","D18","OKSR","OKSR.AOS.groundwater.well.003","OKSR.W3.20190716.FIL","A00000099473","2019-07-16T19:19Z","2019-07-16T19:19Z","EcoCore_CSU","HCO3",,"milligramsPerLiter",3.5,"Not enough filtered for SWAPT",0,"formatChange","Other"
"f2e3b4a5-4fb2-4299-83ec-63c322eaef42","D18","OKSR","OKSR.AOS.groundwater.well.003","OKSR.W3.20190716.FIL","A00000099473","2019-07-16T19:19Z","2019-07-16T19:19Z","EcoCore_CSU","UV Absorbance (250 nm)",0.6050,,3.5,"Not enough filtered for SWAPT",0,"formatChange","Other"
"01777d3b-ad5e-4571-a1d8-c81885996674","D18","OKSR","OKSR.AOS.groundwater.well.003","OKSR.W3.20190716.FIL","A00000099473","2019-07-16T19:19Z","2019-07-16T19:19Z","EcoCore_CSU","NO2 - N",0.0049,"milligramsPerLiter",3.5,"Not enough filtered for SWAPT",0,"formatChange","Other"
"2c932937-e580-4706-a56c-db5ef0f138d1","D18","OKSR","OKSR.AOS.groundwater.well.003","OKSR.W3.20190716.FIL","A00000099473","2019-07-16T19:19Z","2019-07-16T19:19Z","EcoCore_CSU","NH4 - N",3.7730,"milligramsPerLiter",3.5,"Not enough filtered for SWAPT",0,"formatChange","Other"
"34c2740f-007b-40ab-a941-96473f5b5e88","D18","OKSR","OKSR.AOS.groundwater.well.003","OKSR.W3.20190716.FIL","A00000099473","2019-07-16T19:19Z","2019-07-16T19:19Z","EcoCore_CSU","NO3+NO2 - N",0.0769,"milligramsPerLiter",3.5,"Not enough filtered for SWAPT",0,"formatChange","Other"
"bd179fef-ac15-4285-b017-6892f041d95b","D18","OKSR","OKSR.AOS.groundwater.well.003","OKSR.W3.20190716.FIL","A00000099473","2019-07-16T19:19Z","2019-07-16T19:19Z","EcoCore_CSU","Ortho - P",0.0400,"milligramsPerLiter",3.5,"Not enough filtered for SWAPT",0,"formatChange","Other"
"44e6995b-a2ef-4d02-a185-ce4a2cd092c0","D18","OKSR","OKSR.AOS.groundwater.well.003","OKSR.W3.20190716.PCN","A00000099494","2019-07-16T19:19Z","2019-07-16T19:19Z","EcoCore_CSU","TPC",3.9621,"milligram",3.5,,0,"formatChange","GOOD"
"40ebcf13-7174-4051-98b6-38f8253c57f1","D18","OKSR","OKSR.AOS.groundwater.well.003","OKSR.W3.20190716.RAW","A00000099475","2019-07-16T19:19Z","2019-07-16T19:19Z","EcoCore_CSU","TP",0.5541,"milligramsPerLiter",3.5,,0,"formatChange","GOOD"
"f3b7fe52-8483-483f-9326-621fc7e771fa","D18","OKSR","OKSR.AOS.groundwater.well.003","OKSR.W3.20190716.FIL","A00000099473","2019-07-16T19:19Z","2019-07-16T19:19Z","EcoCore_CSU","Na",,"milligramsPerLiter",3.5,"Not enough filtered for SWAPT",0,"formatChange","Other"
"0835f886-cc33-4b7e-9f0f-dbd051a9fc5f","D18","OKSR","OKSR.AOS.groundwater.well.003","OKSR.W3.20190716.RAW","A00000099475","2019-07-16T19:19Z","2019-07-16T19:19Z","EcoCore_CSU","conductivity",117.5600,"microsiemensPerCentimeter",3.5,,0,"formatChange","GOOD"
"6878dd24-f3fe-476a-a6ba-812178b839fc","D18","OKSR","OKSR.AOS.groundwater.well.003","OKSR.W3.20190716.DIC","A00000099493","2019-07-16T19:19Z","2019-07-16T19:19Z","EcoCore_CSU","DIC",44.4400,"milligramsPerLiter",1.5,"DIC and pH only",0,,"OK"
"4d763c64-85d3-457c-9467-242ca8722543","D18","OKSR","OKSR.AOS.groundwater.well.003","OKSR.W3.20190716.DIC","A00000099493","2019-07-16T19:19Z","2019-07-16T19:19Z","EcoCore_CSU","pH",5.5000,"pH",1.5,"DIC and pH only",0,,"OK"
"50a75e7b-c1ca-44ac-b72d-2c9b8e1b4aa9","D18","OKSR","OKSR.AOS.groundwater.well.008","OKSR.W8.20190716.FIL","A00000099491","2019-07-16T19:30Z","2019-07-16T19:30Z","EcoCore_CSU","DOC",65.8500,"milligramsPerLiter",3.1,,0,,"OK"
"d869fcfa-7f2d-434d-9cf1-783a598ed7fa","D18","OKSR","OKSR.AOS.groundwater.well.008","OKSR.W8.20190716.FIL","A00000099491","2019-07-16T19:30Z","2019-07-16T19:30Z","EcoCore_CSU","TDN",4.4130,"milligramsPerLiter",5.6,,0,,"OK"
"a9371bf0-31f1-47cb-93e6-7b7d0f066123","D18","OKSR","OKSR.AOS.groundwater.well.008","OKSR.W8.20190716.FIL","A00000099491","2019-07-16T19:30Z","2019-07-16T19:30Z","EcoCore_CSU","Ortho - P",0.1220,"milligramsPerLiter",1.5,"Not enough for SWAPT. Arrived half-full - DIC compromised and not analyzed. No Raw sample",0,,"OK"
"87c22b9f-f0ef-46f7-af45-0445f9b5c34f","D18","OKSR","OKSR.AOS.groundwater.well.008","OKSR.W8.20190716.PCN","A00000099477","2019-07-16T19:30Z","2019-07-16T19:30Z","EcoCore_CSU","TPN",0.3705,"milligram",1.5,,0,,"OK"
"0a922283-faa9-46c0-b5ee-e29003f8cf65","D18","OKSR","OKSR.AOS.groundwater.well.008","OKSR.W8.20190716.FIL","A00000099491","2019-07-16T19:30Z","2019-07-16T19:30Z","EcoCore_CSU","NO2 - N",0.0231,"milligramsPerLiter",1.5,"Not enough for SWAPT. Arrived half-full - DIC compromised and not analyzed. No Raw sample",0,,"OK"
"c004ef7f-abd4-42bb-ad7d-622d13767737","D18","OKSR","OKSR.AOS.groundwater.well.008","OKSR.W8.20190716.FIL","A00000099491","2019-07-16T19:30Z","2019-07-16T19:30Z","EcoCore_CSU","NO3+NO2 - N",0.0459,"milligramsPerLiter",1.5,"Not enough for SWAPT. Arrived half-full - DIC compromised and not analyzed. No Raw sample",0,,"OK"
"d52c0d38-16db-4e34-9dea-c22e15a0f9ff","D18","OKSR","OKSR.AOS.groundwater.well.008","OKSR.W8.20190716.PCN","A00000099477","2019-07-16T19:30Z","2019-07-16T19:30Z","EcoCore_CSU","TPC",3.7367,"milligram",1.5,,0,,"OK"
"753d8b97-263e-4bd1-8b1b-619848e3c41f","D18","OKSR","OKSR.AOS.groundwater.well.008","OKSR.W8.20190716.FIL","A00000099491","2019-07-16T19:30Z","2019-07-16T19:30Z","EcoCore_CSU","NH4 - N",1.3187,"milligramsPerLiter",1.5,"Not enough for SWAPT. Arrived half-full - DIC compromised and not analyzed. No Raw sample",0,,"OK"
"5775f61c-9703-46b6-8d2f-c88fca0d9abe","D18","OKSR","OKSR.AOS.groundwater.well.007","OKSR.W7.20190716.FIL","A00000027262","2019-07-16T20:34Z","2019-07-16T20:34Z","EcoCore_CSU","UV Absorbance (250 nm)",0.2504,,1.5,,0,"formatChange","GOOD"
"7b2527b1-44c2-4133-ab6b-df5e1aa96fdc","D18","OKSR","OKSR.AOS.groundwater.well.007","OKSR.W7.20190716.RAW","A00000099509","2019-07-16T20:34Z","2019-07-16T20:34Z","EcoCore_CSU","TOC",23.4000,"milligramsPerLiter",1.5,,0,"formatChange","GOOD"
"a486c099-b489-4834-8a93-61697fa56e55","D18","OKSR","OKSR.AOS.groundwater.well.007","OKSR.W7.20190716.FIL","A00000027262","2019-07-16T20:34Z","2019-07-16T20:34Z","EcoCore_CSU","Ortho - P",0.0400,"milligramsPerLiter",1.5,,0,"formatChange","GOOD"
"cfb9f736-211d-45a2-ba59-9712844aaf7b","D18","OKSR","OKSR.AOS.groundwater.well.007","OKSR.W7.20190716.FIL","A00000027262","2019-07-16T20:34Z","2019-07-16T20:34Z","EcoCore_CSU","Mg",0.6800,"milligramsPerLiter",1.5,,0,"formatChange","GOOD"
"ad47615f-60f8-4fb7-9a2f-7a49ab0103a2","D18","OKSR","OKSR.AOS.groundwater.well.007","OKSR.W7.20190716.RAW","A00000099509","2019-07-16T20:34Z","2019-07-16T20:34Z","EcoCore_CSU","TN",3.4110,"milligramsPerLiter",1.5,,0,"formatChange","GOOD"
"eec36e1a-184a-4433-8c80-887ecae7e4ae","D18","OKSR","OKSR.AOS.groundwater.well.007","OKSR.W7.20190716.RAW","A00000099509","2019-07-16T20:34Z","2019-07-16T20:34Z","EcoCore_CSU","pH",5.8900,"pH",1.5,,0,"formatChange","GOOD"
"4a0b5f4a-890f-4b61-ad29-767ec94f1c63","D18","OKSR","OKSR.AOS.groundwater.well.007","OKSR.W7.20190716.RAW","A00000099509","2019-07-16T20:34Z","2019-07-16T20:34Z","EcoCore_CSU","TSS",50.0000,"milligramsPerLiter",1.5,,0,"formatChange","GOOD"
"c429709a-dcee-4dd3-9043-804b82045a7c","D18","OKSR","OKSR.AOS.groundwater.well.007","OKSR.W7.20190716.RAW","A00000099509","2019-07-16T20:34Z","2019-07-16T20:34Z","EcoCore_CSU","TP",0.3935,"milligramsPerLiter",1.5,,0,"formatChange","GOOD"
"f75793e6-a7d8-4fdd-88a4-9e8813fcdabb","D18","OKSR","OKSR.AOS.groundwater.well.007","OKSR.W7.20190716.FIL","A00000027262","2019-07-16T20:34Z","2019-07-16T20:34Z","EcoCore_CSU","UV Absorbance (280 nm)",0.1610,,1.5,,0,"formatChange","GOOD"
"d17a4449-1139-4b69-bde7-f3e09da6a6d5","D18","OKSR","OKSR.AOS.groundwater.well.007","OKSR.W7.20190716.FIL","A00000027262","2019-07-16T20:34Z","2019-07-16T20:34Z","EcoCore_CSU","DOC",18.7900,"milligramsPerLiter",1.5,,0,"formatChange","GOOD"
"17d6bd68-9c12-4566-83e7-20d89db65fec","D18","OKSR","OKSR.AOS.groundwater.well.007","OKSR.W7.20190716.DIC","A00000099510","2019-07-16T20:34Z","2019-07-16T20:34Z","EcoCore_CSU","pH",4.9500,"pH",1.1,"DIC and pH only",0,,"OK"
"451590d1-7ab3-4c4a-8238-e32c0aea1f4f","D18","OKSR","OKSR.AOS.groundwater.well.007","OKSR.W7.20190716.DIC","A00000099510","2019-07-16T20:34Z","2019-07-16T20:34Z","EcoCore_CSU","DIC",24.1400,"milligramsPerLiter",1.1,"DIC and pH only",0,,"OK"
"c7577ad9-9214-4247-86dc-8316533d4280","D18","OKSR","OKSR.AOS.groundwater.well.007","OKSR.W7.20190716.FIL","A00000027262","2019-07-16T20:34Z","2019-07-16T20:34Z","EcoCore_CSU","TDN",3.3480,"milligramsPerLiter",1.5,,0,"formatChange","GOOD"
"14257ab3-9506-4a39-9073-e77d4408564e","D18","OKSR","OKSR.AOS.groundwater.well.007","OKSR.W7.20190716.FIL","A00000027262","2019-07-16T20:34Z","2019-07-16T20:34Z","EcoCore_CSU","NH4 - N",0.7381,"milligramsPerLiter",1.5,,0,"formatChange","GOOD"
"f1e93d86-6545-4689-8887-b7689bf8d07f","D18","OKSR","OKSR.AOS.groundwater.well.007","OKSR.W7.20190716.FIL","A00000027262","2019-07-16T20:34Z","2019-07-16T20:34Z","EcoCore_CSU","TDS",18.4100,"milligramsPerLiter",1.5,,0,"formatChange","GOOD"
"e95392f1-8bd4-4563-8701-2f0c04e78733","D18","OKSR","OKSR.AOS.groundwater.well.007","OKSR.W7.20190716.RAW","A00000099509","2019-07-16T20:34Z","2019-07-16T20:34Z","EcoCore_CSU","ANC",0.0900,"milliequivalentsPerLiter",1.5,,0,"formatChange","GOOD"
"07f5d7ac-bd94-46bb-a94d-a698a5fd1061","D18","OKSR","OKSR.AOS.groundwater.well.007","OKSR.W7.20190716.FIL","A00000027262","2019-07-16T20:34Z","2019-07-16T20:34Z","EcoCore_CSU","Na",0.2830,"milligramsPerLiter",1.5,,0,"formatChange","GOOD"
"2d3bf3db-082a-4adf-aa1a-664ed99e7d8e","D18","OKSR","OKSR.AOS.groundwater.well.007","OKSR.W7.20190716.FIL","A00000027262","2019-07-16T20:34Z","2019-07-16T20:34Z","EcoCore_CSU","Br",0.0050,"milligramsPerLiter",1.5,,0,"formatChange","GOOD"
"8c20d5c6-aa18-45ad-a0a1-911d7202c71a","D18","OKSR","OKSR.AOS.groundwater.well.007","OKSR.W7.20190716.FIL","A00000027262","2019-07-16T20:34Z","2019-07-16T20:34Z","EcoCore_CSU","HCO3",4.6200,"milligramsPerLiter",1.5,,0,"formatChange","GOOD"
"bb856fb3-3760-48e3-8959-77945e5d8992","D18","OKSR","OKSR.AOS.groundwater.well.007","OKSR.W7.20190716.FIL","A00000027262","2019-07-16T20:34Z","2019-07-16T20:34Z","EcoCore_CSU","Mn",4.1720,"milligramsPerLiter",1.5,,0,"formatChange","GOOD"
"e130b131-4b1c-41c9-b9e2-8bb79ad14bf2","D18","OKSR","OKSR.AOS.groundwater.well.007","OKSR.W7.20190716.FIL","A00000027262","2019-07-16T20:34Z","2019-07-16T20:34Z","EcoCore_CSU","Fe",0.2320,"milligramsPerLiter",1.5,,0,"formatChange","GOOD"
"8525ced5-1a50-4668-9b84-4a856f2835b5","D18","OKSR","OKSR.AOS.groundwater.well.007","OKSR.W7.20190716.FIL","A00000027262","2019-07-16T20:34Z","2019-07-16T20:34Z","EcoCore_CSU","SO4",7.0470,"milligramsPerLiter",1.5,,0,"formatChange","GOOD"
"bf7dd125-863c-4c72-9d7d-fd893cac7c7e","D18","OKSR","OKSR.AOS.groundwater.well.007","OKSR.W7.20190716.FIL","A00000027262","2019-07-16T20:34Z","2019-07-16T20:34Z","EcoCore_CSU","Ca",3.5296,"milligramsPerLiter",1.5,,0,"formatChange","GOOD"
"063eb146-bb2c-4e2b-813f-1fda339a4126","D18","OKSR","OKSR.AOS.groundwater.well.007","OKSR.W7.20190716.RAW","A00000099509","2019-07-16T20:34Z","2019-07-16T20:34Z","EcoCore_CSU","TSS - Dry Mass",2500.0000,"microgram",1.5,,0,"formatChange","GOOD"
"131b444f-e124-438b-a50c-9ab1e2f49abf","D18","OKSR","OKSR.AOS.groundwater.well.007","OKSR.W7.20190716.PCN","A00000099507","2019-07-16T20:34Z","2019-07-16T20:34Z","EcoCore_CSU","TPN",0.3685,"milligram",1.5,,0,"formatChange","GOOD"
"4ab8f260-9219-403a-bd7e-c28021c2adcc","D18","OKSR","OKSR.AOS.groundwater.well.007","OKSR.W7.20190716.DIC","A00000099510","2019-07-16T20:34Z","2019-07-16T20:34Z","EcoCore_CSU","DIC",19.0800,"milligramsPerLiter",1.5,,0,"formatChange","GOOD"
"a60412a2-ca92-459a-966b-785ee0b7c544","D18","OKSR","OKSR.AOS.groundwater.well.007","OKSR.W7.20190716.FIL","A00000027262","2019-07-16T20:34Z","2019-07-16T20:34Z","EcoCore_CSU","TDP",0.0097,"milligramsPerLiter",1.5,,0,"formatChange","GOOD"
"3cabc579-c453-49a0-b136-7031326e97b8","D18","OKSR","OKSR.AOS.groundwater.well.007","OKSR.W7.20190716.FIL","A00000027262","2019-07-16T20:34Z","2019-07-16T20:34Z","EcoCore_CSU","NO2 - N",0.0401,"milligramsPerLiter",1.5,,0,"formatChange","GOOD"
"2dd27078-1801-495e-95ce-5602d09034e4","D18","OKSR","OKSR.AOS.groundwater.well.007","OKSR.W7.20190716.FIL","A00000027262","2019-07-16T20:34Z","2019-07-16T20:34Z","EcoCore_CSU","CO3",0.0050,"milligramsPerLiter",1.5,,0,"formatChange","GOOD"
"5eae52f3-174e-4c59-97ac-8d6ec7d76141","D18","OKSR","OKSR.AOS.groundwater.well.007","OKSR.W7.20190716.FIL","A00000027262","2019-07-16T20:34Z","2019-07-16T20:34Z","EcoCore_CSU","K",0.2680,"milligramsPerLiter",1.5,,0,"formatChange","GOOD"
"d6aa64ba-5a23-40f1-8fad-766a0cb4f8e3","D18","OKSR","OKSR.AOS.groundwater.well.007","OKSR.W7.20190716.FIL","A00000027262","2019-07-16T20:34Z","2019-07-16T20:34Z","EcoCore_CSU","Si",3.2839,"milligramsPerLiter",1.5,,0,"formatChange","GOOD"
"bb24ace0-eb8d-4e24-b6db-e0dc59280551","D18","OKSR","OKSR.AOS.groundwater.well.007","OKSR.W7.20190716.PCN","A00000099507","2019-07-16T20:34Z","2019-07-16T20:34Z","EcoCore_CSU","TPC",3.8985,"milligram",1.5,,0,"formatChange","GOOD"
"998396de-0930-4630-9311-3fc03a467be9","D18","OKSR","OKSR.AOS.groundwater.well.007","OKSR.W7.20190716.FIL","A00000027262","2019-07-16T20:34Z","2019-07-16T20:34Z","EcoCore_CSU","Cl",0.6710,"milligramsPerLiter",1.5,,0,"formatChange","GOOD"
"f9df367e-b3cf-4772-9cfd-c235180208af","D18","OKSR","OKSR.AOS.groundwater.well.007","OKSR.W7.20190716.FIL","A00000027262","2019-07-16T20:34Z","2019-07-16T20:34Z","EcoCore_CSU","NO3+NO2 - N",1.8044,"milligramsPerLiter",1.5,,0,"formatChange","GOOD"
"c274b7bd-af4a-4375-bdb3-a61c69ef377e","D18","OKSR","OKSR.AOS.groundwater.well.007","OKSR.W7.20190716.FIL","A00000027262","2019-07-16T20:34Z","2019-07-16T20:34Z","EcoCore_CSU","F",0.2267,"milligramsPerLiter",1.5,,0,"formatChange","GOOD"
"5eb57217-0a6c-4055-a763-adc17ec36146","D18","OKSR","OKSR.AOS.groundwater.well.007","OKSR.W7.20190716.RAW","A00000099509","2019-07-16T20:34Z","2019-07-16T20:34Z","EcoCore_CSU","conductivity",24.5200,"microsiemensPerCentimeter",1.5,,0,"formatChange","GOOD"
"c5fa92a7-184c-4628-8b0d-310a69c09052","D18","OKSR","OKSR.AOS.groundwater.well.005","OKSR.W5.20190716.FIL","A00000099474","2019-07-16T21:13Z","2019-07-16T21:13Z","EcoCore_CSU","UV Absorbance (280 nm)",4.7639,,3.5,"Not enough filtered for SWAPT, Raw only half full, not enough for SWAPT|UV off scale at 250nm",0,"formatChange","Other"
"0e8c6c33-3b17-4601-957e-1c27f6c0adcb","D18","OKSR","OKSR.AOS.groundwater.well.005","OKSR.W5.20190716.DIC","A00000099476","2019-07-16T21:13Z","2019-07-16T21:13Z","EcoCore_CSU","pH",6.0400,"pH",1.1,"DIC and pH only",0,,"OK"
"d9c820d3-72eb-4df8-88cb-37fe3f788eaa","D18","OKSR","OKSR.AOS.groundwater.well.005","OKSR.W5.20190716.RAW","A00000099492","2019-07-16T21:13Z","2019-07-16T21:13Z","EcoCore_CSU","conductivity",47.8700,"microsiemensPerCentimeter",3.5,"Not enough filtered for SWAPT, Raw only half full, not enough for SWAPT|UV off scale at 250nm",0,"formatChange","Other"
"412beffa-079a-4e69-af9f-14c0b10c6dd3","D18","OKSR","OKSR.AOS.groundwater.well.005","OKSR.W5.20190716.FIL","A00000099474","2019-07-16T21:13Z","2019-07-16T21:13Z","EcoCore_CSU","Si",,"milligramsPerLiter",3.5,"Not enough filtered for SWAPT, Raw only half full, not enough for SWAPT|UV off scale at 250nm",0,"formatChange","Other"
"afc85a5c-5505-4e02-b7a5-0a500e870bf6","D18","OKSR","OKSR.AOS.groundwater.well.005","OKSR.W5.20190716.PCN","A00000099490","2019-07-16T21:13Z","2019-07-16T21:13Z","EcoCore_CSU","TPC",0.6768,"milligram",3.5,,0,"formatChange","GOOD"
"4dabdf4e-138c-4d22-92db-5115dc58d7d2","D18","OKSR","OKSR.AOS.groundwater.well.005","OKSR.W5.20190716.FIL","A00000099474","2019-07-16T21:13Z","2019-07-16T21:13Z","EcoCore_CSU","UV Absorbance (250 nm)",,,3.5,"Not enough filtered for SWAPT, Raw only half full, not enough for SWAPT|UV off scale at 250nm",0,"formatChange","Other"
"90782652-a60c-4eb0-8173-ce6e676ed8a3","D18","OKSR","OKSR.AOS.groundwater.well.005","OKSR.W5.20190716.FIL","A00000099474","2019-07-16T21:13Z","2019-07-16T21:13Z","EcoCore_CSU","HCO3",,"milligramsPerLiter",3.5,"Not enough filtered for SWAPT, Raw only half full, not enough for SWAPT|UV off scale at 250nm",0,"formatChange","Other"
"80e1b398-b0ba-41af-866e-20e16fa378d2","D18","OKSR","OKSR.AOS.groundwater.well.005","OKSR.W5.20190716.FIL","A00000099474","2019-07-16T21:13Z","2019-07-16T21:13Z","EcoCore_CSU","Ortho - P",0.0390,"milligramsPerLiter",3.5,"Not enough filtered for SWAPT, Raw only half full, not enough for SWAPT|UV off scale at 250nm",0,"formatChange","Other"
"6e1cb448-56d0-4a96-a60b-a1c638fc4ae5","D18","OKSR","OKSR.AOS.groundwater.well.005","OKSR.W5.20190716.FIL","A00000099474","2019-07-16T21:13Z","2019-07-16T21:13Z","EcoCore_CSU","CO3",,"milligramsPerLiter",3.5,"Not enough filtered for SWAPT, Raw only half full, not enough for SWAPT|UV off scale at 250nm",0,"formatChange","Other"
"5737f8b8-9bf8-40a3-92c7-621b8e0c350b","D18","OKSR","OKSR.AOS.groundwater.well.005","OKSR.W5.20190716.RAW","A00000099492","2019-07-16T21:13Z","2019-07-16T21:13Z","EcoCore_CSU","TOC",47.8400,"milligramsPerLiter",3.5,"Not enough filtered for SWAPT, Raw only half full, not enough for SWAPT|UV off scale at 250nm",0,"formatChange","Other"
"30ee8415-a386-4d75-b2db-4f5f3199144c","D18","OKSR","OKSR.AOS.groundwater.well.005","OKSR.W5.20190716.FIL","A00000099474","2019-07-16T21:13Z","2019-07-16T21:13Z","EcoCore_CSU","TDS",,"milligramsPerLiter",3.5,"Not enough filtered for SWAPT, Raw only half full, not enough for SWAPT|UV off scale at 250nm",0,"formatChange","Other"
"2a9bec06-9fde-4582-9ae1-71e8a8707c18","D18","OKSR","OKSR.AOS.groundwater.well.005","OKSR.W5.20190716.FIL","A00000099474","2019-07-16T21:13Z","2019-07-16T21:13Z","EcoCore_CSU","TDP",,"milligramsPerLiter",3.5,"Not enough filtered for SWAPT, Raw only half full, not enough for SWAPT|UV off scale at 250nm",0,"formatChange","Other"
"1cbc0a81-f927-45a1-9038-38690e396224","D18","OKSR","OKSR.AOS.groundwater.well.005","OKSR.W5.20190716.FIL","A00000099474","2019-07-16T21:13Z","2019-07-16T21:13Z","EcoCore_CSU","Br",,"milligramsPerLiter",3.5,"Not enough filtered for SWAPT, Raw only half full, not enough for SWAPT|UV off scale at 250nm",0,"formatChange","Other"
"7ea999d7-db50-44c7-a9b3-8fd95526721f","D18","OKSR","OKSR.AOS.groundwater.well.005","OKSR.W5.20190716.RAW","A00000099492","2019-07-16T21:13Z","2019-07-16T21:13Z","EcoCore_CSU","ANC",0.2000,"milliequivalentsPerLiter",3.5,"Not enough filtered for SWAPT, Raw only half full, not enough for SWAPT|UV off scale at 250nm",0,"formatChange","Other"
"6e77a3b7-94ce-4d5f-9df9-bfa2b89e7440","D18","OKSR","OKSR.AOS.groundwater.well.005","OKSR.W5.20190716.RAW","A00000099492","2019-07-16T21:13Z","2019-07-16T21:13Z","EcoCore_CSU","TSS",1014.2857,"milligramsPerLiter",3.5,"Not enough filtered for SWAPT, Raw only half full, not enough for SWAPT|UV off scale at 250nm",0,"formatChange","Other"
"924c7d4e-5f50-4a74-9ce0-cdac52f7e643","D18","OKSR","OKSR.AOS.groundwater.well.005","OKSR.W5.20190716.FIL","A00000099474","2019-07-16T21:13Z","2019-07-16T21:13Z","EcoCore_CSU","F",,"milligramsPerLiter",3.5,"Not enough filtered for SWAPT, Raw only half full, not enough for SWAPT|UV off scale at 250nm",0,"formatChange","Other"
"4d67a11c-d949-42e2-a2e9-e8a5801fb8bf","D18","OKSR","OKSR.AOS.groundwater.well.005","OKSR.W5.20190716.FIL","A00000099474","2019-07-16T21:13Z","2019-07-16T21:13Z","EcoCore_CSU","NO3+NO2 - N",0.0587,"milligramsPerLiter",3.5,"Not enough filtered for SWAPT, Raw only half full, not enough for SWAPT|UV off scale at 250nm",0,"formatChange","Other"
"2eb3f399-1db0-48b1-85aa-a507b43604dd","D18","OKSR","OKSR.AOS.groundwater.well.005","OKSR.W5.20190716.PCN","A00000099490","2019-07-16T21:13Z","2019-07-16T21:13Z","EcoCore_CSU","TPN",0.1498,"milligram",3.5,,0,"formatChange","GOOD"
"65a866fe-7141-43cd-a164-87ff4dd9d3b8","D18","OKSR","OKSR.AOS.groundwater.well.005","OKSR.W5.20190716.FIL","A00000099474","2019-07-16T21:13Z","2019-07-16T21:13Z","EcoCore_CSU","Fe",,"milligramsPerLiter",3.5,"Not enough filtered for SWAPT, Raw only half full, not enough for SWAPT|UV off scale at 250nm",0,"formatChange","Other"
"bfdaae20-c083-40db-a4a3-e5bf0a4a5354","D18","OKSR","OKSR.AOS.groundwater.well.005","OKSR.W5.20190716.FIL","A00000099474","2019-07-16T21:13Z","2019-07-16T21:13Z","EcoCore_CSU","DOC",,"milligramsPerLiter",3.5,"Not enough filtered for SWAPT, Raw only half full, not enough for SWAPT|UV off scale at 250nm",0,"formatChange","Other"
"cd2e200d-1051-4cd5-bdea-3546bb70070c","D18","OKSR","OKSR.AOS.groundwater.well.005","OKSR.W5.20190716.FIL","A00000099474","2019-07-16T21:13Z","2019-07-16T21:13Z","EcoCore_CSU","Na",,"milligramsPerLiter",3.5,"Not enough filtered for SWAPT, Raw only half full, not enough for SWAPT|UV off scale at 250nm",0,"formatChange","Other"
"d31a76fd-c92a-4832-92ec-f97b9a1c928c","D18","OKSR","OKSR.AOS.groundwater.well.005","OKSR.W5.20190716.FIL","A00000099474","2019-07-16T21:13Z","2019-07-16T21:13Z","EcoCore_CSU","SO4",,"milligramsPerLiter",3.5,"Not enough filtered for SWAPT, Raw only half full, not enough for SWAPT|UV off scale at 250nm",0,"formatChange","Other"
"8b3862ab-d1c3-4a37-870d-1ebf09fb7bfb","D18","OKSR","OKSR.AOS.groundwater.well.005","OKSR.W5.20190716.FIL","A00000099474","2019-07-16T21:13Z","2019-07-16T21:13Z","EcoCore_CSU","NH4 - N",5.1770,"milligramsPerLiter",3.5,"Not enough filtered for SWAPT, Raw only half full, not enough for SWAPT|UV off scale at 250nm",0,"formatChange","Other"
"9a42f766-1ada-485e-b267-71c32001118d","D18","OKSR","OKSR.AOS.groundwater.well.005","OKSR.W5.20190716.FIL","A00000099474","2019-07-16T21:13Z","2019-07-16T21:13Z","EcoCore_CSU","Mg",,"milligramsPerLiter",3.5,"Not enough filtered for SWAPT, Raw only half full, not enough for SWAPT|UV off scale at 250nm",0,"formatChange","Other"
"566f0043-c0dc-423b-a06f-fb697cbfc079","D18","OKSR","OKSR.AOS.groundwater.well.005","OKSR.W5.20190716.RAW","A00000099492","2019-07-16T21:13Z","2019-07-16T21:13Z","EcoCore_CSU","TSS - Dry Mass",50714.2857,"microgram",3.5,"Not enough filtered for SWAPT, Raw only half full, not enough for SWAPT|UV off scale at 250nm",0,"formatChange","Other"
"a0f8540d-afaf-486e-b61d-eed08f3baad2","D18","OKSR","OKSR.AOS.groundwater.well.005","OKSR.W5.20190716.RAW","A00000099492","2019-07-16T21:13Z","2019-07-16T21:13Z","EcoCore_CSU","TN",5.9050,"milligramsPerLiter",3.5,"Not enough filtered for SWAPT, Raw only half full, not enough for SWAPT|UV off scale at 250nm",0,"formatChange","Other"
"bcf84411-e479-46c7-bb48-97d2f2839344","D18","OKSR","OKSR.AOS.groundwater.well.005","OKSR.W5.20190716.FIL","A00000099474","2019-07-16T21:13Z","2019-07-16T21:13Z","EcoCore_CSU","Cl",,"milligramsPerLiter",3.5,"Not enough filtered for SWAPT, Raw only half full, not enough for SWAPT|UV off scale at 250nm",0,"formatChange","Other"
"ab11233f-7aa1-4883-a723-7338d61c4f7b","D18","OKSR","OKSR.AOS.groundwater.well.005","OKSR.W5.20190716.FIL","A00000099474","2019-07-16T21:13Z","2019-07-16T21:13Z","EcoCore_CSU","Ca",,"milligramsPerLiter",3.5,"Not enough filtered for SWAPT, Raw only half full, not enough for SWAPT|UV off scale at 250nm",0,"formatChange","Other"
"5cb38c29-00aa-46d2-87c4-244d1f65e0bc","D18","OKSR","OKSR.AOS.groundwater.well.005","OKSR.W5.20190716.FIL","A00000099474","2019-07-16T21:13Z","2019-07-16T21:13Z","EcoCore_CSU","TDN",,"milligramsPerLiter",3.5,"Not enough filtered for SWAPT, Raw only half full, not enough for SWAPT|UV off scale at 250nm",0,"formatChange","Other"
"79ae8136-fb9e-40ab-a85e-e2fcfed03945","D18","OKSR","OKSR.AOS.groundwater.well.005","OKSR.W5.20190716.FIL","A00000099474","2019-07-16T21:13Z","2019-07-16T21:13Z","EcoCore_CSU","Mn",,"milligramsPerLiter",3.5,"Not enough filtered for SWAPT, Raw only half full, not enough for SWAPT|UV off scale at 250nm",0,"formatChange","Other"
"4d6c0a05-c51d-4039-8234-08268019dd7d","D18","OKSR","OKSR.AOS.groundwater.well.005","OKSR.W5.20190716.RAW","A00000099492","2019-07-16T21:13Z","2019-07-16T21:13Z","EcoCore_CSU","TP",0.1010,"milligramsPerLiter",3.5,"Not enough filtered for SWAPT, Raw only half full, not enough for SWAPT|UV off scale at 250nm",0,"formatChange","Other"
"143043a4-8f26-4b6b-ad02-9be2ec6e0910","D18","OKSR","OKSR.AOS.groundwater.well.005","OKSR.W5.20190716.RAW","A00000099492","2019-07-16T21:13Z","2019-07-16T21:13Z","EcoCore_CSU","pH",6.7900,"pH",3.5,"Not enough filtered for SWAPT, Raw only half full, not enough for SWAPT|UV off scale at 250nm",0,"formatChange","Other"
"efb5485a-0b39-41c4-9c6c-66f7290e2033","D18","OKSR","OKSR.AOS.groundwater.well.005","OKSR.W5.20190716.DIC","A00000099476","2019-07-16T21:13Z","2019-07-16T21:13Z","EcoCore_CSU","DIC",32.4500,"milligramsPerLiter",3.5,,0,"formatChange","GOOD"
"186eee20-240a-4a63-b89c-5340650def74","D18","OKSR","OKSR.AOS.groundwater.well.005","OKSR.W5.20190716.FIL","A00000099474","2019-07-16T21:13Z","2019-07-16T21:13Z","EcoCore_CSU","K",,"milligramsPerLiter",3.5,"Not enough filtered for SWAPT, Raw only half full, not enough for SWAPT|UV off scale at 250nm",0,"formatChange","Other"
"752a3075-26db-4d21-978e-a1347b3a0856","D18","OKSR","OKSR.AOS.groundwater.well.005","OKSR.W5.20190716.DIC","A00000099476","2019-07-16T21:13Z","2019-07-16T21:13Z","EcoCore_CSU","DIC",71.4800,"milligramsPerLiter",1.1,"DIC and pH only",0,,"OK"
"f24200f6-61db-47c9-9b21-ed8045a14c1d","D18","OKSR","OKSR.AOS.groundwater.well.005","OKSR.W5.20190716.FIL","A00000099474","2019-07-16T21:13Z","2019-07-16T21:13Z","EcoCore_CSU","NO2 - N",0.0661,"milligramsPerLiter",3.5,"Not enough filtered for SWAPT, Raw only half full, not enough for SWAPT|UV off scale at 250nm",0,"formatChange","Other"
