uid,domainID,siteID,namedLocation,decimalLatitude,decimalLongitude,coordinateUncertainty,elevation,elevationUncertainty,geodeticDatum,collectDate,aquaticSiteType,samplingImpractical,waterChemSamplesCollected,adequateSampleVol,parentSampleID,eventID,swcSamplingProtocolVersion,sampleExtractionMethod,samplerType,totalWellDepth,wellWaterDepth,waterColumnHeight,sampleDepth,purgeAverageDischargeRate,purgeTime,gwWellStabilized,purgeDryDateTime,pumpPlacementDate,screenedIntervalDepth,maxAllowableDrawdown,actualDrawdown,MADExceeded,wellVolumePurged,probeIDUnavailable,dissolvedOxygen,dissolvedOxygenSaturation,specificConductance,waterTemp,pH,waterClarityDescrip,waterColorDescrip,aCollectedBy,bCollectedBy,remarks
"55d5beb7-bc0b-4517-8823-39ed8dc5eba3","D18","OKSR","OKSR.AOS.groundwater.well.003",68.669343,-149.143509,0.1,768.5,0.1,"WGS84","2019-07-16T19:19Z","stream",,,"Y","OKSR.W3.20190716","OKSR.20190716","NEON.DOC.002905vF","Syringe","Syringe",,,,,,,,,,,,,,,,23.00,20.10,145.80,15.20,6.32,,,"0000-0003-1651-3911","0000-0002-2848-7952",
"b09b0b4c-d7fa-49a3-9a85-38d5482f2c61","D18","OKSR","OKSR.AOS.groundwater.well.008",68.669955,-149.143747,0.1,768.8,0.1,"WGS84","2019-07-16T19:30Z","stream",,,"N","OKSR.W8.20190716","OKSR.20190716","NEON.DOC.002905vF","bailer tube","Groundwater Bailer Tube",,,,,,,,,,,,,,,,,,,,,"opaque","brown","0000-0002-2848-7952","0000-0003-1651-3911",
"f8fca732-ce0b-48bb-ad24-757a5fe7cfbb","D18","OKSR","OKSR.AOS.groundwater.well.007",68.669333,-149.151055,0.1,771.8,0.1,"WGS84","2019-07-16T20:34Z","stream",,,"Y","OKSR.W7.20190716","OKSR.20190716","NEON.DOC.002905vF","Syringe","Syringe",,,,,,,,,,,,,,,,4.36,41.00,65.60,11.40,7.54,,,"0000-0003-1651-3911","0000-0001-7459-8496",
"54168e8e-b8e2-424a-bd96-4a19ad3c2097","D18","OKSR","OKSR.AOS.groundwater.well.005",68.668708,-149.150487,0.1,772.0,0.1,"WGS84","2019-07-16T21:13Z","stream",,,"N","OKSR.W5.20190716","OKSR.20190716","NEON.DOC.002905vF","Syringe","Syringe",,,,,,,,,,,,,,,,,,,,7.08,,,"0000-0003-1651-3911","0000-0001-7459-8496",
