uid,domainID,siteID,namedLocation,collectDate,titrationDate,parentSampleID,domainSampleID,remarks,measuredBy,alkMeqPerL,alkMgPerL,ancMeqPerL,ancMgPerL
"d73564e1-3734-4382-9933-feb87367f1e8","D17","BIGC","BIGC.AOS.groundwater.well.002","2018-07-03T16:10Z","2018-07-04T14:15Z","BIGC.W2.20180703","BIGC.W2.20180703.ALK",,"HB",0.630,31.500,,
"b648d6e3-a0f2-4aef-ba0a-ed4d7129ef07","D17","BIGC","BIGC.AOS.groundwater.well.001","2018-07-03T17:47Z","2018-07-04T14:55Z","BIGC.W1.20180703","BIGC.W1.20180703.ALK",,"HB",1.570,78.700,,
"d0a8c1aa-b667-44d4-b400-cc01f7d047d8","D17","BIGC","BIGC.AOS.groundwater.well.006","2018-07-03T19:24Z","2018-07-04T15:55Z","BIGC.W6.20180703","BIGC.W6.20180703.ALK",,"HB",1.140,57.000,,
"21cfe905-1eb3-434b-94f5-6db7141efbb2","D17","BIGC","BIGC.AOS.groundwater.well.005","2018-07-03T20:26Z","2018-07-04T16:20Z","BIGC.W5.20180703","BIGC.W5.20180703.ALK",,"HB",0.550,27.600,,
