uid,domainID,siteID,namedLocation,collectDate,parentSampleID,sampleCondition,sampleID,replicateNumber,gwwDICBubbleFree,gwwFiltSampleHeadspace,gwwAlkSampleHeadspace,gwwAlkSampleBubbleFree,processedDate,processedDateFilters,sampleVolumeFiltered,shipmentTimeRange
"c62c541a-c61a-4c15-b764-2477a2b81eae","D17","BIGC","BIGC.AOS.groundwater.well.002","2018-07-03T16:10Z","BIGC.W2.20180703","Sample condition ok","BIGC.W2.20180703",1,,,,,"2018-07-03T16:10Z","2018-07-03T16:10Z",42.0,
"4ceb61c3-0639-44e3-8006-e15388ac684f","D17","BIGC","BIGC.AOS.groundwater.well.001","2018-07-03T17:47Z","BIGC.W1.20180703","Sample condition ok","BIGC.W1.20180703",1,,,,,"2018-07-03T17:47Z","2018-07-03T17:47Z",42.0,
"f14cd067-7159-4cda-bbf1-413dd484cfba","D17","BIGC","BIGC.AOS.groundwater.well.006","2018-07-03T19:24Z","BIGC.W6.20180703","Sample condition ok","BIGC.W6.20180703",1,,,,,"2018-07-03T19:24Z","2018-07-03T19:24Z",54.0,
"6f1c53e8-54c8-4f9d-9ef4-2967827b3e06","D17","BIGC","BIGC.AOS.groundwater.well.005","2018-07-03T20:26Z","BIGC.W5.20180703","Sample condition ok","BIGC.W5.20180703",1,,,,,"2018-07-03T20:26Z","2018-07-03T20:26Z",47.0,
