uid,domainID,siteID,namedLocation,decimalLatitude,decimalLongitude,coordinateUncertainty,elevation,elevationUncertainty,geodeticDatum,collectDate,aquaticSiteType,samplingImpractical,waterChemSamplesCollected,adequateSampleVol,parentSampleID,eventID,swcSamplingProtocolVersion,sampleExtractionMethod,samplerType,totalWellDepth,wellWaterDepth,waterColumnHeight,sampleDepth,purgeAverageDischargeRate,purgeTime,gwWellStabilized,purgeDryDateTime,pumpPlacementDate,screenedIntervalDepth,maxAllowableDrawdown,actualDrawdown,MADExceeded,wellVolumePurged,probeIDUnavailable,dissolvedOxygen,dissolvedOxygenSaturation,specificConductance,waterTemp,pH,waterClarityDescrip,waterColorDescrip,aCollectedBy,bCollectedBy,remarks
"9221f94a-cf23-4b9f-8787-1b499e8ae400","D17","BIGC","BIGC.AOS.groundwater.well.002",37.057454,-119.255032,0.1,1130.6,0.1,"WGS84","2018-07-03T16:10Z","stream",,,,"BIGC.W2.20180703","BIGC.20180703","NEON.DOC.002905vE","low-flow","Groundwater Pump",6.6,3.0,3.6,4.0,,,,,,,,,,3.7,,1.60,15.50,94.20,14.50,,"opaque","brown","zlafaver@battelleecology.org","hbull@battelleecology.org",
"e6ba6af4-052e-4b56-9854-2b8c53cee84e","D17","BIGC","BIGC.AOS.groundwater.well.001",37.057579,-119.255032,0.1,1129.5,0.1,"WGS84","2018-07-03T17:47Z","stream",,,,"BIGC.W1.20180703","BIGC.20180703","NEON.DOC.002905vE","low-flow","Groundwater Pump",5.5,1.7,3.7,2.7,,,,,,,,,,1.6,,1.45,15.20,175.10,15.00,,"cloudy","brown","jschnebelen@battelleecology.org","jschnebelen@battelleecology.org",
"73bb9c4b-4346-4bd0-9f98-f00b6f628e09","D17","BIGC","BIGC.AOS.groundwater.well.006",37.058649,-119.256542,0.1,1132.6,0.1,"WGS84","2018-07-03T19:24Z","stream",,,,"BIGC.W6.20180703","BIGC.20180703","NEON.DOC.002905vE","low-flow","Groundwater Pump",5.7,3.9,1.8,4.9,,,,,,,,,,2.4,,0.90,8.10,161.10,13.50,,"opaque","brown","jschnebelen@battelleecology.org","jschnebelen@battelleecology.org",
"121d09a4-3388-436b-b9fc-14c4ad29e7f5","D17","BIGC","BIGC.AOS.groundwater.well.005",37.058840,-119.256469,0.1,1132.2,0.1,"WGS84","2018-07-03T20:26Z","stream",,,,"BIGC.W5.20180703","BIGC.20180703","NEON.DOC.002905vE","low-flow","Groundwater Pump",4.4,2.6,1.8,3.6,,,,,,,,,,1.2,,3.81,40.30,97.20,19.20,,"opaque","brown","jschnebelen@battelleecology.org","jschnebelen@battelleecology.org","Pump compression motor stopped. Tried hard reset and still wouldn't compress. Waited 5 minutes and turned back on. Flow rate was then 100 mL/sec"
