uid,domainID,siteID,namedLocation,sampleID,sampleCode,startDate,collectDate,laboratoryName,analyte,analyteConcentration,analyteUnits,coolerTemp,remarks,shipmentWarmQF,externalLabDataQF,sampleCondition
"de5caeb4-12d1-4cb9-8dcb-3bef104d27a6","D17","BIGC","BIGC.AOS.groundwater.well.002","BIGC.W2.20180703.FIL","A00000026122","2018-07-03T16:10Z","2018-07-03T16:10Z","EcoCore_CSU","NO3+NO2 - N",,"milligramsPerLiter",11.7,"sample arrived >10C",1,"formatChange","Other"
"5030741f-4c6d-40ca-84d1-0677fa78b826","D17","BIGC","BIGC.AOS.groundwater.well.002","BIGC.W2.20180703.FIL","A00000026122","2018-07-03T16:10Z","2018-07-03T16:10Z","EcoCore_CSU","DOC",,"milligramsPerLiter",11.7,"sample arrived >10C",1,"formatChange","Other"
"87834ebf-c1a2-4fcd-966a-d8fcdca87895","D17","BIGC","BIGC.AOS.groundwater.well.002","BIGC.W2.20180703.RAW","A00000026118","2018-07-03T16:10Z","2018-07-03T16:10Z","EcoCore_CSU","TSS",416.0000,"milligramsPerLiter",11.7,"sample arrived >10C",1,"formatChange","Other"
"a0e1290b-b17b-49b1-858e-3e178918b944","D17","BIGC","BIGC.AOS.groundwater.well.002","BIGC.W2.20180703.FIL","A00000026122","2018-07-03T16:10Z","2018-07-03T16:10Z","EcoCore_CSU","Mn",0.2050,"milligramsPerLiter",11.7,"sample arrived >10C",1,"formatChange","Other"
"732c2a4d-ccf8-4de1-b675-0aa33416be7f","D17","BIGC","BIGC.AOS.groundwater.well.002","BIGC.W2.20180703.RAW","A00000026118","2018-07-03T16:10Z","2018-07-03T16:10Z","EcoCore_CSU","pH",6.8600,"pH",11.7,"sample arrived >10C",1,"formatChange","Other"
"a2fe8c41-d5dc-48f4-be2b-50c01010ff28","D17","BIGC","BIGC.AOS.groundwater.well.002","BIGC.W2.20180703.FIL","A00000026122","2018-07-03T16:10Z","2018-07-03T16:10Z","EcoCore_CSU","Br",0.0050,"milligramsPerLiter",11.7,"sample arrived >10C",1,"formatChange","Other"
"4c84cd68-afdc-48a3-8876-7ec918923d88","D17","BIGC","BIGC.AOS.groundwater.well.002","BIGC.W2.20180703.FIL","A00000026122","2018-07-03T16:10Z","2018-07-03T16:10Z","EcoCore_CSU","UV Absorbance (250 nm)",0.0372,,11.7,"sample arrived >10C",1,"formatChange","Other"
"4f0c72d3-da3b-4d06-a47f-e4f711aee560","D17","BIGC","BIGC.AOS.groundwater.well.002","BIGC.W2.20180703.RAW","A00000026118","2018-07-03T16:10Z","2018-07-03T16:10Z","EcoCore_CSU","conductivity",89.4200,"microsiemensPerCentimeter",11.7,"sample arrived >10C",1,"formatChange","Other"
"a76d131b-369a-47ae-8330-33c47ba91be9","D17","BIGC","BIGC.AOS.groundwater.well.002","BIGC.W2.20180703.FIL","A00000026122","2018-07-03T16:10Z","2018-07-03T16:10Z","EcoCore_CSU","K",1.8150,"milligramsPerLiter",11.7,"sample arrived >10C",1,"formatChange","Other"
"74fdc066-52ae-46c6-a235-5f095ea9cf92","D17","BIGC","BIGC.AOS.groundwater.well.002","BIGC.W2.20180703.FIL","A00000026122","2018-07-03T16:10Z","2018-07-03T16:10Z","EcoCore_CSU","NH4 - N",,"milligramsPerLiter",11.7,"sample arrived >10C",1,"formatChange","Other"
"6e0ee11d-0e44-4793-ae5f-9ae3877a8e98","D17","BIGC","BIGC.AOS.groundwater.well.002","BIGC.W2.20180703.PCN","A00000027048","2018-07-03T16:10Z","2018-07-03T16:10Z","EcoCore_CSU","TPN",0.0851,"milligram",11.7,"sample arrived >10C",1,"formatChange","Other"
"1c6c1039-6e16-4420-bc12-75170be74325","D17","BIGC","BIGC.AOS.groundwater.well.002","BIGC.W2.20180703.FIL","A00000026122","2018-07-03T16:10Z","2018-07-03T16:10Z","EcoCore_CSU","Ca",8.1500,"milligramsPerLiter",11.7,"sample arrived >10C",1,"formatChange","Other"
"16ca64dd-93f9-4fca-8006-6dc82579deff","D17","BIGC","BIGC.AOS.groundwater.well.002","BIGC.W2.20180703.RAW","A00000026118","2018-07-03T16:10Z","2018-07-03T16:10Z","EcoCore_CSU","TP",0.1210,"milligramsPerLiter",11.7,"sample arrived >10C",1,"formatChange","Other"
"c981bd40-442f-4730-b998-2b052ad9d636","D17","BIGC","BIGC.AOS.groundwater.well.002","BIGC.W2.20180703.FIL","A00000026122","2018-07-03T16:10Z","2018-07-03T16:10Z","EcoCore_CSU","Si",17.1000,"milligramsPerLiter",11.7,"sample arrived >10C",1,"formatChange","Other"
"eb60fec4-38c5-4a1e-bef3-1b836521d5cb","D17","BIGC","BIGC.AOS.groundwater.well.002","BIGC.W2.20180703.FIL","A00000026122","2018-07-03T16:10Z","2018-07-03T16:10Z","EcoCore_CSU","NO2 - N",,"milligramsPerLiter",11.7,"sample arrived >10C",1,"formatChange","Other"
"4c421be0-bf6a-422e-9200-15699d3f7c63","D17","BIGC","BIGC.AOS.groundwater.well.002","BIGC.W2.20180703.RAW","A00000026118","2018-07-03T16:10Z","2018-07-03T16:10Z","EcoCore_CSU","ANC",0.8500,"milliequivalentsPerLiter",11.7,"sample arrived >10C",1,"formatChange","Other"
"5da80af1-4c15-4a47-90b5-9d434ea94f5c","D17","BIGC","BIGC.AOS.groundwater.well.002","BIGC.W2.20180703.FIL","A00000026122","2018-07-03T16:10Z","2018-07-03T16:10Z","EcoCore_CSU","TDS",63.5000,"milligramsPerLiter",11.7,"sample arrived >10C",1,"formatChange","Other"
"b683ecf8-cde4-4b95-9ebe-dae612c77977","D17","BIGC","BIGC.AOS.groundwater.well.002","BIGC.W2.20180703.FIL","A00000026122","2018-07-03T16:10Z","2018-07-03T16:10Z","EcoCore_CSU","HCO3",48.1400,"milligramsPerLiter",11.7,"sample arrived >10C",1,"formatChange","Other"
"75364c45-47c3-4daa-8a8e-cc3b73f1bb82","D17","BIGC","BIGC.AOS.groundwater.well.002","BIGC.W2.20180703.RAW","A00000026118","2018-07-03T16:10Z","2018-07-03T16:10Z","EcoCore_CSU","TOC",,"milligramsPerLiter",11.7,"sample arrived >10C",1,"formatChange","Other"
"349e9df8-2d8c-4897-af43-4473d253adc0","D17","BIGC","BIGC.AOS.groundwater.well.002","BIGC.W2.20180703.FIL","A00000026122","2018-07-03T16:10Z","2018-07-03T16:10Z","EcoCore_CSU","DIC",,"milligramsPerLiter",11.7,"sample arrived >10C",1,"formatChange","Other"
"4243d8b2-8060-4b33-9ce8-c4d9fa4ce404","D17","BIGC","BIGC.AOS.groundwater.well.002","BIGC.W2.20180703.FIL","A00000026122","2018-07-03T16:10Z","2018-07-03T16:10Z","EcoCore_CSU","Mg",2.2320,"milligramsPerLiter",11.7,"sample arrived >10C",1,"formatChange","Other"
"f3f71dfa-ee16-4db5-8c29-b4d3d8158797","D17","BIGC","BIGC.AOS.groundwater.well.002","BIGC.W2.20180703.FIL","A00000026122","2018-07-03T16:10Z","2018-07-03T16:10Z","EcoCore_CSU","TDP",,"milligramsPerLiter",11.7,"sample arrived >10C",1,"formatChange","Other"
"363c4d78-b593-4129-af95-7d5101f95b9a","D17","BIGC","BIGC.AOS.groundwater.well.002","BIGC.W2.20180703.PCN","A00000027048","2018-07-03T16:10Z","2018-07-03T16:10Z","EcoCore_CSU","TPC",0.2968,"milligram",11.7,"sample arrived >10C",1,"formatChange","Other"
"52764dbd-b125-4377-8d88-0510854a1b20","D17","BIGC","BIGC.AOS.groundwater.well.002","BIGC.W2.20180703.FIL","A00000026122","2018-07-03T16:10Z","2018-07-03T16:10Z","EcoCore_CSU","Fe",0.0005,"milligramsPerLiter",11.7,"sample arrived >10C",1,"formatChange","Other"
"6c802db6-91d6-43af-9afb-de0aca53518a","D17","BIGC","BIGC.AOS.groundwater.well.002","BIGC.W2.20180703.FIL","A00000026122","2018-07-03T16:10Z","2018-07-03T16:10Z","EcoCore_CSU","Cl",2.5911,"milligramsPerLiter",11.7,"sample arrived >10C",1,"formatChange","Other"
"17d2ead2-1ffa-49ce-9b04-4692f6e671ac","D17","BIGC","BIGC.AOS.groundwater.well.002","BIGC.W2.20180703.RAW","A00000026118","2018-07-03T16:10Z","2018-07-03T16:10Z","EcoCore_CSU","TSS - Dry Mass",20800.0000,"microgram",11.7,"sample arrived >10C",1,"formatChange","Other"
"b74a8041-e05f-4650-b2ef-548debf4ad52","D17","BIGC","BIGC.AOS.groundwater.well.002","BIGC.W2.20180703.FIL","A00000026122","2018-07-03T16:10Z","2018-07-03T16:10Z","EcoCore_CSU","F",0.0050,"milligramsPerLiter",11.7,"sample arrived >10C",1,"formatChange","Other"
"fe136bb7-0527-463b-9a01-a1feb2884241","D17","BIGC","BIGC.AOS.groundwater.well.002","BIGC.W2.20180703.FIL","A00000026122","2018-07-03T16:10Z","2018-07-03T16:10Z","EcoCore_CSU","SO4",1.4040,"milligramsPerLiter",11.7,"sample arrived >10C",1,"formatChange","Other"
"47ec6c6e-59a3-4b05-8841-4565b479f15d","D17","BIGC","BIGC.AOS.groundwater.well.002","BIGC.W2.20180703.FIL","A00000026122","2018-07-03T16:10Z","2018-07-03T16:10Z","EcoCore_CSU","CO3",0.0050,"milligramsPerLiter",11.7,"sample arrived >10C",1,"formatChange","Other"
"4ee69217-eafb-42c1-b489-0fa969a99dac","D17","BIGC","BIGC.AOS.groundwater.well.002","BIGC.W2.20180703.FIL","A00000026122","2018-07-03T16:10Z","2018-07-03T16:10Z","EcoCore_CSU","Ortho - P",,"milligramsPerLiter",11.7,"sample arrived >10C",1,"formatChange","Other"
"3216f6bd-5215-4a07-8192-a5b64fba2e70","D17","BIGC","BIGC.AOS.groundwater.well.002","BIGC.W2.20180703.FIL","A00000026122","2018-07-03T16:10Z","2018-07-03T16:10Z","EcoCore_CSU","TDN",,"milligramsPerLiter",11.7,"sample arrived >10C",1,"formatChange","Other"
"2c92b225-85dc-4ecc-bb30-bfa8a05d60b3","D17","BIGC","BIGC.AOS.groundwater.well.002","BIGC.W2.20180703.FIL","A00000026122","2018-07-03T16:10Z","2018-07-03T16:10Z","EcoCore_CSU","UV Absorbance (280 nm)",0.0275,,11.7,"sample arrived >10C",1,"formatChange","Other"
"b12e20e2-4ebb-441f-94c0-c8463161ab43","D17","BIGC","BIGC.AOS.groundwater.well.002","BIGC.W2.20180703.FIL","A00000026122","2018-07-03T16:10Z","2018-07-03T16:10Z","EcoCore_CSU","Na",5.5230,"milligramsPerLiter",11.7,"sample arrived >10C",1,"formatChange","Other"
"1d5edb64-f671-443b-a2c3-215d6c495e25","D17","BIGC","BIGC.AOS.groundwater.well.002","BIGC.W2.20180703.RAW","A00000026118","2018-07-03T16:10Z","2018-07-03T16:10Z","EcoCore_CSU","TN",,"milligramsPerLiter",11.7,"sample arrived >10C",1,"formatChange","Other"
"4f08d854-1089-4ad0-84ad-79e66ac36220","D17","BIGC","BIGC.AOS.groundwater.well.001","BIGC.W1.20180703.FIL","A00000026121","2018-07-03T17:47Z","2018-07-03T17:47Z","EcoCore_CSU","K",3.0680,"milligramsPerLiter",11.7,"sample arrived >10C",1,"formatChange","Other"
"6cb871d5-3e31-4864-b04a-dfe2e80537af","D17","BIGC","BIGC.AOS.groundwater.well.001","BIGC.W1.20180703.FIL","A00000026121","2018-07-03T17:47Z","2018-07-03T17:47Z","EcoCore_CSU","UV Absorbance (250 nm)",0.0145,,11.7,"sample arrived >10C",1,"formatChange","Other"
"4e928ac2-5aa1-4df9-9114-f3f7eaa01ca0","D17","BIGC","BIGC.AOS.groundwater.well.001","BIGC.W1.20180703.FIL","A00000026121","2018-07-03T17:47Z","2018-07-03T17:47Z","EcoCore_CSU","Si",20.9700,"milligramsPerLiter",11.7,"sample arrived >10C",1,"formatChange","Other"
"46f6584d-f4fe-4288-a059-f61487b8e40e","D17","BIGC","BIGC.AOS.groundwater.well.001","BIGC.W1.20180703.FIL","A00000026121","2018-07-03T17:47Z","2018-07-03T17:47Z","EcoCore_CSU","Ca",20.0890,"milligramsPerLiter",11.7,"sample arrived >10C",1,"formatChange","Other"
"8dd4bea7-560d-455a-ade7-d37c8ad51c7e","D17","BIGC","BIGC.AOS.groundwater.well.001","BIGC.W1.20180703.PCN","A00000027072","2018-07-03T17:47Z","2018-07-03T17:47Z","EcoCore_CSU","TPC",0.3112,"milligram",11.7,"sample arrived >10C",1,"formatChange","Other"
"affbdad1-8335-429b-a1cc-e6659de048a3","D17","BIGC","BIGC.AOS.groundwater.well.001","BIGC.W1.20180703.FIL","A00000026121","2018-07-03T17:47Z","2018-07-03T17:47Z","EcoCore_CSU","SO4",0.7980,"milligramsPerLiter",11.7,"sample arrived >10C",1,"formatChange","Other"
"eb9a14f4-d42e-4623-a03b-b2078f94b1f1","D17","BIGC","BIGC.AOS.groundwater.well.001","BIGC.W1.20180703.FIL","A00000026121","2018-07-03T17:47Z","2018-07-03T17:47Z","EcoCore_CSU","HCO3",67.2900,"milligramsPerLiter",11.7,"sample arrived >10C",1,"formatChange","Other"
"09f3204b-f8dc-4d63-8b3f-e5e4e203aed7","D17","BIGC","BIGC.AOS.groundwater.well.001","BIGC.W1.20180703.FIL","A00000026121","2018-07-03T17:47Z","2018-07-03T17:47Z","EcoCore_CSU","DIC",,"milligramsPerLiter",11.7,"sample arrived >10C",1,"formatChange","Other"
"48842a04-5210-43c4-b3a3-5664ad6bc6cd","D17","BIGC","BIGC.AOS.groundwater.well.001","BIGC.W1.20180703.FIL","A00000026121","2018-07-03T17:47Z","2018-07-03T17:47Z","EcoCore_CSU","CO3",0.0050,"milligramsPerLiter",11.7,"sample arrived >10C",1,"formatChange","Other"
"e4759874-8a9e-4082-ab79-d22ecc3415cc","D17","BIGC","BIGC.AOS.groundwater.well.001","BIGC.W1.20180703.FIL","A00000026121","2018-07-03T17:47Z","2018-07-03T17:47Z","EcoCore_CSU","Ortho - P",,"milligramsPerLiter",11.7,"sample arrived >10C",1,"formatChange","Other"
"824038ff-0980-4092-af6b-e7f0b5f6354b","D17","BIGC","BIGC.AOS.groundwater.well.001","BIGC.W1.20180703.FIL","A00000026121","2018-07-03T17:47Z","2018-07-03T17:47Z","EcoCore_CSU","NO2 - N",,"milligramsPerLiter",11.7,"sample arrived >10C",1,"formatChange","Other"
"38a34c0d-5beb-4e3e-87f0-b49320d308ac","D17","BIGC","BIGC.AOS.groundwater.well.001","BIGC.W1.20180703.RAW","A00000026117","2018-07-03T17:47Z","2018-07-03T17:47Z","EcoCore_CSU","ANC",1.2100,"milliequivalentsPerLiter",11.7,"sample arrived >10C",1,"formatChange","Other"
"a8fb63d1-b940-4982-9d9f-9267ad7f60ca","D17","BIGC","BIGC.AOS.groundwater.well.001","BIGC.W1.20180703.FIL","A00000026121","2018-07-03T17:47Z","2018-07-03T17:47Z","EcoCore_CSU","NO3+NO2 - N",,"milligramsPerLiter",11.7,"sample arrived >10C",1,"formatChange","Other"
"071f977e-e89d-476e-bc42-f5fdc9ebd4d9","D17","BIGC","BIGC.AOS.groundwater.well.001","BIGC.W1.20180703.PCN","A00000027072","2018-07-03T17:47Z","2018-07-03T17:47Z","EcoCore_CSU","TPN",0.0460,"milligram",11.7,"sample arrived >10C",1,"formatChange","Other"
"4ee12e12-7672-4475-ba41-0c0216db1aa9","D17","BIGC","BIGC.AOS.groundwater.well.001","BIGC.W1.20180703.FIL","A00000026121","2018-07-03T17:47Z","2018-07-03T17:47Z","EcoCore_CSU","TDP",,"milligramsPerLiter",11.7,"sample arrived >10C",1,"formatChange","Other"
"a7d2f3c0-ae0a-4f9a-a536-99edab7804ff","D17","BIGC","BIGC.AOS.groundwater.well.001","BIGC.W1.20180703.RAW","A00000026117","2018-07-03T17:47Z","2018-07-03T17:47Z","EcoCore_CSU","TSS",1434.0000,"milligramsPerLiter",11.7,"sample arrived >10C",1,"formatChange","Other"
"1a796002-f006-465c-a0db-9062bce1b8b1","D17","BIGC","BIGC.AOS.groundwater.well.001","BIGC.W1.20180703.FIL","A00000026121","2018-07-03T17:47Z","2018-07-03T17:47Z","EcoCore_CSU","TDS",130.2000,"milligramsPerLiter",11.7,"sample arrived >10C",1,"formatChange","Other"
"5160a6ed-97fc-45f4-b4a0-edd2a7a4766d","D17","BIGC","BIGC.AOS.groundwater.well.001","BIGC.W1.20180703.FIL","A00000026121","2018-07-03T17:47Z","2018-07-03T17:47Z","EcoCore_CSU","F",0.3411,"milligramsPerLiter",11.7,"sample arrived >10C",1,"formatChange","Other"
"7b4cbc85-411f-4c54-8683-5656d43eabb7","D17","BIGC","BIGC.AOS.groundwater.well.001","BIGC.W1.20180703.FIL","A00000026121","2018-07-03T17:47Z","2018-07-03T17:47Z","EcoCore_CSU","TDN",,"milligramsPerLiter",11.7,"sample arrived >10C",1,"formatChange","Other"
"9a40a0e9-0f6a-4171-8fcc-f5e39d36b7ad","D17","BIGC","BIGC.AOS.groundwater.well.001","BIGC.W1.20180703.FIL","A00000026121","2018-07-03T17:47Z","2018-07-03T17:47Z","EcoCore_CSU","Br",0.0050,"milligramsPerLiter",11.7,"sample arrived >10C",1,"formatChange","Other"
"bb53c381-84d7-47e7-b0bf-e83e229d51e6","D17","BIGC","BIGC.AOS.groundwater.well.001","BIGC.W1.20180703.FIL","A00000026121","2018-07-03T17:47Z","2018-07-03T17:47Z","EcoCore_CSU","Cl",23.9399,"milligramsPerLiter",11.7,"sample arrived >10C",1,"formatChange","Other"
"56e9b569-4def-45b9-a0b3-67d626012abb","D17","BIGC","BIGC.AOS.groundwater.well.001","BIGC.W1.20180703.RAW","A00000026117","2018-07-03T17:47Z","2018-07-03T17:47Z","EcoCore_CSU","TN",,"milligramsPerLiter",11.7,"sample arrived >10C",1,"formatChange","Other"
"d3fe166b-c40f-4413-a8a2-f898a9708afe","D17","BIGC","BIGC.AOS.groundwater.well.001","BIGC.W1.20180703.RAW","A00000026117","2018-07-03T17:47Z","2018-07-03T17:47Z","EcoCore_CSU","pH",7.4900,"pH",11.7,"sample arrived >10C",1,"formatChange","Other"
"6a29ea4e-4e65-4325-be2c-ff8126c12a1d","D17","BIGC","BIGC.AOS.groundwater.well.001","BIGC.W1.20180703.FIL","A00000026121","2018-07-03T17:47Z","2018-07-03T17:47Z","EcoCore_CSU","Fe",0.0005,"milligramsPerLiter",11.7,"sample arrived >10C",1,"formatChange","Other"
"8656c8ce-a5e2-49b8-8033-a14da0f08930","D17","BIGC","BIGC.AOS.groundwater.well.001","BIGC.W1.20180703.FIL","A00000026121","2018-07-03T17:47Z","2018-07-03T17:47Z","EcoCore_CSU","Mn",0.1450,"milligramsPerLiter",11.7,"sample arrived >10C",1,"formatChange","Other"
"9e613149-54e5-483e-99c4-ac993d799a63","D17","BIGC","BIGC.AOS.groundwater.well.001","BIGC.W1.20180703.RAW","A00000026117","2018-07-03T17:47Z","2018-07-03T17:47Z","EcoCore_CSU","conductivity",185.4700,"microsiemensPerCentimeter",11.7,"sample arrived >10C",1,"formatChange","Other"
"2de50ddc-cb44-4615-a81c-53665474e1e8","D17","BIGC","BIGC.AOS.groundwater.well.001","BIGC.W1.20180703.FIL","A00000026121","2018-07-03T17:47Z","2018-07-03T17:47Z","EcoCore_CSU","NH4 - N",,"milligramsPerLiter",11.7,"sample arrived >10C",1,"formatChange","Other"
"70f0a935-c471-4b84-9094-c4db4a7dcb2a","D17","BIGC","BIGC.AOS.groundwater.well.001","BIGC.W1.20180703.RAW","A00000026117","2018-07-03T17:47Z","2018-07-03T17:47Z","EcoCore_CSU","TP",0.0910,"milligramsPerLiter",11.7,"sample arrived >10C",1,"formatChange","Other"
"f3e91c5a-5731-4aae-8184-d5414ed5c5ef","D17","BIGC","BIGC.AOS.groundwater.well.001","BIGC.W1.20180703.FIL","A00000026121","2018-07-03T17:47Z","2018-07-03T17:47Z","EcoCore_CSU","Na",11.9800,"milligramsPerLiter",11.7,"sample arrived >10C",1,"formatChange","Other"
"6753c30c-6b2a-4920-b80d-1f27815acf62","D17","BIGC","BIGC.AOS.groundwater.well.001","BIGC.W1.20180703.RAW","A00000026117","2018-07-03T17:47Z","2018-07-03T17:47Z","EcoCore_CSU","TOC",,"milligramsPerLiter",11.7,"sample arrived >10C",1,"formatChange","Other"
"b9efd707-a6a1-4944-b313-a53ef65893fd","D17","BIGC","BIGC.AOS.groundwater.well.001","BIGC.W1.20180703.FIL","A00000026121","2018-07-03T17:47Z","2018-07-03T17:47Z","EcoCore_CSU","Mg",2.9430,"milligramsPerLiter",11.7,"sample arrived >10C",1,"formatChange","Other"
"3d2f26fd-c6d5-4f2c-be2a-211d02a8bc54","D17","BIGC","BIGC.AOS.groundwater.well.001","BIGC.W1.20180703.FIL","A00000026121","2018-07-03T17:47Z","2018-07-03T17:47Z","EcoCore_CSU","UV Absorbance (280 nm)",0.0092,,11.7,"sample arrived >10C",1,"formatChange","Other"
"db0997c6-6a03-42ac-bad3-dfd643fa9ddf","D17","BIGC","BIGC.AOS.groundwater.well.001","BIGC.W1.20180703.FIL","A00000026121","2018-07-03T17:47Z","2018-07-03T17:47Z","EcoCore_CSU","DOC",,"milligramsPerLiter",11.7,"sample arrived >10C",1,"formatChange","Other"
"6044a22d-d7ab-4cb8-965c-32f5dedb3203","D17","BIGC","BIGC.AOS.groundwater.well.001","BIGC.W1.20180703.RAW","A00000026117","2018-07-03T17:47Z","2018-07-03T17:47Z","EcoCore_CSU","TSS - Dry Mass",71700.0000,"microgram",11.7,"sample arrived >10C",1,"formatChange","Other"
"8b48a4b1-934e-468e-9b0a-5d1e304a39ff","D17","BIGC","BIGC.AOS.groundwater.well.006","BIGC.W6.20180703.FIL","A00000026124","2018-07-03T19:24Z","2018-07-03T19:24Z","EcoCore_CSU","Ca",13.8580,"milligramsPerLiter",0.9,,0,"formatChange","GOOD"
"6f27aabc-47cf-4fd1-ac3a-389067c2a867","D17","BIGC","BIGC.AOS.groundwater.well.006","BIGC.W6.20180703.FIL","A00000026124","2018-07-03T19:24Z","2018-07-03T19:24Z","EcoCore_CSU","Cl",22.9478,"milligramsPerLiter",0.9,,0,"formatChange","GOOD"
"a4f7dd72-bd08-4d42-b2cf-bed226b10c30","D17","BIGC","BIGC.AOS.groundwater.well.006","BIGC.W6.20180703.RAW","A00000026120","2018-07-03T19:24Z","2018-07-03T19:24Z","EcoCore_CSU","ANC",0.8400,"milliequivalentsPerLiter",0.9,,0,"formatChange","GOOD"
"3f8cd17b-420e-4137-8b9d-2c0d15da7a15","D17","BIGC","BIGC.AOS.groundwater.well.006","BIGC.W6.20180703.RAW","A00000026120","2018-07-03T19:24Z","2018-07-03T19:24Z","EcoCore_CSU","TSS - Dry Mass",32900.0000,"microgram",0.9,,0,"formatChange","GOOD"
"ff4116d2-2c7e-41e8-92e7-95c25fddd58c","D17","BIGC","BIGC.AOS.groundwater.well.006","BIGC.W6.20180703.FIL","A00000026124","2018-07-03T19:24Z","2018-07-03T19:24Z","EcoCore_CSU","UV Absorbance (250 nm)",0.1782,,0.9,,0,"formatChange","GOOD"
"6673f7cf-7f5c-4a67-a465-223355ba963e","D17","BIGC","BIGC.AOS.groundwater.well.006","BIGC.W6.20180703.FIL","A00000026124","2018-07-03T19:24Z","2018-07-03T19:24Z","EcoCore_CSU","F",0.4857,"milligramsPerLiter",0.9,,0,"formatChange","GOOD"
"37a89827-0228-4ff5-80d4-ada746a619c1","D17","BIGC","BIGC.AOS.groundwater.well.006","BIGC.W6.20180703.PCN","A00000027071","2018-07-03T19:24Z","2018-07-03T19:24Z","EcoCore_CSU","TPN",0.0479,"milligram",0.9,,0,"formatChange","GOOD"
"72d99afd-9f99-473c-8709-bffc48a0cb25","D17","BIGC","BIGC.AOS.groundwater.well.006","BIGC.W6.20180703.FIL","A00000026124","2018-07-03T19:24Z","2018-07-03T19:24Z","EcoCore_CSU","SO4",2.9910,"milligramsPerLiter",0.9,,0,"formatChange","GOOD"
"a69569e0-2657-4650-b5bc-50402b325592","D17","BIGC","BIGC.AOS.groundwater.well.006","BIGC.W6.20180703.FIL","A00000026124","2018-07-03T19:24Z","2018-07-03T19:24Z","EcoCore_CSU","Si",18.8300,"milligramsPerLiter",0.9,,0,"formatChange","GOOD"
"5cd03254-c1cb-4e48-9e37-b092178366ec","D17","BIGC","BIGC.AOS.groundwater.well.006","BIGC.W6.20180703.FIL","A00000026124","2018-07-03T19:24Z","2018-07-03T19:24Z","EcoCore_CSU","K",1.1750,"milligramsPerLiter",0.9,,0,"formatChange","GOOD"
"f69cce34-4d09-48cf-a2c4-3ceffaedc257","D17","BIGC","BIGC.AOS.groundwater.well.006","BIGC.W6.20180703.FIL","A00000026124","2018-07-03T19:24Z","2018-07-03T19:24Z","EcoCore_CSU","TDP",0.0600,"milligramsPerLiter",0.9,,0,"formatChange","GOOD"
"63505391-993d-423d-8f4c-e1af35ee3f91","D17","BIGC","BIGC.AOS.groundwater.well.006","BIGC.W6.20180703.FIL","A00000026124","2018-07-03T19:24Z","2018-07-03T19:24Z","EcoCore_CSU","NH4 - N",0.0501,"milligramsPerLiter",0.9,,0,"formatChange","GOOD"
"ff50649c-5f3b-415b-91c7-41645c8cd488","D17","BIGC","BIGC.AOS.groundwater.well.006","BIGC.W6.20180703.FIL","A00000026124","2018-07-03T19:24Z","2018-07-03T19:24Z","EcoCore_CSU","NO3+NO2 - N",0.0028,"milligramsPerLiter",0.9,,0,"formatChange","GOOD"
"57a3065e-8c95-4762-98eb-1e28b3fbc8a2","D17","BIGC","BIGC.AOS.groundwater.well.006","BIGC.W6.20180703.FIL","A00000026124","2018-07-03T19:24Z","2018-07-03T19:24Z","EcoCore_CSU","UV Absorbance (280 nm)",0.1326,,0.9,,0,"formatChange","GOOD"
"bd7cbe0c-ce6f-44e3-962f-98c95322da82","D17","BIGC","BIGC.AOS.groundwater.well.006","BIGC.W6.20180703.FIL","A00000026124","2018-07-03T19:24Z","2018-07-03T19:24Z","EcoCore_CSU","NO2 - N",0.0218,"milligramsPerLiter",0.9,,0,"formatChange","GOOD"
"e5e47cb5-b044-4132-ad23-adc38032de40","D17","BIGC","BIGC.AOS.groundwater.well.006","BIGC.W6.20180703.RAW","A00000026120","2018-07-03T19:24Z","2018-07-03T19:24Z","EcoCore_CSU","TP",0.1320,"milligramsPerLiter",0.9,,0,"formatChange","GOOD"
"25f40727-fc91-433a-becf-3bcf8f779333","D17","BIGC","BIGC.AOS.groundwater.well.006","BIGC.W6.20180703.FIL","A00000026124","2018-07-03T19:24Z","2018-07-03T19:24Z","EcoCore_CSU","Br",0.0050,"milligramsPerLiter",0.9,,0,"formatChange","GOOD"
"d323d8fd-689b-4d39-8136-c656a72ea8d4","D17","BIGC","BIGC.AOS.groundwater.well.006","BIGC.W6.20180703.RAW","A00000026120","2018-07-03T19:24Z","2018-07-03T19:24Z","EcoCore_CSU","pH",6.5900,"pH",0.9,,0,"formatChange","GOOD"
"69412da8-a7e9-4d5b-9153-7eb5e030d4e2","D17","BIGC","BIGC.AOS.groundwater.well.006","BIGC.W6.20180703.FIL","A00000026124","2018-07-03T19:24Z","2018-07-03T19:24Z","EcoCore_CSU","DIC",16.9400,"milligramsPerLiter",0.9,,0,"formatChange","GOOD"
"3eb08f0b-e6d6-4308-b3c9-e043b174ea9e","D17","BIGC","BIGC.AOS.groundwater.well.006","BIGC.W6.20180703.FIL","A00000026124","2018-07-03T19:24Z","2018-07-03T19:24Z","EcoCore_CSU","CO3",0.0050,"milligramsPerLiter",0.9,,0,"formatChange","GOOD"
"a28ed3f1-b457-4e2e-b910-36570950c4df","D17","BIGC","BIGC.AOS.groundwater.well.006","BIGC.W6.20180703.FIL","A00000026124","2018-07-03T19:24Z","2018-07-03T19:24Z","EcoCore_CSU","Fe",0.3030,"milligramsPerLiter",0.9,,0,"formatChange","GOOD"
"c5b1aced-5725-451c-9dd9-962050dfa420","D17","BIGC","BIGC.AOS.groundwater.well.006","BIGC.W6.20180703.FIL","A00000026124","2018-07-03T19:24Z","2018-07-03T19:24Z","EcoCore_CSU","Ortho - P",0.1390,"milligramsPerLiter",0.9,,0,"formatChange","GOOD"
"4662b293-a499-484c-813a-261afd2b2e10","D17","BIGC","BIGC.AOS.groundwater.well.006","BIGC.W6.20180703.RAW","A00000026120","2018-07-03T19:24Z","2018-07-03T19:24Z","EcoCore_CSU","conductivity",151.2400,"microsiemensPerCentimeter",0.9,,0,"formatChange","GOOD"
"f57fbf78-2a6e-45a9-8b3c-2bc3c92ba0a1","D17","BIGC","BIGC.AOS.groundwater.well.006","BIGC.W6.20180703.FIL","A00000026124","2018-07-03T19:24Z","2018-07-03T19:24Z","EcoCore_CSU","TDN",0.2738,"milligramsPerLiter",0.9,,0,"formatChange","GOOD"
"a95bf6a2-efe4-41b6-96b6-fb91833dabba","D17","BIGC","BIGC.AOS.groundwater.well.006","BIGC.W6.20180703.FIL","A00000026124","2018-07-03T19:24Z","2018-07-03T19:24Z","EcoCore_CSU","HCO3",47.6400,"milligramsPerLiter",0.9,,0,"formatChange","GOOD"
"4548f989-c4f7-4900-a425-36d5860bdca0","D17","BIGC","BIGC.AOS.groundwater.well.006","BIGC.W6.20180703.FIL","A00000026124","2018-07-03T19:24Z","2018-07-03T19:24Z","EcoCore_CSU","Mn",0.0010,"milligramsPerLiter",0.9,,0,"formatChange","GOOD"
"c608a37d-9320-4b73-9262-cff065b5ef18","D17","BIGC","BIGC.AOS.groundwater.well.006","BIGC.W6.20180703.RAW","A00000026120","2018-07-03T19:24Z","2018-07-03T19:24Z","EcoCore_CSU","TN",0.2462,"milligramsPerLiter",0.9,,0,"formatChange","GOOD"
"ed77c44f-e612-492a-aaeb-56c8b8c7f11f","D17","BIGC","BIGC.AOS.groundwater.well.006","BIGC.W6.20180703.FIL","A00000026124","2018-07-03T19:24Z","2018-07-03T19:24Z","EcoCore_CSU","TDS",106.4000,"milligramsPerLiter",0.9,,0,"formatChange","GOOD"
"97d2731c-d15e-4e83-b0b4-f9a92580511a","D17","BIGC","BIGC.AOS.groundwater.well.006","BIGC.W6.20180703.PCN","A00000027071","2018-07-03T19:24Z","2018-07-03T19:24Z","EcoCore_CSU","TPC",0.4993,"milligram",0.9,,0,"formatChange","GOOD"
"174ca756-4ba4-47aa-9441-4b2f897ce5f4","D17","BIGC","BIGC.AOS.groundwater.well.006","BIGC.W6.20180703.RAW","A00000026120","2018-07-03T19:24Z","2018-07-03T19:24Z","EcoCore_CSU","TOC",2.3210,"milligramsPerLiter",0.9,,0,"formatChange","GOOD"
"c80a9db1-1824-4185-85f0-08410bf8c3e1","D17","BIGC","BIGC.AOS.groundwater.well.006","BIGC.W6.20180703.FIL","A00000026124","2018-07-03T19:24Z","2018-07-03T19:24Z","EcoCore_CSU","Na",13.5900,"milligramsPerLiter",0.9,,0,"formatChange","GOOD"
"16c89c49-f59f-46b8-8aca-5263e76c24cc","D17","BIGC","BIGC.AOS.groundwater.well.006","BIGC.W6.20180703.FIL","A00000026124","2018-07-03T19:24Z","2018-07-03T19:24Z","EcoCore_CSU","DOC",2.9260,"milligramsPerLiter",0.9,,0,"formatChange","GOOD"
"7e5c8a77-4646-4d73-92c3-84fb41ab4a95","D17","BIGC","BIGC.AOS.groundwater.well.006","BIGC.W6.20180703.FIL","A00000026124","2018-07-03T19:24Z","2018-07-03T19:24Z","EcoCore_CSU","Mg",2.2710,"milligramsPerLiter",0.9,,0,"formatChange","GOOD"
"9f45eaaa-50e7-424f-8531-7c87e9c64939","D17","BIGC","BIGC.AOS.groundwater.well.006","BIGC.W6.20180703.RAW","A00000026120","2018-07-03T19:24Z","2018-07-03T19:24Z","EcoCore_CSU","TSS",658.0000,"milligramsPerLiter",0.9,,0,"formatChange","GOOD"
"d757cdc5-c38b-43e7-bbc3-b34f5fc9f17d","D17","BIGC","BIGC.AOS.groundwater.well.005","BIGC.W5.20180703.FIL","A00000026123","2018-07-03T20:26Z","2018-07-03T20:26Z","EcoCore_CSU","Ca",7.5310,"milligramsPerLiter",0.9,,0,"formatChange","GOOD"
"c1be487e-d60a-4ad3-8823-14fc02ad350c","D17","BIGC","BIGC.AOS.groundwater.well.005","BIGC.W5.20180703.FIL","A00000026123","2018-07-03T20:26Z","2018-07-03T20:26Z","EcoCore_CSU","Si",14.0000,"milligramsPerLiter",0.9,,0,"formatChange","GOOD"
"c798abc3-12f0-4fd9-a6b7-c3ff5c1101d4","D17","BIGC","BIGC.AOS.groundwater.well.005","BIGC.W5.20180703.FIL","A00000026123","2018-07-03T20:26Z","2018-07-03T20:26Z","EcoCore_CSU","Br",0.0050,"milligramsPerLiter",0.9,,0,"formatChange","GOOD"
"186e3938-5a8b-4f3e-8a26-9893f2cf06f9","D17","BIGC","BIGC.AOS.groundwater.well.005","BIGC.W5.20180703.FIL","A00000026123","2018-07-03T20:26Z","2018-07-03T20:26Z","EcoCore_CSU","Mn",0.0240,"milligramsPerLiter",0.9,,0,"formatChange","GOOD"
"3bd22da0-be3b-4aef-93fc-d177eb52516a","D17","BIGC","BIGC.AOS.groundwater.well.005","BIGC.W5.20180703.FIL","A00000026123","2018-07-03T20:26Z","2018-07-03T20:26Z","EcoCore_CSU","TDN",0.2240,"milligramsPerLiter",0.9,,0,"formatChange","GOOD"
"f87b0945-16f5-49bc-a9da-a315d6805e10","D17","BIGC","BIGC.AOS.groundwater.well.005","BIGC.W5.20180703.RAW","A00000026119","2018-07-03T20:26Z","2018-07-03T20:26Z","EcoCore_CSU","TN",0.2147,"milligramsPerLiter",0.9,,0,"formatChange","GOOD"
"6fd7dbd3-9b96-472f-976c-501f46ac2d4f","D17","BIGC","BIGC.AOS.groundwater.well.005","BIGC.W5.20180703.FIL","A00000026123","2018-07-03T20:26Z","2018-07-03T20:26Z","EcoCore_CSU","NH4 - N",0.0030,"milligramsPerLiter",0.9,,0,"formatChange","GOOD"
"82aca30a-9786-4c59-9bb1-5a6ee58fdf5b","D17","BIGC","BIGC.AOS.groundwater.well.005","BIGC.W5.20180703.FIL","A00000026123","2018-07-03T20:26Z","2018-07-03T20:26Z","EcoCore_CSU","Fe",0.0005,"milligramsPerLiter",0.9,,0,"formatChange","GOOD"
"3075edeb-77cc-4bdf-b55b-add4b8c604d5","D17","BIGC","BIGC.AOS.groundwater.well.005","BIGC.W5.20180703.PCN","A00000027070","2018-07-03T20:26Z","2018-07-03T20:26Z","EcoCore_CSU","TPC",0.3090,"milligram",0.9,,0,"formatChange","GOOD"
"401bb32c-f4c3-441d-8c92-ce9d598b0f3e","D17","BIGC","BIGC.AOS.groundwater.well.005","BIGC.W5.20180703.FIL","A00000026123","2018-07-03T20:26Z","2018-07-03T20:26Z","EcoCore_CSU","DOC",0.9969,"milligramsPerLiter",0.9,,0,"formatChange","GOOD"
"49beadef-888d-4872-a455-27263e99dcb7","D17","BIGC","BIGC.AOS.groundwater.well.005","BIGC.W5.20180703.FIL","A00000026123","2018-07-03T20:26Z","2018-07-03T20:26Z","EcoCore_CSU","Mg",1.4540,"milligramsPerLiter",0.9,,0,"formatChange","GOOD"
"422d6e91-bee6-4ce6-94b1-6ed31389b605","D17","BIGC","BIGC.AOS.groundwater.well.005","BIGC.W5.20180703.RAW","A00000026119","2018-07-03T20:26Z","2018-07-03T20:26Z","EcoCore_CSU","TOC",0.7739,"milligramsPerLiter",0.9,,0,"formatChange","GOOD"
"27468786-46d8-472d-99d1-810c987d49e9","D17","BIGC","BIGC.AOS.groundwater.well.005","BIGC.W5.20180703.FIL","A00000026123","2018-07-03T20:26Z","2018-07-03T20:26Z","EcoCore_CSU","HCO3",11.2300,"milligramsPerLiter",0.9,,0,"formatChange","GOOD"
"2f359f6d-94d3-4364-a5d0-7447d8eb1383","D17","BIGC","BIGC.AOS.groundwater.well.005","BIGC.W5.20180703.FIL","A00000026123","2018-07-03T20:26Z","2018-07-03T20:26Z","EcoCore_CSU","UV Absorbance (280 nm)",0.0207,,0.9,,0,"formatChange","GOOD"
"b0982737-90e4-475e-bc99-dce0dc409ddb","D17","BIGC","BIGC.AOS.groundwater.well.005","BIGC.W5.20180703.RAW","A00000026119","2018-07-03T20:26Z","2018-07-03T20:26Z","EcoCore_CSU","ANC",0.2600,"milliequivalentsPerLiter",0.9,,0,"formatChange","GOOD"
"5c9a7077-846f-4c7d-92bf-69b66698671a","D17","BIGC","BIGC.AOS.groundwater.well.005","BIGC.W5.20180703.RAW","A00000026119","2018-07-03T20:26Z","2018-07-03T20:26Z","EcoCore_CSU","TSS",334.0000,"milligramsPerLiter",0.9,,0,"formatChange","GOOD"
"a4656298-6a41-4c1d-97e6-0741358cee02","D17","BIGC","BIGC.AOS.groundwater.well.005","BIGC.W5.20180703.RAW","A00000026119","2018-07-03T20:26Z","2018-07-03T20:26Z","EcoCore_CSU","conductivity",81.6300,"microsiemensPerCentimeter",0.9,,0,"formatChange","GOOD"
"1355c625-53a5-4e0e-bf57-e2c1a24783dc","D17","BIGC","BIGC.AOS.groundwater.well.005","BIGC.W5.20180703.FIL","A00000026123","2018-07-03T20:26Z","2018-07-03T20:26Z","EcoCore_CSU","NO2 - N",0.0191,"milligramsPerLiter",0.9,,0,"formatChange","GOOD"
"44846e6a-ff76-4763-b4fe-25f126b57045","D17","BIGC","BIGC.AOS.groundwater.well.005","BIGC.W5.20180703.FIL","A00000026123","2018-07-03T20:26Z","2018-07-03T20:26Z","EcoCore_CSU","TDP",0.0150,"milligramsPerLiter",0.9,,0,"formatChange","GOOD"
"ce67c17a-14e5-4c54-a4e9-ee5ada9b9e4f","D17","BIGC","BIGC.AOS.groundwater.well.005","BIGC.W5.20180703.PCN","A00000027070","2018-07-03T20:26Z","2018-07-03T20:26Z","EcoCore_CSU","TPN",0.0210,"milligram",0.9,,0,"formatChange","GOOD"
"a593aad3-4556-4e30-9db9-2401a6706c16","D17","BIGC","BIGC.AOS.groundwater.well.005","BIGC.W5.20180703.FIL","A00000026123","2018-07-03T20:26Z","2018-07-03T20:26Z","EcoCore_CSU","TDS",58.7000,"milligramsPerLiter",0.9,,0,"formatChange","GOOD"
"d300f783-0709-42a7-abe7-da6a6f79c295","D17","BIGC","BIGC.AOS.groundwater.well.005","BIGC.W5.20180703.FIL","A00000026123","2018-07-03T20:26Z","2018-07-03T20:26Z","EcoCore_CSU","DIC",7.8830,"milligramsPerLiter",0.9,,0,"formatChange","GOOD"
"e7238678-d618-42c8-9f62-08459c439e44","D17","BIGC","BIGC.AOS.groundwater.well.005","BIGC.W5.20180703.FIL","A00000026123","2018-07-03T20:26Z","2018-07-03T20:26Z","EcoCore_CSU","CO3",0.0050,"milligramsPerLiter",0.9,,0,"formatChange","GOOD"
"63731473-5caf-46a4-8682-cac5a1f12116","D17","BIGC","BIGC.AOS.groundwater.well.005","BIGC.W5.20180703.FIL","A00000026123","2018-07-03T20:26Z","2018-07-03T20:26Z","EcoCore_CSU","Na",6.0450,"milligramsPerLiter",0.9,,0,"formatChange","GOOD"
"f99c208f-1af5-415f-a8f6-d8d6e8c18f02","D17","BIGC","BIGC.AOS.groundwater.well.005","BIGC.W5.20180703.FIL","A00000026123","2018-07-03T20:26Z","2018-07-03T20:26Z","EcoCore_CSU","SO4",2.2050,"milligramsPerLiter",0.9,,0,"formatChange","GOOD"
"cc7ad05b-c2d9-42ba-b153-c6e82fc51a06","D17","BIGC","BIGC.AOS.groundwater.well.005","BIGC.W5.20180703.RAW","A00000026119","2018-07-03T20:26Z","2018-07-03T20:26Z","EcoCore_CSU","TSS - Dry Mass",16700.0000,"microgram",0.9,,0,"formatChange","GOOD"
"7558f066-b565-47bf-be1f-240e4a550fdd","D17","BIGC","BIGC.AOS.groundwater.well.005","BIGC.W5.20180703.RAW","A00000026119","2018-07-03T20:26Z","2018-07-03T20:26Z","EcoCore_CSU","TP",0.0670,"milligramsPerLiter",0.9,,0,"formatChange","GOOD"
"80f066f2-af39-4391-b51b-fd5686a72b2e","D17","BIGC","BIGC.AOS.groundwater.well.005","BIGC.W5.20180703.FIL","A00000026123","2018-07-03T20:26Z","2018-07-03T20:26Z","EcoCore_CSU","NO3+NO2 - N",0.0467,"milligramsPerLiter",0.9,,0,"formatChange","GOOD"
"486e13cc-ac1d-4dd0-9a56-6d6cfd9c4b82","D17","BIGC","BIGC.AOS.groundwater.well.005","BIGC.W5.20180703.FIL","A00000026123","2018-07-03T20:26Z","2018-07-03T20:26Z","EcoCore_CSU","UV Absorbance (250 nm)",0.0267,,0.9,,0,"formatChange","GOOD"
"85517737-7e37-4ad1-b203-2b389139ded7","D17","BIGC","BIGC.AOS.groundwater.well.005","BIGC.W5.20180703.RAW","A00000026119","2018-07-03T20:26Z","2018-07-03T20:26Z","EcoCore_CSU","pH",6.7400,"pH",0.9,,0,"formatChange","GOOD"
"23e20702-6774-4a0c-a11e-90d941fe815d","D17","BIGC","BIGC.AOS.groundwater.well.005","BIGC.W5.20180703.FIL","A00000026123","2018-07-03T20:26Z","2018-07-03T20:26Z","EcoCore_CSU","K",1.3670,"milligramsPerLiter",0.9,,0,"formatChange","GOOD"
"b0de9a96-2152-4b0e-9419-07578a04fb19","D17","BIGC","BIGC.AOS.groundwater.well.005","BIGC.W5.20180703.FIL","A00000026123","2018-07-03T20:26Z","2018-07-03T20:26Z","EcoCore_CSU","Ortho - P",0.0240,"milligramsPerLiter",0.9,,0,"formatChange","GOOD"
"6e7d09ab-838a-4ba0-815d-c40ee02874d8","D17","BIGC","BIGC.AOS.groundwater.well.005","BIGC.W5.20180703.FIL","A00000026123","2018-07-03T20:26Z","2018-07-03T20:26Z","EcoCore_CSU","F",0.0050,"milligramsPerLiter",0.9,,0,"formatChange","GOOD"
"f3edff2c-d1a5-49e8-bf9f-ce4f73165a8c","D17","BIGC","BIGC.AOS.groundwater.well.005","BIGC.W5.20180703.FIL","A00000026123","2018-07-03T20:26Z","2018-07-03T20:26Z","EcoCore_CSU","Cl",20.1758,"milligramsPerLiter",0.9,,0,"formatChange","GOOD"
