uid,domainID,siteID,namedLocation,sampleID,sampleCode,startDate,collectDate,laboratoryName,analyte,analyteConcentration,analyteUnits,coolerTemp,remarks,shipmentWarmQF,externalLabDataQF,sampleCondition
"297a1def-0ebc-49ef-8dfe-07443edcc9c0","D03","BARC","BARC.AOS.groundwater.well.008","BARC.W8.20171009.FIL",,"2017-10-09T14:06Z","2017-10-09T14:06Z","EcoCore_CSU","CO3",0.0050,"milligramsPerLiter",1.1,,0,"formatChange","GOOD"
"74f874a3-bca5-4430-b1f1-bb8f6740416e","D03","BARC","BARC.AOS.groundwater.well.008","BARC.W8.20171009.RAW",,"2017-10-09T14:06Z","2017-10-09T14:06Z","EcoCore_CSU","TP",0.0460,"milligramsPerLiter",1.1,,0,"formatChange","GOOD"
"573ff26d-4f61-4e98-8285-b317473d25ad","D03","BARC","BARC.AOS.groundwater.well.008","BARC.W8.20171009.FIL",,"2017-10-09T14:06Z","2017-10-09T14:06Z","EcoCore_CSU","Fe",0.0000,"milligramsPerLiter",1.1,,0,"formatChange","GOOD"
"2c5dce7d-fcad-4003-80a8-a43d0775f862","D03","BARC","BARC.AOS.groundwater.well.008","BARC.W8.20171009.FIL",,"2017-10-09T14:06Z","2017-10-09T14:06Z","EcoCore_CSU","F",0.0050,"milligramsPerLiter",1.1,,0,"formatChange","GOOD"
"e51cc223-0cbf-4f30-8cc8-b5b611c26121","D03","BARC","BARC.AOS.groundwater.well.008","BARC.W8.20171009.FIL",,"2017-10-09T14:06Z","2017-10-09T14:06Z","EcoCore_CSU","SO4",0.6100,"milligramsPerLiter",1.1,,0,"formatChange","GOOD"
"62e58541-c7bb-4059-844b-49774381ba65","D03","BARC","BARC.AOS.groundwater.well.008","BARC.W8.20171009.FIL",,"2017-10-09T14:06Z","2017-10-09T14:06Z","EcoCore_CSU","Ortho - P",0.0090,"milligramsPerLiter",1.1,,0,"formatChange","GOOD"
"8b57f191-709b-4d06-8615-3197d6ae34f3","D03","BARC","BARC.AOS.groundwater.well.008","BARC.W8.20171009.FIL",,"2017-10-09T14:06Z","2017-10-09T14:06Z","EcoCore_CSU","HCO3",1.5600,"milligramsPerLiter",1.1,,0,"formatChange","GOOD"
"154ef155-cc87-4385-9928-23f36761eb64","D03","BARC","BARC.AOS.groundwater.well.008","BARC.W8.20171009.FIL",,"2017-10-09T14:06Z","2017-10-09T14:06Z","EcoCore_CSU","NO2 - N",0.0053,"milligramsPerLiter",1.1,,0,"formatChange","GOOD"
"586dbeff-29ac-41ce-9b67-696b356b3344","D03","BARC","BARC.AOS.groundwater.well.008","BARC.W8.20171009.RAW",,"2017-10-09T14:06Z","2017-10-09T14:06Z","EcoCore_CSU","TOC",0.3806,"milligramsPerLiter",1.1,,0,"formatChange","GOOD"
"7c91efc7-7c5a-48b4-8ad1-ab6a1c7b8bcb","D03","BARC","BARC.AOS.groundwater.well.008","BARC.W8.20171009.RAW",,"2017-10-09T14:06Z","2017-10-09T14:06Z","EcoCore_CSU","ANC",0.0600,"milliequivalentsPerLiter",1.1,,0,"formatChange","GOOD"
"fc3f7fef-8aae-435d-aa1d-f76a73b1f1a1","D03","BARC","BARC.AOS.groundwater.well.008","BARC.W8.20171009.RAW",,"2017-10-09T14:06Z","2017-10-09T14:06Z","EcoCore_CSU","TSS - Dry Mass",100.0000,"microgram",1.1,,0,"formatChange","GOOD"
"81b5ed40-f3f9-44f6-8c77-29c31dbb22a3","D03","BARC","BARC.AOS.groundwater.well.008","BARC.W8.20171009.FIL",,"2017-10-09T14:06Z","2017-10-09T14:06Z","EcoCore_CSU","Ca",0.2540,"milligramsPerLiter",1.1,,0,"formatChange","GOOD"
"ce298359-e21a-4542-91f7-2dcfc08d88d7","D03","BARC","BARC.AOS.groundwater.well.008","BARC.W8.20171009.FIL",,"2017-10-09T14:06Z","2017-10-09T14:06Z","EcoCore_CSU","DIC",0.9553,"milligramsPerLiter",1.1,,0,"formatChange","GOOD"
"05084d71-cff1-414b-a892-a25cff1effd9","D03","BARC","BARC.AOS.groundwater.well.008","BARC.W8.20171009.FIL",,"2017-10-09T14:06Z","2017-10-09T14:06Z","EcoCore_CSU","Mg",0.4750,"milligramsPerLiter",1.1,,0,"formatChange","GOOD"
"06bd67f5-0ca9-47e9-8e06-8b57190c70cb","D03","BARC","BARC.AOS.groundwater.well.008","BARC.W8.20171009.RAW",,"2017-10-09T14:06Z","2017-10-09T14:06Z","EcoCore_CSU","TSS",2.0000,"milligramsPerLiter",1.1,,0,"formatChange","GOOD"
"b9489831-3726-468e-aa14-fdac6a553695","D03","BARC","BARC.AOS.groundwater.well.008","BARC.W8.20171009.RAW",,"2017-10-09T14:06Z","2017-10-09T14:06Z","EcoCore_CSU","TN",0.1512,"milligramsPerLiter",1.1,,0,"formatChange","GOOD"
"72f74179-a521-4ee0-85d6-01c40d44fc0d","D03","BARC","BARC.AOS.groundwater.well.008","BARC.W8.20171009.RAW",,"2017-10-09T14:06Z","2017-10-09T14:06Z","EcoCore_CSU","pH",5.3900,"pH",1.1,,0,"formatChange","GOOD"
"81de1778-0407-4dab-8de0-deae59bd1479","D03","BARC","BARC.AOS.groundwater.well.008","BARC.W8.20171009.FIL",,"2017-10-09T14:06Z","2017-10-09T14:06Z","EcoCore_CSU","Br",0.0050,"milligramsPerLiter",1.1,,0,"formatChange","GOOD"
"872bc1d2-60ad-4061-b5be-6d7fea0357fc","D03","BARC","BARC.AOS.groundwater.well.008","BARC.W8.20171009.FIL",,"2017-10-09T14:06Z","2017-10-09T14:06Z","EcoCore_CSU","Si",1.0500,"milligramsPerLiter",1.1,,0,"formatChange","GOOD"
"896835b5-8b3f-4c06-81ac-2d3c3ab91388","D03","BARC","BARC.AOS.groundwater.well.008","BARC.W8.20171009.FIL",,"2017-10-09T14:06Z","2017-10-09T14:06Z","EcoCore_CSU","Na",1.6970,"milligramsPerLiter",1.1,,0,"formatChange","GOOD"
"89fdceda-b4d5-43eb-85da-dc7472030297","D03","BARC","BARC.AOS.groundwater.well.008","BARC.W8.20171009.FIL",,"2017-10-09T14:06Z","2017-10-09T14:06Z","EcoCore_CSU","UV Absorbance (250 nm)",0.0111,,1.1,,0,"formatChange","GOOD"
"bb52ef3a-8e41-4d5e-9ea3-2bd2ab4f9c95","D03","BARC","BARC.AOS.groundwater.well.008","BARC.W8.20171009.FIL",,"2017-10-09T14:06Z","2017-10-09T14:06Z","EcoCore_CSU","Mn",0.0070,"milligramsPerLiter",1.1,,0,"formatChange","GOOD"
"26689daf-2e71-4b50-b6c1-5cecdc30515c","D03","BARC","BARC.AOS.groundwater.well.008","BARC.W8.20171009.FIL",,"2017-10-09T14:06Z","2017-10-09T14:06Z","EcoCore_CSU","NO3+NO2 - N",0.1115,"milligramsPerLiter",1.1,,0,"formatChange","GOOD"
"6f1b987e-9175-45e6-86ee-9e801e3d7e52","D03","BARC","BARC.AOS.groundwater.well.008","BARC.W8.20171009.FIL",,"2017-10-09T14:06Z","2017-10-09T14:06Z","EcoCore_CSU","TDN",0.1496,"milligramsPerLiter",1.1,,0,"formatChange","GOOD"
"c7e770c0-d53b-4fdc-b3d8-14a638c879ae","D03","BARC","BARC.AOS.groundwater.well.008","BARC.W8.20171009.RAW",,"2017-10-09T14:06Z","2017-10-09T14:06Z","EcoCore_CSU","conductivity",13.1000,"microsiemensPerCentimeter",1.1,,0,"formatChange","GOOD"
"bef8594a-1352-4ccb-9970-0e7c2383e47b","D03","BARC","BARC.AOS.groundwater.well.008","BARC.W8.20171009.FIL",,"2017-10-09T14:06Z","2017-10-09T14:06Z","EcoCore_CSU","UV Absorbance (280 nm)",0.0087,,1.1,,0,"formatChange","GOOD"
"85aa33d5-b7ae-4a38-8b31-1a93b8f368de","D03","BARC","BARC.AOS.groundwater.well.008","BARC.W8.20171009.PCN",,"2017-10-09T14:06Z","2017-10-09T14:06Z","EcoCore_CSU","TPC",0.2919,"milligram",1.1,,0,"formatChange","GOOD"
"98c6b1b1-52e4-4a01-8c76-f4bbb5e707a1","D03","BARC","BARC.AOS.groundwater.well.008","BARC.W8.20171009.FIL",,"2017-10-09T14:06Z","2017-10-09T14:06Z","EcoCore_CSU","TDP",0.0130,"milligramsPerLiter",1.1,,0,"formatChange","GOOD"
"4fae119a-2ecf-482d-88f2-db3bdb4fda60","D03","BARC","BARC.AOS.groundwater.well.008","BARC.W8.20171009.FIL",,"2017-10-09T14:06Z","2017-10-09T14:06Z","EcoCore_CSU","TDS",9.3000,"milligramsPerLiter",1.1,,0,"formatChange","GOOD"
"86c649a1-37ef-4493-9941-a82e457c2948","D03","BARC","BARC.AOS.groundwater.well.008","BARC.W8.20171009.FIL",,"2017-10-09T14:06Z","2017-10-09T14:06Z","EcoCore_CSU","Cl",2.9000,"milligramsPerLiter",1.1,,0,"formatChange","GOOD"
"85a9122b-17eb-4456-87fb-f35b662ed05f","D03","BARC","BARC.AOS.groundwater.well.008","BARC.W8.20171009.FIL",,"2017-10-09T14:06Z","2017-10-09T14:06Z","EcoCore_CSU","K",0.0940,"milligramsPerLiter",1.1,,0,"formatChange","GOOD"
"1c492136-23ce-42d4-b5b9-ca153efecae3","D03","BARC","BARC.AOS.groundwater.well.008","BARC.W8.20171009.FIL",,"2017-10-09T14:06Z","2017-10-09T14:06Z","EcoCore_CSU","DOC",0.4521,"milligramsPerLiter",1.1,,0,"formatChange","GOOD"
"2bfa052f-6a8c-4d16-9f1a-f3f2a2702cd5","D03","BARC","BARC.AOS.groundwater.well.008","BARC.W8.20171009.FIL",,"2017-10-09T14:06Z","2017-10-09T14:06Z","EcoCore_CSU","NH4 - N",0.1134,"milligramsPerLiter",1.1,,0,"formatChange","GOOD"
"be2abd0d-9f4c-45d5-9457-3807a6156172","D03","BARC","BARC.AOS.groundwater.well.008","BARC.W8.20171009.PCN",,"2017-10-09T14:06Z","2017-10-09T14:06Z","EcoCore_CSU","TPN",0.0316,"milligram",1.1,,0,"formatChange","GOOD"
"77d3924d-ad23-44b7-ac05-db1e64d1151b","D03","BARC","BARC.AOS.groundwater.well.001","BARC.W1.20171009.FIL",,"2017-10-09T15:27Z","2017-10-09T15:27Z","EcoCore_CSU","Na",1.9590,"milligramsPerLiter",1.1,,0,"formatChange","GOOD"
"9e4ab516-f2aa-42c2-bd4d-994cfda9f5fe","D03","BARC","BARC.AOS.groundwater.well.001","BARC.W1.20171009.RAW",,"2017-10-09T15:27Z","2017-10-09T15:27Z","EcoCore_CSU","ANC",0.0600,"milliequivalentsPerLiter",1.1,,0,"formatChange","GOOD"
"92bb8617-d1c4-49e9-b1bc-7e6876dc9314","D03","BARC","BARC.AOS.groundwater.well.001","BARC.W1.20171009.FIL",,"2017-10-09T15:27Z","2017-10-09T15:27Z","EcoCore_CSU","HCO3",2.1800,"milligramsPerLiter",1.1,,0,"formatChange","GOOD"
"01060782-e739-48a9-8bfa-291dd8dba591","D03","BARC","BARC.AOS.groundwater.well.001","BARC.W1.20171009.FIL",,"2017-10-09T15:27Z","2017-10-09T15:27Z","EcoCore_CSU","F",0.0050,"milligramsPerLiter",1.1,,0,"formatChange","GOOD"
"f62a20e9-5283-4340-a725-d56371d92450","D03","BARC","BARC.AOS.groundwater.well.001","BARC.W1.20171009.FIL",,"2017-10-09T15:27Z","2017-10-09T15:27Z","EcoCore_CSU","Br",0.0050,"milligramsPerLiter",1.1,,0,"formatChange","GOOD"
"dd2f36de-da16-456e-af43-5fcd2d811ab7","D03","BARC","BARC.AOS.groundwater.well.001","BARC.W1.20171009.FIL",,"2017-10-09T15:27Z","2017-10-09T15:27Z","EcoCore_CSU","NO3+NO2 - N",0.0424,"milligramsPerLiter",1.1,,0,"formatChange","GOOD"
"2fa867f0-d0e3-4a83-a672-bbe328f4ba31","D03","BARC","BARC.AOS.groundwater.well.001","BARC.W1.20171009.FIL",,"2017-10-09T15:27Z","2017-10-09T15:27Z","EcoCore_CSU","Mn",0.0220,"milligramsPerLiter",1.1,,0,"formatChange","GOOD"
"45c760fd-f4ff-44d1-a290-2760aa1b7b1d","D03","BARC","BARC.AOS.groundwater.well.001","BARC.W1.20171009.FIL",,"2017-10-09T15:27Z","2017-10-09T15:27Z","EcoCore_CSU","TDP",0.0140,"milligramsPerLiter",1.1,,0,"formatChange","GOOD"
"4c5f24da-9511-4aee-be95-7d0ba0e35056","D03","BARC","BARC.AOS.groundwater.well.001","BARC.W1.20171009.RAW",,"2017-10-09T15:27Z","2017-10-09T15:27Z","EcoCore_CSU","TSS - Dry Mass",200.0000,"microgram",1.1,,0,"formatChange","GOOD"
"6b6a285d-0498-4d91-b39e-90add17cf3db","D03","BARC","BARC.AOS.groundwater.well.001","BARC.W1.20171009.FIL",,"2017-10-09T15:27Z","2017-10-09T15:27Z","EcoCore_CSU","TDS",10.9000,"milligramsPerLiter",1.1,,0,"formatChange","GOOD"
"7b2297aa-e92b-4226-a149-f8d1b3108d9d","D03","BARC","BARC.AOS.groundwater.well.001","BARC.W1.20171009.RAW",,"2017-10-09T15:27Z","2017-10-09T15:27Z","EcoCore_CSU","TOC",0.5361,"milligramsPerLiter",1.1,,0,"formatChange","GOOD"
"c2b975c6-633f-46ab-854c-c7912d97473f","D03","BARC","BARC.AOS.groundwater.well.001","BARC.W1.20171009.FIL",,"2017-10-09T15:27Z","2017-10-09T15:27Z","EcoCore_CSU","CO3",0.0050,"milligramsPerLiter",1.1,,0,"formatChange","GOOD"
"d1fb1b8d-836e-45c8-bd3f-dbb04a9ebe14","D03","BARC","BARC.AOS.groundwater.well.001","BARC.W1.20171009.FIL",,"2017-10-09T15:27Z","2017-10-09T15:27Z","EcoCore_CSU","UV Absorbance (280 nm)",0.0048,,1.1,,0,"formatChange","GOOD"
"ef880188-cd6e-4846-8195-3cc1158baea5","D03","BARC","BARC.AOS.groundwater.well.001","BARC.W1.20171009.FIL",,"2017-10-09T15:27Z","2017-10-09T15:27Z","EcoCore_CSU","UV Absorbance (250 nm)",0.0068,,1.1,,0,"formatChange","GOOD"
"5395b346-4ea8-4363-a4c3-8b69207573ce","D03","BARC","BARC.AOS.groundwater.well.001","BARC.W1.20171009.RAW",,"2017-10-09T15:27Z","2017-10-09T15:27Z","EcoCore_CSU","TN",0.0954,"milligramsPerLiter",1.1,,0,"formatChange","GOOD"
"ca4a8e95-3303-4fc2-b6f3-60674ef866f8","D03","BARC","BARC.AOS.groundwater.well.001","BARC.W1.20171009.FIL",,"2017-10-09T15:27Z","2017-10-09T15:27Z","EcoCore_CSU","Cl",2.9200,"milligramsPerLiter",1.1,,0,"formatChange","GOOD"
"78495409-efe0-4e8b-8c1a-cb47bb33cda1","D03","BARC","BARC.AOS.groundwater.well.001","BARC.W1.20171009.RAW",,"2017-10-09T15:27Z","2017-10-09T15:27Z","EcoCore_CSU","pH",5.1800,"pH",1.1,,0,"formatChange","GOOD"
"95b7ab77-09c7-4b2a-a334-48e07f72bc5d","D03","BARC","BARC.AOS.groundwater.well.001","BARC.W1.20171009.FIL",,"2017-10-09T15:27Z","2017-10-09T15:27Z","EcoCore_CSU","TDN",0.1121,"milligramsPerLiter",1.1,,0,"formatChange","GOOD"
"6ada8efc-e41a-442d-bd0a-a49d70732ae5","D03","BARC","BARC.AOS.groundwater.well.001","BARC.W1.20171009.FIL",,"2017-10-09T15:27Z","2017-10-09T15:27Z","EcoCore_CSU","DIC",1.0680,"milligramsPerLiter",1.1,,0,"formatChange","GOOD"
"6d6ebbd2-2ff5-4995-951c-59fee8107f03","D03","BARC","BARC.AOS.groundwater.well.001","BARC.W1.20171009.FIL",,"2017-10-09T15:27Z","2017-10-09T15:27Z","EcoCore_CSU","Si",0.8800,"milligramsPerLiter",1.1,,0,"formatChange","GOOD"
"f5a57ae9-919b-47c7-8a7f-b1c28967df17","D03","BARC","BARC.AOS.groundwater.well.001","BARC.W1.20171009.FIL",,"2017-10-09T15:27Z","2017-10-09T15:27Z","EcoCore_CSU","NH4 - N",0.1046,"milligramsPerLiter",1.1,,0,"formatChange","GOOD"
"17003176-86b7-4395-b61c-b8a10e278485","D03","BARC","BARC.AOS.groundwater.well.001","BARC.W1.20171009.FIL",,"2017-10-09T15:27Z","2017-10-09T15:27Z","EcoCore_CSU","Ca",0.3100,"milligramsPerLiter",1.1,,0,"formatChange","GOOD"
"9c3bc153-2b30-47bb-89c4-503159ba2542","D03","BARC","BARC.AOS.groundwater.well.001","BARC.W1.20171009.FIL",,"2017-10-09T15:27Z","2017-10-09T15:27Z","EcoCore_CSU","Fe",0.0070,"milligramsPerLiter",1.1,,0,"formatChange","GOOD"
"9d18c273-0623-43f1-aad9-5966bfb301b1","D03","BARC","BARC.AOS.groundwater.well.001","BARC.W1.20171009.FIL",,"2017-10-09T15:27Z","2017-10-09T15:27Z","EcoCore_CSU","DOC",0.6765,"milligramsPerLiter",1.1,,0,"formatChange","GOOD"
"b2e31d10-f823-4af9-b914-37e5e4437cf5","D03","BARC","BARC.AOS.groundwater.well.001","BARC.W1.20171009.FIL",,"2017-10-09T15:27Z","2017-10-09T15:27Z","EcoCore_CSU","NO2 - N",0.0049,"milligramsPerLiter",1.1,,0,"formatChange","GOOD"
"cbe24b76-0a6e-46e6-952f-b4f0f8ebd97e","D03","BARC","BARC.AOS.groundwater.well.001","BARC.W1.20171009.RAW",,"2017-10-09T15:27Z","2017-10-09T15:27Z","EcoCore_CSU","TP",0.0440,"milligramsPerLiter",1.1,,0,"formatChange","GOOD"
"8f4e897e-79ac-4202-a75d-c42cc684acfa","D03","BARC","BARC.AOS.groundwater.well.001","BARC.W1.20171009.FIL",,"2017-10-09T15:27Z","2017-10-09T15:27Z","EcoCore_CSU","Mg",0.5370,"milligramsPerLiter",1.1,,0,"formatChange","GOOD"
"09f3bf33-3a30-4396-b0ff-c3821fdffcf1","D03","BARC","BARC.AOS.groundwater.well.001","BARC.W1.20171009.FIL",,"2017-10-09T15:27Z","2017-10-09T15:27Z","EcoCore_CSU","Ortho - P",0.0070,"milligramsPerLiter",1.1,,0,"formatChange","GOOD"
"a86a789d-9ff8-40b1-8fed-b49b50e49677","D03","BARC","BARC.AOS.groundwater.well.001","BARC.W1.20171009.PCN",,"2017-10-09T15:27Z","2017-10-09T15:27Z","EcoCore_CSU","TPN",0.0291,"milligram",1.1,,0,"formatChange","GOOD"
"a688a492-ac0b-4629-a5b2-e30aef7ce350","D03","BARC","BARC.AOS.groundwater.well.001","BARC.W1.20171009.RAW",,"2017-10-09T15:27Z","2017-10-09T15:27Z","EcoCore_CSU","TSS",4.0000,"milligramsPerLiter",1.1,,0,"formatChange","GOOD"
"5dc73371-4ea9-4573-a52f-5e829f725288","D03","BARC","BARC.AOS.groundwater.well.001","BARC.W1.20171009.PCN",,"2017-10-09T15:27Z","2017-10-09T15:27Z","EcoCore_CSU","TPC",0.3525,"milligram",1.1,,0,"formatChange","GOOD"
"b382b35d-6ffa-48b7-b45a-1ba5caa68b1a","D03","BARC","BARC.AOS.groundwater.well.001","BARC.W1.20171009.FIL",,"2017-10-09T15:27Z","2017-10-09T15:27Z","EcoCore_CSU","K",0.0880,"milligramsPerLiter",1.1,,0,"formatChange","GOOD"
"ab238488-ecb9-4e04-af75-9d1c8404d876","D03","BARC","BARC.AOS.groundwater.well.001","BARC.W1.20171009.FIL",,"2017-10-09T15:27Z","2017-10-09T15:27Z","EcoCore_CSU","SO4",1.3800,"milligramsPerLiter",1.1,,0,"formatChange","GOOD"
"a85d49f2-240c-4d1e-82c5-0b0da23b1e55","D03","BARC","BARC.AOS.groundwater.well.001","BARC.W1.20171009.RAW",,"2017-10-09T15:27Z","2017-10-09T15:27Z","EcoCore_CSU","conductivity",15.3000,"microsiemensPerCentimeter",1.1,,0,"formatChange","GOOD"
"c2c8bea0-12d1-4c99-91eb-63b332b50bbd","D03","BARC","BARC.AOS.groundwater.well.006","BARC.W6.20171011.FIL",,"2017-10-11T14:21Z","2017-10-11T14:21Z","EcoCore_CSU","Cl",2.1100,"milligramsPerLiter",1.1,,0,"formatChange","GOOD"
"56eeabc9-3387-4d21-8d77-44feaf02bd2f","D03","BARC","BARC.AOS.groundwater.well.006","BARC.W6.20171011.RAW",,"2017-10-11T14:21Z","2017-10-11T14:21Z","EcoCore_CSU","TSS - Dry Mass",100.0000,"microgram",1.1,,0,"formatChange","GOOD"
"85cc8198-2e4b-4557-b417-8c7b90655319","D03","BARC","BARC.AOS.groundwater.well.006","BARC.W6.20171011.FIL",,"2017-10-11T14:21Z","2017-10-11T14:21Z","EcoCore_CSU","Ca",1.1250,"milligramsPerLiter",1.1,,0,"formatChange","GOOD"
"8ab8b7a2-5d4e-4e07-9e3a-59dd8fb6db7f","D03","BARC","BARC.AOS.groundwater.well.006","BARC.W6.20171011.RAW",,"2017-10-11T14:21Z","2017-10-11T14:21Z","EcoCore_CSU","TP",0.0290,"milligramsPerLiter",1.1,,0,"formatChange","GOOD"
"75e96fa7-649d-44ee-8835-f76006212645","D03","BARC","BARC.AOS.groundwater.well.006","BARC.W6.20171011.FIL",,"2017-10-11T14:21Z","2017-10-11T14:21Z","EcoCore_CSU","TDP",0.0150,"milligramsPerLiter",1.1,,0,"formatChange","GOOD"
"e03526b8-1fb8-45f3-b355-fe89ce89e531","D03","BARC","BARC.AOS.groundwater.well.006","BARC.W6.20171011.PCN",,"2017-10-11T14:21Z","2017-10-11T14:21Z","EcoCore_CSU","TPC",0.4008,"milligram",1.1,,0,"formatChange","GOOD"
"dfa89d94-4e51-4c0e-8132-bfcb3a6b3b9e","D03","BARC","BARC.AOS.groundwater.well.006","BARC.W6.20171011.RAW",,"2017-10-11T14:21Z","2017-10-11T14:21Z","EcoCore_CSU","pH",4.6000,"pH",1.1,,0,"formatChange","GOOD"
"03f7f367-1688-447f-a18a-52a5bbb381af","D03","BARC","BARC.AOS.groundwater.well.006","BARC.W6.20171011.FIL",,"2017-10-11T14:21Z","2017-10-11T14:21Z","EcoCore_CSU","HCO3",1.5000,"milligramsPerLiter",1.1,,0,"formatChange","GOOD"
"db0198f3-9b88-431c-b3a2-6a3d3052d3d5","D03","BARC","BARC.AOS.groundwater.well.006","BARC.W6.20171011.FIL",,"2017-10-11T14:21Z","2017-10-11T14:21Z","EcoCore_CSU","NH4 - N",0.1176,"milligramsPerLiter",1.1,,0,"formatChange","GOOD"
"a9514280-eb73-468f-a9d4-cfadcb3a4d64","D03","BARC","BARC.AOS.groundwater.well.006","BARC.W6.20171011.FIL",,"2017-10-11T14:21Z","2017-10-11T14:21Z","EcoCore_CSU","UV Absorbance (250 nm)",0.0772,,1.1,,0,"formatChange","GOOD"
"94f433cf-aeb5-4eb0-a40f-fe264576303b","D03","BARC","BARC.AOS.groundwater.well.006","BARC.W6.20171011.FIL",,"2017-10-11T14:21Z","2017-10-11T14:21Z","EcoCore_CSU","UV Absorbance (280 nm)",0.0505,,1.1,,0,"formatChange","GOOD"
"7b764c0b-f55d-4d2e-8d48-2650863a122a","D03","BARC","BARC.AOS.groundwater.well.006","BARC.W6.20171011.FIL",,"2017-10-11T14:21Z","2017-10-11T14:21Z","EcoCore_CSU","Ortho - P",0.0130,"milligramsPerLiter",1.1,,0,"formatChange","GOOD"
"9601eb58-7b05-4a94-909d-1d06b022fa30","D03","BARC","BARC.AOS.groundwater.well.006","BARC.W6.20171011.FIL",,"2017-10-11T14:21Z","2017-10-11T14:21Z","EcoCore_CSU","DIC",1.2410,"milligramsPerLiter",1.1,,0,"formatChange","GOOD"
"c2bda93b-a689-4ed4-93f7-4bf31a5423fa","D03","BARC","BARC.AOS.groundwater.well.006","BARC.W6.20171011.FIL",,"2017-10-11T14:21Z","2017-10-11T14:21Z","EcoCore_CSU","Fe",0.0200,"milligramsPerLiter",1.1,,0,"formatChange","GOOD"
"a90613ee-ceb6-4dd1-abc0-d608f85c0f25","D03","BARC","BARC.AOS.groundwater.well.006","BARC.W6.20171011.RAW",,"2017-10-11T14:21Z","2017-10-11T14:21Z","EcoCore_CSU","conductivity",19.2000,"microsiemensPerCentimeter",1.1,,0,"formatChange","GOOD"
"6a643c9c-7e56-407b-884d-f24344368b9a","D03","BARC","BARC.AOS.groundwater.well.006","BARC.W6.20171011.FIL",,"2017-10-11T14:21Z","2017-10-11T14:21Z","EcoCore_CSU","Na",1.9110,"milligramsPerLiter",1.1,,0,"formatChange","GOOD"
"9e5349fc-cc2b-4b02-8a5f-a78aeb584328","D03","BARC","BARC.AOS.groundwater.well.006","BARC.W6.20171011.FIL",,"2017-10-11T14:21Z","2017-10-11T14:21Z","EcoCore_CSU","Si",0.5500,"milligramsPerLiter",1.1,,0,"formatChange","GOOD"
"22fa23c2-e848-4925-821b-c89d40c80e37","D03","BARC","BARC.AOS.groundwater.well.006","BARC.W6.20171011.FIL",,"2017-10-11T14:21Z","2017-10-11T14:21Z","EcoCore_CSU","Mg",0.5240,"milligramsPerLiter",1.1,,0,"formatChange","GOOD"
"86aa87bc-5d9e-49b7-ab6d-fb939326d802","D03","BARC","BARC.AOS.groundwater.well.006","BARC.W6.20171011.FIL",,"2017-10-11T14:21Z","2017-10-11T14:21Z","EcoCore_CSU","DOC",2.8600,"milligramsPerLiter",1.1,,0,"formatChange","GOOD"
"2c5ae24a-6ff9-4fa0-8322-63e38ca46689","D03","BARC","BARC.AOS.groundwater.well.006","BARC.W6.20171011.PCN",,"2017-10-11T14:21Z","2017-10-11T14:21Z","EcoCore_CSU","TPN",0.0726,"milligram",1.1,,0,"formatChange","GOOD"
"17bf890c-afef-4e23-88fa-8a955c4bed08","D03","BARC","BARC.AOS.groundwater.well.006","BARC.W6.20171011.RAW",,"2017-10-11T14:21Z","2017-10-11T14:21Z","EcoCore_CSU","TOC",2.0880,"milligramsPerLiter",1.1,,0,"formatChange","GOOD"
"95cfe580-cb87-49fe-a6f7-fd63accce5da","D03","BARC","BARC.AOS.groundwater.well.006","BARC.W6.20171011.FIL",,"2017-10-11T14:21Z","2017-10-11T14:21Z","EcoCore_CSU","TDS",12.7000,"milligramsPerLiter",1.1,,0,"formatChange","GOOD"
"3658c65f-76cd-4026-9ddf-24d4de78c690","D03","BARC","BARC.AOS.groundwater.well.006","BARC.W6.20171011.FIL",,"2017-10-11T14:21Z","2017-10-11T14:21Z","EcoCore_CSU","Br",0.0050,"milligramsPerLiter",1.1,,0,"formatChange","GOOD"
"b8218bf4-4a37-4b3c-991c-5e53401bb889","D03","BARC","BARC.AOS.groundwater.well.006","BARC.W6.20171011.RAW",,"2017-10-11T14:21Z","2017-10-11T14:21Z","EcoCore_CSU","TSS",2.0000,"milligramsPerLiter",1.1,,0,"formatChange","GOOD"
"0928512a-4879-431b-bf26-96640727bd67","D03","BARC","BARC.AOS.groundwater.well.006","BARC.W6.20171011.FIL",,"2017-10-11T14:21Z","2017-10-11T14:21Z","EcoCore_CSU","K",0.1930,"milligramsPerLiter",1.1,,0,"formatChange","GOOD"
"0763d405-773f-492f-bcbe-6894630e50df","D03","BARC","BARC.AOS.groundwater.well.006","BARC.W6.20171011.FIL",,"2017-10-11T14:21Z","2017-10-11T14:21Z","EcoCore_CSU","SO4",4.9600,"milligramsPerLiter",1.1,,0,"formatChange","GOOD"
"c91ec4c8-9861-465c-a909-e2ae97ba8fd0","D03","BARC","BARC.AOS.groundwater.well.006","BARC.W6.20171011.FIL",,"2017-10-11T14:21Z","2017-10-11T14:21Z","EcoCore_CSU","Mn",0.0020,"milligramsPerLiter",1.1,,0,"formatChange","GOOD"
"42fc738d-9baa-4198-ba10-8a35b53551c2","D03","BARC","BARC.AOS.groundwater.well.006","BARC.W6.20171011.FIL",,"2017-10-11T14:21Z","2017-10-11T14:21Z","EcoCore_CSU","CO3",0.0050,"milligramsPerLiter",1.1,,0,"formatChange","GOOD"
"b62ae5a3-141d-4ca4-ba4d-e5eb8c9e37a0","D03","BARC","BARC.AOS.groundwater.well.006","BARC.W6.20171011.RAW",,"2017-10-11T14:21Z","2017-10-11T14:21Z","EcoCore_CSU","ANC",0.0400,"milliequivalentsPerLiter",1.1,,0,"formatChange","GOOD"
"0a6b6e08-2862-4070-93c4-a814b31eb91c","D03","BARC","BARC.AOS.groundwater.well.006","BARC.W6.20171011.FIL",,"2017-10-11T14:21Z","2017-10-11T14:21Z","EcoCore_CSU","F",0.0050,"milligramsPerLiter",1.1,,0,"formatChange","GOOD"
"90359c40-f668-49d8-baae-8e28ac872266","D03","BARC","BARC.AOS.groundwater.well.006","BARC.W6.20171011.FIL",,"2017-10-11T14:21Z","2017-10-11T14:21Z","EcoCore_CSU","NO2 - N",0.0109,"milligramsPerLiter",1.1,,0,"formatChange","GOOD"
"e0072115-3b18-404f-a7ef-2e4949197230","D03","BARC","BARC.AOS.groundwater.well.006","BARC.W6.20171011.FIL",,"2017-10-11T14:21Z","2017-10-11T14:21Z","EcoCore_CSU","TDN",0.1754,"milligramsPerLiter",1.1,,0,"formatChange","GOOD"
"7bfea41e-83c3-4c75-bf66-77c192e57d15","D03","BARC","BARC.AOS.groundwater.well.006","BARC.W6.20171011.RAW",,"2017-10-11T14:21Z","2017-10-11T14:21Z","EcoCore_CSU","TN",0.1284,"milligramsPerLiter",1.1,,0,"formatChange","GOOD"
"de74c947-230a-4ba9-954d-0c75d50fa190","D03","BARC","BARC.AOS.groundwater.well.006","BARC.W6.20171011.FIL",,"2017-10-11T14:21Z","2017-10-11T14:21Z","EcoCore_CSU","NO3+NO2 - N",0.0249,"milligramsPerLiter",1.1,,0,"formatChange","GOOD"
"eb5e4aef-6699-4988-b1a2-93e2e0306a5d","D03","BARC","BARC.AOS.groundwater.well.005","BARC.W5.20171011.FIL",,"2017-10-11T16:18Z","2017-10-11T16:18Z","EcoCore_CSU","HCO3",3.1200,"milligramsPerLiter",1.1,,0,"formatChange","GOOD"
"7bd0a88b-13a9-4b7b-962b-7cbc1a135727","D03","BARC","BARC.AOS.groundwater.well.005","BARC.W5.20171011.RAW",,"2017-10-11T16:18Z","2017-10-11T16:18Z","EcoCore_CSU","TN",0.2604,"milligramsPerLiter",1.1,,0,"formatChange","GOOD"
"8f5b03b1-7998-49fb-b971-5708e9dd3d53","D03","BARC","BARC.AOS.groundwater.well.005","BARC.W5.20171011.FIL",,"2017-10-11T16:18Z","2017-10-11T16:18Z","EcoCore_CSU","Fe",0.0570,"milligramsPerLiter",1.1,,0,"formatChange","GOOD"
"8a75e154-1660-4a83-aaeb-760f42b5f58c","D03","BARC","BARC.AOS.groundwater.well.005","BARC.W5.20171011.FIL",,"2017-10-11T16:18Z","2017-10-11T16:18Z","EcoCore_CSU","TDS",34.6000,"milligramsPerLiter",1.1,,0,"formatChange","GOOD"
"e0eebee8-000d-4ae4-9f5e-f5a562d95b10","D03","BARC","BARC.AOS.groundwater.well.005","BARC.W5.20171011.FIL",,"2017-10-11T16:18Z","2017-10-11T16:18Z","EcoCore_CSU","Mg",1.2560,"milligramsPerLiter",1.1,,0,"formatChange","GOOD"
"1585931e-01fc-4f12-91fd-eb9c39f2a755","D03","BARC","BARC.AOS.groundwater.well.005","BARC.W5.20171011.FIL",,"2017-10-11T16:18Z","2017-10-11T16:18Z","EcoCore_CSU","NO2 - N",0.0097,"milligramsPerLiter",1.1,,0,"formatChange","GOOD"
"0f3b2a8e-cf62-4f30-b53a-3aca6d73dc6b","D03","BARC","BARC.AOS.groundwater.well.005","BARC.W5.20171011.FIL",,"2017-10-11T16:18Z","2017-10-11T16:18Z","EcoCore_CSU","CO3",0.0050,"milligramsPerLiter",1.1,,0,"formatChange","GOOD"
"0ea18668-dfd5-43d8-9401-0089886f0696","D03","BARC","BARC.AOS.groundwater.well.005","BARC.W5.20171011.FIL",,"2017-10-11T16:18Z","2017-10-11T16:18Z","EcoCore_CSU","TDN",0.2586,"milligramsPerLiter",1.1,,0,"formatChange","GOOD"
"08fea8ce-fa8f-4f9e-9dd6-25762a704431","D03","BARC","BARC.AOS.groundwater.well.005","BARC.W5.20171011.RAW",,"2017-10-11T16:18Z","2017-10-11T16:18Z","EcoCore_CSU","TOC",5.1400,"milligramsPerLiter",1.1,,0,"formatChange","GOOD"
"db5960bf-659d-4bc4-a24a-97aa41e72614","D03","BARC","BARC.AOS.groundwater.well.005","BARC.W5.20171011.RAW",,"2017-10-11T16:18Z","2017-10-11T16:18Z","EcoCore_CSU","ANC",0.0700,"milliequivalentsPerLiter",1.1,,0,"formatChange","GOOD"
"e5bc213a-167f-489b-97f2-230db3fead29","D03","BARC","BARC.AOS.groundwater.well.005","BARC.W5.20171011.RAW",,"2017-10-11T16:18Z","2017-10-11T16:18Z","EcoCore_CSU","TSS - Dry Mass",2200.0000,"microgram",1.1,,0,"formatChange","GOOD"
"a4b95ac9-00db-4336-934d-d70e83c367b5","D03","BARC","BARC.AOS.groundwater.well.005","BARC.W5.20171011.FIL",,"2017-10-11T16:18Z","2017-10-11T16:18Z","EcoCore_CSU","Na",6.3520,"milligramsPerLiter",1.1,,0,"formatChange","GOOD"
"0da4b9f6-3b51-41c8-bf68-29e2cfa8c60b","D03","BARC","BARC.AOS.groundwater.well.005","BARC.W5.20171011.RAW",,"2017-10-11T16:18Z","2017-10-11T16:18Z","EcoCore_CSU","pH",4.8300,"pH",1.1,,0,"formatChange","GOOD"
"679129f5-35f2-4581-9a5f-0dd4927a84ff","D03","BARC","BARC.AOS.groundwater.well.005","BARC.W5.20171011.FIL",,"2017-10-11T16:18Z","2017-10-11T16:18Z","EcoCore_CSU","DIC",3.0260,"milligramsPerLiter",1.1,,0,"formatChange","GOOD"
"7f0bfac9-c75f-47d7-b6eb-b9f42b4934f9","D03","BARC","BARC.AOS.groundwater.well.005","BARC.W5.20171011.RAW",,"2017-10-11T16:18Z","2017-10-11T16:18Z","EcoCore_CSU","TP",0.0590,"milligramsPerLiter",1.1,,0,"formatChange","GOOD"
"62e018d6-bacd-4ee4-af88-e193895fdc94","D03","BARC","BARC.AOS.groundwater.well.005","BARC.W5.20171011.FIL",,"2017-10-11T16:18Z","2017-10-11T16:18Z","EcoCore_CSU","UV Absorbance (250 nm)",0.1251,,1.1,,0,"formatChange","GOOD"
"fafe3081-d3f6-4372-9cc1-52513bdbc361","D03","BARC","BARC.AOS.groundwater.well.005","BARC.W5.20171011.FIL",,"2017-10-11T16:18Z","2017-10-11T16:18Z","EcoCore_CSU","K",0.0830,"milligramsPerLiter",1.1,,0,"formatChange","GOOD"
"62d5758a-f8ac-4254-82a0-ed01315c8f9b","D03","BARC","BARC.AOS.groundwater.well.005","BARC.W5.20171011.FIL",,"2017-10-11T16:18Z","2017-10-11T16:18Z","EcoCore_CSU","UV Absorbance (280 nm)",0.0779,,1.1,,0,"formatChange","GOOD"
"6ae97eb9-3f31-467c-831d-2a2cbb550fcd","D03","BARC","BARC.AOS.groundwater.well.005","BARC.W5.20171011.RAW",,"2017-10-11T16:18Z","2017-10-11T16:18Z","EcoCore_CSU","conductivity",47.2000,"microsiemensPerCentimeter",1.1,,0,"formatChange","GOOD"
"e31dd615-a2a3-4f92-aba6-1373ad395ed7","D03","BARC","BARC.AOS.groundwater.well.005","BARC.W5.20171011.PCN",,"2017-10-11T16:18Z","2017-10-11T16:18Z","EcoCore_CSU","TPC",0.3900,"milligram",1.1,,0,"formatChange","GOOD"
"fb6d61ae-0c1b-4022-8aec-65c1f6c5a750","D03","BARC","BARC.AOS.groundwater.well.005","BARC.W5.20171011.FIL",,"2017-10-11T16:18Z","2017-10-11T16:18Z","EcoCore_CSU","Br",0.0050,"milligramsPerLiter",1.1,,0,"formatChange","GOOD"
"1e9ae57e-53db-4776-85d0-2836229a06ef","D03","BARC","BARC.AOS.groundwater.well.005","BARC.W5.20171011.PCN",,"2017-10-11T16:18Z","2017-10-11T16:18Z","EcoCore_CSU","TPN",0.0148,"milligram",1.1,,0,"formatChange","GOOD"
"5d7bb570-cf2c-488c-9923-a532258456bf","D03","BARC","BARC.AOS.groundwater.well.005","BARC.W5.20171011.FIL",,"2017-10-11T16:18Z","2017-10-11T16:18Z","EcoCore_CSU","F",0.0050,"milligramsPerLiter",1.1,,0,"formatChange","GOOD"
"fab16067-a4ea-4678-9bd5-489836a0a9ec","D03","BARC","BARC.AOS.groundwater.well.005","BARC.W5.20171011.FIL",,"2017-10-11T16:18Z","2017-10-11T16:18Z","EcoCore_CSU","TDP",0.0020,"milligramsPerLiter",1.1,,0,"formatChange","GOOD"
"c130eedd-67a5-4dc6-a86b-2094e932df33","D03","BARC","BARC.AOS.groundwater.well.005","BARC.W5.20171011.FIL",,"2017-10-11T16:18Z","2017-10-11T16:18Z","EcoCore_CSU","Cl",10.5200,"milligramsPerLiter",1.1,,0,"formatChange","GOOD"
"73a122bd-32b6-4a1c-b661-33348edebe8d","D03","BARC","BARC.AOS.groundwater.well.005","BARC.W5.20171011.FIL",,"2017-10-11T16:18Z","2017-10-11T16:18Z","EcoCore_CSU","Si",0.8100,"milligramsPerLiter",1.1,,0,"formatChange","GOOD"
"d45bdeb1-a93e-4824-ab0c-2e3a83f4205a","D03","BARC","BARC.AOS.groundwater.well.005","BARC.W5.20171011.FIL",,"2017-10-11T16:18Z","2017-10-11T16:18Z","EcoCore_CSU","SO4",5.3900,"milligramsPerLiter",1.1,,0,"formatChange","GOOD"
"5d951cb8-2746-47fc-8227-43771c518c3b","D03","BARC","BARC.AOS.groundwater.well.005","BARC.W5.20171011.FIL",,"2017-10-11T16:18Z","2017-10-11T16:18Z","EcoCore_CSU","NO3+NO2 - N",0.0378,"milligramsPerLiter",1.1,,0,"formatChange","GOOD"
"3b2f4cf7-fe3e-4b31-84b0-05c824b04ce9","D03","BARC","BARC.AOS.groundwater.well.005","BARC.W5.20171011.FIL",,"2017-10-11T16:18Z","2017-10-11T16:18Z","EcoCore_CSU","Mn",0.0110,"milligramsPerLiter",1.1,,0,"formatChange","GOOD"
"f9f882a1-8267-498b-b63a-675680394402","D03","BARC","BARC.AOS.groundwater.well.005","BARC.W5.20171011.RAW",,"2017-10-11T16:18Z","2017-10-11T16:18Z","EcoCore_CSU","TSS",44.0000,"milligramsPerLiter",1.1,,0,"formatChange","GOOD"
"6d8ac75d-abf6-4d41-b75f-b8bc7f0ac654","D03","BARC","BARC.AOS.groundwater.well.005","BARC.W5.20171011.FIL",,"2017-10-11T16:18Z","2017-10-11T16:18Z","EcoCore_CSU","Ca",1.6230,"milligramsPerLiter",1.1,,0,"formatChange","GOOD"
"b6940ec7-a686-4382-9c32-d035d8b3b18d","D03","BARC","BARC.AOS.groundwater.well.005","BARC.W5.20171011.FIL",,"2017-10-11T16:18Z","2017-10-11T16:18Z","EcoCore_CSU","NH4 - N",0.1097,"milligramsPerLiter",1.1,,0,"formatChange","GOOD"
"266ba282-68e7-4040-a8e7-1a289ac1b8e3","D03","BARC","BARC.AOS.groundwater.well.005","BARC.W5.20171011.FIL",,"2017-10-11T16:18Z","2017-10-11T16:18Z","EcoCore_CSU","DOC",4.9070,"milligramsPerLiter",1.1,,0,"formatChange","GOOD"
"f7955c88-5231-4987-834f-60d107955630","D03","BARC","BARC.AOS.groundwater.well.005","BARC.W5.20171011.FIL",,"2017-10-11T16:18Z","2017-10-11T16:18Z","EcoCore_CSU","Ortho - P",0.0120,"milligramsPerLiter",1.1,,0,"formatChange","GOOD"
