uid,domainID,siteID,namedLocation,collectDate,parentSampleID,sampleCondition,sampleID,replicateNumber,gwwDICBubbleFree,gwwFiltSampleHeadspace,gwwAlkSampleHeadspace,gwwAlkSampleBubbleFree,processedDate,processedDateFilters,sampleVolumeFiltered,shipmentTimeRange
"0be95295-5757-42b3-a42f-b626a70083aa","D03","BARC","BARC.AOS.groundwater.well.008","2017-10-09T14:06Z","BARC.W8.20171009","Sample condition ok","BARC.W8.20171009",1,,,,,"2017-10-09T14:45Z","2017-10-09T14:55Z",300.0,
"e82e1381-e2ef-4955-82f7-8349d5cd5a35","D03","BARC","BARC.AOS.groundwater.well.001","2017-10-09T15:27Z","BARC.W1.20171009","Sample condition ok","BARC.W1.20171009",1,,,,,"2017-10-09T15:45Z","2017-10-09T16:00Z",400.0,
"398515d2-aaf9-4542-82cb-d204d88a33f7","D03","BARC","BARC.AOS.groundwater.well.006","2017-10-11T14:21Z","BARC.W6.20171011","Sample condition ok","BARC.W6.20171011",1,,,,,"2017-10-11T14:47Z","2017-10-11T14:56Z",300.0,
"32e9549e-7ec3-4937-9f02-ee4be5792867","D03","BARC","BARC.AOS.groundwater.well.005","2017-10-11T16:18Z","BARC.W5.20171011","Sample condition ok","BARC.W5.20171011",1,,,,,"2017-10-11T16:44Z","2017-10-11T16:50Z",200.0,
