uid,domainID,siteID,namedLocation,decimalLatitude,decimalLongitude,coordinateUncertainty,elevation,elevationUncertainty,geodeticDatum,collectDate,aquaticSiteType,samplingImpractical,waterChemSamplesCollected,adequateSampleVol,parentSampleID,eventID,swcSamplingProtocolVersion,sampleExtractionMethod,samplerType,totalWellDepth,wellWaterDepth,waterColumnHeight,sampleDepth,purgeAverageDischargeRate,purgeTime,gwWellStabilized,purgeDryDateTime,pumpPlacementDate,screenedIntervalDepth,maxAllowableDrawdown,actualDrawdown,MADExceeded,wellVolumePurged,probeIDUnavailable,dissolvedOxygen,dissolvedOxygenSaturation,specificConductance,waterTemp,pH,waterClarityDescrip,waterColorDescrip,aCollectedBy,bCollectedBy,remarks
"fb08de04-42da-488c-a861-6e09066e111d","D03","BARC","BARC.AOS.groundwater.well.008",29.678049,-82.009175,0.1,30.3,0.1,"WGS84","2017-10-09T14:06Z","lake",,,,"BARC.W8.20171009","BARC.20171009","NEON.DOC.002905vE","low-flow","Groundwater Pump",13.3,3.8,9.6,4.8,,,,,,,,,,2.0,,8.46,104.40,20.30,26.40,,"clear","colorless","kludwig@field-ops.org","jcampbell@field-ops.org",
"f5be4a52-0c80-4c4e-8bb4-d393f05ad174","D03","BARC","BARC.AOS.groundwater.well.001",29.678574,-82.008577,0.1,30.1,0.1,"WGS84","2017-10-09T15:27Z","lake",,,,"BARC.W1.20171009","BARC.20171009","NEON.DOC.002905vE","low-flow","Groundwater Pump",12.3,3.3,9.0,4.3,,,,,,,,,,2.5,,8.22,106.80,25.30,28.70,,"clear","colorless","jcampbell@field-ops.org","kludwig@field-ops.org",
"78ad9b74-41fd-4866-8d6f-dcad551d9cac","D03","BARC","BARC.AOS.groundwater.well.006",29.674068,-82.008257,0.1,29.6,0.1,"WGS84","2017-10-11T14:21Z","lake",,,,"BARC.W6.20171011","BARC.20171011","NEON.DOC.002905vE","low-flow","Groundwater Pump",9.2,3.2,6.0,4.2,,,,,,,,,,2.3,,6.11,76.60,35.20,26.80,,"opaque","gray","kludwig@field-ops.org","jcampbell@field-ops.org","2.5m 5m depth finder hit roots total depth possibly inaccurate due to roots"
"112352a9-f60c-44ae-be1b-5745effefbcd","D03","BARC","BARC.AOS.groundwater.well.005",29.674046,-82.007170,0.1,29.9,0.1,"WGS84","2017-10-11T16:18Z","lake",,,,"BARC.W5.20171011","BARC.20171011","NEON.DOC.002905vE","low-flow","Groundwater Pump",11.6,3.5,8.1,4.5,,,,,,,,,,1.2,,5.35,67.00,68.50,26.70,,"opaque","gray","jcampbell@field-ops.org","kludwig@field-ops.org",
