uid,domainID,siteID,namedLocation,decimalLatitude,decimalLongitude,coordinateUncertainty,elevation,elevationUncertainty,geodeticDatum,collectDate,aquaticSiteType,samplingImpractical,waterChemSamplesCollected,adequateSampleVol,parentSampleID,eventID,swcSamplingProtocolVersion,sampleExtractionMethod,samplerType,totalWellDepth,wellWaterDepth,waterColumnHeight,sampleDepth,purgeAverageDischargeRate,purgeTime,gwWellStabilized,purgeDryDateTime,pumpPlacementDate,screenedIntervalDepth,maxAllowableDrawdown,actualDrawdown,MADExceeded,wellVolumePurged,probeIDUnavailable,dissolvedOxygen,dissolvedOxygenSaturation,specificConductance,waterTemp,pH,waterClarityDescrip,waterColorDescrip,aCollectedBy,bCollectedBy,remarks
"05111239-50c2-48e7-a22a-7b9c0e4ff0da","D17","BIGC","BIGC.AOS.groundwater.well.006",37.058649,-119.256542,0.1,1132.6,0.1,"WGS84","2020-03-30T14:00Z","stream","logistical",,"Y","BIGC.W6.20200330","BIGC.20200330","NEON.DOC.002905vG",,,,,,,,,,,,,,,,,,,,,,,,,"0000-0001-7332-328X",,"COVID19"
"f6824189-20bf-4007-8fa5-efe1346c837a","D17","BIGC","BIGC.AOS.groundwater.well.001",37.057579,-119.255032,0.1,1129.5,0.1,"WGS84","2020-03-30T14:00Z","stream","logistical",,"Y","BIGC.W1.20200330","BIGC.20200330","NEON.DOC.002905vG",,,,,,,,,,,,,,,,,,,,,,,,,"0000-0001-7332-328X",,"COVID19"
"f7cb20b3-bd5f-4f1d-a5af-3fb3376e664e","D17","BIGC","BIGC.AOS.groundwater.well.005",37.058840,-119.256469,0.1,1132.2,0.1,"WGS84","2020-03-30T14:00Z","stream","logistical",,"Y","BIGC.W5.20200330","BIGC.20200330","NEON.DOC.002905vG",,,,,,,,,,,,,,,,,,,,,,,,,"0000-0001-7332-328X",,"COVID19"
"3673881d-db91-440e-978b-fcde9a747520","D17","BIGC","BIGC.AOS.groundwater.well.002",37.057454,-119.255032,0.1,1130.6,0.1,"WGS84","2020-03-30T14:00Z","stream","logistical",,"Y","BIGC.W2.20200330","BIGC.20200330","NEON.DOC.002905vG",,,,,,,,,,,,,,,,,,,,,,,,,"0000-0001-7332-328X",,"COVID19"
