uid,domainID,siteID,namedLocation,sampleID,sampleCode,startDate,collectDate,laboratoryName,analyte,analyteConcentration,analyteUnits,coolerTemp,remarks,shipmentWarmQF,externalLabDataQF,sampleCondition
"fab9d5c6-618d-4c61-8b9e-79f36adb09c5","D03","FLNT","FLNT.AOS.groundwater.well.007","FLNT.W7.20180301.FIL",,"2018-03-01T14:54Z","2018-03-01T14:54Z","EcoCore_CSU","Br",0.0050,"milligramsPerLiter",1.5,,0,"formatChange","GOOD"
"9f81bd12-af0b-413e-af37-d22b43fb88bb","D03","FLNT","FLNT.AOS.groundwater.well.007","FLNT.W7.20180301.FIL",,"2018-03-01T14:54Z","2018-03-01T14:54Z","EcoCore_CSU","TDN",0.0393,"milligramsPerLiter",1.5,,0,"formatChange","GOOD"
"8b403784-f270-4968-88da-4ecea50f1af0","D03","FLNT","FLNT.AOS.groundwater.well.007","FLNT.W7.20180301.RAW",,"2018-03-01T14:54Z","2018-03-01T14:54Z","EcoCore_CSU","conductivity",414.3000,"microsiemensPerCentimeter",1.5,,0,"formatChange","GOOD"
"6d90cbc4-93e8-4ecf-8e4c-046878f0d205","D03","FLNT","FLNT.AOS.groundwater.well.007","FLNT.W7.20180301.FIL",,"2018-03-01T14:54Z","2018-03-01T14:54Z","EcoCore_CSU","Ortho - P",0.0060,"milligramsPerLiter",1.5,,0,"formatChange","GOOD"
"c470079a-91bd-491a-913d-017ea0f5afa5","D03","FLNT","FLNT.AOS.groundwater.well.007","FLNT.W7.20180301.FIL",,"2018-03-01T14:54Z","2018-03-01T14:54Z","EcoCore_CSU","CO3",0.0050,"milligramsPerLiter",1.5,,0,"formatChange","GOOD"
"c3968a2d-74e7-427b-bd00-b0f6f40e7aec","D03","FLNT","FLNT.AOS.groundwater.well.007","FLNT.W7.20180301.FIL",,"2018-03-01T14:54Z","2018-03-01T14:54Z","EcoCore_CSU","NO3+NO2 - N",0.0124,"milligramsPerLiter",1.5,,0,"formatChange","GOOD"
"5fc21e71-af91-49e8-b197-76903c891dcd","D03","FLNT","FLNT.AOS.groundwater.well.007","FLNT.W7.20180301.FIL",,"2018-03-01T14:54Z","2018-03-01T14:54Z","EcoCore_CSU","Si",7.3000,"milligramsPerLiter",1.5,,0,"formatChange","GOOD"
"d3065fc7-841a-4018-bff3-5b66eeb2eed9","D03","FLNT","FLNT.AOS.groundwater.well.007","FLNT.W7.20180301.RAW",,"2018-03-01T14:54Z","2018-03-01T14:54Z","EcoCore_CSU","TSS",16.0000,"milligramsPerLiter",1.5,,0,"formatChange","GOOD"
"678083b5-0a91-4ed1-ad94-040b7c103cd2","D03","FLNT","FLNT.AOS.groundwater.well.007","FLNT.W7.20180301.FIL",,"2018-03-01T14:54Z","2018-03-01T14:54Z","EcoCore_CSU","SO4",25.7200,"milligramsPerLiter",1.5,,0,"formatChange","GOOD"
"378f0852-f903-4ac4-93d4-f010a20358d4","D03","FLNT","FLNT.AOS.groundwater.well.007","FLNT.W7.20180301.RAW",,"2018-03-01T14:54Z","2018-03-01T14:54Z","EcoCore_CSU","TSS - Dry Mass",800.0000,"microgram",1.5,,0,"formatChange","GOOD"
"71dd5131-6a14-472b-a385-174f88a5a06a","D03","FLNT","FLNT.AOS.groundwater.well.007","FLNT.W7.20180301.FIL",,"2018-03-01T14:54Z","2018-03-01T14:54Z","EcoCore_CSU","Mn",0.0005,"milligramsPerLiter",1.5,,0,"formatChange","GOOD"
"9b1d5803-5d79-4af5-9a45-a7bd6a161bda","D03","FLNT","FLNT.AOS.groundwater.well.007","FLNT.W7.20180301.FIL",,"2018-03-01T14:54Z","2018-03-01T14:54Z","EcoCore_CSU","UV Absorbance (280 nm)",0.0247,,1.5,,0,"formatChange","GOOD"
"1c6122df-22f9-4e09-8e5c-2c63937b6d7d","D03","FLNT","FLNT.AOS.groundwater.well.007","FLNT.W7.20180301.FIL",,"2018-03-01T14:54Z","2018-03-01T14:54Z","EcoCore_CSU","Fe",0.0005,"milligramsPerLiter",1.5,,0,"formatChange","GOOD"
"dd069e16-c272-48f6-81ed-b15bf5de60a1","D03","FLNT","FLNT.AOS.groundwater.well.007","FLNT.W7.20180301.PCN",,"2018-03-01T14:54Z","2018-03-01T14:54Z","EcoCore_CSU","TPN",,"milligram",1.5,"PCN w6 and w7 have same label - not analyzed",0,"formatChange","PCN Sample Missing"
"9a3dada4-5fb0-4937-a391-51af1331c4df","D03","FLNT","FLNT.AOS.groundwater.well.007","FLNT.W7.20180301.FIL",,"2018-03-01T14:54Z","2018-03-01T14:54Z","EcoCore_CSU","DIC",43.3100,"milligramsPerLiter",1.5,,0,"formatChange","GOOD"
"dafa1d9b-5aa4-4479-8e6d-a0eb0cd22575","D03","FLNT","FLNT.AOS.groundwater.well.007","FLNT.W7.20180301.RAW",,"2018-03-01T14:54Z","2018-03-01T14:54Z","EcoCore_CSU","TP",0.0060,"milligramsPerLiter",1.5,,0,"formatChange","GOOD"
"c0b66351-fa92-49eb-940d-b747b7aea57c","D03","FLNT","FLNT.AOS.groundwater.well.007","FLNT.W7.20180301.FIL",,"2018-03-01T14:54Z","2018-03-01T14:54Z","EcoCore_CSU","K",0.6130,"milligramsPerLiter",1.5,,0,"formatChange","GOOD"
"fa6c6a9f-6570-4bea-9548-a6847feec615","D03","FLNT","FLNT.AOS.groundwater.well.007","FLNT.W7.20180301.PCN",,"2018-03-01T14:54Z","2018-03-01T14:54Z","EcoCore_CSU","TPC",,"milligram",1.5,"PCN w6 and w7 have same label - not analyzed",0,"formatChange","PCN Sample Missing"
"1f0c8b93-99c3-4e70-902b-888af5435e4c","D03","FLNT","FLNT.AOS.groundwater.well.007","FLNT.W7.20180301.FIL",,"2018-03-01T14:54Z","2018-03-01T14:54Z","EcoCore_CSU","NO2 - N",0.0149,"milligramsPerLiter",1.5,,0,"formatChange","GOOD"
"97728036-afa9-4c23-bd8c-55bc492c6289","D03","FLNT","FLNT.AOS.groundwater.well.007","FLNT.W7.20180301.FIL",,"2018-03-01T14:54Z","2018-03-01T14:54Z","EcoCore_CSU","Ca",64.6080,"milligramsPerLiter",1.5,,0,"formatChange","GOOD"
"862ccb45-1a83-415f-b733-84695f3d862d","D03","FLNT","FLNT.AOS.groundwater.well.007","FLNT.W7.20180301.RAW",,"2018-03-01T14:54Z","2018-03-01T14:54Z","EcoCore_CSU","pH",7.1400,"pH",1.5,,0,"formatChange","GOOD"
"08f1ca3c-7521-4e49-93f2-000c6482cc7a","D03","FLNT","FLNT.AOS.groundwater.well.007","FLNT.W7.20180301.RAW",,"2018-03-01T14:54Z","2018-03-01T14:54Z","EcoCore_CSU","ANC",2.9500,"milliequivalentsPerLiter",1.5,,0,"formatChange","GOOD"
"558980ae-a37f-4827-9dd7-3ffefa1a2a39","D03","FLNT","FLNT.AOS.groundwater.well.007","FLNT.W7.20180301.FIL",,"2018-03-01T14:54Z","2018-03-01T14:54Z","EcoCore_CSU","HCO3",174.3600,"milligramsPerLiter",1.5,,0,"formatChange","GOOD"
"f118d46f-ea80-454d-be2d-9060a67df17b","D03","FLNT","FLNT.AOS.groundwater.well.007","FLNT.W7.20180301.FIL",,"2018-03-01T14:54Z","2018-03-01T14:54Z","EcoCore_CSU","NH4 - N",-0.0169,"milligramsPerLiter",1.5,,0,"formatChange","GOOD"
"280c3673-a570-41ef-b654-4c76b11a2be7","D03","FLNT","FLNT.AOS.groundwater.well.007","FLNT.W7.20180301.FIL",,"2018-03-01T14:54Z","2018-03-01T14:54Z","EcoCore_CSU","Mg",1.4730,"milligramsPerLiter",1.5,,0,"formatChange","GOOD"
"a0a2bba1-c581-42da-ad79-1424851a5d50","D03","FLNT","FLNT.AOS.groundwater.well.007","FLNT.W7.20180301.RAW",,"2018-03-01T14:54Z","2018-03-01T14:54Z","EcoCore_CSU","TN",0.0402,"milligramsPerLiter",1.5,,0,"formatChange","GOOD"
"4f9801f8-1616-4ef2-88dc-de9178546b83","D03","FLNT","FLNT.AOS.groundwater.well.007","FLNT.W7.20180301.FIL",,"2018-03-01T14:54Z","2018-03-01T14:54Z","EcoCore_CSU","Na",3.8370,"milligramsPerLiter",1.5,,0,"formatChange","GOOD"
"31057f75-20f9-47c5-b9be-18e07667c6ce","D03","FLNT","FLNT.AOS.groundwater.well.007","FLNT.W7.20180301.FIL",,"2018-03-01T14:54Z","2018-03-01T14:54Z","EcoCore_CSU","F",0.5500,"milligramsPerLiter",1.5,,0,"formatChange","GOOD"
"8f972223-ca14-49b1-84d7-22ff2c75f146","D03","FLNT","FLNT.AOS.groundwater.well.007","FLNT.W7.20180301.RAW",,"2018-03-01T14:54Z","2018-03-01T14:54Z","EcoCore_CSU","TOC",0.6499,"milligramsPerLiter",1.5,,0,"formatChange","GOOD"
"93b12b89-8c3f-4767-9c40-4c649271a018","D03","FLNT","FLNT.AOS.groundwater.well.007","FLNT.W7.20180301.FIL",,"2018-03-01T14:54Z","2018-03-01T14:54Z","EcoCore_CSU","Cl",3.4200,"milligramsPerLiter",1.5,,0,"formatChange","GOOD"
"4108c293-b144-495e-8b18-4335302ca330","D03","FLNT","FLNT.AOS.groundwater.well.007","FLNT.W7.20180301.FIL",,"2018-03-01T14:54Z","2018-03-01T14:54Z","EcoCore_CSU","TDS",291.1000,"milligramsPerLiter",1.5,,0,"formatChange","GOOD"
"7fe95f79-da16-4430-b1dc-ab7f1568a71a","D03","FLNT","FLNT.AOS.groundwater.well.007","FLNT.W7.20180301.FIL",,"2018-03-01T14:54Z","2018-03-01T14:54Z","EcoCore_CSU","TDP",0.0040,"milligramsPerLiter",1.5,,0,"formatChange","GOOD"
"12d40790-5378-48aa-b5f3-d2220554d003","D03","FLNT","FLNT.AOS.groundwater.well.007","FLNT.W7.20180301.FIL",,"2018-03-01T14:54Z","2018-03-01T14:54Z","EcoCore_CSU","UV Absorbance (250 nm)",0.0332,,1.5,,0,"formatChange","GOOD"
"627eebb1-5006-4649-98ee-29a0ab14589e","D03","FLNT","FLNT.AOS.groundwater.well.007","FLNT.W7.20180301.FIL",,"2018-03-01T14:54Z","2018-03-01T14:54Z","EcoCore_CSU","DOC",0.5686,"milligramsPerLiter",1.5,,0,"formatChange","GOOD"
"05b0f757-0bca-4b2a-9a38-f3ab0950b509","D03","FLNT","FLNT.AOS.groundwater.well.006","FLNT.W6.20180301.FIL",,"2018-03-01T16:13Z","2018-03-01T16:13Z","EcoCore_CSU","DOC",0.4295,"milligramsPerLiter",1.5,,0,"formatChange","GOOD"
"99d4764d-6621-4fab-bdfe-a9b3e14479df","D03","FLNT","FLNT.AOS.groundwater.well.006","FLNT.W6.20180301.FIL",,"2018-03-01T16:13Z","2018-03-01T16:13Z","EcoCore_CSU","SO4",1.2800,"milligramsPerLiter",1.5,,0,"formatChange","GOOD"
"5863ccae-8ccb-4af8-85a1-0e081d49d8ff","D03","FLNT","FLNT.AOS.groundwater.well.006","FLNT.W6.20180301.FIL",,"2018-03-01T16:13Z","2018-03-01T16:13Z","EcoCore_CSU","Mn",0.0005,"milligramsPerLiter",1.5,,0,"formatChange","GOOD"
"9ad4c881-f542-4c24-b5a7-2e2c47cc06d7","D03","FLNT","FLNT.AOS.groundwater.well.006","FLNT.W6.20180301.FIL",,"2018-03-01T16:13Z","2018-03-01T16:13Z","EcoCore_CSU","NO3+NO2 - N",1.3454,"milligramsPerLiter",1.5,,0,"formatChange","GOOD"
"f58823cb-9889-4f08-955c-c6ce630ee896","D03","FLNT","FLNT.AOS.groundwater.well.006","FLNT.W6.20180301.RAW",,"2018-03-01T16:13Z","2018-03-01T16:13Z","EcoCore_CSU","TOC",0.3198,"milligramsPerLiter",1.5,,0,"formatChange","GOOD"
"596d92ba-3284-4fc8-917a-fcded8fe6f3d","D03","FLNT","FLNT.AOS.groundwater.well.006","FLNT.W6.20180301.FIL",,"2018-03-01T16:13Z","2018-03-01T16:13Z","EcoCore_CSU","F",0.0050,"milligramsPerLiter",1.5,,0,"formatChange","GOOD"
"26e1b039-b343-4f91-aff9-d40959b6272c","D03","FLNT","FLNT.AOS.groundwater.well.006","FLNT.W6.20180301.FIL",,"2018-03-01T16:13Z","2018-03-01T16:13Z","EcoCore_CSU","Br",0.0050,"milligramsPerLiter",1.5,,0,"formatChange","GOOD"
"d9bf4c00-bc2a-4881-8cfd-d2271d55e848","D03","FLNT","FLNT.AOS.groundwater.well.006","FLNT.W6.20180301.FIL",,"2018-03-01T16:13Z","2018-03-01T16:13Z","EcoCore_CSU","Ca",69.3390,"milligramsPerLiter",1.5,,0,"formatChange","GOOD"
"34eb5643-5ab2-4f15-a7db-cee841cfcdc9","D03","FLNT","FLNT.AOS.groundwater.well.006","FLNT.W6.20180301.FIL",,"2018-03-01T16:13Z","2018-03-01T16:13Z","EcoCore_CSU","Fe",0.0005,"milligramsPerLiter",1.5,,0,"formatChange","GOOD"
"1c9af33e-7060-4aee-a85f-bc0898929752","D03","FLNT","FLNT.AOS.groundwater.well.006","FLNT.W6.20180301.PCN",,"2018-03-01T16:13Z","2018-03-01T16:13Z","EcoCore_CSU","TPC",,"milligram",1.5,"PCN w6 and w7 have same label - not analyzed",0,"formatChange","PCN Sample Missing"
"5e7e3b88-8c9b-4958-8f1a-71eaf40878f7","D03","FLNT","FLNT.AOS.groundwater.well.006","FLNT.W6.20180301.FIL",,"2018-03-01T16:13Z","2018-03-01T16:13Z","EcoCore_CSU","NH4 - N",-0.0168,"milligramsPerLiter",1.5,,0,"formatChange","GOOD"
"1ffe9656-f4db-4780-bbe8-5775ce1bcd33","D03","FLNT","FLNT.AOS.groundwater.well.006","FLNT.W6.20180301.FIL",,"2018-03-01T16:13Z","2018-03-01T16:13Z","EcoCore_CSU","Si",4.1300,"milligramsPerLiter",1.5,,0,"formatChange","GOOD"
"54b8de55-5d8d-4bf3-bd4b-0e7e085c4712","D03","FLNT","FLNT.AOS.groundwater.well.006","FLNT.W6.20180301.RAW",,"2018-03-01T16:13Z","2018-03-01T16:13Z","EcoCore_CSU","ANC",3.4600,"milliequivalentsPerLiter",1.5,,0,"formatChange","GOOD"
"8730d52f-ee48-4afd-8839-4e9a7b0a8c20","D03","FLNT","FLNT.AOS.groundwater.well.006","FLNT.W6.20180301.RAW",,"2018-03-01T16:13Z","2018-03-01T16:13Z","EcoCore_CSU","TSS",16.0000,"milligramsPerLiter",1.5,,0,"formatChange","GOOD"
"519b6bfa-c71b-431d-8dfd-546806496516","D03","FLNT","FLNT.AOS.groundwater.well.006","FLNT.W6.20180301.RAW",,"2018-03-01T16:13Z","2018-03-01T16:13Z","EcoCore_CSU","conductivity",451.7000,"microsiemensPerCentimeter",1.5,,0,"formatChange","GOOD"
"a06d4e3c-feb9-4ca2-901f-25fed5b20abd","D03","FLNT","FLNT.AOS.groundwater.well.006","FLNT.W6.20180301.FIL",,"2018-03-01T16:13Z","2018-03-01T16:13Z","EcoCore_CSU","DIC",52.8900,"milligramsPerLiter",1.5,,0,"formatChange","GOOD"
"4935a919-4e7a-4c9d-91cf-116684bcc0af","D03","FLNT","FLNT.AOS.groundwater.well.006","FLNT.W6.20180301.RAW",,"2018-03-01T16:13Z","2018-03-01T16:13Z","EcoCore_CSU","TSS - Dry Mass",800.0000,"microgram",1.5,,0,"formatChange","GOOD"
"7171d2f3-b5a5-4ca6-8d68-8ef9d4321f28","D03","FLNT","FLNT.AOS.groundwater.well.006","FLNT.W6.20180301.FIL",,"2018-03-01T16:13Z","2018-03-01T16:13Z","EcoCore_CSU","UV Absorbance (280 nm)",0.0116,,1.5,,0,"formatChange","GOOD"
"c834fae3-9b9c-4d46-b951-9f61971112a3","D03","FLNT","FLNT.AOS.groundwater.well.006","FLNT.W6.20180301.RAW",,"2018-03-01T16:13Z","2018-03-01T16:13Z","EcoCore_CSU","TP",8.2790,"milligramsPerLiter",1.5,,0,"formatChange","GOOD"
"2d52773c-5f2b-476a-90d0-5b0e06e1969a","D03","FLNT","FLNT.AOS.groundwater.well.006","FLNT.W6.20180301.FIL",,"2018-03-01T16:13Z","2018-03-01T16:13Z","EcoCore_CSU","CO3",0.0050,"milligramsPerLiter",1.5,,0,"formatChange","GOOD"
"cc203d5a-c23d-4ef5-810d-4b1b5b2ba422","D03","FLNT","FLNT.AOS.groundwater.well.006","FLNT.W6.20180301.FIL",,"2018-03-01T16:13Z","2018-03-01T16:13Z","EcoCore_CSU","Ortho - P",0.0070,"milligramsPerLiter",1.5,,0,"formatChange","GOOD"
"bd6942b2-c0a2-4cb5-8623-a2f911679bcc","D03","FLNT","FLNT.AOS.groundwater.well.006","FLNT.W6.20180301.FIL",,"2018-03-01T16:13Z","2018-03-01T16:13Z","EcoCore_CSU","Na",2.3950,"milligramsPerLiter",1.5,,0,"formatChange","GOOD"
"aa2287d6-117a-4a73-a11f-d8228bde025c","D03","FLNT","FLNT.AOS.groundwater.well.006","FLNT.W6.20180301.FIL",,"2018-03-01T16:13Z","2018-03-01T16:13Z","EcoCore_CSU","K",0.3370,"milligramsPerLiter",1.5,,0,"formatChange","GOOD"
"eb4bf5fd-cc85-4402-85db-2de4ec348699","D03","FLNT","FLNT.AOS.groundwater.well.006","FLNT.W6.20180301.FIL",,"2018-03-01T16:13Z","2018-03-01T16:13Z","EcoCore_CSU","NO2 - N",0.0159,"milligramsPerLiter",1.5,,0,"formatChange","GOOD"
"4c9ef2a2-da68-4196-b0dd-c662857d0279","D03","FLNT","FLNT.AOS.groundwater.well.006","FLNT.W6.20180301.RAW",,"2018-03-01T16:13Z","2018-03-01T16:13Z","EcoCore_CSU","pH",7.1200,"pH",1.5,,0,"formatChange","GOOD"
"042cb058-bad0-4c01-9277-5436b03ed654","D03","FLNT","FLNT.AOS.groundwater.well.006","FLNT.W6.20180301.PCN",,"2018-03-01T16:13Z","2018-03-01T16:13Z","EcoCore_CSU","TPN",,"milligram",1.5,"PCN w6 and w7 have same label - not analyzed",0,"formatChange","PCN Sample Missing"
"910ff070-1050-48e8-9758-ac666271e927","D03","FLNT","FLNT.AOS.groundwater.well.006","FLNT.W6.20180301.FIL",,"2018-03-01T16:13Z","2018-03-01T16:13Z","EcoCore_CSU","TDP",0.0050,"milligramsPerLiter",1.5,,0,"formatChange","GOOD"
"08c2f9b3-a99f-4c2e-8c89-731fa83feb61","D03","FLNT","FLNT.AOS.groundwater.well.006","FLNT.W6.20180301.RAW",,"2018-03-01T16:13Z","2018-03-01T16:13Z","EcoCore_CSU","TN",1.6000,"milligramsPerLiter",1.5,,0,"formatChange","GOOD"
"0087ed4c-dcd9-47fa-803f-de83a57003f8","D03","FLNT","FLNT.AOS.groundwater.well.006","FLNT.W6.20180301.FIL",,"2018-03-01T16:13Z","2018-03-01T16:13Z","EcoCore_CSU","Mg",0.7080,"milligramsPerLiter",1.5,,0,"formatChange","GOOD"
"93e3dcfc-6cd7-4e65-abc6-15bb34fa869c","D03","FLNT","FLNT.AOS.groundwater.well.006","FLNT.W6.20180301.FIL",,"2018-03-01T16:13Z","2018-03-01T16:13Z","EcoCore_CSU","TDN",1.5990,"milligramsPerLiter",1.5,,0,"formatChange","GOOD"
"91d4219d-b4cb-41b7-906e-6e7270660a43","D03","FLNT","FLNT.AOS.groundwater.well.006","FLNT.W6.20180301.FIL",,"2018-03-01T16:13Z","2018-03-01T16:13Z","EcoCore_CSU","Cl",7.6400,"milligramsPerLiter",1.5,,0,"formatChange","GOOD"
"40684ac7-a8b6-4376-835c-08714a66834a","D03","FLNT","FLNT.AOS.groundwater.well.006","FLNT.W6.20180301.FIL",,"2018-03-01T16:13Z","2018-03-01T16:13Z","EcoCore_CSU","UV Absorbance (250 nm)",0.0168,,1.5,,0,"formatChange","GOOD"
"22ae6b98-c7d4-4d89-802d-8ad931813b84","D03","FLNT","FLNT.AOS.groundwater.well.006","FLNT.W6.20180301.FIL",,"2018-03-01T16:13Z","2018-03-01T16:13Z","EcoCore_CSU","TDS",317.9000,"milligramsPerLiter",1.5,,0,"formatChange","GOOD"
"7ec1fb49-b4f8-449c-9edf-8245fe6cc967","D03","FLNT","FLNT.AOS.groundwater.well.006","FLNT.W6.20180301.FIL",,"2018-03-01T16:13Z","2018-03-01T16:13Z","EcoCore_CSU","HCO3",207.8400,"milligramsPerLiter",1.5,,0,"formatChange","GOOD"
