uid,domainID,siteID,namedLocation,decimalLatitude,decimalLongitude,coordinateUncertainty,elevation,elevationUncertainty,geodeticDatum,collectDate,aquaticSiteType,samplingImpractical,waterChemSamplesCollected,adequateSampleVol,parentSampleID,eventID,swcSamplingProtocolVersion,sampleExtractionMethod,samplerType,totalWellDepth,wellWaterDepth,waterColumnHeight,sampleDepth,purgeAverageDischargeRate,purgeTime,gwWellStabilized,purgeDryDateTime,pumpPlacementDate,screenedIntervalDepth,maxAllowableDrawdown,actualDrawdown,MADExceeded,wellVolumePurged,probeIDUnavailable,dissolvedOxygen,dissolvedOxygenSaturation,specificConductance,waterTemp,pH,waterClarityDescrip,waterColorDescrip,aCollectedBy,bCollectedBy,remarks
"d5eb1311-23c9-4f62-b871-501e661d3213","D13","WLOU","WLOU.AOS.groundwater.well.001",39.891233,-105.914588,0.1,2916.4,0.1,"WGS84","2020-07-07T14:32Z","stream",,"Y","Y","WLOU.W1.20200707","WLOU.20200707","NEON.DOC.002905vG","low-flow","Groundwater Pump",2.2,1.4,0.8,1.7,160.0,16.0,,,,,,,,2.6,,1.00,11.20,88.00,5.70,6.76,"clear","colorless","0000-0002-6718-4647","0000-0002-5760-9269",
"a814ee8a-a1bc-4d88-8458-71e898e4656a","D13","WLOU","WLOU.AOS.groundwater.well.002",39.891183,-105.914497,0.1,2916.4,0.1,"WGS84","2020-07-07T15:20Z","stream",,"Y","Y","WLOU.W2.20200707","WLOU.20200707","NEON.DOC.002905vG","low-flow","Groundwater Pump",2.4,1.7,0.7,1.9,176.0,77.0,,,,,,,,13.6,,6.11,70.40,90.90,6.40,7.05,"clear","colorless","0000-0002-6718-4647","0000-0002-5760-9269",
"aafa4be0-8857-478d-8af5-a17aca4255ea","D13","WLOU","WLOU.AOS.groundwater.well.005",39.891138,-105.912929,0.1,2909.5,0.1,"WGS84","2020-07-07T16:39Z","stream",,"Y","Y","WLOU.W5.20200707","WLOU.20200707","NEON.DOC.002905vG","low-flow","Groundwater Pump",2.4,1.6,0.7,1.9,176.0,24.0,,,,,,,,4.2,,1.93,22.30,79.60,7.70,6.79,"cloudy","gray","0000-0002-5760-9269","0000-0002-6718-4647",
"f9452ca3-3fc1-4e18-af80-30b16c24b45f","D13","WLOU","WLOU.AOS.groundwater.well.008",39.890665,-105.911591,0.1,2904.6,0.1,"WGS84","2020-07-07T18:23Z","stream",,"Y","Y","WLOU.W8.20200707","WLOU.20200707","NEON.DOC.002905vG","low-flow","Groundwater Pump",2.8,1.7,1.2,2.3,164.0,17.0,,,,,,,,2.8,,5.84,64.20,156.70,5.10,7.44,"clear","colorless","0000-0002-5760-9269","0000-0002-6718-4647",
