uid,domainID,siteID,namedLocation,collectDate,parentSampleID,sampleCondition,sampleID,replicateNumber,gwwDICBubbleFree,gwwFiltSampleHeadspace,gwwAlkSampleHeadspace,gwwAlkSampleBubbleFree,processedDate,processedDateFilters,sampleVolumeFiltered,shipmentTimeRange
"4136a27a-cbb2-4f79-b841-f2a91add8ce9","D13","WLOU","WLOU.AOS.groundwater.well.001","2020-07-07T14:32Z","WLOU.W1.20200707","Sample condition ok","WLOU.W1.20200707",1,,"N",,,"2020-07-07T14:32Z","2020-07-07T14:32Z",268.0,"within 24 hours of collection"
"3a4c5cd3-e240-41fb-ab22-c5d15c984838","D13","WLOU","WLOU.AOS.groundwater.well.002","2020-07-07T15:20Z","WLOU.W2.20200707","Sample condition ok","WLOU.W2.20200707",1,,,,,"2020-07-07T15:20Z","2020-07-08T04:54Z",442.0,"within 24 hours of collection"
"8272ff3b-8503-435e-8efc-16fbd90963f6","D13","WLOU","WLOU.AOS.groundwater.well.005","2020-07-07T16:39Z","WLOU.W5.20200707","Sample condition ok","WLOU.W5.20200707",1,,,,,"2020-07-07T16:39Z","2020-07-07T16:39Z",100.0,"within 24 hours of collection"
"bd18f204-c935-4a0e-a58b-4f08fb59f2f2","D13","WLOU","WLOU.AOS.groundwater.well.008","2020-07-07T18:23Z","WLOU.W8.20200707",,"WLOU.W8.20200707",1,,,,,"2020-07-07T18:23Z","2020-07-07T18:20Z",500.0,"within 24 hours of collection"
