uid,domainID,siteID,namedLocation,collectDate,titrationDate,parentSampleID,domainSampleID,remarks,measuredBy,alkMeqPerL,alkMgPerL,ancMeqPerL,ancMgPerL
"39cbc698-2109-4e3f-a9f7-484db4b8cc4b","D13","WLOU","WLOU.AOS.groundwater.well.001","2020-07-07T14:32Z","2020-07-08T13:55Z","WLOU.W1.20200707","WLOU.W1.20200707.ALK","pH10CheckValue = 10.08","cravotta@battelleecology.org",0.760,38.200,,
"c331fdc7-813b-4cdb-a3f4-6b3ec14075d0","D13","WLOU","WLOU.AOS.groundwater.well.002","2020-07-07T15:20Z","2020-07-08T14:25Z","WLOU.W2.20200707","WLOU.W2.20200707.ALK","pH10CheckValue = 10.08","cravotta@battelleecology.org",0.790,39.600,,
"0daa1c9a-f650-4914-a27b-61f53ed16170","D13","WLOU","WLOU.AOS.groundwater.well.005","2020-07-07T16:39Z","2020-07-08T14:25Z","WLOU.W5.20200707","WLOU.W5.20200707.ALK","pH10CheckValue = 10.08","cravotta@battelleecology.org",0.650,32.800,,
"6c346540-6f76-44d2-84fd-66a3b34e2e06","D13","WLOU","WLOU.AOS.groundwater.well.008","2020-07-07T18:23Z","2020-07-08T15:25Z","WLOU.W8.20200707","WLOU.W8.20200707.ALK","pH10CheckValue = 10.08","cravotta@battelleecology.org",1.410,70.700,,
