uid,domainID,siteID,namedLocation,collectDate,parentSampleID,sampleCondition,sampleID,replicateNumber,gwwDICBubbleFree,gwwFiltSampleHeadspace,gwwAlkSampleHeadspace,gwwAlkSampleBubbleFree,processedDate,processedDateFilters,sampleVolumeFiltered,shipmentTimeRange
"586306fd-9518-4884-b55a-549692a04094","D05","LIRO","LIRO.AOS.groundwater.well.007","2019-05-14T17:34Z","LIRO.W7.20190514","Sample condition ok","LIRO.W7.20190514",1,,,,,"2019-05-14T17:34Z","2019-05-14T23:47Z",400.0,
"f64f0db3-80ce-4619-8b50-8fd30c56d75b","D05","LIRO","LIRO.AOS.groundwater.well.004","2019-05-14T19:18Z","LIRO.W4.20190514","Sample condition ok","LIRO.W4.20190514",1,,,,,"2019-05-14T19:18Z","2019-05-15T00:04Z",400.0,
"69180dd8-5393-4c3f-8bba-51cd34f736df","D05","LIRO","LIRO.AOS.groundwater.well.002","2019-05-14T21:01Z","LIRO.W2.20190514","Sample condition ok","LIRO.W2.20190514",1,,,,,"2019-05-14T21:01Z","2019-05-15T00:12Z",200.0,
"2e03cb8a-3f36-488c-9e19-9bb3640f0d35","D05","LIRO","LIRO.AOS.groundwater.well.001","2019-05-14T22:11Z","LIRO.W1.20190514","Sample condition ok","LIRO.W1.20190514",1,,,,,"2019-05-14T22:11Z","2019-05-15T00:13Z",300.0,
