uid,domainID,siteID,namedLocation,decimalLatitude,decimalLongitude,coordinateUncertainty,elevation,elevationUncertainty,geodeticDatum,collectDate,aquaticSiteType,samplingImpractical,waterChemSamplesCollected,adequateSampleVol,parentSampleID,eventID,swcSamplingProtocolVersion,sampleExtractionMethod,samplerType,totalWellDepth,wellWaterDepth,waterColumnHeight,sampleDepth,purgeAverageDischargeRate,purgeTime,gwWellStabilized,purgeDryDateTime,pumpPlacementDate,screenedIntervalDepth,maxAllowableDrawdown,actualDrawdown,MADExceeded,wellVolumePurged,probeIDUnavailable,dissolvedOxygen,dissolvedOxygenSaturation,specificConductance,waterTemp,pH,waterClarityDescrip,waterColorDescrip,aCollectedBy,bCollectedBy,remarks
"790bd5c1-16fa-4cbc-8a4b-dbb6c137ac95","D05","LIRO","LIRO.AOS.groundwater.well.007",46.001007,-89.705512,2.4,501.3,1.2,"WGS84","2019-05-14T17:34Z","lake",,,"Y","LIRO.W7.20190514","LIRO.20190514","NEON.DOC.002905vF","low-flow","Groundwater Pump",11.5,6.5,5.0,7.5,,,,,,,,,,2.1,,10.87,104.20,27.90,11.00,6.22,"clear","colorless","0000-0001-8490-5154","0000-0001-8705-5714",
"0dfa55dd-e9ab-495b-9305-d46ca389707c","D05","LIRO","LIRO.AOS.groundwater.well.004",46.000149,-89.701040,2.4,500.6,1.2,"WGS84","2019-05-14T19:18Z","lake",,,"Y","LIRO.W4.20190514","LIRO.20190514","NEON.DOC.002905vF","low-flow","Groundwater Pump",10.0,5.6,4.4,6.6,,,,,,,,,,3.6,,9.71,90.10,50.70,9.60,6.56,"clear","colorless","0000-0001-8490-5154","0000-0001-8705-5714",
"ea861621-69ce-45e7-8afb-397946e8a1e7","D05","LIRO","LIRO.AOS.groundwater.well.002",45.994405,-89.707149,2.4,501.2,1.2,"WGS84","2019-05-14T21:01Z","lake",,,"Y","LIRO.W2.20190514","LIRO.20190514","NEON.DOC.002905vF","low-flow","Groundwater Pump",10.2,6.5,3.7,7.5,,,,,,,,,,3.1,,11.90,111.90,33.10,9.50,6.42,"cloudy","brown","0000-0001-8490-5154","0000-0001-8705-5714",
"591bda5a-f3e4-4f6c-a652-521152f37bee","D05","LIRO","LIRO.AOS.groundwater.well.001",45.994754,-89.707967,2.4,505.9,1.2,"WGS84","2019-05-14T22:11Z","lake",,,"Y","LIRO.W1.20190514","LIRO.20190514","NEON.DOC.002905vF","low-flow","Groundwater Pump",14.6,11.3,3.3,12.3,,,,,,,,,,3.5,,6.60,60.70,45.00,8.60,6.58,"clear","brown","0000-0001-8490-5154","0000-0001-8705-5714",
