uid,domainID,siteID,namedLocation,sampleID,sampleCode,startDate,collectDate,laboratoryName,analyte,analyteConcentration,analyteUnits,coolerTemp,remarks,shipmentWarmQF,externalLabDataQF,sampleCondition
"c542ca9f-e5ab-4ed0-bcc9-fed92ac82b4e","D05","LIRO","LIRO.AOS.groundwater.well.007","LIRO.W7.20190514.FIL","A00000040641","2019-05-14T17:34Z","2019-05-14T17:34Z","EcoCore_CSU","DOC",1.7230,"milligramsPerLiter",3.1,,0,"formatChange","GOOD"
"ca63898a-cd50-4d51-8b4a-5bf8a209c204","D05","LIRO","LIRO.AOS.groundwater.well.007","LIRO.W7.20190514.RAW","A00000040631","2019-05-14T17:34Z","2019-05-14T17:34Z","EcoCore_CSU","TN",0.2137,"milligramsPerLiter",3.1,,0,"formatChange","GOOD"
"74d5f9f4-367d-453c-857e-cec3f21254d7","D05","LIRO","LIRO.AOS.groundwater.well.007","LIRO.W7.20190514.FIL","A00000040641","2019-05-14T17:34Z","2019-05-14T17:34Z","EcoCore_CSU","Mg",0.9180,"milligramsPerLiter",3.1,,0,"formatChange","GOOD"
"2f759f14-5214-4058-a5a9-80b256f933db","D05","LIRO","LIRO.AOS.groundwater.well.007","LIRO.W7.20190514.FIL","A00000040641","2019-05-14T17:34Z","2019-05-14T17:34Z","EcoCore_CSU","Fe",0.0169,"milligramsPerLiter",3.1,,0,"formatChange","GOOD"
"4c97c373-3099-423b-af55-8c82adc24f21","D05","LIRO","LIRO.AOS.groundwater.well.007","LIRO.W7.20190514.FIL","A00000040641","2019-05-14T17:34Z","2019-05-14T17:34Z","EcoCore_CSU","TDS",21.6100,"milligramsPerLiter",3.1,,0,"formatChange","GOOD"
"e4aa15cd-28e0-4a1b-92a5-4bc030124cd0","D05","LIRO","LIRO.AOS.groundwater.well.007","LIRO.W7.20190514.FIL","A00000040641","2019-05-14T17:34Z","2019-05-14T17:34Z","EcoCore_CSU","TDN",0.5100,"milligramsPerLiter",3.1,,0,"formatChange","GOOD"
"3f899693-c25f-4f50-b294-e70090187ff6","D05","LIRO","LIRO.AOS.groundwater.well.007","LIRO.W7.20190514.RAW","A00000040631","2019-05-14T17:34Z","2019-05-14T17:34Z","EcoCore_CSU","conductivity",29.4900,"microsiemensPerCentimeter",3.1,,0,"formatChange","GOOD"
"7cbf94f3-246e-42f7-86bb-dc1f6ee6e41a","D05","LIRO","LIRO.AOS.groundwater.well.007","LIRO.W7.20190514.FIL","A00000040641","2019-05-14T17:34Z","2019-05-14T17:34Z","EcoCore_CSU","NO3+NO2 - N",0.1134,"milligramsPerLiter",3.1,,0,"formatChange","GOOD"
"0e5adacf-3b60-444f-9317-669c78b984be","D05","LIRO","LIRO.AOS.groundwater.well.007","LIRO.W7.20190514.FIL","A00000040641","2019-05-14T17:34Z","2019-05-14T17:34Z","EcoCore_CSU","Br",0.0050,"milligramsPerLiter",3.1,,0,"formatChange","GOOD"
"d878c3de-649d-4cf7-97bf-e2626dd00f6e","D05","LIRO","LIRO.AOS.groundwater.well.007","LIRO.W7.20190514.FIL","A00000040641","2019-05-14T17:34Z","2019-05-14T17:34Z","EcoCore_CSU","HCO3",6.0800,"milligramsPerLiter",3.1,,0,"formatChange","GOOD"
"0c2463db-b426-4d83-912d-0534e4711a0d","D05","LIRO","LIRO.AOS.groundwater.well.007","LIRO.W7.20190514.FIL","A00000040641","2019-05-14T17:34Z","2019-05-14T17:34Z","EcoCore_CSU","CO3",0.0050,"milligramsPerLiter",3.1,,0,"formatChange","GOOD"
"b49c9b31-4d14-41d4-8a57-cff6aa01c42c","D05","LIRO","LIRO.AOS.groundwater.well.007","LIRO.W7.20190514.FIL","A00000040641","2019-05-14T17:34Z","2019-05-14T17:34Z","EcoCore_CSU","UV Absorbance (280 nm)",0.0104,,3.1,,0,"formatChange","GOOD"
"ac87eed1-742d-4819-8a5b-6aa8af85653c","D05","LIRO","LIRO.AOS.groundwater.well.007","LIRO.W7.20190514.FIL","A00000040641","2019-05-14T17:34Z","2019-05-14T17:34Z","EcoCore_CSU","Ca",3.3796,"milligramsPerLiter",3.1,,0,"formatChange","GOOD"
"2d543483-0b18-4292-a2c2-8c7babeb8eba","D05","LIRO","LIRO.AOS.groundwater.well.007","LIRO.W7.20190514.FIL","A00000040641","2019-05-14T17:34Z","2019-05-14T17:34Z","EcoCore_CSU","UV Absorbance (250 nm)",0.0155,,3.1,,0,"formatChange","GOOD"
"5f387027-5371-489b-9abb-24b29fb7f067","D05","LIRO","LIRO.AOS.groundwater.well.007","LIRO.W7.20190514.PCN","A00000076365","2019-05-14T17:34Z","2019-05-14T17:34Z","EcoCore_CSU","TPC",0.2394,"milligram",3.1,,0,"formatChange","GOOD"
"12eba461-b27e-49b0-9d25-66c5dc9a4f54","D05","LIRO","LIRO.AOS.groundwater.well.007","LIRO.W7.20190514.FIL","A00000040641","2019-05-14T17:34Z","2019-05-14T17:34Z","EcoCore_CSU","Ortho - P",0.4430,"milligramsPerLiter",3.1,,0,"formatChange","GOOD"
"9c685789-a052-4a61-aa21-ca027ae0d5cf","D05","LIRO","LIRO.AOS.groundwater.well.007","LIRO.W7.20190514.RAW","A00000040631","2019-05-14T17:34Z","2019-05-14T17:34Z","EcoCore_CSU","TP",0.0704,"milligramsPerLiter",3.1,,0,"formatChange","GOOD"
"2abca534-1538-4eab-95b1-b6c29c0cc809","D05","LIRO","LIRO.AOS.groundwater.well.007","LIRO.W7.20190514.FIL","A00000040641","2019-05-14T17:34Z","2019-05-14T17:34Z","EcoCore_CSU","Na",0.6990,"milligramsPerLiter",3.1,,0,"formatChange","GOOD"
"dc75e408-f138-4b08-b653-5cab54574f79","D05","LIRO","LIRO.AOS.groundwater.well.007","LIRO.W7.20190514.RAW","A00000040631","2019-05-14T17:34Z","2019-05-14T17:34Z","EcoCore_CSU","TSS",6.0000,"milligramsPerLiter",3.1,,0,"formatChange","GOOD"
"e11dc522-d76c-424e-b559-ff57d99e9da8","D05","LIRO","LIRO.AOS.groundwater.well.007","LIRO.W7.20190514.FIL","A00000040641","2019-05-14T17:34Z","2019-05-14T17:34Z","EcoCore_CSU","SO4",8.5300,"milligramsPerLiter",3.1,,0,"formatChange","GOOD"
"a432c0e9-215f-4520-8220-65477a8ceb30","D05","LIRO","LIRO.AOS.groundwater.well.007","LIRO.W7.20190514.RAW","A00000040631","2019-05-14T17:34Z","2019-05-14T17:34Z","EcoCore_CSU","TOC",1.1890,"milligramsPerLiter",3.1,,0,"formatChange","GOOD"
"658bc1b5-8cfa-46f3-99af-4744baaefd5a","D05","LIRO","LIRO.AOS.groundwater.well.007","LIRO.W7.20190514.FIL","A00000040641","2019-05-14T17:34Z","2019-05-14T17:34Z","EcoCore_CSU","Mn",0.0100,"milligramsPerLiter",3.1,,0,"formatChange","GOOD"
"768dcafc-c515-4b98-970a-ba08a8179e93","D05","LIRO","LIRO.AOS.groundwater.well.007","LIRO.W7.20190514.FIL","A00000040641","2019-05-14T17:34Z","2019-05-14T17:34Z","EcoCore_CSU","F",0.0050,"milligramsPerLiter",3.1,,0,"formatChange","GOOD"
"7b498e21-5ff9-4f48-9b2e-000dc6cf8f4d","D05","LIRO","LIRO.AOS.groundwater.well.007","LIRO.W7.20190514.FIL","A00000040641","2019-05-14T17:34Z","2019-05-14T17:34Z","EcoCore_CSU","NO2 - N",-0.1241,"milligramsPerLiter",3.1,,0,"formatChange","GOOD"
"9b3ac47a-0d32-41ea-a4a4-ac29b6db5d12","D05","LIRO","LIRO.AOS.groundwater.well.007","LIRO.W7.20190514.RAW","A00000040631","2019-05-14T17:34Z","2019-05-14T17:34Z","EcoCore_CSU","pH",6.5600,"pH",3.1,,0,"formatChange","GOOD"
"281e4490-99a0-4fa1-a859-434519bdc49c","D05","LIRO","LIRO.AOS.groundwater.well.007","LIRO.W7.20190514.FIL","A00000040641","2019-05-14T17:34Z","2019-05-14T17:34Z","EcoCore_CSU","DIC",6.0610,"milligramsPerLiter",3.1,,0,"formatChange","GOOD"
"53cbe0c7-dfdf-40b1-a1ba-cf9b6ee7d37b","D05","LIRO","LIRO.AOS.groundwater.well.007","LIRO.W7.20190514.FIL","A00000040641","2019-05-14T17:34Z","2019-05-14T17:34Z","EcoCore_CSU","TDP",0.0162,"milligramsPerLiter",3.1,,0,"formatChange","GOOD"
"f21b271e-7411-430d-b846-02799717ec23","D05","LIRO","LIRO.AOS.groundwater.well.007","LIRO.W7.20190514.FIL","A00000040641","2019-05-14T17:34Z","2019-05-14T17:34Z","EcoCore_CSU","K",0.2680,"milligramsPerLiter",3.1,,0,"formatChange","GOOD"
"6a4d1a03-060a-4e7b-b46d-4adb48e17db0","D05","LIRO","LIRO.AOS.groundwater.well.007","LIRO.W7.20190514.FIL","A00000040641","2019-05-14T17:34Z","2019-05-14T17:34Z","EcoCore_CSU","Cl",0.2100,"milligramsPerLiter",3.1,,0,"formatChange","GOOD"
"c3bbbafc-a28b-4239-b822-078e9b590864","D05","LIRO","LIRO.AOS.groundwater.well.007","LIRO.W7.20190514.FIL","A00000040641","2019-05-14T17:34Z","2019-05-14T17:34Z","EcoCore_CSU","Si",6.3660,"milligramsPerLiter",3.1,,0,"formatChange","GOOD"
"a9fc3fe1-c234-451e-8122-d43fd778f28f","D05","LIRO","LIRO.AOS.groundwater.well.007","LIRO.W7.20190514.PCN","A00000076365","2019-05-14T17:34Z","2019-05-14T17:34Z","EcoCore_CSU","TPN",0.1305,"milligram",3.1,,0,"formatChange","GOOD"
"765d44d2-a6b3-48af-8b03-dacc0e4d0d9e","D05","LIRO","LIRO.AOS.groundwater.well.007","LIRO.W7.20190514.RAW","A00000040631","2019-05-14T17:34Z","2019-05-14T17:34Z","EcoCore_CSU","ANC",0.1100,"milliequivalentsPerLiter",3.1,,0,"formatChange","GOOD"
"d914b4f0-2d1e-4030-aae3-e30549b69490","D05","LIRO","LIRO.AOS.groundwater.well.007","LIRO.W7.20190514.FIL","A00000040641","2019-05-14T17:34Z","2019-05-14T17:34Z","EcoCore_CSU","NH4 - N",0.0120,"milligramsPerLiter",3.1,,0,"formatChange","GOOD"
"1d82d79f-c359-4a9d-81d2-43cf6b275fc7","D05","LIRO","LIRO.AOS.groundwater.well.007","LIRO.W7.20190514.RAW","A00000040631","2019-05-14T17:34Z","2019-05-14T17:34Z","EcoCore_CSU","TSS - Dry Mass",300.0000,"microgram",3.1,,0,"formatChange","GOOD"
"8a6b8ca2-9e80-464e-bb46-f72cf31c3ec2","D05","LIRO","LIRO.AOS.groundwater.well.004","LIRO.W4.20190514.FIL","A00000075917","2019-05-14T19:18Z","2019-05-14T19:18Z","EcoCore_CSU","Ca",,"milligramsPerLiter",3.1,"Unknown reason for no analyte concentration as a result of external lab data format change",0,"formatChange","Other"
"d6acaf4a-b65d-4370-bc56-53f6b55f1f94","D05","LIRO","LIRO.AOS.groundwater.well.004","LIRO.W4.20190514.FIL","A00000075917","2019-05-14T19:18Z","2019-05-14T19:18Z","EcoCore_CSU","Cl",,"milligramsPerLiter",3.1,"Unknown reason for no analyte concentration as a result of external lab data format change",0,"formatChange","Other"
"38bf2aa6-553e-4d37-b5b9-3f35d5f68814","D05","LIRO","LIRO.AOS.groundwater.well.004","LIRO.W4.20190514.FIL","A00000075917","2019-05-14T19:18Z","2019-05-14T19:18Z","EcoCore_CSU","DIC",,"milligramsPerLiter",3.1,"Unknown reason for no analyte concentration as a result of external lab data format change",0,"formatChange","Other"
"3a369804-0303-4e59-8d36-a1a6f8b86a77","D05","LIRO","LIRO.AOS.groundwater.well.004","LIRO.W4.20190514.FIL","A00000075917","2019-05-14T19:18Z","2019-05-14T19:18Z","EcoCore_CSU","Ortho - P",,"milligramsPerLiter",3.1,"Unknown reason for no analyte concentration as a result of external lab data format change",0,"formatChange","Other"
"02a995d5-29bd-4b52-b828-5c4f073d98c4","D05","LIRO","LIRO.AOS.groundwater.well.004","LIRO.W4.20190514.FIL","A00000075917","2019-05-14T19:18Z","2019-05-14T19:18Z","EcoCore_CSU","NH4 - N",,"milligramsPerLiter",3.1,"Unknown reason for no analyte concentration as a result of external lab data format change",0,"formatChange","Other"
"1cac7106-cf05-404e-9b0b-6bd159d1eff6","D05","LIRO","LIRO.AOS.groundwater.well.004","LIRO.W4.20190514.FIL","A00000075917","2019-05-14T19:18Z","2019-05-14T19:18Z","EcoCore_CSU","HCO3",,"milligramsPerLiter",3.1,"Unknown reason for no analyte concentration as a result of external lab data format change",0,"formatChange","Other"
"e600d9a0-70e1-4034-8609-7213e9cadff9","D05","LIRO","LIRO.AOS.groundwater.well.004","LIRO.W4.20190514.FIL","A00000075917","2019-05-14T19:18Z","2019-05-14T19:18Z","EcoCore_CSU","DOC",,"milligramsPerLiter",3.1,"Unknown reason for no analyte concentration as a result of external lab data format change",0,"formatChange","Other"
"d115fccd-274e-4492-9621-f213edac6649","D05","LIRO","LIRO.AOS.groundwater.well.004","LIRO.W4.20190514.RAW","A00000075910","2019-05-14T19:18Z","2019-05-14T19:18Z","EcoCore_CSU","TSS",10.0000,"milligramsPerLiter",3.1,,0,"formatChange","GOOD"
"ee84e817-21c4-4382-9449-6e7ca819863c","D05","LIRO","LIRO.AOS.groundwater.well.004","LIRO.W4.20190514.FIL","A00000075917","2019-05-14T19:18Z","2019-05-14T19:18Z","EcoCore_CSU","Na",,"milligramsPerLiter",3.1,"Unknown reason for no analyte concentration as a result of external lab data format change",0,"formatChange","Other"
"c79f0640-c05c-4f42-9b0d-0e00821298d9","D05","LIRO","LIRO.AOS.groundwater.well.004","LIRO.W4.20190514.PCN","A00000076382","2019-05-14T19:18Z","2019-05-14T19:18Z","EcoCore_CSU","TPN",0.1309,"milligram",3.1,,0,"formatChange","GOOD"
"76632967-2661-4294-a149-0761e452c84c","D05","LIRO","LIRO.AOS.groundwater.well.004","LIRO.W4.20190514.RAW","A00000075910","2019-05-14T19:18Z","2019-05-14T19:18Z","EcoCore_CSU","TN",0.1612,"milligramsPerLiter",3.1,,0,"formatChange","GOOD"
"50499ea7-30d9-46d9-9d06-1068e0a4e178","D05","LIRO","LIRO.AOS.groundwater.well.004","LIRO.W4.20190514.FIL","A00000075917","2019-05-14T19:18Z","2019-05-14T19:18Z","EcoCore_CSU","K",,"milligramsPerLiter",3.1,"Unknown reason for no analyte concentration as a result of external lab data format change",0,"formatChange","Other"
"31f818b5-691c-418f-a662-ceb09237d69e","D05","LIRO","LIRO.AOS.groundwater.well.004","LIRO.W4.20190514.FIL","A00000075917","2019-05-14T19:18Z","2019-05-14T19:18Z","EcoCore_CSU","TDS",,"milligramsPerLiter",3.1,"Unknown reason for no analyte concentration as a result of external lab data format change",0,"formatChange","Other"
"f7b61a1b-a1d3-4291-a0d2-3937c9eb5f7b","D05","LIRO","LIRO.AOS.groundwater.well.004","LIRO.W4.20190514.RAW","A00000075910","2019-05-14T19:18Z","2019-05-14T19:18Z","EcoCore_CSU","TSS - Dry Mass",500.0000,"microgram",3.1,,0,"formatChange","GOOD"
"96cef39b-41f6-4f27-80d4-9f764930f50b","D05","LIRO","LIRO.AOS.groundwater.well.004","LIRO.W4.20190514.FIL","A00000075917","2019-05-14T19:18Z","2019-05-14T19:18Z","EcoCore_CSU","Mn",,"milligramsPerLiter",3.1,"Unknown reason for no analyte concentration as a result of external lab data format change",0,"formatChange","Other"
"e183ce8e-f537-4d8f-9332-2a1c1363dec0","D05","LIRO","LIRO.AOS.groundwater.well.004","LIRO.W4.20190514.FIL","A00000075917","2019-05-14T19:18Z","2019-05-14T19:18Z","EcoCore_CSU","Br",,"milligramsPerLiter",3.1,"Unknown reason for no analyte concentration as a result of external lab data format change",0,"formatChange","Other"
"8af00189-e43b-4348-b1d1-a3f76d7cf269","D05","LIRO","LIRO.AOS.groundwater.well.004","LIRO.W4.20190514.FIL","A00000075917","2019-05-14T19:18Z","2019-05-14T19:18Z","EcoCore_CSU","Fe",,"milligramsPerLiter",3.1,"Unknown reason for no analyte concentration as a result of external lab data format change",0,"formatChange","Other"
"1cf39255-73ba-4212-873c-cee3967956c5","D05","LIRO","LIRO.AOS.groundwater.well.004","LIRO.W4.20190514.FIL","A00000075917","2019-05-14T19:18Z","2019-05-14T19:18Z","EcoCore_CSU","F",,"milligramsPerLiter",3.1,"Unknown reason for no analyte concentration as a result of external lab data format change",0,"formatChange","Other"
"cd3d4410-9bc8-4722-beb2-fa008ba0ed29","D05","LIRO","LIRO.AOS.groundwater.well.004","LIRO.W4.20190514.PCN","A00000076382","2019-05-14T19:18Z","2019-05-14T19:18Z","EcoCore_CSU","TPC",0.2336,"milligram",3.1,,0,"formatChange","GOOD"
"4f6663f3-736d-487d-baef-f055687288de","D05","LIRO","LIRO.AOS.groundwater.well.004","LIRO.W4.20190514.FIL","A00000075917","2019-05-14T19:18Z","2019-05-14T19:18Z","EcoCore_CSU","TDP",,"milligramsPerLiter",3.1,"Unknown reason for no analyte concentration as a result of external lab data format change",0,"formatChange","Other"
"37b4d0d0-3d96-4525-b1f1-5ff609dd4c6b","D05","LIRO","LIRO.AOS.groundwater.well.004","LIRO.W4.20190514.RAW","A00000075910","2019-05-14T19:18Z","2019-05-14T19:18Z","EcoCore_CSU","TOC",1.2980,"milligramsPerLiter",3.1,,0,"formatChange","GOOD"
"18e81968-1553-4894-889e-6ae8a5538363","D05","LIRO","LIRO.AOS.groundwater.well.004","LIRO.W4.20190514.FIL","A00000075917","2019-05-14T19:18Z","2019-05-14T19:18Z","EcoCore_CSU","Si",,"milligramsPerLiter",3.1,"Unknown reason for no analyte concentration as a result of external lab data format change",0,"formatChange","Other"
"3da1a01b-dbe2-49a6-80c6-3a062879127c","D05","LIRO","LIRO.AOS.groundwater.well.004","LIRO.W4.20190514.FIL","A00000075917","2019-05-14T19:18Z","2019-05-14T19:18Z","EcoCore_CSU","TDN",,"milligramsPerLiter",3.1,"Unknown reason for no analyte concentration as a result of external lab data format change",0,"formatChange","Other"
"d42ffb7d-f229-4db0-b39a-65fe48531307","D05","LIRO","LIRO.AOS.groundwater.well.004","LIRO.W4.20190514.FIL","A00000075917","2019-05-14T19:18Z","2019-05-14T19:18Z","EcoCore_CSU","NO3+NO2 - N",,"milligramsPerLiter",3.1,"Unknown reason for no analyte concentration as a result of external lab data format change",0,"formatChange","Other"
"8d911d85-1200-4571-a2a5-f484cf0bef94","D05","LIRO","LIRO.AOS.groundwater.well.004","LIRO.W4.20190514.FIL","A00000075917","2019-05-14T19:18Z","2019-05-14T19:18Z","EcoCore_CSU","NO2 - N",,"milligramsPerLiter",3.1,"Unknown reason for no analyte concentration as a result of external lab data format change",0,"formatChange","Other"
"90296b0c-178f-42d9-a228-59cafccb6705","D05","LIRO","LIRO.AOS.groundwater.well.004","LIRO.W4.20190514.FIL","A00000075917","2019-05-14T19:18Z","2019-05-14T19:18Z","EcoCore_CSU","UV Absorbance (250 nm)",,,3.1,"Unknown reason for no analyte concentration as a result of external lab data format change",0,"formatChange","Other"
"6bb763ed-b1d0-4c97-a859-206144d944a9","D05","LIRO","LIRO.AOS.groundwater.well.004","LIRO.W4.20190514.FIL","A00000075917","2019-05-14T19:18Z","2019-05-14T19:18Z","EcoCore_CSU","SO4",,"milligramsPerLiter",3.1,"Unknown reason for no analyte concentration as a result of external lab data format change",0,"formatChange","Other"
"dbc4fe25-9292-4252-80c7-baaeae4ac68f","D05","LIRO","LIRO.AOS.groundwater.well.004","LIRO.W4.20190514.RAW","A00000075910","2019-05-14T19:18Z","2019-05-14T19:18Z","EcoCore_CSU","conductivity",600.4100,"microsiemensPerCentimeter",3.1,,0,"formatChange","GOOD"
"50696065-5d3c-419b-b2b7-53b401176c03","D05","LIRO","LIRO.AOS.groundwater.well.004","LIRO.W4.20190514.RAW","A00000075910","2019-05-14T19:18Z","2019-05-14T19:18Z","EcoCore_CSU","ANC",5.3600,"milliequivalentsPerLiter",3.1,,0,"formatChange","GOOD"
"1d4a03bf-6258-4ee2-9a83-34d2285da05f","D05","LIRO","LIRO.AOS.groundwater.well.004","LIRO.W4.20190514.RAW","A00000075910","2019-05-14T19:18Z","2019-05-14T19:18Z","EcoCore_CSU","pH",7.0400,"pH",3.1,,0,"formatChange","GOOD"
"a93ddf8f-1891-4a4e-a710-28f95380cc83","D05","LIRO","LIRO.AOS.groundwater.well.004","LIRO.W4.20190514.FIL","A00000075917","2019-05-14T19:18Z","2019-05-14T19:18Z","EcoCore_CSU","Mg",,"milligramsPerLiter",3.1,"Unknown reason for no analyte concentration as a result of external lab data format change",0,"formatChange","Other"
"b98ccb72-5388-43af-b985-28738fe7f857","D05","LIRO","LIRO.AOS.groundwater.well.004","LIRO.W4.20190514.FIL","A00000075917","2019-05-14T19:18Z","2019-05-14T19:18Z","EcoCore_CSU","UV Absorbance (280 nm)",,,3.1,"Unknown reason for no analyte concentration as a result of external lab data format change",0,"formatChange","Other"
"f12da8d1-84fc-4e14-88c4-8e6b10dc91d1","D05","LIRO","LIRO.AOS.groundwater.well.004","LIRO.W4.20190514.FIL","A00000075917","2019-05-14T19:18Z","2019-05-14T19:18Z","EcoCore_CSU","CO3",,"milligramsPerLiter",3.1,"Unknown reason for no analyte concentration as a result of external lab data format change",0,"formatChange","Other"
"044f5190-dbc0-446f-97a2-55a1344ee37c","D05","LIRO","LIRO.AOS.groundwater.well.004","LIRO.W4.20190514.RAW","A00000075910","2019-05-14T19:18Z","2019-05-14T19:18Z","EcoCore_CSU","TP",0.1990,"milligramsPerLiter",3.1,,0,"formatChange","GOOD"
"e92c6dde-f858-421f-b363-71f5ee88095e","D05","LIRO","LIRO.AOS.groundwater.well.002","LIRO.W2.20190514.FIL","A00000075919","2019-05-14T21:01Z","2019-05-14T21:01Z","EcoCore_CSU","SO4",10.2100,"milligramsPerLiter",3.1,,0,"formatChange","GOOD"
"969a625d-b259-4fb6-a950-9de3d2767cb7","D05","LIRO","LIRO.AOS.groundwater.well.002","LIRO.W2.20190514.FIL","A00000075919","2019-05-14T21:01Z","2019-05-14T21:01Z","EcoCore_CSU","NH4 - N",0.0315,"milligramsPerLiter",3.1,,0,"formatChange","GOOD"
"dd606b86-7b23-4c80-a65c-7c0a8e519541","D05","LIRO","LIRO.AOS.groundwater.well.002","LIRO.W2.20190514.FIL","A00000075919","2019-05-14T21:01Z","2019-05-14T21:01Z","EcoCore_CSU","Ortho - P",0.0300,"milligramsPerLiter",3.1,,0,"formatChange","GOOD"
"c3964e5d-9fa0-4942-a5c3-720d57e89881","D05","LIRO","LIRO.AOS.groundwater.well.002","LIRO.W2.20190514.FIL","A00000075919","2019-05-14T21:01Z","2019-05-14T21:01Z","EcoCore_CSU","F",0.0050,"milligramsPerLiter",3.1,,0,"formatChange","GOOD"
"fa132638-5f63-4d60-98b2-ef792b2d1ef5","D05","LIRO","LIRO.AOS.groundwater.well.002","LIRO.W2.20190514.FIL","A00000075919","2019-05-14T21:01Z","2019-05-14T21:01Z","EcoCore_CSU","UV Absorbance (280 nm)",0.0177,,3.1,,0,"formatChange","GOOD"
"075a643c-effb-40ac-ab1b-fb5f898fb446","D05","LIRO","LIRO.AOS.groundwater.well.002","LIRO.W2.20190514.RAW","A00000075905","2019-05-14T21:01Z","2019-05-14T21:01Z","EcoCore_CSU","TP",0.2243,"milligramsPerLiter",3.1,,0,"formatChange","GOOD"
"9e9607e7-50fe-492b-8114-0eb4f4079788","D05","LIRO","LIRO.AOS.groundwater.well.002","LIRO.W2.20190514.FIL","A00000075919","2019-05-14T21:01Z","2019-05-14T21:01Z","EcoCore_CSU","Si",6.7787,"milligramsPerLiter",3.1,,0,"formatChange","GOOD"
"10011aae-2e0a-4a29-8f41-ddc7c269c862","D05","LIRO","LIRO.AOS.groundwater.well.002","LIRO.W2.20190514.FIL","A00000075919","2019-05-14T21:01Z","2019-05-14T21:01Z","EcoCore_CSU","Mn",0.0030,"milligramsPerLiter",3.1,,0,"formatChange","GOOD"
"90f6a84d-7922-4078-83e6-190989b1ea9f","D05","LIRO","LIRO.AOS.groundwater.well.002","LIRO.W2.20190514.FIL","A00000075919","2019-05-14T21:01Z","2019-05-14T21:01Z","EcoCore_CSU","DIC",5.2520,"milligramsPerLiter",3.1,,0,"formatChange","GOOD"
"3cac1b40-77e9-4bf7-9e8a-f53b8f1a421a","D05","LIRO","LIRO.AOS.groundwater.well.002","LIRO.W2.20190514.FIL","A00000075919","2019-05-14T21:01Z","2019-05-14T21:01Z","EcoCore_CSU","TDS",25.4900,"milligramsPerLiter",3.1,,0,"formatChange","GOOD"
"8f223653-34ae-4f5b-9518-7ed377d7ddd1","D05","LIRO","LIRO.AOS.groundwater.well.002","LIRO.W2.20190514.PCN","A00000076383","2019-05-14T21:01Z","2019-05-14T21:01Z","EcoCore_CSU","TPC",0.2453,"milligram",3.1,,0,"formatChange","GOOD"
"fe904730-4d93-4097-aeab-29ab7b12f7f6","D05","LIRO","LIRO.AOS.groundwater.well.002","LIRO.W2.20190514.RAW","A00000075905","2019-05-14T21:01Z","2019-05-14T21:01Z","EcoCore_CSU","conductivity",34.5600,"microsiemensPerCentimeter",3.1,,0,"formatChange","GOOD"
"65f8ee16-46bb-4c73-9a41-cc264465a9e2","D05","LIRO","LIRO.AOS.groundwater.well.002","LIRO.W2.20190514.FIL","A00000075919","2019-05-14T21:01Z","2019-05-14T21:01Z","EcoCore_CSU","CO3",0.0050,"milligramsPerLiter",3.1,,0,"formatChange","GOOD"
"9f9d9cbd-7213-4536-ae0b-13d89caeac05","D05","LIRO","LIRO.AOS.groundwater.well.002","LIRO.W2.20190514.FIL","A00000075919","2019-05-14T21:01Z","2019-05-14T21:01Z","EcoCore_CSU","TDP",0.0124,"milligramsPerLiter",3.1,,0,"formatChange","GOOD"
"772efe39-54ed-46bc-b713-cda40d809a69","D05","LIRO","LIRO.AOS.groundwater.well.002","LIRO.W2.20190514.PCN","A00000076383","2019-05-14T21:01Z","2019-05-14T21:01Z","EcoCore_CSU","TPN",0.1465,"milligram",3.1,,0,"formatChange","GOOD"
"8e9d5a46-70e3-4e63-ba7c-f87ded10381f","D05","LIRO","LIRO.AOS.groundwater.well.002","LIRO.W2.20190514.FIL","A00000075919","2019-05-14T21:01Z","2019-05-14T21:01Z","EcoCore_CSU","Cl",1.5600,"milligramsPerLiter",3.1,,0,"formatChange","GOOD"
"231ae5d6-253d-4c64-ac9b-2d73743ab4e9","D05","LIRO","LIRO.AOS.groundwater.well.002","LIRO.W2.20190514.FIL","A00000075919","2019-05-14T21:01Z","2019-05-14T21:01Z","EcoCore_CSU","Ca",3.8176,"milligramsPerLiter",3.1,,0,"formatChange","GOOD"
"62ba0e30-0d95-4883-b925-c4d687442178","D05","LIRO","LIRO.AOS.groundwater.well.002","LIRO.W2.20190514.FIL","A00000075919","2019-05-14T21:01Z","2019-05-14T21:01Z","EcoCore_CSU","Na",0.9480,"milligramsPerLiter",3.1,,0,"formatChange","GOOD"
"b53ce9ea-d0ef-4328-a0c1-3955e54d6cd5","D05","LIRO","LIRO.AOS.groundwater.well.002","LIRO.W2.20190514.FIL","A00000075919","2019-05-14T21:01Z","2019-05-14T21:01Z","EcoCore_CSU","Mg",1.1730,"milligramsPerLiter",3.1,,0,"formatChange","GOOD"
"c839a55d-dd28-4675-a137-6f2eeafd8f91","D05","LIRO","LIRO.AOS.groundwater.well.002","LIRO.W2.20190514.RAW","A00000075905","2019-05-14T21:01Z","2019-05-14T21:01Z","EcoCore_CSU","TSS",50.0000,"milligramsPerLiter",3.1,,0,"formatChange","GOOD"
"f6afb750-80b9-417e-8ff4-fff616bf4f46","D05","LIRO","LIRO.AOS.groundwater.well.002","LIRO.W2.20190514.RAW","A00000075905","2019-05-14T21:01Z","2019-05-14T21:01Z","EcoCore_CSU","TSS - Dry Mass",2500.0000,"microgram",3.1,,0,"formatChange","GOOD"
"2496f3ce-f0fd-413c-9a6a-31a14d861f12","D05","LIRO","LIRO.AOS.groundwater.well.002","LIRO.W2.20190514.FIL","A00000075919","2019-05-14T21:01Z","2019-05-14T21:01Z","EcoCore_CSU","UV Absorbance (250 nm)",0.0247,,3.1,,0,"formatChange","GOOD"
"aa2f63b5-b609-4982-a404-44c7213ac13e","D05","LIRO","LIRO.AOS.groundwater.well.002","LIRO.W2.20190514.FIL","A00000075919","2019-05-14T21:01Z","2019-05-14T21:01Z","EcoCore_CSU","TDN",0.2229,"milligramsPerLiter",3.1,,0,"formatChange","GOOD"
"483c78a6-7b80-4f37-8cf2-d60704845ee6","D05","LIRO","LIRO.AOS.groundwater.well.002","LIRO.W2.20190514.FIL","A00000075919","2019-05-14T21:01Z","2019-05-14T21:01Z","EcoCore_CSU","Br",0.0050,"milligramsPerLiter",3.1,,0,"formatChange","GOOD"
"e788f8d8-39eb-4dca-b1da-bf07b579be58","D05","LIRO","LIRO.AOS.groundwater.well.002","LIRO.W2.20190514.FIL","A00000075919","2019-05-14T21:01Z","2019-05-14T21:01Z","EcoCore_CSU","NO3+NO2 - N",0.0284,"milligramsPerLiter",3.1,,0,"formatChange","GOOD"
"4c6474ff-2cda-4d98-b73e-1c87a8ade79a","D05","LIRO","LIRO.AOS.groundwater.well.002","LIRO.W2.20190514.FIL","A00000075919","2019-05-14T21:01Z","2019-05-14T21:01Z","EcoCore_CSU","K",0.3360,"milligramsPerLiter",3.1,,0,"formatChange","GOOD"
"e49789c4-e4da-40d9-92ca-3c43b959aa18","D05","LIRO","LIRO.AOS.groundwater.well.002","LIRO.W2.20190514.FIL","A00000075919","2019-05-14T21:01Z","2019-05-14T21:01Z","EcoCore_CSU","Fe",0.0382,"milligramsPerLiter",3.1,,0,"formatChange","GOOD"
"388c3288-ecce-4b6b-8adb-51b4296689ff","D05","LIRO","LIRO.AOS.groundwater.well.002","LIRO.W2.20190514.FIL","A00000075919","2019-05-14T21:01Z","2019-05-14T21:01Z","EcoCore_CSU","HCO3",4.9100,"milligramsPerLiter",3.1,,0,"formatChange","GOOD"
"8e7dd7fa-ed27-4f41-b1d2-b8ef91603bbf","D05","LIRO","LIRO.AOS.groundwater.well.002","LIRO.W2.20190514.RAW","A00000075905","2019-05-14T21:01Z","2019-05-14T21:01Z","EcoCore_CSU","TOC",1.7690,"milligramsPerLiter",3.1,,0,"formatChange","GOOD"
"0918ff9c-6d56-4658-8ae1-6b8330aee2a6","D05","LIRO","LIRO.AOS.groundwater.well.002","LIRO.W2.20190514.FIL","A00000075919","2019-05-14T21:01Z","2019-05-14T21:01Z","EcoCore_CSU","DOC",1.3340,"milligramsPerLiter",3.1,,0,"formatChange","GOOD"
"561e7cb2-cd80-46d5-82f6-19c93bd8bb21","D05","LIRO","LIRO.AOS.groundwater.well.002","LIRO.W2.20190514.RAW","A00000075905","2019-05-14T21:01Z","2019-05-14T21:01Z","EcoCore_CSU","pH",6.7200,"pH",3.1,,0,"formatChange","GOOD"
"96f2f6c9-8788-4ff1-bbf7-f94c21ebff92","D05","LIRO","LIRO.AOS.groundwater.well.002","LIRO.W2.20190514.RAW","A00000075905","2019-05-14T21:01Z","2019-05-14T21:01Z","EcoCore_CSU","TN",0.1434,"milligramsPerLiter",3.1,,0,"formatChange","GOOD"
"3cf898ea-6a23-41f8-9570-bc27548359cd","D05","LIRO","LIRO.AOS.groundwater.well.002","LIRO.W2.20190514.RAW","A00000075905","2019-05-14T21:01Z","2019-05-14T21:01Z","EcoCore_CSU","ANC",0.0900,"milliequivalentsPerLiter",3.1,,0,"formatChange","GOOD"
"7a66d50f-76be-47be-9873-fec2a9c2172d","D05","LIRO","LIRO.AOS.groundwater.well.002","LIRO.W2.20190514.FIL","A00000075919","2019-05-14T21:01Z","2019-05-14T21:01Z","EcoCore_CSU","NO2 - N",-0.1265,"milligramsPerLiter",3.1,,0,"formatChange","GOOD"
"f0271c26-f245-484f-a085-c366f085b33a","D05","LIRO","LIRO.AOS.groundwater.well.001","LIRO.W1.20190514.FIL","A00000075920","2019-05-14T22:11Z","2019-05-14T22:11Z","EcoCore_CSU","NH4 - N",0.0481,"milligramsPerLiter",3.1,,0,"formatChange","GOOD"
"4179dbec-1c3d-4d14-bfe3-04cf433cd176","D05","LIRO","LIRO.AOS.groundwater.well.001","LIRO.W1.20190514.FIL","A00000075920","2019-05-14T22:11Z","2019-05-14T22:11Z","EcoCore_CSU","DIC",8.0410,"milligramsPerLiter",3.1,,0,"formatChange","GOOD"
"a11ac89a-232f-45d4-ab8e-d8445b11b480","D05","LIRO","LIRO.AOS.groundwater.well.001","LIRO.W1.20190514.PCN","A00000076384","2019-05-14T22:11Z","2019-05-14T22:11Z","EcoCore_CSU","TPN",0.0907,"milligram",3.1,,0,"formatChange","GOOD"
"2f741cbb-3932-4400-932b-bfb9d5a33e24","D05","LIRO","LIRO.AOS.groundwater.well.001","LIRO.W1.20190514.FIL","A00000075920","2019-05-14T22:11Z","2019-05-14T22:11Z","EcoCore_CSU","Fe",0.0652,"milligramsPerLiter",3.1,,0,"formatChange","GOOD"
"7da347d5-ac33-4d20-928d-9be5ec21cd30","D05","LIRO","LIRO.AOS.groundwater.well.001","LIRO.W1.20190514.FIL","A00000075920","2019-05-14T22:11Z","2019-05-14T22:11Z","EcoCore_CSU","TDP",0.0027,"milligramsPerLiter",3.1,,0,"formatChange","GOOD"
"cff215ea-588f-4868-a48b-a77aa5771736","D05","LIRO","LIRO.AOS.groundwater.well.001","LIRO.W1.20190514.FIL","A00000075920","2019-05-14T22:11Z","2019-05-14T22:11Z","EcoCore_CSU","TDS",34.2600,"milligramsPerLiter",3.1,,0,"formatChange","GOOD"
"b5a193e0-7e03-4ab8-9f39-1b76f7a11169","D05","LIRO","LIRO.AOS.groundwater.well.001","LIRO.W1.20190514.FIL","A00000075920","2019-05-14T22:11Z","2019-05-14T22:11Z","EcoCore_CSU","Si",9.2966,"milligramsPerLiter",3.1,,0,"formatChange","GOOD"
"2936c583-dd68-48ee-96da-8542e9fd8ed9","D05","LIRO","LIRO.AOS.groundwater.well.001","LIRO.W1.20190514.FIL","A00000075920","2019-05-14T22:11Z","2019-05-14T22:11Z","EcoCore_CSU","SO4",14.5600,"milligramsPerLiter",3.1,,0,"formatChange","GOOD"
"beecb47e-79a7-42a2-b360-e308034a4e37","D05","LIRO","LIRO.AOS.groundwater.well.001","LIRO.W1.20190514.FIL","A00000075920","2019-05-14T22:11Z","2019-05-14T22:11Z","EcoCore_CSU","Na",1.1070,"milligramsPerLiter",3.1,,0,"formatChange","GOOD"
"8efae3bb-a599-41ba-87cd-a8d05a797add","D05","LIRO","LIRO.AOS.groundwater.well.001","LIRO.W1.20190514.RAW","A00000075909","2019-05-14T22:11Z","2019-05-14T22:11Z","EcoCore_CSU","TOC",1.7290,"milligramsPerLiter",3.1,,0,"formatChange","GOOD"
"d2b83a5f-c2f7-4cb3-b5e7-8b8dd829dede","D05","LIRO","LIRO.AOS.groundwater.well.001","LIRO.W1.20190514.RAW","A00000075909","2019-05-14T22:11Z","2019-05-14T22:11Z","EcoCore_CSU","TSS - Dry Mass",400.0000,"microgram",3.1,,0,"formatChange","GOOD"
"81840c35-6e25-4302-9654-56d13a902cb1","D05","LIRO","LIRO.AOS.groundwater.well.001","LIRO.W1.20190514.FIL","A00000075920","2019-05-14T22:11Z","2019-05-14T22:11Z","EcoCore_CSU","Ortho - P",0.0290,"milligramsPerLiter",3.1,,0,"formatChange","GOOD"
"80f12ccb-25c4-4c13-a8ef-d16f8ee8579c","D05","LIRO","LIRO.AOS.groundwater.well.001","LIRO.W1.20190514.FIL","A00000075920","2019-05-14T22:11Z","2019-05-14T22:11Z","EcoCore_CSU","CO3",0.0050,"milligramsPerLiter",3.1,,0,"formatChange","GOOD"
"2c8d55d2-0c8d-4f37-9fec-179722b11fef","D05","LIRO","LIRO.AOS.groundwater.well.001","LIRO.W1.20190514.RAW","A00000075909","2019-05-14T22:11Z","2019-05-14T22:11Z","EcoCore_CSU","TSS",8.0000,"milligramsPerLiter",3.1,,0,"formatChange","GOOD"
"36c27b39-3092-4002-bcac-d62042a2948d","D05","LIRO","LIRO.AOS.groundwater.well.001","LIRO.W1.20190514.FIL","A00000075920","2019-05-14T22:11Z","2019-05-14T22:11Z","EcoCore_CSU","F",0.1100,"milligramsPerLiter",3.1,,0,"formatChange","GOOD"
"73786083-d7d7-404f-b165-16da360f11df","D05","LIRO","LIRO.AOS.groundwater.well.001","LIRO.W1.20190514.PCN","A00000076384","2019-05-14T22:11Z","2019-05-14T22:11Z","EcoCore_CSU","TPC",0.2735,"milligram",3.1,,0,"formatChange","GOOD"
"51f7ce9b-cebf-42e4-8d65-6e3efd839ff4","D05","LIRO","LIRO.AOS.groundwater.well.001","LIRO.W1.20190514.RAW","A00000075909","2019-05-14T22:11Z","2019-05-14T22:11Z","EcoCore_CSU","ANC",0.1900,"milliequivalentsPerLiter",3.1,,0,"formatChange","GOOD"
"23753b48-08de-4368-a6cb-4dab1c3a145e","D05","LIRO","LIRO.AOS.groundwater.well.001","LIRO.W1.20190514.FIL","A00000075920","2019-05-14T22:11Z","2019-05-14T22:11Z","EcoCore_CSU","Cl",0.3200,"milligramsPerLiter",3.1,,0,"formatChange","GOOD"
"3b7bd160-f3da-4591-be1b-bf650ec4a5bd","D05","LIRO","LIRO.AOS.groundwater.well.001","LIRO.W1.20190514.FIL","A00000075920","2019-05-14T22:11Z","2019-05-14T22:11Z","EcoCore_CSU","UV Absorbance (280 nm)",0.0116,,3.1,,0,"formatChange","GOOD"
"0c54b67d-e24f-4280-a712-c1cb82daec15","D05","LIRO","LIRO.AOS.groundwater.well.001","LIRO.W1.20190514.FIL","A00000075920","2019-05-14T22:11Z","2019-05-14T22:11Z","EcoCore_CSU","Mn",0.0410,"milligramsPerLiter",3.1,,0,"formatChange","GOOD"
"64d1aae3-c1e3-480f-a42d-8ff035958c07","D05","LIRO","LIRO.AOS.groundwater.well.001","LIRO.W1.20190514.FIL","A00000075920","2019-05-14T22:11Z","2019-05-14T22:11Z","EcoCore_CSU","Ca",5.0964,"milligramsPerLiter",3.1,,0,"formatChange","GOOD"
"ff497aef-a405-449d-85d0-b64fafc133ef","D05","LIRO","LIRO.AOS.groundwater.well.001","LIRO.W1.20190514.FIL","A00000075920","2019-05-14T22:11Z","2019-05-14T22:11Z","EcoCore_CSU","UV Absorbance (250 nm)",0.0177,,3.1,,0,"formatChange","GOOD"
"260ed2b7-5626-456d-b353-246bd0567578","D05","LIRO","LIRO.AOS.groundwater.well.001","LIRO.W1.20190514.RAW","A00000075909","2019-05-14T22:11Z","2019-05-14T22:11Z","EcoCore_CSU","pH",6.9000,"pH",3.1,,0,"formatChange","GOOD"
"05f3fe16-175d-4e00-b70c-ffc5880cd0c3","D05","LIRO","LIRO.AOS.groundwater.well.001","LIRO.W1.20190514.FIL","A00000075920","2019-05-14T22:11Z","2019-05-14T22:11Z","EcoCore_CSU","NO2 - N",-0.1274,"milligramsPerLiter",3.1,,0,"formatChange","GOOD"
"d82fc476-e97a-4947-acda-0ccbdb877b0c","D05","LIRO","LIRO.AOS.groundwater.well.001","LIRO.W1.20190514.FIL","A00000075920","2019-05-14T22:11Z","2019-05-14T22:11Z","EcoCore_CSU","Mg",1.9900,"milligramsPerLiter",3.1,,0,"formatChange","GOOD"
"e8d88aa3-181b-4264-a1a8-c898337fdfc7","D05","LIRO","LIRO.AOS.groundwater.well.001","LIRO.W1.20190514.FIL","A00000075920","2019-05-14T22:11Z","2019-05-14T22:11Z","EcoCore_CSU","TDN",0.1474,"milligramsPerLiter",3.1,,0,"formatChange","GOOD"
"9254928b-e211-41f1-9097-eaee9f9904c8","D05","LIRO","LIRO.AOS.groundwater.well.001","LIRO.W1.20190514.FIL","A00000075920","2019-05-14T22:11Z","2019-05-14T22:11Z","EcoCore_CSU","DOC",1.8010,"milligramsPerLiter",3.1,,0,"formatChange","GOOD"
"1425848c-9404-4eed-8d84-98f9bf755933","D05","LIRO","LIRO.AOS.groundwater.well.001","LIRO.W1.20190514.FIL","A00000075920","2019-05-14T22:11Z","2019-05-14T22:11Z","EcoCore_CSU","HCO3",9.6200,"milligramsPerLiter",3.1,,0,"formatChange","GOOD"
"29ee15df-9311-4c10-8b9f-fd8f4926cf21","D05","LIRO","LIRO.AOS.groundwater.well.001","LIRO.W1.20190514.RAW","A00000075909","2019-05-14T22:11Z","2019-05-14T22:11Z","EcoCore_CSU","TP",0.1903,"milligramsPerLiter",3.1,,0,"formatChange","GOOD"
"abac06ce-8617-4097-9c55-380dafb80df8","D05","LIRO","LIRO.AOS.groundwater.well.001","LIRO.W1.20190514.FIL","A00000075920","2019-05-14T22:11Z","2019-05-14T22:11Z","EcoCore_CSU","Br",0.0050,"milligramsPerLiter",3.1,,0,"formatChange","GOOD"
"e95fc644-b113-46fc-be20-f17f257dfeca","D05","LIRO","LIRO.AOS.groundwater.well.001","LIRO.W1.20190514.RAW","A00000075909","2019-05-14T22:11Z","2019-05-14T22:11Z","EcoCore_CSU","TN",0.1643,"milligramsPerLiter",3.1,,0,"formatChange","GOOD"
"b46d0e01-c506-4c28-892d-bc6d4f4aa72d","D05","LIRO","LIRO.AOS.groundwater.well.001","LIRO.W1.20190514.RAW","A00000075909","2019-05-14T22:11Z","2019-05-14T22:11Z","EcoCore_CSU","conductivity",47.8900,"microsiemensPerCentimeter",3.1,,0,"formatChange","GOOD"
"9c96c4b0-b9f3-4662-8ddc-9f235d626495","D05","LIRO","LIRO.AOS.groundwater.well.001","LIRO.W1.20190514.FIL","A00000075920","2019-05-14T22:11Z","2019-05-14T22:11Z","EcoCore_CSU","K",0.4540,"milligramsPerLiter",3.1,,0,"formatChange","GOOD"
"f0e3d005-4ba9-472f-8e0b-46f10a24d80e","D05","LIRO","LIRO.AOS.groundwater.well.001","LIRO.W1.20190514.FIL","A00000075920","2019-05-14T22:11Z","2019-05-14T22:11Z","EcoCore_CSU","NO3+NO2 - N",0.0188,"milligramsPerLiter",3.1,,0,"formatChange","GOOD"
