uid,domainID,siteID,namedLocation,collectDate,titrationDate,parentSampleID,domainSampleID,remarks,measuredBy,alkMeqPerL,alkMgPerL,ancMeqPerL,ancMgPerL
"f13b7b2f-fa61-46e2-8755-33dbb4e65dc9","D05","LIRO","LIRO.AOS.groundwater.well.007","2019-05-14T17:34Z","2019-05-15T17:18Z","LIRO.W7.20190514","LIRO.W7.20190514.ALK",,"llocke",0.230,11.600,,
"e6267c68-c7f2-491d-9906-bf2770bee3b6","D05","LIRO","LIRO.AOS.groundwater.well.004","2019-05-14T19:18Z","2019-05-15T16:56Z","LIRO.W4.20190514","LIRO.W4.20190514.ALK",,"llocke",0.380,19.000,,
"45143ed0-3a04-4125-a16b-220499ed96e4","D05","LIRO","LIRO.AOS.groundwater.well.002","2019-05-14T21:01Z","2019-05-15T16:27Z","LIRO.W2.20190514","LIRO.W2.20190514.ALK",,"llocke",0.240,12.000,,
"183e3940-221e-46fa-af9e-a51256353356","D05","LIRO","LIRO.AOS.groundwater.well.001","2019-05-14T22:11Z","2019-05-15T16:00Z","LIRO.W1.20190514","LIRO.W1.20190514.ALK",,"llocke",0.340,17.200,,
