uid,domainID,siteID,namedLocation,decimalLatitude,decimalLongitude,coordinateUncertainty,elevation,elevationUncertainty,geodeticDatum,collectDate,aquaticSiteType,samplingImpractical,waterChemSamplesCollected,adequateSampleVol,parentSampleID,eventID,swcSamplingProtocolVersion,sampleExtractionMethod,samplerType,totalWellDepth,wellWaterDepth,waterColumnHeight,sampleDepth,purgeAverageDischargeRate,purgeTime,gwWellStabilized,purgeDryDateTime,pumpPlacementDate,screenedIntervalDepth,maxAllowableDrawdown,actualDrawdown,MADExceeded,wellVolumePurged,probeIDUnavailable,dissolvedOxygen,dissolvedOxygenSaturation,specificConductance,waterTemp,pH,waterClarityDescrip,waterColorDescrip,aCollectedBy,bCollectedBy,remarks
"ca393af4-2ac8-4510-9263-bdd45a09acb8","D06","KING","KING.AOS.groundwater.well.004",39.104850,-96.603323,0.1,328.6,0.1,"WGS84","2018-04-24T14:32Z","stream",,,,"KING.W4.20180424","KING.20180424","NEON.DOC.002905vE","low-flow","Groundwater Pump",8.5,5.6,2.8,6.6,,,,,,,,,,7.6,,1.93,1.91,664.00,13.40,,"opaque","brown","jkukulski@battelleecology.org","egawanda@battelleecology.org","2.16L purged"
"02631e4f-d7e5-4f31-915e-b91d2652fbd8","D06","KING","KING.AOS.groundwater.well.001",39.104728,-96.602945,0.1,329.4,0.1,"WGS84","2018-04-24T15:50Z","stream",,,,"KING.W1.20180424","KING.20180424","NEON.DOC.002905vE","low-flow","Groundwater Pump",9.7,6.3,3.4,7.3,,,,,,,,,,5.9,,2.07,20.40,673.00,13.40,,"opaque","brown","jkukulski@battelleecology.org","egawanda@battelleecology.org","2.6Lpurged"
"ca465fe7-ce0a-4c8c-a0f2-c62d0df7ddc2","D06","KING","KING.AOS.groundwater.well.002",39.104936,-96.602639,0.1,329.1,0.1,"WGS84","2018-04-24T16:59Z","stream",,,,"KING.W2.20180424","KING.20180424","NEON.DOC.002905vE","low-flow","Groundwater Pump",6.6,5.8,0.8,6.1,,,,,,,,,,5.1,,2.50,25.40,684.00,14.10,,"clear","brown","jkukulski@battelleecology.org","egawanda@battelleecology.org","1.8 L purged"
"007cbaac-f391-4400-988e-aba445219952","D06","KING","KING.AOS.groundwater.well.008",39.105096,-96.603080,0.1,328.4,0.1,"WGS84","2018-04-24T18:04Z","stream",,,,"KING.W8.20180424","KING.20180424","NEON.DOC.002905vE","low-flow","Groundwater Pump",8.4,5.3,3.1,6.3,,,,,,,,,,8.4,,3.10,33.10,677.00,16.40,,"cloudy","brown","jkukulski@battelleecology.org","egawanda@battelleecology.org","1.7L purged"
