uid,domainID,siteID,namedLocation,sampleID,sampleCode,startDate,collectDate,laboratoryName,analyte,analyteConcentration,analyteUnits,coolerTemp,remarks,shipmentWarmQF,externalLabDataQF,sampleCondition
"fa8e949b-b8b3-466a-b694-834207dcebda","D06","KING","KING.AOS.groundwater.well.004","KING.W4.20180424.PCN","A00000010566","2018-04-24T14:32Z","2018-04-24T14:32Z","EcoCore_CSU","TPC",0.3639,"milligram",4.9,,0,"formatChange","GOOD"
"ecbcea65-011d-4ca9-b3f8-b5f0ad2d3235","D06","KING","KING.AOS.groundwater.well.004","KING.W4.20180424.FIL","A00000010549","2018-04-24T14:32Z","2018-04-24T14:32Z","EcoCore_CSU","NO3+NO2 - N",0.1652,"milligramsPerLiter",4.9,,0,"formatChange","GOOD"
"d505fce3-6c1b-4307-87ff-56f275696126","D06","KING","KING.AOS.groundwater.well.004","KING.W4.20180424.FIL","A00000010549","2018-04-24T14:32Z","2018-04-24T14:32Z","EcoCore_CSU","NH4 - N",0.0046,"milligramsPerLiter",4.9,,0,"formatChange","GOOD"
"27d61da3-f952-452a-95ed-dd90f440e016","D06","KING","KING.AOS.groundwater.well.004","KING.W4.20180424.FIL","A00000010549","2018-04-24T14:32Z","2018-04-24T14:32Z","EcoCore_CSU","Si",7.3023,"milligramsPerLiter",4.9,,0,"formatChange","GOOD"
"b129aded-8824-4635-897b-8e9f0e95d355","D06","KING","KING.AOS.groundwater.well.004","KING.W4.20180424.RAW","A00000010548","2018-04-24T14:32Z","2018-04-24T14:32Z","EcoCore_CSU","TSS - Dry Mass",104900.0000,"microgram",4.9,,0,"formatChange","GOOD"
"270ebc51-3f24-4ffb-9604-00905ea2a8bb","D06","KING","KING.AOS.groundwater.well.004","KING.W4.20180424.FIL","A00000010549","2018-04-24T14:32Z","2018-04-24T14:32Z","EcoCore_CSU","Fe",0.0005,"milligramsPerLiter",4.9,,0,"formatChange","GOOD"
"38cdd8a5-1806-4769-95ab-4c0ef4323c06","D06","KING","KING.AOS.groundwater.well.004","KING.W4.20180424.RAW","A00000010548","2018-04-24T14:32Z","2018-04-24T14:32Z","EcoCore_CSU","TP",0.6163,"milligramsPerLiter",4.9,,0,"formatChange","GOOD"
"302a986b-1027-451e-a7ac-f6e3e3fc6710","D06","KING","KING.AOS.groundwater.well.004","KING.W4.20180424.RAW","A00000010548","2018-04-24T14:32Z","2018-04-24T14:32Z","EcoCore_CSU","TN",0.2613,"milligramsPerLiter",4.9,,0,"formatChange","GOOD"
"cdeb3d26-ccae-4260-8ede-9d382451972e","D06","KING","KING.AOS.groundwater.well.004","KING.W4.20180424.FIL","A00000010549","2018-04-24T14:32Z","2018-04-24T14:32Z","EcoCore_CSU","Na",0.1170,"milligramsPerLiter",4.9,,0,"formatChange","GOOD"
"5d36bf2e-e220-40e8-bcb8-9e3ef7318978","D06","KING","KING.AOS.groundwater.well.004","KING.W4.20180424.RAW","A00000010548","2018-04-24T14:32Z","2018-04-24T14:32Z","EcoCore_CSU","pH",6.9900,"pH",4.9,,0,"formatChange","GOOD"
"f0b681ba-38c0-4e95-8b17-71e6b4370aeb","D06","KING","KING.AOS.groundwater.well.004","KING.W4.20180424.FIL","A00000010549","2018-04-24T14:32Z","2018-04-24T14:32Z","EcoCore_CSU","Mg",21.2250,"milligramsPerLiter",4.9,,0,"formatChange","GOOD"
"b1d65940-de4d-4db1-a2be-1d2053798062","D06","KING","KING.AOS.groundwater.well.004","KING.W4.20180424.FIL","A00000010549","2018-04-24T14:32Z","2018-04-24T14:32Z","EcoCore_CSU","DIC",91.8000,"milligramsPerLiter",4.9,,0,"formatChange","GOOD"
"7904729e-9906-4e1b-9996-fbbb50d1abc2","D06","KING","KING.AOS.groundwater.well.004","KING.W4.20180424.RAW","A00000010548","2018-04-24T14:32Z","2018-04-24T14:32Z","EcoCore_CSU","ANC",3.8600,"milliequivalentsPerLiter",4.9,,0,"formatChange","GOOD"
"5a256a43-85d8-4752-8fa8-d691d0fbef9a","D06","KING","KING.AOS.groundwater.well.004","KING.W4.20180424.FIL","A00000010549","2018-04-24T14:32Z","2018-04-24T14:32Z","EcoCore_CSU","TDS",526.4000,"milligramsPerLiter",4.9,,0,"formatChange","GOOD"
"517fad4e-9b5d-44c6-83f4-206ea6b9ec77","D06","KING","KING.AOS.groundwater.well.004","KING.W4.20180424.FIL","A00000010549","2018-04-24T14:32Z","2018-04-24T14:32Z","EcoCore_CSU","TDP",0.0241,"milligramsPerLiter",4.9,,0,"formatChange","GOOD"
"0e1be247-991a-4242-a092-a450945ba7d1","D06","KING","KING.AOS.groundwater.well.004","KING.W4.20180424.RAW","A00000010548","2018-04-24T14:32Z","2018-04-24T14:32Z","EcoCore_CSU","conductivity",742.5000,"microsiemensPerCentimeter",4.9,,0,"formatChange","GOOD"
"1648d047-5b68-4cbe-8e1a-f92b0704aa59","D06","KING","KING.AOS.groundwater.well.004","KING.W4.20180424.FIL","A00000010549","2018-04-24T14:32Z","2018-04-24T14:32Z","EcoCore_CSU","UV Absorbance (250 nm)",0.0282,,4.9,,0,"formatChange","GOOD"
"31b8a655-5412-4ce5-ab72-c73f2124a6ff","D06","KING","KING.AOS.groundwater.well.004","KING.W4.20180424.FIL","A00000010549","2018-04-24T14:32Z","2018-04-24T14:32Z","EcoCore_CSU","HCO3",215.4200,"milligramsPerLiter",4.9,,0,"formatChange","GOOD"
"ba91fbf5-e074-480f-8b2c-bb9876aa732d","D06","KING","KING.AOS.groundwater.well.004","KING.W4.20180424.FIL","A00000010549","2018-04-24T14:32Z","2018-04-24T14:32Z","EcoCore_CSU","UV Absorbance (280 nm)",0.0192,,4.9,,0,"formatChange","GOOD"
"ad08aaf6-d9dd-4662-b86e-6e6f09efdd2a","D06","KING","KING.AOS.groundwater.well.004","KING.W4.20180424.FIL","A00000010549","2018-04-24T14:32Z","2018-04-24T14:32Z","EcoCore_CSU","CO3",0.0050,"milligramsPerLiter",4.9,,0,"formatChange","GOOD"
"3493dcb2-831b-4ccd-b466-3fd33b92e6a9","D06","KING","KING.AOS.groundwater.well.004","KING.W4.20180424.FIL","A00000010549","2018-04-24T14:32Z","2018-04-24T14:32Z","EcoCore_CSU","Ca",52.7668,"milligramsPerLiter",4.9,,0,"formatChange","GOOD"
"1f760fb1-17dc-4532-ab09-b44096e0a19e","D06","KING","KING.AOS.groundwater.well.004","KING.W4.20180424.FIL","A00000010549","2018-04-24T14:32Z","2018-04-24T14:32Z","EcoCore_CSU","Cl",3.1873,"milligramsPerLiter",4.9,,0,"formatChange","GOOD"
"f1ab1c2f-2236-4e61-9d79-c0eaf04247a5","D06","KING","KING.AOS.groundwater.well.004","KING.W4.20180424.FIL","A00000010549","2018-04-24T14:32Z","2018-04-24T14:32Z","EcoCore_CSU","Mn",0.0005,"milligramsPerLiter",4.9,,0,"formatChange","GOOD"
"e8d4daab-1635-4dd4-a5b0-9ad208d3cff7","D06","KING","KING.AOS.groundwater.well.004","KING.W4.20180424.FIL","A00000010549","2018-04-24T14:32Z","2018-04-24T14:32Z","EcoCore_CSU","DOC",1.1100,"milligramsPerLiter",4.9,,0,"formatChange","GOOD"
"c2cb782c-4897-487c-b3f6-f1fc253b5e71","D06","KING","KING.AOS.groundwater.well.004","KING.W4.20180424.RAW","A00000010548","2018-04-24T14:32Z","2018-04-24T14:32Z","EcoCore_CSU","TSS",2098.0000,"milligramsPerLiter",4.9,,0,"formatChange","GOOD"
"9384a723-5cda-4073-afad-6cd768adca0e","D06","KING","KING.AOS.groundwater.well.004","KING.W4.20180424.RAW","A00000010548","2018-04-24T14:32Z","2018-04-24T14:32Z","EcoCore_CSU","TOC",0.6342,"milligramsPerLiter",4.9,,0,"formatChange","GOOD"
"df7f7405-970a-4271-b56d-8ed66c599fd6","D06","KING","KING.AOS.groundwater.well.004","KING.W4.20180424.PCN","A00000010566","2018-04-24T14:32Z","2018-04-24T14:32Z","EcoCore_CSU","TPN",0.1299,"milligram",4.9,,0,"formatChange","GOOD"
"0f3859cc-440d-45f3-a13a-73485cbdab37","D06","KING","KING.AOS.groundwater.well.004","KING.W4.20180424.FIL","A00000010549","2018-04-24T14:32Z","2018-04-24T14:32Z","EcoCore_CSU","TDN",0.2718,"milligramsPerLiter",4.9,,0,"formatChange","GOOD"
"3fc7188e-e78a-40f7-bf14-b5636ea5fe6e","D06","KING","KING.AOS.groundwater.well.004","KING.W4.20180424.FIL","A00000010549","2018-04-24T14:32Z","2018-04-24T14:32Z","EcoCore_CSU","Br",0.0050,"milligramsPerLiter",4.9,,0,"formatChange","GOOD"
"f6a91e29-2f12-4abf-b811-0144e3462309","D06","KING","KING.AOS.groundwater.well.004","KING.W4.20180424.FIL","A00000010549","2018-04-24T14:32Z","2018-04-24T14:32Z","EcoCore_CSU","K",1.2522,"milligramsPerLiter",4.9,,0,"formatChange","GOOD"
"8bce94d9-3bfa-465d-b1f0-8d79aaf62c25","D06","KING","KING.AOS.groundwater.well.004","KING.W4.20180424.FIL","A00000010549","2018-04-24T14:32Z","2018-04-24T14:32Z","EcoCore_CSU","F",0.0050,"milligramsPerLiter",4.9,,0,"formatChange","GOOD"
"2e623a0a-8429-4889-a328-15e818c0c999","D06","KING","KING.AOS.groundwater.well.004","KING.W4.20180424.FIL","A00000010549","2018-04-24T14:32Z","2018-04-24T14:32Z","EcoCore_CSU","NO2 - N",0.0119,"milligramsPerLiter",4.9,,0,"formatChange","GOOD"
"ccc9982d-24e3-470c-8a0a-8a88a7cd42f7","D06","KING","KING.AOS.groundwater.well.004","KING.W4.20180424.FIL","A00000010549","2018-04-24T14:32Z","2018-04-24T14:32Z","EcoCore_CSU","Ortho - P",0.0660,"milligramsPerLiter",4.9,,0,"formatChange","GOOD"
"0e510c75-8d6a-4e95-8093-dd39afa542e7","D06","KING","KING.AOS.groundwater.well.004","KING.W4.20180424.FIL","A00000010549","2018-04-24T14:32Z","2018-04-24T14:32Z","EcoCore_CSU","SO4",41.0049,"milligramsPerLiter",4.9,,0,"formatChange","GOOD"
"e4bc9d4b-258b-4c73-955d-6bfc1325584b","D06","KING","KING.AOS.groundwater.well.001","KING.W1.20180424.FIL","A00000010542","2018-04-24T15:50Z","2018-04-24T15:50Z","EcoCore_CSU","Ca",63.9759,"milligramsPerLiter",2.7,,0,"formatChange","GOOD"
"85a9804a-9ebb-4853-8b95-6c5b03084f2d","D06","KING","KING.AOS.groundwater.well.001","KING.W1.20180424.RAW","A00000010543","2018-04-24T15:50Z","2018-04-24T15:50Z","EcoCore_CSU","conductivity",755.7000,"microsiemensPerCentimeter",2.7,,0,"formatChange","GOOD"
"b0d36920-0886-4cd4-98a9-002d3315dba7","D06","KING","KING.AOS.groundwater.well.001","KING.W1.20180424.RAW","A00000010543","2018-04-24T15:50Z","2018-04-24T15:50Z","EcoCore_CSU","TN",0.2330,"milligramsPerLiter",2.7,,0,"formatChange","GOOD"
"0d7a405f-f166-43a2-a3a8-1dfd24c20f58","D06","KING","KING.AOS.groundwater.well.001","KING.W1.20180424.RAW","A00000010543","2018-04-24T15:50Z","2018-04-24T15:50Z","EcoCore_CSU","pH",6.9900,"pH",2.7,,0,"formatChange","GOOD"
"484b99fb-5e24-4355-9b53-aaf6faaedd4e","D06","KING","KING.AOS.groundwater.well.001","KING.W1.20180424.FIL","A00000010542","2018-04-24T15:50Z","2018-04-24T15:50Z","EcoCore_CSU","Cl",0.0005,"milligramsPerLiter",2.7,,0,"formatChange","GOOD"
"2ae48a0b-2eba-48e0-9297-30121b3bbb1a","D06","KING","KING.AOS.groundwater.well.001","KING.W1.20180424.FIL","A00000010542","2018-04-24T15:50Z","2018-04-24T15:50Z","EcoCore_CSU","TDN",0.2217,"milligramsPerLiter",2.7,,0,"formatChange","GOOD"
"5dc33ba8-572a-4a66-9c8c-2469ff01ba04","D06","KING","KING.AOS.groundwater.well.001","KING.W1.20180424.RAW","A00000010543","2018-04-24T15:50Z","2018-04-24T15:50Z","EcoCore_CSU","TP",0.0005,"milligramsPerLiter",2.7,,0,"formatChange","GOOD"
"61431dea-b7f1-4a4c-b0f3-f552fd3d857e","D06","KING","KING.AOS.groundwater.well.001","KING.W1.20180424.RAW","A00000010543","2018-04-24T15:50Z","2018-04-24T15:50Z","EcoCore_CSU","TSS - Dry Mass",87100.0000,"microgram",2.7,,0,"formatChange","GOOD"
"031691fc-6ade-4104-b96d-68889642f186","D06","KING","KING.AOS.groundwater.well.001","KING.W1.20180424.FIL","A00000010542","2018-04-24T15:50Z","2018-04-24T15:50Z","EcoCore_CSU","Si",7.2331,"milligramsPerLiter",2.7,,0,"formatChange","GOOD"
"6749fff2-10d7-4ba8-9ae8-e2338d300ce6","D06","KING","KING.AOS.groundwater.well.001","KING.W1.20180424.FIL","A00000010542","2018-04-24T15:50Z","2018-04-24T15:50Z","EcoCore_CSU","Fe",0.0005,"milligramsPerLiter",2.7,,0,"formatChange","GOOD"
"9440523a-5586-4a7e-96cd-96b27144db17","D06","KING","KING.AOS.groundwater.well.001","KING.W1.20180424.FIL","A00000010542","2018-04-24T15:50Z","2018-04-24T15:50Z","EcoCore_CSU","TDP",0.0005,"milligramsPerLiter",2.7,,0,"formatChange","GOOD"
"c4bbce88-df6d-4864-8d2c-c57194fcc09c","D06","KING","KING.AOS.groundwater.well.001","KING.W1.20180424.FIL","A00000010542","2018-04-24T15:50Z","2018-04-24T15:50Z","EcoCore_CSU","NO2 - N",0.0143,"milligramsPerLiter",2.7,,0,"formatChange","GOOD"
"50b5d368-28a7-4323-9786-71b7de2af4df","D06","KING","KING.AOS.groundwater.well.001","KING.W1.20180424.RAW","A00000010543","2018-04-24T15:50Z","2018-04-24T15:50Z","EcoCore_CSU","TOC",0.7537,"milligramsPerLiter",2.7,,0,"formatChange","GOOD"
"aae6356c-fae3-48d5-b399-e4ad579f3712","D06","KING","KING.AOS.groundwater.well.001","KING.W1.20180424.RAW","A00000010543","2018-04-24T15:50Z","2018-04-24T15:50Z","EcoCore_CSU","ANC",5.2800,"milliequivalentsPerLiter",2.7,,0,"formatChange","GOOD"
"a5bca8bc-33ab-400d-b93d-008296ee2187","D06","KING","KING.AOS.groundwater.well.001","KING.W1.20180424.FIL","A00000010542","2018-04-24T15:50Z","2018-04-24T15:50Z","EcoCore_CSU","CO3",0.0050,"milligramsPerLiter",2.7,,0,"formatChange","GOOD"
"4a2250c7-41a8-4a2c-91d0-170918f4f3c7","D06","KING","KING.AOS.groundwater.well.001","KING.W1.20180424.FIL","A00000010542","2018-04-24T15:50Z","2018-04-24T15:50Z","EcoCore_CSU","Mg",21.6101,"milligramsPerLiter",2.7,,0,"formatChange","GOOD"
"740486b7-69ac-457c-83d4-4df8723f278e","D06","KING","KING.AOS.groundwater.well.001","KING.W1.20180424.PCN","A00000010544","2018-04-24T15:50Z","2018-04-24T15:50Z","EcoCore_CSU","TPC",0.3601,"milligram",2.7,,0,"formatChange","GOOD"
"f06a9c53-1c00-4175-8875-528d57c047e9","D06","KING","KING.AOS.groundwater.well.001","KING.W1.20180424.PCN","A00000010544","2018-04-24T15:50Z","2018-04-24T15:50Z","EcoCore_CSU","TPN",0.0963,"milligram",2.7,,0,"formatChange","GOOD"
"b3727350-8bd5-4ac5-b60d-4f8b3764f094","D06","KING","KING.AOS.groundwater.well.001","KING.W1.20180424.FIL","A00000010542","2018-04-24T15:50Z","2018-04-24T15:50Z","EcoCore_CSU","K",1.2825,"milligramsPerLiter",2.7,,0,"formatChange","GOOD"
"b33ce8e3-1f23-4fcd-9232-81220f9d7932","D06","KING","KING.AOS.groundwater.well.001","KING.W1.20180424.FIL","A00000010542","2018-04-24T15:50Z","2018-04-24T15:50Z","EcoCore_CSU","HCO3",254.2700,"milligramsPerLiter",2.7,,0,"formatChange","GOOD"
"5ab4b7f2-29c5-414b-9e17-2c9aa20c5948","D06","KING","KING.AOS.groundwater.well.001","KING.W1.20180424.FIL","A00000010542","2018-04-24T15:50Z","2018-04-24T15:50Z","EcoCore_CSU","DIC",92.7400,"milligramsPerLiter",2.7,,0,"formatChange","GOOD"
"e5a012f8-6dce-43ce-bb65-e08ed7af364b","D06","KING","KING.AOS.groundwater.well.001","KING.W1.20180424.FIL","A00000010542","2018-04-24T15:50Z","2018-04-24T15:50Z","EcoCore_CSU","Mn",0.0005,"milligramsPerLiter",2.7,,0,"formatChange","GOOD"
"b4e2e566-57be-410e-941b-398855659195","D06","KING","KING.AOS.groundwater.well.001","KING.W1.20180424.FIL","A00000010542","2018-04-24T15:50Z","2018-04-24T15:50Z","EcoCore_CSU","DOC",0.8870,"milligramsPerLiter",2.7,,0,"formatChange","GOOD"
"07fbc483-95de-43e3-96af-182cb69b7048","D06","KING","KING.AOS.groundwater.well.001","KING.W1.20180424.FIL","A00000010542","2018-04-24T15:50Z","2018-04-24T15:50Z","EcoCore_CSU","F",0.0050,"milligramsPerLiter",2.7,,0,"formatChange","GOOD"
"3f031450-d773-464d-a82d-23073198a1b5","D06","KING","KING.AOS.groundwater.well.001","KING.W1.20180424.FIL","A00000010542","2018-04-24T15:50Z","2018-04-24T15:50Z","EcoCore_CSU","Br",0.0050,"milligramsPerLiter",2.7,,0,"formatChange","GOOD"
"5ecb25a1-54eb-4a0a-a91f-511ec1fd3dcb","D06","KING","KING.AOS.groundwater.well.001","KING.W1.20180424.FIL","A00000010542","2018-04-24T15:50Z","2018-04-24T15:50Z","EcoCore_CSU","UV Absorbance (280 nm)",0.0099,,2.7,,0,"formatChange","GOOD"
"36714f16-c299-44fa-a97b-f6f6232fdf96","D06","KING","KING.AOS.groundwater.well.001","KING.W1.20180424.FIL","A00000010542","2018-04-24T15:50Z","2018-04-24T15:50Z","EcoCore_CSU","SO4",41.8920,"milligramsPerLiter",2.7,,0,"formatChange","GOOD"
"eb9b3f9c-a5f2-457b-89f4-6775d205b4ba","D06","KING","KING.AOS.groundwater.well.001","KING.W1.20180424.FIL","A00000010542","2018-04-24T15:50Z","2018-04-24T15:50Z","EcoCore_CSU","UV Absorbance (250 nm)",0.0190,,2.7,,0,"formatChange","GOOD"
"e0f5ea74-4729-488a-861c-b0e79f966b03","D06","KING","KING.AOS.groundwater.well.001","KING.W1.20180424.FIL","A00000010542","2018-04-24T15:50Z","2018-04-24T15:50Z","EcoCore_CSU","Ortho - P",0.0650,"milligramsPerLiter",2.7,,0,"formatChange","GOOD"
"8c523553-bfa3-425e-acc8-96bded3cd461","D06","KING","KING.AOS.groundwater.well.001","KING.W1.20180424.RAW","A00000010543","2018-04-24T15:50Z","2018-04-24T15:50Z","EcoCore_CSU","TSS",1742.0000,"milligramsPerLiter",2.7,,0,"formatChange","GOOD"
"3b46dcf4-ca65-43b4-9652-11f649912826","D06","KING","KING.AOS.groundwater.well.001","KING.W1.20180424.FIL","A00000010542","2018-04-24T15:50Z","2018-04-24T15:50Z","EcoCore_CSU","NH4 - N",0.0143,"milligramsPerLiter",2.7,,0,"formatChange","GOOD"
"44e3a81d-4807-4caa-9ea7-13fc03afb47f","D06","KING","KING.AOS.groundwater.well.001","KING.W1.20180424.FIL","A00000010542","2018-04-24T15:50Z","2018-04-24T15:50Z","EcoCore_CSU","TDS",531.9000,"milligramsPerLiter",2.7,,0,"formatChange","GOOD"
"7b511594-447a-4d36-9d97-38db3a475af0","D06","KING","KING.AOS.groundwater.well.001","KING.W1.20180424.FIL","A00000010542","2018-04-24T15:50Z","2018-04-24T15:50Z","EcoCore_CSU","Na",0.3320,"milligramsPerLiter",2.7,,0,"formatChange","GOOD"
"68fd5796-9f59-493f-87e8-6ef63af3f173","D06","KING","KING.AOS.groundwater.well.001","KING.W1.20180424.FIL","A00000010542","2018-04-24T15:50Z","2018-04-24T15:50Z","EcoCore_CSU","NO3+NO2 - N",0.1570,"milligramsPerLiter",2.7,,0,"formatChange","GOOD"
"de435185-5551-428a-94ab-872f8f221bb1","D06","KING","KING.AOS.groundwater.well.002","KING.W2.20180424.FIL","A00000010546","2018-04-24T16:59Z","2018-04-24T16:59Z","EcoCore_CSU","DIC",93.6300,"milligramsPerLiter",2.7,,0,"formatChange","GOOD"
"9ec131b2-0a66-4655-8bd3-e14ae7432c03","D06","KING","KING.AOS.groundwater.well.002","KING.W2.20180424.FIL","A00000010546","2018-04-24T16:59Z","2018-04-24T16:59Z","EcoCore_CSU","NO2 - N",0.0153,"milligramsPerLiter",2.7,,0,"formatChange","GOOD"
"7efccc19-4c0e-4f0e-9d44-391a474ba311","D06","KING","KING.AOS.groundwater.well.002","KING.W2.20180424.RAW","A00000010547","2018-04-24T16:59Z","2018-04-24T16:59Z","EcoCore_CSU","TOC",0.6802,"milligramsPerLiter",2.7,,0,"formatChange","GOOD"
"1a3c0d31-f8ff-4c97-a96c-4df568def162","D06","KING","KING.AOS.groundwater.well.002","KING.W2.20180424.FIL","A00000010546","2018-04-24T16:59Z","2018-04-24T16:59Z","EcoCore_CSU","Na",0.2050,"milligramsPerLiter",2.7,,0,"formatChange","GOOD"
"8371354f-d481-47b1-aa8a-374a990b39c9","D06","KING","KING.AOS.groundwater.well.002","KING.W2.20180424.FIL","A00000010546","2018-04-24T16:59Z","2018-04-24T16:59Z","EcoCore_CSU","CO3",0.0050,"milligramsPerLiter",2.7,,0,"formatChange","GOOD"
"0a41e326-de8d-4d09-a6b2-71bfac92ab05","D06","KING","KING.AOS.groundwater.well.002","KING.W2.20180424.FIL","A00000010546","2018-04-24T16:59Z","2018-04-24T16:59Z","EcoCore_CSU","Mg",21.0511,"milligramsPerLiter",2.7,,0,"formatChange","GOOD"
"bc479a8d-c6fb-487d-bd45-78ba5120f520","D06","KING","KING.AOS.groundwater.well.002","KING.W2.20180424.FIL","A00000010546","2018-04-24T16:59Z","2018-04-24T16:59Z","EcoCore_CSU","Fe",0.0005,"milligramsPerLiter",2.7,,0,"formatChange","GOOD"
"39a4a15f-367a-4a53-976e-e36175838827","D06","KING","KING.AOS.groundwater.well.002","KING.W2.20180424.PCN","A00000010545","2018-04-24T16:59Z","2018-04-24T16:59Z","EcoCore_CSU","TPN",0.1115,"milligram",2.7,,0,"formatChange","GOOD"
"6fea4e1b-3510-42ee-961f-56699dac20c8","D06","KING","KING.AOS.groundwater.well.002","KING.W2.20180424.FIL","A00000010546","2018-04-24T16:59Z","2018-04-24T16:59Z","EcoCore_CSU","NH4 - N",0.0455,"milligramsPerLiter",2.7,,0,"formatChange","GOOD"
"7fb02c10-cd63-4718-9db6-8f5ed42655df","D06","KING","KING.AOS.groundwater.well.002","KING.W2.20180424.RAW","A00000010547","2018-04-24T16:59Z","2018-04-24T16:59Z","EcoCore_CSU","TSS - Dry Mass",3600.0000,"microgram",2.7,,0,"formatChange","GOOD"
"7f1fbe7a-8b10-40dd-a07b-3a46bb0a7167","D06","KING","KING.AOS.groundwater.well.002","KING.W2.20180424.RAW","A00000010547","2018-04-24T16:59Z","2018-04-24T16:59Z","EcoCore_CSU","TN",0.2016,"milligramsPerLiter",2.7,,0,"formatChange","GOOD"
"ea83b41a-b72c-41bc-bb60-6c34bea85d08","D06","KING","KING.AOS.groundwater.well.002","KING.W2.20180424.FIL","A00000010546","2018-04-24T16:59Z","2018-04-24T16:59Z","EcoCore_CSU","NO3+NO2 - N",0.1433,"milligramsPerLiter",2.7,,0,"formatChange","GOOD"
"a19d6ca2-cf00-4e1c-95fa-42aa80bc838a","D06","KING","KING.AOS.groundwater.well.002","KING.W2.20180424.RAW","A00000010547","2018-04-24T16:59Z","2018-04-24T16:59Z","EcoCore_CSU","conductivity",760.4000,"microsiemensPerCentimeter",2.7,,0,"formatChange","GOOD"
"1ae3a4ed-0199-4195-b529-4c49fc092d28","D06","KING","KING.AOS.groundwater.well.002","KING.W2.20180424.FIL","A00000010546","2018-04-24T16:59Z","2018-04-24T16:59Z","EcoCore_CSU","SO4",43.5936,"milligramsPerLiter",2.7,,0,"formatChange","GOOD"
"191c8421-5f93-46e6-982b-6c133cb6bd23","D06","KING","KING.AOS.groundwater.well.002","KING.W2.20180424.RAW","A00000010547","2018-04-24T16:59Z","2018-04-24T16:59Z","EcoCore_CSU","TSS",72.0000,"milligramsPerLiter",2.7,,0,"formatChange","GOOD"
"47b8ffa8-e28a-48ae-833c-fcfcdbc037de","D06","KING","KING.AOS.groundwater.well.002","KING.W2.20180424.FIL","A00000010546","2018-04-24T16:59Z","2018-04-24T16:59Z","EcoCore_CSU","TDN",0.2558,"milligramsPerLiter",2.7,,0,"formatChange","GOOD"
"a502f4b9-6a59-48bb-a8b3-8d24225584ac","D06","KING","KING.AOS.groundwater.well.002","KING.W2.20180424.FIL","A00000010546","2018-04-24T16:59Z","2018-04-24T16:59Z","EcoCore_CSU","DOC",0.8401,"milligramsPerLiter",2.7,,0,"formatChange","GOOD"
"3dc7d843-1bad-4cd8-87cc-ae6509502732","D06","KING","KING.AOS.groundwater.well.002","KING.W2.20180424.RAW","A00000010547","2018-04-24T16:59Z","2018-04-24T16:59Z","EcoCore_CSU","pH",6.9000,"pH",2.7,,0,"formatChange","GOOD"
"730d98d1-2df8-4357-9572-932cb8c1c726","D06","KING","KING.AOS.groundwater.well.002","KING.W2.20180424.FIL","A00000010546","2018-04-24T16:59Z","2018-04-24T16:59Z","EcoCore_CSU","HCO3",235.6200,"milligramsPerLiter",2.7,,0,"formatChange","GOOD"
"1a2b6d87-9640-48a1-b50b-fabc948e045d","D06","KING","KING.AOS.groundwater.well.002","KING.W2.20180424.FIL","A00000010546","2018-04-24T16:59Z","2018-04-24T16:59Z","EcoCore_CSU","Br",0.0050,"milligramsPerLiter",2.7,,0,"formatChange","GOOD"
"8f30293b-c956-47bd-8968-ee2a6ac83504","D06","KING","KING.AOS.groundwater.well.002","KING.W2.20180424.FIL","A00000010546","2018-04-24T16:59Z","2018-04-24T16:59Z","EcoCore_CSU","UV Absorbance (250 nm)",0.0187,,2.7,,0,"formatChange","GOOD"
"a1f92545-506f-4af8-a414-099b62e952c2","D06","KING","KING.AOS.groundwater.well.002","KING.W2.20180424.FIL","A00000010546","2018-04-24T16:59Z","2018-04-24T16:59Z","EcoCore_CSU","Mn",0.0005,"milligramsPerLiter",2.7,,0,"formatChange","GOOD"
"b2922dbf-6e8c-473c-ae1a-931e092c34ec","D06","KING","KING.AOS.groundwater.well.002","KING.W2.20180424.FIL","A00000010546","2018-04-24T16:59Z","2018-04-24T16:59Z","EcoCore_CSU","K",1.1805,"milligramsPerLiter",2.7,,0,"formatChange","GOOD"
"f77429a0-96b3-4c2b-af2b-6c5605f01f04","D06","KING","KING.AOS.groundwater.well.002","KING.W2.20180424.FIL","A00000010546","2018-04-24T16:59Z","2018-04-24T16:59Z","EcoCore_CSU","TDP",0.0528,"milligramsPerLiter",2.7,,0,"formatChange","GOOD"
"fa8da4a2-255d-4ed9-b5da-816ae2f227f6","D06","KING","KING.AOS.groundwater.well.002","KING.W2.20180424.FIL","A00000010546","2018-04-24T16:59Z","2018-04-24T16:59Z","EcoCore_CSU","Cl",0.0005,"milligramsPerLiter",2.7,,0,"formatChange","GOOD"
"6c7f54cb-f501-4782-95d0-048be46b6446","D06","KING","KING.AOS.groundwater.well.002","KING.W2.20180424.FIL","A00000010546","2018-04-24T16:59Z","2018-04-24T16:59Z","EcoCore_CSU","Ortho - P",0.0660,"milligramsPerLiter",2.7,,0,"formatChange","GOOD"
"a450165a-f5f9-4b55-8797-0739f364366a","D06","KING","KING.AOS.groundwater.well.002","KING.W2.20180424.FIL","A00000010546","2018-04-24T16:59Z","2018-04-24T16:59Z","EcoCore_CSU","Ca",58.6699,"milligramsPerLiter",2.7,,0,"formatChange","GOOD"
"71bd1345-de0e-4b5c-8ba1-a6a8360c3e65","D06","KING","KING.AOS.groundwater.well.002","KING.W2.20180424.FIL","A00000010546","2018-04-24T16:59Z","2018-04-24T16:59Z","EcoCore_CSU","TDS",533.7000,"milligramsPerLiter",2.7,,0,"formatChange","GOOD"
"f32e3946-3062-4732-9c03-89d608bbd4aa","D06","KING","KING.AOS.groundwater.well.002","KING.W2.20180424.FIL","A00000010546","2018-04-24T16:59Z","2018-04-24T16:59Z","EcoCore_CSU","F",0.0050,"milligramsPerLiter",2.7,,0,"formatChange","GOOD"
"d3eeced9-723b-46b9-9f9d-08768b58202b","D06","KING","KING.AOS.groundwater.well.002","KING.W2.20180424.RAW","A00000010547","2018-04-24T16:59Z","2018-04-24T16:59Z","EcoCore_CSU","ANC",3.9200,"milliequivalentsPerLiter",2.7,,0,"formatChange","GOOD"
"81b0533a-b698-4d50-be03-d2d52ab0c532","D06","KING","KING.AOS.groundwater.well.002","KING.W2.20180424.FIL","A00000010546","2018-04-24T16:59Z","2018-04-24T16:59Z","EcoCore_CSU","Si",6.8895,"milligramsPerLiter",2.7,,0,"formatChange","GOOD"
"95424021-fa89-4bf1-bc5e-dad824a11c33","D06","KING","KING.AOS.groundwater.well.002","KING.W2.20180424.FIL","A00000010546","2018-04-24T16:59Z","2018-04-24T16:59Z","EcoCore_CSU","UV Absorbance (280 nm)",0.0112,,2.7,,0,"formatChange","GOOD"
"7276c1cb-c01e-4933-bd60-16d13251b7f6","D06","KING","KING.AOS.groundwater.well.002","KING.W2.20180424.PCN","A00000010545","2018-04-24T16:59Z","2018-04-24T16:59Z","EcoCore_CSU","TPC",0.4291,"milligram",2.7,,0,"formatChange","GOOD"
"d6ebfe8c-a4ff-474b-9b71-9f7e6f4de06c","D06","KING","KING.AOS.groundwater.well.002","KING.W2.20180424.RAW","A00000010547","2018-04-24T16:59Z","2018-04-24T16:59Z","EcoCore_CSU","TP",0.0660,"milligramsPerLiter",2.7,,0,"formatChange","GOOD"
"7ba6df8e-1106-4262-b350-97ec48a940d8","D06","KING","KING.AOS.groundwater.well.008","KING.W8.20180424.FIL","A00000010652","2018-04-24T18:04Z","2018-04-24T18:04Z","EcoCore_CSU","SO4",42.0129,"milligramsPerLiter",4.9,,0,"formatChange","GOOD"
"d09c62ba-1cf9-4234-b746-1f82947a3f43","D06","KING","KING.AOS.groundwater.well.008","KING.W8.20180424.FIL","A00000010652","2018-04-24T18:04Z","2018-04-24T18:04Z","EcoCore_CSU","Cl",3.6005,"milligramsPerLiter",4.9,,0,"formatChange","GOOD"
"9859c690-b8c5-4fb0-b27d-a999f3453e5a","D06","KING","KING.AOS.groundwater.well.008","KING.W8.20180424.FIL","A00000010652","2018-04-24T18:04Z","2018-04-24T18:04Z","EcoCore_CSU","Mn",0.0005,"milligramsPerLiter",4.9,,0,"formatChange","GOOD"
"100705ab-0864-4b3b-b482-21f6609f6011","D06","KING","KING.AOS.groundwater.well.008","KING.W8.20180424.FIL","A00000010652","2018-04-24T18:04Z","2018-04-24T18:04Z","EcoCore_CSU","UV Absorbance (250 nm)",0.0265,,4.9,,0,"formatChange","GOOD"
"b3a01389-49de-4639-89a6-822705a51404","D06","KING","KING.AOS.groundwater.well.008","KING.W8.20180424.RAW","A00000010541","2018-04-24T18:04Z","2018-04-24T18:04Z","EcoCore_CSU","TOC",0.5767,"milligramsPerLiter",4.9,,0,"formatChange","GOOD"
"8e89b6ad-91aa-423d-8f58-04f31f89d5ae","D06","KING","KING.AOS.groundwater.well.008","KING.W8.20180424.FIL","A00000010652","2018-04-24T18:04Z","2018-04-24T18:04Z","EcoCore_CSU","NO2 - N",0.0134,"milligramsPerLiter",4.9,,0,"formatChange","GOOD"
"5222b9a5-20a3-4f07-8452-3112b10270fc","D06","KING","KING.AOS.groundwater.well.008","KING.W8.20180424.RAW","A00000010541","2018-04-24T18:04Z","2018-04-24T18:04Z","EcoCore_CSU","ANC",3.4300,"milliequivalentsPerLiter",4.9,,0,"formatChange","GOOD"
"b30f2b12-f4c2-4ba1-9122-bbf90d30bb61","D06","KING","KING.AOS.groundwater.well.008","KING.W8.20180424.FIL","A00000010652","2018-04-24T18:04Z","2018-04-24T18:04Z","EcoCore_CSU","TDN",0.1927,"milligramsPerLiter",4.9,,0,"formatChange","GOOD"
"11ae2dd6-9b23-4f48-908b-9c140c316360","D06","KING","KING.AOS.groundwater.well.008","KING.W8.20180424.RAW","A00000010541","2018-04-24T18:04Z","2018-04-24T18:04Z","EcoCore_CSU","pH",6.8600,"pH",4.9,,0,"formatChange","GOOD"
"2ac82b45-759b-438b-833e-853ccdbe3a4b","D06","KING","KING.AOS.groundwater.well.008","KING.W8.20180424.FIL","A00000010652","2018-04-24T18:04Z","2018-04-24T18:04Z","EcoCore_CSU","NO3+NO2 - N",0.0784,"milligramsPerLiter",4.9,,0,"formatChange","GOOD"
"49012935-9075-4634-883b-9cd98847a8eb","D06","KING","KING.AOS.groundwater.well.008","KING.W8.20180424.FIL","A00000010652","2018-04-24T18:04Z","2018-04-24T18:04Z","EcoCore_CSU","UV Absorbance (280 nm)",0.0168,,4.9,,0,"formatChange","GOOD"
"6269496a-85c5-4aef-94dc-211c341e9149","D06","KING","KING.AOS.groundwater.well.008","KING.W8.20180424.FIL","A00000010652","2018-04-24T18:04Z","2018-04-24T18:04Z","EcoCore_CSU","Ca",49.4283,"milligramsPerLiter",4.9,,0,"formatChange","GOOD"
"adacbea2-dd30-450f-829c-1faf1b279204","D06","KING","KING.AOS.groundwater.well.008","KING.W8.20180424.FIL","A00000010652","2018-04-24T18:04Z","2018-04-24T18:04Z","EcoCore_CSU","TDP",0.0177,"milligramsPerLiter",4.9,,0,"formatChange","GOOD"
"f432466f-455c-4985-9d28-f3e4161ed7e1","D06","KING","KING.AOS.groundwater.well.008","KING.W8.20180424.FIL","A00000010652","2018-04-24T18:04Z","2018-04-24T18:04Z","EcoCore_CSU","F",0.0050,"milligramsPerLiter",4.9,,0,"formatChange","GOOD"
"55171579-1215-4bd9-8b07-2eff1151e7b6","D06","KING","KING.AOS.groundwater.well.008","KING.W8.20180424.FIL","A00000010652","2018-04-24T18:04Z","2018-04-24T18:04Z","EcoCore_CSU","Si",6.4701,"milligramsPerLiter",4.9,,0,"formatChange","GOOD"
"3c519081-6ba4-4edf-ae8e-83ffe26fd379","D06","KING","KING.AOS.groundwater.well.008","KING.W8.20180424.RAW","A00000010541","2018-04-24T18:04Z","2018-04-24T18:04Z","EcoCore_CSU","TN",0.1531,"milligramsPerLiter",4.9,,0,"formatChange","GOOD"
"303741eb-d994-4780-8cfd-4f32bf693003","D06","KING","KING.AOS.groundwater.well.008","KING.W8.20180424.FIL","A00000010652","2018-04-24T18:04Z","2018-04-24T18:04Z","EcoCore_CSU","Ortho - P",0.0650,"milligramsPerLiter",4.9,,0,"formatChange","GOOD"
"c7f26ab1-103f-4797-a0eb-bb1160bdcc4f","D06","KING","KING.AOS.groundwater.well.008","KING.W8.20180424.FIL","A00000010652","2018-04-24T18:04Z","2018-04-24T18:04Z","EcoCore_CSU","CO3",0.0050,"milligramsPerLiter",4.9,,0,"formatChange","GOOD"
"0c6d6000-fda1-4716-b67d-80b8551494df","D06","KING","KING.AOS.groundwater.well.008","KING.W8.20180424.FIL","A00000010652","2018-04-24T18:04Z","2018-04-24T18:04Z","EcoCore_CSU","Mg",21.6572,"milligramsPerLiter",4.9,,0,"formatChange","GOOD"
"301fe4d7-13d3-4de7-af4d-76f944bcb355","D06","KING","KING.AOS.groundwater.well.008","KING.W8.20180424.PCN","A00000010653","2018-04-24T18:04Z","2018-04-24T18:04Z","EcoCore_CSU","TPN",0.0177,"milligram",4.9,,0,"formatChange","GOOD"
"1c8c2b41-9f5a-49b9-a054-8ff17c1188c5","D06","KING","KING.AOS.groundwater.well.008","KING.W8.20180424.FIL","A00000010652","2018-04-24T18:04Z","2018-04-24T18:04Z","EcoCore_CSU","DIC",89.9700,"milligramsPerLiter",4.9,,0,"formatChange","GOOD"
"ec7fbcfb-a4cd-481e-882e-7652aa069d5e","D06","KING","KING.AOS.groundwater.well.008","KING.W8.20180424.FIL","A00000010652","2018-04-24T18:04Z","2018-04-24T18:04Z","EcoCore_CSU","DOC",0.9813,"milligramsPerLiter",4.9,,0,"formatChange","GOOD"
"5d6d2a93-7b25-485a-8186-f562c1cdc864","D06","KING","KING.AOS.groundwater.well.008","KING.W8.20180424.RAW","A00000010541","2018-04-24T18:04Z","2018-04-24T18:04Z","EcoCore_CSU","TSS",164.0000,"milligramsPerLiter",4.9,,0,"formatChange","GOOD"
"ac4a6dc1-5385-4068-b575-62a12f570b04","D06","KING","KING.AOS.groundwater.well.008","KING.W8.20180424.FIL","A00000010652","2018-04-24T18:04Z","2018-04-24T18:04Z","EcoCore_CSU","HCO3",205.6300,"milligramsPerLiter",4.9,,0,"formatChange","GOOD"
"f6b12e14-5c2a-4689-8c03-22ea1363d06b","D06","KING","KING.AOS.groundwater.well.008","KING.W8.20180424.FIL","A00000010652","2018-04-24T18:04Z","2018-04-24T18:04Z","EcoCore_CSU","Br",0.0050,"milligramsPerLiter",4.9,,0,"formatChange","GOOD"
"d1005e97-123e-48da-86b5-b40d89c77149","D06","KING","KING.AOS.groundwater.well.008","KING.W8.20180424.FIL","A00000010652","2018-04-24T18:04Z","2018-04-24T18:04Z","EcoCore_CSU","Fe",0.0005,"milligramsPerLiter",4.9,,0,"formatChange","GOOD"
"037b9f4d-15b1-49e5-8660-8698968b84db","D06","KING","KING.AOS.groundwater.well.008","KING.W8.20180424.RAW","A00000010541","2018-04-24T18:04Z","2018-04-24T18:04Z","EcoCore_CSU","conductivity",757.1000,"microsiemensPerCentimeter",4.9,,0,"formatChange","GOOD"
"465b01e1-32ec-4723-99a4-dd4571b5477b","D06","KING","KING.AOS.groundwater.well.008","KING.W8.20180424.FIL","A00000010652","2018-04-24T18:04Z","2018-04-24T18:04Z","EcoCore_CSU","TDS",533.2000,"milligramsPerLiter",4.9,,0,"formatChange","GOOD"
"da77ab87-d9ff-4b37-801e-7eb87c25465f","D06","KING","KING.AOS.groundwater.well.008","KING.W8.20180424.FIL","A00000010652","2018-04-24T18:04Z","2018-04-24T18:04Z","EcoCore_CSU","Na",0.0980,"milligramsPerLiter",4.9,,0,"formatChange","GOOD"
"9696e107-2be4-476a-b512-3582c84d778d","D06","KING","KING.AOS.groundwater.well.008","KING.W8.20180424.FIL","A00000010652","2018-04-24T18:04Z","2018-04-24T18:04Z","EcoCore_CSU","NH4 - N",0.0321,"milligramsPerLiter",4.9,,0,"formatChange","GOOD"
"3f1fe87b-6e5a-4620-aded-0ea1020286ca","D06","KING","KING.AOS.groundwater.well.008","KING.W8.20180424.FIL","A00000010652","2018-04-24T18:04Z","2018-04-24T18:04Z","EcoCore_CSU","K",0.9563,"milligramsPerLiter",4.9,,0,"formatChange","GOOD"
"ccc7e705-76aa-4bb1-8e03-dd8eb728815f","D06","KING","KING.AOS.groundwater.well.008","KING.W8.20180424.RAW","A00000010541","2018-04-24T18:04Z","2018-04-24T18:04Z","EcoCore_CSU","TSS - Dry Mass",8200.0000,"microgram",4.9,,0,"formatChange","GOOD"
"8be442d8-e553-42d3-a02a-73181202caaa","D06","KING","KING.AOS.groundwater.well.008","KING.W8.20180424.RAW","A00000010541","2018-04-24T18:04Z","2018-04-24T18:04Z","EcoCore_CSU","TP",0.0411,"milligramsPerLiter",4.9,,0,"formatChange","GOOD"
"fd4fd6b2-8b39-4e17-9329-60e1542f65d1","D06","KING","KING.AOS.groundwater.well.008","KING.W8.20180424.PCN","A00000010653","2018-04-24T18:04Z","2018-04-24T18:04Z","EcoCore_CSU","TPC",0.3810,"milligram",4.9,,0,"formatChange","GOOD"
