uid,domainID,siteID,namedLocation,collectDate,titrationDate,parentSampleID,domainSampleID,remarks,measuredBy,alkMeqPerL,alkMgPerL,ancMeqPerL,ancMgPerL
"134034a1-1c50-4f2a-8f61-71628d127d54","D06","KING","KING.AOS.groundwater.well.004","2018-04-24T14:32Z","2018-04-24T21:10Z","KING.W4.20180424","KING.W4.20180424.ALK",,"jkukulski",6.760,338.000,,
"2cad931e-e95f-41e3-99b4-1f8f3d8292a9","D06","KING","KING.AOS.groundwater.well.001","2018-04-24T15:50Z","2018-04-24T20:32Z","KING.W1.20180424","KING.W1.20180424.ALK",,"jkukulski",6.800,340.000,,
"cfba8832-94d9-4a22-82e4-6b9a304b6bba","D06","KING","KING.AOS.groundwater.well.002","2018-04-24T16:59Z","2018-04-24T19:42Z","KING.W2.20180424","KING.W2.20180424.ALK",,"jkukulski",6.510,326.000,,
"24eb30ba-acbd-4a0e-acb1-634427bae2da","D06","KING","KING.AOS.groundwater.well.008","2018-04-24T18:04Z","2018-04-24T21:36Z","KING.W8.20180424","KING.W8.20180424.ALK",,"jkukulski",6.700,335.000,,
