uid,domainID,siteID,namedLocation,collectDate,parentSampleID,sampleCondition,sampleID,replicateNumber,gwwDICBubbleFree,gwwFiltSampleHeadspace,gwwAlkSampleHeadspace,gwwAlkSampleBubbleFree,processedDate,processedDateFilters,sampleVolumeFiltered,shipmentTimeRange
"967f35f2-792d-4d4d-9c8a-9a6f03dc50d8","D06","KING","KING.AOS.groundwater.well.004","2018-04-24T14:32Z","KING.W4.20180424","Sample condition ok","KING.W4.20180424",1,,,,,"2018-04-24T14:36Z","2018-04-24T15:10Z",5.0,
"d3670585-d1a3-4ff5-a2b9-f96feb0e1c27","D06","KING","KING.AOS.groundwater.well.001","2018-04-24T15:50Z","KING.W1.20180424","Sample condition ok","KING.W1.20180424",1,,,,,"2018-04-24T15:53Z","2018-04-24T15:59Z",5.0,
"07c4b675-b006-4c35-aeb1-96712e112c38","D06","KING","KING.AOS.groundwater.well.002","2018-04-24T16:59Z","KING.W2.20180424","Sample condition ok","KING.W2.20180424",1,,,,,"2018-04-24T17:07Z","2018-04-24T17:09Z",245.0,
"200b9173-c568-4ad2-a0e3-fe6411e0dcd3","D06","KING","KING.AOS.groundwater.well.008","2018-04-24T18:04Z","KING.W8.20180424","Sample condition ok","KING.W8.20180424",1,,,,,"2018-04-24T18:12Z","2018-04-24T18:15Z",20.0,
