uid,domainID,siteID,namedLocation,sampleID,sampleCode,startDate,collectDate,laboratoryName,analyte,analyteConcentration,analyteUnits,coolerTemp,remarks,shipmentWarmQF,externalLabDataQF,sampleCondition
"4d2c71a6-c7eb-4e2e-91be-f4ceb9bcd3c5","D13","WLOU","WLOU.AOS.groundwater.well.002","WLOU.W2.20190507.FIL","A00000089646","2019-05-07T16:00Z","2019-05-07T16:00Z","EcoCore_CSU","TDN",0.1247,"milligramsPerLiter",1.8,,0,"formatChange","GOOD"
"69b29c81-8ef9-4574-bc55-4affb5ef9ab4","D13","WLOU","WLOU.AOS.groundwater.well.002","WLOU.W2.20190507.RAW","A00000089687","2019-05-07T16:00Z","2019-05-07T16:00Z","EcoCore_CSU","TN",0.1268,"milligramsPerLiter",1.8,,0,"formatChange","GOOD"
"03ddd7a9-d0bb-4de8-bf77-0141a7e9d4cb","D13","WLOU","WLOU.AOS.groundwater.well.002","WLOU.W2.20190507.FIL","A00000089646","2019-05-07T16:00Z","2019-05-07T16:00Z","EcoCore_CSU","NO2 - N",-0.1269,"milligramsPerLiter",1.8,,0,"formatChange","GOOD"
"edaf2b3f-a431-4e3e-a0b7-e411c72a6dd4","D13","WLOU","WLOU.AOS.groundwater.well.002","WLOU.W2.20190507.FIL","A00000089646","2019-05-07T16:00Z","2019-05-07T16:00Z","EcoCore_CSU","CO3",0.0050,"milligramsPerLiter",1.8,,0,"formatChange","GOOD"
"a7c38859-56db-4690-861b-4adca28eebe0","D13","WLOU","WLOU.AOS.groundwater.well.002","WLOU.W2.20190507.FIL","A00000089646","2019-05-07T16:00Z","2019-05-07T16:00Z","EcoCore_CSU","TDS",72.9500,"milligramsPerLiter",1.8,,0,"formatChange","GOOD"
"a2d7c298-64d4-4ce5-a2dd-bbaabef65319","D13","WLOU","WLOU.AOS.groundwater.well.002","WLOU.W2.20190507.RAW","A00000089687","2019-05-07T16:00Z","2019-05-07T16:00Z","EcoCore_CSU","TOC",2.9910,"milligramsPerLiter",1.8,,0,"formatChange","GOOD"
"6718d698-b473-4972-9448-d67b2149e5fe","D13","WLOU","WLOU.AOS.groundwater.well.002","WLOU.W2.20190507.FIL","A00000089646","2019-05-07T16:00Z","2019-05-07T16:00Z","EcoCore_CSU","Na",1.1780,"milligramsPerLiter",1.8,,0,"formatChange","GOOD"
"68590779-c5dc-4b31-832d-f596b92ce3ea","D13","WLOU","WLOU.AOS.groundwater.well.002","WLOU.W2.20190507.RAW","A00000089687","2019-05-07T16:00Z","2019-05-07T16:00Z","EcoCore_CSU","ANC",1.2100,"milliequivalentsPerLiter",1.8,,0,"formatChange","GOOD"
"d1e924e2-c918-457e-8493-c7388dbc2b8e","D13","WLOU","WLOU.AOS.groundwater.well.002","WLOU.W2.20190507.FIL","A00000089646","2019-05-07T16:00Z","2019-05-07T16:00Z","EcoCore_CSU","Br",0.0050,"milligramsPerLiter",1.8,,0,"formatChange","GOOD"
"c01e5de8-8cdd-4e4e-8f63-68883e26a9eb","D13","WLOU","WLOU.AOS.groundwater.well.002","WLOU.W2.20190507.FIL","A00000089646","2019-05-07T16:00Z","2019-05-07T16:00Z","EcoCore_CSU","F",0.0050,"milligramsPerLiter",1.8,,0,"formatChange","GOOD"
"77da3f34-4c38-40a8-930c-de7aab409291","D13","WLOU","WLOU.AOS.groundwater.well.002","WLOU.W2.20190507.FIL","A00000089646","2019-05-07T16:00Z","2019-05-07T16:00Z","EcoCore_CSU","Fe",0.0005,"milligramsPerLiter",1.8,,0,"formatChange","GOOD"
"fe497fb8-836d-4715-ade0-dc8e1b5a1606","D13","WLOU","WLOU.AOS.groundwater.well.002","WLOU.W2.20190507.RAW","A00000089687","2019-05-07T16:00Z","2019-05-07T16:00Z","EcoCore_CSU","TP",0.0952,"milligramsPerLiter",1.8,,0,"formatChange","GOOD"
"97d4043f-4f1d-4d99-ba63-054a75577f0f","D13","WLOU","WLOU.AOS.groundwater.well.002","WLOU.W2.20190507.PCN","A00000089711","2019-05-07T16:00Z","2019-05-07T16:00Z","EcoCore_CSU","TPN",0.0343,"milligram",1.8,,0,"formatChange","GOOD"
"f647b6e0-d4df-4ece-989a-7f7e45b4dde7","D13","WLOU","WLOU.AOS.groundwater.well.002","WLOU.W2.20190507.FIL","A00000089646","2019-05-07T16:00Z","2019-05-07T16:00Z","EcoCore_CSU","DIC",12.2300,"milligramsPerLiter",1.8,,0,"formatChange","GOOD"
"3b4f1d91-cca5-468f-9142-56e5593388ac","D13","WLOU","WLOU.AOS.groundwater.well.002","WLOU.W2.20190507.FIL","A00000089646","2019-05-07T16:00Z","2019-05-07T16:00Z","EcoCore_CSU","NO3+NO2 - N",0.0170,"milligramsPerLiter",1.8,,0,"formatChange","GOOD"
"7432d9c5-4017-4871-89e1-9f702b4a1983","D13","WLOU","WLOU.AOS.groundwater.well.002","WLOU.W2.20190507.FIL","A00000089646","2019-05-07T16:00Z","2019-05-07T16:00Z","EcoCore_CSU","Ortho - P",0.0140,"milligramsPerLiter",1.8,,0,"formatChange","GOOD"
"cb2b783d-7de9-4c6b-8221-7c6502a1fde2","D13","WLOU","WLOU.AOS.groundwater.well.002","WLOU.W2.20190507.FIL","A00000089646","2019-05-07T16:00Z","2019-05-07T16:00Z","EcoCore_CSU","UV Absorbance (250 nm)",0.0621,,1.8,,0,"formatChange","GOOD"
"cf7f3bea-b330-4d5d-92ea-514c840b65bc","D13","WLOU","WLOU.AOS.groundwater.well.002","WLOU.W2.20190507.FIL","A00000089646","2019-05-07T16:00Z","2019-05-07T16:00Z","EcoCore_CSU","NH4 - N",0.0360,"milligramsPerLiter",1.8,,0,"formatChange","GOOD"
"1692dbaf-4864-49b8-8bcf-25963e155a8e","D13","WLOU","WLOU.AOS.groundwater.well.002","WLOU.W2.20190507.FIL","A00000089646","2019-05-07T16:00Z","2019-05-07T16:00Z","EcoCore_CSU","Ca",14.8808,"milligramsPerLiter",1.8,,0,"formatChange","GOOD"
"ef988e55-f966-42fb-a29e-45762ad2b8c3","D13","WLOU","WLOU.AOS.groundwater.well.002","WLOU.W2.20190507.PCN","A00000089711","2019-05-07T16:00Z","2019-05-07T16:00Z","EcoCore_CSU","TPC",0.3021,"milligram",1.8,,0,"formatChange","GOOD"
"43f28f56-2483-4444-8c56-b8a7c56a50ea","D13","WLOU","WLOU.AOS.groundwater.well.002","WLOU.W2.20190507.FIL","A00000089646","2019-05-07T16:00Z","2019-05-07T16:00Z","EcoCore_CSU","HCO3",56.4100,"milligramsPerLiter",1.8,,0,"formatChange","GOOD"
"cf1175af-307c-49d4-9481-a6290135903c","D13","WLOU","WLOU.AOS.groundwater.well.002","WLOU.W2.20190507.FIL","A00000089646","2019-05-07T16:00Z","2019-05-07T16:00Z","EcoCore_CSU","Mg",2.6330,"milligramsPerLiter",1.8,,0,"formatChange","GOOD"
"b3cc0bf7-51ca-44c6-b05d-48bc9378b70a","D13","WLOU","WLOU.AOS.groundwater.well.002","WLOU.W2.20190507.FIL","A00000089646","2019-05-07T16:00Z","2019-05-07T16:00Z","EcoCore_CSU","SO4",2.8380,"milligramsPerLiter",1.8,,0,"formatChange","GOOD"
"0a9f7abf-b741-44b9-bfe5-c5f7c760c98f","D13","WLOU","WLOU.AOS.groundwater.well.002","WLOU.W2.20190507.FIL","A00000089646","2019-05-07T16:00Z","2019-05-07T16:00Z","EcoCore_CSU","UV Absorbance (280 nm)",0.0388,,1.8,,0,"formatChange","GOOD"
"13531ed2-8d84-4239-ac7a-2a3ee85c841a","D13","WLOU","WLOU.AOS.groundwater.well.002","WLOU.W2.20190507.FIL","A00000089646","2019-05-07T16:00Z","2019-05-07T16:00Z","EcoCore_CSU","Si",3.9645,"milligramsPerLiter",1.8,,0,"formatChange","GOOD"
"5505a1d5-13d9-4832-b0cd-c732a6f5bebc","D13","WLOU","WLOU.AOS.groundwater.well.002","WLOU.W2.20190507.RAW","A00000089687","2019-05-07T16:00Z","2019-05-07T16:00Z","EcoCore_CSU","TSS - Dry Mass",500.0000,"microgram",1.8,,0,"formatChange","GOOD"
"81a6f303-d7af-461b-af23-3c80b82fb082","D13","WLOU","WLOU.AOS.groundwater.well.002","WLOU.W2.20190507.RAW","A00000089687","2019-05-07T16:00Z","2019-05-07T16:00Z","EcoCore_CSU","pH",7.7900,"pH",1.8,,0,"formatChange","GOOD"
"13b70bf6-4df3-4b05-b627-5d53fbdd14d5","D13","WLOU","WLOU.AOS.groundwater.well.002","WLOU.W2.20190507.FIL","A00000089646","2019-05-07T16:00Z","2019-05-07T16:00Z","EcoCore_CSU","K",0.6630,"milligramsPerLiter",1.8,,0,"formatChange","GOOD"
"dc46d88c-d0c2-485e-9bd2-d345156adf07","D13","WLOU","WLOU.AOS.groundwater.well.002","WLOU.W2.20190507.FIL","A00000089646","2019-05-07T16:00Z","2019-05-07T16:00Z","EcoCore_CSU","TDP",0.0005,"milligramsPerLiter",1.8,,0,"formatChange","GOOD"
"52c7a439-7019-424f-b47b-415bcf56c4c4","D13","WLOU","WLOU.AOS.groundwater.well.002","WLOU.W2.20190507.FIL","A00000089646","2019-05-07T16:00Z","2019-05-07T16:00Z","EcoCore_CSU","Cl",2.0414,"milligramsPerLiter",1.8,,0,"formatChange","GOOD"
"1862e5a8-9f99-4959-b6f7-5bc5cfdb957a","D13","WLOU","WLOU.AOS.groundwater.well.002","WLOU.W2.20190507.RAW","A00000089687","2019-05-07T16:00Z","2019-05-07T16:00Z","EcoCore_CSU","TSS",10.0000,"milligramsPerLiter",1.8,,0,"formatChange","GOOD"
"6c61cc08-b5f5-43b6-b4f0-a85b10c37820","D13","WLOU","WLOU.AOS.groundwater.well.002","WLOU.W2.20190507.FIL","A00000089646","2019-05-07T16:00Z","2019-05-07T16:00Z","EcoCore_CSU","Mn",0.0005,"milligramsPerLiter",1.8,,0,"formatChange","GOOD"
"3e49cf32-03ee-45de-b945-dc3f136477f4","D13","WLOU","WLOU.AOS.groundwater.well.002","WLOU.W2.20190507.RAW","A00000089687","2019-05-07T16:00Z","2019-05-07T16:00Z","EcoCore_CSU","conductivity",104.5900,"microsiemensPerCentimeter",1.8,,0,"formatChange","GOOD"
"9f18d912-6f9d-4375-b4b1-0176fc5f18ca","D13","WLOU","WLOU.AOS.groundwater.well.002","WLOU.W2.20190507.FIL","A00000089646","2019-05-07T16:00Z","2019-05-07T16:00Z","EcoCore_CSU","DOC",2.8230,"milligramsPerLiter",1.8,,0,"formatChange","GOOD"
"9663b6cb-93ab-4885-9bb2-ff688f3c1e08","D13","WLOU","WLOU.AOS.groundwater.well.005","WLOU.W5.20190507.FIL","A00000089644","2019-05-07T17:11Z","2019-05-07T17:11Z","EcoCore_CSU","TDP",0.0286,"milligramsPerLiter",1.8,,0,"formatChange","GOOD"
"00cdcfb2-111d-4e19-99f1-8b3ed704570e","D13","WLOU","WLOU.AOS.groundwater.well.005","WLOU.W5.20190507.FIL","A00000089644","2019-05-07T17:11Z","2019-05-07T17:11Z","EcoCore_CSU","Mn",0.0005,"milligramsPerLiter",1.8,,0,"formatChange","GOOD"
"4d5c30ea-2f52-4ee9-9d6e-8c590e22ce13","D13","WLOU","WLOU.AOS.groundwater.well.005","WLOU.W5.20190507.FIL","A00000089644","2019-05-07T17:11Z","2019-05-07T17:11Z","EcoCore_CSU","TDS",34.0600,"milligramsPerLiter",1.8,,0,"formatChange","GOOD"
"854e3a70-ada5-486c-b755-585758b9ce8e","D13","WLOU","WLOU.AOS.groundwater.well.005","WLOU.W5.20190507.FIL","A00000089644","2019-05-07T17:11Z","2019-05-07T17:11Z","EcoCore_CSU","CO3",0.0050,"milligramsPerLiter",1.8,,0,"formatChange","GOOD"
"6caea5cf-8e07-4a23-bda1-b665dd252187","D13","WLOU","WLOU.AOS.groundwater.well.005","WLOU.W5.20190507.FIL","A00000089644","2019-05-07T17:11Z","2019-05-07T17:11Z","EcoCore_CSU","F",0.0050,"milligramsPerLiter",1.8,,0,"formatChange","GOOD"
"247d01ba-c6d5-46c8-8175-a03e0f075922","D13","WLOU","WLOU.AOS.groundwater.well.005","WLOU.W5.20190507.FIL","A00000089644","2019-05-07T17:11Z","2019-05-07T17:11Z","EcoCore_CSU","Br",0.0050,"milligramsPerLiter",1.8,,0,"formatChange","GOOD"
"e5197188-72ca-464f-80e1-da52496ae64b","D13","WLOU","WLOU.AOS.groundwater.well.005","WLOU.W5.20190507.FIL","A00000089644","2019-05-07T17:11Z","2019-05-07T17:11Z","EcoCore_CSU","NH4 - N",0.2481,"milligramsPerLiter",1.8,,0,"formatChange","GOOD"
"273b913d-9f3a-4adb-b0d8-36d9583190ec","D13","WLOU","WLOU.AOS.groundwater.well.005","WLOU.W5.20190507.FIL","A00000089644","2019-05-07T17:11Z","2019-05-07T17:11Z","EcoCore_CSU","DIC",5.7870,"milligramsPerLiter",1.8,,0,"formatChange","GOOD"
"3aa65c3c-e2ac-42f8-9fc7-61bce1291abb","D13","WLOU","WLOU.AOS.groundwater.well.005","WLOU.W5.20190507.FIL","A00000089644","2019-05-07T17:11Z","2019-05-07T17:11Z","EcoCore_CSU","SO4",1.9590,"milligramsPerLiter",1.8,,0,"formatChange","GOOD"
"41b32858-9f47-449b-8697-9a041621b8fe","D13","WLOU","WLOU.AOS.groundwater.well.005","WLOU.W5.20190507.FIL","A00000089644","2019-05-07T17:11Z","2019-05-07T17:11Z","EcoCore_CSU","Na",1.1840,"milligramsPerLiter",1.8,,0,"formatChange","GOOD"
"f68425e9-e40f-4044-b993-217593ff7c00","D13","WLOU","WLOU.AOS.groundwater.well.005","WLOU.W5.20190507.FIL","A00000089644","2019-05-07T17:11Z","2019-05-07T17:11Z","EcoCore_CSU","Fe",0.0803,"milligramsPerLiter",1.8,,0,"formatChange","GOOD"
"5e0a2db5-32ea-42dc-8873-68b7aacace30","D13","WLOU","WLOU.AOS.groundwater.well.005","WLOU.W5.20190507.FIL","A00000089644","2019-05-07T17:11Z","2019-05-07T17:11Z","EcoCore_CSU","Cl",2.2109,"milligramsPerLiter",1.8,,0,"formatChange","GOOD"
"415a51e2-ed7d-4384-aa6d-05a679cdb4d8","D13","WLOU","WLOU.AOS.groundwater.well.005","WLOU.W5.20190507.FIL","A00000089644","2019-05-07T17:11Z","2019-05-07T17:11Z","EcoCore_CSU","NO2 - N",-0.1263,"milligramsPerLiter",1.8,,0,"formatChange","GOOD"
"b08fbeae-f8a4-4264-9d34-ae1e390c0b0c","D13","WLOU","WLOU.AOS.groundwater.well.005","WLOU.W5.20190507.FIL","A00000089644","2019-05-07T17:11Z","2019-05-07T17:11Z","EcoCore_CSU","Ortho - P",0.0240,"milligramsPerLiter",1.8,,0,"formatChange","GOOD"
"56ef99ff-c478-488d-82e8-5a3b9068ecb8","D13","WLOU","WLOU.AOS.groundwater.well.005","WLOU.W5.20190507.RAW","A00000089642","2019-05-07T17:11Z","2019-05-07T17:11Z","EcoCore_CSU","ANC",0.4500,"milliequivalentsPerLiter",1.8,,0,"formatChange","GOOD"
"7be5deba-0721-47f7-af63-966391c086ee","D13","WLOU","WLOU.AOS.groundwater.well.005","WLOU.W5.20190507.FIL","A00000089644","2019-05-07T17:11Z","2019-05-07T17:11Z","EcoCore_CSU","UV Absorbance (250 nm)",0.1727,,1.8,,0,"formatChange","GOOD"
"87be9aab-bd47-4aea-a6e5-16776c5daaa6","D13","WLOU","WLOU.AOS.groundwater.well.005","WLOU.W5.20190507.FIL","A00000089644","2019-05-07T17:11Z","2019-05-07T17:11Z","EcoCore_CSU","K",0.4510,"milligramsPerLiter",1.8,,0,"formatChange","GOOD"
"62d9e80f-d2f9-40a6-a49b-1fd204da3b30","D13","WLOU","WLOU.AOS.groundwater.well.005","WLOU.W5.20190507.RAW","A00000089642","2019-05-07T17:11Z","2019-05-07T17:11Z","EcoCore_CSU","TSS",18.0000,"milligramsPerLiter",1.8,,0,"formatChange","GOOD"
"46e054b2-3b8e-4744-abba-b2c5959856cb","D13","WLOU","WLOU.AOS.groundwater.well.005","WLOU.W5.20190507.FIL","A00000089644","2019-05-07T17:11Z","2019-05-07T17:11Z","EcoCore_CSU","HCO3",22.4100,"milligramsPerLiter",1.8,,0,"formatChange","GOOD"
"3cf84ddf-53da-430f-9248-ddd593986d5a","D13","WLOU","WLOU.AOS.groundwater.well.005","WLOU.W5.20190507.FIL","A00000089644","2019-05-07T17:11Z","2019-05-07T17:11Z","EcoCore_CSU","Mg",1.1740,"milligramsPerLiter",1.8,,0,"formatChange","GOOD"
"379c7f66-fcb3-4df3-81de-3ee938b191fd","D13","WLOU","WLOU.AOS.groundwater.well.005","WLOU.W5.20190507.PCN","A00000089712","2019-05-07T17:11Z","2019-05-07T17:11Z","EcoCore_CSU","TPC",0.3765,"milligram",1.8,,0,"formatChange","GOOD"
"4e8ade86-ea6f-4a0c-a077-2ce9377fb5c6","D13","WLOU","WLOU.AOS.groundwater.well.005","WLOU.W5.20190507.RAW","A00000089642","2019-05-07T17:11Z","2019-05-07T17:11Z","EcoCore_CSU","TP",0.0430,"milligramsPerLiter",1.8,,0,"formatChange","GOOD"
"8cc0561f-a6af-48fa-b1ac-e817058bdd35","D13","WLOU","WLOU.AOS.groundwater.well.005","WLOU.W5.20190507.FIL","A00000089644","2019-05-07T17:11Z","2019-05-07T17:11Z","EcoCore_CSU","Si",3.8364,"milligramsPerLiter",1.8,,0,"formatChange","GOOD"
"bedd3145-461c-47f2-b064-706534c22fd8","D13","WLOU","WLOU.AOS.groundwater.well.005","WLOU.W5.20190507.RAW","A00000089642","2019-05-07T17:11Z","2019-05-07T17:11Z","EcoCore_CSU","conductivity",48.7100,"microsiemensPerCentimeter",1.8,,0,"formatChange","GOOD"
"d894be95-bcd5-447b-bdc7-0afe1e5c8144","D13","WLOU","WLOU.AOS.groundwater.well.005","WLOU.W5.20190507.FIL","A00000089644","2019-05-07T17:11Z","2019-05-07T17:11Z","EcoCore_CSU","DOC",5.4090,"milligramsPerLiter",1.8,,0,"formatChange","GOOD"
"e5068b81-ed7f-4522-977d-6fd1402def83","D13","WLOU","WLOU.AOS.groundwater.well.005","WLOU.W5.20190507.RAW","A00000089642","2019-05-07T17:11Z","2019-05-07T17:11Z","EcoCore_CSU","TN",0.2537,"milligramsPerLiter",1.8,,0,"formatChange","GOOD"
"0db3f540-db96-474d-a8d7-4c5b7b102ab2","D13","WLOU","WLOU.AOS.groundwater.well.005","WLOU.W5.20190507.RAW","A00000089642","2019-05-07T17:11Z","2019-05-07T17:11Z","EcoCore_CSU","TSS - Dry Mass",900.0000,"microgram",1.8,,0,"formatChange","GOOD"
"ba0e2924-f236-4139-8dd9-c366dd220726","D13","WLOU","WLOU.AOS.groundwater.well.005","WLOU.W5.20190507.FIL","A00000089644","2019-05-07T17:11Z","2019-05-07T17:11Z","EcoCore_CSU","TDN",0.1641,"milligramsPerLiter",1.8,,0,"formatChange","GOOD"
"dad1d9bb-8b4f-44ac-9a9f-581443b73519","D13","WLOU","WLOU.AOS.groundwater.well.005","WLOU.W5.20190507.FIL","A00000089644","2019-05-07T17:11Z","2019-05-07T17:11Z","EcoCore_CSU","Ca",6.3608,"milligramsPerLiter",1.8,,0,"formatChange","GOOD"
"d5a7b42d-99ca-4b23-9a5e-bab7cf740969","D13","WLOU","WLOU.AOS.groundwater.well.005","WLOU.W5.20190507.RAW","A00000089642","2019-05-07T17:11Z","2019-05-07T17:11Z","EcoCore_CSU","TOC",6.3270,"milligramsPerLiter",1.8,,0,"formatChange","GOOD"
"85a7b373-cb67-478c-abf3-c7fe000b911b","D13","WLOU","WLOU.AOS.groundwater.well.005","WLOU.W5.20190507.FIL","A00000089644","2019-05-07T17:11Z","2019-05-07T17:11Z","EcoCore_CSU","UV Absorbance (280 nm)",0.1161,,1.8,,0,"formatChange","GOOD"
"bccb642f-dec6-45b9-947c-00708c13da7d","D13","WLOU","WLOU.AOS.groundwater.well.005","WLOU.W5.20190507.FIL","A00000089644","2019-05-07T17:11Z","2019-05-07T17:11Z","EcoCore_CSU","NO3+NO2 - N",0.0104,"milligramsPerLiter",1.8,,0,"formatChange","GOOD"
"3c8edd75-0c06-4c70-b112-0af4774310dd","D13","WLOU","WLOU.AOS.groundwater.well.005","WLOU.W5.20190507.PCN","A00000089712","2019-05-07T17:11Z","2019-05-07T17:11Z","EcoCore_CSU","TPN",0.1160,"milligram",1.8,,0,"formatChange","GOOD"
"5324b9f9-7070-4003-8cde-944e4dad0825","D13","WLOU","WLOU.AOS.groundwater.well.005","WLOU.W5.20190507.RAW","A00000089642","2019-05-07T17:11Z","2019-05-07T17:11Z","EcoCore_CSU","pH",7.0300,"pH",1.8,,0,"formatChange","GOOD"
"069188ae-f675-427c-b632-13cb4c9d0798","D13","WLOU","WLOU.AOS.groundwater.well.008","WLOU.W8.20190507.RAW","A00000089669","2019-05-07T18:21Z","2019-05-07T18:21Z","EcoCore_CSU","TOC",2.5450,"milligramsPerLiter",1.8,,0,"formatChange","GOOD"
"3f85b0cf-5d90-433a-b384-c69eb34610b1","D13","WLOU","WLOU.AOS.groundwater.well.008","WLOU.W8.20190507.FIL","A00000089645","2019-05-07T18:21Z","2019-05-07T18:21Z","EcoCore_CSU","Fe",0.0042,"milligramsPerLiter",1.8,,0,"formatChange","GOOD"
"29fba66d-7e6e-4a68-8a39-b16b199d96fd","D13","WLOU","WLOU.AOS.groundwater.well.008","WLOU.W8.20190507.FIL","A00000089645","2019-05-07T18:21Z","2019-05-07T18:21Z","EcoCore_CSU","NH4 - N",0.0282,"milligramsPerLiter",1.8,,0,"formatChange","GOOD"
"22d410e0-b62c-44d3-8e3b-1c5267fd2ce4","D13","WLOU","WLOU.AOS.groundwater.well.008","WLOU.W8.20190507.FIL","A00000089645","2019-05-07T18:21Z","2019-05-07T18:21Z","EcoCore_CSU","Cl",0.0700,"milligramsPerLiter",1.8,,0,"formatChange","GOOD"
"5039d058-8465-4594-8a1a-1581657ce181","D13","WLOU","WLOU.AOS.groundwater.well.008","WLOU.W8.20190507.FIL","A00000089645","2019-05-07T18:21Z","2019-05-07T18:21Z","EcoCore_CSU","UV Absorbance (280 nm)",0.0177,,1.8,,0,"formatChange","GOOD"
"a016a6b3-338f-41c5-82cc-4c8c4071a181","D13","WLOU","WLOU.AOS.groundwater.well.008","WLOU.W8.20190507.FIL","A00000089645","2019-05-07T18:21Z","2019-05-07T18:21Z","EcoCore_CSU","TDP",0.0212,"milligramsPerLiter",1.8,,0,"formatChange","GOOD"
"91c050e7-a307-4a4d-854f-6e89be29863f","D13","WLOU","WLOU.AOS.groundwater.well.008","WLOU.W8.20190507.FIL","A00000089645","2019-05-07T18:21Z","2019-05-07T18:21Z","EcoCore_CSU","TDS",106.5400,"milligramsPerLiter",1.8,,0,"formatChange","GOOD"
"2ac1a7f0-ea31-45a3-96dc-234ec8e2ed1a","D13","WLOU","WLOU.AOS.groundwater.well.008","WLOU.W8.20190507.FIL","A00000089645","2019-05-07T18:21Z","2019-05-07T18:21Z","EcoCore_CSU","Na",1.6520,"milligramsPerLiter",1.8,,0,"formatChange","GOOD"
"c2b48245-efa0-4e60-9ff7-63e943910b39","D13","WLOU","WLOU.AOS.groundwater.well.008","WLOU.W8.20190507.PCN","A00000089660","2019-05-07T18:21Z","2019-05-07T18:21Z","EcoCore_CSU","TPC",0.3637,"milligram",1.8,,0,"formatChange","GOOD"
"2327c587-049b-4188-92c8-4aa7fc77e654","D13","WLOU","WLOU.AOS.groundwater.well.008","WLOU.W8.20190507.FIL","A00000089645","2019-05-07T18:21Z","2019-05-07T18:21Z","EcoCore_CSU","UV Absorbance (250 nm)",0.0275,,1.8,,0,"formatChange","GOOD"
"98f4b9c6-fb97-481f-bec7-c68707e6a2ac","D13","WLOU","WLOU.AOS.groundwater.well.008","WLOU.W8.20190507.FIL","A00000089645","2019-05-07T18:21Z","2019-05-07T18:21Z","EcoCore_CSU","NO3+NO2 - N",0.0193,"milligramsPerLiter",1.8,,0,"formatChange","GOOD"
"1ef4dccb-eb29-4b64-b5e9-07b4e6053280","D13","WLOU","WLOU.AOS.groundwater.well.008","WLOU.W8.20190507.FIL","A00000089645","2019-05-07T18:21Z","2019-05-07T18:21Z","EcoCore_CSU","DIC",22.9300,"milligramsPerLiter",1.8,,0,"formatChange","GOOD"
"91eac039-758f-4a68-b379-1ce049669ee9","D13","WLOU","WLOU.AOS.groundwater.well.008","WLOU.W8.20190507.FIL","A00000089645","2019-05-07T18:21Z","2019-05-07T18:21Z","EcoCore_CSU","Mg",6.0540,"milligramsPerLiter",1.8,,0,"formatChange","GOOD"
"f63e448f-fabc-45fe-9a3d-b880896da9db","D13","WLOU","WLOU.AOS.groundwater.well.008","WLOU.W8.20190507.FIL","A00000089645","2019-05-07T18:21Z","2019-05-07T18:21Z","EcoCore_CSU","NO2 - N",-0.1262,"milligramsPerLiter",1.8,,0,"formatChange","GOOD"
"d1eb9aed-9f45-43bb-8174-58dd5fa2b00a","D13","WLOU","WLOU.AOS.groundwater.well.008","WLOU.W8.20190507.FIL","A00000089645","2019-05-07T18:21Z","2019-05-07T18:21Z","EcoCore_CSU","HCO3",87.5300,"milligramsPerLiter",1.8,,0,"formatChange","GOOD"
"dac884d6-d7e9-441c-ad2c-b2db7111cbaa","D13","WLOU","WLOU.AOS.groundwater.well.008","WLOU.W8.20190507.FIL","A00000089645","2019-05-07T18:21Z","2019-05-07T18:21Z","EcoCore_CSU","Ortho - P",0.0300,"milligramsPerLiter",1.8,,0,"formatChange","GOOD"
"e7ba270e-1a3d-40bc-a1f0-32744e908e85","D13","WLOU","WLOU.AOS.groundwater.well.008","WLOU.W8.20190507.RAW","A00000089669","2019-05-07T18:21Z","2019-05-07T18:21Z","EcoCore_CSU","TP",0.0301,"milligramsPerLiter",1.8,,0,"formatChange","GOOD"
"e52122c2-135a-4339-bfa4-82a7330aba90","D13","WLOU","WLOU.AOS.groundwater.well.008","WLOU.W8.20190507.FIL","A00000089645","2019-05-07T18:21Z","2019-05-07T18:21Z","EcoCore_CSU","DOC",1.9900,"milligramsPerLiter",1.8,,0,"formatChange","GOOD"
"c1223712-dd75-4179-8ccf-6735f2b6d7fb","D13","WLOU","WLOU.AOS.groundwater.well.008","WLOU.W8.20190507.FIL","A00000089645","2019-05-07T18:21Z","2019-05-07T18:21Z","EcoCore_CSU","F",0.2898,"milligramsPerLiter",1.8,,0,"formatChange","GOOD"
"43d95211-9f39-44da-8484-007575fd3c15","D13","WLOU","WLOU.AOS.groundwater.well.008","WLOU.W8.20190507.FIL","A00000089645","2019-05-07T18:21Z","2019-05-07T18:21Z","EcoCore_CSU","Ca",18.0201,"milligramsPerLiter",1.8,,0,"formatChange","GOOD"
"2f27a87d-1890-4b8f-bdba-33546b2bc0be","D13","WLOU","WLOU.AOS.groundwater.well.008","WLOU.W8.20190507.FIL","A00000089645","2019-05-07T18:21Z","2019-05-07T18:21Z","EcoCore_CSU","Mn",0.0020,"milligramsPerLiter",1.8,,0,"formatChange","GOOD"
"858120f0-7772-4918-a677-c3c6fdc9c38c","D13","WLOU","WLOU.AOS.groundwater.well.008","WLOU.W8.20190507.RAW","A00000089669","2019-05-07T18:21Z","2019-05-07T18:21Z","EcoCore_CSU","TSS",8.0000,"milligramsPerLiter",1.8,,0,"formatChange","GOOD"
"ea6d5d7f-9ef9-45cc-ab91-ebe1bcecad8a","D13","WLOU","WLOU.AOS.groundwater.well.008","WLOU.W8.20190507.PCN","A00000089660","2019-05-07T18:21Z","2019-05-07T18:21Z","EcoCore_CSU","TPN",0.1180,"milligram",1.8,,0,"formatChange","GOOD"
"128885e6-5ab3-47fd-b215-ab6e37648411","D13","WLOU","WLOU.AOS.groundwater.well.008","WLOU.W8.20190507.FIL","A00000089645","2019-05-07T18:21Z","2019-05-07T18:21Z","EcoCore_CSU","TDN",0.0859,"milligramsPerLiter",1.8,,0,"formatChange","GOOD"
"24a3368b-dccd-4a6a-8f82-30b03d29d22d","D13","WLOU","WLOU.AOS.groundwater.well.008","WLOU.W8.20190507.RAW","A00000089669","2019-05-07T18:21Z","2019-05-07T18:21Z","EcoCore_CSU","TN",0.1035,"milligramsPerLiter",1.8,,0,"formatChange","GOOD"
"50bc11a7-c442-4b4b-8ed6-5e3168e3a7e2","D13","WLOU","WLOU.AOS.groundwater.well.008","WLOU.W8.20190507.RAW","A00000089669","2019-05-07T18:21Z","2019-05-07T18:21Z","EcoCore_CSU","TSS - Dry Mass",400.0000,"microgram",1.8,,0,"formatChange","GOOD"
"c915f84f-d310-4e66-b4e2-3057218036ec","D13","WLOU","WLOU.AOS.groundwater.well.008","WLOU.W8.20190507.FIL","A00000089645","2019-05-07T18:21Z","2019-05-07T18:21Z","EcoCore_CSU","CO3",0.0050,"milligramsPerLiter",1.8,,0,"formatChange","GOOD"
"cc7d992d-9c19-4f4b-bae2-7d97951f258e","D13","WLOU","WLOU.AOS.groundwater.well.008","WLOU.W8.20190507.RAW","A00000089669","2019-05-07T18:21Z","2019-05-07T18:21Z","EcoCore_CSU","ANC",1.6200,"milliequivalentsPerLiter",1.8,,0,"formatChange","GOOD"
"784a31ba-edc1-4e82-b653-4abbc4510865","D13","WLOU","WLOU.AOS.groundwater.well.008","WLOU.W8.20190507.FIL","A00000089645","2019-05-07T18:21Z","2019-05-07T18:21Z","EcoCore_CSU","Si",3.6974,"milligramsPerLiter",1.8,,0,"formatChange","GOOD"
"a18470c1-1dc5-4780-8b04-0fbaa3c55c97","D13","WLOU","WLOU.AOS.groundwater.well.008","WLOU.W8.20190507.FIL","A00000089645","2019-05-07T18:21Z","2019-05-07T18:21Z","EcoCore_CSU","K",1.2220,"milligramsPerLiter",1.8,,0,"formatChange","GOOD"
"d4ee105d-1f76-4d9d-86a5-3e31d12f635c","D13","WLOU","WLOU.AOS.groundwater.well.008","WLOU.W8.20190507.FIL","A00000089645","2019-05-07T18:21Z","2019-05-07T18:21Z","EcoCore_CSU","Br",0.3500,"milligramsPerLiter",1.8,,0,"formatChange","GOOD"
"81f21038-4865-40f4-a818-3f9052efbe89","D13","WLOU","WLOU.AOS.groundwater.well.008","WLOU.W8.20190507.RAW","A00000089669","2019-05-07T18:21Z","2019-05-07T18:21Z","EcoCore_CSU","conductivity",151.2700,"microsiemensPerCentimeter",1.8,,0,"formatChange","GOOD"
"b630e120-1a2f-43d6-9c6e-f4d6cb168146","D13","WLOU","WLOU.AOS.groundwater.well.008","WLOU.W8.20190507.FIL","A00000089645","2019-05-07T18:21Z","2019-05-07T18:21Z","EcoCore_CSU","SO4",4.5840,"milligramsPerLiter",1.8,,0,"formatChange","GOOD"
"4423f385-fc58-4a55-aef5-a9d6c4c203e7","D13","WLOU","WLOU.AOS.groundwater.well.008","WLOU.W8.20190507.RAW","A00000089669","2019-05-07T18:21Z","2019-05-07T18:21Z","EcoCore_CSU","pH",7.3400,"pH",1.8,,0,"formatChange","GOOD"
