uid,domainID,siteID,namedLocation,decimalLatitude,decimalLongitude,coordinateUncertainty,elevation,elevationUncertainty,geodeticDatum,collectDate,aquaticSiteType,samplingImpractical,waterChemSamplesCollected,adequateSampleVol,parentSampleID,eventID,swcSamplingProtocolVersion,sampleExtractionMethod,samplerType,totalWellDepth,wellWaterDepth,waterColumnHeight,sampleDepth,purgeAverageDischargeRate,purgeTime,gwWellStabilized,purgeDryDateTime,pumpPlacementDate,screenedIntervalDepth,maxAllowableDrawdown,actualDrawdown,MADExceeded,wellVolumePurged,probeIDUnavailable,dissolvedOxygen,dissolvedOxygenSaturation,specificConductance,waterTemp,pH,waterClarityDescrip,waterColorDescrip,aCollectedBy,bCollectedBy,remarks
"de446c79-dd46-4e66-8ff7-a92730abdc4f","D13","WLOU","WLOU.AOS.groundwater.well.001",39.891233,-105.914588,0.1,2916.4,0.1,"WGS84","2019-05-07T15:22Z","stream","location frozen",,"N","WLOU.W1.20190507","WLOU.20190507","NEON.DOC.002905vF",,,2.2,,,,,,,,,,,,,,,,,,,,,,"0000-0002-5760-9269","0000-0002-7071-0855",
"8ed97d62-9191-48aa-8d75-db9cf07cd87b","D13","WLOU","WLOU.AOS.groundwater.well.002",39.891183,-105.914497,0.1,2916.4,0.1,"WGS84","2019-05-07T16:00Z","stream",,,"Y","WLOU.W2.20190507","WLOU.20190507","NEON.DOC.002905vF","low-flow","Groundwater Pump",2.4,1.6,0.7,1.9,,,,,,,,,,2.7,,8.38,83.60,108.60,0.70,7.47,"clear","colorless","0000-0002-5760-9269","0000-0002-7071-0855",
"1db8b63c-ed1c-4af2-9a68-6b7935362897","D13","WLOU","WLOU.AOS.groundwater.well.005",39.891138,-105.912929,0.1,2909.5,0.1,"WGS84","2019-05-07T17:11Z","stream",,,"Y","WLOU.W5.20190507","WLOU.20190507","NEON.DOC.002905vF","low-flow","Groundwater Pump",2.4,1.1,1.2,1.9,,,,,,,,,,3.4,,6.93,69.70,53.50,1.10,6.81,"cloudy","colorless","0000-0003-3415-3067","0000-0002-7071-0855",
"815b59e4-66bd-4d58-af35-688c89c5253f","D13","WLOU","WLOU.AOS.groundwater.well.008",39.890665,-105.911591,0.1,2904.6,0.1,"WGS84","2019-05-07T18:21Z","stream",,,"Y","WLOU.W8.20190507","WLOU.20190507","NEON.DOC.002905vF","low-flow","Groundwater Pump",2.8,1.8,1.0,2.3,,,,,,,,,,3.8,,7.62,77.20,154.30,1.20,7.45,"cloudy","colorless","0000-0002-5760-9269","0000-0002-7071-0855",
