uid,domainID,siteID,namedLocation,decimalLatitude,decimalLongitude,coordinateUncertainty,elevation,elevationUncertainty,geodeticDatum,collectDate,aquaticSiteType,samplingImpractical,waterChemSamplesCollected,adequateSampleVol,parentSampleID,eventID,swcSamplingProtocolVersion,sampleExtractionMethod,samplerType,totalWellDepth,wellWaterDepth,waterColumnHeight,sampleDepth,purgeAverageDischargeRate,purgeTime,gwWellStabilized,purgeDryDateTime,pumpPlacementDate,screenedIntervalDepth,maxAllowableDrawdown,actualDrawdown,MADExceeded,wellVolumePurged,probeIDUnavailable,dissolvedOxygen,dissolvedOxygenSaturation,specificConductance,waterTemp,pH,waterClarityDescrip,waterColorDescrip,aCollectedBy,bCollectedBy,remarks
"ac636f70-5b81-4a35-b02b-20ab9c5b0d94","D04","GUIL","GUIL.AOS.groundwater.well.003",18.174345,-66.800050,0.1,549.5,0.1,"WGS84","2020-10-06T13:13Z","stream",,"Y","Y","GUIL.W3.20201006","GUIL.20201006","NEON.DOC.002905vG","low-flow","Grab",7.2,3.3,3.9,,229.8,8.0,,,,,,,,1.8,,2.41,30.10,463.00,23.30,6.74,"clear","colorless","0000-0003-1220-2331","0000-0002-4299-7043",
"d4c576b7-5fd4-4978-92f1-54f03ef81d3e","D04","GUIL","GUIL.AOS.groundwater.well.001",18.174696,-66.800365,0.1,554.2,0.1,"WGS84","2020-10-06T15:31Z","stream",,"Y","Y","GUIL.W1.20201006","GUIL.20201006","NEON.DOC.002905vG","low-flow","Grab",13.0,7.2,5.8,,232.6,10.0,,,,,,,,2.3,,2.97,39.70,228.70,26.20,6.78,"clear","colorless","0000-0003-1220-2331","0000-0002-4299-7043",
"e61818c6-dc81-4ac6-a9d0-a839b9f3ca4b","D04","GUIL","GUIL.AOS.groundwater.well.005",18.174241,-66.797947,0.1,554.8,0.1,"WGS84","2020-10-07T12:47Z","stream",,"Y","Y","GUIL.W5.20201007","GUIL.20201007","NEON.DOC.002905vG","low-flow","Grab",8.6,4.3,4.3,,233.3,8.0,,,,,,,,1.9,,1.39,17.30,356.90,23.20,6.28,"cloudy","colorless","0000-0002-4299-7043","0000-0003-1220-2331",
"3663a841-fdae-4187-b356-02202a311056","D04","GUIL","GUIL.AOS.groundwater.well.006",18.174267,-66.797629,0.1,555.2,0.1,"WGS84","2020-10-07T14:42Z","stream",,"Y","Y","GUIL.W6.20201007","GUIL.20201007","NEON.DOC.002905vG","low-flow","Grab",8.3,4.5,3.8,,216.0,7.0,,,,,,,,1.5,,1.12,14.10,323.90,23.60,6.34,"clear","colorless","0000-0003-1220-2331","0000-0002-4299-7043",
