uid,domainID,siteID,namedLocation,collectDate,parentSampleID,sampleCondition,sampleID,replicateNumber,gwwDICBubbleFree,gwwFiltSampleHeadspace,gwwAlkSampleHeadspace,gwwAlkSampleBubbleFree,processedDate,processedDateFilters,sampleVolumeFiltered,shipmentTimeRange
"4faecc31-3793-465d-b309-6c8980ac5d92","D04","GUIL","GUIL.AOS.groundwater.well.003","2020-10-06T13:13Z","GUIL.W3.20201006","Sample condition ok","GUIL.W3.20201006",1,,,,,"2020-10-06T13:48Z","2020-10-06T13:38Z",210.0,"within 24 hours of collection"
"2bc73ed8-5542-4ecf-b57e-78e06267df33","D04","GUIL","GUIL.AOS.groundwater.well.001","2020-10-06T15:31Z","GUIL.W1.20201006","Sample condition ok","GUIL.W1.20201006",1,,,,,"2020-10-06T15:54Z","2020-10-06T15:41Z",150.0,"within 24 hours of collection"
"e4cc2bfe-b7da-4333-a396-a977ba908f5e","D04","GUIL","GUIL.AOS.groundwater.well.005","2020-10-07T12:47Z","GUIL.W5.20201007","Sample condition ok","GUIL.W5.20201007",1,,,,,"2020-10-07T13:03Z","2020-10-07T13:03Z",250.0,"within 24 hours of collection"
"6f7914f4-89eb-445a-a061-fc20b26b0e01","D04","GUIL","GUIL.AOS.groundwater.well.006","2020-10-07T14:42Z","GUIL.W6.20201007","Sample condition ok","GUIL.W6.20201007",1,,,,,"2020-10-07T15:08Z","2020-10-07T15:08Z",1750.0,"within 24 hours of collection"
