uid,domainID,siteID,namedLocation,sampleID,sampleCode,startDate,collectDate,laboratoryName,analyte,analyteConcentration,analyteUnits,coolerTemp,remarks,shipmentWarmQF,externalLabDataQF,sampleCondition
"a97cf2c3-09d9-4ff5-9b77-4ac809bbf8bf","D19","CARI","CARI.AOS.groundwater.well.008","CARI.W8.20180912.FIL","A00000027265","2018-09-12T18:49Z","2018-09-12T18:49Z","EcoCore_CSU","TDS",56.4100,"milligramsPerLiter",6.3,,1,"formatChange","GOOD"
"9d0a3813-08ad-425c-8e5d-ee782960a706","D19","CARI","CARI.AOS.groundwater.well.008","CARI.W8.20180912.FIL","A00000027265","2018-09-12T18:49Z","2018-09-12T18:49Z","EcoCore_CSU","Ortho - P",0.0190,"milligramsPerLiter",6.3,,1,"formatChange","GOOD"
"a18e0256-08f4-4934-9aca-23dcd96e089f","D19","CARI","CARI.AOS.groundwater.well.008","CARI.W8.20180912.FIL","A00000027265","2018-09-12T18:49Z","2018-09-12T18:49Z","EcoCore_CSU","Br",11.1400,"milligramsPerLiter",6.3,,1,"formatChange","GOOD"
"c964005c-3aa9-4fc4-879d-0d07ff0a8fa8","D19","CARI","CARI.AOS.groundwater.well.008","CARI.W8.20180912.FIL","A00000027265","2018-09-12T18:49Z","2018-09-12T18:49Z","EcoCore_CSU","Fe",0.2910,"milligramsPerLiter",6.3,,1,"formatChange","GOOD"
"bf06ae2f-efd7-4b3e-9489-d90b28b22ff8","D19","CARI","CARI.AOS.groundwater.well.008","CARI.W8.20180912.FIL","A00000027265","2018-09-12T18:49Z","2018-09-12T18:49Z","EcoCore_CSU","UV Absorbance (250 nm)",0.6135,,6.3,,1,"formatChange","GOOD"
"11eb0e72-7386-406b-bf56-f1a312637414","D19","CARI","CARI.AOS.groundwater.well.008","CARI.W8.20180912.FIL","A00000027265","2018-09-12T18:49Z","2018-09-12T18:49Z","EcoCore_CSU","F",0.0050,"milligramsPerLiter",6.3,,1,"formatChange","GOOD"
"b3c419b4-582b-4886-816a-4b2f4765453f","D19","CARI","CARI.AOS.groundwater.well.008","CARI.W8.20180912.FIL","A00000027265","2018-09-12T18:49Z","2018-09-12T18:49Z","EcoCore_CSU","SO4",0.7110,"milligramsPerLiter",6.3,,1,"formatChange","GOOD"
"fcfd98d2-a2ef-4edd-a9f5-7c9761010b3c","D19","CARI","CARI.AOS.groundwater.well.008","CARI.W8.20180912.FIL","A00000027265","2018-09-12T18:49Z","2018-09-12T18:49Z","EcoCore_CSU","Si",4.5629,"milligramsPerLiter",6.3,,1,"formatChange","GOOD"
"c045a15e-c040-47a4-b499-e03961edeba6","D19","CARI","CARI.AOS.groundwater.well.008","CARI.W8.20180912.FIL","A00000027265","2018-09-12T18:49Z","2018-09-12T18:49Z","EcoCore_CSU","NH4 - N",0.0484,"milligramsPerLiter",6.3,,1,"formatChange","GOOD"
"e43331ae-dee9-4b6d-a19d-ff7599abe40e","D19","CARI","CARI.AOS.groundwater.well.008","CARI.W8.20180912.FIL","A00000027265","2018-09-12T18:49Z","2018-09-12T18:49Z","EcoCore_CSU","DIC",10.1800,"milligramsPerLiter",6.3,,1,"formatChange","GOOD"
"c4d6107a-8973-4cf2-81ed-eb4a4aaf5ea7","D19","CARI","CARI.AOS.groundwater.well.008","CARI.W8.20180912.FIL","A00000027265","2018-09-12T18:49Z","2018-09-12T18:49Z","EcoCore_CSU","DOC",19.2700,"milligramsPerLiter",6.3,,1,"formatChange","GOOD"
"dfa0f242-34b4-44d8-b03e-74550f1e9c91","D19","CARI","CARI.AOS.groundwater.well.008","CARI.W8.20180912.FIL","A00000027265","2018-09-12T18:49Z","2018-09-12T18:49Z","EcoCore_CSU","TDN",0.4192,"milligramsPerLiter",6.3,,1,"formatChange","GOOD"
"3a943e38-ad5f-4810-abdc-a59181fdb62b","D19","CARI","CARI.AOS.groundwater.well.008","CARI.W8.20180912.FIL","A00000027265","2018-09-12T18:49Z","2018-09-12T18:49Z","EcoCore_CSU","K",0.0550,"milligramsPerLiter",6.3,,1,"formatChange","GOOD"
"1bd029e7-21b4-497b-8924-ee091f3822ef","D19","CARI","CARI.AOS.groundwater.well.008","CARI.W8.20180912.FIL","A00000027265","2018-09-12T18:49Z","2018-09-12T18:49Z","EcoCore_CSU","UV Absorbance (280 nm)",0.3987,,6.3,,1,"formatChange","GOOD"
"51eb92cc-6c1c-451a-a1a6-93afda8d0173","D19","CARI","CARI.AOS.groundwater.well.008","CARI.W8.20180912.FIL","A00000027265","2018-09-12T18:49Z","2018-09-12T18:49Z","EcoCore_CSU","Cl",0.4400,"milligramsPerLiter",6.3,,1,"formatChange","GOOD"
"56b054c7-65db-48a3-a5d7-aec62d587789","D19","CARI","CARI.AOS.groundwater.well.008","CARI.W8.20180912.FIL","A00000027265","2018-09-12T18:49Z","2018-09-12T18:49Z","EcoCore_CSU","NO3+NO2 - N",0.0151,"milligramsPerLiter",6.3,,1,"formatChange","GOOD"
"9e7eacb1-c00a-418b-8d3e-2499e28e13d5","D19","CARI","CARI.AOS.groundwater.well.008","CARI.W8.20180912.FIL","A00000027265","2018-09-12T18:49Z","2018-09-12T18:49Z","EcoCore_CSU","Na",0.7690,"milligramsPerLiter",6.3,,1,"formatChange","GOOD"
"e1e68564-4dde-4caa-be1e-5398c0782d1f","D19","CARI","CARI.AOS.groundwater.well.008","CARI.W8.20180912.FIL","A00000027265","2018-09-12T18:49Z","2018-09-12T18:49Z","EcoCore_CSU","Mg",2.4310,"milligramsPerLiter",6.3,,1,"formatChange","GOOD"
"aa2b62e8-b78a-49ae-a0c5-10015d74a039","D19","CARI","CARI.AOS.groundwater.well.008","CARI.W8.20180912.FIL","A00000027265","2018-09-12T18:49Z","2018-09-12T18:49Z","EcoCore_CSU","Mn",0.1720,"milligramsPerLiter",6.3,,1,"formatChange","GOOD"
"ba8d0bee-07bd-46e3-9fb0-739892239caa","D19","CARI","CARI.AOS.groundwater.well.008","CARI.W8.20180912.FIL","A00000027265","2018-09-12T18:49Z","2018-09-12T18:49Z","EcoCore_CSU","NO2 - N",0.0306,"milligramsPerLiter",6.3,,1,"formatChange","GOOD"
"b1ea5a91-5923-42a7-81f3-334f873a025a","D19","CARI","CARI.AOS.groundwater.well.008","CARI.W8.20180912.FIL","A00000027265","2018-09-12T18:49Z","2018-09-12T18:49Z","EcoCore_CSU","TDP",0.0005,"milligramsPerLiter",6.3,,1,"formatChange","GOOD"
"2c6856d8-5030-45a8-87be-59d68d069c44","D19","CARI","CARI.AOS.groundwater.well.008","CARI.W8.20180912.FIL","A00000027265","2018-09-12T18:49Z","2018-09-12T18:49Z","EcoCore_CSU","CO3",0.0050,"milligramsPerLiter",6.3,,1,"formatChange","GOOD"
"479cdbd2-8766-4822-a60d-b3e540de6f65","D19","CARI","CARI.AOS.groundwater.well.008","CARI.W8.20180912.FIL","A00000027265","2018-09-12T18:49Z","2018-09-12T18:49Z","EcoCore_CSU","Ca",11.9090,"milligramsPerLiter",6.3,,1,"formatChange","GOOD"
"87692054-4e16-450d-aadb-3f931177792b","D19","CARI","CARI.AOS.groundwater.well.008","CARI.W8.20180912.FIL","A00000027265","2018-09-12T18:49Z","2018-09-12T18:49Z","EcoCore_CSU","HCO3",39.8700,"milligramsPerLiter",6.3,,1,"formatChange","GOOD"
"acd6301e-cdc3-4088-9087-ff06884a0de4","D19","CARI","CARI.AOS.groundwater.well.007","CARI.W7.20180912.FIL","A00000027263","2018-09-12T20:08Z","2018-09-12T20:08Z","EcoCore_CSU","Ortho - P",0.0670,"milligramsPerLiter",6.3,,1,"formatChange","GOOD"
"91236f83-592a-4d1b-90cb-20a7e58d36da","D19","CARI","CARI.AOS.groundwater.well.007","CARI.W7.20180912.FIL","A00000027263","2018-09-12T20:08Z","2018-09-12T20:08Z","EcoCore_CSU","CO3",0.0050,"milligramsPerLiter",6.3,,1,"formatChange","GOOD"
"cecd9f7b-c04e-4d75-829b-ebf78b754aec","D19","CARI","CARI.AOS.groundwater.well.007","CARI.W7.20180912.FIL","A00000027263","2018-09-12T20:08Z","2018-09-12T20:08Z","EcoCore_CSU","TDS",35.4300,"milligramsPerLiter",6.3,,1,"formatChange","GOOD"
"19664d27-8fcb-4dc1-9381-c314a965a04f","D19","CARI","CARI.AOS.groundwater.well.007","CARI.W7.20180912.FIL","A00000027263","2018-09-12T20:08Z","2018-09-12T20:08Z","EcoCore_CSU","F",1.4700,"milligramsPerLiter",6.3,,1,"formatChange","GOOD"
"f76e08ea-8690-4b62-b34d-c1515ed31d8c","D19","CARI","CARI.AOS.groundwater.well.007","CARI.W7.20180912.FIL","A00000027263","2018-09-12T20:08Z","2018-09-12T20:08Z","EcoCore_CSU","Ca",7.2697,"milligramsPerLiter",6.3,,1,"formatChange","GOOD"
"cda1cd28-6188-451e-b239-af143d568a91","D19","CARI","CARI.AOS.groundwater.well.007","CARI.W7.20180912.FIL","A00000027263","2018-09-12T20:08Z","2018-09-12T20:08Z","EcoCore_CSU","Si",0.8264,"milligramsPerLiter",6.3,,1,"formatChange","GOOD"
"c6204fe2-e3d0-4df8-a869-d911a8f95ed1","D19","CARI","CARI.AOS.groundwater.well.007","CARI.W7.20180912.FIL","A00000027263","2018-09-12T20:08Z","2018-09-12T20:08Z","EcoCore_CSU","DOC",30.0900,"milligramsPerLiter",6.3,,1,"formatChange","GOOD"
"04bf9882-3c41-425b-b128-4d0dfbb4c90f","D19","CARI","CARI.AOS.groundwater.well.007","CARI.W7.20180912.FIL","A00000027263","2018-09-12T20:08Z","2018-09-12T20:08Z","EcoCore_CSU","HCO3",19.0500,"milligramsPerLiter",6.3,,1,"formatChange","GOOD"
"db386872-1e8a-42b6-a573-766e791a43db","D19","CARI","CARI.AOS.groundwater.well.007","CARI.W7.20180912.FIL","A00000027263","2018-09-12T20:08Z","2018-09-12T20:08Z","EcoCore_CSU","DIC",30.2500,"milligramsPerLiter",6.3,,1,"formatChange","GOOD"
"1e00cacd-1f75-4e5a-9dff-48fba2b03619","D19","CARI","CARI.AOS.groundwater.well.007","CARI.W7.20180912.FIL","A00000027263","2018-09-12T20:08Z","2018-09-12T20:08Z","EcoCore_CSU","Br",0.0050,"milligramsPerLiter",6.3,,1,"formatChange","GOOD"
"ae2067e1-816d-4fc8-8f11-4449703ea970","D19","CARI","CARI.AOS.groundwater.well.007","CARI.W7.20180912.FIL","A00000027263","2018-09-12T20:08Z","2018-09-12T20:08Z","EcoCore_CSU","Mn",0.1040,"milligramsPerLiter",6.3,,1,"formatChange","GOOD"
"798a682c-8b45-42f0-9a82-4eefd77aae91","D19","CARI","CARI.AOS.groundwater.well.007","CARI.W7.20180912.FIL","A00000027263","2018-09-12T20:08Z","2018-09-12T20:08Z","EcoCore_CSU","Mg",1.6770,"milligramsPerLiter",6.3,,1,"formatChange","GOOD"
"12ae5fc7-8865-4387-995d-4a64d21b4367","D19","CARI","CARI.AOS.groundwater.well.007","CARI.W7.20180912.FIL","A00000027263","2018-09-12T20:08Z","2018-09-12T20:08Z","EcoCore_CSU","NO3+NO2 - N",0.0063,"milligramsPerLiter",6.3,,1,"formatChange","GOOD"
"6f01489f-8368-4587-bf8d-cd9f9b8fbd14","D19","CARI","CARI.AOS.groundwater.well.007","CARI.W7.20180912.FIL","A00000027263","2018-09-12T20:08Z","2018-09-12T20:08Z","EcoCore_CSU","NH4 - N",2.5106,"milligramsPerLiter",6.3,,1,"formatChange","GOOD"
"74563327-3331-420f-97eb-b3ccdf4a89e1","D19","CARI","CARI.AOS.groundwater.well.007","CARI.W7.20180912.FIL","A00000027263","2018-09-12T20:08Z","2018-09-12T20:08Z","EcoCore_CSU","Cl",0.8200,"milligramsPerLiter",6.3,,1,"formatChange","GOOD"
"a669c3af-a98c-483e-9cd5-8af510ddd78f","D19","CARI","CARI.AOS.groundwater.well.007","CARI.W7.20180912.FIL","A00000027263","2018-09-12T20:08Z","2018-09-12T20:08Z","EcoCore_CSU","K",0.0840,"milligramsPerLiter",6.3,,1,"formatChange","GOOD"
"e53ca4f0-0f8f-4986-a13f-fb9542a3d014","D19","CARI","CARI.AOS.groundwater.well.007","CARI.W7.20180912.FIL","A00000027263","2018-09-12T20:08Z","2018-09-12T20:08Z","EcoCore_CSU","UV Absorbance (250 nm)",2.2586,,6.3,,1,"formatChange","GOOD"
"dc5ef54c-499a-46d4-9d19-a3845b9f6b36","D19","CARI","CARI.AOS.groundwater.well.007","CARI.W7.20180912.FIL","A00000027263","2018-09-12T20:08Z","2018-09-12T20:08Z","EcoCore_CSU","SO4",6.0120,"milligramsPerLiter",6.3,,1,"formatChange","GOOD"
"417300f0-e874-4216-b44a-dcafd2d4e220","D19","CARI","CARI.AOS.groundwater.well.007","CARI.W7.20180912.FIL","A00000027263","2018-09-12T20:08Z","2018-09-12T20:08Z","EcoCore_CSU","UV Absorbance (280 nm)",1.6099,,6.3,,1,"formatChange","GOOD"
"7cc7f565-5db4-4162-8701-db89438781b4","D19","CARI","CARI.AOS.groundwater.well.007","CARI.W7.20180912.FIL","A00000027263","2018-09-12T20:08Z","2018-09-12T20:08Z","EcoCore_CSU","Na",0.6230,"milligramsPerLiter",6.3,,1,"formatChange","GOOD"
"f5275063-d26b-4e5d-a719-743f19c29361","D19","CARI","CARI.AOS.groundwater.well.007","CARI.W7.20180912.FIL","A00000027263","2018-09-12T20:08Z","2018-09-12T20:08Z","EcoCore_CSU","Fe",0.2265,"milligramsPerLiter",6.3,,1,"formatChange","GOOD"
"c9e89062-95ac-4606-a210-f0ecceaab7df","D19","CARI","CARI.AOS.groundwater.well.007","CARI.W7.20180912.FIL","A00000027263","2018-09-12T20:08Z","2018-09-12T20:08Z","EcoCore_CSU","TDP",0.0116,"milligramsPerLiter",6.3,,1,"formatChange","GOOD"
"09e19909-f0fa-4ef2-a547-ad4050bd5697","D19","CARI","CARI.AOS.groundwater.well.007","CARI.W7.20180912.FIL","A00000027263","2018-09-12T20:08Z","2018-09-12T20:08Z","EcoCore_CSU","TDN",3.8670,"milligramsPerLiter",6.3,,1,"formatChange","GOOD"
"ec23fb58-7930-426a-8188-5ab3cb4c3a49","D19","CARI","CARI.AOS.groundwater.well.007","CARI.W7.20180912.FIL","A00000027263","2018-09-12T20:08Z","2018-09-12T20:08Z","EcoCore_CSU","NO2 - N",0.0253,"milligramsPerLiter",6.3,,1,"formatChange","GOOD"
"f73980f0-adee-4c29-a083-3d2f4954bf95","D19","CARI","CARI.AOS.groundwater.well.005","CARI.W5.20180912.FIL","A00000027272","2018-09-12T21:13Z","2018-09-12T21:13Z","EcoCore_CSU","Br",16.5100,"milligramsPerLiter",6.3,,1,"formatChange","GOOD"
"5849874a-1809-439e-ba4f-b8adf47aafe5","D19","CARI","CARI.AOS.groundwater.well.005","CARI.W5.20180912.FIL","A00000027272","2018-09-12T21:13Z","2018-09-12T21:13Z","EcoCore_CSU","F",0.2900,"milligramsPerLiter",6.3,,1,"formatChange","GOOD"
"efe94f00-54e2-4122-8c8d-ba25fbe3f0d4","D19","CARI","CARI.AOS.groundwater.well.005","CARI.W5.20180912.FIL","A00000027272","2018-09-12T21:13Z","2018-09-12T21:13Z","EcoCore_CSU","CO3",0.0050,"milligramsPerLiter",6.3,,1,"formatChange","GOOD"
"789478fb-10d6-4c89-a0f7-61747d599672","D19","CARI","CARI.AOS.groundwater.well.005","CARI.W5.20180912.FIL","A00000027272","2018-09-12T21:13Z","2018-09-12T21:13Z","EcoCore_CSU","UV Absorbance (280 nm)",3.9034,,6.3,,1,"formatChange","GOOD"
"a4f16be4-a662-418a-883b-36b45ef8d578","D19","CARI","CARI.AOS.groundwater.well.005","CARI.W5.20180912.FIL","A00000027272","2018-09-12T21:13Z","2018-09-12T21:13Z","EcoCore_CSU","K",0.2530,"milligramsPerLiter",6.3,,1,"formatChange","GOOD"
"c7a5eb22-603d-44d8-90e4-08c23f685aae","D19","CARI","CARI.AOS.groundwater.well.005","CARI.W5.20180912.FIL","A00000027272","2018-09-12T21:13Z","2018-09-12T21:13Z","EcoCore_CSU","DIC",16.0200,"milligramsPerLiter",6.3,,1,"formatChange","GOOD"
"5f617d1f-57cc-4226-9a5c-de3e600eb9e7","D19","CARI","CARI.AOS.groundwater.well.005","CARI.W5.20180912.FIL","A00000027272","2018-09-12T21:13Z","2018-09-12T21:13Z","EcoCore_CSU","TDN",1.5570,"milligramsPerLiter",6.3,,1,"formatChange","GOOD"
"b7075882-1e3e-47b1-a2c6-3939cb5bbd37","D19","CARI","CARI.AOS.groundwater.well.005","CARI.W5.20180912.FIL","A00000027272","2018-09-12T21:13Z","2018-09-12T21:13Z","EcoCore_CSU","TDP",0.0219,"milligramsPerLiter",6.3,,1,"formatChange","GOOD"
"45fce283-0c26-4e21-9e7b-104d83c09c89","D19","CARI","CARI.AOS.groundwater.well.005","CARI.W5.20180912.FIL","A00000027272","2018-09-12T21:13Z","2018-09-12T21:13Z","EcoCore_CSU","Ortho - P",0.1080,"milligramsPerLiter",6.3,,1,"formatChange","GOOD"
"e2837b0b-6bdb-44dc-8818-5863fb5d7d0c","D19","CARI","CARI.AOS.groundwater.well.005","CARI.W5.20180912.FIL","A00000027272","2018-09-12T21:13Z","2018-09-12T21:13Z","EcoCore_CSU","Fe",58.4694,"milligramsPerLiter",6.3,,1,"formatChange","GOOD"
"972208af-bb74-4650-b427-1fcc59ba8685","D19","CARI","CARI.AOS.groundwater.well.005","CARI.W5.20180912.FIL","A00000027272","2018-09-12T21:13Z","2018-09-12T21:13Z","EcoCore_CSU","Mn",4.0820,"milligramsPerLiter",6.3,,1,"formatChange","GOOD"
"ad19522d-70e5-4e52-8595-9a90aaf1f511","D19","CARI","CARI.AOS.groundwater.well.005","CARI.W5.20180912.FIL","A00000027272","2018-09-12T21:13Z","2018-09-12T21:13Z","EcoCore_CSU","HCO3",25.7400,"milligramsPerLiter",6.3,,1,"formatChange","GOOD"
"85353480-e5a4-495c-92e1-c2880d3ea234","D19","CARI","CARI.AOS.groundwater.well.005","CARI.W5.20180912.FIL","A00000027272","2018-09-12T21:13Z","2018-09-12T21:13Z","EcoCore_CSU","NO2 - N",0.0253,"milligramsPerLiter",6.3,,1,"formatChange","GOOD"
"da884a45-abb1-44aa-8198-13dd6d6980a9","D19","CARI","CARI.AOS.groundwater.well.005","CARI.W5.20180912.FIL","A00000027272","2018-09-12T21:13Z","2018-09-12T21:13Z","EcoCore_CSU","Cl",0.7300,"milligramsPerLiter",6.3,,1,"formatChange","GOOD"
"c0646f73-feaf-4bff-95d2-6bed51a29b79","D19","CARI","CARI.AOS.groundwater.well.005","CARI.W5.20180912.FIL","A00000027272","2018-09-12T21:13Z","2018-09-12T21:13Z","EcoCore_CSU","Mg",1.7350,"milligramsPerLiter",6.3,,1,"formatChange","GOOD"
"7c7f7d4c-7830-4955-aec3-6f1ac3bca05e","D19","CARI","CARI.AOS.groundwater.well.005","CARI.W5.20180912.FIL","A00000027272","2018-09-12T21:13Z","2018-09-12T21:13Z","EcoCore_CSU","NH4 - N",0.8521,"milligramsPerLiter",6.3,,1,"formatChange","GOOD"
"cb1f88ec-8834-4488-9438-366a306634e1","D19","CARI","CARI.AOS.groundwater.well.005","CARI.W5.20180912.FIL","A00000027272","2018-09-12T21:13Z","2018-09-12T21:13Z","EcoCore_CSU","Si",4.5408,"milligramsPerLiter",6.3,,1,"formatChange","GOOD"
"c1a5ee27-c740-4ff4-9983-37fe0e09dc9e","D19","CARI","CARI.AOS.groundwater.well.005","CARI.W5.20180912.FIL","A00000027272","2018-09-12T21:13Z","2018-09-12T21:13Z","EcoCore_CSU","NO3+NO2 - N",0.0092,"milligramsPerLiter",6.3,,1,"formatChange","GOOD"
"5c9b319b-7499-48f7-9098-2a231a48f37c","D19","CARI","CARI.AOS.groundwater.well.005","CARI.W5.20180912.FIL","A00000027272","2018-09-12T21:13Z","2018-09-12T21:13Z","EcoCore_CSU","Ca",9.6767,"milligramsPerLiter",6.3,,1,"formatChange","GOOD"
"01e912ea-7bfb-429a-842d-268d647de104","D19","CARI","CARI.AOS.groundwater.well.005","CARI.W5.20180912.FIL","A00000027272","2018-09-12T21:13Z","2018-09-12T21:13Z","EcoCore_CSU","SO4",0.9540,"milligramsPerLiter",6.3,,1,"formatChange","GOOD"
"9128ec18-4375-48cc-9429-205c481af573","D19","CARI","CARI.AOS.groundwater.well.005","CARI.W5.20180912.FIL","A00000027272","2018-09-12T21:13Z","2018-09-12T21:13Z","EcoCore_CSU","UV Absorbance (250 nm)",3.9688,,6.3,,1,"formatChange","GOOD"
"a19800e2-726b-4706-ba00-0c466c362c5b","D19","CARI","CARI.AOS.groundwater.well.005","CARI.W5.20180912.FIL","A00000027272","2018-09-12T21:13Z","2018-09-12T21:13Z","EcoCore_CSU","TDS",46.8700,"milligramsPerLiter",6.3,,1,"formatChange","GOOD"
"3c0728b0-e111-4b07-aa33-41275451188e","D19","CARI","CARI.AOS.groundwater.well.005","CARI.W5.20180912.FIL","A00000027272","2018-09-12T21:13Z","2018-09-12T21:13Z","EcoCore_CSU","Na",0.7840,"milligramsPerLiter",6.3,,1,"formatChange","GOOD"
"0c16b243-d20e-4020-9051-24134190844a","D19","CARI","CARI.AOS.groundwater.well.005","CARI.W5.20180912.FIL","A00000027272","2018-09-12T21:13Z","2018-09-12T21:13Z","EcoCore_CSU","DOC",20.5100,"milligramsPerLiter",6.3,,1,"formatChange","GOOD"
