uid,domainID,siteID,namedLocation,decimalLatitude,decimalLongitude,coordinateUncertainty,elevation,elevationUncertainty,geodeticDatum,collectDate,aquaticSiteType,samplingImpractical,waterChemSamplesCollected,adequateSampleVol,parentSampleID,eventID,swcSamplingProtocolVersion,sampleExtractionMethod,samplerType,totalWellDepth,wellWaterDepth,waterColumnHeight,sampleDepth,purgeAverageDischargeRate,purgeTime,gwWellStabilized,purgeDryDateTime,pumpPlacementDate,screenedIntervalDepth,maxAllowableDrawdown,actualDrawdown,MADExceeded,wellVolumePurged,probeIDUnavailable,dissolvedOxygen,dissolvedOxygenSaturation,specificConductance,waterTemp,pH,waterClarityDescrip,waterColorDescrip,aCollectedBy,bCollectedBy,remarks
"99b84bd1-b30f-45d7-b1bf-49c39994a3e4","D19","CARI","CARI.AOS.groundwater.well.008",65.153230,-147.501795,0.1,228.2,0.1,"WGS84","2018-09-12T18:49Z","stream",,,"N","CARI.W8.20180912","CARI.20180912","NEON.DOC.002905vE","Syringe","Syringe",,,,,,,,,,,,,,,,4.30,38.00,72.40,9.80,,,,"jmonroe@battelleecology.org","jcelmer@battelleecology.org",
"99cecf1d-2011-4d95-8a2e-1d695c26d328","D19","CARI","CARI.AOS.groundwater.well.001",65.152809,-147.508033,0.1,231.0,0.1,"WGS84","2018-09-12T19:30Z","stream","low yield groundwater",,"N","CARI.W1.20180912","CARI.20180912","NEON.DOC.002905vE","Syringe","Syringe",,,,,,,,,,,,,,,,,,,,,,,"jcelmer@battelleecology.org","jmonroe@battelleecology.org",
"81c1681e-068f-4d91-bc5a-10686d91bda5","D19","CARI","CARI.AOS.groundwater.well.007",65.152719,-147.501857,0.1,227.5,0.1,"WGS84","2018-09-12T20:08Z","stream",,,"Y","CARI.W7.20180912","CARI.20180912","NEON.DOC.002905vE","Syringe","Syringe",,,,,,,,,,,,,,,,1.90,15.00,285.20,4.20,,,,"jcelmer@battelleecology.org","gdukelow@battelleecology.org",
"74e153f8-2a47-4d54-976a-ac14fd4e75f5","D19","CARI","CARI.AOS.groundwater.well.005",65.152238,-147.507904,0.1,232.2,0.1,"WGS84","2018-09-12T21:13Z","stream",,,"N","CARI.W5.20180912","CARI.20180912","NEON.DOC.002905vE","Syringe","Syringe",,,,,,,,,,,,,,,,2.40,19.00,240.40,6.10,,,,"jmonroe@battelleecology.org","gdukelow@battelleecology.org",
