uid,domainID,siteID,namedLocation,decimalLatitude,decimalLongitude,coordinateUncertainty,elevation,elevationUncertainty,geodeticDatum,collectDate,aquaticSiteType,samplingImpractical,waterChemSamplesCollected,adequateSampleVol,parentSampleID,eventID,swcSamplingProtocolVersion,sampleExtractionMethod,samplerType,totalWellDepth,wellWaterDepth,waterColumnHeight,sampleDepth,purgeAverageDischargeRate,purgeTime,gwWellStabilized,purgeDryDateTime,pumpPlacementDate,screenedIntervalDepth,maxAllowableDrawdown,actualDrawdown,MADExceeded,wellVolumePurged,probeIDUnavailable,dissolvedOxygen,dissolvedOxygenSaturation,specificConductance,waterTemp,pH,waterClarityDescrip,waterColorDescrip,aCollectedBy,bCollectedBy,remarks
"b2f5d066-fa4e-4ff0-b0f5-6295a3addb29","D03","BARC","BARC.AOS.groundwater.well.001",29.678574,-82.008577,0.1,30.1,0.1,"WGS84","2019-03-05T17:58Z","lake",,,"Y","BARC.W1.20190305","BARC.20190305","NEON.DOC.002905vE","low-flow","Groundwater Pump",12.3,4.8,7.5,5.8,,,,,,,,,,7.8,,9.42,95.50,23.50,16.20,4.96,"cloudy","colorless","0000-0002-0515-9948","0000-0002-0515-9948",
"5e391650-19c6-4bd5-9953-21d3f14a1348","D03","BARC","BARC.AOS.groundwater.well.005",29.674046,-82.007170,0.1,29.9,0.1,"WGS84","2019-03-07T15:01Z","lake",,,"Y","BARC.W5.20190307","BARC.20190307","NEON.DOC.002905vE","low-flow","Groundwater Pump",11.6,3.3,8.3,4.3,,,,,,,,,,13.9,,6.86,67.10,64.90,14.30,4.55,"cloudy","colorless","0000-0002-0515-9948",,
"4774a988-5ccc-4129-9959-16266e5cda5d","D03","BARC","BARC.AOS.groundwater.well.006",29.674068,-82.008257,0.1,29.6,0.1,"WGS84","2019-03-07T16:48Z","lake",,,"Y","BARC.W6.20190307","BARC.20190307","NEON.DOC.002905vE","low-flow","Groundwater Pump",9.2,2.6,6.6,3.6,,,,,,,,,,8.4,,6.57,69.50,32.50,18.00,4.54,"clear","colorless","0000-0002-0515-9948","0000-0002-0515-9948",
"97c3479e-52b8-4f2e-b0ee-5b5b9aed4523","D03","BARC","BARC.AOS.groundwater.well.008",29.678049,-82.009175,0.1,30.3,0.1,"WGS84","2019-03-07T18:10Z","lake",,,"Y","BARC.W8.20190307","BARC.20190307","NEON.DOC.002905vE","low-flow","Groundwater Pump",13.3,3.1,10.2,4.1,,,,,,,,,,9.5,,8.50,90.20,29.50,18.20,4.92,"cloudy","colorless","0000-0002-0515-9948",,
