uid,domainID,siteID,namedLocation,sampleID,sampleCode,startDate,collectDate,laboratoryName,analyte,analyteConcentration,analyteUnits,coolerTemp,remarks,shipmentWarmQF,externalLabDataQF,sampleCondition
"df2cfba8-6ec0-4697-af52-4c37723ca632","D03","BARC","BARC.AOS.groundwater.well.001","BARC.W1.20190305.PCN","A00000037175","2019-03-05T17:58Z","2019-03-05T17:58Z","EcoCore_CSU","TPN",0.0327,"milligram",5.3,,0,"formatChange","GOOD"
"df86bf27-c162-46ee-878f-e7a2ba1037ed","D03","BARC","BARC.AOS.groundwater.well.001","BARC.W1.20190305.FIL","A00000037185","2019-03-05T17:58Z","2019-03-05T17:58Z","EcoCore_CSU","NO3+NO2 - N",-0.0369,"milligramsPerLiter",5.3,,0,"formatChange","GOOD"
"e584b09e-95e8-4399-bcf0-b33dcbe840a5","D03","BARC","BARC.AOS.groundwater.well.001","BARC.W1.20190305.FIL","A00000037185","2019-03-05T17:58Z","2019-03-05T17:58Z","EcoCore_CSU","DIC",1.9070,"milligramsPerLiter",5.3,,0,"formatChange","GOOD"
"33aa78e2-90f2-4a28-8063-4fb541e8fd03","D03","BARC","BARC.AOS.groundwater.well.001","BARC.W1.20190305.RAW","A00000037184","2019-03-05T17:58Z","2019-03-05T17:58Z","EcoCore_CSU","TSS - Dry Mass",1800.0000,"microgram",5.3,,0,"formatChange","GOOD"
"9e8b68df-6315-4816-9db0-c69b44b919d3","D03","BARC","BARC.AOS.groundwater.well.001","BARC.W1.20190305.RAW","A00000037184","2019-03-05T17:58Z","2019-03-05T17:58Z","EcoCore_CSU","TN",0.1870,"milligramsPerLiter",5.3,,0,"formatChange","GOOD"
"64161674-0f55-4b71-a002-fe39e52c2b04","D03","BARC","BARC.AOS.groundwater.well.001","BARC.W1.20190305.FIL","A00000037185","2019-03-05T17:58Z","2019-03-05T17:58Z","EcoCore_CSU","NH4 - N",0.0945,"milligramsPerLiter",5.3,,0,"formatChange","GOOD"
"8abe8d47-90ba-41bb-901c-63b5ade6d106","D03","BARC","BARC.AOS.groundwater.well.001","BARC.W1.20190305.RAW","A00000037184","2019-03-05T17:58Z","2019-03-05T17:58Z","EcoCore_CSU","pH",5.5300,"pH",5.3,,0,"formatChange","GOOD"
"54fac15f-5462-4339-8674-0e3b6119c85d","D03","BARC","BARC.AOS.groundwater.well.001","BARC.W1.20190305.FIL","A00000037185","2019-03-05T17:58Z","2019-03-05T17:58Z","EcoCore_CSU","DOC",0.5831,"milligramsPerLiter",5.3,,0,"formatChange","GOOD"
"74dc6320-35c0-4075-a3f9-ff5ffce9b763","D03","BARC","BARC.AOS.groundwater.well.001","BARC.W1.20190305.FIL","A00000037185","2019-03-05T17:58Z","2019-03-05T17:58Z","EcoCore_CSU","SO4",0.7050,"milligramsPerLiter",5.3,,0,"formatChange","GOOD"
"eb0a85f9-b9c7-4341-9265-dca869f4be19","D03","BARC","BARC.AOS.groundwater.well.001","BARC.W1.20190305.FIL","A00000037185","2019-03-05T17:58Z","2019-03-05T17:58Z","EcoCore_CSU","NO2 - N",0.0399,"milligramsPerLiter",5.3,,0,"formatChange","GOOD"
"5d83e8b8-93af-482a-9b5b-3958cd557b8c","D03","BARC","BARC.AOS.groundwater.well.001","BARC.W1.20190305.FIL","A00000037185","2019-03-05T17:58Z","2019-03-05T17:58Z","EcoCore_CSU","Br",0.0050,"milligramsPerLiter",5.3,,0,"formatChange","GOOD"
"d619d14c-b69f-403c-80fe-02cf5d91b096","D03","BARC","BARC.AOS.groundwater.well.001","BARC.W1.20190305.FIL","A00000037185","2019-03-05T17:58Z","2019-03-05T17:58Z","EcoCore_CSU","TDS",7.2100,"milligramsPerLiter",5.3,,0,"formatChange","GOOD"
"3aa2814d-7e25-4e54-85c3-e147fdbf7292","D03","BARC","BARC.AOS.groundwater.well.001","BARC.W1.20190305.FIL","A00000037185","2019-03-05T17:58Z","2019-03-05T17:58Z","EcoCore_CSU","Ortho - P",0.1170,"milligramsPerLiter",5.3,,0,"formatChange","GOOD"
"4721dc9d-29aa-4312-ac3c-533102112784","D03","BARC","BARC.AOS.groundwater.well.001","BARC.W1.20190305.FIL","A00000037185","2019-03-05T17:58Z","2019-03-05T17:58Z","EcoCore_CSU","K",0.0100,"milligramsPerLiter",5.3,,0,"formatChange","GOOD"
"d94ebcff-1011-427a-860c-49efbc268594","D03","BARC","BARC.AOS.groundwater.well.001","BARC.W1.20190305.FIL","A00000037185","2019-03-05T17:58Z","2019-03-05T17:58Z","EcoCore_CSU","Cl",1.3800,"milligramsPerLiter",5.3,,0,"formatChange","GOOD"
"fe4286da-f1b4-4a10-9bb5-f6f45f3347f7","D03","BARC","BARC.AOS.groundwater.well.001","BARC.W1.20190305.FIL","A00000037185","2019-03-05T17:58Z","2019-03-05T17:58Z","EcoCore_CSU","Ca",0.1147,"milligramsPerLiter",5.3,,0,"formatChange","GOOD"
"fed46370-26fd-4e42-a98c-e5ad32a7445e","D03","BARC","BARC.AOS.groundwater.well.001","BARC.W1.20190305.FIL","A00000037185","2019-03-05T17:58Z","2019-03-05T17:58Z","EcoCore_CSU","Si",2.7264,"milligramsPerLiter",5.3,,0,"formatChange","GOOD"
"cc8c50d9-16b8-4d5c-a286-6bfaed0ae222","D03","BARC","BARC.AOS.groundwater.well.001","BARC.W1.20190305.PCN","A00000037175","2019-03-05T17:58Z","2019-03-05T17:58Z","EcoCore_CSU","TPC",0.2905,"milligram",5.3,,0,"formatChange","GOOD"
"028c93c3-8b59-4745-8083-0ed47da4f5af","D03","BARC","BARC.AOS.groundwater.well.001","BARC.W1.20190305.FIL","A00000037185","2019-03-05T17:58Z","2019-03-05T17:58Z","EcoCore_CSU","HCO3",2.4800,"milligramsPerLiter",5.3,,0,"formatChange","GOOD"
"cb42cb72-2aa7-4afe-a28a-051001618724","D03","BARC","BARC.AOS.groundwater.well.001","BARC.W1.20190305.FIL","A00000037185","2019-03-05T17:58Z","2019-03-05T17:58Z","EcoCore_CSU","UV Absorbance (280 nm)",0.0683,,5.3,,0,"formatChange","GOOD"
"10b3b239-f6d8-43b0-9ef8-469a37184d99","D03","BARC","BARC.AOS.groundwater.well.001","BARC.W1.20190305.FIL","A00000037185","2019-03-05T17:58Z","2019-03-05T17:58Z","EcoCore_CSU","TDP",0.0005,"milligramsPerLiter",5.3,,0,"formatChange","GOOD"
"5eb40438-e394-4ca6-af5a-f265266af7f2","D03","BARC","BARC.AOS.groundwater.well.001","BARC.W1.20190305.FIL","A00000037185","2019-03-05T17:58Z","2019-03-05T17:58Z","EcoCore_CSU","CO3",0.0050,"milligramsPerLiter",5.3,,0,"formatChange","GOOD"
"eba034a5-bd2c-42c2-9e0e-b971b06c03ff","D03","BARC","BARC.AOS.groundwater.well.001","BARC.W1.20190305.RAW","A00000037184","2019-03-05T17:58Z","2019-03-05T17:58Z","EcoCore_CSU","TOC",1.0960,"milligramsPerLiter",5.3,,0,"formatChange","GOOD"
"c9a26b15-46de-4e1d-91f4-ef3e3c059c2f","D03","BARC","BARC.AOS.groundwater.well.001","BARC.W1.20190305.FIL","A00000037185","2019-03-05T17:58Z","2019-03-05T17:58Z","EcoCore_CSU","Na",1.6120,"milligramsPerLiter",5.3,,0,"formatChange","GOOD"
"44a59465-4b11-4478-b821-00f360873367","D03","BARC","BARC.AOS.groundwater.well.001","BARC.W1.20190305.FIL","A00000037185","2019-03-05T17:58Z","2019-03-05T17:58Z","EcoCore_CSU","F",0.0050,"milligramsPerLiter",5.3,,0,"formatChange","GOOD"
"2fde989b-54f4-4c62-a302-19a6a61217f3","D03","BARC","BARC.AOS.groundwater.well.001","BARC.W1.20190305.FIL","A00000037185","2019-03-05T17:58Z","2019-03-05T17:58Z","EcoCore_CSU","Fe",0.0770,"milligramsPerLiter",5.3,,0,"formatChange","GOOD"
"6b0c65d0-36aa-41bf-9b04-0e076a8f1d6c","D03","BARC","BARC.AOS.groundwater.well.001","BARC.W1.20190305.RAW","A00000037184","2019-03-05T17:58Z","2019-03-05T17:58Z","EcoCore_CSU","TSS",36.0000,"milligramsPerLiter",5.3,,0,"formatChange","GOOD"
"f5e9f75d-c7d1-4e6a-98df-e342e09031f1","D03","BARC","BARC.AOS.groundwater.well.001","BARC.W1.20190305.RAW","A00000037184","2019-03-05T17:58Z","2019-03-05T17:58Z","EcoCore_CSU","ANC",0.0800,"milliequivalentsPerLiter",5.3,,0,"formatChange","GOOD"
"4605bb6e-1f3d-4782-bb23-4b1270f33058","D03","BARC","BARC.AOS.groundwater.well.001","BARC.W1.20190305.FIL","A00000037185","2019-03-05T17:58Z","2019-03-05T17:58Z","EcoCore_CSU","Mn",0.0005,"milligramsPerLiter",5.3,,0,"formatChange","GOOD"
"bfced581-da03-4a8c-a123-1a2789718271","D03","BARC","BARC.AOS.groundwater.well.001","BARC.W1.20190305.FIL","A00000037185","2019-03-05T17:58Z","2019-03-05T17:58Z","EcoCore_CSU","Mg",0.2000,"milligramsPerLiter",5.3,,0,"formatChange","GOOD"
"f40d480c-e43b-4b02-a197-dce77db94326","D03","BARC","BARC.AOS.groundwater.well.001","BARC.W1.20190305.RAW","A00000037184","2019-03-05T17:58Z","2019-03-05T17:58Z","EcoCore_CSU","conductivity",9.8900,"microsiemensPerCentimeter",5.3,,0,"formatChange","GOOD"
"54cab7e9-83c3-4685-91e3-7f607eee0574","D03","BARC","BARC.AOS.groundwater.well.001","BARC.W1.20190305.RAW","A00000037184","2019-03-05T17:58Z","2019-03-05T17:58Z","EcoCore_CSU","TP",0.0580,"milligramsPerLiter",5.3,,0,"formatChange","GOOD"
"6d2009f4-bedd-4d35-8bf2-b7eb7dabcf25","D03","BARC","BARC.AOS.groundwater.well.001","BARC.W1.20190305.FIL","A00000037185","2019-03-05T17:58Z","2019-03-05T17:58Z","EcoCore_CSU","TDN",0.0971,"milligramsPerLiter",5.3,,0,"formatChange","GOOD"
"22eedd28-49d9-40c4-8d67-c4276d8c4f3e","D03","BARC","BARC.AOS.groundwater.well.001","BARC.W1.20190305.FIL","A00000037185","2019-03-05T17:58Z","2019-03-05T17:58Z","EcoCore_CSU","UV Absorbance (250 nm)",0.1005,,5.3,,0,"formatChange","GOOD"
"f17280e6-c55c-494a-85a0-37905b9a3dce","D03","BARC","BARC.AOS.groundwater.well.005","BARC.W5.20190307.FIL","A00000037164","2019-03-07T15:01Z","2019-03-07T15:01Z","EcoCore_CSU","Ca",1.8900,"milligramsPerLiter",4.1,,0,"formatChange","GOOD"
"698fb6ff-03bd-4293-9fb5-61625a4e28a9","D03","BARC","BARC.AOS.groundwater.well.005","BARC.W5.20190307.RAW","A00000037366","2019-03-07T15:01Z","2019-03-07T15:01Z","EcoCore_CSU","pH",5.1300,"pH",4.1,,0,"formatChange","GOOD"
"aebff5ac-ccaa-4265-8788-367690ca621c","D03","BARC","BARC.AOS.groundwater.well.005","BARC.W5.20190307.RAW","A00000037366","2019-03-07T15:01Z","2019-03-07T15:01Z","EcoCore_CSU","ANC",0.4200,"milliequivalentsPerLiter",4.1,,0,"formatChange","GOOD"
"c2496654-f1e4-44e8-b428-60bdff3c759c","D03","BARC","BARC.AOS.groundwater.well.005","BARC.W5.20190307.FIL","A00000037164","2019-03-07T15:01Z","2019-03-07T15:01Z","EcoCore_CSU","Mg",3.4950,"milligramsPerLiter",4.1,,0,"formatChange","GOOD"
"a14309e6-b311-4425-9991-2ac0dcdda6e3","D03","BARC","BARC.AOS.groundwater.well.005","BARC.W5.20190307.FIL","A00000037164","2019-03-07T15:01Z","2019-03-07T15:01Z","EcoCore_CSU","TDN",0.1951,"milligramsPerLiter",4.1,,0,"formatChange","GOOD"
"57e29ad7-bbb2-4a42-add5-4b04f1f0db61","D03","BARC","BARC.AOS.groundwater.well.005","BARC.W5.20190307.FIL","A00000037164","2019-03-07T15:01Z","2019-03-07T15:01Z","EcoCore_CSU","K",0.0060,"milligramsPerLiter",4.1,,0,"formatChange","GOOD"
"4897489d-14cf-4000-83f1-d361570a1608","D03","BARC","BARC.AOS.groundwater.well.005","BARC.W5.20190307.PCN","A00000037383","2019-03-07T15:01Z","2019-03-07T15:01Z","EcoCore_CSU","TPN",0.0517,"milligram",4.1,,0,"formatChange","GOOD"
"3ec3cc82-237e-460c-9f6e-f84eca6cb07d","D03","BARC","BARC.AOS.groundwater.well.005","BARC.W5.20190307.FIL","A00000037164","2019-03-07T15:01Z","2019-03-07T15:01Z","EcoCore_CSU","DIC",1.3090,"milligramsPerLiter",4.1,,0,"formatChange","GOOD"
"f9cb7642-6fdd-4991-ba6e-d9509c799e61","D03","BARC","BARC.AOS.groundwater.well.005","BARC.W5.20190307.FIL","A00000037164","2019-03-07T15:01Z","2019-03-07T15:01Z","EcoCore_CSU","Ortho - P",0.0760,"milligramsPerLiter",4.1,,0,"formatChange","GOOD"
"329ad3b5-c3f2-4b24-87c8-57534ffcf72d","D03","BARC","BARC.AOS.groundwater.well.005","BARC.W5.20190307.FIL","A00000037164","2019-03-07T15:01Z","2019-03-07T15:01Z","EcoCore_CSU","Na",3.2580,"milligramsPerLiter",4.1,,0,"formatChange","GOOD"
"18b97d87-8b16-4482-966e-34877ce66000","D03","BARC","BARC.AOS.groundwater.well.005","BARC.W5.20190307.FIL","A00000037164","2019-03-07T15:01Z","2019-03-07T15:01Z","EcoCore_CSU","TDS",36.4100,"milligramsPerLiter",4.1,,0,"formatChange","GOOD"
"91ee4398-71e5-4320-b09c-349a76a37cba","D03","BARC","BARC.AOS.groundwater.well.005","BARC.W5.20190307.FIL","A00000037164","2019-03-07T15:01Z","2019-03-07T15:01Z","EcoCore_CSU","Cl",2.1800,"milligramsPerLiter",4.1,,0,"formatChange","GOOD"
"f48026c0-7a94-43d6-b00e-7b4491730fe6","D03","BARC","BARC.AOS.groundwater.well.005","BARC.W5.20190307.RAW","A00000037366","2019-03-07T15:01Z","2019-03-07T15:01Z","EcoCore_CSU","conductivity",53.1700,"microsiemensPerCentimeter",4.1,,0,"formatChange","GOOD"
"8d27b578-3170-4c31-92da-8a2b92bb1252","D03","BARC","BARC.AOS.groundwater.well.005","BARC.W5.20190307.FIL","A00000037164","2019-03-07T15:01Z","2019-03-07T15:01Z","EcoCore_CSU","NO2 - N",-0.0040,"milligramsPerLiter",4.1,,0,"formatChange","GOOD"
"132d1106-50ec-4a63-8161-248a34420510","D03","BARC","BARC.AOS.groundwater.well.005","BARC.W5.20190307.FIL","A00000037164","2019-03-07T15:01Z","2019-03-07T15:01Z","EcoCore_CSU","F",0.0050,"milligramsPerLiter",4.1,,0,"formatChange","GOOD"
"f1466e24-6884-451a-bddc-28bf3ef3f53a","D03","BARC","BARC.AOS.groundwater.well.005","BARC.W5.20190307.FIL","A00000037164","2019-03-07T15:01Z","2019-03-07T15:01Z","EcoCore_CSU","Fe",0.0224,"milligramsPerLiter",4.1,,0,"formatChange","GOOD"
"7d3cb95c-c93d-44ed-807a-fe86c0a67b8c","D03","BARC","BARC.AOS.groundwater.well.005","BARC.W5.20190307.FIL","A00000037164","2019-03-07T15:01Z","2019-03-07T15:01Z","EcoCore_CSU","CO3",0.0050,"milligramsPerLiter",4.1,,0,"formatChange","GOOD"
"273ac409-d2b6-42f5-9d3e-e220e48921df","D03","BARC","BARC.AOS.groundwater.well.005","BARC.W5.20190307.FIL","A00000037164","2019-03-07T15:01Z","2019-03-07T15:01Z","EcoCore_CSU","DOC",5.8190,"milligramsPerLiter",4.1,,0,"formatChange","GOOD"
"6d01a8fa-ce46-4281-b3e1-92e9d95db022","D03","BARC","BARC.AOS.groundwater.well.005","BARC.W5.20190307.FIL","A00000037164","2019-03-07T15:01Z","2019-03-07T15:01Z","EcoCore_CSU","UV Absorbance (250 nm)",0.1856,,4.1,,0,"formatChange","GOOD"
"be33728a-eb78-46c3-b068-d3e2b5f8c750","D03","BARC","BARC.AOS.groundwater.well.005","BARC.W5.20190307.RAW","A00000037366","2019-03-07T15:01Z","2019-03-07T15:01Z","EcoCore_CSU","TOC",6.2250,"milligramsPerLiter",4.1,,0,"formatChange","GOOD"
"b22fd5e4-6471-4baa-a73c-889378dd2d3a","D03","BARC","BARC.AOS.groundwater.well.005","BARC.W5.20190307.FIL","A00000037164","2019-03-07T15:01Z","2019-03-07T15:01Z","EcoCore_CSU","Mn",0.0080,"milligramsPerLiter",4.1,,0,"formatChange","GOOD"
"b3e4ceb6-2633-497e-8d1a-6a98d64b7919","D03","BARC","BARC.AOS.groundwater.well.005","BARC.W5.20190307.PCN","A00000037383","2019-03-07T15:01Z","2019-03-07T15:01Z","EcoCore_CSU","TPC",0.2791,"milligram",4.1,,0,"formatChange","GOOD"
"7a3f04ed-a247-4649-816c-75db4114b229","D03","BARC","BARC.AOS.groundwater.well.005","BARC.W5.20190307.FIL","A00000037164","2019-03-07T15:01Z","2019-03-07T15:01Z","EcoCore_CSU","NO3+NO2 - N",-0.0544,"milligramsPerLiter",4.1,,0,"formatChange","GOOD"
"b0b3e821-613a-49e4-8ce9-cfffca6272ac","D03","BARC","BARC.AOS.groundwater.well.005","BARC.W5.20190307.FIL","A00000037164","2019-03-07T15:01Z","2019-03-07T15:01Z","EcoCore_CSU","NH4 - N",0.1142,"milligramsPerLiter",4.1,,0,"formatChange","GOOD"
"4996db74-ff24-45ba-a505-916d4cf08dbc","D03","BARC","BARC.AOS.groundwater.well.005","BARC.W5.20190307.FIL","A00000037164","2019-03-07T15:01Z","2019-03-07T15:01Z","EcoCore_CSU","Br",0.0050,"milligramsPerLiter",4.1,,0,"formatChange","GOOD"
"1257e071-0a71-4439-b9c0-f168d23d71d7","D03","BARC","BARC.AOS.groundwater.well.005","BARC.W5.20190307.FIL","A00000037164","2019-03-07T15:01Z","2019-03-07T15:01Z","EcoCore_CSU","Si",2.9276,"milligramsPerLiter",4.1,,0,"formatChange","GOOD"
"fd55eb8a-e815-45b3-a3bf-240307280e45","D03","BARC","BARC.AOS.groundwater.well.005","BARC.W5.20190307.FIL","A00000037164","2019-03-07T15:01Z","2019-03-07T15:01Z","EcoCore_CSU","TDP",0.0005,"milligramsPerLiter",4.1,,0,"formatChange","GOOD"
"9df77774-2d17-495f-8c39-6f96789f837e","D03","BARC","BARC.AOS.groundwater.well.005","BARC.W5.20190307.FIL","A00000037164","2019-03-07T15:01Z","2019-03-07T15:01Z","EcoCore_CSU","HCO3",22.3600,"milligramsPerLiter",4.1,,0,"formatChange","GOOD"
"e3164cf7-d982-4083-884d-eb96c60458bb","D03","BARC","BARC.AOS.groundwater.well.005","BARC.W5.20190307.FIL","A00000037164","2019-03-07T15:01Z","2019-03-07T15:01Z","EcoCore_CSU","SO4",5.5900,"milligramsPerLiter",4.1,,0,"formatChange","GOOD"
"c6c2cf1a-e9c8-44c8-85fc-e05e2bed28b5","D03","BARC","BARC.AOS.groundwater.well.005","BARC.W5.20190307.RAW","A00000037366","2019-03-07T15:01Z","2019-03-07T15:01Z","EcoCore_CSU","TP",0.0210,"milligramsPerLiter",4.1,,0,"formatChange","GOOD"
"ed62503b-c6ec-41ea-84c4-9093209660af","D03","BARC","BARC.AOS.groundwater.well.005","BARC.W5.20190307.RAW","A00000037366","2019-03-07T15:01Z","2019-03-07T15:01Z","EcoCore_CSU","TSS - Dry Mass",600.0000,"microgram",4.1,,0,"formatChange","GOOD"
"e502e3d3-0a79-49e8-a942-5e65cf71cbbb","D03","BARC","BARC.AOS.groundwater.well.005","BARC.W5.20190307.RAW","A00000037366","2019-03-07T15:01Z","2019-03-07T15:01Z","EcoCore_CSU","TSS",12.0000,"milligramsPerLiter",4.1,,0,"formatChange","GOOD"
"e739fd22-8316-499e-ac87-f1eded511f02","D03","BARC","BARC.AOS.groundwater.well.005","BARC.W5.20190307.RAW","A00000037366","2019-03-07T15:01Z","2019-03-07T15:01Z","EcoCore_CSU","TN",0.2365,"milligramsPerLiter",4.1,,0,"formatChange","GOOD"
"734eeb1b-db21-4068-a149-f440c3e5bb9a","D03","BARC","BARC.AOS.groundwater.well.005","BARC.W5.20190307.FIL","A00000037164","2019-03-07T15:01Z","2019-03-07T15:01Z","EcoCore_CSU","UV Absorbance (280 nm)",0.1180,,4.1,,0,"formatChange","GOOD"
"3ff0c913-05e0-4869-97f7-24dcf8eaf7d6","D03","BARC","BARC.AOS.groundwater.well.006","BARC.W6.20190307.FIL","A00000037365","2019-03-07T16:48Z","2019-03-07T16:48Z","EcoCore_CSU","TDP",0.0005,"milligramsPerLiter",4.1,,0,"formatChange","GOOD"
"8f5e5c04-a4fe-4690-8688-4f7a3db161b9","D03","BARC","BARC.AOS.groundwater.well.006","BARC.W6.20190307.FIL","A00000037365","2019-03-07T16:48Z","2019-03-07T16:48Z","EcoCore_CSU","TDS",24.9800,"milligramsPerLiter",4.1,,0,"formatChange","GOOD"
"92420923-036b-4228-b649-4d7c085237a5","D03","BARC","BARC.AOS.groundwater.well.006","BARC.W6.20190307.RAW","A00000037385","2019-03-07T16:48Z","2019-03-07T16:48Z","EcoCore_CSU","TOC",2.7060,"milligramsPerLiter",4.1,,0,"formatChange","GOOD"
"826f6d6a-38c9-4042-a294-93c353aae9e0","D03","BARC","BARC.AOS.groundwater.well.006","BARC.W6.20190307.FIL","A00000037365","2019-03-07T16:48Z","2019-03-07T16:48Z","EcoCore_CSU","K",0.0110,"milligramsPerLiter",4.1,,0,"formatChange","GOOD"
"6160588a-16ee-4e22-b875-7a858db0b5fa","D03","BARC","BARC.AOS.groundwater.well.006","BARC.W6.20190307.FIL","A00000037365","2019-03-07T16:48Z","2019-03-07T16:48Z","EcoCore_CSU","NO2 - N",-0.0050,"milligramsPerLiter",4.1,,0,"formatChange","GOOD"
"1f125110-916f-4006-9796-e322aef1e5e1","D03","BARC","BARC.AOS.groundwater.well.006","BARC.W6.20190307.FIL","A00000037365","2019-03-07T16:48Z","2019-03-07T16:48Z","EcoCore_CSU","TDN",0.0744,"milligramsPerLiter",4.1,,0,"formatChange","GOOD"
"11dbb614-57b4-4417-b99c-b1bf3448fbc5","D03","BARC","BARC.AOS.groundwater.well.006","BARC.W6.20190307.RAW","A00000037385","2019-03-07T16:48Z","2019-03-07T16:48Z","EcoCore_CSU","TN",0.0746,"milligramsPerLiter",4.1,,0,"formatChange","GOOD"
"a689dc88-5082-4a7d-b6d0-e723cc10d732","D03","BARC","BARC.AOS.groundwater.well.006","BARC.W6.20190307.FIL","A00000037365","2019-03-07T16:48Z","2019-03-07T16:48Z","EcoCore_CSU","Br",0.0050,"milligramsPerLiter",4.1,,0,"formatChange","GOOD"
"e7891cfc-65dc-4bf8-93ea-873ede4c6524","D03","BARC","BARC.AOS.groundwater.well.006","BARC.W6.20190307.FIL","A00000037365","2019-03-07T16:48Z","2019-03-07T16:48Z","EcoCore_CSU","Si",1.2019,"milligramsPerLiter",4.1,,0,"formatChange","GOOD"
"7f78b915-aa07-4c2e-927f-008f1ef3e7c4","D03","BARC","BARC.AOS.groundwater.well.006","BARC.W6.20190307.PCN","A00000037386","2019-03-07T16:48Z","2019-03-07T16:48Z","EcoCore_CSU","TPN",0.0180,"milligram",4.1,,0,"formatChange","GOOD"
"6a6c670e-a753-4b57-9df4-a4f59bb710d6","D03","BARC","BARC.AOS.groundwater.well.006","BARC.W6.20190307.FIL","A00000037365","2019-03-07T16:48Z","2019-03-07T16:48Z","EcoCore_CSU","UV Absorbance (280 nm)",0.0464,,4.1,,0,"formatChange","GOOD"
"108c4b0c-e9dc-4cd8-b717-4d71c5dbdbcd","D03","BARC","BARC.AOS.groundwater.well.006","BARC.W6.20190307.FIL","A00000037365","2019-03-07T16:48Z","2019-03-07T16:48Z","EcoCore_CSU","UV Absorbance (250 nm)",0.0750,,4.1,,0,"formatChange","GOOD"
"db096a77-82fd-4ab3-941b-38c5264becdd","D03","BARC","BARC.AOS.groundwater.well.006","BARC.W6.20190307.RAW","A00000037385","2019-03-07T16:48Z","2019-03-07T16:48Z","EcoCore_CSU","TSS - Dry Mass",100.0000,"microgram",4.1,,0,"formatChange","GOOD"
"ca939519-0bbc-498e-ae0d-8700ccf78478","D03","BARC","BARC.AOS.groundwater.well.006","BARC.W6.20190307.FIL","A00000037365","2019-03-07T16:48Z","2019-03-07T16:48Z","EcoCore_CSU","Cl",5.5200,"milligramsPerLiter",4.1,,0,"formatChange","GOOD"
"574ce06a-87de-4d4b-a37d-4faf4642e093","D03","BARC","BARC.AOS.groundwater.well.006","BARC.W6.20190307.FIL","A00000037365","2019-03-07T16:48Z","2019-03-07T16:48Z","EcoCore_CSU","F",0.0050,"milligramsPerLiter",4.1,,0,"formatChange","GOOD"
"c152a108-eea6-4e6d-9134-23630d50c2c1","D03","BARC","BARC.AOS.groundwater.well.006","BARC.W6.20190307.PCN","A00000037386","2019-03-07T16:48Z","2019-03-07T16:48Z","EcoCore_CSU","TPC",0.2351,"milligram",4.1,,0,"formatChange","GOOD"
"ecc7ee42-140b-4b4d-ba2d-14a043e747b1","D03","BARC","BARC.AOS.groundwater.well.006","BARC.W6.20190307.FIL","A00000037365","2019-03-07T16:48Z","2019-03-07T16:48Z","EcoCore_CSU","NO3+NO2 - N",-0.0727,"milligramsPerLiter",4.1,,0,"formatChange","GOOD"
"3854cf11-6d53-4c1b-9b13-8de8373e7051","D03","BARC","BARC.AOS.groundwater.well.006","BARC.W6.20190307.RAW","A00000037385","2019-03-07T16:48Z","2019-03-07T16:48Z","EcoCore_CSU","ANC",0.1800,"milliequivalentsPerLiter",4.1,,0,"formatChange","GOOD"
"58707c5c-5131-44c3-a6c7-71bfc751434a","D03","BARC","BARC.AOS.groundwater.well.006","BARC.W6.20190307.FIL","A00000037365","2019-03-07T16:48Z","2019-03-07T16:48Z","EcoCore_CSU","Ortho - P",0.0450,"milligramsPerLiter",4.1,,0,"formatChange","GOOD"
"be801e69-eb5c-4534-b707-d87565f18b87","D03","BARC","BARC.AOS.groundwater.well.006","BARC.W6.20190307.RAW","A00000037385","2019-03-07T16:48Z","2019-03-07T16:48Z","EcoCore_CSU","TP",0.1300,"milligramsPerLiter",4.1,,0,"formatChange","GOOD"
"4c73b295-c8d4-44a5-83ec-907839167f24","D03","BARC","BARC.AOS.groundwater.well.006","BARC.W6.20190307.FIL","A00000037365","2019-03-07T16:48Z","2019-03-07T16:48Z","EcoCore_CSU","Mg",1.2250,"milligramsPerLiter",4.1,,0,"formatChange","GOOD"
"b5e3c83a-741b-4065-8eda-277381191b61","D03","BARC","BARC.AOS.groundwater.well.006","BARC.W6.20190307.FIL","A00000037365","2019-03-07T16:48Z","2019-03-07T16:48Z","EcoCore_CSU","Mn",0.0005,"milligramsPerLiter",4.1,,0,"formatChange","GOOD"
"d5b91a66-88b9-4662-a067-1861597c43fd","D03","BARC","BARC.AOS.groundwater.well.006","BARC.W6.20190307.FIL","A00000037365","2019-03-07T16:48Z","2019-03-07T16:48Z","EcoCore_CSU","Fe",0.0005,"milligramsPerLiter",4.1,,0,"formatChange","GOOD"
"cc0dc15f-290e-47ad-80bf-f0a3bb61ddf9","D03","BARC","BARC.AOS.groundwater.well.006","BARC.W6.20190307.FIL","A00000037365","2019-03-07T16:48Z","2019-03-07T16:48Z","EcoCore_CSU","DIC",2.0270,"milligramsPerLiter",4.1,,0,"formatChange","GOOD"
"d37ea874-7408-433a-b00b-83889be6455b","D03","BARC","BARC.AOS.groundwater.well.006","BARC.W6.20190307.RAW","A00000037385","2019-03-07T16:48Z","2019-03-07T16:48Z","EcoCore_CSU","pH",4.7200,"pH",4.1,,0,"formatChange","GOOD"
"356d511d-bb23-496d-9d2f-0a00e349662d","D03","BARC","BARC.AOS.groundwater.well.006","BARC.W6.20190307.FIL","A00000037365","2019-03-07T16:48Z","2019-03-07T16:48Z","EcoCore_CSU","DOC",2.7020,"milligramsPerLiter",4.1,,0,"formatChange","GOOD"
"b5e35a49-e645-4115-87ab-11f6c5a5c542","D03","BARC","BARC.AOS.groundwater.well.006","BARC.W6.20190307.FIL","A00000037365","2019-03-07T16:48Z","2019-03-07T16:48Z","EcoCore_CSU","NH4 - N",0.0703,"milligramsPerLiter",4.1,,0,"formatChange","GOOD"
"47e2d0f8-8b3b-43f8-a51f-17b43ec8bb0f","D03","BARC","BARC.AOS.groundwater.well.006","BARC.W6.20190307.RAW","A00000037385","2019-03-07T16:48Z","2019-03-07T16:48Z","EcoCore_CSU","TSS",2.0000,"milligramsPerLiter",4.1,,0,"formatChange","GOOD"
"1bdc5662-e3c5-4674-9ef3-bf2a8e48b35d","D03","BARC","BARC.AOS.groundwater.well.006","BARC.W6.20190307.FIL","A00000037365","2019-03-07T16:48Z","2019-03-07T16:48Z","EcoCore_CSU","CO3",0.0050,"milligramsPerLiter",4.1,,0,"formatChange","GOOD"
"5d6df0cc-bbca-4fe7-907f-a10f4fb5244f","D03","BARC","BARC.AOS.groundwater.well.006","BARC.W6.20190307.RAW","A00000037385","2019-03-07T16:48Z","2019-03-07T16:48Z","EcoCore_CSU","conductivity",34.2500,"microsiemensPerCentimeter",4.1,,0,"formatChange","GOOD"
"bb16e657-044a-4684-a2e7-46b136ca3090","D03","BARC","BARC.AOS.groundwater.well.006","BARC.W6.20190307.FIL","A00000037365","2019-03-07T16:48Z","2019-03-07T16:48Z","EcoCore_CSU","Ca",2.9970,"milligramsPerLiter",4.1,,0,"formatChange","GOOD"
"0c8a65d4-1d53-4036-a258-05a452e61ffb","D03","BARC","BARC.AOS.groundwater.well.006","BARC.W6.20190307.FIL","A00000037365","2019-03-07T16:48Z","2019-03-07T16:48Z","EcoCore_CSU","HCO3",8.8500,"milligramsPerLiter",4.1,,0,"formatChange","GOOD"
"df4c73c7-f207-4ae5-a90a-0895d3fffc0d","D03","BARC","BARC.AOS.groundwater.well.006","BARC.W6.20190307.FIL","A00000037365","2019-03-07T16:48Z","2019-03-07T16:48Z","EcoCore_CSU","SO4",1.7900,"milligramsPerLiter",4.1,,0,"formatChange","GOOD"
"d22afd1c-c31c-401e-9af5-43ea9a63ec81","D03","BARC","BARC.AOS.groundwater.well.006","BARC.W6.20190307.FIL","A00000037365","2019-03-07T16:48Z","2019-03-07T16:48Z","EcoCore_CSU","Na",2.0150,"milligramsPerLiter",4.1,,0,"formatChange","GOOD"
"31000944-8739-4169-8db7-3416adf72f5a","D03","BARC","BARC.AOS.groundwater.well.008","BARC.W8.20190307.FIL","A00000037163","2019-03-07T18:10Z","2019-03-07T18:10Z","EcoCore_CSU","K",0.0480,"milligramsPerLiter",4.1,,0,"formatChange","GOOD"
"aa0be49f-cbb6-4296-8826-78c185ef9ef4","D03","BARC","BARC.AOS.groundwater.well.008","BARC.W8.20190307.FIL","A00000037163","2019-03-07T18:10Z","2019-03-07T18:10Z","EcoCore_CSU","TDP",0.0254,"milligramsPerLiter",4.1,,0,"formatChange","GOOD"
"aa022a1d-2ce8-4f0c-b703-c61357914994","D03","BARC","BARC.AOS.groundwater.well.008","BARC.W8.20190307.FIL","A00000037163","2019-03-07T18:10Z","2019-03-07T18:10Z","EcoCore_CSU","Fe",0.0447,"milligramsPerLiter",4.1,,0,"formatChange","GOOD"
"1b5500d1-8f01-494b-9468-49f04634d7f2","D03","BARC","BARC.AOS.groundwater.well.008","BARC.W8.20190307.FIL","A00000037163","2019-03-07T18:10Z","2019-03-07T18:10Z","EcoCore_CSU","TDN",0.0813,"milligramsPerLiter",4.1,,0,"formatChange","GOOD"
"99df63d5-cc91-4486-bd65-43f38310f5b9","D03","BARC","BARC.AOS.groundwater.well.008","BARC.W8.20190307.FIL","A00000037163","2019-03-07T18:10Z","2019-03-07T18:10Z","EcoCore_CSU","Mn",0.0010,"milligramsPerLiter",4.1,,0,"formatChange","GOOD"
"01d0fc9b-9aeb-4004-9eec-fdc0b2642a50","D03","BARC","BARC.AOS.groundwater.well.008","BARC.W8.20190307.FIL","A00000037163","2019-03-07T18:10Z","2019-03-07T18:10Z","EcoCore_CSU","F",0.0050,"milligramsPerLiter",4.1,,0,"formatChange","GOOD"
"c3b7a653-990f-4e4d-8530-201d9445fbc9","D03","BARC","BARC.AOS.groundwater.well.008","BARC.W8.20190307.FIL","A00000037163","2019-03-07T18:10Z","2019-03-07T18:10Z","EcoCore_CSU","NO2 - N",0.0397,"milligramsPerLiter",4.1,,0,"formatChange","GOOD"
"27f52ab5-8101-48a9-acba-1df74731a187","D03","BARC","BARC.AOS.groundwater.well.008","BARC.W8.20190307.FIL","A00000037163","2019-03-07T18:10Z","2019-03-07T18:10Z","EcoCore_CSU","DOC",0.6693,"milligramsPerLiter",4.1,,0,"formatChange","GOOD"
"0a9102bb-fd2a-414d-823b-8dd65955beb9","D03","BARC","BARC.AOS.groundwater.well.008","BARC.W8.20190307.FIL","A00000037163","2019-03-07T18:10Z","2019-03-07T18:10Z","EcoCore_CSU","Mg",0.5870,"milligramsPerLiter",4.1,,0,"formatChange","GOOD"
"91b99b89-6f67-448a-aa01-4bd7a2d7be66","D03","BARC","BARC.AOS.groundwater.well.008","BARC.W8.20190307.RAW","A00000037367","2019-03-07T18:10Z","2019-03-07T18:10Z","EcoCore_CSU","TSS - Dry Mass",1100.0000,"microgram",4.1,,0,"formatChange","GOOD"
"4649ec2a-4aa5-4cbd-8f70-8e327ed0d9f7","D03","BARC","BARC.AOS.groundwater.well.008","BARC.W8.20190307.RAW","A00000037367","2019-03-07T18:10Z","2019-03-07T18:10Z","EcoCore_CSU","TP",0.1990,"milligramsPerLiter",4.1,,0,"formatChange","GOOD"
"0f5a09ee-b4ff-49a3-bb51-35f575205ab2","D03","BARC","BARC.AOS.groundwater.well.008","BARC.W8.20190307.FIL","A00000037163","2019-03-07T18:10Z","2019-03-07T18:10Z","EcoCore_CSU","CO3",0.0050,"milligramsPerLiter",4.1,,0,"formatChange","GOOD"
"508a9f01-fa41-4286-8901-cf82130798e5","D03","BARC","BARC.AOS.groundwater.well.008","BARC.W8.20190307.RAW","A00000037367","2019-03-07T18:10Z","2019-03-07T18:10Z","EcoCore_CSU","TSS",22.0000,"milligramsPerLiter",4.1,,0,"formatChange","GOOD"
"38a44482-6b2b-45b7-a70c-72c731bcb64a","D03","BARC","BARC.AOS.groundwater.well.008","BARC.W8.20190307.FIL","A00000037163","2019-03-07T18:10Z","2019-03-07T18:10Z","EcoCore_CSU","Br",0.0050,"milligramsPerLiter",4.1,,0,"formatChange","GOOD"
"dea2ef46-1e21-48f5-b22f-a49ce7876949","D03","BARC","BARC.AOS.groundwater.well.008","BARC.W8.20190307.FIL","A00000037163","2019-03-07T18:10Z","2019-03-07T18:10Z","EcoCore_CSU","SO4",0.8500,"milligramsPerLiter",4.1,,0,"formatChange","GOOD"
"6f7d7cf5-fc47-4742-bc26-9c776fd56690","D03","BARC","BARC.AOS.groundwater.well.008","BARC.W8.20190307.FIL","A00000037163","2019-03-07T18:10Z","2019-03-07T18:10Z","EcoCore_CSU","Cl",4.2500,"milligramsPerLiter",4.1,,0,"formatChange","GOOD"
"cb52bab6-5507-4f81-80e0-e0a821cdea12","D03","BARC","BARC.AOS.groundwater.well.008","BARC.W8.20190307.FIL","A00000037163","2019-03-07T18:10Z","2019-03-07T18:10Z","EcoCore_CSU","HCO3",5.4200,"milligramsPerLiter",4.1,,0,"formatChange","GOOD"
"5742c3b2-c7fe-47ee-be1d-eaeee2097f33","D03","BARC","BARC.AOS.groundwater.well.008","BARC.W8.20190307.FIL","A00000037163","2019-03-07T18:10Z","2019-03-07T18:10Z","EcoCore_CSU","TDS",16.2100,"milligramsPerLiter",4.1,,0,"formatChange","GOOD"
"c7357624-3287-47b3-a38e-653acf30ba98","D03","BARC","BARC.AOS.groundwater.well.008","BARC.W8.20190307.FIL","A00000037163","2019-03-07T18:10Z","2019-03-07T18:10Z","EcoCore_CSU","NO3+NO2 - N",-0.0243,"milligramsPerLiter",4.1,,0,"formatChange","GOOD"
"029192c2-f7cd-433b-ae58-0e12a36e91ee","D03","BARC","BARC.AOS.groundwater.well.008","BARC.W8.20190307.FIL","A00000037163","2019-03-07T18:10Z","2019-03-07T18:10Z","EcoCore_CSU","Ortho - P",0.0350,"milligramsPerLiter",4.1,,0,"formatChange","GOOD"
"83e16833-d314-4480-8a39-75bb97a7926c","D03","BARC","BARC.AOS.groundwater.well.008","BARC.W8.20190307.PCN","A00000037388","2019-03-07T18:10Z","2019-03-07T18:10Z","EcoCore_CSU","TPC",0.2609,"milligram",4.1,,0,"formatChange","GOOD"
"5f3bd5ca-01ff-497d-ae8c-aafe9c2d078a","D03","BARC","BARC.AOS.groundwater.well.008","BARC.W8.20190307.FIL","A00000037163","2019-03-07T18:10Z","2019-03-07T18:10Z","EcoCore_CSU","UV Absorbance (280 nm)",0.0196,,4.1,,0,"formatChange","GOOD"
"536055c1-3b9a-4df8-ab37-5363c68c3d2b","D03","BARC","BARC.AOS.groundwater.well.008","BARC.W8.20190307.FIL","A00000037163","2019-03-07T18:10Z","2019-03-07T18:10Z","EcoCore_CSU","UV Absorbance (250 nm)",0.0255,,4.1,,0,"formatChange","GOOD"
"3c2b5a4b-9733-481f-b436-4f4767f8b6a2","D03","BARC","BARC.AOS.groundwater.well.008","BARC.W8.20190307.RAW","A00000037367","2019-03-07T18:10Z","2019-03-07T18:10Z","EcoCore_CSU","conductivity",21.5600,"microsiemensPerCentimeter",4.1,,0,"formatChange","GOOD"
"67b86631-8602-4c07-838b-d5399d45bb5b","D03","BARC","BARC.AOS.groundwater.well.008","BARC.W8.20190307.PCN","A00000037388","2019-03-07T18:10Z","2019-03-07T18:10Z","EcoCore_CSU","TPN",0.1043,"milligram",4.1,,0,"formatChange","GOOD"
"affb723b-5570-4d9b-86c1-9576b6188b04","D03","BARC","BARC.AOS.groundwater.well.008","BARC.W8.20190307.FIL","A00000037163","2019-03-07T18:10Z","2019-03-07T18:10Z","EcoCore_CSU","DIC",1.2530,"milligramsPerLiter",4.1,,0,"formatChange","GOOD"
"5db78362-4d2f-4503-9c1b-039402ab9910","D03","BARC","BARC.AOS.groundwater.well.008","BARC.W8.20190307.RAW","A00000037367","2019-03-07T18:10Z","2019-03-07T18:10Z","EcoCore_CSU","ANC",0.1200,"milliequivalentsPerLiter",4.1,,0,"formatChange","GOOD"
"8b7279dd-2f97-48f6-a658-7dc22f31726c","D03","BARC","BARC.AOS.groundwater.well.008","BARC.W8.20190307.RAW","A00000037367","2019-03-07T18:10Z","2019-03-07T18:10Z","EcoCore_CSU","pH",5.5700,"pH",4.1,,0,"formatChange","GOOD"
"4d8611fd-300a-4e37-8547-63462f7073be","D03","BARC","BARC.AOS.groundwater.well.008","BARC.W8.20190307.FIL","A00000037163","2019-03-07T18:10Z","2019-03-07T18:10Z","EcoCore_CSU","Si",2.6655,"milligramsPerLiter",4.1,,0,"formatChange","GOOD"
"869ba27c-411b-4f98-bb74-bc89fcd529bb","D03","BARC","BARC.AOS.groundwater.well.008","BARC.W8.20190307.RAW","A00000037367","2019-03-07T18:10Z","2019-03-07T18:10Z","EcoCore_CSU","TN",0.0886,"milligramsPerLiter",4.1,,0,"formatChange","GOOD"
"99323564-6bc1-4e2b-912f-ad44d326255a","D03","BARC","BARC.AOS.groundwater.well.008","BARC.W8.20190307.FIL","A00000037163","2019-03-07T18:10Z","2019-03-07T18:10Z","EcoCore_CSU","Ca",1.3750,"milligramsPerLiter",4.1,,0,"formatChange","GOOD"
"872bf1fe-20b1-43bf-8295-11072a1d2744","D03","BARC","BARC.AOS.groundwater.well.008","BARC.W8.20190307.RAW","A00000037367","2019-03-07T18:10Z","2019-03-07T18:10Z","EcoCore_CSU","TOC",0.8691,"milligramsPerLiter",4.1,,0,"formatChange","GOOD"
"89fbe626-5514-4c02-947f-538cf0946b54","D03","BARC","BARC.AOS.groundwater.well.008","BARC.W8.20190307.FIL","A00000037163","2019-03-07T18:10Z","2019-03-07T18:10Z","EcoCore_CSU","Na",2.5860,"milligramsPerLiter",4.1,,0,"formatChange","GOOD"
"59365b20-9257-43a4-851d-e8633a2a62ae","D03","BARC","BARC.AOS.groundwater.well.008","BARC.W8.20190307.FIL","A00000037163","2019-03-07T18:10Z","2019-03-07T18:10Z","EcoCore_CSU","NH4 - N",0.1146,"milligramsPerLiter",4.1,,0,"formatChange","GOOD"
