uid,domainID,siteID,namedLocation,collectDate,parentSampleID,sampleCondition,sampleID,replicateNumber,gwwDICBubbleFree,gwwFiltSampleHeadspace,gwwAlkSampleHeadspace,gwwAlkSampleBubbleFree,processedDate,processedDateFilters,sampleVolumeFiltered,shipmentTimeRange
"5f5ed54d-b970-40bc-9dd3-bf4f7919681b","D03","BARC","BARC.AOS.groundwater.well.001","2019-03-05T17:58Z","BARC.W1.20190305","Sample condition ok","BARC.W1.20190305",1,,,,,"2019-03-05T17:58Z","2019-03-05T17:58Z",100.0,
"2ee39ee8-06ba-4978-9e0c-747aa234070c","D03","BARC","BARC.AOS.groundwater.well.005","2019-03-07T15:01Z","BARC.W5.20190307","Sample condition ok","BARC.W5.20190307",1,,,,,"2019-03-07T15:01Z","2019-03-07T15:01Z",200.0,
"e71c4cfc-4b9f-4555-9458-e0406579bd05","D03","BARC","BARC.AOS.groundwater.well.006","2019-03-07T16:48Z","BARC.W6.20190307","Sample condition ok","BARC.W6.20190307",1,,,,,"2019-03-07T16:48Z","2019-03-07T16:48Z",300.0,
"07425eb2-ddc5-462b-814a-4ce48cabb025","D03","BARC","BARC.AOS.groundwater.well.008","2019-03-07T18:10Z","BARC.W8.20190307","Sample condition ok","BARC.W8.20190307",1,,,,,"2019-03-07T18:10Z","2019-03-07T18:10Z",200.0,
