uid,domainID,siteID,namedLocation,collectDate,titrationDate,parentSampleID,domainSampleID,remarks,measuredBy,alkMeqPerL,alkMgPerL,ancMeqPerL,ancMgPerL
"d981cd9b-dadd-4bb8-b374-6aea4a875844","D03","BARC","BARC.AOS.groundwater.well.001","2019-03-05T17:58Z","2019-03-05T22:32Z","BARC.W1.20190305","BARC.W1.20190305.ALK",,"kross@battelleecology.org",0.010,0.260,,
"192d0b8c-70f6-47b9-8a05-e3c993ca5a70","D03","BARC","BARC.AOS.groundwater.well.005","2019-03-07T15:01Z","2019-03-07T21:58Z","BARC.W5.20190307","BARC.W5.20190307.ALK",,"kross@battelleecology.org",0.000,-0.200,,
"2de6b14a-cca9-4efd-ab92-124f461bd55d","D03","BARC","BARC.AOS.groundwater.well.006","2019-03-07T16:48Z","2019-03-07T22:10Z","BARC.W6.20190307","BARC.W6.20190307.ALK",,"kross@battelleecology.org",-0.010,-0.570,,
"77c40c19-c09a-4781-bc3d-1d4eccffeb77","D03","BARC","BARC.AOS.groundwater.well.008","2019-03-07T18:10Z","2019-03-07T22:20Z","BARC.W8.20190307","BARC.W8.20190307.ALK",,"kross@battelleecology.org",0.000,-0.010,,
