uid,domainID,siteID,namedLocation,collectDate,titrationDate,parentSampleID,domainSampleID,remarks,measuredBy,alkMeqPerL,alkMgPerL,ancMeqPerL,ancMgPerL
"6f635bba-5d13-49df-baad-7a14d2ed0a1b","D08","MAYF","MAYF.AOS.groundwater.well.001","2019-10-01T14:21Z","2019-10-02T13:37Z","MAYF.W1.20191001","MAYF.W1.20191001.ALK",,"longb@battelleecology.org",0.210,10.500,,
"2baac246-424d-4810-aa8a-3a790d7181de","D08","MAYF","MAYF.AOS.groundwater.well.002","2019-10-01T15:27Z","2019-10-02T14:08Z","MAYF.W2.20191001","MAYF.W2.20191001.ALK",,"longb@battelleecology.org",0.190,9.610,,
"d4a304d2-f5ca-4401-9a95-608d560f7111","D08","MAYF","MAYF.AOS.groundwater.well.007","2019-10-01T16:55Z","2019-10-02T17:11Z","MAYF.W7.20191001","MAYF.W7.20191001.ALK.REP2","volume 100 mL used- not enough of sample left after first trial","longb@battelleecology.org",0.130,6.380,,
"e97b7835-e8c1-4952-83da-d4695e0e30b8","D08","MAYF","MAYF.AOS.groundwater.well.007","2019-10-01T16:55Z","2019-10-02T15:05Z","MAYF.W7.20191001","MAYF.W7.20191001.ALK","Used 1.6M titration cartridge instead of 0.16M","longb@battelleecology.org",0.150,7.390,,
"2467437e-d3f6-4adf-9f34-009153ed1f1e","D08","MAYF","MAYF.AOS.groundwater.well.008","2019-10-01T18:14Z","2019-10-02T15:45Z","MAYF.W8.20191001","MAYF.W8.20191001.ALK",,"longb@battelleecology.org",0.140,6.940,,
