uid,domainID,siteID,namedLocation,sampleID,sampleCode,startDate,collectDate,laboratoryName,analyte,analyteConcentration,analyteUnits,coolerTemp,remarks,shipmentWarmQF,externalLabDataQF,sampleCondition
"053eefaa-01df-41df-a4ff-b76999f0ec12","D08","MAYF","MAYF.AOS.groundwater.well.001","MAYF.W1.20191001.FIL","A00000084022","2019-10-01T14:21Z","2019-10-01T14:21Z","EcoCore_CSU","CO3",0.0050,"milligramsPerLiter",2.1,,0,,"OK"
"bd400f32-9854-44c8-b345-2796e7143460","D08","MAYF","MAYF.AOS.groundwater.well.001","MAYF.W1.20191001.FIL","A00000084022","2019-10-01T14:21Z","2019-10-01T14:21Z","EcoCore_CSU","Ca",1.2100,"milligramsPerLiter",2.1,,0,,"OK"
"188c7ecc-81ab-4671-9f06-c694a1c1ddd4","D08","MAYF","MAYF.AOS.groundwater.well.001","MAYF.W1.20191001.FIL","A00000084022","2019-10-01T14:21Z","2019-10-01T14:21Z","EcoCore_CSU","Cl",5.7200,"milligramsPerLiter",2.1,,0,,"OK"
"a7d1f68c-d922-4d61-bc90-a1e9ca7b47b1","D08","MAYF","MAYF.AOS.groundwater.well.001","MAYF.W1.20191001.FIL","A00000084022","2019-10-01T14:21Z","2019-10-01T14:21Z","EcoCore_CSU","Si",5.5290,"milligramsPerLiter",2.1,,0,,"OK"
"7e609a72-55fa-4fe3-8689-6612c5bf3a8d","D08","MAYF","MAYF.AOS.groundwater.well.001","MAYF.W1.20191001.FIL","A00000084022","2019-10-01T14:21Z","2019-10-01T14:21Z","EcoCore_CSU","Mg",0.4900,"milligramsPerLiter",2.1,,0,,"OK"
"3203af09-a7aa-4904-9311-65208d001026","D08","MAYF","MAYF.AOS.groundwater.well.001","MAYF.W1.20191001.FIL","A00000084022","2019-10-01T14:21Z","2019-10-01T14:21Z","EcoCore_CSU","Mn",0.0120,"milligramsPerLiter",2.1,,0,,"OK"
"c876adf3-f693-4a11-b246-615a9b72ce31","D08","MAYF","MAYF.AOS.groundwater.well.001","MAYF.W1.20191001.FIL","A00000084022","2019-10-01T14:21Z","2019-10-01T14:21Z","EcoCore_CSU","Na",1.7790,"milligramsPerLiter",2.1,,0,,"OK"
"e9b723ff-605d-4f1e-89f6-a5d2d1bf8b06","D08","MAYF","MAYF.AOS.groundwater.well.001","MAYF.W1.20191001.FIL","A00000084022","2019-10-01T14:21Z","2019-10-01T14:21Z","EcoCore_CSU","Fe",1.0670,"milligramsPerLiter",2.1,,0,,"OK"
"a800cb6a-65d6-4cdb-b60b-c93a5c038daf","D08","MAYF","MAYF.AOS.groundwater.well.001","MAYF.W1.20191001.FIL","A00000084022","2019-10-01T14:21Z","2019-10-01T14:21Z","EcoCore_CSU","HCO3",2.4100,"milligramsPerLiter",2.1,,0,,"OK"
"58aaf070-426a-4cee-ba06-d5f60dc9a55b","D08","MAYF","MAYF.AOS.groundwater.well.001","MAYF.W1.20191001.FIL","A00000084022","2019-10-01T14:21Z","2019-10-01T14:21Z","EcoCore_CSU","UV Absorbance (280 nm)",0.0794,,2.1,,0,,"OK"
"86471f02-1ea3-4aee-a12e-f6f459c2bd9c","D08","MAYF","MAYF.AOS.groundwater.well.001","MAYF.W1.20191001.FIL","A00000084022","2019-10-01T14:21Z","2019-10-01T14:21Z","EcoCore_CSU","UV Absorbance (250 nm)",0.1076,,2.1,,0,,"OK"
"03110549-7165-4f95-9cf7-aa91b1fb6350","D08","MAYF","MAYF.AOS.groundwater.well.001","MAYF.W1.20191001.RAW","A00000084023","2019-10-01T14:21Z","2019-10-01T14:21Z","EcoCore_CSU","TN",0.0853,"milligramsPerLiter",2.1,,0,,"OK"
"7768edda-0585-480e-b4e9-3434b18ad272","D08","MAYF","MAYF.AOS.groundwater.well.001","MAYF.W1.20191001.RAW","A00000084023","2019-10-01T14:21Z","2019-10-01T14:21Z","EcoCore_CSU","TOC",1.9390,"milligramsPerLiter",2.1,,0,,"OK"
"b3aba2ab-23d7-4c6b-9cc3-f8dee985c4c4","D08","MAYF","MAYF.AOS.groundwater.well.001","MAYF.W1.20191001.FIL","A00000084022","2019-10-01T14:21Z","2019-10-01T14:21Z","EcoCore_CSU","NO3+NO2 - N",0.0075,"milligramsPerLiter",2.1,,0,,"OK"
"f5d35d85-0f81-414b-bf24-03414fa26adf","D08","MAYF","MAYF.AOS.groundwater.well.001","MAYF.W1.20191001.FIL","A00000084022","2019-10-01T14:21Z","2019-10-01T14:21Z","EcoCore_CSU","NO2 - N",-0.0062,"milligramsPerLiter",2.1,,0,,"OK"
"d5718a81-22f2-47b1-9f9c-2f27f9562044","D08","MAYF","MAYF.AOS.groundwater.well.001","MAYF.W1.20191001.FIL","A00000084022","2019-10-01T14:21Z","2019-10-01T14:21Z","EcoCore_CSU","Ortho - P",0.0350,"milligramsPerLiter",2.1,,0,,"OK"
"457dbf61-dff4-4ae0-9231-9ceeee5f75fe","D08","MAYF","MAYF.AOS.groundwater.well.001","MAYF.W1.20191001.FIL","A00000084022","2019-10-01T14:21Z","2019-10-01T14:21Z","EcoCore_CSU","NH4 - N",0.0390,"milligramsPerLiter",2.1,,0,,"OK"
"85493973-3611-42e1-8e51-d1f88357b47e","D08","MAYF","MAYF.AOS.groundwater.well.001","MAYF.W1.20191001.PCN","A00000083363","2019-10-01T14:21Z","2019-10-01T14:21Z","EcoCore_CSU","TPN",0.1082,"milligram",2.1,,0,,"OK"
"11801e73-fcef-4a5b-825a-185fb37e563d","D08","MAYF","MAYF.AOS.groundwater.well.001","MAYF.W1.20191001.PCN","A00000083363","2019-10-01T14:21Z","2019-10-01T14:21Z","EcoCore_CSU","TPC",0.2769,"milligram",2.1,,0,,"OK"
"5a984d17-0b21-4779-a296-42a8257be54a","D08","MAYF","MAYF.AOS.groundwater.well.001","MAYF.W1.20191001.FIL","A00000084022","2019-10-01T14:21Z","2019-10-01T14:21Z","EcoCore_CSU","F",0.0050,"milligramsPerLiter",2.1,,0,,"OK"
"f5b74210-b72d-4c4f-a717-354a0fcda447","D08","MAYF","MAYF.AOS.groundwater.well.001","MAYF.W1.20191001.FIL","A00000084022","2019-10-01T14:21Z","2019-10-01T14:21Z","EcoCore_CSU","SO4",0.9930,"milligramsPerLiter",2.1,,0,,"OK"
"1762e448-9497-41d7-a71d-b6e0ca91c9ad","D08","MAYF","MAYF.AOS.groundwater.well.001","MAYF.W1.20191001.FIL","A00000084022","2019-10-01T14:21Z","2019-10-01T14:21Z","EcoCore_CSU","TDS",16.7400,"milligramsPerLiter",2.1,,0,,"OK"
"eb8f1193-467c-4a1c-bae3-100825d7c7ef","D08","MAYF","MAYF.AOS.groundwater.well.001","MAYF.W1.20191001.FIL","A00000084022","2019-10-01T14:21Z","2019-10-01T14:21Z","EcoCore_CSU","Br",0.0050,"milligramsPerLiter",2.1,,0,,"OK"
"8c2ef4c8-a653-47df-aaf9-f10b82dc36a3","D08","MAYF","MAYF.AOS.groundwater.well.001","MAYF.W1.20191001.FIL","A00000084022","2019-10-01T14:21Z","2019-10-01T14:21Z","EcoCore_CSU","TDP",0.0090,"milligramsPerLiter",2.1,,0,,"OK"
"5ffa7e3c-ef5c-4133-ba80-00e87886e5e7","D08","MAYF","MAYF.AOS.groundwater.well.001","MAYF.W1.20191001.FIL","A00000084022","2019-10-01T14:21Z","2019-10-01T14:21Z","EcoCore_CSU","K",1.7310,"milligramsPerLiter",2.1,,0,,"OK"
"285a3673-4422-406b-887c-b46afe34082c","D08","MAYF","MAYF.AOS.groundwater.well.001","MAYF.W1.20191001.RAW","A00000084023","2019-10-01T14:21Z","2019-10-01T14:21Z","EcoCore_CSU","specificConductance",23.6200,"microsiemensPerCentimeter",2.1,,0,,"OK"
"38186483-00cd-4fb4-8695-08c6efd0b82c","D08","MAYF","MAYF.AOS.groundwater.well.001","MAYF.W1.20191001.RAW","A00000084023","2019-10-01T14:21Z","2019-10-01T14:21Z","EcoCore_CSU","TSS",192.0000,"milligramsPerLiter",2.1,,0,,"OK"
"5ecec5b1-5d5e-4ad6-a27b-3ee77a87dcf5","D08","MAYF","MAYF.AOS.groundwater.well.001","MAYF.W1.20191001.RAW","A00000084023","2019-10-01T14:21Z","2019-10-01T14:21Z","EcoCore_CSU","ANC",0.0500,"milliequivalentsPerLiter",2.1,,0,,"OK"
"9e7aa1a9-2b2a-4373-b39d-ea4659c5a6c2","D08","MAYF","MAYF.AOS.groundwater.well.001","MAYF.W1.20191001.RAW","A00000084023","2019-10-01T14:21Z","2019-10-01T14:21Z","EcoCore_CSU","TSS - Dry Mass",9600.0000,"microgram",2.1,,0,,"OK"
"94529494-f286-49c7-9ffb-46f822aa0d6d","D08","MAYF","MAYF.AOS.groundwater.well.001","MAYF.W1.20191001.RAW","A00000084023","2019-10-01T14:21Z","2019-10-01T14:21Z","EcoCore_CSU","pH",5.5100,"pH",2.1,,0,,"OK"
"8d8883bd-1ed0-457d-b4a8-596a27e964e8","D08","MAYF","MAYF.AOS.groundwater.well.001","MAYF.W1.20191001.RAW","A00000084023","2019-10-01T14:21Z","2019-10-01T14:21Z","EcoCore_CSU","TP",0.1690,"milligramsPerLiter",2.1,,0,,"OK"
"6971fc43-0c8e-498e-892b-e72246bbb59e","D08","MAYF","MAYF.AOS.groundwater.well.001","MAYF.W1.20191001.FIL","A00000084022","2019-10-01T14:21Z","2019-10-01T14:21Z","EcoCore_CSU","DOC",1.7980,"milligramsPerLiter",2.1,,0,,"OK"
"cd0dfd90-7b63-4955-8949-b5a559356aff","D08","MAYF","MAYF.AOS.groundwater.well.001","MAYF.W1.20191001.FIL","A00000084022","2019-10-01T14:21Z","2019-10-01T14:21Z","EcoCore_CSU","TDN",0.0634,"milligramsPerLiter",2.1,,0,,"OK"
"29e2fcab-fbd5-4287-b9f6-89ec89900f2c","D08","MAYF","MAYF.AOS.groundwater.well.002","MAYF.W2.20191001.RAW","A00000084025","2019-10-01T15:27Z","2019-10-01T15:27Z","EcoCore_CSU","TSS",54.0000,"milligramsPerLiter",2.1,,0,,"OK"
"af9ec6cd-57cb-4fd4-961b-79aec0149254","D08","MAYF","MAYF.AOS.groundwater.well.002","MAYF.W2.20191001.RAW","A00000084025","2019-10-01T15:27Z","2019-10-01T15:27Z","EcoCore_CSU","pH",6.8400,"pH",2.1,,0,,"OK"
"59b3f7e8-d4b9-4183-8b6f-60b69505d9ae","D08","MAYF","MAYF.AOS.groundwater.well.002","MAYF.W2.20191001.RAW","A00000084025","2019-10-01T15:27Z","2019-10-01T15:27Z","EcoCore_CSU","TP",0.0020,"milligramsPerLiter",2.1,,0,,"OK"
"955891e6-91c8-446d-9ba3-2767028fa771","D08","MAYF","MAYF.AOS.groundwater.well.002","MAYF.W2.20191001.RAW","A00000084025","2019-10-01T15:27Z","2019-10-01T15:27Z","EcoCore_CSU","ANC",0.0500,"milliequivalentsPerLiter",2.1,,0,,"OK"
"b93d3cd4-7fab-4388-9fa0-49333f8fafb8","D08","MAYF","MAYF.AOS.groundwater.well.002","MAYF.W2.20191001.FIL","A00000084024","2019-10-01T15:27Z","2019-10-01T15:27Z","EcoCore_CSU","K",1.1970,"milligramsPerLiter",2.1,,0,,"OK"
"c72ee97a-040f-4485-bb48-ec76d6769f61","D08","MAYF","MAYF.AOS.groundwater.well.002","MAYF.W2.20191001.FIL","A00000084024","2019-10-01T15:27Z","2019-10-01T15:27Z","EcoCore_CSU","Fe",4.6500,"milligramsPerLiter",2.1,,0,,"OK"
"732777cd-00c7-4c98-b8c0-31026c5251c3","D08","MAYF","MAYF.AOS.groundwater.well.002","MAYF.W2.20191001.FIL","A00000084024","2019-10-01T15:27Z","2019-10-01T15:27Z","EcoCore_CSU","Ca",0.4520,"milligramsPerLiter",2.1,,0,,"OK"
"be8da09f-17fe-4736-b85c-a9fb5504f5c8","D08","MAYF","MAYF.AOS.groundwater.well.002","MAYF.W2.20191001.FIL","A00000084024","2019-10-01T15:27Z","2019-10-01T15:27Z","EcoCore_CSU","Si",6.1920,"milligramsPerLiter",2.1,,0,,"OK"
"7a4ddaf5-bd1d-4797-b343-65884fab9691","D08","MAYF","MAYF.AOS.groundwater.well.002","MAYF.W2.20191001.FIL","A00000084024","2019-10-01T15:27Z","2019-10-01T15:27Z","EcoCore_CSU","SO4",0.7650,"milligramsPerLiter",2.1,,0,,"OK"
"67740bd0-4149-4991-bf20-352faf329f1f","D08","MAYF","MAYF.AOS.groundwater.well.002","MAYF.W2.20191001.FIL","A00000084024","2019-10-01T15:27Z","2019-10-01T15:27Z","EcoCore_CSU","Cl",1.2100,"milligramsPerLiter",2.1,,0,,"OK"
"b9bf7129-be45-4bc1-9308-f386f1c5c4c5","D08","MAYF","MAYF.AOS.groundwater.well.002","MAYF.W2.20191001.FIL","A00000084024","2019-10-01T15:27Z","2019-10-01T15:27Z","EcoCore_CSU","Br",0.0050,"milligramsPerLiter",2.1,,0,,"OK"
"41ce91e7-017d-44db-83e5-b637da977bd2","D08","MAYF","MAYF.AOS.groundwater.well.002","MAYF.W2.20191001.FIL","A00000084024","2019-10-01T15:27Z","2019-10-01T15:27Z","EcoCore_CSU","F",0.0050,"milligramsPerLiter",2.1,,0,,"OK"
"67b7cb76-1389-4831-adbe-e885056c42eb","D08","MAYF","MAYF.AOS.groundwater.well.002","MAYF.W2.20191001.FIL","A00000084024","2019-10-01T15:27Z","2019-10-01T15:27Z","EcoCore_CSU","TDS",7.2100,"milligramsPerLiter",2.1,,0,,"OK"
"d947cf75-d728-461b-b074-46722bec6f8a","D08","MAYF","MAYF.AOS.groundwater.well.002","MAYF.W2.20191001.FIL","A00000084024","2019-10-01T15:27Z","2019-10-01T15:27Z","EcoCore_CSU","Mg",0.2970,"milligramsPerLiter",2.1,,0,,"OK"
"a859fca5-e1e8-489e-8a4f-4ca28a829330","D08","MAYF","MAYF.AOS.groundwater.well.002","MAYF.W2.20191001.FIL","A00000084024","2019-10-01T15:27Z","2019-10-01T15:27Z","EcoCore_CSU","HCO3",2.5200,"milligramsPerLiter",2.1,,0,,"OK"
"52521d28-e791-48f1-a291-e28cbdcbfc4c","D08","MAYF","MAYF.AOS.groundwater.well.002","MAYF.W2.20191001.FIL","A00000084024","2019-10-01T15:27Z","2019-10-01T15:27Z","EcoCore_CSU","CO3",0.0050,"milligramsPerLiter",2.1,,0,,"OK"
"6eab6f2e-5779-4a2b-b080-27d9720eea9d","D08","MAYF","MAYF.AOS.groundwater.well.002","MAYF.W2.20191001.FIL","A00000084024","2019-10-01T15:27Z","2019-10-01T15:27Z","EcoCore_CSU","Na",0.8100,"milligramsPerLiter",2.1,,0,,"OK"
"5e49ba5b-e9d8-49c6-9c64-9d818addb2bb","D08","MAYF","MAYF.AOS.groundwater.well.002","MAYF.W2.20191001.FIL","A00000084024","2019-10-01T15:27Z","2019-10-01T15:27Z","EcoCore_CSU","Mn",0.0260,"milligramsPerLiter",2.1,,0,,"OK"
"65339c38-2f7a-43bf-ab6d-21e398e93ac7","D08","MAYF","MAYF.AOS.groundwater.well.002","MAYF.W2.20191001.FIL","A00000084024","2019-10-01T15:27Z","2019-10-01T15:27Z","EcoCore_CSU","TDP",0.1490,"milligramsPerLiter",2.1,,0,,"OK"
"5e3f69d8-2067-4734-82e0-b2020145f91e","D08","MAYF","MAYF.AOS.groundwater.well.002","MAYF.W2.20191001.FIL","A00000084024","2019-10-01T15:27Z","2019-10-01T15:27Z","EcoCore_CSU","UV Absorbance (250 nm)",0.3261,,2.1,,0,,"OK"
"a0a1c228-88b1-4f2c-afa7-d7ce19f99e68","D08","MAYF","MAYF.AOS.groundwater.well.002","MAYF.W2.20191001.FIL","A00000084024","2019-10-01T15:27Z","2019-10-01T15:27Z","EcoCore_CSU","UV Absorbance (280 nm)",0.2229,,2.1,,0,,"OK"
"9de53237-79b9-479a-82b2-d65857079699","D08","MAYF","MAYF.AOS.groundwater.well.002","MAYF.W2.20191001.RAW","A00000084025","2019-10-01T15:27Z","2019-10-01T15:27Z","EcoCore_CSU","TN",0.2478,"milligramsPerLiter",2.1,,0,,"OK"
"060b498c-5e71-442f-adc9-74ee8d93227a","D08","MAYF","MAYF.AOS.groundwater.well.002","MAYF.W2.20191001.RAW","A00000084025","2019-10-01T15:27Z","2019-10-01T15:27Z","EcoCore_CSU","TOC",5.2340,"milligramsPerLiter",2.1,,0,,"OK"
"9e507738-7a74-465c-b625-d4aa551563fc","D08","MAYF","MAYF.AOS.groundwater.well.002","MAYF.W2.20191001.FIL","A00000084024","2019-10-01T15:27Z","2019-10-01T15:27Z","EcoCore_CSU","DOC",5.8050,"milligramsPerLiter",1.8,,0,,"OK"
"3371620a-3b6e-4dd0-97c2-2086187e0824","D08","MAYF","MAYF.AOS.groundwater.well.002","MAYF.W2.20191001.FIL","A00000084024","2019-10-01T15:27Z","2019-10-01T15:27Z","EcoCore_CSU","TDN",0.2042,"milligramsPerLiter",1.4,,0,,"OK"
"be769bee-91af-4027-b817-11d47741538c","D08","MAYF","MAYF.AOS.groundwater.well.002","MAYF.W2.20191001.FIL","A00000084024","2019-10-01T15:27Z","2019-10-01T15:27Z","EcoCore_CSU","DIC",9.1590,"milligramsPerLiter",2.1,,0,,"OK"
"1d47f55a-ff7d-415a-93bc-f7a0d30579d2","D08","MAYF","MAYF.AOS.groundwater.well.002","MAYF.W2.20191001.FIL","A00000084024","2019-10-01T15:27Z","2019-10-01T15:27Z","EcoCore_CSU","NO2 - N",0.0219,"milligramsPerLiter",2.1,,0,,"OK"
"8e4547b5-dda9-43b1-8345-3fa4b195b7a1","D08","MAYF","MAYF.AOS.groundwater.well.002","MAYF.W2.20191001.FIL","A00000084024","2019-10-01T15:27Z","2019-10-01T15:27Z","EcoCore_CSU","Ortho - P",0.0650,"milligramsPerLiter",2.1,,0,,"OK"
"ac9271c9-1965-46be-a3ba-1e06d53d3928","D08","MAYF","MAYF.AOS.groundwater.well.002","MAYF.W2.20191001.FIL","A00000084024","2019-10-01T15:27Z","2019-10-01T15:27Z","EcoCore_CSU","NO3+NO2 - N",0.0044,"milligramsPerLiter",2.1,,0,,"OK"
"cf1d15a8-c65d-4704-aad0-b4097f6f90b8","D08","MAYF","MAYF.AOS.groundwater.well.002","MAYF.W2.20191001.FIL","A00000084024","2019-10-01T15:27Z","2019-10-01T15:27Z","EcoCore_CSU","NH4 - N",0.0880,"milligramsPerLiter",2.1,,0,,"OK"
"a4662265-6cfa-4e4c-ba23-e28be4a818db","D08","MAYF","MAYF.AOS.groundwater.well.002","MAYF.W2.20191001.PCN","A00000083357","2019-10-01T15:27Z","2019-10-01T15:27Z","EcoCore_CSU","TPN",0.0948,"milligram",2.1,,0,,"OK"
"d4745952-cd03-4472-b2d8-6777afa6faf8","D08","MAYF","MAYF.AOS.groundwater.well.002","MAYF.W2.20191001.PCN","A00000083357","2019-10-01T15:27Z","2019-10-01T15:27Z","EcoCore_CSU","TPC",0.2548,"milligram",2.1,,0,,"OK"
"bf8a6aee-da21-4850-a275-b7857f50a6a0","D08","MAYF","MAYF.AOS.groundwater.well.002","MAYF.W2.20191001.RAW","A00000084025","2019-10-01T15:27Z","2019-10-01T15:27Z","EcoCore_CSU","specificConductance",9.1600,"microsiemensPerCentimeter",2.1,,0,,"OK"
"b0cec189-ff19-4cba-bcaf-a7227a8a4141","D08","MAYF","MAYF.AOS.groundwater.well.002","MAYF.W2.20191001.RAW","A00000084025","2019-10-01T15:27Z","2019-10-01T15:27Z","EcoCore_CSU","TSS - Dry Mass",2700.0000,"microgram",2.1,,0,,"OK"
"dcd309a0-4070-4d94-86dd-afd72dc76c05","D08","MAYF","MAYF.AOS.groundwater.well.007","MAYF.W7.20191001.RAW","A00000084027","2019-10-01T16:55Z","2019-10-01T16:55Z","EcoCore_CSU","specificConductance",17.3500,"microsiemensPerCentimeter",2.1,,0,,"OK"
"76892ea4-fc80-4db3-9f84-f21ead801093","D08","MAYF","MAYF.AOS.groundwater.well.007","MAYF.W7.20191001.RAW","A00000084027","2019-10-01T16:55Z","2019-10-01T16:55Z","EcoCore_CSU","TSS - Dry Mass",1800.0000,"microgram",2.1,,0,,"OK"
"b43e4e29-4ba5-4f6e-9c10-16ec495e7216","D08","MAYF","MAYF.AOS.groundwater.well.007","MAYF.W7.20191001.RAW","A00000084027","2019-10-01T16:55Z","2019-10-01T16:55Z","EcoCore_CSU","TP",0.0090,"milligramsPerLiter",2.1,,0,,"OK"
"c7fe9015-1456-4b82-93c3-a39a8f6ae4d5","D08","MAYF","MAYF.AOS.groundwater.well.007","MAYF.W7.20191001.RAW","A00000084027","2019-10-01T16:55Z","2019-10-01T16:55Z","EcoCore_CSU","pH",6.5200,"pH",2.1,,0,,"OK"
"bd318a91-322f-4cf7-893c-fac7bb5ac4af","D08","MAYF","MAYF.AOS.groundwater.well.007","MAYF.W7.20191001.FIL","A00000084026","2019-10-01T16:55Z","2019-10-01T16:55Z","EcoCore_CSU","Cl",0.0050,"milligramsPerLiter",2.1,,0,,"OK"
"4c2dda18-17de-4afb-ba7f-593ebe314432","D08","MAYF","MAYF.AOS.groundwater.well.007","MAYF.W7.20191001.FIL","A00000084026","2019-10-01T16:55Z","2019-10-01T16:55Z","EcoCore_CSU","CO3",0.0050,"milligramsPerLiter",2.1,,0,,"OK"
"1e792317-b118-497b-8c0b-5b64a97a588c","D08","MAYF","MAYF.AOS.groundwater.well.007","MAYF.W7.20191001.FIL","A00000084026","2019-10-01T16:55Z","2019-10-01T16:55Z","EcoCore_CSU","F",0.0050,"milligramsPerLiter",2.1,,0,,"OK"
"5225dc3e-ffca-4b5c-949a-cc1b1190088a","D08","MAYF","MAYF.AOS.groundwater.well.007","MAYF.W7.20191001.FIL","A00000084026","2019-10-01T16:55Z","2019-10-01T16:55Z","EcoCore_CSU","HCO3",9.0100,"milligramsPerLiter",2.1,,0,,"OK"
"63f60b4c-1372-43a7-a58b-353044ba305d","D08","MAYF","MAYF.AOS.groundwater.well.007","MAYF.W7.20191001.FIL","A00000084026","2019-10-01T16:55Z","2019-10-01T16:55Z","EcoCore_CSU","Si",4.8970,"milligramsPerLiter",2.1,,0,,"OK"
"2ece972d-ad69-4346-9248-687c69be7ad3","D08","MAYF","MAYF.AOS.groundwater.well.007","MAYF.W7.20191001.FIL","A00000084026","2019-10-01T16:55Z","2019-10-01T16:55Z","EcoCore_CSU","Na",0.8580,"milligramsPerLiter",2.1,,0,,"OK"
"0db9097c-b25d-4d1b-9b91-703ac2c76c5b","D08","MAYF","MAYF.AOS.groundwater.well.007","MAYF.W7.20191001.FIL","A00000084026","2019-10-01T16:55Z","2019-10-01T16:55Z","EcoCore_CSU","Fe",0.0040,"milligramsPerLiter",2.1,,0,,"OK"
"08ab34a3-7abc-4168-901e-a5e4e5b94b8e","D08","MAYF","MAYF.AOS.groundwater.well.007","MAYF.W7.20191001.FIL","A00000084026","2019-10-01T16:55Z","2019-10-01T16:55Z","EcoCore_CSU","TDP",0.0100,"milligramsPerLiter",2.1,,0,,"OK"
"b6a11f6c-e600-4165-8f2b-155919744c19","D08","MAYF","MAYF.AOS.groundwater.well.007","MAYF.W7.20191001.FIL","A00000084026","2019-10-01T16:55Z","2019-10-01T16:55Z","EcoCore_CSU","Br",0.0050,"milligramsPerLiter",2.1,,0,,"OK"
"f66f7bdf-357e-42f0-9bec-ca9aaeb13356","D08","MAYF","MAYF.AOS.groundwater.well.007","MAYF.W7.20191001.FIL","A00000084026","2019-10-01T16:55Z","2019-10-01T16:55Z","EcoCore_CSU","Ca",0.7510,"milligramsPerLiter",2.1,,0,,"OK"
"c19ea746-b2d1-4166-a206-b75a92d3b283","D08","MAYF","MAYF.AOS.groundwater.well.007","MAYF.W7.20191001.FIL","A00000084026","2019-10-01T16:55Z","2019-10-01T16:55Z","EcoCore_CSU","Mg",0.5080,"milligramsPerLiter",2.1,,0,,"OK"
"fd293b42-c852-4ecb-8173-8743757b1f96","D08","MAYF","MAYF.AOS.groundwater.well.007","MAYF.W7.20191001.FIL","A00000084026","2019-10-01T16:55Z","2019-10-01T16:55Z","EcoCore_CSU","K",1.9610,"milligramsPerLiter",2.1,,0,,"OK"
"5cfcda7e-4378-4a25-b903-f694f948fb74","D08","MAYF","MAYF.AOS.groundwater.well.007","MAYF.W7.20191001.FIL","A00000084026","2019-10-01T16:55Z","2019-10-01T16:55Z","EcoCore_CSU","Mn",0.0020,"milligramsPerLiter",2.1,,0,,"OK"
"2090b0ca-5732-455e-a7b5-7c78d02d8072","D08","MAYF","MAYF.AOS.groundwater.well.007","MAYF.W7.20191001.FIL","A00000084026","2019-10-01T16:55Z","2019-10-01T16:55Z","EcoCore_CSU","SO4",0.9930,"milligramsPerLiter",2.1,,0,,"OK"
"b69fd04a-e79a-403c-96f8-2c8245ea417f","D08","MAYF","MAYF.AOS.groundwater.well.007","MAYF.W7.20191001.FIL","A00000084026","2019-10-01T16:55Z","2019-10-01T16:55Z","EcoCore_CSU","TDS",12.3500,"milligramsPerLiter",2.1,,0,,"OK"
"f71a66fb-2b2f-446d-b366-59b716a68991","D08","MAYF","MAYF.AOS.groundwater.well.007","MAYF.W7.20191001.FIL","A00000084026","2019-10-01T16:55Z","2019-10-01T16:55Z","EcoCore_CSU","UV Absorbance (280 nm)",0.0080,,2.1,,0,,"OK"
"fd826598-a4a1-4c36-9c4f-546fdd8afd48","D08","MAYF","MAYF.AOS.groundwater.well.007","MAYF.W7.20191001.FIL","A00000084026","2019-10-01T16:55Z","2019-10-01T16:55Z","EcoCore_CSU","UV Absorbance (250 nm)",0.0077,,2.1,,0,,"OK"
"8266e7de-f164-4ad2-bce4-eb8cb4c76b89","D08","MAYF","MAYF.AOS.groundwater.well.007","MAYF.W7.20191001.RAW","A00000084027","2019-10-01T16:55Z","2019-10-01T16:55Z","EcoCore_CSU","TOC",0.8715,"milligramsPerLiter",2.1,,0,,"OK"
"d78bb116-7914-4758-b940-2efb7ee4aef6","D08","MAYF","MAYF.AOS.groundwater.well.007","MAYF.W7.20191001.RAW","A00000084027","2019-10-01T16:55Z","2019-10-01T16:55Z","EcoCore_CSU","TN",0.0843,"milligramsPerLiter",2.1,,0,,"OK"
"1a132a3e-ecd0-4ba1-ab90-1a5d3f901890","D08","MAYF","MAYF.AOS.groundwater.well.007","MAYF.W7.20191001.FIL","A00000084026","2019-10-01T16:55Z","2019-10-01T16:55Z","EcoCore_CSU","DIC",6.2280,"milligramsPerLiter",2.1,,0,,"OK"
"9611dfb9-12b3-4de0-b723-5491fca3b2fc","D08","MAYF","MAYF.AOS.groundwater.well.007","MAYF.W7.20191001.FIL","A00000084026","2019-10-01T16:55Z","2019-10-01T16:55Z","EcoCore_CSU","DOC",0.5342,"milligramsPerLiter",0.1,,0,,"OK"
"bdd9e906-ea14-43d0-b44a-7a58e41dd409","D08","MAYF","MAYF.AOS.groundwater.well.007","MAYF.W7.20191001.FIL","A00000084026","2019-10-01T16:55Z","2019-10-01T16:55Z","EcoCore_CSU","TDN",0.0505,"milligramsPerLiter",2.6,,0,,"OK"
"08768e3e-2c4b-4d55-b7cc-3f654f4b9e97","D08","MAYF","MAYF.AOS.groundwater.well.007","MAYF.W7.20191001.FIL","A00000084026","2019-10-01T16:55Z","2019-10-01T16:55Z","EcoCore_CSU","NO2 - N",-0.0057,"milligramsPerLiter",2.1,,0,,"OK"
"9cf0cfb3-c42d-4161-bc7e-c7e30323458c","D08","MAYF","MAYF.AOS.groundwater.well.007","MAYF.W7.20191001.FIL","A00000084026","2019-10-01T16:55Z","2019-10-01T16:55Z","EcoCore_CSU","Ortho - P",-0.0340,"milligramsPerLiter",2.1,,0,,"OK"
"f9a07f2b-93b4-4759-b00c-6e143bc51dee","D08","MAYF","MAYF.AOS.groundwater.well.007","MAYF.W7.20191001.FIL","A00000084026","2019-10-01T16:55Z","2019-10-01T16:55Z","EcoCore_CSU","NH4 - N",0.0395,"milligramsPerLiter",2.1,,0,,"OK"
"02210217-ba63-4bf0-bea7-0d6dad275c52","D08","MAYF","MAYF.AOS.groundwater.well.007","MAYF.W7.20191001.FIL","A00000084026","2019-10-01T16:55Z","2019-10-01T16:55Z","EcoCore_CSU","NO3+NO2 - N",0.0246,"milligramsPerLiter",2.1,,0,,"OK"
"778ca90b-a4b2-4537-8061-c670e7ca9730","D08","MAYF","MAYF.AOS.groundwater.well.007","MAYF.W7.20191001.PCN","A00000083358","2019-10-01T16:55Z","2019-10-01T16:55Z","EcoCore_CSU","TPN",0.1117,"milligram",2.1,,0,,"OK"
"68a7c077-3bb4-488e-90af-dcd1a8509f70","D08","MAYF","MAYF.AOS.groundwater.well.007","MAYF.W7.20191001.PCN","A00000083358","2019-10-01T16:55Z","2019-10-01T16:55Z","EcoCore_CSU","TPC",0.2593,"milligram",2.1,,0,,"OK"
"0e500914-7ae5-4d39-9918-f7bc622df027","D08","MAYF","MAYF.AOS.groundwater.well.007","MAYF.W7.20191001.RAW","A00000084027","2019-10-01T16:55Z","2019-10-01T16:55Z","EcoCore_CSU","ANC",0.1700,"milliequivalentsPerLiter",2.1,,0,,"OK"
"5a027f18-3351-43a6-b7a1-0b4277638229","D08","MAYF","MAYF.AOS.groundwater.well.007","MAYF.W7.20191001.RAW","A00000084027","2019-10-01T16:55Z","2019-10-01T16:55Z","EcoCore_CSU","TSS",36.0000,"milligramsPerLiter",2.1,,0,,"OK"
"75ed065a-786d-43d6-8a96-890c68fdff3f","D08","MAYF","MAYF.AOS.groundwater.well.008","MAYF.W8.20191001.RAW","A00000084029","2019-10-01T18:14Z","2019-10-01T18:14Z","EcoCore_CSU","TSS - Dry Mass",5100.0000,"microgram",2.1,,0,,"OK"
"97564c70-bc59-464e-bb22-f110edbb6cd2","D08","MAYF","MAYF.AOS.groundwater.well.008","MAYF.W8.20191001.PCN","A00000083360","2019-10-01T18:14Z","2019-10-01T18:14Z","EcoCore_CSU","TPN",0.0560,"milligram",2.1,,0,,"OK"
"4938d0f9-b8d8-49ec-a0d2-e9d361dd1e90","D08","MAYF","MAYF.AOS.groundwater.well.008","MAYF.W8.20191001.RAW","A00000084029","2019-10-01T18:14Z","2019-10-01T18:14Z","EcoCore_CSU","TP",0.1210,"milligramsPerLiter",2.1,,0,,"OK"
"1a3b2709-a801-42cf-a102-4ebf3ff7036d","D08","MAYF","MAYF.AOS.groundwater.well.008","MAYF.W8.20191001.RAW","A00000084029","2019-10-01T18:14Z","2019-10-01T18:14Z","EcoCore_CSU","pH",5.3000,"pH",2.1,,0,,"OK"
"df3310d7-ffbc-401b-85c1-ea78c11ea584","D08","MAYF","MAYF.AOS.groundwater.well.008","MAYF.W8.20191001.RAW","A00000084029","2019-10-01T18:14Z","2019-10-01T18:14Z","EcoCore_CSU","ANC",0.0900,"milliequivalentsPerLiter",2.1,,0,,"OK"
"a548579e-7bc6-46c9-807e-f67c8036d390","D08","MAYF","MAYF.AOS.groundwater.well.008","MAYF.W8.20191001.RAW","A00000084029","2019-10-01T18:14Z","2019-10-01T18:14Z","EcoCore_CSU","TSS",102.0000,"milligramsPerLiter",2.1,,0,,"OK"
"09a69111-87da-4993-b18b-50cd369bbd98","D08","MAYF","MAYF.AOS.groundwater.well.008","MAYF.W8.20191001.FIL","A00000084028","2019-10-01T18:14Z","2019-10-01T18:14Z","EcoCore_CSU","Mg",0.4140,"milligramsPerLiter",2.1,,0,,"OK"
"f080f66c-298b-4ee6-8999-16f86a226375","D08","MAYF","MAYF.AOS.groundwater.well.008","MAYF.W8.20191001.FIL","A00000084028","2019-10-01T18:14Z","2019-10-01T18:14Z","EcoCore_CSU","F",0.0050,"milligramsPerLiter",2.1,,0,,"OK"
"f5f52b07-5d8a-45a5-a1d3-be817418ae0e","D08","MAYF","MAYF.AOS.groundwater.well.008","MAYF.W8.20191001.FIL","A00000084028","2019-10-01T18:14Z","2019-10-01T18:14Z","EcoCore_CSU","Ca",1.9250,"milligramsPerLiter",2.1,,0,,"OK"
"d493eba9-d8ca-473d-8ec4-7d1aee4da34d","D08","MAYF","MAYF.AOS.groundwater.well.008","MAYF.W8.20191001.FIL","A00000084028","2019-10-01T18:14Z","2019-10-01T18:14Z","EcoCore_CSU","K",0.4140,"milligramsPerLiter",2.1,,0,,"OK"
"03a29917-838e-4774-b6c0-f3e464df084c","D08","MAYF","MAYF.AOS.groundwater.well.008","MAYF.W8.20191001.FIL","A00000084028","2019-10-01T18:14Z","2019-10-01T18:14Z","EcoCore_CSU","HCO3",5.0900,"milligramsPerLiter",2.1,,0,,"OK"
"fc15bb58-1a1e-433e-a8c6-67a10ff05d3a","D08","MAYF","MAYF.AOS.groundwater.well.008","MAYF.W8.20191001.FIL","A00000084028","2019-10-01T18:14Z","2019-10-01T18:14Z","EcoCore_CSU","SO4",0.4260,"milligramsPerLiter",2.1,,0,,"OK"
"b6781bc2-9562-40fd-b2ee-0a102d9baf1f","D08","MAYF","MAYF.AOS.groundwater.well.008","MAYF.W8.20191001.FIL","A00000084028","2019-10-01T18:14Z","2019-10-01T18:14Z","EcoCore_CSU","Na",1.1280,"milligramsPerLiter",2.1,,0,,"OK"
"ebddb93c-ddb9-4f40-a6ee-3d18b61832b9","D08","MAYF","MAYF.AOS.groundwater.well.008","MAYF.W8.20191001.FIL","A00000084028","2019-10-01T18:14Z","2019-10-01T18:14Z","EcoCore_CSU","CO3",0.0050,"milligramsPerLiter",2.1,,0,,"OK"
"a462f9ab-bfd1-484d-8e16-693337702cc3","D08","MAYF","MAYF.AOS.groundwater.well.008","MAYF.W8.20191001.FIL","A00000084028","2019-10-01T18:14Z","2019-10-01T18:14Z","EcoCore_CSU","TDP",0.0200,"milligramsPerLiter",2.1,,0,,"OK"
"28998381-f338-4fdd-8099-2dc1c0b81741","D08","MAYF","MAYF.AOS.groundwater.well.008","MAYF.W8.20191001.FIL","A00000084028","2019-10-01T18:14Z","2019-10-01T18:14Z","EcoCore_CSU","Si",7.2690,"milligramsPerLiter",2.1,,0,,"OK"
"9738e4d5-7910-4191-ab1f-2af1291d6e4a","D08","MAYF","MAYF.AOS.groundwater.well.008","MAYF.W8.20191001.FIL","A00000084028","2019-10-01T18:14Z","2019-10-01T18:14Z","EcoCore_CSU","Cl",3.4200,"milligramsPerLiter",2.1,,0,,"OK"
"7ca96c0d-9a30-4131-a84c-3e2ff24d9213","D08","MAYF","MAYF.AOS.groundwater.well.008","MAYF.W8.20191001.FIL","A00000084028","2019-10-01T18:14Z","2019-10-01T18:14Z","EcoCore_CSU","Fe",1.4570,"milligramsPerLiter",2.1,,0,,"OK"
"f143222b-2763-48ed-9fca-b42ceb7840c4","D08","MAYF","MAYF.AOS.groundwater.well.008","MAYF.W8.20191001.FIL","A00000084028","2019-10-01T18:14Z","2019-10-01T18:14Z","EcoCore_CSU","Mn",0.0490,"milligramsPerLiter",2.1,,0,,"OK"
"74447fde-ca10-4356-9a70-da313c67b7f6","D08","MAYF","MAYF.AOS.groundwater.well.008","MAYF.W8.20191001.FIL","A00000084028","2019-10-01T18:14Z","2019-10-01T18:14Z","EcoCore_CSU","TDS",14.4200,"milligramsPerLiter",2.1,,0,,"OK"
"57d933f8-5d1c-4f97-946e-afab9d6980aa","D08","MAYF","MAYF.AOS.groundwater.well.008","MAYF.W8.20191001.FIL","A00000084028","2019-10-01T18:14Z","2019-10-01T18:14Z","EcoCore_CSU","Br",0.0050,"milligramsPerLiter",2.1,,0,,"OK"
"29356927-bca5-4ee0-ad8a-c33ab44943f4","D08","MAYF","MAYF.AOS.groundwater.well.008","MAYF.W8.20191001.FIL","A00000084028","2019-10-01T18:14Z","2019-10-01T18:14Z","EcoCore_CSU","UV Absorbance (250 nm)",0.1246,,2.1,,0,,"OK"
"fc302c74-4463-4cec-8af0-cfa775c24b5f","D08","MAYF","MAYF.AOS.groundwater.well.008","MAYF.W8.20191001.FIL","A00000084028","2019-10-01T18:14Z","2019-10-01T18:14Z","EcoCore_CSU","UV Absorbance (280 nm)",0.0862,,2.1,,0,,"OK"
"f3c97ced-45ed-474f-b6b4-729dda870753","D08","MAYF","MAYF.AOS.groundwater.well.008","MAYF.W8.20191001.RAW","A00000084029","2019-10-01T18:14Z","2019-10-01T18:14Z","EcoCore_CSU","TOC",2.8840,"milligramsPerLiter",2.1,,0,,"OK"
"1a574a6d-2fb1-499a-a4a2-095b046dc8e4","D08","MAYF","MAYF.AOS.groundwater.well.008","MAYF.W8.20191001.RAW","A00000084029","2019-10-01T18:14Z","2019-10-01T18:14Z","EcoCore_CSU","TN",0.1905,"milligramsPerLiter",2.1,,0,,"OK"
"6da2b6e7-ac98-494f-87e0-d2439c79386e","D08","MAYF","MAYF.AOS.groundwater.well.008","MAYF.W8.20191001.FIL","A00000084028","2019-10-01T18:14Z","2019-10-01T18:14Z","EcoCore_CSU","DIC",9.9960,"milligramsPerLiter",2.1,,0,,"OK"
"698462af-8d74-47ce-8b1e-2e3d7724769d","D08","MAYF","MAYF.AOS.groundwater.well.008","MAYF.W8.20191001.FIL","A00000084028","2019-10-01T18:14Z","2019-10-01T18:14Z","EcoCore_CSU","TDN",0.1338,"milligramsPerLiter",2.1,,0,,"OK"
"6324b0ad-e72c-44de-bb0e-726d8454c615","D08","MAYF","MAYF.AOS.groundwater.well.008","MAYF.W8.20191001.FIL","A00000084028","2019-10-01T18:14Z","2019-10-01T18:14Z","EcoCore_CSU","DOC",3.1460,"milligramsPerLiter",2.3,,0,,"OK"
"9813ed55-8cfa-49d9-bdfd-f3a37cc1deb7","D08","MAYF","MAYF.AOS.groundwater.well.008","MAYF.W8.20191001.FIL","A00000084028","2019-10-01T18:14Z","2019-10-01T18:14Z","EcoCore_CSU","NH4 - N",0.0917,"milligramsPerLiter",2.1,,0,,"OK"
"cdc39048-6567-4cf7-b85e-020b995513f7","D08","MAYF","MAYF.AOS.groundwater.well.008","MAYF.W8.20191001.FIL","A00000084028","2019-10-01T18:14Z","2019-10-01T18:14Z","EcoCore_CSU","NO2 - N",-0.0062,"milligramsPerLiter",2.1,,0,,"OK"
"013f689c-decd-4c4b-bd44-d3e1f444030c","D08","MAYF","MAYF.AOS.groundwater.well.008","MAYF.W8.20191001.FIL","A00000084028","2019-10-01T18:14Z","2019-10-01T18:14Z","EcoCore_CSU","NO3+NO2 - N",0.0302,"milligramsPerLiter",2.1,,0,,"OK"
"5a1a5220-987a-4f14-8b0e-51e2be63cb21","D08","MAYF","MAYF.AOS.groundwater.well.008","MAYF.W8.20191001.FIL","A00000084028","2019-10-01T18:14Z","2019-10-01T18:14Z","EcoCore_CSU","Ortho - P",-0.0180,"milligramsPerLiter",2.1,,0,,"OK"
"e9cde281-26b2-42f8-bf7e-9ed0aa8366e0","D08","MAYF","MAYF.AOS.groundwater.well.008","MAYF.W8.20191001.PCN","A00000083360","2019-10-01T18:14Z","2019-10-01T18:14Z","EcoCore_CSU","TPC",0.2746,"milligram",2.1,,0,,"OK"
"33d2a21a-53d1-4878-952c-66a307f30e4b","D08","MAYF","MAYF.AOS.groundwater.well.008","MAYF.W8.20191001.RAW","A00000084029","2019-10-01T18:14Z","2019-10-01T18:14Z","EcoCore_CSU","specificConductance",20.5600,"microsiemensPerCentimeter",2.1,,0,,"OK"
