uid,domainID,siteID,namedLocation,decimalLatitude,decimalLongitude,coordinateUncertainty,elevation,elevationUncertainty,geodeticDatum,collectDate,aquaticSiteType,samplingImpractical,waterChemSamplesCollected,adequateSampleVol,parentSampleID,eventID,swcSamplingProtocolVersion,sampleExtractionMethod,samplerType,totalWellDepth,wellWaterDepth,waterColumnHeight,sampleDepth,purgeAverageDischargeRate,purgeTime,gwWellStabilized,purgeDryDateTime,pumpPlacementDate,screenedIntervalDepth,maxAllowableDrawdown,actualDrawdown,MADExceeded,wellVolumePurged,probeIDUnavailable,dissolvedOxygen,dissolvedOxygenSaturation,specificConductance,waterTemp,pH,waterClarityDescrip,waterColorDescrip,aCollectedBy,bCollectedBy,remarks
"8699ac0b-aa9a-4fe7-9838-4e96e503214b","D08","MAYF","MAYF.AOS.groundwater.well.001",32.960474,-87.407728,0.1,73.6,0.1,"WGS84","2019-10-01T14:21Z","stream",,,"Y","MAYF.W1.20191001","MAYF.20191001","NEON.DOC.002905vF","low-flow","Groundwater Pump",3.6,2.3,1.4,3.1,,,,,,,,,,6.0,,2.17,25.50,38.50,21.10,5.26,"cloudy","brown","0000-0003-1561-0904","0000-0002-4194-7642",
"2cf1af53-614d-49aa-9286-7df294a46f62","D08","MAYF","MAYF.AOS.groundwater.well.002",32.960465,-87.407917,0.1,73.5,0.1,"WGS84","2019-10-01T15:27Z","stream",,,"Y","MAYF.W2.20191001","MAYF.20191001","NEON.DOC.002905vF","low-flow","Groundwater Pump",3.8,2.6,1.2,3.3,,,,,,,,,,6.6,,2.95,33.50,38.30,21.30,5.26,"cloudy","brown","0000-0003-1561-0904","0000-0002-4194-7642",
"8e748d56-0fcb-4ccf-928d-491403b3fd4d","D08","MAYF","MAYF.AOS.groundwater.well.007",32.961500,-87.408183,0.1,73.4,0.1,"WGS84","2019-10-01T16:55Z","stream",,,"Y","MAYF.W7.20191001","MAYF.20191001","NEON.DOC.002905vF","low-flow","Groundwater Pump",4.4,3.0,1.4,3.9,,,,,,,,,,3.8,,5.23,57.30,25.80,19.60,5.41,"clear","brown","0000-0003-1334-3275","0000-0003-1561-0904",
"6a368387-25df-4a37-98cd-30dfc2d20676","D08","MAYF","MAYF.AOS.groundwater.well.008",32.961683,-87.408343,0.1,73.3,0.1,"WGS84","2019-10-01T18:14Z","stream",,,"Y","MAYF.W8.20191001","MAYF.20191001","NEON.DOC.002905vF","low-flow","Groundwater Pump",4.2,3.0,1.2,3.7,,,,,,,,,,4.2,,4.78,53.60,31.90,20.70,4.98,"clear","brown","0000-0003-1334-3275","0000-0003-1561-0904",
