uid,domainID,siteID,namedLocation,collectDate,parentSampleID,sampleCondition,sampleID,replicateNumber,gwwDICBubbleFree,gwwFiltSampleHeadspace,gwwAlkSampleHeadspace,gwwAlkSampleBubbleFree,processedDate,processedDateFilters,sampleVolumeFiltered,shipmentTimeRange
"87852904-77c3-4e56-a8dd-c4758560e0f7","D08","MAYF","MAYF.AOS.groundwater.well.001","2019-10-01T14:21Z","MAYF.W1.20191001","Sample condition ok","MAYF.W1.20191001",1,,,,,"2019-10-01T14:21Z","2019-10-01T14:21Z",50.0,
"94e19c01-433f-4787-b8c1-c71ed26e34ab","D08","MAYF","MAYF.AOS.groundwater.well.002","2019-10-01T15:27Z","MAYF.W2.20191001","Sample condition ok","MAYF.W2.20191001",1,,,,,"2019-10-01T15:27Z","2019-10-01T15:27Z",50.0,
"48adce33-2b0b-492a-8f6e-f1821c9e1d1d","D08","MAYF","MAYF.AOS.groundwater.well.007","2019-10-01T16:55Z","MAYF.W7.20191001","Sample condition ok","MAYF.W7.20191001",1,,,,,"2019-10-01T16:55Z","2019-10-01T16:55Z",100.0,
"70af3d01-e8dc-4f34-9628-33d2002be69a","D08","MAYF","MAYF.AOS.groundwater.well.008","2019-10-01T18:14Z","MAYF.W8.20191001","Sample condition ok","MAYF.W8.20191001",1,,,,,"2019-10-01T18:14Z","2019-10-01T18:14Z",50.0,
