uid,domainID,siteID,namedLocation,decimalLatitude,decimalLongitude,coordinateUncertainty,elevation,elevationUncertainty,geodeticDatum,collectDate,aquaticSiteType,samplingImpractical,waterChemSamplesCollected,adequateSampleVol,parentSampleID,eventID,swcSamplingProtocolVersion,sampleExtractionMethod,samplerType,totalWellDepth,wellWaterDepth,waterColumnHeight,sampleDepth,purgeAverageDischargeRate,purgeTime,gwWellStabilized,purgeDryDateTime,pumpPlacementDate,screenedIntervalDepth,maxAllowableDrawdown,actualDrawdown,MADExceeded,wellVolumePurged,probeIDUnavailable,dissolvedOxygen,dissolvedOxygenSaturation,specificConductance,waterTemp,pH,waterClarityDescrip,waterColorDescrip,aCollectedBy,bCollectedBy,remarks
"96319a99-1e77-42a5-88ed-579d20f7f547","D03","SUGG","SUGG.AOS.groundwater.well.005",29.688883,-82.013542,0.1,38.7,0.1,"WGS84","2015-10-20T14:25Z","lake",,,,"SUGG.W5.20151020","SUGG.20151020","NEON.DOC.001219vC","low-flow",,,5.8,,13.4,,,,,,,,,,3.1,,7.21,82.00,61.80,22.50,,,,"ksandusky@neoninc.org","cfoster@neoninc.org","uncertain if sample depth is in ft or m. well water depth was recorded as 19.1ft and converted to 5.82m"
"cb141744-dfa5-46c0-8338-ed3aa06c4208","D03","SUGG","SUGG.AOS.groundwater.well.002",29.693147,-82.018959,0.1,33.8,0.1,"WGS84","2015-10-20T16:25Z","lake",,,,"SUGG.W2.20151020","SUGG.20151020","NEON.DOC.001219vC","low-flow",,,7.2,,12.5,,,,,,,,,,3.2,,8.97,101.20,42.70,22.20,,,,"ksandusky@neoninc.org","cfoster@neoninc.org","not certain if sample depth is in ft or m. not recorded. well water depth was recorded as 23.6 ft and converted to 7.19m"
"47a86ac9-a98c-46f9-acc5-a73f162b442c","D03","SUGG","SUGG.AOS.groundwater.well.007",29.684715,-82.015058,0.1,38.2,0.1,"WGS84","2015-10-22T15:15Z","lake",,,,"SUGG.W7.20151022","SUGG.20151022","NEON.DOC.001219vC","bailer tube",,,11.2,,11.2,,,,,,,,,,3.5,,6.30,71.20,51.30,21.90,,,,"ksandusky@neoninc.org","cfoster@neoninc.org",
"a390fed9-db18-454f-b87c-b9ae53c4ee53","D03","SUGG","SUGG.AOS.groundwater.well.003",29.693217,-82.017245,0.1,40.2,0.1,"WGS84","2015-10-22T15:45Z","lake",,,,"SUGG.W3.20151022","SUGG.20151022","NEON.DOC.001219vC","bailer tube",,,11.0,,11.0,,,,,,,,,,3.5,,3.90,44.20,82.40,21.90,,,,"ksandusky@neoninc.org","cfoster@neoninc.org",
