uid,domainID,siteID,namedLocation,collectDate,titrationDate,parentSampleID,domainSampleID,remarks,measuredBy,alkMeqPerL,alkMgPerL,ancMeqPerL,ancMgPerL
"ec65af79-9756-4e76-b562-8211ffdbbb8c","D03","SUGG","SUGG.AOS.groundwater.well.005","2015-10-20T14:25Z","2015-10-20T20:00Z","SUGG.W5.20151020","SUGG.W5.20151020.ALK","no pH meter check recorded","ksandusky@neoninc.org",0.390,19.600,,
"db8098fd-7756-4062-a8cb-f6b8f4f1038f","D03","SUGG","SUGG.AOS.groundwater.well.005","2015-10-20T14:25Z","2015-10-20T20:00Z","SUGG.W5.20151020","SUGG.W5.20151020.ANC","no pH meter check recorded","ksandusky@neoninc.org",,,0.480,23.900
"d2a0f435-4910-4475-b9d9-2b8bfa4bb890","D03","SUGG","SUGG.AOS.groundwater.well.002","2015-10-20T16:25Z","2015-10-21T11:30Z","SUGG.W2.20151020","SUGG.W2.20151020.ANC","no pH meter check recorded","ksandusky@neoninc.org",,,0.090,4.310
"60e47796-8911-4052-9fc8-38592fcf2a6e","D03","SUGG","SUGG.AOS.groundwater.well.002","2015-10-20T16:25Z","2015-10-21T11:30Z","SUGG.W2.20151020","SUGG.W2.20151020.ALK","no pH meter check recorded","ksandusky@neoninc.org",0.090,4.460,,
