uid,domainID,siteID,namedLocation,sampleID,sampleCode,startDate,collectDate,laboratoryName,analyte,analyteConcentration,analyteUnits,coolerTemp,remarks,shipmentWarmQF,externalLabDataQF,sampleCondition
"19e267ab-9754-4128-8c72-d140ae68f2a1","D11","PRIN","PRIN.AOS.groundwater.well.001","PRIN.W1.20190805.RAW","A00000104696","2019-08-05T16:06Z","2019-08-05T16:06Z","EcoCore_CSU","TP",1.3140,"milligramsPerLiter",0.0,,0,,"OK"
"307527c7-2fad-47ff-bf2f-abd7768f89b0","D11","PRIN","PRIN.AOS.groundwater.well.001","PRIN.W1.20190805.FIL","A00000104821","2019-08-05T16:06Z","2019-08-05T16:06Z","EcoCore_CSU","NO3+NO2 - N",0.0173,"milligramsPerLiter",0.0,,0,,"OK"
"f18fc27a-27c8-4cc0-829e-c8c91b3ae0eb","D11","PRIN","PRIN.AOS.groundwater.well.001","PRIN.W1.20190805.FIL","A00000104821","2019-08-05T16:06Z","2019-08-05T16:06Z","EcoCore_CSU","Ortho - P",0.0750,"milligramsPerLiter",0.0,,0,,"OK"
"20ee39e1-a68c-4f57-ae5b-27c814145e42","D11","PRIN","PRIN.AOS.groundwater.well.001","PRIN.W1.20190805.FIL","A00000104821","2019-08-05T16:06Z","2019-08-05T16:06Z","EcoCore_CSU","Br",0.0050,"milligramsPerLiter",0.0,,0,,"OK"
"fe75cfd8-27e3-4b86-b125-536a88515640","D11","PRIN","PRIN.AOS.groundwater.well.001","PRIN.W1.20190805.RAW","A00000104696","2019-08-05T16:06Z","2019-08-05T16:06Z","EcoCore_CSU","ANC",2.4100,"milliequivalentsPerLiter",0.0,,0,,"OK"
"208ae1a6-666a-43ad-b3bc-99f96f954a23","D11","PRIN","PRIN.AOS.groundwater.well.001","PRIN.W1.20190805.FIL","A00000104821","2019-08-05T16:06Z","2019-08-05T16:06Z","EcoCore_CSU","HCO3",146.1200,"milligramsPerLiter",0.0,,0,,"OK"
"80767d4f-8e56-4337-b9b2-4c542fc92f6d","D11","PRIN","PRIN.AOS.groundwater.well.001","PRIN.W1.20190805.FIL","A00000104821","2019-08-05T16:06Z","2019-08-05T16:06Z","EcoCore_CSU","TDS",242.7000,"milligramsPerLiter",0.0,,0,,"OK"
"8fc63d1f-e1b5-46e3-bbf1-353fbece2eb8","D11","PRIN","PRIN.AOS.groundwater.well.001","PRIN.W1.20190805.FIL","A00000104821","2019-08-05T16:06Z","2019-08-05T16:06Z","EcoCore_CSU","K",1.1440,"milligramsPerLiter",0.0,,0,,"OK"
"35ee09c0-e0de-4035-960c-97a694d4f09f","D11","PRIN","PRIN.AOS.groundwater.well.001","PRIN.W1.20190805.FIL","A00000104821","2019-08-05T16:06Z","2019-08-05T16:06Z","EcoCore_CSU","SO4",29.5100,"milligramsPerLiter",0.0,,0,,"OK"
"6f94ca73-60f7-46fa-a0b0-c9b53c901151","D11","PRIN","PRIN.AOS.groundwater.well.001","PRIN.W1.20190805.PCN","A00000104840","2019-08-05T16:06Z","2019-08-05T16:06Z","EcoCore_CSU","TPC",0.2433,"milligram",0.0,,0,,"OK"
"e4f10f7b-d29a-4220-a7eb-eb3eb96f8d03","D11","PRIN","PRIN.AOS.groundwater.well.001","PRIN.W1.20190805.PCN","A00000104840","2019-08-05T16:06Z","2019-08-05T16:06Z","EcoCore_CSU","TPN",0.1163,"milligram",0.0,,0,,"OK"
"7d7d4d2b-db62-48a4-bf93-0840d1a9d25d","D11","PRIN","PRIN.AOS.groundwater.well.001","PRIN.W1.20190805.FIL","A00000104821","2019-08-05T16:06Z","2019-08-05T16:06Z","EcoCore_CSU","Si",22.0400,"milligramsPerLiter",0.0,,0,,"OK"
"a8dee4ce-a2e7-4fb6-8502-0645bddad48d","D11","PRIN","PRIN.AOS.groundwater.well.001","PRIN.W1.20190805.RAW","A00000104696","2019-08-05T16:06Z","2019-08-05T16:06Z","EcoCore_CSU","TOC",1.1030,"milligramsPerLiter",0.0,,0,,"OK"
"2ec946a7-78f4-4e85-bc5d-57d94e26c888","D11","PRIN","PRIN.AOS.groundwater.well.001","PRIN.W1.20190805.FIL","A00000104821","2019-08-05T16:06Z","2019-08-05T16:06Z","EcoCore_CSU","DIC",42.7400,"milligramsPerLiter",0.0,,0,,"OK"
"197ec8ea-3552-42c4-89fd-83a02d5639e3","D11","PRIN","PRIN.AOS.groundwater.well.001","PRIN.W1.20190805.FIL","A00000104821","2019-08-05T16:06Z","2019-08-05T16:06Z","EcoCore_CSU","Cl",13.8200,"milligramsPerLiter",0.0,,0,,"OK"
"2be5f199-5b71-49e4-9ab3-a7cd0ea9dceb","D11","PRIN","PRIN.AOS.groundwater.well.001","PRIN.W1.20190805.FIL","A00000104821","2019-08-05T16:06Z","2019-08-05T16:06Z","EcoCore_CSU","NH4 - N",0.2040,"milligramsPerLiter",0.0,,0,,"OK"
"5aba1e40-7300-4141-b25a-ad1b5b5f9c53","D11","PRIN","PRIN.AOS.groundwater.well.001","PRIN.W1.20190805.RAW","A00000104696","2019-08-05T16:06Z","2019-08-05T16:06Z","EcoCore_CSU","pH",6.9300,"pH",0.0,,0,,"OK"
"40b36a91-071a-4fe5-8e3a-6577b844d145","D11","PRIN","PRIN.AOS.groundwater.well.001","PRIN.W1.20190805.FIL","A00000104821","2019-08-05T16:06Z","2019-08-05T16:06Z","EcoCore_CSU","Ca",49.5860,"milligramsPerLiter",0.0,,0,,"OK"
"c81c24ee-d240-4175-a078-aa761a50cf62","D11","PRIN","PRIN.AOS.groundwater.well.001","PRIN.W1.20190805.FIL","A00000104821","2019-08-05T16:06Z","2019-08-05T16:06Z","EcoCore_CSU","Na",7.6010,"milligramsPerLiter",0.0,,0,,"OK"
"3dae70be-5031-44af-afc6-5a1ee8490e3d","D11","PRIN","PRIN.AOS.groundwater.well.001","PRIN.W1.20190805.FIL","A00000104821","2019-08-05T16:06Z","2019-08-05T16:06Z","EcoCore_CSU","CO3",0.0050,"milligramsPerLiter",0.0,,0,,"OK"
"644b7b82-1f7f-4b29-b895-19ed98d32e07","D11","PRIN","PRIN.AOS.groundwater.well.001","PRIN.W1.20190805.FIL","A00000104821","2019-08-05T16:06Z","2019-08-05T16:06Z","EcoCore_CSU","Mn",0.1400,"milligramsPerLiter",0.0,,0,,"OK"
"8088e3f7-28dd-4259-bd15-053b139ee48b","D11","PRIN","PRIN.AOS.groundwater.well.001","PRIN.W1.20190805.RAW","A00000104696","2019-08-05T16:06Z","2019-08-05T16:06Z","EcoCore_CSU","TSS",36.0000,"milligramsPerLiter",0.0,,0,,"OK"
"e115227c-c7c3-4f22-9a43-585626fb1044","D11","PRIN","PRIN.AOS.groundwater.well.001","PRIN.W1.20190805.RAW","A00000104696","2019-08-05T16:06Z","2019-08-05T16:06Z","EcoCore_CSU","TN",0.1423,"milligramsPerLiter",0.0,,0,,"OK"
"307559f7-5df8-47f4-9f7c-fe41614756fe","D11","PRIN","PRIN.AOS.groundwater.well.001","PRIN.W1.20190805.FIL","A00000104821","2019-08-05T16:06Z","2019-08-05T16:06Z","EcoCore_CSU","UV Absorbance (280 nm)",0.0522,,0.0,,0,,"OK"
"bbbc1304-d7ca-4dda-be3e-e4b103248533","D11","PRIN","PRIN.AOS.groundwater.well.001","PRIN.W1.20190805.RAW","A00000104696","2019-08-05T16:06Z","2019-08-05T16:06Z","EcoCore_CSU","conductivity",345.1000,"microsiemensPerCentimeter",0.0,,0,,"OK"
"c1e89cac-92d2-4fbe-b939-2c20f82b5998","D11","PRIN","PRIN.AOS.groundwater.well.001","PRIN.W1.20190805.FIL","A00000104821","2019-08-05T16:06Z","2019-08-05T16:06Z","EcoCore_CSU","NO2 - N",0.0006,"milligramsPerLiter",0.0,,0,,"OK"
"e72b6a73-0b5a-4314-a0fd-63a19aedfebe","D11","PRIN","PRIN.AOS.groundwater.well.001","PRIN.W1.20190805.FIL","A00000104821","2019-08-05T16:06Z","2019-08-05T16:06Z","EcoCore_CSU","TDN",0.1566,"milligramsPerLiter",0.0,,0,,"OK"
"a1e66a84-86dd-404f-a533-ab7d97755d46","D11","PRIN","PRIN.AOS.groundwater.well.001","PRIN.W1.20190805.FIL","A00000104821","2019-08-05T16:06Z","2019-08-05T16:06Z","EcoCore_CSU","Mg",7.4650,"milligramsPerLiter",0.0,,0,,"OK"
"0685f99f-4baa-4ce6-826b-f28f03601794","D11","PRIN","PRIN.AOS.groundwater.well.001","PRIN.W1.20190805.FIL","A00000104821","2019-08-05T16:06Z","2019-08-05T16:06Z","EcoCore_CSU","TDP",0.2670,"milligramsPerLiter",0.0,,0,,"OK"
"9d7f305c-2d96-48ea-8b8a-1550bdc972d1","D11","PRIN","PRIN.AOS.groundwater.well.001","PRIN.W1.20190805.FIL","A00000104821","2019-08-05T16:06Z","2019-08-05T16:06Z","EcoCore_CSU","Fe",0.5780,"milligramsPerLiter",0.0,,0,,"OK"
"60df3110-4179-4158-a0dd-b12def90ebef","D11","PRIN","PRIN.AOS.groundwater.well.001","PRIN.W1.20190805.RAW","A00000104696","2019-08-05T16:06Z","2019-08-05T16:06Z","EcoCore_CSU","TSS - Dry Mass",1800.0000,"microgram",0.0,,0,,"OK"
"78e06caf-2e58-4735-96c5-6f1c5de549fc","D11","PRIN","PRIN.AOS.groundwater.well.001","PRIN.W1.20190805.FIL","A00000104821","2019-08-05T16:06Z","2019-08-05T16:06Z","EcoCore_CSU","DOC",1.1480,"milligramsPerLiter",0.0,,0,,"OK"
"c95ae868-1afe-4a39-a57c-41235553da52","D11","PRIN","PRIN.AOS.groundwater.well.001","PRIN.W1.20190805.FIL","A00000104821","2019-08-05T16:06Z","2019-08-05T16:06Z","EcoCore_CSU","F",1.3700,"milligramsPerLiter",0.0,,0,,"OK"
"a5997ec1-ce88-4f6b-a8d9-11f6b3728a69","D11","PRIN","PRIN.AOS.groundwater.well.001","PRIN.W1.20190805.FIL","A00000104821","2019-08-05T16:06Z","2019-08-05T16:06Z","EcoCore_CSU","UV Absorbance (250 nm)",0.0593,,0.0,,0,,"OK"
"f157a719-6314-492d-b3f7-e53c678b7213","D11","PRIN","PRIN.AOS.groundwater.well.002","PRIN.W2.20190805.FIL","A00000104823","2019-08-05T18:15Z","2019-08-05T18:15Z","EcoCore_CSU","SO4",23.9100,"milligramsPerLiter",0.5,,0,,"OK"
"644f120e-7632-4890-b9b5-b2ebf12fbce3","D11","PRIN","PRIN.AOS.groundwater.well.002","PRIN.W2.20190805.FIL","A00000104823","2019-08-05T18:15Z","2019-08-05T18:15Z","EcoCore_CSU","Fe",0.5270,"milligramsPerLiter",0.5,,0,,"OK"
"3bb7d386-e79a-423f-8334-3dce54151ec8","D11","PRIN","PRIN.AOS.groundwater.well.002","PRIN.W2.20190805.PCN","A00000104841","2019-08-05T18:15Z","2019-08-05T18:15Z","EcoCore_CSU","TPN",0.0914,"milligram",0.5,,0,,"OK"
"444a5297-ed74-44e7-b475-18eca1e084a7","D11","PRIN","PRIN.AOS.groundwater.well.002","PRIN.W2.20190805.FIL","A00000104823","2019-08-05T18:15Z","2019-08-05T18:15Z","EcoCore_CSU","Mg",8.5150,"milligramsPerLiter",0.5,,0,,"OK"
"39e51433-4abb-4761-9bec-9d7931be83bf","D11","PRIN","PRIN.AOS.groundwater.well.002","PRIN.W2.20190805.RAW","A00000104689","2019-08-05T18:15Z","2019-08-05T18:15Z","EcoCore_CSU","TP",0.2710,"milligramsPerLiter",0.5,,0,,"OK"
"f9444e40-deb1-424e-9211-c4619577a254","D11","PRIN","PRIN.AOS.groundwater.well.002","PRIN.W2.20190805.FIL","A00000104823","2019-08-05T18:15Z","2019-08-05T18:15Z","EcoCore_CSU","TDN",0.0886,"milligramsPerLiter",0.5,,0,,"OK"
"e620ce1f-26f5-4bb5-84c5-30ec2f0f5edf","D11","PRIN","PRIN.AOS.groundwater.well.002","PRIN.W2.20190805.RAW","A00000104689","2019-08-05T18:15Z","2019-08-05T18:15Z","EcoCore_CSU","pH",7.0300,"pH",0.5,,0,,"OK"
"46d0d3b3-4098-4a87-b2ca-581ff7f05a91","D11","PRIN","PRIN.AOS.groundwater.well.002","PRIN.W2.20190805.RAW","A00000104689","2019-08-05T18:15Z","2019-08-05T18:15Z","EcoCore_CSU","TSS - Dry Mass",5600.0000,"microgram",0.5,,0,,"OK"
"742fc7cd-95a2-4b13-9e84-b567cc024b2e","D11","PRIN","PRIN.AOS.groundwater.well.002","PRIN.W2.20190805.RAW","A00000104689","2019-08-05T18:15Z","2019-08-05T18:15Z","EcoCore_CSU","ANC",5.3800,"milliequivalentsPerLiter",0.5,,0,,"OK"
"3580d552-1870-44fd-98be-d31ca56c1741","D11","PRIN","PRIN.AOS.groundwater.well.002","PRIN.W2.20190805.FIL","A00000104823","2019-08-05T18:15Z","2019-08-05T18:15Z","EcoCore_CSU","Ca",102.0790,"milligramsPerLiter",0.5,,0,,"OK"
"275cef46-0bc5-43e3-86c8-af87f2241b4e","D11","PRIN","PRIN.AOS.groundwater.well.002","PRIN.W2.20190805.FIL","A00000104823","2019-08-05T18:15Z","2019-08-05T18:15Z","EcoCore_CSU","DIC",82.7700,"milligramsPerLiter",0.5,,0,,"OK"
"dec173a0-e036-422c-bffb-9e9af3793bf3","D11","PRIN","PRIN.AOS.groundwater.well.002","PRIN.W2.20190805.RAW","A00000104689","2019-08-05T18:15Z","2019-08-05T18:15Z","EcoCore_CSU","TN",0.1483,"milligramsPerLiter",0.5,,0,,"OK"
"d85e5066-02a8-4b8f-af69-ca5fc95c2483","D11","PRIN","PRIN.AOS.groundwater.well.002","PRIN.W2.20190805.FIL","A00000104823","2019-08-05T18:15Z","2019-08-05T18:15Z","EcoCore_CSU","TDS",451.4000,"milligramsPerLiter",0.5,,0,,"OK"
"6b987860-4265-436c-8493-f4e563a9cb85","D11","PRIN","PRIN.AOS.groundwater.well.002","PRIN.W2.20190805.FIL","A00000104823","2019-08-05T18:15Z","2019-08-05T18:15Z","EcoCore_CSU","K",1.0830,"milligramsPerLiter",0.5,,0,,"OK"
"65f5ec88-db20-43e2-a669-029be5c33313","D11","PRIN","PRIN.AOS.groundwater.well.002","PRIN.W2.20190805.RAW","A00000104689","2019-08-05T18:15Z","2019-08-05T18:15Z","EcoCore_CSU","TOC",2.0800,"milligramsPerLiter",0.5,,0,,"OK"
"a109bb7b-03ca-4657-8ecb-aa9e794506ae","D11","PRIN","PRIN.AOS.groundwater.well.002","PRIN.W2.20190805.FIL","A00000104823","2019-08-05T18:15Z","2019-08-05T18:15Z","EcoCore_CSU","HCO3",322.3200,"milligramsPerLiter",0.5,,0,,"OK"
"805f55cc-b2c2-4a67-8211-baefdf8fae66","D11","PRIN","PRIN.AOS.groundwater.well.002","PRIN.W2.20190805.FIL","A00000104823","2019-08-05T18:15Z","2019-08-05T18:15Z","EcoCore_CSU","TDP",0.0700,"milligramsPerLiter",0.5,,0,,"OK"
"cc0eb674-664d-4f98-9c9d-0239fb4b28eb","D11","PRIN","PRIN.AOS.groundwater.well.002","PRIN.W2.20190805.RAW","A00000104689","2019-08-05T18:15Z","2019-08-05T18:15Z","EcoCore_CSU","conductivity",642.0000,"microsiemensPerCentimeter",0.5,,0,,"OK"
"c700740f-8c8c-4df8-8f23-23a3a8f4242e","D11","PRIN","PRIN.AOS.groundwater.well.002","PRIN.W2.20190805.FIL","A00000104823","2019-08-05T18:15Z","2019-08-05T18:15Z","EcoCore_CSU","CO3",0.0050,"milligramsPerLiter",0.5,,0,,"OK"
"228e4f1f-a73a-48da-94ea-9794e1751476","D11","PRIN","PRIN.AOS.groundwater.well.002","PRIN.W2.20190805.FIL","A00000104823","2019-08-05T18:15Z","2019-08-05T18:15Z","EcoCore_CSU","Ortho - P",0.0300,"milligramsPerLiter",0.5,,0,,"OK"
"5c5fb37c-a080-42d0-b615-d7d5b5ae2f6c","D11","PRIN","PRIN.AOS.groundwater.well.002","PRIN.W2.20190805.FIL","A00000104823","2019-08-05T18:15Z","2019-08-05T18:15Z","EcoCore_CSU","Cl",30.9500,"milligramsPerLiter",0.5,,0,,"OK"
"b81b91f8-ea4c-48df-8d94-e75c9ef0edb7","D11","PRIN","PRIN.AOS.groundwater.well.002","PRIN.W2.20190805.FIL","A00000104823","2019-08-05T18:15Z","2019-08-05T18:15Z","EcoCore_CSU","Mn",0.0220,"milligramsPerLiter",0.5,,0,,"OK"
"d1ce4fcd-54aa-4d9b-a572-9bf74be8fc30","D11","PRIN","PRIN.AOS.groundwater.well.002","PRIN.W2.20190805.FIL","A00000104823","2019-08-05T18:15Z","2019-08-05T18:15Z","EcoCore_CSU","NO2 - N",-0.0014,"milligramsPerLiter",0.5,,0,,"OK"
"82d93983-3cad-4f0b-95af-dba09696108e","D11","PRIN","PRIN.AOS.groundwater.well.002","PRIN.W2.20190805.FIL","A00000104823","2019-08-05T18:15Z","2019-08-05T18:15Z","EcoCore_CSU","NO3+NO2 - N",0.0273,"milligramsPerLiter",0.5,,0,,"OK"
"224ffcc7-9bc5-4da3-9d94-da063b39fc37","D11","PRIN","PRIN.AOS.groundwater.well.002","PRIN.W2.20190805.FIL","A00000104823","2019-08-05T18:15Z","2019-08-05T18:15Z","EcoCore_CSU","UV Absorbance (250 nm)",0.1224,,0.5,,0,,"OK"
"4556ae55-918f-45db-b100-6bffd14e9483","D11","PRIN","PRIN.AOS.groundwater.well.002","PRIN.W2.20190805.FIL","A00000104823","2019-08-05T18:15Z","2019-08-05T18:15Z","EcoCore_CSU","DOC",1.5400,"milligramsPerLiter",0.5,,0,,"OK"
"2e376bc5-3d4d-4ab3-953b-4c4ed1a6048c","D11","PRIN","PRIN.AOS.groundwater.well.002","PRIN.W2.20190805.FIL","A00000104823","2019-08-05T18:15Z","2019-08-05T18:15Z","EcoCore_CSU","Na",21.4500,"milligramsPerLiter",0.5,,0,,"OK"
"e8b3d25b-c88c-4b44-b147-33f956989344","D11","PRIN","PRIN.AOS.groundwater.well.002","PRIN.W2.20190805.RAW","A00000104689","2019-08-05T18:15Z","2019-08-05T18:15Z","EcoCore_CSU","TSS",112.0000,"milligramsPerLiter",0.5,,0,,"OK"
"c7e7299d-fe9a-4f6a-9e60-aa3bce2ff550","D11","PRIN","PRIN.AOS.groundwater.well.002","PRIN.W2.20190805.FIL","A00000104823","2019-08-05T18:15Z","2019-08-05T18:15Z","EcoCore_CSU","F",2.4200,"milligramsPerLiter",0.5,,0,,"OK"
"3482b2e0-2751-4e27-a6ef-fe9a10ca0e9b","D11","PRIN","PRIN.AOS.groundwater.well.002","PRIN.W2.20190805.FIL","A00000104823","2019-08-05T18:15Z","2019-08-05T18:15Z","EcoCore_CSU","Br",0.0050,"milligramsPerLiter",0.5,,0,,"OK"
"d04c94ae-2ce4-41cd-9c91-090188e23a7f","D11","PRIN","PRIN.AOS.groundwater.well.002","PRIN.W2.20190805.FIL","A00000104823","2019-08-05T18:15Z","2019-08-05T18:15Z","EcoCore_CSU","UV Absorbance (280 nm)",0.0923,,0.5,,0,,"OK"
"090c6f92-2c5f-4f62-b00a-185411b13b15","D11","PRIN","PRIN.AOS.groundwater.well.002","PRIN.W2.20190805.FIL","A00000104823","2019-08-05T18:15Z","2019-08-05T18:15Z","EcoCore_CSU","Si",31.5400,"milligramsPerLiter",0.5,,0,,"OK"
"82049afd-2506-4593-8d35-dcfd1a2458e0","D11","PRIN","PRIN.AOS.groundwater.well.002","PRIN.W2.20190805.FIL","A00000104823","2019-08-05T18:15Z","2019-08-05T18:15Z","EcoCore_CSU","NH4 - N",0.0724,"milligramsPerLiter",0.5,,0,,"OK"
"95836cd5-5b21-4924-b390-a5516979da8e","D11","PRIN","PRIN.AOS.groundwater.well.002","PRIN.W2.20190805.PCN","A00000104841","2019-08-05T18:15Z","2019-08-05T18:15Z","EcoCore_CSU","TPC",0.3413,"milligram",0.5,,0,,"OK"
"69254aef-e0ab-48ab-9dbf-0d01588d07c2","D11","PRIN","PRIN.AOS.groundwater.well.006","PRIN.W6.20190807.FIL","A00000104831","2019-08-07T15:57Z","2019-08-07T15:57Z","EcoCore_CSU","SO4",447.3000,"milligramsPerLiter",0.4,,0,,"OK"
"d6b91e1e-6445-4092-bbd7-ac984bb55ced","D11","PRIN","PRIN.AOS.groundwater.well.006","PRIN.W6.20190807.FIL","A00000104831","2019-08-07T15:57Z","2019-08-07T15:57Z","EcoCore_CSU","Mg",51.6800,"milligramsPerLiter",0.4,,0,,"OK"
"04a50e80-2a6b-4ddc-9011-de925682e3cb","D11","PRIN","PRIN.AOS.groundwater.well.006","PRIN.W6.20190807.PCN","A00000104843","2019-08-07T15:57Z","2019-08-07T15:57Z","EcoCore_CSU","TPN",0.1477,"milligram",0.4,,0,,"OK"
"787b51b4-9abe-4929-a1b4-c89556d7ef2f","D11","PRIN","PRIN.AOS.groundwater.well.006","PRIN.W6.20190807.FIL","A00000104831","2019-08-07T15:57Z","2019-08-07T15:57Z","EcoCore_CSU","Fe",0.0250,"milligramsPerLiter",0.4,,0,,"OK"
"eea5ba0f-5511-4662-aa32-86f0cc2279f2","D11","PRIN","PRIN.AOS.groundwater.well.006","PRIN.W6.20190807.FIL","A00000104831","2019-08-07T15:57Z","2019-08-07T15:57Z","EcoCore_CSU","Cl",30.3000,"milligramsPerLiter",0.4,,0,,"OK"
"a7868d72-ff5b-4ca7-a0da-2dc17e52e794","D11","PRIN","PRIN.AOS.groundwater.well.006","PRIN.W6.20190807.FIL","A00000104831","2019-08-07T15:57Z","2019-08-07T15:57Z","EcoCore_CSU","NO2 - N",-0.0036,"milligramsPerLiter",0.4,,0,,"OK"
"7a298d21-555d-44d6-a68c-969329158a4d","D11","PRIN","PRIN.AOS.groundwater.well.006","PRIN.W6.20190807.FIL","A00000104831","2019-08-07T15:57Z","2019-08-07T15:57Z","EcoCore_CSU","Na",97.5700,"milligramsPerLiter",0.4,,0,,"OK"
"256d1972-1a6f-42a5-8150-8d37bf84a392","D11","PRIN","PRIN.AOS.groundwater.well.006","PRIN.W6.20190807.FIL","A00000104831","2019-08-07T15:57Z","2019-08-07T15:57Z","EcoCore_CSU","TDP",0.0250,"milligramsPerLiter",0.4,,0,,"OK"
"acc09ad5-2db8-4acb-8074-dcc7c0a7f11a","D11","PRIN","PRIN.AOS.groundwater.well.006","PRIN.W6.20190807.FIL","A00000104831","2019-08-07T15:57Z","2019-08-07T15:57Z","EcoCore_CSU","Ortho - P",0.0160,"milligramsPerLiter",0.4,,0,,"OK"
"1eea27ab-b47f-463b-ade9-464455f4e19d","D11","PRIN","PRIN.AOS.groundwater.well.006","PRIN.W6.20190807.FIL","A00000104831","2019-08-07T15:57Z","2019-08-07T15:57Z","EcoCore_CSU","NH4 - N",0.0156,"milligramsPerLiter",0.4,,0,,"OK"
"9b294b15-fcad-4c53-a4d0-7cac5e55c09d","D11","PRIN","PRIN.AOS.groundwater.well.006","PRIN.W6.20190807.FIL","A00000104831","2019-08-07T15:57Z","2019-08-07T15:57Z","EcoCore_CSU","UV Absorbance (250 nm)",0.0303,,0.4,,0,,"OK"
"78198c4f-092b-4d32-bb32-b0b403085b37","D11","PRIN","PRIN.AOS.groundwater.well.006","PRIN.W6.20190807.FIL","A00000104831","2019-08-07T15:57Z","2019-08-07T15:57Z","EcoCore_CSU","TDN",0.0953,"milligramsPerLiter",0.4,,0,,"OK"
"cc8a5f96-0f88-404b-9873-96acb6771f22","D11","PRIN","PRIN.AOS.groundwater.well.006","PRIN.W6.20190807.FIL","A00000104831","2019-08-07T15:57Z","2019-08-07T15:57Z","EcoCore_CSU","Mn",0.3340,"milligramsPerLiter",0.4,,0,,"OK"
"59ac5d33-9d12-4ffd-8c0a-db8dcdf26204","D11","PRIN","PRIN.AOS.groundwater.well.006","PRIN.W6.20190807.RAW","A00000104692","2019-08-07T15:57Z","2019-08-07T15:57Z","EcoCore_CSU","TN",0.0466,"milligramsPerLiter",0.4,,0,,"OK"
"c6c0bff4-33de-4d9a-b521-21c442c91ff0","D11","PRIN","PRIN.AOS.groundwater.well.006","PRIN.W6.20190807.FIL","A00000104831","2019-08-07T15:57Z","2019-08-07T15:57Z","EcoCore_CSU","K",3.3450,"milligramsPerLiter",0.4,,0,,"OK"
"fbef716e-5359-4e89-8400-9725187d401f","D11","PRIN","PRIN.AOS.groundwater.well.006","PRIN.W6.20190807.RAW","A00000104692","2019-08-07T15:57Z","2019-08-07T15:57Z","EcoCore_CSU","TSS - Dry Mass",500.0000,"microgram",0.4,,0,,"OK"
"79544d9d-6b3f-4ac9-ade1-541c70c91933","D11","PRIN","PRIN.AOS.groundwater.well.006","PRIN.W6.20190807.RAW","A00000104692","2019-08-07T15:57Z","2019-08-07T15:57Z","EcoCore_CSU","conductivity",1327.0000,"microsiemensPerCentimeter",0.4,,0,,"OK"
"c64efd7b-fddb-482b-8427-2bda090f1282","D11","PRIN","PRIN.AOS.groundwater.well.006","PRIN.W6.20190807.FIL","A00000104831","2019-08-07T15:57Z","2019-08-07T15:57Z","EcoCore_CSU","Br",0.0050,"milligramsPerLiter",0.4,,0,,"OK"
"5050934b-1787-4ad0-be1e-3d2dd5602c22","D11","PRIN","PRIN.AOS.groundwater.well.006","PRIN.W6.20190807.FIL","A00000104831","2019-08-07T15:57Z","2019-08-07T15:57Z","EcoCore_CSU","Ca",132.8900,"milligramsPerLiter",0.4,,0,,"OK"
"2842b6a9-8c97-4baf-8329-84296d6f95b2","D11","PRIN","PRIN.AOS.groundwater.well.006","PRIN.W6.20190807.FIL","A00000104831","2019-08-07T15:57Z","2019-08-07T15:57Z","EcoCore_CSU","UV Absorbance (280 nm)",0.0342,,0.4,,0,,"OK"
"d80ed585-0e69-4b01-a6df-a2624965b421","D11","PRIN","PRIN.AOS.groundwater.well.006","PRIN.W6.20190807.RAW","A00000104692","2019-08-07T15:57Z","2019-08-07T15:57Z","EcoCore_CSU","TOC",0.9415,"milligramsPerLiter",0.4,,0,,"OK"
"b423f15d-1c7e-4b3e-931a-d0d122b9bf86","D11","PRIN","PRIN.AOS.groundwater.well.006","PRIN.W6.20190807.FIL","A00000104831","2019-08-07T15:57Z","2019-08-07T15:57Z","EcoCore_CSU","HCO3",303.3900,"milligramsPerLiter",0.4,,0,,"OK"
"741ea61b-a029-4cf2-86a2-4c7d63415d8c","D11","PRIN","PRIN.AOS.groundwater.well.006","PRIN.W6.20190807.RAW","A00000104692","2019-08-07T15:57Z","2019-08-07T15:57Z","EcoCore_CSU","TSS",10.0000,"milligramsPerLiter",0.4,,0,,"OK"
"1e2313e0-3cf3-4228-a295-3349e2a427b2","D11","PRIN","PRIN.AOS.groundwater.well.006","PRIN.W6.20190807.RAW","A00000104692","2019-08-07T15:57Z","2019-08-07T15:57Z","EcoCore_CSU","ANC",5.3900,"milliequivalentsPerLiter",0.4,,0,,"OK"
"d6ff2ec9-a1d5-4fb0-badf-16bbc57e7ba9","D11","PRIN","PRIN.AOS.groundwater.well.006","PRIN.W6.20190807.FIL","A00000104831","2019-08-07T15:57Z","2019-08-07T15:57Z","EcoCore_CSU","DOC",1.0760,"milligramsPerLiter",0.4,,0,,"OK"
"31fc6a44-6226-4ef1-bd61-7ff22289fd72","D11","PRIN","PRIN.AOS.groundwater.well.006","PRIN.W6.20190807.FIL","A00000104831","2019-08-07T15:57Z","2019-08-07T15:57Z","EcoCore_CSU","Si",13.6500,"milligramsPerLiter",0.4,,0,,"OK"
"521a411c-fbbb-43f1-aeed-b435d7054c5e","D11","PRIN","PRIN.AOS.groundwater.well.006","PRIN.W6.20190807.FIL","A00000104831","2019-08-07T15:57Z","2019-08-07T15:57Z","EcoCore_CSU","NO3+NO2 - N",0.0122,"milligramsPerLiter",0.4,,0,,"OK"
"59735f0b-2bd0-4e8e-b936-f5fa246d366d","D11","PRIN","PRIN.AOS.groundwater.well.006","PRIN.W6.20190807.RAW","A00000104692","2019-08-07T15:57Z","2019-08-07T15:57Z","EcoCore_CSU","pH",7.2800,"pH",0.4,,0,,"OK"
"5480328d-2fae-4302-aa0c-b5f1315e8706","D11","PRIN","PRIN.AOS.groundwater.well.006","PRIN.W6.20190807.FIL","A00000104831","2019-08-07T15:57Z","2019-08-07T15:57Z","EcoCore_CSU","CO3",0.0050,"milligramsPerLiter",0.4,,0,,"OK"
"7342eedf-6d84-4438-b7fc-9e90a42f3b60","D11","PRIN","PRIN.AOS.groundwater.well.006","PRIN.W6.20190807.FIL","A00000104831","2019-08-07T15:57Z","2019-08-07T15:57Z","EcoCore_CSU","TDS",927.1000,"milligramsPerLiter",0.4,,0,,"OK"
"84435d1f-41da-4831-b060-ba5fa3f13ea6","D11","PRIN","PRIN.AOS.groundwater.well.006","PRIN.W6.20190807.FIL","A00000104831","2019-08-07T15:57Z","2019-08-07T15:57Z","EcoCore_CSU","F",2.4700,"milligramsPerLiter",0.4,,0,,"OK"
"852b6e6a-a606-4128-bcbe-0d42c2111b91","D11","PRIN","PRIN.AOS.groundwater.well.006","PRIN.W6.20190807.FIL","A00000104831","2019-08-07T15:57Z","2019-08-07T15:57Z","EcoCore_CSU","DIC",81.2200,"milligramsPerLiter",0.4,,0,,"OK"
"eb6f767f-1140-4f26-8ec9-20b681308c4a","D11","PRIN","PRIN.AOS.groundwater.well.006","PRIN.W6.20190807.RAW","A00000104692","2019-08-07T15:57Z","2019-08-07T15:57Z","EcoCore_CSU","TP",0.1170,"milligramsPerLiter",0.4,,0,,"OK"
"b2a79685-ad91-4841-9882-cc47e7668cc8","D11","PRIN","PRIN.AOS.groundwater.well.006","PRIN.W6.20190807.PCN","A00000104843","2019-08-07T15:57Z","2019-08-07T15:57Z","EcoCore_CSU","TPC",0.2716,"milligram",0.4,,0,,"OK"
