uid,domainID,siteID,namedLocation,decimalLatitude,decimalLongitude,coordinateUncertainty,elevation,elevationUncertainty,geodeticDatum,collectDate,aquaticSiteType,samplingImpractical,waterChemSamplesCollected,adequateSampleVol,parentSampleID,eventID,swcSamplingProtocolVersion,sampleExtractionMethod,samplerType,totalWellDepth,wellWaterDepth,waterColumnHeight,sampleDepth,purgeAverageDischargeRate,purgeTime,gwWellStabilized,purgeDryDateTime,pumpPlacementDate,screenedIntervalDepth,maxAllowableDrawdown,actualDrawdown,MADExceeded,wellVolumePurged,probeIDUnavailable,dissolvedOxygen,dissolvedOxygenSaturation,specificConductance,waterTemp,pH,waterClarityDescrip,waterColorDescrip,aCollectedBy,bCollectedBy,remarks
"64fd98e8-f53e-43fd-abfb-65cbabd8af8c","D11","PRIN","PRIN.AOS.groundwater.well.001",33.377712,-97.784321,0.1,257.9,0.1,"WGS84","2019-08-05T16:06Z","stream",,,"Y","PRIN.W1.20190805","PRIN.20190805","NEON.DOC.002905vF","low-flow","Groundwater Pump",8.2,5.5,2.7,6.5,,,,,,,,,,3.8,,0.95,12.30,376.00,22.80,6.12,"cloudy","colorless","0000-0003-2362-0002","0000-0002-2086-5736",
"53c3d44d-a5bd-420d-bb81-35cbb42df68b","D11","PRIN","PRIN.AOS.groundwater.well.002",33.378246,-97.783720,0.1,257.4,0.1,"WGS84","2019-08-05T18:15Z","stream",,,"Y","PRIN.W2.20190805","PRIN.20190805","NEON.DOC.002905vF","low-flow","Groundwater Pump",6.2,5.1,1.1,5.7,,,,,,,,,,3.1,,0.77,8.80,704.00,23.20,7.02,"clear","brown","0000-0002-2086-5736","0000-0003-2362-0002",
"6d5ec731-44e3-4bff-8e41-560926f01d7d","D11","PRIN","PRIN.AOS.groundwater.well.004",33.378274,-97.782704,0.1,258.1,0.1,"WGS84","2019-08-07T14:32Z","stream","shallow groundwater",,"N","PRIN.W4.20190807","PRIN.20190807","NEON.DOC.002905vF","low-flow","Groundwater Pump",6.6,6.2,0.4,,,,,,,,,,,,,,,,,,,,"0000-0002-1844-4553","0000-0002-2086-5736",
"ebc2ecaa-da68-4bc6-977e-be7ea7906d73","D11","PRIN","PRIN.AOS.groundwater.well.006",33.378106,-97.781605,0.1,257.0,0.1,"WGS84","2019-08-07T15:57Z","stream",,,"Y","PRIN.W6.20190807","PRIN.20190807","NEON.DOC.002905vF","low-flow","Groundwater Pump",8.6,5.5,3.1,6.5,,,,,,,,,,8.0,,0.20,2.50,1370.00,25.80,6.79,"clear","colorless","0000-0002-1844-4553","0000-0002-2086-5736",
