uid,domainID,siteID,namedLocation,collectDate,titrationDate,parentSampleID,domainSampleID,remarks,measuredBy,alkMeqPerL,alkMgPerL,ancMeqPerL,ancMgPerL
"7f8f1839-8071-4296-bde7-b3d9354a81ce","D03","SUGG","SUGG.AOS.groundwater.well.005","2018-10-01T16:14Z","2018-10-02T16:03Z","SUGG.W5.20181001","SUGG.W5.20181001.ALK",,"ksandusky@battelleecology.org",0.120,5.930,,
"fdfdeed3-fbda-4865-8df6-8d5b1ecccbeb","D03","SUGG","SUGG.AOS.groundwater.well.004","2018-10-01T17:37Z","2018-10-02T16:50Z","SUGG.W4.20181001","SUGG.W4.20181001.ALK",,"biwaniec@battelleecology.org",0.090,4.540,,
"3d6d7dad-dcef-46b4-ba40-8ab1243c19a8","D03","SUGG","SUGG.AOS.groundwater.well.006","2018-10-02T13:38Z","2018-10-02T19:50Z","SUGG.W6.20181002","SUGG.W6.20181002.ALK",,"biwaniec@battelleecology.org",1.720,86.000,,
"6d3b6262-541f-4e9c-a8d0-4c1e198fa172","D03","SUGG","SUGG.AOS.groundwater.well.008","2018-10-02T14:43Z","2018-10-02T20:32Z","SUGG.W8.20181002","SUGG.W8.20181002.ALK",,"biwaniec@battelleecology.org",0.060,2.830,,
