uid,domainID,siteID,namedLocation,decimalLatitude,decimalLongitude,coordinateUncertainty,elevation,elevationUncertainty,geodeticDatum,collectDate,aquaticSiteType,samplingImpractical,waterChemSamplesCollected,adequateSampleVol,parentSampleID,eventID,swcSamplingProtocolVersion,sampleExtractionMethod,samplerType,totalWellDepth,wellWaterDepth,waterColumnHeight,sampleDepth,purgeAverageDischargeRate,purgeTime,gwWellStabilized,purgeDryDateTime,pumpPlacementDate,screenedIntervalDepth,maxAllowableDrawdown,actualDrawdown,MADExceeded,wellVolumePurged,probeIDUnavailable,dissolvedOxygen,dissolvedOxygenSaturation,specificConductance,waterTemp,pH,waterClarityDescrip,waterColorDescrip,aCollectedBy,bCollectedBy,remarks
"d6e91ac3-67fa-4a1d-be00-7d2e6028a930","D03","SUGG","SUGG.AOS.groundwater.well.005",29.688883,-82.013542,0.1,38.7,0.1,"WGS84","2018-10-01T16:14Z","lake",,,"Y","SUGG.W5.20181001","SUGG.20181001","NEON.DOC.002905vE","low-flow","Groundwater Pump",14.9,7.5,7.3,8.5,,,,,,,,,,3.5,,8.76,113.70,43.10,24.90,,"cloudy","colorless","kross@BattelleEcology.org","bgottloeb@neoninc.org",
"857f7ba3-bd15-4fab-bd27-4ab2ff85b495","D03","SUGG","SUGG.AOS.groundwater.well.004",29.691331,-82.015778,0.1,34.5,0.1,"WGS84","2018-10-01T17:37Z","lake",,,"Y","SUGG.W4.20181001","SUGG.20181001","NEON.DOC.002905vE","low-flow","Groundwater Pump",14.7,4.9,9.9,5.9,,,,,,,,,,2.9,,9.33,110.10,40.30,23.70,,"cloudy","colorless","kross@BattelleEcology.org","bgottloeb@neoninc.org",
"67ada817-b902-4c9a-a990-6d62915c2aba","D03","SUGG","SUGG.AOS.groundwater.well.006",29.683664,-82.015261,0.1,37.4,0.1,"WGS84","2018-10-02T13:38Z","lake",,,"Y","SUGG.W6.20181002","SUGG.20181002","NEON.DOC.002905vE","low-flow","Groundwater Pump",11.0,7.7,3.3,8.7,,,,,,,,,,3.9,,5.69,66.20,252.00,23.00,,"cloudy","colorless","kross@BattelleEcology.org","bgottloeb@neoninc.org",
"5368cb48-e075-4ec6-a5f3-83d919702420","D03","SUGG","SUGG.AOS.groundwater.well.008",29.684442,-82.017677,0.1,32.1,0.1,"WGS84","2018-10-02T14:43Z","lake",,,"Y","SUGG.W8.20181002","SUGG.20181002","NEON.DOC.002905vE","low-flow","Groundwater Pump",13.0,3.6,9.4,4.6,,,,,,,,,,6.0,,2.08,24.50,79.90,24.00,,"clear","brown","kross@BattelleEcology.org","bgottloeb@neoninc.org",
