uid,domainID,siteID,namedLocation,sampleID,sampleCode,startDate,collectDate,laboratoryName,analyte,analyteConcentration,analyteUnits,coolerTemp,remarks,shipmentWarmQF,externalLabDataQF,sampleCondition
"14a55c60-497c-481d-a46d-f5cb99d63b0a","D03","SUGG","SUGG.AOS.groundwater.well.005","SUGG.W5.20181001.FIL","A00000003565","2018-10-01T16:14Z","2018-10-01T16:14Z","EcoCore_CSU","Na",1.4030,"milligramsPerLiter",0.3,,0,"formatChange","GOOD"
"a5333ba3-8823-4233-bd45-97329609476a","D03","SUGG","SUGG.AOS.groundwater.well.005","SUGG.W5.20181001.RAW","A00000003587","2018-10-01T16:14Z","2018-10-01T16:14Z","EcoCore_CSU","TN",0.0026,"milligramsPerLiter",0.3,,0,"formatChange","GOOD"
"9a9e2068-0ffd-4ad3-a5bc-d68a03af90d7","D03","SUGG","SUGG.AOS.groundwater.well.005","SUGG.W5.20181001.FIL","A00000003565","2018-10-01T16:14Z","2018-10-01T16:14Z","EcoCore_CSU","Ortho - P",1.3130,"milligramsPerLiter",0.3,,0,"formatChange","GOOD"
"ea599621-c72d-48e1-a47c-ff87ffcac2a0","D03","SUGG","SUGG.AOS.groundwater.well.005","SUGG.W5.20181001.FIL","A00000003565","2018-10-01T16:14Z","2018-10-01T16:14Z","EcoCore_CSU","HCO3",12.7574,"milligramsPerLiter",0.3,,0,"formatChange","GOOD"
"c0f18f65-f735-4fea-9329-2f1a8d1dfccb","D03","SUGG","SUGG.AOS.groundwater.well.005","SUGG.W5.20181001.RAW","A00000003587","2018-10-01T16:14Z","2018-10-01T16:14Z","EcoCore_CSU","pH",6.1000,"pH",0.3,,0,"formatChange","GOOD"
"511df3a1-2347-42d5-9681-d8181fbbb7f8","D03","SUGG","SUGG.AOS.groundwater.well.005","SUGG.W5.20181001.FIL","A00000003565","2018-10-01T16:14Z","2018-10-01T16:14Z","EcoCore_CSU","Fe",0.0005,"milligramsPerLiter",0.3,,0,"formatChange","GOOD"
"b777bca3-c277-4e45-80cb-131bc1d48a18","D03","SUGG","SUGG.AOS.groundwater.well.005","SUGG.W5.20181001.FIL","A00000003565","2018-10-01T16:14Z","2018-10-01T16:14Z","EcoCore_CSU","Mn",0.0005,"milligramsPerLiter",0.3,,0,"formatChange","GOOD"
"745cc018-727c-4e36-b772-9b2173f1230e","D03","SUGG","SUGG.AOS.groundwater.well.005","SUGG.W5.20181001.RAW","A00000003587","2018-10-01T16:14Z","2018-10-01T16:14Z","EcoCore_CSU","TSS - Dry Mass",500.0000,"microgram",0.3,,0,"formatChange","GOOD"
"d06d0f22-4d5e-4428-ab8e-9aa1cf8764f0","D03","SUGG","SUGG.AOS.groundwater.well.005","SUGG.W5.20181001.FIL","A00000003565","2018-10-01T16:14Z","2018-10-01T16:14Z","EcoCore_CSU","TDS",24.6900,"milligramsPerLiter",0.3,,0,"formatChange","GOOD"
"47401cf9-c224-45be-96be-36bef6070668","D03","SUGG","SUGG.AOS.groundwater.well.005","SUGG.W5.20181001.RAW","A00000003587","2018-10-01T16:14Z","2018-10-01T16:14Z","EcoCore_CSU","ANC",0.2150,"milliequivalentsPerLiter",0.3,,0,"formatChange","GOOD"
"9063fc9a-16e2-4379-ae86-2c13a426e442","D03","SUGG","SUGG.AOS.groundwater.well.005","SUGG.W5.20181001.FIL","A00000003565","2018-10-01T16:14Z","2018-10-01T16:14Z","EcoCore_CSU","Mg",0.6490,"milligramsPerLiter",0.3,,0,"formatChange","GOOD"
"5cdb58c0-85e3-4553-b366-ee49b4533789","D03","SUGG","SUGG.AOS.groundwater.well.005","SUGG.W5.20181001.FIL","A00000003565","2018-10-01T16:14Z","2018-10-01T16:14Z","EcoCore_CSU","Ca",4.5865,"milligramsPerLiter",0.3,,0,"formatChange","GOOD"
"f3f286b2-9d6c-4929-8c9d-cd480d44c939","D03","SUGG","SUGG.AOS.groundwater.well.005","SUGG.W5.20181001.FIL","A00000003565","2018-10-01T16:14Z","2018-10-01T16:14Z","EcoCore_CSU","NO2 - N",0.0233,"milligramsPerLiter",0.3,,0,"formatChange","GOOD"
"f748717e-267c-4244-bfc6-ea62e03bfa97","D03","SUGG","SUGG.AOS.groundwater.well.005","SUGG.W5.20181001.FIL","A00000003565","2018-10-01T16:14Z","2018-10-01T16:14Z","EcoCore_CSU","NH4 - N",0.0550,"milligramsPerLiter",0.3,,0,"formatChange","GOOD"
"acaa048a-da28-4b53-81d3-3f9b9f3b65d7","D03","SUGG","SUGG.AOS.groundwater.well.005","SUGG.W5.20181001.FIL","A00000003565","2018-10-01T16:14Z","2018-10-01T16:14Z","EcoCore_CSU","UV Absorbance (280 nm)",0.0315,,0.3,,0,"formatChange","GOOD"
"9aeedd77-8555-4851-a708-fe47af081d26","D03","SUGG","SUGG.AOS.groundwater.well.005","SUGG.W5.20181001.FIL","A00000003565","2018-10-01T16:14Z","2018-10-01T16:14Z","EcoCore_CSU","UV Absorbance (250 nm)",0.0417,,0.3,,0,"formatChange","GOOD"
"ec903546-0995-4ae2-bed8-6d3d8b0c97c6","D03","SUGG","SUGG.AOS.groundwater.well.005","SUGG.W5.20181001.FIL","A00000003565","2018-10-01T16:14Z","2018-10-01T16:14Z","EcoCore_CSU","CO3",0.0050,"milligramsPerLiter",0.3,,0,"formatChange","GOOD"
"e87ebeb6-26b3-4546-971c-a134cf516ee5","D03","SUGG","SUGG.AOS.groundwater.well.005","SUGG.W5.20181001.FIL","A00000003565","2018-10-01T16:14Z","2018-10-01T16:14Z","EcoCore_CSU","F",0.1700,"milligramsPerLiter",0.3,,0,"formatChange","GOOD"
"a3eb50bd-9c62-4d4e-b545-e82b69b5238e","D03","SUGG","SUGG.AOS.groundwater.well.005","SUGG.W5.20181001.PCN","A00000003572","2018-10-01T16:14Z","2018-10-01T16:14Z","EcoCore_CSU","TPC",0.2512,"milligram",0.3,,0,"formatChange","GOOD"
"1794b5fd-f8a3-4abb-bdd8-19944f710eca","D03","SUGG","SUGG.AOS.groundwater.well.005","SUGG.W5.20181001.FIL","A00000003565","2018-10-01T16:14Z","2018-10-01T16:14Z","EcoCore_CSU","TDN",-0.0169,"milligramsPerLiter",0.3,,0,"formatChange","GOOD"
"5a963410-ec02-42f9-a542-e75c5bf54e98","D03","SUGG","SUGG.AOS.groundwater.well.005","SUGG.W5.20181001.FIL","A00000003565","2018-10-01T16:14Z","2018-10-01T16:14Z","EcoCore_CSU","NO3+NO2 - N",0.0500,"milligramsPerLiter",0.3,,0,"formatChange","GOOD"
"810ffb79-1fbd-458e-a053-afbe9ff46c8d","D03","SUGG","SUGG.AOS.groundwater.well.005","SUGG.W5.20181001.FIL","A00000003565","2018-10-01T16:14Z","2018-10-01T16:14Z","EcoCore_CSU","DOC",0.4630,"milligramsPerLiter",0.3,,0,"formatChange","GOOD"
"48e38178-3c5d-434b-9664-3f5629008f5d","D03","SUGG","SUGG.AOS.groundwater.well.005","SUGG.W5.20181001.RAW","A00000003587","2018-10-01T16:14Z","2018-10-01T16:14Z","EcoCore_CSU","TSS",10.0000,"milligramsPerLiter",0.3,,0,"formatChange","GOOD"
"40883915-be59-4587-b085-18ef05ceb2bc","D03","SUGG","SUGG.AOS.groundwater.well.005","SUGG.W5.20181001.FIL","A00000003565","2018-10-01T16:14Z","2018-10-01T16:14Z","EcoCore_CSU","SO4",0.3100,"milligramsPerLiter",0.3,,0,"formatChange","GOOD"
"11c439a1-bc80-4fc6-9c8c-d2c591cb9111","D03","SUGG","SUGG.AOS.groundwater.well.005","SUGG.W5.20181001.FIL","A00000003565","2018-10-01T16:14Z","2018-10-01T16:14Z","EcoCore_CSU","Br",0.0050,"milligramsPerLiter",0.3,,0,"formatChange","GOOD"
"81cdb540-5524-4b6c-84e1-90eb9c5b6621","D03","SUGG","SUGG.AOS.groundwater.well.005","SUGG.W5.20181001.FIL","A00000003565","2018-10-01T16:14Z","2018-10-01T16:14Z","EcoCore_CSU","K",0.1300,"milligramsPerLiter",0.3,,0,"formatChange","GOOD"
"adb5eef9-3616-48c7-884f-cc1f5d3d72d4","D03","SUGG","SUGG.AOS.groundwater.well.005","SUGG.W5.20181001.FIL","A00000003565","2018-10-01T16:14Z","2018-10-01T16:14Z","EcoCore_CSU","TDP",0.0142,"milligramsPerLiter",0.3,,0,"formatChange","GOOD"
"019331b9-09d1-455b-a7a3-4c456dc525a9","D03","SUGG","SUGG.AOS.groundwater.well.005","SUGG.W5.20181001.RAW","A00000003587","2018-10-01T16:14Z","2018-10-01T16:14Z","EcoCore_CSU","TP",2.0492,"milligramsPerLiter",0.3,,0,"formatChange","GOOD"
"ce3505cf-e0c1-4e64-9412-a93150045504","D03","SUGG","SUGG.AOS.groundwater.well.005","SUGG.W5.20181001.FIL","A00000003565","2018-10-01T16:14Z","2018-10-01T16:14Z","EcoCore_CSU","Cl",4.5300,"milligramsPerLiter",0.3,,0,"formatChange","GOOD"
"32c1a5eb-44c1-45eb-ade7-15783acb8012","D03","SUGG","SUGG.AOS.groundwater.well.005","SUGG.W5.20181001.FIL","A00000003565","2018-10-01T16:14Z","2018-10-01T16:14Z","EcoCore_CSU","DIC",3.1740,"milligramsPerLiter",0.3,,0,"formatChange","GOOD"
"59990fa7-e917-4bc5-a14d-bd1abe6bc1d4","D03","SUGG","SUGG.AOS.groundwater.well.005","SUGG.W5.20181001.RAW","A00000003587","2018-10-01T16:14Z","2018-10-01T16:14Z","EcoCore_CSU","conductivity",36.9200,"microsiemensPerCentimeter",0.3,,0,"formatChange","GOOD"
"21b8dafa-d161-4a81-aec0-aa9794a0d343","D03","SUGG","SUGG.AOS.groundwater.well.005","SUGG.W5.20181001.FIL","A00000003565","2018-10-01T16:14Z","2018-10-01T16:14Z","EcoCore_CSU","Si",3.9087,"milligramsPerLiter",0.3,,0,"formatChange","GOOD"
"30680eb5-ee70-4405-8a0e-7d230c33d19c","D03","SUGG","SUGG.AOS.groundwater.well.005","SUGG.W5.20181001.PCN","A00000003572","2018-10-01T16:14Z","2018-10-01T16:14Z","EcoCore_CSU","TPN",0.0703,"milligram",0.3,,0,"formatChange","GOOD"
"13764031-a936-4e2d-a20b-612b02615ebf","D03","SUGG","SUGG.AOS.groundwater.well.005","SUGG.W5.20181001.RAW","A00000003587","2018-10-01T16:14Z","2018-10-01T16:14Z","EcoCore_CSU","TOC",0.4750,"milligramsPerLiter",0.3,,0,"formatChange","GOOD"
"59d944b7-5836-43f0-8abe-56764b381af2","D03","SUGG","SUGG.AOS.groundwater.well.004","SUGG.W4.20181001.FIL","A00000003568","2018-10-01T17:37Z","2018-10-01T17:37Z","EcoCore_CSU","HCO3",10.4305,"milligramsPerLiter",0.3,,0,"formatChange","GOOD"
"f9d3e846-3149-4c2a-b1d1-5a246c3b2395","D03","SUGG","SUGG.AOS.groundwater.well.004","SUGG.W4.20181001.FIL","A00000003568","2018-10-01T17:37Z","2018-10-01T17:37Z","EcoCore_CSU","TDS",24.5600,"milligramsPerLiter",0.3,,0,"formatChange","GOOD"
"e148e3e8-43e4-484e-b35a-b59d7102b61f","D03","SUGG","SUGG.AOS.groundwater.well.004","SUGG.W4.20181001.FIL","A00000003568","2018-10-01T17:37Z","2018-10-01T17:37Z","EcoCore_CSU","Mg",1.1780,"milligramsPerLiter",0.3,,0,"formatChange","GOOD"
"a01132be-647b-49fe-b2e5-ba454144792c","D03","SUGG","SUGG.AOS.groundwater.well.004","SUGG.W4.20181001.FIL","A00000003568","2018-10-01T17:37Z","2018-10-01T17:37Z","EcoCore_CSU","Br",2.3200,"milligramsPerLiter",0.3,,0,"formatChange","GOOD"
"e4e2c87a-f29b-4fd8-865a-aa86a68bab8d","D03","SUGG","SUGG.AOS.groundwater.well.004","SUGG.W4.20181001.FIL","A00000003568","2018-10-01T17:37Z","2018-10-01T17:37Z","EcoCore_CSU","Fe",0.0005,"milligramsPerLiter",0.3,,0,"formatChange","GOOD"
"60d91259-67a6-4309-869b-31f5286b0d82","D03","SUGG","SUGG.AOS.groundwater.well.004","SUGG.W4.20181001.RAW","A00000003585","2018-10-01T17:37Z","2018-10-01T17:37Z","EcoCore_CSU","TSS - Dry Mass",1400.0000,"microgram",0.3,,0,"formatChange","GOOD"
"8ae4f0c5-f51d-403e-a1c6-2e157b8dca78","D03","SUGG","SUGG.AOS.groundwater.well.004","SUGG.W4.20181001.PCN","A00000003573","2018-10-01T17:37Z","2018-10-01T17:37Z","EcoCore_CSU","TPN",0.0859,"milligram",0.3,,0,"formatChange","GOOD"
"29d18e2e-e08f-4499-9a5f-47172c4c4f4c","D03","SUGG","SUGG.AOS.groundwater.well.004","SUGG.W4.20181001.FIL","A00000003568","2018-10-01T17:37Z","2018-10-01T17:37Z","EcoCore_CSU","TDN",0.0097,"milligramsPerLiter",0.3,,0,"formatChange","GOOD"
"a5b706a4-33e7-41ed-b344-22b906367d4d","D03","SUGG","SUGG.AOS.groundwater.well.004","SUGG.W4.20181001.RAW","A00000003585","2018-10-01T17:37Z","2018-10-01T17:37Z","EcoCore_CSU","ANC",0.1820,"milliequivalentsPerLiter",0.3,,0,"formatChange","GOOD"
"e6b29354-7ae1-45d2-8f9d-16e234af0cef","D03","SUGG","SUGG.AOS.groundwater.well.004","SUGG.W4.20181001.FIL","A00000003568","2018-10-01T17:37Z","2018-10-01T17:37Z","EcoCore_CSU","K",0.0700,"milligramsPerLiter",0.3,,0,"formatChange","GOOD"
"97a2924a-102f-4015-b520-311706901e7b","D03","SUGG","SUGG.AOS.groundwater.well.004","SUGG.W4.20181001.RAW","A00000003585","2018-10-01T17:37Z","2018-10-01T17:37Z","EcoCore_CSU","TP",2.5123,"milligramsPerLiter",0.3,,0,"formatChange","GOOD"
"382b0340-79a0-43d2-808c-b7638f2d9e1b","D03","SUGG","SUGG.AOS.groundwater.well.004","SUGG.W4.20181001.FIL","A00000003568","2018-10-01T17:37Z","2018-10-01T17:37Z","EcoCore_CSU","SO4",0.2400,"milligramsPerLiter",0.3,,0,"formatChange","GOOD"
"bd2e0b1b-5947-446d-9c8f-02eec70ace3f","D03","SUGG","SUGG.AOS.groundwater.well.004","SUGG.W4.20181001.FIL","A00000003568","2018-10-01T17:37Z","2018-10-01T17:37Z","EcoCore_CSU","Mn",0.0005,"milligramsPerLiter",0.3,,0,"formatChange","GOOD"
"737208ad-bcab-45ba-b002-69867e1b0533","D03","SUGG","SUGG.AOS.groundwater.well.004","SUGG.W4.20181001.FIL","A00000003568","2018-10-01T17:37Z","2018-10-01T17:37Z","EcoCore_CSU","NO3+NO2 - N",0.0669,"milligramsPerLiter",0.3,,0,"formatChange","GOOD"
"96ecf48d-1657-4e9f-b82e-57c16a6d5ce2","D03","SUGG","SUGG.AOS.groundwater.well.004","SUGG.W4.20181001.FIL","A00000003568","2018-10-01T17:37Z","2018-10-01T17:37Z","EcoCore_CSU","UV Absorbance (250 nm)",0.0347,,0.3,,0,"formatChange","GOOD"
"3925288b-0b30-4215-94fa-3efa5a8c4d89","D03","SUGG","SUGG.AOS.groundwater.well.004","SUGG.W4.20181001.FIL","A00000003568","2018-10-01T17:37Z","2018-10-01T17:37Z","EcoCore_CSU","UV Absorbance (280 nm)",0.0264,,0.3,,0,"formatChange","GOOD"
"501f6bdb-0c18-429d-bef3-2c884bdec8aa","D03","SUGG","SUGG.AOS.groundwater.well.004","SUGG.W4.20181001.FIL","A00000003568","2018-10-01T17:37Z","2018-10-01T17:37Z","EcoCore_CSU","Ca",3.3437,"milligramsPerLiter",0.3,,0,"formatChange","GOOD"
"78e4545e-9c15-4184-9750-65d453e621ef","D03","SUGG","SUGG.AOS.groundwater.well.004","SUGG.W4.20181001.FIL","A00000003568","2018-10-01T17:37Z","2018-10-01T17:37Z","EcoCore_CSU","F",0.5400,"milligramsPerLiter",0.3,,0,"formatChange","GOOD"
"a8a13642-357c-4aa2-8d74-aaeb01f43630","D03","SUGG","SUGG.AOS.groundwater.well.004","SUGG.W4.20181001.FIL","A00000003568","2018-10-01T17:37Z","2018-10-01T17:37Z","EcoCore_CSU","DOC",0.8351,"milligramsPerLiter",0.3,,0,"formatChange","GOOD"
"2cdfae33-a673-4641-a252-66af03e9ee61","D03","SUGG","SUGG.AOS.groundwater.well.004","SUGG.W4.20181001.PCN","A00000003573","2018-10-01T17:37Z","2018-10-01T17:37Z","EcoCore_CSU","TPC",0.2603,"milligram",0.3,,0,"formatChange","GOOD"
"89c4ba08-01de-436c-a18c-d6aaceab3f84","D03","SUGG","SUGG.AOS.groundwater.well.004","SUGG.W4.20181001.RAW","A00000003585","2018-10-01T17:37Z","2018-10-01T17:37Z","EcoCore_CSU","TSS",28.0000,"milligramsPerLiter",0.3,,0,"formatChange","GOOD"
"7ff5c5e0-2eae-40fb-8168-cea13e89c0b8","D03","SUGG","SUGG.AOS.groundwater.well.004","SUGG.W4.20181001.FIL","A00000003568","2018-10-01T17:37Z","2018-10-01T17:37Z","EcoCore_CSU","Na",1.7810,"milligramsPerLiter",0.3,,0,"formatChange","GOOD"
"1353b5f7-8659-4e72-8fad-b465d2b2cf03","D03","SUGG","SUGG.AOS.groundwater.well.004","SUGG.W4.20181001.RAW","A00000003585","2018-10-01T17:37Z","2018-10-01T17:37Z","EcoCore_CSU","conductivity",37.0300,"microsiemensPerCentimeter",0.3,,0,"formatChange","GOOD"
"586d9546-6f33-44f3-a24f-6e93d2b04eb8","D03","SUGG","SUGG.AOS.groundwater.well.004","SUGG.W4.20181001.RAW","A00000003585","2018-10-01T17:37Z","2018-10-01T17:37Z","EcoCore_CSU","pH",5.9700,"pH",0.3,,0,"formatChange","GOOD"
"2fb5c386-a7e1-4f62-9574-cb0ef17ef04f","D03","SUGG","SUGG.AOS.groundwater.well.004","SUGG.W4.20181001.FIL","A00000003568","2018-10-01T17:37Z","2018-10-01T17:37Z","EcoCore_CSU","NO2 - N",0.0238,"milligramsPerLiter",0.3,,0,"formatChange","GOOD"
"b8544676-f8be-46d5-95a3-a3fb05c703a8","D03","SUGG","SUGG.AOS.groundwater.well.004","SUGG.W4.20181001.FIL","A00000003568","2018-10-01T17:37Z","2018-10-01T17:37Z","EcoCore_CSU","Ortho - P",1.1160,"milligramsPerLiter",0.3,,0,"formatChange","GOOD"
"d5b91cb0-268e-4d52-8631-8fe51efc5b44","D03","SUGG","SUGG.AOS.groundwater.well.004","SUGG.W4.20181001.FIL","A00000003568","2018-10-01T17:37Z","2018-10-01T17:37Z","EcoCore_CSU","Cl",4.0600,"milligramsPerLiter",0.3,,0,"formatChange","GOOD"
"435a4557-80ce-4729-b590-4311c84bb82c","D03","SUGG","SUGG.AOS.groundwater.well.004","SUGG.W4.20181001.FIL","A00000003568","2018-10-01T17:37Z","2018-10-01T17:37Z","EcoCore_CSU","NH4 - N",0.0500,"milligramsPerLiter",0.3,,0,"formatChange","GOOD"
"5c49a99b-84b8-4aa4-99b3-95920fbdb025","D03","SUGG","SUGG.AOS.groundwater.well.004","SUGG.W4.20181001.FIL","A00000003568","2018-10-01T17:37Z","2018-10-01T17:37Z","EcoCore_CSU","Si",3.9406,"milligramsPerLiter",0.3,,0,"formatChange","GOOD"
"f392e369-de7f-467a-92e3-c73a25a87e51","D03","SUGG","SUGG.AOS.groundwater.well.004","SUGG.W4.20181001.FIL","A00000003568","2018-10-01T17:37Z","2018-10-01T17:37Z","EcoCore_CSU","TDP",1.5410,"milligramsPerLiter",0.3,,0,"formatChange","GOOD"
"9468838c-b078-4083-bd42-60c85d5fa886","D03","SUGG","SUGG.AOS.groundwater.well.004","SUGG.W4.20181001.RAW","A00000003585","2018-10-01T17:37Z","2018-10-01T17:37Z","EcoCore_CSU","TN",0.0111,"milligramsPerLiter",0.3,,0,"formatChange","GOOD"
"ecf59c37-4cb2-4118-8c77-b4ce345082b7","D03","SUGG","SUGG.AOS.groundwater.well.004","SUGG.W4.20181001.RAW","A00000003585","2018-10-01T17:37Z","2018-10-01T17:37Z","EcoCore_CSU","TOC",0.6589,"milligramsPerLiter",0.3,,0,"formatChange","GOOD"
"0712dd27-6ec9-49a9-bdb8-1371817f1371","D03","SUGG","SUGG.AOS.groundwater.well.004","SUGG.W4.20181001.FIL","A00000003568","2018-10-01T17:37Z","2018-10-01T17:37Z","EcoCore_CSU","CO3",0.0050,"milligramsPerLiter",0.3,,0,"formatChange","GOOD"
"7e204f75-08e4-4694-91b4-2bed41e9791e","D03","SUGG","SUGG.AOS.groundwater.well.004","SUGG.W4.20181001.FIL","A00000003568","2018-10-01T17:37Z","2018-10-01T17:37Z","EcoCore_CSU","DIC",4.1380,"milligramsPerLiter",0.3,,0,"formatChange","GOOD"
"cd80b34a-353f-4e2a-acfd-9e24b9085e51","D03","SUGG","SUGG.AOS.groundwater.well.006","SUGG.W6.20181002.FIL","A00000003590","2018-10-02T13:38Z","2018-10-02T13:38Z","EcoCore_CSU","DOC",0.9308,"milligramsPerLiter",0.8,,0,"formatChange","GOOD"
"23812d48-6da1-4478-b1c1-528b0d741f47","D03","SUGG","SUGG.AOS.groundwater.well.006","SUGG.W6.20181002.PCN","A00000005342","2018-10-02T13:38Z","2018-10-02T13:38Z","EcoCore_CSU","TPN",0.0645,"milligram",0.8,,0,"formatChange","GOOD"
"de7a37e9-c8f7-4255-9098-31a5aa696e9b","D03","SUGG","SUGG.AOS.groundwater.well.006","SUGG.W6.20181002.FIL","A00000003590","2018-10-02T13:38Z","2018-10-02T13:38Z","EcoCore_CSU","TDN",-0.0469,"milligramsPerLiter",0.8,"SUGG.w6.20181002 and SUGG.w8.20181002 bottles switched on initial DOC/TDN run, but were rerun and corrected here",0,"formatChange","Other"
"e6092da9-6cc2-41ff-8360-b964b042506a","D03","SUGG","SUGG.AOS.groundwater.well.006","SUGG.W6.20181002.FIL","A00000003590","2018-10-02T13:38Z","2018-10-02T13:38Z","EcoCore_CSU","CO3",0.0050,"milligramsPerLiter",0.8,,0,"formatChange","GOOD"
"e4d4602c-1a20-47c6-acc0-02b2e24a4b4f","D03","SUGG","SUGG.AOS.groundwater.well.006","SUGG.W6.20181002.FIL","A00000003590","2018-10-02T13:38Z","2018-10-02T13:38Z","EcoCore_CSU","Br",0.2700,"milligramsPerLiter",0.8,,0,"formatChange","GOOD"
"24798b8d-d83d-42a4-a937-5ed7c25720c8","D03","SUGG","SUGG.AOS.groundwater.well.006","SUGG.W6.20181002.FIL","A00000003590","2018-10-02T13:38Z","2018-10-02T13:38Z","EcoCore_CSU","Na",6.0380,"milligramsPerLiter",0.8,,0,"formatChange","GOOD"
"c862b8ee-0ec9-4d7b-9e62-50825a99ae6b","D03","SUGG","SUGG.AOS.groundwater.well.006","SUGG.W6.20181002.FIL","A00000003590","2018-10-02T13:38Z","2018-10-02T13:38Z","EcoCore_CSU","Ortho - P",0.0750,"milligramsPerLiter",0.8,,0,"formatChange","GOOD"
"d709f6ec-c859-4154-9064-fe0eb212bebe","D03","SUGG","SUGG.AOS.groundwater.well.006","SUGG.W6.20181002.FIL","A00000003590","2018-10-02T13:38Z","2018-10-02T13:38Z","EcoCore_CSU","Ca",0.7912,"milligramsPerLiter",0.8,,0,"formatChange","GOOD"
"57e74e32-c3ec-4f47-81b0-64284a9339e6","D03","SUGG","SUGG.AOS.groundwater.well.006","SUGG.W6.20181002.FIL","A00000003590","2018-10-02T13:38Z","2018-10-02T13:38Z","EcoCore_CSU","NO2 - N",0.0264,"milligramsPerLiter",0.8,,0,"formatChange","GOOD"
"d5b08200-375c-4e37-a326-c6e5522a15f6","D03","SUGG","SUGG.AOS.groundwater.well.006","SUGG.W6.20181002.RAW","A00000003591","2018-10-02T13:38Z","2018-10-02T13:38Z","EcoCore_CSU","TN",-0.0295,"milligramsPerLiter",0.8,,0,"formatChange","GOOD"
"08e04a90-291b-40cd-8511-d31c3e486468","D03","SUGG","SUGG.AOS.groundwater.well.006","SUGG.W6.20181002.FIL","A00000003590","2018-10-02T13:38Z","2018-10-02T13:38Z","EcoCore_CSU","Si",5.2847,"milligramsPerLiter",0.8,,0,"formatChange","GOOD"
"cc36390a-8b86-4071-9224-cb7a8cc169f0","D03","SUGG","SUGG.AOS.groundwater.well.006","SUGG.W6.20181002.FIL","A00000003590","2018-10-02T13:38Z","2018-10-02T13:38Z","EcoCore_CSU","Fe",2.0671,"milligramsPerLiter",0.8,,0,"formatChange","GOOD"
"fdf75dd4-286a-45ed-9e30-122b96652423","D03","SUGG","SUGG.AOS.groundwater.well.006","SUGG.W6.20181002.FIL","A00000003590","2018-10-02T13:38Z","2018-10-02T13:38Z","EcoCore_CSU","F",0.0050,"milligramsPerLiter",0.8,,0,"formatChange","GOOD"
"d32eb19f-43b1-420d-85e7-fd5bbfd884b3","D03","SUGG","SUGG.AOS.groundwater.well.006","SUGG.W6.20181002.FIL","A00000003590","2018-10-02T13:38Z","2018-10-02T13:38Z","EcoCore_CSU","NH4 - N",0.1108,"milligramsPerLiter",0.8,,0,"formatChange","GOOD"
"fba13b34-9e65-4bf2-b8c1-49a80ffa6e42","D03","SUGG","SUGG.AOS.groundwater.well.006","SUGG.W6.20181002.FIL","A00000003590","2018-10-02T13:38Z","2018-10-02T13:38Z","EcoCore_CSU","UV Absorbance (280 nm)",0.4974,,0.8,,0,"formatChange","GOOD"
"e3abc34b-a769-4dcf-b298-59f471f61982","D03","SUGG","SUGG.AOS.groundwater.well.006","SUGG.W6.20181002.FIL","A00000003590","2018-10-02T13:38Z","2018-10-02T13:38Z","EcoCore_CSU","DIC",12.1900,"milligramsPerLiter",0.8,,0,"formatChange","GOOD"
"fcfb14b5-f728-4388-ba71-297f2f8fcfc0","D03","SUGG","SUGG.AOS.groundwater.well.006","SUGG.W6.20181002.RAW","A00000003591","2018-10-02T13:38Z","2018-10-02T13:38Z","EcoCore_CSU","ANC",0.0500,"milliequivalentsPerLiter",0.8,,0,"formatChange","GOOD"
"d103345a-581c-42ee-9817-87366343c138","D03","SUGG","SUGG.AOS.groundwater.well.006","SUGG.W6.20181002.RAW","A00000003591","2018-10-02T13:38Z","2018-10-02T13:38Z","EcoCore_CSU","pH",7.6000,"pH",0.8,,0,"formatChange","GOOD"
"e276fb27-f6a8-438c-9801-0a0bd2b60901","D03","SUGG","SUGG.AOS.groundwater.well.006","SUGG.W6.20181002.RAW","A00000003591","2018-10-02T13:38Z","2018-10-02T13:38Z","EcoCore_CSU","conductivity",44.5600,"microsiemensPerCentimeter",0.8,,0,"formatChange","GOOD"
"795a9f9d-ba48-4afa-b1b7-cdce5f604ed7","D03","SUGG","SUGG.AOS.groundwater.well.006","SUGG.W6.20181002.FIL","A00000003590","2018-10-02T13:38Z","2018-10-02T13:38Z","EcoCore_CSU","NO3+NO2 - N",0.0277,"milligramsPerLiter",0.8,,0,"formatChange","GOOD"
"570fc904-a82e-4caa-81bb-5fe1ffb7ad73","D03","SUGG","SUGG.AOS.groundwater.well.006","SUGG.W6.20181002.FIL","A00000003590","2018-10-02T13:38Z","2018-10-02T13:38Z","EcoCore_CSU","TDP",0.0388,"milligramsPerLiter",0.8,,0,"formatChange","GOOD"
"0deaad3b-1322-4a8f-aabc-04342f11793a","D03","SUGG","SUGG.AOS.groundwater.well.006","SUGG.W6.20181002.FIL","A00000003590","2018-10-02T13:38Z","2018-10-02T13:38Z","EcoCore_CSU","TDS",30.2400,"milligramsPerLiter",0.8,,0,"formatChange","GOOD"
"4f49a510-7677-4e21-8a32-44b39e617a92","D03","SUGG","SUGG.AOS.groundwater.well.006","SUGG.W6.20181002.RAW","A00000003591","2018-10-02T13:38Z","2018-10-02T13:38Z","EcoCore_CSU","TSS - Dry Mass",1300.0000,"microgram",0.8,,0,"formatChange","GOOD"
"c874babe-f8da-46e3-bfcd-aad9661e5486","D03","SUGG","SUGG.AOS.groundwater.well.006","SUGG.W6.20181002.FIL","A00000003590","2018-10-02T13:38Z","2018-10-02T13:38Z","EcoCore_CSU","Mn",0.0030,"milligramsPerLiter",0.8,,0,"formatChange","GOOD"
"e2927a0e-17d6-455b-87b2-e1a5afa16e72","D03","SUGG","SUGG.AOS.groundwater.well.006","SUGG.W6.20181002.FIL","A00000003590","2018-10-02T13:38Z","2018-10-02T13:38Z","EcoCore_CSU","SO4",3.6120,"milligramsPerLiter",0.8,,0,"formatChange","GOOD"
"798c36e3-d11c-4431-bf9d-755b3fdeb3b2","D03","SUGG","SUGG.AOS.groundwater.well.006","SUGG.W6.20181002.FIL","A00000003590","2018-10-02T13:38Z","2018-10-02T13:38Z","EcoCore_CSU","Mg",1.4240,"milligramsPerLiter",0.8,,0,"formatChange","GOOD"
"586c9e64-e03b-40b6-ae5b-6b7054e8e72a","D03","SUGG","SUGG.AOS.groundwater.well.006","SUGG.W6.20181002.FIL","A00000003590","2018-10-02T13:38Z","2018-10-02T13:38Z","EcoCore_CSU","Cl",11.6800,"milligramsPerLiter",0.8,,0,"formatChange","GOOD"
"c67db1cd-9adb-4c75-8da4-ecafef5f48a2","D03","SUGG","SUGG.AOS.groundwater.well.006","SUGG.W6.20181002.PCN","A00000005342","2018-10-02T13:38Z","2018-10-02T13:38Z","EcoCore_CSU","TPC",0.2767,"milligram",0.8,,0,"formatChange","GOOD"
"5e2d62d8-4022-4eb9-a093-f9d611b2c7a3","D03","SUGG","SUGG.AOS.groundwater.well.006","SUGG.W6.20181002.RAW","A00000003591","2018-10-02T13:38Z","2018-10-02T13:38Z","EcoCore_CSU","TSS",26.0000,"milligramsPerLiter",0.8,,0,"formatChange","GOOD"
"4489932a-e4b6-4f94-a583-df717c154e73","D03","SUGG","SUGG.AOS.groundwater.well.006","SUGG.W6.20181002.FIL","A00000003590","2018-10-02T13:38Z","2018-10-02T13:38Z","EcoCore_CSU","HCO3",1.1600,"milligramsPerLiter",0.8,,0,"formatChange","GOOD"
"af90c66d-e2fc-4fbc-8975-c5d2ff85d653","D03","SUGG","SUGG.AOS.groundwater.well.006","SUGG.W6.20181002.FIL","A00000003590","2018-10-02T13:38Z","2018-10-02T13:38Z","EcoCore_CSU","UV Absorbance (250 nm)",0.8145,,0.8,,0,"formatChange","GOOD"
"556a6ab8-5b03-4606-b5fc-8e7d32a1bfdd","D03","SUGG","SUGG.AOS.groundwater.well.006","SUGG.W6.20181002.RAW","A00000003591","2018-10-02T13:38Z","2018-10-02T13:38Z","EcoCore_CSU","TP",1.3659,"milligramsPerLiter",0.8,,0,"formatChange","GOOD"
"e2f92cd9-1cc9-427d-8db3-2e46e006267a","D03","SUGG","SUGG.AOS.groundwater.well.006","SUGG.W6.20181002.FIL","A00000003590","2018-10-02T13:38Z","2018-10-02T13:38Z","EcoCore_CSU","K",0.4250,"milligramsPerLiter",0.8,,0,"formatChange","GOOD"
"1ed6de3b-3c34-4871-90a6-1efe85b84597","D03","SUGG","SUGG.AOS.groundwater.well.006","SUGG.W6.20181002.RAW","A00000003591","2018-10-02T13:38Z","2018-10-02T13:38Z","EcoCore_CSU","TOC",0.8943,"milligramsPerLiter",0.8,"SUGG.w6.20181002 and SUGG.w8.20181002 bottles switched on initial DOC/TDN run, but were rerun and corrected here",0,"formatChange","Other"
"263ef483-806b-423b-b67f-26272f55b0d4","D03","SUGG","SUGG.AOS.groundwater.well.008","SUGG.W8.20181002.RAW","A00000003574","2018-10-02T14:43Z","2018-10-02T14:43Z","EcoCore_CSU","TP",0.0549,"milligramsPerLiter",0.8,,0,"formatChange","GOOD"
"a00a9563-f113-4032-bb8e-3af3a30634b7","D03","SUGG","SUGG.AOS.groundwater.well.008","SUGG.W8.20181002.FIL","A00000003589","2018-10-02T14:43Z","2018-10-02T14:43Z","EcoCore_CSU","TDP",0.0450,"milligramsPerLiter",0.8,,0,"formatChange","GOOD"
"900686f9-fedc-4023-bd8b-2f5af9d236ba","D03","SUGG","SUGG.AOS.groundwater.well.008","SUGG.W8.20181002.FIL","A00000003589","2018-10-02T14:43Z","2018-10-02T14:43Z","EcoCore_CSU","Ortho - P",0.2920,"milligramsPerLiter",0.8,,0,"formatChange","GOOD"
"f483483f-19fb-4210-98f9-c114283b7188","D03","SUGG","SUGG.AOS.groundwater.well.008","SUGG.W8.20181002.PCN","A00000005299","2018-10-02T14:43Z","2018-10-02T14:43Z","EcoCore_CSU","TPN",0.1065,"milligram",0.8,,0,"formatChange","GOOD"
"b0bd4221-5bf3-478e-960a-bfe253953fa4","D03","SUGG","SUGG.AOS.groundwater.well.008","SUGG.W8.20181002.FIL","A00000003589","2018-10-02T14:43Z","2018-10-02T14:43Z","EcoCore_CSU","Na",5.7390,"milligramsPerLiter",0.8,,0,"formatChange","GOOD"
"0f045bab-f8d4-4783-adca-6b728657673e","D03","SUGG","SUGG.AOS.groundwater.well.008","SUGG.W8.20181002.FIL","A00000003589","2018-10-02T14:43Z","2018-10-02T14:43Z","EcoCore_CSU","CO3",0.0050,"milligramsPerLiter",0.8,,0,"formatChange","GOOD"
"4c7d97d4-32b7-4aba-a34a-0e4c08e70c20","D03","SUGG","SUGG.AOS.groundwater.well.008","SUGG.W8.20181002.RAW","A00000003574","2018-10-02T14:43Z","2018-10-02T14:43Z","EcoCore_CSU","TOC",33.3200,"milligramsPerLiter",0.8,"SUGG.w6.20181002 and SUGG.w8.20181002 bottles switched on initial DOC/TDN run, but were rerun and corrected here",0,"formatChange","Other"
"83c1fa9c-79f8-493b-b58f-66d5d8369845","D03","SUGG","SUGG.AOS.groundwater.well.008","SUGG.W8.20181002.FIL","A00000003589","2018-10-02T14:43Z","2018-10-02T14:43Z","EcoCore_CSU","NO2 - N",0.0225,"milligramsPerLiter",0.8,,0,"formatChange","GOOD"
"3ce6a708-8172-499b-ad1d-fe1e799978ee","D03","SUGG","SUGG.AOS.groundwater.well.008","SUGG.W8.20181002.FIL","A00000003589","2018-10-02T14:43Z","2018-10-02T14:43Z","EcoCore_CSU","UV Absorbance (250 nm)",0.0355,,0.8,,0,"formatChange","GOOD"
"d182a694-1cbc-44d5-b6a4-37a4e257ef79","D03","SUGG","SUGG.AOS.groundwater.well.008","SUGG.W8.20181002.RAW","A00000003574","2018-10-02T14:43Z","2018-10-02T14:43Z","EcoCore_CSU","conductivity",310.2100,"microsiemensPerCentimeter",0.8,,0,"formatChange","GOOD"
"c661b26a-06ca-4d5f-b5cf-03c2364666ac","D03","SUGG","SUGG.AOS.groundwater.well.008","SUGG.W8.20181002.RAW","A00000003574","2018-10-02T14:43Z","2018-10-02T14:43Z","EcoCore_CSU","TN",0.8273,"milligramsPerLiter",0.8,,0,"formatChange","GOOD"
"a73e21fc-d72c-4227-9379-d4317f646c55","D03","SUGG","SUGG.AOS.groundwater.well.008","SUGG.W8.20181002.FIL","A00000003589","2018-10-02T14:43Z","2018-10-02T14:43Z","EcoCore_CSU","HCO3",162.2460,"milligramsPerLiter",0.8,,0,"formatChange","GOOD"
"ae08fad1-0191-4678-ba54-2b9912934207","D03","SUGG","SUGG.AOS.groundwater.well.008","SUGG.W8.20181002.FIL","A00000003589","2018-10-02T14:43Z","2018-10-02T14:43Z","EcoCore_CSU","UV Absorbance (280 nm)",0.0279,,0.8,,0,"formatChange","GOOD"
"ae1b50ea-6368-4a4d-89f5-6568ca3853ce","D03","SUGG","SUGG.AOS.groundwater.well.008","SUGG.W8.20181002.FIL","A00000003589","2018-10-02T14:43Z","2018-10-02T14:43Z","EcoCore_CSU","F",1.3600,"milligramsPerLiter",0.8,,0,"formatChange","GOOD"
"a464150a-643a-4fe3-8d21-1430ba9980b8","D03","SUGG","SUGG.AOS.groundwater.well.008","SUGG.W8.20181002.RAW","A00000003574","2018-10-02T14:43Z","2018-10-02T14:43Z","EcoCore_CSU","ANC",2.7200,"milliequivalentsPerLiter",0.8,,0,"formatChange","GOOD"
"cfd47c20-afa2-4f77-9980-bdefd45ecd4f","D03","SUGG","SUGG.AOS.groundwater.well.008","SUGG.W8.20181002.RAW","A00000003574","2018-10-02T14:43Z","2018-10-02T14:43Z","EcoCore_CSU","TSS",4.0000,"milligramsPerLiter",0.8,,0,"formatChange","GOOD"
"ff83c6d9-f28f-4461-a364-65c4a9c66906","D03","SUGG","SUGG.AOS.groundwater.well.008","SUGG.W8.20181002.FIL","A00000003589","2018-10-02T14:43Z","2018-10-02T14:43Z","EcoCore_CSU","NO3+NO2 - N",0.0294,"milligramsPerLiter",0.8,,0,"formatChange","GOOD"
"0c8658c1-5fee-4381-bcb1-0e0cd1b98ed1","D03","SUGG","SUGG.AOS.groundwater.well.008","SUGG.W8.20181002.FIL","A00000003589","2018-10-02T14:43Z","2018-10-02T14:43Z","EcoCore_CSU","DIC",25.7400,"milligramsPerLiter",0.8,,0,"formatChange","GOOD"
"33929d8f-5c2f-4ff0-ae5a-09408594ceca","D03","SUGG","SUGG.AOS.groundwater.well.008","SUGG.W8.20181002.FIL","A00000003589","2018-10-02T14:43Z","2018-10-02T14:43Z","EcoCore_CSU","Ca",29.5486,"milligramsPerLiter",0.8,,0,"formatChange","GOOD"
"2dc434a9-7b1a-4371-90cd-e4148bcb9956","D03","SUGG","SUGG.AOS.groundwater.well.008","SUGG.W8.20181002.FIL","A00000003589","2018-10-02T14:43Z","2018-10-02T14:43Z","EcoCore_CSU","Si",4.1823,"milligramsPerLiter",0.8,,0,"formatChange","GOOD"
"aef0c3a8-2ea8-4f05-9687-fc1f957f2348","D03","SUGG","SUGG.AOS.groundwater.well.008","SUGG.W8.20181002.FIL","A00000003589","2018-10-02T14:43Z","2018-10-02T14:43Z","EcoCore_CSU","NH4 - N",0.0315,"milligramsPerLiter",0.8,,0,"formatChange","GOOD"
"7010e252-f5bb-4ccb-916e-f82a46217c96","D03","SUGG","SUGG.AOS.groundwater.well.008","SUGG.W8.20181002.RAW","A00000003574","2018-10-02T14:43Z","2018-10-02T14:43Z","EcoCore_CSU","pH",4.4500,"pH",0.8,,0,"formatChange","GOOD"
"719cd954-9923-4d09-bf4f-e04570b8b1b1","D03","SUGG","SUGG.AOS.groundwater.well.008","SUGG.W8.20181002.FIL","A00000003589","2018-10-02T14:43Z","2018-10-02T14:43Z","EcoCore_CSU","SO4",0.2200,"milligramsPerLiter",0.8,,0,"formatChange","GOOD"
"1ee35300-3788-47f3-b9ca-93025ff4c1ff","D03","SUGG","SUGG.AOS.groundwater.well.008","SUGG.W8.20181002.FIL","A00000003589","2018-10-02T14:43Z","2018-10-02T14:43Z","EcoCore_CSU","K",0.1470,"milligramsPerLiter",0.8,,0,"formatChange","GOOD"
"9b582935-03c2-42d3-8efb-d10f07f80b75","D03","SUGG","SUGG.AOS.groundwater.well.008","SUGG.W8.20181002.FIL","A00000003589","2018-10-02T14:43Z","2018-10-02T14:43Z","EcoCore_CSU","Cl",12.5700,"milligramsPerLiter",0.8,,0,"formatChange","GOOD"
"84bc4308-4cdb-4c68-ba70-1be778f13a25","D03","SUGG","SUGG.AOS.groundwater.well.008","SUGG.W8.20181002.PCN","A00000005299","2018-10-02T14:43Z","2018-10-02T14:43Z","EcoCore_CSU","TPC",0.2820,"milligram",0.8,,0,"formatChange","GOOD"
"5d1a0375-004d-4fc0-a5b9-07bc64e27e2d","D03","SUGG","SUGG.AOS.groundwater.well.008","SUGG.W8.20181002.FIL","A00000003589","2018-10-02T14:43Z","2018-10-02T14:43Z","EcoCore_CSU","TDS",215.1000,"milligramsPerLiter",0.8,,0,"formatChange","GOOD"
"3023f4cd-1509-4079-89fb-ae109f50d9e5","D03","SUGG","SUGG.AOS.groundwater.well.008","SUGG.W8.20181002.FIL","A00000003589","2018-10-02T14:43Z","2018-10-02T14:43Z","EcoCore_CSU","TDN",0.8506,"milligramsPerLiter",0.8,"SUGG.w6.20181002 and SUGG.w8.20181002 bottles switched on initial DOC/TDN run, but were rerun and corrected here",0,"formatChange","Other"
"72a28b2d-ed77-4d56-850b-8788cab206ed","D03","SUGG","SUGG.AOS.groundwater.well.008","SUGG.W8.20181002.FIL","A00000003589","2018-10-02T14:43Z","2018-10-02T14:43Z","EcoCore_CSU","Br",0.0050,"milligramsPerLiter",0.8,,0,"formatChange","GOOD"
"ed02d486-15ae-4b35-b27d-857e338885b3","D03","SUGG","SUGG.AOS.groundwater.well.008","SUGG.W8.20181002.FIL","A00000003589","2018-10-02T14:43Z","2018-10-02T14:43Z","EcoCore_CSU","Mg",16.3200,"milligramsPerLiter",0.8,,0,"formatChange","GOOD"
"c83e0b28-5787-4b74-a824-2327ba447eda","D03","SUGG","SUGG.AOS.groundwater.well.008","SUGG.W8.20181002.FIL","A00000003589","2018-10-02T14:43Z","2018-10-02T14:43Z","EcoCore_CSU","Mn",0.0005,"milligramsPerLiter",0.8,,0,"formatChange","GOOD"
"bdbed473-3f20-488a-9f68-f5aa4719ca93","D03","SUGG","SUGG.AOS.groundwater.well.008","SUGG.W8.20181002.RAW","A00000003574","2018-10-02T14:43Z","2018-10-02T14:43Z","EcoCore_CSU","TSS - Dry Mass",200.0000,"microgram",0.8,,0,"formatChange","GOOD"
"5e329409-7cf5-4dcf-b9d2-6c6b7b8acfde","D03","SUGG","SUGG.AOS.groundwater.well.008","SUGG.W8.20181002.FIL","A00000003589","2018-10-02T14:43Z","2018-10-02T14:43Z","EcoCore_CSU","Fe",0.0005,"milligramsPerLiter",0.8,,0,"formatChange","GOOD"
"92b492dd-02e4-4401-8102-b91697749c26","D03","SUGG","SUGG.AOS.groundwater.well.008","SUGG.W8.20181002.FIL","A00000003589","2018-10-02T14:43Z","2018-10-02T14:43Z","EcoCore_CSU","DOC",35.1300,"milligramsPerLiter",0.8,,0,"formatChange","GOOD"
