uid,domainID,siteID,namedLocation,collectDate,parentSampleID,sampleCondition,sampleID,replicateNumber,gwwDICBubbleFree,gwwFiltSampleHeadspace,gwwAlkSampleHeadspace,gwwAlkSampleBubbleFree,processedDate,processedDateFilters,sampleVolumeFiltered,shipmentTimeRange
"6832ad9a-3ac6-4ec8-8980-78992b057799","D03","SUGG","SUGG.AOS.groundwater.well.005","2018-10-01T16:14Z","SUGG.W5.20181001","Sample condition ok","SUGG.W5.20181001",1,,,,,"2018-10-01T20:20Z","2018-10-01T20:20Z",200.0,
"45f5f1ae-4ebb-4bf1-9292-2b21128e598c","D03","SUGG","SUGG.AOS.groundwater.well.004","2018-10-01T17:37Z","SUGG.W4.20181001","Sample condition ok","SUGG.W4.20181001",1,,,,,"2018-10-01T20:20Z","2018-10-01T20:20Z",200.0,
"f560c529-375c-4155-acb6-9d681dc20879","D03","SUGG","SUGG.AOS.groundwater.well.006","2018-10-02T13:38Z","SUGG.W6.20181002","Sample condition ok","SUGG.W6.20181002",1,,,,,"2018-10-02T16:39Z","2018-10-02T16:39Z",200.0,
"26b84e68-832f-4640-bea8-941e75fd3d79","D03","SUGG","SUGG.AOS.groundwater.well.008","2018-10-02T14:43Z","SUGG.W8.20181002","Sample condition ok","SUGG.W8.20181002",1,,,,,"2018-10-02T16:41Z","2018-10-02T16:41Z",150.0,
