uid,domainID,siteID,namedLocation,decimalLatitude,decimalLongitude,coordinateUncertainty,elevation,elevationUncertainty,geodeticDatum,collectDate,aquaticSiteType,samplingImpractical,waterChemSamplesCollected,adequateSampleVol,parentSampleID,eventID,swcSamplingProtocolVersion,sampleExtractionMethod,samplerType,totalWellDepth,wellWaterDepth,waterColumnHeight,sampleDepth,purgeAverageDischargeRate,purgeTime,gwWellStabilized,purgeDryDateTime,pumpPlacementDate,screenedIntervalDepth,maxAllowableDrawdown,actualDrawdown,MADExceeded,wellVolumePurged,probeIDUnavailable,dissolvedOxygen,dissolvedOxygenSaturation,specificConductance,waterTemp,pH,waterClarityDescrip,waterColorDescrip,aCollectedBy,bCollectedBy,remarks
"35573d55-9b43-4ce1-bc9c-1fb2d3d085f5","D18","TOOK","TOOK.AOS.groundwater.well.001",68.624838,-149.594024,0.5,721.6,0.5,"WGS84","2019-07-09T19:00Z","lake","location dry",,"N","TOOK.W1.20190709","TOOK.20190709","NEON.DOC.002905vF","Syringe","Syringe",,,,,,,,,,,,,,,,,,,,,,,"0000-0001-9124-8148","0000-0002-4562-0954",
"807bb854-d609-4e1c-bdc5-52bf571ecccd","D18","TOOK","TOOK.AOS.groundwater.well.002",68.625116,-149.596071,0.1,719.2,0.1,"WGS84","2019-07-09T19:30Z","lake",,,"N","TOOK.W2.20190709","TOOK.20190709","NEON.DOC.002905vF","bailer tube","Groundwater Bailer Tube",1.6,1.4,0.3,,,,,,,,,,,1.5,,,,,,,"cloudy","brown","0000-0001-9124-8148","0000-0002-4562-0954",
"3e27bbed-5d81-4355-8556-ec41a5c0909c","D18","TOOK","TOOK.AOS.groundwater.well.007",68.639351,-149.590122,0.1,716.8,0.1,"WGS84","2019-07-09T22:30Z","lake",,,"N","TOOK.W7.20190709","TOOK.20190709","NEON.DOC.002905vF","Syringe","Syringe",,,,,,,,,,,,,,,,,,,,,,,"0000-0001-9124-8148","0000-0002-4562-0954",
"36d77aca-e6f7-4afd-85bd-98aecf9bf636","D18","TOOK","TOOK.AOS.groundwater.well.008",68.640702,-149.597089,0.5,719.0,0.5,"WGS84","2019-07-09T23:00Z","lake",,,"N","TOOK.W8.20190709","TOOK.20190709","NEON.DOC.002905vF","bailer tube","Groundwater Bailer Tube",2.0,1.5,0.6,,,,,,,,,,,0.5,,,,,,,"cloudy","brown","0000-0001-9124-8148","0000-0002-4562-0954",
