uid,domainID,siteID,namedLocation,sampleID,sampleCode,startDate,collectDate,laboratoryName,analyte,analyteConcentration,analyteUnits,coolerTemp,remarks,shipmentWarmQF,externalLabDataQF,sampleCondition
"a25c6d21-0ea8-4b45-a471-43da7f47f66e","D18","TOOK","TOOK.AOS.groundwater.well.002","TOOK.W2.20190709.RAW","A00000098986","2019-07-09T19:30Z","2019-07-09T19:30Z","EcoCore_CSU","ANC",0.1500,"milliequivalentsPerLiter",0.8,,0,"formatChange","GOOD"
"27e790ea-e846-4599-99f4-cce77b7d3ac1","D18","TOOK","TOOK.AOS.groundwater.well.002","TOOK.W2.20190709.FIL","A00000065485","2019-07-09T19:30Z","2019-07-09T19:30Z","EcoCore_CSU","HCO3",7.5900,"milligramsPerLiter",0.8,,0,"formatChange","GOOD"
"e384ace5-89c2-40b3-982f-7a9226fe9eb7","D18","TOOK","TOOK.AOS.groundwater.well.002","TOOK.W2.20190709.FIL","A00000065485","2019-07-09T19:30Z","2019-07-09T19:30Z","EcoCore_CSU","Cl",3.5572,"milligramsPerLiter",0.8,,0,"formatChange","GOOD"
"651ca540-2f37-4605-9601-4d53c40f558c","D18","TOOK","TOOK.AOS.groundwater.well.002","TOOK.W2.20190709.RAW","A00000098986","2019-07-09T19:30Z","2019-07-09T19:30Z","EcoCore_CSU","TSS - Dry Mass",14800.0000,"microgram",0.8,,0,"formatChange","GOOD"
"d9764e40-697e-4fe0-9839-7af1417ab513","D18","TOOK","TOOK.AOS.groundwater.well.002","TOOK.W2.20190709.FIL","A00000065485","2019-07-09T19:30Z","2019-07-09T19:30Z","EcoCore_CSU","TDS",21.5700,"milligramsPerLiter",0.8,,0,"formatChange","GOOD"
"c3525124-3083-484d-8bf4-992fd3b493b1","D18","TOOK","TOOK.AOS.groundwater.well.002","TOOK.W2.20190709.FIL","A00000065485","2019-07-09T19:30Z","2019-07-09T19:30Z","EcoCore_CSU","SO4",1.8090,"milligramsPerLiter",0.8,,0,"formatChange","GOOD"
"143b4dae-54c1-4f27-a20d-10b549e4bc33","D18","TOOK","TOOK.AOS.groundwater.well.002","TOOK.W2.20190709.FIL","A00000065485","2019-07-09T19:30Z","2019-07-09T19:30Z","EcoCore_CSU","K",0.2440,"milligramsPerLiter",0.8,,0,"formatChange","GOOD"
"2539ced6-fb96-424f-b4ea-abaa4907c0e7","D18","TOOK","TOOK.AOS.groundwater.well.002","TOOK.W2.20190709.FIL","A00000065485","2019-07-09T19:30Z","2019-07-09T19:30Z","EcoCore_CSU","CO3",0.0050,"milligramsPerLiter",0.8,,0,"formatChange","GOOD"
"6b4eb6fd-d5d7-4e46-a1eb-14eb038ab1b8","D18","TOOK","TOOK.AOS.groundwater.well.002","TOOK.W2.20190709.PCN","A00000099000","2019-07-09T19:30Z","2019-07-09T19:30Z","EcoCore_CSU","TPC",1.8709,"milligram",0.8,,0,"formatChange","GOOD"
"15c7625e-6dff-4da9-b091-095cbcd416cf","D18","TOOK","TOOK.AOS.groundwater.well.002","TOOK.W2.20190709.FIL","A00000065485","2019-07-09T19:30Z","2019-07-09T19:30Z","EcoCore_CSU","UV Absorbance (250 nm)",1.2993,,0.8,,0,"formatChange","GOOD"
"548a45c1-d890-4404-b75a-674746cc717a","D18","TOOK","TOOK.AOS.groundwater.well.002","TOOK.W2.20190709.RAW","A00000098986","2019-07-09T19:30Z","2019-07-09T19:30Z","EcoCore_CSU","TN",1.1150,"milligramsPerLiter",0.8,,0,"formatChange","GOOD"
"753fa1c1-615d-4506-aac8-63bee5ac92b1","D18","TOOK","TOOK.AOS.groundwater.well.002","TOOK.W2.20190709.FIL","A00000065485","2019-07-09T19:30Z","2019-07-09T19:30Z","EcoCore_CSU","Mg",0.6670,"milligramsPerLiter",0.8,,0,"formatChange","GOOD"
"f95215b0-cea2-4fb5-b13f-188b724c5176","D18","TOOK","TOOK.AOS.groundwater.well.002","TOOK.W2.20190709.RAW","A00000098986","2019-07-09T19:30Z","2019-07-09T19:30Z","EcoCore_CSU","conductivity",28.7400,"microsiemensPerCentimeter",0.8,,0,"formatChange","GOOD"
"7e3dddc5-a5ba-4c9e-807d-23a6b02937ea","D18","TOOK","TOOK.AOS.groundwater.well.002","TOOK.W2.20190709.FIL","A00000065485","2019-07-09T19:30Z","2019-07-09T19:30Z","EcoCore_CSU","TDP",0.0238,"milligramsPerLiter",0.8,,0,"formatChange","GOOD"
"d56db421-603c-4210-b684-a02087eebbb2","D18","TOOK","TOOK.AOS.groundwater.well.002","TOOK.W2.20190709.FIL","A00000065485","2019-07-09T19:30Z","2019-07-09T19:30Z","EcoCore_CSU","NO3+NO2 - N",0.0107,"milligramsPerLiter",0.8,,0,"formatChange","GOOD"
"cd1d08e3-5f61-46f1-bb62-01d7cd65544b","D18","TOOK","TOOK.AOS.groundwater.well.002","TOOK.W2.20190709.DIC",,"2019-07-09T19:30Z","2019-07-09T19:30Z","EcoCore_CSU","DIC",10.8500,"milligramsPerLiter",0.8,,0,"formatChange","GOOD"
"0faf0015-94d6-41bd-9f10-1836a2439a00","D18","TOOK","TOOK.AOS.groundwater.well.002","TOOK.W2.20190709.RAW","A00000098986","2019-07-09T19:30Z","2019-07-09T19:30Z","EcoCore_CSU","TSS",296.0000,"milligramsPerLiter",0.8,,0,"formatChange","GOOD"
"9b8677f0-027f-4f48-a25b-b4ff9acb58bc","D18","TOOK","TOOK.AOS.groundwater.well.002","TOOK.W2.20190709.FIL","A00000065485","2019-07-09T19:30Z","2019-07-09T19:30Z","EcoCore_CSU","NO2 - N",-0.0014,"milligramsPerLiter",0.8,,0,"formatChange","GOOD"
"95ca3f6f-6c4f-4d4c-bcff-e7446f25edee","D18","TOOK","TOOK.AOS.groundwater.well.002","TOOK.W2.20190709.FIL","A00000065485","2019-07-09T19:30Z","2019-07-09T19:30Z","EcoCore_CSU","F",0.2500,"milligramsPerLiter",0.8,,0,"formatChange","GOOD"
"d6afa7bf-3e26-468b-8e02-284b7fea3850","D18","TOOK","TOOK.AOS.groundwater.well.002","TOOK.W2.20190709.FIL","A00000065485","2019-07-09T19:30Z","2019-07-09T19:30Z","EcoCore_CSU","TDN",0.9581,"milligramsPerLiter",0.8,,0,"formatChange","GOOD"
"8799732c-f60f-4071-b363-849a11a772ca","D18","TOOK","TOOK.AOS.groundwater.well.002","TOOK.W2.20190709.PCN","A00000099000","2019-07-09T19:30Z","2019-07-09T19:30Z","EcoCore_CSU","TPN",0.2838,"milligram",0.8,,0,"formatChange","GOOD"
"030f8a7e-b777-4aff-889d-1b394fdd7404","D18","TOOK","TOOK.AOS.groundwater.well.002","TOOK.W2.20190709.FIL","A00000065485","2019-07-09T19:30Z","2019-07-09T19:30Z","EcoCore_CSU","Mn",0.1600,"milligramsPerLiter",0.8,,0,"formatChange","GOOD"
"607a5d0c-f814-4841-af09-befbf22cf5ad","D18","TOOK","TOOK.AOS.groundwater.well.002","TOOK.W2.20190709.FIL","A00000065485","2019-07-09T19:30Z","2019-07-09T19:30Z","EcoCore_CSU","UV Absorbance (280 nm)",0.9049,,0.8,,0,"formatChange","GOOD"
"b797a580-d40b-4d57-8075-02f0a58aaf79","D18","TOOK","TOOK.AOS.groundwater.well.002","TOOK.W2.20190709.FIL","A00000065485","2019-07-09T19:30Z","2019-07-09T19:30Z","EcoCore_CSU","DOC",20.1100,"milligramsPerLiter",0.8,,0,"formatChange","GOOD"
"fe348ef8-8ec9-43ff-b3f9-d25a0f68b518","D18","TOOK","TOOK.AOS.groundwater.well.002","TOOK.W2.20190709.FIL","A00000065485","2019-07-09T19:30Z","2019-07-09T19:30Z","EcoCore_CSU","NH4 - N",0.1903,"milligramsPerLiter",0.8,,0,"formatChange","GOOD"
"9cb3fb79-1bbf-4224-832a-0bc7cf5530d5","D18","TOOK","TOOK.AOS.groundwater.well.002","TOOK.W2.20190709.FIL","A00000065485","2019-07-09T19:30Z","2019-07-09T19:30Z","EcoCore_CSU","Ortho - P",0.0390,"milligramsPerLiter",0.8,,0,"formatChange","GOOD"
"5455b84a-c1fc-4844-b20b-29b157fa4e79","D18","TOOK","TOOK.AOS.groundwater.well.002","TOOK.W2.20190709.RAW","A00000098986","2019-07-09T19:30Z","2019-07-09T19:30Z","EcoCore_CSU","pH",6.1800,"pH",0.8,,0,"formatChange","GOOD"
"419aa233-d6a4-4af7-bb47-62565eb3f1d2","D18","TOOK","TOOK.AOS.groundwater.well.002","TOOK.W2.20190709.FIL","A00000065485","2019-07-09T19:30Z","2019-07-09T19:30Z","EcoCore_CSU","Na",0.5960,"milligramsPerLiter",0.8,,0,"formatChange","GOOD"
"a40d345b-4d5c-438f-886a-5fdd7b471bf5","D18","TOOK","TOOK.AOS.groundwater.well.002","TOOK.W2.20190709.RAW","A00000098986","2019-07-09T19:30Z","2019-07-09T19:30Z","EcoCore_CSU","TOC",20.4500,"milligramsPerLiter",0.8,,0,"formatChange","GOOD"
"81112e9b-21e1-4c24-b40b-9d60fce25747","D18","TOOK","TOOK.AOS.groundwater.well.002","TOOK.W2.20190709.FIL","A00000065485","2019-07-09T19:30Z","2019-07-09T19:30Z","EcoCore_CSU","Si",2.9201,"milligramsPerLiter",0.8,,0,"formatChange","GOOD"
"4d7ce8a0-adbe-42cd-ace0-a0e9a4eeb3fc","D18","TOOK","TOOK.AOS.groundwater.well.002","TOOK.W2.20190709.RAW","A00000098986","2019-07-09T19:30Z","2019-07-09T19:30Z","EcoCore_CSU","TP",0.4353,"milligramsPerLiter",0.8,,0,"formatChange","GOOD"
"995bccf0-512f-4d54-af52-050d98d6e09d","D18","TOOK","TOOK.AOS.groundwater.well.002","TOOK.W2.20190709.FIL","A00000065485","2019-07-09T19:30Z","2019-07-09T19:30Z","EcoCore_CSU","Ca",3.8291,"milligramsPerLiter",0.8,,0,"formatChange","GOOD"
"9c04f0e7-ec84-43cb-aa23-3eacb08371b3","D18","TOOK","TOOK.AOS.groundwater.well.002","TOOK.W2.20190709.FIL","A00000065485","2019-07-09T19:30Z","2019-07-09T19:30Z","EcoCore_CSU","Br",0.0050,"milligramsPerLiter",0.8,,0,"formatChange","GOOD"
"ff2927a2-5889-47f6-969e-f01d412002fa","D18","TOOK","TOOK.AOS.groundwater.well.002","TOOK.W2.20190709.FIL","A00000065485","2019-07-09T19:30Z","2019-07-09T19:30Z","EcoCore_CSU","Fe",1.9274,"milligramsPerLiter",0.8,,0,"formatChange","GOOD"
"df0e05aa-d081-4540-befd-c53d673d7e90","D18","TOOK","TOOK.AOS.groundwater.well.007","TOOK.W7.20190709.DIC",,"2019-07-09T22:30Z","2019-07-09T22:30Z","EcoCore_CSU","DIC",9.7710,"milligramsPerLiter",0.5,"DIC and pH ONLY|no raw sample|No PCN sample|NOT ENOUGH SAMPLE TO MEASURE pH",0,"formatChange","Other"
"deed29db-8fed-4251-9518-8db80485b037","D18","TOOK","TOOK.AOS.groundwater.well.008","TOOK.W8.20190709.FIL","A00000099398","2019-07-09T23:00Z","2019-07-09T23:00Z","EcoCore_CSU","CO3",,"milligramsPerLiter",0.5,"Unknown reason for no analyte concentration as a result of external lab data format change",0,"formatChange","Other"
"41f55a56-6ccd-41ac-9e61-0c2da618e55f","D18","TOOK","TOOK.AOS.groundwater.well.008","TOOK.W8.20190709.FIL","A00000099398","2019-07-09T23:00Z","2019-07-09T23:00Z","EcoCore_CSU","NO3+NO2 - N",,"milligramsPerLiter",0.5,"Unknown reason for no analyte concentration as a result of external lab data format change",0,"formatChange","Other"
"dcd46dbb-7ba7-4b24-9711-21dacfd99204","D18","TOOK","TOOK.AOS.groundwater.well.008","TOOK.W8.20190709.FIL","A00000099398","2019-07-09T23:00Z","2019-07-09T23:00Z","EcoCore_CSU","Mn",,"milligramsPerLiter",0.5,"Unknown reason for no analyte concentration as a result of external lab data format change",0,"formatChange","Other"
"d07380c9-f31d-4732-ab4d-31c3b4348bce","D18","TOOK","TOOK.AOS.groundwater.well.008","TOOK.W8.20190709.FIL","A00000099398","2019-07-09T23:00Z","2019-07-09T23:00Z","EcoCore_CSU","TDN",,"milligramsPerLiter",0.5,"Unknown reason for no analyte concentration as a result of external lab data format change",0,"formatChange","Other"
"1ca8629a-a48f-4822-9cde-c05b82247525","D18","TOOK","TOOK.AOS.groundwater.well.008","TOOK.W8.20190709.FIL","A00000099398","2019-07-09T23:00Z","2019-07-09T23:00Z","EcoCore_CSU","K",,"milligramsPerLiter",0.5,"Unknown reason for no analyte concentration as a result of external lab data format change",0,"formatChange","Other"
"3c69f538-31ae-4852-b064-ae370d656419","D18","TOOK","TOOK.AOS.groundwater.well.008","TOOK.W8.20190709.FIL","A00000099398","2019-07-09T23:00Z","2019-07-09T23:00Z","EcoCore_CSU","Mg",,"milligramsPerLiter",0.5,"Unknown reason for no analyte concentration as a result of external lab data format change",0,"formatChange","Other"
"3f2f7888-0cf7-43ba-b204-00bb227f246a","D18","TOOK","TOOK.AOS.groundwater.well.008","TOOK.W8.20190709.FIL","A00000099398","2019-07-09T23:00Z","2019-07-09T23:00Z","EcoCore_CSU","Br",,"milligramsPerLiter",0.5,"Unknown reason for no analyte concentration as a result of external lab data format change",0,"formatChange","Other"
"b81e23b1-3033-4e60-801b-ffc14cca3e4d","D18","TOOK","TOOK.AOS.groundwater.well.008","TOOK.W8.20190709.FIL","A00000099398","2019-07-09T23:00Z","2019-07-09T23:00Z","EcoCore_CSU","Na",,"milligramsPerLiter",0.5,"Unknown reason for no analyte concentration as a result of external lab data format change",0,"formatChange","Other"
"6e8ac041-9ea6-4ec0-a8c7-a05e011cf268","D18","TOOK","TOOK.AOS.groundwater.well.008","TOOK.W8.20190709.FIL","A00000099398","2019-07-09T23:00Z","2019-07-09T23:00Z","EcoCore_CSU","Fe",,"milligramsPerLiter",0.5,"Unknown reason for no analyte concentration as a result of external lab data format change",0,"formatChange","Other"
"9b3570cf-ede9-40c7-a1a7-35f22d573710","D18","TOOK","TOOK.AOS.groundwater.well.008","TOOK.W8.20190709.FIL","A00000099398","2019-07-09T23:00Z","2019-07-09T23:00Z","EcoCore_CSU","Si",,"milligramsPerLiter",0.5,"Unknown reason for no analyte concentration as a result of external lab data format change",0,"formatChange","Other"
"49be35e5-c059-4354-983e-5dc5b65813be","D18","TOOK","TOOK.AOS.groundwater.well.008","TOOK.W8.20190709.FIL","A00000099398","2019-07-09T23:00Z","2019-07-09T23:00Z","EcoCore_CSU","TDP",,"milligramsPerLiter",0.5,"Unknown reason for no analyte concentration as a result of external lab data format change",0,"formatChange","Other"
"8138f0dd-561b-40e3-b996-dcc3462fab3f","D18","TOOK","TOOK.AOS.groundwater.well.008","TOOK.W8.20190709.FIL","A00000099398","2019-07-09T23:00Z","2019-07-09T23:00Z","EcoCore_CSU","HCO3",,"milligramsPerLiter",0.5,"Unknown reason for no analyte concentration as a result of external lab data format change",0,"formatChange","Other"
"93716ee3-e889-4507-b892-69da866079fd","D18","TOOK","TOOK.AOS.groundwater.well.008","TOOK.W8.20190709.FIL","A00000099398","2019-07-09T23:00Z","2019-07-09T23:00Z","EcoCore_CSU","Ca",,"milligramsPerLiter",0.5,"Unknown reason for no analyte concentration as a result of external lab data format change",0,"formatChange","Other"
"f8fbceb2-da3b-44a5-ae82-bc1a18b90a4d","D18","TOOK","TOOK.AOS.groundwater.well.008","TOOK.W8.20190709.FIL","A00000099398","2019-07-09T23:00Z","2019-07-09T23:00Z","EcoCore_CSU","SO4",,"milligramsPerLiter",0.5,"Unknown reason for no analyte concentration as a result of external lab data format change",0,"formatChange","Other"
"1425aef8-dbae-4315-9307-43992f01a1b7","D18","TOOK","TOOK.AOS.groundwater.well.008","TOOK.W8.20190709.FIL","A00000099398","2019-07-09T23:00Z","2019-07-09T23:00Z","EcoCore_CSU","DOC",,"milligramsPerLiter",0.5,"Unknown reason for no analyte concentration as a result of external lab data format change",0,"formatChange","Other"
"262c6502-8f60-4cac-8f06-46c089b31412","D18","TOOK","TOOK.AOS.groundwater.well.008","TOOK.W8.20190709.FIL","A00000099398","2019-07-09T23:00Z","2019-07-09T23:00Z","EcoCore_CSU","TDS",,"milligramsPerLiter",0.5,"Unknown reason for no analyte concentration as a result of external lab data format change",0,"formatChange","Other"
"30c9029f-9f28-44fd-9b1c-a05858c4966e","D18","TOOK","TOOK.AOS.groundwater.well.008","TOOK.W8.20190709.FIL","A00000099398","2019-07-09T23:00Z","2019-07-09T23:00Z","EcoCore_CSU","NO2 - N",,"milligramsPerLiter",0.5,"Unknown reason for no analyte concentration as a result of external lab data format change",0,"formatChange","Other"
"1f80e6cb-8703-4f05-9031-465b9e237dc3","D18","TOOK","TOOK.AOS.groundwater.well.008","TOOK.W8.20190709.FIL","A00000099398","2019-07-09T23:00Z","2019-07-09T23:00Z","EcoCore_CSU","UV Absorbance (280 nm)",,,0.5,"Unknown reason for no analyte concentration as a result of external lab data format change",0,"formatChange","Other"
"a98767b5-e221-4ba3-a5d3-f048b2216931","D18","TOOK","TOOK.AOS.groundwater.well.008","TOOK.W8.20190709.FIL","A00000099398","2019-07-09T23:00Z","2019-07-09T23:00Z","EcoCore_CSU","Ortho - P",,"milligramsPerLiter",0.5,"Unknown reason for no analyte concentration as a result of external lab data format change",0,"formatChange","Other"
"9f753638-4b1e-4516-a763-26eba1deffb8","D18","TOOK","TOOK.AOS.groundwater.well.008","TOOK.W8.20190709.FIL","A00000099398","2019-07-09T23:00Z","2019-07-09T23:00Z","EcoCore_CSU","UV Absorbance (250 nm)",,,0.5,"Unknown reason for no analyte concentration as a result of external lab data format change",0,"formatChange","Other"
"fe4ad75a-8225-4b79-93f7-d1c6816b596f","D18","TOOK","TOOK.AOS.groundwater.well.008","TOOK.W8.20190709.FIL","A00000099398","2019-07-09T23:00Z","2019-07-09T23:00Z","EcoCore_CSU","Cl",,"milligramsPerLiter",0.5,"Unknown reason for no analyte concentration as a result of external lab data format change",0,"formatChange","Other"
"09fdb92a-ecb8-4771-903f-b58b037695c1","D18","TOOK","TOOK.AOS.groundwater.well.008","TOOK.W8.20190709.FIL","A00000099398","2019-07-09T23:00Z","2019-07-09T23:00Z","EcoCore_CSU","NH4 - N",,"milligramsPerLiter",0.5,"Unknown reason for no analyte concentration as a result of external lab data format change",0,"formatChange","Other"
"8679a2fc-6c56-432d-aed5-d0b3fb727911","D18","TOOK","TOOK.AOS.groundwater.well.008","TOOK.W8.20190709.FIL","A00000099398","2019-07-09T23:00Z","2019-07-09T23:00Z","EcoCore_CSU","F",,"milligramsPerLiter",0.5,"Unknown reason for no analyte concentration as a result of external lab data format change",0,"formatChange","Other"
