uid,domainID,siteID,namedLocation,sampleID,sampleCode,startDate,collectDate,laboratoryName,analyte,analyteConcentration,analyteUnits,coolerTemp,remarks,shipmentWarmQF,externalLabDataQF,sampleCondition
"09fbbba1-fd32-4f3b-a39f-adb6aba2e23d","D07","WALK","WALK.AOS.groundwater.well.003","WALK.W3.20180221.FIL",,"2018-02-21T14:32Z","2018-02-21T14:32Z","EcoCore_CSU","UV Absorbance (280 nm)",0.0156,,6.5,,1,"formatChange","GOOD"
"3fd890bb-431a-448d-8761-e0e2d20e22ff","D07","WALK","WALK.AOS.groundwater.well.003","WALK.W3.20180221.FIL",,"2018-02-21T14:32Z","2018-02-21T14:32Z","EcoCore_CSU","NO2 - N",0.0121,"milligramsPerLiter",6.5,,1,"formatChange","GOOD"
"23d274e8-8e0e-48b8-9f32-9f1c21cbde90","D07","WALK","WALK.AOS.groundwater.well.003","WALK.W3.20180221.FIL",,"2018-02-21T14:32Z","2018-02-21T14:32Z","EcoCore_CSU","UV Absorbance (250 nm)",0.0206,,6.5,,1,"formatChange","GOOD"
"f0aa3242-2ffb-4cf2-9d44-46976bd5574a","D07","WALK","WALK.AOS.groundwater.well.003","WALK.W3.20180221.FIL",,"2018-02-21T14:32Z","2018-02-21T14:32Z","EcoCore_CSU","Si",3.6100,"milligramsPerLiter",6.5,,1,"formatChange","GOOD"
"be92393b-9262-4384-9e39-5d9240049698","D07","WALK","WALK.AOS.groundwater.well.003","WALK.W3.20180221.RAW",,"2018-02-21T14:32Z","2018-02-21T14:32Z","EcoCore_CSU","conductivity",140.0000,"microsiemensPerCentimeter",6.5,,1,"formatChange","GOOD"
"b75bc669-f194-4813-94b2-6674fcce671f","D07","WALK","WALK.AOS.groundwater.well.003","WALK.W3.20180221.FIL",,"2018-02-21T14:32Z","2018-02-21T14:32Z","EcoCore_CSU","SO4",5.0300,"milligramsPerLiter",6.5,,1,"formatChange","GOOD"
"0b7603f3-cfd1-45f6-8c53-dc59347e964b","D07","WALK","WALK.AOS.groundwater.well.003","WALK.W3.20180221.FIL",,"2018-02-21T14:32Z","2018-02-21T14:32Z","EcoCore_CSU","Ca",13.0180,"milligramsPerLiter",6.5,,1,"formatChange","GOOD"
"a2c17869-302e-4c27-a56a-6b8ab7e1a20a","D07","WALK","WALK.AOS.groundwater.well.003","WALK.W3.20180221.FIL",,"2018-02-21T14:32Z","2018-02-21T14:32Z","EcoCore_CSU","F",0.0050,"milligramsPerLiter",6.5,,1,"formatChange","GOOD"
"0a6b00a4-3d54-4487-b910-54029a2ed86e","D07","WALK","WALK.AOS.groundwater.well.003","WALK.W3.20180221.RAW",,"2018-02-21T14:32Z","2018-02-21T14:32Z","EcoCore_CSU","TOC",0.3783,"milligramsPerLiter",6.5,,1,"formatChange","GOOD"
"c253084f-e31f-4494-9aaa-7e8d94733cd1","D07","WALK","WALK.AOS.groundwater.well.003","WALK.W3.20180221.RAW",,"2018-02-21T14:32Z","2018-02-21T14:32Z","EcoCore_CSU","TSS",4.0000,"milligramsPerLiter",6.5,,1,"formatChange","GOOD"
"89ae41dd-e538-48ff-8032-a92d6ad07873","D07","WALK","WALK.AOS.groundwater.well.003","WALK.W3.20180221.PCN",,"2018-02-21T14:32Z","2018-02-21T14:32Z","EcoCore_CSU","TPN",0.0721,"milligram",6.5,,1,"formatChange","GOOD"
"6484fd71-eaef-4449-9166-8c2bf309ea70","D07","WALK","WALK.AOS.groundwater.well.003","WALK.W3.20180221.RAW",,"2018-02-21T14:32Z","2018-02-21T14:32Z","EcoCore_CSU","TN",0.0418,"milligramsPerLiter",6.5,,1,"formatChange","GOOD"
"726702d0-6345-474e-b7ed-74402b54162f","D07","WALK","WALK.AOS.groundwater.well.003","WALK.W3.20180221.RAW",,"2018-02-21T14:32Z","2018-02-21T14:32Z","EcoCore_CSU","TSS - Dry Mass",200.0000,"microgram",6.5,,1,"formatChange","GOOD"
"119386b9-9892-4faf-9690-efea5347344e","D07","WALK","WALK.AOS.groundwater.well.003","WALK.W3.20180221.FIL",,"2018-02-21T14:32Z","2018-02-21T14:32Z","EcoCore_CSU","DOC",0.3389,"milligramsPerLiter",6.5,,1,"formatChange","GOOD"
"2036023b-ffee-4d5f-81f8-6325f9593ee8","D07","WALK","WALK.AOS.groundwater.well.003","WALK.W3.20180221.FIL",,"2018-02-21T14:32Z","2018-02-21T14:32Z","EcoCore_CSU","TDP",0.0020,"milligramsPerLiter",6.5,,1,"formatChange","GOOD"
"0e3bfe29-f133-4698-9f90-7ba67893c8d1","D07","WALK","WALK.AOS.groundwater.well.003","WALK.W3.20180221.FIL",,"2018-02-21T14:32Z","2018-02-21T14:32Z","EcoCore_CSU","DIC",15.0000,"milligramsPerLiter",6.5,,1,"formatChange","GOOD"
"5a0d36d6-1e31-4510-9d08-9abbb84cbbc4","D07","WALK","WALK.AOS.groundwater.well.003","WALK.W3.20180221.FIL",,"2018-02-21T14:32Z","2018-02-21T14:32Z","EcoCore_CSU","Br",0.0050,"milligramsPerLiter",6.5,,1,"formatChange","GOOD"
"7fda1cad-dcac-4ed0-ba37-0d0ed3791c11","D07","WALK","WALK.AOS.groundwater.well.003","WALK.W3.20180221.RAW",,"2018-02-21T14:32Z","2018-02-21T14:32Z","EcoCore_CSU","TP",0.0030,"milligramsPerLiter",6.5,,1,"formatChange","GOOD"
"dedb717e-a194-40e3-8f5e-ffdaa6adce1a","D07","WALK","WALK.AOS.groundwater.well.003","WALK.W3.20180221.FIL",,"2018-02-21T14:32Z","2018-02-21T14:32Z","EcoCore_CSU","Mg",6.0810,"milligramsPerLiter",6.5,,1,"formatChange","GOOD"
"e079ee81-c28d-4a1d-a8a4-fadbd8f7f3ee","D07","WALK","WALK.AOS.groundwater.well.003","WALK.W3.20180221.FIL",,"2018-02-21T14:32Z","2018-02-21T14:32Z","EcoCore_CSU","TDS",99.1000,"milligramsPerLiter",6.5,,1,"formatChange","GOOD"
"f41d1547-6df6-4942-a27f-c0ee2884b339","D07","WALK","WALK.AOS.groundwater.well.003","WALK.W3.20180221.RAW",,"2018-02-21T14:32Z","2018-02-21T14:32Z","EcoCore_CSU","ANC",1.1500,"milliequivalentsPerLiter",6.5,,1,"formatChange","GOOD"
"d9dc77db-1dee-49f6-8f03-13304d5857f0","D07","WALK","WALK.AOS.groundwater.well.003","WALK.W3.20180221.FIL",,"2018-02-21T14:32Z","2018-02-21T14:32Z","EcoCore_CSU","HCO3",64.2100,"milligramsPerLiter",6.5,,1,"formatChange","GOOD"
"4e06c46a-b9a0-433c-9942-3a6dabb7eb40","D07","WALK","WALK.AOS.groundwater.well.003","WALK.W3.20180221.FIL",,"2018-02-21T14:32Z","2018-02-21T14:32Z","EcoCore_CSU","Fe",0.0100,"milligramsPerLiter",6.5,,1,"formatChange","GOOD"
"62689e4b-2ca4-4664-ad27-cd9face139dd","D07","WALK","WALK.AOS.groundwater.well.003","WALK.W3.20180221.FIL",,"2018-02-21T14:32Z","2018-02-21T14:32Z","EcoCore_CSU","Cl",1.9800,"milligramsPerLiter",6.5,,1,"formatChange","GOOD"
"209da6b7-35c9-4023-9196-a2b1653b977d","D07","WALK","WALK.AOS.groundwater.well.003","WALK.W3.20180221.FIL",,"2018-02-21T14:32Z","2018-02-21T14:32Z","EcoCore_CSU","K",0.3650,"milligramsPerLiter",6.5,,1,"formatChange","GOOD"
"d818e4da-1469-4c24-8498-f0d3ed79d1f9","D07","WALK","WALK.AOS.groundwater.well.003","WALK.W3.20180221.FIL",,"2018-02-21T14:32Z","2018-02-21T14:32Z","EcoCore_CSU","CO3",0.0050,"milligramsPerLiter",6.5,,1,"formatChange","GOOD"
"27b962fc-e431-446f-9360-1ff7a5f79ab3","D07","WALK","WALK.AOS.groundwater.well.003","WALK.W3.20180221.FIL",,"2018-02-21T14:32Z","2018-02-21T14:32Z","EcoCore_CSU","Ortho - P",0.0420,"milligramsPerLiter",6.5,,1,"formatChange","GOOD"
"fff0bd15-5c4d-41dc-9862-53b47a0c559e","D07","WALK","WALK.AOS.groundwater.well.003","WALK.W3.20180221.FIL",,"2018-02-21T14:32Z","2018-02-21T14:32Z","EcoCore_CSU","NH4 - N",0.1040,"milligramsPerLiter",6.5,,1,"formatChange","GOOD"
"c30afb24-4807-49b2-ac27-767a84375873","D07","WALK","WALK.AOS.groundwater.well.003","WALK.W3.20180221.FIL",,"2018-02-21T14:32Z","2018-02-21T14:32Z","EcoCore_CSU","Mn",0.0005,"milligramsPerLiter",6.5,,1,"formatChange","GOOD"
"9cf62171-c91d-4834-a3ff-4bd63194ba4a","D07","WALK","WALK.AOS.groundwater.well.003","WALK.W3.20180221.FIL",,"2018-02-21T14:32Z","2018-02-21T14:32Z","EcoCore_CSU","TDN",0.0301,"milligramsPerLiter",6.5,,1,"formatChange","GOOD"
"e141cbd4-1d05-47f0-824a-332e69d32893","D07","WALK","WALK.AOS.groundwater.well.003","WALK.W3.20180221.RAW",,"2018-02-21T14:32Z","2018-02-21T14:32Z","EcoCore_CSU","pH",7.5400,"pH",6.5,,1,"formatChange","GOOD"
"48373044-aec3-4577-b3fe-5d4900eef3e7","D07","WALK","WALK.AOS.groundwater.well.003","WALK.W3.20180221.FIL",,"2018-02-21T14:32Z","2018-02-21T14:32Z","EcoCore_CSU","NO3+NO2 - N",0.0216,"milligramsPerLiter",6.5,,1,"formatChange","GOOD"
"35edbb6d-0dbb-4f72-9ad5-5e1fb597269f","D07","WALK","WALK.AOS.groundwater.well.003","WALK.W3.20180221.PCN",,"2018-02-21T14:32Z","2018-02-21T14:32Z","EcoCore_CSU","TPC",0.2613,"milligram",6.5,,1,"formatChange","GOOD"
"6b1f5d44-20a8-4c59-a6fe-9ba551b46874","D07","WALK","WALK.AOS.groundwater.well.003","WALK.W3.20180221.FIL",,"2018-02-21T14:32Z","2018-02-21T14:32Z","EcoCore_CSU","Na",0.7230,"milligramsPerLiter",6.5,,1,"formatChange","GOOD"
"f67049b3-35fe-43ed-818b-6ae283fc73ca","D07","WALK","WALK.AOS.groundwater.well.001","WALK.W1.20180221.RAW",,"2018-02-21T16:24Z","2018-02-21T16:24Z","EcoCore_CSU","TP",0.0030,"milligramsPerLiter",4.8,,0,"formatChange","GOOD"
"b73af645-c185-4cfe-b7ed-59d6e3f488fd","D07","WALK","WALK.AOS.groundwater.well.001","WALK.W1.20180221.RAW",,"2018-02-21T16:24Z","2018-02-21T16:24Z","EcoCore_CSU","conductivity",346.1000,"microsiemensPerCentimeter",4.8,,0,"formatChange","GOOD"
"b7d8899c-0c46-4a4e-b044-0d203883e92e","D07","WALK","WALK.AOS.groundwater.well.001","WALK.W1.20180221.FIL",,"2018-02-21T16:24Z","2018-02-21T16:24Z","EcoCore_CSU","UV Absorbance (280 nm)",0.1003,,4.8,,0,"formatChange","GOOD"
"e4c0bb45-1723-43ff-a90e-63d22a89230f","D07","WALK","WALK.AOS.groundwater.well.001","WALK.W1.20180221.RAW",,"2018-02-21T16:24Z","2018-02-21T16:24Z","EcoCore_CSU","TSS",54.0000,"milligramsPerLiter",4.8,,0,"formatChange","GOOD"
"b1b117d1-1b45-49b1-ab20-aca612291c5f","D07","WALK","WALK.AOS.groundwater.well.001","WALK.W1.20180221.FIL",,"2018-02-21T16:24Z","2018-02-21T16:24Z","EcoCore_CSU","K",0.7290,"milligramsPerLiter",4.8,,0,"formatChange","GOOD"
"978a1e95-3a2d-4921-ae4a-9edf7da10a94","D07","WALK","WALK.AOS.groundwater.well.001","WALK.W1.20180221.RAW",,"2018-02-21T16:24Z","2018-02-21T16:24Z","EcoCore_CSU","pH",7.7400,"pH",4.8,,0,"formatChange","GOOD"
"e07277da-0c90-474b-b250-f3f4cf880be1","D07","WALK","WALK.AOS.groundwater.well.001","WALK.W1.20180221.FIL",,"2018-02-21T16:24Z","2018-02-21T16:24Z","EcoCore_CSU","NO2 - N",0.0130,"milligramsPerLiter",4.8,,0,"formatChange","GOOD"
"13dde60d-c8d9-4488-bf73-ebf3d5007630","D07","WALK","WALK.AOS.groundwater.well.001","WALK.W1.20180221.FIL",,"2018-02-21T16:24Z","2018-02-21T16:24Z","EcoCore_CSU","NH4 - N",0.1247,"milligramsPerLiter",4.8,,0,"formatChange","GOOD"
"327106e6-3d79-4cb2-aa94-ccd4b8ae1507","D07","WALK","WALK.AOS.groundwater.well.001","WALK.W1.20180221.FIL",,"2018-02-21T16:24Z","2018-02-21T16:24Z","EcoCore_CSU","DOC",0.3878,"milligramsPerLiter",4.8,,0,"formatChange","GOOD"
"5d584b71-f1f7-49ad-829b-c36a4e527baf","D07","WALK","WALK.AOS.groundwater.well.001","WALK.W1.20180221.FIL",,"2018-02-21T16:24Z","2018-02-21T16:24Z","EcoCore_CSU","Mg",15.6620,"milligramsPerLiter",4.8,,0,"formatChange","GOOD"
"3e76d30d-55ac-4259-a349-dfe118adfa29","D07","WALK","WALK.AOS.groundwater.well.001","WALK.W1.20180221.RAW",,"2018-02-21T16:24Z","2018-02-21T16:24Z","EcoCore_CSU","TSS - Dry Mass",2700.0000,"microgram",4.8,,0,"formatChange","GOOD"
"65cc6335-e449-447f-9285-47c96a062dc6","D07","WALK","WALK.AOS.groundwater.well.001","WALK.W1.20180221.FIL",,"2018-02-21T16:24Z","2018-02-21T16:24Z","EcoCore_CSU","DIC",41.3700,"milligramsPerLiter",4.8,,0,"formatChange","GOOD"
"1bfe7cf2-ebf5-4812-95dc-0e1a5e082048","D07","WALK","WALK.AOS.groundwater.well.001","WALK.W1.20180221.FIL",,"2018-02-21T16:24Z","2018-02-21T16:24Z","EcoCore_CSU","Cl",0.1500,"milligramsPerLiter",4.8,,0,"formatChange","GOOD"
"5e01e136-e01f-453c-94e9-9b8c8cf43490","D07","WALK","WALK.AOS.groundwater.well.001","WALK.W1.20180221.FIL",,"2018-02-21T16:24Z","2018-02-21T16:24Z","EcoCore_CSU","NO3+NO2 - N",0.1124,"milligramsPerLiter",4.8,,0,"formatChange","GOOD"
"e49ad3f2-3e2a-4158-9c6f-a5050464abcd","D07","WALK","WALK.AOS.groundwater.well.001","WALK.W1.20180221.FIL",,"2018-02-21T16:24Z","2018-02-21T16:24Z","EcoCore_CSU","Ortho - P",0.0600,"milligramsPerLiter",4.8,,0,"formatChange","GOOD"
"bb656e1c-bd32-4311-8cf0-2816a1d4c74f","D07","WALK","WALK.AOS.groundwater.well.001","WALK.W1.20180221.FIL",,"2018-02-21T16:24Z","2018-02-21T16:24Z","EcoCore_CSU","Ca",34.5490,"milligramsPerLiter",4.8,,0,"formatChange","GOOD"
"e2c76aeb-d2ac-4a63-a7f9-51857bbcd4e1","D07","WALK","WALK.AOS.groundwater.well.001","WALK.W1.20180221.FIL",,"2018-02-21T16:24Z","2018-02-21T16:24Z","EcoCore_CSU","TDS",243.4000,"milligramsPerLiter",4.8,,0,"formatChange","GOOD"
"6076bb7f-d5fc-4980-9998-f5fb4c1b850b","D07","WALK","WALK.AOS.groundwater.well.001","WALK.W1.20180221.FIL",,"2018-02-21T16:24Z","2018-02-21T16:24Z","EcoCore_CSU","Mn",0.0005,"milligramsPerLiter",4.8,,0,"formatChange","GOOD"
"82d366ab-5d00-4ace-887c-6dbc7b47b31a","D07","WALK","WALK.AOS.groundwater.well.001","WALK.W1.20180221.RAW",,"2018-02-21T16:24Z","2018-02-21T16:24Z","EcoCore_CSU","TOC",0.4562,"milligramsPerLiter",4.8,,0,"formatChange","GOOD"
"5af4d0ab-6aca-4fe8-b243-6f2d3cfdb39d","D07","WALK","WALK.AOS.groundwater.well.001","WALK.W1.20180221.FIL",,"2018-02-21T16:24Z","2018-02-21T16:24Z","EcoCore_CSU","TDP",0.0020,"milligramsPerLiter",4.8,,0,"formatChange","GOOD"
"1b57ebb2-8e2d-4b96-89e0-0fbda94eea88","D07","WALK","WALK.AOS.groundwater.well.001","WALK.W1.20180221.FIL",,"2018-02-21T16:24Z","2018-02-21T16:24Z","EcoCore_CSU","CO3",0.0050,"milligramsPerLiter",4.8,,0,"formatChange","GOOD"
"076363b1-8dc7-4c0c-af37-a7a2872c815d","D07","WALK","WALK.AOS.groundwater.well.001","WALK.W1.20180221.PCN",,"2018-02-21T16:24Z","2018-02-21T16:24Z","EcoCore_CSU","TPC",0.2717,"milligram",4.8,,0,"formatChange","GOOD"
"bba86401-1454-4b7c-a626-838d2d018a95","D07","WALK","WALK.AOS.groundwater.well.001","WALK.W1.20180221.FIL",,"2018-02-21T16:24Z","2018-02-21T16:24Z","EcoCore_CSU","TDN",0.1355,"milligramsPerLiter",4.8,,0,"formatChange","GOOD"
"4f8de187-decd-4e1b-92ce-ae19714e9c67","D07","WALK","WALK.AOS.groundwater.well.001","WALK.W1.20180221.FIL",,"2018-02-21T16:24Z","2018-02-21T16:24Z","EcoCore_CSU","SO4",5.9500,"milligramsPerLiter",4.8,,0,"formatChange","GOOD"
"57ac29d3-707e-439c-af64-5994caebd0c9","D07","WALK","WALK.AOS.groundwater.well.001","WALK.W1.20180221.FIL",,"2018-02-21T16:24Z","2018-02-21T16:24Z","EcoCore_CSU","UV Absorbance (250 nm)",0.1068,,4.8,,0,"formatChange","GOOD"
"8a8074ea-a5c8-47b6-a544-ffb9b6807eff","D07","WALK","WALK.AOS.groundwater.well.001","WALK.W1.20180221.FIL",,"2018-02-21T16:24Z","2018-02-21T16:24Z","EcoCore_CSU","Br",0.0050,"milligramsPerLiter",4.8,,0,"formatChange","GOOD"
"e530e8ad-693a-4332-85a6-6b17dc20659b","D07","WALK","WALK.AOS.groundwater.well.001","WALK.W1.20180221.FIL",,"2018-02-21T16:24Z","2018-02-21T16:24Z","EcoCore_CSU","F",0.5600,"milligramsPerLiter",4.8,,0,"formatChange","GOOD"
"5b25b21d-101b-4ba3-a6fc-24a544c190a1","D07","WALK","WALK.AOS.groundwater.well.001","WALK.W1.20180221.RAW",,"2018-02-21T16:24Z","2018-02-21T16:24Z","EcoCore_CSU","TN",0.1569,"milligramsPerLiter",4.8,,0,"formatChange","GOOD"
"4a98068c-92ef-41d9-85ca-4bbf92d3c84f","D07","WALK","WALK.AOS.groundwater.well.001","WALK.W1.20180221.FIL",,"2018-02-21T16:24Z","2018-02-21T16:24Z","EcoCore_CSU","HCO3",177.2800,"milligramsPerLiter",4.8,,0,"formatChange","GOOD"
"fcb37b80-f7f3-4f62-95d7-6d8ba25cfabf","D07","WALK","WALK.AOS.groundwater.well.001","WALK.W1.20180221.FIL",,"2018-02-21T16:24Z","2018-02-21T16:24Z","EcoCore_CSU","Fe",0.0005,"milligramsPerLiter",4.8,,0,"formatChange","GOOD"
"54906868-76a5-41d7-9bfe-789883c03558","D07","WALK","WALK.AOS.groundwater.well.001","WALK.W1.20180221.FIL",,"2018-02-21T16:24Z","2018-02-21T16:24Z","EcoCore_CSU","Na",0.8660,"milligramsPerLiter",4.8,,0,"formatChange","GOOD"
"f0a5015a-af51-4588-a670-418e797ebb76","D07","WALK","WALK.AOS.groundwater.well.001","WALK.W1.20180221.FIL",,"2018-02-21T16:24Z","2018-02-21T16:24Z","EcoCore_CSU","Si",3.4000,"milligramsPerLiter",4.8,,0,"formatChange","GOOD"
"c39f5742-e3e0-4a62-9d47-a6e7879bbd75","D07","WALK","WALK.AOS.groundwater.well.001","WALK.W1.20180221.RAW",,"2018-02-21T16:24Z","2018-02-21T16:24Z","EcoCore_CSU","ANC",5.9700,"milliequivalentsPerLiter",4.8,,0,"formatChange","GOOD"
"a1f2633e-7770-4d18-8c91-23bafd2f54db","D07","WALK","WALK.AOS.groundwater.well.001","WALK.W1.20180221.PCN",,"2018-02-21T16:24Z","2018-02-21T16:24Z","EcoCore_CSU","TPN",0.0681,"milligram",4.8,,0,"formatChange","GOOD"
"d4a698c6-7cac-4514-95ce-67490e796faa","D07","WALK","WALK.AOS.groundwater.well.002","WALK.W2.20180221.FIL",,"2018-02-21T17:08Z","2018-02-21T17:08Z","EcoCore_CSU","DOC",0.5641,"milligramsPerLiter",4.8,,0,"formatChange","GOOD"
"7c4dde7e-56f4-4be5-a34b-b6691d35ff3c","D07","WALK","WALK.AOS.groundwater.well.002","WALK.W2.20180221.FIL",,"2018-02-21T17:08Z","2018-02-21T17:08Z","EcoCore_CSU","CO3",0.0050,"milligramsPerLiter",4.8,,0,"formatChange","GOOD"
"16dfa3c1-68ed-4f0f-ade6-6cbf0eb2c871","D07","WALK","WALK.AOS.groundwater.well.002","WALK.W2.20180221.FIL",,"2018-02-21T17:08Z","2018-02-21T17:08Z","EcoCore_CSU","TDN",0.0544,"milligramsPerLiter",4.8,,0,"formatChange","GOOD"
"4ae0087b-f913-4526-a3eb-01d9b04826aa","D07","WALK","WALK.AOS.groundwater.well.002","WALK.W2.20180221.RAW",,"2018-02-21T17:08Z","2018-02-21T17:08Z","EcoCore_CSU","TP",0.0020,"milligramsPerLiter",4.8,,0,"formatChange","GOOD"
"b5217bc3-dc3e-4459-8ac8-007c44f795ca","D07","WALK","WALK.AOS.groundwater.well.002","WALK.W2.20180221.RAW",,"2018-02-21T17:08Z","2018-02-21T17:08Z","EcoCore_CSU","conductivity",161.8000,"microsiemensPerCentimeter",4.8,,0,"formatChange","GOOD"
"64f8bcab-3bab-4061-94e4-3c5bd5b859f7","D07","WALK","WALK.AOS.groundwater.well.002","WALK.W2.20180221.RAW",,"2018-02-21T17:08Z","2018-02-21T17:08Z","EcoCore_CSU","TSS - Dry Mass",400.0000,"microgram",4.8,,0,"formatChange","GOOD"
"718eb6a4-0ff0-4493-adb8-63c7a2825972","D07","WALK","WALK.AOS.groundwater.well.002","WALK.W2.20180221.FIL",,"2018-02-21T17:08Z","2018-02-21T17:08Z","EcoCore_CSU","HCO3",76.5400,"milligramsPerLiter",4.8,,0,"formatChange","GOOD"
"cbf0e49d-dd6f-4c9c-b208-8929bea2e48c","D07","WALK","WALK.AOS.groundwater.well.002","WALK.W2.20180221.FIL",,"2018-02-21T17:08Z","2018-02-21T17:08Z","EcoCore_CSU","Cl",2.1500,"milligramsPerLiter",4.8,,0,"formatChange","GOOD"
"63699bd3-4569-401d-a9bc-69b288637d25","D07","WALK","WALK.AOS.groundwater.well.002","WALK.W2.20180221.FIL",,"2018-02-21T17:08Z","2018-02-21T17:08Z","EcoCore_CSU","UV Absorbance (280 nm)",0.0114,,4.8,,0,"formatChange","GOOD"
"8e9fa2bf-1713-46c2-ba86-6e3e42c865f1","D07","WALK","WALK.AOS.groundwater.well.002","WALK.W2.20180221.FIL",,"2018-02-21T17:08Z","2018-02-21T17:08Z","EcoCore_CSU","TDP",0.0010,"milligramsPerLiter",4.8,,0,"formatChange","GOOD"
"412cad1d-8d3a-4bb5-80af-e28f72789b4c","D07","WALK","WALK.AOS.groundwater.well.002","WALK.W2.20180221.FIL",,"2018-02-21T17:08Z","2018-02-21T17:08Z","EcoCore_CSU","UV Absorbance (250 nm)",0.0163,,4.8,,0,"formatChange","GOOD"
"dc412c00-5913-4bc2-88c0-cd0b34ca4afe","D07","WALK","WALK.AOS.groundwater.well.002","WALK.W2.20180221.RAW",,"2018-02-21T17:08Z","2018-02-21T17:08Z","EcoCore_CSU","TN",0.0577,"milligramsPerLiter",4.8,,0,"formatChange","GOOD"
"dafa2876-ef87-4e33-9dc5-6c69600d68ea","D07","WALK","WALK.AOS.groundwater.well.002","WALK.W2.20180221.FIL",,"2018-02-21T17:08Z","2018-02-21T17:08Z","EcoCore_CSU","Mg",6.5880,"milligramsPerLiter",4.8,,0,"formatChange","GOOD"
"6bed6314-e97e-4522-bb44-599f55cf5b1f","D07","WALK","WALK.AOS.groundwater.well.002","WALK.W2.20180221.RAW",,"2018-02-21T17:08Z","2018-02-21T17:08Z","EcoCore_CSU","pH",7.3800,"pH",4.8,,0,"formatChange","GOOD"
"f7a91b77-1f49-48ab-bdea-c8501c6f4484","D07","WALK","WALK.AOS.groundwater.well.002","WALK.W2.20180221.PCN",,"2018-02-21T17:08Z","2018-02-21T17:08Z","EcoCore_CSU","TPC",0.2700,"milligram",4.8,,0,"formatChange","GOOD"
"ef6b8296-43e8-4c0f-bbf3-42b1c432c190","D07","WALK","WALK.AOS.groundwater.well.002","WALK.W2.20180221.FIL",,"2018-02-21T17:08Z","2018-02-21T17:08Z","EcoCore_CSU","TDS",114.1000,"milligramsPerLiter",4.8,,0,"formatChange","GOOD"
"90110137-8152-4a42-8b02-23b163a8cd26","D07","WALK","WALK.AOS.groundwater.well.002","WALK.W2.20180221.RAW",,"2018-02-21T17:08Z","2018-02-21T17:08Z","EcoCore_CSU","TOC",0.4857,"milligramsPerLiter",4.8,,0,"formatChange","GOOD"
"d1424f8a-b356-479e-a5d7-4bb7a9d6a1a3","D07","WALK","WALK.AOS.groundwater.well.002","WALK.W2.20180221.FIL",,"2018-02-21T17:08Z","2018-02-21T17:08Z","EcoCore_CSU","F",0.0050,"milligramsPerLiter",4.8,,0,"formatChange","GOOD"
"bfed18d4-c918-4b8c-8145-51f81dcd4b7b","D07","WALK","WALK.AOS.groundwater.well.002","WALK.W2.20180221.FIL",,"2018-02-21T17:08Z","2018-02-21T17:08Z","EcoCore_CSU","Si",3.2000,"milligramsPerLiter",4.8,,0,"formatChange","GOOD"
"22f49035-beca-45de-a5cf-de22ee1beec5","D07","WALK","WALK.AOS.groundwater.well.002","WALK.W2.20180221.FIL",,"2018-02-21T17:08Z","2018-02-21T17:08Z","EcoCore_CSU","SO4",3.2500,"milligramsPerLiter",4.8,,0,"formatChange","GOOD"
"3629cb15-9688-4c6a-8ff3-b45ce827fb86","D07","WALK","WALK.AOS.groundwater.well.002","WALK.W2.20180221.RAW",,"2018-02-21T17:08Z","2018-02-21T17:08Z","EcoCore_CSU","ANC",1.3700,"milliequivalentsPerLiter",4.8,,0,"formatChange","GOOD"
"054244c5-05f9-46bb-9582-2513d3de08aa","D07","WALK","WALK.AOS.groundwater.well.002","WALK.W2.20180221.FIL",,"2018-02-21T17:08Z","2018-02-21T17:08Z","EcoCore_CSU","K",0.4340,"milligramsPerLiter",4.8,,0,"formatChange","GOOD"
"dd0b520b-a9cb-4da6-900b-1c6128dcfd4f","D07","WALK","WALK.AOS.groundwater.well.002","WALK.W2.20180221.FIL",,"2018-02-21T17:08Z","2018-02-21T17:08Z","EcoCore_CSU","NO2 - N",0.0119,"milligramsPerLiter",4.8,,0,"formatChange","GOOD"
"7ea3e110-a730-4bd9-be4b-16d3ff5237b5","D07","WALK","WALK.AOS.groundwater.well.002","WALK.W2.20180221.RAW",,"2018-02-21T17:08Z","2018-02-21T17:08Z","EcoCore_CSU","TSS",8.0000,"milligramsPerLiter",4.8,,0,"formatChange","GOOD"
"d718a412-83eb-47c1-a765-1f9aeea93012","D07","WALK","WALK.AOS.groundwater.well.002","WALK.W2.20180221.FIL",,"2018-02-21T17:08Z","2018-02-21T17:08Z","EcoCore_CSU","Ca",16.2270,"milligramsPerLiter",4.8,,0,"formatChange","GOOD"
"df1ceb7c-8356-4e73-8ae9-6ab5feefe324","D07","WALK","WALK.AOS.groundwater.well.002","WALK.W2.20180221.FIL",,"2018-02-21T17:08Z","2018-02-21T17:08Z","EcoCore_CSU","DIC",18.2300,"milligramsPerLiter",4.8,,0,"formatChange","GOOD"
"68abc367-e878-4e78-a247-ef79eb2d9303","D07","WALK","WALK.AOS.groundwater.well.002","WALK.W2.20180221.FIL",,"2018-02-21T17:08Z","2018-02-21T17:08Z","EcoCore_CSU","NO3+NO2 - N",0.0309,"milligramsPerLiter",4.8,,0,"formatChange","GOOD"
"fc299320-3ab6-40ce-860a-e390e8fd3737","D07","WALK","WALK.AOS.groundwater.well.002","WALK.W2.20180221.FIL",,"2018-02-21T17:08Z","2018-02-21T17:08Z","EcoCore_CSU","Br",0.0050,"milligramsPerLiter",4.8,,0,"formatChange","GOOD"
"9b33686b-fa4c-42a3-8e03-a13a040152b3","D07","WALK","WALK.AOS.groundwater.well.002","WALK.W2.20180221.FIL",,"2018-02-21T17:08Z","2018-02-21T17:08Z","EcoCore_CSU","Mn",0.0030,"milligramsPerLiter",4.8,,0,"formatChange","GOOD"
"02dbe080-b5b1-4504-a8bc-aa9e82ca36f6","D07","WALK","WALK.AOS.groundwater.well.002","WALK.W2.20180221.FIL",,"2018-02-21T17:08Z","2018-02-21T17:08Z","EcoCore_CSU","NH4 - N",0.1144,"milligramsPerLiter",4.8,,0,"formatChange","GOOD"
"3ad02a9e-5d4e-4e95-bcd4-ae3c8d58ce77","D07","WALK","WALK.AOS.groundwater.well.002","WALK.W2.20180221.FIL",,"2018-02-21T17:08Z","2018-02-21T17:08Z","EcoCore_CSU","Ortho - P",0.0710,"milligramsPerLiter",4.8,,0,"formatChange","GOOD"
"1aa2c7da-2a94-48a2-8aa5-3210985fd16d","D07","WALK","WALK.AOS.groundwater.well.002","WALK.W2.20180221.FIL",,"2018-02-21T17:08Z","2018-02-21T17:08Z","EcoCore_CSU","Fe",0.0005,"milligramsPerLiter",4.8,,0,"formatChange","GOOD"
"07d1b3ca-1163-464f-8248-63d7b9a2dd6f","D07","WALK","WALK.AOS.groundwater.well.002","WALK.W2.20180221.PCN",,"2018-02-21T17:08Z","2018-02-21T17:08Z","EcoCore_CSU","TPN",0.0146,"milligram",4.8,,0,"formatChange","GOOD"
"d9915ed1-7bb6-4d56-9d8c-fb437899c5ac","D07","WALK","WALK.AOS.groundwater.well.002","WALK.W2.20180221.FIL",,"2018-02-21T17:08Z","2018-02-21T17:08Z","EcoCore_CSU","Na",0.8000,"milligramsPerLiter",4.8,,0,"formatChange","GOOD"
