uid,domainID,siteID,namedLocation,sampleID,sampleCode,startDate,collectDate,laboratoryName,analyte,analyteConcentration,analyteUnits,coolerTemp,remarks,shipmentWarmQF,externalLabDataQF,sampleCondition
"63d3ab8c-107d-4758-bc84-1252daba7322","D11","PRIN","PRIN.AOS.groundwater.well.002","PRIN.W2.20170425.RAW",,"2017-04-25T16:30Z","2017-04-25T16:30Z","EcoCore_CSU","conductivity",599.3600,"microsiemensPerCentimeter",3.1,,0,"formatChange|legacyData","GOOD"
"070ef903-a27e-4548-ac7f-4c9ac2df8b56","D11","PRIN","PRIN.AOS.groundwater.well.002","PRIN.W2.20170425.PCN",,"2017-04-25T16:30Z","2017-04-25T16:30Z","EcoCore_CSU","TPN",0.2092,"milligram",3.1,,0,"formatChange|legacyData","GOOD"
"19ef09a0-d5a3-4627-a0ab-623338cea570","D11","PRIN","PRIN.AOS.groundwater.well.002","PRIN.W2.20170425.FIL",,"2017-04-25T16:30Z","2017-04-25T16:30Z","EcoCore_CSU","Ortho - P",0.0320,"milligramsPerLiter",3.1,,0,"formatChange|legacyData","GOOD"
"2446fe98-9a06-47f5-a97b-9c9fe247b673","D11","PRIN","PRIN.AOS.groundwater.well.002","PRIN.W2.20170425.FIL",,"2017-04-25T16:30Z","2017-04-25T16:30Z","EcoCore_CSU","Cl",20.8365,"milligramsPerLiter",3.1,,0,"formatChange|legacyData","GOOD"
"54118694-7123-482f-a439-13a3ff5cb106","D11","PRIN","PRIN.AOS.groundwater.well.002","PRIN.W2.20170425.RAW",,"2017-04-25T16:30Z","2017-04-25T16:30Z","EcoCore_CSU","pH",7.3200,"pH",3.1,,0,"formatChange|legacyData","GOOD"
"b1f8d93c-bcbc-42fa-8f26-5f3a6a7324d9","D11","PRIN","PRIN.AOS.groundwater.well.002","PRIN.W2.20170425.FIL",,"2017-04-25T16:30Z","2017-04-25T16:30Z","EcoCore_CSU","TDS",421.1100,"milligramsPerLiter",3.1,,0,"formatChange|legacyData","GOOD"
"fd2735c0-7685-450a-b448-2235144be948","D11","PRIN","PRIN.AOS.groundwater.well.002","PRIN.W2.20170425.FIL",,"2017-04-25T16:30Z","2017-04-25T16:30Z","EcoCore_CSU","DOC",1.5430,"milligramsPerLiter",3.1,,0,"formatChange|legacyData","GOOD"
"58e16305-f962-4b54-a5c1-b74b22dab9c2","D11","PRIN","PRIN.AOS.groundwater.well.002","PRIN.W2.20170425.FIL",,"2017-04-25T16:30Z","2017-04-25T16:30Z","EcoCore_CSU","UV Absorbance (250 nm)",0.0282,,3.1,,0,"formatChange|legacyData","GOOD"
"b1fe64bc-9dd7-49c7-b622-42e1be6cc9c4","D11","PRIN","PRIN.AOS.groundwater.well.002","PRIN.W2.20170425.RAW",,"2017-04-25T16:30Z","2017-04-25T16:30Z","EcoCore_CSU","TSS",28.0000,"milligramsPerLiter",3.1,,0,"formatChange|legacyData","GOOD"
"28d2f497-a982-404e-b727-318432dd2cad","D11","PRIN","PRIN.AOS.groundwater.well.002","PRIN.W2.20170425.FIL",,"2017-04-25T16:30Z","2017-04-25T16:30Z","EcoCore_CSU","Na",35.5390,"milligramsPerLiter",3.1,,0,"formatChange|legacyData","GOOD"
"9ffd3d5b-48f8-4eda-be85-0749d827b982","D11","PRIN","PRIN.AOS.groundwater.well.002","PRIN.W2.20170425.FIL",,"2017-04-25T16:30Z","2017-04-25T16:30Z","EcoCore_CSU","TDP",0.0620,"milligramsPerLiter",3.1,,0,"formatChange|legacyData","GOOD"
"8af43d2e-49c3-452d-b148-507fd5e0bbcc","D11","PRIN","PRIN.AOS.groundwater.well.002","PRIN.W2.20170425.FIL",,"2017-04-25T16:30Z","2017-04-25T16:30Z","EcoCore_CSU","UV Absorbance (280 nm)",0.0182,,3.1,,0,"formatChange|legacyData","GOOD"
"2de81c88-ae40-4d7e-9a2d-6aa67b1d4e03","D11","PRIN","PRIN.AOS.groundwater.well.002","PRIN.W2.20170425.FIL",,"2017-04-25T16:30Z","2017-04-25T16:30Z","EcoCore_CSU","Mg",7.5434,"milligramsPerLiter",3.1,,0,"formatChange|legacyData","GOOD"
"3f378686-0800-483e-bc27-5af15f32fe0c","D11","PRIN","PRIN.AOS.groundwater.well.002","PRIN.W2.20170425.FIL",,"2017-04-25T16:30Z","2017-04-25T16:30Z","EcoCore_CSU","NH4 - N",0.0640,"milligramsPerLiter",3.1,,0,"formatChange|legacyData","GOOD"
"fe898f54-5b68-41d9-840a-f7b3fc5d3a3d","D11","PRIN","PRIN.AOS.groundwater.well.002","PRIN.W2.20170425.FIL",,"2017-04-25T16:30Z","2017-04-25T16:30Z","EcoCore_CSU","Br",0.0050,"milligramsPerLiter",3.1,,0,"formatChange|legacyData","GOOD"
"8962e01a-243a-478e-8403-8c475c986c75","D11","PRIN","PRIN.AOS.groundwater.well.002","PRIN.W2.20170425.RAW",,"2017-04-25T16:30Z","2017-04-25T16:30Z","EcoCore_CSU","TN",0.4392,"milligramsPerLiter",3.1,,0,"formatChange|legacyData","GOOD"
"5866be7d-0627-4e2f-814e-807b1c2590dc","D11","PRIN","PRIN.AOS.groundwater.well.002","PRIN.W2.20170425.FIL",,"2017-04-25T16:30Z","2017-04-25T16:30Z","EcoCore_CSU","TDN",0.1650,"milligramsPerLiter",3.1,,0,"formatChange|legacyData","GOOD"
"1c5a0013-4435-494b-ab2b-fead6f7bdbf2","D11","PRIN","PRIN.AOS.groundwater.well.002","PRIN.W2.20170425.FIL",,"2017-04-25T16:30Z","2017-04-25T16:30Z","EcoCore_CSU","SO4",25.9936,"milligramsPerLiter",3.1,,0,"formatChange|legacyData","GOOD"
"8fb1fd5d-2127-4e5f-ac6d-40c5cf722c25","D11","PRIN","PRIN.AOS.groundwater.well.002","PRIN.W2.20170425.FIL",,"2017-04-25T16:30Z","2017-04-25T16:30Z","EcoCore_CSU","DIC",60.4200,"milligramsPerLiter",3.1,,0,"formatChange|legacyData","GOOD"
"6f8ccc2f-ca23-439b-ba2a-43a4bdda9abd","D11","PRIN","PRIN.AOS.groundwater.well.002","PRIN.W2.20170425.FIL",,"2017-04-25T16:30Z","2017-04-25T16:30Z","EcoCore_CSU","Ca",74.0430,"milligramsPerLiter",3.1,,0,"formatChange|legacyData","GOOD"
"e8a4db87-b902-4dc8-89ed-60de8f4cc919","D11","PRIN","PRIN.AOS.groundwater.well.002","PRIN.W2.20170425.FIL",,"2017-04-25T16:30Z","2017-04-25T16:30Z","EcoCore_CSU","K",1.5514,"milligramsPerLiter",3.1,,0,"formatChange|legacyData","GOOD"
"ea87a92b-fb18-41ca-a11c-423839143b6f","D11","PRIN","PRIN.AOS.groundwater.well.002","PRIN.W2.20170425.FIL",,"2017-04-25T16:30Z","2017-04-25T16:30Z","EcoCore_CSU","CO3",0.0000,"milligramsPerLiter",3.1,,0,"formatChange|legacyData","GOOD"
"ee97f160-2d7e-4286-963c-24d995c2d2b0","D11","PRIN","PRIN.AOS.groundwater.well.002","PRIN.W2.20170425.FIL",,"2017-04-25T16:30Z","2017-04-25T16:30Z","EcoCore_CSU","Si",18.8930,"milligramsPerLiter",3.1,,0,"formatChange|legacyData","GOOD"
"0f618063-5e99-4aa1-9042-1a031e06a153","D11","PRIN","PRIN.AOS.groundwater.well.002","PRIN.W2.20170425.FIL",,"2017-04-25T16:30Z","2017-04-25T16:30Z","EcoCore_CSU","NO2 - N",0.0050,"milligramsPerLiter",3.1,,0,"formatChange|legacyData","GOOD"
"658c2982-dc4d-4fb6-8d96-00829e09387e","D11","PRIN","PRIN.AOS.groundwater.well.002","PRIN.W2.20170425.FIL",,"2017-04-25T16:30Z","2017-04-25T16:30Z","EcoCore_CSU","HCO3",271.6310,"milligramsPerLiter",3.1,,0,"formatChange|legacyData","GOOD"
"444c60e1-bfa5-4eb9-b17e-8d0aa23d132d","D11","PRIN","PRIN.AOS.groundwater.well.002","PRIN.W2.20170425.RAW",,"2017-04-25T16:30Z","2017-04-25T16:30Z","EcoCore_CSU","ANC",4.5960,"milliequivalentsPerLiter",3.1,,0,"formatChange|legacyData","GOOD"
"87dcaf20-cf64-44a6-a23b-56fe4520edee","D11","PRIN","PRIN.AOS.groundwater.well.002","PRIN.W2.20170425.FIL",,"2017-04-25T16:30Z","2017-04-25T16:30Z","EcoCore_CSU","Fe",0.0005,"milligramsPerLiter",3.1,,0,"formatChange|legacyData","GOOD"
"83d240a0-89f2-4ad4-864d-b8b201c4d025","D11","PRIN","PRIN.AOS.groundwater.well.002","PRIN.W2.20170425.PCN",,"2017-04-25T16:30Z","2017-04-25T16:30Z","EcoCore_CSU","TPC",0.7081,"milligram",3.1,,0,"formatChange|legacyData","GOOD"
"36a559e1-d93e-40fa-9712-63b5807f958b","D11","PRIN","PRIN.AOS.groundwater.well.002","PRIN.W2.20170425.FIL",,"2017-04-25T16:30Z","2017-04-25T16:30Z","EcoCore_CSU","Mn",0.1112,"milligramsPerLiter",3.1,,0,"formatChange|legacyData","GOOD"
"92183a04-73d4-48cd-b128-235dd2dc9970","D11","PRIN","PRIN.AOS.groundwater.well.002","PRIN.W2.20170425.FIL",,"2017-04-25T16:30Z","2017-04-25T16:30Z","EcoCore_CSU","NO3+NO2 - N",0.0290,"milligramsPerLiter",3.1,,0,"formatChange|legacyData","GOOD"
"b77bc2c2-103d-407f-af41-e8976035587c","D11","PRIN","PRIN.AOS.groundwater.well.002","PRIN.W2.20170425.RAW",,"2017-04-25T16:30Z","2017-04-25T16:30Z","EcoCore_CSU","TSS - Dry Mass",700.0000,"microgram",3.1,,0,"formatChange|legacyData","GOOD"
"1d78bb6d-589c-4bdc-8779-3ba83beaee88","D11","PRIN","PRIN.AOS.groundwater.well.002","PRIN.W2.20170425.FIL",,"2017-04-25T16:30Z","2017-04-25T16:30Z","EcoCore_CSU","F",0.2299,"milligramsPerLiter",3.1,,0,"formatChange|legacyData","GOOD"
"c968e3e5-1678-47e1-92f0-78268c5d1d69","D11","PRIN","PRIN.AOS.groundwater.well.002","PRIN.W2.20170425.RAW",,"2017-04-25T16:30Z","2017-04-25T16:30Z","EcoCore_CSU","TOC",3.4080,"milligramsPerLiter",3.1,,0,"formatChange|legacyData","GOOD"
"a9b9b27d-7c96-4448-a6ed-b2a01373102b","D11","PRIN","PRIN.AOS.groundwater.well.002","PRIN.W2.20170425.RAW",,"2017-04-25T16:30Z","2017-04-25T16:30Z","EcoCore_CSU","TP",0.0680,"milligramsPerLiter",3.1,,0,"formatChange|legacyData","GOOD"
"14ddc20a-e03d-4b03-a027-bc7634874028","D11","PRIN","PRIN.AOS.groundwater.well.003","PRIN.W3.20170426.RAW",,"2017-04-26T17:01Z","2017-04-26T17:01Z","EcoCore_CSU","TOC",1.9310,"milligramsPerLiter",1.4,,0,"formatChange|legacyData","GOOD"
"435b1d66-f202-45ed-9bf4-b55f531d98ae","D11","PRIN","PRIN.AOS.groundwater.well.003","PRIN.W3.20170426.FIL",,"2017-04-26T17:01Z","2017-04-26T17:01Z","EcoCore_CSU","TDN",0.2133,"milligramsPerLiter",1.4,,0,"formatChange|legacyData","GOOD"
"4be1364b-a933-4ddf-a2f1-966d64e870ac","D11","PRIN","PRIN.AOS.groundwater.well.003","PRIN.W3.20170426.FIL",,"2017-04-26T17:01Z","2017-04-26T17:01Z","EcoCore_CSU","Cl",144.7107,"milligramsPerLiter",1.4,,0,"formatChange|legacyData","GOOD"
"d757106d-b670-4f82-ab61-371f04a34456","D11","PRIN","PRIN.AOS.groundwater.well.003","PRIN.W3.20170426.FIL",,"2017-04-26T17:01Z","2017-04-26T17:01Z","EcoCore_CSU","Na",152.9700,"milligramsPerLiter",1.4,,0,"formatChange|legacyData","GOOD"
"a7d830be-5336-4b33-b2e6-5b52a4324c64","D11","PRIN","PRIN.AOS.groundwater.well.003","PRIN.W3.20170426.RAW",,"2017-04-26T17:01Z","2017-04-26T17:01Z","EcoCore_CSU","ANC",5.2210,"milliequivalentsPerLiter",1.4,,0,"formatChange|legacyData","GOOD"
"cf613d9f-a765-4795-8d3f-31f1e7de8c79","D11","PRIN","PRIN.AOS.groundwater.well.003","PRIN.W3.20170426.FIL",,"2017-04-26T17:01Z","2017-04-26T17:01Z","EcoCore_CSU","TDS",1217.9500,"milligramsPerLiter",1.4,,0,"formatChange|legacyData","GOOD"
"695acaf7-bce6-4924-989e-0145ff8d658a","D11","PRIN","PRIN.AOS.groundwater.well.003","PRIN.W3.20170426.FIL",,"2017-04-26T17:01Z","2017-04-26T17:01Z","EcoCore_CSU","F",0.4280,"milligramsPerLiter",1.4,,0,"formatChange|legacyData","GOOD"
"7f507df4-f361-41ed-be81-cb123bd07ccc","D11","PRIN","PRIN.AOS.groundwater.well.003","PRIN.W3.20170426.FIL",,"2017-04-26T17:01Z","2017-04-26T17:01Z","EcoCore_CSU","Mn",0.6721,"milligramsPerLiter",1.4,,0,"formatChange|legacyData","GOOD"
"90de0c86-a5f1-4202-9f05-49733fbced2c","D11","PRIN","PRIN.AOS.groundwater.well.003","PRIN.W3.20170426.FIL",,"2017-04-26T17:01Z","2017-04-26T17:01Z","EcoCore_CSU","NH4 - N",0.1230,"milligramsPerLiter",1.4,,0,"formatChange|legacyData","GOOD"
"70a740e1-10e3-4540-95fd-f8dae79a001d","D11","PRIN","PRIN.AOS.groundwater.well.003","PRIN.W3.20170426.FIL",,"2017-04-26T17:01Z","2017-04-26T17:01Z","EcoCore_CSU","DOC",1.8070,"milligramsPerLiter",1.4,,0,"formatChange|legacyData","GOOD"
"46daf127-d41f-40dd-8e0c-37b553aa6763","D11","PRIN","PRIN.AOS.groundwater.well.003","PRIN.W3.20170426.FIL",,"2017-04-26T17:01Z","2017-04-26T17:01Z","EcoCore_CSU","UV Absorbance (280 nm)",0.0680,,1.4,,0,"formatChange|legacyData","GOOD"
"af0cb4f0-997a-484e-a8e8-1d746c18a77c","D11","PRIN","PRIN.AOS.groundwater.well.003","PRIN.W3.20170426.FIL",,"2017-04-26T17:01Z","2017-04-26T17:01Z","EcoCore_CSU","Ca",143.9900,"milligramsPerLiter",1.4,,0,"formatChange|legacyData","GOOD"
"c7be79a3-4e69-4918-8aca-117750f4fab8","D11","PRIN","PRIN.AOS.groundwater.well.003","PRIN.W3.20170426.FIL",,"2017-04-26T17:01Z","2017-04-26T17:01Z","EcoCore_CSU","Mg",42.4160,"milligramsPerLiter",1.4,,0,"formatChange|legacyData","GOOD"
"09fd9718-50c2-4d24-bb37-42dfd678ee3d","D11","PRIN","PRIN.AOS.groundwater.well.003","PRIN.W3.20170426.FIL",,"2017-04-26T17:01Z","2017-04-26T17:01Z","EcoCore_CSU","K",6.3213,"milligramsPerLiter",1.4,,0,"formatChange|legacyData","GOOD"
"668ddead-46cc-42bf-b9f3-e4baf6aa12c6","D11","PRIN","PRIN.AOS.groundwater.well.003","PRIN.W3.20170426.FIL",,"2017-04-26T17:01Z","2017-04-26T17:01Z","EcoCore_CSU","Fe",0.0030,"milligramsPerLiter",1.4,,0,"formatChange|legacyData","GOOD"
"d5d73958-874a-4da8-be17-33697f64382e","D11","PRIN","PRIN.AOS.groundwater.well.003","PRIN.W3.20170426.FIL",,"2017-04-26T17:01Z","2017-04-26T17:01Z","EcoCore_CSU","NO2 - N",0.0070,"milligramsPerLiter",1.4,,0,"formatChange|legacyData","GOOD"
"4a992b91-5b3b-49bb-b530-cf9da3ce5129","D11","PRIN","PRIN.AOS.groundwater.well.003","PRIN.W3.20170426.RAW",,"2017-04-26T17:01Z","2017-04-26T17:01Z","EcoCore_CSU","TN",0.1886,"milligramsPerLiter",1.4,,0,"formatChange|legacyData","GOOD"
"93b66c94-0184-4a05-a476-e844128c09b6","D11","PRIN","PRIN.AOS.groundwater.well.003","PRIN.W3.20170426.RAW",,"2017-04-26T17:01Z","2017-04-26T17:01Z","EcoCore_CSU","TP",0.0150,"milligramsPerLiter",1.4,,0,"formatChange|legacyData","GOOD"
"926b9452-bb70-44d0-8d36-02125be69b92","D11","PRIN","PRIN.AOS.groundwater.well.003","PRIN.W3.20170426.FIL",,"2017-04-26T17:01Z","2017-04-26T17:01Z","EcoCore_CSU","UV Absorbance (250 nm)",0.0774,,1.4,,0,"formatChange|legacyData","GOOD"
"b3f7dd56-7399-4ea6-8fe3-5806606d8115","D11","PRIN","PRIN.AOS.groundwater.well.003","PRIN.W3.20170426.FIL",,"2017-04-26T17:01Z","2017-04-26T17:01Z","EcoCore_CSU","NO3+NO2 - N",0.0320,"milligramsPerLiter",1.4,,0,"formatChange|legacyData","GOOD"
"d908e08f-ddc5-41fa-90cd-f3cb2f91a96c","D11","PRIN","PRIN.AOS.groundwater.well.003","PRIN.W3.20170426.FIL",,"2017-04-26T17:01Z","2017-04-26T17:01Z","EcoCore_CSU","Ortho - P",0.0190,"milligramsPerLiter",1.4,,0,"formatChange|legacyData","GOOD"
"a8646b42-a0d9-4610-9c40-a5579f9ed16a","D11","PRIN","PRIN.AOS.groundwater.well.003","PRIN.W3.20170426.FIL",,"2017-04-26T17:01Z","2017-04-26T17:01Z","EcoCore_CSU","TDP",0.0120,"milligramsPerLiter",1.4,,0,"formatChange|legacyData","GOOD"
"b89766c7-ba0b-4bc0-b340-20fae712f575","D11","PRIN","PRIN.AOS.groundwater.well.003","PRIN.W3.20170426.FIL",,"2017-04-26T17:01Z","2017-04-26T17:01Z","EcoCore_CSU","Br",1.0710,"milligramsPerLiter",1.4,,0,"formatChange|legacyData","GOOD"
"5bd54e22-c8c7-446f-bd0f-77a40232b920","D11","PRIN","PRIN.AOS.groundwater.well.003","PRIN.W3.20170426.FIL",,"2017-04-26T17:01Z","2017-04-26T17:01Z","EcoCore_CSU","SO4",395.6610,"milligramsPerLiter",1.4,,0,"formatChange|legacyData","GOOD"
"e86db84f-2750-4d4d-b035-8b93395cca1d","D11","PRIN","PRIN.AOS.groundwater.well.003","PRIN.W3.20170426.RAW",,"2017-04-26T17:01Z","2017-04-26T17:01Z","EcoCore_CSU","conductivity",1735.1500,"microsiemensPerCentimeter",1.4,,0,"formatChange|legacyData","GOOD"
"97e967e4-1f03-42c7-81ba-ac6900640fbe","D11","PRIN","PRIN.AOS.groundwater.well.003","PRIN.W3.20170426.RAW",,"2017-04-26T17:01Z","2017-04-26T17:01Z","EcoCore_CSU","TSS - Dry Mass",200.0000,"microgram",1.4,,0,"formatChange|legacyData","GOOD"
"f0d4f981-d834-4101-8696-bf3d2e6a8251","D11","PRIN","PRIN.AOS.groundwater.well.003","PRIN.W3.20170426.RAW",,"2017-04-26T17:01Z","2017-04-26T17:01Z","EcoCore_CSU","TSS",8.0000,"milligramsPerLiter",1.4,,0,"formatChange|legacyData","GOOD"
"aea1411a-400a-4e78-aa70-cb1cfa52d220","D11","PRIN","PRIN.AOS.groundwater.well.003","PRIN.W3.20170426.FIL",,"2017-04-26T17:01Z","2017-04-26T17:01Z","EcoCore_CSU","CO3",0.0000,"milligramsPerLiter",1.4,,0,"formatChange|legacyData","GOOD"
"d1a9486e-b4ac-4e95-a76a-4bf389677cfd","D11","PRIN","PRIN.AOS.groundwater.well.003","PRIN.W3.20170426.FIL",,"2017-04-26T17:01Z","2017-04-26T17:01Z","EcoCore_CSU","HCO3",311.1160,"milligramsPerLiter",1.4,,0,"formatChange|legacyData","GOOD"
"cb857284-25e8-4997-9741-bd23eb19a086","D11","PRIN","PRIN.AOS.groundwater.well.003","PRIN.W3.20170426.FIL",,"2017-04-26T17:01Z","2017-04-26T17:01Z","EcoCore_CSU","Si",11.6800,"milligramsPerLiter",1.4,,0,"formatChange|legacyData","GOOD"
"c658e7a0-5fd0-4b4a-b5bc-b479a364a518","D11","PRIN","PRIN.AOS.groundwater.well.003","PRIN.W3.20170426.RAW",,"2017-04-26T17:01Z","2017-04-26T17:01Z","EcoCore_CSU","pH",6.7900,"pH",1.4,,0,"formatChange|legacyData","GOOD"
"edf74b9c-e483-486f-8273-6d3fd2c29010","D11","PRIN","PRIN.AOS.groundwater.well.003","PRIN.W3.20170426.PCN",,"2017-04-26T17:01Z","2017-04-26T17:01Z","EcoCore_CSU","TPC",1.0750,"milligram",1.4,,0,"formatChange|legacyData","GOOD"
"92022200-99c1-41f5-9316-3f7e96501b41","D11","PRIN","PRIN.AOS.groundwater.well.003","PRIN.W3.20170426.FIL",,"2017-04-26T17:01Z","2017-04-26T17:01Z","EcoCore_CSU","DIC",69.5200,"milligramsPerLiter",1.4,,0,"formatChange|legacyData","GOOD"
"0b74871a-0d0c-4921-b456-2664045e8b96","D11","PRIN","PRIN.AOS.groundwater.well.003","PRIN.W3.20170426.PCN",,"2017-04-26T17:01Z","2017-04-26T17:01Z","EcoCore_CSU","TPN",0.0336,"milligram",1.4,,0,"formatChange|legacyData","GOOD"
"539f1d05-4be6-4459-864a-d40f2cbff3f4","D11","PRIN","PRIN.AOS.groundwater.well.006","PRIN.W6.20170427.RAW",,"2017-04-27T15:24Z","2017-04-27T15:24Z","EcoCore_CSU","TN",0.1353,"milligramsPerLiter",3.0,,0,"formatChange|legacyData","GOOD"
"390ad039-98ce-4710-9f71-72c4862d147a","D11","PRIN","PRIN.AOS.groundwater.well.006","PRIN.W6.20170427.FIL",,"2017-04-27T15:24Z","2017-04-27T15:24Z","EcoCore_CSU","Mg",49.5170,"milligramsPerLiter",3.0,,0,"formatChange|legacyData","GOOD"
"c016d1e0-d2a1-420f-8e83-acee868d170a","D11","PRIN","PRIN.AOS.groundwater.well.006","PRIN.W6.20170427.FIL",,"2017-04-27T15:24Z","2017-04-27T15:24Z","EcoCore_CSU","Br",0.4068,"milligramsPerLiter",3.0,,0,"formatChange|legacyData","GOOD"
"99eb957b-5400-4583-8bd5-9597d3a1a0dc","D11","PRIN","PRIN.AOS.groundwater.well.006","PRIN.W6.20170427.FIL",,"2017-04-27T15:24Z","2017-04-27T15:24Z","EcoCore_CSU","Ca",139.5200,"milligramsPerLiter",3.0,,0,"formatChange|legacyData","GOOD"
"4f0b4c36-4e6e-4377-90e5-7d090973b284","D11","PRIN","PRIN.AOS.groundwater.well.006","PRIN.W6.20170427.RAW",,"2017-04-27T15:24Z","2017-04-27T15:24Z","EcoCore_CSU","TOC",1.6710,"milligramsPerLiter",3.0,,0,"formatChange|legacyData","GOOD"
"28792413-53ea-4835-b9b3-5725e9f1890d","D11","PRIN","PRIN.AOS.groundwater.well.006","PRIN.W6.20170427.FIL",,"2017-04-27T15:24Z","2017-04-27T15:24Z","EcoCore_CSU","DIC",71.3500,"milligramsPerLiter",3.0,,0,"formatChange|legacyData","GOOD"
"92c4d8c6-c88e-4221-a2c2-63c68c5c5a8e","D11","PRIN","PRIN.AOS.groundwater.well.006","PRIN.W6.20170427.FIL",,"2017-04-27T15:24Z","2017-04-27T15:24Z","EcoCore_CSU","UV Absorbance (280 nm)",0.0216,,3.0,,0,"formatChange|legacyData","GOOD"
"689e33d3-4411-4e55-97fe-cd68a4ccb4e0","D11","PRIN","PRIN.AOS.groundwater.well.006","PRIN.W6.20170427.FIL",,"2017-04-27T15:24Z","2017-04-27T15:24Z","EcoCore_CSU","HCO3",366.3890,"milligramsPerLiter",3.0,,0,"formatChange|legacyData","GOOD"
"834f5260-96c4-4178-ad69-9cb3469c675b","D11","PRIN","PRIN.AOS.groundwater.well.006","PRIN.W6.20170427.PCN",,"2017-04-27T15:24Z","2017-04-27T15:24Z","EcoCore_CSU","TPC",0.9108,"milligram",3.0,,0,"formatChange|legacyData","GOOD"
"23729162-8b4d-444b-8127-1d5cb28d4cbf","D11","PRIN","PRIN.AOS.groundwater.well.006","PRIN.W6.20170427.RAW",,"2017-04-27T15:24Z","2017-04-27T15:24Z","EcoCore_CSU","ANC",6.1290,"milliequivalentsPerLiter",3.0,,0,"formatChange|legacyData","GOOD"
"86e9f7ad-bd3d-4e75-bf3e-3d769c8433af","D11","PRIN","PRIN.AOS.groundwater.well.006","PRIN.W6.20170427.FIL",,"2017-04-27T15:24Z","2017-04-27T15:24Z","EcoCore_CSU","TDN",0.1343,"milligramsPerLiter",3.0,,0,"formatChange|legacyData","GOOD"
"da9c7e75-865d-4f19-8f4b-8a437f54e604","D11","PRIN","PRIN.AOS.groundwater.well.006","PRIN.W6.20170427.FIL",,"2017-04-27T15:24Z","2017-04-27T15:24Z","EcoCore_CSU","NO2 - N",0.0070,"milligramsPerLiter",3.0,,0,"formatChange|legacyData","GOOD"
"352c5b2b-4c7f-48b8-83b9-83ff5ec85dee","D11","PRIN","PRIN.AOS.groundwater.well.006","PRIN.W6.20170427.FIL",,"2017-04-27T15:24Z","2017-04-27T15:24Z","EcoCore_CSU","Si",9.3108,"milligramsPerLiter",3.0,,0,"formatChange|legacyData","GOOD"
"2f41bcfa-c309-45a2-a3dd-032bb27b6744","D11","PRIN","PRIN.AOS.groundwater.well.006","PRIN.W6.20170427.FIL",,"2017-04-27T15:24Z","2017-04-27T15:24Z","EcoCore_CSU","Cl",29.9133,"milligramsPerLiter",3.0,,0,"formatChange|legacyData","GOOD"
"3d915b2e-a13b-48b3-a8b6-e320bcb878fe","D11","PRIN","PRIN.AOS.groundwater.well.006","PRIN.W6.20170427.FIL",,"2017-04-27T15:24Z","2017-04-27T15:24Z","EcoCore_CSU","UV Absorbance (250 nm)",0.0257,,3.0,,0,"formatChange|legacyData","GOOD"
"179a2870-5232-4636-a4d4-269c0e3f8e5c","D11","PRIN","PRIN.AOS.groundwater.well.006","PRIN.W6.20170427.FIL",,"2017-04-27T15:24Z","2017-04-27T15:24Z","EcoCore_CSU","NO3+NO2 - N",0.0250,"milligramsPerLiter",3.0,,0,"formatChange|legacyData","GOOD"
"fa716ef3-eb0e-4aea-95ef-798a5b6377b6","D11","PRIN","PRIN.AOS.groundwater.well.006","PRIN.W6.20170427.FIL",,"2017-04-27T15:24Z","2017-04-27T15:24Z","EcoCore_CSU","Ortho - P",0.0230,"milligramsPerLiter",3.0,,0,"formatChange|legacyData","GOOD"
"c6338e39-db02-4440-bf12-604ff3174362","D11","PRIN","PRIN.AOS.groundwater.well.006","PRIN.W6.20170427.FIL",,"2017-04-27T15:24Z","2017-04-27T15:24Z","EcoCore_CSU","F",0.2983,"milligramsPerLiter",3.0,,0,"formatChange|legacyData","GOOD"
"8b7ea3fa-023c-4bb3-8677-fe762eef1708","D11","PRIN","PRIN.AOS.groundwater.well.006","PRIN.W6.20170427.FIL",,"2017-04-27T15:24Z","2017-04-27T15:24Z","EcoCore_CSU","K",4.6940,"milligramsPerLiter",3.0,,0,"formatChange|legacyData","GOOD"
"23988ae8-8be0-4577-b281-f28b5f4275ee","D11","PRIN","PRIN.AOS.groundwater.well.006","PRIN.W6.20170427.FIL",,"2017-04-27T15:24Z","2017-04-27T15:24Z","EcoCore_CSU","TDP",0.0180,"milligramsPerLiter",3.0,,0,"formatChange|legacyData","GOOD"
"5483e4ca-fbd9-4c63-a6f1-4853d84826eb","D11","PRIN","PRIN.AOS.groundwater.well.006","PRIN.W6.20170427.FIL",,"2017-04-27T15:24Z","2017-04-27T15:24Z","EcoCore_CSU","DOC",0.8546,"milligramsPerLiter",3.0,,0,"formatChange|legacyData","GOOD"
"a754fcec-4f88-4f9b-88c6-2d7dc2d670c1","D11","PRIN","PRIN.AOS.groundwater.well.006","PRIN.W6.20170427.PCN",,"2017-04-27T15:24Z","2017-04-27T15:24Z","EcoCore_CSU","TPN",0.1752,"milligram",3.0,,0,"formatChange|legacyData","GOOD"
"0149d551-aa18-4ff3-b085-405578066eb3","D11","PRIN","PRIN.AOS.groundwater.well.006","PRIN.W6.20170427.FIL",,"2017-04-27T15:24Z","2017-04-27T15:24Z","EcoCore_CSU","SO4",465.6420,"milligramsPerLiter",3.0,,0,"formatChange|legacyData","GOOD"
"32506e89-878c-4423-87a9-82f1891db455","D11","PRIN","PRIN.AOS.groundwater.well.006","PRIN.W6.20170427.FIL",,"2017-04-27T15:24Z","2017-04-27T15:24Z","EcoCore_CSU","TDS",1175.6900,"milligramsPerLiter",3.0,,0,"formatChange|legacyData","GOOD"
"15c9fd57-488f-4ee8-87a8-aca73b673a51","D11","PRIN","PRIN.AOS.groundwater.well.006","PRIN.W6.20170427.RAW",,"2017-04-27T15:24Z","2017-04-27T15:24Z","EcoCore_CSU","TP",0.0210,"milligramsPerLiter",3.0,,0,"formatChange|legacyData","GOOD"
"d346f7fe-7fba-4ac2-8cdc-7ad815af8dd7","D11","PRIN","PRIN.AOS.groundwater.well.006","PRIN.W6.20170427.FIL",,"2017-04-27T15:24Z","2017-04-27T15:24Z","EcoCore_CSU","Fe",0.0018,"milligramsPerLiter",3.0,,0,"formatChange|legacyData","GOOD"
"a8dd33e2-909f-4012-87a1-cb42b53788b2","D11","PRIN","PRIN.AOS.groundwater.well.006","PRIN.W6.20170427.RAW",,"2017-04-27T15:24Z","2017-04-27T15:24Z","EcoCore_CSU","TSS - Dry Mass",200.0000,"microgram",3.0,,0,"formatChange|legacyData","GOOD"
"af4b790e-7e89-4d63-b3a4-712fcd091f6a","D11","PRIN","PRIN.AOS.groundwater.well.006","PRIN.W6.20170427.FIL",,"2017-04-27T15:24Z","2017-04-27T15:24Z","EcoCore_CSU","CO3",0.0000,"milligramsPerLiter",3.0,,0,"formatChange|legacyData","GOOD"
"ec46d24d-9f05-415a-9df3-efefbe1a50be","D11","PRIN","PRIN.AOS.groundwater.well.006","PRIN.W6.20170427.FIL",,"2017-04-27T15:24Z","2017-04-27T15:24Z","EcoCore_CSU","Na",122.9700,"milligramsPerLiter",3.0,,0,"formatChange|legacyData","GOOD"
"72f522ca-5b12-47e8-b694-9e4a06bd65dc","D11","PRIN","PRIN.AOS.groundwater.well.006","PRIN.W6.20170427.FIL",,"2017-04-27T15:24Z","2017-04-27T15:24Z","EcoCore_CSU","NH4 - N",0.0740,"milligramsPerLiter",3.0,,0,"formatChange|legacyData","GOOD"
"9ee698f3-9b98-4c7a-b8c0-eb884afebccf","D11","PRIN","PRIN.AOS.groundwater.well.006","PRIN.W6.20170427.RAW",,"2017-04-27T15:24Z","2017-04-27T15:24Z","EcoCore_CSU","TSS",8.0000,"milligramsPerLiter",3.0,,0,"formatChange|legacyData","GOOD"
"1c6f0216-16ab-48ef-b7d0-91d30eddf299","D11","PRIN","PRIN.AOS.groundwater.well.006","PRIN.W6.20170427.FIL",,"2017-04-27T15:24Z","2017-04-27T15:24Z","EcoCore_CSU","Mn",0.4605,"milligramsPerLiter",3.0,,0,"formatChange|legacyData","GOOD"
"8eaba810-a53d-405c-a894-d10ddb5d7321","D11","PRIN","PRIN.AOS.groundwater.well.006","PRIN.W6.20170427.RAW",,"2017-04-27T15:24Z","2017-04-27T15:24Z","EcoCore_CSU","pH",7.2900,"pH",3.0,,0,"formatChange|legacyData","GOOD"
"438bb5e2-06cf-4658-9c7e-fc701d3e905c","D11","PRIN","PRIN.AOS.groundwater.well.006","PRIN.W6.20170427.RAW",,"2017-04-27T15:24Z","2017-04-27T15:24Z","EcoCore_CSU","conductivity",1672.4100,"microsiemensPerCentimeter",3.0,,0,"formatChange|legacyData","GOOD"
