uid,domainID,siteID,namedLocation,sampleID,sampleCode,startDate,collectDate,laboratoryName,analyte,analyteConcentration,analyteUnits,coolerTemp,remarks,shipmentWarmQF,externalLabDataQF,sampleCondition
"2e8e2e3b-8ce8-4963-85ff-128f6c84a9d4","D08","TOMB","TOMB.AOS.groundwater.well.001","TOMB.W1.20190813.FIL","A00000083183","2019-08-13T17:15Z","2019-08-13T17:15Z","EcoCore_CSU","Mn",0.1800,"milligramsPerLiter",0.6,,0,,"OK"
"62db8de2-634d-41d8-a308-26d833ed6b3d","D08","TOMB","TOMB.AOS.groundwater.well.001","TOMB.W1.20190813.FIL","A00000083183","2019-08-13T17:15Z","2019-08-13T17:15Z","EcoCore_CSU","Fe",1.9270,"milligramsPerLiter",0.6,,0,,"OK"
"3cadbada-92e4-4b29-a1ad-0ccfcfdde280","D08","TOMB","TOMB.AOS.groundwater.well.001","TOMB.W1.20190813.FIL","A00000083183","2019-08-13T17:15Z","2019-08-13T17:15Z","EcoCore_CSU","CO3",0.0050,"milligramsPerLiter",0.6,,0,,"OK"
"119c94de-d4dc-47fa-9258-1863990ff33a","D08","TOMB","TOMB.AOS.groundwater.well.001","TOMB.W1.20190813.FIL","A00000083183","2019-08-13T17:15Z","2019-08-13T17:15Z","EcoCore_CSU","Cl",3.0700,"milligramsPerLiter",0.6,,0,,"OK"
"096adc51-2798-45d0-a155-d7d1fda73c2e","D08","TOMB","TOMB.AOS.groundwater.well.001","TOMB.W1.20190813.FIL","A00000083183","2019-08-13T17:15Z","2019-08-13T17:15Z","EcoCore_CSU","K",0.2990,"milligramsPerLiter",0.6,,0,,"OK"
"85df84f0-673d-4af4-af76-b93a3cf033d9","D08","TOMB","TOMB.AOS.groundwater.well.001","TOMB.W1.20190813.FIL","A00000083183","2019-08-13T17:15Z","2019-08-13T17:15Z","EcoCore_CSU","TDN",0.0482,"milligramsPerLiter",0.6,,0,,"OK"
"609f3738-afba-4000-b0dd-dc9802811fa7","D08","TOMB","TOMB.AOS.groundwater.well.001","TOMB.W1.20190813.RAW","A00000083150","2019-08-13T17:15Z","2019-08-13T17:15Z","EcoCore_CSU","pH",5.9100,"pH",0.6,,0,,"OK"
"b8f6a90e-a3eb-4c31-b90a-4b809f3f631d","D08","TOMB","TOMB.AOS.groundwater.well.001","TOMB.W1.20190813.RAW","A00000083150","2019-08-13T17:15Z","2019-08-13T17:15Z","EcoCore_CSU","TSS",12.0000,"milligramsPerLiter",0.6,,0,,"OK"
"4f27f614-0a66-43db-98eb-9f04b9ca1bb0","D08","TOMB","TOMB.AOS.groundwater.well.001","TOMB.W1.20190813.FIL","A00000083183","2019-08-13T17:15Z","2019-08-13T17:15Z","EcoCore_CSU","Ca",4.9550,"milligramsPerLiter",0.6,,0,,"OK"
"f9258e7d-c4b7-48c0-a5e1-f66277bd6547","D08","TOMB","TOMB.AOS.groundwater.well.001","TOMB.W1.20190813.FIL","A00000083183","2019-08-13T17:15Z","2019-08-13T17:15Z","EcoCore_CSU","UV Absorbance (280 nm)",0.0080,,0.6,,0,,"OK"
"86fae3b2-4e1f-43f0-bd23-72d740840b5b","D08","TOMB","TOMB.AOS.groundwater.well.001","TOMB.W1.20190813.RAW","A00000083150","2019-08-13T17:15Z","2019-08-13T17:15Z","EcoCore_CSU","conductivity",71.1500,"microsiemensPerCentimeter",0.6,,0,,"OK"
"558ce334-6618-4b42-b29f-f0a72771a25e","D08","TOMB","TOMB.AOS.groundwater.well.001","TOMB.W1.20190813.RAW","A00000083150","2019-08-13T17:15Z","2019-08-13T17:15Z","EcoCore_CSU","TOC",0.6064,"milligramsPerLiter",0.6,,0,,"OK"
"b672b968-774b-4b25-b3b8-b099152bf112","D08","TOMB","TOMB.AOS.groundwater.well.001","TOMB.W1.20190813.FIL","A00000083183","2019-08-13T17:15Z","2019-08-13T17:15Z","EcoCore_CSU","Na",3.1680,"milligramsPerLiter",0.6,,0,,"OK"
"9b5decca-ff94-4f21-9dcc-82c417b6e0d8","D08","TOMB","TOMB.AOS.groundwater.well.001","TOMB.W1.20190813.FIL","A00000083183","2019-08-13T17:15Z","2019-08-13T17:15Z","EcoCore_CSU","NH4 - N",0.0395,"milligramsPerLiter",0.6,,0,,"OK"
"22e09921-9e8e-4e71-ab00-dc90cb2e55aa","D08","TOMB","TOMB.AOS.groundwater.well.001","TOMB.W1.20190813.FIL","A00000083183","2019-08-13T17:15Z","2019-08-13T17:15Z","EcoCore_CSU","Br",0.0050,"milligramsPerLiter",0.6,,0,,"OK"
"dc6dc27e-6e87-4019-bd10-101e7e76aa9b","D08","TOMB","TOMB.AOS.groundwater.well.001","TOMB.W1.20190813.FIL","A00000083183","2019-08-13T17:15Z","2019-08-13T17:15Z","EcoCore_CSU","NO3+NO2 - N",0.0069,"milligramsPerLiter",0.6,,0,,"OK"
"d0576f3a-ce9f-4a8f-b355-8b8ee0fce375","D08","TOMB","TOMB.AOS.groundwater.well.001","TOMB.W1.20190813.FIL","A00000083183","2019-08-13T17:15Z","2019-08-13T17:15Z","EcoCore_CSU","F",2.6400,"milligramsPerLiter",0.6,,0,,"OK"
"3ef1d438-49da-4ab3-801a-7cdc67874d04","D08","TOMB","TOMB.AOS.groundwater.well.001","TOMB.W1.20190813.FIL","A00000083183","2019-08-13T17:15Z","2019-08-13T17:15Z","EcoCore_CSU","TDP",0.0530,"milligramsPerLiter",0.6,,0,,"OK"
"bf174f5b-a8f8-4a69-ab8b-ab448391f81e","D08","TOMB","TOMB.AOS.groundwater.well.001","TOMB.W1.20190813.FIL","A00000083183","2019-08-13T17:15Z","2019-08-13T17:15Z","EcoCore_CSU","UV Absorbance (250 nm)",0.0044,,0.6,,0,,"OK"
"2bc55061-7b88-4d3b-88f1-db13aabc38f6","D08","TOMB","TOMB.AOS.groundwater.well.001","TOMB.W1.20190813.FIL","A00000083183","2019-08-13T17:15Z","2019-08-13T17:15Z","EcoCore_CSU","DOC",0.6938,"milligramsPerLiter",0.6,,0,,"OK"
"163767be-5785-43ac-b100-a7070d1b17ad","D08","TOMB","TOMB.AOS.groundwater.well.001","TOMB.W1.20190813.FIL","A00000083183","2019-08-13T17:15Z","2019-08-13T17:15Z","EcoCore_CSU","TDS",50.9000,"milligramsPerLiter",0.6,,0,,"OK"
"4fe2dc0a-0faf-47a7-a66b-2efbbb5d3a4d","D08","TOMB","TOMB.AOS.groundwater.well.001","TOMB.W1.20190813.FIL","A00000083183","2019-08-13T17:15Z","2019-08-13T17:15Z","EcoCore_CSU","Si",21.5900,"milligramsPerLiter",0.6,,0,,"OK"
"06773808-b394-4b2f-a132-d7f116136bc5","D08","TOMB","TOMB.AOS.groundwater.well.001","TOMB.W1.20190813.RAW","A00000083150","2019-08-13T17:15Z","2019-08-13T17:15Z","EcoCore_CSU","ANC",0.0800,"milliequivalentsPerLiter",0.6,,0,,"OK"
"86a30f9f-b04d-4cb4-aa3b-a3a247c09596","D08","TOMB","TOMB.AOS.groundwater.well.001","TOMB.W1.20190813.RAW","A00000083150","2019-08-13T17:15Z","2019-08-13T17:15Z","EcoCore_CSU","TSS - Dry Mass",600.0000,"microgram",0.6,,0,,"OK"
"b994db34-b145-482f-8dbc-a590384195e9","D08","TOMB","TOMB.AOS.groundwater.well.001","TOMB.W1.20190813.FIL","A00000083183","2019-08-13T17:15Z","2019-08-13T17:15Z","EcoCore_CSU","Ortho - P",-0.0270,"milligramsPerLiter",0.6,,0,,"OK"
"2a716372-72c0-436b-a25b-749de1794d27","D08","TOMB","TOMB.AOS.groundwater.well.001","TOMB.W1.20190813.FIL","A00000083183","2019-08-13T17:15Z","2019-08-13T17:15Z","EcoCore_CSU","DIC",19.4700,"milligramsPerLiter",0.6,,0,,"OK"
"bc9aa8c0-e9dd-45ff-9a0a-b85893566141","D08","TOMB","TOMB.AOS.groundwater.well.001","TOMB.W1.20190813.RAW","A00000083150","2019-08-13T17:15Z","2019-08-13T17:15Z","EcoCore_CSU","TN",0.0306,"milligramsPerLiter",0.6,,0,,"OK"
"8b7a50e7-b3b0-4fdc-8ed0-9d7331aa1c0c","D08","TOMB","TOMB.AOS.groundwater.well.001","TOMB.W1.20190813.FIL","A00000083183","2019-08-13T17:15Z","2019-08-13T17:15Z","EcoCore_CSU","HCO3",4.4500,"milligramsPerLiter",0.6,,0,,"OK"
"10c672f1-30f1-4303-865c-672da177e338","D08","TOMB","TOMB.AOS.groundwater.well.001","TOMB.W1.20190813.RAW","A00000083150","2019-08-13T17:15Z","2019-08-13T17:15Z","EcoCore_CSU","TP",0.0780,"milligramsPerLiter",0.6,,0,,"OK"
"9ad5d12c-3bd8-4162-a8d6-5b6004772cd7","D08","TOMB","TOMB.AOS.groundwater.well.001","TOMB.W1.20190813.FIL","A00000083183","2019-08-13T17:15Z","2019-08-13T17:15Z","EcoCore_CSU","Mg",0.5320,"milligramsPerLiter",0.6,,0,,"OK"
"a75496d1-5f05-4a42-a0ba-b3cbc698a36e","D08","TOMB","TOMB.AOS.groundwater.well.001","TOMB.W1.20190813.FIL","A00000083183","2019-08-13T17:15Z","2019-08-13T17:15Z","EcoCore_CSU","NO2 - N",-0.0040,"milligramsPerLiter",0.6,,0,,"OK"
"40c196fd-efa0-4a4c-9134-ecd4df4111f9","D08","TOMB","TOMB.AOS.groundwater.well.001","TOMB.W1.20190813.PCN","A00000083339","2019-08-13T17:15Z","2019-08-13T17:15Z","EcoCore_CSU","TPC",0.2759,"milligram",0.6,,0,,"OK"
"fdbdb368-573c-4375-90de-3f7be7003670","D08","TOMB","TOMB.AOS.groundwater.well.001","TOMB.W1.20190813.FIL","A00000083183","2019-08-13T17:15Z","2019-08-13T17:15Z","EcoCore_CSU","SO4",6.8700,"milligramsPerLiter",0.6,,0,,"OK"
"e5303591-b6e1-4850-afaf-701f4312014e","D08","TOMB","TOMB.AOS.groundwater.well.001","TOMB.W1.20190813.PCN","A00000083339","2019-08-13T17:15Z","2019-08-13T17:15Z","EcoCore_CSU","TPN",0.1244,"milligram",0.6,,0,,"OK"
"fb5e7e3d-8c77-4815-9922-29e139ebecab","D08","TOMB","TOMB.AOS.groundwater.well.002","TOMB.W2.20190813.FIL","A00000083182","2019-08-13T18:34Z","2019-08-13T18:34Z","EcoCore_CSU","UV Absorbance (250 nm)",0.1142,,0.6,,0,,"OK"
"c23269b8-0f7d-42f5-938e-a985d1b44069","D08","TOMB","TOMB.AOS.groundwater.well.002","TOMB.W2.20190813.FIL","A00000083182","2019-08-13T18:34Z","2019-08-13T18:34Z","EcoCore_CSU","Cl",4.8000,"milligramsPerLiter",0.6,,0,,"OK"
"0dcbdb9c-631e-4c35-84b6-f7e2887a5541","D08","TOMB","TOMB.AOS.groundwater.well.002","TOMB.W2.20190813.FIL","A00000083182","2019-08-13T18:34Z","2019-08-13T18:34Z","EcoCore_CSU","CO3",0.0050,"milligramsPerLiter",0.6,,0,,"OK"
"f7f511bb-2b75-41cb-be71-7bc81ca4efa9","D08","TOMB","TOMB.AOS.groundwater.well.002","TOMB.W2.20190813.FIL","A00000083182","2019-08-13T18:34Z","2019-08-13T18:34Z","EcoCore_CSU","NO2 - N",-0.0039,"milligramsPerLiter",0.6,,0,,"OK"
"8f7c68f6-1329-44d9-b436-738f41c99227","D08","TOMB","TOMB.AOS.groundwater.well.002","TOMB.W2.20190813.FIL","A00000083182","2019-08-13T18:34Z","2019-08-13T18:34Z","EcoCore_CSU","Ortho - P",0.0250,"milligramsPerLiter",0.6,,0,,"OK"
"f8cd987f-2778-4caf-9600-6209ee7f364f","D08","TOMB","TOMB.AOS.groundwater.well.002","TOMB.W2.20190813.RAW","A00000083166","2019-08-13T18:34Z","2019-08-13T18:34Z","EcoCore_CSU","TN",0.0520,"milligramsPerLiter",0.6,,0,,"OK"
"d0d875ae-de7c-4188-9dd7-b8e724d8660e","D08","TOMB","TOMB.AOS.groundwater.well.002","TOMB.W2.20190813.FIL","A00000083182","2019-08-13T18:34Z","2019-08-13T18:34Z","EcoCore_CSU","F",0.1200,"milligramsPerLiter",0.6,,0,,"OK"
"ef9ac9b2-4cc3-4bbb-bb11-8d2d464b5a2f","D08","TOMB","TOMB.AOS.groundwater.well.002","TOMB.W2.20190813.FIL","A00000083182","2019-08-13T18:34Z","2019-08-13T18:34Z","EcoCore_CSU","TDN",0.0450,"milligramsPerLiter",0.6,,0,,"OK"
"042e7a64-40b0-4bda-91ba-0bf423c0b1c5","D08","TOMB","TOMB.AOS.groundwater.well.002","TOMB.W2.20190813.RAW","A00000083166","2019-08-13T18:34Z","2019-08-13T18:34Z","EcoCore_CSU","conductivity",54.2400,"microsiemensPerCentimeter",0.6,,0,,"OK"
"48176f49-f8d8-47e5-9088-2bf65c06d744","D08","TOMB","TOMB.AOS.groundwater.well.002","TOMB.W2.20190813.RAW","A00000083166","2019-08-13T18:34Z","2019-08-13T18:34Z","EcoCore_CSU","TSS - Dry Mass",3400.0000,"microgram",0.6,,0,,"OK"
"7d0c6e8d-16ba-4c7c-a2bd-eebbe8172042","D08","TOMB","TOMB.AOS.groundwater.well.002","TOMB.W2.20190813.FIL","A00000083182","2019-08-13T18:34Z","2019-08-13T18:34Z","EcoCore_CSU","DOC",0.5653,"milligramsPerLiter",0.6,,0,,"OK"
"8e53bd0f-68eb-43af-b08a-c283b75d4117","D08","TOMB","TOMB.AOS.groundwater.well.002","TOMB.W2.20190813.FIL","A00000083182","2019-08-13T18:34Z","2019-08-13T18:34Z","EcoCore_CSU","TDP",0.0540,"milligramsPerLiter",0.6,,0,,"OK"
"4115c5e5-b6fe-49c9-8590-ce9a056926b8","D08","TOMB","TOMB.AOS.groundwater.well.002","TOMB.W2.20190813.RAW","A00000083166","2019-08-13T18:34Z","2019-08-13T18:34Z","EcoCore_CSU","pH",5.5000,"pH",0.6,,0,,"OK"
"c305c2bf-465f-4be1-85fd-b733768ffeaa","D08","TOMB","TOMB.AOS.groundwater.well.002","TOMB.W2.20190813.FIL","A00000083182","2019-08-13T18:34Z","2019-08-13T18:34Z","EcoCore_CSU","Br",0.0050,"milligramsPerLiter",0.6,,0,,"OK"
"4b74a573-26a7-46a3-889d-0f926eb9927e","D08","TOMB","TOMB.AOS.groundwater.well.002","TOMB.W2.20190813.FIL","A00000083182","2019-08-13T18:34Z","2019-08-13T18:34Z","EcoCore_CSU","Mg",0.4980,"milligramsPerLiter",0.6,,0,,"OK"
"931d5491-465b-4fdd-9a21-b80ac727896d","D08","TOMB","TOMB.AOS.groundwater.well.002","TOMB.W2.20190813.RAW","A00000083166","2019-08-13T18:34Z","2019-08-13T18:34Z","EcoCore_CSU","TSS",68.0000,"milligramsPerLiter",0.6,,0,,"OK"
"67aa06ec-ccc7-47a7-8243-862e385b5b32","D08","TOMB","TOMB.AOS.groundwater.well.002","TOMB.W2.20190813.FIL","A00000083182","2019-08-13T18:34Z","2019-08-13T18:34Z","EcoCore_CSU","DIC",25.0200,"milligramsPerLiter",0.6,,0,,"OK"
"67f66d8b-e81a-47ec-93f1-fbfac63a935d","D08","TOMB","TOMB.AOS.groundwater.well.002","TOMB.W2.20190813.FIL","A00000083182","2019-08-13T18:34Z","2019-08-13T18:34Z","EcoCore_CSU","UV Absorbance (280 nm)",0.0986,,0.6,,0,,"OK"
"61e8af62-6825-48aa-aade-1817783a4e58","D08","TOMB","TOMB.AOS.groundwater.well.002","TOMB.W2.20190813.FIL","A00000083182","2019-08-13T18:34Z","2019-08-13T18:34Z","EcoCore_CSU","NO3+NO2 - N",0.0054,"milligramsPerLiter",0.6,,0,,"OK"
"dacccd26-0a5a-4a5f-849f-476d1b42c440","D08","TOMB","TOMB.AOS.groundwater.well.002","TOMB.W2.20190813.FIL","A00000083182","2019-08-13T18:34Z","2019-08-13T18:34Z","EcoCore_CSU","Fe",1.0100,"milligramsPerLiter",0.6,,0,,"OK"
"7af91ba4-3d1b-4294-9517-3af147fed541","D08","TOMB","TOMB.AOS.groundwater.well.002","TOMB.W2.20190813.RAW","A00000083166","2019-08-13T18:34Z","2019-08-13T18:34Z","EcoCore_CSU","ANC",0.0900,"milliequivalentsPerLiter",0.6,,0,,"OK"
"d0cd9f51-49b2-47f8-a5af-b6b0bbf7bc82","D08","TOMB","TOMB.AOS.groundwater.well.002","TOMB.W2.20190813.FIL","A00000083182","2019-08-13T18:34Z","2019-08-13T18:34Z","EcoCore_CSU","K",0.2650,"milligramsPerLiter",0.6,,0,,"OK"
"4e9608b4-7032-4306-8237-b273feae158a","D08","TOMB","TOMB.AOS.groundwater.well.002","TOMB.W2.20190813.FIL","A00000083182","2019-08-13T18:34Z","2019-08-13T18:34Z","EcoCore_CSU","Na",4.1940,"milligramsPerLiter",0.6,,0,,"OK"
"8db9c1d0-e892-456f-b586-06daeb83fc48","D08","TOMB","TOMB.AOS.groundwater.well.002","TOMB.W2.20190813.FIL","A00000083182","2019-08-13T18:34Z","2019-08-13T18:34Z","EcoCore_CSU","Mn",0.0550,"milligramsPerLiter",0.6,,0,,"OK"
"9eb9a911-0c85-43ef-9adc-33d62ca03cce","D08","TOMB","TOMB.AOS.groundwater.well.002","TOMB.W2.20190813.RAW","A00000083166","2019-08-13T18:34Z","2019-08-13T18:34Z","EcoCore_CSU","TOC",0.9144,"milligramsPerLiter",0.6,,0,,"OK"
"9edf214b-5001-450e-bbb0-4468fff2f9f6","D08","TOMB","TOMB.AOS.groundwater.well.002","TOMB.W2.20190813.FIL","A00000083182","2019-08-13T18:34Z","2019-08-13T18:34Z","EcoCore_CSU","SO4",4.9500,"milligramsPerLiter",0.6,,0,,"OK"
"500ca64a-a72b-41e1-ab09-7a16f985e6c2","D08","TOMB","TOMB.AOS.groundwater.well.002","TOMB.W2.20190813.PCN","A00000083356","2019-08-13T18:34Z","2019-08-13T18:34Z","EcoCore_CSU","TPC",0.2579,"milligram",0.6,,0,,"OK"
"1132b4d4-2839-4059-91f4-181067ee5d69","D08","TOMB","TOMB.AOS.groundwater.well.002","TOMB.W2.20190813.PCN","A00000083356","2019-08-13T18:34Z","2019-08-13T18:34Z","EcoCore_CSU","TPN",0.1290,"milligram",0.6,,0,,"OK"
"d362b4f0-1d47-4e8b-ab9a-20aa930915de","D08","TOMB","TOMB.AOS.groundwater.well.002","TOMB.W2.20190813.FIL","A00000083182","2019-08-13T18:34Z","2019-08-13T18:34Z","EcoCore_CSU","TDS",36.4000,"milligramsPerLiter",0.6,,0,,"OK"
"629c73a8-9d0b-4e9b-8bcc-6905668ba3ca","D08","TOMB","TOMB.AOS.groundwater.well.002","TOMB.W2.20190813.FIL","A00000083182","2019-08-13T18:34Z","2019-08-13T18:34Z","EcoCore_CSU","NH4 - N",0.0047,"milligramsPerLiter",0.6,,0,,"OK"
"939e80f8-dfca-4c3d-ab10-583e3737db69","D08","TOMB","TOMB.AOS.groundwater.well.002","TOMB.W2.20190813.FIL","A00000083182","2019-08-13T18:34Z","2019-08-13T18:34Z","EcoCore_CSU","Si",28.0000,"milligramsPerLiter",0.6,,0,,"OK"
"fde78ab1-fb15-4117-87e9-e5189394cd82","D08","TOMB","TOMB.AOS.groundwater.well.002","TOMB.W2.20190813.RAW","A00000083166","2019-08-13T18:34Z","2019-08-13T18:34Z","EcoCore_CSU","TP",0.0650,"milligramsPerLiter",0.6,,0,,"OK"
"5260e260-3311-4fd2-b7a9-5a9dcdaf771b","D08","TOMB","TOMB.AOS.groundwater.well.002","TOMB.W2.20190813.FIL","A00000083182","2019-08-13T18:34Z","2019-08-13T18:34Z","EcoCore_CSU","Ca",1.9530,"milligramsPerLiter",0.6,,0,,"OK"
"33f8eb46-d930-43a7-986d-43a5a5bfc461","D08","TOMB","TOMB.AOS.groundwater.well.002","TOMB.W2.20190813.FIL","A00000083182","2019-08-13T18:34Z","2019-08-13T18:34Z","EcoCore_CSU","HCO3",4.8500,"milligramsPerLiter",0.6,,0,,"OK"
"28c3088a-422f-4bb7-b2a7-f5cb64f9854d","D08","TOMB","TOMB.AOS.groundwater.well.003","TOMB.W3.20190813.FIL","A00000083165","2019-08-13T19:38Z","2019-08-13T19:38Z","EcoCore_CSU","SO4",4.0500,"milligramsPerLiter",0.6,,0,,"OK"
"70b85730-157e-4abf-bf8a-4e27481e7156","D08","TOMB","TOMB.AOS.groundwater.well.003","TOMB.W3.20190813.FIL","A00000083165","2019-08-13T19:38Z","2019-08-13T19:38Z","EcoCore_CSU","Br",0.0050,"milligramsPerLiter",0.6,,0,,"OK"
"53a778cf-33f8-41ae-8768-cdf34879e725","D08","TOMB","TOMB.AOS.groundwater.well.003","TOMB.W3.20190813.PCN","A00000083340","2019-08-13T19:38Z","2019-08-13T19:38Z","EcoCore_CSU","TPC",0.2448,"milligram",0.6,,0,,"OK"
"536b014d-b6a3-4a49-bef7-55d6fc6b7e71","D08","TOMB","TOMB.AOS.groundwater.well.003","TOMB.W3.20190813.FIL","A00000083165","2019-08-13T19:38Z","2019-08-13T19:38Z","EcoCore_CSU","TDN",0.0852,"milligramsPerLiter",0.6,,0,,"OK"
"31e3c273-9741-49fe-b9fa-87a9ceff14e8","D08","TOMB","TOMB.AOS.groundwater.well.003","TOMB.W3.20190813.RAW","A00000083149","2019-08-13T19:38Z","2019-08-13T19:38Z","EcoCore_CSU","TOC",0.8540,"milligramsPerLiter",0.6,,0,,"OK"
"3a570be8-1066-4a56-b455-fbcf0b47252a","D08","TOMB","TOMB.AOS.groundwater.well.003","TOMB.W3.20190813.RAW","A00000083149","2019-08-13T19:38Z","2019-08-13T19:38Z","EcoCore_CSU","TN",0.0663,"milligramsPerLiter",0.6,,0,,"OK"
"c8abc456-a501-4b6e-b2b3-dc0423b68060","D08","TOMB","TOMB.AOS.groundwater.well.003","TOMB.W3.20190813.FIL","A00000083165","2019-08-13T19:38Z","2019-08-13T19:38Z","EcoCore_CSU","Ca",5.7550,"milligramsPerLiter",0.6,,0,,"OK"
"d168fdcb-3904-4e2e-a25d-1398764edbd9","D08","TOMB","TOMB.AOS.groundwater.well.003","TOMB.W3.20190813.FIL","A00000083165","2019-08-13T19:38Z","2019-08-13T19:38Z","EcoCore_CSU","Cl",3.2300,"milligramsPerLiter",0.6,,0,,"OK"
"50cb97e6-fbd9-4095-8211-6140083fe891","D08","TOMB","TOMB.AOS.groundwater.well.003","TOMB.W3.20190813.FIL","A00000083165","2019-08-13T19:38Z","2019-08-13T19:38Z","EcoCore_CSU","CO3",0.0050,"milligramsPerLiter",0.6,,0,,"OK"
"6a29ef0f-6cb5-434e-8e10-b140919e5950","D08","TOMB","TOMB.AOS.groundwater.well.003","TOMB.W3.20190813.FIL","A00000083165","2019-08-13T19:38Z","2019-08-13T19:38Z","EcoCore_CSU","UV Absorbance (250 nm)",0.1214,,0.6,,0,,"OK"
"588dafd6-dcc9-44ce-9460-fe05229c430f","D08","TOMB","TOMB.AOS.groundwater.well.003","TOMB.W3.20190813.FIL","A00000083165","2019-08-13T19:38Z","2019-08-13T19:38Z","EcoCore_CSU","Ortho - P",0.0160,"milligramsPerLiter",0.6,,0,,"OK"
"a3699502-7f65-4876-a08e-7fa1b06a112d","D08","TOMB","TOMB.AOS.groundwater.well.003","TOMB.W3.20190813.FIL","A00000083165","2019-08-13T19:38Z","2019-08-13T19:38Z","EcoCore_CSU","Na",5.2510,"milligramsPerLiter",0.6,,0,,"OK"
"4b70e8c5-695c-4316-b95d-e85c202c690a","D08","TOMB","TOMB.AOS.groundwater.well.003","TOMB.W3.20190813.FIL","A00000083165","2019-08-13T19:38Z","2019-08-13T19:38Z","EcoCore_CSU","DIC",30.3800,"milligramsPerLiter",0.6,,0,,"OK"
"570cac77-f525-4c8e-b19d-10d6c882fdaf","D08","TOMB","TOMB.AOS.groundwater.well.003","TOMB.W3.20190813.FIL","A00000083165","2019-08-13T19:38Z","2019-08-13T19:38Z","EcoCore_CSU","HCO3",14.6200,"milligramsPerLiter",0.6,,0,,"OK"
"2f4499d9-1449-4608-b59a-fe5b6a45da8a","D08","TOMB","TOMB.AOS.groundwater.well.003","TOMB.W3.20190813.FIL","A00000083165","2019-08-13T19:38Z","2019-08-13T19:38Z","EcoCore_CSU","Mg",0.7600,"milligramsPerLiter",0.6,,0,,"OK"
"83351243-c09d-4390-b69a-ae3213b61eae","D08","TOMB","TOMB.AOS.groundwater.well.003","TOMB.W3.20190813.RAW","A00000083149","2019-08-13T19:38Z","2019-08-13T19:38Z","EcoCore_CSU","conductivity",81.2800,"microsiemensPerCentimeter",0.6,,0,,"OK"
"d2cc94bb-1972-4ff3-a4b1-b6d8935c5fa9","D08","TOMB","TOMB.AOS.groundwater.well.003","TOMB.W3.20190813.RAW","A00000083149","2019-08-13T19:38Z","2019-08-13T19:38Z","EcoCore_CSU","TSS",248.0000,"milligramsPerLiter",0.6,,0,,"OK"
"955d24cd-352e-40a2-a99b-407bfafafeb0","D08","TOMB","TOMB.AOS.groundwater.well.003","TOMB.W3.20190813.FIL","A00000083165","2019-08-13T19:38Z","2019-08-13T19:38Z","EcoCore_CSU","NO3+NO2 - N",0.0054,"milligramsPerLiter",0.6,,0,,"OK"
"9286a322-9c33-405d-bf3a-25cb605caff8","D08","TOMB","TOMB.AOS.groundwater.well.003","TOMB.W3.20190813.RAW","A00000083149","2019-08-13T19:38Z","2019-08-13T19:38Z","EcoCore_CSU","ANC",0.2800,"milliequivalentsPerLiter",0.6,,0,,"OK"
"72535b9f-4cad-4c31-bddc-c28a2248de06","D08","TOMB","TOMB.AOS.groundwater.well.003","TOMB.W3.20190813.FIL","A00000083165","2019-08-13T19:38Z","2019-08-13T19:38Z","EcoCore_CSU","NO2 - N",-0.0039,"milligramsPerLiter",0.6,,0,,"OK"
"e2c28c5f-4be9-4b69-bab4-a8d5dea1de00","D08","TOMB","TOMB.AOS.groundwater.well.003","TOMB.W3.20190813.FIL","A00000083165","2019-08-13T19:38Z","2019-08-13T19:38Z","EcoCore_CSU","F",3.5300,"milligramsPerLiter",0.6,,0,,"OK"
"0afd6e16-041a-4a78-9cfc-0dd1d99a2dd7","D08","TOMB","TOMB.AOS.groundwater.well.003","TOMB.W3.20190813.RAW","A00000083149","2019-08-13T19:38Z","2019-08-13T19:38Z","EcoCore_CSU","pH",6.0000,"pH",0.6,,0,,"OK"
"70d19a7f-70c6-4d1b-980f-78308b9ddbd7","D08","TOMB","TOMB.AOS.groundwater.well.003","TOMB.W3.20190813.FIL","A00000083165","2019-08-13T19:38Z","2019-08-13T19:38Z","EcoCore_CSU","Mn",0.0520,"milligramsPerLiter",0.6,,0,,"OK"
"d76e740d-4120-4ff5-a6ea-996445366a5b","D08","TOMB","TOMB.AOS.groundwater.well.003","TOMB.W3.20190813.FIL","A00000083165","2019-08-13T19:38Z","2019-08-13T19:38Z","EcoCore_CSU","Si",28.6700,"milligramsPerLiter",0.6,,0,,"OK"
"ac192ec6-5a60-478e-bab8-72edad0f61dd","D08","TOMB","TOMB.AOS.groundwater.well.003","TOMB.W3.20190813.FIL","A00000083165","2019-08-13T19:38Z","2019-08-13T19:38Z","EcoCore_CSU","TDP",0.0670,"milligramsPerLiter",0.6,,0,,"OK"
"f4873204-aebd-43d5-95cd-dff0b95e3850","D08","TOMB","TOMB.AOS.groundwater.well.003","TOMB.W3.20190813.RAW","A00000083149","2019-08-13T19:38Z","2019-08-13T19:38Z","EcoCore_CSU","TP",0.0770,"milligramsPerLiter",0.6,,0,,"OK"
"be6426c8-e2d7-46d9-bbd6-f601d5836d2f","D08","TOMB","TOMB.AOS.groundwater.well.003","TOMB.W3.20190813.RAW","A00000083149","2019-08-13T19:38Z","2019-08-13T19:38Z","EcoCore_CSU","TSS - Dry Mass",12400.0000,"microgram",0.6,,0,,"OK"
"35dd98fd-5fd2-45d1-957c-33bf0643da65","D08","TOMB","TOMB.AOS.groundwater.well.003","TOMB.W3.20190813.FIL","A00000083165","2019-08-13T19:38Z","2019-08-13T19:38Z","EcoCore_CSU","K",0.8330,"milligramsPerLiter",0.6,,0,,"OK"
"73b0fa25-c130-4359-b600-442f17909121","D08","TOMB","TOMB.AOS.groundwater.well.003","TOMB.W3.20190813.FIL","A00000083165","2019-08-13T19:38Z","2019-08-13T19:38Z","EcoCore_CSU","Fe",1.1800,"milligramsPerLiter",0.6,,0,,"OK"
"b6739e94-2f27-4ede-97b5-365a53aebb6f","D08","TOMB","TOMB.AOS.groundwater.well.003","TOMB.W3.20190813.FIL","A00000083165","2019-08-13T19:38Z","2019-08-13T19:38Z","EcoCore_CSU","UV Absorbance (280 nm)",0.1187,,0.6,,0,,"OK"
"853b7ed5-270e-44fb-b8c4-4e35dcc67c93","D08","TOMB","TOMB.AOS.groundwater.well.003","TOMB.W3.20190813.FIL","A00000083165","2019-08-13T19:38Z","2019-08-13T19:38Z","EcoCore_CSU","NH4 - N",0.0389,"milligramsPerLiter",0.6,,0,,"OK"
"44a61faf-6e0b-417c-b9e2-29122234f0cd","D08","TOMB","TOMB.AOS.groundwater.well.003","TOMB.W3.20190813.FIL","A00000083165","2019-08-13T19:38Z","2019-08-13T19:38Z","EcoCore_CSU","DOC",0.6003,"milligramsPerLiter",0.6,,0,,"OK"
"2ed558a0-33f5-4ce0-bfc8-2ffffe48a3fe","D08","TOMB","TOMB.AOS.groundwater.well.003","TOMB.W3.20190813.FIL","A00000083165","2019-08-13T19:38Z","2019-08-13T19:38Z","EcoCore_CSU","TDS",55.4000,"milligramsPerLiter",0.6,,0,,"OK"
"2cd85825-9e2a-414a-8902-b0162391e5e7","D08","TOMB","TOMB.AOS.groundwater.well.003","TOMB.W3.20190813.PCN","A00000083340","2019-08-13T19:38Z","2019-08-13T19:38Z","EcoCore_CSU","TPN",0.1424,"milligram",0.6,,0,,"OK"
