uid,domainID,siteID,namedLocation,decimalLatitude,decimalLongitude,coordinateUncertainty,elevation,elevationUncertainty,geodeticDatum,collectDate,aquaticSiteType,samplingImpractical,waterChemSamplesCollected,adequateSampleVol,parentSampleID,eventID,swcSamplingProtocolVersion,sampleExtractionMethod,samplerType,totalWellDepth,wellWaterDepth,waterColumnHeight,sampleDepth,purgeAverageDischargeRate,purgeTime,gwWellStabilized,purgeDryDateTime,pumpPlacementDate,screenedIntervalDepth,maxAllowableDrawdown,actualDrawdown,MADExceeded,wellVolumePurged,probeIDUnavailable,dissolvedOxygen,dissolvedOxygenSaturation,specificConductance,waterTemp,pH,waterClarityDescrip,waterColorDescrip,aCollectedBy,bCollectedBy,remarks
"f5b0ec06-2144-45bd-8aba-7a34fa611578","D15","REDB","REDB.AOS.groundwater.well.002",40.784778,-111.795523,0.1,1709.6,0.1,"WGS84","2020-09-14T15:21Z","stream",,"Y","Y","REDB.W2.20200914","REDB.20200914","NEON.DOC.002905vG","low-flow","Grab",4.6,2.4,2.2,,316.0,15.0,,,,,,,,4.7,,0.66,5.70,778.00,10.40,7.28,"cloudy","gray","0000-0003-0485-3687","0000-0002-5333-6523",
"3075bcde-7aa4-4fe6-a376-960aaf45c666","D15","REDB","REDB.AOS.groundwater.well.003",40.784635,-111.795471,0.1,1708.8,0.1,"WGS84","2020-09-14T17:40Z","stream",,"Y","Y","REDB.W3.20200914","REDB.20200914","NEON.DOC.002905vG","low-flow","Grab",4.5,2.1,2.4,,337.1,15.0,,,,,,,,5.1,,0.53,4.70,800.00,11.50,7.26,"cloudy","brown","0000-0003-0485-3687","0000-0002-5333-6523",
"160edf50-7e9d-4dd7-8fa9-831b85f4b3c2","D15","REDB","REDB.AOS.groundwater.well.004",40.783804,-111.797840,0.1,1696.4,0.1,"WGS84","2020-09-15T15:38Z","stream","location dry",,"N","REDB.W4.20200915","REDB.20200915","NEON.DOC.002905vG",,"Grab",,,,,,,,,,,,,,,,,,,,,,,"0000-0003-0485-3687","0000-0002-5333-6523",
"e6c3b81e-cf49-41d4-947c-4efd1343cbc9","D15","REDB","REDB.AOS.groundwater.well.005",40.783758,-111.797976,0.1,1695.3,0.1,"WGS84","2020-09-15T15:51Z","stream","location dry",,"N","REDB.W5.20200915","REDB.20200915","NEON.DOC.002905vG",,"Grab",,,,,,,,,,,,,,,,,,,,,,,"0000-0003-0485-3687","0000-0002-5333-6523",
"d597129b-f9b3-46c5-bf8f-8bb8241458b8","D15","REDB","REDB.AOS.groundwater.well.001",40.784830,-111.795698,0.1,1709.6,0.1,"WGS84","2020-09-15T17:49Z","stream",,"Y","Y","REDB.W1.20200915","REDB.20200915","NEON.DOC.002905vG","low-flow","Grab",4.6,2.5,2.0,,152.9,17.0,,,,,,,,2.6,,1.56,14.00,783.00,10.80,7.30,"opaque","brown","0000-0003-0485-3687","0000-0002-5333-6523","Iron Bacteria Present"
