uid,domainID,siteID,namedLocation,sampleID,sampleCode,startDate,collectDate,laboratoryName,analyte,analyteConcentration,analyteUnits,coolerTemp,remarks,shipmentWarmQF,externalLabDataQF,sampleCondition
"ca472805-57b5-4ee8-9979-bf0495f692a7","D14","SYCA","SYCA.AOS.groundwater.well.001","SYCA.W1.20190129.FIL","A00000055685","2019-01-29T18:33Z","2019-01-29T18:33Z","EcoCore_CSU","K",2.6810,"milligramsPerLiter",8.7,,1,"formatChange","GOOD"
"6f4e7cf0-acca-4c26-bb6e-6b7de3b0f25e","D14","SYCA","SYCA.AOS.groundwater.well.001","SYCA.W1.20190129.RAW","A00000055684","2019-01-29T18:33Z","2019-01-29T18:33Z","EcoCore_CSU","TSS",58.0000,"milligramsPerLiter",8.7,,1,"formatChange","GOOD"
"9d98d9e8-9325-4395-8b46-3dc39c8ba890","D14","SYCA","SYCA.AOS.groundwater.well.001","SYCA.W1.20190129.FIL","A00000055685","2019-01-29T18:33Z","2019-01-29T18:33Z","EcoCore_CSU","F",0.8700,"milligramsPerLiter",8.7,,1,"formatChange","GOOD"
"43a5bd92-6b84-477c-8273-e4ce1309973c","D14","SYCA","SYCA.AOS.groundwater.well.001","SYCA.W1.20190129.RAW","A00000055684","2019-01-29T18:33Z","2019-01-29T18:33Z","EcoCore_CSU","conductivity",600.4100,"microsiemensPerCentimeter",8.7,,1,"formatChange","GOOD"
"8439f79f-6965-4e29-af7d-9005dc125985","D14","SYCA","SYCA.AOS.groundwater.well.001","SYCA.W1.20190129.FIL","A00000055685","2019-01-29T18:33Z","2019-01-29T18:33Z","EcoCore_CSU","Si",28.8300,"milligramsPerLiter",8.7,,1,"formatChange","GOOD"
"bec1f1cd-84cc-4ef8-b5f5-6a9f937f5091","D14","SYCA","SYCA.AOS.groundwater.well.001","SYCA.W1.20190129.FIL","A00000055685","2019-01-29T18:33Z","2019-01-29T18:33Z","EcoCore_CSU","Fe",0.0005,"milligramsPerLiter",8.7,,1,"formatChange","GOOD"
"0d59fed3-b373-4574-ac45-31a1e5234f25","D14","SYCA","SYCA.AOS.groundwater.well.001","SYCA.W1.20190129.FIL","A00000055685","2019-01-29T18:33Z","2019-01-29T18:33Z","EcoCore_CSU","Na",42.2500,"milligramsPerLiter",8.7,,1,"formatChange","GOOD"
"ea22fe83-5151-4918-90f2-adb2d187cbd0","D14","SYCA","SYCA.AOS.groundwater.well.001","SYCA.W1.20190129.FIL","A00000055685","2019-01-29T18:33Z","2019-01-29T18:33Z","EcoCore_CSU","TDP",0.0390,"milligramsPerLiter",8.7,,1,"formatChange","GOOD"
"9b21b83c-a5d8-4dfa-9a9a-7ac251667ce6","D14","SYCA","SYCA.AOS.groundwater.well.001","SYCA.W1.20190129.RAW","A00000055684","2019-01-29T18:33Z","2019-01-29T18:33Z","EcoCore_CSU","TP",0.0840,"milligramsPerLiter",8.7,,1,"formatChange","GOOD"
"eb85d887-892f-4952-8d8e-a4bcd7bdbc76","D14","SYCA","SYCA.AOS.groundwater.well.001","SYCA.W1.20190129.FIL","A00000055685","2019-01-29T18:33Z","2019-01-29T18:33Z","EcoCore_CSU","NH4 - N",0.0486,"milligramsPerLiter",8.7,,1,"formatChange","GOOD"
"37347c07-4bd5-41c8-88dd-3b472d465e1c","D14","SYCA","SYCA.AOS.groundwater.well.001","SYCA.W1.20190129.FIL","A00000055685","2019-01-29T18:33Z","2019-01-29T18:33Z","EcoCore_CSU","UV Absorbance (250 nm)",0.0207,,8.7,,1,"formatChange","GOOD"
"e5d1961e-3563-4c08-85f8-3791e2c0462f","D14","SYCA","SYCA.AOS.groundwater.well.001","SYCA.W1.20190129.FIL","A00000055685","2019-01-29T18:33Z","2019-01-29T18:33Z","EcoCore_CSU","Mn",0.0005,"milligramsPerLiter",8.7,,1,"formatChange","GOOD"
"053cd004-67fe-4cd4-9da4-3bb142b620e4","D14","SYCA","SYCA.AOS.groundwater.well.001","SYCA.W1.20190129.FIL","A00000055685","2019-01-29T18:33Z","2019-01-29T18:33Z","EcoCore_CSU","Ca",19.9140,"milligramsPerLiter",8.7,,1,"formatChange","GOOD"
"ccdfac05-53b6-4659-b6cd-ec9e1c357422","D14","SYCA","SYCA.AOS.groundwater.well.001","SYCA.W1.20190129.FIL","A00000055685","2019-01-29T18:33Z","2019-01-29T18:33Z","EcoCore_CSU","DIC",74.9800,"milligramsPerLiter",8.7,,1,"formatChange","GOOD"
"285a3c7c-7ead-4b51-a7d8-62b853c4d387","D14","SYCA","SYCA.AOS.groundwater.well.001","SYCA.W1.20190129.FIL","A00000055685","2019-01-29T18:33Z","2019-01-29T18:33Z","EcoCore_CSU","TDN",2.0280,"milligramsPerLiter",8.7,,1,"formatChange","GOOD"
"ed653b9f-ae0b-4a03-ae8c-979016d9ec35","D14","SYCA","SYCA.AOS.groundwater.well.001","SYCA.W1.20190129.FIL","A00000055685","2019-01-29T18:33Z","2019-01-29T18:33Z","EcoCore_CSU","NO3+NO2 - N",2.4304,"milligramsPerLiter",8.7,"Low NO2+NO3 method",1,"formatChange","Other"
"592e009e-814b-4a28-a2c8-383d79f6002c","D14","SYCA","SYCA.AOS.groundwater.well.001","SYCA.W1.20190129.FIL","A00000055685","2019-01-29T18:33Z","2019-01-29T18:33Z","EcoCore_CSU","Cl",11.4500,"milligramsPerLiter",8.7,,1,"formatChange","GOOD"
"314bb500-d569-4260-a393-0ef395b3aaa8","D14","SYCA","SYCA.AOS.groundwater.well.001","SYCA.W1.20190129.RAW","A00000055684","2019-01-29T18:33Z","2019-01-29T18:33Z","EcoCore_CSU","TSS - Dry Mass",2900.0000,"microgram",8.7,,1,"formatChange","GOOD"
"a614c298-c143-4b2b-8e09-0be2d45c6a30","D14","SYCA","SYCA.AOS.groundwater.well.001","SYCA.W1.20190129.FIL","A00000055685","2019-01-29T18:33Z","2019-01-29T18:33Z","EcoCore_CSU","SO4",43.3800,"milligramsPerLiter",8.7,,1,"formatChange","GOOD"
"23b7b7e3-d19c-4b2b-b11d-133cbde78970","D14","SYCA","SYCA.AOS.groundwater.well.001","SYCA.W1.20190129.FIL","A00000055685","2019-01-29T18:33Z","2019-01-29T18:33Z","EcoCore_CSU","DOC",1.4960,"milligramsPerLiter",8.7,,1,"formatChange","GOOD"
"a55a38a0-25c7-4bfe-93d1-3df9fa75f21b","D14","SYCA","SYCA.AOS.groundwater.well.001","SYCA.W1.20190129.PCN","A00000055702","2019-01-29T18:33Z","2019-01-29T18:33Z","EcoCore_CSU","TPC",0.3205,"milligram",8.7,,1,"formatChange","GOOD"
"16f4b82a-83fe-4d21-a8de-ce5f2abe9a22","D14","SYCA","SYCA.AOS.groundwater.well.001","SYCA.W1.20190129.FIL","A00000055685","2019-01-29T18:33Z","2019-01-29T18:33Z","EcoCore_CSU","HCO3",296.5400,"milligramsPerLiter",8.7,,1,"formatChange","GOOD"
"249f5caa-7a7d-4db9-aa44-f5596e703d13","D14","SYCA","SYCA.AOS.groundwater.well.001","SYCA.W1.20190129.PCN","A00000055702","2019-01-29T18:33Z","2019-01-29T18:33Z","EcoCore_CSU","TPN",0.1134,"milligram",8.7,,1,"formatChange","GOOD"
"6299f24a-3686-470d-8a52-e849de49ba5b","D14","SYCA","SYCA.AOS.groundwater.well.001","SYCA.W1.20190129.RAW","A00000055684","2019-01-29T18:33Z","2019-01-29T18:33Z","EcoCore_CSU","pH",7.3500,"pH",8.7,,1,"formatChange","GOOD"
"bf384e8f-9dba-4c75-908a-a92ab95207c1","D14","SYCA","SYCA.AOS.groundwater.well.001","SYCA.W1.20190129.FIL","A00000055685","2019-01-29T18:33Z","2019-01-29T18:33Z","EcoCore_CSU","TDS",421.7300,"milligramsPerLiter",8.7,,1,"formatChange","GOOD"
"520ccd67-d172-4472-bd38-bede1618e39d","D14","SYCA","SYCA.AOS.groundwater.well.001","SYCA.W1.20190129.FIL","A00000055685","2019-01-29T18:33Z","2019-01-29T18:33Z","EcoCore_CSU","UV Absorbance (280 nm)",0.0109,,8.7,,1,"formatChange","GOOD"
"882bbbfa-e732-4d10-9fc0-84f8dd085552","D14","SYCA","SYCA.AOS.groundwater.well.001","SYCA.W1.20190129.FIL","A00000055685","2019-01-29T18:33Z","2019-01-29T18:33Z","EcoCore_CSU","CO3",0.0050,"milligramsPerLiter",8.7,,1,"formatChange","GOOD"
"82c508c0-b9c5-42e6-b7ca-a10a601fc328","D14","SYCA","SYCA.AOS.groundwater.well.001","SYCA.W1.20190129.FIL","A00000055685","2019-01-29T18:33Z","2019-01-29T18:33Z","EcoCore_CSU","Mg",38.5900,"milligramsPerLiter",8.7,,1,"formatChange","GOOD"
"cf5977b4-da93-4f41-af38-d1d2e7c20dfb","D14","SYCA","SYCA.AOS.groundwater.well.001","SYCA.W1.20190129.RAW","A00000055684","2019-01-29T18:33Z","2019-01-29T18:33Z","EcoCore_CSU","TN",2.0450,"milligramsPerLiter",8.7,,1,"formatChange","GOOD"
"ec278638-4d24-4c5a-8315-507e14b45ee1","D14","SYCA","SYCA.AOS.groundwater.well.001","SYCA.W1.20190129.FIL","A00000055685","2019-01-29T18:33Z","2019-01-29T18:33Z","EcoCore_CSU","NO2 - N",0.0579,"milligramsPerLiter",8.7,"Low NO2+NO3 method",1,"formatChange","Other"
"46a190dd-9cf0-4a29-9dee-d2d3827d8e99","D14","SYCA","SYCA.AOS.groundwater.well.001","SYCA.W1.20190129.RAW","A00000055684","2019-01-29T18:33Z","2019-01-29T18:33Z","EcoCore_CSU","TOC",1.1600,"milligramsPerLiter",8.7,,1,"formatChange","GOOD"
"f223186b-ab72-4342-95e3-7cd845262cd1","D14","SYCA","SYCA.AOS.groundwater.well.001","SYCA.W1.20190129.RAW","A00000055684","2019-01-29T18:33Z","2019-01-29T18:33Z","EcoCore_CSU","ANC",5.3600,"milliequivalentsPerLiter",8.7,,1,"formatChange","GOOD"
"a364b4c7-f36b-4775-a323-4c74258592e4","D14","SYCA","SYCA.AOS.groundwater.well.001","SYCA.W1.20190129.FIL","A00000055685","2019-01-29T18:33Z","2019-01-29T18:33Z","EcoCore_CSU","Ortho - P",0.0590,"milligramsPerLiter",8.7,,1,"formatChange","GOOD"
"6a25e2e9-ed79-4993-95e5-3783c41ff680","D14","SYCA","SYCA.AOS.groundwater.well.001","SYCA.W1.20190129.FIL","A00000055685","2019-01-29T18:33Z","2019-01-29T18:33Z","EcoCore_CSU","Br",0.0050,"milligramsPerLiter",8.7,,1,"formatChange","GOOD"
"0b418a37-fc1f-43e3-95e8-1732d8ea20d6","D14","SYCA","SYCA.AOS.groundwater.well.002","SYCA.W2.20190129.FIL","A00000055719","2019-01-29T20:22Z","2019-01-29T20:22Z","EcoCore_CSU","K",17.0100,"milligramsPerLiter",9.2,,1,"formatChange","GOOD"
"8c04f42d-7a0a-4fe9-a7bf-feb3c00d9bda","D14","SYCA","SYCA.AOS.groundwater.well.002","SYCA.W2.20190129.FIL","A00000055719","2019-01-29T20:22Z","2019-01-29T20:22Z","EcoCore_CSU","UV Absorbance (280 nm)",0.0148,,9.2,,1,"formatChange","GOOD"
"b01f00d3-3de2-4967-9498-0194c661a1b9","D14","SYCA","SYCA.AOS.groundwater.well.002","SYCA.W2.20190129.FIL","A00000055719","2019-01-29T20:22Z","2019-01-29T20:22Z","EcoCore_CSU","UV Absorbance (250 nm)",0.0214,,9.2,,1,"formatChange","GOOD"
"202822f2-5e9e-47af-ae05-00d4a52f3164","D14","SYCA","SYCA.AOS.groundwater.well.002","SYCA.W2.20190129.FIL","A00000055719","2019-01-29T20:22Z","2019-01-29T20:22Z","EcoCore_CSU","Fe",0.0005,"milligramsPerLiter",9.2,,1,"formatChange","GOOD"
"f031daed-8678-4256-bc4b-0888e74e0b1c","D14","SYCA","SYCA.AOS.groundwater.well.002","SYCA.W2.20190129.FIL","A00000055719","2019-01-29T20:22Z","2019-01-29T20:22Z","EcoCore_CSU","HCO3",309.2800,"milligramsPerLiter",9.2,,1,"formatChange","GOOD"
"66de1542-c863-4aee-8949-d879d44a7e5b","D14","SYCA","SYCA.AOS.groundwater.well.002","SYCA.W2.20190129.RAW","A00000055669","2019-01-29T20:22Z","2019-01-29T20:22Z","EcoCore_CSU","TSS - Dry Mass",11200.0000,"microgram",9.2,,1,"formatChange","GOOD"
"6bd40748-dd53-4920-960f-dd41d1431575","D14","SYCA","SYCA.AOS.groundwater.well.002","SYCA.W2.20190129.FIL","A00000055719","2019-01-29T20:22Z","2019-01-29T20:22Z","EcoCore_CSU","F",0.9900,"milligramsPerLiter",9.2,,1,"formatChange","GOOD"
"c741486f-36dd-410b-9346-48f0f339d498","D14","SYCA","SYCA.AOS.groundwater.well.002","SYCA.W2.20190129.FIL","A00000055719","2019-01-29T20:22Z","2019-01-29T20:22Z","EcoCore_CSU","DIC",74.9700,"milligramsPerLiter",9.2,,1,"formatChange","GOOD"
"c010db6d-9bb2-40d3-bc6b-31f8fb964026","D14","SYCA","SYCA.AOS.groundwater.well.002","SYCA.W2.20190129.FIL","A00000055719","2019-01-29T20:22Z","2019-01-29T20:22Z","EcoCore_CSU","DOC",1.7340,"milligramsPerLiter",9.2,,1,"formatChange","GOOD"
"f5f6e476-9486-4694-856a-631cbaddca37","D14","SYCA","SYCA.AOS.groundwater.well.002","SYCA.W2.20190129.FIL","A00000055719","2019-01-29T20:22Z","2019-01-29T20:22Z","EcoCore_CSU","Mn",0.0005,"milligramsPerLiter",9.2,,1,"formatChange","GOOD"
"33466630-cebc-4b0a-8e46-5511ac56db70","D14","SYCA","SYCA.AOS.groundwater.well.002","SYCA.W2.20190129.FIL","A00000055719","2019-01-29T20:22Z","2019-01-29T20:22Z","EcoCore_CSU","Mg",39.9300,"milligramsPerLiter",9.2,,1,"formatChange","GOOD"
"80e2f9c6-7960-4064-bef9-992fd7b74159","D14","SYCA","SYCA.AOS.groundwater.well.002","SYCA.W2.20190129.FIL","A00000055719","2019-01-29T20:22Z","2019-01-29T20:22Z","EcoCore_CSU","Ca",20.0160,"milligramsPerLiter",9.2,,1,"formatChange","GOOD"
"a142f842-2419-4f4a-a365-2e15d25eece9","D14","SYCA","SYCA.AOS.groundwater.well.002","SYCA.W2.20190129.FIL","A00000055719","2019-01-29T20:22Z","2019-01-29T20:22Z","EcoCore_CSU","NH4 - N",0.0628,"milligramsPerLiter",9.2,,1,"formatChange","GOOD"
"49f4ce92-abfa-4566-b603-d8cd8d66f8c4","D14","SYCA","SYCA.AOS.groundwater.well.002","SYCA.W2.20190129.FIL","A00000055719","2019-01-29T20:22Z","2019-01-29T20:22Z","EcoCore_CSU","Ortho - P",0.0570,"milligramsPerLiter",9.2,,1,"formatChange","GOOD"
"458919dd-9ca5-40a2-a080-b211385f94bf","D14","SYCA","SYCA.AOS.groundwater.well.002","SYCA.W2.20190129.RAW","A00000055669","2019-01-29T20:22Z","2019-01-29T20:22Z","EcoCore_CSU","TSS",224.0000,"milligramsPerLiter",9.2,,1,"formatChange","GOOD"
"f39e4931-2fd3-40dc-ab20-7de6060dbe48","D14","SYCA","SYCA.AOS.groundwater.well.002","SYCA.W2.20190129.RAW","A00000055669","2019-01-29T20:22Z","2019-01-29T20:22Z","EcoCore_CSU","TOC",2.1020,"milligramsPerLiter",9.2,,1,"formatChange","GOOD"
"5edfad71-ccdb-4a90-ae99-abe2eca425bf","D14","SYCA","SYCA.AOS.groundwater.well.002","SYCA.W2.20190129.FIL","A00000055719","2019-01-29T20:22Z","2019-01-29T20:22Z","EcoCore_CSU","Si",27.2400,"milligramsPerLiter",9.2,,1,"formatChange","GOOD"
"7a4467b5-59bc-4956-9d8a-b24bd778f61c","D14","SYCA","SYCA.AOS.groundwater.well.002","SYCA.W2.20190129.PCN","A00000055703","2019-01-29T20:22Z","2019-01-29T20:22Z","EcoCore_CSU","TPC",0.3584,"milligram",9.2,,1,"formatChange","GOOD"
"a4fa2a97-1898-4370-814b-30428d131c5a","D14","SYCA","SYCA.AOS.groundwater.well.002","SYCA.W2.20190129.RAW","A00000055669","2019-01-29T20:22Z","2019-01-29T20:22Z","EcoCore_CSU","pH",7.4400,"pH",9.2,,1,"formatChange","GOOD"
"80da1678-560e-4c72-adbf-42705daa92c3","D14","SYCA","SYCA.AOS.groundwater.well.002","SYCA.W2.20190129.RAW","A00000055669","2019-01-29T20:22Z","2019-01-29T20:22Z","EcoCore_CSU","conductivity",659.3200,"microsiemensPerCentimeter",9.2,,1,"formatChange","GOOD"
"4e47ad47-4b2d-4fa9-9edb-0397ec8daef1","D14","SYCA","SYCA.AOS.groundwater.well.002","SYCA.W2.20190129.RAW","A00000055669","2019-01-29T20:22Z","2019-01-29T20:22Z","EcoCore_CSU","TN",2.0140,"milligramsPerLiter",9.2,,1,"formatChange","GOOD"
"72183744-6b4b-429b-8213-9ac66577e812","D14","SYCA","SYCA.AOS.groundwater.well.002","SYCA.W2.20190129.FIL","A00000055719","2019-01-29T20:22Z","2019-01-29T20:22Z","EcoCore_CSU","TDS",472.5500,"milligramsPerLiter",9.2,,1,"formatChange","GOOD"
"d002c23a-99f2-4805-bd12-8d0e7fcd07bb","D14","SYCA","SYCA.AOS.groundwater.well.002","SYCA.W2.20190129.FIL","A00000055719","2019-01-29T20:22Z","2019-01-29T20:22Z","EcoCore_CSU","Cl",21.4400,"milligramsPerLiter",9.2,,1,"formatChange","GOOD"
"4e0fb914-bd96-4247-bfb3-c969cfb0eca8","D14","SYCA","SYCA.AOS.groundwater.well.002","SYCA.W2.20190129.FIL","A00000055719","2019-01-29T20:22Z","2019-01-29T20:22Z","EcoCore_CSU","TDP",0.0440,"milligramsPerLiter",9.2,,1,"formatChange","GOOD"
"2a0104a3-d052-48fb-8bc3-5bbb32814f38","D14","SYCA","SYCA.AOS.groundwater.well.002","SYCA.W2.20190129.FIL","A00000055719","2019-01-29T20:22Z","2019-01-29T20:22Z","EcoCore_CSU","TDN",2.0920,"milligramsPerLiter",9.2,,1,"formatChange","GOOD"
"4b965591-b240-4243-ad71-36e659950f28","D14","SYCA","SYCA.AOS.groundwater.well.002","SYCA.W2.20190129.FIL","A00000055719","2019-01-29T20:22Z","2019-01-29T20:22Z","EcoCore_CSU","Na",42.5600,"milligramsPerLiter",9.2,,1,"formatChange","GOOD"
"fc91635d-417d-48f0-9834-4339db723832","D14","SYCA","SYCA.AOS.groundwater.well.002","SYCA.W2.20190129.RAW","A00000055669","2019-01-29T20:22Z","2019-01-29T20:22Z","EcoCore_CSU","ANC",6.1200,"milliequivalentsPerLiter",9.2,,1,"formatChange","GOOD"
"5536facc-45a3-451d-8efe-1da4f9d33a3a","D14","SYCA","SYCA.AOS.groundwater.well.002","SYCA.W2.20190129.RAW","A00000055669","2019-01-29T20:22Z","2019-01-29T20:22Z","EcoCore_CSU","TP",0.1570,"milligramsPerLiter",9.2,,1,"formatChange","GOOD"
"fc121eb3-61a5-46dd-8968-6070be61a2f1","D14","SYCA","SYCA.AOS.groundwater.well.002","SYCA.W2.20190129.FIL","A00000055719","2019-01-29T20:22Z","2019-01-29T20:22Z","EcoCore_CSU","SO4",43.0500,"milligramsPerLiter",9.2,,1,"formatChange","GOOD"
"8a5598a9-c2a0-45dd-8f59-39ad39d2c47a","D14","SYCA","SYCA.AOS.groundwater.well.002","SYCA.W2.20190129.FIL","A00000055719","2019-01-29T20:22Z","2019-01-29T20:22Z","EcoCore_CSU","NO2 - N",0.0576,"milligramsPerLiter",9.2,"Low NO2+NO3 method",1,"formatChange","Other"
"52bae2d8-575d-4a4b-a343-6d281d317bf1","D14","SYCA","SYCA.AOS.groundwater.well.002","SYCA.W2.20190129.FIL","A00000055719","2019-01-29T20:22Z","2019-01-29T20:22Z","EcoCore_CSU","CO3",0.0050,"milligramsPerLiter",9.2,,1,"formatChange","GOOD"
"507b5e75-0e1a-4a9d-9984-372cf6345689","D14","SYCA","SYCA.AOS.groundwater.well.002","SYCA.W2.20190129.FIL","A00000055719","2019-01-29T20:22Z","2019-01-29T20:22Z","EcoCore_CSU","NO3+NO2 - N",2.4544,"milligramsPerLiter",9.2,"Low NO2+NO3 method",1,"formatChange","Other"
"6d350559-4f46-4274-bd2a-dd4a17661749","D14","SYCA","SYCA.AOS.groundwater.well.002","SYCA.W2.20190129.PCN","A00000055703","2019-01-29T20:22Z","2019-01-29T20:22Z","EcoCore_CSU","TPN",0.1230,"milligram",9.2,,1,"formatChange","GOOD"
"7ebe07f4-90b2-442e-b744-fcd6d48fe6e9","D14","SYCA","SYCA.AOS.groundwater.well.002","SYCA.W2.20190129.FIL","A00000055719","2019-01-29T20:22Z","2019-01-29T20:22Z","EcoCore_CSU","Br",0.0050,"milligramsPerLiter",9.2,,1,"formatChange","GOOD"
"d16cfe7e-19d7-445c-9e8b-56ebf7905cbb","D14","SYCA","SYCA.AOS.groundwater.well.003","SYCA.W3.20190129.RAW","A00000055670","2019-01-29T22:23Z","2019-01-29T22:23Z","EcoCore_CSU","TSS",280.0000,"milligramsPerLiter",9.2,,1,"formatChange","GOOD"
"78ccc985-fa36-454d-a3f2-6944694b8cfc","D14","SYCA","SYCA.AOS.groundwater.well.003","SYCA.W3.20190129.FIL","A00000055687","2019-01-29T22:23Z","2019-01-29T22:23Z","EcoCore_CSU","Si",26.7400,"milligramsPerLiter",9.2,,1,"formatChange","GOOD"
"c074bc78-3bcf-40a7-b1fb-8ba0790ffe70","D14","SYCA","SYCA.AOS.groundwater.well.003","SYCA.W3.20190129.FIL","A00000055687","2019-01-29T22:23Z","2019-01-29T22:23Z","EcoCore_CSU","Ortho - P",0.0350,"milligramsPerLiter",9.2,,1,"formatChange","GOOD"
"0389161b-1011-4ade-8107-fe081898dd51","D14","SYCA","SYCA.AOS.groundwater.well.003","SYCA.W3.20190129.FIL","A00000055687","2019-01-29T22:23Z","2019-01-29T22:23Z","EcoCore_CSU","TDP",0.0870,"milligramsPerLiter",9.2,,1,"formatChange","GOOD"
"eb61b930-bc0b-4f7a-b732-48db32957d96","D14","SYCA","SYCA.AOS.groundwater.well.003","SYCA.W3.20190129.FIL","A00000055687","2019-01-29T22:23Z","2019-01-29T22:23Z","EcoCore_CSU","NH4 - N",0.0835,"milligramsPerLiter",9.2,,1,"formatChange","GOOD"
"6b465be7-1133-4357-a312-54745940600b","D14","SYCA","SYCA.AOS.groundwater.well.003","SYCA.W3.20190129.FIL","A00000055687","2019-01-29T22:23Z","2019-01-29T22:23Z","EcoCore_CSU","TDS",415.5600,"milligramsPerLiter",9.2,,1,"formatChange","GOOD"
"e3fc18bf-28a4-4ac9-88f5-5139164e3ceb","D14","SYCA","SYCA.AOS.groundwater.well.003","SYCA.W3.20190129.FIL","A00000055687","2019-01-29T22:23Z","2019-01-29T22:23Z","EcoCore_CSU","K",3.8100,"milligramsPerLiter",9.2,,1,"formatChange","GOOD"
"89af795f-d03c-4d8c-873d-735ae20f0777","D14","SYCA","SYCA.AOS.groundwater.well.003","SYCA.W3.20190129.FIL","A00000055687","2019-01-29T22:23Z","2019-01-29T22:23Z","EcoCore_CSU","Mn",0.0005,"milligramsPerLiter",9.2,,1,"formatChange","GOOD"
"f1731aed-a4ba-4879-bdb3-1a450304703f","D14","SYCA","SYCA.AOS.groundwater.well.003","SYCA.W3.20190129.PCN","A00000055704","2019-01-29T22:23Z","2019-01-29T22:23Z","EcoCore_CSU","TPN",0.1179,"milligram",9.2,,1,"formatChange","GOOD"
"c8adf8c1-6ac1-42ae-aca8-f51793f18f71","D14","SYCA","SYCA.AOS.groundwater.well.003","SYCA.W3.20190129.FIL","A00000055687","2019-01-29T22:23Z","2019-01-29T22:23Z","EcoCore_CSU","NO2 - N",0.0574,"milligramsPerLiter",9.2,"Low NO2+NO3 method",1,"formatChange","Other"
"21d82c3d-16ac-4401-9da4-7d02a1331f73","D14","SYCA","SYCA.AOS.groundwater.well.003","SYCA.W3.20190129.PCN","A00000055704","2019-01-29T22:23Z","2019-01-29T22:23Z","EcoCore_CSU","TPC",0.2988,"milligram",9.2,,1,"formatChange","GOOD"
"f69c2f65-b552-460f-941d-997655d45d55","D14","SYCA","SYCA.AOS.groundwater.well.003","SYCA.W3.20190129.FIL","A00000055687","2019-01-29T22:23Z","2019-01-29T22:23Z","EcoCore_CSU","UV Absorbance (250 nm)",0.0357,,9.2,,1,"formatChange","GOOD"
"c5c08cc2-7451-4c59-aa9a-179fb569c9fb","D14","SYCA","SYCA.AOS.groundwater.well.003","SYCA.W3.20190129.RAW","A00000055670","2019-01-29T22:23Z","2019-01-29T22:23Z","EcoCore_CSU","TN",1.8440,"milligramsPerLiter",9.2,,1,"formatChange","GOOD"
"7a05d31a-e231-4fdf-9761-594c092f3fab","D14","SYCA","SYCA.AOS.groundwater.well.003","SYCA.W3.20190129.FIL","A00000055687","2019-01-29T22:23Z","2019-01-29T22:23Z","EcoCore_CSU","Cl",12.8300,"milligramsPerLiter",9.2,,1,"formatChange","GOOD"
"e9c20a1f-1c80-4248-905b-4300b1dad2ee","D14","SYCA","SYCA.AOS.groundwater.well.003","SYCA.W3.20190129.FIL","A00000055687","2019-01-29T22:23Z","2019-01-29T22:23Z","EcoCore_CSU","CO3",0.0050,"milligramsPerLiter",9.2,,1,"formatChange","GOOD"
"435806f4-ba72-4e01-ad73-818770c349df","D14","SYCA","SYCA.AOS.groundwater.well.003","SYCA.W3.20190129.FIL","A00000055687","2019-01-29T22:23Z","2019-01-29T22:23Z","EcoCore_CSU","Ca",18.4700,"milligramsPerLiter",9.2,,1,"formatChange","GOOD"
"157d39d4-f2ea-40d6-934c-86e22596ca9e","D14","SYCA","SYCA.AOS.groundwater.well.003","SYCA.W3.20190129.FIL","A00000055687","2019-01-29T22:23Z","2019-01-29T22:23Z","EcoCore_CSU","Br",0.0050,"milligramsPerLiter",9.2,,1,"formatChange","GOOD"
"aeffb1c0-33cb-4a95-b7cb-023affaa0c59","D14","SYCA","SYCA.AOS.groundwater.well.003","SYCA.W3.20190129.FIL","A00000055687","2019-01-29T22:23Z","2019-01-29T22:23Z","EcoCore_CSU","NO3+NO2 - N",2.1481,"milligramsPerLiter",9.2,"Low NO2+NO3 method",1,"formatChange","Other"
"2c6be49c-d9c0-4dc8-a10e-afcc087b9db4","D14","SYCA","SYCA.AOS.groundwater.well.003","SYCA.W3.20190129.RAW","A00000055670","2019-01-29T22:23Z","2019-01-29T22:23Z","EcoCore_CSU","TP",0.0920,"milligramsPerLiter",9.2,,1,"formatChange","GOOD"
"4344ee48-d10c-4876-b63a-303711e8e09b","D14","SYCA","SYCA.AOS.groundwater.well.003","SYCA.W3.20190129.FIL","A00000055687","2019-01-29T22:23Z","2019-01-29T22:23Z","EcoCore_CSU","Na",41.9900,"milligramsPerLiter",9.2,,1,"formatChange","GOOD"
"99588ba7-7272-42bd-bc09-bf7840ac9782","D14","SYCA","SYCA.AOS.groundwater.well.003","SYCA.W3.20190129.RAW","A00000055670","2019-01-29T22:23Z","2019-01-29T22:23Z","EcoCore_CSU","conductivity",589.2400,"microsiemensPerCentimeter",9.2,,1,"formatChange","GOOD"
"0bccac3f-8fe6-4311-9f57-b0f37c75e321","D14","SYCA","SYCA.AOS.groundwater.well.003","SYCA.W3.20190129.RAW","A00000055670","2019-01-29T22:23Z","2019-01-29T22:23Z","EcoCore_CSU","TOC",0.9627,"milligramsPerLiter",9.2,,1,"formatChange","GOOD"
"2ed36546-fa67-426c-9ce9-711a379c1495","D14","SYCA","SYCA.AOS.groundwater.well.003","SYCA.W3.20190129.FIL","A00000055687","2019-01-29T22:23Z","2019-01-29T22:23Z","EcoCore_CSU","SO4",41.1600,"milligramsPerLiter",9.2,,1,"formatChange","GOOD"
"294a1504-0b96-4d96-b925-0d65f0f1036c","D14","SYCA","SYCA.AOS.groundwater.well.003","SYCA.W3.20190129.FIL","A00000055687","2019-01-29T22:23Z","2019-01-29T22:23Z","EcoCore_CSU","DIC",75.7500,"milligramsPerLiter",9.2,,1,"formatChange","GOOD"
"c602cfb0-0ef5-4e07-bfc5-64ee5f4fc711","D14","SYCA","SYCA.AOS.groundwater.well.003","SYCA.W3.20190129.FIL","A00000055687","2019-01-29T22:23Z","2019-01-29T22:23Z","EcoCore_CSU","Mg",37.9500,"milligramsPerLiter",9.2,,1,"formatChange","GOOD"
"abfea95f-fdd3-4dbd-9871-2fb6980a9187","D14","SYCA","SYCA.AOS.groundwater.well.003","SYCA.W3.20190129.FIL","A00000055687","2019-01-29T22:23Z","2019-01-29T22:23Z","EcoCore_CSU","DOC",1.0290,"milligramsPerLiter",9.2,,1,"formatChange","GOOD"
"1b6cc3d2-3497-46b0-9c38-30ac6ad48700","D14","SYCA","SYCA.AOS.groundwater.well.003","SYCA.W3.20190129.FIL","A00000055687","2019-01-29T22:23Z","2019-01-29T22:23Z","EcoCore_CSU","Fe",0.0005,"milligramsPerLiter",9.2,,1,"formatChange","GOOD"
"69295501-22cc-40b2-97c1-e96677c8f9ba","D14","SYCA","SYCA.AOS.groundwater.well.003","SYCA.W3.20190129.RAW","A00000055670","2019-01-29T22:23Z","2019-01-29T22:23Z","EcoCore_CSU","TSS - Dry Mass",14000.0000,"microgram",9.2,,1,"formatChange","GOOD"
"8cf64f4b-114c-4930-a7a2-28a626eaa802","D14","SYCA","SYCA.AOS.groundwater.well.003","SYCA.W3.20190129.FIL","A00000055687","2019-01-29T22:23Z","2019-01-29T22:23Z","EcoCore_CSU","F",0.9000,"milligramsPerLiter",9.2,,1,"formatChange","GOOD"
"012bfc0a-f8ef-4ab0-be37-d317f15fb980","D14","SYCA","SYCA.AOS.groundwater.well.003","SYCA.W3.20190129.RAW","A00000055670","2019-01-29T22:23Z","2019-01-29T22:23Z","EcoCore_CSU","pH",7.5700,"pH",9.2,,1,"formatChange","GOOD"
"c4c81cb0-1bde-427f-9f45-835c65a0df5c","D14","SYCA","SYCA.AOS.groundwater.well.003","SYCA.W3.20190129.FIL","A00000055687","2019-01-29T22:23Z","2019-01-29T22:23Z","EcoCore_CSU","TDN",1.9690,"milligramsPerLiter",9.2,,1,"formatChange","GOOD"
"53dab8f2-3c15-4caf-9ba7-389e00754d3b","D14","SYCA","SYCA.AOS.groundwater.well.003","SYCA.W3.20190129.FIL","A00000055687","2019-01-29T22:23Z","2019-01-29T22:23Z","EcoCore_CSU","HCO3",289.2100,"milligramsPerLiter",9.2,,1,"formatChange","GOOD"
"466ef6ee-81ef-423c-b68c-c282502c346f","D14","SYCA","SYCA.AOS.groundwater.well.003","SYCA.W3.20190129.RAW","A00000055670","2019-01-29T22:23Z","2019-01-29T22:23Z","EcoCore_CSU","ANC",5.2700,"milliequivalentsPerLiter",9.2,,1,"formatChange","GOOD"
"b5e09dbc-8807-4997-b758-aefbbbf345c8","D14","SYCA","SYCA.AOS.groundwater.well.003","SYCA.W3.20190129.FIL","A00000055687","2019-01-29T22:23Z","2019-01-29T22:23Z","EcoCore_CSU","UV Absorbance (280 nm)",0.0270,,9.2,,1,"formatChange","GOOD"
