uid,domainID,siteID,namedLocation,decimalLatitude,decimalLongitude,coordinateUncertainty,elevation,elevationUncertainty,geodeticDatum,collectDate,aquaticSiteType,samplingImpractical,waterChemSamplesCollected,adequateSampleVol,parentSampleID,eventID,swcSamplingProtocolVersion,sampleExtractionMethod,samplerType,totalWellDepth,wellWaterDepth,waterColumnHeight,sampleDepth,purgeAverageDischargeRate,purgeTime,gwWellStabilized,purgeDryDateTime,pumpPlacementDate,screenedIntervalDepth,maxAllowableDrawdown,actualDrawdown,MADExceeded,wellVolumePurged,probeIDUnavailable,dissolvedOxygen,dissolvedOxygenSaturation,specificConductance,waterTemp,pH,waterClarityDescrip,waterColorDescrip,aCollectedBy,bCollectedBy,remarks
"6266992a-c754-499f-b8e1-78b6127f5ea6","D14","SYCA","SYCA.AOS.groundwater.well.001",33.750514,-111.507112,0.1,646.3,0.1,"WGS84","2019-01-29T18:33Z","stream",,,"Y","SYCA.W1.20190129","SYCA.20190129","NEON.DOC.002905vE","bailer tube","Groundwater Bailer Tube",6.7,5.7,1.0,,,,,,,,,,,7.0,,2.00,22.90,622.00,22.40,,"clear","colorless","Rmore-hla@battelleecology.org","kmatthiesen@field-ops.org",
"586d6704-94ab-4ddb-9d73-06e3abce629a","D14","SYCA","SYCA.AOS.groundwater.well.002",33.750561,-111.507255,0.1,646.2,0.1,"WGS84","2019-01-29T20:22Z","stream",,,"Y","SYCA.W2.20190129","SYCA.20190129","NEON.DOC.002905vE","bailer tube","Groundwater Bailer Tube",6.7,5.5,1.2,,,,,,,,,,,,,2.17,24.70,605.00,21.40,,"cloudy","brown","Rmore-hla@battelleecology.org","kmatthiesen@field-ops.org",
"9ee966a8-b03a-4330-97f3-6c3002b08fa6","D14","SYCA","SYCA.AOS.groundwater.well.004",33.750662,-111.507276,0.1,646.6,0.1,"WGS84","2019-01-29T21:35Z","stream","shallow groundwater",,"N","SYCA.W4.20190129","SYCA.20190129","NEON.DOC.002905vE",,,6.2,5.9,0.3,,,,,,,,,,,,,,,,,,,,"Rmore-hla@battelleecology.org","kmatthiesen@field-ops.org","May need additional redevelopment."
"1716a484-af02-4551-b99c-3665d32d9715","D14","SYCA","SYCA.AOS.groundwater.well.003",33.750864,-111.507595,0.1,646.4,0.1,"WGS84","2019-01-29T22:23Z","stream",,,"Y","SYCA.W3.20190129","SYCA.20190129","NEON.DOC.002905vE","bailer tube","Groundwater Bailer Tube",6.1,5.2,0.9,,,,,,,,,,,7.3,,3.00,34.00,618.00,21.20,,"cloudy","brown","Rmore-hla@battelleecology.org","kmatthiesen@field-ops.org",
