uid,domainID,siteID,namedLocation,collectDate,parentSampleID,sampleCondition,sampleID,replicateNumber,gwwDICBubbleFree,gwwFiltSampleHeadspace,gwwAlkSampleHeadspace,gwwAlkSampleBubbleFree,processedDate,processedDateFilters,sampleVolumeFiltered,shipmentTimeRange
"f855368c-bb7b-4ef4-9606-ed84a00b0d8a","D06","MCDI","MCDI.AOS.groundwater.well.002","2019-05-02T14:23Z","MCDI.W2.20190502","Sample condition ok","MCDI.W2.20190502",1,,,,,"2019-05-02T14:38Z","2019-05-02T14:35Z",65.0,
"a32f0a9d-b4a3-4656-881a-8f04b5110b53","D06","MCDI","MCDI.AOS.groundwater.well.006","2019-05-02T15:39Z","MCDI.W6.20190502","Sample condition ok","MCDI.W6.20190502",1,,,,,"2019-05-02T15:59Z","2019-05-02T15:55Z",355.0,
"c62d5af7-c888-4717-85be-e993f6ece913","D06","MCDI","MCDI.AOS.groundwater.well.005","2019-05-02T17:12Z","MCDI.W5.20190502","Sample condition ok","MCDI.W5.20190502",1,,,,,"2019-05-02T17:35Z","2019-05-02T17:28Z",205.0,
"239202cd-af99-43a2-8d27-223fe774d959","D06","MCDI","MCDI.AOS.groundwater.well.004","2019-05-02T18:35Z","MCDI.W4.20190502","Sample condition ok","MCDI.W4.20190502",1,,,,,"2019-05-02T18:48Z","2019-05-02T18:48Z",1000.0,
