uid,domainID,siteID,namedLocation,decimalLatitude,decimalLongitude,coordinateUncertainty,elevation,elevationUncertainty,geodeticDatum,collectDate,aquaticSiteType,samplingImpractical,waterChemSamplesCollected,adequateSampleVol,parentSampleID,eventID,swcSamplingProtocolVersion,sampleExtractionMethod,samplerType,totalWellDepth,wellWaterDepth,waterColumnHeight,sampleDepth,purgeAverageDischargeRate,purgeTime,gwWellStabilized,purgeDryDateTime,pumpPlacementDate,screenedIntervalDepth,maxAllowableDrawdown,actualDrawdown,MADExceeded,wellVolumePurged,probeIDUnavailable,dissolvedOxygen,dissolvedOxygenSaturation,specificConductance,waterTemp,pH,waterClarityDescrip,waterColorDescrip,aCollectedBy,bCollectedBy,remarks
"e82ba9d3-b00c-4fb4-b7fd-8c1f830147c2","D06","MCDI","MCDI.AOS.groundwater.well.002",38.947494,-96.444025,0.1,380.6,0.1,"WGS84","2019-05-02T14:23Z","stream",,,"Y","MCDI.W2.20190502","MCDI.20190502","NEON.DOC.002905vE","low-flow","Groundwater Pump",9.9,7.7,2.3,8.7,,,,,,,,,,0.2,,5.28,51.80,605.00,12.70,7.01,"cloudy","brown","0000-0001-9594-9689","0000-0003-1449-7081",
"b99c82c7-ba04-4cde-89f6-8c125df06fd6","D06","MCDI","MCDI.AOS.groundwater.well.006",38.946384,-96.442827,0.1,377.9,0.1,"WGS84","2019-05-02T15:39Z","stream",,,"Y","MCDI.W6.20190502","MCDI.20190502","NEON.DOC.002905vE","low-flow","Groundwater Pump",8.1,6.0,2.1,7.0,,,,,,,,,,0.3,,1.75,17.10,623.00,12.60,7.15,"clear","colorless","0000-0001-9594-9689","0000-0003-1449-7081",
"7a74507d-990f-4cf3-89d0-3f3f14e8f31f","D06","MCDI","MCDI.AOS.groundwater.well.005",38.946577,-96.443425,0.1,377.2,0.1,"WGS84","2019-05-02T17:12Z","stream",,,"Y","MCDI.W5.20190502","MCDI.20190502","NEON.DOC.002905vE","low-flow","Groundwater Pump",7.0,5.0,2.0,6.0,,,,,,,,,,0.3,,5.75,55.10,490.00,11.60,7.42,"clear","colorless","0000-0001-9594-9689","0000-0003-1449-7081",
"257e6166-b16a-47ac-a919-df0b6ab2e07f","D06","MCDI","MCDI.AOS.groundwater.well.004",38.946864,-96.444102,0.1,377.4,0.1,"WGS84","2019-05-02T18:35Z","stream",,,"Y","MCDI.W4.20190502","MCDI.20190502","NEON.DOC.002905vE","low-flow","Groundwater Pump",8.1,4.8,3.3,5.8,,,,,,,,,,0.4,,1.16,11.40,675.00,13.20,7.34,"clear","colorless","0000-0001-9594-9689","0000-0003-1449-7081",
