uid,domainID,siteID,namedLocation,sampleID,sampleCode,startDate,collectDate,laboratoryName,analyte,analyteConcentration,analyteUnits,coolerTemp,remarks,shipmentWarmQF,externalLabDataQF,sampleCondition
"2e138119-72a4-4efd-882d-ec7c824795bd","D06","MCDI","MCDI.AOS.groundwater.well.002","MCDI.W2.20190502.RAW","A00000042436","2019-05-02T14:23Z","2019-05-02T14:23Z","EcoCore_CSU","TSS - Dry Mass",14000.0000,"microgram",-0.1,,0,"formatChange","GOOD"
"7f3df45d-9361-41e7-b9e8-4e04f58aa29f","D06","MCDI","MCDI.AOS.groundwater.well.002","MCDI.W2.20190502.FIL","A00000042438","2019-05-02T14:23Z","2019-05-02T14:23Z","EcoCore_CSU","SO4",19.0260,"milligramsPerLiter",-0.1,,0,"formatChange","GOOD"
"1b4c779f-7a14-4343-971c-f1ed9eb764fc","D06","MCDI","MCDI.AOS.groundwater.well.002","MCDI.W2.20190502.PCN","A00000042437","2019-05-02T14:23Z","2019-05-02T14:23Z","EcoCore_CSU","TPN",0.0792,"milligram",-0.1,,0,"formatChange","GOOD"
"a2b0c325-6dfd-49af-b13f-49357e5d749d","D06","MCDI","MCDI.AOS.groundwater.well.002","MCDI.W2.20190502.FIL","A00000042438","2019-05-02T14:23Z","2019-05-02T14:23Z","EcoCore_CSU","Ca",34.6957,"milligramsPerLiter",-0.1,,0,"formatChange","GOOD"
"fc325a23-ad20-4900-adef-55af7e87b97b","D06","MCDI","MCDI.AOS.groundwater.well.002","MCDI.W2.20190502.PCN","A00000042437","2019-05-02T14:23Z","2019-05-02T14:23Z","EcoCore_CSU","TPC",0.5978,"milligram",-0.1,,0,"formatChange","GOOD"
"da01064b-73ea-4620-87bf-2280b8e7958f","D06","MCDI","MCDI.AOS.groundwater.well.002","MCDI.W2.20190502.FIL","A00000042438","2019-05-02T14:23Z","2019-05-02T14:23Z","EcoCore_CSU","DIC",82.4200,"milligramsPerLiter",-0.1,,0,"formatChange","GOOD"
"6007a1cb-8270-4855-8fd8-e3c7ca4038a4","D06","MCDI","MCDI.AOS.groundwater.well.002","MCDI.W2.20190502.FIL","A00000042438","2019-05-02T14:23Z","2019-05-02T14:23Z","EcoCore_CSU","NO2 - N",-0.1274,"milligramsPerLiter",-0.1,,0,"formatChange","GOOD"
"afdc252a-48ad-48d2-a13d-d950f90ab116","D06","MCDI","MCDI.AOS.groundwater.well.002","MCDI.W2.20190502.RAW","A00000042436","2019-05-02T14:23Z","2019-05-02T14:23Z","EcoCore_CSU","TP",0.3764,"milligramsPerLiter",-0.1,,0,"formatChange","GOOD"
"ec9b5fe0-bf0a-4f2c-b750-05a6b9e469f9","D06","MCDI","MCDI.AOS.groundwater.well.002","MCDI.W2.20190502.FIL","A00000042438","2019-05-02T14:23Z","2019-05-02T14:23Z","EcoCore_CSU","NO3+NO2 - N",0.4446,"milligramsPerLiter",-0.1,,0,"formatChange","GOOD"
"1d20f99d-fa4d-44dc-bc4f-c840efcb3a23","D06","MCDI","MCDI.AOS.groundwater.well.002","MCDI.W2.20190502.FIL","A00000042438","2019-05-02T14:23Z","2019-05-02T14:23Z","EcoCore_CSU","Fe",0.0329,"milligramsPerLiter",-0.1,,0,"formatChange","GOOD"
"2946c546-5dd4-4ecf-bc94-1095e55d758b","D06","MCDI","MCDI.AOS.groundwater.well.002","MCDI.W2.20190502.FIL","A00000042438","2019-05-02T14:23Z","2019-05-02T14:23Z","EcoCore_CSU","CO3",0.0050,"milligramsPerLiter",-0.1,,0,"formatChange","GOOD"
"13b04ee1-d04f-4c4e-bebc-48addec913a8","D06","MCDI","MCDI.AOS.groundwater.well.002","MCDI.W2.20190502.RAW","A00000042436","2019-05-02T14:23Z","2019-05-02T14:23Z","EcoCore_CSU","pH",7.3100,"pH",-0.1,,0,"formatChange","GOOD"
"6dbd5149-bb2a-4772-8e16-3de9441b66cc","D06","MCDI","MCDI.AOS.groundwater.well.002","MCDI.W2.20190502.RAW","A00000042436","2019-05-02T14:23Z","2019-05-02T14:23Z","EcoCore_CSU","TOC",2.7880,"milligramsPerLiter",-0.1,,0,"formatChange","GOOD"
"5ec0e645-e9b9-42d0-beec-2eb3ca6bc6a5","D06","MCDI","MCDI.AOS.groundwater.well.002","MCDI.W2.20190502.FIL","A00000042438","2019-05-02T14:23Z","2019-05-02T14:23Z","EcoCore_CSU","HCO3",166.4700,"milligramsPerLiter",-0.1,,0,"formatChange","GOOD"
"554ac4f4-75c8-434c-bb52-44e4aeb51ee0","D06","MCDI","MCDI.AOS.groundwater.well.002","MCDI.W2.20190502.RAW","A00000042436","2019-05-02T14:23Z","2019-05-02T14:23Z","EcoCore_CSU","TSS",280.0000,"milligramsPerLiter",-0.1,,0,"formatChange","GOOD"
"3a7268e2-2c6c-4a9b-965c-60e257b5f22a","D06","MCDI","MCDI.AOS.groundwater.well.002","MCDI.W2.20190502.FIL","A00000042438","2019-05-02T14:23Z","2019-05-02T14:23Z","EcoCore_CSU","TDS",231.4700,"milligramsPerLiter",-0.1,,0,"formatChange","GOOD"
"021ff7d5-463c-4d26-9692-f3ba256cf362","D06","MCDI","MCDI.AOS.groundwater.well.002","MCDI.W2.20190502.RAW","A00000042436","2019-05-02T14:23Z","2019-05-02T14:23Z","EcoCore_CSU","conductivity",328.9400,"microsiemensPerCentimeter",-0.1,,0,"formatChange","GOOD"
"28a77d03-78bf-4466-81a7-62fac11c4660","D06","MCDI","MCDI.AOS.groundwater.well.002","MCDI.W2.20190502.FIL","A00000042438","2019-05-02T14:23Z","2019-05-02T14:23Z","EcoCore_CSU","NH4 - N",0.0277,"milligramsPerLiter",-0.1,,0,"formatChange","GOOD"
"bdf29107-4d7e-4a20-972b-90cdc266c82a","D06","MCDI","MCDI.AOS.groundwater.well.002","MCDI.W2.20190502.FIL","A00000042438","2019-05-02T14:23Z","2019-05-02T14:23Z","EcoCore_CSU","TDP",0.0403,"milligramsPerLiter",-0.1,,0,"formatChange","GOOD"
"48aff82e-a5db-4839-8249-20ef35f2a6c4","D06","MCDI","MCDI.AOS.groundwater.well.002","MCDI.W2.20190502.RAW","A00000042436","2019-05-02T14:23Z","2019-05-02T14:23Z","EcoCore_CSU","TN",1.4670,"milligramsPerLiter",-0.1,,0,"formatChange","GOOD"
"f4870e60-f79f-4d03-bc22-560ed2862ec0","D06","MCDI","MCDI.AOS.groundwater.well.002","MCDI.W2.20190502.FIL","A00000042438","2019-05-02T14:23Z","2019-05-02T14:23Z","EcoCore_CSU","Mg",15.1800,"milligramsPerLiter",-0.1,,0,"formatChange","GOOD"
"aec2649f-d8e2-4a21-8a31-ccb785450acb","D06","MCDI","MCDI.AOS.groundwater.well.002","MCDI.W2.20190502.FIL","A00000042438","2019-05-02T14:23Z","2019-05-02T14:23Z","EcoCore_CSU","UV Absorbance (280 nm)",0.0194,,-0.1,,0,"formatChange","GOOD"
"a2679ba2-fa18-406b-984a-aad9d6f61c96","D06","MCDI","MCDI.AOS.groundwater.well.002","MCDI.W2.20190502.FIL","A00000042438","2019-05-02T14:23Z","2019-05-02T14:23Z","EcoCore_CSU","TDN",1.2980,"milligramsPerLiter",-0.1,,0,"formatChange","GOOD"
"94ba5525-aa23-438b-912e-55769331c4ae","D06","MCDI","MCDI.AOS.groundwater.well.002","MCDI.W2.20190502.RAW","A00000042436","2019-05-02T14:23Z","2019-05-02T14:23Z","EcoCore_CSU","ANC",3.6900,"milliequivalentsPerLiter",-0.1,,0,"formatChange","GOOD"
"5f2ac90a-b984-4802-8670-0e205e49d535","D06","MCDI","MCDI.AOS.groundwater.well.002","MCDI.W2.20190502.FIL","A00000042438","2019-05-02T14:23Z","2019-05-02T14:23Z","EcoCore_CSU","Mn",0.0390,"milligramsPerLiter",-0.1,,0,"formatChange","GOOD"
"be0f8ae4-5f51-472b-b427-7eb9f6afdd55","D06","MCDI","MCDI.AOS.groundwater.well.002","MCDI.W2.20190502.FIL","A00000042438","2019-05-02T14:23Z","2019-05-02T14:23Z","EcoCore_CSU","DOC",1.2750,"milligramsPerLiter",-0.1,,0,"formatChange","GOOD"
"5e5d6b35-c0d2-41c4-a834-2b123af94ae3","D06","MCDI","MCDI.AOS.groundwater.well.002","MCDI.W2.20190502.FIL","A00000042438","2019-05-02T14:23Z","2019-05-02T14:23Z","EcoCore_CSU","Br",0.0050,"milligramsPerLiter",-0.1,,0,"formatChange","GOOD"
"783785d5-4ce2-40da-aecc-baa151a57bdb","D06","MCDI","MCDI.AOS.groundwater.well.002","MCDI.W2.20190502.FIL","A00000042438","2019-05-02T14:23Z","2019-05-02T14:23Z","EcoCore_CSU","Cl",4.6724,"milligramsPerLiter",-0.1,,0,"formatChange","GOOD"
"aeed13f3-ec17-47df-8d08-7bf366d0d895","D06","MCDI","MCDI.AOS.groundwater.well.002","MCDI.W2.20190502.FIL","A00000042438","2019-05-02T14:23Z","2019-05-02T14:23Z","EcoCore_CSU","K",1.2800,"milligramsPerLiter",-0.1,,0,"formatChange","GOOD"
"8cda194e-4559-4eda-a49f-4a9c5afba014","D06","MCDI","MCDI.AOS.groundwater.well.002","MCDI.W2.20190502.FIL","A00000042438","2019-05-02T14:23Z","2019-05-02T14:23Z","EcoCore_CSU","Na",6.0990,"milligramsPerLiter",-0.1,,0,"formatChange","GOOD"
"439112e7-cbce-4075-83ef-c2838d5d9523","D06","MCDI","MCDI.AOS.groundwater.well.002","MCDI.W2.20190502.FIL","A00000042438","2019-05-02T14:23Z","2019-05-02T14:23Z","EcoCore_CSU","F",0.9756,"milligramsPerLiter",-0.1,,0,"formatChange","GOOD"
"3f3b2acd-9657-48c9-8415-9b86f9230362","D06","MCDI","MCDI.AOS.groundwater.well.002","MCDI.W2.20190502.FIL","A00000042438","2019-05-02T14:23Z","2019-05-02T14:23Z","EcoCore_CSU","Si",8.1188,"milligramsPerLiter",-0.1,,0,"formatChange","GOOD"
"de3a3b24-ce06-422b-adbc-9206f66cc066","D06","MCDI","MCDI.AOS.groundwater.well.002","MCDI.W2.20190502.FIL","A00000042438","2019-05-02T14:23Z","2019-05-02T14:23Z","EcoCore_CSU","UV Absorbance (250 nm)",0.0281,,-0.1,,0,"formatChange","GOOD"
"2b9c7ee9-5f8e-456a-8195-4482f805bd9e","D06","MCDI","MCDI.AOS.groundwater.well.002","MCDI.W2.20190502.FIL","A00000042438","2019-05-02T14:23Z","2019-05-02T14:23Z","EcoCore_CSU","Ortho - P",0.0360,"milligramsPerLiter",-0.1,,0,"formatChange","GOOD"
"9033bb85-8c62-4e1c-a620-ccd875b4a861","D06","MCDI","MCDI.AOS.groundwater.well.006","MCDI.W6.20190502.FIL","A00000042440","2019-05-02T15:39Z","2019-05-02T15:39Z","EcoCore_CSU","NO3+NO2 - N",3.2430,"milligramsPerLiter",-0.1,,0,"formatChange","GOOD"
"550198be-46ca-4669-acc0-2c728dfb261f","D06","MCDI","MCDI.AOS.groundwater.well.006","MCDI.W6.20190502.FIL","A00000042440","2019-05-02T15:39Z","2019-05-02T15:39Z","EcoCore_CSU","Cl",6.5615,"milligramsPerLiter",-0.1,,0,"formatChange","GOOD"
"afea3239-520d-45ee-b9e9-df2e55847136","D06","MCDI","MCDI.AOS.groundwater.well.006","MCDI.W6.20190502.FIL","A00000042440","2019-05-02T15:39Z","2019-05-02T15:39Z","EcoCore_CSU","DOC",1.1720,"milligramsPerLiter",-0.1,,0,"formatChange","GOOD"
"e09ce9ea-e787-4d88-8407-37246c2bfd4f","D06","MCDI","MCDI.AOS.groundwater.well.006","MCDI.W6.20190502.FIL","A00000042440","2019-05-02T15:39Z","2019-05-02T15:39Z","EcoCore_CSU","NO2 - N",-0.0044,"milligramsPerLiter",-0.1,,0,"formatChange","GOOD"
"e86a8da2-2346-47bb-bad0-cb72b4a8e6fe","D06","MCDI","MCDI.AOS.groundwater.well.006","MCDI.W6.20190502.RAW","A00000042439","2019-05-02T15:39Z","2019-05-02T15:39Z","EcoCore_CSU","TN",3.3080,"milligramsPerLiter",-0.1,,0,"formatChange","GOOD"
"6493bf3e-7bb8-4e9d-bcc2-26a8896d2ae6","D06","MCDI","MCDI.AOS.groundwater.well.006","MCDI.W6.20190502.RAW","A00000042439","2019-05-02T15:39Z","2019-05-02T15:39Z","EcoCore_CSU","TSS",26.0000,"milligramsPerLiter",-0.1,,0,"formatChange","GOOD"
"0caefa6f-fdba-4c1b-a875-06975cf17fb9","D06","MCDI","MCDI.AOS.groundwater.well.006","MCDI.W6.20190502.FIL","A00000042440","2019-05-02T15:39Z","2019-05-02T15:39Z","EcoCore_CSU","Na",9.1390,"milligramsPerLiter",-0.1,,0,"formatChange","GOOD"
"b99abc0f-69b6-42e5-bd86-6388cec45363","D06","MCDI","MCDI.AOS.groundwater.well.006","MCDI.W6.20190502.PCN","A00000042441","2019-05-02T15:39Z","2019-05-02T15:39Z","EcoCore_CSU","TPC",0.5850,"milligram",-0.1,,0,"formatChange","GOOD"
"76a92ba2-d52c-4802-b7c1-eed68a3b5412","D06","MCDI","MCDI.AOS.groundwater.well.006","MCDI.W6.20190502.FIL","A00000042440","2019-05-02T15:39Z","2019-05-02T15:39Z","EcoCore_CSU","Ca",61.4232,"milligramsPerLiter",-0.1,,0,"formatChange","GOOD"
"c0f6675e-4d9b-443e-ab33-7df5f03b2e8e","D06","MCDI","MCDI.AOS.groundwater.well.006","MCDI.W6.20190502.FIL","A00000042440","2019-05-02T15:39Z","2019-05-02T15:39Z","EcoCore_CSU","Br",0.0050,"milligramsPerLiter",-0.1,,0,"formatChange","GOOD"
"4705b4aa-6f5c-4c3e-9eac-0086de3c6e26","D06","MCDI","MCDI.AOS.groundwater.well.006","MCDI.W6.20190502.RAW","A00000042439","2019-05-02T15:39Z","2019-05-02T15:39Z","EcoCore_CSU","TSS - Dry Mass",1300.0000,"microgram",-0.1,,0,"formatChange","GOOD"
"679459a2-ea48-45e6-9d3d-8cf4e4a7e19d","D06","MCDI","MCDI.AOS.groundwater.well.006","MCDI.W6.20190502.RAW","A00000042439","2019-05-02T15:39Z","2019-05-02T15:39Z","EcoCore_CSU","TP",0.0679,"milligramsPerLiter",-0.1,,0,"formatChange","GOOD"
"f8870e5c-bf39-492f-b336-3eea2a48086d","D06","MCDI","MCDI.AOS.groundwater.well.006","MCDI.W6.20190502.RAW","A00000042439","2019-05-02T15:39Z","2019-05-02T15:39Z","EcoCore_CSU","ANC",4.6900,"milliequivalentsPerLiter",-0.1,,0,"formatChange","GOOD"
"d73224dd-0a9c-4f47-a1ea-bf8db8ca7fb3","D06","MCDI","MCDI.AOS.groundwater.well.006","MCDI.W6.20190502.RAW","A00000042439","2019-05-02T15:39Z","2019-05-02T15:39Z","EcoCore_CSU","pH",7.4100,"pH",-0.1,,0,"formatChange","GOOD"
"17ff0371-1ff8-4fdf-a08b-82cbc3600172","D06","MCDI","MCDI.AOS.groundwater.well.006","MCDI.W6.20190502.PCN","A00000042441","2019-05-02T15:39Z","2019-05-02T15:39Z","EcoCore_CSU","TPN",0.1575,"milligram",-0.1,,0,"formatChange","GOOD"
"cfd7933d-c0e1-4db2-9e38-7e79bac67b9e","D06","MCDI","MCDI.AOS.groundwater.well.006","MCDI.W6.20190502.RAW","A00000042439","2019-05-02T15:39Z","2019-05-02T15:39Z","EcoCore_CSU","conductivity",494.2800,"microsiemensPerCentimeter",-0.1,,0,"formatChange","GOOD"
"e95b7f65-c52f-47bb-898a-ddaac6b93e93","D06","MCDI","MCDI.AOS.groundwater.well.006","MCDI.W6.20190502.FIL","A00000042440","2019-05-02T15:39Z","2019-05-02T15:39Z","EcoCore_CSU","DIC",78.4600,"milligramsPerLiter",-0.1,,0,"formatChange","GOOD"
"0712ddaf-1427-42d4-bd4b-3e573103d577","D06","MCDI","MCDI.AOS.groundwater.well.006","MCDI.W6.20190502.FIL","A00000042440","2019-05-02T15:39Z","2019-05-02T15:39Z","EcoCore_CSU","Si",7.4063,"milligramsPerLiter",-0.1,,0,"formatChange","GOOD"
"cc6e3366-66f5-4ad9-93cc-022d3334d60c","D06","MCDI","MCDI.AOS.groundwater.well.006","MCDI.W6.20190502.FIL","A00000042440","2019-05-02T15:39Z","2019-05-02T15:39Z","EcoCore_CSU","Ortho - P",0.0390,"milligramsPerLiter",-0.1,,0,"formatChange","GOOD"
"206397a9-c7d5-45c0-8c92-eb4fed5e8a79","D06","MCDI","MCDI.AOS.groundwater.well.006","MCDI.W6.20190502.FIL","A00000042440","2019-05-02T15:39Z","2019-05-02T15:39Z","EcoCore_CSU","F",1.1765,"milligramsPerLiter",-0.1,,0,"formatChange","GOOD"
"cb24ce89-377d-46cf-bfa7-9171880f12f3","D06","MCDI","MCDI.AOS.groundwater.well.006","MCDI.W6.20190502.FIL","A00000042440","2019-05-02T15:39Z","2019-05-02T15:39Z","EcoCore_CSU","TDS",346.6800,"milligramsPerLiter",-0.1,,0,"formatChange","GOOD"
"5e63aaf3-29ba-40f1-b3a4-6e72039fc90b","D06","MCDI","MCDI.AOS.groundwater.well.006","MCDI.W6.20190502.FIL","A00000042440","2019-05-02T15:39Z","2019-05-02T15:39Z","EcoCore_CSU","Fe",0.0005,"milligramsPerLiter",-0.1,,0,"formatChange","GOOD"
"3a56f83f-7d9d-48f0-a7f8-2295f28a9bcc","D06","MCDI","MCDI.AOS.groundwater.well.006","MCDI.W6.20190502.FIL","A00000042440","2019-05-02T15:39Z","2019-05-02T15:39Z","EcoCore_CSU","CO3",0.0050,"milligramsPerLiter",-0.1,,0,"formatChange","GOOD"
"b0514435-057e-4158-91c9-caee4c50ea6c","D06","MCDI","MCDI.AOS.groundwater.well.006","MCDI.W6.20190502.FIL","A00000042440","2019-05-02T15:39Z","2019-05-02T15:39Z","EcoCore_CSU","UV Absorbance (280 nm)",0.0126,,-0.1,,0,"formatChange","GOOD"
"92bf8f66-63ee-44f7-8599-c6103b8f9003","D06","MCDI","MCDI.AOS.groundwater.well.006","MCDI.W6.20190502.FIL","A00000042440","2019-05-02T15:39Z","2019-05-02T15:39Z","EcoCore_CSU","HCO3",245.1400,"milligramsPerLiter",-0.1,,0,"formatChange","GOOD"
"99e55b96-dfe1-4e05-86b7-a763b8fe6fc3","D06","MCDI","MCDI.AOS.groundwater.well.006","MCDI.W6.20190502.FIL","A00000042440","2019-05-02T15:39Z","2019-05-02T15:39Z","EcoCore_CSU","TDN",3.1840,"milligramsPerLiter",-0.1,,0,"formatChange","GOOD"
"9fff7ea6-85ba-46be-b0a4-ace284ce54ae","D06","MCDI","MCDI.AOS.groundwater.well.006","MCDI.W6.20190502.FIL","A00000042440","2019-05-02T15:39Z","2019-05-02T15:39Z","EcoCore_CSU","UV Absorbance (250 nm)",0.0192,,-0.1,,0,"formatChange","GOOD"
"a6b5e7e0-9f36-4f8b-8818-d9d53723f780","D06","MCDI","MCDI.AOS.groundwater.well.006","MCDI.W6.20190502.FIL","A00000042440","2019-05-02T15:39Z","2019-05-02T15:39Z","EcoCore_CSU","Mn",0.0005,"milligramsPerLiter",-0.1,,0,"formatChange","GOOD"
"4778d535-482d-4718-a550-a26a019bfd09","D06","MCDI","MCDI.AOS.groundwater.well.006","MCDI.W6.20190502.FIL","A00000042440","2019-05-02T15:39Z","2019-05-02T15:39Z","EcoCore_CSU","K",1.2820,"milligramsPerLiter",-0.1,,0,"formatChange","GOOD"
"182b5fc9-c70b-4c0b-9802-6cc4064e63fc","D06","MCDI","MCDI.AOS.groundwater.well.006","MCDI.W6.20190502.FIL","A00000042440","2019-05-02T15:39Z","2019-05-02T15:39Z","EcoCore_CSU","SO4",33.3900,"milligramsPerLiter",-0.1,,0,"formatChange","GOOD"
"370adf4a-35ff-4326-8293-3d4694e01226","D06","MCDI","MCDI.AOS.groundwater.well.006","MCDI.W6.20190502.RAW","A00000042439","2019-05-02T15:39Z","2019-05-02T15:39Z","EcoCore_CSU","TOC",1.2850,"milligramsPerLiter",-0.1,,0,"formatChange","GOOD"
"ab07996a-38fa-47d1-9fd0-99cd104b31a1","D06","MCDI","MCDI.AOS.groundwater.well.006","MCDI.W6.20190502.FIL","A00000042440","2019-05-02T15:39Z","2019-05-02T15:39Z","EcoCore_CSU","NH4 - N",0.0202,"milligramsPerLiter",-0.1,,0,"formatChange","GOOD"
"e49a991e-2c51-4ebc-9fae-74a53840ad1f","D06","MCDI","MCDI.AOS.groundwater.well.006","MCDI.W6.20190502.FIL","A00000042440","2019-05-02T15:39Z","2019-05-02T15:39Z","EcoCore_CSU","TDP",0.0321,"milligramsPerLiter",-0.1,,0,"formatChange","GOOD"
"3f50e242-c128-4aa3-a5ed-5be745c3e4e1","D06","MCDI","MCDI.AOS.groundwater.well.006","MCDI.W6.20190502.FIL","A00000042440","2019-05-02T15:39Z","2019-05-02T15:39Z","EcoCore_CSU","Mg",17.3900,"milligramsPerLiter",-0.1,,0,"formatChange","GOOD"
"a4ed8d44-d800-4445-bf70-ddfaaab869e6","D06","MCDI","MCDI.AOS.groundwater.well.005","MCDI.W5.20190502.FIL","A00000042443","2019-05-02T17:12Z","2019-05-02T17:12Z","EcoCore_CSU","TDS",351.1300,"milligramsPerLiter",-0.1,,0,"formatChange","GOOD"
"4d732a58-948d-42aa-a4df-88d64b331f86","D06","MCDI","MCDI.AOS.groundwater.well.005","MCDI.W5.20190502.FIL","A00000042443","2019-05-02T17:12Z","2019-05-02T17:12Z","EcoCore_CSU","UV Absorbance (280 nm)",0.0139,,-0.1,,0,"formatChange","GOOD"
"081230eb-0073-4f15-b55b-3f055feb5246","D06","MCDI","MCDI.AOS.groundwater.well.005","MCDI.W5.20190502.RAW","A00000042448","2019-05-02T17:12Z","2019-05-02T17:12Z","EcoCore_CSU","TSS",88.0000,"milligramsPerLiter",-0.1,,0,"formatChange","GOOD"
"5bcc9a56-1ca8-432a-b0e8-6fa9b8aeab4d","D06","MCDI","MCDI.AOS.groundwater.well.005","MCDI.W5.20190502.FIL","A00000042443","2019-05-02T17:12Z","2019-05-02T17:12Z","EcoCore_CSU","Mg",15.9900,"milligramsPerLiter",-0.1,,0,"formatChange","GOOD"
"517cbab6-a509-489b-a4aa-ff4edc741c45","D06","MCDI","MCDI.AOS.groundwater.well.005","MCDI.W5.20190502.FIL","A00000042443","2019-05-02T17:12Z","2019-05-02T17:12Z","EcoCore_CSU","Br",0.0050,"milligramsPerLiter",-0.1,,0,"formatChange","GOOD"
"41ebfd8d-cc13-4b9d-a9c3-fdbfa455f278","D06","MCDI","MCDI.AOS.groundwater.well.005","MCDI.W5.20190502.FIL","A00000042443","2019-05-02T17:12Z","2019-05-02T17:12Z","EcoCore_CSU","DIC",63.8500,"milligramsPerLiter",-0.1,,0,"formatChange","GOOD"
"80bd1f6b-a517-445c-a0c1-f418b0b6cbdf","D06","MCDI","MCDI.AOS.groundwater.well.005","MCDI.W5.20190502.FIL","A00000042443","2019-05-02T17:12Z","2019-05-02T17:12Z","EcoCore_CSU","F",1.0044,"milligramsPerLiter",-0.1,,0,"formatChange","GOOD"
"aa2aa560-fdfc-43d6-a7d3-b91284b5fecb","D06","MCDI","MCDI.AOS.groundwater.well.005","MCDI.W5.20190502.RAW","A00000042448","2019-05-02T17:12Z","2019-05-02T17:12Z","EcoCore_CSU","TOC",1.4960,"milligramsPerLiter",-0.1,,0,"formatChange","GOOD"
"086f1c06-5557-42b0-a2c6-da61d4173c9b","D06","MCDI","MCDI.AOS.groundwater.well.005","MCDI.W5.20190502.FIL","A00000042443","2019-05-02T17:12Z","2019-05-02T17:12Z","EcoCore_CSU","Ca",64.9232,"milligramsPerLiter",-0.1,,0,"formatChange","GOOD"
"7076be2b-a51b-436d-9671-48712283ea0b","D06","MCDI","MCDI.AOS.groundwater.well.005","MCDI.W5.20190502.FIL","A00000042443","2019-05-02T17:12Z","2019-05-02T17:12Z","EcoCore_CSU","NH4 - N",0.0183,"milligramsPerLiter",-0.1,,0,"formatChange","GOOD"
"6a574bec-f5f3-4841-8a34-797b36a65347","D06","MCDI","MCDI.AOS.groundwater.well.005","MCDI.W5.20190502.FIL","A00000042443","2019-05-02T17:12Z","2019-05-02T17:12Z","EcoCore_CSU","DOC",1.2850,"milligramsPerLiter",-0.1,,0,"formatChange","GOOD"
"3da9521b-119a-4c44-9972-a3d715267525","D06","MCDI","MCDI.AOS.groundwater.well.005","MCDI.W5.20190502.FIL","A00000042443","2019-05-02T17:12Z","2019-05-02T17:12Z","EcoCore_CSU","HCO3",265.4700,"milligramsPerLiter",-0.1,,0,"formatChange","GOOD"
"7f61abf3-a246-44ba-9dcc-4746b6c3a618","D06","MCDI","MCDI.AOS.groundwater.well.005","MCDI.W5.20190502.FIL","A00000042443","2019-05-02T17:12Z","2019-05-02T17:12Z","EcoCore_CSU","NO2 - N",-0.1273,"milligramsPerLiter",-0.1,,0,"formatChange","GOOD"
"d79df5ca-74ba-4088-9bd1-03dff94ca649","D06","MCDI","MCDI.AOS.groundwater.well.005","MCDI.W5.20190502.FIL","A00000042443","2019-05-02T17:12Z","2019-05-02T17:12Z","EcoCore_CSU","Cl",4.5055,"milligramsPerLiter",-0.1,,0,"formatChange","GOOD"
"1abbd467-dd53-48c9-9c0a-e20f345e0a9d","D06","MCDI","MCDI.AOS.groundwater.well.005","MCDI.W5.20190502.FIL","A00000042443","2019-05-02T17:12Z","2019-05-02T17:12Z","EcoCore_CSU","CO3",0.0050,"milligramsPerLiter",-0.1,,0,"formatChange","GOOD"
"adad66d9-b103-45b9-9a11-e47e22bc2189","D06","MCDI","MCDI.AOS.groundwater.well.005","MCDI.W5.20190502.RAW","A00000042448","2019-05-02T17:12Z","2019-05-02T17:12Z","EcoCore_CSU","TP",0.1836,"milligramsPerLiter",-0.1,,0,"formatChange","GOOD"
"61ab46d9-168f-4684-a66d-47dca1c55cb9","D06","MCDI","MCDI.AOS.groundwater.well.005","MCDI.W5.20190502.FIL","A00000042443","2019-05-02T17:12Z","2019-05-02T17:12Z","EcoCore_CSU","Mn",0.0005,"milligramsPerLiter",-0.1,,0,"formatChange","GOOD"
"7eb73b6b-8f0b-4c48-92c1-b42c12b18359","D06","MCDI","MCDI.AOS.groundwater.well.005","MCDI.W5.20190502.FIL","A00000042443","2019-05-02T17:12Z","2019-05-02T17:12Z","EcoCore_CSU","Si",6.9257,"milligramsPerLiter",-0.1,,0,"formatChange","GOOD"
"b064013a-b32c-4ff0-8097-0400e0a2611f","D06","MCDI","MCDI.AOS.groundwater.well.005","MCDI.W5.20190502.FIL","A00000042443","2019-05-02T17:12Z","2019-05-02T17:12Z","EcoCore_CSU","UV Absorbance (250 nm)",0.0190,,-0.1,,0,"formatChange","GOOD"
"a60e2b41-6488-41ec-9e93-212846ba16ed","D06","MCDI","MCDI.AOS.groundwater.well.005","MCDI.W5.20190502.RAW","A00000042448","2019-05-02T17:12Z","2019-05-02T17:12Z","EcoCore_CSU","conductivity",501.4100,"microsiemensPerCentimeter",-0.1,,0,"formatChange","GOOD"
"f3bba3b1-c127-4db3-98b4-05e6c5de427b","D06","MCDI","MCDI.AOS.groundwater.well.005","MCDI.W5.20190502.PCN","A00000042442","2019-05-02T17:12Z","2019-05-02T17:12Z","EcoCore_CSU","TPC",0.5519,"milligram",-0.1,,0,"formatChange","GOOD"
"6890e4b5-eaa1-4863-8a05-8a3ac321c300","D06","MCDI","MCDI.AOS.groundwater.well.005","MCDI.W5.20190502.FIL","A00000042443","2019-05-02T17:12Z","2019-05-02T17:12Z","EcoCore_CSU","NO3+NO2 - N",0.6261,"milligramsPerLiter",-0.1,,0,"formatChange","GOOD"
"1e6aad7e-f795-45e0-b993-ff244e504469","D06","MCDI","MCDI.AOS.groundwater.well.005","MCDI.W5.20190502.PCN","A00000042442","2019-05-02T17:12Z","2019-05-02T17:12Z","EcoCore_CSU","TPN",0.0847,"milligram",-0.1,,0,"formatChange","GOOD"
"120ebbc6-a266-44ba-b1c0-6f035cd0ae16","D06","MCDI","MCDI.AOS.groundwater.well.005","MCDI.W5.20190502.FIL","A00000042443","2019-05-02T17:12Z","2019-05-02T17:12Z","EcoCore_CSU","TDP",0.0425,"milligramsPerLiter",-0.1,,0,"formatChange","GOOD"
"f393d738-8b2d-4807-a298-8981d37f2cc3","D06","MCDI","MCDI.AOS.groundwater.well.005","MCDI.W5.20190502.FIL","A00000042443","2019-05-02T17:12Z","2019-05-02T17:12Z","EcoCore_CSU","Ortho - P",0.0410,"milligramsPerLiter",-0.1,,0,"formatChange","GOOD"
"c4d7f98c-9f89-4e04-a25f-202ade21266b","D06","MCDI","MCDI.AOS.groundwater.well.005","MCDI.W5.20190502.RAW","A00000042448","2019-05-02T17:12Z","2019-05-02T17:12Z","EcoCore_CSU","TSS - Dry Mass",4400.0000,"microgram",-0.1,,0,"formatChange","GOOD"
"a8d8037c-a092-4a20-a55c-da655409b068","D06","MCDI","MCDI.AOS.groundwater.well.005","MCDI.W5.20190502.FIL","A00000042443","2019-05-02T17:12Z","2019-05-02T17:12Z","EcoCore_CSU","K",1.3920,"milligramsPerLiter",-0.1,,0,"formatChange","GOOD"
"c2ab04bc-0819-40dd-8169-cb038e888db5","D06","MCDI","MCDI.AOS.groundwater.well.005","MCDI.W5.20190502.RAW","A00000042448","2019-05-02T17:12Z","2019-05-02T17:12Z","EcoCore_CSU","TN",0.6281,"milligramsPerLiter",-0.1,,0,"formatChange","GOOD"
"1779f7e5-afaf-4224-bd80-8b7a5a8ef0a3","D06","MCDI","MCDI.AOS.groundwater.well.005","MCDI.W5.20190502.FIL","A00000042443","2019-05-02T17:12Z","2019-05-02T17:12Z","EcoCore_CSU","Fe",0.0005,"milligramsPerLiter",-0.1,,0,"formatChange","GOOD"
"b924133d-36c0-446a-90c4-d095055ca580","D06","MCDI","MCDI.AOS.groundwater.well.005","MCDI.W5.20190502.FIL","A00000042443","2019-05-02T17:12Z","2019-05-02T17:12Z","EcoCore_CSU","Na",9.5490,"milligramsPerLiter",-0.1,,0,"formatChange","GOOD"
"92c538b3-1216-463f-b2b6-1db065b87302","D06","MCDI","MCDI.AOS.groundwater.well.005","MCDI.W5.20190502.RAW","A00000042448","2019-05-02T17:12Z","2019-05-02T17:12Z","EcoCore_CSU","pH",7.6000,"pH",-0.1,,0,"formatChange","GOOD"
"12e5896d-08d8-425d-bfb0-f19c90a7ed33","D06","MCDI","MCDI.AOS.groundwater.well.005","MCDI.W5.20190502.FIL","A00000042443","2019-05-02T17:12Z","2019-05-02T17:12Z","EcoCore_CSU","TDN",0.6344,"milligramsPerLiter",-0.1,,0,"formatChange","GOOD"
"a35cc35d-a050-4193-9a1a-0226de919542","D06","MCDI","MCDI.AOS.groundwater.well.005","MCDI.W5.20190502.RAW","A00000042448","2019-05-02T17:12Z","2019-05-02T17:12Z","EcoCore_CSU","ANC",4.4800,"milliequivalentsPerLiter",-0.1,,0,"formatChange","GOOD"
"7f34b512-43f0-4fb1-a0c5-4fc2c12789f7","D06","MCDI","MCDI.AOS.groundwater.well.005","MCDI.W5.20190502.FIL","A00000042443","2019-05-02T17:12Z","2019-05-02T17:12Z","EcoCore_CSU","SO4",25.0620,"milligramsPerLiter",-0.1,,0,"formatChange","GOOD"
"dd267e29-11b9-40bb-81a7-1cece10e5e9a","D06","MCDI","MCDI.AOS.groundwater.well.004","MCDI.W4.20190502.FIL","A00000042451","2019-05-02T18:35Z","2019-05-02T18:35Z","EcoCore_CSU","Fe",0.0005,"milligramsPerLiter",-0.1,,0,"formatChange","GOOD"
"9e46b305-3ece-46f7-b8d4-7e6f3050b435","D06","MCDI","MCDI.AOS.groundwater.well.004","MCDI.W4.20190502.RAW","A00000042450","2019-05-02T18:35Z","2019-05-02T18:35Z","EcoCore_CSU","pH",7.5500,"pH",-0.1,,0,"formatChange","GOOD"
"0efad888-7695-4498-838f-3e89d378dfc3","D06","MCDI","MCDI.AOS.groundwater.well.004","MCDI.W4.20190502.RAW","A00000042450","2019-05-02T18:35Z","2019-05-02T18:35Z","EcoCore_CSU","TN",3.0890,"milligramsPerLiter",-0.1,,0,"formatChange","GOOD"
"89037ced-6991-4c39-85fb-e56c8552c4e1","D06","MCDI","MCDI.AOS.groundwater.well.004","MCDI.W4.20190502.FIL","A00000042451","2019-05-02T18:35Z","2019-05-02T18:35Z","EcoCore_CSU","NO2 - N",-0.1185,"milligramsPerLiter",-0.1,,0,"formatChange","GOOD"
"ced0fc8a-e2b6-4491-9e94-2718bb63c0f6","D06","MCDI","MCDI.AOS.groundwater.well.004","MCDI.W4.20190502.FIL","A00000042451","2019-05-02T18:35Z","2019-05-02T18:35Z","EcoCore_CSU","Cl",8.8792,"milligramsPerLiter",-0.1,,0,"formatChange","GOOD"
"32e63301-cd46-4f82-b668-4fb9313ac284","D06","MCDI","MCDI.AOS.groundwater.well.004","MCDI.W4.20190502.FIL","A00000042451","2019-05-02T18:35Z","2019-05-02T18:35Z","EcoCore_CSU","NO3+NO2 - N",4.2400,"milligramsPerLiter",-0.1,,0,"formatChange","GOOD"
"666a94ed-653b-4147-81a1-fabcf69d935a","D06","MCDI","MCDI.AOS.groundwater.well.004","MCDI.W4.20190502.FIL","A00000042451","2019-05-02T18:35Z","2019-05-02T18:35Z","EcoCore_CSU","SO4",55.3200,"milligramsPerLiter",-0.1,,0,"formatChange","GOOD"
"66ad7999-0da1-40a5-8b7c-3294a94e321c","D06","MCDI","MCDI.AOS.groundwater.well.004","MCDI.W4.20190502.FIL","A00000042451","2019-05-02T18:35Z","2019-05-02T18:35Z","EcoCore_CSU","Br",0.0050,"milligramsPerLiter",-0.1,,0,"formatChange","GOOD"
"87684d85-36a3-4277-bfcb-134a1d42535b","D06","MCDI","MCDI.AOS.groundwater.well.004","MCDI.W4.20190502.FIL","A00000042451","2019-05-02T18:35Z","2019-05-02T18:35Z","EcoCore_CSU","Ca",70.8038,"milligramsPerLiter",-0.1,,0,"formatChange","GOOD"
"f9e8c4ad-217c-43ee-958e-a59777efdaca","D06","MCDI","MCDI.AOS.groundwater.well.004","MCDI.W4.20190502.FIL","A00000042451","2019-05-02T18:35Z","2019-05-02T18:35Z","EcoCore_CSU","TDP",0.0231,"milligramsPerLiter",-0.1,,0,"formatChange","GOOD"
"22930c6d-106b-4fa9-b06e-50209f37c371","D06","MCDI","MCDI.AOS.groundwater.well.004","MCDI.W4.20190502.FIL","A00000042451","2019-05-02T18:35Z","2019-05-02T18:35Z","EcoCore_CSU","UV Absorbance (250 nm)",0.0150,,-0.1,,0,"formatChange","GOOD"
"05bf535c-e247-49ff-99fb-689090632960","D06","MCDI","MCDI.AOS.groundwater.well.004","MCDI.W4.20190502.RAW","A00000042450","2019-05-02T18:35Z","2019-05-02T18:35Z","EcoCore_CSU","ANC",5.2700,"milliequivalentsPerLiter",-0.1,,0,"formatChange","GOOD"
"6b02c6c3-eeec-42b9-8a5e-2b5c6e807cd2","D06","MCDI","MCDI.AOS.groundwater.well.004","MCDI.W4.20190502.FIL","A00000042451","2019-05-02T18:35Z","2019-05-02T18:35Z","EcoCore_CSU","K",2.8510,"milligramsPerLiter",-0.1,,0,"formatChange","GOOD"
"390393cc-f82b-474b-8364-3591f9c76538","D06","MCDI","MCDI.AOS.groundwater.well.004","MCDI.W4.20190502.FIL","A00000042451","2019-05-02T18:35Z","2019-05-02T18:35Z","EcoCore_CSU","TDN",3.9700,"milligramsPerLiter",-0.1,,0,"formatChange","GOOD"
"f8243cb6-aed6-461e-8cf2-1fcbe9e4b2d2","D06","MCDI","MCDI.AOS.groundwater.well.004","MCDI.W4.20190502.FIL","A00000042451","2019-05-02T18:35Z","2019-05-02T18:35Z","EcoCore_CSU","Ortho - P",0.0370,"milligramsPerLiter",-0.1,,0,"formatChange","GOOD"
"ece02160-5bd3-4ebc-a62c-3c6c378c91d4","D06","MCDI","MCDI.AOS.groundwater.well.004","MCDI.W4.20190502.FIL","A00000042451","2019-05-02T18:35Z","2019-05-02T18:35Z","EcoCore_CSU","CO3",0.0050,"milligramsPerLiter",-0.1,,0,"formatChange","GOOD"
"7746539f-f2f3-456e-a8e6-b546504e914e","D06","MCDI","MCDI.AOS.groundwater.well.004","MCDI.W4.20190502.PCN","A00000042449","2019-05-02T18:35Z","2019-05-02T18:35Z","EcoCore_CSU","TPC",0.4775,"milligram",-0.1,,0,"formatChange","GOOD"
"d7fc59b0-fd96-47af-a948-33b0787f307b","D06","MCDI","MCDI.AOS.groundwater.well.004","MCDI.W4.20190502.FIL","A00000042451","2019-05-02T18:35Z","2019-05-02T18:35Z","EcoCore_CSU","Mn",0.0030,"milligramsPerLiter",-0.1,,0,"formatChange","GOOD"
"5b6923b7-6fcd-442d-a125-0075a6ae08ab","D06","MCDI","MCDI.AOS.groundwater.well.004","MCDI.W4.20190502.FIL","A00000042451","2019-05-02T18:35Z","2019-05-02T18:35Z","EcoCore_CSU","DOC",1.2240,"milligramsPerLiter",-0.1,,0,"formatChange","GOOD"
"64b42c93-b688-4c16-81ad-0d0d6fc0cb93","D06","MCDI","MCDI.AOS.groundwater.well.004","MCDI.W4.20190502.FIL","A00000042451","2019-05-02T18:35Z","2019-05-02T18:35Z","EcoCore_CSU","UV Absorbance (280 nm)",0.0090,,-0.1,,0,"formatChange","GOOD"
"da5a7bbc-772d-4096-854f-8a2ba64147ad","D06","MCDI","MCDI.AOS.groundwater.well.004","MCDI.W4.20190502.RAW","A00000042450","2019-05-02T18:35Z","2019-05-02T18:35Z","EcoCore_CSU","TSS",12.0000,"milligramsPerLiter",-0.1,,0,"formatChange","GOOD"
"261cc860-ea1d-4c7c-a414-21819d325902","D06","MCDI","MCDI.AOS.groundwater.well.004","MCDI.W4.20190502.FIL","A00000042451","2019-05-02T18:35Z","2019-05-02T18:35Z","EcoCore_CSU","TDS",431.0300,"milligramsPerLiter",-0.1,,0,"formatChange","GOOD"
"5acbff73-f1da-48b1-bb98-d3a4e432f7bb","D06","MCDI","MCDI.AOS.groundwater.well.004","MCDI.W4.20190502.FIL","A00000042451","2019-05-02T18:35Z","2019-05-02T18:35Z","EcoCore_CSU","Mg",22.6800,"milligramsPerLiter",-0.1,,0,"formatChange","GOOD"
"7dcdd77c-55d5-4372-bb7a-c8ff9bee63b8","D06","MCDI","MCDI.AOS.groundwater.well.004","MCDI.W4.20190502.FIL","A00000042451","2019-05-02T18:35Z","2019-05-02T18:35Z","EcoCore_CSU","NH4 - N",0.0223,"milligramsPerLiter",-0.1,,0,"formatChange","GOOD"
"0eb8713e-f7a4-4290-8298-39832447938f","D06","MCDI","MCDI.AOS.groundwater.well.004","MCDI.W4.20190502.FIL","A00000042451","2019-05-02T18:35Z","2019-05-02T18:35Z","EcoCore_CSU","Si",7.3685,"milligramsPerLiter",-0.1,,0,"formatChange","GOOD"
"0b22a563-9bf8-4b6c-84cb-08c1db0d8d74","D06","MCDI","MCDI.AOS.groundwater.well.004","MCDI.W4.20190502.RAW","A00000042450","2019-05-02T18:35Z","2019-05-02T18:35Z","EcoCore_CSU","TOC",1.3980,"milligramsPerLiter",-0.1,,0,"formatChange","GOOD"
"461d4730-0d53-42a9-bf59-7cacf838cb24","D06","MCDI","MCDI.AOS.groundwater.well.004","MCDI.W4.20190502.RAW","A00000042450","2019-05-02T18:35Z","2019-05-02T18:35Z","EcoCore_CSU","TP",0.1857,"milligramsPerLiter",-0.1,,0,"formatChange","GOOD"
"4e9aaf13-3d24-4350-9643-7200baf4966e","D06","MCDI","MCDI.AOS.groundwater.well.004","MCDI.W4.20190502.FIL","A00000042451","2019-05-02T18:35Z","2019-05-02T18:35Z","EcoCore_CSU","HCO3",288.5700,"milligramsPerLiter",-0.1,,0,"formatChange","GOOD"
"ce5c43ae-9104-43f4-a1ab-6cb28877c18e","D06","MCDI","MCDI.AOS.groundwater.well.004","MCDI.W4.20190502.RAW","A00000042450","2019-05-02T18:35Z","2019-05-02T18:35Z","EcoCore_CSU","conductivity",617.7900,"microsiemensPerCentimeter",-0.1,,0,"formatChange","GOOD"
"ea98696a-a08d-4448-8386-5d2ad1f991b5","D06","MCDI","MCDI.AOS.groundwater.well.004","MCDI.W4.20190502.RAW","A00000042450","2019-05-02T18:35Z","2019-05-02T18:35Z","EcoCore_CSU","TSS - Dry Mass",600.0000,"microgram",-0.1,,0,"formatChange","GOOD"
"26bab03e-c990-41e4-b64e-e5f92d91a915","D06","MCDI","MCDI.AOS.groundwater.well.004","MCDI.W4.20190502.FIL","A00000042451","2019-05-02T18:35Z","2019-05-02T18:35Z","EcoCore_CSU","DIC",72.2200,"milligramsPerLiter",-0.1,,0,"formatChange","GOOD"
"51924ec6-85cf-465f-a00b-5e333b548475","D06","MCDI","MCDI.AOS.groundwater.well.004","MCDI.W4.20190502.FIL","A00000042451","2019-05-02T18:35Z","2019-05-02T18:35Z","EcoCore_CSU","Na",15.7100,"milligramsPerLiter",-0.1,,0,"formatChange","GOOD"
"fa6409bc-656f-40ec-b439-2604c28d00a0","D06","MCDI","MCDI.AOS.groundwater.well.004","MCDI.W4.20190502.FIL","A00000042451","2019-05-02T18:35Z","2019-05-02T18:35Z","EcoCore_CSU","F",1.2762,"milligramsPerLiter",-0.1,,0,"formatChange","GOOD"
"5873a6d9-ce37-480c-b090-95881631327b","D06","MCDI","MCDI.AOS.groundwater.well.004","MCDI.W4.20190502.PCN","A00000042449","2019-05-02T18:35Z","2019-05-02T18:35Z","EcoCore_CSU","TPN",0.0884,"milligram",-0.1,,0,"formatChange","GOOD"
