uid,domainID,siteID,namedLocation,collectDate,titrationDate,parentSampleID,domainSampleID,remarks,measuredBy,alkMeqPerL,alkMgPerL,ancMeqPerL,ancMgPerL
"1045fdd0-886d-486f-9cbb-3e38a499e2bf","D06","MCDI","MCDI.AOS.groundwater.well.002","2019-05-02T14:23Z","2019-05-02T22:15Z","MCDI.W2.20190502","MCDI.W2.20190502.ALK",,"egawanda",5.420,271.000,,
"5c69fb79-b491-4d6b-bc6b-90831655b2de","D06","MCDI","MCDI.AOS.groundwater.well.006","2019-05-02T15:39Z","2019-05-02T22:45Z","MCDI.W6.20190502","MCDI.W6.20190502.ALK",,"egawanda",5.020,251.000,,
"1f783d7a-80d5-4bfb-809b-390f46d1f231","D06","MCDI","MCDI.AOS.groundwater.well.005","2019-05-02T17:12Z","2019-05-02T23:05Z","MCDI.W5.20190502","MCDI.W5.20190502.ALK",,"egawanda",4.070,204.000,,
"5bc6c4d1-e57d-42d4-8083-5a69538b49a6","D06","MCDI","MCDI.AOS.groundwater.well.004","2019-05-02T18:35Z","2019-05-02T23:25Z","MCDI.W4.20190502","MCDI.W4.20190502.ALK",,"egawanda",4.430,222.000,,
