uid,domainID,siteID,namedLocation,collectDate,parentSampleID,sampleCondition,sampleID,replicateNumber,gwwDICBubbleFree,gwwFiltSampleHeadspace,gwwAlkSampleHeadspace,gwwAlkSampleBubbleFree,processedDate,processedDateFilters,sampleVolumeFiltered,shipmentTimeRange
"a8883874-a87f-4d32-9940-a0f898e41777","D09","PRLA","PRLA.AOS.groundwater.well.003","2018-10-17T13:52Z","PRLA.W3.20181017","Sample condition ok","PRLA.W3.20181017",,,,,,"2018-10-17T15:35Z","2018-10-17T16:11Z",600.0,
"4efb672b-a0b3-4e6c-9906-906a7e7c867f","D09","PRLA","PRLA.AOS.groundwater.well.001","2018-10-17T14:40Z","PRLA.W1.20181017","Sample condition ok","PRLA.W1.20181017",,,,,,"2018-10-17T16:23Z","2018-10-17T16:30Z",100.0,
"286dc149-eb68-4aed-bc08-a4ff4c5f96dc","D09","PRLA","PRLA.AOS.groundwater.well.008","2018-10-17T16:04Z","PRLA.W8.20181017","Sample condition ok","PRLA.W8.20181017",,,,,,"2018-10-17T16:50Z","2018-10-17T18:00Z",400.0,
"438b4750-40c6-44b8-9296-5c9c68365356","D09","PRLA","PRLA.AOS.groundwater.well.007","2018-10-17T17:17Z","PRLA.W7.20181017","Sample condition ok","PRLA.W7.20181017",,,,,,"2018-10-17T18:30Z","2018-10-17T18:26Z",400.0,
