uid,domainID,siteID,namedLocation,sampleID,sampleCode,startDate,collectDate,laboratoryName,analyte,analyteConcentration,analyteUnits,coolerTemp,remarks,shipmentWarmQF,externalLabDataQF,sampleCondition
"273735ce-a28f-4257-973b-8ccedf7196bd","D09","PRLA","PRLA.AOS.groundwater.well.003","PRLA.W3.20181017.FIL","A00000049873","2018-10-17T13:52Z","2018-10-17T13:52Z","EcoCore_CSU","F",0.0050,"milligramsPerLiter",3.2,,0,"formatChange","GOOD"
"66308771-8898-414b-8cc2-9fc01eb7e592","D09","PRLA","PRLA.AOS.groundwater.well.003","PRLA.W3.20181017.FIL","A00000049873","2018-10-17T13:52Z","2018-10-17T13:52Z","EcoCore_CSU","NO3+NO2 - N",0.0288,"milligramsPerLiter",3.2,,0,"formatChange","GOOD"
"ceef0688-e228-4fae-bec1-737d6d36b731","D09","PRLA","PRLA.AOS.groundwater.well.003","PRLA.W3.20181017.FIL","A00000049873","2018-10-17T13:52Z","2018-10-17T13:52Z","EcoCore_CSU","NH4 - N",0.1591,"milligramsPerLiter",3.2,,0,"formatChange","GOOD"
"73c33c79-e6cf-467b-8d41-9ae50580f578","D09","PRLA","PRLA.AOS.groundwater.well.003","PRLA.W3.20181017.FIL","A00000049873","2018-10-17T13:52Z","2018-10-17T13:52Z","EcoCore_CSU","Mg",64.7300,"milligramsPerLiter",3.2,,0,"formatChange","GOOD"
"ddba276d-8a96-42d8-9c3d-e6805da502fc","D09","PRLA","PRLA.AOS.groundwater.well.003","PRLA.W3.20181017.FIL","A00000049873","2018-10-17T13:52Z","2018-10-17T13:52Z","EcoCore_CSU","TDN",0.2399,"milligramsPerLiter",3.2,,0,"formatChange","GOOD"
"b838f12a-af9a-427f-9cd2-f765823a0367","D09","PRLA","PRLA.AOS.groundwater.well.003","PRLA.W3.20181017.FIL","A00000049873","2018-10-17T13:52Z","2018-10-17T13:52Z","EcoCore_CSU","K",8.9750,"milligramsPerLiter",3.2,,0,"formatChange","GOOD"
"d12739ce-7a67-405d-99ff-283ec6f31586","D09","PRLA","PRLA.AOS.groundwater.well.003","PRLA.W3.20181017.FIL","A00000049873","2018-10-17T13:52Z","2018-10-17T13:52Z","EcoCore_CSU","TDP",0.0312,"milligramsPerLiter",3.2,,0,"formatChange","GOOD"
"ce2a24ca-89c8-4b8d-af3f-e0afb5404941","D09","PRLA","PRLA.AOS.groundwater.well.003","PRLA.W3.20181017.FIL","A00000049873","2018-10-17T13:52Z","2018-10-17T13:52Z","EcoCore_CSU","Cl",9.7980,"milligramsPerLiter",3.2,,0,"formatChange","GOOD"
"a7ac0022-0013-4d45-896e-8a17fe586bfa","D09","PRLA","PRLA.AOS.groundwater.well.003","PRLA.W3.20181017.FIL","A00000049873","2018-10-17T13:52Z","2018-10-17T13:52Z","EcoCore_CSU","TDS",672.4500,"milligramsPerLiter",3.2,,0,"formatChange","GOOD"
"0bad139c-c36d-41b2-9353-90042159d6a8","D09","PRLA","PRLA.AOS.groundwater.well.003","PRLA.W3.20181017.FIL","A00000049873","2018-10-17T13:52Z","2018-10-17T13:52Z","EcoCore_CSU","NO2 - N",0.0226,"milligramsPerLiter",3.2,,0,"formatChange","GOOD"
"6fcb38c1-a731-4823-a5ef-5fab7c859ad7","D09","PRLA","PRLA.AOS.groundwater.well.003","PRLA.W3.20181017.FIL","A00000049873","2018-10-17T13:52Z","2018-10-17T13:52Z","EcoCore_CSU","DOC",6.3930,"milligramsPerLiter",3.2,,0,"formatChange","GOOD"
"6ef3aab2-d849-499d-8804-5cdc4a0fbf45","D09","PRLA","PRLA.AOS.groundwater.well.003","PRLA.W3.20181017.RAW","A00000049874","2018-10-17T13:52Z","2018-10-17T13:52Z","EcoCore_CSU","TOC",5.2460,"milligramsPerLiter",3.2,,0,"formatChange","GOOD"
"8c3dc4ad-8547-4fa4-a861-38521701c00a","D09","PRLA","PRLA.AOS.groundwater.well.003","PRLA.W3.20181017.RAW","A00000049874","2018-10-17T13:52Z","2018-10-17T13:52Z","EcoCore_CSU","conductivity",948.6300,"microsiemensPerCentimeter",3.2,,0,"formatChange","GOOD"
"bcb0dae4-8c41-407d-b753-8fe3eb3d32cf","D09","PRLA","PRLA.AOS.groundwater.well.003","PRLA.W3.20181017.FIL","A00000049873","2018-10-17T13:52Z","2018-10-17T13:52Z","EcoCore_CSU","SO4",314.1000,"milligramsPerLiter",3.2,,0,"formatChange","GOOD"
"c9205236-1ac2-45d7-b0c7-9034524093c1","D09","PRLA","PRLA.AOS.groundwater.well.003","PRLA.W3.20181017.FIL","A00000049873","2018-10-17T13:52Z","2018-10-17T13:52Z","EcoCore_CSU","HCO3",184.0404,"milligramsPerLiter",3.2,,0,"formatChange","GOOD"
"c959ebe7-55e6-4a6f-9ff9-644a7f8438f4","D09","PRLA","PRLA.AOS.groundwater.well.003","PRLA.W3.20181017.FIL","A00000049873","2018-10-17T13:52Z","2018-10-17T13:52Z","EcoCore_CSU","Si",11.7317,"milligramsPerLiter",3.2,,0,"formatChange","GOOD"
"51d35b7b-2c16-402f-82cd-c2fd2095286b","D09","PRLA","PRLA.AOS.groundwater.well.003","PRLA.W3.20181017.FIL","A00000049873","2018-10-17T13:52Z","2018-10-17T13:52Z","EcoCore_CSU","Na",22.7900,"milligramsPerLiter",3.2,,0,"formatChange","GOOD"
"94b73bf1-eb58-48d6-a679-886080f34305","D09","PRLA","PRLA.AOS.groundwater.well.003","PRLA.W3.20181017.RAW","A00000049874","2018-10-17T13:52Z","2018-10-17T13:52Z","EcoCore_CSU","TSS",2.0000,"milligramsPerLiter",3.2,,0,"formatChange","GOOD"
"4fe2d684-db05-481d-8798-e052313a95d2","D09","PRLA","PRLA.AOS.groundwater.well.003","PRLA.W3.20181017.FIL","A00000049873","2018-10-17T13:52Z","2018-10-17T13:52Z","EcoCore_CSU","UV Absorbance (280 nm)",0.0445,,3.2,,0,"formatChange","GOOD"
"0c877730-81e2-4643-adef-43767bbc1e50","D09","PRLA","PRLA.AOS.groundwater.well.003","PRLA.W3.20181017.FIL","A00000049873","2018-10-17T13:52Z","2018-10-17T13:52Z","EcoCore_CSU","Br",0.0050,"milligramsPerLiter",3.2,,0,"formatChange","GOOD"
"1b6e7d75-74dd-4b3b-a5e7-aa60a1fc844b","D09","PRLA","PRLA.AOS.groundwater.well.003","PRLA.W3.20181017.FIL","A00000049873","2018-10-17T13:52Z","2018-10-17T13:52Z","EcoCore_CSU","Fe",0.0005,"milligramsPerLiter",3.2,,0,"formatChange","GOOD"
"e0185ce0-8102-4379-8787-7fc38d010e6f","D09","PRLA","PRLA.AOS.groundwater.well.003","PRLA.W3.20181017.FIL","A00000049873","2018-10-17T13:52Z","2018-10-17T13:52Z","EcoCore_CSU","CO3",0.0050,"milligramsPerLiter",3.2,,0,"formatChange","GOOD"
"952e9972-2429-4276-ac14-ef857ba967d2","D09","PRLA","PRLA.AOS.groundwater.well.003","PRLA.W3.20181017.FIL","A00000049873","2018-10-17T13:52Z","2018-10-17T13:52Z","EcoCore_CSU","Mn",0.0005,"milligramsPerLiter",3.2,,0,"formatChange","GOOD"
"c9d124ad-e504-475c-8de5-6749156afb67","D09","PRLA","PRLA.AOS.groundwater.well.003","PRLA.W3.20181017.RAW","A00000049874","2018-10-17T13:52Z","2018-10-17T13:52Z","EcoCore_CSU","TSS - Dry Mass",100.0000,"microgram",3.2,,0,"formatChange","GOOD"
"318a5966-8b4a-4d80-9428-81f76508f3b5","D09","PRLA","PRLA.AOS.groundwater.well.003","PRLA.W3.20181017.RAW","A00000049874","2018-10-17T13:52Z","2018-10-17T13:52Z","EcoCore_CSU","ANC",3.1700,"milliequivalentsPerLiter",3.2,,0,"formatChange","GOOD"
"b180edb7-ccf8-4db4-a4c3-e8e3f56a069a","D09","PRLA","PRLA.AOS.groundwater.well.003","PRLA.W3.20181017.PCN","A00000049726","2018-10-17T13:52Z","2018-10-17T13:52Z","EcoCore_CSU","TPC",0.3213,"milligram",3.2,,0,"formatChange","GOOD"
"a9d53d34-58b7-43b0-a602-3aaef40b9e8c","D09","PRLA","PRLA.AOS.groundwater.well.003","PRLA.W3.20181017.FIL","A00000049873","2018-10-17T13:52Z","2018-10-17T13:52Z","EcoCore_CSU","UV Absorbance (250 nm)",0.0785,,3.2,,0,"formatChange","GOOD"
"96e0b50f-2964-4b2e-821f-17eee217b574","D09","PRLA","PRLA.AOS.groundwater.well.003","PRLA.W3.20181017.FIL","A00000049873","2018-10-17T13:52Z","2018-10-17T13:52Z","EcoCore_CSU","DIC",127.6000,"milligramsPerLiter",3.2,,0,"formatChange","GOOD"
"baf143bc-6580-4ef5-99b3-4a94294b88e0","D09","PRLA","PRLA.AOS.groundwater.well.003","PRLA.W3.20181017.FIL","A00000049873","2018-10-17T13:52Z","2018-10-17T13:52Z","EcoCore_CSU","Ortho - P",0.0700,"milligramsPerLiter",3.2,,0,"formatChange","GOOD"
"9a938b90-1963-4f33-ab7a-c3a7f875229e","D09","PRLA","PRLA.AOS.groundwater.well.003","PRLA.W3.20181017.RAW","A00000049874","2018-10-17T13:52Z","2018-10-17T13:52Z","EcoCore_CSU","TN",0.1910,"milligramsPerLiter",3.2,,0,"formatChange","GOOD"
"68dac1a6-7e45-47ed-895e-cda70894e9e7","D09","PRLA","PRLA.AOS.groundwater.well.003","PRLA.W3.20181017.PCN","A00000049726","2018-10-17T13:52Z","2018-10-17T13:52Z","EcoCore_CSU","TPN",0.0902,"milligram",3.2,,0,"formatChange","GOOD"
"af8bb7ba-ef1a-4fc0-abce-359bb6b97484","D09","PRLA","PRLA.AOS.groundwater.well.003","PRLA.W3.20181017.RAW","A00000049874","2018-10-17T13:52Z","2018-10-17T13:52Z","EcoCore_CSU","TP",0.1064,"milligramsPerLiter",3.2,,0,"formatChange","GOOD"
"8a9104c3-2d88-407d-a0aa-052731ca928a","D09","PRLA","PRLA.AOS.groundwater.well.003","PRLA.W3.20181017.RAW","A00000049874","2018-10-17T13:52Z","2018-10-17T13:52Z","EcoCore_CSU","pH",7.2100,"pH",3.2,,0,"formatChange","GOOD"
"e52a9ca0-7109-478d-a06e-4a50e1d337d5","D09","PRLA","PRLA.AOS.groundwater.well.003","PRLA.W3.20181017.FIL","A00000049873","2018-10-17T13:52Z","2018-10-17T13:52Z","EcoCore_CSU","Ca",58.9174,"milligramsPerLiter",3.2,,0,"formatChange","GOOD"
"4fe315ad-4da4-4b7d-9750-5c84e3a0d0a0","D09","PRLA","PRLA.AOS.groundwater.well.001","PRLA.W1.20181017.FIL","A00000049870","2018-10-17T14:40Z","2018-10-17T14:40Z","EcoCore_CSU","SO4",1120.6200,"milligramsPerLiter",3.2,,0,"formatChange","GOOD"
"6cf05f08-81fb-420f-bbde-beaaf9870f25","D09","PRLA","PRLA.AOS.groundwater.well.001","PRLA.W1.20181017.FIL","A00000049870","2018-10-17T14:40Z","2018-10-17T14:40Z","EcoCore_CSU","HCO3",283.5600,"milligramsPerLiter",3.2,,0,"formatChange","GOOD"
"09dea4ca-508e-4b8b-a445-c1fd98df1f40","D09","PRLA","PRLA.AOS.groundwater.well.001","PRLA.W1.20181017.FIL","A00000049870","2018-10-17T14:40Z","2018-10-17T14:40Z","EcoCore_CSU","Ortho - P",-0.0210,"milligramsPerLiter",3.2,,0,"formatChange","GOOD"
"2696a679-0a56-4d2c-8f64-cfdc0d0bda35","D09","PRLA","PRLA.AOS.groundwater.well.001","PRLA.W1.20181017.FIL","A00000049870","2018-10-17T14:40Z","2018-10-17T14:40Z","EcoCore_CSU","NO2 - N",0.0218,"milligramsPerLiter",3.2,,0,"formatChange","GOOD"
"5720a739-1556-43ba-8f5a-b3f6dbae331d","D09","PRLA","PRLA.AOS.groundwater.well.001","PRLA.W1.20181017.FIL","A00000049870","2018-10-17T14:40Z","2018-10-17T14:40Z","EcoCore_CSU","Ca",257.2850,"milligramsPerLiter",3.2,,0,"formatChange","GOOD"
"73ec9208-dbb1-48eb-bf12-23f1e8f1a4a1","D09","PRLA","PRLA.AOS.groundwater.well.001","PRLA.W1.20181017.FIL","A00000049870","2018-10-17T14:40Z","2018-10-17T14:40Z","EcoCore_CSU","DIC",94.7600,"milligramsPerLiter",3.2,,0,"formatChange","GOOD"
"8f4a645f-4aa4-4112-bece-3df064572d31","D09","PRLA","PRLA.AOS.groundwater.well.001","PRLA.W1.20181017.FIL","A00000049870","2018-10-17T14:40Z","2018-10-17T14:40Z","EcoCore_CSU","Fe",0.0005,"milligramsPerLiter",3.2,,0,"formatChange","GOOD"
"b9d73f3f-b45d-4853-80d7-08622cc36be1","D09","PRLA","PRLA.AOS.groundwater.well.001","PRLA.W1.20181017.FIL","A00000049870","2018-10-17T14:40Z","2018-10-17T14:40Z","EcoCore_CSU","Si",14.8074,"milligramsPerLiter",3.2,,0,"formatChange","GOOD"
"0d3637cf-9a44-449c-af1d-d1b7142a9371","D09","PRLA","PRLA.AOS.groundwater.well.001","PRLA.W1.20181017.FIL","A00000049870","2018-10-17T14:40Z","2018-10-17T14:40Z","EcoCore_CSU","F",0.0050,"milligramsPerLiter",3.2,,0,"formatChange","GOOD"
"921af34d-22c7-4819-987b-86ee454f2c6c","D09","PRLA","PRLA.AOS.groundwater.well.001","PRLA.W1.20181017.RAW","A00000049871","2018-10-17T14:40Z","2018-10-17T14:40Z","EcoCore_CSU","conductivity",2864.2800,"microsiemensPerCentimeter",3.2,,0,"formatChange","GOOD"
"53f37eb3-4c13-4341-ac92-baa52bdb0d22","D09","PRLA","PRLA.AOS.groundwater.well.001","PRLA.W1.20181017.FIL","A00000049870","2018-10-17T14:40Z","2018-10-17T14:40Z","EcoCore_CSU","NO3+NO2 - N",0.2132,"milligramsPerLiter",3.2,,0,"formatChange","GOOD"
"61cac15f-d3fc-45a8-b557-a1f4dcb50318","D09","PRLA","PRLA.AOS.groundwater.well.001","PRLA.W1.20181017.FIL","A00000049870","2018-10-17T14:40Z","2018-10-17T14:40Z","EcoCore_CSU","Cl",23.9100,"milligramsPerLiter",3.2,,0,"formatChange","GOOD"
"675dbf56-22a1-4b67-999f-f44136655ccd","D09","PRLA","PRLA.AOS.groundwater.well.001","PRLA.W1.20181017.FIL","A00000049870","2018-10-17T14:40Z","2018-10-17T14:40Z","EcoCore_CSU","Mg",132.2000,"milligramsPerLiter",3.2,,0,"formatChange","GOOD"
"1c061666-41c3-4a9f-bb4f-6cdfa1791a3a","D09","PRLA","PRLA.AOS.groundwater.well.001","PRLA.W1.20181017.RAW","A00000049871","2018-10-17T14:40Z","2018-10-17T14:40Z","EcoCore_CSU","ANC",4.7200,"milliequivalentsPerLiter",3.2,,0,"formatChange","GOOD"
"d6c2f5d0-28bc-493b-956f-da0f0c84bdda","D09","PRLA","PRLA.AOS.groundwater.well.001","PRLA.W1.20181017.FIL","A00000049870","2018-10-17T14:40Z","2018-10-17T14:40Z","EcoCore_CSU","Na",102.2000,"milligramsPerLiter",3.2,,0,"formatChange","GOOD"
"47b5a8cd-4b7d-40b5-9645-0bd98bea946d","D09","PRLA","PRLA.AOS.groundwater.well.001","PRLA.W1.20181017.PCN","A00000049710","2018-10-17T14:40Z","2018-10-17T14:40Z","EcoCore_CSU","TPC",0.4208,"milligram",3.2,,0,"formatChange","GOOD"
"9afc491f-8bfd-44a0-b0e7-7e0c70cadd3d","D09","PRLA","PRLA.AOS.groundwater.well.001","PRLA.W1.20181017.FIL","A00000049870","2018-10-17T14:40Z","2018-10-17T14:40Z","EcoCore_CSU","CO3",0.0050,"milligramsPerLiter",3.2,,0,"formatChange","GOOD"
"2426cddb-cc0f-4cbf-a33a-f007b8985558","D09","PRLA","PRLA.AOS.groundwater.well.001","PRLA.W1.20181017.FIL","A00000049870","2018-10-17T14:40Z","2018-10-17T14:40Z","EcoCore_CSU","UV Absorbance (280 nm)",0.0456,,3.2,,0,"formatChange","GOOD"
"1e31059e-c403-4b2b-959c-f7af13d63ddd","D09","PRLA","PRLA.AOS.groundwater.well.001","PRLA.W1.20181017.FIL","A00000049870","2018-10-17T14:40Z","2018-10-17T14:40Z","EcoCore_CSU","DOC",7.0530,"milligramsPerLiter",3.2,,0,"formatChange","GOOD"
"5c36e90e-aaea-43ca-b511-c0e4642560ee","D09","PRLA","PRLA.AOS.groundwater.well.001","PRLA.W1.20181017.RAW","A00000049871","2018-10-17T14:40Z","2018-10-17T14:40Z","EcoCore_CSU","TOC",7.4480,"milligramsPerLiter",3.2,,0,"formatChange","GOOD"
"b7a58b50-e9fe-4672-af57-9a0e5759f2d5","D09","PRLA","PRLA.AOS.groundwater.well.001","PRLA.W1.20181017.FIL","A00000049870","2018-10-17T14:40Z","2018-10-17T14:40Z","EcoCore_CSU","UV Absorbance (250 nm)",0.0884,,3.2,,0,"formatChange","GOOD"
"4ff29143-94d6-4099-ac59-ca4bfe918055","D09","PRLA","PRLA.AOS.groundwater.well.001","PRLA.W1.20181017.RAW","A00000049871","2018-10-17T14:40Z","2018-10-17T14:40Z","EcoCore_CSU","pH",7.3600,"pH",3.2,,0,"formatChange","GOOD"
"d6bb7b03-1073-417c-bf31-b85c97f2bbea","D09","PRLA","PRLA.AOS.groundwater.well.001","PRLA.W1.20181017.FIL","A00000049870","2018-10-17T14:40Z","2018-10-17T14:40Z","EcoCore_CSU","NH4 - N",0.0185,"milligramsPerLiter",3.2,,0,"formatChange","GOOD"
"9f186287-6e18-472f-a675-9f4c19fe65d8","D09","PRLA","PRLA.AOS.groundwater.well.001","PRLA.W1.20181017.RAW","A00000049871","2018-10-17T14:40Z","2018-10-17T14:40Z","EcoCore_CSU","TSS - Dry Mass",4000.0000,"microgram",3.2,,0,"formatChange","GOOD"
"13d9956b-3a3b-4bd1-9b87-c3a07de394eb","D09","PRLA","PRLA.AOS.groundwater.well.001","PRLA.W1.20181017.FIL","A00000049870","2018-10-17T14:40Z","2018-10-17T14:40Z","EcoCore_CSU","TDS",2010.0000,"milligramsPerLiter",3.2,,0,"formatChange","GOOD"
"6c4808ce-dadb-4162-b1eb-eb84a840623f","D09","PRLA","PRLA.AOS.groundwater.well.001","PRLA.W1.20181017.PCN","A00000049710","2018-10-17T14:40Z","2018-10-17T14:40Z","EcoCore_CSU","TPN",0.1025,"milligram",3.2,,0,"formatChange","GOOD"
"8cd181b7-de73-4e26-a9fb-a73085b87978","D09","PRLA","PRLA.AOS.groundwater.well.001","PRLA.W1.20181017.RAW","A00000049871","2018-10-17T14:40Z","2018-10-17T14:40Z","EcoCore_CSU","TN",0.4738,"milligramsPerLiter",3.2,,0,"formatChange","GOOD"
"8a9c4b52-fad7-4ab5-bf34-b2dacb0bd84f","D09","PRLA","PRLA.AOS.groundwater.well.001","PRLA.W1.20181017.FIL","A00000049870","2018-10-17T14:40Z","2018-10-17T14:40Z","EcoCore_CSU","K",12.6800,"milligramsPerLiter",3.2,,0,"formatChange","GOOD"
"4181253b-3785-4f5d-8d57-72a27739a264","D09","PRLA","PRLA.AOS.groundwater.well.001","PRLA.W1.20181017.FIL","A00000049870","2018-10-17T14:40Z","2018-10-17T14:40Z","EcoCore_CSU","TDN",0.4427,"milligramsPerLiter",3.2,,0,"formatChange","GOOD"
"4eeff8c6-e65d-41d8-9468-8d4f110bc988","D09","PRLA","PRLA.AOS.groundwater.well.001","PRLA.W1.20181017.RAW","A00000049871","2018-10-17T14:40Z","2018-10-17T14:40Z","EcoCore_CSU","TSS",80.0000,"milligramsPerLiter",3.2,,0,"formatChange","GOOD"
"f930c40e-6ac7-4a91-8ca3-f2bb7397536c","D09","PRLA","PRLA.AOS.groundwater.well.001","PRLA.W1.20181017.FIL","A00000049870","2018-10-17T14:40Z","2018-10-17T14:40Z","EcoCore_CSU","Mn",0.0005,"milligramsPerLiter",3.2,,0,"formatChange","GOOD"
"b1367e0c-c501-4883-a31a-f9338007c1bc","D09","PRLA","PRLA.AOS.groundwater.well.001","PRLA.W1.20181017.FIL","A00000049870","2018-10-17T14:40Z","2018-10-17T14:40Z","EcoCore_CSU","TDP",0.0109,"milligramsPerLiter",3.2,,0,"formatChange","GOOD"
"3c39b8a5-ddc4-4fd5-aec0-87c9c606dfba","D09","PRLA","PRLA.AOS.groundwater.well.001","PRLA.W1.20181017.FIL","A00000049870","2018-10-17T14:40Z","2018-10-17T14:40Z","EcoCore_CSU","Br",0.0050,"milligramsPerLiter",3.2,,0,"formatChange","GOOD"
"370c630b-9396-4601-b473-4191239d9d2a","D09","PRLA","PRLA.AOS.groundwater.well.001","PRLA.W1.20181017.RAW","A00000049871","2018-10-17T14:40Z","2018-10-17T14:40Z","EcoCore_CSU","TP",0.1810,"milligramsPerLiter",3.2,,0,"formatChange","GOOD"
"abbdd0de-54a4-4a8e-8dd4-8cea5a16703f","D09","PRLA","PRLA.AOS.groundwater.well.008","PRLA.W8.20181017.RAW","A00000049846","2018-10-17T16:04Z","2018-10-17T16:04Z","EcoCore_CSU","TN",0.3143,"milligramsPerLiter",3.2,,0,"formatChange","GOOD"
"7187c6bc-606f-44f8-8f40-e9c3ec8922e3","D09","PRLA","PRLA.AOS.groundwater.well.008","PRLA.W8.20181017.PCN","A00000049727","2018-10-17T16:04Z","2018-10-17T16:04Z","EcoCore_CSU","TPN",0.1006,"milligram",3.2,,0,"formatChange","GOOD"
"145e758a-e52a-489d-b507-1a75df0af1d0","D09","PRLA","PRLA.AOS.groundwater.well.008","PRLA.W8.20181017.FIL","A00000049845","2018-10-17T16:04Z","2018-10-17T16:04Z","EcoCore_CSU","DOC",7.1710,"milligramsPerLiter",3.2,,0,"formatChange","GOOD"
"ec66580b-a3cb-4f83-a4f3-f70d9fcd257a","D09","PRLA","PRLA.AOS.groundwater.well.008","PRLA.W8.20181017.FIL","A00000049845","2018-10-17T16:04Z","2018-10-17T16:04Z","EcoCore_CSU","NH4 - N",0.0240,"milligramsPerLiter",3.2,,0,"formatChange","GOOD"
"bbdf5aca-f8c0-4efb-9a70-49390e9b2c66","D09","PRLA","PRLA.AOS.groundwater.well.008","PRLA.W8.20181017.PCN","A00000049727","2018-10-17T16:04Z","2018-10-17T16:04Z","EcoCore_CSU","TPC",0.2999,"milligram",3.2,,0,"formatChange","GOOD"
"354e8f67-5a17-4206-9e0d-c09016bfa0ef","D09","PRLA","PRLA.AOS.groundwater.well.008","PRLA.W8.20181017.FIL","A00000049845","2018-10-17T16:04Z","2018-10-17T16:04Z","EcoCore_CSU","TDS",1672.9500,"milligramsPerLiter",3.2,,0,"formatChange","GOOD"
"c9eb841d-1ce5-4e2c-bc1c-e6805c044e5d","D09","PRLA","PRLA.AOS.groundwater.well.008","PRLA.W8.20181017.FIL","A00000049845","2018-10-17T16:04Z","2018-10-17T16:04Z","EcoCore_CSU","UV Absorbance (280 nm)",0.0649,,3.2,,0,"formatChange","GOOD"
"f89ee936-8c87-45fb-876f-220b095cb58c","D09","PRLA","PRLA.AOS.groundwater.well.008","PRLA.W8.20181017.FIL","A00000049845","2018-10-17T16:04Z","2018-10-17T16:04Z","EcoCore_CSU","CO3",0.0050,"milligramsPerLiter",3.2,,0,"formatChange","GOOD"
"1f7cf073-16e8-4896-a71a-b64fe076b65d","D09","PRLA","PRLA.AOS.groundwater.well.008","PRLA.W8.20181017.FIL","A00000049845","2018-10-17T16:04Z","2018-10-17T16:04Z","EcoCore_CSU","SO4",975.2100,"milligramsPerLiter",3.2,,0,"formatChange","GOOD"
"df850ae5-a9ca-40a3-8659-2a83f52aa4aa","D09","PRLA","PRLA.AOS.groundwater.well.008","PRLA.W8.20181017.FIL","A00000049845","2018-10-17T16:04Z","2018-10-17T16:04Z","EcoCore_CSU","NO2 - N",0.0230,"milligramsPerLiter",3.2,,0,"formatChange","GOOD"
"b970f000-01fd-460b-8c1b-043a824afcec","D09","PRLA","PRLA.AOS.groundwater.well.008","PRLA.W8.20181017.FIL","A00000049845","2018-10-17T16:04Z","2018-10-17T16:04Z","EcoCore_CSU","Ca",106.2480,"milligramsPerLiter",3.2,,0,"formatChange","GOOD"
"1fa93a79-373b-4c36-9b0b-241b596632b8","D09","PRLA","PRLA.AOS.groundwater.well.008","PRLA.W8.20181017.FIL","A00000049845","2018-10-17T16:04Z","2018-10-17T16:04Z","EcoCore_CSU","DIC",140.2000,"milligramsPerLiter",3.2,,0,"formatChange","GOOD"
"7ce16637-a0dc-45de-a056-a242d70d7b7c","D09","PRLA","PRLA.AOS.groundwater.well.008","PRLA.W8.20181017.FIL","A00000049845","2018-10-17T16:04Z","2018-10-17T16:04Z","EcoCore_CSU","Mn",0.0005,"milligramsPerLiter",3.2,,0,"formatChange","GOOD"
"dc3477dc-c455-48db-9d3c-88d0668df944","D09","PRLA","PRLA.AOS.groundwater.well.008","PRLA.W8.20181017.FIL","A00000049845","2018-10-17T16:04Z","2018-10-17T16:04Z","EcoCore_CSU","NO3+NO2 - N",0.0265,"milligramsPerLiter",3.2,,0,"formatChange","GOOD"
"58fa43e6-9323-404f-a373-3f6017224ecf","D09","PRLA","PRLA.AOS.groundwater.well.008","PRLA.W8.20181017.FIL","A00000049845","2018-10-17T16:04Z","2018-10-17T16:04Z","EcoCore_CSU","Na",143.2000,"milligramsPerLiter",3.2,,0,"formatChange","GOOD"
"dae2017f-9a25-46fa-a1c5-32314f12df54","D09","PRLA","PRLA.AOS.groundwater.well.008","PRLA.W8.20181017.FIL","A00000049845","2018-10-17T16:04Z","2018-10-17T16:04Z","EcoCore_CSU","Si",14.2083,"milligramsPerLiter",3.2,,0,"formatChange","GOOD"
"4fc4a31d-0356-4fe2-9a9b-c74f8d3698a9","D09","PRLA","PRLA.AOS.groundwater.well.008","PRLA.W8.20181017.RAW","A00000049846","2018-10-17T16:04Z","2018-10-17T16:04Z","EcoCore_CSU","TOC",7.3790,"milligramsPerLiter",3.2,,0,"formatChange","GOOD"
"75e01b94-6c3e-4863-a609-7180f9bc390c","D09","PRLA","PRLA.AOS.groundwater.well.008","PRLA.W8.20181017.FIL","A00000049845","2018-10-17T16:04Z","2018-10-17T16:04Z","EcoCore_CSU","Fe",0.0005,"milligramsPerLiter",3.2,,0,"formatChange","GOOD"
"dd94e634-a274-4f62-b9c4-67a8bea6d674","D09","PRLA","PRLA.AOS.groundwater.well.008","PRLA.W8.20181017.FIL","A00000049845","2018-10-17T16:04Z","2018-10-17T16:04Z","EcoCore_CSU","TDN",0.2833,"milligramsPerLiter",3.2,,0,"formatChange","GOOD"
"07a838f8-66ab-453b-83fa-542e311238ae","D09","PRLA","PRLA.AOS.groundwater.well.008","PRLA.W8.20181017.RAW","A00000049846","2018-10-17T16:04Z","2018-10-17T16:04Z","EcoCore_CSU","TSS - Dry Mass",200.0000,"microgram",3.2,,0,"formatChange","GOOD"
"a39cfced-ef40-4f2e-a52d-2c5912304765","D09","PRLA","PRLA.AOS.groundwater.well.008","PRLA.W8.20181017.RAW","A00000049846","2018-10-17T16:04Z","2018-10-17T16:04Z","EcoCore_CSU","conductivity",2365.8400,"microsiemensPerCentimeter",3.2,,0,"formatChange","GOOD"
"0f5df6d0-48e6-4876-8242-050fd035773d","D09","PRLA","PRLA.AOS.groundwater.well.008","PRLA.W8.20181017.RAW","A00000049846","2018-10-17T16:04Z","2018-10-17T16:04Z","EcoCore_CSU","ANC",2.4100,"milliequivalentsPerLiter",3.2,,0,"formatChange","GOOD"
"809c6bca-ad83-44d7-8d97-fcbe39ac3529","D09","PRLA","PRLA.AOS.groundwater.well.008","PRLA.W8.20181017.FIL","A00000049845","2018-10-17T16:04Z","2018-10-17T16:04Z","EcoCore_CSU","TDP",0.0238,"milligramsPerLiter",3.2,,0,"formatChange","GOOD"
"9cb7b6f6-1a09-4209-9142-bca20f94b32e","D09","PRLA","PRLA.AOS.groundwater.well.008","PRLA.W8.20181017.FIL","A00000049845","2018-10-17T16:04Z","2018-10-17T16:04Z","EcoCore_CSU","Ortho - P",0.0250,"milligramsPerLiter",3.2,,0,"formatChange","GOOD"
"09481ce0-0972-45f4-81b4-36e997ec9406","D09","PRLA","PRLA.AOS.groundwater.well.008","PRLA.W8.20181017.FIL","A00000049845","2018-10-17T16:04Z","2018-10-17T16:04Z","EcoCore_CSU","Mg",136.2000,"milligramsPerLiter",3.2,,0,"formatChange","GOOD"
"770387d6-763d-41d0-9db5-d2b1206b7e16","D09","PRLA","PRLA.AOS.groundwater.well.008","PRLA.W8.20181017.FIL","A00000049845","2018-10-17T16:04Z","2018-10-17T16:04Z","EcoCore_CSU","F",0.0050,"milligramsPerLiter",3.2,,0,"formatChange","GOOD"
"1243cc6f-97df-459b-b39e-09280a365a03","D09","PRLA","PRLA.AOS.groundwater.well.008","PRLA.W8.20181017.FIL","A00000049845","2018-10-17T16:04Z","2018-10-17T16:04Z","EcoCore_CSU","HCO3",140.2100,"milligramsPerLiter",3.2,,0,"formatChange","GOOD"
"1a59f68d-55f8-46b1-b0a0-da7bcdeef7fc","D09","PRLA","PRLA.AOS.groundwater.well.008","PRLA.W8.20181017.FIL","A00000049845","2018-10-17T16:04Z","2018-10-17T16:04Z","EcoCore_CSU","K",12.7700,"milligramsPerLiter",3.2,,0,"formatChange","GOOD"
"c5899ec5-1d4c-4668-8043-2b23f4490012","D09","PRLA","PRLA.AOS.groundwater.well.008","PRLA.W8.20181017.RAW","A00000049846","2018-10-17T16:04Z","2018-10-17T16:04Z","EcoCore_CSU","TP",0.1632,"milligramsPerLiter",3.2,,0,"formatChange","GOOD"
"f96fa649-d7f1-49c4-b455-3bbc61b4f6ff","D09","PRLA","PRLA.AOS.groundwater.well.008","PRLA.W8.20181017.RAW","A00000049846","2018-10-17T16:04Z","2018-10-17T16:04Z","EcoCore_CSU","pH",7.5000,"pH",3.2,,0,"formatChange","GOOD"
"ad098255-393f-4e79-8b02-506dc89e27a5","D09","PRLA","PRLA.AOS.groundwater.well.008","PRLA.W8.20181017.FIL","A00000049845","2018-10-17T16:04Z","2018-10-17T16:04Z","EcoCore_CSU","UV Absorbance (250 nm)",0.1193,,3.2,,0,"formatChange","GOOD"
"b37f81a8-96da-4c56-badb-ace8e6556cd1","D09","PRLA","PRLA.AOS.groundwater.well.008","PRLA.W8.20181017.RAW","A00000049846","2018-10-17T16:04Z","2018-10-17T16:04Z","EcoCore_CSU","TSS",4.0000,"milligramsPerLiter",3.2,,0,"formatChange","GOOD"
"6fb98690-27d8-4f72-b632-6faffd731534","D09","PRLA","PRLA.AOS.groundwater.well.008","PRLA.W8.20181017.FIL","A00000049845","2018-10-17T16:04Z","2018-10-17T16:04Z","EcoCore_CSU","Cl",21.5600,"milligramsPerLiter",3.2,,0,"formatChange","GOOD"
"30be0314-b901-472b-8028-1c53779a019f","D09","PRLA","PRLA.AOS.groundwater.well.008","PRLA.W8.20181017.FIL","A00000049845","2018-10-17T16:04Z","2018-10-17T16:04Z","EcoCore_CSU","Br",0.0050,"milligramsPerLiter",3.2,,0,"formatChange","GOOD"
"4ce83f58-3aa5-449e-bd53-878a904bbf3a","D09","PRLA","PRLA.AOS.groundwater.well.007","PRLA.W7.20181017.FIL","A00000049876","2018-10-17T17:17Z","2018-10-17T17:17Z","EcoCore_CSU","Ca",337.6110,"milligramsPerLiter",3.2,,0,"formatChange","GOOD"
"0911f350-acbb-49d4-8864-64e4262d4734","D09","PRLA","PRLA.AOS.groundwater.well.007","PRLA.W7.20181017.RAW","A00000049843","2018-10-17T17:17Z","2018-10-17T17:17Z","EcoCore_CSU","ANC",9.0100,"milliequivalentsPerLiter",3.2,,0,"formatChange","GOOD"
"1f68c51e-845c-4a51-8beb-a17caf57fa3d","D09","PRLA","PRLA.AOS.groundwater.well.007","PRLA.W7.20181017.FIL","A00000049876","2018-10-17T17:17Z","2018-10-17T17:17Z","EcoCore_CSU","Br",0.0050,"milligramsPerLiter",3.2,,0,"formatChange","GOOD"
"8b0f3866-8e01-4b4b-b959-df0b5a9342c4","D09","PRLA","PRLA.AOS.groundwater.well.007","PRLA.W7.20181017.FIL","A00000049876","2018-10-17T17:17Z","2018-10-17T17:17Z","EcoCore_CSU","UV Absorbance (250 nm)",0.2004,,3.2,,0,"formatChange","GOOD"
"fb7be069-24db-4666-bbcf-705bc9d4698f","D09","PRLA","PRLA.AOS.groundwater.well.007","PRLA.W7.20181017.FIL","A00000049876","2018-10-17T17:17Z","2018-10-17T17:17Z","EcoCore_CSU","Na",535.6000,"milligramsPerLiter",3.2,,0,"formatChange","GOOD"
"3fdccaae-0f4c-4374-9532-cc74e58fef69","D09","PRLA","PRLA.AOS.groundwater.well.007","PRLA.W7.20181017.FIL","A00000049876","2018-10-17T17:17Z","2018-10-17T17:17Z","EcoCore_CSU","NH4 - N",1.6925,"milligramsPerLiter",3.2,,0,"formatChange","GOOD"
"57060f3b-908e-4a4b-83dd-896ccae9e22c","D09","PRLA","PRLA.AOS.groundwater.well.007","PRLA.W7.20181017.FIL","A00000049876","2018-10-17T17:17Z","2018-10-17T17:17Z","EcoCore_CSU","UV Absorbance (280 nm)",0.1238,,3.2,,0,"formatChange","GOOD"
"f4988d4b-65ca-44d0-b496-e134283c8e2f","D09","PRLA","PRLA.AOS.groundwater.well.007","PRLA.W7.20181017.FIL","A00000049876","2018-10-17T17:17Z","2018-10-17T17:17Z","EcoCore_CSU","TDN",2.1780,"milligramsPerLiter",3.2,,0,"formatChange","GOOD"
"32011f5e-33c9-4a71-81bb-93464995d427","D09","PRLA","PRLA.AOS.groundwater.well.007","PRLA.W7.20181017.RAW","A00000049843","2018-10-17T17:17Z","2018-10-17T17:17Z","EcoCore_CSU","TSS",6.0000,"milligramsPerLiter",3.2,,0,"formatChange","GOOD"
"4ff75afe-374f-43f2-98a1-c747c8258ab4","D09","PRLA","PRLA.AOS.groundwater.well.007","PRLA.W7.20181017.PCN","A00000049711","2018-10-17T17:17Z","2018-10-17T17:17Z","EcoCore_CSU","TPN",0.1120,"milligram",3.2,,0,"formatChange","GOOD"
"8b9e1063-f59f-442b-bcf9-8d677ac6f450","D09","PRLA","PRLA.AOS.groundwater.well.007","PRLA.W7.20181017.FIL","A00000049876","2018-10-17T17:17Z","2018-10-17T17:17Z","EcoCore_CSU","CO3",0.0050,"milligramsPerLiter",3.2,,0,"formatChange","GOOD"
"5272952b-4d29-4268-bc45-20beb0f86a58","D09","PRLA","PRLA.AOS.groundwater.well.007","PRLA.W7.20181017.FIL","A00000049876","2018-10-17T17:17Z","2018-10-17T17:17Z","EcoCore_CSU","TDS",3793.4100,"milligramsPerLiter",3.2,,0,"formatChange","GOOD"
"86dc8af6-22da-427f-afd4-6ad4909c2076","D09","PRLA","PRLA.AOS.groundwater.well.007","PRLA.W7.20181017.FIL","A00000049876","2018-10-17T17:17Z","2018-10-17T17:17Z","EcoCore_CSU","Mn",0.4610,"milligramsPerLiter",3.2,,0,"formatChange","GOOD"
"93bb5d8f-f238-41cf-992d-584a829b3b49","D09","PRLA","PRLA.AOS.groundwater.well.007","PRLA.W7.20181017.FIL","A00000049876","2018-10-17T17:17Z","2018-10-17T17:17Z","EcoCore_CSU","Fe",0.0005,"milligramsPerLiter",3.2,,0,"formatChange","GOOD"
"fd0e0072-54bb-4cf1-ab6b-15b05d2439a8","D09","PRLA","PRLA.AOS.groundwater.well.007","PRLA.W7.20181017.FIL","A00000049876","2018-10-17T17:17Z","2018-10-17T17:17Z","EcoCore_CSU","DOC",10.0700,"milligramsPerLiter",3.2,,0,"formatChange","GOOD"
"00c1ec35-10bf-457b-8a16-21994dc32d0a","D09","PRLA","PRLA.AOS.groundwater.well.007","PRLA.W7.20181017.RAW","A00000049843","2018-10-17T17:17Z","2018-10-17T17:17Z","EcoCore_CSU","TP",0.1323,"milligramsPerLiter",3.2,,0,"formatChange","GOOD"
"90ec5cf3-81f7-4b5e-a8b1-c4553c7c79e8","D09","PRLA","PRLA.AOS.groundwater.well.007","PRLA.W7.20181017.FIL","A00000049876","2018-10-17T17:17Z","2018-10-17T17:17Z","EcoCore_CSU","Mg",166.8000,"milligramsPerLiter",3.2,,0,"formatChange","GOOD"
"e9a252b4-047a-4b7d-b513-db0ca97aa58b","D09","PRLA","PRLA.AOS.groundwater.well.007","PRLA.W7.20181017.FIL","A00000049876","2018-10-17T17:17Z","2018-10-17T17:17Z","EcoCore_CSU","TDP",0.0028,"milligramsPerLiter",3.2,,0,"formatChange","GOOD"
"4d556fbe-0a9c-4ee7-9fc0-15ef920739f1","D09","PRLA","PRLA.AOS.groundwater.well.007","PRLA.W7.20181017.FIL","A00000049876","2018-10-17T17:17Z","2018-10-17T17:17Z","EcoCore_CSU","Cl",56.3100,"milligramsPerLiter",3.2,,0,"formatChange","GOOD"
"df6cc303-feb4-417e-9bbf-39dc4ac01b4c","D09","PRLA","PRLA.AOS.groundwater.well.007","PRLA.W7.20181017.RAW","A00000049843","2018-10-17T17:17Z","2018-10-17T17:17Z","EcoCore_CSU","TOC",9.9750,"milligramsPerLiter",3.2,,0,"formatChange","GOOD"
"2dda4ef6-02f2-4468-bd44-20ede4b0198e","D09","PRLA","PRLA.AOS.groundwater.well.007","PRLA.W7.20181017.FIL","A00000049876","2018-10-17T17:17Z","2018-10-17T17:17Z","EcoCore_CSU","SO4",2156.2300,"milligramsPerLiter",3.2,,0,"formatChange","GOOD"
"d716722a-34dd-4573-ba53-d190b6050016","D09","PRLA","PRLA.AOS.groundwater.well.007","PRLA.W7.20181017.FIL","A00000049876","2018-10-17T17:17Z","2018-10-17T17:17Z","EcoCore_CSU","Ortho - P",0.1570,"milligramsPerLiter",3.2,,0,"formatChange","GOOD"
"0ca8ec16-1873-4b61-8910-b9f19cd9be72","D09","PRLA","PRLA.AOS.groundwater.well.007","PRLA.W7.20181017.PCN","A00000049711","2018-10-17T17:17Z","2018-10-17T17:17Z","EcoCore_CSU","TPC",0.2635,"milligram",3.2,,0,"formatChange","GOOD"
"403cee0a-79b5-4422-8194-8db504e0398d","D09","PRLA","PRLA.AOS.groundwater.well.007","PRLA.W7.20181017.FIL","A00000049876","2018-10-17T17:17Z","2018-10-17T17:17Z","EcoCore_CSU","NO2 - N",0.0215,"milligramsPerLiter",3.2,,0,"formatChange","GOOD"
"1d02390c-d3a7-40bf-b277-1deaa1c9dcfa","D09","PRLA","PRLA.AOS.groundwater.well.007","PRLA.W7.20181017.RAW","A00000049843","2018-10-17T17:17Z","2018-10-17T17:17Z","EcoCore_CSU","conductivity",5414.6900,"microsiemensPerCentimeter",3.2,,0,"formatChange","GOOD"
"d59a7154-e5b0-4b10-a2b7-fa35b6775fc2","D09","PRLA","PRLA.AOS.groundwater.well.007","PRLA.W7.20181017.FIL","A00000049876","2018-10-17T17:17Z","2018-10-17T17:17Z","EcoCore_CSU","F",0.0050,"milligramsPerLiter",3.2,,0,"formatChange","GOOD"
"be4b1734-0c38-4cda-a043-d1de06c75f3a","D09","PRLA","PRLA.AOS.groundwater.well.007","PRLA.W7.20181017.RAW","A00000049843","2018-10-17T17:17Z","2018-10-17T17:17Z","EcoCore_CSU","TN",2.1850,"milligramsPerLiter",3.2,,0,"formatChange","GOOD"
"4b724c7a-34ca-4ef7-8b38-a954597b9379","D09","PRLA","PRLA.AOS.groundwater.well.007","PRLA.W7.20181017.RAW","A00000049843","2018-10-17T17:17Z","2018-10-17T17:17Z","EcoCore_CSU","pH",7.1100,"pH",3.2,,0,"formatChange","GOOD"
"2aa4aa4c-d042-4cd8-9540-22f035cba384","D09","PRLA","PRLA.AOS.groundwater.well.007","PRLA.W7.20181017.FIL","A00000049876","2018-10-17T17:17Z","2018-10-17T17:17Z","EcoCore_CSU","Si",11.4938,"milligramsPerLiter",3.2,,0,"formatChange","GOOD"
"aadec7a1-34e9-45e7-903f-bf8ab2f6ea20","D09","PRLA","PRLA.AOS.groundwater.well.007","PRLA.W7.20181017.FIL","A00000049876","2018-10-17T17:17Z","2018-10-17T17:17Z","EcoCore_CSU","DIC",121.1000,"milligramsPerLiter",3.2,,0,"formatChange","GOOD"
"35b7e0cb-7774-4227-bc6f-bcb8205e4fd4","D09","PRLA","PRLA.AOS.groundwater.well.007","PRLA.W7.20181017.RAW","A00000049843","2018-10-17T17:17Z","2018-10-17T17:17Z","EcoCore_CSU","TSS - Dry Mass",300.0000,"microgram",3.2,,0,"formatChange","GOOD"
"349a87fb-7cd7-4c5f-bcd5-f197d22cd87c","D09","PRLA","PRLA.AOS.groundwater.well.007","PRLA.W7.20181017.FIL","A00000049876","2018-10-17T17:17Z","2018-10-17T17:17Z","EcoCore_CSU","NO3+NO2 - N",0.0238,"milligramsPerLiter",3.2,,0,"formatChange","GOOD"
"555aef05-4ac9-4c18-9737-c0d966627c77","D09","PRLA","PRLA.AOS.groundwater.well.007","PRLA.W7.20181017.FIL","A00000049876","2018-10-17T17:17Z","2018-10-17T17:17Z","EcoCore_CSU","HCO3",520.1800,"milligramsPerLiter",3.2,,0,"formatChange","GOOD"
"e3cd9de8-c34b-41b9-a694-fcd9443825bc","D09","PRLA","PRLA.AOS.groundwater.well.007","PRLA.W7.20181017.FIL","A00000049876","2018-10-17T17:17Z","2018-10-17T17:17Z","EcoCore_CSU","K",35.2000,"milligramsPerLiter",3.2,,0,"formatChange","GOOD"
