uid,domainID,siteID,namedLocation,collectDate,titrationDate,parentSampleID,domainSampleID,remarks,measuredBy,alkMeqPerL,alkMgPerL,ancMeqPerL,ancMgPerL
"2a5a8f9d-a468-4ddd-84e0-b35287c9d0cd","D09","PRLA","PRLA.AOS.groundwater.well.003","2018-10-17T13:52Z","2018-10-18T13:20Z","PRLA.W3.20181017","PRLA.W3.20181017.ALK",,"jeldridge@battelleecology.org",9.100,455.000,,
"a3234c44-c5c8-4803-a325-7213651f6084","D09","PRLA","PRLA.AOS.groundwater.well.001","2018-10-17T14:40Z","2018-10-18T13:35Z","PRLA.W1.20181017","PRLA.W1.20181017.ALK",,"jeldridge@battelleecology.org",6.460,323.000,,
"726571bb-0e16-41e4-be16-e46fb93c59c9","D09","PRLA","PRLA.AOS.groundwater.well.008","2018-10-17T16:04Z","2018-10-18T14:00Z","PRLA.W8.20181017","PRLA.W8.20181017.ALK",,"jeldridge@battelleecology.org",10.100,507.000,,
"a25fae11-cd8a-4bf2-b53b-fcca11972d28","D09","PRLA","PRLA.AOS.groundwater.well.007","2018-10-17T17:17Z","2018-10-18T14:30Z","PRLA.W7.20181017","PRLA.W7.20181017.ALK","color more stained than usual for wells","jeldridge@battelleecology.org",9.480,475.000,,
