uid,domainID,siteID,namedLocation,decimalLatitude,decimalLongitude,coordinateUncertainty,elevation,elevationUncertainty,geodeticDatum,collectDate,aquaticSiteType,samplingImpractical,waterChemSamplesCollected,adequateSampleVol,parentSampleID,eventID,swcSamplingProtocolVersion,sampleExtractionMethod,samplerType,totalWellDepth,wellWaterDepth,waterColumnHeight,sampleDepth,purgeAverageDischargeRate,purgeTime,gwWellStabilized,purgeDryDateTime,pumpPlacementDate,screenedIntervalDepth,maxAllowableDrawdown,actualDrawdown,MADExceeded,wellVolumePurged,probeIDUnavailable,dissolvedOxygen,dissolvedOxygenSaturation,specificConductance,waterTemp,pH,waterClarityDescrip,waterColorDescrip,aCollectedBy,bCollectedBy,remarks
"e8c69f32-f594-4043-97cf-fac129ad8e26","D09","PRLA","PRLA.AOS.groundwater.well.003",47.161507,-99.118596,0.1,565.9,0.1,"WGS84","2018-10-17T13:52Z","lake",,,"Y","PRLA.W3.20181017","PRLA.20181017","NEON.DOC.002905vE","low-yield","Groundwater Pump",10.5,4.7,5.9,,,,,,"2018-10-09T15:00Z",6.1,3.6,,,0.4,,2.69,22.40,1264.00,5.10,,"clear","colorless","jeldridge@battelleecology.org","dfarkas@battelleecology.org","well partially refilled while sampling so able to get enough water for all sample types without exceeding MAD"
"ffec2a8a-c6ee-449f-b94b-47342ee2311f","D09","PRLA","PRLA.AOS.groundwater.well.001",47.162611,-99.118623,0.1,571.5,0.1,"WGS84","2018-10-17T14:40Z","lake",,,"Y","PRLA.W1.20181017","PRLA.20181017","NEON.DOC.002905vE","low-flow","Groundwater Pump",10.1,6.0,4.1,7.0,,,,,,,,,,11.8,,1.35,11.80,2694.00,6.70,,"cloudy","colorless","aanteau@battelleecology.org","dfarkas@battelleecology.org",
"cf5654c6-39c7-4445-b920-fd27da01e407","D09","PRLA","PRLA.AOS.groundwater.well.008",47.158432,-99.114811,0.1,566.6,0.1,"WGS84","2018-10-17T16:04Z","lake",,,"Y","PRLA.W8.20181017","PRLA.20181017","NEON.DOC.002905vE","low-flow","Groundwater Pump",7.6,4.0,3.6,5.0,,,,,,,,,,2.7,,1.35,12.50,2279.00,9.80,,"clear","colorless","aanteau@battelleecology.org","dfarkas@battelleecology.org",
"ed741f30-9af9-441f-9b67-717d4ff33192","D09","PRLA","PRLA.AOS.groundwater.well.007",47.157918,-99.113917,0.1,568.8,0.1,"WGS84","2018-10-17T17:17Z","lake",,,"Y","PRLA.W7.20181017","PRLA.20181017","NEON.DOC.002905vE","low-yield","Groundwater Pump",15.8,5.1,10.7,,,,,,"2018-10-09T15:30Z",6.2,8.8,,,0.7,,1.97,18.50,5340.00,9.50,,"clear","colorless","jeldridge@battelleecology.org","dfarkas@battelleecology.org",
