uid,domainID,siteID,namedLocation,decimalLatitude,decimalLongitude,coordinateUncertainty,elevation,elevationUncertainty,geodeticDatum,collectDate,aquaticSiteType,samplingImpractical,waterChemSamplesCollected,adequateSampleVol,parentSampleID,eventID,swcSamplingProtocolVersion,sampleExtractionMethod,samplerType,totalWellDepth,wellWaterDepth,waterColumnHeight,sampleDepth,purgeAverageDischargeRate,purgeTime,gwWellStabilized,purgeDryDateTime,pumpPlacementDate,screenedIntervalDepth,maxAllowableDrawdown,actualDrawdown,MADExceeded,wellVolumePurged,probeIDUnavailable,dissolvedOxygen,dissolvedOxygenSaturation,specificConductance,waterTemp,pH,waterClarityDescrip,waterColorDescrip,aCollectedBy,bCollectedBy,remarks
"b2fb04d1-df3e-47bc-a550-5d5db495b163","D09","PRPO","PRPO.AOS.groundwater.well.001",47.129125,-99.251580,0.1,592.0,0.1,"WGS84","2020-07-01T13:51Z","lake",,"Y","Y","PRPO.W1.20200701","PRPO.20200701","NEON.DOC.002905vG","low-flow","Groundwater Pump",7.2,2.0,5.2,3.0,378.5,20.0,,,,,,,,7.6,,6.86,71.10,5420.00,11.10,7.70,"clear","colorless","0000-0002-1892-7221","0000-0003-4092-4649",
"d2cb102f-f48f-4110-a2b2-3a034e8223d8","D09","PRPO","PRPO.AOS.groundwater.well.003",47.127319,-99.255063,0.1,594.4,0.1,"WGS84","2020-07-01T15:16Z","lake",,"Y","Y","PRPO.W3.20200701","PRPO.20200701","NEON.DOC.002905vG","low-flow","Groundwater Pump",9.4,3.8,5.7,4.8,337.3,11.0,,,,,,,,3.7,,7.67,76.00,2519.00,10.90,7.36,"clear","brown","0000-0002-1892-7221","0000-0003-4092-4649",
"3545be50-16c5-4b97-92fc-43f5c7ee32b4","D09","PRPO","PRPO.AOS.groundwater.well.005",47.129698,-99.255141,0.1,592.6,0.1,"WGS84","2020-07-01T16:41Z","lake",,"Y","Y","PRPO.W5.20200701","PRPO.20200701","NEON.DOC.002905vG","low-flow","Groundwater Pump",7.6,2.5,5.1,3.5,408.8,12.0,,,,,,,,4.9,,5.83,58.20,4028.00,11.10,7.36,"clear","colorless","0000-0002-1892-7221","0000-0001-8766-9222",
"f92789a0-86fc-40f7-8bc4-30ecfa79e0c3","D09","PRPO","PRPO.AOS.groundwater.well.007",47.131704,-99.250610,0.1,592.6,0.1,"WGS84","2020-07-01T18:26Z","lake",,"Y","Y","PRPO.W7.20200701","PRPO.20200701","NEON.DOC.002905vG","low-flow","Groundwater Pump",8.2,2.4,5.8,3.4,401.0,10.0,,,,,,,,4.0,,3.98,38.50,1651.00,13.50,7.30,"clear","colorless","0000-0002-1892-7221","0000-0003-4092-4649",
