uid,domainID,siteID,namedLocation,collectDate,parentSampleID,sampleCondition,sampleID,replicateNumber,gwwDICBubbleFree,gwwFiltSampleHeadspace,gwwAlkSampleHeadspace,gwwAlkSampleBubbleFree,processedDate,processedDateFilters,sampleVolumeFiltered,shipmentTimeRange
"59372be9-356d-4b00-b692-5d136def5623","D09","PRPO","PRPO.AOS.groundwater.well.001","2020-07-01T13:51Z","PRPO.W1.20200701","Sample condition ok","PRPO.W1.20200701",1,,,,,"2020-07-01T13:51Z","2020-07-01T13:51Z",300.0,"within 24 hours of collection"
"e8831b5d-34a8-48a1-8f5d-a290dea7c5c9","D09","PRPO","PRPO.AOS.groundwater.well.003","2020-07-01T15:16Z","PRPO.W3.20200701","Sample condition ok","PRPO.W3.20200701",1,,,,,"2020-07-01T15:16Z","2020-07-01T15:16Z",230.0,"within 24 hours of collection"
"fdbd8677-6431-4d77-bc79-f1f9ad5c97e6","D09","PRPO","PRPO.AOS.groundwater.well.005","2020-07-01T16:41Z","PRPO.W5.20200701","Sample condition ok","PRPO.W5.20200701",1,,,,,"2020-07-01T16:41Z","2020-07-01T16:41Z",220.0,"within 24 hours of collection"
"8cded1d4-1625-4a6e-a1aa-4cd8c42f014f","D09","PRPO","PRPO.AOS.groundwater.well.007","2020-07-01T18:26Z","PRPO.W7.20200701","Sample condition ok","PRPO.W7.20200701",1,,,,,"2020-07-01T18:26Z","2020-07-01T18:26Z",190.0,"within 24 hours of collection"
