uid,domainID,siteID,namedLocation,decimalLatitude,decimalLongitude,coordinateUncertainty,elevation,elevationUncertainty,geodeticDatum,collectDate,aquaticSiteType,samplingImpractical,waterChemSamplesCollected,adequateSampleVol,parentSampleID,eventID,swcSamplingProtocolVersion,sampleExtractionMethod,samplerType,totalWellDepth,wellWaterDepth,waterColumnHeight,sampleDepth,purgeAverageDischargeRate,purgeTime,gwWellStabilized,purgeDryDateTime,pumpPlacementDate,screenedIntervalDepth,maxAllowableDrawdown,actualDrawdown,MADExceeded,wellVolumePurged,probeIDUnavailable,dissolvedOxygen,dissolvedOxygenSaturation,specificConductance,waterTemp,pH,waterClarityDescrip,waterColorDescrip,aCollectedBy,bCollectedBy,remarks
"27ac8e91-86b9-43f0-b778-74d2ebe855bb","D02","POSE","POSE.AOS.groundwater.well.002",38.894218,-78.147360,0.1,278.4,0.1,"WGS84","2015-10-05T14:10Z","stream",,,,"POSE.W2.20151005","POSE.20151005","NEON.DOC.002905vA","low-flow",,,1.4,,2.3,,,,,,,,,,1.4,,4.42,42.40,142.20,13.40,,,,"jcoloso@neoninc.org","kgeiger@field-ops.org","w2"
"035855b6-c726-47d6-a04c-d7ee7d1c7580","D02","POSE","POSE.AOS.groundwater.well.003",38.894304,-78.147503,0.1,278.6,0.1,"WGS84","2015-10-05T15:52Z","stream",,,,"POSE.W3.20151005","POSE.20151005","NEON.DOC.002905vA","low-flow",,,2.8,,3.7,,,,,,,,,,1.2,,5.81,55.90,126.10,13.60,,,,"jcoloso@neoninc.org","kgeiger@field-ops.org","w3"
"37e05ff4-159a-4626-b236-4a166825094a","D02","POSE","POSE.AOS.groundwater.well.008",38.895235,-78.147951,0.1,273.2,0.1,"WGS84","2015-10-06T14:25Z","stream",,,,"POSE.W8.20151006","POSE.20151006","NEON.DOC.002905vA","low-flow",,,1.2,,2.4,,,,,,,,,,1.2,,5.72,55.30,119.00,13.90,,,,"jcoloso@neoninc.org","kgeiger@field-ops.org","w8"
"512cb1ce-43f7-4032-95df-ed46c26fe503","D02","POSE","POSE.AOS.groundwater.well.006",38.894973,-78.147373,0.1,276.3,0.1,"WGS84","2015-10-06T16:07Z","stream",,,,"POSE.W6.20151006","POSE.20151006","NEON.DOC.002905vA","low-flow",,,1.1,,3.7,,,,,,,,,,0.4,,1.06,10.60,196.70,15.10,,,,"jcoloso@neoninc.org","kgeiger@field-ops.org","w6|water very dirty/cloudy with fine sediment."
