uid,domainID,siteID,namedLocation,collectDate,titrationDate,parentSampleID,domainSampleID,remarks,measuredBy,alkMeqPerL,alkMgPerL,ancMeqPerL,ancMgPerL
"33bd0bf8-3749-4588-988e-fb43a258a539","D02","POSE","POSE.AOS.groundwater.well.002","2015-10-05T14:10Z","2015-10-05T19:30Z","POSE.W2.20151005","POSE.W2.20151005.ANC",,"jcoloso@neoninc.org",,,0.950,47.600
"9d8425ff-52cd-4092-888d-4869be62bb73","D02","POSE","POSE.AOS.groundwater.well.002","2015-10-05T14:10Z","2015-10-05T20:02Z","POSE.W2.20151005","POSE.W2.20151005.ALK",,"jcoloso@neoninc.org",1.020,51.000,,
"ed027108-e2c2-40ed-ae99-77cd2e0eda4e","D02","POSE","POSE.AOS.groundwater.well.003","2015-10-05T15:52Z","2015-10-05T19:01Z","POSE.W3.20151005","POSE.W3.20151005.ALK",,"jcoloso@neoninc.org",0.630,31.300,,
"8838c4b9-be9c-4c55-af4c-c303637cb3c4","D02","POSE","POSE.AOS.groundwater.well.003","2015-10-05T15:52Z","2015-10-05T18:30Z","POSE.W3.20151005","POSE.W3.20151005.ANC",,"jcoloso@neoninc.org",,,0.710,35.600
"42196f54-7e93-4755-ba13-51efda922e4c","D02","POSE","POSE.AOS.groundwater.well.008","2015-10-06T14:25Z","2015-10-06T19:15Z","POSE.W8.20151006","POSE.W8.20151006.ANC",,"jcoloso@neoninc.org",,,1.180,59.100
"0cf0859f-8b6b-42bd-abbc-19f7d7e51b7e","D02","POSE","POSE.AOS.groundwater.well.008","2015-10-06T14:25Z","2015-10-06T19:28Z","POSE.W8.20151006","POSE.W8.20151006.ALK",,"jcoloso@neoninc.org",1.130,56.500,,
"c5c56595-5d96-48a5-8623-f362dfc2ab8b","D02","POSE","POSE.AOS.groundwater.well.006","2015-10-06T16:07Z","2015-10-06T20:16Z","POSE.W6.20151006","POSE.W6.20151006.ANC",,"jcoloso@neoninc.org",,,1.730,86.400
"10105f41-7eef-44f2-b1df-2b70eb70f14c","D02","POSE","POSE.AOS.groundwater.well.006","2015-10-06T16:07Z","2015-10-06T20:34Z","POSE.W6.20151006","POSE.W6.20151006.ALK",,"jcoloso@neoninc.org",1.730,86.400,,
