uid,domainID,siteID,namedLocation,collectDate,parentSampleID,sampleCondition,sampleID,replicateNumber,gwwDICBubbleFree,gwwFiltSampleHeadspace,gwwAlkSampleHeadspace,gwwAlkSampleBubbleFree,processedDate,processedDateFilters,sampleVolumeFiltered,shipmentTimeRange
"b1c62ab7-3475-4406-9f63-8c449061bc9c","D02","POSE","POSE.AOS.groundwater.well.002","2015-10-05T14:10Z","POSE.W2.20151005",,"POSE.W2.20151005",,,,,,"2015-10-05T14:20Z","2015-10-05T14:20Z",10.0,
"fdf223f5-1a37-49ba-b8db-ec3b657c6846","D02","POSE","POSE.AOS.groundwater.well.003","2015-10-05T15:52Z","POSE.W3.20151005",,"POSE.W3.20151005",,,,,,"2015-10-05T16:30Z","2015-10-05T16:30Z",30.0,
"7ce5171d-4879-47c7-97dc-33411d9961f9","D02","POSE","POSE.AOS.groundwater.well.008","2015-10-06T14:25Z","POSE.W8.20151006",,"POSE.W8.20151006",,,,,,"2015-10-06T14:41Z","2015-10-06T14:41Z",150.0,
"ba27dbf0-44b9-434b-8712-83ca79023768","D02","POSE","POSE.AOS.groundwater.well.006","2015-10-06T16:07Z","POSE.W6.20151006",,"POSE.W6.20151006",,,,,,"2015-10-06T17:20Z","2015-10-06T17:20Z",10.0,
