uid,domainID,siteID,namedLocation,collectDate,titrationDate,parentSampleID,domainSampleID,remarks,measuredBy,alkMeqPerL,alkMgPerL,ancMeqPerL,ancMgPerL
"a0898390-6c24-42a8-8413-ea071a2e0200","D04","GUIL","GUIL.AOS.groundwater.well.006","2019-10-08T11:41Z","2019-10-08T17:05Z","GUIL.W6.20191008","GUIL.W6.20191008.ALK",,"iortiz@battelleecology.org",2.400,120.000,,
"8e7e8a98-d1de-4646-ac73-091706dacda8","D04","GUIL","GUIL.AOS.groundwater.well.005","2019-10-08T13:26Z","2019-10-08T17:45Z","GUIL.W5.20191008","GUIL.W5.20191008.ALK",,"iortiz@battelleecology.org",2.860,143.000,,
"455c5400-ffba-4daf-a16b-0cbf818cc37c","D04","GUIL","GUIL.AOS.groundwater.well.001","2019-10-09T12:12Z","2019-10-09T17:30Z","GUIL.W1.20191009","GUIL.W1.20191009.ALK",,"iortiz@battelleecology.org",2.430,122.000,,
"4c1b0842-52e9-48fa-aea8-3c3f73c58135","D04","GUIL","GUIL.AOS.groundwater.well.003","2019-10-09T13:51Z","2019-10-09T18:15Z","GUIL.W3.20191009","GUIL.W3.20191009.ALK",,"iortiz@battelleecology.org",4.640,232.000,,
