uid,domainID,siteID,namedLocation,decimalLatitude,decimalLongitude,coordinateUncertainty,elevation,elevationUncertainty,geodeticDatum,collectDate,aquaticSiteType,samplingImpractical,waterChemSamplesCollected,adequateSampleVol,parentSampleID,eventID,swcSamplingProtocolVersion,sampleExtractionMethod,samplerType,totalWellDepth,wellWaterDepth,waterColumnHeight,sampleDepth,purgeAverageDischargeRate,purgeTime,gwWellStabilized,purgeDryDateTime,pumpPlacementDate,screenedIntervalDepth,maxAllowableDrawdown,actualDrawdown,MADExceeded,wellVolumePurged,probeIDUnavailable,dissolvedOxygen,dissolvedOxygenSaturation,specificConductance,waterTemp,pH,waterClarityDescrip,waterColorDescrip,aCollectedBy,bCollectedBy,remarks
"c0c8da2a-29e0-4588-8b2d-92c6c84b5ebb","D04","GUIL","GUIL.AOS.groundwater.well.006",18.174267,-66.797629,0.1,555.2,0.1,"WGS84","2019-10-08T11:41Z","stream",,,"Y","GUIL.W6.20191008","GUIL.20191008","NEON.DOC.002905vF","low-flow","Groundwater Pump",8.3,4.5,3.8,5.5,,,,,,,,,,1.5,,1.69,20.60,325.70,22.30,6.36,"clear","colorless","0000-0003-3491-5113","0000-0002-4299-7043",
"b6208480-9d6e-4acb-8a48-fa9f87c4f58b","D04","GUIL","GUIL.AOS.groundwater.well.005",18.174241,-66.797947,0.1,554.8,0.1,"WGS84","2019-10-08T13:26Z","stream",,,"Y","GUIL.W5.20191008","GUIL.20191008","NEON.DOC.002905vF","low-flow","Groundwater Pump",8.6,4.3,4.3,5.3,,,,,,,,,,1.2,,1.26,16.00,395.20,24.40,6.47,"cloudy","colorless","0000-0003-1220-2331","0000-0002-4299-7043",
"dfcce18e-ebd5-4db1-afe5-27d286163f6f","D04","GUIL","GUIL.AOS.groundwater.well.001",18.174696,-66.800365,0.1,554.2,0.1,"WGS84","2019-10-09T12:12Z","stream",,,"Y","GUIL.W1.20191009","GUIL.20191009","NEON.DOC.002905vF","low-flow","Groundwater Pump",13.0,7.7,5.3,8.7,,,,,,,,,,2.1,,2.70,34.20,279.30,24.00,6.10,"cloudy","brown","0000-0002-4299-7043","0000-0003-3491-5113",
"ab7178de-a013-49bf-82e2-5ccc954b6e72","D04","GUIL","GUIL.AOS.groundwater.well.003",18.174345,-66.800050,0.1,549.5,0.1,"WGS84","2019-10-09T13:51Z","stream",,,"Y","GUIL.W3.20191009","GUIL.20191009","NEON.DOC.002905vF","low-flow","Groundwater Pump",7.2,3.3,3.9,4.3,,,,,,,,,,1.8,,1.45,18.50,467.00,24.50,6.51,"cloudy","colorless","0000-0002-4299-7043","0000-0003-1220-2331",
