uid,domainID,siteID,namedLocation,sampleID,sampleCode,startDate,collectDate,laboratoryName,analyte,analyteConcentration,analyteUnits,coolerTemp,remarks,shipmentWarmQF,externalLabDataQF,sampleCondition
"12e0d6d4-1216-4d31-99f9-326f64ee51e7","D04","GUIL","GUIL.AOS.groundwater.well.006","GUIL.W6.20191008.FIL","A00000112478","2019-10-08T11:41Z","2019-10-08T11:41Z","EcoCore_CSU","Cl",13.0900,"milligramsPerLiter",1.2,,0,,"OK"
"443fb882-eb0b-4fec-9021-c984a45b0d30","D04","GUIL","GUIL.AOS.groundwater.well.006","GUIL.W6.20191008.FIL","A00000112478","2019-10-08T11:41Z","2019-10-08T11:41Z","EcoCore_CSU","Mg",11.7200,"milligramsPerLiter",1.2,,0,,"OK"
"f0c80d7b-9ff8-4ab5-bf9d-6e3f831ea7fb","D04","GUIL","GUIL.AOS.groundwater.well.006","GUIL.W6.20191008.FIL","A00000112478","2019-10-08T11:41Z","2019-10-08T11:41Z","EcoCore_CSU","TDS",231.5600,"milligramsPerLiter",1.2,,0,,"OK"
"1b39a564-44ac-4e50-aba2-6cd256f8650a","D04","GUIL","GUIL.AOS.groundwater.well.006","GUIL.W6.20191008.FIL","A00000112478","2019-10-08T11:41Z","2019-10-08T11:41Z","EcoCore_CSU","HCO3",166.4500,"milligramsPerLiter",1.2,,0,,"OK"
"2b8d646e-6e73-4a21-aede-fcac1ff01ea1","D04","GUIL","GUIL.AOS.groundwater.well.006","GUIL.W6.20191008.FIL","A00000112478","2019-10-08T11:41Z","2019-10-08T11:41Z","EcoCore_CSU","Br",0.0050,"milligramsPerLiter",1.2,,0,,"OK"
"eec6e288-856a-4d19-9aee-d4936919f176","D04","GUIL","GUIL.AOS.groundwater.well.006","GUIL.W6.20191008.FIL","A00000112478","2019-10-08T11:41Z","2019-10-08T11:41Z","EcoCore_CSU","Ca",34.8100,"milligramsPerLiter",1.2,,0,,"OK"
"da14d381-2432-48c3-91fa-019c034c9746","D04","GUIL","GUIL.AOS.groundwater.well.006","GUIL.W6.20191008.FIL","A00000112478","2019-10-08T11:41Z","2019-10-08T11:41Z","EcoCore_CSU","K",2.4600,"milligramsPerLiter",1.2,,0,,"OK"
"60dc894a-1954-4010-8202-730409c92d61","D04","GUIL","GUIL.AOS.groundwater.well.006","GUIL.W6.20191008.FIL","A00000112478","2019-10-08T11:41Z","2019-10-08T11:41Z","EcoCore_CSU","Si",26.2200,"milligramsPerLiter",1.2,,0,,"OK"
"071a2a9c-ca64-4e34-b6da-bd19e63fbc3a","D04","GUIL","GUIL.AOS.groundwater.well.006","GUIL.W6.20191008.FIL","A00000112478","2019-10-08T11:41Z","2019-10-08T11:41Z","EcoCore_CSU","TDP",0.0120,"milligramsPerLiter",1.2,,0,,"OK"
"b3f6a07c-a1f6-424c-a761-122771bd7083","D04","GUIL","GUIL.AOS.groundwater.well.006","GUIL.W6.20191008.FIL","A00000112478","2019-10-08T11:41Z","2019-10-08T11:41Z","EcoCore_CSU","Na",11.7600,"milligramsPerLiter",1.2,,0,,"OK"
"340134d8-e657-42cf-9525-bc1a752e1378","D04","GUIL","GUIL.AOS.groundwater.well.006","GUIL.W6.20191008.FIL","A00000112478","2019-10-08T11:41Z","2019-10-08T11:41Z","EcoCore_CSU","Fe",0.0005,"milligramsPerLiter",1.2,,0,,"OK"
"b0487dc9-9456-47f4-8046-ad0e1e6d2279","D04","GUIL","GUIL.AOS.groundwater.well.006","GUIL.W6.20191008.FIL","A00000112478","2019-10-08T11:41Z","2019-10-08T11:41Z","EcoCore_CSU","CO3",0.0050,"milligramsPerLiter",1.2,,0,,"OK"
"d99e1c0d-06b6-44f2-b3ec-c4babd96d258","D04","GUIL","GUIL.AOS.groundwater.well.006","GUIL.W6.20191008.FIL","A00000112478","2019-10-08T11:41Z","2019-10-08T11:41Z","EcoCore_CSU","UV Absorbance (280 nm)",0.0139,,0.7,,0,,"OK"
"972d3f9f-4de1-44e3-9a7f-6df65ef27021","D04","GUIL","GUIL.AOS.groundwater.well.006","GUIL.W6.20191008.FIL","A00000112478","2019-10-08T11:41Z","2019-10-08T11:41Z","EcoCore_CSU","UV Absorbance (250 nm)",-0.0163,,1.2,,0,,"OK"
"cc8affe3-8e49-4e6f-b4da-a37bf5e51c36","D04","GUIL","GUIL.AOS.groundwater.well.006","GUIL.W6.20191008.RAW","A00000112477","2019-10-08T11:41Z","2019-10-08T11:41Z","EcoCore_CSU","TN",3.9210,"milligramsPerLiter",1.2,,0,,"OK"
"7d8c7d60-d942-4514-9591-d51e7c2abfbd","D04","GUIL","GUIL.AOS.groundwater.well.006","GUIL.W6.20191008.RAW","A00000112477","2019-10-08T11:41Z","2019-10-08T11:41Z","EcoCore_CSU","TOC",1.1040,"milligramsPerLiter",1.2,,0,,"OK"
"b28062ab-528a-4543-a372-01a15d943e04","D04","GUIL","GUIL.AOS.groundwater.well.006","GUIL.W6.20191008.FIL","A00000112478","2019-10-08T11:41Z","2019-10-08T11:41Z","EcoCore_CSU","DIC",44.0900,"milligramsPerLiter",1.2,,0,,"OK"
"505c7ff3-9bc3-4bcc-bf39-a5bd407944db","D04","GUIL","GUIL.AOS.groundwater.well.006","GUIL.W6.20191008.FIL","A00000112478","2019-10-08T11:41Z","2019-10-08T11:41Z","EcoCore_CSU","TDN",4.0120,"milligramsPerLiter",0.5,,0,,"OK"
"dd22a541-3f62-44de-9a70-7ea298a4c6fc","D04","GUIL","GUIL.AOS.groundwater.well.006","GUIL.W6.20191008.FIL","A00000112478","2019-10-08T11:41Z","2019-10-08T11:41Z","EcoCore_CSU","DOC",1.3000,"milligramsPerLiter",3.7,,0,,"OK"
"1cbff9d5-5d18-4c48-ae62-2760b74430aa","D04","GUIL","GUIL.AOS.groundwater.well.006","GUIL.W6.20191008.PCN","A00000112466","2019-10-08T11:41Z","2019-10-08T11:41Z","EcoCore_CSU","TPN",0.1271,"milligram",1.2,,0,,"OK"
"30432fbc-33ea-4cd7-a4cc-b022ca1d2429","D04","GUIL","GUIL.AOS.groundwater.well.006","GUIL.W6.20191008.PCN","A00000112466","2019-10-08T11:41Z","2019-10-08T11:41Z","EcoCore_CSU","TPC",0.1851,"milligram",1.2,,0,,"OK"
"59263374-1440-4d99-9bab-403d800aac3e","D04","GUIL","GUIL.AOS.groundwater.well.006","GUIL.W6.20191008.FIL","A00000112478","2019-10-08T11:41Z","2019-10-08T11:41Z","EcoCore_CSU","F",0.0050,"milligramsPerLiter",1.2,,0,,"OK"
"7bd9f5e9-583e-4ba4-8772-1ba1fac5f5a3","D04","GUIL","GUIL.AOS.groundwater.well.006","GUIL.W6.20191008.FIL","A00000112478","2019-10-08T11:41Z","2019-10-08T11:41Z","EcoCore_CSU","SO4",9.9150,"milligramsPerLiter",1.2,,0,,"OK"
"2a3b6c9f-58c2-40ee-87ec-3fff3f3319ae","D04","GUIL","GUIL.AOS.groundwater.well.006","GUIL.W6.20191008.FIL","A00000112478","2019-10-08T11:41Z","2019-10-08T11:41Z","EcoCore_CSU","Mn",0.0005,"milligramsPerLiter",1.2,,0,,"OK"
"9f8ad3ac-8333-4a9d-baba-23b8c5769e62","D04","GUIL","GUIL.AOS.groundwater.well.006","GUIL.W6.20191008.FIL","A00000112478","2019-10-08T11:41Z","2019-10-08T11:41Z","EcoCore_CSU","NO3+NO2 - N",4.1160,"milligramsPerLiter",1.2,,0,,"OK"
"d1555898-ff97-4ddf-808b-cecfaa6c6dc0","D04","GUIL","GUIL.AOS.groundwater.well.006","GUIL.W6.20191008.FIL","A00000112478","2019-10-08T11:41Z","2019-10-08T11:41Z","EcoCore_CSU","NH4 - N",0.0423,"milligramsPerLiter",1.2,,0,,"OK"
"a3feee40-3c76-4945-b474-60ec15fbd5a2","D04","GUIL","GUIL.AOS.groundwater.well.006","GUIL.W6.20191008.FIL","A00000112478","2019-10-08T11:41Z","2019-10-08T11:41Z","EcoCore_CSU","Ortho - P",0.1350,"milligramsPerLiter",1.2,,0,,"OK"
"3fe96682-ca94-4088-afe7-5bb83f113b4d","D04","GUIL","GUIL.AOS.groundwater.well.006","GUIL.W6.20191008.FIL","A00000112478","2019-10-08T11:41Z","2019-10-08T11:41Z","EcoCore_CSU","NO2 - N",-0.0064,"milligramsPerLiter",1.2,,0,,"OK"
"8991bbcc-a8fc-4170-8c16-c57de5ee8e7f","D04","GUIL","GUIL.AOS.groundwater.well.006","GUIL.W6.20191008.RAW","A00000112477","2019-10-08T11:41Z","2019-10-08T11:41Z","EcoCore_CSU","TSS",4.0000,"milligramsPerLiter",1.2,,0,,"OK"
"01b09b6a-fb54-4754-8845-ff8f1fb25e5d","D04","GUIL","GUIL.AOS.groundwater.well.006","GUIL.W6.20191008.RAW","A00000112477","2019-10-08T11:41Z","2019-10-08T11:41Z","EcoCore_CSU","TP",0.2140,"milligramsPerLiter",1.2,,0,,"OK"
"76eeabe1-8316-4018-9f8c-f95eda1ee114","D04","GUIL","GUIL.AOS.groundwater.well.006","GUIL.W6.20191008.RAW","A00000112477","2019-10-08T11:41Z","2019-10-08T11:41Z","EcoCore_CSU","specificConductance",330.8600,"microsiemensPerCentimeter",1.2,,0,,"OK"
"7a752a85-7443-4a18-a3c3-54aeeed21a6c","D04","GUIL","GUIL.AOS.groundwater.well.006","GUIL.W6.20191008.RAW","A00000112477","2019-10-08T11:41Z","2019-10-08T11:41Z","EcoCore_CSU","TSS - Dry Mass",200.0000,"microgram",1.2,,0,,"OK"
"3248c36e-f522-4867-b550-68aac11fa9fd","D04","GUIL","GUIL.AOS.groundwater.well.006","GUIL.W6.20191008.RAW","A00000112477","2019-10-08T11:41Z","2019-10-08T11:41Z","EcoCore_CSU","ANC",2.8200,"milliequivalentsPerLiter",1.2,,0,,"OK"
"496306ef-e240-4e45-9807-3e5272423d00","D04","GUIL","GUIL.AOS.groundwater.well.006","GUIL.W6.20191008.RAW","A00000112477","2019-10-08T11:41Z","2019-10-08T11:41Z","EcoCore_CSU","pH",6.7500,"pH",1.2,,0,,"OK"
"1b64369f-bfc5-4e1f-9623-89a97cc1350c","D04","GUIL","GUIL.AOS.groundwater.well.005","GUIL.W5.20191008.RAW","A00000112475","2019-10-08T13:26Z","2019-10-08T13:26Z","EcoCore_CSU","ANC",3.5600,"milliequivalentsPerLiter",0.7,,0,,"OK"
"d136248c-0b9e-4da5-81e3-12da3f1a22cd","D04","GUIL","GUIL.AOS.groundwater.well.005","GUIL.W5.20191008.RAW","A00000112475","2019-10-08T13:26Z","2019-10-08T13:26Z","EcoCore_CSU","TP",0.3400,"milligramsPerLiter",0.7,,0,,"OK"
"7bb6f037-e1c3-45c5-9765-209e9e265563","D04","GUIL","GUIL.AOS.groundwater.well.005","GUIL.W5.20191008.RAW","A00000112475","2019-10-08T13:26Z","2019-10-08T13:26Z","EcoCore_CSU","specificConductance",431.2400,"microsiemensPerCentimeter",0.7,,0,,"OK"
"c12ef018-1101-4fb5-943e-8a30a8cbc2cf","D04","GUIL","GUIL.AOS.groundwater.well.005","GUIL.W5.20191008.RAW","A00000112475","2019-10-08T13:26Z","2019-10-08T13:26Z","EcoCore_CSU","TSS",80.0000,"milligramsPerLiter",0.7,,0,,"OK"
"35afef81-36f7-4fa1-9c2f-d61d6b4be6af","D04","GUIL","GUIL.AOS.groundwater.well.005","GUIL.W5.20191008.RAW","A00000112475","2019-10-08T13:26Z","2019-10-08T13:26Z","EcoCore_CSU","pH",6.9800,"pH",0.7,,0,,"OK"
"61742687-920f-43a6-a074-588681de662a","D04","GUIL","GUIL.AOS.groundwater.well.005","GUIL.W5.20191008.RAW","A00000112475","2019-10-08T13:26Z","2019-10-08T13:26Z","EcoCore_CSU","TSS - Dry Mass",4000.0000,"microgram",0.7,,0,,"OK"
"c3ae248d-f718-407c-b211-9170d8a3fc3d","D04","GUIL","GUIL.AOS.groundwater.well.005","GUIL.W5.20191008.FIL","A00000112476","2019-10-08T13:26Z","2019-10-08T13:26Z","EcoCore_CSU","Ortho - P",0.0380,"milligramsPerLiter",0.7,,0,,"OK"
"d9a53491-ace9-426f-9426-8e178ed2f2af","D04","GUIL","GUIL.AOS.groundwater.well.005","GUIL.W5.20191008.FIL","A00000112476","2019-10-08T13:26Z","2019-10-08T13:26Z","EcoCore_CSU","NH4 - N",0.0466,"milligramsPerLiter",0.7,,0,,"OK"
"94a014e6-ff19-4d32-a5c2-c19fa7eb8d53","D04","GUIL","GUIL.AOS.groundwater.well.005","GUIL.W5.20191008.FIL","A00000112476","2019-10-08T13:26Z","2019-10-08T13:26Z","EcoCore_CSU","NO2 - N",-0.0049,"milligramsPerLiter",0.7,,0,,"OK"
"8c9bf2d9-11f8-466e-9ba5-20e09a58573a","D04","GUIL","GUIL.AOS.groundwater.well.005","GUIL.W5.20191008.FIL","A00000112476","2019-10-08T13:26Z","2019-10-08T13:26Z","EcoCore_CSU","NO3+NO2 - N",5.3930,"milligramsPerLiter",0.7,,0,,"OK"
"aedc2e33-6144-402c-98cc-ba7856850028","D04","GUIL","GUIL.AOS.groundwater.well.005","GUIL.W5.20191008.FIL","A00000112476","2019-10-08T13:26Z","2019-10-08T13:26Z","EcoCore_CSU","Cl",16.6300,"milligramsPerLiter",0.7,,0,,"OK"
"c0ea1e61-23d3-450f-8e5d-139bb3ea1160","D04","GUIL","GUIL.AOS.groundwater.well.005","GUIL.W5.20191008.FIL","A00000112476","2019-10-08T13:26Z","2019-10-08T13:26Z","EcoCore_CSU","TDP",0.0120,"milligramsPerLiter",0.7,,0,,"OK"
"e7ab7da7-911b-4ec6-b41d-82981c95bcc0","D04","GUIL","GUIL.AOS.groundwater.well.005","GUIL.W5.20191008.FIL","A00000112476","2019-10-08T13:26Z","2019-10-08T13:26Z","EcoCore_CSU","HCO3",197.2800,"milligramsPerLiter",0.7,,0,,"OK"
"cde96508-a10f-4000-83e1-c0e3e252a84d","D04","GUIL","GUIL.AOS.groundwater.well.005","GUIL.W5.20191008.FIL","A00000112476","2019-10-08T13:26Z","2019-10-08T13:26Z","EcoCore_CSU","Mn",0.0540,"milligramsPerLiter",0.7,,0,,"OK"
"df786302-25ca-4848-9364-0f8a0d88cfe4","D04","GUIL","GUIL.AOS.groundwater.well.005","GUIL.W5.20191008.FIL","A00000112476","2019-10-08T13:26Z","2019-10-08T13:26Z","EcoCore_CSU","Br",0.0050,"milligramsPerLiter",0.7,,0,,"OK"
"b121f435-cba4-4998-b029-bef1489b0a72","D04","GUIL","GUIL.AOS.groundwater.well.005","GUIL.W5.20191008.FIL","A00000112476","2019-10-08T13:26Z","2019-10-08T13:26Z","EcoCore_CSU","F",0.0050,"milligramsPerLiter",0.7,,0,,"OK"
"1309311f-6a3a-4886-95bb-02389629e41b","D04","GUIL","GUIL.AOS.groundwater.well.005","GUIL.W5.20191008.FIL","A00000112476","2019-10-08T13:26Z","2019-10-08T13:26Z","EcoCore_CSU","Fe",0.0005,"milligramsPerLiter",0.7,,0,,"OK"
"a9a249af-bd8d-420e-8e2a-22494958dcc9","D04","GUIL","GUIL.AOS.groundwater.well.005","GUIL.W5.20191008.FIL","A00000112476","2019-10-08T13:26Z","2019-10-08T13:26Z","EcoCore_CSU","CO3",0.0050,"milligramsPerLiter",0.7,,0,,"OK"
"cef83f04-5f49-45f7-9b59-14cdd5fab94c","D04","GUIL","GUIL.AOS.groundwater.well.005","GUIL.W5.20191008.FIL","A00000112476","2019-10-08T13:26Z","2019-10-08T13:26Z","EcoCore_CSU","Na",16.0400,"milligramsPerLiter",0.7,,0,,"OK"
"4f977f7b-a342-48ce-92d2-36e46fc0d340","D04","GUIL","GUIL.AOS.groundwater.well.005","GUIL.W5.20191008.FIL","A00000112476","2019-10-08T13:26Z","2019-10-08T13:26Z","EcoCore_CSU","Si",24.1700,"milligramsPerLiter",0.7,,0,,"OK"
"56675814-1514-438e-87ee-edbc6d63e53a","D04","GUIL","GUIL.AOS.groundwater.well.005","GUIL.W5.20191008.FIL","A00000112476","2019-10-08T13:26Z","2019-10-08T13:26Z","EcoCore_CSU","TDS",311.2400,"milligramsPerLiter",0.7,,0,,"OK"
"cad597de-1d95-4547-b250-04d957356ed6","D04","GUIL","GUIL.AOS.groundwater.well.005","GUIL.W5.20191008.FIL","A00000112476","2019-10-08T13:26Z","2019-10-08T13:26Z","EcoCore_CSU","K",1.5070,"milligramsPerLiter",0.7,,0,,"OK"
"52f51cab-3c82-4230-b2ea-e8d537bb9976","D04","GUIL","GUIL.AOS.groundwater.well.005","GUIL.W5.20191008.FIL","A00000112476","2019-10-08T13:26Z","2019-10-08T13:26Z","EcoCore_CSU","Ca",44.7700,"milligramsPerLiter",0.7,,0,,"OK"
"8dd18166-3162-4dfd-b340-5127d969b4dd","D04","GUIL","GUIL.AOS.groundwater.well.005","GUIL.W5.20191008.FIL","A00000112476","2019-10-08T13:26Z","2019-10-08T13:26Z","EcoCore_CSU","Mg",15.4500,"milligramsPerLiter",0.7,,0,,"OK"
"73cd5631-6407-4a2a-a089-fcb242bc44fc","D04","GUIL","GUIL.AOS.groundwater.well.005","GUIL.W5.20191008.FIL","A00000112476","2019-10-08T13:26Z","2019-10-08T13:26Z","EcoCore_CSU","SO4",25.7130,"milligramsPerLiter",0.7,,0,,"OK"
"9ea6d2ea-3747-48d1-b62f-3bc5d931e596","D04","GUIL","GUIL.AOS.groundwater.well.005","GUIL.W5.20191008.FIL","A00000112476","2019-10-08T13:26Z","2019-10-08T13:26Z","EcoCore_CSU","UV Absorbance (280 nm)",0.0150,,0.7,,0,,"OK"
"bfd12cf0-4aa7-4c36-baa3-9390a84f403c","D04","GUIL","GUIL.AOS.groundwater.well.005","GUIL.W5.20191008.FIL","A00000112476","2019-10-08T13:26Z","2019-10-08T13:26Z","EcoCore_CSU","UV Absorbance (250 nm)",-0.0163,,0.7,,0,,"OK"
"60c7a244-b9e2-45c0-affa-26377545065b","D04","GUIL","GUIL.AOS.groundwater.well.005","GUIL.W5.20191008.RAW","A00000112475","2019-10-08T13:26Z","2019-10-08T13:26Z","EcoCore_CSU","TN",5.2230,"milligramsPerLiter",0.7,,0,,"OK"
"45f889e2-fccf-4f15-8a74-277156843621","D04","GUIL","GUIL.AOS.groundwater.well.005","GUIL.W5.20191008.RAW","A00000112475","2019-10-08T13:26Z","2019-10-08T13:26Z","EcoCore_CSU","TOC",1.4070,"milligramsPerLiter",0.7,,0,,"OK"
"0e822fbd-77c4-412c-a3a3-ec82b8fc2b10","D04","GUIL","GUIL.AOS.groundwater.well.005","GUIL.W5.20191008.FIL","A00000112476","2019-10-08T13:26Z","2019-10-08T13:26Z","EcoCore_CSU","TDN",5.3220,"milligramsPerLiter",0.5,,0,,"OK"
"774180e4-6639-45e2-9737-a66163a7d6ed","D04","GUIL","GUIL.AOS.groundwater.well.005","GUIL.W5.20191008.FIL","A00000112476","2019-10-08T13:26Z","2019-10-08T13:26Z","EcoCore_CSU","DIC",44.1000,"milligramsPerLiter",0.7,,0,,"OK"
"19dd144e-3462-434d-951b-c356fb9dcc74","D04","GUIL","GUIL.AOS.groundwater.well.005","GUIL.W5.20191008.FIL","A00000112476","2019-10-08T13:26Z","2019-10-08T13:26Z","EcoCore_CSU","DOC",1.0050,"milligramsPerLiter",1.7,"filtered sample came in 250ml bottle - not enough for SWAPT| no raw sample",0,,"OK"
"7df26748-550a-4ec5-9a65-c6a8dccda11d","D04","GUIL","GUIL.AOS.groundwater.well.005","GUIL.W5.20191008.PCN","A00000112467","2019-10-08T13:26Z","2019-10-08T13:26Z","EcoCore_CSU","TPC",0.2091,"milligram",0.7,,0,,"OK"
"74cb56dd-a48e-4ef1-88b0-c74df1030b30","D04","GUIL","GUIL.AOS.groundwater.well.005","GUIL.W5.20191008.PCN","A00000112467","2019-10-08T13:26Z","2019-10-08T13:26Z","EcoCore_CSU","TPN",0.1191,"milligram",0.7,,0,,"OK"
"33f8162a-db1a-4eb6-b70e-a28c0f24bccb","D04","GUIL","GUIL.AOS.groundwater.well.001","GUIL.W1.20191009.FIL","A00000112472","2019-10-09T12:12Z","2019-10-09T12:12Z","EcoCore_CSU","DOC",0.8998,"milligramsPerLiter",0.5,,0,,"OK"
"d51eff70-aa1f-4bdc-8416-f380dd3287ed","D04","GUIL","GUIL.AOS.groundwater.well.001","GUIL.W1.20191009.FIL","A00000112472","2019-10-09T12:12Z","2019-10-09T12:12Z","EcoCore_CSU","TDN",1.2450,"milligramsPerLiter",0.7,,0,,"OK"
"e0713c7e-dada-4cba-92c1-083097ee09b0","D04","GUIL","GUIL.AOS.groundwater.well.001","GUIL.W1.20191009.PCN","A00000112468","2019-10-09T12:12Z","2019-10-09T12:12Z","EcoCore_CSU","TPC",0.1522,"milligram",0.2,,0,,"OK"
"d0abbe86-441e-4cf3-a49d-246a449ce926","D04","GUIL","GUIL.AOS.groundwater.well.001","GUIL.W1.20191009.PCN","A00000112468","2019-10-09T12:12Z","2019-10-09T12:12Z","EcoCore_CSU","TPN",0.1053,"milligram",0.2,,0,,"OK"
"de23f448-6990-42a1-b974-cf65d7298c0b","D04","GUIL","GUIL.AOS.groundwater.well.001","GUIL.W1.20191009.RAW","A00000112471","2019-10-09T12:12Z","2019-10-09T12:12Z","EcoCore_CSU","specificConductance",288.6200,"microsiemensPerCentimeter",0.2,,0,,"OK"
"9a2c97aa-d153-4176-8f26-41fe8238b5ee","D04","GUIL","GUIL.AOS.groundwater.well.001","GUIL.W1.20191009.RAW","A00000112471","2019-10-09T12:12Z","2019-10-09T12:12Z","EcoCore_CSU","ANC",2.6300,"milliequivalentsPerLiter",0.2,,0,,"OK"
"dfd8552c-3047-4a57-9e9c-9e50405ae081","D04","GUIL","GUIL.AOS.groundwater.well.001","GUIL.W1.20191009.RAW","A00000112471","2019-10-09T12:12Z","2019-10-09T12:12Z","EcoCore_CSU","TP",0.1540,"milligramsPerLiter",0.2,,0,,"OK"
"f3ebda98-9022-4946-af62-a7dc762a2499","D04","GUIL","GUIL.AOS.groundwater.well.001","GUIL.W1.20191009.RAW","A00000112471","2019-10-09T12:12Z","2019-10-09T12:12Z","EcoCore_CSU","TSS",42.0000,"milligramsPerLiter",0.2,,0,,"OK"
"0f9c1d37-4a10-40b1-bae2-21650db5016d","D04","GUIL","GUIL.AOS.groundwater.well.001","GUIL.W1.20191009.RAW","A00000112471","2019-10-09T12:12Z","2019-10-09T12:12Z","EcoCore_CSU","pH",6.5500,"pH",0.2,,0,,"OK"
"6ae09e2f-d1bc-4548-953f-4c92b051f38c","D04","GUIL","GUIL.AOS.groundwater.well.001","GUIL.W1.20191009.RAW","A00000112471","2019-10-09T12:12Z","2019-10-09T12:12Z","EcoCore_CSU","TSS - Dry Mass",2100.0000,"microgram",0.2,,0,,"OK"
"5fc92718-62a2-4575-92bb-836cf55f2e92","D04","GUIL","GUIL.AOS.groundwater.well.001","GUIL.W1.20191009.FIL","A00000112472","2019-10-09T12:12Z","2019-10-09T12:12Z","EcoCore_CSU","Ortho - P",0.0830,"milligramsPerLiter",0.2,,0,,"OK"
"6eb127f1-aec5-4c76-a7f6-912f8319e3a1","D04","GUIL","GUIL.AOS.groundwater.well.001","GUIL.W1.20191009.FIL","A00000112472","2019-10-09T12:12Z","2019-10-09T12:12Z","EcoCore_CSU","NH4 - N",0.0607,"milligramsPerLiter",0.2,,0,,"OK"
"70012fc3-d135-4743-8bbe-06a304f21231","D04","GUIL","GUIL.AOS.groundwater.well.001","GUIL.W1.20191009.FIL","A00000112472","2019-10-09T12:12Z","2019-10-09T12:12Z","EcoCore_CSU","NO2 - N",-0.0063,"milligramsPerLiter",0.2,,0,,"OK"
"19fa2d70-67c7-4ef8-8786-9defe0376d79","D04","GUIL","GUIL.AOS.groundwater.well.001","GUIL.W1.20191009.FIL","A00000112472","2019-10-09T12:12Z","2019-10-09T12:12Z","EcoCore_CSU","NO3+NO2 - N",1.2898,"milligramsPerLiter",0.2,,0,,"OK"
"b24ca990-4b2d-4d3e-8889-d28cfe57f2d5","D04","GUIL","GUIL.AOS.groundwater.well.001","GUIL.W1.20191009.FIL","A00000112472","2019-10-09T12:12Z","2019-10-09T12:12Z","EcoCore_CSU","Ca",31.5100,"milligramsPerLiter",0.2,,0,,"OK"
"6c8f09bf-3c4e-4a6b-a30e-95d836edf9c0","D04","GUIL","GUIL.AOS.groundwater.well.001","GUIL.W1.20191009.FIL","A00000112472","2019-10-09T12:12Z","2019-10-09T12:12Z","EcoCore_CSU","Na",9.2280,"milligramsPerLiter",0.2,,0,,"OK"
"61252981-2f71-4ae6-a2fc-e912324029c8","D04","GUIL","GUIL.AOS.groundwater.well.001","GUIL.W1.20191009.FIL","A00000112472","2019-10-09T12:12Z","2019-10-09T12:12Z","EcoCore_CSU","Si",20.1900,"milligramsPerLiter",0.2,,0,,"OK"
"8f7c62da-8e46-4f38-86aa-fddc27021d1b","D04","GUIL","GUIL.AOS.groundwater.well.001","GUIL.W1.20191009.FIL","A00000112472","2019-10-09T12:12Z","2019-10-09T12:12Z","EcoCore_CSU","TDS",203.1700,"milligramsPerLiter",0.2,,0,,"OK"
"fcd4e8aa-9ad4-4302-ac2f-277eb2cda61f","D04","GUIL","GUIL.AOS.groundwater.well.001","GUIL.W1.20191009.FIL","A00000112472","2019-10-09T12:12Z","2019-10-09T12:12Z","EcoCore_CSU","F",0.0050,"milligramsPerLiter",0.2,,0,,"OK"
"ee4102b3-c7c9-4151-b60b-8006cf195a47","D04","GUIL","GUIL.AOS.groundwater.well.001","GUIL.W1.20191009.FIL","A00000112472","2019-10-09T12:12Z","2019-10-09T12:12Z","EcoCore_CSU","Fe",0.0005,"milligramsPerLiter",0.2,,0,,"OK"
"1078d81f-0f1e-4973-b556-00d44eb8fd52","D04","GUIL","GUIL.AOS.groundwater.well.001","GUIL.W1.20191009.FIL","A00000112472","2019-10-09T12:12Z","2019-10-09T12:12Z","EcoCore_CSU","Mn",0.0005,"milligramsPerLiter",0.2,,0,,"OK"
"264bf0d3-1285-4b32-b82e-1a6bf6ed35cd","D04","GUIL","GUIL.AOS.groundwater.well.001","GUIL.W1.20191009.FIL","A00000112472","2019-10-09T12:12Z","2019-10-09T12:12Z","EcoCore_CSU","Mg",10.4300,"milligramsPerLiter",0.2,,0,,"OK"
"bffa5c5c-17df-4daf-bbd4-c224a67e0412","D04","GUIL","GUIL.AOS.groundwater.well.001","GUIL.W1.20191009.FIL","A00000112472","2019-10-09T12:12Z","2019-10-09T12:12Z","EcoCore_CSU","CO3",0.0050,"milligramsPerLiter",0.2,,0,,"OK"
"0fc12c4e-b1b6-4da7-a163-fef9ff0c85cc","D04","GUIL","GUIL.AOS.groundwater.well.001","GUIL.W1.20191009.FIL","A00000112472","2019-10-09T12:12Z","2019-10-09T12:12Z","EcoCore_CSU","K",1.2100,"milligramsPerLiter",0.2,,0,,"OK"
"c0d83d38-3ace-413c-8016-e4c7bcb66687","D04","GUIL","GUIL.AOS.groundwater.well.001","GUIL.W1.20191009.FIL","A00000112472","2019-10-09T12:12Z","2019-10-09T12:12Z","EcoCore_CSU","SO4",13.5507,"milligramsPerLiter",0.2,,0,,"OK"
"751ce5f4-a02c-436b-bef5-2ad5ff682188","D04","GUIL","GUIL.AOS.groundwater.well.001","GUIL.W1.20191009.FIL","A00000112472","2019-10-09T12:12Z","2019-10-09T12:12Z","EcoCore_CSU","Cl",4.9300,"milligramsPerLiter",0.2,,0,,"OK"
"26293e99-ba5b-4ca5-b149-0df2d12a2120","D04","GUIL","GUIL.AOS.groundwater.well.001","GUIL.W1.20191009.FIL","A00000112472","2019-10-09T12:12Z","2019-10-09T12:12Z","EcoCore_CSU","Br",0.0050,"milligramsPerLiter",0.2,,0,,"OK"
"2d6ea5c2-fef9-4a01-a553-6f8d2059703e","D04","GUIL","GUIL.AOS.groundwater.well.001","GUIL.W1.20191009.FIL","A00000112472","2019-10-09T12:12Z","2019-10-09T12:12Z","EcoCore_CSU","TDP",0.0070,"milligramsPerLiter",0.2,,0,,"OK"
"497e5f05-ddeb-4334-a124-6815776e04fa","D04","GUIL","GUIL.AOS.groundwater.well.001","GUIL.W1.20191009.FIL","A00000112472","2019-10-09T12:12Z","2019-10-09T12:12Z","EcoCore_CSU","HCO3",150.2800,"milligramsPerLiter",0.2,,0,,"OK"
"962f0743-fbad-4415-855a-077f05980b86","D04","GUIL","GUIL.AOS.groundwater.well.001","GUIL.W1.20191009.FIL","A00000112472","2019-10-09T12:12Z","2019-10-09T12:12Z","EcoCore_CSU","UV Absorbance (250 nm)",0.0163,,0.2,,0,,"OK"
"48f38308-e9b1-43fa-a86e-581bd25c0e65","D04","GUIL","GUIL.AOS.groundwater.well.001","GUIL.W1.20191009.FIL","A00000112472","2019-10-09T12:12Z","2019-10-09T12:12Z","EcoCore_CSU","UV Absorbance (280 nm)",0.0128,,0.2,,0,,"OK"
"0813646a-33d8-457d-97bd-97014b5f32f0","D04","GUIL","GUIL.AOS.groundwater.well.001","GUIL.W1.20191009.RAW","A00000112471","2019-10-09T12:12Z","2019-10-09T12:12Z","EcoCore_CSU","TOC",0.8947,"milligramsPerLiter",0.2,,0,,"OK"
"938afd9e-3ecd-4eb6-a155-2f5e258c456b","D04","GUIL","GUIL.AOS.groundwater.well.001","GUIL.W1.20191009.RAW","A00000112471","2019-10-09T12:12Z","2019-10-09T12:12Z","EcoCore_CSU","TN",1.3550,"milligramsPerLiter",0.2,,0,,"OK"
"7aacac3f-c67b-47b2-a0c3-0e922a3a73d1","D04","GUIL","GUIL.AOS.groundwater.well.001","GUIL.W1.20191009.FIL","A00000112472","2019-10-09T12:12Z","2019-10-09T12:12Z","EcoCore_CSU","DIC",39.0000,"milligramsPerLiter",0.2,,0,,"OK"
"d2d82db7-c4e1-4a53-b8c7-94f6eb0282ff","D04","GUIL","GUIL.AOS.groundwater.well.003","GUIL.W3.20191009.RAW","A00000112473","2019-10-09T13:51Z","2019-10-09T13:51Z","EcoCore_CSU","TP",0.1330,"milligramsPerLiter",0.2,,0,,"OK"
"96e5cf94-e94a-4d1b-82b3-54377c4311f8","D04","GUIL","GUIL.AOS.groundwater.well.003","GUIL.W3.20191009.PCN","A00000112469","2019-10-09T13:51Z","2019-10-09T13:51Z","EcoCore_CSU","TPC",0.1661,"milligram",0.2,,0,,"OK"
"7ac9c0a6-cc6a-447f-8c4c-3033926c108d","D04","GUIL","GUIL.AOS.groundwater.well.003","GUIL.W3.20191009.RAW","A00000112473","2019-10-09T13:51Z","2019-10-09T13:51Z","EcoCore_CSU","specificConductance",473.6800,"microsiemensPerCentimeter",0.2,,0,,"OK"
"b73b277c-9833-4140-889a-d99c6f858c2c","D04","GUIL","GUIL.AOS.groundwater.well.003","GUIL.W3.20191009.RAW","A00000112473","2019-10-09T13:51Z","2019-10-09T13:51Z","EcoCore_CSU","ANC",4.3600,"milliequivalentsPerLiter",0.2,,0,,"OK"
"9b05dbcd-7d97-4c15-a6d0-4efcd1175b5c","D04","GUIL","GUIL.AOS.groundwater.well.003","GUIL.W3.20191009.RAW","A00000112473","2019-10-09T13:51Z","2019-10-09T13:51Z","EcoCore_CSU","TSS - Dry Mass",5500.0000,"microgram",0.2,,0,,"OK"
"95941121-b665-4d6f-8902-3b8b7ec92ba0","D04","GUIL","GUIL.AOS.groundwater.well.003","GUIL.W3.20191009.RAW","A00000112473","2019-10-09T13:51Z","2019-10-09T13:51Z","EcoCore_CSU","TSS",110.0000,"milligramsPerLiter",0.2,,0,,"OK"
"d1bc5be0-f260-4614-a13b-315924cf85f9","D04","GUIL","GUIL.AOS.groundwater.well.003","GUIL.W3.20191009.FIL","A00000112474","2019-10-09T13:51Z","2019-10-09T13:51Z","EcoCore_CSU","NH4 - N",0.0412,"milligramsPerLiter",0.2,,0,,"OK"
"7e17f3a2-eeaa-4d36-af74-d449c0d9b44f","D04","GUIL","GUIL.AOS.groundwater.well.003","GUIL.W3.20191009.FIL","A00000112474","2019-10-09T13:51Z","2019-10-09T13:51Z","EcoCore_CSU","NO2 - N",-0.0059,"milligramsPerLiter",0.2,,0,,"OK"
"36a4c959-2842-4e5f-aec1-5e1f83657181","D04","GUIL","GUIL.AOS.groundwater.well.003","GUIL.W3.20191009.FIL","A00000112474","2019-10-09T13:51Z","2019-10-09T13:51Z","EcoCore_CSU","Ortho - P",0.0400,"milligramsPerLiter",0.2,,0,,"OK"
"7fc47a90-8a8f-4a9b-8298-ce9a991e5ae8","D04","GUIL","GUIL.AOS.groundwater.well.003","GUIL.W3.20191009.FIL","A00000112474","2019-10-09T13:51Z","2019-10-09T13:51Z","EcoCore_CSU","NO3+NO2 - N",2.5620,"milligramsPerLiter",0.2,,0,,"OK"
"31255f79-1281-4cf9-9e1a-ea59d0ca275a","D04","GUIL","GUIL.AOS.groundwater.well.003","GUIL.W3.20191009.FIL","A00000112474","2019-10-09T13:51Z","2019-10-09T13:51Z","EcoCore_CSU","Si",25.6700,"milligramsPerLiter",0.2,,0,,"OK"
"f3076d81-9911-417d-9712-91a5fe29da25","D04","GUIL","GUIL.AOS.groundwater.well.003","GUIL.W3.20191009.FIL","A00000112474","2019-10-09T13:51Z","2019-10-09T13:51Z","EcoCore_CSU","F",0.0050,"milligramsPerLiter",0.2,,0,,"OK"
"edb66b8f-aa10-4e7c-b4de-cf453b94dc95","D04","GUIL","GUIL.AOS.groundwater.well.003","GUIL.W3.20191009.FIL","A00000112474","2019-10-09T13:51Z","2019-10-09T13:51Z","EcoCore_CSU","SO4",14.0439,"milligramsPerLiter",0.2,,0,,"OK"
"1ed1e5b3-bffc-4045-88a0-a80e0cdd35ae","D04","GUIL","GUIL.AOS.groundwater.well.003","GUIL.W3.20191009.FIL","A00000112474","2019-10-09T13:51Z","2019-10-09T13:51Z","EcoCore_CSU","Ca",54.7300,"milligramsPerLiter",0.2,,0,,"OK"
"238238a8-db9d-4eb2-a398-024c9646fe90","D04","GUIL","GUIL.AOS.groundwater.well.003","GUIL.W3.20191009.FIL","A00000112474","2019-10-09T13:51Z","2019-10-09T13:51Z","EcoCore_CSU","TDS",342.5600,"milligramsPerLiter",0.2,,0,,"OK"
"f6a87bf5-5c15-47ae-95e0-bbec67237fe3","D04","GUIL","GUIL.AOS.groundwater.well.003","GUIL.W3.20191009.FIL","A00000112474","2019-10-09T13:51Z","2019-10-09T13:51Z","EcoCore_CSU","CO3",0.0050,"milligramsPerLiter",0.2,,0,,"OK"
"675621ee-366b-456a-b5bc-63ff84193675","D04","GUIL","GUIL.AOS.groundwater.well.003","GUIL.W3.20191009.FIL","A00000112474","2019-10-09T13:51Z","2019-10-09T13:51Z","EcoCore_CSU","Na",13.9200,"milligramsPerLiter",0.2,,0,,"OK"
"5911ce0b-2acd-4464-972f-631697eddfc6","D04","GUIL","GUIL.AOS.groundwater.well.003","GUIL.W3.20191009.FIL","A00000112474","2019-10-09T13:51Z","2019-10-09T13:51Z","EcoCore_CSU","Br",0.0050,"milligramsPerLiter",0.2,,0,,"OK"
"e3fb79ff-7637-4499-9db5-ae1be81d9e81","D04","GUIL","GUIL.AOS.groundwater.well.003","GUIL.W3.20191009.FIL","A00000112474","2019-10-09T13:51Z","2019-10-09T13:51Z","EcoCore_CSU","K",2.1960,"milligramsPerLiter",0.2,,0,,"OK"
"f0e85314-1351-4c6a-8810-29de034fb6fe","D04","GUIL","GUIL.AOS.groundwater.well.003","GUIL.W3.20191009.FIL","A00000112474","2019-10-09T13:51Z","2019-10-09T13:51Z","EcoCore_CSU","Fe",0.0005,"milligramsPerLiter",0.2,,0,,"OK"
"a187f8b5-8bc0-466d-a443-fba9c82ed637","D04","GUIL","GUIL.AOS.groundwater.well.003","GUIL.W3.20191009.FIL","A00000112474","2019-10-09T13:51Z","2019-10-09T13:51Z","EcoCore_CSU","Mg",15.9300,"milligramsPerLiter",0.2,,0,,"OK"
"b819184a-f22b-4363-9419-ee7d09c721c6","D04","GUIL","GUIL.AOS.groundwater.well.003","GUIL.W3.20191009.FIL","A00000112474","2019-10-09T13:51Z","2019-10-09T13:51Z","EcoCore_CSU","TDP",0.0200,"milligramsPerLiter",0.2,,0,,"OK"
"dfe3f70f-337e-410e-9215-ef7d8342e282","D04","GUIL","GUIL.AOS.groundwater.well.003","GUIL.W3.20191009.FIL","A00000112474","2019-10-09T13:51Z","2019-10-09T13:51Z","EcoCore_CSU","HCO3",259.4100,"milligramsPerLiter",0.2,,0,,"OK"
"0dbd7ec6-e0a1-49f3-86dc-672a9e78a285","D04","GUIL","GUIL.AOS.groundwater.well.003","GUIL.W3.20191009.FIL","A00000112474","2019-10-09T13:51Z","2019-10-09T13:51Z","EcoCore_CSU","Cl",6.6700,"milligramsPerLiter",0.2,,0,,"OK"
"836097a9-dea2-49de-8f31-97f35ac2efb9","D04","GUIL","GUIL.AOS.groundwater.well.003","GUIL.W3.20191009.FIL","A00000112474","2019-10-09T13:51Z","2019-10-09T13:51Z","EcoCore_CSU","Mn",0.0005,"milligramsPerLiter",0.2,,0,,"OK"
"96281a5f-eee1-4b54-b07e-e9f790d69f36","D04","GUIL","GUIL.AOS.groundwater.well.003","GUIL.W3.20191009.FIL","A00000112474","2019-10-09T13:51Z","2019-10-09T13:51Z","EcoCore_CSU","UV Absorbance (250 nm)",0.0068,,0.2,,0,,"OK"
"107cb694-e504-42c8-9a7e-5185316df155","D04","GUIL","GUIL.AOS.groundwater.well.003","GUIL.W3.20191009.FIL","A00000112474","2019-10-09T13:51Z","2019-10-09T13:51Z","EcoCore_CSU","UV Absorbance (280 nm)",0.0049,,0.2,,0,,"OK"
"e2dcd915-f249-46c5-b2de-9c6bf2466584","D04","GUIL","GUIL.AOS.groundwater.well.003","GUIL.W3.20191009.RAW","A00000112473","2019-10-09T13:51Z","2019-10-09T13:51Z","EcoCore_CSU","TOC",0.8242,"milligramsPerLiter",0.2,,0,,"OK"
"fb96bdbc-c972-4c37-bb39-ff8ab6f43cda","D04","GUIL","GUIL.AOS.groundwater.well.003","GUIL.W3.20191009.RAW","A00000112473","2019-10-09T13:51Z","2019-10-09T13:51Z","EcoCore_CSU","TN",3.1860,"milligramsPerLiter",0.2,,0,,"OK"
"4585ec81-2736-4e89-8841-dce5e2c8c8da","D04","GUIL","GUIL.AOS.groundwater.well.003","GUIL.W3.20191009.FIL","A00000112474","2019-10-09T13:51Z","2019-10-09T13:51Z","EcoCore_CSU","DIC",69.4500,"milligramsPerLiter",0.2,,0,,"OK"
"ae73e8d9-3e92-4195-b050-57e2e9bdde3f","D04","GUIL","GUIL.AOS.groundwater.well.003","GUIL.W3.20191009.FIL","A00000112474","2019-10-09T13:51Z","2019-10-09T13:51Z","EcoCore_CSU","DOC",1.0540,"milligramsPerLiter",1.2,,0,,"OK"
"51648abe-4bfd-4b2f-84c6-3fc5d783c14f","D04","GUIL","GUIL.AOS.groundwater.well.003","GUIL.W3.20191009.FIL","A00000112474","2019-10-09T13:51Z","2019-10-09T13:51Z","EcoCore_CSU","TDN",2.7530,"milligramsPerLiter",0.6,,0,,"OK"
"9ae71e54-dc95-4f0e-bde7-dbeceb8a65d7","D04","GUIL","GUIL.AOS.groundwater.well.003","GUIL.W3.20191009.PCN","A00000112469","2019-10-09T13:51Z","2019-10-09T13:51Z","EcoCore_CSU","TPN",0.1109,"milligram",0.2,,0,,"OK"
"95c31f97-755f-4bbe-abca-2ae40b2df32b","D04","GUIL","GUIL.AOS.groundwater.well.003","GUIL.W3.20191009.RAW","A00000112473","2019-10-09T13:51Z","2019-10-09T13:51Z","EcoCore_CSU","pH",6.7900,"pH",0.2,,0,,"OK"
