uid,domainID,siteID,namedLocation,collectDate,parentSampleID,sampleCondition,sampleID,replicateNumber,gwwDICBubbleFree,gwwFiltSampleHeadspace,gwwAlkSampleHeadspace,gwwAlkSampleBubbleFree,processedDate,processedDateFilters,sampleVolumeFiltered,shipmentTimeRange
"bfedb548-ba36-4f79-8542-f0e3cde94722","D04","GUIL","GUIL.AOS.groundwater.well.006","2019-10-08T11:41Z","GUIL.W6.20191008","Sample condition ok","GUIL.W6.20191008",,,,,,"2019-10-08T12:21Z","2019-10-08T12:21Z",3170.0,
"bbeb73fb-be94-4e4c-a095-3effe66a7073","D04","GUIL","GUIL.AOS.groundwater.well.005","2019-10-08T13:26Z","GUIL.W5.20191008","Sample condition ok","GUIL.W5.20191008",,,,,,"2019-10-08T13:48Z","2019-10-08T13:48Z",250.0,
"42fc314d-86e2-4ec9-9154-ab0db4b353aa","D04","GUIL","GUIL.AOS.groundwater.well.001","2019-10-09T12:12Z","GUIL.W1.20191009","Sample condition ok","GUIL.W1.20191009",,,,,,"2019-10-09T12:40Z","2019-10-09T12:40Z",100.0,
"27fbd135-2dae-4ff6-baa7-6aaffcf32b7b","D04","GUIL","GUIL.AOS.groundwater.well.003","2019-10-09T13:51Z","GUIL.W3.20191009","Sample condition ok","GUIL.W3.20191009",,,,,,"2019-10-09T14:08Z","2019-10-09T14:08Z",100.0,
