uid,domainID,siteID,namedLocation,collectDate,parentSampleID,sampleCondition,sampleID,replicateNumber,gwwDICBubbleFree,gwwFiltSampleHeadspace,gwwAlkSampleHeadspace,gwwAlkSampleBubbleFree,processedDate,processedDateFilters,sampleVolumeFiltered,shipmentTimeRange
"ff9a6568-3922-44ab-a5b6-57a19bb5f5ba","D05","LIRO","LIRO.AOS.groundwater.well.002","2017-10-24T16:30Z","LIRO.W2.20171024","Sample condition ok","LIRO.W2.20171024",1,,,,,"2017-10-24T21:46Z","2017-10-24T22:08Z",50.0,
"f8631211-5dde-4a2a-bc62-a9ebf30f6273","D05","LIRO","LIRO.AOS.groundwater.well.001","2017-10-24T17:26Z","LIRO.W1.20171024","Sample condition ok","LIRO.W1.20171024",1,,,,,"2017-10-24T21:50Z","2017-10-24T22:32Z",250.0,
"77ccecfe-dc56-43f8-9bcb-c8f2bf81f87c","D05","LIRO","LIRO.AOS.groundwater.well.007","2017-10-24T19:08Z","LIRO.W7.20171024","Sample condition ok","LIRO.W7.20171024",1,,,,,"2017-10-24T21:58Z","2017-10-24T22:23Z",100.0,
"25017142-6ac3-46e6-a3e0-ddd1cc913778","D05","LIRO","LIRO.AOS.groundwater.well.004","2017-10-24T19:56Z","LIRO.W4.20171024","Sample condition ok","LIRO.W4.20171024",1,,,,,"2017-10-24T22:08Z","2017-10-24T22:36Z",100.0,
