uid,domainID,siteID,namedLocation,collectDate,titrationDate,parentSampleID,domainSampleID,remarks,measuredBy,alkMeqPerL,alkMgPerL,ancMeqPerL,ancMgPerL
"982626e3-b1e5-4575-9442-348af5d91f28","D05","LIRO","LIRO.AOS.groundwater.well.002","2017-10-24T16:30Z","2017-10-25T16:10Z","LIRO.W2.20171024","LIRO.W2.20171024.ALK",,"Jhudson@battelleecology.org",0.420,21.000,,
"2868d7aa-a88d-482c-87b3-717e72fbe681","D05","LIRO","LIRO.AOS.groundwater.well.001","2017-10-24T17:26Z","2017-10-25T16:28Z","LIRO.W1.20171024","LIRO.W1.20171024.ALK",,"jhudson",0.440,21.800,,
"9bfda767-c28c-4290-bec8-89a2c4b59870","D05","LIRO","LIRO.AOS.groundwater.well.007","2017-10-24T19:08Z","2017-10-25T18:06Z","LIRO.W7.20171024","LIRO.W7.20171024.ALK",,"jhudson@battelleecology.org",0.280,14.100,,
"9ed1b8fd-3f49-4fdf-b8e4-21c6e2149ec1","D05","LIRO","LIRO.AOS.groundwater.well.004","2017-10-24T19:56Z","2017-10-25T18:33Z","LIRO.W4.20171024","LIRO.W4.20171024.ALK",,"jhudson@battelleecology.org",0.510,25.300,,
