uid,domainID,siteID,namedLocation,decimalLatitude,decimalLongitude,coordinateUncertainty,elevation,elevationUncertainty,geodeticDatum,collectDate,aquaticSiteType,samplingImpractical,waterChemSamplesCollected,adequateSampleVol,parentSampleID,eventID,swcSamplingProtocolVersion,sampleExtractionMethod,samplerType,totalWellDepth,wellWaterDepth,waterColumnHeight,sampleDepth,purgeAverageDischargeRate,purgeTime,gwWellStabilized,purgeDryDateTime,pumpPlacementDate,screenedIntervalDepth,maxAllowableDrawdown,actualDrawdown,MADExceeded,wellVolumePurged,probeIDUnavailable,dissolvedOxygen,dissolvedOxygenSaturation,specificConductance,waterTemp,pH,waterClarityDescrip,waterColorDescrip,aCollectedBy,bCollectedBy,remarks
"f420c302-3de1-48c6-85e8-75c3c7a7e40f","D05","LIRO","LIRO.AOS.groundwater.well.002",45.994405,-89.707149,2.4,501.2,1.2,"WGS84","2017-10-24T16:30Z","lake",,,,"LIRO.W2.20171024","LIRO.20171024","NEON.DOC.002905vE","low-flow","Groundwater Pump",10.2,6.4,3.8,7.4,,,,,,,,,,2.7,,,,67.30,7.60,,"cloudy","brown","hbeeler@battelleecology.org","jhudson@neoninc.org",
"cbdc203f-c301-447a-987b-23061ce42d00","D05","LIRO","LIRO.AOS.groundwater.well.001",45.994754,-89.707967,2.4,505.9,1.2,"WGS84","2017-10-24T17:26Z","lake",,,,"LIRO.W1.20171024","LIRO.20171024","NEON.DOC.002905vE","low-flow","Groundwater Pump",14.6,11.2,3.4,12.2,,,,,,,,,,1.7,,,,57.40,7.10,,"clear","colorless","jhudson@neoninc.org","hbeeler@battelleecology.org",
"b7e569ac-5efd-41dc-aee5-8f90df029ea9","D05","LIRO","LIRO.AOS.groundwater.well.007",46.001007,-89.705512,2.4,501.3,1.2,"WGS84","2017-10-24T19:08Z","lake",,,,"LIRO.W7.20171024","LIRO.20171024","NEON.DOC.002905vE","low-flow","Groundwater Pump",11.5,6.8,4.7,7.8,,,,,,,,,,2.6,,,,35.70,8.50,,"clear","colorless","jhudson@neoninc.org","hbeeler@battelleecology.org",
"c8cd01a0-2442-4b7e-a270-232253c786c5","D05","LIRO","LIRO.AOS.groundwater.well.004",46.000149,-89.701040,2.4,500.6,1.2,"WGS84","2017-10-24T19:56Z","lake",,,,"LIRO.W4.20171024","LIRO.20171024","NEON.DOC.002905vE","low-flow","Groundwater Pump",10.0,5.8,4.2,6.8,,,,,,,,,,3.2,,,,76.50,7.20,,"clear","colorless","jhudson@neoninc.org","hbeeler@battelleecology.org",
