uid,domainID,siteID,namedLocation,sampleID,sampleCode,startDate,collectDate,laboratoryName,analyte,analyteConcentration,analyteUnits,coolerTemp,remarks,shipmentWarmQF,externalLabDataQF,sampleCondition
"b62c9dad-b446-40c9-b269-21d4e0bae9d1","D05","LIRO","LIRO.AOS.groundwater.well.002","LIRO.W2.20171024.FIL",,"2017-10-24T16:30Z","2017-10-24T16:30Z","EcoCore_CSU","Ca",5.5730,"milligramsPerLiter",4.2,,0,"formatChange","GOOD"
"fbfd336d-2d86-406f-bdea-a59db7058583","D05","LIRO","LIRO.AOS.groundwater.well.002","LIRO.W2.20171024.FIL",,"2017-10-24T16:30Z","2017-10-24T16:30Z","EcoCore_CSU","K",0.2340,"milligramsPerLiter",4.2,,0,"formatChange","GOOD"
"087b359b-b8a0-4cc7-a2c8-d9f36cd93fb3","D05","LIRO","LIRO.AOS.groundwater.well.002","LIRO.W2.20171024.RAW",,"2017-10-24T16:30Z","2017-10-24T16:30Z","EcoCore_CSU","TP",0.0500,"milligramsPerLiter",4.2,,0,"formatChange","GOOD"
"61aa8496-c15c-4c58-bb08-04b870d91339","D05","LIRO","LIRO.AOS.groundwater.well.002","LIRO.W2.20171024.FIL",,"2017-10-24T16:30Z","2017-10-24T16:30Z","EcoCore_CSU","DOC",1.3540,"milligramsPerLiter",4.2,,0,"formatChange","GOOD"
"b84f9938-f2b7-4075-8972-f4bb0fc56d30","D05","LIRO","LIRO.AOS.groundwater.well.002","LIRO.W2.20171024.RAW",,"2017-10-24T16:30Z","2017-10-24T16:30Z","EcoCore_CSU","conductivity",44.9000,"microsiemensPerCentimeter",4.2,,0,"formatChange","GOOD"
"ac80c8c3-a2e8-4967-90bc-8665088fca74","D05","LIRO","LIRO.AOS.groundwater.well.002","LIRO.W2.20171024.RAW",,"2017-10-24T16:30Z","2017-10-24T16:30Z","EcoCore_CSU","TN",-0.0270,"milligramsPerLiter",4.2,,0,"formatChange","GOOD"
"d5fe32dd-5527-4467-87a3-3506b5824d74","D05","LIRO","LIRO.AOS.groundwater.well.002","LIRO.W2.20171024.FIL",,"2017-10-24T16:30Z","2017-10-24T16:30Z","EcoCore_CSU","NO3+NO2 - N",0.0416,"milligramsPerLiter",4.2,,0,"formatChange","GOOD"
"7f6bfbaf-b903-4128-90a3-9cfa85df7025","D05","LIRO","LIRO.AOS.groundwater.well.002","LIRO.W2.20171024.FIL",,"2017-10-24T16:30Z","2017-10-24T16:30Z","EcoCore_CSU","F",0.0050,"milligramsPerLiter",4.2,,0,"formatChange","GOOD"
"6c4b4123-b795-49a6-bd00-84c60bf39685","D05","LIRO","LIRO.AOS.groundwater.well.002","LIRO.W2.20171024.PCN",,"2017-10-24T16:30Z","2017-10-24T16:30Z","EcoCore_CSU","TPN",0.1495,"milligram",4.2,,0,"formatChange","GOOD"
"bb9f6da3-b0aa-492d-b93d-df3c8e5d4b89","D05","LIRO","LIRO.AOS.groundwater.well.002","LIRO.W2.20171024.FIL",,"2017-10-24T16:30Z","2017-10-24T16:30Z","EcoCore_CSU","NH4 - N",0.1173,"milligramsPerLiter",4.2,,0,"formatChange","GOOD"
"87606c13-d025-43c6-bdcc-c8818365ea64","D05","LIRO","LIRO.AOS.groundwater.well.002","LIRO.W2.20171024.FIL",,"2017-10-24T16:30Z","2017-10-24T16:30Z","EcoCore_CSU","Ortho - P",0.0190,"milligramsPerLiter",4.2,,0,"formatChange","GOOD"
"4ff11db2-0654-460f-a084-06d3056541a0","D05","LIRO","LIRO.AOS.groundwater.well.002","LIRO.W2.20171024.FIL",,"2017-10-24T16:30Z","2017-10-24T16:30Z","EcoCore_CSU","Fe",0.0005,"milligramsPerLiter",4.2,,0,"formatChange","GOOD"
"d48b3384-a203-49e1-b23d-6889abfe1238","D05","LIRO","LIRO.AOS.groundwater.well.002","LIRO.W2.20171024.FIL",,"2017-10-24T16:30Z","2017-10-24T16:30Z","EcoCore_CSU","Si",0.3100,"milligramsPerLiter",4.2,,0,"formatChange","GOOD"
"8d895e7b-d884-4b95-a149-6bcc94297608","D05","LIRO","LIRO.AOS.groundwater.well.002","LIRO.W2.20171024.FIL",,"2017-10-24T16:30Z","2017-10-24T16:30Z","EcoCore_CSU","TDP",0.0260,"milligramsPerLiter",4.2,,0,"formatChange","GOOD"
"b88e5dee-8bd5-4764-b8a0-5cad8c25ce2c","D05","LIRO","LIRO.AOS.groundwater.well.002","LIRO.W2.20171024.FIL",,"2017-10-24T16:30Z","2017-10-24T16:30Z","EcoCore_CSU","SO4",7.4300,"milligramsPerLiter",4.2,,0,"formatChange","GOOD"
"c0a2ff01-0df7-4a87-a710-0eb752e53265","D05","LIRO","LIRO.AOS.groundwater.well.002","LIRO.W2.20171024.FIL",,"2017-10-24T16:30Z","2017-10-24T16:30Z","EcoCore_CSU","UV Absorbance (280 nm)",0.0037,,4.2,,0,"formatChange","GOOD"
"0b91e1bc-d152-47d9-8f3d-9c8016fd43f0","D05","LIRO","LIRO.AOS.groundwater.well.002","LIRO.W2.20171024.RAW",,"2017-10-24T16:30Z","2017-10-24T16:30Z","EcoCore_CSU","TOC",1.1540,"milligramsPerLiter",4.2,,0,"formatChange","GOOD"
"44ba3ecc-be15-4e63-a6b1-48a5f38395e3","D05","LIRO","LIRO.AOS.groundwater.well.002","LIRO.W2.20171024.FIL",,"2017-10-24T16:30Z","2017-10-24T16:30Z","EcoCore_CSU","TDN",-0.0017,"milligramsPerLiter",4.2,,0,"formatChange","GOOD"
"da40dc55-4d4f-4015-8cd4-8ae1ec4f7854","D05","LIRO","LIRO.AOS.groundwater.well.002","LIRO.W2.20171024.FIL",,"2017-10-24T16:30Z","2017-10-24T16:30Z","EcoCore_CSU","NO2 - N",0.0165,"milligramsPerLiter",4.2,,0,"formatChange","GOOD"
"87afd321-3691-4068-8287-af1d1f5c1fe0","D05","LIRO","LIRO.AOS.groundwater.well.002","LIRO.W2.20171024.PCN",,"2017-10-24T16:30Z","2017-10-24T16:30Z","EcoCore_CSU","TPC",0.2865,"milligram",4.2,,0,"formatChange","GOOD"
"d7a77180-1fc4-4240-a832-deefc5e08eb0","D05","LIRO","LIRO.AOS.groundwater.well.002","LIRO.W2.20171024.FIL",,"2017-10-24T16:30Z","2017-10-24T16:30Z","EcoCore_CSU","Mn",0.0400,"milligramsPerLiter",4.2,,0,"formatChange","GOOD"
"5aacc127-e354-49a5-a92c-80719ab5ad59","D05","LIRO","LIRO.AOS.groundwater.well.002","LIRO.W2.20171024.FIL",,"2017-10-24T16:30Z","2017-10-24T16:30Z","EcoCore_CSU","UV Absorbance (250 nm)",0.0119,,4.2,,0,"formatChange","GOOD"
"ef073fb6-ef12-4dcd-9e16-6d855a36cf12","D05","LIRO","LIRO.AOS.groundwater.well.002","LIRO.W2.20171024.FIL",,"2017-10-24T16:30Z","2017-10-24T16:30Z","EcoCore_CSU","Cl",6.3100,"milligramsPerLiter",4.2,,0,"formatChange","GOOD"
"2c116508-b39b-47d4-9107-0a249e7fb2ae","D05","LIRO","LIRO.AOS.groundwater.well.002","LIRO.W2.20171024.FIL",,"2017-10-24T16:30Z","2017-10-24T16:30Z","EcoCore_CSU","DIC",6.1260,"milligramsPerLiter",4.2,,0,"formatChange","GOOD"
"40e00239-4f92-43a6-ac75-488f5b6b7241","D05","LIRO","LIRO.AOS.groundwater.well.002","LIRO.W2.20171024.RAW",,"2017-10-24T16:30Z","2017-10-24T16:30Z","EcoCore_CSU","TSS - Dry Mass",4700.0000,"microgram",4.2,,0,"formatChange","GOOD"
"ee026d46-e198-468e-b3dd-cfaa053f7b12","D05","LIRO","LIRO.AOS.groundwater.well.002","LIRO.W2.20171024.RAW",,"2017-10-24T16:30Z","2017-10-24T16:30Z","EcoCore_CSU","pH",6.5600,"pH",4.2,,0,"formatChange","GOOD"
"544077b1-55aa-411b-83ba-dda46b2d2901","D05","LIRO","LIRO.AOS.groundwater.well.002","LIRO.W2.20171024.RAW",,"2017-10-24T16:30Z","2017-10-24T16:30Z","EcoCore_CSU","TSS",94.0000,"milligramsPerLiter",4.2,,0,"formatChange","GOOD"
"16226db0-83d9-4b3f-a463-6770f15e98b6","D05","LIRO","LIRO.AOS.groundwater.well.002","LIRO.W2.20171024.FIL",,"2017-10-24T16:30Z","2017-10-24T16:30Z","EcoCore_CSU","Mg",1.4810,"milligramsPerLiter",4.2,,0,"formatChange","GOOD"
"fdfdcaef-2d0d-424c-b721-8baf33460466","D05","LIRO","LIRO.AOS.groundwater.well.002","LIRO.W2.20171024.FIL",,"2017-10-24T16:30Z","2017-10-24T16:30Z","EcoCore_CSU","CO3",0.0050,"milligramsPerLiter",4.2,,0,"formatChange","GOOD"
"3a556d06-8aec-4c33-8734-0da0d18489d2","D05","LIRO","LIRO.AOS.groundwater.well.002","LIRO.W2.20171024.FIL",,"2017-10-24T16:30Z","2017-10-24T16:30Z","EcoCore_CSU","TDS",32.7000,"milligramsPerLiter",4.2,,0,"formatChange","GOOD"
"699a8be5-5ffd-4c33-978d-3a7904d2d9dc","D05","LIRO","LIRO.AOS.groundwater.well.002","LIRO.W2.20171024.FIL",,"2017-10-24T16:30Z","2017-10-24T16:30Z","EcoCore_CSU","Na",0.9850,"milligramsPerLiter",4.2,,0,"formatChange","GOOD"
"e96f9c3f-b708-446b-b70e-47af4369b67c","D05","LIRO","LIRO.AOS.groundwater.well.002","LIRO.W2.20171024.FIL",,"2017-10-24T16:30Z","2017-10-24T16:30Z","EcoCore_CSU","HCO3",7.0700,"milligramsPerLiter",4.2,,0,"formatChange","GOOD"
"07ce0201-8a9e-48fd-a530-f56279575221","D05","LIRO","LIRO.AOS.groundwater.well.002","LIRO.W2.20171024.RAW",,"2017-10-24T16:30Z","2017-10-24T16:30Z","EcoCore_CSU","ANC",0.1300,"milliequivalentsPerLiter",4.2,,0,"formatChange","GOOD"
"3aa9a878-391c-4e56-9df2-d1010de5b27c","D05","LIRO","LIRO.AOS.groundwater.well.002","LIRO.W2.20171024.FIL",,"2017-10-24T16:30Z","2017-10-24T16:30Z","EcoCore_CSU","Br",0.0050,"milligramsPerLiter",4.2,,0,"formatChange","GOOD"
"b935ddf8-a087-4b4d-bff9-05bb242d551a","D05","LIRO","LIRO.AOS.groundwater.well.001","LIRO.W1.20171024.FIL",,"2017-10-24T17:26Z","2017-10-24T17:26Z","EcoCore_CSU","NO2 - N",0.0161,"milligramsPerLiter",4.2,,0,"formatChange","GOOD"
"d0887b1a-a6dc-409c-9eee-c2868150f1e5","D05","LIRO","LIRO.AOS.groundwater.well.001","LIRO.W1.20171024.PCN",,"2017-10-24T17:26Z","2017-10-24T17:26Z","EcoCore_CSU","TPN",0.1016,"milligram",4.2,,0,"formatChange","GOOD"
"b69d792b-0e67-4623-bdd9-8f8518da85af","D05","LIRO","LIRO.AOS.groundwater.well.001","LIRO.W1.20171024.RAW",,"2017-10-24T17:26Z","2017-10-24T17:26Z","EcoCore_CSU","pH",6.8500,"pH",4.2,,0,"formatChange","GOOD"
"36ee82ef-815e-4f10-8598-4dc6e8fc47c6","D05","LIRO","LIRO.AOS.groundwater.well.001","LIRO.W1.20171024.PCN",,"2017-10-24T17:26Z","2017-10-24T17:26Z","EcoCore_CSU","TPC",0.3128,"milligram",4.2,,0,"formatChange","GOOD"
"b1171721-8a5d-4fad-bc37-1b968a31de5f","D05","LIRO","LIRO.AOS.groundwater.well.001","LIRO.W1.20171024.FIL",,"2017-10-24T17:26Z","2017-10-24T17:26Z","EcoCore_CSU","DIC",7.0270,"milligramsPerLiter",4.2,,0,"formatChange","GOOD"
"90dde4d0-9f5e-4117-9a58-55bfc691094d","D05","LIRO","LIRO.AOS.groundwater.well.001","LIRO.W1.20171024.RAW",,"2017-10-24T17:26Z","2017-10-24T17:26Z","EcoCore_CSU","TOC",1.1810,"milligramsPerLiter",4.2,,0,"formatChange","GOOD"
"16ed10a6-2df3-49a7-933a-9e65e17c640c","D05","LIRO","LIRO.AOS.groundwater.well.001","LIRO.W1.20171024.FIL",,"2017-10-24T17:26Z","2017-10-24T17:26Z","EcoCore_CSU","K",0.1290,"milligramsPerLiter",4.2,,0,"formatChange","GOOD"
"e53772b2-c4a4-4d3a-bf6b-d89e7bd59541","D05","LIRO","LIRO.AOS.groundwater.well.001","LIRO.W1.20171024.FIL",,"2017-10-24T17:26Z","2017-10-24T17:26Z","EcoCore_CSU","TDP",0.0180,"milligramsPerLiter",4.2,,0,"formatChange","GOOD"
"6d5a59b0-fd18-481e-92d3-0fbb41920afc","D05","LIRO","LIRO.AOS.groundwater.well.001","LIRO.W1.20171024.RAW",,"2017-10-24T17:26Z","2017-10-24T17:26Z","EcoCore_CSU","TP",0.0270,"milligramsPerLiter",4.2,,0,"formatChange","GOOD"
"35720b01-c3e3-43a7-9c37-9433a24bbf22","D05","LIRO","LIRO.AOS.groundwater.well.001","LIRO.W1.20171024.RAW",,"2017-10-24T17:26Z","2017-10-24T17:26Z","EcoCore_CSU","TSS - Dry Mass",300.0000,"microgram",4.2,,0,"formatChange","GOOD"
"2f61ab00-aa1d-409f-a31f-8a7480c1c05d","D05","LIRO","LIRO.AOS.groundwater.well.001","LIRO.W1.20171024.RAW",,"2017-10-24T17:26Z","2017-10-24T17:26Z","EcoCore_CSU","TN",-0.0052,"milligramsPerLiter",4.2,,0,"formatChange","GOOD"
"bb5661f8-2642-49fb-871e-188a164c6283","D05","LIRO","LIRO.AOS.groundwater.well.001","LIRO.W1.20171024.FIL",,"2017-10-24T17:26Z","2017-10-24T17:26Z","EcoCore_CSU","UV Absorbance (280 nm)",0.0065,,4.2,,0,"formatChange","GOOD"
"802f84df-0ae9-41d7-a3f7-af711f18f058","D05","LIRO","LIRO.AOS.groundwater.well.001","LIRO.W1.20171024.FIL",,"2017-10-24T17:26Z","2017-10-24T17:26Z","EcoCore_CSU","UV Absorbance (250 nm)",0.0146,,4.2,,0,"formatChange","GOOD"
"118ee6e6-a184-45b5-b5ea-b1cd6a325a18","D05","LIRO","LIRO.AOS.groundwater.well.001","LIRO.W1.20171024.FIL",,"2017-10-24T17:26Z","2017-10-24T17:26Z","EcoCore_CSU","CO3",0.0050,"milligramsPerLiter",4.2,,0,"formatChange","GOOD"
"4d1d71bf-6099-4f9a-ba6a-df9087738ff9","D05","LIRO","LIRO.AOS.groundwater.well.001","LIRO.W1.20171024.FIL",,"2017-10-24T17:26Z","2017-10-24T17:26Z","EcoCore_CSU","Ortho - P",0.0190,"milligramsPerLiter",4.2,,0,"formatChange","GOOD"
"a5fb4ccb-d0a0-4dd0-895e-87b412559f3f","D05","LIRO","LIRO.AOS.groundwater.well.001","LIRO.W1.20171024.FIL",,"2017-10-24T17:26Z","2017-10-24T17:26Z","EcoCore_CSU","TDN",-0.0048,"milligramsPerLiter",4.2,,0,"formatChange","GOOD"
"bc7873ee-a714-40f8-bda1-ea740beebf98","D05","LIRO","LIRO.AOS.groundwater.well.001","LIRO.W1.20171024.FIL",,"2017-10-24T17:26Z","2017-10-24T17:26Z","EcoCore_CSU","Na",0.8520,"milligramsPerLiter",4.2,,0,"formatChange","GOOD"
"f17cbc2e-2418-4c3b-9e93-0554843a6099","D05","LIRO","LIRO.AOS.groundwater.well.001","LIRO.W1.20171024.FIL",,"2017-10-24T17:26Z","2017-10-24T17:26Z","EcoCore_CSU","SO4",7.3700,"milligramsPerLiter",4.2,,0,"formatChange","GOOD"
"49f7d184-07b4-4f28-9cf2-5bda90770ca1","D05","LIRO","LIRO.AOS.groundwater.well.001","LIRO.W1.20171024.FIL",,"2017-10-24T17:26Z","2017-10-24T17:26Z","EcoCore_CSU","Cl",6.2600,"milligramsPerLiter",4.2,,0,"formatChange","GOOD"
"165710b6-1252-4dbf-ac8f-935db5ff08ed","D05","LIRO","LIRO.AOS.groundwater.well.001","LIRO.W1.20171024.RAW",,"2017-10-24T17:26Z","2017-10-24T17:26Z","EcoCore_CSU","TSS",6.0000,"milligramsPerLiter",4.2,,0,"formatChange","GOOD"
"e0fb1fff-348a-4bca-a158-d530a75b1a81","D05","LIRO","LIRO.AOS.groundwater.well.001","LIRO.W1.20171024.FIL",,"2017-10-24T17:26Z","2017-10-24T17:26Z","EcoCore_CSU","Si",0.3400,"milligramsPerLiter",4.2,,0,"formatChange","GOOD"
"18d993eb-8c26-4659-b252-ee8fa07b19e4","D05","LIRO","LIRO.AOS.groundwater.well.001","LIRO.W1.20171024.FIL",,"2017-10-24T17:26Z","2017-10-24T17:26Z","EcoCore_CSU","NH4 - N",0.1161,"milligramsPerLiter",4.2,,0,"formatChange","GOOD"
"8ec61a69-cecc-4f6f-a5ac-e1528e3aab82","D05","LIRO","LIRO.AOS.groundwater.well.001","LIRO.W1.20171024.FIL",,"2017-10-24T17:26Z","2017-10-24T17:26Z","EcoCore_CSU","TDS",40.2000,"milligramsPerLiter",4.2,,0,"formatChange","GOOD"
"e448de1a-a1e4-4f95-9d88-701272950c15","D05","LIRO","LIRO.AOS.groundwater.well.001","LIRO.W1.20171024.FIL",,"2017-10-24T17:26Z","2017-10-24T17:26Z","EcoCore_CSU","NO3+NO2 - N",0.0206,"milligramsPerLiter",4.2,,0,"formatChange","GOOD"
"199e7dd0-4362-4167-991f-2eda248a9b16","D05","LIRO","LIRO.AOS.groundwater.well.001","LIRO.W1.20171024.FIL",,"2017-10-24T17:26Z","2017-10-24T17:26Z","EcoCore_CSU","Ca",7.2410,"milligramsPerLiter",4.2,,0,"formatChange","GOOD"
"17e777a2-c902-49e7-8c81-93e5dca132f2","D05","LIRO","LIRO.AOS.groundwater.well.001","LIRO.W1.20171024.FIL",,"2017-10-24T17:26Z","2017-10-24T17:26Z","EcoCore_CSU","Mg",1.8800,"milligramsPerLiter",4.2,,0,"formatChange","GOOD"
"46f957a3-9077-4d42-8c8c-ca4ef928c138","D05","LIRO","LIRO.AOS.groundwater.well.001","LIRO.W1.20171024.FIL",,"2017-10-24T17:26Z","2017-10-24T17:26Z","EcoCore_CSU","F",0.0050,"milligramsPerLiter",4.2,,0,"formatChange","GOOD"
"8ac88f2c-c80e-4de1-9ef9-0ac6b9b02abe","D05","LIRO","LIRO.AOS.groundwater.well.001","LIRO.W1.20171024.FIL",,"2017-10-24T17:26Z","2017-10-24T17:26Z","EcoCore_CSU","Br",0.0050,"milligramsPerLiter",4.2,,0,"formatChange","GOOD"
"9e441618-6c61-4fba-b0b0-7281e84b6679","D05","LIRO","LIRO.AOS.groundwater.well.001","LIRO.W1.20171024.RAW",,"2017-10-24T17:26Z","2017-10-24T17:26Z","EcoCore_CSU","conductivity",56.4000,"microsiemensPerCentimeter",4.2,,0,"formatChange","GOOD"
"93fcac59-69b3-4a1b-be02-4597bef88acb","D05","LIRO","LIRO.AOS.groundwater.well.001","LIRO.W1.20171024.FIL",,"2017-10-24T17:26Z","2017-10-24T17:26Z","EcoCore_CSU","Fe",0.0005,"milligramsPerLiter",4.2,,0,"formatChange","GOOD"
"e581ea62-153f-4d23-b76f-df07f46c9f00","D05","LIRO","LIRO.AOS.groundwater.well.001","LIRO.W1.20171024.FIL",,"2017-10-24T17:26Z","2017-10-24T17:26Z","EcoCore_CSU","HCO3",13.8300,"milligramsPerLiter",4.2,,0,"formatChange","GOOD"
"ad5fbae4-d325-4a4a-9987-b5db0a9077d3","D05","LIRO","LIRO.AOS.groundwater.well.001","LIRO.W1.20171024.RAW",,"2017-10-24T17:26Z","2017-10-24T17:26Z","EcoCore_CSU","ANC",0.3000,"milliequivalentsPerLiter",4.2,,0,"formatChange","GOOD"
"857cf00e-fda6-468d-aee8-cd51cd7c09f5","D05","LIRO","LIRO.AOS.groundwater.well.001","LIRO.W1.20171024.FIL",,"2017-10-24T17:26Z","2017-10-24T17:26Z","EcoCore_CSU","Mn",0.0460,"milligramsPerLiter",4.2,,0,"formatChange","GOOD"
"eb45d369-0c39-4d52-996f-a73ceddc6123","D05","LIRO","LIRO.AOS.groundwater.well.001","LIRO.W1.20171024.FIL",,"2017-10-24T17:26Z","2017-10-24T17:26Z","EcoCore_CSU","DOC",1.3240,"milligramsPerLiter",4.2,,0,"formatChange","GOOD"
"c8e8810e-d8ce-4479-aaf8-6ba1eab96d12","D05","LIRO","LIRO.AOS.groundwater.well.007","LIRO.W7.20171024.FIL",,"2017-10-24T19:08Z","2017-10-24T19:08Z","EcoCore_CSU","NH4 - N",0.1187,"milligramsPerLiter",4.2,,0,"formatChange","GOOD"
"c9051290-e7a2-48ff-b773-4512987d73c7","D05","LIRO","LIRO.AOS.groundwater.well.007","LIRO.W7.20171024.RAW",,"2017-10-24T19:08Z","2017-10-24T19:08Z","EcoCore_CSU","TN",-0.0332,"milligramsPerLiter",4.2,,0,"formatChange","GOOD"
"07329f80-561d-4696-a213-e55cd7472970","D05","LIRO","LIRO.AOS.groundwater.well.007","LIRO.W7.20171024.FIL",,"2017-10-24T19:08Z","2017-10-24T19:08Z","EcoCore_CSU","Ortho - P",0.0200,"milligramsPerLiter",4.2,,0,"formatChange","GOOD"
"4e84edbc-d67a-4e93-9f02-d66c46fa0b6b","D05","LIRO","LIRO.AOS.groundwater.well.007","LIRO.W7.20171024.FIL",,"2017-10-24T19:08Z","2017-10-24T19:08Z","EcoCore_CSU","TDS",30.2000,"milligramsPerLiter",4.2,,0,"formatChange","GOOD"
"54e61de8-34bf-4ba3-a311-7c57924a04c4","D05","LIRO","LIRO.AOS.groundwater.well.007","LIRO.W7.20171024.FIL",,"2017-10-24T19:08Z","2017-10-24T19:08Z","EcoCore_CSU","NO3+NO2 - N",0.0097,"milligramsPerLiter",4.2,,0,"formatChange","GOOD"
"5b4f0d66-8e60-410a-83d6-4a8f19539ea0","D05","LIRO","LIRO.AOS.groundwater.well.007","LIRO.W7.20171024.FIL",,"2017-10-24T19:08Z","2017-10-24T19:08Z","EcoCore_CSU","DOC",1.2180,"milligramsPerLiter",4.2,,0,"formatChange","GOOD"
"ffb40956-bc30-41ce-a72c-89134b2653e4","D05","LIRO","LIRO.AOS.groundwater.well.007","LIRO.W7.20171024.RAW",,"2017-10-24T19:08Z","2017-10-24T19:08Z","EcoCore_CSU","TSS",10.0000,"milligramsPerLiter",4.2,,0,"formatChange","GOOD"
"b0423dc3-5bb6-496a-a05b-c7081e615b14","D05","LIRO","LIRO.AOS.groundwater.well.007","LIRO.W7.20171024.FIL",,"2017-10-24T19:08Z","2017-10-24T19:08Z","EcoCore_CSU","TDP",0.0050,"milligramsPerLiter",4.2,,0,"formatChange","GOOD"
"40759dcb-3199-4f2a-992f-e4351a6cba17","D05","LIRO","LIRO.AOS.groundwater.well.007","LIRO.W7.20171024.FIL",,"2017-10-24T19:08Z","2017-10-24T19:08Z","EcoCore_CSU","HCO3",3.6900,"milligramsPerLiter",4.2,,0,"formatChange","GOOD"
"233df66f-1f55-44a2-9d7a-c6dea2f89848","D05","LIRO","LIRO.AOS.groundwater.well.007","LIRO.W7.20171024.RAW",,"2017-10-24T19:08Z","2017-10-24T19:08Z","EcoCore_CSU","TSS - Dry Mass",500.0000,"microgram",4.2,,0,"formatChange","GOOD"
"e937eeef-a422-402b-acae-fcc26fe3d338","D05","LIRO","LIRO.AOS.groundwater.well.007","LIRO.W7.20171024.FIL",,"2017-10-24T19:08Z","2017-10-24T19:08Z","EcoCore_CSU","Si",0.3100,"milligramsPerLiter",4.2,,0,"formatChange","GOOD"
"fb56b52c-795e-4eea-aa9a-f4f4739659c6","D05","LIRO","LIRO.AOS.groundwater.well.007","LIRO.W7.20171024.FIL",,"2017-10-24T19:08Z","2017-10-24T19:08Z","EcoCore_CSU","NO2 - N",0.0191,"milligramsPerLiter",4.2,,0,"formatChange","GOOD"
"d7262aff-5b49-49cc-a678-6e5c8a5545db","D05","LIRO","LIRO.AOS.groundwater.well.007","LIRO.W7.20171024.RAW",,"2017-10-24T19:08Z","2017-10-24T19:08Z","EcoCore_CSU","conductivity",42.3000,"microsiemensPerCentimeter",4.2,,0,"formatChange","GOOD"
"d54134e0-843a-44f6-b0cf-05b865859826","D05","LIRO","LIRO.AOS.groundwater.well.007","LIRO.W7.20171024.RAW",,"2017-10-24T19:08Z","2017-10-24T19:08Z","EcoCore_CSU","pH",6.6600,"pH",4.2,,0,"formatChange","GOOD"
"fd6dbfe7-4326-456c-89c3-50d1657fd0bf","D05","LIRO","LIRO.AOS.groundwater.well.007","LIRO.W7.20171024.RAW",,"2017-10-24T19:08Z","2017-10-24T19:08Z","EcoCore_CSU","TOC",1.1400,"milligramsPerLiter",4.2,,0,"formatChange","GOOD"
"f21c5a9c-a9ed-4317-b976-baecbadc9399","D05","LIRO","LIRO.AOS.groundwater.well.007","LIRO.W7.20171024.FIL",,"2017-10-24T19:08Z","2017-10-24T19:08Z","EcoCore_CSU","Mn",0.1020,"milligramsPerLiter",4.2,,0,"formatChange","GOOD"
"ced613ac-577b-4196-b744-57ff83d6fb2b","D05","LIRO","LIRO.AOS.groundwater.well.007","LIRO.W7.20171024.FIL",,"2017-10-24T19:08Z","2017-10-24T19:08Z","EcoCore_CSU","UV Absorbance (250 nm)",0.0150,,4.2,,0,"formatChange","GOOD"
"15560012-cc42-4eff-8dcc-39feebe4580f","D05","LIRO","LIRO.AOS.groundwater.well.007","LIRO.W7.20171024.FIL",,"2017-10-24T19:08Z","2017-10-24T19:08Z","EcoCore_CSU","Mg",1.1210,"milligramsPerLiter",4.2,,0,"formatChange","GOOD"
"820492d3-870e-427d-a7ec-52dacffd3079","D05","LIRO","LIRO.AOS.groundwater.well.007","LIRO.W7.20171024.PCN",,"2017-10-24T19:08Z","2017-10-24T19:08Z","EcoCore_CSU","TPC",0.2663,"milligram",4.2,,0,"formatChange","GOOD"
"c952aae7-e351-4a3c-9179-baf83d5a218e","D05","LIRO","LIRO.AOS.groundwater.well.007","LIRO.W7.20171024.RAW",,"2017-10-24T19:08Z","2017-10-24T19:08Z","EcoCore_CSU","ANC",0.0700,"milliequivalentsPerLiter",4.2,,0,"formatChange","GOOD"
"135263e0-8562-46e8-a063-e6dad29182bc","D05","LIRO","LIRO.AOS.groundwater.well.007","LIRO.W7.20171024.FIL",,"2017-10-24T19:08Z","2017-10-24T19:08Z","EcoCore_CSU","Ca",4.8250,"milligramsPerLiter",4.2,,0,"formatChange","GOOD"
"ed99c5de-ac3d-4ddb-a1bb-27948812692c","D05","LIRO","LIRO.AOS.groundwater.well.007","LIRO.W7.20171024.FIL",,"2017-10-24T19:08Z","2017-10-24T19:08Z","EcoCore_CSU","K",0.5890,"milligramsPerLiter",4.2,,0,"formatChange","GOOD"
"7ac60b9f-9051-43c5-9e4b-3ae9d4c71195","D05","LIRO","LIRO.AOS.groundwater.well.007","LIRO.W7.20171024.FIL",,"2017-10-24T19:08Z","2017-10-24T19:08Z","EcoCore_CSU","UV Absorbance (280 nm)",0.0061,,4.2,,0,"formatChange","GOOD"
"02a744c8-928f-42a2-8ab6-85e9f69c04a2","D05","LIRO","LIRO.AOS.groundwater.well.007","LIRO.W7.20171024.FIL",,"2017-10-24T19:08Z","2017-10-24T19:08Z","EcoCore_CSU","SO4",5.6300,"milligramsPerLiter",4.2,,0,"formatChange","GOOD"
"e5320b4d-5261-4e9e-b997-e08c3d744d86","D05","LIRO","LIRO.AOS.groundwater.well.007","LIRO.W7.20171024.FIL",,"2017-10-24T19:08Z","2017-10-24T19:08Z","EcoCore_CSU","Fe",0.0005,"milligramsPerLiter",4.2,,0,"formatChange","GOOD"
"3f0d008d-d844-4a78-9b25-4a1f6823a2d0","D05","LIRO","LIRO.AOS.groundwater.well.007","LIRO.W7.20171024.FIL",,"2017-10-24T19:08Z","2017-10-24T19:08Z","EcoCore_CSU","Br",0.0050,"milligramsPerLiter",4.2,,0,"formatChange","GOOD"
"bebf5aaa-73ae-4298-986c-90fd1fec14a8","D05","LIRO","LIRO.AOS.groundwater.well.007","LIRO.W7.20171024.FIL",,"2017-10-24T19:08Z","2017-10-24T19:08Z","EcoCore_CSU","Cl",7.4700,"milligramsPerLiter",4.2,,0,"formatChange","GOOD"
"9c7bae7f-400e-491f-84fe-4619425676e8","D05","LIRO","LIRO.AOS.groundwater.well.007","LIRO.W7.20171024.FIL",,"2017-10-24T19:08Z","2017-10-24T19:08Z","EcoCore_CSU","DIC",4.3980,"milligramsPerLiter",4.2,,0,"formatChange","GOOD"
"098f124a-fae9-4a88-8b09-8f942afe6b54","D05","LIRO","LIRO.AOS.groundwater.well.007","LIRO.W7.20171024.FIL",,"2017-10-24T19:08Z","2017-10-24T19:08Z","EcoCore_CSU","Na",0.9520,"milligramsPerLiter",4.2,,0,"formatChange","GOOD"
"4c19cf7a-0d75-44b2-bed6-def643a9a563","D05","LIRO","LIRO.AOS.groundwater.well.007","LIRO.W7.20171024.PCN",,"2017-10-24T19:08Z","2017-10-24T19:08Z","EcoCore_CSU","TPN",0.0652,"milligram",4.2,,0,"formatChange","GOOD"
"e4f75df2-3aee-40ee-b53e-88738c9b2865","D05","LIRO","LIRO.AOS.groundwater.well.007","LIRO.W7.20171024.FIL",,"2017-10-24T19:08Z","2017-10-24T19:08Z","EcoCore_CSU","TDN",-0.0098,"milligramsPerLiter",4.2,,0,"formatChange","GOOD"
"58101813-a8c0-4495-b4eb-4d861aad0023","D05","LIRO","LIRO.AOS.groundwater.well.007","LIRO.W7.20171024.RAW",,"2017-10-24T19:08Z","2017-10-24T19:08Z","EcoCore_CSU","TP",0.0590,"milligramsPerLiter",4.2,,0,"formatChange","GOOD"
"d4f5b9d6-1bfc-4f55-a4cd-a43acf99a8ad","D05","LIRO","LIRO.AOS.groundwater.well.007","LIRO.W7.20171024.FIL",,"2017-10-24T19:08Z","2017-10-24T19:08Z","EcoCore_CSU","F",0.0050,"milligramsPerLiter",4.2,,0,"formatChange","GOOD"
"36b344cd-d595-46cb-9741-bebf0e2efb6f","D05","LIRO","LIRO.AOS.groundwater.well.007","LIRO.W7.20171024.FIL",,"2017-10-24T19:08Z","2017-10-24T19:08Z","EcoCore_CSU","CO3",0.0050,"milligramsPerLiter",4.2,,0,"formatChange","GOOD"
"e8f45a01-1311-42d6-b9f2-780d76bbeed2","D05","LIRO","LIRO.AOS.groundwater.well.004","LIRO.W4.20171024.FIL",,"2017-10-24T19:56Z","2017-10-24T19:56Z","EcoCore_CSU","UV Absorbance (280 nm)",0.0034,,4.2,,0,"formatChange","GOOD"
"1091f81f-9386-4b86-a5b9-1df5eaf7bbbf","D05","LIRO","LIRO.AOS.groundwater.well.004","LIRO.W4.20171024.RAW",,"2017-10-24T19:56Z","2017-10-24T19:56Z","EcoCore_CSU","ANC",0.3400,"milliequivalentsPerLiter",4.2,,0,"formatChange","GOOD"
"292a3dcf-17b5-48f2-83fe-d074e1ad65bb","D05","LIRO","LIRO.AOS.groundwater.well.004","LIRO.W4.20171024.FIL",,"2017-10-24T19:56Z","2017-10-24T19:56Z","EcoCore_CSU","F",0.0050,"milligramsPerLiter",4.2,,0,"formatChange","GOOD"
"69035791-7694-4fcd-81ab-568c0910e598","D05","LIRO","LIRO.AOS.groundwater.well.004","LIRO.W4.20171024.FIL",,"2017-10-24T19:56Z","2017-10-24T19:56Z","EcoCore_CSU","TDS",49.4000,"milligramsPerLiter",4.2,,0,"formatChange","GOOD"
"61480cc1-41c8-49c5-aaef-2e1de093309d","D05","LIRO","LIRO.AOS.groundwater.well.004","LIRO.W4.20171024.PCN",,"2017-10-24T19:56Z","2017-10-24T19:56Z","EcoCore_CSU","TPC",0.2906,"milligram",4.2,,0,"formatChange","GOOD"
"581df56e-5071-4e26-938e-44ec9263ba21","D05","LIRO","LIRO.AOS.groundwater.well.004","LIRO.W4.20171024.RAW",,"2017-10-24T19:56Z","2017-10-24T19:56Z","EcoCore_CSU","TSS - Dry Mass",1700.0000,"microgram",4.2,,0,"formatChange","GOOD"
"a5e1157e-8852-40a7-8738-885e8d531604","D05","LIRO","LIRO.AOS.groundwater.well.004","LIRO.W4.20171024.RAW",,"2017-10-24T19:56Z","2017-10-24T19:56Z","EcoCore_CSU","TN",-0.0239,"milligramsPerLiter",4.2,,0,"formatChange","GOOD"
"fda86694-2495-437c-9d19-588ead516596","D05","LIRO","LIRO.AOS.groundwater.well.004","LIRO.W4.20171024.FIL",,"2017-10-24T19:56Z","2017-10-24T19:56Z","EcoCore_CSU","HCO3",20.1920,"milligramsPerLiter",4.2,,0,"formatChange","GOOD"
"e75cc981-5565-4b1c-9607-cafe29dc6f9e","D05","LIRO","LIRO.AOS.groundwater.well.004","LIRO.W4.20171024.FIL",,"2017-10-24T19:56Z","2017-10-24T19:56Z","EcoCore_CSU","NO2 - N",0.0173,"milligramsPerLiter",4.2,,0,"formatChange","GOOD"
"17302b26-f0e9-463c-ad68-3a96a001f6e8","D05","LIRO","LIRO.AOS.groundwater.well.004","LIRO.W4.20171024.FIL",,"2017-10-24T19:56Z","2017-10-24T19:56Z","EcoCore_CSU","Na",0.8640,"milligramsPerLiter",4.2,,0,"formatChange","GOOD"
"9763804e-23a0-442b-8e2a-be8fc1b6254c","D05","LIRO","LIRO.AOS.groundwater.well.004","LIRO.W4.20171024.FIL",,"2017-10-24T19:56Z","2017-10-24T19:56Z","EcoCore_CSU","Ortho - P",0.0200,"milligramsPerLiter",4.2,,0,"formatChange","GOOD"
"82199cad-b653-499d-9a15-95f9862286f5","D05","LIRO","LIRO.AOS.groundwater.well.004","LIRO.W4.20171024.FIL",,"2017-10-24T19:56Z","2017-10-24T19:56Z","EcoCore_CSU","Cl",7.0700,"milligramsPerLiter",4.2,,0,"formatChange","GOOD"
"12f3a384-997f-4ef3-82a2-372ea7c7eaa3","D05","LIRO","LIRO.AOS.groundwater.well.004","LIRO.W4.20171024.FIL",,"2017-10-24T19:56Z","2017-10-24T19:56Z","EcoCore_CSU","Si",0.3100,"milligramsPerLiter",4.2,,0,"formatChange","GOOD"
"247cb258-d494-410e-b1cc-86150390821d","D05","LIRO","LIRO.AOS.groundwater.well.004","LIRO.W4.20171024.FIL",,"2017-10-24T19:56Z","2017-10-24T19:56Z","EcoCore_CSU","Ca",9.1860,"milligramsPerLiter",4.2,,0,"formatChange","GOOD"
"32c609f2-5850-4a17-b191-3019a50b93c7","D05","LIRO","LIRO.AOS.groundwater.well.004","LIRO.W4.20171024.RAW",,"2017-10-24T19:56Z","2017-10-24T19:56Z","EcoCore_CSU","TOC",1.0690,"milligramsPerLiter",4.2,,0,"formatChange","GOOD"
"5efcab1c-4fbe-4ed3-bade-0368d161f0b2","D05","LIRO","LIRO.AOS.groundwater.well.004","LIRO.W4.20171024.RAW",,"2017-10-24T19:56Z","2017-10-24T19:56Z","EcoCore_CSU","pH",6.9400,"pH",4.2,,0,"formatChange","GOOD"
"1c8fc0f7-0dc2-4e39-9e16-2282fe8f70bb","D05","LIRO","LIRO.AOS.groundwater.well.004","LIRO.W4.20171024.FIL",,"2017-10-24T19:56Z","2017-10-24T19:56Z","EcoCore_CSU","DIC",6.6100,"milligramsPerLiter",4.2,,0,"formatChange","GOOD"
"501fd623-16e9-4f72-8026-a5d9c23d7d6d","D05","LIRO","LIRO.AOS.groundwater.well.004","LIRO.W4.20171024.FIL",,"2017-10-24T19:56Z","2017-10-24T19:56Z","EcoCore_CSU","Mn",0.0100,"milligramsPerLiter",4.2,,0,"formatChange","GOOD"
"3d5fad04-f408-4844-8cfd-67cca4233af5","D05","LIRO","LIRO.AOS.groundwater.well.004","LIRO.W4.20171024.FIL",,"2017-10-24T19:56Z","2017-10-24T19:56Z","EcoCore_CSU","Br",0.0050,"milligramsPerLiter",4.2,,0,"formatChange","GOOD"
"c1bdf23e-4997-493f-a145-3f03c540abe6","D05","LIRO","LIRO.AOS.groundwater.well.004","LIRO.W4.20171024.FIL",,"2017-10-24T19:56Z","2017-10-24T19:56Z","EcoCore_CSU","TDP",0.0080,"milligramsPerLiter",4.2,,0,"formatChange","GOOD"
"8f510549-e010-4498-8642-f6e04c8d4358","D05","LIRO","LIRO.AOS.groundwater.well.004","LIRO.W4.20171024.FIL",,"2017-10-24T19:56Z","2017-10-24T19:56Z","EcoCore_CSU","DOC",1.1130,"milligramsPerLiter",4.2,,0,"formatChange","GOOD"
"2e0c6bb5-222e-492d-8f37-a12adc0831f7","D05","LIRO","LIRO.AOS.groundwater.well.004","LIRO.W4.20171024.FIL",,"2017-10-24T19:56Z","2017-10-24T19:56Z","EcoCore_CSU","UV Absorbance (250 nm)",0.0128,,4.2,,0,"formatChange","GOOD"
"ac950d9c-03d8-4156-a781-8928081ff607","D05","LIRO","LIRO.AOS.groundwater.well.004","LIRO.W4.20171024.FIL",,"2017-10-24T19:56Z","2017-10-24T19:56Z","EcoCore_CSU","Mg",2.3780,"milligramsPerLiter",4.2,,0,"formatChange","GOOD"
"be12a7d3-5bb1-451d-9475-5b55b7b0e637","D05","LIRO","LIRO.AOS.groundwater.well.004","LIRO.W4.20171024.PCN",,"2017-10-24T19:56Z","2017-10-24T19:56Z","EcoCore_CSU","TPN",0.0766,"milligram",4.2,,0,"formatChange","GOOD"
"ca1b34b5-a575-4905-bd99-d6c3947c9951","D05","LIRO","LIRO.AOS.groundwater.well.004","LIRO.W4.20171024.FIL",,"2017-10-24T19:56Z","2017-10-24T19:56Z","EcoCore_CSU","CO3",0.0050,"milligramsPerLiter",4.2,,0,"formatChange","GOOD"
"3c6ed366-6c06-4078-a65a-414fad67873d","D05","LIRO","LIRO.AOS.groundwater.well.004","LIRO.W4.20171024.RAW",,"2017-10-24T19:56Z","2017-10-24T19:56Z","EcoCore_CSU","TP",0.0550,"milligramsPerLiter",4.2,,0,"formatChange","GOOD"
"73317f5c-da14-4650-9148-a5e51199d910","D05","LIRO","LIRO.AOS.groundwater.well.004","LIRO.W4.20171024.FIL",,"2017-10-24T19:56Z","2017-10-24T19:56Z","EcoCore_CSU","K",0.1980,"milligramsPerLiter",4.2,,0,"formatChange","GOOD"
"ec4c8c85-5576-4558-8956-920ab9dcdfcc","D05","LIRO","LIRO.AOS.groundwater.well.004","LIRO.W4.20171024.RAW",,"2017-10-24T19:56Z","2017-10-24T19:56Z","EcoCore_CSU","conductivity",69.4000,"microsiemensPerCentimeter",4.2,,0,"formatChange","GOOD"
"3f35ad97-3e6c-416c-9c9d-ac5a977184bd","D05","LIRO","LIRO.AOS.groundwater.well.004","LIRO.W4.20171024.RAW",,"2017-10-24T19:56Z","2017-10-24T19:56Z","EcoCore_CSU","TSS",34.0000,"milligramsPerLiter",4.2,,0,"formatChange","GOOD"
"8fce95cf-e6e2-4d84-a3fe-d50522180e61","D05","LIRO","LIRO.AOS.groundwater.well.004","LIRO.W4.20171024.FIL",,"2017-10-24T19:56Z","2017-10-24T19:56Z","EcoCore_CSU","TDN",-0.0189,"milligramsPerLiter",4.2,,0,"formatChange","GOOD"
"106a290a-dc68-4444-b2b4-6e3cc03aa1f0","D05","LIRO","LIRO.AOS.groundwater.well.004","LIRO.W4.20171024.FIL",,"2017-10-24T19:56Z","2017-10-24T19:56Z","EcoCore_CSU","SO4",8.0300,"milligramsPerLiter",4.2,,0,"formatChange","GOOD"
"ac34480f-1bc0-4246-ae72-2cd8905c4310","D05","LIRO","LIRO.AOS.groundwater.well.004","LIRO.W4.20171024.FIL",,"2017-10-24T19:56Z","2017-10-24T19:56Z","EcoCore_CSU","NO3+NO2 - N",0.0259,"milligramsPerLiter",4.2,,0,"formatChange","GOOD"
"3715c5bd-f155-4a46-9733-fcf25f4e579b","D05","LIRO","LIRO.AOS.groundwater.well.004","LIRO.W4.20171024.FIL",,"2017-10-24T19:56Z","2017-10-24T19:56Z","EcoCore_CSU","NH4 - N",0.1288,"milligramsPerLiter",4.2,,0,"formatChange","GOOD"
"2d2aedfc-9089-481e-84b5-693917b9e2cf","D05","LIRO","LIRO.AOS.groundwater.well.004","LIRO.W4.20171024.FIL",,"2017-10-24T19:56Z","2017-10-24T19:56Z","EcoCore_CSU","Fe",0.0005,"milligramsPerLiter",4.2,,0,"formatChange","GOOD"
