uid,domainID,siteID,namedLocation,decimalLatitude,decimalLongitude,coordinateUncertainty,elevation,elevationUncertainty,geodeticDatum,collectDate,aquaticSiteType,samplingImpractical,waterChemSamplesCollected,adequateSampleVol,parentSampleID,eventID,swcSamplingProtocolVersion,sampleExtractionMethod,samplerType,totalWellDepth,wellWaterDepth,waterColumnHeight,sampleDepth,purgeAverageDischargeRate,purgeTime,gwWellStabilized,purgeDryDateTime,pumpPlacementDate,screenedIntervalDepth,maxAllowableDrawdown,actualDrawdown,MADExceeded,wellVolumePurged,probeIDUnavailable,dissolvedOxygen,dissolvedOxygenSaturation,specificConductance,waterTemp,pH,waterClarityDescrip,waterColorDescrip,aCollectedBy,bCollectedBy,remarks
"65f18df6-5db8-406e-a47e-a5088e0ff7b5","D11","BLUE","BLUE.AOS.groundwater.well.006",34.443530,-96.623588,0.1,290.1,0.1,"WGS84","2017-09-11T18:09Z","stream",,,,"BLUE.W6.20170911","BLUE.20170911","NEON.DOC.002905vD","low-flow","Groundwater Pump",7.0,4.4,2.6,,,,,,,,,,,5.7,,23.10,1.93,609.00,21.60,,"cloudy","gray","Lhostert@battelleecology.org","cburton@battelleecology.org","162 220 200 196 198 mL per minute rate"
"a78bcc38-ed40-425f-a822-662a9558e544","D11","BLUE","BLUE.AOS.groundwater.well.001",34.446647,-96.623765,0.1,291.7,0.1,"WGS84","2017-09-11T18:15Z","stream","other",,,"BLUE.W1.20170911","BLUE.20170911","NEON.DOC.002905vD",,"Groundwater Pump",10.2,,,,,,,,,,,,,,,,,,,,,,"Lhostert@battelleecology.org","cburton@battelleecology.org","Water level meter tape blocked by roots around 3m from top of pvc"
"9764f560-d651-4e83-a1ee-17cb2e673932","D11","BLUE","BLUE.AOS.groundwater.well.003",34.445236,-96.623341,0.1,290.8,0.1,"WGS84","2017-09-13T16:13Z","stream",,,,"BLUE.W3.20170913","BLUE.20170913","NEON.DOC.002905vD","low-flow","Groundwater Pump",4.3,3.4,0.9,3.8,,,,,,,,,,3.4,,6.13,70.00,608.00,20.10,,"clear","colorless","cburton@battelleecology.org","szaunbrecher@battelleecology.org",
"f551709f-942a-42e6-94a7-db416538caa5","D11","BLUE","BLUE.AOS.groundwater.well.008",34.443348,-96.624022,0.1,291.3,0.1,"WGS84","2017-09-13T18:22Z","stream",,,,"BLUE.W8.20170913","BLUE.20170913","NEON.DOC.002905vD","low-flow","Groundwater Pump",5.5,3.0,2.5,4.0,,,,,,,,,,4.1,,0.49,6.10,718.00,25.20,,"cloudy","colorless","cburton@battelleecology.org","szaunbrecher@battelleecology.org",
