uid,domainID,siteID,namedLocation,sampleID,sampleCode,startDate,collectDate,laboratoryName,analyte,analyteConcentration,analyteUnits,coolerTemp,remarks,shipmentWarmQF,externalLabDataQF,sampleCondition
"2dc20f38-86d4-48e1-a4e5-39c230904ab4","D11","BLUE","BLUE.AOS.groundwater.well.006","BLUE.W6.20170911.RAW",,"2017-09-11T18:09Z","2017-09-11T18:09Z","EcoCore_CSU","TP",0.0120,"milligramsPerLiter",4.5,,0,"formatChange","GOOD"
"e4eb1d15-e09f-47d9-ac11-4c1ee2ed6259","D11","BLUE","BLUE.AOS.groundwater.well.006","BLUE.W6.20170911.RAW",,"2017-09-11T18:09Z","2017-09-11T18:09Z","EcoCore_CSU","conductivity",447.8000,"microsiemensPerCentimeter",4.5,,0,"formatChange","GOOD"
"7a705602-2c6a-4481-8477-7281249ec18b","D11","BLUE","BLUE.AOS.groundwater.well.006","BLUE.W6.20170911.FIL",,"2017-09-11T18:09Z","2017-09-11T18:09Z","EcoCore_CSU","UV Absorbance (250 nm)",0.0083,,4.5,,0,"formatChange","GOOD"
"806299f2-b881-4dc4-85ec-36ba419d3232","D11","BLUE","BLUE.AOS.groundwater.well.006","BLUE.W6.20170911.RAW",,"2017-09-11T18:09Z","2017-09-11T18:09Z","EcoCore_CSU","TOC",0.6005,"milligramsPerLiter",4.5,,0,"formatChange","GOOD"
"7f1170c2-99d3-4cf5-ba8f-5c01f41bab2a","D11","BLUE","BLUE.AOS.groundwater.well.006","BLUE.W6.20170911.FIL",,"2017-09-11T18:09Z","2017-09-11T18:09Z","EcoCore_CSU","CO3",0.0000,"milligramsPerLiter",4.5,,0,"formatChange","GOOD"
"1c9be007-0b4c-4ee7-8656-dd859a753432","D11","BLUE","BLUE.AOS.groundwater.well.006","BLUE.W6.20170911.RAW",,"2017-09-11T18:09Z","2017-09-11T18:09Z","EcoCore_CSU","TSS",46.0000,"milligramsPerLiter",4.5,,0,"formatChange","GOOD"
"c383c327-8b3e-4a81-b74e-c1a4db82c4f4","D11","BLUE","BLUE.AOS.groundwater.well.006","BLUE.W6.20170911.FIL",,"2017-09-11T18:09Z","2017-09-11T18:09Z","EcoCore_CSU","DIC",94.3100,"milligramsPerLiter",4.5,,0,"formatChange","GOOD"
"cf2c17c8-d129-4d82-93f4-36ea9a6d4d71","D11","BLUE","BLUE.AOS.groundwater.well.006","BLUE.W6.20170911.FIL",,"2017-09-11T18:09Z","2017-09-11T18:09Z","EcoCore_CSU","DOC",0.6749,"milligramsPerLiter",4.5,,0,"formatChange","GOOD"
"8501e00d-311a-44d3-879b-709d7c68fc83","D11","BLUE","BLUE.AOS.groundwater.well.006","BLUE.W6.20170911.FIL",,"2017-09-11T18:09Z","2017-09-11T18:09Z","EcoCore_CSU","HCO3",250.1800,"milligramsPerLiter",4.5,,0,"formatChange","GOOD"
"16c7fa57-b3f4-46b7-be9b-21139a0cde93","D11","BLUE","BLUE.AOS.groundwater.well.006","BLUE.W6.20170911.RAW",,"2017-09-11T18:09Z","2017-09-11T18:09Z","EcoCore_CSU","ANC",4.5310,"milliequivalentsPerLiter",4.5,,0,"formatChange","GOOD"
"1d11ae77-2a4b-4efe-bfe8-4a13dbcb73b9","D11","BLUE","BLUE.AOS.groundwater.well.006","BLUE.W6.20170911.PCN",,"2017-09-11T18:09Z","2017-09-11T18:09Z","EcoCore_CSU","TPC",0.3377,"milligram",4.5,,0,"formatChange","GOOD"
"0b74b12c-ceb8-49ec-9559-6b377e3e92db","D11","BLUE","BLUE.AOS.groundwater.well.006","BLUE.W6.20170911.FIL",,"2017-09-11T18:09Z","2017-09-11T18:09Z","EcoCore_CSU","NH4 - N",0.1158,"milligramsPerLiter",4.5,,0,"formatChange","GOOD"
"a0d07471-9900-48d2-b563-443afeb1103b","D11","BLUE","BLUE.AOS.groundwater.well.006","BLUE.W6.20170911.FIL",,"2017-09-11T18:09Z","2017-09-11T18:09Z","EcoCore_CSU","UV Absorbance (280 nm)",0.0037,,4.5,,0,"formatChange","GOOD"
"17000d6d-5666-4c43-b20f-5cf29e824e05","D11","BLUE","BLUE.AOS.groundwater.well.006","BLUE.W6.20170911.FIL",,"2017-09-11T18:09Z","2017-09-11T18:09Z","EcoCore_CSU","NO2 - N",0.0096,"milligramsPerLiter",4.5,,0,"formatChange","GOOD"
"1a0df4da-2b4a-4eec-ae6a-35125c81bc7c","D11","BLUE","BLUE.AOS.groundwater.well.006","BLUE.W6.20170911.FIL",,"2017-09-11T18:09Z","2017-09-11T18:09Z","EcoCore_CSU","SO4",9.7823,"milligramsPerLiter",4.5,,0,"formatChange","GOOD"
"85502ce9-26a7-450e-b885-db351191ce21","D11","BLUE","BLUE.AOS.groundwater.well.006","BLUE.W6.20170911.FIL",,"2017-09-11T18:09Z","2017-09-11T18:09Z","EcoCore_CSU","F",0.0050,"milligramsPerLiter",4.5,,0,"formatChange","GOOD"
"968a6b8c-3ca3-4396-8db9-3f64e54f76d3","D11","BLUE","BLUE.AOS.groundwater.well.006","BLUE.W6.20170911.FIL",,"2017-09-11T18:09Z","2017-09-11T18:09Z","EcoCore_CSU","Mg",36.3230,"milligramsPerLiter",4.5,,0,"formatChange","GOOD"
"f073b42d-ba82-427b-92a2-6796a85f51ce","D11","BLUE","BLUE.AOS.groundwater.well.006","BLUE.W6.20170911.RAW",,"2017-09-11T18:09Z","2017-09-11T18:09Z","EcoCore_CSU","pH",7.3500,"pH",4.5,,0,"formatChange","GOOD"
"bd81bad8-ef3b-43e2-8999-0724a7f3688c","D11","BLUE","BLUE.AOS.groundwater.well.006","BLUE.W6.20170911.FIL",,"2017-09-11T18:09Z","2017-09-11T18:09Z","EcoCore_CSU","Na",6.5843,"milligramsPerLiter",4.5,,0,"formatChange","GOOD"
"496da08e-1d8e-4874-901a-3cc328f7b4c7","D11","BLUE","BLUE.AOS.groundwater.well.006","BLUE.W6.20170911.RAW",,"2017-09-11T18:09Z","2017-09-11T18:09Z","EcoCore_CSU","TN",0.0963,"milligramsPerLiter",4.5,,0,"formatChange","GOOD"
"c49f5da6-05e4-4683-b575-fdd7565fcbc2","D11","BLUE","BLUE.AOS.groundwater.well.006","BLUE.W6.20170911.FIL",,"2017-09-11T18:09Z","2017-09-11T18:09Z","EcoCore_CSU","NO3+NO2 - N",0.1165,"milligramsPerLiter",4.5,,0,"formatChange","GOOD"
"04102c19-da93-4325-8c81-496ffe110e7c","D11","BLUE","BLUE.AOS.groundwater.well.006","BLUE.W6.20170911.PCN",,"2017-09-11T18:09Z","2017-09-11T18:09Z","EcoCore_CSU","TPN",0.1015,"milligram",4.5,,0,"formatChange","GOOD"
"11162306-0a66-4409-8000-bf1a1a1612bf","D11","BLUE","BLUE.AOS.groundwater.well.006","BLUE.W6.20170911.FIL",,"2017-09-11T18:09Z","2017-09-11T18:09Z","EcoCore_CSU","Ortho - P",0.0120,"milligramsPerLiter",4.5,,0,"formatChange","GOOD"
"8a062efb-158a-49fc-b6ff-a6f0378d19b1","D11","BLUE","BLUE.AOS.groundwater.well.006","BLUE.W6.20170911.FIL",,"2017-09-11T18:09Z","2017-09-11T18:09Z","EcoCore_CSU","Fe",0.0041,"milligramsPerLiter",4.5,,0,"formatChange","GOOD"
"e86e8e90-717c-4ec9-9f21-0d6ad9034949","D11","BLUE","BLUE.AOS.groundwater.well.006","BLUE.W6.20170911.FIL",,"2017-09-11T18:09Z","2017-09-11T18:09Z","EcoCore_CSU","TDP",0.0093,"milligramsPerLiter",4.5,,0,"formatChange","GOOD"
"c8c74534-4882-4d05-bcd5-71c84451a87f","D11","BLUE","BLUE.AOS.groundwater.well.006","BLUE.W6.20170911.FIL",,"2017-09-11T18:09Z","2017-09-11T18:09Z","EcoCore_CSU","Cl",5.5457,"milligramsPerLiter",4.5,,0,"formatChange","GOOD"
"403914aa-364d-4db0-8736-f138b7bdf5c3","D11","BLUE","BLUE.AOS.groundwater.well.006","BLUE.W6.20170911.FIL",,"2017-09-11T18:09Z","2017-09-11T18:09Z","EcoCore_CSU","Si",2.3564,"milligramsPerLiter",4.5,,0,"formatChange","GOOD"
"09642a02-9175-45e8-a318-32985d6aeffb","D11","BLUE","BLUE.AOS.groundwater.well.006","BLUE.W6.20170911.FIL",,"2017-09-11T18:09Z","2017-09-11T18:09Z","EcoCore_CSU","Br",0.0050,"milligramsPerLiter",4.5,,0,"formatChange","GOOD"
"a3f719c2-3bb8-4421-9c6c-f2cfb3373db0","D11","BLUE","BLUE.AOS.groundwater.well.006","BLUE.W6.20170911.FIL",,"2017-09-11T18:09Z","2017-09-11T18:09Z","EcoCore_CSU","K",1.9980,"milligramsPerLiter",4.5,,0,"formatChange","GOOD"
"dc5ac779-736e-450d-96bf-a5ede1622ac2","D11","BLUE","BLUE.AOS.groundwater.well.006","BLUE.W6.20170911.FIL",,"2017-09-11T18:09Z","2017-09-11T18:09Z","EcoCore_CSU","Ca",22.0290,"milligramsPerLiter",4.5,,0,"formatChange","GOOD"
"f977aefd-9d5d-40ba-86f9-6e53841d69c0","D11","BLUE","BLUE.AOS.groundwater.well.006","BLUE.W6.20170911.FIL",,"2017-09-11T18:09Z","2017-09-11T18:09Z","EcoCore_CSU","TDS",312.9000,"milligramsPerLiter",4.5,,0,"formatChange","GOOD"
"9d91a6ba-00a1-4bba-81f0-8eccc783003b","D11","BLUE","BLUE.AOS.groundwater.well.006","BLUE.W6.20170911.RAW",,"2017-09-11T18:09Z","2017-09-11T18:09Z","EcoCore_CSU","TSS - Dry Mass",2300.0000,"microgram",4.5,,0,"formatChange","GOOD"
"b87bae99-fbd3-4f74-b753-4e154757807e","D11","BLUE","BLUE.AOS.groundwater.well.006","BLUE.W6.20170911.FIL",,"2017-09-11T18:09Z","2017-09-11T18:09Z","EcoCore_CSU","TDN",0.0656,"milligramsPerLiter",4.5,,0,"formatChange","GOOD"
"a8053b02-81e8-4f20-8e44-f39e1c06be7f","D11","BLUE","BLUE.AOS.groundwater.well.006","BLUE.W6.20170911.FIL",,"2017-09-11T18:09Z","2017-09-11T18:09Z","EcoCore_CSU","Mn",0.0005,"milligramsPerLiter",4.5,,0,"formatChange","GOOD"
"0036e7a7-43ab-4912-ba77-a088a798374b","D11","BLUE","BLUE.AOS.groundwater.well.003","BLUE.W3.20170913.FIL",,"2017-09-13T16:13Z","2017-09-13T16:13Z","EcoCore_CSU","Mg",27.6020,"milligramsPerLiter",3.3,,0,"formatChange","GOOD"
"37fee1d2-2967-46ee-a14d-e73c656107d8","D11","BLUE","BLUE.AOS.groundwater.well.003","BLUE.W3.20170913.RAW",,"2017-09-13T16:13Z","2017-09-13T16:13Z","EcoCore_CSU","conductivity",482.6000,"microsiemensPerCentimeter",3.3,,0,"formatChange","GOOD"
"f188df66-cc22-4f20-b8ef-7590e3405f25","D11","BLUE","BLUE.AOS.groundwater.well.003","BLUE.W3.20170913.FIL",,"2017-09-13T16:13Z","2017-09-13T16:13Z","EcoCore_CSU","Mn",0.0005,"milligramsPerLiter",3.3,,0,"formatChange","GOOD"
"c2693a5c-9e68-45b2-9912-c94d4af28de8","D11","BLUE","BLUE.AOS.groundwater.well.003","BLUE.W3.20170913.RAW",,"2017-09-13T16:13Z","2017-09-13T16:13Z","EcoCore_CSU","TP",0.0180,"milligramsPerLiter",3.3,,0,"formatChange","GOOD"
"40f0b2a2-551c-4635-b0a6-8d6563c43a2e","D11","BLUE","BLUE.AOS.groundwater.well.003","BLUE.W3.20170913.FIL",,"2017-09-13T16:13Z","2017-09-13T16:13Z","EcoCore_CSU","TDP",0.0162,"milligramsPerLiter",3.3,,0,"formatChange","GOOD"
"1cbfa0da-8553-4b5e-aa2b-52ab74b93645","D11","BLUE","BLUE.AOS.groundwater.well.003","BLUE.W3.20170913.FIL",,"2017-09-13T16:13Z","2017-09-13T16:13Z","EcoCore_CSU","Br",0.0050,"milligramsPerLiter",3.3,,0,"formatChange","GOOD"
"fcb87667-e07d-4137-a40f-02629101e345","D11","BLUE","BLUE.AOS.groundwater.well.003","BLUE.W3.20170913.RAW",,"2017-09-13T16:13Z","2017-09-13T16:13Z","EcoCore_CSU","TSS - Dry Mass",500.0000,"microgram",3.3,,0,"formatChange","GOOD"
"fb88fa15-30fa-406e-87e2-fa9290cbbf70","D11","BLUE","BLUE.AOS.groundwater.well.003","BLUE.W3.20170913.FIL",,"2017-09-13T16:13Z","2017-09-13T16:13Z","EcoCore_CSU","Fe",0.0047,"milligramsPerLiter",3.3,,0,"formatChange","GOOD"
"afa7d9ef-ea1d-4292-af0a-88d1725c3772","D11","BLUE","BLUE.AOS.groundwater.well.003","BLUE.W3.20170913.FIL",,"2017-09-13T16:13Z","2017-09-13T16:13Z","EcoCore_CSU","CO3",0.0000,"milligramsPerLiter",3.3,,0,"formatChange","GOOD"
"f000eff1-73af-4ddb-8b1c-db7bd194f3be","D11","BLUE","BLUE.AOS.groundwater.well.003","BLUE.W3.20170913.FIL",,"2017-09-13T16:13Z","2017-09-13T16:13Z","EcoCore_CSU","Cl",3.3209,"milligramsPerLiter",3.3,,0,"formatChange","GOOD"
"86d59654-f86e-4c40-ab64-ef5b1282ce0f","D11","BLUE","BLUE.AOS.groundwater.well.003","BLUE.W3.20170913.RAW",,"2017-09-13T16:13Z","2017-09-13T16:13Z","EcoCore_CSU","TOC",0.8168,"milligramsPerLiter",3.3,,0,"formatChange","GOOD"
"807010e6-6dbd-450b-b4f9-8e276c920cd3","D11","BLUE","BLUE.AOS.groundwater.well.003","BLUE.W3.20170913.FIL",,"2017-09-13T16:13Z","2017-09-13T16:13Z","EcoCore_CSU","SO4",5.0285,"milligramsPerLiter",3.3,,0,"formatChange","GOOD"
"b3037c8d-0493-4b48-ac1e-5398a9b4578c","D11","BLUE","BLUE.AOS.groundwater.well.003","BLUE.W3.20170913.FIL",,"2017-09-13T16:13Z","2017-09-13T16:13Z","EcoCore_CSU","Ca",45.4240,"milligramsPerLiter",3.3,,0,"formatChange","GOOD"
"db142738-728c-441c-bdd9-32d441c7bdba","D11","BLUE","BLUE.AOS.groundwater.well.003","BLUE.W3.20170913.PCN",,"2017-09-13T16:13Z","2017-09-13T16:13Z","EcoCore_CSU","TPN",0.0798,"milligram",3.3,,0,"formatChange","GOOD"
"a2d3f1bd-bcf7-48fd-a3e7-8bb3c5d0846c","D11","BLUE","BLUE.AOS.groundwater.well.003","BLUE.W3.20170913.FIL",,"2017-09-13T16:13Z","2017-09-13T16:13Z","EcoCore_CSU","HCO3",280.1900,"milligramsPerLiter",3.3,,0,"formatChange","GOOD"
"9ff74763-ff8a-4e5f-b67a-cba453b853e3","D11","BLUE","BLUE.AOS.groundwater.well.003","BLUE.W3.20170913.FIL",,"2017-09-13T16:13Z","2017-09-13T16:13Z","EcoCore_CSU","Si",4.8787,"milligramsPerLiter",3.3,,0,"formatChange","GOOD"
"8f76f352-1ab4-496c-b34a-6ad7d574559a","D11","BLUE","BLUE.AOS.groundwater.well.003","BLUE.W3.20170913.FIL",,"2017-09-13T16:13Z","2017-09-13T16:13Z","EcoCore_CSU","NO3+NO2 - N",0.0292,"milligramsPerLiter",3.3,,0,"formatChange","GOOD"
"4b667b48-9606-4d38-9f28-6a12c80b8e5c","D11","BLUE","BLUE.AOS.groundwater.well.003","BLUE.W3.20170913.RAW",,"2017-09-13T16:13Z","2017-09-13T16:13Z","EcoCore_CSU","pH",7.4500,"pH",3.3,,0,"formatChange","GOOD"
"96ca54d0-df35-48ed-b43f-e63e175e815d","D11","BLUE","BLUE.AOS.groundwater.well.003","BLUE.W3.20170913.FIL",,"2017-09-13T16:13Z","2017-09-13T16:13Z","EcoCore_CSU","TDN",0.0090,"milligramsPerLiter",3.3,,0,"formatChange","GOOD"
"6a537004-34dc-429d-a7ad-d6493a238b8e","D11","BLUE","BLUE.AOS.groundwater.well.003","BLUE.W3.20170913.FIL",,"2017-09-13T16:13Z","2017-09-13T16:13Z","EcoCore_CSU","UV Absorbance (250 nm)",0.0141,,3.3,,0,"formatChange","GOOD"
"716f4fad-67b9-4b23-9060-e33d47d26bf2","D11","BLUE","BLUE.AOS.groundwater.well.003","BLUE.W3.20170913.FIL",,"2017-09-13T16:13Z","2017-09-13T16:13Z","EcoCore_CSU","DOC",0.8315,"milligramsPerLiter",3.3,,0,"formatChange","GOOD"
"7ac4a5a8-1e7d-47b9-8498-4cc38798c680","D11","BLUE","BLUE.AOS.groundwater.well.003","BLUE.W3.20170913.PCN",,"2017-09-13T16:13Z","2017-09-13T16:13Z","EcoCore_CSU","TPC",0.3160,"milligram",3.3,,0,"formatChange","GOOD"
"24ef52c4-c697-4908-802d-5db054841fa3","D11","BLUE","BLUE.AOS.groundwater.well.003","BLUE.W3.20170913.FIL",,"2017-09-13T16:13Z","2017-09-13T16:13Z","EcoCore_CSU","TDS",342.1000,"milligramsPerLiter",3.3,,0,"formatChange","GOOD"
"f82b0544-1fd7-4bba-bc14-c0e5ed65a126","D11","BLUE","BLUE.AOS.groundwater.well.003","BLUE.W3.20170913.FIL",,"2017-09-13T16:13Z","2017-09-13T16:13Z","EcoCore_CSU","UV Absorbance (280 nm)",0.0104,,3.3,,0,"formatChange","GOOD"
"47ed4eea-1532-473b-85c5-48b6df262e82","D11","BLUE","BLUE.AOS.groundwater.well.003","BLUE.W3.20170913.FIL",,"2017-09-13T16:13Z","2017-09-13T16:13Z","EcoCore_CSU","Ortho - P",0.0090,"milligramsPerLiter",3.3,,0,"formatChange","GOOD"
"0731e4b7-9ce4-43f6-9522-6c1b644d2479","D11","BLUE","BLUE.AOS.groundwater.well.003","BLUE.W3.20170913.RAW",,"2017-09-13T16:13Z","2017-09-13T16:13Z","EcoCore_CSU","ANC",4.6190,"milliequivalentsPerLiter",3.3,,0,"formatChange","GOOD"
"a6eb1bba-273d-4e26-8303-e384525256ec","D11","BLUE","BLUE.AOS.groundwater.well.003","BLUE.W3.20170913.RAW",,"2017-09-13T16:13Z","2017-09-13T16:13Z","EcoCore_CSU","TN",0.0204,"milligramsPerLiter",3.3,,0,"formatChange","GOOD"
"9fb9efad-642e-40d2-8e27-fafdca712e93","D11","BLUE","BLUE.AOS.groundwater.well.003","BLUE.W3.20170913.FIL",,"2017-09-13T16:13Z","2017-09-13T16:13Z","EcoCore_CSU","NH4 - N",0.1048,"milligramsPerLiter",3.3,,0,"formatChange","GOOD"
"49c86903-3ee5-46dd-befc-551711ac2be4","D11","BLUE","BLUE.AOS.groundwater.well.003","BLUE.W3.20170913.RAW",,"2017-09-13T16:13Z","2017-09-13T16:13Z","EcoCore_CSU","TSS",10.0000,"milligramsPerLiter",3.3,,0,"formatChange","GOOD"
"1ce12e3b-8f13-41b9-b833-9d8669711205","D11","BLUE","BLUE.AOS.groundwater.well.003","BLUE.W3.20170913.FIL",,"2017-09-13T16:13Z","2017-09-13T16:13Z","EcoCore_CSU","K",1.1853,"milligramsPerLiter",3.3,,0,"formatChange","GOOD"
"b0d28c3d-35aa-4e08-a1ad-c9b1e7ee6ba1","D11","BLUE","BLUE.AOS.groundwater.well.003","BLUE.W3.20170913.FIL",,"2017-09-13T16:13Z","2017-09-13T16:13Z","EcoCore_CSU","DIC",94.2900,"milligramsPerLiter",3.3,,0,"formatChange","GOOD"
"6bf1b43e-bf1e-4c0c-b151-e7835794a5f1","D11","BLUE","BLUE.AOS.groundwater.well.003","BLUE.W3.20170913.FIL",,"2017-09-13T16:13Z","2017-09-13T16:13Z","EcoCore_CSU","F",0.2972,"milligramsPerLiter",3.3,,0,"formatChange","GOOD"
"3892d628-b24e-47a4-9b61-9e465297be5d","D11","BLUE","BLUE.AOS.groundwater.well.003","BLUE.W3.20170913.FIL",,"2017-09-13T16:13Z","2017-09-13T16:13Z","EcoCore_CSU","NO2 - N",0.0091,"milligramsPerLiter",3.3,,0,"formatChange","GOOD"
"6f94b263-3bef-4564-bbb7-60b38a6129d0","D11","BLUE","BLUE.AOS.groundwater.well.003","BLUE.W3.20170913.FIL",,"2017-09-13T16:13Z","2017-09-13T16:13Z","EcoCore_CSU","Na",4.3700,"milligramsPerLiter",3.3,,0,"formatChange","GOOD"
"78a0b623-f357-4475-908b-f064540cb8b2","D11","BLUE","BLUE.AOS.groundwater.well.008","BLUE.W8.20170913.FIL",,"2017-09-13T18:22Z","2017-09-13T18:22Z","EcoCore_CSU","NO3+NO2 - N",0.0205,"milligramsPerLiter",1.6,,0,"formatChange","GOOD"
"2587f7d5-1049-45da-867b-fa25e28b1ff1","D11","BLUE","BLUE.AOS.groundwater.well.008","BLUE.W8.20170913.FIL",,"2017-09-13T18:22Z","2017-09-13T18:22Z","EcoCore_CSU","TDP",0.0293,"milligramsPerLiter",1.6,,0,"formatChange","GOOD"
"7c371e26-994b-4553-87db-83c13b2312a9","D11","BLUE","BLUE.AOS.groundwater.well.008","BLUE.W8.20170913.FIL",,"2017-09-13T18:22Z","2017-09-13T18:22Z","EcoCore_CSU","K",2.4027,"milligramsPerLiter",1.6,,0,"formatChange","GOOD"
"e0d10268-f521-4e9e-baee-22ad3572dee0","D11","BLUE","BLUE.AOS.groundwater.well.008","BLUE.W8.20170913.FIL",,"2017-09-13T18:22Z","2017-09-13T18:22Z","EcoCore_CSU","DOC",1.2450,"milligramsPerLiter",1.6,,0,"formatChange","GOOD"
"53abc6ea-094c-4aa3-ad82-a1640444e35b","D11","BLUE","BLUE.AOS.groundwater.well.008","BLUE.W8.20170913.FIL",,"2017-09-13T18:22Z","2017-09-13T18:22Z","EcoCore_CSU","Si",4.7400,"milligramsPerLiter",1.6,,0,"formatChange","GOOD"
"296fe791-c09d-4da4-a396-622fbc20d3dc","D11","BLUE","BLUE.AOS.groundwater.well.008","BLUE.W8.20170913.FIL",,"2017-09-13T18:22Z","2017-09-13T18:22Z","EcoCore_CSU","Fe",0.0017,"milligramsPerLiter",1.6,,0,"formatChange","GOOD"
"506f240d-a09b-408b-9df8-ea0a4e80e54f","D11","BLUE","BLUE.AOS.groundwater.well.008","BLUE.W8.20170913.PCN",,"2017-09-13T18:22Z","2017-09-13T18:22Z","EcoCore_CSU","TPN",0.1279,"milligram",1.6,,0,"formatChange","GOOD"
"2ba72c2a-5d4f-4f17-8136-064a8f989356","D11","BLUE","BLUE.AOS.groundwater.well.008","BLUE.W8.20170913.FIL",,"2017-09-13T18:22Z","2017-09-13T18:22Z","EcoCore_CSU","Ca",51.4280,"milligramsPerLiter",1.6,,0,"formatChange","GOOD"
"722cf9fb-424c-4252-9208-85871da730e2","D11","BLUE","BLUE.AOS.groundwater.well.008","BLUE.W8.20170913.FIL",,"2017-09-13T18:22Z","2017-09-13T18:22Z","EcoCore_CSU","DIC",102.6000,"milligramsPerLiter",1.6,,0,"formatChange","GOOD"
"1288a0ba-50c5-48f7-9669-4d975a1aa123","D11","BLUE","BLUE.AOS.groundwater.well.008","BLUE.W8.20170913.PCN",,"2017-09-13T18:22Z","2017-09-13T18:22Z","EcoCore_CSU","TPC",0.4421,"milligram",1.6,,0,"formatChange","GOOD"
"d42938f4-c557-4d0d-9c7f-0d9ab73d0e1f","D11","BLUE","BLUE.AOS.groundwater.well.008","BLUE.W8.20170913.FIL",,"2017-09-13T18:22Z","2017-09-13T18:22Z","EcoCore_CSU","F",0.1673,"milligramsPerLiter",1.6,,0,"formatChange","GOOD"
"8d693c5e-f1c3-4d89-8e02-43a946ee189a","D11","BLUE","BLUE.AOS.groundwater.well.008","BLUE.W8.20170913.FIL",,"2017-09-13T18:22Z","2017-09-13T18:22Z","EcoCore_CSU","Mg",26.6360,"milligramsPerLiter",1.6,,0,"formatChange","GOOD"
"47b35a49-b043-45b3-bc04-1c53469eb657","D11","BLUE","BLUE.AOS.groundwater.well.008","BLUE.W8.20170913.FIL",,"2017-09-13T18:22Z","2017-09-13T18:22Z","EcoCore_CSU","Br",0.0050,"milligramsPerLiter",1.6,,0,"formatChange","GOOD"
"cc93d3d5-998e-434e-9003-f6a19d31e7a3","D11","BLUE","BLUE.AOS.groundwater.well.008","BLUE.W8.20170913.FIL",,"2017-09-13T18:22Z","2017-09-13T18:22Z","EcoCore_CSU","NH4 - N",0.1255,"milligramsPerLiter",1.6,,0,"formatChange","GOOD"
"a1bfe35d-d85d-445f-8ce8-076090405250","D11","BLUE","BLUE.AOS.groundwater.well.008","BLUE.W8.20170913.RAW",,"2017-09-13T18:22Z","2017-09-13T18:22Z","EcoCore_CSU","ANC",4.7100,"milliequivalentsPerLiter",1.6,,0,"formatChange","GOOD"
"91584a00-61a0-43fd-ab3e-dc6bdc95071d","D11","BLUE","BLUE.AOS.groundwater.well.008","BLUE.W8.20170913.FIL",,"2017-09-13T18:22Z","2017-09-13T18:22Z","EcoCore_CSU","SO4",13.5490,"milligramsPerLiter",1.6,,0,"formatChange","GOOD"
"8c44c1fa-edaf-4606-91c4-06059b18cf30","D11","BLUE","BLUE.AOS.groundwater.well.008","BLUE.W8.20170913.FIL",,"2017-09-13T18:22Z","2017-09-13T18:22Z","EcoCore_CSU","Mn",0.0005,"milligramsPerLiter",1.6,,0,"formatChange","GOOD"
"8bd49458-5cba-4c3f-a0f5-9993e46825c4","D11","BLUE","BLUE.AOS.groundwater.well.008","BLUE.W8.20170913.FIL",,"2017-09-13T18:22Z","2017-09-13T18:22Z","EcoCore_CSU","HCO3",282.5600,"milligramsPerLiter",1.6,,0,"formatChange","GOOD"
"b5ce61a9-413e-44ea-bbcf-1d7a76584fe0","D11","BLUE","BLUE.AOS.groundwater.well.008","BLUE.W8.20170913.FIL",,"2017-09-13T18:22Z","2017-09-13T18:22Z","EcoCore_CSU","Ortho - P",0.0130,"milligramsPerLiter",1.6,,0,"formatChange","GOOD"
"91969989-817b-4f20-aafa-dd7d235d56d7","D11","BLUE","BLUE.AOS.groundwater.well.008","BLUE.W8.20170913.FIL",,"2017-09-13T18:22Z","2017-09-13T18:22Z","EcoCore_CSU","TDS",363.2000,"milligramsPerLiter",1.6,,0,"formatChange","GOOD"
"3c1fa941-9119-4ef9-8c0d-4625c9d9d308","D11","BLUE","BLUE.AOS.groundwater.well.008","BLUE.W8.20170913.FIL",,"2017-09-13T18:22Z","2017-09-13T18:22Z","EcoCore_CSU","Na",5.2650,"milligramsPerLiter",1.6,,0,"formatChange","GOOD"
"dd347f88-15a7-450d-9666-4a629e92ea3c","D11","BLUE","BLUE.AOS.groundwater.well.008","BLUE.W8.20170913.FIL",,"2017-09-13T18:22Z","2017-09-13T18:22Z","EcoCore_CSU","UV Absorbance (280 nm)",0.0185,,1.6,,0,"formatChange","GOOD"
"a6a38211-0ab9-4dd8-a1b1-8eb0a9f0bc12","D11","BLUE","BLUE.AOS.groundwater.well.008","BLUE.W8.20170913.RAW",,"2017-09-13T18:22Z","2017-09-13T18:22Z","EcoCore_CSU","TSS",54.0000,"milligramsPerLiter",1.6,,0,"formatChange","GOOD"
"f04daa3b-231f-47b0-b313-892d7aa70a96","D11","BLUE","BLUE.AOS.groundwater.well.008","BLUE.W8.20170913.FIL",,"2017-09-13T18:22Z","2017-09-13T18:22Z","EcoCore_CSU","TDN",0.0450,"milligramsPerLiter",1.6,,0,"formatChange","GOOD"
"13cece31-ba15-4d6f-ab27-00ddef31ab62","D11","BLUE","BLUE.AOS.groundwater.well.008","BLUE.W8.20170913.RAW",,"2017-09-13T18:22Z","2017-09-13T18:22Z","EcoCore_CSU","conductivity",510.3000,"microsiemensPerCentimeter",1.6,,0,"formatChange","GOOD"
"17de80ee-34fa-4c81-a592-2c507188b425","D11","BLUE","BLUE.AOS.groundwater.well.008","BLUE.W8.20170913.RAW",,"2017-09-13T18:22Z","2017-09-13T18:22Z","EcoCore_CSU","TN",0.0282,"milligramsPerLiter",1.6,,0,"formatChange","GOOD"
"a8e8e49b-8f18-4c1e-9e42-6ddde7411d68","D11","BLUE","BLUE.AOS.groundwater.well.008","BLUE.W8.20170913.RAW",,"2017-09-13T18:22Z","2017-09-13T18:22Z","EcoCore_CSU","pH",7.6300,"pH",1.6,,0,"formatChange","GOOD"
"63fb329d-73da-4dbe-9e76-78077e692bb8","D11","BLUE","BLUE.AOS.groundwater.well.008","BLUE.W8.20170913.FIL",,"2017-09-13T18:22Z","2017-09-13T18:22Z","EcoCore_CSU","UV Absorbance (250 nm)",0.0255,,1.6,,0,"formatChange","GOOD"
"53ad558b-5faa-4728-a38e-e47b32477d9f","D11","BLUE","BLUE.AOS.groundwater.well.008","BLUE.W8.20170913.RAW",,"2017-09-13T18:22Z","2017-09-13T18:22Z","EcoCore_CSU","TOC",1.1200,"milligramsPerLiter",1.6,,0,"formatChange","GOOD"
"7e956084-3cf9-498a-bb75-121d9dc3a600","D11","BLUE","BLUE.AOS.groundwater.well.008","BLUE.W8.20170913.FIL",,"2017-09-13T18:22Z","2017-09-13T18:22Z","EcoCore_CSU","Cl",4.7548,"milligramsPerLiter",1.6,,0,"formatChange","GOOD"
"ffa24f53-d2e9-497f-a5b4-036babe84467","D11","BLUE","BLUE.AOS.groundwater.well.008","BLUE.W8.20170913.FIL",,"2017-09-13T18:22Z","2017-09-13T18:22Z","EcoCore_CSU","CO3",0.0000,"milligramsPerLiter",1.6,,0,"formatChange","GOOD"
"0b9f6e20-c608-4e28-94dd-919bb85737c2","D11","BLUE","BLUE.AOS.groundwater.well.008","BLUE.W8.20170913.RAW",,"2017-09-13T18:22Z","2017-09-13T18:22Z","EcoCore_CSU","TSS - Dry Mass",2700.0000,"microgram",1.6,,0,"formatChange","GOOD"
"72658286-2307-456e-8080-9b312b642456","D11","BLUE","BLUE.AOS.groundwater.well.008","BLUE.W8.20170913.RAW",,"2017-09-13T18:22Z","2017-09-13T18:22Z","EcoCore_CSU","TP",0.0310,"milligramsPerLiter",1.6,,0,"formatChange","GOOD"
"577bf748-d179-4652-8a2b-ba6f13348ac3","D11","BLUE","BLUE.AOS.groundwater.well.008","BLUE.W8.20170913.FIL",,"2017-09-13T18:22Z","2017-09-13T18:22Z","EcoCore_CSU","NO2 - N",0.0083,"milligramsPerLiter",1.6,,0,"formatChange","GOOD"
