uid,domainID,siteID,namedLocation,decimalLatitude,decimalLongitude,coordinateUncertainty,elevation,elevationUncertainty,geodeticDatum,collectDate,aquaticSiteType,samplingImpractical,waterChemSamplesCollected,adequateSampleVol,parentSampleID,eventID,swcSamplingProtocolVersion,sampleExtractionMethod,samplerType,totalWellDepth,wellWaterDepth,waterColumnHeight,sampleDepth,purgeAverageDischargeRate,purgeTime,gwWellStabilized,purgeDryDateTime,pumpPlacementDate,screenedIntervalDepth,maxAllowableDrawdown,actualDrawdown,MADExceeded,wellVolumePurged,probeIDUnavailable,dissolvedOxygen,dissolvedOxygenSaturation,specificConductance,waterTemp,pH,waterClarityDescrip,waterColorDescrip,aCollectedBy,bCollectedBy,remarks
"8a960631-58ff-4b3d-9c78-cf7c5d67f93f","D05","CRAM","CRAM.AOS.groundwater.well.006",46.205626,-89.477075,0.1,519.1,0.1,"WGS84","2019-10-16T16:20Z","lake",,,"Y","CRAM.W6.20191016","CRAM.20191016","NEON.DOC.002905vF","low-flow","Groundwater Pump",12.3,11.0,1.3,11.8,,,,,,,,,,3.8,,7.52,62.00,206.00,7.20,7.10,"clear","colorless","0000-0003-1075-1249","0000-0001-8705-5714",
"27e9e126-4a93-4d2c-b064-6a179694d26c","D05","CRAM","CRAM.AOS.groundwater.well.001",46.212818,-89.477093,0.1,515.4,0.1,"WGS84","2019-10-16T18:13Z","lake",,,"Y","CRAM.W1.20191016","CRAM.20191016","NEON.DOC.002905vF","low-flow","Groundwater Pump",9.2,7.9,1.3,8.7,,,,,,,,,,1.6,,9.49,80.90,76.60,8.10,6.75,"cloudy","colorless","0000-0003-1075-1249","0000-0001-8705-5714",
"816cc603-5a02-4365-8b76-20301ce8994a","D05","CRAM","CRAM.AOS.groundwater.well.003",46.211158,-89.478550,0.1,516.2,0.1,"WGS84","2019-10-16T19:45Z","lake",,,"Y","CRAM.W3.20191016","CRAM.20191016","NEON.DOC.002905vF","low-flow","Groundwater Pump",6.2,4.9,1.3,5.7,,,,,,,,,,4.3,,10.17,87.60,50.30,9.00,6.13,"cloudy","brown","0000-0003-1075-1249","0000-0001-8705-5714",
"537fcbb2-d26e-45f1-87f5-494762eed54a","D05","CRAM","CRAM.AOS.groundwater.well.005",46.207591,-89.478786,0.1,518.6,0.1,"WGS84","2019-10-16T21:04Z","lake",,,"Y","CRAM.W5.20191016","CRAM.20191016","NEON.DOC.002905vF","low-flow","Groundwater Pump",12.3,11.3,1.0,11.8,,,,,,,,,,3.9,,1.53,12.80,226.20,7.50,7.00,"clear","colorless","0000-0003-1075-1249","0000-0001-8705-5714",
