uid,domainID,siteID,namedLocation,sampleID,sampleCode,startDate,collectDate,laboratoryName,analyte,analyteConcentration,analyteUnits,coolerTemp,remarks,shipmentWarmQF,externalLabDataQF,sampleCondition
"55b3ec5c-c262-4042-b9a0-485c91d5ad5d","D05","CRAM","CRAM.AOS.groundwater.well.006","CRAM.W6.20191016.PCN","A00000078906","2019-10-16T16:20Z","2019-10-16T16:20Z","EcoCore_CSU","TPC",0.1586,"milligram",5.6,,0,,"OK"
"0824dd15-8192-40a0-9dd5-0a3315074d5d","D05","CRAM","CRAM.AOS.groundwater.well.006","CRAM.W6.20191016.FIL","A00000078904","2019-10-16T16:20Z","2019-10-16T16:20Z","EcoCore_CSU","Br",0.0050,"milligramsPerLiter",5.6,,0,,"OK"
"6494560c-04a6-47a5-87f2-412e1f2a3ce1","D05","CRAM","CRAM.AOS.groundwater.well.006","CRAM.W6.20191016.FIL","A00000078904","2019-10-16T16:20Z","2019-10-16T16:20Z","EcoCore_CSU","Mn",0.0005,"milligramsPerLiter",5.6,,0,,"OK"
"f1ee5cdc-fb0c-4446-855b-d629dae022b3","D05","CRAM","CRAM.AOS.groundwater.well.006","CRAM.W6.20191016.FIL","A00000078904","2019-10-16T16:20Z","2019-10-16T16:20Z","EcoCore_CSU","Mg",6.5590,"milligramsPerLiter",5.6,,0,,"OK"
"7c2bf8c7-9543-437b-aa3a-e1ea4e1cf60b","D05","CRAM","CRAM.AOS.groundwater.well.006","CRAM.W6.20191016.FIL","A00000078904","2019-10-16T16:20Z","2019-10-16T16:20Z","EcoCore_CSU","UV Absorbance (250 nm)",0.0245,,5.6,,0,,"OK"
"a5ab46aa-d471-4567-9365-4cee02146fee","D05","CRAM","CRAM.AOS.groundwater.well.006","CRAM.W6.20191016.FIL","A00000078904","2019-10-16T16:20Z","2019-10-16T16:20Z","EcoCore_CSU","UV Absorbance (280 nm)",0.0168,,5.6,,0,,"OK"
"775e07a5-cd45-4fa0-9422-5dad4e3daaf0","D05","CRAM","CRAM.AOS.groundwater.well.006","CRAM.W6.20191016.RAW","A00000078905","2019-10-16T16:20Z","2019-10-16T16:20Z","EcoCore_CSU","TN",0.1165,"milligramsPerLiter",5.6,,0,,"OK"
"23302e41-ecc0-4da6-aecf-83043a292a32","D05","CRAM","CRAM.AOS.groundwater.well.006","CRAM.W6.20191016.RAW","A00000078905","2019-10-16T16:20Z","2019-10-16T16:20Z","EcoCore_CSU","TOC",1.6920,"milligramsPerLiter",5.6,,0,,"OK"
"af80831d-d261-4a85-84c7-89c283cff441","D05","CRAM","CRAM.AOS.groundwater.well.006","CRAM.W6.20191016.FIL","A00000078904","2019-10-16T16:20Z","2019-10-16T16:20Z","EcoCore_CSU","DOC",1.6710,"milligramsPerLiter",0.4,,0,,"OK"
"e68820ec-51cd-4a50-9022-45d89800627b","D05","CRAM","CRAM.AOS.groundwater.well.006","CRAM.W6.20191016.FIL","A00000078904","2019-10-16T16:20Z","2019-10-16T16:20Z","EcoCore_CSU","DIC",33.1200,"milligramsPerLiter",5.6,,0,,"OK"
"5968e338-80fe-4714-8a26-d0bdf686a7f1","D05","CRAM","CRAM.AOS.groundwater.well.006","CRAM.W6.20191016.FIL","A00000078904","2019-10-16T16:20Z","2019-10-16T16:20Z","EcoCore_CSU","TDN",0.1382,"milligramsPerLiter",2.4,,0,,"OK"
"af0a62df-8e83-4050-897d-86c03a52d97d","D05","CRAM","CRAM.AOS.groundwater.well.006","CRAM.W6.20191016.RAW","A00000078905","2019-10-16T16:20Z","2019-10-16T16:20Z","EcoCore_CSU","pH",7.5900,"pH",5.6,,0,,"OK"
"b68c40c3-b297-4180-9679-3b6e5370d070","D05","CRAM","CRAM.AOS.groundwater.well.006","CRAM.W6.20191016.RAW","A00000078905","2019-10-16T16:20Z","2019-10-16T16:20Z","EcoCore_CSU","specificConductance",220.6300,"microsiemensPerCentimeter",5.6,,0,,"OK"
"0158b00a-9373-4db5-bc26-676fc0a430bf","D05","CRAM","CRAM.AOS.groundwater.well.006","CRAM.W6.20191016.RAW","A00000078905","2019-10-16T16:20Z","2019-10-16T16:20Z","EcoCore_CSU","TSS",30.0000,"milligramsPerLiter",5.6,,0,,"OK"
"42584f12-9dc3-49fa-bdf8-e88f2f02c1aa","D05","CRAM","CRAM.AOS.groundwater.well.006","CRAM.W6.20191016.RAW","A00000078905","2019-10-16T16:20Z","2019-10-16T16:20Z","EcoCore_CSU","TP",0.2880,"milligramsPerLiter",5.6,,0,,"OK"
"1d8fa6f3-1908-4291-bb00-93a076553837","D05","CRAM","CRAM.AOS.groundwater.well.006","CRAM.W6.20191016.RAW","A00000078905","2019-10-16T16:20Z","2019-10-16T16:20Z","EcoCore_CSU","TSS - Dry Mass",1500.0000,"microgram",5.6,,0,,"OK"
"d3c520f0-2268-4417-a7be-aaf668de042b","D05","CRAM","CRAM.AOS.groundwater.well.006","CRAM.W6.20191016.RAW","A00000078905","2019-10-16T16:20Z","2019-10-16T16:20Z","EcoCore_CSU","ANC",1.9200,"milliequivalentsPerLiter",5.6,,0,,"OK"
"7bc3e03d-4d0b-4ac7-b18a-1eb8fdeed37d","D05","CRAM","CRAM.AOS.groundwater.well.006","CRAM.W6.20191016.FIL","A00000078904","2019-10-16T16:20Z","2019-10-16T16:20Z","EcoCore_CSU","NO3+NO2 - N",0.0696,"milligramsPerLiter",5.6,,0,,"OK"
"0edba2fe-3cd6-4ecc-a007-a1de8173cf2d","D05","CRAM","CRAM.AOS.groundwater.well.006","CRAM.W6.20191016.FIL","A00000078904","2019-10-16T16:20Z","2019-10-16T16:20Z","EcoCore_CSU","NO2 - N",-0.0051,"milligramsPerLiter",5.6,,0,,"OK"
"ef1e454f-68c7-476d-aac4-22967b4a433f","D05","CRAM","CRAM.AOS.groundwater.well.006","CRAM.W6.20191016.FIL","A00000078904","2019-10-16T16:20Z","2019-10-16T16:20Z","EcoCore_CSU","Ortho - P",0.0490,"milligramsPerLiter",5.6,,0,,"OK"
"ab8e434b-0da3-4ed2-9cfe-c035e35a906f","D05","CRAM","CRAM.AOS.groundwater.well.006","CRAM.W6.20191016.FIL","A00000078904","2019-10-16T16:20Z","2019-10-16T16:20Z","EcoCore_CSU","NH4 - N",0.0288,"milligramsPerLiter",5.6,,0,,"OK"
"9db2f7b8-b4dc-4519-b38b-2977c48b7968","D05","CRAM","CRAM.AOS.groundwater.well.006","CRAM.W6.20191016.FIL","A00000078904","2019-10-16T16:20Z","2019-10-16T16:20Z","EcoCore_CSU","Na",2.4430,"milligramsPerLiter",5.6,,0,,"OK"
"dcfb9831-9165-4268-977b-9d10cbff51a8","D05","CRAM","CRAM.AOS.groundwater.well.006","CRAM.W6.20191016.FIL","A00000078904","2019-10-16T16:20Z","2019-10-16T16:20Z","EcoCore_CSU","TDP",0.0260,"milligramsPerLiter",5.6,,0,,"OK"
"45876951-8c73-48db-a61d-f1eb6a989f10","D05","CRAM","CRAM.AOS.groundwater.well.006","CRAM.W6.20191016.FIL","A00000078904","2019-10-16T16:20Z","2019-10-16T16:20Z","EcoCore_CSU","SO4",6.5280,"milligramsPerLiter",5.6,,0,,"OK"
"99aa772c-5575-40f5-8149-d64cf91689de","D05","CRAM","CRAM.AOS.groundwater.well.006","CRAM.W6.20191016.FIL","A00000078904","2019-10-16T16:20Z","2019-10-16T16:20Z","EcoCore_CSU","Cl",7.5100,"milligramsPerLiter",5.6,,0,,"OK"
"08b3b45e-2a70-4c5f-bb7f-226960d584c6","D05","CRAM","CRAM.AOS.groundwater.well.006","CRAM.W6.20191016.FIL","A00000078904","2019-10-16T16:20Z","2019-10-16T16:20Z","EcoCore_CSU","Si",17.3600,"milligramsPerLiter",5.6,,0,,"OK"
"6b73e2bc-9b44-419a-9ad2-c6bb843fee45","D05","CRAM","CRAM.AOS.groundwater.well.006","CRAM.W6.20191016.FIL","A00000078904","2019-10-16T16:20Z","2019-10-16T16:20Z","EcoCore_CSU","F",0.2700,"milligramsPerLiter",5.6,,0,,"OK"
"6223fb9b-4470-4aeb-b2d8-c7e78b4f6e85","D05","CRAM","CRAM.AOS.groundwater.well.006","CRAM.W6.20191016.FIL","A00000078904","2019-10-16T16:20Z","2019-10-16T16:20Z","EcoCore_CSU","K",0.8180,"milligramsPerLiter",5.6,,0,,"OK"
"42154454-f099-407c-8229-ebb8969ecff7","D05","CRAM","CRAM.AOS.groundwater.well.006","CRAM.W6.20191016.FIL","A00000078904","2019-10-16T16:20Z","2019-10-16T16:20Z","EcoCore_CSU","TDS",155.2700,"milligramsPerLiter",5.6,,0,,"OK"
"f467efcd-91a9-454a-adba-b1cb19cb0993","D05","CRAM","CRAM.AOS.groundwater.well.006","CRAM.W6.20191016.FIL","A00000078904","2019-10-16T16:20Z","2019-10-16T16:20Z","EcoCore_CSU","HCO3",110.2800,"milligramsPerLiter",5.6,,0,,"OK"
"7ac0f838-38ce-427d-b8a0-f23c9c599d0a","D05","CRAM","CRAM.AOS.groundwater.well.006","CRAM.W6.20191016.FIL","A00000078904","2019-10-16T16:20Z","2019-10-16T16:20Z","EcoCore_CSU","Fe",0.0005,"milligramsPerLiter",5.6,,0,,"OK"
"53bd1747-8672-4660-8af3-c9947db1c1d8","D05","CRAM","CRAM.AOS.groundwater.well.006","CRAM.W6.20191016.FIL","A00000078904","2019-10-16T16:20Z","2019-10-16T16:20Z","EcoCore_CSU","CO3",0.0050,"milligramsPerLiter",5.6,,0,,"OK"
"492c0d66-9ae4-4bd8-be56-837a5f33b546","D05","CRAM","CRAM.AOS.groundwater.well.006","CRAM.W6.20191016.FIL","A00000078904","2019-10-16T16:20Z","2019-10-16T16:20Z","EcoCore_CSU","Ca",29.8400,"milligramsPerLiter",5.6,,0,,"OK"
"a735b9e5-0efa-435b-ae63-9d828b255e61","D05","CRAM","CRAM.AOS.groundwater.well.006","CRAM.W6.20191016.PCN","A00000078906","2019-10-16T16:20Z","2019-10-16T16:20Z","EcoCore_CSU","TPN",0.1015,"milligram",5.6,,0,,"OK"
"c8339665-40d4-442b-bba9-2b330cf67a66","D05","CRAM","CRAM.AOS.groundwater.well.001","CRAM.W1.20191016.PCN","A00000078911","2019-10-16T18:13Z","2019-10-16T18:13Z","EcoCore_CSU","TPN",0.0674,"milligram",5.6,,0,,"OK"
"b035e30a-a144-44b7-9a5e-c4cd9ab9aa9e","D05","CRAM","CRAM.AOS.groundwater.well.001","CRAM.W1.20191016.PCN","A00000078911","2019-10-16T18:13Z","2019-10-16T18:13Z","EcoCore_CSU","TPC",0.1642,"milligram",5.6,,0,,"OK"
"ee50c246-b94b-4490-9b5b-44e71720afc8","D05","CRAM","CRAM.AOS.groundwater.well.001","CRAM.W1.20191016.RAW","A00000078909","2019-10-16T18:13Z","2019-10-16T18:13Z","EcoCore_CSU","pH",7.4000,"pH",5.6,,0,,"OK"
"3f5d90ef-62c8-43f7-96b9-b63fc18c5f68","D05","CRAM","CRAM.AOS.groundwater.well.001","CRAM.W1.20191016.RAW","A00000078909","2019-10-16T18:13Z","2019-10-16T18:13Z","EcoCore_CSU","TSS - Dry Mass",5700.0000,"microgram",5.6,,0,,"OK"
"ef700104-09e4-47b7-bb48-3054c557a4ae","D05","CRAM","CRAM.AOS.groundwater.well.001","CRAM.W1.20191016.RAW","A00000078909","2019-10-16T18:13Z","2019-10-16T18:13Z","EcoCore_CSU","TSS",114.0000,"milligramsPerLiter",5.6,,0,,"OK"
"1aa166c4-08b2-4cf7-9f5a-8c445008aeac","D05","CRAM","CRAM.AOS.groundwater.well.001","CRAM.W1.20191016.RAW","A00000078909","2019-10-16T18:13Z","2019-10-16T18:13Z","EcoCore_CSU","ANC",0.4900,"milliequivalentsPerLiter",5.6,,0,,"OK"
"4ed22870-8d01-4262-a78e-621e726ea041","D05","CRAM","CRAM.AOS.groundwater.well.001","CRAM.W1.20191016.RAW","A00000078909","2019-10-16T18:13Z","2019-10-16T18:13Z","EcoCore_CSU","specificConductance",78.1500,"microsiemensPerCentimeter",5.6,,0,,"OK"
"336d9238-fdf8-4e08-98fb-1f2dc1a99af8","D05","CRAM","CRAM.AOS.groundwater.well.001","CRAM.W1.20191016.FIL","A00000078910","2019-10-16T18:13Z","2019-10-16T18:13Z","EcoCore_CSU","NH4 - N",0.1026,"milligramsPerLiter",5.6,,0,,"OK"
"163e3819-3280-4e17-8c71-2398d1240fd1","D05","CRAM","CRAM.AOS.groundwater.well.001","CRAM.W1.20191016.FIL","A00000078910","2019-10-16T18:13Z","2019-10-16T18:13Z","EcoCore_CSU","NO3+NO2 - N",0.1921,"milligramsPerLiter",5.6,,0,,"OK"
"a413e774-6e5b-4767-8825-7d05c9f11031","D05","CRAM","CRAM.AOS.groundwater.well.001","CRAM.W1.20191016.FIL","A00000078910","2019-10-16T18:13Z","2019-10-16T18:13Z","EcoCore_CSU","NO2 - N",-0.0067,"milligramsPerLiter",5.6,,0,,"OK"
"ff664132-608b-49d8-bbe0-576ff20c49c2","D05","CRAM","CRAM.AOS.groundwater.well.001","CRAM.W1.20191016.FIL","A00000078910","2019-10-16T18:13Z","2019-10-16T18:13Z","EcoCore_CSU","Ortho - P",0.0380,"milligramsPerLiter",5.6,,0,,"OK"
"9740dab4-e724-4f4c-886b-f49c2d2e6289","D05","CRAM","CRAM.AOS.groundwater.well.001","CRAM.W1.20191016.FIL","A00000078910","2019-10-16T18:13Z","2019-10-16T18:13Z","EcoCore_CSU","TDS",55.1700,"milligramsPerLiter",5.6,,0,,"OK"
"e87b7f38-e138-4654-a0c7-a2c5711d9eaf","D05","CRAM","CRAM.AOS.groundwater.well.001","CRAM.W1.20191016.FIL","A00000078910","2019-10-16T18:13Z","2019-10-16T18:13Z","EcoCore_CSU","Br",0.0050,"milligramsPerLiter",5.6,,0,,"OK"
"6898f47c-44cf-4827-8dd3-5d512cb5e36a","D05","CRAM","CRAM.AOS.groundwater.well.001","CRAM.W1.20191016.FIL","A00000078910","2019-10-16T18:13Z","2019-10-16T18:13Z","EcoCore_CSU","SO4",2.9460,"milligramsPerLiter",5.6,,0,,"OK"
"d8b7752e-2d42-4b88-b6dd-efb794bbb5bb","D05","CRAM","CRAM.AOS.groundwater.well.001","CRAM.W1.20191016.FIL","A00000078910","2019-10-16T18:13Z","2019-10-16T18:13Z","EcoCore_CSU","Ca",9.1720,"milligramsPerLiter",5.6,,0,,"OK"
"6ac57e5f-9620-49bc-80be-50decb01301e","D05","CRAM","CRAM.AOS.groundwater.well.001","CRAM.W1.20191016.FIL","A00000078910","2019-10-16T18:13Z","2019-10-16T18:13Z","EcoCore_CSU","TDP",0.1640,"milligramsPerLiter",5.6,,0,,"OK"
"6b998a0b-34a7-4b23-b9d1-452fc65dfe1f","D05","CRAM","CRAM.AOS.groundwater.well.001","CRAM.W1.20191016.FIL","A00000078910","2019-10-16T18:13Z","2019-10-16T18:13Z","EcoCore_CSU","Cl",9.8100,"milligramsPerLiter",5.6,,0,,"OK"
"16b7b700-c04a-430f-a52d-0f25934fe206","D05","CRAM","CRAM.AOS.groundwater.well.001","CRAM.W1.20191016.FIL","A00000078910","2019-10-16T18:13Z","2019-10-16T18:13Z","EcoCore_CSU","CO3",0.0050,"milligramsPerLiter",5.6,,0,,"OK"
"2ba73ae7-e7ba-47c6-b513-9506efc3c430","D05","CRAM","CRAM.AOS.groundwater.well.001","CRAM.W1.20191016.FIL","A00000078910","2019-10-16T18:13Z","2019-10-16T18:13Z","EcoCore_CSU","K",1.7380,"milligramsPerLiter",5.6,,0,,"OK"
"d9498055-71df-4462-b624-9b3bc0320648","D05","CRAM","CRAM.AOS.groundwater.well.001","CRAM.W1.20191016.FIL","A00000078910","2019-10-16T18:13Z","2019-10-16T18:13Z","EcoCore_CSU","Si",11.6300,"milligramsPerLiter",5.6,,0,,"OK"
"903ac4e5-913e-47af-baeb-50f6551e155a","D05","CRAM","CRAM.AOS.groundwater.well.001","CRAM.W1.20191016.RAW","A00000078909","2019-10-16T18:13Z","2019-10-16T18:13Z","EcoCore_CSU","TP",0.3080,"milligramsPerLiter",5.6,,0,,"OK"
"08672ea0-1f37-4551-88fc-131fb72ce673","D05","CRAM","CRAM.AOS.groundwater.well.001","CRAM.W1.20191016.FIL","A00000078910","2019-10-16T18:13Z","2019-10-16T18:13Z","EcoCore_CSU","Fe",0.0005,"milligramsPerLiter",5.6,,0,,"OK"
"49e23c5d-2bb7-4312-b1a9-c36db389ed77","D05","CRAM","CRAM.AOS.groundwater.well.001","CRAM.W1.20191016.FIL","A00000078910","2019-10-16T18:13Z","2019-10-16T18:13Z","EcoCore_CSU","HCO3",27.4200,"milligramsPerLiter",5.6,,0,,"OK"
"655262b1-6cd2-4728-a5d1-6c7aecd89363","D05","CRAM","CRAM.AOS.groundwater.well.001","CRAM.W1.20191016.FIL","A00000078910","2019-10-16T18:13Z","2019-10-16T18:13Z","EcoCore_CSU","Mn",0.0005,"milligramsPerLiter",5.6,,0,,"OK"
"22e19a56-a808-4684-bffb-ddaad941c895","D05","CRAM","CRAM.AOS.groundwater.well.001","CRAM.W1.20191016.FIL","A00000078910","2019-10-16T18:13Z","2019-10-16T18:13Z","EcoCore_CSU","Mg",2.4670,"milligramsPerLiter",5.6,,0,,"OK"
"c9b749fe-6421-45ec-b2b4-bc96affc59db","D05","CRAM","CRAM.AOS.groundwater.well.001","CRAM.W1.20191016.FIL","A00000078910","2019-10-16T18:13Z","2019-10-16T18:13Z","EcoCore_CSU","F",0.0050,"milligramsPerLiter",5.6,,0,,"OK"
"cc5fe849-e2e0-49c8-9e07-2244185568b3","D05","CRAM","CRAM.AOS.groundwater.well.001","CRAM.W1.20191016.FIL","A00000078910","2019-10-16T18:13Z","2019-10-16T18:13Z","EcoCore_CSU","Na",1.4490,"milligramsPerLiter",5.6,,0,,"OK"
"583f4ab5-c568-40fa-b6cf-7adec62e038f","D05","CRAM","CRAM.AOS.groundwater.well.001","CRAM.W1.20191016.FIL","A00000078910","2019-10-16T18:13Z","2019-10-16T18:13Z","EcoCore_CSU","UV Absorbance (250 nm)",0.0435,,5.6,,0,,"OK"
"c2856143-fb91-4cd2-bb56-5522d94550b4","D05","CRAM","CRAM.AOS.groundwater.well.001","CRAM.W1.20191016.FIL","A00000078910","2019-10-16T18:13Z","2019-10-16T18:13Z","EcoCore_CSU","UV Absorbance (280 nm)",0.0269,,0.9,,0,,"OK"
"b10d4c2e-5973-4356-95c2-40d73b726544","D05","CRAM","CRAM.AOS.groundwater.well.001","CRAM.W1.20191016.RAW","A00000078909","2019-10-16T18:13Z","2019-10-16T18:13Z","EcoCore_CSU","TN",0.1862,"milligramsPerLiter",5.6,,0,,"OK"
"2c185c66-9ed2-4ae3-9fad-0c28ec0dca23","D05","CRAM","CRAM.AOS.groundwater.well.001","CRAM.W1.20191016.RAW","A00000078909","2019-10-16T18:13Z","2019-10-16T18:13Z","EcoCore_CSU","TOC",2.3900,"milligramsPerLiter",5.6,,0,,"OK"
"c219d481-93c7-4ec7-90e4-6b6788920ebe","D05","CRAM","CRAM.AOS.groundwater.well.001","CRAM.W1.20191016.FIL","A00000078910","2019-10-16T18:13Z","2019-10-16T18:13Z","EcoCore_CSU","DIC",11.1600,"milligramsPerLiter",5.6,,0,,"OK"
"0263dbc9-0c0b-4c04-868f-a1d73122bfbe","D05","CRAM","CRAM.AOS.groundwater.well.001","CRAM.W1.20191016.FIL","A00000078910","2019-10-16T18:13Z","2019-10-16T18:13Z","EcoCore_CSU","DOC",2.3670,"milligramsPerLiter",2.4,,0,,"OK"
"44501b12-2318-45dd-a219-89e961613c76","D05","CRAM","CRAM.AOS.groundwater.well.001","CRAM.W1.20191016.FIL","A00000078910","2019-10-16T18:13Z","2019-10-16T18:13Z","EcoCore_CSU","TDN",0.1906,"milligramsPerLiter",0.8,,0,,"OK"
"f7d0e6bd-51fe-43d9-b6e7-57b99e2964ab","D05","CRAM","CRAM.AOS.groundwater.well.003","CRAM.W3.20191016.RAW","A00000078879","2019-10-16T19:45Z","2019-10-16T19:45Z","EcoCore_CSU","ANC",0.0900,"milliequivalentsPerLiter",5.6,,0,,"OK"
"34f47253-f49b-45e8-8b2a-87b2bb8819a8","D05","CRAM","CRAM.AOS.groundwater.well.003","CRAM.W3.20191016.RAW","A00000078879","2019-10-16T19:45Z","2019-10-16T19:45Z","EcoCore_CSU","pH",7.3900,"pH",5.6,,0,,"OK"
"0d97941e-9788-4094-b234-95dac99ccdb9","D05","CRAM","CRAM.AOS.groundwater.well.003","CRAM.W3.20191016.RAW","A00000078879","2019-10-16T19:45Z","2019-10-16T19:45Z","EcoCore_CSU","specificConductance",45.6900,"microsiemensPerCentimeter",5.6,,0,,"OK"
"8781ae28-282e-4a08-b1ba-aa141dad2a09","D05","CRAM","CRAM.AOS.groundwater.well.003","CRAM.W3.20191016.RAW","A00000078879","2019-10-16T19:45Z","2019-10-16T19:45Z","EcoCore_CSU","TSS",772.0000,"milligramsPerLiter",5.6,,0,,"OK"
"a6048d47-3a2c-4b7f-abe6-f0038cc2aac5","D05","CRAM","CRAM.AOS.groundwater.well.003","CRAM.W3.20191016.RAW","A00000078879","2019-10-16T19:45Z","2019-10-16T19:45Z","EcoCore_CSU","TSS - Dry Mass",38600.0000,"microgram",5.6,,0,,"OK"
"ecfc94f3-3c56-400b-bc3a-4c0c6758d851","D05","CRAM","CRAM.AOS.groundwater.well.003","CRAM.W3.20191016.RAW","A00000078879","2019-10-16T19:45Z","2019-10-16T19:45Z","EcoCore_CSU","TP",0.5060,"milligramsPerLiter",5.6,,0,,"OK"
"19e111a9-06f9-4624-887f-bafcaa648d51","D05","CRAM","CRAM.AOS.groundwater.well.003","CRAM.W3.20191016.FIL","A00000078880","2019-10-16T19:45Z","2019-10-16T19:45Z","EcoCore_CSU","NO2 - N",-0.0062,"milligramsPerLiter",5.6,,0,,"OK"
"ad4eb537-7da5-433e-ac25-46637b5cfadd","D05","CRAM","CRAM.AOS.groundwater.well.003","CRAM.W3.20191016.FIL","A00000078880","2019-10-16T19:45Z","2019-10-16T19:45Z","EcoCore_CSU","NO3+NO2 - N",0.0206,"milligramsPerLiter",5.6,,0,,"OK"
"4d00c5d7-c5f2-4303-a862-089206af812e","D05","CRAM","CRAM.AOS.groundwater.well.003","CRAM.W3.20191016.FIL","A00000078880","2019-10-16T19:45Z","2019-10-16T19:45Z","EcoCore_CSU","Ortho - P",0.0480,"milligramsPerLiter",5.6,,0,,"OK"
"4287651a-8655-41d3-b62a-35c2f2c267c8","D05","CRAM","CRAM.AOS.groundwater.well.003","CRAM.W3.20191016.FIL","A00000078880","2019-10-16T19:45Z","2019-10-16T19:45Z","EcoCore_CSU","NH4 - N",0.0249,"milligramsPerLiter",5.6,,0,,"OK"
"2b5e9eb5-b094-4807-afe9-56c1c20fafa3","D05","CRAM","CRAM.AOS.groundwater.well.003","CRAM.W3.20191016.FIL","A00000078880","2019-10-16T19:45Z","2019-10-16T19:45Z","EcoCore_CSU","F",0.2800,"milligramsPerLiter",5.6,,0,,"OK"
"7a8734ed-0e8b-4733-af30-2ce7df38f606","D05","CRAM","CRAM.AOS.groundwater.well.003","CRAM.W3.20191016.FIL","A00000078880","2019-10-16T19:45Z","2019-10-16T19:45Z","EcoCore_CSU","Na",1.7370,"milligramsPerLiter",5.6,,0,,"OK"
"0857aca5-9263-45f9-ae5d-9dc85585635a","D05","CRAM","CRAM.AOS.groundwater.well.003","CRAM.W3.20191016.FIL","A00000078880","2019-10-16T19:45Z","2019-10-16T19:45Z","EcoCore_CSU","CO3",0.0050,"milligramsPerLiter",5.6,,0,,"OK"
"51bab24e-48f7-42e8-a298-17da825854a9","D05","CRAM","CRAM.AOS.groundwater.well.003","CRAM.W3.20191016.FIL","A00000078880","2019-10-16T19:45Z","2019-10-16T19:45Z","EcoCore_CSU","Mg",1.9600,"milligramsPerLiter",5.6,,0,,"OK"
"6a248843-672d-4cf9-b3bd-b7bfeb361aa0","D05","CRAM","CRAM.AOS.groundwater.well.003","CRAM.W3.20191016.FIL","A00000078880","2019-10-16T19:45Z","2019-10-16T19:45Z","EcoCore_CSU","K",0.1310,"milligramsPerLiter",5.6,,0,,"OK"
"faf317e1-ceea-449c-a94a-e423b344a3ff","D05","CRAM","CRAM.AOS.groundwater.well.003","CRAM.W3.20191016.FIL","A00000078880","2019-10-16T19:45Z","2019-10-16T19:45Z","EcoCore_CSU","TDP",0.0150,"milligramsPerLiter",5.6,,0,,"OK"
"a5d08deb-2136-4955-b92b-c84de754d67c","D05","CRAM","CRAM.AOS.groundwater.well.003","CRAM.W3.20191016.FIL","A00000078880","2019-10-16T19:45Z","2019-10-16T19:45Z","EcoCore_CSU","Br",0.0050,"milligramsPerLiter",5.6,,0,,"OK"
"fac303d4-57af-4696-94b0-68722125ccc9","D05","CRAM","CRAM.AOS.groundwater.well.003","CRAM.W3.20191016.FIL","A00000078880","2019-10-16T19:45Z","2019-10-16T19:45Z","EcoCore_CSU","HCO3",4.8900,"milligramsPerLiter",5.6,,0,,"OK"
"1abc40d1-9407-45a8-b75d-3fa072d83d4f","D05","CRAM","CRAM.AOS.groundwater.well.003","CRAM.W3.20191016.FIL","A00000078880","2019-10-16T19:45Z","2019-10-16T19:45Z","EcoCore_CSU","Ca",4.1360,"milligramsPerLiter",5.6,,0,,"OK"
"a39c52a5-5b85-4806-9aea-6aa4ac32190c","D05","CRAM","CRAM.AOS.groundwater.well.003","CRAM.W3.20191016.FIL","A00000078880","2019-10-16T19:45Z","2019-10-16T19:45Z","EcoCore_CSU","Si",12.5000,"milligramsPerLiter",5.6,,0,,"OK"
"5d22fe46-7a65-4345-b186-39723bfc5e14","D05","CRAM","CRAM.AOS.groundwater.well.003","CRAM.W3.20191016.FIL","A00000078880","2019-10-16T19:45Z","2019-10-16T19:45Z","EcoCore_CSU","TDS",32.9800,"milligramsPerLiter",5.6,,0,,"OK"
"e10d8b97-8e81-407a-8ab9-920f7a0812d4","D05","CRAM","CRAM.AOS.groundwater.well.003","CRAM.W3.20191016.FIL","A00000078880","2019-10-16T19:45Z","2019-10-16T19:45Z","EcoCore_CSU","Cl",10.7400,"milligramsPerLiter",5.6,,0,,"OK"
"41b9d28e-d4f1-4b5c-8301-9add20f06521","D05","CRAM","CRAM.AOS.groundwater.well.003","CRAM.W3.20191016.FIL","A00000078880","2019-10-16T19:45Z","2019-10-16T19:45Z","EcoCore_CSU","Mn",0.0040,"milligramsPerLiter",5.6,,0,,"OK"
"4816abb3-3d20-4e01-b4d0-57effb345330","D05","CRAM","CRAM.AOS.groundwater.well.003","CRAM.W3.20191016.FIL","A00000078880","2019-10-16T19:45Z","2019-10-16T19:45Z","EcoCore_CSU","SO4",2.3520,"milligramsPerLiter",5.6,,0,,"OK"
"f44b6f9b-f43f-4460-8503-b03b9cee5100","D05","CRAM","CRAM.AOS.groundwater.well.003","CRAM.W3.20191016.FIL","A00000078880","2019-10-16T19:45Z","2019-10-16T19:45Z","EcoCore_CSU","Fe",0.1360,"milligramsPerLiter",5.6,,0,,"OK"
"72407b14-b1ee-4ce3-9dc2-762bf673026d","D05","CRAM","CRAM.AOS.groundwater.well.003","CRAM.W3.20191016.FIL","A00000078880","2019-10-16T19:45Z","2019-10-16T19:45Z","EcoCore_CSU","UV Absorbance (280 nm)",0.1199,,5.6,,0,,"OK"
"ffd41d8f-c762-47fb-b0e0-e0026b8178ac","D05","CRAM","CRAM.AOS.groundwater.well.003","CRAM.W3.20191016.FIL","A00000078880","2019-10-16T19:45Z","2019-10-16T19:45Z","EcoCore_CSU","UV Absorbance (250 nm)",0.1726,,5.6,,0,,"OK"
"c79c9ebd-9777-480e-8421-46744e80a3f9","D05","CRAM","CRAM.AOS.groundwater.well.003","CRAM.W3.20191016.RAW","A00000078879","2019-10-16T19:45Z","2019-10-16T19:45Z","EcoCore_CSU","TN",0.1777,"milligramsPerLiter",5.6,,0,,"OK"
"23636123-b33d-48b3-937b-e1105bba118a","D05","CRAM","CRAM.AOS.groundwater.well.003","CRAM.W3.20191016.RAW","A00000078879","2019-10-16T19:45Z","2019-10-16T19:45Z","EcoCore_CSU","TOC",5.4350,"milligramsPerLiter",5.6,,0,,"OK"
"9897df09-2432-49a1-820b-11c83272f3bb","D05","CRAM","CRAM.AOS.groundwater.well.003","CRAM.W3.20191016.FIL","A00000078880","2019-10-16T19:45Z","2019-10-16T19:45Z","EcoCore_CSU","DOC",5.0440,"milligramsPerLiter",2.4,,0,,"OK"
"edfee649-b803-4820-9f60-ffdc7464d564","D05","CRAM","CRAM.AOS.groundwater.well.003","CRAM.W3.20191016.FIL","A00000078880","2019-10-16T19:45Z","2019-10-16T19:45Z","EcoCore_CSU","DIC",8.4470,"milligramsPerLiter",5.6,,0,,"OK"
"133fd2a0-c1c5-4c6f-a830-f27a58c69525","D05","CRAM","CRAM.AOS.groundwater.well.003","CRAM.W3.20191016.FIL","A00000078880","2019-10-16T19:45Z","2019-10-16T19:45Z","EcoCore_CSU","TDN",0.1518,"milligramsPerLiter",0.8,,0,,"OK"
"8e40df34-e4c5-44cd-ab7c-10bda900d7e2","D05","CRAM","CRAM.AOS.groundwater.well.003","CRAM.W3.20191016.PCN","A00000078881","2019-10-16T19:45Z","2019-10-16T19:45Z","EcoCore_CSU","TPC",0.1694,"milligram",5.6,,0,,"OK"
"1cda2334-f0bc-41ee-b58f-02e4e4b43a2f","D05","CRAM","CRAM.AOS.groundwater.well.003","CRAM.W3.20191016.PCN","A00000078881","2019-10-16T19:45Z","2019-10-16T19:45Z","EcoCore_CSU","TPN",0.1044,"milligram",5.6,,0,,"OK"
"a1c7f60a-2235-4f7f-83a5-bd4cbfb1739d","D05","CRAM","CRAM.AOS.groundwater.well.005","CRAM.W5.20191016.FIL","A00000078883","2019-10-16T21:04Z","2019-10-16T21:04Z","EcoCore_CSU","NO3+NO2 - N",0.0128,"milligramsPerLiter",5.6,,0,,"OK"
"d6de3c61-56ef-482d-9976-b257dabd6e8d","D05","CRAM","CRAM.AOS.groundwater.well.005","CRAM.W5.20191016.PCN","A00000078885","2019-10-16T21:04Z","2019-10-16T21:04Z","EcoCore_CSU","TPC",0.1461,"milligram",5.6,,0,,"OK"
"43096e17-4254-42a0-a475-2f46eca9540a","D05","CRAM","CRAM.AOS.groundwater.well.005","CRAM.W5.20191016.FIL","A00000078883","2019-10-16T21:04Z","2019-10-16T21:04Z","EcoCore_CSU","NH4 - N",0.3805,"milligramsPerLiter",5.6,,0,,"OK"
"5149f32d-7710-461e-bd3d-611745145ac2","D05","CRAM","CRAM.AOS.groundwater.well.005","CRAM.W5.20191016.FIL","A00000078883","2019-10-16T21:04Z","2019-10-16T21:04Z","EcoCore_CSU","NO2 - N",-0.0052,"milligramsPerLiter",5.6,,0,,"OK"
"468c31a5-b797-494f-acb2-837a6c0384e8","D05","CRAM","CRAM.AOS.groundwater.well.005","CRAM.W5.20191016.FIL","A00000078883","2019-10-16T21:04Z","2019-10-16T21:04Z","EcoCore_CSU","Cl",7.9800,"milligramsPerLiter",5.6,,0,,"OK"
"07bde6a5-87ec-44a8-a445-aec674c7c797","D05","CRAM","CRAM.AOS.groundwater.well.005","CRAM.W5.20191016.FIL","A00000078883","2019-10-16T21:04Z","2019-10-16T21:04Z","EcoCore_CSU","K",0.6190,"milligramsPerLiter",5.6,,0,,"OK"
"094ba8ea-29cc-465e-8430-96ce9ada0178","D05","CRAM","CRAM.AOS.groundwater.well.005","CRAM.W5.20191016.FIL","A00000078883","2019-10-16T21:04Z","2019-10-16T21:04Z","EcoCore_CSU","Na",2.4150,"milligramsPerLiter",5.6,,0,,"OK"
"56d9797e-6474-4361-974b-052ec073cf77","D05","CRAM","CRAM.AOS.groundwater.well.005","CRAM.W5.20191016.RAW","A00000078882","2019-10-16T21:04Z","2019-10-16T21:04Z","EcoCore_CSU","specificConductance",188.5200,"microsiemensPerCentimeter",5.6,,0,,"OK"
"b9e757ff-e8ab-47d2-9844-cfb35ab1f8e7","D05","CRAM","CRAM.AOS.groundwater.well.005","CRAM.W5.20191016.RAW","A00000078882","2019-10-16T21:04Z","2019-10-16T21:04Z","EcoCore_CSU","TSS",56.0000,"milligramsPerLiter",5.6,,0,,"OK"
"1585e013-bb41-4aa3-8121-43f1ca5c6c8e","D05","CRAM","CRAM.AOS.groundwater.well.005","CRAM.W5.20191016.RAW","A00000078882","2019-10-16T21:04Z","2019-10-16T21:04Z","EcoCore_CSU","TP",0.2560,"milligramsPerLiter",5.6,,0,,"OK"
"338a1e5b-deee-4741-a89a-1a9cec5d9131","D05","CRAM","CRAM.AOS.groundwater.well.005","CRAM.W5.20191016.RAW","A00000078882","2019-10-16T21:04Z","2019-10-16T21:04Z","EcoCore_CSU","TSS - Dry Mass",2800.0000,"microgram",5.6,,0,,"OK"
"36d8d822-6d13-4d67-814c-bc4beb0b2487","D05","CRAM","CRAM.AOS.groundwater.well.005","CRAM.W5.20191016.RAW","A00000078882","2019-10-16T21:04Z","2019-10-16T21:04Z","EcoCore_CSU","ANC",1.8500,"milliequivalentsPerLiter",5.6,,0,,"OK"
"20f1e786-1383-4e12-bff6-c446b40b1b2d","D05","CRAM","CRAM.AOS.groundwater.well.005","CRAM.W5.20191016.RAW","A00000078882","2019-10-16T21:04Z","2019-10-16T21:04Z","EcoCore_CSU","pH",7.0600,"pH",5.6,,0,,"OK"
"4f782645-7a6a-41ca-a00b-3e4dc129484a","D05","CRAM","CRAM.AOS.groundwater.well.005","CRAM.W5.20191016.FIL","A00000078883","2019-10-16T21:04Z","2019-10-16T21:04Z","EcoCore_CSU","Mg",7.0330,"milligramsPerLiter",5.6,,0,,"OK"
"696c3d00-5589-475c-99d5-e3a5bc78707a","D05","CRAM","CRAM.AOS.groundwater.well.005","CRAM.W5.20191016.FIL","A00000078883","2019-10-16T21:04Z","2019-10-16T21:04Z","EcoCore_CSU","F",0.1900,"milligramsPerLiter",5.6,,0,,"OK"
"80efaef9-f778-4ca5-b1ad-b07ed600b298","D05","CRAM","CRAM.AOS.groundwater.well.005","CRAM.W5.20191016.FIL","A00000078883","2019-10-16T21:04Z","2019-10-16T21:04Z","EcoCore_CSU","SO4",1.4730,"milligramsPerLiter",5.6,,0,,"OK"
"a7f74213-57a3-4a3f-ba16-0dbf7b64ff7a","D05","CRAM","CRAM.AOS.groundwater.well.005","CRAM.W5.20191016.FIL","A00000078883","2019-10-16T21:04Z","2019-10-16T21:04Z","EcoCore_CSU","CO3",0.0050,"milligramsPerLiter",5.6,,0,,"OK"
"9611f4ce-64b2-4042-9433-0eb9534230d7","D05","CRAM","CRAM.AOS.groundwater.well.005","CRAM.W5.20191016.FIL","A00000078883","2019-10-16T21:04Z","2019-10-16T21:04Z","EcoCore_CSU","TDS",132.5400,"milligramsPerLiter",5.6,,0,,"OK"
"5f3911ff-a381-49f1-a2e7-533663398310","D05","CRAM","CRAM.AOS.groundwater.well.005","CRAM.W5.20191016.FIL","A00000078883","2019-10-16T21:04Z","2019-10-16T21:04Z","EcoCore_CSU","HCO3",98.4700,"milligramsPerLiter",5.6,,0,,"OK"
"8f96dd3c-2934-4c54-8f02-db9b76be0307","D05","CRAM","CRAM.AOS.groundwater.well.005","CRAM.W5.20191016.FIL","A00000078883","2019-10-16T21:04Z","2019-10-16T21:04Z","EcoCore_CSU","Fe",1.6690,"milligramsPerLiter",5.6,,0,,"OK"
"52d132d9-26e4-4aad-bdb5-6324b738c21b","D05","CRAM","CRAM.AOS.groundwater.well.005","CRAM.W5.20191016.FIL","A00000078883","2019-10-16T21:04Z","2019-10-16T21:04Z","EcoCore_CSU","TDP",0.0150,"milligramsPerLiter",5.6,,0,,"OK"
"64322364-6fb3-43a6-b0b1-dc1d09452bac","D05","CRAM","CRAM.AOS.groundwater.well.005","CRAM.W5.20191016.FIL","A00000078883","2019-10-16T21:04Z","2019-10-16T21:04Z","EcoCore_CSU","Br",0.0050,"milligramsPerLiter",5.6,,0,,"OK"
"14cafe6d-a9c4-48f4-bf22-48d09156d355","D05","CRAM","CRAM.AOS.groundwater.well.005","CRAM.W5.20191016.FIL","A00000078883","2019-10-16T21:04Z","2019-10-16T21:04Z","EcoCore_CSU","Mn",0.2080,"milligramsPerLiter",5.6,,0,,"OK"
"7a97d530-a100-44c5-81c9-fcaf721f1933","D05","CRAM","CRAM.AOS.groundwater.well.005","CRAM.W5.20191016.FIL","A00000078883","2019-10-16T21:04Z","2019-10-16T21:04Z","EcoCore_CSU","Ca",23.0400,"milligramsPerLiter",5.6,,0,,"OK"
"323cb56e-a2da-4405-97e3-34e2089b4121","D05","CRAM","CRAM.AOS.groundwater.well.005","CRAM.W5.20191016.FIL","A00000078883","2019-10-16T21:04Z","2019-10-16T21:04Z","EcoCore_CSU","Si",18.5700,"milligramsPerLiter",5.6,,0,,"OK"
"d834f3bb-3173-4000-a020-95c53b198849","D05","CRAM","CRAM.AOS.groundwater.well.005","CRAM.W5.20191016.FIL","A00000078883","2019-10-16T21:04Z","2019-10-16T21:04Z","EcoCore_CSU","UV Absorbance (250 nm)",0.5936,,5.6,,0,,"OK"
"a3557159-90f1-4f7c-948f-6358996f4fae","D05","CRAM","CRAM.AOS.groundwater.well.005","CRAM.W5.20191016.FIL","A00000078883","2019-10-16T21:04Z","2019-10-16T21:04Z","EcoCore_CSU","UV Absorbance (280 nm)",0.4930,,5.6,,0,,"OK"
"e990174a-4129-4e72-af22-4d31e7a62514","D05","CRAM","CRAM.AOS.groundwater.well.005","CRAM.W5.20191016.RAW","A00000078882","2019-10-16T21:04Z","2019-10-16T21:04Z","EcoCore_CSU","TOC",4.6160,"milligramsPerLiter",5.6,,0,,"OK"
"177ed006-19b5-408c-8354-17c4755ca473","D05","CRAM","CRAM.AOS.groundwater.well.005","CRAM.W5.20191016.RAW","A00000078882","2019-10-16T21:04Z","2019-10-16T21:04Z","EcoCore_CSU","TN",0.4771,"milligramsPerLiter",5.6,,0,,"OK"
"af9c42b1-c753-496b-8c4b-b32ad05cea3d","D05","CRAM","CRAM.AOS.groundwater.well.005","CRAM.W5.20191016.FIL","A00000078883","2019-10-16T21:04Z","2019-10-16T21:04Z","EcoCore_CSU","DIC",31.3300,"milligramsPerLiter",5.6,,0,,"OK"
"54bfdd24-470e-47f3-b97e-ff0d1bb33a92","D05","CRAM","CRAM.AOS.groundwater.well.005","CRAM.W5.20191016.FIL","A00000078883","2019-10-16T21:04Z","2019-10-16T21:04Z","EcoCore_CSU","TDN",0.4038,"milligramsPerLiter",0.8,,0,,"OK"
"d67569bd-a9c4-4ad1-aecc-54ec635890d2","D05","CRAM","CRAM.AOS.groundwater.well.005","CRAM.W5.20191016.FIL","A00000078883","2019-10-16T21:04Z","2019-10-16T21:04Z","EcoCore_CSU","DOC",4.5700,"milligramsPerLiter",1.8,,0,,"OK"
"53ac2cb7-fecf-44f8-998a-27ba11f6f848","D05","CRAM","CRAM.AOS.groundwater.well.005","CRAM.W5.20191016.PCN","A00000078885","2019-10-16T21:04Z","2019-10-16T21:04Z","EcoCore_CSU","TPN",0.1116,"milligram",5.6,,0,,"OK"
"8c34ed95-ea6b-4e35-8034-edef51079841","D05","CRAM","CRAM.AOS.groundwater.well.005","CRAM.W5.20191016.FIL","A00000078883","2019-10-16T21:04Z","2019-10-16T21:04Z","EcoCore_CSU","Ortho - P",0.0430,"milligramsPerLiter",5.6,,0,,"OK"
