uid,domainID,siteID,namedLocation,collectDate,titrationDate,parentSampleID,domainSampleID,remarks,measuredBy,alkMeqPerL,alkMgPerL,ancMeqPerL,ancMgPerL
"2a5aa631-ebb8-4522-85d1-d7564fa1a341","D05","CRAM","CRAM.AOS.groundwater.well.006","2019-10-16T16:20Z","2019-10-17T16:07Z","CRAM.W6.20191016","CRAM.W6.20191016.ALK",,"llocke",1.940,97.000,,
"cff8c1d9-1e46-40e2-a68a-6b622163e5f1","D05","CRAM","CRAM.AOS.groundwater.well.001","2019-10-16T18:13Z","2019-10-17T14:25Z","CRAM.W1.20191016","CRAM.W1.20191016.ALK",,"llocke",0.630,31.600,,
"5112ddd0-81f4-4278-a702-6b9dab565886","D05","CRAM","CRAM.AOS.groundwater.well.003","2019-10-16T19:45Z","2019-10-17T14:50Z","CRAM.W3.20191016","CRAM.W3.20191016.ALK",,"llocke",0.390,19.700,,
"b7465cc9-f2ca-42ee-ac4e-ff8ee4739956","D05","CRAM","CRAM.AOS.groundwater.well.005","2019-10-16T21:04Z","2019-10-17T16:29Z","CRAM.W5.20191016","CRAM.W5.20191016.ALK",,"llocke",1.780,89.000,,
