uid,domainID,siteID,namedLocation,collectDate,parentSampleID,sampleCondition,sampleID,replicateNumber,gwwDICBubbleFree,gwwFiltSampleHeadspace,gwwAlkSampleHeadspace,gwwAlkSampleBubbleFree,processedDate,processedDateFilters,sampleVolumeFiltered,shipmentTimeRange
"4a87ff69-2ba8-4bb5-bc10-66752dadeb5d","D05","CRAM","CRAM.AOS.groundwater.well.006","2019-10-16T16:20Z","CRAM.W6.20191016","Sample condition ok","CRAM.W6.20191016",1,,,,,"2019-10-16T16:20Z","2019-10-16T16:20Z",100.0,
"95e8c864-6d91-4772-9ae8-a06cc97c7204","D05","CRAM","CRAM.AOS.groundwater.well.001","2019-10-16T18:13Z","CRAM.W1.20191016","Sample condition ok","CRAM.W1.20191016",1,,,,,"2019-10-16T18:13Z","2019-10-16T18:13Z",100.0,
"3e4145b2-bea2-45e9-bb7e-91e52fa4efc5","D05","CRAM","CRAM.AOS.groundwater.well.003","2019-10-16T19:45Z","CRAM.W3.20191016","Sample condition ok","CRAM.W3.20191016",1,,,,,"2019-10-16T19:45Z","2019-10-16T19:45Z",25.0,
"1cd5d586-8e5a-49ea-bc6b-0abe2eb39a7d","D05","CRAM","CRAM.AOS.groundwater.well.005","2019-10-16T21:04Z","CRAM.W5.20191016","Sample condition ok","CRAM.W5.20191016",1,,,,,"2019-10-16T21:04Z","2019-10-16T21:04Z",100.0,
