uid,domainID,siteID,namedLocation,sampleID,sampleCode,startDate,collectDate,laboratoryName,analyte,analyteConcentration,analyteUnits,coolerTemp,remarks,shipmentWarmQF,externalLabDataQF,sampleCondition
"4ed6b97f-8a7e-46d7-8a14-6dc2e2d4a29a","D02","POSE","POSE.AOS.groundwater.well.001","POSE.W1.20190227.FIL","A00000034222","2019-02-27T13:56Z","2019-02-27T13:56Z","EcoCore_CSU","F",1.6300,"milligramsPerLiter",5.7,,0,"formatChange","GOOD"
"f8531eef-0a8d-4050-8a21-c8ad00a8148e","D02","POSE","POSE.AOS.groundwater.well.001","POSE.W1.20190227.FIL","A00000034222","2019-02-27T13:56Z","2019-02-27T13:56Z","EcoCore_CSU","DIC",18.9200,"milligramsPerLiter",5.7,,0,"formatChange","GOOD"
"2dbd9497-e556-4f20-9d4d-cf490a0e0881","D02","POSE","POSE.AOS.groundwater.well.001","POSE.W1.20190227.FIL","A00000034222","2019-02-27T13:56Z","2019-02-27T13:56Z","EcoCore_CSU","TDS",83.2700,"milligramsPerLiter",5.7,,0,"formatChange","GOOD"
"9c3bd914-6a82-4274-87a5-c5f435559bd6","D02","POSE","POSE.AOS.groundwater.well.001","POSE.W1.20190227.RAW","A00000034225","2019-02-27T13:56Z","2019-02-27T13:56Z","EcoCore_CSU","pH",6.8900,"pH",5.7,,0,"formatChange","GOOD"
"50381737-924a-49d2-aaa4-f3292857b66b","D02","POSE","POSE.AOS.groundwater.well.001","POSE.W1.20190227.RAW","A00000034225","2019-02-27T13:56Z","2019-02-27T13:56Z","EcoCore_CSU","TP",1.6470,"milligramsPerLiter",5.7,,0,"formatChange","GOOD"
"31e37a51-de3c-478f-a638-c46dada0b884","D02","POSE","POSE.AOS.groundwater.well.001","POSE.W1.20190227.FIL","A00000034222","2019-02-27T13:56Z","2019-02-27T13:56Z","EcoCore_CSU","Ortho - P",0.0700,"milligramsPerLiter",5.7,,0,"formatChange","GOOD"
"1533e865-b1e8-460d-9442-2cd58ed89cde","D02","POSE","POSE.AOS.groundwater.well.001","POSE.W1.20190227.FIL","A00000034222","2019-02-27T13:56Z","2019-02-27T13:56Z","EcoCore_CSU","Na",3.8020,"milligramsPerLiter",5.7,,0,"formatChange","GOOD"
"6a1b34a4-667e-4f3a-8e20-bc5876058570","D02","POSE","POSE.AOS.groundwater.well.001","POSE.W1.20190227.FIL","A00000034222","2019-02-27T13:56Z","2019-02-27T13:56Z","EcoCore_CSU","Si",11.9699,"milligramsPerLiter",5.7,,0,"formatChange","GOOD"
"1b220a0b-4aa9-4e53-8684-8098c91570cc","D02","POSE","POSE.AOS.groundwater.well.001","POSE.W1.20190227.FIL","A00000034222","2019-02-27T13:56Z","2019-02-27T13:56Z","EcoCore_CSU","NH4 - N",0.1622,"milligramsPerLiter",5.7,,0,"formatChange","GOOD"
"4e59c5b6-40e3-44f2-8222-d50c0ca09f90","D02","POSE","POSE.AOS.groundwater.well.001","POSE.W1.20190227.PCN","A00000034236","2019-02-27T13:56Z","2019-02-27T13:56Z","EcoCore_CSU","TPN",0.1113,"milligram",5.7,,0,"formatChange","GOOD"
"30762190-7ff9-4a51-b440-c044a300f1ee","D02","POSE","POSE.AOS.groundwater.well.001","POSE.W1.20190227.RAW","A00000034225","2019-02-27T13:56Z","2019-02-27T13:56Z","EcoCore_CSU","TN",0.2238,"milligramsPerLiter",5.7,,0,"formatChange","GOOD"
"f082ddb1-506b-4751-a51c-3c1fcd39cf40","D02","POSE","POSE.AOS.groundwater.well.001","POSE.W1.20190227.FIL","A00000034222","2019-02-27T13:56Z","2019-02-27T13:56Z","EcoCore_CSU","TDN",0.1680,"milligramsPerLiter",5.7,,0,"formatChange","GOOD"
"ab0058f2-d9b6-408a-b23e-b788d4d8d97b","D02","POSE","POSE.AOS.groundwater.well.001","POSE.W1.20190227.FIL","A00000034222","2019-02-27T13:56Z","2019-02-27T13:56Z","EcoCore_CSU","Mg",5.2360,"milligramsPerLiter",5.7,,0,"formatChange","GOOD"
"18189d3a-cfe3-4253-8004-56a50f3ed09a","D02","POSE","POSE.AOS.groundwater.well.001","POSE.W1.20190227.FIL","A00000034222","2019-02-27T13:56Z","2019-02-27T13:56Z","EcoCore_CSU","Ca",11.9576,"milligramsPerLiter",5.7,,0,"formatChange","GOOD"
"37099bf1-5103-4b91-be5c-268f4936e9b6","D02","POSE","POSE.AOS.groundwater.well.001","POSE.W1.20190227.FIL","A00000034222","2019-02-27T13:56Z","2019-02-27T13:56Z","EcoCore_CSU","NO2 - N",0.0405,"milligramsPerLiter",5.7,"Low NO2+NO3 method",0,"formatChange","Other"
"41555138-bd6c-4b26-816d-b66277f96723","D02","POSE","POSE.AOS.groundwater.well.001","POSE.W1.20190227.FIL","A00000034222","2019-02-27T13:56Z","2019-02-27T13:56Z","EcoCore_CSU","DOC",0.8520,"milligramsPerLiter",5.7,,0,"formatChange","GOOD"
"21bf6c52-eed7-4a75-b6a0-f0255b515b99","D02","POSE","POSE.AOS.groundwater.well.001","POSE.W1.20190227.FIL","A00000034222","2019-02-27T13:56Z","2019-02-27T13:56Z","EcoCore_CSU","UV Absorbance (250 nm)",0.0884,,5.7,,0,"formatChange","GOOD"
"5b8c0f07-5325-4628-8d09-f90f78571698","D02","POSE","POSE.AOS.groundwater.well.001","POSE.W1.20190227.FIL","A00000034222","2019-02-27T13:56Z","2019-02-27T13:56Z","EcoCore_CSU","Cl",1.2500,"milligramsPerLiter",5.7,,0,"formatChange","GOOD"
"9f7b9c1a-28f0-4394-86ca-feb611a1c6ba","D02","POSE","POSE.AOS.groundwater.well.001","POSE.W1.20190227.RAW","A00000034225","2019-02-27T13:56Z","2019-02-27T13:56Z","EcoCore_CSU","ANC",1.1600,"milliequivalentsPerLiter",5.7,,0,"formatChange","GOOD"
"f7013ff7-2bf6-4a0c-a55d-b7a6dc178ce9","D02","POSE","POSE.AOS.groundwater.well.001","POSE.W1.20190227.RAW","A00000034225","2019-02-27T13:56Z","2019-02-27T13:56Z","EcoCore_CSU","TSS - Dry Mass",18600.0000,"microgram",5.7,,0,"formatChange","GOOD"
"cfb35210-ddaf-4e3f-bb35-9391826d0448","D02","POSE","POSE.AOS.groundwater.well.001","POSE.W1.20190227.FIL","A00000034222","2019-02-27T13:56Z","2019-02-27T13:56Z","EcoCore_CSU","CO3",0.0050,"milligramsPerLiter",5.7,,0,"formatChange","GOOD"
"95eff214-d0eb-44d5-98a9-de422e871ba7","D02","POSE","POSE.AOS.groundwater.well.001","POSE.W1.20190227.FIL","A00000034222","2019-02-27T13:56Z","2019-02-27T13:56Z","EcoCore_CSU","TDP",0.0184,"milligramsPerLiter",5.7,,0,"formatChange","GOOD"
"6884e7fa-f4a3-495f-a9aa-1380f2fd2e68","D02","POSE","POSE.AOS.groundwater.well.001","POSE.W1.20190227.FIL","A00000034222","2019-02-27T13:56Z","2019-02-27T13:56Z","EcoCore_CSU","UV Absorbance (280 nm)",0.0774,,5.7,,0,"formatChange","GOOD"
"4c1f90bb-2012-497d-b6fc-2ed6f8c90cf9","D02","POSE","POSE.AOS.groundwater.well.001","POSE.W1.20190227.FIL","A00000034222","2019-02-27T13:56Z","2019-02-27T13:56Z","EcoCore_CSU","Mn",1.7350,"milligramsPerLiter",5.7,,0,"formatChange","GOOD"
"9e9ab306-b9f5-48b8-be85-526e31b5d501","D02","POSE","POSE.AOS.groundwater.well.001","POSE.W1.20190227.RAW","A00000034225","2019-02-27T13:56Z","2019-02-27T13:56Z","EcoCore_CSU","conductivity",121.1800,"microsiemensPerCentimeter",5.7,,0,"formatChange","GOOD"
"0eee2079-3f67-4234-bdba-c3368846549d","D02","POSE","POSE.AOS.groundwater.well.001","POSE.W1.20190227.FIL","A00000034222","2019-02-27T13:56Z","2019-02-27T13:56Z","EcoCore_CSU","HCO3",64.5900,"milligramsPerLiter",5.7,,0,"formatChange","GOOD"
"2f433c4e-db37-4187-8967-00d157834ebc","D02","POSE","POSE.AOS.groundwater.well.001","POSE.W1.20190227.FIL","A00000034222","2019-02-27T13:56Z","2019-02-27T13:56Z","EcoCore_CSU","Fe",1.7794,"milligramsPerLiter",5.7,,0,"formatChange","GOOD"
"7b7cd43c-7930-4de2-bdc0-c559a43cb8cd","D02","POSE","POSE.AOS.groundwater.well.001","POSE.W1.20190227.PCN","A00000034236","2019-02-27T13:56Z","2019-02-27T13:56Z","EcoCore_CSU","TPC",0.3032,"milligram",5.7,,0,"formatChange","GOOD"
"8e9fe693-47de-46c4-bd8a-c3842134d615","D02","POSE","POSE.AOS.groundwater.well.001","POSE.W1.20190227.FIL","A00000034222","2019-02-27T13:56Z","2019-02-27T13:56Z","EcoCore_CSU","SO4",2.0280,"milligramsPerLiter",5.7,,0,"formatChange","GOOD"
"18cc3c67-ecb6-4f46-99ee-29169fc07176","D02","POSE","POSE.AOS.groundwater.well.001","POSE.W1.20190227.FIL","A00000034222","2019-02-27T13:56Z","2019-02-27T13:56Z","EcoCore_CSU","NO3+NO2 - N",-0.0755,"milligramsPerLiter",5.7,"Low NO2+NO3 method",0,"formatChange","Other"
"45b37fb8-ff7e-497d-9f4b-4be1c4bda875","D02","POSE","POSE.AOS.groundwater.well.001","POSE.W1.20190227.RAW","A00000034225","2019-02-27T13:56Z","2019-02-27T13:56Z","EcoCore_CSU","TSS",372.0000,"milligramsPerLiter",5.7,,0,"formatChange","GOOD"
"866593b5-51c8-4499-bbf7-9b0c005b04bd","D02","POSE","POSE.AOS.groundwater.well.001","POSE.W1.20190227.FIL","A00000034222","2019-02-27T13:56Z","2019-02-27T13:56Z","EcoCore_CSU","K",0.1760,"milligramsPerLiter",5.7,,0,"formatChange","GOOD"
"f79aa59a-a07a-4f76-9b3b-525946e4d4ea","D02","POSE","POSE.AOS.groundwater.well.001","POSE.W1.20190227.RAW","A00000034225","2019-02-27T13:56Z","2019-02-27T13:56Z","EcoCore_CSU","TOC",1.4200,"milligramsPerLiter",5.7,,0,"formatChange","GOOD"
"75c73cc5-b127-4deb-99a7-4d408d28aefa","D02","POSE","POSE.AOS.groundwater.well.001","POSE.W1.20190227.FIL","A00000034222","2019-02-27T13:56Z","2019-02-27T13:56Z","EcoCore_CSU","Br",0.0050,"milligramsPerLiter",5.7,,0,"formatChange","GOOD"
"b6e4878f-8ef4-4895-9d6b-7a00d3e2241c","D02","POSE","POSE.AOS.groundwater.well.003","POSE.W3.20190227.FIL","A00000034221","2019-02-27T14:38Z","2019-02-27T14:38Z","EcoCore_CSU","TDS",56.3300,"milligramsPerLiter",5.7,,0,"formatChange","GOOD"
"4a373fc3-d7ee-4d4d-9c8a-0827a537d087","D02","POSE","POSE.AOS.groundwater.well.003","POSE.W3.20190227.FIL","A00000034221","2019-02-27T14:38Z","2019-02-27T14:38Z","EcoCore_CSU","TDP",0.0498,"milligramsPerLiter",5.7,,0,"formatChange","GOOD"
"00057eb2-ec20-4e0e-9706-27aefa92e416","D02","POSE","POSE.AOS.groundwater.well.003","POSE.W3.20190227.FIL","A00000034221","2019-02-27T14:38Z","2019-02-27T14:38Z","EcoCore_CSU","UV Absorbance (250 nm)",0.1678,,5.7,,0,"formatChange","GOOD"
"58210d07-ade8-4132-8184-1f67b4117b4a","D02","POSE","POSE.AOS.groundwater.well.003","POSE.W3.20190227.FIL","A00000034221","2019-02-27T14:38Z","2019-02-27T14:38Z","EcoCore_CSU","Cl",0.3800,"milligramsPerLiter",5.7,,0,"formatChange","GOOD"
"f71d51ee-a293-4dc9-bcf4-5bdbde0ec689","D02","POSE","POSE.AOS.groundwater.well.003","POSE.W3.20190227.FIL","A00000034221","2019-02-27T14:38Z","2019-02-27T14:38Z","EcoCore_CSU","HCO3",37.9200,"milligramsPerLiter",5.7,,0,"formatChange","GOOD"
"6d0a3c52-9aac-4951-879f-c358eb146be1","D02","POSE","POSE.AOS.groundwater.well.003","POSE.W3.20190227.FIL","A00000034221","2019-02-27T14:38Z","2019-02-27T14:38Z","EcoCore_CSU","Br",0.0050,"milligramsPerLiter",5.7,,0,"formatChange","GOOD"
"220891bb-d057-47f3-96cc-9172e9adb42c","D02","POSE","POSE.AOS.groundwater.well.003","POSE.W3.20190227.RAW","A00000034226","2019-02-27T14:38Z","2019-02-27T14:38Z","EcoCore_CSU","TN",0.5374,"milligramsPerLiter",5.7,,0,"formatChange","GOOD"
"374e3bcc-3a13-4091-8156-64bd6077c84e","D02","POSE","POSE.AOS.groundwater.well.003","POSE.W3.20190227.RAW","A00000034226","2019-02-27T14:38Z","2019-02-27T14:38Z","EcoCore_CSU","TSS",1194.0000,"milligramsPerLiter",5.7,,0,"formatChange","GOOD"
"0feaa51d-3227-4ec6-b476-63cd70365b70","D02","POSE","POSE.AOS.groundwater.well.003","POSE.W3.20190227.RAW","A00000034226","2019-02-27T14:38Z","2019-02-27T14:38Z","EcoCore_CSU","ANC",0.7300,"milliequivalentsPerLiter",5.7,,0,"formatChange","GOOD"
"1994c65b-d0e5-459e-bb96-03daf3485f0d","D02","POSE","POSE.AOS.groundwater.well.003","POSE.W3.20190227.FIL","A00000034221","2019-02-27T14:38Z","2019-02-27T14:38Z","EcoCore_CSU","NO3+NO2 - N",0.3343,"milligramsPerLiter",5.7,"Low NO2+NO3 method",0,"formatChange","Other"
"a97871b4-08a6-4e08-b4d8-892202289f1a","D02","POSE","POSE.AOS.groundwater.well.003","POSE.W3.20190227.FIL","A00000034221","2019-02-27T14:38Z","2019-02-27T14:38Z","EcoCore_CSU","Si",13.8006,"milligramsPerLiter",5.7,,0,"formatChange","GOOD"
"a6160f33-efe5-4e6c-88fd-a6ada1916d12","D02","POSE","POSE.AOS.groundwater.well.003","POSE.W3.20190227.FIL","A00000034221","2019-02-27T14:38Z","2019-02-27T14:38Z","EcoCore_CSU","Na",2.6890,"milligramsPerLiter",5.7,,0,"formatChange","GOOD"
"4158b503-d82e-4c9e-ad35-d0d0d281c91c","D02","POSE","POSE.AOS.groundwater.well.003","POSE.W3.20190227.PCN","A00000034235","2019-02-27T14:38Z","2019-02-27T14:38Z","EcoCore_CSU","TPC",0.3376,"milligram",5.7,,0,"formatChange","GOOD"
"a808309b-c658-40cc-b8d0-357e7eb4c1a8","D02","POSE","POSE.AOS.groundwater.well.003","POSE.W3.20190227.RAW","A00000034226","2019-02-27T14:38Z","2019-02-27T14:38Z","EcoCore_CSU","TP",1.9070,"milligramsPerLiter",5.7,,0,"formatChange","GOOD"
"824a111a-5c8e-4782-896a-05113a3df089","D02","POSE","POSE.AOS.groundwater.well.003","POSE.W3.20190227.FIL","A00000034221","2019-02-27T14:38Z","2019-02-27T14:38Z","EcoCore_CSU","Mg",3.8910,"milligramsPerLiter",5.7,,0,"formatChange","GOOD"
"a08fd7ee-077b-4d90-a6e0-8b8c43944018","D02","POSE","POSE.AOS.groundwater.well.003","POSE.W3.20190227.FIL","A00000034221","2019-02-27T14:38Z","2019-02-27T14:38Z","EcoCore_CSU","TDN",0.4938,"milligramsPerLiter",5.7,,0,"formatChange","GOOD"
"4e9ce7a4-87e0-47bc-b498-50dd0e449495","D02","POSE","POSE.AOS.groundwater.well.003","POSE.W3.20190227.FIL","A00000034221","2019-02-27T14:38Z","2019-02-27T14:38Z","EcoCore_CSU","K",0.1730,"milligramsPerLiter",5.7,,0,"formatChange","GOOD"
"d2ee22c6-d940-4181-a51a-ce1b596c98c6","D02","POSE","POSE.AOS.groundwater.well.003","POSE.W3.20190227.FIL","A00000034221","2019-02-27T14:38Z","2019-02-27T14:38Z","EcoCore_CSU","DOC",0.8932,"milligramsPerLiter",5.7,,0,"formatChange","GOOD"
"79fc5674-adaf-40d4-a531-d13ae900950b","D02","POSE","POSE.AOS.groundwater.well.003","POSE.W3.20190227.FIL","A00000034221","2019-02-27T14:38Z","2019-02-27T14:38Z","EcoCore_CSU","SO4",5.8050,"milligramsPerLiter",5.7,,0,"formatChange","GOOD"
"d14d6c3c-5131-442e-a505-640fb8ffaadd","D02","POSE","POSE.AOS.groundwater.well.003","POSE.W3.20190227.FIL","A00000034221","2019-02-27T14:38Z","2019-02-27T14:38Z","EcoCore_CSU","Ortho - P",0.0860,"milligramsPerLiter",5.7,,0,"formatChange","GOOD"
"f0b706f4-1a68-41b6-aadf-9baba7eba417","D02","POSE","POSE.AOS.groundwater.well.003","POSE.W3.20190227.FIL","A00000034221","2019-02-27T14:38Z","2019-02-27T14:38Z","EcoCore_CSU","Mn",0.0630,"milligramsPerLiter",5.7,,0,"formatChange","GOOD"
"6616595c-3d48-4a0f-a4fd-1f4867502b11","D02","POSE","POSE.AOS.groundwater.well.003","POSE.W3.20190227.RAW","A00000034226","2019-02-27T14:38Z","2019-02-27T14:38Z","EcoCore_CSU","TOC",1.4870,"milligramsPerLiter",5.7,,0,"formatChange","GOOD"
"46f44e61-bd0a-4d48-a433-534e5c8bb003","D02","POSE","POSE.AOS.groundwater.well.003","POSE.W3.20190227.FIL","A00000034221","2019-02-27T14:38Z","2019-02-27T14:38Z","EcoCore_CSU","Fe",2.0075,"milligramsPerLiter",5.7,,0,"formatChange","GOOD"
"ee232b82-feaf-4bef-adc2-4d2d56581f11","D02","POSE","POSE.AOS.groundwater.well.003","POSE.W3.20190227.FIL","A00000034221","2019-02-27T14:38Z","2019-02-27T14:38Z","EcoCore_CSU","NH4 - N",0.0896,"milligramsPerLiter",5.7,,0,"formatChange","GOOD"
"e868ca40-40ca-452d-ad7d-941ca5cb14ba","D02","POSE","POSE.AOS.groundwater.well.003","POSE.W3.20190227.RAW","A00000034226","2019-02-27T14:38Z","2019-02-27T14:38Z","EcoCore_CSU","conductivity",79.2400,"microsiemensPerCentimeter",5.7,,0,"formatChange","GOOD"
"34f76afa-a78d-4bd1-9918-755ab46a5044","D02","POSE","POSE.AOS.groundwater.well.003","POSE.W3.20190227.FIL","A00000034221","2019-02-27T14:38Z","2019-02-27T14:38Z","EcoCore_CSU","NO2 - N",0.0406,"milligramsPerLiter",5.7,"Low NO2+NO3 method",0,"formatChange","Other"
"371d21bb-b14c-494d-b72c-36f9f523ad27","D02","POSE","POSE.AOS.groundwater.well.003","POSE.W3.20190227.FIL","A00000034221","2019-02-27T14:38Z","2019-02-27T14:38Z","EcoCore_CSU","UV Absorbance (280 nm)",0.1505,,5.7,,0,"formatChange","GOOD"
"a556f0c3-0947-4d0e-b0cf-3da23fd2edbc","D02","POSE","POSE.AOS.groundwater.well.003","POSE.W3.20190227.FIL","A00000034221","2019-02-27T14:38Z","2019-02-27T14:38Z","EcoCore_CSU","Ca",6.7302,"milligramsPerLiter",5.7,,0,"formatChange","GOOD"
"ed53f2cf-c9d7-4363-9df5-fed18a1cca99","D02","POSE","POSE.AOS.groundwater.well.003","POSE.W3.20190227.RAW","A00000034226","2019-02-27T14:38Z","2019-02-27T14:38Z","EcoCore_CSU","TSS - Dry Mass",59700.0000,"microgram",5.7,,0,"formatChange","GOOD"
"d3c491eb-25f2-48f6-b2cc-c116b1299a8e","D02","POSE","POSE.AOS.groundwater.well.003","POSE.W3.20190227.FIL","A00000034221","2019-02-27T14:38Z","2019-02-27T14:38Z","EcoCore_CSU","CO3",0.0050,"milligramsPerLiter",5.7,,0,"formatChange","GOOD"
"5d01b18d-0550-47cd-9a1c-1efb898b100f","D02","POSE","POSE.AOS.groundwater.well.003","POSE.W3.20190227.FIL","A00000034221","2019-02-27T14:38Z","2019-02-27T14:38Z","EcoCore_CSU","F",0.8700,"milligramsPerLiter",5.7,,0,"formatChange","GOOD"
"c310535b-0935-477d-a8aa-7ffb9b482f12","D02","POSE","POSE.AOS.groundwater.well.003","POSE.W3.20190227.RAW","A00000034226","2019-02-27T14:38Z","2019-02-27T14:38Z","EcoCore_CSU","pH",6.8500,"pH",5.7,,0,"formatChange","GOOD"
"5b02b1bf-4aa3-455c-8684-5029cc8ce991","D02","POSE","POSE.AOS.groundwater.well.003","POSE.W3.20190227.PCN","A00000034235","2019-02-27T14:38Z","2019-02-27T14:38Z","EcoCore_CSU","TPN",0.0989,"milligram",5.7,,0,"formatChange","GOOD"
"6fccf766-188e-43c9-831e-a76e3a9ed81a","D02","POSE","POSE.AOS.groundwater.well.003","POSE.W3.20190227.FIL","A00000034221","2019-02-27T14:38Z","2019-02-27T14:38Z","EcoCore_CSU","DIC",8.6360,"milligramsPerLiter",5.7,,0,"formatChange","GOOD"
"207747e6-5899-4e2d-86b7-57347a0c1b0e","D02","POSE","POSE.AOS.groundwater.well.006","POSE.W6.20190227.FIL","A00000034220","2019-02-27T15:21Z","2019-02-27T15:21Z","EcoCore_CSU","SO4",4.4850,"milligramsPerLiter",5.7,,0,"formatChange","GOOD"
"81321e40-464f-423d-8992-14b922bf67a1","D02","POSE","POSE.AOS.groundwater.well.006","POSE.W6.20190227.RAW","A00000034224","2019-02-27T15:21Z","2019-02-27T15:21Z","EcoCore_CSU","TSS",318.0000,"milligramsPerLiter",5.7,,0,"formatChange","GOOD"
"4aa81821-7465-4ac3-8e68-d26e426753f0","D02","POSE","POSE.AOS.groundwater.well.006","POSE.W6.20190227.FIL","A00000034220","2019-02-27T15:21Z","2019-02-27T15:21Z","EcoCore_CSU","Ca",10.1717,"milligramsPerLiter",5.7,,0,"formatChange","GOOD"
"a8f0a95a-e719-4ebd-be70-4d2321567cda","D02","POSE","POSE.AOS.groundwater.well.006","POSE.W6.20190227.FIL","A00000034220","2019-02-27T15:21Z","2019-02-27T15:21Z","EcoCore_CSU","Ortho - P",0.0770,"milligramsPerLiter",5.7,,0,"formatChange","GOOD"
"14f78aa8-2764-47d8-b7af-6d92f5fba8df","D02","POSE","POSE.AOS.groundwater.well.006","POSE.W6.20190227.FIL","A00000034220","2019-02-27T15:21Z","2019-02-27T15:21Z","EcoCore_CSU","Mn",0.0310,"milligramsPerLiter",5.7,,0,"formatChange","GOOD"
"ba3e73c0-9fa0-4373-940d-8eff9e79a8d2","D02","POSE","POSE.AOS.groundwater.well.006","POSE.W6.20190227.FIL","A00000034220","2019-02-27T15:21Z","2019-02-27T15:21Z","EcoCore_CSU","DOC",0.9211,"milligramsPerLiter",5.7,,0,"formatChange","GOOD"
"13d9e9b1-f6a5-41c9-99cd-bd754349a797","D02","POSE","POSE.AOS.groundwater.well.006","POSE.W6.20190227.FIL","A00000034220","2019-02-27T15:21Z","2019-02-27T15:21Z","EcoCore_CSU","Fe",0.0005,"milligramsPerLiter",5.7,,0,"formatChange","GOOD"
"746c1d51-3be2-4b54-a887-a834734dbcfd","D02","POSE","POSE.AOS.groundwater.well.006","POSE.W6.20190227.FIL","A00000034220","2019-02-27T15:21Z","2019-02-27T15:21Z","EcoCore_CSU","NO3+NO2 - N",0.0134,"milligramsPerLiter",5.7,"Low NO2+NO3 method",0,"formatChange","Other"
"34ff2102-5b08-4920-a1e6-ad02d78e87de","D02","POSE","POSE.AOS.groundwater.well.006","POSE.W6.20190227.FIL","A00000034220","2019-02-27T15:21Z","2019-02-27T15:21Z","EcoCore_CSU","Cl",1.0400,"milligramsPerLiter",5.7,,0,"formatChange","GOOD"
"34ceafe8-0638-42c4-a2c9-10ca63cb8e5e","D02","POSE","POSE.AOS.groundwater.well.006","POSE.W6.20190227.FIL","A00000034220","2019-02-27T15:21Z","2019-02-27T15:21Z","EcoCore_CSU","TDN",0.2078,"milligramsPerLiter",5.7,,0,"formatChange","GOOD"
"a709018d-44bf-49e8-be29-5c3e4fd5c1ec","D02","POSE","POSE.AOS.groundwater.well.006","POSE.W6.20190227.FIL","A00000034220","2019-02-27T15:21Z","2019-02-27T15:21Z","EcoCore_CSU","HCO3",52.6400,"milligramsPerLiter",5.7,,0,"formatChange","GOOD"
"d1df94c6-8567-4d0c-af13-199c88107161","D02","POSE","POSE.AOS.groundwater.well.006","POSE.W6.20190227.FIL","A00000034220","2019-02-27T15:21Z","2019-02-27T15:21Z","EcoCore_CSU","DIC",13.8800,"milligramsPerLiter",5.7,,0,"formatChange","GOOD"
"e35ad769-fd71-46cc-9ff1-99e837558f9c","D02","POSE","POSE.AOS.groundwater.well.006","POSE.W6.20190227.FIL","A00000034220","2019-02-27T15:21Z","2019-02-27T15:21Z","EcoCore_CSU","Si",11.0141,"milligramsPerLiter",5.7,,0,"formatChange","GOOD"
"110cd6de-0cf7-43ad-83fe-5babe7509335","D02","POSE","POSE.AOS.groundwater.well.006","POSE.W6.20190227.RAW","A00000034224","2019-02-27T15:21Z","2019-02-27T15:21Z","EcoCore_CSU","TP",0.8170,"milligramsPerLiter",5.7,,0,"formatChange","GOOD"
"9156c1a4-6ee3-4af5-8857-3b77c1338dc1","D02","POSE","POSE.AOS.groundwater.well.006","POSE.W6.20190227.RAW","A00000034224","2019-02-27T15:21Z","2019-02-27T15:21Z","EcoCore_CSU","pH",6.5800,"pH",5.7,,0,"formatChange","GOOD"
"1ae3bcb3-19d7-477e-a5e2-9b738c2d8b3d","D02","POSE","POSE.AOS.groundwater.well.006","POSE.W6.20190227.FIL","A00000034220","2019-02-27T15:21Z","2019-02-27T15:21Z","EcoCore_CSU","TDP",0.0370,"milligramsPerLiter",5.7,,0,"formatChange","GOOD"
"34423880-b6ee-4a9a-8a15-d9cdac331301","D02","POSE","POSE.AOS.groundwater.well.006","POSE.W6.20190227.PCN","A00000034228","2019-02-27T15:21Z","2019-02-27T15:21Z","EcoCore_CSU","TPC",0.3006,"milligram",5.7,,0,"formatChange","GOOD"
"daa12561-00cf-48bf-9b17-d226bf709a50","D02","POSE","POSE.AOS.groundwater.well.006","POSE.W6.20190227.FIL","A00000034220","2019-02-27T15:21Z","2019-02-27T15:21Z","EcoCore_CSU","Br",0.0050,"milligramsPerLiter",5.7,,0,"formatChange","GOOD"
"dc77ccbe-1ffe-459f-a204-6f77addbf987","D02","POSE","POSE.AOS.groundwater.well.006","POSE.W6.20190227.FIL","A00000034220","2019-02-27T15:21Z","2019-02-27T15:21Z","EcoCore_CSU","F",0.6200,"milligramsPerLiter",5.7,,0,"formatChange","GOOD"
"5a0219c0-91e5-4f67-b935-2c8bd13b7f58","D02","POSE","POSE.AOS.groundwater.well.006","POSE.W6.20190227.FIL","A00000034220","2019-02-27T15:21Z","2019-02-27T15:21Z","EcoCore_CSU","Mg",4.3990,"milligramsPerLiter",5.7,,0,"formatChange","GOOD"
"c8e118b6-4552-45a4-9666-df47a4e7c9fd","D02","POSE","POSE.AOS.groundwater.well.006","POSE.W6.20190227.RAW","A00000034224","2019-02-27T15:21Z","2019-02-27T15:21Z","EcoCore_CSU","ANC",0.9500,"milliequivalentsPerLiter",5.7,,0,"formatChange","GOOD"
"affbe44e-e78a-4042-b589-e5eedc933eb6","D02","POSE","POSE.AOS.groundwater.well.006","POSE.W6.20190227.FIL","A00000034220","2019-02-27T15:21Z","2019-02-27T15:21Z","EcoCore_CSU","NO2 - N",0.0400,"milligramsPerLiter",5.7,"Low NO2+NO3 method",0,"formatChange","Other"
"a748d2c7-c022-4bc2-8e55-9ef47de97986","D02","POSE","POSE.AOS.groundwater.well.006","POSE.W6.20190227.FIL","A00000034220","2019-02-27T15:21Z","2019-02-27T15:21Z","EcoCore_CSU","UV Absorbance (280 nm)",0.0148,,5.7,,0,"formatChange","GOOD"
"06d27cf6-8c1d-406c-90d8-4bf45d72e29e","D02","POSE","POSE.AOS.groundwater.well.006","POSE.W6.20190227.FIL","A00000034220","2019-02-27T15:21Z","2019-02-27T15:21Z","EcoCore_CSU","CO3",0.0050,"milligramsPerLiter",5.7,,0,"formatChange","GOOD"
"dcce302a-f9d4-4060-a617-8c408dec5478","D02","POSE","POSE.AOS.groundwater.well.006","POSE.W6.20190227.RAW","A00000034224","2019-02-27T15:21Z","2019-02-27T15:21Z","EcoCore_CSU","conductivity",104.1100,"microsiemensPerCentimeter",5.7,,0,"formatChange","GOOD"
"d6e7e0e6-4fc0-429b-be2e-9d0c4951177e","D02","POSE","POSE.AOS.groundwater.well.006","POSE.W6.20190227.FIL","A00000034220","2019-02-27T15:21Z","2019-02-27T15:21Z","EcoCore_CSU","UV Absorbance (250 nm)",0.0197,,5.7,,0,"formatChange","GOOD"
"7039e524-5f59-4e02-a23b-017d47f73e30","D02","POSE","POSE.AOS.groundwater.well.006","POSE.W6.20190227.FIL","A00000034220","2019-02-27T15:21Z","2019-02-27T15:21Z","EcoCore_CSU","K",0.0930,"milligramsPerLiter",5.7,,0,"formatChange","GOOD"
"a74e01cd-d229-475d-8d04-0b5f29780304","D02","POSE","POSE.AOS.groundwater.well.006","POSE.W6.20190227.RAW","A00000034224","2019-02-27T15:21Z","2019-02-27T15:21Z","EcoCore_CSU","TSS - Dry Mass",15900.0000,"microgram",5.7,,0,"formatChange","GOOD"
"8b0a39e0-124e-46a1-a9c9-5bea48716a8f","D02","POSE","POSE.AOS.groundwater.well.006","POSE.W6.20190227.FIL","A00000034220","2019-02-27T15:21Z","2019-02-27T15:21Z","EcoCore_CSU","Na",3.5250,"milligramsPerLiter",5.7,,0,"formatChange","GOOD"
"359946bf-3019-4c88-8674-9e242fbcfc80","D02","POSE","POSE.AOS.groundwater.well.006","POSE.W6.20190227.RAW","A00000034224","2019-02-27T15:21Z","2019-02-27T15:21Z","EcoCore_CSU","TOC",0.6668,"milligramsPerLiter",5.7,,0,"formatChange","GOOD"
"a8f89108-995d-4e15-9b75-b6d4dc2f0ade","D02","POSE","POSE.AOS.groundwater.well.006","POSE.W6.20190227.FIL","A00000034220","2019-02-27T15:21Z","2019-02-27T15:21Z","EcoCore_CSU","TDS",73.6900,"milligramsPerLiter",5.7,,0,"formatChange","GOOD"
"0d201344-1b61-48f6-9a5e-00b23a83439c","D02","POSE","POSE.AOS.groundwater.well.006","POSE.W6.20190227.RAW","A00000034224","2019-02-27T15:21Z","2019-02-27T15:21Z","EcoCore_CSU","TN",0.1597,"milligramsPerLiter",5.7,,0,"formatChange","GOOD"
"de999808-aea6-4c6f-86cd-581f6edf0466","D02","POSE","POSE.AOS.groundwater.well.006","POSE.W6.20190227.PCN","A00000034228","2019-02-27T15:21Z","2019-02-27T15:21Z","EcoCore_CSU","TPN",0.0813,"milligram",5.7,,0,"formatChange","GOOD"
"2b1ff4d6-9621-4bc0-8f64-cd23ddf4f5ce","D02","POSE","POSE.AOS.groundwater.well.006","POSE.W6.20190227.FIL","A00000034220","2019-02-27T15:21Z","2019-02-27T15:21Z","EcoCore_CSU","NH4 - N",0.0967,"milligramsPerLiter",5.7,,0,"formatChange","GOOD"
"9e69a35d-3f5f-4f3b-904f-7f02941bc98f","D02","POSE","POSE.AOS.groundwater.well.008","POSE.W8.20190227.RAW","A00000034227","2019-02-27T16:10Z","2019-02-27T16:10Z","EcoCore_CSU","TP",2.6050,"milligramsPerLiter",5.7,,0,"formatChange","GOOD"
"8c5b1d48-17e1-48ea-9e7e-4cffd5c57061","D02","POSE","POSE.AOS.groundwater.well.008","POSE.W8.20190227.PCN","A00000034234","2019-02-27T16:10Z","2019-02-27T16:10Z","EcoCore_CSU","TPC",0.4776,"milligram",5.7,,0,"formatChange","GOOD"
"8f2e8551-30c2-409b-b897-5442c7762362","D02","POSE","POSE.AOS.groundwater.well.008","POSE.W8.20190227.FIL","A00000034223","2019-02-27T16:10Z","2019-02-27T16:10Z","EcoCore_CSU","NO2 - N",0.0399,"milligramsPerLiter",5.7,"Low NO2+NO3 method",0,"formatChange","Other"
"9523485f-2c31-4a0b-92ea-08039f70bd20","D02","POSE","POSE.AOS.groundwater.well.008","POSE.W8.20190227.RAW","A00000034227","2019-02-27T16:10Z","2019-02-27T16:10Z","EcoCore_CSU","TN",1.3070,"milligramsPerLiter",5.7,,0,"formatChange","GOOD"
"4ed013ca-a86d-4ca2-a1c3-ad0f3aa6d5ea","D02","POSE","POSE.AOS.groundwater.well.008","POSE.W8.20190227.FIL","A00000034223","2019-02-27T16:10Z","2019-02-27T16:10Z","EcoCore_CSU","TDS",108.4300,"milligramsPerLiter",5.7,,0,"formatChange","GOOD"
"2da772a7-3393-4c0b-ba14-58ca21ea8b20","D02","POSE","POSE.AOS.groundwater.well.008","POSE.W8.20190227.FIL","A00000034223","2019-02-27T16:10Z","2019-02-27T16:10Z","EcoCore_CSU","NH4 - N",0.1161,"milligramsPerLiter",5.7,,0,"formatChange","GOOD"
"b69f9662-70fe-40a8-aae7-9290a9572535","D02","POSE","POSE.AOS.groundwater.well.008","POSE.W8.20190227.FIL","A00000034223","2019-02-27T16:10Z","2019-02-27T16:10Z","EcoCore_CSU","Br",0.0050,"milligramsPerLiter",5.7,,0,"formatChange","GOOD"
"28615464-c722-4447-b949-01202fada43d","D02","POSE","POSE.AOS.groundwater.well.008","POSE.W8.20190227.FIL","A00000034223","2019-02-27T16:10Z","2019-02-27T16:10Z","EcoCore_CSU","Si",4.9682,"milligramsPerLiter",5.7,,0,"formatChange","GOOD"
"69997219-7759-46c6-9e7e-9bd7534e8321","D02","POSE","POSE.AOS.groundwater.well.008","POSE.W8.20190227.RAW","A00000034227","2019-02-27T16:10Z","2019-02-27T16:10Z","EcoCore_CSU","conductivity",153.6100,"microsiemensPerCentimeter",5.7,,0,"formatChange","GOOD"
"d3965cc3-e9cd-4507-9243-bbd1f06f9ba6","D02","POSE","POSE.AOS.groundwater.well.008","POSE.W8.20190227.FIL","A00000034223","2019-02-27T16:10Z","2019-02-27T16:10Z","EcoCore_CSU","UV Absorbance (280 nm)",0.0294,,5.7,,0,"formatChange","GOOD"
"2e00ead8-34db-40a8-9181-d7096d709b07","D02","POSE","POSE.AOS.groundwater.well.008","POSE.W8.20190227.FIL","A00000034223","2019-02-27T16:10Z","2019-02-27T16:10Z","EcoCore_CSU","Fe",0.0005,"milligramsPerLiter",5.7,,0,"formatChange","GOOD"
"e5de8e69-f477-40e0-8e67-d962e5797daa","D02","POSE","POSE.AOS.groundwater.well.008","POSE.W8.20190227.FIL","A00000034223","2019-02-27T16:10Z","2019-02-27T16:10Z","EcoCore_CSU","Cl",2.6100,"milligramsPerLiter",5.7,,0,"formatChange","GOOD"
"5e283f24-0522-4fea-94d3-8cc84ec99523","D02","POSE","POSE.AOS.groundwater.well.008","POSE.W8.20190227.FIL","A00000034223","2019-02-27T16:10Z","2019-02-27T16:10Z","EcoCore_CSU","Ortho - P",0.0690,"milligramsPerLiter",5.7,,0,"formatChange","GOOD"
"8925d0dd-ee87-420d-9fdd-bd0fe14b0525","D02","POSE","POSE.AOS.groundwater.well.008","POSE.W8.20190227.RAW","A00000034227","2019-02-27T16:10Z","2019-02-27T16:10Z","EcoCore_CSU","TOC",1.3530,"milligramsPerLiter",5.7,,0,"formatChange","GOOD"
"b895ece5-9138-4c79-98f5-d29f1dcb2179","D02","POSE","POSE.AOS.groundwater.well.008","POSE.W8.20190227.FIL","A00000034223","2019-02-27T16:10Z","2019-02-27T16:10Z","EcoCore_CSU","HCO3",81.4100,"milligramsPerLiter",5.7,,0,"formatChange","GOOD"
"9e494a2b-d98a-44ed-9640-dbe97bfb4153","D02","POSE","POSE.AOS.groundwater.well.008","POSE.W8.20190227.FIL","A00000034223","2019-02-27T16:10Z","2019-02-27T16:10Z","EcoCore_CSU","K",0.2230,"milligramsPerLiter",5.7,,0,"formatChange","GOOD"
"7b517308-6926-4158-a842-7047f0de59b2","D02","POSE","POSE.AOS.groundwater.well.008","POSE.W8.20190227.FIL","A00000034223","2019-02-27T16:10Z","2019-02-27T16:10Z","EcoCore_CSU","Na",6.4750,"milligramsPerLiter",5.7,,0,"formatChange","GOOD"
"835b970c-80a3-49dd-ba6b-e50c0bc9e5f5","D02","POSE","POSE.AOS.groundwater.well.008","POSE.W8.20190227.FIL","A00000034223","2019-02-27T16:10Z","2019-02-27T16:10Z","EcoCore_CSU","TDP",0.0770,"milligramsPerLiter",5.7,,0,"formatChange","GOOD"
"a1b71ffb-5733-4fcd-96cd-6b95c4bc8088","D02","POSE","POSE.AOS.groundwater.well.008","POSE.W8.20190227.FIL","A00000034223","2019-02-27T16:10Z","2019-02-27T16:10Z","EcoCore_CSU","Mg",7.2900,"milligramsPerLiter",5.7,,0,"formatChange","GOOD"
"33b7d691-ab9a-43a9-81a4-aa1d2634fc4e","D02","POSE","POSE.AOS.groundwater.well.008","POSE.W8.20190227.FIL","A00000034223","2019-02-27T16:10Z","2019-02-27T16:10Z","EcoCore_CSU","Ca",12.9242,"milligramsPerLiter",5.7,,0,"formatChange","GOOD"
"ed0a94dd-6cfe-4767-9944-7e7dae65d7ad","D02","POSE","POSE.AOS.groundwater.well.008","POSE.W8.20190227.FIL","A00000034223","2019-02-27T16:10Z","2019-02-27T16:10Z","EcoCore_CSU","CO3",0.0050,"milligramsPerLiter",5.7,,0,"formatChange","GOOD"
"ac7c8134-ae86-4886-9e19-f7bda36ff02c","D02","POSE","POSE.AOS.groundwater.well.008","POSE.W8.20190227.FIL","A00000034223","2019-02-27T16:10Z","2019-02-27T16:10Z","EcoCore_CSU","F",1.2200,"milligramsPerLiter",5.7,,0,"formatChange","GOOD"
"16db2a1d-ac17-4cd8-a743-69f59a375181","D02","POSE","POSE.AOS.groundwater.well.008","POSE.W8.20190227.RAW","A00000034227","2019-02-27T16:10Z","2019-02-27T16:10Z","EcoCore_CSU","TSS",358.0000,"milligramsPerLiter",5.7,,0,"formatChange","GOOD"
"be47b5da-9cf5-46d1-bcb9-f1f0bb523cd3","D02","POSE","POSE.AOS.groundwater.well.008","POSE.W8.20190227.FIL","A00000034223","2019-02-27T16:10Z","2019-02-27T16:10Z","EcoCore_CSU","TDN",1.2670,"milligramsPerLiter",5.7,,0,"formatChange","GOOD"
"87284b9e-8e0b-482a-bd97-940e6c62baf4","D02","POSE","POSE.AOS.groundwater.well.008","POSE.W8.20190227.FIL","A00000034223","2019-02-27T16:10Z","2019-02-27T16:10Z","EcoCore_CSU","UV Absorbance (250 nm)",0.0371,,5.7,,0,"formatChange","GOOD"
"71069d49-0576-4e58-8767-d64d4d553b63","D02","POSE","POSE.AOS.groundwater.well.008","POSE.W8.20190227.FIL","A00000034223","2019-02-27T16:10Z","2019-02-27T16:10Z","EcoCore_CSU","DOC",1.0130,"milligramsPerLiter",5.7,,0,"formatChange","GOOD"
"18a4e0d4-6f59-4a5e-b946-5990b6351d59","D02","POSE","POSE.AOS.groundwater.well.008","POSE.W8.20190227.FIL","A00000034223","2019-02-27T16:10Z","2019-02-27T16:10Z","EcoCore_CSU","Mn",0.0040,"milligramsPerLiter",5.7,,0,"formatChange","GOOD"
"a766c9b8-10f8-4754-ad74-a79a7df97ba0","D02","POSE","POSE.AOS.groundwater.well.008","POSE.W8.20190227.RAW","A00000034227","2019-02-27T16:10Z","2019-02-27T16:10Z","EcoCore_CSU","ANC",1.6200,"milliequivalentsPerLiter",5.7,,0,"formatChange","GOOD"
"69fe6393-9f74-4e20-b071-e38b88e287c1","D02","POSE","POSE.AOS.groundwater.well.008","POSE.W8.20190227.PCN","A00000034234","2019-02-27T16:10Z","2019-02-27T16:10Z","EcoCore_CSU","TPN",0.0759,"milligram",5.7,,0,"formatChange","GOOD"
"2eb72a5d-e250-4aef-89ef-edfa461b2a7b","D02","POSE","POSE.AOS.groundwater.well.008","POSE.W8.20190227.RAW","A00000034227","2019-02-27T16:10Z","2019-02-27T16:10Z","EcoCore_CSU","pH",7.2100,"pH",5.7,,0,"formatChange","GOOD"
"79966fb4-eb28-45f4-9efc-7949c8ec3aeb","D02","POSE","POSE.AOS.groundwater.well.008","POSE.W8.20190227.RAW","A00000034227","2019-02-27T16:10Z","2019-02-27T16:10Z","EcoCore_CSU","TSS - Dry Mass",17900.0000,"microgram",5.7,,0,"formatChange","GOOD"
"510c9574-e1df-4a49-9940-d3bb13c89912","D02","POSE","POSE.AOS.groundwater.well.008","POSE.W8.20190227.FIL","A00000034223","2019-02-27T16:10Z","2019-02-27T16:10Z","EcoCore_CSU","SO4",2.4930,"milligramsPerLiter",5.7,,0,"formatChange","GOOD"
"9d19bf5d-d017-4d47-a672-be5100b7076d","D02","POSE","POSE.AOS.groundwater.well.008","POSE.W8.20190227.FIL","A00000034223","2019-02-27T16:10Z","2019-02-27T16:10Z","EcoCore_CSU","NO3+NO2 - N",1.1097,"milligramsPerLiter",5.7,"Low NO2+NO3 method",0,"formatChange","Other"
"f86d54a9-08c3-472b-b4d1-725a1c8517fd","D02","POSE","POSE.AOS.groundwater.well.008","POSE.W8.20190227.FIL","A00000034223","2019-02-27T16:10Z","2019-02-27T16:10Z","EcoCore_CSU","DIC",15.7100,"milligramsPerLiter",5.7,,0,"formatChange","GOOD"
