uid,domainID,siteID,namedLocation,decimalLatitude,decimalLongitude,coordinateUncertainty,elevation,elevationUncertainty,geodeticDatum,collectDate,aquaticSiteType,samplingImpractical,waterChemSamplesCollected,adequateSampleVol,parentSampleID,eventID,swcSamplingProtocolVersion,sampleExtractionMethod,samplerType,totalWellDepth,wellWaterDepth,waterColumnHeight,sampleDepth,purgeAverageDischargeRate,purgeTime,gwWellStabilized,purgeDryDateTime,pumpPlacementDate,screenedIntervalDepth,maxAllowableDrawdown,actualDrawdown,MADExceeded,wellVolumePurged,probeIDUnavailable,dissolvedOxygen,dissolvedOxygenSaturation,specificConductance,waterTemp,pH,waterClarityDescrip,waterColorDescrip,aCollectedBy,bCollectedBy,remarks
"9ca95203-81c1-42d4-a8f2-4002b1dcc1d6","D02","POSE","POSE.AOS.groundwater.well.001",38.894262,-78.147143,0.1,277.9,0.1,"WGS84","2019-02-27T13:56Z","stream",,,"Y","POSE.W1.20190227","POSE.20190227","NEON.DOC.002905vE","bailer tube","Groundwater Bailer Tube",3.0,1.2,1.9,,,,,,,,,,,,,3.30,26.20,137.50,5.50,,"cloudy","brown","jcoloso@battelleecology.org","charden@neoninc.org",
"d4ce0876-5e96-4545-bff3-28409222b302","D02","POSE","POSE.AOS.groundwater.well.003",38.894304,-78.147503,0.1,278.6,0.1,"WGS84","2019-02-27T14:38Z","stream",,,"Y","POSE.W3.20190227","POSE.20190227","NEON.DOC.002905vE","bailer tube","Groundwater Bailer Tube",4.2,1.3,2.9,,,,,,,,,,,,,9.46,79.10,85.50,7.40,,"cloudy","brown","jcoloso@battelleecology.org","charden@neoninc.org",
"599de99a-a7c3-4d65-9f05-fbf9aa32aebd","D02","POSE","POSE.AOS.groundwater.well.006",38.894973,-78.147373,0.1,276.3,0.1,"WGS84","2019-02-27T15:21Z","stream",,,"Y","POSE.W6.20190227","POSE.20190227","NEON.DOC.002905vE","bailer tube","Groundwater Bailer Tube",4.4,2.0,2.5,,,,,,,,,,,,,5.82,49.10,109.90,7.90,,"cloudy","brown","jcoloso@battelleecology.org","charden@neoninc.org",
"7e0d01b2-3ab0-482a-99ab-ef8e99767175","D02","POSE","POSE.AOS.groundwater.well.008",38.895235,-78.147951,0.1,273.2,0.1,"WGS84","2019-02-27T16:10Z","stream",,,"Y","POSE.W8.20190227","POSE.20190227","NEON.DOC.002905vE","bailer tube","Groundwater Bailer Tube",3.1,1.2,2.0,,,,,,,,,,,,,8.68,71.10,131.80,6.70,,"cloudy","brown","jcoloso@battelleecology.org","charden@neoninc.org",
