uid,domainID,siteID,namedLocation,collectDate,parentSampleID,sampleCondition,sampleID,replicateNumber,gwwDICBubbleFree,gwwFiltSampleHeadspace,gwwAlkSampleHeadspace,gwwAlkSampleBubbleFree,processedDate,processedDateFilters,sampleVolumeFiltered,shipmentTimeRange
"ac69261b-d4c7-40e2-980e-45564a35e120","D02","POSE","POSE.AOS.groundwater.well.001","2019-02-27T13:56Z","POSE.W1.20190227","Sample condition ok","POSE.W1.20190227",,,,,,"2019-02-27T13:56Z","2019-02-27T13:56Z",20.0,
"bdeee7ad-9f28-4fbc-960e-9611e96ea7b8","D02","POSE","POSE.AOS.groundwater.well.003","2019-02-27T14:38Z","POSE.W3.20190227","Sample condition ok","POSE.W3.20190227",,,,,,"2019-02-27T14:38Z",,20.0,
"c1d69ef7-4bcb-47fd-afb4-8fb8dd3c3436","D02","POSE","POSE.AOS.groundwater.well.006","2019-02-27T15:21Z","POSE.W6.20190227","Sample condition ok","POSE.W6.20190227",,,,,,"2019-02-27T15:21Z",,20.0,
"1dccb22b-791e-48f7-9068-3957dbd611a8","D02","POSE","POSE.AOS.groundwater.well.008","2019-02-27T16:10Z","POSE.W8.20190227","Sample condition ok","POSE.W8.20190227",,,,,,"2019-02-27T16:10Z","2019-02-27T16:10Z",20.0,
