uid,domainID,siteID,namedLocation,collectDate,titrationDate,parentSampleID,domainSampleID,remarks,measuredBy,alkMeqPerL,alkMgPerL,ancMeqPerL,ancMgPerL
"3d438dd7-f676-485f-b60b-1c34d308f217","D02","POSE","POSE.AOS.groundwater.well.001","2019-02-27T13:56Z","2019-02-27T20:44Z","POSE.W1.20190227","POSE.W1.20190227.ALK",,"jcoloso@battelleecology.org",1.140,57.100,,
"e378c20f-6d7b-436b-afd7-75e32bf0faa4","D02","POSE","POSE.AOS.groundwater.well.003","2019-02-27T14:38Z","2019-02-27T21:04Z","POSE.W3.20190227","POSE.W3.20190227.ALK",,"jcoloso@battelleecology.org",0.520,26.100,,
"582dd8a8-015a-45f6-b29c-d9c4393fcd08","D02","POSE","POSE.AOS.groundwater.well.006","2019-02-27T15:21Z","2019-02-27T21:51Z","POSE.W6.20190227","POSE.W6.20190227.ALK",,"jcoloso@battelleecology.org",0.860,43.000,,
"9272bfb4-3fe2-4e4c-9f26-09a74d62a452","D02","POSE","POSE.AOS.groundwater.well.008","2019-02-27T16:10Z","2019-02-27T22:10Z","POSE.W8.20190227","POSE.W8.20190227.ALK",,"jcoloso@battelleecology.org",1.060,53.300,,
