uid,domainID,siteID,namedLocation,collectDate,parentSampleID,sampleCondition,sampleID,replicateNumber,gwwDICBubbleFree,gwwFiltSampleHeadspace,gwwAlkSampleHeadspace,gwwAlkSampleBubbleFree,processedDate,processedDateFilters,sampleVolumeFiltered,shipmentTimeRange
"bca92a0a-4b55-46d7-b5f2-f3a86269501c","D03","FLNT","FLNT.AOS.groundwater.well.001","2019-08-07T13:23Z","FLNT.W1.20190807","Sample condition ok","FLNT.W1.20190807",1,,,,,"2019-08-07T13:54Z","2019-08-07T14:03Z",150.0,
"8ab3b6bf-6021-420b-a53e-3b2a3c160fee","D03","FLNT","FLNT.AOS.groundwater.well.003","2019-08-07T16:06Z","FLNT.W3.20190807","Sample condition ok","FLNT.W3.20190807",1,,,,,"2019-08-07T16:06Z","2019-08-07T16:18Z",300.0,
"0f23a349-02f2-4345-9c6a-b49fa6fa8def","D03","FLNT","FLNT.AOS.groundwater.well.006","2019-08-08T11:55Z","FLNT.W6.20190808","Sample condition ok","FLNT.W6.20190808",1,,,,,"2019-08-08T12:22Z","2019-08-08T12:22Z",300.0,
"3e4fe66c-0ce4-41d4-b088-4d91e769329b","D03","FLNT","FLNT.AOS.groundwater.well.007","2019-08-08T13:39Z","FLNT.W7.20190808","Sample condition ok","FLNT.W7.20190808",1,,,,,"2019-08-08T13:51Z","2019-08-08T13:51Z",400.0,
