uid,domainID,siteID,namedLocation,collectDate,titrationDate,parentSampleID,domainSampleID,remarks,measuredBy,alkMeqPerL,alkMgPerL,ancMeqPerL,ancMgPerL
"2b11d87c-c1c7-4432-ab18-ea44066947df","D03","FLNT","FLNT.AOS.groundwater.well.001","2019-08-07T13:23Z","2019-08-07T20:09Z","FLNT.W1.20190807","FLNT.W1.20190807.ALK",,"dorosheff@battelleecology.org",4.730,237.000,,
"91de883f-ca6a-4bc7-99b9-12409f6b87b8","D03","FLNT","FLNT.AOS.groundwater.well.003","2019-08-07T16:06Z","2019-08-07T20:47Z","FLNT.W3.20190807","FLNT.W3.20190807.ALK",,"dorosheff@battelleecology.org",3.140,157.000,,
"b0e71cb7-3f80-41e6-bede-3dc181e81a5a","D03","FLNT","FLNT.AOS.groundwater.well.006","2019-08-08T11:55Z","2019-08-08T15:30Z","FLNT.W6.20190808","FLNT.W6.20190808.ALK",,"dorosheff@battelleecology.org",3.010,151.000,,
"a6456b20-9d5d-485f-89ea-e3734069b337","D03","FLNT","FLNT.AOS.groundwater.well.007","2019-08-08T13:39Z","2019-08-08T15:50Z","FLNT.W7.20190808","FLNT.W7.20190808.ALK",,"dorosheff@battelleecology.org",2.870,144.000,,
