uid,domainID,siteID,namedLocation,decimalLatitude,decimalLongitude,coordinateUncertainty,elevation,elevationUncertainty,geodeticDatum,collectDate,aquaticSiteType,samplingImpractical,waterChemSamplesCollected,adequateSampleVol,parentSampleID,eventID,swcSamplingProtocolVersion,sampleExtractionMethod,samplerType,totalWellDepth,wellWaterDepth,waterColumnHeight,sampleDepth,purgeAverageDischargeRate,purgeTime,gwWellStabilized,purgeDryDateTime,pumpPlacementDate,screenedIntervalDepth,maxAllowableDrawdown,actualDrawdown,MADExceeded,wellVolumePurged,probeIDUnavailable,dissolvedOxygen,dissolvedOxygenSaturation,specificConductance,waterTemp,pH,waterClarityDescrip,waterColorDescrip,aCollectedBy,bCollectedBy,remarks
"da4bfbd6-d021-4c96-8295-ef422859c86b","D03","FLNT","FLNT.AOS.groundwater.well.001",31.186270,-84.437423,0.1,35.0,0.1,"WGS84","2019-08-07T13:23Z","river",,,"Y","FLNT.W1.20190807","FLNT.20190807","NEON.DOC.002905vF","low-flow","Groundwater Pump",11.5,8.3,3.2,9.3,,,,,,,,,,6.6,,1.43,16.20,507.00,21.90,6.51,"clear","brown","0000-0003-1571-3196","0000-0002-7940-8177",
"0b96257c-0243-45d5-b877-2d94305b37d4","D03","FLNT","FLNT.AOS.groundwater.well.003",31.185574,-84.438204,0.1,33.9,0.1,"WGS84","2019-08-07T16:06Z","river",,,"Y","FLNT.W3.20190807","FLNT.20190807","NEON.DOC.002905vF","low-flow","Groundwater Pump",11.5,7.1,4.5,8.1,,,,,,,,,,5.0,,1.49,18.00,324.60,25.40,6.45,"clear","colorless","0000-0003-1571-3196","0000-0002-7940-8177",
"601f512a-9efa-4594-b62a-57227dd396fc","D03","FLNT","FLNT.AOS.groundwater.well.006",31.183474,-84.440532,0.1,35.4,0.1,"WGS84","2019-08-08T11:55Z","river",,,"Y","FLNT.W6.20190808","FLNT.20190808","NEON.DOC.002905vF","low-flow","Groundwater Pump",13.1,8.8,4.3,9.8,,,,,,,,,,4.6,,5.25,54.30,316.10,21.20,6.95,"clear","brown","0000-0003-1571-3196","0000-0002-7940-8177",
"c28582a0-2ed0-4a31-93c1-41679af32861","D03","FLNT","FLNT.AOS.groundwater.well.007",31.182761,-84.441471,0.1,35.8,0.1,"WGS84","2019-08-08T13:39Z","river",,,"Y","FLNT.W7.20190808","FLNT.20190808","NEON.DOC.002905vF","low-flow","Groundwater Pump",13.1,9.2,3.9,10.2,,,,,,,,,,3.6,,1.17,13.10,306.60,22.20,6.89,"clear","colorless","0000-0003-1571-3196","0000-0002-7940-8177",
