uid,domainID,siteID,namedLocation,sampleID,sampleCode,startDate,collectDate,laboratoryName,analyte,analyteConcentration,analyteUnits,coolerTemp,remarks,shipmentWarmQF,externalLabDataQF,sampleCondition
"d11eb8cf-6902-4779-93bc-43677a286291","D03","FLNT","FLNT.AOS.groundwater.well.001","FLNT.W1.20190807.FIL","A00000074784","2019-08-07T13:23Z","2019-08-07T13:23Z","EcoCore_CSU","Si",8.7200,"milligramsPerLiter",3.2,,0,,"OK"
"36d74d46-1f9d-4b79-b7cc-0b18ec6bfbff","D03","FLNT","FLNT.AOS.groundwater.well.001","FLNT.W1.20190807.RAW","A00000074785","2019-08-07T13:23Z","2019-08-07T13:23Z","EcoCore_CSU","TP",0.1420,"milligramsPerLiter",3.2,,0,,"OK"
"0b4f5507-bbcd-43bc-9fc1-63e49fbd4ebf","D03","FLNT","FLNT.AOS.groundwater.well.001","FLNT.W1.20190807.FIL","A00000074784","2019-08-07T13:23Z","2019-08-07T13:23Z","EcoCore_CSU","K",0.2930,"milligramsPerLiter",3.2,,0,,"OK"
"39400c6d-e31e-40ab-9d71-db77eef4237f","D03","FLNT","FLNT.AOS.groundwater.well.001","FLNT.W1.20190807.FIL","A00000074784","2019-08-07T13:23Z","2019-08-07T13:23Z","EcoCore_CSU","TDP",0.0220,"milligramsPerLiter",3.2,,0,,"OK"
"af9a33de-c021-4b8e-a3b2-9f340da98f48","D03","FLNT","FLNT.AOS.groundwater.well.001","FLNT.W1.20190807.FIL","A00000074784","2019-08-07T13:23Z","2019-08-07T13:23Z","EcoCore_CSU","Na",1.0280,"milligramsPerLiter",3.2,,0,,"OK"
"a04167e5-bc43-42ec-a2b5-a9bb3df085db","D03","FLNT","FLNT.AOS.groundwater.well.001","FLNT.W1.20190807.FIL","A00000074784","2019-08-07T13:23Z","2019-08-07T13:23Z","EcoCore_CSU","DOC",0.6710,"milligramsPerLiter",3.2,,0,,"OK"
"d6fd5e70-c973-4fc1-9b77-2d13b4bcd731","D03","FLNT","FLNT.AOS.groundwater.well.001","FLNT.W1.20190807.FIL","A00000074784","2019-08-07T13:23Z","2019-08-07T13:23Z","EcoCore_CSU","Mg",1.1290,"milligramsPerLiter",3.2,,0,,"OK"
"74380b13-6608-4389-9d5f-04f907f8fb09","D03","FLNT","FLNT.AOS.groundwater.well.001","FLNT.W1.20190807.FIL","A00000074784","2019-08-07T13:23Z","2019-08-07T13:23Z","EcoCore_CSU","Mn",0.0270,"milligramsPerLiter",3.2,,0,,"OK"
"eb62927c-98e3-440b-b8b4-fe8fb24c599b","D03","FLNT","FLNT.AOS.groundwater.well.001","FLNT.W1.20190807.RAW","A00000074785","2019-08-07T13:23Z","2019-08-07T13:23Z","EcoCore_CSU","ANC",4.9500,"milliequivalentsPerLiter",3.2,,0,,"OK"
"dc81ae60-3d2c-46ee-a609-ed2c51fb43eb","D03","FLNT","FLNT.AOS.groundwater.well.001","FLNT.W1.20190807.RAW","A00000074785","2019-08-07T13:23Z","2019-08-07T13:23Z","EcoCore_CSU","TOC",0.6149,"milligramsPerLiter",3.2,,0,,"OK"
"c414fa03-7962-4500-9209-7c21e686bacb","D03","FLNT","FLNT.AOS.groundwater.well.001","FLNT.W1.20190807.RAW","A00000074785","2019-08-07T13:23Z","2019-08-07T13:23Z","EcoCore_CSU","TN",0.1968,"milligramsPerLiter",3.2,,0,,"OK"
"3ace9ff1-9304-4724-8e6f-0f4ae7c7e17b","D03","FLNT","FLNT.AOS.groundwater.well.001","FLNT.W1.20190807.FIL","A00000074784","2019-08-07T13:23Z","2019-08-07T13:23Z","EcoCore_CSU","Ortho - P",0.0650,"milligramsPerLiter",3.2,,0,,"OK"
"9268daf9-932f-4793-b947-6a03f03384ed","D03","FLNT","FLNT.AOS.groundwater.well.001","FLNT.W1.20190807.FIL","A00000074784","2019-08-07T13:23Z","2019-08-07T13:23Z","EcoCore_CSU","NO2 - N",-0.0044,"milligramsPerLiter",3.2,,0,,"OK"
"4ca4db14-896e-43b5-b2a4-2d2e2c6ba4e8","D03","FLNT","FLNT.AOS.groundwater.well.001","FLNT.W1.20190807.FIL","A00000074784","2019-08-07T13:23Z","2019-08-07T13:23Z","EcoCore_CSU","Ca",101.8860,"milligramsPerLiter",3.2,,0,,"OK"
"27048595-ca5a-4498-b544-59ee4edac2f9","D03","FLNT","FLNT.AOS.groundwater.well.001","FLNT.W1.20190807.FIL","A00000074784","2019-08-07T13:23Z","2019-08-07T13:23Z","EcoCore_CSU","TDS",333.6000,"milligramsPerLiter",3.2,,0,,"OK"
"57bbd595-b761-4180-94d1-30e072d773cf","D03","FLNT","FLNT.AOS.groundwater.well.001","FLNT.W1.20190807.FIL","A00000074784","2019-08-07T13:23Z","2019-08-07T13:23Z","EcoCore_CSU","TDN",0.1269,"milligramsPerLiter",3.2,,0,,"OK"
"59d74b81-2ab5-482a-964b-50c76d730fda","D03","FLNT","FLNT.AOS.groundwater.well.001","FLNT.W1.20190807.FIL","A00000074784","2019-08-07T13:23Z","2019-08-07T13:23Z","EcoCore_CSU","HCO3",280.1500,"milligramsPerLiter",3.2,,0,,"OK"
"a8158078-3344-42f9-b553-d5ebde643a31","D03","FLNT","FLNT.AOS.groundwater.well.001","FLNT.W1.20190807.FIL","A00000074784","2019-08-07T13:23Z","2019-08-07T13:23Z","EcoCore_CSU","Cl",1.2900,"milligramsPerLiter",3.2,,0,,"OK"
"6aaf9b40-01b3-412b-8230-d11a51a16e76","D03","FLNT","FLNT.AOS.groundwater.well.001","FLNT.W1.20190807.FIL","A00000074784","2019-08-07T13:23Z","2019-08-07T13:23Z","EcoCore_CSU","DIC",72.2000,"milligramsPerLiter",3.2,,0,,"OK"
"04884619-1c8a-4e4f-b2c7-54852feb4123","D03","FLNT","FLNT.AOS.groundwater.well.001","FLNT.W1.20190807.FIL","A00000074784","2019-08-07T13:23Z","2019-08-07T13:23Z","EcoCore_CSU","NH4 - N",-0.0057,"milligramsPerLiter",3.2,,0,,"OK"
"c5421789-3d18-4207-9399-1b18fe1e1d1a","D03","FLNT","FLNT.AOS.groundwater.well.001","FLNT.W1.20190807.FIL","A00000074784","2019-08-07T13:23Z","2019-08-07T13:23Z","EcoCore_CSU","CO3",0.0050,"milligramsPerLiter",3.2,,0,,"OK"
"3133d1ba-3446-442a-89e6-8e22a7bfecc4","D03","FLNT","FLNT.AOS.groundwater.well.001","FLNT.W1.20190807.RAW","A00000074785","2019-08-07T13:23Z","2019-08-07T13:23Z","EcoCore_CSU","TSS",22.0000,"milligramsPerLiter",3.2,,0,,"OK"
"aa28bc55-dbbb-418a-b2ad-350a3dd07498","D03","FLNT","FLNT.AOS.groundwater.well.001","FLNT.W1.20190807.RAW","A00000074785","2019-08-07T13:23Z","2019-08-07T13:23Z","EcoCore_CSU","conductivity",475.2000,"microsiemensPerCentimeter",3.2,,0,,"OK"
"380f6e7b-07a4-4102-826c-55de1754363f","D03","FLNT","FLNT.AOS.groundwater.well.001","FLNT.W1.20190807.FIL","A00000074784","2019-08-07T13:23Z","2019-08-07T13:23Z","EcoCore_CSU","UV Absorbance (280 nm)",0.0768,,3.2,,0,,"OK"
"47ca1f4e-fb4a-4f5d-bef8-922f2b1ec58a","D03","FLNT","FLNT.AOS.groundwater.well.001","FLNT.W1.20190807.FIL","A00000074784","2019-08-07T13:23Z","2019-08-07T13:23Z","EcoCore_CSU","UV Absorbance (250 nm)",0.1020,,3.2,,0,,"OK"
"ecf03353-3e9c-4b1e-80ee-f27dd176b4e6","D03","FLNT","FLNT.AOS.groundwater.well.001","FLNT.W1.20190807.FIL","A00000074784","2019-08-07T13:23Z","2019-08-07T13:23Z","EcoCore_CSU","Fe",1.1160,"milligramsPerLiter",3.2,,0,,"OK"
"d1f1f533-52cd-4afa-b09e-c781c67eb8f8","D03","FLNT","FLNT.AOS.groundwater.well.001","FLNT.W1.20190807.FIL","A00000074784","2019-08-07T13:23Z","2019-08-07T13:23Z","EcoCore_CSU","NO3+NO2 - N",0.1223,"milligramsPerLiter",3.2,,0,,"OK"
"52cd4c10-f795-4646-a41d-223cfd23e5ca","D03","FLNT","FLNT.AOS.groundwater.well.001","FLNT.W1.20190807.FIL","A00000074784","2019-08-07T13:23Z","2019-08-07T13:23Z","EcoCore_CSU","F",0.0050,"milligramsPerLiter",3.2,,0,,"OK"
"3fe7819d-0158-4a5d-8fad-72c51fd23623","D03","FLNT","FLNT.AOS.groundwater.well.001","FLNT.W1.20190807.RAW","A00000074785","2019-08-07T13:23Z","2019-08-07T13:23Z","EcoCore_CSU","pH",7.3600,"pH",3.2,,0,,"OK"
"5e89e788-b478-4db9-af77-58b1258e1e3c","D03","FLNT","FLNT.AOS.groundwater.well.001","FLNT.W1.20190807.RAW","A00000074785","2019-08-07T13:23Z","2019-08-07T13:23Z","EcoCore_CSU","TSS - Dry Mass",1100.0000,"microgram",3.2,,0,,"OK"
"d7d14cce-b3c3-4aeb-bf1e-3ce8cea67878","D03","FLNT","FLNT.AOS.groundwater.well.001","FLNT.W1.20190807.FIL","A00000074784","2019-08-07T13:23Z","2019-08-07T13:23Z","EcoCore_CSU","Br",0.0050,"milligramsPerLiter",3.2,,0,,"OK"
"6009a29d-cd63-4b56-9892-2ef4eeb94db3","D03","FLNT","FLNT.AOS.groundwater.well.001","FLNT.W1.20190807.PCN","A00000074788","2019-08-07T13:23Z","2019-08-07T13:23Z","EcoCore_CSU","TPN",0.1538,"milligram",3.2,,0,,"OK"
"fc089537-95cd-4c1e-bbc4-c24c7360b078","D03","FLNT","FLNT.AOS.groundwater.well.001","FLNT.W1.20190807.FIL","A00000074784","2019-08-07T13:23Z","2019-08-07T13:23Z","EcoCore_CSU","SO4",29.7600,"milligramsPerLiter",3.2,,0,,"OK"
"357faba2-32f3-4a91-bbcc-945e43fb3b2f","D03","FLNT","FLNT.AOS.groundwater.well.001","FLNT.W1.20190807.PCN","A00000074788","2019-08-07T13:23Z","2019-08-07T13:23Z","EcoCore_CSU","TPC",0.2803,"milligram",3.2,,0,,"OK"
"21d135f0-d346-4ea0-ae1c-a6d9895dca24","D03","FLNT","FLNT.AOS.groundwater.well.003","FLNT.W3.20190807.FIL","A00000074790","2019-08-07T16:06Z","2019-08-07T16:06Z","EcoCore_CSU","SO4",4.8100,"milligramsPerLiter",3.2,,0,,"OK"
"4508bc88-7281-4132-a35b-068fd9ad1fdb","D03","FLNT","FLNT.AOS.groundwater.well.003","FLNT.W3.20190807.PCN","A00000074794","2019-08-07T16:06Z","2019-08-07T16:06Z","EcoCore_CSU","TPN",0.1402,"milligram",3.2,,0,,"OK"
"05937338-cfe2-4f7a-81a4-359eccf70314","D03","FLNT","FLNT.AOS.groundwater.well.003","FLNT.W3.20190807.PCN","A00000074794","2019-08-07T16:06Z","2019-08-07T16:06Z","EcoCore_CSU","TPC",0.2588,"milligram",3.2,,0,,"OK"
"6b6e94d3-6f26-4438-8a74-f650d8dcfe73","D03","FLNT","FLNT.AOS.groundwater.well.003","FLNT.W3.20190807.FIL","A00000074790","2019-08-07T16:06Z","2019-08-07T16:06Z","EcoCore_CSU","Na",0.8810,"milligramsPerLiter",3.2,,0,,"OK"
"2fdaf738-f04c-41c7-b9a5-66c19a0a59f3","D03","FLNT","FLNT.AOS.groundwater.well.003","FLNT.W3.20190807.FIL","A00000074790","2019-08-07T16:06Z","2019-08-07T16:06Z","EcoCore_CSU","NH4 - N",-0.0139,"milligramsPerLiter",3.2,,0,,"OK"
"31efa596-1f4d-4a28-98f9-007011e37ab9","D03","FLNT","FLNT.AOS.groundwater.well.003","FLNT.W3.20190807.RAW","A00000074792","2019-08-07T16:06Z","2019-08-07T16:06Z","EcoCore_CSU","conductivity",307.8000,"microsiemensPerCentimeter",3.2,,0,,"OK"
"26e8bf3c-ae56-4ad5-b713-7ae6f3fba32b","D03","FLNT","FLNT.AOS.groundwater.well.003","FLNT.W3.20190807.FIL","A00000074790","2019-08-07T16:06Z","2019-08-07T16:06Z","EcoCore_CSU","F",0.0050,"milligramsPerLiter",3.2,,0,,"OK"
"6559867d-eee2-497d-9719-c0622539bbba","D03","FLNT","FLNT.AOS.groundwater.well.003","FLNT.W3.20190807.FIL","A00000074790","2019-08-07T16:06Z","2019-08-07T16:06Z","EcoCore_CSU","Br",0.0050,"milligramsPerLiter",3.2,,0,,"OK"
"ee2bb240-9575-400f-8975-324fb611cb8b","D03","FLNT","FLNT.AOS.groundwater.well.003","FLNT.W3.20190807.RAW","A00000074792","2019-08-07T16:06Z","2019-08-07T16:06Z","EcoCore_CSU","pH",7.3300,"pH",3.2,,0,,"OK"
"41957a00-1cbd-4b8b-a1de-29077343170f","D03","FLNT","FLNT.AOS.groundwater.well.003","FLNT.W3.20190807.FIL","A00000074790","2019-08-07T16:06Z","2019-08-07T16:06Z","EcoCore_CSU","TDP",0.0090,"milligramsPerLiter",3.2,,0,,"OK"
"de2118fe-c363-4d72-b16c-9dba946c08bd","D03","FLNT","FLNT.AOS.groundwater.well.003","FLNT.W3.20190807.RAW","A00000074792","2019-08-07T16:06Z","2019-08-07T16:06Z","EcoCore_CSU","ANC",2.9500,"milliequivalentsPerLiter",3.2,,0,,"OK"
"e7f0db24-17c4-40db-a857-341c351df665","D03","FLNT","FLNT.AOS.groundwater.well.003","FLNT.W3.20190807.RAW","A00000074792","2019-08-07T16:06Z","2019-08-07T16:06Z","EcoCore_CSU","TP",0.0960,"milligramsPerLiter",3.2,,0,,"OK"
"df32fe96-03d7-4837-ac33-f7b8b4bc1197","D03","FLNT","FLNT.AOS.groundwater.well.003","FLNT.W3.20190807.FIL","A00000074790","2019-08-07T16:06Z","2019-08-07T16:06Z","EcoCore_CSU","NO2 - N",-0.0037,"milligramsPerLiter",3.2,,0,,"OK"
"16a6f642-e80e-41b2-8c2d-63e281a4d306","D03","FLNT","FLNT.AOS.groundwater.well.003","FLNT.W3.20190807.FIL","A00000074790","2019-08-07T16:06Z","2019-08-07T16:06Z","EcoCore_CSU","UV Absorbance (250 nm)",0.0272,,3.2,,0,,"OK"
"d7ef0c93-3656-4b88-a532-cf5931ae40c7","D03","FLNT","FLNT.AOS.groundwater.well.003","FLNT.W3.20190807.RAW","A00000074792","2019-08-07T16:06Z","2019-08-07T16:06Z","EcoCore_CSU","TN",0.5624,"milligramsPerLiter",3.2,,0,,"OK"
"2d61183c-59b1-4c3e-8388-ff10acb6b249","D03","FLNT","FLNT.AOS.groundwater.well.003","FLNT.W3.20190807.FIL","A00000074790","2019-08-07T16:06Z","2019-08-07T16:06Z","EcoCore_CSU","NO3+NO2 - N",0.6632,"milligramsPerLiter",3.2,,0,,"OK"
"ba7caeeb-8521-4b46-a6b9-4b81fad6466c","D03","FLNT","FLNT.AOS.groundwater.well.003","FLNT.W3.20190807.FIL","A00000074790","2019-08-07T16:06Z","2019-08-07T16:06Z","EcoCore_CSU","Cl",6.7000,"milligramsPerLiter",3.2,,0,,"OK"
"45bc05c9-04f3-4078-a936-1feb9db64a07","D03","FLNT","FLNT.AOS.groundwater.well.003","FLNT.W3.20190807.RAW","A00000074792","2019-08-07T16:06Z","2019-08-07T16:06Z","EcoCore_CSU","TSS - Dry Mass",900.0000,"microgram",3.2,,0,,"OK"
"79d3a0ee-5fb3-4ba2-9a9b-d01774dda351","D03","FLNT","FLNT.AOS.groundwater.well.003","FLNT.W3.20190807.FIL","A00000074790","2019-08-07T16:06Z","2019-08-07T16:06Z","EcoCore_CSU","Mn",0.0030,"milligramsPerLiter",3.2,,0,,"OK"
"c3f666dc-8eaa-4de2-91dc-248d0c4d926b","D03","FLNT","FLNT.AOS.groundwater.well.003","FLNT.W3.20190807.FIL","A00000074790","2019-08-07T16:06Z","2019-08-07T16:06Z","EcoCore_CSU","HCO3",176.4100,"milligramsPerLiter",3.2,,0,,"OK"
"fdbc591d-7d6b-49b7-b0f0-1f8d73420100","D03","FLNT","FLNT.AOS.groundwater.well.003","FLNT.W3.20190807.FIL","A00000074790","2019-08-07T16:06Z","2019-08-07T16:06Z","EcoCore_CSU","Mg",0.7150,"milligramsPerLiter",3.2,,0,,"OK"
"95bacf4a-ba4b-4137-99d4-3d31e48a1255","D03","FLNT","FLNT.AOS.groundwater.well.003","FLNT.W3.20190807.FIL","A00000074790","2019-08-07T16:06Z","2019-08-07T16:06Z","EcoCore_CSU","DOC",0.6826,"milligramsPerLiter",3.2,,0,,"OK"
"0610902e-dda9-45f7-b464-177875c97006","D03","FLNT","FLNT.AOS.groundwater.well.003","FLNT.W3.20190807.FIL","A00000074790","2019-08-07T16:06Z","2019-08-07T16:06Z","EcoCore_CSU","K",0.2220,"milligramsPerLiter",3.2,,0,,"OK"
"53797edb-61f6-4b26-97ce-43a1ebf6e952","D03","FLNT","FLNT.AOS.groundwater.well.003","FLNT.W3.20190807.FIL","A00000074790","2019-08-07T16:06Z","2019-08-07T16:06Z","EcoCore_CSU","Fe",0.1010,"milligramsPerLiter",3.2,,0,,"OK"
"54a78612-5c82-47e7-8d9b-40aee31a4477","D03","FLNT","FLNT.AOS.groundwater.well.003","FLNT.W3.20190807.RAW","A00000074792","2019-08-07T16:06Z","2019-08-07T16:06Z","EcoCore_CSU","TSS",18.0000,"milligramsPerLiter",3.2,,0,,"OK"
"d7a76660-c915-452a-a6f4-f80238e9c199","D03","FLNT","FLNT.AOS.groundwater.well.003","FLNT.W3.20190807.FIL","A00000074790","2019-08-07T16:06Z","2019-08-07T16:06Z","EcoCore_CSU","Si",6.8800,"milligramsPerLiter",3.2,,0,,"OK"
"092beb48-740d-4792-a076-eac2b8bfc5af","D03","FLNT","FLNT.AOS.groundwater.well.003","FLNT.W3.20190807.FIL","A00000074790","2019-08-07T16:06Z","2019-08-07T16:06Z","EcoCore_CSU","Ca",61.3710,"milligramsPerLiter",3.2,,0,,"OK"
"d4e07984-c7f0-458d-8213-85d7b9c9d8a3","D03","FLNT","FLNT.AOS.groundwater.well.003","FLNT.W3.20190807.FIL","A00000074790","2019-08-07T16:06Z","2019-08-07T16:06Z","EcoCore_CSU","Ortho - P",0.0040,"milligramsPerLiter",3.2,,0,,"OK"
"694ed8c9-be4b-42b6-be8b-e692a96cfb71","D03","FLNT","FLNT.AOS.groundwater.well.003","FLNT.W3.20190807.FIL","A00000074790","2019-08-07T16:06Z","2019-08-07T16:06Z","EcoCore_CSU","CO3",0.0050,"milligramsPerLiter",3.2,,0,,"OK"
"295213bd-a2f4-4a54-9f8d-2f3b97da43cf","D03","FLNT","FLNT.AOS.groundwater.well.003","FLNT.W3.20190807.FIL","A00000074790","2019-08-07T16:06Z","2019-08-07T16:06Z","EcoCore_CSU","UV Absorbance (280 nm)",0.0172,,3.2,,0,,"OK"
"339541ce-fc3c-4186-b748-d345773509a5","D03","FLNT","FLNT.AOS.groundwater.well.003","FLNT.W3.20190807.FIL","A00000074790","2019-08-07T16:06Z","2019-08-07T16:06Z","EcoCore_CSU","DIC",43.8200,"milligramsPerLiter",3.2,,0,,"OK"
"17f153cb-0ac6-468b-a368-0ad4c30aebac","D03","FLNT","FLNT.AOS.groundwater.well.003","FLNT.W3.20190807.RAW","A00000074792","2019-08-07T16:06Z","2019-08-07T16:06Z","EcoCore_CSU","TOC",0.6078,"milligramsPerLiter",3.2,,0,,"OK"
"03229e7d-8a97-4ad0-8113-4935d9f3e9d5","D03","FLNT","FLNT.AOS.groundwater.well.003","FLNT.W3.20190807.FIL","A00000074790","2019-08-07T16:06Z","2019-08-07T16:06Z","EcoCore_CSU","TDS",214.7000,"milligramsPerLiter",3.2,,0,,"OK"
"2cac38b4-a142-4d7a-ae8b-83190e414a0c","D03","FLNT","FLNT.AOS.groundwater.well.003","FLNT.W3.20190807.FIL","A00000074790","2019-08-07T16:06Z","2019-08-07T16:06Z","EcoCore_CSU","TDN",0.6028,"milligramsPerLiter",3.2,,0,,"OK"
"196eefb0-f2f1-4e31-94a6-3e6d197149a5","D03","FLNT","FLNT.AOS.groundwater.well.006","FLNT.W6.20190808.FIL","A00000074797","2019-08-08T11:55Z","2019-08-08T11:55Z","EcoCore_CSU","TDP",0.0090,"milligramsPerLiter",4.9,,0,,"OK"
"3e7e2ad0-ab83-4fc3-b623-46345a205089","D03","FLNT","FLNT.AOS.groundwater.well.006","FLNT.W6.20190808.FIL","A00000074797","2019-08-08T11:55Z","2019-08-08T11:55Z","EcoCore_CSU","Cl",6.0600,"milligramsPerLiter",4.9,,0,,"OK"
"41dc121b-3678-4e60-af0e-af95650851ab","D03","FLNT","FLNT.AOS.groundwater.well.006","FLNT.W6.20190808.FIL","A00000074797","2019-08-08T11:55Z","2019-08-08T11:55Z","EcoCore_CSU","Mn",0.0050,"milligramsPerLiter",4.9,,0,,"OK"
"b4d2e117-8d2a-40eb-bb24-775c37b9c40c","D03","FLNT","FLNT.AOS.groundwater.well.006","FLNT.W6.20190808.RAW","A00000074795","2019-08-08T11:55Z","2019-08-08T11:55Z","EcoCore_CSU","TP",0.1410,"milligramsPerLiter",4.9,,0,,"OK"
"24cb41cf-2b07-448e-802a-098d3870dd1c","D03","FLNT","FLNT.AOS.groundwater.well.006","FLNT.W6.20190808.FIL","A00000074797","2019-08-08T11:55Z","2019-08-08T11:55Z","EcoCore_CSU","SO4",0.9900,"milligramsPerLiter",4.9,,0,,"OK"
"eb6fa032-db6a-4ced-8e80-43a2b8d9f1ca","D03","FLNT","FLNT.AOS.groundwater.well.006","FLNT.W6.20190808.PCN","A00000074799","2019-08-08T11:55Z","2019-08-08T11:55Z","EcoCore_CSU","TPN",0.1306,"milligram",4.9,,0,,"OK"
"ba0e8f00-e995-4707-892a-6b5798fe0c39","D03","FLNT","FLNT.AOS.groundwater.well.006","FLNT.W6.20190808.PCN","A00000074799","2019-08-08T11:55Z","2019-08-08T11:55Z","EcoCore_CSU","TPC",0.2401,"milligram",4.9,,0,,"OK"
"01145fda-aa85-497e-b3b8-4f4ac24fd8b9","D03","FLNT","FLNT.AOS.groundwater.well.006","FLNT.W6.20190808.FIL","A00000074797","2019-08-08T11:55Z","2019-08-08T11:55Z","EcoCore_CSU","Ortho - P",0.0310,"milligramsPerLiter",4.9,,0,,"OK"
"fd9f1e79-a0e2-4e66-be09-53bb54e880cb","D03","FLNT","FLNT.AOS.groundwater.well.006","FLNT.W6.20190808.RAW","A00000074795","2019-08-08T11:55Z","2019-08-08T11:55Z","EcoCore_CSU","TOC",0.5449,"milligramsPerLiter",4.9,,0,,"OK"
"de01c44d-26a3-4704-97ed-cab65803bec6","D03","FLNT","FLNT.AOS.groundwater.well.006","FLNT.W6.20190808.FIL","A00000074797","2019-08-08T11:55Z","2019-08-08T11:55Z","EcoCore_CSU","TDS",214.6000,"milligramsPerLiter",4.9,,0,,"OK"
"eceaac4a-67a7-4337-9f18-aa34bea067fe","D03","FLNT","FLNT.AOS.groundwater.well.006","FLNT.W6.20190808.FIL","A00000074797","2019-08-08T11:55Z","2019-08-08T11:55Z","EcoCore_CSU","UV Absorbance (280 nm)",0.0014,,4.9,,0,,"OK"
"9e3e3140-b2af-475d-8331-55b1f3076ec1","D03","FLNT","FLNT.AOS.groundwater.well.006","FLNT.W6.20190808.RAW","A00000074795","2019-08-08T11:55Z","2019-08-08T11:55Z","EcoCore_CSU","TSS - Dry Mass",700.0000,"microgram",4.9,,0,,"OK"
"3b207527-6d9c-4699-bde5-b430b822cb6c","D03","FLNT","FLNT.AOS.groundwater.well.006","FLNT.W6.20190808.RAW","A00000074795","2019-08-08T11:55Z","2019-08-08T11:55Z","EcoCore_CSU","ANC",2.8200,"milliequivalentsPerLiter",4.9,,0,,"OK"
"5d68fa67-4757-4d6a-b4c4-a1660578c6cd","D03","FLNT","FLNT.AOS.groundwater.well.006","FLNT.W6.20190808.FIL","A00000074797","2019-08-08T11:55Z","2019-08-08T11:55Z","EcoCore_CSU","NO2 - N",-0.0004,"milligramsPerLiter",4.9,,0,,"OK"
"8474317c-1125-403a-ba08-3b4b840171a0","D03","FLNT","FLNT.AOS.groundwater.well.006","FLNT.W6.20190808.FIL","A00000074797","2019-08-08T11:55Z","2019-08-08T11:55Z","EcoCore_CSU","Na",0.6490,"milligramsPerLiter",4.9,,0,,"OK"
"e1db5b8e-b97f-4905-93b9-c243d5bc9cb6","D03","FLNT","FLNT.AOS.groundwater.well.006","FLNT.W6.20190808.RAW","A00000074795","2019-08-08T11:55Z","2019-08-08T11:55Z","EcoCore_CSU","TSS",14.0000,"milligramsPerLiter",4.9,,0,,"OK"
"8751298b-985c-48ad-b80e-63e0c6cc1c39","D03","FLNT","FLNT.AOS.groundwater.well.006","FLNT.W6.20190808.FIL","A00000074797","2019-08-08T11:55Z","2019-08-08T11:55Z","EcoCore_CSU","DIC",40.5000,"milligramsPerLiter",4.9,,0,,"OK"
"fcf6be90-f612-4289-b51e-438162d06526","D03","FLNT","FLNT.AOS.groundwater.well.006","FLNT.W6.20190808.FIL","A00000074797","2019-08-08T11:55Z","2019-08-08T11:55Z","EcoCore_CSU","NH4 - N",0.0943,"milligramsPerLiter",4.9,,0,,"OK"
"7504d8db-bc2f-48bc-8468-1762f6413825","D03","FLNT","FLNT.AOS.groundwater.well.006","FLNT.W6.20190808.FIL","A00000074797","2019-08-08T11:55Z","2019-08-08T11:55Z","EcoCore_CSU","F",2.1400,"milligramsPerLiter",4.9,,0,,"OK"
"092efe00-8aa5-4521-81b9-5375b78e02eb","D03","FLNT","FLNT.AOS.groundwater.well.006","FLNT.W6.20190808.FIL","A00000074797","2019-08-08T11:55Z","2019-08-08T11:55Z","EcoCore_CSU","UV Absorbance (250 nm)",0.0168,,4.9,,0,,"OK"
"b38e865c-2e75-4386-9fd1-9b8ddeb60160","D03","FLNT","FLNT.AOS.groundwater.well.006","FLNT.W6.20190808.FIL","A00000074797","2019-08-08T11:55Z","2019-08-08T11:55Z","EcoCore_CSU","CO3",0.0050,"milligramsPerLiter",4.9,,0,,"OK"
"9aee671e-81d7-429a-a4db-d1f0d5dea0cc","D03","FLNT","FLNT.AOS.groundwater.well.006","FLNT.W6.20190808.FIL","A00000074797","2019-08-08T11:55Z","2019-08-08T11:55Z","EcoCore_CSU","TDN",1.5470,"milligramsPerLiter",4.9,,0,,"OK"
"6a48189a-2fe8-4613-ace0-17ce78ece3d3","D03","FLNT","FLNT.AOS.groundwater.well.006","FLNT.W6.20190808.RAW","A00000074795","2019-08-08T11:55Z","2019-08-08T11:55Z","EcoCore_CSU","TN",1.5260,"milligramsPerLiter",4.9,,0,,"OK"
"4521cd46-3f84-4a75-bafe-2fe61feba2c7","D03","FLNT","FLNT.AOS.groundwater.well.006","FLNT.W6.20190808.FIL","A00000074797","2019-08-08T11:55Z","2019-08-08T11:55Z","EcoCore_CSU","NO3+NO2 - N",1.6818,"milligramsPerLiter",4.9,,0,,"OK"
"d710c963-df12-45d1-8c4e-6f19d306ee24","D03","FLNT","FLNT.AOS.groundwater.well.006","FLNT.W6.20190808.FIL","A00000074797","2019-08-08T11:55Z","2019-08-08T11:55Z","EcoCore_CSU","Ca",60.5250,"milligramsPerLiter",4.9,,0,,"OK"
"7edc460e-3341-4846-987c-1e530ce7c42b","D03","FLNT","FLNT.AOS.groundwater.well.006","FLNT.W6.20190808.FIL","A00000074797","2019-08-08T11:55Z","2019-08-08T11:55Z","EcoCore_CSU","K",0.2030,"milligramsPerLiter",4.9,,0,,"OK"
"6726bec3-b19d-4ae8-ab89-eb70d6706e0e","D03","FLNT","FLNT.AOS.groundwater.well.006","FLNT.W6.20190808.FIL","A00000074797","2019-08-08T11:55Z","2019-08-08T11:55Z","EcoCore_CSU","Si",5.3900,"milligramsPerLiter",4.9,,0,,"OK"
"1cb7bc57-2444-4d47-a9eb-490bc8122a61","D03","FLNT","FLNT.AOS.groundwater.well.006","FLNT.W6.20190808.FIL","A00000074797","2019-08-08T11:55Z","2019-08-08T11:55Z","EcoCore_CSU","Fe",0.0360,"milligramsPerLiter",4.9,,0,,"OK"
"1fb54a01-5c31-47e5-b630-b4d1c388649b","D03","FLNT","FLNT.AOS.groundwater.well.006","FLNT.W6.20190808.RAW","A00000074795","2019-08-08T11:55Z","2019-08-08T11:55Z","EcoCore_CSU","pH",7.6200,"pH",4.9,,0,,"OK"
"0c7db27e-efa8-4a28-85f1-81e9eba91dad","D03","FLNT","FLNT.AOS.groundwater.well.006","FLNT.W6.20190808.FIL","A00000074797","2019-08-08T11:55Z","2019-08-08T11:55Z","EcoCore_CSU","HCO3",169.7100,"milligramsPerLiter",4.9,,0,,"OK"
"00ee3727-9400-45ed-b4be-45ad3c0ef115","D03","FLNT","FLNT.AOS.groundwater.well.006","FLNT.W6.20190808.FIL","A00000074797","2019-08-08T11:55Z","2019-08-08T11:55Z","EcoCore_CSU","DOC",0.5459,"milligramsPerLiter",4.9,,0,,"OK"
"d07dfb24-4889-48c2-8b5f-b086eb85e88c","D03","FLNT","FLNT.AOS.groundwater.well.006","FLNT.W6.20190808.FIL","A00000074797","2019-08-08T11:55Z","2019-08-08T11:55Z","EcoCore_CSU","Br",0.0050,"milligramsPerLiter",4.9,,0,,"OK"
"6a2be64c-c900-44a3-b48b-9ae22134cf29","D03","FLNT","FLNT.AOS.groundwater.well.006","FLNT.W6.20190808.FIL","A00000074797","2019-08-08T11:55Z","2019-08-08T11:55Z","EcoCore_CSU","Mg",0.5530,"milligramsPerLiter",4.9,,0,,"OK"
"9d23d438-79f2-4a8e-a87f-e93a5dc201e7","D03","FLNT","FLNT.AOS.groundwater.well.006","FLNT.W6.20190808.RAW","A00000074795","2019-08-08T11:55Z","2019-08-08T11:55Z","EcoCore_CSU","conductivity",304.7000,"microsiemensPerCentimeter",4.9,,0,,"OK"
"2bd977ff-b064-4af9-a6ec-ce6f61b1a8b0","D03","FLNT","FLNT.AOS.groundwater.well.007","FLNT.W7.20190808.FIL","A00000074805","2019-08-08T13:39Z","2019-08-08T13:39Z","EcoCore_CSU","SO4",13.2300,"milligramsPerLiter",4.9,,0,,"OK"
"2d3917e0-12ef-41f5-80bf-a6c1c87e7aa9","D03","FLNT","FLNT.AOS.groundwater.well.007","FLNT.W7.20190808.RAW","A00000074806","2019-08-08T13:39Z","2019-08-08T13:39Z","EcoCore_CSU","TSS - Dry Mass",400.0000,"microgram",4.9,,0,,"OK"
"cae0028c-380f-46c2-9cc2-998f309e5a7b","D03","FLNT","FLNT.AOS.groundwater.well.007","FLNT.W7.20190808.PCN","A00000074802","2019-08-08T13:39Z","2019-08-08T13:39Z","EcoCore_CSU","TPN",0.1377,"milligram",4.9,,0,,"OK"
"1cec1d59-1088-4517-af89-8c31a3bcf418","D03","FLNT","FLNT.AOS.groundwater.well.007","FLNT.W7.20190808.FIL","A00000074805","2019-08-08T13:39Z","2019-08-08T13:39Z","EcoCore_CSU","Br",0.0050,"milligramsPerLiter",4.9,,0,,"OK"
"ed64e6b0-1e7c-4dcc-a167-db2f195f4a56","D03","FLNT","FLNT.AOS.groundwater.well.007","FLNT.W7.20190808.FIL","A00000074805","2019-08-08T13:39Z","2019-08-08T13:39Z","EcoCore_CSU","Ca",56.9090,"milligramsPerLiter",4.9,,0,,"OK"
"08fc50ff-41f7-4861-8d40-b529f4316019","D03","FLNT","FLNT.AOS.groundwater.well.007","FLNT.W7.20190808.FIL","A00000074805","2019-08-08T13:39Z","2019-08-08T13:39Z","EcoCore_CSU","NO2 - N",0.0009,"milligramsPerLiter",4.9,,0,,"OK"
"9cc7b3fb-8009-4ce3-8c47-15d2ad54c407","D03","FLNT","FLNT.AOS.groundwater.well.007","FLNT.W7.20190808.RAW","A00000074806","2019-08-08T13:39Z","2019-08-08T13:39Z","EcoCore_CSU","TN",0.0796,"milligramsPerLiter",4.9,,0,,"OK"
"1e1a4fd0-9f96-4f7c-b54f-176b0008d453","D03","FLNT","FLNT.AOS.groundwater.well.007","FLNT.W7.20190808.RAW","A00000074806","2019-08-08T13:39Z","2019-08-08T13:39Z","EcoCore_CSU","ANC",2.8500,"milliequivalentsPerLiter",4.9,,0,,"OK"
"2fff4e40-2814-465e-b3e6-3f9ea61e3c99","D03","FLNT","FLNT.AOS.groundwater.well.007","FLNT.W7.20190808.FIL","A00000074805","2019-08-08T13:39Z","2019-08-08T13:39Z","EcoCore_CSU","DIC",36.9300,"milligramsPerLiter",4.9,,0,,"OK"
"ea396e59-e658-46f4-8790-3c7e6ddb7219","D03","FLNT","FLNT.AOS.groundwater.well.007","FLNT.W7.20190808.FIL","A00000074805","2019-08-08T13:39Z","2019-08-08T13:39Z","EcoCore_CSU","UV Absorbance (250 nm)",0.0294,,4.9,,0,,"OK"
"ddfd223c-50f2-4706-b5c2-62c3048e66c4","D03","FLNT","FLNT.AOS.groundwater.well.007","FLNT.W7.20190808.FIL","A00000074805","2019-08-08T13:39Z","2019-08-08T13:39Z","EcoCore_CSU","Cl",6.5400,"milligramsPerLiter",4.9,,0,,"OK"
"3d395fc7-15af-4e0b-88be-7172e7ab755e","D03","FLNT","FLNT.AOS.groundwater.well.007","FLNT.W7.20190808.FIL","A00000074805","2019-08-08T13:39Z","2019-08-08T13:39Z","EcoCore_CSU","Na",2.3570,"milligramsPerLiter",4.9,,0,,"OK"
"471755c7-fe20-49ee-a9f7-9dd3492c92dc","D03","FLNT","FLNT.AOS.groundwater.well.007","FLNT.W7.20190808.FIL","A00000074805","2019-08-08T13:39Z","2019-08-08T13:39Z","EcoCore_CSU","F",2.0800,"milligramsPerLiter",4.9,,0,,"OK"
"0665171d-1714-4b1c-bb44-31634b0e17be","D03","FLNT","FLNT.AOS.groundwater.well.007","FLNT.W7.20190808.FIL","A00000074805","2019-08-08T13:39Z","2019-08-08T13:39Z","EcoCore_CSU","TDN",0.0931,"milligramsPerLiter",4.9,,0,,"OK"
"8d1d9138-3060-4d1d-a4a7-6aca96b968a6","D03","FLNT","FLNT.AOS.groundwater.well.007","FLNT.W7.20190808.RAW","A00000074806","2019-08-08T13:39Z","2019-08-08T13:39Z","EcoCore_CSU","TP",0.0540,"milligramsPerLiter",4.9,,0,,"OK"
"6b291c8d-6bc7-425f-b9ac-e647f6080435","D03","FLNT","FLNT.AOS.groundwater.well.007","FLNT.W7.20190808.FIL","A00000074805","2019-08-08T13:39Z","2019-08-08T13:39Z","EcoCore_CSU","Mn",0.3540,"milligramsPerLiter",4.9,,0,,"OK"
"3800b6fc-c4dc-476d-a775-5255a1cac647","D03","FLNT","FLNT.AOS.groundwater.well.007","FLNT.W7.20190808.FIL","A00000074805","2019-08-08T13:39Z","2019-08-08T13:39Z","EcoCore_CSU","NH4 - N",0.0376,"milligramsPerLiter",4.9,,0,,"OK"
"d1555b07-2831-4f1e-99ad-72f06558a3a2","D03","FLNT","FLNT.AOS.groundwater.well.007","FLNT.W7.20190808.FIL","A00000074805","2019-08-08T13:39Z","2019-08-08T13:39Z","EcoCore_CSU","NO3+NO2 - N",0.0083,"milligramsPerLiter",4.9,,0,,"OK"
"f08abb7f-6e4b-4ad5-8af4-88d69ab2742d","D03","FLNT","FLNT.AOS.groundwater.well.007","FLNT.W7.20190808.FIL","A00000074805","2019-08-08T13:39Z","2019-08-08T13:39Z","EcoCore_CSU","Mg",0.8290,"milligramsPerLiter",4.9,,0,,"OK"
"6fc433a8-62e9-48fd-a404-4472fe7e705c","D03","FLNT","FLNT.AOS.groundwater.well.007","FLNT.W7.20190808.FIL","A00000074805","2019-08-08T13:39Z","2019-08-08T13:39Z","EcoCore_CSU","HCO3",148.2900,"milligramsPerLiter",4.9,,0,,"OK"
"3f4b9251-d224-4670-96c7-c33cb06abe29","D03","FLNT","FLNT.AOS.groundwater.well.007","FLNT.W7.20190808.FIL","A00000074805","2019-08-08T13:39Z","2019-08-08T13:39Z","EcoCore_CSU","Fe",0.0180,"milligramsPerLiter",4.9,,0,,"OK"
"0376b6f5-f82c-48bf-9522-f24d743fd286","D03","FLNT","FLNT.AOS.groundwater.well.007","FLNT.W7.20190808.RAW","A00000074806","2019-08-08T13:39Z","2019-08-08T13:39Z","EcoCore_CSU","pH",7.5600,"pH",4.9,,0,,"OK"
"c867a8d3-2891-48d9-89f8-a16dcd1e2109","D03","FLNT","FLNT.AOS.groundwater.well.007","FLNT.W7.20190808.RAW","A00000074806","2019-08-08T13:39Z","2019-08-08T13:39Z","EcoCore_CSU","conductivity",295.3000,"microsiemensPerCentimeter",4.9,,0,,"OK"
"624275c2-7289-4218-861b-c7b1d1a59313","D03","FLNT","FLNT.AOS.groundwater.well.007","FLNT.W7.20190808.FIL","A00000074805","2019-08-08T13:39Z","2019-08-08T13:39Z","EcoCore_CSU","CO3",0.0050,"milligramsPerLiter",4.9,,0,,"OK"
"165510e7-445e-45d5-b30b-cf4a89907634","D03","FLNT","FLNT.AOS.groundwater.well.007","FLNT.W7.20190808.FIL","A00000074805","2019-08-08T13:39Z","2019-08-08T13:39Z","EcoCore_CSU","K",0.4790,"milligramsPerLiter",4.9,,0,,"OK"
"f4bd2d34-7e31-480e-8b5a-fe534c3867d3","D03","FLNT","FLNT.AOS.groundwater.well.007","FLNT.W7.20190808.FIL","A00000074805","2019-08-08T13:39Z","2019-08-08T13:39Z","EcoCore_CSU","Si",9.8900,"milligramsPerLiter",4.9,,0,,"OK"
"62067e8a-6f2d-4e7b-9f53-d7d060ab9084","D03","FLNT","FLNT.AOS.groundwater.well.007","FLNT.W7.20190808.RAW","A00000074806","2019-08-08T13:39Z","2019-08-08T13:39Z","EcoCore_CSU","TSS",8.0000,"milligramsPerLiter",4.9,,0,,"OK"
"4291f94f-99cb-4964-b5ab-09856e991b75","D03","FLNT","FLNT.AOS.groundwater.well.007","FLNT.W7.20190808.RAW","A00000074806","2019-08-08T13:39Z","2019-08-08T13:39Z","EcoCore_CSU","TOC",1.2310,"milligramsPerLiter",4.9,,0,,"OK"
"e9bdb147-45b3-4fc9-974e-3b278b2d0acf","D03","FLNT","FLNT.AOS.groundwater.well.007","FLNT.W7.20190808.FIL","A00000074805","2019-08-08T13:39Z","2019-08-08T13:39Z","EcoCore_CSU","TDP",0.0090,"milligramsPerLiter",4.9,,0,,"OK"
"5b83c8b0-cc55-403e-a258-dd3bd7c7b62b","D03","FLNT","FLNT.AOS.groundwater.well.007","FLNT.W7.20190808.FIL","A00000074805","2019-08-08T13:39Z","2019-08-08T13:39Z","EcoCore_CSU","DOC",1.1820,"milligramsPerLiter",4.9,,0,,"OK"
"c26754a3-b2bc-4f70-be7d-57bb5e57d1d5","D03","FLNT","FLNT.AOS.groundwater.well.007","FLNT.W7.20190808.FIL","A00000074805","2019-08-08T13:39Z","2019-08-08T13:39Z","EcoCore_CSU","TDS",205.5000,"milligramsPerLiter",4.9,,0,,"OK"
"94c19f6f-a1e8-4b04-a0a6-f929667b676a","D03","FLNT","FLNT.AOS.groundwater.well.007","FLNT.W7.20190808.FIL","A00000074805","2019-08-08T13:39Z","2019-08-08T13:39Z","EcoCore_CSU","Ortho - P",0.0340,"milligramsPerLiter",4.9,,0,,"OK"
"26bd442a-1f78-495c-b262-0f9eb644a06b","D03","FLNT","FLNT.AOS.groundwater.well.007","FLNT.W7.20190808.FIL","A00000074805","2019-08-08T13:39Z","2019-08-08T13:39Z","EcoCore_CSU","UV Absorbance (280 nm)",0.0235,,4.9,,0,,"OK"
"c61df167-4395-4f36-b925-5f6bd43334c7","D03","FLNT","FLNT.AOS.groundwater.well.007","FLNT.W7.20190808.PCN","A00000074802","2019-08-08T13:39Z","2019-08-08T13:39Z","EcoCore_CSU","TPC",0.2576,"milligram",4.9,,0,,"OK"
