uid,domainID,siteID,namedLocation,sampleID,sampleCode,startDate,collectDate,laboratoryName,analyte,analyteConcentration,analyteUnits,coolerTemp,remarks,shipmentWarmQF,externalLabDataQF,sampleCondition
"ef581493-60d7-4d33-873e-07bd880b64d2","D04","GUIL","GUIL.AOS.groundwater.well.001","GUIL.W1.20170601.FIL",,"2017-06-01T13:43Z","2017-06-01T13:43Z","EcoCore_CSU","NO2 - N",0.0070,"milligramsPerLiter",2.9,,0,"formatChange","GOOD"
"129d4a32-6e3d-4687-8b77-8d8a354bee7d","D04","GUIL","GUIL.AOS.groundwater.well.001","GUIL.W1.20170601.FIL",,"2017-06-01T13:43Z","2017-06-01T13:43Z","EcoCore_CSU","Cl",6.8000,"milligramsPerLiter",2.9,,0,"formatChange","GOOD"
"8833fb1d-f433-4788-a026-30db04b57e5e","D04","GUIL","GUIL.AOS.groundwater.well.001","GUIL.W1.20170601.FIL",,"2017-06-01T13:43Z","2017-06-01T13:43Z","EcoCore_CSU","Na",11.5670,"milligramsPerLiter",2.9,,0,"formatChange","GOOD"
"1e3e199c-3f3f-4957-96e6-1b304ddf5f46","D04","GUIL","GUIL.AOS.groundwater.well.001","GUIL.W1.20170601.FIL",,"2017-06-01T13:43Z","2017-06-01T13:43Z","EcoCore_CSU","Ca",41.8300,"milligramsPerLiter",2.9,,0,"formatChange","GOOD"
"39652869-c5f0-4f1a-86a9-0e3e8c7b2491","D04","GUIL","GUIL.AOS.groundwater.well.001","GUIL.W1.20170601.FIL",,"2017-06-01T13:43Z","2017-06-01T13:43Z","EcoCore_CSU","UV Absorbance (250 nm)",0.3856,,2.9,,0,"formatChange","GOOD"
"b46d7efd-79e7-4985-81b7-51f4c6c0f509","D04","GUIL","GUIL.AOS.groundwater.well.001","GUIL.W1.20170601.FIL",,"2017-06-01T13:43Z","2017-06-01T13:43Z","EcoCore_CSU","TDN",1.1790,"milligramsPerLiter",2.9,,0,"formatChange","GOOD"
"d9f90cd0-4776-40e2-9568-b984bcb5c72b","D04","GUIL","GUIL.AOS.groundwater.well.001","GUIL.W1.20170601.FIL",,"2017-06-01T13:43Z","2017-06-01T13:43Z","EcoCore_CSU","TDS",265.4000,"milligramsPerLiter",2.9,,0,"formatChange","GOOD"
"f9761b6f-55fd-4abc-89ff-5ba0b86bacac","D04","GUIL","GUIL.AOS.groundwater.well.001","GUIL.W1.20170601.FIL",,"2017-06-01T13:43Z","2017-06-01T13:43Z","EcoCore_CSU","HCO3",188.3500,"milligramsPerLiter",2.9,,0,"formatChange","GOOD"
"4db42231-b5b7-4814-a8e0-f07b9f9703d3","D04","GUIL","GUIL.AOS.groundwater.well.001","GUIL.W1.20170601.FIL",,"2017-06-01T13:43Z","2017-06-01T13:43Z","EcoCore_CSU","Mg",12.3550,"milligramsPerLiter",2.9,,0,"formatChange","GOOD"
"d2d132cc-77b8-4deb-a82b-f91eb1000a65","D04","GUIL","GUIL.AOS.groundwater.well.001","GUIL.W1.20170601.FIL",,"2017-06-01T13:43Z","2017-06-01T13:43Z","EcoCore_CSU","SO4",14.4300,"milligramsPerLiter",2.9,,0,"formatChange","GOOD"
"b43e763d-39ea-4316-afe8-8ca65c7373d6","D04","GUIL","GUIL.AOS.groundwater.well.001","GUIL.W1.20170601.FIL",,"2017-06-01T13:43Z","2017-06-01T13:43Z","EcoCore_CSU","NO3+NO2 - N",1.0990,"milligramsPerLiter",2.9,,0,"formatChange","GOOD"
"75e5bedd-c014-4d9c-aa24-28e76ab9edcd","D04","GUIL","GUIL.AOS.groundwater.well.001","GUIL.W1.20170601.FIL",,"2017-06-01T13:43Z","2017-06-01T13:43Z","EcoCore_CSU","DOC",0.6519,"milligramsPerLiter",2.9,,0,"formatChange","GOOD"
"8dafefea-3da7-48ed-9211-e7c3082d5b65","D04","GUIL","GUIL.AOS.groundwater.well.001","GUIL.W1.20170601.FIL",,"2017-06-01T13:43Z","2017-06-01T13:43Z","EcoCore_CSU","Br",0.0050,"milligramsPerLiter",2.9,,0,"formatChange","GOOD"
"9d4de5bc-2f15-4dae-8527-d9b7ad72f2d2","D04","GUIL","GUIL.AOS.groundwater.well.001","GUIL.W1.20170601.FIL",,"2017-06-01T13:43Z","2017-06-01T13:43Z","EcoCore_CSU","K",1.3690,"milligramsPerLiter",2.9,,0,"formatChange","GOOD"
"06d43547-85d8-40de-932c-1e73d20bd43a","D04","GUIL","GUIL.AOS.groundwater.well.001","GUIL.W1.20170601.RAW",,"2017-06-01T13:43Z","2017-06-01T13:43Z","EcoCore_CSU","TN",1.3680,"milligramsPerLiter",2.9,,0,"formatChange","GOOD"
"0133d23d-b7c5-4e77-937c-d304da8124ae","D04","GUIL","GUIL.AOS.groundwater.well.001","GUIL.W1.20170601.RAW",,"2017-06-01T13:43Z","2017-06-01T13:43Z","EcoCore_CSU","ANC",3.1000,"milliequivalentsPerLiter",2.9,,0,"formatChange","GOOD"
"c331b5b8-f112-4f72-b526-705fded118b4","D04","GUIL","GUIL.AOS.groundwater.well.001","GUIL.W1.20170601.RAW",,"2017-06-01T13:43Z","2017-06-01T13:43Z","EcoCore_CSU","TSS - Dry Mass",120000.0000,"microgram",2.9,,0,"formatChange","GOOD"
"4e649a42-f9ce-4ffe-a16c-fd3fdca631c1","D04","GUIL","GUIL.AOS.groundwater.well.001","GUIL.W1.20170601.FIL",,"2017-06-01T13:43Z","2017-06-01T13:43Z","EcoCore_CSU","Si",15.1300,"milligramsPerLiter",2.9,,0,"formatChange","GOOD"
"c9ee3505-e0de-40c3-a144-c8ae9857a281","D04","GUIL","GUIL.AOS.groundwater.well.001","GUIL.W1.20170601.FIL",,"2017-06-01T13:43Z","2017-06-01T13:43Z","EcoCore_CSU","CO3",0.0000,"milligramsPerLiter",2.9,,0,"formatChange","GOOD"
"92b4d8ae-8e92-460b-8f2e-f0685e3996b3","D04","GUIL","GUIL.AOS.groundwater.well.001","GUIL.W1.20170601.FIL",,"2017-06-01T13:43Z","2017-06-01T13:43Z","EcoCore_CSU","UV Absorbance (280 nm)",0.3441,,2.9,,0,"formatChange","GOOD"
"805a4d48-7c27-4bb2-af8c-2ba23d2a9d15","D04","GUIL","GUIL.AOS.groundwater.well.001","GUIL.W1.20170601.RAW",,"2017-06-01T13:43Z","2017-06-01T13:43Z","EcoCore_CSU","pH",6.8100,"pH",2.9,,0,"formatChange","GOOD"
"c7877c12-3539-426e-9ef3-12b7d1291088","D04","GUIL","GUIL.AOS.groundwater.well.001","GUIL.W1.20170601.PCN",,"2017-06-01T13:43Z","2017-06-01T13:43Z","EcoCore_CSU","TPN",0.1645,"milligram",2.9,,0,"formatChange","GOOD"
"6f896355-a6d1-480a-81c4-1c047d53661d","D04","GUIL","GUIL.AOS.groundwater.well.001","GUIL.W1.20170601.PCN",,"2017-06-01T13:43Z","2017-06-01T13:43Z","EcoCore_CSU","TPC",0.3195,"milligram",2.9,,0,"formatChange","GOOD"
"5c5a1197-e12a-49b2-a49e-cb2608c83ed7","D04","GUIL","GUIL.AOS.groundwater.well.001","GUIL.W1.20170601.FIL",,"2017-06-01T13:43Z","2017-06-01T13:43Z","EcoCore_CSU","Mn",0.0005,"milligramsPerLiter",2.9,,0,"formatChange","GOOD"
"dca26984-93a0-4b89-9435-e0d13ecd7e0a","D04","GUIL","GUIL.AOS.groundwater.well.001","GUIL.W1.20170601.FIL",,"2017-06-01T13:43Z","2017-06-01T13:43Z","EcoCore_CSU","NH4 - N",0.0830,"milligramsPerLiter",2.9,,0,"formatChange","GOOD"
"38d7bfcb-afb7-4959-95c1-13b855ed5e71","D04","GUIL","GUIL.AOS.groundwater.well.001","GUIL.W1.20170601.FIL",,"2017-06-01T13:43Z","2017-06-01T13:43Z","EcoCore_CSU","TDP",0.0520,"milligramsPerLiter",2.9,,0,"formatChange","GOOD"
"71dd7013-fc39-471b-93dd-68221d53b26d","D04","GUIL","GUIL.AOS.groundwater.well.001","GUIL.W1.20170601.FIL",,"2017-06-01T13:43Z","2017-06-01T13:43Z","EcoCore_CSU","Ortho - P",0.0270,"milligramsPerLiter",2.9,,0,"formatChange","GOOD"
"6102125d-fcb6-4116-ab80-9631c72de4a5","D04","GUIL","GUIL.AOS.groundwater.well.001","GUIL.W1.20170601.FIL",,"2017-06-01T13:43Z","2017-06-01T13:43Z","EcoCore_CSU","DIC",37.8400,"milligramsPerLiter",2.9,,0,"formatChange","GOOD"
"fdb84999-0d6c-4eaa-aa7a-7043a4e826ad","D04","GUIL","GUIL.AOS.groundwater.well.001","GUIL.W1.20170601.RAW",,"2017-06-01T13:43Z","2017-06-01T13:43Z","EcoCore_CSU","TOC",2.2160,"milligramsPerLiter",2.9,,0,"formatChange","GOOD"
"73007e86-fe2d-4bb0-b662-385daac212e8","D04","GUIL","GUIL.AOS.groundwater.well.001","GUIL.W1.20170601.RAW",,"2017-06-01T13:43Z","2017-06-01T13:43Z","EcoCore_CSU","TP",0.8420,"milligramsPerLiter",2.9,,0,"formatChange","GOOD"
"d7c1cea0-c387-4bfa-bcbf-8dd93b454b7a","D04","GUIL","GUIL.AOS.groundwater.well.001","GUIL.W1.20170601.RAW",,"2017-06-01T13:43Z","2017-06-01T13:43Z","EcoCore_CSU","conductivity",374.1000,"microsiemensPerCentimeter",2.9,,0,"formatChange","GOOD"
"31cf2899-f561-46cb-9e19-56572242deb9","D04","GUIL","GUIL.AOS.groundwater.well.001","GUIL.W1.20170601.FIL",,"2017-06-01T13:43Z","2017-06-01T13:43Z","EcoCore_CSU","Fe",0.0005,"milligramsPerLiter",2.9,,0,"formatChange","GOOD"
"e31fd28e-92fa-4d46-ae91-3794c5a0c13a","D04","GUIL","GUIL.AOS.groundwater.well.001","GUIL.W1.20170601.FIL",,"2017-06-01T13:43Z","2017-06-01T13:43Z","EcoCore_CSU","F",0.0050,"milligramsPerLiter",2.9,,0,"formatChange","GOOD"
"78db0d9c-220b-485b-a0ca-101ca8113a7f","D04","GUIL","GUIL.AOS.groundwater.well.001","GUIL.W1.20170601.RAW",,"2017-06-01T13:43Z","2017-06-01T13:43Z","EcoCore_CSU","TSS",4800.0000,"milligramsPerLiter",2.9,,0,"formatChange","GOOD"
"20476ede-e91f-4614-ad7e-e5470146f679","D04","GUIL","GUIL.AOS.groundwater.well.003","GUIL.W3.20170601.RAW",,"2017-06-01T15:10Z","2017-06-01T15:10Z","EcoCore_CSU","TSS",636.0000,"milligramsPerLiter",2.9,,0,"formatChange","GOOD"
"1fd88395-1f0a-48e8-8e22-ed80725f00d8","D04","GUIL","GUIL.AOS.groundwater.well.003","GUIL.W3.20170601.FIL",,"2017-06-01T15:10Z","2017-06-01T15:10Z","EcoCore_CSU","Ca",71.0850,"milligramsPerLiter",2.9,,0,"formatChange","GOOD"
"eaee47d4-0a95-4f74-b645-9159c5bdaebb","D04","GUIL","GUIL.AOS.groundwater.well.003","GUIL.W3.20170601.RAW",,"2017-06-01T15:10Z","2017-06-01T15:10Z","EcoCore_CSU","ANC",5.0900,"milliequivalentsPerLiter",2.9,,0,"formatChange","GOOD"
"c3121e33-95be-48bb-9903-2dd75a50055b","D04","GUIL","GUIL.AOS.groundwater.well.003","GUIL.W3.20170601.FIL",,"2017-06-01T15:10Z","2017-06-01T15:10Z","EcoCore_CSU","CO3",0.0000,"milligramsPerLiter",2.9,,0,"formatChange","GOOD"
"2e8d553a-60f4-4c95-bc8f-a5a65d6a98fd","D04","GUIL","GUIL.AOS.groundwater.well.003","GUIL.W3.20170601.RAW",,"2017-06-01T15:10Z","2017-06-01T15:10Z","EcoCore_CSU","TOC",0.4750,"milligramsPerLiter",2.9,,0,"formatChange","GOOD"
"1caf002b-d421-4d0b-9d6b-a968951baf39","D04","GUIL","GUIL.AOS.groundwater.well.003","GUIL.W3.20170601.FIL",,"2017-06-01T15:10Z","2017-06-01T15:10Z","EcoCore_CSU","Na",16.9030,"milligramsPerLiter",2.9,,0,"formatChange","GOOD"
"a2f76e38-8852-4185-a63c-8f0316cdab62","D04","GUIL","GUIL.AOS.groundwater.well.003","GUIL.W3.20170601.FIL",,"2017-06-01T15:10Z","2017-06-01T15:10Z","EcoCore_CSU","UV Absorbance (280 nm)",0.0145,,2.9,,0,"formatChange","GOOD"
"3d848a65-087f-4d4d-bbc4-f1c36307bfd3","D04","GUIL","GUIL.AOS.groundwater.well.003","GUIL.W3.20170601.RAW",,"2017-06-01T15:10Z","2017-06-01T15:10Z","EcoCore_CSU","conductivity",558.2000,"microsiemensPerCentimeter",2.9,,0,"formatChange","GOOD"
"baf466b3-9ed9-4bf8-b70c-cd73c300678d","D04","GUIL","GUIL.AOS.groundwater.well.003","GUIL.W3.20170601.FIL",,"2017-06-01T15:10Z","2017-06-01T15:10Z","EcoCore_CSU","Mg",16.9770,"milligramsPerLiter",2.9,,0,"formatChange","GOOD"
"b2cd3977-7edd-4bc5-97ed-8d349f22bd67","D04","GUIL","GUIL.AOS.groundwater.well.003","GUIL.W3.20170601.FIL",,"2017-06-01T15:10Z","2017-06-01T15:10Z","EcoCore_CSU","HCO3",309.4100,"milligramsPerLiter",2.9,,0,"formatChange","GOOD"
"a146d4e2-a1d3-4bbc-9fbd-facccba79734","D04","GUIL","GUIL.AOS.groundwater.well.003","GUIL.W3.20170601.FIL",,"2017-06-01T15:10Z","2017-06-01T15:10Z","EcoCore_CSU","SO4",15.5500,"milligramsPerLiter",2.9,,0,"formatChange","GOOD"
"bbd8fea2-daa4-4064-bc50-576e15361b38","D04","GUIL","GUIL.AOS.groundwater.well.003","GUIL.W3.20170601.FIL",,"2017-06-01T15:10Z","2017-06-01T15:10Z","EcoCore_CSU","Si",19.4600,"milligramsPerLiter",2.9,,0,"formatChange","GOOD"
"1f0ac9dd-c450-4918-bd7f-bc9d99d021cb","D04","GUIL","GUIL.AOS.groundwater.well.003","GUIL.W3.20170601.FIL",,"2017-06-01T15:10Z","2017-06-01T15:10Z","EcoCore_CSU","Cl",8.0900,"milligramsPerLiter",2.9,,0,"formatChange","GOOD"
"43dfeb6d-51ea-40d2-b3cc-566a7c194c11","D04","GUIL","GUIL.AOS.groundwater.well.003","GUIL.W3.20170601.RAW",,"2017-06-01T15:10Z","2017-06-01T15:10Z","EcoCore_CSU","TN",2.2950,"milligramsPerLiter",2.9,,0,"formatChange","GOOD"
"9c9b0c4b-683d-44bc-a32f-d7920027787e","D04","GUIL","GUIL.AOS.groundwater.well.003","GUIL.W3.20170601.FIL",,"2017-06-01T15:10Z","2017-06-01T15:10Z","EcoCore_CSU","Br",0.0050,"milligramsPerLiter",2.9,,0,"formatChange","GOOD"
"64745b95-5452-4a66-8919-960f63f69d75","D04","GUIL","GUIL.AOS.groundwater.well.003","GUIL.W3.20170601.FIL",,"2017-06-01T15:10Z","2017-06-01T15:10Z","EcoCore_CSU","NO2 - N",0.0100,"milligramsPerLiter",2.9,,0,"formatChange","GOOD"
"d2c2371a-476c-41e8-ad3f-bbd565bed68e","D04","GUIL","GUIL.AOS.groundwater.well.003","GUIL.W3.20170601.FIL",,"2017-06-01T15:10Z","2017-06-01T15:10Z","EcoCore_CSU","NH4 - N",0.0690,"milligramsPerLiter",2.9,,0,"formatChange","GOOD"
"47da75cb-39d2-4f6d-9241-a60d760be875","D04","GUIL","GUIL.AOS.groundwater.well.003","GUIL.W3.20170601.FIL",,"2017-06-01T15:10Z","2017-06-01T15:10Z","EcoCore_CSU","NO3+NO2 - N",2.1950,"milligramsPerLiter",2.9,,0,"formatChange","GOOD"
"e215c0c4-d42f-437c-894e-aeba272eb3b9","D04","GUIL","GUIL.AOS.groundwater.well.003","GUIL.W3.20170601.PCN",,"2017-06-01T15:10Z","2017-06-01T15:10Z","EcoCore_CSU","TPC",0.2640,"milligram",2.9,,0,"formatChange","GOOD"
"ab060c47-8b36-4aa1-a5e4-a5189093c9c0","D04","GUIL","GUIL.AOS.groundwater.well.003","GUIL.W3.20170601.RAW",,"2017-06-01T15:10Z","2017-06-01T15:10Z","EcoCore_CSU","pH",7.6100,"pH",2.9,,0,"formatChange","GOOD"
"78a99e1b-8d41-443e-971a-b29ea17a7b4a","D04","GUIL","GUIL.AOS.groundwater.well.003","GUIL.W3.20170601.FIL",,"2017-06-01T15:10Z","2017-06-01T15:10Z","EcoCore_CSU","TDS",391.1000,"milligramsPerLiter",2.9,,0,"formatChange","GOOD"
"fadcb7ff-f660-4fa5-8673-a2f697d8798b","D04","GUIL","GUIL.AOS.groundwater.well.003","GUIL.W3.20170601.FIL",,"2017-06-01T15:10Z","2017-06-01T15:10Z","EcoCore_CSU","DOC",0.5967,"milligramsPerLiter",2.9,,0,"formatChange","GOOD"
"1898a499-702f-4796-a882-22ea9f673b7c","D04","GUIL","GUIL.AOS.groundwater.well.003","GUIL.W3.20170601.FIL",,"2017-06-01T15:10Z","2017-06-01T15:10Z","EcoCore_CSU","UV Absorbance (250 nm)",0.0187,,2.9,,0,"formatChange","GOOD"
"efff17de-8be7-4a3d-864f-d9ed0f22b22b","D04","GUIL","GUIL.AOS.groundwater.well.003","GUIL.W3.20170601.FIL",,"2017-06-01T15:10Z","2017-06-01T15:10Z","EcoCore_CSU","K",2.5860,"milligramsPerLiter",2.9,,0,"formatChange","GOOD"
"4705814c-52d2-4cfc-add1-1d0b91518095","D04","GUIL","GUIL.AOS.groundwater.well.003","GUIL.W3.20170601.PCN",,"2017-06-01T15:10Z","2017-06-01T15:10Z","EcoCore_CSU","TPN",0.1552,"milligram",2.9,,0,"formatChange","GOOD"
"0d4beb92-802c-4911-a2bc-f737fe1c9a96","D04","GUIL","GUIL.AOS.groundwater.well.003","GUIL.W3.20170601.FIL",,"2017-06-01T15:10Z","2017-06-01T15:10Z","EcoCore_CSU","DIC",56.1700,"milligramsPerLiter",2.9,,0,"formatChange","GOOD"
"5ef0a180-6c31-440a-8c7f-179ab0f94564","D04","GUIL","GUIL.AOS.groundwater.well.003","GUIL.W3.20170601.FIL",,"2017-06-01T15:10Z","2017-06-01T15:10Z","EcoCore_CSU","Mn",0.0430,"milligramsPerLiter",2.9,,0,"formatChange","GOOD"
"2de28e42-9915-417d-b4a5-c3c7b4ed265e","D04","GUIL","GUIL.AOS.groundwater.well.003","GUIL.W3.20170601.FIL",,"2017-06-01T15:10Z","2017-06-01T15:10Z","EcoCore_CSU","Ortho - P",0.0080,"milligramsPerLiter",2.9,,0,"formatChange","GOOD"
"7d3f92ca-a386-46fd-b9aa-98a2581f2517","D04","GUIL","GUIL.AOS.groundwater.well.003","GUIL.W3.20170601.FIL",,"2017-06-01T15:10Z","2017-06-01T15:10Z","EcoCore_CSU","F",0.0050,"milligramsPerLiter",2.9,,0,"formatChange","GOOD"
"cadfd296-59e0-46bb-8d60-b759cde92386","D04","GUIL","GUIL.AOS.groundwater.well.003","GUIL.W3.20170601.RAW",,"2017-06-01T15:10Z","2017-06-01T15:10Z","EcoCore_CSU","TSS - Dry Mass",15900.0000,"microgram",2.9,,0,"formatChange","GOOD"
"6a35fd17-97d8-4fd8-98f8-e127fc6ff902","D04","GUIL","GUIL.AOS.groundwater.well.003","GUIL.W3.20170601.FIL",,"2017-06-01T15:10Z","2017-06-01T15:10Z","EcoCore_CSU","TDP",0.0650,"milligramsPerLiter",2.9,,0,"formatChange","GOOD"
"60817ca1-072b-4d1c-9a6f-87759e93505d","D04","GUIL","GUIL.AOS.groundwater.well.003","GUIL.W3.20170601.RAW",,"2017-06-01T15:10Z","2017-06-01T15:10Z","EcoCore_CSU","TP",0.1320,"milligramsPerLiter",2.9,,0,"formatChange","GOOD"
"b29c3fa8-ce22-4c44-a5cd-758d8d0bd769","D04","GUIL","GUIL.AOS.groundwater.well.003","GUIL.W3.20170601.FIL",,"2017-06-01T15:10Z","2017-06-01T15:10Z","EcoCore_CSU","Fe",0.0005,"milligramsPerLiter",2.9,,0,"formatChange","GOOD"
"af14f247-c44f-4d3c-aad8-39252ec38d98","D04","GUIL","GUIL.AOS.groundwater.well.003","GUIL.W3.20170601.FIL",,"2017-06-01T15:10Z","2017-06-01T15:10Z","EcoCore_CSU","TDN",2.2330,"milligramsPerLiter",2.9,,0,"formatChange","GOOD"
