uid,domainID,siteID,namedLocation,decimalLatitude,decimalLongitude,coordinateUncertainty,elevation,elevationUncertainty,geodeticDatum,collectDate,aquaticSiteType,samplingImpractical,waterChemSamplesCollected,adequateSampleVol,parentSampleID,eventID,swcSamplingProtocolVersion,sampleExtractionMethod,samplerType,totalWellDepth,wellWaterDepth,waterColumnHeight,sampleDepth,purgeAverageDischargeRate,purgeTime,gwWellStabilized,purgeDryDateTime,pumpPlacementDate,screenedIntervalDepth,maxAllowableDrawdown,actualDrawdown,MADExceeded,wellVolumePurged,probeIDUnavailable,dissolvedOxygen,dissolvedOxygenSaturation,specificConductance,waterTemp,pH,waterClarityDescrip,waterColorDescrip,aCollectedBy,bCollectedBy,remarks
"8f60dc86-3277-42f0-a19c-ad54f5cf9a54","D02","LEWI","LEWI.AOS.groundwater.well.001",39.095597,-77.982949,0.1,128.8,0.1,"WGS84","2017-03-08T14:56Z","stream",,,,"LEWI.W1.20170308","LEWI.20170308","NEON.DOC.002905vC","low-flow",,,2.4,,3.4,,,,,,,,,,3.0,,5.16,49.10,596.00,12.20,,,,"jcoloso@neoninc.org","kgeiger@neoninc.org",
"24bc1e06-ecbc-43d8-be92-dd3701fa853a","D02","LEWI","LEWI.AOS.groundwater.well.008",39.094301,-77.981340,0.1,127.5,0.1,"WGS84","2017-03-08T16:12Z","stream",,,,"LEWI.W8.20170308","LEWI.20170308","NEON.DOC.002905vC","low-flow",,,2.4,,3.3,,,,,,,,,,5.1,,2.00,18.60,694.00,12.00,,,,"jcoloso@neoninc.org","kgeiger@neoninc.org",
"076de389-d521-4d12-b17d-a1f878944282","D02","LEWI","LEWI.AOS.groundwater.well.006",39.094122,-77.981443,0.1,127.8,0.1,"WGS84","2017-03-08T17:20Z","stream",,,,"LEWI.W6.20170308","LEWI.20170308","NEON.DOC.002905vC","low-flow",,,2.7,,3.7,,,,,,,,,,2.8,,0.36,3.50,666.00,13.90,,,,"jcoloso@neoninc.org","kgeiger@neoninc.org",
"00d6c242-4f25-40b0-865a-10011e67a8cd","D02","LEWI","LEWI.AOS.groundwater.well.003",39.094956,-77.982416,0.1,128.0,0.1,"WGS84","2017-03-08T18:49Z","stream",,,,"LEWI.W3.20170308","LEWI.20170308","NEON.DOC.002905vC","low-flow",,,2.3,,3.3,,,,,,,,,,4.2,,0.13,1.10,550.00,12.70,,,,"jcoloso@neoninc.org","kgeiger@neoninc.org",
