uid,domainID,siteID,namedLocation,collectDate,titrationDate,parentSampleID,domainSampleID,remarks,measuredBy,alkMeqPerL,alkMgPerL,ancMeqPerL,ancMgPerL
"3ceff0a4-8c0e-49bb-8283-6ba4b95b74e2","D02","LEWI","LEWI.AOS.groundwater.well.001","2017-03-08T14:56Z","2017-03-09T15:26Z","LEWI.W1.20170308","LEWI.W1.20170308.ALK",,"kgeiger@neoninc.org",6.270,314.000,,
"67bc8d7d-df80-4bf5-9626-79cc3e797fa2","D02","LEWI","LEWI.AOS.groundwater.well.008","2017-03-08T16:12Z","2017-03-09T14:10Z","LEWI.W8.20170308","LEWI.W8.20170308.ALK",,"kgeiger@neoninc.org",8.130,407.000,,
"f8faf919-21aa-4fe4-ac70-a0833d693fa4","D02","LEWI","LEWI.AOS.groundwater.well.006","2017-03-08T17:20Z","2017-03-09T14:44Z","LEWI.W6.20170308","LEWI.W6.20170308.ALK",,"kgeiger@neoninc.org",7.440,373.000,,
"2ccec28a-3340-40c1-bc1f-835e92d7d337","D02","LEWI","LEWI.AOS.groundwater.well.003","2017-03-08T18:49Z","2017-03-09T15:05Z","LEWI.W3.20170308","LEWI.W3.20170308.ALK",,"kgeiger@neoninc.org",6.110,306.000,,
