uid,domainID,siteID,namedLocation,collectDate,parentSampleID,sampleCondition,sampleID,replicateNumber,gwwDICBubbleFree,gwwFiltSampleHeadspace,gwwAlkSampleHeadspace,gwwAlkSampleBubbleFree,processedDate,processedDateFilters,sampleVolumeFiltered,shipmentTimeRange
"3170ab14-137e-4062-a0b6-7158eb1ba79c","D02","LEWI","LEWI.AOS.groundwater.well.001","2017-03-08T14:56Z","LEWI.W1.20170308",,"LEWI.W1.20170308",,,,,,"2017-03-08T15:13Z","2017-03-08T15:13Z",400.0,
"4b125789-64de-4430-a802-c014f21f07cf","D02","LEWI","LEWI.AOS.groundwater.well.008","2017-03-08T16:12Z","LEWI.W8.20170308",,"LEWI.W8.20170308",,,,,,"2017-03-08T16:40Z","2017-03-08T16:40Z",399.0,
"905d44f0-590c-45e8-b0f7-e7e9200c5881","D02","LEWI","LEWI.AOS.groundwater.well.006","2017-03-08T17:20Z","LEWI.W6.20170308",,"LEWI.W6.20170308",,,,,,"2017-03-08T17:49Z","2017-03-08T17:49Z",200.0,
"1f41d4bd-138d-4749-a678-e02629a8b8ae","D02","LEWI","LEWI.AOS.groundwater.well.003","2017-03-08T18:49Z","LEWI.W3.20170308",,"LEWI.W3.20170308",,,,,,"2017-03-08T19:10Z","2017-03-08T19:10Z",400.0,
