uid,domainID,siteID,namedLocation,sampleID,sampleCode,startDate,collectDate,laboratoryName,analyte,analyteConcentration,analyteUnits,coolerTemp,remarks,shipmentWarmQF,externalLabDataQF,sampleCondition
"80dfdbcd-9a7e-4e98-a5b9-63329ddacc52","D02","LEWI","LEWI.AOS.groundwater.well.001","LEWI.W1.20170308.RAW",,"2017-03-08T14:56Z","2017-03-08T14:56Z","EcoCore_CSU","TOC",0.6593,"milligramsPerLiter",4.0,,0,"formatChange|legacyData","GOOD"
"307169bc-9398-4673-81ad-7db2ee88ca61","D02","LEWI","LEWI.AOS.groundwater.well.001","LEWI.W1.20170308.FIL",,"2017-03-08T14:56Z","2017-03-08T14:56Z","EcoCore_CSU","Fe",0.0024,"milligramsPerLiter",4.0,,0,"formatChange|legacyData","GOOD"
"2c0f0ed3-e853-4285-ac4b-3c734963601a","D02","LEWI","LEWI.AOS.groundwater.well.001","LEWI.W1.20170308.FIL",,"2017-03-08T14:56Z","2017-03-08T14:56Z","EcoCore_CSU","CO3",0.0050,"milligramsPerLiter",4.0,,0,"formatChange|legacyData","GOOD"
"8217268c-bf2a-4614-bfb3-0a32f9e394fa","D02","LEWI","LEWI.AOS.groundwater.well.001","LEWI.W1.20170308.FIL",,"2017-03-08T14:56Z","2017-03-08T14:56Z","EcoCore_CSU","SO4",21.9336,"milligramsPerLiter",4.0,,0,"formatChange|legacyData","GOOD"
"ee6872af-8cb5-4d42-b08c-02403ad25cad","D02","LEWI","LEWI.AOS.groundwater.well.001","LEWI.W1.20170308.RAW",,"2017-03-08T14:56Z","2017-03-08T14:56Z","EcoCore_CSU","pH",7.3800,"pH",4.0,,0,"formatChange|legacyData","GOOD"
"f8301c38-b802-49ba-adbe-d8a94aa99116","D02","LEWI","LEWI.AOS.groundwater.well.001","LEWI.W1.20170308.FIL",,"2017-03-08T14:56Z","2017-03-08T14:56Z","EcoCore_CSU","DOC",0.7523,"milligramsPerLiter",4.0,,0,"formatChange|legacyData","GOOD"
"0685dbc6-ddc4-4295-8f81-fdc35c0c7c51","D02","LEWI","LEWI.AOS.groundwater.well.001","LEWI.W1.20170308.FIL",,"2017-03-08T14:56Z","2017-03-08T14:56Z","EcoCore_CSU","TDN",1.6280,"milligramsPerLiter",4.0,,0,"formatChange|legacyData","GOOD"
"f689362f-c499-4598-938e-8e97214fb29a","D02","LEWI","LEWI.AOS.groundwater.well.001","LEWI.W1.20170308.RAW",,"2017-03-08T14:56Z","2017-03-08T14:56Z","EcoCore_CSU","TN",1.5740,"milligramsPerLiter",4.0,,0,"formatChange|legacyData","GOOD"
"1601fc55-d4d4-44e0-a844-40f17cc5b30a","D02","LEWI","LEWI.AOS.groundwater.well.001","LEWI.W1.20170308.FIL",,"2017-03-08T14:56Z","2017-03-08T14:56Z","EcoCore_CSU","Br",0.0050,"milligramsPerLiter",4.0,,0,"formatChange|legacyData","GOOD"
"5ff68c89-f772-4f81-bc94-fc65ac72ee94","D02","LEWI","LEWI.AOS.groundwater.well.001","LEWI.W1.20170308.FIL",,"2017-03-08T14:56Z","2017-03-08T14:56Z","EcoCore_CSU","TDS",490.5000,"milligramsPerLiter",4.0,,0,"formatChange|legacyData","GOOD"
"ca30bb5d-a5e7-4a07-ab24-4edb0ee581b4","D02","LEWI","LEWI.AOS.groundwater.well.001","LEWI.W1.20170308.FIL",,"2017-03-08T14:56Z","2017-03-08T14:56Z","EcoCore_CSU","HCO3",395.7800,"milligramsPerLiter",4.0,,0,"formatChange|legacyData","GOOD"
"5b2ac3c9-c8a2-4d4c-addd-a40dd3f7b5a1","D02","LEWI","LEWI.AOS.groundwater.well.001","LEWI.W1.20170308.FIL",,"2017-03-08T14:56Z","2017-03-08T14:56Z","EcoCore_CSU","Mg",24.5921,"milligramsPerLiter",4.0,,0,"formatChange|legacyData","GOOD"
"88d88ba9-1ea5-4e56-aced-1899f9a12380","D02","LEWI","LEWI.AOS.groundwater.well.001","LEWI.W1.20170308.FIL",,"2017-03-08T14:56Z","2017-03-08T14:56Z","EcoCore_CSU","F",0.2376,"milligramsPerLiter",4.0,,0,"formatChange|legacyData","GOOD"
"0200100f-7146-4947-99ef-d1b4838e1e36","D02","LEWI","LEWI.AOS.groundwater.well.001","LEWI.W1.20170308.RAW",,"2017-03-08T14:56Z","2017-03-08T14:56Z","EcoCore_CSU","TP",0.0050,"milligramsPerLiter",4.0,,0,"formatChange|legacyData","GOOD"
"084ccba0-453c-45e7-a5b9-3d79c046e634","D02","LEWI","LEWI.AOS.groundwater.well.001","LEWI.W1.20170308.FIL",,"2017-03-08T14:56Z","2017-03-08T14:56Z","EcoCore_CSU","NH4 - N",0.0410,"milligramsPerLiter",4.0,,0,"formatChange|legacyData","GOOD"
"52caf89a-e12e-4420-96d5-bc512068161e","D02","LEWI","LEWI.AOS.groundwater.well.001","LEWI.W1.20170308.RAW",,"2017-03-08T14:56Z","2017-03-08T14:56Z","EcoCore_CSU","TSS - Dry Mass",0.0000,"microgram",4.0,,0,"formatChange|legacyData","GOOD"
"f3ac79c1-de3f-44fb-a0da-bfb9fb0c01d0","D02","LEWI","LEWI.AOS.groundwater.well.001","LEWI.W1.20170308.FIL",,"2017-03-08T14:56Z","2017-03-08T14:56Z","EcoCore_CSU","NO2 - N",0.0050,"milligramsPerLiter",4.0,,0,"formatChange|legacyData","GOOD"
"79bc9943-0d43-40c3-b470-d82d6d182aba","D02","LEWI","LEWI.AOS.groundwater.well.001","LEWI.W1.20170308.FIL",,"2017-03-08T14:56Z","2017-03-08T14:56Z","EcoCore_CSU","DIC",81.7800,"milligramsPerLiter",4.0,,0,"formatChange|legacyData","GOOD"
"ecf0830e-5c9d-439b-be6b-a3a6a9bd1fb6","D02","LEWI","LEWI.AOS.groundwater.well.001","LEWI.W1.20170308.FIL",,"2017-03-08T14:56Z","2017-03-08T14:56Z","EcoCore_CSU","TDP",0.0025,"milligramsPerLiter",4.0,,0,"formatChange|legacyData","GOOD"
"ca15e16a-71e4-4dcb-91e7-eee08b83bcae","D02","LEWI","LEWI.AOS.groundwater.well.001","LEWI.W1.20170308.FIL",,"2017-03-08T14:56Z","2017-03-08T14:56Z","EcoCore_CSU","Cl",14.4123,"milligramsPerLiter",4.0,,0,"formatChange|legacyData","GOOD"
"d660e3d9-8635-4a8e-9060-e5f1b99eda73","D02","LEWI","LEWI.AOS.groundwater.well.001","LEWI.W1.20170308.PCN",,"2017-03-08T14:56Z","2017-03-08T14:56Z","EcoCore_CSU","TPN",0.0256,"milligram",4.0,,0,"formatChange|legacyData","GOOD"
"31873f6f-efd2-4847-b31a-3c324e89f79c","D02","LEWI","LEWI.AOS.groundwater.well.001","LEWI.W1.20170308.FIL",,"2017-03-08T14:56Z","2017-03-08T14:56Z","EcoCore_CSU","Mn",0.0089,"milligramsPerLiter",4.0,,0,"formatChange|legacyData","GOOD"
"c19020de-2583-48a9-ae5e-758a388e5028","D02","LEWI","LEWI.AOS.groundwater.well.001","LEWI.W1.20170308.PCN",,"2017-03-08T14:56Z","2017-03-08T14:56Z","EcoCore_CSU","TPC",0.2716,"milligram",4.0,,0,"formatChange|legacyData","GOOD"
"0412206b-f0e8-40be-8d98-62d85c561a4a","D02","LEWI","LEWI.AOS.groundwater.well.001","LEWI.W1.20170308.FIL",,"2017-03-08T14:56Z","2017-03-08T14:56Z","EcoCore_CSU","UV Absorbance (250 nm)",0.0148,,4.0,,0,"formatChange|legacyData","GOOD"
"07c18b70-18ae-4e61-abbc-19a18789b6d8","D02","LEWI","LEWI.AOS.groundwater.well.001","LEWI.W1.20170308.FIL",,"2017-03-08T14:56Z","2017-03-08T14:56Z","EcoCore_CSU","Ca",102.1190,"milligramsPerLiter",4.0,,0,"formatChange|legacyData","GOOD"
"c335cb73-266e-49cc-a3af-feb66849ae2d","D02","LEWI","LEWI.AOS.groundwater.well.001","LEWI.W1.20170308.FIL",,"2017-03-08T14:56Z","2017-03-08T14:56Z","EcoCore_CSU","Na",5.9971,"milligramsPerLiter",4.0,,0,"formatChange|legacyData","GOOD"
"ae50580d-f1d5-4edb-b08b-e38a31491be0","D02","LEWI","LEWI.AOS.groundwater.well.001","LEWI.W1.20170308.FIL",,"2017-03-08T14:56Z","2017-03-08T14:56Z","EcoCore_CSU","NO3+NO2 - N",1.5750,"milligramsPerLiter",4.0,,0,"formatChange|legacyData","GOOD"
"b1332c6d-d32d-4df7-921a-7e537cdbc4ed","D02","LEWI","LEWI.AOS.groundwater.well.001","LEWI.W1.20170308.FIL",,"2017-03-08T14:56Z","2017-03-08T14:56Z","EcoCore_CSU","Si",5.8513,"milligramsPerLiter",4.0,,0,"formatChange|legacyData","GOOD"
"19ee9fc0-e9c4-4432-ac52-ed775c9a5630","D02","LEWI","LEWI.AOS.groundwater.well.001","LEWI.W1.20170308.RAW",,"2017-03-08T14:56Z","2017-03-08T14:56Z","EcoCore_CSU","TSS",0.0000,"milligramsPerLiter",4.0,,0,"formatChange|legacyData","GOOD"
"d4704ad3-e55f-42da-93b4-b0478dd230ae","D02","LEWI","LEWI.AOS.groundwater.well.001","LEWI.W1.20170308.RAW",,"2017-03-08T14:56Z","2017-03-08T14:56Z","EcoCore_CSU","ANC",6.8730,"milliequivalentsPerLiter",4.0,,0,"formatChange|legacyData","GOOD"
"734d6f43-7a58-46a4-af8a-8b971f7f83bd","D02","LEWI","LEWI.AOS.groundwater.well.001","LEWI.W1.20170308.FIL",,"2017-03-08T14:56Z","2017-03-08T14:56Z","EcoCore_CSU","Ortho - P",0.0210,"milligramsPerLiter",4.0,,0,"formatChange|legacyData","GOOD"
"ec4f52bc-7ace-48d3-a0e4-64c3acdec5b7","D02","LEWI","LEWI.AOS.groundwater.well.001","LEWI.W1.20170308.FIL",,"2017-03-08T14:56Z","2017-03-08T14:56Z","EcoCore_CSU","UV Absorbance (280 nm)",0.0105,,4.0,,0,"formatChange|legacyData","GOOD"
"62623b59-3131-44bb-9eb5-1b67f36162b2","D02","LEWI","LEWI.AOS.groundwater.well.001","LEWI.W1.20170308.FIL",,"2017-03-08T14:56Z","2017-03-08T14:56Z","EcoCore_CSU","K",1.9210,"milligramsPerLiter",4.0,,0,"formatChange|legacyData","GOOD"
"3c50cb80-a572-4c11-8ce7-20e954c9082e","D02","LEWI","LEWI.AOS.groundwater.well.001","LEWI.W1.20170308.RAW",,"2017-03-08T14:56Z","2017-03-08T14:56Z","EcoCore_CSU","conductivity",705.6300,"microsiemensPerCentimeter",4.0,,0,"formatChange|legacyData","GOOD"
"b22638e1-69df-45a8-ac9e-4f07397bd96f","D02","LEWI","LEWI.AOS.groundwater.well.008","LEWI.W8.20170308.RAW",,"2017-03-08T16:12Z","2017-03-08T16:12Z","EcoCore_CSU","ANC",8.3610,"milliequivalentsPerLiter",4.0,,0,"formatChange|legacyData","GOOD"
"a5c998a8-134f-49ea-af78-dd593d1b2e53","D02","LEWI","LEWI.AOS.groundwater.well.008","LEWI.W8.20170308.FIL",,"2017-03-08T16:12Z","2017-03-08T16:12Z","EcoCore_CSU","Na",3.0096,"milligramsPerLiter",4.0,,0,"formatChange|legacyData","GOOD"
"db59f6dc-e602-4c5e-b599-742cc5a71c54","D02","LEWI","LEWI.AOS.groundwater.well.008","LEWI.W8.20170308.FIL",,"2017-03-08T16:12Z","2017-03-08T16:12Z","EcoCore_CSU","Mn",0.3335,"milligramsPerLiter",4.0,,0,"formatChange|legacyData","GOOD"
"7b06f0fd-5010-40d4-90de-3c33d3db90e9","D02","LEWI","LEWI.AOS.groundwater.well.008","LEWI.W8.20170308.FIL",,"2017-03-08T16:12Z","2017-03-08T16:12Z","EcoCore_CSU","HCO3",491.2100,"milligramsPerLiter",4.0,,0,"formatChange|legacyData","GOOD"
"6fda290a-f96f-4275-97b0-b9a470ebef3b","D02","LEWI","LEWI.AOS.groundwater.well.008","LEWI.W8.20170308.FIL",,"2017-03-08T16:12Z","2017-03-08T16:12Z","EcoCore_CSU","DOC",1.4690,"milligramsPerLiter",4.0,,0,"formatChange|legacyData","GOOD"
"e07e0de6-0b13-4102-a830-ba2e2bab05b1","D02","LEWI","LEWI.AOS.groundwater.well.008","LEWI.W8.20170308.RAW",,"2017-03-08T16:12Z","2017-03-08T16:12Z","EcoCore_CSU","TOC",1.8080,"milligramsPerLiter",4.0,,0,"formatChange|legacyData","GOOD"
"1a6a3120-bc20-442c-bbe4-7493526e4dbb","D02","LEWI","LEWI.AOS.groundwater.well.008","LEWI.W8.20170308.RAW",,"2017-03-08T16:12Z","2017-03-08T16:12Z","EcoCore_CSU","TP",0.0060,"milligramsPerLiter",4.0,,0,"formatChange|legacyData","GOOD"
"fe1d28c7-d7ff-4fdd-b642-71f2918c523f","D02","LEWI","LEWI.AOS.groundwater.well.008","LEWI.W8.20170308.FIL",,"2017-03-08T16:12Z","2017-03-08T16:12Z","EcoCore_CSU","F",0.1497,"milligramsPerLiter",4.0,,0,"formatChange|legacyData","GOOD"
"1e7e3d47-b6ff-4073-9afa-22105786a0f4","D02","LEWI","LEWI.AOS.groundwater.well.008","LEWI.W8.20170308.FIL",,"2017-03-08T16:12Z","2017-03-08T16:12Z","EcoCore_CSU","SO4",15.7701,"milligramsPerLiter",4.0,,0,"formatChange|legacyData","GOOD"
"c2f94fcd-92bd-4787-a012-5cc226076eb7","D02","LEWI","LEWI.AOS.groundwater.well.008","LEWI.W8.20170308.FIL",,"2017-03-08T16:12Z","2017-03-08T16:12Z","EcoCore_CSU","Br",0.0050,"milligramsPerLiter",4.0,,0,"formatChange|legacyData","GOOD"
"338553bb-009c-49b5-8278-988ea1ae994f","D02","LEWI","LEWI.AOS.groundwater.well.008","LEWI.W8.20170308.RAW",,"2017-03-08T16:12Z","2017-03-08T16:12Z","EcoCore_CSU","TSS",4.0000,"milligramsPerLiter",4.0,,0,"formatChange|legacyData","GOOD"
"a0572933-7faa-4131-a8c5-5bfb5903d498","D02","LEWI","LEWI.AOS.groundwater.well.008","LEWI.W8.20170308.FIL",,"2017-03-08T16:12Z","2017-03-08T16:12Z","EcoCore_CSU","TDS",579.3000,"milligramsPerLiter",4.0,,0,"formatChange|legacyData","GOOD"
"ed9b9cbd-0c98-429c-9172-54cd5aca7106","D02","LEWI","LEWI.AOS.groundwater.well.008","LEWI.W8.20170308.RAW",,"2017-03-08T16:12Z","2017-03-08T16:12Z","EcoCore_CSU","TSS - Dry Mass",100.0000,"microgram",4.0,,0,"formatChange|legacyData","GOOD"
"3e4b8942-b22b-4086-b762-b3ffd2d3993b","D02","LEWI","LEWI.AOS.groundwater.well.008","LEWI.W8.20170308.PCN",,"2017-03-08T16:12Z","2017-03-08T16:12Z","EcoCore_CSU","TPC",0.3130,"milligram",4.0,,0,"formatChange|legacyData","GOOD"
"8bdfaaa5-b4a8-4db6-bd3f-7c1b9d50acb8","D02","LEWI","LEWI.AOS.groundwater.well.008","LEWI.W8.20170308.FIL",,"2017-03-08T16:12Z","2017-03-08T16:12Z","EcoCore_CSU","TDN",0.2915,"milligramsPerLiter",4.0,,0,"formatChange|legacyData","GOOD"
"d3ad72c5-e5c4-4530-a1da-2b4190caf57b","D02","LEWI","LEWI.AOS.groundwater.well.008","LEWI.W8.20170308.FIL",,"2017-03-08T16:12Z","2017-03-08T16:12Z","EcoCore_CSU","Mg",15.8976,"milligramsPerLiter",4.0,,0,"formatChange|legacyData","GOOD"
"3ddac228-f3c0-485b-a85c-121bf7e2fcbb","D02","LEWI","LEWI.AOS.groundwater.well.008","LEWI.W8.20170308.FIL",,"2017-03-08T16:12Z","2017-03-08T16:12Z","EcoCore_CSU","UV Absorbance (280 nm)",0.0576,,4.0,,0,"formatChange|legacyData","GOOD"
"151f617c-a3c0-4bee-9c7e-919178afaa0b","D02","LEWI","LEWI.AOS.groundwater.well.008","LEWI.W8.20170308.FIL",,"2017-03-08T16:12Z","2017-03-08T16:12Z","EcoCore_CSU","Si",3.9958,"milligramsPerLiter",4.0,,0,"formatChange|legacyData","GOOD"
"a02d1b65-3dde-4234-91d5-b6f5472554fb","D02","LEWI","LEWI.AOS.groundwater.well.008","LEWI.W8.20170308.FIL",,"2017-03-08T16:12Z","2017-03-08T16:12Z","EcoCore_CSU","TDP",0.0025,"milligramsPerLiter",4.0,,0,"formatChange|legacyData","GOOD"
"ca84b583-30fe-401d-9215-e5f965b45fd1","D02","LEWI","LEWI.AOS.groundwater.well.008","LEWI.W8.20170308.FIL",,"2017-03-08T16:12Z","2017-03-08T16:12Z","EcoCore_CSU","Ca",145.4885,"milligramsPerLiter",4.0,,0,"formatChange|legacyData","GOOD"
"1afd6af6-7916-4e51-bc35-683741f1901b","D02","LEWI","LEWI.AOS.groundwater.well.008","LEWI.W8.20170308.FIL",,"2017-03-08T16:12Z","2017-03-08T16:12Z","EcoCore_CSU","UV Absorbance (250 nm)",0.0695,,4.0,,0,"formatChange|legacyData","GOOD"
"f8ca5098-a261-4ff4-8d06-972e950a5558","D02","LEWI","LEWI.AOS.groundwater.well.008","LEWI.W8.20170308.FIL",,"2017-03-08T16:12Z","2017-03-08T16:12Z","EcoCore_CSU","Cl",13.4723,"milligramsPerLiter",4.0,,0,"formatChange|legacyData","GOOD"
"a0b8c5da-5c6a-47f8-87f7-48ac95bda9e3","D02","LEWI","LEWI.AOS.groundwater.well.008","LEWI.W8.20170308.FIL",,"2017-03-08T16:12Z","2017-03-08T16:12Z","EcoCore_CSU","Fe",1.7373,"milligramsPerLiter",4.0,,0,"formatChange|legacyData","GOOD"
"7acb9566-4d47-468c-9c1b-84ecc5c65b36","D02","LEWI","LEWI.AOS.groundwater.well.008","LEWI.W8.20170308.RAW",,"2017-03-08T16:12Z","2017-03-08T16:12Z","EcoCore_CSU","pH",7.2100,"pH",4.0,,0,"formatChange|legacyData","GOOD"
"e820301e-3bfe-424f-8755-e84ac7e0a63f","D02","LEWI","LEWI.AOS.groundwater.well.008","LEWI.W8.20170308.FIL",,"2017-03-08T16:12Z","2017-03-08T16:12Z","EcoCore_CSU","NO2 - N",0.0120,"milligramsPerLiter",4.0,,0,"formatChange|legacyData","GOOD"
"860e912c-ea1a-436c-a190-d7f53cb8272b","D02","LEWI","LEWI.AOS.groundwater.well.008","LEWI.W8.20170308.PCN",,"2017-03-08T16:12Z","2017-03-08T16:12Z","EcoCore_CSU","TPN",0.0615,"milligram",4.0,,0,"formatChange|legacyData","GOOD"
"f0f21791-d99c-4517-a14f-385b629f0e3c","D02","LEWI","LEWI.AOS.groundwater.well.008","LEWI.W8.20170308.FIL",,"2017-03-08T16:12Z","2017-03-08T16:12Z","EcoCore_CSU","K",1.1432,"milligramsPerLiter",4.0,,0,"formatChange|legacyData","GOOD"
"04f08a7e-9231-4261-9b88-7423da779c3f","D02","LEWI","LEWI.AOS.groundwater.well.008","LEWI.W8.20170308.FIL",,"2017-03-08T16:12Z","2017-03-08T16:12Z","EcoCore_CSU","CO3",0.0050,"milligramsPerLiter",4.0,,0,"formatChange|legacyData","GOOD"
"663d15a1-69a8-46fd-8859-4488aad51d48","D02","LEWI","LEWI.AOS.groundwater.well.008","LEWI.W8.20170308.FIL",,"2017-03-08T16:12Z","2017-03-08T16:12Z","EcoCore_CSU","NH4 - N",0.1750,"milligramsPerLiter",4.0,,0,"formatChange|legacyData","GOOD"
"1d87b03f-8287-4342-8a5a-93f5296bd204","D02","LEWI","LEWI.AOS.groundwater.well.008","LEWI.W8.20170308.RAW",,"2017-03-08T16:12Z","2017-03-08T16:12Z","EcoCore_CSU","TN",0.3159,"milligramsPerLiter",4.0,,0,"formatChange|legacyData","GOOD"
"78a90941-d817-428a-90c3-14ffa24f02db","D02","LEWI","LEWI.AOS.groundwater.well.008","LEWI.W8.20170308.RAW",,"2017-03-08T16:12Z","2017-03-08T16:12Z","EcoCore_CSU","conductivity",820.1800,"microsiemensPerCentimeter",4.0,,0,"formatChange|legacyData","GOOD"
"c6ef751d-0364-4000-ad27-123fb36c5652","D02","LEWI","LEWI.AOS.groundwater.well.008","LEWI.W8.20170308.FIL",,"2017-03-08T16:12Z","2017-03-08T16:12Z","EcoCore_CSU","DIC",105.7200,"milligramsPerLiter",4.0,,0,"formatChange|legacyData","GOOD"
"d7b3ebe0-7354-4c21-abff-0f740bab6998","D02","LEWI","LEWI.AOS.groundwater.well.008","LEWI.W8.20170308.FIL",,"2017-03-08T16:12Z","2017-03-08T16:12Z","EcoCore_CSU","Ortho - P",0.0230,"milligramsPerLiter",4.0,,0,"formatChange|legacyData","GOOD"
"67b5b982-2e1d-446b-84fd-c1fc9493dea5","D02","LEWI","LEWI.AOS.groundwater.well.008","LEWI.W8.20170308.FIL",,"2017-03-08T16:12Z","2017-03-08T16:12Z","EcoCore_CSU","NO3+NO2 - N",0.0280,"milligramsPerLiter",4.0,,0,"formatChange|legacyData","GOOD"
"f80e10c5-1ff0-4c5a-b229-2b2cf345d5f8","D02","LEWI","LEWI.AOS.groundwater.well.006","LEWI.W6.20170308.RAW",,"2017-03-08T17:20Z","2017-03-08T17:20Z","EcoCore_CSU","TSS - Dry Mass",900.0000,"microgram",4.0,,0,"formatChange|legacyData","GOOD"
"e38a457e-fee6-43a5-b3ca-119feac66e13","D02","LEWI","LEWI.AOS.groundwater.well.006","LEWI.W6.20170308.FIL",,"2017-03-08T17:20Z","2017-03-08T17:20Z","EcoCore_CSU","NO3+NO2 - N",0.0080,"milligramsPerLiter",4.0,,0,"formatChange|legacyData","GOOD"
"3831c89c-ae8b-4605-a65f-869727936b18","D02","LEWI","LEWI.AOS.groundwater.well.006","LEWI.W6.20170308.FIL",,"2017-03-08T17:20Z","2017-03-08T17:20Z","EcoCore_CSU","HCO3",443.5600,"milligramsPerLiter",4.0,,0,"formatChange|legacyData","GOOD"
"d3924ba1-488d-41a0-914b-56a0b6bda5e6","D02","LEWI","LEWI.AOS.groundwater.well.006","LEWI.W6.20170308.RAW",,"2017-03-08T17:20Z","2017-03-08T17:20Z","EcoCore_CSU","TOC",1.3080,"milligramsPerLiter",4.0,,0,"formatChange|legacyData","GOOD"
"6a4e465f-c799-4f6f-9937-a17a61c064e4","D02","LEWI","LEWI.AOS.groundwater.well.006","LEWI.W6.20170308.FIL",,"2017-03-08T17:20Z","2017-03-08T17:20Z","EcoCore_CSU","NH4 - N",0.0040,"milligramsPerLiter",4.0,,0,"formatChange|legacyData","GOOD"
"4ca88065-776a-4c14-86a4-5e14ccb025ad","D02","LEWI","LEWI.AOS.groundwater.well.006","LEWI.W6.20170308.FIL",,"2017-03-08T17:20Z","2017-03-08T17:20Z","EcoCore_CSU","UV Absorbance (280 nm)",0.0318,,4.0,,0,"formatChange|legacyData","GOOD"
"514805fc-d2a4-47c2-b57d-9f6335628e98","D02","LEWI","LEWI.AOS.groundwater.well.006","LEWI.W6.20170308.RAW",,"2017-03-08T17:20Z","2017-03-08T17:20Z","EcoCore_CSU","TN",0.2377,"milligramsPerLiter",4.0,,0,"formatChange|legacyData","GOOD"
"9ef0b0ca-bf11-479d-a117-23eea47292a7","D02","LEWI","LEWI.AOS.groundwater.well.006","LEWI.W6.20170308.FIL",,"2017-03-08T17:20Z","2017-03-08T17:20Z","EcoCore_CSU","F",0.2804,"milligramsPerLiter",4.0,,0,"formatChange|legacyData","GOOD"
"44f61b1e-4186-4f35-b166-77bfd747d7c6","D02","LEWI","LEWI.AOS.groundwater.well.006","LEWI.W6.20170308.FIL",,"2017-03-08T17:20Z","2017-03-08T17:20Z","EcoCore_CSU","DOC",0.9726,"milligramsPerLiter",4.0,,0,"formatChange|legacyData","GOOD"
"0a171ff9-cd73-4ac0-a6ec-b1bec44db1fd","D02","LEWI","LEWI.AOS.groundwater.well.006","LEWI.W6.20170308.RAW",,"2017-03-08T17:20Z","2017-03-08T17:20Z","EcoCore_CSU","ANC",7.6930,"milliequivalentsPerLiter",4.0,,0,"formatChange|legacyData","GOOD"
"94c771a0-9411-4e9f-8261-ef0ee6624d1b","D02","LEWI","LEWI.AOS.groundwater.well.006","LEWI.W6.20170308.FIL",,"2017-03-08T17:20Z","2017-03-08T17:20Z","EcoCore_CSU","UV Absorbance (250 nm)",0.0383,,4.0,,0,"formatChange|legacyData","GOOD"
"2c50b928-67c0-450c-9ef1-e592169dae89","D02","LEWI","LEWI.AOS.groundwater.well.006","LEWI.W6.20170308.FIL",,"2017-03-08T17:20Z","2017-03-08T17:20Z","EcoCore_CSU","Cl",14.9692,"milligramsPerLiter",4.0,,0,"formatChange|legacyData","GOOD"
"44a53300-7141-45bc-8d2f-b7efc650cc4b","D02","LEWI","LEWI.AOS.groundwater.well.006","LEWI.W6.20170308.RAW",,"2017-03-08T17:20Z","2017-03-08T17:20Z","EcoCore_CSU","TP",0.0080,"milligramsPerLiter",4.0,,0,"formatChange|legacyData","GOOD"
"4536459d-baa1-4a21-b8d2-f2f2a01edd86","D02","LEWI","LEWI.AOS.groundwater.well.006","LEWI.W6.20170308.PCN",,"2017-03-08T17:20Z","2017-03-08T17:20Z","EcoCore_CSU","TPC",0.3562,"milligram",4.0,,0,"formatChange|legacyData","GOOD"
"abfa3343-10cb-417f-8596-e0c403f92b3a","D02","LEWI","LEWI.AOS.groundwater.well.006","LEWI.W6.20170308.PCN",,"2017-03-08T17:20Z","2017-03-08T17:20Z","EcoCore_CSU","TPN",0.1235,"milligram",4.0,,0,"formatChange|legacyData","GOOD"
"84bda0e3-d2d3-4cf0-8491-05a1dc88e564","D02","LEWI","LEWI.AOS.groundwater.well.006","LEWI.W6.20170308.FIL",,"2017-03-08T17:20Z","2017-03-08T17:20Z","EcoCore_CSU","TDS",564.3000,"milligramsPerLiter",4.0,,0,"formatChange|legacyData","GOOD"
"c433fc2d-2294-49a6-b87d-0aff74abdb79","D02","LEWI","LEWI.AOS.groundwater.well.006","LEWI.W6.20170308.FIL",,"2017-03-08T17:20Z","2017-03-08T17:20Z","EcoCore_CSU","SO4",17.5751,"milligramsPerLiter",4.0,,0,"formatChange|legacyData","GOOD"
"454f2c76-93a6-410e-9077-207590ddc206","D02","LEWI","LEWI.AOS.groundwater.well.006","LEWI.W6.20170308.RAW",,"2017-03-08T17:20Z","2017-03-08T17:20Z","EcoCore_CSU","conductivity",810.6400,"microsiemensPerCentimeter",4.0,,0,"formatChange|legacyData","GOOD"
"f977ca5d-3850-4d43-b426-e6a761d7f2e1","D02","LEWI","LEWI.AOS.groundwater.well.006","LEWI.W6.20170308.FIL",,"2017-03-08T17:20Z","2017-03-08T17:20Z","EcoCore_CSU","Br",0.0050,"milligramsPerLiter",4.0,,0,"formatChange|legacyData","GOOD"
"6bb6a08d-a318-433c-91db-d742bcc28c54","D02","LEWI","LEWI.AOS.groundwater.well.006","LEWI.W6.20170308.FIL",,"2017-03-08T17:20Z","2017-03-08T17:20Z","EcoCore_CSU","NO2 - N",0.0070,"milligramsPerLiter",4.0,,0,"formatChange|legacyData","GOOD"
"28ad8c69-66ab-4b94-8296-6ea9f40e6a18","D02","LEWI","LEWI.AOS.groundwater.well.006","LEWI.W6.20170308.FIL",,"2017-03-08T17:20Z","2017-03-08T17:20Z","EcoCore_CSU","TDN",0.2322,"milligramsPerLiter",4.0,,0,"formatChange|legacyData","GOOD"
"b3b1993c-c38b-4192-a707-985a3cb27f69","D02","LEWI","LEWI.AOS.groundwater.well.006","LEWI.W6.20170308.RAW",,"2017-03-08T17:20Z","2017-03-08T17:20Z","EcoCore_CSU","pH",7.3100,"pH",4.0,,0,"formatChange|legacyData","GOOD"
"9277e9d0-0fc3-4f57-949f-59b6ca2bd8d8","D02","LEWI","LEWI.AOS.groundwater.well.006","LEWI.W6.20170308.FIL",,"2017-03-08T17:20Z","2017-03-08T17:20Z","EcoCore_CSU","Si",5.8787,"milligramsPerLiter",4.0,,0,"formatChange|legacyData","GOOD"
"d9bcfcd7-93ff-411e-a2f1-cc944472d3e5","D02","LEWI","LEWI.AOS.groundwater.well.006","LEWI.W6.20170308.FIL",,"2017-03-08T17:20Z","2017-03-08T17:20Z","EcoCore_CSU","Ortho - P",0.0210,"milligramsPerLiter",4.0,,0,"formatChange|legacyData","GOOD"
"04863c48-0417-498b-b762-c85273c6aa48","D02","LEWI","LEWI.AOS.groundwater.well.006","LEWI.W6.20170308.FIL",,"2017-03-08T17:20Z","2017-03-08T17:20Z","EcoCore_CSU","Mg",27.2204,"milligramsPerLiter",4.0,,0,"formatChange|legacyData","GOOD"
"b7a226cf-24b4-4889-bff1-57d7c1527f50","D02","LEWI","LEWI.AOS.groundwater.well.006","LEWI.W6.20170308.FIL",,"2017-03-08T17:20Z","2017-03-08T17:20Z","EcoCore_CSU","DIC",95.2800,"milligramsPerLiter",4.0,,0,"formatChange|legacyData","GOOD"
"3576591f-7e9d-4d04-9579-d6bd30d20e17","D02","LEWI","LEWI.AOS.groundwater.well.006","LEWI.W6.20170308.FIL",,"2017-03-08T17:20Z","2017-03-08T17:20Z","EcoCore_CSU","CO3",0.0050,"milligramsPerLiter",4.0,,0,"formatChange|legacyData","GOOD"
"dc568938-76a3-420d-9621-630e0da2f679","D02","LEWI","LEWI.AOS.groundwater.well.006","LEWI.W6.20170308.RAW",,"2017-03-08T17:20Z","2017-03-08T17:20Z","EcoCore_CSU","TSS",36.0000,"milligramsPerLiter",4.0,,0,"formatChange|legacyData","GOOD"
"9144e6d5-b682-4920-88f5-b9a6b20f8b2d","D02","LEWI","LEWI.AOS.groundwater.well.006","LEWI.W6.20170308.FIL",,"2017-03-08T17:20Z","2017-03-08T17:20Z","EcoCore_CSU","Ca",113.2775,"milligramsPerLiter",4.0,,0,"formatChange|legacyData","GOOD"
"ebbf6a5c-1631-4a3d-9bf6-3deecf4eb840","D02","LEWI","LEWI.AOS.groundwater.well.006","LEWI.W6.20170308.FIL",,"2017-03-08T17:20Z","2017-03-08T17:20Z","EcoCore_CSU","Mn",1.3328,"milligramsPerLiter",4.0,,0,"formatChange|legacyData","GOOD"
"51c7a0ab-9ec9-46c6-8a9c-942a19438a7d","D02","LEWI","LEWI.AOS.groundwater.well.006","LEWI.W6.20170308.FIL",,"2017-03-08T17:20Z","2017-03-08T17:20Z","EcoCore_CSU","TDP",0.0050,"milligramsPerLiter",4.0,,0,"formatChange|legacyData","GOOD"
"4920f97b-9eea-47c1-8e2a-4950c872410e","D02","LEWI","LEWI.AOS.groundwater.well.006","LEWI.W6.20170308.FIL",,"2017-03-08T17:20Z","2017-03-08T17:20Z","EcoCore_CSU","Na",4.3638,"milligramsPerLiter",4.0,,0,"formatChange|legacyData","GOOD"
"4b30d807-99de-4de7-843c-473c5d45e0d9","D02","LEWI","LEWI.AOS.groundwater.well.006","LEWI.W6.20170308.FIL",,"2017-03-08T17:20Z","2017-03-08T17:20Z","EcoCore_CSU","Fe",0.8097,"milligramsPerLiter",4.0,,0,"formatChange|legacyData","GOOD"
"d2ec8f84-c69e-4ccc-9a67-d696d1fb5860","D02","LEWI","LEWI.AOS.groundwater.well.006","LEWI.W6.20170308.FIL",,"2017-03-08T17:20Z","2017-03-08T17:20Z","EcoCore_CSU","K",0.8912,"milligramsPerLiter",4.0,,0,"formatChange|legacyData","GOOD"
"b7a89424-c812-4f5c-ab52-493edbf8416a","D02","LEWI","LEWI.AOS.groundwater.well.003","LEWI.W3.20170308.FIL",,"2017-03-08T18:49Z","2017-03-08T18:49Z","EcoCore_CSU","TDN",0.4214,"milligramsPerLiter",4.0,,0,"formatChange|legacyData","GOOD"
"efb8a19a-d39c-48be-9f92-30c3c33e1ac2","D02","LEWI","LEWI.AOS.groundwater.well.003","LEWI.W3.20170308.FIL",,"2017-03-08T18:49Z","2017-03-08T18:49Z","EcoCore_CSU","CO3",0.0050,"milligramsPerLiter",4.0,,0,"formatChange|legacyData","GOOD"
"3003a8ee-6ea6-4843-a825-4a8ee14879fa","D02","LEWI","LEWI.AOS.groundwater.well.003","LEWI.W3.20170308.FIL",,"2017-03-08T18:49Z","2017-03-08T18:49Z","EcoCore_CSU","K",1.2907,"milligramsPerLiter",4.0,,0,"formatChange|legacyData","GOOD"
"cd82436f-3949-4734-8fbf-15e559ae7d18","D02","LEWI","LEWI.AOS.groundwater.well.003","LEWI.W3.20170308.FIL",,"2017-03-08T18:49Z","2017-03-08T18:49Z","EcoCore_CSU","Fe",0.0206,"milligramsPerLiter",4.0,,0,"formatChange|legacyData","GOOD"
"fbbc8cae-7a1a-43b8-a823-5bdce9c7823e","D02","LEWI","LEWI.AOS.groundwater.well.003","LEWI.W3.20170308.RAW",,"2017-03-08T18:49Z","2017-03-08T18:49Z","EcoCore_CSU","ANC",6.9520,"milliequivalentsPerLiter",4.0,,0,"formatChange|legacyData","GOOD"
"76775ca7-685f-4b7d-932e-a74cf428e525","D02","LEWI","LEWI.AOS.groundwater.well.003","LEWI.W3.20170308.PCN",,"2017-03-08T18:49Z","2017-03-08T18:49Z","EcoCore_CSU","TPN",0.0910,"milligram",4.0,,0,"formatChange|legacyData","GOOD"
"f86fa724-b0bc-45e7-be6e-d50ccfb09311","D02","LEWI","LEWI.AOS.groundwater.well.003","LEWI.W3.20170308.RAW",,"2017-03-08T18:49Z","2017-03-08T18:49Z","EcoCore_CSU","conductivity",633.9400,"microsiemensPerCentimeter",4.0,,0,"formatChange|legacyData","GOOD"
"a986f34a-1c8e-427d-821d-a8bd3e2ebcb7","D02","LEWI","LEWI.AOS.groundwater.well.003","LEWI.W3.20170308.FIL",,"2017-03-08T18:49Z","2017-03-08T18:49Z","EcoCore_CSU","TDS",441.1000,"milligramsPerLiter",4.0,,0,"formatChange|legacyData","GOOD"
"64839812-7315-4156-ad04-d454f3c97c23","D02","LEWI","LEWI.AOS.groundwater.well.003","LEWI.W3.20170308.FIL",,"2017-03-08T18:49Z","2017-03-08T18:49Z","EcoCore_CSU","DIC",79.6400,"milligramsPerLiter",4.0,,0,"formatChange|legacyData","GOOD"
"0dc80a2f-7d4a-4e5d-9d3f-ccbab08a465f","D02","LEWI","LEWI.AOS.groundwater.well.003","LEWI.W3.20170308.FIL",,"2017-03-08T18:49Z","2017-03-08T18:49Z","EcoCore_CSU","NO2 - N",0.0170,"milligramsPerLiter",4.0,,0,"formatChange|legacyData","GOOD"
"152dc29a-819f-409d-9814-4e7b615bfb1c","D02","LEWI","LEWI.AOS.groundwater.well.003","LEWI.W3.20170308.FIL",,"2017-03-08T18:49Z","2017-03-08T18:49Z","EcoCore_CSU","SO4",15.0478,"milligramsPerLiter",4.0,,0,"formatChange|legacyData","GOOD"
"8bab1c98-40f0-426f-b2c6-049fdd6586dc","D02","LEWI","LEWI.AOS.groundwater.well.003","LEWI.W3.20170308.PCN",,"2017-03-08T18:49Z","2017-03-08T18:49Z","EcoCore_CSU","TPC",0.4025,"milligram",4.0,,0,"formatChange|legacyData","GOOD"
"1c957bc7-5ecf-4e8a-9cf9-6b8cf15773ce","D02","LEWI","LEWI.AOS.groundwater.well.003","LEWI.W3.20170308.FIL",,"2017-03-08T18:49Z","2017-03-08T18:49Z","EcoCore_CSU","NH4 - N",0.0410,"milligramsPerLiter",4.0,,0,"formatChange|legacyData","GOOD"
"75630f73-a758-45ac-9350-c5d25ee3f61c","D02","LEWI","LEWI.AOS.groundwater.well.003","LEWI.W3.20170308.FIL",,"2017-03-08T18:49Z","2017-03-08T18:49Z","EcoCore_CSU","Si",5.3403,"milligramsPerLiter",4.0,,0,"formatChange|legacyData","GOOD"
"d8e1d8a0-c3bb-425f-9543-9743647a4db3","D02","LEWI","LEWI.AOS.groundwater.well.003","LEWI.W3.20170308.FIL",,"2017-03-08T18:49Z","2017-03-08T18:49Z","EcoCore_CSU","Ortho - P",0.0210,"milligramsPerLiter",4.0,,0,"formatChange|legacyData","GOOD"
"660844fd-f545-48ea-83d2-8fba2229398e","D02","LEWI","LEWI.AOS.groundwater.well.003","LEWI.W3.20170308.RAW",,"2017-03-08T18:49Z","2017-03-08T18:49Z","EcoCore_CSU","TP",0.0050,"milligramsPerLiter",4.0,,0,"formatChange|legacyData","GOOD"
"00b7c4fd-70f3-4bc8-b78a-a1101bcf46dd","D02","LEWI","LEWI.AOS.groundwater.well.003","LEWI.W3.20170308.FIL",,"2017-03-08T18:49Z","2017-03-08T18:49Z","EcoCore_CSU","Br",0.0050,"milligramsPerLiter",4.0,,0,"formatChange|legacyData","GOOD"
"88c43729-1b91-4e15-a13e-8411b63e7d20","D02","LEWI","LEWI.AOS.groundwater.well.003","LEWI.W3.20170308.FIL",,"2017-03-08T18:49Z","2017-03-08T18:49Z","EcoCore_CSU","NO3+NO2 - N",0.1790,"milligramsPerLiter",4.0,,0,"formatChange|legacyData","GOOD"
"5e3f360c-73c3-4f1c-8fa6-36c9ff7d2f13","D02","LEWI","LEWI.AOS.groundwater.well.003","LEWI.W3.20170308.FIL",,"2017-03-08T18:49Z","2017-03-08T18:49Z","EcoCore_CSU","DOC",0.8035,"milligramsPerLiter",4.0,,0,"formatChange|legacyData","GOOD"
"47a1dfda-abe8-4525-8d86-193da01711f5","D02","LEWI","LEWI.AOS.groundwater.well.003","LEWI.W3.20170308.RAW",,"2017-03-08T18:49Z","2017-03-08T18:49Z","EcoCore_CSU","pH",7.3600,"pH",4.0,,0,"formatChange|legacyData","GOOD"
"66d0f09e-91ae-45ee-8554-d875ecf9a880","D02","LEWI","LEWI.AOS.groundwater.well.003","LEWI.W3.20170308.RAW",,"2017-03-08T18:49Z","2017-03-08T18:49Z","EcoCore_CSU","TSS",0.0000,"milligramsPerLiter",4.0,,0,"formatChange|legacyData","GOOD"
"1a6d348f-58db-47ed-9b16-2a24143b2845","D02","LEWI","LEWI.AOS.groundwater.well.003","LEWI.W3.20170308.FIL",,"2017-03-08T18:49Z","2017-03-08T18:49Z","EcoCore_CSU","Na",2.5733,"milligramsPerLiter",4.0,,0,"formatChange|legacyData","GOOD"
"28ad4c3b-bb53-4087-bb1a-7d5a09374c0e","D02","LEWI","LEWI.AOS.groundwater.well.003","LEWI.W3.20170308.RAW",,"2017-03-08T18:49Z","2017-03-08T18:49Z","EcoCore_CSU","TN",0.3527,"milligramsPerLiter",4.0,,0,"formatChange|legacyData","GOOD"
"b9fbdb71-b5bc-4f1f-a437-8fe11958c236","D02","LEWI","LEWI.AOS.groundwater.well.003","LEWI.W3.20170308.FIL",,"2017-03-08T18:49Z","2017-03-08T18:49Z","EcoCore_CSU","F",0.1762,"milligramsPerLiter",4.0,,0,"formatChange|legacyData","GOOD"
"568f2e08-9402-4d02-9219-9e6d203a77c4","D02","LEWI","LEWI.AOS.groundwater.well.003","LEWI.W3.20170308.FIL",,"2017-03-08T18:49Z","2017-03-08T18:49Z","EcoCore_CSU","Mn",1.9810,"milligramsPerLiter",4.0,,0,"formatChange|legacyData","GOOD"
"3a351e5d-1e61-4c87-aca4-e91ec3f3f422","D02","LEWI","LEWI.AOS.groundwater.well.003","LEWI.W3.20170308.RAW",,"2017-03-08T18:49Z","2017-03-08T18:49Z","EcoCore_CSU","TSS - Dry Mass",0.0000,"microgram",4.0,,0,"formatChange|legacyData","GOOD"
"bf8f9001-9f40-4ec7-b3f0-71dc6b63d6a8","D02","LEWI","LEWI.AOS.groundwater.well.003","LEWI.W3.20170308.FIL",,"2017-03-08T18:49Z","2017-03-08T18:49Z","EcoCore_CSU","UV Absorbance (280 nm)",0.0136,,4.0,,0,"formatChange|legacyData","GOOD"
"42e70a3d-58a9-4761-bfa8-89ad37034829","D02","LEWI","LEWI.AOS.groundwater.well.003","LEWI.W3.20170308.FIL",,"2017-03-08T18:49Z","2017-03-08T18:49Z","EcoCore_CSU","TDP",0.0025,"milligramsPerLiter",4.0,,0,"formatChange|legacyData","GOOD"
"3ecaaa94-249d-4590-a2b8-384321a9e560","D02","LEWI","LEWI.AOS.groundwater.well.003","LEWI.W3.20170308.FIL",,"2017-03-08T18:49Z","2017-03-08T18:49Z","EcoCore_CSU","HCO3",382.4900,"milligramsPerLiter",4.0,,0,"formatChange|legacyData","GOOD"
"4e5c3ad8-053f-4e87-b44b-521a9627f32c","D02","LEWI","LEWI.AOS.groundwater.well.003","LEWI.W3.20170308.FIL",,"2017-03-08T18:49Z","2017-03-08T18:49Z","EcoCore_CSU","Mg",21.1906,"milligramsPerLiter",4.0,,0,"formatChange|legacyData","GOOD"
"4750483d-75d3-4ff6-b775-ae2401050c64","D02","LEWI","LEWI.AOS.groundwater.well.003","LEWI.W3.20170308.RAW",,"2017-03-08T18:49Z","2017-03-08T18:49Z","EcoCore_CSU","TOC",0.5569,"milligramsPerLiter",4.0,,0,"formatChange|legacyData","GOOD"
"f29aa7d8-6e7d-4696-84b6-169e40ae2b84","D02","LEWI","LEWI.AOS.groundwater.well.003","LEWI.W3.20170308.FIL",,"2017-03-08T18:49Z","2017-03-08T18:49Z","EcoCore_CSU","UV Absorbance (250 nm)",0.0148,,4.0,,0,"formatChange|legacyData","GOOD"
"fd9933fa-5bdd-4ed7-b7c5-f6efe166a80d","D02","LEWI","LEWI.AOS.groundwater.well.003","LEWI.W3.20170308.FIL",,"2017-03-08T18:49Z","2017-03-08T18:49Z","EcoCore_CSU","Ca",97.8087,"milligramsPerLiter",4.0,,0,"formatChange|legacyData","GOOD"
"feeb7a4f-cc36-4892-908d-348a31452427","D02","LEWI","LEWI.AOS.groundwater.well.003","LEWI.W3.20170308.FIL",,"2017-03-08T18:49Z","2017-03-08T18:49Z","EcoCore_CSU","Cl",8.4028,"milligramsPerLiter",4.0,,0,"formatChange|legacyData","GOOD"
