uid,domainID,siteID,namedLocation,collectDate,titrationDate,parentSampleID,domainSampleID,remarks,measuredBy,alkMeqPerL,alkMgPerL,ancMeqPerL,ancMgPerL
"d0d4aafc-8551-420e-b3c3-7a6e169a2d53","D03","BARC","BARC.AOS.groundwater.well.001","2018-10-03T14:04Z","2018-10-04T13:02Z","BARC.W1.20181003","BARC.W1.20181003.ALK",,"ksandusky@battelleecology.org",0.000,0.050,,
"8a74c193-8f7d-44e8-9e99-711c107b60e7","D03","BARC","BARC.AOS.groundwater.well.005","2018-10-03T17:06Z","2018-10-04T13:02Z","BARC.W5.20181003","BARC.W5.20181003.ALK",,"ksandusky@battelleecology.org",0.000,0.050,,
"723347e9-24e0-485e-a2ea-f8393c18d6fa","D03","BARC","BARC.AOS.groundwater.well.008","2018-10-04T13:42Z","2018-10-04T18:46Z","BARC.W8.20181004","BARC.W8.20181004.ALK",,"biwaniec@battelleecology.org",-0.010,-0.440,,
"0d2a8dc6-f28d-4f93-946e-7f14f56113a0","D03","BARC","BARC.AOS.groundwater.well.006","2018-10-04T14:53Z","2018-10-04T19:06Z","BARC.W6.20181004","BARC.W6.20181004.ALK",,"biwaniec@battelleecology.org",-0.030,-1.490,,
