uid,domainID,siteID,namedLocation,collectDate,parentSampleID,sampleCondition,sampleID,replicateNumber,gwwDICBubbleFree,gwwFiltSampleHeadspace,gwwAlkSampleHeadspace,gwwAlkSampleBubbleFree,processedDate,processedDateFilters,sampleVolumeFiltered,shipmentTimeRange
"6e054e4d-36f0-4c50-8c50-d9a3095bf4a0","D03","BARC","BARC.AOS.groundwater.well.001","2018-10-03T14:04Z","BARC.W1.20181003","Sample condition ok","BARC.W1.20181003",1,,,,,"2018-10-03T14:04Z","2018-10-03T14:04Z",200.0,
"b7bbbbdb-5b76-4afd-b241-58d4a4a8157b","D03","BARC","BARC.AOS.groundwater.well.005","2018-10-03T17:06Z","BARC.W5.20181003","Sample condition ok","BARC.W5.20181003",1,,,,,"2018-10-03T17:06Z","2018-10-03T17:06Z",200.0,
"7111bdd5-a6a2-45c9-87da-2a3508629f88","D03","BARC","BARC.AOS.groundwater.well.008","2018-10-04T13:42Z","BARC.W8.20181004","Sample condition ok","BARC.W8.20181004",1,,,,,"2018-10-04T13:42Z","2018-10-04T13:42Z",200.0,
"31598395-d367-406b-8247-b729144aba7e","D03","BARC","BARC.AOS.groundwater.well.006","2018-10-04T14:53Z","BARC.W6.20181004","Sample condition ok","BARC.W6.20181004",1,,,,,"2018-10-04T14:53Z","2018-10-04T14:53Z",300.0,
