uid,domainID,siteID,namedLocation,decimalLatitude,decimalLongitude,coordinateUncertainty,elevation,elevationUncertainty,geodeticDatum,collectDate,aquaticSiteType,samplingImpractical,waterChemSamplesCollected,adequateSampleVol,parentSampleID,eventID,swcSamplingProtocolVersion,sampleExtractionMethod,samplerType,totalWellDepth,wellWaterDepth,waterColumnHeight,sampleDepth,purgeAverageDischargeRate,purgeTime,gwWellStabilized,purgeDryDateTime,pumpPlacementDate,screenedIntervalDepth,maxAllowableDrawdown,actualDrawdown,MADExceeded,wellVolumePurged,probeIDUnavailable,dissolvedOxygen,dissolvedOxygenSaturation,specificConductance,waterTemp,pH,waterClarityDescrip,waterColorDescrip,aCollectedBy,bCollectedBy,remarks
"ae00cd31-0fe3-4f9a-8d4f-31ba50ffa2fb","D03","BARC","BARC.AOS.groundwater.well.001",29.678574,-82.008577,0.1,30.1,0.1,"WGS84","2018-10-03T14:04Z","lake",,,"Y","BARC.W1.20181003","BARC.20181003","NEON.DOC.002905vE","low-flow","Groundwater Pump",12.3,3.0,9.3,4.0,,,,,,,,,,5.8,,7.52,88.40,25.50,24.10,,"clear","colorless","kross@BattelleEcology.org","kludwig@battelleecology.org",
"ae396980-8e6e-4ddd-852a-1a8b28444f7e","D03","BARC","BARC.AOS.groundwater.well.005",29.674046,-82.007170,0.1,29.9,0.1,"WGS84","2018-10-03T17:06Z","lake",,,"Y","BARC.W5.20181003","BARC.20181003","NEON.DOC.002905vE","low-flow","Groundwater Pump",11.6,3.5,8.0,4.5,,,,,,,,,,1.8,,2.66,30.60,47.40,23.20,,"cloudy","colorless","kross@BattelleEcology.org","kludwig@battelleecology.org",
"2f38c24f-a1e4-4446-af8f-ceffef032baf","D03","BARC","BARC.AOS.groundwater.well.008",29.678049,-82.009175,0.1,30.3,0.1,"WGS84","2018-10-04T13:42Z","lake",,,"Y","BARC.W8.20181004","BARC.20181004","NEON.DOC.002905vE","low-flow","Groundwater Pump",13.3,3.3,10.0,4.3,,,,,,,,,,1.6,,6.82,80.20,29.70,23.90,,"clear","colorless","kross@BattelleEcology.org","kludwig@battelleecology.org",
"26f53b75-2d33-4fb4-9ad8-79f666790f1a","D03","BARC","BARC.AOS.groundwater.well.006",29.674068,-82.008257,0.1,29.6,0.1,"WGS84","2018-10-04T14:53Z","lake",,,"Y","BARC.W6.20181004","BARC.20181004","NEON.DOC.002905vE","low-flow","Groundwater Pump",9.2,2.9,6.4,3.9,,,,,,,,,,1.6,,5.86,67.40,43.60,24.90,,"clear","colorless","kross@BattelleEcology.org","kludwig@battelleecology.org",
