uid,domainID,siteID,namedLocation,sampleID,sampleCode,startDate,collectDate,laboratoryName,analyte,analyteConcentration,analyteUnits,coolerTemp,remarks,shipmentWarmQF,externalLabDataQF,sampleCondition
"761d225f-01ce-44cd-8c3d-be18ad057af3","D03","BARC","BARC.AOS.groundwater.well.001","BARC.W1.20181003.FIL","A00000005289","2018-10-03T14:04Z","2018-10-03T14:04Z","EcoCore_CSU","Cl",1.4600,"milligramsPerLiter",2.4,,0,"formatChange","GOOD"
"6d90ea68-711c-4688-87f4-8bfd0baa8354","D03","BARC","BARC.AOS.groundwater.well.001","BARC.W1.20181003.PCN","A00000005301","2018-10-03T14:04Z","2018-10-03T14:04Z","EcoCore_CSU","TPC",0.2434,"milligram",2.4,,0,"formatChange","GOOD"
"a4ca8810-41a5-44d4-b509-d0e9baa4cc61","D03","BARC","BARC.AOS.groundwater.well.001","BARC.W1.20181003.FIL","A00000005289","2018-10-03T14:04Z","2018-10-03T14:04Z","EcoCore_CSU","DOC",0.6668,"milligramsPerLiter",2.4,,0,"formatChange","GOOD"
"b492a56a-f52e-4649-9432-9c312b7bf159","D03","BARC","BARC.AOS.groundwater.well.001","BARC.W1.20181003.FIL","A00000005289","2018-10-03T14:04Z","2018-10-03T14:04Z","EcoCore_CSU","CO3",0.0050,"milligramsPerLiter",2.4,,0,"formatChange","GOOD"
"7ac4df19-4548-42e0-ad1a-a71e718460c3","D03","BARC","BARC.AOS.groundwater.well.001","BARC.W1.20181003.FIL","A00000005289","2018-10-03T14:04Z","2018-10-03T14:04Z","EcoCore_CSU","Ca",0.3642,"milligramsPerLiter",2.4,,0,"formatChange","GOOD"
"5f722f48-d5e4-4414-be11-8df2416ced29","D03","BARC","BARC.AOS.groundwater.well.001","BARC.W1.20181003.FIL","A00000005289","2018-10-03T14:04Z","2018-10-03T14:04Z","EcoCore_CSU","HCO3",4.3100,"milligramsPerLiter",2.4,,0,"formatChange","GOOD"
"233d13d2-85f9-4b54-aa89-1d4a3d88ddaf","D03","BARC","BARC.AOS.groundwater.well.001","BARC.W1.20181003.FIL","A00000005289","2018-10-03T14:04Z","2018-10-03T14:04Z","EcoCore_CSU","NH4 - N",0.0437,"milligramsPerLiter",2.4,,0,"formatChange","GOOD"
"34fde0a4-49fa-4f12-96b3-b6d1da087002","D03","BARC","BARC.AOS.groundwater.well.001","BARC.W1.20181003.FIL","A00000005289","2018-10-03T14:04Z","2018-10-03T14:04Z","EcoCore_CSU","K",0.0080,"milligramsPerLiter",2.4,,0,"formatChange","GOOD"
"b6fd38e2-770e-4b0c-be8d-c054268ae014","D03","BARC","BARC.AOS.groundwater.well.001","BARC.W1.20181003.FIL","A00000005289","2018-10-03T14:04Z","2018-10-03T14:04Z","EcoCore_CSU","Ortho - P",-0.0110,"milligramsPerLiter",2.4,,0,"formatChange","GOOD"
"d0bc8bc1-21d6-4075-af27-070d3bc494a0","D03","BARC","BARC.AOS.groundwater.well.001","BARC.W1.20181003.FIL","A00000005289","2018-10-03T14:04Z","2018-10-03T14:04Z","EcoCore_CSU","Br",0.0050,"milligramsPerLiter",2.4,,0,"formatChange","GOOD"
"6c82c341-030b-4e79-bdcc-238f122f514e","D03","BARC","BARC.AOS.groundwater.well.001","BARC.W1.20181003.FIL","A00000005289","2018-10-03T14:04Z","2018-10-03T14:04Z","EcoCore_CSU","NO2 - N",0.0229,"milligramsPerLiter",2.4,,0,"formatChange","GOOD"
"ffd68bf7-eeb8-4205-b038-e44410c48f21","D03","BARC","BARC.AOS.groundwater.well.001","BARC.W1.20181003.FIL","A00000005289","2018-10-03T14:04Z","2018-10-03T14:04Z","EcoCore_CSU","TDN",0.0786,"milligramsPerLiter",2.4,,0,"formatChange","GOOD"
"f0aa79bb-08dd-4bcf-9965-af4a2da6edb9","D03","BARC","BARC.AOS.groundwater.well.001","BARC.W1.20181003.RAW","A00000005285","2018-10-03T14:04Z","2018-10-03T14:04Z","EcoCore_CSU","TOC",0.6321,"milligramsPerLiter",2.4,,0,"formatChange","GOOD"
"cea6f8c2-627e-4971-bef6-e9f955842ebe","D03","BARC","BARC.AOS.groundwater.well.001","BARC.W1.20181003.FIL","A00000005289","2018-10-03T14:04Z","2018-10-03T14:04Z","EcoCore_CSU","Fe",0.0005,"milligramsPerLiter",2.4,,0,"formatChange","GOOD"
"aacec187-089f-4d36-8a62-a29eb7196a2e","D03","BARC","BARC.AOS.groundwater.well.001","BARC.W1.20181003.FIL","A00000005289","2018-10-03T14:04Z","2018-10-03T14:04Z","EcoCore_CSU","Na",1.7470,"milligramsPerLiter",2.4,,0,"formatChange","GOOD"
"fb1f6cca-5f11-4596-91d7-63ae6fd6ce12","D03","BARC","BARC.AOS.groundwater.well.001","BARC.W1.20181003.FIL","A00000005289","2018-10-03T14:04Z","2018-10-03T14:04Z","EcoCore_CSU","Mn",0.0005,"milligramsPerLiter",2.4,,0,"formatChange","GOOD"
"41b67b9f-d258-46a1-82aa-bbb4fdc96033","D03","BARC","BARC.AOS.groundwater.well.001","BARC.W1.20181003.RAW","A00000005285","2018-10-03T14:04Z","2018-10-03T14:04Z","EcoCore_CSU","TP",0.0078,"milligramsPerLiter",2.4,,0,"formatChange","GOOD"
"a15d5f4d-4712-4914-8b9a-651521143a89","D03","BARC","BARC.AOS.groundwater.well.001","BARC.W1.20181003.FIL","A00000005289","2018-10-03T14:04Z","2018-10-03T14:04Z","EcoCore_CSU","TDS",8.9500,"milligramsPerLiter",2.4,,0,"formatChange","GOOD"
"7fd24fd1-8c8f-4745-912a-d7d1a0ace9a9","D03","BARC","BARC.AOS.groundwater.well.001","BARC.W1.20181003.FIL","A00000005289","2018-10-03T14:04Z","2018-10-03T14:04Z","EcoCore_CSU","UV Absorbance (280 nm)",0.0162,,2.4,,0,"formatChange","GOOD"
"dc881749-f40c-4be6-a7bc-0c65759cc8c3","D03","BARC","BARC.AOS.groundwater.well.001","BARC.W1.20181003.FIL","A00000005289","2018-10-03T14:04Z","2018-10-03T14:04Z","EcoCore_CSU","Mg",0.3450,"milligramsPerLiter",2.4,,0,"formatChange","GOOD"
"8d9d7f49-32ac-438c-922c-3c7989e9185c","D03","BARC","BARC.AOS.groundwater.well.001","BARC.W1.20181003.FIL","A00000005289","2018-10-03T14:04Z","2018-10-03T14:04Z","EcoCore_CSU","SO4",0.5730,"milligramsPerLiter",2.4,,0,"formatChange","GOOD"
"ce709c0e-f396-4741-a895-279fe0094e34","D03","BARC","BARC.AOS.groundwater.well.001","BARC.W1.20181003.RAW","A00000005285","2018-10-03T14:04Z","2018-10-03T14:04Z","EcoCore_CSU","TN",0.0803,"milligramsPerLiter",2.4,,0,"formatChange","GOOD"
"edd4b1a0-16f1-449a-a1ad-e53acc56a069","D03","BARC","BARC.AOS.groundwater.well.001","BARC.W1.20181003.FIL","A00000005289","2018-10-03T14:04Z","2018-10-03T14:04Z","EcoCore_CSU","F",0.0050,"milligramsPerLiter",2.4,,0,"formatChange","GOOD"
"bc615f64-2ed0-4e00-bece-17f1ca50746a","D03","BARC","BARC.AOS.groundwater.well.001","BARC.W1.20181003.RAW","A00000005285","2018-10-03T14:04Z","2018-10-03T14:04Z","EcoCore_CSU","TSS - Dry Mass",500.0000,"microgram",2.4,,0,"formatChange","GOOD"
"a6260db7-b070-4902-98c8-3ad5e840521b","D03","BARC","BARC.AOS.groundwater.well.001","BARC.W1.20181003.FIL","A00000005289","2018-10-03T14:04Z","2018-10-03T14:04Z","EcoCore_CSU","UV Absorbance (250 nm)",0.0201,,2.4,,0,"formatChange","GOOD"
"437ef0e7-2718-4b39-a5c4-68f3e3c04172","D03","BARC","BARC.AOS.groundwater.well.001","BARC.W1.20181003.RAW","A00000005285","2018-10-03T14:04Z","2018-10-03T14:04Z","EcoCore_CSU","conductivity",11.9600,"microsiemensPerCentimeter",2.4,,0,"formatChange","GOOD"
"3edbe364-8a58-4b4e-9146-a6a8a9ddca55","D03","BARC","BARC.AOS.groundwater.well.001","BARC.W1.20181003.FIL","A00000005289","2018-10-03T14:04Z","2018-10-03T14:04Z","EcoCore_CSU","Si",2.7147,"milligramsPerLiter",2.4,,0,"formatChange","GOOD"
"8575c844-95c0-41f8-a2f8-043b2545e7dd","D03","BARC","BARC.AOS.groundwater.well.001","BARC.W1.20181003.RAW","A00000005285","2018-10-03T14:04Z","2018-10-03T14:04Z","EcoCore_CSU","pH",5.2200,"pH",2.4,,0,"formatChange","GOOD"
"ef0bf97f-c94f-4df4-8773-c60b67f7afbb","D03","BARC","BARC.AOS.groundwater.well.001","BARC.W1.20181003.RAW","A00000005285","2018-10-03T14:04Z","2018-10-03T14:04Z","EcoCore_CSU","TSS",10.0000,"milligramsPerLiter",2.4,,0,"formatChange","GOOD"
"3e3fb4db-a77d-4697-a8f5-4ca0a8f82e11","D03","BARC","BARC.AOS.groundwater.well.001","BARC.W1.20181003.PCN","A00000005301","2018-10-03T14:04Z","2018-10-03T14:04Z","EcoCore_CSU","TPN",0.1081,"milligram",2.4,,0,"formatChange","GOOD"
"d577b8c3-387c-46ad-b8df-bf89bd47e86b","D03","BARC","BARC.AOS.groundwater.well.001","BARC.W1.20181003.FIL","A00000005289","2018-10-03T14:04Z","2018-10-03T14:04Z","EcoCore_CSU","TDP",0.0005,"milligramsPerLiter",2.4,,0,"formatChange","GOOD"
"879891e0-6d6f-4d39-99bb-e3871d4def4a","D03","BARC","BARC.AOS.groundwater.well.001","BARC.W1.20181003.FIL","A00000005289","2018-10-03T14:04Z","2018-10-03T14:04Z","EcoCore_CSU","DIC",1.3020,"milligramsPerLiter",2.4,,0,"formatChange","GOOD"
"1a23b6e6-b7f5-4332-be04-c2950cc70d7f","D03","BARC","BARC.AOS.groundwater.well.001","BARC.W1.20181003.FIL","A00000005289","2018-10-03T14:04Z","2018-10-03T14:04Z","EcoCore_CSU","NO3+NO2 - N",0.0803,"milligramsPerLiter",2.4,,0,"formatChange","GOOD"
"b0051f78-6711-4855-bc65-047f6d9297d4","D03","BARC","BARC.AOS.groundwater.well.001","BARC.W1.20181003.RAW","A00000005285","2018-10-03T14:04Z","2018-10-03T14:04Z","EcoCore_CSU","ANC",0.0800,"milliequivalentsPerLiter",2.4,,0,"formatChange","GOOD"
"547410af-8a2a-4e57-868f-fd2077978115","D03","BARC","BARC.AOS.groundwater.well.005","BARC.W5.20181003.FIL","A00000005300","2018-10-03T17:06Z","2018-10-03T17:06Z","EcoCore_CSU","K",0.0000,"milligramsPerLiter",1.1,,0,"formatChange","GOOD"
"7584927b-2da1-4cc0-97cc-2ae416b5ca68","D03","BARC","BARC.AOS.groundwater.well.005","BARC.W5.20181003.RAW","A00000005286","2018-10-03T17:06Z","2018-10-03T17:06Z","EcoCore_CSU","pH",4.7700,"pH",1.1,,0,"formatChange","GOOD"
"99b12278-44b9-42d9-be67-774430ae542b","D03","BARC","BARC.AOS.groundwater.well.005","BARC.W5.20181003.FIL","A00000005300","2018-10-03T17:06Z","2018-10-03T17:06Z","EcoCore_CSU","F",0.0050,"milligramsPerLiter",1.1,,0,"formatChange","GOOD"
"cd7dd56d-6f0b-4893-bf3b-236cd01f86f5","D03","BARC","BARC.AOS.groundwater.well.005","BARC.W5.20181003.FIL","A00000005300","2018-10-03T17:06Z","2018-10-03T17:06Z","EcoCore_CSU","CO3",0.0050,"milligramsPerLiter",1.1,,0,"formatChange","GOOD"
"4110300c-aaca-40d8-a89b-de8d1cae4565","D03","BARC","BARC.AOS.groundwater.well.005","BARC.W5.20181003.FIL","A00000005300","2018-10-03T17:06Z","2018-10-03T17:06Z","EcoCore_CSU","TDP",0.0005,"milligramsPerLiter",1.1,,0,"formatChange","GOOD"
"66e7e4dc-c392-4e74-9645-8c111dec02e5","D03","BARC","BARC.AOS.groundwater.well.005","BARC.W5.20181003.FIL","A00000005300","2018-10-03T17:06Z","2018-10-03T17:06Z","EcoCore_CSU","Cl",8.4700,"milligramsPerLiter",1.1,,0,"formatChange","GOOD"
"2ef9ca8d-7826-4aba-b1bd-9cddfa159da4","D03","BARC","BARC.AOS.groundwater.well.005","BARC.W5.20181003.FIL","A00000005300","2018-10-03T17:06Z","2018-10-03T17:06Z","EcoCore_CSU","Br",0.0050,"milligramsPerLiter",1.1,,0,"formatChange","GOOD"
"993e6982-17f5-4ac2-8b38-eed8b7ad76ad","D03","BARC","BARC.AOS.groundwater.well.005","BARC.W5.20181003.PCN","A00000005318","2018-10-03T17:06Z","2018-10-03T17:06Z","EcoCore_CSU","TPC",0.2563,"milligram",1.1,,0,"formatChange","GOOD"
"2cd64d2f-d208-4de8-b080-f7cbfb398383","D03","BARC","BARC.AOS.groundwater.well.005","BARC.W5.20181003.PCN","A00000005318","2018-10-03T17:06Z","2018-10-03T17:06Z","EcoCore_CSU","TPN",-0.0024,"milligram",1.1,,0,"formatChange","GOOD"
"07a2fa78-5235-4280-931e-725fedfd96ea","D03","BARC","BARC.AOS.groundwater.well.005","BARC.W5.20181003.FIL","A00000005300","2018-10-03T17:06Z","2018-10-03T17:06Z","EcoCore_CSU","Mg",1.4580,"milligramsPerLiter",1.1,,0,"formatChange","GOOD"
"9e1f99e0-e613-475f-b39b-3939aed9c9c8","D03","BARC","BARC.AOS.groundwater.well.005","BARC.W5.20181003.FIL","A00000005300","2018-10-03T17:06Z","2018-10-03T17:06Z","EcoCore_CSU","Fe",0.0005,"milligramsPerLiter",1.1,,0,"formatChange","GOOD"
"6b1e5974-43a1-4b05-a0f7-12bd5662addf","D03","BARC","BARC.AOS.groundwater.well.005","BARC.W5.20181003.RAW","A00000005286","2018-10-03T17:06Z","2018-10-03T17:06Z","EcoCore_CSU","TSS",14.0000,"milligramsPerLiter",1.1,,0,"formatChange","GOOD"
"440a0e7d-6416-4c42-92ef-1d713596690d","D03","BARC","BARC.AOS.groundwater.well.005","BARC.W5.20181003.FIL","A00000005300","2018-10-03T17:06Z","2018-10-03T17:06Z","EcoCore_CSU","Si",2.9915,"milligramsPerLiter",1.1,,0,"formatChange","GOOD"
"0fb7d303-96c6-4761-8e0a-fb9eac4268f7","D03","BARC","BARC.AOS.groundwater.well.005","BARC.W5.20181003.FIL","A00000005300","2018-10-03T17:06Z","2018-10-03T17:06Z","EcoCore_CSU","Ortho - P",-0.0390,"milligramsPerLiter",1.1,,0,"formatChange","GOOD"
"0eae8db6-debe-4fab-b439-502491ef0857","D03","BARC","BARC.AOS.groundwater.well.005","BARC.W5.20181003.RAW","A00000005286","2018-10-03T17:06Z","2018-10-03T17:06Z","EcoCore_CSU","TN",0.1523,"milligramsPerLiter",1.1,,0,"formatChange","GOOD"
"555384bf-5c01-47ab-9bff-1bfc53212788","D03","BARC","BARC.AOS.groundwater.well.005","BARC.W5.20181003.FIL","A00000005300","2018-10-03T17:06Z","2018-10-03T17:06Z","EcoCore_CSU","TDN",0.1242,"milligramsPerLiter",1.1,,0,"formatChange","GOOD"
"991aad96-9293-46b3-9684-0abe7d2a903f","D03","BARC","BARC.AOS.groundwater.well.005","BARC.W5.20181003.FIL","A00000005300","2018-10-03T17:06Z","2018-10-03T17:06Z","EcoCore_CSU","HCO3",3.3800,"milligramsPerLiter",1.1,,0,"formatChange","GOOD"
"d36f32c2-3a74-41de-bfd4-c8832698091c","D03","BARC","BARC.AOS.groundwater.well.005","BARC.W5.20181003.FIL","A00000005300","2018-10-03T17:06Z","2018-10-03T17:06Z","EcoCore_CSU","NO2 - N",0.0233,"milligramsPerLiter",1.1,,0,"formatChange","GOOD"
"5171c769-5c87-4dce-a43f-e57bd7c6d55b","D03","BARC","BARC.AOS.groundwater.well.005","BARC.W5.20181003.FIL","A00000005300","2018-10-03T17:06Z","2018-10-03T17:06Z","EcoCore_CSU","NO3+NO2 - N",0.0393,"milligramsPerLiter",1.1,,0,"formatChange","GOOD"
"94ce7f9b-fd3b-483b-b412-b0806010d88c","D03","BARC","BARC.AOS.groundwater.well.005","BARC.W5.20181003.FIL","A00000005300","2018-10-03T17:06Z","2018-10-03T17:06Z","EcoCore_CSU","TDS",28.4100,"milligramsPerLiter",1.1,,0,"formatChange","GOOD"
"6f6d2062-1ed9-4a71-bc05-720009a55595","D03","BARC","BARC.AOS.groundwater.well.005","BARC.W5.20181003.FIL","A00000005300","2018-10-03T17:06Z","2018-10-03T17:06Z","EcoCore_CSU","Na",5.1260,"milligramsPerLiter",1.1,,0,"formatChange","GOOD"
"a7705079-551f-4f04-8739-2d143a46b37c","D03","BARC","BARC.AOS.groundwater.well.005","BARC.W5.20181003.FIL","A00000005300","2018-10-03T17:06Z","2018-10-03T17:06Z","EcoCore_CSU","UV Absorbance (280 nm)",0.0549,,1.1,,0,"formatChange","GOOD"
"2899fda1-332a-4334-b48b-9cfc156ef976","D03","BARC","BARC.AOS.groundwater.well.005","BARC.W5.20181003.FIL","A00000005300","2018-10-03T17:06Z","2018-10-03T17:06Z","EcoCore_CSU","DOC",3.0980,"milligramsPerLiter",1.1,,0,"formatChange","GOOD"
"7377608a-50c7-4145-b150-47815aac8264","D03","BARC","BARC.AOS.groundwater.well.005","BARC.W5.20181003.RAW","A00000005286","2018-10-03T17:06Z","2018-10-03T17:06Z","EcoCore_CSU","TSS - Dry Mass",700.0000,"microgram",1.1,,0,"formatChange","GOOD"
"113aca60-b288-4cba-85d6-a00fee7f0c98","D03","BARC","BARC.AOS.groundwater.well.005","BARC.W5.20181003.RAW","A00000005286","2018-10-03T17:06Z","2018-10-03T17:06Z","EcoCore_CSU","TOC",3.1600,"milligramsPerLiter",1.1,,0,"formatChange","GOOD"
"0642f8f6-c0ef-4143-8017-5dc62055f5ca","D03","BARC","BARC.AOS.groundwater.well.005","BARC.W5.20181003.RAW","A00000005286","2018-10-03T17:06Z","2018-10-03T17:06Z","EcoCore_CSU","conductivity",38.9500,"microsiemensPerCentimeter",1.1,,0,"formatChange","GOOD"
"adaedb5f-a185-499d-93bc-fcf29d77fedb","D03","BARC","BARC.AOS.groundwater.well.005","BARC.W5.20181003.FIL","A00000005300","2018-10-03T17:06Z","2018-10-03T17:06Z","EcoCore_CSU","NH4 - N",0.0333,"milligramsPerLiter",1.1,,0,"formatChange","GOOD"
"4a42e1d1-09d3-4358-ba9b-0ce65b89e697","D03","BARC","BARC.AOS.groundwater.well.005","BARC.W5.20181003.RAW","A00000005286","2018-10-03T17:06Z","2018-10-03T17:06Z","EcoCore_CSU","TP",0.0030,"milligramsPerLiter",1.1,,0,"formatChange","GOOD"
"a553f96c-1f2d-4f38-8bad-2058a98d2e9c","D03","BARC","BARC.AOS.groundwater.well.005","BARC.W5.20181003.RAW","A00000005286","2018-10-03T17:06Z","2018-10-03T17:06Z","EcoCore_CSU","ANC",0.0800,"milliequivalentsPerLiter",1.1,,0,"formatChange","GOOD"
"22cd6a32-a1ad-4692-b911-e029219ebe08","D03","BARC","BARC.AOS.groundwater.well.005","BARC.W5.20181003.FIL","A00000005300","2018-10-03T17:06Z","2018-10-03T17:06Z","EcoCore_CSU","Mn",0.0010,"milligramsPerLiter",1.1,,0,"formatChange","GOOD"
"db56d73d-34bb-4efd-9073-f58e85d17c5b","D03","BARC","BARC.AOS.groundwater.well.005","BARC.W5.20181003.FIL","A00000005300","2018-10-03T17:06Z","2018-10-03T17:06Z","EcoCore_CSU","SO4",3.8160,"milligramsPerLiter",1.1,,0,"formatChange","GOOD"
"16145ac1-8143-4b24-a934-16981d61e3f9","D03","BARC","BARC.AOS.groundwater.well.005","BARC.W5.20181003.FIL","A00000005300","2018-10-03T17:06Z","2018-10-03T17:06Z","EcoCore_CSU","UV Absorbance (250 nm)",0.0819,,1.1,,0,"formatChange","GOOD"
"d81b38b3-b70c-4655-bb1f-28b215c53c0b","D03","BARC","BARC.AOS.groundwater.well.005","BARC.W5.20181003.FIL","A00000005300","2018-10-03T17:06Z","2018-10-03T17:06Z","EcoCore_CSU","DIC",3.3000,"milligramsPerLiter",1.1,,0,"formatChange","GOOD"
"c4a476a3-f55e-475c-9afd-70158c998fd8","D03","BARC","BARC.AOS.groundwater.well.005","BARC.W5.20181003.FIL","A00000005300","2018-10-03T17:06Z","2018-10-03T17:06Z","EcoCore_CSU","Ca",0.6450,"milligramsPerLiter",1.1,,0,"formatChange","GOOD"
"ef1ce846-61cc-41f9-ad10-2d52c715a953","D03","BARC","BARC.AOS.groundwater.well.008","BARC.W8.20181004.FIL","A00000003579","2018-10-04T13:42Z","2018-10-04T13:42Z","EcoCore_CSU","TDS",14.2100,"milligramsPerLiter",1.4,,0,"formatChange","GOOD"
"d0a49a1e-af0d-416b-abb6-586f26876ed5","D03","BARC","BARC.AOS.groundwater.well.008","BARC.W8.20181004.FIL","A00000003579","2018-10-04T13:42Z","2018-10-04T13:42Z","EcoCore_CSU","F",0.0050,"milligramsPerLiter",1.4,,0,"formatChange","GOOD"
"6d36b701-8cdc-4c3e-a28f-affca5297fb5","D03","BARC","BARC.AOS.groundwater.well.008","BARC.W8.20181004.RAW","A00000003595","2018-10-04T13:42Z","2018-10-04T13:42Z","EcoCore_CSU","TOC",0.7814,"milligramsPerLiter",1.4,,0,"formatChange","GOOD"
"850ff20b-4c84-4b0d-9d9e-7bfd251ac19d","D03","BARC","BARC.AOS.groundwater.well.008","BARC.W8.20181004.FIL","A00000003579","2018-10-04T13:42Z","2018-10-04T13:42Z","EcoCore_CSU","Mn",0.0030,"milligramsPerLiter",1.4,,0,"formatChange","GOOD"
"a0c43f98-1700-43c9-8aec-94afea936c97","D03","BARC","BARC.AOS.groundwater.well.008","BARC.W8.20181004.FIL","A00000003579","2018-10-04T13:42Z","2018-10-04T13:42Z","EcoCore_CSU","Mg",0.4150,"milligramsPerLiter",1.4,,0,"formatChange","GOOD"
"c08b87d3-efb7-4b14-b516-c33778f9d72d","D03","BARC","BARC.AOS.groundwater.well.008","BARC.W8.20181004.FIL","A00000003579","2018-10-04T13:42Z","2018-10-04T13:42Z","EcoCore_CSU","NO2 - N",0.0225,"milligramsPerLiter",1.4,,0,"formatChange","GOOD"
"cd50ec6b-20e5-4491-844d-d76b7e3b5a5e","D03","BARC","BARC.AOS.groundwater.well.008","BARC.W8.20181004.PCN","A00000003576","2018-10-04T13:42Z","2018-10-04T13:42Z","EcoCore_CSU","TPN",0.0976,"milligram",1.4,,0,"formatChange","GOOD"
"0973218e-e785-4249-8d46-eb51f1b92c9d","D03","BARC","BARC.AOS.groundwater.well.008","BARC.W8.20181004.FIL","A00000003579","2018-10-04T13:42Z","2018-10-04T13:42Z","EcoCore_CSU","UV Absorbance (250 nm)",0.0269,,1.4,,0,"formatChange","GOOD"
"3c4ec57b-3e18-4bae-9b21-025b7823ffaa","D03","BARC","BARC.AOS.groundwater.well.008","BARC.W8.20181004.RAW","A00000003595","2018-10-04T13:42Z","2018-10-04T13:42Z","EcoCore_CSU","TSS",8.0000,"milligramsPerLiter",1.4,,0,"formatChange","GOOD"
"e3b447e6-b33d-41fc-a915-36a37123214c","D03","BARC","BARC.AOS.groundwater.well.008","BARC.W8.20181004.FIL","A00000003579","2018-10-04T13:42Z","2018-10-04T13:42Z","EcoCore_CSU","NO3+NO2 - N",0.0651,"milligramsPerLiter",1.4,,0,"formatChange","GOOD"
"c09be263-e9d8-428e-9ed5-4e5d30b94a2c","D03","BARC","BARC.AOS.groundwater.well.008","BARC.W8.20181004.FIL","A00000003579","2018-10-04T13:42Z","2018-10-04T13:42Z","EcoCore_CSU","CO3",0.0050,"milligramsPerLiter",1.4,,0,"formatChange","GOOD"
"9afbc507-d8e4-40e9-bd81-4e78c149eaad","D03","BARC","BARC.AOS.groundwater.well.008","BARC.W8.20181004.RAW","A00000003595","2018-10-04T13:42Z","2018-10-04T13:42Z","EcoCore_CSU","TP",0.0030,"milligramsPerLiter",1.4,,0,"formatChange","GOOD"
"93368aab-3970-4a23-82da-4e5b32388aec","D03","BARC","BARC.AOS.groundwater.well.008","BARC.W8.20181004.FIL","A00000003579","2018-10-04T13:42Z","2018-10-04T13:42Z","EcoCore_CSU","TDN",0.0404,"milligramsPerLiter",1.4,,0,"formatChange","GOOD"
"ac8f6559-f4a5-4153-87f4-f9954b435500","D03","BARC","BARC.AOS.groundwater.well.008","BARC.W8.20181004.FIL","A00000003579","2018-10-04T13:42Z","2018-10-04T13:42Z","EcoCore_CSU","HCO3",3.5200,"milligramsPerLiter",1.4,,0,"formatChange","GOOD"
"e2ce33bb-c3c7-41a4-9127-9802fb010eab","D03","BARC","BARC.AOS.groundwater.well.008","BARC.W8.20181004.FIL","A00000003579","2018-10-04T13:42Z","2018-10-04T13:42Z","EcoCore_CSU","DIC",0.8149,"milligramsPerLiter",1.4,,0,"formatChange","GOOD"
"5fe0327d-9a49-4302-9e16-f4be3e706a46","D03","BARC","BARC.AOS.groundwater.well.008","BARC.W8.20181004.RAW","A00000003595","2018-10-04T13:42Z","2018-10-04T13:42Z","EcoCore_CSU","TSS - Dry Mass",400.0000,"microgram",1.4,,0,"formatChange","GOOD"
"16ffa255-3188-4d6d-8185-249bf9bac1ea","D03","BARC","BARC.AOS.groundwater.well.008","BARC.W8.20181004.RAW","A00000003595","2018-10-04T13:42Z","2018-10-04T13:42Z","EcoCore_CSU","ANC",0.1600,"milliequivalentsPerLiter",1.4,,0,"formatChange","GOOD"
"b290f172-5b3c-4d02-b109-8430146447ad","D03","BARC","BARC.AOS.groundwater.well.008","BARC.W8.20181004.FIL","A00000003579","2018-10-04T13:42Z","2018-10-04T13:42Z","EcoCore_CSU","UV Absorbance (280 nm)",0.0236,,1.4,,0,"formatChange","GOOD"
"83d97589-26e6-440a-a06b-b91b992c60d1","D03","BARC","BARC.AOS.groundwater.well.008","BARC.W8.20181004.FIL","A00000003579","2018-10-04T13:42Z","2018-10-04T13:42Z","EcoCore_CSU","Fe",0.0005,"milligramsPerLiter",1.4,,0,"formatChange","GOOD"
"7a3972c1-898a-4682-8b2a-9ccf1d3bdb27","D03","BARC","BARC.AOS.groundwater.well.008","BARC.W8.20181004.FIL","A00000003579","2018-10-04T13:42Z","2018-10-04T13:42Z","EcoCore_CSU","SO4",0.5300,"milligramsPerLiter",1.4,,0,"formatChange","GOOD"
"fa7a8024-f652-409e-b35b-29c9d433211e","D03","BARC","BARC.AOS.groundwater.well.008","BARC.W8.20181004.FIL","A00000003579","2018-10-04T13:42Z","2018-10-04T13:42Z","EcoCore_CSU","Na",3.0720,"milligramsPerLiter",1.4,,0,"formatChange","GOOD"
"36d5c8a7-c351-40f4-914e-a9ecfee8f1b9","D03","BARC","BARC.AOS.groundwater.well.008","BARC.W8.20181004.FIL","A00000003579","2018-10-04T13:42Z","2018-10-04T13:42Z","EcoCore_CSU","DOC",0.9191,"milligramsPerLiter",1.4,,0,"formatChange","GOOD"
"34cb76c3-d139-4e78-a14d-5122af59fa9a","D03","BARC","BARC.AOS.groundwater.well.008","BARC.W8.20181004.FIL","A00000003579","2018-10-04T13:42Z","2018-10-04T13:42Z","EcoCore_CSU","TDP",0.0005,"milligramsPerLiter",1.4,,0,"formatChange","GOOD"
"83a75736-0916-4c9e-9301-b34d2e6492ce","D03","BARC","BARC.AOS.groundwater.well.008","BARC.W8.20181004.FIL","A00000003579","2018-10-04T13:42Z","2018-10-04T13:42Z","EcoCore_CSU","Cl",4.7200,"milligramsPerLiter",1.4,,0,"formatChange","GOOD"
"f09b9931-461a-4f8d-a2c5-cac412adadb3","D03","BARC","BARC.AOS.groundwater.well.008","BARC.W8.20181004.FIL","A00000003579","2018-10-04T13:42Z","2018-10-04T13:42Z","EcoCore_CSU","Ortho - P",0.1910,"milligramsPerLiter",1.4,,0,"formatChange","GOOD"
"6710d66c-fb2a-4700-a63b-474a5eb467ae","D03","BARC","BARC.AOS.groundwater.well.008","BARC.W8.20181004.FIL","A00000003579","2018-10-04T13:42Z","2018-10-04T13:42Z","EcoCore_CSU","Br",0.0050,"milligramsPerLiter",1.4,,0,"formatChange","GOOD"
"ab19d535-d68c-4dcb-b33f-7653a3e978fe","D03","BARC","BARC.AOS.groundwater.well.008","BARC.W8.20181004.FIL","A00000003579","2018-10-04T13:42Z","2018-10-04T13:42Z","EcoCore_CSU","Si",2.4744,"milligramsPerLiter",1.4,,0,"formatChange","GOOD"
"fda8cd17-f71c-4117-bfab-37160a367ad7","D03","BARC","BARC.AOS.groundwater.well.008","BARC.W8.20181004.RAW","A00000003595","2018-10-04T13:42Z","2018-10-04T13:42Z","EcoCore_CSU","TN",0.0480,"milligramsPerLiter",1.4,,0,"formatChange","GOOD"
"6370a94a-ae56-4009-91a7-1561b92c3c03","D03","BARC","BARC.AOS.groundwater.well.008","BARC.W8.20181004.RAW","A00000003595","2018-10-04T13:42Z","2018-10-04T13:42Z","EcoCore_CSU","pH",5.4100,"pH",1.4,,0,"formatChange","GOOD"
"f8e503ce-aebb-4536-bce8-65d88c2d39e7","D03","BARC","BARC.AOS.groundwater.well.008","BARC.W8.20181004.FIL","A00000003579","2018-10-04T13:42Z","2018-10-04T13:42Z","EcoCore_CSU","K",0.1570,"milligramsPerLiter",1.4,,0,"formatChange","GOOD"
"0017e4fd-6876-4d9e-a460-0516086ed29c","D03","BARC","BARC.AOS.groundwater.well.008","BARC.W8.20181004.FIL","A00000003579","2018-10-04T13:42Z","2018-10-04T13:42Z","EcoCore_CSU","Ca",0.6250,"milligramsPerLiter",1.4,,0,"formatChange","GOOD"
"74a8fc14-af2f-4bce-b8ac-a8b96abc5a36","D03","BARC","BARC.AOS.groundwater.well.008","BARC.W8.20181004.PCN","A00000003576","2018-10-04T13:42Z","2018-10-04T13:42Z","EcoCore_CSU","TPC",0.2433,"milligram",1.4,,0,"formatChange","GOOD"
"8a02f577-8657-4259-ad40-c40214a210a9","D03","BARC","BARC.AOS.groundwater.well.008","BARC.W8.20181004.FIL","A00000003579","2018-10-04T13:42Z","2018-10-04T13:42Z","EcoCore_CSU","NH4 - N",0.0175,"milligramsPerLiter",1.4,,0,"formatChange","GOOD"
"b1fad7a6-70b2-427a-bb2f-f98d1835ad88","D03","BARC","BARC.AOS.groundwater.well.008","BARC.W8.20181004.RAW","A00000003595","2018-10-04T13:42Z","2018-10-04T13:42Z","EcoCore_CSU","conductivity",21.4500,"microsiemensPerCentimeter",1.4,,0,"formatChange","GOOD"
"5945324c-2881-4052-8337-61dfe4fa387a","D03","BARC","BARC.AOS.groundwater.well.006","BARC.W6.20181004.FIL","A00000003596","2018-10-04T14:53Z","2018-10-04T14:53Z","EcoCore_CSU","Fe",0.0005,"milligramsPerLiter",1.4,,0,"formatChange","GOOD"
"4c57a08e-98f3-4f07-9980-d38c1b4ba746","D03","BARC","BARC.AOS.groundwater.well.006","BARC.W6.20181004.FIL","A00000003596","2018-10-04T14:53Z","2018-10-04T14:53Z","EcoCore_CSU","Mg",0.2740,"milligramsPerLiter",1.4,,0,"formatChange","GOOD"
"8210737a-a3a8-4b65-88f1-dfb29d530f4a","D03","BARC","BARC.AOS.groundwater.well.006","BARC.W6.20181004.FIL","A00000003596","2018-10-04T14:53Z","2018-10-04T14:53Z","EcoCore_CSU","Ca",0.9950,"milligramsPerLiter",1.4,,0,"formatChange","GOOD"
"62c1b68e-176d-4120-816a-e884f8e5e1e6","D03","BARC","BARC.AOS.groundwater.well.006","BARC.W6.20181004.FIL","A00000003596","2018-10-04T14:53Z","2018-10-04T14:53Z","EcoCore_CSU","TDP",0.0005,"milligramsPerLiter",1.4,,0,"formatChange","GOOD"
"6af67e85-9afc-41e3-b38e-39d495907f41","D03","BARC","BARC.AOS.groundwater.well.006","BARC.W6.20181004.FIL","A00000003596","2018-10-04T14:53Z","2018-10-04T14:53Z","EcoCore_CSU","Br",0.0050,"milligramsPerLiter",1.4,,0,"formatChange","GOOD"
"8e0a413a-cc48-4923-ab35-7b0ac1c58225","D03","BARC","BARC.AOS.groundwater.well.006","BARC.W6.20181004.RAW","A00000003578","2018-10-04T14:53Z","2018-10-04T14:53Z","EcoCore_CSU","pH",4.5600,"pH",1.4,,0,"formatChange","GOOD"
"c39d2e2f-528c-4491-be80-c05fb67dd376","D03","BARC","BARC.AOS.groundwater.well.006","BARC.W6.20181004.FIL","A00000003596","2018-10-04T14:53Z","2018-10-04T14:53Z","EcoCore_CSU","TDS",16.8700,"milligramsPerLiter",1.4,,0,"formatChange","GOOD"
"9867f60b-77a2-437c-ba4f-124bcb4357ab","D03","BARC","BARC.AOS.groundwater.well.006","BARC.W6.20181004.FIL","A00000003596","2018-10-04T14:53Z","2018-10-04T14:53Z","EcoCore_CSU","UV Absorbance (280 nm)",0.0369,,1.4,,0,"formatChange","GOOD"
"7e94b068-d002-4afa-8a67-11933f08a85d","D03","BARC","BARC.AOS.groundwater.well.006","BARC.W6.20181004.FIL","A00000003596","2018-10-04T14:53Z","2018-10-04T14:53Z","EcoCore_CSU","Cl",5.6200,"milligramsPerLiter",1.4,,0,"formatChange","GOOD"
"506590c9-e695-4284-98f4-045e1bd48813","D03","BARC","BARC.AOS.groundwater.well.006","BARC.W6.20181004.PCN","A00000003593","2018-10-04T14:53Z","2018-10-04T14:53Z","EcoCore_CSU","TPC",0.2311,"milligram",1.4,,0,"formatChange","GOOD"
"dfeb5686-8cae-417e-a433-027c5a742692","D03","BARC","BARC.AOS.groundwater.well.006","BARC.W6.20181004.FIL","A00000003596","2018-10-04T14:53Z","2018-10-04T14:53Z","EcoCore_CSU","TDN",0.0751,"milligramsPerLiter",1.4,,0,"formatChange","GOOD"
"8cfe1ad6-fbaf-45ed-958b-ca1bfe39f813","D03","BARC","BARC.AOS.groundwater.well.006","BARC.W6.20181004.FIL","A00000003596","2018-10-04T14:53Z","2018-10-04T14:53Z","EcoCore_CSU","UV Absorbance (250 nm)",0.0588,,1.4,,0,"formatChange","GOOD"
"22e3a88a-24ea-45dc-ae04-cc9c31dcd24c","D03","BARC","BARC.AOS.groundwater.well.006","BARC.W6.20181004.RAW","A00000003578","2018-10-04T14:53Z","2018-10-04T14:53Z","EcoCore_CSU","TN",0.0322,"milligramsPerLiter",1.4,,0,"formatChange","GOOD"
"168ca61e-e76c-44bb-8ff9-94a4f7f7bc42","D03","BARC","BARC.AOS.groundwater.well.006","BARC.W6.20181004.RAW","A00000003578","2018-10-04T14:53Z","2018-10-04T14:53Z","EcoCore_CSU","TP",1.0772,"milligramsPerLiter",1.4,,0,"formatChange","GOOD"
"d9733bdd-7f46-4471-93e5-1d433c28aa5b","D03","BARC","BARC.AOS.groundwater.well.006","BARC.W6.20181004.FIL","A00000003596","2018-10-04T14:53Z","2018-10-04T14:53Z","EcoCore_CSU","DOC",2.5390,"milligramsPerLiter",1.4,,0,"formatChange","GOOD"
"62137a75-b567-4937-b24d-c27f281423c1","D03","BARC","BARC.AOS.groundwater.well.006","BARC.W6.20181004.FIL","A00000003596","2018-10-04T14:53Z","2018-10-04T14:53Z","EcoCore_CSU","Na",3.3350,"milligramsPerLiter",1.4,,0,"formatChange","GOOD"
"78576653-f44c-49b9-b0d6-80cd81ab9384","D03","BARC","BARC.AOS.groundwater.well.006","BARC.W6.20181004.FIL","A00000003596","2018-10-04T14:53Z","2018-10-04T14:53Z","EcoCore_CSU","CO3",0.0050,"milligramsPerLiter",1.4,,0,"formatChange","GOOD"
"a1b6a8fa-6e13-40de-8e9f-4643e28efb5b","D03","BARC","BARC.AOS.groundwater.well.006","BARC.W6.20181004.FIL","A00000003596","2018-10-04T14:53Z","2018-10-04T14:53Z","EcoCore_CSU","HCO3",1.3100,"milligramsPerLiter",1.4,,0,"formatChange","GOOD"
"e777bef6-87b7-4272-8128-0940963a2c07","D03","BARC","BARC.AOS.groundwater.well.006","BARC.W6.20181004.RAW","A00000003578","2018-10-04T14:53Z","2018-10-04T14:53Z","EcoCore_CSU","TSS",0.0000,"milligramsPerLiter",1.4,,0,"formatChange","GOOD"
"61bcc8c0-689b-4476-9f34-841a4c2899f3","D03","BARC","BARC.AOS.groundwater.well.006","BARC.W6.20181004.FIL","A00000003596","2018-10-04T14:53Z","2018-10-04T14:53Z","EcoCore_CSU","NO2 - N",0.0220,"milligramsPerLiter",1.4,,0,"formatChange","GOOD"
"a5470182-408c-48a0-8350-34b1f22b09a5","D03","BARC","BARC.AOS.groundwater.well.006","BARC.W6.20181004.FIL","A00000003596","2018-10-04T14:53Z","2018-10-04T14:53Z","EcoCore_CSU","Si",1.5050,"milligramsPerLiter",1.4,,0,"formatChange","GOOD"
"c263434c-7666-4d78-8157-eedbaed23efb","D03","BARC","BARC.AOS.groundwater.well.006","BARC.W6.20181004.FIL","A00000003596","2018-10-04T14:53Z","2018-10-04T14:53Z","EcoCore_CSU","Mn",0.0005,"milligramsPerLiter",1.4,,0,"formatChange","GOOD"
"0aaf12cc-e410-4471-8fa7-9539824d7261","D03","BARC","BARC.AOS.groundwater.well.006","BARC.W6.20181004.FIL","A00000003596","2018-10-04T14:53Z","2018-10-04T14:53Z","EcoCore_CSU","Ortho - P",0.1330,"milligramsPerLiter",1.4,,0,"formatChange","GOOD"
"a88c054d-4d15-4b04-bf31-d03faa40b43d","D03","BARC","BARC.AOS.groundwater.well.006","BARC.W6.20181004.FIL","A00000003596","2018-10-04T14:53Z","2018-10-04T14:53Z","EcoCore_CSU","K",0.0080,"milligramsPerLiter",1.4,,0,"formatChange","GOOD"
"78924ad7-f2d9-4969-9175-78fbc84569a4","D03","BARC","BARC.AOS.groundwater.well.006","BARC.W6.20181004.RAW","A00000003578","2018-10-04T14:53Z","2018-10-04T14:53Z","EcoCore_CSU","TOC",2.3770,"milligramsPerLiter",1.4,,0,"formatChange","GOOD"
"c94b1f2b-ae9b-4185-8c04-f0d3192967a2","D03","BARC","BARC.AOS.groundwater.well.006","BARC.W6.20181004.FIL","A00000003596","2018-10-04T14:53Z","2018-10-04T14:53Z","EcoCore_CSU","NH4 - N",0.0741,"milligramsPerLiter",1.4,,0,"formatChange","GOOD"
"123057af-89b7-4847-b621-7d2ab68218ff","D03","BARC","BARC.AOS.groundwater.well.006","BARC.W6.20181004.PCN","A00000003593","2018-10-04T14:53Z","2018-10-04T14:53Z","EcoCore_CSU","TPN",0.0934,"milligram",1.4,,0,"formatChange","GOOD"
"3c4a1980-dc0d-456c-9cd8-9dc44ed674f4","D03","BARC","BARC.AOS.groundwater.well.006","BARC.W6.20181004.RAW","A00000003578","2018-10-04T14:53Z","2018-10-04T14:53Z","EcoCore_CSU","TSS - Dry Mass",0.0000,"microgram",1.4,,0,"formatChange","GOOD"
"56f08b1b-3287-4aff-8432-0bc41237ad73","D03","BARC","BARC.AOS.groundwater.well.006","BARC.W6.20181004.RAW","A00000003578","2018-10-04T14:53Z","2018-10-04T14:53Z","EcoCore_CSU","conductivity",22.6300,"microsiemensPerCentimeter",1.4,,0,"formatChange","GOOD"
"d8719385-c6a8-4e6e-a0f3-48b48bc03f78","D03","BARC","BARC.AOS.groundwater.well.006","BARC.W6.20181004.FIL","A00000003596","2018-10-04T14:53Z","2018-10-04T14:53Z","EcoCore_CSU","F",0.0050,"milligramsPerLiter",1.4,,0,"formatChange","GOOD"
"f2b57ea0-f765-4061-8418-83969dbb2041","D03","BARC","BARC.AOS.groundwater.well.006","BARC.W6.20181004.RAW","A00000003578","2018-10-04T14:53Z","2018-10-04T14:53Z","EcoCore_CSU","ANC",0.1200,"milliequivalentsPerLiter",1.4,,0,"formatChange","GOOD"
"f4114062-e8b1-4b8c-b827-4d32963287f3","D03","BARC","BARC.AOS.groundwater.well.006","BARC.W6.20181004.FIL","A00000003596","2018-10-04T14:53Z","2018-10-04T14:53Z","EcoCore_CSU","DIC",1.7780,"milligramsPerLiter",1.4,,0,"formatChange","GOOD"
"2c339d5e-57ce-4337-9294-f9ee834a3edf","D03","BARC","BARC.AOS.groundwater.well.006","BARC.W6.20181004.FIL","A00000003596","2018-10-04T14:53Z","2018-10-04T14:53Z","EcoCore_CSU","SO4",1.7200,"milligramsPerLiter",1.4,,0,"formatChange","GOOD"
"0b0399c6-2378-4638-a748-5c626d97e732","D03","BARC","BARC.AOS.groundwater.well.006","BARC.W6.20181004.FIL","A00000003596","2018-10-04T14:53Z","2018-10-04T14:53Z","EcoCore_CSU","NO3+NO2 - N",0.0436,"milligramsPerLiter",1.4,,0,"formatChange","GOOD"
