uid,domainID,siteID,namedLocation,collectDate,titrationDate,parentSampleID,domainSampleID,remarks,measuredBy,alkMeqPerL,alkMgPerL,ancMeqPerL,ancMgPerL
"84c694fc-1f0f-4c75-922d-54f978e497f1","D03","FLNT","FLNT.AOS.groundwater.well.001","2017-08-15T14:52Z","2017-08-15T20:07Z","FLNT.W1.20170815","FLNT.W1.20170815.ALK",,"ksandusky",4.730,237.000,,
"a0a7459b-0390-41af-9905-0638112934ed","D03","FLNT","FLNT.AOS.groundwater.well.007","2017-08-15T16:06Z","2017-08-15T21:18Z","FLNT.W7.20170815","FLNT.W7.20170815.ALK",,"ksandusky",3.740,187.000,,
"cc1798cd-8635-4452-89b9-d500c4599cfc","D03","FLNT","FLNT.AOS.groundwater.well.002","2017-08-17T13:28Z","2017-08-17T21:22Z","FLNT.W2.20170817","FLNT.W2.20170817.ALK",,"ksandusky",0.060,2.970,,
"8ee17b9a-3e5d-4a33-85b1-c2e4c3e831ce","D03","FLNT","FLNT.AOS.groundwater.well.006","2017-08-17T14:36Z","2017-08-17T22:32Z","FLNT.W6.20170817","FLNT.W6.20170817.ALK",,"ksandusky",0.020,1.130,,
