uid,domainID,siteID,namedLocation,decimalLatitude,decimalLongitude,coordinateUncertainty,elevation,elevationUncertainty,geodeticDatum,collectDate,aquaticSiteType,samplingImpractical,waterChemSamplesCollected,adequateSampleVol,parentSampleID,eventID,swcSamplingProtocolVersion,sampleExtractionMethod,samplerType,totalWellDepth,wellWaterDepth,waterColumnHeight,sampleDepth,purgeAverageDischargeRate,purgeTime,gwWellStabilized,purgeDryDateTime,pumpPlacementDate,screenedIntervalDepth,maxAllowableDrawdown,actualDrawdown,MADExceeded,wellVolumePurged,probeIDUnavailable,dissolvedOxygen,dissolvedOxygenSaturation,specificConductance,waterTemp,pH,waterClarityDescrip,waterColorDescrip,aCollectedBy,bCollectedBy,remarks
"352499db-304a-4cc9-90b1-9dfebd7d80bf","D03","FLNT","FLNT.AOS.groundwater.well.001",31.186270,-84.437423,0.1,35.0,0.1,"WGS84","2017-08-15T14:52Z","river",,,,"FLNT.W1.20170815","FLNT.20170815","NEON.DOC.002905vD","low-flow","Groundwater Pump",11.5,8.0,3.5,9.0,,,,,,,,,,10.2,,2.26,25.50,513.00,21.40,,"cloudy","colorless","Ksandusky@battelleecology.org","jcampbell@field-ops.org",
"a244b5f7-5b0a-4cb6-8635-8244dd30dd25","D03","FLNT","FLNT.AOS.groundwater.well.007",31.182761,-84.441471,0.1,35.8,0.1,"WGS84","2017-08-15T16:06Z","river",,,,"FLNT.W7.20170815","FLNT.20170815","NEON.DOC.002905vD","low-flow","Groundwater Pump",13.1,8.6,4.5,9.6,,,,,,,,,,2.5,,4.30,49.00,366.20,21.70,,"cloudy","colorless","jcampbell@field-ops.org","Ksandusky@battelleecology.org",
"2b582e9d-ecdc-47ae-a61d-9532307d9af6","D03","FLNT","FLNT.AOS.groundwater.well.002",31.185828,-84.438875,0.1,38.5,0.1,"WGS84","2017-08-17T13:28Z","river",,,,"FLNT.W2.20170817","FLNT.20170817","NEON.DOC.002905vD","low-flow","Groundwater Pump",13.0,11.1,1.9,12.1,,,,,,,,,,4.4,,0.70,8.10,63.10,22.30,,"clear","colorless","jcampbell@field-ops.org","Ksandusky@battelleecology.org",
"5bc0a3d7-ab69-4da8-b5a3-af59e0e45b99","D03","FLNT","FLNT.AOS.groundwater.well.006",31.183474,-84.440532,0.1,35.4,0.1,"WGS84","2017-08-17T14:36Z","river",,,,"FLNT.W6.20170817","FLNT.20170817","NEON.DOC.002905vD","low-flow","Groundwater Pump",13.1,6.5,6.6,7.5,,,,,,,,,,2.5,,6.21,72.00,42.50,22.90,,"opaque","colorless","jcampbell@field-ops.org","Ksandusky@battelleecology.org","Total depth actually recorded is 11.56"
