uid,domainID,siteID,namedLocation,collectDate,parentSampleID,sampleCondition,sampleID,replicateNumber,gwwDICBubbleFree,gwwFiltSampleHeadspace,gwwAlkSampleHeadspace,gwwAlkSampleBubbleFree,processedDate,processedDateFilters,sampleVolumeFiltered,shipmentTimeRange
"7210391d-8316-4620-9ff3-c06cae1bf561","D03","FLNT","FLNT.AOS.groundwater.well.001","2017-08-15T14:52Z","FLNT.W1.20170815","Sample condition ok","FLNT.W1.20170815",1,,,,,"2017-08-15T14:51Z","2017-08-15T14:51Z",200.0,
"040bb008-d55d-487f-9939-b31ccdc81315","D03","FLNT","FLNT.AOS.groundwater.well.007","2017-08-15T16:06Z","FLNT.W7.20170815","Sample condition ok","FLNT.W7.20170815",1,,,,,"2017-08-15T16:06Z","2017-08-15T16:06Z",200.0,
"ce314f86-86be-4c7c-9149-975e7f2d95a6","D03","FLNT","FLNT.AOS.groundwater.well.002","2017-08-17T13:28Z","FLNT.W2.20170817","Sample condition ok","FLNT.W2.20170817",1,,,,,"2017-08-17T13:28Z","2017-08-17T13:28Z",400.0,
"9b09198b-81f0-4ba3-a6f4-cd7156b798e0","D03","FLNT","FLNT.AOS.groundwater.well.006","2017-08-17T14:36Z","FLNT.W6.20170817","Sample condition ok","FLNT.W6.20170817",1,,,,,"2017-08-17T14:36Z","2017-08-17T14:36Z",100.0,
