uid,domainID,siteID,namedLocation,sampleID,sampleCode,startDate,collectDate,laboratoryName,analyte,analyteConcentration,analyteUnits,coolerTemp,remarks,shipmentWarmQF,externalLabDataQF,sampleCondition
"26561d6a-c349-49c0-ac63-dbd597273b48","D03","FLNT","FLNT.AOS.groundwater.well.001","FLNT.W1.20170815.FIL",,"2017-08-15T14:52Z","2017-08-15T14:52Z","EcoCore_CSU","Br",0.0050,"milligramsPerLiter",1.5,,0,"formatChange","GOOD"
"f13b93b1-0564-4da6-b480-fdb64b024f0b","D03","FLNT","FLNT.AOS.groundwater.well.001","FLNT.W1.20170815.FIL",,"2017-08-15T14:52Z","2017-08-15T14:52Z","EcoCore_CSU","HCO3",293.0900,"milligramsPerLiter",1.5,,0,"formatChange","GOOD"
"16b6baa2-fb3f-4fc2-8187-f1056ac11f34","D03","FLNT","FLNT.AOS.groundwater.well.001","FLNT.W1.20170815.RAW",,"2017-08-15T14:52Z","2017-08-15T14:52Z","EcoCore_CSU","TSS",30.0000,"milligramsPerLiter",1.5,,0,"formatChange","GOOD"
"3cbc0c43-c223-4ff2-b642-012321982aef","D03","FLNT","FLNT.AOS.groundwater.well.001","FLNT.W1.20170815.RAW",,"2017-08-15T14:52Z","2017-08-15T14:52Z","EcoCore_CSU","TOC",0.2506,"milligramsPerLiter",1.5,,0,"formatChange","GOOD"
"129178e9-af85-46e9-8e5a-8e47f58807dc","D03","FLNT","FLNT.AOS.groundwater.well.001","FLNT.W1.20170815.FIL",,"2017-08-15T14:52Z","2017-08-15T14:52Z","EcoCore_CSU","Mg",0.6837,"milligramsPerLiter",1.5,,0,"formatChange","GOOD"
"1e7fa800-d740-44cc-a780-caf54f122a98","D03","FLNT","FLNT.AOS.groundwater.well.001","FLNT.W1.20170815.FIL",,"2017-08-15T14:52Z","2017-08-15T14:52Z","EcoCore_CSU","NH4 - N",0.0529,"milligramsPerLiter",1.5,,0,"formatChange","GOOD"
"735e00b0-2670-4269-8a1a-f84966c27d65","D03","FLNT","FLNT.AOS.groundwater.well.001","FLNT.W1.20170815.FIL",,"2017-08-15T14:52Z","2017-08-15T14:52Z","EcoCore_CSU","Mn",2.8460,"milligramsPerLiter",1.5,,0,"formatChange","GOOD"
"d15d5f0d-acc6-41b5-aa79-b9d7bf8c4a18","D03","FLNT","FLNT.AOS.groundwater.well.001","FLNT.W1.20170815.FIL",,"2017-08-15T14:52Z","2017-08-15T14:52Z","EcoCore_CSU","Ca",93.4710,"milligramsPerLiter",1.5,,0,"formatChange","GOOD"
"36317b38-3d2e-4947-9398-414fe8a4eafe","D03","FLNT","FLNT.AOS.groundwater.well.001","FLNT.W1.20170815.PCN",,"2017-08-15T14:52Z","2017-08-15T14:52Z","EcoCore_CSU","TPN",0.0531,"milligram",1.5,,0,"formatChange","GOOD"
"c855e1e0-01cf-4e98-9beb-786745aeb405","D03","FLNT","FLNT.AOS.groundwater.well.001","FLNT.W1.20170815.RAW",,"2017-08-15T14:52Z","2017-08-15T14:52Z","EcoCore_CSU","ANC",4.9500,"milliequivalentsPerLiter",1.5,,0,"formatChange","GOOD"
"55b3cc45-fb9e-4e61-a6a0-c0af26ece6d7","D03","FLNT","FLNT.AOS.groundwater.well.001","FLNT.W1.20170815.FIL",,"2017-08-15T14:52Z","2017-08-15T14:52Z","EcoCore_CSU","Ortho - P",0.0260,"milligramsPerLiter",1.5,,0,"formatChange","GOOD"
"3a7db120-959e-468c-bd97-301858fbde4f","D03","FLNT","FLNT.AOS.groundwater.well.001","FLNT.W1.20170815.FIL",,"2017-08-15T14:52Z","2017-08-15T14:52Z","EcoCore_CSU","UV Absorbance (250 nm)",0.0065,,1.5,,0,"formatChange","GOOD"
"2dfa3974-7975-4eae-aac0-65b1a8d5670f","D03","FLNT","FLNT.AOS.groundwater.well.001","FLNT.W1.20170815.FIL",,"2017-08-15T14:52Z","2017-08-15T14:52Z","EcoCore_CSU","Cl",3.0306,"milligramsPerLiter",1.5,,0,"formatChange","GOOD"
"df7fd660-7c0b-40ca-90b1-9cd4c154f933","D03","FLNT","FLNT.AOS.groundwater.well.001","FLNT.W1.20170815.FIL",,"2017-08-15T14:52Z","2017-08-15T14:52Z","EcoCore_CSU","TDS",338.9000,"milligramsPerLiter",1.5,,0,"formatChange","GOOD"
"80fae65e-c79d-4e6d-9f11-72fd562064f3","D03","FLNT","FLNT.AOS.groundwater.well.001","FLNT.W1.20170815.FIL",,"2017-08-15T14:52Z","2017-08-15T14:52Z","EcoCore_CSU","DOC",0.2459,"milligramsPerLiter",1.5,,0,"formatChange","GOOD"
"809cd102-7a2f-4e90-b78c-b2b1b645246e","D03","FLNT","FLNT.AOS.groundwater.well.001","FLNT.W1.20170815.FIL",,"2017-08-15T14:52Z","2017-08-15T14:52Z","EcoCore_CSU","Fe",0.0031,"milligramsPerLiter",1.5,,0,"formatChange","GOOD"
"95c7f92f-66f6-4302-8e84-e8d1a2d2ec23","D03","FLNT","FLNT.AOS.groundwater.well.001","FLNT.W1.20170815.PCN",,"2017-08-15T14:52Z","2017-08-15T14:52Z","EcoCore_CSU","TPC",0.6138,"milligram",1.5,,0,"formatChange","GOOD"
"f02c0726-6ce7-4403-ab38-165fa29b91a2","D03","FLNT","FLNT.AOS.groundwater.well.001","FLNT.W1.20170815.FIL",,"2017-08-15T14:52Z","2017-08-15T14:52Z","EcoCore_CSU","TDP",0.0005,"milligramsPerLiter",1.5,,0,"formatChange","GOOD"
"734b3152-c464-47d2-8d6c-f0c24cbdb0f2","D03","FLNT","FLNT.AOS.groundwater.well.001","FLNT.W1.20170815.FIL",,"2017-08-15T14:52Z","2017-08-15T14:52Z","EcoCore_CSU","UV Absorbance (280 nm)",0.0075,,1.5,,0,"formatChange","GOOD"
"dd0a0cf6-5fcf-493b-8d98-a67459f378cf","D03","FLNT","FLNT.AOS.groundwater.well.001","FLNT.W1.20170815.FIL",,"2017-08-15T14:52Z","2017-08-15T14:52Z","EcoCore_CSU","Na",1.5897,"milligramsPerLiter",1.5,,0,"formatChange","GOOD"
"eff4d0c0-32b8-463b-a7b3-0fa6408c356b","D03","FLNT","FLNT.AOS.groundwater.well.001","FLNT.W1.20170815.RAW",,"2017-08-15T14:52Z","2017-08-15T14:52Z","EcoCore_CSU","conductivity",481.8000,"microsiemensPerCentimeter",1.5,,0,"formatChange","GOOD"
"0044f0bd-4cfd-4c1a-b01f-5c57cbccd16a","D03","FLNT","FLNT.AOS.groundwater.well.001","FLNT.W1.20170815.FIL",,"2017-08-15T14:52Z","2017-08-15T14:52Z","EcoCore_CSU","Si",4.3708,"milligramsPerLiter",1.5,,0,"formatChange","GOOD"
"06c6b92b-c6e6-48ba-8a84-1f26cbcd1311","D03","FLNT","FLNT.AOS.groundwater.well.001","FLNT.W1.20170815.RAW",,"2017-08-15T14:52Z","2017-08-15T14:52Z","EcoCore_CSU","TP",0.0808,"milligramsPerLiter",1.5,,0,"formatChange","GOOD"
"31731809-952b-46ac-b5f6-8f4270f79bf3","D03","FLNT","FLNT.AOS.groundwater.well.001","FLNT.W1.20170815.FIL",,"2017-08-15T14:52Z","2017-08-15T14:52Z","EcoCore_CSU","F",0.0050,"milligramsPerLiter",1.5,,0,"formatChange","GOOD"
"39162fbf-61fb-44e9-90ba-bfd527b35686","D03","FLNT","FLNT.AOS.groundwater.well.001","FLNT.W1.20170815.RAW",,"2017-08-15T14:52Z","2017-08-15T14:52Z","EcoCore_CSU","pH",7.8000,"pH",1.5,,0,"formatChange","GOOD"
"cad070cf-59a1-4822-9bf7-08d8c9b38d96","D03","FLNT","FLNT.AOS.groundwater.well.001","FLNT.W1.20170815.FIL",,"2017-08-15T14:52Z","2017-08-15T14:52Z","EcoCore_CSU","TDN",0.5490,"milligramsPerLiter",1.5,,0,"formatChange","GOOD"
"f2131812-e46d-4a7f-b197-3452d21bb2b1","D03","FLNT","FLNT.AOS.groundwater.well.001","FLNT.W1.20170815.FIL",,"2017-08-15T14:52Z","2017-08-15T14:52Z","EcoCore_CSU","CO3",0.0000,"milligramsPerLiter",1.5,,0,"formatChange","GOOD"
"72446826-c1ed-4dbc-8d2b-46bf4c65d3f1","D03","FLNT","FLNT.AOS.groundwater.well.001","FLNT.W1.20170815.RAW",,"2017-08-15T14:52Z","2017-08-15T14:52Z","EcoCore_CSU","TN",0.7114,"milligramsPerLiter",1.5,,0,"formatChange","GOOD"
"f0353f63-56f9-4643-872a-a1a3945da8db","D03","FLNT","FLNT.AOS.groundwater.well.001","FLNT.W1.20170815.FIL",,"2017-08-15T14:52Z","2017-08-15T14:52Z","EcoCore_CSU","DIC",62.1100,"milligramsPerLiter",1.5,,0,"formatChange","GOOD"
"152a59e2-005b-4145-962e-1f6fe3a9d8ba","D03","FLNT","FLNT.AOS.groundwater.well.001","FLNT.W1.20170815.RAW",,"2017-08-15T14:52Z","2017-08-15T14:52Z","EcoCore_CSU","TSS - Dry Mass",1500.0000,"microgram",1.5,,0,"formatChange","GOOD"
"3fba991b-e916-4d6b-8097-ef5209670e4c","D03","FLNT","FLNT.AOS.groundwater.well.001","FLNT.W1.20170815.FIL",,"2017-08-15T14:52Z","2017-08-15T14:52Z","EcoCore_CSU","NO2 - N",-0.0044,"milligramsPerLiter",1.5,,0,"formatChange","GOOD"
"f5bdddc2-ff8c-47cc-9243-a34dc2bf5fcf","D03","FLNT","FLNT.AOS.groundwater.well.001","FLNT.W1.20170815.FIL",,"2017-08-15T14:52Z","2017-08-15T14:52Z","EcoCore_CSU","SO4",32.9854,"milligramsPerLiter",1.5,,0,"formatChange","GOOD"
"bb46e32c-6df9-4c6e-a72f-98bca99707ca","D03","FLNT","FLNT.AOS.groundwater.well.001","FLNT.W1.20170815.FIL",,"2017-08-15T14:52Z","2017-08-15T14:52Z","EcoCore_CSU","NO3+NO2 - N",0.5076,"milligramsPerLiter",1.5,,0,"formatChange","GOOD"
"f9337362-82ed-44a2-9aec-88757d96883a","D03","FLNT","FLNT.AOS.groundwater.well.001","FLNT.W1.20170815.FIL",,"2017-08-15T14:52Z","2017-08-15T14:52Z","EcoCore_CSU","K",0.1972,"milligramsPerLiter",1.5,,0,"formatChange","GOOD"
"1d00aa26-a3bc-43fa-b9dd-47f0c90d2497","D03","FLNT","FLNT.AOS.groundwater.well.007","FLNT.W7.20170815.RAW",,"2017-08-15T16:06Z","2017-08-15T16:06Z","EcoCore_CSU","conductivity",348.9000,"microsiemensPerCentimeter",1.5,,0,"formatChange","GOOD"
"816e0559-19e7-45a4-b3e9-eb7b078f8fd4","D03","FLNT","FLNT.AOS.groundwater.well.007","FLNT.W7.20170815.RAW",,"2017-08-15T16:06Z","2017-08-15T16:06Z","EcoCore_CSU","TP",0.0836,"milligramsPerLiter",1.5,,0,"formatChange","GOOD"
"9d69a54b-b84f-4471-a9dc-fed7244ccfdd","D03","FLNT","FLNT.AOS.groundwater.well.007","FLNT.W7.20170815.FIL",,"2017-08-15T16:06Z","2017-08-15T16:06Z","EcoCore_CSU","F",0.0050,"milligramsPerLiter",1.5,,0,"formatChange","GOOD"
"17558114-93d1-4355-bbbd-5394e2f1f968","D03","FLNT","FLNT.AOS.groundwater.well.007","FLNT.W7.20170815.RAW",,"2017-08-15T16:06Z","2017-08-15T16:06Z","EcoCore_CSU","TSS",14.0000,"milligramsPerLiter",1.5,,0,"formatChange","GOOD"
"97818751-2eb2-44d3-9094-ef6d0443c209","D03","FLNT","FLNT.AOS.groundwater.well.007","FLNT.W7.20170815.FIL",,"2017-08-15T16:06Z","2017-08-15T16:06Z","EcoCore_CSU","Br",0.0050,"milligramsPerLiter",1.5,,0,"formatChange","GOOD"
"6e58bd18-03f5-4ee0-b5cf-18aceefbeb53","D03","FLNT","FLNT.AOS.groundwater.well.007","FLNT.W7.20170815.PCN",,"2017-08-15T16:06Z","2017-08-15T16:06Z","EcoCore_CSU","TPN",0.0571,"milligram",1.5,,0,"formatChange","GOOD"
"43f83d09-ae27-40d5-86eb-52da6154778e","D03","FLNT","FLNT.AOS.groundwater.well.007","FLNT.W7.20170815.FIL",,"2017-08-15T16:06Z","2017-08-15T16:06Z","EcoCore_CSU","NO2 - N",0.0111,"milligramsPerLiter",1.5,,0,"formatChange","GOOD"
"9df1faf8-52f5-49f9-b6bf-790b0aecd449","D03","FLNT","FLNT.AOS.groundwater.well.007","FLNT.W7.20170815.FIL",,"2017-08-15T16:06Z","2017-08-15T16:06Z","EcoCore_CSU","K",0.2191,"milligramsPerLiter",1.5,,0,"formatChange","GOOD"
"c2dab1ab-fa63-4428-8a3b-9ff99a00c5ed","D03","FLNT","FLNT.AOS.groundwater.well.007","FLNT.W7.20170815.RAW",,"2017-08-15T16:06Z","2017-08-15T16:06Z","EcoCore_CSU","pH",7.8800,"pH",1.5,,0,"formatChange","GOOD"
"c5d599c1-21a3-4e3c-9472-69e0c22a3451","D03","FLNT","FLNT.AOS.groundwater.well.007","FLNT.W7.20170815.RAW",,"2017-08-15T16:06Z","2017-08-15T16:06Z","EcoCore_CSU","TSS - Dry Mass",700.0000,"microgram",1.5,,0,"formatChange","GOOD"
"8c873c52-c792-42c0-9aeb-cb915b2da6d7","D03","FLNT","FLNT.AOS.groundwater.well.007","FLNT.W7.20170815.FIL",,"2017-08-15T16:06Z","2017-08-15T16:06Z","EcoCore_CSU","DOC",0.0792,"milligramsPerLiter",1.5,,0,"formatChange","GOOD"
"fa0370b2-c7cc-476c-a664-3188cb472435","D03","FLNT","FLNT.AOS.groundwater.well.007","FLNT.W7.20170815.FIL",,"2017-08-15T16:06Z","2017-08-15T16:06Z","EcoCore_CSU","Mn",0.0028,"milligramsPerLiter",1.5,,0,"formatChange","GOOD"
"d17120df-4a62-45b5-8d43-0216b73b338e","D03","FLNT","FLNT.AOS.groundwater.well.007","FLNT.W7.20170815.PCN",,"2017-08-15T16:06Z","2017-08-15T16:06Z","EcoCore_CSU","TPC",0.3942,"milligram",1.5,,0,"formatChange","GOOD"
"93c8c7bb-5e7b-40f3-a7e7-4b7de6fc5833","D03","FLNT","FLNT.AOS.groundwater.well.007","FLNT.W7.20170815.FIL",,"2017-08-15T16:06Z","2017-08-15T16:06Z","EcoCore_CSU","HCO3",219.2600,"milligramsPerLiter",1.5,,0,"formatChange","GOOD"
"cbcf0bd8-9544-4c6a-b4f8-b9289246525e","D03","FLNT","FLNT.AOS.groundwater.well.007","FLNT.W7.20170815.FIL",,"2017-08-15T16:06Z","2017-08-15T16:06Z","EcoCore_CSU","SO4",1.7416,"milligramsPerLiter",1.5,,0,"formatChange","GOOD"
"b26a0311-0659-4de1-a2a6-0cc957213fa7","D03","FLNT","FLNT.AOS.groundwater.well.007","FLNT.W7.20170815.FIL",,"2017-08-15T16:06Z","2017-08-15T16:06Z","EcoCore_CSU","UV Absorbance (280 nm)",0.0046,,1.5,,0,"formatChange","GOOD"
"d1e5dd9e-e89a-4719-8504-8c394fc667e7","D03","FLNT","FLNT.AOS.groundwater.well.007","FLNT.W7.20170815.FIL",,"2017-08-15T16:06Z","2017-08-15T16:06Z","EcoCore_CSU","CO3",0.0000,"milligramsPerLiter",1.5,,0,"formatChange","GOOD"
"cd7a3e6d-289e-4645-a93e-ec48dced2809","D03","FLNT","FLNT.AOS.groundwater.well.007","FLNT.W7.20170815.FIL",,"2017-08-15T16:06Z","2017-08-15T16:06Z","EcoCore_CSU","NH4 - N",0.0411,"milligramsPerLiter",1.5,,0,"formatChange","GOOD"
"83f5745d-ca73-465b-9edb-4f50794156fa","D03","FLNT","FLNT.AOS.groundwater.well.007","FLNT.W7.20170815.FIL",,"2017-08-15T16:06Z","2017-08-15T16:06Z","EcoCore_CSU","Cl",3.0798,"milligramsPerLiter",1.5,,0,"formatChange","GOOD"
"855cbcc6-50fe-4a7a-a9af-c61d805b62a1","D03","FLNT","FLNT.AOS.groundwater.well.007","FLNT.W7.20170815.RAW",,"2017-08-15T16:06Z","2017-08-15T16:06Z","EcoCore_CSU","TN",1.4450,"milligramsPerLiter",1.5,,0,"formatChange","GOOD"
"cb35d6fe-bf97-4d7d-aa3f-94249e44efda","D03","FLNT","FLNT.AOS.groundwater.well.007","FLNT.W7.20170815.FIL",,"2017-08-15T16:06Z","2017-08-15T16:06Z","EcoCore_CSU","Na",1.5734,"milligramsPerLiter",1.5,,0,"formatChange","GOOD"
"6c5b8a2f-d9c4-407c-9cf2-f9ef1a71da72","D03","FLNT","FLNT.AOS.groundwater.well.007","FLNT.W7.20170815.FIL",,"2017-08-15T16:06Z","2017-08-15T16:06Z","EcoCore_CSU","Mg",0.6482,"milligramsPerLiter",1.5,,0,"formatChange","GOOD"
"8bf5a655-3c6a-4654-8d45-740c0e46e04a","D03","FLNT","FLNT.AOS.groundwater.well.007","FLNT.W7.20170815.RAW",,"2017-08-15T16:06Z","2017-08-15T16:06Z","EcoCore_CSU","ANC",3.6400,"milliequivalentsPerLiter",1.5,,0,"formatChange","GOOD"
"3be6b137-67a7-4148-b554-f8e6a90a4ea7","D03","FLNT","FLNT.AOS.groundwater.well.007","FLNT.W7.20170815.FIL",,"2017-08-15T16:06Z","2017-08-15T16:06Z","EcoCore_CSU","UV Absorbance (250 nm)",0.0070,,1.5,,0,"formatChange","GOOD"
"0ba01117-0431-48eb-b53e-d0fb3e7399c1","D03","FLNT","FLNT.AOS.groundwater.well.007","FLNT.W7.20170815.FIL",,"2017-08-15T16:06Z","2017-08-15T16:06Z","EcoCore_CSU","Ca",69.3270,"milligramsPerLiter",1.5,,0,"formatChange","GOOD"
"f225d3f2-8eef-498f-affb-e65332aeaff9","D03","FLNT","FLNT.AOS.groundwater.well.007","FLNT.W7.20170815.FIL",,"2017-08-15T16:06Z","2017-08-15T16:06Z","EcoCore_CSU","TDP",0.0009,"milligramsPerLiter",1.5,,0,"formatChange","GOOD"
"6d76ba32-032d-42d1-a941-1e341fae5d4d","D03","FLNT","FLNT.AOS.groundwater.well.007","FLNT.W7.20170815.FIL",,"2017-08-15T16:06Z","2017-08-15T16:06Z","EcoCore_CSU","TDS",245.3000,"milligramsPerLiter",1.5,,0,"formatChange","GOOD"
"f32198bf-4bc4-45f3-ac49-6d9dfd94009a","D03","FLNT","FLNT.AOS.groundwater.well.007","FLNT.W7.20170815.FIL",,"2017-08-15T16:06Z","2017-08-15T16:06Z","EcoCore_CSU","NO3+NO2 - N",1.4615,"milligramsPerLiter",1.5,,0,"formatChange","GOOD"
"06574220-d9af-4f8f-b959-a175abdcbeda","D03","FLNT","FLNT.AOS.groundwater.well.007","FLNT.W7.20170815.FIL",,"2017-08-15T16:06Z","2017-08-15T16:06Z","EcoCore_CSU","Ortho - P",0.0270,"milligramsPerLiter",1.5,,0,"formatChange","GOOD"
"421d0195-b55f-4d0c-92aa-7aac360e73a9","D03","FLNT","FLNT.AOS.groundwater.well.007","FLNT.W7.20170815.FIL",,"2017-08-15T16:06Z","2017-08-15T16:06Z","EcoCore_CSU","Fe",0.0180,"milligramsPerLiter",1.5,,0,"formatChange","GOOD"
"de409e27-f479-4286-910a-96ac81047c40","D03","FLNT","FLNT.AOS.groundwater.well.007","FLNT.W7.20170815.FIL",,"2017-08-15T16:06Z","2017-08-15T16:06Z","EcoCore_CSU","DIC",47.2000,"milligramsPerLiter",1.5,,0,"formatChange","GOOD"
"17278007-53ac-4da2-abf3-89cd78347d72","D03","FLNT","FLNT.AOS.groundwater.well.007","FLNT.W7.20170815.FIL",,"2017-08-15T16:06Z","2017-08-15T16:06Z","EcoCore_CSU","Si",3.8798,"milligramsPerLiter",1.5,,0,"formatChange","GOOD"
"a3ea60e0-3bf7-4c1e-b32b-3cd64191425f","D03","FLNT","FLNT.AOS.groundwater.well.007","FLNT.W7.20170815.RAW",,"2017-08-15T16:06Z","2017-08-15T16:06Z","EcoCore_CSU","TOC",0.2217,"milligramsPerLiter",1.5,,0,"formatChange","GOOD"
"83e9e160-8cd0-46c6-ba30-c715fb93e52a","D03","FLNT","FLNT.AOS.groundwater.well.007","FLNT.W7.20170815.FIL",,"2017-08-15T16:06Z","2017-08-15T16:06Z","EcoCore_CSU","TDN",1.4650,"milligramsPerLiter",1.5,,0,"formatChange","GOOD"
"b235a1ad-2a4e-41fb-81b7-49c5b35d2979","D03","FLNT","FLNT.AOS.groundwater.well.002","FLNT.W2.20170817.FIL",,"2017-08-17T13:28Z","2017-08-17T13:28Z","EcoCore_CSU","Mn",0.1663,"milligramsPerLiter",0.8,,0,"formatChange","GOOD"
"41ea5be0-ddd4-4dda-9220-e7cfb137a109","D03","FLNT","FLNT.AOS.groundwater.well.002","FLNT.W2.20170817.FIL",,"2017-08-17T13:28Z","2017-08-17T13:28Z","EcoCore_CSU","F",0.0050,"milligramsPerLiter",0.8,,0,"formatChange","GOOD"
"40cbe8a9-d4a8-41b9-9f07-a307f325d612","D03","FLNT","FLNT.AOS.groundwater.well.002","FLNT.W2.20170817.PCN",,"2017-08-17T13:28Z","2017-08-17T13:28Z","EcoCore_CSU","TPN",0.0959,"milligram",0.8,,0,"formatChange","GOOD"
"11f1053c-bf8f-450c-af59-7961f2fbc126","D03","FLNT","FLNT.AOS.groundwater.well.002","FLNT.W2.20170817.PCN",,"2017-08-17T13:28Z","2017-08-17T13:28Z","EcoCore_CSU","TPC",0.3094,"milligram",0.8,,0,"formatChange","GOOD"
"f25baf46-bfdb-445c-baf0-02a20616f216","D03","FLNT","FLNT.AOS.groundwater.well.002","FLNT.W2.20170817.FIL",,"2017-08-17T13:28Z","2017-08-17T13:28Z","EcoCore_CSU","TDS",37.4000,"milligramsPerLiter",0.8,,0,"formatChange","GOOD"
"b24c8b79-3fd1-49f1-8a5e-2e6b8177d7ec","D03","FLNT","FLNT.AOS.groundwater.well.002","FLNT.W2.20170817.FIL",,"2017-08-17T13:28Z","2017-08-17T13:28Z","EcoCore_CSU","Br",0.0050,"milligramsPerLiter",0.8,,0,"formatChange","GOOD"
"84b50df7-890c-4ae4-b489-de2cc64afbbe","D03","FLNT","FLNT.AOS.groundwater.well.002","FLNT.W2.20170817.FIL",,"2017-08-17T13:28Z","2017-08-17T13:28Z","EcoCore_CSU","Ca",7.1975,"milligramsPerLiter",0.8,,0,"formatChange","GOOD"
"3947859a-bb91-4074-8077-cb0e2a66961c","D03","FLNT","FLNT.AOS.groundwater.well.002","FLNT.W2.20170817.FIL",,"2017-08-17T13:28Z","2017-08-17T13:28Z","EcoCore_CSU","HCO3",32.6000,"milligramsPerLiter",0.8,,0,"formatChange","GOOD"
"91ba0789-5ae0-443b-970c-0fbeedbb39f9","D03","FLNT","FLNT.AOS.groundwater.well.002","FLNT.W2.20170817.FIL",,"2017-08-17T13:28Z","2017-08-17T13:28Z","EcoCore_CSU","UV Absorbance (280 nm)",0.0075,,0.8,,0,"formatChange","GOOD"
"26ba213d-e11a-40d4-bb4e-0a815b7e3f87","D03","FLNT","FLNT.AOS.groundwater.well.002","FLNT.W2.20170817.FIL",,"2017-08-17T13:28Z","2017-08-17T13:28Z","EcoCore_CSU","TDP",0.0193,"milligramsPerLiter",0.8,,0,"formatChange","GOOD"
"6b091221-fad2-4327-97a8-e3459c582a7d","D03","FLNT","FLNT.AOS.groundwater.well.002","FLNT.W2.20170817.RAW",,"2017-08-17T13:28Z","2017-08-17T13:28Z","EcoCore_CSU","conductivity",55.6000,"microsiemensPerCentimeter",0.8,,0,"formatChange","GOOD"
"71a3f245-cebf-4e4a-a8a7-3895f1fbf626","D03","FLNT","FLNT.AOS.groundwater.well.002","FLNT.W2.20170817.FIL",,"2017-08-17T13:28Z","2017-08-17T13:28Z","EcoCore_CSU","Fe",0.0018,"milligramsPerLiter",0.8,,0,"formatChange","GOOD"
"dd667c7f-8d82-4faa-a790-9ec17694d8ec","D03","FLNT","FLNT.AOS.groundwater.well.002","FLNT.W2.20170817.FIL",,"2017-08-17T13:28Z","2017-08-17T13:28Z","EcoCore_CSU","DIC",8.1970,"milligramsPerLiter",0.8,,0,"formatChange","GOOD"
"2e7d8f5a-8e27-4b27-9c3a-2d02a92f4bf7","D03","FLNT","FLNT.AOS.groundwater.well.002","FLNT.W2.20170817.RAW",,"2017-08-17T13:28Z","2017-08-17T13:28Z","EcoCore_CSU","ANC",0.6700,"milliequivalentsPerLiter",0.8,,0,"formatChange","GOOD"
"1fe0f933-60b6-4ddc-b5ab-881dcaacb47a","D03","FLNT","FLNT.AOS.groundwater.well.002","FLNT.W2.20170817.FIL",,"2017-08-17T13:28Z","2017-08-17T13:28Z","EcoCore_CSU","NO3+NO2 - N",0.0531,"milligramsPerLiter",0.8,,0,"formatChange","GOOD"
"b7a405d1-5ba5-487c-a314-53e163477b4a","D03","FLNT","FLNT.AOS.groundwater.well.002","FLNT.W2.20170817.FIL",,"2017-08-17T13:28Z","2017-08-17T13:28Z","EcoCore_CSU","SO4",0.7486,"milligramsPerLiter",0.8,,0,"formatChange","GOOD"
"927713d3-e4eb-4931-994a-c7cacb4f38d4","D03","FLNT","FLNT.AOS.groundwater.well.002","FLNT.W2.20170817.RAW",,"2017-08-17T13:28Z","2017-08-17T13:28Z","EcoCore_CSU","pH",7.1500,"pH",0.8,,0,"formatChange","GOOD"
"480413d5-c41b-4a84-af0f-f7a5150791d6","D03","FLNT","FLNT.AOS.groundwater.well.002","FLNT.W2.20170817.FIL",,"2017-08-17T13:28Z","2017-08-17T13:28Z","EcoCore_CSU","Cl",2.1415,"milligramsPerLiter",0.8,,0,"formatChange","GOOD"
"2a7f36f2-6b27-42fc-bc96-03065603b57f","D03","FLNT","FLNT.AOS.groundwater.well.002","FLNT.W2.20170817.FIL",,"2017-08-17T13:28Z","2017-08-17T13:28Z","EcoCore_CSU","CO3",0.0000,"milligramsPerLiter",0.8,,0,"formatChange","GOOD"
"90bbbb99-1529-4de3-9d69-795fdb6d5e7b","D03","FLNT","FLNT.AOS.groundwater.well.002","FLNT.W2.20170817.FIL",,"2017-08-17T13:28Z","2017-08-17T13:28Z","EcoCore_CSU","Na",1.5923,"milligramsPerLiter",0.8,,0,"formatChange","GOOD"
"0d6e2cb4-d6b1-4eb2-abd3-6d727d4b826a","D03","FLNT","FLNT.AOS.groundwater.well.002","FLNT.W2.20170817.RAW",,"2017-08-17T13:28Z","2017-08-17T13:28Z","EcoCore_CSU","TOC",0.5388,"milligramsPerLiter",0.8,,0,"formatChange","GOOD"
"b34123ea-65ea-43a0-9548-46eb48f0bbb8","D03","FLNT","FLNT.AOS.groundwater.well.002","FLNT.W2.20170817.RAW",,"2017-08-17T13:28Z","2017-08-17T13:28Z","EcoCore_CSU","TSS - Dry Mass",200.0000,"microgram",0.8,,0,"formatChange","GOOD"
"81f8cdca-0c49-4528-bb5e-3187b8b9894d","D03","FLNT","FLNT.AOS.groundwater.well.002","FLNT.W2.20170817.FIL",,"2017-08-17T13:28Z","2017-08-17T13:28Z","EcoCore_CSU","DOC",0.5683,"milligramsPerLiter",0.8,,0,"formatChange","GOOD"
"e6311e0f-48ee-42b8-82cf-6033f1fc3e54","D03","FLNT","FLNT.AOS.groundwater.well.002","FLNT.W2.20170817.FIL",,"2017-08-17T13:28Z","2017-08-17T13:28Z","EcoCore_CSU","NO2 - N",0.0022,"milligramsPerLiter",0.8,,0,"formatChange","GOOD"
"c9561985-7c35-489a-8194-9b357ae86d8c","D03","FLNT","FLNT.AOS.groundwater.well.002","FLNT.W2.20170817.FIL",,"2017-08-17T13:28Z","2017-08-17T13:28Z","EcoCore_CSU","K",0.5952,"milligramsPerLiter",0.8,,0,"formatChange","GOOD"
"4b0678c6-ae1a-4d1b-aa82-c7fead75d18f","D03","FLNT","FLNT.AOS.groundwater.well.002","FLNT.W2.20170817.RAW",,"2017-08-17T13:28Z","2017-08-17T13:28Z","EcoCore_CSU","TSS",4.0000,"milligramsPerLiter",0.8,,0,"formatChange","GOOD"
"c123f54d-d9e6-420b-91f8-097192a1c8ba","D03","FLNT","FLNT.AOS.groundwater.well.002","FLNT.W2.20170817.FIL",,"2017-08-17T13:28Z","2017-08-17T13:28Z","EcoCore_CSU","NH4 - N",0.0533,"milligramsPerLiter",0.8,,0,"formatChange","GOOD"
"76327a37-13c1-4160-92ac-7a5e0384d21d","D03","FLNT","FLNT.AOS.groundwater.well.002","FLNT.W2.20170817.RAW",,"2017-08-17T13:28Z","2017-08-17T13:28Z","EcoCore_CSU","TP",0.0907,"milligramsPerLiter",0.8,,0,"formatChange","GOOD"
"7e5ca405-c186-46f6-bf59-bfb8788e2025","D03","FLNT","FLNT.AOS.groundwater.well.002","FLNT.W2.20170817.FIL",,"2017-08-17T13:28Z","2017-08-17T13:28Z","EcoCore_CSU","Si",8.9054,"milligramsPerLiter",0.8,,0,"formatChange","GOOD"
"5d8be9ec-c488-4b4d-aff1-dc8309b2eced","D03","FLNT","FLNT.AOS.groundwater.well.002","FLNT.W2.20170817.FIL",,"2017-08-17T13:28Z","2017-08-17T13:28Z","EcoCore_CSU","Ortho - P",0.0440,"milligramsPerLiter",0.8,,0,"formatChange","GOOD"
"fffef5f5-c862-41a5-be6a-c74a5f85556a","D03","FLNT","FLNT.AOS.groundwater.well.002","FLNT.W2.20170817.FIL",,"2017-08-17T13:28Z","2017-08-17T13:28Z","EcoCore_CSU","Mg",1.0815,"milligramsPerLiter",0.8,,0,"formatChange","GOOD"
"f48777b9-ec10-4936-93a5-cbb0c9902cc4","D03","FLNT","FLNT.AOS.groundwater.well.002","FLNT.W2.20170817.RAW",,"2017-08-17T13:28Z","2017-08-17T13:28Z","EcoCore_CSU","TN",-0.0238,"milligramsPerLiter",0.8,,0,"formatChange","GOOD"
"683c3686-59f8-4c95-847a-423449cc2379","D03","FLNT","FLNT.AOS.groundwater.well.002","FLNT.W2.20170817.FIL",,"2017-08-17T13:28Z","2017-08-17T13:28Z","EcoCore_CSU","UV Absorbance (250 nm)",0.0129,,0.8,,0,"formatChange","GOOD"
"474a6f10-8d62-4226-b537-5c2fc08a0856","D03","FLNT","FLNT.AOS.groundwater.well.002","FLNT.W2.20170817.FIL",,"2017-08-17T13:28Z","2017-08-17T13:28Z","EcoCore_CSU","TDN",-0.0080,"milligramsPerLiter",0.8,,0,"formatChange","GOOD"
"4ee35fdd-32ed-4bad-93f9-8c77b141b5ad","D03","FLNT","FLNT.AOS.groundwater.well.006","FLNT.W6.20170817.FIL",,"2017-08-17T14:36Z","2017-08-17T14:36Z","EcoCore_CSU","F",0.0050,"milligramsPerLiter",0.8,,0,"formatChange","GOOD"
"dd3429ec-a856-4c00-9b50-08a0221abc99","D03","FLNT","FLNT.AOS.groundwater.well.006","FLNT.W6.20170817.RAW",,"2017-08-17T14:36Z","2017-08-17T14:36Z","EcoCore_CSU","TN",0.5202,"milligramsPerLiter",0.8,,0,"formatChange","GOOD"
"8369e07d-3f9a-4e78-88e2-985b8d2cf4a2","D03","FLNT","FLNT.AOS.groundwater.well.006","FLNT.W6.20170817.RAW",,"2017-08-17T14:36Z","2017-08-17T14:36Z","EcoCore_CSU","TP",0.0621,"milligramsPerLiter",0.8,,0,"formatChange","GOOD"
"f693581a-72b9-4edb-ae09-5ad16d29966a","D03","FLNT","FLNT.AOS.groundwater.well.006","FLNT.W6.20170817.FIL",,"2017-08-17T14:36Z","2017-08-17T14:36Z","EcoCore_CSU","NO3+NO2 - N",0.5113,"milligramsPerLiter",0.8,,0,"formatChange","GOOD"
"a2f5ef02-b734-4f6e-8310-b33cfb916d8a","D03","FLNT","FLNT.AOS.groundwater.well.006","FLNT.W6.20170817.PCN",,"2017-08-17T14:36Z","2017-08-17T14:36Z","EcoCore_CSU","TPC",0.2436,"milligram",0.8,,0,"formatChange","GOOD"
"7396fe2d-3eb0-4275-8dd1-72b3f7124e54","D03","FLNT","FLNT.AOS.groundwater.well.006","FLNT.W6.20170817.FIL",,"2017-08-17T14:36Z","2017-08-17T14:36Z","EcoCore_CSU","Si",9.0544,"milligramsPerLiter",0.8,,0,"formatChange","GOOD"
"36ce8181-a3cc-453e-902a-8bc2675594ca","D03","FLNT","FLNT.AOS.groundwater.well.006","FLNT.W6.20170817.FIL",,"2017-08-17T14:36Z","2017-08-17T14:36Z","EcoCore_CSU","TDP",0.0005,"milligramsPerLiter",0.8,,0,"formatChange","GOOD"
"105781c2-1676-4b84-a1d4-0792b12ed0fb","D03","FLNT","FLNT.AOS.groundwater.well.006","FLNT.W6.20170817.FIL",,"2017-08-17T14:36Z","2017-08-17T14:36Z","EcoCore_CSU","Mn",0.0621,"milligramsPerLiter",0.8,,0,"formatChange","GOOD"
"29715db8-7744-4ebd-a941-8176d11bd7c5","D03","FLNT","FLNT.AOS.groundwater.well.006","FLNT.W6.20170817.RAW",,"2017-08-17T14:36Z","2017-08-17T14:36Z","EcoCore_CSU","conductivity",24.9000,"microsiemensPerCentimeter",0.8,,0,"formatChange","GOOD"
"b5546e80-bde7-467e-a6b7-c44ebdf17a80","D03","FLNT","FLNT.AOS.groundwater.well.006","FLNT.W6.20170817.RAW",,"2017-08-17T14:36Z","2017-08-17T14:36Z","EcoCore_CSU","ANC",0.2800,"milliequivalentsPerLiter",0.8,,0,"formatChange","GOOD"
"c6b2fb57-fec9-4747-a4d1-121ac0c4a5ea","D03","FLNT","FLNT.AOS.groundwater.well.006","FLNT.W6.20170817.FIL",,"2017-08-17T14:36Z","2017-08-17T14:36Z","EcoCore_CSU","NH4 - N",0.0520,"milligramsPerLiter",0.8,,0,"formatChange","GOOD"
"f7a9b35b-40cb-4d30-b675-7ad9a267a52f","D03","FLNT","FLNT.AOS.groundwater.well.006","FLNT.W6.20170817.FIL",,"2017-08-17T14:36Z","2017-08-17T14:36Z","EcoCore_CSU","TDS",16.9100,"milligramsPerLiter",0.8,,0,"formatChange","GOOD"
"623f8235-f95e-40db-a6af-a407a67b167d","D03","FLNT","FLNT.AOS.groundwater.well.006","FLNT.W6.20170817.FIL",,"2017-08-17T14:36Z","2017-08-17T14:36Z","EcoCore_CSU","Br",0.0050,"milligramsPerLiter",0.8,,0,"formatChange","GOOD"
"1d8119ff-13a6-4644-8091-a0510697f7bb","D03","FLNT","FLNT.AOS.groundwater.well.006","FLNT.W6.20170817.FIL",,"2017-08-17T14:36Z","2017-08-17T14:36Z","EcoCore_CSU","DOC",0.2718,"milligramsPerLiter",0.8,,0,"formatChange","GOOD"
"a82cabe8-407f-43a6-91bd-2386a56b7b86","D03","FLNT","FLNT.AOS.groundwater.well.006","FLNT.W6.20170817.FIL",,"2017-08-17T14:36Z","2017-08-17T14:36Z","EcoCore_CSU","Ortho - P",0.0330,"milligramsPerLiter",0.8,,0,"formatChange","GOOD"
"712f412b-bc19-4562-be54-25624b16a077","D03","FLNT","FLNT.AOS.groundwater.well.006","FLNT.W6.20170817.FIL",,"2017-08-17T14:36Z","2017-08-17T14:36Z","EcoCore_CSU","Fe",0.0005,"milligramsPerLiter",0.8,,0,"formatChange","GOOD"
"13bb102e-1992-4417-93d0-5fa7be4902bf","D03","FLNT","FLNT.AOS.groundwater.well.006","FLNT.W6.20170817.FIL",,"2017-08-17T14:36Z","2017-08-17T14:36Z","EcoCore_CSU","DIC",8.7330,"milligramsPerLiter",0.8,,0,"formatChange","GOOD"
"8b85ca68-7ff6-4223-9e9d-1da670f5b875","D03","FLNT","FLNT.AOS.groundwater.well.006","FLNT.W6.20170817.FIL",,"2017-08-17T14:36Z","2017-08-17T14:36Z","EcoCore_CSU","UV Absorbance (250 nm)",0.1836,,0.8,,0,"formatChange","GOOD"
"1c0a48a4-34ea-45d1-baf1-88274fee1a68","D03","FLNT","FLNT.AOS.groundwater.well.006","FLNT.W6.20170817.FIL",,"2017-08-17T14:36Z","2017-08-17T14:36Z","EcoCore_CSU","NO2 - N",0.0032,"milligramsPerLiter",0.8,,0,"formatChange","GOOD"
"32083bd4-3358-47f6-b11b-ec3ec181f0bd","D03","FLNT","FLNT.AOS.groundwater.well.006","FLNT.W6.20170817.FIL",,"2017-08-17T14:36Z","2017-08-17T14:36Z","EcoCore_CSU","Ca",2.5319,"milligramsPerLiter",0.8,,0,"formatChange","GOOD"
"630a0bc6-a019-4cb5-8918-730341c80f7f","D03","FLNT","FLNT.AOS.groundwater.well.006","FLNT.W6.20170817.FIL",,"2017-08-17T14:36Z","2017-08-17T14:36Z","EcoCore_CSU","HCO3",15.4100,"milligramsPerLiter",0.8,,0,"formatChange","GOOD"
"813cd792-863e-42c7-8d22-854d25de0f17","D03","FLNT","FLNT.AOS.groundwater.well.006","FLNT.W6.20170817.FIL",,"2017-08-17T14:36Z","2017-08-17T14:36Z","EcoCore_CSU","K",0.1491,"milligramsPerLiter",0.8,,0,"formatChange","GOOD"
"9b3febb8-930e-4bd3-8dfc-81fa30e1c4b7","D03","FLNT","FLNT.AOS.groundwater.well.006","FLNT.W6.20170817.PCN",,"2017-08-17T14:36Z","2017-08-17T14:36Z","EcoCore_CSU","TPN",0.0852,"milligram",0.8,,0,"formatChange","GOOD"
"f4ed8d3a-12a0-4373-93cc-88b4d1cb7bba","D03","FLNT","FLNT.AOS.groundwater.well.006","FLNT.W6.20170817.RAW",,"2017-08-17T14:36Z","2017-08-17T14:36Z","EcoCore_CSU","TSS",260.0000,"milligramsPerLiter",0.8,,0,"formatChange","GOOD"
"b7793c11-1a27-46f4-99c0-52d3f166f5b5","D03","FLNT","FLNT.AOS.groundwater.well.006","FLNT.W6.20170817.RAW",,"2017-08-17T14:36Z","2017-08-17T14:36Z","EcoCore_CSU","pH",7.1600,"pH",0.8,,0,"formatChange","GOOD"
"a06f3042-5093-4011-be9b-f92e7f37ccb4","D03","FLNT","FLNT.AOS.groundwater.well.006","FLNT.W6.20170817.FIL",,"2017-08-17T14:36Z","2017-08-17T14:36Z","EcoCore_CSU","Cl",3.4101,"milligramsPerLiter",0.8,,0,"formatChange","GOOD"
"6bcee374-0d5c-47d4-8c44-e1821e61202f","D03","FLNT","FLNT.AOS.groundwater.well.006","FLNT.W6.20170817.FIL",,"2017-08-17T14:36Z","2017-08-17T14:36Z","EcoCore_CSU","TDN",0.4398,"milligramsPerLiter",0.8,,0,"formatChange","GOOD"
"aa10c1f5-29d4-4224-a773-a26c1c91c117","D03","FLNT","FLNT.AOS.groundwater.well.006","FLNT.W6.20170817.RAW",,"2017-08-17T14:36Z","2017-08-17T14:36Z","EcoCore_CSU","TSS - Dry Mass",13000.0000,"microgram",0.8,,0,"formatChange","GOOD"
"f91e8b4c-2e14-4a49-ad37-99e9d3ecb51b","D03","FLNT","FLNT.AOS.groundwater.well.006","FLNT.W6.20170817.FIL",,"2017-08-17T14:36Z","2017-08-17T14:36Z","EcoCore_CSU","UV Absorbance (280 nm)",0.1569,,0.8,,0,"formatChange","GOOD"
"5d609db7-f046-4a4b-8b9a-4a1375d0290f","D03","FLNT","FLNT.AOS.groundwater.well.006","FLNT.W6.20170817.FIL",,"2017-08-17T14:36Z","2017-08-17T14:36Z","EcoCore_CSU","Na",2.5151,"milligramsPerLiter",0.8,,0,"formatChange","GOOD"
"e71289de-ad0d-4af1-a77f-eeef0f7ecdc2","D03","FLNT","FLNT.AOS.groundwater.well.006","FLNT.W6.20170817.FIL",,"2017-08-17T14:36Z","2017-08-17T14:36Z","EcoCore_CSU","Mg",0.1552,"milligramsPerLiter",0.8,,0,"formatChange","GOOD"
"73728912-e177-4e86-8bdd-74273aa5fadd","D03","FLNT","FLNT.AOS.groundwater.well.006","FLNT.W6.20170817.FIL",,"2017-08-17T14:36Z","2017-08-17T14:36Z","EcoCore_CSU","SO4",0.4753,"milligramsPerLiter",0.8,,0,"formatChange","GOOD"
"086c8ac8-135f-4095-a783-a6796def4faf","D03","FLNT","FLNT.AOS.groundwater.well.006","FLNT.W6.20170817.FIL",,"2017-08-17T14:36Z","2017-08-17T14:36Z","EcoCore_CSU","CO3",0.0000,"milligramsPerLiter",0.8,,0,"formatChange","GOOD"
"da530eb1-b610-4ef1-b3c4-a8b619a821ed","D03","FLNT","FLNT.AOS.groundwater.well.006","FLNT.W6.20170817.RAW",,"2017-08-17T14:36Z","2017-08-17T14:36Z","EcoCore_CSU","TOC",0.2786,"milligramsPerLiter",0.8,,0,"formatChange","GOOD"
