uid,domainID,siteID,namedLocation,decimalLatitude,decimalLongitude,coordinateUncertainty,elevation,elevationUncertainty,geodeticDatum,collectDate,aquaticSiteType,samplingImpractical,waterChemSamplesCollected,adequateSampleVol,parentSampleID,eventID,swcSamplingProtocolVersion,sampleExtractionMethod,samplerType,totalWellDepth,wellWaterDepth,waterColumnHeight,sampleDepth,purgeAverageDischargeRate,purgeTime,gwWellStabilized,purgeDryDateTime,pumpPlacementDate,screenedIntervalDepth,maxAllowableDrawdown,actualDrawdown,MADExceeded,wellVolumePurged,probeIDUnavailable,dissolvedOxygen,dissolvedOxygenSaturation,specificConductance,waterTemp,pH,waterClarityDescrip,waterColorDescrip,aCollectedBy,bCollectedBy,remarks
"4109f75b-c846-4e0e-802d-7550a0113a6c","D03","FLNT","FLNT.AOS.groundwater.well.001",31.186270,-84.437423,0.1,35.0,0.1,"WGS84","2018-07-24T13:23Z","river",,,,"FLNT.W1.20180724","FLNT.20180724","NEON.DOC.002905vE","low-flow","Groundwater Pump",11.5,7.6,3.9,8.6,,,,,,,,,,3.7,,6.05,67.40,300.50,20.30,,"cloudy","brown","kross@BattelleEcology.org","kross@BattelleEcology.org","Total well depth 11.59 meters with new snorkel caps and new ring stopper placement"
"e91e7471-4805-4c9a-b018-5d2a8d632866","D03","FLNT","FLNT.AOS.groundwater.well.003",31.185574,-84.438204,0.1,33.9,0.1,"WGS84","2018-07-24T17:36Z","river",,,,"FLNT.W3.20180724","FLNT.20180724","NEON.DOC.002905vE","low-flow","Groundwater Pump",11.5,6.5,5.1,7.5,,,,,,,,,,2.4,,0.70,8.50,307.70,22.00,,"opaque","brown","kross@BattelleEcology.org","kross@BattelleEcology.org","Total well depth 11.61 meters with new snorkel caps and new ring stopper placement"
"dd66b849-e86d-4c7a-960c-fa95d4b25858","D03","FLNT","FLNT.AOS.groundwater.well.007",31.182761,-84.441471,0.1,35.8,0.1,"WGS84","2018-07-25T13:06Z","river",,,,"FLNT.W7.20180725","FLNT.20180725","NEON.DOC.002905vE","low-flow","Groundwater Pump",13.1,8.5,4.7,9.5,,,,,,,,,,9.1,,1.80,19.50,312.50,20.60,,"cloudy","gray","kross@BattelleEcology.org","kross@BattelleEcology.org","Total well depth 13.19 meters with new snorkel caps and new ring stopper placement"
"5afb37da-0b33-4df4-95b9-d4f65f1b03fd","D03","FLNT","FLNT.AOS.groundwater.well.006",31.183474,-84.440532,0.1,35.4,0.1,"WGS84","2018-07-25T15:04Z","river",,,,"FLNT.W6.20180725","FLNT.20180725","NEON.DOC.002905vE","low-flow","Groundwater Pump",13.1,8.0,5.0,9.0,,,,,,,,,,3.9,,4.50,49.20,334.80,20.50,,"clear","colorless","kross@BattelleEcology.org","kross@BattelleEcology.org","Total well depth 13.14 meters with new snorkel caps and new ring stopper placement"
