uid,domainID,siteID,namedLocation,sampleID,sampleCode,startDate,collectDate,laboratoryName,analyte,analyteConcentration,analyteUnits,coolerTemp,remarks,shipmentWarmQF,externalLabDataQF,sampleCondition
"b7384a82-28f2-481a-9733-eecfd8db5415","D03","FLNT","FLNT.AOS.groundwater.well.001","FLNT.W1.20180724.RAW","A00000003510","2018-07-24T13:23Z","2018-07-24T13:23Z","EcoCore_CSU","conductivity",251.2900,"microsiemensPerCentimeter",2.0,,0,"formatChange","GOOD"
"c722521f-c2c9-47d5-a131-0362f201342b","D03","FLNT","FLNT.AOS.groundwater.well.001","FLNT.W1.20180724.FIL","A00000003497","2018-07-24T13:23Z","2018-07-24T13:23Z","EcoCore_CSU","F",0.0050,"milligramsPerLiter",2.0,,0,"formatChange","GOOD"
"84ea1779-cf45-4474-a1ac-aba1d7d3fd8d","D03","FLNT","FLNT.AOS.groundwater.well.001","FLNT.W1.20180724.RAW","A00000003510","2018-07-24T13:23Z","2018-07-24T13:23Z","EcoCore_CSU","TOC",0.2957,"milligramsPerLiter",2.0,,0,"formatChange","GOOD"
"b607f85f-2b06-4756-8bab-d5c36d13f54f","D03","FLNT","FLNT.AOS.groundwater.well.001","FLNT.W1.20180724.FIL","A00000003497","2018-07-24T13:23Z","2018-07-24T13:23Z","EcoCore_CSU","NH4 - N",0.0420,"milligramsPerLiter",2.0,,0,"formatChange","GOOD"
"5d4b3b11-7fe9-4f50-b6ce-b538ea6d82c6","D03","FLNT","FLNT.AOS.groundwater.well.001","FLNT.W1.20180724.RAW","A00000003510","2018-07-24T13:23Z","2018-07-24T13:23Z","EcoCore_CSU","TP",0.0810,"milligramsPerLiter",2.0,,0,"formatChange","GOOD"
"d1dd4fd3-318e-4a99-97a1-99e20f17b09e","D03","FLNT","FLNT.AOS.groundwater.well.001","FLNT.W1.20180724.FIL","A00000003497","2018-07-24T13:23Z","2018-07-24T13:23Z","EcoCore_CSU","K",0.1650,"milligramsPerLiter",2.0,,0,"formatChange","GOOD"
"e7d19a3c-c2ea-414c-9aa9-b65920ffff7c","D03","FLNT","FLNT.AOS.groundwater.well.001","FLNT.W1.20180724.RAW","A00000003510","2018-07-24T13:23Z","2018-07-24T13:23Z","EcoCore_CSU","TSS - Dry Mass",1100.0000,"microgram",2.0,,0,"formatChange","GOOD"
"3ec2c786-74f9-4c67-948d-77874e835587","D03","FLNT","FLNT.AOS.groundwater.well.001","FLNT.W1.20180724.RAW","A00000003510","2018-07-24T13:23Z","2018-07-24T13:23Z","EcoCore_CSU","pH",7.6100,"pH",2.0,,0,"formatChange","GOOD"
"c44d8e6c-3678-49b8-94b4-654e8b913501","D03","FLNT","FLNT.AOS.groundwater.well.001","FLNT.W1.20180724.RAW","A00000003510","2018-07-24T13:23Z","2018-07-24T13:23Z","EcoCore_CSU","TN",1.4170,"milligramsPerLiter",2.0,,0,"formatChange","GOOD"
"75737bd3-4cf8-4b7d-9d38-81ff3129503a","D03","FLNT","FLNT.AOS.groundwater.well.001","FLNT.W1.20180724.PCN","A00000003509","2018-07-24T13:23Z","2018-07-24T13:23Z","EcoCore_CSU","TPC",0.2974,"milligram",2.0,,0,"formatChange","GOOD"
"0a2901f5-ea96-4423-ac84-037bf57ca369","D03","FLNT","FLNT.AOS.groundwater.well.001","FLNT.W1.20180724.RAW","A00000003510","2018-07-24T13:23Z","2018-07-24T13:23Z","EcoCore_CSU","TSS",22.0000,"milligramsPerLiter",2.0,,0,"formatChange","GOOD"
"1b404cfe-2ed9-484b-9387-3ad7caf4e328","D03","FLNT","FLNT.AOS.groundwater.well.001","FLNT.W1.20180724.FIL","A00000003497","2018-07-24T13:23Z","2018-07-24T13:23Z","EcoCore_CSU","NO2 - N",0.0212,"milligramsPerLiter",2.0,,0,"formatChange","GOOD"
"fb0a3461-3c08-4efb-9d17-cfb656888227","D03","FLNT","FLNT.AOS.groundwater.well.001","FLNT.W1.20180724.FIL","A00000003497","2018-07-24T13:23Z","2018-07-24T13:23Z","EcoCore_CSU","Si",4.2800,"milligramsPerLiter",2.0,,0,"formatChange","GOOD"
"5fbe6b54-9452-4ba9-92ef-58bc0383a09d","D03","FLNT","FLNT.AOS.groundwater.well.001","FLNT.W1.20180724.FIL","A00000003497","2018-07-24T13:23Z","2018-07-24T13:23Z","EcoCore_CSU","TDP",0.0005,"milligramsPerLiter",2.0,,0,"formatChange","GOOD"
"8bc7f172-027c-4f65-a2d1-52933b738605","D03","FLNT","FLNT.AOS.groundwater.well.001","FLNT.W1.20180724.FIL","A00000003497","2018-07-24T13:23Z","2018-07-24T13:23Z","EcoCore_CSU","TDS",174.8000,"milligramsPerLiter",2.0,,0,"formatChange","GOOD"
"fc3f302b-2b94-4c78-a5da-d8bc06eadeeb","D03","FLNT","FLNT.AOS.groundwater.well.001","FLNT.W1.20180724.RAW","A00000003510","2018-07-24T13:23Z","2018-07-24T13:23Z","EcoCore_CSU","ANC",2.2500,"milliequivalentsPerLiter",2.0,,0,"formatChange","GOOD"
"2d51ecd1-c0f2-4dab-9d54-8a35183f0218","D03","FLNT","FLNT.AOS.groundwater.well.001","FLNT.W1.20180724.FIL","A00000003497","2018-07-24T13:23Z","2018-07-24T13:23Z","EcoCore_CSU","Na",1.5080,"milligramsPerLiter",2.0,,0,"formatChange","GOOD"
"6211d810-3f51-4cd4-ad28-eaa184096941","D03","FLNT","FLNT.AOS.groundwater.well.001","FLNT.W1.20180724.PCN","A00000003509","2018-07-24T13:23Z","2018-07-24T13:23Z","EcoCore_CSU","TPN",0.0758,"milligram",2.0,,0,"formatChange","GOOD"
"ca14baa3-cf74-42d7-9924-26a4df346162","D03","FLNT","FLNT.AOS.groundwater.well.001","FLNT.W1.20180724.FIL","A00000003497","2018-07-24T13:23Z","2018-07-24T13:23Z","EcoCore_CSU","Br",0.0050,"milligramsPerLiter",2.0,,0,"formatChange","GOOD"
"c9164782-0e4c-47e6-8ec9-2bf85a3b90ec","D03","FLNT","FLNT.AOS.groundwater.well.001","FLNT.W1.20180724.FIL","A00000003497","2018-07-24T13:23Z","2018-07-24T13:23Z","EcoCore_CSU","Mn",0.0005,"milligramsPerLiter",2.0,,0,"formatChange","GOOD"
"26f438e0-ecd0-4a30-a9b8-efa49b83232f","D03","FLNT","FLNT.AOS.groundwater.well.001","FLNT.W1.20180724.FIL","A00000003497","2018-07-24T13:23Z","2018-07-24T13:23Z","EcoCore_CSU","Fe",0.0005,"milligramsPerLiter",2.0,,0,"formatChange","GOOD"
"53c07037-c6fb-45bd-a58b-46a6caf801d3","D03","FLNT","FLNT.AOS.groundwater.well.001","FLNT.W1.20180724.FIL","A00000003497","2018-07-24T13:23Z","2018-07-24T13:23Z","EcoCore_CSU","Ca",46.2590,"milligramsPerLiter",2.0,,0,"formatChange","GOOD"
"bcd33f06-7f18-4f6f-b31d-310c7c4c6a8a","D03","FLNT","FLNT.AOS.groundwater.well.001","FLNT.W1.20180724.FIL","A00000003497","2018-07-24T13:23Z","2018-07-24T13:23Z","EcoCore_CSU","NO3+NO2 - N",1.5402,"milligramsPerLiter",2.0,,0,"formatChange","GOOD"
"dac4bba7-30e9-4251-a784-15a366d3486f","D03","FLNT","FLNT.AOS.groundwater.well.001","FLNT.W1.20180724.FIL","A00000003497","2018-07-24T13:23Z","2018-07-24T13:23Z","EcoCore_CSU","DIC",35.8700,"milligramsPerLiter",2.0,,0,"formatChange","GOOD"
"f54de047-f4db-4624-a81f-8cff4384db73","D03","FLNT","FLNT.AOS.groundwater.well.001","FLNT.W1.20180724.FIL","A00000003497","2018-07-24T13:23Z","2018-07-24T13:23Z","EcoCore_CSU","CO3",0.0050,"milligramsPerLiter",2.0,,0,"formatChange","GOOD"
"5b04acb7-96aa-421d-a15b-1f1108f95f33","D03","FLNT","FLNT.AOS.groundwater.well.001","FLNT.W1.20180724.FIL","A00000003497","2018-07-24T13:23Z","2018-07-24T13:23Z","EcoCore_CSU","HCO3",128.9800,"milligramsPerLiter",2.0,,0,"formatChange","GOOD"
"bb74ec39-f46e-4445-ba0a-29330722f7dd","D03","FLNT","FLNT.AOS.groundwater.well.001","FLNT.W1.20180724.FIL","A00000003497","2018-07-24T13:23Z","2018-07-24T13:23Z","EcoCore_CSU","Mg",0.8230,"milligramsPerLiter",2.0,,0,"formatChange","GOOD"
"bdf92808-5036-4b68-be02-a38a85db547d","D03","FLNT","FLNT.AOS.groundwater.well.001","FLNT.W1.20180724.FIL","A00000003497","2018-07-24T13:23Z","2018-07-24T13:23Z","EcoCore_CSU","Ortho - P",0.0120,"milligramsPerLiter",2.0,,0,"formatChange","GOOD"
"edff027d-8636-499d-89ba-d1b65eaab0aa","D03","FLNT","FLNT.AOS.groundwater.well.001","FLNT.W1.20180724.FIL","A00000003497","2018-07-24T13:23Z","2018-07-24T13:23Z","EcoCore_CSU","TDN",1.4310,"milligramsPerLiter",2.0,,0,"formatChange","GOOD"
"edf07e17-5ad1-4e79-b0e0-90439206b4cc","D03","FLNT","FLNT.AOS.groundwater.well.001","FLNT.W1.20180724.FIL","A00000003497","2018-07-24T13:23Z","2018-07-24T13:23Z","EcoCore_CSU","UV Absorbance (250 nm)",0.0070,,2.0,,0,"formatChange","GOOD"
"5dbf9563-fa7d-4aa1-ad0f-44019e8b9fb8","D03","FLNT","FLNT.AOS.groundwater.well.001","FLNT.W1.20180724.FIL","A00000003497","2018-07-24T13:23Z","2018-07-24T13:23Z","EcoCore_CSU","DOC",0.4575,"milligramsPerLiter",2.0,,0,"formatChange","GOOD"
"f76e890e-21a5-40a5-812f-22285f24f6db","D03","FLNT","FLNT.AOS.groundwater.well.001","FLNT.W1.20180724.FIL","A00000003497","2018-07-24T13:23Z","2018-07-24T13:23Z","EcoCore_CSU","UV Absorbance (280 nm)",0.0029,,2.0,,0,"formatChange","GOOD"
"6f1cd941-02e2-4d40-99ff-de34c06c86ef","D03","FLNT","FLNT.AOS.groundwater.well.001","FLNT.W1.20180724.FIL","A00000003497","2018-07-24T13:23Z","2018-07-24T13:23Z","EcoCore_CSU","Cl",10.2077,"milligramsPerLiter",2.0,,0,"formatChange","GOOD"
"ca81477a-c862-4bde-8773-a83056b01fe8","D03","FLNT","FLNT.AOS.groundwater.well.001","FLNT.W1.20180724.FIL","A00000003497","2018-07-24T13:23Z","2018-07-24T13:23Z","EcoCore_CSU","SO4",3.3450,"milligramsPerLiter",2.0,,0,"formatChange","GOOD"
"abf61511-f678-4c31-9beb-09c8d214cd61","D03","FLNT","FLNT.AOS.groundwater.well.003","FLNT.W3.20180724.RAW","A00000003500","2018-07-24T17:36Z","2018-07-24T17:36Z","EcoCore_CSU","TSS - Dry Mass",4900.0000,"microgram",2.0,,0,"formatChange","GOOD"
"5401357a-0a17-4536-b63b-d564fbdc75ee","D03","FLNT","FLNT.AOS.groundwater.well.003","FLNT.W3.20180724.FIL","A00000003499","2018-07-24T17:36Z","2018-07-24T17:36Z","EcoCore_CSU","TDS",211.5000,"milligramsPerLiter",2.0,,0,"formatChange","GOOD"
"675f8225-5788-4311-9aa3-0159f96c4d7d","D03","FLNT","FLNT.AOS.groundwater.well.003","FLNT.W3.20180724.FIL","A00000003499","2018-07-24T17:36Z","2018-07-24T17:36Z","EcoCore_CSU","Si",6.4700,"milligramsPerLiter",2.0,,0,"formatChange","GOOD"
"02a7cb8f-69d2-4f54-bee6-7d043c8cd694","D03","FLNT","FLNT.AOS.groundwater.well.003","FLNT.W3.20180724.PCN","A00000003507","2018-07-24T17:36Z","2018-07-24T17:36Z","EcoCore_CSU","TPC",0.2209,"milligram",2.0,,0,"formatChange","GOOD"
"190f5d1f-399c-4241-91f3-4b49c7b99192","D03","FLNT","FLNT.AOS.groundwater.well.003","FLNT.W3.20180724.RAW","A00000003500","2018-07-24T17:36Z","2018-07-24T17:36Z","EcoCore_CSU","TSS",98.0000,"milligramsPerLiter",2.0,,0,"formatChange","GOOD"
"630d7b12-c8ea-440b-ad49-8c80d433e928","D03","FLNT","FLNT.AOS.groundwater.well.003","FLNT.W3.20180724.RAW","A00000003500","2018-07-24T17:36Z","2018-07-24T17:36Z","EcoCore_CSU","TN",0.2061,"milligramsPerLiter",2.0,,0,"formatChange","GOOD"
"51f6c155-0256-4c67-9d17-920c28be78b6","D03","FLNT","FLNT.AOS.groundwater.well.003","FLNT.W3.20180724.FIL","A00000003499","2018-07-24T17:36Z","2018-07-24T17:36Z","EcoCore_CSU","Ortho - P",0.0440,"milligramsPerLiter",2.0,,0,"formatChange","GOOD"
"e8a01117-f703-4221-a5ae-7b41be2ded0a","D03","FLNT","FLNT.AOS.groundwater.well.003","FLNT.W3.20180724.FIL","A00000003499","2018-07-24T17:36Z","2018-07-24T17:36Z","EcoCore_CSU","Fe",0.0005,"milligramsPerLiter",2.0,,0,"formatChange","GOOD"
"abdcfc66-035c-4800-aa4c-d059ddca6eb5","D03","FLNT","FLNT.AOS.groundwater.well.003","FLNT.W3.20180724.FIL","A00000003499","2018-07-24T17:36Z","2018-07-24T17:36Z","EcoCore_CSU","Na",2.9550,"milligramsPerLiter",2.0,,0,"formatChange","GOOD"
"566e1820-62ee-4e6a-af55-39217dca6476","D03","FLNT","FLNT.AOS.groundwater.well.003","FLNT.W3.20180724.FIL","A00000003499","2018-07-24T17:36Z","2018-07-24T17:36Z","EcoCore_CSU","Br",0.0050,"milligramsPerLiter",2.0,,0,"formatChange","GOOD"
"17122abd-bfad-4c62-9097-179e1ab6d733","D03","FLNT","FLNT.AOS.groundwater.well.003","FLNT.W3.20180724.RAW","A00000003500","2018-07-24T17:36Z","2018-07-24T17:36Z","EcoCore_CSU","conductivity",301.2400,"microsiemensPerCentimeter",2.0,,0,"formatChange","GOOD"
"fe1346ff-cd5c-4329-aa5a-20530dc0834c","D03","FLNT","FLNT.AOS.groundwater.well.003","FLNT.W3.20180724.FIL","A00000003499","2018-07-24T17:36Z","2018-07-24T17:36Z","EcoCore_CSU","F",0.0050,"milligramsPerLiter",2.0,,0,"formatChange","GOOD"
"9a5a618f-84b1-43b0-aaaa-4a1ddf1b4a19","D03","FLNT","FLNT.AOS.groundwater.well.003","FLNT.W3.20180724.RAW","A00000003500","2018-07-24T17:36Z","2018-07-24T17:36Z","EcoCore_CSU","ANC",2.6200,"milliequivalentsPerLiter",2.0,,0,"formatChange","GOOD"
"1e593e0d-2138-4605-a9d6-b3cbcb0333c5","D03","FLNT","FLNT.AOS.groundwater.well.003","FLNT.W3.20180724.FIL","A00000003499","2018-07-24T17:36Z","2018-07-24T17:36Z","EcoCore_CSU","SO4",11.2290,"milligramsPerLiter",2.0,,0,"formatChange","GOOD"
"537f2de4-c54d-4a7c-98cb-a62957437533","D03","FLNT","FLNT.AOS.groundwater.well.003","FLNT.W3.20180724.FIL","A00000003499","2018-07-24T17:36Z","2018-07-24T17:36Z","EcoCore_CSU","DIC",36.0200,"milligramsPerLiter",2.0,,0,"formatChange","GOOD"
"d0d1b6ce-005d-405f-8417-8b39894c0233","D03","FLNT","FLNT.AOS.groundwater.well.003","FLNT.W3.20180724.PCN","A00000003507","2018-07-24T17:36Z","2018-07-24T17:36Z","EcoCore_CSU","TPN",0.0948,"milligram",2.0,,0,"formatChange","GOOD"
"fee1b19d-23f5-4b50-99e4-d80abe8e351a","D03","FLNT","FLNT.AOS.groundwater.well.003","FLNT.W3.20180724.FIL","A00000003499","2018-07-24T17:36Z","2018-07-24T17:36Z","EcoCore_CSU","Cl",11.1886,"milligramsPerLiter",2.0,,0,"formatChange","GOOD"
"b616b925-ce34-4ad8-b388-e1c78a60c46f","D03","FLNT","FLNT.AOS.groundwater.well.003","FLNT.W3.20180724.FIL","A00000003499","2018-07-24T17:36Z","2018-07-24T17:36Z","EcoCore_CSU","UV Absorbance (250 nm)",0.0306,,2.0,,0,"formatChange","GOOD"
"59495694-aa9b-4f68-86df-d3533f56b037","D03","FLNT","FLNT.AOS.groundwater.well.003","FLNT.W3.20180724.FIL","A00000003499","2018-07-24T17:36Z","2018-07-24T17:36Z","EcoCore_CSU","NO2 - N",0.0184,"milligramsPerLiter",2.0,,0,"formatChange","GOOD"
"4ac14e4e-0194-4166-a887-5f967b89d0a2","D03","FLNT","FLNT.AOS.groundwater.well.003","FLNT.W3.20180724.FIL","A00000003499","2018-07-24T17:36Z","2018-07-24T17:36Z","EcoCore_CSU","NH4 - N",0.0385,"milligramsPerLiter",2.0,,0,"formatChange","GOOD"
"0a7fb876-7423-4656-9c7c-24efae18ddb2","D03","FLNT","FLNT.AOS.groundwater.well.003","FLNT.W3.20180724.RAW","A00000003500","2018-07-24T17:36Z","2018-07-24T17:36Z","EcoCore_CSU","pH",6.7500,"pH",2.0,,0,"formatChange","GOOD"
"9ce2d401-d0d9-4ab8-b315-934903bc2ec1","D03","FLNT","FLNT.AOS.groundwater.well.003","FLNT.W3.20180724.FIL","A00000003499","2018-07-24T17:36Z","2018-07-24T17:36Z","EcoCore_CSU","UV Absorbance (280 nm)",0.0231,,2.0,,0,"formatChange","GOOD"
"6c8609a6-74c0-431f-aa5c-8c9f55f194be","D03","FLNT","FLNT.AOS.groundwater.well.003","FLNT.W3.20180724.FIL","A00000003499","2018-07-24T17:36Z","2018-07-24T17:36Z","EcoCore_CSU","K",0.2020,"milligramsPerLiter",2.0,,0,"formatChange","GOOD"
"13a15d59-bd81-4dfe-9647-4f98915e83dc","D03","FLNT","FLNT.AOS.groundwater.well.003","FLNT.W3.20180724.FIL","A00000003499","2018-07-24T17:36Z","2018-07-24T17:36Z","EcoCore_CSU","DOC",0.6268,"milligramsPerLiter",2.0,,0,"formatChange","GOOD"
"ad511e41-ed06-400f-b6a9-c4997dd913ae","D03","FLNT","FLNT.AOS.groundwater.well.003","FLNT.W3.20180724.RAW","A00000003500","2018-07-24T17:36Z","2018-07-24T17:36Z","EcoCore_CSU","TOC",0.4399,"milligramsPerLiter",2.0,,0,"formatChange","GOOD"
"50fdd169-0c85-4d92-8b4d-7a3a0a6eb951","D03","FLNT","FLNT.AOS.groundwater.well.003","FLNT.W3.20180724.FIL","A00000003499","2018-07-24T17:36Z","2018-07-24T17:36Z","EcoCore_CSU","NO3+NO2 - N",0.2076,"milligramsPerLiter",2.0,,0,"formatChange","GOOD"
"7a806436-95b9-40b0-8fa1-9007b3573f8d","D03","FLNT","FLNT.AOS.groundwater.well.003","FLNT.W3.20180724.FIL","A00000003499","2018-07-24T17:36Z","2018-07-24T17:36Z","EcoCore_CSU","Mg",0.8210,"milligramsPerLiter",2.0,,0,"formatChange","GOOD"
"44883b10-081f-4204-b7da-1d6d753dd058","D03","FLNT","FLNT.AOS.groundwater.well.003","FLNT.W3.20180724.FIL","A00000003499","2018-07-24T17:36Z","2018-07-24T17:36Z","EcoCore_CSU","Mn",0.0005,"milligramsPerLiter",2.0,,0,"formatChange","GOOD"
"3a9e099d-4c23-4f09-9c10-e9b9e0054595","D03","FLNT","FLNT.AOS.groundwater.well.003","FLNT.W3.20180724.FIL","A00000003499","2018-07-24T17:36Z","2018-07-24T17:36Z","EcoCore_CSU","CO3",0.0050,"milligramsPerLiter",2.0,,0,"formatChange","GOOD"
"9da23e3c-c541-4df1-b199-70a31585a949","D03","FLNT","FLNT.AOS.groundwater.well.003","FLNT.W3.20180724.FIL","A00000003499","2018-07-24T17:36Z","2018-07-24T17:36Z","EcoCore_CSU","Ca",55.6900,"milligramsPerLiter",2.0,,0,"formatChange","GOOD"
"013b92f5-ecec-4efa-9594-2a72e1917dc2","D03","FLNT","FLNT.AOS.groundwater.well.003","FLNT.W3.20180724.FIL","A00000003499","2018-07-24T17:36Z","2018-07-24T17:36Z","EcoCore_CSU","TDP",0.0005,"milligramsPerLiter",2.0,,0,"formatChange","GOOD"
"0f56b9b2-5d8e-4403-9bb1-53bef019fd57","D03","FLNT","FLNT.AOS.groundwater.well.003","FLNT.W3.20180724.RAW","A00000003500","2018-07-24T17:36Z","2018-07-24T17:36Z","EcoCore_CSU","TP",0.0020,"milligramsPerLiter",2.0,,0,"formatChange","GOOD"
"cf559153-a2bb-4ee0-bdda-6be2947c2e32","D03","FLNT","FLNT.AOS.groundwater.well.003","FLNT.W3.20180724.FIL","A00000003499","2018-07-24T17:36Z","2018-07-24T17:36Z","EcoCore_CSU","TDN",0.1987,"milligramsPerLiter",2.0,,0,"formatChange","GOOD"
"1d23327b-b0b0-4106-a57c-d634fc88432a","D03","FLNT","FLNT.AOS.groundwater.well.003","FLNT.W3.20180724.FIL","A00000003499","2018-07-24T17:36Z","2018-07-24T17:36Z","EcoCore_CSU","HCO3",149.2400,"milligramsPerLiter",2.0,,0,"formatChange","GOOD"
"60bbf254-2933-4119-826b-69d3265c84c7","D03","FLNT","FLNT.AOS.groundwater.well.007","FLNT.W7.20180725.FIL","A00000003528","2018-07-25T13:06Z","2018-07-25T13:06Z","EcoCore_CSU","NO3+NO2 - N",0.1491,"milligramsPerLiter",5.4,,0,"formatChange","GOOD"
"68aed3dd-efb7-4ce3-8134-526b6159ce0d","D03","FLNT","FLNT.AOS.groundwater.well.007","FLNT.W7.20180725.RAW","A00000003506","2018-07-25T13:06Z","2018-07-25T13:06Z","EcoCore_CSU","TSS",2.0000,"milligramsPerLiter",5.4,,0,"formatChange","GOOD"
"b83a9f11-434c-42d6-88cc-1eee4cda078b","D03","FLNT","FLNT.AOS.groundwater.well.007","FLNT.W7.20180725.FIL","A00000003528","2018-07-25T13:06Z","2018-07-25T13:06Z","EcoCore_CSU","Ca",54.7050,"milligramsPerLiter",5.4,,0,"formatChange","GOOD"
"0298736a-ddaa-4257-a245-78931492686f","D03","FLNT","FLNT.AOS.groundwater.well.007","FLNT.W7.20180725.RAW","A00000003506","2018-07-25T13:06Z","2018-07-25T13:06Z","EcoCore_CSU","TP",0.0040,"milligramsPerLiter",5.4,,0,"formatChange","GOOD"
"e1bb265c-7b07-4fc2-91b2-9537a24a27c4","D03","FLNT","FLNT.AOS.groundwater.well.007","FLNT.W7.20180725.FIL","A00000003528","2018-07-25T13:06Z","2018-07-25T13:06Z","EcoCore_CSU","Na",3.9730,"milligramsPerLiter",5.4,,0,"formatChange","GOOD"
"676a1af8-fd1f-45ca-aad7-d92aaea616b2","D03","FLNT","FLNT.AOS.groundwater.well.007","FLNT.W7.20180725.FIL","A00000003528","2018-07-25T13:06Z","2018-07-25T13:06Z","EcoCore_CSU","Br",0.0050,"milligramsPerLiter",5.4,,0,"formatChange","GOOD"
"1f1ec671-4459-4117-b677-bddee7a73f7a","D03","FLNT","FLNT.AOS.groundwater.well.007","FLNT.W7.20180725.RAW","A00000003506","2018-07-25T13:06Z","2018-07-25T13:06Z","EcoCore_CSU","pH",7.5500,"pH",5.4,,0,"formatChange","GOOD"
"c604993a-9413-4675-b250-25f574814ce2","D03","FLNT","FLNT.AOS.groundwater.well.007","FLNT.W7.20180725.FIL","A00000003528","2018-07-25T13:06Z","2018-07-25T13:06Z","EcoCore_CSU","K",0.7400,"milligramsPerLiter",5.4,,0,"formatChange","GOOD"
"0d74af40-1a7c-44e4-b930-581e64f71722","D03","FLNT","FLNT.AOS.groundwater.well.007","FLNT.W7.20180725.RAW","A00000003506","2018-07-25T13:06Z","2018-07-25T13:06Z","EcoCore_CSU","TOC",1.1490,"milligramsPerLiter",5.4,,0,"formatChange","GOOD"
"e3755dbd-908c-4d71-b72e-9f49768270d1","D03","FLNT","FLNT.AOS.groundwater.well.007","FLNT.W7.20180725.FIL","A00000003528","2018-07-25T13:06Z","2018-07-25T13:06Z","EcoCore_CSU","Fe",0.0005,"milligramsPerLiter",5.4,,0,"formatChange","GOOD"
"a1d46e0a-2e95-4219-bf0b-ecd904cb3fda","D03","FLNT","FLNT.AOS.groundwater.well.007","FLNT.W7.20180725.FIL","A00000003528","2018-07-25T13:06Z","2018-07-25T13:06Z","EcoCore_CSU","UV Absorbance (250 nm)",0.0218,,5.4,,0,"formatChange","GOOD"
"d21fcf75-9ca3-4c05-bcf0-a39143dfcd7f","D03","FLNT","FLNT.AOS.groundwater.well.007","FLNT.W7.20180725.PCN","A00000003505","2018-07-25T13:06Z","2018-07-25T13:06Z","EcoCore_CSU","TPC",0.3576,"milligram",5.4,,0,"formatChange","GOOD"
"f4225d61-ed21-49a0-8fae-b07c5a9e5898","D03","FLNT","FLNT.AOS.groundwater.well.007","FLNT.W7.20180725.RAW","A00000003506","2018-07-25T13:06Z","2018-07-25T13:06Z","EcoCore_CSU","TN",0.2096,"milligramsPerLiter",5.4,,0,"formatChange","GOOD"
"8eea32e7-09ad-47cf-9401-bf714f09e215","D03","FLNT","FLNT.AOS.groundwater.well.007","FLNT.W7.20180725.FIL","A00000003528","2018-07-25T13:06Z","2018-07-25T13:06Z","EcoCore_CSU","HCO3",139.4100,"milligramsPerLiter",5.4,,0,"formatChange","GOOD"
"59585545-fd5d-4c85-ac90-6f378e910ea3","D03","FLNT","FLNT.AOS.groundwater.well.007","FLNT.W7.20180725.FIL","A00000003528","2018-07-25T13:06Z","2018-07-25T13:06Z","EcoCore_CSU","NO2 - N",0.0158,"milligramsPerLiter",5.4,,0,"formatChange","GOOD"
"24a138f1-4d0c-4496-90ca-46447f3c12b3","D03","FLNT","FLNT.AOS.groundwater.well.007","FLNT.W7.20180725.RAW","A00000003506","2018-07-25T13:06Z","2018-07-25T13:06Z","EcoCore_CSU","conductivity",305.8300,"microsiemensPerCentimeter",5.4,,0,"formatChange","GOOD"
"cba9e9d2-ce36-4cfd-b216-ff94c8a49020","D03","FLNT","FLNT.AOS.groundwater.well.007","FLNT.W7.20180725.FIL","A00000003528","2018-07-25T13:06Z","2018-07-25T13:06Z","EcoCore_CSU","TDN",0.2498,"milligramsPerLiter",5.4,,0,"formatChange","GOOD"
"40c9044e-d8a5-4b27-b735-721a93024ae7","D03","FLNT","FLNT.AOS.groundwater.well.007","FLNT.W7.20180725.RAW","A00000003506","2018-07-25T13:06Z","2018-07-25T13:06Z","EcoCore_CSU","TSS - Dry Mass",100.0000,"microgram",5.4,,0,"formatChange","GOOD"
"7095090b-03e1-453a-aa69-c405615d3d00","D03","FLNT","FLNT.AOS.groundwater.well.007","FLNT.W7.20180725.FIL","A00000003528","2018-07-25T13:06Z","2018-07-25T13:06Z","EcoCore_CSU","NH4 - N",0.0556,"milligramsPerLiter",5.4,,0,"formatChange","GOOD"
"75621666-8ece-4cd3-9db9-67cd2b97d732","D03","FLNT","FLNT.AOS.groundwater.well.007","FLNT.W7.20180725.FIL","A00000003528","2018-07-25T13:06Z","2018-07-25T13:06Z","EcoCore_CSU","UV Absorbance (280 nm)",0.0163,,5.4,,0,"formatChange","GOOD"
"ca7c341d-d7b4-4d71-9bad-9c3ff64ee70c","D03","FLNT","FLNT.AOS.groundwater.well.007","FLNT.W7.20180725.FIL","A00000003528","2018-07-25T13:06Z","2018-07-25T13:06Z","EcoCore_CSU","DIC",35.5100,"milligramsPerLiter",5.4,,0,"formatChange","GOOD"
"23796eb5-b672-4f0e-86a8-64908d6746e3","D03","FLNT","FLNT.AOS.groundwater.well.007","FLNT.W7.20180725.FIL","A00000003528","2018-07-25T13:06Z","2018-07-25T13:06Z","EcoCore_CSU","SO4",15.2220,"milligramsPerLiter",5.4,,0,"formatChange","GOOD"
"742192dc-737a-4cfd-91d8-82e7438f04bc","D03","FLNT","FLNT.AOS.groundwater.well.007","FLNT.W7.20180725.FIL","A00000003528","2018-07-25T13:06Z","2018-07-25T13:06Z","EcoCore_CSU","Mn",0.0005,"milligramsPerLiter",5.4,,0,"formatChange","GOOD"
"e735db35-3064-41c0-b709-bdfb4380e2c5","D03","FLNT","FLNT.AOS.groundwater.well.007","FLNT.W7.20180725.RAW","A00000003506","2018-07-25T13:06Z","2018-07-25T13:06Z","EcoCore_CSU","ANC",2.3700,"milliequivalentsPerLiter",5.4,,0,"formatChange","GOOD"
"c70c641e-0a63-4ce2-b3d0-31b45c186b51","D03","FLNT","FLNT.AOS.groundwater.well.007","FLNT.W7.20180725.FIL","A00000003528","2018-07-25T13:06Z","2018-07-25T13:06Z","EcoCore_CSU","TDS",213.7000,"milligramsPerLiter",5.4,,0,"formatChange","GOOD"
"2f620c31-4842-48ce-ad49-168a39802bb3","D03","FLNT","FLNT.AOS.groundwater.well.007","FLNT.W7.20180725.FIL","A00000003528","2018-07-25T13:06Z","2018-07-25T13:06Z","EcoCore_CSU","Si",6.2500,"milligramsPerLiter",5.4,,0,"formatChange","GOOD"
"fa59445a-ad81-4b68-89d6-e325b835d3d1","D03","FLNT","FLNT.AOS.groundwater.well.007","FLNT.W7.20180725.FIL","A00000003528","2018-07-25T13:06Z","2018-07-25T13:06Z","EcoCore_CSU","F",0.0050,"milligramsPerLiter",5.4,,0,"formatChange","GOOD"
"fc7abb07-cea5-48aa-9db3-98f9cad053cc","D03","FLNT","FLNT.AOS.groundwater.well.007","FLNT.W7.20180725.PCN","A00000003505","2018-07-25T13:06Z","2018-07-25T13:06Z","EcoCore_CSU","TPN",0.0976,"milligram",5.4,,0,"formatChange","GOOD"
"dd8a5f06-d4af-42e1-831e-b3daaee963a8","D03","FLNT","FLNT.AOS.groundwater.well.007","FLNT.W7.20180725.FIL","A00000003528","2018-07-25T13:06Z","2018-07-25T13:06Z","EcoCore_CSU","CO3",0.0050,"milligramsPerLiter",5.4,,0,"formatChange","GOOD"
"8fa32d62-2d9b-442a-b01c-e84f9b24f77a","D03","FLNT","FLNT.AOS.groundwater.well.007","FLNT.W7.20180725.FIL","A00000003528","2018-07-25T13:06Z","2018-07-25T13:06Z","EcoCore_CSU","Ortho - P",0.0120,"milligramsPerLiter",5.4,,0,"formatChange","GOOD"
"43a6467a-e1fa-4fed-86c3-44062cd2f337","D03","FLNT","FLNT.AOS.groundwater.well.007","FLNT.W7.20180725.FIL","A00000003528","2018-07-25T13:06Z","2018-07-25T13:06Z","EcoCore_CSU","Mg",1.4210,"milligramsPerLiter",5.4,,0,"formatChange","GOOD"
"b55dc4e1-a7e3-488b-bacf-7dceaac82b5a","D03","FLNT","FLNT.AOS.groundwater.well.007","FLNT.W7.20180725.FIL","A00000003528","2018-07-25T13:06Z","2018-07-25T13:06Z","EcoCore_CSU","DOC",1.5780,"milligramsPerLiter",5.4,,0,"formatChange","GOOD"
"1c3a85d3-e359-409f-8545-099387d3973f","D03","FLNT","FLNT.AOS.groundwater.well.007","FLNT.W7.20180725.FIL","A00000003528","2018-07-25T13:06Z","2018-07-25T13:06Z","EcoCore_CSU","TDP",0.0005,"milligramsPerLiter",5.4,,0,"formatChange","GOOD"
"938bcf0e-9bbf-4d2b-a8d8-8ffbfbf70e4f","D03","FLNT","FLNT.AOS.groundwater.well.007","FLNT.W7.20180725.FIL","A00000003528","2018-07-25T13:06Z","2018-07-25T13:06Z","EcoCore_CSU","Cl",15.7758,"milligramsPerLiter",5.4,,0,"formatChange","GOOD"
"2d9c1078-427e-4c37-b4bd-f22d8c3e42f7","D03","FLNT","FLNT.AOS.groundwater.well.006","FLNT.W6.20180725.RAW","A00000003524","2018-07-25T15:04Z","2018-07-25T15:04Z","EcoCore_CSU","ANC",2.8600,"milliequivalentsPerLiter",5.4,,0,"formatChange","GOOD"
"208695b2-e3ca-4d2b-a4ce-b6ea0ee64b43","D03","FLNT","FLNT.AOS.groundwater.well.006","FLNT.W6.20180725.FIL","A00000003527","2018-07-25T15:04Z","2018-07-25T15:04Z","EcoCore_CSU","Na",2.1230,"milligramsPerLiter",5.4,,0,"formatChange","GOOD"
"9a1dcd72-070c-4dae-95c6-05e1074a7f8e","D03","FLNT","FLNT.AOS.groundwater.well.006","FLNT.W6.20180725.FIL","A00000003527","2018-07-25T15:04Z","2018-07-25T15:04Z","EcoCore_CSU","Mg",0.8230,"milligramsPerLiter",5.4,,0,"formatChange","GOOD"
"02625675-96a2-446b-8c2d-0836a7579699","D03","FLNT","FLNT.AOS.groundwater.well.006","FLNT.W6.20180725.FIL","A00000003527","2018-07-25T15:04Z","2018-07-25T15:04Z","EcoCore_CSU","DOC",0.7434,"milligramsPerLiter",5.4,,0,"formatChange","GOOD"
"1a85aafb-6ea9-417e-89d4-06df55576bd0","D03","FLNT","FLNT.AOS.groundwater.well.006","FLNT.W6.20180725.FIL","A00000003527","2018-07-25T15:04Z","2018-07-25T15:04Z","EcoCore_CSU","TDS",223.1000,"milligramsPerLiter",5.4,,0,"formatChange","GOOD"
"7bf5516e-a9b2-4b91-8d2f-71ed69f0cfc1","D03","FLNT","FLNT.AOS.groundwater.well.006","FLNT.W6.20180725.FIL","A00000003527","2018-07-25T15:04Z","2018-07-25T15:04Z","EcoCore_CSU","UV Absorbance (280 nm)",0.0078,,5.4,,0,"formatChange","GOOD"
"1ee501ad-3865-4106-ad0b-b1d20346d156","D03","FLNT","FLNT.AOS.groundwater.well.006","FLNT.W6.20180725.FIL","A00000003527","2018-07-25T15:04Z","2018-07-25T15:04Z","EcoCore_CSU","Fe",0.0005,"milligramsPerLiter",5.4,,0,"formatChange","GOOD"
"710dd3aa-b279-46b6-9264-7e6d0603a4a1","D03","FLNT","FLNT.AOS.groundwater.well.006","FLNT.W6.20180725.FIL","A00000003527","2018-07-25T15:04Z","2018-07-25T15:04Z","EcoCore_CSU","UV Absorbance (250 nm)",0.0087,,5.4,,0,"formatChange","GOOD"
"5b6e3101-5a41-4df3-88ab-bb4a17586d2f","D03","FLNT","FLNT.AOS.groundwater.well.006","FLNT.W6.20180725.FIL","A00000003527","2018-07-25T15:04Z","2018-07-25T15:04Z","EcoCore_CSU","TDN",1.1660,"milligramsPerLiter",5.4,,0,"formatChange","GOOD"
"34e17af1-1809-4b3a-a2a0-ad0092dd5509","D03","FLNT","FLNT.AOS.groundwater.well.006","FLNT.W6.20180725.RAW","A00000003524","2018-07-25T15:04Z","2018-07-25T15:04Z","EcoCore_CSU","TSS - Dry Mass",0.0000,"microgram",5.4,,0,"formatChange","GOOD"
"b4f6a85c-ad12-4d74-a696-76bb5548d82a","D03","FLNT","FLNT.AOS.groundwater.well.006","FLNT.W6.20180725.FIL","A00000003527","2018-07-25T15:04Z","2018-07-25T15:04Z","EcoCore_CSU","CO3",0.0050,"milligramsPerLiter",5.4,,0,"formatChange","GOOD"
"4fdedf0a-3354-43ca-a89a-4b53fed3f717","D03","FLNT","FLNT.AOS.groundwater.well.006","FLNT.W6.20180725.RAW","A00000003524","2018-07-25T15:04Z","2018-07-25T15:04Z","EcoCore_CSU","conductivity",321.2100,"microsiemensPerCentimeter",5.4,,0,"formatChange","GOOD"
"c90f303c-7e62-4b68-8cda-1544ba337604","D03","FLNT","FLNT.AOS.groundwater.well.006","FLNT.W6.20180725.RAW","A00000003524","2018-07-25T15:04Z","2018-07-25T15:04Z","EcoCore_CSU","TOC",0.4976,"milligramsPerLiter",5.4,,0,"formatChange","GOOD"
"fe6c2dc9-fe7b-49cb-b00e-ca43a83ba539","D03","FLNT","FLNT.AOS.groundwater.well.006","FLNT.W6.20180725.FIL","A00000003527","2018-07-25T15:04Z","2018-07-25T15:04Z","EcoCore_CSU","DIC",42.8400,"milligramsPerLiter",5.4,,0,"formatChange","GOOD"
"47a67d2f-f011-4e1b-837a-ee4fd6a70cea","D03","FLNT","FLNT.AOS.groundwater.well.006","FLNT.W6.20180725.FIL","A00000003527","2018-07-25T15:04Z","2018-07-25T15:04Z","EcoCore_CSU","K",0.2750,"milligramsPerLiter",5.4,,0,"formatChange","GOOD"
"2d2353ee-a347-4d9f-9c39-3e8b9b2079d1","D03","FLNT","FLNT.AOS.groundwater.well.006","FLNT.W6.20180725.RAW","A00000003524","2018-07-25T15:04Z","2018-07-25T15:04Z","EcoCore_CSU","TP",0.0070,"milligramsPerLiter",5.4,,0,"formatChange","GOOD"
"c00db827-8922-48a2-b644-0b99a1efc31d","D03","FLNT","FLNT.AOS.groundwater.well.006","FLNT.W6.20180725.PCN","A00000003504","2018-07-25T15:04Z","2018-07-25T15:04Z","EcoCore_CSU","TPN",0.1035,"milligram",5.4,,0,"formatChange","GOOD"
"924cec79-52ef-46a0-ba09-ee9adb9ca85c","D03","FLNT","FLNT.AOS.groundwater.well.006","FLNT.W6.20180725.FIL","A00000003527","2018-07-25T15:04Z","2018-07-25T15:04Z","EcoCore_CSU","Br",0.0050,"milligramsPerLiter",5.4,,0,"formatChange","GOOD"
"410d5e2d-2e95-4d1a-b7ba-33b01a76d2ff","D03","FLNT","FLNT.AOS.groundwater.well.006","FLNT.W6.20180725.FIL","A00000003527","2018-07-25T15:04Z","2018-07-25T15:04Z","EcoCore_CSU","Cl",14.2923,"milligramsPerLiter",5.4,,0,"formatChange","GOOD"
"a89843e2-eb2a-4f85-bc73-b1e9b17aa79a","D03","FLNT","FLNT.AOS.groundwater.well.006","FLNT.W6.20180725.FIL","A00000003527","2018-07-25T15:04Z","2018-07-25T15:04Z","EcoCore_CSU","SO4",2.0850,"milligramsPerLiter",5.4,,0,"formatChange","GOOD"
"ebf6a184-e115-4b92-87aa-a4e1155d472d","D03","FLNT","FLNT.AOS.groundwater.well.006","FLNT.W6.20180725.FIL","A00000003527","2018-07-25T15:04Z","2018-07-25T15:04Z","EcoCore_CSU","Si",4.7900,"milligramsPerLiter",5.4,,0,"formatChange","GOOD"
"887642bd-e23d-4a0d-89aa-341697db5986","D03","FLNT","FLNT.AOS.groundwater.well.006","FLNT.W6.20180725.RAW","A00000003524","2018-07-25T15:04Z","2018-07-25T15:04Z","EcoCore_CSU","TN",1.1450,"milligramsPerLiter",5.4,,0,"formatChange","GOOD"
"efe88385-b393-47d9-af96-519323cc67f2","D03","FLNT","FLNT.AOS.groundwater.well.006","FLNT.W6.20180725.RAW","A00000003524","2018-07-25T15:04Z","2018-07-25T15:04Z","EcoCore_CSU","pH",7.6900,"pH",5.4,,0,"formatChange","GOOD"
"dd40c598-c310-481b-aa3b-23a204f52c2b","D03","FLNT","FLNT.AOS.groundwater.well.006","FLNT.W6.20180725.FIL","A00000003527","2018-07-25T15:04Z","2018-07-25T15:04Z","EcoCore_CSU","NO2 - N",0.0188,"milligramsPerLiter",5.4,,0,"formatChange","GOOD"
"250a23ea-8510-411f-806d-46778c1378b5","D03","FLNT","FLNT.AOS.groundwater.well.006","FLNT.W6.20180725.FIL","A00000003527","2018-07-25T15:04Z","2018-07-25T15:04Z","EcoCore_CSU","NH4 - N",0.0356,"milligramsPerLiter",5.4,,0,"formatChange","GOOD"
"eb44d8c6-f61d-4b9c-8885-55d808622c75","D03","FLNT","FLNT.AOS.groundwater.well.006","FLNT.W6.20180725.FIL","A00000003527","2018-07-25T15:04Z","2018-07-25T15:04Z","EcoCore_CSU","F",0.0050,"milligramsPerLiter",5.4,,0,"formatChange","GOOD"
"b593d54d-e5f9-441b-9c6c-440041c73f4c","D03","FLNT","FLNT.AOS.groundwater.well.006","FLNT.W6.20180725.RAW","A00000003524","2018-07-25T15:04Z","2018-07-25T15:04Z","EcoCore_CSU","TSS",0.0000,"milligramsPerLiter",5.4,,0,"formatChange","GOOD"
"2f07cbe1-6f23-46a4-8ded-6519c1a22927","D03","FLNT","FLNT.AOS.groundwater.well.006","FLNT.W6.20180725.FIL","A00000003527","2018-07-25T15:04Z","2018-07-25T15:04Z","EcoCore_CSU","Ca",60.3880,"milligramsPerLiter",5.4,,0,"formatChange","GOOD"
"46309f84-3934-4cb6-a0f7-8ecf456a8981","D03","FLNT","FLNT.AOS.groundwater.well.006","FLNT.W6.20180725.FIL","A00000003527","2018-07-25T15:04Z","2018-07-25T15:04Z","EcoCore_CSU","Ortho - P",0.0120,"milligramsPerLiter",5.4,,0,"formatChange","GOOD"
"560989a4-fe0a-41c9-b66c-be9eaa72cada","D03","FLNT","FLNT.AOS.groundwater.well.006","FLNT.W6.20180725.FIL","A00000003527","2018-07-25T15:04Z","2018-07-25T15:04Z","EcoCore_CSU","TDP",0.0005,"milligramsPerLiter",5.4,,0,"formatChange","GOOD"
"7796d9d3-72c3-4b62-b647-330c27f05c35","D03","FLNT","FLNT.AOS.groundwater.well.006","FLNT.W6.20180725.FIL","A00000003527","2018-07-25T15:04Z","2018-07-25T15:04Z","EcoCore_CSU","Mn",0.0005,"milligramsPerLiter",5.4,,0,"formatChange","GOOD"
"9c814461-235e-4ed2-bd23-f86d7e74f9b8","D03","FLNT","FLNT.AOS.groundwater.well.006","FLNT.W6.20180725.PCN","A00000003504","2018-07-25T15:04Z","2018-07-25T15:04Z","EcoCore_CSU","TPC",0.3000,"milligram",5.4,,0,"formatChange","GOOD"
"22c1b365-92ad-4257-b86e-28b736902f89","D03","FLNT","FLNT.AOS.groundwater.well.006","FLNT.W6.20180725.FIL","A00000003527","2018-07-25T15:04Z","2018-07-25T15:04Z","EcoCore_CSU","NO3+NO2 - N",1.2938,"milligramsPerLiter",5.4,,0,"formatChange","GOOD"
"767ac75c-eedf-4c08-9768-d75e66ace7db","D03","FLNT","FLNT.AOS.groundwater.well.006","FLNT.W6.20180725.FIL","A00000003527","2018-07-25T15:04Z","2018-07-25T15:04Z","EcoCore_CSU","HCO3",165.3700,"milligramsPerLiter",5.4,,0,"formatChange","GOOD"
