uid,domainID,siteID,namedLocation,collectDate,parentSampleID,sampleCondition,sampleID,replicateNumber,gwwDICBubbleFree,gwwFiltSampleHeadspace,gwwAlkSampleHeadspace,gwwAlkSampleBubbleFree,processedDate,processedDateFilters,sampleVolumeFiltered,shipmentTimeRange
"af76eaa9-8a02-4ff4-8445-9a0a4295838b","D03","FLNT","FLNT.AOS.groundwater.well.001","2018-07-24T13:23Z","FLNT.W1.20180724","Sample condition ok","FLNT.W1.20180724",1,,,,,"2018-07-24T13:23Z","2018-07-24T13:23Z",300.0,
"cc934fee-8e23-4a36-bee5-9ee7f149537e","D03","FLNT","FLNT.AOS.groundwater.well.003","2018-07-24T17:36Z","FLNT.W3.20180724","Sample condition ok","FLNT.W3.20180724",1,,,,,"2018-07-25T03:37Z","2018-07-25T03:37Z",50.0,
"81c594f0-6f19-49c1-b4fa-0e3708f8f89b","D03","FLNT","FLNT.AOS.groundwater.well.007","2018-07-25T13:06Z","FLNT.W7.20180725","Sample condition ok","FLNT.W7.20180725",1,,,,,"2018-07-25T13:06Z","2018-07-25T13:06Z",500.0,
"d54b53af-907d-488a-ba12-fa96cf96a938","D03","FLNT","FLNT.AOS.groundwater.well.006","2018-07-25T15:04Z","FLNT.W6.20180725","Sample condition ok","FLNT.W6.20180725",1,,,,,"2018-07-25T15:04Z",,500.0,
