uid,domainID,siteID,namedLocation,collectDate,titrationDate,parentSampleID,domainSampleID,remarks,measuredBy,alkMeqPerL,alkMgPerL,ancMeqPerL,ancMgPerL
"963e1168-5632-4af8-b63a-54f8d56ae008","D03","FLNT","FLNT.AOS.groundwater.well.001","2018-07-24T13:23Z","2018-07-25T13:10Z","FLNT.W1.20180724","FLNT.W1.20180724.ALK",,"kludwig@battelleecology.org",2.660,133.000,,
"a35b8919-0345-4d47-b284-b381e1df61cf","D03","FLNT","FLNT.AOS.groundwater.well.003","2018-07-24T17:36Z","2018-07-25T13:55Z","FLNT.W3.20180724","FLNT.W3.20180724.ALK",,"kludwig@battelleecology.org",2.600,130.000,,
"d4d77447-9261-4c2f-b70e-a10b083efa0c","D03","FLNT","FLNT.AOS.groundwater.well.007","2018-07-25T13:06Z","2018-07-25T17:20Z","FLNT.W7.20180725","FLNT.W7.20180725.ALK",,"fsanchez@battelleecology.org",2.540,127.000,,
"d7f0c269-f8c1-4667-9f6c-262dbaa2ea68","D03","FLNT","FLNT.AOS.groundwater.well.006","2018-07-25T15:04Z","2018-07-25T17:55Z","FLNT.W6.20180725","FLNT.W6.20180725.ALK",,"fsanchez@battelleecology.org",3.240,162.000,,
