uid,domainID,siteID,namedLocation,decimalLatitude,decimalLongitude,coordinateUncertainty,elevation,elevationUncertainty,geodeticDatum,collectDate,aquaticSiteType,samplingImpractical,waterChemSamplesCollected,adequateSampleVol,parentSampleID,eventID,swcSamplingProtocolVersion,sampleExtractionMethod,samplerType,totalWellDepth,wellWaterDepth,waterColumnHeight,sampleDepth,purgeAverageDischargeRate,purgeTime,gwWellStabilized,purgeDryDateTime,pumpPlacementDate,screenedIntervalDepth,maxAllowableDrawdown,actualDrawdown,MADExceeded,wellVolumePurged,probeIDUnavailable,dissolvedOxygen,dissolvedOxygenSaturation,specificConductance,waterTemp,pH,waterClarityDescrip,waterColorDescrip,aCollectedBy,bCollectedBy,remarks
"a6187658-8972-4273-9385-da65b4a67645","D09","PRLA","PRLA.AOS.groundwater.well.008",47.158432,-99.114811,0.1,566.6,0.1,"WGS84","2020-05-06T13:00Z","lake","logistical",,"N","PRLA.W8.20200506","PRLA.20200506","NEON.DOC.002905vG",,,,,,,,,,,,,,,,,,,,,,,,,"0000-0002-1892-7221",,"COVID19"
"5d66ea72-64de-4e8f-a353-d220a0b39b00","D09","PRLA","PRLA.AOS.groundwater.well.001",47.162611,-99.118623,0.1,571.5,0.1,"WGS84","2020-05-06T13:00Z","lake","logistical",,"N","PRLA.W1.20200506","PRLA.20200506","NEON.DOC.002905vG",,,,,,,,,,,,,,,,,,,,,,,,,"0000-0002-1892-7221",,"COVID19"
"a0baf994-dc5a-41d2-9466-cb82b04a1837","D09","PRLA","PRLA.AOS.groundwater.well.007",47.157918,-99.113917,0.1,568.8,0.1,"WGS84","2020-05-06T13:00Z","lake","logistical",,"N","PRLA.W7.20200506","PRLA.20200506","NEON.DOC.002905vG",,,,,,,,,,,,,,,,,,,,,,,,,"0000-0002-1892-7221",,"COVID19"
"efd4d4d8-73b1-4f30-ae11-051feeaddc93","D09","PRLA","PRLA.AOS.groundwater.well.003",47.161507,-99.118596,0.1,565.9,0.1,"WGS84","2020-05-06T13:00Z","lake","logistical",,"N","PRLA.W3.20200506","PRLA.20200506","NEON.DOC.002905vG",,,,,,,,,,,,,,,,,,,,,,,,,"0000-0002-1892-7221",,"COVID19"
