uid,domainID,siteID,namedLocation,collectDate,titrationDate,parentSampleID,domainSampleID,remarks,measuredBy,alkMeqPerL,alkMgPerL,ancMeqPerL,ancMgPerL
"ea8068d6-9de9-49a9-9d33-34d23274edb1","D03","BARC","BARC.AOS.groundwater.well.001","2016-10-13T14:05Z","2016-10-13T22:45Z","BARC.W1.20161013","BARC.W1.20161013.ANC",,"echartrand@neoninc.org",,,0.000,-0.210
"e9b57a37-d607-461d-9067-edefe41021ac","D03","BARC","BARC.AOS.groundwater.well.001","2016-10-13T14:05Z","2016-10-13T22:34Z","BARC.W1.20161013","BARC.W1.20161013.ALK",,"echartrand@neoninc.org",-0.010,-0.570,,
"0d5f3e08-9a6b-42b0-be86-55fe7960d9ef","D03","BARC","BARC.AOS.groundwater.well.008","2016-10-13T15:45Z","2016-10-13T23:06Z","BARC.W8.20161013","BARC.W8.20161013.ANC",,"echartrand@neoninc.org",,,0.050,2.650
"ea264a3b-2e72-4c4e-9f40-f76da95a965f","D03","BARC","BARC.AOS.groundwater.well.008","2016-10-13T15:45Z","2016-10-13T22:55Z","BARC.W8.20161013","BARC.W8.20161013.ALK",,"echartrand@neoninc.org",0.040,1.870,,
"8f5f6a45-e619-40ff-b52e-077a2a42594b","D03","BARC","BARC.AOS.groundwater.well.006","2016-10-13T17:30Z","2016-10-13T23:27Z","BARC.W6.20161013","BARC.W6.20161013.ANC",,"echartrand@neoninc.org",,,-0.030,-1.320
"800d3d45-2dee-49c9-abff-3e51084eb57e","D03","BARC","BARC.AOS.groundwater.well.006","2016-10-13T17:30Z","2016-10-13T23:18Z","BARC.W6.20161013","BARC.W6.20161013.ALK","replicate 1","echartrand@neoninc.org",-0.040,-1.840,,
"60b99174-1382-482a-b1e6-811043bcbc1e","D03","BARC","BARC.AOS.groundwater.well.006","2016-10-13T17:30Z","2016-10-13T23:36Z","BARC.W6.20161013","BARC.W6.20161013.ALK.2","replicate 2","echartrand@neoninc.org",0.000,-0.030,,
"5c724383-9cce-42c8-8bc4-9cd21b3f8fbf","D03","BARC","BARC.AOS.groundwater.well.005","2016-10-13T19:35Z","2016-10-13T23:54Z","BARC.W5.20161013","BARC.W5.20161013.ANC",,"echartrand@neoninc.org",,,0.180,8.840
"2251b2cf-859f-424c-a26c-ee7a567c2276","D03","BARC","BARC.AOS.groundwater.well.005","2016-10-13T19:35Z","2016-10-14T00:09Z","BARC.W5.20161013","BARC.W5.20161013.ALK",,"echartrand@neoninc.org",0.190,9.510,,
