uid,domainID,siteID,namedLocation,sampleID,sampleCode,startDate,collectDate,laboratoryName,analyte,analyteConcentration,analyteUnits,coolerTemp,remarks,shipmentWarmQF,externalLabDataQF,sampleCondition
"d173f608-9bcf-4381-8f12-e673f6a017aa","D03","BARC","BARC.AOS.groundwater.well.001","BARC.W1.20161013.RAW",,"2016-10-13T14:05Z","2016-10-13T14:05Z","EcoCore_CSU","TSS - Dry Mass",600.0000,"microgram",4.7,,0,"formatChange|legacyData","GOOD"
"0b4dd472-1954-4a53-b362-e2a8b940c615","D03","BARC","BARC.AOS.groundwater.well.001","BARC.W1.20161013.RAW",,"2016-10-13T14:05Z","2016-10-13T14:05Z","EcoCore_CSU","pH",6.5600,"pH",4.7,,0,"formatChange|legacyData","GOOD"
"0208052d-018a-4bc1-b7e0-e32c63e3646c","D03","BARC","BARC.AOS.groundwater.well.001","BARC.W1.20161013.RAW",,"2016-10-13T14:05Z","2016-10-13T14:05Z","EcoCore_CSU","TSS",24.1000,"milligramsPerLiter",4.7,,0,"formatChange|legacyData","GOOD"
"c341195a-645c-442a-bb87-e979213eeadb","D03","BARC","BARC.AOS.groundwater.well.001","BARC.W1.20161013.FIL",,"2016-10-13T14:05Z","2016-10-13T14:05Z","EcoCore_CSU","DIC",0.9851,"milligramsPerLiter",4.7,,0,"formatChange|legacyData","GOOD"
"0a0798ae-d371-4e60-b246-b223928d3adf","D03","BARC","BARC.AOS.groundwater.well.001","BARC.W1.20161013.FIL",,"2016-10-13T14:05Z","2016-10-13T14:05Z","EcoCore_CSU","NO2 - N",0.0090,"milligramsPerLiter",4.7,,0,"formatChange|legacyData","GOOD"
"6e2d4e50-1cac-41c2-b982-0c7e860c4756","D03","BARC","BARC.AOS.groundwater.well.001","BARC.W1.20161013.FIL",,"2016-10-13T14:05Z","2016-10-13T14:05Z","EcoCore_CSU","F",0.0005,"milligramsPerLiter",4.7,,0,"formatChange|legacyData","GOOD"
"e878a989-cfed-45c0-961c-090668a481a6","D03","BARC","BARC.AOS.groundwater.well.001","BARC.W1.20161013.FIL",,"2016-10-13T14:05Z","2016-10-13T14:05Z","EcoCore_CSU","Mg",1.3690,"milligramsPerLiter",4.7,,0,"formatChange|legacyData","GOOD"
"18447341-403b-495e-856e-15a0cae2d014","D03","BARC","BARC.AOS.groundwater.well.001","BARC.W1.20161013.FIL",,"2016-10-13T14:05Z","2016-10-13T14:05Z","EcoCore_CSU","Ortho - P",0.0280,"milligramsPerLiter",4.7,,0,"formatChange|legacyData","GOOD"
"8c55e27b-816e-46e2-b56d-c272ec0b59cf","D03","BARC","BARC.AOS.groundwater.well.001","BARC.W1.20161013.FIL",,"2016-10-13T14:05Z","2016-10-13T14:05Z","EcoCore_CSU","HCO3",5.2400,"milligramsPerLiter",4.7,,0,"formatChange|legacyData","GOOD"
"2aeac442-530c-47b5-b151-960236052f5e","D03","BARC","BARC.AOS.groundwater.well.001","BARC.W1.20161013.FIL",,"2016-10-13T14:05Z","2016-10-13T14:05Z","EcoCore_CSU","K",0.1610,"milligramsPerLiter",4.7,,0,"formatChange|legacyData","GOOD"
"3ceac9cd-5a44-4a40-85cb-2b536ba266a2","D03","BARC","BARC.AOS.groundwater.well.001","BARC.W1.20161013.FIL",,"2016-10-13T14:05Z","2016-10-13T14:05Z","EcoCore_CSU","Si",17.1200,"milligramsPerLiter",4.7,,0,"formatChange|legacyData","GOOD"
"85905560-33fd-4bc8-9169-75d4a6059084","D03","BARC","BARC.AOS.groundwater.well.001","BARC.W1.20161013.FIL",,"2016-10-13T14:05Z","2016-10-13T14:05Z","EcoCore_CSU","TDP",0.0005,"milligramsPerLiter",4.7,,0,"formatChange|legacyData","GOOD"
"5ad59f8e-1afb-41c6-aa75-4111666ce512","D03","BARC","BARC.AOS.groundwater.well.001","BARC.W1.20161013.RAW",,"2016-10-13T14:05Z","2016-10-13T14:05Z","EcoCore_CSU","TOC",0.7448,"milligramsPerLiter",4.7,,0,"formatChange|legacyData","GOOD"
"5639d083-4cf7-4481-8926-57dc4751dbe3","D03","BARC","BARC.AOS.groundwater.well.001","BARC.W1.20161013.FIL",,"2016-10-13T14:05Z","2016-10-13T14:05Z","EcoCore_CSU","NO3+NO2 - N",0.0600,"milligramsPerLiter",4.7,,0,"formatChange|legacyData","GOOD"
"753703f4-2bb3-48ed-a1dc-1ed6137f3df8","D03","BARC","BARC.AOS.groundwater.well.001","BARC.W1.20161013.RAW",,"2016-10-13T14:05Z","2016-10-13T14:05Z","EcoCore_CSU","conductivity",35.2000,"microsiemensPerCentimeter",4.7,,0,"formatChange|legacyData","GOOD"
"0bd7040f-f2f7-4fa3-92ab-8e4c1306ef64","D03","BARC","BARC.AOS.groundwater.well.001","BARC.W1.20161013.FIL",,"2016-10-13T14:05Z","2016-10-13T14:05Z","EcoCore_CSU","Ca",0.8270,"milligramsPerLiter",4.7,,0,"formatChange|legacyData","GOOD"
"6d292877-3748-4855-a987-8bae31e38b15","D03","BARC","BARC.AOS.groundwater.well.001","BARC.W1.20161013.FIL",,"2016-10-13T14:05Z","2016-10-13T14:05Z","EcoCore_CSU","UV Absorbance (250 nm)",0.0105,,4.7,,0,"formatChange|legacyData","GOOD"
"7e42fb44-b968-4b88-9ec3-67c1cd3ee76b","D03","BARC","BARC.AOS.groundwater.well.001","BARC.W1.20161013.FIL",,"2016-10-13T14:05Z","2016-10-13T14:05Z","EcoCore_CSU","UV Absorbance (280 nm)",0.0051,,4.7,,0,"formatChange|legacyData","GOOD"
"b76172ab-6b36-4ba7-8fce-53a6f40f91ed","D03","BARC","BARC.AOS.groundwater.well.001","BARC.W1.20161013.FIL",,"2016-10-13T14:05Z","2016-10-13T14:05Z","EcoCore_CSU","NH4 - N",0.0100,"milligramsPerLiter",4.7,,0,"formatChange|legacyData","GOOD"
"abfa0827-2b37-465a-8b41-b3d51195bb58","D03","BARC","BARC.AOS.groundwater.well.001","BARC.W1.20161013.FIL",,"2016-10-13T14:05Z","2016-10-13T14:05Z","EcoCore_CSU","SO4",3.5100,"milligramsPerLiter",4.7,,0,"formatChange|legacyData","GOOD"
"1579747f-3e1d-46a9-94ba-00bafa9abc10","D03","BARC","BARC.AOS.groundwater.well.001","BARC.W1.20161013.FIL",,"2016-10-13T14:05Z","2016-10-13T14:05Z","EcoCore_CSU","Cl",5.8400,"milligramsPerLiter",4.7,,0,"formatChange|legacyData","GOOD"
"b83b6dcb-c161-4fbb-94cc-8b672c1b5ea0","D03","BARC","BARC.AOS.groundwater.well.001","BARC.W1.20161013.PCN",,"2016-10-13T14:05Z","2016-10-13T14:05Z","EcoCore_CSU","TPN",0.0510,"milligram",4.7,,0,"formatChange|legacyData","GOOD"
"9cdb49a9-f949-4484-8ab2-04267aef6cac","D03","BARC","BARC.AOS.groundwater.well.001","BARC.W1.20161013.RAW",,"2016-10-13T14:05Z","2016-10-13T14:05Z","EcoCore_CSU","ANC",0.1400,"milliequivalentsPerLiter",4.7,,0,"formatChange|legacyData","GOOD"
"9453219d-d842-48ed-845b-b4b79b945519","D03","BARC","BARC.AOS.groundwater.well.001","BARC.W1.20161013.PCN",,"2016-10-13T14:05Z","2016-10-13T14:05Z","EcoCore_CSU","TPC",0.2384,"milligram",4.7,,0,"formatChange|legacyData","GOOD"
"8a36c1f5-ffd8-4a62-a9cd-65d52d7a2e62","D03","BARC","BARC.AOS.groundwater.well.001","BARC.W1.20161013.FIL",,"2016-10-13T14:05Z","2016-10-13T14:05Z","EcoCore_CSU","Na",3.8800,"milligramsPerLiter",4.7,,0,"formatChange|legacyData","GOOD"
"6bb69390-4712-4fa4-bcda-ba2ec8024fcd","D03","BARC","BARC.AOS.groundwater.well.001","BARC.W1.20161013.FIL",,"2016-10-13T14:05Z","2016-10-13T14:05Z","EcoCore_CSU","DOC",0.8139,"milligramsPerLiter",4.7,,0,"formatChange|legacyData","GOOD"
"dbbe89b0-e00a-48ae-b113-5d5c6ec779ac","D03","BARC","BARC.AOS.groundwater.well.001","BARC.W1.20161013.FIL",,"2016-10-13T14:05Z","2016-10-13T14:05Z","EcoCore_CSU","TDN",0.1234,"milligramsPerLiter",4.7,,0,"formatChange|legacyData","GOOD"
"37c9f44c-d6c4-4d3a-9ecc-26eeef956f46","D03","BARC","BARC.AOS.groundwater.well.001","BARC.W1.20161013.RAW",,"2016-10-13T14:05Z","2016-10-13T14:05Z","EcoCore_CSU","TN",0.1097,"milligramsPerLiter",4.7,,0,"formatChange|legacyData","GOOD"
"60bcf9be-dec0-48ce-b6c1-aa80727c3e73","D03","BARC","BARC.AOS.groundwater.well.001","BARC.W1.20161013.FIL",,"2016-10-13T14:05Z","2016-10-13T14:05Z","EcoCore_CSU","Fe",1.7540,"milligramsPerLiter",4.7,,0,"formatChange|legacyData","GOOD"
"f3d452a7-f6d8-4e25-af9e-d7e0ab87efdd","D03","BARC","BARC.AOS.groundwater.well.001","BARC.W1.20161013.RAW",,"2016-10-13T14:05Z","2016-10-13T14:05Z","EcoCore_CSU","TP",0.0200,"milligramsPerLiter",4.7,,0,"formatChange|legacyData","GOOD"
"1d87b9a1-9c8c-4469-b091-b3feef408434","D03","BARC","BARC.AOS.groundwater.well.001","BARC.W1.20161013.FIL",,"2016-10-13T14:05Z","2016-10-13T14:05Z","EcoCore_CSU","TDS",23.8000,"milligramsPerLiter",4.7,,0,"formatChange|legacyData","GOOD"
"16a17013-7560-4d31-9c7d-7d3c56c74cd2","D03","BARC","BARC.AOS.groundwater.well.001","BARC.W1.20161013.FIL",,"2016-10-13T14:05Z","2016-10-13T14:05Z","EcoCore_CSU","Br",0.0050,"milligramsPerLiter",4.7,,0,"formatChange|legacyData","GOOD"
"40ca60c9-fca6-4e19-86da-5d27135cff87","D03","BARC","BARC.AOS.groundwater.well.001","BARC.W1.20161013.FIL",,"2016-10-13T14:05Z","2016-10-13T14:05Z","EcoCore_CSU","CO3",0.0000,"milligramsPerLiter",4.7,,0,"formatChange|legacyData","GOOD"
"010d18d2-e096-4024-abc9-d0c173937762","D03","BARC","BARC.AOS.groundwater.well.001","BARC.W1.20161013.FIL",,"2016-10-13T14:05Z","2016-10-13T14:05Z","EcoCore_CSU","Mn",0.0260,"milligramsPerLiter",4.7,,0,"formatChange|legacyData","GOOD"
"2cb2c0c1-af9c-4326-a790-10537ab6ef54","D03","BARC","BARC.AOS.groundwater.well.008","BARC.W8.20161013.PCN",,"2016-10-13T15:45Z","2016-10-13T15:45Z","EcoCore_CSU","TPN",0.0394,"milligram",4.7,,0,"formatChange|legacyData","GOOD"
"1251ecb4-9c42-4fe4-8377-232dfaf6d21c","D03","BARC","BARC.AOS.groundwater.well.008","BARC.W8.20161013.FIL",,"2016-10-13T15:45Z","2016-10-13T15:45Z","EcoCore_CSU","NH4 - N",0.0370,"milligramsPerLiter",4.7,,0,"formatChange|legacyData","GOOD"
"b0e254f5-bbe4-406a-b8fa-c816b008e7b7","D03","BARC","BARC.AOS.groundwater.well.008","BARC.W8.20161013.RAW",,"2016-10-13T15:45Z","2016-10-13T15:45Z","EcoCore_CSU","TP",0.0005,"milligramsPerLiter",4.7,,0,"formatChange|legacyData","GOOD"
"ebb679f7-54bc-46cb-aa9d-5b1a0d32aae5","D03","BARC","BARC.AOS.groundwater.well.008","BARC.W8.20161013.RAW",,"2016-10-13T15:45Z","2016-10-13T15:45Z","EcoCore_CSU","ANC",0.2000,"milliequivalentsPerLiter",4.7,,0,"formatChange|legacyData","GOOD"
"ff0dbda5-6385-4bc0-814e-07482f4e708e","D03","BARC","BARC.AOS.groundwater.well.008","BARC.W8.20161013.FIL",,"2016-10-13T15:45Z","2016-10-13T15:45Z","EcoCore_CSU","CO3",0.0000,"milligramsPerLiter",4.7,,0,"formatChange|legacyData","GOOD"
"2f1c1116-2eab-458f-a503-3598db975588","D03","BARC","BARC.AOS.groundwater.well.008","BARC.W8.20161013.FIL",,"2016-10-13T15:45Z","2016-10-13T15:45Z","EcoCore_CSU","SO4",3.1500,"milligramsPerLiter",4.7,,0,"formatChange|legacyData","GOOD"
"e77dc561-91f6-4682-a880-61c61f01130c","D03","BARC","BARC.AOS.groundwater.well.008","BARC.W8.20161013.FIL",,"2016-10-13T15:45Z","2016-10-13T15:45Z","EcoCore_CSU","TDP",0.0005,"milligramsPerLiter",4.7,,0,"formatChange|legacyData","GOOD"
"6d017b2f-ced3-4e99-805b-df3b634ccc05","D03","BARC","BARC.AOS.groundwater.well.008","BARC.W8.20161013.FIL",,"2016-10-13T15:45Z","2016-10-13T15:45Z","EcoCore_CSU","Ca",0.7870,"milligramsPerLiter",4.7,,0,"formatChange|legacyData","GOOD"
"0e8cf601-d213-4601-8150-7764503fba0e","D03","BARC","BARC.AOS.groundwater.well.008","BARC.W8.20161013.RAW",,"2016-10-13T15:45Z","2016-10-13T15:45Z","EcoCore_CSU","TSS - Dry Mass",800.0000,"microgram",4.7,,0,"formatChange|legacyData","GOOD"
"8cf3ed02-489f-4fc5-8064-964a9f1512b4","D03","BARC","BARC.AOS.groundwater.well.008","BARC.W8.20161013.FIL",,"2016-10-13T15:45Z","2016-10-13T15:45Z","EcoCore_CSU","TDN",0.1255,"milligramsPerLiter",4.7,,0,"formatChange|legacyData","GOOD"
"5593cdbd-d5f5-4705-b8b3-fcf64874bea4","D03","BARC","BARC.AOS.groundwater.well.008","BARC.W8.20161013.FIL",,"2016-10-13T15:45Z","2016-10-13T15:45Z","EcoCore_CSU","UV Absorbance (280 nm)",0.0043,,4.7,,0,"formatChange|legacyData","GOOD"
"897b33d9-64b6-421b-ae33-0618a51e1134","D03","BARC","BARC.AOS.groundwater.well.008","BARC.W8.20161013.FIL",,"2016-10-13T15:45Z","2016-10-13T15:45Z","EcoCore_CSU","Ortho - P",0.0380,"milligramsPerLiter",4.7,,0,"formatChange|legacyData","GOOD"
"409c1b7a-b816-480e-80e1-faaa3ca541a2","D03","BARC","BARC.AOS.groundwater.well.008","BARC.W8.20161013.FIL",,"2016-10-13T15:45Z","2016-10-13T15:45Z","EcoCore_CSU","K",0.1340,"milligramsPerLiter",4.7,,0,"formatChange|legacyData","GOOD"
"c2028099-e11d-45d8-9777-7ab4d8417e97","D03","BARC","BARC.AOS.groundwater.well.008","BARC.W8.20161013.FIL",,"2016-10-13T15:45Z","2016-10-13T15:45Z","EcoCore_CSU","Mn",0.0240,"milligramsPerLiter",4.7,,0,"formatChange|legacyData","GOOD"
"5fae89a0-1cf7-428b-9ff2-928d329d2b9c","D03","BARC","BARC.AOS.groundwater.well.008","BARC.W8.20161013.FIL",,"2016-10-13T15:45Z","2016-10-13T15:45Z","EcoCore_CSU","NO3+NO2 - N",0.1320,"milligramsPerLiter",4.7,,0,"formatChange|legacyData","GOOD"
"0a99c25d-7291-4a90-8055-6ce02fc9e2b8","D03","BARC","BARC.AOS.groundwater.well.008","BARC.W8.20161013.RAW",,"2016-10-13T15:45Z","2016-10-13T15:45Z","EcoCore_CSU","pH",6.4800,"pH",4.7,,0,"formatChange|legacyData","GOOD"
"efdd917b-c749-4a63-bcf7-d6de10a87263","D03","BARC","BARC.AOS.groundwater.well.008","BARC.W8.20161013.FIL",,"2016-10-13T15:45Z","2016-10-13T15:45Z","EcoCore_CSU","Cl",2.6300,"milligramsPerLiter",4.7,,0,"formatChange|legacyData","GOOD"
"8cdc28eb-0532-4e23-b3a9-8b4ce7c9620a","D03","BARC","BARC.AOS.groundwater.well.008","BARC.W8.20161013.RAW",,"2016-10-13T15:45Z","2016-10-13T15:45Z","EcoCore_CSU","TN",0.1233,"milligramsPerLiter",4.7,,0,"formatChange|legacyData","GOOD"
"18d111e9-0ee3-4643-b49e-7e8aeffffe3a","D03","BARC","BARC.AOS.groundwater.well.008","BARC.W8.20161013.FIL",,"2016-10-13T15:45Z","2016-10-13T15:45Z","EcoCore_CSU","NO2 - N",0.0120,"milligramsPerLiter",4.7,,0,"formatChange|legacyData","GOOD"
"f0f7a5c7-bc70-4008-b8db-30abda2616e7","D03","BARC","BARC.AOS.groundwater.well.008","BARC.W8.20161013.FIL",,"2016-10-13T15:45Z","2016-10-13T15:45Z","EcoCore_CSU","Fe",1.6420,"milligramsPerLiter",4.7,,0,"formatChange|legacyData","GOOD"
"9b6b691d-af6e-40d2-bb61-461a0eed651b","D03","BARC","BARC.AOS.groundwater.well.008","BARC.W8.20161013.PCN",,"2016-10-13T15:45Z","2016-10-13T15:45Z","EcoCore_CSU","TPC",0.2528,"milligram",4.7,,0,"formatChange|legacyData","GOOD"
"8ea66091-9fe9-4f85-8cab-0672041b18ce","D03","BARC","BARC.AOS.groundwater.well.008","BARC.W8.20161013.FIL",,"2016-10-13T15:45Z","2016-10-13T15:45Z","EcoCore_CSU","F",0.0005,"milligramsPerLiter",4.7,,0,"formatChange|legacyData","GOOD"
"19b5c412-aa1d-475b-a464-4a49aea2cba6","D03","BARC","BARC.AOS.groundwater.well.008","BARC.W8.20161013.FIL",,"2016-10-13T15:45Z","2016-10-13T15:45Z","EcoCore_CSU","DIC",1.2010,"milligramsPerLiter",4.7,,0,"formatChange|legacyData","GOOD"
"38776f82-b8bd-432e-9cab-ced874ca06cc","D03","BARC","BARC.AOS.groundwater.well.008","BARC.W8.20161013.FIL",,"2016-10-13T15:45Z","2016-10-13T15:45Z","EcoCore_CSU","UV Absorbance (250 nm)",0.0104,,4.7,,0,"formatChange|legacyData","GOOD"
"4bb22072-7ca9-40ba-942e-5da70d0e49bb","D03","BARC","BARC.AOS.groundwater.well.008","BARC.W8.20161013.FIL",,"2016-10-13T15:45Z","2016-10-13T15:45Z","EcoCore_CSU","DOC",0.5000,"milligramsPerLiter",4.7,,0,"formatChange|legacyData","GOOD"
"8ad359a0-c9c3-4297-977b-4a81f6031fde","D03","BARC","BARC.AOS.groundwater.well.008","BARC.W8.20161013.FIL",,"2016-10-13T15:45Z","2016-10-13T15:45Z","EcoCore_CSU","Si",0.1700,"milligramsPerLiter",4.7,,0,"formatChange|legacyData","GOOD"
"0a3046c5-ff03-40c0-b383-0e92e84565b2","D03","BARC","BARC.AOS.groundwater.well.008","BARC.W8.20161013.FIL",,"2016-10-13T15:45Z","2016-10-13T15:45Z","EcoCore_CSU","HCO3",4.8000,"milligramsPerLiter",4.7,,0,"formatChange|legacyData","GOOD"
"d661eef1-e712-4e62-9529-56cacbca1e72","D03","BARC","BARC.AOS.groundwater.well.008","BARC.W8.20161013.RAW",,"2016-10-13T15:45Z","2016-10-13T15:45Z","EcoCore_CSU","TSS",32.3000,"milligramsPerLiter",4.7,,0,"formatChange|legacyData","GOOD"
"b5d37596-8d95-4c37-a4ad-fb6298e9cdf7","D03","BARC","BARC.AOS.groundwater.well.008","BARC.W8.20161013.FIL",,"2016-10-13T15:45Z","2016-10-13T15:45Z","EcoCore_CSU","TDS",15.9000,"milligramsPerLiter",4.7,,0,"formatChange|legacyData","GOOD"
"f4eee485-3e8d-4251-96c0-002257b40e66","D03","BARC","BARC.AOS.groundwater.well.008","BARC.W8.20161013.FIL",,"2016-10-13T15:45Z","2016-10-13T15:45Z","EcoCore_CSU","Br",0.0050,"milligramsPerLiter",4.7,,0,"formatChange|legacyData","GOOD"
"5691f0c7-f980-4dc6-ba8a-efd344568e91","D03","BARC","BARC.AOS.groundwater.well.008","BARC.W8.20161013.RAW",,"2016-10-13T15:45Z","2016-10-13T15:45Z","EcoCore_CSU","TOC",0.4852,"milligramsPerLiter",4.7,,0,"formatChange|legacyData","GOOD"
"3734461a-2d55-425d-bc0a-f5bc34af315e","D03","BARC","BARC.AOS.groundwater.well.008","BARC.W8.20161013.FIL",,"2016-10-13T15:45Z","2016-10-13T15:45Z","EcoCore_CSU","Na",3.5770,"milligramsPerLiter",4.7,,0,"formatChange|legacyData","GOOD"
"424d0fba-bae4-483c-84ff-69ae578d9c26","D03","BARC","BARC.AOS.groundwater.well.008","BARC.W8.20161013.RAW",,"2016-10-13T15:45Z","2016-10-13T15:45Z","EcoCore_CSU","conductivity",25.1000,"microsiemensPerCentimeter",4.7,,0,"formatChange|legacyData","GOOD"
"b654cc0e-ab2c-4c2e-a8dd-55941afcf908","D03","BARC","BARC.AOS.groundwater.well.008","BARC.W8.20161013.FIL",,"2016-10-13T15:45Z","2016-10-13T15:45Z","EcoCore_CSU","Mg",0.2980,"milligramsPerLiter",4.7,,0,"formatChange|legacyData","GOOD"
"f67ab0b9-181f-4e44-af72-14af9d4810a9","D03","BARC","BARC.AOS.groundwater.well.006","BARC.W6.20161013.RAW",,"2016-10-13T17:30Z","2016-10-13T17:30Z","EcoCore_CSU","TSS - Dry Mass",500.0000,"microgram",4.7,,0,"formatChange|legacyData","GOOD"
"fd3f06e7-d04d-4764-9239-dc836020fd27","D03","BARC","BARC.AOS.groundwater.well.006","BARC.W6.20161013.FIL",,"2016-10-13T17:30Z","2016-10-13T17:30Z","EcoCore_CSU","UV Absorbance (280 nm)",0.0247,,4.7,,0,"formatChange|legacyData","GOOD"
"625184bd-1482-42d2-86e7-02554b9a208c","D03","BARC","BARC.AOS.groundwater.well.006","BARC.W6.20161013.FIL",,"2016-10-13T17:30Z","2016-10-13T17:30Z","EcoCore_CSU","Fe",0.0710,"milligramsPerLiter",4.7,,0,"formatChange|legacyData","GOOD"
"0a3fd506-28e3-4cbb-9fb7-d5b0e9e712b7","D03","BARC","BARC.AOS.groundwater.well.006","BARC.W6.20161013.FIL",,"2016-10-13T17:30Z","2016-10-13T17:30Z","EcoCore_CSU","NH4 - N",0.0090,"milligramsPerLiter",4.7,,0,"formatChange|legacyData","GOOD"
"7b4fab0c-0376-428e-acf0-526a7a9a2785","D03","BARC","BARC.AOS.groundwater.well.006","BARC.W6.20161013.PCN",,"2016-10-13T17:30Z","2016-10-13T17:30Z","EcoCore_CSU","TPN",0.1127,"milligram",4.7,,0,"formatChange|legacyData","GOOD"
"0898c4ca-dcee-409d-b977-99f57232a80e","D03","BARC","BARC.AOS.groundwater.well.006","BARC.W6.20161013.FIL",,"2016-10-13T17:30Z","2016-10-13T17:30Z","EcoCore_CSU","DIC",4.3000,"milligramsPerLiter",4.7,,0,"formatChange|legacyData","GOOD"
"8c7acfee-b805-4940-9554-1f27bb977c99","D03","BARC","BARC.AOS.groundwater.well.006","BARC.W6.20161013.FIL",,"2016-10-13T17:30Z","2016-10-13T17:30Z","EcoCore_CSU","NO3+NO2 - N",0.0710,"milligramsPerLiter",4.7,,0,"formatChange|legacyData","GOOD"
"73805533-f6e6-4eda-9ba9-486383efbe42","D03","BARC","BARC.AOS.groundwater.well.006","BARC.W6.20161013.FIL",,"2016-10-13T17:30Z","2016-10-13T17:30Z","EcoCore_CSU","F",0.0005,"milligramsPerLiter",4.7,,0,"formatChange|legacyData","GOOD"
"bffbc727-8558-430e-95e9-6e0e90b54bf7","D03","BARC","BARC.AOS.groundwater.well.006","BARC.W6.20161013.FIL",,"2016-10-13T17:30Z","2016-10-13T17:30Z","EcoCore_CSU","TDN",0.1681,"milligramsPerLiter",4.7,,0,"formatChange|legacyData","GOOD"
"31bb4033-4728-46e0-8d43-6da654b40849","D03","BARC","BARC.AOS.groundwater.well.006","BARC.W6.20161013.RAW",,"2016-10-13T17:30Z","2016-10-13T17:30Z","EcoCore_CSU","TN",0.1426,"milligramsPerLiter",4.7,,0,"formatChange|legacyData","GOOD"
"2998d0be-c7ab-430c-91ea-e9b95720121d","D03","BARC","BARC.AOS.groundwater.well.006","BARC.W6.20161013.RAW",,"2016-10-13T17:30Z","2016-10-13T17:30Z","EcoCore_CSU","TOC",2.0570,"milligramsPerLiter",4.7,,0,"formatChange|legacyData","GOOD"
"27e6090c-8884-4011-a8d1-bb08ef44ec90","D03","BARC","BARC.AOS.groundwater.well.006","BARC.W6.20161013.FIL",,"2016-10-13T17:30Z","2016-10-13T17:30Z","EcoCore_CSU","Cl",5.2400,"milligramsPerLiter",4.7,,0,"formatChange|legacyData","GOOD"
"6f7083c8-009e-4336-8c5e-51ec4b471cb8","D03","BARC","BARC.AOS.groundwater.well.006","BARC.W6.20161013.FIL",,"2016-10-13T17:30Z","2016-10-13T17:30Z","EcoCore_CSU","TDP",0.0010,"milligramsPerLiter",4.7,,0,"formatChange|legacyData","GOOD"
"2cb2b2d5-ba6a-489f-b303-b43f001ac04c","D03","BARC","BARC.AOS.groundwater.well.006","BARC.W6.20161013.FIL",,"2016-10-13T17:30Z","2016-10-13T17:30Z","EcoCore_CSU","TDS",22.3000,"milligramsPerLiter",4.7,,0,"formatChange|legacyData","GOOD"
"d715504f-e7bb-4f82-977c-aebdf0719f90","D03","BARC","BARC.AOS.groundwater.well.006","BARC.W6.20161013.FIL",,"2016-10-13T17:30Z","2016-10-13T17:30Z","EcoCore_CSU","SO4",2.1500,"milligramsPerLiter",4.7,,0,"formatChange|legacyData","GOOD"
"9dbdfb14-fbaa-4c30-b2ce-eef9a04f3db9","D03","BARC","BARC.AOS.groundwater.well.006","BARC.W6.20161013.PCN",,"2016-10-13T17:30Z","2016-10-13T17:30Z","EcoCore_CSU","TPC",0.2286,"milligram",4.7,,0,"formatChange|legacyData","GOOD"
"291513fe-b05a-4f36-b020-491695e73d60","D03","BARC","BARC.AOS.groundwater.well.006","BARC.W6.20161013.FIL",,"2016-10-13T17:30Z","2016-10-13T17:30Z","EcoCore_CSU","Si",9.5300,"milligramsPerLiter",4.7,,0,"formatChange|legacyData","GOOD"
"6a507b21-3f1d-4f6d-a5d6-d96a618bbe5e","D03","BARC","BARC.AOS.groundwater.well.006","BARC.W6.20161013.RAW",,"2016-10-13T17:30Z","2016-10-13T17:30Z","EcoCore_CSU","TSS",20.6000,"milligramsPerLiter",4.7,,0,"formatChange|legacyData","GOOD"
"a298a020-976c-4b83-86c6-5b50fe2caf00","D03","BARC","BARC.AOS.groundwater.well.006","BARC.W6.20161013.FIL",,"2016-10-13T17:30Z","2016-10-13T17:30Z","EcoCore_CSU","Na",4.9310,"milligramsPerLiter",4.7,,0,"formatChange|legacyData","GOOD"
"bdf0a24a-cc49-40d0-9e33-51c012cc4384","D03","BARC","BARC.AOS.groundwater.well.006","BARC.W6.20161013.FIL",,"2016-10-13T17:30Z","2016-10-13T17:30Z","EcoCore_CSU","UV Absorbance (250 nm)",0.0437,,4.7,,0,"formatChange|legacyData","GOOD"
"bbec24d8-9503-4ef3-afe5-04084f57df55","D03","BARC","BARC.AOS.groundwater.well.006","BARC.W6.20161013.RAW",,"2016-10-13T17:30Z","2016-10-13T17:30Z","EcoCore_CSU","pH",4.6300,"pH",4.7,,0,"formatChange|legacyData","GOOD"
"c55593dd-9605-4374-8ce7-357005c41ea3","D03","BARC","BARC.AOS.groundwater.well.006","BARC.W6.20161013.RAW",,"2016-10-13T17:30Z","2016-10-13T17:30Z","EcoCore_CSU","ANC",0.1200,"milliequivalentsPerLiter",4.7,,0,"formatChange|legacyData","GOOD"
"ae91cbeb-63b0-4ede-937d-c9a08b211102","D03","BARC","BARC.AOS.groundwater.well.006","BARC.W6.20161013.FIL",,"2016-10-13T17:30Z","2016-10-13T17:30Z","EcoCore_CSU","Ortho - P",0.0280,"milligramsPerLiter",4.7,,0,"formatChange|legacyData","GOOD"
"3a81b94b-c5f4-4983-b3d0-0033106c6559","D03","BARC","BARC.AOS.groundwater.well.006","BARC.W6.20161013.FIL",,"2016-10-13T17:30Z","2016-10-13T17:30Z","EcoCore_CSU","NO2 - N",0.0090,"milligramsPerLiter",4.7,,0,"formatChange|legacyData","GOOD"
"c451cce1-2072-49ff-a894-3ce2264b5fc3","D03","BARC","BARC.AOS.groundwater.well.006","BARC.W6.20161013.FIL",,"2016-10-13T17:30Z","2016-10-13T17:30Z","EcoCore_CSU","Ca",0.8830,"milligramsPerLiter",4.7,,0,"formatChange|legacyData","GOOD"
"92d0647d-96ab-4d0b-bc3c-eb4d50eec2d1","D03","BARC","BARC.AOS.groundwater.well.006","BARC.W6.20161013.FIL",,"2016-10-13T17:30Z","2016-10-13T17:30Z","EcoCore_CSU","Br",0.0050,"milligramsPerLiter",4.7,,0,"formatChange|legacyData","GOOD"
"25acf324-bc8e-438c-b79f-2b642730ba7e","D03","BARC","BARC.AOS.groundwater.well.006","BARC.W6.20161013.FIL",,"2016-10-13T17:30Z","2016-10-13T17:30Z","EcoCore_CSU","K",0.2090,"milligramsPerLiter",4.7,,0,"formatChange|legacyData","GOOD"
"6d3d3c97-874a-4228-b283-af9340e14a33","D03","BARC","BARC.AOS.groundwater.well.006","BARC.W6.20161013.FIL",,"2016-10-13T17:30Z","2016-10-13T17:30Z","EcoCore_CSU","Mg",0.5570,"milligramsPerLiter",4.7,,0,"formatChange|legacyData","GOOD"
"567b90b2-6608-40f0-90b0-55d7ccd67b27","D03","BARC","BARC.AOS.groundwater.well.006","BARC.W6.20161013.FIL",,"2016-10-13T17:30Z","2016-10-13T17:30Z","EcoCore_CSU","Mn",0.0130,"milligramsPerLiter",4.7,,0,"formatChange|legacyData","GOOD"
"51006d83-2994-43b8-96fd-4cbe0712db02","D03","BARC","BARC.AOS.groundwater.well.006","BARC.W6.20161013.FIL",,"2016-10-13T17:30Z","2016-10-13T17:30Z","EcoCore_CSU","DOC",2.1400,"milligramsPerLiter",4.7,,0,"formatChange|legacyData","GOOD"
"80364568-b3e3-4d07-8474-dc10e9c44640","D03","BARC","BARC.AOS.groundwater.well.006","BARC.W6.20161013.FIL",,"2016-10-13T17:30Z","2016-10-13T17:30Z","EcoCore_CSU","HCO3",6.5500,"milligramsPerLiter",4.7,,0,"formatChange|legacyData","GOOD"
"9b4203a7-7597-45ef-8c7f-fda5849c0b22","D03","BARC","BARC.AOS.groundwater.well.006","BARC.W6.20161013.RAW",,"2016-10-13T17:30Z","2016-10-13T17:30Z","EcoCore_CSU","conductivity",32.8000,"microsiemensPerCentimeter",4.7,,0,"formatChange|legacyData","GOOD"
"880a6b0b-9393-4e1f-9875-c1ed4f243f4c","D03","BARC","BARC.AOS.groundwater.well.006","BARC.W6.20161013.RAW",,"2016-10-13T17:30Z","2016-10-13T17:30Z","EcoCore_CSU","TP",0.0060,"milligramsPerLiter",4.7,,0,"formatChange|legacyData","GOOD"
"8bb00df9-494f-4922-a928-18f7e9617745","D03","BARC","BARC.AOS.groundwater.well.006","BARC.W6.20161013.FIL",,"2016-10-13T17:30Z","2016-10-13T17:30Z","EcoCore_CSU","CO3",0.0000,"milligramsPerLiter",4.7,,0,"formatChange|legacyData","GOOD"
"f1cb5029-64f5-4e57-b887-df7621f72c8a","D03","BARC","BARC.AOS.groundwater.well.005","BARC.W5.20161013.FIL",,"2016-10-13T19:35Z","2016-10-13T19:35Z","EcoCore_CSU","Br",0.0070,"milligramsPerLiter",4.7,,0,"formatChange|legacyData","GOOD"
"b13621ce-a197-4ada-a346-05f7a4cca34e","D03","BARC","BARC.AOS.groundwater.well.005","BARC.W5.20161013.RAW",,"2016-10-13T19:35Z","2016-10-13T19:35Z","EcoCore_CSU","TSS",20.1000,"milligramsPerLiter",4.7,,0,"formatChange|legacyData","GOOD"
"ba55af8e-a5e4-45bf-a0f2-2d9f7ade3c04","D03","BARC","BARC.AOS.groundwater.well.005","BARC.W5.20161013.FIL",,"2016-10-13T19:35Z","2016-10-13T19:35Z","EcoCore_CSU","SO4",1.8200,"milligramsPerLiter",4.7,,0,"formatChange|legacyData","GOOD"
"0544271c-7cac-48de-8f1b-e8f8194c522a","D03","BARC","BARC.AOS.groundwater.well.005","BARC.W5.20161013.FIL",,"2016-10-13T19:35Z","2016-10-13T19:35Z","EcoCore_CSU","TDS",16.8000,"milligramsPerLiter",4.7,,0,"formatChange|legacyData","GOOD"
"b98729e5-11aa-45b0-84c1-113adcb70fd4","D03","BARC","BARC.AOS.groundwater.well.005","BARC.W5.20161013.FIL",,"2016-10-13T19:35Z","2016-10-13T19:35Z","EcoCore_CSU","TDP",0.0080,"milligramsPerLiter",4.7,,0,"formatChange|legacyData","GOOD"
"8db97774-21e9-4498-9b4f-6650cb462a79","D03","BARC","BARC.AOS.groundwater.well.005","BARC.W5.20161013.PCN",,"2016-10-13T19:35Z","2016-10-13T19:35Z","EcoCore_CSU","TPC",0.2439,"milligram",4.7,,0,"formatChange|legacyData","GOOD"
"d55840f7-6a8f-4468-ad50-d6c001dbf0e8","D03","BARC","BARC.AOS.groundwater.well.005","BARC.W5.20161013.FIL",,"2016-10-13T19:35Z","2016-10-13T19:35Z","EcoCore_CSU","NO2 - N",0.0100,"milligramsPerLiter",4.7,,0,"formatChange|legacyData","GOOD"
"a524552c-2664-4063-96f0-db18aa7d1bce","D03","BARC","BARC.AOS.groundwater.well.005","BARC.W5.20161013.FIL",,"2016-10-13T19:35Z","2016-10-13T19:35Z","EcoCore_CSU","Ortho - P",0.0300,"milligramsPerLiter",4.7,,0,"formatChange|legacyData","GOOD"
"3e12ac7c-29ef-4823-aa55-4ad7b9244a60","D03","BARC","BARC.AOS.groundwater.well.005","BARC.W5.20161013.FIL",,"2016-10-13T19:35Z","2016-10-13T19:35Z","EcoCore_CSU","HCO3",6.3300,"milligramsPerLiter",4.7,,0,"formatChange|legacyData","GOOD"
"bfe2fcde-4087-47ae-941e-c66a164ef62a","D03","BARC","BARC.AOS.groundwater.well.005","BARC.W5.20161013.FIL",,"2016-10-13T19:35Z","2016-10-13T19:35Z","EcoCore_CSU","K",0.2310,"milligramsPerLiter",4.7,,0,"formatChange|legacyData","GOOD"
"4fa3cd16-87d4-45b1-9655-67d0c847474b","D03","BARC","BARC.AOS.groundwater.well.005","BARC.W5.20161013.FIL",,"2016-10-13T19:35Z","2016-10-13T19:35Z","EcoCore_CSU","NH4 - N",0.3690,"milligramsPerLiter",4.7,,0,"formatChange|legacyData","GOOD"
"c4cbdb16-36c5-41f0-b8dc-b8cebab2ae2d","D03","BARC","BARC.AOS.groundwater.well.005","BARC.W5.20161013.RAW",,"2016-10-13T19:35Z","2016-10-13T19:35Z","EcoCore_CSU","TP",0.0340,"milligramsPerLiter",4.7,,0,"formatChange|legacyData","GOOD"
"67625d0e-aceb-4700-91bb-fb74bf38e193","D03","BARC","BARC.AOS.groundwater.well.005","BARC.W5.20161013.RAW",,"2016-10-13T19:35Z","2016-10-13T19:35Z","EcoCore_CSU","conductivity",22.8000,"microsiemensPerCentimeter",4.7,,0,"formatChange|legacyData","GOOD"
"b1b41bf7-9854-4e45-9acf-a72370c0870c","D03","BARC","BARC.AOS.groundwater.well.005","BARC.W5.20161013.FIL",,"2016-10-13T19:35Z","2016-10-13T19:35Z","EcoCore_CSU","Cl",2.0500,"milligramsPerLiter",4.7,,0,"formatChange|legacyData","GOOD"
"5ca6f520-c2e0-4a3d-84e9-19bd5cc30ea1","D03","BARC","BARC.AOS.groundwater.well.005","BARC.W5.20161013.FIL",,"2016-10-13T19:35Z","2016-10-13T19:35Z","EcoCore_CSU","Ca",1.0640,"milligramsPerLiter",4.7,,0,"formatChange|legacyData","GOOD"
"9c240306-105c-4ee1-9cba-e12e14097508","D03","BARC","BARC.AOS.groundwater.well.005","BARC.W5.20161013.FIL",,"2016-10-13T19:35Z","2016-10-13T19:35Z","EcoCore_CSU","DOC",0.9804,"milligramsPerLiter",4.7,,0,"formatChange|legacyData","GOOD"
"fc7646dd-7423-4c41-9530-8a1c93065acd","D03","BARC","BARC.AOS.groundwater.well.005","BARC.W5.20161013.FIL",,"2016-10-13T19:35Z","2016-10-13T19:35Z","EcoCore_CSU","Mn",0.0290,"milligramsPerLiter",4.7,,0,"formatChange|legacyData","GOOD"
"dcfb5af5-3e1d-4d80-97dd-bb256b6c9b4a","D03","BARC","BARC.AOS.groundwater.well.005","BARC.W5.20161013.FIL",,"2016-10-13T19:35Z","2016-10-13T19:35Z","EcoCore_CSU","TDN",0.4015,"milligramsPerLiter",4.7,,0,"formatChange|legacyData","GOOD"
"da4d1d3e-66a4-447f-ba77-b1f6c62ca028","D03","BARC","BARC.AOS.groundwater.well.005","BARC.W5.20161013.FIL",,"2016-10-13T19:35Z","2016-10-13T19:35Z","EcoCore_CSU","CO3",0.0000,"milligramsPerLiter",4.7,,0,"formatChange|legacyData","GOOD"
"51c20d70-e961-47d8-a11a-71a24fce03c6","D03","BARC","BARC.AOS.groundwater.well.005","BARC.W5.20161013.PCN",,"2016-10-13T19:35Z","2016-10-13T19:35Z","EcoCore_CSU","TPN",0.0771,"milligram",4.7,,0,"formatChange|legacyData","GOOD"
"74b8adeb-6e38-4854-bcb7-3ca50da0fa09","D03","BARC","BARC.AOS.groundwater.well.005","BARC.W5.20161013.RAW",,"2016-10-13T19:35Z","2016-10-13T19:35Z","EcoCore_CSU","TOC",1.0500,"milligramsPerLiter",4.7,,0,"formatChange|legacyData","GOOD"
"d26cb8f6-b1f8-4a90-bdb6-a0320bb8bef9","D03","BARC","BARC.AOS.groundwater.well.005","BARC.W5.20161013.RAW",,"2016-10-13T19:35Z","2016-10-13T19:35Z","EcoCore_CSU","TSS - Dry Mass",500.0000,"microgram",4.7,,0,"formatChange|legacyData","GOOD"
"9ded946b-ccfe-4228-8420-1591f3a56a7d","D03","BARC","BARC.AOS.groundwater.well.005","BARC.W5.20161013.FIL",,"2016-10-13T19:35Z","2016-10-13T19:35Z","EcoCore_CSU","DIC",5.5040,"milligramsPerLiter",4.7,,0,"formatChange|legacyData","GOOD"
"89c0081d-f492-467f-a910-345473af0f39","D03","BARC","BARC.AOS.groundwater.well.005","BARC.W5.20161013.RAW",,"2016-10-13T19:35Z","2016-10-13T19:35Z","EcoCore_CSU","ANC",0.2500,"milliequivalentsPerLiter",4.7,,0,"formatChange|legacyData","GOOD"
"18d8cbbc-e1a4-4e70-b986-730a17f3ae7b","D03","BARC","BARC.AOS.groundwater.well.005","BARC.W5.20161013.FIL",,"2016-10-13T19:35Z","2016-10-13T19:35Z","EcoCore_CSU","Na",2.4460,"milligramsPerLiter",4.7,,0,"formatChange|legacyData","GOOD"
"499be603-da82-4f27-8457-365b14edaa97","D03","BARC","BARC.AOS.groundwater.well.005","BARC.W5.20161013.FIL",,"2016-10-13T19:35Z","2016-10-13T19:35Z","EcoCore_CSU","NO3+NO2 - N",0.0010,"milligramsPerLiter",4.7,,0,"formatChange|legacyData","GOOD"
"9e0c19ea-846d-47ad-84ce-3c92ba174335","D03","BARC","BARC.AOS.groundwater.well.005","BARC.W5.20161013.FIL",,"2016-10-13T19:35Z","2016-10-13T19:35Z","EcoCore_CSU","UV Absorbance (280 nm)",0.0116,,4.7,,0,"formatChange|legacyData","GOOD"
"fecf2e1a-4a58-4732-ada1-ce9a4f5e653c","D03","BARC","BARC.AOS.groundwater.well.005","BARC.W5.20161013.FIL",,"2016-10-13T19:35Z","2016-10-13T19:35Z","EcoCore_CSU","F",0.0005,"milligramsPerLiter",4.7,,0,"formatChange|legacyData","GOOD"
"e7fef18e-e8be-4847-9f2e-5ee581b61a19","D03","BARC","BARC.AOS.groundwater.well.005","BARC.W5.20161013.FIL",,"2016-10-13T19:35Z","2016-10-13T19:35Z","EcoCore_CSU","Fe",36.1520,"milligramsPerLiter",4.7,,0,"formatChange|legacyData","GOOD"
"e057fc35-3632-4d3b-8451-e1402894b6f8","D03","BARC","BARC.AOS.groundwater.well.005","BARC.W5.20161013.FIL",,"2016-10-13T19:35Z","2016-10-13T19:35Z","EcoCore_CSU","Si",0.0050,"milligramsPerLiter",4.7,,0,"formatChange|legacyData","GOOD"
"bfe87fc0-7926-4e6c-8cdb-3e0fde808aab","D03","BARC","BARC.AOS.groundwater.well.005","BARC.W5.20161013.RAW",,"2016-10-13T19:35Z","2016-10-13T19:35Z","EcoCore_CSU","pH",6.1600,"pH",4.7,,0,"formatChange|legacyData","GOOD"
"c4857ccc-9605-41ba-9c76-1efac5c9c244","D03","BARC","BARC.AOS.groundwater.well.005","BARC.W5.20161013.RAW",,"2016-10-13T19:35Z","2016-10-13T19:35Z","EcoCore_CSU","TN",0.4083,"milligramsPerLiter",4.7,,0,"formatChange|legacyData","GOOD"
"a98f2976-d007-486e-8c26-7e17830f22d0","D03","BARC","BARC.AOS.groundwater.well.005","BARC.W5.20161013.FIL",,"2016-10-13T19:35Z","2016-10-13T19:35Z","EcoCore_CSU","UV Absorbance (250 nm)",0.0235,,4.7,,0,"formatChange|legacyData","GOOD"
"5bc9c794-5e5c-4e01-8b4f-833e7b6e9c55","D03","BARC","BARC.AOS.groundwater.well.005","BARC.W5.20161013.FIL",,"2016-10-13T19:35Z","2016-10-13T19:35Z","EcoCore_CSU","Mg",0.4340,"milligramsPerLiter",4.7,,0,"formatChange|legacyData","GOOD"
