uid,domainID,siteID,namedLocation,decimalLatitude,decimalLongitude,coordinateUncertainty,elevation,elevationUncertainty,geodeticDatum,collectDate,aquaticSiteType,samplingImpractical,waterChemSamplesCollected,adequateSampleVol,parentSampleID,eventID,swcSamplingProtocolVersion,sampleExtractionMethod,samplerType,totalWellDepth,wellWaterDepth,waterColumnHeight,sampleDepth,purgeAverageDischargeRate,purgeTime,gwWellStabilized,purgeDryDateTime,pumpPlacementDate,screenedIntervalDepth,maxAllowableDrawdown,actualDrawdown,MADExceeded,wellVolumePurged,probeIDUnavailable,dissolvedOxygen,dissolvedOxygenSaturation,specificConductance,waterTemp,pH,waterClarityDescrip,waterColorDescrip,aCollectedBy,bCollectedBy,remarks
"26c12f3e-397b-4216-b055-5d4457adf5de","D03","BARC","BARC.AOS.groundwater.well.001",29.678574,-82.008577,0.1,30.1,0.1,"WGS84","2016-10-13T14:05Z","lake",,,,"BARC.W1.20161013","BARC.20161013","NEON.DOC.002905vC","low-flow",,,4.9,,6.0,,,,,,,,,,10.1,,7.63,90.00,50.80,23.90,,,,"ksandusky@neoninc.org","echartrand@neoninc.org","discharge rate includes time for sample collection"
"486b61f5-9304-4a93-93a8-51fa264018ee","D03","BARC","BARC.AOS.groundwater.well.008",29.678049,-82.009175,0.1,30.3,0.1,"WGS84","2016-10-13T15:45Z","lake",,,,"BARC.W8.20161013","BARC.20161013","NEON.DOC.002905vC","low-flow",,,5.2,,6.5,,,,,,,,,,11.2,,7.48,89.90,31.90,24.70,,,,"ksandusky@neoninc.org","echartrand@neoninc.org","discharge rate includes sample collection time"
"9d83978f-d8ab-45ae-bc75-717ea18a22bc","D03","BARC","BARC.AOS.groundwater.well.006",29.674068,-82.008257,0.1,29.6,0.1,"WGS84","2016-10-13T17:30Z","lake",,,,"BARC.W6.20161013","BARC.20161013","NEON.DOC.002905vC","low-flow",,,4.9,,6.0,,,,,,,,,,15.3,,5.12,61.40,65.70,24.70,,,,"ksandusky@neoninc.org","echartrand@neoninc.org","discharge rate includes time during sample collection"
"5176b2b0-3f44-431a-9481-6818eb0a9205","D03","BARC","BARC.AOS.groundwater.well.005",29.674046,-82.007170,0.1,29.9,0.1,"WGS84","2016-10-13T19:35Z","lake",,,,"BARC.W5.20161013","BARC.20161013","NEON.DOC.002905vC","low-flow",,,5.5,,6.5,,,,,,,,,,15.4,,0.21,2.50,39.90,23.00,,,,"ksandusky@neoninc.org","echartrand@neoninc.org","well water depth measured from PVC. discharge time includes sample collection time"
