uid,domainID,siteID,namedLocation,collectDate,parentSampleID,sampleCondition,sampleID,replicateNumber,gwwDICBubbleFree,gwwFiltSampleHeadspace,gwwAlkSampleHeadspace,gwwAlkSampleBubbleFree,processedDate,processedDateFilters,sampleVolumeFiltered,shipmentTimeRange
"84318fb7-1477-43d3-8ad9-97c1e70519a9","D03","BARC","BARC.AOS.groundwater.well.001","2016-10-13T14:05Z","BARC.W1.20161013",,"BARC.W1.20161013",,,,,,"2016-10-13T14:25Z","2016-10-13T14:25Z",500.0,
"b25d3967-8f24-440a-9f86-75ad41bef491","D03","BARC","BARC.AOS.groundwater.well.008","2016-10-13T15:45Z","BARC.W8.20161013",,"BARC.W8.20161013",,,,,,"2016-10-13T16:10Z","2016-10-13T16:10Z",500.0,
"ef1e3df8-6358-4a63-841b-a949dcf74176","D03","BARC","BARC.AOS.groundwater.well.006","2016-10-13T17:30Z","BARC.W6.20161013",,"BARC.W6.20161013",,,,,,"2016-10-13T17:40Z","2016-10-13T17:40Z",800.0,
"648ecd21-5fdb-4a1a-ba8c-f5b7daede0df","D03","BARC","BARC.AOS.groundwater.well.005","2016-10-13T19:35Z","BARC.W5.20161013",,"BARC.W5.20161013",,,,,,"2016-10-13T19:53Z","2016-10-13T19:53Z",300.0,
