uid,domainID,siteID,namedLocation,sampleID,sampleCode,startDate,collectDate,laboratoryName,analyte,analyteConcentration,analyteUnits,coolerTemp,remarks,shipmentWarmQF,externalLabDataQF,sampleCondition
"a9608c81-e736-4670-968c-f4b04fb1466c","D03","SUGG","SUGG.AOS.groundwater.well.004","SUGG.W4.20180305.FIL",,"2018-03-05T16:48Z","2018-03-05T16:48Z","EcoCore_CSU","Ortho - P",1.1800,"milligramsPerLiter",0.2,,0,"formatChange","GOOD"
"5861f1cf-2d7e-4e9a-8d1b-3313c71f4d92","D03","SUGG","SUGG.AOS.groundwater.well.004","SUGG.W4.20180305.FIL",,"2018-03-05T16:48Z","2018-03-05T16:48Z","EcoCore_CSU","HCO3",3.1800,"milligramsPerLiter",0.2,,0,"formatChange","GOOD"
"f4817b5e-6acc-4d81-8fee-cb45d9af7283","D03","SUGG","SUGG.AOS.groundwater.well.004","SUGG.W4.20180305.FIL",,"2018-03-05T16:48Z","2018-03-05T16:48Z","EcoCore_CSU","Fe",0.0005,"milligramsPerLiter",0.2,,0,"formatChange","GOOD"
"3e185c51-52e0-4ca8-b8a3-ef9293c1a50e","D03","SUGG","SUGG.AOS.groundwater.well.004","SUGG.W4.20180305.FIL",,"2018-03-05T16:48Z","2018-03-05T16:48Z","EcoCore_CSU","Mg",1.0250,"milligramsPerLiter",0.2,,0,"formatChange","GOOD"
"97fad20c-357d-48f3-8111-5ab85e608b78","D03","SUGG","SUGG.AOS.groundwater.well.004","SUGG.W4.20180305.FIL",,"2018-03-05T16:48Z","2018-03-05T16:48Z","EcoCore_CSU","CO3",0.0050,"milligramsPerLiter",0.2,,0,"formatChange","GOOD"
"95f9b7fc-6510-4833-ad6a-83345802c093","D03","SUGG","SUGG.AOS.groundwater.well.004","SUGG.W4.20180305.RAW",,"2018-03-05T16:48Z","2018-03-05T16:48Z","EcoCore_CSU","TN",0.0067,"milligramsPerLiter",0.2,,0,"formatChange","GOOD"
"7ba4e603-44ed-4c47-835d-704bd83f581e","D03","SUGG","SUGG.AOS.groundwater.well.004","SUGG.W4.20180305.FIL",,"2018-03-05T16:48Z","2018-03-05T16:48Z","EcoCore_CSU","TDP",0.0005,"milligramsPerLiter",0.2,,0,"formatChange","GOOD"
"367a87ee-6517-4354-bb28-fa2b9191829f","D03","SUGG","SUGG.AOS.groundwater.well.004","SUGG.W4.20180305.FIL",,"2018-03-05T16:48Z","2018-03-05T16:48Z","EcoCore_CSU","UV Absorbance (250 nm)",0.0211,,0.2,,0,"formatChange","GOOD"
"3531157c-6328-4f23-bcbf-e6ac1a74ab66","D03","SUGG","SUGG.AOS.groundwater.well.004","SUGG.W4.20180305.FIL",,"2018-03-05T16:48Z","2018-03-05T16:48Z","EcoCore_CSU","NO2 - N",0.0149,"milligramsPerLiter",0.2,,0,"formatChange","GOOD"
"e6bfd6e5-477b-4d82-9252-f1666a0105dc","D03","SUGG","SUGG.AOS.groundwater.well.004","SUGG.W4.20180305.FIL",,"2018-03-05T16:48Z","2018-03-05T16:48Z","EcoCore_CSU","SO4",0.4300,"milligramsPerLiter",0.2,,0,"formatChange","GOOD"
"45bc4513-760e-496b-9321-4a1e74f7e41f","D03","SUGG","SUGG.AOS.groundwater.well.004","SUGG.W4.20180305.FIL",,"2018-03-05T16:48Z","2018-03-05T16:48Z","EcoCore_CSU","Cl",12.7500,"milligramsPerLiter",0.2,,0,"formatChange","GOOD"
"9478046c-99ee-4f6a-9295-9851a609b5e1","D03","SUGG","SUGG.AOS.groundwater.well.004","SUGG.W4.20180305.RAW",,"2018-03-05T16:48Z","2018-03-05T16:48Z","EcoCore_CSU","pH",5.7100,"pH",0.2,,0,"formatChange","GOOD"
"103a52f8-7c5f-484c-b183-85d279517506","D03","SUGG","SUGG.AOS.groundwater.well.004","SUGG.W4.20180305.PCN",,"2018-03-05T16:48Z","2018-03-05T16:48Z","EcoCore_CSU","TPN",,"milligram",0.2,"TPC analyzed but not TPN",0,"formatChange","Other"
"c88727dc-4762-454b-b8d6-8ebf991685f4","D03","SUGG","SUGG.AOS.groundwater.well.004","SUGG.W4.20180305.FIL",,"2018-03-05T16:48Z","2018-03-05T16:48Z","EcoCore_CSU","DOC",0.4981,"milligramsPerLiter",0.2,,0,"formatChange","GOOD"
"e2c2a47f-bb8e-45be-bbfc-1d007b9831bf","D03","SUGG","SUGG.AOS.groundwater.well.004","SUGG.W4.20180305.FIL",,"2018-03-05T16:48Z","2018-03-05T16:48Z","EcoCore_CSU","TDN",-0.0117,"milligramsPerLiter",0.2,,0,"formatChange","GOOD"
"64e7dbc2-921a-4940-be0a-b77f5b680ae0","D03","SUGG","SUGG.AOS.groundwater.well.004","SUGG.W4.20180305.PCN",,"2018-03-05T16:48Z","2018-03-05T16:48Z","EcoCore_CSU","TPC",0.2880,"milligram",0.2,"TPC analyzed but not TPN",0,"formatChange","Other"
"f91bffe5-273d-4262-ad5e-703bfd5c8fa8","D03","SUGG","SUGG.AOS.groundwater.well.004","SUGG.W4.20180305.RAW",,"2018-03-05T16:48Z","2018-03-05T16:48Z","EcoCore_CSU","TOC",0.4298,"milligramsPerLiter",0.2,,0,"formatChange","GOOD"
"4f146835-4b88-438d-9c5d-f5f850db5bc7","D03","SUGG","SUGG.AOS.groundwater.well.004","SUGG.W4.20180305.FIL",,"2018-03-05T16:48Z","2018-03-05T16:48Z","EcoCore_CSU","Br",0.0050,"milligramsPerLiter",0.2,,0,"formatChange","GOOD"
"d2fb0602-c443-4de3-985d-dfaf9817cbb6","D03","SUGG","SUGG.AOS.groundwater.well.004","SUGG.W4.20180305.RAW",,"2018-03-05T16:48Z","2018-03-05T16:48Z","EcoCore_CSU","TSS - Dry Mass",1200.0000,"microgram",0.2,,0,"formatChange","GOOD"
"2e39cce7-07a6-467e-9b8e-dfcd5e68769c","D03","SUGG","SUGG.AOS.groundwater.well.004","SUGG.W4.20180305.RAW",,"2018-03-05T16:48Z","2018-03-05T16:48Z","EcoCore_CSU","TP",0.0020,"milligramsPerLiter",0.2,,0,"formatChange","GOOD"
"6fdade24-de1f-4e6e-b914-d86f31c97a6d","D03","SUGG","SUGG.AOS.groundwater.well.004","SUGG.W4.20180305.RAW",,"2018-03-05T16:48Z","2018-03-05T16:48Z","EcoCore_CSU","TSS",24.0000,"milligramsPerLiter",0.2,,0,"formatChange","GOOD"
"041f329e-423a-4491-b70d-ee97f181eb25","D03","SUGG","SUGG.AOS.groundwater.well.004","SUGG.W4.20180305.FIL",,"2018-03-05T16:48Z","2018-03-05T16:48Z","EcoCore_CSU","NH4 - N",0.0023,"milligramsPerLiter",0.2,,0,"formatChange","GOOD"
"0c3c9091-cfe2-4325-8107-d86c2ccd10b2","D03","SUGG","SUGG.AOS.groundwater.well.004","SUGG.W4.20180305.FIL",,"2018-03-05T16:48Z","2018-03-05T16:48Z","EcoCore_CSU","F",1.8000,"milligramsPerLiter",0.2,,0,"formatChange","GOOD"
"12472f52-2bbe-4519-aa7e-528a9bbb99cc","D03","SUGG","SUGG.AOS.groundwater.well.004","SUGG.W4.20180305.FIL",,"2018-03-05T16:48Z","2018-03-05T16:48Z","EcoCore_CSU","K",0.1500,"milligramsPerLiter",0.2,,0,"formatChange","GOOD"
"49fcc4b2-50ef-4e2a-bf4a-168d72665476","D03","SUGG","SUGG.AOS.groundwater.well.004","SUGG.W4.20180305.RAW",,"2018-03-05T16:48Z","2018-03-05T16:48Z","EcoCore_CSU","conductivity",42.2000,"microsiemensPerCentimeter",0.2,,0,"formatChange","GOOD"
"b8362f15-0aed-4db2-840a-72912ad8768f","D03","SUGG","SUGG.AOS.groundwater.well.004","SUGG.W4.20180305.FIL",,"2018-03-05T16:48Z","2018-03-05T16:48Z","EcoCore_CSU","Mn",0.0005,"milligramsPerLiter",0.2,,0,"formatChange","GOOD"
"a3aa340c-a1fc-4433-805e-33d73a5bc9c2","D03","SUGG","SUGG.AOS.groundwater.well.004","SUGG.W4.20180305.FIL",,"2018-03-05T16:48Z","2018-03-05T16:48Z","EcoCore_CSU","TDS",31.7000,"milligramsPerLiter",0.2,,0,"formatChange","GOOD"
"19ceee71-bd89-47d5-9679-86990e5c8c5e","D03","SUGG","SUGG.AOS.groundwater.well.004","SUGG.W4.20180305.FIL",,"2018-03-05T16:48Z","2018-03-05T16:48Z","EcoCore_CSU","NO3+NO2 - N",0.0444,"milligramsPerLiter",0.2,,0,"formatChange","GOOD"
"0d77bf43-3533-4747-ab76-c28737a37779","D03","SUGG","SUGG.AOS.groundwater.well.004","SUGG.W4.20180305.FIL",,"2018-03-05T16:48Z","2018-03-05T16:48Z","EcoCore_CSU","Na",3.2190,"milligramsPerLiter",0.2,,0,"formatChange","GOOD"
"22f272a2-54b2-4cc9-a8d5-4b26f5fdacce","D03","SUGG","SUGG.AOS.groundwater.well.004","SUGG.W4.20180305.FIL",,"2018-03-05T16:48Z","2018-03-05T16:48Z","EcoCore_CSU","Ca",5.7850,"milligramsPerLiter",0.2,,0,"formatChange","GOOD"
"3d60de6b-91f3-4b74-89b9-05b091e04947","D03","SUGG","SUGG.AOS.groundwater.well.004","SUGG.W4.20180305.FIL",,"2018-03-05T16:48Z","2018-03-05T16:48Z","EcoCore_CSU","DIC",3.2490,"milligramsPerLiter",0.2,,0,"formatChange","GOOD"
"3bc700db-3916-4fc0-a1fa-55b439eda45c","D03","SUGG","SUGG.AOS.groundwater.well.004","SUGG.W4.20180305.FIL",,"2018-03-05T16:48Z","2018-03-05T16:48Z","EcoCore_CSU","Si",3.4300,"milligramsPerLiter",0.2,,0,"formatChange","GOOD"
"45af89eb-1f3d-492f-adbe-a2a9025bd1f1","D03","SUGG","SUGG.AOS.groundwater.well.004","SUGG.W4.20180305.FIL",,"2018-03-05T16:48Z","2018-03-05T16:48Z","EcoCore_CSU","UV Absorbance (280 nm)",0.0185,,0.2,,0,"formatChange","GOOD"
"a44cfcee-b9d7-4616-b32f-5510ce3820ed","D03","SUGG","SUGG.AOS.groundwater.well.004","SUGG.W4.20180305.RAW",,"2018-03-05T16:48Z","2018-03-05T16:48Z","EcoCore_CSU","ANC",0.0600,"milliequivalentsPerLiter",0.2,,0,"formatChange","GOOD"
"ea62e0ee-4c62-4281-a79f-9d2500814351","D03","SUGG","SUGG.AOS.groundwater.well.005","SUGG.W5.20180305.FIL",,"2018-03-05T19:46Z","2018-03-05T19:46Z","EcoCore_CSU","K",0.2890,"milligramsPerLiter",0.2,,0,"formatChange","GOOD"
"27d4bbb6-e377-40cf-bce0-e5f3947e3623","D03","SUGG","SUGG.AOS.groundwater.well.005","SUGG.W5.20180305.PCN",,"2018-03-05T19:46Z","2018-03-05T19:46Z","EcoCore_CSU","TPC",0.2535,"milligram",0.2,,0,"formatChange","GOOD"
"1825e7c8-7418-4556-bd29-609782b5e379","D03","SUGG","SUGG.AOS.groundwater.well.005","SUGG.W5.20180305.FIL",,"2018-03-05T19:46Z","2018-03-05T19:46Z","EcoCore_CSU","Cl",12.2600,"milligramsPerLiter",0.2,,0,"formatChange","GOOD"
"984e41c5-4379-4d6b-96d0-c7e85cffbac6","D03","SUGG","SUGG.AOS.groundwater.well.005","SUGG.W5.20180305.RAW",,"2018-03-05T19:46Z","2018-03-05T19:46Z","EcoCore_CSU","ANC",0.2600,"milliequivalentsPerLiter",0.2,,0,"formatChange","GOOD"
"ca879223-f419-448e-ab46-d49a9f4c146b","D03","SUGG","SUGG.AOS.groundwater.well.005","SUGG.W5.20180305.FIL",,"2018-03-05T19:46Z","2018-03-05T19:46Z","EcoCore_CSU","UV Absorbance (250 nm)",0.0748,,0.2,,0,"formatChange","GOOD"
"62232b5e-9dda-4306-939c-1e889331b855","D03","SUGG","SUGG.AOS.groundwater.well.005","SUGG.W5.20180305.FIL",,"2018-03-05T19:46Z","2018-03-05T19:46Z","EcoCore_CSU","F",0.0050,"milligramsPerLiter",0.2,,0,"formatChange","GOOD"
"548afd39-bc83-4699-a873-ce61cab5efb2","D03","SUGG","SUGG.AOS.groundwater.well.005","SUGG.W5.20180305.FIL",,"2018-03-05T19:46Z","2018-03-05T19:46Z","EcoCore_CSU","Mn",0.0060,"milligramsPerLiter",0.2,,0,"formatChange","GOOD"
"78b59a5b-bf25-45fc-b5ab-996a30278724","D03","SUGG","SUGG.AOS.groundwater.well.005","SUGG.W5.20180305.RAW",,"2018-03-05T19:46Z","2018-03-05T19:46Z","EcoCore_CSU","TSS - Dry Mass",100.0000,"microgram",0.2,,0,"formatChange","GOOD"
"1dc08db2-3985-4179-b550-6740457b580a","D03","SUGG","SUGG.AOS.groundwater.well.005","SUGG.W5.20180305.RAW",,"2018-03-05T19:46Z","2018-03-05T19:46Z","EcoCore_CSU","TN",0.0652,"milligramsPerLiter",0.2,,0,"formatChange","GOOD"
"59f97994-8afb-4a2f-9068-a57b13975db8","D03","SUGG","SUGG.AOS.groundwater.well.005","SUGG.W5.20180305.FIL",,"2018-03-05T19:46Z","2018-03-05T19:46Z","EcoCore_CSU","Fe",0.0005,"milligramsPerLiter",0.2,,0,"formatChange","GOOD"
"b3eaa298-a21f-486e-bd99-e2d863bbf93f","D03","SUGG","SUGG.AOS.groundwater.well.005","SUGG.W5.20180305.FIL",,"2018-03-05T19:46Z","2018-03-05T19:46Z","EcoCore_CSU","HCO3",14.0200,"milligramsPerLiter",0.2,,0,"formatChange","GOOD"
"3e72c321-07e9-49d8-8831-e1371bb929d5","D03","SUGG","SUGG.AOS.groundwater.well.005","SUGG.W5.20180305.FIL",,"2018-03-05T19:46Z","2018-03-05T19:46Z","EcoCore_CSU","UV Absorbance (280 nm)",0.0638,,0.2,,0,"formatChange","GOOD"
"fff40f65-64d6-452c-965d-779b19e1c291","D03","SUGG","SUGG.AOS.groundwater.well.005","SUGG.W5.20180305.PCN",,"2018-03-05T19:46Z","2018-03-05T19:46Z","EcoCore_CSU","TPN",0.1073,"milligram",0.2,,0,"formatChange","GOOD"
"4ec7ecac-1e98-43ca-88ee-85d443da53af","D03","SUGG","SUGG.AOS.groundwater.well.005","SUGG.W5.20180305.FIL",,"2018-03-05T19:46Z","2018-03-05T19:46Z","EcoCore_CSU","Si",3.3900,"milligramsPerLiter",0.2,,0,"formatChange","GOOD"
"4102cd9c-4929-4a4a-b305-5577e800a55b","D03","SUGG","SUGG.AOS.groundwater.well.005","SUGG.W5.20180305.FIL",,"2018-03-05T19:46Z","2018-03-05T19:46Z","EcoCore_CSU","Ca",7.8640,"milligramsPerLiter",0.2,,0,"formatChange","GOOD"
"6dd80b87-d84e-405e-80ce-457baeb3a67a","D03","SUGG","SUGG.AOS.groundwater.well.005","SUGG.W5.20180305.FIL",,"2018-03-05T19:46Z","2018-03-05T19:46Z","EcoCore_CSU","Mg",0.9580,"milligramsPerLiter",0.2,,0,"formatChange","GOOD"
"38e7747b-efba-4174-91a6-d830effcb490","D03","SUGG","SUGG.AOS.groundwater.well.005","SUGG.W5.20180305.FIL",,"2018-03-05T19:46Z","2018-03-05T19:46Z","EcoCore_CSU","Br",0.7100,"milligramsPerLiter",0.2,,0,"formatChange","GOOD"
"e07ecb70-744c-4ced-9ccb-46e6ea2b397c","D03","SUGG","SUGG.AOS.groundwater.well.005","SUGG.W5.20180305.FIL",,"2018-03-05T19:46Z","2018-03-05T19:46Z","EcoCore_CSU","DOC",0.5227,"milligramsPerLiter",0.2,,0,"formatChange","GOOD"
"61412875-1a95-4c1e-8861-396e88c952bc","D03","SUGG","SUGG.AOS.groundwater.well.005","SUGG.W5.20180305.FIL",,"2018-03-05T19:46Z","2018-03-05T19:46Z","EcoCore_CSU","CO3",0.0050,"milligramsPerLiter",0.2,,0,"formatChange","GOOD"
"9283b8cb-7472-4dc1-a26a-d19ea2a1b533","D03","SUGG","SUGG.AOS.groundwater.well.005","SUGG.W5.20180305.FIL",,"2018-03-05T19:46Z","2018-03-05T19:46Z","EcoCore_CSU","DIC",3.7730,"milligramsPerLiter",0.2,,0,"formatChange","GOOD"
"52281c17-ea0e-41e7-9140-543355c9bb36","D03","SUGG","SUGG.AOS.groundwater.well.005","SUGG.W5.20180305.FIL",,"2018-03-05T19:46Z","2018-03-05T19:46Z","EcoCore_CSU","SO4",1.1000,"milligramsPerLiter",0.2,,0,"formatChange","GOOD"
"8b54b4a3-674d-4826-bdcf-ed1918e8c299","D03","SUGG","SUGG.AOS.groundwater.well.005","SUGG.W5.20180305.FIL",,"2018-03-05T19:46Z","2018-03-05T19:46Z","EcoCore_CSU","Ortho - P",0.9020,"milligramsPerLiter",0.2,,0,"formatChange","GOOD"
"95d70153-7d5a-459a-a2dc-db79f9e04afe","D03","SUGG","SUGG.AOS.groundwater.well.005","SUGG.W5.20180305.FIL",,"2018-03-05T19:46Z","2018-03-05T19:46Z","EcoCore_CSU","TDS",40.3000,"milligramsPerLiter",0.2,,0,"formatChange","GOOD"
"c5cfc5c7-5b9b-49f6-8565-494c401b4947","D03","SUGG","SUGG.AOS.groundwater.well.005","SUGG.W5.20180305.FIL",,"2018-03-05T19:46Z","2018-03-05T19:46Z","EcoCore_CSU","TDN",0.0482,"milligramsPerLiter",0.2,,0,"formatChange","GOOD"
"be0f7fa6-c43a-4e7d-8a8c-6b292c118bc8","D03","SUGG","SUGG.AOS.groundwater.well.005","SUGG.W5.20180305.FIL",,"2018-03-05T19:46Z","2018-03-05T19:46Z","EcoCore_CSU","NH4 - N",-0.0137,"milligramsPerLiter",0.2,,0,"formatChange","GOOD"
"9cd7e978-4308-4a20-b171-70c58102e02e","D03","SUGG","SUGG.AOS.groundwater.well.005","SUGG.W5.20180305.RAW",,"2018-03-05T19:46Z","2018-03-05T19:46Z","EcoCore_CSU","conductivity",56.2600,"microsiemensPerCentimeter",0.2,,0,"formatChange","GOOD"
"a186bdea-180e-44d0-b2b6-056dee12f5fb","D03","SUGG","SUGG.AOS.groundwater.well.005","SUGG.W5.20180305.RAW",,"2018-03-05T19:46Z","2018-03-05T19:46Z","EcoCore_CSU","TP",0.0010,"milligramsPerLiter",0.2,,0,"formatChange","GOOD"
"dea9e0df-181c-403c-9e85-8f972e6b1710","D03","SUGG","SUGG.AOS.groundwater.well.005","SUGG.W5.20180305.FIL",,"2018-03-05T19:46Z","2018-03-05T19:46Z","EcoCore_CSU","NO2 - N",0.0154,"milligramsPerLiter",0.2,,0,"formatChange","GOOD"
"0d839bfc-ce08-4542-a1b9-7426e3f78525","D03","SUGG","SUGG.AOS.groundwater.well.005","SUGG.W5.20180305.RAW",,"2018-03-05T19:46Z","2018-03-05T19:46Z","EcoCore_CSU","pH",5.8600,"pH",0.2,,0,"formatChange","GOOD"
"62172154-c704-4dc7-9bc9-b55e1b574f10","D03","SUGG","SUGG.AOS.groundwater.well.005","SUGG.W5.20180305.RAW",,"2018-03-05T19:46Z","2018-03-05T19:46Z","EcoCore_CSU","TOC",0.4565,"milligramsPerLiter",0.2,,0,"formatChange","GOOD"
"6809ef90-db51-4cf3-9781-107c2baaa4be","D03","SUGG","SUGG.AOS.groundwater.well.005","SUGG.W5.20180305.FIL",,"2018-03-05T19:46Z","2018-03-05T19:46Z","EcoCore_CSU","TDP",0.0005,"milligramsPerLiter",0.2,,0,"formatChange","GOOD"
"2629f37d-b18f-470b-a926-d0552c80b504","D03","SUGG","SUGG.AOS.groundwater.well.005","SUGG.W5.20180305.RAW",,"2018-03-05T19:46Z","2018-03-05T19:46Z","EcoCore_CSU","TSS",2.0000,"milligramsPerLiter",0.2,,0,"formatChange","GOOD"
"1c312b28-f6b6-4ed4-b1be-8fd5284861b2","D03","SUGG","SUGG.AOS.groundwater.well.005","SUGG.W5.20180305.FIL",,"2018-03-05T19:46Z","2018-03-05T19:46Z","EcoCore_CSU","Na",2.7930,"milligramsPerLiter",0.2,,0,"formatChange","GOOD"
"52b54f39-6f1f-4825-bce1-9b705c1e33c1","D03","SUGG","SUGG.AOS.groundwater.well.005","SUGG.W5.20180305.FIL",,"2018-03-05T19:46Z","2018-03-05T19:46Z","EcoCore_CSU","NO3+NO2 - N",0.0686,"milligramsPerLiter",0.2,,0,"formatChange","GOOD"
"0d62272f-8c4c-4d75-a43e-1be3b217178d","D03","SUGG","SUGG.AOS.groundwater.well.006","SUGG.W6.20180306.RAW",,"2018-03-06T15:39Z","2018-03-06T15:39Z","EcoCore_CSU","ANC",1.9500,"milliequivalentsPerLiter",0.4,,0,"formatChange","GOOD"
"18df91de-4c89-4a56-8537-ea16da32a07f","D03","SUGG","SUGG.AOS.groundwater.well.006","SUGG.W6.20180306.FIL",,"2018-03-06T15:39Z","2018-03-06T15:39Z","EcoCore_CSU","K",0.3040,"milligramsPerLiter",0.4,,0,"formatChange","GOOD"
"46351bc0-f01b-459c-9c78-0ddbcf83df65","D03","SUGG","SUGG.AOS.groundwater.well.006","SUGG.W6.20180306.FIL",,"2018-03-06T15:39Z","2018-03-06T15:39Z","EcoCore_CSU","UV Absorbance (280 nm)",0.0158,,0.4,,0,"formatChange","GOOD"
"d9a33843-c3c4-47f3-9e59-1a8ed25b8954","D03","SUGG","SUGG.AOS.groundwater.well.006","SUGG.W6.20180306.FIL",,"2018-03-06T15:39Z","2018-03-06T15:39Z","EcoCore_CSU","Fe",0.0005,"milligramsPerLiter",0.4,,0,"formatChange","GOOD"
"bd6fd53d-ce6f-4fbd-bf6c-163f90ae1d1e","D03","SUGG","SUGG.AOS.groundwater.well.006","SUGG.W6.20180306.RAW",,"2018-03-06T15:39Z","2018-03-06T15:39Z","EcoCore_CSU","conductivity",332.4000,"microsiemensPerCentimeter",0.4,,0,"formatChange","GOOD"
"e08af3b8-e9ea-4222-9400-1bb0de20da56","D03","SUGG","SUGG.AOS.groundwater.well.006","SUGG.W6.20180306.FIL",,"2018-03-06T15:39Z","2018-03-06T15:39Z","EcoCore_CSU","TDP",0.3480,"milligramsPerLiter",0.4,,0,"formatChange","GOOD"
"18701c38-9999-4f43-8628-b1b08b187b66","D03","SUGG","SUGG.AOS.groundwater.well.006","SUGG.W6.20180306.PCN",,"2018-03-06T15:39Z","2018-03-06T15:39Z","EcoCore_CSU","TPC",0.2447,"milligram",0.4,,0,"formatChange","GOOD"
"983c804b-7f3c-4ed8-96dc-6eefedf9fb2d","D03","SUGG","SUGG.AOS.groundwater.well.006","SUGG.W6.20180306.RAW",,"2018-03-06T15:39Z","2018-03-06T15:39Z","EcoCore_CSU","TOC",0.5273,"milligramsPerLiter",0.4,,0,"formatChange","GOOD"
"d3236af6-8e87-43ba-af05-94bd601c8f5d","D03","SUGG","SUGG.AOS.groundwater.well.006","SUGG.W6.20180306.FIL",,"2018-03-06T15:39Z","2018-03-06T15:39Z","EcoCore_CSU","Br",0.0050,"milligramsPerLiter",0.4,,0,"formatChange","GOOD"
"20276798-d757-4653-9c93-3c68347649ef","D03","SUGG","SUGG.AOS.groundwater.well.006","SUGG.W6.20180306.FIL",,"2018-03-06T15:39Z","2018-03-06T15:39Z","EcoCore_CSU","Ortho - P",0.3440,"milligramsPerLiter",0.4,,0,"formatChange","GOOD"
"3780da41-0a51-4c20-9aad-c478c67440d0","D03","SUGG","SUGG.AOS.groundwater.well.006","SUGG.W6.20180306.FIL",,"2018-03-06T15:39Z","2018-03-06T15:39Z","EcoCore_CSU","DIC",26.1800,"milligramsPerLiter",0.4,,0,"formatChange","GOOD"
"908b6617-cee5-4d17-a76e-790a01a85e40","D03","SUGG","SUGG.AOS.groundwater.well.006","SUGG.W6.20180306.FIL",,"2018-03-06T15:39Z","2018-03-06T15:39Z","EcoCore_CSU","F",0.0050,"milligramsPerLiter",0.4,,0,"formatChange","GOOD"
"9101e7c0-8753-4549-918c-3fa8026be437","D03","SUGG","SUGG.AOS.groundwater.well.006","SUGG.W6.20180306.FIL",,"2018-03-06T15:39Z","2018-03-06T15:39Z","EcoCore_CSU","UV Absorbance (250 nm)",0.0211,,0.4,,0,"formatChange","GOOD"
"d34d9bba-aa07-4c27-89cb-20d29681b643","D03","SUGG","SUGG.AOS.groundwater.well.006","SUGG.W6.20180306.FIL",,"2018-03-06T15:39Z","2018-03-06T15:39Z","EcoCore_CSU","Mn",0.0005,"milligramsPerLiter",0.4,,0,"formatChange","GOOD"
"5367e935-f48d-4a0b-9112-74ac6140f1b1","D03","SUGG","SUGG.AOS.groundwater.well.006","SUGG.W6.20180306.RAW",,"2018-03-06T15:39Z","2018-03-06T15:39Z","EcoCore_CSU","TSS - Dry Mass",100.0000,"microgram",0.4,,0,"formatChange","GOOD"
"e8588a27-dcb2-41ea-ac81-b440d1f80772","D03","SUGG","SUGG.AOS.groundwater.well.006","SUGG.W6.20180306.RAW",,"2018-03-06T15:39Z","2018-03-06T15:39Z","EcoCore_CSU","pH",6.9000,"pH",0.4,,0,"formatChange","GOOD"
"6b295170-ac4f-4ac4-a70a-b8057a9c2db4","D03","SUGG","SUGG.AOS.groundwater.well.006","SUGG.W6.20180306.PCN",,"2018-03-06T15:39Z","2018-03-06T15:39Z","EcoCore_CSU","TPN",0.0756,"milligram",0.4,,0,"formatChange","GOOD"
"e37e56d9-e3d4-4190-a93d-25e06dc362df","D03","SUGG","SUGG.AOS.groundwater.well.006","SUGG.W6.20180306.FIL",,"2018-03-06T15:39Z","2018-03-06T15:39Z","EcoCore_CSU","TDN",-0.0246,"milligramsPerLiter",0.4,,0,"formatChange","GOOD"
"d15f9d33-d414-4197-bcee-cd6655b1b89b","D03","SUGG","SUGG.AOS.groundwater.well.006","SUGG.W6.20180306.RAW",,"2018-03-06T15:39Z","2018-03-06T15:39Z","EcoCore_CSU","TP",0.3670,"milligramsPerLiter",0.4,,0,"formatChange","GOOD"
"328d3b62-8d72-4b3b-8d99-2ea5b5daa9c7","D03","SUGG","SUGG.AOS.groundwater.well.006","SUGG.W6.20180306.FIL",,"2018-03-06T15:39Z","2018-03-06T15:39Z","EcoCore_CSU","HCO3",114.2100,"milligramsPerLiter",0.4,,0,"formatChange","GOOD"
"395dbc1b-0a39-44fe-b82b-48ccf6471f02","D03","SUGG","SUGG.AOS.groundwater.well.006","SUGG.W6.20180306.FIL",,"2018-03-06T15:39Z","2018-03-06T15:39Z","EcoCore_CSU","Na",5.7110,"milligramsPerLiter",0.4,,0,"formatChange","GOOD"
"d493507d-99ea-407d-afc3-046ac036d6b5","D03","SUGG","SUGG.AOS.groundwater.well.006","SUGG.W6.20180306.FIL",,"2018-03-06T15:39Z","2018-03-06T15:39Z","EcoCore_CSU","Mg",13.7000,"milligramsPerLiter",0.4,,0,"formatChange","GOOD"
"13a679b0-fee8-433b-aeb4-c8d1d8783b56","D03","SUGG","SUGG.AOS.groundwater.well.006","SUGG.W6.20180306.FIL",,"2018-03-06T15:39Z","2018-03-06T15:39Z","EcoCore_CSU","SO4",1.4900,"milligramsPerLiter",0.4,,0,"formatChange","GOOD"
"39950700-6158-4754-aae1-07279f5fba7d","D03","SUGG","SUGG.AOS.groundwater.well.006","SUGG.W6.20180306.FIL",,"2018-03-06T15:39Z","2018-03-06T15:39Z","EcoCore_CSU","DOC",0.8536,"milligramsPerLiter",0.4,,0,"formatChange","GOOD"
"bbf0df61-9553-4b0a-84b5-1b11efb9bd53","D03","SUGG","SUGG.AOS.groundwater.well.006","SUGG.W6.20180306.FIL",,"2018-03-06T15:39Z","2018-03-06T15:39Z","EcoCore_CSU","NO2 - N",0.0153,"milligramsPerLiter",0.4,,0,"formatChange","GOOD"
"4a718b83-b62c-4738-9d5c-3b555219838d","D03","SUGG","SUGG.AOS.groundwater.well.006","SUGG.W6.20180306.FIL",,"2018-03-06T15:39Z","2018-03-06T15:39Z","EcoCore_CSU","CO3",0.0050,"milligramsPerLiter",0.4,,0,"formatChange","GOOD"
"5bfe79bd-68fb-4e33-a2e9-51a1f11b0cab","D03","SUGG","SUGG.AOS.groundwater.well.006","SUGG.W6.20180306.RAW",,"2018-03-06T15:39Z","2018-03-06T15:39Z","EcoCore_CSU","TSS",2.0000,"milligramsPerLiter",0.4,,0,"formatChange","GOOD"
"8ac53d2e-7411-40b1-9242-c6ce2ea66e7d","D03","SUGG","SUGG.AOS.groundwater.well.006","SUGG.W6.20180306.FIL",,"2018-03-06T15:39Z","2018-03-06T15:39Z","EcoCore_CSU","NO3+NO2 - N",0.0141,"milligramsPerLiter",0.4,,0,"formatChange","GOOD"
"26a91385-58fb-4720-a803-7cf104b00b45","D03","SUGG","SUGG.AOS.groundwater.well.006","SUGG.W6.20180306.FIL",,"2018-03-06T15:39Z","2018-03-06T15:39Z","EcoCore_CSU","TDS",233.8000,"milligramsPerLiter",0.4,,0,"formatChange","GOOD"
"d7937298-5b05-4077-a9ec-52f274402bc9","D03","SUGG","SUGG.AOS.groundwater.well.006","SUGG.W6.20180306.RAW",,"2018-03-06T15:39Z","2018-03-06T15:39Z","EcoCore_CSU","TN",-0.0312,"milligramsPerLiter",0.4,,0,"formatChange","GOOD"
"edbc4456-1930-4339-afba-9cb1444505ca","D03","SUGG","SUGG.AOS.groundwater.well.006","SUGG.W6.20180306.FIL",,"2018-03-06T15:39Z","2018-03-06T15:39Z","EcoCore_CSU","Si",2.9400,"milligramsPerLiter",0.4,,0,"formatChange","GOOD"
"b1c0a3e6-efad-457b-ae12-1fad1967bb8f","D03","SUGG","SUGG.AOS.groundwater.well.006","SUGG.W6.20180306.FIL",,"2018-03-06T15:39Z","2018-03-06T15:39Z","EcoCore_CSU","Cl",41.1800,"milligramsPerLiter",0.4,,0,"formatChange","GOOD"
"2104e671-be63-4d45-a32f-dd03f532f702","D03","SUGG","SUGG.AOS.groundwater.well.006","SUGG.W6.20180306.FIL",,"2018-03-06T15:39Z","2018-03-06T15:39Z","EcoCore_CSU","NH4 - N",0.0040,"milligramsPerLiter",0.4,,0,"formatChange","GOOD"
"253d7913-2476-4cd7-b53f-321b3914ff21","D03","SUGG","SUGG.AOS.groundwater.well.006","SUGG.W6.20180306.FIL",,"2018-03-06T15:39Z","2018-03-06T15:39Z","EcoCore_CSU","Ca",33.2860,"milligramsPerLiter",0.4,,0,"formatChange","GOOD"
"e7009b4b-05c9-494f-8ce0-638a3241f3bf","D03","SUGG","SUGG.AOS.groundwater.well.008","SUGG.W8.20180306.RAW",,"2018-03-06T17:53Z","2018-03-06T17:53Z","EcoCore_CSU","TN",0.7244,"milligramsPerLiter",0.4,,0,"formatChange","GOOD"
"9240871b-b321-49b6-915d-5367ae92c8e4","D03","SUGG","SUGG.AOS.groundwater.well.008","SUGG.W8.20180306.FIL",,"2018-03-06T17:53Z","2018-03-06T17:53Z","EcoCore_CSU","Mn",0.0040,"milligramsPerLiter",0.4,,0,"formatChange","GOOD"
"06a3ea6e-1af0-4efa-87cf-6e9078864490","D03","SUGG","SUGG.AOS.groundwater.well.008","SUGG.W8.20180306.FIL",,"2018-03-06T17:53Z","2018-03-06T17:53Z","EcoCore_CSU","K",0.4130,"milligramsPerLiter",0.4,,0,"formatChange","GOOD"
"1dfe57ef-b0e8-4665-876a-19e0b23dad92","D03","SUGG","SUGG.AOS.groundwater.well.008","SUGG.W8.20180306.FIL",,"2018-03-06T17:53Z","2018-03-06T17:53Z","EcoCore_CSU","Si",4.0500,"milligramsPerLiter",0.4,,0,"formatChange","GOOD"
"b8424c8b-83f3-48df-893f-b5856d9de843","D03","SUGG","SUGG.AOS.groundwater.well.008","SUGG.W8.20180306.FIL",,"2018-03-06T17:53Z","2018-03-06T17:53Z","EcoCore_CSU","F",0.0050,"milligramsPerLiter",0.4,,0,"formatChange","GOOD"
"ac9e2eb9-8fb7-4735-9852-83f5a7eb4f4d","D03","SUGG","SUGG.AOS.groundwater.well.008","SUGG.W8.20180306.FIL",,"2018-03-06T17:53Z","2018-03-06T17:53Z","EcoCore_CSU","DOC",32.8300,"milligramsPerLiter",0.4,,0,"formatChange","GOOD"
"d96d9e89-4498-4d7b-804c-cfb9926a1283","D03","SUGG","SUGG.AOS.groundwater.well.008","SUGG.W8.20180306.FIL",,"2018-03-06T17:53Z","2018-03-06T17:53Z","EcoCore_CSU","HCO3",8.2700,"milligramsPerLiter",0.4,,0,"formatChange","GOOD"
"9c183ee5-cb5c-497c-8eb1-58ddf4df6932","D03","SUGG","SUGG.AOS.groundwater.well.008","SUGG.W8.20180306.PCN",,"2018-03-06T17:53Z","2018-03-06T17:53Z","EcoCore_CSU","TPC",0.3508,"milligram",0.4,,0,"formatChange","GOOD"
"242d439c-8463-4c7f-bacc-717438f83bff","D03","SUGG","SUGG.AOS.groundwater.well.008","SUGG.W8.20180306.FIL",,"2018-03-06T17:53Z","2018-03-06T17:53Z","EcoCore_CSU","NO2 - N",0.0178,"milligramsPerLiter",0.4,,0,"formatChange","GOOD"
"88b57c03-6972-4eef-b636-d2c1b0ef7f5a","D03","SUGG","SUGG.AOS.groundwater.well.008","SUGG.W8.20180306.FIL",,"2018-03-06T17:53Z","2018-03-06T17:53Z","EcoCore_CSU","Mg",1.2370,"milligramsPerLiter",0.4,,0,"formatChange","GOOD"
"b549c166-cf81-4c0d-8efd-9e897a3cf8a2","D03","SUGG","SUGG.AOS.groundwater.well.008","SUGG.W8.20180306.RAW",,"2018-03-06T17:53Z","2018-03-06T17:53Z","EcoCore_CSU","ANC",0.1400,"milliequivalentsPerLiter",0.4,,0,"formatChange","GOOD"
"53b40010-0a71-486f-ac12-6b16f7a113e2","D03","SUGG","SUGG.AOS.groundwater.well.008","SUGG.W8.20180306.FIL",,"2018-03-06T17:53Z","2018-03-06T17:53Z","EcoCore_CSU","TDN",0.7021,"milligramsPerLiter",0.4,,0,"formatChange","GOOD"
"430489a2-8d3c-40f2-8ff6-6d57afda923c","D03","SUGG","SUGG.AOS.groundwater.well.008","SUGG.W8.20180306.FIL",,"2018-03-06T17:53Z","2018-03-06T17:53Z","EcoCore_CSU","Fe",2.0110,"milligramsPerLiter",0.4,,0,"formatChange","GOOD"
"d45c222c-3ff8-4dc0-a9df-657741fcf2df","D03","SUGG","SUGG.AOS.groundwater.well.008","SUGG.W8.20180306.FIL",,"2018-03-06T17:53Z","2018-03-06T17:53Z","EcoCore_CSU","UV Absorbance (250 nm)",0.7036,,0.4,,0,"formatChange","GOOD"
"06eef116-582e-45dd-936d-14a843236576","D03","SUGG","SUGG.AOS.groundwater.well.008","SUGG.W8.20180306.FIL",,"2018-03-06T17:53Z","2018-03-06T17:53Z","EcoCore_CSU","Na",11.6540,"milligramsPerLiter",0.4,,0,"formatChange","GOOD"
"cf3514a6-1983-464b-bbc1-96046dc1ba15","D03","SUGG","SUGG.AOS.groundwater.well.008","SUGG.W8.20180306.FIL",,"2018-03-06T17:53Z","2018-03-06T17:53Z","EcoCore_CSU","CO3",0.0050,"milligramsPerLiter",0.4,,0,"formatChange","GOOD"
"b90027d9-b02c-4da9-af12-a611a547d19a","D03","SUGG","SUGG.AOS.groundwater.well.008","SUGG.W8.20180306.RAW",,"2018-03-06T17:53Z","2018-03-06T17:53Z","EcoCore_CSU","TOC",29.6000,"milligramsPerLiter",0.4,,0,"formatChange","GOOD"
"6a56d9fa-7f49-4de4-98a0-3a43302b52cb","D03","SUGG","SUGG.AOS.groundwater.well.008","SUGG.W8.20180306.FIL",,"2018-03-06T17:53Z","2018-03-06T17:53Z","EcoCore_CSU","NO3+NO2 - N",0.0031,"milligramsPerLiter",0.4,,0,"formatChange","GOOD"
"372e4acb-c806-4dab-b2dc-99dbc5b1f9fc","D03","SUGG","SUGG.AOS.groundwater.well.008","SUGG.W8.20180306.FIL",,"2018-03-06T17:53Z","2018-03-06T17:53Z","EcoCore_CSU","DIC",7.3240,"milligramsPerLiter",0.4,,0,"formatChange","GOOD"
"d507f166-7be1-48b9-b19e-7be39b688fd0","D03","SUGG","SUGG.AOS.groundwater.well.008","SUGG.W8.20180306.FIL",,"2018-03-06T17:53Z","2018-03-06T17:53Z","EcoCore_CSU","SO4",2.3800,"milligramsPerLiter",0.4,,0,"formatChange","GOOD"
"d32de5db-de2a-4bdc-8f59-9aa1b426405a","D03","SUGG","SUGG.AOS.groundwater.well.008","SUGG.W8.20180306.FIL",,"2018-03-06T17:53Z","2018-03-06T17:53Z","EcoCore_CSU","Ca",2.7650,"milligramsPerLiter",0.4,,0,"formatChange","GOOD"
"603dc3d7-bd96-4af1-986f-5b4536d51419","D03","SUGG","SUGG.AOS.groundwater.well.008","SUGG.W8.20180306.FIL",,"2018-03-06T17:53Z","2018-03-06T17:53Z","EcoCore_CSU","UV Absorbance (280 nm)",0.4196,,0.4,,0,"formatChange","GOOD"
"a2128a8a-a329-42c0-af21-bc7c6c9c20fa","D03","SUGG","SUGG.AOS.groundwater.well.008","SUGG.W8.20180306.FIL",,"2018-03-06T17:53Z","2018-03-06T17:53Z","EcoCore_CSU","TDP",0.0260,"milligramsPerLiter",0.4,,0,"formatChange","GOOD"
"9e630e6e-a39c-41c2-991a-0607bb4e36b2","D03","SUGG","SUGG.AOS.groundwater.well.008","SUGG.W8.20180306.FIL",,"2018-03-06T17:53Z","2018-03-06T17:53Z","EcoCore_CSU","Br",0.4200,"milligramsPerLiter",0.4,,0,"formatChange","GOOD"
"b026b369-b64d-4169-b4d7-e03fb8891bb7","D03","SUGG","SUGG.AOS.groundwater.well.008","SUGG.W8.20180306.RAW",,"2018-03-06T17:53Z","2018-03-06T17:53Z","EcoCore_CSU","TSS - Dry Mass",200.0000,"microgram",0.4,,0,"formatChange","GOOD"
"fef248f0-e532-4fdc-b3f5-3db5e5a42cb9","D03","SUGG","SUGG.AOS.groundwater.well.008","SUGG.W8.20180306.RAW",,"2018-03-06T17:53Z","2018-03-06T17:53Z","EcoCore_CSU","pH",4.5200,"pH",0.4,,0,"formatChange","GOOD"
"edad068f-ad10-4abe-bb3d-68705c768504","D03","SUGG","SUGG.AOS.groundwater.well.008","SUGG.W8.20180306.RAW",,"2018-03-06T17:53Z","2018-03-06T17:53Z","EcoCore_CSU","conductivity",90.4400,"microsiemensPerCentimeter",0.4,,0,"formatChange","GOOD"
"bb25635c-a862-4a0c-a830-8349c65418a1","D03","SUGG","SUGG.AOS.groundwater.well.008","SUGG.W8.20180306.FIL",,"2018-03-06T17:53Z","2018-03-06T17:53Z","EcoCore_CSU","Ortho - P",0.0210,"milligramsPerLiter",0.4,,0,"formatChange","GOOD"
"53aab84d-8641-4af5-908a-76bba9a082b1","D03","SUGG","SUGG.AOS.groundwater.well.008","SUGG.W8.20180306.RAW",,"2018-03-06T17:53Z","2018-03-06T17:53Z","EcoCore_CSU","TSS",4.0000,"milligramsPerLiter",0.4,,0,"formatChange","GOOD"
"c797e7a6-7981-41e8-a4a1-98deb598fbdd","D03","SUGG","SUGG.AOS.groundwater.well.008","SUGG.W8.20180306.FIL",,"2018-03-06T17:53Z","2018-03-06T17:53Z","EcoCore_CSU","NH4 - N",0.0429,"milligramsPerLiter",0.4,,0,"formatChange","GOOD"
"458668c1-3fa4-499e-b0a7-5ffd00493d0d","D03","SUGG","SUGG.AOS.groundwater.well.008","SUGG.W8.20180306.PCN",,"2018-03-06T17:53Z","2018-03-06T17:53Z","EcoCore_CSU","TPN",0.0796,"milligram",0.4,,0,"formatChange","GOOD"
"8325318a-9a1d-4726-a673-23640b41c4c1","D03","SUGG","SUGG.AOS.groundwater.well.008","SUGG.W8.20180306.RAW",,"2018-03-06T17:53Z","2018-03-06T17:53Z","EcoCore_CSU","TP",0.0280,"milligramsPerLiter",0.4,,0,"formatChange","GOOD"
"b3179ec9-afb2-4eb6-bee3-c4446f4f59ba","D03","SUGG","SUGG.AOS.groundwater.well.008","SUGG.W8.20180306.FIL",,"2018-03-06T17:53Z","2018-03-06T17:53Z","EcoCore_CSU","TDS",64.7000,"milligramsPerLiter",0.4,,0,"formatChange","GOOD"
"5a23a773-ca71-4064-9ad8-124c9f4c8add","D03","SUGG","SUGG.AOS.groundwater.well.008","SUGG.W8.20180306.FIL",,"2018-03-06T17:53Z","2018-03-06T17:53Z","EcoCore_CSU","Cl",19.8600,"milligramsPerLiter",0.4,,0,"formatChange","GOOD"
