uid,domainID,siteID,namedLocation,collectDate,parentSampleID,sampleCondition,sampleID,replicateNumber,gwwDICBubbleFree,gwwFiltSampleHeadspace,gwwAlkSampleHeadspace,gwwAlkSampleBubbleFree,processedDate,processedDateFilters,sampleVolumeFiltered,shipmentTimeRange
"f392a85b-73c3-4a6a-aeea-b50ce78658ff","D03","SUGG","SUGG.AOS.groundwater.well.004","2018-03-05T16:48Z","SUGG.W4.20180305","Sample condition ok","SUGG.W4.20180305",1,,,,,"2018-03-05T16:48Z","2018-03-05T16:48Z",100.0,
"c22a2da5-97c7-4d98-8249-91fdc6488dea","D03","SUGG","SUGG.AOS.groundwater.well.005","2018-03-05T19:46Z","SUGG.W5.20180305","Sample condition ok","SUGG.W5.20180305",1,,,,,"2018-03-05T19:46Z","2018-03-05T19:46Z",15.0,
"e022332c-bada-48e1-ba6b-2af8b1d2ec68","D03","SUGG","SUGG.AOS.groundwater.well.006","2018-03-06T15:39Z","SUGG.W6.20180306","Sample condition ok","SUGG.W6.20180306",1,,,,,"2018-03-06T15:39Z","2018-03-06T15:39Z",400.0,
"9b01e7d2-0907-4ae7-8ae1-988baee8e065","D03","SUGG","SUGG.AOS.groundwater.well.008","2018-03-06T17:53Z","SUGG.W8.20180306","Sample condition ok","SUGG.W8.20180306",1,,,,,"2018-03-06T17:53Z","2018-03-06T17:53Z",500.0,
