uid,domainID,siteID,namedLocation,decimalLatitude,decimalLongitude,coordinateUncertainty,elevation,elevationUncertainty,geodeticDatum,collectDate,aquaticSiteType,samplingImpractical,waterChemSamplesCollected,adequateSampleVol,parentSampleID,eventID,swcSamplingProtocolVersion,sampleExtractionMethod,samplerType,totalWellDepth,wellWaterDepth,waterColumnHeight,sampleDepth,purgeAverageDischargeRate,purgeTime,gwWellStabilized,purgeDryDateTime,pumpPlacementDate,screenedIntervalDepth,maxAllowableDrawdown,actualDrawdown,MADExceeded,wellVolumePurged,probeIDUnavailable,dissolvedOxygen,dissolvedOxygenSaturation,specificConductance,waterTemp,pH,waterClarityDescrip,waterColorDescrip,aCollectedBy,bCollectedBy,remarks
"25a15c5d-67c7-4e05-b934-655516ff7ecf","D03","SUGG","SUGG.AOS.groundwater.well.004",29.691331,-82.015778,0.1,34.5,0.1,"WGS84","2018-03-05T16:48Z","lake",,,,"SUGG.W4.20180305","SUGG.20180305","NEON.DOC.002905vE","low-flow","Groundwater Pump",14.7,4.5,10.3,5.5,,,,,,,,,,0.7,,9.80,113.40,40.60,22.10,,"opaque","colorless","kross@BattelleEcology.org","ahugi@battelleecology.org",
"38dd5229-e447-4f96-bbc9-1e4702528643","D03","SUGG","SUGG.AOS.groundwater.well.005",29.688883,-82.013542,0.1,38.7,0.1,"WGS84","2018-03-05T19:46Z","lake",,,,"SUGG.W5.20180305","SUGG.20180305","NEON.DOC.002905vE","low-flow","Groundwater Pump",14.9,7.9,7.0,8.9,,,,,,,,,,0.8,,8.06,92.80,53.30,22.30,,"cloudy","colorless","ahugi@battelleecology.org","kross@BattelleEcology.org",
"c742a0b1-0f03-4925-ae97-09403eab78ab","D03","SUGG","SUGG.AOS.groundwater.well.006",29.683664,-82.015261,0.1,37.4,0.1,"WGS84","2018-03-06T15:39Z","lake",,,,"SUGG.W6.20180306","SUGG.20180306","NEON.DOC.002905vE","low-flow","Groundwater Pump",11.0,7.8,3.2,8.8,,,,,,,,,,2.0,,6.48,73.20,292.80,21.10,,"opaque","colorless","ahugi@battelleecology.org","kross@BattelleEcology.org",
"420a06f5-b388-43ee-a5ae-95e122fa5cc4","D03","SUGG","SUGG.AOS.groundwater.well.008",29.684442,-82.017677,0.1,32.1,0.1,"WGS84","2018-03-06T17:53Z","lake",,,,"SUGG.W8.20180306","SUGG.20180306","NEON.DOC.002905vE","low-flow","Groundwater Pump",13.0,3.7,9.3,4.7,,,,,,,,,,1.7,,22.27,26.60,84.20,21.90,,"cloudy","colorless","ahugi@battelleecology.org","kross@BattelleEcology.org",
