uid,domainID,siteID,namedLocation,collectDate,titrationDate,parentSampleID,domainSampleID,remarks,measuredBy,alkMeqPerL,alkMgPerL,ancMeqPerL,ancMgPerL
"9550a29e-c956-4b97-8c81-0eaf14558e9d","D03","SUGG","SUGG.AOS.groundwater.well.004","2018-03-05T16:48Z","2018-03-06T14:27Z","SUGG.W4.20180305","SUGG.W4.20180305.ALK",,"ksandusky",0.200,10.100,,
"432b326b-b180-49a9-bb9a-1207c7c3c7be","D03","SUGG","SUGG.AOS.groundwater.well.005","2018-03-05T19:46Z","2018-03-06T15:50Z","SUGG.W5.20180305","SUGG.W5.20180305.ALK",,"ksandusky",0.220,11.200,,
"629d1e5e-2b0a-494a-b3a6-8af4d85b7f0c","D03","SUGG","SUGG.AOS.groundwater.well.006","2018-03-06T15:39Z","2018-03-06T20:45Z","SUGG.W6.20180306","SUGG.W6.20180306.ALK",,"Kross",1.600,79.900,,
"b908b9c2-988d-4900-b336-afd0c8a4521f","D03","SUGG","SUGG.AOS.groundwater.well.008","2018-03-06T17:53Z","2018-03-06T21:45Z","SUGG.W8.20180306","SUGG.W8.20180306.ALK",,"Ahugi@battelleecology.org",0.180,8.850,,
