uid,domainID,siteID,namedLocation,decimalLatitude,decimalLongitude,coordinateUncertainty,elevation,elevationUncertainty,geodeticDatum,collectDate,aquaticSiteType,samplingImpractical,waterChemSamplesCollected,adequateSampleVol,parentSampleID,eventID,swcSamplingProtocolVersion,sampleExtractionMethod,samplerType,totalWellDepth,wellWaterDepth,waterColumnHeight,sampleDepth,purgeAverageDischargeRate,purgeTime,gwWellStabilized,purgeDryDateTime,pumpPlacementDate,screenedIntervalDepth,maxAllowableDrawdown,actualDrawdown,MADExceeded,wellVolumePurged,probeIDUnavailable,dissolvedOxygen,dissolvedOxygenSaturation,specificConductance,waterTemp,pH,waterClarityDescrip,waterColorDescrip,aCollectedBy,bCollectedBy,remarks
"99907807-7ee4-490d-96f7-76241a99fa11","D16","MART","MART.AOS.groundwater.well.001",45.790810,-121.933269,0.1,350.1,0.1,"WGS84","2018-11-15T18:37Z","stream","location dry",,"N","MART.W1.20181115","MART.20181115","NEON.DOC.002905vE","bailer tube","Groundwater Bailer Tube",2.6,,,,,,,,,,,,,0.0,,,,,,,,,"dcrandall@battelleecology.org","dcrandall@battelleecology.org",
"df5b017d-0b24-4bbc-84a9-30f4d91b647d","D16","MART","MART.AOS.groundwater.well.002",45.791044,-121.933737,0.1,350.4,0.1,"WGS84","2018-11-15T18:51Z","stream",,,"Y","MART.W2.20181115","MART.20181115","NEON.DOC.002905vE","bailer tube","Groundwater Bailer Tube",2.5,2.3,0.2,,,,,,,,,,,0.2,,4.56,41.70,213.50,9.20,,"opaque","brown","dcrandall@battelleecology.org","dcrandall@battelleecology.org",
"46e18c43-9d43-4ea8-9ad6-8165609e1557","D16","MART","MART.AOS.groundwater.well.003",45.791296,-121.933540,0.1,349.7,0.1,"WGS84","2018-11-15T19:29Z","stream",,,"N","MART.W3.20181115","MART.20181115","NEON.DOC.002905vE","bailer tube","Groundwater Bailer Tube",2.8,1.0,1.8,,,,,,,,,,,3.0,,5.06,44.70,79.40,9.30,,"opaque","brown","dcrandall@battelleecology.org","dcrandall@battelleecology.org",
"6e6515cf-5688-4150-aa31-ddfe886d4d55","D16","MART","MART.AOS.groundwater.well.005",45.792499,-121.929849,0.1,340.5,0.1,"WGS84","2018-11-15T20:27Z","stream","location dry",,"N","MART.W5.20181115","MART.20181115","NEON.DOC.002905vE","bailer tube","Groundwater Bailer Tube",2.5,,,,,,,,,,,,,0.0,,,,,,,,,"dcrandall@battelleecology.org","dcrandall@battelleecology.org",
"3c248be4-f462-4ff5-9858-d63ab6a9b918","D16","MART","MART.AOS.groundwater.well.006",45.792141,-121.929491,0.1,339.7,0.1,"WGS84","2018-11-15T20:41Z","stream",,,"N","MART.W6.20181115","MART.20181115","NEON.DOC.002905vE","bailer tube","Groundwater Bailer Tube",2.6,0.5,2.1,,,,,,,,,,,0.5,,4.74,40.80,166.00,8.40,,"opaque","brown","sdoak@battelleecology.org","dcrandall@battelleecology.org",
