uid,domainID,siteID,namedLocation,sampleID,sampleCode,startDate,collectDate,laboratoryName,analyte,analyteConcentration,analyteUnits,coolerTemp,remarks,shipmentWarmQF,externalLabDataQF,sampleCondition
"4053137d-c3e1-4e56-9870-9684edc1504b","D16","MART","MART.AOS.groundwater.well.002","MART.W2.20181115.PCN","A00000059680","2018-11-15T18:51Z","2018-11-15T18:51Z","EcoCore_CSU","TPC",0.4263,"milligram",3.3,,0,"formatChange","GOOD"
"cb67929c-d592-4240-9bb0-b3b57ff6b5ae","D16","MART","MART.AOS.groundwater.well.002","MART.W2.20181115.PCN","A00000059680","2018-11-15T18:51Z","2018-11-15T18:51Z","EcoCore_CSU","TPN",0.1201,"milligram",3.3,,0,"formatChange","GOOD"
"9760f3d3-9e45-498f-a0cf-0ac14eb4a1ec","D16","MART","MART.AOS.groundwater.well.003","MART.W3.20181115.FIL","A00000059684","2018-11-15T19:29Z","2018-11-15T19:29Z","EcoCore_CSU","SO4",0.1800,"milligramsPerLiter",3.3,,0,"formatChange","GOOD"
"79127059-1923-4eb7-bb1a-1944afa384fe","D16","MART","MART.AOS.groundwater.well.003","MART.W3.20181115.RAW","A00000059685","2018-11-15T19:29Z","2018-11-15T19:29Z","EcoCore_CSU","TN",3.8790,"milligramsPerLiter",3.3,,0,"formatChange","GOOD"
"ed39b7fe-0647-4125-9c2d-5f261fbaebae","D16","MART","MART.AOS.groundwater.well.003","MART.W3.20181115.RAW","A00000059685","2018-11-15T19:29Z","2018-11-15T19:29Z","EcoCore_CSU","TP",1.3643,"milligramsPerLiter",3.3,,0,"formatChange","GOOD"
"fff12fa7-3c1c-44e1-a600-3dc7158bf2dc","D16","MART","MART.AOS.groundwater.well.003","MART.W3.20181115.FIL","A00000059684","2018-11-15T19:29Z","2018-11-15T19:29Z","EcoCore_CSU","Ortho - P",0.1920,"milligramsPerLiter",3.3,,0,"formatChange","GOOD"
"340ad0ce-78fa-4f81-8cbc-03a7d84d6f9b","D16","MART","MART.AOS.groundwater.well.003","MART.W3.20181115.RAW","A00000059685","2018-11-15T19:29Z","2018-11-15T19:29Z","EcoCore_CSU","pH",6.2900,"pH",3.3,,0,"formatChange","GOOD"
"2535e718-ffb6-44d9-8140-cd7991e2d085","D16","MART","MART.AOS.groundwater.well.003","MART.W3.20181115.FIL","A00000059684","2018-11-15T19:29Z","2018-11-15T19:29Z","EcoCore_CSU","Mg",2.1890,"milligramsPerLiter",3.3,,0,"formatChange","GOOD"
"289e3362-3470-46ca-aec2-471fd0f126ae","D16","MART","MART.AOS.groundwater.well.003","MART.W3.20181115.RAW","A00000059685","2018-11-15T19:29Z","2018-11-15T19:29Z","EcoCore_CSU","TSS",1502.0000,"milligramsPerLiter",3.3,,0,"formatChange","GOOD"
"eae2358e-e52b-43da-8c43-3243c2d2eb8b","D16","MART","MART.AOS.groundwater.well.003","MART.W3.20181115.FIL","A00000059684","2018-11-15T19:29Z","2018-11-15T19:29Z","EcoCore_CSU","Fe",2.3900,"milligramsPerLiter",3.3,,0,"formatChange","GOOD"
"ab3d0700-01ff-4993-99f3-734298599f53","D16","MART","MART.AOS.groundwater.well.003","MART.W3.20181115.RAW","A00000059685","2018-11-15T19:29Z","2018-11-15T19:29Z","EcoCore_CSU","ANC",0.4200,"milliequivalentsPerLiter",3.3,,0,"formatChange","GOOD"
"106f9570-a982-4033-817c-525620fd48e5","D16","MART","MART.AOS.groundwater.well.003","MART.W3.20181115.FIL","A00000059684","2018-11-15T19:29Z","2018-11-15T19:29Z","EcoCore_CSU","Si",19.2100,"milligramsPerLiter",3.3,,0,"formatChange","GOOD"
"c7506ef3-b9e8-4de7-bbce-40e85035c215","D16","MART","MART.AOS.groundwater.well.003","MART.W3.20181115.FIL","A00000059684","2018-11-15T19:29Z","2018-11-15T19:29Z","EcoCore_CSU","DOC",2.2110,"milligramsPerLiter",3.3,,0,"formatChange","GOOD"
"fc55d725-ba72-4366-ad88-d267e68154f8","D16","MART","MART.AOS.groundwater.well.003","MART.W3.20181115.FIL","A00000059684","2018-11-15T19:29Z","2018-11-15T19:29Z","EcoCore_CSU","NO3+NO2 - N",-0.0750,"milligramsPerLiter",3.3,,0,"formatChange","GOOD"
"a3d9c301-5854-4ad0-8601-4945a2964678","D16","MART","MART.AOS.groundwater.well.003","MART.W3.20181115.FIL","A00000059684","2018-11-15T19:29Z","2018-11-15T19:29Z","EcoCore_CSU","TDS",43.6900,"milligramsPerLiter",3.3,,0,"formatChange","GOOD"
"3cdddaa3-4503-4652-af6b-59bfbd2726e7","D16","MART","MART.AOS.groundwater.well.003","MART.W3.20181115.FIL","A00000059684","2018-11-15T19:29Z","2018-11-15T19:29Z","EcoCore_CSU","TDP",0.0550,"milligramsPerLiter",3.3,,0,"formatChange","GOOD"
"12c6cc7f-5ee6-4fa2-ab1b-6f85f713de62","D16","MART","MART.AOS.groundwater.well.003","MART.W3.20181115.PCN","A00000059683","2018-11-15T19:29Z","2018-11-15T19:29Z","EcoCore_CSU","TPC",0.6401,"milligram",3.3,,0,"formatChange","GOOD"
"0ed75fcd-8bf0-4b65-bf9c-51618cfab730","D16","MART","MART.AOS.groundwater.well.003","MART.W3.20181115.PCN","A00000059683","2018-11-15T19:29Z","2018-11-15T19:29Z","EcoCore_CSU","TPN",0.1544,"milligram",3.3,,0,"formatChange","GOOD"
"5a67bab6-6496-405b-bb8f-47da9a84df29","D16","MART","MART.AOS.groundwater.well.003","MART.W3.20181115.FIL","A00000059684","2018-11-15T19:29Z","2018-11-15T19:29Z","EcoCore_CSU","Ca",5.8220,"milligramsPerLiter",3.3,,0,"formatChange","GOOD"
"5e43e921-ed3d-4d2a-bea0-56e7ca5681f7","D16","MART","MART.AOS.groundwater.well.003","MART.W3.20181115.FIL","A00000059684","2018-11-15T19:29Z","2018-11-15T19:29Z","EcoCore_CSU","NH4 - N",0.1235,"milligramsPerLiter",3.3,,0,"formatChange","GOOD"
"8a4ffd04-31fc-488e-812e-7a00691c53bc","D16","MART","MART.AOS.groundwater.well.003","MART.W3.20181115.FIL","A00000059684","2018-11-15T19:29Z","2018-11-15T19:29Z","EcoCore_CSU","Na",3.1430,"milligramsPerLiter",3.3,,0,"formatChange","GOOD"
"1b2eeaf0-fd4d-4b8b-b90e-73e59aa36296","D16","MART","MART.AOS.groundwater.well.003","MART.W3.20181115.RAW","A00000059685","2018-11-15T19:29Z","2018-11-15T19:29Z","EcoCore_CSU","TSS - Dry Mass",75100.0000,"microgram",3.3,,0,"formatChange","GOOD"
"1fb0a02b-0e43-4292-abd4-843e981c6cd7","D16","MART","MART.AOS.groundwater.well.003","MART.W3.20181115.FIL","A00000059684","2018-11-15T19:29Z","2018-11-15T19:29Z","EcoCore_CSU","CO3",0.0050,"milligramsPerLiter",3.3,,0,"formatChange","GOOD"
"b4e4ac64-cf53-4a9e-876b-8bb5e5c231d3","D16","MART","MART.AOS.groundwater.well.003","MART.W3.20181115.FIL","A00000059684","2018-11-15T19:29Z","2018-11-15T19:29Z","EcoCore_CSU","Br",0.0200,"milligramsPerLiter",3.3,,0,"formatChange","GOOD"
"f03b4081-5f0c-4037-b141-cca2faf09cbf","D16","MART","MART.AOS.groundwater.well.003","MART.W3.20181115.FIL","A00000059684","2018-11-15T19:29Z","2018-11-15T19:29Z","EcoCore_CSU","UV Absorbance (280 nm)",1.5632,,3.3,,0,"formatChange","GOOD"
"2d32ba89-c399-4b8a-9c8d-7658cf5d5015","D16","MART","MART.AOS.groundwater.well.003","MART.W3.20181115.FIL","A00000059684","2018-11-15T19:29Z","2018-11-15T19:29Z","EcoCore_CSU","HCO3",22.1700,"milligramsPerLiter",3.3,,0,"formatChange","GOOD"
"0eefc9ec-c99a-4feb-8872-b19a38a27b53","D16","MART","MART.AOS.groundwater.well.003","MART.W3.20181115.FIL","A00000059684","2018-11-15T19:29Z","2018-11-15T19:29Z","EcoCore_CSU","K",0.0005,"milligramsPerLiter",3.3,,0,"formatChange","GOOD"
"cffa653e-2b3e-4e7f-a47c-222a023fdb4b","D16","MART","MART.AOS.groundwater.well.003","MART.W3.20181115.FIL","A00000059684","2018-11-15T19:29Z","2018-11-15T19:29Z","EcoCore_CSU","NO2 - N",0.0536,"milligramsPerLiter",3.3,,0,"formatChange","GOOD"
"c3a5c9ea-8573-49af-8a03-c0067b4f0ee5","D16","MART","MART.AOS.groundwater.well.003","MART.W3.20181115.FIL","A00000059684","2018-11-15T19:29Z","2018-11-15T19:29Z","EcoCore_CSU","UV Absorbance (250 nm)",1.8556,,3.3,,0,"formatChange","GOOD"
"e610011b-9ad2-4130-9732-6f33a5ebdc5d","D16","MART","MART.AOS.groundwater.well.003","MART.W3.20181115.FIL","A00000059684","2018-11-15T19:29Z","2018-11-15T19:29Z","EcoCore_CSU","TDN",0.2311,"milligramsPerLiter",3.3,,0,"formatChange","GOOD"
"1f6300ff-5e12-4f8c-aafe-1c8f4cbe7e27","D16","MART","MART.AOS.groundwater.well.003","MART.W3.20181115.RAW","A00000059685","2018-11-15T19:29Z","2018-11-15T19:29Z","EcoCore_CSU","conductivity",63.2700,"microsiemensPerCentimeter",3.3,,0,"formatChange","GOOD"
"c777cdc8-3e9f-4944-8118-915cca1c276c","D16","MART","MART.AOS.groundwater.well.003","MART.W3.20181115.FIL","A00000059684","2018-11-15T19:29Z","2018-11-15T19:29Z","EcoCore_CSU","Mn",0.0200,"milligramsPerLiter",3.3,,0,"formatChange","GOOD"
"d9bc8b6a-35bc-4d4d-b2c0-62f9247e1377","D16","MART","MART.AOS.groundwater.well.003","MART.W3.20181115.FIL","A00000059684","2018-11-15T19:29Z","2018-11-15T19:29Z","EcoCore_CSU","F",1.5000,"milligramsPerLiter",3.3,,0,"formatChange","GOOD"
"361e18f0-8341-4273-ba3c-29ce11ef1587","D16","MART","MART.AOS.groundwater.well.003","MART.W3.20181115.RAW","A00000059685","2018-11-15T19:29Z","2018-11-15T19:29Z","EcoCore_CSU","TOC",41.1500,"milligramsPerLiter",3.3,,0,"formatChange","GOOD"
"2267944b-4d3d-407f-b6fe-aedcc0165f98","D16","MART","MART.AOS.groundwater.well.003","MART.W3.20181115.FIL","A00000059684","2018-11-15T19:29Z","2018-11-15T19:29Z","EcoCore_CSU","DIC",9.6360,"milligramsPerLiter",3.3,,0,"formatChange","GOOD"
"dab3c187-5de2-4f7b-97b7-558406dbebb5","D16","MART","MART.AOS.groundwater.well.003","MART.W3.20181115.FIL","A00000059684","2018-11-15T19:29Z","2018-11-15T19:29Z","EcoCore_CSU","Cl",1.4300,"milligramsPerLiter",3.3,,0,"formatChange","GOOD"
"c55d4d15-91a3-48de-b64c-4849b9eca87d","D16","MART","MART.AOS.groundwater.well.006","MART.W6.20181115.FIL","A00000059702","2018-11-15T20:41Z","2018-11-15T20:41Z","EcoCore_CSU","UV Absorbance (280 nm)",0.0615,,3.3,"Raw bottle not received|not enough filtered sample to deliver to SWAPT",0,"formatChange","Other"
"57e81b30-4fc8-42d7-82bc-efe6e4b12f7e","D16","MART","MART.AOS.groundwater.well.006","MART.W6.20181115.FIL","A00000059702","2018-11-15T20:41Z","2018-11-15T20:41Z","EcoCore_CSU","K",,"milligramsPerLiter",3.3,"Raw bottle not received|not enough filtered sample to deliver to SWAPT",0,"formatChange","Other"
"4995a2de-e0ff-4cb2-bd98-e42b667ad0bb","D16","MART","MART.AOS.groundwater.well.006","MART.W6.20181115.FIL","A00000059702","2018-11-15T20:41Z","2018-11-15T20:41Z","EcoCore_CSU","UV Absorbance (250 nm)",0.0787,,3.3,"Raw bottle not received|not enough filtered sample to deliver to SWAPT",0,"formatChange","Other"
"04ec9ba4-5d6b-4d9a-9963-613ac90d81ec","D16","MART","MART.AOS.groundwater.well.006","MART.W6.20181115.FIL","A00000059702","2018-11-15T20:41Z","2018-11-15T20:41Z","EcoCore_CSU","TDN",0.4543,"milligramsPerLiter",3.3,"Raw bottle not received|not enough filtered sample to deliver to SWAPT",0,"formatChange","Other"
"6610dfb4-8abc-4f1c-8da6-cfe92f8566b8","D16","MART","MART.AOS.groundwater.well.006","MART.W6.20181115.FIL","A00000059702","2018-11-15T20:41Z","2018-11-15T20:41Z","EcoCore_CSU","Ca",,"milligramsPerLiter",3.3,"Raw bottle not received|not enough filtered sample to deliver to SWAPT",0,"formatChange","Other"
"c8fa3241-2e99-46de-93df-a08636154dd2","D16","MART","MART.AOS.groundwater.well.006","MART.W6.20181115.FIL","A00000059702","2018-11-15T20:41Z","2018-11-15T20:41Z","EcoCore_CSU","Mn",,"milligramsPerLiter",3.3,"Raw bottle not received|not enough filtered sample to deliver to SWAPT",0,"formatChange","Other"
"c9c84ef6-79c3-42e1-8e9a-aa4c012dc4c6","D16","MART","MART.AOS.groundwater.well.006","MART.W6.20181115.FIL","A00000059702","2018-11-15T20:41Z","2018-11-15T20:41Z","EcoCore_CSU","Cl",,"milligramsPerLiter",3.3,"Raw bottle not received|not enough filtered sample to deliver to SWAPT",0,"formatChange","Other"
"135507d4-a29a-4e0b-a54c-3b89b9bc8a38","D16","MART","MART.AOS.groundwater.well.006","MART.W6.20181115.FIL","A00000059702","2018-11-15T20:41Z","2018-11-15T20:41Z","EcoCore_CSU","Fe",,"milligramsPerLiter",3.3,"Raw bottle not received|not enough filtered sample to deliver to SWAPT",0,"formatChange","Other"
"d154c827-d5c8-420c-b676-d69e373ab4e1","D16","MART","MART.AOS.groundwater.well.006","MART.W6.20181115.FIL","A00000059702","2018-11-15T20:41Z","2018-11-15T20:41Z","EcoCore_CSU","NO2 - N",0.0543,"milligramsPerLiter",3.3,"Raw bottle not received|not enough filtered sample to deliver to SWAPT",0,"formatChange","Other"
"3d8b0b37-ac7f-4165-876a-4061c33aea7b","D16","MART","MART.AOS.groundwater.well.006","MART.W6.20181115.FIL","A00000059702","2018-11-15T20:41Z","2018-11-15T20:41Z","EcoCore_CSU","TDS",,"milligramsPerLiter",3.3,"Raw bottle not received|not enough filtered sample to deliver to SWAPT",0,"formatChange","Other"
"e3df780e-af6b-4d11-a7d1-8575991e59f1","D16","MART","MART.AOS.groundwater.well.006","MART.W6.20181115.FIL","A00000059702","2018-11-15T20:41Z","2018-11-15T20:41Z","EcoCore_CSU","F",,"milligramsPerLiter",3.3,"Raw bottle not received|not enough filtered sample to deliver to SWAPT",0,"formatChange","Other"
"6524f8b3-681c-4a6d-8198-49eed7cc4348","D16","MART","MART.AOS.groundwater.well.006","MART.W6.20181115.FIL","A00000059702","2018-11-15T20:41Z","2018-11-15T20:41Z","EcoCore_CSU","DOC",2.4640,"milligramsPerLiter",3.3,"Raw bottle not received|not enough filtered sample to deliver to SWAPT",0,"formatChange","Other"
"5ef60d35-20b8-4b03-a926-8ff138ed0f5f","D16","MART","MART.AOS.groundwater.well.006","MART.W6.20181115.FIL","A00000059702","2018-11-15T20:41Z","2018-11-15T20:41Z","EcoCore_CSU","TDP",,"milligramsPerLiter",3.3,"Raw bottle not received|not enough filtered sample to deliver to SWAPT",0,"formatChange","Other"
"681bdc8a-5ae4-451b-9548-496331d3fca1","D16","MART","MART.AOS.groundwater.well.006","MART.W6.20181115.FIL","A00000059702","2018-11-15T20:41Z","2018-11-15T20:41Z","EcoCore_CSU","Si",,"milligramsPerLiter",3.3,"Raw bottle not received|not enough filtered sample to deliver to SWAPT",0,"formatChange","Other"
"3f6b49b6-23fb-4507-a599-dfd8951534f6","D16","MART","MART.AOS.groundwater.well.006","MART.W6.20181115.FIL","A00000059702","2018-11-15T20:41Z","2018-11-15T20:41Z","EcoCore_CSU","Br",,"milligramsPerLiter",3.3,"Raw bottle not received|not enough filtered sample to deliver to SWAPT",0,"formatChange","Other"
"14bc8761-dec7-41e3-afeb-5fcf64b23b13","D16","MART","MART.AOS.groundwater.well.006","MART.W6.20181115.PCN","A00000059682","2018-11-15T20:41Z","2018-11-15T20:41Z","EcoCore_CSU","TPN",0.1231,"milligram",3.3,,0,"formatChange","GOOD"
"d3cef98e-9a43-46f2-83bf-952f21b04766","D16","MART","MART.AOS.groundwater.well.006","MART.W6.20181115.FIL","A00000059702","2018-11-15T20:41Z","2018-11-15T20:41Z","EcoCore_CSU","NO3+NO2 - N",0.0460,"milligramsPerLiter",3.3,"Raw bottle not received|not enough filtered sample to deliver to SWAPT",0,"formatChange","Other"
"b0eef7aa-97e6-444a-8081-eeca8273e6df","D16","MART","MART.AOS.groundwater.well.006","MART.W6.20181115.FIL","A00000059702","2018-11-15T20:41Z","2018-11-15T20:41Z","EcoCore_CSU","Mg",,"milligramsPerLiter",3.3,"Raw bottle not received|not enough filtered sample to deliver to SWAPT",0,"formatChange","Other"
"db21f46f-b3dd-4cbc-8180-a2a6a529e558","D16","MART","MART.AOS.groundwater.well.006","MART.W6.20181115.FIL","A00000059702","2018-11-15T20:41Z","2018-11-15T20:41Z","EcoCore_CSU","SO4",,"milligramsPerLiter",3.3,"Raw bottle not received|not enough filtered sample to deliver to SWAPT",0,"formatChange","Other"
"e3932dc6-4bb9-41ab-ba62-2f5fae23faf6","D16","MART","MART.AOS.groundwater.well.006","MART.W6.20181115.FIL","A00000059702","2018-11-15T20:41Z","2018-11-15T20:41Z","EcoCore_CSU","DIC",22.4600,"milligramsPerLiter",3.3,"Raw bottle not received|not enough filtered sample to deliver to SWAPT",0,"formatChange","Other"
"841f47a0-5154-4bbf-aff2-316eae1a79d5","D16","MART","MART.AOS.groundwater.well.006","MART.W6.20181115.FIL","A00000059702","2018-11-15T20:41Z","2018-11-15T20:41Z","EcoCore_CSU","Ortho - P",0.2100,"milligramsPerLiter",3.3,"Raw bottle not received|not enough filtered sample to deliver to SWAPT",0,"formatChange","Other"
"48e3c393-e43b-49c0-b928-edccf06d8bb6","D16","MART","MART.AOS.groundwater.well.006","MART.W6.20181115.FIL","A00000059702","2018-11-15T20:41Z","2018-11-15T20:41Z","EcoCore_CSU","CO3",,"milligramsPerLiter",3.3,"Raw bottle not received|not enough filtered sample to deliver to SWAPT",0,"formatChange","Other"
"0d19534a-8ad6-4888-a690-4a0367b16183","D16","MART","MART.AOS.groundwater.well.006","MART.W6.20181115.FIL","A00000059702","2018-11-15T20:41Z","2018-11-15T20:41Z","EcoCore_CSU","HCO3",,"milligramsPerLiter",3.3,"Raw bottle not received|not enough filtered sample to deliver to SWAPT",0,"formatChange","Other"
"a6661b2b-4845-4e13-99ae-f7ba265eb692","D16","MART","MART.AOS.groundwater.well.006","MART.W6.20181115.FIL","A00000059702","2018-11-15T20:41Z","2018-11-15T20:41Z","EcoCore_CSU","NH4 - N",0.1394,"milligramsPerLiter",3.3,"Raw bottle not received|not enough filtered sample to deliver to SWAPT",0,"formatChange","Other"
"5c33895d-e76d-47df-853e-caaacfc1ee01","D16","MART","MART.AOS.groundwater.well.006","MART.W6.20181115.FIL","A00000059702","2018-11-15T20:41Z","2018-11-15T20:41Z","EcoCore_CSU","Na",,"milligramsPerLiter",3.3,"Raw bottle not received|not enough filtered sample to deliver to SWAPT",0,"formatChange","Other"
"0db8585a-7fe6-4e9a-bab1-6317ba7de37d","D16","MART","MART.AOS.groundwater.well.006","MART.W6.20181115.PCN","A00000059682","2018-11-15T20:41Z","2018-11-15T20:41Z","EcoCore_CSU","TPC",0.7354,"milligram",3.3,,0,"formatChange","GOOD"
