uid,domainID,siteID,namedLocation,decimalLatitude,decimalLongitude,coordinateUncertainty,elevation,elevationUncertainty,geodeticDatum,collectDate,aquaticSiteType,samplingImpractical,waterChemSamplesCollected,adequateSampleVol,parentSampleID,eventID,swcSamplingProtocolVersion,sampleExtractionMethod,samplerType,totalWellDepth,wellWaterDepth,waterColumnHeight,sampleDepth,purgeAverageDischargeRate,purgeTime,gwWellStabilized,purgeDryDateTime,pumpPlacementDate,screenedIntervalDepth,maxAllowableDrawdown,actualDrawdown,MADExceeded,wellVolumePurged,probeIDUnavailable,dissolvedOxygen,dissolvedOxygenSaturation,specificConductance,waterTemp,pH,waterClarityDescrip,waterColorDescrip,aCollectedBy,bCollectedBy,remarks
"fb67b70b-2d38-4f3b-87f7-2425186bc915","D11","PRIN","PRIN.AOS.groundwater.well.003",33.377579,-97.783587,0.1,258.0,0.1,"WGS84","2017-09-06T15:59Z","stream",,,,"PRIN.W3.20170906","PRIN.20170906","NEON.DOC.002905vD","low-flow","Groundwater Pump",8.7,5.6,3.1,,,,,,,,,,,2.1,,0.27,3.30,1396.00,24.00,,"clear","colorless","cburton@battelleecology.org","Lhostert@battelleecology.org","Depth to bottom 8.7"
"86b91469-0066-4085-b7d9-706dc94bdb79","D11","PRIN","PRIN.AOS.groundwater.well.002",33.378246,-97.783720,0.1,257.4,0.1,"WGS84","2017-09-06T18:22Z","stream",,,,"PRIN.W2.20170906","PRIN.20170906","NEON.DOC.002905vD","low-flow","Groundwater Pump",6.2,5.2,1.0,5.7,,,,,,,,,,3.1,,0.12,1.40,973.00,23.60,,"clear","colorless","cburton@battelleecology.org","Lhostert@battelleecology.org","6.20 depth to bottom"
"dce3637d-f1db-4582-9d5b-661e758e1b27","D11","PRIN","PRIN.AOS.groundwater.well.005",33.377766,-97.782176,0.1,257.8,0.1,"WGS84","2017-09-07T14:40Z","stream","shallow groundwater",,,"PRIN.W5.20170907","PRIN.20170907","NEON.DOC.002905vD","low-flow","Groundwater Pump",5.0,4.8,0.1,,,,,,,,,,,,,,,,,,,,"cburton@battelleecology.org","szaunbrecher@battelleecology.org",
"3bc30797-8279-4b79-adb2-f44d5a79cf9d","D11","PRIN","PRIN.AOS.groundwater.well.006",33.378106,-97.781605,0.1,257.0,0.1,"WGS84","2017-09-07T15:48Z","stream",,,,"PRIN.W6.20170907","PRIN.20170907","NEON.DOC.002905vD","low-flow","Groundwater Pump",8.6,5.5,3.1,,,,,,,,,,,4.3,,0.39,4.60,1206.00,23.30,,"clear","colorless","cburton@battelleecology.org","szaunbrecher@battelleecology.org","Sampling from 6.53 meters"
