uid,domainID,siteID,namedLocation,sampleID,sampleCode,startDate,collectDate,laboratoryName,analyte,analyteConcentration,analyteUnits,coolerTemp,remarks,shipmentWarmQF,externalLabDataQF,sampleCondition
"39353cab-7103-4087-8f5b-1060a17fe65a","D11","PRIN","PRIN.AOS.groundwater.well.003","PRIN.W3.20170906.RAW",,"2017-09-06T15:59Z","2017-09-06T15:59Z","EcoCore_CSU","ANC",2.8460,"milliequivalentsPerLiter",4.2,,0,"formatChange","GOOD"
"4d44cec8-42f6-4de2-a91f-32bfd9bb21cd","D11","PRIN","PRIN.AOS.groundwater.well.003","PRIN.W3.20170906.FIL",,"2017-09-06T15:59Z","2017-09-06T15:59Z","EcoCore_CSU","NO3+NO2 - N",0.0215,"milligramsPerLiter",4.2,,0,"formatChange","GOOD"
"03122afe-65ac-4be2-9000-49a642ad1522","D11","PRIN","PRIN.AOS.groundwater.well.003","PRIN.W3.20170906.FIL",,"2017-09-06T15:59Z","2017-09-06T15:59Z","EcoCore_CSU","Ortho - P",0.0220,"milligramsPerLiter",4.2,,0,"formatChange","GOOD"
"460fc4d4-20d1-49c8-94f7-a6ca2e8d6287","D11","PRIN","PRIN.AOS.groundwater.well.003","PRIN.W3.20170906.FIL",,"2017-09-06T15:59Z","2017-09-06T15:59Z","EcoCore_CSU","F",0.4250,"milligramsPerLiter",4.2,,0,"formatChange","GOOD"
"25483222-2e27-4b85-b159-b1b65b5e6e6e","D11","PRIN","PRIN.AOS.groundwater.well.003","PRIN.W3.20170906.PCN",,"2017-09-06T15:59Z","2017-09-06T15:59Z","EcoCore_CSU","TPC",0.3330,"milligram",4.2,,0,"formatChange","GOOD"
"9c0c412f-dc25-41aa-a73f-46f34d05e4b5","D11","PRIN","PRIN.AOS.groundwater.well.003","PRIN.W3.20170906.FIL",,"2017-09-06T15:59Z","2017-09-06T15:59Z","EcoCore_CSU","NO2 - N",0.0232,"milligramsPerLiter",4.2,,0,"formatChange","GOOD"
"d048f9ae-0ec8-4cce-8c74-26882d56b76a","D11","PRIN","PRIN.AOS.groundwater.well.003","PRIN.W3.20170906.RAW",,"2017-09-06T15:59Z","2017-09-06T15:59Z","EcoCore_CSU","TN",0.1394,"milligramsPerLiter",4.2,,0,"formatChange","GOOD"
"60439bed-43a9-4fff-9423-0cc5befcbbc8","D11","PRIN","PRIN.AOS.groundwater.well.003","PRIN.W3.20170906.FIL",,"2017-09-06T15:59Z","2017-09-06T15:59Z","EcoCore_CSU","Ca",130.7300,"milligramsPerLiter",4.2,,0,"formatChange","GOOD"
"8451cff6-5c22-40a2-99a1-f4b151e25fa1","D11","PRIN","PRIN.AOS.groundwater.well.003","PRIN.W3.20170906.FIL",,"2017-09-06T15:59Z","2017-09-06T15:59Z","EcoCore_CSU","Br",0.7388,"milligramsPerLiter",4.2,,0,"formatChange","GOOD"
"790ffc7c-5025-448d-b60d-342b0c96a85f","D11","PRIN","PRIN.AOS.groundwater.well.003","PRIN.W3.20170906.RAW",,"2017-09-06T15:59Z","2017-09-06T15:59Z","EcoCore_CSU","TP",0.1960,"milligramsPerLiter",4.2,,0,"formatChange","GOOD"
"2d45679b-c747-4515-8c6e-3d114e1b820a","D11","PRIN","PRIN.AOS.groundwater.well.003","PRIN.W3.20170906.FIL",,"2017-09-06T15:59Z","2017-09-06T15:59Z","EcoCore_CSU","TDN",0.1326,"milligramsPerLiter",4.2,,0,"formatChange","GOOD"
"8675307d-9f20-4dcb-a0d4-880257588d1a","D11","PRIN","PRIN.AOS.groundwater.well.003","PRIN.W3.20170906.FIL",,"2017-09-06T15:59Z","2017-09-06T15:59Z","EcoCore_CSU","DOC",1.1700,"milligramsPerLiter",4.2,,0,"formatChange","GOOD"
"e50294f5-ec54-47b7-a541-55177aba979c","D11","PRIN","PRIN.AOS.groundwater.well.003","PRIN.W3.20170906.FIL",,"2017-09-06T15:59Z","2017-09-06T15:59Z","EcoCore_CSU","TDP",0.0016,"milligramsPerLiter",4.2,,0,"formatChange","GOOD"
"6871ab62-4835-4c6f-997d-08969973fa9e","D11","PRIN","PRIN.AOS.groundwater.well.003","PRIN.W3.20170906.FIL",,"2017-09-06T15:59Z","2017-09-06T15:59Z","EcoCore_CSU","HCO3",168.5100,"milligramsPerLiter",4.2,,0,"formatChange","GOOD"
"0218668c-e795-4f5b-bcc7-230fc8870b2b","D11","PRIN","PRIN.AOS.groundwater.well.003","PRIN.W3.20170906.FIL",,"2017-09-06T15:59Z","2017-09-06T15:59Z","EcoCore_CSU","Fe",0.0112,"milligramsPerLiter",4.2,,0,"formatChange","GOOD"
"3cdb8b82-bdb7-427a-b077-60a651f31ac2","D11","PRIN","PRIN.AOS.groundwater.well.003","PRIN.W3.20170906.FIL",,"2017-09-06T15:59Z","2017-09-06T15:59Z","EcoCore_CSU","TDS",1075.2000,"milligramsPerLiter",4.2,,0,"formatChange","GOOD"
"d19d1190-bb2b-4f0f-8caa-0d8fc3f12661","D11","PRIN","PRIN.AOS.groundwater.well.003","PRIN.W3.20170906.RAW",,"2017-09-06T15:59Z","2017-09-06T15:59Z","EcoCore_CSU","TSS",30.0000,"milligramsPerLiter",4.2,,0,"formatChange","GOOD"
"fe9834fb-c396-4861-8155-3dec92983fb5","D11","PRIN","PRIN.AOS.groundwater.well.003","PRIN.W3.20170906.FIL",,"2017-09-06T15:59Z","2017-09-06T15:59Z","EcoCore_CSU","CO3",0.0000,"milligramsPerLiter",4.2,,0,"formatChange","GOOD"
"d9ee2591-6466-45e7-b0c6-2b1e56b24c8c","D11","PRIN","PRIN.AOS.groundwater.well.003","PRIN.W3.20170906.FIL",,"2017-09-06T15:59Z","2017-09-06T15:59Z","EcoCore_CSU","UV Absorbance (280 nm)",0.0435,,4.2,,0,"formatChange","GOOD"
"aff687ca-a8f9-4dac-a4a7-a495ee45af17","D11","PRIN","PRIN.AOS.groundwater.well.003","PRIN.W3.20170906.RAW",,"2017-09-06T15:59Z","2017-09-06T15:59Z","EcoCore_CSU","TOC",1.0140,"milligramsPerLiter",4.2,,0,"formatChange","GOOD"
"95306c2c-1a30-40f6-9ad9-1bb1c140ec53","D11","PRIN","PRIN.AOS.groundwater.well.003","PRIN.W3.20170906.PCN",,"2017-09-06T15:59Z","2017-09-06T15:59Z","EcoCore_CSU","TPN",0.0934,"milligram",4.2,,0,"formatChange","GOOD"
"c280fde0-30a7-4144-bce7-ef83b46b8ddb","D11","PRIN","PRIN.AOS.groundwater.well.003","PRIN.W3.20170906.RAW",,"2017-09-06T15:59Z","2017-09-06T15:59Z","EcoCore_CSU","TSS - Dry Mass",1500.0000,"microgram",4.2,,0,"formatChange","GOOD"
"ede8b50a-95d7-46dc-bb7a-9cfbcb12f3e8","D11","PRIN","PRIN.AOS.groundwater.well.003","PRIN.W3.20170906.FIL",,"2017-09-06T15:59Z","2017-09-06T15:59Z","EcoCore_CSU","Si",4.1142,"milligramsPerLiter",4.2,,0,"formatChange","GOOD"
"1406b3e9-0335-4a00-9586-67f7b3763267","D11","PRIN","PRIN.AOS.groundwater.well.003","PRIN.W3.20170906.FIL",,"2017-09-06T15:59Z","2017-09-06T15:59Z","EcoCore_CSU","Mn",0.1519,"milligramsPerLiter",4.2,,0,"formatChange","GOOD"
"b485e76e-08b9-4b9a-b2e1-3ff53762a531","D11","PRIN","PRIN.AOS.groundwater.well.003","PRIN.W3.20170906.RAW",,"2017-09-06T15:59Z","2017-09-06T15:59Z","EcoCore_CSU","pH",6.9500,"pH",4.2,,0,"formatChange","GOOD"
"acdcf0f9-a77b-4069-b65c-757312c6b9d6","D11","PRIN","PRIN.AOS.groundwater.well.003","PRIN.W3.20170906.FIL",,"2017-09-06T15:59Z","2017-09-06T15:59Z","EcoCore_CSU","Na",124.8300,"milligramsPerLiter",4.2,,0,"formatChange","GOOD"
"e099e3e6-b994-403a-9c4a-5580b4f9772b","D11","PRIN","PRIN.AOS.groundwater.well.003","PRIN.W3.20170906.FIL",,"2017-09-06T15:59Z","2017-09-06T15:59Z","EcoCore_CSU","SO4",421.6500,"milligramsPerLiter",4.2,,0,"formatChange","GOOD"
"02b08872-7b6f-4cbb-a4c8-ec97f8356cd7","D11","PRIN","PRIN.AOS.groundwater.well.003","PRIN.W3.20170906.FIL",,"2017-09-06T15:59Z","2017-09-06T15:59Z","EcoCore_CSU","Cl",134.5200,"milligramsPerLiter",4.2,,0,"formatChange","GOOD"
"98de9527-5fea-4122-963d-44396a49e6b0","D11","PRIN","PRIN.AOS.groundwater.well.003","PRIN.W3.20170906.FIL",,"2017-09-06T15:59Z","2017-09-06T15:59Z","EcoCore_CSU","NH4 - N",0.1683,"milligramsPerLiter",4.2,,0,"formatChange","GOOD"
"4cdefe25-77c9-4232-9757-fc2f8645daeb","D11","PRIN","PRIN.AOS.groundwater.well.003","PRIN.W3.20170906.FIL",,"2017-09-06T15:59Z","2017-09-06T15:59Z","EcoCore_CSU","Mg",39.6370,"milligramsPerLiter",4.2,,0,"formatChange","GOOD"
"aac98b78-53a5-4500-a331-3d35f72733eb","D11","PRIN","PRIN.AOS.groundwater.well.003","PRIN.W3.20170906.FIL",,"2017-09-06T15:59Z","2017-09-06T15:59Z","EcoCore_CSU","UV Absorbance (250 nm)",0.0505,,4.2,,0,"formatChange","GOOD"
"35127734-1234-4994-bd29-4003dd04538d","D11","PRIN","PRIN.AOS.groundwater.well.003","PRIN.W3.20170906.RAW",,"2017-09-06T15:59Z","2017-09-06T15:59Z","EcoCore_CSU","conductivity",1538.4000,"microsiemensPerCentimeter",4.2,,0,"formatChange","GOOD"
"0f56f1dd-ab0b-4856-a397-9b3f79550110","D11","PRIN","PRIN.AOS.groundwater.well.003","PRIN.W3.20170906.FIL",,"2017-09-06T15:59Z","2017-09-06T15:59Z","EcoCore_CSU","K",5.4859,"milligramsPerLiter",4.2,,0,"formatChange","GOOD"
"02dfec60-19c1-41f6-bc82-54d67753a2d9","D11","PRIN","PRIN.AOS.groundwater.well.003","PRIN.W3.20170906.FIL",,"2017-09-06T15:59Z","2017-09-06T15:59Z","EcoCore_CSU","DIC",72.2000,"milligramsPerLiter",4.2,,0,"formatChange","GOOD"
"cd0362f6-d58a-4167-8d54-3575cf3c6719","D11","PRIN","PRIN.AOS.groundwater.well.002","PRIN.W2.20170906.RAW",,"2017-09-06T18:22Z","2017-09-06T18:22Z","EcoCore_CSU","conductivity",1052.8000,"microsiemensPerCentimeter",4.2,,0,"formatChange","GOOD"
"995fbd64-ee59-4e9b-a6cd-f7c478bd97d1","D11","PRIN","PRIN.AOS.groundwater.well.002","PRIN.W2.20170906.FIL",,"2017-09-06T18:22Z","2017-09-06T18:22Z","EcoCore_CSU","Mg",18.0770,"milligramsPerLiter",4.2,,0,"formatChange","GOOD"
"71ab4251-fbfc-43bd-a9b6-ba113631f346","D11","PRIN","PRIN.AOS.groundwater.well.002","PRIN.W2.20170906.RAW",,"2017-09-06T18:22Z","2017-09-06T18:22Z","EcoCore_CSU","ANC",5.9240,"milliequivalentsPerLiter",4.2,,0,"formatChange","GOOD"
"d2a83880-ffc5-4414-8230-2a843288e8f1","D11","PRIN","PRIN.AOS.groundwater.well.002","PRIN.W2.20170906.FIL",,"2017-09-06T18:22Z","2017-09-06T18:22Z","EcoCore_CSU","UV Absorbance (250 nm)",0.0609,,4.2,,0,"formatChange","GOOD"
"da728d4d-d840-4e30-967e-eb902bfc68dc","D11","PRIN","PRIN.AOS.groundwater.well.002","PRIN.W2.20170906.FIL",,"2017-09-06T18:22Z","2017-09-06T18:22Z","EcoCore_CSU","Ortho - P",0.0350,"milligramsPerLiter",4.2,,0,"formatChange","GOOD"
"d193eb31-7786-4463-98f0-e692e38f8da0","D11","PRIN","PRIN.AOS.groundwater.well.002","PRIN.W2.20170906.FIL",,"2017-09-06T18:22Z","2017-09-06T18:22Z","EcoCore_CSU","NH4 - N",0.0898,"milligramsPerLiter",4.2,,0,"formatChange","GOOD"
"657ada36-a991-4673-8440-3f4c107d6228","D11","PRIN","PRIN.AOS.groundwater.well.002","PRIN.W2.20170906.FIL",,"2017-09-06T18:22Z","2017-09-06T18:22Z","EcoCore_CSU","TDS",737.8000,"milligramsPerLiter",4.2,,0,"formatChange","GOOD"
"c03e2497-4e5c-4803-bee3-ccd2c12814b9","D11","PRIN","PRIN.AOS.groundwater.well.002","PRIN.W2.20170906.FIL",,"2017-09-06T18:22Z","2017-09-06T18:22Z","EcoCore_CSU","Fe",0.0069,"milligramsPerLiter",4.2,,0,"formatChange","GOOD"
"3feff7e5-4f0a-4abb-b285-13731b936657","D11","PRIN","PRIN.AOS.groundwater.well.002","PRIN.W2.20170906.FIL",,"2017-09-06T18:22Z","2017-09-06T18:22Z","EcoCore_CSU","Mn",0.3543,"milligramsPerLiter",4.2,,0,"formatChange","GOOD"
"03af5298-cd2c-40e1-843d-991c8b7e0ef0","D11","PRIN","PRIN.AOS.groundwater.well.002","PRIN.W2.20170906.RAW",,"2017-09-06T18:22Z","2017-09-06T18:22Z","EcoCore_CSU","pH",7.3400,"pH",4.2,,0,"formatChange","GOOD"
"be5e2456-5525-4be5-8cde-a60637e81b2c","D11","PRIN","PRIN.AOS.groundwater.well.002","PRIN.W2.20170906.RAW",,"2017-09-06T18:22Z","2017-09-06T18:22Z","EcoCore_CSU","TOC",2.3270,"milligramsPerLiter",4.2,,0,"formatChange","GOOD"
"caa79cca-5a0a-4acc-a1de-6344e3444906","D11","PRIN","PRIN.AOS.groundwater.well.002","PRIN.W2.20170906.FIL",,"2017-09-06T18:22Z","2017-09-06T18:22Z","EcoCore_CSU","K",1.7950,"milligramsPerLiter",4.2,,0,"formatChange","GOOD"
"05028cbe-8128-4b3c-9c69-c6a76c524cd4","D11","PRIN","PRIN.AOS.groundwater.well.002","PRIN.W2.20170906.RAW",,"2017-09-06T18:22Z","2017-09-06T18:22Z","EcoCore_CSU","TSS - Dry Mass",1300.0000,"microgram",4.2,,0,"formatChange","GOOD"
"7a071d9d-a474-421e-be94-d7eb3f04c5b1","D11","PRIN","PRIN.AOS.groundwater.well.002","PRIN.W2.20170906.RAW",,"2017-09-06T18:22Z","2017-09-06T18:22Z","EcoCore_CSU","TSS",26.0000,"milligramsPerLiter",4.2,,0,"formatChange","GOOD"
"cf5a4d17-b386-4f46-9efa-32865b8974c1","D11","PRIN","PRIN.AOS.groundwater.well.002","PRIN.W2.20170906.FIL",,"2017-09-06T18:22Z","2017-09-06T18:22Z","EcoCore_CSU","NO2 - N",0.0221,"milligramsPerLiter",4.2,,0,"formatChange","GOOD"
"cd378b11-7d46-4569-8051-ea31cd9a73af","D11","PRIN","PRIN.AOS.groundwater.well.002","PRIN.W2.20170906.FIL",,"2017-09-06T18:22Z","2017-09-06T18:22Z","EcoCore_CSU","Br",0.6885,"milligramsPerLiter",4.2,,0,"formatChange","GOOD"
"356f9db7-333e-4783-9ae7-62e90dde92c3","D11","PRIN","PRIN.AOS.groundwater.well.002","PRIN.W2.20170906.FIL",,"2017-09-06T18:22Z","2017-09-06T18:22Z","EcoCore_CSU","HCO3",330.4100,"milligramsPerLiter",4.2,,0,"formatChange","GOOD"
"867e2d58-dc53-4cfc-9a06-e25b7311dc42","D11","PRIN","PRIN.AOS.groundwater.well.002","PRIN.W2.20170906.FIL",,"2017-09-06T18:22Z","2017-09-06T18:22Z","EcoCore_CSU","DIC",97.9600,"milligramsPerLiter",4.2,,0,"formatChange","GOOD"
"caf06264-0de7-4ede-ab55-8e336b40bcaa","D11","PRIN","PRIN.AOS.groundwater.well.002","PRIN.W2.20170906.FIL",,"2017-09-06T18:22Z","2017-09-06T18:22Z","EcoCore_CSU","NO3+NO2 - N",0.0518,"milligramsPerLiter",4.2,,0,"formatChange","GOOD"
"a86c85a8-d946-40d8-bbfb-a91116832c9c","D11","PRIN","PRIN.AOS.groundwater.well.002","PRIN.W2.20170906.FIL",,"2017-09-06T18:22Z","2017-09-06T18:22Z","EcoCore_CSU","DOC",2.0740,"milligramsPerLiter",4.2,,0,"formatChange","GOOD"
"094d4fd9-b121-48cd-be92-17fe02fbd598","D11","PRIN","PRIN.AOS.groundwater.well.002","PRIN.W2.20170906.FIL",,"2017-09-06T18:22Z","2017-09-06T18:22Z","EcoCore_CSU","TDP",0.0378,"milligramsPerLiter",4.2,,0,"formatChange","GOOD"
"63315f31-9366-4739-9e45-b32e5f01412f","D11","PRIN","PRIN.AOS.groundwater.well.002","PRIN.W2.20170906.FIL",,"2017-09-06T18:22Z","2017-09-06T18:22Z","EcoCore_CSU","Cl",139.5742,"milligramsPerLiter",4.2,,0,"formatChange","GOOD"
"296be5cd-96f8-4d7a-b4a0-7721dc408c12","D11","PRIN","PRIN.AOS.groundwater.well.002","PRIN.W2.20170906.FIL",,"2017-09-06T18:22Z","2017-09-06T18:22Z","EcoCore_CSU","Ca",135.8200,"milligramsPerLiter",4.2,,0,"formatChange","GOOD"
"c84731ed-92da-4d2e-9ed5-38975119a628","D11","PRIN","PRIN.AOS.groundwater.well.002","PRIN.W2.20170906.FIL",,"2017-09-06T18:22Z","2017-09-06T18:22Z","EcoCore_CSU","SO4",48.8342,"milligramsPerLiter",4.2,,0,"formatChange","GOOD"
"22a8524b-6836-4d20-a955-1177037ca3f2","D11","PRIN","PRIN.AOS.groundwater.well.002","PRIN.W2.20170906.FIL",,"2017-09-06T18:22Z","2017-09-06T18:22Z","EcoCore_CSU","TDN",0.1142,"milligramsPerLiter",4.2,,0,"formatChange","GOOD"
"c3d5267c-b5e4-41a5-b4b6-f7e127d097e1","D11","PRIN","PRIN.AOS.groundwater.well.002","PRIN.W2.20170906.RAW",,"2017-09-06T18:22Z","2017-09-06T18:22Z","EcoCore_CSU","TN",0.0858,"milligramsPerLiter",4.2,,0,"formatChange","GOOD"
"04ed042e-c00b-4a2c-8ded-4b72211af781","D11","PRIN","PRIN.AOS.groundwater.well.002","PRIN.W2.20170906.FIL",,"2017-09-06T18:22Z","2017-09-06T18:22Z","EcoCore_CSU","F",0.2803,"milligramsPerLiter",4.2,,0,"formatChange","GOOD"
"8503fcc6-b355-4a2c-b417-5842b018dcc5","D11","PRIN","PRIN.AOS.groundwater.well.002","PRIN.W2.20170906.PCN",,"2017-09-06T18:22Z","2017-09-06T18:22Z","EcoCore_CSU","TPN",0.0686,"milligram",4.2,,0,"formatChange","GOOD"
"fb6aba21-5f9d-4a4b-9b0f-b1a5c864d516","D11","PRIN","PRIN.AOS.groundwater.well.002","PRIN.W2.20170906.FIL",,"2017-09-06T18:22Z","2017-09-06T18:22Z","EcoCore_CSU","CO3",0.0000,"milligramsPerLiter",4.2,,0,"formatChange","GOOD"
"86b87cac-33a4-42b4-9408-85fbfcd8a17a","D11","PRIN","PRIN.AOS.groundwater.well.002","PRIN.W2.20170906.PCN",,"2017-09-06T18:22Z","2017-09-06T18:22Z","EcoCore_CSU","TPC",0.3259,"milligram",4.2,,0,"formatChange","GOOD"
"37297e55-881d-4b64-a531-e096066f5aef","D11","PRIN","PRIN.AOS.groundwater.well.002","PRIN.W2.20170906.FIL",,"2017-09-06T18:22Z","2017-09-06T18:22Z","EcoCore_CSU","UV Absorbance (280 nm)",0.0461,,4.2,,0,"formatChange","GOOD"
"d90eff97-e2a7-42bf-81b4-8a4ca02910a5","D11","PRIN","PRIN.AOS.groundwater.well.002","PRIN.W2.20170906.FIL",,"2017-09-06T18:22Z","2017-09-06T18:22Z","EcoCore_CSU","Si",8.4050,"milligramsPerLiter",4.2,,0,"formatChange","GOOD"
"dbc8684d-4ca6-47e1-8555-7bb2526a2a05","D11","PRIN","PRIN.AOS.groundwater.well.002","PRIN.W2.20170906.FIL",,"2017-09-06T18:22Z","2017-09-06T18:22Z","EcoCore_CSU","Na",48.9410,"milligramsPerLiter",4.2,,0,"formatChange","GOOD"
"d736a3d7-fd83-4f71-b48a-296746dad5d8","D11","PRIN","PRIN.AOS.groundwater.well.002","PRIN.W2.20170906.RAW",,"2017-09-06T18:22Z","2017-09-06T18:22Z","EcoCore_CSU","TP",0.1010,"milligramsPerLiter",4.2,,0,"formatChange","GOOD"
"8ff0bf0f-b3c7-4237-aba1-c3f166c46e58","D11","PRIN","PRIN.AOS.groundwater.well.006","PRIN.W6.20170907.FIL",,"2017-09-07T15:48Z","2017-09-07T15:48Z","EcoCore_CSU","UV Absorbance (250 nm)",0.0102,,3.6,,0,"formatChange","GOOD"
"e985a434-7099-4a5c-ae6e-239257dc555d","D11","PRIN","PRIN.AOS.groundwater.well.006","PRIN.W6.20170907.FIL",,"2017-09-07T15:48Z","2017-09-07T15:48Z","EcoCore_CSU","TDN",0.0727,"milligramsPerLiter",3.6,,0,"formatChange","GOOD"
"e2fecd73-134b-45d2-b36c-ccdadd000544","D11","PRIN","PRIN.AOS.groundwater.well.006","PRIN.W6.20170907.FIL",,"2017-09-07T15:48Z","2017-09-07T15:48Z","EcoCore_CSU","NO3+NO2 - N",0.0673,"milligramsPerLiter",3.6,,0,"formatChange","GOOD"
"2d25fc70-8d56-402b-85d5-084e433733d2","D11","PRIN","PRIN.AOS.groundwater.well.006","PRIN.W6.20170907.FIL",,"2017-09-07T15:48Z","2017-09-07T15:48Z","EcoCore_CSU","Cl",27.7289,"milligramsPerLiter",3.6,,0,"formatChange","GOOD"
"514d2572-20a7-4c8d-afb0-9086d7fe293b","D11","PRIN","PRIN.AOS.groundwater.well.006","PRIN.W6.20170907.FIL",,"2017-09-07T15:48Z","2017-09-07T15:48Z","EcoCore_CSU","DIC",67.0500,"milligramsPerLiter",3.6,,0,"formatChange","GOOD"
"7a2a9170-50b3-4eb2-958b-8c80b328642f","D11","PRIN","PRIN.AOS.groundwater.well.006","PRIN.W6.20170907.FIL",,"2017-09-07T15:48Z","2017-09-07T15:48Z","EcoCore_CSU","UV Absorbance (280 nm)",0.0085,,3.6,,0,"formatChange","GOOD"
"94c31903-f9c6-4737-b043-25c76faf4e5d","D11","PRIN","PRIN.AOS.groundwater.well.006","PRIN.W6.20170907.RAW",,"2017-09-07T15:48Z","2017-09-07T15:48Z","EcoCore_CSU","TP",0.0420,"milligramsPerLiter",3.6,,0,"formatChange","GOOD"
"7476860b-22b5-41fa-8d4b-de97a6a6ee06","D11","PRIN","PRIN.AOS.groundwater.well.006","PRIN.W6.20170907.FIL",,"2017-09-07T15:48Z","2017-09-07T15:48Z","EcoCore_CSU","Mg",41.5680,"milligramsPerLiter",3.6,,0,"formatChange","GOOD"
"e0abda5b-8156-481a-a5c6-69bea961ad5d","D11","PRIN","PRIN.AOS.groundwater.well.006","PRIN.W6.20170907.RAW",,"2017-09-07T15:48Z","2017-09-07T15:48Z","EcoCore_CSU","TN",0.0620,"milligramsPerLiter",3.6,,0,"formatChange","GOOD"
"f2c840ad-2913-470d-926e-9428317ffdc1","D11","PRIN","PRIN.AOS.groundwater.well.006","PRIN.W6.20170907.PCN",,"2017-09-07T15:48Z","2017-09-07T15:48Z","EcoCore_CSU","TPC",0.3646,"milligram",3.6,,0,"formatChange","GOOD"
"8e7ddf66-8147-46d3-9187-1dec27725a5a","D11","PRIN","PRIN.AOS.groundwater.well.006","PRIN.W6.20170907.FIL",,"2017-09-07T15:48Z","2017-09-07T15:48Z","EcoCore_CSU","Br",0.0050,"milligramsPerLiter",3.6,,0,"formatChange","GOOD"
"ff9a0b70-be91-4b97-bf2e-ff08f85384a2","D11","PRIN","PRIN.AOS.groundwater.well.006","PRIN.W6.20170907.FIL",,"2017-09-07T15:48Z","2017-09-07T15:48Z","EcoCore_CSU","NO2 - N",0.0789,"milligramsPerLiter",3.6,,0,"formatChange","GOOD"
"1dbf65b1-02de-4bcf-ba66-4a2b4cd61c79","D11","PRIN","PRIN.AOS.groundwater.well.006","PRIN.W6.20170907.FIL",,"2017-09-07T15:48Z","2017-09-07T15:48Z","EcoCore_CSU","CO3",0.0000,"milligramsPerLiter",3.6,,0,"formatChange","GOOD"
"b4b1bf0d-2619-4cda-b1f9-67dd3f5b2d69","D11","PRIN","PRIN.AOS.groundwater.well.006","PRIN.W6.20170907.RAW",,"2017-09-07T15:48Z","2017-09-07T15:48Z","EcoCore_CSU","TSS",2.0000,"milligramsPerLiter",3.6,,0,"formatChange","GOOD"
"b253df0f-c3c6-42bf-9152-f8d9c2cca2e2","D11","PRIN","PRIN.AOS.groundwater.well.006","PRIN.W6.20170907.FIL",,"2017-09-07T15:48Z","2017-09-07T15:48Z","EcoCore_CSU","Ortho - P",0.0390,"milligramsPerLiter",3.6,,0,"formatChange","GOOD"
"9bea844b-7ff7-401a-a558-2a571e862b10","D11","PRIN","PRIN.AOS.groundwater.well.006","PRIN.W6.20170907.FIL",,"2017-09-07T15:48Z","2017-09-07T15:48Z","EcoCore_CSU","Na",96.7620,"milligramsPerLiter",3.6,,0,"formatChange","GOOD"
"e3df2bca-d651-4c57-a5b5-5863980a18b2","D11","PRIN","PRIN.AOS.groundwater.well.006","PRIN.W6.20170907.FIL",,"2017-09-07T15:48Z","2017-09-07T15:48Z","EcoCore_CSU","K",4.3254,"milligramsPerLiter",3.6,,0,"formatChange","GOOD"
"aadb5e68-9daf-4542-ac97-2e9e95b51693","D11","PRIN","PRIN.AOS.groundwater.well.006","PRIN.W6.20170907.RAW",,"2017-09-07T15:48Z","2017-09-07T15:48Z","EcoCore_CSU","TOC",0.8768,"milligramsPerLiter",3.6,,0,"formatChange","GOOD"
"50165c21-0480-4eab-8bf2-520cb9ea1e0d","D11","PRIN","PRIN.AOS.groundwater.well.006","PRIN.W6.20170907.RAW",,"2017-09-07T15:48Z","2017-09-07T15:48Z","EcoCore_CSU","TSS - Dry Mass",100.0000,"microgram",3.6,,0,"formatChange","GOOD"
"963fb38d-f79a-4bc0-a56c-0b623cfe36fd","D11","PRIN","PRIN.AOS.groundwater.well.006","PRIN.W6.20170907.FIL",,"2017-09-07T15:48Z","2017-09-07T15:48Z","EcoCore_CSU","TDP",0.0331,"milligramsPerLiter",3.6,,0,"formatChange","GOOD"
"c0d1415a-0417-44ba-8555-5706824ea6fc","D11","PRIN","PRIN.AOS.groundwater.well.006","PRIN.W6.20170907.FIL",,"2017-09-07T15:48Z","2017-09-07T15:48Z","EcoCore_CSU","Ca",97.9980,"milligramsPerLiter",3.6,,0,"formatChange","GOOD"
"2e0fd669-7685-4ce5-92af-53e82b427ea1","D11","PRIN","PRIN.AOS.groundwater.well.006","PRIN.W6.20170907.FIL",,"2017-09-07T15:48Z","2017-09-07T15:48Z","EcoCore_CSU","DOC",1.0990,"milligramsPerLiter",3.6,,0,"formatChange","GOOD"
"54bab07f-ba1c-4bbe-884f-adffff340fb2","D11","PRIN","PRIN.AOS.groundwater.well.006","PRIN.W6.20170907.PCN",,"2017-09-07T15:48Z","2017-09-07T15:48Z","EcoCore_CSU","TPN",0.0725,"milligram",3.6,,0,"formatChange","GOOD"
"e570e789-00f8-42b2-81ba-514b3ec0b0c5","D11","PRIN","PRIN.AOS.groundwater.well.006","PRIN.W6.20170907.FIL",,"2017-09-07T15:48Z","2017-09-07T15:48Z","EcoCore_CSU","SO4",279.3609,"milligramsPerLiter",3.6,,0,"formatChange","GOOD"
"19338c9e-3fa8-4d54-a9ec-e2c1c91b0bba","D11","PRIN","PRIN.AOS.groundwater.well.006","PRIN.W6.20170907.FIL",,"2017-09-07T15:48Z","2017-09-07T15:48Z","EcoCore_CSU","TDS",121.8000,"milligramsPerLiter",3.6,,0,"formatChange","GOOD"
"4940549c-14b9-49fd-8c9b-9ce868e55850","D11","PRIN","PRIN.AOS.groundwater.well.006","PRIN.W6.20170907.FIL",,"2017-09-07T15:48Z","2017-09-07T15:48Z","EcoCore_CSU","NH4 - N",0.0425,"milligramsPerLiter",3.6,,0,"formatChange","GOOD"
"b4f33156-b27f-4365-aa64-75f8c77805e3","D11","PRIN","PRIN.AOS.groundwater.well.006","PRIN.W6.20170907.RAW",,"2017-09-07T15:48Z","2017-09-07T15:48Z","EcoCore_CSU","conductivity",172.1000,"microsiemensPerCentimeter",3.6,,0,"formatChange","GOOD"
"13c85bd8-2616-4500-84e2-12bc4e6d487d","D11","PRIN","PRIN.AOS.groundwater.well.006","PRIN.W6.20170907.FIL",,"2017-09-07T15:48Z","2017-09-07T15:48Z","EcoCore_CSU","Fe",0.0065,"milligramsPerLiter",3.6,,0,"formatChange","GOOD"
"3427d7af-478e-43ff-ac58-0fb5aa710378","D11","PRIN","PRIN.AOS.groundwater.well.006","PRIN.W6.20170907.RAW",,"2017-09-07T15:48Z","2017-09-07T15:48Z","EcoCore_CSU","ANC",6.3590,"milliequivalentsPerLiter",3.6,,0,"formatChange","GOOD"
"a0d3ade3-1b43-4599-af71-f70fa3a854a2","D11","PRIN","PRIN.AOS.groundwater.well.006","PRIN.W6.20170907.FIL",,"2017-09-07T15:48Z","2017-09-07T15:48Z","EcoCore_CSU","HCO3",369.2400,"milligramsPerLiter",3.6,,0,"formatChange","GOOD"
"0849c9e4-ebff-4a19-92c5-d97abc4501e0","D11","PRIN","PRIN.AOS.groundwater.well.006","PRIN.W6.20170907.FIL",,"2017-09-07T15:48Z","2017-09-07T15:48Z","EcoCore_CSU","Mn",0.0051,"milligramsPerLiter",3.6,,0,"formatChange","GOOD"
"b3d3d8ba-2f65-4193-ac44-4c1acfb3d0be","D11","PRIN","PRIN.AOS.groundwater.well.006","PRIN.W6.20170907.FIL",,"2017-09-07T15:48Z","2017-09-07T15:48Z","EcoCore_CSU","F",0.4705,"milligramsPerLiter",3.6,,0,"formatChange","GOOD"
"b2e72702-8ad8-4fe8-85c0-211b59d9b414","D11","PRIN","PRIN.AOS.groundwater.well.006","PRIN.W6.20170907.FIL",,"2017-09-07T15:48Z","2017-09-07T15:48Z","EcoCore_CSU","Si",3.3306,"milligramsPerLiter",3.6,,0,"formatChange","GOOD"
"7f175a0d-de20-4834-b715-7bfd4479d6d1","D11","PRIN","PRIN.AOS.groundwater.well.006","PRIN.W6.20170907.RAW",,"2017-09-07T15:48Z","2017-09-07T15:48Z","EcoCore_CSU","pH",7.2500,"pH",3.6,,0,"formatChange","GOOD"
