uid,domainID,siteID,namedLocation,sampleID,sampleCode,startDate,collectDate,laboratoryName,analyte,analyteConcentration,analyteUnits,coolerTemp,remarks,shipmentWarmQF,externalLabDataQF,sampleCondition
"56072075-f804-4420-9762-ee51264192a3","D16","MART","MART.AOS.groundwater.well.001","MART.W1.20180301.FIL",,"2018-03-01T18:12Z","2018-03-01T18:12Z","EcoCore_CSU","TDN",0.0559,"milligramsPerLiter",1.0,,0,"formatChange","GOOD"
"646b0f67-d16d-40bc-9b83-e2b703075d54","D16","MART","MART.AOS.groundwater.well.001","MART.W1.20180301.FIL",,"2018-03-01T18:12Z","2018-03-01T18:12Z","EcoCore_CSU","Ca",4.9820,"milligramsPerLiter",1.0,,0,"formatChange","GOOD"
"c02dcb9d-c093-4cc0-8284-c22e22eff8e8","D16","MART","MART.AOS.groundwater.well.001","MART.W1.20180301.FIL",,"2018-03-01T18:12Z","2018-03-01T18:12Z","EcoCore_CSU","TDS",25.2000,"milligramsPerLiter",1.0,,0,"formatChange","GOOD"
"db3bd7d3-ffe8-425c-810d-54cd2cc0832d","D16","MART","MART.AOS.groundwater.well.001","MART.W1.20180301.FIL",,"2018-03-01T18:12Z","2018-03-01T18:12Z","EcoCore_CSU","F",0.0050,"milligramsPerLiter",1.0,,0,"formatChange","GOOD"
"a3cef4ab-020a-4692-9ca0-c02ad8d1a030","D16","MART","MART.AOS.groundwater.well.001","MART.W1.20180301.FIL",,"2018-03-01T18:12Z","2018-03-01T18:12Z","EcoCore_CSU","NO3+NO2 - N",0.0195,"milligramsPerLiter",1.0,,0,"formatChange","GOOD"
"92de7f6b-7a93-4ada-b1ad-6bb98574f0e4","D16","MART","MART.AOS.groundwater.well.001","MART.W1.20180301.RAW",,"2018-03-01T18:12Z","2018-03-01T18:12Z","EcoCore_CSU","TOC",14.4700,"milligramsPerLiter",1.0,,0,"formatChange","GOOD"
"f8fb7803-e309-43f8-b447-710038963f15","D16","MART","MART.AOS.groundwater.well.001","MART.W1.20180301.FIL",,"2018-03-01T18:12Z","2018-03-01T18:12Z","EcoCore_CSU","SO4",0.4000,"milligramsPerLiter",1.0,,0,"formatChange","GOOD"
"38bed02b-96f8-405d-bd9e-435b260dd528","D16","MART","MART.AOS.groundwater.well.001","MART.W1.20180301.FIL",,"2018-03-01T18:12Z","2018-03-01T18:12Z","EcoCore_CSU","NO2 - N",0.0150,"milligramsPerLiter",1.0,,0,"formatChange","GOOD"
"845cfa6a-3fe1-48a1-a5bd-1c76e82c23c7","D16","MART","MART.AOS.groundwater.well.001","MART.W1.20180301.RAW",,"2018-03-01T18:12Z","2018-03-01T18:12Z","EcoCore_CSU","pH",6.4700,"pH",1.0,,0,"formatChange","GOOD"
"a6e73165-33da-49ba-86ab-6676a8010e98","D16","MART","MART.AOS.groundwater.well.001","MART.W1.20180301.FIL",,"2018-03-01T18:12Z","2018-03-01T18:12Z","EcoCore_CSU","DOC",0.7485,"milligramsPerLiter",1.0,,0,"formatChange","GOOD"
"24d59374-2fb4-4030-b462-aea75fe9f0d1","D16","MART","MART.AOS.groundwater.well.001","MART.W1.20180301.FIL",,"2018-03-01T18:12Z","2018-03-01T18:12Z","EcoCore_CSU","Mn",0.0005,"milligramsPerLiter",1.0,,0,"formatChange","GOOD"
"b13d4f88-c481-4cdc-94d3-02ea84e1d0f6","D16","MART","MART.AOS.groundwater.well.001","MART.W1.20180301.RAW",,"2018-03-01T18:12Z","2018-03-01T18:12Z","EcoCore_CSU","ANC",0.1500,"milliequivalentsPerLiter",1.0,,0,"formatChange","GOOD"
"380ff110-53fe-48bc-a077-d450113f3363","D16","MART","MART.AOS.groundwater.well.001","MART.W1.20180301.RAW",,"2018-03-01T18:12Z","2018-03-01T18:12Z","EcoCore_CSU","TN",0.8588,"milligramsPerLiter",1.0,,0,"formatChange","GOOD"
"abc8aab8-2ce5-4c3e-bd80-95ea29430995","D16","MART","MART.AOS.groundwater.well.001","MART.W1.20180301.PCN",,"2018-03-01T18:12Z","2018-03-01T18:12Z","EcoCore_CSU","TPN",0.2561,"milligram",1.0,,0,"formatChange","GOOD"
"9722a0ad-c6c2-441b-891b-b276ece64597","D16","MART","MART.AOS.groundwater.well.001","MART.W1.20180301.RAW",,"2018-03-01T18:12Z","2018-03-01T18:12Z","EcoCore_CSU","TSS - Dry Mass",45000.0000,"microgram",1.0,,0,"formatChange","GOOD"
"136943be-387e-4fc7-9892-2ea74aa98616","D16","MART","MART.AOS.groundwater.well.001","MART.W1.20180301.RAW",,"2018-03-01T18:12Z","2018-03-01T18:12Z","EcoCore_CSU","conductivity",37.0800,"microsiemensPerCentimeter",1.0,,0,"formatChange","GOOD"
"0f09ddb4-50eb-44e7-8b54-99a1a40bb36b","D16","MART","MART.AOS.groundwater.well.001","MART.W1.20180301.FIL",,"2018-03-01T18:12Z","2018-03-01T18:12Z","EcoCore_CSU","Cl",10.2500,"milligramsPerLiter",1.0,,0,"formatChange","GOOD"
"1e2067bc-37cc-441a-92b4-3545704ac027","D16","MART","MART.AOS.groundwater.well.001","MART.W1.20180301.FIL",,"2018-03-01T18:12Z","2018-03-01T18:12Z","EcoCore_CSU","UV Absorbance (280 nm)",0.0449,,1.0,,0,"formatChange","GOOD"
"78282ba7-1aec-49a0-8cbf-ba7edf79ad70","D16","MART","MART.AOS.groundwater.well.001","MART.W1.20180301.FIL",,"2018-03-01T18:12Z","2018-03-01T18:12Z","EcoCore_CSU","Si",7.0200,"milligramsPerLiter",1.0,,0,"formatChange","GOOD"
"1a968c87-9912-42ae-a3fb-b3c9edc9f358","D16","MART","MART.AOS.groundwater.well.001","MART.W1.20180301.FIL",,"2018-03-01T18:12Z","2018-03-01T18:12Z","EcoCore_CSU","TDP",0.0005,"milligramsPerLiter",1.0,,0,"formatChange","GOOD"
"54bb6c09-56e0-42da-9d28-60798af8ecf2","D16","MART","MART.AOS.groundwater.well.001","MART.W1.20180301.FIL",,"2018-03-01T18:12Z","2018-03-01T18:12Z","EcoCore_CSU","Na",2.9330,"milligramsPerLiter",1.0,,0,"formatChange","GOOD"
"612748c6-2b1a-46ef-8886-48167ca490c8","D16","MART","MART.AOS.groundwater.well.001","MART.W1.20180301.FIL",,"2018-03-01T18:12Z","2018-03-01T18:12Z","EcoCore_CSU","NH4 - N",0.0101,"milligramsPerLiter",1.0,,0,"formatChange","GOOD"
"498632d5-821c-4a88-a909-a596403691a4","D16","MART","MART.AOS.groundwater.well.001","MART.W1.20180301.FIL",,"2018-03-01T18:12Z","2018-03-01T18:12Z","EcoCore_CSU","K",0.0890,"milligramsPerLiter",1.0,,0,"formatChange","GOOD"
"cae7aa26-64ff-4244-8cc1-3dca94c3051c","D16","MART","MART.AOS.groundwater.well.001","MART.W1.20180301.FIL",,"2018-03-01T18:12Z","2018-03-01T18:12Z","EcoCore_CSU","Fe",0.0050,"milligramsPerLiter",1.0,,0,"formatChange","GOOD"
"4892544f-1b32-4316-9acb-ce0f8d1fa09a","D16","MART","MART.AOS.groundwater.well.001","MART.W1.20180301.PCN",,"2018-03-01T18:12Z","2018-03-01T18:12Z","EcoCore_CSU","TPC",1.4006,"milligram",1.0,,0,"formatChange","GOOD"
"785a7328-3eef-42db-bedb-57377f080901","D16","MART","MART.AOS.groundwater.well.001","MART.W1.20180301.FIL",,"2018-03-01T18:12Z","2018-03-01T18:12Z","EcoCore_CSU","Br",0.0050,"milligramsPerLiter",1.0,,0,"formatChange","GOOD"
"97f852e9-9eb1-4680-a59a-dbd797101e22","D16","MART","MART.AOS.groundwater.well.001","MART.W1.20180301.FIL",,"2018-03-01T18:12Z","2018-03-01T18:12Z","EcoCore_CSU","UV Absorbance (250 nm)",0.0561,,1.0,,0,"formatChange","GOOD"
"3d7b725b-ffc1-4177-b4f3-d583fb05786d","D16","MART","MART.AOS.groundwater.well.001","MART.W1.20180301.FIL",,"2018-03-01T18:12Z","2018-03-01T18:12Z","EcoCore_CSU","HCO3",7.9200,"milligramsPerLiter",1.0,,0,"formatChange","GOOD"
"0793d8f2-e7d5-4456-ba11-0381db7cbdad","D16","MART","MART.AOS.groundwater.well.001","MART.W1.20180301.FIL",,"2018-03-01T18:12Z","2018-03-01T18:12Z","EcoCore_CSU","DIC",3.9320,"milligramsPerLiter",1.0,,0,"formatChange","GOOD"
"bad2c6c8-ba17-407e-af92-ddd82ae2a4ec","D16","MART","MART.AOS.groundwater.well.001","MART.W1.20180301.RAW",,"2018-03-01T18:12Z","2018-03-01T18:12Z","EcoCore_CSU","TSS",900.0000,"milligramsPerLiter",1.0,,0,"formatChange","GOOD"
"00759264-0580-4898-9ed2-3c0c1ee35522","D16","MART","MART.AOS.groundwater.well.001","MART.W1.20180301.RAW",,"2018-03-01T18:12Z","2018-03-01T18:12Z","EcoCore_CSU","TP",0.0010,"milligramsPerLiter",1.0,,0,"formatChange","GOOD"
"065827cf-d355-4b9b-afdb-c6ce1787e07d","D16","MART","MART.AOS.groundwater.well.001","MART.W1.20180301.FIL",,"2018-03-01T18:12Z","2018-03-01T18:12Z","EcoCore_CSU","CO3",0.0050,"milligramsPerLiter",1.0,,0,"formatChange","GOOD"
"70216ecf-0cf2-498c-9e77-2a29771297ab","D16","MART","MART.AOS.groundwater.well.001","MART.W1.20180301.FIL",,"2018-03-01T18:12Z","2018-03-01T18:12Z","EcoCore_CSU","Mg",0.6250,"milligramsPerLiter",1.0,,0,"formatChange","GOOD"
"eb15c3a6-059b-4c00-9d07-4382f9ede5ea","D16","MART","MART.AOS.groundwater.well.001","MART.W1.20180301.FIL",,"2018-03-01T18:12Z","2018-03-01T18:12Z","EcoCore_CSU","Ortho - P",0.0290,"milligramsPerLiter",1.0,,0,"formatChange","GOOD"
"3dc3d340-6755-4378-a058-2ead320310a3","D16","MART","MART.AOS.groundwater.well.002","MART.W2.20180301.FIL",,"2018-03-01T18:35Z","2018-03-01T18:35Z","EcoCore_CSU","K",0.1630,"milligramsPerLiter",1.0,,0,"formatChange","GOOD"
"8a31107d-dad8-451e-91e7-f242a69ad3b4","D16","MART","MART.AOS.groundwater.well.002","MART.W2.20180301.FIL",,"2018-03-01T18:35Z","2018-03-01T18:35Z","EcoCore_CSU","Br",0.0050,"milligramsPerLiter",1.0,,0,"formatChange","GOOD"
"2e675915-be0e-4bb0-8150-9e19caa92dc1","D16","MART","MART.AOS.groundwater.well.002","MART.W2.20180301.FIL",,"2018-03-01T18:35Z","2018-03-01T18:35Z","EcoCore_CSU","NH4 - N",0.0014,"milligramsPerLiter",1.0,,0,"formatChange","GOOD"
"0269a8e9-2d06-4b67-b659-1f75209d0394","D16","MART","MART.AOS.groundwater.well.002","MART.W2.20180301.FIL",,"2018-03-01T18:35Z","2018-03-01T18:35Z","EcoCore_CSU","TDN",0.2406,"milligramsPerLiter",1.0,,0,"formatChange","GOOD"
"04f9b514-9f30-4144-a0b6-678a85b52cae","D16","MART","MART.AOS.groundwater.well.002","MART.W2.20180301.FIL",,"2018-03-01T18:35Z","2018-03-01T18:35Z","EcoCore_CSU","TDP",0.0005,"milligramsPerLiter",1.0,,0,"formatChange","GOOD"
"b8d94d26-f764-458a-a26b-2976fc40b207","D16","MART","MART.AOS.groundwater.well.002","MART.W2.20180301.RAW",,"2018-03-01T18:35Z","2018-03-01T18:35Z","EcoCore_CSU","TOC",3.6090,"milligramsPerLiter",1.0,,0,"formatChange","GOOD"
"e07cfa07-bdbd-4b45-bfb1-2943c5f03e1a","D16","MART","MART.AOS.groundwater.well.002","MART.W2.20180301.FIL",,"2018-03-01T18:35Z","2018-03-01T18:35Z","EcoCore_CSU","Ca",3.0060,"milligramsPerLiter",1.0,,0,"formatChange","GOOD"
"4144713b-e997-46ee-984f-239bf7267181","D16","MART","MART.AOS.groundwater.well.002","MART.W2.20180301.RAW",,"2018-03-01T18:35Z","2018-03-01T18:35Z","EcoCore_CSU","TSS - Dry Mass",127400.0000,"microgram",1.0,,0,"formatChange","GOOD"
"9d91024e-5b99-4205-a25e-ac796001277c","D16","MART","MART.AOS.groundwater.well.002","MART.W2.20180301.FIL",,"2018-03-01T18:35Z","2018-03-01T18:35Z","EcoCore_CSU","SO4",0.3500,"milligramsPerLiter",1.0,,0,"formatChange","GOOD"
"0572becd-fe5c-4d72-b2d4-2c3990f970d1","D16","MART","MART.AOS.groundwater.well.002","MART.W2.20180301.FIL",,"2018-03-01T18:35Z","2018-03-01T18:35Z","EcoCore_CSU","Mg",0.6150,"milligramsPerLiter",1.0,,0,"formatChange","GOOD"
"a323ff1c-8b1c-450c-b8c3-36019b357e87","D16","MART","MART.AOS.groundwater.well.002","MART.W2.20180301.FIL",,"2018-03-01T18:35Z","2018-03-01T18:35Z","EcoCore_CSU","Fe",0.2380,"milligramsPerLiter",1.0,,0,"formatChange","GOOD"
"0ef19bce-629f-4b9d-b6a8-fb96aa2d1f87","D16","MART","MART.AOS.groundwater.well.002","MART.W2.20180301.FIL",,"2018-03-01T18:35Z","2018-03-01T18:35Z","EcoCore_CSU","F",0.0050,"milligramsPerLiter",1.0,,0,"formatChange","GOOD"
"896a0975-1512-4768-8003-44b6398df9f0","D16","MART","MART.AOS.groundwater.well.002","MART.W2.20180301.FIL",,"2018-03-01T18:35Z","2018-03-01T18:35Z","EcoCore_CSU","Mn",0.0020,"milligramsPerLiter",1.0,,0,"formatChange","GOOD"
"ccac7771-87e1-4923-9dee-27c70013fdc0","D16","MART","MART.AOS.groundwater.well.002","MART.W2.20180301.FIL",,"2018-03-01T18:35Z","2018-03-01T18:35Z","EcoCore_CSU","Na",2.9480,"milligramsPerLiter",1.0,,0,"formatChange","GOOD"
"c92885fb-b77b-4546-b257-e77e7310adac","D16","MART","MART.AOS.groundwater.well.002","MART.W2.20180301.RAW",,"2018-03-01T18:35Z","2018-03-01T18:35Z","EcoCore_CSU","TP",0.0010,"milligramsPerLiter",1.0,,0,"formatChange","GOOD"
"d1ee578e-debd-4f05-8d68-79b4a214eb32","D16","MART","MART.AOS.groundwater.well.002","MART.W2.20180301.FIL",,"2018-03-01T18:35Z","2018-03-01T18:35Z","EcoCore_CSU","NO3+NO2 - N",0.1570,"milligramsPerLiter",1.0,,0,"formatChange","GOOD"
"f425e624-0ae1-4823-be2b-29ebbe0af8ab","D16","MART","MART.AOS.groundwater.well.002","MART.W2.20180301.FIL",,"2018-03-01T18:35Z","2018-03-01T18:35Z","EcoCore_CSU","TDS",25.9000,"milligramsPerLiter",1.0,,0,"formatChange","GOOD"
"764118c5-af4a-41a3-ba76-a0a094d30efa","D16","MART","MART.AOS.groundwater.well.002","MART.W2.20180301.RAW",,"2018-03-01T18:35Z","2018-03-01T18:35Z","EcoCore_CSU","TN",0.4470,"milligramsPerLiter",1.0,,0,"formatChange","GOOD"
"9c65012b-1db9-4658-be7b-240729cbfde4","D16","MART","MART.AOS.groundwater.well.002","MART.W2.20180301.PCN",,"2018-03-01T18:35Z","2018-03-01T18:35Z","EcoCore_CSU","TPC",1.0876,"milligram",1.0,,0,"formatChange","GOOD"
"3f49cfb7-aae7-4b5a-b444-0372894c4684","D16","MART","MART.AOS.groundwater.well.002","MART.W2.20180301.FIL",,"2018-03-01T18:35Z","2018-03-01T18:35Z","EcoCore_CSU","Si",7.4400,"milligramsPerLiter",1.0,,0,"formatChange","GOOD"
"7fce804c-bde1-401b-8490-49ca706d292c","D16","MART","MART.AOS.groundwater.well.002","MART.W2.20180301.FIL",,"2018-03-01T18:35Z","2018-03-01T18:35Z","EcoCore_CSU","NO2 - N",0.0154,"milligramsPerLiter",1.0,,0,"formatChange","GOOD"
"3576a9d8-6099-4268-9c70-e77f6037ef59","D16","MART","MART.AOS.groundwater.well.002","MART.W2.20180301.RAW",,"2018-03-01T18:35Z","2018-03-01T18:35Z","EcoCore_CSU","TSS",2548.0000,"milligramsPerLiter",1.0,,0,"formatChange","GOOD"
"afa2bfcf-3a53-44b3-879f-9897b16b6979","D16","MART","MART.AOS.groundwater.well.002","MART.W2.20180301.FIL",,"2018-03-01T18:35Z","2018-03-01T18:35Z","EcoCore_CSU","UV Absorbance (280 nm)",0.8051,,1.0,,0,"formatChange","GOOD"
"6983a453-ac8b-43f3-a100-3586d3302f03","D16","MART","MART.AOS.groundwater.well.002","MART.W2.20180301.FIL",,"2018-03-01T18:35Z","2018-03-01T18:35Z","EcoCore_CSU","HCO3",17.9700,"milligramsPerLiter",1.0,,0,"formatChange","GOOD"
"b522e6cf-f0ac-4945-b348-3bd36b567805","D16","MART","MART.AOS.groundwater.well.002","MART.W2.20180301.RAW",,"2018-03-01T18:35Z","2018-03-01T18:35Z","EcoCore_CSU","pH",6.7700,"pH",1.0,,0,"formatChange","GOOD"
"9d42b460-3f55-41a6-8cef-df825d2cb24e","D16","MART","MART.AOS.groundwater.well.002","MART.W2.20180301.RAW",,"2018-03-01T18:35Z","2018-03-01T18:35Z","EcoCore_CSU","ANC",0.3300,"milliequivalentsPerLiter",1.0,,0,"formatChange","GOOD"
"ab315742-1e64-4d2d-8d8e-d7def9cf6712","D16","MART","MART.AOS.groundwater.well.002","MART.W2.20180301.FIL",,"2018-03-01T18:35Z","2018-03-01T18:35Z","EcoCore_CSU","UV Absorbance (250 nm)",0.8832,,1.0,,0,"formatChange","GOOD"
"9b7dcfe1-6f8d-445d-9b13-e1270305d3ca","D16","MART","MART.AOS.groundwater.well.002","MART.W2.20180301.FIL",,"2018-03-01T18:35Z","2018-03-01T18:35Z","EcoCore_CSU","DOC",1.1670,"milligramsPerLiter",1.0,,0,"formatChange","GOOD"
"ede3568f-2217-4934-b95c-cb058209f882","D16","MART","MART.AOS.groundwater.well.002","MART.W2.20180301.RAW",,"2018-03-01T18:35Z","2018-03-01T18:35Z","EcoCore_CSU","conductivity",37.4400,"microsiemensPerCentimeter",1.0,,0,"formatChange","GOOD"
"520d3c85-233d-4b7b-8b8e-045ea2231daa","D16","MART","MART.AOS.groundwater.well.002","MART.W2.20180301.FIL",,"2018-03-01T18:35Z","2018-03-01T18:35Z","EcoCore_CSU","Ortho - P",0.0670,"milligramsPerLiter",1.0,,0,"formatChange","GOOD"
"c3ea6e4b-5b3e-4fec-a6de-91ac2ffbdbef","D16","MART","MART.AOS.groundwater.well.002","MART.W2.20180301.FIL",,"2018-03-01T18:35Z","2018-03-01T18:35Z","EcoCore_CSU","Cl",1.1200,"milligramsPerLiter",1.0,,0,"formatChange","GOOD"
"1a250dbd-2a1f-421e-aae2-819ba9473712","D16","MART","MART.AOS.groundwater.well.002","MART.W2.20180301.FIL",,"2018-03-01T18:35Z","2018-03-01T18:35Z","EcoCore_CSU","CO3",0.0050,"milligramsPerLiter",1.0,,0,"formatChange","GOOD"
"d11d5deb-baea-4943-8eef-fde9cc214d98","D16","MART","MART.AOS.groundwater.well.002","MART.W2.20180301.PCN",,"2018-03-01T18:35Z","2018-03-01T18:35Z","EcoCore_CSU","TPN",0.1748,"milligram",1.0,,0,"formatChange","GOOD"
"c8cdca7d-19f2-45b0-bcce-fa07823c4ab0","D16","MART","MART.AOS.groundwater.well.002","MART.W2.20180301.FIL",,"2018-03-01T18:35Z","2018-03-01T18:35Z","EcoCore_CSU","DIC",5.1170,"milligramsPerLiter",1.0,,0,"formatChange","GOOD"
"0f26c34a-c2b5-44fe-9eaa-f377e301d19a","D16","MART","MART.AOS.groundwater.well.005","MART.W5.20180301.RAW",,"2018-03-01T18:51Z","2018-03-01T18:51Z","EcoCore_CSU","TP",0.0020,"milligramsPerLiter",1.0,,0,"formatChange","GOOD"
"c5ea9c2e-4ef4-40ae-9a1b-7b8eb5248613","D16","MART","MART.AOS.groundwater.well.005","MART.W5.20180301.FIL",,"2018-03-01T18:51Z","2018-03-01T18:51Z","EcoCore_CSU","Si",7.5300,"milligramsPerLiter",1.0,,0,"formatChange","GOOD"
"fdf7df60-3e9b-44f5-ab47-af9176fcd236","D16","MART","MART.AOS.groundwater.well.005","MART.W5.20180301.FIL",,"2018-03-01T18:51Z","2018-03-01T18:51Z","EcoCore_CSU","Br",0.0050,"milligramsPerLiter",1.0,,0,"formatChange","GOOD"
"96037899-ce74-497c-82d0-02949bc020a9","D16","MART","MART.AOS.groundwater.well.005","MART.W5.20180301.FIL",,"2018-03-01T18:51Z","2018-03-01T18:51Z","EcoCore_CSU","TDP",0.0005,"milligramsPerLiter",1.0,,0,"formatChange","GOOD"
"241336dd-ea27-4dbc-9a0c-f827fb186cbe","D16","MART","MART.AOS.groundwater.well.005","MART.W5.20180301.FIL",,"2018-03-01T18:51Z","2018-03-01T18:51Z","EcoCore_CSU","F",0.0050,"milligramsPerLiter",1.0,,0,"formatChange","GOOD"
"137f6ca5-4463-48c4-bcd8-188be3e862b3","D16","MART","MART.AOS.groundwater.well.005","MART.W5.20180301.PCN",,"2018-03-01T18:51Z","2018-03-01T18:51Z","EcoCore_CSU","TPN",0.2073,"milligram",1.0,,0,"formatChange","GOOD"
"d2427096-4c5e-487a-8557-20e3567fa2af","D16","MART","MART.AOS.groundwater.well.005","MART.W5.20180301.FIL",,"2018-03-01T18:51Z","2018-03-01T18:51Z","EcoCore_CSU","HCO3",20.5000,"milligramsPerLiter",1.0,,0,"formatChange","GOOD"
"97b7d6e0-770c-44a4-82d8-8674573a1522","D16","MART","MART.AOS.groundwater.well.005","MART.W5.20180301.FIL",,"2018-03-01T18:51Z","2018-03-01T18:51Z","EcoCore_CSU","SO4",0.3100,"milligramsPerLiter",1.0,,0,"formatChange","GOOD"
"09449e09-2961-4477-93bf-2a18b7a396cd","D16","MART","MART.AOS.groundwater.well.005","MART.W5.20180301.FIL",,"2018-03-01T18:51Z","2018-03-01T18:51Z","EcoCore_CSU","NO2 - N",0.0229,"milligramsPerLiter",1.0,,0,"formatChange","GOOD"
"62311ff7-c4cb-4639-9a65-a43023bdb8df","D16","MART","MART.AOS.groundwater.well.005","MART.W5.20180301.FIL",,"2018-03-01T18:51Z","2018-03-01T18:51Z","EcoCore_CSU","TDS",16.2000,"milligramsPerLiter",1.0,,0,"formatChange","GOOD"
"3476fd2b-fb28-4ee7-b248-a621f9cca957","D16","MART","MART.AOS.groundwater.well.005","MART.W5.20180301.RAW",,"2018-03-01T18:51Z","2018-03-01T18:51Z","EcoCore_CSU","TSS - Dry Mass",274500.0000,"microgram",1.0,,0,"formatChange","GOOD"
"ed20246b-c8c5-4284-8120-abcb63e2d013","D16","MART","MART.AOS.groundwater.well.005","MART.W5.20180301.FIL",,"2018-03-01T18:51Z","2018-03-01T18:51Z","EcoCore_CSU","Mg",0.3660,"milligramsPerLiter",1.0,,0,"formatChange","GOOD"
"964edd2b-df63-45d0-b028-6a8aa63346fd","D16","MART","MART.AOS.groundwater.well.005","MART.W5.20180301.FIL",,"2018-03-01T18:51Z","2018-03-01T18:51Z","EcoCore_CSU","Ortho - P",0.4050,"milligramsPerLiter",1.0,,0,"formatChange","GOOD"
"22dfcc70-e0eb-4231-8eb1-7ce69d0c036c","D16","MART","MART.AOS.groundwater.well.005","MART.W5.20180301.FIL",,"2018-03-01T18:51Z","2018-03-01T18:51Z","EcoCore_CSU","Ca",1.5260,"milligramsPerLiter",1.0,,0,"formatChange","GOOD"
"8e4ee285-d002-4210-b46b-abe782a0cbf8","D16","MART","MART.AOS.groundwater.well.005","MART.W5.20180301.FIL",,"2018-03-01T18:51Z","2018-03-01T18:51Z","EcoCore_CSU","NO3+NO2 - N",0.0098,"milligramsPerLiter",1.0,,0,"formatChange","GOOD"
"1364a283-332a-4911-b73d-55349e3d980b","D16","MART","MART.AOS.groundwater.well.005","MART.W5.20180301.RAW",,"2018-03-01T18:51Z","2018-03-01T18:51Z","EcoCore_CSU","TN",0.2677,"milligramsPerLiter",1.0,,0,"formatChange","GOOD"
"49ab37df-44dc-4c0c-8771-acd6a1e5e575","D16","MART","MART.AOS.groundwater.well.005","MART.W5.20180301.FIL",,"2018-03-01T18:51Z","2018-03-01T18:51Z","EcoCore_CSU","NH4 - N",0.0894,"milligramsPerLiter",1.0,,0,"formatChange","GOOD"
"ebb73c7f-6daa-4721-bb33-6a02510d9427","D16","MART","MART.AOS.groundwater.well.005","MART.W5.20180301.FIL",,"2018-03-01T18:51Z","2018-03-01T18:51Z","EcoCore_CSU","DIC",5.0150,"milligramsPerLiter",1.0,,0,"formatChange","GOOD"
"a810c3fb-1fcf-4e3d-83c2-25f41faaecb8","D16","MART","MART.AOS.groundwater.well.005","MART.W5.20180301.FIL",,"2018-03-01T18:51Z","2018-03-01T18:51Z","EcoCore_CSU","CO3",0.0050,"milligramsPerLiter",1.0,,0,"formatChange","GOOD"
"01ed9cb2-298a-426e-8436-ab03bb899a09","D16","MART","MART.AOS.groundwater.well.005","MART.W5.20180301.RAW",,"2018-03-01T18:51Z","2018-03-01T18:51Z","EcoCore_CSU","ANC",0.3800,"milliequivalentsPerLiter",1.0,,0,"formatChange","GOOD"
"f99a4066-1074-49da-b343-1c07090c7375","D16","MART","MART.AOS.groundwater.well.005","MART.W5.20180301.FIL",,"2018-03-01T18:51Z","2018-03-01T18:51Z","EcoCore_CSU","Cl",5.2600,"milligramsPerLiter",1.0,,0,"formatChange","GOOD"
"10b1a8ac-c7ec-428d-b929-31fb0bec6aeb","D16","MART","MART.AOS.groundwater.well.005","MART.W5.20180301.RAW",,"2018-03-01T18:51Z","2018-03-01T18:51Z","EcoCore_CSU","TSS",5490.0000,"milligramsPerLiter",1.0,,0,"formatChange","GOOD"
"8627be97-1184-4887-bb3c-fcb03b9d723d","D16","MART","MART.AOS.groundwater.well.005","MART.W5.20180301.FIL",,"2018-03-01T18:51Z","2018-03-01T18:51Z","EcoCore_CSU","UV Absorbance (280 nm)",4.0441,,1.0,,0,"formatChange","GOOD"
"1d6c0125-3bf5-453c-b227-e55f0ecce4fa","D16","MART","MART.AOS.groundwater.well.005","MART.W5.20180301.FIL",,"2018-03-01T18:51Z","2018-03-01T18:51Z","EcoCore_CSU","Fe",0.9110,"milligramsPerLiter",1.0,,0,"formatChange","GOOD"
"88046b40-7c4f-43d3-ac31-5bf3b0595e68","D16","MART","MART.AOS.groundwater.well.005","MART.W5.20180301.FIL",,"2018-03-01T18:51Z","2018-03-01T18:51Z","EcoCore_CSU","DOC",1.9630,"milligramsPerLiter",1.0,,0,"formatChange","GOOD"
"8f11a6be-6674-45b6-8fdb-f8fa0f3e2a55","D16","MART","MART.AOS.groundwater.well.005","MART.W5.20180301.PCN",,"2018-03-01T18:51Z","2018-03-01T18:51Z","EcoCore_CSU","TPC",0.8163,"milligram",1.0,,0,"formatChange","GOOD"
"a8778b5f-99cc-485e-800b-4b6af6b63a5b","D16","MART","MART.AOS.groundwater.well.005","MART.W5.20180301.RAW",,"2018-03-01T18:51Z","2018-03-01T18:51Z","EcoCore_CSU","conductivity",22.6200,"microsiemensPerCentimeter",1.0,,0,"formatChange","GOOD"
"c11295cb-d24d-4acc-8426-b29b52262c96","D16","MART","MART.AOS.groundwater.well.005","MART.W5.20180301.FIL",,"2018-03-01T18:51Z","2018-03-01T18:51Z","EcoCore_CSU","UV Absorbance (250 nm)",4.5461,,1.0,,0,"formatChange","GOOD"
"08aad079-6cbe-422a-9387-cb3b754f066a","D16","MART","MART.AOS.groundwater.well.005","MART.W5.20180301.FIL",,"2018-03-01T18:51Z","2018-03-01T18:51Z","EcoCore_CSU","Na",1.7900,"milligramsPerLiter",1.0,,0,"formatChange","GOOD"
"950abaf3-08f1-4082-8332-194528744b24","D16","MART","MART.AOS.groundwater.well.005","MART.W5.20180301.RAW",,"2018-03-01T18:51Z","2018-03-01T18:51Z","EcoCore_CSU","TOC",3.2240,"milligramsPerLiter",1.0,,0,"formatChange","GOOD"
"dd3ec290-a6f4-421b-bc51-e704d3770354","D16","MART","MART.AOS.groundwater.well.005","MART.W5.20180301.RAW",,"2018-03-01T18:51Z","2018-03-01T18:51Z","EcoCore_CSU","pH",5.7100,"pH",1.0,,0,"formatChange","GOOD"
"7ad13673-e2bb-4759-8965-41b7d4dd0093","D16","MART","MART.AOS.groundwater.well.005","MART.W5.20180301.FIL",,"2018-03-01T18:51Z","2018-03-01T18:51Z","EcoCore_CSU","TDN",0.1538,"milligramsPerLiter",1.0,,0,"formatChange","GOOD"
"8ee2188c-a828-49e0-939b-187dda7d0cfb","D16","MART","MART.AOS.groundwater.well.005","MART.W5.20180301.FIL",,"2018-03-01T18:51Z","2018-03-01T18:51Z","EcoCore_CSU","K",0.2210,"milligramsPerLiter",1.0,,0,"formatChange","GOOD"
"45bbbeb8-580b-41bb-9872-934fedda8ffe","D16","MART","MART.AOS.groundwater.well.005","MART.W5.20180301.FIL",,"2018-03-01T18:51Z","2018-03-01T18:51Z","EcoCore_CSU","Mn",0.0070,"milligramsPerLiter",1.0,,0,"formatChange","GOOD"
"e465a241-9b8a-4f5c-9fc8-816aa56b8ab3","D16","MART","MART.AOS.groundwater.well.006","MART.W6.20180301.FIL",,"2018-03-01T19:11Z","2018-03-01T19:11Z","EcoCore_CSU","Si",8.3600,"milligramsPerLiter",1.0,,0,"formatChange","GOOD"
"b4f9c2cc-00cb-4ef1-ad33-41033640ebbb","D16","MART","MART.AOS.groundwater.well.006","MART.W6.20180301.FIL",,"2018-03-01T19:11Z","2018-03-01T19:11Z","EcoCore_CSU","NO3+NO2 - N",0.2572,"milligramsPerLiter",1.0,,0,"formatChange","GOOD"
"1eb2f92d-bb66-4b38-b8e2-b767af21e40e","D16","MART","MART.AOS.groundwater.well.006","MART.W6.20180301.FIL",,"2018-03-01T19:11Z","2018-03-01T19:11Z","EcoCore_CSU","DOC",1.5570,"milligramsPerLiter",1.0,,0,"formatChange","GOOD"
"30fd692c-3d29-4dbd-b755-56cce7a3da19","D16","MART","MART.AOS.groundwater.well.006","MART.W6.20180301.FIL",,"2018-03-01T19:11Z","2018-03-01T19:11Z","EcoCore_CSU","TDN",0.5231,"milligramsPerLiter",1.0,,0,"formatChange","GOOD"
"a203c2af-4f16-46f1-bdb6-5b42e2a4cd8f","D16","MART","MART.AOS.groundwater.well.006","MART.W6.20180301.PCN",,"2018-03-01T19:11Z","2018-03-01T19:11Z","EcoCore_CSU","TPN",0.4483,"milligram",1.0,,0,"formatChange","GOOD"
"ce979fcb-627a-49c6-bac8-94f2e58550c7","D16","MART","MART.AOS.groundwater.well.006","MART.W6.20180301.PCN",,"2018-03-01T19:11Z","2018-03-01T19:11Z","EcoCore_CSU","TPC",5.1578,"milligram",1.0,,0,"formatChange","GOOD"
"dc1e6e99-7c0d-4472-ac9a-a7ed9ab48b0d","D16","MART","MART.AOS.groundwater.well.006","MART.W6.20180301.FIL",,"2018-03-01T19:11Z","2018-03-01T19:11Z","EcoCore_CSU","Fe",0.9890,"milligramsPerLiter",1.0,,0,"formatChange","GOOD"
"01a671f2-e9d8-4bfe-9d43-7ca9704e360c","D16","MART","MART.AOS.groundwater.well.006","MART.W6.20180301.FIL",,"2018-03-01T19:11Z","2018-03-01T19:11Z","EcoCore_CSU","Ortho - P",0.2290,"milligramsPerLiter",1.0,,0,"formatChange","GOOD"
"70c9a5e6-1c84-4942-82c3-681f58d4d2fe","D16","MART","MART.AOS.groundwater.well.006","MART.W6.20180301.RAW",,"2018-03-01T19:11Z","2018-03-01T19:11Z","EcoCore_CSU","ANC",0.2600,"milliequivalentsPerLiter",1.0,,0,"formatChange","GOOD"
"0ae8b81a-e196-499f-bda8-977bb16bf4eb","D16","MART","MART.AOS.groundwater.well.006","MART.W6.20180301.FIL",,"2018-03-01T19:11Z","2018-03-01T19:11Z","EcoCore_CSU","CO3",0.0050,"milligramsPerLiter",1.0,,0,"formatChange","GOOD"
"a137ccfe-fc57-4d5d-9455-0c1f0f12a75c","D16","MART","MART.AOS.groundwater.well.006","MART.W6.20180301.RAW",,"2018-03-01T19:11Z","2018-03-01T19:11Z","EcoCore_CSU","TN",0.6286,"milligramsPerLiter",1.0,,0,"formatChange","GOOD"
"711a9bd2-33b6-440c-9b13-232b7a832a70","D16","MART","MART.AOS.groundwater.well.006","MART.W6.20180301.FIL",,"2018-03-01T19:11Z","2018-03-01T19:11Z","EcoCore_CSU","NO2 - N",0.0201,"milligramsPerLiter",1.0,,0,"formatChange","GOOD"
"e970faef-0d3a-44bc-9255-de3fd0744c55","D16","MART","MART.AOS.groundwater.well.006","MART.W6.20180301.FIL",,"2018-03-01T19:11Z","2018-03-01T19:11Z","EcoCore_CSU","HCO3",14.2700,"milligramsPerLiter",1.0,,0,"formatChange","GOOD"
"6872b78b-7f4f-4639-b8cb-c4021a5dfea8","D16","MART","MART.AOS.groundwater.well.006","MART.W6.20180301.FIL",,"2018-03-01T19:11Z","2018-03-01T19:11Z","EcoCore_CSU","K",0.4960,"milligramsPerLiter",1.0,,0,"formatChange","GOOD"
"2e977ef9-1fd7-4fc4-a96e-d6eca6c84253","D16","MART","MART.AOS.groundwater.well.006","MART.W6.20180301.RAW",,"2018-03-01T19:11Z","2018-03-01T19:11Z","EcoCore_CSU","TP",0.0010,"milligramsPerLiter",1.0,,0,"formatChange","GOOD"
"620bf0e4-65f5-4b3c-a687-252893767a42","D16","MART","MART.AOS.groundwater.well.006","MART.W6.20180301.FIL",,"2018-03-01T19:11Z","2018-03-01T19:11Z","EcoCore_CSU","TDP",0.0005,"milligramsPerLiter",1.0,,0,"formatChange","GOOD"
"df037945-6877-40fa-a860-905e008b7146","D16","MART","MART.AOS.groundwater.well.006","MART.W6.20180301.FIL",,"2018-03-01T19:11Z","2018-03-01T19:11Z","EcoCore_CSU","Br",0.0050,"milligramsPerLiter",1.0,,0,"formatChange","GOOD"
"ec93da45-632a-405f-850a-38c46fa49533","D16","MART","MART.AOS.groundwater.well.006","MART.W6.20180301.FIL",,"2018-03-01T19:11Z","2018-03-01T19:11Z","EcoCore_CSU","Cl",2.4800,"milligramsPerLiter",1.0,,0,"formatChange","GOOD"
"2a6e38b2-ecc2-4c77-9dd3-50582938e868","D16","MART","MART.AOS.groundwater.well.006","MART.W6.20180301.RAW",,"2018-03-01T19:11Z","2018-03-01T19:11Z","EcoCore_CSU","TSS",6430.0000,"milligramsPerLiter",1.0,,0,"formatChange","GOOD"
"eab69193-1ed4-43cc-9a2a-88b526a2b876","D16","MART","MART.AOS.groundwater.well.006","MART.W6.20180301.FIL",,"2018-03-01T19:11Z","2018-03-01T19:11Z","EcoCore_CSU","Na",2.5720,"milligramsPerLiter",1.0,,0,"formatChange","GOOD"
"cff0c07b-5794-4912-82dc-c6535b077733","D16","MART","MART.AOS.groundwater.well.006","MART.W6.20180301.RAW",,"2018-03-01T19:11Z","2018-03-01T19:11Z","EcoCore_CSU","pH",6.1000,"pH",1.0,,0,"formatChange","GOOD"
"e593d57f-7cf7-4e9f-b183-548d22f8b24e","D16","MART","MART.AOS.groundwater.well.006","MART.W6.20180301.RAW",,"2018-03-01T19:11Z","2018-03-01T19:11Z","EcoCore_CSU","conductivity",43.2000,"microsiemensPerCentimeter",1.0,,0,"formatChange","GOOD"
"c6fb770f-ba91-4b66-b30b-51ecf2f05945","D16","MART","MART.AOS.groundwater.well.006","MART.W6.20180301.RAW",,"2018-03-01T19:11Z","2018-03-01T19:11Z","EcoCore_CSU","TOC",2.9190,"milligramsPerLiter",1.0,,0,"formatChange","GOOD"
"cad9aba3-f38e-42d0-a640-e730c3d83cc3","D16","MART","MART.AOS.groundwater.well.006","MART.W6.20180301.FIL",,"2018-03-01T19:11Z","2018-03-01T19:11Z","EcoCore_CSU","NH4 - N",0.1332,"milligramsPerLiter",1.0,,0,"formatChange","GOOD"
"5dd226b5-6af7-4f20-a972-c1f357942b51","D16","MART","MART.AOS.groundwater.well.006","MART.W6.20180301.FIL",,"2018-03-01T19:11Z","2018-03-01T19:11Z","EcoCore_CSU","SO4",1.0700,"milligramsPerLiter",1.0,,0,"formatChange","GOOD"
"5aba37fe-2d03-40a7-9a6c-7b7d58e48647","D16","MART","MART.AOS.groundwater.well.006","MART.W6.20180301.FIL",,"2018-03-01T19:11Z","2018-03-01T19:11Z","EcoCore_CSU","Mn",0.0140,"milligramsPerLiter",1.0,,0,"formatChange","GOOD"
"4a617d43-0f0c-406e-a8c7-3b10c8e0db47","D16","MART","MART.AOS.groundwater.well.006","MART.W6.20180301.FIL",,"2018-03-01T19:11Z","2018-03-01T19:11Z","EcoCore_CSU","DIC",5.8180,"milligramsPerLiter",1.0,,0,"formatChange","GOOD"
"2b1fdcb1-96c2-4370-973c-4057185ead9a","D16","MART","MART.AOS.groundwater.well.006","MART.W6.20180301.FIL",,"2018-03-01T19:11Z","2018-03-01T19:11Z","EcoCore_CSU","UV Absorbance (250 nm)",7.2277,,1.0,,0,"formatChange","GOOD"
"ac1d2889-cf20-4129-939c-aec5bee8f01a","D16","MART","MART.AOS.groundwater.well.006","MART.W6.20180301.FIL",,"2018-03-01T19:11Z","2018-03-01T19:11Z","EcoCore_CSU","TDS",31.3000,"milligramsPerLiter",1.0,,0,"formatChange","GOOD"
"8e94ef7d-eaff-4d3c-ad03-aeb2e2eeadbc","D16","MART","MART.AOS.groundwater.well.006","MART.W6.20180301.RAW",,"2018-03-01T19:11Z","2018-03-01T19:11Z","EcoCore_CSU","TSS - Dry Mass",321500.0000,"microgram",1.0,,0,"formatChange","GOOD"
"b980cd47-4bcb-4dc9-b757-e98cd8308814","D16","MART","MART.AOS.groundwater.well.006","MART.W6.20180301.FIL",,"2018-03-01T19:11Z","2018-03-01T19:11Z","EcoCore_CSU","UV Absorbance (280 nm)",6.5538,,1.0,,0,"formatChange","GOOD"
"81205522-2da1-48e6-a537-8a180ca97eac","D16","MART","MART.AOS.groundwater.well.006","MART.W6.20180301.FIL",,"2018-03-01T19:11Z","2018-03-01T19:11Z","EcoCore_CSU","Ca",2.9640,"milligramsPerLiter",1.0,,0,"formatChange","GOOD"
"bf76b6e8-50e5-43a3-93f3-2a89315febaa","D16","MART","MART.AOS.groundwater.well.006","MART.W6.20180301.FIL",,"2018-03-01T19:11Z","2018-03-01T19:11Z","EcoCore_CSU","F",0.0050,"milligramsPerLiter",1.0,,0,"formatChange","GOOD"
"779c343c-bd2c-44e1-8d82-0bcce285978c","D16","MART","MART.AOS.groundwater.well.006","MART.W6.20180301.FIL",,"2018-03-01T19:11Z","2018-03-01T19:11Z","EcoCore_CSU","Mg",0.6410,"milligramsPerLiter",1.0,,0,"formatChange","GOOD"
