uid,domainID,siteID,namedLocation,collectDate,titrationDate,parentSampleID,domainSampleID,remarks,measuredBy,alkMeqPerL,alkMgPerL,ancMeqPerL,ancMgPerL
"84af5855-f729-471f-9dfa-b63d4dbcf638","D16","MART","MART.AOS.groundwater.well.001","2018-03-01T18:12Z","2018-03-02T17:26Z","MART.W1.20180301","MART.W1.20180301.ALK",,"sdoak@battelleecology.org",0.280,13.900,,
"c5925f73-1d46-4c52-b370-241fe3d3e6ca","D16","MART","MART.AOS.groundwater.well.002","2018-03-01T18:35Z","2018-03-02T17:58Z","MART.W2.20180301","MART.W2.20180301.ALK",,"sdoak@battelleecology.org",0.350,17.600,,
"7a1cad72-b16f-427f-a172-e945f8b2de8c","D16","MART","MART.AOS.groundwater.well.005","2018-03-01T18:51Z","2018-03-02T18:16Z","MART.W5.20180301","MART.W5.20180301.ALK","a lot of sediment in sample","sdoak@battelleecology.org",0.230,11.500,,
"c371a59f-5cdc-4320-a811-576f7927f72a","D16","MART","MART.AOS.groundwater.well.006","2018-03-01T19:11Z","2018-03-02T18:31Z","MART.W6.20180301","MART.W6.20180301.ALK","A lot of sediment present in sample. Visible sediment accumulation even while stirring","sdoak@battelleecology.org",0.730,36.300,,
