uid,domainID,siteID,namedLocation,collectDate,parentSampleID,sampleCondition,sampleID,replicateNumber,gwwDICBubbleFree,gwwFiltSampleHeadspace,gwwAlkSampleHeadspace,gwwAlkSampleBubbleFree,processedDate,processedDateFilters,sampleVolumeFiltered,shipmentTimeRange
"2a3f3be5-5952-4693-8650-9fa63c4022e8","D16","MART","MART.AOS.groundwater.well.001","2018-03-01T18:12Z","MART.W1.20180301","Sample condition ok","MART.W1.20180301",1,,,,,"2018-03-05T10:07Z","2018-03-05T10:07Z",50.0,
"662a4edd-0555-43d4-baf1-404ce3e6a98d","D16","MART","MART.AOS.groundwater.well.002","2018-03-01T18:35Z","MART.W2.20180301","Sample condition ok","MART.W2.20180301",1,,,,,"2018-03-05T09:17Z","2018-03-05T09:17Z",20.0,
"194cbc99-1d24-461b-978a-9020ee205b75","D16","MART","MART.AOS.groundwater.well.005","2018-03-01T18:51Z","MART.W5.20180301","Sample condition ok","MART.W5.20180301",1,,,,,"2018-03-01T10:03Z","2018-03-01T10:03Z",10.0,
"8d781e0d-79b3-4ce4-a0c7-8f664554f1aa","D16","MART","MART.AOS.groundwater.well.006","2018-03-01T19:11Z","MART.W6.20180301","Sample condition ok","MART.W6.20180301",1,,,,,"2018-03-01T10:20Z","2018-03-01T10:20Z",10.0,
