uid,domainID,siteID,namedLocation,decimalLatitude,decimalLongitude,coordinateUncertainty,elevation,elevationUncertainty,geodeticDatum,collectDate,aquaticSiteType,samplingImpractical,waterChemSamplesCollected,adequateSampleVol,parentSampleID,eventID,swcSamplingProtocolVersion,sampleExtractionMethod,samplerType,totalWellDepth,wellWaterDepth,waterColumnHeight,sampleDepth,purgeAverageDischargeRate,purgeTime,gwWellStabilized,purgeDryDateTime,pumpPlacementDate,screenedIntervalDepth,maxAllowableDrawdown,actualDrawdown,MADExceeded,wellVolumePurged,probeIDUnavailable,dissolvedOxygen,dissolvedOxygenSaturation,specificConductance,waterTemp,pH,waterClarityDescrip,waterColorDescrip,aCollectedBy,bCollectedBy,remarks
"db3c1aad-766a-4a16-910d-b2d38229db43","D16","MART","MART.AOS.groundwater.well.001",45.790810,-121.933269,0.1,350.1,0.1,"WGS84","2018-03-01T18:12Z","stream",,,,"MART.W1.20180301","MART.20180301","NEON.DOC.002905vE","bailer tube","Groundwater Bailer Tube",2.6,2.3,0.2,,,,,,,,,,,6.0,,9.26,75.50,49.00,3.70,,"cloudy","brown","dstetson@neoninc.org","dcrandall@battelleecology.org","680mL removed to rinse Well depth and depth to water taken 20171219"
"e280696e-4e0f-493a-b316-5a0877570806","D16","MART","MART.AOS.groundwater.well.002",45.791044,-121.933737,0.1,350.4,0.1,"WGS84","2018-03-01T18:35Z","stream",,,,"MART.W2.20180301","MART.20180301","NEON.DOC.002905vE","bailer tube","Groundwater Bailer Tube",2.5,1.6,0.9,,,,,,,,,,,,,8.93,72.10,41.10,4.80,,"cloudy","brown","dcrandall@battelleecology.org","dstetson@neoninc.org","3 bailers removed to rinse Well depth and depth to water taken 20171219"
"01d59541-53a9-4b1a-a3ae-19645927fbe1","D16","MART","MART.AOS.groundwater.well.005",45.792499,-121.929849,0.1,340.5,0.1,"WGS84","2018-03-01T18:51Z","stream",,,,"MART.W5.20180301","MART.20180301","NEON.DOC.002905vE","purge dry","Groundwater Bailer Tube",2.5,2.4,0.1,,,,,,,,,,,6.0,,7.84,63.00,41.00,5.00,,"cloudy","brown","dcrandall@battelleecology.org","dstetson@neoninc.org","600ml removed for rinse Well depth and depth to water taken 20171219"
"aeb2d376-36aa-4ff4-a3c1-91713b91f1b4","D16","MART","MART.AOS.groundwater.well.006",45.792141,-121.929491,0.1,339.7,0.1,"WGS84","2018-03-01T19:11Z","stream",,,,"MART.W6.20180301","MART.20180301","NEON.DOC.002905vE","purge dry","Groundwater Bailer Tube",2.6,2.6,0.0,,,,,,,,,,,3.0,,7.63,61.00,53.90,4.00,,"cloudy","brown","dcrandall@battelleecology.org","dstetson@neoninc.org","680mL removed for rinse Well depth and depth to water taken 20171219"
