uid,domainID,siteID,namedLocation,sampleID,sampleCode,startDate,collectDate,laboratoryName,analyte,analyteConcentration,analyteUnits,coolerTemp,remarks,shipmentWarmQF,externalLabDataQF,sampleCondition
"c1976b4f-c8cb-4388-968e-4a69cb5640c5","D13","WLOU","WLOU.AOS.groundwater.well.001","WLOU.W1.20170503.FIL",,"2017-05-03T13:25Z","2017-05-03T13:25Z","EcoCore_CSU","UV Absorbance (280 nm)",0.0471,,1.6,,0,"formatChange|legacyData","GOOD"
"105ec5e4-0676-43d1-9abf-0db64b596c06","D13","WLOU","WLOU.AOS.groundwater.well.001","WLOU.W1.20170503.FIL",,"2017-05-03T13:25Z","2017-05-03T13:25Z","EcoCore_CSU","TDN",0.2161,"milligramsPerLiter",1.6,,0,"formatChange|legacyData","GOOD"
"0889d453-bdf1-4c58-b582-2933babf52c1","D13","WLOU","WLOU.AOS.groundwater.well.001","WLOU.W1.20170503.FIL",,"2017-05-03T13:25Z","2017-05-03T13:25Z","EcoCore_CSU","Mn",0.0005,"milligramsPerLiter",1.6,,0,"formatChange|legacyData","GOOD"
"2b53ccbf-d951-486f-ad86-b64964da5f8d","D13","WLOU","WLOU.AOS.groundwater.well.001","WLOU.W1.20170503.FIL",,"2017-05-03T13:25Z","2017-05-03T13:25Z","EcoCore_CSU","Cl",0.3865,"milligramsPerLiter",1.6,,0,"formatChange|legacyData","GOOD"
"8110c7df-a18c-40a2-af96-cc9d08b2a20c","D13","WLOU","WLOU.AOS.groundwater.well.001","WLOU.W1.20170503.PCN",,"2017-05-03T13:25Z","2017-05-03T13:25Z","EcoCore_CSU","TPN",0.1565,"milligram",1.6,,0,"formatChange|legacyData","GOOD"
"15d8f5c4-acc7-4844-92bb-0459aab81a49","D13","WLOU","WLOU.AOS.groundwater.well.001","WLOU.W1.20170503.RAW",,"2017-05-03T13:25Z","2017-05-03T13:25Z","EcoCore_CSU","ANC",1.1700,"milliequivalentsPerLiter",1.6,,0,"formatChange|legacyData","GOOD"
"4f3bee34-0c62-432d-a6ec-38b6ce803dc2","D13","WLOU","WLOU.AOS.groundwater.well.001","WLOU.W1.20170503.FIL",,"2017-05-03T13:25Z","2017-05-03T13:25Z","EcoCore_CSU","DIC",12.5100,"milligramsPerLiter",1.6,,0,"formatChange|legacyData","GOOD"
"f5660eda-609b-4862-9ac8-28703dbba1f6","D13","WLOU","WLOU.AOS.groundwater.well.001","WLOU.W1.20170503.FIL",,"2017-05-03T13:25Z","2017-05-03T13:25Z","EcoCore_CSU","DOC",1.8390,"milligramsPerLiter",1.6,,0,"formatChange|legacyData","GOOD"
"519c2ddf-6630-4c1e-b9f7-8a8e8c2260a5","D13","WLOU","WLOU.AOS.groundwater.well.001","WLOU.W1.20170503.RAW",,"2017-05-03T13:25Z","2017-05-03T13:25Z","EcoCore_CSU","TP",0.0060,"milligramsPerLiter",1.6,,0,"formatChange|legacyData","GOOD"
"216804db-0fec-4d3e-9b0d-e6864606b56b","D13","WLOU","WLOU.AOS.groundwater.well.001","WLOU.W1.20170503.FIL",,"2017-05-03T13:25Z","2017-05-03T13:25Z","EcoCore_CSU","Fe",0.0022,"milligramsPerLiter",1.6,,0,"formatChange|legacyData","GOOD"
"6167329e-ee09-4b0a-bbca-8056ee42d3fb","D13","WLOU","WLOU.AOS.groundwater.well.001","WLOU.W1.20170503.FIL",,"2017-05-03T13:25Z","2017-05-03T13:25Z","EcoCore_CSU","NO3+NO2 - N",-0.0030,"milligramsPerLiter",1.6,,0,"formatChange|legacyData","GOOD"
"70508ad4-c5ef-493c-ba06-61bae001792f","D13","WLOU","WLOU.AOS.groundwater.well.001","WLOU.W1.20170503.FIL",,"2017-05-03T13:25Z","2017-05-03T13:25Z","EcoCore_CSU","Si",4.3268,"milligramsPerLiter",1.6,,0,"formatChange|legacyData","GOOD"
"2696827e-5289-42fd-adc0-fa1d77b524be","D13","WLOU","WLOU.AOS.groundwater.well.001","WLOU.W1.20170503.FIL",,"2017-05-03T13:25Z","2017-05-03T13:25Z","EcoCore_CSU","Ca",16.0680,"milligramsPerLiter",1.6,,0,"formatChange|legacyData","GOOD"
"b486409e-3526-4917-b58f-6788555025c9","D13","WLOU","WLOU.AOS.groundwater.well.001","WLOU.W1.20170503.FIL",,"2017-05-03T13:25Z","2017-05-03T13:25Z","EcoCore_CSU","NH4 - N",0.0490,"milligramsPerLiter",1.6,,0,"formatChange|legacyData","GOOD"
"e4c5775c-eec6-43e4-a839-2bc46b361c23","D13","WLOU","WLOU.AOS.groundwater.well.001","WLOU.W1.20170503.FIL",,"2017-05-03T13:25Z","2017-05-03T13:25Z","EcoCore_CSU","TDP",0.0045,"milligramsPerLiter",1.6,,0,"formatChange|legacyData","GOOD"
"85c5013f-b674-4146-8add-bcb24bee3718","D13","WLOU","WLOU.AOS.groundwater.well.001","WLOU.W1.20170503.FIL",,"2017-05-03T13:25Z","2017-05-03T13:25Z","EcoCore_CSU","TDS",80.6200,"milligramsPerLiter",1.6,,0,"formatChange|legacyData","GOOD"
"6fbd9129-8c65-43a2-a593-be52a116a2d6","D13","WLOU","WLOU.AOS.groundwater.well.001","WLOU.W1.20170503.FIL",,"2017-05-03T13:25Z","2017-05-03T13:25Z","EcoCore_CSU","NO2 - N",0.0070,"milligramsPerLiter",1.6,,0,"formatChange|legacyData","GOOD"
"e205bfd2-ec0a-42ed-882c-6bc348983162","D13","WLOU","WLOU.AOS.groundwater.well.001","WLOU.W1.20170503.FIL",,"2017-05-03T13:25Z","2017-05-03T13:25Z","EcoCore_CSU","HCO3",65.2830,"milligramsPerLiter",1.6,,0,"formatChange|legacyData","GOOD"
"78488061-2ec9-4ba8-b486-da06f6bd896e","D13","WLOU","WLOU.AOS.groundwater.well.001","WLOU.W1.20170503.RAW",,"2017-05-03T13:25Z","2017-05-03T13:25Z","EcoCore_CSU","TSS - Dry Mass",400.0000,"microgram",1.6,,0,"formatChange|legacyData","GOOD"
"6a453743-64a7-4187-aaad-cdbe2c3ecca6","D13","WLOU","WLOU.AOS.groundwater.well.001","WLOU.W1.20170503.RAW",,"2017-05-03T13:25Z","2017-05-03T13:25Z","EcoCore_CSU","pH",7.2700,"pH",1.6,,0,"formatChange|legacyData","GOOD"
"c8657a8d-a439-42f5-9dd1-3af46d51e52b","D13","WLOU","WLOU.AOS.groundwater.well.001","WLOU.W1.20170503.FIL",,"2017-05-03T13:25Z","2017-05-03T13:25Z","EcoCore_CSU","CO3",0.0000,"milligramsPerLiter",1.6,,0,"formatChange|legacyData","GOOD"
"6d50efac-8f49-4f4d-9da6-52fa42f37ade","D13","WLOU","WLOU.AOS.groundwater.well.001","WLOU.W1.20170503.FIL",,"2017-05-03T13:25Z","2017-05-03T13:25Z","EcoCore_CSU","Ortho - P",0.0140,"milligramsPerLiter",1.6,,0,"formatChange|legacyData","GOOD"
"49ab787a-6365-411a-b473-224f4ec064c9","D13","WLOU","WLOU.AOS.groundwater.well.001","WLOU.W1.20170503.FIL",,"2017-05-03T13:25Z","2017-05-03T13:25Z","EcoCore_CSU","SO4",2.3729,"milligramsPerLiter",1.6,,0,"formatChange|legacyData","GOOD"
"122a4ada-5c0f-4935-8387-b78ce5c13594","D13","WLOU","WLOU.AOS.groundwater.well.001","WLOU.W1.20170503.RAW",,"2017-05-03T13:25Z","2017-05-03T13:25Z","EcoCore_CSU","TOC",2.1290,"milligramsPerLiter",1.6,,0,"formatChange|legacyData","GOOD"
"51b9d23d-d027-4f09-9b63-b41884bbb181","D13","WLOU","WLOU.AOS.groundwater.well.001","WLOU.W1.20170503.FIL",,"2017-05-03T13:25Z","2017-05-03T13:25Z","EcoCore_CSU","Br",0.0050,"milligramsPerLiter",1.6,,0,"formatChange|legacyData","GOOD"
"b8388241-df77-400b-b0ff-3cc2a06445ba","D13","WLOU","WLOU.AOS.groundwater.well.001","WLOU.W1.20170503.FIL",,"2017-05-03T13:25Z","2017-05-03T13:25Z","EcoCore_CSU","Na",1.8411,"milligramsPerLiter",1.6,,0,"formatChange|legacyData","GOOD"
"0766d277-18b0-4347-aef7-1701cceb01fd","D13","WLOU","WLOU.AOS.groundwater.well.001","WLOU.W1.20170503.FIL",,"2017-05-03T13:25Z","2017-05-03T13:25Z","EcoCore_CSU","Mg",2.6065,"milligramsPerLiter",1.6,,0,"formatChange|legacyData","GOOD"
"c3fba59f-6495-4531-aa0d-a13a1cf9a26c","D13","WLOU","WLOU.AOS.groundwater.well.001","WLOU.W1.20170503.FIL",,"2017-05-03T13:25Z","2017-05-03T13:25Z","EcoCore_CSU","UV Absorbance (250 nm)",0.0638,,1.6,,0,"formatChange|legacyData","GOOD"
"bf238c66-19f8-4a76-9233-e8143b69e51c","D13","WLOU","WLOU.AOS.groundwater.well.001","WLOU.W1.20170503.RAW",,"2017-05-03T13:25Z","2017-05-03T13:25Z","EcoCore_CSU","TN",0.1702,"milligramsPerLiter",1.6,,0,"formatChange|legacyData","GOOD"
"9f47c439-c892-4f40-85d5-cdc9c0042e3a","D13","WLOU","WLOU.AOS.groundwater.well.001","WLOU.W1.20170503.FIL",,"2017-05-03T13:25Z","2017-05-03T13:25Z","EcoCore_CSU","F",0.0050,"milligramsPerLiter",1.6,,0,"formatChange|legacyData","GOOD"
"d245fdd7-e96a-41c2-88e7-964e8239fee4","D13","WLOU","WLOU.AOS.groundwater.well.001","WLOU.W1.20170503.PCN",,"2017-05-03T13:25Z","2017-05-03T13:25Z","EcoCore_CSU","TPC",0.6076,"milligram",1.6,,0,"formatChange|legacyData","GOOD"
"62f09c11-c2f2-4a51-82d1-0ea3f7dc9a17","D13","WLOU","WLOU.AOS.groundwater.well.001","WLOU.W1.20170503.RAW",,"2017-05-03T13:25Z","2017-05-03T13:25Z","EcoCore_CSU","TSS",16.0000,"milligramsPerLiter",1.6,,0,"formatChange|legacyData","GOOD"
"fc15b4f1-edec-45bb-aa11-d889299054d7","D13","WLOU","WLOU.AOS.groundwater.well.001","WLOU.W1.20170503.RAW",,"2017-05-03T13:25Z","2017-05-03T13:25Z","EcoCore_CSU","conductivity",118.8200,"microsiemensPerCentimeter",1.6,,0,"formatChange|legacyData","GOOD"
"3c7a8ab0-7d27-44ad-8790-555447385706","D13","WLOU","WLOU.AOS.groundwater.well.001","WLOU.W1.20170503.FIL",,"2017-05-03T13:25Z","2017-05-03T13:25Z","EcoCore_CSU","K",0.8553,"milligramsPerLiter",1.6,,0,"formatChange|legacyData","GOOD"
"487fcb8f-0b8b-47a0-b08c-256c73c07ff9","D13","WLOU","WLOU.AOS.groundwater.well.002","WLOU.W2.20170503.FIL",,"2017-05-03T14:30Z","2017-05-03T14:30Z","EcoCore_CSU","HCO3",62.6190,"milligramsPerLiter",1.6,,0,"formatChange|legacyData","GOOD"
"a2685184-d2e0-4081-af2d-65e60e85e6d4","D13","WLOU","WLOU.AOS.groundwater.well.002","WLOU.W2.20170503.FIL",,"2017-05-03T14:30Z","2017-05-03T14:30Z","EcoCore_CSU","Cl",0.2521,"milligramsPerLiter",1.6,,0,"formatChange|legacyData","GOOD"
"7b16bf46-6dcd-4733-bc00-d430967cc7a7","D13","WLOU","WLOU.AOS.groundwater.well.002","WLOU.W2.20170503.FIL",,"2017-05-03T14:30Z","2017-05-03T14:30Z","EcoCore_CSU","TDN",0.1745,"milligramsPerLiter",1.6,,0,"formatChange|legacyData","GOOD"
"3106d829-cdce-4ad1-b8ba-d118e010bcb8","D13","WLOU","WLOU.AOS.groundwater.well.002","WLOU.W2.20170503.FIL",,"2017-05-03T14:30Z","2017-05-03T14:30Z","EcoCore_CSU","Si",4.2069,"milligramsPerLiter",1.6,,0,"formatChange|legacyData","GOOD"
"8c079d75-9730-4cde-a719-777c1e5f0ab8","D13","WLOU","WLOU.AOS.groundwater.well.002","WLOU.W2.20170503.FIL",,"2017-05-03T14:30Z","2017-05-03T14:30Z","EcoCore_CSU","Ortho - P",0.0150,"milligramsPerLiter",1.6,,0,"formatChange|legacyData","GOOD"
"0af8a7c0-95f0-4c75-b817-4ad264fb0d2f","D13","WLOU","WLOU.AOS.groundwater.well.002","WLOU.W2.20170503.FIL",,"2017-05-03T14:30Z","2017-05-03T14:30Z","EcoCore_CSU","Mn",0.0008,"milligramsPerLiter",1.6,,0,"formatChange|legacyData","GOOD"
"b16386a7-5128-42ee-8e66-acae0ae4928c","D13","WLOU","WLOU.AOS.groundwater.well.002","WLOU.W2.20170503.FIL",,"2017-05-03T14:30Z","2017-05-03T14:30Z","EcoCore_CSU","Mg",2.6019,"milligramsPerLiter",1.6,,0,"formatChange|legacyData","GOOD"
"fe83f44e-19c4-4525-82e8-39282e6286ef","D13","WLOU","WLOU.AOS.groundwater.well.002","WLOU.W2.20170503.FIL",,"2017-05-03T14:30Z","2017-05-03T14:30Z","EcoCore_CSU","UV Absorbance (280 nm)",0.0308,,1.6,,0,"formatChange|legacyData","GOOD"
"8af30ec1-6951-4955-90b2-03e5fcf77af6","D13","WLOU","WLOU.AOS.groundwater.well.002","WLOU.W2.20170503.RAW",,"2017-05-03T14:30Z","2017-05-03T14:30Z","EcoCore_CSU","TSS",0.0000,"milligramsPerLiter",1.6,,0,"formatChange|legacyData","GOOD"
"c59893b4-66f0-463f-8dad-34dd749800e4","D13","WLOU","WLOU.AOS.groundwater.well.002","WLOU.W2.20170503.FIL",,"2017-05-03T14:30Z","2017-05-03T14:30Z","EcoCore_CSU","Fe",0.0016,"milligramsPerLiter",1.6,,0,"formatChange|legacyData","GOOD"
"1c4cb501-c984-4cea-87ae-869ad347be57","D13","WLOU","WLOU.AOS.groundwater.well.002","WLOU.W2.20170503.FIL",,"2017-05-03T14:30Z","2017-05-03T14:30Z","EcoCore_CSU","Na",1.5637,"milligramsPerLiter",1.6,,0,"formatChange|legacyData","GOOD"
"46475945-cebf-415f-8c0d-4c8b2be5cb5c","D13","WLOU","WLOU.AOS.groundwater.well.002","WLOU.W2.20170503.RAW",,"2017-05-03T14:30Z","2017-05-03T14:30Z","EcoCore_CSU","pH",7.1300,"pH",1.6,,0,"formatChange|legacyData","GOOD"
"b7071341-6fa0-4211-ae8a-9b6c3b71769a","D13","WLOU","WLOU.AOS.groundwater.well.002","WLOU.W2.20170503.FIL",,"2017-05-03T14:30Z","2017-05-03T14:30Z","EcoCore_CSU","Br",0.0050,"milligramsPerLiter",1.6,,0,"formatChange|legacyData","GOOD"
"e46687f4-498f-4742-a665-3311a26d0b92","D13","WLOU","WLOU.AOS.groundwater.well.002","WLOU.W2.20170503.RAW",,"2017-05-03T14:30Z","2017-05-03T14:30Z","EcoCore_CSU","TSS - Dry Mass",0.0000,"microgram",1.6,,0,"formatChange|legacyData","GOOD"
"80cdadde-505d-4c23-9b59-f37e221b55b2","D13","WLOU","WLOU.AOS.groundwater.well.002","WLOU.W2.20170503.RAW",,"2017-05-03T14:30Z","2017-05-03T14:30Z","EcoCore_CSU","conductivity",112.9300,"microsiemensPerCentimeter",1.6,,0,"formatChange|legacyData","GOOD"
"40999c37-cc91-4588-b0ff-020498c4cc81","D13","WLOU","WLOU.AOS.groundwater.well.002","WLOU.W2.20170503.RAW",,"2017-05-03T14:30Z","2017-05-03T14:30Z","EcoCore_CSU","TOC",1.8890,"milligramsPerLiter",1.6,,0,"formatChange|legacyData","GOOD"
"70f6a557-f811-4a12-826d-341b2ed9a961","D13","WLOU","WLOU.AOS.groundwater.well.002","WLOU.W2.20170503.FIL",,"2017-05-03T14:30Z","2017-05-03T14:30Z","EcoCore_CSU","K",0.8461,"milligramsPerLiter",1.6,,0,"formatChange|legacyData","GOOD"
"5edb58ea-fe88-4014-9d09-2857bdc7845f","D13","WLOU","WLOU.AOS.groundwater.well.002","WLOU.W2.20170503.FIL",,"2017-05-03T14:30Z","2017-05-03T14:30Z","EcoCore_CSU","DIC",11.8900,"milligramsPerLiter",1.6,,0,"formatChange|legacyData","GOOD"
"e1c6722c-d1af-460c-a124-dce39c3ba2cc","D13","WLOU","WLOU.AOS.groundwater.well.002","WLOU.W2.20170503.FIL",,"2017-05-03T14:30Z","2017-05-03T14:30Z","EcoCore_CSU","NH4 - N",0.0270,"milligramsPerLiter",1.6,,0,"formatChange|legacyData","GOOD"
"e541b758-7c8c-4cad-a97a-c03511976c7e","D13","WLOU","WLOU.AOS.groundwater.well.002","WLOU.W2.20170503.FIL",,"2017-05-03T14:30Z","2017-05-03T14:30Z","EcoCore_CSU","UV Absorbance (250 nm)",0.0454,,1.6,,0,"formatChange|legacyData","GOOD"
"00269b2c-5f78-4883-b4e2-23ce31319e99","D13","WLOU","WLOU.AOS.groundwater.well.002","WLOU.W2.20170503.FIL",,"2017-05-03T14:30Z","2017-05-03T14:30Z","EcoCore_CSU","CO3",0.0000,"milligramsPerLiter",1.6,,0,"formatChange|legacyData","GOOD"
"a1bebaec-a674-49cb-882f-3c1b5da57e3f","D13","WLOU","WLOU.AOS.groundwater.well.002","WLOU.W2.20170503.RAW",,"2017-05-03T14:30Z","2017-05-03T14:30Z","EcoCore_CSU","TN",0.0786,"milligramsPerLiter",1.6,,0,"formatChange|legacyData","GOOD"
"2cde7666-f0ca-42c2-a1f6-a540acb8375c","D13","WLOU","WLOU.AOS.groundwater.well.002","WLOU.W2.20170503.FIL",,"2017-05-03T14:30Z","2017-05-03T14:30Z","EcoCore_CSU","DOC",1.6340,"milligramsPerLiter",1.6,,0,"formatChange|legacyData","GOOD"
"d0730f80-754c-4ef5-a0db-154addc4d33c","D13","WLOU","WLOU.AOS.groundwater.well.002","WLOU.W2.20170503.PCN",,"2017-05-03T14:30Z","2017-05-03T14:30Z","EcoCore_CSU","TPC",0.8151,"milligram",1.6,,0,"formatChange|legacyData","GOOD"
"6702bc5c-9bf7-4548-bbfa-d25e0f07078a","D13","WLOU","WLOU.AOS.groundwater.well.002","WLOU.W2.20170503.FIL",,"2017-05-03T14:30Z","2017-05-03T14:30Z","EcoCore_CSU","TDS",75.4000,"milligramsPerLiter",1.6,,0,"formatChange|legacyData","GOOD"
"e2b8a5dd-1b11-47a4-a16e-a85ce047c8d3","D13","WLOU","WLOU.AOS.groundwater.well.002","WLOU.W2.20170503.FIL",,"2017-05-03T14:30Z","2017-05-03T14:30Z","EcoCore_CSU","NO3+NO2 - N",-0.0060,"milligramsPerLiter",1.6,,0,"formatChange|legacyData","GOOD"
"02a830d5-cb49-4be8-87ef-3c296476421c","D13","WLOU","WLOU.AOS.groundwater.well.002","WLOU.W2.20170503.PCN",,"2017-05-03T14:30Z","2017-05-03T14:30Z","EcoCore_CSU","TPN",0.1973,"milligram",1.6,,0,"formatChange|legacyData","GOOD"
"79cb4255-a75d-484f-9f9a-a51717b2a722","D13","WLOU","WLOU.AOS.groundwater.well.002","WLOU.W2.20170503.RAW",,"2017-05-03T14:30Z","2017-05-03T14:30Z","EcoCore_CSU","ANC",1.1270,"milliequivalentsPerLiter",1.6,,0,"formatChange|legacyData","GOOD"
"afce5143-fd78-479b-9513-a3fe76a4b24d","D13","WLOU","WLOU.AOS.groundwater.well.002","WLOU.W2.20170503.FIL",,"2017-05-03T14:30Z","2017-05-03T14:30Z","EcoCore_CSU","SO4",2.5822,"milligramsPerLiter",1.6,,0,"formatChange|legacyData","GOOD"
"5a3a07ed-c754-4edb-aa6a-2ca4fee7f5ff","D13","WLOU","WLOU.AOS.groundwater.well.002","WLOU.W2.20170503.FIL",,"2017-05-03T14:30Z","2017-05-03T14:30Z","EcoCore_CSU","TDP",0.0010,"milligramsPerLiter",1.6,,0,"formatChange|legacyData","GOOD"
"abf16bcb-c9c0-4664-a710-9f8b5d77e7d4","D13","WLOU","WLOU.AOS.groundwater.well.002","WLOU.W2.20170503.FIL",,"2017-05-03T14:30Z","2017-05-03T14:30Z","EcoCore_CSU","Ca",15.2880,"milligramsPerLiter",1.6,,0,"formatChange|legacyData","GOOD"
"3af1e49a-bf5a-4d3d-bedb-a131a3921a58","D13","WLOU","WLOU.AOS.groundwater.well.002","WLOU.W2.20170503.FIL",,"2017-05-03T14:30Z","2017-05-03T14:30Z","EcoCore_CSU","NO2 - N",0.0070,"milligramsPerLiter",1.6,,0,"formatChange|legacyData","GOOD"
"9d87fe15-150a-468c-88bc-7a710010f621","D13","WLOU","WLOU.AOS.groundwater.well.002","WLOU.W2.20170503.RAW",,"2017-05-03T14:30Z","2017-05-03T14:30Z","EcoCore_CSU","TP",0.0030,"milligramsPerLiter",1.6,,0,"formatChange|legacyData","GOOD"
"c148594d-8fd9-476f-96d4-c3f871025973","D13","WLOU","WLOU.AOS.groundwater.well.002","WLOU.W2.20170503.FIL",,"2017-05-03T14:30Z","2017-05-03T14:30Z","EcoCore_CSU","F",0.0050,"milligramsPerLiter",1.6,,0,"formatChange|legacyData","GOOD"
"1f365636-f0e1-4141-983c-c1850b7b2787","D13","WLOU","WLOU.AOS.groundwater.well.003","WLOU.W3.20170503.FIL",,"2017-05-03T15:45Z","2017-05-03T15:45Z","EcoCore_CSU","SO4",3.6261,"milligramsPerLiter",1.6,,0,"formatChange|legacyData","GOOD"
"8ac09ddc-a385-4a38-860d-3e65e24dda8e","D13","WLOU","WLOU.AOS.groundwater.well.003","WLOU.W3.20170503.FIL",,"2017-05-03T15:45Z","2017-05-03T15:45Z","EcoCore_CSU","HCO3",92.1590,"milligramsPerLiter",1.6,,0,"formatChange|legacyData","GOOD"
"3446ff1a-b4d6-4701-881b-df69795a2714","D13","WLOU","WLOU.AOS.groundwater.well.003","WLOU.W3.20170503.FIL",,"2017-05-03T15:45Z","2017-05-03T15:45Z","EcoCore_CSU","CO3",0.0000,"milligramsPerLiter",1.6,,0,"formatChange|legacyData","GOOD"
"33b998f4-c091-4ec4-aede-a16b2b30c2ff","D13","WLOU","WLOU.AOS.groundwater.well.003","WLOU.W3.20170503.RAW",,"2017-05-03T15:45Z","2017-05-03T15:45Z","EcoCore_CSU","pH",7.2400,"pH",1.6,,0,"formatChange|legacyData","GOOD"
"48d81a61-c4be-48fb-bdd8-0731cdf12072","D13","WLOU","WLOU.AOS.groundwater.well.003","WLOU.W3.20170503.PCN",,"2017-05-03T15:45Z","2017-05-03T15:45Z","EcoCore_CSU","TPN",0.0765,"milligram",1.6,,0,"formatChange|legacyData","GOOD"
"1a7cca46-8479-4bae-b991-47da41badfca","D13","WLOU","WLOU.AOS.groundwater.well.003","WLOU.W3.20170503.FIL",,"2017-05-03T15:45Z","2017-05-03T15:45Z","EcoCore_CSU","K",1.4561,"milligramsPerLiter",1.6,,0,"formatChange|legacyData","GOOD"
"351958a8-0d65-45f5-b1bf-4f0f2c59812c","D13","WLOU","WLOU.AOS.groundwater.well.003","WLOU.W3.20170503.FIL",,"2017-05-03T15:45Z","2017-05-03T15:45Z","EcoCore_CSU","TDP",0.0075,"milligramsPerLiter",1.6,,0,"formatChange|legacyData","GOOD"
"8154e31d-210d-49b0-8d8b-04280612b849","D13","WLOU","WLOU.AOS.groundwater.well.003","WLOU.W3.20170503.PCN",,"2017-05-03T15:45Z","2017-05-03T15:45Z","EcoCore_CSU","TPC",0.3758,"milligram",1.6,,0,"formatChange|legacyData","GOOD"
"7c51fdbb-b702-4f4b-aead-79c23494ebce","D13","WLOU","WLOU.AOS.groundwater.well.003","WLOU.W3.20170503.FIL",,"2017-05-03T15:45Z","2017-05-03T15:45Z","EcoCore_CSU","Cl",0.3917,"milligramsPerLiter",1.6,,0,"formatChange|legacyData","GOOD"
"ebb214ca-c5fe-4f11-9c41-12912bb0697f","D13","WLOU","WLOU.AOS.groundwater.well.003","WLOU.W3.20170503.FIL",,"2017-05-03T15:45Z","2017-05-03T15:45Z","EcoCore_CSU","DOC",0.8763,"milligramsPerLiter",1.6,,0,"formatChange|legacyData","GOOD"
"749c3a90-af1b-43c1-9ace-4cb2000d7a85","D13","WLOU","WLOU.AOS.groundwater.well.003","WLOU.W3.20170503.FIL",,"2017-05-03T15:45Z","2017-05-03T15:45Z","EcoCore_CSU","Mg",5.3166,"milligramsPerLiter",1.6,,0,"formatChange|legacyData","GOOD"
"3183470d-8f76-4a3f-baed-b82eb04ad375","D13","WLOU","WLOU.AOS.groundwater.well.003","WLOU.W3.20170503.FIL",,"2017-05-03T15:45Z","2017-05-03T15:45Z","EcoCore_CSU","TDS",121.3000,"milligramsPerLiter",1.6,,0,"formatChange|legacyData","GOOD"
"fbb7b3fe-49e2-4ddd-8e08-0f4020437fd9","D13","WLOU","WLOU.AOS.groundwater.well.003","WLOU.W3.20170503.FIL",,"2017-05-03T15:45Z","2017-05-03T15:45Z","EcoCore_CSU","DIC",18.3900,"milligramsPerLiter",1.6,,0,"formatChange|legacyData","GOOD"
"1d3c97ec-bbcd-4154-afd2-e92e66051686","D13","WLOU","WLOU.AOS.groundwater.well.003","WLOU.W3.20170503.RAW",,"2017-05-03T15:45Z","2017-05-03T15:45Z","EcoCore_CSU","TOC",1.8480,"milligramsPerLiter",1.6,,0,"formatChange|legacyData","GOOD"
"a50460d0-fd4f-4e06-a944-15589fdc1721","D13","WLOU","WLOU.AOS.groundwater.well.003","WLOU.W3.20170503.FIL",,"2017-05-03T15:45Z","2017-05-03T15:45Z","EcoCore_CSU","Ca",21.1000,"milligramsPerLiter",1.6,,0,"formatChange|legacyData","GOOD"
"c861f32b-23c9-4666-9a22-5152fed7c98c","D13","WLOU","WLOU.AOS.groundwater.well.003","WLOU.W3.20170503.FIL",,"2017-05-03T15:45Z","2017-05-03T15:45Z","EcoCore_CSU","Na",1.8727,"milligramsPerLiter",1.6,,0,"formatChange|legacyData","GOOD"
"ba6e0aea-f9c5-4c7a-9305-df36e11533c0","D13","WLOU","WLOU.AOS.groundwater.well.003","WLOU.W3.20170503.FIL",,"2017-05-03T15:45Z","2017-05-03T15:45Z","EcoCore_CSU","TDN",0.1705,"milligramsPerLiter",1.6,,0,"formatChange|legacyData","GOOD"
"8a528b1b-7092-446f-ba27-b72cf89b1615","D13","WLOU","WLOU.AOS.groundwater.well.003","WLOU.W3.20170503.RAW",,"2017-05-03T15:45Z","2017-05-03T15:45Z","EcoCore_CSU","TP",0.0090,"milligramsPerLiter",1.6,,0,"formatChange|legacyData","GOOD"
"b1d42e62-c549-48f4-923e-99835a336e46","D13","WLOU","WLOU.AOS.groundwater.well.003","WLOU.W3.20170503.FIL",,"2017-05-03T15:45Z","2017-05-03T15:45Z","EcoCore_CSU","Ortho - P",0.0140,"milligramsPerLiter",1.6,,0,"formatChange|legacyData","GOOD"
"5c9a0c4c-8f13-4a8b-910e-c6c3da752c7b","D13","WLOU","WLOU.AOS.groundwater.well.003","WLOU.W3.20170503.FIL",,"2017-05-03T15:45Z","2017-05-03T15:45Z","EcoCore_CSU","NO3+NO2 - N",0.0040,"milligramsPerLiter",1.6,,0,"formatChange|legacyData","GOOD"
"574d7d0a-21ef-429f-b991-e754b3991fd8","D13","WLOU","WLOU.AOS.groundwater.well.003","WLOU.W3.20170503.RAW",,"2017-05-03T15:45Z","2017-05-03T15:45Z","EcoCore_CSU","ANC",1.6280,"milliequivalentsPerLiter",1.6,,0,"formatChange|legacyData","GOOD"
"c9875790-cab7-402b-8f47-7c6809a487da","D13","WLOU","WLOU.AOS.groundwater.well.003","WLOU.W3.20170503.FIL",,"2017-05-03T15:45Z","2017-05-03T15:45Z","EcoCore_CSU","Br",0.0050,"milligramsPerLiter",1.6,,0,"formatChange|legacyData","GOOD"
"e5adf9c8-9f8d-4ec5-be5a-8e7cffebe1f3","D13","WLOU","WLOU.AOS.groundwater.well.003","WLOU.W3.20170503.FIL",,"2017-05-03T15:45Z","2017-05-03T15:45Z","EcoCore_CSU","UV Absorbance (280 nm)",0.0332,,1.6,,0,"formatChange|legacyData","GOOD"
"83ef7ba4-b3b1-4d69-9002-c459987b1d32","D13","WLOU","WLOU.AOS.groundwater.well.003","WLOU.W3.20170503.RAW",,"2017-05-03T15:45Z","2017-05-03T15:45Z","EcoCore_CSU","conductivity",170.9200,"microsiemensPerCentimeter",1.6,,0,"formatChange|legacyData","GOOD"
"13603623-d057-46de-8f28-831e98c107ca","D13","WLOU","WLOU.AOS.groundwater.well.003","WLOU.W3.20170503.FIL",,"2017-05-03T15:45Z","2017-05-03T15:45Z","EcoCore_CSU","Mn",0.0031,"milligramsPerLiter",1.6,,0,"formatChange|legacyData","GOOD"
"3b98fe4a-17dc-4bc6-97ac-055d82ad421b","D13","WLOU","WLOU.AOS.groundwater.well.003","WLOU.W3.20170503.RAW",,"2017-05-03T15:45Z","2017-05-03T15:45Z","EcoCore_CSU","TSS - Dry Mass",1200.0000,"microgram",1.6,,0,"formatChange|legacyData","GOOD"
"27a0d2d3-9659-42e2-8580-b7501c611233","D13","WLOU","WLOU.AOS.groundwater.well.003","WLOU.W3.20170503.FIL",,"2017-05-03T15:45Z","2017-05-03T15:45Z","EcoCore_CSU","F",0.0050,"milligramsPerLiter",1.6,,0,"formatChange|legacyData","GOOD"
"95c612b4-9be6-421f-9ed3-cf68333303b8","D13","WLOU","WLOU.AOS.groundwater.well.003","WLOU.W3.20170503.RAW",,"2017-05-03T15:45Z","2017-05-03T15:45Z","EcoCore_CSU","TN",0.0911,"milligramsPerLiter",1.6,,0,"formatChange|legacyData","GOOD"
"9b0aca81-f9d9-4fd2-82e6-7cefb4f2a6fd","D13","WLOU","WLOU.AOS.groundwater.well.003","WLOU.W3.20170503.RAW",,"2017-05-03T15:45Z","2017-05-03T15:45Z","EcoCore_CSU","TSS",48.0000,"milligramsPerLiter",1.6,,0,"formatChange|legacyData","GOOD"
"7e2df1cc-e226-4302-b4ad-639eef7a7e07","D13","WLOU","WLOU.AOS.groundwater.well.003","WLOU.W3.20170503.FIL",,"2017-05-03T15:45Z","2017-05-03T15:45Z","EcoCore_CSU","NO2 - N",0.0070,"milligramsPerLiter",1.6,,0,"formatChange|legacyData","GOOD"
"9c29b057-8a53-42e8-b2ca-2940aaa756e7","D13","WLOU","WLOU.AOS.groundwater.well.003","WLOU.W3.20170503.FIL",,"2017-05-03T15:45Z","2017-05-03T15:45Z","EcoCore_CSU","Si",4.4914,"milligramsPerLiter",1.6,,0,"formatChange|legacyData","GOOD"
"748853c3-a9dd-4027-bb6a-e6c61b7345b8","D13","WLOU","WLOU.AOS.groundwater.well.003","WLOU.W3.20170503.FIL",,"2017-05-03T15:45Z","2017-05-03T15:45Z","EcoCore_CSU","UV Absorbance (250 nm)",0.0459,,1.6,,0,"formatChange|legacyData","GOOD"
"52c26d1c-69f2-413b-98e7-90727a17b86a","D13","WLOU","WLOU.AOS.groundwater.well.003","WLOU.W3.20170503.FIL",,"2017-05-03T15:45Z","2017-05-03T15:45Z","EcoCore_CSU","NH4 - N",0.0490,"milligramsPerLiter",1.6,,0,"formatChange|legacyData","GOOD"
"faf47ec8-12cc-4d2c-9d4c-7ef79f79488c","D13","WLOU","WLOU.AOS.groundwater.well.003","WLOU.W3.20170503.FIL",,"2017-05-03T15:45Z","2017-05-03T15:45Z","EcoCore_CSU","Fe",0.0659,"milligramsPerLiter",1.6,,0,"formatChange|legacyData","GOOD"
"38ba1223-dc0a-4ab0-adc6-fcfc29e9e191","D13","WLOU","WLOU.AOS.groundwater.well.004","WLOU.W4.20170503.FIL",,"2017-05-03T16:40Z","2017-05-03T16:40Z","EcoCore_CSU","TDN",0.3087,"milligramsPerLiter",1.6,,0,"formatChange|legacyData","GOOD"
"d4eb4d94-a84d-4160-8941-0a3e864bc40a","D13","WLOU","WLOU.AOS.groundwater.well.004","WLOU.W4.20170503.FIL",,"2017-05-03T16:40Z","2017-05-03T16:40Z","EcoCore_CSU","NO2 - N",0.0070,"milligramsPerLiter",1.6,,0,"formatChange|legacyData","GOOD"
"affca604-686f-4dbb-9ac5-2f3b600ceb8f","D13","WLOU","WLOU.AOS.groundwater.well.004","WLOU.W4.20170503.FIL",,"2017-05-03T16:40Z","2017-05-03T16:40Z","EcoCore_CSU","HCO3",43.5800,"milligramsPerLiter",1.6,,0,"formatChange|legacyData","GOOD"
"62bf5240-09d9-4439-bb7d-3ca8eb02dbec","D13","WLOU","WLOU.AOS.groundwater.well.004","WLOU.W4.20170503.FIL",,"2017-05-03T16:40Z","2017-05-03T16:40Z","EcoCore_CSU","DIC",10.2800,"milligramsPerLiter",1.6,,0,"formatChange|legacyData","GOOD"
"1206f11d-cc73-4076-b136-1efe6305f65d","D13","WLOU","WLOU.AOS.groundwater.well.004","WLOU.W4.20170503.RAW",,"2017-05-03T16:40Z","2017-05-03T16:40Z","EcoCore_CSU","ANC",0.8140,"milliequivalentsPerLiter",1.6,,0,"formatChange|legacyData","GOOD"
"054128a7-1087-4a31-93dc-972f180bb202","D13","WLOU","WLOU.AOS.groundwater.well.004","WLOU.W4.20170503.FIL",,"2017-05-03T16:40Z","2017-05-03T16:40Z","EcoCore_CSU","UV Absorbance (250 nm)",0.2871,,1.6,,0,"formatChange|legacyData","GOOD"
"8e0c6917-27a3-4229-bad2-caeee96ec03b","D13","WLOU","WLOU.AOS.groundwater.well.004","WLOU.W4.20170503.FIL",,"2017-05-03T16:40Z","2017-05-03T16:40Z","EcoCore_CSU","Cl",0.3736,"milligramsPerLiter",1.6,,0,"formatChange|legacyData","GOOD"
"26d5f214-fcc1-4caa-a187-1aea0f164aa6","D13","WLOU","WLOU.AOS.groundwater.well.004","WLOU.W4.20170503.FIL",,"2017-05-03T16:40Z","2017-05-03T16:40Z","EcoCore_CSU","Mn",0.0427,"milligramsPerLiter",1.6,,0,"formatChange|legacyData","GOOD"
"593543cc-e82a-4df3-8349-d32aba2b2c98","D13","WLOU","WLOU.AOS.groundwater.well.004","WLOU.W4.20170503.FIL",,"2017-05-03T16:40Z","2017-05-03T16:40Z","EcoCore_CSU","Ca",11.4940,"milligramsPerLiter",1.6,,0,"formatChange|legacyData","GOOD"
"9e1d5288-497f-4eda-b86a-e57122c99570","D13","WLOU","WLOU.AOS.groundwater.well.004","WLOU.W4.20170503.PCN",,"2017-05-03T16:40Z","2017-05-03T16:40Z","EcoCore_CSU","TPC",0.1117,"milligram",1.6,,0,"formatChange|legacyData","GOOD"
"012db264-9148-44ff-bf5e-fe25bba8331a","D13","WLOU","WLOU.AOS.groundwater.well.004","WLOU.W4.20170503.RAW",,"2017-05-03T16:40Z","2017-05-03T16:40Z","EcoCore_CSU","TSS",0.0000,"milligramsPerLiter",1.6,,0,"formatChange|legacyData","GOOD"
"8303b63e-676a-4007-815b-b60ab152309a","D13","WLOU","WLOU.AOS.groundwater.well.004","WLOU.W4.20170503.FIL",,"2017-05-03T16:40Z","2017-05-03T16:40Z","EcoCore_CSU","Mg",1.8777,"milligramsPerLiter",1.6,,0,"formatChange|legacyData","GOOD"
"e7f0d666-d801-4fcb-9c7d-3615f1f8c020","D13","WLOU","WLOU.AOS.groundwater.well.004","WLOU.W4.20170503.FIL",,"2017-05-03T16:40Z","2017-05-03T16:40Z","EcoCore_CSU","DOC",6.3820,"milligramsPerLiter",1.6,,0,"formatChange|legacyData","GOOD"
"c1bcc3fd-76d7-4d5e-938d-447af0f1d764","D13","WLOU","WLOU.AOS.groundwater.well.004","WLOU.W4.20170503.FIL",,"2017-05-03T16:40Z","2017-05-03T16:40Z","EcoCore_CSU","Na",1.4408,"milligramsPerLiter",1.6,,0,"formatChange|legacyData","GOOD"
"5dfcdb42-1ff4-4d8d-84cb-3575c73db5c4","D13","WLOU","WLOU.AOS.groundwater.well.004","WLOU.W4.20170503.FIL",,"2017-05-03T16:40Z","2017-05-03T16:40Z","EcoCore_CSU","F",0.0050,"milligramsPerLiter",1.6,,0,"formatChange|legacyData","GOOD"
"4a0bd727-153d-4369-82c5-59e3459b6c26","D13","WLOU","WLOU.AOS.groundwater.well.004","WLOU.W4.20170503.RAW",,"2017-05-03T16:40Z","2017-05-03T16:40Z","EcoCore_CSU","TN",0.1983,"milligramsPerLiter",1.6,,0,"formatChange|legacyData","GOOD"
"19c19f6b-74c4-4f1a-8226-76c5b54028f0","D13","WLOU","WLOU.AOS.groundwater.well.004","WLOU.W4.20170503.FIL",,"2017-05-03T16:40Z","2017-05-03T16:40Z","EcoCore_CSU","Si",4.7655,"milligramsPerLiter",1.6,,0,"formatChange|legacyData","GOOD"
"f17f8d34-6c37-491b-8dc6-493b374a4887","D13","WLOU","WLOU.AOS.groundwater.well.004","WLOU.W4.20170503.RAW",,"2017-05-03T16:40Z","2017-05-03T16:40Z","EcoCore_CSU","pH",6.5800,"pH",1.6,,0,"formatChange|legacyData","GOOD"
"37a8cf45-d255-411f-9819-824501e5c6a9","D13","WLOU","WLOU.AOS.groundwater.well.004","WLOU.W4.20170503.FIL",,"2017-05-03T16:40Z","2017-05-03T16:40Z","EcoCore_CSU","CO3",0.0000,"milligramsPerLiter",1.6,,0,"formatChange|legacyData","GOOD"
"e61f0d4b-4e95-46a2-809e-8c4b6d7c89e6","D13","WLOU","WLOU.AOS.groundwater.well.004","WLOU.W4.20170503.FIL",,"2017-05-03T16:40Z","2017-05-03T16:40Z","EcoCore_CSU","Br",0.0050,"milligramsPerLiter",1.6,,0,"formatChange|legacyData","GOOD"
"d6652d45-db6f-4c91-8606-191fdfd2e3c8","D13","WLOU","WLOU.AOS.groundwater.well.004","WLOU.W4.20170503.FIL",,"2017-05-03T16:40Z","2017-05-03T16:40Z","EcoCore_CSU","K",0.5244,"milligramsPerLiter",1.6,,0,"formatChange|legacyData","GOOD"
"3bdb30db-f3ff-49dd-bde9-187b67d75089","D13","WLOU","WLOU.AOS.groundwater.well.004","WLOU.W4.20170503.FIL",,"2017-05-03T16:40Z","2017-05-03T16:40Z","EcoCore_CSU","NO3+NO2 - N",-0.0150,"milligramsPerLiter",1.6,,0,"formatChange|legacyData","GOOD"
"467fef73-8bab-4576-93f7-fcd2f7559ebd","D13","WLOU","WLOU.AOS.groundwater.well.004","WLOU.W4.20170503.FIL",,"2017-05-03T16:40Z","2017-05-03T16:40Z","EcoCore_CSU","TDS",60.2100,"milligramsPerLiter",1.6,,0,"formatChange|legacyData","GOOD"
"db6b1136-d914-4d44-9f4d-572020f2e21d","D13","WLOU","WLOU.AOS.groundwater.well.004","WLOU.W4.20170503.FIL",,"2017-05-03T16:40Z","2017-05-03T16:40Z","EcoCore_CSU","Fe",0.3102,"milligramsPerLiter",1.6,,0,"formatChange|legacyData","GOOD"
"8cca8497-c4ec-4291-a433-a124073428ac","D13","WLOU","WLOU.AOS.groundwater.well.004","WLOU.W4.20170503.RAW",,"2017-05-03T16:40Z","2017-05-03T16:40Z","EcoCore_CSU","TOC",6.9070,"milligramsPerLiter",1.6,,0,"formatChange|legacyData","GOOD"
"2d6465b7-d4ea-4fc0-ac80-a1f66f97108e","D13","WLOU","WLOU.AOS.groundwater.well.004","WLOU.W4.20170503.RAW",,"2017-05-03T16:40Z","2017-05-03T16:40Z","EcoCore_CSU","TSS - Dry Mass",0.0000,"microgram",1.6,,0,"formatChange|legacyData","GOOD"
"f5cf3aec-3ca6-4ed1-9a3f-fbf52113e6a6","D13","WLOU","WLOU.AOS.groundwater.well.004","WLOU.W4.20170503.FIL",,"2017-05-03T16:40Z","2017-05-03T16:40Z","EcoCore_CSU","UV Absorbance (280 nm)",0.1964,,1.6,,0,"formatChange|legacyData","GOOD"
"08840e98-c189-40f8-96c4-19cfbe502140","D13","WLOU","WLOU.AOS.groundwater.well.004","WLOU.W4.20170503.FIL",,"2017-05-03T16:40Z","2017-05-03T16:40Z","EcoCore_CSU","SO4",3.5956,"milligramsPerLiter",1.6,,0,"formatChange|legacyData","GOOD"
"9f6c51fa-244b-4a66-96af-ee57819953be","D13","WLOU","WLOU.AOS.groundwater.well.004","WLOU.W4.20170503.FIL",,"2017-05-03T16:40Z","2017-05-03T16:40Z","EcoCore_CSU","Ortho - P",0.0180,"milligramsPerLiter",1.6,,0,"formatChange|legacyData","GOOD"
"e144d453-fff1-407e-998d-49321ced5796","D13","WLOU","WLOU.AOS.groundwater.well.004","WLOU.W4.20170503.FIL",,"2017-05-03T16:40Z","2017-05-03T16:40Z","EcoCore_CSU","TDP",0.0050,"milligramsPerLiter",1.6,,0,"formatChange|legacyData","GOOD"
"6236bca6-0cc5-4592-8218-5046a6b8e617","D13","WLOU","WLOU.AOS.groundwater.well.004","WLOU.W4.20170503.PCN",,"2017-05-03T16:40Z","2017-05-03T16:40Z","EcoCore_CSU","TPN",-0.0072,"milligram",1.6,,0,"formatChange|legacyData","GOOD"
"05004b80-acee-4481-8eda-663b0c583763","D13","WLOU","WLOU.AOS.groundwater.well.004","WLOU.W4.20170503.FIL",,"2017-05-03T16:40Z","2017-05-03T16:40Z","EcoCore_CSU","NH4 - N",0.0300,"milligramsPerLiter",1.6,,0,"formatChange|legacyData","GOOD"
"32d9072f-718c-4fce-9bf1-0583277e44e0","D13","WLOU","WLOU.AOS.groundwater.well.004","WLOU.W4.20170503.RAW",,"2017-05-03T16:40Z","2017-05-03T16:40Z","EcoCore_CSU","conductivity",85.3400,"microsiemensPerCentimeter",1.6,,0,"formatChange|legacyData","GOOD"
"15a57867-ac1b-411f-9e17-0ef68fcf6bf5","D13","WLOU","WLOU.AOS.groundwater.well.004","WLOU.W4.20170503.RAW",,"2017-05-03T16:40Z","2017-05-03T16:40Z","EcoCore_CSU","TP",0.0060,"milligramsPerLiter",1.6,,0,"formatChange|legacyData","GOOD"
