uid,domainID,siteID,namedLocation,collectDate,titrationDate,parentSampleID,domainSampleID,remarks,measuredBy,alkMeqPerL,alkMgPerL,ancMeqPerL,ancMgPerL
"a5a5ceac-3c03-4ce4-80c3-c1dc18761058","D13","WLOU","WLOU.AOS.groundwater.well.001","2017-05-03T13:25Z","2017-05-04T18:05Z","WLOU.W1.20170503","WLOU.W1.20170503.ANC",,"Nsturm@battelleecology.org",,,0.980,49.000
"1bc83164-6e39-4d3d-aefe-9f815c8a783b","D13","WLOU","WLOU.AOS.groundwater.well.002","2017-05-03T14:30Z","2017-05-04T18:58Z","WLOU.W2.20170503","WLOU.W2.20170503.ALK",,"Nsturm@battelleecology.org",0.940,47.000,,
"e43f06bf-c79c-457f-ad14-f81677cd0ef4","D13","WLOU","WLOU.AOS.groundwater.well.003","2017-05-03T15:45Z","2017-05-04T20:33Z","WLOU.W3.20170503","WLOU.W3.20170503.ALK",,"Nsturm@battelleecology.org",0.640,32.200,,
"807d2362-d651-4dac-9b53-265c5504bf44","D13","WLOU","WLOU.AOS.groundwater.well.004","2017-05-03T16:40Z","2017-05-04T21:24Z","WLOU.W4.20170503","WLOU.W4.20170503.ALK",,"Nsturm@battelleecology.org",1.430,71.700,,
