uid,domainID,siteID,namedLocation,decimalLatitude,decimalLongitude,coordinateUncertainty,elevation,elevationUncertainty,geodeticDatum,collectDate,aquaticSiteType,samplingImpractical,waterChemSamplesCollected,adequateSampleVol,parentSampleID,eventID,swcSamplingProtocolVersion,sampleExtractionMethod,samplerType,totalWellDepth,wellWaterDepth,waterColumnHeight,sampleDepth,purgeAverageDischargeRate,purgeTime,gwWellStabilized,purgeDryDateTime,pumpPlacementDate,screenedIntervalDepth,maxAllowableDrawdown,actualDrawdown,MADExceeded,wellVolumePurged,probeIDUnavailable,dissolvedOxygen,dissolvedOxygenSaturation,specificConductance,waterTemp,pH,waterClarityDescrip,waterColorDescrip,aCollectedBy,bCollectedBy,remarks
"fb1d0d23-d0b2-4853-b359-cbbf7d292ca6","D13","WLOU","WLOU.AOS.groundwater.well.001",39.891233,-105.914588,0.1,2916.4,0.1,"WGS84","2017-05-03T13:25Z","stream",,,,"WLOU.W1.20170503","WLOU.20170503","NEON.DOC.002905vD","low-flow","Groundwater Pump",,1.5,,,,,,,,,,,,3.6,,3.77,39.20,92.60,2.60,,"clear","colorless","Hschartel@battelleecology.org","Bnance@battelleecology.org",
"ce5c9c99-9595-4e5c-82a1-e06e6a58aaa4","D13","WLOU","WLOU.AOS.groundwater.well.002",39.891183,-105.914497,0.1,2916.4,0.1,"WGS84","2017-05-03T14:30Z","stream",,,,"WLOU.W2.20170503","WLOU.20170503","NEON.DOC.002905vD","low-flow","Groundwater Pump",,1.7,,,,,,,,,,,,4.5,,7.91,78.70,84.40,0.90,,"cloudy","colorless","Hschartel@battelleecology.org","Bnance@battelleecology.org",
"2f617cca-c336-4073-a917-7c0c22759763","D13","WLOU","WLOU.AOS.groundwater.well.003",39.891282,-105.913584,0.1,2912.6,0.1,"WGS84","2017-05-03T15:45Z","stream",,,,"WLOU.W3.20170503","WLOU.20170503","NEON.DOC.002905vD","low-flow","Groundwater Pump",,1.3,,,,,,,,,,,,3.2,,1.97,20.10,66.40,1.70,,"cloudy","colorless","Hschartel@battelleecology.org","Bnance@battelleecology.org",
"ffdb389d-dda2-4d98-abc3-f114c18fb23d","D13","WLOU","WLOU.AOS.groundwater.well.004",39.891057,-105.913120,0.1,2910.4,0.1,"WGS84","2017-05-03T16:40Z","stream",,,,"WLOU.W4.20170503","WLOU.20170503","NEON.DOC.002905vD","low-flow","Groundwater Pump",,1.2,,,,,,,,,,,,1.8,,6.40,66.40,122.30,2.10,,"cloudy","brown","Hschartel@battelleecology.org","Bnance@battelleecology.org",
