uid,domainID,siteID,namedLocation,collectDate,parentSampleID,sampleCondition,sampleID,replicateNumber,gwwDICBubbleFree,gwwFiltSampleHeadspace,gwwAlkSampleHeadspace,gwwAlkSampleBubbleFree,processedDate,processedDateFilters,sampleVolumeFiltered,shipmentTimeRange
"e6242090-2265-4320-a8fb-77c53d29a404","D13","WLOU","WLOU.AOS.groundwater.well.001","2017-05-03T13:25Z","WLOU.W1.20170503","Sample condition ok","WLOU.W1.20170503",1,,,,,"2017-05-03T13:25Z","2017-05-03T17:30Z",132.0,
"c1d43299-cb18-46ed-877f-30b56101c8a6","D13","WLOU","WLOU.AOS.groundwater.well.002","2017-05-03T14:30Z","WLOU.W2.20170503","Sample condition ok","WLOU.W2.20170503",1,,,,,"2017-05-03T14:30Z","2017-05-03T17:50Z",500.0,
"901229fa-a4cb-4778-8888-865310c043b8","D13","WLOU","WLOU.AOS.groundwater.well.003","2017-05-03T15:45Z","WLOU.W3.20170503","Sample condition ok","WLOU.W3.20170503",1,,,,,"2017-05-03T15:45Z","2017-05-03T18:05Z",250.0,
"90b744c1-e515-4f56-a808-4afc568226f3","D13","WLOU","WLOU.AOS.groundwater.well.004","2017-05-03T16:40Z","WLOU.W4.20170503","Sample condition ok","WLOU.W4.20170503",1,,,,,"2017-05-03T16:40Z","2017-05-03T18:30Z",100.0,
