uid,domainID,siteID,namedLocation,collectDate,titrationDate,parentSampleID,domainSampleID,remarks,measuredBy,alkMeqPerL,alkMgPerL,ancMeqPerL,ancMgPerL
"388248f4-8f28-47cd-9ba8-88297ac0c0d1","D04","GUIL","GUIL.AOS.groundwater.well.005","2018-10-09T13:35Z","2018-10-09T18:54Z","GUIL.W5.20181009","GUIL.W5.20181009.ALK",,"mpagan@battelleecology.org",3.070,154.000,,
"b9256e84-731b-43c3-94e9-2b94dea2bf13","D04","GUIL","GUIL.AOS.groundwater.well.006","2018-10-09T14:56Z","2018-10-09T19:31Z","GUIL.W6.20181009","GUIL.W6.20181009.ALK",,"iortiz@battelleecology.org",2.290,115.000,,
"03216b9e-bdd1-4412-8206-ee6316ed93c1","D04","GUIL","GUIL.AOS.groundwater.well.001","2018-10-10T12:33Z","2018-10-11T11:01Z","GUIL.W1.20181010","GUIL.W1.20181010.ALK",,"mpagan@battelleecology.org",2.240,112.000,,
"48fedfd7-01c5-4a33-972b-59402ad8d85d","D04","GUIL","GUIL.AOS.groundwater.well.003","2018-10-10T14:00Z","2018-10-11T11:48Z","GUIL.W3.20181010","GUIL.W3.20181010.ALK",,"mpagan@battelleecology.org",4.420,221.000,,
