uid,domainID,siteID,namedLocation,decimalLatitude,decimalLongitude,coordinateUncertainty,elevation,elevationUncertainty,geodeticDatum,collectDate,aquaticSiteType,samplingImpractical,waterChemSamplesCollected,adequateSampleVol,parentSampleID,eventID,swcSamplingProtocolVersion,sampleExtractionMethod,samplerType,totalWellDepth,wellWaterDepth,waterColumnHeight,sampleDepth,purgeAverageDischargeRate,purgeTime,gwWellStabilized,purgeDryDateTime,pumpPlacementDate,screenedIntervalDepth,maxAllowableDrawdown,actualDrawdown,MADExceeded,wellVolumePurged,probeIDUnavailable,dissolvedOxygen,dissolvedOxygenSaturation,specificConductance,waterTemp,pH,waterClarityDescrip,waterColorDescrip,aCollectedBy,bCollectedBy,remarks
"b7d312db-db0e-4b95-9566-0b7763ba9343","D04","GUIL","GUIL.AOS.groundwater.well.005",18.174241,-66.797947,0.1,554.8,0.1,"WGS84","2018-10-09T13:35Z","stream",,,"Y","GUIL.W5.20181009","GUIL.20181009","NEON.DOC.002905vE","low-flow","Groundwater Pump",8.6,4.4,4.3,5.4,,,,,,,,,,2.0,,0.67,8.60,418.50,24.40,,"cloudy","brown","Mpagan@battelleecology.org","mviggiano@battelleecology.org",
"acc6fc8a-4af8-4a23-9c0f-0fd6dc857a04","D04","GUIL","GUIL.AOS.groundwater.well.006",18.174267,-66.797629,0.1,555.2,0.1,"WGS84","2018-10-09T14:56Z","stream",,,"Y","GUIL.W6.20181009","GUIL.20181009","NEON.DOC.002905vE","low-flow","Groundwater Pump",8.3,4.6,3.7,5.6,,,,,,,,,,1.4,,0.36,4.70,332.50,25.50,,"clear","colorless","mviggiano@battelleecology.org","Mpagan@battelleecology.org",
"c3891358-dc63-40dd-b72c-7c9df7e730db","D04","GUIL","GUIL.AOS.groundwater.well.001",18.174696,-66.800365,0.1,554.2,0.1,"WGS84","2018-10-10T12:33Z","stream",,,"Y","GUIL.W1.20181010","GUIL.20181010","NEON.DOC.002905vE","low-flow","Groundwater Pump",13.0,7.9,5.1,8.9,,,,,,,,,,1.5,,3.48,44.50,272.00,25.10,,"opaque","colorless","Mpagan@battelleecology.org","mviggiano@battelleecology.org",
"372512fd-f95d-47fc-8b82-1ee32a64f73d","D04","GUIL","GUIL.AOS.groundwater.well.003",18.174345,-66.800050,0.1,549.5,0.1,"WGS84","2018-10-10T14:00Z","stream",,,"Y","GUIL.W3.20181010","GUIL.20181010","NEON.DOC.002905vE","low-flow","Groundwater Pump",7.2,3.3,3.9,4.3,,,,,,,,,,1.8,,1.91,25.30,469.00,24.30,,"clear","colorless","Mpagan@battelleecology.org","mviggiano@battelleecology.org",
