uid,domainID,siteID,namedLocation,collectDate,parentSampleID,sampleCondition,sampleID,replicateNumber,gwwDICBubbleFree,gwwFiltSampleHeadspace,gwwAlkSampleHeadspace,gwwAlkSampleBubbleFree,processedDate,processedDateFilters,sampleVolumeFiltered,shipmentTimeRange
"eb1980d9-bd40-4ae4-8493-a6f492749b7f","D04","GUIL","GUIL.AOS.groundwater.well.005","2018-10-09T13:35Z","GUIL.W5.20181009","Sample condition ok","GUIL.W5.20181009",,,,,,"2018-10-09T14:23Z","2018-10-09T14:23Z",30.0,
"c6f5a6f5-52ac-42ae-998d-1fc7c89d99b6","D04","GUIL","GUIL.AOS.groundwater.well.006","2018-10-09T14:56Z","GUIL.W6.20181009","Sample condition ok","GUIL.W6.20181009",,,,,,"2018-10-09T15:27Z","2018-10-09T15:27Z",750.0,
"111220e4-bed0-499e-be49-e128519e0711","D04","GUIL","GUIL.AOS.groundwater.well.001","2018-10-10T12:33Z","GUIL.W1.20181010","Sample condition ok","GUIL.W1.20181010",,,,,,"2018-10-10T13:10Z","2018-10-10T13:10Z",50.0,
"1ba43f37-3ea3-4f1b-ba4b-fbf0b0fbcfc7","D04","GUIL","GUIL.AOS.groundwater.well.003","2018-10-10T14:00Z","GUIL.W3.20181010","Sample condition ok","GUIL.W3.20181010",,,,,,"2018-10-10T14:29Z","2018-10-10T14:29Z",150.0,
