uid,domainID,siteID,namedLocation,sampleID,sampleCode,startDate,collectDate,laboratoryName,analyte,analyteConcentration,analyteUnits,coolerTemp,remarks,shipmentWarmQF,externalLabDataQF,sampleCondition
"b6bb921d-cee5-43a5-ad3f-edc9c5956190","D04","GUIL","GUIL.AOS.groundwater.well.005","GUIL.W5.20181009.RAW","A00000039002","2018-10-09T13:35Z","2018-10-09T13:35Z","EcoCore_CSU","TN",5.0390,"milligramsPerLiter",5.6,,0,"formatChange","GOOD"
"88322c38-1156-4043-b619-0bba4f873e7a","D04","GUIL","GUIL.AOS.groundwater.well.005","GUIL.W5.20181009.FIL","A00000039006","2018-10-09T13:35Z","2018-10-09T13:35Z","EcoCore_CSU","NH4 - N",0.0673,"milligramsPerLiter",5.6,,0,"formatChange","GOOD"
"5e5e8b19-eb2a-4361-a0c9-944a7f9f9d33","D04","GUIL","GUIL.AOS.groundwater.well.005","GUIL.W5.20181009.FIL","A00000039006","2018-10-09T13:35Z","2018-10-09T13:35Z","EcoCore_CSU","NO2 - N",0.0299,"milligramsPerLiter",5.6,,0,"formatChange","GOOD"
"370649aa-70ac-4d22-9af2-e1958a856bd1","D04","GUIL","GUIL.AOS.groundwater.well.005","GUIL.W5.20181009.FIL","A00000039006","2018-10-09T13:35Z","2018-10-09T13:35Z","EcoCore_CSU","Cl",15.3700,"milligramsPerLiter",5.6,,0,"formatChange","GOOD"
"4f5b4207-ca42-4d97-baff-18757620e958","D04","GUIL","GUIL.AOS.groundwater.well.005","GUIL.W5.20181009.FIL","A00000039006","2018-10-09T13:35Z","2018-10-09T13:35Z","EcoCore_CSU","Na",18.2700,"milligramsPerLiter",5.6,,0,"formatChange","GOOD"
"3a47d5c4-a07b-44a1-bc06-179fed8ae711","D04","GUIL","GUIL.AOS.groundwater.well.005","GUIL.W5.20181009.RAW","A00000039002","2018-10-09T13:35Z","2018-10-09T13:35Z","EcoCore_CSU","ANC",3.8200,"milliequivalentsPerLiter",5.6,,0,"formatChange","GOOD"
"e06fc14d-9c42-4a9a-ba58-5a7f1aa19f8c","D04","GUIL","GUIL.AOS.groundwater.well.005","GUIL.W5.20181009.FIL","A00000039006","2018-10-09T13:35Z","2018-10-09T13:35Z","EcoCore_CSU","DOC",0.6407,"milligramsPerLiter",5.6,,0,"formatChange","GOOD"
"1e44a73d-ff9f-4560-a276-e78c7c7909ad","D04","GUIL","GUIL.AOS.groundwater.well.005","GUIL.W5.20181009.RAW","A00000039002","2018-10-09T13:35Z","2018-10-09T13:35Z","EcoCore_CSU","TOC",0.6399,"milligramsPerLiter",5.6,,0,"formatChange","GOOD"
"ab5e8dff-5232-4aa0-841b-47716ade0b7d","D04","GUIL","GUIL.AOS.groundwater.well.005","GUIL.W5.20181009.FIL","A00000039006","2018-10-09T13:35Z","2018-10-09T13:35Z","EcoCore_CSU","Mg",20.2100,"milligramsPerLiter",5.6,,0,"formatChange","GOOD"
"20fcfd23-6056-4393-a6a6-03f61cc2f000","D04","GUIL","GUIL.AOS.groundwater.well.005","GUIL.W5.20181009.FIL","A00000039006","2018-10-09T13:35Z","2018-10-09T13:35Z","EcoCore_CSU","Br",0.0050,"milligramsPerLiter",5.6,,0,"formatChange","GOOD"
"258cc8e2-7bff-47ec-b6a1-5b45db35ae2b","D04","GUIL","GUIL.AOS.groundwater.well.005","GUIL.W5.20181009.FIL","A00000039006","2018-10-09T13:35Z","2018-10-09T13:35Z","EcoCore_CSU","SO4",26.9850,"milligramsPerLiter",5.6,,0,"formatChange","GOOD"
"9eebfe19-20e4-41fd-8d48-1c9c44400754","D04","GUIL","GUIL.AOS.groundwater.well.005","GUIL.W5.20181009.RAW","A00000039002","2018-10-09T13:35Z","2018-10-09T13:35Z","EcoCore_CSU","TSS - Dry Mass",2400.0000,"microgram",5.6,,0,"formatChange","GOOD"
"191eec91-9043-4655-8f81-09b862e90d1a","D04","GUIL","GUIL.AOS.groundwater.well.005","GUIL.W5.20181009.FIL","A00000039006","2018-10-09T13:35Z","2018-10-09T13:35Z","EcoCore_CSU","TDN",5.0970,"milligramsPerLiter",5.6,,0,"formatChange","GOOD"
"1d53b543-4778-4714-aec0-39b425ed3acf","D04","GUIL","GUIL.AOS.groundwater.well.005","GUIL.W5.20181009.FIL","A00000039006","2018-10-09T13:35Z","2018-10-09T13:35Z","EcoCore_CSU","HCO3",229.4200,"milligramsPerLiter",5.6,,0,"formatChange","GOOD"
"07e0b469-c8a0-472e-a81e-91cfc1f81fb8","D04","GUIL","GUIL.AOS.groundwater.well.005","GUIL.W5.20181009.FIL","A00000039006","2018-10-09T13:35Z","2018-10-09T13:35Z","EcoCore_CSU","NO3+NO2 - N",5.1551,"milligramsPerLiter",5.6,,0,"formatChange","GOOD"
"576c9e2f-c189-4b74-a97d-f95969dea178","D04","GUIL","GUIL.AOS.groundwater.well.005","GUIL.W5.20181009.RAW","A00000039002","2018-10-09T13:35Z","2018-10-09T13:35Z","EcoCore_CSU","conductivity",423.2000,"microsiemensPerCentimeter",5.6,,0,"formatChange","GOOD"
"89916c5f-65d4-4605-8239-af47f5708ae3","D04","GUIL","GUIL.AOS.groundwater.well.005","GUIL.W5.20181009.FIL","A00000039006","2018-10-09T13:35Z","2018-10-09T13:35Z","EcoCore_CSU","Ca",47.2530,"milligramsPerLiter",5.6,,0,"formatChange","GOOD"
"3ac1ba69-cb97-44c0-a029-249533adcfc6","D04","GUIL","GUIL.AOS.groundwater.well.005","GUIL.W5.20181009.FIL","A00000039006","2018-10-09T13:35Z","2018-10-09T13:35Z","EcoCore_CSU","Si",20.2189,"milligramsPerLiter",5.6,,0,"formatChange","GOOD"
"6ac4a41a-6e51-42ac-95dd-42fe2f0b52ed","D04","GUIL","GUIL.AOS.groundwater.well.005","GUIL.W5.20181009.PCN","A00000039009","2018-10-09T13:35Z","2018-10-09T13:35Z","EcoCore_CSU","TPC",0.2287,"milligram",5.6,,0,"formatChange","GOOD"
"c8139ac5-6d02-4e45-b200-340ee8c64fff","D04","GUIL","GUIL.AOS.groundwater.well.005","GUIL.W5.20181009.RAW","A00000039002","2018-10-09T13:35Z","2018-10-09T13:35Z","EcoCore_CSU","pH",6.9600,"pH",5.6,,0,"formatChange","GOOD"
"db9b36bf-667b-49c2-ad36-efc3f1ecdef5","D04","GUIL","GUIL.AOS.groundwater.well.005","GUIL.W5.20181009.RAW","A00000039002","2018-10-09T13:35Z","2018-10-09T13:35Z","EcoCore_CSU","TSS",48.0000,"milligramsPerLiter",5.6,,0,"formatChange","GOOD"
"f8f3d47d-6c00-45c0-8b61-70fc0d6153d0","D04","GUIL","GUIL.AOS.groundwater.well.005","GUIL.W5.20181009.FIL","A00000039006","2018-10-09T13:35Z","2018-10-09T13:35Z","EcoCore_CSU","DIC",42.3400,"milligramsPerLiter",5.6,,0,"formatChange","GOOD"
"a683bb55-6cb6-40b8-bff1-2abb0ce86d4d","D04","GUIL","GUIL.AOS.groundwater.well.005","GUIL.W5.20181009.FIL","A00000039006","2018-10-09T13:35Z","2018-10-09T13:35Z","EcoCore_CSU","F",2.6700,"milligramsPerLiter",5.6,,0,"formatChange","GOOD"
"cc7ab6dc-dd6b-4c4d-9795-5f731b85f092","D04","GUIL","GUIL.AOS.groundwater.well.005","GUIL.W5.20181009.FIL","A00000039006","2018-10-09T13:35Z","2018-10-09T13:35Z","EcoCore_CSU","TDS",301.6300,"milligramsPerLiter",5.6,,0,"formatChange","GOOD"
"54006993-69ad-4a1c-bda2-62b49ec8324c","D04","GUIL","GUIL.AOS.groundwater.well.005","GUIL.W5.20181009.FIL","A00000039006","2018-10-09T13:35Z","2018-10-09T13:35Z","EcoCore_CSU","Mn",0.0005,"milligramsPerLiter",5.6,,0,"formatChange","GOOD"
"d635ffbe-c486-4905-a5a9-70b5792dd5e9","D04","GUIL","GUIL.AOS.groundwater.well.005","GUIL.W5.20181009.RAW","A00000039002","2018-10-09T13:35Z","2018-10-09T13:35Z","EcoCore_CSU","TP",0.4876,"milligramsPerLiter",5.6,,0,"formatChange","GOOD"
"9794b242-f1a2-41ae-9610-ae720da05cdc","D04","GUIL","GUIL.AOS.groundwater.well.005","GUIL.W5.20181009.FIL","A00000039006","2018-10-09T13:35Z","2018-10-09T13:35Z","EcoCore_CSU","CO3",0.0050,"milligramsPerLiter",5.6,,0,"formatChange","GOOD"
"7d283b6e-6708-4b7c-bc04-6ef60db055e4","D04","GUIL","GUIL.AOS.groundwater.well.005","GUIL.W5.20181009.FIL","A00000039006","2018-10-09T13:35Z","2018-10-09T13:35Z","EcoCore_CSU","UV Absorbance (280 nm)",0.0206,,5.6,,0,"formatChange","GOOD"
"4784f37f-b5c0-43ee-ba5e-d353d58a6340","D04","GUIL","GUIL.AOS.groundwater.well.005","GUIL.W5.20181009.FIL","A00000039006","2018-10-09T13:35Z","2018-10-09T13:35Z","EcoCore_CSU","TDP",0.0347,"milligramsPerLiter",5.6,,0,"formatChange","GOOD"
"3c88509a-1522-404b-acbd-071a7931d505","D04","GUIL","GUIL.AOS.groundwater.well.005","GUIL.W5.20181009.FIL","A00000039006","2018-10-09T13:35Z","2018-10-09T13:35Z","EcoCore_CSU","Ortho - P",0.0790,"milligramsPerLiter",5.6,,0,"formatChange","GOOD"
"c8c5b4e2-8164-48b2-aaef-1a933f0c2c16","D04","GUIL","GUIL.AOS.groundwater.well.005","GUIL.W5.20181009.PCN","A00000039009","2018-10-09T13:35Z","2018-10-09T13:35Z","EcoCore_CSU","TPN",0.0615,"milligram",5.6,,0,"formatChange","GOOD"
"6a7ed880-c176-4672-873d-7fe577efd965","D04","GUIL","GUIL.AOS.groundwater.well.005","GUIL.W5.20181009.FIL","A00000039006","2018-10-09T13:35Z","2018-10-09T13:35Z","EcoCore_CSU","Fe",0.0005,"milligramsPerLiter",5.6,,0,"formatChange","GOOD"
"1e902398-0c63-4c73-9633-571a10e5882b","D04","GUIL","GUIL.AOS.groundwater.well.005","GUIL.W5.20181009.FIL","A00000039006","2018-10-09T13:35Z","2018-10-09T13:35Z","EcoCore_CSU","K",1.5540,"milligramsPerLiter",5.6,,0,"formatChange","GOOD"
"756d8ea9-aaab-45ad-861b-8c5485ed012f","D04","GUIL","GUIL.AOS.groundwater.well.005","GUIL.W5.20181009.FIL","A00000039006","2018-10-09T13:35Z","2018-10-09T13:35Z","EcoCore_CSU","UV Absorbance (250 nm)",0.0252,,5.6,,0,"formatChange","GOOD"
"c235185a-9364-49a0-90dd-9cacff115139","D04","GUIL","GUIL.AOS.groundwater.well.006","GUIL.W6.20181009.FIL","A00000039007","2018-10-09T14:56Z","2018-10-09T14:56Z","EcoCore_CSU","Mn",0.0005,"milligramsPerLiter",5.6,,0,"formatChange","GOOD"
"b5595a5b-675c-4683-bde1-b1e6fcbb0237","D04","GUIL","GUIL.AOS.groundwater.well.006","GUIL.W6.20181009.FIL","A00000039007","2018-10-09T14:56Z","2018-10-09T14:56Z","EcoCore_CSU","DOC",0.6404,"milligramsPerLiter",5.6,,0,"formatChange","GOOD"
"8dc523a8-3c01-4004-9a15-5fe2767f73e5","D04","GUIL","GUIL.AOS.groundwater.well.006","GUIL.W6.20181009.FIL","A00000039007","2018-10-09T14:56Z","2018-10-09T14:56Z","EcoCore_CSU","TDN",5.2850,"milligramsPerLiter",5.6,,0,"formatChange","GOOD"
"b452ea78-4149-4ceb-8b35-b551e2996b24","D04","GUIL","GUIL.AOS.groundwater.well.006","GUIL.W6.20181009.FIL","A00000039007","2018-10-09T14:56Z","2018-10-09T14:56Z","EcoCore_CSU","UV Absorbance (280 nm)",0.0041,,5.6,,0,"formatChange","GOOD"
"f114e584-d91c-49cd-9fb2-cf5a2c24537e","D04","GUIL","GUIL.AOS.groundwater.well.006","GUIL.W6.20181009.FIL","A00000039007","2018-10-09T14:56Z","2018-10-09T14:56Z","EcoCore_CSU","NO2 - N",0.0231,"milligramsPerLiter",5.6,,0,"formatChange","GOOD"
"6663b126-a974-489f-929a-73ad16e63e97","D04","GUIL","GUIL.AOS.groundwater.well.006","GUIL.W6.20181009.FIL","A00000039007","2018-10-09T14:56Z","2018-10-09T14:56Z","EcoCore_CSU","Si",23.3370,"milligramsPerLiter",5.6,,0,"formatChange","GOOD"
"5130be38-9963-41c0-bd85-9bef55b002b1","D04","GUIL","GUIL.AOS.groundwater.well.006","GUIL.W6.20181009.FIL","A00000039007","2018-10-09T14:56Z","2018-10-09T14:56Z","EcoCore_CSU","Fe",0.0005,"milligramsPerLiter",5.6,,0,"formatChange","GOOD"
"28da1f7c-e29a-4b7f-a541-603642060e12","D04","GUIL","GUIL.AOS.groundwater.well.006","GUIL.W6.20181009.FIL","A00000039007","2018-10-09T14:56Z","2018-10-09T14:56Z","EcoCore_CSU","SO4",8.6280,"milligramsPerLiter",5.6,,0,"formatChange","GOOD"
"0405b3f7-8d57-4d8e-ba1c-6dc0299b7227","D04","GUIL","GUIL.AOS.groundwater.well.006","GUIL.W6.20181009.FIL","A00000039007","2018-10-09T14:56Z","2018-10-09T14:56Z","EcoCore_CSU","Na",13.9600,"milligramsPerLiter",5.6,,0,"formatChange","GOOD"
"70a79be9-1ad9-43c2-a96d-f14e8d44ddcf","D04","GUIL","GUIL.AOS.groundwater.well.006","GUIL.W6.20181009.RAW","A00000039001","2018-10-09T14:56Z","2018-10-09T14:56Z","EcoCore_CSU","TP",0.3488,"milligramsPerLiter",5.6,,0,"formatChange","GOOD"
"7dca10c1-88b6-4a9c-993d-404b0d7e6a63","D04","GUIL","GUIL.AOS.groundwater.well.006","GUIL.W6.20181009.FIL","A00000039007","2018-10-09T14:56Z","2018-10-09T14:56Z","EcoCore_CSU","F",1.2700,"milligramsPerLiter",5.6,,0,"formatChange","GOOD"
"2320d859-6eac-4be5-9eca-bdd1900127cd","D04","GUIL","GUIL.AOS.groundwater.well.006","GUIL.W6.20181009.FIL","A00000039007","2018-10-09T14:56Z","2018-10-09T14:56Z","EcoCore_CSU","HCO3",201.2300,"milligramsPerLiter",5.6,,0,"formatChange","GOOD"
"a46fec45-97e7-43be-b5b6-2f130ad2f8b1","D04","GUIL","GUIL.AOS.groundwater.well.006","GUIL.W6.20181009.FIL","A00000039007","2018-10-09T14:56Z","2018-10-09T14:56Z","EcoCore_CSU","Ca",38.2295,"milligramsPerLiter",5.6,,0,"formatChange","GOOD"
"4d90fc03-b21b-4fdb-8bb6-5d2e06d0db19","D04","GUIL","GUIL.AOS.groundwater.well.006","GUIL.W6.20181009.FIL","A00000039007","2018-10-09T14:56Z","2018-10-09T14:56Z","EcoCore_CSU","Cl",13.4900,"milligramsPerLiter",5.6,,0,"formatChange","GOOD"
"dd0c1f47-dea7-4261-a4f0-8a8ee167bae1","D04","GUIL","GUIL.AOS.groundwater.well.006","GUIL.W6.20181009.RAW","A00000039001","2018-10-09T14:56Z","2018-10-09T14:56Z","EcoCore_CSU","pH",6.8000,"pH",5.6,,0,"formatChange","GOOD"
"f2cdcd15-5f9e-4170-a087-cc9a568d0dfb","D04","GUIL","GUIL.AOS.groundwater.well.006","GUIL.W6.20181009.FIL","A00000039007","2018-10-09T14:56Z","2018-10-09T14:56Z","EcoCore_CSU","TDP",0.0506,"milligramsPerLiter",5.6,,0,"formatChange","GOOD"
"166c7f7f-c1d4-402c-bf45-740249c6e191","D04","GUIL","GUIL.AOS.groundwater.well.006","GUIL.W6.20181009.FIL","A00000039007","2018-10-09T14:56Z","2018-10-09T14:56Z","EcoCore_CSU","NO3+NO2 - N",5.2738,"milligramsPerLiter",5.6,,0,"formatChange","GOOD"
"a6da148c-ab19-4bdc-b188-6f48c597873d","D04","GUIL","GUIL.AOS.groundwater.well.006","GUIL.W6.20181009.FIL","A00000039007","2018-10-09T14:56Z","2018-10-09T14:56Z","EcoCore_CSU","DIC",35.5600,"milligramsPerLiter",5.6,,0,"formatChange","GOOD"
"740b3c2f-fdf6-43dc-a7d7-8bac52d220b5","D04","GUIL","GUIL.AOS.groundwater.well.006","GUIL.W6.20181009.FIL","A00000039007","2018-10-09T14:56Z","2018-10-09T14:56Z","EcoCore_CSU","CO3",0.0050,"milligramsPerLiter",5.6,,0,"formatChange","GOOD"
"a793a2dd-a91d-4627-8f3a-214ce3ef4328","D04","GUIL","GUIL.AOS.groundwater.well.006","GUIL.W6.20181009.FIL","A00000039007","2018-10-09T14:56Z","2018-10-09T14:56Z","EcoCore_CSU","TDS",232.6200,"milligramsPerLiter",5.6,,0,"formatChange","GOOD"
"eb9072f3-2830-4838-a435-68a9bfd8b102","D04","GUIL","GUIL.AOS.groundwater.well.006","GUIL.W6.20181009.FIL","A00000039007","2018-10-09T14:56Z","2018-10-09T14:56Z","EcoCore_CSU","Mg",16.0800,"milligramsPerLiter",5.6,,0,"formatChange","GOOD"
"e6b12d75-2607-476e-b1f0-b57f64b561a4","D04","GUIL","GUIL.AOS.groundwater.well.006","GUIL.W6.20181009.FIL","A00000039007","2018-10-09T14:56Z","2018-10-09T14:56Z","EcoCore_CSU","UV Absorbance (250 nm)",0.0080,,5.6,,0,"formatChange","GOOD"
"58e0825a-fe48-4bdd-ab2b-d618af6655c8","D04","GUIL","GUIL.AOS.groundwater.well.006","GUIL.W6.20181009.FIL","A00000039007","2018-10-09T14:56Z","2018-10-09T14:56Z","EcoCore_CSU","NH4 - N",0.0497,"milligramsPerLiter",5.6,,0,"formatChange","GOOD"
"e4023215-d43b-472c-b19f-740f2aae7b03","D04","GUIL","GUIL.AOS.groundwater.well.006","GUIL.W6.20181009.RAW","A00000039001","2018-10-09T14:56Z","2018-10-09T14:56Z","EcoCore_CSU","TOC",0.3570,"milligramsPerLiter",5.6,,0,"formatChange","GOOD"
"22b9bfa5-267a-46d8-990f-6191197fe345","D04","GUIL","GUIL.AOS.groundwater.well.006","GUIL.W6.20181009.PCN","A00000039010","2018-10-09T14:56Z","2018-10-09T14:56Z","EcoCore_CSU","TPC",0.2308,"milligram",5.6,,0,"formatChange","GOOD"
"ae82f15a-6a59-49d9-a11f-62b64d87a39b","D04","GUIL","GUIL.AOS.groundwater.well.006","GUIL.W6.20181009.RAW","A00000039001","2018-10-09T14:56Z","2018-10-09T14:56Z","EcoCore_CSU","TN",5.3200,"milligramsPerLiter",5.6,,0,"formatChange","GOOD"
"195dba60-53f6-4c39-9f5c-b280c2d32c62","D04","GUIL","GUIL.AOS.groundwater.well.006","GUIL.W6.20181009.FIL","A00000039007","2018-10-09T14:56Z","2018-10-09T14:56Z","EcoCore_CSU","Ortho - P",0.1250,"milligramsPerLiter",5.6,,0,"formatChange","GOOD"
"36dae272-1402-4bca-b18f-b5418356ac35","D04","GUIL","GUIL.AOS.groundwater.well.006","GUIL.W6.20181009.RAW","A00000039001","2018-10-09T14:56Z","2018-10-09T14:56Z","EcoCore_CSU","conductivity",325.4000,"microsiemensPerCentimeter",5.6,,0,"formatChange","GOOD"
"65c6431b-e959-4109-bb83-20125dff40e7","D04","GUIL","GUIL.AOS.groundwater.well.006","GUIL.W6.20181009.FIL","A00000039007","2018-10-09T14:56Z","2018-10-09T14:56Z","EcoCore_CSU","Br",0.0050,"milligramsPerLiter",5.6,,0,"formatChange","GOOD"
"55526730-d837-453a-bf8f-00d08ced61b9","D04","GUIL","GUIL.AOS.groundwater.well.006","GUIL.W6.20181009.RAW","A00000039001","2018-10-09T14:56Z","2018-10-09T14:56Z","EcoCore_CSU","TSS",6.0000,"milligramsPerLiter",5.6,,0,"formatChange","GOOD"
"b9334ff7-293a-4877-bffb-15f6ee7bf46f","D04","GUIL","GUIL.AOS.groundwater.well.006","GUIL.W6.20181009.RAW","A00000039001","2018-10-09T14:56Z","2018-10-09T14:56Z","EcoCore_CSU","ANC",3.4500,"milliequivalentsPerLiter",5.6,,0,"formatChange","GOOD"
"e1e21970-d647-4fa2-abc8-7da90e44d1fb","D04","GUIL","GUIL.AOS.groundwater.well.006","GUIL.W6.20181009.PCN","A00000039010","2018-10-09T14:56Z","2018-10-09T14:56Z","EcoCore_CSU","TPN",0.1121,"milligram",5.6,,0,"formatChange","GOOD"
"95197c7f-216a-4622-a8a9-b3b9973e8269","D04","GUIL","GUIL.AOS.groundwater.well.006","GUIL.W6.20181009.FIL","A00000039007","2018-10-09T14:56Z","2018-10-09T14:56Z","EcoCore_CSU","K",2.3120,"milligramsPerLiter",5.6,,0,"formatChange","GOOD"
"febb0006-f0ff-4146-b2ef-1937efe159b3","D04","GUIL","GUIL.AOS.groundwater.well.006","GUIL.W6.20181009.RAW","A00000039001","2018-10-09T14:56Z","2018-10-09T14:56Z","EcoCore_CSU","TSS - Dry Mass",300.0000,"microgram",5.6,,0,"formatChange","GOOD"
"b70dc517-5913-41d8-86e0-de1b1e0b1783","D04","GUIL","GUIL.AOS.groundwater.well.001","GUIL.W1.20181010.PCN","A00000039039","2018-10-10T12:33Z","2018-10-10T12:33Z","EcoCore_CSU","TPC",0.2291,"milligram",7.0,,1,"formatChange","GOOD"
"16f976ca-36ee-4edb-a6e4-8b73a6f64baf","D04","GUIL","GUIL.AOS.groundwater.well.001","GUIL.W1.20181010.FIL","A00000039005","2018-10-10T12:33Z","2018-10-10T12:33Z","EcoCore_CSU","HCO3",163.1400,"milligramsPerLiter",7.0,,1,"formatChange","GOOD"
"4ff8a5a6-d8f2-4c88-936e-de05ab6ac6f7","D04","GUIL","GUIL.AOS.groundwater.well.001","GUIL.W1.20181010.FIL","A00000039005","2018-10-10T12:33Z","2018-10-10T12:33Z","EcoCore_CSU","TDP",0.0085,"milligramsPerLiter",7.0,,1,"formatChange","GOOD"
"4311a2c0-ac5c-41e7-98c7-ad6790ef4445","D04","GUIL","GUIL.AOS.groundwater.well.001","GUIL.W1.20181010.FIL","A00000039005","2018-10-10T12:33Z","2018-10-10T12:33Z","EcoCore_CSU","SO4",13.3890,"milligramsPerLiter",7.0,,1,"formatChange","GOOD"
"87963ffb-61e0-4224-b440-488ae5f94ee0","D04","GUIL","GUIL.AOS.groundwater.well.001","GUIL.W1.20181010.RAW","A00000039004","2018-10-10T12:33Z","2018-10-10T12:33Z","EcoCore_CSU","ANC",2.7200,"milliequivalentsPerLiter",7.0,,1,"formatChange","GOOD"
"07487fab-cfe1-4a9b-b9b1-f8a32a732a63","D04","GUIL","GUIL.AOS.groundwater.well.001","GUIL.W1.20181010.FIL","A00000039005","2018-10-10T12:33Z","2018-10-10T12:33Z","EcoCore_CSU","Ortho - P",0.1070,"milligramsPerLiter",7.0,,1,"formatChange","GOOD"
"221a1150-3d9f-4f0a-b69f-d1a0d90f919f","D04","GUIL","GUIL.AOS.groundwater.well.001","GUIL.W1.20181010.FIL","A00000039005","2018-10-10T12:33Z","2018-10-10T12:33Z","EcoCore_CSU","UV Absorbance (250 nm)",0.0051,,7.0,,1,"formatChange","GOOD"
"f2d1c84a-c685-4b42-8612-a53393756be2","D04","GUIL","GUIL.AOS.groundwater.well.001","GUIL.W1.20181010.FIL","A00000039005","2018-10-10T12:33Z","2018-10-10T12:33Z","EcoCore_CSU","K",1.1180,"milligramsPerLiter",7.0,,1,"formatChange","GOOD"
"ffd9f664-72ce-4850-96ad-074c4fbf73bc","D04","GUIL","GUIL.AOS.groundwater.well.001","GUIL.W1.20181010.RAW","A00000039004","2018-10-10T12:33Z","2018-10-10T12:33Z","EcoCore_CSU","TP",0.1938,"milligramsPerLiter",7.0,,1,"formatChange","GOOD"
"9e0012d9-9caa-4ab1-a91c-bd2cdaf4c432","D04","GUIL","GUIL.AOS.groundwater.well.001","GUIL.W1.20181010.FIL","A00000039005","2018-10-10T12:33Z","2018-10-10T12:33Z","EcoCore_CSU","Mg",13.3600,"milligramsPerLiter",7.0,,1,"formatChange","GOOD"
"2631d2a2-dcab-46e1-809d-7d2f48abc262","D04","GUIL","GUIL.AOS.groundwater.well.001","GUIL.W1.20181010.RAW","A00000039004","2018-10-10T12:33Z","2018-10-10T12:33Z","EcoCore_CSU","TN",0.8233,"milligramsPerLiter",7.0,,1,"formatChange","GOOD"
"267bf6b6-acb2-47a8-b624-1b059d83ebc7","D04","GUIL","GUIL.AOS.groundwater.well.001","GUIL.W1.20181010.FIL","A00000039005","2018-10-10T12:33Z","2018-10-10T12:33Z","EcoCore_CSU","NO3+NO2 - N",0.8668,"milligramsPerLiter",7.0,,1,"formatChange","GOOD"
"c36fd3f6-8545-46a8-9cce-1aa165656b22","D04","GUIL","GUIL.AOS.groundwater.well.001","GUIL.W1.20181010.FIL","A00000039005","2018-10-10T12:33Z","2018-10-10T12:33Z","EcoCore_CSU","Si",17.4351,"milligramsPerLiter",7.0,,1,"formatChange","GOOD"
"b76cf57d-7d12-49e7-a209-59d55d074576","D04","GUIL","GUIL.AOS.groundwater.well.001","GUIL.W1.20181010.RAW","A00000039004","2018-10-10T12:33Z","2018-10-10T12:33Z","EcoCore_CSU","pH",6.5600,"pH",7.0,,1,"formatChange","GOOD"
"bb9433fe-f194-48fc-a69b-17113afe6f16","D04","GUIL","GUIL.AOS.groundwater.well.001","GUIL.W1.20181010.FIL","A00000039005","2018-10-10T12:33Z","2018-10-10T12:33Z","EcoCore_CSU","DOC",0.7403,"milligramsPerLiter",7.0,,1,"formatChange","GOOD"
"cb63ff6f-34b7-45ea-9069-0cb109d2b53b","D04","GUIL","GUIL.AOS.groundwater.well.001","GUIL.W1.20181010.RAW","A00000039004","2018-10-10T12:33Z","2018-10-10T12:33Z","EcoCore_CSU","conductivity",321.6900,"microsiemensPerCentimeter",7.0,,1,"formatChange","GOOD"
"c9607d34-9a01-49d9-8bf3-0a44cff3d47c","D04","GUIL","GUIL.AOS.groundwater.well.001","GUIL.W1.20181010.RAW","A00000039004","2018-10-10T12:33Z","2018-10-10T12:33Z","EcoCore_CSU","TOC",0.7360,"milligramsPerLiter",7.0,,1,"formatChange","GOOD"
"51dac3d1-dae2-4318-990d-156bafcfc8d7","D04","GUIL","GUIL.AOS.groundwater.well.001","GUIL.W1.20181010.FIL","A00000039005","2018-10-10T12:33Z","2018-10-10T12:33Z","EcoCore_CSU","Mn",0.0005,"milligramsPerLiter",7.0,,1,"formatChange","GOOD"
"76ad9b45-0568-4986-b1e7-8d4b0b822679","D04","GUIL","GUIL.AOS.groundwater.well.001","GUIL.W1.20181010.FIL","A00000039005","2018-10-10T12:33Z","2018-10-10T12:33Z","EcoCore_CSU","TDS",226.5200,"milligramsPerLiter",7.0,,1,"formatChange","GOOD"
"80b49c35-2012-4e40-ac13-ea5fcdcd0462","D04","GUIL","GUIL.AOS.groundwater.well.001","GUIL.W1.20181010.FIL","A00000039005","2018-10-10T12:33Z","2018-10-10T12:33Z","EcoCore_CSU","NH4 - N",0.0332,"milligramsPerLiter",7.0,,1,"formatChange","GOOD"
"341eaf7b-1884-4956-96d8-b8240ee08817","D04","GUIL","GUIL.AOS.groundwater.well.001","GUIL.W1.20181010.FIL","A00000039005","2018-10-10T12:33Z","2018-10-10T12:33Z","EcoCore_CSU","Ca",32.6855,"milligramsPerLiter",7.0,,1,"formatChange","GOOD"
"74ed28ae-b199-4a8e-8302-b4f0c61bbf10","D04","GUIL","GUIL.AOS.groundwater.well.001","GUIL.W1.20181010.FIL","A00000039005","2018-10-10T12:33Z","2018-10-10T12:33Z","EcoCore_CSU","UV Absorbance (280 nm)",0.0039,,7.0,,1,"formatChange","GOOD"
"2e01f4f6-3281-4e54-8d0c-f63820084f77","D04","GUIL","GUIL.AOS.groundwater.well.001","GUIL.W1.20181010.FIL","A00000039005","2018-10-10T12:33Z","2018-10-10T12:33Z","EcoCore_CSU","Fe",0.0005,"milligramsPerLiter",7.0,,1,"formatChange","GOOD"
"7bcdae9a-f5d8-4801-b0aa-483200579d1e","D04","GUIL","GUIL.AOS.groundwater.well.001","GUIL.W1.20181010.FIL","A00000039005","2018-10-10T12:33Z","2018-10-10T12:33Z","EcoCore_CSU","NO2 - N",0.0224,"milligramsPerLiter",7.0,,1,"formatChange","GOOD"
"4918430f-1633-44ef-ae89-140ea20718ac","D04","GUIL","GUIL.AOS.groundwater.well.001","GUIL.W1.20181010.FIL","A00000039005","2018-10-10T12:33Z","2018-10-10T12:33Z","EcoCore_CSU","Br",0.0050,"milligramsPerLiter",7.0,,1,"formatChange","GOOD"
"a1f02ee7-040b-4f83-9973-e688385770db","D04","GUIL","GUIL.AOS.groundwater.well.001","GUIL.W1.20181010.FIL","A00000039005","2018-10-10T12:33Z","2018-10-10T12:33Z","EcoCore_CSU","Na",10.3400,"milligramsPerLiter",7.0,,1,"formatChange","GOOD"
"9d4a2626-9934-4ecb-8def-def8b9f9eeb7","D04","GUIL","GUIL.AOS.groundwater.well.001","GUIL.W1.20181010.PCN","A00000039039","2018-10-10T12:33Z","2018-10-10T12:33Z","EcoCore_CSU","TPN",0.0370,"milligram",7.0,,1,"formatChange","GOOD"
"f5672fa6-71d2-49bd-b8a3-9979b51b544c","D04","GUIL","GUIL.AOS.groundwater.well.001","GUIL.W1.20181010.RAW","A00000039004","2018-10-10T12:33Z","2018-10-10T12:33Z","EcoCore_CSU","TSS",36.0000,"milligramsPerLiter",7.0,,1,"formatChange","GOOD"
"edfab054-a68d-4bee-8993-512e7974048e","D04","GUIL","GUIL.AOS.groundwater.well.001","GUIL.W1.20181010.RAW","A00000039004","2018-10-10T12:33Z","2018-10-10T12:33Z","EcoCore_CSU","TSS - Dry Mass",1800.0000,"microgram",7.0,,1,"formatChange","GOOD"
"40daf4ee-0261-4e08-861b-9abb58367905","D04","GUIL","GUIL.AOS.groundwater.well.001","GUIL.W1.20181010.FIL","A00000039005","2018-10-10T12:33Z","2018-10-10T12:33Z","EcoCore_CSU","CO3",0.0050,"milligramsPerLiter",7.0,,1,"formatChange","GOOD"
"30197273-8c0d-4dd0-82df-22bfa481154d","D04","GUIL","GUIL.AOS.groundwater.well.001","GUIL.W1.20181010.FIL","A00000039005","2018-10-10T12:33Z","2018-10-10T12:33Z","EcoCore_CSU","DIC",35.1700,"milligramsPerLiter",7.0,,1,"formatChange","GOOD"
"9496ea5d-a6c8-4dc0-aa51-cc8d38995e30","D04","GUIL","GUIL.AOS.groundwater.well.001","GUIL.W1.20181010.FIL","A00000039005","2018-10-10T12:33Z","2018-10-10T12:33Z","EcoCore_CSU","Cl",5.8300,"milligramsPerLiter",7.0,,1,"formatChange","GOOD"
"475040e8-8c4b-4f9e-afd0-4a467e755dfa","D04","GUIL","GUIL.AOS.groundwater.well.001","GUIL.W1.20181010.FIL","A00000039005","2018-10-10T12:33Z","2018-10-10T12:33Z","EcoCore_CSU","F",2.0700,"milligramsPerLiter",7.0,,1,"formatChange","GOOD"
"8c768d60-6ee9-4e7d-b74b-f1c5ec5f7839","D04","GUIL","GUIL.AOS.groundwater.well.001","GUIL.W1.20181010.FIL","A00000039005","2018-10-10T12:33Z","2018-10-10T12:33Z","EcoCore_CSU","TDN",0.8148,"milligramsPerLiter",7.0,,1,"formatChange","GOOD"
"79371f90-43a8-48de-9694-a1f3dd97f208","D04","GUIL","GUIL.AOS.groundwater.well.003","GUIL.W3.20181010.FIL","A00000039008","2018-10-10T14:00Z","2018-10-10T14:00Z","EcoCore_CSU","Ortho - P",0.0320,"milligramsPerLiter",7.0,,1,"formatChange","GOOD"
"988c8b8f-a59a-4e90-8b76-1352b2a8f02e","D04","GUIL","GUIL.AOS.groundwater.well.003","GUIL.W3.20181010.FIL","A00000039008","2018-10-10T14:00Z","2018-10-10T14:00Z","EcoCore_CSU","DOC",0.6191,"milligramsPerLiter",7.0,,1,"formatChange","GOOD"
"b4a6c731-3b18-44f9-9e35-9a1dd22a16e2","D04","GUIL","GUIL.AOS.groundwater.well.003","GUIL.W3.20181010.FIL","A00000039008","2018-10-10T14:00Z","2018-10-10T14:00Z","EcoCore_CSU","NH4 - N",0.0217,"milligramsPerLiter",7.0,,1,"formatChange","GOOD"
"21910476-367e-4763-b896-22d636dcc882","D04","GUIL","GUIL.AOS.groundwater.well.003","GUIL.W3.20181010.FIL","A00000039008","2018-10-10T14:00Z","2018-10-10T14:00Z","EcoCore_CSU","NO3+NO2 - N",2.2786,"milligramsPerLiter",7.0,,1,"formatChange","GOOD"
"c3b5ba4f-1405-4624-a343-eb824e41592d","D04","GUIL","GUIL.AOS.groundwater.well.003","GUIL.W3.20181010.RAW","A00000039003","2018-10-10T14:00Z","2018-10-10T14:00Z","EcoCore_CSU","conductivity",471.3000,"microsiemensPerCentimeter",7.0,,1,"formatChange","GOOD"
"f13e3a73-7071-425d-9522-dc587911b9c1","D04","GUIL","GUIL.AOS.groundwater.well.003","GUIL.W3.20181010.FIL","A00000039008","2018-10-10T14:00Z","2018-10-10T14:00Z","EcoCore_CSU","TDS",330.2100,"milligramsPerLiter",7.0,,1,"formatChange","GOOD"
"f1ca679b-e2e3-46db-a66b-90ef03310329","D04","GUIL","GUIL.AOS.groundwater.well.003","GUIL.W3.20181010.RAW","A00000039003","2018-10-10T14:00Z","2018-10-10T14:00Z","EcoCore_CSU","pH",7.3800,"pH",7.0,,1,"formatChange","GOOD"
"527412cf-dcd6-4486-bb37-42fb9e862384","D04","GUIL","GUIL.AOS.groundwater.well.003","GUIL.W3.20181010.FIL","A00000039008","2018-10-10T14:00Z","2018-10-10T14:00Z","EcoCore_CSU","Fe",0.0005,"milligramsPerLiter",7.0,,1,"formatChange","GOOD"
"49ef2874-0f0e-46c1-86a3-78b240370d9d","D04","GUIL","GUIL.AOS.groundwater.well.003","GUIL.W3.20181010.FIL","A00000039008","2018-10-10T14:00Z","2018-10-10T14:00Z","EcoCore_CSU","Cl",5.4800,"milligramsPerLiter",7.0,,1,"formatChange","GOOD"
"93c8b31b-f50b-4923-83e0-57eef7446459","D04","GUIL","GUIL.AOS.groundwater.well.003","GUIL.W3.20181010.PCN","A00000039040","2018-10-10T14:00Z","2018-10-10T14:00Z","EcoCore_CSU","TPN",0.0584,"milligram",7.0,,1,"formatChange","GOOD"
"b4e14494-a44d-49bb-8b1c-433741464697","D04","GUIL","GUIL.AOS.groundwater.well.003","GUIL.W3.20181010.RAW","A00000039003","2018-10-10T14:00Z","2018-10-10T14:00Z","EcoCore_CSU","TP",0.3041,"milligramsPerLiter",7.0,,1,"formatChange","GOOD"
"828e2382-b241-48c1-b213-894b9fc95527","D04","GUIL","GUIL.AOS.groundwater.well.003","GUIL.W3.20181010.RAW","A00000039003","2018-10-10T14:00Z","2018-10-10T14:00Z","EcoCore_CSU","TSS",34.0000,"milligramsPerLiter",7.0,,1,"formatChange","GOOD"
"1940aa7b-3289-4f24-bfa9-f0e4029fd4c6","D04","GUIL","GUIL.AOS.groundwater.well.003","GUIL.W3.20181010.RAW","A00000039003","2018-10-10T14:00Z","2018-10-10T14:00Z","EcoCore_CSU","TOC",0.6730,"milligramsPerLiter",7.0,,1,"formatChange","GOOD"
"bfbd0909-4c3c-44c3-a85f-e806934555fa","D04","GUIL","GUIL.AOS.groundwater.well.003","GUIL.W3.20181010.FIL","A00000039008","2018-10-10T14:00Z","2018-10-10T14:00Z","EcoCore_CSU","HCO3",226.1300,"milligramsPerLiter",7.0,,1,"formatChange","GOOD"
"b010dcd8-5f79-442d-bb49-9f9ca7ad2f16","D04","GUIL","GUIL.AOS.groundwater.well.003","GUIL.W3.20181010.RAW","A00000039003","2018-10-10T14:00Z","2018-10-10T14:00Z","EcoCore_CSU","TN",2.1740,"milligramsPerLiter",7.0,,1,"formatChange","GOOD"
"8dbc7a58-b6ed-4afe-abd5-ee2e367adfd7","D04","GUIL","GUIL.AOS.groundwater.well.003","GUIL.W3.20181010.FIL","A00000039008","2018-10-10T14:00Z","2018-10-10T14:00Z","EcoCore_CSU","K",2.0790,"milligramsPerLiter",7.0,,1,"formatChange","GOOD"
"790d4b96-a895-46f9-a97f-e02440e7c9c4","D04","GUIL","GUIL.AOS.groundwater.well.003","GUIL.W3.20181010.FIL","A00000039008","2018-10-10T14:00Z","2018-10-10T14:00Z","EcoCore_CSU","TDN",2.2250,"milligramsPerLiter",7.0,,1,"formatChange","GOOD"
"0c04da9a-625c-45d2-886e-554007ccaca2","D04","GUIL","GUIL.AOS.groundwater.well.003","GUIL.W3.20181010.FIL","A00000039008","2018-10-10T14:00Z","2018-10-10T14:00Z","EcoCore_CSU","Mg",20.0000,"milligramsPerLiter",7.0,,1,"formatChange","GOOD"
"e4245d9e-cf38-4cda-8454-5fbf98b248ac","D04","GUIL","GUIL.AOS.groundwater.well.003","GUIL.W3.20181010.FIL","A00000039008","2018-10-10T14:00Z","2018-10-10T14:00Z","EcoCore_CSU","Ca",36.7646,"milligramsPerLiter",7.0,,1,"formatChange","GOOD"
"a7ee6081-aa6c-4fac-bf1a-8ea7a16b0799","D04","GUIL","GUIL.AOS.groundwater.well.003","GUIL.W3.20181010.FIL","A00000039008","2018-10-10T14:00Z","2018-10-10T14:00Z","EcoCore_CSU","TDP",0.0112,"milligramsPerLiter",7.0,,1,"formatChange","GOOD"
"56577e6f-0b7a-4170-b8f5-1fae74f6539a","D04","GUIL","GUIL.AOS.groundwater.well.003","GUIL.W3.20181010.FIL","A00000039008","2018-10-10T14:00Z","2018-10-10T14:00Z","EcoCore_CSU","Mn",0.0005,"milligramsPerLiter",7.0,,1,"formatChange","GOOD"
"cf0b995e-ed08-4546-b9d5-939546f302f5","D04","GUIL","GUIL.AOS.groundwater.well.003","GUIL.W3.20181010.FIL","A00000039008","2018-10-10T14:00Z","2018-10-10T14:00Z","EcoCore_CSU","Br",0.0050,"milligramsPerLiter",7.0,,1,"formatChange","GOOD"
"ce742bb7-fea0-4d41-bf24-49910381d087","D04","GUIL","GUIL.AOS.groundwater.well.003","GUIL.W3.20181010.FIL","A00000039008","2018-10-10T14:00Z","2018-10-10T14:00Z","EcoCore_CSU","F",0.0050,"milligramsPerLiter",7.0,,1,"formatChange","GOOD"
"24a5efd1-9026-4cb5-8f3b-0a7720243f35","D04","GUIL","GUIL.AOS.groundwater.well.003","GUIL.W3.20181010.FIL","A00000039008","2018-10-10T14:00Z","2018-10-10T14:00Z","EcoCore_CSU","UV Absorbance (280 nm)",0.0051,,7.0,,1,"formatChange","GOOD"
"7479c850-f728-407b-9e52-1c4b683357f2","D04","GUIL","GUIL.AOS.groundwater.well.003","GUIL.W3.20181010.FIL","A00000039008","2018-10-10T14:00Z","2018-10-10T14:00Z","EcoCore_CSU","UV Absorbance (250 nm)",0.0046,,7.0,,1,"formatChange","GOOD"
"986d22d1-6891-4c9d-8393-3e85f2e7dde2","D04","GUIL","GUIL.AOS.groundwater.well.003","GUIL.W3.20181010.FIL","A00000039008","2018-10-10T14:00Z","2018-10-10T14:00Z","EcoCore_CSU","SO4",17.8080,"milligramsPerLiter",7.0,,1,"formatChange","GOOD"
"9100d822-b7dc-4fa5-8168-0814836d755b","D04","GUIL","GUIL.AOS.groundwater.well.003","GUIL.W3.20181010.RAW","A00000039003","2018-10-10T14:00Z","2018-10-10T14:00Z","EcoCore_CSU","ANC",3.8200,"milliequivalentsPerLiter",7.0,,1,"formatChange","GOOD"
"6c450d70-c654-4c47-afc6-4d35f39e7760","D04","GUIL","GUIL.AOS.groundwater.well.003","GUIL.W3.20181010.PCN","A00000039040","2018-10-10T14:00Z","2018-10-10T14:00Z","EcoCore_CSU","TPC",0.2585,"milligram",7.0,,1,"formatChange","GOOD"
"fb6ad398-bfdd-4f3d-b973-b5dd1fb6a1df","D04","GUIL","GUIL.AOS.groundwater.well.003","GUIL.W3.20181010.FIL","A00000039008","2018-10-10T14:00Z","2018-10-10T14:00Z","EcoCore_CSU","Si",22.4626,"milligramsPerLiter",7.0,,1,"formatChange","GOOD"
"d93b4130-0cc8-4583-900b-bb9d961de645","D04","GUIL","GUIL.AOS.groundwater.well.003","GUIL.W3.20181010.FIL","A00000039008","2018-10-10T14:00Z","2018-10-10T14:00Z","EcoCore_CSU","CO3",0.0050,"milligramsPerLiter",7.0,,1,"formatChange","GOOD"
"cfe43d2e-3d15-4557-865c-8823ba35cf41","D04","GUIL","GUIL.AOS.groundwater.well.003","GUIL.W3.20181010.FIL","A00000039008","2018-10-10T14:00Z","2018-10-10T14:00Z","EcoCore_CSU","Na",15.3700,"milligramsPerLiter",7.0,,1,"formatChange","GOOD"
"48c0b1bc-0b6e-4f72-af32-37055458d7cf","D04","GUIL","GUIL.AOS.groundwater.well.003","GUIL.W3.20181010.FIL","A00000039008","2018-10-10T14:00Z","2018-10-10T14:00Z","EcoCore_CSU","DIC",59.8100,"milligramsPerLiter",7.0,,1,"formatChange","GOOD"
"0174eb38-c34d-4e2a-9586-89950963d0b3","D04","GUIL","GUIL.AOS.groundwater.well.003","GUIL.W3.20181010.FIL","A00000039008","2018-10-10T14:00Z","2018-10-10T14:00Z","EcoCore_CSU","NO2 - N",0.0230,"milligramsPerLiter",7.0,,1,"formatChange","GOOD"
"0d8a502c-7940-4451-b1c0-c80e434d69b4","D04","GUIL","GUIL.AOS.groundwater.well.003","GUIL.W3.20181010.RAW","A00000039003","2018-10-10T14:00Z","2018-10-10T14:00Z","EcoCore_CSU","TSS - Dry Mass",1700.0000,"microgram",7.0,,1,"formatChange","GOOD"
