uid,domainID,siteID,namedLocation,collectDate,parentSampleID,sampleCondition,sampleID,replicateNumber,gwwDICBubbleFree,gwwFiltSampleHeadspace,gwwAlkSampleHeadspace,gwwAlkSampleBubbleFree,processedDate,processedDateFilters,sampleVolumeFiltered,shipmentTimeRange
"6b04af52-e99b-4841-9fbc-6fa8c852d917","D03","SUGG","SUGG.AOS.groundwater.well.004","2020-03-02T17:30Z","SUGG.W4.20200302","Sample condition ok","SUGG.W4.20200302",1,,,,,"2020-03-02T17:30Z",,200.0,
"8b052c00-a3a5-4443-8b9c-214713c7792e","D03","SUGG","SUGG.AOS.groundwater.well.005","2020-03-02T19:44Z","SUGG.W5.20200302","Sample condition ok","SUGG.W5.20200302",1,,,,,"2020-03-02T19:44Z","2020-03-02T20:03Z",300.0,
"6f2e31e5-8067-446e-8341-ab6fcb5d305a","D03","SUGG","SUGG.AOS.groundwater.well.006","2020-03-04T14:36Z","SUGG.W6.20200304","Sample condition ok","SUGG.W6.20200304",1,,,,,"2020-03-04T14:36Z","2020-03-04T16:10Z",200.0,
"37ddb36d-c0b9-4357-aab9-46573761b484","D03","SUGG","SUGG.AOS.groundwater.well.008","2020-03-04T15:38Z","SUGG.W8.20200304","Sample condition ok","SUGG.W8.20200304",1,,,,,"2020-03-04T15:38Z","2020-03-04T16:15Z",200.0,
