uid,domainID,siteID,namedLocation,collectDate,titrationDate,parentSampleID,domainSampleID,remarks,measuredBy,alkMeqPerL,alkMgPerL,ancMeqPerL,ancMgPerL
"e6a8862f-5387-4770-ba30-82567c397790","D03","SUGG","SUGG.AOS.groundwater.well.004","2020-03-02T17:30Z","2020-03-02T09:30Z","SUGG.W4.20200302","SUGG.W4.20200302.ALK",,"Dorosheff@battelleecology.org",0.460,22.900,,
"24c1b2d4-8651-469d-b9c8-de9a6f0cb503","D03","SUGG","SUGG.AOS.groundwater.well.005","2020-03-02T19:44Z","2020-03-03T12:15Z","SUGG.W5.20200302","SUGG.W5.20200302.ALK",,"Dorosheff@battelleecology.org",0.190,9.430,,
"36a6d657-dd02-43a1-a8b1-f9c845c4d9ff","D03","SUGG","SUGG.AOS.groundwater.well.006","2020-03-04T14:36Z","2020-03-04T19:00Z","SUGG.W6.20200304","SUGG.W6.20200304.ALK",,"Dorosheff@battelleecology.org",2.470,124.000,,
"5ee809c5-4c5e-4e02-a558-23f9dcbc034c","D03","SUGG","SUGG.AOS.groundwater.well.008","2020-03-04T15:38Z","2020-03-04T20:00Z","SUGG.W8.20200304","SUGG.W8.20200304.ALK",,"Dorosheff@battelleecology.org",0.110,5.570,,
