uid,domainID,siteID,namedLocation,decimalLatitude,decimalLongitude,coordinateUncertainty,elevation,elevationUncertainty,geodeticDatum,collectDate,aquaticSiteType,samplingImpractical,waterChemSamplesCollected,adequateSampleVol,parentSampleID,eventID,swcSamplingProtocolVersion,sampleExtractionMethod,samplerType,totalWellDepth,wellWaterDepth,waterColumnHeight,sampleDepth,purgeAverageDischargeRate,purgeTime,gwWellStabilized,purgeDryDateTime,pumpPlacementDate,screenedIntervalDepth,maxAllowableDrawdown,actualDrawdown,MADExceeded,wellVolumePurged,probeIDUnavailable,dissolvedOxygen,dissolvedOxygenSaturation,specificConductance,waterTemp,pH,waterClarityDescrip,waterColorDescrip,aCollectedBy,bCollectedBy,remarks
"d920b478-efee-4fb2-981f-ec8bf70945ff","D03","SUGG","SUGG.AOS.groundwater.well.004",29.691331,-82.015778,0.1,34.5,0.1,"WGS84","2020-03-02T17:30Z","lake",,"Y","Y","SUGG.W4.20200302","SUGG.20200302","NEON.DOC.002905vG","low-flow","Groundwater Pump",14.7,5.4,9.3,6.4,,,,,,,,,,4.1,,6.34,69.60,47.90,20.00,5.32,"cloudy","colorless","0000-0003-1571-3196","0000-0001-6607-7236",
"0c181b47-18cd-4cad-8745-c6a24a7f3d65","D03","SUGG","SUGG.AOS.groundwater.well.005",29.688883,-82.013542,0.1,38.7,0.1,"WGS84","2020-03-02T19:44Z","lake",,"Y","Y","SUGG.W5.20200302","SUGG.20200302","NEON.DOC.002905vG","low-flow","Groundwater Pump",14.9,8.7,6.2,9.7,,,,,,,,,,1.6,,6.10,69.20,45.40,21.90,5.64,"clear","colorless","0000-0002-7940-8177","0000-0003-1571-3196",
"c0f13ebe-507d-43a2-86d8-a3936004c507","D03","SUGG","SUGG.AOS.groundwater.well.006",29.683664,-82.015261,0.1,37.4,0.1,"WGS84","2020-03-04T14:36Z","lake",,"Y","Y","SUGG.W6.20200304","SUGG.20200304","NEON.DOC.002905vG","low-flow","Groundwater Pump",11.0,9.0,2.0,10.0,,,,,,,,,,1.0,,4.73,50.40,217.20,18.30,6.74,"clear","colorless","0000-0002-7940-8177","0000-0003-1571-3196",
"886334c0-8aee-4dc7-8a9f-6d56dcdad24c","D03","SUGG","SUGG.AOS.groundwater.well.008",29.684442,-82.017677,0.1,32.1,0.1,"WGS84","2020-03-04T15:38Z","lake",,"Y","Y","SUGG.W8.20200304","SUGG.20200304","NEON.DOC.002905vG","low-flow","Groundwater Pump",13.0,6.6,6.4,7.6,,,,,,,,,,1.4,,1.15,12.30,93.10,19.70,4.34,"clear","colorless","0000-0001-6607-7236","0000-0003-1571-3196",
