uid,domainID,siteID,namedLocation,sampleID,sampleCode,startDate,collectDate,laboratoryName,analyte,analyteConcentration,analyteUnits,coolerTemp,remarks,shipmentWarmQF,externalLabDataQF,sampleCondition
"100e3749-8bc4-46de-abe2-ec6777693abb","D10","ARIK","ARIK.AOS.groundwater.well.002","ARIK.W2.20180419.FIL","A00000017627","2018-04-19T15:03Z","2018-04-19T15:03Z","EcoCore_CSU","NH4 - N",0.0151,"milligramsPerLiter",5.7,,0,"formatChange","GOOD"
"76fec7ec-5b72-4949-a791-63b8b7464092","D10","ARIK","ARIK.AOS.groundwater.well.002","ARIK.W2.20180419.FIL","A00000017627","2018-04-19T15:03Z","2018-04-19T15:03Z","EcoCore_CSU","Si",25.2564,"milligramsPerLiter",5.7,,0,"formatChange","GOOD"
"01f362c4-4c1b-477d-b07f-47577a6833b9","D10","ARIK","ARIK.AOS.groundwater.well.002","ARIK.W2.20180419.FIL","A00000017627","2018-04-19T15:03Z","2018-04-19T15:03Z","EcoCore_CSU","TDN",1.9570,"milligramsPerLiter",5.7,,0,"formatChange","GOOD"
"d292cf8f-109c-4395-afe7-ab2d4f215224","D10","ARIK","ARIK.AOS.groundwater.well.002","ARIK.W2.20180419.FIL","A00000017627","2018-04-19T15:03Z","2018-04-19T15:03Z","EcoCore_CSU","TDP",0.0225,"milligramsPerLiter",5.7,,0,"formatChange","GOOD"
"9562bd01-5202-43e6-8853-1821bc547dee","D10","ARIK","ARIK.AOS.groundwater.well.002","ARIK.W2.20180419.RAW","A00000017631","2018-04-19T15:03Z","2018-04-19T15:03Z","EcoCore_CSU","conductivity",441.9000,"microsiemensPerCentimeter",5.7,,0,"formatChange","GOOD"
"3a5f39bd-28e8-4466-84d0-b35bde3fa5c7","D10","ARIK","ARIK.AOS.groundwater.well.002","ARIK.W2.20180419.FIL","A00000017627","2018-04-19T15:03Z","2018-04-19T15:03Z","EcoCore_CSU","SO4",14.9789,"milligramsPerLiter",5.7,,0,"formatChange","GOOD"
"3578bc1e-1fe8-4c5b-9807-fa7b7b60dd89","D10","ARIK","ARIK.AOS.groundwater.well.002","ARIK.W2.20180419.PCN","A00000017652","2018-04-19T15:03Z","2018-04-19T15:03Z","EcoCore_CSU","TPC",0.2971,"milligram",5.7,,0,"formatChange","GOOD"
"c3f5af19-9bd1-473e-a9b4-10af045a58f2","D10","ARIK","ARIK.AOS.groundwater.well.002","ARIK.W2.20180419.FIL","A00000017627","2018-04-19T15:03Z","2018-04-19T15:03Z","EcoCore_CSU","Ortho - P",0.0300,"milligramsPerLiter",5.7,,0,"formatChange","GOOD"
"548bf97b-bf84-4760-ab19-5e6e54bca305","D10","ARIK","ARIK.AOS.groundwater.well.002","ARIK.W2.20180419.FIL","A00000017627","2018-04-19T15:03Z","2018-04-19T15:03Z","EcoCore_CSU","UV Absorbance (280 nm)",0.0073,,5.7,,0,"formatChange","GOOD"
"ae39e6f9-8c32-4cac-ab0b-7cd2e937c116","D10","ARIK","ARIK.AOS.groundwater.well.002","ARIK.W2.20180419.FIL","A00000017627","2018-04-19T15:03Z","2018-04-19T15:03Z","EcoCore_CSU","Na",16.4495,"milligramsPerLiter",5.7,,0,"formatChange","GOOD"
"485e3808-3e79-4154-96b3-4ba503eac9df","D10","ARIK","ARIK.AOS.groundwater.well.002","ARIK.W2.20180419.FIL","A00000017627","2018-04-19T15:03Z","2018-04-19T15:03Z","EcoCore_CSU","Ca",43.5673,"milligramsPerLiter",5.7,,0,"formatChange","GOOD"
"29f8163d-752a-4556-955e-ceab37504f7b","D10","ARIK","ARIK.AOS.groundwater.well.002","ARIK.W2.20180419.FIL","A00000017627","2018-04-19T15:03Z","2018-04-19T15:03Z","EcoCore_CSU","Br",0.0050,"milligramsPerLiter",5.7,,0,"formatChange","GOOD"
"b0bc6218-96d4-4216-8826-12e3fe9ba1d0","D10","ARIK","ARIK.AOS.groundwater.well.002","ARIK.W2.20180419.RAW","A00000017631","2018-04-19T15:03Z","2018-04-19T15:03Z","EcoCore_CSU","TSS - Dry Mass",600.0000,"microgram",5.7,,0,"formatChange","GOOD"
"7a93aa0d-84b7-4504-b68e-ebbebfe3e407","D10","ARIK","ARIK.AOS.groundwater.well.002","ARIK.W2.20180419.FIL","A00000017627","2018-04-19T15:03Z","2018-04-19T15:03Z","EcoCore_CSU","DIC",46.3000,"milligramsPerLiter",5.7,,0,"formatChange","GOOD"
"47a00fe4-8ba5-4df1-a7c7-123ff892d500","D10","ARIK","ARIK.AOS.groundwater.well.002","ARIK.W2.20180419.RAW","A00000017631","2018-04-19T15:03Z","2018-04-19T15:03Z","EcoCore_CSU","TSS",12.0000,"milligramsPerLiter",5.7,,0,"formatChange","GOOD"
"c4aea146-0ab2-4f68-b9ce-e7b0d8bb9add","D10","ARIK","ARIK.AOS.groundwater.well.002","ARIK.W2.20180419.PCN","A00000017652","2018-04-19T15:03Z","2018-04-19T15:03Z","EcoCore_CSU","TPN",0.0385,"milligram",5.7,,0,"formatChange","GOOD"
"03962ac0-0ed6-4fba-b706-2ab201d4142f","D10","ARIK","ARIK.AOS.groundwater.well.002","ARIK.W2.20180419.FIL","A00000017627","2018-04-19T15:03Z","2018-04-19T15:03Z","EcoCore_CSU","NO2 - N",0.0131,"milligramsPerLiter",5.7,,0,"formatChange","GOOD"
"b1722c8d-f0f1-4558-be71-11344b2bbe10","D10","ARIK","ARIK.AOS.groundwater.well.002","ARIK.W2.20180419.FIL","A00000017627","2018-04-19T15:03Z","2018-04-19T15:03Z","EcoCore_CSU","Mn",0.0005,"milligramsPerLiter",5.7,,0,"formatChange","GOOD"
"f21a5d7d-2947-4fad-8433-955f43005184","D10","ARIK","ARIK.AOS.groundwater.well.002","ARIK.W2.20180419.FIL","A00000017627","2018-04-19T15:03Z","2018-04-19T15:03Z","EcoCore_CSU","CO3",0.0050,"milligramsPerLiter",5.7,,0,"formatChange","GOOD"
"fa3986ef-e4eb-4a34-9cd7-0e216d75a1f5","D10","ARIK","ARIK.AOS.groundwater.well.002","ARIK.W2.20180419.FIL","A00000017627","2018-04-19T15:03Z","2018-04-19T15:03Z","EcoCore_CSU","K",5.6482,"milligramsPerLiter",5.7,,0,"formatChange","GOOD"
"33b37c10-be54-4f34-871a-a94e14ad2487","D10","ARIK","ARIK.AOS.groundwater.well.002","ARIK.W2.20180419.RAW","A00000017631","2018-04-19T15:03Z","2018-04-19T15:03Z","EcoCore_CSU","ANC",4.1500,"milliequivalentsPerLiter",5.7,,0,"formatChange","GOOD"
"c90c3792-1044-4148-bb20-be4567fdd7b1","D10","ARIK","ARIK.AOS.groundwater.well.002","ARIK.W2.20180419.FIL","A00000017627","2018-04-19T15:03Z","2018-04-19T15:03Z","EcoCore_CSU","UV Absorbance (250 nm)",0.0173,,5.7,,0,"formatChange","GOOD"
"6d9ec6d6-3e03-4f86-924a-cd4e01166a4e","D10","ARIK","ARIK.AOS.groundwater.well.002","ARIK.W2.20180419.FIL","A00000017627","2018-04-19T15:03Z","2018-04-19T15:03Z","EcoCore_CSU","DOC",1.1210,"milligramsPerLiter",5.7,,0,"formatChange","GOOD"
"18f78ce0-473c-48c7-909e-8bcf9272159e","D10","ARIK","ARIK.AOS.groundwater.well.002","ARIK.W2.20180419.FIL","A00000017627","2018-04-19T15:03Z","2018-04-19T15:03Z","EcoCore_CSU","Mg",13.1331,"milligramsPerLiter",5.7,,0,"formatChange","GOOD"
"cabd4136-3d8f-42ab-b492-34c91224eb57","D10","ARIK","ARIK.AOS.groundwater.well.002","ARIK.W2.20180419.RAW","A00000017631","2018-04-19T15:03Z","2018-04-19T15:03Z","EcoCore_CSU","TP",0.0250,"milligramsPerLiter",5.7,,0,"formatChange","GOOD"
"896af86c-e745-4501-a519-701683a0eb5c","D10","ARIK","ARIK.AOS.groundwater.well.002","ARIK.W2.20180419.RAW","A00000017631","2018-04-19T15:03Z","2018-04-19T15:03Z","EcoCore_CSU","TOC",0.8310,"milligramsPerLiter",5.7,,0,"formatChange","GOOD"
"0a869497-7a77-4bee-902a-490de23a7cd3","D10","ARIK","ARIK.AOS.groundwater.well.002","ARIK.W2.20180419.RAW","A00000017631","2018-04-19T15:03Z","2018-04-19T15:03Z","EcoCore_CSU","pH",7.5700,"pH",5.7,,0,"formatChange","GOOD"
"63aad947-f02d-4489-8974-36824ba04ea9","D10","ARIK","ARIK.AOS.groundwater.well.002","ARIK.W2.20180419.FIL","A00000017627","2018-04-19T15:03Z","2018-04-19T15:03Z","EcoCore_CSU","TDS",310.8000,"milligramsPerLiter",5.7,,0,"formatChange","GOOD"
"fbcd0d93-529b-4092-8416-183da8ffec67","D10","ARIK","ARIK.AOS.groundwater.well.002","ARIK.W2.20180419.RAW","A00000017631","2018-04-19T15:03Z","2018-04-19T15:03Z","EcoCore_CSU","TN",1.9670,"milligramsPerLiter",5.7,,0,"formatChange","GOOD"
"60d7aef5-efc5-4975-80b1-cb88467e0dbf","D10","ARIK","ARIK.AOS.groundwater.well.002","ARIK.W2.20180419.FIL","A00000017627","2018-04-19T15:03Z","2018-04-19T15:03Z","EcoCore_CSU","F",0.0050,"milligramsPerLiter",5.7,,0,"formatChange","GOOD"
"ebb09ef2-90e3-4c2f-a692-3ef9fcff85ae","D10","ARIK","ARIK.AOS.groundwater.well.002","ARIK.W2.20180419.FIL","A00000017627","2018-04-19T15:03Z","2018-04-19T15:03Z","EcoCore_CSU","HCO3",232.3700,"milligramsPerLiter",5.7,,0,"formatChange","GOOD"
"65a9d63a-d3de-4f42-9f14-357b09ccbdcd","D10","ARIK","ARIK.AOS.groundwater.well.002","ARIK.W2.20180419.FIL","A00000017627","2018-04-19T15:03Z","2018-04-19T15:03Z","EcoCore_CSU","Fe",0.0005,"milligramsPerLiter",5.7,,0,"formatChange","GOOD"
"bb7bc529-2090-44a2-b098-169b8eca0fcf","D10","ARIK","ARIK.AOS.groundwater.well.002","ARIK.W2.20180419.FIL","A00000017627","2018-04-19T15:03Z","2018-04-19T15:03Z","EcoCore_CSU","Cl",9.7024,"milligramsPerLiter",5.7,,0,"formatChange","GOOD"
"fa0926dd-91db-41df-b708-b145e0cd3110","D10","ARIK","ARIK.AOS.groundwater.well.002","ARIK.W2.20180419.FIL","A00000017627","2018-04-19T15:03Z","2018-04-19T15:03Z","EcoCore_CSU","NO3+NO2 - N",1.9016,"milligramsPerLiter",5.7,,0,"formatChange","GOOD"
"427f07d1-8493-4b89-b6e3-b85eff9be07c","D10","ARIK","ARIK.AOS.groundwater.well.005","ARIK.W5.20180419.RAW","A00000017632","2018-04-19T16:02Z","2018-04-19T16:02Z","EcoCore_CSU","TP",0.0204,"milligramsPerLiter",5.7,,0,"formatChange","GOOD"
"d6f5814d-fa02-4a7d-89c2-964beaa9dd54","D10","ARIK","ARIK.AOS.groundwater.well.005","ARIK.W5.20180419.FIL","A00000017628","2018-04-19T16:02Z","2018-04-19T16:02Z","EcoCore_CSU","DOC",3.0490,"milligramsPerLiter",5.7,,0,"formatChange","GOOD"
"8aae247b-66cd-4885-b005-ee1685e8a0c4","D10","ARIK","ARIK.AOS.groundwater.well.005","ARIK.W5.20180419.FIL","A00000017628","2018-04-19T16:02Z","2018-04-19T16:02Z","EcoCore_CSU","NH4 - N",0.0699,"milligramsPerLiter",5.7,,0,"formatChange","GOOD"
"18616115-4733-4f14-abcb-cb25e4262c41","D10","ARIK","ARIK.AOS.groundwater.well.005","ARIK.W5.20180419.FIL","A00000017628","2018-04-19T16:02Z","2018-04-19T16:02Z","EcoCore_CSU","TDS",449.2000,"milligramsPerLiter",5.7,,0,"formatChange","GOOD"
"0520c78d-90b1-41e4-95cd-9924624436d5","D10","ARIK","ARIK.AOS.groundwater.well.005","ARIK.W5.20180419.RAW","A00000017632","2018-04-19T16:02Z","2018-04-19T16:02Z","EcoCore_CSU","TSS - Dry Mass",300.0000,"microgram",5.7,,0,"formatChange","GOOD"
"8bb4e18f-14b2-49bd-8ef6-d209ee8988f8","D10","ARIK","ARIK.AOS.groundwater.well.005","ARIK.W5.20180419.FIL","A00000017628","2018-04-19T16:02Z","2018-04-19T16:02Z","EcoCore_CSU","CO3",0.0050,"milligramsPerLiter",5.7,,0,"formatChange","GOOD"
"21e21506-ea40-4175-bb26-d42c228a0996","D10","ARIK","ARIK.AOS.groundwater.well.005","ARIK.W5.20180419.FIL","A00000017628","2018-04-19T16:02Z","2018-04-19T16:02Z","EcoCore_CSU","DIC",78.6500,"milligramsPerLiter",5.7,,0,"formatChange","GOOD"
"9feac4a4-d519-44f0-a4bf-b8927320411e","D10","ARIK","ARIK.AOS.groundwater.well.005","ARIK.W5.20180419.FIL","A00000017628","2018-04-19T16:02Z","2018-04-19T16:02Z","EcoCore_CSU","Mg",16.1214,"milligramsPerLiter",5.7,,0,"formatChange","GOOD"
"beca2785-4084-461c-a5ad-265d7605206b","D10","ARIK","ARIK.AOS.groundwater.well.005","ARIK.W5.20180419.FIL","A00000017628","2018-04-19T16:02Z","2018-04-19T16:02Z","EcoCore_CSU","Si",26.4053,"milligramsPerLiter",5.7,,0,"formatChange","GOOD"
"93e5e796-7468-4d55-a57c-e4272c4eed27","D10","ARIK","ARIK.AOS.groundwater.well.005","ARIK.W5.20180419.FIL","A00000017628","2018-04-19T16:02Z","2018-04-19T16:02Z","EcoCore_CSU","TDP",0.0073,"milligramsPerLiter",5.7,,0,"formatChange","GOOD"
"194045d7-445a-4cb0-a9af-2910be121b36","D10","ARIK","ARIK.AOS.groundwater.well.005","ARIK.W5.20180419.RAW","A00000017632","2018-04-19T16:02Z","2018-04-19T16:02Z","EcoCore_CSU","conductivity",635.2000,"microsiemensPerCentimeter",5.7,,0,"formatChange","GOOD"
"17efc3df-fe89-4e29-a3b9-8bea1a4a3279","D10","ARIK","ARIK.AOS.groundwater.well.005","ARIK.W5.20180419.FIL","A00000017628","2018-04-19T16:02Z","2018-04-19T16:02Z","EcoCore_CSU","NO2 - N",0.0135,"milligramsPerLiter",5.7,,0,"formatChange","GOOD"
"4a13ae59-5b8e-45c1-ae72-a49e05fb8db0","D10","ARIK","ARIK.AOS.groundwater.well.005","ARIK.W5.20180419.RAW","A00000017632","2018-04-19T16:02Z","2018-04-19T16:02Z","EcoCore_CSU","TOC",2.9720,"milligramsPerLiter",5.7,,0,"formatChange","GOOD"
"31e886a8-3762-49a9-b8c8-47698ae37f8a","D10","ARIK","ARIK.AOS.groundwater.well.005","ARIK.W5.20180419.FIL","A00000017628","2018-04-19T16:02Z","2018-04-19T16:02Z","EcoCore_CSU","F",0.0050,"milligramsPerLiter",5.7,,0,"formatChange","GOOD"
"100ba549-4e6d-4974-b1be-f93bd0fe74f8","D10","ARIK","ARIK.AOS.groundwater.well.005","ARIK.W5.20180419.PCN","A00000017653","2018-04-19T16:02Z","2018-04-19T16:02Z","EcoCore_CSU","TPC",0.3005,"milligram",5.7,,0,"formatChange","GOOD"
"13f2989a-087a-467b-b940-2fe5a80de1d9","D10","ARIK","ARIK.AOS.groundwater.well.005","ARIK.W5.20180419.FIL","A00000017628","2018-04-19T16:02Z","2018-04-19T16:02Z","EcoCore_CSU","Fe",0.0497,"milligramsPerLiter",5.7,,0,"formatChange","GOOD"
"0224a3f2-9075-490e-81e3-daea23060d89","D10","ARIK","ARIK.AOS.groundwater.well.005","ARIK.W5.20180419.PCN","A00000017653","2018-04-19T16:02Z","2018-04-19T16:02Z","EcoCore_CSU","TPN",0.0494,"milligram",5.7,,0,"formatChange","GOOD"
"27460ec3-f7d0-4567-9d9c-d01b029978a3","D10","ARIK","ARIK.AOS.groundwater.well.005","ARIK.W5.20180419.RAW","A00000017632","2018-04-19T16:02Z","2018-04-19T16:02Z","EcoCore_CSU","pH",7.2900,"pH",5.7,,0,"formatChange","GOOD"
"ba5f625c-c29f-4419-9b00-ab4b7b282a2f","D10","ARIK","ARIK.AOS.groundwater.well.005","ARIK.W5.20180419.FIL","A00000017628","2018-04-19T16:02Z","2018-04-19T16:02Z","EcoCore_CSU","Ca",75.0327,"milligramsPerLiter",5.7,,0,"formatChange","GOOD"
"d9c01d97-deb2-4d4a-840d-77f19eba2d38","D10","ARIK","ARIK.AOS.groundwater.well.005","ARIK.W5.20180419.FIL","A00000017628","2018-04-19T16:02Z","2018-04-19T16:02Z","EcoCore_CSU","Na",22.4984,"milligramsPerLiter",5.7,,0,"formatChange","GOOD"
"b73b67fc-eefe-4296-bb9e-83211b2dfd16","D10","ARIK","ARIK.AOS.groundwater.well.005","ARIK.W5.20180419.FIL","A00000017628","2018-04-19T16:02Z","2018-04-19T16:02Z","EcoCore_CSU","NO3+NO2 - N",0.0155,"milligramsPerLiter",5.7,,0,"formatChange","GOOD"
"41e052b2-a731-4218-b4ce-c1eef0c08922","D10","ARIK","ARIK.AOS.groundwater.well.005","ARIK.W5.20180419.FIL","A00000017628","2018-04-19T16:02Z","2018-04-19T16:02Z","EcoCore_CSU","K",7.0356,"milligramsPerLiter",5.7,,0,"formatChange","GOOD"
"1157c0e7-de93-43b1-8bca-8eb77e581fdd","D10","ARIK","ARIK.AOS.groundwater.well.005","ARIK.W5.20180419.FIL","A00000017628","2018-04-19T16:02Z","2018-04-19T16:02Z","EcoCore_CSU","Cl",11.5322,"milligramsPerLiter",5.7,,0,"formatChange","GOOD"
"fd36f90a-8d39-4dfd-ab60-6af6306b4187","D10","ARIK","ARIK.AOS.groundwater.well.005","ARIK.W5.20180419.FIL","A00000017628","2018-04-19T16:02Z","2018-04-19T16:02Z","EcoCore_CSU","Br",0.0050,"milligramsPerLiter",5.7,,0,"formatChange","GOOD"
"f706efca-a8c2-4530-9a56-6c7a844161ad","D10","ARIK","ARIK.AOS.groundwater.well.005","ARIK.W5.20180419.FIL","A00000017628","2018-04-19T16:02Z","2018-04-19T16:02Z","EcoCore_CSU","SO4",5.2880,"milligramsPerLiter",5.7,,0,"formatChange","GOOD"
"1e743847-b07c-42cd-9395-962325814270","D10","ARIK","ARIK.AOS.groundwater.well.005","ARIK.W5.20180419.FIL","A00000017628","2018-04-19T16:02Z","2018-04-19T16:02Z","EcoCore_CSU","HCO3",375.4900,"milligramsPerLiter",5.7,,0,"formatChange","GOOD"
"88c67c49-fc8e-4d1e-969e-586fabc73ef8","D10","ARIK","ARIK.AOS.groundwater.well.005","ARIK.W5.20180419.FIL","A00000017628","2018-04-19T16:02Z","2018-04-19T16:02Z","EcoCore_CSU","Mn",0.1420,"milligramsPerLiter",5.7,,0,"formatChange","GOOD"
"a2ff2a09-2657-4660-b3b9-119b266f68bc","D10","ARIK","ARIK.AOS.groundwater.well.005","ARIK.W5.20180419.FIL","A00000017628","2018-04-19T16:02Z","2018-04-19T16:02Z","EcoCore_CSU","UV Absorbance (250 nm)",0.0967,,5.7,,0,"formatChange","GOOD"
"f7bf4866-74d8-4ad1-970f-36982129842f","D10","ARIK","ARIK.AOS.groundwater.well.005","ARIK.W5.20180419.RAW","A00000017632","2018-04-19T16:02Z","2018-04-19T16:02Z","EcoCore_CSU","TN",0.4301,"milligramsPerLiter",5.7,,0,"formatChange","GOOD"
"ae9b0273-f6e3-48a0-8e22-85fe46dab66d","D10","ARIK","ARIK.AOS.groundwater.well.005","ARIK.W5.20180419.RAW","A00000017632","2018-04-19T16:02Z","2018-04-19T16:02Z","EcoCore_CSU","TSS",6.0000,"milligramsPerLiter",5.7,,0,"formatChange","GOOD"
"968a199e-d29c-439a-ac05-d736816debf9","D10","ARIK","ARIK.AOS.groundwater.well.005","ARIK.W5.20180419.FIL","A00000017628","2018-04-19T16:02Z","2018-04-19T16:02Z","EcoCore_CSU","TDN",0.4411,"milligramsPerLiter",5.7,,0,"formatChange","GOOD"
"20f1ea3c-1551-40a1-9019-79935fa1ed0f","D10","ARIK","ARIK.AOS.groundwater.well.005","ARIK.W5.20180419.FIL","A00000017628","2018-04-19T16:02Z","2018-04-19T16:02Z","EcoCore_CSU","Ortho - P",0.0680,"milligramsPerLiter",5.7,,0,"formatChange","GOOD"
"66b19b04-3976-4dfb-9928-bd44e00e98e2","D10","ARIK","ARIK.AOS.groundwater.well.005","ARIK.W5.20180419.RAW","A00000017632","2018-04-19T16:02Z","2018-04-19T16:02Z","EcoCore_CSU","ANC",0.5600,"milliequivalentsPerLiter",5.7,,0,"formatChange","GOOD"
"af8bfe9f-0582-4c07-96d9-0255d2225ed5","D10","ARIK","ARIK.AOS.groundwater.well.005","ARIK.W5.20180419.FIL","A00000017628","2018-04-19T16:02Z","2018-04-19T16:02Z","EcoCore_CSU","UV Absorbance (280 nm)",0.0615,,5.7,,0,"formatChange","GOOD"
"1950615f-4dba-46bf-9046-8cae7f07d768","D10","ARIK","ARIK.AOS.groundwater.well.004","ARIK.W4.20180419.FIL","A00000017629","2018-04-19T16:47Z","2018-04-19T16:47Z","EcoCore_CSU","Na",24.8300,"milligramsPerLiter",5.7,,0,"formatChange","GOOD"
"bdfcc4b8-377f-42d6-b6f7-51f6bc372462","D10","ARIK","ARIK.AOS.groundwater.well.004","ARIK.W4.20180419.RAW","A00000017639","2018-04-19T16:47Z","2018-04-19T16:47Z","EcoCore_CSU","TP",0.0599,"milligramsPerLiter",5.7,,0,"formatChange","GOOD"
"e82cb553-45b0-4df7-843a-1d3542181b62","D10","ARIK","ARIK.AOS.groundwater.well.004","ARIK.W4.20180419.FIL","A00000017629","2018-04-19T16:47Z","2018-04-19T16:47Z","EcoCore_CSU","Mg",18.7580,"milligramsPerLiter",5.7,,0,"formatChange","GOOD"
"90d9ddbe-eb54-4335-8e0f-c50bd5244e1d","D10","ARIK","ARIK.AOS.groundwater.well.004","ARIK.W4.20180419.FIL","A00000017629","2018-04-19T16:47Z","2018-04-19T16:47Z","EcoCore_CSU","TDN",0.0631,"milligramsPerLiter",5.7,,0,"formatChange","GOOD"
"5ef142b3-6f26-4c3f-8189-4b3d49b174e7","D10","ARIK","ARIK.AOS.groundwater.well.004","ARIK.W4.20180419.FIL","A00000017629","2018-04-19T16:47Z","2018-04-19T16:47Z","EcoCore_CSU","K",7.4329,"milligramsPerLiter",5.7,,0,"formatChange","GOOD"
"7725a86e-66d6-4d08-95ec-8cad600774e9","D10","ARIK","ARIK.AOS.groundwater.well.004","ARIK.W4.20180419.PCN","A00000017654","2018-04-19T16:47Z","2018-04-19T16:47Z","EcoCore_CSU","TPC",0.2653,"milligram",5.7,,0,"formatChange","GOOD"
"6577cc78-92bd-4640-ba17-a4c9ba90ea7e","D10","ARIK","ARIK.AOS.groundwater.well.004","ARIK.W4.20180419.RAW","A00000017639","2018-04-19T16:47Z","2018-04-19T16:47Z","EcoCore_CSU","pH",7.2800,"pH",5.7,,0,"formatChange","GOOD"
"59424b81-3e09-4acc-97ac-721a951dc740","D10","ARIK","ARIK.AOS.groundwater.well.004","ARIK.W4.20180419.FIL","A00000017629","2018-04-19T16:47Z","2018-04-19T16:47Z","EcoCore_CSU","UV Absorbance (280 nm)",0.1460,,5.7,,0,"formatChange","GOOD"
"72f3890b-385b-470d-8ee5-5e9785128ac2","D10","ARIK","ARIK.AOS.groundwater.well.004","ARIK.W4.20180419.FIL","A00000017629","2018-04-19T16:47Z","2018-04-19T16:47Z","EcoCore_CSU","Ca",77.0937,"milligramsPerLiter",5.7,,0,"formatChange","GOOD"
"2aa7dc83-9f32-4f84-8566-fd63e1519cb2","D10","ARIK","ARIK.AOS.groundwater.well.004","ARIK.W4.20180419.FIL","A00000017629","2018-04-19T16:47Z","2018-04-19T16:47Z","EcoCore_CSU","Cl",9.6334,"milligramsPerLiter",5.7,,0,"formatChange","GOOD"
"f03dd765-2056-428a-91e2-81770e0cfc22","D10","ARIK","ARIK.AOS.groundwater.well.004","ARIK.W4.20180419.FIL","A00000017629","2018-04-19T16:47Z","2018-04-19T16:47Z","EcoCore_CSU","SO4",1.0875,"milligramsPerLiter",5.7,,0,"formatChange","GOOD"
"97e3f321-88ce-441f-9515-615517432b40","D10","ARIK","ARIK.AOS.groundwater.well.004","ARIK.W4.20180419.RAW","A00000017639","2018-04-19T16:47Z","2018-04-19T16:47Z","EcoCore_CSU","TN",0.4035,"milligramsPerLiter",5.7,,0,"formatChange","GOOD"
"8afedae5-0f43-4984-8125-a0ad22c02bd3","D10","ARIK","ARIK.AOS.groundwater.well.004","ARIK.W4.20180419.RAW","A00000017639","2018-04-19T16:47Z","2018-04-19T16:47Z","EcoCore_CSU","TOC",3.8200,"milligramsPerLiter",5.7,,0,"formatChange","GOOD"
"5cb31d79-5e65-444b-b8b1-28fe133494f7","D10","ARIK","ARIK.AOS.groundwater.well.004","ARIK.W4.20180419.RAW","A00000017639","2018-04-19T16:47Z","2018-04-19T16:47Z","EcoCore_CSU","conductivity",665.6000,"microsiemensPerCentimeter",5.7,,0,"formatChange","GOOD"
"2ecffa95-fb6d-49ac-ad25-6fb846f5ef3a","D10","ARIK","ARIK.AOS.groundwater.well.004","ARIK.W4.20180419.RAW","A00000017639","2018-04-19T16:47Z","2018-04-19T16:47Z","EcoCore_CSU","ANC",6.9300,"milliequivalentsPerLiter",5.7,,0,"formatChange","GOOD"
"eb6047ee-c22b-4ddc-b7de-adc68db1d09c","D10","ARIK","ARIK.AOS.groundwater.well.004","ARIK.W4.20180419.FIL","A00000017629","2018-04-19T16:47Z","2018-04-19T16:47Z","EcoCore_CSU","Ortho - P",0.0680,"milligramsPerLiter",5.7,,0,"formatChange","GOOD"
"1bd6a14c-9122-4951-a75d-73da552d664f","D10","ARIK","ARIK.AOS.groundwater.well.004","ARIK.W4.20180419.FIL","A00000017629","2018-04-19T16:47Z","2018-04-19T16:47Z","EcoCore_CSU","NO3+NO2 - N",0.0117,"milligramsPerLiter",5.7,,0,"formatChange","GOOD"
"3e0d3879-05a1-4bc5-b0ae-1adecb54d3b3","D10","ARIK","ARIK.AOS.groundwater.well.004","ARIK.W4.20180419.PCN","A00000017654","2018-04-19T16:47Z","2018-04-19T16:47Z","EcoCore_CSU","TPN",0.0598,"milligram",5.7,,0,"formatChange","GOOD"
"9c6e8561-048b-41ec-b579-3305425ac4e0","D10","ARIK","ARIK.AOS.groundwater.well.004","ARIK.W4.20180419.FIL","A00000017629","2018-04-19T16:47Z","2018-04-19T16:47Z","EcoCore_CSU","DOC",4.0120,"milligramsPerLiter",5.7,,0,"formatChange","GOOD"
"d8e58dba-3b93-4fe7-afcf-c82219ee35f8","D10","ARIK","ARIK.AOS.groundwater.well.004","ARIK.W4.20180419.FIL","A00000017629","2018-04-19T16:47Z","2018-04-19T16:47Z","EcoCore_CSU","TDS",467.4000,"milligramsPerLiter",5.7,,0,"formatChange","GOOD"
"aa47921a-e18f-4a36-9226-6ce304ca1e76","D10","ARIK","ARIK.AOS.groundwater.well.004","ARIK.W4.20180419.FIL","A00000017629","2018-04-19T16:47Z","2018-04-19T16:47Z","EcoCore_CSU","Fe",0.3176,"milligramsPerLiter",5.7,,0,"formatChange","GOOD"
"bad9129c-41cc-458f-8c54-3eb2b2ee28c6","D10","ARIK","ARIK.AOS.groundwater.well.004","ARIK.W4.20180419.FIL","A00000017629","2018-04-19T16:47Z","2018-04-19T16:47Z","EcoCore_CSU","UV Absorbance (250 nm)",0.2003,,5.7,,0,"formatChange","GOOD"
"c76fba2c-1dc7-4a32-b40e-f739616c31a5","D10","ARIK","ARIK.AOS.groundwater.well.004","ARIK.W4.20180419.FIL","A00000017629","2018-04-19T16:47Z","2018-04-19T16:47Z","EcoCore_CSU","DIC",84.1900,"milligramsPerLiter",5.7,,0,"formatChange","GOOD"
"72f5c8fe-e0ba-4aca-901d-b9d72225aa5c","D10","ARIK","ARIK.AOS.groundwater.well.004","ARIK.W4.20180419.FIL","A00000017629","2018-04-19T16:47Z","2018-04-19T16:47Z","EcoCore_CSU","F",0.0050,"milligramsPerLiter",5.7,,0,"formatChange","GOOD"
"7a73e421-43b2-4917-bb59-6dbd85cc626a","D10","ARIK","ARIK.AOS.groundwater.well.004","ARIK.W4.20180419.FIL","A00000017629","2018-04-19T16:47Z","2018-04-19T16:47Z","EcoCore_CSU","HCO3",407.6900,"milligramsPerLiter",5.7,,0,"formatChange","GOOD"
"b205d38c-1804-4505-bf1f-24c3d2d639e4","D10","ARIK","ARIK.AOS.groundwater.well.004","ARIK.W4.20180419.RAW","A00000017639","2018-04-19T16:47Z","2018-04-19T16:47Z","EcoCore_CSU","TSS - Dry Mass",300.0000,"microgram",5.7,,0,"formatChange","GOOD"
"8e720304-c1d9-4542-81e8-83959393f178","D10","ARIK","ARIK.AOS.groundwater.well.004","ARIK.W4.20180419.FIL","A00000017629","2018-04-19T16:47Z","2018-04-19T16:47Z","EcoCore_CSU","Br",0.0050,"milligramsPerLiter",5.7,,0,"formatChange","GOOD"
"097e12c5-abfb-4634-b8de-64e16112e5ba","D10","ARIK","ARIK.AOS.groundwater.well.004","ARIK.W4.20180419.FIL","A00000017629","2018-04-19T16:47Z","2018-04-19T16:47Z","EcoCore_CSU","NH4 - N",0.1624,"milligramsPerLiter",5.7,,0,"formatChange","GOOD"
"c9051184-d9a7-425e-99f8-553668788d76","D10","ARIK","ARIK.AOS.groundwater.well.004","ARIK.W4.20180419.FIL","A00000017629","2018-04-19T16:47Z","2018-04-19T16:47Z","EcoCore_CSU","Si",26.2280,"milligramsPerLiter",5.7,,0,"formatChange","GOOD"
"7ccc573d-aa6a-4f48-a0fa-423cbb14f4a5","D10","ARIK","ARIK.AOS.groundwater.well.004","ARIK.W4.20180419.FIL","A00000017629","2018-04-19T16:47Z","2018-04-19T16:47Z","EcoCore_CSU","CO3",0.0050,"milligramsPerLiter",5.7,,0,"formatChange","GOOD"
"c6849322-dd33-4a7b-ad21-8df5e237aa26","D10","ARIK","ARIK.AOS.groundwater.well.004","ARIK.W4.20180419.RAW","A00000017639","2018-04-19T16:47Z","2018-04-19T16:47Z","EcoCore_CSU","TSS",6.0000,"milligramsPerLiter",5.7,,0,"formatChange","GOOD"
"2ca888b9-3538-42b3-aa5e-61ce286a05d5","D10","ARIK","ARIK.AOS.groundwater.well.004","ARIK.W4.20180419.FIL","A00000017629","2018-04-19T16:47Z","2018-04-19T16:47Z","EcoCore_CSU","NO2 - N",0.0135,"milligramsPerLiter",5.7,,0,"formatChange","GOOD"
"ce2b6ab7-5499-4fe7-852c-57bda650e9f4","D10","ARIK","ARIK.AOS.groundwater.well.004","ARIK.W4.20180419.FIL","A00000017629","2018-04-19T16:47Z","2018-04-19T16:47Z","EcoCore_CSU","Mn",0.3413,"milligramsPerLiter",5.7,,0,"formatChange","GOOD"
"521e5269-8eb1-4748-9ef4-281e1a63e131","D10","ARIK","ARIK.AOS.groundwater.well.004","ARIK.W4.20180419.FIL","A00000017629","2018-04-19T16:47Z","2018-04-19T16:47Z","EcoCore_CSU","TDP",0.0417,"milligramsPerLiter",5.7,,0,"formatChange","GOOD"
"0976fa24-f6a8-48b9-a5ca-9413bce1124a","D10","ARIK","ARIK.AOS.groundwater.well.001","ARIK.W1.20180419.FIL","A00000017626","2018-04-19T17:41Z","2018-04-19T17:41Z","EcoCore_CSU","CO3",0.0050,"milligramsPerLiter",5.7,,0,"formatChange","GOOD"
"898ec4de-6003-47e2-b60d-69f5f7743112","D10","ARIK","ARIK.AOS.groundwater.well.001","ARIK.W1.20180419.FIL","A00000017626","2018-04-19T17:41Z","2018-04-19T17:41Z","EcoCore_CSU","SO4",15.8035,"milligramsPerLiter",5.7,,0,"formatChange","GOOD"
"506faebb-35fd-4e1f-b7e5-5b57f168064b","D10","ARIK","ARIK.AOS.groundwater.well.001","ARIK.W1.20180419.PCN","A00000017655","2018-04-19T17:41Z","2018-04-19T17:41Z","EcoCore_CSU","TPC",0.3187,"milligram",5.7,,0,"formatChange","GOOD"
"17cd070c-49ce-45d3-bd3a-99e01b4c9577","D10","ARIK","ARIK.AOS.groundwater.well.001","ARIK.W1.20180419.FIL","A00000017626","2018-04-19T17:41Z","2018-04-19T17:41Z","EcoCore_CSU","Cl",7.3065,"milligramsPerLiter",5.7,,0,"formatChange","GOOD"
"e0f89114-cb31-4c1f-af2b-b978261c581b","D10","ARIK","ARIK.AOS.groundwater.well.001","ARIK.W1.20180419.FIL","A00000017626","2018-04-19T17:41Z","2018-04-19T17:41Z","EcoCore_CSU","F",0.0050,"milligramsPerLiter",5.7,,0,"formatChange","GOOD"
"e767a64f-6b8b-4d38-a7a3-0ec4ce71c9e0","D10","ARIK","ARIK.AOS.groundwater.well.001","ARIK.W1.20180419.FIL","A00000017626","2018-04-19T17:41Z","2018-04-19T17:41Z","EcoCore_CSU","NO3+NO2 - N",1.6617,"milligramsPerLiter",5.7,,0,"formatChange","GOOD"
"54ec5d04-4b56-43eb-8a18-30060faeb93d","D10","ARIK","ARIK.AOS.groundwater.well.001","ARIK.W1.20180419.FIL","A00000017626","2018-04-19T17:41Z","2018-04-19T17:41Z","EcoCore_CSU","Ortho - P",0.0640,"milligramsPerLiter",5.7,,0,"formatChange","GOOD"
"c85e6db7-a334-44f7-a45c-6e5f03d4c4ac","D10","ARIK","ARIK.AOS.groundwater.well.001","ARIK.W1.20180419.FIL","A00000017626","2018-04-19T17:41Z","2018-04-19T17:41Z","EcoCore_CSU","NO2 - N",0.0127,"milligramsPerLiter",5.7,,0,"formatChange","GOOD"
"a25bd33f-15cb-4ed3-9a0f-acc3040f4bd8","D10","ARIK","ARIK.AOS.groundwater.well.001","ARIK.W1.20180419.FIL","A00000017626","2018-04-19T17:41Z","2018-04-19T17:41Z","EcoCore_CSU","TDN",1.7420,"milligramsPerLiter",5.7,,0,"formatChange","GOOD"
"93bedb50-1cf8-41a7-b3ed-19eb65e2cb3d","D10","ARIK","ARIK.AOS.groundwater.well.001","ARIK.W1.20180419.RAW","A00000017630","2018-04-19T17:41Z","2018-04-19T17:41Z","EcoCore_CSU","ANC",4.0200,"milliequivalentsPerLiter",5.7,,0,"formatChange","GOOD"
"7d1b16b4-78c5-4c44-bb4d-9431f99736c1","D10","ARIK","ARIK.AOS.groundwater.well.001","ARIK.W1.20180419.PCN","A00000017655","2018-04-19T17:41Z","2018-04-19T17:41Z","EcoCore_CSU","TPN",0.0487,"milligram",5.7,,0,"formatChange","GOOD"
"16f941c0-ba55-4f1c-8eb2-235c78ea23fd","D10","ARIK","ARIK.AOS.groundwater.well.001","ARIK.W1.20180419.FIL","A00000017626","2018-04-19T17:41Z","2018-04-19T17:41Z","EcoCore_CSU","UV Absorbance (280 nm)",0.0138,,5.7,,0,"formatChange","GOOD"
"5896de5d-3800-4b8f-8c25-0ad38fda9a04","D10","ARIK","ARIK.AOS.groundwater.well.001","ARIK.W1.20180419.RAW","A00000017630","2018-04-19T17:41Z","2018-04-19T17:41Z","EcoCore_CSU","TP",0.0374,"milligramsPerLiter",5.7,,0,"formatChange","GOOD"
"237dcd88-8115-4e3f-a1b9-9b55f1a7c203","D10","ARIK","ARIK.AOS.groundwater.well.001","ARIK.W1.20180419.FIL","A00000017626","2018-04-19T17:41Z","2018-04-19T17:41Z","EcoCore_CSU","DIC",46.6100,"milligramsPerLiter",5.7,,0,"formatChange","GOOD"
"0985da80-bc0a-424a-a28e-aedb10278267","D10","ARIK","ARIK.AOS.groundwater.well.001","ARIK.W1.20180419.RAW","A00000017630","2018-04-19T17:41Z","2018-04-19T17:41Z","EcoCore_CSU","pH",7.6600,"pH",5.7,,0,"formatChange","GOOD"
"fb07c776-736b-45ae-a969-d69d267c1edd","D10","ARIK","ARIK.AOS.groundwater.well.001","ARIK.W1.20180419.FIL","A00000017626","2018-04-19T17:41Z","2018-04-19T17:41Z","EcoCore_CSU","Ca",44.2006,"milligramsPerLiter",5.7,,0,"formatChange","GOOD"
"97d6b79c-eb65-43a1-914e-7573a0661205","D10","ARIK","ARIK.AOS.groundwater.well.001","ARIK.W1.20180419.FIL","A00000017626","2018-04-19T17:41Z","2018-04-19T17:41Z","EcoCore_CSU","Mn",0.0005,"milligramsPerLiter",5.7,,0,"formatChange","GOOD"
"14d35da7-b5d9-4726-8790-6ea15f6cf639","D10","ARIK","ARIK.AOS.groundwater.well.001","ARIK.W1.20180419.RAW","A00000017630","2018-04-19T17:41Z","2018-04-19T17:41Z","EcoCore_CSU","conductivity",432.9000,"microsiemensPerCentimeter",5.7,,0,"formatChange","GOOD"
"52110f72-63c1-4618-a54d-015bd0889371","D10","ARIK","ARIK.AOS.groundwater.well.001","ARIK.W1.20180419.FIL","A00000017626","2018-04-19T17:41Z","2018-04-19T17:41Z","EcoCore_CSU","TDP",0.0160,"milligramsPerLiter",5.7,,0,"formatChange","GOOD"
"d91be776-3e32-44a4-a48d-754c480a74b4","D10","ARIK","ARIK.AOS.groundwater.well.001","ARIK.W1.20180419.FIL","A00000017626","2018-04-19T17:41Z","2018-04-19T17:41Z","EcoCore_CSU","Br",0.0050,"milligramsPerLiter",5.7,,0,"formatChange","GOOD"
"71282acc-4416-4b0b-bb08-ffff8c55a2c4","D10","ARIK","ARIK.AOS.groundwater.well.001","ARIK.W1.20180419.FIL","A00000017626","2018-04-19T17:41Z","2018-04-19T17:41Z","EcoCore_CSU","HCO3",241.6900,"milligramsPerLiter",5.7,,0,"formatChange","GOOD"
"c80dad50-09dd-4367-8b71-6ea304bdce79","D10","ARIK","ARIK.AOS.groundwater.well.001","ARIK.W1.20180419.FIL","A00000017626","2018-04-19T17:41Z","2018-04-19T17:41Z","EcoCore_CSU","Mg",13.0623,"milligramsPerLiter",5.7,,0,"formatChange","GOOD"
"55526dcc-85a9-4ce5-bfad-246fff22a7ee","D10","ARIK","ARIK.AOS.groundwater.well.001","ARIK.W1.20180419.FIL","A00000017626","2018-04-19T17:41Z","2018-04-19T17:41Z","EcoCore_CSU","Na",17.8779,"milligramsPerLiter",5.7,,0,"formatChange","GOOD"
"1ea3f40e-a9c1-4f02-a8db-57cbdafec49d","D10","ARIK","ARIK.AOS.groundwater.well.001","ARIK.W1.20180419.FIL","A00000017626","2018-04-19T17:41Z","2018-04-19T17:41Z","EcoCore_CSU","DOC",1.1260,"milligramsPerLiter",5.7,,0,"formatChange","GOOD"
"3d2060b2-1473-40cd-844d-a978582ebdb5","D10","ARIK","ARIK.AOS.groundwater.well.001","ARIK.W1.20180419.FIL","A00000017626","2018-04-19T17:41Z","2018-04-19T17:41Z","EcoCore_CSU","Si",26.4415,"milligramsPerLiter",5.7,,0,"formatChange","GOOD"
"279c491c-2aba-465f-b618-dc9817f52a46","D10","ARIK","ARIK.AOS.groundwater.well.001","ARIK.W1.20180419.FIL","A00000017626","2018-04-19T17:41Z","2018-04-19T17:41Z","EcoCore_CSU","UV Absorbance (250 nm)",0.0207,,5.7,,0,"formatChange","GOOD"
"fd0398ff-7513-4adb-b0e4-c10fa9f6a218","D10","ARIK","ARIK.AOS.groundwater.well.001","ARIK.W1.20180419.RAW","A00000017630","2018-04-19T17:41Z","2018-04-19T17:41Z","EcoCore_CSU","TSS - Dry Mass",800.0000,"microgram",5.7,,0,"formatChange","GOOD"
"512e2d1a-20db-48cd-b8b0-d8da6e3d8000","D10","ARIK","ARIK.AOS.groundwater.well.001","ARIK.W1.20180419.RAW","A00000017630","2018-04-19T17:41Z","2018-04-19T17:41Z","EcoCore_CSU","TN",0.0631,"milligramsPerLiter",5.7,,0,"formatChange","GOOD"
"52d15b65-976e-4aa6-a596-96e05e2dd820","D10","ARIK","ARIK.AOS.groundwater.well.001","ARIK.W1.20180419.FIL","A00000017626","2018-04-19T17:41Z","2018-04-19T17:41Z","EcoCore_CSU","NH4 - N",0.0077,"milligramsPerLiter",5.7,,0,"formatChange","GOOD"
"4be90c56-0c58-437c-9557-014975a44039","D10","ARIK","ARIK.AOS.groundwater.well.001","ARIK.W1.20180419.RAW","A00000017630","2018-04-19T17:41Z","2018-04-19T17:41Z","EcoCore_CSU","TOC",0.9427,"milligramsPerLiter",5.7,,0,"formatChange","GOOD"
"31a07fc4-5b3d-4157-b670-36f34ab71326","D10","ARIK","ARIK.AOS.groundwater.well.001","ARIK.W1.20180419.RAW","A00000017630","2018-04-19T17:41Z","2018-04-19T17:41Z","EcoCore_CSU","TSS",16.0000,"milligramsPerLiter",5.7,,0,"formatChange","GOOD"
"c19c661f-27d9-4c8b-9c8a-b2cde5e49fdd","D10","ARIK","ARIK.AOS.groundwater.well.001","ARIK.W1.20180419.FIL","A00000017626","2018-04-19T17:41Z","2018-04-19T17:41Z","EcoCore_CSU","TDS",304.6000,"milligramsPerLiter",5.7,,0,"formatChange","GOOD"
"96a82f9b-2c2a-4e00-90ee-6987ead9e4f2","D10","ARIK","ARIK.AOS.groundwater.well.001","ARIK.W1.20180419.FIL","A00000017626","2018-04-19T17:41Z","2018-04-19T17:41Z","EcoCore_CSU","Fe",0.0005,"milligramsPerLiter",5.7,,0,"formatChange","GOOD"
"2b5ec6da-5dd0-41b0-88bf-c5950f988b60","D10","ARIK","ARIK.AOS.groundwater.well.001","ARIK.W1.20180419.FIL","A00000017626","2018-04-19T17:41Z","2018-04-19T17:41Z","EcoCore_CSU","K",6.3130,"milligramsPerLiter",5.7,,0,"formatChange","GOOD"
