uid,domainID,siteID,namedLocation,collectDate,parentSampleID,sampleCondition,sampleID,replicateNumber,gwwDICBubbleFree,gwwFiltSampleHeadspace,gwwAlkSampleHeadspace,gwwAlkSampleBubbleFree,processedDate,processedDateFilters,sampleVolumeFiltered,shipmentTimeRange
"bb1999b2-a25b-4260-93d0-67ded50a2c78","D10","ARIK","ARIK.AOS.groundwater.well.002","2018-04-19T15:03Z","ARIK.W2.20180419","Sample condition ok","ARIK.W2.20180419",1,,,,,"2018-04-19T15:03Z","2018-04-19T18:03Z",250.0,
"54fba1cf-6cba-47c9-9578-4f97e9b66e48","D10","ARIK","ARIK.AOS.groundwater.well.005","2018-04-19T16:02Z","ARIK.W5.20180419","Sample condition ok","ARIK.W5.20180419",1,,,,,"2018-04-19T16:02Z","2018-04-19T18:30Z",250.0,
"408dd0d3-59c7-4144-bead-e53ee7140708","D10","ARIK","ARIK.AOS.groundwater.well.004","2018-04-19T16:47Z","ARIK.W4.20180419","Sample condition ok","ARIK.W4.20180419",1,,,,,"2018-04-19T16:47Z","2018-04-19T18:30Z",250.0,
"4b42949d-9130-437e-8ca4-95c3e6da69b9","D10","ARIK","ARIK.AOS.groundwater.well.001","2018-04-19T17:41Z","ARIK.W1.20180419","Sample condition ok","ARIK.W1.20180419",1,,,,,"2018-04-19T17:41Z","2018-04-19T18:37Z",350.0,
