uid,domainID,siteID,namedLocation,decimalLatitude,decimalLongitude,coordinateUncertainty,elevation,elevationUncertainty,geodeticDatum,collectDate,aquaticSiteType,samplingImpractical,waterChemSamplesCollected,adequateSampleVol,parentSampleID,eventID,swcSamplingProtocolVersion,sampleExtractionMethod,samplerType,totalWellDepth,wellWaterDepth,waterColumnHeight,sampleDepth,purgeAverageDischargeRate,purgeTime,gwWellStabilized,purgeDryDateTime,pumpPlacementDate,screenedIntervalDepth,maxAllowableDrawdown,actualDrawdown,MADExceeded,wellVolumePurged,probeIDUnavailable,dissolvedOxygen,dissolvedOxygenSaturation,specificConductance,waterTemp,pH,waterClarityDescrip,waterColorDescrip,aCollectedBy,bCollectedBy,remarks
"6292e906-9bc1-4a5b-a5b1-8d1dc54c4765","D10","ARIK","ARIK.AOS.groundwater.well.002",39.757704,-102.447584,0.1,1181.3,0.1,"WGS84","2018-04-19T15:03Z","stream",,,,"ARIK.W2.20180419","ARIK.20180419","NEON.DOC.002905vE","low-flow","Groundwater Pump",9.4,2.5,6.8,3.5,,,,,,,,,,4.5,,6.60,66.50,374.80,9.90,,"clear","colorless","Bnance@Battelleecology.org","Jswenson@battelleecology.org",
"c89692ed-34aa-4375-b1f3-60d14864f0cc","D10","ARIK","ARIK.AOS.groundwater.well.005",39.759687,-102.448224,0.1,1181.1,0.1,"WGS84","2018-04-19T16:02Z","stream",,,,"ARIK.W5.20180419","ARIK.20180419","NEON.DOC.002905vE","low-flow","Groundwater Pump",9.3,2.1,7.2,3.1,,,,,,,,,,5.0,,0.10,1.00,550.00,9.70,,"cloudy","colorless","Bnance@Battelleecology.org","Jswenson@battelleecology.org","iron bacteria present in well"
"fcb29f84-9379-449a-9f23-d4bbdd687365","D10","ARIK","ARIK.AOS.groundwater.well.004",39.760114,-102.451740,0.1,1182.7,0.1,"WGS84","2018-04-19T16:47Z","stream",,,,"ARIK.W4.20180419","ARIK.20180419","NEON.DOC.002905vE","low-flow","Groundwater Pump",8.9,1.9,7.0,2.9,,,,,,,,,,3.4,,0.07,0.70,564.00,9.10,,"cloudy","colorless","Bnance@Battelleecology.org","Jswenson@battelleecology.org",
"42e0fe54-2a05-45f9-a61d-9a1bdfa4bf85","D10","ARIK","ARIK.AOS.groundwater.well.001",39.758068,-102.452221,0.1,1184.4,0.1,"WGS84","2018-04-19T17:41Z","stream",,,,"ARIK.W1.20180419","ARIK.20180419","NEON.DOC.002905vE","low-flow","Groundwater Pump",9.1,3.5,5.5,4.5,,,,,,,,,,3.0,,9.95,103.40,387.60,12.00,,"clear","colorless","Jswenson@battelleecology.org","Bnance@Battelleecology.org",
