uid,domainID,siteID,namedLocation,collectDate,titrationDate,parentSampleID,domainSampleID,remarks,measuredBy,alkMeqPerL,alkMgPerL,ancMeqPerL,ancMgPerL
"765571fa-11e1-4a9c-bade-1d2cc378f7bc","D10","ARIK","ARIK.AOS.groundwater.well.002","2018-04-19T15:03Z","2018-04-20T14:34Z","ARIK.W2.20180419","ARIK.W2.20180419.ALK",,"bnance@battelleecology.org",3.360,168.000,,
"2b8e0dea-5d5b-490e-9b9f-18c406c6192e","D10","ARIK","ARIK.AOS.groundwater.well.005","2018-04-19T16:02Z","2018-04-20T14:50Z","ARIK.W5.20180419","ARIK.W5.20180419.ALK",,"bnance@battelleecology.org",5.590,280.000,,
"02bb2fba-a2bb-4c31-b428-a77e07927d81","D10","ARIK","ARIK.AOS.groundwater.well.004","2018-04-19T16:47Z","2018-04-20T15:15Z","ARIK.W4.20180419","ARIK.W4.20180419.ALK",,"rlehrter@battelleecology.org",6.110,306.000,,
"be99a873-f56c-4e80-ba03-ce3cb7297211","D10","ARIK","ARIK.AOS.groundwater.well.001","2018-04-19T17:41Z","2018-04-20T15:50Z","ARIK.W1.20180419","ARIK.W1.20180419.ALK",,"rlehrter@battelleecology.org",3.570,178.000,,
