uid,domainID,siteID,namedLocation,decimalLatitude,decimalLongitude,coordinateUncertainty,elevation,elevationUncertainty,geodeticDatum,collectDate,aquaticSiteType,samplingImpractical,waterChemSamplesCollected,adequateSampleVol,parentSampleID,eventID,swcSamplingProtocolVersion,sampleExtractionMethod,samplerType,totalWellDepth,wellWaterDepth,waterColumnHeight,sampleDepth,purgeAverageDischargeRate,purgeTime,gwWellStabilized,purgeDryDateTime,pumpPlacementDate,screenedIntervalDepth,maxAllowableDrawdown,actualDrawdown,MADExceeded,wellVolumePurged,probeIDUnavailable,dissolvedOxygen,dissolvedOxygenSaturation,specificConductance,waterTemp,pH,waterClarityDescrip,waterColorDescrip,aCollectedBy,bCollectedBy,remarks
"772d1bbb-c298-4a6a-832e-bccffbaa883b","D08","MAYF","MAYF.AOS.groundwater.well.001",32.960474,-87.407728,0.1,73.6,0.1,"WGS84","2020-03-11T16:37Z","stream",,"Y","Y","MAYF.W1.20200311","MAYF.20200311","NEON.DOC.002905vG","low-flow","Groundwater Pump",3.6,2.0,1.6,3.0,,,,,,,,,,5.0,,2.66,26.30,28.70,14.80,5.30,"cloudy","brown","0000-0002-4194-7642","0000-0003-1561-0904",
"5cf5353b-5b67-42dd-8d7d-6ac3d95a6cc3","D08","MAYF","MAYF.AOS.groundwater.well.002",32.960465,-87.407917,0.1,73.5,0.1,"WGS84","2020-03-11T17:29Z","stream",,"Y","Y","MAYF.W2.20200311","MAYF.20200311","NEON.DOC.002905vG","low-flow","Groundwater Pump",3.8,1.7,2.0,2.7,,,,,,,,,,5.6,,2.33,22.00,18.60,13.20,4.89,"clear","brown","0000-0002-4194-7642","0000-0003-1561-0904",
"59ef95a4-de5b-4ee4-b541-8b937985c482","D08","MAYF","MAYF.AOS.groundwater.well.008",32.961683,-87.408343,0.1,73.3,0.1,"WGS84","2020-03-11T19:01Z","stream",,"Y","Y","MAYF.W8.20200311","MAYF.20200311","NEON.DOC.002905vG","low-flow","Groundwater Pump",4.1,2.3,1.9,3.3,,,,,,,,,,7.0,,3.52,34.20,24.70,14.00,4.74,"clear","brown","0000-0002-9743-3915","0000-0002-4194-7642",
"eae70dfb-ffd8-411c-a4e6-65e2bf208234","D08","MAYF","MAYF.AOS.groundwater.well.007",32.961500,-87.408183,0.1,73.4,0.1,"WGS84","2020-03-11T19:51Z","stream",,"Y","Y","MAYF.W7.20200311","MAYF.20200311","NEON.DOC.002905vG","low-flow","Groundwater Pump",4.4,2.7,1.7,3.7,,,,,,,,,,6.2,,3.61,37.10,30.60,16.60,5.28,"clear","colorless","0000-0002-9743-3915","0000-0003-1561-0904",
