uid,domainID,siteID,namedLocation,collectDate,parentSampleID,sampleCondition,sampleID,replicateNumber,gwwDICBubbleFree,gwwFiltSampleHeadspace,gwwAlkSampleHeadspace,gwwAlkSampleBubbleFree,processedDate,processedDateFilters,sampleVolumeFiltered,shipmentTimeRange
"e13781fd-0146-4461-a127-b4bb6ae48fcb","D08","MAYF","MAYF.AOS.groundwater.well.001","2020-03-11T16:37Z","MAYF.W1.20200311","Sample condition ok","MAYF.W1.20200311",1,,,,,"2020-03-11T16:37Z","2020-03-11T16:37Z",50.0,
"da70f976-9dc9-4eb1-9821-171d4c09aed6","D08","MAYF","MAYF.AOS.groundwater.well.002","2020-03-11T17:29Z","MAYF.W2.20200311","Sample condition ok","MAYF.W2.20200311",1,,,,,"2020-03-11T17:29Z","2020-03-11T17:29Z",50.0,
"c35c19af-0684-4091-9e4e-daf0581db9b6","D08","MAYF","MAYF.AOS.groundwater.well.008","2020-03-11T19:01Z","MAYF.W8.20200311","Sample condition ok","MAYF.W8.20200311",1,,,,,"2020-03-11T19:01Z","2020-03-11T19:01Z",50.0,
"3598fb6f-4fc1-472c-9200-173308ceeb00","D08","MAYF","MAYF.AOS.groundwater.well.007","2020-03-11T19:51Z","MAYF.W7.20200311","Sample condition ok","MAYF.W7.20200311",1,,,,,"2020-03-11T19:51Z","2020-03-11T19:51Z",50.0,
