uid,domainID,siteID,namedLocation,decimalLatitude,decimalLongitude,coordinateUncertainty,elevation,elevationUncertainty,geodeticDatum,collectDate,aquaticSiteType,samplingImpractical,waterChemSamplesCollected,adequateSampleVol,parentSampleID,eventID,swcSamplingProtocolVersion,sampleExtractionMethod,samplerType,totalWellDepth,wellWaterDepth,waterColumnHeight,sampleDepth,purgeAverageDischargeRate,purgeTime,gwWellStabilized,purgeDryDateTime,pumpPlacementDate,screenedIntervalDepth,maxAllowableDrawdown,actualDrawdown,MADExceeded,wellVolumePurged,probeIDUnavailable,dissolvedOxygen,dissolvedOxygenSaturation,specificConductance,waterTemp,pH,waterClarityDescrip,waterColorDescrip,aCollectedBy,bCollectedBy,remarks
"d2f7b309-52ff-44d8-816d-261c9f07a831","D10","ARIK","ARIK.AOS.groundwater.well.002",39.757704,-102.447584,0.1,1181.3,0.1,"WGS84","2017-04-06T17:55Z","stream",,,,"ARIK.W2.20170406","ARIK.20170406","NEON.DOC.002905vC","low-flow",,,2.5,,3.5,,,,,,,,,,3.9,,6.85,71.60,371.10,11.90,,,,"hschartel@neoninc.org","bnance@neoninc.org","9.41m bottom of well"
"9a64b78d-afe5-49a6-8a26-3971c1bf7eaf","D10","ARIK","ARIK.AOS.groundwater.well.005",39.759687,-102.448224,0.1,1181.1,0.1,"WGS84","2017-04-06T19:28Z","stream",,,,"ARIK.W5.20170406","ARIK.20170406","NEON.DOC.002905vC","low-flow",,,2.1,,3.1,,,,,,,,,,5.1,,0.75,7.80,507.00,11.40,,,,"hschartel@neoninc.org","bnance@neoninc.org","9.29 bottom of well"
"aafe7f99-9d94-489b-bdbf-6fe4e69f9819","D10","ARIK","ARIK.AOS.groundwater.well.004",39.760114,-102.451740,0.1,1182.7,0.1,"WGS84","2017-04-06T20:37Z","stream",,,,"ARIK.W4.20170406","ARIK.20170406","NEON.DOC.002905vC","low-flow",,,1.9,,2.9,,,,,,,,,,6.0,,0.05,0.50,545.00,10.60,,,,"hschartel@neoninc.org","bnance@neoninc.org","8.88m bottom of well"
"1ee86d64-1943-47ba-b45e-ae2338d8ec93","D10","ARIK","ARIK.AOS.groundwater.well.001",39.758068,-102.452221,0.1,1184.4,0.1,"WGS84","2017-04-06T21:45Z","stream",,,,"ARIK.W1.20170406","ARIK.20170406","NEON.DOC.002905vC","low-flow",,,3.5,,4.5,,,,,,,,,,4.5,,4.44,46.90,376.60,12.80,,,,"hschartel@neoninc.org","bnance@neoninc.org","9.1m bottom of well"
