uid,domainID,siteID,namedLocation,collectDate,titrationDate,parentSampleID,domainSampleID,remarks,measuredBy,alkMeqPerL,alkMgPerL,ancMeqPerL,ancMgPerL
"05afd6f8-3c5b-4628-b6e8-d48cbadf4884","D10","ARIK","ARIK.AOS.groundwater.well.002","2017-04-06T17:55Z","2017-04-07T15:52Z","ARIK.W2.20170406","ARIK.W2.20170406.ALK",,"rshowalter@neoninc.org",3.670,183.000,,
"b903f2b4-5711-4d44-995b-c0537759427a","D10","ARIK","ARIK.AOS.groundwater.well.005","2017-04-06T19:28Z","2017-04-07T16:22Z","ARIK.W5.20170406","ARIK.W5.20170406.ALK",,"rshowalter@neoninc.org",5.710,286.000,,
"97ca6d53-d95d-426b-9974-dbb3a65bd077","D10","ARIK","ARIK.AOS.groundwater.well.004","2017-04-06T20:37Z","2017-04-07T17:14Z","ARIK.W4.20170406","ARIK.W4.20170406.ALK",,"rshowalter@neoninc.org",6.270,314.000,,
"6e19fa83-5c75-4612-b8f2-e3195fc88665","D10","ARIK","ARIK.AOS.groundwater.well.001","2017-04-06T21:45Z","2017-04-07T17:59Z","ARIK.W1.20170406","ARIK.W1.20170406.ALK",,"rshowalter@neoninc.org",3.770,189.000,,
