uid,domainID,siteID,namedLocation,collectDate,parentSampleID,sampleCondition,sampleID,replicateNumber,gwwDICBubbleFree,gwwFiltSampleHeadspace,gwwAlkSampleHeadspace,gwwAlkSampleBubbleFree,processedDate,processedDateFilters,sampleVolumeFiltered,shipmentTimeRange
"4112ae15-265c-480d-9acd-d9adce588f21","D10","ARIK","ARIK.AOS.groundwater.well.002","2017-04-06T17:55Z","ARIK.W2.20170406",,"ARIK.W2.20170406",,,,,,"2017-04-06T17:55Z","2017-04-06T17:55Z",450.0,
"3fe0946a-6415-4bfd-812e-97c5982649b3","D10","ARIK","ARIK.AOS.groundwater.well.005","2017-04-06T19:28Z","ARIK.W5.20170406",,"ARIK.W5.20170406",,,,,,"2017-04-06T19:28Z","2017-04-06T19:28Z",250.0,
"f67ce7d5-e5c2-481f-b424-e1b3359a0aa7","D10","ARIK","ARIK.AOS.groundwater.well.004","2017-04-06T20:37Z","ARIK.W4.20170406",,"ARIK.W4.20170406",,,,,,"2017-04-06T20:37Z","2017-04-06T20:37Z",400.0,
"fbfb8466-9d86-4815-b161-bf615608b5c7","D10","ARIK","ARIK.AOS.groundwater.well.001","2017-04-06T21:45Z","ARIK.W1.20170406",,"ARIK.W1.20170406",,,,,,"2017-04-06T21:45Z","2017-04-06T21:45Z",500.0,
