uid,domainID,siteID,namedLocation,sampleID,sampleCode,startDate,collectDate,laboratoryName,analyte,analyteConcentration,analyteUnits,coolerTemp,remarks,shipmentWarmQF,externalLabDataQF,sampleCondition
"cd4d4ee0-e39b-4619-80b6-95e156a96b89","D10","ARIK","ARIK.AOS.groundwater.well.002","ARIK.W2.20170406.FIL",,"2017-04-06T17:55Z","2017-04-06T17:55Z","EcoCore_CSU","Fe",0.0005,"milligramsPerLiter",1.1,,0,"formatChange|legacyData","GOOD"
"cede5fec-caa5-4856-be2f-795b9bb21bfc","D10","ARIK","ARIK.AOS.groundwater.well.002","ARIK.W2.20170406.FIL",,"2017-04-06T17:55Z","2017-04-06T17:55Z","EcoCore_CSU","HCO3",251.3600,"milligramsPerLiter",1.1,,0,"formatChange|legacyData","GOOD"
"3710f388-5ef1-4046-84e1-03336379ceb6","D10","ARIK","ARIK.AOS.groundwater.well.002","ARIK.W2.20170406.FIL",,"2017-04-06T17:55Z","2017-04-06T17:55Z","EcoCore_CSU","TDP",0.0080,"milligramsPerLiter",1.1,,0,"formatChange|legacyData","GOOD"
"9329376b-6029-4e23-987e-44cdbe33a955","D10","ARIK","ARIK.AOS.groundwater.well.002","ARIK.W2.20170406.FIL",,"2017-04-06T17:55Z","2017-04-06T17:55Z","EcoCore_CSU","UV Absorbance (250 nm)",0.0255,,1.1,,0,"formatChange|legacyData","GOOD"
"c6bc04bc-2b08-40d9-812f-f4b6f7813141","D10","ARIK","ARIK.AOS.groundwater.well.002","ARIK.W2.20170406.RAW",,"2017-04-06T17:55Z","2017-04-06T17:55Z","EcoCore_CSU","TOC",0.7513,"milligramsPerLiter",1.1,,0,"formatChange|legacyData","GOOD"
"45990d50-69bf-455f-9b3f-ac62ddb8620e","D10","ARIK","ARIK.AOS.groundwater.well.002","ARIK.W2.20170406.FIL",,"2017-04-06T17:55Z","2017-04-06T17:55Z","EcoCore_CSU","Ortho - P",0.0260,"milligramsPerLiter",1.1,,0,"formatChange|legacyData","GOOD"
"f90a936e-b150-4016-bb63-1ac11060081c","D10","ARIK","ARIK.AOS.groundwater.well.002","ARIK.W2.20170406.FIL",,"2017-04-06T17:55Z","2017-04-06T17:55Z","EcoCore_CSU","NO2 - N",0.0120,"milligramsPerLiter",1.1,,0,"formatChange|legacyData","GOOD"
"e07f59fd-64b3-42ba-b6d5-75137a50aea2","D10","ARIK","ARIK.AOS.groundwater.well.002","ARIK.W2.20170406.FIL",,"2017-04-06T17:55Z","2017-04-06T17:55Z","EcoCore_CSU","SO4",13.3600,"milligramsPerLiter",1.1,,0,"formatChange|legacyData","GOOD"
"684c3de2-ac5e-4b45-bf98-378a001b4a96","D10","ARIK","ARIK.AOS.groundwater.well.002","ARIK.W2.20170406.FIL",,"2017-04-06T17:55Z","2017-04-06T17:55Z","EcoCore_CSU","NH4 - N",0.0010,"milligramsPerLiter",1.1,,0,"formatChange|legacyData","GOOD"
"f05fc4bd-1bab-431e-8498-097dac82709f","D10","ARIK","ARIK.AOS.groundwater.well.002","ARIK.W2.20170406.FIL",,"2017-04-06T17:55Z","2017-04-06T17:55Z","EcoCore_CSU","Mn",0.0005,"milligramsPerLiter",1.1,,0,"formatChange|legacyData","GOOD"
"4d6ee7a9-6f89-474a-91f8-e86ed257ec59","D10","ARIK","ARIK.AOS.groundwater.well.002","ARIK.W2.20170406.FIL",,"2017-04-06T17:55Z","2017-04-06T17:55Z","EcoCore_CSU","Ca",47.2430,"milligramsPerLiter",1.1,,0,"formatChange|legacyData","GOOD"
"db62553f-b388-44f4-89d3-997b12dfaea4","D10","ARIK","ARIK.AOS.groundwater.well.002","ARIK.W2.20170406.FIL",,"2017-04-06T17:55Z","2017-04-06T17:55Z","EcoCore_CSU","NO3+NO2 - N",2.0700,"milligramsPerLiter",1.1,,0,"formatChange|legacyData","GOOD"
"a4350811-6f11-4386-aa4e-051cf165d419","D10","ARIK","ARIK.AOS.groundwater.well.002","ARIK.W2.20170406.FIL",,"2017-04-06T17:55Z","2017-04-06T17:55Z","EcoCore_CSU","DIC",44.4800,"milligramsPerLiter",1.1,,0,"formatChange|legacyData","GOOD"
"e97e1316-395f-4096-b86c-55e2cec31b52","D10","ARIK","ARIK.AOS.groundwater.well.002","ARIK.W2.20170406.FIL",,"2017-04-06T17:55Z","2017-04-06T17:55Z","EcoCore_CSU","Mg",15.5390,"milligramsPerLiter",1.1,,0,"formatChange|legacyData","GOOD"
"3ad888ac-81af-4558-8e93-dc9e8eb2a1a4","D10","ARIK","ARIK.AOS.groundwater.well.002","ARIK.W2.20170406.FIL",,"2017-04-06T17:55Z","2017-04-06T17:55Z","EcoCore_CSU","Na",24.1900,"milligramsPerLiter",1.1,,0,"formatChange|legacyData","GOOD"
"eabf75f1-c8e9-401d-80a2-df668898ec2c","D10","ARIK","ARIK.AOS.groundwater.well.002","ARIK.W2.20170406.RAW",,"2017-04-06T17:55Z","2017-04-06T17:55Z","EcoCore_CSU","TN",2.0860,"milligramsPerLiter",1.1,,0,"formatChange|legacyData","GOOD"
"8fd20e35-e6f7-440b-bd87-6b0fd43818a5","D10","ARIK","ARIK.AOS.groundwater.well.002","ARIK.W2.20170406.RAW",,"2017-04-06T17:55Z","2017-04-06T17:55Z","EcoCore_CSU","TSS",28.0000,"milligramsPerLiter",1.1,,0,"formatChange|legacyData","GOOD"
"512240e6-af4b-4045-9ada-09326e0c8b47","D10","ARIK","ARIK.AOS.groundwater.well.002","ARIK.W2.20170406.FIL",,"2017-04-06T17:55Z","2017-04-06T17:55Z","EcoCore_CSU","Cl",7.4800,"milligramsPerLiter",1.1,,0,"formatChange|legacyData","GOOD"
"c90263d7-972e-4593-92b5-8c464853c1ca","D10","ARIK","ARIK.AOS.groundwater.well.002","ARIK.W2.20170406.FIL",,"2017-04-06T17:55Z","2017-04-06T17:55Z","EcoCore_CSU","F",1.1500,"milligramsPerLiter",1.1,,0,"formatChange|legacyData","GOOD"
"e2f6e4b0-6821-4c9e-9bb2-65dc8db7cc46","D10","ARIK","ARIK.AOS.groundwater.well.002","ARIK.W2.20170406.FIL",,"2017-04-06T17:55Z","2017-04-06T17:55Z","EcoCore_CSU","K",6.7020,"milligramsPerLiter",1.1,,0,"formatChange|legacyData","GOOD"
"26e56685-3980-4c2d-bebc-9b4ae7074e88","D10","ARIK","ARIK.AOS.groundwater.well.002","ARIK.W2.20170406.RAW",,"2017-04-06T17:55Z","2017-04-06T17:55Z","EcoCore_CSU","pH",7.7600,"pH",1.1,,0,"formatChange|legacyData","GOOD"
"025875cb-dd56-4ee0-8bf4-64559dcd6f21","D10","ARIK","ARIK.AOS.groundwater.well.002","ARIK.W2.20170406.PCN",,"2017-04-06T17:55Z","2017-04-06T17:55Z","EcoCore_CSU","TPC",0.7425,"milligram",1.1,,0,"formatChange|legacyData","GOOD"
"7827140c-0e2d-4364-a3fb-a3b2bca14055","D10","ARIK","ARIK.AOS.groundwater.well.002","ARIK.W2.20170406.FIL",,"2017-04-06T17:55Z","2017-04-06T17:55Z","EcoCore_CSU","CO3",0.0000,"milligramsPerLiter",1.1,,0,"formatChange|legacyData","GOOD"
"e7fa7272-89ab-483a-bbf6-3d1e99d92171","D10","ARIK","ARIK.AOS.groundwater.well.002","ARIK.W2.20170406.RAW",,"2017-04-06T17:55Z","2017-04-06T17:55Z","EcoCore_CSU","TP",0.0120,"milligramsPerLiter",1.1,,0,"formatChange|legacyData","GOOD"
"b6e00f6d-3694-4945-b4c2-66ccc2628d0c","D10","ARIK","ARIK.AOS.groundwater.well.002","ARIK.W2.20170406.RAW",,"2017-04-06T17:55Z","2017-04-06T17:55Z","EcoCore_CSU","conductivity",433.7000,"microsiemensPerCentimeter",1.1,,0,"formatChange|legacyData","GOOD"
"44f0eb33-b6e6-4027-9f32-eccc262bcd74","D10","ARIK","ARIK.AOS.groundwater.well.002","ARIK.W2.20170406.RAW",,"2017-04-06T17:55Z","2017-04-06T17:55Z","EcoCore_CSU","ANC",4.2100,"milliequivalentsPerLiter",1.1,,0,"formatChange|legacyData","GOOD"
"b94aa693-e7c3-4c63-93ad-8b0682694dec","D10","ARIK","ARIK.AOS.groundwater.well.002","ARIK.W2.20170406.FIL",,"2017-04-06T17:55Z","2017-04-06T17:55Z","EcoCore_CSU","DOC",0.9885,"milligramsPerLiter",1.1,,0,"formatChange|legacyData","GOOD"
"f25a2dbe-9dc5-406f-b586-422c77aa6437","D10","ARIK","ARIK.AOS.groundwater.well.002","ARIK.W2.20170406.FIL",,"2017-04-06T17:55Z","2017-04-06T17:55Z","EcoCore_CSU","UV Absorbance (280 nm)",0.0211,,1.1,,0,"formatChange|legacyData","GOOD"
"a1a490a4-5960-4ff1-8ab9-68f85f60b846","D10","ARIK","ARIK.AOS.groundwater.well.002","ARIK.W2.20170406.FIL",,"2017-04-06T17:55Z","2017-04-06T17:55Z","EcoCore_CSU","TDS",301.3000,"milligramsPerLiter",1.1,,0,"formatChange|legacyData","GOOD"
"cb8c373f-5fd2-44ee-8628-78f024ae3093","D10","ARIK","ARIK.AOS.groundwater.well.002","ARIK.W2.20170406.FIL",,"2017-04-06T17:55Z","2017-04-06T17:55Z","EcoCore_CSU","Br",0.0050,"milligramsPerLiter",1.1,,0,"formatChange|legacyData","GOOD"
"08900dc9-470a-4342-afe6-33f9049f8c85","D10","ARIK","ARIK.AOS.groundwater.well.002","ARIK.W2.20170406.RAW",,"2017-04-06T17:55Z","2017-04-06T17:55Z","EcoCore_CSU","TSS - Dry Mass",700.0000,"microgram",1.1,,0,"formatChange|legacyData","GOOD"
"078c84a1-4917-44f7-b96c-e67422261837","D10","ARIK","ARIK.AOS.groundwater.well.002","ARIK.W2.20170406.FIL",,"2017-04-06T17:55Z","2017-04-06T17:55Z","EcoCore_CSU","Si",1.1100,"milligramsPerLiter",1.1,,0,"formatChange|legacyData","GOOD"
"c93b13f1-d588-4a28-88be-a04f7dd09c17","D10","ARIK","ARIK.AOS.groundwater.well.002","ARIK.W2.20170406.FIL",,"2017-04-06T17:55Z","2017-04-06T17:55Z","EcoCore_CSU","TDN",2.0910,"milligramsPerLiter",1.1,,0,"formatChange|legacyData","GOOD"
"e38f0261-593d-4fb9-b560-7a34993d97e4","D10","ARIK","ARIK.AOS.groundwater.well.002","ARIK.W2.20170406.PCN",,"2017-04-06T17:55Z","2017-04-06T17:55Z","EcoCore_CSU","TPN",0.2349,"milligram",1.1,,0,"formatChange|legacyData","GOOD"
"376800a3-734f-43ad-adb8-f6a507dde0fe","D10","ARIK","ARIK.AOS.groundwater.well.005","ARIK.W5.20170406.RAW",,"2017-04-06T19:28Z","2017-04-06T19:28Z","EcoCore_CSU","conductivity",625.3000,"microsiemensPerCentimeter",1.1,,0,"formatChange|legacyData","GOOD"
"7a25d549-3362-4f9e-9f34-600664a2f510","D10","ARIK","ARIK.AOS.groundwater.well.005","ARIK.W5.20170406.FIL",,"2017-04-06T19:28Z","2017-04-06T19:28Z","EcoCore_CSU","UV Absorbance (280 nm)",0.0706,,1.1,,0,"formatChange|legacyData","GOOD"
"4add86c8-bf51-47e1-b6a7-2d482354065e","D10","ARIK","ARIK.AOS.groundwater.well.005","ARIK.W5.20170406.FIL",,"2017-04-06T19:28Z","2017-04-06T19:28Z","EcoCore_CSU","NO3+NO2 - N",-0.0070,"milligramsPerLiter",1.1,,0,"formatChange|legacyData","GOOD"
"ce7aff90-9c77-4c93-9018-d5599bc1d858","D10","ARIK","ARIK.AOS.groundwater.well.005","ARIK.W5.20170406.FIL",,"2017-04-06T19:28Z","2017-04-06T19:28Z","EcoCore_CSU","SO4",4.7500,"milligramsPerLiter",1.1,,0,"formatChange|legacyData","GOOD"
"f97b640d-25cc-4245-827e-87f31ae6db27","D10","ARIK","ARIK.AOS.groundwater.well.005","ARIK.W5.20170406.FIL",,"2017-04-06T19:28Z","2017-04-06T19:28Z","EcoCore_CSU","TDP",0.0620,"milligramsPerLiter",1.1,,0,"formatChange|legacyData","GOOD"
"83ada764-7ac5-4c89-9b8c-8909aea54257","D10","ARIK","ARIK.AOS.groundwater.well.005","ARIK.W5.20170406.RAW",,"2017-04-06T19:28Z","2017-04-06T19:28Z","EcoCore_CSU","pH",7.5000,"pH",1.1,,0,"formatChange|legacyData","GOOD"
"85d2331b-9d59-4574-bd18-f09d581e8f96","D10","ARIK","ARIK.AOS.groundwater.well.005","ARIK.W5.20170406.FIL",,"2017-04-06T19:28Z","2017-04-06T19:28Z","EcoCore_CSU","Fe",0.0060,"milligramsPerLiter",1.1,,0,"formatChange|legacyData","GOOD"
"75e6bce6-bb6c-4557-9dde-d8da30e8f821","D10","ARIK","ARIK.AOS.groundwater.well.005","ARIK.W5.20170406.PCN",,"2017-04-06T19:28Z","2017-04-06T19:28Z","EcoCore_CSU","TPN",0.1849,"milligram",1.1,,0,"formatChange|legacyData","GOOD"
"4d842c74-e6f8-409e-bbe7-b7fec67aafae","D10","ARIK","ARIK.AOS.groundwater.well.005","ARIK.W5.20170406.FIL",,"2017-04-06T19:28Z","2017-04-06T19:28Z","EcoCore_CSU","CO3",0.0000,"milligramsPerLiter",1.1,,0,"formatChange|legacyData","GOOD"
"26959082-66c6-40c5-ba52-1b000e8dcd43","D10","ARIK","ARIK.AOS.groundwater.well.005","ARIK.W5.20170406.FIL",,"2017-04-06T19:28Z","2017-04-06T19:28Z","EcoCore_CSU","Mn",0.0660,"milligramsPerLiter",1.1,,0,"formatChange|legacyData","GOOD"
"8f796b3e-99b4-4fcd-b3b5-1bd02645df23","D10","ARIK","ARIK.AOS.groundwater.well.005","ARIK.W5.20170406.FIL",,"2017-04-06T19:28Z","2017-04-06T19:28Z","EcoCore_CSU","Na",32.0850,"milligramsPerLiter",1.1,,0,"formatChange|legacyData","GOOD"
"42ac4f80-65d5-4e15-b66b-165daf601fc3","D10","ARIK","ARIK.AOS.groundwater.well.005","ARIK.W5.20170406.FIL",,"2017-04-06T19:28Z","2017-04-06T19:28Z","EcoCore_CSU","Ortho - P",0.0320,"milligramsPerLiter",1.1,,0,"formatChange|legacyData","GOOD"
"7a272cba-d32a-4ea3-bdff-8bab6fd1e5b9","D10","ARIK","ARIK.AOS.groundwater.well.005","ARIK.W5.20170406.FIL",,"2017-04-06T19:28Z","2017-04-06T19:28Z","EcoCore_CSU","DOC",3.0970,"milligramsPerLiter",1.1,,0,"formatChange|legacyData","GOOD"
"8e8b52e6-d82c-47d7-b6d4-c351d823b8bd","D10","ARIK","ARIK.AOS.groundwater.well.005","ARIK.W5.20170406.FIL",,"2017-04-06T19:28Z","2017-04-06T19:28Z","EcoCore_CSU","TDS",435.7000,"milligramsPerLiter",1.1,,0,"formatChange|legacyData","GOOD"
"de9a486f-9a3c-4f62-a80b-a6043c069324","D10","ARIK","ARIK.AOS.groundwater.well.005","ARIK.W5.20170406.RAW",,"2017-04-06T19:28Z","2017-04-06T19:28Z","EcoCore_CSU","TSS - Dry Mass",300.0000,"microgram",1.1,,0,"formatChange|legacyData","GOOD"
"a33b2e63-7962-48df-9013-a0cde0a7053d","D10","ARIK","ARIK.AOS.groundwater.well.005","ARIK.W5.20170406.RAW",,"2017-04-06T19:28Z","2017-04-06T19:28Z","EcoCore_CSU","TOC",2.9840,"milligramsPerLiter",1.1,,0,"formatChange|legacyData","GOOD"
"7a668adb-43dd-40ab-bacc-a5591e6d246d","D10","ARIK","ARIK.AOS.groundwater.well.005","ARIK.W5.20170406.FIL",,"2017-04-06T19:28Z","2017-04-06T19:28Z","EcoCore_CSU","NH4 - N",0.0600,"milligramsPerLiter",1.1,,0,"formatChange|legacyData","GOOD"
"3cb3328c-d3a4-4796-88a1-60df085680c6","D10","ARIK","ARIK.AOS.groundwater.well.005","ARIK.W5.20170406.FIL",,"2017-04-06T19:28Z","2017-04-06T19:28Z","EcoCore_CSU","HCO3",345.2100,"milligramsPerLiter",1.1,,0,"formatChange|legacyData","GOOD"
"02b1a438-1525-4de6-b590-c41301d07761","D10","ARIK","ARIK.AOS.groundwater.well.005","ARIK.W5.20170406.FIL",,"2017-04-06T19:28Z","2017-04-06T19:28Z","EcoCore_CSU","NO2 - N",0.0110,"milligramsPerLiter",1.1,,0,"formatChange|legacyData","GOOD"
"8fbf0bcc-ab16-4096-925e-7f116b0f6448","D10","ARIK","ARIK.AOS.groundwater.well.005","ARIK.W5.20170406.PCN",,"2017-04-06T19:28Z","2017-04-06T19:28Z","EcoCore_CSU","TPC",0.7453,"milligram",1.1,,0,"formatChange|legacyData","GOOD"
"e23e855b-7b6f-4e1d-8dc4-c90645e3a6d6","D10","ARIK","ARIK.AOS.groundwater.well.005","ARIK.W5.20170406.RAW",,"2017-04-06T19:28Z","2017-04-06T19:28Z","EcoCore_CSU","TN",0.2499,"milligramsPerLiter",1.1,,0,"formatChange|legacyData","GOOD"
"bde25b8a-f328-410e-b4aa-c83b6fac477f","D10","ARIK","ARIK.AOS.groundwater.well.005","ARIK.W5.20170406.FIL",,"2017-04-06T19:28Z","2017-04-06T19:28Z","EcoCore_CSU","Br",0.0050,"milligramsPerLiter",1.1,,0,"formatChange|legacyData","GOOD"
"1a8d80a8-552f-4ac1-8cff-810004661fce","D10","ARIK","ARIK.AOS.groundwater.well.005","ARIK.W5.20170406.RAW",,"2017-04-06T19:28Z","2017-04-06T19:28Z","EcoCore_CSU","TSS",12.0000,"milligramsPerLiter",1.1,,0,"formatChange|legacyData","GOOD"
"092f8246-234a-4dbf-94f9-1838ff23493b","D10","ARIK","ARIK.AOS.groundwater.well.005","ARIK.W5.20170406.FIL",,"2017-04-06T19:28Z","2017-04-06T19:28Z","EcoCore_CSU","Ca",63.7700,"milligramsPerLiter",1.1,,0,"formatChange|legacyData","GOOD"
"0a66f0c0-71ac-4f10-a42d-01d1141a4e98","D10","ARIK","ARIK.AOS.groundwater.well.005","ARIK.W5.20170406.FIL",,"2017-04-06T19:28Z","2017-04-06T19:28Z","EcoCore_CSU","TDN",0.2610,"milligramsPerLiter",1.1,,0,"formatChange|legacyData","GOOD"
"d4848996-f124-43fe-9a43-5b5d60479e3f","D10","ARIK","ARIK.AOS.groundwater.well.005","ARIK.W5.20170406.FIL",,"2017-04-06T19:28Z","2017-04-06T19:28Z","EcoCore_CSU","UV Absorbance (250 nm)",0.0984,,1.1,,0,"formatChange|legacyData","GOOD"
"e20f66c7-1e35-4016-8123-6f189fcddd60","D10","ARIK","ARIK.AOS.groundwater.well.005","ARIK.W5.20170406.FIL",,"2017-04-06T19:28Z","2017-04-06T19:28Z","EcoCore_CSU","K",8.1200,"milligramsPerLiter",1.1,,0,"formatChange|legacyData","GOOD"
"1fafe079-6f4d-4b29-bdb2-8b90b4bd760e","D10","ARIK","ARIK.AOS.groundwater.well.005","ARIK.W5.20170406.FIL",,"2017-04-06T19:28Z","2017-04-06T19:28Z","EcoCore_CSU","Si",2.1600,"milligramsPerLiter",1.1,,0,"formatChange|legacyData","GOOD"
"17579246-e6ac-483e-b5ae-6ca1d63456e3","D10","ARIK","ARIK.AOS.groundwater.well.005","ARIK.W5.20170406.FIL",,"2017-04-06T19:28Z","2017-04-06T19:28Z","EcoCore_CSU","DIC",72.9600,"milligramsPerLiter",1.1,,0,"formatChange|legacyData","GOOD"
"95176143-1a00-4c34-8ead-9f656ebd7b06","D10","ARIK","ARIK.AOS.groundwater.well.005","ARIK.W5.20170406.FIL",,"2017-04-06T19:28Z","2017-04-06T19:28Z","EcoCore_CSU","Mg",18.1400,"milligramsPerLiter",1.1,,0,"formatChange|legacyData","GOOD"
"6f4b4775-e103-4743-ae0f-5fafcc296ac0","D10","ARIK","ARIK.AOS.groundwater.well.005","ARIK.W5.20170406.FIL",,"2017-04-06T19:28Z","2017-04-06T19:28Z","EcoCore_CSU","Cl",9.8500,"milligramsPerLiter",1.1,,0,"formatChange|legacyData","GOOD"
"a4e98e1d-0e00-4ab0-baf4-8a5dc5068a95","D10","ARIK","ARIK.AOS.groundwater.well.005","ARIK.W5.20170406.FIL",,"2017-04-06T19:28Z","2017-04-06T19:28Z","EcoCore_CSU","F",1.1100,"milligramsPerLiter",1.1,,0,"formatChange|legacyData","GOOD"
"dc17bcf1-8db5-474a-950b-ac8450a67ce6","D10","ARIK","ARIK.AOS.groundwater.well.005","ARIK.W5.20170406.RAW",,"2017-04-06T19:28Z","2017-04-06T19:28Z","EcoCore_CSU","TP",0.0650,"milligramsPerLiter",1.1,,0,"formatChange|legacyData","GOOD"
"8346fdd3-5496-4f27-af18-c37a0da22fb6","D10","ARIK","ARIK.AOS.groundwater.well.005","ARIK.W5.20170406.RAW",,"2017-04-06T19:28Z","2017-04-06T19:28Z","EcoCore_CSU","ANC",5.7500,"milliequivalentsPerLiter",1.1,,0,"formatChange|legacyData","GOOD"
"786c5af8-2dc7-42c8-aa85-7197c5594351","D10","ARIK","ARIK.AOS.groundwater.well.004","ARIK.W4.20170406.FIL",,"2017-04-06T20:37Z","2017-04-06T20:37Z","EcoCore_CSU","DIC",81.0200,"milligramsPerLiter",1.1,,0,"formatChange|legacyData","GOOD"
"d44da36b-11e8-4bdb-af3e-7c744e101eb8","D10","ARIK","ARIK.AOS.groundwater.well.004","ARIK.W4.20170406.FIL",,"2017-04-06T20:37Z","2017-04-06T20:37Z","EcoCore_CSU","Na",34.6070,"milligramsPerLiter",1.1,,0,"formatChange|legacyData","GOOD"
"c6ffe98b-8eab-467a-be3f-ce8b9a38d866","D10","ARIK","ARIK.AOS.groundwater.well.004","ARIK.W4.20170406.FIL",,"2017-04-06T20:37Z","2017-04-06T20:37Z","EcoCore_CSU","Cl",7.3000,"milligramsPerLiter",1.1,,0,"formatChange|legacyData","GOOD"
"c139ef7f-8002-4c1c-b410-c9b5cb331ca9","D10","ARIK","ARIK.AOS.groundwater.well.004","ARIK.W4.20170406.FIL",,"2017-04-06T20:37Z","2017-04-06T20:37Z","EcoCore_CSU","Ca",56.1480,"milligramsPerLiter",1.1,,0,"formatChange|legacyData","GOOD"
"03941065-0847-41e8-b1a4-47fcd2be3bdc","D10","ARIK","ARIK.AOS.groundwater.well.004","ARIK.W4.20170406.FIL",,"2017-04-06T20:37Z","2017-04-06T20:37Z","EcoCore_CSU","Mg",20.4190,"milligramsPerLiter",1.1,,0,"formatChange|legacyData","GOOD"
"069f086e-2d92-46a5-a3d1-302005ede35b","D10","ARIK","ARIK.AOS.groundwater.well.004","ARIK.W4.20170406.PCN",,"2017-04-06T20:37Z","2017-04-06T20:37Z","EcoCore_CSU","TPN",0.0306,"milligram",1.1,,0,"formatChange|legacyData","GOOD"
"7a986e25-b512-49aa-93f4-3fd9f436b711","D10","ARIK","ARIK.AOS.groundwater.well.004","ARIK.W4.20170406.RAW",,"2017-04-06T20:37Z","2017-04-06T20:37Z","EcoCore_CSU","TSS - Dry Mass",200.0000,"microgram",1.1,,0,"formatChange|legacyData","GOOD"
"d19b2892-8a19-4a82-be67-64cefe829372","D10","ARIK","ARIK.AOS.groundwater.well.004","ARIK.W4.20170406.RAW",,"2017-04-06T20:37Z","2017-04-06T20:37Z","EcoCore_CSU","ANC",5.9100,"milliequivalentsPerLiter",1.1,,0,"formatChange|legacyData","GOOD"
"a0da3819-63d4-4ec7-ba78-94a03029fe03","D10","ARIK","ARIK.AOS.groundwater.well.004","ARIK.W4.20170406.RAW",,"2017-04-06T20:37Z","2017-04-06T20:37Z","EcoCore_CSU","conductivity",619.3000,"microsiemensPerCentimeter",1.1,,0,"formatChange|legacyData","GOOD"
"487690ab-e13b-45ea-b0d3-eb528bd0aa19","D10","ARIK","ARIK.AOS.groundwater.well.004","ARIK.W4.20170406.FIL",,"2017-04-06T20:37Z","2017-04-06T20:37Z","EcoCore_CSU","TDN",0.3240,"milligramsPerLiter",1.1,,0,"formatChange|legacyData","GOOD"
"8cfc4779-785c-43e9-8481-0baf26ae067a","D10","ARIK","ARIK.AOS.groundwater.well.004","ARIK.W4.20170406.FIL",,"2017-04-06T20:37Z","2017-04-06T20:37Z","EcoCore_CSU","TDS",431.4000,"milligramsPerLiter",1.1,,0,"formatChange|legacyData","GOOD"
"63f61426-b067-4d6f-844f-aa5ed0dddbec","D10","ARIK","ARIK.AOS.groundwater.well.004","ARIK.W4.20170406.FIL",,"2017-04-06T20:37Z","2017-04-06T20:37Z","EcoCore_CSU","Si",1.2800,"milligramsPerLiter",1.1,,0,"formatChange|legacyData","GOOD"
"6026ffd7-1f24-4391-a4db-aa5dc29a1059","D10","ARIK","ARIK.AOS.groundwater.well.004","ARIK.W4.20170406.FIL",,"2017-04-06T20:37Z","2017-04-06T20:37Z","EcoCore_CSU","UV Absorbance (250 nm)",0.2021,,1.1,,0,"formatChange|legacyData","GOOD"
"6359ec6f-ca29-4695-bc7c-80a1e7ff9826","D10","ARIK","ARIK.AOS.groundwater.well.004","ARIK.W4.20170406.FIL",,"2017-04-06T20:37Z","2017-04-06T20:37Z","EcoCore_CSU","Fe",0.0390,"milligramsPerLiter",1.1,,0,"formatChange|legacyData","GOOD"
"9f979abc-ef09-4711-babe-07f1ea6f07a4","D10","ARIK","ARIK.AOS.groundwater.well.004","ARIK.W4.20170406.FIL",,"2017-04-06T20:37Z","2017-04-06T20:37Z","EcoCore_CSU","SO4",0.7700,"milligramsPerLiter",1.1,,0,"formatChange|legacyData","GOOD"
"f52c4eba-e491-4cae-b7b9-78948675775c","D10","ARIK","ARIK.AOS.groundwater.well.004","ARIK.W4.20170406.PCN",,"2017-04-06T20:37Z","2017-04-06T20:37Z","EcoCore_CSU","TPC",0.2995,"milligram",1.1,,0,"formatChange|legacyData","GOOD"
"7a1c2a21-a091-4fe3-97ba-ea2021ab4c1f","D10","ARIK","ARIK.AOS.groundwater.well.004","ARIK.W4.20170406.FIL",,"2017-04-06T20:37Z","2017-04-06T20:37Z","EcoCore_CSU","DOC",3.7630,"milligramsPerLiter",1.1,,0,"formatChange|legacyData","GOOD"
"04867cd7-f0a9-4520-9646-76b7a6b07527","D10","ARIK","ARIK.AOS.groundwater.well.004","ARIK.W4.20170406.FIL",,"2017-04-06T20:37Z","2017-04-06T20:37Z","EcoCore_CSU","TDP",0.0320,"milligramsPerLiter",1.1,,0,"formatChange|legacyData","GOOD"
"29badcc4-3ec0-4e9c-b0b8-b5219e32ca63","D10","ARIK","ARIK.AOS.groundwater.well.004","ARIK.W4.20170406.FIL",,"2017-04-06T20:37Z","2017-04-06T20:37Z","EcoCore_CSU","NO3+NO2 - N",0.0030,"milligramsPerLiter",1.1,,0,"formatChange|legacyData","GOOD"
"17684a8b-fe68-49ed-8321-d1f8d2ffa3ec","D10","ARIK","ARIK.AOS.groundwater.well.004","ARIK.W4.20170406.FIL",,"2017-04-06T20:37Z","2017-04-06T20:37Z","EcoCore_CSU","NO2 - N",0.0110,"milligramsPerLiter",1.1,,0,"formatChange|legacyData","GOOD"
"e6dc2272-9dad-4902-8d19-75167a529070","D10","ARIK","ARIK.AOS.groundwater.well.004","ARIK.W4.20170406.FIL",,"2017-04-06T20:37Z","2017-04-06T20:37Z","EcoCore_CSU","K",8.4290,"milligramsPerLiter",1.1,,0,"formatChange|legacyData","GOOD"
"3cca35a3-9306-4ff0-8750-671c14732ef6","D10","ARIK","ARIK.AOS.groundwater.well.004","ARIK.W4.20170406.FIL",,"2017-04-06T20:37Z","2017-04-06T20:37Z","EcoCore_CSU","F",1.2800,"milligramsPerLiter",1.1,,0,"formatChange|legacyData","GOOD"
"887a7966-87db-47a6-84e4-95e7a429ca0f","D10","ARIK","ARIK.AOS.groundwater.well.004","ARIK.W4.20170406.RAW",,"2017-04-06T20:37Z","2017-04-06T20:37Z","EcoCore_CSU","TOC",3.8800,"milligramsPerLiter",1.1,,0,"formatChange|legacyData","GOOD"
"1a9f8255-9205-498f-b740-bad9dd071bbc","D10","ARIK","ARIK.AOS.groundwater.well.004","ARIK.W4.20170406.FIL",,"2017-04-06T20:37Z","2017-04-06T20:37Z","EcoCore_CSU","HCO3",358.7200,"milligramsPerLiter",1.1,,0,"formatChange|legacyData","GOOD"
"937dd9b2-b851-492d-b8d2-49eeb7786185","D10","ARIK","ARIK.AOS.groundwater.well.004","ARIK.W4.20170406.FIL",,"2017-04-06T20:37Z","2017-04-06T20:37Z","EcoCore_CSU","Ortho - P",0.0320,"milligramsPerLiter",1.1,,0,"formatChange|legacyData","GOOD"
"dccb49cd-acec-4bd0-8f4b-b35a03a76a40","D10","ARIK","ARIK.AOS.groundwater.well.004","ARIK.W4.20170406.FIL",,"2017-04-06T20:37Z","2017-04-06T20:37Z","EcoCore_CSU","Br",0.0050,"milligramsPerLiter",1.1,,0,"formatChange|legacyData","GOOD"
"2abeb4a7-63d4-436e-a758-d80a9c73beb1","D10","ARIK","ARIK.AOS.groundwater.well.004","ARIK.W4.20170406.RAW",,"2017-04-06T20:37Z","2017-04-06T20:37Z","EcoCore_CSU","TN",0.3817,"milligramsPerLiter",1.1,,0,"formatChange|legacyData","GOOD"
"5d62489c-3e0b-4eec-a001-d5de2b64b1d0","D10","ARIK","ARIK.AOS.groundwater.well.004","ARIK.W4.20170406.RAW",,"2017-04-06T20:37Z","2017-04-06T20:37Z","EcoCore_CSU","TP",0.0380,"milligramsPerLiter",1.1,,0,"formatChange|legacyData","GOOD"
"4e53f92f-6259-46dc-b718-1a02ef0d721d","D10","ARIK","ARIK.AOS.groundwater.well.004","ARIK.W4.20170406.FIL",,"2017-04-06T20:37Z","2017-04-06T20:37Z","EcoCore_CSU","Mn",0.0980,"milligramsPerLiter",1.1,,0,"formatChange|legacyData","GOOD"
"882ac272-de62-42d7-ac30-00f6ce4ded2b","D10","ARIK","ARIK.AOS.groundwater.well.004","ARIK.W4.20170406.RAW",,"2017-04-06T20:37Z","2017-04-06T20:37Z","EcoCore_CSU","pH",7.6600,"pH",1.1,,0,"formatChange|legacyData","GOOD"
"574bfb14-4273-4225-97c2-85853f869d32","D10","ARIK","ARIK.AOS.groundwater.well.004","ARIK.W4.20170406.RAW",,"2017-04-06T20:37Z","2017-04-06T20:37Z","EcoCore_CSU","TSS",8.0000,"milligramsPerLiter",1.1,,0,"formatChange|legacyData","GOOD"
"a35ac44a-a2b2-4677-b73c-073957b8e82b","D10","ARIK","ARIK.AOS.groundwater.well.004","ARIK.W4.20170406.FIL",,"2017-04-06T20:37Z","2017-04-06T20:37Z","EcoCore_CSU","UV Absorbance (280 nm)",0.1530,,1.1,,0,"formatChange|legacyData","GOOD"
"bfcd68d9-cb68-4b9d-bed0-6b698b9f5346","D10","ARIK","ARIK.AOS.groundwater.well.004","ARIK.W4.20170406.FIL",,"2017-04-06T20:37Z","2017-04-06T20:37Z","EcoCore_CSU","CO3",0.0000,"milligramsPerLiter",1.1,,0,"formatChange|legacyData","GOOD"
"0153a2b9-bd7f-4210-ba09-e3786600ef9f","D10","ARIK","ARIK.AOS.groundwater.well.004","ARIK.W4.20170406.FIL",,"2017-04-06T20:37Z","2017-04-06T20:37Z","EcoCore_CSU","NH4 - N",0.1720,"milligramsPerLiter",1.1,,0,"formatChange|legacyData","GOOD"
"93f985bb-3bd8-4037-ad46-a0470dbcaf6e","D10","ARIK","ARIK.AOS.groundwater.well.001","ARIK.W1.20170406.FIL",,"2017-04-06T21:45Z","2017-04-06T21:45Z","EcoCore_CSU","CO3",0.0000,"milligramsPerLiter",1.1,,0,"formatChange|legacyData","GOOD"
"d7e132b6-0feb-4103-9a85-c2d8dad736fb","D10","ARIK","ARIK.AOS.groundwater.well.001","ARIK.W1.20170406.FIL",,"2017-04-06T21:45Z","2017-04-06T21:45Z","EcoCore_CSU","Ortho - P",0.0240,"milligramsPerLiter",1.1,,0,"formatChange|legacyData","GOOD"
"25aa4b0c-e37b-4435-8f74-3a1f75651b86","D10","ARIK","ARIK.AOS.groundwater.well.001","ARIK.W1.20170406.FIL",,"2017-04-06T21:45Z","2017-04-06T21:45Z","EcoCore_CSU","Br",0.0050,"milligramsPerLiter",1.1,,0,"formatChange|legacyData","GOOD"
"60c46aa6-7601-491f-a80d-92c292de7990","D10","ARIK","ARIK.AOS.groundwater.well.001","ARIK.W1.20170406.FIL",,"2017-04-06T21:45Z","2017-04-06T21:45Z","EcoCore_CSU","Fe",0.0005,"milligramsPerLiter",1.1,,0,"formatChange|legacyData","GOOD"
"2786dfaa-282a-4166-9bb4-a24c88bbd75f","D10","ARIK","ARIK.AOS.groundwater.well.001","ARIK.W1.20170406.FIL",,"2017-04-06T21:45Z","2017-04-06T21:45Z","EcoCore_CSU","Mn",0.0030,"milligramsPerLiter",1.1,,0,"formatChange|legacyData","GOOD"
"ee30a7ee-0f78-4ae0-8dcf-3b49bf8d1788","D10","ARIK","ARIK.AOS.groundwater.well.001","ARIK.W1.20170406.FIL",,"2017-04-06T21:45Z","2017-04-06T21:45Z","EcoCore_CSU","Ca",46.5400,"milligramsPerLiter",1.1,,0,"formatChange|legacyData","GOOD"
"b0e785b0-c84d-4fdc-a8ea-2cdf7e05cd69","D10","ARIK","ARIK.AOS.groundwater.well.001","ARIK.W1.20170406.RAW",,"2017-04-06T21:45Z","2017-04-06T21:45Z","EcoCore_CSU","TP",0.0150,"milligramsPerLiter",1.1,,0,"formatChange|legacyData","GOOD"
"a6a4b87c-c8c1-43f6-b12d-ddb54ebf4fd9","D10","ARIK","ARIK.AOS.groundwater.well.001","ARIK.W1.20170406.FIL",,"2017-04-06T21:45Z","2017-04-06T21:45Z","EcoCore_CSU","Si",4.1200,"milligramsPerLiter",1.1,,0,"formatChange|legacyData","GOOD"
"f820ba82-1b16-478e-a45a-c8dfb7f27238","D10","ARIK","ARIK.AOS.groundwater.well.001","ARIK.W1.20170406.FIL",,"2017-04-06T21:45Z","2017-04-06T21:45Z","EcoCore_CSU","SO4",15.2700,"milligramsPerLiter",1.1,,0,"formatChange|legacyData","GOOD"
"b0a48d64-6005-4b42-8b1a-82f00b82f4f8","D10","ARIK","ARIK.AOS.groundwater.well.001","ARIK.W1.20170406.RAW",,"2017-04-06T21:45Z","2017-04-06T21:45Z","EcoCore_CSU","TSS",8.0000,"milligramsPerLiter",1.1,,0,"formatChange|legacyData","GOOD"
"8fe799cc-ee69-4692-bdac-1de873bb86f3","D10","ARIK","ARIK.AOS.groundwater.well.001","ARIK.W1.20170406.FIL",,"2017-04-06T21:45Z","2017-04-06T21:45Z","EcoCore_CSU","TDN",1.7250,"milligramsPerLiter",1.1,,0,"formatChange|legacyData","GOOD"
"52b11ed0-8d1d-45b8-9f9e-68cf26806298","D10","ARIK","ARIK.AOS.groundwater.well.001","ARIK.W1.20170406.PCN",,"2017-04-06T21:45Z","2017-04-06T21:45Z","EcoCore_CSU","TPN",0.0923,"milligram",1.1,,0,"formatChange|legacyData","GOOD"
"545d3c0c-7207-47e5-a9b1-fdb98c527dd5","D10","ARIK","ARIK.AOS.groundwater.well.001","ARIK.W1.20170406.FIL",,"2017-04-06T21:45Z","2017-04-06T21:45Z","EcoCore_CSU","K",7.3750,"milligramsPerLiter",1.1,,0,"formatChange|legacyData","GOOD"
"2d31644f-feb9-455e-98fe-5111f0ba5bf6","D10","ARIK","ARIK.AOS.groundwater.well.001","ARIK.W1.20170406.FIL",,"2017-04-06T21:45Z","2017-04-06T21:45Z","EcoCore_CSU","UV Absorbance (280 nm)",0.0204,,1.1,,0,"formatChange|legacyData","GOOD"
"69ad3ad7-18ab-495a-985e-3fa788ce82cc","D10","ARIK","ARIK.AOS.groundwater.well.001","ARIK.W1.20170406.FIL",,"2017-04-06T21:45Z","2017-04-06T21:45Z","EcoCore_CSU","UV Absorbance (250 nm)",0.0248,,1.1,,0,"formatChange|legacyData","GOOD"
"3c766ce3-ed40-4927-b2d4-2dbcd3b0be71","D10","ARIK","ARIK.AOS.groundwater.well.001","ARIK.W1.20170406.FIL",,"2017-04-06T21:45Z","2017-04-06T21:45Z","EcoCore_CSU","Mg",15.2400,"milligramsPerLiter",1.1,,0,"formatChange|legacyData","GOOD"
"a9567e28-2dfe-498f-b352-1df0112e3baf","D10","ARIK","ARIK.AOS.groundwater.well.001","ARIK.W1.20170406.RAW",,"2017-04-06T21:45Z","2017-04-06T21:45Z","EcoCore_CSU","conductivity",435.9000,"microsiemensPerCentimeter",1.1,,0,"formatChange|legacyData","GOOD"
"f9b668d9-99a4-4f0b-aece-d51eb9e319af","D10","ARIK","ARIK.AOS.groundwater.well.001","ARIK.W1.20170406.FIL",,"2017-04-06T21:45Z","2017-04-06T21:45Z","EcoCore_CSU","NO2 - N",0.0330,"milligramsPerLiter",1.1,,0,"formatChange|legacyData","GOOD"
"9834cd6a-e42c-4438-8227-21fa40397144","D10","ARIK","ARIK.AOS.groundwater.well.001","ARIK.W1.20170406.FIL",,"2017-04-06T21:45Z","2017-04-06T21:45Z","EcoCore_CSU","NO3+NO2 - N",1.7220,"milligramsPerLiter",1.1,,0,"formatChange|legacyData","GOOD"
"e11c83de-372c-441d-8913-b8208fb348db","D10","ARIK","ARIK.AOS.groundwater.well.001","ARIK.W1.20170406.RAW",,"2017-04-06T21:45Z","2017-04-06T21:45Z","EcoCore_CSU","TN",1.7260,"milligramsPerLiter",1.1,,0,"formatChange|legacyData","GOOD"
"a6c5e2e7-117d-436f-addd-d3e04106cc6c","D10","ARIK","ARIK.AOS.groundwater.well.001","ARIK.W1.20170406.PCN",,"2017-04-06T21:45Z","2017-04-06T21:45Z","EcoCore_CSU","TPC",0.7567,"milligram",1.1,,0,"formatChange|legacyData","GOOD"
"e7026f3c-4853-4dd1-8c8a-c9ba40baf7a0","D10","ARIK","ARIK.AOS.groundwater.well.001","ARIK.W1.20170406.RAW",,"2017-04-06T21:45Z","2017-04-06T21:45Z","EcoCore_CSU","TOC",1.0030,"milligramsPerLiter",1.1,,0,"formatChange|legacyData","GOOD"
"1b8b2b0f-fece-4497-811b-22d0eb57d8ba","D10","ARIK","ARIK.AOS.groundwater.well.001","ARIK.W1.20170406.FIL",,"2017-04-06T21:45Z","2017-04-06T21:45Z","EcoCore_CSU","F",1.1100,"milligramsPerLiter",1.1,,0,"formatChange|legacyData","GOOD"
"a9a1df63-dba5-4be1-b1d4-09ddf69a211f","D10","ARIK","ARIK.AOS.groundwater.well.001","ARIK.W1.20170406.FIL",,"2017-04-06T21:45Z","2017-04-06T21:45Z","EcoCore_CSU","TDP",0.0130,"milligramsPerLiter",1.1,,0,"formatChange|legacyData","GOOD"
"ce01f14e-b753-4f40-812d-c385aac34bf0","D10","ARIK","ARIK.AOS.groundwater.well.001","ARIK.W1.20170406.FIL",,"2017-04-06T21:45Z","2017-04-06T21:45Z","EcoCore_CSU","DIC",45.3600,"milligramsPerLiter",1.1,,0,"formatChange|legacyData","GOOD"
"3ebce051-3030-4df7-b832-1932667aa33e","D10","ARIK","ARIK.AOS.groundwater.well.001","ARIK.W1.20170406.FIL",,"2017-04-06T21:45Z","2017-04-06T21:45Z","EcoCore_CSU","Cl",5.8800,"milligramsPerLiter",1.1,,0,"formatChange|legacyData","GOOD"
"cfe88d3c-fc07-4a12-bab0-5ac9d0208d6f","D10","ARIK","ARIK.AOS.groundwater.well.001","ARIK.W1.20170406.RAW",,"2017-04-06T21:45Z","2017-04-06T21:45Z","EcoCore_CSU","ANC",4.2400,"milliequivalentsPerLiter",1.1,,0,"formatChange|legacyData","GOOD"
"bd7b613b-460f-417b-ab91-70b046654470","D10","ARIK","ARIK.AOS.groundwater.well.001","ARIK.W1.20170406.FIL",,"2017-04-06T21:45Z","2017-04-06T21:45Z","EcoCore_CSU","Na",26.1030,"milligramsPerLiter",1.1,,0,"formatChange|legacyData","GOOD"
"b8d199ad-abb2-4e12-9d15-8222897ee640","D10","ARIK","ARIK.AOS.groundwater.well.001","ARIK.W1.20170406.RAW",,"2017-04-06T21:45Z","2017-04-06T21:45Z","EcoCore_CSU","pH",7.8800,"pH",1.1,,0,"formatChange|legacyData","GOOD"
"9ff1c4f2-48b6-4baf-9650-907523efed5e","D10","ARIK","ARIK.AOS.groundwater.well.001","ARIK.W1.20170406.FIL",,"2017-04-06T21:45Z","2017-04-06T21:45Z","EcoCore_CSU","DOC",1.0540,"milligramsPerLiter",1.1,,0,"formatChange|legacyData","GOOD"
"eaf6370d-e4fa-4bdc-a737-e943221d1121","D10","ARIK","ARIK.AOS.groundwater.well.001","ARIK.W1.20170406.FIL",,"2017-04-06T21:45Z","2017-04-06T21:45Z","EcoCore_CSU","HCO3",252.3200,"milligramsPerLiter",1.1,,0,"formatChange|legacyData","GOOD"
"ff4efb04-41b6-49fb-b8fd-eac8638e5942","D10","ARIK","ARIK.AOS.groundwater.well.001","ARIK.W1.20170406.FIL",,"2017-04-06T21:45Z","2017-04-06T21:45Z","EcoCore_CSU","TDS",304.9000,"milligramsPerLiter",1.1,,0,"formatChange|legacyData","GOOD"
"c299eab8-aa16-4c9d-b3fa-ae68921d84c7","D10","ARIK","ARIK.AOS.groundwater.well.001","ARIK.W1.20170406.RAW",,"2017-04-06T21:45Z","2017-04-06T21:45Z","EcoCore_CSU","TSS - Dry Mass",200.0000,"microgram",1.1,,0,"formatChange|legacyData","GOOD"
"8b79d43d-27f6-48dd-b336-08184926a6fd","D10","ARIK","ARIK.AOS.groundwater.well.001","ARIK.W1.20170406.FIL",,"2017-04-06T21:45Z","2017-04-06T21:45Z","EcoCore_CSU","NH4 - N",0.0080,"milligramsPerLiter",1.1,,0,"formatChange|legacyData","GOOD"
