uid,domainID,siteID,namedLocation,decimalLatitude,decimalLongitude,coordinateUncertainty,elevation,elevationUncertainty,geodeticDatum,collectDate,aquaticSiteType,samplingImpractical,waterChemSamplesCollected,adequateSampleVol,parentSampleID,eventID,swcSamplingProtocolVersion,sampleExtractionMethod,samplerType,totalWellDepth,wellWaterDepth,waterColumnHeight,sampleDepth,purgeAverageDischargeRate,purgeTime,gwWellStabilized,purgeDryDateTime,pumpPlacementDate,screenedIntervalDepth,maxAllowableDrawdown,actualDrawdown,MADExceeded,wellVolumePurged,probeIDUnavailable,dissolvedOxygen,dissolvedOxygenSaturation,specificConductance,waterTemp,pH,waterClarityDescrip,waterColorDescrip,aCollectedBy,bCollectedBy,remarks
"0e17a564-b80d-4621-a161-26d16ff4d661","D09","PRPO","PRPO.AOS.groundwater.well.007",47.131704,-99.250610,0.1,592.6,0.1,"WGS84","2020-05-04T19:00Z","lake","logistical",,"Y","PRPO.W7.20200504","PRPO.20200504","NEON.DOC.002905vG",,,,,,,,,,,,,,,,,,,,,,,,,"0000-0002-1892-7221",,"COVID19"
"f0496bfc-25a3-45b8-b43c-a8a2c7d972a3","D09","PRPO","PRPO.AOS.groundwater.well.005",47.129698,-99.255141,0.1,592.6,0.1,"WGS84","2020-05-04T19:00Z","lake","logistical",,"Y","PRPO.W5.20200504","PRPO.20200504","NEON.DOC.002905vG",,,,,,,,,,,,,,,,,,,,,,,,,"0000-0002-1892-7221",,"COVID19"
"b245b43a-a4e0-4e4d-a9f8-dbedeefaf5f3","D09","PRPO","PRPO.AOS.groundwater.well.003",47.127319,-99.255063,0.1,594.4,0.1,"WGS84","2020-05-04T19:00Z","lake","logistical",,"Y","PRPO.W3.20200504","PRPO.20200504","NEON.DOC.002905vG",,,,,,,,,,,,,,,,,,,,,,,,,"0000-0002-1892-7221",,"COVID19"
"d5a829af-f759-4514-bf33-f00059e7cc67","D09","PRPO","PRPO.AOS.groundwater.well.001",47.129125,-99.251580,0.1,592.0,0.1,"WGS84","2020-05-04T19:00Z","lake","logistical",,"Y","PRPO.W1.20200504","PRPO.20200504","NEON.DOC.002905vG",,,,,,,,,,,,,,,,,,,,,,,,,"0000-0002-1892-7221",,"COVID19"
