uid,domainID,siteID,namedLocation,sampleID,sampleCode,startDate,collectDate,laboratoryName,analyte,analyteConcentration,analyteUnits,coolerTemp,remarks,shipmentWarmQF,externalLabDataQF,sampleCondition
"9135ddc2-8a99-4059-af50-9abe39d3f49c","D09","PRLA","PRLA.AOS.groundwater.well.001","PRLA.W1.20170614.FIL",,"2017-06-14T13:26Z","2017-06-14T13:26Z","EcoCore_CSU","Ortho - P",0.0030,"milligramsPerLiter",0.5,,0,"formatChange","GOOD"
"a1850cd8-3066-4573-a529-da3a330c3503","D09","PRLA","PRLA.AOS.groundwater.well.001","PRLA.W1.20170614.RAW",,"2017-06-14T13:26Z","2017-06-14T13:26Z","EcoCore_CSU","TSS - Dry Mass",7600.0000,"microgram",0.5,,0,"formatChange","GOOD"
"8b56e60c-7f91-462c-940e-62144ff1e4ad","D09","PRLA","PRLA.AOS.groundwater.well.001","PRLA.W1.20170614.FIL",,"2017-06-14T13:26Z","2017-06-14T13:26Z","EcoCore_CSU","Si",12.5030,"milligramsPerLiter",0.5,,0,"formatChange","GOOD"
"ada161c1-8377-47b0-a7e1-3f1648eb5cb2","D09","PRLA","PRLA.AOS.groundwater.well.001","PRLA.W1.20170614.FIL",,"2017-06-14T13:26Z","2017-06-14T13:26Z","EcoCore_CSU","DOC",7.4600,"milligramsPerLiter",0.5,,0,"formatChange","GOOD"
"29bde707-a229-4a9f-ac14-977aa764cbbf","D09","PRLA","PRLA.AOS.groundwater.well.001","PRLA.W1.20170614.FIL",,"2017-06-14T13:26Z","2017-06-14T13:26Z","EcoCore_CSU","CO3",0.0000,"milligramsPerLiter",0.5,,0,"formatChange","GOOD"
"cdce104f-6129-443b-b32c-a111722d9c20","D09","PRLA","PRLA.AOS.groundwater.well.001","PRLA.W1.20170614.FIL",,"2017-06-14T13:26Z","2017-06-14T13:26Z","EcoCore_CSU","NO3+NO2 - N",0.2370,"milligramsPerLiter",0.5,,0,"formatChange","GOOD"
"c235af1e-0769-41e1-9943-77e9471d238f","D09","PRLA","PRLA.AOS.groundwater.well.001","PRLA.W1.20170614.FIL",,"2017-06-14T13:26Z","2017-06-14T13:26Z","EcoCore_CSU","HCO3",258.6300,"milligramsPerLiter",0.5,,0,"formatChange","GOOD"
"2a0fccb7-8341-48b3-a5fc-723e01ae8af7","D09","PRLA","PRLA.AOS.groundwater.well.001","PRLA.W1.20170614.RAW",,"2017-06-14T13:26Z","2017-06-14T13:26Z","EcoCore_CSU","ANC",4.7500,"milliequivalentsPerLiter",0.5,,0,"formatChange","GOOD"
"92c4e370-f633-48ec-aa92-4f868c8dcc3d","D09","PRLA","PRLA.AOS.groundwater.well.001","PRLA.W1.20170614.FIL",,"2017-06-14T13:26Z","2017-06-14T13:26Z","EcoCore_CSU","DIC",91.2300,"milligramsPerLiter",0.5,,0,"formatChange","GOOD"
"bdac7052-b975-404c-a573-c774d899e815","D09","PRLA","PRLA.AOS.groundwater.well.001","PRLA.W1.20170614.FIL",,"2017-06-14T13:26Z","2017-06-14T13:26Z","EcoCore_CSU","Na",99.2630,"milligramsPerLiter",0.5,,0,"formatChange","GOOD"
"4b74ff09-0c60-4de6-b98c-c04c7550178b","D09","PRLA","PRLA.AOS.groundwater.well.001","PRLA.W1.20170614.FIL",,"2017-06-14T13:26Z","2017-06-14T13:26Z","EcoCore_CSU","NH4 - N",0.2270,"milligramsPerLiter",0.5,,0,"formatChange","GOOD"
"474b3179-82bb-485c-a67d-f35bced1879d","D09","PRLA","PRLA.AOS.groundwater.well.001","PRLA.W1.20170614.FIL",,"2017-06-14T13:26Z","2017-06-14T13:26Z","EcoCore_CSU","TDP",0.0089,"milligramsPerLiter",0.5,,0,"formatChange","GOOD"
"f3841868-2f8f-4c99-9c0e-98759c1dd0a5","D09","PRLA","PRLA.AOS.groundwater.well.001","PRLA.W1.20170614.RAW",,"2017-06-14T13:26Z","2017-06-14T13:26Z","EcoCore_CSU","conductivity",2835.0000,"microsiemensPerCentimeter",0.5,,0,"formatChange","GOOD"
"a49d43d0-670d-410d-943f-5d314d53c60e","D09","PRLA","PRLA.AOS.groundwater.well.001","PRLA.W1.20170614.FIL",,"2017-06-14T13:26Z","2017-06-14T13:26Z","EcoCore_CSU","NO2 - N",0.0020,"milligramsPerLiter",0.5,,0,"formatChange","GOOD"
"176efdcf-d390-4f98-b1e3-513455ba162d","D09","PRLA","PRLA.AOS.groundwater.well.001","PRLA.W1.20170614.PCN",,"2017-06-14T13:26Z","2017-06-14T13:26Z","EcoCore_CSU","TPN",0.0486,"milligram",0.5,,0,"formatChange","GOOD"
"4d8f1321-1c63-4534-bf18-9db992c7347e","D09","PRLA","PRLA.AOS.groundwater.well.001","PRLA.W1.20170614.FIL",,"2017-06-14T13:26Z","2017-06-14T13:26Z","EcoCore_CSU","UV Absorbance (250 nm)",0.1188,,0.5,,0,"formatChange","GOOD"
"8f08be9f-456b-4eff-a667-35b618b68058","D09","PRLA","PRLA.AOS.groundwater.well.001","PRLA.W1.20170614.FIL",,"2017-06-14T13:26Z","2017-06-14T13:26Z","EcoCore_CSU","Cl",37.0200,"milligramsPerLiter",0.5,,0,"formatChange","GOOD"
"2a252c5b-8644-4fe4-9fc8-7a8b373f5533","D09","PRLA","PRLA.AOS.groundwater.well.001","PRLA.W1.20170614.RAW",,"2017-06-14T13:26Z","2017-06-14T13:26Z","EcoCore_CSU","TN",0.7301,"milligramsPerLiter",0.5,,0,"formatChange","GOOD"
"bb5ae2c5-d324-40e2-9fa4-040800d043a5","D09","PRLA","PRLA.AOS.groundwater.well.001","PRLA.W1.20170614.FIL",,"2017-06-14T13:26Z","2017-06-14T13:26Z","EcoCore_CSU","Mn",0.0005,"milligramsPerLiter",0.5,,0,"formatChange","GOOD"
"d3993217-f9d4-4a3d-8159-c8e9cd357917","D09","PRLA","PRLA.AOS.groundwater.well.001","PRLA.W1.20170614.RAW",,"2017-06-14T13:26Z","2017-06-14T13:26Z","EcoCore_CSU","TP",1.0002,"milligramsPerLiter",0.5,,0,"formatChange","GOOD"
"1e41b322-e57d-4869-a0c0-5a056f6c0658","D09","PRLA","PRLA.AOS.groundwater.well.001","PRLA.W1.20170614.FIL",,"2017-06-14T13:26Z","2017-06-14T13:26Z","EcoCore_CSU","K",13.0860,"milligramsPerLiter",0.5,,0,"formatChange","GOOD"
"0547d6a6-d810-4083-a906-7a5e26576577","D09","PRLA","PRLA.AOS.groundwater.well.001","PRLA.W1.20170614.FIL",,"2017-06-14T13:26Z","2017-06-14T13:26Z","EcoCore_CSU","F",0.7455,"milligramsPerLiter",0.5,,0,"formatChange","GOOD"
"34a3dfaf-9ebb-492c-b0fd-5675262ee6c0","D09","PRLA","PRLA.AOS.groundwater.well.001","PRLA.W1.20170614.FIL",,"2017-06-14T13:26Z","2017-06-14T13:26Z","EcoCore_CSU","TDS",1985.6000,"milligramsPerLiter",0.5,,0,"formatChange","GOOD"
"085f84ea-ac30-4842-9f96-d984a88ef5b4","D09","PRLA","PRLA.AOS.groundwater.well.001","PRLA.W1.20170614.FIL",,"2017-06-14T13:26Z","2017-06-14T13:26Z","EcoCore_CSU","Ca",283.8000,"milligramsPerLiter",0.5,,0,"formatChange","GOOD"
"c91ffe11-10ab-40d7-b73e-10c9153e954c","D09","PRLA","PRLA.AOS.groundwater.well.001","PRLA.W1.20170614.FIL",,"2017-06-14T13:26Z","2017-06-14T13:26Z","EcoCore_CSU","TDN",0.6874,"milligramsPerLiter",0.5,,0,"formatChange","GOOD"
"c72c36b3-69f1-4747-a677-2a82bbcf23ca","D09","PRLA","PRLA.AOS.groundwater.well.001","PRLA.W1.20170614.FIL",,"2017-06-14T13:26Z","2017-06-14T13:26Z","EcoCore_CSU","Fe",0.0005,"milligramsPerLiter",0.5,,0,"formatChange","GOOD"
"0de63ab0-59d0-470e-a806-03e4a02300fc","D09","PRLA","PRLA.AOS.groundwater.well.001","PRLA.W1.20170614.FIL",,"2017-06-14T13:26Z","2017-06-14T13:26Z","EcoCore_CSU","Mg",112.6700,"milligramsPerLiter",0.5,,0,"formatChange","GOOD"
"573faeda-5a39-4110-8726-b228ef152a02","D09","PRLA","PRLA.AOS.groundwater.well.001","PRLA.W1.20170614.FIL",,"2017-06-14T13:26Z","2017-06-14T13:26Z","EcoCore_CSU","UV Absorbance (280 nm)",0.0680,,0.5,,0,"formatChange","GOOD"
"48901f42-de69-4693-9332-2bb09b79ed61","D09","PRLA","PRLA.AOS.groundwater.well.001","PRLA.W1.20170614.RAW",,"2017-06-14T13:26Z","2017-06-14T13:26Z","EcoCore_CSU","TSS",76.0000,"milligramsPerLiter",0.5,,0,"formatChange","GOOD"
"4256b153-a290-48e1-8382-44521b39b89e","D09","PRLA","PRLA.AOS.groundwater.well.001","PRLA.W1.20170614.PCN",,"2017-06-14T13:26Z","2017-06-14T13:26Z","EcoCore_CSU","TPC",0.3077,"milligram",0.5,,0,"formatChange","GOOD"
"a46c0663-56f3-46f2-a544-af7069e63aee","D09","PRLA","PRLA.AOS.groundwater.well.001","PRLA.W1.20170614.FIL",,"2017-06-14T13:26Z","2017-06-14T13:26Z","EcoCore_CSU","Br",0.0050,"milligramsPerLiter",0.5,,0,"formatChange","GOOD"
"60330a1e-02b4-4722-b1ff-7c1d0ac83d70","D09","PRLA","PRLA.AOS.groundwater.well.001","PRLA.W1.20170614.RAW",,"2017-06-14T13:26Z","2017-06-14T13:26Z","EcoCore_CSU","pH",7.3200,"pH",0.5,,0,"formatChange","GOOD"
"1e802505-83f7-40d1-8724-608be8d564a2","D09","PRLA","PRLA.AOS.groundwater.well.001","PRLA.W1.20170614.RAW",,"2017-06-14T13:26Z","2017-06-14T13:26Z","EcoCore_CSU","TOC",8.0640,"milligramsPerLiter",0.5,,0,"formatChange","GOOD"
"4d0100a7-170d-43dd-a706-d48001e092df","D09","PRLA","PRLA.AOS.groundwater.well.001","PRLA.W1.20170614.FIL",,"2017-06-14T13:26Z","2017-06-14T13:26Z","EcoCore_CSU","SO4",1097.6003,"milligramsPerLiter",0.5,,0,"formatChange","GOOD"
"de9c7646-f231-460c-8671-e40baff8e656","D09","PRLA","PRLA.AOS.groundwater.well.008","PRLA.W8.20170614.FIL",,"2017-06-14T16:10Z","2017-06-14T16:10Z","EcoCore_CSU","UV Absorbance (280 nm)",0.0791,,0.5,,0,"formatChange","GOOD"
"f740111e-599f-474f-9732-5dba1c4959e6","D09","PRLA","PRLA.AOS.groundwater.well.008","PRLA.W8.20170614.FIL",,"2017-06-14T16:10Z","2017-06-14T16:10Z","EcoCore_CSU","CO3",0.0000,"milligramsPerLiter",0.5,,0,"formatChange","GOOD"
"a48528b8-24d5-49a5-94d6-6496d591499e","D09","PRLA","PRLA.AOS.groundwater.well.008","PRLA.W8.20170614.FIL",,"2017-06-14T16:10Z","2017-06-14T16:10Z","EcoCore_CSU","Si",12.2880,"milligramsPerLiter",0.5,,0,"formatChange","GOOD"
"617ee372-1a93-404d-9edb-541f42d0a823","D09","PRLA","PRLA.AOS.groundwater.well.008","PRLA.W8.20170614.FIL",,"2017-06-14T16:10Z","2017-06-14T16:10Z","EcoCore_CSU","TDP",0.0504,"milligramsPerLiter",0.5,,0,"formatChange","GOOD"
"3b99e57b-b82a-41af-ad3f-5683aea8ace7","D09","PRLA","PRLA.AOS.groundwater.well.008","PRLA.W8.20170614.PCN",,"2017-06-14T16:10Z","2017-06-14T16:10Z","EcoCore_CSU","TPC",,"milligram",0.5,"Unknown reason for no analyte concentration as a result of external lab data format change",0,"formatChange","Other"
"0cd450e3-7c54-42e8-ba86-f44e02cef727","D09","PRLA","PRLA.AOS.groundwater.well.008","PRLA.W8.20170614.FIL",,"2017-06-14T16:10Z","2017-06-14T16:10Z","EcoCore_CSU","NH4 - N",0.0380,"milligramsPerLiter",0.5,,0,"formatChange","GOOD"
"adf83146-00d6-4c68-bf65-f3458e66d33b","D09","PRLA","PRLA.AOS.groundwater.well.008","PRLA.W8.20170614.FIL",,"2017-06-14T16:10Z","2017-06-14T16:10Z","EcoCore_CSU","Cl",29.5797,"milligramsPerLiter",0.5,,0,"formatChange","GOOD"
"f42f4ef4-a6bb-4b20-a2e7-640e5b0b69e7","D09","PRLA","PRLA.AOS.groundwater.well.008","PRLA.W8.20170614.FIL",,"2017-06-14T16:10Z","2017-06-14T16:10Z","EcoCore_CSU","Na",120.2500,"milligramsPerLiter",0.5,,0,"formatChange","GOOD"
"59705bd6-c143-41aa-9c37-3c941019a5b3","D09","PRLA","PRLA.AOS.groundwater.well.008","PRLA.W8.20170614.FIL",,"2017-06-14T16:10Z","2017-06-14T16:10Z","EcoCore_CSU","DIC",123.8400,"milligramsPerLiter",0.5,,0,"formatChange","GOOD"
"9193bd79-6956-4e79-bb82-89ca94b1268b","D09","PRLA","PRLA.AOS.groundwater.well.008","PRLA.W8.20170614.FIL",,"2017-06-14T16:10Z","2017-06-14T16:10Z","EcoCore_CSU","F",1.1377,"milligramsPerLiter",0.5,,0,"formatChange","GOOD"
"b0a23893-8743-4b5b-91de-bc3cd28fc5a1","D09","PRLA","PRLA.AOS.groundwater.well.008","PRLA.W8.20170614.FIL",,"2017-06-14T16:10Z","2017-06-14T16:10Z","EcoCore_CSU","NO2 - N",0.0060,"milligramsPerLiter",0.5,,0,"formatChange","GOOD"
"1de05a3e-5e61-48c7-a644-d95874a722b4","D09","PRLA","PRLA.AOS.groundwater.well.008","PRLA.W8.20170614.RAW",,"2017-06-14T16:10Z","2017-06-14T16:10Z","EcoCore_CSU","pH",7.6600,"pH",0.5,,0,"formatChange","GOOD"
"a6df5454-8c0a-423d-89ba-ee7224e8bf2b","D09","PRLA","PRLA.AOS.groundwater.well.008","PRLA.W8.20170614.RAW",,"2017-06-14T16:10Z","2017-06-14T16:10Z","EcoCore_CSU","TN",0.5411,"milligramsPerLiter",0.5,,0,"formatChange","GOOD"
"b94797db-80b3-4a0a-9e32-6ee10354a0b5","D09","PRLA","PRLA.AOS.groundwater.well.008","PRLA.W8.20170614.FIL",,"2017-06-14T16:10Z","2017-06-14T16:10Z","EcoCore_CSU","TDN",0.1891,"milligramsPerLiter",0.5,,0,"formatChange","GOOD"
"029bb050-7277-40a4-8d31-ee48fd0979fe","D09","PRLA","PRLA.AOS.groundwater.well.008","PRLA.W8.20170614.FIL",,"2017-06-14T16:10Z","2017-06-14T16:10Z","EcoCore_CSU","HCO3",92.5800,"milligramsPerLiter",0.5,,0,"formatChange","GOOD"
"3d3c7582-e6cd-4167-b9f3-a98f8f726068","D09","PRLA","PRLA.AOS.groundwater.well.008","PRLA.W8.20170614.FIL",,"2017-06-14T16:10Z","2017-06-14T16:10Z","EcoCore_CSU","TDS",1268.7000,"milligramsPerLiter",0.5,,0,"formatChange","GOOD"
"44c94d57-2ee6-41d2-aa6b-900b8387a543","D09","PRLA","PRLA.AOS.groundwater.well.008","PRLA.W8.20170614.FIL",,"2017-06-14T16:10Z","2017-06-14T16:10Z","EcoCore_CSU","K",10.7050,"milligramsPerLiter",0.5,,0,"formatChange","GOOD"
"2556c617-dd5e-4404-be6e-033bd10c2a24","D09","PRLA","PRLA.AOS.groundwater.well.008","PRLA.W8.20170614.FIL",,"2017-06-14T16:10Z","2017-06-14T16:10Z","EcoCore_CSU","Ca",80.5310,"milligramsPerLiter",0.5,,0,"formatChange","GOOD"
"d75d1e3c-14fa-43f4-8aca-e36143b67b6b","D09","PRLA","PRLA.AOS.groundwater.well.008","PRLA.W8.20170614.FIL",,"2017-06-14T16:10Z","2017-06-14T16:10Z","EcoCore_CSU","NO3+NO2 - N",0.0890,"milligramsPerLiter",0.5,,0,"formatChange","GOOD"
"83d6b91b-4120-474c-9eec-3b4f6c3ba6ba","D09","PRLA","PRLA.AOS.groundwater.well.008","PRLA.W8.20170614.FIL",,"2017-06-14T16:10Z","2017-06-14T16:10Z","EcoCore_CSU","Fe",0.0005,"milligramsPerLiter",0.5,,0,"formatChange","GOOD"
"18f8369d-c076-47f3-9212-3b043bf3459d","D09","PRLA","PRLA.AOS.groundwater.well.008","PRLA.W8.20170614.RAW",,"2017-06-14T16:10Z","2017-06-14T16:10Z","EcoCore_CSU","conductivity",1810.5000,"microsiemensPerCentimeter",0.5,,0,"formatChange","GOOD"
"c5b897fb-5932-4de5-a075-e6d03aacbc8e","D09","PRLA","PRLA.AOS.groundwater.well.008","PRLA.W8.20170614.FIL",,"2017-06-14T16:10Z","2017-06-14T16:10Z","EcoCore_CSU","Mn",0.0005,"milligramsPerLiter",0.5,,0,"formatChange","GOOD"
"bf9515f4-7df2-443a-bf31-7ff531ed32dc","D09","PRLA","PRLA.AOS.groundwater.well.008","PRLA.W8.20170614.FIL",,"2017-06-14T16:10Z","2017-06-14T16:10Z","EcoCore_CSU","UV Absorbance (250 nm)",0.1350,,0.5,,0,"formatChange","GOOD"
"aba5aab8-0794-4450-956a-0eed77a5eeed","D09","PRLA","PRLA.AOS.groundwater.well.008","PRLA.W8.20170614.FIL",,"2017-06-14T16:10Z","2017-06-14T16:10Z","EcoCore_CSU","DOC",3.1930,"milligramsPerLiter",0.5,,0,"formatChange","GOOD"
"a551cb4c-968a-4b0f-8b85-8dde1b668e76","D09","PRLA","PRLA.AOS.groundwater.well.008","PRLA.W8.20170614.PCN",,"2017-06-14T16:10Z","2017-06-14T16:10Z","EcoCore_CSU","TPN",,"milligram",0.5,"Unknown reason for no analyte concentration as a result of external lab data format change",0,"formatChange","Other"
"d43f299e-43bf-4526-8466-a19c486eeb5b","D09","PRLA","PRLA.AOS.groundwater.well.008","PRLA.W8.20170614.RAW",,"2017-06-14T16:10Z","2017-06-14T16:10Z","EcoCore_CSU","TP",0.0580,"milligramsPerLiter",0.5,,0,"formatChange","GOOD"
"d4e5aebb-9d11-432d-8ed1-d3fe29cd45ec","D09","PRLA","PRLA.AOS.groundwater.well.008","PRLA.W8.20170614.FIL",,"2017-06-14T16:10Z","2017-06-14T16:10Z","EcoCore_CSU","Br",0.0050,"milligramsPerLiter",0.5,,0,"formatChange","GOOD"
"1e2747d1-dd5a-4fc1-83f3-381dcaec5552","D09","PRLA","PRLA.AOS.groundwater.well.008","PRLA.W8.20170614.FIL",,"2017-06-14T16:10Z","2017-06-14T16:10Z","EcoCore_CSU","SO4",752.0515,"milligramsPerLiter",0.5,,0,"formatChange","GOOD"
"f704d69f-7247-4c86-a2b1-bd6718d620a5","D09","PRLA","PRLA.AOS.groundwater.well.008","PRLA.W8.20170614.FIL",,"2017-06-14T16:10Z","2017-06-14T16:10Z","EcoCore_CSU","Mg",102.6500,"milligramsPerLiter",0.5,,0,"formatChange","GOOD"
"0f8e9b03-b646-4041-9c77-2a5da31eb667","D09","PRLA","PRLA.AOS.groundwater.well.008","PRLA.W8.20170614.RAW",,"2017-06-14T16:10Z","2017-06-14T16:10Z","EcoCore_CSU","TSS - Dry Mass",200.0000,"microgram",0.5,,0,"formatChange","GOOD"
"b5fd9a18-ea4c-43b1-ad88-b0ea9ebabc95","D09","PRLA","PRLA.AOS.groundwater.well.008","PRLA.W8.20170614.RAW",,"2017-06-14T16:10Z","2017-06-14T16:10Z","EcoCore_CSU","ANC",1.6200,"milliequivalentsPerLiter",0.5,,0,"formatChange","GOOD"
"b321adbf-c9a7-4dc5-86d7-8723d69beb18","D09","PRLA","PRLA.AOS.groundwater.well.008","PRLA.W8.20170614.FIL",,"2017-06-14T16:10Z","2017-06-14T16:10Z","EcoCore_CSU","Ortho - P",0.0110,"milligramsPerLiter",0.5,,0,"formatChange","GOOD"
"bc8a5220-6e36-4ef8-8ea8-5ddc060cb98d","D09","PRLA","PRLA.AOS.groundwater.well.008","PRLA.W8.20170614.RAW",,"2017-06-14T16:10Z","2017-06-14T16:10Z","EcoCore_CSU","TSS",2.0000,"milligramsPerLiter",0.5,,0,"formatChange","GOOD"
"f54718c1-4669-418b-b301-df003e923921","D09","PRLA","PRLA.AOS.groundwater.well.008","PRLA.W8.20170614.RAW",,"2017-06-14T16:10Z","2017-06-14T16:10Z","EcoCore_CSU","TOC",6.3330,"milligramsPerLiter",0.5,,0,"formatChange","GOOD"
