uid,domainID,siteID,namedLocation,collectDate,titrationDate,parentSampleID,domainSampleID,remarks,measuredBy,alkMeqPerL,alkMgPerL,ancMeqPerL,ancMgPerL
"e9474db6-fe23-49a8-bb51-5ed7666a688c","D03","BARC","BARC.AOS.groundwater.well.008","2015-04-29T15:50Z","2015-04-30T13:00Z","BARC.W8.20150429","BARC.W8.20150429.ANC","protocol used not recorded","cfoster@neoninc.org",,,0.080,4.170
"f9a6374c-ea1b-451a-9ee9-5f24af61acda","D03","BARC","BARC.AOS.groundwater.well.008","2015-04-29T15:50Z","2015-04-30T14:25Z","BARC.W8.20150429","BARC.W8.20150429.ALK","protocol used not recorded","cfoster@neoninc.org",0.080,4.210,,
"71b893c7-0662-4bb2-b355-ac59a4711e9e","D03","BARC","BARC.AOS.groundwater.well.006","2015-04-29T18:16Z","2015-04-30T13:00Z","BARC.W6.20150429","BARC.W6.20150429.ANC","protocol used not recorded","cfoster@neoninc.org",,,-0.030,-1.420
"a493b0ea-0d44-4e62-a444-5f476e39ab5d","D03","BARC","BARC.AOS.groundwater.well.006","2015-04-29T18:16Z","2015-04-30T13:00Z","BARC.W6.20150429","BARC.W6.20150429.ALK","no protocol recorded. best guess chronologically","cfoster@neoninc.org",-0.020,-1.070,,
"87adf33a-7d12-4ed4-b519-1796031d753d","D03","BARC","BARC.AOS.groundwater.well.001","2015-04-30T15:15Z","2015-05-01T13:05Z","BARC.W1.20150430","BARC.W1.20150430.ANC","protocol used not recorded","tantony@field-ops.org",,,0.020,0.950
"065ee376-95e7-4ef5-b586-7c87b249536b","D03","BARC","BARC.AOS.groundwater.well.001","2015-04-30T15:15Z","2015-05-01T13:40Z","BARC.W1.20150430","BARC.W1.20150430.ALK",,"tantony@field-ops.org",0.140,6.850,,
"a2b328c2-6a7b-4a7d-b997-2798182ddeba","D03","BARC","BARC.AOS.groundwater.well.005","2015-04-30T16:25Z","2015-05-01T14:10Z","BARC.W5.20150430","BARC.W5.20150430.ANC",,"tantony@field-ops.org",,,0.250,12.400
"7db32437-f0bc-4057-87d5-96ef6ff43f92","D03","BARC","BARC.AOS.groundwater.well.005","2015-04-30T16:25Z","2015-05-01T14:40Z","BARC.W5.20150430","BARC.W5.20150430.ALK","protocol used not recorded","tantony@field-ops.org",0.280,14.200,,
