uid,domainID,siteID,namedLocation,decimalLatitude,decimalLongitude,coordinateUncertainty,elevation,elevationUncertainty,geodeticDatum,collectDate,aquaticSiteType,samplingImpractical,waterChemSamplesCollected,adequateSampleVol,parentSampleID,eventID,swcSamplingProtocolVersion,sampleExtractionMethod,samplerType,totalWellDepth,wellWaterDepth,waterColumnHeight,sampleDepth,purgeAverageDischargeRate,purgeTime,gwWellStabilized,purgeDryDateTime,pumpPlacementDate,screenedIntervalDepth,maxAllowableDrawdown,actualDrawdown,MADExceeded,wellVolumePurged,probeIDUnavailable,dissolvedOxygen,dissolvedOxygenSaturation,specificConductance,waterTemp,pH,waterClarityDescrip,waterColorDescrip,aCollectedBy,bCollectedBy,remarks
"b6bbc925-9b7b-4237-880c-97be245d0696","D03","BARC","BARC.AOS.groundwater.well.008",29.678049,-82.009175,0.1,30.3,0.1,"WGS84","2015-04-29T15:50Z","lake",,,,"BARC.W8.20150429","BARC.20150429","NEON.DOC.001219vC",,,,,,,,,,,,,,,,,,0.72,,4.10,29.60,,,,"cfoster@neoninc.org","tantony@field-ops.org","no other information recorded"
"13d09679-dd97-4ae3-9648-c1e8a1ddfebd","D03","BARC","BARC.AOS.groundwater.well.006",29.674068,-82.008257,0.1,29.6,0.1,"WGS84","2015-04-29T18:16Z","lake",,,,"BARC.W6.20150429","BARC.20150429","NEON.DOC.001219vC",,,,,,,,,,,,,,,,,,4.67,,2.20,22.90,,,,"cfoster@neoninc.org","tantony@field-ops.org","only found basic water chem info"
"7ea3ae6c-0d71-4dc7-a761-3fc802757ca3","D03","BARC","BARC.AOS.groundwater.well.001",29.678574,-82.008577,0.1,30.1,0.1,"WGS84","2015-04-30T15:15Z","lake",,,,"BARC.W1.20150430","BARC.20150430","NEON.DOC.001219vB","low-flow",,,5.1,,9.9,,,,,,,,,,16.2,,5.98,,1.60,25.00,,,,"mlehmensiek@neoninc.org","tantony@field-ops.org","Discharge rate 475 is out of range? Only sampled Alk/ANC"
"2b6f96d5-95e9-4683-be9c-521043ace1f9","D03","BARC","BARC.AOS.groundwater.well.005",29.674046,-82.007170,0.1,29.9,0.1,"WGS84","2015-04-30T16:25Z","lake",,,,"BARC.W5.20150430","BARC.20150430","NEON.DOC.001219vB","low-flow",,,5.5,,9.2,,,,,,,,,,5.9,,5.32,,0.80,20.90,,,,"mlehmensiek@neoninc.org","tantony@field-ops.org","Only sampled for ANC/ALK"
