uid,domainID,siteID,namedLocation,decimalLatitude,decimalLongitude,coordinateUncertainty,elevation,elevationUncertainty,geodeticDatum,collectDate,aquaticSiteType,samplingImpractical,waterChemSamplesCollected,adequateSampleVol,parentSampleID,eventID,swcSamplingProtocolVersion,sampleExtractionMethod,samplerType,totalWellDepth,wellWaterDepth,waterColumnHeight,sampleDepth,purgeAverageDischargeRate,purgeTime,gwWellStabilized,purgeDryDateTime,pumpPlacementDate,screenedIntervalDepth,maxAllowableDrawdown,actualDrawdown,MADExceeded,wellVolumePurged,probeIDUnavailable,dissolvedOxygen,dissolvedOxygenSaturation,specificConductance,waterTemp,pH,waterClarityDescrip,waterColorDescrip,aCollectedBy,bCollectedBy,remarks
"13914ee4-07c3-48fd-b97f-f57070b30673","D14","SYCA","SYCA.AOS.groundwater.well.004",33.750662,-111.507276,0.1,646.6,0.1,"WGS84","2020-05-13T17:00Z","stream","logistical",,"Y","SYCA.W4.20200513","SYCA.20200513","NEON.DOC.002905vG",,,,,,,,,,,,,,,,,,,,,,,,,"0000-0002-6694-2717","0000-0002-6694-2717","COVID19"
"7a56bba7-9c62-4849-a1e1-5e1c34a17a18","D14","SYCA","SYCA.AOS.groundwater.well.003",33.750864,-111.507595,0.1,646.4,0.1,"WGS84","2020-05-13T17:00Z","stream","logistical",,"Y","SYCA.W3.20200513","SYCA.20200513","NEON.DOC.002905vG",,,,,,,,,,,,,,,,,,,,,,,,,"0000-0002-6694-2717","0000-0002-6694-2717","COVID19"
"8714ed43-8c32-4d04-8a60-caa0b1d1d1a3","D14","SYCA","SYCA.AOS.groundwater.well.002",33.750561,-111.507255,0.1,646.2,0.1,"WGS84","2020-05-13T17:00Z","stream","logistical",,"Y","SYCA.W2.20200513","SYCA.20200513","NEON.DOC.002905vG",,,,,,,,,,,,,,,,,,,,,,,,,"0000-0002-6694-2717","0000-0002-6694-2717","COVID19"
"02c7c111-1e46-4db6-90cd-70fde076c0e2","D14","SYCA","SYCA.AOS.groundwater.well.001",33.750514,-111.507112,0.1,646.3,0.1,"WGS84","2020-05-13T17:00Z","stream","logistical",,"Y","SYCA.W1.20200513","SYCA.20200513","NEON.DOC.002905vG",,,,,,,,,,,,,,,,,,,,,,,,,"0000-0002-6694-2717","0000-0002-6694-2717","COVID19"
