uid,domainID,siteID,namedLocation,sampleID,sampleCode,startDate,collectDate,laboratoryName,analyte,analyteConcentration,analyteUnits,coolerTemp,remarks,shipmentWarmQF,externalLabDataQF,sampleCondition
"c1930656-02fb-4ad7-9fca-d8e719ea42ef","D07","WALK","WALK.AOS.groundwater.well.001","WALK.W1.20200212.FIL","A00000143496","2020-02-12T15:33Z","2020-02-12T15:33Z","EcoCore_CSU","DIC",39.6700,"milligramsPerLiter",4.6,,0,,"OK"
"47348b53-0139-41a9-8940-33161e6b6211","D07","WALK","WALK.AOS.groundwater.well.001","WALK.W1.20200212.FIL","A00000143496","2020-02-12T15:33Z","2020-02-12T15:33Z","EcoCore_CSU","TDN",0.0167,"milligramsPerLiter",4.6,,0,,"OK"
"c339b4a3-a027-400c-aac9-bf308109a555","D07","WALK","WALK.AOS.groundwater.well.001","WALK.W1.20200212.FIL","A00000143496","2020-02-12T15:33Z","2020-02-12T15:33Z","EcoCore_CSU","DOC",1.2490,"milligramsPerLiter",4.6,,0,,"OK"
"3211953f-3f37-4f69-bfd4-917ac008257a","D07","WALK","WALK.AOS.groundwater.well.002","WALK.W2.20200212.FIL","A00000143497","2020-02-12T16:41Z","2020-02-12T16:41Z","EcoCore_CSU","DOC",1.2230,"milligramsPerLiter",4.6,,0,,"OK"
"c6084a53-839f-445d-93ee-7c24e3958872","D07","WALK","WALK.AOS.groundwater.well.002","WALK.W2.20200212.FIL","A00000143497","2020-02-12T16:41Z","2020-02-12T16:41Z","EcoCore_CSU","TDN",-0.0254,"milligramsPerLiter",4.6,,0,,"OK"
"37b1fa6a-a669-4e9c-a980-d818cf444a55","D07","WALK","WALK.AOS.groundwater.well.002","WALK.W2.20200212.FIL","A00000143497","2020-02-12T16:41Z","2020-02-12T16:41Z","EcoCore_CSU","DIC",19.6100,"milligramsPerLiter",4.6,,0,,"OK"
