uid,domainID,siteID,namedLocation,collectDate,titrationDate,parentSampleID,domainSampleID,remarks,measuredBy,alkMeqPerL,alkMgPerL,ancMeqPerL,ancMgPerL
"79549b9a-c0df-4e9a-a287-44ad6dec2940","D09","PRLA","PRLA.AOS.groundwater.well.003","2018-05-02T13:33Z","2018-05-03T19:00Z","PRLA.W3.20180502","PRLA.W3.20180502.ALK",,"dfarkas@battelleecology.org",9.440,473.000,,
"3209122c-26f9-4517-9b42-bbc2a632a574","D09","PRLA","PRLA.AOS.groundwater.well.001","2018-05-02T15:24Z","2018-05-03T13:30Z","PRLA.W1.20180502","PRLA.W1.20180502.ALK",,"dfarkas@battelleecology.org",6.410,321.000,,
"035aa22d-6d99-46c1-9dd9-3cf6e2bac360","D09","PRLA","PRLA.AOS.groundwater.well.007","2018-05-02T17:24Z","2018-05-03T18:48Z","PRLA.W7.20180502","PRLA.W7.20180502.ALK.REP2",,"bwaite@battelleecology.org",9.040,452.000,,
"401e0f34-df1b-41ec-9c91-344ec5edbda5","D09","PRLA","PRLA.AOS.groundwater.well.007","2018-05-02T17:24Z","2018-05-03T14:50Z","PRLA.W7.20180502","PRLA.W7.20180502.ALK",,"dfarkas@battelleecology.org",9.030,452.000,,
"efd3a79b-91b8-457a-9c53-8c2e7a38bc28","D09","PRLA","PRLA.AOS.groundwater.well.008","2018-05-02T18:41Z","2018-05-03T19:15Z","PRLA.W8.20180502","PRLA.W8.20180502.ALK.REP2",,"bwaite@battelleecology.org",10.500,526.000,,
"eed26cfc-c6b1-46b4-879f-eb004f8e0b1c","D09","PRLA","PRLA.AOS.groundwater.well.008","2018-05-02T18:41Z","2018-05-03T16:15Z","PRLA.W8.20180502","PRLA.W8.20180502.ALK",,"dfarkas@battelleecology.org",10.100,506.000,,
