uid,domainID,siteID,namedLocation,sampleID,sampleCode,startDate,collectDate,laboratoryName,analyte,analyteConcentration,analyteUnits,coolerTemp,remarks,shipmentWarmQF,externalLabDataQF,sampleCondition
"220d7075-0aeb-4e64-8af5-7d6eab8ac239","D09","PRLA","PRLA.AOS.groundwater.well.003","PRLA.W3.20180502.FIL","A00000017358","2018-05-02T13:33Z","2018-05-02T13:33Z","EcoCore_CSU","Ortho - P",0.0160,"milligramsPerLiter",5.3,,0,"formatChange","GOOD"
"35184b88-1a7b-4c57-83c5-205cac26271a","D09","PRLA","PRLA.AOS.groundwater.well.003","PRLA.W3.20180502.FIL","A00000017358","2018-05-02T13:33Z","2018-05-02T13:33Z","EcoCore_CSU","Na",21.7700,"milligramsPerLiter",5.3,,0,"formatChange","GOOD"
"09b41225-ff84-443f-af91-92c5bc8d5a69","D09","PRLA","PRLA.AOS.groundwater.well.003","PRLA.W3.20180502.FIL","A00000017358","2018-05-02T13:33Z","2018-05-02T13:33Z","EcoCore_CSU","Br",0.0050,"milligramsPerLiter",5.3,,0,"formatChange","GOOD"
"8a55bb68-2ddb-4cbf-a381-e09c80fa1028","D09","PRLA","PRLA.AOS.groundwater.well.003","PRLA.W3.20180502.FIL","A00000017358","2018-05-02T13:33Z","2018-05-02T13:33Z","EcoCore_CSU","TDN",0.4552,"milligramsPerLiter",5.3,,0,"formatChange","GOOD"
"1a466a9a-367f-42d5-b749-e03ab1b41b4c","D09","PRLA","PRLA.AOS.groundwater.well.003","PRLA.W3.20180502.FIL","A00000017358","2018-05-02T13:33Z","2018-05-02T13:33Z","EcoCore_CSU","TDS",879.0000,"milligramsPerLiter",5.3,,0,"formatChange","GOOD"
"fe54a304-d231-4298-9089-54b227062750","D09","PRLA","PRLA.AOS.groundwater.well.003","PRLA.W3.20180502.RAW","A00000017376","2018-05-02T13:33Z","2018-05-02T13:33Z","EcoCore_CSU","TSS - Dry Mass",244.0000,"microgram",5.3,,0,"formatChange","GOOD"
"0173d4d9-bbb8-4903-b27d-4517641ad820","D09","PRLA","PRLA.AOS.groundwater.well.003","PRLA.W3.20180502.PCN","A00000016218","2018-05-02T13:33Z","2018-05-02T13:33Z","EcoCore_CSU","TPN",0.1245,"milligram",5.3,,0,"formatChange","GOOD"
"c20b39f8-845f-4aea-bff0-fd0b6eecb1b0","D09","PRLA","PRLA.AOS.groundwater.well.003","PRLA.W3.20180502.FIL","A00000017358","2018-05-02T13:33Z","2018-05-02T13:33Z","EcoCore_CSU","Si",8.8857,"milligramsPerLiter",5.3,,0,"formatChange","GOOD"
"b686a28f-41f4-4026-8275-b95f2487086e","D09","PRLA","PRLA.AOS.groundwater.well.003","PRLA.W3.20180502.FIL","A00000017358","2018-05-02T13:33Z","2018-05-02T13:33Z","EcoCore_CSU","SO4",300.3720,"milligramsPerLiter",5.3,,0,"formatChange","GOOD"
"e2b71b5c-fb7d-416f-9031-6a266730e075","D09","PRLA","PRLA.AOS.groundwater.well.003","PRLA.W3.20180502.FIL","A00000017358","2018-05-02T13:33Z","2018-05-02T13:33Z","EcoCore_CSU","NH4 - N",0.0254,"milligramsPerLiter",5.3,,0,"formatChange","GOOD"
"2f4e740e-99c3-45e6-9291-b881ef182d56","D09","PRLA","PRLA.AOS.groundwater.well.003","PRLA.W3.20180502.FIL","A00000017358","2018-05-02T13:33Z","2018-05-02T13:33Z","EcoCore_CSU","CO3",0.0050,"milligramsPerLiter",5.3,,0,"formatChange","GOOD"
"8ce16e4b-fe0b-4250-b182-e5a61f3dea9f","D09","PRLA","PRLA.AOS.groundwater.well.003","PRLA.W3.20180502.FIL","A00000017358","2018-05-02T13:33Z","2018-05-02T13:33Z","EcoCore_CSU","Ca",148.4620,"milligramsPerLiter",5.3,,0,"formatChange","GOOD"
"c1bce5a3-8bb0-422d-b92d-dc07ca0586ce","D09","PRLA","PRLA.AOS.groundwater.well.003","PRLA.W3.20180502.RAW","A00000017376","2018-05-02T13:33Z","2018-05-02T13:33Z","EcoCore_CSU","TOC",5.5830,"milligramsPerLiter",5.3,,0,"formatChange","GOOD"
"11cd4a2e-c923-4317-9005-d45bbb430441","D09","PRLA","PRLA.AOS.groundwater.well.003","PRLA.W3.20180502.FIL","A00000017358","2018-05-02T13:33Z","2018-05-02T13:33Z","EcoCore_CSU","Cl",5.9245,"milligramsPerLiter",5.3,,0,"formatChange","GOOD"
"d73da2a2-87a5-4304-b36a-5c2527b8e5c2","D09","PRLA","PRLA.AOS.groundwater.well.003","PRLA.W3.20180502.FIL","A00000017358","2018-05-02T13:33Z","2018-05-02T13:33Z","EcoCore_CSU","UV Absorbance (280 nm)",0.0459,,5.3,,0,"formatChange","GOOD"
"3b3d7d01-1fb2-4bc5-91a9-57c03a78b90a","D09","PRLA","PRLA.AOS.groundwater.well.003","PRLA.W3.20180502.FIL","A00000017358","2018-05-02T13:33Z","2018-05-02T13:33Z","EcoCore_CSU","DOC",6.0030,"milligramsPerLiter",5.3,,0,"formatChange","GOOD"
"d57f658c-acdd-4408-910a-07cec890aa77","D09","PRLA","PRLA.AOS.groundwater.well.003","PRLA.W3.20180502.FIL","A00000017358","2018-05-02T13:33Z","2018-05-02T13:33Z","EcoCore_CSU","Mn",0.2069,"milligramsPerLiter",5.3,,0,"formatChange","GOOD"
"7856ef69-6034-431d-9bb5-8c4d63c9f663","D09","PRLA","PRLA.AOS.groundwater.well.003","PRLA.W3.20180502.FIL","A00000017358","2018-05-02T13:33Z","2018-05-02T13:33Z","EcoCore_CSU","NO2 - N",0.0150,"milligramsPerLiter",5.3,,0,"formatChange","GOOD"
"31cc5ae4-8919-4072-b7bd-11eb12037f31","D09","PRLA","PRLA.AOS.groundwater.well.003","PRLA.W3.20180502.RAW","A00000017376","2018-05-02T13:33Z","2018-05-02T13:33Z","EcoCore_CSU","TN",0.4637,"milligramsPerLiter",5.3,,0,"formatChange","GOOD"
"d21154a1-f6be-4cb4-97ee-6372c9185a69","D09","PRLA","PRLA.AOS.groundwater.well.003","PRLA.W3.20180502.RAW","A00000017376","2018-05-02T13:33Z","2018-05-02T13:33Z","EcoCore_CSU","TSS",4.8780,"milligramsPerLiter",5.3,,0,"formatChange","GOOD"
"ca33ad84-63f0-46d4-ae4d-5ea937054322","D09","PRLA","PRLA.AOS.groundwater.well.003","PRLA.W3.20180502.FIL","A00000017358","2018-05-02T13:33Z","2018-05-02T13:33Z","EcoCore_CSU","TDP",0.0194,"milligramsPerLiter",5.3,,0,"formatChange","GOOD"
"619c3ade-5fd1-4786-9c2e-6fcd4f92ed36","D09","PRLA","PRLA.AOS.groundwater.well.003","PRLA.W3.20180502.FIL","A00000017358","2018-05-02T13:33Z","2018-05-02T13:33Z","EcoCore_CSU","Fe",0.0005,"milligramsPerLiter",5.3,,0,"formatChange","GOOD"
"59344c35-01de-4f36-a87a-d0792032ac9a","D09","PRLA","PRLA.AOS.groundwater.well.003","PRLA.W3.20180502.RAW","A00000017376","2018-05-02T13:33Z","2018-05-02T13:33Z","EcoCore_CSU","pH",7.2700,"pH",5.3,,0,"formatChange","GOOD"
"aa36023a-5979-45a0-9e83-8239bc2ec95f","D09","PRLA","PRLA.AOS.groundwater.well.003","PRLA.W3.20180502.FIL","A00000017358","2018-05-02T13:33Z","2018-05-02T13:33Z","EcoCore_CSU","HCO3",396.1100,"milligramsPerLiter",5.3,,0,"formatChange","GOOD"
"7ae77403-c7fa-4a99-b64f-d83357bf122f","D09","PRLA","PRLA.AOS.groundwater.well.003","PRLA.W3.20180502.PCN","A00000016218","2018-05-02T13:33Z","2018-05-02T13:33Z","EcoCore_CSU","TPC",0.2932,"milligram",5.3,,0,"formatChange","GOOD"
"c85a0559-dbd5-4231-8d2e-38da29fd3619","D09","PRLA","PRLA.AOS.groundwater.well.003","PRLA.W3.20180502.FIL","A00000017358","2018-05-02T13:33Z","2018-05-02T13:33Z","EcoCore_CSU","DIC",134.8000,"milligramsPerLiter",5.3,,0,"formatChange","GOOD"
"0adbc4cc-5a59-4c72-ae66-f7d7bc68edfb","D09","PRLA","PRLA.AOS.groundwater.well.003","PRLA.W3.20180502.RAW","A00000017376","2018-05-02T13:33Z","2018-05-02T13:33Z","EcoCore_CSU","conductivity",1260.0000,"microsiemensPerCentimeter",5.3,,0,"formatChange","GOOD"
"b819510d-62d7-4846-8714-7dfb466fcc62","D09","PRLA","PRLA.AOS.groundwater.well.003","PRLA.W3.20180502.FIL","A00000017358","2018-05-02T13:33Z","2018-05-02T13:33Z","EcoCore_CSU","UV Absorbance (250 nm)",0.0818,,5.3,,0,"formatChange","GOOD"
"a981588f-1eb4-4c49-8e09-166083d2ead8","D09","PRLA","PRLA.AOS.groundwater.well.003","PRLA.W3.20180502.FIL","A00000017358","2018-05-02T13:33Z","2018-05-02T13:33Z","EcoCore_CSU","NO3+NO2 - N",0.0031,"milligramsPerLiter",5.3,,0,"formatChange","GOOD"
"d1bcc0cc-0989-443e-ad08-a77470d3a50a","D09","PRLA","PRLA.AOS.groundwater.well.003","PRLA.W3.20180502.RAW","A00000017376","2018-05-02T13:33Z","2018-05-02T13:33Z","EcoCore_CSU","ANC",7.5200,"milliequivalentsPerLiter",5.3,,0,"formatChange","GOOD"
"a2ff5666-ecab-4fc3-9178-f78bd26de365","D09","PRLA","PRLA.AOS.groundwater.well.003","PRLA.W3.20180502.FIL","A00000017358","2018-05-02T13:33Z","2018-05-02T13:33Z","EcoCore_CSU","K",8.6500,"milligramsPerLiter",5.3,,0,"formatChange","GOOD"
"b92460dd-f98f-4680-9445-0f73847cf0fd","D09","PRLA","PRLA.AOS.groundwater.well.003","PRLA.W3.20180502.RAW","A00000017376","2018-05-02T13:33Z","2018-05-02T13:33Z","EcoCore_CSU","TP",0.0234,"milligramsPerLiter",5.3,,0,"formatChange","GOOD"
"462a3e0a-3d39-4762-bc3b-f15b87521398","D09","PRLA","PRLA.AOS.groundwater.well.003","PRLA.W3.20180502.FIL","A00000017358","2018-05-02T13:33Z","2018-05-02T13:33Z","EcoCore_CSU","Mg",63.8256,"milligramsPerLiter",5.3,,0,"formatChange","GOOD"
"9abf2322-76c2-4d08-b5f9-0bf759f9ca88","D09","PRLA","PRLA.AOS.groundwater.well.003","PRLA.W3.20180502.FIL","A00000017358","2018-05-02T13:33Z","2018-05-02T13:33Z","EcoCore_CSU","F",2.6443,"milligramsPerLiter",5.3,,0,"formatChange","GOOD"
"c2723881-15cb-438c-aca8-210dc46af7cd","D09","PRLA","PRLA.AOS.groundwater.well.001","PRLA.W1.20180502.FIL","A00000017341","2018-05-02T15:24Z","2018-05-02T15:24Z","EcoCore_CSU","TDN",0.8357,"milligramsPerLiter",5.3,,0,"formatChange","GOOD"
"7872236d-f730-4fac-938d-a5e52b10ae68","D09","PRLA","PRLA.AOS.groundwater.well.001","PRLA.W1.20180502.PCN","A00000016219","2018-05-02T15:24Z","2018-05-02T15:24Z","EcoCore_CSU","TPC",0.4190,"milligram",5.3,,0,"formatChange","GOOD"
"e3325104-b197-4d5a-8b2d-731d8243c889","D09","PRLA","PRLA.AOS.groundwater.well.001","PRLA.W1.20180502.RAW","A00000017359","2018-05-02T15:24Z","2018-05-02T15:24Z","EcoCore_CSU","ANC",4.2210,"milliequivalentsPerLiter",5.3,,0,"formatChange","GOOD"
"6685228a-7e68-40f9-b6bf-2e0ebd298f2d","D09","PRLA","PRLA.AOS.groundwater.well.001","PRLA.W1.20180502.FIL","A00000017341","2018-05-02T15:24Z","2018-05-02T15:24Z","EcoCore_CSU","NO2 - N",0.0147,"milligramsPerLiter",5.3,,0,"formatChange","GOOD"
"5ea537fc-805e-443e-aa20-09bb881a71d9","D09","PRLA","PRLA.AOS.groundwater.well.001","PRLA.W1.20180502.FIL","A00000017341","2018-05-02T15:24Z","2018-05-02T15:24Z","EcoCore_CSU","TDS",1525.6700,"milligramsPerLiter",5.3,,0,"formatChange","GOOD"
"3663c7ca-b5dc-4011-8ef9-2f0afe6fd573","D09","PRLA","PRLA.AOS.groundwater.well.001","PRLA.W1.20180502.FIL","A00000017341","2018-05-02T15:24Z","2018-05-02T15:24Z","EcoCore_CSU","Ortho - P",0.1690,"milligramsPerLiter",5.3,,0,"formatChange","GOOD"
"d703c8bc-4ebe-45fe-8709-476282de1fbb","D09","PRLA","PRLA.AOS.groundwater.well.001","PRLA.W1.20180502.RAW","A00000017359","2018-05-02T15:24Z","2018-05-02T15:24Z","EcoCore_CSU","conductivity",2195.0000,"microsiemensPerCentimeter",5.3,,0,"formatChange","GOOD"
"bb5b528a-71da-407b-a8d2-0086eff34caa","D09","PRLA","PRLA.AOS.groundwater.well.001","PRLA.W1.20180502.FIL","A00000017341","2018-05-02T15:24Z","2018-05-02T15:24Z","EcoCore_CSU","DIC",87.2700,"milligramsPerLiter",5.3,,0,"formatChange","GOOD"
"2273bb49-7379-4228-a4e2-ecc60602fcab","D09","PRLA","PRLA.AOS.groundwater.well.001","PRLA.W1.20180502.FIL","A00000017341","2018-05-02T15:24Z","2018-05-02T15:24Z","EcoCore_CSU","Ca",259.5710,"milligramsPerLiter",5.3,,0,"formatChange","GOOD"
"9d2054ab-e8de-4ce4-b992-188d3f1d2ab4","D09","PRLA","PRLA.AOS.groundwater.well.001","PRLA.W1.20180502.FIL","A00000017341","2018-05-02T15:24Z","2018-05-02T15:24Z","EcoCore_CSU","SO4",1131.5640,"milligramsPerLiter",5.3,,0,"formatChange","GOOD"
"eb96a47d-7e15-4575-998c-36a65e799def","D09","PRLA","PRLA.AOS.groundwater.well.001","PRLA.W1.20180502.PCN","A00000016219","2018-05-02T15:24Z","2018-05-02T15:24Z","EcoCore_CSU","TPN",0.1268,"milligram",5.3,,0,"formatChange","GOOD"
"399124fc-9996-434a-ab01-87b1756434a5","D09","PRLA","PRLA.AOS.groundwater.well.001","PRLA.W1.20180502.RAW","A00000017359","2018-05-02T15:24Z","2018-05-02T15:24Z","EcoCore_CSU","TP",0.0901,"milligramsPerLiter",5.3,,0,"formatChange","GOOD"
"d9702116-b715-4aa0-8b9f-12a77d4dbc6e","D09","PRLA","PRLA.AOS.groundwater.well.001","PRLA.W1.20180502.FIL","A00000017341","2018-05-02T15:24Z","2018-05-02T15:24Z","EcoCore_CSU","Cl",8.1520,"milligramsPerLiter",5.3,,0,"formatChange","GOOD"
"66b50eb8-be5d-4766-abb1-6f94e711b436","D09","PRLA","PRLA.AOS.groundwater.well.001","PRLA.W1.20180502.FIL","A00000017341","2018-05-02T15:24Z","2018-05-02T15:24Z","EcoCore_CSU","DOC",6.9180,"milligramsPerLiter",5.3,,0,"formatChange","GOOD"
"e3a5630b-6dcb-4ef5-bf07-e12288f82c75","D09","PRLA","PRLA.AOS.groundwater.well.001","PRLA.W1.20180502.FIL","A00000017341","2018-05-02T15:24Z","2018-05-02T15:24Z","EcoCore_CSU","HCO3",240.1900,"milligramsPerLiter",5.3,,0,"formatChange","GOOD"
"0c1f4ae7-149e-49b7-9df0-bccf55b0f3e2","D09","PRLA","PRLA.AOS.groundwater.well.001","PRLA.W1.20180502.FIL","A00000017341","2018-05-02T15:24Z","2018-05-02T15:24Z","EcoCore_CSU","UV Absorbance (250 nm)",0.1173,,5.3,,0,"formatChange","GOOD"
"00099222-4101-47f6-9b10-03a66b1b6f2d","D09","PRLA","PRLA.AOS.groundwater.well.001","PRLA.W1.20180502.FIL","A00000017341","2018-05-02T15:24Z","2018-05-02T15:24Z","EcoCore_CSU","Na",79.0300,"milligramsPerLiter",5.3,,0,"formatChange","GOOD"
"ce9e28ee-d4fc-4bd8-88bb-f8d7c52088e7","D09","PRLA","PRLA.AOS.groundwater.well.001","PRLA.W1.20180502.FIL","A00000017341","2018-05-02T15:24Z","2018-05-02T15:24Z","EcoCore_CSU","F",2.3039,"milligramsPerLiter",5.3,,0,"formatChange","GOOD"
"63902a19-d528-4e19-bf31-3b2584028c77","D09","PRLA","PRLA.AOS.groundwater.well.001","PRLA.W1.20180502.RAW","A00000017359","2018-05-02T15:24Z","2018-05-02T15:24Z","EcoCore_CSU","TN",0.8453,"milligramsPerLiter",5.3,,0,"formatChange","GOOD"
"f1946e17-94f6-4c37-b988-4cb0e00f1820","D09","PRLA","PRLA.AOS.groundwater.well.001","PRLA.W1.20180502.RAW","A00000017359","2018-05-02T15:24Z","2018-05-02T15:24Z","EcoCore_CSU","TSS",100.0000,"milligramsPerLiter",5.3,,0,"formatChange","GOOD"
"434e2a64-fdb3-46ef-ae95-81a33dc91b60","D09","PRLA","PRLA.AOS.groundwater.well.001","PRLA.W1.20180502.RAW","A00000017359","2018-05-02T15:24Z","2018-05-02T15:24Z","EcoCore_CSU","TSS - Dry Mass",5000.0000,"microgram",5.3,,0,"formatChange","GOOD"
"aa49ddb1-a2b9-464b-9765-0308cf4be1f8","D09","PRLA","PRLA.AOS.groundwater.well.001","PRLA.W1.20180502.FIL","A00000017341","2018-05-02T15:24Z","2018-05-02T15:24Z","EcoCore_CSU","Mn",0.0005,"milligramsPerLiter",5.3,,0,"formatChange","GOOD"
"70742fa6-d223-4bc6-816a-4dfc009eb43d","D09","PRLA","PRLA.AOS.groundwater.well.001","PRLA.W1.20180502.RAW","A00000017359","2018-05-02T15:24Z","2018-05-02T15:24Z","EcoCore_CSU","TOC",7.9850,"milligramsPerLiter",5.3,,0,"formatChange","GOOD"
"754c68c9-4a9f-4c52-800f-5655674baf51","D09","PRLA","PRLA.AOS.groundwater.well.001","PRLA.W1.20180502.FIL","A00000017341","2018-05-02T15:24Z","2018-05-02T15:24Z","EcoCore_CSU","K",8.8898,"milligramsPerLiter",5.3,,0,"formatChange","GOOD"
"664bf8d8-6db9-435d-b5f6-a83a54763419","D09","PRLA","PRLA.AOS.groundwater.well.001","PRLA.W1.20180502.FIL","A00000017341","2018-05-02T15:24Z","2018-05-02T15:24Z","EcoCore_CSU","UV Absorbance (280 nm)",0.0648,,5.3,,0,"formatChange","GOOD"
"e9df24a3-5cb4-42b5-b851-cdc27a74bf97","D09","PRLA","PRLA.AOS.groundwater.well.001","PRLA.W1.20180502.FIL","A00000017341","2018-05-02T15:24Z","2018-05-02T15:24Z","EcoCore_CSU","CO3",0.0050,"milligramsPerLiter",5.3,,0,"formatChange","GOOD"
"8c561d6c-fcd6-480e-8538-7e67467c2e1e","D09","PRLA","PRLA.AOS.groundwater.well.001","PRLA.W1.20180502.FIL","A00000017341","2018-05-02T15:24Z","2018-05-02T15:24Z","EcoCore_CSU","Br",0.0050,"milligramsPerLiter",5.3,,0,"formatChange","GOOD"
"64ff642f-7037-4bc8-9d91-634e76ecffb8","D09","PRLA","PRLA.AOS.groundwater.well.001","PRLA.W1.20180502.FIL","A00000017341","2018-05-02T15:24Z","2018-05-02T15:24Z","EcoCore_CSU","Fe",0.0005,"milligramsPerLiter",5.3,,0,"formatChange","GOOD"
"37c9fc9c-df0d-4c64-85dc-66321243c129","D09","PRLA","PRLA.AOS.groundwater.well.001","PRLA.W1.20180502.FIL","A00000017341","2018-05-02T15:24Z","2018-05-02T15:24Z","EcoCore_CSU","TDP",0.0005,"milligramsPerLiter",5.3,,0,"formatChange","GOOD"
"6ee5bb8d-824a-4d1c-ab5a-fbc573627ff0","D09","PRLA","PRLA.AOS.groundwater.well.001","PRLA.W1.20180502.FIL","A00000017341","2018-05-02T15:24Z","2018-05-02T15:24Z","EcoCore_CSU","NO3+NO2 - N",0.3230,"milligramsPerLiter",5.3,,0,"formatChange","GOOD"
"5a5fc040-b6ac-47c8-af54-0ebab7fa9e1b","D09","PRLA","PRLA.AOS.groundwater.well.001","PRLA.W1.20180502.RAW","A00000017359","2018-05-02T15:24Z","2018-05-02T15:24Z","EcoCore_CSU","pH",7.4100,"pH",5.3,,0,"formatChange","GOOD"
"64a60246-da1e-4770-a5e2-944dae6ac78c","D09","PRLA","PRLA.AOS.groundwater.well.001","PRLA.W1.20180502.FIL","A00000017341","2018-05-02T15:24Z","2018-05-02T15:24Z","EcoCore_CSU","Mg",138.8560,"milligramsPerLiter",5.3,,0,"formatChange","GOOD"
"fd937752-49d7-44d7-9fa2-dd73da6fb476","D09","PRLA","PRLA.AOS.groundwater.well.001","PRLA.W1.20180502.FIL","A00000017341","2018-05-02T15:24Z","2018-05-02T15:24Z","EcoCore_CSU","Si",10.9832,"milligramsPerLiter",5.3,,0,"formatChange","GOOD"
"f08045d5-8a31-48b5-b4e5-c19d951a1c85","D09","PRLA","PRLA.AOS.groundwater.well.001","PRLA.W1.20180502.FIL","A00000017341","2018-05-02T15:24Z","2018-05-02T15:24Z","EcoCore_CSU","NH4 - N",0.0332,"milligramsPerLiter",5.3,,0,"formatChange","GOOD"
"9f896511-8db8-4060-b002-7180d34010d0","D09","PRLA","PRLA.AOS.groundwater.well.007","PRLA.W7.20180502.RAW","A00000017343","2018-05-02T17:24Z","2018-05-02T17:24Z","EcoCore_CSU","TSS",8.0000,"milligramsPerLiter",5.3,,0,"formatChange","GOOD"
"dc21c079-dbe0-40d7-9968-2a32e349c79a","D09","PRLA","PRLA.AOS.groundwater.well.007","PRLA.W7.20180502.FIL","A00000017375","2018-05-02T17:24Z","2018-05-02T17:24Z","EcoCore_CSU","Na",625.4130,"milligramsPerLiter",5.3,,0,"formatChange","GOOD"
"87d74085-2565-4804-ab22-d4d65448f6a0","D09","PRLA","PRLA.AOS.groundwater.well.007","PRLA.W7.20180502.FIL","A00000017375","2018-05-02T17:24Z","2018-05-02T17:24Z","EcoCore_CSU","DIC",133.0000,"milligramsPerLiter",5.3,,0,"formatChange","GOOD"
"99435432-228d-4982-9c72-7ffff7cfc766","D09","PRLA","PRLA.AOS.groundwater.well.007","PRLA.W7.20180502.FIL","A00000017375","2018-05-02T17:24Z","2018-05-02T17:24Z","EcoCore_CSU","NH4 - N",1.6699,"milligramsPerLiter",5.3,,0,"formatChange","GOOD"
"f975987f-55ce-4bb6-a569-2f4ff8930641","D09","PRLA","PRLA.AOS.groundwater.well.007","PRLA.W7.20180502.FIL","A00000017375","2018-05-02T17:24Z","2018-05-02T17:24Z","EcoCore_CSU","NO2 - N",0.0150,"milligramsPerLiter",5.3,,0,"formatChange","GOOD"
"9742eea2-0e0b-484b-b72f-83dfc80258b1","D09","PRLA","PRLA.AOS.groundwater.well.007","PRLA.W7.20180502.RAW","A00000017343","2018-05-02T17:24Z","2018-05-02T17:24Z","EcoCore_CSU","conductivity",5264.0000,"microsiemensPerCentimeter",5.3,,0,"formatChange","GOOD"
"f17dead0-7163-42a3-8365-2fa908d0ecfe","D09","PRLA","PRLA.AOS.groundwater.well.007","PRLA.W7.20180502.PCN","A00000016220","2018-05-02T17:24Z","2018-05-02T17:24Z","EcoCore_CSU","TPC",0.2659,"milligram",5.3,,0,"formatChange","GOOD"
"56b3832f-31a0-4a69-904f-718adc456c3a","D09","PRLA","PRLA.AOS.groundwater.well.007","PRLA.W7.20180502.RAW","A00000017343","2018-05-02T17:24Z","2018-05-02T17:24Z","EcoCore_CSU","TN",2.1820,"milligramsPerLiter",5.3,,0,"formatChange","GOOD"
"3d7601c6-ab64-4b7b-b16e-3c690ba93df8","D09","PRLA","PRLA.AOS.groundwater.well.007","PRLA.W7.20180502.FIL","A00000017375","2018-05-02T17:24Z","2018-05-02T17:24Z","EcoCore_CSU","TDS",3685.2100,"milligramsPerLiter",5.3,,0,"formatChange","GOOD"
"0203c3a2-bbb5-4255-9c6e-2b07cec0b902","D09","PRLA","PRLA.AOS.groundwater.well.007","PRLA.W7.20180502.FIL","A00000017375","2018-05-02T17:24Z","2018-05-02T17:24Z","EcoCore_CSU","TDN",2.1660,"milligramsPerLiter",5.3,,0,"formatChange","GOOD"
"1f52f7ed-5b7c-4570-b6ef-b413f3974b9d","D09","PRLA","PRLA.AOS.groundwater.well.007","PRLA.W7.20180502.FIL","A00000017375","2018-05-02T17:24Z","2018-05-02T17:24Z","EcoCore_CSU","Mg",309.5440,"milligramsPerLiter",5.3,,0,"formatChange","GOOD"
"39d65397-f1e5-4cea-84ec-40ead7667218","D09","PRLA","PRLA.AOS.groundwater.well.007","PRLA.W7.20180502.FIL","A00000017375","2018-05-02T17:24Z","2018-05-02T17:24Z","EcoCore_CSU","NO3+NO2 - N",-0.0063,"milligramsPerLiter",5.3,,0,"formatChange","GOOD"
"979e4fc0-d1a3-445f-839f-24c74edd8522","D09","PRLA","PRLA.AOS.groundwater.well.007","PRLA.W7.20180502.FIL","A00000017375","2018-05-02T17:24Z","2018-05-02T17:24Z","EcoCore_CSU","HCO3",1240.5800,"milligramsPerLiter",5.3,,0,"formatChange","GOOD"
"9b7e6ecf-0deb-40b4-aa68-58d1577b996f","D09","PRLA","PRLA.AOS.groundwater.well.007","PRLA.W7.20180502.RAW","A00000017343","2018-05-02T17:24Z","2018-05-02T17:24Z","EcoCore_CSU","TOC",10.2000,"milligramsPerLiter",5.3,,0,"formatChange","GOOD"
"0a616c81-b3d2-4305-beeb-1a5f50a1bb06","D09","PRLA","PRLA.AOS.groundwater.well.007","PRLA.W7.20180502.FIL","A00000017375","2018-05-02T17:24Z","2018-05-02T17:24Z","EcoCore_CSU","Ca",521.5320,"milligramsPerLiter",5.3,,0,"formatChange","GOOD"
"b29a8a65-244a-4d8d-a918-10c7f3eba705","D09","PRLA","PRLA.AOS.groundwater.well.007","PRLA.W7.20180502.FIL","A00000017375","2018-05-02T17:24Z","2018-05-02T17:24Z","EcoCore_CSU","DOC",11.0500,"milligramsPerLiter",5.3,,0,"formatChange","GOOD"
"1f9721f5-bbe1-456e-8747-237cd45b9d0e","D09","PRLA","PRLA.AOS.groundwater.well.007","PRLA.W7.20180502.FIL","A00000017375","2018-05-02T17:24Z","2018-05-02T17:24Z","EcoCore_CSU","Mn",2.6757,"milligramsPerLiter",5.3,,0,"formatChange","GOOD"
"b238bbc8-8d76-46ff-ae55-3c74ed95f7e4","D09","PRLA","PRLA.AOS.groundwater.well.007","PRLA.W7.20180502.RAW","A00000017343","2018-05-02T17:24Z","2018-05-02T17:24Z","EcoCore_CSU","ANC",21.3500,"milliequivalentsPerLiter",5.3,,0,"formatChange","GOOD"
"45f7f838-8bd0-4d0d-a3d5-81de8a649697","D09","PRLA","PRLA.AOS.groundwater.well.007","PRLA.W7.20180502.FIL","A00000017375","2018-05-02T17:24Z","2018-05-02T17:24Z","EcoCore_CSU","Cl",59.7161,"milligramsPerLiter",5.3,,0,"formatChange","GOOD"
"deb496f1-9261-443e-a2f4-d604c1c880a0","D09","PRLA","PRLA.AOS.groundwater.well.007","PRLA.W7.20180502.FIL","A00000017375","2018-05-02T17:24Z","2018-05-02T17:24Z","EcoCore_CSU","Si",9.0194,"milligramsPerLiter",5.3,,0,"formatChange","GOOD"
"6dddbbc0-765f-4934-b2e1-ec6e5116ed11","D09","PRLA","PRLA.AOS.groundwater.well.007","PRLA.W7.20180502.RAW","A00000017343","2018-05-02T17:24Z","2018-05-02T17:24Z","EcoCore_CSU","TSS - Dry Mass",400.0000,"microgram",5.3,,0,"formatChange","GOOD"
"51e4af0a-bb1f-4e2e-8274-6c382485e39a","D09","PRLA","PRLA.AOS.groundwater.well.007","PRLA.W7.20180502.RAW","A00000017343","2018-05-02T17:24Z","2018-05-02T17:24Z","EcoCore_CSU","TP",0.0808,"milligramsPerLiter",5.3,,0,"formatChange","GOOD"
"54f7bd69-c6f9-4aae-88c0-c023de596a1a","D09","PRLA","PRLA.AOS.groundwater.well.007","PRLA.W7.20180502.FIL","A00000017375","2018-05-02T17:24Z","2018-05-02T17:24Z","EcoCore_CSU","Br",0.0050,"milligramsPerLiter",5.3,,0,"formatChange","GOOD"
"39a76ac3-3e9a-43f4-8c27-b3fff1c86d67","D09","PRLA","PRLA.AOS.groundwater.well.007","PRLA.W7.20180502.FIL","A00000017375","2018-05-02T17:24Z","2018-05-02T17:24Z","EcoCore_CSU","F",1.1258,"milligramsPerLiter",5.3,,0,"formatChange","GOOD"
"e1de4e79-5c50-4883-a8e3-3701b61edef8","D09","PRLA","PRLA.AOS.groundwater.well.007","PRLA.W7.20180502.FIL","A00000017375","2018-05-02T17:24Z","2018-05-02T17:24Z","EcoCore_CSU","CO3",0.0050,"milligramsPerLiter",5.3,,0,"formatChange","GOOD"
"8fe683bd-b4e0-45b0-9dd2-bf2fc30ea321","D09","PRLA","PRLA.AOS.groundwater.well.007","PRLA.W7.20180502.RAW","A00000017343","2018-05-02T17:24Z","2018-05-02T17:24Z","EcoCore_CSU","pH",7.1000,"pH",5.3,,0,"formatChange","GOOD"
"90827c70-54bb-45fb-8d34-a5a2eaaeac11","D09","PRLA","PRLA.AOS.groundwater.well.007","PRLA.W7.20180502.FIL","A00000017375","2018-05-02T17:24Z","2018-05-02T17:24Z","EcoCore_CSU","TDP",0.0005,"milligramsPerLiter",5.3,,0,"formatChange","GOOD"
"862237bc-fe4c-4688-a5b2-aff9cb77000b","D09","PRLA","PRLA.AOS.groundwater.well.007","PRLA.W7.20180502.FIL","A00000017375","2018-05-02T17:24Z","2018-05-02T17:24Z","EcoCore_CSU","UV Absorbance (280 nm)",0.1047,,5.3,,0,"formatChange","GOOD"
"fc4918c6-1e0b-4ca3-bf8c-e1dd45c10c6e","D09","PRLA","PRLA.AOS.groundwater.well.007","PRLA.W7.20180502.FIL","A00000017375","2018-05-02T17:24Z","2018-05-02T17:24Z","EcoCore_CSU","Fe",0.0005,"milligramsPerLiter",5.3,,0,"formatChange","GOOD"
"1cedcc54-a0b6-4598-967d-8e354a798233","D09","PRLA","PRLA.AOS.groundwater.well.007","PRLA.W7.20180502.PCN","A00000016220","2018-05-02T17:24Z","2018-05-02T17:24Z","EcoCore_CSU","TPN",0.1319,"milligram",5.3,,0,"formatChange","GOOD"
"dcd97fe6-5b28-47b3-9902-984290ffc05a","D09","PRLA","PRLA.AOS.groundwater.well.007","PRLA.W7.20180502.FIL","A00000017375","2018-05-02T17:24Z","2018-05-02T17:24Z","EcoCore_CSU","Ortho - P",0.0220,"milligramsPerLiter",5.3,,0,"formatChange","GOOD"
"b5e5f4ac-f89d-4982-9a5b-e38ecbac2b4d","D09","PRLA","PRLA.AOS.groundwater.well.007","PRLA.W7.20180502.FIL","A00000017375","2018-05-02T17:24Z","2018-05-02T17:24Z","EcoCore_CSU","SO4",2963.3190,"milligramsPerLiter",5.3,,0,"formatChange","GOOD"
"7f353795-ded3-4024-8f4c-6668bd46ad71","D09","PRLA","PRLA.AOS.groundwater.well.007","PRLA.W7.20180502.FIL","A00000017375","2018-05-02T17:24Z","2018-05-02T17:24Z","EcoCore_CSU","K",34.2761,"milligramsPerLiter",5.3,,0,"formatChange","GOOD"
"79d4d1ce-ecfc-4f11-aaa9-d978235e2af9","D09","PRLA","PRLA.AOS.groundwater.well.007","PRLA.W7.20180502.FIL","A00000017375","2018-05-02T17:24Z","2018-05-02T17:24Z","EcoCore_CSU","UV Absorbance (250 nm)",0.1839,,5.3,,0,"formatChange","GOOD"
"ed7450ba-59a7-43b1-9063-225ca415660f","D09","PRLA","PRLA.AOS.groundwater.well.008","PRLA.W8.20180502.FIL","A00000017342","2018-05-02T18:41Z","2018-05-02T18:41Z","EcoCore_CSU","NO3+NO2 - N",0.0015,"milligramsPerLiter",5.3,,0,"formatChange","GOOD"
"5c6184b8-c116-422b-9c8f-2e915b32220f","D09","PRLA","PRLA.AOS.groundwater.well.008","PRLA.W8.20180502.FIL","A00000017342","2018-05-02T18:41Z","2018-05-02T18:41Z","EcoCore_CSU","NH4 - N",0.0206,"milligramsPerLiter",5.3,,0,"formatChange","GOOD"
"ec0accd4-4653-465a-b83a-4c4b06a833d9","D09","PRLA","PRLA.AOS.groundwater.well.008","PRLA.W8.20180502.RAW","A00000017360","2018-05-02T18:41Z","2018-05-02T18:41Z","EcoCore_CSU","TP",0.0155,"milligramsPerLiter",5.3,,0,"formatChange","GOOD"
"d0fae60b-7245-4ea6-8467-4cd889963e5e","D09","PRLA","PRLA.AOS.groundwater.well.008","PRLA.W8.20180502.FIL","A00000017342","2018-05-02T18:41Z","2018-05-02T18:41Z","EcoCore_CSU","Na",101.4000,"milligramsPerLiter",5.3,,0,"formatChange","GOOD"
"9e1ed2fa-ec6e-4e1c-a7e6-15a094b95835","D09","PRLA","PRLA.AOS.groundwater.well.008","PRLA.W8.20180502.RAW","A00000017360","2018-05-02T18:41Z","2018-05-02T18:41Z","EcoCore_CSU","TSS",0.0000,"milligramsPerLiter",5.3,,0,"formatChange","GOOD"
"1791deb1-afee-430f-9524-6d1fecce1a1f","D09","PRLA","PRLA.AOS.groundwater.well.008","PRLA.W8.20180502.FIL","A00000017342","2018-05-02T18:41Z","2018-05-02T18:41Z","EcoCore_CSU","TDS",1462.3900,"milligramsPerLiter",5.3,,0,"formatChange","GOOD"
"9763a311-a0de-428c-9fd7-6bef036767c5","D09","PRLA","PRLA.AOS.groundwater.well.008","PRLA.W8.20180502.FIL","A00000017342","2018-05-02T18:41Z","2018-05-02T18:41Z","EcoCore_CSU","Cl",29.2089,"milligramsPerLiter",5.3,,0,"formatChange","GOOD"
"b9688f4a-5f94-4c1c-90c2-030821d34439","D09","PRLA","PRLA.AOS.groundwater.well.008","PRLA.W8.20180502.FIL","A00000017342","2018-05-02T18:41Z","2018-05-02T18:41Z","EcoCore_CSU","SO4",803.8350,"milligramsPerLiter",5.3,,0,"formatChange","GOOD"
"1fe9910b-5fa6-4f1a-a458-3c34778ee8d1","D09","PRLA","PRLA.AOS.groundwater.well.008","PRLA.W8.20180502.RAW","A00000017360","2018-05-02T18:41Z","2018-05-02T18:41Z","EcoCore_CSU","TOC",6.7230,"milligramsPerLiter",5.3,,0,"formatChange","GOOD"
"0a1e48b7-7aa2-43b2-a5fb-6b55aee99204","D09","PRLA","PRLA.AOS.groundwater.well.008","PRLA.W8.20180502.FIL","A00000017342","2018-05-02T18:41Z","2018-05-02T18:41Z","EcoCore_CSU","UV Absorbance (280 nm)",0.0597,,5.3,,0,"formatChange","GOOD"
"35c0b8c1-527a-42ae-a150-00e4605581e7","D09","PRLA","PRLA.AOS.groundwater.well.008","PRLA.W8.20180502.FIL","A00000017342","2018-05-02T18:41Z","2018-05-02T18:41Z","EcoCore_CSU","HCO3",520.1700,"milligramsPerLiter",5.3,,0,"formatChange","GOOD"
"9866c0de-348a-4896-b40f-d921eac043e3","D09","PRLA","PRLA.AOS.groundwater.well.008","PRLA.W8.20180502.FIL","A00000017342","2018-05-02T18:41Z","2018-05-02T18:41Z","EcoCore_CSU","Ortho - P",0.0190,"milligramsPerLiter",5.3,,0,"formatChange","GOOD"
"89fc17ad-9da0-4e1a-8f58-4093ee46fa96","D09","PRLA","PRLA.AOS.groundwater.well.008","PRLA.W8.20180502.FIL","A00000017342","2018-05-02T18:41Z","2018-05-02T18:41Z","EcoCore_CSU","DOC",6.7650,"milligramsPerLiter",5.3,,0,"formatChange","GOOD"
"2432be75-8008-4e2f-9f8b-1871b3e89a6e","D09","PRLA","PRLA.AOS.groundwater.well.008","PRLA.W8.20180502.FIL","A00000017342","2018-05-02T18:41Z","2018-05-02T18:41Z","EcoCore_CSU","NO2 - N",0.0142,"milligramsPerLiter",5.3,,0,"formatChange","GOOD"
"1c08405e-6a2d-44a3-9b0f-fe628360084c","D09","PRLA","PRLA.AOS.groundwater.well.008","PRLA.W8.20180502.FIL","A00000017342","2018-05-02T18:41Z","2018-05-02T18:41Z","EcoCore_CSU","UV Absorbance (250 nm)",0.1108,,5.3,,0,"formatChange","GOOD"
"819cee65-0855-4865-b61c-7bad567fcde1","D09","PRLA","PRLA.AOS.groundwater.well.008","PRLA.W8.20180502.RAW","A00000017360","2018-05-02T18:41Z","2018-05-02T18:41Z","EcoCore_CSU","ANC",9.0160,"milliequivalentsPerLiter",5.3,,0,"formatChange","GOOD"
"6e70270a-6f2c-44ec-9ded-f3aa99936c48","D09","PRLA","PRLA.AOS.groundwater.well.008","PRLA.W8.20180502.FIL","A00000017342","2018-05-02T18:41Z","2018-05-02T18:41Z","EcoCore_CSU","Mn",0.0127,"milligramsPerLiter",5.3,,0,"formatChange","GOOD"
"15049332-a38f-478e-bb06-b0958da77f80","D09","PRLA","PRLA.AOS.groundwater.well.008","PRLA.W8.20180502.FIL","A00000017342","2018-05-02T18:41Z","2018-05-02T18:41Z","EcoCore_CSU","F",2.0341,"milligramsPerLiter",5.3,,0,"formatChange","GOOD"
"1106e254-628c-4e2b-8e72-6cb4f252ceee","D09","PRLA","PRLA.AOS.groundwater.well.008","PRLA.W8.20180502.RAW","A00000017360","2018-05-02T18:41Z","2018-05-02T18:41Z","EcoCore_CSU","TN",0.5122,"milligramsPerLiter",5.3,,0,"formatChange","GOOD"
"2d60c1d4-4f5a-4aa7-9e5d-cd58092a5d1b","D09","PRLA","PRLA.AOS.groundwater.well.008","PRLA.W8.20180502.FIL","A00000017342","2018-05-02T18:41Z","2018-05-02T18:41Z","EcoCore_CSU","TDP",0.0047,"milligramsPerLiter",5.3,,0,"formatChange","GOOD"
"39b53692-bb31-40d1-960e-c2e17ee1a97a","D09","PRLA","PRLA.AOS.groundwater.well.008","PRLA.W8.20180502.FIL","A00000017342","2018-05-02T18:41Z","2018-05-02T18:41Z","EcoCore_CSU","CO3",0.0050,"milligramsPerLiter",5.3,,0,"formatChange","GOOD"
"6258f977-ec52-4548-aa19-024ebf010875","D09","PRLA","PRLA.AOS.groundwater.well.008","PRLA.W8.20180502.FIL","A00000017342","2018-05-02T18:41Z","2018-05-02T18:41Z","EcoCore_CSU","K",8.6381,"milligramsPerLiter",5.3,,0,"formatChange","GOOD"
"38745c5a-dd59-4d4a-80c3-619fa6c42f47","D09","PRLA","PRLA.AOS.groundwater.well.008","PRLA.W8.20180502.RAW","A00000017360","2018-05-02T18:41Z","2018-05-02T18:41Z","EcoCore_CSU","pH",7.5000,"pH",5.3,,0,"formatChange","GOOD"
"7b58b48b-0e11-41d4-bada-715a076525f1","D09","PRLA","PRLA.AOS.groundwater.well.008","PRLA.W8.20180502.RAW","A00000017360","2018-05-02T18:41Z","2018-05-02T18:41Z","EcoCore_CSU","conductivity",2084.0000,"microsiemensPerCentimeter",5.3,,0,"formatChange","GOOD"
"c650f020-12bc-425b-b714-2614d56b201a","D09","PRLA","PRLA.AOS.groundwater.well.008","PRLA.W8.20180502.FIL","A00000017342","2018-05-02T18:41Z","2018-05-02T18:41Z","EcoCore_CSU","DIC",154.0000,"milligramsPerLiter",5.3,,0,"formatChange","GOOD"
"c1b4f28b-87b3-4d7b-bf53-d180bcf410a8","D09","PRLA","PRLA.AOS.groundwater.well.008","PRLA.W8.20180502.FIL","A00000017342","2018-05-02T18:41Z","2018-05-02T18:41Z","EcoCore_CSU","TDN",0.5360,"milligramsPerLiter",5.3,,0,"formatChange","GOOD"
"4867d075-c670-44b3-a969-0f9b09402f7e","D09","PRLA","PRLA.AOS.groundwater.well.008","PRLA.W8.20180502.PCN","A00000016221","2018-05-02T18:41Z","2018-05-02T18:41Z","EcoCore_CSU","TPC",0.2177,"milligram",5.3,,0,"formatChange","GOOD"
"9afd2967-08a7-4666-bab2-dd0494b5d66d","D09","PRLA","PRLA.AOS.groundwater.well.008","PRLA.W8.20180502.FIL","A00000017342","2018-05-02T18:41Z","2018-05-02T18:41Z","EcoCore_CSU","Fe",0.0005,"milligramsPerLiter",5.3,,0,"formatChange","GOOD"
"fb0b6e50-d34a-4745-803a-d2e9339bae2b","D09","PRLA","PRLA.AOS.groundwater.well.008","PRLA.W8.20180502.FIL","A00000017342","2018-05-02T18:41Z","2018-05-02T18:41Z","EcoCore_CSU","Si",10.9165,"milligramsPerLiter",5.3,,0,"formatChange","GOOD"
"01571ed2-b044-4b3e-9d7a-1bf5a00fce52","D09","PRLA","PRLA.AOS.groundwater.well.008","PRLA.W8.20180502.PCN","A00000016221","2018-05-02T18:41Z","2018-05-02T18:41Z","EcoCore_CSU","TPN",0.1106,"milligram",5.3,,0,"formatChange","GOOD"
"5ceae398-40cf-4759-a85f-3d465ded6f74","D09","PRLA","PRLA.AOS.groundwater.well.008","PRLA.W8.20180502.FIL","A00000017342","2018-05-02T18:41Z","2018-05-02T18:41Z","EcoCore_CSU","Ca",136.6560,"milligramsPerLiter",5.3,,0,"formatChange","GOOD"
"05211429-ba2a-4fd7-9b72-7e98b4448738","D09","PRLA","PRLA.AOS.groundwater.well.008","PRLA.W8.20180502.RAW","A00000017360","2018-05-02T18:41Z","2018-05-02T18:41Z","EcoCore_CSU","TSS - Dry Mass",0.0000,"microgram",5.3,,0,"formatChange","GOOD"
"e4dbda58-0bfe-4f48-ae3b-d54588ee192a","D09","PRLA","PRLA.AOS.groundwater.well.008","PRLA.W8.20180502.FIL","A00000017342","2018-05-02T18:41Z","2018-05-02T18:41Z","EcoCore_CSU","Mg",174.4820,"milligramsPerLiter",5.3,,0,"formatChange","GOOD"
"e0759252-89dd-4900-b136-ab79b2a5fab0","D09","PRLA","PRLA.AOS.groundwater.well.008","PRLA.W8.20180502.FIL","A00000017342","2018-05-02T18:41Z","2018-05-02T18:41Z","EcoCore_CSU","Br",0.0050,"milligramsPerLiter",5.3,,0,"formatChange","GOOD"
