uid,domainID,siteID,namedLocation,collectDate,parentSampleID,sampleCondition,sampleID,replicateNumber,gwwDICBubbleFree,gwwFiltSampleHeadspace,gwwAlkSampleHeadspace,gwwAlkSampleBubbleFree,processedDate,processedDateFilters,sampleVolumeFiltered,shipmentTimeRange
"075817e1-36d9-4957-a3b2-be27eadc09b6","D09","PRLA","PRLA.AOS.groundwater.well.003","2018-05-02T13:33Z","PRLA.W3.20180502","Sample condition ok","PRLA.W3.20180502",1,,,,,"2018-05-02T15:25Z","2018-05-02T15:45Z",600.0,
"728cbec9-2c5d-4213-8b96-26445a359347","D09","PRLA","PRLA.AOS.groundwater.well.001","2018-05-02T15:24Z","PRLA.W1.20180502","Sample condition ok","PRLA.W1.20180502",1,,,,,"2018-05-02T16:25Z","2018-05-02T16:25Z",100.0,
"2cc4be9b-399c-40f7-b3fa-dede62018d6c","D09","PRLA","PRLA.AOS.groundwater.well.007","2018-05-02T17:24Z","PRLA.W7.20180502","Sample condition ok","PRLA.W7.20180502",1,,,,,"2018-05-02T18:45Z","2018-05-02T19:00Z",300.0,
"fc6e4831-de7f-4aca-87a0-4d168bfb1059","D09","PRLA","PRLA.AOS.groundwater.well.008","2018-05-02T18:41Z","PRLA.W8.20180502","Sample condition ok","PRLA.W8.20180502",1,,,,,"2018-05-02T19:28Z","2018-05-02T19:17Z",700.0,
