uid,domainID,siteID,namedLocation,decimalLatitude,decimalLongitude,coordinateUncertainty,elevation,elevationUncertainty,geodeticDatum,collectDate,aquaticSiteType,samplingImpractical,waterChemSamplesCollected,adequateSampleVol,parentSampleID,eventID,swcSamplingProtocolVersion,sampleExtractionMethod,samplerType,totalWellDepth,wellWaterDepth,waterColumnHeight,sampleDepth,purgeAverageDischargeRate,purgeTime,gwWellStabilized,purgeDryDateTime,pumpPlacementDate,screenedIntervalDepth,maxAllowableDrawdown,actualDrawdown,MADExceeded,wellVolumePurged,probeIDUnavailable,dissolvedOxygen,dissolvedOxygenSaturation,specificConductance,waterTemp,pH,waterClarityDescrip,waterColorDescrip,aCollectedBy,bCollectedBy,remarks
"713b3dc2-d5c2-4679-9e87-2506688b4cb9","D09","PRLA","PRLA.AOS.groundwater.well.003",47.161507,-99.118596,0.1,565.9,0.1,"WGS84","2018-05-02T13:33Z","lake",,,,"PRLA.W3.20180502","PRLA.20180502","NEON.DOC.002905vE","low-yield","Groundwater Pump",10.5,3.9,6.6,,,,,,"2018-04-25T12:00Z",6.1,3.6,,,0.4,,2.09,18.70,1266.00,7.40,,"clear","colorless","jeldridge@neoninc.org","bwaite@battelleecology.org",
"387fa04c-664e-4323-a387-30d2a2b01d5b","D09","PRLA","PRLA.AOS.groundwater.well.001",47.162611,-99.118623,0.1,571.5,0.1,"WGS84","2018-05-02T15:24Z","lake",,,,"PRLA.W1.20180502","PRLA.20180502","NEON.DOC.002905vE","low-flow","Groundwater Pump",10.1,5.6,4.5,6.6,,,,,,,,,,10.7,,8.27,73.60,2217.00,7.20,,"cloudy","colorless","jeldridge@neoninc.org","dfarkas@battelleecology.org",
"fb06f426-8512-409e-9d03-9575f0c024a3","D09","PRLA","PRLA.AOS.groundwater.well.007",47.157918,-99.113917,0.1,568.8,0.1,"WGS84","2018-05-02T17:24Z","lake",,,,"PRLA.W7.20180502","PRLA.20180502","NEON.DOC.002905vE","low-yield","Groundwater Pump",15.8,5.1,10.7,,,,,,"2018-04-25T13:00Z",6.1,8.9,,,0.7,,2.88,30.70,5230.00,14.80,,"clear","colorless","dfarkas@battelleecology.org","bwaite@battelleecology.org",
"5ecfc9cd-37fe-43e4-93e2-9d0e26215c2d","D09","PRLA","PRLA.AOS.groundwater.well.008",47.158432,-99.114811,0.1,566.6,0.1,"WGS84","2018-05-02T18:41Z","lake",,,,"PRLA.W8.20180502","PRLA.20180502","NEON.DOC.002905vE","low-flow","Groundwater Pump",7.6,3.0,4.7,4.0,,,,,,,,,,5.0,,0.70,6.50,2136.00,9.10,,"clear","colorless","dfarkas@battelleecology.org","bwaite@battelleecology.org",
