uid,domainID,siteID,namedLocation,decimalLatitude,decimalLongitude,coordinateUncertainty,elevation,elevationUncertainty,geodeticDatum,collectDate,aquaticSiteType,samplingImpractical,waterChemSamplesCollected,adequateSampleVol,parentSampleID,eventID,swcSamplingProtocolVersion,sampleExtractionMethod,samplerType,totalWellDepth,wellWaterDepth,waterColumnHeight,sampleDepth,purgeAverageDischargeRate,purgeTime,gwWellStabilized,purgeDryDateTime,pumpPlacementDate,screenedIntervalDepth,maxAllowableDrawdown,actualDrawdown,MADExceeded,wellVolumePurged,probeIDUnavailable,dissolvedOxygen,dissolvedOxygenSaturation,specificConductance,waterTemp,pH,waterClarityDescrip,waterColorDescrip,aCollectedBy,bCollectedBy,remarks
"858ed889-2b06-454e-894b-5ef4e1ba1fc4","D15","REDB","REDB.AOS.groundwater.well.002",40.784780,-111.795530,0.2,1709.0,0.0,"WGS84","2020-08-03T15:32Z","stream",,"Y","Y","REDB.W2.20200803","REDB.20200803","NEON.DOC.002905vG","low-flow","Grab",4.6,2.4,2.2,,61.8,51.0,,,,,,,,3.2,,1.00,9.40,793.00,14.30,7.13,"cloudy","gray","0000-0002-1671-2913","0000-0003-4347-0996",
"3f8a1257-ad8f-45ed-ad15-7b75d307987c","D15","REDB","REDB.AOS.groundwater.well.003",40.784630,-111.795470,0.2,1708.3,0.0,"WGS84","2020-08-03T18:03Z","stream",,"Y","Y","REDB.W3.20200803","REDB.20200803","NEON.DOC.002905vG","low-flow","Grab",4.5,2.1,2.4,,370.0,15.0,,,,,,,,5.6,,1.60,14.30,603.00,10.90,7.22,"cloudy","brown","0000-0002-1671-2913","0000-0003-4347-0996",
"d1c122a2-09cb-4085-a2b4-555a26688204","D15","REDB","REDB.AOS.groundwater.well.004",40.783800,-111.797840,0.1,1695.8,0.0,"WGS84","2020-08-05T14:49Z","stream","location dry",,"N","REDB.W4.20200805","REDB.20200805","NEON.DOC.002905vG",,"Grab",,,,,,,,,,,,,,,,,,,,,,,"0000-0002-1671-2913","0000-0003-4347-0996",
"93756070-4166-45c1-9056-1d1d2c5bcb6c","D15","REDB","REDB.AOS.groundwater.well.005",40.783760,-111.797980,0.1,1694.7,0.0,"WGS84","2020-08-05T15:20Z","stream","location dry",,"N","REDB.W5.20200805","REDB.20200805","NEON.DOC.002905vG",,"Grab",,,,,,,,,,,,,,,,,,,,,,,"0000-0002-1671-2913","0000-0003-4347-0996",
