uid,domainID,siteID,namedLocation,collectDate,titrationDate,parentSampleID,domainSampleID,remarks,measuredBy,alkMeqPerL,alkMgPerL,ancMeqPerL,ancMgPerL
"03797b4c-de59-41eb-9498-abf5d0918ac1","D13","WLOU","WLOU.AOS.groundwater.well.001","2018-05-08T18:12Z","2018-05-09T15:31Z","WLOU.W1.20180508","WLOU.W1.20180508.ALK",,"jroquemore@battelleecology.org",1.220,61.000,,
"35ac9933-cd2e-474b-9950-fc707814070e","D13","WLOU","WLOU.AOS.groundwater.well.002","2018-05-08T19:05Z","2018-05-09T16:52Z","WLOU.W2.20180508","WLOU.W2.20180508.ALK",,"jroquemore@battelleecology.org",0.880,43.800,,
"92583a93-7c77-4b3e-9636-2a7094601546","D13","WLOU","WLOU.AOS.groundwater.well.005","2018-05-08T20:10Z","2018-05-09T18:35Z","WLOU.W5.20180508","WLOU.W5.20180508.ALK",,"jroquemore@battelleecology.org",0.470,23.400,,
"2bd145c8-b8be-41b1-8505-078b313a47fd","D13","WLOU","WLOU.AOS.groundwater.well.008","2018-05-08T21:08Z","2018-05-09T19:27Z","WLOU.W8.20180508","WLOU.W8.20180508.ALK",,"jroquemore@battelleecology.org",1.450,72.600,,
