uid,domainID,siteID,namedLocation,sampleID,sampleCode,startDate,collectDate,laboratoryName,analyte,analyteConcentration,analyteUnits,coolerTemp,remarks,shipmentWarmQF,externalLabDataQF,sampleCondition
"d43f41e2-d391-40bf-873c-89f3862d0b22","D13","WLOU","WLOU.AOS.groundwater.well.001","WLOU.W1.20180508.FIL","A00000017685","2018-05-08T18:12Z","2018-05-08T18:12Z","EcoCore_CSU","Cl",7.9367,"milligramsPerLiter",0.5,,0,"formatChange","GOOD"
"e2b25f3a-d8d3-433a-bce7-d973d037cf30","D13","WLOU","WLOU.AOS.groundwater.well.001","WLOU.W1.20180508.PCN","A00000017708","2018-05-08T18:12Z","2018-05-08T18:12Z","EcoCore_CSU","TPN",0.1088,"milligram",0.5,,0,"formatChange","GOOD"
"a2dd4c71-7d03-45d6-89d8-02d2814b9faa","D13","WLOU","WLOU.AOS.groundwater.well.001","WLOU.W1.20180508.FIL","A00000017685","2018-05-08T18:12Z","2018-05-08T18:12Z","EcoCore_CSU","TDN",0.3033,"milligramsPerLiter",0.5,,0,"formatChange","GOOD"
"95594831-0513-4cfb-9e5c-6c58fd203d2a","D13","WLOU","WLOU.AOS.groundwater.well.001","WLOU.W1.20180508.FIL","A00000017685","2018-05-08T18:12Z","2018-05-08T18:12Z","EcoCore_CSU","Ca",19.6840,"milligramsPerLiter",0.5,,0,"formatChange","GOOD"
"17ebb3ea-3d8d-4916-860c-bc46ec53d589","D13","WLOU","WLOU.AOS.groundwater.well.001","WLOU.W1.20180508.RAW","A00000017693","2018-05-08T18:12Z","2018-05-08T18:12Z","EcoCore_CSU","conductivity",124.0000,"microsiemensPerCentimeter",0.5,,0,"formatChange","GOOD"
"38b5f030-8bc6-4acd-9a52-2840fe912462","D13","WLOU","WLOU.AOS.groundwater.well.001","WLOU.W1.20180508.FIL","A00000017685","2018-05-08T18:12Z","2018-05-08T18:12Z","EcoCore_CSU","NO2 - N",0.0150,"milligramsPerLiter",0.5,,0,"formatChange","GOOD"
"3bbaf1b5-51f8-4e33-ba8c-9f7e8c45447f","D13","WLOU","WLOU.AOS.groundwater.well.001","WLOU.W1.20180508.RAW","A00000017693","2018-05-08T18:12Z","2018-05-08T18:12Z","EcoCore_CSU","ANC",1.0290,"milliequivalentsPerLiter",0.5,,0,"formatChange","GOOD"
"3176680b-7fc1-4b42-bb93-4757f0a73b2b","D13","WLOU","WLOU.AOS.groundwater.well.001","WLOU.W1.20180508.FIL","A00000017685","2018-05-08T18:12Z","2018-05-08T18:12Z","EcoCore_CSU","TDP",0.0046,"milligramsPerLiter",0.5,,0,"formatChange","GOOD"
"3df0ef38-a070-4835-890a-914f6433abb4","D13","WLOU","WLOU.AOS.groundwater.well.001","WLOU.W1.20180508.FIL","A00000017685","2018-05-08T18:12Z","2018-05-08T18:12Z","EcoCore_CSU","DIC",16.2700,"milligramsPerLiter",0.5,,0,"formatChange","GOOD"
"2a8e4c6d-da3c-4913-a858-00d4a16846e6","D13","WLOU","WLOU.AOS.groundwater.well.001","WLOU.W1.20180508.FIL","A00000017685","2018-05-08T18:12Z","2018-05-08T18:12Z","EcoCore_CSU","K",0.7640,"milligramsPerLiter",0.5,,0,"formatChange","GOOD"
"dc473ef8-aad2-4f82-b3d9-0d495cdfff6c","D13","WLOU","WLOU.AOS.groundwater.well.001","WLOU.W1.20180508.FIL","A00000017685","2018-05-08T18:12Z","2018-05-08T18:12Z","EcoCore_CSU","Ortho - P",0.0180,"milligramsPerLiter",0.5,,0,"formatChange","GOOD"
"31bf3a18-840d-4253-8400-5dcef9460bb5","D13","WLOU","WLOU.AOS.groundwater.well.001","WLOU.W1.20180508.FIL","A00000017685","2018-05-08T18:12Z","2018-05-08T18:12Z","EcoCore_CSU","CO3",0.0050,"milligramsPerLiter",0.5,,0,"formatChange","GOOD"
"f1a3ce79-1840-40f4-b26e-0dbdd6ec8efa","D13","WLOU","WLOU.AOS.groundwater.well.001","WLOU.W1.20180508.FIL","A00000017685","2018-05-08T18:12Z","2018-05-08T18:12Z","EcoCore_CSU","Mn",0.0005,"milligramsPerLiter",0.5,,0,"formatChange","GOOD"
"cb0109bc-8f4a-4271-9188-ba226816f264","D13","WLOU","WLOU.AOS.groundwater.well.001","WLOU.W1.20180508.FIL","A00000017685","2018-05-08T18:12Z","2018-05-08T18:12Z","EcoCore_CSU","SO4",2.3400,"milligramsPerLiter",0.5,,0,"formatChange","GOOD"
"dbd0f716-fc26-42ac-87b0-9ba3a8c42604","D13","WLOU","WLOU.AOS.groundwater.well.001","WLOU.W1.20180508.FIL","A00000017685","2018-05-08T18:12Z","2018-05-08T18:12Z","EcoCore_CSU","NH4 - N",0.0271,"milligramsPerLiter",0.5,,0,"formatChange","GOOD"
"494164ad-fd38-4364-a6a8-4d0c623e4477","D13","WLOU","WLOU.AOS.groundwater.well.001","WLOU.W1.20180508.FIL","A00000017685","2018-05-08T18:12Z","2018-05-08T18:12Z","EcoCore_CSU","Si",4.0099,"milligramsPerLiter",0.5,,0,"formatChange","GOOD"
"cd497dec-6fa7-410c-a703-8db0441bb251","D13","WLOU","WLOU.AOS.groundwater.well.001","WLOU.W1.20180508.FIL","A00000017685","2018-05-08T18:12Z","2018-05-08T18:12Z","EcoCore_CSU","UV Absorbance (280 nm)",0.0388,,0.5,,0,"formatChange","GOOD"
"95ac5dd0-f97b-4b83-b011-f9c0280e2820","D13","WLOU","WLOU.AOS.groundwater.well.001","WLOU.W1.20180508.FIL","A00000017685","2018-05-08T18:12Z","2018-05-08T18:12Z","EcoCore_CSU","HCO3",59.1800,"milligramsPerLiter",0.5,,0,"formatChange","GOOD"
"8f503e18-8f2b-4df9-9406-9f4d43e2dac8","D13","WLOU","WLOU.AOS.groundwater.well.001","WLOU.W1.20180508.FIL","A00000017685","2018-05-08T18:12Z","2018-05-08T18:12Z","EcoCore_CSU","Mg",2.7293,"milligramsPerLiter",0.5,,0,"formatChange","GOOD"
"74856dd7-bf63-4f39-a8c5-3a358e3c385a","D13","WLOU","WLOU.AOS.groundwater.well.001","WLOU.W1.20180508.FIL","A00000017685","2018-05-08T18:12Z","2018-05-08T18:12Z","EcoCore_CSU","F",0.0050,"milligramsPerLiter",0.5,,0,"formatChange","GOOD"
"a8c7e8d2-e445-4995-ad13-178a86c694f5","D13","WLOU","WLOU.AOS.groundwater.well.001","WLOU.W1.20180508.FIL","A00000017685","2018-05-08T18:12Z","2018-05-08T18:12Z","EcoCore_CSU","Fe",0.0005,"milligramsPerLiter",0.5,,0,"formatChange","GOOD"
"06501590-d2f0-4b07-8be8-bf3f3807337f","D13","WLOU","WLOU.AOS.groundwater.well.001","WLOU.W1.20180508.RAW","A00000017693","2018-05-08T18:12Z","2018-05-08T18:12Z","EcoCore_CSU","pH",7.2300,"pH",0.5,,0,"formatChange","GOOD"
"c5ea8ccd-c72e-41ab-9a58-4388f09b12c3","D13","WLOU","WLOU.AOS.groundwater.well.001","WLOU.W1.20180508.FIL","A00000017685","2018-05-08T18:12Z","2018-05-08T18:12Z","EcoCore_CSU","Br",0.0050,"milligramsPerLiter",0.5,,0,"formatChange","GOOD"
"f2bcc2c2-14af-48fc-9e16-ffd1accce4ce","D13","WLOU","WLOU.AOS.groundwater.well.001","WLOU.W1.20180508.RAW","A00000017693","2018-05-08T18:12Z","2018-05-08T18:12Z","EcoCore_CSU","TSS - Dry Mass",300.0000,"microgram",0.5,,0,"formatChange","GOOD"
"2c3a8c79-52d1-4591-9ddb-aa61266ec621","D13","WLOU","WLOU.AOS.groundwater.well.001","WLOU.W1.20180508.FIL","A00000017685","2018-05-08T18:12Z","2018-05-08T18:12Z","EcoCore_CSU","TDS",87.4200,"milligramsPerLiter",0.5,,0,"formatChange","GOOD"
"186bb3a1-7a55-48c8-9dd0-69c4f1357f03","D13","WLOU","WLOU.AOS.groundwater.well.001","WLOU.W1.20180508.PCN","A00000017708","2018-05-08T18:12Z","2018-05-08T18:12Z","EcoCore_CSU","TPC",0.2945,"milligram",0.5,,0,"formatChange","GOOD"
"eb2914e4-1e75-4632-89a0-6b7969e0cef8","D13","WLOU","WLOU.AOS.groundwater.well.001","WLOU.W1.20180508.RAW","A00000017693","2018-05-08T18:12Z","2018-05-08T18:12Z","EcoCore_CSU","TN",0.2954,"milligramsPerLiter",0.5,,0,"formatChange","GOOD"
"15875864-55a2-4592-817c-c6ac98db4ab4","D13","WLOU","WLOU.AOS.groundwater.well.001","WLOU.W1.20180508.RAW","A00000017693","2018-05-08T18:12Z","2018-05-08T18:12Z","EcoCore_CSU","TSS",6.0000,"milligramsPerLiter",0.5,,0,"formatChange","GOOD"
"178017cc-735b-42fb-a8be-6db1340014f9","D13","WLOU","WLOU.AOS.groundwater.well.001","WLOU.W1.20180508.FIL","A00000017685","2018-05-08T18:12Z","2018-05-08T18:12Z","EcoCore_CSU","NO3+NO2 - N",0.0040,"milligramsPerLiter",0.5,,0,"formatChange","GOOD"
"4be6fdd4-28a0-46df-a63b-c3cb1542b554","D13","WLOU","WLOU.AOS.groundwater.well.001","WLOU.W1.20180508.RAW","A00000017693","2018-05-08T18:12Z","2018-05-08T18:12Z","EcoCore_CSU","TOC",1.9750,"milligramsPerLiter",0.5,,0,"formatChange","GOOD"
"56e4cf8c-a12e-4127-a456-2e00d6c7b7bc","D13","WLOU","WLOU.AOS.groundwater.well.001","WLOU.W1.20180508.RAW","A00000017693","2018-05-08T18:12Z","2018-05-08T18:12Z","EcoCore_CSU","TP",0.0070,"milligramsPerLiter",0.5,,0,"formatChange","GOOD"
"85f51f82-fb42-4612-b5fe-fa3b79f79130","D13","WLOU","WLOU.AOS.groundwater.well.001","WLOU.W1.20180508.FIL","A00000017685","2018-05-08T18:12Z","2018-05-08T18:12Z","EcoCore_CSU","UV Absorbance (250 nm)",0.0607,,0.5,,0,"formatChange","GOOD"
"d9ee05ce-dff8-4232-bb3a-91989daad775","D13","WLOU","WLOU.AOS.groundwater.well.001","WLOU.W1.20180508.FIL","A00000017685","2018-05-08T18:12Z","2018-05-08T18:12Z","EcoCore_CSU","DOC",2.0670,"milligramsPerLiter",0.5,,0,"formatChange","GOOD"
"5b37e85e-473c-4b67-b67f-7922aa30a46f","D13","WLOU","WLOU.AOS.groundwater.well.001","WLOU.W1.20180508.FIL","A00000017685","2018-05-08T18:12Z","2018-05-08T18:12Z","EcoCore_CSU","Na",1.1340,"milligramsPerLiter",0.5,,0,"formatChange","GOOD"
"6551738f-fe0e-459d-b18e-24875fd72ea0","D13","WLOU","WLOU.AOS.groundwater.well.002","WLOU.W2.20180508.FIL","A00000017690","2018-05-08T19:05Z","2018-05-08T19:05Z","EcoCore_CSU","DIC",12.1800,"milligramsPerLiter",0.5,,0,"formatChange","GOOD"
"0eb29a6f-0559-4e16-bf9b-b997ebfdcbc2","D13","WLOU","WLOU.AOS.groundwater.well.002","WLOU.W2.20180508.RAW","A00000017694","2018-05-08T19:05Z","2018-05-08T19:05Z","EcoCore_CSU","TSS - Dry Mass",1300.0000,"microgram",0.5,,0,"formatChange","GOOD"
"c510fbc7-6968-4e52-8f11-fdd19aea3923","D13","WLOU","WLOU.AOS.groundwater.well.002","WLOU.W2.20180508.RAW","A00000017694","2018-05-08T19:05Z","2018-05-08T19:05Z","EcoCore_CSU","TP",0.0685,"milligramsPerLiter",0.5,,0,"formatChange","GOOD"
"d6bf51f8-9289-4811-acd9-3cf5c904572a","D13","WLOU","WLOU.AOS.groundwater.well.002","WLOU.W2.20180508.FIL","A00000017690","2018-05-08T19:05Z","2018-05-08T19:05Z","EcoCore_CSU","Si",3.6067,"milligramsPerLiter",0.5,,0,"formatChange","GOOD"
"8a56f1e3-0478-4451-bf69-521cba44f2e7","D13","WLOU","WLOU.AOS.groundwater.well.002","WLOU.W2.20180508.FIL","A00000017690","2018-05-08T19:05Z","2018-05-08T19:05Z","EcoCore_CSU","Na",1.3200,"milligramsPerLiter",0.5,,0,"formatChange","GOOD"
"6f2c3b6a-5088-4208-b81d-92bfe1c7d034","D13","WLOU","WLOU.AOS.groundwater.well.002","WLOU.W2.20180508.RAW","A00000017694","2018-05-08T19:05Z","2018-05-08T19:05Z","EcoCore_CSU","conductivity",93.2600,"microsiemensPerCentimeter",0.5,,0,"formatChange","GOOD"
"48c260d1-287c-4d49-adf8-5a622edc7a9c","D13","WLOU","WLOU.AOS.groundwater.well.002","WLOU.W2.20180508.RAW","A00000017694","2018-05-08T19:05Z","2018-05-08T19:05Z","EcoCore_CSU","TSS",26.0000,"milligramsPerLiter",0.5,,0,"formatChange","GOOD"
"6fbe44eb-6688-4da1-8896-c6f50929d591","D13","WLOU","WLOU.AOS.groundwater.well.002","WLOU.W2.20180508.FIL","A00000017690","2018-05-08T19:05Z","2018-05-08T19:05Z","EcoCore_CSU","K",0.5923,"milligramsPerLiter",0.5,,0,"formatChange","GOOD"
"56b18db0-6720-4af3-b6b8-276468b51257","D13","WLOU","WLOU.AOS.groundwater.well.002","WLOU.W2.20180508.FIL","A00000017690","2018-05-08T19:05Z","2018-05-08T19:05Z","EcoCore_CSU","TDP",0.0039,"milligramsPerLiter",0.5,,0,"formatChange","GOOD"
"1307ca87-b73f-4069-83cd-48c3ed3bf9e4","D13","WLOU","WLOU.AOS.groundwater.well.002","WLOU.W2.20180508.FIL","A00000017690","2018-05-08T19:05Z","2018-05-08T19:05Z","EcoCore_CSU","Br",0.0050,"milligramsPerLiter",0.5,,0,"formatChange","GOOD"
"d24da690-afac-43a2-9900-8fa250d770e6","D13","WLOU","WLOU.AOS.groundwater.well.002","WLOU.W2.20180508.FIL","A00000017690","2018-05-08T19:05Z","2018-05-08T19:05Z","EcoCore_CSU","Mg",2.2914,"milligramsPerLiter",0.5,,0,"formatChange","GOOD"
"cac75bdf-e4fd-4629-94f6-89aae31fa55e","D13","WLOU","WLOU.AOS.groundwater.well.002","WLOU.W2.20180508.FIL","A00000017690","2018-05-08T19:05Z","2018-05-08T19:05Z","EcoCore_CSU","UV Absorbance (250 nm)",0.0845,,0.5,,0,"formatChange","GOOD"
"0f67aedf-e1fc-4176-a319-ad47fbea0c0b","D13","WLOU","WLOU.AOS.groundwater.well.002","WLOU.W2.20180508.FIL","A00000017690","2018-05-08T19:05Z","2018-05-08T19:05Z","EcoCore_CSU","Ortho - P",0.0180,"milligramsPerLiter",0.5,,0,"formatChange","GOOD"
"f3407c1e-f1fc-479e-a709-b1b860d1f10b","D13","WLOU","WLOU.AOS.groundwater.well.002","WLOU.W2.20180508.RAW","A00000017694","2018-05-08T19:05Z","2018-05-08T19:05Z","EcoCore_CSU","TOC",2.8020,"milligramsPerLiter",0.5,,0,"formatChange","GOOD"
"74a31be5-5102-4636-a435-ed2eeea07fd6","D13","WLOU","WLOU.AOS.groundwater.well.002","WLOU.W2.20180508.FIL","A00000017690","2018-05-08T19:05Z","2018-05-08T19:05Z","EcoCore_CSU","NO3+NO2 - N",-0.0019,"milligramsPerLiter",0.5,,0,"formatChange","GOOD"
"57605d32-484a-4077-9f39-7ffbf6d9f791","D13","WLOU","WLOU.AOS.groundwater.well.002","WLOU.W2.20180508.FIL","A00000017690","2018-05-08T19:05Z","2018-05-08T19:05Z","EcoCore_CSU","Ca",14.3123,"milligramsPerLiter",0.5,,0,"formatChange","GOOD"
"0a6051f2-3c83-4757-8a4e-b9343d29239e","D13","WLOU","WLOU.AOS.groundwater.well.002","WLOU.W2.20180508.FIL","A00000017690","2018-05-08T19:05Z","2018-05-08T19:05Z","EcoCore_CSU","SO4",2.5754,"milligramsPerLiter",0.5,,0,"formatChange","GOOD"
"bdf4fbac-612b-41f3-b33e-75581909c250","D13","WLOU","WLOU.AOS.groundwater.well.002","WLOU.W2.20180508.FIL","A00000017690","2018-05-08T19:05Z","2018-05-08T19:05Z","EcoCore_CSU","TDS",66.3800,"milligramsPerLiter",0.5,,0,"formatChange","GOOD"
"581ff9a4-3d70-4658-b9c0-4d7ba27b3748","D13","WLOU","WLOU.AOS.groundwater.well.002","WLOU.W2.20180508.FIL","A00000017690","2018-05-08T19:05Z","2018-05-08T19:05Z","EcoCore_CSU","UV Absorbance (280 nm)",0.0529,,0.5,,0,"formatChange","GOOD"
"2e72e65c-b1d7-4c01-b5de-7ab2605f0e09","D13","WLOU","WLOU.AOS.groundwater.well.002","WLOU.W2.20180508.RAW","A00000017694","2018-05-08T19:05Z","2018-05-08T19:05Z","EcoCore_CSU","ANC",0.7510,"milliequivalentsPerLiter",0.5,,0,"formatChange","GOOD"
"0de9a46a-4895-43c3-b7eb-88a391b3a8cf","D13","WLOU","WLOU.AOS.groundwater.well.002","WLOU.W2.20180508.FIL","A00000017690","2018-05-08T19:05Z","2018-05-08T19:05Z","EcoCore_CSU","NO2 - N",0.0114,"milligramsPerLiter",0.5,,0,"formatChange","GOOD"
"5b1ce305-ce7e-40af-b564-bb12bfc4b1a8","D13","WLOU","WLOU.AOS.groundwater.well.002","WLOU.W2.20180508.FIL","A00000017690","2018-05-08T19:05Z","2018-05-08T19:05Z","EcoCore_CSU","TDN",0.2974,"milligramsPerLiter",0.5,,0,"formatChange","GOOD"
"b986a599-5173-4267-bb97-2a47ef3035fe","D13","WLOU","WLOU.AOS.groundwater.well.002","WLOU.W2.20180508.FIL","A00000017690","2018-05-08T19:05Z","2018-05-08T19:05Z","EcoCore_CSU","Cl",7.3813,"milligramsPerLiter",0.5,,0,"formatChange","GOOD"
"7a024af8-202d-4009-8009-9b628694f517","D13","WLOU","WLOU.AOS.groundwater.well.002","WLOU.W2.20180508.FIL","A00000017690","2018-05-08T19:05Z","2018-05-08T19:05Z","EcoCore_CSU","NH4 - N",0.1290,"milligramsPerLiter",0.5,,0,"formatChange","GOOD"
"b2485131-c8f7-4f7e-ae0e-2fb6b33699f0","D13","WLOU","WLOU.AOS.groundwater.well.002","WLOU.W2.20180508.FIL","A00000017690","2018-05-08T19:05Z","2018-05-08T19:05Z","EcoCore_CSU","Mn",0.0116,"milligramsPerLiter",0.5,,0,"formatChange","GOOD"
"6d5f6f9e-10c9-456e-a8b3-171bda661ed0","D13","WLOU","WLOU.AOS.groundwater.well.002","WLOU.W2.20180508.FIL","A00000017690","2018-05-08T19:05Z","2018-05-08T19:05Z","EcoCore_CSU","CO3",0.0050,"milligramsPerLiter",0.5,,0,"formatChange","GOOD"
"555322f6-4943-4737-a090-245f0b50f13a","D13","WLOU","WLOU.AOS.groundwater.well.002","WLOU.W2.20180508.FIL","A00000017690","2018-05-08T19:05Z","2018-05-08T19:05Z","EcoCore_CSU","Fe",0.0005,"milligramsPerLiter",0.5,,0,"formatChange","GOOD"
"521bf0e3-dac9-430a-b0e7-6f690718148d","D13","WLOU","WLOU.AOS.groundwater.well.002","WLOU.W2.20180508.FIL","A00000017690","2018-05-08T19:05Z","2018-05-08T19:05Z","EcoCore_CSU","F",0.0050,"milligramsPerLiter",0.5,,0,"formatChange","GOOD"
"23676b41-4232-4adf-9e9e-c7b2fb81ca8d","D13","WLOU","WLOU.AOS.groundwater.well.002","WLOU.W2.20180508.PCN","A00000017710","2018-05-08T19:05Z","2018-05-08T19:05Z","EcoCore_CSU","TPC",0.2678,"milligram",0.5,,0,"formatChange","GOOD"
"5e4a3117-d8f0-450b-87b4-c5fcd611351d","D13","WLOU","WLOU.AOS.groundwater.well.002","WLOU.W2.20180508.RAW","A00000017694","2018-05-08T19:05Z","2018-05-08T19:05Z","EcoCore_CSU","pH",7.0000,"pH",0.5,,0,"formatChange","GOOD"
"d31f158f-7a0d-4829-a435-fec1c1f19abe","D13","WLOU","WLOU.AOS.groundwater.well.002","WLOU.W2.20180508.FIL","A00000017690","2018-05-08T19:05Z","2018-05-08T19:05Z","EcoCore_CSU","DOC",2.8490,"milligramsPerLiter",0.5,,0,"formatChange","GOOD"
"ea8645f5-43e1-4c3b-972b-050dbe9a413b","D13","WLOU","WLOU.AOS.groundwater.well.002","WLOU.W2.20180508.FIL","A00000017690","2018-05-08T19:05Z","2018-05-08T19:05Z","EcoCore_CSU","HCO3",39.5700,"milligramsPerLiter",0.5,,0,"formatChange","GOOD"
"34746f36-80b7-47c7-bb2b-884379327132","D13","WLOU","WLOU.AOS.groundwater.well.002","WLOU.W2.20180508.RAW","A00000017694","2018-05-08T19:05Z","2018-05-08T19:05Z","EcoCore_CSU","TN",0.3097,"milligramsPerLiter",0.5,,0,"formatChange","GOOD"
"2267e07c-3982-4438-bd3c-9ed26a02c7c4","D13","WLOU","WLOU.AOS.groundwater.well.002","WLOU.W2.20180508.PCN","A00000017710","2018-05-08T19:05Z","2018-05-08T19:05Z","EcoCore_CSU","TPN",0.1680,"milligram",0.5,,0,"formatChange","GOOD"
"fcf13ca8-a02d-4805-b774-57764447617e","D13","WLOU","WLOU.AOS.groundwater.well.005","WLOU.W5.20180508.FIL","A00000017691","2018-05-08T20:10Z","2018-05-08T20:10Z","EcoCore_CSU","CO3",0.0050,"milligramsPerLiter",0.5,,0,"formatChange","GOOD"
"1f0a3eeb-95e9-437e-b9a9-66d160222642","D13","WLOU","WLOU.AOS.groundwater.well.005","WLOU.W5.20180508.FIL","A00000017691","2018-05-08T20:10Z","2018-05-08T20:10Z","EcoCore_CSU","Ortho - P",0.0170,"milligramsPerLiter",0.5,,0,"formatChange","GOOD"
"9c5e3575-ee4d-45e1-b21d-6405ce428751","D13","WLOU","WLOU.AOS.groundwater.well.005","WLOU.W5.20180508.FIL","A00000017691","2018-05-08T20:10Z","2018-05-08T20:10Z","EcoCore_CSU","Cl",8.5620,"milligramsPerLiter",0.5,,0,"formatChange","GOOD"
"7f9a12f9-0087-4379-8d62-14caea9d3176","D13","WLOU","WLOU.AOS.groundwater.well.005","WLOU.W5.20180508.FIL","A00000017691","2018-05-08T20:10Z","2018-05-08T20:10Z","EcoCore_CSU","K",0.4810,"milligramsPerLiter",0.5,,0,"formatChange","GOOD"
"dc91b0b1-bb74-4f47-b71b-25ad2bffc238","D13","WLOU","WLOU.AOS.groundwater.well.005","WLOU.W5.20180508.FIL","A00000017691","2018-05-08T20:10Z","2018-05-08T20:10Z","EcoCore_CSU","HCO3",12.8900,"milligramsPerLiter",0.5,,0,"formatChange","GOOD"
"82b1339a-ff49-49d3-be05-dd62cbe5a34c","D13","WLOU","WLOU.AOS.groundwater.well.005","WLOU.W5.20180508.RAW","A00000017695","2018-05-08T20:10Z","2018-05-08T20:10Z","EcoCore_CSU","TP",0.0556,"milligramsPerLiter",0.5,,0,"formatChange","GOOD"
"c8730bf0-d8d4-4c53-b4d6-43f80a7911dd","D13","WLOU","WLOU.AOS.groundwater.well.005","WLOU.W5.20180508.FIL","A00000017691","2018-05-08T20:10Z","2018-05-08T20:10Z","EcoCore_CSU","SO4",1.6325,"milligramsPerLiter",0.5,,0,"formatChange","GOOD"
"1f79bbcf-ba27-4251-a312-b94f2aa42c85","D13","WLOU","WLOU.AOS.groundwater.well.005","WLOU.W5.20180508.FIL","A00000017691","2018-05-08T20:10Z","2018-05-08T20:10Z","EcoCore_CSU","UV Absorbance (280 nm)",0.1108,,0.5,,0,"formatChange","GOOD"
"7de1d390-16dc-41a1-af27-52b8b084c1b1","D13","WLOU","WLOU.AOS.groundwater.well.005","WLOU.W5.20180508.FIL","A00000017691","2018-05-08T20:10Z","2018-05-08T20:10Z","EcoCore_CSU","TDP",0.0017,"milligramsPerLiter",0.5,,0,"formatChange","GOOD"
"462e25f7-5dde-478a-a3c6-d22adf137364","D13","WLOU","WLOU.AOS.groundwater.well.005","WLOU.W5.20180508.FIL","A00000017691","2018-05-08T20:10Z","2018-05-08T20:10Z","EcoCore_CSU","Mg",1.0920,"milligramsPerLiter",0.5,,0,"formatChange","GOOD"
"88d4db8e-9512-4a85-a196-1f973b921a5d","D13","WLOU","WLOU.AOS.groundwater.well.005","WLOU.W5.20180508.FIL","A00000017691","2018-05-08T20:10Z","2018-05-08T20:10Z","EcoCore_CSU","Fe",0.0005,"milligramsPerLiter",0.5,,0,"formatChange","GOOD"
"3a1e213f-c2e8-426d-bcc9-b40f2ee3fee4","D13","WLOU","WLOU.AOS.groundwater.well.005","WLOU.W5.20180508.FIL","A00000017691","2018-05-08T20:10Z","2018-05-08T20:10Z","EcoCore_CSU","F",0.0050,"milligramsPerLiter",0.5,,0,"formatChange","GOOD"
"15746d0b-f6b9-4cb2-9205-2d8ac4442576","D13","WLOU","WLOU.AOS.groundwater.well.005","WLOU.W5.20180508.FIL","A00000017691","2018-05-08T20:10Z","2018-05-08T20:10Z","EcoCore_CSU","DOC",4.8140,"milligramsPerLiter",0.5,,0,"formatChange","GOOD"
"dca41855-81c9-4518-b5e3-02323783a7cd","D13","WLOU","WLOU.AOS.groundwater.well.005","WLOU.W5.20180508.RAW","A00000017695","2018-05-08T20:10Z","2018-05-08T20:10Z","EcoCore_CSU","TSS",36.0000,"milligramsPerLiter",0.5,,0,"formatChange","GOOD"
"7ff86279-2e4f-47c5-9aff-0b4145ed9e48","D13","WLOU","WLOU.AOS.groundwater.well.005","WLOU.W5.20180508.RAW","A00000017695","2018-05-08T20:10Z","2018-05-08T20:10Z","EcoCore_CSU","TOC",5.0970,"milligramsPerLiter",0.5,,0,"formatChange","GOOD"
"6a659960-83e7-473f-9e9e-32ca47c0f9bc","D13","WLOU","WLOU.AOS.groundwater.well.005","WLOU.W5.20180508.PCN","A00000017709","2018-05-08T20:10Z","2018-05-08T20:10Z","EcoCore_CSU","TPN",0.0778,"milligram",0.5,,0,"formatChange","GOOD"
"83bf6954-76a7-49c9-b4e6-d436088deab3","D13","WLOU","WLOU.AOS.groundwater.well.005","WLOU.W5.20180508.FIL","A00000017691","2018-05-08T20:10Z","2018-05-08T20:10Z","EcoCore_CSU","NO2 - N",0.0152,"milligramsPerLiter",0.5,,0,"formatChange","GOOD"
"80a2134e-48e0-45b7-beac-4c063c8c19ec","D13","WLOU","WLOU.AOS.groundwater.well.005","WLOU.W5.20180508.FIL","A00000017691","2018-05-08T20:10Z","2018-05-08T20:10Z","EcoCore_CSU","Si",3.3998,"milligramsPerLiter",0.5,,0,"formatChange","GOOD"
"d0b39a26-24cb-4aec-9231-49b6f20a4950","D13","WLOU","WLOU.AOS.groundwater.well.005","WLOU.W5.20180508.FIL","A00000017691","2018-05-08T20:10Z","2018-05-08T20:10Z","EcoCore_CSU","NO3+NO2 - N",-0.0055,"milligramsPerLiter",0.5,,0,"formatChange","GOOD"
"547dd419-9002-4199-b1c0-16dfcedbac4b","D13","WLOU","WLOU.AOS.groundwater.well.005","WLOU.W5.20180508.FIL","A00000017691","2018-05-08T20:10Z","2018-05-08T20:10Z","EcoCore_CSU","Mn",0.0005,"milligramsPerLiter",0.5,,0,"formatChange","GOOD"
"f7d3c4f4-cec0-43b6-9f4c-985bc698cb7f","D13","WLOU","WLOU.AOS.groundwater.well.005","WLOU.W5.20180508.FIL","A00000017691","2018-05-08T20:10Z","2018-05-08T20:10Z","EcoCore_CSU","TDN",0.3657,"milligramsPerLiter",0.5,,0,"formatChange","GOOD"
"3633643e-3dbd-4be3-a3d7-73387cbef637","D13","WLOU","WLOU.AOS.groundwater.well.005","WLOU.W5.20180508.RAW","A00000017695","2018-05-08T20:10Z","2018-05-08T20:10Z","EcoCore_CSU","pH",6.6900,"pH",0.5,,0,"formatChange","GOOD"
"11a85177-14a0-456d-bc20-79ec3b4f5bb9","D13","WLOU","WLOU.AOS.groundwater.well.005","WLOU.W5.20180508.PCN","A00000017709","2018-05-08T20:10Z","2018-05-08T20:10Z","EcoCore_CSU","TPC",0.2841,"milligram",0.5,,0,"formatChange","GOOD"
"3dd028bf-5c51-4348-93e3-4c4eefd00134","D13","WLOU","WLOU.AOS.groundwater.well.005","WLOU.W5.20180508.RAW","A00000017695","2018-05-08T20:10Z","2018-05-08T20:10Z","EcoCore_CSU","ANC",0.3160,"milliequivalentsPerLiter",0.5,,0,"formatChange","GOOD"
"c029ce21-e486-4c16-acd7-e7dc48445d41","D13","WLOU","WLOU.AOS.groundwater.well.005","WLOU.W5.20180508.FIL","A00000017691","2018-05-08T20:10Z","2018-05-08T20:10Z","EcoCore_CSU","DIC",7.1750,"milligramsPerLiter",0.5,,0,"formatChange","GOOD"
"3fd818a9-899e-4f98-9d48-a0dbf255d1da","D13","WLOU","WLOU.AOS.groundwater.well.005","WLOU.W5.20180508.FIL","A00000017691","2018-05-08T20:10Z","2018-05-08T20:10Z","EcoCore_CSU","TDS",39.4800,"milligramsPerLiter",0.5,,0,"formatChange","GOOD"
"7d25b8ae-016a-4976-9875-cb47abb56d40","D13","WLOU","WLOU.AOS.groundwater.well.005","WLOU.W5.20180508.FIL","A00000017691","2018-05-08T20:10Z","2018-05-08T20:10Z","EcoCore_CSU","UV Absorbance (250 nm)",0.1703,,0.5,,0,"formatChange","GOOD"
"135754b6-980f-4134-9439-bef2db6dbe68","D13","WLOU","WLOU.AOS.groundwater.well.005","WLOU.W5.20180508.FIL","A00000017691","2018-05-08T20:10Z","2018-05-08T20:10Z","EcoCore_CSU","Na",0.5980,"milligramsPerLiter",0.5,,0,"formatChange","GOOD"
"e60c0ff8-efb4-4ba3-95c9-785e2b1629df","D13","WLOU","WLOU.AOS.groundwater.well.005","WLOU.W5.20180508.FIL","A00000017691","2018-05-08T20:10Z","2018-05-08T20:10Z","EcoCore_CSU","NH4 - N",0.0440,"milligramsPerLiter",0.5,,0,"formatChange","GOOD"
"a7d7d9b2-3d05-49b2-a10e-77a16cec025d","D13","WLOU","WLOU.AOS.groundwater.well.005","WLOU.W5.20180508.RAW","A00000017695","2018-05-08T20:10Z","2018-05-08T20:10Z","EcoCore_CSU","TN",0.3686,"milligramsPerLiter",0.5,,0,"formatChange","GOOD"
"ae41cc22-f84c-4f1d-9d6a-66c766adcb25","D13","WLOU","WLOU.AOS.groundwater.well.005","WLOU.W5.20180508.FIL","A00000017691","2018-05-08T20:10Z","2018-05-08T20:10Z","EcoCore_CSU","Br",0.0050,"milligramsPerLiter",0.5,,0,"formatChange","GOOD"
"fde81ab1-9933-434f-879c-79e86e6e0c5b","D13","WLOU","WLOU.AOS.groundwater.well.005","WLOU.W5.20180508.RAW","A00000017695","2018-05-08T20:10Z","2018-05-08T20:10Z","EcoCore_CSU","TSS - Dry Mass",1800.0000,"microgram",0.5,,0,"formatChange","GOOD"
"486edc1c-f22d-48ec-a294-ee72b656cf21","D13","WLOU","WLOU.AOS.groundwater.well.005","WLOU.W5.20180508.RAW","A00000017695","2018-05-08T20:10Z","2018-05-08T20:10Z","EcoCore_CSU","conductivity",54.4600,"microsiemensPerCentimeter",0.5,,0,"formatChange","GOOD"
"a82f6344-b576-4d5e-8fe6-a09dcb36f20e","D13","WLOU","WLOU.AOS.groundwater.well.005","WLOU.W5.20180508.FIL","A00000017691","2018-05-08T20:10Z","2018-05-08T20:10Z","EcoCore_CSU","Ca",7.7426,"milligramsPerLiter",0.5,,0,"formatChange","GOOD"
"e5bb80dd-b4c1-42de-b909-c1f0a8fd0a6a","D13","WLOU","WLOU.AOS.groundwater.well.008","WLOU.W8.20180508.RAW","A00000017696","2018-05-08T21:08Z","2018-05-08T21:08Z","EcoCore_CSU","TN",0.2769,"milligramsPerLiter",0.5,,0,"formatChange","GOOD"
"5e1293a7-38e8-4038-bab9-652d2e643827","D13","WLOU","WLOU.AOS.groundwater.well.008","WLOU.W8.20180508.RAW","A00000017696","2018-05-08T21:08Z","2018-05-08T21:08Z","EcoCore_CSU","TSS - Dry Mass",500.0000,"microgram",0.5,,0,"formatChange","GOOD"
"23cbfab5-d0e4-45e4-a903-cdd8ea390487","D13","WLOU","WLOU.AOS.groundwater.well.008","WLOU.W8.20180508.FIL","A00000017692","2018-05-08T21:08Z","2018-05-08T21:08Z","EcoCore_CSU","DIC",20.8100,"milligramsPerLiter",0.5,,0,"formatChange","GOOD"
"393a2eb4-9757-4333-bd33-be24e5bf3705","D13","WLOU","WLOU.AOS.groundwater.well.008","WLOU.W8.20180508.FIL","A00000017692","2018-05-08T21:08Z","2018-05-08T21:08Z","EcoCore_CSU","Cl",0.2800,"milligramsPerLiter",0.5,,0,"formatChange","GOOD"
"6e16e225-683b-430a-a18d-3b64a71c65fe","D13","WLOU","WLOU.AOS.groundwater.well.008","WLOU.W8.20180508.FIL","A00000017692","2018-05-08T21:08Z","2018-05-08T21:08Z","EcoCore_CSU","Mg",5.7859,"milligramsPerLiter",0.5,,0,"formatChange","GOOD"
"4d851bf8-5f9d-41fb-9316-40dcfb39f575","D13","WLOU","WLOU.AOS.groundwater.well.008","WLOU.W8.20180508.RAW","A00000017696","2018-05-08T21:08Z","2018-05-08T21:08Z","EcoCore_CSU","TP",0.0698,"milligramsPerLiter",0.5,,0,"formatChange","GOOD"
"8f411934-74c1-4fbc-bcaa-787662b60be9","D13","WLOU","WLOU.AOS.groundwater.well.008","WLOU.W8.20180508.FIL","A00000017692","2018-05-08T21:08Z","2018-05-08T21:08Z","EcoCore_CSU","Si",3.5430,"milligramsPerLiter",0.5,,0,"formatChange","GOOD"
"b0baf9a9-dff0-43ce-a267-f522757043d4","D13","WLOU","WLOU.AOS.groundwater.well.008","WLOU.W8.20180508.FIL","A00000017692","2018-05-08T21:08Z","2018-05-08T21:08Z","EcoCore_CSU","DOC",1.4230,"milligramsPerLiter",0.5,,0,"formatChange","GOOD"
"b64c571e-9f0c-43b0-b149-fb32fa050cc7","D13","WLOU","WLOU.AOS.groundwater.well.008","WLOU.W8.20180508.RAW","A00000017696","2018-05-08T21:08Z","2018-05-08T21:08Z","EcoCore_CSU","pH",7.2300,"pH",0.5,,0,"formatChange","GOOD"
"642eca07-3a5e-45c9-9449-9d01fafde147","D13","WLOU","WLOU.AOS.groundwater.well.008","WLOU.W8.20180508.FIL","A00000017692","2018-05-08T21:08Z","2018-05-08T21:08Z","EcoCore_CSU","TDN",0.2840,"milligramsPerLiter",0.5,,0,"formatChange","GOOD"
"62d5e4e8-826a-4cc5-a4ac-a9eec9dcaccd","D13","WLOU","WLOU.AOS.groundwater.well.008","WLOU.W8.20180508.FIL","A00000017692","2018-05-08T21:08Z","2018-05-08T21:08Z","EcoCore_CSU","NO3+NO2 - N",-0.0019,"milligramsPerLiter",0.5,,0,"formatChange","GOOD"
"0649af6f-96c5-44ce-ade6-b7a5dec17586","D13","WLOU","WLOU.AOS.groundwater.well.008","WLOU.W8.20180508.FIL","A00000017692","2018-05-08T21:08Z","2018-05-08T21:08Z","EcoCore_CSU","Na",1.3240,"milligramsPerLiter",0.5,,0,"formatChange","GOOD"
"35658c8e-f9e4-4fd5-b0d3-f6f563fafa27","D13","WLOU","WLOU.AOS.groundwater.well.008","WLOU.W8.20180508.FIL","A00000017692","2018-05-08T21:08Z","2018-05-08T21:08Z","EcoCore_CSU","SO4",4.4901,"milligramsPerLiter",0.5,,0,"formatChange","GOOD"
"aa04ea80-9e25-4752-bfef-a0f9f346fe60","D13","WLOU","WLOU.AOS.groundwater.well.008","WLOU.W8.20180508.FIL","A00000017692","2018-05-08T21:08Z","2018-05-08T21:08Z","EcoCore_CSU","Ca",20.6113,"milligramsPerLiter",0.5,,0,"formatChange","GOOD"
"2075347a-cf61-4568-be13-3f05dda97900","D13","WLOU","WLOU.AOS.groundwater.well.008","WLOU.W8.20180508.FIL","A00000017692","2018-05-08T21:08Z","2018-05-08T21:08Z","EcoCore_CSU","HCO3",88.9200,"milligramsPerLiter",0.5,,0,"formatChange","GOOD"
"5e5f4043-1b43-47f4-96ca-ba3ffd159f70","D13","WLOU","WLOU.AOS.groundwater.well.008","WLOU.W8.20180508.FIL","A00000017692","2018-05-08T21:08Z","2018-05-08T21:08Z","EcoCore_CSU","NO2 - N",0.0147,"milligramsPerLiter",0.5,,0,"formatChange","GOOD"
"7012530e-a401-4668-a233-0f1b3c03681e","D13","WLOU","WLOU.AOS.groundwater.well.008","WLOU.W8.20180508.FIL","A00000017692","2018-05-08T21:08Z","2018-05-08T21:08Z","EcoCore_CSU","UV Absorbance (280 nm)",0.0258,,0.5,,0,"formatChange","GOOD"
"be5669be-83c0-4342-8cc8-27cab7170fe2","D13","WLOU","WLOU.AOS.groundwater.well.008","WLOU.W8.20180508.FIL","A00000017692","2018-05-08T21:08Z","2018-05-08T21:08Z","EcoCore_CSU","F",0.0050,"milligramsPerLiter",0.5,,0,"formatChange","GOOD"
"f797327a-adef-400c-997f-2eaac9b4bf8f","D13","WLOU","WLOU.AOS.groundwater.well.008","WLOU.W8.20180508.FIL","A00000017692","2018-05-08T21:08Z","2018-05-08T21:08Z","EcoCore_CSU","Mn",0.0005,"milligramsPerLiter",0.5,,0,"formatChange","GOOD"
"1098c886-910b-4b70-9176-2771fe404888","D13","WLOU","WLOU.AOS.groundwater.well.008","WLOU.W8.20180508.FIL","A00000017692","2018-05-08T21:08Z","2018-05-08T21:08Z","EcoCore_CSU","CO3",0.0050,"milligramsPerLiter",0.5,,0,"formatChange","GOOD"
"9df7af36-e2ca-4f05-a91a-5728ab333d02","D13","WLOU","WLOU.AOS.groundwater.well.008","WLOU.W8.20180508.FIL","A00000017692","2018-05-08T21:08Z","2018-05-08T21:08Z","EcoCore_CSU","K",1.4342,"milligramsPerLiter",0.5,,0,"formatChange","GOOD"
"05513e31-3f8a-4cb0-8597-3425e85dd249","D13","WLOU","WLOU.AOS.groundwater.well.008","WLOU.W8.20180508.FIL","A00000017692","2018-05-08T21:08Z","2018-05-08T21:08Z","EcoCore_CSU","TDS",110.1700,"milligramsPerLiter",0.5,,0,"formatChange","GOOD"
"ebb828c4-6893-428f-845d-66aa6746360a","D13","WLOU","WLOU.AOS.groundwater.well.008","WLOU.W8.20180508.FIL","A00000017692","2018-05-08T21:08Z","2018-05-08T21:08Z","EcoCore_CSU","Br",0.0050,"milligramsPerLiter",0.5,,0,"formatChange","GOOD"
"ce4c6a62-cdb7-40ff-a22f-f00b45dec43b","D13","WLOU","WLOU.AOS.groundwater.well.008","WLOU.W8.20180508.FIL","A00000017692","2018-05-08T21:08Z","2018-05-08T21:08Z","EcoCore_CSU","Fe",0.0005,"milligramsPerLiter",0.5,,0,"formatChange","GOOD"
"4cf5bcfc-fef5-4b0e-a51d-8508211cc846","D13","WLOU","WLOU.AOS.groundwater.well.008","WLOU.W8.20180508.RAW","A00000017696","2018-05-08T21:08Z","2018-05-08T21:08Z","EcoCore_CSU","TOC",1.5520,"milligramsPerLiter",0.5,,0,"formatChange","GOOD"
"eef382b4-bbdf-4a3e-a549-e686f788192f","D13","WLOU","WLOU.AOS.groundwater.well.008","WLOU.W8.20180508.RAW","A00000017696","2018-05-08T21:08Z","2018-05-08T21:08Z","EcoCore_CSU","ANC",1.5230,"milliequivalentsPerLiter",0.5,,0,"formatChange","GOOD"
"1e032f18-cee4-44ec-85f9-ff575dd14009","D13","WLOU","WLOU.AOS.groundwater.well.008","WLOU.W8.20180508.RAW","A00000017696","2018-05-08T21:08Z","2018-05-08T21:08Z","EcoCore_CSU","conductivity",154.3000,"microsiemensPerCentimeter",0.5,,0,"formatChange","GOOD"
"528fe91e-7710-41eb-8e1f-6ef95a241c56","D13","WLOU","WLOU.AOS.groundwater.well.008","WLOU.W8.20180508.PCN","A00000017707","2018-05-08T21:08Z","2018-05-08T21:08Z","EcoCore_CSU","TPN",0.1044,"milligram",0.5,,0,"formatChange","GOOD"
"34e1c343-ba06-49d6-8baf-f7425020fd1d","D13","WLOU","WLOU.AOS.groundwater.well.008","WLOU.W8.20180508.RAW","A00000017696","2018-05-08T21:08Z","2018-05-08T21:08Z","EcoCore_CSU","TSS",10.0000,"milligramsPerLiter",0.5,,0,"formatChange","GOOD"
"17b19942-0692-489f-a9a3-226cbf00200c","D13","WLOU","WLOU.AOS.groundwater.well.008","WLOU.W8.20180508.FIL","A00000017692","2018-05-08T21:08Z","2018-05-08T21:08Z","EcoCore_CSU","UV Absorbance (250 nm)",0.0386,,0.5,,0,"formatChange","GOOD"
"b775aacc-bc0e-4633-a021-038b9741ae18","D13","WLOU","WLOU.AOS.groundwater.well.008","WLOU.W8.20180508.FIL","A00000017692","2018-05-08T21:08Z","2018-05-08T21:08Z","EcoCore_CSU","NH4 - N",0.0845,"milligramsPerLiter",0.5,,0,"formatChange","GOOD"
"118a385a-e4bd-42f3-af52-6989182ab761","D13","WLOU","WLOU.AOS.groundwater.well.008","WLOU.W8.20180508.PCN","A00000017707","2018-05-08T21:08Z","2018-05-08T21:08Z","EcoCore_CSU","TPC",0.2611,"milligram",0.5,,0,"formatChange","GOOD"
"8f187330-1ba3-404a-99ad-014e8e38253a","D13","WLOU","WLOU.AOS.groundwater.well.008","WLOU.W8.20180508.FIL","A00000017692","2018-05-08T21:08Z","2018-05-08T21:08Z","EcoCore_CSU","TDP",0.0005,"milligramsPerLiter",0.5,,0,"formatChange","GOOD"
"ae2aac08-8946-475c-bef2-0a034ba3a097","D13","WLOU","WLOU.AOS.groundwater.well.008","WLOU.W8.20180508.FIL","A00000017692","2018-05-08T21:08Z","2018-05-08T21:08Z","EcoCore_CSU","Ortho - P",0.0190,"milligramsPerLiter",0.5,,0,"formatChange","GOOD"
