uid,domainID,siteID,namedLocation,decimalLatitude,decimalLongitude,coordinateUncertainty,elevation,elevationUncertainty,geodeticDatum,collectDate,aquaticSiteType,samplingImpractical,waterChemSamplesCollected,adequateSampleVol,parentSampleID,eventID,swcSamplingProtocolVersion,sampleExtractionMethod,samplerType,totalWellDepth,wellWaterDepth,waterColumnHeight,sampleDepth,purgeAverageDischargeRate,purgeTime,gwWellStabilized,purgeDryDateTime,pumpPlacementDate,screenedIntervalDepth,maxAllowableDrawdown,actualDrawdown,MADExceeded,wellVolumePurged,probeIDUnavailable,dissolvedOxygen,dissolvedOxygenSaturation,specificConductance,waterTemp,pH,waterClarityDescrip,waterColorDescrip,aCollectedBy,bCollectedBy,remarks
"c4c80fea-f203-4be5-b22c-12da1746c236","D13","WLOU","WLOU.AOS.groundwater.well.001",39.891233,-105.914588,0.1,2916.4,0.1,"WGS84","2018-05-08T18:12Z","stream",,,,"WLOU.W1.20180508","WLOU.20180508","NEON.DOC.002905vE","low-flow","Groundwater Pump",2.2,1.5,0.7,1.7,,,,,,,,,,3.5,,1.74,17.30,127.50,1.50,,"clear","colorless","Bnance@battelleecology.org","Hschartel@battelleecology.org",
"39bb3a1f-369e-44bc-ab92-5170e5dae391","D13","WLOU","WLOU.AOS.groundwater.well.002",39.891183,-105.914497,0.1,2916.4,0.1,"WGS84","2018-05-08T19:05Z","stream",,,,"WLOU.W2.20180508","WLOU.20180508","NEON.DOC.002905vE","low-flow","Groundwater Pump",2.4,1.6,0.8,1.9,,,,,,,,,,2.6,,7.62,74.70,89.70,0.60,,"clear","colorless","Bnance@battelleecology.org","Hschartel@battelleecology.org",
"668d80a8-3b34-457d-9df8-2e8a7be3365e","D13","WLOU","WLOU.AOS.groundwater.well.005",39.891138,-105.912929,0.1,2909.5,0.1,"WGS84","2018-05-08T20:10Z","stream",,,,"WLOU.W5.20180508","WLOU.20180508","NEON.DOC.002905vE","low-flow","Groundwater Pump",2.4,1.1,1.2,1.9,,,,,,,,,,2.5,,6.25,62.30,59.80,1.20,,"cloudy","gray","Bnance@battelleecology.org","Hschartel@battelleecology.org",
"d3059c4a-01d1-43fd-bf32-98ce650f6178","D13","WLOU","WLOU.AOS.groundwater.well.008",39.890665,-105.911591,0.1,2904.6,0.1,"WGS84","2018-05-08T21:08Z","stream",,,,"WLOU.W8.20180508","WLOU.20180508","NEON.DOC.002905vE","low-flow","Groundwater Pump",2.8,1.6,1.2,2.3,,,,,,,,,,3.0,,7.94,79.40,130.70,1.30,,"clear","colorless","Bnance@battelleecology.org","Hschartel@battelleecology.org",
