uid,domainID,siteID,namedLocation,collectDate,parentSampleID,sampleCondition,sampleID,replicateNumber,gwwDICBubbleFree,gwwFiltSampleHeadspace,gwwAlkSampleHeadspace,gwwAlkSampleBubbleFree,processedDate,processedDateFilters,sampleVolumeFiltered,shipmentTimeRange
"a76a2b7e-6ac0-4600-a1af-1088a34b3f9e","D13","WLOU","WLOU.AOS.groundwater.well.001","2018-05-08T18:12Z","WLOU.W1.20180508","Sample condition ok","WLOU.W1.20180508",1,,,,,"2018-05-08T18:12Z","2018-05-08T22:15Z",280.0,
"2322564c-8b4c-4ee6-b928-f633b1799c23","D13","WLOU","WLOU.AOS.groundwater.well.002","2018-05-08T19:05Z","WLOU.W2.20180508","Sample condition ok","WLOU.W2.20180508",1,,,,,"2018-05-08T19:05Z","2018-05-08T22:15Z",200.0,
"21c52f6a-c9c3-4e1b-9ec8-d65367a568ce","D13","WLOU","WLOU.AOS.groundwater.well.005","2018-05-08T20:10Z","WLOU.W5.20180508","Sample condition ok","WLOU.W5.20180508",1,,,,,"2018-05-08T20:10Z","2018-05-09T22:15Z",100.0,
"2f7c7a1c-a5ec-42b2-b147-e41853012b40","D13","WLOU","WLOU.AOS.groundwater.well.008","2018-05-08T21:08Z","WLOU.W8.20180508","Sample condition ok","WLOU.W8.20180508",1,,,,,"2018-05-08T21:08Z","2018-05-08T22:15Z",200.0,
