uid,domainID,siteID,namedLocation,decimalLatitude,decimalLongitude,coordinateUncertainty,elevation,elevationUncertainty,geodeticDatum,collectDate,aquaticSiteType,samplingImpractical,waterChemSamplesCollected,adequateSampleVol,parentSampleID,eventID,swcSamplingProtocolVersion,sampleExtractionMethod,samplerType,totalWellDepth,wellWaterDepth,waterColumnHeight,sampleDepth,purgeAverageDischargeRate,purgeTime,gwWellStabilized,purgeDryDateTime,pumpPlacementDate,screenedIntervalDepth,maxAllowableDrawdown,actualDrawdown,MADExceeded,wellVolumePurged,probeIDUnavailable,dissolvedOxygen,dissolvedOxygenSaturation,specificConductance,waterTemp,pH,waterClarityDescrip,waterColorDescrip,aCollectedBy,bCollectedBy,remarks
"e7314fda-66be-4465-a27b-b0427889cad3","D17","BIGC","BIGC.AOS.groundwater.well.005",37.058840,-119.256469,0.1,1132.2,0.1,"WGS84","2019-06-03T20:08Z","stream",,,"Y","BIGC.W5.20190603","BIGC.20190603","NEON.DOC.002905vF","low-flow","Groundwater Pump",4.4,2.4,1.9,3.4,,,,,,,,,,4.6,,5.28,50.00,96.50,13.20,7.10,"cloudy","brown","0000-0001-7072-0706","0000-0001-5002-5407",
"61c4c33e-4cf6-4a9f-b7f8-dfcdcba6196d","D17","BIGC","BIGC.AOS.groundwater.well.006",37.058649,-119.256542,0.1,1132.6,0.1,"WGS84","2019-06-03T21:38Z","stream",,,"Y","BIGC.W6.20190603","BIGC.20190603","NEON.DOC.002905vF","low-flow","Groundwater Pump",5.7,3.0,2.7,4.0,,,,,,,,,,2.9,,1.69,15.40,155.80,11.20,6.58,"cloudy","brown","0000-0001-7072-0706","0000-0001-7332-328X",
"eefb1fa7-f7a5-49a0-935a-9228bdcde9d7","D17","BIGC","BIGC.AOS.groundwater.well.002",37.057454,-119.255032,0.1,1130.6,0.1,"WGS84","2019-06-03T22:59Z","stream",,,"Y","BIGC.W2.20190603","BIGC.20190603","NEON.DOC.002905vF","low-flow","Groundwater Pump",6.6,2.6,3.9,3.6,,,,,,,,,,2.3,,1.54,14.60,71.80,12.40,6.36,"cloudy","brown","0000-0001-7072-0706","0000-0001-7332-328X",
"dbfcfc56-d55a-4359-8311-e9b41beecd2d","D17","BIGC","BIGC.AOS.groundwater.well.001",37.057579,-119.255032,0.1,1129.5,0.1,"WGS84","2019-06-04T00:25Z","stream",,,"Y","BIGC.W1.20190603","BIGC.20190603","NEON.DOC.002905vF","low-flow","Groundwater Pump",5.5,1.7,3.8,2.7,,,,,,,,,,5.4,,1.56,14.10,153.00,11.20,6.43,"cloudy","brown","0000-0001-7072-0706","0000-0001-5002-5407",
