uid,domainID,siteID,namedLocation,sampleID,sampleCode,startDate,collectDate,laboratoryName,analyte,analyteConcentration,analyteUnits,coolerTemp,remarks,shipmentWarmQF,externalLabDataQF,sampleCondition
"ed534768-1708-4b68-9c3f-468359ce692e","D17","BIGC","BIGC.AOS.groundwater.well.005","BIGC.W5.20190603.FIL","A00000063974","2019-06-03T20:08Z","2019-06-03T20:08Z","EcoCore_CSU","Si",11.3555,"milligramsPerLiter",0.3,,0,"formatChange","GOOD"
"26f1b471-781a-4725-aed3-c23cdd943e99","D17","BIGC","BIGC.AOS.groundwater.well.005","BIGC.W5.20190603.FIL","A00000063974","2019-06-03T20:08Z","2019-06-03T20:08Z","EcoCore_CSU","DIC",13.2500,"milligramsPerLiter",0.3,,0,"formatChange","GOOD"
"021940d0-84b1-4293-afd6-e23447f37c84","D17","BIGC","BIGC.AOS.groundwater.well.005","BIGC.W5.20190603.FIL","A00000063974","2019-06-03T20:08Z","2019-06-03T20:08Z","EcoCore_CSU","UV Absorbance (280 nm)",0.0066,,0.3,,0,"formatChange","GOOD"
"39849b34-b0ad-4821-8300-bb3b5af1825e","D17","BIGC","BIGC.AOS.groundwater.well.005","BIGC.W5.20190603.FIL","A00000063974","2019-06-03T20:08Z","2019-06-03T20:08Z","EcoCore_CSU","K",1.0710,"milligramsPerLiter",0.3,,0,"formatChange","GOOD"
"500bdc03-51b5-482e-87bb-ab03fe2993be","D17","BIGC","BIGC.AOS.groundwater.well.005","BIGC.W5.20190603.PCN","A00000063544","2019-06-03T20:08Z","2019-06-03T20:08Z","EcoCore_CSU","TPC",0.2634,"milligram",0.3,,0,"formatChange","GOOD"
"9056b3b8-7ca7-4e66-b315-76ebee665e1a","D17","BIGC","BIGC.AOS.groundwater.well.005","BIGC.W5.20190603.RAW","A00000063978","2019-06-03T20:08Z","2019-06-03T20:08Z","EcoCore_CSU","pH",6.6300,"pH",0.3,,0,"formatChange","GOOD"
"7b4124f6-911a-4d9c-9e0b-03f78e553beb","D17","BIGC","BIGC.AOS.groundwater.well.005","BIGC.W5.20190603.FIL","A00000063974","2019-06-03T20:08Z","2019-06-03T20:08Z","EcoCore_CSU","NO3+NO2 - N",-0.0689,"milligramsPerLiter",0.3,,0,"formatChange","GOOD"
"13237a1b-857d-4327-b27d-3f4ea7a17d61","D17","BIGC","BIGC.AOS.groundwater.well.005","BIGC.W5.20190603.FIL","A00000063974","2019-06-03T20:08Z","2019-06-03T20:08Z","EcoCore_CSU","Mg",1.2510,"milligramsPerLiter",0.3,,0,"formatChange","GOOD"
"ce0086eb-e3a4-4c14-86bd-dbdff9e9cf3c","D17","BIGC","BIGC.AOS.groundwater.well.005","BIGC.W5.20190603.RAW","A00000063978","2019-06-03T20:08Z","2019-06-03T20:08Z","EcoCore_CSU","ANC",0.3900,"milliequivalentsPerLiter",0.3,,0,"formatChange","GOOD"
"62d4325b-0894-4221-89f7-e1112d4baf14","D17","BIGC","BIGC.AOS.groundwater.well.005","BIGC.W5.20190603.RAW","A00000063978","2019-06-03T20:08Z","2019-06-03T20:08Z","EcoCore_CSU","conductivity",75.9600,"microsiemensPerCentimeter",0.3,,0,"formatChange","GOOD"
"73fe59aa-7667-42dd-b728-a82177738d83","D17","BIGC","BIGC.AOS.groundwater.well.005","BIGC.W5.20190603.FIL","A00000063974","2019-06-03T20:08Z","2019-06-03T20:08Z","EcoCore_CSU","NO2 - N",-0.1233,"milligramsPerLiter",0.3,,0,"formatChange","GOOD"
"23abf440-12b1-4e66-af8c-8871685cd6ef","D17","BIGC","BIGC.AOS.groundwater.well.005","BIGC.W5.20190603.FIL","A00000063974","2019-06-03T20:08Z","2019-06-03T20:08Z","EcoCore_CSU","HCO3",20.8300,"milligramsPerLiter",0.3,,0,"formatChange","GOOD"
"53b1a4b3-8ea1-4df5-a567-562f5680dbd2","D17","BIGC","BIGC.AOS.groundwater.well.005","BIGC.W5.20190603.PCN","A00000063544","2019-06-03T20:08Z","2019-06-03T20:08Z","EcoCore_CSU","TPN",0.1036,"milligram",0.3,,0,"formatChange","GOOD"
"94d51901-544f-4488-8bc5-d3f8b27153e6","D17","BIGC","BIGC.AOS.groundwater.well.005","BIGC.W5.20190603.FIL","A00000063974","2019-06-03T20:08Z","2019-06-03T20:08Z","EcoCore_CSU","NH4 - N",0.1000,"milligramsPerLiter",0.3,,0,"formatChange","GOOD"
"2f2d684b-f637-4881-940f-bade22bbe7c7","D17","BIGC","BIGC.AOS.groundwater.well.005","BIGC.W5.20190603.FIL","A00000063974","2019-06-03T20:08Z","2019-06-03T20:08Z","EcoCore_CSU","F",2.0125,"milligramsPerLiter",0.3,,0,"formatChange","GOOD"
"a6bfa630-1e41-4b9b-abc5-aec563b43cdf","D17","BIGC","BIGC.AOS.groundwater.well.005","BIGC.W5.20190603.RAW","A00000063978","2019-06-03T20:08Z","2019-06-03T20:08Z","EcoCore_CSU","TN",0.1765,"milligramsPerLiter",0.3,,0,"formatChange","GOOD"
"13ff9dd2-29da-465b-bd48-9007e09b2881","D17","BIGC","BIGC.AOS.groundwater.well.005","BIGC.W5.20190603.FIL","A00000063974","2019-06-03T20:08Z","2019-06-03T20:08Z","EcoCore_CSU","TDS",54.2700,"milligramsPerLiter",0.3,,0,"formatChange","GOOD"
"6d0d33c1-c2a8-41e5-9167-45d99463afd6","D17","BIGC","BIGC.AOS.groundwater.well.005","BIGC.W5.20190603.FIL","A00000063974","2019-06-03T20:08Z","2019-06-03T20:08Z","EcoCore_CSU","Ortho - P",0.0490,"milligramsPerLiter",0.3,,0,"formatChange","GOOD"
"1f93be7a-7de5-4690-901a-07c61e55371a","D17","BIGC","BIGC.AOS.groundwater.well.005","BIGC.W5.20190603.FIL","A00000063974","2019-06-03T20:08Z","2019-06-03T20:08Z","EcoCore_CSU","SO4",1.8270,"milligramsPerLiter",0.3,,0,"formatChange","GOOD"
"a8afd06e-2214-40d0-952c-a35eb7762cf5","D17","BIGC","BIGC.AOS.groundwater.well.005","BIGC.W5.20190603.FIL","A00000063974","2019-06-03T20:08Z","2019-06-03T20:08Z","EcoCore_CSU","CO3",0.0050,"milligramsPerLiter",0.3,,0,"formatChange","GOOD"
"865d5250-e8dc-4e3c-b428-bb6618f30fe4","D17","BIGC","BIGC.AOS.groundwater.well.005","BIGC.W5.20190603.FIL","A00000063974","2019-06-03T20:08Z","2019-06-03T20:08Z","EcoCore_CSU","Cl",9.9381,"milligramsPerLiter",0.3,,0,"formatChange","GOOD"
"5eb4ea5d-3aed-4e00-8444-c2275f664cb2","D17","BIGC","BIGC.AOS.groundwater.well.005","BIGC.W5.20190603.FIL","A00000063974","2019-06-03T20:08Z","2019-06-03T20:08Z","EcoCore_CSU","TDP",0.0290,"milligramsPerLiter",0.3,,0,"formatChange","GOOD"
"723bde42-8f75-4747-bf15-51025b709118","D17","BIGC","BIGC.AOS.groundwater.well.005","BIGC.W5.20190603.FIL","A00000063974","2019-06-03T20:08Z","2019-06-03T20:08Z","EcoCore_CSU","Ca",7.9785,"milligramsPerLiter",0.3,,0,"formatChange","GOOD"
"ff3adb73-42e6-4ba4-9e1a-da34d19d8cd2","D17","BIGC","BIGC.AOS.groundwater.well.005","BIGC.W5.20190603.RAW","A00000063978","2019-06-03T20:08Z","2019-06-03T20:08Z","EcoCore_CSU","TSS",458.0000,"milligramsPerLiter",0.3,,0,"formatChange","GOOD"
"da58d495-2c5e-4f6b-b493-f758ee163784","D17","BIGC","BIGC.AOS.groundwater.well.005","BIGC.W5.20190603.FIL","A00000063974","2019-06-03T20:08Z","2019-06-03T20:08Z","EcoCore_CSU","Fe",0.0023,"milligramsPerLiter",0.3,,0,"formatChange","GOOD"
"1845fcaa-b476-4f28-a227-359eb207d0fc","D17","BIGC","BIGC.AOS.groundwater.well.005","BIGC.W5.20190603.FIL","A00000063974","2019-06-03T20:08Z","2019-06-03T20:08Z","EcoCore_CSU","UV Absorbance (250 nm)",0.0085,,0.3,,0,"formatChange","GOOD"
"17da3237-74d7-48c0-99f7-5368bbb1d2a6","D17","BIGC","BIGC.AOS.groundwater.well.005","BIGC.W5.20190603.FIL","A00000063974","2019-06-03T20:08Z","2019-06-03T20:08Z","EcoCore_CSU","Na",5.4830,"milligramsPerLiter",0.3,,0,"formatChange","GOOD"
"813d6317-e82a-47c2-893f-670766d4b53d","D17","BIGC","BIGC.AOS.groundwater.well.005","BIGC.W5.20190603.FIL","A00000063974","2019-06-03T20:08Z","2019-06-03T20:08Z","EcoCore_CSU","Br",0.0050,"milligramsPerLiter",0.3,,0,"formatChange","GOOD"
"4b2e7a1f-73a7-46e0-b84e-60d11d647bf9","D17","BIGC","BIGC.AOS.groundwater.well.005","BIGC.W5.20190603.FIL","A00000063974","2019-06-03T20:08Z","2019-06-03T20:08Z","EcoCore_CSU","DOC",1.0620,"milligramsPerLiter",0.3,,0,"formatChange","GOOD"
"046a4c53-73a0-4a82-8fb5-af05381e29cf","D17","BIGC","BIGC.AOS.groundwater.well.005","BIGC.W5.20190603.RAW","A00000063978","2019-06-03T20:08Z","2019-06-03T20:08Z","EcoCore_CSU","TSS - Dry Mass",22900.0000,"microgram",0.3,,0,"formatChange","GOOD"
"6232d4cc-ad1e-4cda-8d5b-45e3858d7597","D17","BIGC","BIGC.AOS.groundwater.well.005","BIGC.W5.20190603.RAW","A00000063978","2019-06-03T20:08Z","2019-06-03T20:08Z","EcoCore_CSU","TP",0.6344,"milligramsPerLiter",0.3,,0,"formatChange","GOOD"
"6f8d0d39-0580-42aa-923a-2d1b6fcfd97d","D17","BIGC","BIGC.AOS.groundwater.well.005","BIGC.W5.20190603.FIL","A00000063974","2019-06-03T20:08Z","2019-06-03T20:08Z","EcoCore_CSU","Mn",0.0020,"milligramsPerLiter",0.3,,0,"formatChange","GOOD"
"e5884ad7-b3f9-4f12-900f-54230f62b3c9","D17","BIGC","BIGC.AOS.groundwater.well.005","BIGC.W5.20190603.FIL","A00000063974","2019-06-03T20:08Z","2019-06-03T20:08Z","EcoCore_CSU","TDN",0.1292,"milligramsPerLiter",0.3,,0,"formatChange","GOOD"
"5cbb4d0d-cee2-478f-b388-2b37b3409efe","D17","BIGC","BIGC.AOS.groundwater.well.005","BIGC.W5.20190603.RAW","A00000063978","2019-06-03T20:08Z","2019-06-03T20:08Z","EcoCore_CSU","TOC",1.8850,"milligramsPerLiter",0.3,,0,"formatChange","GOOD"
"e4024b46-a388-4760-883b-2b5cffb72a1b","D17","BIGC","BIGC.AOS.groundwater.well.006","BIGC.W6.20190603.FIL","A00000063975","2019-06-03T21:38Z","2019-06-03T21:38Z","EcoCore_CSU","Si",31.1255,"milligramsPerLiter",0.3,,0,"formatChange","GOOD"
"8135010f-851b-4af0-b8f6-6c426f084821","D17","BIGC","BIGC.AOS.groundwater.well.006","BIGC.W6.20190603.FIL","A00000063975","2019-06-03T21:38Z","2019-06-03T21:38Z","EcoCore_CSU","Fe",2.3651,"milligramsPerLiter",0.3,,0,"formatChange","GOOD"
"1de569d8-2ebf-4701-98be-49d34fd1d5d3","D17","BIGC","BIGC.AOS.groundwater.well.006","BIGC.W6.20190603.FIL","A00000063975","2019-06-03T21:38Z","2019-06-03T21:38Z","EcoCore_CSU","UV Absorbance (280 nm)",0.6282,,0.3,,0,"formatChange","GOOD"
"13de4b31-5ab6-400b-94fe-27e44770ac29","D17","BIGC","BIGC.AOS.groundwater.well.006","BIGC.W6.20190603.FIL","A00000063975","2019-06-03T21:38Z","2019-06-03T21:38Z","EcoCore_CSU","CO3",0.0050,"milligramsPerLiter",0.3,,0,"formatChange","GOOD"
"55a90f83-144d-4225-822b-1f4f0df69454","D17","BIGC","BIGC.AOS.groundwater.well.006","BIGC.W6.20190603.FIL","A00000063975","2019-06-03T21:38Z","2019-06-03T21:38Z","EcoCore_CSU","DIC",25.6000,"milligramsPerLiter",0.3,,0,"formatChange","GOOD"
"96797ea9-333d-4e88-b2c1-c7103fa79a51","D17","BIGC","BIGC.AOS.groundwater.well.006","BIGC.W6.20190603.FIL","A00000063975","2019-06-03T21:38Z","2019-06-03T21:38Z","EcoCore_CSU","Ortho - P",0.0400,"milligramsPerLiter",0.3,,0,"formatChange","GOOD"
"e3b4081f-e17d-469d-bdb9-9da3fc3c42ed","D17","BIGC","BIGC.AOS.groundwater.well.006","BIGC.W6.20190603.FIL","A00000063975","2019-06-03T21:38Z","2019-06-03T21:38Z","EcoCore_CSU","NO2 - N",-0.1255,"milligramsPerLiter",0.3,,0,"formatChange","GOOD"
"01315258-28b9-4ffe-bb81-b3bfbb15bf6b","D17","BIGC","BIGC.AOS.groundwater.well.006","BIGC.W6.20190603.RAW","A00000063979","2019-06-03T21:38Z","2019-06-03T21:38Z","EcoCore_CSU","conductivity",151.2700,"microsiemensPerCentimeter",0.3,,0,"formatChange","GOOD"
"c520656d-93fa-4c20-88dd-e7dfc11243a7","D17","BIGC","BIGC.AOS.groundwater.well.006","BIGC.W6.20190603.FIL","A00000063975","2019-06-03T21:38Z","2019-06-03T21:38Z","EcoCore_CSU","UV Absorbance (250 nm)",0.8690,,0.3,,0,"formatChange","GOOD"
"d7e7808a-6d86-4899-b74a-06a706b95963","D17","BIGC","BIGC.AOS.groundwater.well.006","BIGC.W6.20190603.FIL","A00000063975","2019-06-03T21:38Z","2019-06-03T21:38Z","EcoCore_CSU","Cl",7.8200,"milligramsPerLiter",0.3,,0,"formatChange","GOOD"
"82cf730f-ee5e-4220-a183-89f75cf4e51a","D17","BIGC","BIGC.AOS.groundwater.well.006","BIGC.W6.20190603.FIL","A00000063975","2019-06-03T21:38Z","2019-06-03T21:38Z","EcoCore_CSU","NO3+NO2 - N",-0.0326,"milligramsPerLiter",0.3,,0,"formatChange","GOOD"
"a0d9b941-ac4e-4259-a07c-f06207bbd682","D17","BIGC","BIGC.AOS.groundwater.well.006","BIGC.W6.20190603.RAW","A00000063979","2019-06-03T21:38Z","2019-06-03T21:38Z","EcoCore_CSU","ANC",0.1500,"milliequivalentsPerLiter",0.3,,0,"formatChange","GOOD"
"374332c8-1773-44f8-ae20-21c97dcd9766","D17","BIGC","BIGC.AOS.groundwater.well.006","BIGC.W6.20190603.FIL","A00000063975","2019-06-03T21:38Z","2019-06-03T21:38Z","EcoCore_CSU","DOC",10.0300,"milligramsPerLiter",0.3,,0,"formatChange","GOOD"
"7cf656b0-70af-4f06-a606-5fa842f935da","D17","BIGC","BIGC.AOS.groundwater.well.006","BIGC.W6.20190603.FIL","A00000063975","2019-06-03T21:38Z","2019-06-03T21:38Z","EcoCore_CSU","Na",20.9300,"milligramsPerLiter",0.3,,0,"formatChange","GOOD"
"960ef0bd-fb91-4149-9ff1-c46be7f157c0","D17","BIGC","BIGC.AOS.groundwater.well.006","BIGC.W6.20190603.FIL","A00000063975","2019-06-03T21:38Z","2019-06-03T21:38Z","EcoCore_CSU","K",0.9650,"milligramsPerLiter",0.3,,0,"formatChange","GOOD"
"9d041621-819b-4114-b761-07a5b54bbee8","D17","BIGC","BIGC.AOS.groundwater.well.006","BIGC.W6.20190603.FIL","A00000063975","2019-06-03T21:38Z","2019-06-03T21:38Z","EcoCore_CSU","TDS",106.5700,"milligramsPerLiter",0.3,,0,"formatChange","GOOD"
"7206277c-b034-477c-aceb-23bc2c151ad7","D17","BIGC","BIGC.AOS.groundwater.well.006","BIGC.W6.20190603.FIL","A00000063975","2019-06-03T21:38Z","2019-06-03T21:38Z","EcoCore_CSU","TDN",0.2919,"milligramsPerLiter",0.3,,0,"formatChange","GOOD"
"bf0039e6-bfd8-4653-99ef-c0215d2b08c6","D17","BIGC","BIGC.AOS.groundwater.well.006","BIGC.W6.20190603.FIL","A00000063975","2019-06-03T21:38Z","2019-06-03T21:38Z","EcoCore_CSU","Mg",1.4150,"milligramsPerLiter",0.3,,0,"formatChange","GOOD"
"256c4419-425c-4531-85a4-222c5091aab2","D17","BIGC","BIGC.AOS.groundwater.well.006","BIGC.W6.20190603.RAW","A00000063979","2019-06-03T21:38Z","2019-06-03T21:38Z","EcoCore_CSU","TOC",11.7300,"milligramsPerLiter",0.3,,0,"formatChange","GOOD"
"26e8bbae-f87b-41b6-a363-cba470365e78","D17","BIGC","BIGC.AOS.groundwater.well.006","BIGC.W6.20190603.RAW","A00000063979","2019-06-03T21:38Z","2019-06-03T21:38Z","EcoCore_CSU","TP",0.3900,"milligramsPerLiter",0.3,,0,"formatChange","GOOD"
"af47e090-9a5e-4ce4-8ad6-365a8bbd2f0f","D17","BIGC","BIGC.AOS.groundwater.well.006","BIGC.W6.20190603.FIL","A00000063975","2019-06-03T21:38Z","2019-06-03T21:38Z","EcoCore_CSU","TDP",0.0623,"milligramsPerLiter",0.3,,0,"formatChange","GOOD"
"e3ba9f06-701a-446d-8be5-28cf332af890","D17","BIGC","BIGC.AOS.groundwater.well.006","BIGC.W6.20190603.RAW","A00000063979","2019-06-03T21:38Z","2019-06-03T21:38Z","EcoCore_CSU","TSS - Dry Mass",1800.0000,"microgram",0.3,,0,"formatChange","GOOD"
"504120ed-f12e-48ca-969f-e44418306d61","D17","BIGC","BIGC.AOS.groundwater.well.006","BIGC.W6.20190603.RAW","A00000063979","2019-06-03T21:38Z","2019-06-03T21:38Z","EcoCore_CSU","pH",6.5200,"pH",0.3,,0,"formatChange","GOOD"
"46228e6e-6998-4a72-8ab3-6cfc819f08d8","D17","BIGC","BIGC.AOS.groundwater.well.006","BIGC.W6.20190603.PCN","A00000063561","2019-06-03T21:38Z","2019-06-03T21:38Z","EcoCore_CSU","TPC",0.2865,"milligram",0.3,,0,"formatChange","GOOD"
"bf4cdffc-1df2-4e5d-b7fe-f62ef608bf72","D17","BIGC","BIGC.AOS.groundwater.well.006","BIGC.W6.20190603.FIL","A00000063975","2019-06-03T21:38Z","2019-06-03T21:38Z","EcoCore_CSU","Mn",0.1260,"milligramsPerLiter",0.3,,0,"formatChange","GOOD"
"6fe754f7-5bcb-4a20-9bd1-bc581c909de3","D17","BIGC","BIGC.AOS.groundwater.well.006","BIGC.W6.20190603.FIL","A00000063975","2019-06-03T21:38Z","2019-06-03T21:38Z","EcoCore_CSU","F",0.0050,"milligramsPerLiter",0.3,,0,"formatChange","GOOD"
"f72be990-fe15-4350-859d-477b72e60283","D17","BIGC","BIGC.AOS.groundwater.well.006","BIGC.W6.20190603.RAW","A00000063979","2019-06-03T21:38Z","2019-06-03T21:38Z","EcoCore_CSU","TSS",36.0000,"milligramsPerLiter",0.3,,0,"formatChange","GOOD"
"b5c9f581-4ecd-457d-9c43-4c25e511cfe0","D17","BIGC","BIGC.AOS.groundwater.well.006","BIGC.W6.20190603.PCN","A00000063561","2019-06-03T21:38Z","2019-06-03T21:38Z","EcoCore_CSU","TPN",0.1314,"milligram",0.3,,0,"formatChange","GOOD"
"289c342e-22af-4a35-bd3e-3be0341687a1","D17","BIGC","BIGC.AOS.groundwater.well.006","BIGC.W6.20190603.RAW","A00000063979","2019-06-03T21:38Z","2019-06-03T21:38Z","EcoCore_CSU","TN",0.4424,"milligramsPerLiter",0.3,,0,"formatChange","GOOD"
"5d523590-dace-4873-b3c5-6d94df46f0a6","D17","BIGC","BIGC.AOS.groundwater.well.006","BIGC.W6.20190603.FIL","A00000063975","2019-06-03T21:38Z","2019-06-03T21:38Z","EcoCore_CSU","Ca",9.4510,"milligramsPerLiter",0.3,,0,"formatChange","GOOD"
"86beea42-e30e-45a6-93c2-786ad22c5495","D17","BIGC","BIGC.AOS.groundwater.well.006","BIGC.W6.20190603.FIL","A00000063975","2019-06-03T21:38Z","2019-06-03T21:38Z","EcoCore_CSU","SO4",56.9800,"milligramsPerLiter",0.3,,0,"formatChange","GOOD"
"9e3826f5-38d1-48af-93cd-df74f8d07445","D17","BIGC","BIGC.AOS.groundwater.well.006","BIGC.W6.20190603.FIL","A00000063975","2019-06-03T21:38Z","2019-06-03T21:38Z","EcoCore_CSU","HCO3",6.9700,"milligramsPerLiter",0.3,,0,"formatChange","GOOD"
"9d61ced1-25f8-446a-a008-190420cde03d","D17","BIGC","BIGC.AOS.groundwater.well.006","BIGC.W6.20190603.FIL","A00000063975","2019-06-03T21:38Z","2019-06-03T21:38Z","EcoCore_CSU","NH4 - N",0.0508,"milligramsPerLiter",0.3,,0,"formatChange","GOOD"
"79f876e6-c7f4-4f62-a848-ce3943838d8f","D17","BIGC","BIGC.AOS.groundwater.well.006","BIGC.W6.20190603.FIL","A00000063975","2019-06-03T21:38Z","2019-06-03T21:38Z","EcoCore_CSU","Br",0.0500,"milligramsPerLiter",0.3,,0,"formatChange","GOOD"
"63b9f4fd-70de-4f9b-9f05-d3eb80cb0a5e","D17","BIGC","BIGC.AOS.groundwater.well.002","BIGC.W2.20190603.FIL","A00000063972","2019-06-03T22:59Z","2019-06-03T22:59Z","EcoCore_CSU","Fe",0.3719,"milligramsPerLiter",0.3,,0,"formatChange","GOOD"
"717e6e77-69ff-4cf7-99ef-73ec64746bfd","D17","BIGC","BIGC.AOS.groundwater.well.002","BIGC.W2.20190603.FIL","A00000063972","2019-06-03T22:59Z","2019-06-03T22:59Z","EcoCore_CSU","Na",3.2960,"milligramsPerLiter",0.3,,0,"formatChange","GOOD"
"9f04abb9-7168-420c-8450-725a5e836309","D17","BIGC","BIGC.AOS.groundwater.well.002","BIGC.W2.20190603.RAW","A00000063977","2019-06-03T22:59Z","2019-06-03T22:59Z","EcoCore_CSU","TSS",374.0000,"milligramsPerLiter",0.3,,0,"formatChange","GOOD"
"12ade53c-b472-4329-a658-f6f7d664ccbc","D17","BIGC","BIGC.AOS.groundwater.well.002","BIGC.W2.20190603.FIL","A00000063972","2019-06-03T22:59Z","2019-06-03T22:59Z","EcoCore_CSU","DIC",11.8300,"milligramsPerLiter",0.3,,0,"formatChange","GOOD"
"3481953f-30da-46c8-bb6c-ee0dbdc58455","D17","BIGC","BIGC.AOS.groundwater.well.002","BIGC.W2.20190603.FIL","A00000063972","2019-06-03T22:59Z","2019-06-03T22:59Z","EcoCore_CSU","Br",0.0050,"milligramsPerLiter",0.3,,0,"formatChange","GOOD"
"f2f2dee5-75c7-4995-abf7-a5ecf9737d50","D17","BIGC","BIGC.AOS.groundwater.well.002","BIGC.W2.20190603.FIL","A00000063972","2019-06-03T22:59Z","2019-06-03T22:59Z","EcoCore_CSU","Mg",1.6050,"milligramsPerLiter",0.3,,0,"formatChange","GOOD"
"a0b8a025-0ddc-43fc-b984-8c2b7eadd000","D17","BIGC","BIGC.AOS.groundwater.well.002","BIGC.W2.20190603.FIL","A00000063972","2019-06-03T22:59Z","2019-06-03T22:59Z","EcoCore_CSU","Si",12.0582,"milligramsPerLiter",0.3,,0,"formatChange","GOOD"
"7b26ea17-483b-4bf1-bbb9-872c4a80012c","D17","BIGC","BIGC.AOS.groundwater.well.002","BIGC.W2.20190603.FIL","A00000063972","2019-06-03T22:59Z","2019-06-03T22:59Z","EcoCore_CSU","UV Absorbance (250 nm)",0.0923,,0.3,,0,"formatChange","GOOD"
"d52b876d-2adc-4b43-bebd-23232dfc43fe","D17","BIGC","BIGC.AOS.groundwater.well.002","BIGC.W2.20190603.FIL","A00000063972","2019-06-03T22:59Z","2019-06-03T22:59Z","EcoCore_CSU","SO4",0.4470,"milligramsPerLiter",0.3,,0,"formatChange","GOOD"
"45239aeb-0504-449a-b3de-576fbb5dcde4","D17","BIGC","BIGC.AOS.groundwater.well.002","BIGC.W2.20190603.FIL","A00000063972","2019-06-03T22:59Z","2019-06-03T22:59Z","EcoCore_CSU","HCO3",30.6200,"milligramsPerLiter",0.3,,0,"formatChange","GOOD"
"7a6865d1-9657-444c-a894-2f5e6c19e25e","D17","BIGC","BIGC.AOS.groundwater.well.002","BIGC.W2.20190603.FIL","A00000063972","2019-06-03T22:59Z","2019-06-03T22:59Z","EcoCore_CSU","TDP",0.0637,"milligramsPerLiter",0.3,,0,"formatChange","GOOD"
"d5fadcf3-05c8-447a-83f3-97186745bab7","D17","BIGC","BIGC.AOS.groundwater.well.002","BIGC.W2.20190603.RAW","A00000063977","2019-06-03T22:59Z","2019-06-03T22:59Z","EcoCore_CSU","TN",0.1497,"milligramsPerLiter",0.3,,0,"formatChange","GOOD"
"1967ec02-00f3-4853-ae07-02b041d9ff3b","D17","BIGC","BIGC.AOS.groundwater.well.002","BIGC.W2.20190603.PCN","A00000063526","2019-06-03T22:59Z","2019-06-03T22:59Z","EcoCore_CSU","TPC",0.2422,"milligram",0.3,,0,"formatChange","GOOD"
"b2139290-32d5-46ea-ad76-d7a51d0bd723","D17","BIGC","BIGC.AOS.groundwater.well.002","BIGC.W2.20190603.FIL","A00000063972","2019-06-03T22:59Z","2019-06-03T22:59Z","EcoCore_CSU","F",0.0050,"milligramsPerLiter",0.3,,0,"formatChange","GOOD"
"416644e3-6525-424b-a3aa-d7ec6f083594","D17","BIGC","BIGC.AOS.groundwater.well.002","BIGC.W2.20190603.FIL","A00000063972","2019-06-03T22:59Z","2019-06-03T22:59Z","EcoCore_CSU","TDS",41.1800,"milligramsPerLiter",0.3,,0,"formatChange","GOOD"
"d37f3541-7712-4a48-bf18-73ba1bc5f851","D17","BIGC","BIGC.AOS.groundwater.well.002","BIGC.W2.20190603.FIL","A00000063972","2019-06-03T22:59Z","2019-06-03T22:59Z","EcoCore_CSU","K",1.1280,"milligramsPerLiter",0.3,,0,"formatChange","GOOD"
"aeba22ee-b11c-4515-8f86-172899bbcdec","D17","BIGC","BIGC.AOS.groundwater.well.002","BIGC.W2.20190603.FIL","A00000063972","2019-06-03T22:59Z","2019-06-03T22:59Z","EcoCore_CSU","NO2 - N",-0.1241,"milligramsPerLiter",0.3,,0,"formatChange","GOOD"
"b7ed4c23-87c7-4170-bf20-9322ee7a6108","D17","BIGC","BIGC.AOS.groundwater.well.002","BIGC.W2.20190603.RAW","A00000063977","2019-06-03T22:59Z","2019-06-03T22:59Z","EcoCore_CSU","TP",0.7923,"milligramsPerLiter",0.3,,0,"formatChange","GOOD"
"97b3c999-6db8-4832-afc0-f46c1da39baa","D17","BIGC","BIGC.AOS.groundwater.well.002","BIGC.W2.20190603.RAW","A00000063977","2019-06-03T22:59Z","2019-06-03T22:59Z","EcoCore_CSU","ANC",0.5500,"milliequivalentsPerLiter",0.3,,0,"formatChange","GOOD"
"dac96110-51bd-4594-8c2c-311ac6409508","D17","BIGC","BIGC.AOS.groundwater.well.002","BIGC.W2.20190603.RAW","A00000063977","2019-06-03T22:59Z","2019-06-03T22:59Z","EcoCore_CSU","TOC",2.2470,"milligramsPerLiter",0.3,,0,"formatChange","GOOD"
"2f12a566-03a1-4ad2-a42e-9c6c8bdfad39","D17","BIGC","BIGC.AOS.groundwater.well.002","BIGC.W2.20190603.FIL","A00000063972","2019-06-03T22:59Z","2019-06-03T22:59Z","EcoCore_CSU","Ortho - P",0.0410,"milligramsPerLiter",0.3,,0,"formatChange","GOOD"
"245288fe-36cc-4eab-9098-9de82d6ffb28","D17","BIGC","BIGC.AOS.groundwater.well.002","BIGC.W2.20190603.FIL","A00000063972","2019-06-03T22:59Z","2019-06-03T22:59Z","EcoCore_CSU","NH4 - N",0.0525,"milligramsPerLiter",0.3,,0,"formatChange","GOOD"
"64a98537-a117-40bc-98ea-d1e9b17e6ef0","D17","BIGC","BIGC.AOS.groundwater.well.002","BIGC.W2.20190603.RAW","A00000063977","2019-06-03T22:59Z","2019-06-03T22:59Z","EcoCore_CSU","pH",6.4700,"pH",0.3,,0,"formatChange","GOOD"
"01b669c2-48a7-4598-bdda-2541c55a01e9","D17","BIGC","BIGC.AOS.groundwater.well.002","BIGC.W2.20190603.FIL","A00000063972","2019-06-03T22:59Z","2019-06-03T22:59Z","EcoCore_CSU","DOC",1.5430,"milligramsPerLiter",0.3,,0,"formatChange","GOOD"
"3f5ba164-82de-425c-8394-017d16a4673d","D17","BIGC","BIGC.AOS.groundwater.well.002","BIGC.W2.20190603.RAW","A00000063977","2019-06-03T22:59Z","2019-06-03T22:59Z","EcoCore_CSU","TSS - Dry Mass",18700.0000,"microgram",0.3,,0,"formatChange","GOOD"
"3a9405c4-8ef6-4dfc-858e-de806fedddd7","D17","BIGC","BIGC.AOS.groundwater.well.002","BIGC.W2.20190603.FIL","A00000063972","2019-06-03T22:59Z","2019-06-03T22:59Z","EcoCore_CSU","NO3+NO2 - N",-0.0620,"milligramsPerLiter",0.3,,0,"formatChange","GOOD"
"4ee4fa0b-7a3a-463c-84bc-ebbad9f2d1bc","D17","BIGC","BIGC.AOS.groundwater.well.002","BIGC.W2.20190603.FIL","A00000063972","2019-06-03T22:59Z","2019-06-03T22:59Z","EcoCore_CSU","Mn",0.0580,"milligramsPerLiter",0.3,,0,"formatChange","GOOD"
"3d5e4a01-59a8-40cc-8dee-2be1e321215e","D17","BIGC","BIGC.AOS.groundwater.well.002","BIGC.W2.20190603.FIL","A00000063972","2019-06-03T22:59Z","2019-06-03T22:59Z","EcoCore_CSU","Cl",3.5369,"milligramsPerLiter",0.3,,0,"formatChange","GOOD"
"f30da1c0-0354-44ec-a133-81e6121f4534","D17","BIGC","BIGC.AOS.groundwater.well.002","BIGC.W2.20190603.RAW","A00000063977","2019-06-03T22:59Z","2019-06-03T22:59Z","EcoCore_CSU","conductivity",60.4100,"microsiemensPerCentimeter",0.3,,0,"formatChange","GOOD"
"b164dc11-1e03-412e-ae48-45fc72207f33","D17","BIGC","BIGC.AOS.groundwater.well.002","BIGC.W2.20190603.FIL","A00000063972","2019-06-03T22:59Z","2019-06-03T22:59Z","EcoCore_CSU","CO3",0.0050,"milligramsPerLiter",0.3,,0,"formatChange","GOOD"
"9a05f1ed-40de-4327-9be6-9eea5e118bbe","D17","BIGC","BIGC.AOS.groundwater.well.002","BIGC.W2.20190603.PCN","A00000063526","2019-06-03T22:59Z","2019-06-03T22:59Z","EcoCore_CSU","TPN",0.1903,"milligram",0.3,,0,"formatChange","GOOD"
"b8a036ca-f3cb-4d95-b021-8733cd2fc8ea","D17","BIGC","BIGC.AOS.groundwater.well.002","BIGC.W2.20190603.FIL","A00000063972","2019-06-03T22:59Z","2019-06-03T22:59Z","EcoCore_CSU","UV Absorbance (280 nm)",0.0755,,0.3,,0,"formatChange","GOOD"
"b8c80d09-2259-4624-baff-7d60dfab1095","D17","BIGC","BIGC.AOS.groundwater.well.002","BIGC.W2.20190603.FIL","A00000063972","2019-06-03T22:59Z","2019-06-03T22:59Z","EcoCore_CSU","Ca",6.1631,"milligramsPerLiter",0.3,,0,"formatChange","GOOD"
"4f2d8bf0-7bd6-4bab-bdb3-3b62d21823ac","D17","BIGC","BIGC.AOS.groundwater.well.002","BIGC.W2.20190603.FIL","A00000063972","2019-06-03T22:59Z","2019-06-03T22:59Z","EcoCore_CSU","TDN",0.0986,"milligramsPerLiter",0.3,,0,"formatChange","GOOD"
"1f78edd4-015f-47da-bb29-20762b91a5b5","D17","BIGC","BIGC.AOS.groundwater.well.001","BIGC.W1.20190603.FIL","A00000063973","2019-06-04T00:25Z","2019-06-04T00:25Z","EcoCore_CSU","NH4 - N",0.0488,"milligramsPerLiter",0.3,,0,"formatChange","GOOD"
"d1b6ac39-e5c3-4a12-a929-9eabb1f216b9","D17","BIGC","BIGC.AOS.groundwater.well.001","BIGC.W1.20190603.RAW","A00000063976","2019-06-04T00:25Z","2019-06-04T00:25Z","EcoCore_CSU","pH",6.6300,"pH",0.3,,0,"formatChange","GOOD"
"6873451e-41c0-47c6-88c8-ad9830706a7c","D17","BIGC","BIGC.AOS.groundwater.well.001","BIGC.W1.20190603.FIL","A00000063973","2019-06-04T00:25Z","2019-06-04T00:25Z","EcoCore_CSU","SO4",0.6450,"milligramsPerLiter",0.3,,0,"formatChange","GOOD"
"eee7dade-c341-4232-9844-45c02cb4d0a9","D17","BIGC","BIGC.AOS.groundwater.well.001","BIGC.W1.20190603.FIL","A00000063973","2019-06-04T00:25Z","2019-06-04T00:25Z","EcoCore_CSU","Cl",0.2208,"milligramsPerLiter",0.3,,0,"formatChange","GOOD"
"2b236b13-c37f-47ef-a421-b13578b9a2c3","D17","BIGC","BIGC.AOS.groundwater.well.001","BIGC.W1.20190603.FIL","A00000063973","2019-06-04T00:25Z","2019-06-04T00:25Z","EcoCore_CSU","UV Absorbance (250 nm)",0.0182,,0.3,,0,"formatChange","GOOD"
"1211417b-3f93-47e8-b782-1bfb60ac89cc","D17","BIGC","BIGC.AOS.groundwater.well.001","BIGC.W1.20190603.FIL","A00000063973","2019-06-04T00:25Z","2019-06-04T00:25Z","EcoCore_CSU","Fe",0.0535,"milligramsPerLiter",0.3,,0,"formatChange","GOOD"
"64b22c09-b40b-4c04-b8f1-31ae47aa26dd","D17","BIGC","BIGC.AOS.groundwater.well.001","BIGC.W1.20190603.FIL","A00000063973","2019-06-04T00:25Z","2019-06-04T00:25Z","EcoCore_CSU","DIC",26.0500,"milligramsPerLiter",0.3,,0,"formatChange","GOOD"
"c8ca881b-c7a5-4792-9c6e-cb448bf1e5aa","D17","BIGC","BIGC.AOS.groundwater.well.001","BIGC.W1.20190603.FIL","A00000063973","2019-06-04T00:25Z","2019-06-04T00:25Z","EcoCore_CSU","Mg",2.0590,"milligramsPerLiter",0.3,,0,"formatChange","GOOD"
"253f4a91-6a0d-4785-90df-5ace8b23f790","D17","BIGC","BIGC.AOS.groundwater.well.001","BIGC.W1.20190603.RAW","A00000063976","2019-06-04T00:25Z","2019-06-04T00:25Z","EcoCore_CSU","TSS - Dry Mass",20800.0000,"microgram",0.3,,0,"formatChange","GOOD"
"43230866-6276-4fb8-a582-a447abcd0a7b","D17","BIGC","BIGC.AOS.groundwater.well.001","BIGC.W1.20190603.FIL","A00000063973","2019-06-04T00:25Z","2019-06-04T00:25Z","EcoCore_CSU","Na",9.0280,"milligramsPerLiter",0.3,,0,"formatChange","GOOD"
"dc61412f-03be-43e6-93d3-d3e349e19440","D17","BIGC","BIGC.AOS.groundwater.well.001","BIGC.W1.20190603.FIL","A00000063973","2019-06-04T00:25Z","2019-06-04T00:25Z","EcoCore_CSU","K",2.0340,"milligramsPerLiter",0.3,,0,"formatChange","GOOD"
"b2f06937-8406-4065-bb08-f6fdcdd6e6f3","D17","BIGC","BIGC.AOS.groundwater.well.001","BIGC.W1.20190603.FIL","A00000063973","2019-06-04T00:25Z","2019-06-04T00:25Z","EcoCore_CSU","HCO3",78.4100,"milligramsPerLiter",0.3,,0,"formatChange","GOOD"
"0703f570-61df-41b0-a381-f2ea10821b3c","D17","BIGC","BIGC.AOS.groundwater.well.001","BIGC.W1.20190603.FIL","A00000063973","2019-06-04T00:25Z","2019-06-04T00:25Z","EcoCore_CSU","Mn",0.0050,"milligramsPerLiter",0.3,,0,"formatChange","GOOD"
"62bceca5-8a11-4bab-b132-35b08cc2ddfc","D17","BIGC","BIGC.AOS.groundwater.well.001","BIGC.W1.20190603.FIL","A00000063973","2019-06-04T00:25Z","2019-06-04T00:25Z","EcoCore_CSU","DOC",0.5521,"milligramsPerLiter",0.3,,0,"formatChange","GOOD"
"873d6454-1725-42fd-85a6-ccce47278e45","D17","BIGC","BIGC.AOS.groundwater.well.001","BIGC.W1.20190603.FIL","A00000063973","2019-06-04T00:25Z","2019-06-04T00:25Z","EcoCore_CSU","NO3+NO2 - N",-0.0395,"milligramsPerLiter",0.3,,0,"formatChange","GOOD"
"2c5b0096-0b21-4e4a-bb9b-d57e43ce691d","D17","BIGC","BIGC.AOS.groundwater.well.001","BIGC.W1.20190603.FIL","A00000063973","2019-06-04T00:25Z","2019-06-04T00:25Z","EcoCore_CSU","TDN",0.0598,"milligramsPerLiter",0.3,,0,"formatChange","GOOD"
"433f28e9-2ca1-4aa1-9c67-66ece0eddd4f","D17","BIGC","BIGC.AOS.groundwater.well.001","BIGC.W1.20190603.FIL","A00000063973","2019-06-04T00:25Z","2019-06-04T00:25Z","EcoCore_CSU","TDP",0.0253,"milligramsPerLiter",0.3,,0,"formatChange","GOOD"
"34b4e2d9-f18b-40ff-8619-5930918457a9","D17","BIGC","BIGC.AOS.groundwater.well.001","BIGC.W1.20190603.FIL","A00000063973","2019-06-04T00:25Z","2019-06-04T00:25Z","EcoCore_CSU","UV Absorbance (280 nm)",0.0158,,0.3,,0,"formatChange","GOOD"
"cea8fa05-e082-4155-a9ae-a6e7675a5795","D17","BIGC","BIGC.AOS.groundwater.well.001","BIGC.W1.20190603.FIL","A00000063973","2019-06-04T00:25Z","2019-06-04T00:25Z","EcoCore_CSU","CO3",0.0050,"milligramsPerLiter",0.3,,0,"formatChange","GOOD"
"e03b52a2-e331-48cb-b64d-ca3cfdc25402","D17","BIGC","BIGC.AOS.groundwater.well.001","BIGC.W1.20190603.PCN","A00000063543","2019-06-04T00:25Z","2019-06-04T00:25Z","EcoCore_CSU","TPN",0.1353,"milligram",0.3,,0,"formatChange","GOOD"
"03fdce32-e871-4b79-bb17-8e8bac456406","D17","BIGC","BIGC.AOS.groundwater.well.001","BIGC.W1.20190603.RAW","A00000063976","2019-06-04T00:25Z","2019-06-04T00:25Z","EcoCore_CSU","ANC",1.3800,"milliequivalentsPerLiter",0.3,,0,"formatChange","GOOD"
"48d5f19c-1840-44c3-a495-8297443c1fdd","D17","BIGC","BIGC.AOS.groundwater.well.001","BIGC.W1.20190603.FIL","A00000063973","2019-06-04T00:25Z","2019-06-04T00:25Z","EcoCore_CSU","NO2 - N",-0.1256,"milligramsPerLiter",0.3,,0,"formatChange","GOOD"
"896148fe-686d-42f3-b183-3a03123de6ed","D17","BIGC","BIGC.AOS.groundwater.well.001","BIGC.W1.20190603.FIL","A00000063973","2019-06-04T00:25Z","2019-06-04T00:25Z","EcoCore_CSU","TDS",99.8500,"milligramsPerLiter",0.3,,0,"formatChange","GOOD"
"420e4e01-b58a-4d4b-bbf0-ea3353d2b579","D17","BIGC","BIGC.AOS.groundwater.well.001","BIGC.W1.20190603.FIL","A00000063973","2019-06-04T00:25Z","2019-06-04T00:25Z","EcoCore_CSU","Ca",15.9809,"milligramsPerLiter",0.3,,0,"formatChange","GOOD"
"ff4aa449-c838-4fc8-b898-233cf62300b4","D17","BIGC","BIGC.AOS.groundwater.well.001","BIGC.W1.20190603.FIL","A00000063973","2019-06-04T00:25Z","2019-06-04T00:25Z","EcoCore_CSU","Br",0.0050,"milligramsPerLiter",0.3,,0,"formatChange","GOOD"
"88598157-6fe5-4a23-85fc-b01205b12fb8","D17","BIGC","BIGC.AOS.groundwater.well.001","BIGC.W1.20190603.RAW","A00000063976","2019-06-04T00:25Z","2019-06-04T00:25Z","EcoCore_CSU","TP",0.3464,"milligramsPerLiter",0.3,,0,"formatChange","GOOD"
"40d32f8f-b87c-459f-a1d3-eed9ab105e68","D17","BIGC","BIGC.AOS.groundwater.well.001","BIGC.W1.20190603.FIL","A00000063973","2019-06-04T00:25Z","2019-06-04T00:25Z","EcoCore_CSU","Si",18.4203,"milligramsPerLiter",0.3,,0,"formatChange","GOOD"
"c90383d2-a194-4f56-81d3-dd2cde34c5fa","D17","BIGC","BIGC.AOS.groundwater.well.001","BIGC.W1.20190603.RAW","A00000063976","2019-06-04T00:25Z","2019-06-04T00:25Z","EcoCore_CSU","TSS",416.0000,"milligramsPerLiter",0.3,,0,"formatChange","GOOD"
"838ed49e-2937-4524-9785-e95641fbca8f","D17","BIGC","BIGC.AOS.groundwater.well.001","BIGC.W1.20190603.RAW","A00000063976","2019-06-04T00:25Z","2019-06-04T00:25Z","EcoCore_CSU","conductivity",142.9600,"microsiemensPerCentimeter",0.3,,0,"formatChange","GOOD"
"a654fe63-409b-4299-98b2-5a478347d931","D17","BIGC","BIGC.AOS.groundwater.well.001","BIGC.W1.20190603.RAW","A00000063976","2019-06-04T00:25Z","2019-06-04T00:25Z","EcoCore_CSU","TN",0.2047,"milligramsPerLiter",0.3,,0,"formatChange","GOOD"
"2dd5612e-89e8-4e2d-8c38-5f35cfd85e05","D17","BIGC","BIGC.AOS.groundwater.well.001","BIGC.W1.20190603.FIL","A00000063973","2019-06-04T00:25Z","2019-06-04T00:25Z","EcoCore_CSU","F",2.0359,"milligramsPerLiter",0.3,,0,"formatChange","GOOD"
"e09c3966-2ac2-44bf-b207-b4e62842da9c","D17","BIGC","BIGC.AOS.groundwater.well.001","BIGC.W1.20190603.RAW","A00000063976","2019-06-04T00:25Z","2019-06-04T00:25Z","EcoCore_CSU","TOC",1.3830,"milligramsPerLiter",0.3,,0,"formatChange","GOOD"
"a384a458-ab29-4a03-98e5-33fd1d5b046e","D17","BIGC","BIGC.AOS.groundwater.well.001","BIGC.W1.20190603.PCN","A00000063543","2019-06-04T00:25Z","2019-06-04T00:25Z","EcoCore_CSU","TPC",0.2465,"milligram",0.3,,0,"formatChange","GOOD"
"03e05ba6-338e-4484-aba9-6671b5da6b72","D17","BIGC","BIGC.AOS.groundwater.well.001","BIGC.W1.20190603.FIL","A00000063973","2019-06-04T00:25Z","2019-06-04T00:25Z","EcoCore_CSU","Ortho - P",0.0380,"milligramsPerLiter",0.3,,0,"formatChange","GOOD"
