uid,domainID,siteID,namedLocation,collectDate,parentSampleID,sampleCondition,sampleID,replicateNumber,gwwDICBubbleFree,gwwFiltSampleHeadspace,gwwAlkSampleHeadspace,gwwAlkSampleBubbleFree,processedDate,processedDateFilters,sampleVolumeFiltered,shipmentTimeRange
"58c815a7-4762-448f-a796-e3f64bae8ec2","D17","BIGC","BIGC.AOS.groundwater.well.005","2019-06-03T20:08Z","BIGC.W5.20190603","Sample condition ok","BIGC.W5.20190603",1,,,,,"2019-06-03T20:08Z","2019-06-04T01:30Z",40.0,
"575d0615-39ea-4ebd-8173-b6fd9581cb1a","D17","BIGC","BIGC.AOS.groundwater.well.006","2019-06-03T21:38Z","BIGC.W6.20190603","Sample condition ok","BIGC.W6.20190603",1,,,,,"2019-06-03T21:38Z","2019-06-04T01:23Z",70.0,
"fb40ea87-1545-456d-b891-c30bc4611cc6","D17","BIGC","BIGC.AOS.groundwater.well.002","2019-06-03T22:59Z","BIGC.W2.20190603","Sample condition ok","BIGC.W2.20190603",1,,,,,"2019-06-03T22:59Z","2019-06-04T01:28Z",40.0,
"7fa7e6ad-7eb8-4e17-8ef4-1bce08bf2eba","D17","BIGC","BIGC.AOS.groundwater.well.001","2019-06-04T00:25Z","BIGC.W1.20190603","Sample condition ok","BIGC.W1.20190603",1,,,,,"2019-06-04T00:25Z","2019-06-04T01:27Z",40.0,
