uid,domainID,siteID,namedLocation,collectDate,titrationDate,parentSampleID,domainSampleID,remarks,measuredBy,alkMeqPerL,alkMgPerL,ancMeqPerL,ancMgPerL
"a759e79e-eed2-4b9a-a1c9-2cf36d86dc39","D17","BIGC","BIGC.AOS.groundwater.well.005","2019-06-03T20:08Z","2019-06-04T16:35Z","BIGC.W5.20190603","BIGC.W5.20190603.ALK",,"TG",0.620,31.000,,
"cbb935ad-5103-42f0-a255-1bc338381cc1","D17","BIGC","BIGC.AOS.groundwater.well.006","2019-06-03T21:38Z","2019-06-04T18:10Z","BIGC.W6.20190603","BIGC.W6.20190603.ALK",,"TG",1.460,72.900,,
"5060d959-a84b-45bb-886b-2f2945096854","D17","BIGC","BIGC.AOS.groundwater.well.002","2019-06-03T22:59Z","2019-06-04T20:02Z","BIGC.W2.20190603","BIGC.W2.20190603.ALK",,"EC",0.610,30.700,,
"b534959e-1893-4dc7-a9ed-15f5ffb9f00b","D17","BIGC","BIGC.AOS.groundwater.well.001","2019-06-04T00:25Z","2019-06-04T21:32Z","BIGC.W1.20190603","BIGC.W1.20190603.ALK",,"TG",1.440,72.200,,
