uid,domainID,siteID,namedLocation,decimalLatitude,decimalLongitude,coordinateUncertainty,elevation,elevationUncertainty,geodeticDatum,collectDate,aquaticSiteType,samplingImpractical,waterChemSamplesCollected,adequateSampleVol,parentSampleID,eventID,swcSamplingProtocolVersion,sampleExtractionMethod,samplerType,totalWellDepth,wellWaterDepth,waterColumnHeight,sampleDepth,purgeAverageDischargeRate,purgeTime,gwWellStabilized,purgeDryDateTime,pumpPlacementDate,screenedIntervalDepth,maxAllowableDrawdown,actualDrawdown,MADExceeded,wellVolumePurged,probeIDUnavailable,dissolvedOxygen,dissolvedOxygenSaturation,specificConductance,waterTemp,pH,waterClarityDescrip,waterColorDescrip,aCollectedBy,bCollectedBy,remarks
"bd6ca5ea-9c51-42ff-a9c6-2ec40cdde432","D12","BLDE","BLDE.AOS.groundwater.well.003",44.951721,-110.588620,0.1,2030.6,0.1,"WGS84","2018-08-07T16:25Z","stream","shallow groundwater",,,"BLDE.W3.20180807","BLDE.20180807","NEON.DOC.002905vE","low-flow",,2.4,2.2,0.2,,,,,,,,,,,,,,,,,,,,"Bsmallen@battelleecology.org","Astimetz@battelleecology.org",
"1124922a-6a5d-4d1e-bcc9-d820d3669712","D12","BLDE","BLDE.AOS.groundwater.well.001",44.951035,-110.588202,0.1,2032.2,0.1,"WGS84","2018-08-07T17:08Z","stream","shallow groundwater",,,"BLDE.W1.20180807","BLDE.20180807","NEON.DOC.002905vE",,,2.2,2.0,0.2,,,,,,,,,,,,,,,,,,,,"Bsmallen@battelleecology.org","Astimetz@battelleecology.org","First sampling bout. Wells less than a month old."
"a395c82f-8e36-4cde-86bc-dcfc1fdf2c42","D12","BLDE","BLDE.AOS.groundwater.well.006",44.952825,-110.589109,0.1,2028.2,0.1,"WGS84","2018-08-07T17:42Z","stream","shallow groundwater",,,"BLDE.W6.20180807","BLDE.20180807","NEON.DOC.002905vE","low-flow",,2.3,2.2,0.2,,,,,,,,,,,,,,,,,,,,"Bsmallen@battelleecology.org","Astimetz@battelleecology.org",
"45561193-2d51-401b-92c8-1b80ef52e0a4","D12","BLDE","BLDE.AOS.groundwater.well.008",44.953552,-110.589467,0.1,2025.2,0.1,"WGS84","2018-08-07T17:52Z","stream","shallow groundwater",,,"BLDE.W8.20180807","BLDE.20180807","NEON.DOC.002905vE","low-flow",,2.4,2.0,0.3,,,,,,,,,,,,,,,,,,,,"Bsmallen@battelleecology.org","Astimetz@battelleecology.org",
