uid,domainID,siteID,namedLocation,sampleID,sampleCode,startDate,collectDate,laboratoryName,analyte,analyteConcentration,analyteUnits,coolerTemp,remarks,shipmentWarmQF,externalLabDataQF,sampleCondition
"b7564701-caff-40c5-9a94-342dabf609dd","D05","CRAM","CRAM.AOS.groundwater.well.006","CRAM.W6.20180508.FIL","A00000007836","2018-05-08T17:31Z","2018-05-08T17:31Z","EcoCore_CSU","K",0.6306,"milligramsPerLiter",3.1,,0,"formatChange","GOOD"
"9fb24b3e-d1db-41e0-bd74-4e0d275067d9","D05","CRAM","CRAM.AOS.groundwater.well.006","CRAM.W6.20180508.FIL","A00000007836","2018-05-08T17:31Z","2018-05-08T17:31Z","EcoCore_CSU","CO3",0.0050,"milligramsPerLiter",3.1,,0,"formatChange","GOOD"
"4e3d9f52-34a3-46d8-96f5-9cb80b4921f8","D05","CRAM","CRAM.AOS.groundwater.well.006","CRAM.W6.20180508.FIL","A00000007836","2018-05-08T17:31Z","2018-05-08T17:31Z","EcoCore_CSU","TDN",0.3509,"milligramsPerLiter",3.1,,0,"formatChange","GOOD"
"c62afcd5-ed15-452b-99e7-e130cd92e9ff","D05","CRAM","CRAM.AOS.groundwater.well.006","CRAM.W6.20180508.FIL","A00000007836","2018-05-08T17:31Z","2018-05-08T17:31Z","EcoCore_CSU","Na",1.9760,"milligramsPerLiter",3.1,,0,"formatChange","GOOD"
"075d1517-18d1-4bc9-b2cb-c891e28f9c14","D05","CRAM","CRAM.AOS.groundwater.well.006","CRAM.W6.20180508.FIL","A00000007836","2018-05-08T17:31Z","2018-05-08T17:31Z","EcoCore_CSU","Ortho - P",0.0260,"milligramsPerLiter",3.1,,0,"formatChange","GOOD"
"6d58d08c-cb60-41fa-ad2b-c07f52a4cfe9","D05","CRAM","CRAM.AOS.groundwater.well.006","CRAM.W6.20180508.FIL","A00000007836","2018-05-08T17:31Z","2018-05-08T17:31Z","EcoCore_CSU","NH4 - N",0.0244,"milligramsPerLiter",3.1,,0,"formatChange","GOOD"
"792bb8be-fd1e-4a92-b6c6-7fbf15a32ab4","D05","CRAM","CRAM.AOS.groundwater.well.006","CRAM.W6.20180508.RAW","A00000007838","2018-05-08T17:31Z","2018-05-08T17:31Z","EcoCore_CSU","TSS",0.0000,"milligramsPerLiter",3.1,,0,"formatChange","GOOD"
"a3e2ff09-d3b1-42f5-b749-e5a1552ce622","D05","CRAM","CRAM.AOS.groundwater.well.006","CRAM.W6.20180508.PCN","A00000007840","2018-05-08T17:31Z","2018-05-08T17:31Z","EcoCore_CSU","TPC",0.2603,"milligram",3.1,,0,"formatChange","GOOD"
"11652e9e-ec66-4382-980b-9803e981eb90","D05","CRAM","CRAM.AOS.groundwater.well.006","CRAM.W6.20180508.FIL","A00000007836","2018-05-08T17:31Z","2018-05-08T17:31Z","EcoCore_CSU","UV Absorbance (250 nm)",0.0248,,3.1,,0,"formatChange","GOOD"
"dfe75195-40ff-4d5f-8c38-000287be6656","D05","CRAM","CRAM.AOS.groundwater.well.006","CRAM.W6.20180508.FIL","A00000007836","2018-05-08T17:31Z","2018-05-08T17:31Z","EcoCore_CSU","UV Absorbance (280 nm)",0.0131,,3.1,,0,"formatChange","GOOD"
"a9c7b257-7cbd-400b-8a64-309da71e6e02","D05","CRAM","CRAM.AOS.groundwater.well.006","CRAM.W6.20180508.FIL","A00000007836","2018-05-08T17:31Z","2018-05-08T17:31Z","EcoCore_CSU","NO2 - N",0.0144,"milligramsPerLiter",3.1,,0,"formatChange","GOOD"
"828237dc-3f74-44e6-8804-6a0966b68ca9","D05","CRAM","CRAM.AOS.groundwater.well.006","CRAM.W6.20180508.FIL","A00000007836","2018-05-08T17:31Z","2018-05-08T17:31Z","EcoCore_CSU","TDS",138.7200,"milligramsPerLiter",3.1,,0,"formatChange","GOOD"
"76217322-f967-4030-929f-db5410f5c356","D05","CRAM","CRAM.AOS.groundwater.well.006","CRAM.W6.20180508.PCN","A00000007840","2018-05-08T17:31Z","2018-05-08T17:31Z","EcoCore_CSU","TPN",0.1061,"milligram",3.1,,0,"formatChange","GOOD"
"e0282763-d2d0-4e9d-9e45-f13f44b1e1c1","D05","CRAM","CRAM.AOS.groundwater.well.006","CRAM.W6.20180508.RAW","A00000007838","2018-05-08T17:31Z","2018-05-08T17:31Z","EcoCore_CSU","TOC",1.7260,"milligramsPerLiter",3.1,,0,"formatChange","GOOD"
"ccbc0dac-65b3-41ee-8e09-f44b8c95237f","D05","CRAM","CRAM.AOS.groundwater.well.006","CRAM.W6.20180508.FIL","A00000007836","2018-05-08T17:31Z","2018-05-08T17:31Z","EcoCore_CSU","HCO3",117.0700,"milligramsPerLiter",3.1,,0,"formatChange","GOOD"
"7c5c2282-2f81-4003-acb2-add41d4a5b84","D05","CRAM","CRAM.AOS.groundwater.well.006","CRAM.W6.20180508.RAW","A00000007838","2018-05-08T17:31Z","2018-05-08T17:31Z","EcoCore_CSU","TN",0.3290,"milligramsPerLiter",3.1,,0,"formatChange","GOOD"
"a277fe10-ee00-44ca-8727-28092bdbc63b","D05","CRAM","CRAM.AOS.groundwater.well.006","CRAM.W6.20180508.FIL","A00000007836","2018-05-08T17:31Z","2018-05-08T17:31Z","EcoCore_CSU","Fe",0.0005,"milligramsPerLiter",3.1,,0,"formatChange","GOOD"
"ec4feb28-494b-4872-9c91-c0025f125f17","D05","CRAM","CRAM.AOS.groundwater.well.006","CRAM.W6.20180508.FIL","A00000007836","2018-05-08T17:31Z","2018-05-08T17:31Z","EcoCore_CSU","Si",12.0891,"milligramsPerLiter",3.1,,0,"formatChange","GOOD"
"578b107b-260f-4e8c-bb33-f9ee26a58048","D05","CRAM","CRAM.AOS.groundwater.well.006","CRAM.W6.20180508.FIL","A00000007836","2018-05-08T17:31Z","2018-05-08T17:31Z","EcoCore_CSU","TDP",0.0098,"milligramsPerLiter",3.1,,0,"formatChange","GOOD"
"fdc93e1a-2ad1-452e-9a24-51f51145a791","D05","CRAM","CRAM.AOS.groundwater.well.006","CRAM.W6.20180508.FIL","A00000007836","2018-05-08T17:31Z","2018-05-08T17:31Z","EcoCore_CSU","SO4",7.2467,"milligramsPerLiter",3.1,,0,"formatChange","GOOD"
"15c1615c-76e3-47fe-945f-8d415d881c5c","D05","CRAM","CRAM.AOS.groundwater.well.006","CRAM.W6.20180508.FIL","A00000007836","2018-05-08T17:31Z","2018-05-08T17:31Z","EcoCore_CSU","Br",0.0050,"milligramsPerLiter",3.1,,0,"formatChange","GOOD"
"e5ab0fa6-b905-4145-93f8-7404864e3a89","D05","CRAM","CRAM.AOS.groundwater.well.006","CRAM.W6.20180508.RAW","A00000007838","2018-05-08T17:31Z","2018-05-08T17:31Z","EcoCore_CSU","TP",0.0683,"milligramsPerLiter",3.1,,0,"formatChange","GOOD"
"39f9f92f-1795-467e-b167-f910b7fed115","D05","CRAM","CRAM.AOS.groundwater.well.006","CRAM.W6.20180508.FIL","A00000007836","2018-05-08T17:31Z","2018-05-08T17:31Z","EcoCore_CSU","Ca",30.7249,"milligramsPerLiter",3.1,,0,"formatChange","GOOD"
"7aea667c-32b3-4c69-8c67-153fe3c78a56","D05","CRAM","CRAM.AOS.groundwater.well.006","CRAM.W6.20180508.FIL","A00000007836","2018-05-08T17:31Z","2018-05-08T17:31Z","EcoCore_CSU","NO3+NO2 - N",0.0416,"milligramsPerLiter",3.1,,0,"formatChange","GOOD"
"e06182be-7c06-41f1-8b0e-c4bf68d2cd94","D05","CRAM","CRAM.AOS.groundwater.well.006","CRAM.W6.20180508.FIL","A00000007836","2018-05-08T17:31Z","2018-05-08T17:31Z","EcoCore_CSU","F",0.0050,"milligramsPerLiter",3.1,,0,"formatChange","GOOD"
"3952c77e-b50c-4c7a-b96e-4996bf8cb3d9","D05","CRAM","CRAM.AOS.groundwater.well.006","CRAM.W6.20180508.FIL","A00000007836","2018-05-08T17:31Z","2018-05-08T17:31Z","EcoCore_CSU","Mg",6.2445,"milligramsPerLiter",3.1,,0,"formatChange","GOOD"
"197e7319-817e-4877-9046-ed83000c7bdd","D05","CRAM","CRAM.AOS.groundwater.well.006","CRAM.W6.20180508.FIL","A00000007836","2018-05-08T17:31Z","2018-05-08T17:31Z","EcoCore_CSU","DOC",1.7690,"milligramsPerLiter",3.1,,0,"formatChange","GOOD"
"ad6395b9-1d74-410a-86a7-10375cf54327","D05","CRAM","CRAM.AOS.groundwater.well.006","CRAM.W6.20180508.RAW","A00000007838","2018-05-08T17:31Z","2018-05-08T17:31Z","EcoCore_CSU","pH",7.0600,"pH",3.1,,0,"formatChange","GOOD"
"e4fb6bce-72f0-435f-a225-78b963008987","D05","CRAM","CRAM.AOS.groundwater.well.006","CRAM.W6.20180508.RAW","A00000007838","2018-05-08T17:31Z","2018-05-08T17:31Z","EcoCore_CSU","conductivity",193.9000,"microsiemensPerCentimeter",3.1,,0,"formatChange","GOOD"
"1dedb13f-d725-4954-906d-b2cac1eca1cf","D05","CRAM","CRAM.AOS.groundwater.well.006","CRAM.W6.20180508.FIL","A00000007836","2018-05-08T17:31Z","2018-05-08T17:31Z","EcoCore_CSU","DIC",26.0900,"milligramsPerLiter",3.1,,0,"formatChange","GOOD"
"3853f252-8cc3-4ba8-86cf-29c33f763a9a","D05","CRAM","CRAM.AOS.groundwater.well.006","CRAM.W6.20180508.FIL","A00000007836","2018-05-08T17:31Z","2018-05-08T17:31Z","EcoCore_CSU","Mn",0.0013,"milligramsPerLiter",3.1,,0,"formatChange","GOOD"
"b7b75bd1-c3db-4e41-9ab2-997e3b33acd7","D05","CRAM","CRAM.AOS.groundwater.well.006","CRAM.W6.20180508.RAW","A00000007838","2018-05-08T17:31Z","2018-05-08T17:31Z","EcoCore_CSU","ANC",2.0900,"milliequivalentsPerLiter",3.1,,0,"formatChange","GOOD"
"5a11fd2a-6b67-46f4-8760-38a191023e92","D05","CRAM","CRAM.AOS.groundwater.well.006","CRAM.W6.20180508.RAW","A00000007838","2018-05-08T17:31Z","2018-05-08T17:31Z","EcoCore_CSU","TSS - Dry Mass",0.0000,"microgram",3.1,,0,"formatChange","GOOD"
"88c428fb-9062-4f88-8eec-5dbfae8146b8","D05","CRAM","CRAM.AOS.groundwater.well.006","CRAM.W6.20180508.FIL","A00000007836","2018-05-08T17:31Z","2018-05-08T17:31Z","EcoCore_CSU","Cl",0.0400,"milligramsPerLiter",3.1,,0,"formatChange","GOOD"
"f4ca9326-c021-4333-aa13-44a1ece4a2ba","D05","CRAM","CRAM.AOS.groundwater.well.003","CRAM.W3.20180508.FIL","A00000007835","2018-05-08T19:30Z","2018-05-08T19:30Z","EcoCore_CSU","UV Absorbance (280 nm)",1.0545,,3.1,,0,"formatChange","GOOD"
"50501f32-472c-47f6-bde0-1078cfff8c3d","D05","CRAM","CRAM.AOS.groundwater.well.003","CRAM.W3.20180508.FIL","A00000007835","2018-05-08T19:30Z","2018-05-08T19:30Z","EcoCore_CSU","Mn",0.0183,"milligramsPerLiter",3.1,,0,"formatChange","GOOD"
"617df2a3-6469-4eb9-a311-09ab991627ee","D05","CRAM","CRAM.AOS.groundwater.well.003","CRAM.W3.20180508.PCN","A00000007842","2018-05-08T19:30Z","2018-05-08T19:30Z","EcoCore_CSU","TPN",0.0995,"milligram",3.1,,0,"formatChange","GOOD"
"78f6acd4-58d6-41ad-a85d-2165d59cf2a2","D05","CRAM","CRAM.AOS.groundwater.well.003","CRAM.W3.20180508.FIL","A00000007835","2018-05-08T19:30Z","2018-05-08T19:30Z","EcoCore_CSU","DIC",5.5140,"milligramsPerLiter",3.1,,0,"formatChange","GOOD"
"b83817dd-4ae9-42c1-a194-8b9f6e3d7c82","D05","CRAM","CRAM.AOS.groundwater.well.003","CRAM.W3.20180508.FIL","A00000007835","2018-05-08T19:30Z","2018-05-08T19:30Z","EcoCore_CSU","Na",1.1200,"milligramsPerLiter",3.1,,0,"formatChange","GOOD"
"d848746c-2632-4479-a415-cdc0d880a740","D05","CRAM","CRAM.AOS.groundwater.well.003","CRAM.W3.20180508.FIL","A00000007835","2018-05-08T19:30Z","2018-05-08T19:30Z","EcoCore_CSU","Fe",0.0188,"milligramsPerLiter",3.1,,0,"formatChange","GOOD"
"a30b4f05-6c6e-4926-a549-9b4d30d86ece","D05","CRAM","CRAM.AOS.groundwater.well.003","CRAM.W3.20180508.FIL","A00000007835","2018-05-08T19:30Z","2018-05-08T19:30Z","EcoCore_CSU","K",0.0281,"milligramsPerLiter",3.1,,0,"formatChange","GOOD"
"9561c912-344c-4d40-82d9-b07a3ceafcfa","D05","CRAM","CRAM.AOS.groundwater.well.003","CRAM.W3.20180508.FIL","A00000007835","2018-05-08T19:30Z","2018-05-08T19:30Z","EcoCore_CSU","HCO3",17.2800,"milligramsPerLiter",3.1,,0,"formatChange","GOOD"
"7f441eba-d9c9-4b0f-87ef-318682f10291","D05","CRAM","CRAM.AOS.groundwater.well.003","CRAM.W3.20180508.FIL","A00000007835","2018-05-08T19:30Z","2018-05-08T19:30Z","EcoCore_CSU","NO3+NO2 - N",0.0088,"milligramsPerLiter",3.1,,0,"formatChange","GOOD"
"ce148b17-31b1-438a-8cb4-592a762ac0ee","D05","CRAM","CRAM.AOS.groundwater.well.003","CRAM.W3.20180508.FIL","A00000007835","2018-05-08T19:30Z","2018-05-08T19:30Z","EcoCore_CSU","Ortho - P",0.0200,"milligramsPerLiter",3.1,,0,"formatChange","GOOD"
"8f95b96d-28ab-4305-ba16-f68d082a0116","D05","CRAM","CRAM.AOS.groundwater.well.003","CRAM.W3.20180508.FIL","A00000007835","2018-05-08T19:30Z","2018-05-08T19:30Z","EcoCore_CSU","UV Absorbance (250 nm)",1.2424,,3.1,,0,"formatChange","GOOD"
"bc9d2850-e13c-45be-a1f0-15c7260d4a91","D05","CRAM","CRAM.AOS.groundwater.well.003","CRAM.W3.20180508.FIL","A00000007835","2018-05-08T19:30Z","2018-05-08T19:30Z","EcoCore_CSU","Cl",0.0300,"milligramsPerLiter",3.1,,0,"formatChange","GOOD"
"27eca5ac-aae6-40f7-be76-1520ae713db2","D05","CRAM","CRAM.AOS.groundwater.well.003","CRAM.W3.20180508.FIL","A00000007835","2018-05-08T19:30Z","2018-05-08T19:30Z","EcoCore_CSU","TDS",31.2500,"milligramsPerLiter",3.1,,0,"formatChange","GOOD"
"6748609c-7064-46d6-89c8-4994ce37ddab","D05","CRAM","CRAM.AOS.groundwater.well.003","CRAM.W3.20180508.FIL","A00000007835","2018-05-08T19:30Z","2018-05-08T19:30Z","EcoCore_CSU","Ca",3.9675,"milligramsPerLiter",3.1,,0,"formatChange","GOOD"
"56c4852f-8ec8-453e-bbc3-0f290dcd5403","D05","CRAM","CRAM.AOS.groundwater.well.003","CRAM.W3.20180508.RAW","A00000007839","2018-05-08T19:30Z","2018-05-08T19:30Z","EcoCore_CSU","TSS - Dry Mass",10700.0000,"microgram",3.1,,0,"formatChange","GOOD"
"db8f5586-d43c-4b82-9f0e-1b5241cb5d31","D05","CRAM","CRAM.AOS.groundwater.well.003","CRAM.W3.20180508.RAW","A00000007839","2018-05-08T19:30Z","2018-05-08T19:30Z","EcoCore_CSU","TN",0.4277,"milligramsPerLiter",3.1,,0,"formatChange","GOOD"
"7c98e865-b7de-42fe-8e65-4fdde1a16ebd","D05","CRAM","CRAM.AOS.groundwater.well.003","CRAM.W3.20180508.RAW","A00000007839","2018-05-08T19:30Z","2018-05-08T19:30Z","EcoCore_CSU","ANC",0.3800,"milliequivalentsPerLiter",3.1,,0,"formatChange","GOOD"
"d9f57ab8-ea91-4391-bbe6-54f86304fa00","D05","CRAM","CRAM.AOS.groundwater.well.003","CRAM.W3.20180508.FIL","A00000007835","2018-05-08T19:30Z","2018-05-08T19:30Z","EcoCore_CSU","Si",7.2302,"milligramsPerLiter",3.1,,0,"formatChange","GOOD"
"b22d1ac0-bf60-4bc0-955e-85165b48b2f3","D05","CRAM","CRAM.AOS.groundwater.well.003","CRAM.W3.20180508.FIL","A00000007835","2018-05-08T19:30Z","2018-05-08T19:30Z","EcoCore_CSU","SO4",2.4149,"milligramsPerLiter",3.1,,0,"formatChange","GOOD"
"a8b09c58-76d2-4abb-a4f6-9323f5f9c605","D05","CRAM","CRAM.AOS.groundwater.well.003","CRAM.W3.20180508.RAW","A00000007839","2018-05-08T19:30Z","2018-05-08T19:30Z","EcoCore_CSU","conductivity",42.9700,"microsiemensPerCentimeter",3.1,,0,"formatChange","GOOD"
"c990f90f-0a4d-43ad-b022-b2fcfc01df9e","D05","CRAM","CRAM.AOS.groundwater.well.003","CRAM.W3.20180508.RAW","A00000007839","2018-05-08T19:30Z","2018-05-08T19:30Z","EcoCore_CSU","TOC",5.7040,"milligramsPerLiter",3.1,,0,"formatChange","GOOD"
"ea1e8d1a-cfb9-4b37-a882-53fd54b0fd1d","D05","CRAM","CRAM.AOS.groundwater.well.003","CRAM.W3.20180508.FIL","A00000007835","2018-05-08T19:30Z","2018-05-08T19:30Z","EcoCore_CSU","CO3",0.0050,"milligramsPerLiter",3.1,,0,"formatChange","GOOD"
"f40105a9-3db0-48d2-a05a-ede6c5461a9f","D05","CRAM","CRAM.AOS.groundwater.well.003","CRAM.W3.20180508.FIL","A00000007835","2018-05-08T19:30Z","2018-05-08T19:30Z","EcoCore_CSU","TDP",0.0179,"milligramsPerLiter",3.1,,0,"formatChange","GOOD"
"2da053c4-f042-4d8c-a667-17da12a8f152","D05","CRAM","CRAM.AOS.groundwater.well.003","CRAM.W3.20180508.FIL","A00000007835","2018-05-08T19:30Z","2018-05-08T19:30Z","EcoCore_CSU","NH4 - N",0.1280,"milligramsPerLiter",3.1,,0,"formatChange","GOOD"
"86b82e49-37dc-4da4-b5af-9b01bbff5b43","D05","CRAM","CRAM.AOS.groundwater.well.003","CRAM.W3.20180508.FIL","A00000007835","2018-05-08T19:30Z","2018-05-08T19:30Z","EcoCore_CSU","DOC",5.0030,"milligramsPerLiter",3.1,,0,"formatChange","GOOD"
"3cd42ae5-e534-4c30-a0f4-4bc737da9c7c","D05","CRAM","CRAM.AOS.groundwater.well.003","CRAM.W3.20180508.RAW","A00000007839","2018-05-08T19:30Z","2018-05-08T19:30Z","EcoCore_CSU","TSS",214.0000,"milligramsPerLiter",3.1,,0,"formatChange","GOOD"
"d94a88e2-544f-4471-b07c-7881aa022246","D05","CRAM","CRAM.AOS.groundwater.well.003","CRAM.W3.20180508.PCN","A00000007842","2018-05-08T19:30Z","2018-05-08T19:30Z","EcoCore_CSU","TPC",0.2945,"milligram",3.1,,0,"formatChange","GOOD"
"a7a0a548-2148-4952-ac4a-41f1cf57cd4f","D05","CRAM","CRAM.AOS.groundwater.well.003","CRAM.W3.20180508.FIL","A00000007835","2018-05-08T19:30Z","2018-05-08T19:30Z","EcoCore_CSU","TDN",0.3713,"milligramsPerLiter",3.1,,0,"formatChange","GOOD"
"28855300-02ad-4087-9840-88ac755fae2a","D05","CRAM","CRAM.AOS.groundwater.well.003","CRAM.W3.20180508.RAW","A00000007839","2018-05-08T19:30Z","2018-05-08T19:30Z","EcoCore_CSU","pH",6.3200,"pH",3.1,,0,"formatChange","GOOD"
"53a48055-ec3f-456d-a678-1807ef19857b","D05","CRAM","CRAM.AOS.groundwater.well.003","CRAM.W3.20180508.RAW","A00000007839","2018-05-08T19:30Z","2018-05-08T19:30Z","EcoCore_CSU","TP",0.4005,"milligramsPerLiter",3.1,,0,"formatChange","GOOD"
"0c746ae0-5c8a-4be6-9d37-c7b68a6dca68","D05","CRAM","CRAM.AOS.groundwater.well.003","CRAM.W3.20180508.FIL","A00000007835","2018-05-08T19:30Z","2018-05-08T19:30Z","EcoCore_CSU","NO2 - N",0.0163,"milligramsPerLiter",3.1,,0,"formatChange","GOOD"
"86a43ee4-c818-4b0b-a6c4-7051f559df93","D05","CRAM","CRAM.AOS.groundwater.well.003","CRAM.W3.20180508.FIL","A00000007835","2018-05-08T19:30Z","2018-05-08T19:30Z","EcoCore_CSU","F",0.0050,"milligramsPerLiter",3.1,,0,"formatChange","GOOD"
"057c8812-eac0-4a24-80eb-d0788a479ed2","D05","CRAM","CRAM.AOS.groundwater.well.003","CRAM.W3.20180508.FIL","A00000007835","2018-05-08T19:30Z","2018-05-08T19:30Z","EcoCore_CSU","Br",0.0050,"milligramsPerLiter",3.1,,0,"formatChange","GOOD"
"112ea22e-551a-496b-af66-9edeb19e9646","D05","CRAM","CRAM.AOS.groundwater.well.003","CRAM.W3.20180508.FIL","A00000007835","2018-05-08T19:30Z","2018-05-08T19:30Z","EcoCore_CSU","Mg",1.6281,"milligramsPerLiter",3.1,,0,"formatChange","GOOD"
"c6fd2c11-0dce-4d44-8c4e-ba9e2dfef7ca","D05","CRAM","CRAM.AOS.groundwater.well.001","CRAM.W1.20180508.FIL","A00000007834","2018-05-08T20:26Z","2018-05-08T20:26Z","EcoCore_CSU","K",,"milligramsPerLiter",3.1,"Unknown reason for no analyte concentration as a result of external lab data format change",0,"formatChange","Other"
"8f29aff4-0cc3-49bc-9bcf-e2c47b377b07","D05","CRAM","CRAM.AOS.groundwater.well.001","CRAM.W1.20180508.RAW","A00000007837","2018-05-08T20:26Z","2018-05-08T20:26Z","EcoCore_CSU","conductivity",128.6000,"microsiemensPerCentimeter",3.1,,0,"formatChange","GOOD"
"9f299259-87c4-437d-b779-e17ae462bbe4","D05","CRAM","CRAM.AOS.groundwater.well.001","CRAM.W1.20180508.FIL","A00000007834","2018-05-08T20:26Z","2018-05-08T20:26Z","EcoCore_CSU","Ortho - P",,"milligramsPerLiter",3.1,"Unknown reason for no analyte concentration as a result of external lab data format change",0,"formatChange","Other"
"814c4b38-75ac-4a1d-afe7-520213a4909d","D05","CRAM","CRAM.AOS.groundwater.well.001","CRAM.W1.20180508.RAW","A00000007837","2018-05-08T20:26Z","2018-05-08T20:26Z","EcoCore_CSU","pH",6.8800,"pH",3.1,,0,"formatChange","GOOD"
"ff7d8f8a-1221-4fa0-a7b4-881c48e94965","D05","CRAM","CRAM.AOS.groundwater.well.001","CRAM.W1.20180508.FIL","A00000007834","2018-05-08T20:26Z","2018-05-08T20:26Z","EcoCore_CSU","F",,"milligramsPerLiter",3.1,"Unknown reason for no analyte concentration as a result of external lab data format change",0,"formatChange","Other"
"e315750c-37ec-4c21-9792-168822809296","D05","CRAM","CRAM.AOS.groundwater.well.001","CRAM.W1.20180508.FIL","A00000007834","2018-05-08T20:26Z","2018-05-08T20:26Z","EcoCore_CSU","Cl",,"milligramsPerLiter",3.1,"Unknown reason for no analyte concentration as a result of external lab data format change",0,"formatChange","Other"
"aa335ad7-1953-4da1-8802-b3b80d4ddfa4","D05","CRAM","CRAM.AOS.groundwater.well.001","CRAM.W1.20180508.FIL","A00000007834","2018-05-08T20:26Z","2018-05-08T20:26Z","EcoCore_CSU","CO3",,"milligramsPerLiter",3.1,"Unknown reason for no analyte concentration as a result of external lab data format change",0,"formatChange","Other"
"b2aa6c6a-11dd-4320-85b0-d672a62e4edc","D05","CRAM","CRAM.AOS.groundwater.well.001","CRAM.W1.20180508.FIL","A00000007834","2018-05-08T20:26Z","2018-05-08T20:26Z","EcoCore_CSU","Mg",,"milligramsPerLiter",3.1,"Unknown reason for no analyte concentration as a result of external lab data format change",0,"formatChange","Other"
"b36c4473-17d7-47fd-a739-d81435b5cbff","D05","CRAM","CRAM.AOS.groundwater.well.001","CRAM.W1.20180508.FIL","A00000007834","2018-05-08T20:26Z","2018-05-08T20:26Z","EcoCore_CSU","NO2 - N",,"milligramsPerLiter",3.1,"Unknown reason for no analyte concentration as a result of external lab data format change",0,"formatChange","Other"
"113699bc-549a-4e45-96a8-a1e28eb38d15","D05","CRAM","CRAM.AOS.groundwater.well.001","CRAM.W1.20180508.FIL","A00000007834","2018-05-08T20:26Z","2018-05-08T20:26Z","EcoCore_CSU","Br",,"milligramsPerLiter",3.1,"Unknown reason for no analyte concentration as a result of external lab data format change",0,"formatChange","Other"
"98db6585-bd0a-4ad8-8d6b-9d292e994e02","D05","CRAM","CRAM.AOS.groundwater.well.001","CRAM.W1.20180508.RAW","A00000007837","2018-05-08T20:26Z","2018-05-08T20:26Z","EcoCore_CSU","TP",0.1060,"milligramsPerLiter",3.1,,0,"formatChange","GOOD"
"5ee88d75-a4d6-4b18-a85f-202a034b7959","D05","CRAM","CRAM.AOS.groundwater.well.001","CRAM.W1.20180508.FIL","A00000007834","2018-05-08T20:26Z","2018-05-08T20:26Z","EcoCore_CSU","Na",,"milligramsPerLiter",3.1,"Unknown reason for no analyte concentration as a result of external lab data format change",0,"formatChange","Other"
"2e09f559-0fce-44f2-9c12-397fc79e7931","D05","CRAM","CRAM.AOS.groundwater.well.001","CRAM.W1.20180508.FIL","A00000007834","2018-05-08T20:26Z","2018-05-08T20:26Z","EcoCore_CSU","TDP",,"milligramsPerLiter",3.1,"Unknown reason for no analyte concentration as a result of external lab data format change",0,"formatChange","Other"
"9ae58558-88de-4ecf-998b-969137e4d913","D05","CRAM","CRAM.AOS.groundwater.well.001","CRAM.W1.20180508.RAW","A00000007837","2018-05-08T20:26Z","2018-05-08T20:26Z","EcoCore_CSU","TN",0.3955,"milligramsPerLiter",3.1,,0,"formatChange","GOOD"
"e4fceb2f-2eff-4b91-90ce-5264afb58535","D05","CRAM","CRAM.AOS.groundwater.well.001","CRAM.W1.20180508.FIL","A00000007834","2018-05-08T20:26Z","2018-05-08T20:26Z","EcoCore_CSU","UV Absorbance (250 nm)",,,3.1,"Unknown reason for no analyte concentration as a result of external lab data format change",0,"formatChange","Other"
"c7e64a7d-2bad-4ef1-a706-9906aabdadef","D05","CRAM","CRAM.AOS.groundwater.well.001","CRAM.W1.20180508.FIL","A00000007834","2018-05-08T20:26Z","2018-05-08T20:26Z","EcoCore_CSU","SO4",,"milligramsPerLiter",3.1,"Unknown reason for no analyte concentration as a result of external lab data format change",0,"formatChange","Other"
"1c9fe589-c7a0-4aaf-b334-c6964d94ba4b","D05","CRAM","CRAM.AOS.groundwater.well.001","CRAM.W1.20180508.FIL","A00000007834","2018-05-08T20:26Z","2018-05-08T20:26Z","EcoCore_CSU","NH4 - N",,"milligramsPerLiter",3.1,"Unknown reason for no analyte concentration as a result of external lab data format change",0,"formatChange","Other"
"3ec12e51-578d-40a7-9370-1ddcef58f3eb","D05","CRAM","CRAM.AOS.groundwater.well.001","CRAM.W1.20180508.PCN","A00000007841","2018-05-08T20:26Z","2018-05-08T20:26Z","EcoCore_CSU","TPC",0.2843,"milligram",3.1,,0,"formatChange","GOOD"
"801826de-b17e-462c-9af0-cd175a8a0a09","D05","CRAM","CRAM.AOS.groundwater.well.001","CRAM.W1.20180508.FIL","A00000007834","2018-05-08T20:26Z","2018-05-08T20:26Z","EcoCore_CSU","HCO3",,"milligramsPerLiter",3.1,"Unknown reason for no analyte concentration as a result of external lab data format change",0,"formatChange","Other"
"b2bac665-282d-4a2b-b8d5-d7b71f41e487","D05","CRAM","CRAM.AOS.groundwater.well.001","CRAM.W1.20180508.RAW","A00000007837","2018-05-08T20:26Z","2018-05-08T20:26Z","EcoCore_CSU","TSS",28.0000,"milligramsPerLiter",3.1,,0,"formatChange","GOOD"
"e18a4442-a152-49d0-848b-7754ffcc3522","D05","CRAM","CRAM.AOS.groundwater.well.001","CRAM.W1.20180508.FIL","A00000007834","2018-05-08T20:26Z","2018-05-08T20:26Z","EcoCore_CSU","TDN",,"milligramsPerLiter",3.1,"Unknown reason for no analyte concentration as a result of external lab data format change",0,"formatChange","Other"
"db22bc28-1b88-40f9-b091-72f61dbbc622","D05","CRAM","CRAM.AOS.groundwater.well.001","CRAM.W1.20180508.FIL","A00000007834","2018-05-08T20:26Z","2018-05-08T20:26Z","EcoCore_CSU","DIC",,"milligramsPerLiter",3.1,"Unknown reason for no analyte concentration as a result of external lab data format change",0,"formatChange","Other"
"dd393b11-362f-4863-92b7-47519e07ed0e","D05","CRAM","CRAM.AOS.groundwater.well.001","CRAM.W1.20180508.FIL","A00000007834","2018-05-08T20:26Z","2018-05-08T20:26Z","EcoCore_CSU","Si",,"milligramsPerLiter",3.1,"Unknown reason for no analyte concentration as a result of external lab data format change",0,"formatChange","Other"
"713e14b4-b6a1-4f8a-9da8-0a935060ecbf","D05","CRAM","CRAM.AOS.groundwater.well.001","CRAM.W1.20180508.FIL","A00000007834","2018-05-08T20:26Z","2018-05-08T20:26Z","EcoCore_CSU","Ca",,"milligramsPerLiter",3.1,"Unknown reason for no analyte concentration as a result of external lab data format change",0,"formatChange","Other"
"a7091a2e-53cf-468c-9dbc-f58fb2e70424","D05","CRAM","CRAM.AOS.groundwater.well.001","CRAM.W1.20180508.FIL","A00000007834","2018-05-08T20:26Z","2018-05-08T20:26Z","EcoCore_CSU","UV Absorbance (280 nm)",,,3.1,"Unknown reason for no analyte concentration as a result of external lab data format change",0,"formatChange","Other"
"36491b15-db46-4039-9e9f-afe028bec76b","D05","CRAM","CRAM.AOS.groundwater.well.001","CRAM.W1.20180508.FIL","A00000007834","2018-05-08T20:26Z","2018-05-08T20:26Z","EcoCore_CSU","DOC",,"milligramsPerLiter",3.1,"Unknown reason for no analyte concentration as a result of external lab data format change",0,"formatChange","Other"
"fdbb243a-b588-4c29-ab6c-b058dde36061","D05","CRAM","CRAM.AOS.groundwater.well.001","CRAM.W1.20180508.FIL","A00000007834","2018-05-08T20:26Z","2018-05-08T20:26Z","EcoCore_CSU","TDS",,"milligramsPerLiter",3.1,"Unknown reason for no analyte concentration as a result of external lab data format change",0,"formatChange","Other"
"b3ba3551-ceff-4584-af20-625356885b60","D05","CRAM","CRAM.AOS.groundwater.well.001","CRAM.W1.20180508.RAW","A00000007837","2018-05-08T20:26Z","2018-05-08T20:26Z","EcoCore_CSU","ANC",0.8500,"milliequivalentsPerLiter",3.1,,0,"formatChange","GOOD"
"205bb0b4-32f7-444c-84f3-233195d53c8c","D05","CRAM","CRAM.AOS.groundwater.well.001","CRAM.W1.20180508.FIL","A00000007834","2018-05-08T20:26Z","2018-05-08T20:26Z","EcoCore_CSU","Fe",,"milligramsPerLiter",3.1,"Unknown reason for no analyte concentration as a result of external lab data format change",0,"formatChange","Other"
"c6ebcabb-3ca6-48b3-bac1-a101a5cbefdc","D05","CRAM","CRAM.AOS.groundwater.well.001","CRAM.W1.20180508.PCN","A00000007841","2018-05-08T20:26Z","2018-05-08T20:26Z","EcoCore_CSU","TPN",0.1131,"milligram",3.1,,0,"formatChange","GOOD"
"9ab3100f-5960-427c-9775-4c08b2f1ecd3","D05","CRAM","CRAM.AOS.groundwater.well.001","CRAM.W1.20180508.RAW","A00000007837","2018-05-08T20:26Z","2018-05-08T20:26Z","EcoCore_CSU","TSS - Dry Mass",1400.0000,"microgram",3.1,,0,"formatChange","GOOD"
"4e67d8e9-3b2d-400d-b74a-c52212865c47","D05","CRAM","CRAM.AOS.groundwater.well.001","CRAM.W1.20180508.FIL","A00000007834","2018-05-08T20:26Z","2018-05-08T20:26Z","EcoCore_CSU","Mn",,"milligramsPerLiter",3.1,"Unknown reason for no analyte concentration as a result of external lab data format change",0,"formatChange","Other"
"6c4859e3-6be7-4935-8457-31206a72b23e","D05","CRAM","CRAM.AOS.groundwater.well.001","CRAM.W1.20180508.RAW","A00000007837","2018-05-08T20:26Z","2018-05-08T20:26Z","EcoCore_CSU","TOC",2.1570,"milligramsPerLiter",3.1,,0,"formatChange","GOOD"
"e5188ab6-28b5-4bb8-95be-7f2549ece9f2","D05","CRAM","CRAM.AOS.groundwater.well.001","CRAM.W1.20180508.FIL","A00000007834","2018-05-08T20:26Z","2018-05-08T20:26Z","EcoCore_CSU","NO3+NO2 - N",,"milligramsPerLiter",3.1,"Unknown reason for no analyte concentration as a result of external lab data format change",0,"formatChange","Other"
