uid,domainID,siteID,namedLocation,collectDate,parentSampleID,sampleCondition,sampleID,replicateNumber,gwwDICBubbleFree,gwwFiltSampleHeadspace,gwwAlkSampleHeadspace,gwwAlkSampleBubbleFree,processedDate,processedDateFilters,sampleVolumeFiltered,shipmentTimeRange
"a821ce32-b978-415b-8a41-126556fa3320","D02","LEWI","LEWI.AOS.groundwater.well.001","2018-03-08T16:15Z","LEWI.W1.20180308","Sample condition ok","LEWI.W1.20180308",1,,,,,"2018-03-08T16:15Z","2018-03-08T16:15Z",105.0,
"6447b6bc-b279-4f53-98a4-c7254f600c6a","D02","LEWI","LEWI.AOS.groundwater.well.008","2018-03-08T17:24Z","LEWI.W8.20180308","Sample condition ok","LEWI.W8.20180308",1,,,,,"2018-03-08T17:24Z","2018-03-08T17:24Z",55.0,
"1fabbe9e-5b70-46a9-a4ea-12eca852db5c","D02","LEWI","LEWI.AOS.groundwater.well.006","2018-03-08T18:18Z","LEWI.W6.20180308","Sample condition ok","LEWI.W6.20180308",1,,,,,"2018-03-08T18:18Z","2018-03-08T18:18Z",70.0,
"6918c12a-18a7-452a-a966-27cbb7fc12b8","D02","LEWI","LEWI.AOS.groundwater.well.002","2018-03-08T19:02Z","LEWI.W2.20180308","Sample condition ok","LEWI.W2.20180308",1,,,,,"2018-03-08T19:02Z","2018-03-08T19:02Z",55.0,
