uid,domainID,siteID,namedLocation,decimalLatitude,decimalLongitude,coordinateUncertainty,elevation,elevationUncertainty,geodeticDatum,collectDate,aquaticSiteType,samplingImpractical,waterChemSamplesCollected,adequateSampleVol,parentSampleID,eventID,swcSamplingProtocolVersion,sampleExtractionMethod,samplerType,totalWellDepth,wellWaterDepth,waterColumnHeight,sampleDepth,purgeAverageDischargeRate,purgeTime,gwWellStabilized,purgeDryDateTime,pumpPlacementDate,screenedIntervalDepth,maxAllowableDrawdown,actualDrawdown,MADExceeded,wellVolumePurged,probeIDUnavailable,dissolvedOxygen,dissolvedOxygenSaturation,specificConductance,waterTemp,pH,waterClarityDescrip,waterColorDescrip,aCollectedBy,bCollectedBy,remarks
"4bf38cd4-08fd-4f8f-852e-74bf566255f8","D02","LEWI","LEWI.AOS.groundwater.well.001",39.095597,-77.982949,0.1,128.8,0.1,"WGS84","2018-03-08T16:15Z","stream",,,,"LEWI.W1.20180308","LEWI.20180308","NEON.DOC.002905vE","low-flow","Groundwater Pump",5.5,2.4,3.1,3.4,,,,,,,,,,7.1,,4.48,40.90,626.00,10.90,,"clear","colorless","jcoloso@battelleecology.org","kgeiger@battelleecology.org",
"4a9c0747-3f76-4b7d-9ab3-633187fc6b06","D02","LEWI","LEWI.AOS.groundwater.well.008",39.094301,-77.981340,0.1,127.5,0.1,"WGS84","2018-03-08T17:24Z","stream",,,,"LEWI.W8.20180308","LEWI.20180308","NEON.DOC.002905vE","low-flow","Groundwater Pump",5.4,2.4,3.0,3.4,,,,,,,,,,7.1,,0.23,2.00,646.00,9.80,,"cloudy","brown","jcoloso@battelleecology.org","kgeiger@battelleecology.org",
"2addbdfa-5e7c-4cde-9912-9d375590042c","D02","LEWI","LEWI.AOS.groundwater.well.006",39.094122,-77.981443,0.1,127.8,0.1,"WGS84","2018-03-08T18:18Z","stream",,,,"LEWI.W6.20180308","LEWI.20180308",,"low-flow","Groundwater Pump",6.9,2.4,4.5,3.4,,,,,,,,,,2.7,,3.00,26.20,663.00,9.60,,"cloudy","brown","jcoloso@battelleecology.org","kgeiger@battelleecology.org",
"1c1ca258-689a-4bcb-acd1-c4227998b749","D02","LEWI","LEWI.AOS.groundwater.well.002",39.095452,-77.983050,0.1,128.6,0.1,"WGS84","2018-03-08T19:02Z","stream",,,,"LEWI.W2.20180308","LEWI.20180308","NEON.DOC.002905vE","low-flow","Groundwater Pump",5.4,2.4,3.0,3.4,,,,,,,,,,4.2,,0.16,1.40,625.00,9.80,,"clear","colorless","jcoloso@battelleecology.org","kgeiger@battelleecology.org",
