uid,domainID,siteID,namedLocation,sampleID,sampleCode,startDate,collectDate,laboratoryName,analyte,analyteConcentration,analyteUnits,coolerTemp,remarks,shipmentWarmQF,externalLabDataQF,sampleCondition
"016687e8-9c7e-4787-a2d5-3f40d34d2626","D02","LEWI","LEWI.AOS.groundwater.well.001","LEWI.W1.20180308.FIL",,"2018-03-08T16:15Z","2018-03-08T16:15Z","EcoCore_CSU","Mn",0.0005,"milligramsPerLiter",-4.6,,0,"formatChange","GOOD"
"e5ccb700-0741-4d71-96b1-9207a0a4bbc4","D02","LEWI","LEWI.AOS.groundwater.well.001","LEWI.W1.20180308.PCN",,"2018-03-08T16:15Z","2018-03-08T16:15Z","EcoCore_CSU","TPN",0.0162,"milligram",-4.6,,0,"formatChange","GOOD"
"b175e3e1-5556-44bc-a4e5-30c490235259","D02","LEWI","LEWI.AOS.groundwater.well.001","LEWI.W1.20180308.FIL",,"2018-03-08T16:15Z","2018-03-08T16:15Z","EcoCore_CSU","UV Absorbance (280 nm)",0.0451,,-4.6,,0,"formatChange","GOOD"
"a087ac1f-8221-4940-9470-c0942700ee11","D02","LEWI","LEWI.AOS.groundwater.well.001","LEWI.W1.20180308.FIL",,"2018-03-08T16:15Z","2018-03-08T16:15Z","EcoCore_CSU","Fe",0.0005,"milligramsPerLiter",-4.6,,0,"formatChange","GOOD"
"f18d8373-fe86-469d-9d42-13c5df6a7aa4","D02","LEWI","LEWI.AOS.groundwater.well.001","LEWI.W1.20180308.FIL",,"2018-03-08T16:15Z","2018-03-08T16:15Z","EcoCore_CSU","Na",6.5500,"milligramsPerLiter",-4.6,,0,"formatChange","GOOD"
"3435cbdf-1cb3-42c9-9325-fcdfbf3b918d","D02","LEWI","LEWI.AOS.groundwater.well.001","LEWI.W1.20180308.FIL",,"2018-03-08T16:15Z","2018-03-08T16:15Z","EcoCore_CSU","Mg",24.4350,"milligramsPerLiter",-4.6,,0,"formatChange","GOOD"
"f6bee05c-677c-40cc-9bc3-9ef0476b88bb","D02","LEWI","LEWI.AOS.groundwater.well.001","LEWI.W1.20180308.FIL",,"2018-03-08T16:15Z","2018-03-08T16:15Z","EcoCore_CSU","HCO3",406.1200,"milligramsPerLiter",-4.6,,0,"formatChange","GOOD"
"6f9e5708-f6f6-436e-ba55-83da4fa86757","D02","LEWI","LEWI.AOS.groundwater.well.001","LEWI.W1.20180308.RAW",,"2018-03-08T16:15Z","2018-03-08T16:15Z","EcoCore_CSU","TN",1.6030,"milligramsPerLiter",-4.6,,0,"formatChange","GOOD"
"62dbfdb1-90f2-4e53-a158-a66507ca57af","D02","LEWI","LEWI.AOS.groundwater.well.001","LEWI.W1.20180308.FIL",,"2018-03-08T16:15Z","2018-03-08T16:15Z","EcoCore_CSU","Ortho - P",0.0050,"milligramsPerLiter",-4.6,,0,"formatChange","GOOD"
"c9d34d36-04db-439d-8a64-407863beb7a1","D02","LEWI","LEWI.AOS.groundwater.well.001","LEWI.W1.20180308.RAW",,"2018-03-08T16:15Z","2018-03-08T16:15Z","EcoCore_CSU","ANC",6.7300,"milliequivalentsPerLiter",-4.6,,0,"formatChange","GOOD"
"08aeeed0-28b5-4f83-bfd9-57191692da3f","D02","LEWI","LEWI.AOS.groundwater.well.001","LEWI.W1.20180308.RAW",,"2018-03-08T16:15Z","2018-03-08T16:15Z","EcoCore_CSU","TP",0.0350,"milligramsPerLiter",-4.6,,0,"formatChange","GOOD"
"5bd4f7f0-69be-4ea9-9423-3ffc3a3809ad","D02","LEWI","LEWI.AOS.groundwater.well.001","LEWI.W1.20180308.FIL",,"2018-03-08T16:15Z","2018-03-08T16:15Z","EcoCore_CSU","Cl",13.5300,"milligramsPerLiter",-4.6,,0,"formatChange","GOOD"
"f63be58a-946c-47bd-a17f-6d01262034e6","D02","LEWI","LEWI.AOS.groundwater.well.001","LEWI.W1.20180308.FIL",,"2018-03-08T16:15Z","2018-03-08T16:15Z","EcoCore_CSU","TDN",1.5870,"milligramsPerLiter",-4.6,,0,"formatChange","GOOD"
"6fc63f59-6bd3-48a8-ae42-4206a5111715","D02","LEWI","LEWI.AOS.groundwater.well.001","LEWI.W1.20180308.PCN",,"2018-03-08T16:15Z","2018-03-08T16:15Z","EcoCore_CSU","TPC",0.2715,"milligram",-4.6,,0,"formatChange","GOOD"
"2162c818-f205-489e-85da-3be4f2ed3ab9","D02","LEWI","LEWI.AOS.groundwater.well.001","LEWI.W1.20180308.FIL",,"2018-03-08T16:15Z","2018-03-08T16:15Z","EcoCore_CSU","NH4 - N",-0.0190,"milligramsPerLiter",-4.6,,0,"formatChange","GOOD"
"aa342002-6721-4889-a5cf-34bb4f17aae3","D02","LEWI","LEWI.AOS.groundwater.well.001","LEWI.W1.20180308.RAW",,"2018-03-08T16:15Z","2018-03-08T16:15Z","EcoCore_CSU","TSS",0.0000,"milligramsPerLiter",-4.6,,0,"formatChange","GOOD"
"4f064c12-082f-467c-af3a-3d51a3016134","D02","LEWI","LEWI.AOS.groundwater.well.001","LEWI.W1.20180308.RAW",,"2018-03-08T16:15Z","2018-03-08T16:15Z","EcoCore_CSU","pH",7.2700,"pH",-4.6,,0,"formatChange","GOOD"
"dea6c789-a707-473c-9a60-33b419f7555b","D02","LEWI","LEWI.AOS.groundwater.well.001","LEWI.W1.20180308.RAW",,"2018-03-08T16:15Z","2018-03-08T16:15Z","EcoCore_CSU","TSS - Dry Mass",0.0000,"microgram",-4.6,,0,"formatChange","GOOD"
"50e1d4f4-19e1-40c8-8e78-ce2b75365f26","D02","LEWI","LEWI.AOS.groundwater.well.001","LEWI.W1.20180308.FIL",,"2018-03-08T16:15Z","2018-03-08T16:15Z","EcoCore_CSU","TDP",0.0330,"milligramsPerLiter",-4.6,,0,"formatChange","GOOD"
"8284910b-cf97-4886-ab6d-f363a89cc597","D02","LEWI","LEWI.AOS.groundwater.well.001","LEWI.W1.20180308.FIL",,"2018-03-08T16:15Z","2018-03-08T16:15Z","EcoCore_CSU","Br",0.0050,"milligramsPerLiter",-4.6,,0,"formatChange","GOOD"
"fc2fb7b1-a1db-400a-8000-ac46b023c8e0","D02","LEWI","LEWI.AOS.groundwater.well.001","LEWI.W1.20180308.FIL",,"2018-03-08T16:15Z","2018-03-08T16:15Z","EcoCore_CSU","DIC",89.1500,"milligramsPerLiter",-4.6,,0,"formatChange","GOOD"
"05ffe915-6d5f-4504-8b2b-107ac7b9e510","D02","LEWI","LEWI.AOS.groundwater.well.001","LEWI.W1.20180308.RAW",,"2018-03-08T16:15Z","2018-03-08T16:15Z","EcoCore_CSU","conductivity",769.1000,"microsiemensPerCentimeter",-4.6,,0,"formatChange","GOOD"
"0605828f-9f8b-4ac7-b6ae-bd73aed84072","D02","LEWI","LEWI.AOS.groundwater.well.001","LEWI.W1.20180308.FIL",,"2018-03-08T16:15Z","2018-03-08T16:15Z","EcoCore_CSU","Ca",101.8710,"milligramsPerLiter",-4.6,,0,"formatChange","GOOD"
"7a6b3f1b-bd97-4461-b3d9-1eeb1aa7303d","D02","LEWI","LEWI.AOS.groundwater.well.001","LEWI.W1.20180308.FIL",,"2018-03-08T16:15Z","2018-03-08T16:15Z","EcoCore_CSU","DOC",0.8393,"milligramsPerLiter",-4.6,,0,"formatChange","GOOD"
"a667d34e-f1ef-46d2-a3c2-ea0eab8f4ed6","D02","LEWI","LEWI.AOS.groundwater.well.001","LEWI.W1.20180308.FIL",,"2018-03-08T16:15Z","2018-03-08T16:15Z","EcoCore_CSU","Si",5.8500,"milligramsPerLiter",-4.6,,0,"formatChange","GOOD"
"3cec5f03-03a9-4555-b28a-50700703ebb4","D02","LEWI","LEWI.AOS.groundwater.well.001","LEWI.W1.20180308.FIL",,"2018-03-08T16:15Z","2018-03-08T16:15Z","EcoCore_CSU","TDS",535.1000,"milligramsPerLiter",-4.6,,0,"formatChange","GOOD"
"060ccca4-d330-4dae-8f3e-92d4e16c1097","D02","LEWI","LEWI.AOS.groundwater.well.001","LEWI.W1.20180308.FIL",,"2018-03-08T16:15Z","2018-03-08T16:15Z","EcoCore_CSU","SO4",21.4300,"milligramsPerLiter",-4.6,,0,"formatChange","GOOD"
"26dd7263-8aaa-4da0-a6d9-4e6b7eff9021","D02","LEWI","LEWI.AOS.groundwater.well.001","LEWI.W1.20180308.FIL",,"2018-03-08T16:15Z","2018-03-08T16:15Z","EcoCore_CSU","NO3+NO2 - N",1.2514,"milligramsPerLiter",-4.6,,0,"formatChange","GOOD"
"22947470-8898-4e68-a7e7-f354e1d6cda3","D02","LEWI","LEWI.AOS.groundwater.well.001","LEWI.W1.20180308.RAW",,"2018-03-08T16:15Z","2018-03-08T16:15Z","EcoCore_CSU","TOC",1.1520,"milligramsPerLiter",-4.6,,0,"formatChange","GOOD"
"af751021-2140-4253-8a65-ce5a11643bf3","D02","LEWI","LEWI.AOS.groundwater.well.001","LEWI.W1.20180308.FIL",,"2018-03-08T16:15Z","2018-03-08T16:15Z","EcoCore_CSU","NO2 - N",0.0162,"milligramsPerLiter",-4.6,,0,"formatChange","GOOD"
"400eeb61-6a56-4128-9055-a208f29c499e","D02","LEWI","LEWI.AOS.groundwater.well.001","LEWI.W1.20180308.FIL",,"2018-03-08T16:15Z","2018-03-08T16:15Z","EcoCore_CSU","F",0.0050,"milligramsPerLiter",-4.6,,0,"formatChange","GOOD"
"ff2ed221-bc22-457b-9fef-5c691775619c","D02","LEWI","LEWI.AOS.groundwater.well.001","LEWI.W1.20180308.FIL",,"2018-03-08T16:15Z","2018-03-08T16:15Z","EcoCore_CSU","CO3",0.0050,"milligramsPerLiter",-4.6,,0,"formatChange","GOOD"
"21d900d3-5a5b-4cea-9f1c-2305b925e000","D02","LEWI","LEWI.AOS.groundwater.well.001","LEWI.W1.20180308.FIL",,"2018-03-08T16:15Z","2018-03-08T16:15Z","EcoCore_CSU","K",2.7170,"milligramsPerLiter",-4.6,,0,"formatChange","GOOD"
"5b93de0f-8468-473c-8a12-b8cea39d6ac7","D02","LEWI","LEWI.AOS.groundwater.well.001","LEWI.W1.20180308.FIL",,"2018-03-08T16:15Z","2018-03-08T16:15Z","EcoCore_CSU","UV Absorbance (250 nm)",0.0500,,-4.6,,0,"formatChange","GOOD"
"d48ae80a-50dc-44b3-ab00-233d7dc58c10","D02","LEWI","LEWI.AOS.groundwater.well.008","LEWI.W8.20180308.FIL",,"2018-03-08T17:24Z","2018-03-08T17:24Z","EcoCore_CSU","Cl",,"milligramsPerLiter",-4.6,"Unknown reason for no analyte concentration as a result of external lab data format change",0,"formatChange","Other"
"3e4b95f6-8f2a-4b51-adf0-e5a8178f0a43","D02","LEWI","LEWI.AOS.groundwater.well.008","LEWI.W8.20180308.RAW",,"2018-03-08T17:24Z","2018-03-08T17:24Z","EcoCore_CSU","TSS",18.0000,"milligramsPerLiter",-4.6,,0,"formatChange","GOOD"
"f3b0b496-7b36-4935-8eed-22de619a6143","D02","LEWI","LEWI.AOS.groundwater.well.008","LEWI.W8.20180308.FIL",,"2018-03-08T17:24Z","2018-03-08T17:24Z","EcoCore_CSU","TDS",530.1000,"milligramsPerLiter",-4.6,,0,"formatChange","GOOD"
"de17ef18-7a96-4522-960a-8b0301ee114c","D02","LEWI","LEWI.AOS.groundwater.well.008","LEWI.W8.20180308.RAW",,"2018-03-08T17:24Z","2018-03-08T17:24Z","EcoCore_CSU","ANC",5.6500,"milliequivalentsPerLiter",-4.6,,0,"formatChange","GOOD"
"8fb59ed4-e0d6-4163-90ba-1fba43ce42b3","D02","LEWI","LEWI.AOS.groundwater.well.008","LEWI.W8.20180308.FIL",,"2018-03-08T17:24Z","2018-03-08T17:24Z","EcoCore_CSU","DIC",,"milligramsPerLiter",-4.6,"Unknown reason for no analyte concentration as a result of external lab data format change",0,"formatChange","Other"
"b0f0440a-4fb3-4a78-9f6a-1f024bdfbef6","D02","LEWI","LEWI.AOS.groundwater.well.008","LEWI.W8.20180308.FIL",,"2018-03-08T17:24Z","2018-03-08T17:24Z","EcoCore_CSU","SO4",,"milligramsPerLiter",-4.6,"Unknown reason for no analyte concentration as a result of external lab data format change",0,"formatChange","Other"
"cbdbbf4c-b775-4a8f-b6d4-30d3e249fd2a","D02","LEWI","LEWI.AOS.groundwater.well.008","LEWI.W8.20180308.FIL",,"2018-03-08T17:24Z","2018-03-08T17:24Z","EcoCore_CSU","NO2 - N",,"milligramsPerLiter",-4.6,"Unknown reason for no analyte concentration as a result of external lab data format change",0,"formatChange","Other"
"f6240756-2796-433b-8169-ad1cc897bcd3","D02","LEWI","LEWI.AOS.groundwater.well.008","LEWI.W8.20180308.FIL",,"2018-03-08T17:24Z","2018-03-08T17:24Z","EcoCore_CSU","UV Absorbance (280 nm)",,,-4.6,"Unknown reason for no analyte concentration as a result of external lab data format change",0,"formatChange","Other"
"5cad13fe-0efd-4a0b-a62d-007780434c65","D02","LEWI","LEWI.AOS.groundwater.well.008","LEWI.W8.20180308.FIL",,"2018-03-08T17:24Z","2018-03-08T17:24Z","EcoCore_CSU","Ortho - P",,"milligramsPerLiter",-4.6,"Unknown reason for no analyte concentration as a result of external lab data format change",0,"formatChange","Other"
"5a9e9e9d-c5f2-4cba-b11f-7086d1bcc714","D02","LEWI","LEWI.AOS.groundwater.well.008","LEWI.W8.20180308.PCN",,"2018-03-08T17:24Z","2018-03-08T17:24Z","EcoCore_CSU","TPN",,"milligram",-4.6,"PCN w6 and w7 have same label - not analyzed",0,"formatChange","PCN Sample Missing"
"d412cb62-6e19-4403-9f44-c99b3da180ad","D02","LEWI","LEWI.AOS.groundwater.well.008","LEWI.W8.20180308.RAW",,"2018-03-08T17:24Z","2018-03-08T17:24Z","EcoCore_CSU","TP",0.0090,"milligramsPerLiter",-4.6,,0,"formatChange","GOOD"
"623dfd54-36bc-48ed-9124-a670270165cb","D02","LEWI","LEWI.AOS.groundwater.well.008","LEWI.W8.20180308.FIL",,"2018-03-08T17:24Z","2018-03-08T17:24Z","EcoCore_CSU","TDP",,"milligramsPerLiter",-4.6,"Unknown reason for no analyte concentration as a result of external lab data format change",0,"formatChange","Other"
"bebaa147-da51-415f-821f-ab0647364750","D02","LEWI","LEWI.AOS.groundwater.well.008","LEWI.W8.20180308.FIL",,"2018-03-08T17:24Z","2018-03-08T17:24Z","EcoCore_CSU","Ca",,"milligramsPerLiter",-4.6,"Unknown reason for no analyte concentration as a result of external lab data format change",0,"formatChange","Other"
"0f8cd8f3-8019-4ccb-9da6-fc91b9a3025b","D02","LEWI","LEWI.AOS.groundwater.well.008","LEWI.W8.20180308.RAW",,"2018-03-08T17:24Z","2018-03-08T17:24Z","EcoCore_CSU","pH",6.8300,"pH",-4.6,,0,"formatChange","GOOD"
"80bb8112-9c9f-4782-b785-66bc1c9c5f0c","D02","LEWI","LEWI.AOS.groundwater.well.008","LEWI.W8.20180308.FIL",,"2018-03-08T17:24Z","2018-03-08T17:24Z","EcoCore_CSU","Mg",,"milligramsPerLiter",-4.6,"Unknown reason for no analyte concentration as a result of external lab data format change",0,"formatChange","Other"
"38912a24-d4bf-4424-9133-79759609f004","D02","LEWI","LEWI.AOS.groundwater.well.008","LEWI.W8.20180308.PCN",,"2018-03-08T17:24Z","2018-03-08T17:24Z","EcoCore_CSU","TPC",,"milligram",-4.6,"PCN w6 and w7 have same label - not analyzed",0,"formatChange","PCN Sample Missing"
"1f4ce949-66d8-47e3-9f4a-55ff754ac283","D02","LEWI","LEWI.AOS.groundwater.well.008","LEWI.W8.20180308.FIL",,"2018-03-08T17:24Z","2018-03-08T17:24Z","EcoCore_CSU","TDN",,"milligramsPerLiter",-4.6,"Unknown reason for no analyte concentration as a result of external lab data format change",0,"formatChange","Other"
"5b006e3b-3b7f-49db-8683-f10c2db13e82","D02","LEWI","LEWI.AOS.groundwater.well.008","LEWI.W8.20180308.FIL",,"2018-03-08T17:24Z","2018-03-08T17:24Z","EcoCore_CSU","K",,"milligramsPerLiter",-4.6,"Unknown reason for no analyte concentration as a result of external lab data format change",0,"formatChange","Other"
"40da632f-b474-4c71-9eaa-cc4a4935d73a","D02","LEWI","LEWI.AOS.groundwater.well.008","LEWI.W8.20180308.FIL",,"2018-03-08T17:24Z","2018-03-08T17:24Z","EcoCore_CSU","CO3",0.0050,"milligramsPerLiter",-4.6,,0,"formatChange","GOOD"
"cbbe2903-7f16-4c46-92c8-4f082612c9c3","D02","LEWI","LEWI.AOS.groundwater.well.008","LEWI.W8.20180308.FIL",,"2018-03-08T17:24Z","2018-03-08T17:24Z","EcoCore_CSU","HCO3",,"milligramsPerLiter",-4.6,"Unknown reason for no analyte concentration as a result of external lab data format change",0,"formatChange","Other"
"a9a14a75-3b8d-4fc1-8373-c8bd4fc8206d","D02","LEWI","LEWI.AOS.groundwater.well.008","LEWI.W8.20180308.FIL",,"2018-03-08T17:24Z","2018-03-08T17:24Z","EcoCore_CSU","DOC",,"milligramsPerLiter",-4.6,"Unknown reason for no analyte concentration as a result of external lab data format change",0,"formatChange","Other"
"f8f49472-5a1c-4986-b65e-3af8694ee581","D02","LEWI","LEWI.AOS.groundwater.well.008","LEWI.W8.20180308.FIL",,"2018-03-08T17:24Z","2018-03-08T17:24Z","EcoCore_CSU","NH4 - N",,"milligramsPerLiter",-4.6,"Unknown reason for no analyte concentration as a result of external lab data format change",0,"formatChange","Other"
"18634abe-cf80-4a6f-b1e2-5b9b776fab25","D02","LEWI","LEWI.AOS.groundwater.well.008","LEWI.W8.20180308.RAW",,"2018-03-08T17:24Z","2018-03-08T17:24Z","EcoCore_CSU","TOC",1.4120,"milligramsPerLiter",-4.6,,0,"formatChange","GOOD"
"f0547789-ff1d-4ec7-8ccc-99b8d5208f42","D02","LEWI","LEWI.AOS.groundwater.well.008","LEWI.W8.20180308.RAW",,"2018-03-08T17:24Z","2018-03-08T17:24Z","EcoCore_CSU","TSS - Dry Mass",900.0000,"microgram",-4.6,,0,"formatChange","GOOD"
"b0555ba3-c298-48b6-b3d1-fa4bbef1f100","D02","LEWI","LEWI.AOS.groundwater.well.008","LEWI.W8.20180308.FIL",,"2018-03-08T17:24Z","2018-03-08T17:24Z","EcoCore_CSU","Na",,"milligramsPerLiter",-4.6,"Unknown reason for no analyte concentration as a result of external lab data format change",0,"formatChange","Other"
"abc69b3f-c2bd-4faa-849d-29b5fea8def6","D02","LEWI","LEWI.AOS.groundwater.well.008","LEWI.W8.20180308.FIL",,"2018-03-08T17:24Z","2018-03-08T17:24Z","EcoCore_CSU","Fe",,"milligramsPerLiter",-4.6,"Unknown reason for no analyte concentration as a result of external lab data format change",0,"formatChange","Other"
"f8a452cd-b25f-415f-8eb7-59b8c52ca405","D02","LEWI","LEWI.AOS.groundwater.well.008","LEWI.W8.20180308.FIL",,"2018-03-08T17:24Z","2018-03-08T17:24Z","EcoCore_CSU","F",,"milligramsPerLiter",-4.6,"Unknown reason for no analyte concentration as a result of external lab data format change",0,"formatChange","Other"
"688e5204-eadf-4174-88ff-3c324f3e9045","D02","LEWI","LEWI.AOS.groundwater.well.008","LEWI.W8.20180308.RAW",,"2018-03-08T17:24Z","2018-03-08T17:24Z","EcoCore_CSU","conductivity",754.1000,"microsiemensPerCentimeter",-4.6,,0,"formatChange","GOOD"
"9fa3a76f-3b01-4b52-b129-80da240e8ef6","D02","LEWI","LEWI.AOS.groundwater.well.008","LEWI.W8.20180308.FIL",,"2018-03-08T17:24Z","2018-03-08T17:24Z","EcoCore_CSU","NO3+NO2 - N",,"milligramsPerLiter",-4.6,"Unknown reason for no analyte concentration as a result of external lab data format change",0,"formatChange","Other"
"5f91b1a1-48a8-4254-9660-b9038e25e9f3","D02","LEWI","LEWI.AOS.groundwater.well.008","LEWI.W8.20180308.RAW",,"2018-03-08T17:24Z","2018-03-08T17:24Z","EcoCore_CSU","TN",0.4129,"milligramsPerLiter",-4.6,,0,"formatChange","GOOD"
"c3acb8c6-335b-46f2-93b0-aea912f7acf6","D02","LEWI","LEWI.AOS.groundwater.well.008","LEWI.W8.20180308.FIL",,"2018-03-08T17:24Z","2018-03-08T17:24Z","EcoCore_CSU","Si",,"milligramsPerLiter",-4.6,"Unknown reason for no analyte concentration as a result of external lab data format change",0,"formatChange","Other"
"173eca6f-798f-4a9f-8c57-721e1f342048","D02","LEWI","LEWI.AOS.groundwater.well.008","LEWI.W8.20180308.FIL",,"2018-03-08T17:24Z","2018-03-08T17:24Z","EcoCore_CSU","Br",,"milligramsPerLiter",-4.6,"Unknown reason for no analyte concentration as a result of external lab data format change",0,"formatChange","Other"
"cc8ff31c-8347-40d7-b2ad-0b306a7c5dd1","D02","LEWI","LEWI.AOS.groundwater.well.008","LEWI.W8.20180308.FIL",,"2018-03-08T17:24Z","2018-03-08T17:24Z","EcoCore_CSU","Mn",,"milligramsPerLiter",-4.6,"Unknown reason for no analyte concentration as a result of external lab data format change",0,"formatChange","Other"
"d7788bbc-db80-4996-b2f7-338ebfc64e08","D02","LEWI","LEWI.AOS.groundwater.well.008","LEWI.W8.20180308.FIL",,"2018-03-08T17:24Z","2018-03-08T17:24Z","EcoCore_CSU","UV Absorbance (250 nm)",,,-4.6,"Unknown reason for no analyte concentration as a result of external lab data format change",0,"formatChange","Other"
"2ab7f90e-fc96-4d61-80da-bdf6204fc9c6","D02","LEWI","LEWI.AOS.groundwater.well.006","LEWI.W6.20180308.FIL",,"2018-03-08T18:18Z","2018-03-08T18:18Z","EcoCore_CSU","Mg",,"milligramsPerLiter",-4.6,"Unknown reason for no analyte concentration as a result of external lab data format change",0,"formatChange","Other"
"a8c439b7-aba0-4260-b066-fbf74386e71a","D02","LEWI","LEWI.AOS.groundwater.well.006","LEWI.W6.20180308.RAW",,"2018-03-08T18:18Z","2018-03-08T18:18Z","EcoCore_CSU","TSS - Dry Mass",1100.0000,"microgram",-4.6,,0,"formatChange","GOOD"
"9723d926-33ff-4e46-b616-375e07bc97b8","D02","LEWI","LEWI.AOS.groundwater.well.006","LEWI.W6.20180308.PCN",,"2018-03-08T18:18Z","2018-03-08T18:18Z","EcoCore_CSU","TPC",0.2602,"milligram",-4.6,,0,"formatChange","GOOD"
"488e9666-0ff7-4691-aa61-32960f2a8d17","D02","LEWI","LEWI.AOS.groundwater.well.006","LEWI.W6.20180308.FIL",,"2018-03-08T18:18Z","2018-03-08T18:18Z","EcoCore_CSU","Na",,"milligramsPerLiter",-4.6,"Unknown reason for no analyte concentration as a result of external lab data format change",0,"formatChange","Other"
"36aefe64-e199-4888-9dd9-e5ab74154691","D02","LEWI","LEWI.AOS.groundwater.well.006","LEWI.W6.20180308.FIL",,"2018-03-08T18:18Z","2018-03-08T18:18Z","EcoCore_CSU","Si",,"milligramsPerLiter",-4.6,"Unknown reason for no analyte concentration as a result of external lab data format change",0,"formatChange","Other"
"2beec4f0-49c4-439f-8837-62a28fbb416c","D02","LEWI","LEWI.AOS.groundwater.well.006","LEWI.W6.20180308.FIL",,"2018-03-08T18:18Z","2018-03-08T18:18Z","EcoCore_CSU","UV Absorbance (250 nm)",,,-4.6,"Unknown reason for no analyte concentration as a result of external lab data format change",0,"formatChange","Other"
"bbafe02f-261c-4c93-9c83-0a8dbad54b95","D02","LEWI","LEWI.AOS.groundwater.well.006","LEWI.W6.20180308.PCN",,"2018-03-08T18:18Z","2018-03-08T18:18Z","EcoCore_CSU","TPN",0.0819,"milligram",-4.6,,0,"formatChange","GOOD"
"d9796c3e-564d-4b2d-9d95-db1efdf0e6ee","D02","LEWI","LEWI.AOS.groundwater.well.006","LEWI.W6.20180308.FIL",,"2018-03-08T18:18Z","2018-03-08T18:18Z","EcoCore_CSU","SO4",,"milligramsPerLiter",-4.6,"Unknown reason for no analyte concentration as a result of external lab data format change",0,"formatChange","Other"
"9fa4bf8c-cccb-4266-9d9b-2731851bf222","D02","LEWI","LEWI.AOS.groundwater.well.006","LEWI.W6.20180308.FIL",,"2018-03-08T18:18Z","2018-03-08T18:18Z","EcoCore_CSU","TDN",,"milligramsPerLiter",-4.6,"Unknown reason for no analyte concentration as a result of external lab data format change",0,"formatChange","Other"
"31da6ebf-3758-4afc-90fc-ac47eb7827a1","D02","LEWI","LEWI.AOS.groundwater.well.006","LEWI.W6.20180308.FIL",,"2018-03-08T18:18Z","2018-03-08T18:18Z","EcoCore_CSU","DIC",,"milligramsPerLiter",-4.6,"Unknown reason for no analyte concentration as a result of external lab data format change",0,"formatChange","Other"
"320a9206-3df5-479a-8e61-4b232a10ff50","D02","LEWI","LEWI.AOS.groundwater.well.006","LEWI.W6.20180308.FIL",,"2018-03-08T18:18Z","2018-03-08T18:18Z","EcoCore_CSU","NO3+NO2 - N",,"milligramsPerLiter",-4.6,"Unknown reason for no analyte concentration as a result of external lab data format change",0,"formatChange","Other"
"eb94edef-843d-4ca0-941f-28f6fc9c4bca","D02","LEWI","LEWI.AOS.groundwater.well.006","LEWI.W6.20180308.FIL",,"2018-03-08T18:18Z","2018-03-08T18:18Z","EcoCore_CSU","CO3",0.0050,"milligramsPerLiter",-4.6,,0,"formatChange","GOOD"
"6ba5cf43-a2a4-4fe1-8d2e-d2e9cc57f9f7","D02","LEWI","LEWI.AOS.groundwater.well.006","LEWI.W6.20180308.FIL",,"2018-03-08T18:18Z","2018-03-08T18:18Z","EcoCore_CSU","K",,"milligramsPerLiter",-4.6,"Unknown reason for no analyte concentration as a result of external lab data format change",0,"formatChange","Other"
"a6ba1a02-7be8-405e-8d7f-a52a7b7ecb8b","D02","LEWI","LEWI.AOS.groundwater.well.006","LEWI.W6.20180308.FIL",,"2018-03-08T18:18Z","2018-03-08T18:18Z","EcoCore_CSU","TDS",560.8000,"milligramsPerLiter",-4.6,,0,"formatChange","GOOD"
"2324084e-5ad9-4a9e-9f35-d9b92897954d","D02","LEWI","LEWI.AOS.groundwater.well.006","LEWI.W6.20180308.RAW",,"2018-03-08T18:18Z","2018-03-08T18:18Z","EcoCore_CSU","TOC",0.8250,"milligramsPerLiter",-4.6,,0,"formatChange","GOOD"
"4d049fd9-df55-402a-a3e9-a99fbbdd3f03","D02","LEWI","LEWI.AOS.groundwater.well.006","LEWI.W6.20180308.RAW",,"2018-03-08T18:18Z","2018-03-08T18:18Z","EcoCore_CSU","pH",6.9500,"pH",-4.6,,0,"formatChange","GOOD"
"b12a7cca-428d-40c4-b6f5-483c8415ba1f","D02","LEWI","LEWI.AOS.groundwater.well.006","LEWI.W6.20180308.FIL",,"2018-03-08T18:18Z","2018-03-08T18:18Z","EcoCore_CSU","Ortho - P",,"milligramsPerLiter",-4.6,"Unknown reason for no analyte concentration as a result of external lab data format change",0,"formatChange","Other"
"8f70510c-3432-4f9b-860f-019b6514c537","D02","LEWI","LEWI.AOS.groundwater.well.006","LEWI.W6.20180308.FIL",,"2018-03-08T18:18Z","2018-03-08T18:18Z","EcoCore_CSU","Ca",,"milligramsPerLiter",-4.6,"Unknown reason for no analyte concentration as a result of external lab data format change",0,"formatChange","Other"
"0f7ddb21-3c94-4b19-8ea4-0ac9cf6e71e6","D02","LEWI","LEWI.AOS.groundwater.well.006","LEWI.W6.20180308.RAW",,"2018-03-08T18:18Z","2018-03-08T18:18Z","EcoCore_CSU","TSS",22.0000,"milligramsPerLiter",-4.6,,0,"formatChange","GOOD"
"91100adb-793b-44f1-aadd-4b3650b97fa0","D02","LEWI","LEWI.AOS.groundwater.well.006","LEWI.W6.20180308.FIL",,"2018-03-08T18:18Z","2018-03-08T18:18Z","EcoCore_CSU","NH4 - N",,"milligramsPerLiter",-4.6,"Unknown reason for no analyte concentration as a result of external lab data format change",0,"formatChange","Other"
"232f38d3-85bb-481f-a1c2-8ac129b0f558","D02","LEWI","LEWI.AOS.groundwater.well.006","LEWI.W6.20180308.RAW",,"2018-03-08T18:18Z","2018-03-08T18:18Z","EcoCore_CSU","conductivity",795.4000,"microsiemensPerCentimeter",-4.6,,0,"formatChange","GOOD"
"0fb8946b-3e87-48b1-9540-6fb4fe8dd3a5","D02","LEWI","LEWI.AOS.groundwater.well.006","LEWI.W6.20180308.RAW",,"2018-03-08T18:18Z","2018-03-08T18:18Z","EcoCore_CSU","TN",0.1367,"milligramsPerLiter",-4.6,,0,"formatChange","GOOD"
"3d2dc326-6775-42b3-aca4-d47a599e877c","D02","LEWI","LEWI.AOS.groundwater.well.006","LEWI.W6.20180308.FIL",,"2018-03-08T18:18Z","2018-03-08T18:18Z","EcoCore_CSU","NO2 - N",,"milligramsPerLiter",-4.6,"Unknown reason for no analyte concentration as a result of external lab data format change",0,"formatChange","Other"
"d862f14e-ddc8-4e36-9777-6e9df08d1c10","D02","LEWI","LEWI.AOS.groundwater.well.006","LEWI.W6.20180308.FIL",,"2018-03-08T18:18Z","2018-03-08T18:18Z","EcoCore_CSU","Mn",,"milligramsPerLiter",-4.6,"Unknown reason for no analyte concentration as a result of external lab data format change",0,"formatChange","Other"
"51c3d0ef-0096-4519-95ee-fd7382adc4c2","D02","LEWI","LEWI.AOS.groundwater.well.006","LEWI.W6.20180308.FIL",,"2018-03-08T18:18Z","2018-03-08T18:18Z","EcoCore_CSU","Fe",,"milligramsPerLiter",-4.6,"Unknown reason for no analyte concentration as a result of external lab data format change",0,"formatChange","Other"
"c80ad308-1539-4323-a7cb-9e6793ab07e3","D02","LEWI","LEWI.AOS.groundwater.well.006","LEWI.W6.20180308.FIL",,"2018-03-08T18:18Z","2018-03-08T18:18Z","EcoCore_CSU","UV Absorbance (280 nm)",,,-4.6,"Unknown reason for no analyte concentration as a result of external lab data format change",0,"formatChange","Other"
"28050aaf-f21a-4348-b90e-d86df445ab83","D02","LEWI","LEWI.AOS.groundwater.well.006","LEWI.W6.20180308.FIL",,"2018-03-08T18:18Z","2018-03-08T18:18Z","EcoCore_CSU","F",,"milligramsPerLiter",-4.6,"Unknown reason for no analyte concentration as a result of external lab data format change",0,"formatChange","Other"
"8e99263a-4c09-4920-9077-438fa6013388","D02","LEWI","LEWI.AOS.groundwater.well.006","LEWI.W6.20180308.FIL",,"2018-03-08T18:18Z","2018-03-08T18:18Z","EcoCore_CSU","HCO3",,"milligramsPerLiter",-4.6,"Unknown reason for no analyte concentration as a result of external lab data format change",0,"formatChange","Other"
"fbd8e5ae-77e1-4c07-9723-58bc92e9393e","D02","LEWI","LEWI.AOS.groundwater.well.006","LEWI.W6.20180308.FIL",,"2018-03-08T18:18Z","2018-03-08T18:18Z","EcoCore_CSU","TDP",,"milligramsPerLiter",-4.6,"Unknown reason for no analyte concentration as a result of external lab data format change",0,"formatChange","Other"
"b53701f6-aa6c-421c-9f45-e9b598630109","D02","LEWI","LEWI.AOS.groundwater.well.006","LEWI.W6.20180308.RAW",,"2018-03-08T18:18Z","2018-03-08T18:18Z","EcoCore_CSU","TP",0.0140,"milligramsPerLiter",-4.6,,0,"formatChange","GOOD"
"feee247a-c58c-4104-8c89-890afb0b9fc6","D02","LEWI","LEWI.AOS.groundwater.well.006","LEWI.W6.20180308.FIL",,"2018-03-08T18:18Z","2018-03-08T18:18Z","EcoCore_CSU","Br",,"milligramsPerLiter",-4.6,"Unknown reason for no analyte concentration as a result of external lab data format change",0,"formatChange","Other"
"186e5e4b-8d89-4f1f-a63f-9b849a7e94d3","D02","LEWI","LEWI.AOS.groundwater.well.006","LEWI.W6.20180308.FIL",,"2018-03-08T18:18Z","2018-03-08T18:18Z","EcoCore_CSU","Cl",,"milligramsPerLiter",-4.6,"Unknown reason for no analyte concentration as a result of external lab data format change",0,"formatChange","Other"
"2c5f7ad8-6524-4b1b-994d-5e52451bc150","D02","LEWI","LEWI.AOS.groundwater.well.006","LEWI.W6.20180308.RAW",,"2018-03-08T18:18Z","2018-03-08T18:18Z","EcoCore_CSU","ANC",5.4300,"milliequivalentsPerLiter",-4.6,,0,"formatChange","GOOD"
"faf33ffb-1e30-48f6-a918-b5c4e14c2a5a","D02","LEWI","LEWI.AOS.groundwater.well.006","LEWI.W6.20180308.FIL",,"2018-03-08T18:18Z","2018-03-08T18:18Z","EcoCore_CSU","DOC",,"milligramsPerLiter",-4.6,"Unknown reason for no analyte concentration as a result of external lab data format change",0,"formatChange","Other"
"858dc209-1846-4097-87f1-87257d125e66","D02","LEWI","LEWI.AOS.groundwater.well.002","LEWI.W2.20180308.FIL",,"2018-03-08T19:02Z","2018-03-08T19:02Z","EcoCore_CSU","K",1.3680,"milligramsPerLiter",-4.6,,0,"formatChange","GOOD"
"110567a6-ab77-4f0d-9232-ec4308fc610f","D02","LEWI","LEWI.AOS.groundwater.well.002","LEWI.W2.20180308.RAW",,"2018-03-08T19:02Z","2018-03-08T19:02Z","EcoCore_CSU","ANC",6.0800,"milliequivalentsPerLiter",-4.6,,0,"formatChange","GOOD"
"772ad926-bc42-4b9d-9704-ee184c8e6d60","D02","LEWI","LEWI.AOS.groundwater.well.002","LEWI.W2.20180308.PCN",,"2018-03-08T19:02Z","2018-03-08T19:02Z","EcoCore_CSU","TPC",0.2489,"milligram",-4.6,,0,"formatChange","GOOD"
"7e642202-1d04-4436-ac0c-7a0449e18ae8","D02","LEWI","LEWI.AOS.groundwater.well.002","LEWI.W2.20180308.FIL",,"2018-03-08T19:02Z","2018-03-08T19:02Z","EcoCore_CSU","Cl",13.1800,"milligramsPerLiter",-4.6,,0,"formatChange","GOOD"
"a1d60af1-83c4-4fae-84c2-f05879dad30b","D02","LEWI","LEWI.AOS.groundwater.well.002","LEWI.W2.20180308.FIL",,"2018-03-08T19:02Z","2018-03-08T19:02Z","EcoCore_CSU","NO3+NO2 - N",0.2748,"milligramsPerLiter",-4.6,,0,"formatChange","GOOD"
"a5a09800-3eee-4437-8ccf-37f6b8ef1660","D02","LEWI","LEWI.AOS.groundwater.well.002","LEWI.W2.20180308.FIL",,"2018-03-08T19:02Z","2018-03-08T19:02Z","EcoCore_CSU","Mg",18.4770,"milligramsPerLiter",-4.6,,0,"formatChange","GOOD"
"ead80aa3-43de-4fb3-b39c-11e1583a6f46","D02","LEWI","LEWI.AOS.groundwater.well.002","LEWI.W2.20180308.FIL",,"2018-03-08T19:02Z","2018-03-08T19:02Z","EcoCore_CSU","NH4 - N",-0.0114,"milligramsPerLiter",-4.6,,0,"formatChange","GOOD"
"91b24123-c58b-46b5-83ec-caa4afdb380b","D02","LEWI","LEWI.AOS.groundwater.well.002","LEWI.W2.20180308.FIL",,"2018-03-08T19:02Z","2018-03-08T19:02Z","EcoCore_CSU","CO3",0.0050,"milligramsPerLiter",-4.6,,0,"formatChange","GOOD"
"d1a337a5-fe2b-4cf4-9baa-f83a80d84d9c","D02","LEWI","LEWI.AOS.groundwater.well.002","LEWI.W2.20180308.FIL",,"2018-03-08T19:02Z","2018-03-08T19:02Z","EcoCore_CSU","Mn",0.0005,"milligramsPerLiter",-4.6,,0,"formatChange","GOOD"
"e4ab9804-e081-4585-912d-c0c19cb11915","D02","LEWI","LEWI.AOS.groundwater.well.002","LEWI.W2.20180308.FIL",,"2018-03-08T19:02Z","2018-03-08T19:02Z","EcoCore_CSU","UV Absorbance (250 nm)",0.0224,,-4.6,,0,"formatChange","GOOD"
"7c48f434-e8b9-4af2-96c4-8aefccd54fe1","D02","LEWI","LEWI.AOS.groundwater.well.002","LEWI.W2.20180308.RAW",,"2018-03-08T19:02Z","2018-03-08T19:02Z","EcoCore_CSU","conductivity",751.9000,"microsiemensPerCentimeter",-4.6,,0,"formatChange","GOOD"
"b943d1be-65cc-4af2-98ce-2554832562b7","D02","LEWI","LEWI.AOS.groundwater.well.002","LEWI.W2.20180308.RAW",,"2018-03-08T19:02Z","2018-03-08T19:02Z","EcoCore_CSU","TSS - Dry Mass",2600.0000,"microgram",-4.6,,0,"formatChange","GOOD"
"f3f5aa2e-83cb-47b9-b3af-8e28039ada71","D02","LEWI","LEWI.AOS.groundwater.well.002","LEWI.W2.20180308.RAW",,"2018-03-08T19:02Z","2018-03-08T19:02Z","EcoCore_CSU","TOC",0.6735,"milligramsPerLiter",-4.6,,0,"formatChange","GOOD"
"22c26fe6-84f6-4d09-84b6-728ad27e2200","D02","LEWI","LEWI.AOS.groundwater.well.002","LEWI.W2.20180308.PCN",,"2018-03-08T19:02Z","2018-03-08T19:02Z","EcoCore_CSU","TPN",0.0550,"milligram",-4.6,,0,"formatChange","GOOD"
"a5f4258a-3198-4808-b629-172e11d61008","D02","LEWI","LEWI.AOS.groundwater.well.002","LEWI.W2.20180308.FIL",,"2018-03-08T19:02Z","2018-03-08T19:02Z","EcoCore_CSU","TDN",0.3915,"milligramsPerLiter",-4.6,,0,"formatChange","GOOD"
"c170a6be-ca1a-4773-ab3d-4c6c586814d6","D02","LEWI","LEWI.AOS.groundwater.well.002","LEWI.W2.20180308.FIL",,"2018-03-08T19:02Z","2018-03-08T19:02Z","EcoCore_CSU","HCO3",367.5400,"milligramsPerLiter",-4.6,,0,"formatChange","GOOD"
"e8dcdeb4-e601-4b09-9fbd-43f75ef9842b","D02","LEWI","LEWI.AOS.groundwater.well.002","LEWI.W2.20180308.FIL",,"2018-03-08T19:02Z","2018-03-08T19:02Z","EcoCore_CSU","Na",4.7860,"milligramsPerLiter",-4.6,,0,"formatChange","GOOD"
"0fb3a931-6b8d-4d04-970e-e9d4c799ef71","D02","LEWI","LEWI.AOS.groundwater.well.002","LEWI.W2.20180308.FIL",,"2018-03-08T19:02Z","2018-03-08T19:02Z","EcoCore_CSU","Ortho - P",0.0040,"milligramsPerLiter",-4.6,,0,"formatChange","GOOD"
"cc2cafcc-ccaa-4df8-b8f1-f4779e7eb366","D02","LEWI","LEWI.AOS.groundwater.well.002","LEWI.W2.20180308.RAW",,"2018-03-08T19:02Z","2018-03-08T19:02Z","EcoCore_CSU","TP",0.0320,"milligramsPerLiter",-4.6,,0,"formatChange","GOOD"
"d6454948-23bf-4e97-ae3f-858f56fd95fd","D02","LEWI","LEWI.AOS.groundwater.well.002","LEWI.W2.20180308.FIL",,"2018-03-08T19:02Z","2018-03-08T19:02Z","EcoCore_CSU","Br",0.0050,"milligramsPerLiter",-4.6,,0,"formatChange","GOOD"
"4fa6990e-0031-46e9-850a-9c734cce2c4d","D02","LEWI","LEWI.AOS.groundwater.well.002","LEWI.W2.20180308.FIL",,"2018-03-08T19:02Z","2018-03-08T19:02Z","EcoCore_CSU","DIC",95.6300,"milligramsPerLiter",-4.6,,0,"formatChange","GOOD"
"313777ec-0f89-44b0-ad42-118b377710c7","D02","LEWI","LEWI.AOS.groundwater.well.002","LEWI.W2.20180308.FIL",,"2018-03-08T19:02Z","2018-03-08T19:02Z","EcoCore_CSU","NO2 - N",0.0150,"milligramsPerLiter",-4.6,,0,"formatChange","GOOD"
"9bf8eaff-b105-4efc-aca0-608b774b6e64","D02","LEWI","LEWI.AOS.groundwater.well.002","LEWI.W2.20180308.FIL",,"2018-03-08T19:02Z","2018-03-08T19:02Z","EcoCore_CSU","TDP",0.0290,"milligramsPerLiter",-4.6,,0,"formatChange","GOOD"
"8556fd21-8017-42b6-aff6-c330b40b65c0","D02","LEWI","LEWI.AOS.groundwater.well.002","LEWI.W2.20180308.FIL",,"2018-03-08T19:02Z","2018-03-08T19:02Z","EcoCore_CSU","Si",5.4400,"milligramsPerLiter",-4.6,,0,"formatChange","GOOD"
"e9c25337-b116-42ea-a0cb-e706e95b4ec6","D02","LEWI","LEWI.AOS.groundwater.well.002","LEWI.W2.20180308.FIL",,"2018-03-08T19:02Z","2018-03-08T19:02Z","EcoCore_CSU","UV Absorbance (280 nm)",0.0202,,-4.6,,0,"formatChange","GOOD"
"903dc181-8ded-4e1b-8cd5-9d6f2ede674b","D02","LEWI","LEWI.AOS.groundwater.well.002","LEWI.W2.20180308.FIL",,"2018-03-08T19:02Z","2018-03-08T19:02Z","EcoCore_CSU","DOC",0.6813,"milligramsPerLiter",-4.6,,0,"formatChange","GOOD"
"39b7f839-cba7-4621-8d87-39e80ae101ca","D02","LEWI","LEWI.AOS.groundwater.well.002","LEWI.W2.20180308.RAW",,"2018-03-08T19:02Z","2018-03-08T19:02Z","EcoCore_CSU","TN",0.4110,"milligramsPerLiter",-4.6,,0,"formatChange","GOOD"
"12fc7012-6983-4a30-9ca0-f64c5b488f1a","D02","LEWI","LEWI.AOS.groundwater.well.002","LEWI.W2.20180308.FIL",,"2018-03-08T19:02Z","2018-03-08T19:02Z","EcoCore_CSU","Ca",97.4150,"milligramsPerLiter",-4.6,,0,"formatChange","GOOD"
"781e7049-ee68-48bc-9957-95e4ea161d55","D02","LEWI","LEWI.AOS.groundwater.well.002","LEWI.W2.20180308.FIL",,"2018-03-08T19:02Z","2018-03-08T19:02Z","EcoCore_CSU","SO4",13.0900,"milligramsPerLiter",-4.6,,0,"formatChange","GOOD"
"cd3194dc-8f74-4449-86e9-49f424b6eff6","D02","LEWI","LEWI.AOS.groundwater.well.002","LEWI.W2.20180308.FIL",,"2018-03-08T19:02Z","2018-03-08T19:02Z","EcoCore_CSU","F",0.0050,"milligramsPerLiter",-4.6,,0,"formatChange","GOOD"
"73e0ee24-3348-4972-bc0a-276b81c722c8","D02","LEWI","LEWI.AOS.groundwater.well.002","LEWI.W2.20180308.FIL",,"2018-03-08T19:02Z","2018-03-08T19:02Z","EcoCore_CSU","Fe",0.0005,"milligramsPerLiter",-4.6,,0,"formatChange","GOOD"
"8fc2b212-c894-40b6-94ce-57f2cd681837","D02","LEWI","LEWI.AOS.groundwater.well.002","LEWI.W2.20180308.RAW",,"2018-03-08T19:02Z","2018-03-08T19:02Z","EcoCore_CSU","TSS",52.0000,"milligramsPerLiter",-4.6,,0,"formatChange","GOOD"
"f7922a5f-b639-4c74-ba14-5fb32241151c","D02","LEWI","LEWI.AOS.groundwater.well.002","LEWI.W2.20180308.FIL",,"2018-03-08T19:02Z","2018-03-08T19:02Z","EcoCore_CSU","TDS",525.8000,"milligramsPerLiter",-4.6,,0,"formatChange","GOOD"
"fa5cc023-dd76-458b-b9cb-f94e76937eb3","D02","LEWI","LEWI.AOS.groundwater.well.002","LEWI.W2.20180308.RAW",,"2018-03-08T19:02Z","2018-03-08T19:02Z","EcoCore_CSU","pH",7.0100,"pH",-4.6,,0,"formatChange","GOOD"
