uid,domainID,siteID,namedLocation,collectDate,titrationDate,parentSampleID,domainSampleID,remarks,measuredBy,alkMeqPerL,alkMgPerL,ancMeqPerL,ancMgPerL
"cd691e59-0eee-44a9-b5ca-cea919043bfa","D02","LEWI","LEWI.AOS.groundwater.well.001","2018-03-08T16:15Z","2018-03-09T13:49Z","LEWI.W1.20180308","LEWI.W1.20180308.ALK",,"kgeiger@battelleecology.org",6.490,325.000,,
"f34e74a1-0a07-4cc7-a33c-e6987a795ec1","D02","LEWI","LEWI.AOS.groundwater.well.008","2018-03-08T17:24Z","2018-03-09T14:40Z","LEWI.W8.20180308","LEWI.W8.20180308.ALK",,"kgeiger@battelleecology.org",6.720,336.000,,
"0158ace3-f992-4486-97a5-96f4964a9a8f","D02","LEWI","LEWI.AOS.groundwater.well.006","2018-03-08T18:18Z","2018-03-09T14:23Z","LEWI.W6.20180308","LEWI.W6.20180308.ALK",,"kgeiger@battelleecology.org",7.320,366.000,,
"732b126b-c187-4311-984b-113354e24017","D02","LEWI","LEWI.AOS.groundwater.well.002","2018-03-08T19:02Z","2018-03-09T14:04Z","LEWI.W2.20180308","LEWI.W2.20180308.ALK",,"kgeiger@battelleecology.org",6.870,344.000,,
