uid,domainID,siteID,namedLocation,sampleID,sampleCode,startDate,collectDate,laboratoryName,analyte,analyteConcentration,analyteUnits,coolerTemp,remarks,shipmentWarmQF,externalLabDataQF,sampleCondition
"7f15599e-a764-4de5-8d73-f86d09f49d6c","D09","PRPO","PRPO.AOS.groundwater.well.001","PRPO.W1.20191015.RAW","A00000139057","2019-10-15T14:40Z","2019-10-15T14:40Z","EcoCore_CSU","ANC",44.1500,"milliequivalentsPerLiter",3.1,,0,,"OK"
"e56fba90-1d4a-4b84-915f-2d0c7917270f","D09","PRPO","PRPO.AOS.groundwater.well.001","PRPO.W1.20191015.RAW","A00000139057","2019-10-15T14:40Z","2019-10-15T14:40Z","EcoCore_CSU","TSS - Dry Mass",700.0000,"microgram",3.1,,0,,"OK"
"e7910310-dfd7-4c60-a44c-38e2fa4a4dc1","D09","PRPO","PRPO.AOS.groundwater.well.001","PRPO.W1.20191015.RAW","A00000139057","2019-10-15T14:40Z","2019-10-15T14:40Z","EcoCore_CSU","pH",7.7200,"pH",3.1,,0,,"OK"
"eb6d1ea0-bda1-4cf9-aeff-efcfb1b171d6","D09","PRPO","PRPO.AOS.groundwater.well.001","PRPO.W1.20191015.RAW","A00000139057","2019-10-15T14:40Z","2019-10-15T14:40Z","EcoCore_CSU","specificConductance",8124.0000,"microsiemensPerCentimeter",3.1,,0,,"OK"
"e4f99f67-7de2-4b18-907c-4f4d0b816a12","D09","PRPO","PRPO.AOS.groundwater.well.001","PRPO.W1.20191015.RAW","A00000139057","2019-10-15T14:40Z","2019-10-15T14:40Z","EcoCore_CSU","TSS",14.0000,"milligramsPerLiter",3.1,,0,,"OK"
"4445e9d0-dd7c-4f14-a811-e1e9aa525570","D09","PRPO","PRPO.AOS.groundwater.well.001","PRPO.W1.20191015.FIL","A00000139056","2019-10-15T14:40Z","2019-10-15T14:40Z","EcoCore_CSU","NO3+NO2 - N",0.0521,"milligramsPerLiter",3.1,,0,,"OK"
"b8037935-b778-4e5c-b62e-3ff64794ce5f","D09","PRPO","PRPO.AOS.groundwater.well.001","PRPO.W1.20191015.FIL","A00000139056","2019-10-15T14:40Z","2019-10-15T14:40Z","EcoCore_CSU","NO2 - N",-0.0064,"milligramsPerLiter",3.1,,0,,"OK"
"dda36ac0-497c-4742-b225-280d1f62266f","D09","PRPO","PRPO.AOS.groundwater.well.001","PRPO.W1.20191015.FIL","A00000139056","2019-10-15T14:40Z","2019-10-15T14:40Z","EcoCore_CSU","Ortho - P",0.0510,"milligramsPerLiter",3.1,,0,,"OK"
"68ddca55-dcd2-45b5-bb07-acf0c9e6acfb","D09","PRPO","PRPO.AOS.groundwater.well.001","PRPO.W1.20191015.FIL","A00000139056","2019-10-15T14:40Z","2019-10-15T14:40Z","EcoCore_CSU","NH4 - N",0.0364,"milligramsPerLiter",3.1,,0,,"OK"
"71b388d8-cc60-4e6e-98b2-c0ff57d8e64f","D09","PRPO","PRPO.AOS.groundwater.well.001","PRPO.W1.20191015.FIL","A00000139056","2019-10-15T14:40Z","2019-10-15T14:40Z","EcoCore_CSU","Fe",0.0005,"milligramsPerLiter",3.1,,0,,"OK"
"e06922c9-bf89-4849-bd5b-ed3239098971","D09","PRPO","PRPO.AOS.groundwater.well.001","PRPO.W1.20191015.FIL","A00000139056","2019-10-15T14:40Z","2019-10-15T14:40Z","EcoCore_CSU","Cl",51.0700,"milligramsPerLiter",3.1,,0,,"OK"
"5c1ddef4-d7d8-4f0e-a092-515eba68aecf","D09","PRPO","PRPO.AOS.groundwater.well.001","PRPO.W1.20191015.FIL","A00000139056","2019-10-15T14:40Z","2019-10-15T14:40Z","EcoCore_CSU","CO3",0.0050,"milligramsPerLiter",3.1,,0,,"OK"
"56b32e3c-b8f2-4020-a541-daf73337dce2","D09","PRPO","PRPO.AOS.groundwater.well.001","PRPO.W1.20191015.FIL","A00000139056","2019-10-15T14:40Z","2019-10-15T14:40Z","EcoCore_CSU","Br",0.0050,"milligramsPerLiter",3.1,,0,,"OK"
"040c160c-bcf5-4300-8b36-011269a5de5e","D09","PRPO","PRPO.AOS.groundwater.well.001","PRPO.W1.20191015.FIL","A00000139056","2019-10-15T14:40Z","2019-10-15T14:40Z","EcoCore_CSU","UV Absorbance (250 nm)",0.1163,,3.1,,0,,"OK"
"95027792-9a38-430e-a15d-598a8eed7620","D09","PRPO","PRPO.AOS.groundwater.well.001","PRPO.W1.20191015.RAW","A00000139057","2019-10-15T14:40Z","2019-10-15T14:40Z","EcoCore_CSU","TN",0.7086,"milligramsPerLiter",3.1,,0,,"OK"
"eebc81d2-da37-4854-8a53-e226dadededf","D09","PRPO","PRPO.AOS.groundwater.well.001","PRPO.W1.20191015.RAW","A00000139057","2019-10-15T14:40Z","2019-10-15T14:40Z","EcoCore_CSU","TOC",11.6000,"milligramsPerLiter",3.1,,0,,"OK"
"3913d531-8684-4654-926c-bc2baf9c9c1f","D09","PRPO","PRPO.AOS.groundwater.well.001","PRPO.W1.20191015.FIL","A00000139056","2019-10-15T14:40Z","2019-10-15T14:40Z","EcoCore_CSU","DOC",8.9030,"milligramsPerLiter",3.2,,0,,"OK"
"c0182ca3-113d-414e-bb63-40f9e847ea39","D09","PRPO","PRPO.AOS.groundwater.well.001","PRPO.W1.20191015.FIL","A00000139056","2019-10-15T14:40Z","2019-10-15T14:40Z","EcoCore_CSU","DIC",88.9900,"milligramsPerLiter",3.1,,0,,"OK"
"574c4d4d-afbb-4496-b6cb-6291461e3893","D09","PRPO","PRPO.AOS.groundwater.well.001","PRPO.W1.20191015.FIL","A00000139056","2019-10-15T14:40Z","2019-10-15T14:40Z","EcoCore_CSU","TDN",0.4849,"milligramsPerLiter",3.0,,0,,"OK"
"830eafd2-918a-4435-815f-1d348b0e20a9","D09","PRPO","PRPO.AOS.groundwater.well.001","PRPO.W1.20191015.PCN","A00000139013","2019-10-15T14:40Z","2019-10-15T14:40Z","EcoCore_CSU","TPN",0.1208,"milligram",3.1,,0,,"OK"
"768a4e3b-7e5c-4e4f-906a-ec2810b2ed89","D09","PRPO","PRPO.AOS.groundwater.well.001","PRPO.W1.20191015.PCN","A00000139013","2019-10-15T14:40Z","2019-10-15T14:40Z","EcoCore_CSU","TPC",0.1793,"milligram",3.1,,0,,"OK"
"ed642a15-a2f3-4b5b-927a-7f30eea21197","D09","PRPO","PRPO.AOS.groundwater.well.001","PRPO.W1.20191015.RAW","A00000139057","2019-10-15T14:40Z","2019-10-15T14:40Z","EcoCore_CSU","TP",0.1350,"milligramsPerLiter",3.1,,0,,"OK"
"2157d4dc-c7b2-4c6d-a8b2-bbd8b58f757b","D09","PRPO","PRPO.AOS.groundwater.well.001","PRPO.W1.20191015.FIL","A00000139056","2019-10-15T14:40Z","2019-10-15T14:40Z","EcoCore_CSU","UV Absorbance (280 nm)",0.0644,,1.9,,0,,"OK"
"c74ef3c9-640d-4244-aa1c-f8aac0f3b321","D09","PRPO","PRPO.AOS.groundwater.well.001","PRPO.W1.20191015.FIL","A00000139056","2019-10-15T14:40Z","2019-10-15T14:40Z","EcoCore_CSU","TDP",0.0250,"milligramsPerLiter",3.1,,0,,"OK"
"4e66bba9-0dbc-4834-bb78-82e227025cbe","D09","PRPO","PRPO.AOS.groundwater.well.001","PRPO.W1.20191015.FIL","A00000139056","2019-10-15T14:40Z","2019-10-15T14:40Z","EcoCore_CSU","Mn",0.0020,"milligramsPerLiter",3.1,,0,,"OK"
"31454e44-fc4b-41df-9e54-cfac71be9f16","D09","PRPO","PRPO.AOS.groundwater.well.001","PRPO.W1.20191015.FIL","A00000139056","2019-10-15T14:40Z","2019-10-15T14:40Z","EcoCore_CSU","F",0.0050,"milligramsPerLiter",3.1,,0,,"OK"
"166c8098-a81d-4d1a-8bb9-7feef311aa54","D09","PRPO","PRPO.AOS.groundwater.well.001","PRPO.W1.20191015.FIL","A00000139056","2019-10-15T14:40Z","2019-10-15T14:40Z","EcoCore_CSU","Si",18.5900,"milligramsPerLiter",3.1,,0,,"OK"
"12db21b5-c7ae-484b-856f-af6a44c9d81d","D09","PRPO","PRPO.AOS.groundwater.well.001","PRPO.W1.20191015.FIL","A00000139056","2019-10-15T14:40Z","2019-10-15T14:40Z","EcoCore_CSU","SO4",1778.9990,"milligramsPerLiter",3.1,,0,,"OK"
"102ee1c6-0b9a-4e0f-9f1d-ef8f495350ef","D09","PRPO","PRPO.AOS.groundwater.well.001","PRPO.W1.20191015.FIL","A00000139056","2019-10-15T14:40Z","2019-10-15T14:40Z","EcoCore_CSU","HCO3",2663.4100,"milligramsPerLiter",3.1,,0,,"OK"
"9fb451a5-3d76-4460-975a-c550bfdda0b6","D09","PRPO","PRPO.AOS.groundwater.well.001","PRPO.W1.20191015.FIL","A00000139056","2019-10-15T14:40Z","2019-10-15T14:40Z","EcoCore_CSU","TDS",5692.5400,"milligramsPerLiter",3.1,,0,,"OK"
"41307a65-c807-4f55-b150-03f2955d2834","D09","PRPO","PRPO.AOS.groundwater.well.001","PRPO.W1.20191015.FIL","A00000139056","2019-10-15T14:40Z","2019-10-15T14:40Z","EcoCore_CSU","Ca",316.1000,"milligramsPerLiter",3.1,,0,,"OK"
"fb734c98-847d-4775-9aa3-5d80e2d0838a","D09","PRPO","PRPO.AOS.groundwater.well.001","PRPO.W1.20191015.FIL","A00000139056","2019-10-15T14:40Z","2019-10-15T14:40Z","EcoCore_CSU","Na",381.7000,"milligramsPerLiter",3.1,,0,,"OK"
"b7ee10b0-8f30-4500-b59e-edebb8589e57","D09","PRPO","PRPO.AOS.groundwater.well.001","PRPO.W1.20191015.FIL","A00000139056","2019-10-15T14:40Z","2019-10-15T14:40Z","EcoCore_CSU","Mg",595.8000,"milligramsPerLiter",3.1,,0,,"OK"
"c14a41c0-d1bd-4a2a-abc2-b3ff104b3eee","D09","PRPO","PRPO.AOS.groundwater.well.001","PRPO.W1.20191015.FIL","A00000139056","2019-10-15T14:40Z","2019-10-15T14:40Z","EcoCore_CSU","K",2.2970,"milligramsPerLiter",3.1,,0,,"OK"
"e47a3a6f-e51d-4ce3-aa73-0e4adb61c242","D09","PRPO","PRPO.AOS.groundwater.well.003","PRPO.W3.20191015.FIL","A00000139058","2019-10-15T15:57Z","2019-10-15T15:57Z","EcoCore_CSU","TDN",0.4042,"milligramsPerLiter",3.1,,0,,"OK"
"052858c5-773e-4e24-8d88-9cadfbe3a121","D09","PRPO","PRPO.AOS.groundwater.well.003","PRPO.W3.20191015.FIL","A00000139058","2019-10-15T15:57Z","2019-10-15T15:57Z","EcoCore_CSU","DOC",5.2090,"milligramsPerLiter",3.1,,0,,"OK"
"55360d56-1fe1-4c4d-8c74-6d1c3bd741f5","D09","PRPO","PRPO.AOS.groundwater.well.003","PRPO.W3.20191015.FIL","A00000139058","2019-10-15T15:57Z","2019-10-15T15:57Z","EcoCore_CSU","DIC",123.5000,"milligramsPerLiter",3.1,,0,,"OK"
"302db433-c97f-4c22-81e4-d7829b067910","D09","PRPO","PRPO.AOS.groundwater.well.003","PRPO.W3.20191015.RAW","A00000139030","2019-10-15T15:57Z","2019-10-15T15:57Z","EcoCore_CSU","specificConductance",3265.1400,"microsiemensPerCentimeter",3.1,,0,,"OK"
"4bbde319-3db9-4385-90b1-6508054492f5","D09","PRPO","PRPO.AOS.groundwater.well.003","PRPO.W3.20191015.RAW","A00000139030","2019-10-15T15:57Z","2019-10-15T15:57Z","EcoCore_CSU","pH",7.2000,"pH",3.1,,0,,"OK"
"ba45d47b-53d3-4097-8b58-438bf534fc90","D09","PRPO","PRPO.AOS.groundwater.well.003","PRPO.W3.20191015.RAW","A00000139030","2019-10-15T15:57Z","2019-10-15T15:57Z","EcoCore_CSU","TSS",64.0000,"milligramsPerLiter",3.1,,0,,"OK"
"513e995a-df7f-42b9-8bf9-5e06b86d87c9","D09","PRPO","PRPO.AOS.groundwater.well.003","PRPO.W3.20191015.RAW","A00000139030","2019-10-15T15:57Z","2019-10-15T15:57Z","EcoCore_CSU","ANC",5.6200,"milliequivalentsPerLiter",3.1,,0,,"OK"
"fccfa7a7-9dfb-4794-b460-2a7bc33e3486","D09","PRPO","PRPO.AOS.groundwater.well.003","PRPO.W3.20191015.RAW","A00000139030","2019-10-15T15:57Z","2019-10-15T15:57Z","EcoCore_CSU","TSS - Dry Mass",3200.0000,"microgram",3.1,,0,,"OK"
"aabf3fb0-6e86-48e8-8266-a481cc69cb30","D09","PRPO","PRPO.AOS.groundwater.well.003","PRPO.W3.20191015.RAW","A00000139030","2019-10-15T15:57Z","2019-10-15T15:57Z","EcoCore_CSU","TP",0.4720,"milligramsPerLiter",3.1,,0,,"OK"
"60820165-5274-4f30-a423-71c0cb47f9ba","D09","PRPO","PRPO.AOS.groundwater.well.003","PRPO.W3.20191015.FIL","A00000139058","2019-10-15T15:57Z","2019-10-15T15:57Z","EcoCore_CSU","NO2 - N",-0.0065,"milligramsPerLiter",3.1,,0,,"OK"
"0eb9f886-a49d-46f9-b889-287199b31540","D09","PRPO","PRPO.AOS.groundwater.well.003","PRPO.W3.20191015.FIL","A00000139058","2019-10-15T15:57Z","2019-10-15T15:57Z","EcoCore_CSU","NO3+NO2 - N",0.1242,"milligramsPerLiter",3.1,,0,,"OK"
"0270e2e4-ed9a-4940-9aad-e88ca6e2baab","D09","PRPO","PRPO.AOS.groundwater.well.003","PRPO.W3.20191015.FIL","A00000139058","2019-10-15T15:57Z","2019-10-15T15:57Z","EcoCore_CSU","Ortho - P",0.0420,"milligramsPerLiter",3.1,,0,,"OK"
"7c81f745-f1cd-4ce6-b680-63131d35648d","D09","PRPO","PRPO.AOS.groundwater.well.003","PRPO.W3.20191015.FIL","A00000139058","2019-10-15T15:57Z","2019-10-15T15:57Z","EcoCore_CSU","NH4 - N",0.0199,"milligramsPerLiter",3.1,,0,,"OK"
"a6817427-26c7-4cf9-9046-d495ecc30bb4","D09","PRPO","PRPO.AOS.groundwater.well.003","PRPO.W3.20191015.FIL","A00000139058","2019-10-15T15:57Z","2019-10-15T15:57Z","EcoCore_CSU","SO4",1352.3400,"milligramsPerLiter",3.1,,0,,"OK"
"e09576ce-43e5-4113-9811-839717160413","D09","PRPO","PRPO.AOS.groundwater.well.003","PRPO.W3.20191015.FIL","A00000139058","2019-10-15T15:57Z","2019-10-15T15:57Z","EcoCore_CSU","Br",0.0050,"milligramsPerLiter",3.1,,0,,"OK"
"a602bf7d-4f49-459e-ad83-8e8dd34c7bfe","D09","PRPO","PRPO.AOS.groundwater.well.003","PRPO.W3.20191015.FIL","A00000139058","2019-10-15T15:57Z","2019-10-15T15:57Z","EcoCore_CSU","Na",80.4500,"milligramsPerLiter",3.1,,0,,"OK"
"64629ed2-a081-43cf-8ed8-396dcbd8fcd0","D09","PRPO","PRPO.AOS.groundwater.well.003","PRPO.W3.20191015.FIL","A00000139058","2019-10-15T15:57Z","2019-10-15T15:57Z","EcoCore_CSU","Mg",164.2000,"milligramsPerLiter",3.1,,0,,"OK"
"8e9a3815-ede2-4b68-8cc0-b1ce9742d20b","D09","PRPO","PRPO.AOS.groundwater.well.003","PRPO.W3.20191015.FIL","A00000139058","2019-10-15T15:57Z","2019-10-15T15:57Z","EcoCore_CSU","F",0.0050,"milligramsPerLiter",3.1,,0,,"OK"
"c7397fa1-fc7f-4811-a792-e4fcef5f437c","D09","PRPO","PRPO.AOS.groundwater.well.003","PRPO.W3.20191015.FIL","A00000139058","2019-10-15T15:57Z","2019-10-15T15:57Z","EcoCore_CSU","HCO3",330.2800,"milligramsPerLiter",3.1,,0,,"OK"
"d6d69bd4-b903-4762-ba5e-e04c09fde00e","D09","PRPO","PRPO.AOS.groundwater.well.003","PRPO.W3.20191015.FIL","A00000139058","2019-10-15T15:57Z","2019-10-15T15:57Z","EcoCore_CSU","TDP",0.0480,"milligramsPerLiter",3.1,,0,,"OK"
"f3434989-1521-4c15-a827-9c3a69025d39","D09","PRPO","PRPO.AOS.groundwater.well.003","PRPO.W3.20191015.FIL","A00000139058","2019-10-15T15:57Z","2019-10-15T15:57Z","EcoCore_CSU","Ca",325.4110,"milligramsPerLiter",3.1,,0,,"OK"
"41192e9a-f7e3-4ab3-9a74-e858f3bf6944","D09","PRPO","PRPO.AOS.groundwater.well.003","PRPO.W3.20191015.FIL","A00000139058","2019-10-15T15:57Z","2019-10-15T15:57Z","EcoCore_CSU","K",8.2790,"milligramsPerLiter",3.1,,0,,"OK"
"5ecdf247-3cb3-4ab1-8993-fc0b80574eb8","D09","PRPO","PRPO.AOS.groundwater.well.003","PRPO.W3.20191015.FIL","A00000139058","2019-10-15T15:57Z","2019-10-15T15:57Z","EcoCore_CSU","Fe",0.0005,"milligramsPerLiter",3.1,,0,,"OK"
"f76eb22c-0f37-4350-a16e-5c3ce7de8451","D09","PRPO","PRPO.AOS.groundwater.well.003","PRPO.W3.20191015.FIL","A00000139058","2019-10-15T15:57Z","2019-10-15T15:57Z","EcoCore_CSU","CO3",0.0050,"milligramsPerLiter",3.1,,0,,"OK"
"8f4ceb36-85ca-41de-af64-d0f85b9419a6","D09","PRPO","PRPO.AOS.groundwater.well.003","PRPO.W3.20191015.FIL","A00000139058","2019-10-15T15:57Z","2019-10-15T15:57Z","EcoCore_CSU","TDS",2295.6400,"milligramsPerLiter",3.1,,0,,"OK"
"ca1b1997-61bb-4e51-890d-99254ed1ab50","D09","PRPO","PRPO.AOS.groundwater.well.003","PRPO.W3.20191015.FIL","A00000139058","2019-10-15T15:57Z","2019-10-15T15:57Z","EcoCore_CSU","Si",19.3600,"milligramsPerLiter",3.1,,0,,"OK"
"c57f54d1-5dab-4baf-8104-43d5d3c546c0","D09","PRPO","PRPO.AOS.groundwater.well.003","PRPO.W3.20191015.FIL","A00000139058","2019-10-15T15:57Z","2019-10-15T15:57Z","EcoCore_CSU","Mn",0.0005,"milligramsPerLiter",3.1,,0,,"OK"
"d2b1aa97-c835-4374-ad1d-35c48601324c","D09","PRPO","PRPO.AOS.groundwater.well.003","PRPO.W3.20191015.FIL","A00000139058","2019-10-15T15:57Z","2019-10-15T15:57Z","EcoCore_CSU","Cl",2.7500,"milligramsPerLiter",3.1,,0,,"OK"
"1db9aeb2-b7e7-44ee-9fcd-4dec4a450a77","D09","PRPO","PRPO.AOS.groundwater.well.003","PRPO.W3.20191015.FIL","A00000139058","2019-10-15T15:57Z","2019-10-15T15:57Z","EcoCore_CSU","UV Absorbance (250 nm)",0.0653,,3.1,,0,,"OK"
"2aa28046-909e-4ac9-b9f5-29eaa5c7fc53","D09","PRPO","PRPO.AOS.groundwater.well.003","PRPO.W3.20191015.FIL","A00000139058","2019-10-15T15:57Z","2019-10-15T15:57Z","EcoCore_CSU","UV Absorbance (280 nm)",0.0360,,3.1,,0,,"OK"
"899a1f96-6d9e-4eb1-87e7-ed3abdcc4d2c","D09","PRPO","PRPO.AOS.groundwater.well.003","PRPO.W3.20191015.RAW","A00000139030","2019-10-15T15:57Z","2019-10-15T15:57Z","EcoCore_CSU","TN",0.3997,"milligramsPerLiter",3.1,,0,,"OK"
"14027569-66f4-45e1-a1d8-0b1a9036de88","D09","PRPO","PRPO.AOS.groundwater.well.003","PRPO.W3.20191015.RAW","A00000139030","2019-10-15T15:57Z","2019-10-15T15:57Z","EcoCore_CSU","TOC",4.9750,"milligramsPerLiter",3.1,,0,,"OK"
"1e73fbad-cd77-4d56-83a4-03c6c31a0474","D09","PRPO","PRPO.AOS.groundwater.well.003","PRPO.W3.20191015.PCN","A00000139014","2019-10-15T15:57Z","2019-10-15T15:57Z","EcoCore_CSU","TPN",0.1300,"milligram",3.1,,0,,"OK"
"780bb4b6-f79e-4727-af2e-7a23727227f8","D09","PRPO","PRPO.AOS.groundwater.well.003","PRPO.W3.20191015.PCN","A00000139014","2019-10-15T15:57Z","2019-10-15T15:57Z","EcoCore_CSU","TPC",0.1585,"milligram",3.1,,0,,"OK"
"c6793862-3e6c-453e-84fc-1f8ea06ba455","D09","PRPO","PRPO.AOS.groundwater.well.005","PRPO.W5.20191015.RAW","A00000139032","2019-10-15T17:43Z","2019-10-15T17:43Z","EcoCore_CSU","specificConductance",5269.4700,"microsiemensPerCentimeter",3.1,,0,,"OK"
"8b6c7ee9-5467-4d70-9bb7-05a81128ee83","D09","PRPO","PRPO.AOS.groundwater.well.005","PRPO.W5.20191015.PCN","A00000139015","2019-10-15T17:43Z","2019-10-15T17:43Z","EcoCore_CSU","TPC",0.1778,"milligram",3.1,,0,,"OK"
"ad4dfe1c-cdc2-442b-b6c8-554d6431ca3c","D09","PRPO","PRPO.AOS.groundwater.well.005","PRPO.W5.20191015.RAW","A00000139032","2019-10-15T17:43Z","2019-10-15T17:43Z","EcoCore_CSU","pH",7.4200,"pH",3.1,,0,,"OK"
"85b3c7ca-f0d8-4ff5-820f-2aa547cbcb08","D09","PRPO","PRPO.AOS.groundwater.well.005","PRPO.W5.20191015.RAW","A00000139032","2019-10-15T17:43Z","2019-10-15T17:43Z","EcoCore_CSU","TP",0.1040,"milligramsPerLiter",3.1,,0,,"OK"
"f717cf9a-4ba0-451c-bda0-786e92ec10da","D09","PRPO","PRPO.AOS.groundwater.well.005","PRPO.W5.20191015.RAW","A00000139032","2019-10-15T17:43Z","2019-10-15T17:43Z","EcoCore_CSU","TSS",8.0000,"milligramsPerLiter",3.1,,0,,"OK"
"605d2443-5390-4112-883c-786863b0ccec","D09","PRPO","PRPO.AOS.groundwater.well.005","PRPO.W5.20191015.RAW","A00000139032","2019-10-15T17:43Z","2019-10-15T17:43Z","EcoCore_CSU","ANC",35.6300,"milliequivalentsPerLiter",3.1,,0,,"OK"
"bbb6143a-c601-488e-976d-ef5dd7846da5","D09","PRPO","PRPO.AOS.groundwater.well.005","PRPO.W5.20191015.FIL","A00000139031","2019-10-15T17:43Z","2019-10-15T17:43Z","EcoCore_CSU","Ortho - P",0.0560,"milligramsPerLiter",3.1,,0,,"OK"
"6a2b98dc-9c6c-4016-b797-eb4d6b8e3287","D09","PRPO","PRPO.AOS.groundwater.well.005","PRPO.W5.20191015.FIL","A00000139031","2019-10-15T17:43Z","2019-10-15T17:43Z","EcoCore_CSU","NO2 - N",-0.0056,"milligramsPerLiter",3.1,,0,,"OK"
"6be47b70-4c70-48ae-b654-7208d9fd4533","D09","PRPO","PRPO.AOS.groundwater.well.005","PRPO.W5.20191015.FIL","A00000139031","2019-10-15T17:43Z","2019-10-15T17:43Z","EcoCore_CSU","NO3+NO2 - N",0.1029,"milligramsPerLiter",3.1,,0,,"OK"
"63e953e8-fb33-474b-950c-6f1d7ca78659","D09","PRPO","PRPO.AOS.groundwater.well.005","PRPO.W5.20191015.FIL","A00000139031","2019-10-15T17:43Z","2019-10-15T17:43Z","EcoCore_CSU","NH4 - N",0.0590,"milligramsPerLiter",3.1,,0,,"OK"
"2e1093b8-b2ba-4c45-8705-4920bd7c290b","D09","PRPO","PRPO.AOS.groundwater.well.005","PRPO.W5.20191015.FIL","A00000139031","2019-10-15T17:43Z","2019-10-15T17:43Z","EcoCore_CSU","SO4",966.4994,"milligramsPerLiter",3.1,,0,,"OK"
"a10079ed-4632-4df4-98e3-0617de40a3c5","D09","PRPO","PRPO.AOS.groundwater.well.005","PRPO.W5.20191015.FIL","A00000139031","2019-10-15T17:43Z","2019-10-15T17:43Z","EcoCore_CSU","Fe",0.0005,"milligramsPerLiter",3.1,,0,,"OK"
"d63cf85f-0d67-4a25-b9cc-e812372d70e4","D09","PRPO","PRPO.AOS.groundwater.well.005","PRPO.W5.20191015.FIL","A00000139031","2019-10-15T17:43Z","2019-10-15T17:43Z","EcoCore_CSU","CO3",0.0050,"milligramsPerLiter",3.1,,0,,"OK"
"b14f29c0-f9e9-4bab-926e-eef3b38751a8","D09","PRPO","PRPO.AOS.groundwater.well.005","PRPO.W5.20191015.FIL","A00000139031","2019-10-15T17:43Z","2019-10-15T17:43Z","EcoCore_CSU","Cl",23.4300,"milligramsPerLiter",3.1,,0,,"OK"
"f5df7793-4e61-4400-b921-cab20b889586","D09","PRPO","PRPO.AOS.groundwater.well.005","PRPO.W5.20191015.FIL","A00000139031","2019-10-15T17:43Z","2019-10-15T17:43Z","EcoCore_CSU","Br",0.0050,"milligramsPerLiter",3.1,,0,,"OK"
"31fb482d-14c6-4c71-951e-4d0da178c7a7","D09","PRPO","PRPO.AOS.groundwater.well.005","PRPO.W5.20191015.FIL","A00000139031","2019-10-15T17:43Z","2019-10-15T17:43Z","EcoCore_CSU","Si",20.0400,"milligramsPerLiter",3.1,,0,,"OK"
"2dd3eb20-229f-4e87-91fd-4baa9ecc178f","D09","PRPO","PRPO.AOS.groundwater.well.005","PRPO.W5.20191015.FIL","A00000139031","2019-10-15T17:43Z","2019-10-15T17:43Z","EcoCore_CSU","F",0.0050,"milligramsPerLiter",3.1,,0,,"OK"
"6b829e2e-8f4d-40d0-a75f-5220ff55175b","D09","PRPO","PRPO.AOS.groundwater.well.005","PRPO.W5.20191015.FIL","A00000139031","2019-10-15T17:43Z","2019-10-15T17:43Z","EcoCore_CSU","TDS",3685.1200,"milligramsPerLiter",3.1,,0,,"OK"
"47c04540-0f55-41d3-9126-b9ce494cd1b2","D09","PRPO","PRPO.AOS.groundwater.well.005","PRPO.W5.20191015.FIL","A00000139031","2019-10-15T17:43Z","2019-10-15T17:43Z","EcoCore_CSU","Mn",0.0005,"milligramsPerLiter",3.1,,0,,"OK"
"f7d793f5-5b31-44e8-9fe9-f8934d89483c","D09","PRPO","PRPO.AOS.groundwater.well.005","PRPO.W5.20191015.FIL","A00000139031","2019-10-15T17:43Z","2019-10-15T17:43Z","EcoCore_CSU","K",12.2100,"milligramsPerLiter",3.1,,0,,"OK"
"421e7364-7a5d-4846-875f-30376013ee72","D09","PRPO","PRPO.AOS.groundwater.well.005","PRPO.W5.20191015.FIL","A00000139031","2019-10-15T17:43Z","2019-10-15T17:43Z","EcoCore_CSU","Ca",323.8000,"milligramsPerLiter",3.1,,0,,"OK"
"2a62c31e-33d3-44ef-b526-14e623941308","D09","PRPO","PRPO.AOS.groundwater.well.005","PRPO.W5.20191015.FIL","A00000139031","2019-10-15T17:43Z","2019-10-15T17:43Z","EcoCore_CSU","Mg",312.7000,"milligramsPerLiter",3.1,,0,,"OK"
"cb0c4cb6-21aa-499d-8550-868447b53a8a","D09","PRPO","PRPO.AOS.groundwater.well.005","PRPO.W5.20191015.FIL","A00000139031","2019-10-15T17:43Z","2019-10-15T17:43Z","EcoCore_CSU","Na",256.3000,"milligramsPerLiter",3.1,,0,,"OK"
"0c4a7f66-aabb-4f71-8793-f583a952d090","D09","PRPO","PRPO.AOS.groundwater.well.005","PRPO.W5.20191015.FIL","A00000139031","2019-10-15T17:43Z","2019-10-15T17:43Z","EcoCore_CSU","TDP",0.0110,"milligramsPerLiter",3.1,,0,,"OK"
"035cdcef-5f5f-460d-ac7f-cabd5b5c4d58","D09","PRPO","PRPO.AOS.groundwater.well.005","PRPO.W5.20191015.FIL","A00000139031","2019-10-15T17:43Z","2019-10-15T17:43Z","EcoCore_CSU","HCO3",2016.3500,"milligramsPerLiter",3.1,,0,,"OK"
"a948d324-8f8a-4fc9-99ed-bb278629be1b","D09","PRPO","PRPO.AOS.groundwater.well.005","PRPO.W5.20191015.FIL","A00000139031","2019-10-15T17:43Z","2019-10-15T17:43Z","EcoCore_CSU","UV Absorbance (250 nm)",0.1838,,3.1,,0,,"OK"
"0fce88d4-1d70-4c7e-a123-122735f33e5c","D09","PRPO","PRPO.AOS.groundwater.well.005","PRPO.W5.20191015.FIL","A00000139031","2019-10-15T17:43Z","2019-10-15T17:43Z","EcoCore_CSU","UV Absorbance (280 nm)",0.1059,,3.1,,0,,"OK"
"69d8b2e9-1d40-4060-aea1-0f231f2abe00","D09","PRPO","PRPO.AOS.groundwater.well.005","PRPO.W5.20191015.RAW","A00000139032","2019-10-15T17:43Z","2019-10-15T17:43Z","EcoCore_CSU","TN",0.4918,"milligramsPerLiter",3.1,,0,,"OK"
"8d881f25-9abe-4047-8c3d-473d18fa84dc","D09","PRPO","PRPO.AOS.groundwater.well.005","PRPO.W5.20191015.RAW","A00000139032","2019-10-15T17:43Z","2019-10-15T17:43Z","EcoCore_CSU","TOC",8.9410,"milligramsPerLiter",3.1,,0,,"OK"
"8b5f5f3a-6711-4298-8cd6-53b3502e1a24","D09","PRPO","PRPO.AOS.groundwater.well.005","PRPO.W5.20191015.FIL","A00000139031","2019-10-15T17:43Z","2019-10-15T17:43Z","EcoCore_CSU","TDN",0.6990,"milligramsPerLiter",0.7,,0,,"OK"
"7ae6943c-66d8-4876-adfc-bd8b39f09a70","D09","PRPO","PRPO.AOS.groundwater.well.005","PRPO.W5.20191015.FIL","A00000139031","2019-10-15T17:43Z","2019-10-15T17:43Z","EcoCore_CSU","DOC",11.7400,"milligramsPerLiter",2.1,,0,,"OK"
"7bbf5901-26d4-49e6-a8ee-f842f8f6e3d6","D09","PRPO","PRPO.AOS.groundwater.well.005","PRPO.W5.20191015.FIL","A00000139031","2019-10-15T17:43Z","2019-10-15T17:43Z","EcoCore_CSU","DIC",182.2000,"milligramsPerLiter",3.1,,0,,"OK"
"11678c5b-399c-4982-9689-839ca1639774","D09","PRPO","PRPO.AOS.groundwater.well.005","PRPO.W5.20191015.PCN","A00000139015","2019-10-15T17:43Z","2019-10-15T17:43Z","EcoCore_CSU","TPN",0.1044,"milligram",3.1,,0,,"OK"
"f6947838-6608-4fe9-95b2-c6a20b229a5b","D09","PRPO","PRPO.AOS.groundwater.well.005","PRPO.W5.20191015.RAW","A00000139032","2019-10-15T17:43Z","2019-10-15T17:43Z","EcoCore_CSU","TSS - Dry Mass",400.0000,"microgram",3.1,,0,,"OK"
"3e630acf-3f49-4294-b8ff-42953f343b17","D09","PRPO","PRPO.AOS.groundwater.well.007","PRPO.W7.20191016.FIL","A00000139033","2019-10-16T14:43Z","2019-10-16T14:43Z","EcoCore_CSU","DIC",159.8000,"milligramsPerLiter",0.9,,0,,"OK"
"b7189144-193d-445c-a928-ca90ae918b1b","D09","PRPO","PRPO.AOS.groundwater.well.007","PRPO.W7.20191016.PCN","A00000139016","2019-10-16T14:43Z","2019-10-16T14:43Z","EcoCore_CSU","TPN",0.0965,"milligram",0.9,,0,,"OK"
"f63d8bbc-4d19-4a01-aeb5-cf3705e27fe7","D09","PRPO","PRPO.AOS.groundwater.well.007","PRPO.W7.20191016.FIL","A00000139033","2019-10-16T14:43Z","2019-10-16T14:43Z","EcoCore_CSU","DOC",14.4700,"milligramsPerLiter",0.9,,0,,"OK"
"8c9b4f02-e013-4d36-9a35-71609a69b7af","D09","PRPO","PRPO.AOS.groundwater.well.007","PRPO.W7.20191016.RAW","A00000139034","2019-10-16T14:43Z","2019-10-16T14:43Z","EcoCore_CSU","pH",7.3700,"pH",0.9,,0,,"OK"
"db808b8d-18b6-425e-a991-9d1d2d4521d7","D09","PRPO","PRPO.AOS.groundwater.well.007","PRPO.W7.20191016.RAW","A00000139034","2019-10-16T14:43Z","2019-10-16T14:43Z","EcoCore_CSU","TSS - Dry Mass",1300.0000,"microgram",0.9,,0,,"OK"
"ae3a1bd0-7068-4580-9976-2dbec82ac144","D09","PRPO","PRPO.AOS.groundwater.well.007","PRPO.W7.20191016.RAW","A00000139034","2019-10-16T14:43Z","2019-10-16T14:43Z","EcoCore_CSU","TP",0.2220,"milligramsPerLiter",0.9,,0,,"OK"
"96d90d09-28d4-4a83-8b6d-b6b81696b583","D09","PRPO","PRPO.AOS.groundwater.well.007","PRPO.W7.20191016.RAW","A00000139034","2019-10-16T14:43Z","2019-10-16T14:43Z","EcoCore_CSU","TSS",26.0000,"milligramsPerLiter",0.9,,0,,"OK"
"f775b09a-1e8c-4f31-8fe3-8365e2cf2fba","D09","PRPO","PRPO.AOS.groundwater.well.007","PRPO.W7.20191016.RAW","A00000139034","2019-10-16T14:43Z","2019-10-16T14:43Z","EcoCore_CSU","ANC",3.5600,"milliequivalentsPerLiter",0.9,,0,,"OK"
"685aee0c-fc45-4b6f-b7ca-f31ab63d07d0","D09","PRPO","PRPO.AOS.groundwater.well.007","PRPO.W7.20191016.RAW","A00000139034","2019-10-16T14:43Z","2019-10-16T14:43Z","EcoCore_CSU","specificConductance",5040.5600,"microsiemensPerCentimeter",0.9,,0,,"OK"
"78b3c655-d652-42f0-8d7b-d8a14328afb7","D09","PRPO","PRPO.AOS.groundwater.well.007","PRPO.W7.20191016.FIL","A00000139033","2019-10-16T14:43Z","2019-10-16T14:43Z","EcoCore_CSU","NO2 - N",-0.0050,"milligramsPerLiter",0.9,,0,,"OK"
"294994f7-d318-4543-98f5-270ac4a3776a","D09","PRPO","PRPO.AOS.groundwater.well.007","PRPO.W7.20191016.FIL","A00000139033","2019-10-16T14:43Z","2019-10-16T14:43Z","EcoCore_CSU","NO3+NO2 - N",0.0870,"milligramsPerLiter",0.9,,0,,"OK"
"1950276d-4d6f-4ef6-9e6b-0a21e2e537da","D09","PRPO","PRPO.AOS.groundwater.well.007","PRPO.W7.20191016.FIL","A00000139033","2019-10-16T14:43Z","2019-10-16T14:43Z","EcoCore_CSU","NH4 - N",0.0441,"milligramsPerLiter",0.9,,0,,"OK"
"38491e47-ea44-4895-af4d-d26795b9b8bf","D09","PRPO","PRPO.AOS.groundwater.well.007","PRPO.W7.20191016.FIL","A00000139033","2019-10-16T14:43Z","2019-10-16T14:43Z","EcoCore_CSU","Ortho - P",0.0490,"milligramsPerLiter",0.9,,0,,"OK"
"2b00e2c8-f025-478e-882c-475fc2654022","D09","PRPO","PRPO.AOS.groundwater.well.007","PRPO.W7.20191016.FIL","A00000139033","2019-10-16T14:43Z","2019-10-16T14:43Z","EcoCore_CSU","Cl",3.2200,"milligramsPerLiter",0.9,,0,,"OK"
"74002bd3-7408-46d0-9ee6-4a79b46c052a","D09","PRPO","PRPO.AOS.groundwater.well.007","PRPO.W7.20191016.FIL","A00000139033","2019-10-16T14:43Z","2019-10-16T14:43Z","EcoCore_CSU","Br",0.0050,"milligramsPerLiter",0.9,,0,,"OK"
"1f003692-048d-4b87-83b4-f54631adfdf5","D09","PRPO","PRPO.AOS.groundwater.well.007","PRPO.W7.20191016.FIL","A00000139033","2019-10-16T14:43Z","2019-10-16T14:43Z","EcoCore_CSU","K",5.0200,"milligramsPerLiter",0.9,,0,,"OK"
"b3475d74-334e-43d7-9306-325b507f4a89","D09","PRPO","PRPO.AOS.groundwater.well.007","PRPO.W7.20191016.FIL","A00000139033","2019-10-16T14:43Z","2019-10-16T14:43Z","EcoCore_CSU","Ca",475.3810,"milligramsPerLiter",0.9,,0,,"OK"
"7653f688-a684-4e81-8219-88402083c272","D09","PRPO","PRPO.AOS.groundwater.well.007","PRPO.W7.20191016.FIL","A00000139033","2019-10-16T14:43Z","2019-10-16T14:43Z","EcoCore_CSU","Si",24.4000,"milligramsPerLiter",0.9,,0,,"OK"
"d25c8c76-2536-468f-9a67-23ef21520de7","D09","PRPO","PRPO.AOS.groundwater.well.007","PRPO.W7.20191016.FIL","A00000139033","2019-10-16T14:43Z","2019-10-16T14:43Z","EcoCore_CSU","HCO3",209.5600,"milligramsPerLiter",0.9,,0,,"OK"
"be2f8f8a-66c3-4e12-af3b-4ad592db6642","D09","PRPO","PRPO.AOS.groundwater.well.007","PRPO.W7.20191016.FIL","A00000139033","2019-10-16T14:43Z","2019-10-16T14:43Z","EcoCore_CSU","F",0.6100,"milligramsPerLiter",0.9,,0,,"OK"
"a2794b15-5edb-4c4f-880a-24ca03e329c0","D09","PRPO","PRPO.AOS.groundwater.well.007","PRPO.W7.20191016.FIL","A00000139033","2019-10-16T14:43Z","2019-10-16T14:43Z","EcoCore_CSU","SO4",2247.5200,"milligramsPerLiter",0.9,,0,,"OK"
"8c019b68-a5ac-4ebd-a303-8d71241202b9","D09","PRPO","PRPO.AOS.groundwater.well.007","PRPO.W7.20191016.FIL","A00000139033","2019-10-16T14:43Z","2019-10-16T14:43Z","EcoCore_CSU","CO3",0.0050,"milligramsPerLiter",0.9,,0,,"OK"
"8b0a5c4c-ca80-48ff-ad16-987a0aa3c0f0","D09","PRPO","PRPO.AOS.groundwater.well.007","PRPO.W7.20191016.FIL","A00000139033","2019-10-16T14:43Z","2019-10-16T14:43Z","EcoCore_CSU","Na",125.4000,"milligramsPerLiter",0.9,,0,,"OK"
"e7c38f29-29bb-4de9-8f6d-ed30a08d6343","D09","PRPO","PRPO.AOS.groundwater.well.007","PRPO.W7.20191016.FIL","A00000139033","2019-10-16T14:43Z","2019-10-16T14:43Z","EcoCore_CSU","TDS",3531.2300,"milligramsPerLiter",0.9,,0,,"OK"
"3222b5af-9ad7-48e0-a0b5-9e86420bfad0","D09","PRPO","PRPO.AOS.groundwater.well.007","PRPO.W7.20191016.FIL","A00000139033","2019-10-16T14:43Z","2019-10-16T14:43Z","EcoCore_CSU","TDP",0.0130,"milligramsPerLiter",0.9,,0,,"OK"
"7fa5d0cf-634b-4ae4-9311-d42c8024938d","D09","PRPO","PRPO.AOS.groundwater.well.007","PRPO.W7.20191016.FIL","A00000139033","2019-10-16T14:43Z","2019-10-16T14:43Z","EcoCore_CSU","Mn",0.0005,"milligramsPerLiter",0.9,,0,,"OK"
"7c8ae670-03c1-4811-a421-378a68d726f7","D09","PRPO","PRPO.AOS.groundwater.well.007","PRPO.W7.20191016.FIL","A00000139033","2019-10-16T14:43Z","2019-10-16T14:43Z","EcoCore_CSU","Fe",0.0005,"milligramsPerLiter",0.9,,0,,"OK"
"feec7321-cee7-4125-a7a0-5f9661ce4b72","D09","PRPO","PRPO.AOS.groundwater.well.007","PRPO.W7.20191016.FIL","A00000139033","2019-10-16T14:43Z","2019-10-16T14:43Z","EcoCore_CSU","Mg",252.7000,"milligramsPerLiter",0.9,,0,,"OK"
"b89e3dc3-a4b5-4748-8a77-465a639a1885","D09","PRPO","PRPO.AOS.groundwater.well.007","PRPO.W7.20191016.FIL","A00000139033","2019-10-16T14:43Z","2019-10-16T14:43Z","EcoCore_CSU","UV Absorbance (280 nm)",0.2130,,0.9,,0,,"OK"
"2d9558b0-1f8b-4aee-99a1-87faad17e04d","D09","PRPO","PRPO.AOS.groundwater.well.007","PRPO.W7.20191016.FIL","A00000139033","2019-10-16T14:43Z","2019-10-16T14:43Z","EcoCore_CSU","UV Absorbance (250 nm)",0.3655,,0.9,,0,,"OK"
"db5e086c-a438-4d6c-93ff-464658421661","D09","PRPO","PRPO.AOS.groundwater.well.007","PRPO.W7.20191016.RAW","A00000139034","2019-10-16T14:43Z","2019-10-16T14:43Z","EcoCore_CSU","TOC",15.4800,"milligramsPerLiter",0.9,,0,,"OK"
"5c962040-1227-4202-8eb2-be6ecd2087c5","D09","PRPO","PRPO.AOS.groundwater.well.007","PRPO.W7.20191016.RAW","A00000139034","2019-10-16T14:43Z","2019-10-16T14:43Z","EcoCore_CSU","TN",0.9382,"milligramsPerLiter",0.9,,0,,"OK"
"7ad1df54-ce66-41b5-9983-e0c548620a2d","D09","PRPO","PRPO.AOS.groundwater.well.007","PRPO.W7.20191016.PCN","A00000139016","2019-10-16T14:43Z","2019-10-16T14:43Z","EcoCore_CSU","TPC",0.1631,"milligram",0.9,,0,,"OK"
"f26e4371-133b-4d5e-a113-7158d3e9e289","D09","PRPO","PRPO.AOS.groundwater.well.007","PRPO.W7.20191016.FIL","A00000139033","2019-10-16T14:43Z","2019-10-16T14:43Z","EcoCore_CSU","TDN",0.8640,"milligramsPerLiter",0.9,,0,,"OK"
