uid,domainID,siteID,namedLocation,collectDate,parentSampleID,sampleCondition,sampleID,replicateNumber,gwwDICBubbleFree,gwwFiltSampleHeadspace,gwwAlkSampleHeadspace,gwwAlkSampleBubbleFree,processedDate,processedDateFilters,sampleVolumeFiltered,shipmentTimeRange
"5177788e-a1ce-4597-9fb1-3a4947e24a3c","D09","PRPO","PRPO.AOS.groundwater.well.001","2019-10-15T14:40Z","PRPO.W1.20191015","Sample condition ok","PRPO.W1.20191015",1,,,,,"2019-10-15T14:40Z","2019-10-15T14:40Z",500.0,
"66fa4d12-8256-433a-bcbd-8693fbcae942","D09","PRPO","PRPO.AOS.groundwater.well.003","2019-10-15T15:57Z","PRPO.W3.20191015","Sample condition ok","PRPO.W3.20191015",1,,,,,"2019-10-15T15:57Z","2019-10-15T15:57Z",200.0,
"4b950fea-3fda-4039-bc9b-fbf6d56827d1","D09","PRPO","PRPO.AOS.groundwater.well.005","2019-10-15T17:43Z","PRPO.W5.20191015","Sample condition ok","PRPO.W5.20191015",1,,,,,"2019-10-15T17:30Z","2019-10-15T17:30Z",200.0,
"203fefed-951b-41b4-8b40-4e1a293f5f1d","D09","PRPO","PRPO.AOS.groundwater.well.007","2019-10-16T14:43Z","PRPO.W7.20191016","Sample condition ok","PRPO.W7.20191016",1,,,,,"2019-10-16T14:43Z","2019-10-16T14:43Z",90.0,
