uid,domainID,siteID,namedLocation,decimalLatitude,decimalLongitude,coordinateUncertainty,elevation,elevationUncertainty,geodeticDatum,collectDate,aquaticSiteType,samplingImpractical,waterChemSamplesCollected,adequateSampleVol,parentSampleID,eventID,swcSamplingProtocolVersion,sampleExtractionMethod,samplerType,totalWellDepth,wellWaterDepth,waterColumnHeight,sampleDepth,purgeAverageDischargeRate,purgeTime,gwWellStabilized,purgeDryDateTime,pumpPlacementDate,screenedIntervalDepth,maxAllowableDrawdown,actualDrawdown,MADExceeded,wellVolumePurged,probeIDUnavailable,dissolvedOxygen,dissolvedOxygenSaturation,specificConductance,waterTemp,pH,waterClarityDescrip,waterColorDescrip,aCollectedBy,bCollectedBy,remarks
"05be818d-eb92-4743-96ef-eb3887e905eb","D09","PRPO","PRPO.AOS.groundwater.well.001",47.129125,-99.251580,0.1,592.0,0.1,"WGS84","2019-10-15T14:40Z","lake",,,"Y","PRPO.W1.20191015","PRPO.20191015","NEON.DOC.002905vF","low-flow","Groundwater Pump",7.2,2.0,5.2,3.0,,,,,,,,,,4.8,,2.44,22.40,5850.00,8.30,7.62,"clear","colorless","0000-0002-9635-4684","0000-0002-1892-7221",
"16960d8e-e22f-48b0-9f75-647811645630","D09","PRPO","PRPO.AOS.groundwater.well.003",47.127319,-99.255063,0.1,594.4,0.1,"WGS84","2019-10-15T15:57Z","lake",,,"Y","PRPO.W3.20191015","PRPO.20191015","NEON.DOC.002905vF","low-flow","Groundwater Pump",9.4,2.8,6.6,3.8,,,,,,,,,,3.1,,1.03,9.10,2426.00,7.10,7.19,"clear","colorless","0000-0002-1892-7221","0000-0001-5939-3206",
"37933fa8-5d3c-4e75-b98f-97dae93031ec","D09","PRPO","PRPO.AOS.groundwater.well.005",47.129698,-99.255141,0.1,592.6,0.1,"WGS84","2019-10-15T17:43Z","lake",,,"Y","PRPO.W5.20191015","PRPO.20191015","NEON.DOC.002905vF","low-flow","Groundwater Pump",7.6,2.3,5.3,3.3,,,,,,,,,,4.1,,4.53,41.70,4045.00,8.60,7.42,"clear","colorless","0000-0002-1892-7221","0000-0001-5939-3206",
"97dd7f1a-d80e-48fe-afd4-90d211dad079","D09","PRPO","PRPO.AOS.groundwater.well.007",47.131704,-99.250610,0.1,592.6,0.1,"WGS84","2019-10-16T14:43Z","lake",,,"Y","PRPO.W7.20191016","PRPO.20191016","NEON.DOC.002905vF","low-flow","Groundwater Pump",8.2,1.6,6.6,2.6,,,,,,,,,,6.3,,3.06,29.40,3524.00,9.40,7.24,"clear","colorless","0000-0002-1892-7221","0000-0001-5939-3206",
