uid,domainID,siteID,namedLocation,collectDate,titrationDate,parentSampleID,domainSampleID,remarks,measuredBy,alkMeqPerL,alkMgPerL,ancMeqPerL,ancMgPerL
"2ead5ee0-a349-4ffd-9f3c-1fb79a0f1160","D09","PRPO","PRPO.AOS.groundwater.well.001","2019-10-15T14:40Z","2019-10-16T21:50Z","PRPO.W1.20191015","PRPO.W1.20191015.ALK",,"dfarkas@battelleecology.org",7.260,363.000,,
"ffd7be5a-c6e6-4b42-83b3-c128723b2cb8","D09","PRPO","PRPO.AOS.groundwater.well.003","2019-10-15T15:57Z","2019-10-17T22:32Z","PRPO.W3.20191015","PRPO.W3.20191015.ALK",,"dfarkas@battelleecology.org",9.480,475.000,,
"dfb6aaa1-1f1f-4966-97b5-f78af9b8fc04","D09","PRPO","PRPO.AOS.groundwater.well.005","2019-10-15T17:43Z","2019-10-18T14:00Z","PRPO.W5.20191015","PRPO.W5.20191015.ALK",,"dfarkas@battelleecology.org",7.900,395.000,,
"6bb3b5b9-88ff-447e-9a1e-b4c2d4b17b1f","D09","PRPO","PRPO.AOS.groundwater.well.007","2019-10-16T14:43Z","2019-10-18T14:30Z","PRPO.W7.20191016","PRPO.W7.20191016.ALK",,"dfarkas@battelleecology.org",10.300,516.000,,
