uid,domainID,siteID,namedLocation,decimalLatitude,decimalLongitude,coordinateUncertainty,elevation,elevationUncertainty,geodeticDatum,collectDate,aquaticSiteType,samplingImpractical,waterChemSamplesCollected,adequateSampleVol,parentSampleID,eventID,swcSamplingProtocolVersion,sampleExtractionMethod,samplerType,totalWellDepth,wellWaterDepth,waterColumnHeight,sampleDepth,purgeAverageDischargeRate,purgeTime,gwWellStabilized,purgeDryDateTime,pumpPlacementDate,screenedIntervalDepth,maxAllowableDrawdown,actualDrawdown,MADExceeded,wellVolumePurged,probeIDUnavailable,dissolvedOxygen,dissolvedOxygenSaturation,specificConductance,waterTemp,pH,waterClarityDescrip,waterColorDescrip,aCollectedBy,bCollectedBy,remarks
"3c58da69-ea7a-4bb2-b6d9-8985279bdbb4","D09","PRLA","PRLA.AOS.groundwater.well.007",47.157918,-99.113917,0.1,568.8,0.1,"WGS84","2020-06-29T14:19Z","lake",,"Y","Y","PRLA.W7.20200629","PRLA.20200629","NEON.DOC.002905vG","low-yield","Groundwater Pump",15.8,3.3,12.5,15.5,,,,,"2020-06-23T09:05Z",6.1,8.9,2.5,,5.0,,2.18,23.90,5766.00,15.30,6.93,"cloudy","brown","0000-0003-4092-4649","0000-0002-1892-7221",
"30745143-4f1b-44d8-b602-358e79a7f096","D09","PRLA","PRLA.AOS.groundwater.well.008",47.158432,-99.114811,0.1,566.6,0.1,"WGS84","2020-06-29T15:16Z","lake",,"Y","Y","PRLA.W8.20200629","PRLA.20200629","NEON.DOC.002905vG","low-flow","Groundwater Pump",7.6,3.2,4.5,4.2,317.6,21.0,,,,,,,,6.7,,7.44,79.50,1381.00,13.80,7.71,"clear","colorless","0000-0002-1892-7221","0000-0003-4092-4649",
"2eb8df22-66f0-4f46-9bb3-d989008aaaf1","D09","PRLA","PRLA.AOS.groundwater.well.003",47.161507,-99.118596,0.1,565.9,0.1,"WGS84","2020-06-29T17:04Z","lake",,"Y","Y","PRLA.W3.20200629","PRLA.20200629","NEON.DOC.002905vG","low-yield","Groundwater Pump",10.5,3.0,7.5,10.2,,,,,"2020-06-23T09:28Z",6.1,3.6,2.0,,4.1,,2.51,29.00,1343.00,18.00,7.06,"clear","colorless","0000-0002-1892-7221","0000-0003-4092-4649",
"16553618-1221-4490-8d18-f78b9115df38","D09","PRLA","PRLA.AOS.groundwater.well.001",47.162611,-99.118623,0.1,571.5,0.1,"WGS84","2020-06-29T17:48Z","lake",,"Y","Y","PRLA.W1.20200629","PRLA.20200629","NEON.DOC.002905vG","low-flow","Groundwater Pump",10.1,3.5,6.6,4.6,319.2,25.0,,,,,,,,8.0,,8.40,90.80,1524.00,13.40,7.64,"clear","colorless","0000-0002-1892-7221","0000-0003-4092-4649",
