uid,domainID,siteID,namedLocation,collectDate,parentSampleID,sampleCondition,sampleID,replicateNumber,gwwDICBubbleFree,gwwFiltSampleHeadspace,gwwAlkSampleHeadspace,gwwAlkSampleBubbleFree,processedDate,processedDateFilters,sampleVolumeFiltered,shipmentTimeRange
"20bbc541-a28b-40d9-8301-b92ddcbc2de9","D09","PRLA","PRLA.AOS.groundwater.well.007","2020-06-29T14:19Z","PRLA.W7.20200629","Sample condition ok","PRLA.W7.20200629",1,,,,,"2020-06-29T14:19Z","2020-06-29T14:19Z",200.0,"within 24 hours of collection"
"a664ec90-c791-4334-a510-c123f9809350","D09","PRLA","PRLA.AOS.groundwater.well.008","2020-06-29T15:16Z","PRLA.W8.20200629","Sample condition ok","PRLA.W8.20200629",1,,,,,"2020-06-29T15:16Z","2020-06-29T15:16Z",500.0,"within 24 hours of collection"
"ed954b46-e783-4ae0-8586-61f67f4dc80c","D09","PRLA","PRLA.AOS.groundwater.well.003","2020-06-29T17:04Z","PRLA.W3.20200629","Sample condition ok","PRLA.W3.20200629",1,,,,,"2020-06-29T17:04Z","2020-06-29T17:04Z",500.0,"within 24 hours of collection"
"3b3ac06e-5091-474a-b93f-40fbf892fb93","D09","PRLA","PRLA.AOS.groundwater.well.001","2020-06-29T17:48Z","PRLA.W1.20200629","Sample condition ok","PRLA.W1.20200629",1,,,,,"2020-06-29T17:48Z","2020-06-29T17:48Z",160.0,"within 24 hours of collection"
