uid,domainID,siteID,namedLocation,collectDate,parentSampleID,sampleCondition,sampleID,replicateNumber,gwwDICBubbleFree,gwwFiltSampleHeadspace,gwwAlkSampleHeadspace,gwwAlkSampleBubbleFree,processedDate,processedDateFilters,sampleVolumeFiltered,shipmentTimeRange
"2f2a2695-9885-4d79-8d0c-1cff95320482","D09","PRPO","PRPO.AOS.groundwater.well.001","2019-05-06T14:35Z","PRPO.W1.20190506","Sample condition ok","PRPO.W1.20190506",1,,,,,"2019-05-06T14:35Z","2019-05-06T16:05Z",700.0,
"5530ff52-cda0-4feb-84de-aab79969ebb4","D09","PRPO","PRPO.AOS.groundwater.well.003","2019-05-06T16:09Z","PRPO.W3.20190506","Sample condition ok","PRPO.W3.20190506",1,,,,,"2019-05-06T16:09Z","2019-05-06T17:15Z",300.0,
"075831ea-9942-4cc0-929a-7d9f268c1cd4","D09","PRPO","PRPO.AOS.groundwater.well.005","2019-05-06T17:35Z","PRPO.W5.20190506","Sample condition ok","PRPO.W5.20190506",1,,,,,"2019-05-06T17:35Z","2019-05-06T18:05Z",300.0,
"7f2b1af0-8c49-4b4b-a97d-e76790be73cf","D09","PRPO","PRPO.AOS.groundwater.well.007","2019-05-06T19:21Z","PRPO.W7.20190506","Sample condition ok","PRPO.W7.20190506",1,,,,,"2019-05-06T19:21Z","2019-05-06T19:38Z",250.0,
