uid,domainID,siteID,namedLocation,sampleID,sampleCode,startDate,collectDate,laboratoryName,analyte,analyteConcentration,analyteUnits,coolerTemp,remarks,shipmentWarmQF,externalLabDataQF,sampleCondition
"e3defd96-922c-41e2-94f9-1f9895090f84","D09","PRPO","PRPO.AOS.groundwater.well.001","PRPO.W1.20190506.RAW","A00000084916","2019-05-06T14:35Z","2019-05-06T14:35Z","EcoCore_CSU","conductivity",7941.0800,"microsiemensPerCentimeter",-0.2,,0,"formatChange","GOOD"
"c74edac1-7f52-498f-8f15-e41c5c6c34da","D09","PRPO","PRPO.AOS.groundwater.well.001","PRPO.W1.20190506.FIL","A00000084913","2019-05-06T14:35Z","2019-05-06T14:35Z","EcoCore_CSU","NO2 - N",-0.1247,"milligramsPerLiter",-0.2,,0,"formatChange","GOOD"
"5174952e-31b5-4994-a135-d25fda017c25","D09","PRPO","PRPO.AOS.groundwater.well.001","PRPO.W1.20190506.FIL","A00000084913","2019-05-06T14:35Z","2019-05-06T14:35Z","EcoCore_CSU","Cl",8.2538,"milligramsPerLiter",-0.2,,0,"formatChange","GOOD"
"74f5f558-c90b-4b18-bf6e-df29a41362e0","D09","PRPO","PRPO.AOS.groundwater.well.001","PRPO.W1.20190506.FIL","A00000084913","2019-05-06T14:35Z","2019-05-06T14:35Z","EcoCore_CSU","UV Absorbance (280 nm)",0.0833,,-0.2,,0,"formatChange","GOOD"
"51cd6b79-3532-43cd-8494-fc1b3bc50e3a","D09","PRPO","PRPO.AOS.groundwater.well.001","PRPO.W1.20190506.FIL","A00000084913","2019-05-06T14:35Z","2019-05-06T14:35Z","EcoCore_CSU","Ca",270.3710,"milligramsPerLiter",-0.2,,0,"formatChange","GOOD"
"bf7812c8-4743-42cc-874c-78762647fd3d","D09","PRPO","PRPO.AOS.groundwater.well.001","PRPO.W1.20190506.RAW","A00000084916","2019-05-06T14:35Z","2019-05-06T14:35Z","EcoCore_CSU","ANC",12.9800,"milliequivalentsPerLiter",-0.2,,0,"formatChange","GOOD"
"a389503e-2182-4f9a-80d5-0b6bb5496855","D09","PRPO","PRPO.AOS.groundwater.well.001","PRPO.W1.20190506.RAW","A00000084916","2019-05-06T14:35Z","2019-05-06T14:35Z","EcoCore_CSU","TSS",10.0000,"milligramsPerLiter",-0.2,,0,"formatChange","GOOD"
"f27cf59f-1589-4c97-991b-d6c20a95157d","D09","PRPO","PRPO.AOS.groundwater.well.001","PRPO.W1.20190506.FIL","A00000084913","2019-05-06T14:35Z","2019-05-06T14:35Z","EcoCore_CSU","DOC",9.5820,"milligramsPerLiter",-0.2,,0,"formatChange","GOOD"
"e31bed59-b84d-4d1d-b2c0-eeee7c94faa5","D09","PRPO","PRPO.AOS.groundwater.well.001","PRPO.W1.20190506.RAW","A00000084916","2019-05-06T14:35Z","2019-05-06T14:35Z","EcoCore_CSU","TP",0.3178,"milligramsPerLiter",-0.2,,0,"formatChange","GOOD"
"f3924014-4a01-4231-b106-b340571d5a77","D09","PRPO","PRPO.AOS.groundwater.well.001","PRPO.W1.20190506.FIL","A00000084913","2019-05-06T14:35Z","2019-05-06T14:35Z","EcoCore_CSU","Ortho - P",0.0450,"milligramsPerLiter",-0.2,,0,"formatChange","GOOD"
"70463625-8141-4534-a78f-6978014b1f0f","D09","PRPO","PRPO.AOS.groundwater.well.001","PRPO.W1.20190506.FIL","A00000084913","2019-05-06T14:35Z","2019-05-06T14:35Z","EcoCore_CSU","UV Absorbance (250 nm)",0.1528,,-0.2,,0,"formatChange","GOOD"
"9a5b6335-bb87-40ca-bbd3-0c6e1f0c1634","D09","PRPO","PRPO.AOS.groundwater.well.001","PRPO.W1.20190506.RAW","A00000084916","2019-05-06T14:35Z","2019-05-06T14:35Z","EcoCore_CSU","TSS - Dry Mass",500.0000,"microgram",-0.2,,0,"formatChange","GOOD"
"c1bec2a9-ddab-48d5-bcf0-75a7c11cc25f","D09","PRPO","PRPO.AOS.groundwater.well.001","PRPO.W1.20190506.FIL","A00000084913","2019-05-06T14:35Z","2019-05-06T14:35Z","EcoCore_CSU","K",2.8650,"milligramsPerLiter",-0.2,,0,"formatChange","GOOD"
"7adb1a0c-f6c8-40cb-9bc6-73a7e57935e8","D09","PRPO","PRPO.AOS.groundwater.well.001","PRPO.W1.20190506.FIL","A00000084913","2019-05-06T14:35Z","2019-05-06T14:35Z","EcoCore_CSU","Br",0.0050,"milligramsPerLiter",-0.2,,0,"formatChange","GOOD"
"97b6b8aa-3db0-4808-8bb3-5150aeb5b663","D09","PRPO","PRPO.AOS.groundwater.well.001","PRPO.W1.20190506.FIL","A00000084913","2019-05-06T14:35Z","2019-05-06T14:35Z","EcoCore_CSU","F",3.2287,"milligramsPerLiter",-0.2,,0,"formatChange","GOOD"
"b0bc5109-c9e7-4afe-8fac-638d92f0e3ee","D09","PRPO","PRPO.AOS.groundwater.well.001","PRPO.W1.20190506.FIL","A00000084913","2019-05-06T14:35Z","2019-05-06T14:35Z","EcoCore_CSU","Mg",565.4000,"milligramsPerLiter",-0.2,,0,"formatChange","GOOD"
"facca5d0-ba7a-4a53-9dc1-ed5eb5304a29","D09","PRPO","PRPO.AOS.groundwater.well.001","PRPO.W1.20190506.PCN","A00000084927","2019-05-06T14:35Z","2019-05-06T14:35Z","EcoCore_CSU","TPN",0.0514,"milligram",-0.2,,0,"formatChange","GOOD"
"cb8a4bbe-5d2a-4fd3-b9f7-9c727471146b","D09","PRPO","PRPO.AOS.groundwater.well.001","PRPO.W1.20190506.FIL","A00000084913","2019-05-06T14:35Z","2019-05-06T14:35Z","EcoCore_CSU","DIC",99.4100,"milligramsPerLiter",-0.2,,0,"formatChange","GOOD"
"2f6252c0-c301-4e33-86af-264c54de8dad","D09","PRPO","PRPO.AOS.groundwater.well.001","PRPO.W1.20190506.FIL","A00000084913","2019-05-06T14:35Z","2019-05-06T14:35Z","EcoCore_CSU","Si",11.5329,"milligramsPerLiter",-0.2,,0,"formatChange","GOOD"
"5d22bde2-420c-444c-b82e-48367c1107ef","D09","PRPO","PRPO.AOS.groundwater.well.001","PRPO.W1.20190506.FIL","A00000084913","2019-05-06T14:35Z","2019-05-06T14:35Z","EcoCore_CSU","TDS",5560.1700,"milligramsPerLiter",-0.2,,0,"formatChange","GOOD"
"8ba433b0-e791-4d76-8b92-ca6f3ebb32bd","D09","PRPO","PRPO.AOS.groundwater.well.001","PRPO.W1.20190506.PCN","A00000084927","2019-05-06T14:35Z","2019-05-06T14:35Z","EcoCore_CSU","TPC",0.3057,"milligram",-0.2,,0,"formatChange","GOOD"
"cd36a102-0edb-47fa-8302-11e879b78460","D09","PRPO","PRPO.AOS.groundwater.well.001","PRPO.W1.20190506.FIL","A00000084913","2019-05-06T14:35Z","2019-05-06T14:35Z","EcoCore_CSU","NH4 - N",0.0313,"milligramsPerLiter",-0.2,,0,"formatChange","GOOD"
"7b9c160e-1c65-44c3-8bd1-6f1d3240a8d9","D09","PRPO","PRPO.AOS.groundwater.well.001","PRPO.W1.20190506.FIL","A00000084913","2019-05-06T14:35Z","2019-05-06T14:35Z","EcoCore_CSU","Fe",0.0005,"milligramsPerLiter",-0.2,,0,"formatChange","GOOD"
"ea35e633-4d6e-4cef-bcfe-46150f1a1ae8","D09","PRPO","PRPO.AOS.groundwater.well.001","PRPO.W1.20190506.FIL","A00000084913","2019-05-06T14:35Z","2019-05-06T14:35Z","EcoCore_CSU","SO4",3198.0000,"milligramsPerLiter",-0.2,,0,"formatChange","GOOD"
"5fbef61e-bd1c-48d6-ab92-647b338189e7","D09","PRPO","PRPO.AOS.groundwater.well.001","PRPO.W1.20190506.RAW","A00000084916","2019-05-06T14:35Z","2019-05-06T14:35Z","EcoCore_CSU","pH",7.7400,"pH",-0.2,,0,"formatChange","GOOD"
"86fe9635-8bd6-4d2f-8ca7-c1c766f60dcc","D09","PRPO","PRPO.AOS.groundwater.well.001","PRPO.W1.20190506.FIL","A00000084913","2019-05-06T14:35Z","2019-05-06T14:35Z","EcoCore_CSU","Mn",0.0480,"milligramsPerLiter",-0.2,,0,"formatChange","GOOD"
"8eb9eb78-63d4-402f-b884-ffef3f57156b","D09","PRPO","PRPO.AOS.groundwater.well.001","PRPO.W1.20190506.FIL","A00000084913","2019-05-06T14:35Z","2019-05-06T14:35Z","EcoCore_CSU","Na",430.1000,"milligramsPerLiter",-0.2,,0,"formatChange","GOOD"
"69c2af16-34c2-492b-95e4-2e3d81d6d4b2","D09","PRPO","PRPO.AOS.groundwater.well.001","PRPO.W1.20190506.FIL","A00000084913","2019-05-06T14:35Z","2019-05-06T14:35Z","EcoCore_CSU","CO3",0.0050,"milligramsPerLiter",-0.2,,0,"formatChange","GOOD"
"80d21352-1886-4355-9bf7-4b4a75e4eb0b","D09","PRPO","PRPO.AOS.groundwater.well.001","PRPO.W1.20190506.RAW","A00000084916","2019-05-06T14:35Z","2019-05-06T14:35Z","EcoCore_CSU","TN",0.5677,"milligramsPerLiter",-0.2,,0,"formatChange","GOOD"
"5da69618-5927-48f4-a71b-cc6a13a4c448","D09","PRPO","PRPO.AOS.groundwater.well.001","PRPO.W1.20190506.FIL","A00000084913","2019-05-06T14:35Z","2019-05-06T14:35Z","EcoCore_CSU","TDN",0.5930,"milligramsPerLiter",-0.2,,0,"formatChange","GOOD"
"ab9f7b8c-3479-4483-80af-43f9db098f73","D09","PRPO","PRPO.AOS.groundwater.well.001","PRPO.W1.20190506.FIL","A00000084913","2019-05-06T14:35Z","2019-05-06T14:35Z","EcoCore_CSU","HCO3",756.1400,"milligramsPerLiter",-0.2,,0,"formatChange","GOOD"
"394222fa-3c84-4013-a62d-0c679aab296d","D09","PRPO","PRPO.AOS.groundwater.well.001","PRPO.W1.20190506.RAW","A00000084916","2019-05-06T14:35Z","2019-05-06T14:35Z","EcoCore_CSU","TOC",9.3640,"milligramsPerLiter",-0.2,,0,"formatChange","GOOD"
"53f34fd2-3047-4809-9d4b-cb5d1c205525","D09","PRPO","PRPO.AOS.groundwater.well.001","PRPO.W1.20190506.FIL","A00000084913","2019-05-06T14:35Z","2019-05-06T14:35Z","EcoCore_CSU","NO3+NO2 - N",-0.0523,"milligramsPerLiter",-0.2,,0,"formatChange","GOOD"
"3419b624-bf91-4853-979e-36f06b27bfb9","D09","PRPO","PRPO.AOS.groundwater.well.001","PRPO.W1.20190506.FIL","A00000084913","2019-05-06T14:35Z","2019-05-06T14:35Z","EcoCore_CSU","TDP",0.0353,"milligramsPerLiter",-0.2,,0,"formatChange","GOOD"
"fb7b730e-099e-4295-bb75-fe6a0c3d11e1","D09","PRPO","PRPO.AOS.groundwater.well.003","PRPO.W3.20190506.FIL","A00000084917","2019-05-06T16:09Z","2019-05-06T16:09Z","EcoCore_CSU","NO2 - N",-0.1263,"milligramsPerLiter",-0.2,,0,"formatChange","GOOD"
"3f73e1b3-13b6-464a-9e27-ad2ea0dd40ab","D09","PRPO","PRPO.AOS.groundwater.well.003","PRPO.W3.20190506.FIL","A00000084917","2019-05-06T16:09Z","2019-05-06T16:09Z","EcoCore_CSU","Ortho - P",0.0210,"milligramsPerLiter",-0.2,,0,"formatChange","GOOD"
"d6d84808-7da4-4513-b0b4-f385f537a120","D09","PRPO","PRPO.AOS.groundwater.well.003","PRPO.W3.20190506.FIL","A00000084917","2019-05-06T16:09Z","2019-05-06T16:09Z","EcoCore_CSU","F",0.0050,"milligramsPerLiter",-0.2,,0,"formatChange","GOOD"
"f4f58b28-8d52-45e5-b2b3-1d4929762c04","D09","PRPO","PRPO.AOS.groundwater.well.003","PRPO.W3.20190506.FIL","A00000084917","2019-05-06T16:09Z","2019-05-06T16:09Z","EcoCore_CSU","TDP",0.0005,"milligramsPerLiter",-0.2,,0,"formatChange","GOOD"
"ab4af457-fd56-4bc4-972c-18f47d778014","D09","PRPO","PRPO.AOS.groundwater.well.003","PRPO.W3.20190506.FIL","A00000084917","2019-05-06T16:09Z","2019-05-06T16:09Z","EcoCore_CSU","K",10.4900,"milligramsPerLiter",-0.2,,0,"formatChange","GOOD"
"6cf31d63-039d-4732-9b8d-01bb244bcf9a","D09","PRPO","PRPO.AOS.groundwater.well.003","PRPO.W3.20190506.RAW","A00000084918","2019-05-06T16:09Z","2019-05-06T16:09Z","EcoCore_CSU","TSS - Dry Mass",600.0000,"microgram",-0.2,,0,"formatChange","GOOD"
"7537134f-e22c-4bc4-b27d-115df17af514","D09","PRPO","PRPO.AOS.groundwater.well.003","PRPO.W3.20190506.PCN","A00000084928","2019-05-06T16:09Z","2019-05-06T16:09Z","EcoCore_CSU","TPC",0.2521,"milligram",-0.2,,0,"formatChange","GOOD"
"3644b1ca-7efd-4bdd-9e5b-568e6d35bf08","D09","PRPO","PRPO.AOS.groundwater.well.003","PRPO.W3.20190506.FIL","A00000084917","2019-05-06T16:09Z","2019-05-06T16:09Z","EcoCore_CSU","Cl",1.9929,"milligramsPerLiter",-0.2,,0,"formatChange","GOOD"
"e67955b9-bd52-4e46-939a-072f3e838129","D09","PRPO","PRPO.AOS.groundwater.well.003","PRPO.W3.20190506.PCN","A00000084928","2019-05-06T16:09Z","2019-05-06T16:09Z","EcoCore_CSU","TPN",0.1278,"milligram",-0.2,,0,"formatChange","GOOD"
"0afbac7d-f1e5-4250-bb16-b93df94a99ef","D09","PRPO","PRPO.AOS.groundwater.well.003","PRPO.W3.20190506.RAW","A00000084918","2019-05-06T16:09Z","2019-05-06T16:09Z","EcoCore_CSU","TOC",5.7160,"milligramsPerLiter",-0.2,,0,"formatChange","GOOD"
"7101bc12-4e72-4f25-89b1-e592865f3984","D09","PRPO","PRPO.AOS.groundwater.well.003","PRPO.W3.20190506.FIL","A00000084917","2019-05-06T16:09Z","2019-05-06T16:09Z","EcoCore_CSU","DOC",5.7170,"milligramsPerLiter",-0.2,,0,"formatChange","GOOD"
"772adcd7-cb2c-4831-9e26-c2145c80e6f5","D09","PRPO","PRPO.AOS.groundwater.well.003","PRPO.W3.20190506.FIL","A00000084917","2019-05-06T16:09Z","2019-05-06T16:09Z","EcoCore_CSU","Fe",0.0040,"milligramsPerLiter",-0.2,,0,"formatChange","GOOD"
"d4493b0b-7d7a-4ba2-845b-1b33c6cdc2a5","D09","PRPO","PRPO.AOS.groundwater.well.003","PRPO.W3.20190506.RAW","A00000084918","2019-05-06T16:09Z","2019-05-06T16:09Z","EcoCore_CSU","pH",7.4900,"pH",-0.2,,0,"formatChange","GOOD"
"f58c30ee-75a4-4785-b7c8-08c900f20f2e","D09","PRPO","PRPO.AOS.groundwater.well.003","PRPO.W3.20190506.FIL","A00000084917","2019-05-06T16:09Z","2019-05-06T16:09Z","EcoCore_CSU","UV Absorbance (280 nm)",0.0425,,-0.2,,0,"formatChange","GOOD"
"6149a581-826e-4488-8b40-c38b45b88734","D09","PRPO","PRPO.AOS.groundwater.well.003","PRPO.W3.20190506.FIL","A00000084917","2019-05-06T16:09Z","2019-05-06T16:09Z","EcoCore_CSU","Na",86.4900,"milligramsPerLiter",-0.2,,0,"formatChange","GOOD"
"a1248243-2966-4150-9dc3-cbd192bbb47c","D09","PRPO","PRPO.AOS.groundwater.well.003","PRPO.W3.20190506.FIL","A00000084917","2019-05-06T16:09Z","2019-05-06T16:09Z","EcoCore_CSU","Mn",0.0490,"milligramsPerLiter",-0.2,,0,"formatChange","GOOD"
"2066ded8-306c-4ccb-9b5d-8e82f4c3cdd0","D09","PRPO","PRPO.AOS.groundwater.well.003","PRPO.W3.20190506.RAW","A00000084918","2019-05-06T16:09Z","2019-05-06T16:09Z","EcoCore_CSU","conductivity",3239.1400,"microsiemensPerCentimeter",-0.2,,0,"formatChange","GOOD"
"332b6459-58fa-4aad-96f5-10a7b143a582","D09","PRPO","PRPO.AOS.groundwater.well.003","PRPO.W3.20190506.FIL","A00000084917","2019-05-06T16:09Z","2019-05-06T16:09Z","EcoCore_CSU","Mg",192.0000,"milligramsPerLiter",-0.2,,0,"formatChange","GOOD"
"3de13976-a8e7-43ca-927d-bc812b6e7995","D09","PRPO","PRPO.AOS.groundwater.well.003","PRPO.W3.20190506.FIL","A00000084917","2019-05-06T16:09Z","2019-05-06T16:09Z","EcoCore_CSU","SO4",1248.6000,"milligramsPerLiter",-0.2,,0,"formatChange","GOOD"
"5e3380cb-d90d-48a9-b040-0ff177af385d","D09","PRPO","PRPO.AOS.groundwater.well.003","PRPO.W3.20190506.FIL","A00000084917","2019-05-06T16:09Z","2019-05-06T16:09Z","EcoCore_CSU","Br",0.0050,"milligramsPerLiter",-0.2,,0,"formatChange","GOOD"
"42ceee4a-4d28-4a9c-a3af-37dfdc4adf20","D09","PRPO","PRPO.AOS.groundwater.well.003","PRPO.W3.20190506.FIL","A00000084917","2019-05-06T16:09Z","2019-05-06T16:09Z","EcoCore_CSU","Ca",247.4140,"milligramsPerLiter",-0.2,,0,"formatChange","GOOD"
"5863bfc0-eaf3-4485-afe5-1652fc5b4918","D09","PRPO","PRPO.AOS.groundwater.well.003","PRPO.W3.20190506.RAW","A00000084918","2019-05-06T16:09Z","2019-05-06T16:09Z","EcoCore_CSU","TP",0.1371,"milligramsPerLiter",-0.2,,0,"formatChange","GOOD"
"8a642457-bb90-486e-829a-d5e52b316f09","D09","PRPO","PRPO.AOS.groundwater.well.003","PRPO.W3.20190506.FIL","A00000084917","2019-05-06T16:09Z","2019-05-06T16:09Z","EcoCore_CSU","UV Absorbance (250 nm)",0.0763,,-0.2,,0,"formatChange","GOOD"
"3d0fc5a9-73a8-41e4-a39a-48d38e5c2496","D09","PRPO","PRPO.AOS.groundwater.well.003","PRPO.W3.20190506.RAW","A00000084918","2019-05-06T16:09Z","2019-05-06T16:09Z","EcoCore_CSU","TN",0.4113,"milligramsPerLiter",-0.2,,0,"formatChange","GOOD"
"b2649fec-c9d9-480e-8dfa-b6d8c6ec3636","D09","PRPO","PRPO.AOS.groundwater.well.003","PRPO.W3.20190506.FIL","A00000084917","2019-05-06T16:09Z","2019-05-06T16:09Z","EcoCore_CSU","Si",13.3636,"milligramsPerLiter",-0.2,,0,"formatChange","GOOD"
"825a6906-fc6e-46c2-a9ca-66c57fe60ee7","D09","PRPO","PRPO.AOS.groundwater.well.003","PRPO.W3.20190506.RAW","A00000084918","2019-05-06T16:09Z","2019-05-06T16:09Z","EcoCore_CSU","ANC",6.5900,"milliequivalentsPerLiter",-0.2,,0,"formatChange","GOOD"
"4b4dfe23-0783-4c70-8eef-23b2df4ed949","D09","PRPO","PRPO.AOS.groundwater.well.003","PRPO.W3.20190506.FIL","A00000084917","2019-05-06T16:09Z","2019-05-06T16:09Z","EcoCore_CSU","DIC",126.3000,"milligramsPerLiter",-0.2,,0,"formatChange","GOOD"
"40719fff-a0e7-454c-99ae-bf390a9e79ea","D09","PRPO","PRPO.AOS.groundwater.well.003","PRPO.W3.20190506.FIL","A00000084917","2019-05-06T16:09Z","2019-05-06T16:09Z","EcoCore_CSU","NH4 - N",0.1093,"milligramsPerLiter",-0.2,,0,"formatChange","GOOD"
"a94c4b57-df35-4942-bf09-c65daadcdcf3","D09","PRPO","PRPO.AOS.groundwater.well.003","PRPO.W3.20190506.FIL","A00000084917","2019-05-06T16:09Z","2019-05-06T16:09Z","EcoCore_CSU","CO3",0.0050,"milligramsPerLiter",-0.2,,0,"formatChange","GOOD"
"10f750ba-8892-4e7e-97f3-4d55dbc9d9ee","D09","PRPO","PRPO.AOS.groundwater.well.003","PRPO.W3.20190506.RAW","A00000084918","2019-05-06T16:09Z","2019-05-06T16:09Z","EcoCore_CSU","TSS",12.0000,"milligramsPerLiter",-0.2,,0,"formatChange","GOOD"
"1988b666-75f6-4436-a3c3-ec9834856dea","D09","PRPO","PRPO.AOS.groundwater.well.003","PRPO.W3.20190506.FIL","A00000084917","2019-05-06T16:09Z","2019-05-06T16:09Z","EcoCore_CSU","TDS",2268.3600,"milligramsPerLiter",-0.2,,0,"formatChange","GOOD"
"776c77e9-c5bf-46cb-b971-8ae216610750","D09","PRPO","PRPO.AOS.groundwater.well.003","PRPO.W3.20190506.FIL","A00000084917","2019-05-06T16:09Z","2019-05-06T16:09Z","EcoCore_CSU","NO3+NO2 - N",-0.0537,"milligramsPerLiter",-0.2,,0,"formatChange","GOOD"
"e0e96c74-d4e4-4a4d-8fa2-c123104e9a10","D09","PRPO","PRPO.AOS.groundwater.well.003","PRPO.W3.20190506.FIL","A00000084917","2019-05-06T16:09Z","2019-05-06T16:09Z","EcoCore_CSU","TDN",0.4032,"milligramsPerLiter",-0.2,,0,"formatChange","GOOD"
"5f46ed81-da96-456e-9cc8-8c3dea962d17","D09","PRPO","PRPO.AOS.groundwater.well.003","PRPO.W3.20190506.FIL","A00000084917","2019-05-06T16:09Z","2019-05-06T16:09Z","EcoCore_CSU","HCO3",388.1400,"milligramsPerLiter",-0.2,,0,"formatChange","GOOD"
"90bbe8b6-6130-47bf-b73b-b053b43cf905","D09","PRPO","PRPO.AOS.groundwater.well.005","PRPO.W5.20190506.FIL","A00000084925","2019-05-06T17:35Z","2019-05-06T17:35Z","EcoCore_CSU","Na",377.4000,"milligramsPerLiter",-0.2,,0,"formatChange","GOOD"
"25feea73-4bf0-43cc-8988-c2a43ebe1391","D09","PRPO","PRPO.AOS.groundwater.well.005","PRPO.W5.20190506.FIL","A00000084925","2019-05-06T17:35Z","2019-05-06T17:35Z","EcoCore_CSU","Fe",0.0005,"milligramsPerLiter",-0.2,,0,"formatChange","GOOD"
"711d0d5d-b6d8-4ab7-b569-42d3f8661257","D09","PRPO","PRPO.AOS.groundwater.well.005","PRPO.W5.20190506.FIL","A00000084925","2019-05-06T17:35Z","2019-05-06T17:35Z","EcoCore_CSU","UV Absorbance (250 nm)",0.1372,,-0.2,,0,"formatChange","GOOD"
"13bd880b-6655-4672-be1c-9d97ed4db665","D09","PRPO","PRPO.AOS.groundwater.well.005","PRPO.W5.20190506.FIL","A00000084925","2019-05-06T17:35Z","2019-05-06T17:35Z","EcoCore_CSU","Ca",451.6980,"milligramsPerLiter",-0.2,,0,"formatChange","GOOD"
"0e800bf6-92fb-4bfe-a4ce-a18a71a297d6","D09","PRPO","PRPO.AOS.groundwater.well.005","PRPO.W5.20190506.FIL","A00000084925","2019-05-06T17:35Z","2019-05-06T17:35Z","EcoCore_CSU","TDN",0.5943,"milligramsPerLiter",-0.2,,0,"formatChange","GOOD"
"8398a854-a9df-4148-91e7-04be2969e911","D09","PRPO","PRPO.AOS.groundwater.well.005","PRPO.W5.20190506.FIL","A00000084925","2019-05-06T17:35Z","2019-05-06T17:35Z","EcoCore_CSU","NO3+NO2 - N",-0.0204,"milligramsPerLiter",-0.2,,0,"formatChange","GOOD"
"f870c005-67a1-42db-9457-f9d6bf28e2b3","D09","PRPO","PRPO.AOS.groundwater.well.005","PRPO.W5.20190506.FIL","A00000084925","2019-05-06T17:35Z","2019-05-06T17:35Z","EcoCore_CSU","CO3",0.0050,"milligramsPerLiter",-0.2,,0,"formatChange","GOOD"
"07e33c3b-86e2-49ae-b163-91609a71ffe4","D09","PRPO","PRPO.AOS.groundwater.well.005","PRPO.W5.20190506.RAW","A00000084926","2019-05-06T17:35Z","2019-05-06T17:35Z","EcoCore_CSU","conductivity",7521.3800,"microsiemensPerCentimeter",-0.2,,0,"formatChange","GOOD"
"2578b6e4-7f90-446a-985d-88b617b19a6d","D09","PRPO","PRPO.AOS.groundwater.well.005","PRPO.W5.20190506.FIL","A00000084925","2019-05-06T17:35Z","2019-05-06T17:35Z","EcoCore_CSU","Si",12.6807,"milligramsPerLiter",-0.2,,0,"formatChange","GOOD"
"e5752721-38d9-49ef-9062-c8d63504418b","D09","PRPO","PRPO.AOS.groundwater.well.005","PRPO.W5.20190506.FIL","A00000084925","2019-05-06T17:35Z","2019-05-06T17:35Z","EcoCore_CSU","SO4",2984.1000,"milligramsPerLiter",-0.2,,0,"formatChange","GOOD"
"7644e7ee-3472-494f-94b5-4d3861ec9368","D09","PRPO","PRPO.AOS.groundwater.well.005","PRPO.W5.20190506.FIL","A00000084925","2019-05-06T17:35Z","2019-05-06T17:35Z","EcoCore_CSU","Mg",428.5000,"milligramsPerLiter",-0.2,,0,"formatChange","GOOD"
"54e3683f-c837-463a-874b-b8e1ec49df55","D09","PRPO","PRPO.AOS.groundwater.well.005","PRPO.W5.20190506.PCN","A00000084930","2019-05-06T17:35Z","2019-05-06T17:35Z","EcoCore_CSU","TPN",0.1097,"milligram",-0.2,,0,"formatChange","GOOD"
"6b153ae6-6fce-44c4-a3a6-b3d1e3baf9e6","D09","PRPO","PRPO.AOS.groundwater.well.005","PRPO.W5.20190506.FIL","A00000084925","2019-05-06T17:35Z","2019-05-06T17:35Z","EcoCore_CSU","DOC",10.6900,"milligramsPerLiter",-0.2,,0,"formatChange","GOOD"
"0f0d5196-a24f-47f5-8e22-d5224650eea1","D09","PRPO","PRPO.AOS.groundwater.well.005","PRPO.W5.20190506.FIL","A00000084925","2019-05-06T17:35Z","2019-05-06T17:35Z","EcoCore_CSU","Mn",0.0005,"milligramsPerLiter",-0.2,,0,"formatChange","GOOD"
"c77b2d8d-9086-42c7-af09-7ddd7383910c","D09","PRPO","PRPO.AOS.groundwater.well.005","PRPO.W5.20190506.FIL","A00000084925","2019-05-06T17:35Z","2019-05-06T17:35Z","EcoCore_CSU","TDS",5265.8400,"milligramsPerLiter",-0.2,,0,"formatChange","GOOD"
"591c0a52-5dfd-4313-a284-adbea61d9f39","D09","PRPO","PRPO.AOS.groundwater.well.005","PRPO.W5.20190506.FIL","A00000084925","2019-05-06T17:35Z","2019-05-06T17:35Z","EcoCore_CSU","DIC",111.8000,"milligramsPerLiter",-0.2,,0,"formatChange","GOOD"
"1bcd6c3d-8047-495f-a842-f52ac0504726","D09","PRPO","PRPO.AOS.groundwater.well.005","PRPO.W5.20190506.FIL","A00000084925","2019-05-06T17:35Z","2019-05-06T17:35Z","EcoCore_CSU","F",0.0050,"milligramsPerLiter",-0.2,,0,"formatChange","GOOD"
"68263f75-c41a-44f7-b70e-78a5a2410b52","D09","PRPO","PRPO.AOS.groundwater.well.005","PRPO.W5.20190506.RAW","A00000084926","2019-05-06T17:35Z","2019-05-06T17:35Z","EcoCore_CSU","ANC",12.7500,"milliequivalentsPerLiter",-0.2,,0,"formatChange","GOOD"
"0bee3205-1efa-46c6-aaaf-a6a7bee98d64","D09","PRPO","PRPO.AOS.groundwater.well.005","PRPO.W5.20190506.FIL","A00000084925","2019-05-06T17:35Z","2019-05-06T17:35Z","EcoCore_CSU","Cl",16.6079,"milligramsPerLiter",-0.2,,0,"formatChange","GOOD"
"3001eb9f-a731-4779-a1d8-ca0a8854f2e1","D09","PRPO","PRPO.AOS.groundwater.well.005","PRPO.W5.20190506.FIL","A00000084925","2019-05-06T17:35Z","2019-05-06T17:35Z","EcoCore_CSU","TDP",0.0062,"milligramsPerLiter",-0.2,,0,"formatChange","GOOD"
"337bf112-cffa-401e-b8f4-dcde5f281ad7","D09","PRPO","PRPO.AOS.groundwater.well.005","PRPO.W5.20190506.FIL","A00000084925","2019-05-06T17:35Z","2019-05-06T17:35Z","EcoCore_CSU","Br",0.0050,"milligramsPerLiter",-0.2,,0,"formatChange","GOOD"
"4da2dc3e-765c-48c1-8665-2786abb667e5","D09","PRPO","PRPO.AOS.groundwater.well.005","PRPO.W5.20190506.FIL","A00000084925","2019-05-06T17:35Z","2019-05-06T17:35Z","EcoCore_CSU","NO2 - N",-0.1268,"milligramsPerLiter",-0.2,,0,"formatChange","GOOD"
"57fded97-6320-4a17-8c47-dcee0f299813","D09","PRPO","PRPO.AOS.groundwater.well.005","PRPO.W5.20190506.RAW","A00000084926","2019-05-06T17:35Z","2019-05-06T17:35Z","EcoCore_CSU","TP",0.0477,"milligramsPerLiter",-0.2,,0,"formatChange","GOOD"
"b2b195d5-b0e2-448c-8563-24b1268e30bd","D09","PRPO","PRPO.AOS.groundwater.well.005","PRPO.W5.20190506.FIL","A00000084925","2019-05-06T17:35Z","2019-05-06T17:35Z","EcoCore_CSU","Ortho - P",0.0380,"milligramsPerLiter",-0.2,,0,"formatChange","GOOD"
"3c8e07b7-7e6f-491f-b028-41a812001ecf","D09","PRPO","PRPO.AOS.groundwater.well.005","PRPO.W5.20190506.FIL","A00000084925","2019-05-06T17:35Z","2019-05-06T17:35Z","EcoCore_CSU","UV Absorbance (280 nm)",0.0757,,-0.2,,0,"formatChange","GOOD"
"0e608920-ff54-4c3b-87b0-90022cb0d804","D09","PRPO","PRPO.AOS.groundwater.well.005","PRPO.W5.20190506.RAW","A00000084926","2019-05-06T17:35Z","2019-05-06T17:35Z","EcoCore_CSU","TSS - Dry Mass",500.0000,"microgram",-0.2,,0,"formatChange","GOOD"
"edb5920d-1fff-4f7f-a820-1c0bbc0a547b","D09","PRPO","PRPO.AOS.groundwater.well.005","PRPO.W5.20190506.RAW","A00000084926","2019-05-06T17:35Z","2019-05-06T17:35Z","EcoCore_CSU","TSS",10.0000,"milligramsPerLiter",-0.2,,0,"formatChange","GOOD"
"d0f53e30-21cc-459d-b29e-379d8737dcf9","D09","PRPO","PRPO.AOS.groundwater.well.005","PRPO.W5.20190506.FIL","A00000084925","2019-05-06T17:35Z","2019-05-06T17:35Z","EcoCore_CSU","NH4 - N",0.0243,"milligramsPerLiter",-0.2,,0,"formatChange","GOOD"
"0e783e49-7f79-4a7a-af14-b25a23991b7e","D09","PRPO","PRPO.AOS.groundwater.well.005","PRPO.W5.20190506.RAW","A00000084926","2019-05-06T17:35Z","2019-05-06T17:35Z","EcoCore_CSU","TOC",10.5900,"milligramsPerLiter",-0.2,,0,"formatChange","GOOD"
"013907cc-98dc-4fd3-a89d-c12a9387902f","D09","PRPO","PRPO.AOS.groundwater.well.005","PRPO.W5.20190506.PCN","A00000084930","2019-05-06T17:35Z","2019-05-06T17:35Z","EcoCore_CSU","TPC",0.2482,"milligram",-0.2,,0,"formatChange","GOOD"
"5c337c78-d61a-4028-9e40-958f64cfce21","D09","PRPO","PRPO.AOS.groundwater.well.005","PRPO.W5.20190506.FIL","A00000084925","2019-05-06T17:35Z","2019-05-06T17:35Z","EcoCore_CSU","K",19.3500,"milligramsPerLiter",-0.2,,0,"formatChange","GOOD"
"85afea93-a0e4-4615-a403-a9826575fed5","D09","PRPO","PRPO.AOS.groundwater.well.005","PRPO.W5.20190506.RAW","A00000084926","2019-05-06T17:35Z","2019-05-06T17:35Z","EcoCore_CSU","pH",7.4700,"pH",-0.2,,0,"formatChange","GOOD"
"68dc2c18-ab97-4a43-9be4-ed474fbf04bf","D09","PRPO","PRPO.AOS.groundwater.well.005","PRPO.W5.20190506.RAW","A00000084926","2019-05-06T17:35Z","2019-05-06T17:35Z","EcoCore_CSU","TN",0.6060,"milligramsPerLiter",-0.2,,0,"formatChange","GOOD"
"d4877e20-ee70-4335-8aff-261baffee2c5","D09","PRPO","PRPO.AOS.groundwater.well.005","PRPO.W5.20190506.FIL","A00000084925","2019-05-06T17:35Z","2019-05-06T17:35Z","EcoCore_CSU","HCO3",766.2800,"milligramsPerLiter",-0.2,,0,"formatChange","GOOD"
"5a890350-55d9-4a90-a79f-e6fd315f9f93","D09","PRPO","PRPO.AOS.groundwater.well.007","PRPO.W7.20190506.FIL","A00000084923","2019-05-06T19:21Z","2019-05-06T19:21Z","EcoCore_CSU","TDP",0.0219,"milligramsPerLiter",-0.2,,0,"formatChange","GOOD"
"2ccec133-f398-453f-9602-71fa8b73875d","D09","PRPO","PRPO.AOS.groundwater.well.007","PRPO.W7.20190506.RAW","A00000084924","2019-05-06T19:21Z","2019-05-06T19:21Z","EcoCore_CSU","TSS",10.0000,"milligramsPerLiter",-0.2,,0,"formatChange","GOOD"
"b4203462-dc53-463e-99f0-6f39b46d94da","D09","PRPO","PRPO.AOS.groundwater.well.007","PRPO.W7.20190506.PCN","A00000084929","2019-05-06T19:21Z","2019-05-06T19:21Z","EcoCore_CSU","TPN",0.1212,"milligram",-0.2,,0,"formatChange","GOOD"
"0d57e279-9c48-486d-b85e-74cbd4775f41","D09","PRPO","PRPO.AOS.groundwater.well.007","PRPO.W7.20190506.FIL","A00000084923","2019-05-06T19:21Z","2019-05-06T19:21Z","EcoCore_CSU","HCO3",337.5600,"milligramsPerLiter",-0.2,,0,"formatChange","GOOD"
"5185ba18-0ddb-40ef-a72e-e75269de76cd","D09","PRPO","PRPO.AOS.groundwater.well.007","PRPO.W7.20190506.RAW","A00000084924","2019-05-06T19:21Z","2019-05-06T19:21Z","EcoCore_CSU","TP",0.0886,"milligramsPerLiter",-0.2,,0,"formatChange","GOOD"
"6c2813ac-7007-458f-bf36-da9e5bd293e9","D09","PRPO","PRPO.AOS.groundwater.well.007","PRPO.W7.20190506.FIL","A00000084923","2019-05-06T19:21Z","2019-05-06T19:21Z","EcoCore_CSU","NO2 - N",-0.1265,"milligramsPerLiter",-0.2,,0,"formatChange","GOOD"
"18155262-911c-4422-a94a-f28ee1115e92","D09","PRPO","PRPO.AOS.groundwater.well.007","PRPO.W7.20190506.FIL","A00000084923","2019-05-06T19:21Z","2019-05-06T19:21Z","EcoCore_CSU","F",3.0897,"milligramsPerLiter",-0.2,,0,"formatChange","GOOD"
"11497008-a3ca-4579-89d4-726580eadd7b","D09","PRPO","PRPO.AOS.groundwater.well.007","PRPO.W7.20190506.FIL","A00000084923","2019-05-06T19:21Z","2019-05-06T19:21Z","EcoCore_CSU","SO4",321.6000,"milligramsPerLiter",-0.2,,0,"formatChange","GOOD"
"a2c61bdc-f720-4e48-8deb-a0a4aaff5eb6","D09","PRPO","PRPO.AOS.groundwater.well.007","PRPO.W7.20190506.FIL","A00000084923","2019-05-06T19:21Z","2019-05-06T19:21Z","EcoCore_CSU","NH4 - N",0.0204,"milligramsPerLiter",-0.2,,0,"formatChange","GOOD"
"a5612b41-0de8-4402-a97b-8f5e16cd50e4","D09","PRPO","PRPO.AOS.groundwater.well.007","PRPO.W7.20190506.FIL","A00000084923","2019-05-06T19:21Z","2019-05-06T19:21Z","EcoCore_CSU","CO3",0.0050,"milligramsPerLiter",-0.2,,0,"formatChange","GOOD"
"a2ed8cb5-7e2b-4bf7-8817-fefc278b4712","D09","PRPO","PRPO.AOS.groundwater.well.007","PRPO.W7.20190506.FIL","A00000084923","2019-05-06T19:21Z","2019-05-06T19:21Z","EcoCore_CSU","Br",0.0050,"milligramsPerLiter",-0.2,,0,"formatChange","GOOD"
"a957a143-2346-464a-aaf8-6dc84dcd7b3d","D09","PRPO","PRPO.AOS.groundwater.well.007","PRPO.W7.20190506.FIL","A00000084923","2019-05-06T19:21Z","2019-05-06T19:21Z","EcoCore_CSU","Ortho - P",0.0280,"milligramsPerLiter",-0.2,,0,"formatChange","GOOD"
"d5b28a2f-5423-4136-a8ed-7330cb603766","D09","PRPO","PRPO.AOS.groundwater.well.007","PRPO.W7.20190506.FIL","A00000084923","2019-05-06T19:21Z","2019-05-06T19:21Z","EcoCore_CSU","Ca",107.0930,"milligramsPerLiter",-0.2,,0,"formatChange","GOOD"
"f810b962-d3aa-493c-94a3-b8c12e91fa37","D09","PRPO","PRPO.AOS.groundwater.well.007","PRPO.W7.20190506.RAW","A00000084924","2019-05-06T19:21Z","2019-05-06T19:21Z","EcoCore_CSU","TN",0.2174,"milligramsPerLiter",-0.2,,0,"formatChange","GOOD"
"55c10ac4-23ec-4569-bd22-7696de3a71cc","D09","PRPO","PRPO.AOS.groundwater.well.007","PRPO.W7.20190506.RAW","A00000084924","2019-05-06T19:21Z","2019-05-06T19:21Z","EcoCore_CSU","ANC",5.6900,"milliequivalentsPerLiter",-0.2,,0,"formatChange","GOOD"
"dc9de6d3-c68f-441d-9737-d090a6032141","D09","PRPO","PRPO.AOS.groundwater.well.007","PRPO.W7.20190506.FIL","A00000084923","2019-05-06T19:21Z","2019-05-06T19:21Z","EcoCore_CSU","Mg",76.9600,"milligramsPerLiter",-0.2,,0,"formatChange","GOOD"
"fabd7aaf-bd22-49d4-a4f1-77eddffa63c5","D09","PRPO","PRPO.AOS.groundwater.well.007","PRPO.W7.20190506.RAW","A00000084924","2019-05-06T19:21Z","2019-05-06T19:21Z","EcoCore_CSU","TOC",3.3840,"milligramsPerLiter",-0.2,,0,"formatChange","GOOD"
"033da4d3-2b1a-48bc-89bf-d97eb2f1a274","D09","PRPO","PRPO.AOS.groundwater.well.007","PRPO.W7.20190506.FIL","A00000084923","2019-05-06T19:21Z","2019-05-06T19:21Z","EcoCore_CSU","DOC",3.3680,"milligramsPerLiter",-0.2,,0,"formatChange","GOOD"
"9b55ea28-5101-41df-bedf-a2eb2d88bc68","D09","PRPO","PRPO.AOS.groundwater.well.007","PRPO.W7.20190506.FIL","A00000084923","2019-05-06T19:21Z","2019-05-06T19:21Z","EcoCore_CSU","UV Absorbance (280 nm)",0.0221,,-0.2,,0,"formatChange","GOOD"
"3777c6d7-0743-499b-9745-7c73b56f50e7","D09","PRPO","PRPO.AOS.groundwater.well.007","PRPO.W7.20190506.FIL","A00000084923","2019-05-06T19:21Z","2019-05-06T19:21Z","EcoCore_CSU","TDS",872.6900,"milligramsPerLiter",-0.2,,0,"formatChange","GOOD"
"4c4b6f47-13eb-4cec-a16a-b6caa988bee3","D09","PRPO","PRPO.AOS.groundwater.well.007","PRPO.W7.20190506.RAW","A00000084924","2019-05-06T19:21Z","2019-05-06T19:21Z","EcoCore_CSU","conductivity",1244.6900,"microsiemensPerCentimeter",-0.2,,0,"formatChange","GOOD"
"c694e9ed-d310-4617-b51c-77e0df17167b","D09","PRPO","PRPO.AOS.groundwater.well.007","PRPO.W7.20190506.PCN","A00000084929","2019-05-06T19:21Z","2019-05-06T19:21Z","EcoCore_CSU","TPC",0.2616,"milligram",-0.2,,0,"formatChange","GOOD"
"534f4fba-b262-4b36-af5c-e09a1620da0e","D09","PRPO","PRPO.AOS.groundwater.well.007","PRPO.W7.20190506.FIL","A00000084923","2019-05-06T19:21Z","2019-05-06T19:21Z","EcoCore_CSU","Fe",0.0005,"milligramsPerLiter",-0.2,,0,"formatChange","GOOD"
"85d9b006-2a25-43cd-a033-7f466063e8a7","D09","PRPO","PRPO.AOS.groundwater.well.007","PRPO.W7.20190506.FIL","A00000084923","2019-05-06T19:21Z","2019-05-06T19:21Z","EcoCore_CSU","Na",12.3700,"milligramsPerLiter",-0.2,,0,"formatChange","GOOD"
"4674db59-9195-45fb-b60b-e877c04936d6","D09","PRPO","PRPO.AOS.groundwater.well.007","PRPO.W7.20190506.FIL","A00000084923","2019-05-06T19:21Z","2019-05-06T19:21Z","EcoCore_CSU","UV Absorbance (250 nm)",0.0451,,-0.2,,0,"formatChange","GOOD"
"cf70daa4-65c7-4f94-8d9d-7188e0f6b950","D09","PRPO","PRPO.AOS.groundwater.well.007","PRPO.W7.20190506.RAW","A00000084924","2019-05-06T19:21Z","2019-05-06T19:21Z","EcoCore_CSU","TSS - Dry Mass",500.0000,"microgram",-0.2,,0,"formatChange","GOOD"
"a431d77f-b22b-425f-99e8-fa67455ab1d8","D09","PRPO","PRPO.AOS.groundwater.well.007","PRPO.W7.20190506.FIL","A00000084923","2019-05-06T19:21Z","2019-05-06T19:21Z","EcoCore_CSU","DIC",116.6000,"milligramsPerLiter",-0.2,,0,"formatChange","GOOD"
"fed5222c-a5aa-4635-aa71-fc4297fd357d","D09","PRPO","PRPO.AOS.groundwater.well.007","PRPO.W7.20190506.FIL","A00000084923","2019-05-06T19:21Z","2019-05-06T19:21Z","EcoCore_CSU","NO3+NO2 - N",-0.0727,"milligramsPerLiter",-0.2,,0,"formatChange","GOOD"
"1edfd68a-a02d-46bd-8af2-8fdf7a541115","D09","PRPO","PRPO.AOS.groundwater.well.007","PRPO.W7.20190506.FIL","A00000084923","2019-05-06T19:21Z","2019-05-06T19:21Z","EcoCore_CSU","Cl",1.9393,"milligramsPerLiter",-0.2,,0,"formatChange","GOOD"
"f5e07246-b04b-44fc-a45b-454f026b56ad","D09","PRPO","PRPO.AOS.groundwater.well.007","PRPO.W7.20190506.RAW","A00000084924","2019-05-06T19:21Z","2019-05-06T19:21Z","EcoCore_CSU","pH",7.7800,"pH",-0.2,,0,"formatChange","GOOD"
"dffd0a59-24da-4700-9664-07aa9572178c","D09","PRPO","PRPO.AOS.groundwater.well.007","PRPO.W7.20190506.FIL","A00000084923","2019-05-06T19:21Z","2019-05-06T19:21Z","EcoCore_CSU","K",5.1190,"milligramsPerLiter",-0.2,,0,"formatChange","GOOD"
"d71634d5-10a9-45bb-bf1c-e34eddce5ff7","D09","PRPO","PRPO.AOS.groundwater.well.007","PRPO.W7.20190506.FIL","A00000084923","2019-05-06T19:21Z","2019-05-06T19:21Z","EcoCore_CSU","Mn",0.0005,"milligramsPerLiter",-0.2,,0,"formatChange","GOOD"
"7926eaca-44f3-4b85-a38f-13cc5830a04d","D09","PRPO","PRPO.AOS.groundwater.well.007","PRPO.W7.20190506.FIL","A00000084923","2019-05-06T19:21Z","2019-05-06T19:21Z","EcoCore_CSU","Si",13.8797,"milligramsPerLiter",-0.2,,0,"formatChange","GOOD"
"4f2f4742-76ea-4d24-b428-7594d13baabc","D09","PRPO","PRPO.AOS.groundwater.well.007","PRPO.W7.20190506.FIL","A00000084923","2019-05-06T19:21Z","2019-05-06T19:21Z","EcoCore_CSU","TDN",0.2280,"milligramsPerLiter",-0.2,,0,"formatChange","GOOD"
