uid,domainID,siteID,namedLocation,decimalLatitude,decimalLongitude,coordinateUncertainty,elevation,elevationUncertainty,geodeticDatum,collectDate,aquaticSiteType,samplingImpractical,waterChemSamplesCollected,adequateSampleVol,parentSampleID,eventID,swcSamplingProtocolVersion,sampleExtractionMethod,samplerType,totalWellDepth,wellWaterDepth,waterColumnHeight,sampleDepth,purgeAverageDischargeRate,purgeTime,gwWellStabilized,purgeDryDateTime,pumpPlacementDate,screenedIntervalDepth,maxAllowableDrawdown,actualDrawdown,MADExceeded,wellVolumePurged,probeIDUnavailable,dissolvedOxygen,dissolvedOxygenSaturation,specificConductance,waterTemp,pH,waterClarityDescrip,waterColorDescrip,aCollectedBy,bCollectedBy,remarks
"a4218651-d8fe-40d3-8758-7786977f2edf","D09","PRPO","PRPO.AOS.groundwater.well.001",47.129125,-99.251580,0.1,592.0,0.1,"WGS84","2019-05-06T14:35Z","lake",,,"Y","PRPO.W1.20190506","PRPO.20190506","NEON.DOC.002905vF","low-flow","Groundwater Pump",7.2,2.5,4.7,3.5,,,,,,,,,,6.6,,1.58,13.20,5314.00,4.60,7.72,"clear","colorless","0000-0002-4670-7736","0000-0001-5939-3206",
"3f036827-2a7a-455e-b703-978064011d56","D09","PRPO","PRPO.AOS.groundwater.well.003",47.127319,-99.255063,0.1,594.4,0.1,"WGS84","2019-05-06T16:09Z","lake",,,"Y","PRPO.W3.20190506","PRPO.20190506","NEON.DOC.002905vF","low-flow","Groundwater Pump",9.4,4.4,5.1,5.4,,,,,,,,,,5.4,,1.60,13.00,2498.00,5.40,7.20,"clear","colorless","0000-0002-4670-7736","0000-0001-5939-3206",
"424a73a6-4f25-46ae-9171-420872dd45b5","D09","PRPO","PRPO.AOS.groundwater.well.005",47.129698,-99.255141,0.1,592.6,0.1,"WGS84","2019-05-06T17:35Z","lake",,,"Y","PRPO.W5.20190506","PRPO.20190506","NEON.DOC.002905vF","low-flow","Groundwater Pump",7.6,2.9,4.7,3.9,,,,,,,,,,4.9,,2.40,20.10,4841.00,4.90,7.27,"clear","colorless","0000-0002-4670-7736","0000-0001-5939-3206",
"e5163766-7ee3-4eca-a14f-534436558676","D09","PRPO","PRPO.AOS.groundwater.well.007",47.131704,-99.250610,0.1,592.6,0.1,"WGS84","2019-05-06T19:21Z","lake",,,"Y","PRPO.W7.20190506","PRPO.20190506","NEON.DOC.002905vF","low-flow","Groundwater Pump",8.2,2.6,5.6,3.6,,,,,,,,,,4.5,,2.16,18.60,1271.00,6.20,7.43,"clear","colorless","0000-0002-4670-7736","0000-0001-5939-3206",
