uid,domainID,siteID,namedLocation,collectDate,titrationDate,parentSampleID,domainSampleID,remarks,measuredBy,alkMeqPerL,alkMgPerL,ancMeqPerL,ancMgPerL
"a445855a-c5b9-4ac5-bc4e-7d28f2b03e2b","D09","PRPO","PRPO.AOS.groundwater.well.001","2019-05-06T14:35Z","2019-05-07T13:20Z","PRPO.W1.20190506","PRPO.W1.20190506.ALK",,"dfarkas@battelleecology.org",7.420,372.000,,
"4b85a9b8-00d1-4666-9fe7-96ae8bfacd6b","D09","PRPO","PRPO.AOS.groundwater.well.003","2019-05-06T16:09Z","2019-05-07T14:00Z","PRPO.W3.20190506","PRPO.W3.20190506.ALK",,"dfarkas@battelleecology.org",9.630,482.000,,
"c306673b-4fa0-42b2-ab9b-f6a56040d83a","D09","PRPO","PRPO.AOS.groundwater.well.005","2019-05-06T17:35Z","2019-05-07T14:30Z","PRPO.W5.20190506","PRPO.W5.20190506.ALK",,"dfarkas@battelleecology.org",7.910,396.000,,
"6e3a1dca-1e52-4650-ba53-aae9c6e0569c","D09","PRPO","PRPO.AOS.groundwater.well.007","2019-05-06T19:21Z","2019-05-07T15:05Z","PRPO.W7.20190506","PRPO.W7.20190506.ALK",,"dfarkas@battelleecology.org",9.230,462.000,,
