uid,domainID,siteID,namedLocation,collectDate,titrationDate,parentSampleID,domainSampleID,remarks,measuredBy,alkMeqPerL,alkMgPerL,ancMeqPerL,ancMgPerL
"a9953866-47b3-4699-b1bb-c680cea08ed1","D08","MAYF","MAYF.AOS.groundwater.well.001","2016-03-01T17:40Z","2016-03-01T23:00Z","MAYF.W1.20160301","MAYF.W1.20160301.ANC",,"hbeeler@field-ops.org",,,0.140,7.130
"b1b3979a-5e86-4f63-b93e-8fcd3f310bfc","D08","MAYF","MAYF.AOS.groundwater.well.001","2016-03-01T17:40Z","2016-03-01T22:25Z","MAYF.W1.20160301","MAYF.W1.20160301.ALK",,"hbeeler@field-ops.org",0.160,7.760,,
"1ad97cea-0026-4963-8e7f-45a4e5a15eba","D08","MAYF","MAYF.AOS.groundwater.well.005","2016-03-01T19:22Z","2016-03-01T23:25Z","MAYF.W5.20160301","MAYF.W5.20160301.ANC",,"hbeeler@field-ops.org",,,0.020,0.830
"ea5a2c68-06b4-478e-9e3d-2d85c2b37b95","D08","MAYF","MAYF.AOS.groundwater.well.005","2016-03-01T19:22Z","2016-03-01T23:45Z","MAYF.W5.20160301","MAYF.W5.20160301.ALK",,"hbeeler@field-ops.org",0.010,0.690,,
"4f04d2a4-873e-49e9-a874-c0d17a2ecfee","D08","MAYF","MAYF.AOS.groundwater.well.006","2016-03-02T17:08Z","2016-03-03T16:45Z","MAYF.W6.20160302","MAYF.W6.20160302.ANC",,"hbeeler@field-ops.org",,,0.050,2.500
"dc5d1e69-5fa8-421c-9b19-4577d7adbfb8","D08","MAYF","MAYF.AOS.groundwater.well.006","2016-03-02T17:08Z","2016-03-03T16:15Z","MAYF.W6.20160302","MAYF.W6.20160302.ALK",,"hbeeler@field-ops.org",0.050,2.540,,
"6ec5d814-7c38-46e0-a3ba-b49521aacedb","D08","MAYF","MAYF.AOS.groundwater.well.007","2016-03-02T18:01Z","2016-03-03T17:32Z","MAYF.W7.20160302","MAYF.W7.20160302.ANC",,"hbeeler@field-ops.org",,,0.110,5.560
"165fa274-447a-4d41-b835-808ce47846be","D08","MAYF","MAYF.AOS.groundwater.well.007","2016-03-02T18:01Z","2016-03-03T17:07Z","MAYF.W7.20160302","MAYF.W7.20160302.ALK",,"hbeeler@field-ops.org",0.090,4.690,,
