uid,domainID,siteID,namedLocation,decimalLatitude,decimalLongitude,coordinateUncertainty,elevation,elevationUncertainty,geodeticDatum,collectDate,aquaticSiteType,samplingImpractical,waterChemSamplesCollected,adequateSampleVol,parentSampleID,eventID,swcSamplingProtocolVersion,sampleExtractionMethod,samplerType,totalWellDepth,wellWaterDepth,waterColumnHeight,sampleDepth,purgeAverageDischargeRate,purgeTime,gwWellStabilized,purgeDryDateTime,pumpPlacementDate,screenedIntervalDepth,maxAllowableDrawdown,actualDrawdown,MADExceeded,wellVolumePurged,probeIDUnavailable,dissolvedOxygen,dissolvedOxygenSaturation,specificConductance,waterTemp,pH,waterClarityDescrip,waterColorDescrip,aCollectedBy,bCollectedBy,remarks
"4b6a296b-5f86-4490-a0df-eb5d84fe008c","D08","MAYF","MAYF.AOS.groundwater.well.001",32.960476,-87.407716,0.1,72.4,0.1,"WGS84","2016-03-01T17:40Z","stream",,,,"MAYF.W1.20160301","MAYF.20160301","NEON.DOC.002905vB","low-flow",,,1.5,,2.9,,,,,,,,,,15.1,,2.66,25.60,31.00,13.50,,,,"ctran@neoninc.org","hbeeler@field-ops.org",
"e8a6da6f-d472-4ea7-a5bb-33347dbeec76","D08","MAYF","MAYF.AOS.groundwater.well.005",32.961046,-87.408012,0.1,73.3,0.1,"WGS84","2016-03-01T19:22Z","stream",,,,"MAYF.W5.20160301","MAYF.20160301","NEON.DOC.002905vB","low-flow",,,2.2,,2.9,,,,,,,,,,7.6,,3.36,31.60,23.80,13.40,,,,"ctran@neoninc.org","hbeeler@field-ops.org",
"7f602605-c836-47c6-80ad-0c8287a72501","D08","MAYF","MAYF.AOS.groundwater.well.006",32.961276,-87.407836,0.1,74.2,0.1,"WGS84","2016-03-02T17:08Z","stream",,,,"MAYF.W6.20160302","MAYF.20160302","NEON.DOC.002905vB","low-flow",,,3.2,,2.7,,,,,,,,,,,,1.10,10.30,21.40,12.50,,,,"ctran@neoninc.org","hbeeler@field-ops.org","Total volume discharged was not recorded"
"0757dba6-8934-4721-8d26-3ef840edce8a","D08","MAYF","MAYF.AOS.groundwater.well.007",32.961682,-87.408335,0.1,74.7,0.1,"WGS84","2016-03-02T18:01Z","stream",,,,"MAYF.W7.20160302","MAYF.20160302","NEON.DOC.002905vB","low-flow",,,1.5,,3.7,,,,,,,,,,,,3.61,135.40,27.30,15.20,,,,"ctran@neoninc.org","hbeeler@field-ops.org","Total volume discharged not recorded"
