uid,domainID,siteID,namedLocation,decimalLatitude,decimalLongitude,coordinateUncertainty,elevation,elevationUncertainty,geodeticDatum,collectDate,aquaticSiteType,samplingImpractical,waterChemSamplesCollected,adequateSampleVol,parentSampleID,eventID,swcSamplingProtocolVersion,sampleExtractionMethod,samplerType,totalWellDepth,wellWaterDepth,waterColumnHeight,sampleDepth,purgeAverageDischargeRate,purgeTime,gwWellStabilized,purgeDryDateTime,pumpPlacementDate,screenedIntervalDepth,maxAllowableDrawdown,actualDrawdown,MADExceeded,wellVolumePurged,probeIDUnavailable,dissolvedOxygen,dissolvedOxygenSaturation,specificConductance,waterTemp,pH,waterClarityDescrip,waterColorDescrip,aCollectedBy,bCollectedBy,remarks
"19cd7474-c932-4c37-8006-a5f1053b1185","D18","TOOK","TOOK.AOS.groundwater.well.008",68.640702,-149.597089,0.5,719.0,0.5,"WGS84","2018-09-04T21:44Z","lake",,,"Y","TOOK.W8.20180904","TOOK.20180904","NEON.DOC.002905vE","Syringe","Syringe",,,,,,,,,,,,,,,,3.80,33.00,91.20,6.10,,,,"kbroberg@battelleecology.org","Tsurgener@battelleecology.org",
"1a29d3e0-2564-4b51-8d6b-243fa8f687c9","D18","TOOK","TOOK.AOS.groundwater.well.007",68.639351,-149.590122,0.1,716.8,0.1,"WGS84","2018-09-04T23:11Z","lake",,,"Y","TOOK.W7.20180904","TOOK.20180904","NEON.DOC.002905vE","Syringe","Syringe",,,,,,,,,,,,,,,,3.00,26.00,41.00,5.50,,,,"kbroberg@battelleecology.org","Tsurgener@battelleecology.org",
"b1481054-b730-44f8-b827-f32a94d7bee9","D18","TOOK","TOOK.AOS.groundwater.well.002",68.625116,-149.596071,0.1,719.2,0.1,"WGS84","2018-09-05T00:52Z","lake",,,"Y","TOOK.W2.20180904","TOOK.20180904","NEON.DOC.002905vE","Syringe","Syringe",,,,,,,,,,,,,,,,4.20,35.00,21.00,5.10,,,,"Tsurgener@battelleecology.org","kbroberg@battelleecology.org",
"b2467d5f-df17-4568-8940-21aae82c4595","D18","TOOK","TOOK.AOS.groundwater.well.001",68.624838,-149.594024,0.5,721.6,0.5,"WGS84","2018-09-05T01:18Z","lake","location dry",,,"TOOK.W1.20180904","TOOK.20180904","NEON.DOC.002905vE","Syringe","Syringe",,,,,,,,,,,,,,,,,,,,,,,"Tsurgener@battelleecology.org","kbroberg@battelleecology.org","Could not get enough water for any samples"
