uid,domainID,siteID,namedLocation,sampleID,sampleCode,startDate,collectDate,laboratoryName,analyte,analyteConcentration,analyteUnits,coolerTemp,remarks,shipmentWarmQF,externalLabDataQF,sampleCondition
"a31cda3a-3b76-46bc-a57b-0a4eba520fc5","D18","TOOK","TOOK.AOS.groundwater.well.008","TOOK.W8.20180904.FIL","A00000027295","2018-09-04T21:44Z","2018-09-04T21:44Z","EcoCore_CSU","K",0.0010,"milligramsPerLiter",4.6,,0,"formatChange","GOOD"
"1ff80230-566c-4f17-b4ed-4de4bc12cde2","D18","TOOK","TOOK.AOS.groundwater.well.008","TOOK.W8.20180904.FIL","A00000027295","2018-09-04T21:44Z","2018-09-04T21:44Z","EcoCore_CSU","NH4 - N",0.0237,"milligramsPerLiter",4.6,,0,"formatChange","GOOD"
"a741407e-4fd5-41c1-a660-8ff76d75f0ba","D18","TOOK","TOOK.AOS.groundwater.well.008","TOOK.W8.20180904.FIL","A00000027295","2018-09-04T21:44Z","2018-09-04T21:44Z","EcoCore_CSU","TDN",0.2670,"milligramsPerLiter",4.6,,0,"formatChange","GOOD"
"9812324c-6e1a-4d16-bdad-81db4ee85cc5","D18","TOOK","TOOK.AOS.groundwater.well.008","TOOK.W8.20180904.FIL","A00000027295","2018-09-04T21:44Z","2018-09-04T21:44Z","EcoCore_CSU","Ca",15.8644,"milligramsPerLiter",4.6,,0,"formatChange","GOOD"
"756af436-1696-4630-8cdc-c3ca64ed4d20","D18","TOOK","TOOK.AOS.groundwater.well.008","TOOK.W8.20180904.FIL","A00000027295","2018-09-04T21:44Z","2018-09-04T21:44Z","EcoCore_CSU","Si",1.1371,"milligramsPerLiter",4.6,,0,"formatChange","GOOD"
"49b63cfa-4ca7-44c5-afcb-9340490d7e1e","D18","TOOK","TOOK.AOS.groundwater.well.008","TOOK.W8.20180904.PCN","A00000064216","2018-09-04T21:44Z","2018-09-04T21:44Z","EcoCore_CSU","TPN",0.1409,"milligram",4.6,,0,"formatChange","GOOD"
"a0fa9727-55d8-4260-8b40-09ff6477c03c","D18","TOOK","TOOK.AOS.groundwater.well.008","TOOK.W8.20180904.FIL","A00000027295","2018-09-04T21:44Z","2018-09-04T21:44Z","EcoCore_CSU","HCO3",55.4200,"milligramsPerLiter",4.6,,0,"formatChange","GOOD"
"542814a6-e557-4e13-84b1-2de0c5de69bf","D18","TOOK","TOOK.AOS.groundwater.well.008","TOOK.W8.20180904.FIL","A00000027295","2018-09-04T21:44Z","2018-09-04T21:44Z","EcoCore_CSU","NO2 - N",0.0229,"milligramsPerLiter",4.6,,0,"formatChange","GOOD"
"ba67bf89-82e0-4261-b3fe-11dc9311ee01","D18","TOOK","TOOK.AOS.groundwater.well.008","TOOK.W8.20180904.FIL","A00000027295","2018-09-04T21:44Z","2018-09-04T21:44Z","EcoCore_CSU","DIC",11.4100,"milligramsPerLiter",4.6,,0,"formatChange","GOOD"
"b8e9ea34-e27f-45c0-9509-b4b28d1460fb","D18","TOOK","TOOK.AOS.groundwater.well.008","TOOK.W8.20180904.RAW","A00000027390","2018-09-04T21:44Z","2018-09-04T21:44Z","EcoCore_CSU","conductivity",98.4700,"microsiemensPerCentimeter",4.6,,0,"formatChange","GOOD"
"279a925e-895b-47b0-a929-28f73ef2da6b","D18","TOOK","TOOK.AOS.groundwater.well.008","TOOK.W8.20180904.RAW","A00000027390","2018-09-04T21:44Z","2018-09-04T21:44Z","EcoCore_CSU","TSS - Dry Mass",900.0000,"microgram",4.6,,0,"formatChange","GOOD"
"4f1b36cd-29b8-4342-aca7-4a764942848a","D18","TOOK","TOOK.AOS.groundwater.well.008","TOOK.W8.20180904.RAW","A00000027390","2018-09-04T21:44Z","2018-09-04T21:44Z","EcoCore_CSU","TOC",10.5800,"milligramsPerLiter",4.6,,0,"formatChange","GOOD"
"cfefad33-5250-457d-9e58-509ae5aec284","D18","TOOK","TOOK.AOS.groundwater.well.008","TOOK.W8.20180904.FIL","A00000027295","2018-09-04T21:44Z","2018-09-04T21:44Z","EcoCore_CSU","TDS",69.4600,"milligramsPerLiter",4.6,,0,"formatChange","GOOD"
"5b811686-7009-4f68-862d-f60f89888ebc","D18","TOOK","TOOK.AOS.groundwater.well.008","TOOK.W8.20180904.FIL","A00000027295","2018-09-04T21:44Z","2018-09-04T21:44Z","EcoCore_CSU","UV Absorbance (280 nm)",0.2594,,4.6,,0,"formatChange","GOOD"
"5f038de2-78ad-4dd3-896d-438e196d7291","D18","TOOK","TOOK.AOS.groundwater.well.008","TOOK.W8.20180904.RAW","A00000027390","2018-09-04T21:44Z","2018-09-04T21:44Z","EcoCore_CSU","ANC",0.9560,"milliequivalentsPerLiter",4.6,,0,"formatChange","GOOD"
"3f15f355-1eda-4a59-b411-c93cecccdc70","D18","TOOK","TOOK.AOS.groundwater.well.008","TOOK.W8.20180904.PCN","A00000064216","2018-09-04T21:44Z","2018-09-04T21:44Z","EcoCore_CSU","TPC",1.0550,"milligram",4.6,,0,"formatChange","GOOD"
"b130cec2-e906-44f6-8c5a-83676ddc8648","D18","TOOK","TOOK.AOS.groundwater.well.008","TOOK.W8.20180904.RAW","A00000027390","2018-09-04T21:44Z","2018-09-04T21:44Z","EcoCore_CSU","TSS",18.0000,"milligramsPerLiter",4.6,,0,"formatChange","GOOD"
"9a670c37-677a-4c44-a2ef-70cb8c3a0be8","D18","TOOK","TOOK.AOS.groundwater.well.008","TOOK.W8.20180904.FIL","A00000027295","2018-09-04T21:44Z","2018-09-04T21:44Z","EcoCore_CSU","NO3+NO2 - N",0.0155,"milligramsPerLiter",4.6,,0,"formatChange","GOOD"
"d026dab1-e467-46a2-ac65-d3ddc537637a","D18","TOOK","TOOK.AOS.groundwater.well.008","TOOK.W8.20180904.FIL","A00000027295","2018-09-04T21:44Z","2018-09-04T21:44Z","EcoCore_CSU","Fe",0.0558,"milligramsPerLiter",4.6,,0,"formatChange","GOOD"
"15a82e46-8f4e-44b6-892a-29c9b00b1936","D18","TOOK","TOOK.AOS.groundwater.well.008","TOOK.W8.20180904.FIL","A00000027295","2018-09-04T21:44Z","2018-09-04T21:44Z","EcoCore_CSU","Mn",0.0005,"milligramsPerLiter",4.6,,0,"formatChange","GOOD"
"283519b1-2c24-4240-9191-fda465298256","D18","TOOK","TOOK.AOS.groundwater.well.008","TOOK.W8.20180904.FIL","A00000027295","2018-09-04T21:44Z","2018-09-04T21:44Z","EcoCore_CSU","Ortho - P",0.0140,"milligramsPerLiter",4.6,,0,"formatChange","GOOD"
"1ce561bc-750d-47b5-8ef9-af076c45ee1b","D18","TOOK","TOOK.AOS.groundwater.well.008","TOOK.W8.20180904.RAW","A00000027390","2018-09-04T21:44Z","2018-09-04T21:44Z","EcoCore_CSU","pH",7.2600,"pH",4.6,,0,"formatChange","GOOD"
"54281e41-f27d-4331-8598-58e9994fad8e","D18","TOOK","TOOK.AOS.groundwater.well.008","TOOK.W8.20180904.RAW","A00000027390","2018-09-04T21:44Z","2018-09-04T21:44Z","EcoCore_CSU","TN",0.3065,"milligramsPerLiter",4.6,,0,"formatChange","GOOD"
"951511fa-3d45-48c9-afe0-2466962412a9","D18","TOOK","TOOK.AOS.groundwater.well.008","TOOK.W8.20180904.FIL","A00000027295","2018-09-04T21:44Z","2018-09-04T21:44Z","EcoCore_CSU","UV Absorbance (250 nm)",0.3783,,4.6,,0,"formatChange","GOOD"
"c2238f59-5662-4036-ae8d-c8b601eef0e1","D18","TOOK","TOOK.AOS.groundwater.well.008","TOOK.W8.20180904.FIL","A00000027295","2018-09-04T21:44Z","2018-09-04T21:44Z","EcoCore_CSU","Na",0.5040,"milligramsPerLiter",4.6,,0,"formatChange","GOOD"
"ca9c433d-b998-40f7-ab35-ae3b4f04d21c","D18","TOOK","TOOK.AOS.groundwater.well.008","TOOK.W8.20180904.FIL","A00000027295","2018-09-04T21:44Z","2018-09-04T21:44Z","EcoCore_CSU","DOC",9.7590,"milligramsPerLiter",4.6,,0,"formatChange","GOOD"
"8fb3f8a7-221c-4604-af4d-54e4fce62f03","D18","TOOK","TOOK.AOS.groundwater.well.008","TOOK.W8.20180904.FIL","A00000027295","2018-09-04T21:44Z","2018-09-04T21:44Z","EcoCore_CSU","SO4",2.0670,"milligramsPerLiter",4.6,,0,"formatChange","GOOD"
"62c453bc-4ce9-4947-8df3-c4d17489ffd7","D18","TOOK","TOOK.AOS.groundwater.well.008","TOOK.W8.20180904.FIL","A00000027295","2018-09-04T21:44Z","2018-09-04T21:44Z","EcoCore_CSU","F",0.0050,"milligramsPerLiter",4.6,,0,"formatChange","GOOD"
"082e60fb-d69f-4df6-a46c-d501913ada00","D18","TOOK","TOOK.AOS.groundwater.well.008","TOOK.W8.20180904.FIL","A00000027295","2018-09-04T21:44Z","2018-09-04T21:44Z","EcoCore_CSU","Mg",1.9590,"milligramsPerLiter",4.6,,0,"formatChange","GOOD"
"3ad664fe-20da-4281-bbc3-02aeb130a7d0","D18","TOOK","TOOK.AOS.groundwater.well.008","TOOK.W8.20180904.FIL","A00000027295","2018-09-04T21:44Z","2018-09-04T21:44Z","EcoCore_CSU","TDP",0.0005,"milligramsPerLiter",4.6,,0,"formatChange","GOOD"
"c5012740-6bd5-4e9d-b0cd-317d62304c8d","D18","TOOK","TOOK.AOS.groundwater.well.008","TOOK.W8.20180904.FIL","A00000027295","2018-09-04T21:44Z","2018-09-04T21:44Z","EcoCore_CSU","Br",0.0050,"milligramsPerLiter",4.6,,0,"formatChange","GOOD"
"4c8fe819-0117-47d1-88fd-f2afc0a8e723","D18","TOOK","TOOK.AOS.groundwater.well.008","TOOK.W8.20180904.RAW","A00000027390","2018-09-04T21:44Z","2018-09-04T21:44Z","EcoCore_CSU","TP",0.0020,"milligramsPerLiter",4.6,,0,"formatChange","GOOD"
"b762a2ca-9bf1-4053-8a1c-83f91b9d73a3","D18","TOOK","TOOK.AOS.groundwater.well.008","TOOK.W8.20180904.FIL","A00000027295","2018-09-04T21:44Z","2018-09-04T21:44Z","EcoCore_CSU","Cl",0.2000,"milligramsPerLiter",4.6,,0,"formatChange","GOOD"
"5942a9d1-4ca2-4d94-9897-66cd1fc1e15f","D18","TOOK","TOOK.AOS.groundwater.well.008","TOOK.W8.20180904.FIL","A00000027295","2018-09-04T21:44Z","2018-09-04T21:44Z","EcoCore_CSU","CO3",0.0050,"milligramsPerLiter",4.6,,0,"formatChange","GOOD"
"a78f566c-55e9-49b4-8285-5f35f1a77256","D18","TOOK","TOOK.AOS.groundwater.well.007","TOOK.W7.20180904.FIL","A00000027290","2018-09-04T23:11Z","2018-09-04T23:11Z","EcoCore_CSU","Mn",0.0940,"milligramsPerLiter",4.6,,0,"formatChange","GOOD"
"962aec79-4a77-4956-96b8-dce27e6cda50","D18","TOOK","TOOK.AOS.groundwater.well.007","TOOK.W7.20180904.FIL","A00000027290","2018-09-04T23:11Z","2018-09-04T23:11Z","EcoCore_CSU","Na",0.3210,"milligramsPerLiter",4.6,,0,"formatChange","GOOD"
"2f9c459e-b087-427d-91fb-87dd7fc04bac","D18","TOOK","TOOK.AOS.groundwater.well.007","TOOK.W7.20180904.RAW","A00000064214","2018-09-04T23:11Z","2018-09-04T23:11Z","EcoCore_CSU","TSS",40.0000,"milligramsPerLiter",4.6,,0,"formatChange","GOOD"
"6a3a33f8-274f-4c80-b223-6b0cbc9a4882","D18","TOOK","TOOK.AOS.groundwater.well.007","TOOK.W7.20180904.FIL","A00000027290","2018-09-04T23:11Z","2018-09-04T23:11Z","EcoCore_CSU","Ortho - P",0.0380,"milligramsPerLiter",4.6,,0,"formatChange","GOOD"
"04306870-29fe-446e-b2ea-63d6d2c2efd4","D18","TOOK","TOOK.AOS.groundwater.well.007","TOOK.W7.20180904.RAW","A00000064214","2018-09-04T23:11Z","2018-09-04T23:11Z","EcoCore_CSU","TP",0.0310,"milligramsPerLiter",4.6,,0,"formatChange","GOOD"
"eb570a24-9642-4d55-8fa4-79f74ffd44a7","D18","TOOK","TOOK.AOS.groundwater.well.007","TOOK.W7.20180904.FIL","A00000027290","2018-09-04T23:11Z","2018-09-04T23:11Z","EcoCore_CSU","NH4 - N",0.0586,"milligramsPerLiter",4.6,,0,"formatChange","GOOD"
"b4227fbe-3128-4a8e-980d-2ce6618a3d28","D18","TOOK","TOOK.AOS.groundwater.well.007","TOOK.W7.20180904.FIL","A00000027290","2018-09-04T23:11Z","2018-09-04T23:11Z","EcoCore_CSU","Fe",3.8773,"milligramsPerLiter",4.6,,0,"formatChange","GOOD"
"fe78aec5-3364-498b-9a52-f90928b86eb9","D18","TOOK","TOOK.AOS.groundwater.well.007","TOOK.W7.20180904.FIL","A00000027290","2018-09-04T23:11Z","2018-09-04T23:11Z","EcoCore_CSU","F",0.0050,"milligramsPerLiter",4.6,,0,"formatChange","GOOD"
"7ef62893-463c-433a-9296-d6c46b65fd5b","D18","TOOK","TOOK.AOS.groundwater.well.007","TOOK.W7.20180904.FIL","A00000027290","2018-09-04T23:11Z","2018-09-04T23:11Z","EcoCore_CSU","TDS",24.2700,"milligramsPerLiter",4.6,,0,"formatChange","GOOD"
"0e823e51-5e85-495b-96e6-8eac04aa324f","D18","TOOK","TOOK.AOS.groundwater.well.007","TOOK.W7.20180904.FIL","A00000027290","2018-09-04T23:11Z","2018-09-04T23:11Z","EcoCore_CSU","HCO3",19.9900,"milligramsPerLiter",4.6,,0,"formatChange","GOOD"
"2a61987e-2af2-40a1-a0e6-a2d92c9995b7","D18","TOOK","TOOK.AOS.groundwater.well.007","TOOK.W7.20180904.FIL","A00000027290","2018-09-04T23:11Z","2018-09-04T23:11Z","EcoCore_CSU","Cl",0.8100,"milligramsPerLiter",4.6,,0,"formatChange","GOOD"
"6511a5f4-b002-49cc-bb2d-0743d8cd69ba","D18","TOOK","TOOK.AOS.groundwater.well.007","TOOK.W7.20180904.FIL","A00000027290","2018-09-04T23:11Z","2018-09-04T23:11Z","EcoCore_CSU","Br",0.0050,"milligramsPerLiter",4.6,,0,"formatChange","GOOD"
"48419ef6-0b27-4eb3-9306-c6de744adfbc","D18","TOOK","TOOK.AOS.groundwater.well.007","TOOK.W7.20180904.RAW","A00000064214","2018-09-04T23:11Z","2018-09-04T23:11Z","EcoCore_CSU","TN",1.2770,"milligramsPerLiter",4.6,,0,"formatChange","GOOD"
"4f8f3c89-70d9-42c8-8316-63c72931c14c","D18","TOOK","TOOK.AOS.groundwater.well.007","TOOK.W7.20180904.FIL","A00000027290","2018-09-04T23:11Z","2018-09-04T23:11Z","EcoCore_CSU","TDP",0.0250,"milligramsPerLiter",4.6,,0,"formatChange","GOOD"
"713fa8b7-e270-4891-a54b-3d00c6988840","D18","TOOK","TOOK.AOS.groundwater.well.007","TOOK.W7.20180904.FIL","A00000027290","2018-09-04T23:11Z","2018-09-04T23:11Z","EcoCore_CSU","UV Absorbance (250 nm)",1.7522,,4.6,,0,"formatChange","GOOD"
"b7aae9f1-edd6-4303-9c41-44fa5d66b7a2","D18","TOOK","TOOK.AOS.groundwater.well.007","TOOK.W7.20180904.PCN","A00000064217","2018-09-04T23:11Z","2018-09-04T23:11Z","EcoCore_CSU","TPN",0.1377,"milligram",4.6,,0,"formatChange","GOOD"
"2ec2e834-d70b-4b2b-aaf8-b60ded055a40","D18","TOOK","TOOK.AOS.groundwater.well.007","TOOK.W7.20180904.FIL","A00000027290","2018-09-04T23:11Z","2018-09-04T23:11Z","EcoCore_CSU","NO3+NO2 - N",-0.0072,"milligramsPerLiter",4.6,,0,"formatChange","GOOD"
"65257573-a4c4-47b8-860e-5b282df04e71","D18","TOOK","TOOK.AOS.groundwater.well.007","TOOK.W7.20180904.FIL","A00000027290","2018-09-04T23:11Z","2018-09-04T23:11Z","EcoCore_CSU","NO2 - N",0.0272,"milligramsPerLiter",4.6,,0,"formatChange","GOOD"
"01e91785-5b8c-42fa-9167-dc7701df78ff","D18","TOOK","TOOK.AOS.groundwater.well.007","TOOK.W7.20180904.FIL","A00000027290","2018-09-04T23:11Z","2018-09-04T23:11Z","EcoCore_CSU","Mg",0.6180,"milligramsPerLiter",4.6,,0,"formatChange","GOOD"
"6b801e73-bde3-4f94-aba9-de6782bd9227","D18","TOOK","TOOK.AOS.groundwater.well.007","TOOK.W7.20180904.FIL","A00000027290","2018-09-04T23:11Z","2018-09-04T23:11Z","EcoCore_CSU","DIC",4.7570,"milligramsPerLiter",4.6,,0,"formatChange","GOOD"
"4545b33f-b586-4b33-8ebd-052f944aca8d","D18","TOOK","TOOK.AOS.groundwater.well.007","TOOK.W7.20180904.RAW","A00000064214","2018-09-04T23:11Z","2018-09-04T23:11Z","EcoCore_CSU","TOC",34.6000,"milligramsPerLiter",4.6,,0,"formatChange","GOOD"
"a87f8662-65f4-4f35-a802-397fcab905ea","D18","TOOK","TOOK.AOS.groundwater.well.007","TOOK.W7.20180904.PCN","A00000064217","2018-09-04T23:11Z","2018-09-04T23:11Z","EcoCore_CSU","TPC",0.8829,"milligram",4.6,,0,"formatChange","GOOD"
"427f0311-67b8-4b26-b011-cde0fc13ab9b","D18","TOOK","TOOK.AOS.groundwater.well.007","TOOK.W7.20180904.FIL","A00000027290","2018-09-04T23:11Z","2018-09-04T23:11Z","EcoCore_CSU","CO3",0.0050,"milligramsPerLiter",4.6,,0,"formatChange","GOOD"
"7a9418e5-5c31-4490-b2ea-8b234b9d5c33","D18","TOOK","TOOK.AOS.groundwater.well.007","TOOK.W7.20180904.FIL","A00000027290","2018-09-04T23:11Z","2018-09-04T23:11Z","EcoCore_CSU","K",0.0410,"milligramsPerLiter",4.6,,0,"formatChange","GOOD"
"a242705a-7c12-431a-a9ba-dcdfe8bb3f10","D18","TOOK","TOOK.AOS.groundwater.well.007","TOOK.W7.20180904.FIL","A00000027290","2018-09-04T23:11Z","2018-09-04T23:11Z","EcoCore_CSU","Si",1.1386,"milligramsPerLiter",4.6,,0,"formatChange","GOOD"
"06f53766-03a7-4bd8-9a96-4c78b34b4439","D18","TOOK","TOOK.AOS.groundwater.well.007","TOOK.W7.20180904.FIL","A00000027290","2018-09-04T23:11Z","2018-09-04T23:11Z","EcoCore_CSU","TDN",1.0590,"milligramsPerLiter",4.6,,0,"formatChange","GOOD"
"4c91d39d-2725-4231-be40-bc7c3ecaf06b","D18","TOOK","TOOK.AOS.groundwater.well.007","TOOK.W7.20180904.RAW","A00000064214","2018-09-04T23:11Z","2018-09-04T23:11Z","EcoCore_CSU","TSS - Dry Mass",2000.0000,"microgram",4.6,,0,"formatChange","GOOD"
"9bbf5825-deec-4a84-9297-37d27453bafd","D18","TOOK","TOOK.AOS.groundwater.well.007","TOOK.W7.20180904.RAW","A00000064214","2018-09-04T23:11Z","2018-09-04T23:11Z","EcoCore_CSU","pH",5.8400,"pH",4.6,,0,"formatChange","GOOD"
"75c922b2-62d1-478d-b162-f1fde0c00a29","D18","TOOK","TOOK.AOS.groundwater.well.007","TOOK.W7.20180904.RAW","A00000064214","2018-09-04T23:11Z","2018-09-04T23:11Z","EcoCore_CSU","conductivity",37.0900,"microsiemensPerCentimeter",4.6,,0,"formatChange","GOOD"
"d48f1f99-cc6c-4be2-ab43-0d98b71e75dc","D18","TOOK","TOOK.AOS.groundwater.well.007","TOOK.W7.20180904.FIL","A00000027290","2018-09-04T23:11Z","2018-09-04T23:11Z","EcoCore_CSU","DOC",33.9000,"milligramsPerLiter",4.6,,0,"formatChange","GOOD"
"e9e287d1-2e1e-4197-bc82-d0934103a18f","D18","TOOK","TOOK.AOS.groundwater.well.007","TOOK.W7.20180904.RAW","A00000064214","2018-09-04T23:11Z","2018-09-04T23:11Z","EcoCore_CSU","ANC",0.3940,"milliequivalentsPerLiter",4.6,,0,"formatChange","GOOD"
"1b909219-4e05-4133-9829-ec16733e4c8a","D18","TOOK","TOOK.AOS.groundwater.well.007","TOOK.W7.20180904.FIL","A00000027290","2018-09-04T23:11Z","2018-09-04T23:11Z","EcoCore_CSU","Ca",5.8853,"milligramsPerLiter",4.6,,0,"formatChange","GOOD"
"61212d92-a081-4e3b-a40e-4680a4b4bb42","D18","TOOK","TOOK.AOS.groundwater.well.007","TOOK.W7.20180904.FIL","A00000027290","2018-09-04T23:11Z","2018-09-04T23:11Z","EcoCore_CSU","SO4",0.5700,"milligramsPerLiter",4.6,,0,"formatChange","GOOD"
"c8d0c039-06e2-4e0c-aed2-efeba75f5d02","D18","TOOK","TOOK.AOS.groundwater.well.007","TOOK.W7.20180904.FIL","A00000027290","2018-09-04T23:11Z","2018-09-04T23:11Z","EcoCore_CSU","UV Absorbance (280 nm)",1.2213,,4.6,,0,"formatChange","GOOD"
"659e8364-9a2e-4864-9dd8-fa126cfda2bf","D18","TOOK","TOOK.AOS.groundwater.well.002","TOOK.W2.20180904.FIL","A00000027292","2018-09-05T00:52Z","2018-09-05T00:52Z","EcoCore_CSU","TDS",12.8400,"milligramsPerLiter",4.6,,0,"formatChange","GOOD"
"7f70425c-59e4-4906-854c-9eb6a3c5e05b","D18","TOOK","TOOK.AOS.groundwater.well.002","TOOK.W2.20180904.FIL","A00000027292","2018-09-05T00:52Z","2018-09-05T00:52Z","EcoCore_CSU","Fe",0.6224,"milligramsPerLiter",4.6,,0,"formatChange","GOOD"
"c99c527c-0982-4d3f-8225-3e6a02917feb","D18","TOOK","TOOK.AOS.groundwater.well.002","TOOK.W2.20180904.FIL","A00000027292","2018-09-05T00:52Z","2018-09-05T00:52Z","EcoCore_CSU","Cl",0.1800,"milligramsPerLiter",4.6,,0,"formatChange","GOOD"
"f590f3e0-6ab9-4d80-82bb-68d55daf7f48","D18","TOOK","TOOK.AOS.groundwater.well.002","TOOK.W2.20180904.FIL","A00000027292","2018-09-05T00:52Z","2018-09-05T00:52Z","EcoCore_CSU","CO3",0.0050,"milligramsPerLiter",4.6,,0,"formatChange","GOOD"
"4b55aa17-86a9-439d-b5ef-27957eca231a","D18","TOOK","TOOK.AOS.groundwater.well.002","TOOK.W2.20180904.FIL","A00000027292","2018-09-05T00:52Z","2018-09-05T00:52Z","EcoCore_CSU","Mg",0.4830,"milligramsPerLiter",4.6,,0,"formatChange","GOOD"
"1beeea88-75d1-46e9-800b-266b3208f007","D18","TOOK","TOOK.AOS.groundwater.well.002","TOOK.W2.20180904.RAW","A00000064215","2018-09-05T00:52Z","2018-09-05T00:52Z","EcoCore_CSU","TN",0.4321,"milligramsPerLiter",4.6,,0,"formatChange","GOOD"
"8dd1ebfb-45a6-4716-a15c-3ddd5eae46a4","D18","TOOK","TOOK.AOS.groundwater.well.002","TOOK.W2.20180904.FIL","A00000027292","2018-09-05T00:52Z","2018-09-05T00:52Z","EcoCore_CSU","UV Absorbance (250 nm)",0.7436,,4.6,,0,"formatChange","GOOD"
"bc826246-b976-4d03-aa84-0ad0ad61956b","D18","TOOK","TOOK.AOS.groundwater.well.002","TOOK.W2.20180904.PCN","A00000064218","2018-09-05T00:52Z","2018-09-05T00:52Z","EcoCore_CSU","TPN",0.1140,"milligram",4.6,,0,"formatChange","GOOD"
"6442ed11-0018-410e-8d4b-3b8161dcbf3c","D18","TOOK","TOOK.AOS.groundwater.well.002","TOOK.W2.20180904.RAW","A00000064215","2018-09-05T00:52Z","2018-09-05T00:52Z","EcoCore_CSU","conductivity",19.6400,"microsiemensPerCentimeter",4.6,,0,"formatChange","GOOD"
"2a649bf2-cdb7-436a-ab28-b26b20970ca9","D18","TOOK","TOOK.AOS.groundwater.well.002","TOOK.W2.20180904.RAW","A00000064215","2018-09-05T00:52Z","2018-09-05T00:52Z","EcoCore_CSU","TSS - Dry Mass",300.0000,"microgram",4.6,,0,"formatChange","GOOD"
"8f295b94-11d7-4cc3-9740-abc2dab07169","D18","TOOK","TOOK.AOS.groundwater.well.002","TOOK.W2.20180904.FIL","A00000027292","2018-09-05T00:52Z","2018-09-05T00:52Z","EcoCore_CSU","Si",1.4374,"milligramsPerLiter",4.6,,0,"formatChange","GOOD"
"4a173358-9e8e-4876-89f8-ab50d27d98d4","D18","TOOK","TOOK.AOS.groundwater.well.002","TOOK.W2.20180904.FIL","A00000027292","2018-09-05T00:52Z","2018-09-05T00:52Z","EcoCore_CSU","UV Absorbance (280 nm)",0.5105,,4.6,,0,"formatChange","GOOD"
"8dbf1e1f-a796-4717-837e-6b7b025057fe","D18","TOOK","TOOK.AOS.groundwater.well.002","TOOK.W2.20180904.FIL","A00000027292","2018-09-05T00:52Z","2018-09-05T00:52Z","EcoCore_CSU","Br",0.0050,"milligramsPerLiter",4.6,,0,"formatChange","GOOD"
"ac3637a4-0913-4a1f-9a15-9bd7e7406217","D18","TOOK","TOOK.AOS.groundwater.well.002","TOOK.W2.20180904.FIL","A00000027292","2018-09-05T00:52Z","2018-09-05T00:52Z","EcoCore_CSU","Ca",2.9445,"milligramsPerLiter",4.6,,0,"formatChange","GOOD"
"c4280134-bfbe-4e8f-bc60-a0ae4f6b7c06","D18","TOOK","TOOK.AOS.groundwater.well.002","TOOK.W2.20180904.FIL","A00000027292","2018-09-05T00:52Z","2018-09-05T00:52Z","EcoCore_CSU","Na",0.3130,"milligramsPerLiter",4.6,,0,"formatChange","GOOD"
"c23057f4-25ae-4e07-bc3b-262970cac4bc","D18","TOOK","TOOK.AOS.groundwater.well.002","TOOK.W2.20180904.RAW","A00000064215","2018-09-05T00:52Z","2018-09-05T00:52Z","EcoCore_CSU","TP",0.0030,"milligramsPerLiter",4.6,,0,"formatChange","GOOD"
"61eca306-3568-43b9-84b4-e45a00840f03","D18","TOOK","TOOK.AOS.groundwater.well.002","TOOK.W2.20180904.PCN","A00000064218","2018-09-05T00:52Z","2018-09-05T00:52Z","EcoCore_CSU","TPC",0.4294,"milligram",4.6,,0,"formatChange","GOOD"
"204f6ef3-4e56-42cf-a1fa-93f122126954","D18","TOOK","TOOK.AOS.groundwater.well.002","TOOK.W2.20180904.FIL","A00000027292","2018-09-05T00:52Z","2018-09-05T00:52Z","EcoCore_CSU","Mn",0.0550,"milligramsPerLiter",4.6,,0,"formatChange","GOOD"
"fc6e938b-4167-400b-a5c2-cd97c0b2580b","D18","TOOK","TOOK.AOS.groundwater.well.002","TOOK.W2.20180904.RAW","A00000064215","2018-09-05T00:52Z","2018-09-05T00:52Z","EcoCore_CSU","TSS",6.0000,"milligramsPerLiter",4.6,,0,"formatChange","GOOD"
"d03129e3-689b-4583-a303-6c322d5c7676","D18","TOOK","TOOK.AOS.groundwater.well.002","TOOK.W2.20180904.RAW","A00000064215","2018-09-05T00:52Z","2018-09-05T00:52Z","EcoCore_CSU","ANC",0.2060,"milliequivalentsPerLiter",4.6,,0,"formatChange","GOOD"
"917e3bc8-7e4d-4c83-a82b-68be74a78e12","D18","TOOK","TOOK.AOS.groundwater.well.002","TOOK.W2.20180904.RAW","A00000064215","2018-09-05T00:52Z","2018-09-05T00:52Z","EcoCore_CSU","TOC",14.6300,"milligramsPerLiter",4.6,,0,"formatChange","GOOD"
"797ae012-265c-40ab-aa9d-bcc89ec0e9f2","D18","TOOK","TOOK.AOS.groundwater.well.002","TOOK.W2.20180904.FIL","A00000027292","2018-09-05T00:52Z","2018-09-05T00:52Z","EcoCore_CSU","DOC",15.3000,"milligramsPerLiter",4.6,,0,"formatChange","GOOD"
"541e0cbc-70f8-499a-a102-972b6c0fe37b","D18","TOOK","TOOK.AOS.groundwater.well.002","TOOK.W2.20180904.FIL","A00000027292","2018-09-05T00:52Z","2018-09-05T00:52Z","EcoCore_CSU","HCO3",12.0100,"milligramsPerLiter",4.6,,0,"formatChange","GOOD"
"ae5267b3-c43b-47f5-9215-b54b3ca3702c","D18","TOOK","TOOK.AOS.groundwater.well.002","TOOK.W2.20180904.FIL","A00000027292","2018-09-05T00:52Z","2018-09-05T00:52Z","EcoCore_CSU","NH4 - N",0.0354,"milligramsPerLiter",4.6,,0,"formatChange","GOOD"
"2a4a5890-d904-45e0-963a-e5dc7b7dc66d","D18","TOOK","TOOK.AOS.groundwater.well.002","TOOK.W2.20180904.FIL","A00000027292","2018-09-05T00:52Z","2018-09-05T00:52Z","EcoCore_CSU","SO4",0.2460,"milligramsPerLiter",4.6,,0,"formatChange","GOOD"
"ae801b56-dce4-48e5-bfda-3a2a3518cd02","D18","TOOK","TOOK.AOS.groundwater.well.002","TOOK.W2.20180904.FIL","A00000027292","2018-09-05T00:52Z","2018-09-05T00:52Z","EcoCore_CSU","TDP",0.0005,"milligramsPerLiter",4.6,,0,"formatChange","GOOD"
"d12f446c-b52a-4599-b624-071041a0fc4c","D18","TOOK","TOOK.AOS.groundwater.well.002","TOOK.W2.20180904.FIL","A00000027292","2018-09-05T00:52Z","2018-09-05T00:52Z","EcoCore_CSU","Ortho - P",0.0920,"milligramsPerLiter",4.6,,0,"formatChange","GOOD"
"8e1ff48c-3418-40a5-88e0-994e40856024","D18","TOOK","TOOK.AOS.groundwater.well.002","TOOK.W2.20180904.FIL","A00000027292","2018-09-05T00:52Z","2018-09-05T00:52Z","EcoCore_CSU","F",0.0050,"milligramsPerLiter",4.6,,0,"formatChange","GOOD"
"d8718734-0a21-46d2-8439-d692dfbd687d","D18","TOOK","TOOK.AOS.groundwater.well.002","TOOK.W2.20180904.FIL","A00000027292","2018-09-05T00:52Z","2018-09-05T00:52Z","EcoCore_CSU","K",0.0060,"milligramsPerLiter",4.6,,0,"formatChange","GOOD"
"a9f808b0-c270-440d-89b4-06028e400a75","D18","TOOK","TOOK.AOS.groundwater.well.002","TOOK.W2.20180904.FIL","A00000027292","2018-09-05T00:52Z","2018-09-05T00:52Z","EcoCore_CSU","DIC",2.8690,"milligramsPerLiter",4.6,,0,"formatChange","GOOD"
"1dab04f4-9103-4309-ba0a-ae20c3d7cb39","D18","TOOK","TOOK.AOS.groundwater.well.002","TOOK.W2.20180904.FIL","A00000027292","2018-09-05T00:52Z","2018-09-05T00:52Z","EcoCore_CSU","NO3+NO2 - N",0.0409,"milligramsPerLiter",4.6,,0,"formatChange","GOOD"
"2b4cb8f1-18f5-49a0-9841-7c6899884b30","D18","TOOK","TOOK.AOS.groundwater.well.002","TOOK.W2.20180904.RAW","A00000064215","2018-09-05T00:52Z","2018-09-05T00:52Z","EcoCore_CSU","pH",6.3500,"pH",4.6,,0,"formatChange","GOOD"
"10ed113d-1a62-42e3-accc-9170652ae115","D18","TOOK","TOOK.AOS.groundwater.well.002","TOOK.W2.20180904.FIL","A00000027292","2018-09-05T00:52Z","2018-09-05T00:52Z","EcoCore_CSU","NO2 - N",0.0280,"milligramsPerLiter",4.6,,0,"formatChange","GOOD"
"cad81a99-2a0b-4259-b050-37c0a768ac77","D18","TOOK","TOOK.AOS.groundwater.well.002","TOOK.W2.20180904.FIL","A00000027292","2018-09-05T00:52Z","2018-09-05T00:52Z","EcoCore_CSU","TDN",0.3505,"milligramsPerLiter",4.6,,0,"formatChange","GOOD"
