uid,domainID,siteID,namedLocation,collectDate,parentSampleID,sampleCondition,sampleID,replicateNumber,gwwDICBubbleFree,gwwFiltSampleHeadspace,gwwAlkSampleHeadspace,gwwAlkSampleBubbleFree,processedDate,processedDateFilters,sampleVolumeFiltered,shipmentTimeRange
"03c8682c-5972-4076-bba4-51ebba5adaa8","D17","BIGC","BIGC.AOS.groundwater.well.002","2019-04-02T19:33Z","BIGC.W2.20190402","Sample condition ok","BIGC.W2.20190402",1,,,,,"2019-04-02T19:33Z","2019-04-02T19:33Z",30.0,
"23b0ca29-6c89-4eaf-a690-39b17741eb64","D17","BIGC","BIGC.AOS.groundwater.well.001","2019-04-02T20:50Z","BIGC.W1.20190402","Sample condition ok","BIGC.W1.20190402",1,,,,,"2019-04-02T20:50Z","2019-04-02T20:50Z",25.0,
"1136343e-85d3-4a07-b0a3-c704979887d2","D17","BIGC","BIGC.AOS.groundwater.well.006","2019-04-03T19:41Z","BIGC.W6.20190403","Sample condition ok","BIGC.W6.20190403",1,,,,,"2019-04-03T19:41Z","2019-04-03T21:35Z",38.0,
"af0312e5-83da-4cb8-a6fa-579484bb84d2","D17","BIGC","BIGC.AOS.groundwater.well.002","2019-04-03T21:02Z","BIGC.W2.20190403",,"BIGC.W2.20190403",1,,,,,"2019-04-03T23:46Z","2019-04-03T21:34Z",20.0,
"dc2a8b0d-94f5-474b-85e7-b2bb6f3d8ff7","D17","BIGC","BIGC.AOS.groundwater.well.005","2019-04-03T21:43Z","BIGC.W5.20190403","Sample condition ok","BIGC.W5.20190403",1,,,,,"2019-04-03T21:43Z","2019-04-03T21:35Z",17.0,
