uid,domainID,siteID,namedLocation,sampleID,sampleCode,startDate,collectDate,laboratoryName,analyte,analyteConcentration,analyteUnits,coolerTemp,remarks,shipmentWarmQF,externalLabDataQF,sampleCondition
"9ea0393a-4070-40cb-85ca-58185b9a0e0b","D17","BIGC","BIGC.AOS.groundwater.well.001","BIGC.W1.20190402.FIL","A00000062060","2019-04-02T20:50Z","2019-04-02T20:50Z","EcoCore_CSU","NO2 - N",-0.1437,"milligramsPerLiter",1.4,,0,"formatChange","GOOD"
"0b2e5cc9-4fed-4391-b3f4-581bedd0cffe","D17","BIGC","BIGC.AOS.groundwater.well.001","BIGC.W1.20190402.RAW","A00000062108","2019-04-02T20:50Z","2019-04-02T20:50Z","EcoCore_CSU","ANC",1.7400,"milliequivalentsPerLiter",1.4,,0,"formatChange","GOOD"
"0607b9c7-603a-42ca-b3c9-29927e374884","D17","BIGC","BIGC.AOS.groundwater.well.001","BIGC.W1.20190402.FIL","A00000062060","2019-04-02T20:50Z","2019-04-02T20:50Z","EcoCore_CSU","NH4 - N",0.0789,"milligramsPerLiter",1.4,,0,"formatChange","GOOD"
"169ea308-346f-44d6-800e-17df73503b7c","D17","BIGC","BIGC.AOS.groundwater.well.001","BIGC.W1.20190402.PCN",,"2019-04-02T20:50Z","2019-04-02T20:50Z","EcoCore_CSU","TPN",,"milligram",1.4,"TPCN not received",0,"formatChange","PCN Sample Missing"
"8a459109-640b-47f9-a0a1-d8f487a309e6","D17","BIGC","BIGC.AOS.groundwater.well.001","BIGC.W1.20190402.FIL","A00000062060","2019-04-02T20:50Z","2019-04-02T20:50Z","EcoCore_CSU","HCO3",96.5700,"milligramsPerLiter",1.4,,0,"formatChange","GOOD"
"40012c18-41fc-4017-b831-dbade2faaf49","D17","BIGC","BIGC.AOS.groundwater.well.001","BIGC.W1.20190402.FIL","A00000062060","2019-04-02T20:50Z","2019-04-02T20:50Z","EcoCore_CSU","K",2.6710,"milligramsPerLiter",1.4,,0,"formatChange","GOOD"
"548da61c-4c34-4eb4-a75c-2b8d8566299c","D17","BIGC","BIGC.AOS.groundwater.well.001","BIGC.W1.20190402.FIL","A00000062060","2019-04-02T20:50Z","2019-04-02T20:50Z","EcoCore_CSU","Na",11.2700,"milligramsPerLiter",1.4,,0,"formatChange","GOOD"
"d6359ef6-63e7-4784-8e64-a7cdd7e47cdc","D17","BIGC","BIGC.AOS.groundwater.well.001","BIGC.W1.20190402.FIL","A00000062060","2019-04-02T20:50Z","2019-04-02T20:50Z","EcoCore_CSU","Mg",2.1360,"milligramsPerLiter",1.4,,0,"formatChange","GOOD"
"f945848c-a286-446b-b500-ff76750cc476","D17","BIGC","BIGC.AOS.groundwater.well.001","BIGC.W1.20190402.FIL","A00000062060","2019-04-02T20:50Z","2019-04-02T20:50Z","EcoCore_CSU","SO4",0.5280,"milligramsPerLiter",1.4,,0,"formatChange","GOOD"
"fb190934-9a07-47a4-81e1-780087cc4631","D17","BIGC","BIGC.AOS.groundwater.well.001","BIGC.W1.20190402.FIL","A00000062060","2019-04-02T20:50Z","2019-04-02T20:50Z","EcoCore_CSU","Cl",1.8080,"milligramsPerLiter",1.4,,0,"formatChange","GOOD"
"4a0116ec-6d6f-4977-941f-c244613b15eb","D17","BIGC","BIGC.AOS.groundwater.well.001","BIGC.W1.20190402.PCN",,"2019-04-02T20:50Z","2019-04-02T20:50Z","EcoCore_CSU","TPC",,"milligram",1.4,"TPCN not received",0,"formatChange","PCN Sample Missing"
"45135402-6cd4-4255-94ac-81a39fe8b395","D17","BIGC","BIGC.AOS.groundwater.well.001","BIGC.W1.20190402.RAW","A00000062108","2019-04-02T20:50Z","2019-04-02T20:50Z","EcoCore_CSU","conductivity",162.3600,"microsiemensPerCentimeter",1.4,,0,"formatChange","GOOD"
"e6299328-2a20-408d-a432-b13495cfe7e8","D17","BIGC","BIGC.AOS.groundwater.well.001","BIGC.W1.20190402.FIL","A00000062060","2019-04-02T20:50Z","2019-04-02T20:50Z","EcoCore_CSU","Mn",0.0070,"milligramsPerLiter",1.4,,0,"formatChange","GOOD"
"7e354c13-c99b-4fe5-a2c3-d22b1eb801ef","D17","BIGC","BIGC.AOS.groundwater.well.001","BIGC.W1.20190402.RAW","A00000062108","2019-04-02T20:50Z","2019-04-02T20:50Z","EcoCore_CSU","pH",6.7000,"pH",1.4,,0,"formatChange","GOOD"
"b994c028-b4a1-44d7-b387-256633544b76","D17","BIGC","BIGC.AOS.groundwater.well.001","BIGC.W1.20190402.FIL","A00000062060","2019-04-02T20:50Z","2019-04-02T20:50Z","EcoCore_CSU","DIC",34.7800,"milligramsPerLiter",1.4,,0,"formatChange","GOOD"
"92b4bc56-4fd0-4a51-86e9-6284f057225c","D17","BIGC","BIGC.AOS.groundwater.well.001","BIGC.W1.20190402.RAW","A00000062108","2019-04-02T20:50Z","2019-04-02T20:50Z","EcoCore_CSU","TOC",0.8971,"milligramsPerLiter",1.4,,0,"formatChange","GOOD"
"4463c16c-c09e-41db-abe1-d06a73964185","D17","BIGC","BIGC.AOS.groundwater.well.001","BIGC.W1.20190402.FIL","A00000062060","2019-04-02T20:50Z","2019-04-02T20:50Z","EcoCore_CSU","TDP",0.0193,"milligramsPerLiter",1.4,,0,"formatChange","GOOD"
"424a1788-bd10-4d18-b010-1294103f7a79","D17","BIGC","BIGC.AOS.groundwater.well.001","BIGC.W1.20190402.FIL","A00000062060","2019-04-02T20:50Z","2019-04-02T20:50Z","EcoCore_CSU","Si",20.4375,"milligramsPerLiter",1.4,,0,"formatChange","GOOD"
"e3f43947-0e0e-4d7c-884c-2b4163bba155","D17","BIGC","BIGC.AOS.groundwater.well.001","BIGC.W1.20190402.FIL","A00000062060","2019-04-02T20:50Z","2019-04-02T20:50Z","EcoCore_CSU","UV Absorbance (250 nm)",0.0111,,1.4,,0,"formatChange","GOOD"
"ce0a0c8f-616c-4a4d-8ac6-92947d3bd286","D17","BIGC","BIGC.AOS.groundwater.well.001","BIGC.W1.20190402.RAW","A00000062108","2019-04-02T20:50Z","2019-04-02T20:50Z","EcoCore_CSU","TSS",246.0000,"milligramsPerLiter",1.4,,0,"formatChange","GOOD"
"76227fcc-e929-4d6a-b01d-85ea52eee16d","D17","BIGC","BIGC.AOS.groundwater.well.001","BIGC.W1.20190402.FIL","A00000062060","2019-04-02T20:50Z","2019-04-02T20:50Z","EcoCore_CSU","F",0.0050,"milligramsPerLiter",1.4,,0,"formatChange","GOOD"
"e15a4241-dfc0-4c17-8bfc-fb3094b420e8","D17","BIGC","BIGC.AOS.groundwater.well.001","BIGC.W1.20190402.FIL","A00000062060","2019-04-02T20:50Z","2019-04-02T20:50Z","EcoCore_CSU","TDN",0.1035,"milligramsPerLiter",1.4,,0,"formatChange","GOOD"
"b5ba2fb6-037d-4cc0-8725-5eb3e77f9cf8","D17","BIGC","BIGC.AOS.groundwater.well.001","BIGC.W1.20190402.RAW","A00000062108","2019-04-02T20:50Z","2019-04-02T20:50Z","EcoCore_CSU","TN",0.1337,"milligramsPerLiter",1.4,,0,"formatChange","GOOD"
"ea44ca51-8853-4c19-9e67-b9f73e8f1a78","D17","BIGC","BIGC.AOS.groundwater.well.001","BIGC.W1.20190402.FIL","A00000062060","2019-04-02T20:50Z","2019-04-02T20:50Z","EcoCore_CSU","TDS",112.9800,"milligramsPerLiter",1.4,,0,"formatChange","GOOD"
"bc8a434e-4cb7-43b8-923e-0a5aaf093c78","D17","BIGC","BIGC.AOS.groundwater.well.001","BIGC.W1.20190402.FIL","A00000062060","2019-04-02T20:50Z","2019-04-02T20:50Z","EcoCore_CSU","UV Absorbance (280 nm)",0.0048,,1.4,,0,"formatChange","GOOD"
"3073c3b6-7e8b-433f-9613-57688d2d5435","D17","BIGC","BIGC.AOS.groundwater.well.001","BIGC.W1.20190402.FIL","A00000062060","2019-04-02T20:50Z","2019-04-02T20:50Z","EcoCore_CSU","Ca",18.0373,"milligramsPerLiter",1.4,,0,"formatChange","GOOD"
"94c83de2-019c-49d1-8aeb-123ddfa17637","D17","BIGC","BIGC.AOS.groundwater.well.001","BIGC.W1.20190402.FIL","A00000062060","2019-04-02T20:50Z","2019-04-02T20:50Z","EcoCore_CSU","DOC",0.6850,"milligramsPerLiter",1.4,,0,"formatChange","GOOD"
"5a8d25e1-2edc-4980-991d-998da81c5754","D17","BIGC","BIGC.AOS.groundwater.well.001","BIGC.W1.20190402.FIL","A00000062060","2019-04-02T20:50Z","2019-04-02T20:50Z","EcoCore_CSU","Br",0.0050,"milligramsPerLiter",1.4,,0,"formatChange","GOOD"
"494333d2-17ce-4465-9959-0160f31c7227","D17","BIGC","BIGC.AOS.groundwater.well.001","BIGC.W1.20190402.FIL","A00000062060","2019-04-02T20:50Z","2019-04-02T20:50Z","EcoCore_CSU","NO3+NO2 - N",-0.0528,"milligramsPerLiter",1.4,,0,"formatChange","GOOD"
"aaaf64cd-6b20-44b4-be13-b08d55deb874","D17","BIGC","BIGC.AOS.groundwater.well.001","BIGC.W1.20190402.RAW","A00000062108","2019-04-02T20:50Z","2019-04-02T20:50Z","EcoCore_CSU","TP",0.5610,"milligramsPerLiter",1.4,,0,"formatChange","GOOD"
"d5de5136-e763-4e5e-8fb0-6048a5639489","D17","BIGC","BIGC.AOS.groundwater.well.001","BIGC.W1.20190402.FIL","A00000062060","2019-04-02T20:50Z","2019-04-02T20:50Z","EcoCore_CSU","Fe",0.0005,"milligramsPerLiter",1.4,,0,"formatChange","GOOD"
"56cb80e8-399a-4e22-9723-b8ea964d0f26","D17","BIGC","BIGC.AOS.groundwater.well.001","BIGC.W1.20190402.FIL","A00000062060","2019-04-02T20:50Z","2019-04-02T20:50Z","EcoCore_CSU","CO3",0.0050,"milligramsPerLiter",1.4,,0,"formatChange","GOOD"
"1f0128b0-bbc7-4707-b3f1-078f75e8335f","D17","BIGC","BIGC.AOS.groundwater.well.001","BIGC.W1.20190402.FIL","A00000062060","2019-04-02T20:50Z","2019-04-02T20:50Z","EcoCore_CSU","Ortho - P",0.0370,"milligramsPerLiter",1.4,,0,"formatChange","GOOD"
"e591b9f7-e9f5-401a-bbed-8bf11940f72c","D17","BIGC","BIGC.AOS.groundwater.well.001","BIGC.W1.20190402.RAW","A00000062108","2019-04-02T20:50Z","2019-04-02T20:50Z","EcoCore_CSU","TSS - Dry Mass",12300.0000,"microgram",1.4,,0,"formatChange","GOOD"
"4e600be1-e8a3-4474-97de-ac3713152970","D17","BIGC","BIGC.AOS.groundwater.well.006","BIGC.W6.20190403.RAW","A00000062070","2019-04-03T19:41Z","2019-04-03T19:41Z","EcoCore_CSU","ANC",0.8200,"milliequivalentsPerLiter",7.5,"one month late|treat as >10C",1,"formatChange","Other"
"39a45aad-7403-4175-bcb4-c80bace803a1","D17","BIGC","BIGC.AOS.groundwater.well.006","BIGC.W6.20190403.RAW","A00000062070","2019-04-03T19:41Z","2019-04-03T19:41Z","EcoCore_CSU","TP",0.1768,"milligramsPerLiter",7.5,"one month late|treat as >10C",1,"formatChange","Other"
"5fee283f-6651-433b-acc8-b3deae217893","D17","BIGC","BIGC.AOS.groundwater.well.006","BIGC.W6.20190403.FIL","A00000062058","2019-04-03T19:41Z","2019-04-03T19:41Z","EcoCore_CSU","Br",0.0050,"milligramsPerLiter",7.5,"one month late|treat as >10C",1,"formatChange","Other"
"1ef59ed0-2869-407a-b051-8a44e65d6f1d","D17","BIGC","BIGC.AOS.groundwater.well.006","BIGC.W6.20190403.FIL","A00000062058","2019-04-03T19:41Z","2019-04-03T19:41Z","EcoCore_CSU","Ortho - P",,"milligramsPerLiter",7.5,"one month late|treat as >10C",1,"formatChange","Other"
"226e58bc-be36-4a4d-8cb6-bcd238f94182","D17","BIGC","BIGC.AOS.groundwater.well.006","BIGC.W6.20190403.FIL","A00000062058","2019-04-03T19:41Z","2019-04-03T19:41Z","EcoCore_CSU","UV Absorbance (250 nm)",0.7313,,7.5,"one month late|treat as >10C",1,"formatChange","Other"
"db5ed2b2-fb2a-4ab8-bba3-2bfed8ffe0e5","D17","BIGC","BIGC.AOS.groundwater.well.006","BIGC.W6.20190403.FIL","A00000062058","2019-04-03T19:41Z","2019-04-03T19:41Z","EcoCore_CSU","CO3",0.0050,"milligramsPerLiter",7.5,"one month late|treat as >10C",1,"formatChange","Other"
"3419d5b4-ff38-4a5e-a907-0f9d3f17b165","D17","BIGC","BIGC.AOS.groundwater.well.006","BIGC.W6.20190403.PCN","A00000062020","2019-04-03T19:41Z","2019-04-03T19:41Z","EcoCore_CSU","TPN",0.1058,"milligram",7.5,"one month late|treat as >10C",1,"formatChange","Other"
"d420268d-894b-46ba-b510-b44218732651","D17","BIGC","BIGC.AOS.groundwater.well.006","BIGC.W6.20190403.FIL","A00000062058","2019-04-03T19:41Z","2019-04-03T19:41Z","EcoCore_CSU","TDS",61.1800,"milligramsPerLiter",7.5,"one month late|treat as >10C",1,"formatChange","Other"
"1fcb0352-5464-4a28-a43a-b0536de7dd37","D17","BIGC","BIGC.AOS.groundwater.well.006","BIGC.W6.20190403.FIL","A00000062058","2019-04-03T19:41Z","2019-04-03T19:41Z","EcoCore_CSU","DIC",,"milligramsPerLiter",7.5,"one month late|treat as >10C",1,"formatChange","Other"
"11eeca1f-3bf0-4dfd-b3ab-15a93964d427","D17","BIGC","BIGC.AOS.groundwater.well.006","BIGC.W6.20190403.FIL","A00000062058","2019-04-03T19:41Z","2019-04-03T19:41Z","EcoCore_CSU","NH4 - N",,"milligramsPerLiter",7.5,"one month late|treat as >10C",1,"formatChange","Other"
"70439f41-b448-4231-994d-406928ca1af9","D17","BIGC","BIGC.AOS.groundwater.well.006","BIGC.W6.20190403.RAW","A00000062070","2019-04-03T19:41Z","2019-04-03T19:41Z","EcoCore_CSU","pH",6.6600,"pH",7.5,"one month late|treat as >10C",1,"formatChange","Other"
"5d55a2da-2328-435a-ac75-dec9eba31a7e","D17","BIGC","BIGC.AOS.groundwater.well.006","BIGC.W6.20190403.FIL","A00000062058","2019-04-03T19:41Z","2019-04-03T19:41Z","EcoCore_CSU","Ca",9.0339,"milligramsPerLiter",7.5,"one month late|treat as >10C",1,"formatChange","Other"
"425e688b-1454-434d-acdc-fc7108281d3e","D17","BIGC","BIGC.AOS.groundwater.well.006","BIGC.W6.20190403.FIL","A00000062058","2019-04-03T19:41Z","2019-04-03T19:41Z","EcoCore_CSU","K",1.3190,"milligramsPerLiter",7.5,"one month late|treat as >10C",1,"formatChange","Other"
"7a9c66cd-c3ed-4927-861b-7e2fa059daf0","D17","BIGC","BIGC.AOS.groundwater.well.006","BIGC.W6.20190403.FIL","A00000062058","2019-04-03T19:41Z","2019-04-03T19:41Z","EcoCore_CSU","DOC",,"milligramsPerLiter",7.5,"one month late|treat as >10C",1,"formatChange","Other"
"b148e7a1-6735-4a3b-bc3b-e1fe124902a6","D17","BIGC","BIGC.AOS.groundwater.well.006","BIGC.W6.20190403.RAW","A00000062070","2019-04-03T19:41Z","2019-04-03T19:41Z","EcoCore_CSU","TSS",438.0000,"milligramsPerLiter",7.5,"one month late|treat as >10C",1,"formatChange","Other"
"8687cfbc-2e54-4da8-80fb-50a7a185b0d9","D17","BIGC","BIGC.AOS.groundwater.well.006","BIGC.W6.20190403.FIL","A00000062058","2019-04-03T19:41Z","2019-04-03T19:41Z","EcoCore_CSU","Mn",0.0040,"milligramsPerLiter",7.5,"one month late|treat as >10C",1,"formatChange","Other"
"7afae7ad-b3cf-4aaf-a3a4-073cc2487d18","D17","BIGC","BIGC.AOS.groundwater.well.006","BIGC.W6.20190403.RAW","A00000062070","2019-04-03T19:41Z","2019-04-03T19:41Z","EcoCore_CSU","TSS - Dry Mass",21900.0000,"microgram",7.5,"one month late|treat as >10C",1,"formatChange","Other"
"03b9a815-df62-45c3-8a40-47aa21985f6c","D17","BIGC","BIGC.AOS.groundwater.well.006","BIGC.W6.20190403.RAW","A00000062070","2019-04-03T19:41Z","2019-04-03T19:41Z","EcoCore_CSU","TN",,"milligramsPerLiter",7.5,"one month late|treat as >10C",1,"formatChange","Other"
"526dac9f-e68d-4dcc-912c-3909ee93c261","D17","BIGC","BIGC.AOS.groundwater.well.006","BIGC.W6.20190403.FIL","A00000062058","2019-04-03T19:41Z","2019-04-03T19:41Z","EcoCore_CSU","Na",5.8470,"milligramsPerLiter",7.5,"one month late|treat as >10C",1,"formatChange","Other"
"3bbd3089-663e-4dd6-8c22-2efd536d9f1b","D17","BIGC","BIGC.AOS.groundwater.well.006","BIGC.W6.20190403.FIL","A00000062058","2019-04-03T19:41Z","2019-04-03T19:41Z","EcoCore_CSU","HCO3",47.2500,"milligramsPerLiter",7.5,"one month late|treat as >10C",1,"formatChange","Other"
"ec834e55-3247-4ff4-a8c3-0cd7b95274aa","D17","BIGC","BIGC.AOS.groundwater.well.006","BIGC.W6.20190403.FIL","A00000062058","2019-04-03T19:41Z","2019-04-03T19:41Z","EcoCore_CSU","TDP",,"milligramsPerLiter",7.5,"one month late|treat as >10C",1,"formatChange","Other"
"ee7706de-7767-49c9-b522-19c18353313c","D17","BIGC","BIGC.AOS.groundwater.well.006","BIGC.W6.20190403.FIL","A00000062058","2019-04-03T19:41Z","2019-04-03T19:41Z","EcoCore_CSU","NO3+NO2 - N",,"milligramsPerLiter",7.5,"one month late|treat as >10C",1,"formatChange","Other"
"3294a806-93c4-4a98-b14c-82880950ca4f","D17","BIGC","BIGC.AOS.groundwater.well.006","BIGC.W6.20190403.FIL","A00000062058","2019-04-03T19:41Z","2019-04-03T19:41Z","EcoCore_CSU","Fe",0.0005,"milligramsPerLiter",7.5,"one month late|treat as >10C",1,"formatChange","Other"
"d5b31b83-5893-44b4-b3b3-fcd829898e51","D17","BIGC","BIGC.AOS.groundwater.well.006","BIGC.W6.20190403.PCN","A00000062020","2019-04-03T19:41Z","2019-04-03T19:41Z","EcoCore_CSU","TPC",0.2668,"milligram",7.5,"one month late|treat as >10C",1,"formatChange","Other"
"d64fdfe6-2806-4c0a-9a35-70be70ea957a","D17","BIGC","BIGC.AOS.groundwater.well.006","BIGC.W6.20190403.FIL","A00000062058","2019-04-03T19:41Z","2019-04-03T19:41Z","EcoCore_CSU","NO2 - N",,"milligramsPerLiter",7.5,"one month late|treat as >10C",1,"formatChange","Other"
"4961e07a-f172-4d96-9f6c-6924eeb83660","D17","BIGC","BIGC.AOS.groundwater.well.006","BIGC.W6.20190403.FIL","A00000062058","2019-04-03T19:41Z","2019-04-03T19:41Z","EcoCore_CSU","Mg",1.3640,"milligramsPerLiter",7.5,"one month late|treat as >10C",1,"formatChange","Other"
"f065ded1-b916-48cc-9cec-c7f1142c9d79","D17","BIGC","BIGC.AOS.groundwater.well.006","BIGC.W6.20190403.FIL","A00000062058","2019-04-03T19:41Z","2019-04-03T19:41Z","EcoCore_CSU","SO4",1.7910,"milligramsPerLiter",7.5,"one month late|treat as >10C",1,"formatChange","Other"
"7c1649fc-9bc0-4590-a926-f796ea286a9f","D17","BIGC","BIGC.AOS.groundwater.well.006","BIGC.W6.20190403.FIL","A00000062058","2019-04-03T19:41Z","2019-04-03T19:41Z","EcoCore_CSU","Cl",1.5925,"milligramsPerLiter",7.5,"one month late|treat as >10C",1,"formatChange","Other"
"8741884b-4bab-49c9-a730-495da174e122","D17","BIGC","BIGC.AOS.groundwater.well.006","BIGC.W6.20190403.RAW","A00000062070","2019-04-03T19:41Z","2019-04-03T19:41Z","EcoCore_CSU","conductivity",86.4700,"microsiemensPerCentimeter",7.5,"one month late|treat as >10C",1,"formatChange","Other"
"39ae56c6-be97-4492-b620-3a75b9b35139","D17","BIGC","BIGC.AOS.groundwater.well.006","BIGC.W6.20190403.FIL","A00000062058","2019-04-03T19:41Z","2019-04-03T19:41Z","EcoCore_CSU","TDN",,"milligramsPerLiter",7.5,"one month late|treat as >10C",1,"formatChange","Other"
"7d8a57ad-442e-423a-86f2-946499a4104d","D17","BIGC","BIGC.AOS.groundwater.well.006","BIGC.W6.20190403.FIL","A00000062058","2019-04-03T19:41Z","2019-04-03T19:41Z","EcoCore_CSU","Si",12.9826,"milligramsPerLiter",7.5,"one month late|treat as >10C",1,"formatChange","Other"
"4863fa27-0113-4aa7-9b01-be8ac659252f","D17","BIGC","BIGC.AOS.groundwater.well.006","BIGC.W6.20190403.RAW","A00000062070","2019-04-03T19:41Z","2019-04-03T19:41Z","EcoCore_CSU","TOC",,"milligramsPerLiter",7.5,"one month late|treat as >10C",1,"formatChange","Other"
"f248b980-ce7d-490c-aea7-f5e91ee16ce1","D17","BIGC","BIGC.AOS.groundwater.well.006","BIGC.W6.20190403.FIL","A00000062058","2019-04-03T19:41Z","2019-04-03T19:41Z","EcoCore_CSU","UV Absorbance (280 nm)",0.5160,,7.5,"one month late|treat as >10C",1,"formatChange","Other"
"c1515053-394b-4d88-a219-d7c6a6723c88","D17","BIGC","BIGC.AOS.groundwater.well.006","BIGC.W6.20190403.FIL","A00000062058","2019-04-03T19:41Z","2019-04-03T19:41Z","EcoCore_CSU","F",0.0050,"milligramsPerLiter",7.5,"one month late|treat as >10C",1,"formatChange","Other"
"f29ffe19-aa3d-47c1-924f-d42a8e5af880","D17","BIGC","BIGC.AOS.groundwater.well.002","BIGC.W2.20190403.FIL","A00000062218","2019-04-03T21:02Z","2019-04-03T21:02Z","EcoCore_CSU","Na",4.2030,"milligramsPerLiter",7.5,"Raw sample GOOD. TPCN and Filtered sample one month late|treat as >10C|2 SWAPT numbers, one for Raw, and one for Filtered sample",1,"formatChange","Other"
"9578a368-327e-42b7-abe2-2e3a08826b9d","D17","BIGC","BIGC.AOS.groundwater.well.002","BIGC.W2.20190403.FIL","A00000062218","2019-04-03T21:02Z","2019-04-03T21:02Z","EcoCore_CSU","Cl",2.4193,"milligramsPerLiter",7.5,"Raw sample GOOD. TPCN and Filtered sample one month late|treat as >10C|2 SWAPT numbers, one for Raw, and one for Filtered sample",1,"formatChange","Other"
"61c32d9d-10f5-4279-a88c-b96b1bd5e536","D17","BIGC","BIGC.AOS.groundwater.well.002","BIGC.W2.20190403.RAW",,"2019-04-03T21:02Z","2019-04-03T21:02Z","EcoCore_CSU","TOC",1.9860,"milligramsPerLiter",7.5,"Raw sample GOOD. TPCN and Filtered sample one month late|treat as >10C|2 SWAPT numbers, one for Raw, and one for Filtered sample",1,"formatChange","GOOD"
"3e8f9445-5110-4d38-8d12-bb6d307a420c","D17","BIGC","BIGC.AOS.groundwater.well.002","BIGC.W2.20190403.FIL","A00000062218","2019-04-03T21:02Z","2019-04-03T21:02Z","EcoCore_CSU","Ca",6.2211,"milligramsPerLiter",7.5,"Raw sample GOOD. TPCN and Filtered sample one month late|treat as >10C|2 SWAPT numbers, one for Raw, and one for Filtered sample",1,"formatChange","Other"
"842c4632-e91e-4192-97ec-889b831aa720","D17","BIGC","BIGC.AOS.groundwater.well.002","BIGC.W2.20190403.FIL","A00000062218","2019-04-03T21:02Z","2019-04-03T21:02Z","EcoCore_CSU","HCO3",30.4800,"milligramsPerLiter",7.5,"Raw sample GOOD. TPCN and Filtered sample one month late|treat as >10C|2 SWAPT numbers, one for Raw, and one for Filtered sample",1,"formatChange","Other"
"efab3159-39a5-4191-915d-6b049ff4c514","D17","BIGC","BIGC.AOS.groundwater.well.002","BIGC.W2.20190403.FIL","A00000062218","2019-04-03T21:02Z","2019-04-03T21:02Z","EcoCore_CSU","DIC",,"milligramsPerLiter",7.5,"Raw sample GOOD. TPCN and Filtered sample one month late|treat as >10C|2 SWAPT numbers, one for Raw, and one for Filtered sample",1,"formatChange","Other"
"c29b5dbd-8d53-470b-b7be-b24768d36af6","D17","BIGC","BIGC.AOS.groundwater.well.002","BIGC.W2.20190403.FIL","A00000062218","2019-04-03T21:02Z","2019-04-03T21:02Z","EcoCore_CSU","Mn",0.0980,"milligramsPerLiter",7.5,"Raw sample GOOD. TPCN and Filtered sample one month late|treat as >10C|2 SWAPT numbers, one for Raw, and one for Filtered sample",1,"formatChange","Other"
"59cb64e8-f8be-4169-b7f8-ca934638b02b","D17","BIGC","BIGC.AOS.groundwater.well.002","BIGC.W2.20190403.FIL","A00000062218","2019-04-03T21:02Z","2019-04-03T21:02Z","EcoCore_CSU","UV Absorbance (280 nm)",0.0124,,7.5,"Raw sample GOOD. TPCN and Filtered sample one month late|treat as >10C|2 SWAPT numbers, one for Raw, and one for Filtered sample",1,"formatChange","Other"
"9e287100-92ad-4999-9448-0df4c6493861","D17","BIGC","BIGC.AOS.groundwater.well.002","BIGC.W2.20190403.RAW",,"2019-04-03T21:02Z","2019-04-03T21:02Z","EcoCore_CSU","conductivity",600.4100,"microsiemensPerCentimeter",7.5,"Raw sample GOOD. TPCN and Filtered sample one month late|treat as >10C|2 SWAPT numbers, one for Raw, and one for Filtered sample",1,"formatChange","GOOD"
"ab97a9e2-bf45-4e49-a319-b9f63ca786ee","D17","BIGC","BIGC.AOS.groundwater.well.002","BIGC.W2.20190403.FIL","A00000062218","2019-04-03T21:02Z","2019-04-03T21:02Z","EcoCore_CSU","F",1.7479,"milligramsPerLiter",7.5,"Raw sample GOOD. TPCN and Filtered sample one month late|treat as >10C|2 SWAPT numbers, one for Raw, and one for Filtered sample",1,"formatChange","Other"
"995bd62b-7176-4f6f-9659-0e30d90edcbe","D17","BIGC","BIGC.AOS.groundwater.well.002","BIGC.W2.20190403.FIL","A00000062218","2019-04-03T21:02Z","2019-04-03T21:02Z","EcoCore_CSU","SO4",0.4470,"milligramsPerLiter",7.5,"Raw sample GOOD. TPCN and Filtered sample one month late|treat as >10C|2 SWAPT numbers, one for Raw, and one for Filtered sample",1,"formatChange","Other"
"8143aafd-2cd4-4045-add7-f96188a77b3d","D17","BIGC","BIGC.AOS.groundwater.well.002","BIGC.W2.20190403.FIL","A00000062218","2019-04-03T21:02Z","2019-04-03T21:02Z","EcoCore_CSU","Si",13.1263,"milligramsPerLiter",7.5,"Raw sample GOOD. TPCN and Filtered sample one month late|treat as >10C|2 SWAPT numbers, one for Raw, and one for Filtered sample",1,"formatChange","Other"
"15c0f45d-5bac-4095-b5e3-27785cf82818","D17","BIGC","BIGC.AOS.groundwater.well.002","BIGC.W2.20190403.RAW",,"2019-04-03T21:02Z","2019-04-03T21:02Z","EcoCore_CSU","ANC",5.9800,"milliequivalentsPerLiter",7.5,"Raw sample GOOD. TPCN and Filtered sample one month late|treat as >10C|2 SWAPT numbers, one for Raw, and one for Filtered sample",1,"formatChange","GOOD"
"1ad3c5fe-f9a5-4097-9b2c-98800312c07d","D17","BIGC","BIGC.AOS.groundwater.well.002","BIGC.W2.20190403.FIL","A00000062218","2019-04-03T21:02Z","2019-04-03T21:02Z","EcoCore_CSU","Mg",1.4960,"milligramsPerLiter",7.5,"Raw sample GOOD. TPCN and Filtered sample one month late|treat as >10C|2 SWAPT numbers, one for Raw, and one for Filtered sample",1,"formatChange","Other"
"c382f3d4-6f89-4c23-a5c7-3857c9e03357","D17","BIGC","BIGC.AOS.groundwater.well.002","BIGC.W2.20190403.RAW",,"2019-04-03T21:02Z","2019-04-03T21:02Z","EcoCore_CSU","pH",6.4700,"pH",7.5,"Raw sample GOOD. TPCN and Filtered sample one month late|treat as >10C|2 SWAPT numbers, one for Raw, and one for Filtered sample",1,"formatChange","GOOD"
"d7d5ce20-863c-47ca-807d-84206896e8d9","D17","BIGC","BIGC.AOS.groundwater.well.002","BIGC.W2.20190403.FIL","A00000062218","2019-04-03T21:02Z","2019-04-03T21:02Z","EcoCore_CSU","DOC",,"milligramsPerLiter",7.5,"Raw sample GOOD. TPCN and Filtered sample one month late|treat as >10C|2 SWAPT numbers, one for Raw, and one for Filtered sample",1,"formatChange","Other"
"8084f09c-d4e3-464f-b0e8-f5cae50560a2","D17","BIGC","BIGC.AOS.groundwater.well.002","BIGC.W2.20190403.FIL","A00000062218","2019-04-03T21:02Z","2019-04-03T21:02Z","EcoCore_CSU","NO2 - N",,"milligramsPerLiter",7.5,"Raw sample GOOD. TPCN and Filtered sample one month late|treat as >10C|2 SWAPT numbers, one for Raw, and one for Filtered sample",1,"formatChange","Other"
"a4ea2ccb-7f13-468a-8590-d21efc850daa","D17","BIGC","BIGC.AOS.groundwater.well.002","BIGC.W2.20190403.FIL","A00000062218","2019-04-03T21:02Z","2019-04-03T21:02Z","EcoCore_CSU","Br",0.0050,"milligramsPerLiter",7.5,"Raw sample GOOD. TPCN and Filtered sample one month late|treat as >10C|2 SWAPT numbers, one for Raw, and one for Filtered sample",1,"formatChange","Other"
"6f6717fb-6d54-4fd3-b2d0-ae79e320b23a","D17","BIGC","BIGC.AOS.groundwater.well.002","BIGC.W2.20190403.RAW",,"2019-04-03T21:02Z","2019-04-03T21:02Z","EcoCore_CSU","TN",0.2358,"milligramsPerLiter",7.5,"Raw sample GOOD. TPCN and Filtered sample one month late|treat as >10C|2 SWAPT numbers, one for Raw, and one for Filtered sample",1,"formatChange","GOOD"
"851a93b3-41b9-4e75-9280-9a6e6b2c57e2","D17","BIGC","BIGC.AOS.groundwater.well.002","BIGC.W2.20190403.FIL","A00000062218","2019-04-03T21:02Z","2019-04-03T21:02Z","EcoCore_CSU","TDN",,"milligramsPerLiter",7.5,"Raw sample GOOD. TPCN and Filtered sample one month late|treat as >10C|2 SWAPT numbers, one for Raw, and one for Filtered sample",1,"formatChange","Other"
"0a5538b4-ab20-40e6-b829-309109324344","D17","BIGC","BIGC.AOS.groundwater.well.002","BIGC.W2.20190403.RAW",,"2019-04-03T21:02Z","2019-04-03T21:02Z","EcoCore_CSU","TSS - Dry Mass",3000.0000,"microgram",7.5,"Raw sample GOOD. TPCN and Filtered sample one month late|treat as >10C|2 SWAPT numbers, one for Raw, and one for Filtered sample",1,"formatChange","GOOD"
"d6bdd1b8-1e0d-476c-873d-e663860ded5f","D17","BIGC","BIGC.AOS.groundwater.well.002","BIGC.W2.20190403.RAW",,"2019-04-03T21:02Z","2019-04-03T21:02Z","EcoCore_CSU","TSS",60.0000,"milligramsPerLiter",7.5,"Raw sample GOOD. TPCN and Filtered sample one month late|treat as >10C|2 SWAPT numbers, one for Raw, and one for Filtered sample",1,"formatChange","GOOD"
"08bf1dc2-7f94-4b28-8746-b8b9f5ac537e","D17","BIGC","BIGC.AOS.groundwater.well.002","BIGC.W2.20190403.FIL","A00000062218","2019-04-03T21:02Z","2019-04-03T21:02Z","EcoCore_CSU","K",1.5270,"milligramsPerLiter",7.5,"Raw sample GOOD. TPCN and Filtered sample one month late|treat as >10C|2 SWAPT numbers, one for Raw, and one for Filtered sample",1,"formatChange","Other"
"b7e4a032-afb4-4c51-8432-596b72406716","D17","BIGC","BIGC.AOS.groundwater.well.002","BIGC.W2.20190403.FIL","A00000062218","2019-04-03T21:02Z","2019-04-03T21:02Z","EcoCore_CSU","TDS",47.1900,"milligramsPerLiter",7.5,"Raw sample GOOD. TPCN and Filtered sample one month late|treat as >10C|2 SWAPT numbers, one for Raw, and one for Filtered sample",1,"formatChange","Other"
"1a7979aa-4fd2-4a96-a1fb-536c61443df2","D17","BIGC","BIGC.AOS.groundwater.well.002","BIGC.W2.20190403.RAW",,"2019-04-03T21:02Z","2019-04-03T21:02Z","EcoCore_CSU","TP",0.2180,"milligramsPerLiter",7.5,"Raw sample GOOD. TPCN and Filtered sample one month late|treat as >10C|2 SWAPT numbers, one for Raw, and one for Filtered sample",1,"formatChange","GOOD"
"754a5c61-aa39-4741-af33-f4db57cc7256","D17","BIGC","BIGC.AOS.groundwater.well.002","BIGC.W2.20190403.FIL","A00000062218","2019-04-03T21:02Z","2019-04-03T21:02Z","EcoCore_CSU","NO3+NO2 - N",,"milligramsPerLiter",7.5,"Raw sample GOOD. TPCN and Filtered sample one month late|treat as >10C|2 SWAPT numbers, one for Raw, and one for Filtered sample",1,"formatChange","Other"
"93c243a0-13f4-4cfa-857c-d73f788a86ff","D17","BIGC","BIGC.AOS.groundwater.well.002","BIGC.W2.20190403.FIL","A00000062218","2019-04-03T21:02Z","2019-04-03T21:02Z","EcoCore_CSU","CO3",0.0050,"milligramsPerLiter",7.5,"Raw sample GOOD. TPCN and Filtered sample one month late|treat as >10C|2 SWAPT numbers, one for Raw, and one for Filtered sample",1,"formatChange","Other"
"8120077a-b61d-4dd1-8bfd-28a752d04341","D17","BIGC","BIGC.AOS.groundwater.well.002","BIGC.W2.20190403.PCN","A00000062022","2019-04-03T21:02Z","2019-04-03T21:02Z","EcoCore_CSU","TPC",0.2811,"milligram",7.5,"Raw sample GOOD. TPCN and Filtered sample one month late|treat as >10C|2 SWAPT numbers, one for Raw, and one for Filtered sample",1,"formatChange","Other"
"68127d5a-2f10-4167-a8cd-da1990108be8","D17","BIGC","BIGC.AOS.groundwater.well.002","BIGC.W2.20190403.FIL","A00000062218","2019-04-03T21:02Z","2019-04-03T21:02Z","EcoCore_CSU","Ortho - P",,"milligramsPerLiter",7.5,"Raw sample GOOD. TPCN and Filtered sample one month late|treat as >10C|2 SWAPT numbers, one for Raw, and one for Filtered sample",1,"formatChange","Other"
"17435b36-7c98-4b72-b991-b17ca10d4613","D17","BIGC","BIGC.AOS.groundwater.well.002","BIGC.W2.20190403.FIL","A00000062218","2019-04-03T21:02Z","2019-04-03T21:02Z","EcoCore_CSU","UV Absorbance (250 nm)",0.0243,,7.5,"Raw sample GOOD. TPCN and Filtered sample one month late|treat as >10C|2 SWAPT numbers, one for Raw, and one for Filtered sample",1,"formatChange","Other"
"54cbe339-0216-4065-8e64-558f50cc45fe","D17","BIGC","BIGC.AOS.groundwater.well.002","BIGC.W2.20190403.FIL","A00000062218","2019-04-03T21:02Z","2019-04-03T21:02Z","EcoCore_CSU","TDP",,"milligramsPerLiter",7.5,"Raw sample GOOD. TPCN and Filtered sample one month late|treat as >10C|2 SWAPT numbers, one for Raw, and one for Filtered sample",1,"formatChange","Other"
"ec8b88d8-07df-4287-ac4f-891736793390","D17","BIGC","BIGC.AOS.groundwater.well.002","BIGC.W2.20190403.FIL","A00000062218","2019-04-03T21:02Z","2019-04-03T21:02Z","EcoCore_CSU","Fe",0.0005,"milligramsPerLiter",7.5,"Raw sample GOOD. TPCN and Filtered sample one month late|treat as >10C|2 SWAPT numbers, one for Raw, and one for Filtered sample",1,"formatChange","Other"
"57d23528-799f-4967-8fc2-bc6e29b8a048","D17","BIGC","BIGC.AOS.groundwater.well.002","BIGC.W2.20190403.PCN","A00000062022","2019-04-03T21:02Z","2019-04-03T21:02Z","EcoCore_CSU","TPN",0.0843,"milligram",7.5,"Raw sample GOOD. TPCN and Filtered sample one month late|treat as >10C|2 SWAPT numbers, one for Raw, and one for Filtered sample",1,"formatChange","Other"
"0c7efcea-6c30-4cc6-880a-78cf7829645f","D17","BIGC","BIGC.AOS.groundwater.well.002","BIGC.W2.20190403.FIL","A00000062218","2019-04-03T21:02Z","2019-04-03T21:02Z","EcoCore_CSU","NH4 - N",,"milligramsPerLiter",7.5,"Raw sample GOOD. TPCN and Filtered sample one month late|treat as >10C|2 SWAPT numbers, one for Raw, and one for Filtered sample",1,"formatChange","Other"
"e413adba-d2ee-4595-b6a9-eaf1e583e7d7","D17","BIGC","BIGC.AOS.groundwater.well.005","BIGC.W5.20190403.FIL","A00000062057","2019-04-03T21:43Z","2019-04-03T21:43Z","EcoCore_CSU","F",3.5319,"milligramsPerLiter",7.5,"one month late|treat as >10C",1,"formatChange","Other"
"b53d4bf0-0e33-4e0d-9a64-8f2b3f51f63e","D17","BIGC","BIGC.AOS.groundwater.well.005","BIGC.W5.20190403.FIL","A00000062057","2019-04-03T21:43Z","2019-04-03T21:43Z","EcoCore_CSU","CO3",0.0050,"milligramsPerLiter",7.5,"one month late|treat as >10C",1,"formatChange","Other"
"67321ca6-759c-4554-b96f-f72bc9e3892a","D17","BIGC","BIGC.AOS.groundwater.well.005","BIGC.W5.20190403.RAW","A00000062088","2019-04-03T21:43Z","2019-04-03T21:43Z","EcoCore_CSU","TSS",30.0000,"milligramsPerLiter",7.5,"one month late|treat as >10C",1,"formatChange","Other"
"d152be97-7edc-4e3b-95b8-75bfebf71c3b","D17","BIGC","BIGC.AOS.groundwater.well.005","BIGC.W5.20190403.RAW","A00000062088","2019-04-03T21:43Z","2019-04-03T21:43Z","EcoCore_CSU","pH",6.6800,"pH",7.5,"one month late|treat as >10C",1,"formatChange","Other"
"5c66a789-af67-4a4e-a2e1-632567acd1e9","D17","BIGC","BIGC.AOS.groundwater.well.005","BIGC.W5.20190403.FIL","A00000062057","2019-04-03T21:43Z","2019-04-03T21:43Z","EcoCore_CSU","Br",0.1100,"milligramsPerLiter",7.5,"one month late|treat as >10C",1,"formatChange","Other"
"43e9f992-219d-44f7-be54-543352fb5299","D17","BIGC","BIGC.AOS.groundwater.well.005","BIGC.W5.20190403.FIL","A00000062057","2019-04-03T21:43Z","2019-04-03T21:43Z","EcoCore_CSU","Ca",10.8522,"milligramsPerLiter",7.5,"one month late|treat as >10C",1,"formatChange","Other"
"fd485ba1-4a3e-468d-be41-4bd451aab797","D17","BIGC","BIGC.AOS.groundwater.well.005","BIGC.W5.20190403.FIL","A00000062057","2019-04-03T21:43Z","2019-04-03T21:43Z","EcoCore_CSU","TDS",142.5700,"milligramsPerLiter",7.5,"one month late|treat as >10C",1,"formatChange","Other"
"c1b2d9a3-289e-444e-89fe-75996f538cc3","D17","BIGC","BIGC.AOS.groundwater.well.005","BIGC.W5.20190403.RAW","A00000062088","2019-04-03T21:43Z","2019-04-03T21:43Z","EcoCore_CSU","TN",,"milligramsPerLiter",7.5,"one month late|treat as >10C",1,"formatChange","Other"
"80178a8b-37e2-4136-a888-acb0954f0965","D17","BIGC","BIGC.AOS.groundwater.well.005","BIGC.W5.20190403.FIL","A00000062057","2019-04-03T21:43Z","2019-04-03T21:43Z","EcoCore_CSU","UV Absorbance (280 nm)",-0.0010,,7.5,"one month late|treat as >10C",1,"formatChange","Other"
"a426f48f-4c06-499e-b3a5-3f948f8ebde9","D17","BIGC","BIGC.AOS.groundwater.well.005","BIGC.W5.20190403.FIL","A00000062057","2019-04-03T21:43Z","2019-04-03T21:43Z","EcoCore_CSU","TDN",,"milligramsPerLiter",7.5,"one month late|treat as >10C",1,"formatChange","Other"
"ea9332c8-b499-4c70-8904-313dfeae756b","D17","BIGC","BIGC.AOS.groundwater.well.005","BIGC.W5.20190403.FIL","A00000062057","2019-04-03T21:43Z","2019-04-03T21:43Z","EcoCore_CSU","Na",29.9200,"milligramsPerLiter",7.5,"one month late|treat as >10C",1,"formatChange","Other"
"3c0bc461-640f-4414-9381-b5b6d320308e","D17","BIGC","BIGC.AOS.groundwater.well.005","BIGC.W5.20190403.FIL","A00000062057","2019-04-03T21:43Z","2019-04-03T21:43Z","EcoCore_CSU","NO3+NO2 - N",,"milligramsPerLiter",7.5,"one month late|treat as >10C",1,"formatChange","Other"
"2428f785-dd25-4ef3-8e92-caad005be3f1","D17","BIGC","BIGC.AOS.groundwater.well.005","BIGC.W5.20190403.FIL","A00000062057","2019-04-03T21:43Z","2019-04-03T21:43Z","EcoCore_CSU","Si",34.2867,"milligramsPerLiter",7.5,"one month late|treat as >10C",1,"formatChange","Other"
"6515b733-6f17-48d8-b4c9-f1cf1fd1179c","D17","BIGC","BIGC.AOS.groundwater.well.005","BIGC.W5.20190403.FIL","A00000062057","2019-04-03T21:43Z","2019-04-03T21:43Z","EcoCore_CSU","DOC",,"milligramsPerLiter",7.5,"one month late|treat as >10C",1,"formatChange","Other"
"c1fe8299-b122-4a7d-ad13-e79772c167e8","D17","BIGC","BIGC.AOS.groundwater.well.005","BIGC.W5.20190403.FIL","A00000062057","2019-04-03T21:43Z","2019-04-03T21:43Z","EcoCore_CSU","NO2 - N",,"milligramsPerLiter",7.5,"one month late|treat as >10C",1,"formatChange","Other"
"2c8136c5-c310-4368-867d-500b2928e223","D17","BIGC","BIGC.AOS.groundwater.well.005","BIGC.W5.20190403.PCN","A00000062037","2019-04-03T21:43Z","2019-04-03T21:43Z","EcoCore_CSU","TPN",0.1197,"milligram",7.5,"one month late|treat as >10C",1,"formatChange","Other"
"47d990f8-6194-4a5b-8c32-03dd0891c59e","D17","BIGC","BIGC.AOS.groundwater.well.005","BIGC.W5.20190403.FIL","A00000062057","2019-04-03T21:43Z","2019-04-03T21:43Z","EcoCore_CSU","DIC",,"milligramsPerLiter",7.5,"one month late|treat as >10C",1,"formatChange","Other"
"988cade3-a625-4e91-9274-146e8a69e3e5","D17","BIGC","BIGC.AOS.groundwater.well.005","BIGC.W5.20190403.FIL","A00000062057","2019-04-03T21:43Z","2019-04-03T21:43Z","EcoCore_CSU","UV Absorbance (250 nm)",0.0041,,7.5,"one month late|treat as >10C",1,"formatChange","Other"
"c9087b7d-eefa-400f-82bf-c5e4e72cbf52","D17","BIGC","BIGC.AOS.groundwater.well.005","BIGC.W5.20190403.RAW","A00000062088","2019-04-03T21:43Z","2019-04-03T21:43Z","EcoCore_CSU","TSS - Dry Mass",1500.0000,"microgram",7.5,"one month late|treat as >10C",1,"formatChange","Other"
"d7770563-f91d-4292-9663-29fef8840419","D17","BIGC","BIGC.AOS.groundwater.well.005","BIGC.W5.20190403.FIL","A00000062057","2019-04-03T21:43Z","2019-04-03T21:43Z","EcoCore_CSU","HCO3",96.1400,"milligramsPerLiter",7.5,"one month late|treat as >10C",1,"formatChange","Other"
"374bd316-d482-434f-91cb-6d2a951f9f37","D17","BIGC","BIGC.AOS.groundwater.well.005","BIGC.W5.20190403.FIL","A00000062057","2019-04-03T21:43Z","2019-04-03T21:43Z","EcoCore_CSU","Mg",1.8570,"milligramsPerLiter",7.5,"one month late|treat as >10C",1,"formatChange","Other"
"cfc2cd50-6ac0-4c6f-a8d2-136d6d3a775c","D17","BIGC","BIGC.AOS.groundwater.well.005","BIGC.W5.20190403.PCN","A00000062037","2019-04-03T21:43Z","2019-04-03T21:43Z","EcoCore_CSU","TPC",0.3614,"milligram",7.5,"one month late|treat as >10C",1,"formatChange","Other"
"2e0b413e-2eef-40f4-9f0b-3c63b047551e","D17","BIGC","BIGC.AOS.groundwater.well.005","BIGC.W5.20190403.FIL","A00000062057","2019-04-03T21:43Z","2019-04-03T21:43Z","EcoCore_CSU","TDP",,"milligramsPerLiter",7.5,"one month late|treat as >10C",1,"formatChange","Other"
"0f391064-fb8c-41ba-b5b0-d3824c3d7775","D17","BIGC","BIGC.AOS.groundwater.well.005","BIGC.W5.20190403.FIL","A00000062057","2019-04-03T21:43Z","2019-04-03T21:43Z","EcoCore_CSU","K",0.6960,"milligramsPerLiter",7.5,"one month late|treat as >10C",1,"formatChange","Other"
"37d953ef-abc5-4aa9-b3b1-4e90d0161db3","D17","BIGC","BIGC.AOS.groundwater.well.005","BIGC.W5.20190403.FIL","A00000062057","2019-04-03T21:43Z","2019-04-03T21:43Z","EcoCore_CSU","NH4 - N",,"milligramsPerLiter",7.5,"one month late|treat as >10C",1,"formatChange","Other"
"83fc3ac8-b8fc-44fb-82a2-acaf7964e8bd","D17","BIGC","BIGC.AOS.groundwater.well.005","BIGC.W5.20190403.FIL","A00000062057","2019-04-03T21:43Z","2019-04-03T21:43Z","EcoCore_CSU","SO4",1.8300,"milligramsPerLiter",7.5,"one month late|treat as >10C",1,"formatChange","Other"
"59de0375-44b9-4c66-afcc-ff6814af47cf","D17","BIGC","BIGC.AOS.groundwater.well.005","BIGC.W5.20190403.RAW","A00000062088","2019-04-03T21:43Z","2019-04-03T21:43Z","EcoCore_CSU","ANC",1.6900,"milliequivalentsPerLiter",7.5,"one month late|treat as >10C",1,"formatChange","Other"
"12d00d8c-b13d-4dd5-b1d1-95acf98adf6a","D17","BIGC","BIGC.AOS.groundwater.well.005","BIGC.W5.20190403.RAW","A00000062088","2019-04-03T21:43Z","2019-04-03T21:43Z","EcoCore_CSU","conductivity",202.1800,"microsiemensPerCentimeter",7.5,"one month late|treat as >10C",1,"formatChange","Other"
"cb5a6c77-c283-400c-9b5e-98d3ad3d74ca","D17","BIGC","BIGC.AOS.groundwater.well.005","BIGC.W5.20190403.FIL","A00000062057","2019-04-03T21:43Z","2019-04-03T21:43Z","EcoCore_CSU","Mn",0.0820,"milligramsPerLiter",7.5,"one month late|treat as >10C",1,"formatChange","Other"
"571d59d1-0ae7-4df4-9bae-29fdd245924d","D17","BIGC","BIGC.AOS.groundwater.well.005","BIGC.W5.20190403.FIL","A00000062057","2019-04-03T21:43Z","2019-04-03T21:43Z","EcoCore_CSU","Fe",1.3505,"milligramsPerLiter",7.5,"one month late|treat as >10C",1,"formatChange","Other"
"97668bc4-2f94-482a-bfe6-e6be96781703","D17","BIGC","BIGC.AOS.groundwater.well.005","BIGC.W5.20190403.RAW","A00000062088","2019-04-03T21:43Z","2019-04-03T21:43Z","EcoCore_CSU","TOC",,"milligramsPerLiter",7.5,"one month late|treat as >10C",1,"formatChange","Other"
"cb14f9dc-caf1-481e-809d-5e2b46972e06","D17","BIGC","BIGC.AOS.groundwater.well.005","BIGC.W5.20190403.FIL","A00000062057","2019-04-03T21:43Z","2019-04-03T21:43Z","EcoCore_CSU","Ortho - P",,"milligramsPerLiter",7.5,"one month late|treat as >10C",1,"formatChange","Other"
"061f82cc-a296-4d60-b92e-49db6019990b","D17","BIGC","BIGC.AOS.groundwater.well.005","BIGC.W5.20190403.FIL","A00000062057","2019-04-03T21:43Z","2019-04-03T21:43Z","EcoCore_CSU","Cl",8.1346,"milligramsPerLiter",7.5,"one month late|treat as >10C",1,"formatChange","Other"
"15006737-ef71-48e9-ad1c-0ca0ff610faf","D17","BIGC","BIGC.AOS.groundwater.well.005","BIGC.W5.20190403.RAW","A00000062088","2019-04-03T21:43Z","2019-04-03T21:43Z","EcoCore_CSU","TP",0.1736,"milligramsPerLiter",7.5,"one month late|treat as >10C",1,"formatChange","Other"
