uid,domainID,siteID,namedLocation,collectDate,titrationDate,parentSampleID,domainSampleID,remarks,measuredBy,alkMeqPerL,alkMgPerL,ancMeqPerL,ancMgPerL
"fbf95e50-cecd-4795-a22d-08868e8d724b","D17","BIGC","BIGC.AOS.groundwater.well.002","2019-04-02T19:33Z","2019-04-03T16:47Z","BIGC.W2.20190402","BIGC.W2.20190402.ALK",,"tvelazquez-rojas@battelleecology.org",0.590,29.500,,
"138aad01-77ff-4f21-a116-b81aeb87bce7","D17","BIGC","BIGC.AOS.groundwater.well.001","2019-04-02T20:50Z","2019-04-03T17:33Z","BIGC.W1.20190402","BIGC.W1.20190402.ALK",,"tvelazquez-rojas@battelleecology.org",1.400,70.000,,
"91352971-d1ae-4610-a477-72b14a0e68b8","D17","BIGC","BIGC.AOS.groundwater.well.006","2019-04-03T19:41Z","2019-04-04T19:00Z","BIGC.W6.20190403","BIGC.W6.20190403.ALK",,"HB",1.550,77.700,,
"56c1fc17-35f4-43e1-9ef6-8d5cd1908682","D17","BIGC","BIGC.AOS.groundwater.well.005","2019-04-03T21:43Z","2019-04-04T18:30Z","BIGC.W5.20190403","BIGC.W5.20190403.ALK",,"HB",0.530,26.600,,
