uid,domainID,siteID,namedLocation,decimalLatitude,decimalLongitude,coordinateUncertainty,elevation,elevationUncertainty,geodeticDatum,collectDate,aquaticSiteType,samplingImpractical,waterChemSamplesCollected,adequateSampleVol,parentSampleID,eventID,swcSamplingProtocolVersion,sampleExtractionMethod,samplerType,totalWellDepth,wellWaterDepth,waterColumnHeight,sampleDepth,purgeAverageDischargeRate,purgeTime,gwWellStabilized,purgeDryDateTime,pumpPlacementDate,screenedIntervalDepth,maxAllowableDrawdown,actualDrawdown,MADExceeded,wellVolumePurged,probeIDUnavailable,dissolvedOxygen,dissolvedOxygenSaturation,specificConductance,waterTemp,pH,waterClarityDescrip,waterColorDescrip,aCollectedBy,bCollectedBy,remarks
"f8c577c2-de2e-4128-91de-d927939afa15","D17","BIGC","BIGC.AOS.groundwater.well.002",37.057454,-119.255032,0.1,1130.6,0.1,"WGS84","2019-04-02T19:33Z","stream",,,"Y","BIGC.W2.20190402","BIGC.20190402","NEON.DOC.002905vE","low-flow","Groundwater Pump",6.6,2.5,4.1,3.5,,,,,,,,,,6.6,,1.17,10.10,75.60,9.20,,"cloudy","brown","0000-0001-7072-0706","0000-0002-9408-2523",
"048078b7-5cb9-4524-9a1d-cf04e52b1c3e","D17","BIGC","BIGC.AOS.groundwater.well.001",37.057579,-119.255032,0.1,1129.5,0.1,"WGS84","2019-04-02T20:50Z","stream",,,"Y","BIGC.W1.20190402","BIGC.20190402","NEON.DOC.002905vE","low-flow","Groundwater Pump",5.5,1.6,3.9,2.6,,,,,,,,,,4.2,,3.00,25.60,174.40,11.20,,"cloudy","brown","0000-0002-9408-2523","0000-0001-7072-0706",
"2ea44498-8ee6-4ef8-b059-d392161fb6c7","D17","BIGC","BIGC.AOS.groundwater.well.006",37.058649,-119.256542,0.1,1132.6,0.1,"WGS84","2019-04-03T19:41Z","stream",,,"Y","BIGC.W6.20190403","BIGC.20190403","NEON.DOC.002905vE","low-flow","Groundwater Pump",5.7,2.9,2.8,3.9,,,,,,,,,,4.8,,1.20,9.40,187.30,7.60,,"cloudy","brown","0000-0001-7072-0706","0000-0002-9408-2523",
"3dad4814-09c8-4f5e-9849-b977ee80492c","D17","BIGC","BIGC.AOS.groundwater.well.002",37.057454,-119.255032,0.1,1130.6,0.1,"WGS84","2019-04-03T21:02Z","stream",,,"Y","BIGC.W2.20190403","BIGC.20190403","NEON.DOC.002905vE","low-flow","Groundwater Pump",6.6,2.5,4.1,3.5,,,,,,,,,,2.2,,1.45,12.50,77.50,9.10,,"cloudy","brown","0000-0001-7072-0706","0000-0002-9408-2523",
"667250f1-df64-4e35-9679-0c810e05132d","D17","BIGC","BIGC.AOS.groundwater.well.005",37.058840,-119.256469,0.1,1132.2,0.1,"WGS84","2019-04-03T21:43Z","stream",,,"Y","BIGC.W5.20190403","BIGC.20190403","NEON.DOC.002905vE","low-flow","Groundwater Pump",4.4,2.4,2.0,3.4,,,,,,,,,,2.5,,5.81,51.60,101.90,10.40,,"opaque","brown","0000-0001-7072-0706","0000-0002-9408-2523",
