uid,domainID,siteID,namedLocation,decimalLatitude,decimalLongitude,coordinateUncertainty,elevation,elevationUncertainty,geodeticDatum,collectDate,aquaticSiteType,samplingImpractical,waterChemSamplesCollected,adequateSampleVol,parentSampleID,eventID,swcSamplingProtocolVersion,sampleExtractionMethod,samplerType,totalWellDepth,wellWaterDepth,waterColumnHeight,sampleDepth,purgeAverageDischargeRate,purgeTime,gwWellStabilized,purgeDryDateTime,pumpPlacementDate,screenedIntervalDepth,maxAllowableDrawdown,actualDrawdown,MADExceeded,wellVolumePurged,probeIDUnavailable,dissolvedOxygen,dissolvedOxygenSaturation,specificConductance,waterTemp,pH,waterClarityDescrip,waterColorDescrip,aCollectedBy,bCollectedBy,remarks
"78453876-31a2-41f7-8b76-4d1ed66a9a1d","D02","LEWI","LEWI.AOS.groundwater.well.002",39.095452,-77.983050,0.1,128.6,0.1,"WGS84","2020-03-05T14:39Z","stream",,"Y","Y","LEWI.W2.20200305","LEWI.20200305","NEON.DOC.002905vG","low-flow","Groundwater Pump",5.4,2.4,3.0,3.4,,,,,,,,,,13.7,,0.77,6.90,633.00,10.70,7.00,"clear","colorless","0000-0003-3114-5862","0000-0001-7904-875X",
"3cd79702-b9b0-4f1a-9d70-e01a91d31377","D02","LEWI","LEWI.AOS.groundwater.well.006",39.094122,-77.981443,0.1,127.8,0.1,"WGS84","2020-03-05T15:51Z","stream",,"Y","Y","LEWI.W6.20200305","LEWI.20200305","NEON.DOC.002905vG","low-flow","Groundwater Pump",6.9,2.4,4.5,3.4,,,,,,,,,,3.7,,4.71,42.90,652.00,11.10,7.15,"clear","colorless","0000-0003-3114-5862","0000-0001-7904-875X",
"98e2f9d7-9ea3-4543-a19d-47365e3019a6","D02","LEWI","LEWI.AOS.groundwater.well.001",39.095597,-77.982949,0.1,128.8,0.1,"WGS84","2020-03-05T17:12Z","stream",,"Y","Y","LEWI.W1.20200305","LEWI.20200305","NEON.DOC.002905vG","low-flow","Groundwater Pump",5.5,2.4,3.1,3.4,,,,,,,,,,4.8,,4.02,37.80,643.00,12.10,7.05,"clear","colorless","0000-0003-3114-5862","0000-0001-7904-875X",
"12923077-34e6-4a06-b09b-33069b12887c","D02","LEWI","LEWI.AOS.groundwater.well.008",39.094301,-77.981340,0.1,127.5,0.1,"WGS84","2020-03-05T18:36Z","stream",,"Y","Y","LEWI.W8.20200305","LEWI.20200305","NEON.DOC.002905vG","low-flow","Groundwater Pump",5.4,,,,,,,,,,,,,5.0,,0.61,5.10,655.00,11.10,7.05,"clear","colorless","0000-0003-3114-5862","0000-0001-7904-875X",
