uid,domainID,siteID,namedLocation,collectDate,titrationDate,parentSampleID,domainSampleID,remarks,measuredBy,alkMeqPerL,alkMgPerL,ancMeqPerL,ancMgPerL
"97f3a304-fc70-4b99-bd9d-932c6eb636c5","D02","LEWI","LEWI.AOS.groundwater.well.002","2020-03-05T14:39Z","2020-03-06T12:58Z","LEWI.W2.20200305","LEWI.W2.20200305.ALK",,"osborneb@battelleecology.org",7.810,391.000,,
"d5c2a8c1-6c21-4238-b06c-01cf7c543c5d","D02","LEWI","LEWI.AOS.groundwater.well.006","2020-03-05T15:51Z","2020-03-06T13:59Z","LEWI.W6.20200305","LEWI.W6.20200305.ALK",,"osborneb@battelleecology.org",7.730,387.000,,
"d42abdf8-bf05-4661-8ec4-e32326d166c7","D02","LEWI","LEWI.AOS.groundwater.well.001","2020-03-05T17:12Z","2020-03-06T14:46Z","LEWI.W1.20200305","LEWI.W1.20200305.ALK",,"osborneb@battelleecology.org",7.100,355.000,,
"4e121cb4-0fe1-48a4-a070-c013d3cecadd","D02","LEWI","LEWI.AOS.groundwater.well.008","2020-03-05T18:36Z","2020-03-06T15:20Z","LEWI.W8.20200305","LEWI.W8.20200305.ALK",,"osborneb@battelleecology.org",7.630,382.000,,
