uid,domainID,siteID,namedLocation,collectDate,parentSampleID,sampleCondition,sampleID,replicateNumber,gwwDICBubbleFree,gwwFiltSampleHeadspace,gwwAlkSampleHeadspace,gwwAlkSampleBubbleFree,processedDate,processedDateFilters,sampleVolumeFiltered,shipmentTimeRange
"9ded9e18-f042-4bb4-8a85-e2eebb287736","D02","LEWI","LEWI.AOS.groundwater.well.002","2020-03-05T14:39Z","LEWI.W2.20200305","Sample condition ok","LEWI.W2.20200305",1,,,,,"2020-03-05T14:39Z","2020-03-05T14:39Z",400.0,
"94ae9e4f-b231-40e4-88cd-355d8e02b76e","D02","LEWI","LEWI.AOS.groundwater.well.006","2020-03-05T15:51Z","LEWI.W6.20200305","Sample condition ok","LEWI.W6.20200305",1,,,,,"2020-03-05T15:51Z","2020-03-05T15:51Z",200.0,
"9372077e-b3b6-49f1-94be-2635e6643e16","D02","LEWI","LEWI.AOS.groundwater.well.001","2020-03-05T17:12Z","LEWI.W1.20200305","Sample condition ok","LEWI.W1.20200305",1,,,,,"2020-03-05T17:12Z","2020-03-05T17:12Z",350.0,
"e63903d5-4e36-4262-b04b-a87b412765f2","D02","LEWI","LEWI.AOS.groundwater.well.008","2020-03-05T18:36Z","LEWI.W8.20200305","Sample condition ok","LEWI.W8.20200305",1,,,,,"2020-03-05T18:36Z","2020-03-05T18:36Z",200.0,
