uid,domainID,siteID,namedLocation,sampleID,sampleCode,startDate,collectDate,laboratoryName,analyte,analyteConcentration,analyteUnits,coolerTemp,remarks,shipmentWarmQF,externalLabDataQF,sampleCondition
"0323a601-7417-432d-a3ce-cbcd579340d6","D06","KING","KING.AOS.groundwater.well.004","KING.W4.20190501.RAW","A00000042419","2019-05-01T14:21Z","2019-05-01T14:21Z","EcoCore_CSU","TP",0.0920,"milligramsPerLiter",3.2,,0,"formatChange","GOOD"
"e12fa3e9-5e9f-4f8e-b8db-895b18c74337","D06","KING","KING.AOS.groundwater.well.004","KING.W4.20190501.RAW","A00000042419","2019-05-01T14:21Z","2019-05-01T14:21Z","EcoCore_CSU","TSS",12.0000,"milligramsPerLiter",3.2,,0,"formatChange","GOOD"
"ac9210ab-b2f6-4dab-9c3b-3ef831195c14","D06","KING","KING.AOS.groundwater.well.004","KING.W4.20190501.FIL","A00000042420","2019-05-01T14:21Z","2019-05-01T14:21Z","EcoCore_CSU","F",1.4290,"milligramsPerLiter",3.2,,0,"formatChange","GOOD"
"315e16a9-e5ec-4e82-84e7-c8454ce4fd2c","D06","KING","KING.AOS.groundwater.well.004","KING.W4.20190501.RAW","A00000042419","2019-05-01T14:21Z","2019-05-01T14:21Z","EcoCore_CSU","TSS - Dry Mass",600.0000,"microgram",3.2,,0,"formatChange","GOOD"
"aa896d25-2b65-4580-9b6d-61538577e39c","D06","KING","KING.AOS.groundwater.well.004","KING.W4.20190501.FIL","A00000042420","2019-05-01T14:21Z","2019-05-01T14:21Z","EcoCore_CSU","Fe",0.0005,"milligramsPerLiter",3.2,,0,"formatChange","GOOD"
"5999eec7-5e80-4af0-8f98-3dfd9db61d8b","D06","KING","KING.AOS.groundwater.well.004","KING.W4.20190501.FIL","A00000042420","2019-05-01T14:21Z","2019-05-01T14:21Z","EcoCore_CSU","Ca",43.8688,"milligramsPerLiter",3.2,,0,"formatChange","GOOD"
"caa50f4b-160d-4eca-8d8b-ead6d73a85bd","D06","KING","KING.AOS.groundwater.well.004","KING.W4.20190501.FIL","A00000042420","2019-05-01T14:21Z","2019-05-01T14:21Z","EcoCore_CSU","Mn",0.0005,"milligramsPerLiter",3.2,,0,"formatChange","GOOD"
"7a7ac954-37c0-4b86-96b1-d58e7c46f4fa","D06","KING","KING.AOS.groundwater.well.004","KING.W4.20190501.RAW","A00000042419","2019-05-01T14:21Z","2019-05-01T14:21Z","EcoCore_CSU","conductivity",479.2500,"microsiemensPerCentimeter",3.2,,0,"formatChange","GOOD"
"2d8dc8b6-e854-4e90-964a-10d35953edfc","D06","KING","KING.AOS.groundwater.well.004","KING.W4.20190501.PCN","A00000042418","2019-05-01T14:21Z","2019-05-01T14:21Z","EcoCore_CSU","TPN",0.1099,"milligram",3.2,,0,"formatChange","GOOD"
"7c33c2e5-5d42-4bda-8804-4a0e94fcf32a","D06","KING","KING.AOS.groundwater.well.004","KING.W4.20190501.RAW","A00000042419","2019-05-01T14:21Z","2019-05-01T14:21Z","EcoCore_CSU","TN",0.1905,"milligramsPerLiter",3.2,,0,"formatChange","GOOD"
"e76f779e-c7e7-401e-af39-cec6e6aba85d","D06","KING","KING.AOS.groundwater.well.004","KING.W4.20190501.FIL","A00000042420","2019-05-01T14:21Z","2019-05-01T14:21Z","EcoCore_CSU","Cl",3.9742,"milligramsPerLiter",3.2,,0,"formatChange","GOOD"
"675657ef-115f-4ca6-99c2-ff81d471e214","D06","KING","KING.AOS.groundwater.well.004","KING.W4.20190501.FIL","A00000042420","2019-05-01T14:21Z","2019-05-01T14:21Z","EcoCore_CSU","Na",6.9640,"milligramsPerLiter",3.2,,0,"formatChange","GOOD"
"9952570a-f1b6-4e86-80bb-34d3d64d0a06","D06","KING","KING.AOS.groundwater.well.004","KING.W4.20190501.PCN","A00000042418","2019-05-01T14:21Z","2019-05-01T14:21Z","EcoCore_CSU","TPC",0.4608,"milligram",3.2,,0,"formatChange","GOOD"
"8aadf25b-cd70-4ccb-b007-bcece777eecd","D06","KING","KING.AOS.groundwater.well.004","KING.W4.20190501.FIL","A00000042420","2019-05-01T14:21Z","2019-05-01T14:21Z","EcoCore_CSU","Br",0.0050,"milligramsPerLiter",3.2,,0,"formatChange","GOOD"
"f2bba484-d7cd-4089-9f15-7dc314621fa0","D06","KING","KING.AOS.groundwater.well.004","KING.W4.20190501.FIL","A00000042420","2019-05-01T14:21Z","2019-05-01T14:21Z","EcoCore_CSU","Mg",27.3600,"milligramsPerLiter",3.2,,0,"formatChange","GOOD"
"4c1e5728-30f5-4a99-b104-ce99cedf3fca","D06","KING","KING.AOS.groundwater.well.004","KING.W4.20190501.FIL","A00000042420","2019-05-01T14:21Z","2019-05-01T14:21Z","EcoCore_CSU","TDS",336.7400,"milligramsPerLiter",3.2,,0,"formatChange","GOOD"
"21a7b480-9e32-41eb-a66e-f66445ff3835","D06","KING","KING.AOS.groundwater.well.004","KING.W4.20190501.FIL","A00000042420","2019-05-01T14:21Z","2019-05-01T14:21Z","EcoCore_CSU","UV Absorbance (250 nm)",0.0109,,3.2,,0,"formatChange","GOOD"
"778dad53-6f7b-43d7-b3e5-613b2710016b","D06","KING","KING.AOS.groundwater.well.004","KING.W4.20190501.FIL","A00000042420","2019-05-01T14:21Z","2019-05-01T14:21Z","EcoCore_CSU","TDP",0.0336,"milligramsPerLiter",3.2,,0,"formatChange","GOOD"
"4f8739f0-4a95-4054-b085-06436ab049f7","D06","KING","KING.AOS.groundwater.well.004","KING.W4.20190501.FIL","A00000042420","2019-05-01T14:21Z","2019-05-01T14:21Z","EcoCore_CSU","NH4 - N",0.0172,"milligramsPerLiter",3.2,,0,"formatChange","GOOD"
"9db6e781-be3c-4e82-a7fb-65a773721996","D06","KING","KING.AOS.groundwater.well.004","KING.W4.20190501.RAW","A00000042419","2019-05-01T14:21Z","2019-05-01T14:21Z","EcoCore_CSU","ANC",3.4800,"milliequivalentsPerLiter",3.2,,0,"formatChange","GOOD"
"caed02f1-383d-49fe-b246-096cc1239a08","D06","KING","KING.AOS.groundwater.well.004","KING.W4.20190501.FIL","A00000042420","2019-05-01T14:21Z","2019-05-01T14:21Z","EcoCore_CSU","Ortho - P",0.0380,"milligramsPerLiter",3.2,,0,"formatChange","GOOD"
"48c4e46e-add4-472c-834c-242716d4dec3","D06","KING","KING.AOS.groundwater.well.004","KING.W4.20190501.FIL","A00000042420","2019-05-01T14:21Z","2019-05-01T14:21Z","EcoCore_CSU","NO3+NO2 - N",0.0852,"milligramsPerLiter",3.2,,0,"formatChange","GOOD"
"84e66feb-60c3-4b27-ba28-84c979091d96","D06","KING","KING.AOS.groundwater.well.004","KING.W4.20190501.FIL","A00000042420","2019-05-01T14:21Z","2019-05-01T14:21Z","EcoCore_CSU","UV Absorbance (280 nm)",0.0044,,3.2,,0,"formatChange","GOOD"
"33ae751d-8a48-4bf8-8099-f2987335b374","D06","KING","KING.AOS.groundwater.well.004","KING.W4.20190501.FIL","A00000042420","2019-05-01T14:21Z","2019-05-01T14:21Z","EcoCore_CSU","K",1.1400,"milligramsPerLiter",3.2,,0,"formatChange","GOOD"
"f11a5d85-895d-448a-aa07-abaf62981c45","D06","KING","KING.AOS.groundwater.well.004","KING.W4.20190501.FIL","A00000042420","2019-05-01T14:21Z","2019-05-01T14:21Z","EcoCore_CSU","DIC",69.7500,"milligramsPerLiter",3.2,,0,"formatChange","GOOD"
"95c6c76f-0b30-4ce9-beee-9ebd61a13d42","D06","KING","KING.AOS.groundwater.well.004","KING.W4.20190501.FIL","A00000042420","2019-05-01T14:21Z","2019-05-01T14:21Z","EcoCore_CSU","NO2 - N",-0.1282,"milligramsPerLiter",3.2,,0,"formatChange","GOOD"
"3ce2774d-0d93-4729-b426-37515a33bba7","D06","KING","KING.AOS.groundwater.well.004","KING.W4.20190501.FIL","A00000042420","2019-05-01T14:21Z","2019-05-01T14:21Z","EcoCore_CSU","HCO3",199.5600,"milligramsPerLiter",3.2,,0,"formatChange","GOOD"
"aca7e14f-5a97-4f52-a6f2-09df3d1d38f8","D06","KING","KING.AOS.groundwater.well.004","KING.W4.20190501.RAW","A00000042419","2019-05-01T14:21Z","2019-05-01T14:21Z","EcoCore_CSU","pH",7.3500,"pH",3.2,,0,"formatChange","GOOD"
"f2009aea-939c-4f7a-9021-77f1e2d9f626","D06","KING","KING.AOS.groundwater.well.004","KING.W4.20190501.FIL","A00000042420","2019-05-01T14:21Z","2019-05-01T14:21Z","EcoCore_CSU","TDN",0.1788,"milligramsPerLiter",3.2,,0,"formatChange","GOOD"
"1f30a93b-5631-4b45-a4fc-b0b4d57f4464","D06","KING","KING.AOS.groundwater.well.004","KING.W4.20190501.FIL","A00000042420","2019-05-01T14:21Z","2019-05-01T14:21Z","EcoCore_CSU","SO4",63.5100,"milligramsPerLiter",3.2,,0,"formatChange","GOOD"
"62009ecb-3f70-458d-99ba-501fcfdba788","D06","KING","KING.AOS.groundwater.well.004","KING.W4.20190501.RAW","A00000042419","2019-05-01T14:21Z","2019-05-01T14:21Z","EcoCore_CSU","TOC",0.9404,"milligramsPerLiter",3.2,,0,"formatChange","GOOD"
"780f769c-6790-45d5-80cc-5067b990e14f","D06","KING","KING.AOS.groundwater.well.004","KING.W4.20190501.FIL","A00000042420","2019-05-01T14:21Z","2019-05-01T14:21Z","EcoCore_CSU","DOC",1.0480,"milligramsPerLiter",3.2,,0,"formatChange","GOOD"
"18a88087-a3e4-49b9-ac29-122ea6ce75df","D06","KING","KING.AOS.groundwater.well.004","KING.W4.20190501.FIL","A00000042420","2019-05-01T14:21Z","2019-05-01T14:21Z","EcoCore_CSU","Si",8.9974,"milligramsPerLiter",3.2,,0,"formatChange","GOOD"
"56dd342e-1f76-43e5-aeb7-31368d2607df","D06","KING","KING.AOS.groundwater.well.004","KING.W4.20190501.FIL","A00000042420","2019-05-01T14:21Z","2019-05-01T14:21Z","EcoCore_CSU","CO3",0.0050,"milligramsPerLiter",3.2,,0,"formatChange","GOOD"
"8b529eeb-fb6c-4cab-a998-2e536b7465bf","D06","KING","KING.AOS.groundwater.well.001","KING.W1.20190501.FIL","A00000042423","2019-05-01T15:39Z","2019-05-01T15:39Z","EcoCore_CSU","DIC",78.3900,"milligramsPerLiter",3.2,,0,"formatChange","GOOD"
"91c1df80-675d-4d4a-8e02-cdf129f1b0b0","D06","KING","KING.AOS.groundwater.well.001","KING.W1.20190501.FIL","A00000042423","2019-05-01T15:39Z","2019-05-01T15:39Z","EcoCore_CSU","SO4",35.8200,"milligramsPerLiter",3.2,,0,"formatChange","GOOD"
"053210b6-368c-4fc9-862f-928ea7f14617","D06","KING","KING.AOS.groundwater.well.001","KING.W1.20190501.RAW","A00000042422","2019-05-01T15:39Z","2019-05-01T15:39Z","EcoCore_CSU","ANC",3.5900,"milliequivalentsPerLiter",3.2,,0,"formatChange","GOOD"
"040d09af-ae85-4c3e-a9f7-f8de0e4d4f96","D06","KING","KING.AOS.groundwater.well.001","KING.W1.20190501.FIL","A00000042423","2019-05-01T15:39Z","2019-05-01T15:39Z","EcoCore_CSU","Fe",0.0005,"milligramsPerLiter",3.2,,0,"formatChange","GOOD"
"dc2a50b4-7488-49c2-9381-51773a51e32b","D06","KING","KING.AOS.groundwater.well.001","KING.W1.20190501.FIL","A00000042423","2019-05-01T15:39Z","2019-05-01T15:39Z","EcoCore_CSU","TDP",0.0321,"milligramsPerLiter",3.2,,0,"formatChange","GOOD"
"8768fa1e-88a3-44cc-b891-6c69cac6dbd8","D06","KING","KING.AOS.groundwater.well.001","KING.W1.20190501.FIL","A00000042423","2019-05-01T15:39Z","2019-05-01T15:39Z","EcoCore_CSU","Ca",42.6834,"milligramsPerLiter",3.2,,0,"formatChange","GOOD"
"4c250afe-ef1b-4e16-9c4c-b6b309cd49d4","D06","KING","KING.AOS.groundwater.well.001","KING.W1.20190501.RAW","A00000042422","2019-05-01T15:39Z","2019-05-01T15:39Z","EcoCore_CSU","TSS - Dry Mass",1800.0000,"microgram",3.2,,0,"formatChange","GOOD"
"aab0f726-f884-4d6f-800c-410ffcfa9171","D06","KING","KING.AOS.groundwater.well.001","KING.W1.20190501.RAW","A00000042422","2019-05-01T15:39Z","2019-05-01T15:39Z","EcoCore_CSU","TP",0.0948,"milligramsPerLiter",3.2,,0,"formatChange","GOOD"
"84ba7dc5-eaf1-4965-9e48-8bf1ac2deba2","D06","KING","KING.AOS.groundwater.well.001","KING.W1.20190501.FIL","A00000042423","2019-05-01T15:39Z","2019-05-01T15:39Z","EcoCore_CSU","K",1.1080,"milligramsPerLiter",3.2,,0,"formatChange","GOOD"
"5bfe0cb5-cec1-45d8-b6e1-3a853effc6bf","D06","KING","KING.AOS.groundwater.well.001","KING.W1.20190501.FIL","A00000042423","2019-05-01T15:39Z","2019-05-01T15:39Z","EcoCore_CSU","NO3+NO2 - N",0.0134,"milligramsPerLiter",3.2,,0,"formatChange","GOOD"
"2a1d6ce8-e681-4650-8858-1be697998cb8","D06","KING","KING.AOS.groundwater.well.001","KING.W1.20190501.RAW","A00000042422","2019-05-01T15:39Z","2019-05-01T15:39Z","EcoCore_CSU","pH",7.7300,"pH",3.2,,0,"formatChange","GOOD"
"b8ee8eac-b878-4386-b4d6-56e0d696ffaa","D06","KING","KING.AOS.groundwater.well.001","KING.W1.20190501.FIL","A00000042423","2019-05-01T15:39Z","2019-05-01T15:39Z","EcoCore_CSU","Mn",0.0005,"milligramsPerLiter",3.2,,0,"formatChange","GOOD"
"6c4b88c7-64ac-4042-8551-2fc1cebd8b06","D06","KING","KING.AOS.groundwater.well.001","KING.W1.20190501.FIL","A00000042423","2019-05-01T15:39Z","2019-05-01T15:39Z","EcoCore_CSU","TDN",0.1507,"milligramsPerLiter",3.2,,0,"formatChange","GOOD"
"0a5ba3ba-90c4-4947-91d2-502a248fe3c2","D06","KING","KING.AOS.groundwater.well.001","KING.W1.20190501.FIL","A00000042423","2019-05-01T15:39Z","2019-05-01T15:39Z","EcoCore_CSU","Ortho - P",0.0340,"milligramsPerLiter",3.2,,0,"formatChange","GOOD"
"66ad1074-640d-4a2f-ae98-a65c76e3128c","D06","KING","KING.AOS.groundwater.well.001","KING.W1.20190501.FIL","A00000042423","2019-05-01T15:39Z","2019-05-01T15:39Z","EcoCore_CSU","UV Absorbance (280 nm)",0.0054,,3.2,,0,"formatChange","GOOD"
"752630d9-d08a-4d7f-abab-4ab57ee17917","D06","KING","KING.AOS.groundwater.well.001","KING.W1.20190501.FIL","A00000042423","2019-05-01T15:39Z","2019-05-01T15:39Z","EcoCore_CSU","NH4 - N",0.0164,"milligramsPerLiter",3.2,,0,"formatChange","GOOD"
"ba7ddbf5-9574-42bc-8ba4-337b1c6396be","D06","KING","KING.AOS.groundwater.well.001","KING.W1.20190501.FIL","A00000042423","2019-05-01T15:39Z","2019-05-01T15:39Z","EcoCore_CSU","DOC",1.1420,"milligramsPerLiter",3.2,,0,"formatChange","GOOD"
"1d4f1b5d-a906-49d9-bcc3-33aed2dd5dea","D06","KING","KING.AOS.groundwater.well.001","KING.W1.20190501.FIL","A00000042423","2019-05-01T15:39Z","2019-05-01T15:39Z","EcoCore_CSU","NO2 - N",-0.1288,"milligramsPerLiter",3.2,,0,"formatChange","GOOD"
"b4a3a16c-6965-4530-a1da-c1480954c8f4","D06","KING","KING.AOS.groundwater.well.001","KING.W1.20190501.FIL","A00000042423","2019-05-01T15:39Z","2019-05-01T15:39Z","EcoCore_CSU","UV Absorbance (250 nm)",0.0114,,3.2,,0,"formatChange","GOOD"
"ceb7e594-b9d5-4fbe-bb5b-3953b0c1595e","D06","KING","KING.AOS.groundwater.well.001","KING.W1.20190501.RAW","A00000042422","2019-05-01T15:39Z","2019-05-01T15:39Z","EcoCore_CSU","TSS",36.0000,"milligramsPerLiter",3.2,,0,"formatChange","GOOD"
"64c7b766-715c-475a-96c3-3022842bff6a","D06","KING","KING.AOS.groundwater.well.001","KING.W1.20190501.FIL","A00000042423","2019-05-01T15:39Z","2019-05-01T15:39Z","EcoCore_CSU","Si",7.2482,"milligramsPerLiter",3.2,,0,"formatChange","GOOD"
"cb122909-7035-4c5c-a4c1-d76e91c62a18","D06","KING","KING.AOS.groundwater.well.001","KING.W1.20190501.FIL","A00000042423","2019-05-01T15:39Z","2019-05-01T15:39Z","EcoCore_CSU","Mg",20.8700,"milligramsPerLiter",3.2,,0,"formatChange","GOOD"
"a42a6fc5-a9c5-45fe-9517-871d938818a4","D06","KING","KING.AOS.groundwater.well.001","KING.W1.20190501.FIL","A00000042423","2019-05-01T15:39Z","2019-05-01T15:39Z","EcoCore_CSU","TDS",291.4100,"milligramsPerLiter",3.2,,0,"formatChange","GOOD"
"56aca257-d12f-410c-b8d2-da32af857c07","D06","KING","KING.AOS.groundwater.well.001","KING.W1.20190501.FIL","A00000042423","2019-05-01T15:39Z","2019-05-01T15:39Z","EcoCore_CSU","Br",0.0050,"milligramsPerLiter",3.2,,0,"formatChange","GOOD"
"5bb516ba-d926-42fa-96d2-5a209c78dc6e","D06","KING","KING.AOS.groundwater.well.001","KING.W1.20190501.FIL","A00000042423","2019-05-01T15:39Z","2019-05-01T15:39Z","EcoCore_CSU","F",1.0011,"milligramsPerLiter",3.2,,0,"formatChange","GOOD"
"6eb42458-3603-45d6-90f9-7b50733dfa5d","D06","KING","KING.AOS.groundwater.well.001","KING.W1.20190501.FIL","A00000042423","2019-05-01T15:39Z","2019-05-01T15:39Z","EcoCore_CSU","Na",5.4270,"milligramsPerLiter",3.2,,0,"formatChange","GOOD"
"b967b123-a8a1-466d-941b-2e31f2300688","D06","KING","KING.AOS.groundwater.well.001","KING.W1.20190501.RAW","A00000042422","2019-05-01T15:39Z","2019-05-01T15:39Z","EcoCore_CSU","conductivity",414.2800,"microsiemensPerCentimeter",3.2,,0,"formatChange","GOOD"
"4bcc0e37-10b8-41b2-a4b4-070376080404","D06","KING","KING.AOS.groundwater.well.001","KING.W1.20190501.FIL","A00000042423","2019-05-01T15:39Z","2019-05-01T15:39Z","EcoCore_CSU","CO3",0.0050,"milligramsPerLiter",3.2,,0,"formatChange","GOOD"
"bbd253c9-cbbb-444f-b4a1-c11135d37bf2","D06","KING","KING.AOS.groundwater.well.001","KING.W1.20190501.RAW","A00000042422","2019-05-01T15:39Z","2019-05-01T15:39Z","EcoCore_CSU","TN",0.1310,"milligramsPerLiter",3.2,,0,"formatChange","GOOD"
"3f81f08e-1fc6-4bc3-b395-f699e29365c5","D06","KING","KING.AOS.groundwater.well.001","KING.W1.20190501.FIL","A00000042423","2019-05-01T15:39Z","2019-05-01T15:39Z","EcoCore_CSU","HCO3",201.4100,"milligramsPerLiter",3.2,,0,"formatChange","GOOD"
"5f1e7c7e-6ec5-432c-898d-e387179de052","D06","KING","KING.AOS.groundwater.well.001","KING.W1.20190501.FIL","A00000042423","2019-05-01T15:39Z","2019-05-01T15:39Z","EcoCore_CSU","Cl",1.7957,"milligramsPerLiter",3.2,,0,"formatChange","GOOD"
"052540e5-21ed-4a9c-ab4a-1bafa8ad7a3e","D06","KING","KING.AOS.groundwater.well.001","KING.W1.20190501.PCN","A00000042421","2019-05-01T15:39Z","2019-05-01T15:39Z","EcoCore_CSU","TPC",0.5220,"milligram",3.2,,0,"formatChange","GOOD"
"78dfd5d2-4970-4773-9121-76caf829af3f","D06","KING","KING.AOS.groundwater.well.001","KING.W1.20190501.RAW","A00000042422","2019-05-01T15:39Z","2019-05-01T15:39Z","EcoCore_CSU","TOC",1.0210,"milligramsPerLiter",3.2,,0,"formatChange","GOOD"
"5b46e422-82fc-40a3-babc-548036bfea30","D06","KING","KING.AOS.groundwater.well.001","KING.W1.20190501.PCN","A00000042421","2019-05-01T15:39Z","2019-05-01T15:39Z","EcoCore_CSU","TPN",0.0368,"milligram",3.2,,0,"formatChange","GOOD"
"3ef80404-01d3-44e3-8f3f-39737b72625f","D06","KING","KING.AOS.groundwater.well.002","KING.W2.20190501.FIL","A00000042426","2019-05-01T16:57Z","2019-05-01T16:57Z","EcoCore_CSU","Br",0.0050,"milligramsPerLiter",3.2,,0,"formatChange","GOOD"
"bf9429f1-18f3-4a43-ab7a-07ecacf24145","D06","KING","KING.AOS.groundwater.well.002","KING.W2.20190501.FIL","A00000042426","2019-05-01T16:57Z","2019-05-01T16:57Z","EcoCore_CSU","Fe",0.0005,"milligramsPerLiter",3.2,,0,"formatChange","GOOD"
"9ac9370a-8bab-4d88-850b-33d6d2ea7528","D06","KING","KING.AOS.groundwater.well.002","KING.W2.20190501.PCN","A00000042424","2019-05-01T16:57Z","2019-05-01T16:57Z","EcoCore_CSU","TPC",0.5145,"milligram",3.2,,0,"formatChange","GOOD"
"06f92485-d26e-4686-aa80-98f911ccfa91","D06","KING","KING.AOS.groundwater.well.002","KING.W2.20190501.FIL","A00000042426","2019-05-01T16:57Z","2019-05-01T16:57Z","EcoCore_CSU","Na",5.9460,"milligramsPerLiter",3.2,,0,"formatChange","GOOD"
"952f84e5-8d2b-493e-b41c-5b999782a51d","D06","KING","KING.AOS.groundwater.well.002","KING.W2.20190501.FIL","A00000042426","2019-05-01T16:57Z","2019-05-01T16:57Z","EcoCore_CSU","F",1.1711,"milligramsPerLiter",3.2,,0,"formatChange","GOOD"
"f4bcb3ed-faa4-4dda-a62e-b19a35b6d05e","D06","KING","KING.AOS.groundwater.well.002","KING.W2.20190501.FIL","A00000042426","2019-05-01T16:57Z","2019-05-01T16:57Z","EcoCore_CSU","Cl",3.5229,"milligramsPerLiter",3.2,,0,"formatChange","GOOD"
"f34e840f-a06a-4ffc-8d82-3661c1bf2eb2","D06","KING","KING.AOS.groundwater.well.002","KING.W2.20190501.FIL","A00000042426","2019-05-01T16:57Z","2019-05-01T16:57Z","EcoCore_CSU","UV Absorbance (250 nm)",0.0112,,3.2,,0,"formatChange","GOOD"
"9f38a499-013e-4765-876d-93781af2906f","D06","KING","KING.AOS.groundwater.well.002","KING.W2.20190501.FIL","A00000042426","2019-05-01T16:57Z","2019-05-01T16:57Z","EcoCore_CSU","Ortho - P",0.0360,"milligramsPerLiter",3.2,,0,"formatChange","GOOD"
"51b15102-3840-4556-98a8-2ff0a7136b9f","D06","KING","KING.AOS.groundwater.well.002","KING.W2.20190501.FIL","A00000042426","2019-05-01T16:57Z","2019-05-01T16:57Z","EcoCore_CSU","Mn",0.0005,"milligramsPerLiter",3.2,,0,"formatChange","GOOD"
"5f7f0690-2ffe-45d2-a7bc-ed08da2e1c36","D06","KING","KING.AOS.groundwater.well.002","KING.W2.20190501.FIL","A00000042426","2019-05-01T16:57Z","2019-05-01T16:57Z","EcoCore_CSU","Ca",40.5234,"milligramsPerLiter",3.2,,0,"formatChange","GOOD"
"613e02ba-5cf3-4a65-ac4b-ddf603cb418a","D06","KING","KING.AOS.groundwater.well.002","KING.W2.20190501.FIL","A00000042426","2019-05-01T16:57Z","2019-05-01T16:57Z","EcoCore_CSU","Mg",24.7600,"milligramsPerLiter",3.2,,0,"formatChange","GOOD"
"80aeecd4-3621-401d-be43-de838baaebc3","D06","KING","KING.AOS.groundwater.well.002","KING.W2.20190501.FIL","A00000042426","2019-05-01T16:57Z","2019-05-01T16:57Z","EcoCore_CSU","Si",8.1637,"milligramsPerLiter",3.2,,0,"formatChange","GOOD"
"a6d1a98e-1591-4839-b6d4-08c4a734f868","D06","KING","KING.AOS.groundwater.well.002","KING.W2.20190501.FIL","A00000042426","2019-05-01T16:57Z","2019-05-01T16:57Z","EcoCore_CSU","NH4 - N",0.0140,"milligramsPerLiter",3.2,,0,"formatChange","GOOD"
"f9fafb01-e2e8-492a-85b8-dd089b50b97f","D06","KING","KING.AOS.groundwater.well.002","KING.W2.20190501.FIL","A00000042426","2019-05-01T16:57Z","2019-05-01T16:57Z","EcoCore_CSU","CO3",0.0050,"milligramsPerLiter",3.2,,0,"formatChange","GOOD"
"4ad305eb-b1ed-4a58-9f30-bd2bb4faab13","D06","KING","KING.AOS.groundwater.well.002","KING.W2.20190501.RAW","A00000042425","2019-05-01T16:57Z","2019-05-01T16:57Z","EcoCore_CSU","TSS",60.0000,"milligramsPerLiter",3.2,,0,"formatChange","GOOD"
"c4382c0a-1f80-4e73-85fd-c306d2974fd8","D06","KING","KING.AOS.groundwater.well.002","KING.W2.20190501.RAW","A00000042425","2019-05-01T16:57Z","2019-05-01T16:57Z","EcoCore_CSU","conductivity",436.1100,"microsiemensPerCentimeter",3.2,,0,"formatChange","GOOD"
"d1b9495d-37bf-463d-8d55-49943a922415","D06","KING","KING.AOS.groundwater.well.002","KING.W2.20190501.FIL","A00000042426","2019-05-01T16:57Z","2019-05-01T16:57Z","EcoCore_CSU","NO3+NO2 - N",-0.0087,"milligramsPerLiter",3.2,,0,"formatChange","GOOD"
"42f62213-1d2f-43b5-bff3-2f827fdcb20a","D06","KING","KING.AOS.groundwater.well.002","KING.W2.20190501.FIL","A00000042426","2019-05-01T16:57Z","2019-05-01T16:57Z","EcoCore_CSU","TDP",0.0306,"milligramsPerLiter",3.2,,0,"formatChange","GOOD"
"cd130bef-9e88-4929-a108-631b4e73c633","D06","KING","KING.AOS.groundwater.well.002","KING.W2.20190501.FIL","A00000042426","2019-05-01T16:57Z","2019-05-01T16:57Z","EcoCore_CSU","K",1.1360,"milligramsPerLiter",3.2,,0,"formatChange","GOOD"
"c112a71e-2510-4c02-aad9-b565e16ef86c","D06","KING","KING.AOS.groundwater.well.002","KING.W2.20190501.FIL","A00000042426","2019-05-01T16:57Z","2019-05-01T16:57Z","EcoCore_CSU","TDN",0.0817,"milligramsPerLiter",3.2,,0,"formatChange","GOOD"
"dada0009-1bca-4c38-9cad-94e6873fb3c9","D06","KING","KING.AOS.groundwater.well.002","KING.W2.20190501.PCN","A00000042424","2019-05-01T16:57Z","2019-05-01T16:57Z","EcoCore_CSU","TPN",0.0621,"milligram",3.2,,0,"formatChange","GOOD"
"de482a45-0be6-4dcb-84da-8e760a397732","D06","KING","KING.AOS.groundwater.well.002","KING.W2.20190501.RAW","A00000042425","2019-05-01T16:57Z","2019-05-01T16:57Z","EcoCore_CSU","ANC",3.5900,"milliequivalentsPerLiter",3.2,,0,"formatChange","GOOD"
"9e5f0b53-fc1e-4d9a-9c77-9db91156868c","D06","KING","KING.AOS.groundwater.well.002","KING.W2.20190501.FIL","A00000042426","2019-05-01T16:57Z","2019-05-01T16:57Z","EcoCore_CSU","SO4",34.6800,"milligramsPerLiter",3.2,,0,"formatChange","GOOD"
"d5d3ebbc-31ef-4e26-b3b8-89cc0eb11b61","D06","KING","KING.AOS.groundwater.well.002","KING.W2.20190501.RAW","A00000042425","2019-05-01T16:57Z","2019-05-01T16:57Z","EcoCore_CSU","pH",7.2700,"pH",3.2,,0,"formatChange","GOOD"
"8705ce81-61ca-4cf7-ae43-c8aae210b21b","D06","KING","KING.AOS.groundwater.well.002","KING.W2.20190501.RAW","A00000042425","2019-05-01T16:57Z","2019-05-01T16:57Z","EcoCore_CSU","TOC",1.0790,"milligramsPerLiter",3.2,,0,"formatChange","GOOD"
"4507e6c5-0d32-4aff-b21d-2dd8a9945289","D06","KING","KING.AOS.groundwater.well.002","KING.W2.20190501.FIL","A00000042426","2019-05-01T16:57Z","2019-05-01T16:57Z","EcoCore_CSU","DOC",0.9691,"milligramsPerLiter",3.2,,0,"formatChange","GOOD"
"ab69d1e8-95db-4e7b-b7f4-1c9221b3bb9b","D06","KING","KING.AOS.groundwater.well.002","KING.W2.20190501.FIL","A00000042426","2019-05-01T16:57Z","2019-05-01T16:57Z","EcoCore_CSU","TDS",306.4700,"milligramsPerLiter",3.2,,0,"formatChange","GOOD"
"761f70d2-5bbe-421a-9181-c1775c2a0281","D06","KING","KING.AOS.groundwater.well.002","KING.W2.20190501.FIL","A00000042426","2019-05-01T16:57Z","2019-05-01T16:57Z","EcoCore_CSU","UV Absorbance (280 nm)",0.0066,,3.2,,0,"formatChange","GOOD"
"73f2680e-7e59-4320-9d5e-c4eadf0f2694","D06","KING","KING.AOS.groundwater.well.002","KING.W2.20190501.RAW","A00000042425","2019-05-01T16:57Z","2019-05-01T16:57Z","EcoCore_CSU","TSS - Dry Mass",3000.0000,"microgram",3.2,,0,"formatChange","GOOD"
"4c375107-a133-4eab-ae3a-4dcfc81d5848","D06","KING","KING.AOS.groundwater.well.002","KING.W2.20190501.RAW","A00000042425","2019-05-01T16:57Z","2019-05-01T16:57Z","EcoCore_CSU","TN",0.0900,"milligramsPerLiter",3.2,,0,"formatChange","GOOD"
"36d6ad9e-81b2-435e-89a8-f7112ca563a8","D06","KING","KING.AOS.groundwater.well.002","KING.W2.20190501.RAW","A00000042425","2019-05-01T16:57Z","2019-05-01T16:57Z","EcoCore_CSU","TP",0.1482,"milligramsPerLiter",3.2,,0,"formatChange","GOOD"
"df2eeded-b6cd-4114-8a85-aa1d97a79ec9","D06","KING","KING.AOS.groundwater.well.002","KING.W2.20190501.FIL","A00000042426","2019-05-01T16:57Z","2019-05-01T16:57Z","EcoCore_CSU","NO2 - N",-0.1287,"milligramsPerLiter",3.2,,0,"formatChange","GOOD"
"8d4be3fd-ab68-4110-ad5f-ed122a9323f3","D06","KING","KING.AOS.groundwater.well.002","KING.W2.20190501.FIL","A00000042426","2019-05-01T16:57Z","2019-05-01T16:57Z","EcoCore_CSU","HCO3",212.3100,"milligramsPerLiter",3.2,,0,"formatChange","GOOD"
"412844ae-5da9-470c-9cbf-a053a5d9416f","D06","KING","KING.AOS.groundwater.well.002","KING.W2.20190501.FIL","A00000042426","2019-05-01T16:57Z","2019-05-01T16:57Z","EcoCore_CSU","DIC",99.9900,"milligramsPerLiter",3.2,,0,"formatChange","GOOD"
"f7bbdbdc-a302-4122-bea6-e9fa001992df","D06","KING","KING.AOS.groundwater.well.008","KING.W8.20190501.RAW","A00000042429","2019-05-01T17:58Z","2019-05-01T17:58Z","EcoCore_CSU","pH",7.3600,"pH",3.2,,0,"formatChange","GOOD"
"ea5f46de-8d71-4f93-86a2-addf9b007071","D06","KING","KING.AOS.groundwater.well.008","KING.W8.20190501.FIL","A00000042428","2019-05-01T17:58Z","2019-05-01T17:58Z","EcoCore_CSU","DOC",0.8747,"milligramsPerLiter",3.2,,0,"formatChange","GOOD"
"61e5d83b-1cdf-4fff-b028-0ab3ebff027f","D06","KING","KING.AOS.groundwater.well.008","KING.W8.20190501.PCN","A00000042427","2019-05-01T17:58Z","2019-05-01T17:58Z","EcoCore_CSU","TPC",0.4090,"milligram",3.2,,0,"formatChange","GOOD"
"fbae4880-d76b-4c8e-aa6d-b12f504d050c","D06","KING","KING.AOS.groundwater.well.008","KING.W8.20190501.FIL","A00000042428","2019-05-01T17:58Z","2019-05-01T17:58Z","EcoCore_CSU","HCO3",203.6900,"milligramsPerLiter",3.2,,0,"formatChange","GOOD"
"b24f6cc5-4a5e-418b-ac51-7c89cc7ad3f9","D06","KING","KING.AOS.groundwater.well.008","KING.W8.20190501.FIL","A00000042428","2019-05-01T17:58Z","2019-05-01T17:58Z","EcoCore_CSU","Si",7.2009,"milligramsPerLiter",3.2,,0,"formatChange","GOOD"
"fb7f6744-d995-413f-9ff9-f0ddd608298c","D06","KING","KING.AOS.groundwater.well.008","KING.W8.20190501.FIL","A00000042428","2019-05-01T17:58Z","2019-05-01T17:58Z","EcoCore_CSU","Br",0.0050,"milligramsPerLiter",3.2,,0,"formatChange","GOOD"
"a6b0712b-a73a-4e44-80b2-4b9912b0c3c7","D06","KING","KING.AOS.groundwater.well.008","KING.W8.20190501.FIL","A00000042428","2019-05-01T17:58Z","2019-05-01T17:58Z","EcoCore_CSU","TDP",0.0269,"milligramsPerLiter",3.2,,0,"formatChange","GOOD"
"bc9ccd52-3a1a-42d1-9d2b-eb90bea575a4","D06","KING","KING.AOS.groundwater.well.008","KING.W8.20190501.PCN","A00000042427","2019-05-01T17:58Z","2019-05-01T17:58Z","EcoCore_CSU","TPN",0.1358,"milligram",3.2,,0,"formatChange","GOOD"
"29257aad-b054-4f05-9e71-84f8203ac46e","D06","KING","KING.AOS.groundwater.well.008","KING.W8.20190501.FIL","A00000042428","2019-05-01T17:58Z","2019-05-01T17:58Z","EcoCore_CSU","F",1.1591,"milligramsPerLiter",3.2,,0,"formatChange","GOOD"
"811cdb28-6d57-4d2f-850c-920551f93a2d","D06","KING","KING.AOS.groundwater.well.008","KING.W8.20190501.FIL","A00000042428","2019-05-01T17:58Z","2019-05-01T17:58Z","EcoCore_CSU","NO3+NO2 - N",0.0015,"milligramsPerLiter",3.2,,0,"formatChange","GOOD"
"60e6d039-2ccf-46a3-aa34-a13e65f3e960","D06","KING","KING.AOS.groundwater.well.008","KING.W8.20190501.RAW","A00000042429","2019-05-01T17:58Z","2019-05-01T17:58Z","EcoCore_CSU","TSS - Dry Mass",700.0000,"microgram",3.2,,0,"formatChange","GOOD"
"0b6e04f1-5fa6-45f3-8596-101ffbf2f47a","D06","KING","KING.AOS.groundwater.well.008","KING.W8.20190501.FIL","A00000042428","2019-05-01T17:58Z","2019-05-01T17:58Z","EcoCore_CSU","UV Absorbance (280 nm)",0.0068,,3.2,,0,"formatChange","GOOD"
"71d383be-cd3f-4512-94d5-63c43a23051c","D06","KING","KING.AOS.groundwater.well.008","KING.W8.20190501.FIL","A00000042428","2019-05-01T17:58Z","2019-05-01T17:58Z","EcoCore_CSU","Ca",34.3194,"milligramsPerLiter",3.2,,0,"formatChange","GOOD"
"0bb260ca-c375-4f43-bdec-2296d426f6af","D06","KING","KING.AOS.groundwater.well.008","KING.W8.20190501.FIL","A00000042428","2019-05-01T17:58Z","2019-05-01T17:58Z","EcoCore_CSU","Na",6.2250,"milligramsPerLiter",3.2,,0,"formatChange","GOOD"
"3bec652d-2ae9-44e8-a186-6b63bb485886","D06","KING","KING.AOS.groundwater.well.008","KING.W8.20190501.FIL","A00000042428","2019-05-01T17:58Z","2019-05-01T17:58Z","EcoCore_CSU","DIC",96.8700,"milligramsPerLiter",3.2,,0,"formatChange","GOOD"
"a23c9e9b-ee50-46dd-8f16-6a225f40d13c","D06","KING","KING.AOS.groundwater.well.008","KING.W8.20190501.FIL","A00000042428","2019-05-01T17:58Z","2019-05-01T17:58Z","EcoCore_CSU","Cl",3.6904,"milligramsPerLiter",3.2,,0,"formatChange","GOOD"
"504a8e50-ea91-4c57-baec-47e6c8133349","D06","KING","KING.AOS.groundwater.well.008","KING.W8.20190501.FIL","A00000042428","2019-05-01T17:58Z","2019-05-01T17:58Z","EcoCore_CSU","SO4",31.1700,"milligramsPerLiter",3.2,,0,"formatChange","GOOD"
"89470e67-c560-4794-8580-fe34a9883428","D06","KING","KING.AOS.groundwater.well.008","KING.W8.20190501.FIL","A00000042428","2019-05-01T17:58Z","2019-05-01T17:58Z","EcoCore_CSU","K",0.9250,"milligramsPerLiter",3.2,,0,"formatChange","GOOD"
"06b2b098-020e-4813-8ca5-261df773d978","D06","KING","KING.AOS.groundwater.well.008","KING.W8.20190501.FIL","A00000042428","2019-05-01T17:58Z","2019-05-01T17:58Z","EcoCore_CSU","NO2 - N",-0.1282,"milligramsPerLiter",3.2,,0,"formatChange","GOOD"
"7b64efd0-8625-438e-800b-bc11e2f5e158","D06","KING","KING.AOS.groundwater.well.008","KING.W8.20190501.FIL","A00000042428","2019-05-01T17:58Z","2019-05-01T17:58Z","EcoCore_CSU","UV Absorbance (250 nm)",0.0109,,3.2,,0,"formatChange","GOOD"
"efb9254b-45a0-4306-ba6e-326cb42fce2f","D06","KING","KING.AOS.groundwater.well.008","KING.W8.20190501.FIL","A00000042428","2019-05-01T17:58Z","2019-05-01T17:58Z","EcoCore_CSU","TDS",290.6300,"milligramsPerLiter",3.2,,0,"formatChange","GOOD"
"ca82303c-efa7-4dbb-b252-c68ce50c966b","D06","KING","KING.AOS.groundwater.well.008","KING.W8.20190501.FIL","A00000042428","2019-05-01T17:58Z","2019-05-01T17:58Z","EcoCore_CSU","Mg",25.6600,"milligramsPerLiter",3.2,,0,"formatChange","GOOD"
"3999a577-fa18-49f0-8543-7b1ff31d72ee","D06","KING","KING.AOS.groundwater.well.008","KING.W8.20190501.FIL","A00000042428","2019-05-01T17:58Z","2019-05-01T17:58Z","EcoCore_CSU","Fe",0.0005,"milligramsPerLiter",3.2,,0,"formatChange","GOOD"
"59e6976c-101a-43b5-bd6a-a8c4cd9e1106","D06","KING","KING.AOS.groundwater.well.008","KING.W8.20190501.RAW","A00000042429","2019-05-01T17:58Z","2019-05-01T17:58Z","EcoCore_CSU","ANC",3.6500,"milliequivalentsPerLiter",3.2,,0,"formatChange","GOOD"
"050b5de7-1614-43bc-bdce-293e5b5e14ba","D06","KING","KING.AOS.groundwater.well.008","KING.W8.20190501.FIL","A00000042428","2019-05-01T17:58Z","2019-05-01T17:58Z","EcoCore_CSU","TDN",0.1066,"milligramsPerLiter",3.2,,0,"formatChange","GOOD"
"9f51b26b-c25f-4f66-a0d8-ba433d03a4d6","D06","KING","KING.AOS.groundwater.well.008","KING.W8.20190501.RAW","A00000042429","2019-05-01T17:58Z","2019-05-01T17:58Z","EcoCore_CSU","conductivity",413.6800,"microsiemensPerCentimeter",3.2,,0,"formatChange","GOOD"
"d44cb979-d24f-4df3-b0ff-5afec450e7c8","D06","KING","KING.AOS.groundwater.well.008","KING.W8.20190501.RAW","A00000042429","2019-05-01T17:58Z","2019-05-01T17:58Z","EcoCore_CSU","TN",0.1274,"milligramsPerLiter",3.2,,0,"formatChange","GOOD"
"49bce5ad-7e7e-42b8-beb1-15e52ad07441","D06","KING","KING.AOS.groundwater.well.008","KING.W8.20190501.RAW","A00000042429","2019-05-01T17:58Z","2019-05-01T17:58Z","EcoCore_CSU","TSS",14.0000,"milligramsPerLiter",3.2,,0,"formatChange","GOOD"
"ad8109bd-d4b6-4b59-a8cf-3d2246ec207a","D06","KING","KING.AOS.groundwater.well.008","KING.W8.20190501.FIL","A00000042428","2019-05-01T17:58Z","2019-05-01T17:58Z","EcoCore_CSU","NH4 - N",0.0327,"milligramsPerLiter",3.2,,0,"formatChange","GOOD"
"0551e035-68f5-4f05-88db-d507299a39cd","D06","KING","KING.AOS.groundwater.well.008","KING.W8.20190501.FIL","A00000042428","2019-05-01T17:58Z","2019-05-01T17:58Z","EcoCore_CSU","CO3",0.0050,"milligramsPerLiter",3.2,,0,"formatChange","GOOD"
"9cec349c-0397-47f7-8ad4-9356d411d08f","D06","KING","KING.AOS.groundwater.well.008","KING.W8.20190501.FIL","A00000042428","2019-05-01T17:58Z","2019-05-01T17:58Z","EcoCore_CSU","Ortho - P",0.0350,"milligramsPerLiter",3.2,,0,"formatChange","GOOD"
"ca1dd247-1caa-460c-8af5-3472c2a6172c","D06","KING","KING.AOS.groundwater.well.008","KING.W8.20190501.RAW","A00000042429","2019-05-01T17:58Z","2019-05-01T17:58Z","EcoCore_CSU","TP",0.0451,"milligramsPerLiter",3.2,,0,"formatChange","GOOD"
"50bae8a8-c982-43e5-aa82-224127c504c5","D06","KING","KING.AOS.groundwater.well.008","KING.W8.20190501.RAW","A00000042429","2019-05-01T17:58Z","2019-05-01T17:58Z","EcoCore_CSU","TOC",0.8145,"milligramsPerLiter",3.2,,0,"formatChange","GOOD"
"ad790d60-563b-4d59-b6b3-9f2348c72ea8","D06","KING","KING.AOS.groundwater.well.008","KING.W8.20190501.FIL","A00000042428","2019-05-01T17:58Z","2019-05-01T17:58Z","EcoCore_CSU","Mn",0.0005,"milligramsPerLiter",3.2,,0,"formatChange","GOOD"
