uid,domainID,siteID,namedLocation,decimalLatitude,decimalLongitude,coordinateUncertainty,elevation,elevationUncertainty,geodeticDatum,collectDate,aquaticSiteType,samplingImpractical,waterChemSamplesCollected,adequateSampleVol,parentSampleID,eventID,swcSamplingProtocolVersion,sampleExtractionMethod,samplerType,totalWellDepth,wellWaterDepth,waterColumnHeight,sampleDepth,purgeAverageDischargeRate,purgeTime,gwWellStabilized,purgeDryDateTime,pumpPlacementDate,screenedIntervalDepth,maxAllowableDrawdown,actualDrawdown,MADExceeded,wellVolumePurged,probeIDUnavailable,dissolvedOxygen,dissolvedOxygenSaturation,specificConductance,waterTemp,pH,waterClarityDescrip,waterColorDescrip,aCollectedBy,bCollectedBy,remarks
"ee8082bc-0938-45b3-a6d0-d6e2a0328628","D06","KING","KING.AOS.groundwater.well.004",39.104850,-96.603323,0.1,328.6,0.1,"WGS84","2019-05-01T14:21Z","stream",,,"Y","KING.W4.20190501","KING.20190501","NEON.DOC.002905vE","low-flow","Groundwater Pump",8.5,3.8,4.7,4.8,,,,,,,,,,21.7,,9.00,85.00,789.00,11.50,7.17,"clear","colorless","0000-0003-1449-7081","0000-0003-4984-7205","Well depth 8.84 and 400 ml/min discharge good recharge rate"
"5add2fd7-3dab-4f60-9cce-3a65eadb9e84","D06","KING","KING.AOS.groundwater.well.001",39.104728,-96.602945,0.1,329.4,0.1,"WGS84","2019-05-01T15:39Z","stream",,,"Y","KING.W1.20190501","KING.20190501","NEON.DOC.002905vE","low-flow","Groundwater Pump",9.7,4.2,5.6,5.2,,,,,,,,,,0.3,,4.30,40.00,602.00,10.10,7.65,"cloudy","gray","0000-0003-1449-7081","0000-0001-9594-9689","9.74 depth"
"1179f7cf-dce8-4bfb-883e-0335026a7173","D06","KING","KING.AOS.groundwater.well.002",39.104936,-96.602639,0.1,329.1,0.1,"WGS84","2019-05-01T16:57Z","stream",,,"Y","KING.W2.20190501","KING.20190501","NEON.DOC.002905vE","low-flow","Groundwater Pump",6.6,4.8,1.8,5.8,,,,,,,,,,0.3,,6.10,61.00,714.00,13.40,7.10,"clear","brown","0000-0001-9594-9689","0000-0003-1449-7081",
"25c061ab-af61-46f0-9c02-95606271b458","D06","KING","KING.AOS.groundwater.well.008",39.105096,-96.603080,0.1,328.4,0.1,"WGS84","2019-05-01T17:58Z","stream",,,"Y","KING.W8.20190501","KING.20190501","NEON.DOC.002905vE","low-flow","Groundwater Pump",8.4,3.5,4.9,4.5,,,,,,,,,,0.3,,5.60,54.00,691.00,12.50,7.17,"clear","colorless","0000-0001-9594-9689","0000-0003-1449-7081",
