uid,domainID,siteID,namedLocation,collectDate,parentSampleID,sampleCondition,sampleID,replicateNumber,gwwDICBubbleFree,gwwFiltSampleHeadspace,gwwAlkSampleHeadspace,gwwAlkSampleBubbleFree,processedDate,processedDateFilters,sampleVolumeFiltered,shipmentTimeRange
"083f05e5-1a0d-435f-b540-65da6d3ad10c","D06","KING","KING.AOS.groundwater.well.004","2019-05-01T14:21Z","KING.W4.20190501","Sample condition ok","KING.W4.20190501",1,,,,,"2019-05-01T14:35Z","2019-05-01T14:35Z",720.0,
"7198455e-81ef-4ac6-a50a-42520ecef401","D06","KING","KING.AOS.groundwater.well.001","2019-05-01T15:39Z","KING.W1.20190501","Sample condition ok","KING.W1.20190501",1,,,,,"2019-05-01T15:55Z","2019-05-01T15:55Z",265.0,
"e5428272-30ed-4cb3-8924-1a36e2c3b775","D06","KING","KING.AOS.groundwater.well.002","2019-05-01T16:57Z","KING.W2.20190501","Sample condition ok","KING.W2.20190501",1,,,,,"2019-05-01T17:10Z","2019-05-01T17:10Z",210.0,
"b81e1a17-150d-482c-b43f-8440b8547a3e","D06","KING","KING.AOS.groundwater.well.008","2019-05-01T17:58Z","KING.W8.20190501","Sample condition ok","KING.W8.20190501",1,,,,,"2019-05-01T18:13Z","2019-05-01T18:09Z",700.0,
