uid,domainID,siteID,namedLocation,collectDate,titrationDate,parentSampleID,domainSampleID,remarks,measuredBy,alkMeqPerL,alkMgPerL,ancMeqPerL,ancMgPerL
"6f39096e-0113-4bcb-8b91-1151405ee1f8","D06","KING","KING.AOS.groundwater.well.004","2019-05-01T14:21Z","2019-05-01T23:25Z","KING.W4.20190501","KING.W4.20190501.ALK",,"jkukulski",7.320,366.000,,
"84f0875d-e95f-4d26-b840-ccd15a774a71","D06","KING","KING.AOS.groundwater.well.001","2019-05-01T15:39Z","2019-05-02T00:37Z","KING.W1.20190501","KING.W1.20190501.ALK",,"jkukulski",5.710,286.000,,
"d633004e-2064-4c3d-98bf-a4f4d0531d8c","D06","KING","KING.AOS.groundwater.well.002","2019-05-01T16:57Z","2019-05-02T00:16Z","KING.W2.20190501","KING.W2.20190501.ALK",,"jkukulski",6.720,336.000,,
"e9f96658-56b1-4c3e-9c96-94d430831d65","D06","KING","KING.AOS.groundwater.well.008","2019-05-01T17:58Z","2019-05-01T23:55Z","KING.W8.20190501","KING.W8.20190501.ALK",,"jkukulski",6.820,341.000,,
