uid,domainID,siteID,namedLocation,sampleID,sampleCode,startDate,collectDate,laboratoryName,analyte,analyteConcentration,analyteUnits,coolerTemp,remarks,shipmentWarmQF,externalLabDataQF,sampleCondition
"0b99bf4e-0efc-496e-b82c-721a3b83f6f8","D01","HOPB","HOPB.AOS.groundwater.well.002","HOPB.W2.20171019.RAW",,"2017-10-19T12:40Z","2017-10-19T12:40Z","EcoCore_CSU","TSS",1474.0000,"milligramsPerLiter",3.1,,0,"formatChange","GOOD"
"89445324-c1f1-4fb5-9659-3f958d4ed7f4","D01","HOPB","HOPB.AOS.groundwater.well.002","HOPB.W2.20171019.FIL",,"2017-10-19T12:40Z","2017-10-19T12:40Z","EcoCore_CSU","UV Absorbance (280 nm)",,,3.1,"Unknown reason for no analyte concentration as a result of external lab data format change",0,"formatChange","Other"
"75b24bf2-4ba7-40cf-ad6c-1ef421a8655c","D01","HOPB","HOPB.AOS.groundwater.well.002","HOPB.W2.20171019.FIL",,"2017-10-19T12:40Z","2017-10-19T12:40Z","EcoCore_CSU","TDP",,"milligramsPerLiter",3.1,"Unknown reason for no analyte concentration as a result of external lab data format change",0,"formatChange","Other"
"4b3f6944-e949-49cd-bb58-95a05fddf1bc","D01","HOPB","HOPB.AOS.groundwater.well.002","HOPB.W2.20171019.FIL",,"2017-10-19T12:40Z","2017-10-19T12:40Z","EcoCore_CSU","TDS",,"milligramsPerLiter",3.1,"Unknown reason for no analyte concentration as a result of external lab data format change",0,"formatChange","Other"
"7cb7a9bb-20e7-41d9-b122-0b68f333af73","D01","HOPB","HOPB.AOS.groundwater.well.002","HOPB.W2.20171019.FIL",,"2017-10-19T12:40Z","2017-10-19T12:40Z","EcoCore_CSU","SO4",,"milligramsPerLiter",3.1,"Unknown reason for no analyte concentration as a result of external lab data format change",0,"formatChange","Other"
"2a72dbb8-2d8d-452f-b420-e08263dd4a04","D01","HOPB","HOPB.AOS.groundwater.well.002","HOPB.W2.20171019.FIL",,"2017-10-19T12:40Z","2017-10-19T12:40Z","EcoCore_CSU","Na",,"milligramsPerLiter",3.1,"Unknown reason for no analyte concentration as a result of external lab data format change",0,"formatChange","Other"
"e27871c9-f325-4c35-9c00-4451daa86a2d","D01","HOPB","HOPB.AOS.groundwater.well.002","HOPB.W2.20171019.RAW",,"2017-10-19T12:40Z","2017-10-19T12:40Z","EcoCore_CSU","TOC",1.4650,"milligramsPerLiter",3.1,,0,"formatChange","GOOD"
"db39ed84-7137-4c64-9f2c-8dd17fd5251b","D01","HOPB","HOPB.AOS.groundwater.well.002","HOPB.W2.20171019.FIL",,"2017-10-19T12:40Z","2017-10-19T12:40Z","EcoCore_CSU","DOC",,"milligramsPerLiter",3.1,"Unknown reason for no analyte concentration as a result of external lab data format change",0,"formatChange","Other"
"b3560677-e2ae-4c60-8e09-f9649ad93074","D01","HOPB","HOPB.AOS.groundwater.well.002","HOPB.W2.20171019.FIL",,"2017-10-19T12:40Z","2017-10-19T12:40Z","EcoCore_CSU","NO3+NO2 - N",,"milligramsPerLiter",3.1,"Unknown reason for no analyte concentration as a result of external lab data format change",0,"formatChange","Other"
"2b5963e3-7c5a-4e80-a018-a6495ad36841","D01","HOPB","HOPB.AOS.groundwater.well.002","HOPB.W2.20171019.FIL",,"2017-10-19T12:40Z","2017-10-19T12:40Z","EcoCore_CSU","Ortho - P",,"milligramsPerLiter",3.1,"Unknown reason for no analyte concentration as a result of external lab data format change",0,"formatChange","Other"
"71cdf864-0a59-4885-a82e-3df617b3875e","D01","HOPB","HOPB.AOS.groundwater.well.002","HOPB.W2.20171019.FIL",,"2017-10-19T12:40Z","2017-10-19T12:40Z","EcoCore_CSU","HCO3",,"milligramsPerLiter",3.1,"Unknown reason for no analyte concentration as a result of external lab data format change",0,"formatChange","Other"
"7c3e51b5-c2a4-453b-9a10-5cbeb28a2f0b","D01","HOPB","HOPB.AOS.groundwater.well.002","HOPB.W2.20171019.FIL",,"2017-10-19T12:40Z","2017-10-19T12:40Z","EcoCore_CSU","Mn",,"milligramsPerLiter",3.1,"Unknown reason for no analyte concentration as a result of external lab data format change",0,"formatChange","Other"
"e4eaf269-55d5-404f-ba70-4c40fe01e84f","D01","HOPB","HOPB.AOS.groundwater.well.002","HOPB.W2.20171019.FIL",,"2017-10-19T12:40Z","2017-10-19T12:40Z","EcoCore_CSU","DIC",,"milligramsPerLiter",3.1,"Unknown reason for no analyte concentration as a result of external lab data format change",0,"formatChange","Other"
"0723a9cc-5332-4de1-8d51-25af068b9bdb","D01","HOPB","HOPB.AOS.groundwater.well.002","HOPB.W2.20171019.FIL",,"2017-10-19T12:40Z","2017-10-19T12:40Z","EcoCore_CSU","Si",,"milligramsPerLiter",3.1,"Unknown reason for no analyte concentration as a result of external lab data format change",0,"formatChange","Other"
"892b3a2c-37f7-4396-a258-4aa8b0be3f12","D01","HOPB","HOPB.AOS.groundwater.well.002","HOPB.W2.20171019.RAW",,"2017-10-19T12:40Z","2017-10-19T12:40Z","EcoCore_CSU","TP",0.0590,"milligramsPerLiter",3.1,,0,"formatChange","GOOD"
"9673a10d-cc67-4257-a6b2-3ce646a799a3","D01","HOPB","HOPB.AOS.groundwater.well.002","HOPB.W2.20171019.FIL",,"2017-10-19T12:40Z","2017-10-19T12:40Z","EcoCore_CSU","CO3",,"milligramsPerLiter",3.1,"Unknown reason for no analyte concentration as a result of external lab data format change",0,"formatChange","Other"
"a4f8e89a-1384-42db-a100-f041d9a166fc","D01","HOPB","HOPB.AOS.groundwater.well.002","HOPB.W2.20171019.FIL",,"2017-10-19T12:40Z","2017-10-19T12:40Z","EcoCore_CSU","Ca",,"milligramsPerLiter",3.1,"Unknown reason for no analyte concentration as a result of external lab data format change",0,"formatChange","Other"
"ffd8d20a-115e-47ac-a1a8-28b2782400a2","D01","HOPB","HOPB.AOS.groundwater.well.002","HOPB.W2.20171019.RAW",,"2017-10-19T12:40Z","2017-10-19T12:40Z","EcoCore_CSU","conductivity",112.7000,"microsiemensPerCentimeter",3.1,,0,"formatChange","GOOD"
"f4e795a2-29f3-4e81-97b2-b58423e34a44","D01","HOPB","HOPB.AOS.groundwater.well.002","HOPB.W2.20171019.FIL",,"2017-10-19T12:40Z","2017-10-19T12:40Z","EcoCore_CSU","NO2 - N",,"milligramsPerLiter",3.1,"Unknown reason for no analyte concentration as a result of external lab data format change",0,"formatChange","Other"
"69dc3cf1-bbf4-4d3e-b4cf-660507da2c66","D01","HOPB","HOPB.AOS.groundwater.well.002","HOPB.W2.20171019.FIL",,"2017-10-19T12:40Z","2017-10-19T12:40Z","EcoCore_CSU","Fe",,"milligramsPerLiter",3.1,"Unknown reason for no analyte concentration as a result of external lab data format change",0,"formatChange","Other"
"d56ab592-ae30-493a-b64f-c771492a0980","D01","HOPB","HOPB.AOS.groundwater.well.002","HOPB.W2.20171019.FIL",,"2017-10-19T12:40Z","2017-10-19T12:40Z","EcoCore_CSU","F",,"milligramsPerLiter",3.1,"Unknown reason for no analyte concentration as a result of external lab data format change",0,"formatChange","Other"
"f0b02e3f-1aee-4ffd-b0ec-deaa4185fdc9","D01","HOPB","HOPB.AOS.groundwater.well.002","HOPB.W2.20171019.PCN",,"2017-10-19T12:40Z","2017-10-19T12:40Z","EcoCore_CSU","TPC",0.2507,"milligram",3.1,,0,"formatChange","GOOD"
"8a4571a7-f6b7-4e26-ac53-e5e1f53cedec","D01","HOPB","HOPB.AOS.groundwater.well.002","HOPB.W2.20171019.PCN",,"2017-10-19T12:40Z","2017-10-19T12:40Z","EcoCore_CSU","TPN",0.0130,"milligram",3.1,,0,"formatChange","GOOD"
"3e308ff9-f996-4da0-b757-531a1ddc5d40","D01","HOPB","HOPB.AOS.groundwater.well.002","HOPB.W2.20171019.RAW",,"2017-10-19T12:40Z","2017-10-19T12:40Z","EcoCore_CSU","ANC",,"milliequivalentsPerLiter",3.1,"Unknown reason for no analyte concentration as a result of external lab data format change",0,"formatChange","Other"
"702d0ecd-1199-4e71-8837-a3df2c5cca5c","D01","HOPB","HOPB.AOS.groundwater.well.002","HOPB.W2.20171019.FIL",,"2017-10-19T12:40Z","2017-10-19T12:40Z","EcoCore_CSU","Br",,"milligramsPerLiter",3.1,"Unknown reason for no analyte concentration as a result of external lab data format change",0,"formatChange","Other"
"d60f99e2-2c6e-45a1-a7e6-af4d062cf232","D01","HOPB","HOPB.AOS.groundwater.well.002","HOPB.W2.20171019.FIL",,"2017-10-19T12:40Z","2017-10-19T12:40Z","EcoCore_CSU","UV Absorbance (250 nm)",,,3.1,"Unknown reason for no analyte concentration as a result of external lab data format change",0,"formatChange","Other"
"2ed2037f-5be2-481f-a8d9-4d4e9267b70c","D01","HOPB","HOPB.AOS.groundwater.well.002","HOPB.W2.20171019.FIL",,"2017-10-19T12:40Z","2017-10-19T12:40Z","EcoCore_CSU","TDN",,"milligramsPerLiter",3.1,"Unknown reason for no analyte concentration as a result of external lab data format change",0,"formatChange","Other"
"5ee3cb55-6ee3-41c5-9e05-cf9010eb952b","D01","HOPB","HOPB.AOS.groundwater.well.002","HOPB.W2.20171019.RAW",,"2017-10-19T12:40Z","2017-10-19T12:40Z","EcoCore_CSU","TN",0.1983,"milligramsPerLiter",3.1,,0,"formatChange","GOOD"
"b5fa29f1-95c5-4701-aa51-2e169946fc0f","D01","HOPB","HOPB.AOS.groundwater.well.002","HOPB.W2.20171019.FIL",,"2017-10-19T12:40Z","2017-10-19T12:40Z","EcoCore_CSU","Mg",,"milligramsPerLiter",3.1,"Unknown reason for no analyte concentration as a result of external lab data format change",0,"formatChange","Other"
"61043151-9b6f-4a7d-8938-9df1eb863780","D01","HOPB","HOPB.AOS.groundwater.well.002","HOPB.W2.20171019.FIL",,"2017-10-19T12:40Z","2017-10-19T12:40Z","EcoCore_CSU","Cl",,"milligramsPerLiter",3.1,"Unknown reason for no analyte concentration as a result of external lab data format change",0,"formatChange","Other"
"7c4425a6-b4c3-4655-a2a3-7af0caaf4b69","D01","HOPB","HOPB.AOS.groundwater.well.002","HOPB.W2.20171019.RAW",,"2017-10-19T12:40Z","2017-10-19T12:40Z","EcoCore_CSU","TSS - Dry Mass",73700.0000,"microgram",3.1,,0,"formatChange","GOOD"
"fb3ebe32-3452-4f42-b169-ee14f3f4449c","D01","HOPB","HOPB.AOS.groundwater.well.002","HOPB.W2.20171019.FIL",,"2017-10-19T12:40Z","2017-10-19T12:40Z","EcoCore_CSU","K",,"milligramsPerLiter",3.1,"Unknown reason for no analyte concentration as a result of external lab data format change",0,"formatChange","Other"
"bfc1d0f9-239c-4a9f-97f9-c1176a09d3d4","D01","HOPB","HOPB.AOS.groundwater.well.002","HOPB.W2.20171019.FIL",,"2017-10-19T12:40Z","2017-10-19T12:40Z","EcoCore_CSU","NH4 - N",,"milligramsPerLiter",3.1,"Unknown reason for no analyte concentration as a result of external lab data format change",0,"formatChange","Other"
"6cfb10dc-5069-4991-b8cc-50dc26e4767e","D01","HOPB","HOPB.AOS.groundwater.well.002","HOPB.W2.20171019.RAW",,"2017-10-19T12:40Z","2017-10-19T12:40Z","EcoCore_CSU","pH",7.0800,"pH",3.1,,0,"formatChange","GOOD"
"f8aa57e0-ed2b-4b97-afb8-2b5dde158e0e","D01","HOPB","HOPB.AOS.groundwater.well.004","HOPB.W4.20171019.FIL",,"2017-10-19T12:45Z","2017-10-19T12:45Z","EcoCore_CSU","Cl",,"milligramsPerLiter",3.1,"Unknown reason for no analyte concentration as a result of external lab data format change",0,"formatChange","Other"
"264aecfe-73a5-424b-a77c-954e893e883b","D01","HOPB","HOPB.AOS.groundwater.well.004","HOPB.W4.20171019.RAW",,"2017-10-19T12:45Z","2017-10-19T12:45Z","EcoCore_CSU","TOC",2.6590,"milligramsPerLiter",3.1,,0,"formatChange","GOOD"
"964d7e8b-111d-4ef6-a596-83936a688fb0","D01","HOPB","HOPB.AOS.groundwater.well.004","HOPB.W4.20171019.RAW",,"2017-10-19T12:45Z","2017-10-19T12:45Z","EcoCore_CSU","TSS",120.0000,"milligramsPerLiter",3.1,,0,"formatChange","GOOD"
"4a1c4cf9-8642-469e-bdf4-6b6546b474c4","D01","HOPB","HOPB.AOS.groundwater.well.004","HOPB.W4.20171019.FIL",,"2017-10-19T12:45Z","2017-10-19T12:45Z","EcoCore_CSU","Ca",,"milligramsPerLiter",3.1,"Unknown reason for no analyte concentration as a result of external lab data format change",0,"formatChange","Other"
"d305d364-1a00-424d-a6ed-4c1904c2f860","D01","HOPB","HOPB.AOS.groundwater.well.004","HOPB.W4.20171019.FIL",,"2017-10-19T12:45Z","2017-10-19T12:45Z","EcoCore_CSU","Br",,"milligramsPerLiter",3.1,"Unknown reason for no analyte concentration as a result of external lab data format change",0,"formatChange","Other"
"c1510738-f7ce-47af-bb5a-b6459a635e7a","D01","HOPB","HOPB.AOS.groundwater.well.004","HOPB.W4.20171019.FIL",,"2017-10-19T12:45Z","2017-10-19T12:45Z","EcoCore_CSU","TDP",,"milligramsPerLiter",3.1,"Unknown reason for no analyte concentration as a result of external lab data format change",0,"formatChange","Other"
"dbc05dbb-0def-47ba-990d-7461ee1dd487","D01","HOPB","HOPB.AOS.groundwater.well.004","HOPB.W4.20171019.FIL",,"2017-10-19T12:45Z","2017-10-19T12:45Z","EcoCore_CSU","K",,"milligramsPerLiter",3.1,"Unknown reason for no analyte concentration as a result of external lab data format change",0,"formatChange","Other"
"3f82ebe5-a65a-45a6-8291-42bca479b175","D01","HOPB","HOPB.AOS.groundwater.well.004","HOPB.W4.20171019.FIL",,"2017-10-19T12:45Z","2017-10-19T12:45Z","EcoCore_CSU","Si",,"milligramsPerLiter",3.1,"Unknown reason for no analyte concentration as a result of external lab data format change",0,"formatChange","Other"
"a75f1dea-2549-4ee7-a16a-77e54c4b6ede","D01","HOPB","HOPB.AOS.groundwater.well.004","HOPB.W4.20171019.FIL",,"2017-10-19T12:45Z","2017-10-19T12:45Z","EcoCore_CSU","CO3",,"milligramsPerLiter",3.1,"Unknown reason for no analyte concentration as a result of external lab data format change",0,"formatChange","Other"
"c0a22528-4d58-4f2f-ac81-dcfbfe984e69","D01","HOPB","HOPB.AOS.groundwater.well.004","HOPB.W4.20171019.FIL",,"2017-10-19T12:45Z","2017-10-19T12:45Z","EcoCore_CSU","TDS",,"milligramsPerLiter",3.1,"Unknown reason for no analyte concentration as a result of external lab data format change",0,"formatChange","Other"
"2e3c432f-0b83-4a23-963a-ba9fae14493a","D01","HOPB","HOPB.AOS.groundwater.well.004","HOPB.W4.20171019.PCN",,"2017-10-19T12:45Z","2017-10-19T12:45Z","EcoCore_CSU","TPN",0.0929,"milligram",3.1,,0,"formatChange","GOOD"
"c14155c5-497a-43cd-97f9-11be71d814c8","D01","HOPB","HOPB.AOS.groundwater.well.004","HOPB.W4.20171019.RAW",,"2017-10-19T12:45Z","2017-10-19T12:45Z","EcoCore_CSU","ANC",,"milliequivalentsPerLiter",3.1,"Unknown reason for no analyte concentration as a result of external lab data format change",0,"formatChange","Other"
"a1146ccc-281a-4965-9a8d-1ed7d54cd540","D01","HOPB","HOPB.AOS.groundwater.well.004","HOPB.W4.20171019.FIL",,"2017-10-19T12:45Z","2017-10-19T12:45Z","EcoCore_CSU","SO4",,"milligramsPerLiter",3.1,"Unknown reason for no analyte concentration as a result of external lab data format change",0,"formatChange","Other"
"4515c8f0-9672-4cfa-9d7a-88830a9807bd","D01","HOPB","HOPB.AOS.groundwater.well.004","HOPB.W4.20171019.FIL",,"2017-10-19T12:45Z","2017-10-19T12:45Z","EcoCore_CSU","NO2 - N",,"milligramsPerLiter",3.1,"Unknown reason for no analyte concentration as a result of external lab data format change",0,"formatChange","Other"
"703b551e-7a7f-4ec3-9391-0c9348bd34f2","D01","HOPB","HOPB.AOS.groundwater.well.004","HOPB.W4.20171019.FIL",,"2017-10-19T12:45Z","2017-10-19T12:45Z","EcoCore_CSU","Mg",,"milligramsPerLiter",3.1,"Unknown reason for no analyte concentration as a result of external lab data format change",0,"formatChange","Other"
"2c8481a3-f691-4f46-a3a7-e7e725730706","D01","HOPB","HOPB.AOS.groundwater.well.004","HOPB.W4.20171019.FIL",,"2017-10-19T12:45Z","2017-10-19T12:45Z","EcoCore_CSU","F",,"milligramsPerLiter",3.1,"Unknown reason for no analyte concentration as a result of external lab data format change",0,"formatChange","Other"
"6ac160d5-e36a-454a-a2dd-41503e7f0bdd","D01","HOPB","HOPB.AOS.groundwater.well.004","HOPB.W4.20171019.RAW",,"2017-10-19T12:45Z","2017-10-19T12:45Z","EcoCore_CSU","TSS - Dry Mass",6000.0000,"microgram",3.1,,0,"formatChange","GOOD"
"2d8feaee-6ceb-4e2b-b9a3-a38a07857c99","D01","HOPB","HOPB.AOS.groundwater.well.004","HOPB.W4.20171019.FIL",,"2017-10-19T12:45Z","2017-10-19T12:45Z","EcoCore_CSU","DIC",,"milligramsPerLiter",3.1,"Unknown reason for no analyte concentration as a result of external lab data format change",0,"formatChange","Other"
"7699ef03-55f8-4522-aa36-5123305aa1c9","D01","HOPB","HOPB.AOS.groundwater.well.004","HOPB.W4.20171019.RAW",,"2017-10-19T12:45Z","2017-10-19T12:45Z","EcoCore_CSU","pH",6.8500,"pH",3.1,,0,"formatChange","GOOD"
"f7802254-3cda-40c0-b11f-4d0dcba0cd69","D01","HOPB","HOPB.AOS.groundwater.well.004","HOPB.W4.20171019.FIL",,"2017-10-19T12:45Z","2017-10-19T12:45Z","EcoCore_CSU","NH4 - N",,"milligramsPerLiter",3.1,"Unknown reason for no analyte concentration as a result of external lab data format change",0,"formatChange","Other"
"418ebdf9-021b-4f2b-be0a-a806dcefd0e2","D01","HOPB","HOPB.AOS.groundwater.well.004","HOPB.W4.20171019.FIL",,"2017-10-19T12:45Z","2017-10-19T12:45Z","EcoCore_CSU","Ortho - P",,"milligramsPerLiter",3.1,"Unknown reason for no analyte concentration as a result of external lab data format change",0,"formatChange","Other"
"5dc423ab-f6ac-48ab-8372-b277156f71fb","D01","HOPB","HOPB.AOS.groundwater.well.004","HOPB.W4.20171019.RAW",,"2017-10-19T12:45Z","2017-10-19T12:45Z","EcoCore_CSU","conductivity",130.5000,"microsiemensPerCentimeter",3.1,,0,"formatChange","GOOD"
"64f7cde0-4a8a-43a3-b681-40540250a958","D01","HOPB","HOPB.AOS.groundwater.well.004","HOPB.W4.20171019.FIL",,"2017-10-19T12:45Z","2017-10-19T12:45Z","EcoCore_CSU","TDN",,"milligramsPerLiter",3.1,"Unknown reason for no analyte concentration as a result of external lab data format change",0,"formatChange","Other"
"5c92fc7a-2af5-4bda-9cb2-00804168f4cd","D01","HOPB","HOPB.AOS.groundwater.well.004","HOPB.W4.20171019.FIL",,"2017-10-19T12:45Z","2017-10-19T12:45Z","EcoCore_CSU","NO3+NO2 - N",,"milligramsPerLiter",3.1,"Unknown reason for no analyte concentration as a result of external lab data format change",0,"formatChange","Other"
"9aa8e5e3-3f92-4f86-8200-f81a07aac306","D01","HOPB","HOPB.AOS.groundwater.well.004","HOPB.W4.20171019.FIL",,"2017-10-19T12:45Z","2017-10-19T12:45Z","EcoCore_CSU","Mn",,"milligramsPerLiter",3.1,"Unknown reason for no analyte concentration as a result of external lab data format change",0,"formatChange","Other"
"d843cc47-7fa4-43a6-b8fb-d879a2a040d0","D01","HOPB","HOPB.AOS.groundwater.well.004","HOPB.W4.20171019.PCN",,"2017-10-19T12:45Z","2017-10-19T12:45Z","EcoCore_CSU","TPC",0.2664,"milligram",3.1,,0,"formatChange","GOOD"
"329b4aff-9686-4643-bd32-e83dc9fc5a4d","D01","HOPB","HOPB.AOS.groundwater.well.004","HOPB.W4.20171019.FIL",,"2017-10-19T12:45Z","2017-10-19T12:45Z","EcoCore_CSU","DOC",,"milligramsPerLiter",3.1,"Unknown reason for no analyte concentration as a result of external lab data format change",0,"formatChange","Other"
"311a4d00-9d2f-435f-aa9b-e291356a206d","D01","HOPB","HOPB.AOS.groundwater.well.004","HOPB.W4.20171019.FIL",,"2017-10-19T12:45Z","2017-10-19T12:45Z","EcoCore_CSU","Na",,"milligramsPerLiter",3.1,"Unknown reason for no analyte concentration as a result of external lab data format change",0,"formatChange","Other"
"8d7275fe-c4e7-4b84-bdd1-c743fb4683b1","D01","HOPB","HOPB.AOS.groundwater.well.004","HOPB.W4.20171019.RAW",,"2017-10-19T12:45Z","2017-10-19T12:45Z","EcoCore_CSU","TN",0.2635,"milligramsPerLiter",3.1,,0,"formatChange","GOOD"
"dd17b0ad-32f1-4963-8e3e-ea7a66cbc0ea","D01","HOPB","HOPB.AOS.groundwater.well.004","HOPB.W4.20171019.RAW",,"2017-10-19T12:45Z","2017-10-19T12:45Z","EcoCore_CSU","TP",0.0920,"milligramsPerLiter",3.1,,0,"formatChange","GOOD"
"9670dd69-87f4-4e0c-86c5-6c1524a3ff7f","D01","HOPB","HOPB.AOS.groundwater.well.004","HOPB.W4.20171019.FIL",,"2017-10-19T12:45Z","2017-10-19T12:45Z","EcoCore_CSU","HCO3",,"milligramsPerLiter",3.1,"Unknown reason for no analyte concentration as a result of external lab data format change",0,"formatChange","Other"
"0171633a-6ca1-48e7-8ee7-328a26308298","D01","HOPB","HOPB.AOS.groundwater.well.004","HOPB.W4.20171019.FIL",,"2017-10-19T12:45Z","2017-10-19T12:45Z","EcoCore_CSU","UV Absorbance (250 nm)",,,3.1,"Unknown reason for no analyte concentration as a result of external lab data format change",0,"formatChange","Other"
"578434b1-d79b-4c40-8da5-13573e3d175c","D01","HOPB","HOPB.AOS.groundwater.well.004","HOPB.W4.20171019.FIL",,"2017-10-19T12:45Z","2017-10-19T12:45Z","EcoCore_CSU","Fe",,"milligramsPerLiter",3.1,"Unknown reason for no analyte concentration as a result of external lab data format change",0,"formatChange","Other"
"f475789c-70b8-482c-86fb-56244b69feea","D01","HOPB","HOPB.AOS.groundwater.well.004","HOPB.W4.20171019.FIL",,"2017-10-19T12:45Z","2017-10-19T12:45Z","EcoCore_CSU","UV Absorbance (280 nm)",,,3.1,"Unknown reason for no analyte concentration as a result of external lab data format change",0,"formatChange","Other"
