uid,domainID,siteID,namedLocation,decimalLatitude,decimalLongitude,coordinateUncertainty,elevation,elevationUncertainty,geodeticDatum,collectDate,aquaticSiteType,samplingImpractical,waterChemSamplesCollected,adequateSampleVol,parentSampleID,eventID,swcSamplingProtocolVersion,sampleExtractionMethod,samplerType,totalWellDepth,wellWaterDepth,waterColumnHeight,sampleDepth,purgeAverageDischargeRate,purgeTime,gwWellStabilized,purgeDryDateTime,pumpPlacementDate,screenedIntervalDepth,maxAllowableDrawdown,actualDrawdown,MADExceeded,wellVolumePurged,probeIDUnavailable,dissolvedOxygen,dissolvedOxygenSaturation,specificConductance,waterTemp,pH,waterClarityDescrip,waterColorDescrip,aCollectedBy,bCollectedBy,remarks
"2c17293f-9acb-4c67-8e59-0e04c9a0e05d","D06","MCDI","MCDI.AOS.groundwater.well.002",38.947494,-96.444025,0.1,380.6,0.1,"WGS84","2020-07-07T15:52Z","stream",,"Y","Y","MCDI.W2.20200707","MCDI.20200707","NEON.DOC.002905vG","low-flow","Groundwater Pump",10.0,8.1,1.9,9.1,171.6,19.0,,,,,,,,3.3,,1.94,21.40,603.00,18.70,7.22,"cloudy","brown","0000-0003-1449-7081","0000-0002-2135-1091",
"66df5321-1d73-4c5b-b8bc-05641a3f3379","D06","MCDI","MCDI.AOS.groundwater.well.006",38.946384,-96.442827,0.1,377.9,0.1,"WGS84","2020-07-08T13:19Z","stream",,"Y","Y","MCDI.W6.20200708","MCDI.20200708","NEON.DOC.002905vG","low-flow","Grab",8.1,6.3,1.8,,200.0,10.0,,,,,,,,2.0,,0.72,6.20,637.00,13.90,7.28,"cloudy","colorless","0000-0003-1449-7081","0000-0001-9594-9689",
"6ea6a123-e156-43f3-980a-1987132fc52e","D06","MCDI","MCDI.AOS.groundwater.well.005",38.946577,-96.443425,0.1,377.2,0.1,"WGS84","2020-07-08T15:07Z","stream",,"Y","Y","MCDI.W5.20200708","MCDI.20200708","NEON.DOC.002905vG","low-flow","Grab",7.0,5.3,1.7,,250.0,16.0,,,,,,,,4.0,,1.72,16.20,609.00,13.80,7.67,"clear","brown","0000-0003-1449-7081","0000-0002-2135-1091",
"bd0f78fc-f2e7-4485-b47f-0a88b2070e7b","D06","MCDI","MCDI.AOS.groundwater.well.004",38.946864,-96.444102,0.1,377.4,0.1,"WGS84","2020-07-08T16:33Z","stream",,"Y","Y","MCDI.W4.20200708","MCDI.20200708","NEON.DOC.002905vG","low-flow","Grab",8.1,5.3,2.8,,300.0,15.0,,,,,,,,4.5,,0.28,2.90,716.00,15.40,10.54,"clear","colorless","0000-0003-1449-7081","0000-0002-2135-1091",
