uid,domainID,siteID,namedLocation,collectDate,parentSampleID,sampleCondition,sampleID,replicateNumber,gwwDICBubbleFree,gwwFiltSampleHeadspace,gwwAlkSampleHeadspace,gwwAlkSampleBubbleFree,processedDate,processedDateFilters,sampleVolumeFiltered,shipmentTimeRange
"9098ed56-efea-45e1-85e0-0866c8fea9a4","D06","MCDI","MCDI.AOS.groundwater.well.002","2020-07-07T15:52Z","MCDI.W2.20200707","Sample condition ok","MCDI.W2.20200707",1,,,,,"2020-07-07T15:52Z","2020-07-07T16:10Z",90.0,"within 24 hours of collection"
"9fdd94ef-05cd-4c0e-b49e-aeaf424b272c","D06","MCDI","MCDI.AOS.groundwater.well.006","2020-07-08T13:19Z","MCDI.W6.20200708","Sample condition ok","MCDI.W6.20200708",1,,,,,"2020-07-08T13:45Z","2020-07-08T13:45Z",200.0,"within 24 hours of collection"
"94cb842a-deac-48aa-8f17-d2e495a14257","D06","MCDI","MCDI.AOS.groundwater.well.005","2020-07-08T15:07Z","MCDI.W5.20200708","Sample condition ok","MCDI.W5.20200708",1,,,,,"2020-07-08T15:20Z","2020-07-08T15:20Z",170.0,"within 24 hours of collection"
"190c7217-c572-4502-b1c2-94d7586a961f","D06","MCDI","MCDI.AOS.groundwater.well.004","2020-07-08T16:33Z","MCDI.W4.20200708","Sample condition ok","MCDI.W4.20200708",1,,,,,"2020-07-08T16:46Z","2020-07-08T16:46Z",1710.0,"within 24 hours of collection"
