uid,domainID,siteID,namedLocation,sampleID,sampleCode,startDate,collectDate,laboratoryName,analyte,analyteConcentration,analyteUnits,coolerTemp,remarks,shipmentWarmQF,externalLabDataQF,sampleCondition
"ce4f557e-c80f-4124-beef-e801277d4e8e","D04","GUIL","GUIL.AOS.groundwater.well.005","GUIL.W5.20170531.FIL",,"2017-05-31T12:46Z","2017-05-31T12:46Z","EcoCore_CSU","DIC",38.4000,"milligramsPerLiter",5.7,,0,"formatChange|legacyData","GOOD"
"2a888710-4f8b-4641-9fc4-f3cf039541e2","D04","GUIL","GUIL.AOS.groundwater.well.005","GUIL.W5.20170531.RAW",,"2017-05-31T12:46Z","2017-05-31T12:46Z","EcoCore_CSU","ANC",2.5200,"milliequivalentsPerLiter",5.7,,0,"formatChange|legacyData","GOOD"
"2f234deb-9380-4247-84c4-e95ce1f62872","D04","GUIL","GUIL.AOS.groundwater.well.005","GUIL.W5.20170531.FIL",,"2017-05-31T12:46Z","2017-05-31T12:46Z","EcoCore_CSU","Fe",0.0005,"milligramsPerLiter",5.7,,0,"formatChange|legacyData","GOOD"
"88d70d0b-9ddb-49a8-9874-966910900736","D04","GUIL","GUIL.AOS.groundwater.well.005","GUIL.W5.20170531.FIL",,"2017-05-31T12:46Z","2017-05-31T12:46Z","EcoCore_CSU","UV Absorbance (280 nm)",,,5.7,"Unknown reason for no analyte concentration as a result of external lab data format change",0,"formatChange|legacyData","Other"
"3fd1ad87-02fe-47f2-90fd-d9fd4d3a3323","D04","GUIL","GUIL.AOS.groundwater.well.005","GUIL.W5.20170531.FIL",,"2017-05-31T12:46Z","2017-05-31T12:46Z","EcoCore_CSU","DOC",0.6703,"milligramsPerLiter",5.7,,0,"formatChange|legacyData","GOOD"
"0499ccb4-0063-4f80-bc61-15e5bf5cda64","D04","GUIL","GUIL.AOS.groundwater.well.005","GUIL.W5.20170531.FIL",,"2017-05-31T12:46Z","2017-05-31T12:46Z","EcoCore_CSU","Mg",9.2350,"milligramsPerLiter",5.7,,0,"formatChange|legacyData","GOOD"
"70699b17-9f3c-4c57-a1f0-12213ea3b8f5","D04","GUIL","GUIL.AOS.groundwater.well.005","GUIL.W5.20170531.FIL",,"2017-05-31T12:46Z","2017-05-31T12:46Z","EcoCore_CSU","Ortho - P",0.0700,"milligramsPerLiter",5.7,,0,"formatChange|legacyData","GOOD"
"1cac14db-4dd9-444b-9eb8-82812b4e6a5d","D04","GUIL","GUIL.AOS.groundwater.well.005","GUIL.W5.20170531.RAW",,"2017-05-31T12:46Z","2017-05-31T12:46Z","EcoCore_CSU","pH",6.5100,"pH",5.7,,0,"formatChange|legacyData","GOOD"
"c3410be0-c618-460f-b1ad-cfe32de0a547","D04","GUIL","GUIL.AOS.groundwater.well.005","GUIL.W5.20170531.RAW",,"2017-05-31T12:46Z","2017-05-31T12:46Z","EcoCore_CSU","TSS - Dry Mass",63900.0000,"microgram",5.7,,0,"formatChange|legacyData","GOOD"
"e7ecf157-f41e-479d-b5fc-14107a584673","D04","GUIL","GUIL.AOS.groundwater.well.005","GUIL.W5.20170531.FIL",,"2017-05-31T12:46Z","2017-05-31T12:46Z","EcoCore_CSU","NO2 - N",0.0120,"milligramsPerLiter",5.7,,0,"formatChange|legacyData","GOOD"
"ebfb79ee-aff3-488b-829c-6c29a308b324","D04","GUIL","GUIL.AOS.groundwater.well.005","GUIL.W5.20170531.FIL",,"2017-05-31T12:46Z","2017-05-31T12:46Z","EcoCore_CSU","CO3",0.0000,"milligramsPerLiter",5.7,,0,"formatChange|legacyData","GOOD"
"b840e680-4076-40fc-bef2-898d3c9a8adf","D04","GUIL","GUIL.AOS.groundwater.well.005","GUIL.W5.20170531.FIL",,"2017-05-31T12:46Z","2017-05-31T12:46Z","EcoCore_CSU","F",0.1800,"milligramsPerLiter",5.7,,0,"formatChange|legacyData","GOOD"
"c5df7b85-baf9-4859-9c9a-c6a76138ee55","D04","GUIL","GUIL.AOS.groundwater.well.005","GUIL.W5.20170531.FIL",,"2017-05-31T12:46Z","2017-05-31T12:46Z","EcoCore_CSU","Ca",37.3150,"milligramsPerLiter",5.7,,0,"formatChange|legacyData","GOOD"
"f04c9feb-9aac-44be-bb93-0ffff746ad86","D04","GUIL","GUIL.AOS.groundwater.well.005","GUIL.W5.20170531.FIL",,"2017-05-31T12:46Z","2017-05-31T12:46Z","EcoCore_CSU","Mn",0.0930,"milligramsPerLiter",5.7,,0,"formatChange|legacyData","GOOD"
"d93babeb-77e8-4ad3-b53a-4d50cfd20e98","D04","GUIL","GUIL.AOS.groundwater.well.005","GUIL.W5.20170531.RAW",,"2017-05-31T12:46Z","2017-05-31T12:46Z","EcoCore_CSU","TOC",0.8044,"milligramsPerLiter",5.7,,0,"formatChange|legacyData","GOOD"
"20293314-3078-4841-9708-5861ccd25551","D04","GUIL","GUIL.AOS.groundwater.well.005","GUIL.W5.20170531.PCN",,"2017-05-31T12:46Z","2017-05-31T12:46Z","EcoCore_CSU","TPC",0.2506,"milligram",5.7,,0,"formatChange|legacyData","GOOD"
"b323a5f4-9fa4-498a-802f-d5dd1c4de4be","D04","GUIL","GUIL.AOS.groundwater.well.005","GUIL.W5.20170531.FIL",,"2017-05-31T12:46Z","2017-05-31T12:46Z","EcoCore_CSU","TDN",0.8915,"milligramsPerLiter",5.7,,0,"formatChange|legacyData","GOOD"
"0f668fc8-492c-4382-9920-a87f16b95b37","D04","GUIL","GUIL.AOS.groundwater.well.005","GUIL.W5.20170531.RAW",,"2017-05-31T12:46Z","2017-05-31T12:46Z","EcoCore_CSU","TSS",2556.0000,"milligramsPerLiter",5.7,,0,"formatChange|legacyData","GOOD"
"a007211c-8aa6-4ad1-9aa9-52d7f9adfd07","D04","GUIL","GUIL.AOS.groundwater.well.005","GUIL.W5.20170531.FIL",,"2017-05-31T12:46Z","2017-05-31T12:46Z","EcoCore_CSU","Na",8.1230,"milligramsPerLiter",5.7,,0,"formatChange|legacyData","GOOD"
"b9864acb-94d0-43f6-8950-a1b7e0f1cb61","D04","GUIL","GUIL.AOS.groundwater.well.005","GUIL.W5.20170531.FIL",,"2017-05-31T12:46Z","2017-05-31T12:46Z","EcoCore_CSU","HCO3",152.2800,"milligramsPerLiter",5.7,,0,"formatChange|legacyData","GOOD"
"722fe458-86ac-4477-bdda-951deb2e1952","D04","GUIL","GUIL.AOS.groundwater.well.005","GUIL.W5.20170531.FIL",,"2017-05-31T12:46Z","2017-05-31T12:46Z","EcoCore_CSU","UV Absorbance (250 nm)",,,5.7,"Unknown reason for no analyte concentration as a result of external lab data format change",0,"formatChange|legacyData","Other"
"49e1c4fa-0063-42f9-b7bd-715c3b34d012","D04","GUIL","GUIL.AOS.groundwater.well.005","GUIL.W5.20170531.PCN",,"2017-05-31T12:46Z","2017-05-31T12:46Z","EcoCore_CSU","TPN",0.1277,"milligram",5.7,,0,"formatChange|legacyData","GOOD"
"7b3ff602-118e-4fc4-8ee9-5d2ca72c251f","D04","GUIL","GUIL.AOS.groundwater.well.005","GUIL.W5.20170531.FIL",,"2017-05-31T12:46Z","2017-05-31T12:46Z","EcoCore_CSU","TDS",212.9000,"milligramsPerLiter",5.7,,0,"formatChange|legacyData","GOOD"
"69325bb5-ac05-40ea-9773-4bf32c8b66c4","D04","GUIL","GUIL.AOS.groundwater.well.005","GUIL.W5.20170531.RAW",,"2017-05-31T12:46Z","2017-05-31T12:46Z","EcoCore_CSU","TN",0.9458,"milligramsPerLiter",5.7,,0,"formatChange|legacyData","GOOD"
"a8dfa25e-da80-4cd8-ac88-17ba005c29da","D04","GUIL","GUIL.AOS.groundwater.well.005","GUIL.W5.20170531.RAW",,"2017-05-31T12:46Z","2017-05-31T12:46Z","EcoCore_CSU","conductivity",301.8000,"microsiemensPerCentimeter",5.7,,0,"formatChange|legacyData","GOOD"
"70ba0819-72fe-4ad0-853d-41f2e498ad72","D04","GUIL","GUIL.AOS.groundwater.well.005","GUIL.W5.20170531.FIL",,"2017-05-31T12:46Z","2017-05-31T12:46Z","EcoCore_CSU","Br",0.0050,"milligramsPerLiter",5.7,,0,"formatChange|legacyData","GOOD"
"5d65b6b3-00f3-481e-814e-95b7a2649279","D04","GUIL","GUIL.AOS.groundwater.well.005","GUIL.W5.20170531.FIL",,"2017-05-31T12:46Z","2017-05-31T12:46Z","EcoCore_CSU","SO4",17.4500,"milligramsPerLiter",5.7,,0,"formatChange|legacyData","GOOD"
"61d0bc67-a624-4586-b056-b8137adc412c","D04","GUIL","GUIL.AOS.groundwater.well.005","GUIL.W5.20170531.RAW",,"2017-05-31T12:46Z","2017-05-31T12:46Z","EcoCore_CSU","TP",0.4960,"milligramsPerLiter",5.7,,0,"formatChange|legacyData","GOOD"
"464687c6-98c1-4dfe-a2ca-c8e084f00a10","D04","GUIL","GUIL.AOS.groundwater.well.005","GUIL.W5.20170531.FIL",,"2017-05-31T12:46Z","2017-05-31T12:46Z","EcoCore_CSU","NH4 - N",0.0850,"milligramsPerLiter",5.7,,0,"formatChange|legacyData","GOOD"
"68410caa-995b-427d-89e9-38e29967bdb1","D04","GUIL","GUIL.AOS.groundwater.well.005","GUIL.W5.20170531.FIL",,"2017-05-31T12:46Z","2017-05-31T12:46Z","EcoCore_CSU","Cl",3.2200,"milligramsPerLiter",5.7,,0,"formatChange|legacyData","GOOD"
"8d8f2e14-7bda-4698-b9b1-2cda20dc4b02","D04","GUIL","GUIL.AOS.groundwater.well.005","GUIL.W5.20170531.FIL",,"2017-05-31T12:46Z","2017-05-31T12:46Z","EcoCore_CSU","K",0.5620,"milligramsPerLiter",5.7,,0,"formatChange|legacyData","GOOD"
"b2bc17f5-ee34-4992-b99d-b7492627aab7","D04","GUIL","GUIL.AOS.groundwater.well.005","GUIL.W5.20170531.FIL",,"2017-05-31T12:46Z","2017-05-31T12:46Z","EcoCore_CSU","TDP",0.0850,"milligramsPerLiter",5.7,,0,"formatChange|legacyData","GOOD"
"cda0012e-57d4-4aa0-a790-5bb3d3fdef03","D04","GUIL","GUIL.AOS.groundwater.well.005","GUIL.W5.20170531.FIL",,"2017-05-31T12:46Z","2017-05-31T12:46Z","EcoCore_CSU","Si",16.8000,"milligramsPerLiter",5.7,,0,"formatChange|legacyData","GOOD"
"43460bd8-3913-4513-a673-4b46b1b666fd","D04","GUIL","GUIL.AOS.groundwater.well.005","GUIL.W5.20170531.FIL",,"2017-05-31T12:46Z","2017-05-31T12:46Z","EcoCore_CSU","NO3+NO2 - N",0.8470,"milligramsPerLiter",5.7,,0,"formatChange|legacyData","GOOD"
"78603f7d-308e-451d-9323-f61e2d335a58","D04","GUIL","GUIL.AOS.groundwater.well.006","GUIL.W6.20170531.FIL",,"2017-05-31T14:40Z","2017-05-31T14:40Z","EcoCore_CSU","Mg",18.2250,"milligramsPerLiter",5.7,,0,"formatChange|legacyData","GOOD"
"4e2560f4-f36c-46fa-8589-114e4d5b330a","D04","GUIL","GUIL.AOS.groundwater.well.006","GUIL.W6.20170531.FIL",,"2017-05-31T14:40Z","2017-05-31T14:40Z","EcoCore_CSU","Ortho - P",0.0370,"milligramsPerLiter",5.7,,0,"formatChange|legacyData","GOOD"
"54998724-14f7-4b6a-8c01-19bff1213adf","D04","GUIL","GUIL.AOS.groundwater.well.006","GUIL.W6.20170531.FIL",,"2017-05-31T14:40Z","2017-05-31T14:40Z","EcoCore_CSU","Cl",20.1200,"milligramsPerLiter",5.7,,0,"formatChange|legacyData","GOOD"
"b63785b0-6f62-4040-bd64-65f980a40019","D04","GUIL","GUIL.AOS.groundwater.well.006","GUIL.W6.20170531.PCN",,"2017-05-31T14:40Z","2017-05-31T14:40Z","EcoCore_CSU","TPN",0.0997,"milligram",5.7,,0,"formatChange|legacyData","GOOD"
"53f878e9-ea49-4001-bef6-397643d1f8d0","D04","GUIL","GUIL.AOS.groundwater.well.006","GUIL.W6.20170531.FIL",,"2017-05-31T14:40Z","2017-05-31T14:40Z","EcoCore_CSU","NO2 - N",0.0130,"milligramsPerLiter",5.7,,0,"formatChange|legacyData","GOOD"
"59e9c31b-251d-4352-b54f-bb6a5d69959c","D04","GUIL","GUIL.AOS.groundwater.well.006","GUIL.W6.20170531.RAW",,"2017-05-31T14:40Z","2017-05-31T14:40Z","EcoCore_CSU","conductivity",510.9000,"microsiemensPerCentimeter",5.7,,0,"formatChange|legacyData","GOOD"
"56a75f05-6755-44e5-b7cd-83ad4ecf3181","D04","GUIL","GUIL.AOS.groundwater.well.006","GUIL.W6.20170531.RAW",,"2017-05-31T14:40Z","2017-05-31T14:40Z","EcoCore_CSU","pH",6.9100,"pH",5.7,,0,"formatChange|legacyData","GOOD"
"7f9dbdb2-3e8e-46a0-a004-682ad488a1ac","D04","GUIL","GUIL.AOS.groundwater.well.006","GUIL.W6.20170531.PCN",,"2017-05-31T14:40Z","2017-05-31T14:40Z","EcoCore_CSU","TPC",0.2591,"milligram",5.7,,0,"formatChange|legacyData","GOOD"
"ed5821da-78db-4aa3-9539-6afbc7d30f1a","D04","GUIL","GUIL.AOS.groundwater.well.006","GUIL.W6.20170531.FIL",,"2017-05-31T14:40Z","2017-05-31T14:40Z","EcoCore_CSU","DOC",0.4540,"milligramsPerLiter",5.7,,0,"formatChange|legacyData","GOOD"
"9d524d47-5c97-40b3-8095-2453ed2bc331","D04","GUIL","GUIL.AOS.groundwater.well.006","GUIL.W6.20170531.FIL",,"2017-05-31T14:40Z","2017-05-31T14:40Z","EcoCore_CSU","NO3+NO2 - N",4.9190,"milligramsPerLiter",5.7,,0,"formatChange|legacyData","GOOD"
"09a691d7-2fca-4f64-8bb6-af79edbe5255","D04","GUIL","GUIL.AOS.groundwater.well.006","GUIL.W6.20170531.FIL",,"2017-05-31T14:40Z","2017-05-31T14:40Z","EcoCore_CSU","F",0.1500,"milligramsPerLiter",5.7,,0,"formatChange|legacyData","GOOD"
"fcb3650f-ab11-4437-8533-16a5765a916b","D04","GUIL","GUIL.AOS.groundwater.well.006","GUIL.W6.20170531.RAW",,"2017-05-31T14:40Z","2017-05-31T14:40Z","EcoCore_CSU","ANC",3.5000,"milliequivalentsPerLiter",5.7,,0,"formatChange|legacyData","GOOD"
"8db0a07b-4d57-43c2-8294-f045cc0b89e5","D04","GUIL","GUIL.AOS.groundwater.well.006","GUIL.W6.20170531.FIL",,"2017-05-31T14:40Z","2017-05-31T14:40Z","EcoCore_CSU","SO4",29.9100,"milligramsPerLiter",5.7,,0,"formatChange|legacyData","GOOD"
"64a3a3cc-1183-4ecb-9938-21ff4d9174ca","D04","GUIL","GUIL.AOS.groundwater.well.006","GUIL.W6.20170531.FIL",,"2017-05-31T14:40Z","2017-05-31T14:40Z","EcoCore_CSU","TDP",0.1530,"milligramsPerLiter",5.7,,0,"formatChange|legacyData","GOOD"
"ac02723b-4b4c-417c-b32f-913f84150083","D04","GUIL","GUIL.AOS.groundwater.well.006","GUIL.W6.20170531.FIL",,"2017-05-31T14:40Z","2017-05-31T14:40Z","EcoCore_CSU","TDS",358.8000,"milligramsPerLiter",5.7,,0,"formatChange|legacyData","GOOD"
"2a304ff9-d522-4966-9767-4a30ae6efa1b","D04","GUIL","GUIL.AOS.groundwater.well.006","GUIL.W6.20170531.FIL",,"2017-05-31T14:40Z","2017-05-31T14:40Z","EcoCore_CSU","Na",20.3880,"milligramsPerLiter",5.7,,0,"formatChange|legacyData","GOOD"
"f7f9c9f0-0681-4be2-a451-77d3b8b24e4e","D04","GUIL","GUIL.AOS.groundwater.well.006","GUIL.W6.20170531.FIL",,"2017-05-31T14:40Z","2017-05-31T14:40Z","EcoCore_CSU","Br",0.0050,"milligramsPerLiter",5.7,,0,"formatChange|legacyData","GOOD"
"f6c0887c-50ab-49f5-bb2d-a6b313b1f8ba","D04","GUIL","GUIL.AOS.groundwater.well.006","GUIL.W6.20170531.FIL",,"2017-05-31T14:40Z","2017-05-31T14:40Z","EcoCore_CSU","Ca",51.6970,"milligramsPerLiter",5.7,,0,"formatChange|legacyData","GOOD"
"2c207cec-5e6d-42c8-ab66-1855ff55b481","D04","GUIL","GUIL.AOS.groundwater.well.006","GUIL.W6.20170531.RAW",,"2017-05-31T14:40Z","2017-05-31T14:40Z","EcoCore_CSU","TSS",1080.0000,"milligramsPerLiter",5.7,,0,"formatChange|legacyData","GOOD"
"73b66833-0929-4ef3-b101-f35785228882","D04","GUIL","GUIL.AOS.groundwater.well.006","GUIL.W6.20170531.FIL",,"2017-05-31T14:40Z","2017-05-31T14:40Z","EcoCore_CSU","Si",19.2200,"milligramsPerLiter",5.7,,0,"formatChange|legacyData","GOOD"
"d8857f71-c79e-4cf0-943d-7a086a1c68b8","D04","GUIL","GUIL.AOS.groundwater.well.006","GUIL.W6.20170531.FIL",,"2017-05-31T14:40Z","2017-05-31T14:40Z","EcoCore_CSU","HCO3",212.4100,"milligramsPerLiter",5.7,,0,"formatChange|legacyData","GOOD"
"5e73d465-2ac0-441b-8e0a-e1967624b7e5","D04","GUIL","GUIL.AOS.groundwater.well.006","GUIL.W6.20170531.RAW",,"2017-05-31T14:40Z","2017-05-31T14:40Z","EcoCore_CSU","TOC",0.5291,"milligramsPerLiter",5.7,,0,"formatChange|legacyData","GOOD"
"39a42ff8-567f-4c87-9f1b-8e8b5d9b69ce","D04","GUIL","GUIL.AOS.groundwater.well.006","GUIL.W6.20170531.FIL",,"2017-05-31T14:40Z","2017-05-31T14:40Z","EcoCore_CSU","CO3",0.0000,"milligramsPerLiter",5.7,,0,"formatChange|legacyData","GOOD"
"e99ca9bc-e092-4bf2-9512-e79134cc3ae2","D04","GUIL","GUIL.AOS.groundwater.well.006","GUIL.W6.20170531.RAW",,"2017-05-31T14:40Z","2017-05-31T14:40Z","EcoCore_CSU","TN",5.0110,"milligramsPerLiter",5.7,,0,"formatChange|legacyData","GOOD"
"491fa088-b975-4fce-b9ca-3ab0bd46a66c","D04","GUIL","GUIL.AOS.groundwater.well.006","GUIL.W6.20170531.FIL",,"2017-05-31T14:40Z","2017-05-31T14:40Z","EcoCore_CSU","K",1.9230,"milligramsPerLiter",5.7,,0,"formatChange|legacyData","GOOD"
"4d3eb774-a26f-47c7-b323-51381c6f31b9","D04","GUIL","GUIL.AOS.groundwater.well.006","GUIL.W6.20170531.RAW",,"2017-05-31T14:40Z","2017-05-31T14:40Z","EcoCore_CSU","TP",0.2710,"milligramsPerLiter",5.7,,0,"formatChange|legacyData","GOOD"
"51669d52-a744-48e1-bb3d-6779a391302d","D04","GUIL","GUIL.AOS.groundwater.well.006","GUIL.W6.20170531.FIL",,"2017-05-31T14:40Z","2017-05-31T14:40Z","EcoCore_CSU","DIC",43.3100,"milligramsPerLiter",5.7,,0,"formatChange|legacyData","GOOD"
"df9ef7e0-0d14-4fa6-ad25-53187f8225fd","D04","GUIL","GUIL.AOS.groundwater.well.006","GUIL.W6.20170531.FIL",,"2017-05-31T14:40Z","2017-05-31T14:40Z","EcoCore_CSU","Fe",0.0005,"milligramsPerLiter",5.7,,0,"formatChange|legacyData","GOOD"
"f0fa3c82-8815-40ee-a8c0-7d97ddd8b724","D04","GUIL","GUIL.AOS.groundwater.well.006","GUIL.W6.20170531.FIL",,"2017-05-31T14:40Z","2017-05-31T14:40Z","EcoCore_CSU","UV Absorbance (280 nm)",,,5.7,"Unknown reason for no analyte concentration as a result of external lab data format change",0,"formatChange|legacyData","Other"
"f0a7bb4e-dd18-452d-a047-5b76f0eba40e","D04","GUIL","GUIL.AOS.groundwater.well.006","GUIL.W6.20170531.FIL",,"2017-05-31T14:40Z","2017-05-31T14:40Z","EcoCore_CSU","UV Absorbance (250 nm)",,,5.7,"Unknown reason for no analyte concentration as a result of external lab data format change",0,"formatChange|legacyData","Other"
"d062a8d3-5635-4f21-ba40-d28563afecf2","D04","GUIL","GUIL.AOS.groundwater.well.006","GUIL.W6.20170531.RAW",,"2017-05-31T14:40Z","2017-05-31T14:40Z","EcoCore_CSU","TSS - Dry Mass",27000.0000,"microgram",5.7,,0,"formatChange|legacyData","GOOD"
"03d890d6-25da-4792-8da9-04d429bfd0a5","D04","GUIL","GUIL.AOS.groundwater.well.006","GUIL.W6.20170531.FIL",,"2017-05-31T14:40Z","2017-05-31T14:40Z","EcoCore_CSU","Mn",0.1250,"milligramsPerLiter",5.7,,0,"formatChange|legacyData","GOOD"
"2b026b74-7e11-4435-812a-61ad98f6119c","D04","GUIL","GUIL.AOS.groundwater.well.006","GUIL.W6.20170531.FIL",,"2017-05-31T14:40Z","2017-05-31T14:40Z","EcoCore_CSU","NH4 - N",0.0750,"milligramsPerLiter",5.7,,0,"formatChange|legacyData","GOOD"
"f538400f-61b5-4712-a0b2-08bffa887d5a","D04","GUIL","GUIL.AOS.groundwater.well.006","GUIL.W6.20170531.FIL",,"2017-05-31T14:40Z","2017-05-31T14:40Z","EcoCore_CSU","TDN",4.9190,"milligramsPerLiter",5.7,,0,"formatChange|legacyData","GOOD"
