uid,domainID,siteID,namedLocation,collectDate,titrationDate,parentSampleID,domainSampleID,remarks,measuredBy,alkMeqPerL,alkMgPerL,ancMeqPerL,ancMgPerL
"5d422394-d04d-4348-ae54-886819b1b8fe","D02","LEWI","LEWI.AOS.groundwater.well.001","2019-09-10T13:19Z","2019-09-11T13:00Z","LEWI.W1.20190910","LEWI.W1.20190910.ALK",,"jcoloso@battelleecology.org",6.600,330.000,,
"bdf93187-e729-4b13-823f-c76197022d7b","D02","LEWI","LEWI.AOS.groundwater.well.008","2019-09-10T14:49Z","2019-09-11T13:27Z","LEWI.W8.20190910","LEWI.W8.20190910.ALK",,"jcoloso@battelleecology.org",6.900,345.000,,
"5aeb5c3e-3ce8-4517-ad38-25056c4897d6","D02","LEWI","LEWI.AOS.groundwater.well.006","2019-09-10T16:30Z","2019-09-11T13:53Z","LEWI.W6.20190910","LEWI.W6.20190910.ALK",,"jcoloso@battelleecology.org",7.440,373.000,,
"8c69d574-a71f-499c-b42c-dc65feb4fbda","D02","LEWI","LEWI.AOS.groundwater.well.002","2019-09-10T17:52Z","2019-09-11T14:16Z","LEWI.W2.20190910","LEWI.W2.20190910.ALK",,"jcoloso@battelleecology.org",6.900,345.000,,
