uid,domainID,siteID,namedLocation,sampleID,sampleCode,startDate,collectDate,laboratoryName,analyte,analyteConcentration,analyteUnits,coolerTemp,remarks,shipmentWarmQF,externalLabDataQF,sampleCondition
"85d86b68-3351-4311-a69a-78dca78cf210","D02","LEWI","LEWI.AOS.groundwater.well.001","LEWI.W1.20190910.FIL","A00000071621","2019-09-10T13:19Z","2019-09-10T13:19Z","EcoCore_CSU","Si",9.9270,"milligramsPerLiter",1.9,,0,,"OK"
"c1fade0c-3df4-4c02-be8a-aed128f5760f","D02","LEWI","LEWI.AOS.groundwater.well.001","LEWI.W1.20190910.FIL","A00000071621","2019-09-10T13:19Z","2019-09-10T13:19Z","EcoCore_CSU","Cl",9.4400,"milligramsPerLiter",1.9,,0,,"OK"
"cf00ca05-2d0a-47aa-9483-44b7a460e299","D02","LEWI","LEWI.AOS.groundwater.well.001","LEWI.W1.20190910.FIL","A00000071621","2019-09-10T13:19Z","2019-09-10T13:19Z","EcoCore_CSU","HCO3",406.9400,"milligramsPerLiter",1.9,,0,,"OK"
"749c593b-fdc2-4da7-8d1f-610fe1bb7238","D02","LEWI","LEWI.AOS.groundwater.well.001","LEWI.W1.20190910.FIL","A00000071621","2019-09-10T13:19Z","2019-09-10T13:19Z","EcoCore_CSU","Fe",0.0005,"milligramsPerLiter",1.9,,0,,"OK"
"4ea914f5-6e96-4086-a1fd-30a471275566","D02","LEWI","LEWI.AOS.groundwater.well.001","LEWI.W1.20190910.FIL","A00000071621","2019-09-10T13:19Z","2019-09-10T13:19Z","EcoCore_CSU","Ca",101.3500,"milligramsPerLiter",1.9,,0,,"OK"
"fe01ca00-67cb-46cd-b2d5-445153570789","D02","LEWI","LEWI.AOS.groundwater.well.001","LEWI.W1.20190910.FIL","A00000071621","2019-09-10T13:19Z","2019-09-10T13:19Z","EcoCore_CSU","Mn",0.0005,"milligramsPerLiter",1.9,,0,,"OK"
"e9213afe-4fc1-4e88-a7e3-0bc73d4d4712","D02","LEWI","LEWI.AOS.groundwater.well.001","LEWI.W1.20190910.FIL","A00000071621","2019-09-10T13:19Z","2019-09-10T13:19Z","EcoCore_CSU","K",2.5060,"milligramsPerLiter",1.9,,0,,"OK"
"dbb9b27d-2489-4ff7-b7f9-2b20e1f98aa0","D02","LEWI","LEWI.AOS.groundwater.well.001","LEWI.W1.20190910.FIL","A00000071621","2019-09-10T13:19Z","2019-09-10T13:19Z","EcoCore_CSU","UV Absorbance (280 nm)",0.0041,,0.5,,0,,"OK"
"f5d01ef4-ab94-44f4-ac8d-6abf07a5898a","D02","LEWI","LEWI.AOS.groundwater.well.001","LEWI.W1.20190910.FIL","A00000071621","2019-09-10T13:19Z","2019-09-10T13:19Z","EcoCore_CSU","UV Absorbance (250 nm)",0.0065,,1.9,,0,,"OK"
"646f8968-e6d5-46db-894b-2aa02a826305","D02","LEWI","LEWI.AOS.groundwater.well.001","LEWI.W1.20190910.RAW","A00000071573","2019-09-10T13:19Z","2019-09-10T13:19Z","EcoCore_CSU","TN",1.7190,"milligramsPerLiter",1.9,,0,,"OK"
"eda43afe-5116-479e-9447-fefb7c4ed95e","D02","LEWI","LEWI.AOS.groundwater.well.001","LEWI.W1.20190910.RAW","A00000071573","2019-09-10T13:19Z","2019-09-10T13:19Z","EcoCore_CSU","TOC",1.0040,"milligramsPerLiter",1.9,,0,,"OK"
"e063e970-3be3-40dc-9bc5-5bf9c5aa6967","D02","LEWI","LEWI.AOS.groundwater.well.001","LEWI.W1.20190910.FIL","A00000071621","2019-09-10T13:19Z","2019-09-10T13:19Z","EcoCore_CSU","DOC",1.1960,"milligramsPerLiter",1.5,,0,,"OK"
"f6442f84-ca79-4c0a-955d-e6fc3d1d5b61","D02","LEWI","LEWI.AOS.groundwater.well.001","LEWI.W1.20190910.FIL","A00000071621","2019-09-10T13:19Z","2019-09-10T13:19Z","EcoCore_CSU","TDN",1.7790,"milligramsPerLiter",0.3,,0,,"OK"
"70130b94-e545-4f72-a091-d529df6d6063","D02","LEWI","LEWI.AOS.groundwater.well.001","LEWI.W1.20190910.FIL","A00000071621","2019-09-10T13:19Z","2019-09-10T13:19Z","EcoCore_CSU","DIC",90.8000,"milligramsPerLiter",1.9,,0,,"OK"
"161a7c4e-39ce-4aa1-b686-7bcf1b49b26d","D02","LEWI","LEWI.AOS.groundwater.well.001","LEWI.W1.20190910.RAW","A00000071573","2019-09-10T13:19Z","2019-09-10T13:19Z","EcoCore_CSU","TSS",14.0000,"milligramsPerLiter",1.9,,0,,"OK"
"a317b0bc-a320-4e51-8dcf-f923f3f03edd","D02","LEWI","LEWI.AOS.groundwater.well.001","LEWI.W1.20190910.FIL","A00000071621","2019-09-10T13:19Z","2019-09-10T13:19Z","EcoCore_CSU","NO2 - N",-0.0209,"milligramsPerLiter",1.9,,0,,"OK"
"59f45f6e-4b7a-4c81-8f86-d6beafa2455f","D02","LEWI","LEWI.AOS.groundwater.well.001","LEWI.W1.20190910.FIL","A00000071621","2019-09-10T13:19Z","2019-09-10T13:19Z","EcoCore_CSU","NO3+NO2 - N",1.8609,"milligramsPerLiter",1.9,,0,,"OK"
"ee70bf4d-fc67-46dc-82c1-c32625c65099","D02","LEWI","LEWI.AOS.groundwater.well.001","LEWI.W1.20190910.FIL","A00000071621","2019-09-10T13:19Z","2019-09-10T13:19Z","EcoCore_CSU","NH4 - N",0.0110,"milligramsPerLiter",1.9,,0,,"OK"
"6e17ece4-d65c-4ee3-8dc1-43722911009d","D02","LEWI","LEWI.AOS.groundwater.well.001","LEWI.W1.20190910.FIL","A00000071621","2019-09-10T13:19Z","2019-09-10T13:19Z","EcoCore_CSU","Ortho - P",0.0360,"milligramsPerLiter",1.9,,0,,"OK"
"382f2e52-c4a1-4ff5-8b43-44abca68474f","D02","LEWI","LEWI.AOS.groundwater.well.001","LEWI.W1.20190910.PCN","A00000071619","2019-09-10T13:19Z","2019-09-10T13:19Z","EcoCore_CSU","TPN",0.1353,"milligram",1.9,,0,,"OK"
"dc2def29-f6b9-4d25-b714-9eb7699cc05f","D02","LEWI","LEWI.AOS.groundwater.well.001","LEWI.W1.20190910.PCN","A00000071619","2019-09-10T13:19Z","2019-09-10T13:19Z","EcoCore_CSU","TPC",0.2248,"milligram",1.9,,0,,"OK"
"01568f07-acd5-490d-8f32-df907012744a","D02","LEWI","LEWI.AOS.groundwater.well.001","LEWI.W1.20190910.FIL","A00000071621","2019-09-10T13:19Z","2019-09-10T13:19Z","EcoCore_CSU","F",0.0050,"milligramsPerLiter",1.9,,0,,"OK"
"236bd188-3787-43af-b2a0-35894e0a1259","D02","LEWI","LEWI.AOS.groundwater.well.001","LEWI.W1.20190910.FIL","A00000071621","2019-09-10T13:19Z","2019-09-10T13:19Z","EcoCore_CSU","Na",4.7880,"milligramsPerLiter",1.9,,0,,"OK"
"913aba0a-e6d6-4250-b401-bff4dcb0dde2","D02","LEWI","LEWI.AOS.groundwater.well.001","LEWI.W1.20190910.FIL","A00000071621","2019-09-10T13:19Z","2019-09-10T13:19Z","EcoCore_CSU","TDP",0.0041,"milligramsPerLiter",1.9,,0,,"OK"
"b20c7d23-6511-45e3-aca0-dd57a37b4d6a","D02","LEWI","LEWI.AOS.groundwater.well.001","LEWI.W1.20190910.FIL","A00000071621","2019-09-10T13:19Z","2019-09-10T13:19Z","EcoCore_CSU","TDS",535.6700,"milligramsPerLiter",1.9,,0,,"OK"
"40615159-c181-45fc-b336-022e34b61ec2","D02","LEWI","LEWI.AOS.groundwater.well.001","LEWI.W1.20190910.FIL","A00000071621","2019-09-10T13:19Z","2019-09-10T13:19Z","EcoCore_CSU","Br",0.0050,"milligramsPerLiter",1.9,,0,,"OK"
"97d455b3-00bc-4273-8c13-7478d5df6855","D02","LEWI","LEWI.AOS.groundwater.well.001","LEWI.W1.20190910.FIL","A00000071621","2019-09-10T13:19Z","2019-09-10T13:19Z","EcoCore_CSU","Mg",25.2800,"milligramsPerLiter",1.9,,0,,"OK"
"e2438670-bb4b-41b7-b262-07cd129ff18d","D02","LEWI","LEWI.AOS.groundwater.well.001","LEWI.W1.20190910.FIL","A00000071621","2019-09-10T13:19Z","2019-09-10T13:19Z","EcoCore_CSU","SO4",0.0050,"milligramsPerLiter",1.9,,0,,"OK"
"f98041a4-beeb-4465-9b4a-8b1f5329ca5c","D02","LEWI","LEWI.AOS.groundwater.well.001","LEWI.W1.20190910.FIL","A00000071621","2019-09-10T13:19Z","2019-09-10T13:19Z","EcoCore_CSU","CO3",0.0050,"milligramsPerLiter",1.9,,0,,"OK"
"ee746cd0-3775-471f-8758-059c1985baa1","D02","LEWI","LEWI.AOS.groundwater.well.001","LEWI.W1.20190910.RAW","A00000071573","2019-09-10T13:19Z","2019-09-10T13:19Z","EcoCore_CSU","pH",7.3200,"pH",1.9,,0,,"OK"
"2bea9601-3338-40dd-a565-04c2ed224434","D02","LEWI","LEWI.AOS.groundwater.well.001","LEWI.W1.20190910.RAW","A00000071573","2019-09-10T13:19Z","2019-09-10T13:19Z","EcoCore_CSU","TP",0.2692,"milligramsPerLiter",1.9,,0,,"OK"
"668779e9-e739-4598-90d3-e59e1f9bc09e","D02","LEWI","LEWI.AOS.groundwater.well.001","LEWI.W1.20190910.RAW","A00000071573","2019-09-10T13:19Z","2019-09-10T13:19Z","EcoCore_CSU","specificConductance",745.6900,"microsiemensPerCentimeter",1.9,,0,,"OK"
"9192ac57-0b6f-4b1d-99fa-8e893df4558b","D02","LEWI","LEWI.AOS.groundwater.well.001","LEWI.W1.20190910.RAW","A00000071573","2019-09-10T13:19Z","2019-09-10T13:19Z","EcoCore_CSU","ANC",7.1100,"milliequivalentsPerLiter",1.9,,0,,"OK"
"f1db965d-605c-4d51-8bee-72639cfc8950","D02","LEWI","LEWI.AOS.groundwater.well.001","LEWI.W1.20190910.RAW","A00000071573","2019-09-10T13:19Z","2019-09-10T13:19Z","EcoCore_CSU","TSS - Dry Mass",700.0000,"microgram",1.9,,0,,"OK"
"f4bab441-5c67-4006-b424-7e1e838c459b","D02","LEWI","LEWI.AOS.groundwater.well.008","LEWI.W8.20190910.RAW","A00000071622","2019-09-10T14:49Z","2019-09-10T14:49Z","EcoCore_CSU","specificConductance",774.6300,"microsiemensPerCentimeter",1.9,,0,,"OK"
"c2cb88e7-95cf-4cea-afb0-cf90af23b3ce","D02","LEWI","LEWI.AOS.groundwater.well.008","LEWI.W8.20190910.RAW","A00000071622","2019-09-10T14:49Z","2019-09-10T14:49Z","EcoCore_CSU","TP",0.3442,"milligramsPerLiter",1.9,,0,,"OK"
"c860f3fe-99f6-4c19-ae0f-baf3dcdee065","D02","LEWI","LEWI.AOS.groundwater.well.008","LEWI.W8.20190910.RAW","A00000071622","2019-09-10T14:49Z","2019-09-10T14:49Z","EcoCore_CSU","TSS - Dry Mass",2700.0000,"microgram",1.9,,0,,"OK"
"58c3dd81-8e2f-47d2-9e9d-20dab20ee7f4","D02","LEWI","LEWI.AOS.groundwater.well.008","LEWI.W8.20190910.RAW","A00000071622","2019-09-10T14:49Z","2019-09-10T14:49Z","EcoCore_CSU","TSS",54.0000,"milligramsPerLiter",1.9,,0,,"OK"
"16982f32-cf73-4ecc-86de-ecb6080467f8","D02","LEWI","LEWI.AOS.groundwater.well.008","LEWI.W8.20190910.RAW","A00000071622","2019-09-10T14:49Z","2019-09-10T14:49Z","EcoCore_CSU","pH",7.4200,"pH",1.9,,0,,"OK"
"e1a225fc-bc43-471d-888c-91dc1e3c728f","D02","LEWI","LEWI.AOS.groundwater.well.008","LEWI.W8.20190910.RAW","A00000071622","2019-09-10T14:49Z","2019-09-10T14:49Z","EcoCore_CSU","ANC",7.5400,"milliequivalentsPerLiter",1.9,,0,,"OK"
"68c1361e-04cb-45d7-8df7-8c87b775e0d7","D02","LEWI","LEWI.AOS.groundwater.well.008","LEWI.W8.20190910.FIL","A00000071605","2019-09-10T14:49Z","2019-09-10T14:49Z","EcoCore_CSU","Mn",0.1140,"milligramsPerLiter",1.9,,0,,"OK"
"85f33bee-bb18-4008-b389-76f9773e93ea","D02","LEWI","LEWI.AOS.groundwater.well.008","LEWI.W8.20190910.FIL","A00000071605","2019-09-10T14:49Z","2019-09-10T14:49Z","EcoCore_CSU","TDP",0.0316,"milligramsPerLiter",1.9,,0,,"OK"
"d4c72cfc-8ea3-494e-9271-fd11bfb5feb6","D02","LEWI","LEWI.AOS.groundwater.well.008","LEWI.W8.20190910.FIL","A00000071605","2019-09-10T14:49Z","2019-09-10T14:49Z","EcoCore_CSU","Ca",107.6890,"milligramsPerLiter",1.9,,0,,"OK"
"443210b1-af60-4d5c-985c-5c3e5df4ffc7","D02","LEWI","LEWI.AOS.groundwater.well.008","LEWI.W8.20190910.FIL","A00000071605","2019-09-10T14:49Z","2019-09-10T14:49Z","EcoCore_CSU","Fe",1.5102,"milligramsPerLiter",1.9,,0,,"OK"
"72615428-8e07-4b3b-87ce-650b7c0425fd","D02","LEWI","LEWI.AOS.groundwater.well.008","LEWI.W8.20190910.FIL","A00000071605","2019-09-10T14:49Z","2019-09-10T14:49Z","EcoCore_CSU","CO3",0.0050,"milligramsPerLiter",1.9,,0,,"OK"
"f654d153-205d-4fb2-99f3-ff372ce8e42e","D02","LEWI","LEWI.AOS.groundwater.well.008","LEWI.W8.20190910.FIL","A00000071605","2019-09-10T14:49Z","2019-09-10T14:49Z","EcoCore_CSU","HCO3",432.1700,"milligramsPerLiter",1.9,,0,,"OK"
"7d2b135e-6d35-43ef-9f44-2715ad243cea","D02","LEWI","LEWI.AOS.groundwater.well.008","LEWI.W8.20190910.FIL","A00000071605","2019-09-10T14:49Z","2019-09-10T14:49Z","EcoCore_CSU","Si",8.0445,"milligramsPerLiter",1.9,,0,,"OK"
"d164c61a-314a-439f-85bf-54ed3010bb39","D02","LEWI","LEWI.AOS.groundwater.well.008","LEWI.W8.20190910.FIL","A00000071605","2019-09-10T14:49Z","2019-09-10T14:49Z","EcoCore_CSU","SO4",0.0050,"milligramsPerLiter",1.9,,0,,"OK"
"0ee54fa9-fe5f-42af-84a1-734f0bf542db","D02","LEWI","LEWI.AOS.groundwater.well.008","LEWI.W8.20190910.FIL","A00000071605","2019-09-10T14:49Z","2019-09-10T14:49Z","EcoCore_CSU","Cl",5.7056,"milligramsPerLiter",1.9,,0,,"OK"
"4547f1c3-508a-492d-bdf6-5c9778d0d4a9","D02","LEWI","LEWI.AOS.groundwater.well.008","LEWI.W8.20190910.FIL","A00000071605","2019-09-10T14:49Z","2019-09-10T14:49Z","EcoCore_CSU","Mg",24.7000,"milligramsPerLiter",1.9,,0,,"OK"
"0d897f50-b70d-49be-8603-0bd52e00f424","D02","LEWI","LEWI.AOS.groundwater.well.008","LEWI.W8.20190910.FIL","A00000071605","2019-09-10T14:49Z","2019-09-10T14:49Z","EcoCore_CSU","Br",0.0050,"milligramsPerLiter",1.9,,0,,"OK"
"2a970484-8363-45e0-8e52-b91df3796bd1","D02","LEWI","LEWI.AOS.groundwater.well.008","LEWI.W8.20190910.FIL","A00000071605","2019-09-10T14:49Z","2019-09-10T14:49Z","EcoCore_CSU","K",1.5960,"milligramsPerLiter",1.9,,0,,"OK"
"fe75b713-ba31-41ae-a066-d1cad20f3101","D02","LEWI","LEWI.AOS.groundwater.well.008","LEWI.W8.20190910.FIL","A00000071605","2019-09-10T14:49Z","2019-09-10T14:49Z","EcoCore_CSU","TDS",562.1200,"milligramsPerLiter",1.9,,0,,"OK"
"fe6fc26b-7675-41f3-aa12-b2c3b6f9dc80","D02","LEWI","LEWI.AOS.groundwater.well.008","LEWI.W8.20190910.FIL","A00000071605","2019-09-10T14:49Z","2019-09-10T14:49Z","EcoCore_CSU","Na",3.0890,"milligramsPerLiter",1.9,,0,,"OK"
"1a47b205-dc67-4c61-ac4d-423a805d755c","D02","LEWI","LEWI.AOS.groundwater.well.008","LEWI.W8.20190910.FIL","A00000071605","2019-09-10T14:49Z","2019-09-10T14:49Z","EcoCore_CSU","F",0.0050,"milligramsPerLiter",1.9,,0,,"OK"
"964d7ae4-5427-467f-847c-be0da7b673a3","D02","LEWI","LEWI.AOS.groundwater.well.008","LEWI.W8.20190910.FIL","A00000071605","2019-09-10T14:49Z","2019-09-10T14:49Z","EcoCore_CSU","UV Absorbance (280 nm)",0.0908,,1.9,,0,,"OK"
"863f81ec-ab38-4992-8bb6-ec2b83c9ca79","D02","LEWI","LEWI.AOS.groundwater.well.008","LEWI.W8.20190910.FIL","A00000071605","2019-09-10T14:49Z","2019-09-10T14:49Z","EcoCore_CSU","UV Absorbance (250 nm)",0.0933,,1.9,,0,,"OK"
"011b8cc3-36b2-4831-bd7a-4b884daa8ade","D02","LEWI","LEWI.AOS.groundwater.well.008","LEWI.W8.20190910.RAW","A00000071622","2019-09-10T14:49Z","2019-09-10T14:49Z","EcoCore_CSU","TN",0.3740,"milligramsPerLiter",1.9,,0,,"OK"
"735f950a-d19b-4e14-b194-4bc22e3bec86","D02","LEWI","LEWI.AOS.groundwater.well.008","LEWI.W8.20190910.RAW","A00000071622","2019-09-10T14:49Z","2019-09-10T14:49Z","EcoCore_CSU","TOC",1.2570,"milligramsPerLiter",1.9,,0,,"OK"
"9695f24c-9d8c-4235-8492-58f216105c4a","D02","LEWI","LEWI.AOS.groundwater.well.008","LEWI.W8.20190910.FIL","A00000071605","2019-09-10T14:49Z","2019-09-10T14:49Z","EcoCore_CSU","TDN",0.3580,"milligramsPerLiter",2.3,,0,,"OK"
"6b3ecf64-229a-4d35-b9e8-4c084da39bee","D02","LEWI","LEWI.AOS.groundwater.well.008","LEWI.W8.20190910.FIL","A00000071605","2019-09-10T14:49Z","2019-09-10T14:49Z","EcoCore_CSU","DOC",1.3310,"milligramsPerLiter",2.9,,0,,"OK"
"e11bc42a-8320-4a2a-b147-5a1b5e6031c9","D02","LEWI","LEWI.AOS.groundwater.well.008","LEWI.W8.20190910.FIL","A00000071605","2019-09-10T14:49Z","2019-09-10T14:49Z","EcoCore_CSU","DIC",95.7300,"milligramsPerLiter",1.9,,0,,"OK"
"43b020da-3e03-4cac-8a8a-241f87dd0ad8","D02","LEWI","LEWI.AOS.groundwater.well.008","LEWI.W8.20190910.FIL","A00000071605","2019-09-10T14:49Z","2019-09-10T14:49Z","EcoCore_CSU","Ortho - P",0.0190,"milligramsPerLiter",1.9,,0,,"OK"
"99bb937b-160d-4f92-820c-17fe81772b01","D02","LEWI","LEWI.AOS.groundwater.well.008","LEWI.W8.20190910.FIL","A00000071605","2019-09-10T14:49Z","2019-09-10T14:49Z","EcoCore_CSU","NH4 - N",0.3197,"milligramsPerLiter",1.9,,0,,"OK"
"24f027be-22bb-4605-bb4e-3cf57dc3f9b5","D02","LEWI","LEWI.AOS.groundwater.well.008","LEWI.W8.20190910.FIL","A00000071605","2019-09-10T14:49Z","2019-09-10T14:49Z","EcoCore_CSU","NO2 - N",-0.0203,"milligramsPerLiter",1.9,,0,,"OK"
"b3d2c274-e585-4219-9e93-0dfcc9ca3d01","D02","LEWI","LEWI.AOS.groundwater.well.008","LEWI.W8.20190910.FIL","A00000071605","2019-09-10T14:49Z","2019-09-10T14:49Z","EcoCore_CSU","NO3+NO2 - N",0.0187,"milligramsPerLiter",1.9,,0,,"OK"
"135285bc-ee7d-4a82-8748-f7232b2adbe5","D02","LEWI","LEWI.AOS.groundwater.well.008","LEWI.W8.20190910.PCN","A00000071613","2019-09-10T14:49Z","2019-09-10T14:49Z","EcoCore_CSU","TPC",0.2710,"milligram",1.9,,0,,"OK"
"d6ae10e0-a1fc-4ac4-88d7-265934fcb4f2","D02","LEWI","LEWI.AOS.groundwater.well.008","LEWI.W8.20190910.PCN","A00000071613","2019-09-10T14:49Z","2019-09-10T14:49Z","EcoCore_CSU","TPN",0.1495,"milligram",1.9,,0,,"OK"
"af5b0fc3-76da-454e-8a8d-cb85434818cd","D02","LEWI","LEWI.AOS.groundwater.well.006","LEWI.W6.20190910.FIL","A00000072065","2019-09-10T16:30Z","2019-09-10T16:30Z","EcoCore_CSU","DOC",1.1600,"milligramsPerLiter",1.9,,0,,"OK"
"2377acf4-f9a1-466f-8bc8-4973688f7e1c","D02","LEWI","LEWI.AOS.groundwater.well.006","LEWI.W6.20190910.PCN","A00000071612","2019-09-10T16:30Z","2019-09-10T16:30Z","EcoCore_CSU","TPC",0.2050,"milligram",1.9,,0,,"OK"
"0e1d5dca-6346-4dbe-b71c-c040fc7a544d","D02","LEWI","LEWI.AOS.groundwater.well.006","LEWI.W6.20190910.FIL","A00000072065","2019-09-10T16:30Z","2019-09-10T16:30Z","EcoCore_CSU","TDN",0.1890,"milligramsPerLiter",1.9,,0,,"OK"
"4b34e336-8ceb-4974-aec2-3113f414e0d8","D02","LEWI","LEWI.AOS.groundwater.well.006","LEWI.W6.20190910.RAW","A00000071572","2019-09-10T16:30Z","2019-09-10T16:30Z","EcoCore_CSU","TSS",16.0000,"milligramsPerLiter",1.9,,0,,"OK"
"aad1532d-2067-4734-b901-bd57a8777216","D02","LEWI","LEWI.AOS.groundwater.well.006","LEWI.W6.20190910.RAW","A00000071572","2019-09-10T16:30Z","2019-09-10T16:30Z","EcoCore_CSU","TSS - Dry Mass",800.0000,"microgram",1.9,,0,,"OK"
"730b8bd8-50c8-4959-816f-e36e77f81bbe","D02","LEWI","LEWI.AOS.groundwater.well.006","LEWI.W6.20190910.RAW","A00000071572","2019-09-10T16:30Z","2019-09-10T16:30Z","EcoCore_CSU","pH",7.4700,"pH",1.9,,0,,"OK"
"a4825768-9ec8-49fc-ab1c-ff22535ce9ec","D02","LEWI","LEWI.AOS.groundwater.well.006","LEWI.W6.20190910.RAW","A00000071572","2019-09-10T16:30Z","2019-09-10T16:30Z","EcoCore_CSU","TP",0.2330,"milligramsPerLiter",1.9,,0,,"OK"
"688573f6-13b1-4f2e-aac2-ac9a1041c21f","D02","LEWI","LEWI.AOS.groundwater.well.006","LEWI.W6.20190910.RAW","A00000071572","2019-09-10T16:30Z","2019-09-10T16:30Z","EcoCore_CSU","specificConductance",805.4700,"microsiemensPerCentimeter",1.9,,0,,"OK"
"5d9abbc8-934c-4a94-b684-1f3e03a3ff72","D02","LEWI","LEWI.AOS.groundwater.well.006","LEWI.W6.20190910.RAW","A00000071572","2019-09-10T16:30Z","2019-09-10T16:30Z","EcoCore_CSU","ANC",7.5600,"milliequivalentsPerLiter",1.9,,0,,"OK"
"c8ba6283-8d8b-4f01-b0ed-2940969cc459","D02","LEWI","LEWI.AOS.groundwater.well.006","LEWI.W6.20190910.FIL","A00000072065","2019-09-10T16:30Z","2019-09-10T16:30Z","EcoCore_CSU","Mn",1.0380,"milligramsPerLiter",1.9,,0,,"OK"
"186a26c5-d46d-413d-b1d1-9d725ab6229f","D02","LEWI","LEWI.AOS.groundwater.well.006","LEWI.W6.20190910.FIL","A00000072065","2019-09-10T16:30Z","2019-09-10T16:30Z","EcoCore_CSU","Mg",29.1700,"milligramsPerLiter",1.9,,0,,"OK"
"a8d2ee94-0e86-4588-8b14-93f721e00228","D02","LEWI","LEWI.AOS.groundwater.well.006","LEWI.W6.20190910.FIL","A00000072065","2019-09-10T16:30Z","2019-09-10T16:30Z","EcoCore_CSU","SO4",0.0050,"milligramsPerLiter",1.9,,0,,"OK"
"8d45d8b0-9f3c-44d2-af5e-98e160e37a1d","D02","LEWI","LEWI.AOS.groundwater.well.006","LEWI.W6.20190910.FIL","A00000072065","2019-09-10T16:30Z","2019-09-10T16:30Z","EcoCore_CSU","Br",0.0050,"milligramsPerLiter",1.9,,0,,"OK"
"97b15ca9-0e82-415e-b2e3-73c4d7e74fa9","D02","LEWI","LEWI.AOS.groundwater.well.006","LEWI.W6.20190910.FIL","A00000072065","2019-09-10T16:30Z","2019-09-10T16:30Z","EcoCore_CSU","Fe",0.1021,"milligramsPerLiter",1.9,,0,,"OK"
"1fd1c337-9627-459e-b5b4-ee795a8e2e07","D02","LEWI","LEWI.AOS.groundwater.well.006","LEWI.W6.20190910.FIL","A00000072065","2019-09-10T16:30Z","2019-09-10T16:30Z","EcoCore_CSU","K",1.1290,"milligramsPerLiter",1.9,,0,,"OK"
"e123bd28-d160-4dca-82d1-5c187e072f4b","D02","LEWI","LEWI.AOS.groundwater.well.006","LEWI.W6.20190910.FIL","A00000072065","2019-09-10T16:30Z","2019-09-10T16:30Z","EcoCore_CSU","Si",9.5823,"milligramsPerLiter",1.9,,0,,"OK"
"8ac832ff-1328-4755-bac1-73fb476fe928","D02","LEWI","LEWI.AOS.groundwater.well.006","LEWI.W6.20190910.FIL","A00000072065","2019-09-10T16:30Z","2019-09-10T16:30Z","EcoCore_CSU","Ca",108.1460,"milligramsPerLiter",1.9,,0,,"OK"
"658b7c31-72d2-4530-a307-cb8b0fbfe0e7","D02","LEWI","LEWI.AOS.groundwater.well.006","LEWI.W6.20190910.FIL","A00000072065","2019-09-10T16:30Z","2019-09-10T16:30Z","EcoCore_CSU","TDP",0.0062,"milligramsPerLiter",1.9,,0,,"OK"
"2a6b4f03-762b-4bd7-86ad-1244ccedf4e0","D02","LEWI","LEWI.AOS.groundwater.well.006","LEWI.W6.20190910.FIL","A00000072065","2019-09-10T16:30Z","2019-09-10T16:30Z","EcoCore_CSU","Na",2.9670,"milligramsPerLiter",1.9,,0,,"OK"
"3e7d34f8-1c89-40b0-80ed-9af183a0fb2a","D02","LEWI","LEWI.AOS.groundwater.well.006","LEWI.W6.20190910.FIL","A00000072065","2019-09-10T16:30Z","2019-09-10T16:30Z","EcoCore_CSU","HCO3",456.4700,"milligramsPerLiter",1.9,,0,,"OK"
"6cb2e18a-a929-4f34-b5c3-d3b366892e17","D02","LEWI","LEWI.AOS.groundwater.well.006","LEWI.W6.20190910.FIL","A00000072065","2019-09-10T16:30Z","2019-09-10T16:30Z","EcoCore_CSU","CO3",0.0050,"milligramsPerLiter",1.9,,0,,"OK"
"7146bf7f-bb44-4fef-bf12-6bd30ee2fe02","D02","LEWI","LEWI.AOS.groundwater.well.006","LEWI.W6.20190910.FIL","A00000072065","2019-09-10T16:30Z","2019-09-10T16:30Z","EcoCore_CSU","Cl",6.3862,"milligramsPerLiter",1.9,,0,,"OK"
"29723b56-e976-4e9d-8703-6c39a875de62","D02","LEWI","LEWI.AOS.groundwater.well.006","LEWI.W6.20190910.FIL","A00000072065","2019-09-10T16:30Z","2019-09-10T16:30Z","EcoCore_CSU","TDS",570.2500,"milligramsPerLiter",1.9,,0,,"OK"
"59d53fac-ae37-4e04-9c56-80345390dea5","D02","LEWI","LEWI.AOS.groundwater.well.006","LEWI.W6.20190910.FIL","A00000072065","2019-09-10T16:30Z","2019-09-10T16:30Z","EcoCore_CSU","F",0.0050,"milligramsPerLiter",1.9,,0,,"OK"
"9aef93ce-5d9a-4114-90e6-74173f500b3b","D02","LEWI","LEWI.AOS.groundwater.well.006","LEWI.W6.20190910.FIL","A00000072065","2019-09-10T16:30Z","2019-09-10T16:30Z","EcoCore_CSU","UV Absorbance (280 nm)",0.0170,,1.9,,0,,"OK"
"bcaf3bbc-2068-4ca8-a2d8-6164dea641e3","D02","LEWI","LEWI.AOS.groundwater.well.006","LEWI.W6.20190910.FIL","A00000072065","2019-09-10T16:30Z","2019-09-10T16:30Z","EcoCore_CSU","UV Absorbance (250 nm)",0.0192,,1.9,,0,,"OK"
"ec50c685-00eb-4c5e-b3e5-59bf3cb44607","D02","LEWI","LEWI.AOS.groundwater.well.006","LEWI.W6.20190910.RAW","A00000071572","2019-09-10T16:30Z","2019-09-10T16:30Z","EcoCore_CSU","TN",0.1647,"milligramsPerLiter",1.9,,0,,"OK"
"252ca2e1-efbc-454f-a1c7-45b26646b447","D02","LEWI","LEWI.AOS.groundwater.well.006","LEWI.W6.20190910.RAW","A00000071572","2019-09-10T16:30Z","2019-09-10T16:30Z","EcoCore_CSU","TOC",1.1690,"milligramsPerLiter",1.9,,0,,"OK"
"97d845d3-9397-4454-8325-c985a4449149","D02","LEWI","LEWI.AOS.groundwater.well.006","LEWI.W6.20190910.FIL","A00000072065","2019-09-10T16:30Z","2019-09-10T16:30Z","EcoCore_CSU","NO2 - N",-0.0198,"milligramsPerLiter",1.9,,0,,"OK"
"90d183c7-0f95-4dec-ba6f-5d84a1b0358b","D02","LEWI","LEWI.AOS.groundwater.well.006","LEWI.W6.20190910.FIL","A00000072065","2019-09-10T16:30Z","2019-09-10T16:30Z","EcoCore_CSU","NO3+NO2 - N",0.0300,"milligramsPerLiter",1.9,,0,,"OK"
"4a8bc55d-bf51-47fc-b310-b5462deb1975","D02","LEWI","LEWI.AOS.groundwater.well.006","LEWI.W6.20190910.FIL","A00000072065","2019-09-10T16:30Z","2019-09-10T16:30Z","EcoCore_CSU","NH4 - N",0.0717,"milligramsPerLiter",1.9,,0,,"OK"
"4d4f876a-29c0-45cb-9d0b-99263d6199c5","D02","LEWI","LEWI.AOS.groundwater.well.006","LEWI.W6.20190910.FIL","A00000072065","2019-09-10T16:30Z","2019-09-10T16:30Z","EcoCore_CSU","Ortho - P",0.0220,"milligramsPerLiter",1.9,,0,,"OK"
"3aa77e44-8fa6-4bfa-84ef-31bdc0afd82a","D02","LEWI","LEWI.AOS.groundwater.well.006","LEWI.W6.20190910.PCN","A00000071612","2019-09-10T16:30Z","2019-09-10T16:30Z","EcoCore_CSU","TPN",0.0515,"milligram",1.9,,0,,"OK"
"f10901e1-e695-4444-a256-fe144a53609c","D02","LEWI","LEWI.AOS.groundwater.well.006","LEWI.W6.20190910.FIL","A00000072065","2019-09-10T16:30Z","2019-09-10T16:30Z","EcoCore_CSU","DIC",96.7800,"milligramsPerLiter",1.9,,0,,"OK"
"4e645f07-7133-4618-9043-256099545a64","D02","LEWI","LEWI.AOS.groundwater.well.002","LEWI.W2.20190910.RAW","A00000071571","2019-09-10T17:52Z","2019-09-10T17:52Z","EcoCore_CSU","TP",0.1498,"milligramsPerLiter",1.9,,0,,"OK"
"fe9357e6-6a21-42cf-9c42-1b6c61668c31","D02","LEWI","LEWI.AOS.groundwater.well.002","LEWI.W2.20190910.PCN","A00000071611","2019-09-10T17:52Z","2019-09-10T17:52Z","EcoCore_CSU","TPN",0.1452,"milligram",1.9,,0,,"OK"
"bb324315-f651-4270-9f60-0d1d3880bedd","D02","LEWI","LEWI.AOS.groundwater.well.002","LEWI.W2.20190910.RAW","A00000071571","2019-09-10T17:52Z","2019-09-10T17:52Z","EcoCore_CSU","TSS",12.0000,"milligramsPerLiter",1.9,,0,,"OK"
"9246f560-bfc3-4dd4-a0e2-eb201ddf3152","D02","LEWI","LEWI.AOS.groundwater.well.002","LEWI.W2.20190910.RAW","A00000071571","2019-09-10T17:52Z","2019-09-10T17:52Z","EcoCore_CSU","ANC",6.9800,"milliequivalentsPerLiter",1.9,,0,,"OK"
"0140cca8-e276-4b2b-94c1-3238f2a6f2f0","D02","LEWI","LEWI.AOS.groundwater.well.002","LEWI.W2.20190910.RAW","A00000071571","2019-09-10T17:52Z","2019-09-10T17:52Z","EcoCore_CSU","specificConductance",690.2800,"microsiemensPerCentimeter",1.9,,0,,"OK"
"206039ec-b44b-4341-bbc8-4f2d2666ef5d","D02","LEWI","LEWI.AOS.groundwater.well.002","LEWI.W2.20190910.RAW","A00000071571","2019-09-10T17:52Z","2019-09-10T17:52Z","EcoCore_CSU","pH",7.5200,"pH",1.9,,0,,"OK"
"d2d07800-1abf-4ea3-a6fa-9687b0140b37","D02","LEWI","LEWI.AOS.groundwater.well.002","LEWI.W2.20190910.FIL","A00000072063","2019-09-10T17:52Z","2019-09-10T17:52Z","EcoCore_CSU","Br",0.0400,"milligramsPerLiter",1.9,,0,,"OK"
"bfd06dc1-8efe-410a-ba30-3dfb47d86360","D02","LEWI","LEWI.AOS.groundwater.well.002","LEWI.W2.20190910.FIL","A00000072063","2019-09-10T17:52Z","2019-09-10T17:52Z","EcoCore_CSU","TDS",480.2500,"milligramsPerLiter",1.9,,0,,"OK"
"4b1ffb8b-97e6-4d2a-8f7f-713f335cd44e","D02","LEWI","LEWI.AOS.groundwater.well.002","LEWI.W2.20190910.FIL","A00000072063","2019-09-10T17:52Z","2019-09-10T17:52Z","EcoCore_CSU","SO4",0.0050,"milligramsPerLiter",1.9,,0,,"OK"
"392e5921-cc07-4180-8539-0662ff3cc14d","D02","LEWI","LEWI.AOS.groundwater.well.002","LEWI.W2.20190910.FIL","A00000072063","2019-09-10T17:52Z","2019-09-10T17:52Z","EcoCore_CSU","K",1.1960,"milligramsPerLiter",1.9,,0,,"OK"
"a8f8252f-d6f4-4256-b890-4ee725cda5d8","D02","LEWI","LEWI.AOS.groundwater.well.002","LEWI.W2.20190910.FIL","A00000072063","2019-09-10T17:52Z","2019-09-10T17:52Z","EcoCore_CSU","Na",3.1110,"milligramsPerLiter",1.9,,0,,"OK"
"f4706dd3-a42a-499a-9f23-ded2c489b544","D02","LEWI","LEWI.AOS.groundwater.well.002","LEWI.W2.20190910.FIL","A00000072063","2019-09-10T17:52Z","2019-09-10T17:52Z","EcoCore_CSU","CO3",0.0050,"milligramsPerLiter",1.9,,0,,"OK"
"1bd91247-5c3c-4fb8-9fc9-b0e39ba0bc4b","D02","LEWI","LEWI.AOS.groundwater.well.002","LEWI.W2.20190910.FIL","A00000072063","2019-09-10T17:52Z","2019-09-10T17:52Z","EcoCore_CSU","Ca",104.2090,"milligramsPerLiter",1.9,,0,,"OK"
"83a6b788-4339-4ff5-86de-b78c7f3ab715","D02","LEWI","LEWI.AOS.groundwater.well.002","LEWI.W2.20190910.FIL","A00000072063","2019-09-10T17:52Z","2019-09-10T17:52Z","EcoCore_CSU","F",0.0050,"milligramsPerLiter",1.9,,0,,"OK"
"9f5f096e-a4da-46bb-8d22-e44a9fff13db","D02","LEWI","LEWI.AOS.groundwater.well.002","LEWI.W2.20190910.FIL","A00000072063","2019-09-10T17:52Z","2019-09-10T17:52Z","EcoCore_CSU","TDP",0.0090,"milligramsPerLiter",1.9,,0,,"OK"
"32ba851b-2b85-4606-91ec-5f4e4f0069d2","D02","LEWI","LEWI.AOS.groundwater.well.002","LEWI.W2.20190910.FIL","A00000072063","2019-09-10T17:52Z","2019-09-10T17:52Z","EcoCore_CSU","Mn",0.0340,"milligramsPerLiter",1.9,,0,,"OK"
"9a16f340-bfcb-484f-8f5e-192e2a3b5d60","D02","LEWI","LEWI.AOS.groundwater.well.002","LEWI.W2.20190910.FIL","A00000072063","2019-09-10T17:52Z","2019-09-10T17:52Z","EcoCore_CSU","Fe",0.0005,"milligramsPerLiter",1.9,,0,,"OK"
"6a6ce350-ec32-4c5a-981f-2feb8d2c2002","D02","LEWI","LEWI.AOS.groundwater.well.002","LEWI.W2.20190910.FIL","A00000072063","2019-09-10T17:52Z","2019-09-10T17:52Z","EcoCore_CSU","HCO3",389.1200,"milligramsPerLiter",1.9,,0,,"OK"
"eaff4de7-862f-4a33-a4d8-0ec8b63c3f07","D02","LEWI","LEWI.AOS.groundwater.well.002","LEWI.W2.20190910.FIL","A00000072063","2019-09-10T17:52Z","2019-09-10T17:52Z","EcoCore_CSU","Mg",18.1500,"milligramsPerLiter",1.9,,0,,"OK"
"5d0cc3fd-bf4b-4058-b43f-0b5638104413","D02","LEWI","LEWI.AOS.groundwater.well.002","LEWI.W2.20190910.FIL","A00000072063","2019-09-10T17:52Z","2019-09-10T17:52Z","EcoCore_CSU","Si",9.3657,"milligramsPerLiter",1.9,,0,,"OK"
"380625dc-d7db-4eb0-a976-eb9c86e1531e","D02","LEWI","LEWI.AOS.groundwater.well.002","LEWI.W2.20190910.FIL","A00000072063","2019-09-10T17:52Z","2019-09-10T17:52Z","EcoCore_CSU","Cl",6.0917,"milligramsPerLiter",1.9,,0,,"OK"
"69ee5db7-5192-4719-8c8d-4db435b12cdc","D02","LEWI","LEWI.AOS.groundwater.well.002","LEWI.W2.20190910.FIL","A00000072063","2019-09-10T17:52Z","2019-09-10T17:52Z","EcoCore_CSU","UV Absorbance (280 nm)",0.0017,,1.9,,0,,"OK"
"0ee5c91a-97c4-4821-90a1-0ff3ca92b52a","D02","LEWI","LEWI.AOS.groundwater.well.002","LEWI.W2.20190910.FIL","A00000072063","2019-09-10T17:52Z","2019-09-10T17:52Z","EcoCore_CSU","UV Absorbance (250 nm)",0.0022,,1.9,,0,,"OK"
"9cdf9003-909b-4aa8-a8dd-4b6980707c7c","D02","LEWI","LEWI.AOS.groundwater.well.002","LEWI.W2.20190910.RAW","A00000071571","2019-09-10T17:52Z","2019-09-10T17:52Z","EcoCore_CSU","TN",0.7641,"milligramsPerLiter",1.9,,0,,"OK"
"3cbaa10d-0d96-496d-844b-3036273ef96a","D02","LEWI","LEWI.AOS.groundwater.well.002","LEWI.W2.20190910.RAW","A00000071571","2019-09-10T17:52Z","2019-09-10T17:52Z","EcoCore_CSU","TOC",0.9718,"milligramsPerLiter",1.9,,0,,"OK"
"0a2947a8-0e00-4869-b1fd-4289554431b2","D02","LEWI","LEWI.AOS.groundwater.well.002","LEWI.W2.20190910.FIL","A00000072063","2019-09-10T17:52Z","2019-09-10T17:52Z","EcoCore_CSU","TDN",0.8258,"milligramsPerLiter",2.3,,0,,"OK"
"8cfcde9c-14da-45dd-b8f0-8abea0823419","D02","LEWI","LEWI.AOS.groundwater.well.002","LEWI.W2.20190910.FIL","A00000072063","2019-09-10T17:52Z","2019-09-10T17:52Z","EcoCore_CSU","DOC",1.3280,"milligramsPerLiter",2.9,,0,,"OK"
"fd64cb12-9815-41ce-9600-d07a9b24b6ba","D02","LEWI","LEWI.AOS.groundwater.well.002","LEWI.W2.20190910.FIL","A00000072063","2019-09-10T17:52Z","2019-09-10T17:52Z","EcoCore_CSU","DIC",97.4200,"milligramsPerLiter",1.9,,0,,"OK"
"cfe9e267-882b-4115-b6b8-ae2017c5f617","D02","LEWI","LEWI.AOS.groundwater.well.002","LEWI.W2.20190910.FIL","A00000072063","2019-09-10T17:52Z","2019-09-10T17:52Z","EcoCore_CSU","NO2 - N",-0.0203,"milligramsPerLiter",1.9,,0,,"OK"
"d529347c-2367-48de-905d-09b64dcb0911","D02","LEWI","LEWI.AOS.groundwater.well.002","LEWI.W2.20190910.FIL","A00000072063","2019-09-10T17:52Z","2019-09-10T17:52Z","EcoCore_CSU","NO3+NO2 - N",0.8098,"milligramsPerLiter",1.9,,0,,"OK"
"1ff5e49a-fc19-40f8-b804-5513c7b809da","D02","LEWI","LEWI.AOS.groundwater.well.002","LEWI.W2.20190910.FIL","A00000072063","2019-09-10T17:52Z","2019-09-10T17:52Z","EcoCore_CSU","Ortho - P",0.0150,"milligramsPerLiter",1.9,,0,,"OK"
"58582508-2670-4f2d-a63a-b7beb0c4b15f","D02","LEWI","LEWI.AOS.groundwater.well.002","LEWI.W2.20190910.FIL","A00000072063","2019-09-10T17:52Z","2019-09-10T17:52Z","EcoCore_CSU","NH4 - N",0.0541,"milligramsPerLiter",1.9,,0,,"OK"
"cd62558f-437c-4ce1-80e7-d6c6943daeba","D02","LEWI","LEWI.AOS.groundwater.well.002","LEWI.W2.20190910.PCN","A00000071611","2019-09-10T17:52Z","2019-09-10T17:52Z","EcoCore_CSU","TPC",0.2366,"milligram",1.9,,0,,"OK"
"356d03fe-669d-4347-ae90-f5c2e6e5b421","D02","LEWI","LEWI.AOS.groundwater.well.002","LEWI.W2.20190910.RAW","A00000071571","2019-09-10T17:52Z","2019-09-10T17:52Z","EcoCore_CSU","TSS - Dry Mass",600.0000,"microgram",1.9,,0,,"OK"
