uid,domainID,siteID,namedLocation,collectDate,parentSampleID,sampleCondition,sampleID,replicateNumber,gwwDICBubbleFree,gwwFiltSampleHeadspace,gwwAlkSampleHeadspace,gwwAlkSampleBubbleFree,processedDate,processedDateFilters,sampleVolumeFiltered,shipmentTimeRange
"ac87a5a5-4e2d-4e4d-b829-9aca9c322007","D02","LEWI","LEWI.AOS.groundwater.well.001","2019-09-10T13:19Z","LEWI.W1.20190910","Sample condition ok","LEWI.W1.20190910",1,,,,,"2019-09-10T13:19Z","2019-09-10T13:19Z",400.0,
"8d1937f5-4693-4b1c-89e3-24ac39bcf280","D02","LEWI","LEWI.AOS.groundwater.well.008","2019-09-10T14:49Z","LEWI.W8.20190910","Sample condition ok","LEWI.W8.20190910",1,,,,,"2019-09-10T14:49Z","2019-09-10T14:49Z",150.0,
"08f990c2-9960-47af-b0a1-e44c48988658","D02","LEWI","LEWI.AOS.groundwater.well.006","2019-09-10T16:30Z","LEWI.W6.20190910","Sample condition ok","LEWI.W6.20190910",1,,,,,"2019-09-10T16:30Z","2019-09-10T16:30Z",300.0,
"a456c665-2383-49ae-92e8-ea4b5afcb5c6","D02","LEWI","LEWI.AOS.groundwater.well.002","2019-09-10T17:52Z","LEWI.W2.20190910","Sample condition ok","LEWI.W2.20190910",1,,,,,"2019-09-10T17:52Z","2019-09-10T18:04Z",400.0,
