uid,domainID,siteID,namedLocation,decimalLatitude,decimalLongitude,coordinateUncertainty,elevation,elevationUncertainty,geodeticDatum,collectDate,aquaticSiteType,samplingImpractical,waterChemSamplesCollected,adequateSampleVol,parentSampleID,eventID,swcSamplingProtocolVersion,sampleExtractionMethod,samplerType,totalWellDepth,wellWaterDepth,waterColumnHeight,sampleDepth,purgeAverageDischargeRate,purgeTime,gwWellStabilized,purgeDryDateTime,pumpPlacementDate,screenedIntervalDepth,maxAllowableDrawdown,actualDrawdown,MADExceeded,wellVolumePurged,probeIDUnavailable,dissolvedOxygen,dissolvedOxygenSaturation,specificConductance,waterTemp,pH,waterClarityDescrip,waterColorDescrip,aCollectedBy,bCollectedBy,remarks
"d78d0b96-535d-4a57-abc7-7416c6690a75","D02","LEWI","LEWI.AOS.groundwater.well.001",39.095597,-77.982949,0.1,128.8,0.1,"WGS84","2019-09-10T13:19Z","stream",,,"Y","LEWI.W1.20190910","LEWI.20190910","NEON.DOC.002905vF","low-flow","Groundwater Pump",5.5,2.5,3.0,3.5,,,,,,,,,,3.5,,4.77,47.90,637.00,14.90,7.08,"clear","colorless","0000-0003-3114-5862","0000-0001-7904-875X",
"216ff5d6-399c-44f8-a719-aa93ced24ead","D02","LEWI","LEWI.AOS.groundwater.well.008",39.094301,-77.981340,0.1,127.5,0.1,"WGS84","2019-09-10T14:49Z","stream",,,"Y","LEWI.W8.20190910","LEWI.20190910","NEON.DOC.002905vF","low-flow","Groundwater Pump",5.4,2.8,2.6,3.8,,,,,,,,,,5.1,,4.30,44.50,663.00,17.40,7.24,"cloudy","brown","0000-0003-3114-5862","0000-0002-3192-2230",
"d6d1f2ce-4452-4eb3-a908-6f134be9d0b3","D02","LEWI","LEWI.AOS.groundwater.well.006",39.094122,-77.981443,0.1,127.8,0.1,"WGS84","2019-09-10T16:30Z","stream",,,"Y","LEWI.W6.20190910","LEWI.20190910","NEON.DOC.002905vF","low-flow","Groundwater Pump",6.9,3.0,3.9,4.0,,,,,,,,,,4.8,,1.44,15.10,681.00,17.30,7.03,"clear","colorless","0000-0003-3114-5862","0000-0001-7904-875X",
"1bc698b4-bb35-4c44-bccc-ead67fdaf487","D02","LEWI","LEWI.AOS.groundwater.well.002",39.095452,-77.983050,0.1,128.6,0.1,"WGS84","2019-09-10T17:52Z","stream",,,"Y","LEWI.W2.20190910","LEWI.20190910","NEON.DOC.002905vF","low-flow","Groundwater Pump",5.4,2.5,2.8,3.5,,,,,,,,,,4.8,,4.43,45.10,665.00,16.30,7.21,"clear","colorless","0000-0003-3114-5862","0000-0002-3192-2230",
