uid,domainID,siteID,namedLocation,decimalLatitude,decimalLongitude,coordinateUncertainty,elevation,elevationUncertainty,geodeticDatum,collectDate,aquaticSiteType,samplingImpractical,waterChemSamplesCollected,adequateSampleVol,parentSampleID,eventID,swcSamplingProtocolVersion,sampleExtractionMethod,samplerType,totalWellDepth,wellWaterDepth,waterColumnHeight,sampleDepth,purgeAverageDischargeRate,purgeTime,gwWellStabilized,purgeDryDateTime,pumpPlacementDate,screenedIntervalDepth,maxAllowableDrawdown,actualDrawdown,MADExceeded,wellVolumePurged,probeIDUnavailable,dissolvedOxygen,dissolvedOxygenSaturation,specificConductance,waterTemp,pH,waterClarityDescrip,waterColorDescrip,aCollectedBy,bCollectedBy,remarks
"8ebb5157-3628-4dfe-9dda-9260cfbdeb4b","D08","MAYF","MAYF.AOS.groundwater.well.001",32.960476,-87.407716,0.1,72.4,0.1,"WGS84","2017-03-13T16:00Z","stream",,,,"MAYF.W1.20170313","MAYF.20170313","NEON.DOC.002905vC","low-flow",,,2.8,,2.9,,,,,,,,,,9.4,,4.00,39.80,24.60,13.20,,,,"jgalloway@neoninc.org","kbrown@neoninc.org",
"1d803fb3-1afa-4376-8f18-561b57f55ffe","D08","MAYF","MAYF.AOS.groundwater.well.003",32.960724,-87.408415,0.1,73.3,0.1,"WGS84","2017-03-13T17:27Z","stream",,,,"MAYF.W3.20170313","MAYF.20170313","NEON.DOC.002905vC","low-flow",,,3.5,,1.9,,,,,,,,,,14.1,,3.27,32.10,23.10,15.00,,,,"jgalloway@neoninc.org","kbrown@neoninc.org",
"826ea14e-00db-45ab-a71d-66a9f6742dc7","D08","MAYF","MAYF.AOS.groundwater.well.008",32.961499,-87.408173,0.1,73.5,0.1,"WGS84","2017-03-13T17:55Z","stream",,,,"MAYF.W8.20170313","MAYF.20170313","NEON.DOC.002905vC","low-flow",,,4.2,,3.4,,,,,,,,,,11.0,,2.73,,23.40,14.70,,,,"jgalloway@neoninc.org","kbrown@neoninc.org",
"872a685b-80d6-485e-b033-fb451e5787f5","D08","MAYF","MAYF.AOS.groundwater.well.006",32.961276,-87.407836,0.1,74.2,0.1,"WGS84","2017-03-13T19:24Z","stream",,,,"MAYF.W6.20170313","MAYF.20170313","NEON.DOC.002905vC","low-flow",,,3.2,,2.1,,,,,,,,,,13.3,,0.41,,16.80,13.90,,,,"jgalloway@neoninc.org","kbrown@neoninc.org",
