uid,domainID,siteID,namedLocation,collectDate,parentSampleID,sampleCondition,sampleID,replicateNumber,gwwDICBubbleFree,gwwFiltSampleHeadspace,gwwAlkSampleHeadspace,gwwAlkSampleBubbleFree,processedDate,processedDateFilters,sampleVolumeFiltered,shipmentTimeRange
"e05ba143-c3b5-4f62-a499-356b4a354b82","D08","MAYF","MAYF.AOS.groundwater.well.001","2017-03-13T16:00Z","MAYF.W1.20170313",,"MAYF.W1.20170313",,,,,,"2017-03-13T16:15Z","2017-03-13T16:15Z",50.0,
"8684faf3-7944-47fe-821f-794c6ac39420","D08","MAYF","MAYF.AOS.groundwater.well.003","2017-03-13T17:27Z","MAYF.W3.20170313",,"MAYF.W3.20170313",,,,,,"2017-03-13T17:29Z","2017-03-13T17:29Z",50.0,
"09ebbec9-eae6-4eff-bbef-4b57c085f5b9","D08","MAYF","MAYF.AOS.groundwater.well.008","2017-03-13T17:55Z","MAYF.W8.20170313",,"MAYF.W8.20170313",,,,,,"2017-03-13T17:55Z","2017-03-13T17:55Z",50.0,
"c8a9bbf4-741a-4d44-b7fa-38f3c4d5a851","D08","MAYF","MAYF.AOS.groundwater.well.006","2017-03-13T19:24Z","MAYF.W6.20170313",,"MAYF.W6.20170313",,,,,,"2017-03-13T19:30Z","2017-03-13T19:30Z",50.0,
