uid,domainID,siteID,namedLocation,sampleID,sampleCode,startDate,collectDate,laboratoryName,analyte,analyteConcentration,analyteUnits,coolerTemp,remarks,shipmentWarmQF,externalLabDataQF,sampleCondition
"39051f01-a717-4dfd-b4e3-12645921bc65","D08","MAYF","MAYF.AOS.groundwater.well.001","MAYF.W1.20170313.FIL",,"2017-03-13T16:00Z","2017-03-13T16:00Z","EcoCore_CSU","CO3",0.0050,"milligramsPerLiter",3.3,,0,"formatChange|legacyData","GOOD"
"ed6c30e9-1aea-4154-8662-9f06d6fd2e23","D08","MAYF","MAYF.AOS.groundwater.well.001","MAYF.W1.20170313.FIL",,"2017-03-13T16:00Z","2017-03-13T16:00Z","EcoCore_CSU","F",0.0050,"milligramsPerLiter",3.3,,0,"formatChange|legacyData","GOOD"
"089ca24e-0928-47c6-86f6-48c0a41c11f7","D08","MAYF","MAYF.AOS.groundwater.well.001","MAYF.W1.20170313.FIL",,"2017-03-13T16:00Z","2017-03-13T16:00Z","EcoCore_CSU","TDN",0.2049,"milligramsPerLiter",3.3,,0,"formatChange|legacyData","GOOD"
"322b2ad8-650e-4dc1-8ec1-d72c866c1062","D08","MAYF","MAYF.AOS.groundwater.well.001","MAYF.W1.20170313.RAW",,"2017-03-13T16:00Z","2017-03-13T16:00Z","EcoCore_CSU","TSS",72.0000,"milligramsPerLiter",3.3,,0,"formatChange|legacyData","GOOD"
"8b5aa972-ba98-4e78-b1f0-101c3501808b","D08","MAYF","MAYF.AOS.groundwater.well.001","MAYF.W1.20170313.FIL",,"2017-03-13T16:00Z","2017-03-13T16:00Z","EcoCore_CSU","TDS",15.8700,"milligramsPerLiter",3.3,,0,"formatChange|legacyData","GOOD"
"e92d14af-bf94-41a5-94b3-ba5f01889ffd","D08","MAYF","MAYF.AOS.groundwater.well.001","MAYF.W1.20170313.FIL",,"2017-03-13T16:00Z","2017-03-13T16:00Z","EcoCore_CSU","K",1.5070,"milligramsPerLiter",3.3,,0,"formatChange|legacyData","GOOD"
"5d50ffed-d6f4-4f4b-a6d9-3768f4ce8ce0","D08","MAYF","MAYF.AOS.groundwater.well.001","MAYF.W1.20170313.FIL",,"2017-03-13T16:00Z","2017-03-13T16:00Z","EcoCore_CSU","Na",1.7120,"milligramsPerLiter",3.3,,0,"formatChange|legacyData","GOOD"
"37f112c3-a2c0-4856-af4d-496d2bb74b1c","D08","MAYF","MAYF.AOS.groundwater.well.001","MAYF.W1.20170313.FIL",,"2017-03-13T16:00Z","2017-03-13T16:00Z","EcoCore_CSU","Ortho - P",0.0250,"milligramsPerLiter",3.3,,0,"formatChange|legacyData","GOOD"
"f6dfe0b5-cd80-4ebc-be88-ce2a911a68b3","D08","MAYF","MAYF.AOS.groundwater.well.001","MAYF.W1.20170313.FIL",,"2017-03-13T16:00Z","2017-03-13T16:00Z","EcoCore_CSU","UV Absorbance (280 nm)",0.0757,,3.3,,0,"formatChange|legacyData","GOOD"
"3b31c451-e6dd-4014-99f8-e41cf2844d9c","D08","MAYF","MAYF.AOS.groundwater.well.001","MAYF.W1.20170313.PCN",,"2017-03-13T16:00Z","2017-03-13T16:00Z","EcoCore_CSU","TPN",0.0895,"milligram",3.3,,0,"formatChange|legacyData","GOOD"
"60a2a835-be65-42b3-b68d-21fd81f74281","D08","MAYF","MAYF.AOS.groundwater.well.001","MAYF.W1.20170313.FIL",,"2017-03-13T16:00Z","2017-03-13T16:00Z","EcoCore_CSU","UV Absorbance (250 nm)",0.1034,,3.3,,0,"formatChange|legacyData","GOOD"
"e08b1381-dd89-4586-b65e-6f6411681c2f","D08","MAYF","MAYF.AOS.groundwater.well.001","MAYF.W1.20170313.RAW",,"2017-03-13T16:00Z","2017-03-13T16:00Z","EcoCore_CSU","TP",0.0040,"milligramsPerLiter",3.3,,0,"formatChange|legacyData","GOOD"
"6c0452fd-e322-4641-a628-24e2834ac4b0","D08","MAYF","MAYF.AOS.groundwater.well.001","MAYF.W1.20170313.FIL",,"2017-03-13T16:00Z","2017-03-13T16:00Z","EcoCore_CSU","DOC",2.3990,"milligramsPerLiter",3.3,,0,"formatChange|legacyData","GOOD"
"00f6b3ee-670c-466b-b4fe-9062b04e42ce","D08","MAYF","MAYF.AOS.groundwater.well.001","MAYF.W1.20170313.RAW",,"2017-03-13T16:00Z","2017-03-13T16:00Z","EcoCore_CSU","TOC",3.1040,"milligramsPerLiter",3.3,,0,"formatChange|legacyData","GOOD"
"bc788631-e0ca-4119-8bc6-cda86fce6ee0","D08","MAYF","MAYF.AOS.groundwater.well.001","MAYF.W1.20170313.RAW",,"2017-03-13T16:00Z","2017-03-13T16:00Z","EcoCore_CSU","pH",5.6100,"pH",3.3,,0,"formatChange|legacyData","GOOD"
"cb1cff92-6378-431e-bf31-eccc7a3ca986","D08","MAYF","MAYF.AOS.groundwater.well.001","MAYF.W1.20170313.RAW",,"2017-03-13T16:00Z","2017-03-13T16:00Z","EcoCore_CSU","ANC",0.1370,"milliequivalentsPerLiter",3.3,,0,"formatChange|legacyData","GOOD"
"88b72b04-de0f-4a52-8f98-aa018b5da9bc","D08","MAYF","MAYF.AOS.groundwater.well.001","MAYF.W1.20170313.RAW",,"2017-03-13T16:00Z","2017-03-13T16:00Z","EcoCore_CSU","conductivity",23.4500,"microsiemensPerCentimeter",3.3,,0,"formatChange|legacyData","GOOD"
"eac8c2b8-a4b0-4670-b679-3f67037f8ffe","D08","MAYF","MAYF.AOS.groundwater.well.001","MAYF.W1.20170313.FIL",,"2017-03-13T16:00Z","2017-03-13T16:00Z","EcoCore_CSU","Br",0.1240,"milligramsPerLiter",3.3,,0,"formatChange|legacyData","GOOD"
"c7ee417f-44dc-4398-a34a-daa7fa8153cb","D08","MAYF","MAYF.AOS.groundwater.well.001","MAYF.W1.20170313.FIL",,"2017-03-13T16:00Z","2017-03-13T16:00Z","EcoCore_CSU","NH4 - N",0.0560,"milligramsPerLiter",3.3,,0,"formatChange|legacyData","GOOD"
"0cf99eac-5b1c-4548-adef-74f0c3923cdc","D08","MAYF","MAYF.AOS.groundwater.well.001","MAYF.W1.20170313.RAW",,"2017-03-13T16:00Z","2017-03-13T16:00Z","EcoCore_CSU","TSS - Dry Mass",1800.0000,"microgram",3.3,,0,"formatChange|legacyData","GOOD"
"40d9fd4d-6442-48ed-a8a8-f464d3972dd7","D08","MAYF","MAYF.AOS.groundwater.well.001","MAYF.W1.20170313.FIL",,"2017-03-13T16:00Z","2017-03-13T16:00Z","EcoCore_CSU","NO3+NO2 - N",0.0000,"milligramsPerLiter",3.3,,0,"formatChange|legacyData","GOOD"
"85b8a4e8-c702-4ba8-b90d-993148873b0e","D08","MAYF","MAYF.AOS.groundwater.well.001","MAYF.W1.20170313.FIL",,"2017-03-13T16:00Z","2017-03-13T16:00Z","EcoCore_CSU","DIC",9.1060,"milligramsPerLiter",3.3,,0,"formatChange|legacyData","GOOD"
"458a777f-70ef-464e-9136-b35af6789f53","D08","MAYF","MAYF.AOS.groundwater.well.001","MAYF.W1.20170313.FIL",,"2017-03-13T16:00Z","2017-03-13T16:00Z","EcoCore_CSU","Cl",1.8256,"milligramsPerLiter",3.3,,0,"formatChange|legacyData","GOOD"
"3eaebc65-0c20-47f6-8716-287a8d5e2e4b","D08","MAYF","MAYF.AOS.groundwater.well.001","MAYF.W1.20170313.FIL",,"2017-03-13T16:00Z","2017-03-13T16:00Z","EcoCore_CSU","Si",5.7874,"milligramsPerLiter",3.3,,0,"formatChange|legacyData","GOOD"
"3c21c533-4e8f-4a4f-b7e9-9f5c4a98f25f","D08","MAYF","MAYF.AOS.groundwater.well.001","MAYF.W1.20170313.FIL",,"2017-03-13T16:00Z","2017-03-13T16:00Z","EcoCore_CSU","Fe",5.1531,"milligramsPerLiter",3.3,,0,"formatChange|legacyData","GOOD"
"b1260957-692a-4f2e-a36b-7959778055a9","D08","MAYF","MAYF.AOS.groundwater.well.001","MAYF.W1.20170313.RAW",,"2017-03-13T16:00Z","2017-03-13T16:00Z","EcoCore_CSU","TN",0.2633,"milligramsPerLiter",3.3,,0,"formatChange|legacyData","GOOD"
"d3e0fbff-97ab-4113-b4ca-793350c3fa4b","D08","MAYF","MAYF.AOS.groundwater.well.001","MAYF.W1.20170313.FIL",,"2017-03-13T16:00Z","2017-03-13T16:00Z","EcoCore_CSU","SO4",2.3400,"milligramsPerLiter",3.3,,0,"formatChange|legacyData","GOOD"
"84fac165-a644-4920-8ebf-f67d9475466b","D08","MAYF","MAYF.AOS.groundwater.well.001","MAYF.W1.20170313.FIL",,"2017-03-13T16:00Z","2017-03-13T16:00Z","EcoCore_CSU","HCO3",7.7520,"milligramsPerLiter",3.3,,0,"formatChange|legacyData","GOOD"
"0a2c10c0-0a1b-4620-be63-42202874ec76","D08","MAYF","MAYF.AOS.groundwater.well.001","MAYF.W1.20170313.FIL",,"2017-03-13T16:00Z","2017-03-13T16:00Z","EcoCore_CSU","Mg",0.6510,"milligramsPerLiter",3.3,,0,"formatChange|legacyData","GOOD"
"70f970b4-502e-4c6a-bb80-bb9db1d07b91","D08","MAYF","MAYF.AOS.groundwater.well.001","MAYF.W1.20170313.FIL",,"2017-03-13T16:00Z","2017-03-13T16:00Z","EcoCore_CSU","NO2 - N",0.0090,"milligramsPerLiter",3.3,,0,"formatChange|legacyData","GOOD"
"92da2803-4334-47bf-90ff-c52209d34d94","D08","MAYF","MAYF.AOS.groundwater.well.001","MAYF.W1.20170313.FIL",,"2017-03-13T16:00Z","2017-03-13T16:00Z","EcoCore_CSU","Ca",1.2130,"milligramsPerLiter",3.3,,0,"formatChange|legacyData","GOOD"
"c4617f10-ab47-4ace-aaf4-35a0cc3cab05","D08","MAYF","MAYF.AOS.groundwater.well.001","MAYF.W1.20170313.FIL",,"2017-03-13T16:00Z","2017-03-13T16:00Z","EcoCore_CSU","Mn",0.0212,"milligramsPerLiter",3.3,,0,"formatChange|legacyData","GOOD"
"3fa3a2e8-59d5-4a2b-87e0-5728c4ac4a99","D08","MAYF","MAYF.AOS.groundwater.well.001","MAYF.W1.20170313.PCN",,"2017-03-13T16:00Z","2017-03-13T16:00Z","EcoCore_CSU","TPC",0.2989,"milligram",3.3,,0,"formatChange|legacyData","GOOD"
"50a60954-94c2-4a75-b3df-08b0934c1eb7","D08","MAYF","MAYF.AOS.groundwater.well.001","MAYF.W1.20170313.FIL",,"2017-03-13T16:00Z","2017-03-13T16:00Z","EcoCore_CSU","TDP",0.0030,"milligramsPerLiter",3.3,,0,"formatChange|legacyData","GOOD"
"13e1538a-3adb-4fbd-b584-6854eeba11ad","D08","MAYF","MAYF.AOS.groundwater.well.003","MAYF.W3.20170313.FIL",,"2017-03-13T17:27Z","2017-03-13T17:27Z","EcoCore_CSU","DIC",5.7570,"milligramsPerLiter",3.3,,0,"formatChange|legacyData","GOOD"
"495ce417-df3e-4906-8397-86ae8092c50d","D08","MAYF","MAYF.AOS.groundwater.well.003","MAYF.W3.20170313.FIL",,"2017-03-13T17:27Z","2017-03-13T17:27Z","EcoCore_CSU","TDN",0.0765,"milligramsPerLiter",3.3,,0,"formatChange|legacyData","GOOD"
"bb490661-b914-43e8-883c-b9f611ef087c","D08","MAYF","MAYF.AOS.groundwater.well.003","MAYF.W3.20170313.FIL",,"2017-03-13T17:27Z","2017-03-13T17:27Z","EcoCore_CSU","F",0.0050,"milligramsPerLiter",3.3,,0,"formatChange|legacyData","GOOD"
"9ff22372-c0a5-4dc5-8954-0217e08b225a","D08","MAYF","MAYF.AOS.groundwater.well.003","MAYF.W3.20170313.FIL",,"2017-03-13T17:27Z","2017-03-13T17:27Z","EcoCore_CSU","NO3+NO2 - N",0.0190,"milligramsPerLiter",3.3,,0,"formatChange|legacyData","GOOD"
"c096fe72-4304-4ffb-81ac-c6b1ff02905e","D08","MAYF","MAYF.AOS.groundwater.well.003","MAYF.W3.20170313.FIL",,"2017-03-13T17:27Z","2017-03-13T17:27Z","EcoCore_CSU","Ortho - P",0.0250,"milligramsPerLiter",3.3,,0,"formatChange|legacyData","GOOD"
"6d4a753e-f121-44b5-be45-2fa8a4de7e50","D08","MAYF","MAYF.AOS.groundwater.well.003","MAYF.W3.20170313.FIL",,"2017-03-13T17:27Z","2017-03-13T17:27Z","EcoCore_CSU","Mg",0.5670,"milligramsPerLiter",3.3,,0,"formatChange|legacyData","GOOD"
"93c070d4-7cdc-46f6-a675-279eee6e6229","D08","MAYF","MAYF.AOS.groundwater.well.003","MAYF.W3.20170313.FIL",,"2017-03-13T17:27Z","2017-03-13T17:27Z","EcoCore_CSU","NH4 - N",-0.0380,"milligramsPerLiter",3.3,,0,"formatChange|legacyData","GOOD"
"926030aa-b04a-4b47-89d2-5af0281928d2","D08","MAYF","MAYF.AOS.groundwater.well.003","MAYF.W3.20170313.FIL",,"2017-03-13T17:27Z","2017-03-13T17:27Z","EcoCore_CSU","Ca",1.0569,"milligramsPerLiter",3.3,,0,"formatChange|legacyData","GOOD"
"718a52f1-5b5f-4c41-bd94-2e00fb7922ac","D08","MAYF","MAYF.AOS.groundwater.well.003","MAYF.W3.20170313.RAW",,"2017-03-13T17:27Z","2017-03-13T17:27Z","EcoCore_CSU","TN",0.0276,"milligramsPerLiter",3.3,,0,"formatChange|legacyData","GOOD"
"d0eb2c59-ed65-4ac7-b178-99ebe1c8607a","D08","MAYF","MAYF.AOS.groundwater.well.003","MAYF.W3.20170313.FIL",,"2017-03-13T17:27Z","2017-03-13T17:27Z","EcoCore_CSU","Cl",1.5154,"milligramsPerLiter",3.3,,0,"formatChange|legacyData","GOOD"
"935ec6eb-6d1a-4582-aff3-d5bc2ebb1b49","D08","MAYF","MAYF.AOS.groundwater.well.003","MAYF.W3.20170313.FIL",,"2017-03-13T17:27Z","2017-03-13T17:27Z","EcoCore_CSU","DOC",0.3469,"milligramsPerLiter",3.3,,0,"formatChange|legacyData","GOOD"
"03870bd3-f13d-4937-9ae2-97524697b7d8","D08","MAYF","MAYF.AOS.groundwater.well.003","MAYF.W3.20170313.PCN",,"2017-03-13T17:27Z","2017-03-13T17:27Z","EcoCore_CSU","TPC",0.3047,"milligram",3.3,,0,"formatChange|legacyData","GOOD"
"74d9820e-563b-4c51-92be-2501a9c70b82","D08","MAYF","MAYF.AOS.groundwater.well.003","MAYF.W3.20170313.FIL",,"2017-03-13T17:27Z","2017-03-13T17:27Z","EcoCore_CSU","SO4",1.9378,"milligramsPerLiter",3.3,,0,"formatChange|legacyData","GOOD"
"0a95f0a9-e8c7-4dc9-8e0a-566383ced6e6","D08","MAYF","MAYF.AOS.groundwater.well.003","MAYF.W3.20170313.FIL",,"2017-03-13T17:27Z","2017-03-13T17:27Z","EcoCore_CSU","UV Absorbance (250 nm)",0.0559,,3.3,,0,"formatChange|legacyData","GOOD"
"ce0d6a2e-812b-4d25-9369-3e562b074fb5","D08","MAYF","MAYF.AOS.groundwater.well.003","MAYF.W3.20170313.RAW",,"2017-03-13T17:27Z","2017-03-13T17:27Z","EcoCore_CSU","TSS",44.0000,"milligramsPerLiter",3.3,,0,"formatChange|legacyData","GOOD"
"7577c881-5845-4e40-8441-5668d68930ba","D08","MAYF","MAYF.AOS.groundwater.well.003","MAYF.W3.20170313.FIL",,"2017-03-13T17:27Z","2017-03-13T17:27Z","EcoCore_CSU","Si",7.5526,"milligramsPerLiter",3.3,,0,"formatChange|legacyData","GOOD"
"f29678e3-34f0-4f80-8769-58c20b362027","D08","MAYF","MAYF.AOS.groundwater.well.003","MAYF.W3.20170313.FIL",,"2017-03-13T17:27Z","2017-03-13T17:27Z","EcoCore_CSU","UV Absorbance (280 nm)",0.0495,,3.3,,0,"formatChange|legacyData","GOOD"
"47ca609c-f233-4623-8ca8-58a26f8d7007","D08","MAYF","MAYF.AOS.groundwater.well.003","MAYF.W3.20170313.RAW",,"2017-03-13T17:27Z","2017-03-13T17:27Z","EcoCore_CSU","TOC",1.9270,"milligramsPerLiter",3.3,,0,"formatChange|legacyData","GOOD"
"685e18f6-4573-4961-aab2-2515cbb3c36b","D08","MAYF","MAYF.AOS.groundwater.well.003","MAYF.W3.20170313.FIL",,"2017-03-13T17:27Z","2017-03-13T17:27Z","EcoCore_CSU","K",2.3298,"milligramsPerLiter",3.3,,0,"formatChange|legacyData","GOOD"
"8b64693e-ed60-4a29-9413-356488bea400","D08","MAYF","MAYF.AOS.groundwater.well.003","MAYF.W3.20170313.FIL",,"2017-03-13T17:27Z","2017-03-13T17:27Z","EcoCore_CSU","HCO3",7.3580,"milligramsPerLiter",3.3,,0,"formatChange|legacyData","GOOD"
"429e705c-8a0f-4984-b5fd-be87c2ace2e8","D08","MAYF","MAYF.AOS.groundwater.well.003","MAYF.W3.20170313.PCN",,"2017-03-13T17:27Z","2017-03-13T17:27Z","EcoCore_CSU","TPN",0.1114,"milligram",3.3,,0,"formatChange|legacyData","GOOD"
"734dca65-7eec-4877-a752-0f091e06bdbb","D08","MAYF","MAYF.AOS.groundwater.well.003","MAYF.W3.20170313.RAW",,"2017-03-13T17:27Z","2017-03-13T17:27Z","EcoCore_CSU","TSS - Dry Mass",1100.0000,"microgram",3.3,,0,"formatChange|legacyData","GOOD"
"24fb551f-57c7-4790-bb83-683355354051","D08","MAYF","MAYF.AOS.groundwater.well.003","MAYF.W3.20170313.RAW",,"2017-03-13T17:27Z","2017-03-13T17:27Z","EcoCore_CSU","pH",5.8500,"pH",3.3,,0,"formatChange|legacyData","GOOD"
"8581dc8a-d383-4a5f-a001-334046114c07","D08","MAYF","MAYF.AOS.groundwater.well.003","MAYF.W3.20170313.FIL",,"2017-03-13T17:27Z","2017-03-13T17:27Z","EcoCore_CSU","Na",1.0689,"milligramsPerLiter",3.3,,0,"formatChange|legacyData","GOOD"
"fd98132c-da08-4414-88f8-bd336329be84","D08","MAYF","MAYF.AOS.groundwater.well.003","MAYF.W3.20170313.FIL",,"2017-03-13T17:27Z","2017-03-13T17:27Z","EcoCore_CSU","NO2 - N",0.0130,"milligramsPerLiter",3.3,,0,"formatChange|legacyData","GOOD"
"97a134c7-b38d-4f20-b6bb-e67b9b8198bc","D08","MAYF","MAYF.AOS.groundwater.well.003","MAYF.W3.20170313.FIL",,"2017-03-13T17:27Z","2017-03-13T17:27Z","EcoCore_CSU","Mn",0.0041,"milligramsPerLiter",3.3,,0,"formatChange|legacyData","GOOD"
"989921cf-3f8b-43a3-8410-818ffe573518","D08","MAYF","MAYF.AOS.groundwater.well.003","MAYF.W3.20170313.RAW",,"2017-03-13T17:27Z","2017-03-13T17:27Z","EcoCore_CSU","ANC",0.1350,"milliequivalentsPerLiter",3.3,,0,"formatChange|legacyData","GOOD"
"3f2047ff-0909-4718-9bcb-97f5463822e5","D08","MAYF","MAYF.AOS.groundwater.well.003","MAYF.W3.20170313.FIL",,"2017-03-13T17:27Z","2017-03-13T17:27Z","EcoCore_CSU","Br",0.0050,"milligramsPerLiter",3.3,,0,"formatChange|legacyData","GOOD"
"b9221ca9-94ff-4246-9efa-82f7160e8db9","D08","MAYF","MAYF.AOS.groundwater.well.003","MAYF.W3.20170313.FIL",,"2017-03-13T17:27Z","2017-03-13T17:27Z","EcoCore_CSU","TDP",0.0170,"milligramsPerLiter",3.3,,0,"formatChange|legacyData","GOOD"
"020c7e4f-6544-4df6-8fb3-82301888c4a4","D08","MAYF","MAYF.AOS.groundwater.well.003","MAYF.W3.20170313.RAW",,"2017-03-13T17:27Z","2017-03-13T17:27Z","EcoCore_CSU","TP",0.0190,"milligramsPerLiter",3.3,,0,"formatChange|legacyData","GOOD"
"1a18a227-8f6a-4fa5-8e61-ec34330326bf","D08","MAYF","MAYF.AOS.groundwater.well.003","MAYF.W3.20170313.RAW",,"2017-03-13T17:27Z","2017-03-13T17:27Z","EcoCore_CSU","conductivity",21.4300,"microsiemensPerCentimeter",3.3,,0,"formatChange|legacyData","GOOD"
"26fa637f-597f-4cff-ba95-4969cec341c5","D08","MAYF","MAYF.AOS.groundwater.well.003","MAYF.W3.20170313.FIL",,"2017-03-13T17:27Z","2017-03-13T17:27Z","EcoCore_CSU","Fe",0.3430,"milligramsPerLiter",3.3,,0,"formatChange|legacyData","GOOD"
"39805b7f-f0e3-4a8b-bdd7-825251c7f415","D08","MAYF","MAYF.AOS.groundwater.well.003","MAYF.W3.20170313.FIL",,"2017-03-13T17:27Z","2017-03-13T17:27Z","EcoCore_CSU","TDS",14.2900,"milligramsPerLiter",3.3,,0,"formatChange|legacyData","GOOD"
"c7cc9c0a-8d7c-4972-b919-f2d3ece5f912","D08","MAYF","MAYF.AOS.groundwater.well.003","MAYF.W3.20170313.FIL",,"2017-03-13T17:27Z","2017-03-13T17:27Z","EcoCore_CSU","CO3",0.0050,"milligramsPerLiter",3.3,,0,"formatChange|legacyData","GOOD"
"74af8e2a-0511-4c4f-a679-6bb9236e01e5","D08","MAYF","MAYF.AOS.groundwater.well.008","MAYF.W8.20170313.RAW",,"2017-03-13T17:55Z","2017-03-13T17:55Z","EcoCore_CSU","TSS",140.0000,"milligramsPerLiter",3.3,,0,"formatChange|legacyData","GOOD"
"0fd1df3c-a1b7-41a7-8a06-ea6880ef202a","D08","MAYF","MAYF.AOS.groundwater.well.008","MAYF.W8.20170313.FIL",,"2017-03-13T17:55Z","2017-03-13T17:55Z","EcoCore_CSU","SO4",3.1688,"milligramsPerLiter",3.3,,0,"formatChange|legacyData","GOOD"
"937bcadf-5e5f-4350-80e5-6890bd6dc67d","D08","MAYF","MAYF.AOS.groundwater.well.008","MAYF.W8.20170313.FIL",,"2017-03-13T17:55Z","2017-03-13T17:55Z","EcoCore_CSU","HCO3",2.5250,"milligramsPerLiter",3.3,,0,"formatChange|legacyData","GOOD"
"db7746f2-03f1-4265-afe1-30596fc10904","D08","MAYF","MAYF.AOS.groundwater.well.008","MAYF.W8.20170313.FIL",,"2017-03-13T17:55Z","2017-03-13T17:55Z","EcoCore_CSU","DOC",1.1560,"milligramsPerLiter",3.3,,0,"formatChange|legacyData","GOOD"
"88636a41-eacd-42db-8953-42d6e5257674","D08","MAYF","MAYF.AOS.groundwater.well.008","MAYF.W8.20170313.FIL",,"2017-03-13T17:55Z","2017-03-13T17:55Z","EcoCore_CSU","TDN",0.0276,"milligramsPerLiter",3.3,,0,"formatChange|legacyData","GOOD"
"89aae1eb-2c73-4699-9d7c-2854a831d4ad","D08","MAYF","MAYF.AOS.groundwater.well.008","MAYF.W8.20170313.FIL",,"2017-03-13T17:55Z","2017-03-13T17:55Z","EcoCore_CSU","DIC",4.7950,"milligramsPerLiter",3.3,,0,"formatChange|legacyData","GOOD"
"f2f16057-9d54-4980-b52a-9883b9890968","D08","MAYF","MAYF.AOS.groundwater.well.008","MAYF.W8.20170313.RAW",,"2017-03-13T17:55Z","2017-03-13T17:55Z","EcoCore_CSU","ANC",0.0520,"milliequivalentsPerLiter",3.3,,0,"formatChange|legacyData","GOOD"
"52909dbe-03e5-4a4a-8e9e-2b94ac50b337","D08","MAYF","MAYF.AOS.groundwater.well.008","MAYF.W8.20170313.FIL",,"2017-03-13T17:55Z","2017-03-13T17:55Z","EcoCore_CSU","K",0.1279,"milligramsPerLiter",3.3,,0,"formatChange|legacyData","GOOD"
"14e6d32d-7b7f-49be-b696-70e895a1e87c","D08","MAYF","MAYF.AOS.groundwater.well.008","MAYF.W8.20170313.FIL",,"2017-03-13T17:55Z","2017-03-13T17:55Z","EcoCore_CSU","Cl",1.8990,"milligramsPerLiter",3.3,,0,"formatChange|legacyData","GOOD"
"61ee2ad4-3ab3-404e-9231-b7676b55cb5d","D08","MAYF","MAYF.AOS.groundwater.well.008","MAYF.W8.20170313.FIL",,"2017-03-13T17:55Z","2017-03-13T17:55Z","EcoCore_CSU","TDS",12.0400,"milligramsPerLiter",3.3,,0,"formatChange|legacyData","GOOD"
"aad9c1a9-6f65-465b-b1bf-6ab74b2c8df4","D08","MAYF","MAYF.AOS.groundwater.well.008","MAYF.W8.20170313.FIL",,"2017-03-13T17:55Z","2017-03-13T17:55Z","EcoCore_CSU","Ca",0.5714,"milligramsPerLiter",3.3,,0,"formatChange|legacyData","GOOD"
"921b713f-8d7c-4f34-a3ad-cbb6e2920785","D08","MAYF","MAYF.AOS.groundwater.well.008","MAYF.W8.20170313.PCN",,"2017-03-13T17:55Z","2017-03-13T17:55Z","EcoCore_CSU","TPN",0.1364,"milligram",3.3,,0,"formatChange|legacyData","GOOD"
"f5885ac1-d74d-4ef5-9866-36cf6870121d","D08","MAYF","MAYF.AOS.groundwater.well.008","MAYF.W8.20170313.FIL",,"2017-03-13T17:55Z","2017-03-13T17:55Z","EcoCore_CSU","NH4 - N",-0.0030,"milligramsPerLiter",3.3,,0,"formatChange|legacyData","GOOD"
"217a6d50-0de3-4902-8968-10b1808df4a7","D08","MAYF","MAYF.AOS.groundwater.well.008","MAYF.W8.20170313.FIL",,"2017-03-13T17:55Z","2017-03-13T17:55Z","EcoCore_CSU","Mn",0.0649,"milligramsPerLiter",3.3,,0,"formatChange|legacyData","GOOD"
"df0a23e2-50dc-49fb-bc1f-8c78b6981e94","D08","MAYF","MAYF.AOS.groundwater.well.008","MAYF.W8.20170313.RAW",,"2017-03-13T17:55Z","2017-03-13T17:55Z","EcoCore_CSU","TSS - Dry Mass",3500.0000,"microgram",3.3,,0,"formatChange|legacyData","GOOD"
"d001278f-c487-4e36-b5c4-cad0db3c561e","D08","MAYF","MAYF.AOS.groundwater.well.008","MAYF.W8.20170313.RAW",,"2017-03-13T17:55Z","2017-03-13T17:55Z","EcoCore_CSU","conductivity",16.0100,"microsiemensPerCentimeter",3.3,,0,"formatChange|legacyData","GOOD"
"60a8d211-e36a-414c-9d06-e91a9b43f888","D08","MAYF","MAYF.AOS.groundwater.well.008","MAYF.W8.20170313.FIL",,"2017-03-13T17:55Z","2017-03-13T17:55Z","EcoCore_CSU","Mg",0.5223,"milligramsPerLiter",3.3,,0,"formatChange|legacyData","GOOD"
"e2376939-4292-42b0-a2bf-4d216c9c9795","D08","MAYF","MAYF.AOS.groundwater.well.008","MAYF.W8.20170313.RAW",,"2017-03-13T17:55Z","2017-03-13T17:55Z","EcoCore_CSU","pH",5.2100,"pH",3.3,,0,"formatChange|legacyData","GOOD"
"4529ed00-81ae-4190-a02e-450d970bbf93","D08","MAYF","MAYF.AOS.groundwater.well.008","MAYF.W8.20170313.FIL",,"2017-03-13T17:55Z","2017-03-13T17:55Z","EcoCore_CSU","UV Absorbance (250 nm)",0.1302,,3.3,,0,"formatChange|legacyData","GOOD"
"2739b7f8-b46a-40bd-909b-bca0d8544144","D08","MAYF","MAYF.AOS.groundwater.well.008","MAYF.W8.20170313.FIL",,"2017-03-13T17:55Z","2017-03-13T17:55Z","EcoCore_CSU","NO2 - N",0.0100,"milligramsPerLiter",3.3,,0,"formatChange|legacyData","GOOD"
"66daacf2-b5f0-421d-9083-6c8758e2d169","D08","MAYF","MAYF.AOS.groundwater.well.008","MAYF.W8.20170313.RAW",,"2017-03-13T17:55Z","2017-03-13T17:55Z","EcoCore_CSU","TN",0.2258,"milligramsPerLiter",3.3,,0,"formatChange|legacyData","GOOD"
"6c12234d-03cd-47b1-8944-3c00d85a6855","D08","MAYF","MAYF.AOS.groundwater.well.008","MAYF.W8.20170313.FIL",,"2017-03-13T17:55Z","2017-03-13T17:55Z","EcoCore_CSU","Br",0.0050,"milligramsPerLiter",3.3,,0,"formatChange|legacyData","GOOD"
"9fdba50e-2622-412a-974f-ed09d7466709","D08","MAYF","MAYF.AOS.groundwater.well.008","MAYF.W8.20170313.FIL",,"2017-03-13T17:55Z","2017-03-13T17:55Z","EcoCore_CSU","Fe",1.2935,"milligramsPerLiter",3.3,,0,"formatChange|legacyData","GOOD"
"cae3d281-52b3-4157-a4b1-72657e1b585b","D08","MAYF","MAYF.AOS.groundwater.well.008","MAYF.W8.20170313.FIL",,"2017-03-13T17:55Z","2017-03-13T17:55Z","EcoCore_CSU","TDP",0.0010,"milligramsPerLiter",3.3,,0,"formatChange|legacyData","GOOD"
"593a1ec9-8675-4356-b83e-f44130e73164","D08","MAYF","MAYF.AOS.groundwater.well.008","MAYF.W8.20170313.RAW",,"2017-03-13T17:55Z","2017-03-13T17:55Z","EcoCore_CSU","TOC",2.3230,"milligramsPerLiter",3.3,,0,"formatChange|legacyData","GOOD"
"2da9fc3b-7386-49f8-a161-da0e44666ebb","D08","MAYF","MAYF.AOS.groundwater.well.008","MAYF.W8.20170313.FIL",,"2017-03-13T17:55Z","2017-03-13T17:55Z","EcoCore_CSU","Ortho - P",0.0290,"milligramsPerLiter",3.3,,0,"formatChange|legacyData","GOOD"
"8af84dca-3986-417d-bf51-a7cc77a42548","D08","MAYF","MAYF.AOS.groundwater.well.008","MAYF.W8.20170313.PCN",,"2017-03-13T17:55Z","2017-03-13T17:55Z","EcoCore_CSU","TPC",0.3927,"milligram",3.3,,0,"formatChange|legacyData","GOOD"
"96ce0795-8d95-45af-80f6-85dc37887c33","D08","MAYF","MAYF.AOS.groundwater.well.008","MAYF.W8.20170313.FIL",,"2017-03-13T17:55Z","2017-03-13T17:55Z","EcoCore_CSU","NO3+NO2 - N",0.0010,"milligramsPerLiter",3.3,,0,"formatChange|legacyData","GOOD"
"c6c4406d-596a-4e40-88b0-b31e18b47de0","D08","MAYF","MAYF.AOS.groundwater.well.008","MAYF.W8.20170313.FIL",,"2017-03-13T17:55Z","2017-03-13T17:55Z","EcoCore_CSU","Na",1.9446,"milligramsPerLiter",3.3,,0,"formatChange|legacyData","GOOD"
"ae1f76dc-5624-48c6-a7c4-3415fd6e6f24","D08","MAYF","MAYF.AOS.groundwater.well.008","MAYF.W8.20170313.FIL",,"2017-03-13T17:55Z","2017-03-13T17:55Z","EcoCore_CSU","F",0.0050,"milligramsPerLiter",3.3,,0,"formatChange|legacyData","GOOD"
"46b4fb4d-b571-4cd0-a40c-9ea1d38e6c9d","D08","MAYF","MAYF.AOS.groundwater.well.008","MAYF.W8.20170313.FIL",,"2017-03-13T17:55Z","2017-03-13T17:55Z","EcoCore_CSU","CO3",0.0050,"milligramsPerLiter",3.3,,0,"formatChange|legacyData","GOOD"
"db4f32bb-a20f-46f0-8620-f93d065e60d5","D08","MAYF","MAYF.AOS.groundwater.well.008","MAYF.W8.20170313.FIL",,"2017-03-13T17:55Z","2017-03-13T17:55Z","EcoCore_CSU","UV Absorbance (280 nm)",0.1108,,3.3,,0,"formatChange|legacyData","GOOD"
"b9e74565-b9ea-49b0-b80d-6ba995d7c397","D08","MAYF","MAYF.AOS.groundwater.well.008","MAYF.W8.20170313.RAW",,"2017-03-13T17:55Z","2017-03-13T17:55Z","EcoCore_CSU","TP",0.0030,"milligramsPerLiter",3.3,,0,"formatChange|legacyData","GOOD"
"f6fc3657-5b08-4e7a-a37c-cb0f653984a8","D08","MAYF","MAYF.AOS.groundwater.well.008","MAYF.W8.20170313.FIL",,"2017-03-13T17:55Z","2017-03-13T17:55Z","EcoCore_CSU","Si",7.5312,"milligramsPerLiter",3.3,,0,"formatChange|legacyData","GOOD"
"0e220a53-fe53-4499-aec3-5454c11484ae","D08","MAYF","MAYF.AOS.groundwater.well.006","MAYF.W6.20170313.RAW",,"2017-03-13T19:24Z","2017-03-13T19:24Z","EcoCore_CSU","ANC",0.0580,"milliequivalentsPerLiter",3.3,,0,"formatChange|legacyData","GOOD"
"c4b488b5-cda0-4638-b1e8-ce929d0514c3","D08","MAYF","MAYF.AOS.groundwater.well.006","MAYF.W6.20170313.RAW",,"2017-03-13T19:24Z","2017-03-13T19:24Z","EcoCore_CSU","TP",0.0170,"milligramsPerLiter",3.3,,0,"formatChange|legacyData","GOOD"
"ce0207e4-0a00-4ad9-99c7-db1c0b37f76e","D08","MAYF","MAYF.AOS.groundwater.well.006","MAYF.W6.20170313.FIL",,"2017-03-13T19:24Z","2017-03-13T19:24Z","EcoCore_CSU","Mg",0.5739,"milligramsPerLiter",3.3,,0,"formatChange|legacyData","GOOD"
"c399b524-989e-4812-a8b0-52500894458b","D08","MAYF","MAYF.AOS.groundwater.well.006","MAYF.W6.20170313.RAW",,"2017-03-13T19:24Z","2017-03-13T19:24Z","EcoCore_CSU","conductivity",12.9800,"microsiemensPerCentimeter",3.3,,0,"formatChange|legacyData","GOOD"
"c01993d2-8836-4333-9679-ed16dd199437","D08","MAYF","MAYF.AOS.groundwater.well.006","MAYF.W6.20170313.PCN",,"2017-03-13T19:24Z","2017-03-13T19:24Z","EcoCore_CSU","TPC",0.2815,"milligram",3.3,,0,"formatChange|legacyData","GOOD"
"1e44e66b-16f8-4edc-a874-7fbdf300016d","D08","MAYF","MAYF.AOS.groundwater.well.006","MAYF.W6.20170313.RAW",,"2017-03-13T19:24Z","2017-03-13T19:24Z","EcoCore_CSU","TOC",1.8880,"milligramsPerLiter",3.3,,0,"formatChange|legacyData","GOOD"
"0b7df43f-5988-4135-8117-2561464ed7ba","D08","MAYF","MAYF.AOS.groundwater.well.006","MAYF.W6.20170313.FIL",,"2017-03-13T19:24Z","2017-03-13T19:24Z","EcoCore_CSU","UV Absorbance (280 nm)",0.4553,,3.3,,0,"formatChange|legacyData","GOOD"
"ff6ca229-4f61-4c5e-9e70-b51c5ed6b872","D08","MAYF","MAYF.AOS.groundwater.well.006","MAYF.W6.20170313.FIL",,"2017-03-13T19:24Z","2017-03-13T19:24Z","EcoCore_CSU","NO3+NO2 - N",0.0010,"milligramsPerLiter",3.3,,0,"formatChange|legacyData","GOOD"
"e97c5f2b-8979-4a94-955f-207ad23dc5a8","D08","MAYF","MAYF.AOS.groundwater.well.006","MAYF.W6.20170313.FIL",,"2017-03-13T19:24Z","2017-03-13T19:24Z","EcoCore_CSU","CO3",0.0050,"milligramsPerLiter",3.3,,0,"formatChange|legacyData","GOOD"
"5b0b195c-a6ea-4b80-99b0-0b4103081867","D08","MAYF","MAYF.AOS.groundwater.well.006","MAYF.W6.20170313.RAW",,"2017-03-13T19:24Z","2017-03-13T19:24Z","EcoCore_CSU","pH",5.6300,"pH",3.3,,0,"formatChange|legacyData","GOOD"
"b6208d7f-5737-468e-8a50-30af707e15f0","D08","MAYF","MAYF.AOS.groundwater.well.006","MAYF.W6.20170313.FIL",,"2017-03-13T19:24Z","2017-03-13T19:24Z","EcoCore_CSU","UV Absorbance (250 nm)",0.5272,,3.3,,0,"formatChange|legacyData","GOOD"
"d2917eda-4d51-4e32-9f46-970646ec8ce1","D08","MAYF","MAYF.AOS.groundwater.well.006","MAYF.W6.20170313.FIL",,"2017-03-13T19:24Z","2017-03-13T19:24Z","EcoCore_CSU","HCO3",2.4190,"milligramsPerLiter",3.3,,0,"formatChange|legacyData","GOOD"
"ed6315a6-097b-4127-80d7-e2ce97cc6e9a","D08","MAYF","MAYF.AOS.groundwater.well.006","MAYF.W6.20170313.FIL",,"2017-03-13T19:24Z","2017-03-13T19:24Z","EcoCore_CSU","F",0.0050,"milligramsPerLiter",3.3,,0,"formatChange|legacyData","GOOD"
"b1fc9cb6-4d9b-49f6-af47-35c5f514255d","D08","MAYF","MAYF.AOS.groundwater.well.006","MAYF.W6.20170313.RAW",,"2017-03-13T19:24Z","2017-03-13T19:24Z","EcoCore_CSU","TSS",148.0000,"milligramsPerLiter",3.3,,0,"formatChange|legacyData","GOOD"
"0684c146-b612-424b-8178-8c584fdd0916","D08","MAYF","MAYF.AOS.groundwater.well.006","MAYF.W6.20170313.PCN",,"2017-03-13T19:24Z","2017-03-13T19:24Z","EcoCore_CSU","TPN",0.1128,"milligram",3.3,,0,"formatChange|legacyData","GOOD"
"21633cc3-ea06-4175-91ce-027b188b95d6","D08","MAYF","MAYF.AOS.groundwater.well.006","MAYF.W6.20170313.FIL",,"2017-03-13T19:24Z","2017-03-13T19:24Z","EcoCore_CSU","NO2 - N",0.0130,"milligramsPerLiter",3.3,,0,"formatChange|legacyData","GOOD"
"6efb53ac-8cc3-4835-8ee3-df1498e573e1","D08","MAYF","MAYF.AOS.groundwater.well.006","MAYF.W6.20170313.FIL",,"2017-03-13T19:24Z","2017-03-13T19:24Z","EcoCore_CSU","Cl",1.8412,"milligramsPerLiter",3.3,,0,"formatChange|legacyData","GOOD"
"d7561f17-bd0f-44b7-82fb-5da3fd9c2aa9","D08","MAYF","MAYF.AOS.groundwater.well.006","MAYF.W6.20170313.FIL",,"2017-03-13T19:24Z","2017-03-13T19:24Z","EcoCore_CSU","TDS",10.1200,"milligramsPerLiter",3.3,,0,"formatChange|legacyData","GOOD"
"e6e76ef8-b891-4f20-a620-144d42ed7dde","D08","MAYF","MAYF.AOS.groundwater.well.006","MAYF.W6.20170313.FIL",,"2017-03-13T19:24Z","2017-03-13T19:24Z","EcoCore_CSU","Br",0.0050,"milligramsPerLiter",3.3,,0,"formatChange|legacyData","GOOD"
"4545a682-19d4-4065-a831-7cf89fcba127","D08","MAYF","MAYF.AOS.groundwater.well.006","MAYF.W6.20170313.FIL",,"2017-03-13T19:24Z","2017-03-13T19:24Z","EcoCore_CSU","Na",1.0447,"milligramsPerLiter",3.3,,0,"formatChange|legacyData","GOOD"
"88370bc4-5f82-45ba-ab3d-c728a6a51caf","D08","MAYF","MAYF.AOS.groundwater.well.006","MAYF.W6.20170313.FIL",,"2017-03-13T19:24Z","2017-03-13T19:24Z","EcoCore_CSU","K",0.3875,"milligramsPerLiter",3.3,,0,"formatChange|legacyData","GOOD"
"288b5f84-4611-420e-aab8-8296ea354361","D08","MAYF","MAYF.AOS.groundwater.well.006","MAYF.W6.20170313.RAW",,"2017-03-13T19:24Z","2017-03-13T19:24Z","EcoCore_CSU","TN",0.2533,"milligramsPerLiter",3.3,,0,"formatChange|legacyData","GOOD"
"b16594e3-9e7c-40bf-9dce-1a81f39c82a2","D08","MAYF","MAYF.AOS.groundwater.well.006","MAYF.W6.20170313.FIL",,"2017-03-13T19:24Z","2017-03-13T19:24Z","EcoCore_CSU","Fe",9.2299,"milligramsPerLiter",3.3,,0,"formatChange|legacyData","GOOD"
"e0e5a8a6-9ffc-474e-a121-c2d75d3d802f","D08","MAYF","MAYF.AOS.groundwater.well.006","MAYF.W6.20170313.RAW",,"2017-03-13T19:24Z","2017-03-13T19:24Z","EcoCore_CSU","TSS - Dry Mass",3700.0000,"microgram",3.3,,0,"formatChange|legacyData","GOOD"
"c5abfd4d-1596-47ac-bf99-f9920e8dae4f","D08","MAYF","MAYF.AOS.groundwater.well.006","MAYF.W6.20170313.FIL",,"2017-03-13T19:24Z","2017-03-13T19:24Z","EcoCore_CSU","Mn",0.1498,"milligramsPerLiter",3.3,,0,"formatChange|legacyData","GOOD"
"0055bf81-8346-4477-bc54-37536da7d398","D08","MAYF","MAYF.AOS.groundwater.well.006","MAYF.W6.20170313.FIL",,"2017-03-13T19:24Z","2017-03-13T19:24Z","EcoCore_CSU","DIC",4.2580,"milligramsPerLiter",3.3,,0,"formatChange|legacyData","GOOD"
"de724729-60f7-455a-a46e-1d5f305d58d5","D08","MAYF","MAYF.AOS.groundwater.well.006","MAYF.W6.20170313.FIL",,"2017-03-13T19:24Z","2017-03-13T19:24Z","EcoCore_CSU","DOC",0.9580,"milligramsPerLiter",3.3,,0,"formatChange|legacyData","GOOD"
"a5ee409b-a446-4e2a-aa69-92f7f11a0382","D08","MAYF","MAYF.AOS.groundwater.well.006","MAYF.W6.20170313.FIL",,"2017-03-13T19:24Z","2017-03-13T19:24Z","EcoCore_CSU","TDP",0.0140,"milligramsPerLiter",3.3,,0,"formatChange|legacyData","GOOD"
"08de1d19-33f1-4c1f-8cbf-14ab2ffe1118","D08","MAYF","MAYF.AOS.groundwater.well.006","MAYF.W6.20170313.FIL",,"2017-03-13T19:24Z","2017-03-13T19:24Z","EcoCore_CSU","Si",6.7686,"milligramsPerLiter",3.3,,0,"formatChange|legacyData","GOOD"
"b775092d-c08a-41f6-a6ad-67d9f1949d0a","D08","MAYF","MAYF.AOS.groundwater.well.006","MAYF.W6.20170313.FIL",,"2017-03-13T19:24Z","2017-03-13T19:24Z","EcoCore_CSU","NH4 - N",0.0740,"milligramsPerLiter",3.3,,0,"formatChange|legacyData","GOOD"
"4484944d-06c8-4584-894b-9856eeadc650","D08","MAYF","MAYF.AOS.groundwater.well.006","MAYF.W6.20170313.FIL",,"2017-03-13T19:24Z","2017-03-13T19:24Z","EcoCore_CSU","TDN",0.0276,"milligramsPerLiter",3.3,,0,"formatChange|legacyData","GOOD"
"3ad2f92d-67b1-4803-9b49-373cce10f12c","D08","MAYF","MAYF.AOS.groundwater.well.006","MAYF.W6.20170313.FIL",,"2017-03-13T19:24Z","2017-03-13T19:24Z","EcoCore_CSU","Ortho - P",0.0680,"milligramsPerLiter",3.3,,0,"formatChange|legacyData","GOOD"
"da5ecf4a-3ad9-42ea-a2c4-ee384979c674","D08","MAYF","MAYF.AOS.groundwater.well.006","MAYF.W6.20170313.FIL",,"2017-03-13T19:24Z","2017-03-13T19:24Z","EcoCore_CSU","SO4",1.7303,"milligramsPerLiter",3.3,,0,"formatChange|legacyData","GOOD"
"6af19135-51bf-43a3-b101-583df45e9dfb","D08","MAYF","MAYF.AOS.groundwater.well.006","MAYF.W6.20170313.FIL",,"2017-03-13T19:24Z","2017-03-13T19:24Z","EcoCore_CSU","Ca",0.5613,"milligramsPerLiter",3.3,,0,"formatChange|legacyData","GOOD"
