uid,domainID,siteID,namedLocation,collectDate,titrationDate,parentSampleID,domainSampleID,remarks,measuredBy,alkMeqPerL,alkMgPerL,ancMeqPerL,ancMgPerL
"61bc0703-5771-4306-94a9-98119b8c67f9","D08","MAYF","MAYF.AOS.groundwater.well.001","2017-03-13T16:00Z","2017-03-13T21:00Z","MAYF.W1.20170313","MAYF.W1.20170313.ALK",,"kbrown@neoninc.org",0.160,7.940,,
"146e8952-aedc-48f7-99c4-182d253bed57","D08","MAYF","MAYF.AOS.groundwater.well.003","2017-03-13T17:27Z","2017-03-13T19:30Z","MAYF.W3.20170313","MAYF.W3.20170313.ALK",,"jgalloway@neoninc.org",0.170,8.320,,
"238d9717-7b3e-450c-936b-fd4b77f0a8bf","D08","MAYF","MAYF.AOS.groundwater.well.008","2017-03-13T17:55Z","2017-03-13T22:34Z","MAYF.W8.20170313","MAYF.W8.20170313.ALK",,"jgalloway@neoninc.org",0.030,1.320,,
"6e8e74e4-ff07-4ab1-8ace-77656fb17540","D08","MAYF","MAYF.AOS.groundwater.well.006","2017-03-13T19:24Z","2017-03-13T22:23Z","MAYF.W6.20170313","MAYF.W6.20170313.ALK",,"jgalloway@neoninc.org",0.060,2.890,,
