uid,domainID,siteID,namedLocation,decimalLatitude,decimalLongitude,coordinateUncertainty,elevation,elevationUncertainty,geodeticDatum,collectDate,aquaticSiteType,samplingImpractical,waterChemSamplesCollected,adequateSampleVol,parentSampleID,eventID,swcSamplingProtocolVersion,sampleExtractionMethod,samplerType,totalWellDepth,wellWaterDepth,waterColumnHeight,sampleDepth,purgeAverageDischargeRate,purgeTime,gwWellStabilized,purgeDryDateTime,pumpPlacementDate,screenedIntervalDepth,maxAllowableDrawdown,actualDrawdown,MADExceeded,wellVolumePurged,probeIDUnavailable,dissolvedOxygen,dissolvedOxygenSaturation,specificConductance,waterTemp,pH,waterClarityDescrip,waterColorDescrip,aCollectedBy,bCollectedBy,remarks
"2e19c6c9-48f2-4120-aa78-c4c4ad100bb3","D03","BARC","BARC.AOS.groundwater.well.001",29.678574,-82.008577,0.1,30.1,0.1,"WGS84","2018-03-07T15:31Z","lake",,,,"BARC.W1.20180307","BARC.20180307","NEON.DOC.002905vE","low-flow","Groundwater Pump",12.3,3.6,8.7,4.6,,,,,,,,,,0.9,,4.46,51.00,47.40,21.80,,"cloudy","colorless","kross@BattelleEcology.org","ahugi@battelleecology.org",
"dbe3182f-90cf-4b28-9e3a-090964fd22d8","D03","BARC","BARC.AOS.groundwater.well.005",29.674046,-82.007170,0.1,29.9,0.1,"WGS84","2018-03-07T17:43Z","lake",,,,"BARC.W5.20180307","BARC.20180307","NEON.DOC.002905vE","low-flow","Groundwater Pump",11.6,4.2,7.4,5.2,,,,,,,,,,1.2,,1.71,18.90,74.20,20.00,,"opaque","colorless","ahugi@battelleecology.org","kross@BattelleEcology.org",
"d2c03033-7757-4d52-9bf6-506952953115","D03","BARC","BARC.AOS.groundwater.well.006",29.674068,-82.008257,0.1,29.6,0.1,"WGS84","2018-03-07T19:25Z","lake",,,,"BARC.W6.20180307","BARC.20180307","NEON.DOC.002905vE","low-flow","Groundwater Pump",9.2,3.5,5.7,4.5,,,,,,,,,,1.0,,6.97,76.90,34.20,20.10,,"opaque","colorless","kross@BattelleEcology.org","ahugi@battelleecology.org","Sample taken 3cm from correct depth due to roots not letting the pump go further down the well"
"b7a6195c-78b7-485a-a33d-a9adab967d60","D03","BARC","BARC.AOS.groundwater.well.008",29.678049,-82.009175,0.1,30.3,0.1,"WGS84","2018-03-08T18:38Z","lake",,,,"BARC.W8.20180308","BARC.20180308","NEON.DOC.002905vE","low-flow","Groundwater Pump",13.3,3.9,9.4,4.9,,,,,,,,,,1.4,,9.74,105.90,27.30,19.20,,"cloudy","colorless","ahugi@battelleecology.org","kross@BattelleEcology.org",
