uid,domainID,siteID,namedLocation,sampleID,sampleCode,startDate,collectDate,laboratoryName,analyte,analyteConcentration,analyteUnits,coolerTemp,remarks,shipmentWarmQF,externalLabDataQF,sampleCondition
"a07ae371-b13e-4978-8dd1-bc81ec0b9112","D03","BARC","BARC.AOS.groundwater.well.001","BARC.W1.20180307.RAW",,"2018-03-07T15:31Z","2018-03-07T15:31Z","EcoCore_CSU","ANC",0.1700,"milliequivalentsPerLiter",0.5,,0,"formatChange","GOOD"
"2bcff7b0-a8bd-418e-b862-c30e40f9ffc7","D03","BARC","BARC.AOS.groundwater.well.001","BARC.W1.20180307.RAW",,"2018-03-07T15:31Z","2018-03-07T15:31Z","EcoCore_CSU","conductivity",46.1700,"microsiemensPerCentimeter",0.5,,0,"formatChange","GOOD"
"35346c2b-817d-4598-b6ed-ef403f631a57","D03","BARC","BARC.AOS.groundwater.well.001","BARC.W1.20180307.FIL",,"2018-03-07T15:31Z","2018-03-07T15:31Z","EcoCore_CSU","SO4",3.7000,"milligramsPerLiter",0.5,,0,"formatChange","GOOD"
"fa55f0ce-8fc0-4025-aa34-a0ee586d7f1b","D03","BARC","BARC.AOS.groundwater.well.001","BARC.W1.20180307.FIL",,"2018-03-07T15:31Z","2018-03-07T15:31Z","EcoCore_CSU","UV Absorbance (280 nm)",0.0107,,0.5,,0,"formatChange","GOOD"
"b16a20c6-4d74-4569-bc8b-57e7ed63910b","D03","BARC","BARC.AOS.groundwater.well.001","BARC.W1.20180307.FIL",,"2018-03-07T15:31Z","2018-03-07T15:31Z","EcoCore_CSU","HCO3",9.2100,"milligramsPerLiter",0.5,,0,"formatChange","GOOD"
"32177e4a-39ca-46b3-a2b7-62b34bcced3f","D03","BARC","BARC.AOS.groundwater.well.001","BARC.W1.20180307.RAW",,"2018-03-07T15:31Z","2018-03-07T15:31Z","EcoCore_CSU","TP",0.0380,"milligramsPerLiter",0.5,,0,"formatChange","GOOD"
"e0d76307-8250-44ad-934c-c3ef93ca7340","D03","BARC","BARC.AOS.groundwater.well.001","BARC.W1.20180307.RAW",,"2018-03-07T15:31Z","2018-03-07T15:31Z","EcoCore_CSU","TN",-0.0260,"milligramsPerLiter",0.5,,0,"formatChange","GOOD"
"9a2194a1-8be9-4a22-a54b-b1562faa15e5","D03","BARC","BARC.AOS.groundwater.well.001","BARC.W1.20180307.FIL",,"2018-03-07T15:31Z","2018-03-07T15:31Z","EcoCore_CSU","NO3+NO2 - N",0.0179,"milligramsPerLiter",0.5,,0,"formatChange","GOOD"
"9504fb9b-58e9-4a6e-8ffc-9d0a7b910030","D03","BARC","BARC.AOS.groundwater.well.001","BARC.W1.20180307.FIL",,"2018-03-07T15:31Z","2018-03-07T15:31Z","EcoCore_CSU","CO3",0.0050,"milligramsPerLiter",0.5,,0,"formatChange","GOOD"
"3a181e34-4e4a-45d3-ab77-1e10399580f5","D03","BARC","BARC.AOS.groundwater.well.001","BARC.W1.20180307.FIL",,"2018-03-07T15:31Z","2018-03-07T15:31Z","EcoCore_CSU","Mn",0.0005,"milligramsPerLiter",0.5,,0,"formatChange","GOOD"
"7f390881-5eb7-49e7-b3bd-0f7c44f2ac5f","D03","BARC","BARC.AOS.groundwater.well.001","BARC.W1.20180307.FIL",,"2018-03-07T15:31Z","2018-03-07T15:31Z","EcoCore_CSU","DOC",1.3170,"milligramsPerLiter",0.5,,0,"formatChange","GOOD"
"e4c2d5f6-15e2-4a80-be4d-92e465ed8994","D03","BARC","BARC.AOS.groundwater.well.001","BARC.W1.20180307.FIL",,"2018-03-07T15:31Z","2018-03-07T15:31Z","EcoCore_CSU","Mg",2.0250,"milligramsPerLiter",0.5,,0,"formatChange","GOOD"
"570b6bb1-a755-4ae1-8007-333c5535a862","D03","BARC","BARC.AOS.groundwater.well.001","BARC.W1.20180307.FIL",,"2018-03-07T15:31Z","2018-03-07T15:31Z","EcoCore_CSU","TDP",0.0320,"milligramsPerLiter",0.5,,0,"formatChange","GOOD"
"7dbb7155-0c6f-431e-af49-22c6df7ad634","D03","BARC","BARC.AOS.groundwater.well.001","BARC.W1.20180307.FIL",,"2018-03-07T15:31Z","2018-03-07T15:31Z","EcoCore_CSU","TDN",-0.0107,"milligramsPerLiter",0.5,,0,"formatChange","GOOD"
"a8da75b9-2c62-467c-a5b3-2bed4ec7695d","D03","BARC","BARC.AOS.groundwater.well.001","BARC.W1.20180307.FIL",,"2018-03-07T15:31Z","2018-03-07T15:31Z","EcoCore_CSU","Ortho - P",0.1040,"milligramsPerLiter",0.5,,0,"formatChange","GOOD"
"284a9126-1dae-48d6-a592-234308472ec6","D03","BARC","BARC.AOS.groundwater.well.001","BARC.W1.20180307.FIL",,"2018-03-07T15:31Z","2018-03-07T15:31Z","EcoCore_CSU","Br",0.0050,"milligramsPerLiter",0.5,,0,"formatChange","GOOD"
"78db15f9-ec6a-4011-bd79-1e24956a71c2","D03","BARC","BARC.AOS.groundwater.well.001","BARC.W1.20180307.FIL",,"2018-03-07T15:31Z","2018-03-07T15:31Z","EcoCore_CSU","TDS",33.7000,"milligramsPerLiter",0.5,,0,"formatChange","GOOD"
"03aa2c09-f82b-47d4-b6a5-1989cecdf2f7","D03","BARC","BARC.AOS.groundwater.well.001","BARC.W1.20180307.RAW",,"2018-03-07T15:31Z","2018-03-07T15:31Z","EcoCore_CSU","TSS",0.0000,"milligramsPerLiter",0.5,,0,"formatChange","GOOD"
"d328df66-7177-4355-a8ef-4765bbdc65f7","D03","BARC","BARC.AOS.groundwater.well.001","BARC.W1.20180307.FIL",,"2018-03-07T15:31Z","2018-03-07T15:31Z","EcoCore_CSU","Ca",4.2570,"milligramsPerLiter",0.5,,0,"formatChange","GOOD"
"ba1a698b-ad42-4c1a-ad82-adca916c7715","D03","BARC","BARC.AOS.groundwater.well.001","BARC.W1.20180307.FIL",,"2018-03-07T15:31Z","2018-03-07T15:31Z","EcoCore_CSU","Cl",15.4300,"milligramsPerLiter",0.5,,0,"formatChange","GOOD"
"2599f77b-ea1f-4f4c-b1ce-927cd75a022c","D03","BARC","BARC.AOS.groundwater.well.001","BARC.W1.20180307.FIL",,"2018-03-07T15:31Z","2018-03-07T15:31Z","EcoCore_CSU","K",0.0530,"milligramsPerLiter",0.5,,0,"formatChange","GOOD"
"00774bfb-c6eb-422b-ad52-bfa012d40ab4","D03","BARC","BARC.AOS.groundwater.well.001","BARC.W1.20180307.RAW",,"2018-03-07T15:31Z","2018-03-07T15:31Z","EcoCore_CSU","TSS - Dry Mass",0.0000,"microgram",0.5,,0,"formatChange","GOOD"
"9774b999-6b88-442f-8fe8-ad9dc2ce98e3","D03","BARC","BARC.AOS.groundwater.well.001","BARC.W1.20180307.PCN",,"2018-03-07T15:31Z","2018-03-07T15:31Z","EcoCore_CSU","TPC",0.3387,"milligram",0.5,,0,"formatChange","GOOD"
"d4f3ebe4-db73-4ffa-9cfa-67a28853c672","D03","BARC","BARC.AOS.groundwater.well.001","BARC.W1.20180307.FIL",,"2018-03-07T15:31Z","2018-03-07T15:31Z","EcoCore_CSU","UV Absorbance (250 nm)",0.0201,,0.5,,0,"formatChange","GOOD"
"7bbe7acb-bcc2-462e-8658-fc1262df5920","D03","BARC","BARC.AOS.groundwater.well.001","BARC.W1.20180307.FIL",,"2018-03-07T15:31Z","2018-03-07T15:31Z","EcoCore_CSU","DIC",1.2310,"milligramsPerLiter",0.5,,0,"formatChange","GOOD"
"faaedd1e-93e1-4742-8a38-c5377f6ebb30","D03","BARC","BARC.AOS.groundwater.well.001","BARC.W1.20180307.PCN",,"2018-03-07T15:31Z","2018-03-07T15:31Z","EcoCore_CSU","TPN",0.1346,"milligram",0.5,,0,"formatChange","GOOD"
"b38c8ca8-bed4-45ac-bcda-0352850830b5","D03","BARC","BARC.AOS.groundwater.well.001","BARC.W1.20180307.FIL",,"2018-03-07T15:31Z","2018-03-07T15:31Z","EcoCore_CSU","F",0.0050,"milligramsPerLiter",0.5,,0,"formatChange","GOOD"
"48841c75-cd6b-4e00-841f-d978686d4633","D03","BARC","BARC.AOS.groundwater.well.001","BARC.W1.20180307.FIL",,"2018-03-07T15:31Z","2018-03-07T15:31Z","EcoCore_CSU","NH4 - N",-0.0186,"milligramsPerLiter",0.5,,0,"formatChange","GOOD"
"f9eea151-bf4e-4666-93e7-7c48d7066113","D03","BARC","BARC.AOS.groundwater.well.001","BARC.W1.20180307.RAW",,"2018-03-07T15:31Z","2018-03-07T15:31Z","EcoCore_CSU","pH",4.2900,"pH",0.5,,0,"formatChange","GOOD"
"d484587a-4acc-43ce-b099-54d8c2b1f96d","D03","BARC","BARC.AOS.groundwater.well.001","BARC.W1.20180307.FIL",,"2018-03-07T15:31Z","2018-03-07T15:31Z","EcoCore_CSU","Fe",0.0005,"milligramsPerLiter",0.5,,0,"formatChange","GOOD"
"9e2d11b6-1fb9-4c29-bb55-a4ba519b840d","D03","BARC","BARC.AOS.groundwater.well.001","BARC.W1.20180307.RAW",,"2018-03-07T15:31Z","2018-03-07T15:31Z","EcoCore_CSU","TOC",1.2310,"milligramsPerLiter",0.5,,0,"formatChange","GOOD"
"1b361124-5810-4eda-a2b4-4344daff94fd","D03","BARC","BARC.AOS.groundwater.well.001","BARC.W1.20180307.FIL",,"2018-03-07T15:31Z","2018-03-07T15:31Z","EcoCore_CSU","Si",2.0800,"milligramsPerLiter",0.5,,0,"formatChange","GOOD"
"3fba3b10-8e37-44ef-8c7e-e37888ea9126","D03","BARC","BARC.AOS.groundwater.well.001","BARC.W1.20180307.FIL",,"2018-03-07T15:31Z","2018-03-07T15:31Z","EcoCore_CSU","Na",6.5690,"milligramsPerLiter",0.5,,0,"formatChange","GOOD"
"d4ed4372-2219-4574-b59a-db0cd8ced870","D03","BARC","BARC.AOS.groundwater.well.001","BARC.W1.20180307.FIL",,"2018-03-07T15:31Z","2018-03-07T15:31Z","EcoCore_CSU","NO2 - N",0.0157,"milligramsPerLiter",0.5,,0,"formatChange","GOOD"
"8880c800-bf54-4d27-84af-812106d72208","D03","BARC","BARC.AOS.groundwater.well.005","BARC.W5.20180307.FIL",,"2018-03-07T17:43Z","2018-03-07T17:43Z","EcoCore_CSU","UV Absorbance (280 nm)",0.0638,,0.5,,0,"formatChange","GOOD"
"4cbf7bbe-9f64-4235-846d-7ea75b1cc7a4","D03","BARC","BARC.AOS.groundwater.well.005","BARC.W5.20180307.FIL",,"2018-03-07T17:43Z","2018-03-07T17:43Z","EcoCore_CSU","Mn",0.0050,"milligramsPerLiter",0.5,,0,"formatChange","GOOD"
"72c24905-290a-4e05-bbc1-693765dfd5b2","D03","BARC","BARC.AOS.groundwater.well.005","BARC.W5.20180307.RAW",,"2018-03-07T17:43Z","2018-03-07T17:43Z","EcoCore_CSU","TSS",48.0000,"milligramsPerLiter",0.5,,0,"formatChange","GOOD"
"9c396fb4-4027-4839-b0e8-e4fa643f95c1","D03","BARC","BARC.AOS.groundwater.well.005","BARC.W5.20180307.RAW",,"2018-03-07T17:43Z","2018-03-07T17:43Z","EcoCore_CSU","ANC",0.0600,"milliequivalentsPerLiter",0.5,,0,"formatChange","GOOD"
"34d0568b-22aa-4f7d-b527-bc7841fe8c8a","D03","BARC","BARC.AOS.groundwater.well.005","BARC.W5.20180307.FIL",,"2018-03-07T17:43Z","2018-03-07T17:43Z","EcoCore_CSU","Ortho - P",0.0540,"milligramsPerLiter",0.5,,0,"formatChange","GOOD"
"d41bd857-3058-4ceb-b064-af8aa9f8d799","D03","BARC","BARC.AOS.groundwater.well.005","BARC.W5.20180307.FIL",,"2018-03-07T17:43Z","2018-03-07T17:43Z","EcoCore_CSU","NH4 - N",-0.0092,"milligramsPerLiter",0.5,,0,"formatChange","GOOD"
"87fdc477-c7e5-4a06-a6b6-3dad88833a22","D03","BARC","BARC.AOS.groundwater.well.005","BARC.W5.20180307.FIL",,"2018-03-07T17:43Z","2018-03-07T17:43Z","EcoCore_CSU","NO3+NO2 - N",0.0444,"milligramsPerLiter",0.5,,0,"formatChange","GOOD"
"2c9f328e-095b-4b35-924e-6bc2d4133be7","D03","BARC","BARC.AOS.groundwater.well.005","BARC.W5.20180307.FIL",,"2018-03-07T17:43Z","2018-03-07T17:43Z","EcoCore_CSU","DIC",3.7090,"milligramsPerLiter",0.5,,0,"formatChange","GOOD"
"53259d80-c345-4446-af53-8b370fff7420","D03","BARC","BARC.AOS.groundwater.well.005","BARC.W5.20180307.FIL",,"2018-03-07T17:43Z","2018-03-07T17:43Z","EcoCore_CSU","DOC",3.0380,"milligramsPerLiter",0.5,,0,"formatChange","GOOD"
"f527ecd2-0e23-497f-91d2-43cdab16c149","D03","BARC","BARC.AOS.groundwater.well.005","BARC.W5.20180307.FIL",,"2018-03-07T17:43Z","2018-03-07T17:43Z","EcoCore_CSU","Cl",22.5600,"milligramsPerLiter",0.5,,0,"formatChange","GOOD"
"9c55abc8-7048-424e-83bd-2a1786351113","D03","BARC","BARC.AOS.groundwater.well.005","BARC.W5.20180307.FIL",,"2018-03-07T17:43Z","2018-03-07T17:43Z","EcoCore_CSU","TDP",0.0130,"milligramsPerLiter",0.5,,0,"formatChange","GOOD"
"274bb59b-5266-448d-89a8-a36d331425f4","D03","BARC","BARC.AOS.groundwater.well.005","BARC.W5.20180307.RAW",,"2018-03-07T17:43Z","2018-03-07T17:43Z","EcoCore_CSU","pH",4.7900,"pH",0.5,,0,"formatChange","GOOD"
"51dcc00c-af80-4ca9-b6bc-65358d088503","D03","BARC","BARC.AOS.groundwater.well.005","BARC.W5.20180307.FIL",,"2018-03-07T17:43Z","2018-03-07T17:43Z","EcoCore_CSU","Ca",2.2580,"milligramsPerLiter",0.5,,0,"formatChange","GOOD"
"05fe20f3-fc65-4be9-96d4-fd5c4dec7d13","D03","BARC","BARC.AOS.groundwater.well.005","BARC.W5.20180307.RAW",,"2018-03-07T17:43Z","2018-03-07T17:43Z","EcoCore_CSU","TOC",2.8670,"milligramsPerLiter",0.5,,0,"formatChange","GOOD"
"1c73af8d-ea75-448c-abb5-eb8e8f100612","D03","BARC","BARC.AOS.groundwater.well.005","BARC.W5.20180307.PCN",,"2018-03-07T17:43Z","2018-03-07T17:43Z","EcoCore_CSU","TPC",0.2868,"milligram",0.5,,0,"formatChange","GOOD"
"e9a7c6a3-ff02-4fa9-82f0-d267eaaadabe","D03","BARC","BARC.AOS.groundwater.well.005","BARC.W5.20180307.RAW",,"2018-03-07T17:43Z","2018-03-07T17:43Z","EcoCore_CSU","conductivity",78.8900,"microsiemensPerCentimeter",0.5,,0,"formatChange","GOOD"
"25893afa-edaa-46bd-9952-4f4b727c0185","D03","BARC","BARC.AOS.groundwater.well.005","BARC.W5.20180307.FIL",,"2018-03-07T17:43Z","2018-03-07T17:43Z","EcoCore_CSU","TDS",56.2000,"milligramsPerLiter",0.5,,0,"formatChange","GOOD"
"df29f8f1-00a3-4704-af6f-71fcf3b96e4a","D03","BARC","BARC.AOS.groundwater.well.005","BARC.W5.20180307.FIL",,"2018-03-07T17:43Z","2018-03-07T17:43Z","EcoCore_CSU","HCO3",3.6000,"milligramsPerLiter",0.5,,0,"formatChange","GOOD"
"69461932-37e4-43eb-ae39-3177e3e3e262","D03","BARC","BARC.AOS.groundwater.well.005","BARC.W5.20180307.FIL",,"2018-03-07T17:43Z","2018-03-07T17:43Z","EcoCore_CSU","TDN",0.0960,"milligramsPerLiter",0.5,,0,"formatChange","GOOD"
"b480f8e2-7323-402b-b070-76d200d1fe65","D03","BARC","BARC.AOS.groundwater.well.005","BARC.W5.20180307.FIL",,"2018-03-07T17:43Z","2018-03-07T17:43Z","EcoCore_CSU","CO3",0.0050,"milligramsPerLiter",0.5,,0,"formatChange","GOOD"
"0b45e8e5-1914-4a42-a31d-5caeff4e8990","D03","BARC","BARC.AOS.groundwater.well.005","BARC.W5.20180307.FIL",,"2018-03-07T17:43Z","2018-03-07T17:43Z","EcoCore_CSU","Na",9.5790,"milligramsPerLiter",0.5,,0,"formatChange","GOOD"
"2bd6da01-0064-443d-85d6-85db543d38ac","D03","BARC","BARC.AOS.groundwater.well.005","BARC.W5.20180307.FIL",,"2018-03-07T17:43Z","2018-03-07T17:43Z","EcoCore_CSU","Si",2.3600,"milligramsPerLiter",0.5,,0,"formatChange","GOOD"
"5a2727ef-933f-40cb-92e4-c267e6654abc","D03","BARC","BARC.AOS.groundwater.well.005","BARC.W5.20180307.PCN",,"2018-03-07T17:43Z","2018-03-07T17:43Z","EcoCore_CSU","TPN",0.1473,"milligram",0.5,,0,"formatChange","GOOD"
"e478accc-6d2a-4446-a43e-3998ead1a27d","D03","BARC","BARC.AOS.groundwater.well.005","BARC.W5.20180307.FIL",,"2018-03-07T17:43Z","2018-03-07T17:43Z","EcoCore_CSU","UV Absorbance (250 nm)",0.0916,,0.5,,0,"formatChange","GOOD"
"d523a50b-8442-4ca7-ac0a-8424d6ee57d8","D03","BARC","BARC.AOS.groundwater.well.005","BARC.W5.20180307.FIL",,"2018-03-07T17:43Z","2018-03-07T17:43Z","EcoCore_CSU","Br",0.0050,"milligramsPerLiter",0.5,,0,"formatChange","GOOD"
"3b056086-e9eb-4a3d-9316-006416847d66","D03","BARC","BARC.AOS.groundwater.well.005","BARC.W5.20180307.RAW",,"2018-03-07T17:43Z","2018-03-07T17:43Z","EcoCore_CSU","TN",0.0920,"milligramsPerLiter",0.5,,0,"formatChange","GOOD"
"b9e6ccd5-4cbd-4ca5-8825-d19ab19f89ad","D03","BARC","BARC.AOS.groundwater.well.005","BARC.W5.20180307.FIL",,"2018-03-07T17:43Z","2018-03-07T17:43Z","EcoCore_CSU","K",0.0940,"milligramsPerLiter",0.5,,0,"formatChange","GOOD"
"a14bfb58-2b79-41d5-9365-def0f156241c","D03","BARC","BARC.AOS.groundwater.well.005","BARC.W5.20180307.FIL",,"2018-03-07T17:43Z","2018-03-07T17:43Z","EcoCore_CSU","SO4",1.0100,"milligramsPerLiter",0.5,,0,"formatChange","GOOD"
"f172d9ac-f6a1-4ea7-bb6e-5c5356fc2d0a","D03","BARC","BARC.AOS.groundwater.well.005","BARC.W5.20180307.FIL",,"2018-03-07T17:43Z","2018-03-07T17:43Z","EcoCore_CSU","F",0.0050,"milligramsPerLiter",0.5,,0,"formatChange","GOOD"
"3e465bac-90f3-4168-aeb1-fd4494f53e8a","D03","BARC","BARC.AOS.groundwater.well.005","BARC.W5.20180307.RAW",,"2018-03-07T17:43Z","2018-03-07T17:43Z","EcoCore_CSU","TP",0.0150,"milligramsPerLiter",0.5,,0,"formatChange","GOOD"
"3a29b27b-af3e-464c-89ea-5bd067ed9776","D03","BARC","BARC.AOS.groundwater.well.005","BARC.W5.20180307.FIL",,"2018-03-07T17:43Z","2018-03-07T17:43Z","EcoCore_CSU","Mg",2.3250,"milligramsPerLiter",0.5,,0,"formatChange","GOOD"
"d7829bca-822e-4700-8d3d-27cbe4155f64","D03","BARC","BARC.AOS.groundwater.well.005","BARC.W5.20180307.FIL",,"2018-03-07T17:43Z","2018-03-07T17:43Z","EcoCore_CSU","NO2 - N",0.0159,"milligramsPerLiter",0.5,,0,"formatChange","GOOD"
"355d7c0d-0077-4ed6-b902-e158b1aa3862","D03","BARC","BARC.AOS.groundwater.well.005","BARC.W5.20180307.FIL",,"2018-03-07T17:43Z","2018-03-07T17:43Z","EcoCore_CSU","Fe",0.0005,"milligramsPerLiter",0.5,,0,"formatChange","GOOD"
"73141a0a-8950-476b-bbe9-0efa34f1b34f","D03","BARC","BARC.AOS.groundwater.well.005","BARC.W5.20180307.RAW",,"2018-03-07T17:43Z","2018-03-07T17:43Z","EcoCore_CSU","TSS - Dry Mass",2400.0000,"microgram",0.5,,0,"formatChange","GOOD"
"b857e307-6ce9-4992-8fad-43155ee91c69","D03","BARC","BARC.AOS.groundwater.well.006","BARC.W6.20180307.FIL",,"2018-03-07T19:25Z","2018-03-07T19:25Z","EcoCore_CSU","Mg",0.7590,"milligramsPerLiter",0.5,,0,"formatChange","GOOD"
"a5ca2700-92aa-4b33-925a-144f1ad9be99","D03","BARC","BARC.AOS.groundwater.well.006","BARC.W6.20180307.FIL",,"2018-03-07T19:25Z","2018-03-07T19:25Z","EcoCore_CSU","UV Absorbance (280 nm)",0.0427,,0.5,,0,"formatChange","GOOD"
"7a5d05be-3a77-4e26-8d94-1acf5d7da543","D03","BARC","BARC.AOS.groundwater.well.006","BARC.W6.20180307.FIL",,"2018-03-07T19:25Z","2018-03-07T19:25Z","EcoCore_CSU","F",0.0050,"milligramsPerLiter",0.5,,0,"formatChange","GOOD"
"e03fba1c-4566-4d13-9dc5-e5039bc23d34","D03","BARC","BARC.AOS.groundwater.well.006","BARC.W6.20180307.RAW",,"2018-03-07T19:25Z","2018-03-07T19:25Z","EcoCore_CSU","TP",0.0100,"milligramsPerLiter",0.5,,0,"formatChange","GOOD"
"0994a6a0-8059-450a-bd4f-e26dd4df54e8","D03","BARC","BARC.AOS.groundwater.well.006","BARC.W6.20180307.RAW",,"2018-03-07T19:25Z","2018-03-07T19:25Z","EcoCore_CSU","ANC",0.0800,"milliequivalentsPerLiter",0.5,,0,"formatChange","GOOD"
"691a7b45-3f81-4a82-8e45-610a7dff75c3","D03","BARC","BARC.AOS.groundwater.well.006","BARC.W6.20180307.FIL",,"2018-03-07T19:25Z","2018-03-07T19:25Z","EcoCore_CSU","Ortho - P",0.0720,"milligramsPerLiter",0.5,,0,"formatChange","GOOD"
"52700226-16fd-4fd2-8491-26732b8165df","D03","BARC","BARC.AOS.groundwater.well.006","BARC.W6.20180307.FIL",,"2018-03-07T19:25Z","2018-03-07T19:25Z","EcoCore_CSU","NH4 - N",-0.0155,"milligramsPerLiter",0.5,,0,"formatChange","GOOD"
"dad72e34-1bf9-4f35-a8f5-2cfe1ee01505","D03","BARC","BARC.AOS.groundwater.well.006","BARC.W6.20180307.RAW",,"2018-03-07T19:25Z","2018-03-07T19:25Z","EcoCore_CSU","pH",4.3200,"pH",0.5,,0,"formatChange","GOOD"
"12c0e489-7ada-4002-8e25-a25fb5b97b69","D03","BARC","BARC.AOS.groundwater.well.006","BARC.W6.20180307.FIL",,"2018-03-07T19:25Z","2018-03-07T19:25Z","EcoCore_CSU","CO3",0.0050,"milligramsPerLiter",0.5,,0,"formatChange","GOOD"
"12a0c2e6-f240-4989-b6f5-2a95d931d2a6","D03","BARC","BARC.AOS.groundwater.well.006","BARC.W6.20180307.FIL",,"2018-03-07T19:25Z","2018-03-07T19:25Z","EcoCore_CSU","Cl",6.8000,"milligramsPerLiter",0.5,,0,"formatChange","GOOD"
"240b62f2-6b20-458b-944b-3d9cbd205597","D03","BARC","BARC.AOS.groundwater.well.006","BARC.W6.20180307.FIL",,"2018-03-07T19:25Z","2018-03-07T19:25Z","EcoCore_CSU","Fe",0.0005,"milligramsPerLiter",0.5,,0,"formatChange","GOOD"
"67b95f10-43ad-48af-a600-e16c653ffc17","D03","BARC","BARC.AOS.groundwater.well.006","BARC.W6.20180307.RAW",,"2018-03-07T19:25Z","2018-03-07T19:25Z","EcoCore_CSU","TSS - Dry Mass",8800.0000,"microgram",0.5,,0,"formatChange","GOOD"
"bff2cbf7-597d-4b72-9b89-c9baf4bc0337","D03","BARC","BARC.AOS.groundwater.well.006","BARC.W6.20180307.FIL",,"2018-03-07T19:25Z","2018-03-07T19:25Z","EcoCore_CSU","Br",0.0050,"milligramsPerLiter",0.5,,0,"formatChange","GOOD"
"4372ebb5-ac3a-4286-a420-300d557123d7","D03","BARC","BARC.AOS.groundwater.well.006","BARC.W6.20180307.FIL",,"2018-03-07T19:25Z","2018-03-07T19:25Z","EcoCore_CSU","SO4",4.7300,"milligramsPerLiter",0.5,,0,"formatChange","GOOD"
"d4f25850-0edc-4a1c-86e0-e834d5ffa6da","D03","BARC","BARC.AOS.groundwater.well.006","BARC.W6.20180307.FIL",,"2018-03-07T19:25Z","2018-03-07T19:25Z","EcoCore_CSU","DOC",2.1210,"milligramsPerLiter",0.5,,0,"formatChange","GOOD"
"39e99d83-6d36-4437-a790-cbe4887950cb","D03","BARC","BARC.AOS.groundwater.well.006","BARC.W6.20180307.FIL",,"2018-03-07T19:25Z","2018-03-07T19:25Z","EcoCore_CSU","UV Absorbance (250 nm)",0.0598,,0.5,,0,"formatChange","GOOD"
"7496c783-89e0-45d0-b73b-08d1d34e8af3","D03","BARC","BARC.AOS.groundwater.well.006","BARC.W6.20180307.FIL",,"2018-03-07T19:25Z","2018-03-07T19:25Z","EcoCore_CSU","NO3+NO2 - N",0.0103,"milligramsPerLiter",0.5,,0,"formatChange","GOOD"
"99bbc9b5-7246-495e-bc22-7e6ea720b379","D03","BARC","BARC.AOS.groundwater.well.006","BARC.W6.20180307.RAW",,"2018-03-07T19:25Z","2018-03-07T19:25Z","EcoCore_CSU","TOC",2.0230,"milligramsPerLiter",0.5,,0,"formatChange","GOOD"
"58a3f74e-e1c2-4ecb-90ee-5745b76072e8","D03","BARC","BARC.AOS.groundwater.well.006","BARC.W6.20180307.PCN",,"2018-03-07T19:25Z","2018-03-07T19:25Z","EcoCore_CSU","TPC",0.4115,"milligram",0.5,,0,"formatChange","GOOD"
"5456432c-0caf-42cb-8282-e7d38db1d973","D03","BARC","BARC.AOS.groundwater.well.006","BARC.W6.20180307.FIL",,"2018-03-07T19:25Z","2018-03-07T19:25Z","EcoCore_CSU","Ca",2.2590,"milligramsPerLiter",0.5,,0,"formatChange","GOOD"
"59161586-a29f-4b4a-8917-afe1ce289aea","D03","BARC","BARC.AOS.groundwater.well.006","BARC.W6.20180307.RAW",,"2018-03-07T19:25Z","2018-03-07T19:25Z","EcoCore_CSU","conductivity",30.6500,"microsiemensPerCentimeter",0.5,,0,"formatChange","GOOD"
"bbb6867e-21d2-40fc-b461-b3d861b77c64","D03","BARC","BARC.AOS.groundwater.well.006","BARC.W6.20180307.FIL",,"2018-03-07T19:25Z","2018-03-07T19:25Z","EcoCore_CSU","DIC",1.1560,"milligramsPerLiter",0.5,,0,"formatChange","GOOD"
"801ad35e-71d8-4ee9-91f6-6565b5a2c2e4","D03","BARC","BARC.AOS.groundwater.well.006","BARC.W6.20180307.RAW",,"2018-03-07T19:25Z","2018-03-07T19:25Z","EcoCore_CSU","TSS",176.0000,"milligramsPerLiter",0.5,,0,"formatChange","GOOD"
"4a757b96-b757-4e0a-b4f8-efde03f70d39","D03","BARC","BARC.AOS.groundwater.well.006","BARC.W6.20180307.RAW",,"2018-03-07T19:25Z","2018-03-07T19:25Z","EcoCore_CSU","TN",0.0260,"milligramsPerLiter",0.5,,0,"formatChange","GOOD"
"1a8723ab-12c4-4d93-ac4e-4f2a383b52a1","D03","BARC","BARC.AOS.groundwater.well.006","BARC.W6.20180307.FIL",,"2018-03-07T19:25Z","2018-03-07T19:25Z","EcoCore_CSU","TDP",0.0070,"milligramsPerLiter",0.5,,0,"formatChange","GOOD"
"6475aee3-4b32-4cf0-9996-842f93e3e32b","D03","BARC","BARC.AOS.groundwater.well.006","BARC.W6.20180307.FIL",,"2018-03-07T19:25Z","2018-03-07T19:25Z","EcoCore_CSU","TDN",0.0106,"milligramsPerLiter",0.5,,0,"formatChange","GOOD"
"1091d89f-aa62-4dda-b194-1d7967f6c759","D03","BARC","BARC.AOS.groundwater.well.006","BARC.W6.20180307.PCN",,"2018-03-07T19:25Z","2018-03-07T19:25Z","EcoCore_CSU","TPN",0.0744,"milligram",0.5,,0,"formatChange","GOOD"
"8c93ba86-d378-4f4e-9db4-0985cac9ae98","D03","BARC","BARC.AOS.groundwater.well.006","BARC.W6.20180307.FIL",,"2018-03-07T19:25Z","2018-03-07T19:25Z","EcoCore_CSU","K",0.0850,"milligramsPerLiter",0.5,,0,"formatChange","GOOD"
"e0e2568e-e334-431c-af98-71e5094b918f","D03","BARC","BARC.AOS.groundwater.well.006","BARC.W6.20180307.FIL",,"2018-03-07T19:25Z","2018-03-07T19:25Z","EcoCore_CSU","TDS",22.3000,"milligramsPerLiter",0.5,,0,"formatChange","GOOD"
"3d28dfd1-5200-4247-9e8d-7f1a767a913d","D03","BARC","BARC.AOS.groundwater.well.006","BARC.W6.20180307.FIL",,"2018-03-07T19:25Z","2018-03-07T19:25Z","EcoCore_CSU","HCO3",3.8200,"milligramsPerLiter",0.5,,0,"formatChange","GOOD"
"b42f46f2-4e0d-42d9-9804-8a98e9b88919","D03","BARC","BARC.AOS.groundwater.well.006","BARC.W6.20180307.FIL",,"2018-03-07T19:25Z","2018-03-07T19:25Z","EcoCore_CSU","Si",1.0500,"milligramsPerLiter",0.5,,0,"formatChange","GOOD"
"34e001b7-8fdd-4b65-b790-2c95b49be27f","D03","BARC","BARC.AOS.groundwater.well.006","BARC.W6.20180307.FIL",,"2018-03-07T19:25Z","2018-03-07T19:25Z","EcoCore_CSU","Mn",0.0005,"milligramsPerLiter",0.5,,0,"formatChange","GOOD"
"d0f2e784-f5eb-46bd-aba7-e5bec73486bb","D03","BARC","BARC.AOS.groundwater.well.006","BARC.W6.20180307.FIL",,"2018-03-07T19:25Z","2018-03-07T19:25Z","EcoCore_CSU","Na",4.0950,"milligramsPerLiter",0.5,,0,"formatChange","GOOD"
"527650e8-8626-4ec8-8401-576e2273c11c","D03","BARC","BARC.AOS.groundwater.well.006","BARC.W6.20180307.FIL",,"2018-03-07T19:25Z","2018-03-07T19:25Z","EcoCore_CSU","NO2 - N",0.0157,"milligramsPerLiter",0.5,,0,"formatChange","GOOD"
"5255b084-b5da-49ab-a05f-cd101adac165","D03","BARC","BARC.AOS.groundwater.well.008","BARC.W8.20180308.FIL",,"2018-03-08T18:38Z","2018-03-08T18:38Z","EcoCore_CSU","Br",0.0050,"milligramsPerLiter",-4.2,,0,"formatChange","GOOD"
"d91d4f19-be0e-4ea0-9ca2-ceafe76f7aa7","D03","BARC","BARC.AOS.groundwater.well.008","BARC.W8.20180308.FIL",,"2018-03-08T18:38Z","2018-03-08T18:38Z","EcoCore_CSU","Na",5.6970,"milligramsPerLiter",-4.2,,0,"formatChange","GOOD"
"e7d19a5a-0a9f-4bc8-9976-186b765257eb","D03","BARC","BARC.AOS.groundwater.well.008","BARC.W8.20180308.FIL",,"2018-03-08T18:38Z","2018-03-08T18:38Z","EcoCore_CSU","Mg",0.3250,"milligramsPerLiter",-4.2,,0,"formatChange","GOOD"
"dfb14568-200f-4b99-966d-23977dbcf97d","D03","BARC","BARC.AOS.groundwater.well.008","BARC.W8.20180308.FIL",,"2018-03-08T18:38Z","2018-03-08T18:38Z","EcoCore_CSU","CO3",0.0050,"milligramsPerLiter",-4.2,,0,"formatChange","GOOD"
"fdd9ed7f-0b7a-4d49-a990-bbd4573f509e","D03","BARC","BARC.AOS.groundwater.well.008","BARC.W8.20180308.RAW",,"2018-03-08T18:38Z","2018-03-08T18:38Z","EcoCore_CSU","TP",0.0090,"milligramsPerLiter",-4.2,,0,"formatChange","GOOD"
"fdfb73bf-02b3-4a94-b220-283666027201","D03","BARC","BARC.AOS.groundwater.well.008","BARC.W8.20180308.FIL",,"2018-03-08T18:38Z","2018-03-08T18:38Z","EcoCore_CSU","TDN",0.1390,"milligramsPerLiter",-4.2,,0,"formatChange","GOOD"
"35e02e59-fe51-4d97-b692-ab05eda50b74","D03","BARC","BARC.AOS.groundwater.well.008","BARC.W8.20180308.FIL",,"2018-03-08T18:38Z","2018-03-08T18:38Z","EcoCore_CSU","HCO3",1.1400,"milligramsPerLiter",-4.2,,0,"formatChange","GOOD"
"f55aa0cd-2c34-4869-9fe3-441753537f31","D03","BARC","BARC.AOS.groundwater.well.008","BARC.W8.20180308.FIL",,"2018-03-08T18:38Z","2018-03-08T18:38Z","EcoCore_CSU","Si",2.0300,"milligramsPerLiter",-4.2,,0,"formatChange","GOOD"
"fb50841c-6598-45c9-9d91-b1690cfc071a","D03","BARC","BARC.AOS.groundwater.well.008","BARC.W8.20180308.RAW",,"2018-03-08T18:38Z","2018-03-08T18:38Z","EcoCore_CSU","ANC",0.0300,"milliequivalentsPerLiter",-4.2,,0,"formatChange","GOOD"
"e9fd595b-c66d-4f3b-b909-2182bcbfba58","D03","BARC","BARC.AOS.groundwater.well.008","BARC.W8.20180308.RAW",,"2018-03-08T18:38Z","2018-03-08T18:38Z","EcoCore_CSU","TN",0.1469,"milligramsPerLiter",-4.2,,0,"formatChange","GOOD"
"e8fcad20-286f-4678-b477-0591fdadb61c","D03","BARC","BARC.AOS.groundwater.well.008","BARC.W8.20180308.FIL",,"2018-03-08T18:38Z","2018-03-08T18:38Z","EcoCore_CSU","Ca",0.8560,"milligramsPerLiter",-4.2,,0,"formatChange","GOOD"
"20fd9e46-43a9-4ab9-b87e-82298095f0f2","D03","BARC","BARC.AOS.groundwater.well.008","BARC.W8.20180308.FIL",,"2018-03-08T18:38Z","2018-03-08T18:38Z","EcoCore_CSU","Cl",9.6800,"milligramsPerLiter",-4.2,,0,"formatChange","GOOD"
"b086ef46-0e6a-40ad-95f7-c8c724b5fe09","D03","BARC","BARC.AOS.groundwater.well.008","BARC.W8.20180308.FIL",,"2018-03-08T18:38Z","2018-03-08T18:38Z","EcoCore_CSU","NH4 - N",-0.0045,"milligramsPerLiter",-4.2,,0,"formatChange","GOOD"
"d834ea5e-6f5e-4ba7-8b26-b66309630f43","D03","BARC","BARC.AOS.groundwater.well.008","BARC.W8.20180308.RAW",,"2018-03-08T18:38Z","2018-03-08T18:38Z","EcoCore_CSU","TOC",1.3170,"milligramsPerLiter",-4.2,,0,"formatChange","GOOD"
"a92b4340-1c62-48c2-92d3-4959ab7a6274","D03","BARC","BARC.AOS.groundwater.well.008","BARC.W8.20180308.RAW",,"2018-03-08T18:38Z","2018-03-08T18:38Z","EcoCore_CSU","pH",5.1600,"pH",-4.2,,0,"formatChange","GOOD"
"827a71f9-7706-4bb3-915f-befd75bbb216","D03","BARC","BARC.AOS.groundwater.well.008","BARC.W8.20180308.RAW",,"2018-03-08T18:38Z","2018-03-08T18:38Z","EcoCore_CSU","TSS - Dry Mass",600.0000,"microgram",-4.2,,0,"formatChange","GOOD"
"04817937-fb40-4ba0-ab27-560270f5b352","D03","BARC","BARC.AOS.groundwater.well.008","BARC.W8.20180308.RAW",,"2018-03-08T18:38Z","2018-03-08T18:38Z","EcoCore_CSU","TSS",12.0000,"milligramsPerLiter",-4.2,,0,"formatChange","GOOD"
"a5287a57-edbc-4713-b4d0-91f196962540","D03","BARC","BARC.AOS.groundwater.well.008","BARC.W8.20180308.FIL",,"2018-03-08T18:38Z","2018-03-08T18:38Z","EcoCore_CSU","Mn",0.0050,"milligramsPerLiter",-4.2,,0,"formatChange","GOOD"
"2b076db7-de08-490d-b340-032154d8ba68","D03","BARC","BARC.AOS.groundwater.well.008","BARC.W8.20180308.FIL",,"2018-03-08T18:38Z","2018-03-08T18:38Z","EcoCore_CSU","F",0.0050,"milligramsPerLiter",-4.2,,0,"formatChange","GOOD"
"f63611ed-7099-455a-b028-bfa589d38b2e","D03","BARC","BARC.AOS.groundwater.well.008","BARC.W8.20180308.FIL",,"2018-03-08T18:38Z","2018-03-08T18:38Z","EcoCore_CSU","NO2 - N",0.0159,"milligramsPerLiter",-4.2,,0,"formatChange","GOOD"
"0ec19afe-8e69-4ebf-bc9a-3b2b2bd36f8a","D03","BARC","BARC.AOS.groundwater.well.008","BARC.W8.20180308.PCN",,"2018-03-08T18:38Z","2018-03-08T18:38Z","EcoCore_CSU","TPC",0.2967,"milligram",-4.2,,0,"formatChange","GOOD"
"0d0dacff-3391-4b53-8c98-b22b64017a1c","D03","BARC","BARC.AOS.groundwater.well.008","BARC.W8.20180308.FIL",,"2018-03-08T18:38Z","2018-03-08T18:38Z","EcoCore_CSU","UV Absorbance (250 nm)",0.0338,,-4.2,,0,"formatChange","GOOD"
"d54269af-d07d-4731-bb71-65e063256a8e","D03","BARC","BARC.AOS.groundwater.well.008","BARC.W8.20180308.RAW",,"2018-03-08T18:38Z","2018-03-08T18:38Z","EcoCore_CSU","conductivity",26.7100,"microsiemensPerCentimeter",-4.2,,0,"formatChange","GOOD"
"4027e6fe-e2e5-44af-80f2-1c28b746a8f6","D03","BARC","BARC.AOS.groundwater.well.008","BARC.W8.20180308.FIL",,"2018-03-08T18:38Z","2018-03-08T18:38Z","EcoCore_CSU","TDS",19.4000,"milligramsPerLiter",-4.2,,0,"formatChange","GOOD"
"3f12eef3-4855-4290-b0a4-d641d73925d2","D03","BARC","BARC.AOS.groundwater.well.008","BARC.W8.20180308.FIL",,"2018-03-08T18:38Z","2018-03-08T18:38Z","EcoCore_CSU","Fe",0.0005,"milligramsPerLiter",-4.2,,0,"formatChange","GOOD"
"351ca5d6-f9d9-47f1-af44-1c3230d9814e","D03","BARC","BARC.AOS.groundwater.well.008","BARC.W8.20180308.FIL",,"2018-03-08T18:38Z","2018-03-08T18:38Z","EcoCore_CSU","TDP",0.0070,"milligramsPerLiter",-4.2,,0,"formatChange","GOOD"
"d256c207-cc24-4d89-934b-2bfd8729660f","D03","BARC","BARC.AOS.groundwater.well.008","BARC.W8.20180308.FIL",,"2018-03-08T18:38Z","2018-03-08T18:38Z","EcoCore_CSU","Ortho - P",0.0060,"milligramsPerLiter",-4.2,,0,"formatChange","GOOD"
"92372a16-32d1-4412-aa85-71e8d6772bb5","D03","BARC","BARC.AOS.groundwater.well.008","BARC.W8.20180308.FIL",,"2018-03-08T18:38Z","2018-03-08T18:38Z","EcoCore_CSU","UV Absorbance (280 nm)",0.0253,,-4.2,,0,"formatChange","GOOD"
"6a91c0f4-ecd1-4a75-822d-325dfd9d8ee7","D03","BARC","BARC.AOS.groundwater.well.008","BARC.W8.20180308.FIL",,"2018-03-08T18:38Z","2018-03-08T18:38Z","EcoCore_CSU","SO4",1.2100,"milligramsPerLiter",-4.2,,0,"formatChange","GOOD"
"8f974816-f4fb-434f-a3d4-b3f172fa024e","D03","BARC","BARC.AOS.groundwater.well.008","BARC.W8.20180308.PCN",,"2018-03-08T18:38Z","2018-03-08T18:38Z","EcoCore_CSU","TPN",0.0490,"milligram",-4.2,,0,"formatChange","GOOD"
"dab34fe2-59ac-4645-b3fd-e92653532d6f","D03","BARC","BARC.AOS.groundwater.well.008","BARC.W8.20180308.FIL",,"2018-03-08T18:38Z","2018-03-08T18:38Z","EcoCore_CSU","K",0.1370,"milligramsPerLiter",-4.2,,0,"formatChange","GOOD"
"1bd36322-170e-4509-83f3-e465b69d42d0","D03","BARC","BARC.AOS.groundwater.well.008","BARC.W8.20180308.FIL",,"2018-03-08T18:38Z","2018-03-08T18:38Z","EcoCore_CSU","DOC",1.1350,"milligramsPerLiter",-4.2,,0,"formatChange","GOOD"
"553fa655-de06-4ec0-98ca-851fde12e0fb","D03","BARC","BARC.AOS.groundwater.well.008","BARC.W8.20180308.FIL",,"2018-03-08T18:38Z","2018-03-08T18:38Z","EcoCore_CSU","DIC",0.5374,"milligramsPerLiter",-4.2,,0,"formatChange","GOOD"
"2b767b8c-352d-4504-867b-ed300b731e94","D03","BARC","BARC.AOS.groundwater.well.008","BARC.W8.20180308.FIL",,"2018-03-08T18:38Z","2018-03-08T18:38Z","EcoCore_CSU","NO3+NO2 - N",0.0699,"milligramsPerLiter",-4.2,,0,"formatChange","GOOD"
