uid,domainID,siteID,namedLocation,collectDate,titrationDate,parentSampleID,domainSampleID,remarks,measuredBy,alkMeqPerL,alkMgPerL,ancMeqPerL,ancMgPerL
"b4f573f1-fadb-4dd2-aa40-4883f6b1dcc1","D03","BARC","BARC.AOS.groundwater.well.001","2018-03-07T15:31Z","2018-03-08T15:06Z","BARC.W1.20180307","BARC.W1.20180307.ALK",,"Ahugi",0.000,0.180,,
"ddbbceb1-017c-4769-9a8a-baf5f343af25","D03","BARC","BARC.AOS.groundwater.well.005","2018-03-07T17:43Z","2018-03-08T15:30Z","BARC.W5.20180307","BARC.W5.20180307.ALK",,"Ahugi",0.060,3.010,,
"d3a4f2a0-4f9c-4d5b-b0dc-f1b5ca4b6e41","D03","BARC","BARC.AOS.groundwater.well.006","2018-03-07T19:25Z","2018-03-08T15:45Z","BARC.W6.20180307","BARC.W6.20180307.ALK",,"Ahugi",0.040,2.030,,
"3bf38346-4b02-4871-860f-79b83283e163","D03","BARC","BARC.AOS.groundwater.well.008","2018-03-08T18:38Z","2018-03-08T15:45Z","BARC.W8.20180308","BARC.W8.20180308.ALK",,"Ahugi",-0.010,-0.670,,
