uid,domainID,siteID,namedLocation,collectDate,parentSampleID,sampleCondition,sampleID,replicateNumber,gwwDICBubbleFree,gwwFiltSampleHeadspace,gwwAlkSampleHeadspace,gwwAlkSampleBubbleFree,processedDate,processedDateFilters,sampleVolumeFiltered,shipmentTimeRange
"5d240110-4fbd-4866-8310-a3a2e69210f0","D03","BARC","BARC.AOS.groundwater.well.001","2018-03-07T15:31Z","BARC.W1.20180307","Sample condition ok","BARC.W1.20180307",1,,,,,"2018-03-07T15:31Z","2018-03-07T15:31Z",500.0,
"5b68e69c-dde0-4f15-bd77-1b3694195608","D03","BARC","BARC.AOS.groundwater.well.005","2018-03-07T17:43Z","BARC.W5.20180307","Sample condition ok","BARC.W5.20180307",1,,,,,"2018-03-07T17:43Z","2018-03-07T17:43Z",150.0,
"020aea45-ecdb-4b84-9534-76bd02689a27","D03","BARC","BARC.AOS.groundwater.well.006","2018-03-07T19:25Z","BARC.W6.20180307","Sample condition ok","BARC.W6.20180307",1,,,,,"2018-03-07T19:25Z","2018-03-07T19:25Z",100.0,
"7a61eab6-8ad1-4bea-a1d3-a1b4ce298f12","D03","BARC","BARC.AOS.groundwater.well.008","2018-03-08T18:38Z","BARC.W8.20180308","Sample condition ok","BARC.W8.20180308",1,,,,,"2018-03-08T18:38Z","2018-03-08T18:38Z",250.0,
