uid,domainID,siteID,namedLocation,sampleID,sampleCode,startDate,collectDate,laboratoryName,analyte,analyteConcentration,analyteUnits,coolerTemp,remarks,shipmentWarmQF,externalLabDataQF,sampleCondition
"c6f19d13-8010-4970-9f99-3db7a6948d92","D01","HOPB","HOPB.AOS.groundwater.well.004","HOPB.W4.20180814.FIL",,"2018-08-14T14:01Z","2018-08-14T14:01Z","EcoCore_CSU","UV Absorbance (280 nm)",0.0162,,5.5,,0,"formatChange","GOOD"
"5dc59bda-0c3d-4a8c-9209-237b90d084e5","D01","HOPB","HOPB.AOS.groundwater.well.004","HOPB.W4.20180814.FIL",,"2018-08-14T14:01Z","2018-08-14T14:01Z","EcoCore_CSU","Fe",0.0005,"milligramsPerLiter",5.5,,0,"formatChange","GOOD"
"f663f7e2-dfb2-449d-ba0c-ece92d1b7cff","D01","HOPB","HOPB.AOS.groundwater.well.004","HOPB.W4.20180814.RAW",,"2018-08-14T14:01Z","2018-08-14T14:01Z","EcoCore_CSU","conductivity",29.4100,"microsiemensPerCentimeter",5.5,,0,"formatChange","GOOD"
"b0ad8618-e9e0-4f3d-bdfc-1901c2e052a6","D01","HOPB","HOPB.AOS.groundwater.well.004","HOPB.W4.20180814.PCN",,"2018-08-14T14:01Z","2018-08-14T14:01Z","EcoCore_CSU","TPC",0.5949,"milligram",5.5,,0,"formatChange","GOOD"
"279350d5-73d5-4ad9-9509-0c29b3cae9a3","D01","HOPB","HOPB.AOS.groundwater.well.004","HOPB.W4.20180814.RAW",,"2018-08-14T14:01Z","2018-08-14T14:01Z","EcoCore_CSU","TSS",34.0000,"milligramsPerLiter",5.5,,0,"formatChange","GOOD"
"c4b5e15c-3156-43f4-b199-7abb4e19493f","D01","HOPB","HOPB.AOS.groundwater.well.004","HOPB.W4.20180814.RAW",,"2018-08-14T14:01Z","2018-08-14T14:01Z","EcoCore_CSU","ANC",0.1800,"milliequivalentsPerLiter",5.5,,0,"formatChange","GOOD"
"e7da98a8-2e99-4d15-b0a4-f5ce94cdd0ec","D01","HOPB","HOPB.AOS.groundwater.well.004","HOPB.W4.20180814.FIL",,"2018-08-14T14:01Z","2018-08-14T14:01Z","EcoCore_CSU","Ortho - P",0.1260,"milligramsPerLiter",5.5,,0,"formatChange","GOOD"
"20e0a1d3-9490-43e5-b5b5-3e3039691391","D01","HOPB","HOPB.AOS.groundwater.well.004","HOPB.W4.20180814.FIL",,"2018-08-14T14:01Z","2018-08-14T14:01Z","EcoCore_CSU","F",0.0050,"milligramsPerLiter",5.5,,0,"formatChange","GOOD"
"81f465cb-22d2-471f-b055-decdb0e53e8d","D01","HOPB","HOPB.AOS.groundwater.well.004","HOPB.W4.20180814.FIL",,"2018-08-14T14:01Z","2018-08-14T14:01Z","EcoCore_CSU","Br",0.0050,"milligramsPerLiter",5.5,,0,"formatChange","GOOD"
"4fe06b06-f332-429c-a42a-7197e8af50d8","D01","HOPB","HOPB.AOS.groundwater.well.004","HOPB.W4.20180814.FIL",,"2018-08-14T14:01Z","2018-08-14T14:01Z","EcoCore_CSU","TDP",0.0257,"milligramsPerLiter",5.5,,0,"formatChange","GOOD"
"5636e380-4fe8-41ca-9aa7-ffc4df26883c","D01","HOPB","HOPB.AOS.groundwater.well.004","HOPB.W4.20180814.FIL",,"2018-08-14T14:01Z","2018-08-14T14:01Z","EcoCore_CSU","NH4 - N",0.0192,"milligramsPerLiter",5.5,,0,"formatChange","GOOD"
"abe09f6d-72a4-4142-85fe-f314e640e552","D01","HOPB","HOPB.AOS.groundwater.well.004","HOPB.W4.20180814.RAW",,"2018-08-14T14:01Z","2018-08-14T14:01Z","EcoCore_CSU","TOC",3.0850,"milligramsPerLiter",5.5,,0,"formatChange","GOOD"
"492dbd03-ae2b-4d41-9cb9-5394dd204b32","D01","HOPB","HOPB.AOS.groundwater.well.004","HOPB.W4.20180814.FIL",,"2018-08-14T14:01Z","2018-08-14T14:01Z","EcoCore_CSU","NO3+NO2 - N",0.0135,"milligramsPerLiter",5.5,,0,"formatChange","GOOD"
"34775dd6-e5f0-43ab-b670-802079de89c1","D01","HOPB","HOPB.AOS.groundwater.well.004","HOPB.W4.20180814.FIL",,"2018-08-14T14:01Z","2018-08-14T14:01Z","EcoCore_CSU","K",0.0005,"milligramsPerLiter",5.5,,0,"formatChange","GOOD"
"02222229-832e-499a-bbef-692e3c6b54ca","D01","HOPB","HOPB.AOS.groundwater.well.004","HOPB.W4.20180814.FIL",,"2018-08-14T14:01Z","2018-08-14T14:01Z","EcoCore_CSU","DIC",5.1050,"milligramsPerLiter",5.5,,0,"formatChange","GOOD"
"6dc98b1e-7193-4133-81ee-f7140b7389ca","D01","HOPB","HOPB.AOS.groundwater.well.004","HOPB.W4.20180814.FIL",,"2018-08-14T14:01Z","2018-08-14T14:01Z","EcoCore_CSU","HCO3",9.9900,"milligramsPerLiter",5.5,,0,"formatChange","GOOD"
"d479b875-ae64-4729-ab7f-4cdebc5d8b9a","D01","HOPB","HOPB.AOS.groundwater.well.004","HOPB.W4.20180814.FIL",,"2018-08-14T14:01Z","2018-08-14T14:01Z","EcoCore_CSU","Mn",0.0090,"milligramsPerLiter",5.5,,0,"formatChange","GOOD"
"efc6263d-466f-44f9-9013-45c4bb47ca57","D01","HOPB","HOPB.AOS.groundwater.well.004","HOPB.W4.20180814.FIL",,"2018-08-14T14:01Z","2018-08-14T14:01Z","EcoCore_CSU","TDS",20.9600,"milligramsPerLiter",5.5,,0,"formatChange","GOOD"
"0ebf59e9-3ddd-474b-a1de-9ef0ceddf127","D01","HOPB","HOPB.AOS.groundwater.well.004","HOPB.W4.20180814.RAW",,"2018-08-14T14:01Z","2018-08-14T14:01Z","EcoCore_CSU","TSS - Dry Mass",1700.0000,"microgram",5.5,,0,"formatChange","GOOD"
"e282e3f7-238e-4a64-92b6-a310b6391276","D01","HOPB","HOPB.AOS.groundwater.well.004","HOPB.W4.20180814.RAW",,"2018-08-14T14:01Z","2018-08-14T14:01Z","EcoCore_CSU","TN",0.1782,"milligramsPerLiter",5.5,,0,"formatChange","GOOD"
"fbbca04e-74ce-4a8c-9909-e05ca77ed802","D01","HOPB","HOPB.AOS.groundwater.well.004","HOPB.W4.20180814.FIL",,"2018-08-14T14:01Z","2018-08-14T14:01Z","EcoCore_CSU","Na",1.9060,"milligramsPerLiter",5.5,,0,"formatChange","GOOD"
"409c8f36-1879-4286-bd31-ce86007ead79","D01","HOPB","HOPB.AOS.groundwater.well.004","HOPB.W4.20180814.FIL",,"2018-08-14T14:01Z","2018-08-14T14:01Z","EcoCore_CSU","Mg",0.9980,"milligramsPerLiter",5.5,,0,"formatChange","GOOD"
"f94727cd-1d08-4474-9eca-7c1993bd3955","D01","HOPB","HOPB.AOS.groundwater.well.004","HOPB.W4.20180814.FIL",,"2018-08-14T14:01Z","2018-08-14T14:01Z","EcoCore_CSU","CO3",0.0050,"milligramsPerLiter",5.5,,0,"formatChange","GOOD"
"e6885210-37b8-4bdc-be09-4c20dec7a5aa","D01","HOPB","HOPB.AOS.groundwater.well.004","HOPB.W4.20180814.FIL",,"2018-08-14T14:01Z","2018-08-14T14:01Z","EcoCore_CSU","Ca",2.4489,"milligramsPerLiter",5.5,,0,"formatChange","GOOD"
"5cee8162-5165-46df-9943-f59a61b6ed56","D01","HOPB","HOPB.AOS.groundwater.well.004","HOPB.W4.20180814.FIL",,"2018-08-14T14:01Z","2018-08-14T14:01Z","EcoCore_CSU","UV Absorbance (250 nm)",0.0320,,5.5,,0,"formatChange","GOOD"
"48ae3f23-c6c3-455a-83d0-61461b75b3ef","D01","HOPB","HOPB.AOS.groundwater.well.004","HOPB.W4.20180814.RAW",,"2018-08-14T14:01Z","2018-08-14T14:01Z","EcoCore_CSU","pH",5.9500,"pH",5.5,,0,"formatChange","GOOD"
"47ac095f-00f6-4410-8750-dd40e76f66b5","D01","HOPB","HOPB.AOS.groundwater.well.004","HOPB.W4.20180814.FIL",,"2018-08-14T14:01Z","2018-08-14T14:01Z","EcoCore_CSU","Cl",0.2800,"milligramsPerLiter",5.5,,0,"formatChange","GOOD"
"70055d26-f7d2-4142-a292-f845a56580f1","D01","HOPB","HOPB.AOS.groundwater.well.004","HOPB.W4.20180814.FIL",,"2018-08-14T14:01Z","2018-08-14T14:01Z","EcoCore_CSU","NO2 - N",0.0218,"milligramsPerLiter",5.5,,0,"formatChange","GOOD"
"75122c70-7f9b-49ea-9906-9a57b6c86a5c","D01","HOPB","HOPB.AOS.groundwater.well.004","HOPB.W4.20180814.FIL",,"2018-08-14T14:01Z","2018-08-14T14:01Z","EcoCore_CSU","Si",5.1898,"milligramsPerLiter",5.5,,0,"formatChange","GOOD"
"4b530d0d-1e7f-4318-a44b-d258ab91a3fe","D01","HOPB","HOPB.AOS.groundwater.well.004","HOPB.W4.20180814.RAW",,"2018-08-14T14:01Z","2018-08-14T14:01Z","EcoCore_CSU","TP",0.0703,"milligramsPerLiter",5.5,,0,"formatChange","GOOD"
"8773c412-51d7-4251-90a1-ea9b349aac45","D01","HOPB","HOPB.AOS.groundwater.well.004","HOPB.W4.20180814.FIL",,"2018-08-14T14:01Z","2018-08-14T14:01Z","EcoCore_CSU","TDN",0.1031,"milligramsPerLiter",5.5,,0,"formatChange","GOOD"
"d4e8d5e4-cd0e-4ef3-ad96-cb8f237a6b74","D01","HOPB","HOPB.AOS.groundwater.well.004","HOPB.W4.20180814.FIL",,"2018-08-14T14:01Z","2018-08-14T14:01Z","EcoCore_CSU","SO4",5.5860,"milligramsPerLiter",5.5,,0,"formatChange","GOOD"
"6b8b908d-0dc3-45cc-8da8-58c81d15d25d","D01","HOPB","HOPB.AOS.groundwater.well.004","HOPB.W4.20180814.PCN",,"2018-08-14T14:01Z","2018-08-14T14:01Z","EcoCore_CSU","TPN",0.1281,"milligram",5.5,,0,"formatChange","GOOD"
"92e0c594-e5a7-4de2-b909-1da9b4ca1247","D01","HOPB","HOPB.AOS.groundwater.well.004","HOPB.W4.20180814.FIL",,"2018-08-14T14:01Z","2018-08-14T14:01Z","EcoCore_CSU","DOC",1.7210,"milligramsPerLiter",5.5,,0,"formatChange","GOOD"
"cf04d0be-b937-431c-bc08-abffa0f8d04a","D01","HOPB","HOPB.AOS.groundwater.well.003","HOPB.W3.20180814.PCN",,"2018-08-14T14:18Z","2018-08-14T14:18Z","EcoCore_CSU","TPN",0.0438,"milligram",9.1,,1,"formatChange","GOOD"
"b1b8f79e-859e-4d8e-91be-762225434406","D01","HOPB","HOPB.AOS.groundwater.well.003","HOPB.W3.20180814.RAW",,"2018-08-14T14:18Z","2018-08-14T14:18Z","EcoCore_CSU","TSS - Dry Mass",12700.0000,"microgram",9.1,,1,"formatChange","GOOD"
"59492626-014e-412e-98af-a4679076a742","D01","HOPB","HOPB.AOS.groundwater.well.003","HOPB.W3.20180814.FIL",,"2018-08-14T14:18Z","2018-08-14T14:18Z","EcoCore_CSU","NO2 - N",0.0228,"milligramsPerLiter",9.1,,1,"formatChange","GOOD"
"6fc61703-89c5-475f-804b-a59093ad4e8f","D01","HOPB","HOPB.AOS.groundwater.well.003","HOPB.W3.20180814.FIL",,"2018-08-14T14:18Z","2018-08-14T14:18Z","EcoCore_CSU","DOC",1.9750,"milligramsPerLiter",9.1,,1,"formatChange","GOOD"
"7de20755-0107-45e0-83f6-ed650412f9b6","D01","HOPB","HOPB.AOS.groundwater.well.003","HOPB.W3.20180814.FIL",,"2018-08-14T14:18Z","2018-08-14T14:18Z","EcoCore_CSU","NH4 - N",0.0507,"milligramsPerLiter",9.1,,1,"formatChange","GOOD"
"93de4e60-4167-4fb3-b6ae-829c3104cd7e","D01","HOPB","HOPB.AOS.groundwater.well.003","HOPB.W3.20180814.FIL",,"2018-08-14T14:18Z","2018-08-14T14:18Z","EcoCore_CSU","SO4",5.5470,"milligramsPerLiter",9.1,,1,"formatChange","GOOD"
"ed06839a-6738-4774-88aa-4937f2374f29","D01","HOPB","HOPB.AOS.groundwater.well.003","HOPB.W3.20180814.FIL",,"2018-08-14T14:18Z","2018-08-14T14:18Z","EcoCore_CSU","HCO3",0.6700,"milligramsPerLiter",9.1,,1,"formatChange","GOOD"
"93da9dc5-9fcd-4af2-b7a2-6bb7f3c9173d","D01","HOPB","HOPB.AOS.groundwater.well.003","HOPB.W3.20180814.RAW",,"2018-08-14T14:18Z","2018-08-14T14:18Z","EcoCore_CSU","ANC",0.0300,"milliequivalentsPerLiter",9.1,,1,"formatChange","GOOD"
"4dc6fe68-a027-4d34-a535-7ae679e5df05","D01","HOPB","HOPB.AOS.groundwater.well.003","HOPB.W3.20180814.FIL",,"2018-08-14T14:18Z","2018-08-14T14:18Z","EcoCore_CSU","Cl",5.5719,"milligramsPerLiter",9.1,,1,"formatChange","GOOD"
"5672930c-a4c9-4b8c-9ccc-1662618b8319","D01","HOPB","HOPB.AOS.groundwater.well.003","HOPB.W3.20180814.FIL",,"2018-08-14T14:18Z","2018-08-14T14:18Z","EcoCore_CSU","TDP",0.0478,"milligramsPerLiter",9.1,,1,"formatChange","GOOD"
"4105b92a-d467-4ac4-911f-ad1cc2d04832","D01","HOPB","HOPB.AOS.groundwater.well.003","HOPB.W3.20180814.FIL",,"2018-08-14T14:18Z","2018-08-14T14:18Z","EcoCore_CSU","Ca",2.4768,"milligramsPerLiter",9.1,,1,"formatChange","GOOD"
"d88b40f6-4c94-4522-93e0-30ac0eccc543","D01","HOPB","HOPB.AOS.groundwater.well.003","HOPB.W3.20180814.FIL",,"2018-08-14T14:18Z","2018-08-14T14:18Z","EcoCore_CSU","Ortho - P",0.0340,"milligramsPerLiter",9.1,,1,"formatChange","GOOD"
"425a55a4-9cc7-4dea-958f-510e97f3e345","D01","HOPB","HOPB.AOS.groundwater.well.003","HOPB.W3.20180814.FIL",,"2018-08-14T14:18Z","2018-08-14T14:18Z","EcoCore_CSU","Na",2.3760,"milligramsPerLiter",9.1,,1,"formatChange","GOOD"
"15328bf7-98f4-4f30-9f89-a267c596eaf5","D01","HOPB","HOPB.AOS.groundwater.well.003","HOPB.W3.20180814.FIL",,"2018-08-14T14:18Z","2018-08-14T14:18Z","EcoCore_CSU","Br",0.0050,"milligramsPerLiter",9.1,,1,"formatChange","GOOD"
"ba85aedb-43bb-4961-acb6-57d60e38769b","D01","HOPB","HOPB.AOS.groundwater.well.003","HOPB.W3.20180814.RAW",,"2018-08-14T14:18Z","2018-08-14T14:18Z","EcoCore_CSU","conductivity",28.7300,"microsiemensPerCentimeter",9.1,,1,"formatChange","GOOD"
"608812b0-9422-4373-abfc-8f9b170c035c","D01","HOPB","HOPB.AOS.groundwater.well.003","HOPB.W3.20180814.RAW",,"2018-08-14T14:18Z","2018-08-14T14:18Z","EcoCore_CSU","TP",0.2659,"milligramsPerLiter",9.1,,1,"formatChange","GOOD"
"812e9dd2-c7d4-4d9f-8680-1800d7f1ac8e","D01","HOPB","HOPB.AOS.groundwater.well.003","HOPB.W3.20180814.FIL",,"2018-08-14T14:18Z","2018-08-14T14:18Z","EcoCore_CSU","Mg",0.7640,"milligramsPerLiter",9.1,,1,"formatChange","GOOD"
"67dc2eaf-6ddd-48c5-b8d1-5ac084176284","D01","HOPB","HOPB.AOS.groundwater.well.003","HOPB.W3.20180814.FIL",,"2018-08-14T14:18Z","2018-08-14T14:18Z","EcoCore_CSU","Fe",0.0635,"milligramsPerLiter",9.1,,1,"formatChange","GOOD"
"5be58011-c89e-41d6-b752-adc95aad388a","D01","HOPB","HOPB.AOS.groundwater.well.003","HOPB.W3.20180814.FIL",,"2018-08-14T14:18Z","2018-08-14T14:18Z","EcoCore_CSU","UV Absorbance (250 nm)",0.0753,,9.1,,1,"formatChange","GOOD"
"1789fee5-be6b-4e4b-9f40-8037c8ff949f","D01","HOPB","HOPB.AOS.groundwater.well.003","HOPB.W3.20180814.RAW",,"2018-08-14T14:18Z","2018-08-14T14:18Z","EcoCore_CSU","pH",6.1200,"pH",9.1,,1,"formatChange","GOOD"
"4f2db268-fd6d-496d-ad6a-ba8ba6e42604","D01","HOPB","HOPB.AOS.groundwater.well.003","HOPB.W3.20180814.RAW",,"2018-08-14T14:18Z","2018-08-14T14:18Z","EcoCore_CSU","TOC",2.7440,"milligramsPerLiter",9.1,,1,"formatChange","GOOD"
"4fec4346-4459-4835-9a39-aa10c7821f2a","D01","HOPB","HOPB.AOS.groundwater.well.003","HOPB.W3.20180814.FIL",,"2018-08-14T14:18Z","2018-08-14T14:18Z","EcoCore_CSU","DIC",3.4700,"milligramsPerLiter",9.1,,1,"formatChange","GOOD"
"2e117a9a-c753-4bbf-a894-2a304888c7b0","D01","HOPB","HOPB.AOS.groundwater.well.003","HOPB.W3.20180814.FIL",,"2018-08-14T14:18Z","2018-08-14T14:18Z","EcoCore_CSU","CO3",0.0050,"milligramsPerLiter",9.1,,1,"formatChange","GOOD"
"08daf8d9-c2fd-4c5d-8f52-ac3136e2bcc1","D01","HOPB","HOPB.AOS.groundwater.well.003","HOPB.W3.20180814.FIL",,"2018-08-14T14:18Z","2018-08-14T14:18Z","EcoCore_CSU","TDS",21.0800,"milligramsPerLiter",9.1,,1,"formatChange","GOOD"
"31c5f16a-6813-4a20-a3ae-fdb8fae36541","D01","HOPB","HOPB.AOS.groundwater.well.003","HOPB.W3.20180814.FIL",,"2018-08-14T14:18Z","2018-08-14T14:18Z","EcoCore_CSU","K",0.0005,"milligramsPerLiter",9.1,,1,"formatChange","GOOD"
"ec4b9a14-7931-4c68-80b3-892144834793","D01","HOPB","HOPB.AOS.groundwater.well.003","HOPB.W3.20180814.PCN",,"2018-08-14T14:18Z","2018-08-14T14:18Z","EcoCore_CSU","TPC",0.3101,"milligram",9.1,,1,"formatChange","GOOD"
"026f4c1c-62f2-4c2c-a63c-3abf616b993b","D01","HOPB","HOPB.AOS.groundwater.well.003","HOPB.W3.20180814.FIL",,"2018-08-14T14:18Z","2018-08-14T14:18Z","EcoCore_CSU","F",0.0050,"milligramsPerLiter",9.1,,1,"formatChange","GOOD"
"91d50f29-f9b1-438c-ae3a-f7b75ac9da02","D01","HOPB","HOPB.AOS.groundwater.well.003","HOPB.W3.20180814.RAW",,"2018-08-14T14:18Z","2018-08-14T14:18Z","EcoCore_CSU","TSS",254.0000,"milligramsPerLiter",9.1,,1,"formatChange","GOOD"
"ba0cc2d7-8326-477b-80b2-44de7660bb0c","D01","HOPB","HOPB.AOS.groundwater.well.003","HOPB.W3.20180814.FIL",,"2018-08-14T14:18Z","2018-08-14T14:18Z","EcoCore_CSU","UV Absorbance (280 nm)",0.0515,,9.1,,1,"formatChange","GOOD"
"1c8f0153-7d6c-4ead-b63c-201aa0f5d7cb","D01","HOPB","HOPB.AOS.groundwater.well.003","HOPB.W3.20180814.FIL",,"2018-08-14T14:18Z","2018-08-14T14:18Z","EcoCore_CSU","Mn",0.1020,"milligramsPerLiter",9.1,,1,"formatChange","GOOD"
"70659904-573d-464d-930a-ed999cf3f0a5","D01","HOPB","HOPB.AOS.groundwater.well.003","HOPB.W3.20180814.FIL",,"2018-08-14T14:18Z","2018-08-14T14:18Z","EcoCore_CSU","TDN",0.0858,"milligramsPerLiter",9.1,,1,"formatChange","GOOD"
"e1d6da7f-b04a-4df0-83fd-ffd9df7f0d96","D01","HOPB","HOPB.AOS.groundwater.well.003","HOPB.W3.20180814.FIL",,"2018-08-14T14:18Z","2018-08-14T14:18Z","EcoCore_CSU","Si",6.3157,"milligramsPerLiter",9.1,,1,"formatChange","GOOD"
"c746b221-f779-44b8-9920-fde72adb27d7","D01","HOPB","HOPB.AOS.groundwater.well.003","HOPB.W3.20180814.RAW",,"2018-08-14T14:18Z","2018-08-14T14:18Z","EcoCore_CSU","TN",0.1390,"milligramsPerLiter",9.1,,1,"formatChange","GOOD"
"1eff29a8-7a72-49bd-a920-d6f282e88c82","D01","HOPB","HOPB.AOS.groundwater.well.003","HOPB.W3.20180814.FIL",,"2018-08-14T14:18Z","2018-08-14T14:18Z","EcoCore_CSU","NO3+NO2 - N",0.0316,"milligramsPerLiter",9.1,,1,"formatChange","GOOD"
"873df60e-03d6-40c7-bcde-357c855dcdf2","D01","HOPB","HOPB.AOS.groundwater.well.002","HOPB.W2.20180814.FIL",,"2018-08-14T14:39Z","2018-08-14T14:39Z","EcoCore_CSU","DOC",3.0070,"milligramsPerLiter",9.1,,1,"formatChange","GOOD"
"2d02635e-9693-4f39-8790-3e6f77dd867b","D01","HOPB","HOPB.AOS.groundwater.well.002","HOPB.W2.20180814.RAW",,"2018-08-14T14:39Z","2018-08-14T14:39Z","EcoCore_CSU","TP",0.1827,"milligramsPerLiter",9.1,,1,"formatChange","GOOD"
"07a00f32-d71b-468d-b6dd-7959f46fbc3f","D01","HOPB","HOPB.AOS.groundwater.well.002","HOPB.W2.20180814.FIL",,"2018-08-14T14:39Z","2018-08-14T14:39Z","EcoCore_CSU","UV Absorbance (250 nm)",0.0595,,9.1,,1,"formatChange","GOOD"
"4ec56ae8-7334-4ffd-a416-1526656e3eaf","D01","HOPB","HOPB.AOS.groundwater.well.002","HOPB.W2.20180814.FIL",,"2018-08-14T14:39Z","2018-08-14T14:39Z","EcoCore_CSU","TDS",48.6300,"milligramsPerLiter",9.1,,1,"formatChange","GOOD"
"e900d451-dd72-4dc6-ac9d-234ddfcbdf2d","D01","HOPB","HOPB.AOS.groundwater.well.002","HOPB.W2.20180814.RAW",,"2018-08-14T14:39Z","2018-08-14T14:39Z","EcoCore_CSU","pH",6.4600,"pH",9.1,,1,"formatChange","GOOD"
"9a5d9d96-1a38-4223-b1fc-522f062cbf9c","D01","HOPB","HOPB.AOS.groundwater.well.002","HOPB.W2.20180814.FIL",,"2018-08-14T14:39Z","2018-08-14T14:39Z","EcoCore_CSU","TDP",0.0331,"milligramsPerLiter",9.1,,1,"formatChange","GOOD"
"a8b9f85c-20e1-413d-a66c-f06c8adcb320","D01","HOPB","HOPB.AOS.groundwater.well.002","HOPB.W2.20180814.PCN",,"2018-08-14T14:39Z","2018-08-14T14:39Z","EcoCore_CSU","TPC",0.6587,"milligram",9.1,,1,"formatChange","GOOD"
"f432d830-d79b-4146-b833-0077f87160e0","D01","HOPB","HOPB.AOS.groundwater.well.002","HOPB.W2.20180814.FIL",,"2018-08-14T14:39Z","2018-08-14T14:39Z","EcoCore_CSU","CO3",0.0050,"milligramsPerLiter",9.1,,1,"formatChange","GOOD"
"20f2c2ba-672d-43bb-8be5-f102f1e9c4f7","D01","HOPB","HOPB.AOS.groundwater.well.002","HOPB.W2.20180814.RAW",,"2018-08-14T14:39Z","2018-08-14T14:39Z","EcoCore_CSU","TOC",2.9190,"milligramsPerLiter",9.1,,1,"formatChange","GOOD"
"b2f829ca-faa1-4222-9459-d331ecb907df","D01","HOPB","HOPB.AOS.groundwater.well.002","HOPB.W2.20180814.PCN",,"2018-08-14T14:39Z","2018-08-14T14:39Z","EcoCore_CSU","TPN",0.0986,"milligram",9.1,,1,"formatChange","GOOD"
"3be59feb-6f74-41e2-b823-e340620dcb3a","D01","HOPB","HOPB.AOS.groundwater.well.002","HOPB.W2.20180814.FIL",,"2018-08-14T14:39Z","2018-08-14T14:39Z","EcoCore_CSU","F",0.0050,"milligramsPerLiter",9.1,,1,"formatChange","GOOD"
"33bd6162-95b0-4c3b-a295-7454048ea2fd","D01","HOPB","HOPB.AOS.groundwater.well.002","HOPB.W2.20180814.FIL",,"2018-08-14T14:39Z","2018-08-14T14:39Z","EcoCore_CSU","Na",2.9570,"milligramsPerLiter",9.1,,1,"formatChange","GOOD"
"1cb92ca0-2f32-49a2-9567-bf0037b004dc","D01","HOPB","HOPB.AOS.groundwater.well.002","HOPB.W2.20180814.FIL",,"2018-08-14T14:39Z","2018-08-14T14:39Z","EcoCore_CSU","UV Absorbance (280 nm)",0.0371,,9.1,,1,"formatChange","GOOD"
"3121210c-6a58-4686-a144-33d933353507","D01","HOPB","HOPB.AOS.groundwater.well.002","HOPB.W2.20180814.FIL",,"2018-08-14T14:39Z","2018-08-14T14:39Z","EcoCore_CSU","NO3+NO2 - N",0.0049,"milligramsPerLiter",9.1,,1,"formatChange","GOOD"
"3884a5e7-223e-483d-bfb0-39b440dd734f","D01","HOPB","HOPB.AOS.groundwater.well.002","HOPB.W2.20180814.FIL",,"2018-08-14T14:39Z","2018-08-14T14:39Z","EcoCore_CSU","Cl",13.1100,"milligramsPerLiter",9.1,,1,"formatChange","GOOD"
"3a070d8a-8ed0-40f5-a910-290055357acb","D01","HOPB","HOPB.AOS.groundwater.well.002","HOPB.W2.20180814.FIL",,"2018-08-14T14:39Z","2018-08-14T14:39Z","EcoCore_CSU","Ortho - P",0.0320,"milligramsPerLiter",9.1,,1,"formatChange","GOOD"
"f947f96d-2a66-4b28-a0cd-6239260870d4","D01","HOPB","HOPB.AOS.groundwater.well.002","HOPB.W2.20180814.FIL",,"2018-08-14T14:39Z","2018-08-14T14:39Z","EcoCore_CSU","SO4",11.0790,"milligramsPerLiter",9.1,,1,"formatChange","GOOD"
"d7ca13ac-de40-400d-9921-770537ff1094","D01","HOPB","HOPB.AOS.groundwater.well.002","HOPB.W2.20180814.RAW",,"2018-08-14T14:39Z","2018-08-14T14:39Z","EcoCore_CSU","conductivity",68.0300,"microsiemensPerCentimeter",9.1,,1,"formatChange","GOOD"
"d0f85028-5f24-417b-91ef-168a9afaea9e","D01","HOPB","HOPB.AOS.groundwater.well.002","HOPB.W2.20180814.FIL",,"2018-08-14T14:39Z","2018-08-14T14:39Z","EcoCore_CSU","HCO3",1.5000,"milligramsPerLiter",9.1,,1,"formatChange","GOOD"
"d5be6b67-e455-499e-ab69-6810f5be6296","D01","HOPB","HOPB.AOS.groundwater.well.002","HOPB.W2.20180814.FIL",,"2018-08-14T14:39Z","2018-08-14T14:39Z","EcoCore_CSU","Si",8.1754,"milligramsPerLiter",9.1,,1,"formatChange","GOOD"
"c7b3e045-1ad1-4d1f-9f33-7a6c6bdba56c","D01","HOPB","HOPB.AOS.groundwater.well.002","HOPB.W2.20180814.RAW",,"2018-08-14T14:39Z","2018-08-14T14:39Z","EcoCore_CSU","ANC",0.0300,"milliequivalentsPerLiter",9.1,,1,"formatChange","GOOD"
"532162da-87c7-4e8f-8041-b70cb63768ad","D01","HOPB","HOPB.AOS.groundwater.well.002","HOPB.W2.20180814.FIL",,"2018-08-14T14:39Z","2018-08-14T14:39Z","EcoCore_CSU","Br",0.0050,"milligramsPerLiter",9.1,,1,"formatChange","GOOD"
"3881fcb0-3c1f-43f7-ac83-daa905d95fbe","D01","HOPB","HOPB.AOS.groundwater.well.002","HOPB.W2.20180814.FIL",,"2018-08-14T14:39Z","2018-08-14T14:39Z","EcoCore_CSU","NH4 - N",0.0421,"milligramsPerLiter",9.1,,1,"formatChange","GOOD"
"d3da65db-2ddf-4015-9ba4-f53c9a4570f2","D01","HOPB","HOPB.AOS.groundwater.well.002","HOPB.W2.20180814.FIL",,"2018-08-14T14:39Z","2018-08-14T14:39Z","EcoCore_CSU","NO2 - N",0.0259,"milligramsPerLiter",9.1,,1,"formatChange","GOOD"
"8ec8fda3-9d18-45ff-b577-8061536bab4a","D01","HOPB","HOPB.AOS.groundwater.well.002","HOPB.W2.20180814.RAW",,"2018-08-14T14:39Z","2018-08-14T14:39Z","EcoCore_CSU","TN",0.1703,"milligramsPerLiter",9.1,,1,"formatChange","GOOD"
"76478b91-e980-440f-971f-12f1b195c396","D01","HOPB","HOPB.AOS.groundwater.well.002","HOPB.W2.20180814.RAW",,"2018-08-14T14:39Z","2018-08-14T14:39Z","EcoCore_CSU","TSS - Dry Mass",3500.0000,"microgram",9.1,,1,"formatChange","GOOD"
"b0d91b71-e761-414f-960e-1a409ba8ad7f","D01","HOPB","HOPB.AOS.groundwater.well.002","HOPB.W2.20180814.FIL",,"2018-08-14T14:39Z","2018-08-14T14:39Z","EcoCore_CSU","Mn",0.8050,"milligramsPerLiter",9.1,,1,"formatChange","GOOD"
"8342794e-6882-4853-864f-142334704728","D01","HOPB","HOPB.AOS.groundwater.well.002","HOPB.W2.20180814.FIL",,"2018-08-14T14:39Z","2018-08-14T14:39Z","EcoCore_CSU","Mg",1.9850,"milligramsPerLiter",9.1,,1,"formatChange","GOOD"
"468e22db-423c-4466-9584-33f59fd16802","D01","HOPB","HOPB.AOS.groundwater.well.002","HOPB.W2.20180814.FIL",,"2018-08-14T14:39Z","2018-08-14T14:39Z","EcoCore_CSU","Ca",6.4460,"milligramsPerLiter",9.1,,1,"formatChange","GOOD"
"b828aa38-8cbd-4dfb-8f48-802eeba3ba96","D01","HOPB","HOPB.AOS.groundwater.well.002","HOPB.W2.20180814.FIL",,"2018-08-14T14:39Z","2018-08-14T14:39Z","EcoCore_CSU","K",0.5460,"milligramsPerLiter",9.1,,1,"formatChange","GOOD"
"a7b2fad5-f8f1-42c5-927b-7a6d5607c063","D01","HOPB","HOPB.AOS.groundwater.well.002","HOPB.W2.20180814.RAW",,"2018-08-14T14:39Z","2018-08-14T14:39Z","EcoCore_CSU","TSS",70.0000,"milligramsPerLiter",9.1,,1,"formatChange","GOOD"
"cf26495a-c555-4a71-82f1-7708b1522999","D01","HOPB","HOPB.AOS.groundwater.well.002","HOPB.W2.20180814.FIL",,"2018-08-14T14:39Z","2018-08-14T14:39Z","EcoCore_CSU","DIC",6.3490,"milligramsPerLiter",9.1,,1,"formatChange","GOOD"
"41239371-829d-478e-b727-070b672029aa","D01","HOPB","HOPB.AOS.groundwater.well.002","HOPB.W2.20180814.FIL",,"2018-08-14T14:39Z","2018-08-14T14:39Z","EcoCore_CSU","Fe",0.0005,"milligramsPerLiter",9.1,,1,"formatChange","GOOD"
"b5768412-2364-43c0-a8c4-8cdcd0faec4d","D01","HOPB","HOPB.AOS.groundwater.well.002","HOPB.W2.20180814.FIL",,"2018-08-14T14:39Z","2018-08-14T14:39Z","EcoCore_CSU","TDN",0.2048,"milligramsPerLiter",9.1,,1,"formatChange","GOOD"
