uid,domainID,siteID,namedLocation,collectDate,parentSampleID,sampleCondition,sampleID,replicateNumber,gwwDICBubbleFree,gwwFiltSampleHeadspace,gwwAlkSampleHeadspace,gwwAlkSampleBubbleFree,processedDate,processedDateFilters,sampleVolumeFiltered,shipmentTimeRange
"dfbcdd44-c872-4b6e-be87-c11264730ab6","D02","POSE","POSE.AOS.groundwater.well.001","2017-09-18T12:14Z","POSE.W1.20170918","Sample condition ok","POSE.W1.20170918",1,,,,,"2017-09-18T12:14Z","2017-09-18T12:14Z",50.0,
"9475d5be-9020-4a76-afdb-bc4228f98e7e","D02","POSE","POSE.AOS.groundwater.well.003","2017-09-18T13:39Z","POSE.W3.20170918","Sample condition ok","POSE.W3.20170918",1,,,,,"2017-09-18T13:39Z","2017-09-18T13:39Z",20.0,
"6a8eead2-4116-4e6f-a189-094b554cf1ef","D02","POSE","POSE.AOS.groundwater.well.006","2017-09-18T15:29Z","POSE.W6.20170918","Sample condition ok","POSE.W6.20170918",1,,,,,"2017-09-18T15:29Z","2017-09-18T15:29Z",50.0,
"58ea1558-f7b8-415e-9089-09ea02ecaa26","D02","POSE","POSE.AOS.groundwater.well.008","2017-09-18T17:00Z","POSE.W8.20170918","Sample condition ok","POSE.W8.20170918",1,,,,,"2017-09-18T17:00Z","2017-09-18T17:00Z",100.0,
