uid,domainID,siteID,namedLocation,decimalLatitude,decimalLongitude,coordinateUncertainty,elevation,elevationUncertainty,geodeticDatum,collectDate,aquaticSiteType,samplingImpractical,waterChemSamplesCollected,adequateSampleVol,parentSampleID,eventID,swcSamplingProtocolVersion,sampleExtractionMethod,samplerType,totalWellDepth,wellWaterDepth,waterColumnHeight,sampleDepth,purgeAverageDischargeRate,purgeTime,gwWellStabilized,purgeDryDateTime,pumpPlacementDate,screenedIntervalDepth,maxAllowableDrawdown,actualDrawdown,MADExceeded,wellVolumePurged,probeIDUnavailable,dissolvedOxygen,dissolvedOxygenSaturation,specificConductance,waterTemp,pH,waterClarityDescrip,waterColorDescrip,aCollectedBy,bCollectedBy,remarks
"839b75b4-e257-4d19-9061-01d203132709","D02","POSE","POSE.AOS.groundwater.well.001",38.894262,-78.147143,0.1,277.9,0.1,"WGS84","2017-09-18T12:14Z","stream",,,,"POSE.W1.20170918","POSE.20170918","NEON.DOC.002905vD","low-flow","Groundwater Pump",3.0,1.6,1.4,2.5,,,,,,,,,,0.5,,0.38,3.80,137.60,16.80,,"cloudy","brown","jcoloso@battelleecology.org","kgeiger@battelleecology.org",
"0940fcbc-8fae-4537-8106-e47153ff7315","D02","POSE","POSE.AOS.groundwater.well.003",38.894304,-78.147503,0.1,278.6,0.1,"WGS84","2017-09-18T13:39Z","stream",,,,"POSE.W3.20170918","POSE.20170918","NEON.DOC.002905vD","low-flow","Groundwater Pump",4.2,3.2,1.0,3.8,,,,,,,,,,0.8,,2.46,24.80,117.60,16.50,,"cloudy","brown","jcoloso@battelleecology.org","kgeiger@battelleecology.org",
"70b2bea4-58da-44b3-8f7c-fc9b43fd8193","D02","POSE","POSE.AOS.groundwater.well.006",38.894973,-78.147373,0.1,276.3,0.1,"WGS84","2017-09-18T15:29Z","stream",,,,"POSE.W6.20170918","POSE.20170918","NEON.DOC.002905vD","low-flow","Groundwater Pump",4.4,1.7,2.8,2.7,,,,,,,,,,0.6,,3.66,40.50,139.20,18.40,,"cloudy","brown","jcoloso@battelleecology.org","kgeiger@battelleecology.org",
"b0139683-e33e-4f0e-b0b5-7ed1d3563815","D02","POSE","POSE.AOS.groundwater.well.008",38.895235,-78.147951,0.1,273.2,0.1,"WGS84","2017-09-18T17:00Z","stream",,,,"POSE.W8.20170918","POSE.20170918","NEON.DOC.002905vD","low-flow","Groundwater Pump",3.1,1.2,1.9,2.2,,,,,,,,,,1.7,,5.86,61.60,142.40,17.50,,"cloudy","colorless","jcoloso@battelleecology.org","kgeiger@battelleecology.org",
