uid,domainID,siteID,namedLocation,sampleID,sampleCode,startDate,collectDate,laboratoryName,analyte,analyteConcentration,analyteUnits,coolerTemp,remarks,shipmentWarmQF,externalLabDataQF,sampleCondition
"07a1b701-4ce9-4b03-b3a3-9f6b5a192f67","D02","POSE","POSE.AOS.groundwater.well.001","POSE.W1.20170918.FIL",,"2017-09-18T12:14Z","2017-09-18T12:14Z","EcoCore_CSU","CO3",0.0000,"milligramsPerLiter",5.4,,0,"formatChange","GOOD"
"cc74fdcc-ee09-43b3-ac33-ad44e346ef08","D02","POSE","POSE.AOS.groundwater.well.001","POSE.W1.20170918.PCN",,"2017-09-18T12:14Z","2017-09-18T12:14Z","EcoCore_CSU","TPC",0.2569,"milligram",5.4,,0,"formatChange","GOOD"
"87f30917-24c3-443f-9345-23e879a16458","D02","POSE","POSE.AOS.groundwater.well.001","POSE.W1.20170918.FIL",,"2017-09-18T12:14Z","2017-09-18T12:14Z","EcoCore_CSU","NO2 - N",0.0117,"milligramsPerLiter",5.4,,0,"formatChange","GOOD"
"285c5996-1ef2-4a7b-baca-b51895cce91f","D02","POSE","POSE.AOS.groundwater.well.001","POSE.W1.20170918.FIL",,"2017-09-18T12:14Z","2017-09-18T12:14Z","EcoCore_CSU","Ca",13.1880,"milligramsPerLiter",5.4,,0,"formatChange","GOOD"
"ec824725-c5b2-4f1c-ac3c-4f4e141f52f4","D02","POSE","POSE.AOS.groundwater.well.001","POSE.W1.20170918.RAW",,"2017-09-18T12:14Z","2017-09-18T12:14Z","EcoCore_CSU","TSS",312.0000,"milligramsPerLiter",5.4,,0,"formatChange","GOOD"
"c3928245-a44e-4a6b-8960-579104322290","D02","POSE","POSE.AOS.groundwater.well.001","POSE.W1.20170918.RAW",,"2017-09-18T12:14Z","2017-09-18T12:14Z","EcoCore_CSU","pH",6.7400,"pH",5.4,,0,"formatChange","GOOD"
"2e5520a2-34f8-4305-bf08-cb1c47f72124","D02","POSE","POSE.AOS.groundwater.well.001","POSE.W1.20170918.FIL",,"2017-09-18T12:14Z","2017-09-18T12:14Z","EcoCore_CSU","DIC",17.3700,"milligramsPerLiter",5.4,,0,"formatChange","GOOD"
"b967d0a0-a45c-4b17-a5b8-6b561b3ce50d","D02","POSE","POSE.AOS.groundwater.well.001","POSE.W1.20170918.FIL",,"2017-09-18T12:14Z","2017-09-18T12:14Z","EcoCore_CSU","NO3+NO2 - N",0.0357,"milligramsPerLiter",5.4,,0,"formatChange","GOOD"
"1d2a2ec6-0b5f-431d-9c2f-3b236d838f50","D02","POSE","POSE.AOS.groundwater.well.001","POSE.W1.20170918.RAW",,"2017-09-18T12:14Z","2017-09-18T12:14Z","EcoCore_CSU","conductivity",131.1000,"microsiemensPerCentimeter",5.4,,0,"formatChange","GOOD"
"ebae8136-2436-40e1-b6a4-46e5df6312e9","D02","POSE","POSE.AOS.groundwater.well.001","POSE.W1.20170918.RAW",,"2017-09-18T12:14Z","2017-09-18T12:14Z","EcoCore_CSU","TN",0.0500,"milligramsPerLiter",5.4,,0,"formatChange","GOOD"
"52526a57-d1b9-4f98-9988-9382cf37dd42","D02","POSE","POSE.AOS.groundwater.well.001","POSE.W1.20170918.FIL",,"2017-09-18T12:14Z","2017-09-18T12:14Z","EcoCore_CSU","Na",4.3142,"milligramsPerLiter",5.4,,0,"formatChange","GOOD"
"bd609af0-f87a-49f0-ac53-5e1f544de93d","D02","POSE","POSE.AOS.groundwater.well.001","POSE.W1.20170918.FIL",,"2017-09-18T12:14Z","2017-09-18T12:14Z","EcoCore_CSU","Cl",2.5922,"milligramsPerLiter",5.4,,0,"formatChange","GOOD"
"360a66a7-7725-4eb7-ac61-1ebc92d618a7","D02","POSE","POSE.AOS.groundwater.well.001","POSE.W1.20170918.FIL",,"2017-09-18T12:14Z","2017-09-18T12:14Z","EcoCore_CSU","Si",10.4040,"milligramsPerLiter",5.4,,0,"formatChange","GOOD"
"5dc7ca61-b674-4568-8b25-dd1d62025120","D02","POSE","POSE.AOS.groundwater.well.001","POSE.W1.20170918.FIL",,"2017-09-18T12:14Z","2017-09-18T12:14Z","EcoCore_CSU","TDP",0.0085,"milligramsPerLiter",5.4,,0,"formatChange","GOOD"
"88a316bb-670a-4698-ae88-dff865f82f65","D02","POSE","POSE.AOS.groundwater.well.001","POSE.W1.20170918.FIL",,"2017-09-18T12:14Z","2017-09-18T12:14Z","EcoCore_CSU","Br",0.0050,"milligramsPerLiter",5.4,,0,"formatChange","GOOD"
"c1efeb2d-ef6f-4f92-a8b4-53e7434b0d47","D02","POSE","POSE.AOS.groundwater.well.001","POSE.W1.20170918.FIL",,"2017-09-18T12:14Z","2017-09-18T12:14Z","EcoCore_CSU","F",0.0050,"milligramsPerLiter",5.4,,0,"formatChange","GOOD"
"5292143f-37f9-438f-a267-ac67cf9d8bcf","D02","POSE","POSE.AOS.groundwater.well.001","POSE.W1.20170918.RAW",,"2017-09-18T12:14Z","2017-09-18T12:14Z","EcoCore_CSU","TOC",1.1100,"milligramsPerLiter",5.4,,0,"formatChange","GOOD"
"a15aacb5-8532-4b72-873f-b2c6e4278046","D02","POSE","POSE.AOS.groundwater.well.001","POSE.W1.20170918.FIL",,"2017-09-18T12:14Z","2017-09-18T12:14Z","EcoCore_CSU","Mn",1.7476,"milligramsPerLiter",5.4,,0,"formatChange","GOOD"
"3cd6fd48-6dce-4003-a98f-0aead151d334","D02","POSE","POSE.AOS.groundwater.well.001","POSE.W1.20170918.RAW",,"2017-09-18T12:14Z","2017-09-18T12:14Z","EcoCore_CSU","ANC",1.2090,"milliequivalentsPerLiter",5.4,,0,"formatChange","GOOD"
"6cedbbe8-ba5b-46f8-871d-9f3bffe142f5","D02","POSE","POSE.AOS.groundwater.well.001","POSE.W1.20170918.FIL",,"2017-09-18T12:14Z","2017-09-18T12:14Z","EcoCore_CSU","NH4 - N",0.1663,"milligramsPerLiter",5.4,,0,"formatChange","GOOD"
"764df4cd-0dfc-4ff3-b37e-383de2294650","D02","POSE","POSE.AOS.groundwater.well.001","POSE.W1.20170918.FIL",,"2017-09-18T12:14Z","2017-09-18T12:14Z","EcoCore_CSU","TDN",-0.0286,"milligramsPerLiter",5.4,,0,"formatChange","GOOD"
"26dbc073-8ee8-4055-acce-d46fcc227a2c","D02","POSE","POSE.AOS.groundwater.well.001","POSE.W1.20170918.PCN",,"2017-09-18T12:14Z","2017-09-18T12:14Z","EcoCore_CSU","TPN",0.1154,"milligram",5.4,,0,"formatChange","GOOD"
"9669b919-ec4d-4c13-a22c-46bc6cc8bbe0","D02","POSE","POSE.AOS.groundwater.well.001","POSE.W1.20170918.FIL",,"2017-09-18T12:14Z","2017-09-18T12:14Z","EcoCore_CSU","UV Absorbance (280 nm)",0.0406,,5.4,,0,"formatChange","GOOD"
"7b4dac34-3676-457e-8ab3-911050410d12","D02","POSE","POSE.AOS.groundwater.well.001","POSE.W1.20170918.RAW",,"2017-09-18T12:14Z","2017-09-18T12:14Z","EcoCore_CSU","TP",0.3960,"milligramsPerLiter",5.4,,0,"formatChange","GOOD"
"4b049993-9f6a-4a93-b508-064cf93a6f14","D02","POSE","POSE.AOS.groundwater.well.001","POSE.W1.20170918.FIL",,"2017-09-18T12:14Z","2017-09-18T12:14Z","EcoCore_CSU","Fe",0.3891,"milligramsPerLiter",5.4,,0,"formatChange","GOOD"
"fa5cf6a6-5a2e-4ff7-8e81-b9004ab5f6dd","D02","POSE","POSE.AOS.groundwater.well.001","POSE.W1.20170918.FIL",,"2017-09-18T12:14Z","2017-09-18T12:14Z","EcoCore_CSU","TDS",92.6000,"milligramsPerLiter",5.4,,0,"formatChange","GOOD"
"9aad980f-c00c-4cbe-b3dc-b664b9c4926f","D02","POSE","POSE.AOS.groundwater.well.001","POSE.W1.20170918.FIL",,"2017-09-18T12:14Z","2017-09-18T12:14Z","EcoCore_CSU","UV Absorbance (250 nm)",0.0459,,5.4,,0,"formatChange","GOOD"
"cf869265-17df-4904-927a-9bf5d44da331","D02","POSE","POSE.AOS.groundwater.well.001","POSE.W1.20170918.FIL",,"2017-09-18T12:14Z","2017-09-18T12:14Z","EcoCore_CSU","SO4",1.9409,"milligramsPerLiter",5.4,,0,"formatChange","GOOD"
"65ba05e5-c9c1-4017-9b07-93707ec9802b","D02","POSE","POSE.AOS.groundwater.well.001","POSE.W1.20170918.FIL",,"2017-09-18T12:14Z","2017-09-18T12:14Z","EcoCore_CSU","K",0.2376,"milligramsPerLiter",5.4,,0,"formatChange","GOOD"
"8b03eb23-75b4-44b1-8672-bf0ea587850b","D02","POSE","POSE.AOS.groundwater.well.001","POSE.W1.20170918.FIL",,"2017-09-18T12:14Z","2017-09-18T12:14Z","EcoCore_CSU","Ortho - P",0.0040,"milligramsPerLiter",5.4,,0,"formatChange","GOOD"
"20132371-9c38-4fd1-bdd5-66d619f8f87e","D02","POSE","POSE.AOS.groundwater.well.001","POSE.W1.20170918.FIL",,"2017-09-18T12:14Z","2017-09-18T12:14Z","EcoCore_CSU","DOC",0.6171,"milligramsPerLiter",5.4,,0,"formatChange","GOOD"
"69a42d83-07cb-4a88-a939-aa6cd54c25f1","D02","POSE","POSE.AOS.groundwater.well.001","POSE.W1.20170918.FIL",,"2017-09-18T12:14Z","2017-09-18T12:14Z","EcoCore_CSU","Mg",5.2551,"milligramsPerLiter",5.4,,0,"formatChange","GOOD"
"c216d0e8-fe6f-434a-8663-837857c1876e","D02","POSE","POSE.AOS.groundwater.well.001","POSE.W1.20170918.FIL",,"2017-09-18T12:14Z","2017-09-18T12:14Z","EcoCore_CSU","HCO3",72.5100,"milligramsPerLiter",5.4,,0,"formatChange","GOOD"
"7be34cd7-35de-4d98-830b-601cca4a9585","D02","POSE","POSE.AOS.groundwater.well.001","POSE.W1.20170918.RAW",,"2017-09-18T12:14Z","2017-09-18T12:14Z","EcoCore_CSU","TSS - Dry Mass",7800.0000,"microgram",5.4,,0,"formatChange","GOOD"
"be05619d-fe3a-44c8-bebb-d16cd7b9a7ee","D02","POSE","POSE.AOS.groundwater.well.003","POSE.W3.20170918.PCN",,"2017-09-18T13:39Z","2017-09-18T13:39Z","EcoCore_CSU","TPN",0.1363,"milligram",5.4,,0,"formatChange","GOOD"
"8e123995-3731-4159-ba3d-5fa959be57a7","D02","POSE","POSE.AOS.groundwater.well.003","POSE.W3.20170918.RAW",,"2017-09-18T13:39Z","2017-09-18T13:39Z","EcoCore_CSU","TP",0.0210,"milligramsPerLiter",5.4,,0,"formatChange","GOOD"
"93123a3d-e534-43c1-940c-fda8a1091ff0","D02","POSE","POSE.AOS.groundwater.well.003","POSE.W3.20170918.PCN",,"2017-09-18T13:39Z","2017-09-18T13:39Z","EcoCore_CSU","TPC",0.2701,"milligram",5.4,,0,"formatChange","GOOD"
"0e2ddcbd-d514-46eb-ac17-61c07dc487b6","D02","POSE","POSE.AOS.groundwater.well.003","POSE.W3.20170918.FIL",,"2017-09-18T13:39Z","2017-09-18T13:39Z","EcoCore_CSU","NO3+NO2 - N",0.1305,"milligramsPerLiter",5.4,,0,"formatChange","GOOD"
"0e19c7df-3036-42c6-bcdb-216ee5b792b2","D02","POSE","POSE.AOS.groundwater.well.003","POSE.W3.20170918.FIL",,"2017-09-18T13:39Z","2017-09-18T13:39Z","EcoCore_CSU","Na",4.0862,"milligramsPerLiter",5.4,,0,"formatChange","GOOD"
"8eac3f06-7c60-46aa-ad1f-113d674d1154","D02","POSE","POSE.AOS.groundwater.well.003","POSE.W3.20170918.FIL",,"2017-09-18T13:39Z","2017-09-18T13:39Z","EcoCore_CSU","Ca",9.7939,"milligramsPerLiter",5.4,,0,"formatChange","GOOD"
"5a31e4bf-1061-4180-93ca-d1e9995218a4","D02","POSE","POSE.AOS.groundwater.well.003","POSE.W3.20170918.FIL",,"2017-09-18T13:39Z","2017-09-18T13:39Z","EcoCore_CSU","NH4 - N",0.1350,"milligramsPerLiter",5.4,,0,"formatChange","GOOD"
"d5a2167c-ac24-42ab-995e-98eebf5c84c0","D02","POSE","POSE.AOS.groundwater.well.003","POSE.W3.20170918.FIL",,"2017-09-18T13:39Z","2017-09-18T13:39Z","EcoCore_CSU","Si",9.7889,"milligramsPerLiter",5.4,,0,"formatChange","GOOD"
"e221022a-86b9-4304-b52c-615901cc4d75","D02","POSE","POSE.AOS.groundwater.well.003","POSE.W3.20170918.RAW",,"2017-09-18T13:39Z","2017-09-18T13:39Z","EcoCore_CSU","TN",0.1787,"milligramsPerLiter",5.4,,0,"formatChange","GOOD"
"97f7cf7b-0e76-4d04-ab38-5434b209a893","D02","POSE","POSE.AOS.groundwater.well.003","POSE.W3.20170918.RAW",,"2017-09-18T13:39Z","2017-09-18T13:39Z","EcoCore_CSU","TSS - Dry Mass",37900.0000,"microgram",5.4,,0,"formatChange","GOOD"
"e144467d-28ed-494a-a198-eb8360d03881","D02","POSE","POSE.AOS.groundwater.well.003","POSE.W3.20170918.RAW",,"2017-09-18T13:39Z","2017-09-18T13:39Z","EcoCore_CSU","TSS",758.0000,"milligramsPerLiter",5.4,,0,"formatChange","GOOD"
"a897416f-2b1a-4310-9151-57481b6a0036","D02","POSE","POSE.AOS.groundwater.well.003","POSE.W3.20170918.RAW",,"2017-09-18T13:39Z","2017-09-18T13:39Z","EcoCore_CSU","conductivity",105.6000,"microsiemensPerCentimeter",5.4,,0,"formatChange","GOOD"
"40ba455c-9097-4cfa-9c0c-4c211c46bec0","D02","POSE","POSE.AOS.groundwater.well.003","POSE.W3.20170918.FIL",,"2017-09-18T13:39Z","2017-09-18T13:39Z","EcoCore_CSU","Fe",0.0828,"milligramsPerLiter",5.4,,0,"formatChange","GOOD"
"ed6812ec-4995-47ac-9025-51f82db34fea","D02","POSE","POSE.AOS.groundwater.well.003","POSE.W3.20170918.FIL",,"2017-09-18T13:39Z","2017-09-18T13:39Z","EcoCore_CSU","TDS",75.4000,"milligramsPerLiter",5.4,,0,"formatChange","GOOD"
"ab3fe39d-d584-472e-88db-db1296cc706c","D02","POSE","POSE.AOS.groundwater.well.003","POSE.W3.20170918.FIL",,"2017-09-18T13:39Z","2017-09-18T13:39Z","EcoCore_CSU","Br",0.0050,"milligramsPerLiter",5.4,,0,"formatChange","GOOD"
"c6cef0cc-2813-4ceb-a719-1f685b36fc5d","D02","POSE","POSE.AOS.groundwater.well.003","POSE.W3.20170918.FIL",,"2017-09-18T13:39Z","2017-09-18T13:39Z","EcoCore_CSU","Mn",0.2105,"milligramsPerLiter",5.4,,0,"formatChange","GOOD"
"2b6929b4-59f6-4997-9816-83b8af836ef0","D02","POSE","POSE.AOS.groundwater.well.003","POSE.W3.20170918.FIL",,"2017-09-18T13:39Z","2017-09-18T13:39Z","EcoCore_CSU","K",0.4134,"milligramsPerLiter",5.4,,0,"formatChange","GOOD"
"468b625c-e417-48b9-955d-48d6543d8b46","D02","POSE","POSE.AOS.groundwater.well.003","POSE.W3.20170918.FIL",,"2017-09-18T13:39Z","2017-09-18T13:39Z","EcoCore_CSU","NO2 - N",0.0113,"milligramsPerLiter",5.4,,0,"formatChange","GOOD"
"366d8dda-5499-4e95-bc2f-4e202d0847ec","D02","POSE","POSE.AOS.groundwater.well.003","POSE.W3.20170918.FIL",,"2017-09-18T13:39Z","2017-09-18T13:39Z","EcoCore_CSU","SO4",7.2450,"milligramsPerLiter",5.4,,0,"formatChange","GOOD"
"00fd28c0-0e0c-4b1e-b8b4-87cba398b281","D02","POSE","POSE.AOS.groundwater.well.003","POSE.W3.20170918.FIL",,"2017-09-18T13:39Z","2017-09-18T13:39Z","EcoCore_CSU","UV Absorbance (280 nm)",0.0546,,5.4,,0,"formatChange","GOOD"
"fc25c2c7-3e6e-485e-9a6e-6997c8fe0650","D02","POSE","POSE.AOS.groundwater.well.003","POSE.W3.20170918.FIL",,"2017-09-18T13:39Z","2017-09-18T13:39Z","EcoCore_CSU","F",0.0050,"milligramsPerLiter",5.4,,0,"formatChange","GOOD"
"b34c31d9-60fa-48bb-8737-763f90c5fc6d","D02","POSE","POSE.AOS.groundwater.well.003","POSE.W3.20170918.RAW",,"2017-09-18T13:39Z","2017-09-18T13:39Z","EcoCore_CSU","ANC",0.9510,"milliequivalentsPerLiter",5.4,,0,"formatChange","GOOD"
"b7ca975e-fa3c-41ff-87e8-32a81c33cc18","D02","POSE","POSE.AOS.groundwater.well.003","POSE.W3.20170918.FIL",,"2017-09-18T13:39Z","2017-09-18T13:39Z","EcoCore_CSU","TDN",-0.0419,"milligramsPerLiter",5.4,,0,"formatChange","GOOD"
"05e46449-8af2-45a9-9d51-2f4d2604511b","D02","POSE","POSE.AOS.groundwater.well.003","POSE.W3.20170918.RAW",,"2017-09-18T13:39Z","2017-09-18T13:39Z","EcoCore_CSU","TOC",1.3180,"milligramsPerLiter",5.4,,0,"formatChange","GOOD"
"c7ce3a4f-9c8c-41f3-9641-eceb4835eb94","D02","POSE","POSE.AOS.groundwater.well.003","POSE.W3.20170918.RAW",,"2017-09-18T13:39Z","2017-09-18T13:39Z","EcoCore_CSU","pH",6.6500,"pH",5.4,,0,"formatChange","GOOD"
"17772b9e-8d2e-4a69-9f96-5547a8b1a8fa","D02","POSE","POSE.AOS.groundwater.well.003","POSE.W3.20170918.FIL",,"2017-09-18T13:39Z","2017-09-18T13:39Z","EcoCore_CSU","UV Absorbance (250 nm)",0.0660,,5.4,,0,"formatChange","GOOD"
"1913b46f-e462-4ce7-86d4-36cf99af8985","D02","POSE","POSE.AOS.groundwater.well.003","POSE.W3.20170918.FIL",,"2017-09-18T13:39Z","2017-09-18T13:39Z","EcoCore_CSU","Cl",1.6636,"milligramsPerLiter",5.4,,0,"formatChange","GOOD"
"287a625e-c076-4f07-864d-b8edf7859ae1","D02","POSE","POSE.AOS.groundwater.well.003","POSE.W3.20170918.FIL",,"2017-09-18T13:39Z","2017-09-18T13:39Z","EcoCore_CSU","CO3",0.0000,"milligramsPerLiter",5.4,,0,"formatChange","GOOD"
"b6ddb46c-f4cf-4982-a484-4eb8c6fc7214","D02","POSE","POSE.AOS.groundwater.well.003","POSE.W3.20170918.FIL",,"2017-09-18T13:39Z","2017-09-18T13:39Z","EcoCore_CSU","HCO3",51.2100,"milligramsPerLiter",5.4,,0,"formatChange","GOOD"
"f45edd70-6f78-4b42-a4ee-d24c6c0dd672","D02","POSE","POSE.AOS.groundwater.well.003","POSE.W3.20170918.FIL",,"2017-09-18T13:39Z","2017-09-18T13:39Z","EcoCore_CSU","Ortho - P",0.0180,"milligramsPerLiter",5.4,,0,"formatChange","GOOD"
"4d4de062-0a01-430b-9d28-c60f55241b30","D02","POSE","POSE.AOS.groundwater.well.003","POSE.W3.20170918.FIL",,"2017-09-18T13:39Z","2017-09-18T13:39Z","EcoCore_CSU","DOC",0.7640,"milligramsPerLiter",5.4,,0,"formatChange","GOOD"
"487c134d-963a-4caf-9741-75288191d07f","D02","POSE","POSE.AOS.groundwater.well.003","POSE.W3.20170918.FIL",,"2017-09-18T13:39Z","2017-09-18T13:39Z","EcoCore_CSU","TDP",0.0178,"milligramsPerLiter",5.4,,0,"formatChange","GOOD"
"a0908a65-206c-4cbc-9a49-d630dfcf3c62","D02","POSE","POSE.AOS.groundwater.well.003","POSE.W3.20170918.FIL",,"2017-09-18T13:39Z","2017-09-18T13:39Z","EcoCore_CSU","DIC",12.3300,"milligramsPerLiter",5.4,,0,"formatChange","GOOD"
"d799c706-759f-4c19-8a82-09680194b8aa","D02","POSE","POSE.AOS.groundwater.well.003","POSE.W3.20170918.FIL",,"2017-09-18T13:39Z","2017-09-18T13:39Z","EcoCore_CSU","Mg",4.3298,"milligramsPerLiter",5.4,,0,"formatChange","GOOD"
"6ee25fa6-f9ba-441c-8a9d-15aa851ae7f1","D02","POSE","POSE.AOS.groundwater.well.006","POSE.W6.20170918.FIL",,"2017-09-18T15:29Z","2017-09-18T15:29Z","EcoCore_CSU","TDP",0.0085,"milligramsPerLiter",5.4,,0,"formatChange","GOOD"
"da3cff28-2e70-411e-8aba-5784b6eb8018","D02","POSE","POSE.AOS.groundwater.well.006","POSE.W6.20170918.FIL",,"2017-09-18T15:29Z","2017-09-18T15:29Z","EcoCore_CSU","CO3",0.0000,"milligramsPerLiter",5.4,,0,"formatChange","GOOD"
"17af6539-9858-42a2-beb5-f77134e16886","D02","POSE","POSE.AOS.groundwater.well.006","POSE.W6.20170918.RAW",,"2017-09-18T15:29Z","2017-09-18T15:29Z","EcoCore_CSU","pH",6.6700,"pH",5.4,,0,"formatChange","GOOD"
"757d81ee-1f10-4941-bf0e-dbe6fdb71cef","D02","POSE","POSE.AOS.groundwater.well.006","POSE.W6.20170918.FIL",,"2017-09-18T15:29Z","2017-09-18T15:29Z","EcoCore_CSU","Si",10.4930,"milligramsPerLiter",5.4,,0,"formatChange","GOOD"
"898f075a-1cfa-4dfc-8def-cd4827eed9b5","D02","POSE","POSE.AOS.groundwater.well.006","POSE.W6.20170918.PCN",,"2017-09-18T15:29Z","2017-09-18T15:29Z","EcoCore_CSU","TPN",0.1142,"milligram",5.4,,0,"formatChange","GOOD"
"057a4683-46bc-4525-996a-c8289be84528","D02","POSE","POSE.AOS.groundwater.well.006","POSE.W6.20170918.FIL",,"2017-09-18T15:29Z","2017-09-18T15:29Z","EcoCore_CSU","Ca",12.3080,"milligramsPerLiter",5.4,,0,"formatChange","GOOD"
"714fe306-f2ad-4387-ac32-851fbf1ebac8","D02","POSE","POSE.AOS.groundwater.well.006","POSE.W6.20170918.FIL",,"2017-09-18T15:29Z","2017-09-18T15:29Z","EcoCore_CSU","Mg",4.7790,"milligramsPerLiter",5.4,,0,"formatChange","GOOD"
"791733d3-dda1-4571-809e-5a7769b0bafb","D02","POSE","POSE.AOS.groundwater.well.006","POSE.W6.20170918.FIL",,"2017-09-18T15:29Z","2017-09-18T15:29Z","EcoCore_CSU","NO2 - N",0.0106,"milligramsPerLiter",5.4,,0,"formatChange","GOOD"
"ac667c2c-3298-4386-93ae-269a5bb6b6a0","D02","POSE","POSE.AOS.groundwater.well.006","POSE.W6.20170918.FIL",,"2017-09-18T15:29Z","2017-09-18T15:29Z","EcoCore_CSU","UV Absorbance (250 nm)",0.0321,,5.4,,0,"formatChange","GOOD"
"97d4fe3e-e82f-4aa3-b04e-f44a9326a0e4","D02","POSE","POSE.AOS.groundwater.well.006","POSE.W6.20170918.FIL",,"2017-09-18T15:29Z","2017-09-18T15:29Z","EcoCore_CSU","Cl",2.5125,"milligramsPerLiter",5.4,,0,"formatChange","GOOD"
"33dfb9d6-011d-41f7-9809-9a4497898525","D02","POSE","POSE.AOS.groundwater.well.006","POSE.W6.20170918.FIL",,"2017-09-18T15:29Z","2017-09-18T15:29Z","EcoCore_CSU","HCO3",67.1800,"milligramsPerLiter",5.4,,0,"formatChange","GOOD"
"a157c3ff-a9d6-4539-a6b4-3133c4e219bb","D02","POSE","POSE.AOS.groundwater.well.006","POSE.W6.20170918.FIL",,"2017-09-18T15:29Z","2017-09-18T15:29Z","EcoCore_CSU","F",0.0050,"milligramsPerLiter",5.4,,0,"formatChange","GOOD"
"03d9d70b-8214-4fc2-ba5a-6c6e329282f6","D02","POSE","POSE.AOS.groundwater.well.006","POSE.W6.20170918.FIL",,"2017-09-18T15:29Z","2017-09-18T15:29Z","EcoCore_CSU","DOC",1.1160,"milligramsPerLiter",5.4,,0,"formatChange","GOOD"
"5a68b619-506a-482f-8234-9286b43abfe2","D02","POSE","POSE.AOS.groundwater.well.006","POSE.W6.20170918.FIL",,"2017-09-18T15:29Z","2017-09-18T15:29Z","EcoCore_CSU","SO4",4.9728,"milligramsPerLiter",5.4,,0,"formatChange","GOOD"
"b99d8879-9591-43cd-b865-98849a0cd95b","D02","POSE","POSE.AOS.groundwater.well.006","POSE.W6.20170918.RAW",,"2017-09-18T15:29Z","2017-09-18T15:29Z","EcoCore_CSU","TOC",0.7738,"milligramsPerLiter",5.4,,0,"formatChange","GOOD"
"8e0c4c4f-fd9e-46ff-badc-149fb8699f53","D02","POSE","POSE.AOS.groundwater.well.006","POSE.W6.20170918.FIL",,"2017-09-18T15:29Z","2017-09-18T15:29Z","EcoCore_CSU","NO3+NO2 - N",0.1366,"milligramsPerLiter",5.4,,0,"formatChange","GOOD"
"a56c10b8-ebfc-4fb7-ba14-c962c7374407","D02","POSE","POSE.AOS.groundwater.well.006","POSE.W6.20170918.FIL",,"2017-09-18T15:29Z","2017-09-18T15:29Z","EcoCore_CSU","Na",5.7192,"milligramsPerLiter",5.4,,0,"formatChange","GOOD"
"7c45ad61-d9ee-4abc-9831-8e8e2ae80492","D02","POSE","POSE.AOS.groundwater.well.006","POSE.W6.20170918.FIL",,"2017-09-18T15:29Z","2017-09-18T15:29Z","EcoCore_CSU","DIC",15.7300,"milligramsPerLiter",5.4,,0,"formatChange","GOOD"
"297cbef4-e2b3-4c0c-a58e-c8e4610ac263","D02","POSE","POSE.AOS.groundwater.well.006","POSE.W6.20170918.RAW",,"2017-09-18T15:29Z","2017-09-18T15:29Z","EcoCore_CSU","TP",0.0120,"milligramsPerLiter",5.4,,0,"formatChange","GOOD"
"9530eec4-e32f-4bb6-a31b-894b7bee2c90","D02","POSE","POSE.AOS.groundwater.well.006","POSE.W6.20170918.RAW",,"2017-09-18T15:29Z","2017-09-18T15:29Z","EcoCore_CSU","ANC",1.1220,"milliequivalentsPerLiter",5.4,,0,"formatChange","GOOD"
"78be5b2c-55fb-47c0-a8c2-e6aace9f839f","D02","POSE","POSE.AOS.groundwater.well.006","POSE.W6.20170918.PCN",,"2017-09-18T15:29Z","2017-09-18T15:29Z","EcoCore_CSU","TPC",0.2430,"milligram",5.4,,0,"formatChange","GOOD"
"68f5fc33-8cb7-4b93-b955-868610a5b420","D02","POSE","POSE.AOS.groundwater.well.006","POSE.W6.20170918.FIL",,"2017-09-18T15:29Z","2017-09-18T15:29Z","EcoCore_CSU","Ortho - P",0.0080,"milligramsPerLiter",5.4,,0,"formatChange","GOOD"
"ff19dbcb-a4a4-49ed-ac15-0f8e6de8d87c","D02","POSE","POSE.AOS.groundwater.well.006","POSE.W6.20170918.FIL",,"2017-09-18T15:29Z","2017-09-18T15:29Z","EcoCore_CSU","Fe",0.0050,"milligramsPerLiter",5.4,,0,"formatChange","GOOD"
"91714e6e-a40e-4414-a339-e187319e4375","D02","POSE","POSE.AOS.groundwater.well.006","POSE.W6.20170918.FIL",,"2017-09-18T15:29Z","2017-09-18T15:29Z","EcoCore_CSU","TDN",0.0590,"milligramsPerLiter",5.4,,0,"formatChange","GOOD"
"dcea3ee9-e78d-4caa-9aaf-2bd1d9206849","D02","POSE","POSE.AOS.groundwater.well.006","POSE.W6.20170918.FIL",,"2017-09-18T15:29Z","2017-09-18T15:29Z","EcoCore_CSU","Mn",0.0228,"milligramsPerLiter",5.4,,0,"formatChange","GOOD"
"9b747aec-e69f-4534-87fa-e192e5b3d8f2","D02","POSE","POSE.AOS.groundwater.well.006","POSE.W6.20170918.RAW",,"2017-09-18T15:29Z","2017-09-18T15:29Z","EcoCore_CSU","TSS - Dry Mass",8900.0000,"microgram",5.4,,0,"formatChange","GOOD"
"39dfb32d-eaed-46b5-b0bc-102fb8e9f00a","D02","POSE","POSE.AOS.groundwater.well.006","POSE.W6.20170918.RAW",,"2017-09-18T15:29Z","2017-09-18T15:29Z","EcoCore_CSU","TSS",178.0000,"milligramsPerLiter",5.4,,0,"formatChange","GOOD"
"6a2908bb-4e53-4441-bb5f-8a05c5d437d5","D02","POSE","POSE.AOS.groundwater.well.006","POSE.W6.20170918.FIL",,"2017-09-18T15:29Z","2017-09-18T15:29Z","EcoCore_CSU","Br",0.0050,"milligramsPerLiter",5.4,,0,"formatChange","GOOD"
"bad05c12-7ed7-4883-96fb-b943f113d44f","D02","POSE","POSE.AOS.groundwater.well.006","POSE.W6.20170918.RAW",,"2017-09-18T15:29Z","2017-09-18T15:29Z","EcoCore_CSU","conductivity",128.9000,"microsiemensPerCentimeter",5.4,,0,"formatChange","GOOD"
"75797873-273e-465b-b2c4-055d1685047a","D02","POSE","POSE.AOS.groundwater.well.006","POSE.W6.20170918.RAW",,"2017-09-18T15:29Z","2017-09-18T15:29Z","EcoCore_CSU","TN",0.0511,"milligramsPerLiter",5.4,,0,"formatChange","GOOD"
"38f6cfca-8ed2-4866-9985-068381ab6127","D02","POSE","POSE.AOS.groundwater.well.006","POSE.W6.20170918.FIL",,"2017-09-18T15:29Z","2017-09-18T15:29Z","EcoCore_CSU","K",0.2518,"milligramsPerLiter",5.4,,0,"formatChange","GOOD"
"ff1d2b97-f158-4b58-944e-a91bf1e16d54","D02","POSE","POSE.AOS.groundwater.well.006","POSE.W6.20170918.FIL",,"2017-09-18T15:29Z","2017-09-18T15:29Z","EcoCore_CSU","TDS",91.7000,"milligramsPerLiter",5.4,,0,"formatChange","GOOD"
"a0c3847d-b0ff-4930-b265-01ff363a1eaf","D02","POSE","POSE.AOS.groundwater.well.006","POSE.W6.20170918.FIL",,"2017-09-18T15:29Z","2017-09-18T15:29Z","EcoCore_CSU","UV Absorbance (280 nm)",0.0287,,5.4,,0,"formatChange","GOOD"
"c01ff45b-332a-4498-9134-61e5460e4891","D02","POSE","POSE.AOS.groundwater.well.006","POSE.W6.20170918.FIL",,"2017-09-18T15:29Z","2017-09-18T15:29Z","EcoCore_CSU","NH4 - N",0.1127,"milligramsPerLiter",5.4,,0,"formatChange","GOOD"
"43d1bfd6-35b2-4c40-b9ed-864ba74176a5","D02","POSE","POSE.AOS.groundwater.well.008","POSE.W8.20170918.FIL",,"2017-09-18T17:00Z","2017-09-18T17:00Z","EcoCore_CSU","Na",5.1016,"milligramsPerLiter",5.4,,0,"formatChange","GOOD"
"f7b3f548-624c-4004-b5e4-75b3624bb196","D02","POSE","POSE.AOS.groundwater.well.008","POSE.W8.20170918.FIL",,"2017-09-18T17:00Z","2017-09-18T17:00Z","EcoCore_CSU","CO3",0.0000,"milligramsPerLiter",5.4,,0,"formatChange","GOOD"
"74f69b87-4465-4aeb-9532-711f50873ced","D02","POSE","POSE.AOS.groundwater.well.008","POSE.W8.20170918.FIL",,"2017-09-18T17:00Z","2017-09-18T17:00Z","EcoCore_CSU","TDS",102.3000,"milligramsPerLiter",5.4,,0,"formatChange","GOOD"
"4c559b93-582a-44cb-a2f2-9d23bd406fc2","D02","POSE","POSE.AOS.groundwater.well.008","POSE.W8.20170918.RAW",,"2017-09-18T17:00Z","2017-09-18T17:00Z","EcoCore_CSU","TOC",,"milligramsPerLiter",5.4,"Unknown reason for no analyte concentration as a result of external lab data format change",0,"formatChange","Other"
"de52bc53-01fe-41d9-9c93-433ce2590849","D02","POSE","POSE.AOS.groundwater.well.008","POSE.W8.20170918.RAW",,"2017-09-18T17:00Z","2017-09-18T17:00Z","EcoCore_CSU","conductivity",,"microsiemensPerCentimeter",5.4,"Unknown reason for no analyte concentration as a result of external lab data format change",0,"formatChange","Other"
"ff4847a9-f53a-45dc-ac7e-54df5dffddd4","D02","POSE","POSE.AOS.groundwater.well.008","POSE.W8.20170918.RAW",,"2017-09-18T17:00Z","2017-09-18T17:00Z","EcoCore_CSU","TP",,"milligramsPerLiter",5.4,"Unknown reason for no analyte concentration as a result of external lab data format change",0,"formatChange","Other"
"96e18e90-4620-4538-84b7-650def56f38d","D02","POSE","POSE.AOS.groundwater.well.008","POSE.W8.20170918.FIL",,"2017-09-18T17:00Z","2017-09-18T17:00Z","EcoCore_CSU","Fe",0.0123,"milligramsPerLiter",5.4,,0,"formatChange","GOOD"
"5ba17fce-34f0-44ca-b4b5-2377d000870a","D02","POSE","POSE.AOS.groundwater.well.008","POSE.W8.20170918.FIL",,"2017-09-18T17:00Z","2017-09-18T17:00Z","EcoCore_CSU","TDP",0.0516,"milligramsPerLiter",5.4,,0,"formatChange","GOOD"
"37bff723-e7be-4473-b23b-6b1824973ff5","D02","POSE","POSE.AOS.groundwater.well.008","POSE.W8.20170918.FIL",,"2017-09-18T17:00Z","2017-09-18T17:00Z","EcoCore_CSU","NO3+NO2 - N",0.9443,"milligramsPerLiter",5.4,,0,"formatChange","GOOD"
"02ba7d41-dddd-40ad-a0b6-1080487b79d4","D02","POSE","POSE.AOS.groundwater.well.008","POSE.W8.20170918.FIL",,"2017-09-18T17:00Z","2017-09-18T17:00Z","EcoCore_CSU","Mn",0.0262,"milligramsPerLiter",5.4,,0,"formatChange","GOOD"
"f01f3fa4-9fe4-4ef9-9d6e-2c1d3f450b02","D02","POSE","POSE.AOS.groundwater.well.008","POSE.W8.20170918.FIL",,"2017-09-18T17:00Z","2017-09-18T17:00Z","EcoCore_CSU","NO2 - N",0.0102,"milligramsPerLiter",5.4,,0,"formatChange","GOOD"
"c348bee6-aadf-43f0-b9ce-f56a8dd1318f","D02","POSE","POSE.AOS.groundwater.well.008","POSE.W8.20170918.PCN",,"2017-09-18T17:00Z","2017-09-18T17:00Z","EcoCore_CSU","TPC",0.2930,"milligram",5.4,,0,"formatChange","GOOD"
"b3a98f53-4b2f-433c-8626-2a0012678b69","D02","POSE","POSE.AOS.groundwater.well.008","POSE.W8.20170918.RAW",,"2017-09-18T17:00Z","2017-09-18T17:00Z","EcoCore_CSU","TSS - Dry Mass",,"microgram",5.4,"Unknown reason for no analyte concentration as a result of external lab data format change",0,"formatChange","Other"
"f15c3cda-c7e8-4695-a543-c6e229200f3d","D02","POSE","POSE.AOS.groundwater.well.008","POSE.W8.20170918.RAW",,"2017-09-18T17:00Z","2017-09-18T17:00Z","EcoCore_CSU","TN",,"milligramsPerLiter",5.4,"Unknown reason for no analyte concentration as a result of external lab data format change",0,"formatChange","Other"
"07664b47-343a-463c-b91f-dac7c2ed875f","D02","POSE","POSE.AOS.groundwater.well.008","POSE.W8.20170918.FIL",,"2017-09-18T17:00Z","2017-09-18T17:00Z","EcoCore_CSU","F",0.0050,"milligramsPerLiter",5.4,,0,"formatChange","GOOD"
"c71e31ff-2e99-4fe4-9dc4-06ff595a884b","D02","POSE","POSE.AOS.groundwater.well.008","POSE.W8.20170918.FIL",,"2017-09-18T17:00Z","2017-09-18T17:00Z","EcoCore_CSU","Ca",15.4230,"milligramsPerLiter",5.4,,0,"formatChange","GOOD"
"375ff872-fdfe-4b07-a3ec-af8ef2824b56","D02","POSE","POSE.AOS.groundwater.well.008","POSE.W8.20170918.FIL",,"2017-09-18T17:00Z","2017-09-18T17:00Z","EcoCore_CSU","SO4",1.1204,"milligramsPerLiter",5.4,,0,"formatChange","GOOD"
"62eaae73-a8a3-4141-9fd5-e6c4ba9375dd","D02","POSE","POSE.AOS.groundwater.well.008","POSE.W8.20170918.FIL",,"2017-09-18T17:00Z","2017-09-18T17:00Z","EcoCore_CSU","Si",12.0910,"milligramsPerLiter",5.4,,0,"formatChange","GOOD"
"99a62743-0772-46ae-b055-68c4dfb32111","D02","POSE","POSE.AOS.groundwater.well.008","POSE.W8.20170918.RAW",,"2017-09-18T17:00Z","2017-09-18T17:00Z","EcoCore_CSU","TSS",,"milligramsPerLiter",5.4,"Unknown reason for no analyte concentration as a result of external lab data format change",0,"formatChange","Other"
"54cc96cf-cc5a-4bbe-a814-ba6946a2474a","D02","POSE","POSE.AOS.groundwater.well.008","POSE.W8.20170918.FIL",,"2017-09-18T17:00Z","2017-09-18T17:00Z","EcoCore_CSU","DIC",16.3600,"milligramsPerLiter",5.4,,0,"formatChange","GOOD"
"ad370bad-0ad0-4a9e-a56d-7a417d61bdf3","D02","POSE","POSE.AOS.groundwater.well.008","POSE.W8.20170918.RAW",,"2017-09-18T17:00Z","2017-09-18T17:00Z","EcoCore_CSU","pH",,"pH",5.4,"Unknown reason for no analyte concentration as a result of external lab data format change",0,"formatChange","Other"
"8ed9e2aa-a8c6-4542-8fc6-5fe5f36677d1","D02","POSE","POSE.AOS.groundwater.well.008","POSE.W8.20170918.FIL",,"2017-09-18T17:00Z","2017-09-18T17:00Z","EcoCore_CSU","Ortho - P",0.0580,"milligramsPerLiter",5.4,,0,"formatChange","GOOD"
"a0fc70a6-497e-43d3-a492-7ca87e3b1775","D02","POSE","POSE.AOS.groundwater.well.008","POSE.W8.20170918.FIL",,"2017-09-18T17:00Z","2017-09-18T17:00Z","EcoCore_CSU","HCO3",77.6900,"milligramsPerLiter",5.4,,0,"formatChange","GOOD"
"b5d6aa35-096a-409e-a03e-49785948d49f","D02","POSE","POSE.AOS.groundwater.well.008","POSE.W8.20170918.FIL",,"2017-09-18T17:00Z","2017-09-18T17:00Z","EcoCore_CSU","DOC",0.6267,"milligramsPerLiter",5.4,,0,"formatChange","GOOD"
"8af7d87a-117f-4956-b3b1-7f24be7dde6b","D02","POSE","POSE.AOS.groundwater.well.008","POSE.W8.20170918.FIL",,"2017-09-18T17:00Z","2017-09-18T17:00Z","EcoCore_CSU","TDN",0.8374,"milligramsPerLiter",5.4,,0,"formatChange","GOOD"
"eb281c21-a620-47bb-bd19-c2913477c723","D02","POSE","POSE.AOS.groundwater.well.008","POSE.W8.20170918.FIL",,"2017-09-18T17:00Z","2017-09-18T17:00Z","EcoCore_CSU","Mg",5.1951,"milligramsPerLiter",5.4,,0,"formatChange","GOOD"
"edd13b79-716a-4f71-a957-e5cac6cf3055","D02","POSE","POSE.AOS.groundwater.well.008","POSE.W8.20170918.FIL",,"2017-09-18T17:00Z","2017-09-18T17:00Z","EcoCore_CSU","NH4 - N",0.1151,"milligramsPerLiter",5.4,,0,"formatChange","GOOD"
"33db1503-0f49-440e-b7e9-4edf0e70d3ed","D02","POSE","POSE.AOS.groundwater.well.008","POSE.W8.20170918.FIL",,"2017-09-18T17:00Z","2017-09-18T17:00Z","EcoCore_CSU","UV Absorbance (280 nm)",0.0056,,5.4,,0,"formatChange","GOOD"
"1fa9275a-f609-40e4-9ede-9ce1174a0208","D02","POSE","POSE.AOS.groundwater.well.008","POSE.W8.20170918.FIL",,"2017-09-18T17:00Z","2017-09-18T17:00Z","EcoCore_CSU","UV Absorbance (250 nm)",0.0066,,5.4,,0,"formatChange","GOOD"
"0b7bd8b6-1422-47a4-b1cc-d13ee0947062","D02","POSE","POSE.AOS.groundwater.well.008","POSE.W8.20170918.FIL",,"2017-09-18T17:00Z","2017-09-18T17:00Z","EcoCore_CSU","K",0.2476,"milligramsPerLiter",5.4,,0,"formatChange","GOOD"
"f3dd8d44-a391-43d1-8182-a3f30c7bb2de","D02","POSE","POSE.AOS.groundwater.well.008","POSE.W8.20170918.RAW",,"2017-09-18T17:00Z","2017-09-18T17:00Z","EcoCore_CSU","ANC",,"milliequivalentsPerLiter",5.4,"Unknown reason for no analyte concentration as a result of external lab data format change",0,"formatChange","Other"
"922593c3-221b-4bca-a907-6f906cc8e816","D02","POSE","POSE.AOS.groundwater.well.008","POSE.W8.20170918.FIL",,"2017-09-18T17:00Z","2017-09-18T17:00Z","EcoCore_CSU","Br",0.0050,"milligramsPerLiter",5.4,,0,"formatChange","GOOD"
"2b09c1cc-2037-49d7-b116-f8e392f8a476","D02","POSE","POSE.AOS.groundwater.well.008","POSE.W8.20170918.FIL",,"2017-09-18T17:00Z","2017-09-18T17:00Z","EcoCore_CSU","Cl",2.1328,"milligramsPerLiter",5.4,,0,"formatChange","GOOD"
"e055e05c-c709-4ff2-b85b-cb57e6f7c3ae","D02","POSE","POSE.AOS.groundwater.well.008","POSE.W8.20170918.PCN",,"2017-09-18T17:00Z","2017-09-18T17:00Z","EcoCore_CSU","TPN",0.1242,"milligram",5.4,,0,"formatChange","GOOD"
