uid,domainID,siteID,namedLocation,decimalLatitude,decimalLongitude,coordinateUncertainty,elevation,elevationUncertainty,geodeticDatum,collectDate,aquaticSiteType,samplingImpractical,waterChemSamplesCollected,adequateSampleVol,parentSampleID,eventID,swcSamplingProtocolVersion,sampleExtractionMethod,samplerType,totalWellDepth,wellWaterDepth,waterColumnHeight,sampleDepth,purgeAverageDischargeRate,purgeTime,gwWellStabilized,purgeDryDateTime,pumpPlacementDate,screenedIntervalDepth,maxAllowableDrawdown,actualDrawdown,MADExceeded,wellVolumePurged,probeIDUnavailable,dissolvedOxygen,dissolvedOxygenSaturation,specificConductance,waterTemp,pH,waterClarityDescrip,waterColorDescrip,aCollectedBy,bCollectedBy,remarks
"a01fd519-3aa7-4fe7-995d-427ee71199ea","D08","MAYF","MAYF.AOS.groundwater.well.001",32.960476,-87.407716,0.1,72.4,0.1,"WGS84","2018-09-04T15:07Z","stream",,,"Y","MAYF.W1.20180904","MAYF.20180904","NEON.DOC.002905vE","low-flow","Groundwater Pump",3.6,2.2,1.4,3.1,,,,,,,,,,11.4,,0.20,2.20,37.40,21.60,,"cloudy","brown","jgalloway@battelleecology.org","mkoerner@battelleecology.org","DO calibration under"
"c5a8fd2d-937e-4608-9491-15568a9b1649","D08","MAYF","MAYF.AOS.groundwater.well.002",32.960468,-87.407905,0.1,73.7,0.1,"WGS84","2018-09-04T16:28Z","stream",,,"Y","MAYF.W2.20180904","MAYF.20180904","NEON.DOC.002905vE","low-flow","Groundwater Pump",3.8,2.4,1.4,3.3,,,,,,,,,,8.9,,0.47,7.80,28.50,21.60,,"clear","brown","mkoerner@battelleecology.org","jgalloway@battelleecology.org",
"cf1e881d-9dc7-448e-92a4-9ff314b0ba83","D08","MAYF","MAYF.AOS.groundwater.well.007",32.961682,-87.408335,0.1,74.7,0.1,"WGS84","2018-09-04T17:59Z","stream",,,"Y","MAYF.W7.20180904","MAYF.20180904","NEON.DOC.002905vE","low-flow","Groundwater Pump",4.4,3.0,1.4,3.9,,,,,,,,,,5.5,,3.43,38.20,25.70,20.20,,"clear","colorless","kmiller@battelleecology.org","mkoerner@battelleecology.org",
"bafc5074-a5f3-4432-b0a5-fadfe049ca1b","D08","MAYF","MAYF.AOS.groundwater.well.008",32.961499,-87.408173,0.1,73.5,0.1,"WGS84","2018-09-04T19:46Z","stream",,,"Y","MAYF.W8.20180904","MAYF.20180904","NEON.DOC.002905vE","low-flow","Groundwater Pump",4.2,2.9,1.3,3.7,,,,,,,,,,7.6,,1.80,19.90,26.70,21.00,,"clear","colorless","kmiller@battelleecology.org","jgalloway@battelleecology.org",
