uid,domainID,siteID,namedLocation,sampleID,sampleCode,startDate,collectDate,laboratoryName,analyte,analyteConcentration,analyteUnits,coolerTemp,remarks,shipmentWarmQF,externalLabDataQF,sampleCondition
"bdeaf2bc-459a-4283-941e-a277bfb73988","D08","MAYF","MAYF.AOS.groundwater.well.001","MAYF.W1.20180904.FIL","A00000046461","2018-09-04T15:07Z","2018-09-04T15:07Z","EcoCore_CSU","UV Absorbance (250 nm)",0.2169,,2.1,,0,"formatChange","GOOD"
"c0a79195-d1c8-4bfa-b0e6-059241ffb87b","D08","MAYF","MAYF.AOS.groundwater.well.001","MAYF.W1.20180904.FIL","A00000046461","2018-09-04T15:07Z","2018-09-04T15:07Z","EcoCore_CSU","K",0.4140,"milligramsPerLiter",2.1,,0,"formatChange","GOOD"
"c62fdf57-62ae-4d7d-9957-4ee874444139","D08","MAYF","MAYF.AOS.groundwater.well.001","MAYF.W1.20180904.FIL","A00000046461","2018-09-04T15:07Z","2018-09-04T15:07Z","EcoCore_CSU","Fe",2.0014,"milligramsPerLiter",2.1,,0,"formatChange","GOOD"
"3f45aad3-e955-4f65-abec-6a417e3f5e50","D08","MAYF","MAYF.AOS.groundwater.well.001","MAYF.W1.20180904.FIL","A00000046461","2018-09-04T15:07Z","2018-09-04T15:07Z","EcoCore_CSU","HCO3",7.5300,"milligramsPerLiter",2.1,,0,"formatChange","GOOD"
"03774222-7aa0-46b7-9ca3-65eee569efe4","D08","MAYF","MAYF.AOS.groundwater.well.001","MAYF.W1.20180904.PCN","A00000014674","2018-09-04T15:07Z","2018-09-04T15:07Z","EcoCore_CSU","TPC",0.2898,"milligram",2.1,,0,"formatChange","GOOD"
"a2b1236b-1ec7-4a1d-ba3e-bf2f9a458d35","D08","MAYF","MAYF.AOS.groundwater.well.001","MAYF.W1.20180904.FIL","A00000046461","2018-09-04T15:07Z","2018-09-04T15:07Z","EcoCore_CSU","Na",0.8510,"milligramsPerLiter",2.1,,0,"formatChange","GOOD"
"acbf8e4a-e8ac-452f-88ec-0670761987d8","D08","MAYF","MAYF.AOS.groundwater.well.001","MAYF.W1.20180904.RAW","A00000046462","2018-09-04T15:07Z","2018-09-04T15:07Z","EcoCore_CSU","TSS",54.0000,"milligramsPerLiter",2.1,,0,"formatChange","GOOD"
"3f484cd4-7c78-4f0f-9c02-342a5be0340a","D08","MAYF","MAYF.AOS.groundwater.well.001","MAYF.W1.20180904.RAW","A00000046462","2018-09-04T15:07Z","2018-09-04T15:07Z","EcoCore_CSU","TSS - Dry Mass",2700.0000,"microgram",2.1,,0,"formatChange","GOOD"
"82764307-f641-4999-a5dc-43706500218f","D08","MAYF","MAYF.AOS.groundwater.well.001","MAYF.W1.20180904.FIL","A00000046461","2018-09-04T15:07Z","2018-09-04T15:07Z","EcoCore_CSU","Br",0.0050,"milligramsPerLiter",2.1,,0,"formatChange","GOOD"
"b0e12440-c3dc-41c9-9ba0-fcc850e9f94f","D08","MAYF","MAYF.AOS.groundwater.well.001","MAYF.W1.20180904.FIL","A00000046461","2018-09-04T15:07Z","2018-09-04T15:07Z","EcoCore_CSU","NH4 - N",0.0190,"milligramsPerLiter",2.1,,0,"formatChange","GOOD"
"b3f72c7a-8c79-438a-a4c2-bf366ed01e80","D08","MAYF","MAYF.AOS.groundwater.well.001","MAYF.W1.20180904.FIL","A00000046461","2018-09-04T15:07Z","2018-09-04T15:07Z","EcoCore_CSU","NO3+NO2 - N",-0.0089,"milligramsPerLiter",2.1,,0,"formatChange","GOOD"
"9b4b83ac-1d0b-4af7-8330-9a7ce81d6c8b","D08","MAYF","MAYF.AOS.groundwater.well.001","MAYF.W1.20180904.FIL","A00000046461","2018-09-04T15:07Z","2018-09-04T15:07Z","EcoCore_CSU","Ca",0.9225,"milligramsPerLiter",2.1,,0,"formatChange","GOOD"
"d0418e70-b818-431a-8484-666a21a45b09","D08","MAYF","MAYF.AOS.groundwater.well.001","MAYF.W1.20180904.RAW","A00000046462","2018-09-04T15:07Z","2018-09-04T15:07Z","EcoCore_CSU","TOC",2.3260,"milligramsPerLiter",2.1,,0,"formatChange","GOOD"
"7c63ee56-2e80-45f1-b038-d934986c051c","D08","MAYF","MAYF.AOS.groundwater.well.001","MAYF.W1.20180904.PCN","A00000014674","2018-09-04T15:07Z","2018-09-04T15:07Z","EcoCore_CSU","TPN",0.0814,"milligram",2.1,,0,"formatChange","GOOD"
"d30c5b38-b308-45c0-8e76-a845be15ef38","D08","MAYF","MAYF.AOS.groundwater.well.001","MAYF.W1.20180904.FIL","A00000046461","2018-09-04T15:07Z","2018-09-04T15:07Z","EcoCore_CSU","F",0.0050,"milligramsPerLiter",2.1,,0,"formatChange","GOOD"
"c0c2609b-5168-46ef-aa48-a38d881d4c16","D08","MAYF","MAYF.AOS.groundwater.well.001","MAYF.W1.20180904.RAW","A00000046462","2018-09-04T15:07Z","2018-09-04T15:07Z","EcoCore_CSU","TN",0.1451,"milligramsPerLiter",2.1,,0,"formatChange","GOOD"
"8d7206f9-c21d-4cc5-a834-3f9fc4df64d4","D08","MAYF","MAYF.AOS.groundwater.well.001","MAYF.W1.20180904.RAW","A00000046462","2018-09-04T15:07Z","2018-09-04T15:07Z","EcoCore_CSU","conductivity",16.2100,"microsiemensPerCentimeter",2.1,,0,"formatChange","GOOD"
"ebc47dc5-65e4-447a-8c43-9bcaf84e0a64","D08","MAYF","MAYF.AOS.groundwater.well.001","MAYF.W1.20180904.FIL","A00000046461","2018-09-04T15:07Z","2018-09-04T15:07Z","EcoCore_CSU","TDS",11.4100,"milligramsPerLiter",2.1,,0,"formatChange","GOOD"
"b267f5df-6f82-4559-af08-e6d4a5adca82","D08","MAYF","MAYF.AOS.groundwater.well.001","MAYF.W1.20180904.FIL","A00000046461","2018-09-04T15:07Z","2018-09-04T15:07Z","EcoCore_CSU","Mg",0.7680,"milligramsPerLiter",2.1,,0,"formatChange","GOOD"
"e643efbe-da47-4381-b32b-ad0748cc78c2","D08","MAYF","MAYF.AOS.groundwater.well.001","MAYF.W1.20180904.RAW","A00000046462","2018-09-04T15:07Z","2018-09-04T15:07Z","EcoCore_CSU","pH",5.4100,"pH",2.1,,0,"formatChange","GOOD"
"1bb9d4bd-d94c-49bc-a471-454c181ad292","D08","MAYF","MAYF.AOS.groundwater.well.001","MAYF.W1.20180904.FIL","A00000046461","2018-09-04T15:07Z","2018-09-04T15:07Z","EcoCore_CSU","SO4",0.7080,"milligramsPerLiter",2.1,,0,"formatChange","GOOD"
"ca81aeca-4ef1-46d0-8b39-34887f45b208","D08","MAYF","MAYF.AOS.groundwater.well.001","MAYF.W1.20180904.FIL","A00000046461","2018-09-04T15:07Z","2018-09-04T15:07Z","EcoCore_CSU","Ortho - P",0.0160,"milligramsPerLiter",2.1,,0,"formatChange","GOOD"
"a635915a-38f5-4216-8795-29a53f05482e","D08","MAYF","MAYF.AOS.groundwater.well.001","MAYF.W1.20180904.FIL","A00000046461","2018-09-04T15:07Z","2018-09-04T15:07Z","EcoCore_CSU","NO2 - N",0.0210,"milligramsPerLiter",2.1,,0,"formatChange","GOOD"
"eafe6756-71b9-46da-8800-ef82ac7c6060","D08","MAYF","MAYF.AOS.groundwater.well.001","MAYF.W1.20180904.FIL","A00000046461","2018-09-04T15:07Z","2018-09-04T15:07Z","EcoCore_CSU","Mn",0.0130,"milligramsPerLiter",2.1,,0,"formatChange","GOOD"
"05b8f3b3-7958-4544-b32a-8383eb0b46e3","D08","MAYF","MAYF.AOS.groundwater.well.001","MAYF.W1.20180904.FIL","A00000046461","2018-09-04T15:07Z","2018-09-04T15:07Z","EcoCore_CSU","Cl",0.6958,"milligramsPerLiter",2.1,,0,"formatChange","GOOD"
"c1fa0447-109d-409e-9bdf-bd3862a15fda","D08","MAYF","MAYF.AOS.groundwater.well.001","MAYF.W1.20180904.FIL","A00000046461","2018-09-04T15:07Z","2018-09-04T15:07Z","EcoCore_CSU","TDP",0.0072,"milligramsPerLiter",2.1,,0,"formatChange","GOOD"
"62cd7ae0-2477-453a-87e2-45f56ba512ca","D08","MAYF","MAYF.AOS.groundwater.well.001","MAYF.W1.20180904.FIL","A00000046461","2018-09-04T15:07Z","2018-09-04T15:07Z","EcoCore_CSU","UV Absorbance (280 nm)",0.1681,,2.1,,0,"formatChange","GOOD"
"31834cbb-f997-4c81-9063-7d1e1354e1de","D08","MAYF","MAYF.AOS.groundwater.well.001","MAYF.W1.20180904.RAW","A00000046462","2018-09-04T15:07Z","2018-09-04T15:07Z","EcoCore_CSU","TP",0.0090,"milligramsPerLiter",2.1,,0,"formatChange","GOOD"
"b4eb1361-a9b9-47ed-b5b8-d0e2b02f1545","D08","MAYF","MAYF.AOS.groundwater.well.001","MAYF.W1.20180904.FIL","A00000046461","2018-09-04T15:07Z","2018-09-04T15:07Z","EcoCore_CSU","DOC",2.2080,"milligramsPerLiter",2.1,,0,"formatChange","GOOD"
"ff4e047d-8000-4f4f-b505-38f6e2e90899","D08","MAYF","MAYF.AOS.groundwater.well.001","MAYF.W1.20180904.RAW","A00000046462","2018-09-04T15:07Z","2018-09-04T15:07Z","EcoCore_CSU","ANC",0.1290,"milliequivalentsPerLiter",2.1,,0,"formatChange","GOOD"
"9999e62c-9495-4ded-bd9c-2af6f7d3bf60","D08","MAYF","MAYF.AOS.groundwater.well.001","MAYF.W1.20180904.FIL","A00000046461","2018-09-04T15:07Z","2018-09-04T15:07Z","EcoCore_CSU","CO3",0.0050,"milligramsPerLiter",2.1,,0,"formatChange","GOOD"
"45d770ed-d0c9-4a2f-b1d1-05f2292cfb41","D08","MAYF","MAYF.AOS.groundwater.well.001","MAYF.W1.20180904.FIL","A00000046461","2018-09-04T15:07Z","2018-09-04T15:07Z","EcoCore_CSU","Si",7.4657,"milligramsPerLiter",2.1,,0,"formatChange","GOOD"
"9bbb322d-6760-470c-b90b-83f0f899e0b1","D08","MAYF","MAYF.AOS.groundwater.well.001","MAYF.W1.20180904.FIL","A00000046461","2018-09-04T15:07Z","2018-09-04T15:07Z","EcoCore_CSU","TDN",0.1311,"milligramsPerLiter",2.1,,0,"formatChange","GOOD"
"473141bd-6d29-4c2e-8f3a-c18ea97fa003","D08","MAYF","MAYF.AOS.groundwater.well.001","MAYF.W1.20180904.FIL","A00000046461","2018-09-04T15:07Z","2018-09-04T15:07Z","EcoCore_CSU","DIC",11.7300,"milligramsPerLiter",2.1,,0,"formatChange","GOOD"
"0471c9eb-d149-4d5a-b70e-04786ca673d8","D08","MAYF","MAYF.AOS.groundwater.well.002","MAYF.W2.20180904.FIL","A00000046463","2018-09-04T16:28Z","2018-09-04T16:28Z","EcoCore_CSU","Na",0.9650,"milligramsPerLiter",2.1,,0,"formatChange","GOOD"
"3cc94816-b595-423b-9f6b-77c4cab0850f","D08","MAYF","MAYF.AOS.groundwater.well.002","MAYF.W2.20180904.PCN","A00000014691","2018-09-04T16:28Z","2018-09-04T16:28Z","EcoCore_CSU","TPN",0.0947,"milligram",2.1,,0,"formatChange","GOOD"
"bedcf800-b706-42bc-a7c2-b1a2bdf476a0","D08","MAYF","MAYF.AOS.groundwater.well.002","MAYF.W2.20180904.FIL","A00000046463","2018-09-04T16:28Z","2018-09-04T16:28Z","EcoCore_CSU","TDP",0.0109,"milligramsPerLiter",2.1,,0,"formatChange","GOOD"
"d14e4581-771c-4525-a111-85bc69398d44","D08","MAYF","MAYF.AOS.groundwater.well.002","MAYF.W2.20180904.FIL","A00000046463","2018-09-04T16:28Z","2018-09-04T16:28Z","EcoCore_CSU","NH4 - N",0.0272,"milligramsPerLiter",2.1,,0,"formatChange","GOOD"
"0f8b03f3-9dc8-42c3-a044-d4369d279562","D08","MAYF","MAYF.AOS.groundwater.well.002","MAYF.W2.20180904.RAW","A00000046464","2018-09-04T16:28Z","2018-09-04T16:28Z","EcoCore_CSU","TSS - Dry Mass",4000.0000,"microgram",2.1,,0,"formatChange","GOOD"
"e9dbee42-1d22-4194-8495-1636609b2fc7","D08","MAYF","MAYF.AOS.groundwater.well.002","MAYF.W2.20180904.RAW","A00000046464","2018-09-04T16:28Z","2018-09-04T16:28Z","EcoCore_CSU","TN",0.2030,"milligramsPerLiter",2.1,,0,"formatChange","GOOD"
"4876623d-4125-40c1-8fcf-9a45746e7631","D08","MAYF","MAYF.AOS.groundwater.well.002","MAYF.W2.20180904.FIL","A00000046463","2018-09-04T16:28Z","2018-09-04T16:28Z","EcoCore_CSU","Ca",0.5935,"milligramsPerLiter",2.1,,0,"formatChange","GOOD"
"57a9cd72-00c7-4d61-93e4-e495f3a89e37","D08","MAYF","MAYF.AOS.groundwater.well.002","MAYF.W2.20180904.FIL","A00000046463","2018-09-04T16:28Z","2018-09-04T16:28Z","EcoCore_CSU","NO2 - N",0.0187,"milligramsPerLiter",2.1,,0,"formatChange","GOOD"
"56ba6573-e2a0-4367-b794-f927e27ad16d","D08","MAYF","MAYF.AOS.groundwater.well.002","MAYF.W2.20180904.PCN","A00000014691","2018-09-04T16:28Z","2018-09-04T16:28Z","EcoCore_CSU","TPC",0.7946,"milligram",2.1,,0,"formatChange","GOOD"
"529f8e0b-6658-46e9-92f0-d159e5850b9f","D08","MAYF","MAYF.AOS.groundwater.well.002","MAYF.W2.20180904.FIL","A00000046463","2018-09-04T16:28Z","2018-09-04T16:28Z","EcoCore_CSU","K",0.7240,"milligramsPerLiter",2.1,,0,"formatChange","GOOD"
"2582ac37-14a5-4449-9dfe-ab5621f4839d","D08","MAYF","MAYF.AOS.groundwater.well.002","MAYF.W2.20180904.FIL","A00000046463","2018-09-04T16:28Z","2018-09-04T16:28Z","EcoCore_CSU","Br",0.0050,"milligramsPerLiter",2.1,,0,"formatChange","GOOD"
"168d3b76-b413-41fd-b1be-5fe75e495af0","D08","MAYF","MAYF.AOS.groundwater.well.002","MAYF.W2.20180904.FIL","A00000046463","2018-09-04T16:28Z","2018-09-04T16:28Z","EcoCore_CSU","Ortho - P",0.0140,"milligramsPerLiter",2.1,,0,"formatChange","GOOD"
"d9becefc-5d22-470c-9ba5-f6c7844b6c93","D08","MAYF","MAYF.AOS.groundwater.well.002","MAYF.W2.20180904.RAW","A00000046464","2018-09-04T16:28Z","2018-09-04T16:28Z","EcoCore_CSU","ANC",0.0920,"milliequivalentsPerLiter",2.1,,0,"formatChange","GOOD"
"5dd90031-de99-4e19-8e0d-a9fa0409a26e","D08","MAYF","MAYF.AOS.groundwater.well.002","MAYF.W2.20180904.FIL","A00000046463","2018-09-04T16:28Z","2018-09-04T16:28Z","EcoCore_CSU","HCO3",5.3300,"milligramsPerLiter",2.1,,0,"formatChange","GOOD"
"a53978ca-a20b-4d93-8c59-e15d48a1992c","D08","MAYF","MAYF.AOS.groundwater.well.002","MAYF.W2.20180904.RAW","A00000046464","2018-09-04T16:28Z","2018-09-04T16:28Z","EcoCore_CSU","TOC",4.3550,"milligramsPerLiter",2.1,,0,"formatChange","GOOD"
"eaa4b12b-99b2-4c68-8d3d-f9c6b5426951","D08","MAYF","MAYF.AOS.groundwater.well.002","MAYF.W2.20180904.RAW","A00000046464","2018-09-04T16:28Z","2018-09-04T16:28Z","EcoCore_CSU","TP",0.0150,"milligramsPerLiter",2.1,,0,"formatChange","GOOD"
"9dbb8c06-493a-4211-8439-dfdd21dade5d","D08","MAYF","MAYF.AOS.groundwater.well.002","MAYF.W2.20180904.FIL","A00000046463","2018-09-04T16:28Z","2018-09-04T16:28Z","EcoCore_CSU","NO3+NO2 - N",0.0099,"milligramsPerLiter",2.1,,0,"formatChange","GOOD"
"c294b43c-9528-4fab-95b1-393c99b57989","D08","MAYF","MAYF.AOS.groundwater.well.002","MAYF.W2.20180904.FIL","A00000046463","2018-09-04T16:28Z","2018-09-04T16:28Z","EcoCore_CSU","CO3",0.0050,"milligramsPerLiter",2.1,,0,"formatChange","GOOD"
"727ed5c1-3565-4df9-b488-a0e7178672e7","D08","MAYF","MAYF.AOS.groundwater.well.002","MAYF.W2.20180904.RAW","A00000046464","2018-09-04T16:28Z","2018-09-04T16:28Z","EcoCore_CSU","TSS",80.0000,"milligramsPerLiter",2.1,,0,"formatChange","GOOD"
"8b699813-e28e-4036-8867-bf6fac7b33a2","D08","MAYF","MAYF.AOS.groundwater.well.002","MAYF.W2.20180904.FIL","A00000046463","2018-09-04T16:28Z","2018-09-04T16:28Z","EcoCore_CSU","Fe",0.4022,"milligramsPerLiter",2.1,,0,"formatChange","GOOD"
"6bb629ee-dd6e-4847-8fcc-6861601274f0","D08","MAYF","MAYF.AOS.groundwater.well.002","MAYF.W2.20180904.FIL","A00000046463","2018-09-04T16:28Z","2018-09-04T16:28Z","EcoCore_CSU","DOC",3.9430,"milligramsPerLiter",2.1,,0,"formatChange","GOOD"
"87958f36-ba61-47f4-b67a-9dfe5c12f581","D08","MAYF","MAYF.AOS.groundwater.well.002","MAYF.W2.20180904.FIL","A00000046463","2018-09-04T16:28Z","2018-09-04T16:28Z","EcoCore_CSU","UV Absorbance (280 nm)",0.0996,,2.1,,0,"formatChange","GOOD"
"5ed51e89-c931-43a7-bfd2-087231981a8a","D08","MAYF","MAYF.AOS.groundwater.well.002","MAYF.W2.20180904.FIL","A00000046463","2018-09-04T16:28Z","2018-09-04T16:28Z","EcoCore_CSU","Mg",0.4580,"milligramsPerLiter",2.1,,0,"formatChange","GOOD"
"340ff669-3a5f-4743-90a1-dcfced8abf7f","D08","MAYF","MAYF.AOS.groundwater.well.002","MAYF.W2.20180904.RAW","A00000046464","2018-09-04T16:28Z","2018-09-04T16:28Z","EcoCore_CSU","pH",5.1200,"pH",2.1,,0,"formatChange","GOOD"
"111f0b96-e626-4a33-b678-4eb2bab11eff","D08","MAYF","MAYF.AOS.groundwater.well.002","MAYF.W2.20180904.FIL","A00000046463","2018-09-04T16:28Z","2018-09-04T16:28Z","EcoCore_CSU","Cl",0.1980,"milligramsPerLiter",2.1,,0,"formatChange","GOOD"
"8f07634d-e710-4e1e-92b2-8f29288ac967","D08","MAYF","MAYF.AOS.groundwater.well.002","MAYF.W2.20180904.FIL","A00000046463","2018-09-04T16:28Z","2018-09-04T16:28Z","EcoCore_CSU","Si",6.9295,"milligramsPerLiter",2.1,,0,"formatChange","GOOD"
"193eb1b7-a581-4f3a-87ef-53c5d97884d5","D08","MAYF","MAYF.AOS.groundwater.well.002","MAYF.W2.20180904.FIL","A00000046463","2018-09-04T16:28Z","2018-09-04T16:28Z","EcoCore_CSU","Mn",0.0240,"milligramsPerLiter",2.1,,0,"formatChange","GOOD"
"18731902-f145-4769-926d-dbb112609873","D08","MAYF","MAYF.AOS.groundwater.well.002","MAYF.W2.20180904.FIL","A00000046463","2018-09-04T16:28Z","2018-09-04T16:28Z","EcoCore_CSU","TDN",0.1454,"milligramsPerLiter",2.1,,0,"formatChange","GOOD"
"ca1e0d5a-bb3e-4911-8630-a5b63aecb402","D08","MAYF","MAYF.AOS.groundwater.well.002","MAYF.W2.20180904.RAW","A00000046464","2018-09-04T16:28Z","2018-09-04T16:28Z","EcoCore_CSU","conductivity",13.0200,"microsiemensPerCentimeter",2.1,,0,"formatChange","GOOD"
"9eb7616b-b71a-4f8d-a56b-172113097643","D08","MAYF","MAYF.AOS.groundwater.well.002","MAYF.W2.20180904.FIL","A00000046463","2018-09-04T16:28Z","2018-09-04T16:28Z","EcoCore_CSU","UV Absorbance (250 nm)",0.1496,,2.1,,0,"formatChange","GOOD"
"5c1d6fe0-4be0-4586-9c12-93219fe98891","D08","MAYF","MAYF.AOS.groundwater.well.002","MAYF.W2.20180904.FIL","A00000046463","2018-09-04T16:28Z","2018-09-04T16:28Z","EcoCore_CSU","TDS",9.2100,"milligramsPerLiter",2.1,,0,"formatChange","GOOD"
"14881671-6031-44ff-9830-913724596e82","D08","MAYF","MAYF.AOS.groundwater.well.002","MAYF.W2.20180904.FIL","A00000046463","2018-09-04T16:28Z","2018-09-04T16:28Z","EcoCore_CSU","DIC",7.9810,"milligramsPerLiter",2.1,,0,"formatChange","GOOD"
"4892afa5-8ae8-4bc7-b959-d11e23c40cd1","D08","MAYF","MAYF.AOS.groundwater.well.002","MAYF.W2.20180904.FIL","A00000046463","2018-09-04T16:28Z","2018-09-04T16:28Z","EcoCore_CSU","SO4",1.7370,"milligramsPerLiter",2.1,,0,"formatChange","GOOD"
"0e3402ff-e4a2-4a05-acf1-267cf8a07fdb","D08","MAYF","MAYF.AOS.groundwater.well.002","MAYF.W2.20180904.FIL","A00000046463","2018-09-04T16:28Z","2018-09-04T16:28Z","EcoCore_CSU","F",0.0050,"milligramsPerLiter",2.1,,0,"formatChange","GOOD"
"1f1fca5f-8fa8-4dd5-a7e1-b81f5c352d2a","D08","MAYF","MAYF.AOS.groundwater.well.007","MAYF.W7.20180904.PCN","A00000014675","2018-09-04T17:59Z","2018-09-04T17:59Z","EcoCore_CSU","TPC",0.2794,"milligram",2.1,,0,"formatChange","GOOD"
"5e577c5f-6780-492b-8dd8-9edfab7ea773","D08","MAYF","MAYF.AOS.groundwater.well.007","MAYF.W7.20180904.FIL","A00000046459","2018-09-04T17:59Z","2018-09-04T17:59Z","EcoCore_CSU","Mn",0.0005,"milligramsPerLiter",2.1,,0,"formatChange","GOOD"
"1e05b2c3-540f-4e0a-87dc-9bf0615fff0b","D08","MAYF","MAYF.AOS.groundwater.well.007","MAYF.W7.20180904.FIL","A00000046459","2018-09-04T17:59Z","2018-09-04T17:59Z","EcoCore_CSU","TDN",0.0778,"milligramsPerLiter",2.1,,0,"formatChange","GOOD"
"8ce59470-705a-4c62-adfd-915f1c885f66","D08","MAYF","MAYF.AOS.groundwater.well.007","MAYF.W7.20180904.RAW","A00000046466","2018-09-04T17:59Z","2018-09-04T17:59Z","EcoCore_CSU","ANC",0.1570,"milliequivalentsPerLiter",2.1,,0,"formatChange","GOOD"
"90344d45-5c6a-4819-a63d-8c97345d8c92","D08","MAYF","MAYF.AOS.groundwater.well.007","MAYF.W7.20180904.FIL","A00000046459","2018-09-04T17:59Z","2018-09-04T17:59Z","EcoCore_CSU","NO3+NO2 - N",0.0221,"milligramsPerLiter",2.1,,0,"formatChange","GOOD"
"192d94b7-c33f-4186-8df2-f78e5a436447","D08","MAYF","MAYF.AOS.groundwater.well.007","MAYF.W7.20180904.FIL","A00000046459","2018-09-04T17:59Z","2018-09-04T17:59Z","EcoCore_CSU","Fe",0.0076,"milligramsPerLiter",2.1,,0,"formatChange","GOOD"
"4eabb335-567f-4b97-934a-204e0f03a81f","D08","MAYF","MAYF.AOS.groundwater.well.007","MAYF.W7.20180904.FIL","A00000046459","2018-09-04T17:59Z","2018-09-04T17:59Z","EcoCore_CSU","DOC",0.3276,"milligramsPerLiter",2.1,,0,"formatChange","GOOD"
"89571a29-24e2-4ec1-941b-a34467058f25","D08","MAYF","MAYF.AOS.groundwater.well.007","MAYF.W7.20180904.RAW","A00000046466","2018-09-04T17:59Z","2018-09-04T17:59Z","EcoCore_CSU","pH",5.8000,"pH",2.1,,0,"formatChange","GOOD"
"352874d8-8a28-4b6b-bff8-00ff35b3f417","D08","MAYF","MAYF.AOS.groundwater.well.007","MAYF.W7.20180904.RAW","A00000046466","2018-09-04T17:59Z","2018-09-04T17:59Z","EcoCore_CSU","conductivity",16.0200,"microsiemensPerCentimeter",2.1,,0,"formatChange","GOOD"
"2180d71c-c45a-4780-836e-bc06c79b794c","D08","MAYF","MAYF.AOS.groundwater.well.007","MAYF.W7.20180904.FIL","A00000046459","2018-09-04T17:59Z","2018-09-04T17:59Z","EcoCore_CSU","Br",0.0050,"milligramsPerLiter",2.1,,0,"formatChange","GOOD"
"7efbd18b-7468-4c99-9331-72f9dffedef5","D08","MAYF","MAYF.AOS.groundwater.well.007","MAYF.W7.20180904.FIL","A00000046459","2018-09-04T17:59Z","2018-09-04T17:59Z","EcoCore_CSU","Mg",0.7330,"milligramsPerLiter",2.1,,0,"formatChange","GOOD"
"295fc0bd-7d37-400a-a02c-051a7d6031b8","D08","MAYF","MAYF.AOS.groundwater.well.007","MAYF.W7.20180904.FIL","A00000046459","2018-09-04T17:59Z","2018-09-04T17:59Z","EcoCore_CSU","UV Absorbance (280 nm)",0.0131,,2.1,,0,"formatChange","GOOD"
"52ba9d41-6042-4868-b858-438c4e83cb9b","D08","MAYF","MAYF.AOS.groundwater.well.007","MAYF.W7.20180904.RAW","A00000046466","2018-09-04T17:59Z","2018-09-04T17:59Z","EcoCore_CSU","TSS",16.0000,"milligramsPerLiter",2.1,,0,"formatChange","GOOD"
"89e6639d-e2ce-47a4-bd51-cab8d27bc2f8","D08","MAYF","MAYF.AOS.groundwater.well.007","MAYF.W7.20180904.FIL","A00000046459","2018-09-04T17:59Z","2018-09-04T17:59Z","EcoCore_CSU","SO4",0.7020,"milligramsPerLiter",2.1,,0,"formatChange","GOOD"
"ac8ce2a7-fbd0-4689-9c8d-9d0925d49e7e","D08","MAYF","MAYF.AOS.groundwater.well.007","MAYF.W7.20180904.RAW","A00000046466","2018-09-04T17:59Z","2018-09-04T17:59Z","EcoCore_CSU","TOC",0.3822,"milligramsPerLiter",2.1,,0,"formatChange","GOOD"
"c826fff7-6df9-41b2-b4b5-47fab363e65e","D08","MAYF","MAYF.AOS.groundwater.well.007","MAYF.W7.20180904.FIL","A00000046459","2018-09-04T17:59Z","2018-09-04T17:59Z","EcoCore_CSU","Si",6.3007,"milligramsPerLiter",2.1,,0,"formatChange","GOOD"
"4249a49e-824f-47e9-a608-d2ecfd43f6e6","D08","MAYF","MAYF.AOS.groundwater.well.007","MAYF.W7.20180904.FIL","A00000046459","2018-09-04T17:59Z","2018-09-04T17:59Z","EcoCore_CSU","NH4 - N",0.0187,"milligramsPerLiter",2.1,,0,"formatChange","GOOD"
"d405af95-fdbd-4d1e-ae64-77e707604199","D08","MAYF","MAYF.AOS.groundwater.well.007","MAYF.W7.20180904.RAW","A00000046466","2018-09-04T17:59Z","2018-09-04T17:59Z","EcoCore_CSU","TSS - Dry Mass",800.0000,"microgram",2.1,,0,"formatChange","GOOD"
"d304712d-aeea-4787-933d-2c4db2087a63","D08","MAYF","MAYF.AOS.groundwater.well.007","MAYF.W7.20180904.FIL","A00000046459","2018-09-04T17:59Z","2018-09-04T17:59Z","EcoCore_CSU","Ortho - P",0.0130,"milligramsPerLiter",2.1,,0,"formatChange","GOOD"
"4de2bda1-7b3b-4f76-bedb-798ba82bb70d","D08","MAYF","MAYF.AOS.groundwater.well.007","MAYF.W7.20180904.FIL","A00000046459","2018-09-04T17:59Z","2018-09-04T17:59Z","EcoCore_CSU","K",0.6800,"milligramsPerLiter",2.1,,0,"formatChange","GOOD"
"a3f730a3-b5fe-4d67-a3b4-9b21b355441e","D08","MAYF","MAYF.AOS.groundwater.well.007","MAYF.W7.20180904.RAW","A00000046466","2018-09-04T17:59Z","2018-09-04T17:59Z","EcoCore_CSU","TN",0.0578,"milligramsPerLiter",2.1,,0,"formatChange","GOOD"
"076ffaaa-5794-4ab5-ae03-b2cc98e7ac85","D08","MAYF","MAYF.AOS.groundwater.well.007","MAYF.W7.20180904.FIL","A00000046459","2018-09-04T17:59Z","2018-09-04T17:59Z","EcoCore_CSU","NO2 - N",0.0175,"milligramsPerLiter",2.1,,0,"formatChange","GOOD"
"3adb337c-8979-43a1-97de-1431d10eb156","D08","MAYF","MAYF.AOS.groundwater.well.007","MAYF.W7.20180904.FIL","A00000046459","2018-09-04T17:59Z","2018-09-04T17:59Z","EcoCore_CSU","UV Absorbance (250 nm)",0.0165,,2.1,,0,"formatChange","GOOD"
"894dcd36-2fce-4ef2-881d-f8e7b1f1d29c","D08","MAYF","MAYF.AOS.groundwater.well.007","MAYF.W7.20180904.FIL","A00000046459","2018-09-04T17:59Z","2018-09-04T17:59Z","EcoCore_CSU","Cl",0.0445,"milligramsPerLiter",2.1,,0,"formatChange","GOOD"
"e393e9b6-4cef-4a5b-b1ef-8425b5c8dcb4","D08","MAYF","MAYF.AOS.groundwater.well.007","MAYF.W7.20180904.FIL","A00000046459","2018-09-04T17:59Z","2018-09-04T17:59Z","EcoCore_CSU","F",0.0050,"milligramsPerLiter",2.1,,0,"formatChange","GOOD"
"7ecd47fc-a943-4d05-a7d6-f0e1adf06b60","D08","MAYF","MAYF.AOS.groundwater.well.007","MAYF.W7.20180904.FIL","A00000046459","2018-09-04T17:59Z","2018-09-04T17:59Z","EcoCore_CSU","CO3",0.0050,"milligramsPerLiter",2.1,,0,"formatChange","GOOD"
"69add535-67fb-497a-99c9-991c25a8e017","D08","MAYF","MAYF.AOS.groundwater.well.007","MAYF.W7.20180904.FIL","A00000046459","2018-09-04T17:59Z","2018-09-04T17:59Z","EcoCore_CSU","TDP",0.0020,"milligramsPerLiter",2.1,,0,"formatChange","GOOD"
"3038eadb-b99a-4f96-9c66-0199897019e0","D08","MAYF","MAYF.AOS.groundwater.well.007","MAYF.W7.20180904.FIL","A00000046459","2018-09-04T17:59Z","2018-09-04T17:59Z","EcoCore_CSU","Na",0.6620,"milligramsPerLiter",2.1,,0,"formatChange","GOOD"
"cd4581d7-7855-4739-9331-4d740351b376","D08","MAYF","MAYF.AOS.groundwater.well.007","MAYF.W7.20180904.FIL","A00000046459","2018-09-04T17:59Z","2018-09-04T17:59Z","EcoCore_CSU","Ca",1.0040,"milligramsPerLiter",2.1,,0,"formatChange","GOOD"
"d9420293-dc0c-4ecb-a74d-aa9e54901e38","D08","MAYF","MAYF.AOS.groundwater.well.007","MAYF.W7.20180904.FIL","A00000046459","2018-09-04T17:59Z","2018-09-04T17:59Z","EcoCore_CSU","TDS",11.2800,"milligramsPerLiter",2.1,,0,"formatChange","GOOD"
"8bb5217e-6e8a-4974-99de-af38462b8959","D08","MAYF","MAYF.AOS.groundwater.well.007","MAYF.W7.20180904.FIL","A00000046459","2018-09-04T17:59Z","2018-09-04T17:59Z","EcoCore_CSU","HCO3",8.7200,"milligramsPerLiter",2.1,,0,"formatChange","GOOD"
"b2bf38b5-f605-4653-a775-93b4a18083d4","D08","MAYF","MAYF.AOS.groundwater.well.007","MAYF.W7.20180904.PCN","A00000014675","2018-09-04T17:59Z","2018-09-04T17:59Z","EcoCore_CSU","TPN",0.0802,"milligram",2.1,,0,"formatChange","GOOD"
"a876a49d-dd7e-4fce-9d17-e532493729fa","D08","MAYF","MAYF.AOS.groundwater.well.007","MAYF.W7.20180904.FIL","A00000046459","2018-09-04T17:59Z","2018-09-04T17:59Z","EcoCore_CSU","DIC",5.2500,"milligramsPerLiter",2.1,,0,"formatChange","GOOD"
"3d9b1db9-bbd2-4622-8d7f-cd29bd9478d4","D08","MAYF","MAYF.AOS.groundwater.well.007","MAYF.W7.20180904.RAW","A00000046466","2018-09-04T17:59Z","2018-09-04T17:59Z","EcoCore_CSU","TP",0.0030,"milligramsPerLiter",2.1,,0,"formatChange","GOOD"
"600fc2a6-9494-4c23-8b2d-542dc4d1497e","D08","MAYF","MAYF.AOS.groundwater.well.008","MAYF.W8.20180904.FIL","A00000046467","2018-09-04T19:46Z","2018-09-04T19:46Z","EcoCore_CSU","Si",6.4181,"milligramsPerLiter",2.1,,0,"formatChange","GOOD"
"55dbd959-b80e-44b5-bcc2-3fcc156c5d26","D08","MAYF","MAYF.AOS.groundwater.well.008","MAYF.W8.20180904.FIL","A00000046467","2018-09-04T19:46Z","2018-09-04T19:46Z","EcoCore_CSU","Na",0.8770,"milligramsPerLiter",2.1,,0,"formatChange","GOOD"
"98088518-2472-4da3-89e7-24646c60ee24","D08","MAYF","MAYF.AOS.groundwater.well.008","MAYF.W8.20180904.RAW","A00000046468","2018-09-04T19:46Z","2018-09-04T19:46Z","EcoCore_CSU","TSS",34.0000,"milligramsPerLiter",2.1,,0,"formatChange","GOOD"
"d31c857f-306c-4aab-b0db-78bd857fb242","D08","MAYF","MAYF.AOS.groundwater.well.008","MAYF.W8.20180904.RAW","A00000046468","2018-09-04T19:46Z","2018-09-04T19:46Z","EcoCore_CSU","TOC",2.2340,"milligramsPerLiter",2.1,,0,"formatChange","GOOD"
"fa422943-42c2-4978-a774-906d118641db","D08","MAYF","MAYF.AOS.groundwater.well.008","MAYF.W8.20180904.FIL","A00000046467","2018-09-04T19:46Z","2018-09-04T19:46Z","EcoCore_CSU","HCO3",6.4200,"milligramsPerLiter",2.1,,0,"formatChange","GOOD"
"89f88e0a-8d69-4b6f-b4fd-fd6e367120a7","D08","MAYF","MAYF.AOS.groundwater.well.008","MAYF.W8.20180904.FIL","A00000046467","2018-09-04T19:46Z","2018-09-04T19:46Z","EcoCore_CSU","TDN",-0.0451,"milligramsPerLiter",2.1,,0,"formatChange","GOOD"
"c20654d0-ac88-435d-a167-df2c4077aa7b","D08","MAYF","MAYF.AOS.groundwater.well.008","MAYF.W8.20180904.FIL","A00000046467","2018-09-04T19:46Z","2018-09-04T19:46Z","EcoCore_CSU","NO3+NO2 - N",0.0290,"milligramsPerLiter",2.1,,0,"formatChange","GOOD"
"9119d827-90d0-4581-97a2-b17cc63b954e","D08","MAYF","MAYF.AOS.groundwater.well.008","MAYF.W8.20180904.FIL","A00000046467","2018-09-04T19:46Z","2018-09-04T19:46Z","EcoCore_CSU","Cl",0.5719,"milligramsPerLiter",2.1,,0,"formatChange","GOOD"
"cbc80fc6-27b8-4ce7-ab8c-41010b65faa3","D08","MAYF","MAYF.AOS.groundwater.well.008","MAYF.W8.20180904.FIL","A00000046467","2018-09-04T19:46Z","2018-09-04T19:46Z","EcoCore_CSU","Ca",0.8816,"milligramsPerLiter",2.1,,0,"formatChange","GOOD"
"18c72b04-5923-4f37-a7fb-59810a25ddf7","D08","MAYF","MAYF.AOS.groundwater.well.008","MAYF.W8.20180904.FIL","A00000046467","2018-09-04T19:46Z","2018-09-04T19:46Z","EcoCore_CSU","NO2 - N",0.0245,"milligramsPerLiter",2.1,,0,"formatChange","GOOD"
"d4ccb6f7-a657-4f38-927f-734857e69a6a","D08","MAYF","MAYF.AOS.groundwater.well.008","MAYF.W8.20180904.RAW","A00000046468","2018-09-04T19:46Z","2018-09-04T19:46Z","EcoCore_CSU","pH",5.0900,"pH",2.1,,0,"formatChange","GOOD"
"224d44d3-e2c0-40f4-a62a-16cb86da38e3","D08","MAYF","MAYF.AOS.groundwater.well.008","MAYF.W8.20180904.FIL","A00000046467","2018-09-04T19:46Z","2018-09-04T19:46Z","EcoCore_CSU","Fe",0.0735,"milligramsPerLiter",2.1,,0,"formatChange","GOOD"
"6f32cb1e-34e5-4aa7-a8f7-5c5c4daff050","D08","MAYF","MAYF.AOS.groundwater.well.008","MAYF.W8.20180904.FIL","A00000046467","2018-09-04T19:46Z","2018-09-04T19:46Z","EcoCore_CSU","DOC",2.0060,"milligramsPerLiter",2.1,,0,"formatChange","GOOD"
"e8d31876-246f-4756-94c0-770a69f429be","D08","MAYF","MAYF.AOS.groundwater.well.008","MAYF.W8.20180904.RAW","A00000046468","2018-09-04T19:46Z","2018-09-04T19:46Z","EcoCore_CSU","ANC",0.1180,"milliequivalentsPerLiter",2.1,,0,"formatChange","GOOD"
"8df98543-f657-4c34-9314-bbffe2f66ae5","D08","MAYF","MAYF.AOS.groundwater.well.008","MAYF.W8.20180904.RAW","A00000046468","2018-09-04T19:46Z","2018-09-04T19:46Z","EcoCore_CSU","TSS - Dry Mass",1700.0000,"microgram",2.1,,0,"formatChange","GOOD"
"72f2ee07-5349-47b7-ae86-9e8d06392b47","D08","MAYF","MAYF.AOS.groundwater.well.008","MAYF.W8.20180904.PCN","A00000014693","2018-09-04T19:46Z","2018-09-04T19:46Z","EcoCore_CSU","TPN",0.1201,"milligram",2.1,,0,"formatChange","GOOD"
"47181a51-88aa-4aa7-b349-e9474394e4cf","D08","MAYF","MAYF.AOS.groundwater.well.008","MAYF.W8.20180904.RAW","A00000046468","2018-09-04T19:46Z","2018-09-04T19:46Z","EcoCore_CSU","TN",-0.0372,"milligramsPerLiter",2.1,,0,"formatChange","GOOD"
"596b462f-7ea0-4492-883f-fa11c4df1535","D08","MAYF","MAYF.AOS.groundwater.well.008","MAYF.W8.20180904.FIL","A00000046467","2018-09-04T19:46Z","2018-09-04T19:46Z","EcoCore_CSU","NH4 - N",0.0211,"milligramsPerLiter",2.1,,0,"formatChange","GOOD"
"5e0374a3-2363-4172-b716-3a245b9a2f93","D08","MAYF","MAYF.AOS.groundwater.well.008","MAYF.W8.20180904.FIL","A00000046467","2018-09-04T19:46Z","2018-09-04T19:46Z","EcoCore_CSU","SO4",1.3740,"milligramsPerLiter",2.1,,0,"formatChange","GOOD"
"9eed5a11-e450-479c-a89b-6cd2f08e127c","D08","MAYF","MAYF.AOS.groundwater.well.008","MAYF.W8.20180904.PCN","A00000014693","2018-09-04T19:46Z","2018-09-04T19:46Z","EcoCore_CSU","TPC",0.4545,"milligram",2.1,,0,"formatChange","GOOD"
"c3a21095-d7d2-4485-b84d-c3a92d5a8368","D08","MAYF","MAYF.AOS.groundwater.well.008","MAYF.W8.20180904.FIL","A00000046467","2018-09-04T19:46Z","2018-09-04T19:46Z","EcoCore_CSU","UV Absorbance (250 nm)",0.0631,,2.1,,0,"formatChange","GOOD"
"401c5464-0b05-44f5-8009-aa5296abd598","D08","MAYF","MAYF.AOS.groundwater.well.008","MAYF.W8.20180904.RAW","A00000046468","2018-09-04T19:46Z","2018-09-04T19:46Z","EcoCore_CSU","conductivity",16.0100,"microsiemensPerCentimeter",2.1,,0,"formatChange","GOOD"
"b8cd7dae-08b6-4133-a781-d758c74f36a7","D08","MAYF","MAYF.AOS.groundwater.well.008","MAYF.W8.20180904.FIL","A00000046467","2018-09-04T19:46Z","2018-09-04T19:46Z","EcoCore_CSU","UV Absorbance (280 nm)",0.0451,,2.1,,0,"formatChange","GOOD"
"0fbe171b-1428-4602-ab45-347467903f6d","D08","MAYF","MAYF.AOS.groundwater.well.008","MAYF.W8.20180904.FIL","A00000046467","2018-09-04T19:46Z","2018-09-04T19:46Z","EcoCore_CSU","TDS",10.6300,"milligramsPerLiter",2.1,,0,"formatChange","GOOD"
"45f64170-a6a0-4bb8-b027-008aa2537f6b","D08","MAYF","MAYF.AOS.groundwater.well.008","MAYF.W8.20180904.FIL","A00000046467","2018-09-04T19:46Z","2018-09-04T19:46Z","EcoCore_CSU","Br",0.0050,"milligramsPerLiter",2.1,,0,"formatChange","GOOD"
"a3fabde1-8bc1-427f-bce3-93dfbf67f698","D08","MAYF","MAYF.AOS.groundwater.well.008","MAYF.W8.20180904.FIL","A00000046467","2018-09-04T19:46Z","2018-09-04T19:46Z","EcoCore_CSU","Mg",0.7810,"milligramsPerLiter",2.1,,0,"formatChange","GOOD"
"68f47224-3b17-46f7-96ec-3ddb876e5ad2","D08","MAYF","MAYF.AOS.groundwater.well.008","MAYF.W8.20180904.FIL","A00000046467","2018-09-04T19:46Z","2018-09-04T19:46Z","EcoCore_CSU","DIC",12.1300,"milligramsPerLiter",2.1,,0,"formatChange","GOOD"
"98a0aeae-503d-45c0-95da-f41c14db1a10","D08","MAYF","MAYF.AOS.groundwater.well.008","MAYF.W8.20180904.RAW","A00000046468","2018-09-04T19:46Z","2018-09-04T19:46Z","EcoCore_CSU","TP",0.0170,"milligramsPerLiter",2.1,,0,"formatChange","GOOD"
"e388b2aa-c957-44ac-8bcf-2d6ad12b5960","D08","MAYF","MAYF.AOS.groundwater.well.008","MAYF.W8.20180904.FIL","A00000046467","2018-09-04T19:46Z","2018-09-04T19:46Z","EcoCore_CSU","F",0.0050,"milligramsPerLiter",2.1,,0,"formatChange","GOOD"
"e5be0a59-62ff-490c-8910-ba7dcc837ad9","D08","MAYF","MAYF.AOS.groundwater.well.008","MAYF.W8.20180904.FIL","A00000046467","2018-09-04T19:46Z","2018-09-04T19:46Z","EcoCore_CSU","Ortho - P",0.0560,"milligramsPerLiter",2.1,,0,"formatChange","GOOD"
"289bd3a4-b64b-4a0b-a700-fb0fae020fa9","D08","MAYF","MAYF.AOS.groundwater.well.008","MAYF.W8.20180904.FIL","A00000046467","2018-09-04T19:46Z","2018-09-04T19:46Z","EcoCore_CSU","CO3",0.0050,"milligramsPerLiter",2.1,,0,"formatChange","GOOD"
"7c9d4a08-4ede-4aa7-8db8-6f6d1ad16faa","D08","MAYF","MAYF.AOS.groundwater.well.008","MAYF.W8.20180904.FIL","A00000046467","2018-09-04T19:46Z","2018-09-04T19:46Z","EcoCore_CSU","Mn",0.0430,"milligramsPerLiter",2.1,,0,"formatChange","GOOD"
"941e52fc-98fb-4088-8351-277e490a01d0","D08","MAYF","MAYF.AOS.groundwater.well.008","MAYF.W8.20180904.FIL","A00000046467","2018-09-04T19:46Z","2018-09-04T19:46Z","EcoCore_CSU","K",0.1080,"milligramsPerLiter",2.1,,0,"formatChange","GOOD"
"bee0778a-ab94-4dcb-b3e8-83eb3fc78407","D08","MAYF","MAYF.AOS.groundwater.well.008","MAYF.W8.20180904.FIL","A00000046467","2018-09-04T19:46Z","2018-09-04T19:46Z","EcoCore_CSU","TDP",0.0131,"milligramsPerLiter",2.1,,0,"formatChange","GOOD"
