uid,domainID,siteID,namedLocation,collectDate,titrationDate,parentSampleID,domainSampleID,remarks,measuredBy,alkMeqPerL,alkMgPerL,ancMeqPerL,ancMgPerL
"689a7e97-fdb1-4744-8813-61f23d57af0a","D08","MAYF","MAYF.AOS.groundwater.well.001","2018-09-04T15:07Z","2018-09-04T22:15Z","MAYF.W1.20180904","MAYF.W1.20180904.ALK",,"Kiersten Miller",0.150,7.280,,
"f42d2708-fb5c-4100-9982-b54eb104d988","D08","MAYF","MAYF.AOS.groundwater.well.002","2018-09-04T16:28Z","2018-09-04T22:35Z","MAYF.W2.20180904","MAYF.W2.20180904.ALK",,"Kiersten Miller",0.060,3.200,,
"aab6b5f3-f8ea-4cae-883c-b732895df5ee","D08","MAYF","MAYF.AOS.groundwater.well.007","2018-09-04T17:59Z","2018-09-04T22:53Z","MAYF.W7.20180904","MAYF.W7.20180904.ALK",,"Jgalloway",0.120,5.810,,
"ea084433-57ed-404d-8400-cf2e5ceeb7ed","D08","MAYF","MAYF.AOS.groundwater.well.008","2018-09-04T19:46Z","2018-09-04T23:06Z","MAYF.W8.20180904","MAYF.W8.20180904.ALK",,"Jgalloway",0.050,2.280,,
