uid,domainID,siteID,namedLocation,collectDate,parentSampleID,sampleCondition,sampleID,replicateNumber,gwwDICBubbleFree,gwwFiltSampleHeadspace,gwwAlkSampleHeadspace,gwwAlkSampleBubbleFree,processedDate,processedDateFilters,sampleVolumeFiltered,shipmentTimeRange
"c6ca9f19-21ad-4d7d-af0b-a4415bb107a0","D08","MAYF","MAYF.AOS.groundwater.well.001","2018-09-04T15:07Z","MAYF.W1.20180904","Sample condition ok","MAYF.W1.20180904",1,,,,,"2018-09-04T15:07Z","2018-09-04T15:07Z",50.0,
"96e05b5c-f49f-433f-a6c4-8da478f87e96","D08","MAYF","MAYF.AOS.groundwater.well.002","2018-09-04T16:28Z","MAYF.W2.20180904","Sample condition ok","MAYF.W2.20180904",1,,,,,"2018-09-04T16:28Z","2018-09-04T16:28Z",50.0,
"86068474-9bf2-4aca-8046-40ccd3daf38f","D08","MAYF","MAYF.AOS.groundwater.well.007","2018-09-04T17:59Z","MAYF.W7.20180904","Sample condition ok","MAYF.W7.20180904",1,,,,,"2018-09-04T17:59Z","2018-09-04T17:59Z",50.0,
"d24de9ca-caad-43a5-b949-482b7d4e4f70","D08","MAYF","MAYF.AOS.groundwater.well.008","2018-09-04T19:46Z","MAYF.W8.20180904","Sample condition ok","MAYF.W8.20180904",1,,,,,"2018-09-04T19:46Z","2018-09-04T19:46Z",50.0,
