uid,domainID,siteID,namedLocation,decimalLatitude,decimalLongitude,coordinateUncertainty,elevation,elevationUncertainty,geodeticDatum,collectDate,aquaticSiteType,samplingImpractical,waterChemSamplesCollected,adequateSampleVol,parentSampleID,eventID,swcSamplingProtocolVersion,sampleExtractionMethod,samplerType,totalWellDepth,wellWaterDepth,waterColumnHeight,sampleDepth,purgeAverageDischargeRate,purgeTime,gwWellStabilized,purgeDryDateTime,pumpPlacementDate,screenedIntervalDepth,maxAllowableDrawdown,actualDrawdown,MADExceeded,wellVolumePurged,probeIDUnavailable,dissolvedOxygen,dissolvedOxygenSaturation,specificConductance,waterTemp,pH,waterClarityDescrip,waterColorDescrip,aCollectedBy,bCollectedBy,remarks
"173d9428-e505-4453-9a65-e5665cabf8b2","D11","PRIN","PRIN.AOS.groundwater.well.001",33.377712,-97.784321,0.1,257.9,0.1,"WGS84","2019-04-01T17:15Z","stream",,,"Y","PRIN.W1.20190401","PRIN.20190401","NEON.DOC.002905vE","low-flow","Groundwater Pump",8.2,5.3,2.9,6.3,,,,,,,,,,3.2,,0.68,6.90,384.00,16.80,6.72,"cloudy","brown","0000-0002-2086-5736","0000-0003-2362-0002",
"978a8e95-fa9b-463d-b0ae-4331b2a03ad9","D11","PRIN","PRIN.AOS.groundwater.well.002",33.378246,-97.783720,0.1,257.4,0.1,"WGS84","2019-04-01T19:49Z","stream",,,"Y","PRIN.W2.20190401","PRIN.20190401","NEON.DOC.002905vE","low-flow","Groundwater Pump",6.2,4.9,1.3,5.7,,,,,,,,,,7.2,,2.40,26.30,1141.00,17.50,6.73,"clear","gray","0000-0002-2086-5736","0000-0003-2362-0002",
"a581ac77-cdfb-4338-be24-e83432da6e9d","D11","PRIN","PRIN.AOS.groundwater.well.004",33.378274,-97.782704,0.1,258.1,0.1,"WGS84","2019-04-03T15:20Z","stream",,,"Y","PRIN.W4.20190403","PRIN.20190403","NEON.DOC.002905vE","low-flow","Groundwater Pump",6.6,5.9,0.7,6.1,,,,,,,,,,3.9,,1.68,17.30,918.00,17.20,6.76,"clear","colorless","0000-0002-2086-5736","0000-0003-2362-0002",
"ec33748b-03fe-4dc7-a01e-858b492a04e9","D11","PRIN","PRIN.AOS.groundwater.well.006",33.378106,-97.781605,0.1,257.0,0.1,"WGS84","2019-04-03T17:38Z","stream",,,"Y","PRIN.W6.20190403","PRIN.20190403","NEON.DOC.002905vE","low-flow","Groundwater Pump",8.6,5.1,3.5,6.1,,,,,,,,,,4.6,,0.22,2.30,1328.00,17.60,6.74,"clear","colorless","0000-0002-1844-4553","0000-0003-2362-0002",
