uid,domainID,siteID,namedLocation,collectDate,parentSampleID,sampleCondition,sampleID,replicateNumber,gwwDICBubbleFree,gwwFiltSampleHeadspace,gwwAlkSampleHeadspace,gwwAlkSampleBubbleFree,processedDate,processedDateFilters,sampleVolumeFiltered,shipmentTimeRange
"a09ee874-9559-46fc-9b5d-b1ff4012086e","D11","PRIN","PRIN.AOS.groundwater.well.001","2019-04-01T17:15Z","PRIN.W1.20190401","Sample condition ok","PRIN.W1.20190401",,,,,,"2019-04-01T16:42Z","2019-04-01T16:42Z",500.0,
"5cc58853-496f-40b4-b410-0c620e2c2994","D11","PRIN","PRIN.AOS.groundwater.well.002","2019-04-01T19:49Z","PRIN.W2.20190401","Sample condition ok","PRIN.W2.20190401",,,,,,"2019-04-01T20:10Z","2019-04-01T20:29Z",300.0,
"0bc452a9-26c1-48f1-85ee-c4823a92d4b0","D11","PRIN","PRIN.AOS.groundwater.well.004","2019-04-03T15:20Z","PRIN.W4.20190403","Sample condition ok","PRIN.W4.20190403",,,,,,"2019-04-03T15:20Z","2019-04-03T15:20Z",500.0,
"0779606b-339d-4555-b7b5-4a58fa51cad4","D11","PRIN","PRIN.AOS.groundwater.well.006","2019-04-03T17:38Z","PRIN.W6.20190403","Sample condition ok","PRIN.W6.20190403",,,,,,"2019-04-03T17:38Z","2019-04-03T17:38Z",500.0,
