uid,domainID,siteID,namedLocation,collectDate,titrationDate,parentSampleID,domainSampleID,remarks,measuredBy,alkMeqPerL,alkMgPerL,ancMeqPerL,ancMgPerL
"1b85820e-f640-4b07-914c-4ed91aece52b","D11","PRIN","PRIN.AOS.groundwater.well.001","2019-04-01T17:15Z","2019-04-02T14:54Z","PRIN.W1.20190401","PRIN.W1.20190401.ALK",,"cburton@battelleecology.org",2.940,147.000,,
"027f0f20-b689-4e80-a932-6d7fc937e321","D11","PRIN","PRIN.AOS.groundwater.well.002","2019-04-01T19:49Z","2019-04-02T16:22Z","PRIN.W2.20190401","PRIN.W2.20190401.ALK",,"cburton@battelleecology.org",8.410,421.000,,
"7d3df5c5-aa4f-478a-b0c8-ec87f57b5727","D11","PRIN","PRIN.AOS.groundwater.well.004","2019-04-03T15:20Z","2019-04-03T20:10Z","PRIN.W4.20190403","PRIN.W4.20190403.ALK",,"nfenster@battelleecology.org",5.320,266.000,,
"f59c0c03-80d6-4f0e-bd18-2d06a9271534","D11","PRIN","PRIN.AOS.groundwater.well.006","2019-04-03T17:38Z","2019-04-03T21:00Z","PRIN.W6.20190403","PRIN.W6.20190403.ALK",,"nfenster@battelleecology.org",4.600,230.000,,
