uid,domainID,siteID,namedLocation,sampleID,sampleCode,startDate,collectDate,laboratoryName,analyte,analyteConcentration,analyteUnits,coolerTemp,remarks,shipmentWarmQF,externalLabDataQF,sampleCondition
"115490b2-dc68-4adc-a70a-fc388c9ccc89","D11","PRIN","PRIN.AOS.groundwater.well.001","PRIN.W1.20190401.RAW","A00000052923","2019-04-01T17:15Z","2019-04-01T17:15Z","EcoCore_CSU","TOC",1.0170,"milligramsPerLiter",0.0,,0,"formatChange","GOOD"
"dce11841-1bd2-4aad-8fd5-f29ef303e0e3","D11","PRIN","PRIN.AOS.groundwater.well.001","PRIN.W1.20190401.FIL","A00000052904","2019-04-01T17:15Z","2019-04-01T17:15Z","EcoCore_CSU","Mg",8.1230,"milligramsPerLiter",0.0,,0,"formatChange","GOOD"
"ce5cf8b7-d5c4-4901-907f-a0ba9af12c7e","D11","PRIN","PRIN.AOS.groundwater.well.001","PRIN.W1.20190401.FIL","A00000052904","2019-04-01T17:15Z","2019-04-01T17:15Z","EcoCore_CSU","Br",0.0050,"milligramsPerLiter",0.0,,0,"formatChange","GOOD"
"e1bc53ea-25a3-4428-b32f-3e953e62fb4c","D11","PRIN","PRIN.AOS.groundwater.well.001","PRIN.W1.20190401.PCN","A00000053073","2019-04-01T17:15Z","2019-04-01T17:15Z","EcoCore_CSU","TPC",0.4272,"milligram",0.0,,0,"formatChange","GOOD"
"084b5e1c-d132-48a6-8ceb-0f96368bd816","D11","PRIN","PRIN.AOS.groundwater.well.001","PRIN.W1.20190401.FIL","A00000052904","2019-04-01T17:15Z","2019-04-01T17:15Z","EcoCore_CSU","Fe",0.0072,"milligramsPerLiter",0.0,,0,"formatChange","GOOD"
"5af6c446-5779-4c71-9da1-0df304e16fbd","D11","PRIN","PRIN.AOS.groundwater.well.001","PRIN.W1.20190401.FIL","A00000052904","2019-04-01T17:15Z","2019-04-01T17:15Z","EcoCore_CSU","Ortho - P",0.0490,"milligramsPerLiter",0.0,,0,"formatChange","GOOD"
"a00f3198-9377-4e44-8a3e-e5467553d76d","D11","PRIN","PRIN.AOS.groundwater.well.001","PRIN.W1.20190401.FIL","A00000052904","2019-04-01T17:15Z","2019-04-01T17:15Z","EcoCore_CSU","UV Absorbance (250 nm)",0.0243,,0.0,,0,"formatChange","GOOD"
"79f4d681-74c6-4f50-a503-5dbaaec15327","D11","PRIN","PRIN.AOS.groundwater.well.001","PRIN.W1.20190401.FIL","A00000052904","2019-04-01T17:15Z","2019-04-01T17:15Z","EcoCore_CSU","UV Absorbance (280 nm)",0.0196,,0.0,,0,"formatChange","GOOD"
"9432349e-5e69-4abc-aa38-d049a40996ef","D11","PRIN","PRIN.AOS.groundwater.well.001","PRIN.W1.20190401.PCN","A00000053073","2019-04-01T17:15Z","2019-04-01T17:15Z","EcoCore_CSU","TPN",0.0837,"milligram",0.0,,0,"formatChange","GOOD"
"bd5f822e-2ef3-4d8a-b37f-dbd7ed64a3e7","D11","PRIN","PRIN.AOS.groundwater.well.001","PRIN.W1.20190401.FIL","A00000052904","2019-04-01T17:15Z","2019-04-01T17:15Z","EcoCore_CSU","F",0.6679,"milligramsPerLiter",0.0,,0,"formatChange","GOOD"
"868ae3ec-70db-467f-93a7-6d8385421ca5","D11","PRIN","PRIN.AOS.groundwater.well.001","PRIN.W1.20190401.FIL","A00000052904","2019-04-01T17:15Z","2019-04-01T17:15Z","EcoCore_CSU","TDS",279.8500,"milligramsPerLiter",0.0,,0,"formatChange","GOOD"
"bc4bfafc-5559-4621-b161-26cdb15d8729","D11","PRIN","PRIN.AOS.groundwater.well.001","PRIN.W1.20190401.RAW","A00000052923","2019-04-01T17:15Z","2019-04-01T17:15Z","EcoCore_CSU","TP",1.4380,"milligramsPerLiter",0.0,,0,"formatChange","GOOD"
"89da7c21-8227-4183-9be0-c0e4e1558026","D11","PRIN","PRIN.AOS.groundwater.well.001","PRIN.W1.20190401.FIL","A00000052904","2019-04-01T17:15Z","2019-04-01T17:15Z","EcoCore_CSU","NO3+NO2 - N",-0.0571,"milligramsPerLiter",0.0,,0,"formatChange","GOOD"
"35f6e00c-0bc4-43ab-b225-0053f82c98c6","D11","PRIN","PRIN.AOS.groundwater.well.001","PRIN.W1.20190401.RAW","A00000052923","2019-04-01T17:15Z","2019-04-01T17:15Z","EcoCore_CSU","TSS",14.0000,"milligramsPerLiter",0.0,,0,"formatChange","GOOD"
"8530f958-a915-4ded-9608-74bd8e30ee93","D11","PRIN","PRIN.AOS.groundwater.well.001","PRIN.W1.20190401.FIL","A00000052904","2019-04-01T17:15Z","2019-04-01T17:15Z","EcoCore_CSU","Cl",12.7208,"milligramsPerLiter",0.0,,0,"formatChange","GOOD"
"be30fa3a-4864-4183-932b-d0aa1ff08ed2","D11","PRIN","PRIN.AOS.groundwater.well.001","PRIN.W1.20190401.FIL","A00000052904","2019-04-01T17:15Z","2019-04-01T17:15Z","EcoCore_CSU","CO3",0.0050,"milligramsPerLiter",0.0,,0,"formatChange","GOOD"
"a0ea82ca-9fca-4890-996c-d915aab16ea3","D11","PRIN","PRIN.AOS.groundwater.well.001","PRIN.W1.20190401.FIL","A00000052904","2019-04-01T17:15Z","2019-04-01T17:15Z","EcoCore_CSU","NO2 - N",-0.1413,"milligramsPerLiter",0.0,,0,"formatChange","GOOD"
"3db4af49-2337-442e-bf80-7a1e73f44fcb","D11","PRIN","PRIN.AOS.groundwater.well.001","PRIN.W1.20190401.RAW","A00000052923","2019-04-01T17:15Z","2019-04-01T17:15Z","EcoCore_CSU","TSS - Dry Mass",700.0000,"microgram",0.0,,0,"formatChange","GOOD"
"48a630b2-f802-4f0e-b987-ce21bb0ccdbd","D11","PRIN","PRIN.AOS.groundwater.well.001","PRIN.W1.20190401.FIL","A00000052904","2019-04-01T17:15Z","2019-04-01T17:15Z","EcoCore_CSU","DIC",45.6700,"milligramsPerLiter",0.0,,0,"formatChange","GOOD"
"674b0902-baff-4537-a4bc-cad867b66a2f","D11","PRIN","PRIN.AOS.groundwater.well.001","PRIN.W1.20190401.FIL","A00000052904","2019-04-01T17:15Z","2019-04-01T17:15Z","EcoCore_CSU","TDP",0.0697,"milligramsPerLiter",0.0,,0,"formatChange","GOOD"
"ce6b4037-1efb-41d2-aca3-4ce49bcf5faf","D11","PRIN","PRIN.AOS.groundwater.well.001","PRIN.W1.20190401.FIL","A00000052904","2019-04-01T17:15Z","2019-04-01T17:15Z","EcoCore_CSU","Si",14.2899,"milligramsPerLiter",0.0,,0,"formatChange","GOOD"
"4c5fd178-253c-4b92-9255-dea998529265","D11","PRIN","PRIN.AOS.groundwater.well.001","PRIN.W1.20190401.RAW","A00000052923","2019-04-01T17:15Z","2019-04-01T17:15Z","EcoCore_CSU","pH",7.1400,"pH",0.0,,0,"formatChange","GOOD"
"1a9d7da7-a337-493f-a87c-7decceb37e4d","D11","PRIN","PRIN.AOS.groundwater.well.001","PRIN.W1.20190401.RAW","A00000052923","2019-04-01T17:15Z","2019-04-01T17:15Z","EcoCore_CSU","TN",0.1650,"milligramsPerLiter",0.0,,0,"formatChange","GOOD"
"970f497e-d5c2-497a-9641-33036aaf3a90","D11","PRIN","PRIN.AOS.groundwater.well.001","PRIN.W1.20190401.FIL","A00000052904","2019-04-01T17:15Z","2019-04-01T17:15Z","EcoCore_CSU","TDN",0.1341,"milligramsPerLiter",0.0,,0,"formatChange","GOOD"
"1c91444c-d60d-4b50-ac8f-6b14649026ae","D11","PRIN","PRIN.AOS.groundwater.well.001","PRIN.W1.20190401.FIL","A00000052904","2019-04-01T17:15Z","2019-04-01T17:15Z","EcoCore_CSU","Na",10.8000,"milligramsPerLiter",0.0,,0,"formatChange","GOOD"
"ee6c52b7-006c-4c68-8bc2-80acedcf2f1c","D11","PRIN","PRIN.AOS.groundwater.well.001","PRIN.W1.20190401.FIL","A00000052904","2019-04-01T17:15Z","2019-04-01T17:15Z","EcoCore_CSU","Ca",55.6450,"milligramsPerLiter",0.0,,0,"formatChange","GOOD"
"7939df7a-05b3-4fc1-823b-b6803ed59286","D11","PRIN","PRIN.AOS.groundwater.well.001","PRIN.W1.20190401.RAW","A00000052923","2019-04-01T17:15Z","2019-04-01T17:15Z","EcoCore_CSU","ANC",3.2700,"milliequivalentsPerLiter",0.0,,0,"formatChange","GOOD"
"bc807672-0779-41a2-b634-34764891221b","D11","PRIN","PRIN.AOS.groundwater.well.001","PRIN.W1.20190401.FIL","A00000052904","2019-04-01T17:15Z","2019-04-01T17:15Z","EcoCore_CSU","NH4 - N",0.0334,"milligramsPerLiter",0.0,,0,"formatChange","GOOD"
"6a0a54a6-1d31-4804-959a-3415a3e27951","D11","PRIN","PRIN.AOS.groundwater.well.001","PRIN.W1.20190401.RAW","A00000052923","2019-04-01T17:15Z","2019-04-01T17:15Z","EcoCore_CSU","conductivity",397.8100,"microsiemensPerCentimeter",0.0,,0,"formatChange","GOOD"
"e82c902d-5c27-41a2-b810-c72f5457e0e6","D11","PRIN","PRIN.AOS.groundwater.well.001","PRIN.W1.20190401.FIL","A00000052904","2019-04-01T17:15Z","2019-04-01T17:15Z","EcoCore_CSU","HCO3",177.2900,"milligramsPerLiter",0.0,,0,"formatChange","GOOD"
"3a4b7f4f-3bd5-4f01-8b49-ffcafa6d5035","D11","PRIN","PRIN.AOS.groundwater.well.001","PRIN.W1.20190401.FIL","A00000052904","2019-04-01T17:15Z","2019-04-01T17:15Z","EcoCore_CSU","Mn",0.1850,"milligramsPerLiter",0.0,,0,"formatChange","GOOD"
"a16d7bc6-fb25-4196-a133-f398d4ec7afe","D11","PRIN","PRIN.AOS.groundwater.well.001","PRIN.W1.20190401.FIL","A00000052904","2019-04-01T17:15Z","2019-04-01T17:15Z","EcoCore_CSU","K",1.0590,"milligramsPerLiter",0.0,,0,"formatChange","GOOD"
"886794d6-84e3-43f6-9ff3-6a736630d1bb","D11","PRIN","PRIN.AOS.groundwater.well.001","PRIN.W1.20190401.FIL","A00000052904","2019-04-01T17:15Z","2019-04-01T17:15Z","EcoCore_CSU","DOC",0.7766,"milligramsPerLiter",0.0,,0,"formatChange","GOOD"
"4ae2d6a7-3db0-4bc5-9edd-cfd0e2bc19e5","D11","PRIN","PRIN.AOS.groundwater.well.001","PRIN.W1.20190401.FIL","A00000052904","2019-04-01T17:15Z","2019-04-01T17:15Z","EcoCore_CSU","SO4",30.0300,"milligramsPerLiter",0.0,,0,"formatChange","GOOD"
"579f2541-2010-4ebb-91fd-912484cb8b14","D11","PRIN","PRIN.AOS.groundwater.well.002","PRIN.W2.20190401.FIL","A00000052913","2019-04-01T19:49Z","2019-04-01T19:49Z","EcoCore_CSU","Na",54.3400,"milligramsPerLiter",1.8,,0,,"OK"
"6aa54c97-2931-4aef-a24d-b872aca420c2","D11","PRIN","PRIN.AOS.groundwater.well.002","PRIN.W2.20190401.FIL","A00000052913","2019-04-01T19:49Z","2019-04-01T19:49Z","EcoCore_CSU","CO3",0.0050,"milligramsPerLiter",1.8,,0,,"OK"
"e1ebaf5e-f96b-4be2-8b8c-daabb8ec41d0","D11","PRIN","PRIN.AOS.groundwater.well.002","PRIN.W2.20190401.FIL","A00000052913","2019-04-01T19:49Z","2019-04-01T19:49Z","EcoCore_CSU","F",2.1473,"milligramsPerLiter",1.8,,0,,"OK"
"c27dd88d-04d3-486c-b445-f0043ed72c5a","D11","PRIN","PRIN.AOS.groundwater.well.002","PRIN.W2.20190401.FIL","A00000052913","2019-04-01T19:49Z","2019-04-01T19:49Z","EcoCore_CSU","Mg",15.6500,"milligramsPerLiter",1.8,,0,,"OK"
"9ab4f6f3-b2e5-41cd-97fc-ab373903fa7d","D11","PRIN","PRIN.AOS.groundwater.well.002","PRIN.W2.20190401.FIL","A00000052913","2019-04-01T19:49Z","2019-04-01T19:49Z","EcoCore_CSU","HCO3",433.2500,"milligramsPerLiter",1.8,,0,,"OK"
"a7057f4e-205d-4987-90df-0849db5b0ea8","D11","PRIN","PRIN.AOS.groundwater.well.002","PRIN.W2.20190401.FIL","A00000052913","2019-04-01T19:49Z","2019-04-01T19:49Z","EcoCore_CSU","Fe",0.0999,"milligramsPerLiter",1.8,,0,,"OK"
"a61421b2-dff2-415d-af57-0a6cf2e7c450","D11","PRIN","PRIN.AOS.groundwater.well.002","PRIN.W2.20190401.FIL","A00000052913","2019-04-01T19:49Z","2019-04-01T19:49Z","EcoCore_CSU","UV Absorbance (280 nm)",0.0172,,1.8,,0,,"OK"
"a11135af-2799-44ad-bc77-aeb7b3ecce08","D11","PRIN","PRIN.AOS.groundwater.well.002","PRIN.W2.20190401.FIL","A00000052913","2019-04-01T19:49Z","2019-04-01T19:49Z","EcoCore_CSU","UV Absorbance (250 nm)",0.0160,,1.8,,0,,"OK"
"8f1348eb-3af1-4509-abd0-e3838bd16bfa","D11","PRIN","PRIN.AOS.groundwater.well.002","PRIN.W2.20190401.FIL","A00000052913","2019-04-01T19:49Z","2019-04-01T19:49Z","EcoCore_CSU","DIC",83.4700,"milligramsPerLiter",1.8,,0,,"OK"
"b62eacbe-bfb9-4969-ab7e-64965dd0b908","D11","PRIN","PRIN.AOS.groundwater.well.002","PRIN.W2.20190401.FIL","A00000052913","2019-04-01T19:49Z","2019-04-01T19:49Z","EcoCore_CSU","TDN",0.3777,"milligramsPerLiter",5.6,,0,,"OK"
"45ca8a97-03a7-4eca-8a54-edc7458146be","D11","PRIN","PRIN.AOS.groundwater.well.002","PRIN.W2.20190401.FIL","A00000052913","2019-04-01T19:49Z","2019-04-01T19:49Z","EcoCore_CSU","DOC",2.5260,"milligramsPerLiter",3.1,,0,,"OK"
"46c972d7-64a1-4f9c-8cbb-41b3fc6ee70f","D11","PRIN","PRIN.AOS.groundwater.well.002","PRIN.W2.20190401.FIL","A00000052913","2019-04-01T19:49Z","2019-04-01T19:49Z","EcoCore_CSU","NO2 - N",-0.1417,"milligramsPerLiter",1.8,,0,,"OK"
"992a1fd0-c8f0-4c26-8031-5259854bc9c3","D11","PRIN","PRIN.AOS.groundwater.well.002","PRIN.W2.20190401.FIL","A00000052913","2019-04-01T19:49Z","2019-04-01T19:49Z","EcoCore_CSU","Ortho - P",0.1900,"milligramsPerLiter",1.8,,0,,"OK"
"d19d64aa-ee93-4dee-98fd-46ab0f46ff6c","D11","PRIN","PRIN.AOS.groundwater.well.002","PRIN.W2.20190401.FIL","A00000052913","2019-04-01T19:49Z","2019-04-01T19:49Z","EcoCore_CSU","NO3+NO2 - N",0.1476,"milligramsPerLiter",1.8,,0,,"OK"
"2eb1b6c7-ef02-480a-8d64-6fee210883bb","D11","PRIN","PRIN.AOS.groundwater.well.002","PRIN.W2.20190401.FIL","A00000052913","2019-04-01T19:49Z","2019-04-01T19:49Z","EcoCore_CSU","NH4 - N",0.0745,"milligramsPerLiter",1.8,,0,,"OK"
"38e1df2b-0981-4f50-93fb-fd14fbf2437f","D11","PRIN","PRIN.AOS.groundwater.well.002","PRIN.W2.20190401.PCN","A00000053074","2019-04-01T19:49Z","2019-04-01T19:49Z","EcoCore_CSU","TPC",0.3351,"milligram",1.8,,0,,"OK"
"bc597fe6-dace-4f43-8a9e-db13d687ba34","D11","PRIN","PRIN.AOS.groundwater.well.002","PRIN.W2.20190401.PCN","A00000053074","2019-04-01T19:49Z","2019-04-01T19:49Z","EcoCore_CSU","TPN",0.0881,"milligram",1.8,,0,,"OK"
"cf99cb97-186b-4059-9fa5-ea7c781f98d5","D11","PRIN","PRIN.AOS.groundwater.well.002","PRIN.W2.20190401.RAW","A00000052922","2019-04-01T19:49Z","2019-04-01T19:49Z","EcoCore_CSU","TN",0.4089,"milligramsPerLiter",1.8,,0,,"OK"
"31b1e7d1-17e5-485b-9a9e-48ce3812c73f","D11","PRIN","PRIN.AOS.groundwater.well.002","PRIN.W2.20190401.RAW","A00000052922","2019-04-01T19:49Z","2019-04-01T19:49Z","EcoCore_CSU","TOC",2.6620,"milligramsPerLiter",1.8,,0,,"OK"
"00df6b42-4cfe-4246-94d5-083af460c4ae","D11","PRIN","PRIN.AOS.groundwater.well.002","PRIN.W2.20190401.RAW","A00000052922","2019-04-01T19:49Z","2019-04-01T19:49Z","EcoCore_CSU","pH",7.1100,"pH",1.8,,0,,"OK"
"feec0df6-64e9-4e05-b439-e5759785a273","D11","PRIN","PRIN.AOS.groundwater.well.002","PRIN.W2.20190401.RAW","A00000052922","2019-04-01T19:49Z","2019-04-01T19:49Z","EcoCore_CSU","TSS - Dry Mass",1500.0000,"microgram",1.8,,0,,"OK"
"f8e4f1f8-9549-49c1-b610-8b6f1b64646c","D11","PRIN","PRIN.AOS.groundwater.well.002","PRIN.W2.20190401.RAW","A00000052922","2019-04-01T19:49Z","2019-04-01T19:49Z","EcoCore_CSU","TSS",30.0000,"milligramsPerLiter",1.8,,0,,"OK"
"ab6524c1-8b38-4f07-bb2a-b6f73752d0eb","D11","PRIN","PRIN.AOS.groundwater.well.002","PRIN.W2.20190401.RAW","A00000052922","2019-04-01T19:49Z","2019-04-01T19:49Z","EcoCore_CSU","conductivity",1094.2500,"microsiemensPerCentimeter",1.8,,0,,"OK"
"9466f83e-6a9d-4c29-9972-626fa8a6beec","D11","PRIN","PRIN.AOS.groundwater.well.002","PRIN.W2.20190401.RAW","A00000052922","2019-04-01T19:49Z","2019-04-01T19:49Z","EcoCore_CSU","ANC",7.6900,"milliequivalentsPerLiter",1.8,,0,,"OK"
"2977dd28-8af1-472c-a9e9-9aeedb0a6d78","D11","PRIN","PRIN.AOS.groundwater.well.002","PRIN.W2.20190401.RAW","A00000052922","2019-04-01T19:49Z","2019-04-01T19:49Z","EcoCore_CSU","TP",0.0530,"milligramsPerLiter",1.8,,0,,"OK"
"06e0298b-3f05-4ba2-b3bd-d5ef226d4158","D11","PRIN","PRIN.AOS.groundwater.well.002","PRIN.W2.20190401.FIL","A00000052913","2019-04-01T19:49Z","2019-04-01T19:49Z","EcoCore_CSU","K",1.2680,"milligramsPerLiter",1.8,,0,,"OK"
"97ccfbfb-eed3-421a-89e7-d23bc2e83d25","D11","PRIN","PRIN.AOS.groundwater.well.002","PRIN.W2.20190401.FIL","A00000052913","2019-04-01T19:49Z","2019-04-01T19:49Z","EcoCore_CSU","TDS",766.4100,"milligramsPerLiter",1.8,,0,,"OK"
"b14b353e-9244-4607-b3a1-f01980d5bcef","D11","PRIN","PRIN.AOS.groundwater.well.002","PRIN.W2.20190401.FIL","A00000052913","2019-04-01T19:49Z","2019-04-01T19:49Z","EcoCore_CSU","Mn",0.3830,"milligramsPerLiter",1.8,,0,,"OK"
"a359b8d6-2d52-4344-b475-a2587388858b","D11","PRIN","PRIN.AOS.groundwater.well.002","PRIN.W2.20190401.FIL","A00000052913","2019-04-01T19:49Z","2019-04-01T19:49Z","EcoCore_CSU","Ca",144.5410,"milligramsPerLiter",1.8,,0,,"OK"
"ee97f5d5-16e5-491c-aeb3-ee1714f20164","D11","PRIN","PRIN.AOS.groundwater.well.002","PRIN.W2.20190401.FIL","A00000052913","2019-04-01T19:49Z","2019-04-01T19:49Z","EcoCore_CSU","Br",0.0050,"milligramsPerLiter",1.8,,0,,"OK"
"1f7975e0-5085-40ca-ae0d-c66a90f39d89","D11","PRIN","PRIN.AOS.groundwater.well.002","PRIN.W2.20190401.FIL","A00000052913","2019-04-01T19:49Z","2019-04-01T19:49Z","EcoCore_CSU","Si",21.3363,"milligramsPerLiter",1.8,,0,,"OK"
"fc27b1f0-aede-4d48-b470-151a8890614e","D11","PRIN","PRIN.AOS.groundwater.well.002","PRIN.W2.20190401.FIL","A00000052913","2019-04-01T19:49Z","2019-04-01T19:49Z","EcoCore_CSU","SO4",33.0600,"milligramsPerLiter",1.8,,0,,"OK"
"316cf5b9-7afb-4390-9a2a-04ab752cbf5d","D11","PRIN","PRIN.AOS.groundwater.well.002","PRIN.W2.20190401.FIL","A00000052913","2019-04-01T19:49Z","2019-04-01T19:49Z","EcoCore_CSU","Cl",105.8477,"milligramsPerLiter",1.8,,0,,"OK"
"ade0d5ef-a87c-40f8-a5cf-b77eaec671e6","D11","PRIN","PRIN.AOS.groundwater.well.002","PRIN.W2.20190401.FIL","A00000052913","2019-04-01T19:49Z","2019-04-01T19:49Z","EcoCore_CSU","TDP",0.0474,"milligramsPerLiter",1.8,,0,,"OK"
"75615fab-ea9c-4f1e-bf34-cbc0e96f1fbb","D11","PRIN","PRIN.AOS.groundwater.well.004","PRIN.W4.20190403.RAW","A00000052917","2019-04-03T15:20Z","2019-04-03T15:20Z","EcoCore_CSU","TP",0.4040,"milligramsPerLiter",0.3,,0,"formatChange","GOOD"
"42abdb62-2ba4-416e-aad8-fd9126f4b77a","D11","PRIN","PRIN.AOS.groundwater.well.004","PRIN.W4.20190403.FIL","A00000052910","2019-04-03T15:20Z","2019-04-03T15:20Z","EcoCore_CSU","Br",0.0050,"milligramsPerLiter",0.3,,0,"formatChange","GOOD"
"ba6c8388-d3ed-4009-b668-4d754bd7e1b4","D11","PRIN","PRIN.AOS.groundwater.well.004","PRIN.W4.20190403.FIL","A00000052910","2019-04-03T15:20Z","2019-04-03T15:20Z","EcoCore_CSU","K",1.9730,"milligramsPerLiter",0.3,,0,"formatChange","GOOD"
"7d2424b9-c35d-4332-8aae-89998cc89082","D11","PRIN","PRIN.AOS.groundwater.well.004","PRIN.W4.20190403.FIL","A00000052910","2019-04-03T15:20Z","2019-04-03T15:20Z","EcoCore_CSU","UV Absorbance (250 nm)",0.0231,,0.3,,0,"formatChange","GOOD"
"37bcedae-e152-4be3-b6f5-e8406a108642","D11","PRIN","PRIN.AOS.groundwater.well.004","PRIN.W4.20190403.FIL","A00000052910","2019-04-03T15:20Z","2019-04-03T15:20Z","EcoCore_CSU","TDP",0.1386,"milligramsPerLiter",0.3,,0,"formatChange","GOOD"
"33740af4-3712-45bb-ac2f-3777736c94a1","D11","PRIN","PRIN.AOS.groundwater.well.004","PRIN.W4.20190403.FIL","A00000052910","2019-04-03T15:20Z","2019-04-03T15:20Z","EcoCore_CSU","Ca",115.8730,"milligramsPerLiter",0.3,,0,"formatChange","GOOD"
"f4f7facd-41e7-4210-9ac8-55b00eb9e852","D11","PRIN","PRIN.AOS.groundwater.well.004","PRIN.W4.20190403.FIL","A00000052910","2019-04-03T15:20Z","2019-04-03T15:20Z","EcoCore_CSU","DOC",1.1740,"milligramsPerLiter",0.3,,0,"formatChange","GOOD"
"4c9b9bc5-dbfe-436f-929a-1261101950a8","D11","PRIN","PRIN.AOS.groundwater.well.004","PRIN.W4.20190403.RAW","A00000052917","2019-04-03T15:20Z","2019-04-03T15:20Z","EcoCore_CSU","TSS",6.0000,"milligramsPerLiter",0.3,,0,"formatChange","GOOD"
"025f3388-2980-4cbf-9ff8-40bc294ebc59","D11","PRIN","PRIN.AOS.groundwater.well.004","PRIN.W4.20190403.RAW","A00000052917","2019-04-03T15:20Z","2019-04-03T15:20Z","EcoCore_CSU","TOC",1.1650,"milligramsPerLiter",0.3,,0,"formatChange","GOOD"
"75929c16-faf8-4881-b1c9-5277135ed2bf","D11","PRIN","PRIN.AOS.groundwater.well.004","PRIN.W4.20190403.FIL","A00000052910","2019-04-03T15:20Z","2019-04-03T15:20Z","EcoCore_CSU","Si",18.9232,"milligramsPerLiter",0.3,,0,"formatChange","GOOD"
"4653b8a8-da4a-4ac5-b811-7261dd74ab8b","D11","PRIN","PRIN.AOS.groundwater.well.004","PRIN.W4.20190403.RAW","A00000052917","2019-04-03T15:20Z","2019-04-03T15:20Z","EcoCore_CSU","conductivity",946.6600,"microsiemensPerCentimeter",0.3,,0,"formatChange","GOOD"
"3096025e-ec53-43f6-aa28-bfce3409e034","D11","PRIN","PRIN.AOS.groundwater.well.004","PRIN.W4.20190403.FIL","A00000052910","2019-04-03T15:20Z","2019-04-03T15:20Z","EcoCore_CSU","UV Absorbance (280 nm)",0.0158,,0.3,,0,"formatChange","GOOD"
"1439684b-ae5a-4be1-944e-3590373dfda0","D11","PRIN","PRIN.AOS.groundwater.well.004","PRIN.W4.20190403.FIL","A00000052910","2019-04-03T15:20Z","2019-04-03T15:20Z","EcoCore_CSU","TDS",661.4700,"milligramsPerLiter",0.3,,0,"formatChange","GOOD"
"023344d5-8e56-4f79-bb6e-a7318f3a144d","D11","PRIN","PRIN.AOS.groundwater.well.004","PRIN.W4.20190403.FIL","A00000052910","2019-04-03T15:20Z","2019-04-03T15:20Z","EcoCore_CSU","Fe",0.0005,"milligramsPerLiter",0.3,,0,"formatChange","GOOD"
"e0f340b4-a64a-4248-a31e-58c47113d557","D11","PRIN","PRIN.AOS.groundwater.well.004","PRIN.W4.20190403.FIL","A00000052910","2019-04-03T15:20Z","2019-04-03T15:20Z","EcoCore_CSU","NO2 - N",-0.1441,"milligramsPerLiter",0.3,,0,"formatChange","GOOD"
"36b1434f-54c6-4e7b-96b3-133ba68e3975","D11","PRIN","PRIN.AOS.groundwater.well.004","PRIN.W4.20190403.PCN","A00000053148","2019-04-03T15:20Z","2019-04-03T15:20Z","EcoCore_CSU","TPC",0.2849,"milligram",0.3,,0,"formatChange","GOOD"
"27a11a4b-8636-4538-8d6d-b8b8404179d9","D11","PRIN","PRIN.AOS.groundwater.well.004","PRIN.W4.20190403.FIL","A00000052910","2019-04-03T15:20Z","2019-04-03T15:20Z","EcoCore_CSU","HCO3",320.1500,"milligramsPerLiter",0.3,,0,"formatChange","GOOD"
"1b60e375-194c-4911-94a3-e04b5737dc41","D11","PRIN","PRIN.AOS.groundwater.well.004","PRIN.W4.20190403.FIL","A00000052910","2019-04-03T15:20Z","2019-04-03T15:20Z","EcoCore_CSU","Cl",115.8271,"milligramsPerLiter",0.3,,0,"formatChange","GOOD"
"087f5057-83c7-4fde-8f20-b56d86d2602d","D11","PRIN","PRIN.AOS.groundwater.well.004","PRIN.W4.20190403.RAW","A00000052917","2019-04-03T15:20Z","2019-04-03T15:20Z","EcoCore_CSU","ANC",5.4300,"milliequivalentsPerLiter",0.3,,0,"formatChange","GOOD"
"60e9d12e-cf8c-400b-9536-be20a365edb5","D11","PRIN","PRIN.AOS.groundwater.well.004","PRIN.W4.20190403.FIL","A00000052910","2019-04-03T15:20Z","2019-04-03T15:20Z","EcoCore_CSU","SO4",37.1700,"milligramsPerLiter",0.3,,0,"formatChange","GOOD"
"6169bfd4-41bf-42d3-87f3-e3822ce34218","D11","PRIN","PRIN.AOS.groundwater.well.004","PRIN.W4.20190403.FIL","A00000052910","2019-04-03T15:20Z","2019-04-03T15:20Z","EcoCore_CSU","Mg",21.0200,"milligramsPerLiter",0.3,,0,"formatChange","GOOD"
"bdd41859-cd59-4f28-9322-a5c9d21a2fa2","D11","PRIN","PRIN.AOS.groundwater.well.004","PRIN.W4.20190403.FIL","A00000052910","2019-04-03T15:20Z","2019-04-03T15:20Z","EcoCore_CSU","F",2.3462,"milligramsPerLiter",0.3,,0,"formatChange","GOOD"
"81745a20-a18f-4fb9-ac2a-cd63d792b451","D11","PRIN","PRIN.AOS.groundwater.well.004","PRIN.W4.20190403.PCN","A00000053148","2019-04-03T15:20Z","2019-04-03T15:20Z","EcoCore_CSU","TPN",0.0993,"milligram",0.3,,0,"formatChange","GOOD"
"a687f348-3cd7-4fcb-91ec-2e643533276c","D11","PRIN","PRIN.AOS.groundwater.well.004","PRIN.W4.20190403.RAW","A00000052917","2019-04-03T15:20Z","2019-04-03T15:20Z","EcoCore_CSU","TN",0.0863,"milligramsPerLiter",0.3,,0,"formatChange","GOOD"
"28dac4dd-73fb-4fbc-bca4-b45b80e05fae","D11","PRIN","PRIN.AOS.groundwater.well.004","PRIN.W4.20190403.FIL","A00000052910","2019-04-03T15:20Z","2019-04-03T15:20Z","EcoCore_CSU","Ortho - P",0.1280,"milligramsPerLiter",0.3,,0,"formatChange","GOOD"
"b3eb7d4c-f632-48a1-bd7e-25009327cf87","D11","PRIN","PRIN.AOS.groundwater.well.004","PRIN.W4.20190403.FIL","A00000052910","2019-04-03T15:20Z","2019-04-03T15:20Z","EcoCore_CSU","DIC",81.7700,"milligramsPerLiter",0.3,,0,"formatChange","GOOD"
"ebd95dd1-ae37-4bf6-b78d-ab2fa5230338","D11","PRIN","PRIN.AOS.groundwater.well.004","PRIN.W4.20190403.RAW","A00000052917","2019-04-03T15:20Z","2019-04-03T15:20Z","EcoCore_CSU","pH",7.2100,"pH",0.3,,0,"formatChange","GOOD"
"553fcf6f-c1b4-49fe-9b2a-8ae95f21edd6","D11","PRIN","PRIN.AOS.groundwater.well.004","PRIN.W4.20190403.FIL","A00000052910","2019-04-03T15:20Z","2019-04-03T15:20Z","EcoCore_CSU","Mn",0.0060,"milligramsPerLiter",0.3,,0,"formatChange","GOOD"
"9a461bdf-cefc-4f79-8941-e45144d98108","D11","PRIN","PRIN.AOS.groundwater.well.004","PRIN.W4.20190403.FIL","A00000052910","2019-04-03T15:20Z","2019-04-03T15:20Z","EcoCore_CSU","NH4 - N",0.0138,"milligramsPerLiter",0.3,,0,"formatChange","GOOD"
"07ad9c18-2bf1-41b4-a0a1-b6ff772a2e73","D11","PRIN","PRIN.AOS.groundwater.well.004","PRIN.W4.20190403.FIL","A00000052910","2019-04-03T15:20Z","2019-04-03T15:20Z","EcoCore_CSU","TDN",0.1363,"milligramsPerLiter",0.3,,0,"formatChange","GOOD"
"1fbc5e1f-a3df-426b-8daa-99e2423ab4be","D11","PRIN","PRIN.AOS.groundwater.well.004","PRIN.W4.20190403.FIL","A00000052910","2019-04-03T15:20Z","2019-04-03T15:20Z","EcoCore_CSU","CO3",0.0050,"milligramsPerLiter",0.3,,0,"formatChange","GOOD"
"1ee32b9f-30be-49b4-b3ce-527a7e94e76d","D11","PRIN","PRIN.AOS.groundwater.well.004","PRIN.W4.20190403.FIL","A00000052910","2019-04-03T15:20Z","2019-04-03T15:20Z","EcoCore_CSU","Na",42.7900,"milligramsPerLiter",0.3,,0,"formatChange","GOOD"
"30d604ce-4716-41bf-92a2-230259bd3c86","D11","PRIN","PRIN.AOS.groundwater.well.004","PRIN.W4.20190403.FIL","A00000052910","2019-04-03T15:20Z","2019-04-03T15:20Z","EcoCore_CSU","NO3+NO2 - N",-0.0862,"milligramsPerLiter",0.3,,0,"formatChange","GOOD"
"94d3d969-5e07-4269-82fe-c37ccbf51420","D11","PRIN","PRIN.AOS.groundwater.well.004","PRIN.W4.20190403.RAW","A00000052917","2019-04-03T15:20Z","2019-04-03T15:20Z","EcoCore_CSU","TSS - Dry Mass",300.0000,"microgram",0.3,,0,"formatChange","GOOD"
"722abc62-9a9d-4362-95f3-dfc545b83da7","D11","PRIN","PRIN.AOS.groundwater.well.006","PRIN.W6.20190403.RAW","A00000052915","2019-04-03T17:38Z","2019-04-03T17:38Z","EcoCore_CSU","TN",0.0957,"milligramsPerLiter",0.3,,0,"formatChange","GOOD"
"84b3c98e-03a0-4037-b497-ea60b3f982cb","D11","PRIN","PRIN.AOS.groundwater.well.006","PRIN.W6.20190403.FIL","A00000052912","2019-04-03T17:38Z","2019-04-03T17:38Z","EcoCore_CSU","TDN",0.1313,"milligramsPerLiter",0.3,,0,"formatChange","GOOD"
"e44aaabb-b430-4f24-be53-b9025d5eb022","D11","PRIN","PRIN.AOS.groundwater.well.006","PRIN.W6.20190403.FIL","A00000052912","2019-04-03T17:38Z","2019-04-03T17:38Z","EcoCore_CSU","TDS",953.5400,"milligramsPerLiter",0.3,,0,"formatChange","GOOD"
"16fe67f1-48a6-4b5c-b27a-f66e8ed2d9f7","D11","PRIN","PRIN.AOS.groundwater.well.006","PRIN.W6.20190403.FIL","A00000052912","2019-04-03T17:38Z","2019-04-03T17:38Z","EcoCore_CSU","NH4 - N",0.0073,"milligramsPerLiter",0.3,,0,"formatChange","GOOD"
"b03c77c6-e0d6-43ba-9e05-45e4f671baa0","D11","PRIN","PRIN.AOS.groundwater.well.006","PRIN.W6.20190403.FIL","A00000052912","2019-04-03T17:38Z","2019-04-03T17:38Z","EcoCore_CSU","UV Absorbance (250 nm)",0.0102,,0.3,,0,"formatChange","GOOD"
"05167633-e0f3-4996-86e2-f9f8b7a6f454","D11","PRIN","PRIN.AOS.groundwater.well.006","PRIN.W6.20190403.PCN","A00000053149","2019-04-03T17:38Z","2019-04-03T17:38Z","EcoCore_CSU","TPN",0.0917,"milligram",0.3,,0,"formatChange","GOOD"
"7277d9d8-1f00-4632-9481-a006e0b553ce","D11","PRIN","PRIN.AOS.groundwater.well.006","PRIN.W6.20190403.FIL","A00000052912","2019-04-03T17:38Z","2019-04-03T17:38Z","EcoCore_CSU","Mn",0.2390,"milligramsPerLiter",0.3,,0,"formatChange","GOOD"
"dfd1b521-e0d9-4008-92dc-9d1066c90931","D11","PRIN","PRIN.AOS.groundwater.well.006","PRIN.W6.20190403.FIL","A00000052912","2019-04-03T17:38Z","2019-04-03T17:38Z","EcoCore_CSU","TDP",0.0297,"milligramsPerLiter",0.3,,0,"formatChange","GOOD"
"1039ffa7-e1db-4672-b82b-e1ecca96a5b0","D11","PRIN","PRIN.AOS.groundwater.well.006","PRIN.W6.20190403.FIL","A00000052912","2019-04-03T17:38Z","2019-04-03T17:38Z","EcoCore_CSU","Na",74.2000,"milligramsPerLiter",0.3,,0,"formatChange","GOOD"
"ebdb7699-a6fe-4769-864f-1238366e0caa","D11","PRIN","PRIN.AOS.groundwater.well.006","PRIN.W6.20190403.FIL","A00000052912","2019-04-03T17:38Z","2019-04-03T17:38Z","EcoCore_CSU","NO3+NO2 - N",-0.0822,"milligramsPerLiter",0.3,,0,"formatChange","GOOD"
"61f62bbc-daa2-449d-9801-acce16b0bb08","D11","PRIN","PRIN.AOS.groundwater.well.006","PRIN.W6.20190403.FIL","A00000052912","2019-04-03T17:38Z","2019-04-03T17:38Z","EcoCore_CSU","NO2 - N",-0.1433,"milligramsPerLiter",0.3,,0,"formatChange","GOOD"
"bfa6b67a-aa0c-4056-a6e2-b78741315058","D11","PRIN","PRIN.AOS.groundwater.well.006","PRIN.W6.20190403.FIL","A00000052912","2019-04-03T17:38Z","2019-04-03T17:38Z","EcoCore_CSU","Mg",49.9000,"milligramsPerLiter",0.3,,0,"formatChange","GOOD"
"b5e9c266-20fc-4016-8463-5c0d70a20e60","D11","PRIN","PRIN.AOS.groundwater.well.006","PRIN.W6.20190403.FIL","A00000052912","2019-04-03T17:38Z","2019-04-03T17:38Z","EcoCore_CSU","Ca",123.5420,"milligramsPerLiter",0.3,,0,"formatChange","GOOD"
"61162966-a04e-4ccf-a88b-5bb7ac8518b6","D11","PRIN","PRIN.AOS.groundwater.well.006","PRIN.W6.20190403.RAW","A00000052915","2019-04-03T17:38Z","2019-04-03T17:38Z","EcoCore_CSU","pH",7.2000,"pH",0.3,,0,"formatChange","GOOD"
"2d7eefa7-0325-405d-aac7-b279bda596a6","D11","PRIN","PRIN.AOS.groundwater.well.006","PRIN.W6.20190403.FIL","A00000052912","2019-04-03T17:38Z","2019-04-03T17:38Z","EcoCore_CSU","Si",9.4923,"milligramsPerLiter",0.3,,0,"formatChange","GOOD"
"08652990-2ad4-44b3-aaeb-04c7d0247330","D11","PRIN","PRIN.AOS.groundwater.well.006","PRIN.W6.20190403.FIL","A00000052912","2019-04-03T17:38Z","2019-04-03T17:38Z","EcoCore_CSU","DOC",1.0630,"milligramsPerLiter",0.3,,0,"formatChange","GOOD"
"d34daca8-2d1e-49da-83f2-8e647f56a7e8","D11","PRIN","PRIN.AOS.groundwater.well.006","PRIN.W6.20190403.FIL","A00000052912","2019-04-03T17:38Z","2019-04-03T17:38Z","EcoCore_CSU","DIC",74.3600,"milligramsPerLiter",0.3,,0,"formatChange","GOOD"
"7cfaaf38-90f6-4c6c-b051-9d220bda96b1","D11","PRIN","PRIN.AOS.groundwater.well.006","PRIN.W6.20190403.FIL","A00000052912","2019-04-03T17:38Z","2019-04-03T17:38Z","EcoCore_CSU","CO3",0.0050,"milligramsPerLiter",0.3,,0,"formatChange","GOOD"
"e4297489-b233-4d5f-8f2d-a12452504660","D11","PRIN","PRIN.AOS.groundwater.well.006","PRIN.W6.20190403.PCN","A00000053149","2019-04-03T17:38Z","2019-04-03T17:38Z","EcoCore_CSU","TPC",0.3161,"milligram",0.3,,0,"formatChange","GOOD"
"e4e5dbe9-25d0-4ad7-83fd-1fa463d95675","D11","PRIN","PRIN.AOS.groundwater.well.006","PRIN.W6.20190403.FIL","A00000052912","2019-04-03T17:38Z","2019-04-03T17:38Z","EcoCore_CSU","HCO3",274.6200,"milligramsPerLiter",0.3,,0,"formatChange","GOOD"
"3787ffdc-012b-47e2-ac58-597d5cf67731","D11","PRIN","PRIN.AOS.groundwater.well.006","PRIN.W6.20190403.FIL","A00000052912","2019-04-03T17:38Z","2019-04-03T17:38Z","EcoCore_CSU","Fe",0.0005,"milligramsPerLiter",0.3,,0,"formatChange","GOOD"
"ea5063c9-5ba7-401a-91c3-e78d3448b1b9","D11","PRIN","PRIN.AOS.groundwater.well.006","PRIN.W6.20190403.RAW","A00000052915","2019-04-03T17:38Z","2019-04-03T17:38Z","EcoCore_CSU","TOC",0.8489,"milligramsPerLiter",0.3,,0,"formatChange","GOOD"
"0d5fadce-956c-4a00-9c44-8edf9627aaef","D11","PRIN","PRIN.AOS.groundwater.well.006","PRIN.W6.20190403.FIL","A00000052912","2019-04-03T17:38Z","2019-04-03T17:38Z","EcoCore_CSU","Br",0.0050,"milligramsPerLiter",0.3,,0,"formatChange","GOOD"
"35cdc6c9-3079-42b2-ae7a-82399097fa9f","D11","PRIN","PRIN.AOS.groundwater.well.006","PRIN.W6.20190403.FIL","A00000052912","2019-04-03T17:38Z","2019-04-03T17:38Z","EcoCore_CSU","SO4",407.1000,"milligramsPerLiter",0.3,,0,"formatChange","GOOD"
"0388b886-929e-46cf-b913-16eb22b7a984","D11","PRIN","PRIN.AOS.groundwater.well.006","PRIN.W6.20190403.FIL","A00000052912","2019-04-03T17:38Z","2019-04-03T17:38Z","EcoCore_CSU","UV Absorbance (280 nm)",0.0061,,0.3,,0,"formatChange","GOOD"
"265acf2f-25d6-4662-b6ff-d89ea1ce7b18","D11","PRIN","PRIN.AOS.groundwater.well.006","PRIN.W6.20190403.RAW","A00000052915","2019-04-03T17:38Z","2019-04-03T17:38Z","EcoCore_CSU","TSS - Dry Mass",300.0000,"microgram",0.3,,0,"formatChange","GOOD"
"2f2b76bb-5de8-4e22-a455-3ac2b865d18e","D11","PRIN","PRIN.AOS.groundwater.well.006","PRIN.W6.20190403.FIL","A00000052912","2019-04-03T17:38Z","2019-04-03T17:38Z","EcoCore_CSU","F",3.1347,"milligramsPerLiter",0.3,,0,"formatChange","GOOD"
"7ef60031-257d-4d97-b95f-e2f9a24b02ef","D11","PRIN","PRIN.AOS.groundwater.well.006","PRIN.W6.20190403.FIL","A00000052912","2019-04-03T17:38Z","2019-04-03T17:38Z","EcoCore_CSU","Ortho - P",0.0470,"milligramsPerLiter",0.3,,0,"formatChange","GOOD"
"e8490bf7-48ea-436d-929c-12ce367c52ef","D11","PRIN","PRIN.AOS.groundwater.well.006","PRIN.W6.20190403.FIL","A00000052912","2019-04-03T17:38Z","2019-04-03T17:38Z","EcoCore_CSU","K",2.9120,"milligramsPerLiter",0.3,,0,"formatChange","GOOD"
"53f4642a-f158-44d2-9389-c1262b5ed25f","D11","PRIN","PRIN.AOS.groundwater.well.006","PRIN.W6.20190403.RAW","A00000052915","2019-04-03T17:38Z","2019-04-03T17:38Z","EcoCore_CSU","conductivity",1364.1500,"microsiemensPerCentimeter",0.3,,0,"formatChange","GOOD"
"0968051c-efb7-4483-9dc9-5fa1979ef18e","D11","PRIN","PRIN.AOS.groundwater.well.006","PRIN.W6.20190403.RAW","A00000052915","2019-04-03T17:38Z","2019-04-03T17:38Z","EcoCore_CSU","TP",0.2490,"milligramsPerLiter",0.3,,0,"formatChange","GOOD"
"a500ef00-58a4-44dd-9e9e-c82c6d262fa9","D11","PRIN","PRIN.AOS.groundwater.well.006","PRIN.W6.20190403.FIL","A00000052912","2019-04-03T17:38Z","2019-04-03T17:38Z","EcoCore_CSU","Cl",16.2500,"milligramsPerLiter",0.3,,0,"formatChange","GOOD"
"c061686c-610b-4f3e-aed1-c380eb0d6416","D11","PRIN","PRIN.AOS.groundwater.well.006","PRIN.W6.20190403.RAW","A00000052915","2019-04-03T17:38Z","2019-04-03T17:38Z","EcoCore_CSU","ANC",4.6600,"milliequivalentsPerLiter",0.3,,0,"formatChange","GOOD"
"e76b3bb7-ef82-4a90-9965-203f02aea416","D11","PRIN","PRIN.AOS.groundwater.well.006","PRIN.W6.20190403.RAW","A00000052915","2019-04-03T17:38Z","2019-04-03T17:38Z","EcoCore_CSU","TSS",6.0000,"milligramsPerLiter",0.3,,0,"formatChange","GOOD"
