uid,domainID,siteID,namedLocation,collectDate,titrationDate,parentSampleID,domainSampleID,remarks,measuredBy,alkMeqPerL,alkMgPerL,ancMeqPerL,ancMgPerL
"30808bf7-bb20-4c8f-b116-19e2d167cfd0","D08","MAYF","MAYF.AOS.groundwater.well.001","2019-03-06T15:40Z","2019-03-06T22:00Z","MAYF.W1.20190306","MAYF.W1.20190306.ALK",,"Kiersten Miller",0.130,6.540,,
"3e06a466-6782-48cb-abeb-7f31b4c70b04","D08","MAYF","MAYF.AOS.groundwater.well.002","2019-03-06T16:28Z","2019-03-06T22:15Z","MAYF.W2.20190306","MAYF.W2.20190306.ALK",,"Kiersten Miller",0.010,0.490,,
"4fabb3b1-db27-4879-9c19-62f085073685","D08","MAYF","MAYF.AOS.groundwater.well.008","2019-03-06T17:11Z","2019-03-06T20:34Z","MAYF.W8.20190306","MAYF.W8.20190306.ALK",,"Matt Koerner",0.040,1.770,,
"69ff6c18-8037-449c-bdc6-5d4ff7900207","D08","MAYF","MAYF.AOS.groundwater.well.007","2019-03-06T17:56Z","2019-03-06T21:13Z","MAYF.W7.20190306","MAYF.W7.20190306.ALK",,"Matt Koerner",0.090,4.440,,
