uid,domainID,siteID,namedLocation,sampleID,sampleCode,startDate,collectDate,laboratoryName,analyte,analyteConcentration,analyteUnits,coolerTemp,remarks,shipmentWarmQF,externalLabDataQF,sampleCondition
"5068352d-f1ec-4ad9-acf5-61952d5af071","D08","MAYF","MAYF.AOS.groundwater.well.001","MAYF.W1.20190306.FIL","A00000048447","2019-03-06T15:40Z","2019-03-06T15:40Z","EcoCore_CSU","HCO3",,"milligramsPerLiter",3.4,"Unknown reason for no analyte concentration as a result of external lab data format change",0,"formatChange","Other"
"405de1be-91a0-4de6-91b6-a9864fa1769f","D08","MAYF","MAYF.AOS.groundwater.well.001","MAYF.W1.20190306.FIL","A00000048447","2019-03-06T15:40Z","2019-03-06T15:40Z","EcoCore_CSU","CO3",,"milligramsPerLiter",3.4,"Unknown reason for no analyte concentration as a result of external lab data format change",0,"formatChange","Other"
"7c496228-b888-4d80-9bb3-25ad0cb01fb4","D08","MAYF","MAYF.AOS.groundwater.well.001","MAYF.W1.20190306.FIL","A00000048447","2019-03-06T15:40Z","2019-03-06T15:40Z","EcoCore_CSU","TDN",,"milligramsPerLiter",3.4,"Unknown reason for no analyte concentration as a result of external lab data format change",0,"formatChange","Other"
"0c1e87f5-3a40-4630-a1ba-529ffc8616d9","D08","MAYF","MAYF.AOS.groundwater.well.001","MAYF.W1.20190306.RAW","A00000048333","2019-03-06T15:40Z","2019-03-06T15:40Z","EcoCore_CSU","conductivity",8.8100,"microsiemensPerCentimeter",3.4,,0,"formatChange","GOOD"
"68452903-c93c-4ea7-a184-d2d2ac49746c","D08","MAYF","MAYF.AOS.groundwater.well.001","MAYF.W1.20190306.RAW","A00000048333","2019-03-06T15:40Z","2019-03-06T15:40Z","EcoCore_CSU","pH",5.7800,"pH",3.4,,0,"formatChange","GOOD"
"bcd26934-6493-4e2f-b46f-4bcb6d396224","D08","MAYF","MAYF.AOS.groundwater.well.001","MAYF.W1.20190306.FIL","A00000048447","2019-03-06T15:40Z","2019-03-06T15:40Z","EcoCore_CSU","TDP",,"milligramsPerLiter",3.4,"Unknown reason for no analyte concentration as a result of external lab data format change",0,"formatChange","Other"
"bb08318b-fcb3-464d-90d5-646ebcc149dc","D08","MAYF","MAYF.AOS.groundwater.well.001","MAYF.W1.20190306.FIL","A00000048447","2019-03-06T15:40Z","2019-03-06T15:40Z","EcoCore_CSU","NO2 - N",,"milligramsPerLiter",3.4,"Unknown reason for no analyte concentration as a result of external lab data format change",0,"formatChange","Other"
"eefe7e0b-d9f6-4755-8db6-bc080b67fb93","D08","MAYF","MAYF.AOS.groundwater.well.001","MAYF.W1.20190306.FIL","A00000048447","2019-03-06T15:40Z","2019-03-06T15:40Z","EcoCore_CSU","NO3+NO2 - N",,"milligramsPerLiter",3.4,"Unknown reason for no analyte concentration as a result of external lab data format change",0,"formatChange","Other"
"869f2981-6da0-4404-b3d2-cc82f21ef9a8","D08","MAYF","MAYF.AOS.groundwater.well.001","MAYF.W1.20190306.FIL","A00000048447","2019-03-06T15:40Z","2019-03-06T15:40Z","EcoCore_CSU","SO4",,"milligramsPerLiter",3.4,"Unknown reason for no analyte concentration as a result of external lab data format change",0,"formatChange","Other"
"21bd8e52-af2c-407a-bc00-72d2298529d6","D08","MAYF","MAYF.AOS.groundwater.well.001","MAYF.W1.20190306.FIL","A00000048447","2019-03-06T15:40Z","2019-03-06T15:40Z","EcoCore_CSU","UV Absorbance (250 nm)",,,3.4,"Unknown reason for no analyte concentration as a result of external lab data format change",0,"formatChange","Other"
"30db1218-643a-49cf-a2d7-111e791dca17","D08","MAYF","MAYF.AOS.groundwater.well.001","MAYF.W1.20190306.PCN","A00000048481","2019-03-06T15:40Z","2019-03-06T15:40Z","EcoCore_CSU","TPC",0.4007,"milligram",3.4,,0,"formatChange","GOOD"
"e1c2617f-7459-436f-af21-4ce6c91266c9","D08","MAYF","MAYF.AOS.groundwater.well.001","MAYF.W1.20190306.RAW","A00000048333","2019-03-06T15:40Z","2019-03-06T15:40Z","EcoCore_CSU","TSS - Dry Mass",2200.0000,"microgram",3.4,,0,"formatChange","GOOD"
"b458d5bb-498a-48db-b46c-f60f865487e2","D08","MAYF","MAYF.AOS.groundwater.well.001","MAYF.W1.20190306.FIL","A00000048447","2019-03-06T15:40Z","2019-03-06T15:40Z","EcoCore_CSU","K",,"milligramsPerLiter",3.4,"Unknown reason for no analyte concentration as a result of external lab data format change",0,"formatChange","Other"
"6198133b-1d3a-42b6-811c-af239f629842","D08","MAYF","MAYF.AOS.groundwater.well.001","MAYF.W1.20190306.RAW","A00000048333","2019-03-06T15:40Z","2019-03-06T15:40Z","EcoCore_CSU","TSS",44.0000,"milligramsPerLiter",3.4,,0,"formatChange","GOOD"
"2c9d880a-4a84-47cc-b5eb-95e7c2b4e819","D08","MAYF","MAYF.AOS.groundwater.well.001","MAYF.W1.20190306.FIL","A00000048447","2019-03-06T15:40Z","2019-03-06T15:40Z","EcoCore_CSU","Mn",,"milligramsPerLiter",3.4,"Unknown reason for no analyte concentration as a result of external lab data format change",0,"formatChange","Other"
"ec4a152e-9a49-4aca-a843-4bd198d777de","D08","MAYF","MAYF.AOS.groundwater.well.001","MAYF.W1.20190306.FIL","A00000048447","2019-03-06T15:40Z","2019-03-06T15:40Z","EcoCore_CSU","Ca",,"milligramsPerLiter",3.4,"Unknown reason for no analyte concentration as a result of external lab data format change",0,"formatChange","Other"
"d6afbc9b-4ef4-4c91-ad1e-0d777cccea8d","D08","MAYF","MAYF.AOS.groundwater.well.001","MAYF.W1.20190306.FIL","A00000048447","2019-03-06T15:40Z","2019-03-06T15:40Z","EcoCore_CSU","Fe",,"milligramsPerLiter",3.4,"Unknown reason for no analyte concentration as a result of external lab data format change",0,"formatChange","Other"
"97d7b84f-5dcf-423e-8e7e-1e81be133510","D08","MAYF","MAYF.AOS.groundwater.well.001","MAYF.W1.20190306.FIL","A00000048447","2019-03-06T15:40Z","2019-03-06T15:40Z","EcoCore_CSU","TDS",,"milligramsPerLiter",3.4,"Unknown reason for no analyte concentration as a result of external lab data format change",0,"formatChange","Other"
"76a668c7-e2be-49eb-a70b-72cc5e2920d5","D08","MAYF","MAYF.AOS.groundwater.well.001","MAYF.W1.20190306.FIL","A00000048447","2019-03-06T15:40Z","2019-03-06T15:40Z","EcoCore_CSU","DIC",,"milligramsPerLiter",3.4,"Unknown reason for no analyte concentration as a result of external lab data format change",0,"formatChange","Other"
"2caa8fa9-cc75-4183-84c8-4b9b8d14cf66","D08","MAYF","MAYF.AOS.groundwater.well.001","MAYF.W1.20190306.FIL","A00000048447","2019-03-06T15:40Z","2019-03-06T15:40Z","EcoCore_CSU","Mg",,"milligramsPerLiter",3.4,"Unknown reason for no analyte concentration as a result of external lab data format change",0,"formatChange","Other"
"171deaf8-aa08-4bbf-a5a6-b14f9e01c862","D08","MAYF","MAYF.AOS.groundwater.well.001","MAYF.W1.20190306.RAW","A00000048333","2019-03-06T15:40Z","2019-03-06T15:40Z","EcoCore_CSU","TN",0.1190,"milligramsPerLiter",3.4,,0,"formatChange","GOOD"
"b5797e30-7d2b-4afd-be55-a06829afac59","D08","MAYF","MAYF.AOS.groundwater.well.001","MAYF.W1.20190306.FIL","A00000048447","2019-03-06T15:40Z","2019-03-06T15:40Z","EcoCore_CSU","DOC",,"milligramsPerLiter",3.4,"Unknown reason for no analyte concentration as a result of external lab data format change",0,"formatChange","Other"
"6eff48f3-3093-49a4-babe-b4dc6da05754","D08","MAYF","MAYF.AOS.groundwater.well.001","MAYF.W1.20190306.FIL","A00000048447","2019-03-06T15:40Z","2019-03-06T15:40Z","EcoCore_CSU","Ortho - P",,"milligramsPerLiter",3.4,"Unknown reason for no analyte concentration as a result of external lab data format change",0,"formatChange","Other"
"01ea6945-6eb4-48e6-a7ab-ebe3b29adb55","D08","MAYF","MAYF.AOS.groundwater.well.001","MAYF.W1.20190306.RAW","A00000048333","2019-03-06T15:40Z","2019-03-06T15:40Z","EcoCore_CSU","ANC",0.0300,"milliequivalentsPerLiter",3.4,,0,"formatChange","GOOD"
"4cd082bf-8fab-4bbf-bd2d-1f8bf2d90ab5","D08","MAYF","MAYF.AOS.groundwater.well.001","MAYF.W1.20190306.FIL","A00000048447","2019-03-06T15:40Z","2019-03-06T15:40Z","EcoCore_CSU","NH4 - N",,"milligramsPerLiter",3.4,"Unknown reason for no analyte concentration as a result of external lab data format change",0,"formatChange","Other"
"c94e7e65-0cbc-493c-9f6a-e0daaaaee4d4","D08","MAYF","MAYF.AOS.groundwater.well.001","MAYF.W1.20190306.FIL","A00000048447","2019-03-06T15:40Z","2019-03-06T15:40Z","EcoCore_CSU","Cl",,"milligramsPerLiter",3.4,"Unknown reason for no analyte concentration as a result of external lab data format change",0,"formatChange","Other"
"9868502b-47a8-423e-80de-ab091caa2cf5","D08","MAYF","MAYF.AOS.groundwater.well.001","MAYF.W1.20190306.FIL","A00000048447","2019-03-06T15:40Z","2019-03-06T15:40Z","EcoCore_CSU","F",,"milligramsPerLiter",3.4,"Unknown reason for no analyte concentration as a result of external lab data format change",0,"formatChange","Other"
"a639d306-d457-462c-a54b-deb180fd0893","D08","MAYF","MAYF.AOS.groundwater.well.001","MAYF.W1.20190306.RAW","A00000048333","2019-03-06T15:40Z","2019-03-06T15:40Z","EcoCore_CSU","TP",0.3150,"milligramsPerLiter",3.4,,0,"formatChange","GOOD"
"ec471004-d4bd-473a-80a3-52500c0e6878","D08","MAYF","MAYF.AOS.groundwater.well.001","MAYF.W1.20190306.FIL","A00000048447","2019-03-06T15:40Z","2019-03-06T15:40Z","EcoCore_CSU","Br",,"milligramsPerLiter",3.4,"Unknown reason for no analyte concentration as a result of external lab data format change",0,"formatChange","Other"
"3c677833-b508-41b0-8002-c5438555e171","D08","MAYF","MAYF.AOS.groundwater.well.001","MAYF.W1.20190306.FIL","A00000048447","2019-03-06T15:40Z","2019-03-06T15:40Z","EcoCore_CSU","UV Absorbance (280 nm)",,,3.4,"Unknown reason for no analyte concentration as a result of external lab data format change",0,"formatChange","Other"
"eaaa90cc-7f10-4da8-a036-ec8738ce7c7b","D08","MAYF","MAYF.AOS.groundwater.well.001","MAYF.W1.20190306.RAW","A00000048333","2019-03-06T15:40Z","2019-03-06T15:40Z","EcoCore_CSU","TOC",2.4550,"milligramsPerLiter",3.4,,0,"formatChange","GOOD"
"319dfb7d-bb0f-4a8e-917f-d428a07b51c2","D08","MAYF","MAYF.AOS.groundwater.well.001","MAYF.W1.20190306.PCN","A00000048481","2019-03-06T15:40Z","2019-03-06T15:40Z","EcoCore_CSU","TPN",0.1024,"milligram",3.4,,0,"formatChange","GOOD"
"ffee8aaf-7e75-4ce8-8215-a983aa09558e","D08","MAYF","MAYF.AOS.groundwater.well.001","MAYF.W1.20190306.FIL","A00000048447","2019-03-06T15:40Z","2019-03-06T15:40Z","EcoCore_CSU","Si",,"milligramsPerLiter",3.4,"Unknown reason for no analyte concentration as a result of external lab data format change",0,"formatChange","Other"
"62040896-646a-4c65-9223-4e5bbdac828a","D08","MAYF","MAYF.AOS.groundwater.well.001","MAYF.W1.20190306.FIL","A00000048447","2019-03-06T15:40Z","2019-03-06T15:40Z","EcoCore_CSU","Na",,"milligramsPerLiter",3.4,"Unknown reason for no analyte concentration as a result of external lab data format change",0,"formatChange","Other"
"cdaaf67b-d475-4479-ba5d-f98a682ecaf0","D08","MAYF","MAYF.AOS.groundwater.well.002","MAYF.W2.20190306.FIL","A00000048446","2019-03-06T16:28Z","2019-03-06T16:28Z","EcoCore_CSU","Cl",1.2200,"milligramsPerLiter",3.4,,0,"formatChange","GOOD"
"dfc47b96-9b05-42d9-8672-17d24afb0ad3","D08","MAYF","MAYF.AOS.groundwater.well.002","MAYF.W2.20190306.FIL","A00000048446","2019-03-06T16:28Z","2019-03-06T16:28Z","EcoCore_CSU","CO3",0.0050,"milligramsPerLiter",3.4,,0,"formatChange","GOOD"
"fb9e6ff9-8501-4e43-a9d2-fcfbd7ceea8a","D08","MAYF","MAYF.AOS.groundwater.well.002","MAYF.W2.20190306.FIL","A00000048446","2019-03-06T16:28Z","2019-03-06T16:28Z","EcoCore_CSU","DOC",2.3910,"milligramsPerLiter",3.4,,0,"formatChange","GOOD"
"daaeca5e-725e-426c-8309-596168685d6f","D08","MAYF","MAYF.AOS.groundwater.well.002","MAYF.W2.20190306.RAW","A00000048332","2019-03-06T16:28Z","2019-03-06T16:28Z","EcoCore_CSU","TN",,"milligramsPerLiter",3.4,"Unknown reason for no analyte concentration as a result of external lab data format change",0,"formatChange","Other"
"13d1efb1-4e45-4794-82bb-a40d7b35ff5a","D08","MAYF","MAYF.AOS.groundwater.well.002","MAYF.W2.20190306.FIL","A00000048446","2019-03-06T16:28Z","2019-03-06T16:28Z","EcoCore_CSU","UV Absorbance (250 nm)",0.0155,,3.4,,0,"formatChange","GOOD"
"76241d59-57f9-46b2-9341-5eead36ce34e","D08","MAYF","MAYF.AOS.groundwater.well.002","MAYF.W2.20190306.RAW","A00000048332","2019-03-06T16:28Z","2019-03-06T16:28Z","EcoCore_CSU","pH",,"pH",3.4,"Unknown reason for no analyte concentration as a result of external lab data format change",0,"formatChange","Other"
"e9b4da56-5ab5-4c6e-82dd-f411d7041773","D08","MAYF","MAYF.AOS.groundwater.well.002","MAYF.W2.20190306.RAW","A00000048332","2019-03-06T16:28Z","2019-03-06T16:28Z","EcoCore_CSU","TSS - Dry Mass",,"microgram",3.4,"Unknown reason for no analyte concentration as a result of external lab data format change",0,"formatChange","Other"
"1fb23924-2743-433d-a78a-7228ffafd7c3","D08","MAYF","MAYF.AOS.groundwater.well.002","MAYF.W2.20190306.FIL","A00000048446","2019-03-06T16:28Z","2019-03-06T16:28Z","EcoCore_CSU","DIC",2.5660,"milligramsPerLiter",3.4,,0,"formatChange","GOOD"
"eda2f4ec-30ec-46db-9813-853cb0fed6f8","D08","MAYF","MAYF.AOS.groundwater.well.002","MAYF.W2.20190306.RAW","A00000048332","2019-03-06T16:28Z","2019-03-06T16:28Z","EcoCore_CSU","ANC",,"milliequivalentsPerLiter",3.4,"Unknown reason for no analyte concentration as a result of external lab data format change",0,"formatChange","Other"
"90d36ea9-7dee-4107-a63a-e3020b7a3a6e","D08","MAYF","MAYF.AOS.groundwater.well.002","MAYF.W2.20190306.FIL","A00000048446","2019-03-06T16:28Z","2019-03-06T16:28Z","EcoCore_CSU","Si",3.8700,"milligramsPerLiter",3.4,,0,"formatChange","GOOD"
"48d11b3b-6af7-45ac-b1cb-0c779f2ed83d","D08","MAYF","MAYF.AOS.groundwater.well.002","MAYF.W2.20190306.FIL","A00000048446","2019-03-06T16:28Z","2019-03-06T16:28Z","EcoCore_CSU","TDP",0.0005,"milligramsPerLiter",3.4,,0,"formatChange","GOOD"
"ab2aa7ae-464e-48e7-a38b-65f723f70e77","D08","MAYF","MAYF.AOS.groundwater.well.002","MAYF.W2.20190306.FIL","A00000048446","2019-03-06T16:28Z","2019-03-06T16:28Z","EcoCore_CSU","Fe",0.0610,"milligramsPerLiter",3.4,,0,"formatChange","GOOD"
"97e5fac1-90ed-4706-a43a-b41962e73fb1","D08","MAYF","MAYF.AOS.groundwater.well.002","MAYF.W2.20190306.FIL","A00000048446","2019-03-06T16:28Z","2019-03-06T16:28Z","EcoCore_CSU","Ortho - P",0.0700,"milligramsPerLiter",3.4,,0,"formatChange","GOOD"
"fb6bf69c-48f7-4b0e-85a2-79458e4cf699","D08","MAYF","MAYF.AOS.groundwater.well.002","MAYF.W2.20190306.FIL","A00000048446","2019-03-06T16:28Z","2019-03-06T16:28Z","EcoCore_CSU","TDS",5.9800,"milligramsPerLiter",3.4,,0,"formatChange","GOOD"
"37122e95-4f72-4b7a-9cb6-e1b05260d211","D08","MAYF","MAYF.AOS.groundwater.well.002","MAYF.W2.20190306.RAW","A00000048332","2019-03-06T16:28Z","2019-03-06T16:28Z","EcoCore_CSU","TOC",,"milligramsPerLiter",3.4,"Unknown reason for no analyte concentration as a result of external lab data format change",0,"formatChange","Other"
"37a4bf90-9325-4232-808a-25f5eae5687a","D08","MAYF","MAYF.AOS.groundwater.well.002","MAYF.W2.20190306.FIL","A00000048446","2019-03-06T16:28Z","2019-03-06T16:28Z","EcoCore_CSU","F",0.0050,"milligramsPerLiter",3.4,,0,"formatChange","GOOD"
"202a35c4-40ee-4029-bb3c-4b607ccfddf3","D08","MAYF","MAYF.AOS.groundwater.well.002","MAYF.W2.20190306.FIL","A00000048446","2019-03-06T16:28Z","2019-03-06T16:28Z","EcoCore_CSU","Mg",0.2960,"milligramsPerLiter",3.4,,0,"formatChange","GOOD"
"0672783b-f94c-4582-ac27-9f80f20e1300","D08","MAYF","MAYF.AOS.groundwater.well.002","MAYF.W2.20190306.RAW","A00000048332","2019-03-06T16:28Z","2019-03-06T16:28Z","EcoCore_CSU","conductivity",,"microsiemensPerCentimeter",3.4,"Unknown reason for no analyte concentration as a result of external lab data format change",0,"formatChange","Other"
"0ed67089-dbe6-4ddd-82e6-b83cdb36388b","D08","MAYF","MAYF.AOS.groundwater.well.002","MAYF.W2.20190306.FIL","A00000048446","2019-03-06T16:28Z","2019-03-06T16:28Z","EcoCore_CSU","Ca",0.4430,"milligramsPerLiter",3.4,,0,"formatChange","GOOD"
"a5456a15-6c96-47d8-9feb-d5444dd3af87","D08","MAYF","MAYF.AOS.groundwater.well.002","MAYF.W2.20190306.RAW","A00000048332","2019-03-06T16:28Z","2019-03-06T16:28Z","EcoCore_CSU","TSS",,"milligramsPerLiter",3.4,"Unknown reason for no analyte concentration as a result of external lab data format change",0,"formatChange","Other"
"40836494-4833-4a54-a068-6fda8f0e9810","D08","MAYF","MAYF.AOS.groundwater.well.002","MAYF.W2.20190306.FIL","A00000048446","2019-03-06T16:28Z","2019-03-06T16:28Z","EcoCore_CSU","Mn",0.0190,"milligramsPerLiter",3.4,,0,"formatChange","GOOD"
"1cc64974-cafb-4ffd-bd73-0602230de23d","D08","MAYF","MAYF.AOS.groundwater.well.002","MAYF.W2.20190306.FIL","A00000048446","2019-03-06T16:28Z","2019-03-06T16:28Z","EcoCore_CSU","SO4",1.4000,"milligramsPerLiter",3.4,,0,"formatChange","GOOD"
"7e24a5e0-71ee-4b7c-8e31-49893d088db5","D08","MAYF","MAYF.AOS.groundwater.well.002","MAYF.W2.20190306.FIL","A00000048446","2019-03-06T16:28Z","2019-03-06T16:28Z","EcoCore_CSU","NO3+NO2 - N",-0.0789,"milligramsPerLiter",3.4,,0,"formatChange","GOOD"
"4344973c-3c54-4593-8678-e4fea372766f","D08","MAYF","MAYF.AOS.groundwater.well.002","MAYF.W2.20190306.FIL","A00000048446","2019-03-06T16:28Z","2019-03-06T16:28Z","EcoCore_CSU","UV Absorbance (280 nm)",0.0094,,3.4,,0,"formatChange","GOOD"
"bfd51c75-77f4-445d-af30-9c443145b929","D08","MAYF","MAYF.AOS.groundwater.well.002","MAYF.W2.20190306.PCN","A00000048482","2019-03-06T16:28Z","2019-03-06T16:28Z","EcoCore_CSU","TPC",0.3616,"milligram",3.4,,0,"formatChange","GOOD"
"c8cb19d4-b5d2-4133-bce1-3b31f598babb","D08","MAYF","MAYF.AOS.groundwater.well.002","MAYF.W2.20190306.FIL","A00000048446","2019-03-06T16:28Z","2019-03-06T16:28Z","EcoCore_CSU","K",0.4330,"milligramsPerLiter",3.4,,0,"formatChange","GOOD"
"0d6bcf03-97d1-4d7f-bc14-1902d6b11bc7","D08","MAYF","MAYF.AOS.groundwater.well.002","MAYF.W2.20190306.FIL","A00000048446","2019-03-06T16:28Z","2019-03-06T16:28Z","EcoCore_CSU","TDN",0.0705,"milligramsPerLiter",3.4,,0,"formatChange","GOOD"
"939f1c03-26ac-41b5-8105-7cc6f8773134","D08","MAYF","MAYF.AOS.groundwater.well.002","MAYF.W2.20190306.FIL","A00000048446","2019-03-06T16:28Z","2019-03-06T16:28Z","EcoCore_CSU","HCO3",1.5200,"milligramsPerLiter",3.4,,0,"formatChange","GOOD"
"d6f3cdbd-1e62-4b1a-96b6-43d377b90f5d","D08","MAYF","MAYF.AOS.groundwater.well.002","MAYF.W2.20190306.RAW","A00000048332","2019-03-06T16:28Z","2019-03-06T16:28Z","EcoCore_CSU","TP",,"milligramsPerLiter",3.4,"Unknown reason for no analyte concentration as a result of external lab data format change",0,"formatChange","Other"
"3167b6ee-3125-49a9-bf55-6a3101bda279","D08","MAYF","MAYF.AOS.groundwater.well.002","MAYF.W2.20190306.FIL","A00000048446","2019-03-06T16:28Z","2019-03-06T16:28Z","EcoCore_CSU","Na",0.7140,"milligramsPerLiter",3.4,,0,"formatChange","GOOD"
"0a036835-b5a4-4063-b03f-a512bd9880bb","D08","MAYF","MAYF.AOS.groundwater.well.002","MAYF.W2.20190306.FIL","A00000048446","2019-03-06T16:28Z","2019-03-06T16:28Z","EcoCore_CSU","NO2 - N",0.0395,"milligramsPerLiter",3.4,,0,"formatChange","GOOD"
"c10a3105-0965-4fd2-925c-10bd5e5756a5","D08","MAYF","MAYF.AOS.groundwater.well.002","MAYF.W2.20190306.PCN","A00000048482","2019-03-06T16:28Z","2019-03-06T16:28Z","EcoCore_CSU","TPN",0.0879,"milligram",3.4,,0,"formatChange","GOOD"
"2539d9dd-8f8f-4719-9a48-8dfbe0caf6a8","D08","MAYF","MAYF.AOS.groundwater.well.002","MAYF.W2.20190306.FIL","A00000048446","2019-03-06T16:28Z","2019-03-06T16:28Z","EcoCore_CSU","NH4 - N",0.0786,"milligramsPerLiter",3.4,,0,"formatChange","GOOD"
"7de38383-b6e2-46cc-b009-2b77a2d5e3d5","D08","MAYF","MAYF.AOS.groundwater.well.002","MAYF.W2.20190306.FIL","A00000048446","2019-03-06T16:28Z","2019-03-06T16:28Z","EcoCore_CSU","Br",0.0050,"milligramsPerLiter",3.4,,0,"formatChange","GOOD"
"22c5cc34-ca84-4de5-8c77-aa5908aded68","D08","MAYF","MAYF.AOS.groundwater.well.008","MAYF.W8.20190306.FIL","A00000048448","2019-03-06T17:11Z","2019-03-06T17:11Z","EcoCore_CSU","UV Absorbance (280 nm)",0.0464,,3.4,,0,"formatChange","GOOD"
"01271852-da2d-4551-a3a7-f36af4c2371f","D08","MAYF","MAYF.AOS.groundwater.well.008","MAYF.W8.20190306.FIL","A00000048448","2019-03-06T17:11Z","2019-03-06T17:11Z","EcoCore_CSU","Fe",0.0165,"milligramsPerLiter",3.4,,0,"formatChange","GOOD"
"eaa88e45-01a6-4589-8d5e-42cfa08495c7","D08","MAYF","MAYF.AOS.groundwater.well.008","MAYF.W8.20190306.FIL","A00000048448","2019-03-06T17:11Z","2019-03-06T17:11Z","EcoCore_CSU","Na",0.7580,"milligramsPerLiter",3.4,,0,"formatChange","GOOD"
"0951296c-3148-4a8c-803e-4116e8c6d714","D08","MAYF","MAYF.AOS.groundwater.well.008","MAYF.W8.20190306.FIL","A00000048448","2019-03-06T17:11Z","2019-03-06T17:11Z","EcoCore_CSU","HCO3",2.4500,"milligramsPerLiter",3.4,,0,"formatChange","GOOD"
"a48f7ad6-dd98-4394-93da-caf72973f56d","D08","MAYF","MAYF.AOS.groundwater.well.008","MAYF.W8.20190306.FIL","A00000048448","2019-03-06T17:11Z","2019-03-06T17:11Z","EcoCore_CSU","NH4 - N",0.0936,"milligramsPerLiter",3.4,,0,"formatChange","GOOD"
"87696254-41aa-4684-99fc-12424e27b7f0","D08","MAYF","MAYF.AOS.groundwater.well.008","MAYF.W8.20190306.FIL","A00000048448","2019-03-06T17:11Z","2019-03-06T17:11Z","EcoCore_CSU","UV Absorbance (250 nm)",0.0568,,3.4,,0,"formatChange","GOOD"
"d83c956f-2f3b-41ba-9306-6a65926e446e","D08","MAYF","MAYF.AOS.groundwater.well.008","MAYF.W8.20190306.RAW","A00000048330","2019-03-06T17:11Z","2019-03-06T17:11Z","EcoCore_CSU","ANC",0.0600,"milliequivalentsPerLiter",3.4,,0,"formatChange","GOOD"
"9eb6ffac-416d-4d75-8770-72dc8a431835","D08","MAYF","MAYF.AOS.groundwater.well.008","MAYF.W8.20190306.FIL","A00000048448","2019-03-06T17:11Z","2019-03-06T17:11Z","EcoCore_CSU","Ca",0.6138,"milligramsPerLiter",3.4,,0,"formatChange","GOOD"
"268dbd4b-a169-404e-824c-cc45eb98fb26","D08","MAYF","MAYF.AOS.groundwater.well.008","MAYF.W8.20190306.FIL","A00000048448","2019-03-06T17:11Z","2019-03-06T17:11Z","EcoCore_CSU","DOC",1.1420,"milligramsPerLiter",3.4,,0,"formatChange","GOOD"
"a4e1825a-ac77-43de-8def-16cb0a3bd17c","D08","MAYF","MAYF.AOS.groundwater.well.008","MAYF.W8.20190306.FIL","A00000048448","2019-03-06T17:11Z","2019-03-06T17:11Z","EcoCore_CSU","Mn",0.0370,"milligramsPerLiter",3.4,,0,"formatChange","GOOD"
"4fd6e72e-fa2d-4356-8033-0424366cd39c","D08","MAYF","MAYF.AOS.groundwater.well.008","MAYF.W8.20190306.PCN","A00000048337","2019-03-06T17:11Z","2019-03-06T17:11Z","EcoCore_CSU","TPN",0.1202,"milligram",3.4,,0,"formatChange","GOOD"
"06e59cfc-5bca-4e99-bf02-cc6a53fdb456","D08","MAYF","MAYF.AOS.groundwater.well.008","MAYF.W8.20190306.RAW","A00000048330","2019-03-06T17:11Z","2019-03-06T17:11Z","EcoCore_CSU","conductivity",11.5300,"microsiemensPerCentimeter",3.4,,0,"formatChange","GOOD"
"416db9de-3aec-40c4-84db-450a9e865963","D08","MAYF","MAYF.AOS.groundwater.well.008","MAYF.W8.20190306.FIL","A00000048448","2019-03-06T17:11Z","2019-03-06T17:11Z","EcoCore_CSU","NO2 - N",0.0418,"milligramsPerLiter",3.4,,0,"formatChange","GOOD"
"2ef70e9f-8c70-4a20-a76f-c88a9e975ed1","D08","MAYF","MAYF.AOS.groundwater.well.008","MAYF.W8.20190306.RAW","A00000048330","2019-03-06T17:11Z","2019-03-06T17:11Z","EcoCore_CSU","TP",0.0000,"milligramsPerLiter",3.4,,0,"formatChange","GOOD"
"4212529d-12b2-4886-a585-d099cf5737ee","D08","MAYF","MAYF.AOS.groundwater.well.008","MAYF.W8.20190306.FIL","A00000048448","2019-03-06T17:11Z","2019-03-06T17:11Z","EcoCore_CSU","TDS",8.2500,"milligramsPerLiter",3.4,,0,"formatChange","GOOD"
"9e0d105e-e411-4479-927e-2025c2bc8f5e","D08","MAYF","MAYF.AOS.groundwater.well.008","MAYF.W8.20190306.FIL","A00000048448","2019-03-06T17:11Z","2019-03-06T17:11Z","EcoCore_CSU","Si",5.8341,"milligramsPerLiter",3.4,,0,"formatChange","GOOD"
"7f5ad7bb-2207-4e37-afdc-586b4f868d75","D08","MAYF","MAYF.AOS.groundwater.well.008","MAYF.W8.20190306.FIL","A00000048448","2019-03-06T17:11Z","2019-03-06T17:11Z","EcoCore_CSU","F",0.0050,"milligramsPerLiter",3.4,,0,"formatChange","GOOD"
"509a0dd6-7ab7-4bc1-b4a5-55d1e3490057","D08","MAYF","MAYF.AOS.groundwater.well.008","MAYF.W8.20190306.RAW","A00000048330","2019-03-06T17:11Z","2019-03-06T17:11Z","EcoCore_CSU","TSS",198.0000,"milligramsPerLiter",3.4,,0,"formatChange","GOOD"
"76a546ce-0f67-4bad-ab95-0552560bb593","D08","MAYF","MAYF.AOS.groundwater.well.008","MAYF.W8.20190306.FIL","A00000048448","2019-03-06T17:11Z","2019-03-06T17:11Z","EcoCore_CSU","Mg",0.4270,"milligramsPerLiter",3.4,,0,"formatChange","GOOD"
"a4b0c673-81ac-41db-9c3f-128bc18035f8","D08","MAYF","MAYF.AOS.groundwater.well.008","MAYF.W8.20190306.RAW","A00000048330","2019-03-06T17:11Z","2019-03-06T17:11Z","EcoCore_CSU","TSS - Dry Mass",9900.0000,"microgram",3.4,,0,"formatChange","GOOD"
"6d8d54dd-e275-4216-94ad-7f371cc7aabd","D08","MAYF","MAYF.AOS.groundwater.well.008","MAYF.W8.20190306.FIL","A00000048448","2019-03-06T17:11Z","2019-03-06T17:11Z","EcoCore_CSU","Br",0.0050,"milligramsPerLiter",3.4,,0,"formatChange","GOOD"
"21eb94a8-3613-4e2f-b5b7-ab1a585b38a5","D08","MAYF","MAYF.AOS.groundwater.well.008","MAYF.W8.20190306.RAW","A00000048330","2019-03-06T17:11Z","2019-03-06T17:11Z","EcoCore_CSU","TN",0.1789,"milligramsPerLiter",3.4,,0,"formatChange","GOOD"
"b2e2de4b-41a5-4df2-874c-277225ee9909","D08","MAYF","MAYF.AOS.groundwater.well.008","MAYF.W8.20190306.RAW","A00000048330","2019-03-06T17:11Z","2019-03-06T17:11Z","EcoCore_CSU","TOC",4.0190,"milligramsPerLiter",3.4,,0,"formatChange","GOOD"
"ac135972-8ac5-4713-bdce-e6db39c693a9","D08","MAYF","MAYF.AOS.groundwater.well.008","MAYF.W8.20190306.FIL","A00000048448","2019-03-06T17:11Z","2019-03-06T17:11Z","EcoCore_CSU","SO4",0.4500,"milligramsPerLiter",3.4,,0,"formatChange","GOOD"
"9e2c3051-ef83-435b-9ad0-84dea37e0a72","D08","MAYF","MAYF.AOS.groundwater.well.008","MAYF.W8.20190306.PCN","A00000048337","2019-03-06T17:11Z","2019-03-06T17:11Z","EcoCore_CSU","TPC",0.5535,"milligram",3.4,,0,"formatChange","GOOD"
"8344a714-6a5e-402d-bd27-4c4a823db737","D08","MAYF","MAYF.AOS.groundwater.well.008","MAYF.W8.20190306.FIL","A00000048448","2019-03-06T17:11Z","2019-03-06T17:11Z","EcoCore_CSU","NO3+NO2 - N",-0.0741,"milligramsPerLiter",3.4,,0,"formatChange","GOOD"
"a5d8b01f-4a2b-423b-91d1-b76ee4480283","D08","MAYF","MAYF.AOS.groundwater.well.008","MAYF.W8.20190306.RAW","A00000048330","2019-03-06T17:11Z","2019-03-06T17:11Z","EcoCore_CSU","pH",5.4500,"pH",3.4,,0,"formatChange","GOOD"
"c1aa0cd4-1ecd-45c5-9816-d2c71ffd05f7","D08","MAYF","MAYF.AOS.groundwater.well.008","MAYF.W8.20190306.FIL","A00000048448","2019-03-06T17:11Z","2019-03-06T17:11Z","EcoCore_CSU","Ortho - P",0.0390,"milligramsPerLiter",3.4,,0,"formatChange","GOOD"
"5bb4c895-3237-4afa-bc15-447c35426c39","D08","MAYF","MAYF.AOS.groundwater.well.008","MAYF.W8.20190306.FIL","A00000048448","2019-03-06T17:11Z","2019-03-06T17:11Z","EcoCore_CSU","Cl",1.6900,"milligramsPerLiter",3.4,,0,"formatChange","GOOD"
"1649476f-db29-4c20-9f3d-678e5693e26d","D08","MAYF","MAYF.AOS.groundwater.well.008","MAYF.W8.20190306.FIL","A00000048448","2019-03-06T17:11Z","2019-03-06T17:11Z","EcoCore_CSU","DIC",6.7470,"milligramsPerLiter",3.4,,0,"formatChange","GOOD"
"355deba9-6232-4977-882b-443e3c4874bb","D08","MAYF","MAYF.AOS.groundwater.well.008","MAYF.W8.20190306.FIL","A00000048448","2019-03-06T17:11Z","2019-03-06T17:11Z","EcoCore_CSU","CO3",0.0050,"milligramsPerLiter",3.4,,0,"formatChange","GOOD"
"259c4093-47a3-4fed-9d68-d24e9389d648","D08","MAYF","MAYF.AOS.groundwater.well.008","MAYF.W8.20190306.FIL","A00000048448","2019-03-06T17:11Z","2019-03-06T17:11Z","EcoCore_CSU","TDP",0.0005,"milligramsPerLiter",3.4,,0,"formatChange","GOOD"
"6a115f78-7ba2-4bb5-8899-fa34710993bc","D08","MAYF","MAYF.AOS.groundwater.well.008","MAYF.W8.20190306.FIL","A00000048448","2019-03-06T17:11Z","2019-03-06T17:11Z","EcoCore_CSU","TDN",0.0364,"milligramsPerLiter",3.4,,0,"formatChange","GOOD"
"4fe86394-7a68-4786-92ea-bc6ad40f68db","D08","MAYF","MAYF.AOS.groundwater.well.008","MAYF.W8.20190306.FIL","A00000048448","2019-03-06T17:11Z","2019-03-06T17:11Z","EcoCore_CSU","K",0.0590,"milligramsPerLiter",3.4,,0,"formatChange","GOOD"
"ae3637b2-6ec5-4775-87dc-e9319f0e3376","D08","MAYF","MAYF.AOS.groundwater.well.007","MAYF.W7.20190306.FIL","A00000048334","2019-03-06T17:56Z","2019-03-06T17:56Z","EcoCore_CSU","K",1.3070,"milligramsPerLiter",3.4,,0,"formatChange","GOOD"
"de77663c-0ac0-43c7-b9b7-d463f0051f79","D08","MAYF","MAYF.AOS.groundwater.well.007","MAYF.W7.20190306.FIL","A00000048334","2019-03-06T17:56Z","2019-03-06T17:56Z","EcoCore_CSU","DOC",0.2235,"milligramsPerLiter",3.4,,0,"formatChange","GOOD"
"8c42a65c-9fe0-4e7a-97cb-965c8ab1ff71","D08","MAYF","MAYF.AOS.groundwater.well.007","MAYF.W7.20190306.FIL","A00000048334","2019-03-06T17:56Z","2019-03-06T17:56Z","EcoCore_CSU","NH4 - N",0.0876,"milligramsPerLiter",3.4,,0,"formatChange","GOOD"
"11571173-4a6c-414d-9c18-22cefef5681d","D08","MAYF","MAYF.AOS.groundwater.well.007","MAYF.W7.20190306.FIL","A00000048334","2019-03-06T17:56Z","2019-03-06T17:56Z","EcoCore_CSU","Cl",2.2107,"milligramsPerLiter",3.4,,0,"formatChange","GOOD"
"a5ff18b4-ecbb-4689-8224-be06f7991a7d","D08","MAYF","MAYF.AOS.groundwater.well.007","MAYF.W7.20190306.FIL","A00000048334","2019-03-06T17:56Z","2019-03-06T17:56Z","EcoCore_CSU","TDP",0.0005,"milligramsPerLiter",3.4,,0,"formatChange","GOOD"
"cfd540c5-982f-4cef-aaa7-47ab7fce6b31","D08","MAYF","MAYF.AOS.groundwater.well.007","MAYF.W7.20190306.FIL","A00000048334","2019-03-06T17:56Z","2019-03-06T17:56Z","EcoCore_CSU","TDS",7.0900,"milligramsPerLiter",3.4,,0,"formatChange","GOOD"
"eb76566a-ccea-4255-8fff-db053036c97b","D08","MAYF","MAYF.AOS.groundwater.well.007","MAYF.W7.20190306.RAW","A00000048331","2019-03-06T17:56Z","2019-03-06T17:56Z","EcoCore_CSU","TN",0.0309,"milligramsPerLiter",3.4,,0,"formatChange","GOOD"
"757abb4f-e75b-40c3-ab25-d678ea14959e","D08","MAYF","MAYF.AOS.groundwater.well.007","MAYF.W7.20190306.FIL","A00000048334","2019-03-06T17:56Z","2019-03-06T17:56Z","EcoCore_CSU","DIC",4.2670,"milligramsPerLiter",3.4,,0,"formatChange","GOOD"
"1ac1d4e9-957d-4aa0-92de-06e458ebf643","D08","MAYF","MAYF.AOS.groundwater.well.007","MAYF.W7.20190306.RAW","A00000048331","2019-03-06T17:56Z","2019-03-06T17:56Z","EcoCore_CSU","TSS - Dry Mass",1000.0000,"microgram",3.4,,0,"formatChange","GOOD"
"394a2684-c8c8-43c6-9a7d-9509aa08ac87","D08","MAYF","MAYF.AOS.groundwater.well.007","MAYF.W7.20190306.FIL","A00000048334","2019-03-06T17:56Z","2019-03-06T17:56Z","EcoCore_CSU","Br",0.0050,"milligramsPerLiter",3.4,,0,"formatChange","GOOD"
"b242ed3b-3751-416e-9f7f-5a2e08dc202e","D08","MAYF","MAYF.AOS.groundwater.well.007","MAYF.W7.20190306.PCN","A00000048338","2019-03-06T17:56Z","2019-03-06T17:56Z","EcoCore_CSU","TPN",0.0786,"milligram",3.4,,0,"formatChange","GOOD"
"3fb2a880-5500-43f2-b8ce-7c81e82ebce0","D08","MAYF","MAYF.AOS.groundwater.well.007","MAYF.W7.20190306.PCN","A00000048338","2019-03-06T17:56Z","2019-03-06T17:56Z","EcoCore_CSU","TPC",0.3707,"milligram",3.4,,0,"formatChange","GOOD"
"4756aa97-c352-4647-9c5c-8192b2563554","D08","MAYF","MAYF.AOS.groundwater.well.007","MAYF.W7.20190306.FIL","A00000048334","2019-03-06T17:56Z","2019-03-06T17:56Z","EcoCore_CSU","Si",5.6272,"milligramsPerLiter",3.4,,0,"formatChange","GOOD"
"a1f39c27-3d0d-4f1d-b555-fa89a41f40ee","D08","MAYF","MAYF.AOS.groundwater.well.007","MAYF.W7.20190306.RAW","A00000048331","2019-03-06T17:56Z","2019-03-06T17:56Z","EcoCore_CSU","TOC",0.9096,"milligramsPerLiter",3.4,,0,"formatChange","GOOD"
"a4ba33a1-8618-40b9-9645-4824fdeeadff","D08","MAYF","MAYF.AOS.groundwater.well.007","MAYF.W7.20190306.FIL","A00000048334","2019-03-06T17:56Z","2019-03-06T17:56Z","EcoCore_CSU","TDN",0.0090,"milligramsPerLiter",3.4,,0,"formatChange","GOOD"
"865099a2-2ba3-4b99-9929-9353ddec9807","D08","MAYF","MAYF.AOS.groundwater.well.007","MAYF.W7.20190306.RAW","A00000048331","2019-03-06T17:56Z","2019-03-06T17:56Z","EcoCore_CSU","pH",5.8900,"pH",3.4,,0,"formatChange","GOOD"
"db5795e7-c81a-46f3-aaab-a05759d96965","D08","MAYF","MAYF.AOS.groundwater.well.007","MAYF.W7.20190306.FIL","A00000048334","2019-03-06T17:56Z","2019-03-06T17:56Z","EcoCore_CSU","NO2 - N",0.0394,"milligramsPerLiter",3.4,,0,"formatChange","GOOD"
"868b70f4-db03-437f-9c3a-18b85086e054","D08","MAYF","MAYF.AOS.groundwater.well.007","MAYF.W7.20190306.FIL","A00000048334","2019-03-06T17:56Z","2019-03-06T17:56Z","EcoCore_CSU","F",0.0050,"milligramsPerLiter",3.4,,0,"formatChange","GOOD"
"e76c74ff-0b46-40b7-b586-da36a2c0cc4a","D08","MAYF","MAYF.AOS.groundwater.well.007","MAYF.W7.20190306.FIL","A00000048334","2019-03-06T17:56Z","2019-03-06T17:56Z","EcoCore_CSU","Mg",0.5210,"milligramsPerLiter",3.4,,0,"formatChange","GOOD"
"527e59a3-b3a3-4750-833d-ae5bccdc00e5","D08","MAYF","MAYF.AOS.groundwater.well.007","MAYF.W7.20190306.FIL","A00000048334","2019-03-06T17:56Z","2019-03-06T17:56Z","EcoCore_CSU","Fe",0.0255,"milligramsPerLiter",3.4,,0,"formatChange","GOOD"
"63551bbc-11e9-4b2e-9414-0edf2c7a145a","D08","MAYF","MAYF.AOS.groundwater.well.007","MAYF.W7.20190306.FIL","A00000048334","2019-03-06T17:56Z","2019-03-06T17:56Z","EcoCore_CSU","NO3+NO2 - N",-0.0595,"milligramsPerLiter",3.4,,0,"formatChange","GOOD"
"d13534bc-28f6-4278-aa79-bedeafc6223e","D08","MAYF","MAYF.AOS.groundwater.well.007","MAYF.W7.20190306.FIL","A00000048334","2019-03-06T17:56Z","2019-03-06T17:56Z","EcoCore_CSU","UV Absorbance (280 nm)",0.0366,,3.4,,0,"formatChange","GOOD"
"8aabd433-d8e5-40d2-9e16-dbdc895b7e29","D08","MAYF","MAYF.AOS.groundwater.well.007","MAYF.W7.20190306.FIL","A00000048334","2019-03-06T17:56Z","2019-03-06T17:56Z","EcoCore_CSU","Ca",0.9047,"milligramsPerLiter",3.4,,0,"formatChange","GOOD"
"0d6cf8ac-4ec1-4116-99fe-6dbb6c8282c2","D08","MAYF","MAYF.AOS.groundwater.well.007","MAYF.W7.20190306.RAW","A00000048331","2019-03-06T17:56Z","2019-03-06T17:56Z","EcoCore_CSU","TP",0.0010,"milligramsPerLiter",3.4,,0,"formatChange","GOOD"
"06bc6f38-6ae4-4b00-8a30-4b90bd623741","D08","MAYF","MAYF.AOS.groundwater.well.007","MAYF.W7.20190306.FIL","A00000048334","2019-03-06T17:56Z","2019-03-06T17:56Z","EcoCore_CSU","HCO3",4.3900,"milligramsPerLiter",3.4,,0,"formatChange","GOOD"
"03c24f29-c598-4157-afed-35f64f7fa898","D08","MAYF","MAYF.AOS.groundwater.well.007","MAYF.W7.20190306.RAW","A00000048331","2019-03-06T17:56Z","2019-03-06T17:56Z","EcoCore_CSU","conductivity",17.4600,"microsiemensPerCentimeter",3.4,,0,"formatChange","GOOD"
"888cf703-623a-4a22-9e17-dbe496b9779d","D08","MAYF","MAYF.AOS.groundwater.well.007","MAYF.W7.20190306.FIL","A00000048334","2019-03-06T17:56Z","2019-03-06T17:56Z","EcoCore_CSU","SO4",1.4340,"milligramsPerLiter",3.4,,0,"formatChange","GOOD"
"413fc9a7-14c4-4946-8905-2660994d5290","D08","MAYF","MAYF.AOS.groundwater.well.007","MAYF.W7.20190306.FIL","A00000048334","2019-03-06T17:56Z","2019-03-06T17:56Z","EcoCore_CSU","CO3",0.0050,"milligramsPerLiter",3.4,,0,"formatChange","GOOD"
"fc60d78b-83ea-42f9-9ce9-5ad3b6b7ed3e","D08","MAYF","MAYF.AOS.groundwater.well.007","MAYF.W7.20190306.FIL","A00000048334","2019-03-06T17:56Z","2019-03-06T17:56Z","EcoCore_CSU","Na",1.0050,"milligramsPerLiter",3.4,,0,"formatChange","GOOD"
"ac1ff3de-f6dd-453e-88d7-e22b5be5b98b","D08","MAYF","MAYF.AOS.groundwater.well.007","MAYF.W7.20190306.FIL","A00000048334","2019-03-06T17:56Z","2019-03-06T17:56Z","EcoCore_CSU","Mn",0.0040,"milligramsPerLiter",3.4,,0,"formatChange","GOOD"
"9e5d2564-2c58-4c88-8085-04cf1c968db1","D08","MAYF","MAYF.AOS.groundwater.well.007","MAYF.W7.20190306.FIL","A00000048334","2019-03-06T17:56Z","2019-03-06T17:56Z","EcoCore_CSU","Ortho - P",-0.0100,"milligramsPerLiter",3.4,,0,"formatChange","GOOD"
"91c87671-9c45-48bd-808a-f5a9de8e4549","D08","MAYF","MAYF.AOS.groundwater.well.007","MAYF.W7.20190306.RAW","A00000048331","2019-03-06T17:56Z","2019-03-06T17:56Z","EcoCore_CSU","ANC",0.0900,"milliequivalentsPerLiter",3.4,,0,"formatChange","GOOD"
"99bf4146-39e7-4420-b46c-a3d7f746f5bf","D08","MAYF","MAYF.AOS.groundwater.well.007","MAYF.W7.20190306.RAW","A00000048331","2019-03-06T17:56Z","2019-03-06T17:56Z","EcoCore_CSU","TSS",20.0000,"milligramsPerLiter",3.4,,0,"formatChange","GOOD"
"2a708e3d-3fb0-411c-947e-ceea2ab0f728","D08","MAYF","MAYF.AOS.groundwater.well.007","MAYF.W7.20190306.FIL","A00000048334","2019-03-06T17:56Z","2019-03-06T17:56Z","EcoCore_CSU","UV Absorbance (250 nm)",0.0452,,3.4,,0,"formatChange","GOOD"
