uid,domainID,siteID,namedLocation,decimalLatitude,decimalLongitude,coordinateUncertainty,elevation,elevationUncertainty,geodeticDatum,collectDate,aquaticSiteType,samplingImpractical,waterChemSamplesCollected,adequateSampleVol,parentSampleID,eventID,swcSamplingProtocolVersion,sampleExtractionMethod,samplerType,totalWellDepth,wellWaterDepth,waterColumnHeight,sampleDepth,purgeAverageDischargeRate,purgeTime,gwWellStabilized,purgeDryDateTime,pumpPlacementDate,screenedIntervalDepth,maxAllowableDrawdown,actualDrawdown,MADExceeded,wellVolumePurged,probeIDUnavailable,dissolvedOxygen,dissolvedOxygenSaturation,specificConductance,waterTemp,pH,waterClarityDescrip,waterColorDescrip,aCollectedBy,bCollectedBy,remarks
"c61f9201-d7ab-40f9-b6a0-9d8df65b7514","D08","MAYF","MAYF.AOS.groundwater.well.001",32.960476,-87.407716,0.1,72.4,0.1,"WGS84","2019-03-06T15:40Z","stream",,,"Y","MAYF.W1.20190306","MAYF.20190306","NEON.DOC.002905vE","low-flow","Groundwater Pump",3.6,2.0,1.6,3.0,,,,,,,,,,3.5,,2.14,20.10,30.00,13.10,,"cloudy","colorless","0000-0003-1561-0904","0000-0003-1334-3275",
"f9b708f0-38b5-4a77-a33a-6d50c63e67cc","D08","MAYF","MAYF.AOS.groundwater.well.002",32.960468,-87.407905,0.1,73.7,0.1,"WGS84","2019-03-06T16:28Z","stream",,,"Y","MAYF.W2.20190306","MAYF.20190306","NEON.DOC.002905vE","low-flow","Groundwater Pump",3.8,1.8,2.0,2.8,,,,,,,,,,5.9,,4.05,37.50,21.30,12.60,,"cloudy","colorless","0000-0003-1561-0904","0000-0003-1334-3275",
"22f80489-a133-422e-ad80-b1c43c347c84","D08","MAYF","MAYF.AOS.groundwater.well.008",32.961499,-87.408173,0.1,73.5,0.1,"WGS84","2019-03-06T17:11Z","stream",,,"Y","MAYF.W8.20190306","MAYF.20190306","NEON.DOC.002905vE","low-flow","Groundwater Pump",4.2,2.3,1.9,3.3,,,,,,,,,,2.3,,2.43,22.50,24.50,12.20,,"cloudy","brown","0000-0003-1561-0904","0000-0003-1334-3275",
"fa967dc5-076a-4d31-ba99-4a19ced0529a","D08","MAYF","MAYF.AOS.groundwater.well.007",32.961682,-87.408335,0.1,74.7,0.1,"WGS84","2019-03-06T17:56Z","stream",,,"Y","MAYF.W7.20190306","MAYF.20190306","NEON.DOC.002905vE","low-flow","Groundwater Pump",4.4,2.7,1.7,3.7,,,,,,,,,,4.0,,3.90,37.30,28.60,13.80,,"cloudy","colorless","0000-0003-1561-0904","0000-0003-1334-3275",
