uid,domainID,siteID,namedLocation,collectDate,parentSampleID,sampleCondition,sampleID,replicateNumber,gwwDICBubbleFree,gwwFiltSampleHeadspace,gwwAlkSampleHeadspace,gwwAlkSampleBubbleFree,processedDate,processedDateFilters,sampleVolumeFiltered,shipmentTimeRange
"9db9c927-09eb-46ed-9e65-38a5cc5ce9b4","D08","MAYF","MAYF.AOS.groundwater.well.001","2019-03-06T15:40Z","MAYF.W1.20190306","Sample condition ok","MAYF.W1.20190306",1,,,,,"2019-03-06T15:40Z","2019-03-06T15:40Z",50.0,
"bd8fd127-4db9-4980-9238-9fcfa3f8dc9b","D08","MAYF","MAYF.AOS.groundwater.well.002","2019-03-06T16:28Z","MAYF.W2.20190306","Sample condition ok","MAYF.W2.20190306",1,,,,,"2019-03-06T16:28Z","2019-03-06T16:28Z",100.0,
"c591d747-e157-4d1d-a678-b2575e265c03","D08","MAYF","MAYF.AOS.groundwater.well.008","2019-03-06T17:11Z","MAYF.W8.20190306","Sample condition ok","MAYF.W8.20190306",1,,,,,"2019-03-06T17:11Z","2019-03-06T17:11Z",50.0,
"614e905f-1b59-4f27-88f8-a680358542ac","D08","MAYF","MAYF.AOS.groundwater.well.007","2019-03-06T17:56Z","MAYF.W7.20190306","Sample condition ok","MAYF.W7.20190306",1,,,,,"2019-03-06T17:56Z","2019-03-06T17:56Z",100.0,
