uid,domainID,siteID,namedLocation,collectDate,parentSampleID,sampleCondition,sampleID,replicateNumber,gwwDICBubbleFree,gwwFiltSampleHeadspace,gwwAlkSampleHeadspace,gwwAlkSampleBubbleFree,processedDate,processedDateFilters,sampleVolumeFiltered,shipmentTimeRange
"7e994cb5-b4c9-4392-859d-1528ec398cf6","D02","LEWI","LEWI.AOS.groundwater.well.002","2019-03-05T14:08Z","LEWI.W2.20190305","Sample condition ok","LEWI.W2.20190305",,,,,,"2019-03-05T14:08Z","2019-03-05T14:08Z",200.0,
"f4882e61-7a14-4826-903e-5f223e4959fa","D02","LEWI","LEWI.AOS.groundwater.well.006","2019-03-05T15:45Z","LEWI.W6.20190305","Sample condition ok","LEWI.W6.20190305",,,,,,"2019-03-05T15:45Z",,200.0,
"410d01b9-24f6-4149-ba34-957974c8a751","D02","LEWI","LEWI.AOS.groundwater.well.008","2019-03-05T16:56Z","LEWI.W8.20190305","Sample condition ok","LEWI.W8.20190305",,,,,,"2019-03-05T16:56Z","2019-03-05T16:56Z",200.0,
"9f653f54-6d8d-4c9f-bf67-3dc558326075","D02","LEWI","LEWI.AOS.groundwater.well.001","2019-03-05T18:41Z","LEWI.W1.20190305","Sample condition ok","LEWI.W1.20190305",,,,,,"2019-03-05T18:41Z","2019-03-05T18:41Z",200.0,
