uid,domainID,siteID,namedLocation,decimalLatitude,decimalLongitude,coordinateUncertainty,elevation,elevationUncertainty,geodeticDatum,collectDate,aquaticSiteType,samplingImpractical,waterChemSamplesCollected,adequateSampleVol,parentSampleID,eventID,swcSamplingProtocolVersion,sampleExtractionMethod,samplerType,totalWellDepth,wellWaterDepth,waterColumnHeight,sampleDepth,purgeAverageDischargeRate,purgeTime,gwWellStabilized,purgeDryDateTime,pumpPlacementDate,screenedIntervalDepth,maxAllowableDrawdown,actualDrawdown,MADExceeded,wellVolumePurged,probeIDUnavailable,dissolvedOxygen,dissolvedOxygenSaturation,specificConductance,waterTemp,pH,waterClarityDescrip,waterColorDescrip,aCollectedBy,bCollectedBy,remarks
"bdaacd9f-cc19-42bf-80d7-966b1a56f163","D02","LEWI","LEWI.AOS.groundwater.well.002",39.095452,-77.983050,0.1,128.6,0.1,"WGS84","2019-03-05T14:08Z","stream",,,"Y","LEWI.W2.20190305","LEWI.20190305","NEON.DOC.002905vE","low-flow","Groundwater Pump",5.4,2.2,3.2,3.2,,,,,,,,,,5.1,,6.05,51.20,598.00,8.00,,"clear","colorless","0000-0003-3114-5862","0000-0003-3114-5862",
"66b17706-7b67-4de9-a4a5-dd036b20a618","D02","LEWI","LEWI.AOS.groundwater.well.006",39.094122,-77.981443,0.1,127.8,0.1,"WGS84","2019-03-05T15:45Z","stream",,,"Y","LEWI.W6.20190305","LEWI.20190305","NEON.DOC.002905vE","low-flow","Groundwater Pump",6.9,1.9,5.0,2.9,,,,,,,,,,7.5,,5.40,47.40,630.00,9.40,,"clear","colorless","0000-0003-3114-5862","0000-0003-3114-5862",
"ea6ab05c-23e0-45b1-9027-6af14e5e4681","D02","LEWI","LEWI.AOS.groundwater.well.008",39.094301,-77.981340,0.1,127.5,0.1,"WGS84","2019-03-05T16:56Z","stream",,,"Y","LEWI.W8.20190305","LEWI.20190305","NEON.DOC.002905vE","low-flow","Groundwater Pump",5.4,2.1,3.2,3.1,,,,,,,,,,4.1,,2.71,23.90,655.00,9.80,,"cloudy","brown","0000-0003-3114-5862","0000-0003-3114-5862",
"2a0fcdb3-5b31-45a7-8a55-aa7dbd3b7b36","D02","LEWI","LEWI.AOS.groundwater.well.001",39.095597,-77.982949,0.1,128.8,0.1,"WGS84","2019-03-05T18:41Z","stream",,,"Y","LEWI.W1.20190305","LEWI.20190305","NEON.DOC.002905vE","low-flow","Groundwater Bailer Tube",5.5,2.1,3.4,3.1,,,,,,,,,,3.2,,4.93,44.50,680.00,10.60,,"clear","colorless","0000-0003-3114-5862","0000-0003-3114-5862",
