uid,domainID,siteID,namedLocation,collectDate,titrationDate,parentSampleID,domainSampleID,remarks,measuredBy,alkMeqPerL,alkMgPerL,ancMeqPerL,ancMgPerL
"3783d88e-a4d2-4261-bc4f-1d2b3d85d5fe","D02","LEWI","LEWI.AOS.groundwater.well.002","2019-03-05T14:08Z","2019-03-06T18:14Z","LEWI.W2.20190305","LEWI.W2.20190305.ALK",,"jcoloso@battelleecology.org",5.790,290.000,,
"bb045cf5-2d3a-4a68-a7a0-67c4f30fea94","D02","LEWI","LEWI.AOS.groundwater.well.006","2019-03-05T15:45Z","2019-03-06T17:59Z","LEWI.W6.20190305","LEWI.W6.20190305.ALK",,"jcoloso@battelleecology.org",5.790,290.000,,
"f506a29d-f197-4dd5-87c0-8f2fd02fdae9","D02","LEWI","LEWI.AOS.groundwater.well.008","2019-03-05T16:56Z","2019-03-06T17:42Z","LEWI.W8.20190305","LEWI.W8.20190305.ALK",,"jcoloso@battelleecology.org",5.870,294.000,,
"342dee30-573e-434b-a9a9-8a001aca24c6","D02","LEWI","LEWI.AOS.groundwater.well.001","2019-03-05T18:41Z","2019-03-06T17:18Z","LEWI.W1.20190305","LEWI.W1.20190305.ALK",,"jcoloso@battelleecology.org",6.090,305.000,,
