uid,domainID,siteID,namedLocation,sampleID,sampleCode,startDate,collectDate,laboratoryName,analyte,analyteConcentration,analyteUnits,coolerTemp,remarks,shipmentWarmQF,externalLabDataQF,sampleCondition
"e0524c66-7fbe-4f1e-87b3-e61986323ae5","D02","LEWI","LEWI.AOS.groundwater.well.002","LEWI.W2.20190305.FIL","A00000034158","2019-03-05T14:08Z","2019-03-05T14:08Z","EcoCore_CSU","DOC",1.1710,"milligramsPerLiter",4.2,,0,"formatChange","GOOD"
"5cffe602-6d6d-4ed2-88ca-b681392d8327","D02","LEWI","LEWI.AOS.groundwater.well.002","LEWI.W2.20190305.FIL","A00000034158","2019-03-05T14:08Z","2019-03-05T14:08Z","EcoCore_CSU","Fe",0.0005,"milligramsPerLiter",4.2,,0,"formatChange","GOOD"
"86c4d8b5-7bd3-4686-8acc-6c5be2146da3","D02","LEWI","LEWI.AOS.groundwater.well.002","LEWI.W2.20190305.FIL","A00000034158","2019-03-05T14:08Z","2019-03-05T14:08Z","EcoCore_CSU","HCO3",331.1200,"milligramsPerLiter",4.2,,0,"formatChange","GOOD"
"62c53b71-5571-4acc-a81a-71baa95b02a9","D02","LEWI","LEWI.AOS.groundwater.well.002","LEWI.W2.20190305.FIL","A00000034158","2019-03-05T14:08Z","2019-03-05T14:08Z","EcoCore_CSU","NO2 - N",0.0395,"milligramsPerLiter",4.2,,0,"formatChange","GOOD"
"c6cd0d71-967d-4bdc-8d9d-f8117f5e6565","D02","LEWI","LEWI.AOS.groundwater.well.002","LEWI.W2.20190305.FIL","A00000034158","2019-03-05T14:08Z","2019-03-05T14:08Z","EcoCore_CSU","UV Absorbance (280 nm)",0.0122,,4.2,,0,"formatChange","GOOD"
"90729dea-b6d4-453b-afec-606653db2033","D02","LEWI","LEWI.AOS.groundwater.well.002","LEWI.W2.20190305.RAW","A00000034159","2019-03-05T14:08Z","2019-03-05T14:08Z","EcoCore_CSU","TSS - Dry Mass",1500.0000,"microgram",4.2,,0,"formatChange","GOOD"
"661c95f8-0b9a-4437-ba9b-a1799a8b90e4","D02","LEWI","LEWI.AOS.groundwater.well.002","LEWI.W2.20190305.FIL","A00000034158","2019-03-05T14:08Z","2019-03-05T14:08Z","EcoCore_CSU","Br",0.0050,"milligramsPerLiter",4.2,,0,"formatChange","GOOD"
"d27d79ea-5dd8-4bbd-a2a2-9c78997bdd49","D02","LEWI","LEWI.AOS.groundwater.well.002","LEWI.W2.20190305.FIL","A00000034158","2019-03-05T14:08Z","2019-03-05T14:08Z","EcoCore_CSU","Ortho - P",0.1370,"milligramsPerLiter",4.2,,0,"formatChange","GOOD"
"f62af801-4883-4cb5-8790-cb2f2d930e1b","D02","LEWI","LEWI.AOS.groundwater.well.002","LEWI.W2.20190305.RAW","A00000034159","2019-03-05T14:08Z","2019-03-05T14:08Z","EcoCore_CSU","TP",0.2810,"milligramsPerLiter",4.2,,0,"formatChange","GOOD"
"bb603948-232f-41ea-afee-f8089a6dd5d2","D02","LEWI","LEWI.AOS.groundwater.well.002","LEWI.W2.20190305.FIL","A00000034158","2019-03-05T14:08Z","2019-03-05T14:08Z","EcoCore_CSU","Ca",100.0030,"milligramsPerLiter",4.2,,0,"formatChange","GOOD"
"e65d258c-e979-40a5-b258-d54ebfa42ad2","D02","LEWI","LEWI.AOS.groundwater.well.002","LEWI.W2.20190305.FIL","A00000034158","2019-03-05T14:08Z","2019-03-05T14:08Z","EcoCore_CSU","TDN",0.4326,"milligramsPerLiter",4.2,,0,"formatChange","GOOD"
"95a9aa38-62f4-427f-914a-f038aa06c365","D02","LEWI","LEWI.AOS.groundwater.well.002","LEWI.W2.20190305.PCN","A00000034164","2019-03-05T14:08Z","2019-03-05T14:08Z","EcoCore_CSU","TPC",0.3431,"milligram",4.2,,0,"formatChange","GOOD"
"cfd876bf-6831-4023-bcf4-e07ddab0ce5d","D02","LEWI","LEWI.AOS.groundwater.well.002","LEWI.W2.20190305.FIL","A00000034158","2019-03-05T14:08Z","2019-03-05T14:08Z","EcoCore_CSU","SO4",5.6760,"milligramsPerLiter",4.2,,0,"formatChange","GOOD"
"c14735b2-6621-4119-8662-0c9605c01efd","D02","LEWI","LEWI.AOS.groundwater.well.002","LEWI.W2.20190305.FIL","A00000034158","2019-03-05T14:08Z","2019-03-05T14:08Z","EcoCore_CSU","NH4 - N",0.1251,"milligramsPerLiter",4.2,,0,"formatChange","GOOD"
"5bd7cbf6-2ccc-4a6c-815c-bbd0702b23a5","D02","LEWI","LEWI.AOS.groundwater.well.002","LEWI.W2.20190305.FIL","A00000034158","2019-03-05T14:08Z","2019-03-05T14:08Z","EcoCore_CSU","F",0.6799,"milligramsPerLiter",4.2,,0,"formatChange","GOOD"
"11611ac9-df3c-439d-931e-e4484ea0e027","D02","LEWI","LEWI.AOS.groundwater.well.002","LEWI.W2.20190305.FIL","A00000034158","2019-03-05T14:08Z","2019-03-05T14:08Z","EcoCore_CSU","DIC",86.9100,"milligramsPerLiter",4.2,,0,"formatChange","GOOD"
"b9aba1a8-edb2-436b-85ed-5a3901543ff5","D02","LEWI","LEWI.AOS.groundwater.well.002","LEWI.W2.20190305.FIL","A00000034158","2019-03-05T14:08Z","2019-03-05T14:08Z","EcoCore_CSU","Cl",4.4201,"milligramsPerLiter",4.2,,0,"formatChange","GOOD"
"26def9f2-4691-45cf-a1dc-9d1a4f027726","D02","LEWI","LEWI.AOS.groundwater.well.002","LEWI.W2.20190305.FIL","A00000034158","2019-03-05T14:08Z","2019-03-05T14:08Z","EcoCore_CSU","Si",4.3328,"milligramsPerLiter",4.2,,0,"formatChange","GOOD"
"03a92777-6487-4525-8d1f-7caeeaffc741","D02","LEWI","LEWI.AOS.groundwater.well.002","LEWI.W2.20190305.FIL","A00000034158","2019-03-05T14:08Z","2019-03-05T14:08Z","EcoCore_CSU","TDP",0.0005,"milligramsPerLiter",4.2,,0,"formatChange","GOOD"
"7bd2b089-4b25-4230-b535-2b38d0f5acb4","D02","LEWI","LEWI.AOS.groundwater.well.002","LEWI.W2.20190305.FIL","A00000034158","2019-03-05T14:08Z","2019-03-05T14:08Z","EcoCore_CSU","TDS",410.2900,"milligramsPerLiter",4.2,,0,"formatChange","GOOD"
"8addeafc-0afa-456c-a6e8-f8656083ea30","D02","LEWI","LEWI.AOS.groundwater.well.002","LEWI.W2.20190305.RAW","A00000034159","2019-03-05T14:08Z","2019-03-05T14:08Z","EcoCore_CSU","ANC",5.9800,"milliequivalentsPerLiter",4.2,,0,"formatChange","GOOD"
"e3b2a7b2-765f-41c8-ba0a-15e0a543945f","D02","LEWI","LEWI.AOS.groundwater.well.002","LEWI.W2.20190305.FIL","A00000034158","2019-03-05T14:08Z","2019-03-05T14:08Z","EcoCore_CSU","Na",1.8640,"milligramsPerLiter",4.2,,0,"formatChange","GOOD"
"a410c1fc-3555-4db7-93f3-c753157bf1c1","D02","LEWI","LEWI.AOS.groundwater.well.002","LEWI.W2.20190305.FIL","A00000034158","2019-03-05T14:08Z","2019-03-05T14:08Z","EcoCore_CSU","Mg",7.7210,"milligramsPerLiter",4.2,,0,"formatChange","GOOD"
"fe8e2bfc-3e88-47d2-b51c-401dbf64e4cc","D02","LEWI","LEWI.AOS.groundwater.well.002","LEWI.W2.20190305.PCN","A00000034164","2019-03-05T14:08Z","2019-03-05T14:08Z","EcoCore_CSU","TPN",0.0935,"milligram",4.2,,0,"formatChange","GOOD"
"c69c2c98-b1b6-4fba-a6e2-b94dfc30d9de","D02","LEWI","LEWI.AOS.groundwater.well.002","LEWI.W2.20190305.FIL","A00000034158","2019-03-05T14:08Z","2019-03-05T14:08Z","EcoCore_CSU","UV Absorbance (250 nm)",0.0129,,4.2,,0,"formatChange","GOOD"
"29c7405a-8bac-49b8-a2bf-2b3608ebdba6","D02","LEWI","LEWI.AOS.groundwater.well.002","LEWI.W2.20190305.FIL","A00000034158","2019-03-05T14:08Z","2019-03-05T14:08Z","EcoCore_CSU","CO3",0.0050,"milligramsPerLiter",4.2,,0,"formatChange","GOOD"
"86d9ce39-86d4-49b8-9be6-a869131c3997","D02","LEWI","LEWI.AOS.groundwater.well.002","LEWI.W2.20190305.FIL","A00000034158","2019-03-05T14:08Z","2019-03-05T14:08Z","EcoCore_CSU","K",0.2500,"milligramsPerLiter",4.2,,0,"formatChange","GOOD"
"643516da-45a6-45f9-9e02-74a888288262","D02","LEWI","LEWI.AOS.groundwater.well.002","LEWI.W2.20190305.RAW","A00000034159","2019-03-05T14:08Z","2019-03-05T14:08Z","EcoCore_CSU","TN",0.4815,"milligramsPerLiter",4.2,,0,"formatChange","GOOD"
"a61fbfeb-2c1f-41fd-a4f4-28792c3d0c8a","D02","LEWI","LEWI.AOS.groundwater.well.002","LEWI.W2.20190305.FIL","A00000034158","2019-03-05T14:08Z","2019-03-05T14:08Z","EcoCore_CSU","NO3+NO2 - N",0.3562,"milligramsPerLiter",4.2,,0,"formatChange","GOOD"
"94304659-c5a6-4185-a83c-ec53b767c7a0","D02","LEWI","LEWI.AOS.groundwater.well.002","LEWI.W2.20190305.RAW","A00000034159","2019-03-05T14:08Z","2019-03-05T14:08Z","EcoCore_CSU","TOC",1.3580,"milligramsPerLiter",4.2,,0,"formatChange","GOOD"
"09809423-93d9-4e27-a370-ae682bb439fb","D02","LEWI","LEWI.AOS.groundwater.well.002","LEWI.W2.20190305.RAW","A00000034159","2019-03-05T14:08Z","2019-03-05T14:08Z","EcoCore_CSU","conductivity",585.4700,"microsiemensPerCentimeter",4.2,,0,"formatChange","GOOD"
"8e420a22-8fa7-4cbf-8774-3f72fa277351","D02","LEWI","LEWI.AOS.groundwater.well.002","LEWI.W2.20190305.RAW","A00000034159","2019-03-05T14:08Z","2019-03-05T14:08Z","EcoCore_CSU","TSS",30.0000,"milligramsPerLiter",4.2,,0,"formatChange","GOOD"
"8c22d870-0442-4342-ae2d-24622c7ddeb5","D02","LEWI","LEWI.AOS.groundwater.well.002","LEWI.W2.20190305.RAW","A00000034159","2019-03-05T14:08Z","2019-03-05T14:08Z","EcoCore_CSU","pH",7.5200,"pH",4.2,,0,"formatChange","GOOD"
"3e1566f9-b555-4ac9-991b-5e794aae4a5d","D02","LEWI","LEWI.AOS.groundwater.well.002","LEWI.W2.20190305.FIL","A00000034158","2019-03-05T14:08Z","2019-03-05T14:08Z","EcoCore_CSU","Mn",0.0005,"milligramsPerLiter",4.2,,0,"formatChange","GOOD"
"dadcc67a-581c-43bc-b771-08f1008042a2","D02","LEWI","LEWI.AOS.groundwater.well.006","LEWI.W6.20190305.RAW","A00000034162","2019-03-05T15:45Z","2019-03-05T15:45Z","EcoCore_CSU","TSS - Dry Mass",500.0000,"microgram",4.2,,0,"formatChange","GOOD"
"42b6afa7-cd76-4dac-892a-bef08095e4eb","D02","LEWI","LEWI.AOS.groundwater.well.006","LEWI.W6.20190305.FIL","A00000034163","2019-03-05T15:45Z","2019-03-05T15:45Z","EcoCore_CSU","CO3",0.0050,"milligramsPerLiter",4.2,,0,"formatChange","GOOD"
"285ee028-9a81-4c27-af6d-be47b68ff3db","D02","LEWI","LEWI.AOS.groundwater.well.006","LEWI.W6.20190305.FIL","A00000034163","2019-03-05T15:45Z","2019-03-05T15:45Z","EcoCore_CSU","NO2 - N",0.0408,"milligramsPerLiter",4.2,,0,"formatChange","GOOD"
"ecec0423-ae23-41ac-92d5-16f14b4c340d","D02","LEWI","LEWI.AOS.groundwater.well.006","LEWI.W6.20190305.FIL","A00000034163","2019-03-05T15:45Z","2019-03-05T15:45Z","EcoCore_CSU","DIC",91.2200,"milligramsPerLiter",4.2,,0,"formatChange","GOOD"
"106da602-5c2d-4fda-8ad5-080c48d99629","D02","LEWI","LEWI.AOS.groundwater.well.006","LEWI.W6.20190305.RAW","A00000034162","2019-03-05T15:45Z","2019-03-05T15:45Z","EcoCore_CSU","TSS",10.0000,"milligramsPerLiter",4.2,,0,"formatChange","GOOD"
"717d7ac9-3fdb-4a0b-be32-09d54a095221","D02","LEWI","LEWI.AOS.groundwater.well.006","LEWI.W6.20190305.RAW","A00000034162","2019-03-05T15:45Z","2019-03-05T15:45Z","EcoCore_CSU","TN",0.2095,"milligramsPerLiter",4.2,,0,"formatChange","GOOD"
"d38451a0-51dc-46b1-9fba-397f555b2c14","D02","LEWI","LEWI.AOS.groundwater.well.006","LEWI.W6.20190305.FIL","A00000034163","2019-03-05T15:45Z","2019-03-05T15:45Z","EcoCore_CSU","DOC",0.9188,"milligramsPerLiter",4.2,,0,"formatChange","GOOD"
"08e3743b-30ca-4f63-a501-c4781dc6cce9","D02","LEWI","LEWI.AOS.groundwater.well.006","LEWI.W6.20190305.PCN","A00000034165","2019-03-05T15:45Z","2019-03-05T15:45Z","EcoCore_CSU","TPN",0.0657,"milligram",4.2,,0,"formatChange","GOOD"
"5e5558aa-32ed-4f32-8895-270f83ab730c","D02","LEWI","LEWI.AOS.groundwater.well.006","LEWI.W6.20190305.RAW","A00000034162","2019-03-05T15:45Z","2019-03-05T15:45Z","EcoCore_CSU","TP",0.0420,"milligramsPerLiter",4.2,,0,"formatChange","GOOD"
"ccd5d3cd-f53e-4cf1-a0e9-16c387185aa5","D02","LEWI","LEWI.AOS.groundwater.well.006","LEWI.W6.20190305.FIL","A00000034163","2019-03-05T15:45Z","2019-03-05T15:45Z","EcoCore_CSU","TDS",481.2900,"milligramsPerLiter",4.2,,0,"formatChange","GOOD"
"276bfcce-6140-4eb9-8b0b-d677320e415c","D02","LEWI","LEWI.AOS.groundwater.well.006","LEWI.W6.20190305.FIL","A00000034163","2019-03-05T15:45Z","2019-03-05T15:45Z","EcoCore_CSU","K",0.8980,"milligramsPerLiter",4.2,,0,"formatChange","GOOD"
"5a169152-c90e-460c-b62f-86b3ad60bf76","D02","LEWI","LEWI.AOS.groundwater.well.006","LEWI.W6.20190305.FIL","A00000034163","2019-03-05T15:45Z","2019-03-05T15:45Z","EcoCore_CSU","NO3+NO2 - N",0.0576,"milligramsPerLiter",4.2,,0,"formatChange","GOOD"
"1d30485d-096c-4485-85f6-00b93a00e566","D02","LEWI","LEWI.AOS.groundwater.well.006","LEWI.W6.20190305.FIL","A00000034163","2019-03-05T15:45Z","2019-03-05T15:45Z","EcoCore_CSU","NH4 - N",0.1061,"milligramsPerLiter",4.2,,0,"formatChange","GOOD"
"9f9413c1-6901-4748-ae15-2194d9083158","D02","LEWI","LEWI.AOS.groundwater.well.006","LEWI.W6.20190305.PCN","A00000034165","2019-03-05T15:45Z","2019-03-05T15:45Z","EcoCore_CSU","TPC",0.2939,"milligram",4.2,,0,"formatChange","GOOD"
"ae0ffc05-9cfc-4dd6-8dbb-a605d0c34204","D02","LEWI","LEWI.AOS.groundwater.well.006","LEWI.W6.20190305.FIL","A00000034163","2019-03-05T15:45Z","2019-03-05T15:45Z","EcoCore_CSU","Na",2.3860,"milligramsPerLiter",4.2,,0,"formatChange","GOOD"
"dd1131a8-0980-4c35-9230-627bae8c441a","D02","LEWI","LEWI.AOS.groundwater.well.006","LEWI.W6.20190305.FIL","A00000034163","2019-03-05T15:45Z","2019-03-05T15:45Z","EcoCore_CSU","Mn",0.1970,"milligramsPerLiter",4.2,,0,"formatChange","GOOD"
"36660ad1-ddf3-4e91-9aed-44b6cec9c334","D02","LEWI","LEWI.AOS.groundwater.well.006","LEWI.W6.20190305.FIL","A00000034163","2019-03-05T15:45Z","2019-03-05T15:45Z","EcoCore_CSU","Ca",91.9444,"milligramsPerLiter",4.2,,0,"formatChange","GOOD"
"666047f2-88a2-4200-ae24-c63795958ebc","D02","LEWI","LEWI.AOS.groundwater.well.006","LEWI.W6.20190305.FIL","A00000034163","2019-03-05T15:45Z","2019-03-05T15:45Z","EcoCore_CSU","Fe",0.0145,"milligramsPerLiter",4.2,,0,"formatChange","GOOD"
"404f2776-1224-4477-8f28-fed5ea0605a1","D02","LEWI","LEWI.AOS.groundwater.well.006","LEWI.W6.20190305.RAW","A00000034162","2019-03-05T15:45Z","2019-03-05T15:45Z","EcoCore_CSU","TOC",0.8378,"milligramsPerLiter",4.2,,0,"formatChange","GOOD"
"54a2d9bf-a7a5-440a-9df3-b3e8e204e780","D02","LEWI","LEWI.AOS.groundwater.well.006","LEWI.W6.20190305.FIL","A00000034163","2019-03-05T15:45Z","2019-03-05T15:45Z","EcoCore_CSU","SO4",14.4930,"milligramsPerLiter",4.2,,0,"formatChange","GOOD"
"fb216336-bdfa-43ea-a55c-6c3dc43ed8a5","D02","LEWI","LEWI.AOS.groundwater.well.006","LEWI.W6.20190305.FIL","A00000034163","2019-03-05T15:45Z","2019-03-05T15:45Z","EcoCore_CSU","F",1.2706,"milligramsPerLiter",4.2,,0,"formatChange","GOOD"
"04a8095c-0e29-4413-aba2-9e8221fe944e","D02","LEWI","LEWI.AOS.groundwater.well.006","LEWI.W6.20190305.FIL","A00000034163","2019-03-05T15:45Z","2019-03-05T15:45Z","EcoCore_CSU","Cl",4.3648,"milligramsPerLiter",4.2,,0,"formatChange","GOOD"
"3505dfec-0aa4-44f0-8304-bcb46a4e6f94","D02","LEWI","LEWI.AOS.groundwater.well.006","LEWI.W6.20190305.FIL","A00000034163","2019-03-05T15:45Z","2019-03-05T15:45Z","EcoCore_CSU","UV Absorbance (280 nm)",0.0143,,4.2,,0,"formatChange","GOOD"
"7929645f-1c9c-4121-9e49-5c96682b556d","D02","LEWI","LEWI.AOS.groundwater.well.006","LEWI.W6.20190305.FIL","A00000034163","2019-03-05T15:45Z","2019-03-05T15:45Z","EcoCore_CSU","Ortho - P",0.0320,"milligramsPerLiter",4.2,,0,"formatChange","GOOD"
"df771a0e-f134-4e32-b21a-14385ef406e1","D02","LEWI","LEWI.AOS.groundwater.well.006","LEWI.W6.20190305.FIL","A00000034163","2019-03-05T15:45Z","2019-03-05T15:45Z","EcoCore_CSU","Si",5.6549,"milligramsPerLiter",4.2,,0,"formatChange","GOOD"
"9c467854-6ff8-4f41-856d-1812811fa914","D02","LEWI","LEWI.AOS.groundwater.well.006","LEWI.W6.20190305.RAW","A00000034162","2019-03-05T15:45Z","2019-03-05T15:45Z","EcoCore_CSU","ANC",7.0800,"milliequivalentsPerLiter",4.2,,0,"formatChange","GOOD"
"5d6d3ba0-3ec2-4472-bb2c-1287d1b65615","D02","LEWI","LEWI.AOS.groundwater.well.006","LEWI.W6.20190305.FIL","A00000034163","2019-03-05T15:45Z","2019-03-05T15:45Z","EcoCore_CSU","UV Absorbance (250 nm)",0.0160,,4.2,,0,"formatChange","GOOD"
"3df29c32-f3e7-4325-b5da-6be1728dcfa5","D02","LEWI","LEWI.AOS.groundwater.well.006","LEWI.W6.20190305.FIL","A00000034163","2019-03-05T15:45Z","2019-03-05T15:45Z","EcoCore_CSU","Br",0.0050,"milligramsPerLiter",4.2,,0,"formatChange","GOOD"
"011792f4-2ab5-4d2a-bd7e-2ce3e496a3e9","D02","LEWI","LEWI.AOS.groundwater.well.006","LEWI.W6.20190305.FIL","A00000034163","2019-03-05T15:45Z","2019-03-05T15:45Z","EcoCore_CSU","HCO3",389.2100,"milligramsPerLiter",4.2,,0,"formatChange","GOOD"
"365e3841-5ff0-45e0-8719-59c308623cf3","D02","LEWI","LEWI.AOS.groundwater.well.006","LEWI.W6.20190305.FIL","A00000034163","2019-03-05T15:45Z","2019-03-05T15:45Z","EcoCore_CSU","Mg",25.6100,"milligramsPerLiter",4.2,,0,"formatChange","GOOD"
"26b36ce8-65cb-4e6b-a034-3dee2800c701","D02","LEWI","LEWI.AOS.groundwater.well.006","LEWI.W6.20190305.FIL","A00000034163","2019-03-05T15:45Z","2019-03-05T15:45Z","EcoCore_CSU","TDN",0.1996,"milligramsPerLiter",4.2,,0,"formatChange","GOOD"
"aed6d40d-1ef3-4b49-8147-d507aa684ab3","D02","LEWI","LEWI.AOS.groundwater.well.006","LEWI.W6.20190305.FIL","A00000034163","2019-03-05T15:45Z","2019-03-05T15:45Z","EcoCore_CSU","TDP",0.0005,"milligramsPerLiter",4.2,,0,"formatChange","GOOD"
"bb2f7c4a-0ee2-4871-ad99-e94281efa883","D02","LEWI","LEWI.AOS.groundwater.well.006","LEWI.W6.20190305.RAW","A00000034162","2019-03-05T15:45Z","2019-03-05T15:45Z","EcoCore_CSU","conductivity",686.2900,"microsiemensPerCentimeter",4.2,,0,"formatChange","GOOD"
"b7d900e1-e657-4956-b1ef-cceeea9ef3cd","D02","LEWI","LEWI.AOS.groundwater.well.006","LEWI.W6.20190305.RAW","A00000034162","2019-03-05T15:45Z","2019-03-05T15:45Z","EcoCore_CSU","pH",7.2000,"pH",4.2,,0,"formatChange","GOOD"
"98d0082a-03f1-43a9-8d03-a24ba3fc7f23","D02","LEWI","LEWI.AOS.groundwater.well.008","LEWI.W8.20190305.FIL","A00000034161","2019-03-05T16:56Z","2019-03-05T16:56Z","EcoCore_CSU","NO2 - N",-0.0017,"milligramsPerLiter",4.2,,0,"formatChange","GOOD"
"d495d268-c33b-4e6b-abad-1b813c7c1b0f","D02","LEWI","LEWI.AOS.groundwater.well.008","LEWI.W8.20190305.FIL","A00000034161","2019-03-05T16:56Z","2019-03-05T16:56Z","EcoCore_CSU","DOC",1.0070,"milligramsPerLiter",4.2,,0,"formatChange","GOOD"
"b26b6f40-4594-4ac8-a3bb-05ac1307ca1c","D02","LEWI","LEWI.AOS.groundwater.well.008","LEWI.W8.20190305.FIL","A00000034161","2019-03-05T16:56Z","2019-03-05T16:56Z","EcoCore_CSU","UV Absorbance (280 nm)",0.0396,,4.2,,0,"formatChange","GOOD"
"fad489c8-b17c-43d7-bd64-5e0eee6a6de8","D02","LEWI","LEWI.AOS.groundwater.well.008","LEWI.W8.20190305.FIL","A00000034161","2019-03-05T16:56Z","2019-03-05T16:56Z","EcoCore_CSU","DIC",89.4000,"milligramsPerLiter",4.2,,0,"formatChange","GOOD"
"ca1e3c6f-6d8c-4e60-88e2-7176bf1f3d4b","D02","LEWI","LEWI.AOS.groundwater.well.008","LEWI.W8.20190305.FIL","A00000034161","2019-03-05T16:56Z","2019-03-05T16:56Z","EcoCore_CSU","Mn",0.0180,"milligramsPerLiter",4.2,,0,"formatChange","GOOD"
"297a73a6-686a-4048-a5cc-7b05f2b2cf41","D02","LEWI","LEWI.AOS.groundwater.well.008","LEWI.W8.20190305.FIL","A00000034161","2019-03-05T16:56Z","2019-03-05T16:56Z","EcoCore_CSU","TDN",0.3924,"milligramsPerLiter",4.2,,0,"formatChange","GOOD"
"db06b85c-18e5-4863-a832-19b936bea4c1","D02","LEWI","LEWI.AOS.groundwater.well.008","LEWI.W8.20190305.RAW","A00000034160","2019-03-05T16:56Z","2019-03-05T16:56Z","EcoCore_CSU","TOC",1.8250,"milligramsPerLiter",4.2,,0,"formatChange","GOOD"
"67a17f78-4da3-47a0-8449-1be926d4862b","D02","LEWI","LEWI.AOS.groundwater.well.008","LEWI.W8.20190305.FIL","A00000034161","2019-03-05T16:56Z","2019-03-05T16:56Z","EcoCore_CSU","Mg",22.7000,"milligramsPerLiter",4.2,,0,"formatChange","GOOD"
"f84ff89e-cda4-458c-b9e1-b7c01602cc5b","D02","LEWI","LEWI.AOS.groundwater.well.008","LEWI.W8.20190305.PCN","A00000034166","2019-03-05T16:56Z","2019-03-05T16:56Z","EcoCore_CSU","TPN",0.0600,"milligram",4.2,,0,"formatChange","GOOD"
"f9f26ebc-047a-4b90-b856-acab3e464b7a","D02","LEWI","LEWI.AOS.groundwater.well.008","LEWI.W8.20190305.FIL","A00000034161","2019-03-05T16:56Z","2019-03-05T16:56Z","EcoCore_CSU","Fe",2.8763,"milligramsPerLiter",4.2,,0,"formatChange","GOOD"
"6bf9dede-4fb5-41e7-a78a-764f95637f07","D02","LEWI","LEWI.AOS.groundwater.well.008","LEWI.W8.20190305.FIL","A00000034161","2019-03-05T16:56Z","2019-03-05T16:56Z","EcoCore_CSU","Ortho - P",0.0220,"milligramsPerLiter",4.2,,0,"formatChange","GOOD"
"6df63fec-9562-43e1-8864-b65bf17411eb","D02","LEWI","LEWI.AOS.groundwater.well.008","LEWI.W8.20190305.FIL","A00000034161","2019-03-05T16:56Z","2019-03-05T16:56Z","EcoCore_CSU","Ca",87.6903,"milligramsPerLiter",4.2,,0,"formatChange","GOOD"
"60291999-e10f-421a-a800-45315f7261fc","D02","LEWI","LEWI.AOS.groundwater.well.008","LEWI.W8.20190305.FIL","A00000034161","2019-03-05T16:56Z","2019-03-05T16:56Z","EcoCore_CSU","SO4",15.9630,"milligramsPerLiter",4.2,,0,"formatChange","GOOD"
"a904c54f-3b90-4052-8cab-d7a838321ba9","D02","LEWI","LEWI.AOS.groundwater.well.008","LEWI.W8.20190305.FIL","A00000034161","2019-03-05T16:56Z","2019-03-05T16:56Z","EcoCore_CSU","F",1.0045,"milligramsPerLiter",4.2,,0,"formatChange","GOOD"
"d4641ef5-ef08-4529-8ab2-7b36816f92c4","D02","LEWI","LEWI.AOS.groundwater.well.008","LEWI.W8.20190305.FIL","A00000034161","2019-03-05T16:56Z","2019-03-05T16:56Z","EcoCore_CSU","NO3+NO2 - N",-0.0747,"milligramsPerLiter",4.2,,0,"formatChange","GOOD"
"0bcdefeb-2480-4096-baa4-fbc96621a57b","D02","LEWI","LEWI.AOS.groundwater.well.008","LEWI.W8.20190305.RAW","A00000034160","2019-03-05T16:56Z","2019-03-05T16:56Z","EcoCore_CSU","TSS - Dry Mass",4300.0000,"microgram",4.2,,0,"formatChange","GOOD"
"dda9cfef-6208-4862-9cf7-5152da6eb0b7","D02","LEWI","LEWI.AOS.groundwater.well.008","LEWI.W8.20190305.FIL","A00000034161","2019-03-05T16:56Z","2019-03-05T16:56Z","EcoCore_CSU","Si",5.0459,"milligramsPerLiter",4.2,,0,"formatChange","GOOD"
"ed8ce806-0311-4533-a6c3-73d957c2fc16","D02","LEWI","LEWI.AOS.groundwater.well.008","LEWI.W8.20190305.FIL","A00000034161","2019-03-05T16:56Z","2019-03-05T16:56Z","EcoCore_CSU","CO3",0.0050,"milligramsPerLiter",4.2,,0,"formatChange","GOOD"
"35eab6e4-2783-4296-8e25-817fe8cc2ed6","D02","LEWI","LEWI.AOS.groundwater.well.008","LEWI.W8.20190305.FIL","A00000034161","2019-03-05T16:56Z","2019-03-05T16:56Z","EcoCore_CSU","TDS",450.2700,"milligramsPerLiter",4.2,,0,"formatChange","GOOD"
"3749da91-458d-4af8-bfc3-92dc1924b5fe","D02","LEWI","LEWI.AOS.groundwater.well.008","LEWI.W8.20190305.FIL","A00000034161","2019-03-05T16:56Z","2019-03-05T16:56Z","EcoCore_CSU","Cl",7.6604,"milligramsPerLiter",4.2,,0,"formatChange","GOOD"
"5e23038e-4911-40c7-b861-ffce0f7fe05c","D02","LEWI","LEWI.AOS.groundwater.well.008","LEWI.W8.20190305.RAW","A00000034160","2019-03-05T16:56Z","2019-03-05T16:56Z","EcoCore_CSU","ANC",6.3700,"milliequivalentsPerLiter",4.2,,0,"formatChange","GOOD"
"60616a6a-2d60-41b1-acf2-e96172d38275","D02","LEWI","LEWI.AOS.groundwater.well.008","LEWI.W8.20190305.FIL","A00000034161","2019-03-05T16:56Z","2019-03-05T16:56Z","EcoCore_CSU","HCO3",357.1700,"milligramsPerLiter",4.2,,0,"formatChange","GOOD"
"e5282fcb-41f5-4673-99b5-eda5bea1858b","D02","LEWI","LEWI.AOS.groundwater.well.008","LEWI.W8.20190305.FIL","A00000034161","2019-03-05T16:56Z","2019-03-05T16:56Z","EcoCore_CSU","TDP",0.0181,"milligramsPerLiter",4.2,,0,"formatChange","GOOD"
"51d44870-759c-4160-a12e-58b5414bea7c","D02","LEWI","LEWI.AOS.groundwater.well.008","LEWI.W8.20190305.FIL","A00000034161","2019-03-05T16:56Z","2019-03-05T16:56Z","EcoCore_CSU","NH4 - N",0.3061,"milligramsPerLiter",4.2,,0,"formatChange","GOOD"
"d37c7844-ab6f-4ac9-b43a-0351d3e54682","D02","LEWI","LEWI.AOS.groundwater.well.008","LEWI.W8.20190305.RAW","A00000034160","2019-03-05T16:56Z","2019-03-05T16:56Z","EcoCore_CSU","TSS",86.0000,"milligramsPerLiter",4.2,,0,"formatChange","GOOD"
"2e74e509-c1d9-4004-8fe7-095dfa6fcd65","D02","LEWI","LEWI.AOS.groundwater.well.008","LEWI.W8.20190305.PCN","A00000034166","2019-03-05T16:56Z","2019-03-05T16:56Z","EcoCore_CSU","TPC",0.5016,"milligram",4.2,,0,"formatChange","GOOD"
"5eb6a793-84d6-4f23-b7c0-fd0db087fdac","D02","LEWI","LEWI.AOS.groundwater.well.008","LEWI.W8.20190305.FIL","A00000034161","2019-03-05T16:56Z","2019-03-05T16:56Z","EcoCore_CSU","UV Absorbance (250 nm)",0.0561,,4.2,,0,"formatChange","GOOD"
"69eb6a57-8227-47cf-ba06-02901c464297","D02","LEWI","LEWI.AOS.groundwater.well.008","LEWI.W8.20190305.RAW","A00000034160","2019-03-05T16:56Z","2019-03-05T16:56Z","EcoCore_CSU","pH",7.4200,"pH",4.2,,0,"formatChange","GOOD"
"50a529bb-f859-4ae5-bf86-acffd058945c","D02","LEWI","LEWI.AOS.groundwater.well.008","LEWI.W8.20190305.FIL","A00000034161","2019-03-05T16:56Z","2019-03-05T16:56Z","EcoCore_CSU","Br",0.0050,"milligramsPerLiter",4.2,,0,"formatChange","GOOD"
"3c3cd5d3-d05b-4de0-ae0e-96eab1b90364","D02","LEWI","LEWI.AOS.groundwater.well.008","LEWI.W8.20190305.FIL","A00000034161","2019-03-05T16:56Z","2019-03-05T16:56Z","EcoCore_CSU","K",1.3430,"milligramsPerLiter",4.2,,0,"formatChange","GOOD"
"4dee9c99-7a3b-45cf-b510-7877bfe25433","D02","LEWI","LEWI.AOS.groundwater.well.008","LEWI.W8.20190305.FIL","A00000034161","2019-03-05T16:56Z","2019-03-05T16:56Z","EcoCore_CSU","Na",2.8310,"milligramsPerLiter",4.2,,0,"formatChange","GOOD"
"f2895e73-3485-402d-9380-a0351060f164","D02","LEWI","LEWI.AOS.groundwater.well.008","LEWI.W8.20190305.RAW","A00000034160","2019-03-05T16:56Z","2019-03-05T16:56Z","EcoCore_CSU","TP",0.6150,"milligramsPerLiter",4.2,,0,"formatChange","GOOD"
"9af1d9c7-3547-4f4e-bfce-87b736eb94f2","D02","LEWI","LEWI.AOS.groundwater.well.008","LEWI.W8.20190305.RAW","A00000034160","2019-03-05T16:56Z","2019-03-05T16:56Z","EcoCore_CSU","TN",0.3962,"milligramsPerLiter",4.2,,0,"formatChange","GOOD"
"cbc9fff5-f174-4c7c-8303-de1d8ebc6de8","D02","LEWI","LEWI.AOS.groundwater.well.008","LEWI.W8.20190305.RAW","A00000034160","2019-03-05T16:56Z","2019-03-05T16:56Z","EcoCore_CSU","conductivity",645.8500,"microsiemensPerCentimeter",4.2,,0,"formatChange","GOOD"
"179a57d6-2439-4c07-a305-ecb3e1978bca","D02","LEWI","LEWI.AOS.groundwater.well.001","LEWI.W1.20190305.FIL","A00000034129","2019-03-05T18:41Z","2019-03-05T18:41Z","EcoCore_CSU","Ca",105.7960,"milligramsPerLiter",4.2,,0,"formatChange","GOOD"
"0892ccb7-e197-48ab-8f46-ba18817f50b7","D02","LEWI","LEWI.AOS.groundwater.well.001","LEWI.W1.20190305.FIL","A00000034129","2019-03-05T18:41Z","2019-03-05T18:41Z","EcoCore_CSU","Cl",4.4433,"milligramsPerLiter",4.2,,0,"formatChange","GOOD"
"3e17c8d5-78f8-4f54-9bad-063bb32fc625","D02","LEWI","LEWI.AOS.groundwater.well.001","LEWI.W1.20190305.FIL","A00000034129","2019-03-05T18:41Z","2019-03-05T18:41Z","EcoCore_CSU","NO2 - N",0.0396,"milligramsPerLiter",4.2,,0,"formatChange","GOOD"
"19a74465-4948-4fbb-a1a8-643fed33647e","D02","LEWI","LEWI.AOS.groundwater.well.001","LEWI.W1.20190305.RAW","A00000034128","2019-03-05T18:41Z","2019-03-05T18:41Z","EcoCore_CSU","TSS",20.0000,"milligramsPerLiter",4.2,,0,"formatChange","GOOD"
"9ec7072c-813f-42db-9840-11ece8d6259e","D02","LEWI","LEWI.AOS.groundwater.well.001","LEWI.W1.20190305.RAW","A00000034128","2019-03-05T18:41Z","2019-03-05T18:41Z","EcoCore_CSU","ANC",8.0500,"milliequivalentsPerLiter",4.2,,0,"formatChange","GOOD"
"ca212e19-0b3d-4e4e-9371-9f39e31b70a4","D02","LEWI","LEWI.AOS.groundwater.well.001","LEWI.W1.20190305.FIL","A00000034129","2019-03-05T18:41Z","2019-03-05T18:41Z","EcoCore_CSU","Br",0.0050,"milligramsPerLiter",4.2,,0,"formatChange","GOOD"
"7261738d-e49b-4e41-9079-d4e40df548d3","D02","LEWI","LEWI.AOS.groundwater.well.001","LEWI.W1.20190305.RAW","A00000034128","2019-03-05T18:41Z","2019-03-05T18:41Z","EcoCore_CSU","pH",7.4400,"pH",4.2,,0,"formatChange","GOOD"
"dc7ece5d-c42f-48d0-8882-734fe9c71ec9","D02","LEWI","LEWI.AOS.groundwater.well.001","LEWI.W1.20190305.FIL","A00000034129","2019-03-05T18:41Z","2019-03-05T18:41Z","EcoCore_CSU","TDP",0.0005,"milligramsPerLiter",4.2,,0,"formatChange","GOOD"
"e50383ee-b3f0-4532-867b-2a88aab443ea","D02","LEWI","LEWI.AOS.groundwater.well.001","LEWI.W1.20190305.FIL","A00000034129","2019-03-05T18:41Z","2019-03-05T18:41Z","EcoCore_CSU","SO4",17.8890,"milligramsPerLiter",4.2,,0,"formatChange","GOOD"
"5afd41ec-f723-4bfe-894b-e370229f20e3","D02","LEWI","LEWI.AOS.groundwater.well.001","LEWI.W1.20190305.FIL","A00000034129","2019-03-05T18:41Z","2019-03-05T18:41Z","EcoCore_CSU","Fe",0.0005,"milligramsPerLiter",4.2,,0,"formatChange","GOOD"
"9de404bc-6c58-4aad-bfbf-310862ad5a8b","D02","LEWI","LEWI.AOS.groundwater.well.001","LEWI.W1.20190305.FIL","A00000034129","2019-03-05T18:41Z","2019-03-05T18:41Z","EcoCore_CSU","TDS",538.1700,"milligramsPerLiter",4.2,,0,"formatChange","GOOD"
"52fa0fb4-da9a-49f9-90d7-c22b732ccdac","D02","LEWI","LEWI.AOS.groundwater.well.001","LEWI.W1.20190305.FIL","A00000034129","2019-03-05T18:41Z","2019-03-05T18:41Z","EcoCore_CSU","CO3",0.0050,"milligramsPerLiter",4.2,,0,"formatChange","GOOD"
"35db5918-dc32-4abf-8fd5-46e890584030","D02","LEWI","LEWI.AOS.groundwater.well.001","LEWI.W1.20190305.FIL","A00000034129","2019-03-05T18:41Z","2019-03-05T18:41Z","EcoCore_CSU","NO3+NO2 - N",0.8467,"milligramsPerLiter",4.2,,0,"formatChange","GOOD"
"2df31c84-3d00-4e82-9a46-175900b7b23e","D02","LEWI","LEWI.AOS.groundwater.well.001","LEWI.W1.20190305.PCN","A00000034167","2019-03-05T18:41Z","2019-03-05T18:41Z","EcoCore_CSU","TPC",0.3544,"milligram",4.2,,0,"formatChange","GOOD"
"c3bf4fd8-c9ff-49c1-94a8-28efa749ba41","D02","LEWI","LEWI.AOS.groundwater.well.001","LEWI.W1.20190305.FIL","A00000034129","2019-03-05T18:41Z","2019-03-05T18:41Z","EcoCore_CSU","NH4 - N",0.0685,"milligramsPerLiter",4.2,,0,"formatChange","GOOD"
"1f5aa855-f396-44ac-b66f-2493ae45d23f","D02","LEWI","LEWI.AOS.groundwater.well.001","LEWI.W1.20190305.RAW","A00000034128","2019-03-05T18:41Z","2019-03-05T18:41Z","EcoCore_CSU","TOC",1.1150,"milligramsPerLiter",4.2,,0,"formatChange","GOOD"
"617565ef-1b5f-4473-9790-741b03671afb","D02","LEWI","LEWI.AOS.groundwater.well.001","LEWI.W1.20190305.FIL","A00000034129","2019-03-05T18:41Z","2019-03-05T18:41Z","EcoCore_CSU","DIC",95.4500,"milligramsPerLiter",4.2,,0,"formatChange","GOOD"
"8e760d73-5d66-4b1c-ba14-43cf41c3ff8e","D02","LEWI","LEWI.AOS.groundwater.well.001","LEWI.W1.20190305.RAW","A00000034128","2019-03-05T18:41Z","2019-03-05T18:41Z","EcoCore_CSU","TN",0.8696,"milligramsPerLiter",4.2,,0,"formatChange","GOOD"
"bfac12de-3804-4be7-a3e8-fc9c6bb59548","D02","LEWI","LEWI.AOS.groundwater.well.001","LEWI.W1.20190305.FIL","A00000034129","2019-03-05T18:41Z","2019-03-05T18:41Z","EcoCore_CSU","Ortho - P",0.0620,"milligramsPerLiter",4.2,,0,"formatChange","GOOD"
"14237872-2aed-4d8b-a9e2-730bfa4f2126","D02","LEWI","LEWI.AOS.groundwater.well.001","LEWI.W1.20190305.FIL","A00000034129","2019-03-05T18:41Z","2019-03-05T18:41Z","EcoCore_CSU","HCO3",435.6900,"milligramsPerLiter",4.2,,0,"formatChange","GOOD"
"a32f059c-cb64-4411-8537-47ffe4095724","D02","LEWI","LEWI.AOS.groundwater.well.001","LEWI.W1.20190305.FIL","A00000034129","2019-03-05T18:41Z","2019-03-05T18:41Z","EcoCore_CSU","Mn",0.0005,"milligramsPerLiter",4.2,,0,"formatChange","GOOD"
"ff868c5a-776e-4226-a8a5-37d502c2d7ee","D02","LEWI","LEWI.AOS.groundwater.well.001","LEWI.W1.20190305.FIL","A00000034129","2019-03-05T18:41Z","2019-03-05T18:41Z","EcoCore_CSU","Mg",26.2600,"milligramsPerLiter",4.2,,0,"formatChange","GOOD"
"55ef6901-901c-43f4-985c-af6a8e63d350","D02","LEWI","LEWI.AOS.groundwater.well.001","LEWI.W1.20190305.RAW","A00000034128","2019-03-05T18:41Z","2019-03-05T18:41Z","EcoCore_CSU","TP",0.5760,"milligramsPerLiter",4.2,,0,"formatChange","GOOD"
"2281fbbe-a383-42aa-a789-eb5e5718f8f9","D02","LEWI","LEWI.AOS.groundwater.well.001","LEWI.W1.20190305.RAW","A00000034128","2019-03-05T18:41Z","2019-03-05T18:41Z","EcoCore_CSU","TSS - Dry Mass",1000.0000,"microgram",4.2,,0,"formatChange","GOOD"
"c85fcc87-3c40-4a35-b119-6e6ada870051","D02","LEWI","LEWI.AOS.groundwater.well.001","LEWI.W1.20190305.FIL","A00000034129","2019-03-05T18:41Z","2019-03-05T18:41Z","EcoCore_CSU","TDN",0.8636,"milligramsPerLiter",4.2,,0,"formatChange","GOOD"
"3002cd50-5b41-4d2f-82b4-60415277eb0c","D02","LEWI","LEWI.AOS.groundwater.well.001","LEWI.W1.20190305.FIL","A00000034129","2019-03-05T18:41Z","2019-03-05T18:41Z","EcoCore_CSU","UV Absorbance (280 nm)",0.0998,,4.2,,0,"formatChange","GOOD"
"337bf5f0-32e3-45cf-bf32-2e24e1577d79","D02","LEWI","LEWI.AOS.groundwater.well.001","LEWI.W1.20190305.FIL","A00000034129","2019-03-05T18:41Z","2019-03-05T18:41Z","EcoCore_CSU","DOC",1.4360,"milligramsPerLiter",4.2,,0,"formatChange","GOOD"
"e6db43bf-cd5b-4d58-8104-f35671c7cc5a","D02","LEWI","LEWI.AOS.groundwater.well.001","LEWI.W1.20190305.PCN","A00000034167","2019-03-05T18:41Z","2019-03-05T18:41Z","EcoCore_CSU","TPN",0.1127,"milligram",4.2,,0,"formatChange","GOOD"
"af206a63-e25e-4891-ad52-b1893bbc39c2","D02","LEWI","LEWI.AOS.groundwater.well.001","LEWI.W1.20190305.RAW","A00000034128","2019-03-05T18:41Z","2019-03-05T18:41Z","EcoCore_CSU","conductivity",768.4100,"microsiemensPerCentimeter",4.2,,0,"formatChange","GOOD"
"3de67100-c9f0-46e9-9192-e4f0f9f9b10e","D02","LEWI","LEWI.AOS.groundwater.well.001","LEWI.W1.20190305.FIL","A00000034129","2019-03-05T18:41Z","2019-03-05T18:41Z","EcoCore_CSU","Na",3.3550,"milligramsPerLiter",4.2,,0,"formatChange","GOOD"
"07c629d0-08dd-432e-bb11-789de460f59c","D02","LEWI","LEWI.AOS.groundwater.well.001","LEWI.W1.20190305.FIL","A00000034129","2019-03-05T18:41Z","2019-03-05T18:41Z","EcoCore_CSU","Si",6.0599,"milligramsPerLiter",4.2,,0,"formatChange","GOOD"
"5f68cdd8-71b4-460b-96c9-0ac190145885","D02","LEWI","LEWI.AOS.groundwater.well.001","LEWI.W1.20190305.FIL","A00000034129","2019-03-05T18:41Z","2019-03-05T18:41Z","EcoCore_CSU","K",1.9450,"milligramsPerLiter",4.2,,0,"formatChange","GOOD"
"74901121-a488-48ec-9a94-0ecdd3720362","D02","LEWI","LEWI.AOS.groundwater.well.001","LEWI.W1.20190305.FIL","A00000034129","2019-03-05T18:41Z","2019-03-05T18:41Z","EcoCore_CSU","UV Absorbance (250 nm)",0.1520,,4.2,,0,"formatChange","GOOD"
"c6d3146c-9561-48b8-b4de-a94983eac084","D02","LEWI","LEWI.AOS.groundwater.well.001","LEWI.W1.20190305.FIL","A00000034129","2019-03-05T18:41Z","2019-03-05T18:41Z","EcoCore_CSU","F",1.1125,"milligramsPerLiter",4.2,,0,"formatChange","GOOD"
