uid,domainID,siteID,namedLocation,decimalLatitude,decimalLongitude,coordinateUncertainty,elevation,elevationUncertainty,geodeticDatum,collectDate,aquaticSiteType,samplingImpractical,waterChemSamplesCollected,adequateSampleVol,parentSampleID,eventID,swcSamplingProtocolVersion,sampleExtractionMethod,samplerType,totalWellDepth,wellWaterDepth,waterColumnHeight,sampleDepth,purgeAverageDischargeRate,purgeTime,gwWellStabilized,purgeDryDateTime,pumpPlacementDate,screenedIntervalDepth,maxAllowableDrawdown,actualDrawdown,MADExceeded,wellVolumePurged,probeIDUnavailable,dissolvedOxygen,dissolvedOxygenSaturation,specificConductance,waterTemp,pH,waterClarityDescrip,waterColorDescrip,aCollectedBy,bCollectedBy,remarks
"4e817f97-63d9-4f61-9612-edd02a6f1f94","D19","CARI","CARI.AOS.groundwater.well.005",65.152238,-147.507904,0.1,232.2,0.1,"WGS84","2019-06-12T19:48Z","stream",,,"Y","CARI.W5.20190612","CARI.20190612","NEON.DOC.002905vF","Syringe","Syringe",,,,,,,,,,,,,,,,3.30,30.00,71.40,7.80,6.03,,,"0000-0003-1651-3911","0000-0002-1118-0428",
"7fe27e96-06c9-4310-8207-75efba1c6b69","D19","CARI","CARI.AOS.groundwater.well.001",65.152809,-147.508033,0.1,231.0,0.1,"WGS84","2019-06-12T20:32Z","stream",,,"Y","CARI.W1.20190612","CARI.20190612","NEON.DOC.002905vF","Syringe","Syringe",,,,,,,,,,,,,,,,6.00,68.00,83.30,15.00,7.30,,,"0000-0002-1118-0428","0000-0002-2848-7952",
"2da724b9-8680-4e0e-90c5-cd1265a32cbe","D19","CARI","CARI.AOS.groundwater.well.008",65.153230,-147.501795,0.1,228.2,0.1,"WGS84","2019-06-12T21:44Z","stream",,,"Y","CARI.W8.20190612","CARI.20190612","NEON.DOC.002905vF","Syringe","Syringe",,,,,,,,,,,,,,,,,,,22.70,7.45,,,"0000-0002-2848-7952","0000-0002-1118-0428",
"8a4958f8-48f7-46b5-80f5-7d93a7a1dd4b","D19","CARI","CARI.AOS.groundwater.well.007",65.152719,-147.501857,0.1,227.5,0.1,"WGS84","2019-06-12T23:03Z","stream",,,"Y","CARI.W7.20190612","CARI.20190612","NEON.DOC.002905vF","Syringe","Syringe",,,,,,,,,,,,,,,,7.30,67.00,101.80,10.40,6.82,,,"0000-0002-2848-7952","0000-0003-1651-3911",
