uid,domainID,siteID,namedLocation,sampleID,sampleCode,startDate,collectDate,laboratoryName,analyte,analyteConcentration,analyteUnits,coolerTemp,remarks,shipmentWarmQF,externalLabDataQF,sampleCondition
"8cc1c588-c886-47bd-987d-de6757a55211","D19","CARI","CARI.AOS.groundwater.well.005","CARI.W5.20190612.FIL","A00000065432","2019-06-12T19:48Z","2019-06-12T19:48Z","EcoCore_CSU","Mg",0.8090,"milligramsPerLiter",2.5,,0,"formatChange","GOOD"
"6e2221fc-5920-466e-aa35-5ee49f50bf61","D19","CARI","CARI.AOS.groundwater.well.005","CARI.W5.20190612.RAW","A00000065816","2019-06-12T19:48Z","2019-06-12T19:48Z","EcoCore_CSU","pH",6.2500,"pH",2.5,,0,"formatChange","GOOD"
"6344b090-bb74-4b10-a12e-198973fb8305","D19","CARI","CARI.AOS.groundwater.well.005","CARI.W5.20190612.FIL","A00000065432","2019-06-12T19:48Z","2019-06-12T19:48Z","EcoCore_CSU","TDN",1.0600,"milligramsPerLiter",2.5,,0,"formatChange","GOOD"
"81ce0c20-ce6d-4017-bb90-6ba7d8757316","D19","CARI","CARI.AOS.groundwater.well.005","CARI.W5.20190612.FIL","A00000065432","2019-06-12T19:48Z","2019-06-12T19:48Z","EcoCore_CSU","HCO3",12.0300,"milligramsPerLiter",2.5,,0,"formatChange","GOOD"
"008fa476-b107-422c-895e-b981a6f19424","D19","CARI","CARI.AOS.groundwater.well.005","CARI.W5.20190612.FIL","A00000065432","2019-06-12T19:48Z","2019-06-12T19:48Z","EcoCore_CSU","K",0.1750,"milligramsPerLiter",2.5,,0,"formatChange","GOOD"
"f74c8121-237d-4fa6-8acc-a5ff9a4c3516","D19","CARI","CARI.AOS.groundwater.well.005","CARI.W5.20190612.FIL","A00000065432","2019-06-12T19:48Z","2019-06-12T19:48Z","EcoCore_CSU","Si",2.6875,"milligramsPerLiter",2.5,,0,"formatChange","GOOD"
"26cdd254-adf0-4538-a4a9-ea445827809f","D19","CARI","CARI.AOS.groundwater.well.005","CARI.W5.20190612.PCN","A00000102533","2019-06-12T19:48Z","2019-06-12T19:48Z","EcoCore_CSU","TPN",0.1444,"milligram",2.5,,0,"formatChange","GOOD"
"d813e0c9-597c-40cf-b2ed-9594d0ab758b","D19","CARI","CARI.AOS.groundwater.well.005","CARI.W5.20190612.PCN","A00000102533","2019-06-12T19:48Z","2019-06-12T19:48Z","EcoCore_CSU","TPC",0.4038,"milligram",2.5,,0,"formatChange","GOOD"
"7372de3a-e7a5-4816-aa31-694d45ab6bfe","D19","CARI","CARI.AOS.groundwater.well.005","CARI.W5.20190612.FIL","A00000065432","2019-06-12T19:48Z","2019-06-12T19:48Z","EcoCore_CSU","NO2 - N",-0.1215,"milligramsPerLiter",2.5,,0,"formatChange","GOOD"
"75a61a15-9d88-4714-836e-bf5d1b9db2db","D19","CARI","CARI.AOS.groundwater.well.005","CARI.W5.20190612.FIL","A00000065432","2019-06-12T19:48Z","2019-06-12T19:48Z","EcoCore_CSU","NH4 - N",0.3280,"milligramsPerLiter",2.5,,0,"formatChange","GOOD"
"b7ac450d-4df8-4961-ac2f-032af192ec6a","D19","CARI","CARI.AOS.groundwater.well.005","CARI.W5.20190612.RAW","A00000065816","2019-06-12T19:48Z","2019-06-12T19:48Z","EcoCore_CSU","ANC",0.2800,"milliequivalentsPerLiter",2.5,,0,"formatChange","GOOD"
"732b1518-fe38-4aa2-aaa9-4aa455c117d2","D19","CARI","CARI.AOS.groundwater.well.005","CARI.W5.20190612.RAW","A00000065816","2019-06-12T19:48Z","2019-06-12T19:48Z","EcoCore_CSU","TSS - Dry Mass",1000.0000,"microgram",2.5,,0,"formatChange","GOOD"
"10be76dd-3766-4c13-a753-0f60d5630e83","D19","CARI","CARI.AOS.groundwater.well.005","CARI.W5.20190612.FIL","A00000065432","2019-06-12T19:48Z","2019-06-12T19:48Z","EcoCore_CSU","SO4",0.6180,"milligramsPerLiter",2.5,,0,"formatChange","GOOD"
"a1f26126-e4f8-48a7-968d-91825fe105db","D19","CARI","CARI.AOS.groundwater.well.005","CARI.W5.20190612.FIL","A00000065432","2019-06-12T19:48Z","2019-06-12T19:48Z","EcoCore_CSU","Na",0.4280,"milligramsPerLiter",2.5,,0,"formatChange","GOOD"
"16ebf691-e440-49ef-988b-684e9171087a","D19","CARI","CARI.AOS.groundwater.well.005","CARI.W5.20190612.RAW","A00000065816","2019-06-12T19:48Z","2019-06-12T19:48Z","EcoCore_CSU","TSS",20.0000,"milligramsPerLiter",2.5,,0,"formatChange","GOOD"
"8460f146-0ed5-4744-85aa-73cddcc00389","D19","CARI","CARI.AOS.groundwater.well.005","CARI.W5.20190612.FIL","A00000065432","2019-06-12T19:48Z","2019-06-12T19:48Z","EcoCore_CSU","Ca",3.2512,"milligramsPerLiter",2.5,,0,"formatChange","GOOD"
"dbdd60cf-ddac-48d9-b731-f341decda488","D19","CARI","CARI.AOS.groundwater.well.005","CARI.W5.20190612.FIL","A00000065432","2019-06-12T19:48Z","2019-06-12T19:48Z","EcoCore_CSU","TDP",0.0076,"milligramsPerLiter",2.5,,0,"formatChange","GOOD"
"4744dda1-27f3-43ed-920a-aa54f0427d45","D19","CARI","CARI.AOS.groundwater.well.005","CARI.W5.20190612.FIL","A00000065432","2019-06-12T19:48Z","2019-06-12T19:48Z","EcoCore_CSU","Br",0.0050,"milligramsPerLiter",2.5,,0,"formatChange","GOOD"
"d2f2dfea-a045-41ac-a1d5-3eea04453bb1","D19","CARI","CARI.AOS.groundwater.well.005","CARI.W5.20190612.FIL","A00000065432","2019-06-12T19:48Z","2019-06-12T19:48Z","EcoCore_CSU","TDS",17.5600,"milligramsPerLiter",2.5,,0,"formatChange","GOOD"
"e1a123cd-a542-4832-9b36-d5349338e66f","D19","CARI","CARI.AOS.groundwater.well.005","CARI.W5.20190612.FIL","A00000065432","2019-06-12T19:48Z","2019-06-12T19:48Z","EcoCore_CSU","F",0.0050,"milligramsPerLiter",2.5,,0,"formatChange","GOOD"
"73cf4c56-22a4-4597-8368-090299e1a9ca","D19","CARI","CARI.AOS.groundwater.well.005","CARI.W5.20190612.FIL","A00000065432","2019-06-12T19:48Z","2019-06-12T19:48Z","EcoCore_CSU","Cl",1.6388,"milligramsPerLiter",2.5,,0,"formatChange","GOOD"
"1c2df8f9-ca10-4067-98b6-be8ae2f44cf8","D19","CARI","CARI.AOS.groundwater.well.005","CARI.W5.20190612.DIC","A00000102615","2019-06-12T19:48Z","2019-06-12T19:48Z","EcoCore_CSU","pH",6.0400,"pH",3.1,"DIC and pH only",0,,"OK"
"6786db2f-7c9a-4bf4-814d-ee176d3583ca","D19","CARI","CARI.AOS.groundwater.well.005","CARI.W5.20190612.DIC","A00000102615","2019-06-12T19:48Z","2019-06-12T19:48Z","EcoCore_CSU","DIC",6.8430,"milligramsPerLiter",3.1,"DIC and pH only",0,,"OK"
"d3c58fef-483a-44bb-aeda-335ca86376c0","D19","CARI","CARI.AOS.groundwater.well.005","CARI.W5.20190612.FIL","A00000065432","2019-06-12T19:48Z","2019-06-12T19:48Z","EcoCore_CSU","Ortho - P",0.0450,"milligramsPerLiter",2.5,,0,"formatChange","GOOD"
"2b749258-c8ff-4742-8893-0fb0de57c9e2","D19","CARI","CARI.AOS.groundwater.well.005","CARI.W5.20190612.FIL","A00000065432","2019-06-12T19:48Z","2019-06-12T19:48Z","EcoCore_CSU","UV Absorbance (280 nm)",1.3121,,2.5,,0,"formatChange","GOOD"
"290711cc-47c2-4a6c-a26a-220d732d428d","D19","CARI","CARI.AOS.groundwater.well.005","CARI.W5.20190612.RAW","A00000065816","2019-06-12T19:48Z","2019-06-12T19:48Z","EcoCore_CSU","TN",1.1030,"milligramsPerLiter",2.5,,0,"formatChange","GOOD"
"fab9fcf4-f746-49f7-aea3-3d28cdbae52f","D19","CARI","CARI.AOS.groundwater.well.005","CARI.W5.20190612.FIL","A00000065432","2019-06-12T19:48Z","2019-06-12T19:48Z","EcoCore_CSU","NO3+NO2 - N",-0.0636,"milligramsPerLiter",2.5,,0,"formatChange","GOOD"
"0d5dae76-fb50-4bfa-b3d5-f67f4a1aac4a","D19","CARI","CARI.AOS.groundwater.well.005","CARI.W5.20190612.RAW","A00000065816","2019-06-12T19:48Z","2019-06-12T19:48Z","EcoCore_CSU","TP",0.0505,"milligramsPerLiter",2.5,,0,"formatChange","GOOD"
"f4ebf2ec-3ee5-4763-ada7-3a21af875e8f","D19","CARI","CARI.AOS.groundwater.well.005","CARI.W5.20190612.DIC","A00000102615","2019-06-12T19:48Z","2019-06-12T19:48Z","EcoCore_CSU","DIC",10.2800,"milligramsPerLiter",2.5,,0,"formatChange","GOOD"
"132d9451-522a-4858-b43c-1215a80b61a3","D19","CARI","CARI.AOS.groundwater.well.005","CARI.W5.20190612.FIL","A00000065432","2019-06-12T19:48Z","2019-06-12T19:48Z","EcoCore_CSU","Fe",7.5398,"milligramsPerLiter",2.5,,0,"formatChange","GOOD"
"2e3d7118-d9e3-463f-97ca-d91d5017b455","D19","CARI","CARI.AOS.groundwater.well.005","CARI.W5.20190612.FIL","A00000065432","2019-06-12T19:48Z","2019-06-12T19:48Z","EcoCore_CSU","CO3",0.0050,"milligramsPerLiter",2.5,,0,"formatChange","GOOD"
"605c3250-70ab-42e4-99c0-7072171bd13d","D19","CARI","CARI.AOS.groundwater.well.005","CARI.W5.20190612.RAW","A00000065816","2019-06-12T19:48Z","2019-06-12T19:48Z","EcoCore_CSU","conductivity",24.5600,"microsiemensPerCentimeter",2.5,,0,"formatChange","GOOD"
"f6dc9834-7117-4ac8-9cbf-cba73cc1cdad","D19","CARI","CARI.AOS.groundwater.well.005","CARI.W5.20190612.FIL","A00000065432","2019-06-12T19:48Z","2019-06-12T19:48Z","EcoCore_CSU","DOC",22.8900,"milligramsPerLiter",2.5,,0,"formatChange","GOOD"
"d24b2607-5031-48d6-ab10-36cc74816b5d","D19","CARI","CARI.AOS.groundwater.well.005","CARI.W5.20190612.FIL","A00000065432","2019-06-12T19:48Z","2019-06-12T19:48Z","EcoCore_CSU","UV Absorbance (250 nm)",1.8520,,2.5,,0,"formatChange","GOOD"
"95d958b7-f338-453d-8509-23560f77756e","D19","CARI","CARI.AOS.groundwater.well.005","CARI.W5.20190612.RAW","A00000065816","2019-06-12T19:48Z","2019-06-12T19:48Z","EcoCore_CSU","TOC",18.1400,"milligramsPerLiter",2.5,,0,"formatChange","GOOD"
"c2481c7f-dc8f-45d7-a98c-af5df731a380","D19","CARI","CARI.AOS.groundwater.well.005","CARI.W5.20190612.FIL","A00000065432","2019-06-12T19:48Z","2019-06-12T19:48Z","EcoCore_CSU","Mn",1.4140,"milligramsPerLiter",2.5,,0,"formatChange","GOOD"
"179602f2-72fa-4892-8c7e-c0547ade7c2c","D19","CARI","CARI.AOS.groundwater.well.001","CARI.W1.20190612.FIL","A00000029554","2019-06-12T20:32Z","2019-06-12T20:32Z","EcoCore_CSU","Fe",0.8401,"milligramsPerLiter",2.5,,0,"formatChange","GOOD"
"f7324aef-7ce9-4cdd-b418-e7f4c7205a04","D19","CARI","CARI.AOS.groundwater.well.001","CARI.W1.20190612.FIL","A00000029554","2019-06-12T20:32Z","2019-06-12T20:32Z","EcoCore_CSU","Na",0.2930,"milligramsPerLiter",2.5,,0,"formatChange","GOOD"
"7af1fb16-ab48-4139-a474-27bc8ab9d125","D19","CARI","CARI.AOS.groundwater.well.001","CARI.W1.20190612.RAW","A00000065913","2019-06-12T20:32Z","2019-06-12T20:32Z","EcoCore_CSU","TSS - Dry Mass",15300.0000,"microgram",2.5,,0,"formatChange","GOOD"
"843834f9-6aff-4b6c-b7b4-13e7fd434688","D19","CARI","CARI.AOS.groundwater.well.001","CARI.W1.20190612.FIL","A00000029554","2019-06-12T20:32Z","2019-06-12T20:32Z","EcoCore_CSU","DOC",9.5970,"milligramsPerLiter",2.5,,0,"formatChange","GOOD"
"c517d179-4186-4516-9a8d-3c3ca3eeea4f","D19","CARI","CARI.AOS.groundwater.well.001","CARI.W1.20190612.DIC","A00000102581","2019-06-12T20:32Z","2019-06-12T20:32Z","EcoCore_CSU","DIC",21.6400,"milligramsPerLiter",2.5,,0,"formatChange","GOOD"
"9c7a27c7-c0e8-4db6-bf16-6ce4931ad6f3","D19","CARI","CARI.AOS.groundwater.well.001","CARI.W1.20190612.FIL","A00000029554","2019-06-12T20:32Z","2019-06-12T20:32Z","EcoCore_CSU","Ca",11.1647,"milligramsPerLiter",2.5,,0,"formatChange","GOOD"
"4091a045-2b8a-4776-925d-f18bc6ce505c","D19","CARI","CARI.AOS.groundwater.well.001","CARI.W1.20190612.FIL","A00000029554","2019-06-12T20:32Z","2019-06-12T20:32Z","EcoCore_CSU","TDP",0.0120,"milligramsPerLiter",2.5,,0,"formatChange","GOOD"
"819d0870-02e7-4780-b54f-309fc9dc1396","D19","CARI","CARI.AOS.groundwater.well.001","CARI.W1.20190612.RAW","A00000065913","2019-06-12T20:32Z","2019-06-12T20:32Z","EcoCore_CSU","TN",0.6760,"milligramsPerLiter",2.5,,0,"formatChange","GOOD"
"5a292ce8-923e-4834-8326-5eb904cb445e","D19","CARI","CARI.AOS.groundwater.well.001","CARI.W1.20190612.FIL","A00000029554","2019-06-12T20:32Z","2019-06-12T20:32Z","EcoCore_CSU","UV Absorbance (250 nm)",0.3839,,2.5,,0,"formatChange","GOOD"
"ba592a79-e819-4f06-ae60-1d771f306280","D19","CARI","CARI.AOS.groundwater.well.001","CARI.W1.20190612.FIL","A00000029554","2019-06-12T20:32Z","2019-06-12T20:32Z","EcoCore_CSU","CO3",0.0050,"milligramsPerLiter",2.5,,0,"formatChange","GOOD"
"0c6ad795-d75b-49c1-b67d-99b1e0ec28c1","D19","CARI","CARI.AOS.groundwater.well.001","CARI.W1.20190612.PCN","A00000102529","2019-06-12T20:32Z","2019-06-12T20:32Z","EcoCore_CSU","TPC",0.5570,"milligram",2.5,,0,"formatChange","GOOD"
"cd0bdfb2-679b-431d-80aa-8e9f1f9641dd","D19","CARI","CARI.AOS.groundwater.well.001","CARI.W1.20190612.RAW","A00000065913","2019-06-12T20:32Z","2019-06-12T20:32Z","EcoCore_CSU","conductivity",86.5200,"microsiemensPerCentimeter",2.5,,0,"formatChange","GOOD"
"e2631fd0-a915-4087-b199-5f7a122db561","D19","CARI","CARI.AOS.groundwater.well.001","CARI.W1.20190612.FIL","A00000029554","2019-06-12T20:32Z","2019-06-12T20:32Z","EcoCore_CSU","K",5.6270,"milligramsPerLiter",2.5,,0,"formatChange","GOOD"
"77687aed-f197-4a0d-a6f1-d2e41265aff7","D19","CARI","CARI.AOS.groundwater.well.001","CARI.W1.20190612.FIL","A00000029554","2019-06-12T20:32Z","2019-06-12T20:32Z","EcoCore_CSU","Br",0.0050,"milligramsPerLiter",2.5,,0,"formatChange","GOOD"
"e8e4da6f-01a0-471f-abcd-0e010a7ca028","D19","CARI","CARI.AOS.groundwater.well.001","CARI.W1.20190612.RAW","A00000065913","2019-06-12T20:32Z","2019-06-12T20:32Z","EcoCore_CSU","TP",0.5544,"milligramsPerLiter",2.5,,0,"formatChange","GOOD"
"cbc5b34e-e213-489a-ac27-849a4312a9c7","D19","CARI","CARI.AOS.groundwater.well.001","CARI.W1.20190612.RAW","A00000065913","2019-06-12T20:32Z","2019-06-12T20:32Z","EcoCore_CSU","ANC",0.4200,"milliequivalentsPerLiter",2.5,,0,"formatChange","GOOD"
"f5b71393-6f57-4dc9-8cb5-f468bb6bf314","D19","CARI","CARI.AOS.groundwater.well.001","CARI.W1.20190612.FIL","A00000029554","2019-06-12T20:32Z","2019-06-12T20:32Z","EcoCore_CSU","Cl",16.3183,"milligramsPerLiter",2.5,,0,"formatChange","GOOD"
"eb1f7352-a749-47e7-ba13-29a26a91e18c","D19","CARI","CARI.AOS.groundwater.well.001","CARI.W1.20190612.FIL","A00000029554","2019-06-12T20:32Z","2019-06-12T20:32Z","EcoCore_CSU","HCO3",22.6700,"milligramsPerLiter",2.5,,0,"formatChange","GOOD"
"05d430b2-e2ca-4f77-a494-389d21ec9cb8","D19","CARI","CARI.AOS.groundwater.well.001","CARI.W1.20190612.RAW","A00000065913","2019-06-12T20:32Z","2019-06-12T20:32Z","EcoCore_CSU","TOC",9.9720,"milligramsPerLiter",2.5,,0,"formatChange","GOOD"
"5efc26c2-5e1b-4d9c-ae18-ec0670ac0ab6","D19","CARI","CARI.AOS.groundwater.well.001","CARI.W1.20190612.FIL","A00000029554","2019-06-12T20:32Z","2019-06-12T20:32Z","EcoCore_CSU","NO2 - N",-0.1247,"milligramsPerLiter",2.5,,0,"formatChange","GOOD"
"32f31976-6b22-4631-a5d1-2203655afb1c","D19","CARI","CARI.AOS.groundwater.well.001","CARI.W1.20190612.FIL","A00000029554","2019-06-12T20:32Z","2019-06-12T20:32Z","EcoCore_CSU","NO3+NO2 - N",-0.0655,"milligramsPerLiter",2.5,,0,"formatChange","GOOD"
"20393a70-f4b1-4c8d-8c54-7d89136f0eb7","D19","CARI","CARI.AOS.groundwater.well.001","CARI.W1.20190612.DIC","A00000102581","2019-06-12T20:32Z","2019-06-12T20:32Z","EcoCore_CSU","DIC",31.2900,"milligramsPerLiter",3.1,"DIC and pH only",0,,"OK"
"1059f089-b3a7-4a5a-b4f2-412c211eaf61","D19","CARI","CARI.AOS.groundwater.well.001","CARI.W1.20190612.DIC","A00000102581","2019-06-12T20:32Z","2019-06-12T20:32Z","EcoCore_CSU","pH",6.4900,"pH",3.1,"DIC and pH only",0,,"OK"
"25babc58-a07c-4fde-8dfe-ad3f4279fdab","D19","CARI","CARI.AOS.groundwater.well.001","CARI.W1.20190612.RAW","A00000065913","2019-06-12T20:32Z","2019-06-12T20:32Z","EcoCore_CSU","TSS",306.0000,"milligramsPerLiter",2.5,,0,"formatChange","GOOD"
"a10bde35-a915-4c3f-8190-97b2c528102e","D19","CARI","CARI.AOS.groundwater.well.001","CARI.W1.20190612.FIL","A00000029554","2019-06-12T20:32Z","2019-06-12T20:32Z","EcoCore_CSU","NH4 - N",0.1730,"milligramsPerLiter",2.5,,0,"formatChange","GOOD"
"261fe196-4cdf-44d9-a7ee-1eb50cbb8469","D19","CARI","CARI.AOS.groundwater.well.001","CARI.W1.20190612.FIL","A00000029554","2019-06-12T20:32Z","2019-06-12T20:32Z","EcoCore_CSU","Ortho - P",0.0410,"milligramsPerLiter",2.5,,0,"formatChange","GOOD"
"3b4ebf82-f114-4539-9f7c-49a5d2b4fdf9","D19","CARI","CARI.AOS.groundwater.well.001","CARI.W1.20190612.FIL","A00000029554","2019-06-12T20:32Z","2019-06-12T20:32Z","EcoCore_CSU","Si",3.3303,"milligramsPerLiter",2.5,,0,"formatChange","GOOD"
"7d172d83-adb0-4ac0-93c5-3cbba542b752","D19","CARI","CARI.AOS.groundwater.well.001","CARI.W1.20190612.PCN","A00000102529","2019-06-12T20:32Z","2019-06-12T20:32Z","EcoCore_CSU","TPN",0.1439,"milligram",2.5,,0,"formatChange","GOOD"
"2c9bb58b-3d4b-4b97-a4ca-b0d9a7133dd4","D19","CARI","CARI.AOS.groundwater.well.001","CARI.W1.20190612.FIL","A00000029554","2019-06-12T20:32Z","2019-06-12T20:32Z","EcoCore_CSU","UV Absorbance (280 nm)",0.2645,,2.5,,0,"formatChange","GOOD"
"bc5947af-db7a-49e4-b115-016934f80b95","D19","CARI","CARI.AOS.groundwater.well.001","CARI.W1.20190612.FIL","A00000029554","2019-06-12T20:32Z","2019-06-12T20:32Z","EcoCore_CSU","Mg",1.9580,"milligramsPerLiter",2.5,,0,"formatChange","GOOD"
"879bee41-ec11-46af-827b-f6809b6d4abc","D19","CARI","CARI.AOS.groundwater.well.001","CARI.W1.20190612.FIL","A00000029554","2019-06-12T20:32Z","2019-06-12T20:32Z","EcoCore_CSU","F",0.0975,"milligramsPerLiter",2.5,,0,"formatChange","GOOD"
"821d4cd1-2608-4fff-8d3d-45a1855ddafb","D19","CARI","CARI.AOS.groundwater.well.001","CARI.W1.20190612.FIL","A00000029554","2019-06-12T20:32Z","2019-06-12T20:32Z","EcoCore_CSU","TDN",0.4950,"milligramsPerLiter",2.5,,0,"formatChange","GOOD"
"7870238a-7a93-4f96-ab36-3973e3b308a0","D19","CARI","CARI.AOS.groundwater.well.001","CARI.W1.20190612.FIL","A00000029554","2019-06-12T20:32Z","2019-06-12T20:32Z","EcoCore_CSU","Mn",0.1690,"milligramsPerLiter",2.5,,0,"formatChange","GOOD"
"38bd7bd6-51fe-46db-b143-ee6c28c77567","D19","CARI","CARI.AOS.groundwater.well.001","CARI.W1.20190612.FIL","A00000029554","2019-06-12T20:32Z","2019-06-12T20:32Z","EcoCore_CSU","TDS",59.6800,"milligramsPerLiter",2.5,,0,"formatChange","GOOD"
"62fa5254-4ffe-45ae-80fe-e232eabc1fd3","D19","CARI","CARI.AOS.groundwater.well.001","CARI.W1.20190612.RAW","A00000065913","2019-06-12T20:32Z","2019-06-12T20:32Z","EcoCore_CSU","pH",6.4400,"pH",2.5,,0,"formatChange","GOOD"
"1dc70e46-55b7-4f5e-8a20-5d3765330646","D19","CARI","CARI.AOS.groundwater.well.001","CARI.W1.20190612.FIL","A00000029554","2019-06-12T20:32Z","2019-06-12T20:32Z","EcoCore_CSU","SO4",1.3290,"milligramsPerLiter",2.5,,0,"formatChange","GOOD"
"4aa9ba04-674e-49cc-b8cf-52cf4ac1c9b7","D19","CARI","CARI.AOS.groundwater.well.008","CARI.W8.20190612.DIC","A00000102614","2019-06-12T21:44Z","2019-06-12T21:44Z","EcoCore_CSU","pH",6.0600,"pH",3.1,"DIC and pH only",0,,"OK"
"9a6ec8bd-95e3-4842-9bc9-d02499b95415","D19","CARI","CARI.AOS.groundwater.well.008","CARI.W8.20190612.DIC","A00000102614","2019-06-12T21:44Z","2019-06-12T21:44Z","EcoCore_CSU","DIC",13.5500,"milligramsPerLiter",3.1,"DIC and pH only",0,,"OK"
"9e90a14f-e5c7-42e9-a297-d8fe4bf545c2","D19","CARI","CARI.AOS.groundwater.well.008","CARI.W8.20190612.FIL","A00000065418","2019-06-12T21:44Z","2019-06-12T21:44Z","EcoCore_CSU","K",3.5580,"milligramsPerLiter",1.2,,0,"formatChange","GOOD"
"4f86abc1-fd98-49bb-a82e-d69cc399a29d","D19","CARI","CARI.AOS.groundwater.well.008","CARI.W8.20190612.FIL","A00000065418","2019-06-12T21:44Z","2019-06-12T21:44Z","EcoCore_CSU","UV Absorbance (250 nm)",1.8267,,1.2,,0,"formatChange","GOOD"
"cb5d9ea6-d1c7-47cf-8859-d71517f4eaa8","D19","CARI","CARI.AOS.groundwater.well.008","CARI.W8.20190612.DIC","A00000102614","2019-06-12T21:44Z","2019-06-12T21:44Z","EcoCore_CSU","DIC",7.0230,"milligramsPerLiter",1.2,,0,"formatChange","GOOD"
"1bd40e2c-ad8d-4980-be25-a8de6bb75a4d","D19","CARI","CARI.AOS.groundwater.well.008","CARI.W8.20190612.FIL","A00000065418","2019-06-12T21:44Z","2019-06-12T21:44Z","EcoCore_CSU","Fe",0.7630,"milligramsPerLiter",1.2,,0,"formatChange","GOOD"
"f094569a-a801-4b3e-bcab-a1ed7a6b8619","D19","CARI","CARI.AOS.groundwater.well.008","CARI.W8.20190612.FIL","A00000065418","2019-06-12T21:44Z","2019-06-12T21:44Z","EcoCore_CSU","DOC",30.2100,"milligramsPerLiter",1.2,,0,"formatChange","GOOD"
"11208553-b80b-4df6-a1dd-ba46b9084f92","D19","CARI","CARI.AOS.groundwater.well.008","CARI.W8.20190612.FIL","A00000065418","2019-06-12T21:44Z","2019-06-12T21:44Z","EcoCore_CSU","NO2 - N",-0.1194,"milligramsPerLiter",1.2,,0,"formatChange","GOOD"
"f31baa0a-4d0a-4065-904f-8618fda57b43","D19","CARI","CARI.AOS.groundwater.well.008","CARI.W8.20190612.FIL","A00000065418","2019-06-12T21:44Z","2019-06-12T21:44Z","EcoCore_CSU","F",2.3352,"milligramsPerLiter",1.2,,0,"formatChange","GOOD"
"e30499c2-250f-42dd-8705-788ce7f5213e","D19","CARI","CARI.AOS.groundwater.well.008","CARI.W8.20190612.FIL","A00000065418","2019-06-12T21:44Z","2019-06-12T21:44Z","EcoCore_CSU","TDP",0.0105,"milligramsPerLiter",1.2,,0,"formatChange","GOOD"
"0342761b-ce45-44cf-8860-d099ba2e9d2a","D19","CARI","CARI.AOS.groundwater.well.008","CARI.W8.20190612.FIL","A00000065418","2019-06-12T21:44Z","2019-06-12T21:44Z","EcoCore_CSU","Ortho - P",0.0380,"milligramsPerLiter",1.2,,0,"formatChange","GOOD"
"92e683c8-9c7c-4ce5-8436-32581a91d42e","D19","CARI","CARI.AOS.groundwater.well.008","CARI.W8.20190612.FIL","A00000065418","2019-06-12T21:44Z","2019-06-12T21:44Z","EcoCore_CSU","CO3",0.0050,"milligramsPerLiter",1.2,,0,"formatChange","GOOD"
"44b5ee32-f653-4152-8eab-bcf8dfd162e1","D19","CARI","CARI.AOS.groundwater.well.008","CARI.W8.20190612.FIL","A00000065418","2019-06-12T21:44Z","2019-06-12T21:44Z","EcoCore_CSU","Na",0.1070,"milligramsPerLiter",1.2,,0,"formatChange","GOOD"
"5aacde97-e14a-4aa1-ab78-78909e99a7b6","D19","CARI","CARI.AOS.groundwater.well.008","CARI.W8.20190612.FIL","A00000065418","2019-06-12T21:44Z","2019-06-12T21:44Z","EcoCore_CSU","HCO3",2.6100,"milligramsPerLiter",1.2,,0,"formatChange","GOOD"
"330aa3be-d8a8-4048-8dcd-b80acd6acedb","D19","CARI","CARI.AOS.groundwater.well.008","CARI.W8.20190612.FIL","A00000065418","2019-06-12T21:44Z","2019-06-12T21:44Z","EcoCore_CSU","Br",0.0050,"milligramsPerLiter",1.2,,0,"formatChange","GOOD"
"f3dbb056-eb44-4993-b529-1527b4bb08f7","D19","CARI","CARI.AOS.groundwater.well.008","CARI.W8.20190612.FIL","A00000065418","2019-06-12T21:44Z","2019-06-12T21:44Z","EcoCore_CSU","Mn",0.1070,"milligramsPerLiter",1.2,,0,"formatChange","GOOD"
"f6075fb1-a599-4fca-90ba-9894beecdfd3","D19","CARI","CARI.AOS.groundwater.well.008","CARI.W8.20190612.FIL","A00000065418","2019-06-12T21:44Z","2019-06-12T21:44Z","EcoCore_CSU","Cl",8.1817,"milligramsPerLiter",1.2,,0,"formatChange","GOOD"
"070ef40c-fafb-4cbc-914e-986c7c8bfc76","D19","CARI","CARI.AOS.groundwater.well.008","CARI.W8.20190612.FIL","A00000065418","2019-06-12T21:44Z","2019-06-12T21:44Z","EcoCore_CSU","UV Absorbance (280 nm)",1.2419,,1.2,,0,"formatChange","GOOD"
"3ed33da5-37e2-4453-b0b0-b73b5152a7ed","D19","CARI","CARI.AOS.groundwater.well.008","CARI.W8.20190612.FIL","A00000065418","2019-06-12T21:44Z","2019-06-12T21:44Z","EcoCore_CSU","NO3+NO2 - N",0.0076,"milligramsPerLiter",1.2,,0,"formatChange","GOOD"
"6b9d5d4a-0a44-40a7-b83c-f1b28b4995d9","D19","CARI","CARI.AOS.groundwater.well.008","CARI.W8.20190612.FIL","A00000065418","2019-06-12T21:44Z","2019-06-12T21:44Z","EcoCore_CSU","Ca",4.7807,"milligramsPerLiter",1.2,,0,"formatChange","GOOD"
"3adf963e-be93-4cdd-8871-163ca7abd12a","D19","CARI","CARI.AOS.groundwater.well.008","CARI.W8.20190612.FIL","A00000065418","2019-06-12T21:44Z","2019-06-12T21:44Z","EcoCore_CSU","Si",1.9722,"milligramsPerLiter",1.2,,0,"formatChange","GOOD"
"9c51536e-b30e-4672-89ff-7ab07ecc2bae","D19","CARI","CARI.AOS.groundwater.well.008","CARI.W8.20190612.FIL","A00000065418","2019-06-12T21:44Z","2019-06-12T21:44Z","EcoCore_CSU","Mg",1.0190,"milligramsPerLiter",1.2,,0,"formatChange","GOOD"
"6416c568-b534-43bd-b0b4-f53698298ed4","D19","CARI","CARI.AOS.groundwater.well.008","CARI.W8.20190612.FIL","A00000065418","2019-06-12T21:44Z","2019-06-12T21:44Z","EcoCore_CSU","TDN",0.5962,"milligramsPerLiter",1.2,,0,"formatChange","GOOD"
"95d6845a-4009-4102-8ffe-d846478fa6cc","D19","CARI","CARI.AOS.groundwater.well.008","CARI.W8.20190612.FIL","A00000065418","2019-06-12T21:44Z","2019-06-12T21:44Z","EcoCore_CSU","SO4",0.7590,"milligramsPerLiter",1.2,,0,"formatChange","GOOD"
"e5e052ee-00bc-4ce9-84ae-87421558b587","D19","CARI","CARI.AOS.groundwater.well.008","CARI.W8.20190612.FIL","A00000065418","2019-06-12T21:44Z","2019-06-12T21:44Z","EcoCore_CSU","NH4 - N",0.0388,"milligramsPerLiter",1.2,,0,"formatChange","GOOD"
"7131845f-e7c7-4de8-8d43-2eaa4ee90994","D19","CARI","CARI.AOS.groundwater.well.008","CARI.W8.20190612.FIL","A00000065418","2019-06-12T21:44Z","2019-06-12T21:44Z","EcoCore_CSU","TDS",30.0200,"milligramsPerLiter",1.2,,0,"formatChange","GOOD"
"835875da-5f1b-40ab-9474-f347f6e9e221","D19","CARI","CARI.AOS.groundwater.well.007","CARI.W7.20190612.RAW","A00000065399","2019-06-12T23:03Z","2019-06-12T23:03Z","EcoCore_CSU","TN",1.2920,"milligramsPerLiter",2.5,,0,"formatChange","GOOD"
"5c321406-519c-4c86-8cb0-131e022e60ed","D19","CARI","CARI.AOS.groundwater.well.007","CARI.W7.20190612.FIL","A00000065423","2019-06-12T23:03Z","2019-06-12T23:03Z","EcoCore_CSU","NH4 - N",0.2780,"milligramsPerLiter",2.5,,0,"formatChange","GOOD"
"ba45abee-b01b-4990-ad31-13c3eeedb251","D19","CARI","CARI.AOS.groundwater.well.007","CARI.W7.20190612.FIL","A00000065423","2019-06-12T23:03Z","2019-06-12T23:03Z","EcoCore_CSU","Na",0.9280,"milligramsPerLiter",2.5,,0,"formatChange","GOOD"
"2ea9a84f-09f1-4d39-8a51-7580a07457ee","D19","CARI","CARI.AOS.groundwater.well.007","CARI.W7.20190612.FIL","A00000065423","2019-06-12T23:03Z","2019-06-12T23:03Z","EcoCore_CSU","F",0.0050,"milligramsPerLiter",2.5,,0,"formatChange","GOOD"
"1adb0bdd-c79a-4b0d-a220-4077f0178d69","D19","CARI","CARI.AOS.groundwater.well.007","CARI.W7.20190612.FIL","A00000065423","2019-06-12T23:03Z","2019-06-12T23:03Z","EcoCore_CSU","Si",4.2136,"milligramsPerLiter",2.5,,0,"formatChange","GOOD"
"3a8715cf-9072-4767-97a9-4c18c6ad8397","D19","CARI","CARI.AOS.groundwater.well.007","CARI.W7.20190612.PCN","A00000102528","2019-06-12T23:03Z","2019-06-12T23:03Z","EcoCore_CSU","TPC",0.6519,"milligram",2.5,,0,"formatChange","GOOD"
"4afc2a80-fd58-40ff-8f33-b6a8e040acd0","D19","CARI","CARI.AOS.groundwater.well.007","CARI.W7.20190612.FIL","A00000065423","2019-06-12T23:03Z","2019-06-12T23:03Z","EcoCore_CSU","Fe",0.0687,"milligramsPerLiter",2.5,,0,"formatChange","GOOD"
"f0b48267-7919-470c-b9ce-f7635898ef62","D19","CARI","CARI.AOS.groundwater.well.007","CARI.W7.20190612.DIC","A00000102582","2019-06-12T23:03Z","2019-06-12T23:03Z","EcoCore_CSU","DIC",23.7900,"milligramsPerLiter",3.1,"DIC and pH only",0,,"OK"
"860be6f2-1e9b-4362-b5ce-9864dc9bb46d","D19","CARI","CARI.AOS.groundwater.well.007","CARI.W7.20190612.DIC","A00000102582","2019-06-12T23:03Z","2019-06-12T23:03Z","EcoCore_CSU","pH",6.3800,"pH",3.1,"DIC and pH only",0,,"OK"
"8cc85dbe-b919-4204-bb13-6e76e34c4ddd","D19","CARI","CARI.AOS.groundwater.well.007","CARI.W7.20190612.FIL","A00000065423","2019-06-12T23:03Z","2019-06-12T23:03Z","EcoCore_CSU","TDP",0.0259,"milligramsPerLiter",2.5,,0,"formatChange","GOOD"
"56c7f299-c068-42f8-a9b5-0f2176005a5e","D19","CARI","CARI.AOS.groundwater.well.007","CARI.W7.20190612.FIL","A00000065423","2019-06-12T23:03Z","2019-06-12T23:03Z","EcoCore_CSU","K",1.4960,"milligramsPerLiter",2.5,,0,"formatChange","GOOD"
"efd7a85c-1247-42d0-8b7f-895b70d13d31","D19","CARI","CARI.AOS.groundwater.well.007","CARI.W7.20190612.RAW","A00000065399","2019-06-12T23:03Z","2019-06-12T23:03Z","EcoCore_CSU","conductivity",88.9200,"microsiemensPerCentimeter",2.5,,0,"formatChange","GOOD"
"2cee77f4-4e62-42ee-8e4b-38b61f5dfdbe","D19","CARI","CARI.AOS.groundwater.well.007","CARI.W7.20190612.FIL","A00000065423","2019-06-12T23:03Z","2019-06-12T23:03Z","EcoCore_CSU","SO4",3.5010,"milligramsPerLiter",2.5,,0,"formatChange","GOOD"
"64224ba2-3f26-42fb-a899-0291ca1d221d","D19","CARI","CARI.AOS.groundwater.well.007","CARI.W7.20190612.FIL","A00000065423","2019-06-12T23:03Z","2019-06-12T23:03Z","EcoCore_CSU","Mn",0.0500,"milligramsPerLiter",2.5,,0,"formatChange","GOOD"
"762610d0-9d76-4e8a-8b0a-9204570ca3ba","D19","CARI","CARI.AOS.groundwater.well.007","CARI.W7.20190612.FIL","A00000065423","2019-06-12T23:03Z","2019-06-12T23:03Z","EcoCore_CSU","UV Absorbance (250 nm)",0.5979,,2.5,,0,"formatChange","GOOD"
"59a6b596-657f-43f1-8909-d0ca7226796f","D19","CARI","CARI.AOS.groundwater.well.007","CARI.W7.20190612.FIL","A00000065423","2019-06-12T23:03Z","2019-06-12T23:03Z","EcoCore_CSU","NO2 - N",-0.1218,"milligramsPerLiter",2.5,,0,"formatChange","GOOD"
"1e77645d-f7ec-4a5f-9fb0-515a5ea08a76","D19","CARI","CARI.AOS.groundwater.well.007","CARI.W7.20190612.RAW","A00000065399","2019-06-12T23:03Z","2019-06-12T23:03Z","EcoCore_CSU","TP",0.0765,"milligramsPerLiter",2.5,,0,"formatChange","GOOD"
"bb3102a4-d11a-447c-a2fc-75b304ffeeb0","D19","CARI","CARI.AOS.groundwater.well.007","CARI.W7.20190612.FIL","A00000065423","2019-06-12T23:03Z","2019-06-12T23:03Z","EcoCore_CSU","UV Absorbance (280 nm)",0.3971,,2.5,,0,"formatChange","GOOD"
"56482b35-5a7b-48fa-b315-40342780151c","D19","CARI","CARI.AOS.groundwater.well.007","CARI.W7.20190612.FIL","A00000065423","2019-06-12T23:03Z","2019-06-12T23:03Z","EcoCore_CSU","Mg",2.5510,"milligramsPerLiter",2.5,,0,"formatChange","GOOD"
"7de04a71-3d09-4adb-8cfc-ca060837c095","D19","CARI","CARI.AOS.groundwater.well.007","CARI.W7.20190612.RAW","A00000065399","2019-06-12T23:03Z","2019-06-12T23:03Z","EcoCore_CSU","pH",6.6100,"pH",2.5,,0,"formatChange","GOOD"
"517ee6e1-f46e-4d5e-a9d1-9a753c700c2e","D19","CARI","CARI.AOS.groundwater.well.007","CARI.W7.20190612.RAW","A00000065399","2019-06-12T23:03Z","2019-06-12T23:03Z","EcoCore_CSU","TSS",24.0000,"milligramsPerLiter",2.5,,0,"formatChange","GOOD"
"295ebdfb-b129-45ec-bffe-b508985af7e5","D19","CARI","CARI.AOS.groundwater.well.007","CARI.W7.20190612.FIL","A00000065423","2019-06-12T23:03Z","2019-06-12T23:03Z","EcoCore_CSU","TDS",63.4300,"milligramsPerLiter",2.5,,0,"formatChange","GOOD"
"25d9fd94-c93d-49f0-b6ab-ab509e8a54bf","D19","CARI","CARI.AOS.groundwater.well.007","CARI.W7.20190612.RAW","A00000065399","2019-06-12T23:03Z","2019-06-12T23:03Z","EcoCore_CSU","ANC",0.8100,"milliequivalentsPerLiter",2.5,,0,"formatChange","GOOD"
"00cc2bc3-5dbb-459e-973e-e2c6dc130bf3","D19","CARI","CARI.AOS.groundwater.well.007","CARI.W7.20190612.FIL","A00000065423","2019-06-12T23:03Z","2019-06-12T23:03Z","EcoCore_CSU","HCO3",46.5800,"milligramsPerLiter",2.5,,0,"formatChange","GOOD"
"71a0f296-fe48-4e8b-9d26-b246dcdb8b43","D19","CARI","CARI.AOS.groundwater.well.007","CARI.W7.20190612.FIL","A00000065423","2019-06-12T23:03Z","2019-06-12T23:03Z","EcoCore_CSU","CO3",0.0050,"milligramsPerLiter",2.5,,0,"formatChange","GOOD"
"ae641fdf-6d1c-49c6-83d2-fda39aff23a5","D19","CARI","CARI.AOS.groundwater.well.007","CARI.W7.20190612.FIL","A00000065423","2019-06-12T23:03Z","2019-06-12T23:03Z","EcoCore_CSU","Cl",2.3426,"milligramsPerLiter",2.5,,0,"formatChange","GOOD"
"f81a3af6-fd72-49ae-a4a8-46f9b3dad7a9","D19","CARI","CARI.AOS.groundwater.well.007","CARI.W7.20190612.RAW","A00000065399","2019-06-12T23:03Z","2019-06-12T23:03Z","EcoCore_CSU","TSS - Dry Mass",1200.0000,"microgram",2.5,,0,"formatChange","GOOD"
"d8dfb716-eae2-4b06-a503-e1c0351184b3","D19","CARI","CARI.AOS.groundwater.well.007","CARI.W7.20190612.FIL","A00000065423","2019-06-12T23:03Z","2019-06-12T23:03Z","EcoCore_CSU","Br",0.0050,"milligramsPerLiter",2.5,,0,"formatChange","GOOD"
"28336ea7-bbea-45e9-82d3-b4e3c3426310","D19","CARI","CARI.AOS.groundwater.well.007","CARI.W7.20190612.PCN","A00000102528","2019-06-12T23:03Z","2019-06-12T23:03Z","EcoCore_CSU","TPN",0.1616,"milligram",2.5,,0,"formatChange","GOOD"
"d2a101a1-3811-493d-b9e1-66b0a19d1ded","D19","CARI","CARI.AOS.groundwater.well.007","CARI.W7.20190612.FIL","A00000065423","2019-06-12T23:03Z","2019-06-12T23:03Z","EcoCore_CSU","Ortho - P",0.0460,"milligramsPerLiter",2.5,,0,"formatChange","GOOD"
"a15303df-8aaf-4768-b20a-882ead56a69a","D19","CARI","CARI.AOS.groundwater.well.007","CARI.W7.20190612.FIL","A00000065423","2019-06-12T23:03Z","2019-06-12T23:03Z","EcoCore_CSU","Ca",12.0857,"milligramsPerLiter",2.5,,0,"formatChange","GOOD"
"70cbf3a1-b25e-4985-a9f3-1a28f332ead4","D19","CARI","CARI.AOS.groundwater.well.007","CARI.W7.20190612.FIL","A00000065423","2019-06-12T23:03Z","2019-06-12T23:03Z","EcoCore_CSU","TDN",1.2220,"milligramsPerLiter",2.5,,0,"formatChange","GOOD"
"47c51621-d950-4580-9e70-9340367d9cad","D19","CARI","CARI.AOS.groundwater.well.007","CARI.W7.20190612.RAW","A00000065399","2019-06-12T23:03Z","2019-06-12T23:03Z","EcoCore_CSU","TOC",14.6200,"milligramsPerLiter",2.5,,0,"formatChange","GOOD"
"2ba660de-2449-4ae0-8705-b0ef57c4dc78","D19","CARI","CARI.AOS.groundwater.well.007","CARI.W7.20190612.FIL","A00000065423","2019-06-12T23:03Z","2019-06-12T23:03Z","EcoCore_CSU","NO3+NO2 - N",-0.0032,"milligramsPerLiter",2.5,,0,"formatChange","GOOD"
"efb109d5-2c4c-4bf0-bf4e-b8958416743c","D19","CARI","CARI.AOS.groundwater.well.007","CARI.W7.20190612.DIC","A00000102582","2019-06-12T23:03Z","2019-06-12T23:03Z","EcoCore_CSU","DIC",16.2700,"milligramsPerLiter",2.5,,0,"formatChange","GOOD"
"62fb09a4-3f6f-4739-a1c1-cae3a297b0d2","D19","CARI","CARI.AOS.groundwater.well.007","CARI.W7.20190612.FIL","A00000065423","2019-06-12T23:03Z","2019-06-12T23:03Z","EcoCore_CSU","DOC",15.5800,"milligramsPerLiter",2.5,,0,"formatChange","GOOD"
