uid,domainID,siteID,namedLocation,collectDate,titrationDate,parentSampleID,domainSampleID,remarks,measuredBy,alkMeqPerL,alkMgPerL,ancMeqPerL,ancMgPerL
"eec32f9a-fa1e-432e-9abe-e0761519bab8","D19","CARI","CARI.AOS.groundwater.well.005","2019-06-12T19:48Z","2019-06-13T01:45Z","CARI.W5.20190612","CARI.W5.20190612.ALK",,"mchenry@battelleecology.org",0.250,12.400,,
"903ee106-a129-4741-a20b-e8dff5e6ef6b","D19","CARI","CARI.AOS.groundwater.well.001","2019-06-12T20:32Z","2019-06-13T17:02Z","CARI.W1.20190612","CARI.W1.20190612.ALK",,"smithse@battelleecolog.org",0.560,28.200,,
"3568ba5c-55e6-41c6-9be2-3f828c07646a","D19","CARI","CARI.AOS.groundwater.well.008","2019-06-12T21:44Z","2019-06-13T16:10Z","CARI.W8.20190612","CARI.W8.20190612.ALK",,"smithse@battelleecology.org",0.550,27.500,,
"1dd9c770-d020-4162-9d93-7c0734d01986","D19","CARI","CARI.AOS.groundwater.well.007","2019-06-12T23:03Z","2019-06-13T02:56Z","CARI.W7.20190612","CARI.W7.20190612.ALK",,"mchenry@battelleecology.org",0.640,32.200,,
