uid,domainID,siteID,namedLocation,collectDate,parentSampleID,sampleCondition,sampleID,replicateNumber,gwwDICBubbleFree,gwwFiltSampleHeadspace,gwwAlkSampleHeadspace,gwwAlkSampleBubbleFree,processedDate,processedDateFilters,sampleVolumeFiltered,shipmentTimeRange
"a8675514-ebce-4aaf-86b3-9c8d0092952c","D19","CARI","CARI.AOS.groundwater.well.005","2019-06-12T19:48Z","CARI.W5.20190612","Sample condition ok","CARI.W5.20190612",1,"Y","N",,"Y","2019-06-12T19:48Z","2019-06-13T02:13Z",50.0,
"aea98fa5-ef09-4390-b42f-e92fea45a4ac","D19","CARI","CARI.AOS.groundwater.well.001","2019-06-12T20:32Z","CARI.W1.20190612","Sample condition ok","CARI.W1.20190612",1,"Y","N",,"Y","2019-06-12T20:32Z","2019-06-13T02:14Z",50.0,
"80ef8cfb-83fa-4513-93ce-c53451f9445b","D19","CARI","CARI.AOS.groundwater.well.008","2019-06-12T21:44Z","CARI.W8.20190612","Sample condition ok","CARI.W8.20190612",1,"Y","N",,"Y","2019-06-12T21:44Z",,,
"7107fc08-5216-4d04-92ad-a771b5d12085","D19","CARI","CARI.AOS.groundwater.well.007","2019-06-12T23:03Z","CARI.W7.20190612","Sample condition ok","CARI.W7.20190612",1,"Y","N",,"Y","2019-06-12T23:03Z","2019-06-13T01:57Z",314.0,
