uid,domainID,siteID,namedLocation,decimalLatitude,decimalLongitude,coordinateUncertainty,elevation,elevationUncertainty,geodeticDatum,collectDate,aquaticSiteType,samplingImpractical,waterChemSamplesCollected,adequateSampleVol,parentSampleID,eventID,swcSamplingProtocolVersion,sampleExtractionMethod,samplerType,totalWellDepth,wellWaterDepth,waterColumnHeight,sampleDepth,purgeAverageDischargeRate,purgeTime,gwWellStabilized,purgeDryDateTime,pumpPlacementDate,screenedIntervalDepth,maxAllowableDrawdown,actualDrawdown,MADExceeded,wellVolumePurged,probeIDUnavailable,dissolvedOxygen,dissolvedOxygenSaturation,specificConductance,waterTemp,pH,waterClarityDescrip,waterColorDescrip,aCollectedBy,bCollectedBy,remarks
"3cf28f5e-47c9-42d7-8ac4-1339661e5f78","D16","MART","MART.AOS.groundwater.well.002",45.791044,-121.933737,0.1,350.4,0.1,"WGS84","2019-02-28T17:29Z","stream",,,"Y","MART.W2.20190228","MART.20190228","NEON.DOC.002905vE","bailer tube","Groundwater Bailer Tube",2.5,2.0,0.5,,,,,,,,,,,3.5,,7.63,60.30,46.30,4.30,6.74,"opaque","brown","dcrandall@battelleecology.org","sdoak@battelleecology.org",
"75b59736-efa5-45ed-ae1b-ad48680e3cf5","D16","MART","MART.AOS.groundwater.well.003",45.791296,-121.933540,0.1,349.7,0.1,"WGS84","2019-02-28T18:29Z","stream",,,"Y","MART.W3.20190228","MART.20190228","NEON.DOC.002905vE","bailer tube","Groundwater Bailer Tube",2.8,1.6,1.2,,,,,,,,,,,5.0,,6.81,54.50,40.80,4.70,6.61,"opaque","brown","dcrandall@battelleecology.org","sdoak@battelleecology.org",
"2b8180e0-23c3-4869-b2b9-999446a4a5ae","D16","MART","MART.AOS.groundwater.well.001",45.790810,-121.933269,0.1,350.1,0.1,"WGS84","2019-02-28T18:54Z","stream","location dry",,"N","MART.W1.20190228","MART.20190228","NEON.DOC.002905vE","bailer tube","Groundwater Bailer Tube",2.6,,,,,,,,,,,,,0.0,,,,,,,,,"dcrandall@battelleecology.org","sdoak@battelleecology.org",
"a9bfc9ef-8eca-426c-a044-cb887bbcbde0","D16","MART","MART.AOS.groundwater.well.006",45.792141,-121.929491,0.1,339.7,0.1,"WGS84","2019-02-28T19:22Z","stream",,,"Y","MART.W6.20190228","MART.20190228","NEON.DOC.002905vE","bailer tube","Groundwater Bailer Tube",2.6,,,,,,,,,,,,,1.0,,7.77,54.90,167.20,0.70,7.52,"opaque","brown","dcrandall@battelleecology.org","sdoak@battelleecology.org",
"001956b0-8d99-47ea-8cb0-563cc886f7a5","D16","MART","MART.AOS.groundwater.well.005",45.792499,-121.929849,0.1,340.5,0.1,"WGS84","2019-02-28T19:55Z","stream","location dry",,"N","MART.W5.20190228","MART.20190228","NEON.DOC.002905vE",,"Groundwater Bailer Tube",2.5,,,,,,,,,,,,,,,,,,,,,,"dcrandall@battelleecology.org","sdoak@battelleecology.org",
