uid,domainID,siteID,namedLocation,sampleID,sampleCode,startDate,collectDate,laboratoryName,analyte,analyteConcentration,analyteUnits,coolerTemp,remarks,shipmentWarmQF,externalLabDataQF,sampleCondition
"4af1df60-be2a-4c83-94a9-20075c4421ae","D16","MART","MART.AOS.groundwater.well.002","MART.W2.20190228.FIL","A00000060755","2019-02-28T17:29Z","2019-02-28T17:29Z","EcoCore_CSU","SO4",0.1170,"milligramsPerLiter",0.5,,0,"formatChange","GOOD"
"e7379165-85c6-43a7-946f-94d596f64ac8","D16","MART","MART.AOS.groundwater.well.002","MART.W2.20190228.RAW","A00000060726","2019-02-28T17:29Z","2019-02-28T17:29Z","EcoCore_CSU","conductivity",60.2500,"microsiemensPerCentimeter",0.5,,0,"formatChange","GOOD"
"07dd4004-b5dd-47fc-8b02-bdfdb10d107a","D16","MART","MART.AOS.groundwater.well.002","MART.W2.20190228.FIL","A00000060755","2019-02-28T17:29Z","2019-02-28T17:29Z","EcoCore_CSU","TDP",0.0226,"milligramsPerLiter",0.5,,0,"formatChange","GOOD"
"cbd9b093-e229-48cf-be63-79cb51bd94af","D16","MART","MART.AOS.groundwater.well.002","MART.W2.20190228.FIL","A00000060755","2019-02-28T17:29Z","2019-02-28T17:29Z","EcoCore_CSU","CO3",0.0050,"milligramsPerLiter",0.5,,0,"formatChange","GOOD"
"9fa5746e-e409-4817-b274-7891985b6776","D16","MART","MART.AOS.groundwater.well.002","MART.W2.20190228.FIL","A00000060755","2019-02-28T17:29Z","2019-02-28T17:29Z","EcoCore_CSU","K",1.0580,"milligramsPerLiter",0.5,,0,"formatChange","GOOD"
"dd3edc6f-2b6d-4723-b486-26507a016554","D16","MART","MART.AOS.groundwater.well.002","MART.W2.20190228.RAW","A00000060726","2019-02-28T17:29Z","2019-02-28T17:29Z","EcoCore_CSU","TSS - Dry Mass",50700.0000,"microgram",0.5,,0,"formatChange","GOOD"
"1e98428a-690e-4bbf-97e3-05fede385339","D16","MART","MART.AOS.groundwater.well.002","MART.W2.20190228.RAW","A00000060726","2019-02-28T17:29Z","2019-02-28T17:29Z","EcoCore_CSU","TSS",1014.0000,"milligramsPerLiter",0.5,,0,"formatChange","GOOD"
"e85874c6-53b0-41d6-b9ee-0e39ee8e28ce","D16","MART","MART.AOS.groundwater.well.002","MART.W2.20190228.RAW","A00000060726","2019-02-28T17:29Z","2019-02-28T17:29Z","EcoCore_CSU","ANC",0.6400,"milliequivalentsPerLiter",0.5,,0,"formatChange","GOOD"
"46ccf78d-3104-4669-8c72-611174f3a31d","D16","MART","MART.AOS.groundwater.well.002","MART.W2.20190228.FIL","A00000060755","2019-02-28T17:29Z","2019-02-28T17:29Z","EcoCore_CSU","NO2 - N",0.0397,"milligramsPerLiter",0.5,,0,"formatChange","GOOD"
"940912c9-bfcc-4bd4-804a-ca9b459745bb","D16","MART","MART.AOS.groundwater.well.002","MART.W2.20190228.FIL","A00000060755","2019-02-28T17:29Z","2019-02-28T17:29Z","EcoCore_CSU","NO3+NO2 - N",-0.0259,"milligramsPerLiter",0.5,,0,"formatChange","GOOD"
"9e027121-c0a9-4760-baf7-4f852439973e","D16","MART","MART.AOS.groundwater.well.002","MART.W2.20190228.FIL","A00000060755","2019-02-28T17:29Z","2019-02-28T17:29Z","EcoCore_CSU","Cl",1.0100,"milligramsPerLiter",0.5,,0,"formatChange","GOOD"
"7467295b-dd00-4502-a3be-b9b399bf42d4","D16","MART","MART.AOS.groundwater.well.002","MART.W2.20190228.FIL","A00000060755","2019-02-28T17:29Z","2019-02-28T17:29Z","EcoCore_CSU","Ortho - P",0.0440,"milligramsPerLiter",0.5,,0,"formatChange","GOOD"
"06244280-d5ee-4c2c-aec2-5de8ce7d1d88","D16","MART","MART.AOS.groundwater.well.002","MART.W2.20190228.FIL","A00000060755","2019-02-28T17:29Z","2019-02-28T17:29Z","EcoCore_CSU","TDS",43.9000,"milligramsPerLiter",0.5,,0,"formatChange","GOOD"
"ba73d297-6367-4cb7-8189-a9c1ca92ebd0","D16","MART","MART.AOS.groundwater.well.002","MART.W2.20190228.RAW","A00000060726","2019-02-28T17:29Z","2019-02-28T17:29Z","EcoCore_CSU","TN",1.7550,"milligramsPerLiter",0.5,,0,"formatChange","GOOD"
"f3eed3b2-6089-459b-9422-3e34864812f3","D16","MART","MART.AOS.groundwater.well.002","MART.W2.20190228.FIL","A00000060755","2019-02-28T17:29Z","2019-02-28T17:29Z","EcoCore_CSU","DIC",8.2760,"milligramsPerLiter",0.5,,0,"formatChange","GOOD"
"69ff41c1-94a3-426f-a02d-90f3176dc685","D16","MART","MART.AOS.groundwater.well.002","MART.W2.20190228.FIL","A00000060755","2019-02-28T17:29Z","2019-02-28T17:29Z","EcoCore_CSU","Na",2.6970,"milligramsPerLiter",0.5,,0,"formatChange","GOOD"
"989c1869-69ed-4272-9fa8-5fb904ebf69b","D16","MART","MART.AOS.groundwater.well.002","MART.W2.20190228.FIL","A00000060755","2019-02-28T17:29Z","2019-02-28T17:29Z","EcoCore_CSU","HCO3",33.6900,"milligramsPerLiter",0.5,,0,"formatChange","GOOD"
"d51e46cb-39d3-4438-9bd6-76964f96f29e","D16","MART","MART.AOS.groundwater.well.002","MART.W2.20190228.FIL","A00000060755","2019-02-28T17:29Z","2019-02-28T17:29Z","EcoCore_CSU","DOC",1.1700,"milligramsPerLiter",0.5,,0,"formatChange","GOOD"
"9177d268-bf04-40f9-bdb6-4431a0ce4061","D16","MART","MART.AOS.groundwater.well.002","MART.W2.20190228.FIL","A00000060755","2019-02-28T17:29Z","2019-02-28T17:29Z","EcoCore_CSU","Mn",0.0740,"milligramsPerLiter",0.5,,0,"formatChange","GOOD"
"9177187f-9ca8-4502-a1bb-82fc20292d37","D16","MART","MART.AOS.groundwater.well.002","MART.W2.20190228.FIL","A00000060755","2019-02-28T17:29Z","2019-02-28T17:29Z","EcoCore_CSU","TDN",0.1104,"milligramsPerLiter",0.5,,0,"formatChange","GOOD"
"b79fa9f1-ecaa-4d51-99a7-5c8113499c35","D16","MART","MART.AOS.groundwater.well.002","MART.W2.20190228.FIL","A00000060755","2019-02-28T17:29Z","2019-02-28T17:29Z","EcoCore_CSU","Ca",6.5937,"milligramsPerLiter",0.5,,0,"formatChange","GOOD"
"77ec4289-7fe0-4e83-927b-9c55e3583e05","D16","MART","MART.AOS.groundwater.well.002","MART.W2.20190228.FIL","A00000060755","2019-02-28T17:29Z","2019-02-28T17:29Z","EcoCore_CSU","F",0.6300,"milligramsPerLiter",0.5,,0,"formatChange","GOOD"
"179cb8a0-beed-4da5-9d67-63608f955862","D16","MART","MART.AOS.groundwater.well.002","MART.W2.20190228.FIL","A00000060755","2019-02-28T17:29Z","2019-02-28T17:29Z","EcoCore_CSU","Fe",0.5601,"milligramsPerLiter",0.5,,0,"formatChange","GOOD"
"a76c9142-5914-4516-9451-025636ae480a","D16","MART","MART.AOS.groundwater.well.002","MART.W2.20190228.RAW","A00000060726","2019-02-28T17:29Z","2019-02-28T17:29Z","EcoCore_CSU","TP",2.5040,"milligramsPerLiter",0.5,,0,"formatChange","GOOD"
"a7457126-eba2-4f4f-a108-4cafecbc806a","D16","MART","MART.AOS.groundwater.well.002","MART.W2.20190228.FIL","A00000060755","2019-02-28T17:29Z","2019-02-28T17:29Z","EcoCore_CSU","NH4 - N",0.1022,"milligramsPerLiter",0.5,,0,"formatChange","GOOD"
"c5cfb429-99b0-45e9-84d3-20d15aa98980","D16","MART","MART.AOS.groundwater.well.002","MART.W2.20190228.FIL","A00000060755","2019-02-28T17:29Z","2019-02-28T17:29Z","EcoCore_CSU","UV Absorbance (280 nm)",0.0119,,0.5,,0,"formatChange","GOOD"
"6bf4b9ec-697f-4f74-b9f8-01f4f2a84197","D16","MART","MART.AOS.groundwater.well.002","MART.W2.20190228.FIL","A00000060755","2019-02-28T17:29Z","2019-02-28T17:29Z","EcoCore_CSU","Si",10.1724,"milligramsPerLiter",0.5,,0,"formatChange","GOOD"
"f7dc83e4-9f1b-43fd-b050-4cabd74883bf","D16","MART","MART.AOS.groundwater.well.002","MART.W2.20190228.RAW","A00000060726","2019-02-28T17:29Z","2019-02-28T17:29Z","EcoCore_CSU","pH",6.7300,"pH",0.5,,0,"formatChange","GOOD"
"8a7ad287-213c-451b-9562-cac430c61650","D16","MART","MART.AOS.groundwater.well.002","MART.W2.20190228.FIL","A00000060755","2019-02-28T17:29Z","2019-02-28T17:29Z","EcoCore_CSU","UV Absorbance (250 nm)",0.0162,,0.5,,0,"formatChange","GOOD"
"135e265d-9178-481f-a9b3-d92c221b3843","D16","MART","MART.AOS.groundwater.well.002","MART.W2.20190228.PCN","A00000060862","2019-02-28T17:29Z","2019-02-28T17:29Z","EcoCore_CSU","TPN",0.0821,"milligram",0.5,,0,"formatChange","GOOD"
"fcb94c4c-ebf0-46bd-9111-4db2da45bc3e","D16","MART","MART.AOS.groundwater.well.002","MART.W2.20190228.RAW","A00000060726","2019-02-28T17:29Z","2019-02-28T17:29Z","EcoCore_CSU","TOC",19.2700,"milligramsPerLiter",0.5,,0,"formatChange","GOOD"
"be3fdf04-609d-4101-acfc-0e3e50d1f135","D16","MART","MART.AOS.groundwater.well.002","MART.W2.20190228.FIL","A00000060755","2019-02-28T17:29Z","2019-02-28T17:29Z","EcoCore_CSU","Br",0.0050,"milligramsPerLiter",0.5,,0,"formatChange","GOOD"
"6b28a946-692f-4cc5-9148-7f018c428693","D16","MART","MART.AOS.groundwater.well.002","MART.W2.20190228.PCN","A00000060862","2019-02-28T17:29Z","2019-02-28T17:29Z","EcoCore_CSU","TPC",0.5099,"milligram",0.5,,0,"formatChange","GOOD"
"aac58929-1c52-403c-b7b2-f34fa79c89b5","D16","MART","MART.AOS.groundwater.well.002","MART.W2.20190228.FIL","A00000060755","2019-02-28T17:29Z","2019-02-28T17:29Z","EcoCore_CSU","Mg",1.4030,"milligramsPerLiter",0.5,,0,"formatChange","GOOD"
"96c4b8f8-f4d9-4de8-bd44-4bf8d47bc349","D16","MART","MART.AOS.groundwater.well.003","MART.W3.20190228.FIL","A00000060756","2019-02-28T18:29Z","2019-02-28T18:29Z","EcoCore_CSU","NO3+NO2 - N",-0.0696,"milligramsPerLiter",0.5,,0,"formatChange","GOOD"
"c37e637f-d7d8-48da-82ba-cddc896558ec","D16","MART","MART.AOS.groundwater.well.003","MART.W3.20190228.RAW","A00000060725","2019-02-28T18:29Z","2019-02-28T18:29Z","EcoCore_CSU","TP",4.1720,"milligramsPerLiter",0.5,,0,"formatChange","GOOD"
"c6ccf8f3-e861-4bc3-93b2-bbb1bbc13e99","D16","MART","MART.AOS.groundwater.well.003","MART.W3.20190228.FIL","A00000060756","2019-02-28T18:29Z","2019-02-28T18:29Z","EcoCore_CSU","Mg",1.6420,"milligramsPerLiter",0.5,,0,"formatChange","GOOD"
"da4eab06-6e86-4006-bc54-cfc089c7483d","D16","MART","MART.AOS.groundwater.well.003","MART.W3.20190228.FIL","A00000060756","2019-02-28T18:29Z","2019-02-28T18:29Z","EcoCore_CSU","DOC",1.8400,"milligramsPerLiter",0.5,,0,"formatChange","GOOD"
"c21ca6c9-3a3b-4fa8-b313-c4920478582f","D16","MART","MART.AOS.groundwater.well.003","MART.W3.20190228.FIL","A00000060756","2019-02-28T18:29Z","2019-02-28T18:29Z","EcoCore_CSU","Fe",5.5160,"milligramsPerLiter",0.5,,0,"formatChange","GOOD"
"b873d9cf-676f-41e4-a88c-028297cc59f6","D16","MART","MART.AOS.groundwater.well.003","MART.W3.20190228.FIL","A00000060756","2019-02-28T18:29Z","2019-02-28T18:29Z","EcoCore_CSU","TDN",0.1353,"milligramsPerLiter",0.5,,0,"formatChange","GOOD"
"12a75baa-b661-4a00-80e8-51882ce840b9","D16","MART","MART.AOS.groundwater.well.003","MART.W3.20190228.FIL","A00000060756","2019-02-28T18:29Z","2019-02-28T18:29Z","EcoCore_CSU","TDP",0.2111,"milligramsPerLiter",0.5,,0,"formatChange","GOOD"
"82303733-dfcd-40d9-af01-09dfd34a14c7","D16","MART","MART.AOS.groundwater.well.003","MART.W3.20190228.FIL","A00000060756","2019-02-28T18:29Z","2019-02-28T18:29Z","EcoCore_CSU","HCO3",26.3400,"milligramsPerLiter",0.5,,0,"formatChange","GOOD"
"5c32127e-2537-4c8c-ac77-25b597d22baa","D16","MART","MART.AOS.groundwater.well.003","MART.W3.20190228.RAW","A00000060725","2019-02-28T18:29Z","2019-02-28T18:29Z","EcoCore_CSU","TSS",1634.0000,"milligramsPerLiter",0.5,,0,"formatChange","GOOD"
"a57da7af-c7af-4a05-971a-27e59e690147","D16","MART","MART.AOS.groundwater.well.003","MART.W3.20190228.FIL","A00000060756","2019-02-28T18:29Z","2019-02-28T18:29Z","EcoCore_CSU","UV Absorbance (250 nm)",0.0638,,0.5,,0,"formatChange","GOOD"
"71855488-601a-46fc-a7ed-97c6366091a2","D16","MART","MART.AOS.groundwater.well.003","MART.W3.20190228.PCN","A00000060861","2019-02-28T18:29Z","2019-02-28T18:29Z","EcoCore_CSU","TPN",0.0698,"milligram",0.5,,0,"formatChange","GOOD"
"fbe4cbed-98d4-4168-b166-d9afdb74b2e2","D16","MART","MART.AOS.groundwater.well.003","MART.W3.20190228.RAW","A00000060725","2019-02-28T18:29Z","2019-02-28T18:29Z","EcoCore_CSU","pH",6.3700,"pH",0.5,,0,"formatChange","GOOD"
"9c773a79-01a5-4606-b588-6ef71912b922","D16","MART","MART.AOS.groundwater.well.003","MART.W3.20190228.RAW","A00000060725","2019-02-28T18:29Z","2019-02-28T18:29Z","EcoCore_CSU","TN",2.8720,"milligramsPerLiter",0.5,,0,"formatChange","GOOD"
"cf1d572e-2ad8-477f-8f9d-5dbc3b610740","D16","MART","MART.AOS.groundwater.well.003","MART.W3.20190228.FIL","A00000060756","2019-02-28T18:29Z","2019-02-28T18:29Z","EcoCore_CSU","SO4",0.1920,"milligramsPerLiter",0.5,,0,"formatChange","GOOD"
"56a53f8b-f996-4ada-ab94-9507157890b6","D16","MART","MART.AOS.groundwater.well.003","MART.W3.20190228.RAW","A00000060725","2019-02-28T18:29Z","2019-02-28T18:29Z","EcoCore_CSU","TSS - Dry Mass",81700.0000,"microgram",0.5,,0,"formatChange","GOOD"
"a1559cd4-1716-487a-ac79-36eb3f1e669a","D16","MART","MART.AOS.groundwater.well.003","MART.W3.20190228.FIL","A00000060756","2019-02-28T18:29Z","2019-02-28T18:29Z","EcoCore_CSU","Si",24.6294,"milligramsPerLiter",0.5,,0,"formatChange","GOOD"
"d8fe832b-288b-4586-9143-3f0a98507355","D16","MART","MART.AOS.groundwater.well.003","MART.W3.20190228.FIL","A00000060756","2019-02-28T18:29Z","2019-02-28T18:29Z","EcoCore_CSU","Mn",0.0550,"milligramsPerLiter",0.5,,0,"formatChange","GOOD"
"998485cb-d0fb-4236-9114-06c8283c6bb9","D16","MART","MART.AOS.groundwater.well.003","MART.W3.20190228.FIL","A00000060756","2019-02-28T18:29Z","2019-02-28T18:29Z","EcoCore_CSU","UV Absorbance (280 nm)",0.0547,,0.5,,0,"formatChange","GOOD"
"77cc8aee-1a14-4065-82bf-a8feb368117e","D16","MART","MART.AOS.groundwater.well.003","MART.W3.20190228.FIL","A00000060756","2019-02-28T18:29Z","2019-02-28T18:29Z","EcoCore_CSU","NH4 - N",0.0815,"milligramsPerLiter",0.5,,0,"formatChange","GOOD"
"acf7465b-ac0e-4719-9abb-db28076fc4cf","D16","MART","MART.AOS.groundwater.well.003","MART.W3.20190228.RAW","A00000060725","2019-02-28T18:29Z","2019-02-28T18:29Z","EcoCore_CSU","ANC",0.4500,"milliequivalentsPerLiter",0.5,,0,"formatChange","GOOD"
"e136cd39-7fd6-404a-b186-13dc2c10b0a4","D16","MART","MART.AOS.groundwater.well.003","MART.W3.20190228.RAW","A00000060725","2019-02-28T18:29Z","2019-02-28T18:29Z","EcoCore_CSU","conductivity",51.8300,"microsiemensPerCentimeter",0.5,,0,"formatChange","GOOD"
"5b34436f-8c60-4167-9a2e-b69779d2b7f1","D16","MART","MART.AOS.groundwater.well.003","MART.W3.20190228.FIL","A00000060756","2019-02-28T18:29Z","2019-02-28T18:29Z","EcoCore_CSU","Ortho - P",0.0210,"milligramsPerLiter",0.5,,0,"formatChange","GOOD"
"9e935625-8601-419b-8418-ba5a192b8941","D16","MART","MART.AOS.groundwater.well.003","MART.W3.20190228.FIL","A00000060756","2019-02-28T18:29Z","2019-02-28T18:29Z","EcoCore_CSU","Na",2.6040,"milligramsPerLiter",0.5,,0,"formatChange","GOOD"
"7390ff5a-e97b-4c7a-be24-b23192f89915","D16","MART","MART.AOS.groundwater.well.003","MART.W3.20190228.FIL","A00000060756","2019-02-28T18:29Z","2019-02-28T18:29Z","EcoCore_CSU","DIC",6.5010,"milligramsPerLiter",0.5,,0,"formatChange","GOOD"
"a3d6e52d-4893-4139-aba5-38d7c1e46d3f","D16","MART","MART.AOS.groundwater.well.003","MART.W3.20190228.FIL","A00000060756","2019-02-28T18:29Z","2019-02-28T18:29Z","EcoCore_CSU","CO3",0.0050,"milligramsPerLiter",0.5,,0,"formatChange","GOOD"
"57f5cd9f-79e2-47e7-a64d-b36e57a5a2a9","D16","MART","MART.AOS.groundwater.well.003","MART.W3.20190228.RAW","A00000060725","2019-02-28T18:29Z","2019-02-28T18:29Z","EcoCore_CSU","TOC",43.5400,"milligramsPerLiter",0.5,,0,"formatChange","GOOD"
"2a9830be-7bba-482d-aad0-76e79e066fab","D16","MART","MART.AOS.groundwater.well.003","MART.W3.20190228.FIL","A00000060756","2019-02-28T18:29Z","2019-02-28T18:29Z","EcoCore_CSU","Br",0.0050,"milligramsPerLiter",0.5,,0,"formatChange","GOOD"
"1ec8078a-a195-4be9-8f93-eac75dc43fae","D16","MART","MART.AOS.groundwater.well.003","MART.W3.20190228.PCN","A00000060861","2019-02-28T18:29Z","2019-02-28T18:29Z","EcoCore_CSU","TPC",0.3858,"milligram",0.5,,0,"formatChange","GOOD"
"6098b019-3c14-4cd8-a7a0-b497f56b40f7","D16","MART","MART.AOS.groundwater.well.003","MART.W3.20190228.FIL","A00000060756","2019-02-28T18:29Z","2019-02-28T18:29Z","EcoCore_CSU","TDS",35.2500,"milligramsPerLiter",0.5,,0,"formatChange","GOOD"
"77b00e92-2f35-4e7c-8be4-632888712a88","D16","MART","MART.AOS.groundwater.well.003","MART.W3.20190228.FIL","A00000060756","2019-02-28T18:29Z","2019-02-28T18:29Z","EcoCore_CSU","Ca",4.2692,"milligramsPerLiter",0.5,,0,"formatChange","GOOD"
"e84e955c-a455-4dcf-905b-98be9aadbd72","D16","MART","MART.AOS.groundwater.well.003","MART.W3.20190228.FIL","A00000060756","2019-02-28T18:29Z","2019-02-28T18:29Z","EcoCore_CSU","Cl",1.0600,"milligramsPerLiter",0.5,,0,"formatChange","GOOD"
"93991d17-52bd-4651-871d-5ffd372ebae9","D16","MART","MART.AOS.groundwater.well.003","MART.W3.20190228.FIL","A00000060756","2019-02-28T18:29Z","2019-02-28T18:29Z","EcoCore_CSU","K",1.6320,"milligramsPerLiter",0.5,,0,"formatChange","GOOD"
"7aa66bbe-7e1a-4e0a-ac78-6e1a0bf065e8","D16","MART","MART.AOS.groundwater.well.003","MART.W3.20190228.FIL","A00000060756","2019-02-28T18:29Z","2019-02-28T18:29Z","EcoCore_CSU","NO2 - N",0.0402,"milligramsPerLiter",0.5,,0,"formatChange","GOOD"
"d1c84ef3-c7cf-44df-9e28-840b729d661e","D16","MART","MART.AOS.groundwater.well.003","MART.W3.20190228.FIL","A00000060756","2019-02-28T18:29Z","2019-02-28T18:29Z","EcoCore_CSU","F",0.8500,"milligramsPerLiter",0.5,,0,"formatChange","GOOD"
"edd75b8a-d0dc-4528-9918-6b32041b5981","D16","MART","MART.AOS.groundwater.well.006","MART.W6.20190228.PCN","A00000060860","2019-02-28T19:22Z","2019-02-28T19:22Z","EcoCore_CSU","TPN",0.1043,"milligram",0.5,,0,"formatChange","GOOD"
"b9250a12-c32e-429d-84e4-993483d9efcc","D16","MART","MART.AOS.groundwater.well.006","MART.W6.20190228.FIL","A00000060723","2019-02-28T19:22Z","2019-02-28T19:22Z","EcoCore_CSU","CO3",0.0050,"milligramsPerLiter",0.5,,0,"formatChange","GOOD"
"34e00397-b54e-4f3d-92c3-773719f6e289","D16","MART","MART.AOS.groundwater.well.006","MART.W6.20190228.FIL","A00000060723","2019-02-28T19:22Z","2019-02-28T19:22Z","EcoCore_CSU","NH4 - N",0.1030,"milligramsPerLiter",0.5,,0,"formatChange","GOOD"
"931667fa-14e8-4d40-93ab-f807134822f6","D16","MART","MART.AOS.groundwater.well.006","MART.W6.20190228.FIL","A00000060723","2019-02-28T19:22Z","2019-02-28T19:22Z","EcoCore_CSU","Mn",1.1050,"milligramsPerLiter",0.5,,0,"formatChange","GOOD"
"524bc2cb-9d53-42af-ae7d-6bf06a625602","D16","MART","MART.AOS.groundwater.well.006","MART.W6.20190228.FIL","A00000060723","2019-02-28T19:22Z","2019-02-28T19:22Z","EcoCore_CSU","NO3+NO2 - N",-0.0591,"milligramsPerLiter",0.5,,0,"formatChange","GOOD"
"544894dd-9f0b-4b08-8108-e809bdf7d7d9","D16","MART","MART.AOS.groundwater.well.006","MART.W6.20190228.RAW","A00000060724","2019-02-28T19:22Z","2019-02-28T19:22Z","EcoCore_CSU","conductivity",159.4700,"microsiemensPerCentimeter",0.5,,0,"formatChange","GOOD"
"b5384b6e-21e3-4bf9-873a-2c40380c77a6","D16","MART","MART.AOS.groundwater.well.006","MART.W6.20190228.FIL","A00000060723","2019-02-28T19:22Z","2019-02-28T19:22Z","EcoCore_CSU","UV Absorbance (250 nm)",0.0117,,0.5,,0,"formatChange","GOOD"
"95316bce-3317-47cc-8be4-3a0a14a20c1f","D16","MART","MART.AOS.groundwater.well.006","MART.W6.20190228.FIL","A00000060723","2019-02-28T19:22Z","2019-02-28T19:22Z","EcoCore_CSU","F",0.5200,"milligramsPerLiter",0.5,,0,"formatChange","GOOD"
"a32deb00-abf0-44aa-8d79-bb2a09564d2e","D16","MART","MART.AOS.groundwater.well.006","MART.W6.20190228.FIL","A00000060723","2019-02-28T19:22Z","2019-02-28T19:22Z","EcoCore_CSU","Si",6.9084,"milligramsPerLiter",0.5,,0,"formatChange","GOOD"
"c4a6d57f-f2d7-4a1f-9315-e41db1421998","D16","MART","MART.AOS.groundwater.well.006","MART.W6.20190228.FIL","A00000060723","2019-02-28T19:22Z","2019-02-28T19:22Z","EcoCore_CSU","Fe",0.1681,"milligramsPerLiter",0.5,,0,"formatChange","GOOD"
"56bcf2fe-bd59-435a-bc4a-3ad47dc244f8","D16","MART","MART.AOS.groundwater.well.006","MART.W6.20190228.FIL","A00000060723","2019-02-28T19:22Z","2019-02-28T19:22Z","EcoCore_CSU","TDN",0.1962,"milligramsPerLiter",0.5,,0,"formatChange","GOOD"
"bd6ab6ff-4857-47bc-a31a-49911651fc15","D16","MART","MART.AOS.groundwater.well.006","MART.W6.20190228.PCN","A00000060860","2019-02-28T19:22Z","2019-02-28T19:22Z","EcoCore_CSU","TPC",0.6618,"milligram",0.5,,0,"formatChange","GOOD"
"59ee2335-dc0a-41e6-b8fa-090524c47f7e","D16","MART","MART.AOS.groundwater.well.006","MART.W6.20190228.FIL","A00000060723","2019-02-28T19:22Z","2019-02-28T19:22Z","EcoCore_CSU","NO2 - N",0.0409,"milligramsPerLiter",0.5,,0,"formatChange","GOOD"
"0f85b012-a331-49b2-8462-e608c7596f1a","D16","MART","MART.AOS.groundwater.well.006","MART.W6.20190228.RAW","A00000060724","2019-02-28T19:22Z","2019-02-28T19:22Z","EcoCore_CSU","pH",7.0100,"pH",0.5,,0,"formatChange","GOOD"
"dbe1d26b-57ab-4f2e-8e20-6163a3639b9e","D16","MART","MART.AOS.groundwater.well.006","MART.W6.20190228.RAW","A00000060724","2019-02-28T19:22Z","2019-02-28T19:22Z","EcoCore_CSU","TN",2.4560,"milligramsPerLiter",0.5,,0,"formatChange","GOOD"
"22e9939c-6288-4c45-b235-afd2a26239cd","D16","MART","MART.AOS.groundwater.well.006","MART.W6.20190228.FIL","A00000060723","2019-02-28T19:22Z","2019-02-28T19:22Z","EcoCore_CSU","Cl",1.8500,"milligramsPerLiter",0.5,,0,"formatChange","GOOD"
"f9e1a32e-7ff2-4e13-a710-880d8ac3d2cc","D16","MART","MART.AOS.groundwater.well.006","MART.W6.20190228.FIL","A00000060723","2019-02-28T19:22Z","2019-02-28T19:22Z","EcoCore_CSU","SO4",18.4650,"milligramsPerLiter",0.5,,0,"formatChange","GOOD"
"53c84604-68d2-4b87-a3bc-cf477caeb3db","D16","MART","MART.AOS.groundwater.well.006","MART.W6.20190228.RAW","A00000060724","2019-02-28T19:22Z","2019-02-28T19:22Z","EcoCore_CSU","TP",3.1270,"milligramsPerLiter",0.5,,0,"formatChange","GOOD"
"171ffd51-a9fe-400a-b091-b6ea45266ae8","D16","MART","MART.AOS.groundwater.well.006","MART.W6.20190228.FIL","A00000060723","2019-02-28T19:22Z","2019-02-28T19:22Z","EcoCore_CSU","K",3.5070,"milligramsPerLiter",0.5,,0,"formatChange","GOOD"
"188dd863-fd0a-4367-811e-e91356e39ae0","D16","MART","MART.AOS.groundwater.well.006","MART.W6.20190228.FIL","A00000060723","2019-02-28T19:22Z","2019-02-28T19:22Z","EcoCore_CSU","Mg",3.7030,"milligramsPerLiter",0.5,,0,"formatChange","GOOD"
"9b9c5f4e-2faa-473d-97c5-66a2be5840d9","D16","MART","MART.AOS.groundwater.well.006","MART.W6.20190228.FIL","A00000060723","2019-02-28T19:22Z","2019-02-28T19:22Z","EcoCore_CSU","Ortho - P",0.0910,"milligramsPerLiter",0.5,,0,"formatChange","GOOD"
"b00aeacd-a2f1-4d61-988d-d45cf7ce3c42","D16","MART","MART.AOS.groundwater.well.006","MART.W6.20190228.FIL","A00000060723","2019-02-28T19:22Z","2019-02-28T19:22Z","EcoCore_CSU","Br",0.0050,"milligramsPerLiter",0.5,,0,"formatChange","GOOD"
"b3dc5da3-a7b6-45a7-97a3-74bdd01aa970","D16","MART","MART.AOS.groundwater.well.006","MART.W6.20190228.RAW","A00000060724","2019-02-28T19:22Z","2019-02-28T19:22Z","EcoCore_CSU","TSS",792.0000,"milligramsPerLiter",0.5,,0,"formatChange","GOOD"
"a2c97273-82e8-44aa-8f83-e2dec2d57b99","D16","MART","MART.AOS.groundwater.well.006","MART.W6.20190228.FIL","A00000060723","2019-02-28T19:22Z","2019-02-28T19:22Z","EcoCore_CSU","Na",4.2210,"milligramsPerLiter",0.5,,0,"formatChange","GOOD"
"b1580809-9099-413a-a010-0b5e1f358d09","D16","MART","MART.AOS.groundwater.well.006","MART.W6.20190228.FIL","A00000060723","2019-02-28T19:22Z","2019-02-28T19:22Z","EcoCore_CSU","DIC",15.1400,"milligramsPerLiter",0.5,,0,"formatChange","GOOD"
"2e6a8f35-f4ed-4133-a2cc-0cff64b3ea22","D16","MART","MART.AOS.groundwater.well.006","MART.W6.20190228.FIL","A00000060723","2019-02-28T19:22Z","2019-02-28T19:22Z","EcoCore_CSU","DOC",1.8210,"milligramsPerLiter",0.5,,0,"formatChange","GOOD"
"f4a4d154-d50f-46c4-b386-eb7f04a0fb83","D16","MART","MART.AOS.groundwater.well.006","MART.W6.20190228.FIL","A00000060723","2019-02-28T19:22Z","2019-02-28T19:22Z","EcoCore_CSU","TDP",0.0005,"milligramsPerLiter",0.5,,0,"formatChange","GOOD"
"c760cbab-492c-4f20-9c67-c3ae54a8d891","D16","MART","MART.AOS.groundwater.well.006","MART.W6.20190228.FIL","A00000060723","2019-02-28T19:22Z","2019-02-28T19:22Z","EcoCore_CSU","UV Absorbance (280 nm)",0.0066,,0.5,,0,"formatChange","GOOD"
"52414521-10bc-4459-95ac-a7b5cf1257dc","D16","MART","MART.AOS.groundwater.well.006","MART.W6.20190228.FIL","A00000060723","2019-02-28T19:22Z","2019-02-28T19:22Z","EcoCore_CSU","HCO3",67.5800,"milligramsPerLiter",0.5,,0,"formatChange","GOOD"
"d9898c8e-1e85-44b2-9e06-d21869e56ae4","D16","MART","MART.AOS.groundwater.well.006","MART.W6.20190228.RAW","A00000060724","2019-02-28T19:22Z","2019-02-28T19:22Z","EcoCore_CSU","TSS - Dry Mass",39600.0000,"microgram",0.5,,0,"formatChange","GOOD"
"42da42ad-86bf-4739-9d05-13ef110ed95e","D16","MART","MART.AOS.groundwater.well.006","MART.W6.20190228.RAW","A00000060724","2019-02-28T19:22Z","2019-02-28T19:22Z","EcoCore_CSU","ANC",1.2200,"milliequivalentsPerLiter",0.5,,0,"formatChange","GOOD"
"deac5371-f071-48dc-a195-8fc5f31ff3b5","D16","MART","MART.AOS.groundwater.well.006","MART.W6.20190228.FIL","A00000060723","2019-02-28T19:22Z","2019-02-28T19:22Z","EcoCore_CSU","TDS",113.1000,"milligramsPerLiter",0.5,,0,"formatChange","GOOD"
"147e1cb7-7992-4650-9002-2e0c45fd2e11","D16","MART","MART.AOS.groundwater.well.006","MART.W6.20190228.RAW","A00000060724","2019-02-28T19:22Z","2019-02-28T19:22Z","EcoCore_CSU","TOC",28.9800,"milligramsPerLiter",0.5,,0,"formatChange","GOOD"
"4843e940-e7ad-4c1d-8da9-382d9851cf40","D16","MART","MART.AOS.groundwater.well.006","MART.W6.20190228.FIL","A00000060723","2019-02-28T19:22Z","2019-02-28T19:22Z","EcoCore_CSU","Ca",20.1581,"milligramsPerLiter",0.5,,0,"formatChange","GOOD"
