uid,domainID,siteID,namedLocation,decimalLatitude,decimalLongitude,coordinateUncertainty,elevation,elevationUncertainty,geodeticDatum,collectDate,aquaticSiteType,samplingImpractical,waterChemSamplesCollected,adequateSampleVol,parentSampleID,eventID,swcSamplingProtocolVersion,sampleExtractionMethod,samplerType,totalWellDepth,wellWaterDepth,waterColumnHeight,sampleDepth,purgeAverageDischargeRate,purgeTime,gwWellStabilized,purgeDryDateTime,pumpPlacementDate,screenedIntervalDepth,maxAllowableDrawdown,actualDrawdown,MADExceeded,wellVolumePurged,probeIDUnavailable,dissolvedOxygen,dissolvedOxygenSaturation,specificConductance,waterTemp,pH,waterClarityDescrip,waterColorDescrip,aCollectedBy,bCollectedBy,remarks
"dcfc9788-efaa-42dd-8b90-d6edff6365d6","D14","SYCA","SYCA.AOS.groundwater.well.003",33.750864,-111.507595,0.1,646.4,0.1,"WGS84","2018-02-12T16:05Z","stream","shallow groundwater",,,"SYCA.W3.20180212","SYCA.20180212","NEON.DOC.002905vE",,,6.0,5.5,0.5,,,,,,,,,,,,,,,,,,,,"Rmore-hla@battelleecology.org","kmatthiesen@field-ops.org",
"8a90e4bf-773a-41a5-a087-94de79213ae8","D14","SYCA","SYCA.AOS.groundwater.well.004",33.750662,-111.507276,0.1,646.2,0.1,"WGS84","2018-02-12T16:14Z","stream","shallow groundwater",,,"SYCA.W4.20180212","SYCA.20180212","NEON.DOC.002905vE",,,6.1,6.0,0.1,,,,,,,,,,,,,,,,,,,,"Rmore-hla@battelleecology.org","kmatthiesen@field-ops.org",
"32dfb688-c11e-4b63-8efc-fc6c707358f9","D14","SYCA","SYCA.AOS.groundwater.well.002",33.750561,-111.507255,0.1,646.1,0.1,"WGS84","2018-02-12T16:56Z","stream",,,,"SYCA.W2.20180212","SYCA.20180212","NEON.DOC.002905vE","low-flow","Groundwater Pump",6.6,5.7,0.9,6.1,,,,,,,,,,1.6,,1.78,18.30,575.00,19.20,,"clear","colorless","Rmore-hla@battelleecology.org","kmatthiesen@field-ops.org",
"f1aa0413-1146-4931-b32a-721a5fc6dd98","D14","SYCA","SYCA.AOS.groundwater.well.001",33.750514,-111.507112,0.1,646.2,0.1,"WGS84","2018-02-12T21:29Z","stream",,,,"SYCA.W1.20180212","SYCA.20180212","NEON.DOC.002905vE","low-flow","Groundwater Pump",6.7,5.9,0.8,6.1,,,,,,,,,,1.7,,1.67,18.40,568.00,20.20,,"clear","colorless","Rmore-hla@battelleecology.org","kmatthiesen@field-ops.org",
