uid,domainID,siteID,namedLocation,sampleID,sampleCode,startDate,collectDate,laboratoryName,analyte,analyteConcentration,analyteUnits,coolerTemp,remarks,shipmentWarmQF,externalLabDataQF,sampleCondition
"be83db53-d62e-453c-9679-ed053742751b","D14","SYCA","SYCA.AOS.groundwater.well.002","SYCA.W2.20180212.FIL",,"2018-02-12T16:56Z","2018-02-12T16:56Z","EcoCore_CSU","NH4 - N",0.0827,"milligramsPerLiter",5.8,,0,"formatChange","GOOD"
"794923f9-294b-4926-bc85-e04615727358","D14","SYCA","SYCA.AOS.groundwater.well.002","SYCA.W2.20180212.FIL",,"2018-02-12T16:56Z","2018-02-12T16:56Z","EcoCore_CSU","Ca",57.8770,"milligramsPerLiter",5.8,,0,"formatChange","GOOD"
"e2c550a8-3fac-4475-b88c-a169a90f62b2","D14","SYCA","SYCA.AOS.groundwater.well.002","SYCA.W2.20180212.FIL",,"2018-02-12T16:56Z","2018-02-12T16:56Z","EcoCore_CSU","Mg",21.9960,"milligramsPerLiter",5.8,,0,"formatChange","GOOD"
"8f4d5773-1e7e-459c-aad1-b84e8ba10e8b","D14","SYCA","SYCA.AOS.groundwater.well.002","SYCA.W2.20180212.PCN",,"2018-02-12T16:56Z","2018-02-12T16:56Z","EcoCore_CSU","TPC",0.3365,"milligram",5.8,,0,"formatChange","GOOD"
"97fe05b0-a098-4bb0-a93f-e06c0b224791","D14","SYCA","SYCA.AOS.groundwater.well.002","SYCA.W2.20180212.FIL",,"2018-02-12T16:56Z","2018-02-12T16:56Z","EcoCore_CSU","NO3+NO2 - N",0.1996,"milligramsPerLiter",5.8,,0,"formatChange","GOOD"
"a3134929-4656-469a-b0d9-312df2033016","D14","SYCA","SYCA.AOS.groundwater.well.002","SYCA.W2.20180212.FIL",,"2018-02-12T16:56Z","2018-02-12T16:56Z","EcoCore_CSU","NO2 - N",0.0131,"milligramsPerLiter",5.8,,0,"formatChange","GOOD"
"7da24290-e91c-4eca-9df9-8ef23585e423","D14","SYCA","SYCA.AOS.groundwater.well.002","SYCA.W2.20180212.RAW",,"2018-02-12T16:56Z","2018-02-12T16:56Z","EcoCore_CSU","TP",0.0040,"milligramsPerLiter",5.8,,0,"formatChange","GOOD"
"1b9a77b7-bf9a-4acd-a1b9-541c6fd8eb17","D14","SYCA","SYCA.AOS.groundwater.well.002","SYCA.W2.20180212.PCN",,"2018-02-12T16:56Z","2018-02-12T16:56Z","EcoCore_CSU","TPN",0.0462,"milligram",5.8,,0,"formatChange","GOOD"
"b8ea1134-261a-4df9-933d-33f974b1fea0","D14","SYCA","SYCA.AOS.groundwater.well.002","SYCA.W2.20180212.RAW",,"2018-02-12T16:56Z","2018-02-12T16:56Z","EcoCore_CSU","TOC",1.2750,"milligramsPerLiter",5.8,,0,"formatChange","GOOD"
"5b86f03f-7173-4d5c-b38a-af05834b6a24","D14","SYCA","SYCA.AOS.groundwater.well.002","SYCA.W2.20180212.FIL",,"2018-02-12T16:56Z","2018-02-12T16:56Z","EcoCore_CSU","DOC",1.3880,"milligramsPerLiter",5.8,,0,"formatChange","GOOD"
"7ed48275-096f-4458-b107-732a4662f0db","D14","SYCA","SYCA.AOS.groundwater.well.002","SYCA.W2.20180212.FIL",,"2018-02-12T16:56Z","2018-02-12T16:56Z","EcoCore_CSU","DIC",72.9100,"milligramsPerLiter",5.8,,0,"formatChange","GOOD"
"2e70e709-2003-4944-b611-e9e3c0ebe8c2","D14","SYCA","SYCA.AOS.groundwater.well.002","SYCA.W2.20180212.FIL",,"2018-02-12T16:56Z","2018-02-12T16:56Z","EcoCore_CSU","TDN",0.2237,"milligramsPerLiter",5.8,,0,"formatChange","GOOD"
"37661249-80c3-46b7-add2-5a4fead3c5fc","D14","SYCA","SYCA.AOS.groundwater.well.002","SYCA.W2.20180212.FIL",,"2018-02-12T16:56Z","2018-02-12T16:56Z","EcoCore_CSU","SO4",18.7000,"milligramsPerLiter",5.8,,0,"formatChange","GOOD"
"cf95f88b-4cd2-4d0c-9402-e3d6baf4eb5d","D14","SYCA","SYCA.AOS.groundwater.well.002","SYCA.W2.20180212.FIL",,"2018-02-12T16:56Z","2018-02-12T16:56Z","EcoCore_CSU","TDP",0.0030,"milligramsPerLiter",5.8,,0,"formatChange","GOOD"
"ae833e0b-3f23-4d12-992d-43d3a8adcb3f","D14","SYCA","SYCA.AOS.groundwater.well.002","SYCA.W2.20180212.FIL",,"2018-02-12T16:56Z","2018-02-12T16:56Z","EcoCore_CSU","Si",15.4600,"milligramsPerLiter",5.8,,0,"formatChange","GOOD"
"acea1b04-6d2f-4239-bebb-e0ebebe62349","D14","SYCA","SYCA.AOS.groundwater.well.002","SYCA.W2.20180212.FIL",,"2018-02-12T16:56Z","2018-02-12T16:56Z","EcoCore_CSU","TDS",441.7000,"milligramsPerLiter",5.8,,0,"formatChange","GOOD"
"ae3b8c55-6e6c-4cdb-a586-2b562883211c","D14","SYCA","SYCA.AOS.groundwater.well.002","SYCA.W2.20180212.FIL",,"2018-02-12T16:56Z","2018-02-12T16:56Z","EcoCore_CSU","K",1.5530,"milligramsPerLiter",5.8,,0,"formatChange","GOOD"
"94826ca8-838b-438b-9584-d8561716f578","D14","SYCA","SYCA.AOS.groundwater.well.002","SYCA.W2.20180212.FIL",,"2018-02-12T16:56Z","2018-02-12T16:56Z","EcoCore_CSU","Cl",22.0500,"milligramsPerLiter",5.8,,0,"formatChange","GOOD"
"8456916d-2c47-4fb1-b0df-b50d248cde21","D14","SYCA","SYCA.AOS.groundwater.well.002","SYCA.W2.20180212.FIL",,"2018-02-12T16:56Z","2018-02-12T16:56Z","EcoCore_CSU","CO3",0.0050,"milligramsPerLiter",5.8,,0,"formatChange","GOOD"
"7b3e87fa-493d-4fe7-8810-5cbb3d416e1d","D14","SYCA","SYCA.AOS.groundwater.well.002","SYCA.W2.20180212.FIL",,"2018-02-12T16:56Z","2018-02-12T16:56Z","EcoCore_CSU","Br",0.0050,"milligramsPerLiter",5.8,,0,"formatChange","GOOD"
"cfb8f475-e2c2-459c-9ee7-7715e2fd19a5","D14","SYCA","SYCA.AOS.groundwater.well.002","SYCA.W2.20180212.RAW",,"2018-02-12T16:56Z","2018-02-12T16:56Z","EcoCore_CSU","TSS - Dry Mass",800.0000,"microgram",5.8,,0,"formatChange","GOOD"
"d8d73541-c67a-463d-be22-6f1d1634b121","D14","SYCA","SYCA.AOS.groundwater.well.002","SYCA.W2.20180212.RAW",,"2018-02-12T16:56Z","2018-02-12T16:56Z","EcoCore_CSU","ANC",5.6900,"milliequivalentsPerLiter",5.8,,0,"formatChange","GOOD"
"068cf1fe-1825-4ee6-92f0-b15705de7a2f","D14","SYCA","SYCA.AOS.groundwater.well.002","SYCA.W2.20180212.FIL",,"2018-02-12T16:56Z","2018-02-12T16:56Z","EcoCore_CSU","Mn",0.0010,"milligramsPerLiter",5.8,,0,"formatChange","GOOD"
"608121cb-faea-4152-843f-d93afac97252","D14","SYCA","SYCA.AOS.groundwater.well.002","SYCA.W2.20180212.FIL",,"2018-02-12T16:56Z","2018-02-12T16:56Z","EcoCore_CSU","Ortho - P",0.0780,"milligramsPerLiter",5.8,,0,"formatChange","GOOD"
"cc77a1a5-75cd-40bf-85dd-5327256894c8","D14","SYCA","SYCA.AOS.groundwater.well.002","SYCA.W2.20180212.RAW",,"2018-02-12T16:56Z","2018-02-12T16:56Z","EcoCore_CSU","pH",7.3900,"pH",5.8,,0,"formatChange","GOOD"
"9913f7e0-910e-481e-b2aa-ebb2179065dc","D14","SYCA","SYCA.AOS.groundwater.well.002","SYCA.W2.20180212.RAW",,"2018-02-12T16:56Z","2018-02-12T16:56Z","EcoCore_CSU","conductivity",627.8000,"microsiemensPerCentimeter",5.8,,0,"formatChange","GOOD"
"8e1afa97-98b0-4e79-aae0-5f9bf9506bd7","D14","SYCA","SYCA.AOS.groundwater.well.002","SYCA.W2.20180212.FIL",,"2018-02-12T16:56Z","2018-02-12T16:56Z","EcoCore_CSU","Na",25.6620,"milligramsPerLiter",5.8,,0,"formatChange","GOOD"
"6d739093-e93c-4971-b8a9-e09c1664efeb","D14","SYCA","SYCA.AOS.groundwater.well.002","SYCA.W2.20180212.FIL",,"2018-02-12T16:56Z","2018-02-12T16:56Z","EcoCore_CSU","HCO3",291.3600,"milligramsPerLiter",5.8,,0,"formatChange","GOOD"
"73f0c1da-94ff-4255-9b6d-636e4277b304","D14","SYCA","SYCA.AOS.groundwater.well.002","SYCA.W2.20180212.RAW",,"2018-02-12T16:56Z","2018-02-12T16:56Z","EcoCore_CSU","TN",0.2177,"milligramsPerLiter",5.8,,0,"formatChange","GOOD"
"31486b5e-15fe-4ea9-bd18-a8afcbccf1a6","D14","SYCA","SYCA.AOS.groundwater.well.002","SYCA.W2.20180212.RAW",,"2018-02-12T16:56Z","2018-02-12T16:56Z","EcoCore_CSU","TSS",16.0000,"milligramsPerLiter",5.8,,0,"formatChange","GOOD"
"355956f4-9660-4e7c-a031-a5eeff50bf2c","D14","SYCA","SYCA.AOS.groundwater.well.002","SYCA.W2.20180212.FIL",,"2018-02-12T16:56Z","2018-02-12T16:56Z","EcoCore_CSU","Fe",0.0005,"milligramsPerLiter",5.8,,0,"formatChange","GOOD"
"fb7a30e1-06fc-43d7-a185-881dfd8df8f3","D14","SYCA","SYCA.AOS.groundwater.well.002","SYCA.W2.20180212.FIL",,"2018-02-12T16:56Z","2018-02-12T16:56Z","EcoCore_CSU","UV Absorbance (250 nm)",0.0258,,5.8,,0,"formatChange","GOOD"
"b5254457-fd2d-4cd3-af0a-cd076eae20bd","D14","SYCA","SYCA.AOS.groundwater.well.002","SYCA.W2.20180212.FIL",,"2018-02-12T16:56Z","2018-02-12T16:56Z","EcoCore_CSU","UV Absorbance (280 nm)",0.0167,,5.8,,0,"formatChange","GOOD"
"1759ee95-a036-4e39-b78f-d533db2edcd2","D14","SYCA","SYCA.AOS.groundwater.well.002","SYCA.W2.20180212.FIL",,"2018-02-12T16:56Z","2018-02-12T16:56Z","EcoCore_CSU","F",2.0100,"milligramsPerLiter",5.8,,0,"formatChange","GOOD"
"41e5a98e-c2e3-413e-9282-467a3842779b","D14","SYCA","SYCA.AOS.groundwater.well.001","SYCA.W1.20180212.PCN",,"2018-02-12T21:29Z","2018-02-12T21:29Z","EcoCore_CSU","TPC",0.4532,"milligram",5.8,,0,"formatChange","GOOD"
"6d0e8321-f739-4c68-b9f3-9dcdbc1bd358","D14","SYCA","SYCA.AOS.groundwater.well.001","SYCA.W1.20180212.RAW",,"2018-02-12T21:29Z","2018-02-12T21:29Z","EcoCore_CSU","conductivity",626.0000,"microsiemensPerCentimeter",5.8,,0,"formatChange","GOOD"
"b68868a9-7e22-4c78-a7c5-b18f59365a12","D14","SYCA","SYCA.AOS.groundwater.well.001","SYCA.W1.20180212.FIL",,"2018-02-12T21:29Z","2018-02-12T21:29Z","EcoCore_CSU","K",1.5650,"milligramsPerLiter",5.8,,0,"formatChange","GOOD"
"2335fa2b-a918-443c-a28f-4e42d88af4d9","D14","SYCA","SYCA.AOS.groundwater.well.001","SYCA.W1.20180212.FIL",,"2018-02-12T21:29Z","2018-02-12T21:29Z","EcoCore_CSU","Ortho - P",0.0890,"milligramsPerLiter",5.8,,0,"formatChange","GOOD"
"0beea14b-4122-4a8c-860f-529db97bfa92","D14","SYCA","SYCA.AOS.groundwater.well.001","SYCA.W1.20180212.RAW",,"2018-02-12T21:29Z","2018-02-12T21:29Z","EcoCore_CSU","TSS",4.0000,"milligramsPerLiter",5.8,,0,"formatChange","GOOD"
"6b655541-4aef-4fbc-97ff-b0c7922ecd7b","D14","SYCA","SYCA.AOS.groundwater.well.001","SYCA.W1.20180212.FIL",,"2018-02-12T21:29Z","2018-02-12T21:29Z","EcoCore_CSU","NH4 - N",0.0857,"milligramsPerLiter",5.8,,0,"formatChange","GOOD"
"6f762c96-8468-4094-8bdc-0c8e67885776","D14","SYCA","SYCA.AOS.groundwater.well.001","SYCA.W1.20180212.FIL",,"2018-02-12T21:29Z","2018-02-12T21:29Z","EcoCore_CSU","TDS",439.6000,"milligramsPerLiter",5.8,,0,"formatChange","GOOD"
"3cbce088-891d-4b2c-be8d-04676d737c97","D14","SYCA","SYCA.AOS.groundwater.well.001","SYCA.W1.20180212.FIL",,"2018-02-12T21:29Z","2018-02-12T21:29Z","EcoCore_CSU","Br",0.0050,"milligramsPerLiter",5.8,,0,"formatChange","GOOD"
"a7730511-ddb4-4a93-9f65-dee4f766fac0","D14","SYCA","SYCA.AOS.groundwater.well.001","SYCA.W1.20180212.FIL",,"2018-02-12T21:29Z","2018-02-12T21:29Z","EcoCore_CSU","CO3",0.0050,"milligramsPerLiter",5.8,,0,"formatChange","GOOD"
"caf594b0-e444-4630-a406-89a8eec1507e","D14","SYCA","SYCA.AOS.groundwater.well.001","SYCA.W1.20180212.FIL",,"2018-02-12T21:29Z","2018-02-12T21:29Z","EcoCore_CSU","TDP",0.0030,"milligramsPerLiter",5.8,,0,"formatChange","GOOD"
"2f0318d5-73f4-4cac-ae24-32cd942af9b9","D14","SYCA","SYCA.AOS.groundwater.well.001","SYCA.W1.20180212.FIL",,"2018-02-12T21:29Z","2018-02-12T21:29Z","EcoCore_CSU","UV Absorbance (250 nm)",0.0167,,5.8,,0,"formatChange","GOOD"
"63d3b695-7619-44b8-8d24-2ff1a303af64","D14","SYCA","SYCA.AOS.groundwater.well.001","SYCA.W1.20180212.FIL",,"2018-02-12T21:29Z","2018-02-12T21:29Z","EcoCore_CSU","Na",25.2240,"milligramsPerLiter",5.8,,0,"formatChange","GOOD"
"1e5a184c-77d3-4a49-af18-e61727573e69","D14","SYCA","SYCA.AOS.groundwater.well.001","SYCA.W1.20180212.RAW",,"2018-02-12T21:29Z","2018-02-12T21:29Z","EcoCore_CSU","TSS - Dry Mass",200.0000,"microgram",5.8,,0,"formatChange","GOOD"
"be73ef5a-e0db-4bd5-92a8-ad025669bf37","D14","SYCA","SYCA.AOS.groundwater.well.001","SYCA.W1.20180212.FIL",,"2018-02-12T21:29Z","2018-02-12T21:29Z","EcoCore_CSU","NO3+NO2 - N",0.1995,"milligramsPerLiter",5.8,,0,"formatChange","GOOD"
"0aea0f44-0a42-4e50-bdc8-845e762b967b","D14","SYCA","SYCA.AOS.groundwater.well.001","SYCA.W1.20180212.FIL",,"2018-02-12T21:29Z","2018-02-12T21:29Z","EcoCore_CSU","Ca",41.1390,"milligramsPerLiter",5.8,,0,"formatChange","GOOD"
"be44e256-40d1-47a3-bbdf-2bbc63ba63b6","D14","SYCA","SYCA.AOS.groundwater.well.001","SYCA.W1.20180212.FIL",,"2018-02-12T21:29Z","2018-02-12T21:29Z","EcoCore_CSU","NO2 - N",0.0129,"milligramsPerLiter",5.8,,0,"formatChange","GOOD"
"ed5b066e-8381-45be-9669-2e7e3b425453","D14","SYCA","SYCA.AOS.groundwater.well.001","SYCA.W1.20180212.FIL",,"2018-02-12T21:29Z","2018-02-12T21:29Z","EcoCore_CSU","HCO3",231.1500,"milligramsPerLiter",5.8,,0,"formatChange","GOOD"
"079970b3-21b7-438d-8ad4-10562fac746b","D14","SYCA","SYCA.AOS.groundwater.well.001","SYCA.W1.20180212.FIL",,"2018-02-12T21:29Z","2018-02-12T21:29Z","EcoCore_CSU","DOC",1.2940,"milligramsPerLiter",5.8,,0,"formatChange","GOOD"
"cdea8c09-c950-4a2e-9619-0e29e032e095","D14","SYCA","SYCA.AOS.groundwater.well.001","SYCA.W1.20180212.RAW",,"2018-02-12T21:29Z","2018-02-12T21:29Z","EcoCore_CSU","TN",0.1964,"milligramsPerLiter",5.8,,0,"formatChange","GOOD"
"94eecd45-7cb7-4577-890a-f416083dd7b1","D14","SYCA","SYCA.AOS.groundwater.well.001","SYCA.W1.20180212.FIL",,"2018-02-12T21:29Z","2018-02-12T21:29Z","EcoCore_CSU","Mg",21.3420,"milligramsPerLiter",5.8,,0,"formatChange","GOOD"
"4ca1b590-7a15-4dcf-972c-c6c6a3c81b80","D14","SYCA","SYCA.AOS.groundwater.well.001","SYCA.W1.20180212.RAW",,"2018-02-12T21:29Z","2018-02-12T21:29Z","EcoCore_CSU","ANC",3.8100,"milliequivalentsPerLiter",5.8,,0,"formatChange","GOOD"
"2698f467-0af2-4887-9811-691e9fac44ce","D14","SYCA","SYCA.AOS.groundwater.well.001","SYCA.W1.20180212.FIL",,"2018-02-12T21:29Z","2018-02-12T21:29Z","EcoCore_CSU","Fe",0.0005,"milligramsPerLiter",5.8,,0,"formatChange","GOOD"
"d1a96e43-0be5-43f7-97ab-5edc575945c3","D14","SYCA","SYCA.AOS.groundwater.well.001","SYCA.W1.20180212.PCN",,"2018-02-12T21:29Z","2018-02-12T21:29Z","EcoCore_CSU","TPN",0.1037,"milligram",5.8,,0,"formatChange","GOOD"
"7959c638-019a-4238-87b5-62db754f4be7","D14","SYCA","SYCA.AOS.groundwater.well.001","SYCA.W1.20180212.RAW",,"2018-02-12T21:29Z","2018-02-12T21:29Z","EcoCore_CSU","TP",0.0040,"milligramsPerLiter",5.8,,0,"formatChange","GOOD"
"e8041591-ec97-41be-b94b-0b909eef6a1f","D14","SYCA","SYCA.AOS.groundwater.well.001","SYCA.W1.20180212.FIL",,"2018-02-12T21:29Z","2018-02-12T21:29Z","EcoCore_CSU","Si",16.3000,"milligramsPerLiter",5.8,,0,"formatChange","GOOD"
"a3a9c3d0-3fa6-4e15-8c8f-039498852351","D14","SYCA","SYCA.AOS.groundwater.well.001","SYCA.W1.20180212.FIL",,"2018-02-12T21:29Z","2018-02-12T21:29Z","EcoCore_CSU","DIC",72.2000,"milligramsPerLiter",5.8,,0,"formatChange","GOOD"
"6b001f52-8c6e-4e73-abca-ead73f953e55","D14","SYCA","SYCA.AOS.groundwater.well.001","SYCA.W1.20180212.FIL",,"2018-02-12T21:29Z","2018-02-12T21:29Z","EcoCore_CSU","Cl",23.5000,"milligramsPerLiter",5.8,,0,"formatChange","GOOD"
"85b7bfc5-63a1-4cce-880c-cef7bd96d42d","D14","SYCA","SYCA.AOS.groundwater.well.001","SYCA.W1.20180212.FIL",,"2018-02-12T21:29Z","2018-02-12T21:29Z","EcoCore_CSU","UV Absorbance (280 nm)",0.0085,,5.8,,0,"formatChange","GOOD"
"500ea771-91b9-420d-8068-3b134ccb5d50","D14","SYCA","SYCA.AOS.groundwater.well.001","SYCA.W1.20180212.FIL",,"2018-02-12T21:29Z","2018-02-12T21:29Z","EcoCore_CSU","Mn",0.0005,"milligramsPerLiter",5.8,,0,"formatChange","GOOD"
"03ff0a2a-2cf1-4e0b-8685-e83772451879","D14","SYCA","SYCA.AOS.groundwater.well.001","SYCA.W1.20180212.FIL",,"2018-02-12T21:29Z","2018-02-12T21:29Z","EcoCore_CSU","F",1.8000,"milligramsPerLiter",5.8,,0,"formatChange","GOOD"
"332289d4-9139-4ac1-aa7d-535a4be03a41","D14","SYCA","SYCA.AOS.groundwater.well.001","SYCA.W1.20180212.RAW",,"2018-02-12T21:29Z","2018-02-12T21:29Z","EcoCore_CSU","pH",7.3100,"pH",5.8,,0,"formatChange","GOOD"
"70851e64-6a6a-49c3-9416-ab6655e36ae3","D14","SYCA","SYCA.AOS.groundwater.well.001","SYCA.W1.20180212.FIL",,"2018-02-12T21:29Z","2018-02-12T21:29Z","EcoCore_CSU","TDN",0.2216,"milligramsPerLiter",5.8,,0,"formatChange","GOOD"
"9fc54caf-c5ac-478a-b723-c27eac7d1131","D14","SYCA","SYCA.AOS.groundwater.well.001","SYCA.W1.20180212.FIL",,"2018-02-12T21:29Z","2018-02-12T21:29Z","EcoCore_CSU","SO4",19.3000,"milligramsPerLiter",5.8,,0,"formatChange","GOOD"
"c173496f-7651-4a7a-aaa3-38f2537a85d7","D14","SYCA","SYCA.AOS.groundwater.well.001","SYCA.W1.20180212.RAW",,"2018-02-12T21:29Z","2018-02-12T21:29Z","EcoCore_CSU","TOC",1.2560,"milligramsPerLiter",5.8,,0,"formatChange","GOOD"
