uid,domainID,siteID,namedLocation,decimalLatitude,decimalLongitude,coordinateUncertainty,elevation,elevationUncertainty,geodeticDatum,collectDate,aquaticSiteType,samplingImpractical,waterChemSamplesCollected,adequateSampleVol,parentSampleID,eventID,swcSamplingProtocolVersion,sampleExtractionMethod,samplerType,totalWellDepth,wellWaterDepth,waterColumnHeight,sampleDepth,purgeAverageDischargeRate,purgeTime,gwWellStabilized,purgeDryDateTime,pumpPlacementDate,screenedIntervalDepth,maxAllowableDrawdown,actualDrawdown,MADExceeded,wellVolumePurged,probeIDUnavailable,dissolvedOxygen,dissolvedOxygenSaturation,specificConductance,waterTemp,pH,waterClarityDescrip,waterColorDescrip,aCollectedBy,bCollectedBy,remarks
"755769c7-8df4-458a-8463-d17243d111a3","D19","CARI","CARI.AOS.groundwater.well.008",65.153230,-147.501795,0.1,228.2,0.1,"WGS84","2020-09-01T19:54Z","stream",,"Y","Y","CARI.W8.20200901","CARI.20200901","NEON.DOC.002905vG","syringe and bailer tube","Syringe and Bailer Tube",2.3,1.7,0.6,,,,,,,,,,,,,4.60,36.00,97.20,3.90,5.72,"cloudy","colorless","0000-0001-9124-8148","0000-0003-3107-7695",
"5fa2d0eb-9023-40e6-8907-d1721cbef1e4","D19","CARI","CARI.AOS.groundwater.well.007",65.152719,-147.501857,0.1,227.5,0.1,"WGS84","2020-09-01T20:19Z","stream",,"N","N","CARI.W7.20200901","CARI.20200901","NEON.DOC.002905vG","syringe and bailer tube","Syringe and Bailer Tube",1.5,1.2,0.3,,,,,,,,,,,,,,,,,6.72,"clear","colorless","0000-0001-9124-8148","0000-0003-3107-7695","ground 2 top: 1.17 to water 1.47 2.56"
"880a6df2-828b-4d3f-8ec0-0ceee2287d53","D19","CARI","CARI.AOS.groundwater.well.001",65.152809,-147.508033,0.1,231.0,0.1,"WGS84","2020-09-01T21:31Z","stream",,"Y","N","CARI.W1.20200901","CARI.20200901","NEON.DOC.002905vG","syringe and bailer tube","Syringe and Bailer Tube",1.4,1.1,0.4,,,,,,,,,,,,,,,,,6.09,"cloudy","colorless","0000-0001-9124-8148","0000-0003-3107-7695",
"aacc1361-59f4-4a24-9e3f-5259fd9c2c40","D19","CARI","CARI.AOS.groundwater.well.005",65.152238,-147.507904,0.1,232.2,0.1,"WGS84","2020-09-01T23:01Z","stream",,"Y","Y","CARI.W5.20200901","CARI.20200901","NEON.DOC.002905vG","syringe and bailer tube","Syringe and Bailer Tube",2.5,1.5,1.0,,,,,,,,,,,,,8.70,73.00,76.90,6.30,6.60,"cloudy","brown","0000-0001-9124-8148","0000-0003-3107-7695",
"8d2bb282-b598-429d-b1bf-a8b0fde70226","D19","CARI","CARI.AOS.groundwater.well.008",65.153230,-147.501795,0.1,228.2,0.1,"WGS84","2020-09-16T19:01Z","stream",,"Y","Y","CARI.W8.20200916","CARI.20200916","NEON.DOC.002905vG","syringe and bailer tube","Syringe and Bailer Tube",3.6,2.7,0.9,,,,,,,,,,,,,6.50,49.00,168.70,1.90,5.76,"cloudy","brown","0000-0001-9124-8148","0000-0003-3107-7695",
"bf3536f4-b324-4d08-8d52-f58e4ca47194","D19","CARI","CARI.AOS.groundwater.well.007",65.152719,-147.501857,0.1,227.5,0.1,"WGS84","2020-09-16T19:44Z","stream",,"Y","N","CARI.W7.20200916","CARI.20200916","NEON.DOC.002905vG","syringe and bailer tube","Syringe and Bailer Tube",1.6,1.4,0.2,,,,,,,,,,,,,6.60,50.00,109.50,3.00,5.77,"clear","colorless","0000-0001-9124-8148","0000-0003-3107-7695",
"8c4a5e3f-89fe-4c39-b1b8-9463d36977f0","D19","CARI","CARI.AOS.groundwater.well.001",65.152809,-147.508033,0.1,231.0,0.1,"WGS84","2020-09-16T20:37Z","stream",,"Y","Y","CARI.W1.20200916","CARI.20200916","NEON.DOC.002905vG","syringe and bailer tube","Syringe and Bailer Tube",1.5,1.0,0.5,,,,,,,,,,,,,7.60,59.00,85.10,4.00,5.77,"clear","blue","0000-0001-9124-8148","0000-0003-3107-7695",
"3cd71881-0725-4ee3-8f44-65d200ece5d0","D19","CARI","CARI.AOS.groundwater.well.005",65.152238,-147.507904,0.1,232.2,0.1,"WGS84","2020-09-16T21:25Z","stream",,"Y","Y","CARI.W5.20200916","CARI.20200916","NEON.DOC.002905vG","syringe and bailer tube","Syringe and Bailer Tube",2.4,1.5,1.0,,,,,,,,,,,,,6.90,56.00,92.30,4.80,6.32,"cloudy","colorless","0000-0001-9124-8148","0000-0003-3107-7695",
