uid,domainID,siteID,namedLocation,collectDate,parentSampleID,sampleCondition,sampleID,replicateNumber,gwwDICBubbleFree,gwwFiltSampleHeadspace,gwwAlkSampleHeadspace,gwwAlkSampleBubbleFree,processedDate,processedDateFilters,sampleVolumeFiltered,shipmentTimeRange
"8c70e10f-3c88-42b6-aefa-5386b457757e","D19","CARI","CARI.AOS.groundwater.well.008","2020-09-01T19:54Z","CARI.W8.20200901","Sample condition ok","CARI.W8.20200901",1,"Y",,,"Y","2020-09-01T19:54Z","2020-09-02T01:05Z",150.0,"within 24 hours of collection"
"729e2f58-584b-4145-ae1e-a1ce80b2bf5c","D19","CARI","CARI.AOS.groundwater.well.001","2020-09-01T21:31Z","CARI.W1.20200901","Sample condition ok","CARI.W1.20200901",1,"N","Y","N","N","2020-09-01T21:31Z",,,"within 24 hours of collection"
"83880d53-1136-4208-9261-2f208c29b3fe","D19","CARI","CARI.AOS.groundwater.well.005","2020-09-01T23:01Z","CARI.W5.20200901","Sample condition ok","CARI.W5.20200901",1,"Y",,,"Y","2020-09-01T23:01Z","2020-09-02T01:05Z",100.0,"within 24 hours of collection"
"0e3a4153-65ff-4098-ba0a-9bfd7833b9ec","D19","CARI","CARI.AOS.groundwater.well.008","2020-09-16T19:01Z","CARI.W8.20200916","Sample condition ok","CARI.W8.20200916",1,"Y",,,"Y","2020-09-16T19:01Z","2020-09-17T00:34Z",200.0,"within 24 hours of collection"
"2fbf0305-3b66-4c30-ad9d-856c3ea70689","D19","CARI","CARI.AOS.groundwater.well.007","2020-09-16T19:44Z","CARI.W7.20200916","Sample condition ok","CARI.W7.20200916",1,"Y","Y","N","Y","2020-09-16T19:44Z","2020-09-17T00:34Z",200.0,"within 24 hours of collection"
"0c70c5b2-2e07-4766-883c-0cbef3930177","D19","CARI","CARI.AOS.groundwater.well.001","2020-09-16T20:37Z","CARI.W1.20200916","Sample condition ok","CARI.W1.20200916",1,"Y",,,"Y","2020-09-16T20:37Z","2020-09-17T00:33Z",140.0,"within 24 hours of collection"
"4bca2cd4-364e-4486-b13f-a21cffe52931","D19","CARI","CARI.AOS.groundwater.well.005","2020-09-16T21:25Z","CARI.W5.20200916","Sample condition ok","CARI.W5.20200916",1,"Y",,,"N","2020-09-16T21:25Z","2020-09-17T00:32Z",50.0,"within 24 hours of collection"
