uid,domainID,siteID,namedLocation,decimalLatitude,decimalLongitude,coordinateUncertainty,elevation,elevationUncertainty,geodeticDatum,collectDate,aquaticSiteType,samplingImpractical,waterChemSamplesCollected,adequateSampleVol,parentSampleID,eventID,swcSamplingProtocolVersion,sampleExtractionMethod,samplerType,totalWellDepth,wellWaterDepth,waterColumnHeight,sampleDepth,purgeAverageDischargeRate,purgeTime,gwWellStabilized,purgeDryDateTime,pumpPlacementDate,screenedIntervalDepth,maxAllowableDrawdown,actualDrawdown,MADExceeded,wellVolumePurged,probeIDUnavailable,dissolvedOxygen,dissolvedOxygenSaturation,specificConductance,waterTemp,pH,waterClarityDescrip,waterColorDescrip,aCollectedBy,bCollectedBy,remarks
"a9b951ab-d267-40f4-9ce3-017ced99ac98","D02","POSE","POSE.AOS.groundwater.well.008",38.895235,-78.147951,0.1,273.2,0.1,"WGS84","2020-02-26T13:28Z","stream",,"Y","Y","POSE.W8.20200226","POSE.20200226","NEON.DOC.002905vG","low-flow","Groundwater Pump",3.1,1.3,1.8,2.3,,,,,,,,,,2.9,,7.14,60.10,130.20,8.00,6.73,"clear","colorless","0000-0003-3114-5862","0000-0001-7904-875X",
"0bfc2f0a-c8d0-4a20-89eb-5a18eff9b34e","D02","POSE","POSE.AOS.groundwater.well.003",38.894304,-78.147503,0.1,278.6,0.1,"WGS84","2020-02-26T14:21Z","stream",,"Y","Y","POSE.W3.20200226","POSE.20200226","NEON.DOC.002905vG","purge dry","Groundwater Pump",4.2,2.6,1.6,,,,,,,,,,,,,8.07,71.60,97.90,10.10,7.16,"cloudy","colorless","0000-0001-7904-875X","0000-0003-3114-5862","ALK titration data was a little messy but result seems reasonable. Did not have enough sample to repeat due to low-flow well."
"6781bf5e-30e2-4e17-a387-d752f67323bd","D02","POSE","POSE.AOS.groundwater.well.001",38.894262,-78.147143,0.1,277.9,0.1,"WGS84","2020-02-26T15:42Z","stream",,"Y","Y","POSE.W1.20200226","POSE.20200226","NEON.DOC.002905vG","purge dry","Groundwater Pump",3.0,1.4,1.6,,,,,,,,,,,,,8.58,73.80,163.60,8.80,6.75,"cloudy","brown","0000-0003-3114-5862","0000-0001-7904-875X",
"ad1dd165-852c-4057-b143-4db9d9ecc52d","D02","POSE","POSE.AOS.groundwater.well.006",38.894973,-78.147373,0.1,276.3,0.1,"WGS84","2020-02-26T17:27Z","stream",,"Y","Y","POSE.W6.20200226","POSE.20200226","NEON.DOC.002905vG","purge dry","Groundwater Pump",4.4,1.9,2.5,,,,,,,,,,,,,6.38,57.30,134.90,10.60,7.08,"cloudy","brown","0000-0003-3114-5862","0000-0001-7904-875X",
