uid,domainID,siteID,namedLocation,collectDate,parentSampleID,sampleCondition,sampleID,replicateNumber,gwwDICBubbleFree,gwwFiltSampleHeadspace,gwwAlkSampleHeadspace,gwwAlkSampleBubbleFree,processedDate,processedDateFilters,sampleVolumeFiltered,shipmentTimeRange
"046ca4d5-0c91-47fc-ae5e-8adf559c5404","D02","POSE","POSE.AOS.groundwater.well.008","2020-02-26T13:28Z","POSE.W8.20200226","Sample condition ok","POSE.W8.20200226",1,,,,,"2020-02-26T13:28Z","2020-02-26T13:28Z",100.0,
"a0adc9a6-4dcb-4c19-8352-3f990969e958","D02","POSE","POSE.AOS.groundwater.well.003","2020-02-26T14:21Z","POSE.W3.20200226","Sample condition ok","POSE.W3.20200226",1,,,,,"2020-02-26T14:21Z","2020-02-26T14:21Z",50.0,
"90dcf8b2-605c-4cfb-99bf-0309cc2a42c7","D02","POSE","POSE.AOS.groundwater.well.001","2020-02-26T15:42Z","POSE.W1.20200226","Sample condition ok","POSE.W1.20200226",1,,,,,"2020-02-26T15:42Z","2020-02-26T15:42Z",15.0,
"9e2ba68f-d3b9-4af3-9dda-066199204190","D02","POSE","POSE.AOS.groundwater.well.006","2020-02-26T17:27Z","POSE.W6.20200226","Sample condition ok","POSE.W6.20200226",1,,,,,"2020-02-26T17:27Z","2020-02-26T17:27Z",50.0,
