uid,domainID,siteID,namedLocation,collectDate,titrationDate,parentSampleID,domainSampleID,remarks,measuredBy,alkMeqPerL,alkMgPerL,ancMeqPerL,ancMgPerL
"21a51ac8-8330-4aa5-9be9-8e69bd136089","D02","POSE","POSE.AOS.groundwater.well.008","2020-02-26T13:28Z","2020-02-27T12:46Z","POSE.W8.20200226","POSE.W8.20200226.ALK",,"osborneb@battelleecology.org",1.280,63.900,,
"581c48bb-7269-4ea7-b5f1-46fe6873aa94","D02","POSE","POSE.AOS.groundwater.well.003","2020-02-26T14:21Z","2020-02-27T14:10Z","POSE.W3.20200226","POSE.W3.20200226.ALK",,"osborneb@battelleecology.org",1.070,53.400,,
"76db35f8-c154-42e0-8f79-fdbf85c58f55","D02","POSE","POSE.AOS.groundwater.well.001","2020-02-26T15:42Z","2020-02-27T15:11Z","POSE.W1.20200226","POSE.W1.20200226.ALK",,"osborneb@battelleecology.org",0.730,36.500,,
"cd8dfb97-857b-4d10-92fa-6834e5422e85","D02","POSE","POSE.AOS.groundwater.well.006","2020-02-26T17:27Z",,"POSE.W6.20200226","POSE.W6.20200226.ALK",,"osborneb@battelleecology.org",1.080,53.900,,
