uid,domainID,siteID,namedLocation,sampleID,sampleCode,startDate,collectDate,laboratoryName,analyte,analyteConcentration,analyteUnits,coolerTemp,remarks,shipmentWarmQF,externalLabDataQF,sampleCondition
"fc40e5de-7c59-4cd4-b657-6a6282a42fd6","D13","WLOU","WLOU.AOS.groundwater.well.001","WLOU.W1.20180816.FIL","A00000020064","2018-08-16T15:19Z","2018-08-16T15:19Z","EcoCore_CSU","NO2 - N",0.0282,"milligramsPerLiter",0.8,,0,"formatChange","GOOD"
"92d7e44c-2abe-46d5-bc8d-96a728534cbb","D13","WLOU","WLOU.AOS.groundwater.well.001","WLOU.W1.20180816.FIL","A00000020064","2018-08-16T15:19Z","2018-08-16T15:19Z","EcoCore_CSU","Si",5.1576,"milligramsPerLiter",0.8,,0,"formatChange","GOOD"
"d58b9ab2-4706-4f92-8ecd-8d70cb0a0b00","D13","WLOU","WLOU.AOS.groundwater.well.001","WLOU.W1.20180816.FIL","A00000020064","2018-08-16T15:19Z","2018-08-16T15:19Z","EcoCore_CSU","HCO3",59.4100,"milligramsPerLiter",0.8,,0,"formatChange","GOOD"
"226e5dd1-de82-431f-8e66-210c10a28823","D13","WLOU","WLOU.AOS.groundwater.well.001","WLOU.W1.20180816.RAW","A00000020058","2018-08-16T15:19Z","2018-08-16T15:19Z","EcoCore_CSU","ANC",1.0900,"milliequivalentsPerLiter",0.8,,0,"formatChange","GOOD"
"26d8de98-3698-44df-84b4-cec6e7b093a6","D13","WLOU","WLOU.AOS.groundwater.well.001","WLOU.W1.20180816.FIL","A00000020064","2018-08-16T15:19Z","2018-08-16T15:19Z","EcoCore_CSU","CO3",0.0050,"milligramsPerLiter",0.8,,0,"formatChange","GOOD"
"af80d601-3fb2-4ee0-9142-90946f1d1e8c","D13","WLOU","WLOU.AOS.groundwater.well.001","WLOU.W1.20180816.FIL","A00000020064","2018-08-16T15:19Z","2018-08-16T15:19Z","EcoCore_CSU","UV Absorbance (280 nm)",0.0354,,0.8,,0,"formatChange","GOOD"
"db1044e1-e1af-4093-b472-5437685f2299","D13","WLOU","WLOU.AOS.groundwater.well.001","WLOU.W1.20180816.RAW","A00000020058","2018-08-16T15:19Z","2018-08-16T15:19Z","EcoCore_CSU","TSS - Dry Mass",900.0000,"microgram",0.8,,0,"formatChange","GOOD"
"983f11a2-c3e8-413a-b6a9-72a1eeeeb5ed","D13","WLOU","WLOU.AOS.groundwater.well.001","WLOU.W1.20180816.FIL","A00000020064","2018-08-16T15:19Z","2018-08-16T15:19Z","EcoCore_CSU","Ortho - P",0.0170,"milligramsPerLiter",0.8,,0,"formatChange","GOOD"
"68fd61b4-705b-4ba6-b3e9-5f72f96bda35","D13","WLOU","WLOU.AOS.groundwater.well.001","WLOU.W1.20180816.FIL","A00000020064","2018-08-16T15:19Z","2018-08-16T15:19Z","EcoCore_CSU","F",0.0050,"milligramsPerLiter",0.8,,0,"formatChange","GOOD"
"7487e594-9021-4253-80ce-65c8e68a561c","D13","WLOU","WLOU.AOS.groundwater.well.001","WLOU.W1.20180816.FIL","A00000020064","2018-08-16T15:19Z","2018-08-16T15:19Z","EcoCore_CSU","Cl",0.1400,"milligramsPerLiter",0.8,,0,"formatChange","GOOD"
"a6f13abc-739b-4e03-9e1f-16884d8b7a8a","D13","WLOU","WLOU.AOS.groundwater.well.001","WLOU.W1.20180816.FIL","A00000020064","2018-08-16T15:19Z","2018-08-16T15:19Z","EcoCore_CSU","Mg",3.0000,"milligramsPerLiter",0.8,,0,"formatChange","GOOD"
"55a321d2-3aa8-4c79-b28f-0385d8b07718","D13","WLOU","WLOU.AOS.groundwater.well.001","WLOU.W1.20180816.FIL","A00000020064","2018-08-16T15:19Z","2018-08-16T15:19Z","EcoCore_CSU","SO4",2.0820,"milligramsPerLiter",0.8,,0,"formatChange","GOOD"
"85ad6983-6f3c-4e2d-9bff-c3bbc98caf4d","D13","WLOU","WLOU.AOS.groundwater.well.001","WLOU.W1.20180816.FIL","A00000020064","2018-08-16T15:19Z","2018-08-16T15:19Z","EcoCore_CSU","NH4 - N",0.0034,"milligramsPerLiter",0.8,,0,"formatChange","GOOD"
"34e8ac33-319d-4705-94aa-0545fee56ef7","D13","WLOU","WLOU.AOS.groundwater.well.001","WLOU.W1.20180816.FIL","A00000020064","2018-08-16T15:19Z","2018-08-16T15:19Z","EcoCore_CSU","Fe",0.0005,"milligramsPerLiter",0.8,,0,"formatChange","GOOD"
"0fe6ba30-ca19-487e-be55-4612c1a8f81f","D13","WLOU","WLOU.AOS.groundwater.well.001","WLOU.W1.20180816.FIL","A00000020064","2018-08-16T15:19Z","2018-08-16T15:19Z","EcoCore_CSU","Na",1.5470,"milligramsPerLiter",0.8,,0,"formatChange","GOOD"
"299713df-ab13-4cd1-a23c-bf83ac6647df","D13","WLOU","WLOU.AOS.groundwater.well.001","WLOU.W1.20180816.FIL","A00000020064","2018-08-16T15:19Z","2018-08-16T15:19Z","EcoCore_CSU","UV Absorbance (250 nm)",0.0513,,0.8,,0,"formatChange","GOOD"
"4c8aa546-3c4d-4764-b480-e0bdacc4ade2","D13","WLOU","WLOU.AOS.groundwater.well.001","WLOU.W1.20180816.FIL","A00000020064","2018-08-16T15:19Z","2018-08-16T15:19Z","EcoCore_CSU","DOC",1.7790,"milligramsPerLiter",0.8,,0,"formatChange","GOOD"
"3f8847a2-51e5-43d2-97a9-7125e0c33060","D13","WLOU","WLOU.AOS.groundwater.well.001","WLOU.W1.20180816.PCN","A00000020187","2018-08-16T15:19Z","2018-08-16T15:19Z","EcoCore_CSU","TPC",0.3798,"milligram",0.8,,0,"formatChange","GOOD"
"787e236b-3f0a-45ff-a584-174b1b961dfe","D13","WLOU","WLOU.AOS.groundwater.well.001","WLOU.W1.20180816.RAW","A00000020058","2018-08-16T15:19Z","2018-08-16T15:19Z","EcoCore_CSU","TP",0.0150,"milligramsPerLiter",0.8,,0,"formatChange","GOOD"
"82ea559f-0d38-46a1-951e-b92d81334c3e","D13","WLOU","WLOU.AOS.groundwater.well.001","WLOU.W1.20180816.FIL","A00000020064","2018-08-16T15:19Z","2018-08-16T15:19Z","EcoCore_CSU","Ca",13.6191,"milligramsPerLiter",0.8,,0,"formatChange","GOOD"
"825ec01e-0738-4a4d-b107-c0cfed80022d","D13","WLOU","WLOU.AOS.groundwater.well.001","WLOU.W1.20180816.FIL","A00000020064","2018-08-16T15:19Z","2018-08-16T15:19Z","EcoCore_CSU","Br",0.0050,"milligramsPerLiter",0.8,,0,"formatChange","GOOD"
"39b09209-84d8-4ad7-bcb2-2b4e75a8e9ab","D13","WLOU","WLOU.AOS.groundwater.well.001","WLOU.W1.20180816.RAW","A00000020058","2018-08-16T15:19Z","2018-08-16T15:19Z","EcoCore_CSU","conductivity",95.7900,"microsiemensPerCentimeter",0.8,,0,"formatChange","GOOD"
"44a3875e-2e18-4732-a3d2-d3dc37197b02","D13","WLOU","WLOU.AOS.groundwater.well.001","WLOU.W1.20180816.FIL","A00000020064","2018-08-16T15:19Z","2018-08-16T15:19Z","EcoCore_CSU","TDP",0.0029,"milligramsPerLiter",0.8,,0,"formatChange","GOOD"
"b35e4e91-f89d-4617-adae-ee614b565487","D13","WLOU","WLOU.AOS.groundwater.well.001","WLOU.W1.20180816.RAW","A00000020058","2018-08-16T15:19Z","2018-08-16T15:19Z","EcoCore_CSU","TOC",1.5610,"milligramsPerLiter",0.8,,0,"formatChange","GOOD"
"700d6af9-2f75-4c85-af86-6f923e8d23aa","D13","WLOU","WLOU.AOS.groundwater.well.001","WLOU.W1.20180816.FIL","A00000020064","2018-08-16T15:19Z","2018-08-16T15:19Z","EcoCore_CSU","DIC",12.8600,"milligramsPerLiter",0.8,,0,"formatChange","GOOD"
"b9725147-5843-4a3e-b69c-f242f8583a33","D13","WLOU","WLOU.AOS.groundwater.well.001","WLOU.W1.20180816.FIL","A00000020064","2018-08-16T15:19Z","2018-08-16T15:19Z","EcoCore_CSU","TDS",68.4500,"milligramsPerLiter",0.8,,0,"formatChange","GOOD"
"2e7b5409-bf5a-4b84-b0e5-82cf47190bce","D13","WLOU","WLOU.AOS.groundwater.well.001","WLOU.W1.20180816.FIL","A00000020064","2018-08-16T15:19Z","2018-08-16T15:19Z","EcoCore_CSU","Mn",0.0005,"milligramsPerLiter",0.8,,0,"formatChange","GOOD"
"d634bd63-fedd-4303-b04a-010ec1231788","D13","WLOU","WLOU.AOS.groundwater.well.001","WLOU.W1.20180816.FIL","A00000020064","2018-08-16T15:19Z","2018-08-16T15:19Z","EcoCore_CSU","TDN",0.0929,"milligramsPerLiter",0.8,,0,"formatChange","GOOD"
"5202947c-f267-4673-af85-875992bffbfc","D13","WLOU","WLOU.AOS.groundwater.well.001","WLOU.W1.20180816.RAW","A00000020058","2018-08-16T15:19Z","2018-08-16T15:19Z","EcoCore_CSU","TN",0.1026,"milligramsPerLiter",0.8,,0,"formatChange","GOOD"
"d95b1ca8-e536-45a8-aeb1-d63cb85caa73","D13","WLOU","WLOU.AOS.groundwater.well.001","WLOU.W1.20180816.FIL","A00000020064","2018-08-16T15:19Z","2018-08-16T15:19Z","EcoCore_CSU","K",0.1280,"milligramsPerLiter",0.8,,0,"formatChange","GOOD"
"0bd3d0b4-1ab9-484d-a3e9-c1e2c196a0db","D13","WLOU","WLOU.AOS.groundwater.well.001","WLOU.W1.20180816.PCN","A00000020187","2018-08-16T15:19Z","2018-08-16T15:19Z","EcoCore_CSU","TPN",0.0936,"milligram",0.8,,0,"formatChange","GOOD"
"a929adbf-4a4b-4f4e-8687-a690a66b397f","D13","WLOU","WLOU.AOS.groundwater.well.001","WLOU.W1.20180816.RAW","A00000020058","2018-08-16T15:19Z","2018-08-16T15:19Z","EcoCore_CSU","TSS",18.0000,"milligramsPerLiter",0.8,,0,"formatChange","GOOD"
"bdb48885-c1b2-4e42-ab50-979375b6c83f","D13","WLOU","WLOU.AOS.groundwater.well.001","WLOU.W1.20180816.RAW","A00000020058","2018-08-16T15:19Z","2018-08-16T15:19Z","EcoCore_CSU","pH",7.0200,"pH",0.8,,0,"formatChange","GOOD"
"9c7c0a70-5b99-4d0f-bd2b-d5532589b0d4","D13","WLOU","WLOU.AOS.groundwater.well.001","WLOU.W1.20180816.FIL","A00000020064","2018-08-16T15:19Z","2018-08-16T15:19Z","EcoCore_CSU","NO3+NO2 - N",0.0109,"milligramsPerLiter",0.8,,0,"formatChange","GOOD"
"57ef16c0-cf8a-4b4c-b537-bcea8122164b","D13","WLOU","WLOU.AOS.groundwater.well.002","WLOU.W2.20180816.PCN","A00000020188","2018-08-16T16:08Z","2018-08-16T16:08Z","EcoCore_CSU","TPC",0.5672,"milligram",0.8,,0,"formatChange","GOOD"
"6bb012b2-4fd3-4d26-9912-aefe30b86616","D13","WLOU","WLOU.AOS.groundwater.well.002","WLOU.W2.20180816.FIL","A00000020063","2018-08-16T16:08Z","2018-08-16T16:08Z","EcoCore_CSU","DOC",1.4760,"milligramsPerLiter",0.8,,0,"formatChange","GOOD"
"e794bc2d-97c3-487e-b461-b8ebc673cca6","D13","WLOU","WLOU.AOS.groundwater.well.002","WLOU.W2.20180816.FIL","A00000020063","2018-08-16T16:08Z","2018-08-16T16:08Z","EcoCore_CSU","NO2 - N",0.0298,"milligramsPerLiter",0.8,,0,"formatChange","GOOD"
"953795af-3c76-4272-8349-f2c10d730fdd","D13","WLOU","WLOU.AOS.groundwater.well.002","WLOU.W2.20180816.FIL","A00000020063","2018-08-16T16:08Z","2018-08-16T16:08Z","EcoCore_CSU","NO3+NO2 - N",0.0131,"milligramsPerLiter",0.8,,0,"formatChange","GOOD"
"a3df375b-41ca-44dc-9be7-5af9234802bd","D13","WLOU","WLOU.AOS.groundwater.well.002","WLOU.W2.20180816.FIL","A00000020063","2018-08-16T16:08Z","2018-08-16T16:08Z","EcoCore_CSU","Mn",0.0020,"milligramsPerLiter",0.8,,0,"formatChange","GOOD"
"1156c661-1996-48f5-bc1f-abe5665723a1","D13","WLOU","WLOU.AOS.groundwater.well.002","WLOU.W2.20180816.FIL","A00000020063","2018-08-16T16:08Z","2018-08-16T16:08Z","EcoCore_CSU","NH4 - N",0.0219,"milligramsPerLiter",0.8,,0,"formatChange","GOOD"
"facc1204-6351-4097-abb4-1fc63ca1d11a","D13","WLOU","WLOU.AOS.groundwater.well.002","WLOU.W2.20180816.FIL","A00000020063","2018-08-16T16:08Z","2018-08-16T16:08Z","EcoCore_CSU","DIC",13.9000,"milligramsPerLiter",0.8,,0,"formatChange","GOOD"
"63de4caa-6ecb-4236-b453-f714c48c05d0","D13","WLOU","WLOU.AOS.groundwater.well.002","WLOU.W2.20180816.FIL","A00000020063","2018-08-16T16:08Z","2018-08-16T16:08Z","EcoCore_CSU","Mg",3.5400,"milligramsPerLiter",0.8,,0,"formatChange","GOOD"
"65872c79-2fe9-4418-a4c5-afbc6638448f","D13","WLOU","WLOU.AOS.groundwater.well.002","WLOU.W2.20180816.FIL","A00000020063","2018-08-16T16:08Z","2018-08-16T16:08Z","EcoCore_CSU","Ortho - P",0.0130,"milligramsPerLiter",0.8,,0,"formatChange","GOOD"
"6602bb6a-879e-49f5-a806-d99ec018fafd","D13","WLOU","WLOU.AOS.groundwater.well.002","WLOU.W2.20180816.FIL","A00000020063","2018-08-16T16:08Z","2018-08-16T16:08Z","EcoCore_CSU","UV Absorbance (280 nm)",0.0240,,0.8,,0,"formatChange","GOOD"
"fdcc6990-4bb5-4c49-b28e-9e2abd201e6f","D13","WLOU","WLOU.AOS.groundwater.well.002","WLOU.W2.20180816.RAW","A00000020059","2018-08-16T16:08Z","2018-08-16T16:08Z","EcoCore_CSU","TN",0.1163,"milligramsPerLiter",0.8,,0,"formatChange","GOOD"
"0e5dca1e-e895-41e0-81e9-2c5e52359ff6","D13","WLOU","WLOU.AOS.groundwater.well.002","WLOU.W2.20180816.FIL","A00000020063","2018-08-16T16:08Z","2018-08-16T16:08Z","EcoCore_CSU","SO4",2.2080,"milligramsPerLiter",0.8,,0,"formatChange","GOOD"
"903345eb-d443-4d17-969f-05ae7e8057b1","D13","WLOU","WLOU.AOS.groundwater.well.002","WLOU.W2.20180816.FIL","A00000020063","2018-08-16T16:08Z","2018-08-16T16:08Z","EcoCore_CSU","UV Absorbance (250 nm)",0.0345,,0.8,,0,"formatChange","GOOD"
"051e264a-1431-4c9c-8b14-6c1564f75a95","D13","WLOU","WLOU.AOS.groundwater.well.002","WLOU.W2.20180816.RAW","A00000020059","2018-08-16T16:08Z","2018-08-16T16:08Z","EcoCore_CSU","TP",0.0060,"milligramsPerLiter",0.8,,0,"formatChange","GOOD"
"0420c673-9dd7-4937-ae95-d3e3dea542d7","D13","WLOU","WLOU.AOS.groundwater.well.002","WLOU.W2.20180816.RAW","A00000020059","2018-08-16T16:08Z","2018-08-16T16:08Z","EcoCore_CSU","conductivity",106.3000,"microsiemensPerCentimeter",0.8,,0,"formatChange","GOOD"
"57448934-ad5e-49b5-9064-471cf1faa322","D13","WLOU","WLOU.AOS.groundwater.well.002","WLOU.W2.20180816.FIL","A00000020063","2018-08-16T16:08Z","2018-08-16T16:08Z","EcoCore_CSU","Si",4.8377,"milligramsPerLiter",0.8,,0,"formatChange","GOOD"
"a2536396-18b1-4758-be50-bd65f88c2e9c","D13","WLOU","WLOU.AOS.groundwater.well.002","WLOU.W2.20180816.FIL","A00000020063","2018-08-16T16:08Z","2018-08-16T16:08Z","EcoCore_CSU","Na",1.3480,"milligramsPerLiter",0.8,,0,"formatChange","GOOD"
"4c1a477f-199d-421c-9477-4dac77e9e89e","D13","WLOU","WLOU.AOS.groundwater.well.002","WLOU.W2.20180816.FIL","A00000020063","2018-08-16T16:08Z","2018-08-16T16:08Z","EcoCore_CSU","Ca",13.9730,"milligramsPerLiter",0.8,,0,"formatChange","GOOD"
"c589a52c-d556-426e-9c9f-9817b6a604cc","D13","WLOU","WLOU.AOS.groundwater.well.002","WLOU.W2.20180816.FIL","A00000020063","2018-08-16T16:08Z","2018-08-16T16:08Z","EcoCore_CSU","Cl",0.1000,"milligramsPerLiter",0.8,,0,"formatChange","GOOD"
"f41ed321-b5be-4c49-a9cb-cd8e5f91f33f","D13","WLOU","WLOU.AOS.groundwater.well.002","WLOU.W2.20180816.FIL","A00000020063","2018-08-16T16:08Z","2018-08-16T16:08Z","EcoCore_CSU","Br",0.0050,"milligramsPerLiter",0.8,,0,"formatChange","GOOD"
"6db5a6d1-bc72-4ace-bcf3-7335a1236320","D13","WLOU","WLOU.AOS.groundwater.well.002","WLOU.W2.20180816.FIL","A00000020063","2018-08-16T16:08Z","2018-08-16T16:08Z","EcoCore_CSU","K",0.0640,"milligramsPerLiter",0.8,,0,"formatChange","GOOD"
"8ead1903-10ea-462e-aa95-7725a0f653e6","D13","WLOU","WLOU.AOS.groundwater.well.002","WLOU.W2.20180816.FIL","A00000020063","2018-08-16T16:08Z","2018-08-16T16:08Z","EcoCore_CSU","HCO3",62.3300,"milligramsPerLiter",0.8,,0,"formatChange","GOOD"
"1d66f4a9-d7db-490d-b3d2-bcbf9a915209","D13","WLOU","WLOU.AOS.groundwater.well.002","WLOU.W2.20180816.RAW","A00000020059","2018-08-16T16:08Z","2018-08-16T16:08Z","EcoCore_CSU","pH",7.0100,"pH",0.8,,0,"formatChange","GOOD"
"803ef7ac-e9e1-48c3-a34a-d6893ad6f8fa","D13","WLOU","WLOU.AOS.groundwater.well.002","WLOU.W2.20180816.FIL","A00000020063","2018-08-16T16:08Z","2018-08-16T16:08Z","EcoCore_CSU","CO3",0.0050,"milligramsPerLiter",0.8,,0,"formatChange","GOOD"
"a0d43a62-8b26-47fc-813a-954afa48517b","D13","WLOU","WLOU.AOS.groundwater.well.002","WLOU.W2.20180816.RAW","A00000020059","2018-08-16T16:08Z","2018-08-16T16:08Z","EcoCore_CSU","ANC",1.0700,"milliequivalentsPerLiter",0.8,,0,"formatChange","GOOD"
"a34f442c-711c-4d41-a3ea-3cb59486ea05","D13","WLOU","WLOU.AOS.groundwater.well.002","WLOU.W2.20180816.FIL","A00000020063","2018-08-16T16:08Z","2018-08-16T16:08Z","EcoCore_CSU","TDN",0.1064,"milligramsPerLiter",0.8,,0,"formatChange","GOOD"
"216d08de-562a-4f61-8bba-5a813067c1ef","D13","WLOU","WLOU.AOS.groundwater.well.002","WLOU.W2.20180816.FIL","A00000020063","2018-08-16T16:08Z","2018-08-16T16:08Z","EcoCore_CSU","TDP",0.0005,"milligramsPerLiter",0.8,,0,"formatChange","GOOD"
"a570bc6e-5df1-4679-8079-4c9b9b312566","D13","WLOU","WLOU.AOS.groundwater.well.002","WLOU.W2.20180816.RAW","A00000020059","2018-08-16T16:08Z","2018-08-16T16:08Z","EcoCore_CSU","TSS - Dry Mass",400.0000,"microgram",0.8,,0,"formatChange","GOOD"
"cdf15838-9fc6-4c64-95c7-134862859287","D13","WLOU","WLOU.AOS.groundwater.well.002","WLOU.W2.20180816.FIL","A00000020063","2018-08-16T16:08Z","2018-08-16T16:08Z","EcoCore_CSU","Fe",0.0005,"milligramsPerLiter",0.8,,0,"formatChange","GOOD"
"e2bba430-4fd8-4f45-89d5-8242a390bd01","D13","WLOU","WLOU.AOS.groundwater.well.002","WLOU.W2.20180816.RAW","A00000020059","2018-08-16T16:08Z","2018-08-16T16:08Z","EcoCore_CSU","TOC",1.4080,"milligramsPerLiter",0.8,,0,"formatChange","GOOD"
"2c35e087-0742-48d0-86c7-9ee12a423a0f","D13","WLOU","WLOU.AOS.groundwater.well.002","WLOU.W2.20180816.FIL","A00000020063","2018-08-16T16:08Z","2018-08-16T16:08Z","EcoCore_CSU","TDS",75.6500,"milligramsPerLiter",0.8,,0,"formatChange","GOOD"
"5f47e6be-7d58-4512-9542-cdd247c8ead4","D13","WLOU","WLOU.AOS.groundwater.well.002","WLOU.W2.20180816.PCN","A00000020188","2018-08-16T16:08Z","2018-08-16T16:08Z","EcoCore_CSU","TPN",0.1041,"milligram",0.8,,0,"formatChange","GOOD"
"209d680c-49dd-4e87-a9c8-0f5b4acbbd1f","D13","WLOU","WLOU.AOS.groundwater.well.002","WLOU.W2.20180816.RAW","A00000020059","2018-08-16T16:08Z","2018-08-16T16:08Z","EcoCore_CSU","TSS",8.0000,"milligramsPerLiter",0.8,,0,"formatChange","GOOD"
"bff0c893-f2bd-43c1-a423-edf60b803d74","D13","WLOU","WLOU.AOS.groundwater.well.002","WLOU.W2.20180816.FIL","A00000020063","2018-08-16T16:08Z","2018-08-16T16:08Z","EcoCore_CSU","F",0.0050,"milligramsPerLiter",0.8,,0,"formatChange","GOOD"
"e5f8df18-da7c-4f5b-9321-b7e08a5dca45","D13","WLOU","WLOU.AOS.groundwater.well.008","WLOU.W8.20180816.FIL","A00000020065","2018-08-16T17:44Z","2018-08-16T17:44Z","EcoCore_CSU","SO4",4.0350,"milligramsPerLiter",0.8,,0,"formatChange","GOOD"
"8c24a9d7-e39b-4738-8102-1c05b8b01332","D13","WLOU","WLOU.AOS.groundwater.well.008","WLOU.W8.20180816.FIL","A00000020065","2018-08-16T17:44Z","2018-08-16T17:44Z","EcoCore_CSU","Fe",0.0005,"milligramsPerLiter",0.8,,0,"formatChange","GOOD"
"240c99c3-32c0-462f-bc69-06e2dc24101b","D13","WLOU","WLOU.AOS.groundwater.well.008","WLOU.W8.20180816.RAW","A00000020061","2018-08-16T17:44Z","2018-08-16T17:44Z","EcoCore_CSU","conductivity",205.4800,"microsiemensPerCentimeter",0.8,,0,"formatChange","GOOD"
"45bfe0be-a1f6-4af9-bdb7-852c081710ee","D13","WLOU","WLOU.AOS.groundwater.well.008","WLOU.W8.20180816.FIL","A00000020065","2018-08-16T17:44Z","2018-08-16T17:44Z","EcoCore_CSU","Ca",22.8667,"milligramsPerLiter",0.8,,0,"formatChange","GOOD"
"1b268231-e0a0-4d7f-8766-10b7d4ee65e1","D13","WLOU","WLOU.AOS.groundwater.well.008","WLOU.W8.20180816.RAW","A00000020061","2018-08-16T17:44Z","2018-08-16T17:44Z","EcoCore_CSU","TOC",1.6550,"milligramsPerLiter",0.8,,0,"formatChange","GOOD"
"6a490d5d-4b9c-4bab-85f0-85ef10ae2450","D13","WLOU","WLOU.AOS.groundwater.well.008","WLOU.W8.20180816.RAW","A00000020061","2018-08-16T17:44Z","2018-08-16T17:44Z","EcoCore_CSU","pH",7.2600,"pH",0.8,,0,"formatChange","GOOD"
"80db9691-11d0-46cf-85b1-8260d2ce497c","D13","WLOU","WLOU.AOS.groundwater.well.008","WLOU.W8.20180816.FIL","A00000020065","2018-08-16T17:44Z","2018-08-16T17:44Z","EcoCore_CSU","F",0.0050,"milligramsPerLiter",0.8,,0,"formatChange","GOOD"
"c9140878-6505-4f9c-a43e-5431445391da","D13","WLOU","WLOU.AOS.groundwater.well.008","WLOU.W8.20180816.RAW","A00000020061","2018-08-16T17:44Z","2018-08-16T17:44Z","EcoCore_CSU","TN",0.1122,"milligramsPerLiter",0.8,,0,"formatChange","GOOD"
"1812b17b-494c-4e61-877e-65eb165a6f18","D13","WLOU","WLOU.AOS.groundwater.well.008","WLOU.W8.20180816.FIL","A00000020065","2018-08-16T17:44Z","2018-08-16T17:44Z","EcoCore_CSU","Na",2.2180,"milligramsPerLiter",0.8,,0,"formatChange","GOOD"
"bbada62b-3579-45c0-b872-3e80938233d1","D13","WLOU","WLOU.AOS.groundwater.well.008","WLOU.W8.20180816.PCN","A00000020186","2018-08-16T17:44Z","2018-08-16T17:44Z","EcoCore_CSU","TPC",0.3585,"milligram",0.8,,0,"formatChange","GOOD"
"e8700646-e6b5-4b9d-837f-77f14ebcd680","D13","WLOU","WLOU.AOS.groundwater.well.008","WLOU.W8.20180816.FIL","A00000020065","2018-08-16T17:44Z","2018-08-16T17:44Z","EcoCore_CSU","Mg",9.6710,"milligramsPerLiter",0.8,,0,"formatChange","GOOD"
"d1343218-ab85-4e6f-8517-64a2267bc5ec","D13","WLOU","WLOU.AOS.groundwater.well.008","WLOU.W8.20180816.FIL","A00000020065","2018-08-16T17:44Z","2018-08-16T17:44Z","EcoCore_CSU","UV Absorbance (280 nm)",0.0316,,0.8,,0,"formatChange","GOOD"
"a48e640c-00ed-4578-8f05-7234206a2ef4","D13","WLOU","WLOU.AOS.groundwater.well.008","WLOU.W8.20180816.RAW","A00000020061","2018-08-16T17:44Z","2018-08-16T17:44Z","EcoCore_CSU","TSS - Dry Mass",500.0000,"microgram",0.8,,0,"formatChange","GOOD"
"2631ec09-04e5-4ecd-a6a4-364383fd03dd","D13","WLOU","WLOU.AOS.groundwater.well.008","WLOU.W8.20180816.FIL","A00000020065","2018-08-16T17:44Z","2018-08-16T17:44Z","EcoCore_CSU","Si",5.2475,"milligramsPerLiter",0.8,,0,"formatChange","GOOD"
"af31ac4f-9e6f-4e40-93a5-b0773a9c90f8","D13","WLOU","WLOU.AOS.groundwater.well.008","WLOU.W8.20180816.FIL","A00000020065","2018-08-16T17:44Z","2018-08-16T17:44Z","EcoCore_CSU","DOC",1.9720,"milligramsPerLiter",0.8,,0,"formatChange","GOOD"
"02431271-e13d-46e5-81c8-498938a33644","D13","WLOU","WLOU.AOS.groundwater.well.008","WLOU.W8.20180816.FIL","A00000020065","2018-08-16T17:44Z","2018-08-16T17:44Z","EcoCore_CSU","DIC",23.1800,"milligramsPerLiter",0.8,,0,"formatChange","GOOD"
"62e5a13c-8109-4c0d-94cb-28830e5f4b1b","D13","WLOU","WLOU.AOS.groundwater.well.008","WLOU.W8.20180816.FIL","A00000020065","2018-08-16T17:44Z","2018-08-16T17:44Z","EcoCore_CSU","CO3",0.0050,"milligramsPerLiter",0.8,,0,"formatChange","GOOD"
"be96feb2-10b6-4d9c-bb61-d5112848908b","D13","WLOU","WLOU.AOS.groundwater.well.008","WLOU.W8.20180816.FIL","A00000020065","2018-08-16T17:44Z","2018-08-16T17:44Z","EcoCore_CSU","Mn",0.0005,"milligramsPerLiter",0.8,,0,"formatChange","GOOD"
"cbcf8871-dcb2-48bf-9efb-a9c30a29c10d","D13","WLOU","WLOU.AOS.groundwater.well.008","WLOU.W8.20180816.FIL","A00000020065","2018-08-16T17:44Z","2018-08-16T17:44Z","EcoCore_CSU","TDN",0.1266,"milligramsPerLiter",0.8,,0,"formatChange","GOOD"
"4f53ef6f-98aa-4059-ad2c-ad3daa97c4eb","D13","WLOU","WLOU.AOS.groundwater.well.008","WLOU.W8.20180816.RAW","A00000020061","2018-08-16T17:44Z","2018-08-16T17:44Z","EcoCore_CSU","ANC",2.2500,"milliequivalentsPerLiter",0.8,,0,"formatChange","GOOD"
"3a798ee5-ed14-4c98-94b7-f526b41fabeb","D13","WLOU","WLOU.AOS.groundwater.well.008","WLOU.W8.20180816.RAW","A00000020061","2018-08-16T17:44Z","2018-08-16T17:44Z","EcoCore_CSU","TSS",10.0000,"milligramsPerLiter",0.8,,0,"formatChange","GOOD"
"a9d99f61-f97f-467f-92c5-265828e26d4f","D13","WLOU","WLOU.AOS.groundwater.well.008","WLOU.W8.20180816.FIL","A00000020065","2018-08-16T17:44Z","2018-08-16T17:44Z","EcoCore_CSU","HCO3",121.5600,"milligramsPerLiter",0.8,,0,"formatChange","GOOD"
"ca762b84-fdb2-4c82-89e1-f4288677fc26","D13","WLOU","WLOU.AOS.groundwater.well.008","WLOU.W8.20180816.FIL","A00000020065","2018-08-16T17:44Z","2018-08-16T17:44Z","EcoCore_CSU","TDP",0.0005,"milligramsPerLiter",0.8,,0,"formatChange","GOOD"
"303bb581-a050-4bd6-84d8-a7c4872cf7a2","D13","WLOU","WLOU.AOS.groundwater.well.008","WLOU.W8.20180816.FIL","A00000020065","2018-08-16T17:44Z","2018-08-16T17:44Z","EcoCore_CSU","TDS",144.2500,"milligramsPerLiter",0.8,,0,"formatChange","GOOD"
"3477eed3-92e7-4610-8e51-d6acdb477c7d","D13","WLOU","WLOU.AOS.groundwater.well.008","WLOU.W8.20180816.FIL","A00000020065","2018-08-16T17:44Z","2018-08-16T17:44Z","EcoCore_CSU","K",0.9400,"milligramsPerLiter",0.8,,0,"formatChange","GOOD"
"93410c98-d87a-4803-a66b-fddd6e3866a0","D13","WLOU","WLOU.AOS.groundwater.well.008","WLOU.W8.20180816.PCN","A00000020186","2018-08-16T17:44Z","2018-08-16T17:44Z","EcoCore_CSU","TPN",0.0878,"milligram",0.8,,0,"formatChange","GOOD"
"12125964-ead0-4b1d-ac52-c7c5ee8c0e91","D13","WLOU","WLOU.AOS.groundwater.well.008","WLOU.W8.20180816.FIL","A00000020065","2018-08-16T17:44Z","2018-08-16T17:44Z","EcoCore_CSU","Cl",0.2300,"milligramsPerLiter",0.8,,0,"formatChange","GOOD"
"7cb32952-bd86-4d5e-bf31-43bada431c26","D13","WLOU","WLOU.AOS.groundwater.well.008","WLOU.W8.20180816.FIL","A00000020065","2018-08-16T17:44Z","2018-08-16T17:44Z","EcoCore_CSU","NO2 - N",0.0233,"milligramsPerLiter",0.8,,0,"formatChange","GOOD"
"f1b72f76-434e-4a9c-ae5c-394bfedcd1f7","D13","WLOU","WLOU.AOS.groundwater.well.008","WLOU.W8.20180816.RAW","A00000020061","2018-08-16T17:44Z","2018-08-16T17:44Z","EcoCore_CSU","TP",0.0040,"milligramsPerLiter",0.8,,0,"formatChange","GOOD"
"c4161622-81aa-450c-aa4b-91286d178d30","D13","WLOU","WLOU.AOS.groundwater.well.008","WLOU.W8.20180816.FIL","A00000020065","2018-08-16T17:44Z","2018-08-16T17:44Z","EcoCore_CSU","NH4 - N",0.0208,"milligramsPerLiter",0.8,,0,"formatChange","GOOD"
"5ea764ef-5df0-4034-a3ba-8062e67f92f2","D13","WLOU","WLOU.AOS.groundwater.well.008","WLOU.W8.20180816.FIL","A00000020065","2018-08-16T17:44Z","2018-08-16T17:44Z","EcoCore_CSU","Ortho - P",0.0130,"milligramsPerLiter",0.8,,0,"formatChange","GOOD"
"ee8f63e2-5d2e-4205-895d-d768770aefd8","D13","WLOU","WLOU.AOS.groundwater.well.008","WLOU.W8.20180816.FIL","A00000020065","2018-08-16T17:44Z","2018-08-16T17:44Z","EcoCore_CSU","UV Absorbance (250 nm)",0.0452,,0.8,,0,"formatChange","GOOD"
"480d92f9-c546-47bc-b136-798f8c60032f","D13","WLOU","WLOU.AOS.groundwater.well.008","WLOU.W8.20180816.FIL","A00000020065","2018-08-16T17:44Z","2018-08-16T17:44Z","EcoCore_CSU","Br",0.0050,"milligramsPerLiter",0.8,,0,"formatChange","GOOD"
"3c00e953-8f92-4e69-8523-f7f3f1581199","D13","WLOU","WLOU.AOS.groundwater.well.008","WLOU.W8.20180816.FIL","A00000020065","2018-08-16T17:44Z","2018-08-16T17:44Z","EcoCore_CSU","NO3+NO2 - N",-0.0045,"milligramsPerLiter",0.8,,0,"formatChange","GOOD"
