uid,domainID,siteID,namedLocation,decimalLatitude,decimalLongitude,coordinateUncertainty,elevation,elevationUncertainty,geodeticDatum,collectDate,aquaticSiteType,samplingImpractical,waterChemSamplesCollected,adequateSampleVol,parentSampleID,eventID,swcSamplingProtocolVersion,sampleExtractionMethod,samplerType,totalWellDepth,wellWaterDepth,waterColumnHeight,sampleDepth,purgeAverageDischargeRate,purgeTime,gwWellStabilized,purgeDryDateTime,pumpPlacementDate,screenedIntervalDepth,maxAllowableDrawdown,actualDrawdown,MADExceeded,wellVolumePurged,probeIDUnavailable,dissolvedOxygen,dissolvedOxygenSaturation,specificConductance,waterTemp,pH,waterClarityDescrip,waterColorDescrip,aCollectedBy,bCollectedBy,remarks
"b3aba289-32b3-4201-85f8-bc81d7810cfd","D13","WLOU","WLOU.AOS.groundwater.well.001",39.891233,-105.914588,0.1,2916.4,0.1,"WGS84","2018-08-16T15:19Z","stream",,,,"WLOU.W1.20180816","WLOU.20180816","NEON.DOC.002905vE","low-flow","Groundwater Pump",2.2,1.5,0.7,1.7,,,,,,,,,,2.9,,2.42,28.60,102.50,7.60,,"clear","colorless","rlehrter@battelleecology.org","jen.roquemore@battelleecology.org",
"9a17d095-8e48-4797-9289-ad1e7a686b0b","D13","WLOU","WLOU.AOS.groundwater.well.002",39.891183,-105.914497,0.1,2916.4,0.1,"WGS84","2018-08-16T16:08Z","stream",,,,"WLOU.W2.20180816","WLOU.20180816","NEON.DOC.002905vE","low-flow","Groundwater Pump",2.4,1.8,0.6,1.9,,,,,,,,,,1.1,,6.22,72.70,115.80,7.80,,"clear","colorless","rlehrter@battelleecology.org","Legli@Battelleecology.org",
"d03749be-a0c7-40f5-b857-c412cec5ea3a","D13","WLOU","WLOU.AOS.groundwater.well.005",39.891138,-105.912929,0.1,2909.5,0.1,"WGS84","2018-08-16T17:03Z","stream","low yield groundwater",,"Y","WLOU.W5.20180816","WLOU.20180816","NEON.DOC.002905vE","low-flow","Groundwater Pump",2.4,1.8,0.5,1.9,,,,,,,,,,,,,,,,,,,"rlehrter@battelleecology.org","Legli@Battelleecology.org",
"abe24ad5-0867-48c4-a809-b4c207328f44","D13","WLOU","WLOU.AOS.groundwater.well.008",39.890665,-105.911591,0.1,2904.6,0.1,"WGS84","2018-08-16T17:44Z","stream",,,,"WLOU.W8.20180816","WLOU.20180816","NEON.DOC.002905vE","low-flow","Groundwater Pump",2.8,1.9,0.9,2.3,,,,,,,,,,2.4,,5.02,57.80,187.00,7.10,,"clear","colorless","rlehrter@battelleecology.org","Legli@Battelleecology.org",
