uid,domainID,siteID,namedLocation,collectDate,titrationDate,parentSampleID,domainSampleID,remarks,measuredBy,alkMeqPerL,alkMgPerL,ancMeqPerL,ancMgPerL
"9e4cd715-3e7e-409b-abc4-b41d1b025b73","D03","BARC","BARC.AOS.groundwater.well.006","2017-03-06T14:02Z","2017-03-08T14:00Z","BARC.W6.20170306","BARC.W6.20170306.ALK",,"kludwig@field-ops.org",-0.010,-0.300,,
"aef1747d-d907-443b-a278-e31feb27264e","D03","BARC","BARC.AOS.groundwater.well.005","2017-03-06T16:00Z","2017-03-08T14:50Z","BARC.W5.20170306","BARC.W5.20170306.ALK",,"kludwig@field-ops.org",0.040,1.870,,
"35db70f5-406a-4621-a0b5-62dbf49c75ef","D03","BARC","BARC.AOS.groundwater.well.008","2017-03-07T14:24Z","2017-03-08T16:10Z","BARC.W8.20170307","BARC.W8.20170307.ALK",,"jcampbell@field-ops.org",0.010,0.650,,
"5bd448cd-55f9-4fd3-a7af-e187be99cdf7","D03","BARC","BARC.AOS.groundwater.well.001","2017-03-07T16:36Z","2017-03-08T15:30Z","BARC.W1.20170307","BARC.W1.20170307.ALK",,"jcampbell@field-ops.org",0.000,0.090,,
