uid,domainID,siteID,namedLocation,sampleID,sampleCode,startDate,collectDate,laboratoryName,analyte,analyteConcentration,analyteUnits,coolerTemp,remarks,shipmentWarmQF,externalLabDataQF,sampleCondition
"5e3b091d-d42f-429b-9e88-9ab0463eb5c6","D03","BARC","BARC.AOS.groundwater.well.006","BARC.W6.20170306.FIL",,"2017-03-06T14:02Z","2017-03-06T14:02Z","EcoCore_CSU","CO3",0.0050,"milligramsPerLiter",1.2,,0,"formatChange|legacyData","GOOD"
"8ce00c97-66bd-4159-be8a-064a8de329d6","D03","BARC","BARC.AOS.groundwater.well.006","BARC.W6.20170306.FIL",,"2017-03-06T14:02Z","2017-03-06T14:02Z","EcoCore_CSU","Br",0.0050,"milligramsPerLiter",1.2,,0,"formatChange|legacyData","GOOD"
"417e2980-ea7b-48c8-ab2b-6813390be654","D03","BARC","BARC.AOS.groundwater.well.006","BARC.W6.20170306.FIL",,"2017-03-06T14:02Z","2017-03-06T14:02Z","EcoCore_CSU","F",0.0050,"milligramsPerLiter",1.2,,0,"formatChange|legacyData","GOOD"
"3ae9e98b-e382-4960-8053-03a9b0986b13","D03","BARC","BARC.AOS.groundwater.well.006","BARC.W6.20170306.FIL",,"2017-03-06T14:02Z","2017-03-06T14:02Z","EcoCore_CSU","UV Absorbance (280 nm)",0.0437,,1.2,,0,"formatChange|legacyData","GOOD"
"20e84651-e24d-44a3-b42c-b69a492935a9","D03","BARC","BARC.AOS.groundwater.well.006","BARC.W6.20170306.FIL",,"2017-03-06T14:02Z","2017-03-06T14:02Z","EcoCore_CSU","HCO3",2.1300,"milligramsPerLiter",1.2,,0,"formatChange|legacyData","GOOD"
"f6591571-0035-44c8-b068-f083580475ec","D03","BARC","BARC.AOS.groundwater.well.006","BARC.W6.20170306.FIL",,"2017-03-06T14:02Z","2017-03-06T14:02Z","EcoCore_CSU","DOC",2.1450,"milligramsPerLiter",1.2,,0,"formatChange|legacyData","GOOD"
"d3bae914-82ab-472b-8ac2-27c51f702488","D03","BARC","BARC.AOS.groundwater.well.006","BARC.W6.20170306.FIL",,"2017-03-06T14:02Z","2017-03-06T14:02Z","EcoCore_CSU","Si",1.5788,"milligramsPerLiter",1.2,,0,"formatChange|legacyData","GOOD"
"47015eb4-81af-4e1a-8e63-0ad4cecd1c8c","D03","BARC","BARC.AOS.groundwater.well.006","BARC.W6.20170306.FIL",,"2017-03-06T14:02Z","2017-03-06T14:02Z","EcoCore_CSU","Ortho - P",0.0310,"milligramsPerLiter",1.2,,0,"formatChange|legacyData","GOOD"
"20adca27-0b54-479f-b80e-a44f6b4f65a8","D03","BARC","BARC.AOS.groundwater.well.006","BARC.W6.20170306.RAW",,"2017-03-06T14:02Z","2017-03-06T14:02Z","EcoCore_CSU","TSS",20.0000,"milligramsPerLiter",1.2,,0,"formatChange|legacyData","GOOD"
"f23a91eb-0665-4c57-94f8-f166a72ef226","D03","BARC","BARC.AOS.groundwater.well.006","BARC.W6.20170306.RAW",,"2017-03-06T14:02Z","2017-03-06T14:02Z","EcoCore_CSU","TP",0.0250,"milligramsPerLiter",1.2,,0,"formatChange|legacyData","GOOD"
"63aa04b3-9146-43f6-967e-cb55370dcd39","D03","BARC","BARC.AOS.groundwater.well.006","BARC.W6.20170306.FIL",,"2017-03-06T14:02Z","2017-03-06T14:02Z","EcoCore_CSU","SO4",3.1700,"milligramsPerLiter",1.2,,0,"formatChange|legacyData","GOOD"
"43c0803d-43b8-4824-818c-721960925433","D03","BARC","BARC.AOS.groundwater.well.006","BARC.W6.20170306.FIL",,"2017-03-06T14:02Z","2017-03-06T14:02Z","EcoCore_CSU","NO3+NO2 - N",0.0150,"milligramsPerLiter",1.2,,0,"formatChange|legacyData","GOOD"
"1f999618-9b94-47fc-96f0-4087d7b26114","D03","BARC","BARC.AOS.groundwater.well.006","BARC.W6.20170306.FIL",,"2017-03-06T14:02Z","2017-03-06T14:02Z","EcoCore_CSU","NH4 - N",0.0500,"milligramsPerLiter",1.2,,0,"formatChange|legacyData","GOOD"
"e576d434-572c-4f21-a716-e9b533b64a3c","D03","BARC","BARC.AOS.groundwater.well.006","BARC.W6.20170306.FIL",,"2017-03-06T14:02Z","2017-03-06T14:02Z","EcoCore_CSU","Mn",0.0071,"milligramsPerLiter",1.2,,0,"formatChange|legacyData","GOOD"
"b62357b5-348d-404b-a1bf-351e156258b0","D03","BARC","BARC.AOS.groundwater.well.006","BARC.W6.20170306.FIL",,"2017-03-06T14:02Z","2017-03-06T14:02Z","EcoCore_CSU","TDS",17.2100,"milligramsPerLiter",1.2,,0,"formatChange|legacyData","GOOD"
"26f63f76-f398-4781-80de-5e8926eb410d","D03","BARC","BARC.AOS.groundwater.well.006","BARC.W6.20170306.RAW",,"2017-03-06T14:02Z","2017-03-06T14:02Z","EcoCore_CSU","TOC",2.1290,"milligramsPerLiter",1.2,,0,"formatChange|legacyData","GOOD"
"7eddc3ee-ce82-4ac7-8422-6c6e4db8822b","D03","BARC","BARC.AOS.groundwater.well.006","BARC.W6.20170306.RAW",,"2017-03-06T14:02Z","2017-03-06T14:02Z","EcoCore_CSU","TN",0.0229,"milligramsPerLiter",1.2,,0,"formatChange|legacyData","GOOD"
"c1976941-2e01-490b-b9e6-7f0c7be408f2","D03","BARC","BARC.AOS.groundwater.well.006","BARC.W6.20170306.FIL",,"2017-03-06T14:02Z","2017-03-06T14:02Z","EcoCore_CSU","Na",3.9645,"milligramsPerLiter",1.2,,0,"formatChange|legacyData","GOOD"
"04aa1313-d0ce-47e9-96a2-685d7d40efc9","D03","BARC","BARC.AOS.groundwater.well.006","BARC.W6.20170306.FIL",,"2017-03-06T14:02Z","2017-03-06T14:02Z","EcoCore_CSU","UV Absorbance (250 nm)",0.0648,,1.2,,0,"formatChange|legacyData","GOOD"
"83750436-3af2-47ad-9461-0c5a1566c6b8","D03","BARC","BARC.AOS.groundwater.well.006","BARC.W6.20170306.FIL",,"2017-03-06T14:02Z","2017-03-06T14:02Z","EcoCore_CSU","Ca",0.6228,"milligramsPerLiter",1.2,,0,"formatChange|legacyData","GOOD"
"4b072ed4-d495-4d6c-b86c-200c1b131524","D03","BARC","BARC.AOS.groundwater.well.006","BARC.W6.20170306.FIL",,"2017-03-06T14:02Z","2017-03-06T14:02Z","EcoCore_CSU","Cl",4.9500,"milligramsPerLiter",1.2,,0,"formatChange|legacyData","GOOD"
"2c7b7951-7e82-45e5-8c8a-16e61e0edabb","D03","BARC","BARC.AOS.groundwater.well.006","BARC.W6.20170306.RAW",,"2017-03-06T14:02Z","2017-03-06T14:02Z","EcoCore_CSU","conductivity",25.9800,"microsiemensPerCentimeter",1.2,,0,"formatChange|legacyData","GOOD"
"5ad39bef-1c49-40da-81f3-931705636dbf","D03","BARC","BARC.AOS.groundwater.well.006","BARC.W6.20170306.FIL",,"2017-03-06T14:02Z","2017-03-06T14:02Z","EcoCore_CSU","Fe",0.3409,"milligramsPerLiter",1.2,,0,"formatChange|legacyData","GOOD"
"4b1e34fe-a961-4dbd-b7ba-a543d5d40a43","D03","BARC","BARC.AOS.groundwater.well.006","BARC.W6.20170306.RAW",,"2017-03-06T14:02Z","2017-03-06T14:02Z","EcoCore_CSU","ANC",0.0420,"milliequivalentsPerLiter",1.2,,0,"formatChange|legacyData","GOOD"
"220fc5c2-d713-4cff-bc6d-a7b717aaa314","D03","BARC","BARC.AOS.groundwater.well.006","BARC.W6.20170306.RAW",,"2017-03-06T14:02Z","2017-03-06T14:02Z","EcoCore_CSU","pH",4.7300,"pH",1.2,,0,"formatChange|legacyData","GOOD"
"667aa26e-9d8c-45e0-a715-f0c0b859dd5c","D03","BARC","BARC.AOS.groundwater.well.006","BARC.W6.20170306.FIL",,"2017-03-06T14:02Z","2017-03-06T14:02Z","EcoCore_CSU","Mg",0.5390,"milligramsPerLiter",1.2,,0,"formatChange|legacyData","GOOD"
"2da28343-b8f2-4cb8-8194-8c658c3aa66c","D03","BARC","BARC.AOS.groundwater.well.006","BARC.W6.20170306.FIL",,"2017-03-06T14:02Z","2017-03-06T14:02Z","EcoCore_CSU","K",0.0069,"milligramsPerLiter",1.2,,0,"formatChange|legacyData","GOOD"
"352b92f4-bc10-4a99-b9fc-d23bf5215ac6","D03","BARC","BARC.AOS.groundwater.well.006","BARC.W6.20170306.RAW",,"2017-03-06T14:02Z","2017-03-06T14:02Z","EcoCore_CSU","TSS - Dry Mass",500.0000,"microgram",1.2,,0,"formatChange|legacyData","GOOD"
"a9230d25-b84c-4692-9c39-e02f4e9cda31","D03","BARC","BARC.AOS.groundwater.well.006","BARC.W6.20170306.FIL",,"2017-03-06T14:02Z","2017-03-06T14:02Z","EcoCore_CSU","TDP",0.0205,"milligramsPerLiter",1.2,,0,"formatChange|legacyData","GOOD"
"7b375457-9025-40b7-b16e-429dbfa70f0f","D03","BARC","BARC.AOS.groundwater.well.006","BARC.W6.20170306.FIL",,"2017-03-06T14:02Z","2017-03-06T14:02Z","EcoCore_CSU","NO2 - N",0.0150,"milligramsPerLiter",1.2,,0,"formatChange|legacyData","GOOD"
"d0ef47a8-7958-4983-8f33-e70867eb87de","D03","BARC","BARC.AOS.groundwater.well.006","BARC.W6.20170306.FIL",,"2017-03-06T14:02Z","2017-03-06T14:02Z","EcoCore_CSU","TDN",0.1948,"milligramsPerLiter",1.2,,0,"formatChange|legacyData","GOOD"
"faac68b5-538b-407b-8231-4e39f672c40b","D03","BARC","BARC.AOS.groundwater.well.006","BARC.W6.20170306.PCN",,"2017-03-06T14:02Z","2017-03-06T14:02Z","EcoCore_CSU","TPC",0.2705,"milligram",1.2,,0,"formatChange|legacyData","GOOD"
"3bdeac15-7f0f-430e-ae5c-71bdce87446b","D03","BARC","BARC.AOS.groundwater.well.006","BARC.W6.20170306.FIL",,"2017-03-06T14:02Z","2017-03-06T14:02Z","EcoCore_CSU","DIC",5.1440,"milligramsPerLiter",1.2,,0,"formatChange|legacyData","GOOD"
"4492039a-27f6-43e7-b83a-2a4cd2a77418","D03","BARC","BARC.AOS.groundwater.well.006","BARC.W6.20170306.PCN",,"2017-03-06T14:02Z","2017-03-06T14:02Z","EcoCore_CSU","TPN",0.0619,"milligram",1.2,,0,"formatChange|legacyData","GOOD"
"aecc1a47-4b54-48fc-88f3-568b7f821b2a","D03","BARC","BARC.AOS.groundwater.well.005","BARC.W5.20170306.FIL",,"2017-03-06T16:00Z","2017-03-06T16:00Z","EcoCore_CSU","DIC",5.5370,"milligramsPerLiter",1.2,,0,"formatChange|legacyData","GOOD"
"1f0e3315-bbd9-4027-8087-8b5ae8f18a30","D03","BARC","BARC.AOS.groundwater.well.005","BARC.W5.20170306.PCN",,"2017-03-06T16:00Z","2017-03-06T16:00Z","EcoCore_CSU","TPC",0.2731,"milligram",1.2,,0,"formatChange|legacyData","GOOD"
"3cf6b870-13bd-4437-9d80-005f51cf9108","D03","BARC","BARC.AOS.groundwater.well.005","BARC.W5.20170306.FIL",,"2017-03-06T16:00Z","2017-03-06T16:00Z","EcoCore_CSU","UV Absorbance (280 nm)",0.0512,,1.2,,0,"formatChange|legacyData","GOOD"
"b2de9160-d938-425e-8388-ea8bf25e6bb7","D03","BARC","BARC.AOS.groundwater.well.005","BARC.W5.20170306.RAW",,"2017-03-06T16:00Z","2017-03-06T16:00Z","EcoCore_CSU","TSS",100.0000,"milligramsPerLiter",1.2,,0,"formatChange|legacyData","GOOD"
"a1d88664-7d7e-413f-b9ea-a797b05996a4","D03","BARC","BARC.AOS.groundwater.well.005","BARC.W5.20170306.FIL",,"2017-03-06T16:00Z","2017-03-06T16:00Z","EcoCore_CSU","K",0.1385,"milligramsPerLiter",1.2,,0,"formatChange|legacyData","GOOD"
"1e7e830e-a8ef-4b58-8379-4d661a1dc210","D03","BARC","BARC.AOS.groundwater.well.005","BARC.W5.20170306.FIL",,"2017-03-06T16:00Z","2017-03-06T16:00Z","EcoCore_CSU","Mn",0.0140,"milligramsPerLiter",1.2,,0,"formatChange|legacyData","GOOD"
"4a93a480-e382-4bf0-83b2-67466ea883cc","D03","BARC","BARC.AOS.groundwater.well.005","BARC.W5.20170306.FIL",,"2017-03-06T16:00Z","2017-03-06T16:00Z","EcoCore_CSU","Mg",0.4558,"milligramsPerLiter",1.2,,0,"formatChange|legacyData","GOOD"
"718a5e64-c0c3-40aa-a77a-f27ce0641342","D03","BARC","BARC.AOS.groundwater.well.005","BARC.W5.20170306.RAW",,"2017-03-06T16:00Z","2017-03-06T16:00Z","EcoCore_CSU","ANC",0.0080,"milliequivalentsPerLiter",1.2,,0,"formatChange|legacyData","GOOD"
"79487aac-8bba-479f-a8d2-7e9feb0d5ca1","D03","BARC","BARC.AOS.groundwater.well.005","BARC.W5.20170306.FIL",,"2017-03-06T16:00Z","2017-03-06T16:00Z","EcoCore_CSU","DOC",1.2340,"milligramsPerLiter",1.2,,0,"formatChange|legacyData","GOOD"
"14983c84-91b0-4a40-93c8-ba11021c5ec2","D03","BARC","BARC.AOS.groundwater.well.005","BARC.W5.20170306.RAW",,"2017-03-06T16:00Z","2017-03-06T16:00Z","EcoCore_CSU","conductivity",20.1500,"microsiemensPerCentimeter",1.2,,0,"formatChange|legacyData","GOOD"
"2dd5da04-7406-4049-93bd-ce802a6d47c8","D03","BARC","BARC.AOS.groundwater.well.005","BARC.W5.20170306.RAW",,"2017-03-06T16:00Z","2017-03-06T16:00Z","EcoCore_CSU","pH",5.5100,"pH",1.2,,0,"formatChange|legacyData","GOOD"
"59a47dba-86a8-4881-bba5-0bf1902330c9","D03","BARC","BARC.AOS.groundwater.well.005","BARC.W5.20170306.FIL",,"2017-03-06T16:00Z","2017-03-06T16:00Z","EcoCore_CSU","CO3",0.0050,"milligramsPerLiter",1.2,,0,"formatChange|legacyData","GOOD"
"fc460444-1904-4a85-96c2-b15a2941e896","D03","BARC","BARC.AOS.groundwater.well.005","BARC.W5.20170306.FIL",,"2017-03-06T16:00Z","2017-03-06T16:00Z","EcoCore_CSU","Fe",6.9004,"milligramsPerLiter",1.2,,0,"formatChange|legacyData","GOOD"
"24a354da-40ff-4be7-aeb2-611743fd8f98","D03","BARC","BARC.AOS.groundwater.well.005","BARC.W5.20170306.FIL",,"2017-03-06T16:00Z","2017-03-06T16:00Z","EcoCore_CSU","Ortho - P",0.0280,"milligramsPerLiter",1.2,,0,"formatChange|legacyData","GOOD"
"2abfbd54-e1c2-4961-b569-4aa4004f134f","D03","BARC","BARC.AOS.groundwater.well.005","BARC.W5.20170306.RAW",,"2017-03-06T16:00Z","2017-03-06T16:00Z","EcoCore_CSU","TN",0.3036,"milligramsPerLiter",1.2,,0,"formatChange|legacyData","GOOD"
"b6761c45-e9c0-4271-9dda-42b105d6b0a8","D03","BARC","BARC.AOS.groundwater.well.005","BARC.W5.20170306.FIL",,"2017-03-06T16:00Z","2017-03-06T16:00Z","EcoCore_CSU","TDP",0.0055,"milligramsPerLiter",1.2,,0,"formatChange|legacyData","GOOD"
"92f6b74d-d89a-4e70-92af-a9d0e257289b","D03","BARC","BARC.AOS.groundwater.well.005","BARC.W5.20170306.RAW",,"2017-03-06T16:00Z","2017-03-06T16:00Z","EcoCore_CSU","TP",0.0080,"milligramsPerLiter",1.2,,0,"formatChange|legacyData","GOOD"
"fb072949-cdc6-47a9-8ad8-5969685f6d82","D03","BARC","BARC.AOS.groundwater.well.005","BARC.W5.20170306.FIL",,"2017-03-06T16:00Z","2017-03-06T16:00Z","EcoCore_CSU","NO2 - N",0.0140,"milligramsPerLiter",1.2,,0,"formatChange|legacyData","GOOD"
"4c0e8e52-226e-4bba-b0f6-929b838e61a5","D03","BARC","BARC.AOS.groundwater.well.005","BARC.W5.20170306.FIL",,"2017-03-06T16:00Z","2017-03-06T16:00Z","EcoCore_CSU","HCO3",0.3600,"milligramsPerLiter",1.2,,0,"formatChange|legacyData","GOOD"
"d2c2705a-1c1e-4984-959e-fdd53573893a","D03","BARC","BARC.AOS.groundwater.well.005","BARC.W5.20170306.RAW",,"2017-03-06T16:00Z","2017-03-06T16:00Z","EcoCore_CSU","TSS - Dry Mass",2500.0000,"microgram",1.2,,0,"formatChange|legacyData","GOOD"
"35a68972-a904-4c8e-94cf-44476a044f21","D03","BARC","BARC.AOS.groundwater.well.005","BARC.W5.20170306.FIL",,"2017-03-06T16:00Z","2017-03-06T16:00Z","EcoCore_CSU","SO4",0.9152,"milligramsPerLiter",1.2,,0,"formatChange|legacyData","GOOD"
"0497211a-3e0d-4395-84ac-b2dba445c781","D03","BARC","BARC.AOS.groundwater.well.005","BARC.W5.20170306.FIL",,"2017-03-06T16:00Z","2017-03-06T16:00Z","EcoCore_CSU","Na",2.5328,"milligramsPerLiter",1.2,,0,"formatChange|legacyData","GOOD"
"15c823bd-6265-42ef-a7f5-5ce896f08bc9","D03","BARC","BARC.AOS.groundwater.well.005","BARC.W5.20170306.FIL",,"2017-03-06T16:00Z","2017-03-06T16:00Z","EcoCore_CSU","TDN",0.2445,"milligramsPerLiter",1.2,,0,"formatChange|legacyData","GOOD"
"ca256147-69a9-478e-9e73-b8fa692cd4a6","D03","BARC","BARC.AOS.groundwater.well.005","BARC.W5.20170306.FIL",,"2017-03-06T16:00Z","2017-03-06T16:00Z","EcoCore_CSU","NO3+NO2 - N",-0.0060,"milligramsPerLiter",1.2,,0,"formatChange|legacyData","GOOD"
"7a212e46-3862-4bf3-ad65-3894e6c6b5a0","D03","BARC","BARC.AOS.groundwater.well.005","BARC.W5.20170306.FIL",,"2017-03-06T16:00Z","2017-03-06T16:00Z","EcoCore_CSU","Cl",5.5245,"milligramsPerLiter",1.2,,0,"formatChange|legacyData","GOOD"
"e65a534c-e507-4739-bcd9-10ef5833388d","D03","BARC","BARC.AOS.groundwater.well.005","BARC.W5.20170306.FIL",,"2017-03-06T16:00Z","2017-03-06T16:00Z","EcoCore_CSU","Ca",0.6923,"milligramsPerLiter",1.2,,0,"formatChange|legacyData","GOOD"
"5475d3fb-5de4-4d30-b493-69aea7d0a450","D03","BARC","BARC.AOS.groundwater.well.005","BARC.W5.20170306.FIL",,"2017-03-06T16:00Z","2017-03-06T16:00Z","EcoCore_CSU","Si",2.5028,"milligramsPerLiter",1.2,,0,"formatChange|legacyData","GOOD"
"bcbca215-70fb-47ea-abe5-cf0488ff418c","D03","BARC","BARC.AOS.groundwater.well.005","BARC.W5.20170306.PCN",,"2017-03-06T16:00Z","2017-03-06T16:00Z","EcoCore_CSU","TPN",0.0911,"milligram",1.2,,0,"formatChange|legacyData","GOOD"
"4ca89857-ef31-40ba-b1c3-f6c484b4c144","D03","BARC","BARC.AOS.groundwater.well.005","BARC.W5.20170306.FIL",,"2017-03-06T16:00Z","2017-03-06T16:00Z","EcoCore_CSU","TDS",13.5700,"milligramsPerLiter",1.2,,0,"formatChange|legacyData","GOOD"
"61975cd2-7433-436a-8c15-267eded90dfe","D03","BARC","BARC.AOS.groundwater.well.005","BARC.W5.20170306.FIL",,"2017-03-06T16:00Z","2017-03-06T16:00Z","EcoCore_CSU","NH4 - N",0.1280,"milligramsPerLiter",1.2,,0,"formatChange|legacyData","GOOD"
"8f2e674d-c2e3-4734-9a8b-6b20c2893e9f","D03","BARC","BARC.AOS.groundwater.well.005","BARC.W5.20170306.FIL",,"2017-03-06T16:00Z","2017-03-06T16:00Z","EcoCore_CSU","F",0.0050,"milligramsPerLiter",1.2,,0,"formatChange|legacyData","GOOD"
"7c3ef062-c124-4416-be7c-131a1a57628d","D03","BARC","BARC.AOS.groundwater.well.005","BARC.W5.20170306.FIL",,"2017-03-06T16:00Z","2017-03-06T16:00Z","EcoCore_CSU","Br",0.0050,"milligramsPerLiter",1.2,,0,"formatChange|legacyData","GOOD"
"26a70eac-0a5d-4deb-afcc-1d238a21c69b","D03","BARC","BARC.AOS.groundwater.well.005","BARC.W5.20170306.FIL",,"2017-03-06T16:00Z","2017-03-06T16:00Z","EcoCore_CSU","UV Absorbance (250 nm)",0.0670,,1.2,,0,"formatChange|legacyData","GOOD"
"6d934ebe-eb3e-481e-8d46-9351d0e1db93","D03","BARC","BARC.AOS.groundwater.well.005","BARC.W5.20170306.RAW",,"2017-03-06T16:00Z","2017-03-06T16:00Z","EcoCore_CSU","TOC",1.4670,"milligramsPerLiter",1.2,,0,"formatChange|legacyData","GOOD"
"7abd2b18-0178-4b77-8c3e-5689d0510b18","D03","BARC","BARC.AOS.groundwater.well.008","BARC.W8.20170307.RAW",,"2017-03-07T14:24Z","2017-03-07T14:24Z","EcoCore_CSU","TSS - Dry Mass",0.0000,"microgram",0.8,,0,"formatChange|legacyData","GOOD"
"024a65f1-bea9-45e2-9621-06d14be3f0fd","D03","BARC","BARC.AOS.groundwater.well.008","BARC.W8.20170307.FIL",,"2017-03-07T14:24Z","2017-03-07T14:24Z","EcoCore_CSU","UV Absorbance (250 nm)",0.0070,,0.8,,0,"formatChange|legacyData","GOOD"
"58c696f3-78d7-4eaf-b3e5-d7132c1f57dd","D03","BARC","BARC.AOS.groundwater.well.008","BARC.W8.20170307.FIL",,"2017-03-07T14:24Z","2017-03-07T14:24Z","EcoCore_CSU","Cl",4.9590,"milligramsPerLiter",0.8,,0,"formatChange|legacyData","GOOD"
"2d6754ed-cdac-410d-8b76-50139fa86bcc","D03","BARC","BARC.AOS.groundwater.well.008","BARC.W8.20170307.FIL",,"2017-03-07T14:24Z","2017-03-07T14:24Z","EcoCore_CSU","NO2 - N",0.0080,"milligramsPerLiter",0.8,,0,"formatChange|legacyData","GOOD"
"2ca613a8-1fd7-445c-826a-5fa552536f95","D03","BARC","BARC.AOS.groundwater.well.008","BARC.W8.20170307.FIL",,"2017-03-07T14:24Z","2017-03-07T14:24Z","EcoCore_CSU","DIC",1.0470,"milligramsPerLiter",0.8,,0,"formatChange|legacyData","GOOD"
"a7790353-d4e5-45f5-b284-92638dcf21fb","D03","BARC","BARC.AOS.groundwater.well.008","BARC.W8.20170307.FIL",,"2017-03-07T14:24Z","2017-03-07T14:24Z","EcoCore_CSU","F",0.0050,"milligramsPerLiter",0.8,,0,"formatChange|legacyData","GOOD"
"3cb52a60-9edd-46ce-b840-74a14652ca9f","D03","BARC","BARC.AOS.groundwater.well.008","BARC.W8.20170307.FIL",,"2017-03-07T14:24Z","2017-03-07T14:24Z","EcoCore_CSU","DOC",0.5537,"milligramsPerLiter",0.8,,0,"formatChange|legacyData","GOOD"
"efe10d35-e6d9-42d5-ab64-8e58495337b6","D03","BARC","BARC.AOS.groundwater.well.008","BARC.W8.20170307.RAW",,"2017-03-07T14:24Z","2017-03-07T14:24Z","EcoCore_CSU","ANC",0.0100,"milliequivalentsPerLiter",0.8,,0,"formatChange|legacyData","GOOD"
"371a0c3c-df2e-4298-ab49-c2ebb14681ab","D03","BARC","BARC.AOS.groundwater.well.008","BARC.W8.20170307.FIL",,"2017-03-07T14:24Z","2017-03-07T14:24Z","EcoCore_CSU","UV Absorbance (280 nm)",0.0075,,0.8,,0,"formatChange|legacyData","GOOD"
"8d668894-07cb-4315-a583-79ef6894ff7c","D03","BARC","BARC.AOS.groundwater.well.008","BARC.W8.20170307.FIL",,"2017-03-07T14:24Z","2017-03-07T14:24Z","EcoCore_CSU","SO4",0.9195,"milligramsPerLiter",0.8,,0,"formatChange|legacyData","GOOD"
"7ff2a6c3-f2b6-44db-b13a-5b9e0b306c3b","D03","BARC","BARC.AOS.groundwater.well.008","BARC.W8.20170307.FIL",,"2017-03-07T14:24Z","2017-03-07T14:24Z","EcoCore_CSU","CO3",0.0050,"milligramsPerLiter",0.8,,0,"formatChange|legacyData","GOOD"
"97fff7a6-3115-4e47-bce4-05e367c90301","D03","BARC","BARC.AOS.groundwater.well.008","BARC.W8.20170307.FIL",,"2017-03-07T14:24Z","2017-03-07T14:24Z","EcoCore_CSU","TDN",0.1857,"milligramsPerLiter",0.8,,0,"formatChange|legacyData","GOOD"
"9cbc64ca-dcf7-4900-ae6b-a682dad20fc5","D03","BARC","BARC.AOS.groundwater.well.008","BARC.W8.20170307.PCN",,"2017-03-07T14:24Z","2017-03-07T14:24Z","EcoCore_CSU","TPN",0.0441,"milligram",0.8,,0,"formatChange|legacyData","GOOD"
"911af3e6-0704-4520-b691-ecab61ccc74e","D03","BARC","BARC.AOS.groundwater.well.008","BARC.W8.20170307.FIL",,"2017-03-07T14:24Z","2017-03-07T14:24Z","EcoCore_CSU","Ortho - P",0.0310,"milligramsPerLiter",0.8,,0,"formatChange|legacyData","GOOD"
"ea5c93e6-2861-44fc-82fc-86b7d0eaa4c2","D03","BARC","BARC.AOS.groundwater.well.008","BARC.W8.20170307.FIL",,"2017-03-07T14:24Z","2017-03-07T14:24Z","EcoCore_CSU","K",0.0685,"milligramsPerLiter",0.8,,0,"formatChange|legacyData","GOOD"
"721d54ef-769a-48d4-9de4-6615a2e52891","D03","BARC","BARC.AOS.groundwater.well.008","BARC.W8.20170307.FIL",,"2017-03-07T14:24Z","2017-03-07T14:24Z","EcoCore_CSU","NH4 - N",0.0820,"milligramsPerLiter",0.8,,0,"formatChange|legacyData","GOOD"
"92401a0c-7b56-42e2-8c18-c7d0924f148e","D03","BARC","BARC.AOS.groundwater.well.008","BARC.W8.20170307.FIL",,"2017-03-07T14:24Z","2017-03-07T14:24Z","EcoCore_CSU","Br",0.0050,"milligramsPerLiter",0.8,,0,"formatChange|legacyData","GOOD"
"f3c5db1a-87a1-4d65-ad10-405a09ab30c0","D03","BARC","BARC.AOS.groundwater.well.008","BARC.W8.20170307.RAW",,"2017-03-07T14:24Z","2017-03-07T14:24Z","EcoCore_CSU","conductivity",18.5300,"microsiemensPerCentimeter",0.8,,0,"formatChange|legacyData","GOOD"
"6db21077-4ec1-4fb0-8220-a4341e27d2d2","D03","BARC","BARC.AOS.groundwater.well.008","BARC.W8.20170307.FIL",,"2017-03-07T14:24Z","2017-03-07T14:24Z","EcoCore_CSU","Na",2.8696,"milligramsPerLiter",0.8,,0,"formatChange|legacyData","GOOD"
"14ff133a-89a6-452c-9b6e-19e54d2e2a55","D03","BARC","BARC.AOS.groundwater.well.008","BARC.W8.20170307.FIL",,"2017-03-07T14:24Z","2017-03-07T14:24Z","EcoCore_CSU","Mn",0.0114,"milligramsPerLiter",0.8,,0,"formatChange|legacyData","GOOD"
"ea81df1d-a455-44ae-82f0-2938633e4bbc","D03","BARC","BARC.AOS.groundwater.well.008","BARC.W8.20170307.FIL",,"2017-03-07T14:24Z","2017-03-07T14:24Z","EcoCore_CSU","HCO3",0.2200,"milligramsPerLiter",0.8,,0,"formatChange|legacyData","GOOD"
"883e6e0e-f053-4c3f-9b2f-0ad5d10b5652","D03","BARC","BARC.AOS.groundwater.well.008","BARC.W8.20170307.RAW",,"2017-03-07T14:24Z","2017-03-07T14:24Z","EcoCore_CSU","TP",0.0020,"milligramsPerLiter",0.8,,0,"formatChange|legacyData","GOOD"
"f5c1ac9f-6ed3-4447-9123-0021ea7aa6ba","D03","BARC","BARC.AOS.groundwater.well.008","BARC.W8.20170307.FIL",,"2017-03-07T14:24Z","2017-03-07T14:24Z","EcoCore_CSU","TDS",13.5000,"milligramsPerLiter",0.8,,0,"formatChange|legacyData","GOOD"
"3a91d692-96a4-4ef3-b68b-d606991438cc","D03","BARC","BARC.AOS.groundwater.well.008","BARC.W8.20170307.RAW",,"2017-03-07T14:24Z","2017-03-07T14:24Z","EcoCore_CSU","pH",6.0200,"pH",0.8,,0,"formatChange|legacyData","GOOD"
"7a59cc95-c259-4481-825a-219a75a3e92d","D03","BARC","BARC.AOS.groundwater.well.008","BARC.W8.20170307.FIL",,"2017-03-07T14:24Z","2017-03-07T14:24Z","EcoCore_CSU","TDP",0.0005,"milligramsPerLiter",0.8,,0,"formatChange|legacyData","GOOD"
"ac5e2a28-b933-4a33-8a96-5347ce74fa54","D03","BARC","BARC.AOS.groundwater.well.008","BARC.W8.20170307.PCN",,"2017-03-07T14:24Z","2017-03-07T14:24Z","EcoCore_CSU","TPC",0.2829,"milligram",0.8,,0,"formatChange|legacyData","GOOD"
"ba5c054f-27de-4473-9120-bbdaed390b18","D03","BARC","BARC.AOS.groundwater.well.008","BARC.W8.20170307.FIL",,"2017-03-07T14:24Z","2017-03-07T14:24Z","EcoCore_CSU","Mg",0.2625,"milligramsPerLiter",0.8,,0,"formatChange|legacyData","GOOD"
"d71f5efb-c4fd-4919-927c-a1a59ca49ff8","D03","BARC","BARC.AOS.groundwater.well.008","BARC.W8.20170307.FIL",,"2017-03-07T14:24Z","2017-03-07T14:24Z","EcoCore_CSU","Ca",0.5025,"milligramsPerLiter",0.8,,0,"formatChange|legacyData","GOOD"
"f437db17-af91-4f21-b5c9-c704623e439c","D03","BARC","BARC.AOS.groundwater.well.008","BARC.W8.20170307.FIL",,"2017-03-07T14:24Z","2017-03-07T14:24Z","EcoCore_CSU","NO3+NO2 - N",0.0970,"milligramsPerLiter",0.8,,0,"formatChange|legacyData","GOOD"
"a2e7d37e-8bbe-403e-aeb5-eed256b7afdd","D03","BARC","BARC.AOS.groundwater.well.008","BARC.W8.20170307.RAW",,"2017-03-07T14:24Z","2017-03-07T14:24Z","EcoCore_CSU","TOC",0.4586,"milligramsPerLiter",0.8,,0,"formatChange|legacyData","GOOD"
"7b9dc0b9-bb7d-4337-98c6-8ad6eb83d2d5","D03","BARC","BARC.AOS.groundwater.well.008","BARC.W8.20170307.FIL",,"2017-03-07T14:24Z","2017-03-07T14:24Z","EcoCore_CSU","Si",2.9629,"milligramsPerLiter",0.8,,0,"formatChange|legacyData","GOOD"
"c62107aa-b238-47a1-bd02-f5595a51bfa4","D03","BARC","BARC.AOS.groundwater.well.008","BARC.W8.20170307.RAW",,"2017-03-07T14:24Z","2017-03-07T14:24Z","EcoCore_CSU","TSS",0.0000,"milligramsPerLiter",0.8,,0,"formatChange|legacyData","GOOD"
"ae6068ad-4171-4c9b-a16c-d79c4f9fabec","D03","BARC","BARC.AOS.groundwater.well.008","BARC.W8.20170307.FIL",,"2017-03-07T14:24Z","2017-03-07T14:24Z","EcoCore_CSU","Fe",0.2510,"milligramsPerLiter",0.8,,0,"formatChange|legacyData","GOOD"
"636a973c-26d5-4a63-8c20-44467156ae3f","D03","BARC","BARC.AOS.groundwater.well.008","BARC.W8.20170307.RAW",,"2017-03-07T14:24Z","2017-03-07T14:24Z","EcoCore_CSU","TN",0.1357,"milligramsPerLiter",0.8,,0,"formatChange|legacyData","GOOD"
"39ca417c-0eec-461b-b4c2-054c60c4015b","D03","BARC","BARC.AOS.groundwater.well.001","BARC.W1.20170307.FIL",,"2017-03-07T16:36Z","2017-03-07T16:36Z","EcoCore_CSU","F",0.0050,"milligramsPerLiter",0.8,,0,"formatChange|legacyData","GOOD"
"db3bddb8-78c5-47eb-b297-c9ee3238e7da","D03","BARC","BARC.AOS.groundwater.well.001","BARC.W1.20170307.FIL",,"2017-03-07T16:36Z","2017-03-07T16:36Z","EcoCore_CSU","Br",0.0050,"milligramsPerLiter",0.8,,0,"formatChange|legacyData","GOOD"
"af52c0ea-cfdc-49ca-879a-1f3d69cdd2ba","D03","BARC","BARC.AOS.groundwater.well.001","BARC.W1.20170307.FIL",,"2017-03-07T16:36Z","2017-03-07T16:36Z","EcoCore_CSU","HCO3",3.9900,"milligramsPerLiter",0.8,,0,"formatChange|legacyData","GOOD"
"9c658602-7e7f-41f0-a475-8d43d1f2b0cf","D03","BARC","BARC.AOS.groundwater.well.001","BARC.W1.20170307.FIL",,"2017-03-07T16:36Z","2017-03-07T16:36Z","EcoCore_CSU","Na",2.5374,"milligramsPerLiter",0.8,,0,"formatChange|legacyData","GOOD"
"ee83ba04-7156-464a-ba6e-fe438094f014","D03","BARC","BARC.AOS.groundwater.well.001","BARC.W1.20170307.FIL",,"2017-03-07T16:36Z","2017-03-07T16:36Z","EcoCore_CSU","Mg",0.4672,"milligramsPerLiter",0.8,,0,"formatChange|legacyData","GOOD"
"e0083fda-d6f3-4252-ae69-4195c91137e2","D03","BARC","BARC.AOS.groundwater.well.001","BARC.W1.20170307.RAW",,"2017-03-07T16:36Z","2017-03-07T16:36Z","EcoCore_CSU","pH",5.5000,"pH",0.8,,0,"formatChange|legacyData","GOOD"
"f33c695a-b76d-487b-9397-c60cf563d4d3","D03","BARC","BARC.AOS.groundwater.well.001","BARC.W1.20170307.PCN",,"2017-03-07T16:36Z","2017-03-07T16:36Z","EcoCore_CSU","TPN",0.0412,"milligram",0.8,,0,"formatChange|legacyData","GOOD"
"2aadeb31-f7f7-4168-8a8c-e29f6f05784f","D03","BARC","BARC.AOS.groundwater.well.001","BARC.W1.20170307.FIL",,"2017-03-07T16:36Z","2017-03-07T16:36Z","EcoCore_CSU","Cl",2.5700,"milligramsPerLiter",0.8,,0,"formatChange|legacyData","GOOD"
"78500d16-b043-4d13-a3aa-b67e2b78755b","D03","BARC","BARC.AOS.groundwater.well.001","BARC.W1.20170307.RAW",,"2017-03-07T16:36Z","2017-03-07T16:36Z","EcoCore_CSU","TN",0.0229,"milligramsPerLiter",0.8,,0,"formatChange|legacyData","GOOD"
"cd0e323b-a428-4400-be54-1c174e8ccbf4","D03","BARC","BARC.AOS.groundwater.well.001","BARC.W1.20170307.FIL",,"2017-03-07T16:36Z","2017-03-07T16:36Z","EcoCore_CSU","NH4 - N",0.0960,"milligramsPerLiter",0.8,,0,"formatChange|legacyData","GOOD"
"51c0761b-c9ec-4405-8301-9634226f9861","D03","BARC","BARC.AOS.groundwater.well.001","BARC.W1.20170307.FIL",,"2017-03-07T16:36Z","2017-03-07T16:36Z","EcoCore_CSU","NO2 - N",0.0060,"milligramsPerLiter",0.8,,0,"formatChange|legacyData","GOOD"
"7ea90d92-ecd8-427a-9d18-e33426b3d717","D03","BARC","BARC.AOS.groundwater.well.001","BARC.W1.20170307.FIL",,"2017-03-07T16:36Z","2017-03-07T16:36Z","EcoCore_CSU","UV Absorbance (280 nm)",0.0114,,0.8,,0,"formatChange|legacyData","GOOD"
"fdd39e66-0713-407d-9fb0-489e540de1cb","D03","BARC","BARC.AOS.groundwater.well.001","BARC.W1.20170307.RAW",,"2017-03-07T16:36Z","2017-03-07T16:36Z","EcoCore_CSU","TSS - Dry Mass",0.0000,"microgram",0.8,,0,"formatChange|legacyData","GOOD"
"2ba2e086-86d2-4fed-be86-61d40dda15fe","D03","BARC","BARC.AOS.groundwater.well.001","BARC.W1.20170307.FIL",,"2017-03-07T16:36Z","2017-03-07T16:36Z","EcoCore_CSU","TDN",0.1318,"milligramsPerLiter",0.8,,0,"formatChange|legacyData","GOOD"
"477b7aeb-5f54-4c49-964c-d0d1ba43be1a","D03","BARC","BARC.AOS.groundwater.well.001","BARC.W1.20170307.FIL",,"2017-03-07T16:36Z","2017-03-07T16:36Z","EcoCore_CSU","CO3",0.0050,"milligramsPerLiter",0.8,,0,"formatChange|legacyData","GOOD"
"d28e8a2a-efc0-4eba-8e31-3f70e653521b","D03","BARC","BARC.AOS.groundwater.well.001","BARC.W1.20170307.FIL",,"2017-03-07T16:36Z","2017-03-07T16:36Z","EcoCore_CSU","K",0.0306,"milligramsPerLiter",0.8,,0,"formatChange|legacyData","GOOD"
"e4189e1a-ded1-4ed9-b223-d1f746816f16","D03","BARC","BARC.AOS.groundwater.well.001","BARC.W1.20170307.FIL",,"2017-03-07T16:36Z","2017-03-07T16:36Z","EcoCore_CSU","TDP",0.0130,"milligramsPerLiter",0.8,,0,"formatChange|legacyData","GOOD"
"7db5996c-c0e8-4a9f-a72a-51246e48ca09","D03","BARC","BARC.AOS.groundwater.well.001","BARC.W1.20170307.FIL",,"2017-03-07T16:36Z","2017-03-07T16:36Z","EcoCore_CSU","TDS",12.7000,"milligramsPerLiter",0.8,,0,"formatChange|legacyData","GOOD"
"2031cc74-12ec-42f5-8ccd-6592d3b884e2","D03","BARC","BARC.AOS.groundwater.well.001","BARC.W1.20170307.FIL",,"2017-03-07T16:36Z","2017-03-07T16:36Z","EcoCore_CSU","DOC",0.5793,"milligramsPerLiter",0.8,,0,"formatChange|legacyData","GOOD"
"0dca7c20-d470-4672-823a-882c91bc95a2","D03","BARC","BARC.AOS.groundwater.well.001","BARC.W1.20170307.FIL",,"2017-03-07T16:36Z","2017-03-07T16:36Z","EcoCore_CSU","UV Absorbance (250 nm)",0.0112,,0.8,,0,"formatChange|legacyData","GOOD"
"5699bb28-24e3-4913-b66e-6ff85412482e","D03","BARC","BARC.AOS.groundwater.well.001","BARC.W1.20170307.PCN",,"2017-03-07T16:36Z","2017-03-07T16:36Z","EcoCore_CSU","TPC",0.2737,"milligram",0.8,,0,"formatChange|legacyData","GOOD"
"8d1dac13-67d4-4462-9dfc-f4c800b53c17","D03","BARC","BARC.AOS.groundwater.well.001","BARC.W1.20170307.FIL",,"2017-03-07T16:36Z","2017-03-07T16:36Z","EcoCore_CSU","Ortho - P",0.0280,"milligramsPerLiter",0.8,,0,"formatChange|legacyData","GOOD"
"221c0a25-3a6a-41ff-8ab9-01abd1ed4e70","D03","BARC","BARC.AOS.groundwater.well.001","BARC.W1.20170307.FIL",,"2017-03-07T16:36Z","2017-03-07T16:36Z","EcoCore_CSU","Mn",0.0114,"milligramsPerLiter",0.8,,0,"formatChange|legacyData","GOOD"
"cc041e57-7a25-471a-8890-796c2bd8761e","D03","BARC","BARC.AOS.groundwater.well.001","BARC.W1.20170307.FIL",,"2017-03-07T16:36Z","2017-03-07T16:36Z","EcoCore_CSU","Ca",0.3771,"milligramsPerLiter",0.8,,0,"formatChange|legacyData","GOOD"
"6e56f040-7bb1-4aad-a0a9-10055e7f4313","D03","BARC","BARC.AOS.groundwater.well.001","BARC.W1.20170307.FIL",,"2017-03-07T16:36Z","2017-03-07T16:36Z","EcoCore_CSU","Si",2.4310,"milligramsPerLiter",0.8,,0,"formatChange|legacyData","GOOD"
"ee3e09fd-4fe9-452f-8298-ffbdc6ccc0d8","D03","BARC","BARC.AOS.groundwater.well.001","BARC.W1.20170307.FIL",,"2017-03-07T16:36Z","2017-03-07T16:36Z","EcoCore_CSU","Fe",0.1289,"milligramsPerLiter",0.8,,0,"formatChange|legacyData","GOOD"
"48fa2b89-c8b3-4cb6-804f-2c991d65377f","D03","BARC","BARC.AOS.groundwater.well.001","BARC.W1.20170307.RAW",,"2017-03-07T16:36Z","2017-03-07T16:36Z","EcoCore_CSU","conductivity",16.8900,"microsiemensPerCentimeter",0.8,,0,"formatChange|legacyData","GOOD"
"279daab6-aee9-4971-b546-cfe2c1534a6c","D03","BARC","BARC.AOS.groundwater.well.001","BARC.W1.20170307.RAW",,"2017-03-07T16:36Z","2017-03-07T16:36Z","EcoCore_CSU","TSS",0.0000,"milligramsPerLiter",0.8,,0,"formatChange|legacyData","GOOD"
"29e8c0d2-3c4f-4a6c-bfc1-61c615399e90","D03","BARC","BARC.AOS.groundwater.well.001","BARC.W1.20170307.FIL",,"2017-03-07T16:36Z","2017-03-07T16:36Z","EcoCore_CSU","DIC",1.8250,"milligramsPerLiter",0.8,,0,"formatChange|legacyData","GOOD"
"da2e7bd7-aaca-4482-ac4d-0442f6c4c92e","D03","BARC","BARC.AOS.groundwater.well.001","BARC.W1.20170307.FIL",,"2017-03-07T16:36Z","2017-03-07T16:36Z","EcoCore_CSU","SO4",1.0500,"milligramsPerLiter",0.8,,0,"formatChange|legacyData","GOOD"
"3d26c7d9-8b4c-4273-9cc4-c414f7f9b330","D03","BARC","BARC.AOS.groundwater.well.001","BARC.W1.20170307.RAW",,"2017-03-07T16:36Z","2017-03-07T16:36Z","EcoCore_CSU","TOC",0.6602,"milligramsPerLiter",0.8,,0,"formatChange|legacyData","GOOD"
"c88aaf3c-6286-469d-849a-844aa1dddb3e","D03","BARC","BARC.AOS.groundwater.well.001","BARC.W1.20170307.RAW",,"2017-03-07T16:36Z","2017-03-07T16:36Z","EcoCore_CSU","TP",0.0160,"milligramsPerLiter",0.8,,0,"formatChange|legacyData","GOOD"
"b174b4b8-93f5-4218-8d45-81d14f6b14d2","D03","BARC","BARC.AOS.groundwater.well.001","BARC.W1.20170307.FIL",,"2017-03-07T16:36Z","2017-03-07T16:36Z","EcoCore_CSU","NO3+NO2 - N",0.0510,"milligramsPerLiter",0.8,,0,"formatChange|legacyData","GOOD"
"51637e24-8068-41e0-8b11-4c464803c19f","D03","BARC","BARC.AOS.groundwater.well.001","BARC.W1.20170307.RAW",,"2017-03-07T16:36Z","2017-03-07T16:36Z","EcoCore_CSU","ANC",0.0840,"milliequivalentsPerLiter",0.8,,0,"formatChange|legacyData","GOOD"
