uid,domainID,siteID,namedLocation,decimalLatitude,decimalLongitude,coordinateUncertainty,elevation,elevationUncertainty,geodeticDatum,collectDate,aquaticSiteType,samplingImpractical,waterChemSamplesCollected,adequateSampleVol,parentSampleID,eventID,swcSamplingProtocolVersion,sampleExtractionMethod,samplerType,totalWellDepth,wellWaterDepth,waterColumnHeight,sampleDepth,purgeAverageDischargeRate,purgeTime,gwWellStabilized,purgeDryDateTime,pumpPlacementDate,screenedIntervalDepth,maxAllowableDrawdown,actualDrawdown,MADExceeded,wellVolumePurged,probeIDUnavailable,dissolvedOxygen,dissolvedOxygenSaturation,specificConductance,waterTemp,pH,waterClarityDescrip,waterColorDescrip,aCollectedBy,bCollectedBy,remarks
"107e5b74-858c-419a-a518-8e54aa471697","D03","BARC","BARC.AOS.groundwater.well.006",29.674068,-82.008257,0.1,29.6,0.1,"WGS84","2017-03-06T14:02Z","lake",,,,"BARC.W6.20170306","BARC.20170306","NEON.DOC.002905vC","low-flow",,,4.9,,6.6,,,,,,,,,,2.9,,5.14,56.70,56.40,20.10,,,,"kludwig@field-ops.org","jcampbell@field-ops.org",
"1c763062-3950-4b40-9827-ed45d4d42e7c","D03","BARC","BARC.AOS.groundwater.well.005",29.674046,-82.007170,0.1,29.9,0.1,"WGS84","2017-03-06T16:00Z","lake",,,,"BARC.W5.20170306","BARC.20170306","NEON.DOC.002905vC","low-flow",,,5.5,,7.1,,,,,,,,,,2.3,,0.71,8.40,33.10,22.30,,,,"kludwig@field-ops.org","jcampbell@field-ops.org",
"bf15702d-8f55-4151-bf4b-f816ae7f4bcc","D03","BARC","BARC.AOS.groundwater.well.008",29.678049,-82.009175,0.1,30.3,0.1,"WGS84","2017-03-07T14:24Z","lake",,,,"BARC.W8.20170307","BARC.20170307","NEON.DOC.002905vC","low-flow",,,7.1,,6.7,,,,,,,,,,1.2,,8.33,96.70,25.20,22.70,,,,"kludwig@field-ops.org","jcampbell@field-ops.org",
"d2d344e4-bdfb-4ffc-a1e0-e9e51f9366fc","D03","BARC","BARC.AOS.groundwater.well.001",29.678574,-82.008577,0.1,30.1,0.1,"WGS84","2017-03-07T16:36Z","lake",,,,"BARC.W1.20170307","BARC.20170307","NEON.DOC.002905vC","low-flow",,,5.9,,6.4,,,,,,,,,,1.3,,8.06,102.50,28.50,27.90,,,,"kludwig@field-ops.org","jcampbell@field-ops.org",
