uid,domainID,siteID,namedLocation,collectDate,parentSampleID,sampleCondition,sampleID,replicateNumber,gwwDICBubbleFree,gwwFiltSampleHeadspace,gwwAlkSampleHeadspace,gwwAlkSampleBubbleFree,processedDate,processedDateFilters,sampleVolumeFiltered,shipmentTimeRange
"095f4fcc-a2d8-414e-906a-17713daa6a28","D03","BARC","BARC.AOS.groundwater.well.006","2017-03-06T14:02Z","BARC.W6.20170306",,"BARC.W6.20170306",,,,,,"2017-03-06T14:10Z","2017-03-06T14:10Z",250.0,
"97830c28-0273-42d8-9a17-5fce7d557636","D03","BARC","BARC.AOS.groundwater.well.005","2017-03-06T16:00Z","BARC.W5.20170306",,"BARC.W5.20170306",,,,,,"2017-03-06T16:10Z","2017-03-06T16:10Z",150.0,
"87ece313-94be-40dc-bad6-0ef145ab4e88","D03","BARC","BARC.AOS.groundwater.well.008","2017-03-07T14:24Z","BARC.W8.20170307",,"BARC.W8.20170307",,,,,,"2017-03-07T15:15Z","2017-03-07T15:15Z",400.0,
"2f3680be-1634-4820-a1a2-957e4d958fbe","D03","BARC","BARC.AOS.groundwater.well.001","2017-03-07T16:36Z","BARC.W1.20170307",,"BARC.W1.20170307",,,,,,"2017-03-07T17:30Z","2017-03-07T17:30Z",300.0,
