uid,domainID,siteID,namedLocation,sampleID,sampleCode,startDate,collectDate,laboratoryName,analyte,analyteConcentration,analyteUnits,coolerTemp,remarks,shipmentWarmQF,externalLabDataQF,sampleCondition
"1476aea9-3013-4dd2-b927-44a4f0956091","D08","MAYF","MAYF.AOS.groundwater.well.001","MAYF.W1.20180314.FIL",,"2018-03-14T15:54Z","2018-03-14T15:54Z","EcoCore_CSU","TDP",0.0005,"milligramsPerLiter",3.4,,0,"formatChange","GOOD"
"bb9e9bdb-2722-493b-baa6-d874a9031d89","D08","MAYF","MAYF.AOS.groundwater.well.001","MAYF.W1.20180314.FIL",,"2018-03-14T15:54Z","2018-03-14T15:54Z","EcoCore_CSU","HCO3",0.7210,"milligramsPerLiter",3.4,,0,"formatChange","GOOD"
"6bf77cbe-b782-4539-b49f-0762074e8aa3","D08","MAYF","MAYF.AOS.groundwater.well.001","MAYF.W1.20180314.RAW",,"2018-03-14T15:54Z","2018-03-14T15:54Z","EcoCore_CSU","ANC",0.0200,"milliequivalentsPerLiter",3.4,,0,"formatChange","GOOD"
"92354a5d-9c72-4461-8a93-30166904cb2c","D08","MAYF","MAYF.AOS.groundwater.well.001","MAYF.W1.20180314.FIL",,"2018-03-14T15:54Z","2018-03-14T15:54Z","EcoCore_CSU","NH4 - N",0.0515,"milligramsPerLiter",3.4,,0,"formatChange","GOOD"
"205bb378-f56b-4789-afc5-6d684f0baf73","D08","MAYF","MAYF.AOS.groundwater.well.001","MAYF.W1.20180314.RAW",,"2018-03-14T15:54Z","2018-03-14T15:54Z","EcoCore_CSU","TOC",4.2560,"milligramsPerLiter",3.4,,0,"formatChange","GOOD"
"03066b65-6553-429e-bca3-6d43410257cb","D08","MAYF","MAYF.AOS.groundwater.well.001","MAYF.W1.20180314.FIL",,"2018-03-14T15:54Z","2018-03-14T15:54Z","EcoCore_CSU","NO3+NO2 - N",0.0040,"milligramsPerLiter",3.4,,0,"formatChange","GOOD"
"571d76fe-d444-4db2-ae9b-5e4670c2644d","D08","MAYF","MAYF.AOS.groundwater.well.001","MAYF.W1.20180314.FIL",,"2018-03-14T15:54Z","2018-03-14T15:54Z","EcoCore_CSU","Ca",1.2650,"milligramsPerLiter",3.4,,0,"formatChange","GOOD"
"a07c0dc4-f0b3-46ff-8ff5-3e19c65157c7","D08","MAYF","MAYF.AOS.groundwater.well.001","MAYF.W1.20180314.FIL",,"2018-03-14T15:54Z","2018-03-14T15:54Z","EcoCore_CSU","Br",0.0050,"milligramsPerLiter",3.4,,0,"formatChange","GOOD"
"daf1386c-8339-4b96-a7f0-dcd1749aeb15","D08","MAYF","MAYF.AOS.groundwater.well.001","MAYF.W1.20180314.FIL",,"2018-03-14T15:54Z","2018-03-14T15:54Z","EcoCore_CSU","Mn",0.0140,"milligramsPerLiter",3.4,,0,"formatChange","GOOD"
"8ac82e3b-6cbb-4cc8-a94c-0782e459898b","D08","MAYF","MAYF.AOS.groundwater.well.001","MAYF.W1.20180314.FIL",,"2018-03-14T15:54Z","2018-03-14T15:54Z","EcoCore_CSU","F",0.0050,"milligramsPerLiter",3.4,,0,"formatChange","GOOD"
"eb4d955c-8084-46c0-84cc-3ab8d255fbb1","D08","MAYF","MAYF.AOS.groundwater.well.001","MAYF.W1.20180314.FIL",,"2018-03-14T15:54Z","2018-03-14T15:54Z","EcoCore_CSU","SO4",1.0200,"milligramsPerLiter",3.4,,0,"formatChange","GOOD"
"51da5153-f0e6-426b-a90d-925115ddbb22","D08","MAYF","MAYF.AOS.groundwater.well.001","MAYF.W1.20180314.FIL",,"2018-03-14T15:54Z","2018-03-14T15:54Z","EcoCore_CSU","Fe",0.3160,"milligramsPerLiter",3.4,,0,"formatChange","GOOD"
"b7226c7c-b545-4887-8b0c-67bd0a7c67e5","D08","MAYF","MAYF.AOS.groundwater.well.001","MAYF.W1.20180314.FIL",,"2018-03-14T15:54Z","2018-03-14T15:54Z","EcoCore_CSU","NO2 - N",0.0164,"milligramsPerLiter",3.4,,0,"formatChange","GOOD"
"9f82789a-9b78-4326-b567-1326cf111e54","D08","MAYF","MAYF.AOS.groundwater.well.001","MAYF.W1.20180314.FIL",,"2018-03-14T15:54Z","2018-03-14T15:54Z","EcoCore_CSU","CO3",0.0050,"milligramsPerLiter",3.4,,0,"formatChange","GOOD"
"cb99fc2e-4bdf-46bf-9c67-8b111e97fcea","D08","MAYF","MAYF.AOS.groundwater.well.001","MAYF.W1.20180314.PCN",,"2018-03-14T15:54Z","2018-03-14T15:54Z","EcoCore_CSU","TPN",0.1004,"milligram",3.4,,0,"formatChange","GOOD"
"a8a8f190-9cc4-4651-9ea8-6ff60e37fd48","D08","MAYF","MAYF.AOS.groundwater.well.001","MAYF.W1.20180314.FIL",,"2018-03-14T15:54Z","2018-03-14T15:54Z","EcoCore_CSU","Na",1.5860,"milligramsPerLiter",3.4,,0,"formatChange","GOOD"
"d1b58420-ee4d-4638-8eda-283fb2afe26b","D08","MAYF","MAYF.AOS.groundwater.well.001","MAYF.W1.20180314.FIL",,"2018-03-14T15:54Z","2018-03-14T15:54Z","EcoCore_CSU","DOC",1.9550,"milligramsPerLiter",3.4,,0,"formatChange","GOOD"
"68b60f97-9688-4259-8bd0-9938c918c272","D08","MAYF","MAYF.AOS.groundwater.well.001","MAYF.W1.20180314.RAW",,"2018-03-14T15:54Z","2018-03-14T15:54Z","EcoCore_CSU","TSS - Dry Mass",24900.0000,"microgram",3.4,,0,"formatChange","GOOD"
"94252f82-5df5-4a39-a117-0c1cb9095655","D08","MAYF","MAYF.AOS.groundwater.well.001","MAYF.W1.20180314.FIL",,"2018-03-14T15:54Z","2018-03-14T15:54Z","EcoCore_CSU","UV Absorbance (280 nm)",0.1394,,3.4,,0,"formatChange","GOOD"
"a1086c35-0d47-48a0-9618-beb35ed36661","D08","MAYF","MAYF.AOS.groundwater.well.001","MAYF.W1.20180314.RAW",,"2018-03-14T15:54Z","2018-03-14T15:54Z","EcoCore_CSU","conductivity",29.1700,"microsiemensPerCentimeter",3.4,,0,"formatChange","GOOD"
"c6daf94b-bd1a-4e4e-923a-f11d927eebd9","D08","MAYF","MAYF.AOS.groundwater.well.001","MAYF.W1.20180314.RAW",,"2018-03-14T15:54Z","2018-03-14T15:54Z","EcoCore_CSU","TP",0.0090,"milligramsPerLiter",3.4,,0,"formatChange","GOOD"
"5687ad16-0289-4ccc-bf82-0606d16c631f","D08","MAYF","MAYF.AOS.groundwater.well.001","MAYF.W1.20180314.RAW",,"2018-03-14T15:54Z","2018-03-14T15:54Z","EcoCore_CSU","TN",0.1549,"milligramsPerLiter",3.4,,0,"formatChange","GOOD"
"bdc4eb0a-c7b6-47dc-a5b3-a92bcf02e92d","D08","MAYF","MAYF.AOS.groundwater.well.001","MAYF.W1.20180314.RAW",,"2018-03-14T15:54Z","2018-03-14T15:54Z","EcoCore_CSU","TSS",498.0000,"milligramsPerLiter",3.4,,0,"formatChange","GOOD"
"461d8187-6f52-4961-a302-cd050aaf198e","D08","MAYF","MAYF.AOS.groundwater.well.001","MAYF.W1.20180314.FIL",,"2018-03-14T15:54Z","2018-03-14T15:54Z","EcoCore_CSU","K",1.3350,"milligramsPerLiter",3.4,,0,"formatChange","GOOD"
"47a38219-dca0-4971-8ef3-01aa3aeba4ab","D08","MAYF","MAYF.AOS.groundwater.well.001","MAYF.W1.20180314.FIL",,"2018-03-14T15:54Z","2018-03-14T15:54Z","EcoCore_CSU","TDN",-0.0149,"milligramsPerLiter",3.4,,0,"formatChange","GOOD"
"5a43cc21-f68a-4cd8-be99-375b8a969fac","D08","MAYF","MAYF.AOS.groundwater.well.001","MAYF.W1.20180314.FIL",,"2018-03-14T15:54Z","2018-03-14T15:54Z","EcoCore_CSU","TDS",19.6800,"milligramsPerLiter",3.4,,0,"formatChange","GOOD"
"5ccc9551-5d76-47a1-9f7f-5bf543ee97ee","D08","MAYF","MAYF.AOS.groundwater.well.001","MAYF.W1.20180314.PCN",,"2018-03-14T15:54Z","2018-03-14T15:54Z","EcoCore_CSU","TPC",0.3905,"milligram",3.4,,0,"formatChange","GOOD"
"99c08f37-eaba-4f1c-9ba3-1c89c8c49882","D08","MAYF","MAYF.AOS.groundwater.well.001","MAYF.W1.20180314.FIL",,"2018-03-14T15:54Z","2018-03-14T15:54Z","EcoCore_CSU","Cl",6.2100,"milligramsPerLiter",3.4,,0,"formatChange","GOOD"
"c08bd56b-5ed7-4a8e-8fd4-f700d4b1a24f","D08","MAYF","MAYF.AOS.groundwater.well.001","MAYF.W1.20180314.FIL",,"2018-03-14T15:54Z","2018-03-14T15:54Z","EcoCore_CSU","UV Absorbance (250 nm)",0.1675,,3.4,,0,"formatChange","GOOD"
"e518fe58-2e12-420e-a704-364550377f30","D08","MAYF","MAYF.AOS.groundwater.well.001","MAYF.W1.20180314.RAW",,"2018-03-14T15:54Z","2018-03-14T15:54Z","EcoCore_CSU","pH",5.2400,"pH",3.4,,0,"formatChange","GOOD"
"2338c444-78a1-432d-b33c-6211f734386e","D08","MAYF","MAYF.AOS.groundwater.well.001","MAYF.W1.20180314.FIL",,"2018-03-14T15:54Z","2018-03-14T15:54Z","EcoCore_CSU","Si",5.3400,"milligramsPerLiter",3.4,,0,"formatChange","GOOD"
"ecd2e8b0-f103-4c84-b15c-1a788782945c","D08","MAYF","MAYF.AOS.groundwater.well.001","MAYF.W1.20180314.FIL",,"2018-03-14T15:54Z","2018-03-14T15:54Z","EcoCore_CSU","Mg",0.5330,"milligramsPerLiter",3.4,,0,"formatChange","GOOD"
"854ccc78-c05d-4e71-ab23-4d536bf48b3b","D08","MAYF","MAYF.AOS.groundwater.well.001","MAYF.W1.20180314.FIL",,"2018-03-14T15:54Z","2018-03-14T15:54Z","EcoCore_CSU","DIC",5.2700,"milligramsPerLiter",3.4,,0,"formatChange","GOOD"
"4d3a8753-fbf0-4628-9901-cf2959d7064a","D08","MAYF","MAYF.AOS.groundwater.well.001","MAYF.W1.20180314.FIL",,"2018-03-14T15:54Z","2018-03-14T15:54Z","EcoCore_CSU","Ortho - P",0.0730,"milligramsPerLiter",3.4,,0,"formatChange","GOOD"
"54f517bf-4de5-45d4-b130-24fd322b07ae","D08","MAYF","MAYF.AOS.groundwater.well.002","MAYF.W2.20180314.FIL",,"2018-03-14T16:35Z","2018-03-14T16:35Z","EcoCore_CSU","Fe",0.2920,"milligramsPerLiter",3.4,,0,"formatChange","GOOD"
"8fca46e2-1f99-41b9-bccf-f95fad295c1e","D08","MAYF","MAYF.AOS.groundwater.well.002","MAYF.W2.20180314.FIL",,"2018-03-14T16:35Z","2018-03-14T16:35Z","EcoCore_CSU","TDN",0.0075,"milligramsPerLiter",3.4,,0,"formatChange","GOOD"
"a0dc3ee5-c6c1-4878-bd9d-bfeb1ffcac8a","D08","MAYF","MAYF.AOS.groundwater.well.002","MAYF.W2.20180314.FIL",,"2018-03-14T16:35Z","2018-03-14T16:35Z","EcoCore_CSU","DOC",3.5080,"milligramsPerLiter",3.4,,0,"formatChange","GOOD"
"0f3298e5-bddc-46b7-a79f-21e97f7ea615","D08","MAYF","MAYF.AOS.groundwater.well.002","MAYF.W2.20180314.FIL",,"2018-03-14T16:35Z","2018-03-14T16:35Z","EcoCore_CSU","UV Absorbance (280 nm)",0.1222,,3.4,,0,"formatChange","GOOD"
"55447666-b965-4190-88ae-e5b9700c1647","D08","MAYF","MAYF.AOS.groundwater.well.002","MAYF.W2.20180314.FIL",,"2018-03-14T16:35Z","2018-03-14T16:35Z","EcoCore_CSU","DIC",2.8700,"milligramsPerLiter",3.4,,0,"formatChange","GOOD"
"3b85f7d5-cded-4632-90c4-8dcd1860f096","D08","MAYF","MAYF.AOS.groundwater.well.002","MAYF.W2.20180314.FIL",,"2018-03-14T16:35Z","2018-03-14T16:35Z","EcoCore_CSU","F",0.0050,"milligramsPerLiter",3.4,,0,"formatChange","GOOD"
"80dd4919-d1c3-4d6c-91ec-7a396c9044ef","D08","MAYF","MAYF.AOS.groundwater.well.002","MAYF.W2.20180314.RAW",,"2018-03-14T16:35Z","2018-03-14T16:35Z","EcoCore_CSU","TSS",26.0000,"milligramsPerLiter",3.4,,0,"formatChange","GOOD"
"48ec5eb1-2038-45ca-8ea4-6acd31acb37b","D08","MAYF","MAYF.AOS.groundwater.well.002","MAYF.W2.20180314.FIL",,"2018-03-14T16:35Z","2018-03-14T16:35Z","EcoCore_CSU","UV Absorbance (250 nm)",0.1780,,3.4,,0,"formatChange","GOOD"
"e68a5ce5-e5a3-47b1-a953-013cd8b2151a","D08","MAYF","MAYF.AOS.groundwater.well.002","MAYF.W2.20180314.RAW",,"2018-03-14T16:35Z","2018-03-14T16:35Z","EcoCore_CSU","TOC",4.3370,"milligramsPerLiter",3.4,,0,"formatChange","GOOD"
"40f8203e-3194-4561-8101-3f1a82c263de","D08","MAYF","MAYF.AOS.groundwater.well.002","MAYF.W2.20180314.RAW",,"2018-03-14T16:35Z","2018-03-14T16:35Z","EcoCore_CSU","pH",4.7800,"pH",3.4,,0,"formatChange","GOOD"
"2a87acfb-426a-4dad-863f-061888a88917","D08","MAYF","MAYF.AOS.groundwater.well.002","MAYF.W2.20180314.FIL",,"2018-03-14T16:35Z","2018-03-14T16:35Z","EcoCore_CSU","NO2 - N",0.0166,"milligramsPerLiter",3.4,,0,"formatChange","GOOD"
"05c8de89-692e-4ebf-9f49-6ec605417891","D08","MAYF","MAYF.AOS.groundwater.well.002","MAYF.W2.20180314.FIL",,"2018-03-14T16:35Z","2018-03-14T16:35Z","EcoCore_CSU","Mg",0.5530,"milligramsPerLiter",3.4,,0,"formatChange","GOOD"
"1118a41b-471d-4cc3-b861-ab8ba6f77871","D08","MAYF","MAYF.AOS.groundwater.well.002","MAYF.W2.20180314.FIL",,"2018-03-14T16:35Z","2018-03-14T16:35Z","EcoCore_CSU","TDS",13.6270,"milligramsPerLiter",3.4,,0,"formatChange","GOOD"
"23349dc2-18f4-4e0d-881a-92693255d8d6","D08","MAYF","MAYF.AOS.groundwater.well.002","MAYF.W2.20180314.PCN",,"2018-03-14T16:35Z","2018-03-14T16:35Z","EcoCore_CSU","TPC",0.3298,"milligram",3.4,,0,"formatChange","GOOD"
"718908bd-9b31-4ac1-8e46-a776eabadfc5","D08","MAYF","MAYF.AOS.groundwater.well.002","MAYF.W2.20180314.PCN",,"2018-03-14T16:35Z","2018-03-14T16:35Z","EcoCore_CSU","TPN",0.0657,"milligram",3.4,,0,"formatChange","GOOD"
"e1f6a62a-b040-4fa6-9db1-bd95673ec83d","D08","MAYF","MAYF.AOS.groundwater.well.002","MAYF.W2.20180314.RAW",,"2018-03-14T16:35Z","2018-03-14T16:35Z","EcoCore_CSU","TP",0.0080,"milligramsPerLiter",3.4,,0,"formatChange","GOOD"
"122d4f73-abec-4e78-8f33-76532dc35b51","D08","MAYF","MAYF.AOS.groundwater.well.002","MAYF.W2.20180314.FIL",,"2018-03-14T16:35Z","2018-03-14T16:35Z","EcoCore_CSU","SO4",1.2600,"milligramsPerLiter",3.4,,0,"formatChange","GOOD"
"c608a6e9-f91a-4b03-8485-0677afe4a652","D08","MAYF","MAYF.AOS.groundwater.well.002","MAYF.W2.20180314.FIL",,"2018-03-14T16:35Z","2018-03-14T16:35Z","EcoCore_CSU","NO3+NO2 - N",0.0009,"milligramsPerLiter",3.4,,0,"formatChange","GOOD"
"c78970c6-d699-48bd-a117-d05a86287229","D08","MAYF","MAYF.AOS.groundwater.well.002","MAYF.W2.20180314.FIL",,"2018-03-14T16:35Z","2018-03-14T16:35Z","EcoCore_CSU","Na",2.2270,"milligramsPerLiter",3.4,,0,"formatChange","GOOD"
"b8e72f04-ebdd-4106-897d-64c01cf831bc","D08","MAYF","MAYF.AOS.groundwater.well.002","MAYF.W2.20180314.RAW",,"2018-03-14T16:35Z","2018-03-14T16:35Z","EcoCore_CSU","TN",0.0512,"milligramsPerLiter",3.4,,0,"formatChange","GOOD"
"041ffec1-2048-4bbb-894f-2c0e81273dfa","D08","MAYF","MAYF.AOS.groundwater.well.002","MAYF.W2.20180314.FIL",,"2018-03-14T16:35Z","2018-03-14T16:35Z","EcoCore_CSU","Mn",0.0250,"milligramsPerLiter",3.4,,0,"formatChange","GOOD"
"697aa499-d50b-4deb-84de-11a94fe49a64","D08","MAYF","MAYF.AOS.groundwater.well.002","MAYF.W2.20180314.FIL",,"2018-03-14T16:35Z","2018-03-14T16:35Z","EcoCore_CSU","NH4 - N",0.0078,"milligramsPerLiter",3.4,,0,"formatChange","GOOD"
"e46a507f-9536-471a-a92a-193c73f8a029","D08","MAYF","MAYF.AOS.groundwater.well.002","MAYF.W2.20180314.FIL",,"2018-03-14T16:35Z","2018-03-14T16:35Z","EcoCore_CSU","TDP",0.0020,"milligramsPerLiter",3.4,,0,"formatChange","GOOD"
"6b67b491-bfbb-4aa4-a50c-f02c0bbe9ada","D08","MAYF","MAYF.AOS.groundwater.well.002","MAYF.W2.20180314.FIL",,"2018-03-14T16:35Z","2018-03-14T16:35Z","EcoCore_CSU","CO3",0.0050,"milligramsPerLiter",3.4,,0,"formatChange","GOOD"
"10b84cbb-a4b7-4f67-9664-314c994ead13","D08","MAYF","MAYF.AOS.groundwater.well.002","MAYF.W2.20180314.FIL",,"2018-03-14T16:35Z","2018-03-14T16:35Z","EcoCore_CSU","Ortho - P",0.0900,"milligramsPerLiter",3.4,,0,"formatChange","GOOD"
"c04d5367-37f2-46f9-81fd-cc4ddad6fc50","D08","MAYF","MAYF.AOS.groundwater.well.002","MAYF.W2.20180314.RAW",,"2018-03-14T16:35Z","2018-03-14T16:35Z","EcoCore_CSU","ANC",0.0200,"milliequivalentsPerLiter",3.4,,0,"formatChange","GOOD"
"6addc188-ecda-41f7-9c7a-0dd7fb4f3a45","D08","MAYF","MAYF.AOS.groundwater.well.002","MAYF.W2.20180314.RAW",,"2018-03-14T16:35Z","2018-03-14T16:35Z","EcoCore_CSU","conductivity",17.9100,"microsiemensPerCentimeter",3.4,,0,"formatChange","GOOD"
"e923bb68-bf50-4049-83d6-fffa02fcfdca","D08","MAYF","MAYF.AOS.groundwater.well.002","MAYF.W2.20180314.RAW",,"2018-03-14T16:35Z","2018-03-14T16:35Z","EcoCore_CSU","TSS - Dry Mass",1300.0000,"microgram",3.4,,0,"formatChange","GOOD"
"1d498800-f60f-4cfa-9611-1f327b833ec5","D08","MAYF","MAYF.AOS.groundwater.well.002","MAYF.W2.20180314.FIL",,"2018-03-14T16:35Z","2018-03-14T16:35Z","EcoCore_CSU","Si",4.3600,"milligramsPerLiter",3.4,,0,"formatChange","GOOD"
"a2612c79-0c2b-4c38-bcc2-4eb01cebd412","D08","MAYF","MAYF.AOS.groundwater.well.002","MAYF.W2.20180314.FIL",,"2018-03-14T16:35Z","2018-03-14T16:35Z","EcoCore_CSU","Ca",0.8570,"milligramsPerLiter",3.4,,0,"formatChange","GOOD"
"c8a271bb-bcb0-465a-9957-d0cf02ab8bd2","D08","MAYF","MAYF.AOS.groundwater.well.002","MAYF.W2.20180314.FIL",,"2018-03-14T16:35Z","2018-03-14T16:35Z","EcoCore_CSU","Cl",5.6200,"milligramsPerLiter",3.4,,0,"formatChange","GOOD"
"c62cd1a3-db97-4989-8a52-334a5137f237","D08","MAYF","MAYF.AOS.groundwater.well.002","MAYF.W2.20180314.FIL",,"2018-03-14T16:35Z","2018-03-14T16:35Z","EcoCore_CSU","K",0.5920,"milligramsPerLiter",3.4,,0,"formatChange","GOOD"
"9847df53-eb56-485c-a332-b038c837ff8f","D08","MAYF","MAYF.AOS.groundwater.well.002","MAYF.W2.20180314.FIL",,"2018-03-14T16:35Z","2018-03-14T16:35Z","EcoCore_CSU","Br",0.0050,"milligramsPerLiter",3.4,,0,"formatChange","GOOD"
"a72f6c2e-0c0f-4e5b-af3f-51d12245949e","D08","MAYF","MAYF.AOS.groundwater.well.002","MAYF.W2.20180314.FIL",,"2018-03-14T16:35Z","2018-03-14T16:35Z","EcoCore_CSU","HCO3",0.8350,"milligramsPerLiter",3.4,,0,"formatChange","GOOD"
"92023794-a55e-41c4-af74-1c245550845b","D08","MAYF","MAYF.AOS.groundwater.well.007","MAYF.W7.20180314.FIL",,"2018-03-14T17:38Z","2018-03-14T17:38Z","EcoCore_CSU","UV Absorbance (280 nm)",0.0107,,2.8,,0,"formatChange","GOOD"
"1c7ba157-f493-457f-a634-0b9528a9571c","D08","MAYF","MAYF.AOS.groundwater.well.007","MAYF.W7.20180314.FIL",,"2018-03-14T17:38Z","2018-03-14T17:38Z","EcoCore_CSU","Mg",0.7520,"milligramsPerLiter",2.8,,0,"formatChange","GOOD"
"9b7e0053-9b5d-417f-9bec-fc80c5b0a305","D08","MAYF","MAYF.AOS.groundwater.well.007","MAYF.W7.20180314.FIL",,"2018-03-14T17:38Z","2018-03-14T17:38Z","EcoCore_CSU","CO3",0.0050,"milligramsPerLiter",2.8,,0,"formatChange","GOOD"
"3b09de1b-5deb-4b94-bfbf-71c976272bc2","D08","MAYF","MAYF.AOS.groundwater.well.007","MAYF.W7.20180314.FIL",,"2018-03-14T17:38Z","2018-03-14T17:38Z","EcoCore_CSU","Fe",0.0010,"milligramsPerLiter",2.8,,0,"formatChange","GOOD"
"30b2aa7c-08bd-472e-94ee-16305d55b8d0","D08","MAYF","MAYF.AOS.groundwater.well.007","MAYF.W7.20180314.RAW",,"2018-03-14T17:38Z","2018-03-14T17:38Z","EcoCore_CSU","conductivity",27.2800,"microsiemensPerCentimeter",2.8,,0,"formatChange","GOOD"
"187092b1-06d2-4726-96ad-f092182b1d01","D08","MAYF","MAYF.AOS.groundwater.well.007","MAYF.W7.20180314.FIL",,"2018-03-14T17:38Z","2018-03-14T17:38Z","EcoCore_CSU","Na",2.3840,"milligramsPerLiter",2.8,,0,"formatChange","GOOD"
"8abf9a31-02bd-4ff5-9a65-38ee468a2c2b","D08","MAYF","MAYF.AOS.groundwater.well.007","MAYF.W7.20180314.FIL",,"2018-03-14T17:38Z","2018-03-14T17:38Z","EcoCore_CSU","NH4 - N",0.0079,"milligramsPerLiter",2.8,,0,"formatChange","GOOD"
"220d38e1-279b-4702-aad4-193059bda143","D08","MAYF","MAYF.AOS.groundwater.well.007","MAYF.W7.20180314.FIL",,"2018-03-14T17:38Z","2018-03-14T17:38Z","EcoCore_CSU","UV Absorbance (250 nm)",0.0146,,2.8,,0,"formatChange","GOOD"
"138f3232-9bbc-44ef-beac-a5b000d68c5f","D08","MAYF","MAYF.AOS.groundwater.well.007","MAYF.W7.20180314.FIL",,"2018-03-14T17:38Z","2018-03-14T17:38Z","EcoCore_CSU","DOC",0.5897,"milligramsPerLiter",2.8,,0,"formatChange","GOOD"
"c5572b5b-73a3-429b-967b-edc9c245071f","D08","MAYF","MAYF.AOS.groundwater.well.007","MAYF.W7.20180314.FIL",,"2018-03-14T17:38Z","2018-03-14T17:38Z","EcoCore_CSU","Br",0.0050,"milligramsPerLiter",2.8,,0,"formatChange","GOOD"
"ed543616-aaf8-43ea-bfda-871a4ea5e6d5","D08","MAYF","MAYF.AOS.groundwater.well.007","MAYF.W7.20180314.FIL",,"2018-03-14T17:38Z","2018-03-14T17:38Z","EcoCore_CSU","NO2 - N",0.0163,"milligramsPerLiter",2.8,,0,"formatChange","GOOD"
"03846227-0067-4988-97b2-2c1056abf98f","D08","MAYF","MAYF.AOS.groundwater.well.007","MAYF.W7.20180314.FIL",,"2018-03-14T17:38Z","2018-03-14T17:38Z","EcoCore_CSU","TDS",20.6900,"milligramsPerLiter",2.8,,0,"formatChange","GOOD"
"f8b76e47-35b8-49de-b4e4-38f82b368d3e","D08","MAYF","MAYF.AOS.groundwater.well.007","MAYF.W7.20180314.FIL",,"2018-03-14T17:38Z","2018-03-14T17:38Z","EcoCore_CSU","SO4",1.0100,"milligramsPerLiter",2.8,,0,"formatChange","GOOD"
"32e93986-60a5-461a-9d01-b36847193b95","D08","MAYF","MAYF.AOS.groundwater.well.007","MAYF.W7.20180314.FIL",,"2018-03-14T17:38Z","2018-03-14T17:38Z","EcoCore_CSU","HCO3",6.2100,"milligramsPerLiter",2.8,,0,"formatChange","GOOD"
"1092ce4b-9147-4689-ae24-0b34ee3b123b","D08","MAYF","MAYF.AOS.groundwater.well.007","MAYF.W7.20180314.RAW",,"2018-03-14T17:38Z","2018-03-14T17:38Z","EcoCore_CSU","TN",-0.0622,"milligramsPerLiter",2.8,,0,"formatChange","GOOD"
"659b2e56-2683-4f83-b9d2-d0e0a158276f","D08","MAYF","MAYF.AOS.groundwater.well.007","MAYF.W7.20180314.FIL",,"2018-03-14T17:38Z","2018-03-14T17:38Z","EcoCore_CSU","F",0.0050,"milligramsPerLiter",2.8,,0,"formatChange","GOOD"
"68689dd5-452b-46bb-9353-33c22388e669","D08","MAYF","MAYF.AOS.groundwater.well.007","MAYF.W7.20180314.FIL",,"2018-03-14T17:38Z","2018-03-14T17:38Z","EcoCore_CSU","Cl",8.5200,"milligramsPerLiter",2.8,,0,"formatChange","GOOD"
"e0745c30-afae-424c-94bd-50b7c3571eba","D08","MAYF","MAYF.AOS.groundwater.well.007","MAYF.W7.20180314.FIL",,"2018-03-14T17:38Z","2018-03-14T17:38Z","EcoCore_CSU","Ca",3.2010,"milligramsPerLiter",2.8,,0,"formatChange","GOOD"
"0028ee90-85e1-4309-8481-f629f14d7a7b","D08","MAYF","MAYF.AOS.groundwater.well.007","MAYF.W7.20180314.RAW",,"2018-03-14T17:38Z","2018-03-14T17:38Z","EcoCore_CSU","pH",5.2100,"pH",2.8,,0,"formatChange","GOOD"
"3fddca4c-ea6c-4c93-bfca-12c289ef893d","D08","MAYF","MAYF.AOS.groundwater.well.007","MAYF.W7.20180314.RAW",,"2018-03-14T17:38Z","2018-03-14T17:38Z","EcoCore_CSU","TSS - Dry Mass",700.0000,"microgram",2.8,,0,"formatChange","GOOD"
"9b33a462-2167-4250-adf0-ee296531404d","D08","MAYF","MAYF.AOS.groundwater.well.007","MAYF.W7.20180314.RAW",,"2018-03-14T17:38Z","2018-03-14T17:38Z","EcoCore_CSU","TSS",14.0000,"milligramsPerLiter",2.8,,0,"formatChange","GOOD"
"858a0b62-0fb3-4ace-9aea-766b1acb077f","D08","MAYF","MAYF.AOS.groundwater.well.007","MAYF.W7.20180314.FIL",,"2018-03-14T17:38Z","2018-03-14T17:38Z","EcoCore_CSU","K",1.5630,"milligramsPerLiter",2.8,,0,"formatChange","GOOD"
"d3ee7ef7-3438-4170-905d-b57444fb7571","D08","MAYF","MAYF.AOS.groundwater.well.007","MAYF.W7.20180314.FIL",,"2018-03-14T17:38Z","2018-03-14T17:38Z","EcoCore_CSU","TDN",-0.0465,"milligramsPerLiter",2.8,,0,"formatChange","GOOD"
"43a8196f-a96b-40d6-b888-4915b3e5118c","D08","MAYF","MAYF.AOS.groundwater.well.007","MAYF.W7.20180314.RAW",,"2018-03-14T17:38Z","2018-03-14T17:38Z","EcoCore_CSU","TP",0.0050,"milligramsPerLiter",2.8,,0,"formatChange","GOOD"
"c1a3b19e-8518-4919-afdb-fcf845542fcf","D08","MAYF","MAYF.AOS.groundwater.well.007","MAYF.W7.20180314.PCN",,"2018-03-14T17:38Z","2018-03-14T17:38Z","EcoCore_CSU","TPN",0.1165,"milligram",2.8,,0,"formatChange","GOOD"
"a8fbefc4-8087-4d70-9d47-d1a9d987d441","D08","MAYF","MAYF.AOS.groundwater.well.007","MAYF.W7.20180314.RAW",,"2018-03-14T17:38Z","2018-03-14T17:38Z","EcoCore_CSU","ANC",0.1300,"milliequivalentsPerLiter",2.8,,0,"formatChange","GOOD"
"5bd7fc2d-2a4f-4f60-9c6e-d987dd873275","D08","MAYF","MAYF.AOS.groundwater.well.007","MAYF.W7.20180314.FIL",,"2018-03-14T17:38Z","2018-03-14T17:38Z","EcoCore_CSU","NO3+NO2 - N",0.0239,"milligramsPerLiter",2.8,,0,"formatChange","GOOD"
"daace6ae-8f05-4069-8f81-b1d76a648ee8","D08","MAYF","MAYF.AOS.groundwater.well.007","MAYF.W7.20180314.FIL",,"2018-03-14T17:38Z","2018-03-14T17:38Z","EcoCore_CSU","Ortho - P",0.0830,"milligramsPerLiter",2.8,,0,"formatChange","GOOD"
"6fa55427-4b18-4681-b3bf-8e008bf5db15","D08","MAYF","MAYF.AOS.groundwater.well.007","MAYF.W7.20180314.FIL",,"2018-03-14T17:38Z","2018-03-14T17:38Z","EcoCore_CSU","Mn",0.0030,"milligramsPerLiter",2.8,,0,"formatChange","GOOD"
"2ac74705-8cf0-42e4-a8e5-5a51e3020783","D08","MAYF","MAYF.AOS.groundwater.well.007","MAYF.W7.20180314.RAW",,"2018-03-14T17:38Z","2018-03-14T17:38Z","EcoCore_CSU","TOC",0.6963,"milligramsPerLiter",2.8,,0,"formatChange","GOOD"
"13ab6933-f2c6-4e9e-9dde-b9f54e86cf24","D08","MAYF","MAYF.AOS.groundwater.well.007","MAYF.W7.20180314.FIL",,"2018-03-14T17:38Z","2018-03-14T17:38Z","EcoCore_CSU","TDP",0.0010,"milligramsPerLiter",2.8,,0,"formatChange","GOOD"
"e276ae5d-b826-4856-b370-f11d7d6f4a67","D08","MAYF","MAYF.AOS.groundwater.well.007","MAYF.W7.20180314.FIL",,"2018-03-14T17:38Z","2018-03-14T17:38Z","EcoCore_CSU","Si",5.3800,"milligramsPerLiter",2.8,,0,"formatChange","GOOD"
"4cd07121-e882-42d3-977e-f9a9b47b0b0b","D08","MAYF","MAYF.AOS.groundwater.well.007","MAYF.W7.20180314.PCN",,"2018-03-14T17:38Z","2018-03-14T17:38Z","EcoCore_CSU","TPC",0.2612,"milligram",2.8,,0,"formatChange","GOOD"
"d10301c4-f6e5-4d34-be29-bcb8b9fcfe04","D08","MAYF","MAYF.AOS.groundwater.well.007","MAYF.W7.20180314.FIL",,"2018-03-14T17:38Z","2018-03-14T17:38Z","EcoCore_CSU","DIC",4.1250,"milligramsPerLiter",2.8,,0,"formatChange","GOOD"
"f156e9f6-d3ac-41f8-bd31-d434987f84a6","D08","MAYF","MAYF.AOS.groundwater.well.008","MAYF.W8.20180314.FIL",,"2018-03-14T18:20Z","2018-03-14T18:20Z","EcoCore_CSU","K",0.2110,"milligramsPerLiter",2.8,,0,"formatChange","GOOD"
"8f7b18d0-1df8-4541-aa5b-ad3ec1ee3d1b","D08","MAYF","MAYF.AOS.groundwater.well.008","MAYF.W8.20180314.FIL",,"2018-03-14T18:20Z","2018-03-14T18:20Z","EcoCore_CSU","UV Absorbance (250 nm)",0.0372,,2.8,,0,"formatChange","GOOD"
"30da61cc-c580-4551-9c6c-bb918a6f3268","D08","MAYF","MAYF.AOS.groundwater.well.008","MAYF.W8.20180314.RAW",,"2018-03-14T18:20Z","2018-03-14T18:20Z","EcoCore_CSU","conductivity",21.8700,"microsiemensPerCentimeter",2.8,,0,"formatChange","GOOD"
"3cf2d32f-7347-4a84-9292-38aca60d6147","D08","MAYF","MAYF.AOS.groundwater.well.008","MAYF.W8.20180314.RAW",,"2018-03-14T18:20Z","2018-03-14T18:20Z","EcoCore_CSU","TN",0.0622,"milligramsPerLiter",2.8,,0,"formatChange","GOOD"
"7546231f-53eb-4c20-811c-6a253116349c","D08","MAYF","MAYF.AOS.groundwater.well.008","MAYF.W8.20180314.FIL",,"2018-03-14T18:20Z","2018-03-14T18:20Z","EcoCore_CSU","Fe",0.0140,"milligramsPerLiter",2.8,,0,"formatChange","GOOD"
"3ec44ff1-dfba-40b0-97fb-5c60b5ad68dc","D08","MAYF","MAYF.AOS.groundwater.well.008","MAYF.W8.20180314.PCN",,"2018-03-14T18:20Z","2018-03-14T18:20Z","EcoCore_CSU","TPC",0.3397,"milligram",2.8,,0,"formatChange","GOOD"
"0b30650a-c084-433c-a43d-356e7c0f2e4b","D08","MAYF","MAYF.AOS.groundwater.well.008","MAYF.W8.20180314.FIL",,"2018-03-14T18:20Z","2018-03-14T18:20Z","EcoCore_CSU","NO2 - N",0.0159,"milligramsPerLiter",2.8,,0,"formatChange","GOOD"
"6c7e5e99-4097-48fa-9721-c92ad6e0527f","D08","MAYF","MAYF.AOS.groundwater.well.008","MAYF.W8.20180314.PCN",,"2018-03-14T18:20Z","2018-03-14T18:20Z","EcoCore_CSU","TPN",0.0626,"milligram",2.8,,0,"formatChange","GOOD"
"d8f43503-1cd4-4f4d-ac44-19077ddcaea7","D08","MAYF","MAYF.AOS.groundwater.well.008","MAYF.W8.20180314.RAW",,"2018-03-14T18:20Z","2018-03-14T18:20Z","EcoCore_CSU","TOC",3.6490,"milligramsPerLiter",2.8,,0,"formatChange","GOOD"
"4c7f405f-0712-4105-aaea-223e4a8b0ca3","D08","MAYF","MAYF.AOS.groundwater.well.008","MAYF.W8.20180314.FIL",,"2018-03-14T18:20Z","2018-03-14T18:20Z","EcoCore_CSU","HCO3",14.2800,"milligramsPerLiter",2.8,,0,"formatChange","GOOD"
"3df11218-97d9-4eb1-a7bf-031e5577cd6a","D08","MAYF","MAYF.AOS.groundwater.well.008","MAYF.W8.20180314.FIL",,"2018-03-14T18:20Z","2018-03-14T18:20Z","EcoCore_CSU","TDP",0.0030,"milligramsPerLiter",2.8,,0,"formatChange","GOOD"
"7d059c5f-77ec-4893-84f2-81cf0411e8ac","D08","MAYF","MAYF.AOS.groundwater.well.008","MAYF.W8.20180314.FIL",,"2018-03-14T18:20Z","2018-03-14T18:20Z","EcoCore_CSU","DIC",4.6870,"milligramsPerLiter",2.8,,0,"formatChange","GOOD"
"2683994a-e25d-4a68-bc06-eda1561a35de","D08","MAYF","MAYF.AOS.groundwater.well.008","MAYF.W8.20180314.RAW",,"2018-03-14T18:20Z","2018-03-14T18:20Z","EcoCore_CSU","TP",0.0100,"milligramsPerLiter",2.8,,0,"formatChange","GOOD"
"561b0012-ef3e-4fca-be49-e078a2efccf7","D08","MAYF","MAYF.AOS.groundwater.well.008","MAYF.W8.20180314.FIL",,"2018-03-14T18:20Z","2018-03-14T18:20Z","EcoCore_CSU","TDN",-0.0544,"milligramsPerLiter",2.8,,0,"formatChange","GOOD"
"fdc7122e-b55c-4936-aac5-69f7155da5ff","D08","MAYF","MAYF.AOS.groundwater.well.008","MAYF.W8.20180314.RAW",,"2018-03-14T18:20Z","2018-03-14T18:20Z","EcoCore_CSU","TSS",150.0000,"milligramsPerLiter",2.8,,0,"formatChange","GOOD"
"1eb7b75d-75a1-4eea-b8d0-cfe3642d0643","D08","MAYF","MAYF.AOS.groundwater.well.008","MAYF.W8.20180314.FIL",,"2018-03-14T18:20Z","2018-03-14T18:20Z","EcoCore_CSU","F",0.0050,"milligramsPerLiter",2.8,,0,"formatChange","GOOD"
"462a5294-98be-4e81-8005-107ab6922ec2","D08","MAYF","MAYF.AOS.groundwater.well.008","MAYF.W8.20180314.FIL",,"2018-03-14T18:20Z","2018-03-14T18:20Z","EcoCore_CSU","Cl",5.9900,"milligramsPerLiter",2.8,,0,"formatChange","GOOD"
"81646d73-7fcb-4ea6-9931-c69aaebcdfc2","D08","MAYF","MAYF.AOS.groundwater.well.008","MAYF.W8.20180314.FIL",,"2018-03-14T18:20Z","2018-03-14T18:20Z","EcoCore_CSU","Mn",0.0420,"milligramsPerLiter",2.8,,0,"formatChange","GOOD"
"14a3504d-4c1c-46f4-91e1-49d89f4b4117","D08","MAYF","MAYF.AOS.groundwater.well.008","MAYF.W8.20180314.FIL",,"2018-03-14T18:20Z","2018-03-14T18:20Z","EcoCore_CSU","UV Absorbance (280 nm)",0.0253,,2.8,,0,"formatChange","GOOD"
"23d591bb-4320-4b63-a85b-abd18b4d4114","D08","MAYF","MAYF.AOS.groundwater.well.008","MAYF.W8.20180314.FIL",,"2018-03-14T18:20Z","2018-03-14T18:20Z","EcoCore_CSU","Si",5.7000,"milligramsPerLiter",2.8,,0,"formatChange","GOOD"
"1328bba9-ab03-49f7-88de-3a586884d06e","D08","MAYF","MAYF.AOS.groundwater.well.008","MAYF.W8.20180314.FIL",,"2018-03-14T18:20Z","2018-03-14T18:20Z","EcoCore_CSU","TDS",16.5400,"milligramsPerLiter",2.8,,0,"formatChange","GOOD"
"741c9914-9cfd-4c31-8278-00424ea355af","D08","MAYF","MAYF.AOS.groundwater.well.008","MAYF.W8.20180314.FIL",,"2018-03-14T18:20Z","2018-03-14T18:20Z","EcoCore_CSU","Ca",2.5640,"milligramsPerLiter",2.8,,0,"formatChange","GOOD"
"bd3a1bc3-dcef-4e9b-9130-aff4e7965d48","D08","MAYF","MAYF.AOS.groundwater.well.008","MAYF.W8.20180314.FIL",,"2018-03-14T18:20Z","2018-03-14T18:20Z","EcoCore_CSU","NH4 - N",-0.0018,"milligramsPerLiter",2.8,,0,"formatChange","GOOD"
"c829e115-3d5a-4aea-99fb-b93fbc1563e6","D08","MAYF","MAYF.AOS.groundwater.well.008","MAYF.W8.20180314.RAW",,"2018-03-14T18:20Z","2018-03-14T18:20Z","EcoCore_CSU","pH",4.5700,"pH",2.8,,0,"formatChange","GOOD"
"7e9687ba-b387-420b-a582-7f4d91d59f2a","D08","MAYF","MAYF.AOS.groundwater.well.008","MAYF.W8.20180314.FIL",,"2018-03-14T18:20Z","2018-03-14T18:20Z","EcoCore_CSU","SO4",1.2100,"milligramsPerLiter",2.8,,0,"formatChange","GOOD"
"49494f47-27f9-4ac8-bf2d-d33f60a26cd4","D08","MAYF","MAYF.AOS.groundwater.well.008","MAYF.W8.20180314.FIL",,"2018-03-14T18:20Z","2018-03-14T18:20Z","EcoCore_CSU","Br",0.0050,"milligramsPerLiter",2.8,,0,"formatChange","GOOD"
"a391f8ea-407c-4427-9cbe-410c4d0e9bdb","D08","MAYF","MAYF.AOS.groundwater.well.008","MAYF.W8.20180314.FIL",,"2018-03-14T18:20Z","2018-03-14T18:20Z","EcoCore_CSU","Na",2.2470,"milligramsPerLiter",2.8,,0,"formatChange","GOOD"
"4366310a-b95f-4ee4-856c-a708613a9fe3","D08","MAYF","MAYF.AOS.groundwater.well.008","MAYF.W8.20180314.RAW",,"2018-03-14T18:20Z","2018-03-14T18:20Z","EcoCore_CSU","TSS - Dry Mass",7500.0000,"microgram",2.8,,0,"formatChange","GOOD"
"58549cbf-b603-48fe-8eb4-3d6ed10bcaef","D08","MAYF","MAYF.AOS.groundwater.well.008","MAYF.W8.20180314.RAW",,"2018-03-14T18:20Z","2018-03-14T18:20Z","EcoCore_CSU","ANC",0.2800,"milliequivalentsPerLiter",2.8,,0,"formatChange","GOOD"
"6b42826e-135e-4ca1-ac4f-3db0b045c5f4","D08","MAYF","MAYF.AOS.groundwater.well.008","MAYF.W8.20180314.FIL",,"2018-03-14T18:20Z","2018-03-14T18:20Z","EcoCore_CSU","DOC",1.4680,"milligramsPerLiter",2.8,,0,"formatChange","GOOD"
"839e9ab8-7b39-41a2-b212-fafe9b7ece29","D08","MAYF","MAYF.AOS.groundwater.well.008","MAYF.W8.20180314.FIL",,"2018-03-14T18:20Z","2018-03-14T18:20Z","EcoCore_CSU","NO3+NO2 - N",0.0038,"milligramsPerLiter",2.8,,0,"formatChange","GOOD"
"39ee6c99-9483-49f1-9e22-ea910c72ca6a","D08","MAYF","MAYF.AOS.groundwater.well.008","MAYF.W8.20180314.FIL",,"2018-03-14T18:20Z","2018-03-14T18:20Z","EcoCore_CSU","CO3",0.0050,"milligramsPerLiter",2.8,,0,"formatChange","GOOD"
"429194d0-7ee5-4555-82a2-773795b78164","D08","MAYF","MAYF.AOS.groundwater.well.008","MAYF.W8.20180314.FIL",,"2018-03-14T18:20Z","2018-03-14T18:20Z","EcoCore_CSU","Mg",2.4510,"milligramsPerLiter",2.8,,0,"formatChange","GOOD"
"2e10c411-0d78-425c-9cfb-4f412393ea2f","D08","MAYF","MAYF.AOS.groundwater.well.008","MAYF.W8.20180314.FIL",,"2018-03-14T18:20Z","2018-03-14T18:20Z","EcoCore_CSU","Ortho - P",0.1190,"milligramsPerLiter",2.8,,0,"formatChange","GOOD"
