uid,domainID,siteID,namedLocation,collectDate,parentSampleID,sampleCondition,sampleID,replicateNumber,gwwDICBubbleFree,gwwFiltSampleHeadspace,gwwAlkSampleHeadspace,gwwAlkSampleBubbleFree,processedDate,processedDateFilters,sampleVolumeFiltered,shipmentTimeRange
"6655aaab-856e-4746-a952-8818cc2acc8c","D08","MAYF","MAYF.AOS.groundwater.well.001","2018-03-14T15:54Z","MAYF.W1.20180314","Sample condition ok","MAYF.W1.20180314",1,,,,,"2018-03-14T15:54Z","2018-03-14T15:54Z",50.0,
"8b20dd2d-6c52-4cd4-8e88-f04f723254c1","D08","MAYF","MAYF.AOS.groundwater.well.002","2018-03-14T16:35Z","MAYF.W2.20180314","Sample condition ok","MAYF.W2.20180314",1,,,,,"2018-03-14T16:35Z","2018-03-14T16:35Z",50.0,
"81e56e81-433f-4808-bc6a-46fb543b183b","D08","MAYF","MAYF.AOS.groundwater.well.007","2018-03-14T17:38Z","MAYF.W7.20180314","Sample condition ok","MAYF.W7.20180314",1,,,,,"2018-03-14T17:38Z","2018-03-14T17:38Z",50.0,
"e956c38f-acb1-4419-9958-383012317f25","D08","MAYF","MAYF.AOS.groundwater.well.008","2018-03-14T18:20Z","MAYF.W8.20180314","Sample condition ok","MAYF.W8.20180314",1,,,,,"2018-03-14T18:20Z","2018-03-14T18:20Z",50.0,
