uid,domainID,siteID,namedLocation,decimalLatitude,decimalLongitude,coordinateUncertainty,elevation,elevationUncertainty,geodeticDatum,collectDate,aquaticSiteType,samplingImpractical,waterChemSamplesCollected,adequateSampleVol,parentSampleID,eventID,swcSamplingProtocolVersion,sampleExtractionMethod,samplerType,totalWellDepth,wellWaterDepth,waterColumnHeight,sampleDepth,purgeAverageDischargeRate,purgeTime,gwWellStabilized,purgeDryDateTime,pumpPlacementDate,screenedIntervalDepth,maxAllowableDrawdown,actualDrawdown,MADExceeded,wellVolumePurged,probeIDUnavailable,dissolvedOxygen,dissolvedOxygenSaturation,specificConductance,waterTemp,pH,waterClarityDescrip,waterColorDescrip,aCollectedBy,bCollectedBy,remarks
"c2798886-2856-4ed4-be08-ceecf1a0225d","D08","MAYF","MAYF.AOS.groundwater.well.001",32.960476,-87.407716,0.1,72.4,0.1,"WGS84","2018-03-14T15:54Z","stream",,,,"MAYF.W1.20180314","MAYF.20180314","NEON.DOC.002905vE","low-flow","Groundwater Pump",3.6,2.0,1.6,3.0,,,,,,,,,,3.7,,3.61,35.40,27.80,13.80,,"cloudy","brown","jgalloway@battelleecology.org","churak@battelleecology.org",
"029aa39a-01f8-48a4-93c1-45d7d0633c25","D08","MAYF","MAYF.AOS.groundwater.well.002",32.960468,-87.407905,0.1,73.7,0.1,"WGS84","2018-03-14T16:35Z","stream",,,,"MAYF.W2.20180314","MAYF.20180314","NEON.DOC.002905vE","low-flow","Groundwater Pump",3.8,1.8,2.0,2.8,,,,,,,,,,4.6,,3.24,30.70,18.10,12.80,,"clear","colorless","churak@battelleecology.org","jgalloway@battelleecology.org",
"f5d638df-778f-44cc-b0ef-cd35b5a00a35","D08","MAYF","MAYF.AOS.groundwater.well.007",32.961682,-87.408335,0.1,74.7,0.1,"WGS84","2018-03-14T17:38Z","stream",,,,"MAYF.W7.20180314","MAYF.20180314","NEON.DOC.002905vE","low-flow","Groundwater Pump",4.4,2.7,1.7,3.7,,,,,,,,,,4.5,,4.47,44.10,25.30,15.60,,"clear","brown","churak@battelleecology.org","jgalloway@battelleecology.org",
"35f80643-2c29-46f9-b865-007053926479","D08","MAYF","MAYF.AOS.groundwater.well.008",32.961499,-87.408173,0.1,73.5,0.1,"WGS84","2018-03-14T18:20Z","stream",,,,"MAYF.W8.20180314","MAYF.20180314","NEON.DOC.002905vE","low-flow","Groundwater Pump",4.2,2.4,1.8,3.4,,,,,,,,,,3.2,,2.56,24.60,22.50,13.10,,"clear","brown","churak@battelleecology.org","jgalloway@battelleecology.org",
