uid,domainID,siteID,namedLocation,collectDate,titrationDate,parentSampleID,domainSampleID,remarks,measuredBy,alkMeqPerL,alkMgPerL,ancMeqPerL,ancMgPerL
"c425df6d-4db0-411c-ba51-7800e5b96467","D08","MAYF","MAYF.AOS.groundwater.well.001","2018-03-14T15:54Z","2018-03-15T12:22Z","MAYF.W1.20180314","MAYF.W1.20180314.ALK",,"Kiersten Miller",0.140,7.090,,
"ab50deea-9c20-4dde-9e9b-069bd2dd15bb","D08","MAYF","MAYF.AOS.groundwater.well.002","2018-03-14T16:35Z","2018-03-15T12:57Z","MAYF.W2.20180314","MAYF.W2.20180314.ALK",,"Kiersten Miller",0.020,1.180,,
"945fe45b-730b-4b35-9b37-43a64ef73f0a","D08","MAYF","MAYF.AOS.groundwater.well.007","2018-03-14T17:38Z","2018-03-15T13:15Z","MAYF.W7.20180314","MAYF.W7.20180314.ALK",,"Kiersten Miller",0.110,5.650,,
"cdfa4232-44ce-4e0d-9768-8abfc4b30871","D08","MAYF","MAYF.AOS.groundwater.well.008","2018-03-14T18:20Z","2018-03-15T13:34Z","MAYF.W8.20180314","MAYF.W8.20180314.ALK",,"Kiersten Miller",0.020,1.070,,
