uid,domainID,siteID,namedLocation,collectDate,parentSampleID,sampleCondition,sampleID,replicateNumber,gwwDICBubbleFree,gwwFiltSampleHeadspace,gwwAlkSampleHeadspace,gwwAlkSampleBubbleFree,processedDate,processedDateFilters,sampleVolumeFiltered,shipmentTimeRange
"57326f4c-e6e6-495d-b9c8-01e2cb793609","D13","COMO","COMO.AOS.groundwater.well.001","2019-05-28T16:45Z","COMO.W1.20190528","Sample condition ok","COMO.W1.20190528",1,,,,,"2019-05-28T16:45Z","2019-05-28T18:30Z",100.0,
"242eea92-3822-4127-a04f-073b5046b698","D13","COMO","COMO.AOS.groundwater.well.002","2019-05-28T18:10Z","COMO.W2.20190528","Sample condition ok","COMO.W2.20190528",1,,,,,"2019-05-28T18:10Z","2019-05-29T06:30Z",75.0,
"c986a5a8-a85c-48c5-9330-a202a1522b3f","D13","COMO","COMO.AOS.groundwater.well.003","2019-05-28T19:25Z","COMO.W3.20190528","Sample condition ok","COMO.W3.20190528",1,,,,,"2019-05-28T19:25Z","2019-05-29T21:45Z",20.0,
"73b9f516-9f90-48fe-a8bc-8bbd3df69f7c","D13","COMO","COMO.AOS.groundwater.well.004","2019-05-28T21:21Z","COMO.W4.20190528","Sample condition ok","COMO.W4.20190528",1,,,,,"2019-05-28T21:21Z","2019-05-29T22:21Z",50.0,
