uid,domainID,siteID,namedLocation,sampleID,sampleCode,startDate,collectDate,laboratoryName,analyte,analyteConcentration,analyteUnits,coolerTemp,remarks,shipmentWarmQF,externalLabDataQF,sampleCondition
"020551e5-f609-4da8-8ade-479d86a63ca3","D13","COMO","COMO.AOS.groundwater.well.001","COMO.W1.20190528.FIL","A00000090063","2019-05-28T16:45Z","2019-05-28T16:45Z","EcoCore_CSU","DIC",4.0380,"milligramsPerLiter",3.4,,0,"formatChange","GOOD"
"ed52a228-f391-4cef-b371-3ce7a26a00d0","D13","COMO","COMO.AOS.groundwater.well.001","COMO.W1.20190528.RAW","A00000090035","2019-05-28T16:45Z","2019-05-28T16:45Z","EcoCore_CSU","TSS - Dry Mass",4500.0000,"microgram",3.4,,0,"formatChange","GOOD"
"5e2ea409-ff59-4478-9244-896db78bb021","D13","COMO","COMO.AOS.groundwater.well.001","COMO.W1.20190528.RAW","A00000090035","2019-05-28T16:45Z","2019-05-28T16:45Z","EcoCore_CSU","TN",0.1881,"milligramsPerLiter",3.4,,0,"formatChange","GOOD"
"f191fc25-9f00-4a4d-ae6d-c80476aa3cf0","D13","COMO","COMO.AOS.groundwater.well.001","COMO.W1.20190528.FIL","A00000090063","2019-05-28T16:45Z","2019-05-28T16:45Z","EcoCore_CSU","UV Absorbance (280 nm)",0.1683,,3.4,,0,"formatChange","GOOD"
"00a27e0a-5d53-4ea2-9a2c-a627357404ef","D13","COMO","COMO.AOS.groundwater.well.001","COMO.W1.20190528.RAW","A00000090035","2019-05-28T16:45Z","2019-05-28T16:45Z","EcoCore_CSU","conductivity",20.0800,"microsiemensPerCentimeter",3.4,,0,"formatChange","GOOD"
"71d38682-d7e7-45bf-9758-3501a9245c02","D13","COMO","COMO.AOS.groundwater.well.001","COMO.W1.20190528.FIL","A00000090063","2019-05-28T16:45Z","2019-05-28T16:45Z","EcoCore_CSU","Na",0.8320,"milligramsPerLiter",3.4,,0,"formatChange","GOOD"
"c513044d-ccc9-4219-8865-36661ab0714b","D13","COMO","COMO.AOS.groundwater.well.001","COMO.W1.20190528.RAW","A00000090035","2019-05-28T16:45Z","2019-05-28T16:45Z","EcoCore_CSU","TSS",90.0000,"milligramsPerLiter",3.4,,0,"formatChange","GOOD"
"009c0031-37e3-4a28-87ff-fab8175d0c68","D13","COMO","COMO.AOS.groundwater.well.001","COMO.W1.20190528.FIL","A00000090063","2019-05-28T16:45Z","2019-05-28T16:45Z","EcoCore_CSU","F",0.0050,"milligramsPerLiter",3.4,,0,"formatChange","GOOD"
"fe14a3ce-cf74-4e3f-be48-3c0e80015d37","D13","COMO","COMO.AOS.groundwater.well.001","COMO.W1.20190528.RAW","A00000090035","2019-05-28T16:45Z","2019-05-28T16:45Z","EcoCore_CSU","ANC",0.0300,"milliequivalentsPerLiter",3.4,,0,"formatChange","GOOD"
"39de4e26-1eed-4db7-ac01-723a3010ea5f","D13","COMO","COMO.AOS.groundwater.well.001","COMO.W1.20190528.FIL","A00000090063","2019-05-28T16:45Z","2019-05-28T16:45Z","EcoCore_CSU","NH4 - N",0.1560,"milligramsPerLiter",3.4,,0,"formatChange","GOOD"
"0f7a513c-976a-4e1a-ab36-da828a654524","D13","COMO","COMO.AOS.groundwater.well.001","COMO.W1.20190528.FIL","A00000090063","2019-05-28T16:45Z","2019-05-28T16:45Z","EcoCore_CSU","CO3",0.0050,"milligramsPerLiter",3.4,,0,"formatChange","GOOD"
"0694d95d-23cd-4de3-a59c-3159e97ce09c","D13","COMO","COMO.AOS.groundwater.well.001","COMO.W1.20190528.FIL","A00000090063","2019-05-28T16:45Z","2019-05-28T16:45Z","EcoCore_CSU","K",0.2550,"milligramsPerLiter",3.4,,0,"formatChange","GOOD"
"b1ff5182-809c-40e0-9899-08b66696f702","D13","COMO","COMO.AOS.groundwater.well.001","COMO.W1.20190528.FIL","A00000090063","2019-05-28T16:45Z","2019-05-28T16:45Z","EcoCore_CSU","Mg",0.5570,"milligramsPerLiter",3.4,,0,"formatChange","GOOD"
"125f094a-34bd-44eb-87b3-be321d8089f1","D13","COMO","COMO.AOS.groundwater.well.001","COMO.W1.20190528.FIL","A00000090063","2019-05-28T16:45Z","2019-05-28T16:45Z","EcoCore_CSU","NO2 - N",-0.0021,"milligramsPerLiter",3.4,,0,"formatChange","GOOD"
"e6efb325-acc0-4f55-be7c-8ad0084318ea","D13","COMO","COMO.AOS.groundwater.well.001","COMO.W1.20190528.FIL","A00000090063","2019-05-28T16:45Z","2019-05-28T16:45Z","EcoCore_CSU","DOC",5.6250,"milligramsPerLiter",3.4,,0,"formatChange","GOOD"
"bb4c17bc-e0e7-41c3-9a6d-372a21b6a529","D13","COMO","COMO.AOS.groundwater.well.001","COMO.W1.20190528.FIL","A00000090063","2019-05-28T16:45Z","2019-05-28T16:45Z","EcoCore_CSU","HCO3",1.1400,"milligramsPerLiter",3.4,,0,"formatChange","GOOD"
"9d86729c-c5a4-442a-92a2-8edc5bcd3968","D13","COMO","COMO.AOS.groundwater.well.001","COMO.W1.20190528.FIL","A00000090063","2019-05-28T16:45Z","2019-05-28T16:45Z","EcoCore_CSU","UV Absorbance (250 nm)",0.2411,,3.4,,0,"formatChange","GOOD"
"67d39e08-d488-45c7-b20e-6886c5667d4c","D13","COMO","COMO.AOS.groundwater.well.001","COMO.W1.20190528.PCN","A00000089999","2019-05-28T16:45Z","2019-05-28T16:45Z","EcoCore_CSU","TPC",0.3186,"milligram",3.4,,0,"formatChange","GOOD"
"eb89cbbd-6894-4af2-9dd4-d0c85625f6af","D13","COMO","COMO.AOS.groundwater.well.001","COMO.W1.20190528.FIL","A00000090063","2019-05-28T16:45Z","2019-05-28T16:45Z","EcoCore_CSU","NO3+NO2 - N",0.0360,"milligramsPerLiter",3.4,,0,"formatChange","GOOD"
"77d440bb-f94d-4fa5-99bb-0d6f7ba24340","D13","COMO","COMO.AOS.groundwater.well.001","COMO.W1.20190528.FIL","A00000090063","2019-05-28T16:45Z","2019-05-28T16:45Z","EcoCore_CSU","Ortho - P",0.0440,"milligramsPerLiter",3.4,,0,"formatChange","GOOD"
"9096ba8a-e408-4067-8243-d38f1a7223e2","D13","COMO","COMO.AOS.groundwater.well.001","COMO.W1.20190528.FIL","A00000090063","2019-05-28T16:45Z","2019-05-28T16:45Z","EcoCore_CSU","Si",4.8811,"milligramsPerLiter",3.4,,0,"formatChange","GOOD"
"be04d16d-0256-474f-bab6-43a043536346","D13","COMO","COMO.AOS.groundwater.well.001","COMO.W1.20190528.PCN","A00000089999","2019-05-28T16:45Z","2019-05-28T16:45Z","EcoCore_CSU","TPN",0.1252,"milligram",3.4,,0,"formatChange","GOOD"
"9c7f27a4-62c2-43c7-bbae-ae4a76f2a859","D13","COMO","COMO.AOS.groundwater.well.001","COMO.W1.20190528.RAW","A00000090035","2019-05-28T16:45Z","2019-05-28T16:45Z","EcoCore_CSU","pH",6.3300,"pH",3.4,,0,"formatChange","GOOD"
"ebed8f01-0f52-4b82-8293-bb332ab8a0bf","D13","COMO","COMO.AOS.groundwater.well.001","COMO.W1.20190528.FIL","A00000090063","2019-05-28T16:45Z","2019-05-28T16:45Z","EcoCore_CSU","Mn",0.0670,"milligramsPerLiter",3.4,,0,"formatChange","GOOD"
"4727c871-5616-422e-a6aa-0882dc7dd7a7","D13","COMO","COMO.AOS.groundwater.well.001","COMO.W1.20190528.FIL","A00000090063","2019-05-28T16:45Z","2019-05-28T16:45Z","EcoCore_CSU","Br",0.0050,"milligramsPerLiter",3.4,,0,"formatChange","GOOD"
"98a5f86b-a501-4b67-a087-b3ea3713eb3a","D13","COMO","COMO.AOS.groundwater.well.001","COMO.W1.20190528.FIL","A00000090063","2019-05-28T16:45Z","2019-05-28T16:45Z","EcoCore_CSU","Ca",2.0315,"milligramsPerLiter",3.4,,0,"formatChange","GOOD"
"b47e1224-dfeb-4b57-ba80-6c8bd4f7b213","D13","COMO","COMO.AOS.groundwater.well.001","COMO.W1.20190528.FIL","A00000090063","2019-05-28T16:45Z","2019-05-28T16:45Z","EcoCore_CSU","TDN",0.1595,"milligramsPerLiter",3.4,,0,"formatChange","GOOD"
"5fedfb5a-7b44-4c97-ab85-2fe4fca2d7f1","D13","COMO","COMO.AOS.groundwater.well.001","COMO.W1.20190528.FIL","A00000090063","2019-05-28T16:45Z","2019-05-28T16:45Z","EcoCore_CSU","Cl",1.6500,"milligramsPerLiter",3.4,,0,"formatChange","GOOD"
"cda9d4d2-34e4-45c6-96e3-62016dce35d2","D13","COMO","COMO.AOS.groundwater.well.001","COMO.W1.20190528.FIL","A00000090063","2019-05-28T16:45Z","2019-05-28T16:45Z","EcoCore_CSU","Fe",0.3811,"milligramsPerLiter",3.4,,0,"formatChange","GOOD"
"581adae9-6743-4b4a-b3fc-f618e7ff12bd","D13","COMO","COMO.AOS.groundwater.well.001","COMO.W1.20190528.FIL","A00000090063","2019-05-28T16:45Z","2019-05-28T16:45Z","EcoCore_CSU","TDS",14.9400,"milligramsPerLiter",3.4,,0,"formatChange","GOOD"
"c2c1ceed-ea49-4551-a682-a68667afa5f7","D13","COMO","COMO.AOS.groundwater.well.001","COMO.W1.20190528.RAW","A00000090035","2019-05-28T16:45Z","2019-05-28T16:45Z","EcoCore_CSU","TOC",6.0080,"milligramsPerLiter",3.4,,0,"formatChange","GOOD"
"5d4f5df4-762b-48dd-8676-355e2ed21798","D13","COMO","COMO.AOS.groundwater.well.001","COMO.W1.20190528.RAW","A00000090035","2019-05-28T16:45Z","2019-05-28T16:45Z","EcoCore_CSU","TP",0.1767,"milligramsPerLiter",3.4,,0,"formatChange","GOOD"
"e723d4b4-d6f5-47e6-b23d-72f980bbeeca","D13","COMO","COMO.AOS.groundwater.well.001","COMO.W1.20190528.FIL","A00000090063","2019-05-28T16:45Z","2019-05-28T16:45Z","EcoCore_CSU","TDP",0.0005,"milligramsPerLiter",3.4,,0,"formatChange","GOOD"
"bb8eb7e2-5c20-4714-824a-0c07996a3a09","D13","COMO","COMO.AOS.groundwater.well.001","COMO.W1.20190528.FIL","A00000090063","2019-05-28T16:45Z","2019-05-28T16:45Z","EcoCore_CSU","SO4",5.9400,"milligramsPerLiter",3.4,,0,"formatChange","GOOD"
"d6cd81a3-c758-400d-b122-5589ea712e4b","D13","COMO","COMO.AOS.groundwater.well.002","COMO.W2.20190528.PCN","A00000090000","2019-05-28T18:10Z","2019-05-28T18:10Z","EcoCore_CSU","TPC",0.2884,"milligram",3.4,,0,"formatChange","GOOD"
"8c92fb26-f348-4b78-a458-d0b29aa45d61","D13","COMO","COMO.AOS.groundwater.well.002","COMO.W2.20190528.RAW","A00000090056","2019-05-28T18:10Z","2019-05-28T18:10Z","EcoCore_CSU","ANC",0.0900,"milliequivalentsPerLiter",3.4,,0,"formatChange","GOOD"
"7c34a6af-3019-42d2-9516-539e072525f6","D13","COMO","COMO.AOS.groundwater.well.002","COMO.W2.20190528.RAW","A00000090056","2019-05-28T18:10Z","2019-05-28T18:10Z","EcoCore_CSU","TOC",6.0270,"milligramsPerLiter",3.4,,0,"formatChange","GOOD"
"05adb27b-291e-49e4-9e50-d66befab8042","D13","COMO","COMO.AOS.groundwater.well.002","COMO.W2.20190528.FIL","A00000090057","2019-05-28T18:10Z","2019-05-28T18:10Z","EcoCore_CSU","DIC",4.0930,"milligramsPerLiter",3.4,,0,"formatChange","GOOD"
"3a73ca66-4163-4f41-b0dc-361a919b3948","D13","COMO","COMO.AOS.groundwater.well.002","COMO.W2.20190528.FIL","A00000090057","2019-05-28T18:10Z","2019-05-28T18:10Z","EcoCore_CSU","Ortho - P",0.0480,"milligramsPerLiter",3.4,,0,"formatChange","GOOD"
"aa79719c-fa99-4583-b6e1-f76b9c161ee3","D13","COMO","COMO.AOS.groundwater.well.002","COMO.W2.20190528.FIL","A00000090057","2019-05-28T18:10Z","2019-05-28T18:10Z","EcoCore_CSU","UV Absorbance (250 nm)",0.2400,,3.4,,0,"formatChange","GOOD"
"69cc0589-3fc8-4c8d-88c1-5cff5becff63","D13","COMO","COMO.AOS.groundwater.well.002","COMO.W2.20190528.FIL","A00000090057","2019-05-28T18:10Z","2019-05-28T18:10Z","EcoCore_CSU","HCO3",4.7500,"milligramsPerLiter",3.4,,0,"formatChange","GOOD"
"55286653-0422-4f49-832e-88b576982e9a","D13","COMO","COMO.AOS.groundwater.well.002","COMO.W2.20190528.FIL","A00000090057","2019-05-28T18:10Z","2019-05-28T18:10Z","EcoCore_CSU","TDP",0.0170,"milligramsPerLiter",3.4,,0,"formatChange","GOOD"
"0b49e8ce-9973-45de-a6e7-5837872ce0ad","D13","COMO","COMO.AOS.groundwater.well.002","COMO.W2.20190528.FIL","A00000090057","2019-05-28T18:10Z","2019-05-28T18:10Z","EcoCore_CSU","NO3+NO2 - N",0.0086,"milligramsPerLiter",3.4,,0,"formatChange","GOOD"
"2c476b8e-0105-416d-b5bf-c9526fdd7bae","D13","COMO","COMO.AOS.groundwater.well.002","COMO.W2.20190528.FIL","A00000090057","2019-05-28T18:10Z","2019-05-28T18:10Z","EcoCore_CSU","Mg",0.9590,"milligramsPerLiter",3.4,,0,"formatChange","GOOD"
"7fc5d0f4-4649-4515-bf67-41bcd3e46160","D13","COMO","COMO.AOS.groundwater.well.002","COMO.W2.20190528.FIL","A00000090057","2019-05-28T18:10Z","2019-05-28T18:10Z","EcoCore_CSU","Cl",1.6400,"milligramsPerLiter",3.4,,0,"formatChange","GOOD"
"406762f4-248b-4463-a5bd-ea42f158fdc6","D13","COMO","COMO.AOS.groundwater.well.002","COMO.W2.20190528.FIL","A00000090057","2019-05-28T18:10Z","2019-05-28T18:10Z","EcoCore_CSU","Br",0.0050,"milligramsPerLiter",3.4,,0,"formatChange","GOOD"
"0206c453-4acd-4e61-89dc-1762a6ea17f2","D13","COMO","COMO.AOS.groundwater.well.002","COMO.W2.20190528.RAW","A00000090056","2019-05-28T18:10Z","2019-05-28T18:10Z","EcoCore_CSU","conductivity",26.0800,"microsiemensPerCentimeter",3.4,,0,"formatChange","GOOD"
"d2f2f062-9ac3-4e7f-b6f0-b3fc4308559a","D13","COMO","COMO.AOS.groundwater.well.002","COMO.W2.20190528.FIL","A00000090057","2019-05-28T18:10Z","2019-05-28T18:10Z","EcoCore_CSU","Fe",0.7877,"milligramsPerLiter",3.4,,0,"formatChange","GOOD"
"aa7a1bfd-8e50-4d5a-9c87-eb8966455c16","D13","COMO","COMO.AOS.groundwater.well.002","COMO.W2.20190528.RAW","A00000090056","2019-05-28T18:10Z","2019-05-28T18:10Z","EcoCore_CSU","TSS - Dry Mass",21300.0000,"microgram",3.4,,0,"formatChange","GOOD"
"c1d37ab1-ed9e-482f-af2a-f65c36fd13e4","D13","COMO","COMO.AOS.groundwater.well.002","COMO.W2.20190528.FIL","A00000090057","2019-05-28T18:10Z","2019-05-28T18:10Z","EcoCore_CSU","SO4",6.5100,"milligramsPerLiter",3.4,,0,"formatChange","GOOD"
"6a1d16eb-5d2b-4f7e-b534-bb49d0a4c7e1","D13","COMO","COMO.AOS.groundwater.well.002","COMO.W2.20190528.FIL","A00000090057","2019-05-28T18:10Z","2019-05-28T18:10Z","EcoCore_CSU","CO3",0.0050,"milligramsPerLiter",3.4,,0,"formatChange","GOOD"
"dfa51897-0422-4dbf-afad-e8a57f6b51df","D13","COMO","COMO.AOS.groundwater.well.002","COMO.W2.20190528.RAW","A00000090056","2019-05-28T18:10Z","2019-05-28T18:10Z","EcoCore_CSU","pH",6.1800,"pH",3.4,,0,"formatChange","GOOD"
"7c8917f6-ddaa-4548-8b99-713a55c50710","D13","COMO","COMO.AOS.groundwater.well.002","COMO.W2.20190528.RAW","A00000090056","2019-05-28T18:10Z","2019-05-28T18:10Z","EcoCore_CSU","TSS",426.0000,"milligramsPerLiter",3.4,,0,"formatChange","GOOD"
"636b9e98-affe-4f1c-ae3d-7de9011be989","D13","COMO","COMO.AOS.groundwater.well.002","COMO.W2.20190528.FIL","A00000090057","2019-05-28T18:10Z","2019-05-28T18:10Z","EcoCore_CSU","F",0.0050,"milligramsPerLiter",3.4,,0,"formatChange","GOOD"
"4b212708-f782-47ae-946a-9ee95499d475","D13","COMO","COMO.AOS.groundwater.well.002","COMO.W2.20190528.FIL","A00000090057","2019-05-28T18:10Z","2019-05-28T18:10Z","EcoCore_CSU","TDS",18.2400,"milligramsPerLiter",3.4,,0,"formatChange","GOOD"
"96967aea-c418-4e46-83ec-cf0bb5c0ba53","D13","COMO","COMO.AOS.groundwater.well.002","COMO.W2.20190528.FIL","A00000090057","2019-05-28T18:10Z","2019-05-28T18:10Z","EcoCore_CSU","DOC",4.9500,"milligramsPerLiter",3.4,,0,"formatChange","GOOD"
"fe7038d2-6f0c-4597-8ed7-62c425921b32","D13","COMO","COMO.AOS.groundwater.well.002","COMO.W2.20190528.FIL","A00000090057","2019-05-28T18:10Z","2019-05-28T18:10Z","EcoCore_CSU","TDN",0.1821,"milligramsPerLiter",3.4,,0,"formatChange","GOOD"
"f99703d4-4b8e-4899-880e-ff67a1874533","D13","COMO","COMO.AOS.groundwater.well.002","COMO.W2.20190528.FIL","A00000090057","2019-05-28T18:10Z","2019-05-28T18:10Z","EcoCore_CSU","UV Absorbance (280 nm)",0.1739,,3.4,,0,"formatChange","GOOD"
"61810382-5bd6-47b8-b2f7-9daa79f6b619","D13","COMO","COMO.AOS.groundwater.well.002","COMO.W2.20190528.FIL","A00000090057","2019-05-28T18:10Z","2019-05-28T18:10Z","EcoCore_CSU","NH4 - N",0.0601,"milligramsPerLiter",3.4,,0,"formatChange","GOOD"
"ac203e4f-4ea1-44bf-ba3c-7ce92f27c7d5","D13","COMO","COMO.AOS.groundwater.well.002","COMO.W2.20190528.FIL","A00000090057","2019-05-28T18:10Z","2019-05-28T18:10Z","EcoCore_CSU","NO2 - N",-0.0019,"milligramsPerLiter",3.4,,0,"formatChange","GOOD"
"a228567e-ec3b-4099-94c7-9c27f67a3ed8","D13","COMO","COMO.AOS.groundwater.well.002","COMO.W2.20190528.RAW","A00000090056","2019-05-28T18:10Z","2019-05-28T18:10Z","EcoCore_CSU","TN",0.2665,"milligramsPerLiter",3.4,,0,"formatChange","GOOD"
"b640cd1b-96b5-428e-875e-c6f6aa4397d3","D13","COMO","COMO.AOS.groundwater.well.002","COMO.W2.20190528.FIL","A00000090057","2019-05-28T18:10Z","2019-05-28T18:10Z","EcoCore_CSU","Mn",0.0380,"milligramsPerLiter",3.4,,0,"formatChange","GOOD"
"187782a0-49aa-4ebf-b774-3684b4d743de","D13","COMO","COMO.AOS.groundwater.well.002","COMO.W2.20190528.FIL","A00000090057","2019-05-28T18:10Z","2019-05-28T18:10Z","EcoCore_CSU","Si",6.9208,"milligramsPerLiter",3.4,,0,"formatChange","GOOD"
"8e694757-dba1-4c32-97c7-9e8b73b02c94","D13","COMO","COMO.AOS.groundwater.well.002","COMO.W2.20190528.PCN","A00000090000","2019-05-28T18:10Z","2019-05-28T18:10Z","EcoCore_CSU","TPN",0.0910,"milligram",3.4,,0,"formatChange","GOOD"
"f6244dbd-bb1f-4f3a-b629-61a39f41c678","D13","COMO","COMO.AOS.groundwater.well.002","COMO.W2.20190528.FIL","A00000090057","2019-05-28T18:10Z","2019-05-28T18:10Z","EcoCore_CSU","Na",0.9840,"milligramsPerLiter",3.4,,0,"formatChange","GOOD"
"189171d2-ca0e-431b-a360-24535894ac79","D13","COMO","COMO.AOS.groundwater.well.002","COMO.W2.20190528.FIL","A00000090057","2019-05-28T18:10Z","2019-05-28T18:10Z","EcoCore_CSU","Ca",2.5870,"milligramsPerLiter",3.4,,0,"formatChange","GOOD"
"a2dd5cf9-101b-4d5f-bc38-9dea72135dd9","D13","COMO","COMO.AOS.groundwater.well.002","COMO.W2.20190528.RAW","A00000090056","2019-05-28T18:10Z","2019-05-28T18:10Z","EcoCore_CSU","TP",0.4541,"milligramsPerLiter",3.4,,0,"formatChange","GOOD"
"f0e45019-e5f7-4d9c-a5ee-797e79df8d8f","D13","COMO","COMO.AOS.groundwater.well.002","COMO.W2.20190528.FIL","A00000090057","2019-05-28T18:10Z","2019-05-28T18:10Z","EcoCore_CSU","K",0.2580,"milligramsPerLiter",3.4,,0,"formatChange","GOOD"
"fca1cffd-72bc-4704-9085-98ccd2e7c1fe","D13","COMO","COMO.AOS.groundwater.well.003","COMO.W3.20190528.FIL","A00000090062","2019-05-28T19:25Z","2019-05-28T19:25Z","EcoCore_CSU","Ortho - P",0.0450,"milligramsPerLiter",3.4,,0,"formatChange","GOOD"
"478163f6-e15c-495c-b702-0add808dda88","D13","COMO","COMO.AOS.groundwater.well.003","COMO.W3.20190528.PCN","A00000090037","2019-05-28T19:25Z","2019-05-28T19:25Z","EcoCore_CSU","TPC",0.3125,"milligram",3.4,,0,"formatChange","GOOD"
"48d087b4-0242-40ae-b563-6092a9539cba","D13","COMO","COMO.AOS.groundwater.well.003","COMO.W3.20190528.FIL","A00000090062","2019-05-28T19:25Z","2019-05-28T19:25Z","EcoCore_CSU","TDN",0.2357,"milligramsPerLiter",3.4,,0,"formatChange","GOOD"
"da4f421a-5637-4953-aa1e-a5e85d52a42d","D13","COMO","COMO.AOS.groundwater.well.003","COMO.W3.20190528.RAW","A00000090058","2019-05-28T19:25Z","2019-05-28T19:25Z","EcoCore_CSU","TOC",6.6800,"milligramsPerLiter",3.4,,0,"formatChange","GOOD"
"01855a75-5a6e-48b1-b7e6-dfcdb27105fb","D13","COMO","COMO.AOS.groundwater.well.003","COMO.W3.20190528.PCN","A00000090037","2019-05-28T19:25Z","2019-05-28T19:25Z","EcoCore_CSU","TPN",0.0937,"milligram",3.4,,0,"formatChange","GOOD"
"69169663-9d3a-4e49-bde0-5898f91b1f44","D13","COMO","COMO.AOS.groundwater.well.003","COMO.W3.20190528.FIL","A00000090062","2019-05-28T19:25Z","2019-05-28T19:25Z","EcoCore_CSU","TDP",0.2184,"milligramsPerLiter",3.4,,0,"formatChange","GOOD"
"b24e0fdc-4c46-4733-ac9c-c0d715e3a912","D13","COMO","COMO.AOS.groundwater.well.003","COMO.W3.20190528.FIL","A00000090062","2019-05-28T19:25Z","2019-05-28T19:25Z","EcoCore_CSU","NO2 - N",-0.0017,"milligramsPerLiter",3.4,,0,"formatChange","GOOD"
"50898c2a-88ff-49a0-ab59-dea2ec5cb505","D13","COMO","COMO.AOS.groundwater.well.003","COMO.W3.20190528.FIL","A00000090062","2019-05-28T19:25Z","2019-05-28T19:25Z","EcoCore_CSU","SO4",25.7000,"milligramsPerLiter",3.4,,0,"formatChange","GOOD"
"245b6eb6-5a94-4c0e-a374-90b3e4fb139e","D13","COMO","COMO.AOS.groundwater.well.003","COMO.W3.20190528.FIL","A00000090062","2019-05-28T19:25Z","2019-05-28T19:25Z","EcoCore_CSU","CO3",0.0050,"milligramsPerLiter",3.4,,0,"formatChange","GOOD"
"a07ebaf9-54a8-4566-8122-4090275da47b","D13","COMO","COMO.AOS.groundwater.well.003","COMO.W3.20190528.FIL","A00000090062","2019-05-28T19:25Z","2019-05-28T19:25Z","EcoCore_CSU","DOC",4.7190,"milligramsPerLiter",3.4,,0,"formatChange","GOOD"
"fd7872a5-53f8-4a20-b05b-233efdfc7fb9","D13","COMO","COMO.AOS.groundwater.well.003","COMO.W3.20190528.FIL","A00000090062","2019-05-28T19:25Z","2019-05-28T19:25Z","EcoCore_CSU","K",1.1810,"milligramsPerLiter",3.4,,0,"formatChange","GOOD"
"515d7b50-8ed9-47ac-af9e-40fc96479b7b","D13","COMO","COMO.AOS.groundwater.well.003","COMO.W3.20190528.FIL","A00000090062","2019-05-28T19:25Z","2019-05-28T19:25Z","EcoCore_CSU","HCO3",19.8900,"milligramsPerLiter",3.4,,0,"formatChange","GOOD"
"6b281588-0213-4331-9703-67046051fd22","D13","COMO","COMO.AOS.groundwater.well.003","COMO.W3.20190528.FIL","A00000090062","2019-05-28T19:25Z","2019-05-28T19:25Z","EcoCore_CSU","DIC",10.9600,"milligramsPerLiter",3.4,,0,"formatChange","GOOD"
"e022b1f7-d30b-4b2c-a66c-ae4afcad7283","D13","COMO","COMO.AOS.groundwater.well.003","COMO.W3.20190528.FIL","A00000090062","2019-05-28T19:25Z","2019-05-28T19:25Z","EcoCore_CSU","Br",0.0050,"milligramsPerLiter",3.4,,0,"formatChange","GOOD"
"ae90446b-09a8-4b1f-81b1-ad14821886ff","D13","COMO","COMO.AOS.groundwater.well.003","COMO.W3.20190528.FIL","A00000090062","2019-05-28T19:25Z","2019-05-28T19:25Z","EcoCore_CSU","Mg",2.2820,"milligramsPerLiter",3.4,,0,"formatChange","GOOD"
"99e70429-9266-44f4-8fa6-e054fe39f2e0","D13","COMO","COMO.AOS.groundwater.well.003","COMO.W3.20190528.FIL","A00000090062","2019-05-28T19:25Z","2019-05-28T19:25Z","EcoCore_CSU","Fe",7.6001,"milligramsPerLiter",3.4,,0,"formatChange","GOOD"
"6154b586-c7f3-475e-a5df-1b3b03519c7d","D13","COMO","COMO.AOS.groundwater.well.003","COMO.W3.20190528.FIL","A00000090062","2019-05-28T19:25Z","2019-05-28T19:25Z","EcoCore_CSU","UV Absorbance (280 nm)",0.6552,,3.4,,0,"formatChange","GOOD"
"98ad295e-854c-4112-9f8c-a5f254b38ae9","D13","COMO","COMO.AOS.groundwater.well.003","COMO.W3.20190528.RAW","A00000090058","2019-05-28T19:25Z","2019-05-28T19:25Z","EcoCore_CSU","pH",6.5000,"pH",3.4,,0,"formatChange","GOOD"
"78f4af80-25bd-48c7-b8bf-f3f7c701cb4f","D13","COMO","COMO.AOS.groundwater.well.003","COMO.W3.20190528.FIL","A00000090062","2019-05-28T19:25Z","2019-05-28T19:25Z","EcoCore_CSU","NO3+NO2 - N",0.0118,"milligramsPerLiter",3.4,,0,"formatChange","GOOD"
"e9ef9e8f-6a07-4505-8966-c0eba4ea7507","D13","COMO","COMO.AOS.groundwater.well.003","COMO.W3.20190528.RAW","A00000090058","2019-05-28T19:25Z","2019-05-28T19:25Z","EcoCore_CSU","TP",0.3036,"milligramsPerLiter",3.4,,0,"formatChange","GOOD"
"3878f846-2b44-4274-ad4e-3f56b46358c6","D13","COMO","COMO.AOS.groundwater.well.003","COMO.W3.20190528.FIL","A00000090062","2019-05-28T19:25Z","2019-05-28T19:25Z","EcoCore_CSU","Na",9.6540,"milligramsPerLiter",3.4,,0,"formatChange","GOOD"
"a085960f-ed69-4d2e-b632-3a63b7c61978","D13","COMO","COMO.AOS.groundwater.well.003","COMO.W3.20190528.FIL","A00000090062","2019-05-28T19:25Z","2019-05-28T19:25Z","EcoCore_CSU","TDS",65.7700,"milligramsPerLiter",3.4,,0,"formatChange","GOOD"
"c3702e6a-b21a-43de-940a-d9ebff01284e","D13","COMO","COMO.AOS.groundwater.well.003","COMO.W3.20190528.FIL","A00000090062","2019-05-28T19:25Z","2019-05-28T19:25Z","EcoCore_CSU","Ca",5.3479,"milligramsPerLiter",3.4,,0,"formatChange","GOOD"
"5309ec83-7c75-4eaa-b74d-0024c3b798e1","D13","COMO","COMO.AOS.groundwater.well.003","COMO.W3.20190528.RAW","A00000090058","2019-05-28T19:25Z","2019-05-28T19:25Z","EcoCore_CSU","TSS",212.0000,"milligramsPerLiter",3.4,,0,"formatChange","GOOD"
"b0205177-77ae-4a35-93bd-2c645e346c15","D13","COMO","COMO.AOS.groundwater.well.003","COMO.W3.20190528.FIL","A00000090062","2019-05-28T19:25Z","2019-05-28T19:25Z","EcoCore_CSU","Mn",0.5600,"milligramsPerLiter",3.4,,0,"formatChange","GOOD"
"df4714e4-5e72-4a5a-88ba-3dc836f714b1","D13","COMO","COMO.AOS.groundwater.well.003","COMO.W3.20190528.FIL","A00000090062","2019-05-28T19:25Z","2019-05-28T19:25Z","EcoCore_CSU","Cl",1.4000,"milligramsPerLiter",3.4,,0,"formatChange","GOOD"
"a53bfbe9-b736-49d3-a477-2e3e57da8f31","D13","COMO","COMO.AOS.groundwater.well.003","COMO.W3.20190528.FIL","A00000090062","2019-05-28T19:25Z","2019-05-28T19:25Z","EcoCore_CSU","Si",29.1589,"milligramsPerLiter",3.4,,0,"formatChange","GOOD"
"cf74109f-9980-4111-bbf1-30ce90a2d432","D13","COMO","COMO.AOS.groundwater.well.003","COMO.W3.20190528.RAW","A00000090058","2019-05-28T19:25Z","2019-05-28T19:25Z","EcoCore_CSU","TSS - Dry Mass",10600.0000,"microgram",3.4,,0,"formatChange","GOOD"
"63788864-10c2-459a-8fa6-d8307f691685","D13","COMO","COMO.AOS.groundwater.well.003","COMO.W3.20190528.FIL","A00000090062","2019-05-28T19:25Z","2019-05-28T19:25Z","EcoCore_CSU","F",0.0050,"milligramsPerLiter",3.4,,0,"formatChange","GOOD"
"983f7049-e07b-4336-a896-fcd01cd2808e","D13","COMO","COMO.AOS.groundwater.well.003","COMO.W3.20190528.RAW","A00000090058","2019-05-28T19:25Z","2019-05-28T19:25Z","EcoCore_CSU","TN",0.3673,"milligramsPerLiter",3.4,,0,"formatChange","GOOD"
"3bad6924-21e7-48c1-81f6-1dd06d7220e4","D13","COMO","COMO.AOS.groundwater.well.003","COMO.W3.20190528.FIL","A00000090062","2019-05-28T19:25Z","2019-05-28T19:25Z","EcoCore_CSU","UV Absorbance (250 nm)",0.8594,,3.4,,0,"formatChange","GOOD"
"282f97c9-7afb-4013-aac8-6ccbcbf5987e","D13","COMO","COMO.AOS.groundwater.well.003","COMO.W3.20190528.RAW","A00000090058","2019-05-28T19:25Z","2019-05-28T19:25Z","EcoCore_CSU","conductivity",91.5400,"microsiemensPerCentimeter",3.4,,0,"formatChange","GOOD"
"dd15e1fb-15ec-4074-bca9-e819a1df5c6d","D13","COMO","COMO.AOS.groundwater.well.003","COMO.W3.20190528.FIL","A00000090062","2019-05-28T19:25Z","2019-05-28T19:25Z","EcoCore_CSU","NH4 - N",0.1307,"milligramsPerLiter",3.4,,0,"formatChange","GOOD"
"dc02c4fd-e80b-4eea-8a7b-d7eb4168ac5a","D13","COMO","COMO.AOS.groundwater.well.003","COMO.W3.20190528.RAW","A00000090058","2019-05-28T19:25Z","2019-05-28T19:25Z","EcoCore_CSU","ANC",0.4200,"milliequivalentsPerLiter",3.4,,0,"formatChange","GOOD"
"66328a62-4e25-4678-bda6-7732720ec7d4","D13","COMO","COMO.AOS.groundwater.well.004","COMO.W4.20190528.FIL","A00000090045","2019-05-28T21:21Z","2019-05-28T21:21Z","EcoCore_CSU","DOC",3.4690,"milligramsPerLiter",3.4,,0,"formatChange","GOOD"
"ba6b92ac-6663-4da7-834b-05e4a6ea6560","D13","COMO","COMO.AOS.groundwater.well.004","COMO.W4.20190528.RAW","A00000090007","2019-05-28T21:21Z","2019-05-28T21:21Z","EcoCore_CSU","TP",0.2951,"milligramsPerLiter",3.4,,0,"formatChange","GOOD"
"2b7a6346-5c0b-4f8a-b991-f10f9d264c30","D13","COMO","COMO.AOS.groundwater.well.004","COMO.W4.20190528.FIL","A00000090045","2019-05-28T21:21Z","2019-05-28T21:21Z","EcoCore_CSU","TDN",0.1075,"milligramsPerLiter",3.4,,0,"formatChange","GOOD"
"ff476fb7-9e21-40dd-a24f-e5678ce933fb","D13","COMO","COMO.AOS.groundwater.well.004","COMO.W4.20190528.FIL","A00000090045","2019-05-28T21:21Z","2019-05-28T21:21Z","EcoCore_CSU","Mg",0.9560,"milligramsPerLiter",3.4,,0,"formatChange","GOOD"
"d75803ed-96a7-4646-a6c9-2192c2e4c94e","D13","COMO","COMO.AOS.groundwater.well.004","COMO.W4.20190528.FIL","A00000090045","2019-05-28T21:21Z","2019-05-28T21:21Z","EcoCore_CSU","Fe",1.1427,"milligramsPerLiter",3.4,,0,"formatChange","GOOD"
"d1a3731b-9e87-48a2-a517-a0559b69cf9a","D13","COMO","COMO.AOS.groundwater.well.004","COMO.W4.20190528.FIL","A00000090045","2019-05-28T21:21Z","2019-05-28T21:21Z","EcoCore_CSU","Cl",0.1516,"milligramsPerLiter",3.4,,0,"formatChange","GOOD"
"d477dfdd-9cad-4897-a0d5-df0a65e7b94d","D13","COMO","COMO.AOS.groundwater.well.004","COMO.W4.20190528.FIL","A00000090045","2019-05-28T21:21Z","2019-05-28T21:21Z","EcoCore_CSU","CO3",0.0050,"milligramsPerLiter",3.4,,0,"formatChange","GOOD"
"6704c061-ec3f-4034-9645-65532e276549","D13","COMO","COMO.AOS.groundwater.well.004","COMO.W4.20190528.FIL","A00000090045","2019-05-28T21:21Z","2019-05-28T21:21Z","EcoCore_CSU","K",0.2080,"milligramsPerLiter",3.4,,0,"formatChange","GOOD"
"6094341e-8fa1-46b8-8156-53a503d10ee7","D13","COMO","COMO.AOS.groundwater.well.004","COMO.W4.20190528.PCN","A00000090038","2019-05-28T21:21Z","2019-05-28T21:21Z","EcoCore_CSU","TPC",0.2609,"milligram",3.4,,0,"formatChange","GOOD"
"25985e47-d7af-4e51-bf2f-8185bf39a188","D13","COMO","COMO.AOS.groundwater.well.004","COMO.W4.20190528.FIL","A00000090045","2019-05-28T21:21Z","2019-05-28T21:21Z","EcoCore_CSU","Ca",3.2390,"milligramsPerLiter",3.4,,0,"formatChange","GOOD"
"365bc409-d396-4924-9e6d-29bb04ccdccf","D13","COMO","COMO.AOS.groundwater.well.004","COMO.W4.20190528.FIL","A00000090045","2019-05-28T21:21Z","2019-05-28T21:21Z","EcoCore_CSU","HCO3",3.7400,"milligramsPerLiter",3.4,,0,"formatChange","GOOD"
"8dbbe977-0725-4e63-beda-799cca6e9eff","D13","COMO","COMO.AOS.groundwater.well.004","COMO.W4.20190528.FIL","A00000090045","2019-05-28T21:21Z","2019-05-28T21:21Z","EcoCore_CSU","NH4 - N",0.0495,"milligramsPerLiter",3.4,,0,"formatChange","GOOD"
"2f643489-95fb-4421-a01a-60df194221af","D13","COMO","COMO.AOS.groundwater.well.004","COMO.W4.20190528.FIL","A00000090045","2019-05-28T21:21Z","2019-05-28T21:21Z","EcoCore_CSU","SO4",12.3800,"milligramsPerLiter",3.4,,0,"formatChange","GOOD"
"6ed37453-035f-4510-8c71-8aa0f8eb95af","D13","COMO","COMO.AOS.groundwater.well.004","COMO.W4.20190528.FIL","A00000090045","2019-05-28T21:21Z","2019-05-28T21:21Z","EcoCore_CSU","TDS",24.5600,"milligramsPerLiter",3.4,,0,"formatChange","GOOD"
"e51f2fd4-e2b8-4506-8910-91e7359042b2","D13","COMO","COMO.AOS.groundwater.well.004","COMO.W4.20190528.RAW","A00000090007","2019-05-28T21:21Z","2019-05-28T21:21Z","EcoCore_CSU","pH",6.0700,"pH",3.4,,0,"formatChange","GOOD"
"199b49ab-563e-4015-9833-bbe2b44fdee1","D13","COMO","COMO.AOS.groundwater.well.004","COMO.W4.20190528.FIL","A00000090045","2019-05-28T21:21Z","2019-05-28T21:21Z","EcoCore_CSU","Br",0.0050,"milligramsPerLiter",3.4,,0,"formatChange","GOOD"
"ebfff415-feaf-4d71-a25c-682ee5279c3c","D13","COMO","COMO.AOS.groundwater.well.004","COMO.W4.20190528.FIL","A00000090045","2019-05-28T21:21Z","2019-05-28T21:21Z","EcoCore_CSU","UV Absorbance (280 nm)",0.1251,,3.4,,0,"formatChange","GOOD"
"6a92cbe0-1e9a-4c4f-b217-7af871b16813","D13","COMO","COMO.AOS.groundwater.well.004","COMO.W4.20190528.RAW","A00000090007","2019-05-28T21:21Z","2019-05-28T21:21Z","EcoCore_CSU","TSS - Dry Mass",3800.0000,"microgram",3.4,,0,"formatChange","GOOD"
"786ba1cb-1867-47c9-9d1f-515a3b3bec2e","D13","COMO","COMO.AOS.groundwater.well.004","COMO.W4.20190528.RAW","A00000090007","2019-05-28T21:21Z","2019-05-28T21:21Z","EcoCore_CSU","ANC",0.0700,"milliequivalentsPerLiter",3.4,,0,"formatChange","GOOD"
"4524ecc5-2788-44c4-aad1-8a842b1bc410","D13","COMO","COMO.AOS.groundwater.well.004","COMO.W4.20190528.RAW","A00000090007","2019-05-28T21:21Z","2019-05-28T21:21Z","EcoCore_CSU","conductivity",33.6300,"microsiemensPerCentimeter",3.4,,0,"formatChange","GOOD"
"690491da-6e42-48de-a81b-a44b6ed7ccf0","D13","COMO","COMO.AOS.groundwater.well.004","COMO.W4.20190528.PCN","A00000090038","2019-05-28T21:21Z","2019-05-28T21:21Z","EcoCore_CSU","TPN",0.1243,"milligram",3.4,,0,"formatChange","GOOD"
"8a7dec35-0c3c-44f4-8e2d-01fe64c4d04a","D13","COMO","COMO.AOS.groundwater.well.004","COMO.W4.20190528.FIL","A00000090045","2019-05-28T21:21Z","2019-05-28T21:21Z","EcoCore_CSU","TDP",0.0005,"milligramsPerLiter",3.4,,0,"formatChange","GOOD"
"bf6b43aa-f8b1-4bc2-bfb0-3499ecea9e64","D13","COMO","COMO.AOS.groundwater.well.004","COMO.W4.20190528.FIL","A00000090045","2019-05-28T21:21Z","2019-05-28T21:21Z","EcoCore_CSU","Mn",0.0050,"milligramsPerLiter",3.4,,0,"formatChange","GOOD"
"c4233bcb-3e2d-4f52-bc8a-0bc920cfeb22","D13","COMO","COMO.AOS.groundwater.well.004","COMO.W4.20190528.FIL","A00000090045","2019-05-28T21:21Z","2019-05-28T21:21Z","EcoCore_CSU","NO3+NO2 - N",0.0097,"milligramsPerLiter",3.4,,0,"formatChange","GOOD"
"4227c23f-5d8e-444f-9538-fdec64c8238f","D13","COMO","COMO.AOS.groundwater.well.004","COMO.W4.20190528.FIL","A00000090045","2019-05-28T21:21Z","2019-05-28T21:21Z","EcoCore_CSU","DIC",5.6750,"milligramsPerLiter",3.4,,0,"formatChange","GOOD"
"f4cab966-73c9-40a9-b7b6-b965cace3a32","D13","COMO","COMO.AOS.groundwater.well.004","COMO.W4.20190528.FIL","A00000090045","2019-05-28T21:21Z","2019-05-28T21:21Z","EcoCore_CSU","Si",7.6607,"milligramsPerLiter",3.4,,0,"formatChange","GOOD"
"68280dac-f817-4aef-827b-ae04a4472d4f","D13","COMO","COMO.AOS.groundwater.well.004","COMO.W4.20190528.RAW","A00000090007","2019-05-28T21:21Z","2019-05-28T21:21Z","EcoCore_CSU","TSS",76.0000,"milligramsPerLiter",3.4,,0,"formatChange","GOOD"
"2a7e158b-1690-4547-abf5-ba6902a67459","D13","COMO","COMO.AOS.groundwater.well.004","COMO.W4.20190528.RAW","A00000090007","2019-05-28T21:21Z","2019-05-28T21:21Z","EcoCore_CSU","TOC",5.1760,"milligramsPerLiter",3.4,,0,"formatChange","GOOD"
"130f7444-8b38-4e64-8b27-9dea8e4b69fa","D13","COMO","COMO.AOS.groundwater.well.004","COMO.W4.20190528.FIL","A00000090045","2019-05-28T21:21Z","2019-05-28T21:21Z","EcoCore_CSU","UV Absorbance (250 nm)",0.1811,,3.4,,0,"formatChange","GOOD"
"5256e6e8-c2e8-4145-b6ee-fab4d82aa9b6","D13","COMO","COMO.AOS.groundwater.well.004","COMO.W4.20190528.RAW","A00000090007","2019-05-28T21:21Z","2019-05-28T21:21Z","EcoCore_CSU","TN",0.2208,"milligramsPerLiter",3.4,,0,"formatChange","GOOD"
"94df0b10-cd79-4e40-b3fc-5545368f59b6","D13","COMO","COMO.AOS.groundwater.well.004","COMO.W4.20190528.FIL","A00000090045","2019-05-28T21:21Z","2019-05-28T21:21Z","EcoCore_CSU","Na",1.8270,"milligramsPerLiter",3.4,,0,"formatChange","GOOD"
"38356ddd-6595-4df0-954f-ada29b0ca1f1","D13","COMO","COMO.AOS.groundwater.well.004","COMO.W4.20190528.FIL","A00000090045","2019-05-28T21:21Z","2019-05-28T21:21Z","EcoCore_CSU","Ortho - P",0.0470,"milligramsPerLiter",3.4,,0,"formatChange","GOOD"
"5b640123-e7d2-4e8f-be5d-48b73df38c2e","D13","COMO","COMO.AOS.groundwater.well.004","COMO.W4.20190528.FIL","A00000090045","2019-05-28T21:21Z","2019-05-28T21:21Z","EcoCore_CSU","F",0.0050,"milligramsPerLiter",3.4,,0,"formatChange","GOOD"
"925ddfe9-aed1-4b7a-8894-59f93c1f6198","D13","COMO","COMO.AOS.groundwater.well.004","COMO.W4.20190528.FIL","A00000090045","2019-05-28T21:21Z","2019-05-28T21:21Z","EcoCore_CSU","NO2 - N",-0.0025,"milligramsPerLiter",3.4,,0,"formatChange","GOOD"
