uid,domainID,siteID,namedLocation,decimalLatitude,decimalLongitude,coordinateUncertainty,elevation,elevationUncertainty,geodeticDatum,collectDate,aquaticSiteType,samplingImpractical,waterChemSamplesCollected,adequateSampleVol,parentSampleID,eventID,swcSamplingProtocolVersion,sampleExtractionMethod,samplerType,totalWellDepth,wellWaterDepth,waterColumnHeight,sampleDepth,purgeAverageDischargeRate,purgeTime,gwWellStabilized,purgeDryDateTime,pumpPlacementDate,screenedIntervalDepth,maxAllowableDrawdown,actualDrawdown,MADExceeded,wellVolumePurged,probeIDUnavailable,dissolvedOxygen,dissolvedOxygenSaturation,specificConductance,waterTemp,pH,waterClarityDescrip,waterColorDescrip,aCollectedBy,bCollectedBy,remarks
"4060e107-7aff-4ed4-b14d-7325f47574b0","D13","COMO","COMO.AOS.groundwater.well.001",40.035039,-105.544811,0.1,3027.6,0.0,"WGS84","2019-05-28T16:45Z","stream",,,"Y","COMO.W1.20190528","COMO.20190528","NEON.DOC.002905vF","low-flow","Groundwater Pump",2.5,1.5,1.0,2.0,,,,,,,,,,4.6,,2.22,22.50,26.30,1.00,6.10,"cloudy","brown","0000-0002-5760-9269","0000-0001-7092-2850","W1 was very silty\ sediment covered the troll when pulled out"
"c25ae7c9-28b2-41ea-9975-6ca327adc2fc","D13","COMO","COMO.AOS.groundwater.well.002",40.035081,-105.545205,0.1,3029.5,0.0,"WGS84","2019-05-28T18:10Z","stream",,,"Y","COMO.W2.20190528","COMO.20190528","NEON.DOC.002905vF","low-flow","Groundwater Pump",2.3,1.3,1.0,1.8,,,,,,,,,,4.9,,5.42,55.40,29.50,1.40,6.02,"cloudy","gray","0000-0001-7092-2850","0000-0003-3415-3067",
"717e0fae-47dd-4e02-ba82-d545bd823e7c","D13","COMO","COMO.AOS.groundwater.well.003",40.034929,-105.544872,0.1,3027.6,0.0,"WGS84","2019-05-28T19:25Z","stream",,,"Y","COMO.W3.20190528","COMO.20190528","NEON.DOC.002905vF","low-flow","Groundwater Pump",1.9,1.1,0.8,1.4,,,,,,,,,,2.4,,1.21,12.10,81.20,1.20,6.40,"cloudy","gray","0000-0003-3415-3067","0000-0001-7092-2850","Fil sample had to lower 2 more cm to get enough water"
"6f9300c3-4b0f-4d35-bddd-0aecfe9f87e1","D13","COMO","COMO.AOS.groundwater.well.004",40.034756,-105.544637,0.1,3027.1,0.0,"WGS84","2019-05-28T21:21Z","stream",,,"Y","COMO.W4.20190528","COMO.20190528","NEON.DOC.002905vF","low-flow","Groundwater Pump",2.7,1.5,1.2,2.2,,,,,,,,,,2.6,,6.62,67.30,32.50,1.00,5.90,"cloudy","gray","0000-0003-3415-3067","0000-0001-7092-2850",
