uid,domainID,siteID,namedLocation,collectDate,titrationDate,parentSampleID,domainSampleID,remarks,measuredBy,alkMeqPerL,alkMgPerL,ancMeqPerL,ancMgPerL
"8f561f35-2e59-4f36-9ab8-a96e0c67c963","D13","COMO","COMO.AOS.groundwater.well.001","2019-05-28T16:45Z","2019-05-29T13:45Z","COMO.W1.20190528","COMO.W1.20190528.ALK",,"rlehrter@battelleecology.org",0.110,5.660,,
"9007a819-c4cf-4e0d-9c2f-431ee2a1fd27","D13","COMO","COMO.AOS.groundwater.well.002","2019-05-28T18:10Z","2019-05-29T14:15Z","COMO.W2.20190528","COMO.W2.20190528.ALK",,"rlehrter@battelleecology.org",0.090,4.570,,
"9852bbc6-5dee-4f11-929c-52bc4c0b8bac","D13","COMO","COMO.AOS.groundwater.well.003","2019-05-28T19:25Z","2019-05-29T14:40Z","COMO.W3.20190528","COMO.W3.20190528.ALK",,"rlehrter@battelleecology.org",0.690,34.400,,
"cefd4df6-afa7-49c9-9ee0-c9d95082fce5","D13","COMO","COMO.AOS.groundwater.well.004","2019-05-28T21:21Z","2019-05-29T15:15Z","COMO.W4.20190528","COMO.W4.20190528.ALK",,"rlehrter@battelleecology.org",0.130,6.720,,
