uid,domainID,siteID,namedLocation,decimalLatitude,decimalLongitude,coordinateUncertainty,elevation,elevationUncertainty,geodeticDatum,collectDate,aquaticSiteType,samplingImpractical,waterChemSamplesCollected,adequateSampleVol,parentSampleID,eventID,swcSamplingProtocolVersion,sampleExtractionMethod,samplerType,totalWellDepth,wellWaterDepth,waterColumnHeight,sampleDepth,purgeAverageDischargeRate,purgeTime,gwWellStabilized,purgeDryDateTime,pumpPlacementDate,screenedIntervalDepth,maxAllowableDrawdown,actualDrawdown,MADExceeded,wellVolumePurged,probeIDUnavailable,dissolvedOxygen,dissolvedOxygenSaturation,specificConductance,waterTemp,pH,waterClarityDescrip,waterColorDescrip,aCollectedBy,bCollectedBy,remarks
"03bea7cb-4a21-4e9a-bb93-aeb7aa0d6f0b","D13","COMO","COMO.AOS.groundwater.well.001",40.035039,-105.544811,0.1,3027.6,0.0,"WGS84","2020-07-20T15:37Z","stream","location dry",,"Y","COMO.W1.20200720","COMO.20200720","NEON.DOC.002905vG",,"Grab",,,,,,,,,,,,,,,,,,,,,,,"0000-0002-0857-6747","0000-0002-9463-8595",
"4106b81a-6bb7-4ecc-8429-5d2e0525b7f4","D13","COMO","COMO.AOS.groundwater.well.002",40.035081,-105.545205,0.1,3029.5,0.0,"WGS84","2020-07-20T17:16Z","stream",,"Y","Y","COMO.W2.20200720","COMO.20200720","NEON.DOC.002905vG","low-flow","Grab",2.3,1.4,0.9,,140.0,27.0,,,,,,,,3.8,,2.10,26.10,26.70,9.00,5.63,"clear","colorless","0000-0002-9463-8595","0000-0002-0857-6747",
"f701ca09-2b79-4e94-8168-9ab22a47a27b","D13","COMO","COMO.AOS.groundwater.well.003",40.034929,-105.544872,0.1,3027.6,0.0,"WGS84","2020-07-20T18:36Z","stream",,"Y","Y","COMO.W3.20200720","COMO.20200720","NEON.DOC.002905vG","low-flow","Grab",1.9,1.2,0.7,,120.0,13.0,,,,,,,,1.6,,0.22,2.80,43.90,10.30,7.28,"clear","colorless","0000-0002-9463-8595","0000-0002-0857-6747",
"28fc6d79-2c10-4e9c-a27e-d91e574baaa2","D13","COMO","COMO.AOS.groundwater.well.004",40.034756,-105.544637,0.1,3027.1,0.0,"WGS84","2020-07-20T20:10Z","stream",,"Y","Y","COMO.W4.20200720","COMO.20200720","NEON.DOC.002905vG","low-flow","Grab",2.7,2.1,0.7,,100.0,20.0,,,,,,,,2.0,,1.95,24.90,41.10,10.80,5.78,"clear","colorless","0000-0002-8159-7966","0000-0002-9463-8595",
