uid,domainID,siteID,namedLocation,decimalLatitude,decimalLongitude,coordinateUncertainty,elevation,elevationUncertainty,geodeticDatum,collectDate,aquaticSiteType,samplingImpractical,waterChemSamplesCollected,adequateSampleVol,parentSampleID,eventID,swcSamplingProtocolVersion,sampleExtractionMethod,samplerType,totalWellDepth,wellWaterDepth,waterColumnHeight,sampleDepth,purgeAverageDischargeRate,purgeTime,gwWellStabilized,purgeDryDateTime,pumpPlacementDate,screenedIntervalDepth,maxAllowableDrawdown,actualDrawdown,MADExceeded,wellVolumePurged,probeIDUnavailable,dissolvedOxygen,dissolvedOxygenSaturation,specificConductance,waterTemp,pH,waterClarityDescrip,waterColorDescrip,aCollectedBy,bCollectedBy,remarks
"e72b8f81-46e1-4425-8833-5615560545a2","D12","BLDE","BLDE.AOS.groundwater.well.001",44.951035,-110.588202,0.1,2032.2,0.1,"WGS84","2020-05-19T15:00Z","stream","logistical",,"Y","BLDE.W1.20200519","BLDE.20200519","NEON.DOC.002905vG",,,,,,,,,,,,,,,,,,,,,,,,,"0000-0003-0371-727X","0000-0003-0371-727X","COVID19"
"38fc3db0-9e57-445a-9690-da7d3444b9d7","D12","BLDE","BLDE.AOS.groundwater.well.002",44.951124,-110.588036,0.1,2032.4,0.1,"WGS84","2020-05-19T15:00Z","stream","logistical",,"N","BLDE.W2.20200519","BLDE.20200519","NEON.DOC.002905vG",,,,,,,,,,,,,,,,,,,,,,,,,"0000-0003-0371-727X","0000-0003-0371-727X","COVID19"
"0df79ffe-bb86-4b83-91b3-e6b2881aa985","D12","BLDE","BLDE.AOS.groundwater.well.007",44.953300,-110.589043,0.1,2026.9,0.1,"WGS84","2020-05-20T15:00Z","stream","logistical",,"N","BLDE.W7.20200520","BLDE.20200520","NEON.DOC.002905vG",,,,,,,,,,,,,,,,,,,,,,,,,"0000-0003-0371-727X","0000-0003-0371-727X","COVID19"
"83b6b946-e018-4b77-bd88-325641a7f243","D12","BLDE","BLDE.AOS.groundwater.well.008",44.953552,-110.589467,0.1,2025.2,0.1,"WGS84","2020-05-20T15:00Z","stream","logistical",,"N","BLDE.W8.20200520","BLDE.20200520","NEON.DOC.002905vG",,,,,,,,,,,,,,,,,,,,,,,,,"0000-0003-0371-727X","0000-0003-0371-727X","COVID19"
