uid,domainID,siteID,namedLocation,sampleID,sampleCode,startDate,collectDate,laboratoryName,analyte,analyteConcentration,analyteUnits,coolerTemp,remarks,shipmentWarmQF,externalLabDataQF,sampleCondition
"584b389d-a330-4c0a-9199-d4227e543a1d","D09","PRPO","PRPO.AOS.groundwater.well.001","PRPO.W1.20171016.FIL",,"2017-10-16T14:35Z","2017-10-16T14:35Z","EcoCore_CSU","SO4",1466.2400,"milligramsPerLiter",5.8,,0,"formatChange","GOOD"
"26150ff1-2713-43ea-aaf4-1b722950d075","D09","PRPO","PRPO.AOS.groundwater.well.001","PRPO.W1.20171016.FIL",,"2017-10-16T14:35Z","2017-10-16T14:35Z","EcoCore_CSU","NO2 - N",0.0041,"milligramsPerLiter",5.8,,0,"formatChange","GOOD"
"8fadbe1c-487a-44cf-83f5-c32d62f54486","D09","PRPO","PRPO.AOS.groundwater.well.001","PRPO.W1.20171016.FIL",,"2017-10-16T14:35Z","2017-10-16T14:35Z","EcoCore_CSU","UV Absorbance (280 nm)",0.0753,,5.8,,0,"formatChange","GOOD"
"7fde9e9c-8b8b-4fc8-92fc-dbfba2875879","D09","PRPO","PRPO.AOS.groundwater.well.001","PRPO.W1.20171016.FIL",,"2017-10-16T14:35Z","2017-10-16T14:35Z","EcoCore_CSU","UV Absorbance (250 nm)",0.1414,,5.8,,0,"formatChange","GOOD"
"80b218b3-4c0c-4450-9af5-56608987dc71","D09","PRPO","PRPO.AOS.groundwater.well.001","PRPO.W1.20171016.FIL",,"2017-10-16T14:35Z","2017-10-16T14:35Z","EcoCore_CSU","Br",0.0050,"milligramsPerLiter",5.8,,0,"formatChange","GOOD"
"1f4932bc-8746-4892-8bc7-4a6bebf6785a","D09","PRPO","PRPO.AOS.groundwater.well.001","PRPO.W1.20171016.FIL",,"2017-10-16T14:35Z","2017-10-16T14:35Z","EcoCore_CSU","HCO3",242.1500,"milligramsPerLiter",5.8,,0,"formatChange","GOOD"
"74472468-08e7-48c8-b84c-ad6ed3ae65c1","D09","PRPO","PRPO.AOS.groundwater.well.001","PRPO.W1.20171016.FIL",,"2017-10-16T14:35Z","2017-10-16T14:35Z","EcoCore_CSU","Na",238.4100,"milligramsPerLiter",5.8,,0,"formatChange","GOOD"
"9df110b8-7240-4cce-a2b2-0eb9282fdd2b","D09","PRPO","PRPO.AOS.groundwater.well.001","PRPO.W1.20171016.FIL",,"2017-10-16T14:35Z","2017-10-16T14:35Z","EcoCore_CSU","K",4.2430,"milligramsPerLiter",5.8,,0,"formatChange","GOOD"
"0eda7081-0bce-4ec9-9348-7596ab847ec3","D09","PRPO","PRPO.AOS.groundwater.well.001","PRPO.W1.20171016.RAW",,"2017-10-16T14:35Z","2017-10-16T14:35Z","EcoCore_CSU","ANC",4.3600,"milliequivalentsPerLiter",5.8,,0,"formatChange","GOOD"
"04e5eaf8-0dc2-4e8d-a979-cc358aee7549","D09","PRPO","PRPO.AOS.groundwater.well.001","PRPO.W1.20171016.FIL",,"2017-10-16T14:35Z","2017-10-16T14:35Z","EcoCore_CSU","Ortho - P",0.0480,"milligramsPerLiter",5.8,,0,"formatChange","GOOD"
"9c19bd7c-88fd-4bd9-8df9-0888a7d0770e","D09","PRPO","PRPO.AOS.groundwater.well.001","PRPO.W1.20171016.RAW",,"2017-10-16T14:35Z","2017-10-16T14:35Z","EcoCore_CSU","TSS",2.0000,"milligramsPerLiter",5.8,,0,"formatChange","GOOD"
"180af0e7-2898-4ade-8985-c5cec35c9f8a","D09","PRPO","PRPO.AOS.groundwater.well.001","PRPO.W1.20171016.FIL",,"2017-10-16T14:35Z","2017-10-16T14:35Z","EcoCore_CSU","DIC",94.7600,"milligramsPerLiter",5.8,,0,"formatChange","GOOD"
"a5d61cd6-ea65-4291-a6de-ef8ea5af69f1","D09","PRPO","PRPO.AOS.groundwater.well.001","PRPO.W1.20171016.RAW",,"2017-10-16T14:35Z","2017-10-16T14:35Z","EcoCore_CSU","TN",0.6729,"milligramsPerLiter",5.8,,0,"formatChange","GOOD"
"8a0f6a8d-5129-4d10-9155-9fd1beeeae60","D09","PRPO","PRPO.AOS.groundwater.well.001","PRPO.W1.20171016.FIL",,"2017-10-16T14:35Z","2017-10-16T14:35Z","EcoCore_CSU","TDP",0.0530,"milligramsPerLiter",5.8,,0,"formatChange","GOOD"
"ba668ad5-6cd6-417e-b8a6-190eb6813f9c","D09","PRPO","PRPO.AOS.groundwater.well.001","PRPO.W1.20171016.RAW",,"2017-10-16T14:35Z","2017-10-16T14:35Z","EcoCore_CSU","pH",6.2700,"pH",5.8,,0,"formatChange","GOOD"
"b3d2022a-5594-45f2-8613-f49225e11532","D09","PRPO","PRPO.AOS.groundwater.well.001","PRPO.W1.20171016.FIL",,"2017-10-16T14:35Z","2017-10-16T14:35Z","EcoCore_CSU","NH4 - N",0.4517,"milligramsPerLiter",5.8,,0,"formatChange","GOOD"
"4fefabdd-52db-4e81-a2e4-cd266791ab7f","D09","PRPO","PRPO.AOS.groundwater.well.001","PRPO.W1.20171016.RAW",,"2017-10-16T14:35Z","2017-10-16T14:35Z","EcoCore_CSU","TP",0.0620,"milligramsPerLiter",5.8,,0,"formatChange","GOOD"
"9cb2549e-5512-4994-99ba-e702a985ad11","D09","PRPO","PRPO.AOS.groundwater.well.001","PRPO.W1.20171016.FIL",,"2017-10-16T14:35Z","2017-10-16T14:35Z","EcoCore_CSU","Ca",194.5200,"milligramsPerLiter",5.8,,0,"formatChange","GOOD"
"4b198ed9-34a8-44bf-ba6f-af280b19b3ba","D09","PRPO","PRPO.AOS.groundwater.well.001","PRPO.W1.20171016.FIL",,"2017-10-16T14:35Z","2017-10-16T14:35Z","EcoCore_CSU","CO3",0.0050,"milligramsPerLiter",5.8,,0,"formatChange","GOOD"
"97b8ec7f-033b-44fd-9429-5f7c5223384d","D09","PRPO","PRPO.AOS.groundwater.well.001","PRPO.W1.20171016.FIL",,"2017-10-16T14:35Z","2017-10-16T14:35Z","EcoCore_CSU","Mg",176.8100,"milligramsPerLiter",5.8,,0,"formatChange","GOOD"
"89527151-da2d-4a73-86a6-86ae6db81c5f","D09","PRPO","PRPO.AOS.groundwater.well.001","PRPO.W1.20171016.FIL",,"2017-10-16T14:35Z","2017-10-16T14:35Z","EcoCore_CSU","Cl",14.2500,"milligramsPerLiter",5.8,,0,"formatChange","GOOD"
"3d7cad94-2564-4727-9586-8d019ff24b36","D09","PRPO","PRPO.AOS.groundwater.well.001","PRPO.W1.20171016.FIL",,"2017-10-16T14:35Z","2017-10-16T14:35Z","EcoCore_CSU","Mn",0.1570,"milligramsPerLiter",5.8,,0,"formatChange","GOOD"
"bc1d0ec4-92da-4a5f-bb5e-0ee0f888ea11","D09","PRPO","PRPO.AOS.groundwater.well.001","PRPO.W1.20171016.FIL",,"2017-10-16T14:35Z","2017-10-16T14:35Z","EcoCore_CSU","NO3+NO2 - N",0.0294,"milligramsPerLiter",5.8,,0,"formatChange","GOOD"
"ca690719-60ae-4377-bc5d-81fd078237e4","D09","PRPO","PRPO.AOS.groundwater.well.001","PRPO.W1.20171016.RAW",,"2017-10-16T14:35Z","2017-10-16T14:35Z","EcoCore_CSU","TSS - Dry Mass",100.0000,"microgram",5.8,,0,"formatChange","GOOD"
"44eb7f3e-0279-4c2b-b6af-503e82528f86","D09","PRPO","PRPO.AOS.groundwater.well.001","PRPO.W1.20171016.FIL",,"2017-10-16T14:35Z","2017-10-16T14:35Z","EcoCore_CSU","TDS",2590.3000,"milligramsPerLiter",5.8,,0,"formatChange","GOOD"
"07e484d2-b908-4327-b506-6860d10c57a2","D09","PRPO","PRPO.AOS.groundwater.well.001","PRPO.W1.20171016.RAW",,"2017-10-16T14:35Z","2017-10-16T14:35Z","EcoCore_CSU","TOC",10.6100,"milligramsPerLiter",5.8,,0,"formatChange","GOOD"
"813aea13-8ce7-44be-938a-45ec14f5be33","D09","PRPO","PRPO.AOS.groundwater.well.001","PRPO.W1.20171016.FIL",,"2017-10-16T14:35Z","2017-10-16T14:35Z","EcoCore_CSU","Si",3.9900,"milligramsPerLiter",5.8,,0,"formatChange","GOOD"
"1f56ac09-34f1-4454-b2ca-7d0b6c4499b3","D09","PRPO","PRPO.AOS.groundwater.well.001","PRPO.W1.20171016.FIL",,"2017-10-16T14:35Z","2017-10-16T14:35Z","EcoCore_CSU","TDN",0.6751,"milligramsPerLiter",5.8,,0,"formatChange","GOOD"
"03d86d92-b70c-49d2-a256-12ba568c984c","D09","PRPO","PRPO.AOS.groundwater.well.001","PRPO.W1.20171016.FIL",,"2017-10-16T14:35Z","2017-10-16T14:35Z","EcoCore_CSU","Fe",0.0150,"milligramsPerLiter",5.8,,0,"formatChange","GOOD"
"35be1db1-da49-4d60-9c91-8f549e08a587","D09","PRPO","PRPO.AOS.groundwater.well.001","PRPO.W1.20171016.FIL",,"2017-10-16T14:35Z","2017-10-16T14:35Z","EcoCore_CSU","F",1.2700,"milligramsPerLiter",5.8,,0,"formatChange","GOOD"
"d59a3bc3-c830-41eb-bfe1-f9a7248b2820","D09","PRPO","PRPO.AOS.groundwater.well.001","PRPO.W1.20171016.RAW",,"2017-10-16T14:35Z","2017-10-16T14:35Z","EcoCore_CSU","conductivity",3615.0000,"microsiemensPerCentimeter",5.8,,0,"formatChange","GOOD"
"13915d62-4c76-4b04-832f-54c7c243ac25","D09","PRPO","PRPO.AOS.groundwater.well.001","PRPO.W1.20171016.PCN",,"2017-10-16T14:35Z","2017-10-16T14:35Z","EcoCore_CSU","TPC",0.3665,"milligram",5.8,,0,"formatChange","GOOD"
"99417265-b7bf-4932-a8df-e2a33295a357","D09","PRPO","PRPO.AOS.groundwater.well.001","PRPO.W1.20171016.PCN",,"2017-10-16T14:35Z","2017-10-16T14:35Z","EcoCore_CSU","TPN",0.0949,"milligram",5.8,,0,"formatChange","GOOD"
"f08c5241-c491-4315-bcb3-90ad12b608fd","D09","PRPO","PRPO.AOS.groundwater.well.001","PRPO.W1.20171016.FIL",,"2017-10-16T14:35Z","2017-10-16T14:35Z","EcoCore_CSU","DOC",11.0100,"milligramsPerLiter",5.8,,0,"formatChange","GOOD"
"50191bd7-73d5-47e6-b472-9baaed9ccfa0","D09","PRPO","PRPO.AOS.groundwater.well.003","PRPO.W3.20171016.FIL",,"2017-10-16T15:57Z","2017-10-16T15:57Z","EcoCore_CSU","F",0.8000,"milligramsPerLiter",5.8,,0,"formatChange","GOOD"
"50d118b3-561d-4678-9a7f-9c4697f0e649","D09","PRPO","PRPO.AOS.groundwater.well.003","PRPO.W3.20171016.FIL",,"2017-10-16T15:57Z","2017-10-16T15:57Z","EcoCore_CSU","NO3+NO2 - N",0.0564,"milligramsPerLiter",5.8,,0,"formatChange","GOOD"
"81409fc8-6c70-4387-946e-eac8dfa9c33f","D09","PRPO","PRPO.AOS.groundwater.well.003","PRPO.W3.20171016.FIL",,"2017-10-16T15:57Z","2017-10-16T15:57Z","EcoCore_CSU","UV Absorbance (280 nm)",0.1040,,5.8,,0,"formatChange","GOOD"
"5e8d225f-e216-4384-ae51-5eb9b190015b","D09","PRPO","PRPO.AOS.groundwater.well.003","PRPO.W3.20171016.FIL",,"2017-10-16T15:57Z","2017-10-16T15:57Z","EcoCore_CSU","UV Absorbance (250 nm)",0.1836,,5.8,,0,"formatChange","GOOD"
"0a0be97c-f6ad-4531-ba08-288af70e68b8","D09","PRPO","PRPO.AOS.groundwater.well.003","PRPO.W3.20171016.RAW",,"2017-10-16T15:57Z","2017-10-16T15:57Z","EcoCore_CSU","TOC",5.2940,"milligramsPerLiter",5.8,,0,"formatChange","GOOD"
"db4feeaf-8bff-4484-a882-802e1e48402b","D09","PRPO","PRPO.AOS.groundwater.well.003","PRPO.W3.20171016.FIL",,"2017-10-16T15:57Z","2017-10-16T15:57Z","EcoCore_CSU","Mg",85.7400,"milligramsPerLiter",5.8,,0,"formatChange","GOOD"
"49aa3ed9-ca6d-42b8-bec6-d560ecdb1dfe","D09","PRPO","PRPO.AOS.groundwater.well.003","PRPO.W3.20171016.FIL",,"2017-10-16T15:57Z","2017-10-16T15:57Z","EcoCore_CSU","DOC",5.3250,"milligramsPerLiter",5.8,,0,"formatChange","GOOD"
"f5bc0252-3bf0-4346-98c7-7ae82f0f188d","D09","PRPO","PRPO.AOS.groundwater.well.003","PRPO.W3.20171016.RAW",,"2017-10-16T15:57Z","2017-10-16T15:57Z","EcoCore_CSU","TP",0.0230,"milligramsPerLiter",5.8,,0,"formatChange","GOOD"
"88d1e1bd-6d8d-40f6-9820-a0e17a731af8","D09","PRPO","PRPO.AOS.groundwater.well.003","PRPO.W3.20171016.FIL",,"2017-10-16T15:57Z","2017-10-16T15:57Z","EcoCore_CSU","CO3",0.0050,"milligramsPerLiter",5.8,,0,"formatChange","GOOD"
"2740d72b-4274-4c10-b0b8-bac94781da2d","D09","PRPO","PRPO.AOS.groundwater.well.003","PRPO.W3.20171016.PCN",,"2017-10-16T15:57Z","2017-10-16T15:57Z","EcoCore_CSU","TPN",0.1067,"milligram",5.8,,0,"formatChange","GOOD"
"98492694-8dae-4aff-87eb-cba2649da28a","D09","PRPO","PRPO.AOS.groundwater.well.003","PRPO.W3.20171016.FIL",,"2017-10-16T15:57Z","2017-10-16T15:57Z","EcoCore_CSU","K",10.8020,"milligramsPerLiter",5.8,,0,"formatChange","GOOD"
"09cc482e-5423-480d-a2b9-cf9441d94a6c","D09","PRPO","PRPO.AOS.groundwater.well.003","PRPO.W3.20171016.FIL",,"2017-10-16T15:57Z","2017-10-16T15:57Z","EcoCore_CSU","TDN",0.4145,"milligramsPerLiter",5.8,,0,"formatChange","GOOD"
"769f3817-1a8b-4b7f-a608-c361075e9e6b","D09","PRPO","PRPO.AOS.groundwater.well.003","PRPO.W3.20171016.RAW",,"2017-10-16T15:57Z","2017-10-16T15:57Z","EcoCore_CSU","pH",7.1800,"pH",5.8,,0,"formatChange","GOOD"
"4c4588a8-e642-45ed-b79e-54cafc35d0b2","D09","PRPO","PRPO.AOS.groundwater.well.003","PRPO.W3.20171016.FIL",,"2017-10-16T15:57Z","2017-10-16T15:57Z","EcoCore_CSU","Fe",0.0100,"milligramsPerLiter",5.8,,0,"formatChange","GOOD"
"c794b365-2143-451c-b2de-77e2eeb5978b","D09","PRPO","PRPO.AOS.groundwater.well.003","PRPO.W3.20171016.FIL",,"2017-10-16T15:57Z","2017-10-16T15:57Z","EcoCore_CSU","Mn",0.1640,"milligramsPerLiter",5.8,,0,"formatChange","GOOD"
"e94e3ba3-4ea6-460d-b010-7e9b396602b0","D09","PRPO","PRPO.AOS.groundwater.well.003","PRPO.W3.20171016.FIL",,"2017-10-16T15:57Z","2017-10-16T15:57Z","EcoCore_CSU","Si",4.2100,"milligramsPerLiter",5.8,,0,"formatChange","GOOD"
"e6f40700-7d98-4c40-b887-217a5e5f6a16","D09","PRPO","PRPO.AOS.groundwater.well.003","PRPO.W3.20171016.FIL",,"2017-10-16T15:57Z","2017-10-16T15:57Z","EcoCore_CSU","Ca",344.2500,"milligramsPerLiter",5.8,,0,"formatChange","GOOD"
"46019376-24f3-4dc0-9c9f-1ba67ebce9da","D09","PRPO","PRPO.AOS.groundwater.well.003","PRPO.W3.20171016.RAW",,"2017-10-16T15:57Z","2017-10-16T15:57Z","EcoCore_CSU","TSS",152.0000,"milligramsPerLiter",5.8,,0,"formatChange","GOOD"
"12f93afc-7e2e-4c82-8909-ce86f34ded6b","D09","PRPO","PRPO.AOS.groundwater.well.003","PRPO.W3.20171016.FIL",,"2017-10-16T15:57Z","2017-10-16T15:57Z","EcoCore_CSU","NH4 - N",0.1497,"milligramsPerLiter",5.8,,0,"formatChange","GOOD"
"8a0f2dff-fa8b-46e2-ba02-26a361533bc8","D09","PRPO","PRPO.AOS.groundwater.well.003","PRPO.W3.20171016.FIL",,"2017-10-16T15:57Z","2017-10-16T15:57Z","EcoCore_CSU","Na",63.5430,"milligramsPerLiter",5.8,,0,"formatChange","GOOD"
"e022d797-b6d7-48fb-91f8-d92ae93d671b","D09","PRPO","PRPO.AOS.groundwater.well.003","PRPO.W3.20171016.FIL",,"2017-10-16T15:57Z","2017-10-16T15:57Z","EcoCore_CSU","DIC",128.8400,"milligramsPerLiter",5.8,,0,"formatChange","GOOD"
"af3de551-80cf-40bd-b5c4-4e6c3ed898df","D09","PRPO","PRPO.AOS.groundwater.well.003","PRPO.W3.20171016.FIL",,"2017-10-16T15:57Z","2017-10-16T15:57Z","EcoCore_CSU","NO2 - N",0.0055,"milligramsPerLiter",5.8,,0,"formatChange","GOOD"
"8b4178be-97c3-4e7a-bf49-3cc00f00da50","D09","PRPO","PRPO.AOS.groundwater.well.003","PRPO.W3.20171016.RAW",,"2017-10-16T15:57Z","2017-10-16T15:57Z","EcoCore_CSU","ANC",2.7600,"milliequivalentsPerLiter",5.8,,0,"formatChange","GOOD"
"f11eec3f-8662-4a7f-8466-33f5a5c85139","D09","PRPO","PRPO.AOS.groundwater.well.003","PRPO.W3.20171016.FIL",,"2017-10-16T15:57Z","2017-10-16T15:57Z","EcoCore_CSU","HCO3",141.5900,"milligramsPerLiter",5.8,,0,"formatChange","GOOD"
"7ae70174-bc7e-4852-9656-c4d5a011ce30","D09","PRPO","PRPO.AOS.groundwater.well.003","PRPO.W3.20171016.RAW",,"2017-10-16T15:57Z","2017-10-16T15:57Z","EcoCore_CSU","TSS - Dry Mass",7600.0000,"microgram",5.8,,0,"formatChange","GOOD"
"72ce54b7-511e-4c44-848c-8bc701d4345b","D09","PRPO","PRPO.AOS.groundwater.well.003","PRPO.W3.20171016.PCN",,"2017-10-16T15:57Z","2017-10-16T15:57Z","EcoCore_CSU","TPC",0.4651,"milligram",5.8,,0,"formatChange","GOOD"
"b021e519-d8b0-4361-910d-6d9af639eb30","D09","PRPO","PRPO.AOS.groundwater.well.003","PRPO.W3.20171016.FIL",,"2017-10-16T15:57Z","2017-10-16T15:57Z","EcoCore_CSU","TDP",0.0050,"milligramsPerLiter",5.8,,0,"formatChange","GOOD"
"eb372e17-4621-40d9-b1d6-b343a2ad605d","D09","PRPO","PRPO.AOS.groundwater.well.003","PRPO.W3.20171016.RAW",,"2017-10-16T15:57Z","2017-10-16T15:57Z","EcoCore_CSU","TN",0.3934,"milligramsPerLiter",5.8,,0,"formatChange","GOOD"
"ebb75087-2a8d-4a3b-9043-05adb1e16c8a","D09","PRPO","PRPO.AOS.groundwater.well.003","PRPO.W3.20171016.FIL",,"2017-10-16T15:57Z","2017-10-16T15:57Z","EcoCore_CSU","Cl",3.2100,"milligramsPerLiter",5.8,,0,"formatChange","GOOD"
"5b939e7f-eb39-4c1f-b7bc-c734af13c14a","D09","PRPO","PRPO.AOS.groundwater.well.003","PRPO.W3.20171016.FIL",,"2017-10-16T15:57Z","2017-10-16T15:57Z","EcoCore_CSU","TDS",1920.6000,"milligramsPerLiter",5.8,,0,"formatChange","GOOD"
"acfbd8ca-8acc-4920-99c7-86df9455569b","D09","PRPO","PRPO.AOS.groundwater.well.003","PRPO.W3.20171016.RAW",,"2017-10-16T15:57Z","2017-10-16T15:57Z","EcoCore_CSU","conductivity",2742.2000,"microsiemensPerCentimeter",5.8,,0,"formatChange","GOOD"
"0a92024b-d72e-4508-a2a6-1c64af61d521","D09","PRPO","PRPO.AOS.groundwater.well.003","PRPO.W3.20171016.FIL",,"2017-10-16T15:57Z","2017-10-16T15:57Z","EcoCore_CSU","Br",0.0050,"milligramsPerLiter",5.8,,0,"formatChange","GOOD"
"903e9129-7cef-4581-a183-feb3af13e96a","D09","PRPO","PRPO.AOS.groundwater.well.003","PRPO.W3.20171016.FIL",,"2017-10-16T15:57Z","2017-10-16T15:57Z","EcoCore_CSU","Ortho - P",0.0070,"milligramsPerLiter",5.8,,0,"formatChange","GOOD"
"09cb31b0-8ad5-4f29-ac02-8c6b38562057","D09","PRPO","PRPO.AOS.groundwater.well.003","PRPO.W3.20171016.FIL",,"2017-10-16T15:57Z","2017-10-16T15:57Z","EcoCore_CSU","SO4",1197.3600,"milligramsPerLiter",5.8,,0,"formatChange","GOOD"
"1bec1861-6931-4e98-b819-3d6da62f3ee7","D09","PRPO","PRPO.AOS.groundwater.well.005","PRPO.W5.20171016.FIL",,"2017-10-16T17:25Z","2017-10-16T17:25Z","EcoCore_CSU","Mg",134.6300,"milligramsPerLiter",5.8,,0,"formatChange","GOOD"
"b2718037-af88-4048-ae70-7692eb7cf49c","D09","PRPO","PRPO.AOS.groundwater.well.005","PRPO.W5.20171016.FIL",,"2017-10-16T17:25Z","2017-10-16T17:25Z","EcoCore_CSU","CO3",0.0050,"milligramsPerLiter",5.8,,0,"formatChange","GOOD"
"02174a53-2daa-4a85-9a02-a0ae3d6d0b74","D09","PRPO","PRPO.AOS.groundwater.well.005","PRPO.W5.20171016.FIL",,"2017-10-16T17:25Z","2017-10-16T17:25Z","EcoCore_CSU","NH4 - N",0.1127,"milligramsPerLiter",5.8,,0,"formatChange","GOOD"
"b88af69f-c770-4c61-b466-5cc2d8d3d533","D09","PRPO","PRPO.AOS.groundwater.well.005","PRPO.W5.20171016.PCN",,"2017-10-16T17:25Z","2017-10-16T17:25Z","EcoCore_CSU","TPN",0.0913,"milligram",5.8,,0,"formatChange","GOOD"
"1cd8eb51-ba54-4e3f-a02d-2805b87e8818","D09","PRPO","PRPO.AOS.groundwater.well.005","PRPO.W5.20171016.FIL",,"2017-10-16T17:25Z","2017-10-16T17:25Z","EcoCore_CSU","K",20.2320,"milligramsPerLiter",5.8,,0,"formatChange","GOOD"
"58a79632-d257-475f-8709-9850c7412be2","D09","PRPO","PRPO.AOS.groundwater.well.005","PRPO.W5.20171016.FIL",,"2017-10-16T17:25Z","2017-10-16T17:25Z","EcoCore_CSU","DIC",107.9600,"milligramsPerLiter",5.8,,0,"formatChange","GOOD"
"ada090f6-4394-48bc-967d-b4fac7680c6e","D09","PRPO","PRPO.AOS.groundwater.well.005","PRPO.W5.20171016.FIL",,"2017-10-16T17:25Z","2017-10-16T17:25Z","EcoCore_CSU","Cl",25.5100,"milligramsPerLiter",5.8,,0,"formatChange","GOOD"
"a8487036-79a9-49cd-9e67-7c43c602f5a1","D09","PRPO","PRPO.AOS.groundwater.well.005","PRPO.W5.20171016.FIL",,"2017-10-16T17:25Z","2017-10-16T17:25Z","EcoCore_CSU","TDP",0.0240,"milligramsPerLiter",5.8,,0,"formatChange","GOOD"
"e5ed3ea4-2673-474f-8ce5-ad58695d1e4f","D09","PRPO","PRPO.AOS.groundwater.well.005","PRPO.W5.20171016.FIL",,"2017-10-16T17:25Z","2017-10-16T17:25Z","EcoCore_CSU","UV Absorbance (280 nm)",0.0262,,5.8,,0,"formatChange","GOOD"
"13cdbe14-c273-48c0-b84a-66f2f5f42239","D09","PRPO","PRPO.AOS.groundwater.well.005","PRPO.W5.20171016.FIL",,"2017-10-16T17:25Z","2017-10-16T17:25Z","EcoCore_CSU","TDS",2599.2000,"milligramsPerLiter",5.8,,0,"formatChange","GOOD"
"14cd4e39-c228-4e86-ba9d-c26e538268f6","D09","PRPO","PRPO.AOS.groundwater.well.005","PRPO.W5.20171016.FIL",,"2017-10-16T17:25Z","2017-10-16T17:25Z","EcoCore_CSU","DOC",10.6700,"milligramsPerLiter",5.8,,0,"formatChange","GOOD"
"8b4c0bff-c07b-4561-8228-e4b08d1b3cb4","D09","PRPO","PRPO.AOS.groundwater.well.005","PRPO.W5.20171016.RAW",,"2017-10-16T17:25Z","2017-10-16T17:25Z","EcoCore_CSU","TSS",10.0000,"milligramsPerLiter",5.8,,0,"formatChange","GOOD"
"58e742e3-f10a-4553-ac56-310fe6e9d2f6","D09","PRPO","PRPO.AOS.groundwater.well.005","PRPO.W5.20171016.FIL",,"2017-10-16T17:25Z","2017-10-16T17:25Z","EcoCore_CSU","Ortho - P",0.0150,"milligramsPerLiter",5.8,,0,"formatChange","GOOD"
"1d0f06db-596b-44b8-ac28-3ec7d2b717e8","D09","PRPO","PRPO.AOS.groundwater.well.005","PRPO.W5.20171016.RAW",,"2017-10-16T17:25Z","2017-10-16T17:25Z","EcoCore_CSU","conductivity",3712.1000,"microsiemensPerCentimeter",5.8,,0,"formatChange","GOOD"
"8d3c22d9-b57c-49f9-817b-3fc6aeb1a1b5","D09","PRPO","PRPO.AOS.groundwater.well.005","PRPO.W5.20171016.FIL",,"2017-10-16T17:25Z","2017-10-16T17:25Z","EcoCore_CSU","Mn",0.0130,"milligramsPerLiter",5.8,,0,"formatChange","GOOD"
"ab2c6c19-5acd-4eb5-9133-67a166d3fd57","D09","PRPO","PRPO.AOS.groundwater.well.005","PRPO.W5.20171016.RAW",,"2017-10-16T17:25Z","2017-10-16T17:25Z","EcoCore_CSU","TN",0.6547,"milligramsPerLiter",5.8,,0,"formatChange","GOOD"
"df7bbb82-1d6e-4108-94fc-de2508ac95b0","D09","PRPO","PRPO.AOS.groundwater.well.005","PRPO.W5.20171016.FIL",,"2017-10-16T17:25Z","2017-10-16T17:25Z","EcoCore_CSU","NO3+NO2 - N",0.0793,"milligramsPerLiter",5.8,,0,"formatChange","GOOD"
"4f868e37-fd5a-4b3f-9629-74b2f99d463a","D09","PRPO","PRPO.AOS.groundwater.well.005","PRPO.W5.20171016.FIL",,"2017-10-16T17:25Z","2017-10-16T17:25Z","EcoCore_CSU","F",2.1100,"milligramsPerLiter",5.8,,0,"formatChange","GOOD"
"42699863-0440-4366-ae06-7a1e9e5705b8","D09","PRPO","PRPO.AOS.groundwater.well.005","PRPO.W5.20171016.FIL",,"2017-10-16T17:25Z","2017-10-16T17:25Z","EcoCore_CSU","UV Absorbance (250 nm)",0.0481,,5.8,,0,"formatChange","GOOD"
"1aad5410-e403-42bc-89f1-d8142448c742","D09","PRPO","PRPO.AOS.groundwater.well.005","PRPO.W5.20171016.RAW",,"2017-10-16T17:25Z","2017-10-16T17:25Z","EcoCore_CSU","TOC",10.7600,"milligramsPerLiter",5.8,,0,"formatChange","GOOD"
"6895f84f-7844-41f5-b8a4-d657a3235264","D09","PRPO","PRPO.AOS.groundwater.well.005","PRPO.W5.20171016.FIL",,"2017-10-16T17:25Z","2017-10-16T17:25Z","EcoCore_CSU","Br",0.0050,"milligramsPerLiter",5.8,,0,"formatChange","GOOD"
"35ca1a16-f54a-4ba8-b080-158a3fb11ce2","D09","PRPO","PRPO.AOS.groundwater.well.005","PRPO.W5.20171016.FIL",,"2017-10-16T17:25Z","2017-10-16T17:25Z","EcoCore_CSU","Si",4.3700,"milligramsPerLiter",5.8,,0,"formatChange","GOOD"
"e9891e51-e04a-401c-8c15-12fe66d6b157","D09","PRPO","PRPO.AOS.groundwater.well.005","PRPO.W5.20171016.RAW",,"2017-10-16T17:25Z","2017-10-16T17:25Z","EcoCore_CSU","TSS - Dry Mass",500.0000,"microgram",5.8,,0,"formatChange","GOOD"
"0c1e794e-4fcf-49ff-999b-c4a52be51d76","D09","PRPO","PRPO.AOS.groundwater.well.005","PRPO.W5.20171016.FIL",,"2017-10-16T17:25Z","2017-10-16T17:25Z","EcoCore_CSU","HCO3",1017.4600,"milligramsPerLiter",5.8,,0,"formatChange","GOOD"
"df5ee80a-ea20-4256-ab5a-d25d5d791392","D09","PRPO","PRPO.AOS.groundwater.well.005","PRPO.W5.20171016.FIL",,"2017-10-16T17:25Z","2017-10-16T17:25Z","EcoCore_CSU","SO4",894.6500,"milligramsPerLiter",5.8,,0,"formatChange","GOOD"
"9527da72-b39c-48ea-a888-8710866ffc15","D09","PRPO","PRPO.AOS.groundwater.well.005","PRPO.W5.20171016.FIL",,"2017-10-16T17:25Z","2017-10-16T17:25Z","EcoCore_CSU","Fe",0.0060,"milligramsPerLiter",5.8,,0,"formatChange","GOOD"
"5805ee48-fe78-4be2-92b8-2d2a38351c80","D09","PRPO","PRPO.AOS.groundwater.well.005","PRPO.W5.20171016.PCN",,"2017-10-16T17:25Z","2017-10-16T17:25Z","EcoCore_CSU","TPC",0.3327,"milligram",5.8,,0,"formatChange","GOOD"
"54871756-e111-4206-afc0-6a6aaf91d421","D09","PRPO","PRPO.AOS.groundwater.well.005","PRPO.W5.20171016.RAW",,"2017-10-16T17:25Z","2017-10-16T17:25Z","EcoCore_CSU","pH",7.3800,"pH",5.8,,0,"formatChange","GOOD"
"48862017-d7c8-4fd1-a0f5-80ae5eb7f8e8","D09","PRPO","PRPO.AOS.groundwater.well.005","PRPO.W5.20171016.FIL",,"2017-10-16T17:25Z","2017-10-16T17:25Z","EcoCore_CSU","Na",202.6300,"milligramsPerLiter",5.8,,0,"formatChange","GOOD"
"c7c2a3d4-4f4c-4ab7-a8d6-c66fa4ffbe57","D09","PRPO","PRPO.AOS.groundwater.well.005","PRPO.W5.20171016.RAW",,"2017-10-16T17:25Z","2017-10-16T17:25Z","EcoCore_CSU","TP",0.0290,"milligramsPerLiter",5.8,,0,"formatChange","GOOD"
"74555666-7ab6-4377-8b0e-090e83cbe4a9","D09","PRPO","PRPO.AOS.groundwater.well.005","PRPO.W5.20171016.FIL",,"2017-10-16T17:25Z","2017-10-16T17:25Z","EcoCore_CSU","Ca",310.8400,"milligramsPerLiter",5.8,,0,"formatChange","GOOD"
"567988e5-72af-4667-bebd-d2cad6d4cf11","D09","PRPO","PRPO.AOS.groundwater.well.005","PRPO.W5.20171016.RAW",,"2017-10-16T17:25Z","2017-10-16T17:25Z","EcoCore_CSU","ANC",16.9400,"milliequivalentsPerLiter",5.8,,0,"formatChange","GOOD"
"25b29d50-8275-4c7c-bea9-fbef2117091c","D09","PRPO","PRPO.AOS.groundwater.well.005","PRPO.W5.20171016.FIL",,"2017-10-16T17:25Z","2017-10-16T17:25Z","EcoCore_CSU","NO2 - N",0.0058,"milligramsPerLiter",5.8,,0,"formatChange","GOOD"
"7447bbf2-c3b3-450a-b0a0-2b92801e03a0","D09","PRPO","PRPO.AOS.groundwater.well.005","PRPO.W5.20171016.FIL",,"2017-10-16T17:25Z","2017-10-16T17:25Z","EcoCore_CSU","TDN",0.6450,"milligramsPerLiter",5.8,,0,"formatChange","GOOD"
"f0c9c54e-8ff3-4db2-8bd3-5f1326f571bc","D09","PRPO","PRPO.AOS.groundwater.well.007","PRPO.W7.20171016.RAW",,"2017-10-16T19:32Z","2017-10-16T19:32Z","EcoCore_CSU","conductivity",975.4000,"microsiemensPerCentimeter",5.8,,0,"formatChange","GOOD"
"3af85870-7696-4e92-9790-5ed6f46c7d6c","D09","PRPO","PRPO.AOS.groundwater.well.007","PRPO.W7.20171016.FIL",,"2017-10-16T19:32Z","2017-10-16T19:32Z","EcoCore_CSU","Cl",3.5300,"milligramsPerLiter",5.8,,0,"formatChange","GOOD"
"681e9249-89ff-4f94-be54-b2ee80d6ba5c","D09","PRPO","PRPO.AOS.groundwater.well.007","PRPO.W7.20171016.RAW",,"2017-10-16T19:32Z","2017-10-16T19:32Z","EcoCore_CSU","pH",7.5300,"pH",5.8,,0,"formatChange","GOOD"
"72cade4d-7398-4cfa-9954-83baf5d322ad","D09","PRPO","PRPO.AOS.groundwater.well.007","PRPO.W7.20171016.FIL",,"2017-10-16T19:32Z","2017-10-16T19:32Z","EcoCore_CSU","NO2 - N",0.0070,"milligramsPerLiter",5.8,,0,"formatChange","GOOD"
"79077204-a4e8-43ad-afd9-0de897f1c583","D09","PRPO","PRPO.AOS.groundwater.well.007","PRPO.W7.20171016.FIL",,"2017-10-16T19:32Z","2017-10-16T19:32Z","EcoCore_CSU","DOC",3.4250,"milligramsPerLiter",5.8,,0,"formatChange","GOOD"
"71bf217c-5445-4b24-917a-3974473f16a0","D09","PRPO","PRPO.AOS.groundwater.well.007","PRPO.W7.20171016.PCN",,"2017-10-16T19:32Z","2017-10-16T19:32Z","EcoCore_CSU","TPN",0.0879,"milligram",5.8,,0,"formatChange","GOOD"
"9879193b-5de4-4a50-95b6-76e331ebd4f3","D09","PRPO","PRPO.AOS.groundwater.well.007","PRPO.W7.20171016.RAW",,"2017-10-16T19:32Z","2017-10-16T19:32Z","EcoCore_CSU","TSS",8.0000,"milligramsPerLiter",5.8,,0,"formatChange","GOOD"
"35666985-1b08-4a1c-826f-a765b1dce44e","D09","PRPO","PRPO.AOS.groundwater.well.007","PRPO.W7.20171016.RAW",,"2017-10-16T19:32Z","2017-10-16T19:32Z","EcoCore_CSU","TN",0.2403,"milligramsPerLiter",5.8,,0,"formatChange","GOOD"
"e43a077b-65dd-429d-9a72-c617fbf2babd","D09","PRPO","PRPO.AOS.groundwater.well.007","PRPO.W7.20171016.FIL",,"2017-10-16T19:32Z","2017-10-16T19:32Z","EcoCore_CSU","HCO3",277.6900,"milligramsPerLiter",5.8,,0,"formatChange","GOOD"
"79d49d5c-295a-487e-a401-3ce3c3bece69","D09","PRPO","PRPO.AOS.groundwater.well.007","PRPO.W7.20171016.FIL",,"2017-10-16T19:32Z","2017-10-16T19:32Z","EcoCore_CSU","Na",11.3620,"milligramsPerLiter",5.8,,0,"formatChange","GOOD"
"4ce86b4a-5987-42a2-a4f0-317912c04c86","D09","PRPO","PRPO.AOS.groundwater.well.007","PRPO.W7.20171016.FIL",,"2017-10-16T19:32Z","2017-10-16T19:32Z","EcoCore_CSU","TDN",0.2447,"milligramsPerLiter",5.8,,0,"formatChange","GOOD"
"2bf0cc97-4faf-41a3-8c7e-d72a39513510","D09","PRPO","PRPO.AOS.groundwater.well.007","PRPO.W7.20171016.FIL",,"2017-10-16T19:32Z","2017-10-16T19:32Z","EcoCore_CSU","DIC",124.0400,"milligramsPerLiter",5.8,,0,"formatChange","GOOD"
"d5e182d8-1a73-4107-b0cb-de679ea9c3b6","D09","PRPO","PRPO.AOS.groundwater.well.007","PRPO.W7.20171016.FIL",,"2017-10-16T19:32Z","2017-10-16T19:32Z","EcoCore_CSU","UV Absorbance (280 nm)",0.0425,,5.8,,0,"formatChange","GOOD"
"be75b0f5-5afd-446d-bd1f-8eb8d379430b","D09","PRPO","PRPO.AOS.groundwater.well.007","PRPO.W7.20171016.FIL",,"2017-10-16T19:32Z","2017-10-16T19:32Z","EcoCore_CSU","Br",0.0050,"milligramsPerLiter",5.8,,0,"formatChange","GOOD"
"669bf257-4706-433a-826b-3ddfe36b2b1b","D09","PRPO","PRPO.AOS.groundwater.well.007","PRPO.W7.20171016.FIL",,"2017-10-16T19:32Z","2017-10-16T19:32Z","EcoCore_CSU","TDP",0.0080,"milligramsPerLiter",5.8,,0,"formatChange","GOOD"
"d6bd6538-f86e-4d32-a583-761b59b1fb6d","D09","PRPO","PRPO.AOS.groundwater.well.007","PRPO.W7.20171016.FIL",,"2017-10-16T19:32Z","2017-10-16T19:32Z","EcoCore_CSU","K",5.2260,"milligramsPerLiter",5.8,,0,"formatChange","GOOD"
"c0e268a9-0eae-4f4b-93e4-535bc8eed2f6","D09","PRPO","PRPO.AOS.groundwater.well.007","PRPO.W7.20171016.RAW",,"2017-10-16T19:32Z","2017-10-16T19:32Z","EcoCore_CSU","TP",0.0270,"milligramsPerLiter",5.8,,0,"formatChange","GOOD"
"44dbca54-3a17-4b40-8b53-da3965861e46","D09","PRPO","PRPO.AOS.groundwater.well.007","PRPO.W7.20171016.FIL",,"2017-10-16T19:32Z","2017-10-16T19:32Z","EcoCore_CSU","F",0.1200,"milligramsPerLiter",5.8,,0,"formatChange","GOOD"
"597d2cef-6b5c-4270-99ad-f39c01cf3cbe","D09","PRPO","PRPO.AOS.groundwater.well.007","PRPO.W7.20171016.RAW",,"2017-10-16T19:32Z","2017-10-16T19:32Z","EcoCore_CSU","TSS - Dry Mass",400.0000,"microgram",5.8,,0,"formatChange","GOOD"
"5ff1f9a5-5b3e-4774-9ab2-07db862f0667","D09","PRPO","PRPO.AOS.groundwater.well.007","PRPO.W7.20171016.PCN",,"2017-10-16T19:32Z","2017-10-16T19:32Z","EcoCore_CSU","TPC",0.3151,"milligram",5.8,,0,"formatChange","GOOD"
"48e866f0-6518-433c-a509-38287da58af2","D09","PRPO","PRPO.AOS.groundwater.well.007","PRPO.W7.20171016.FIL",,"2017-10-16T19:32Z","2017-10-16T19:32Z","EcoCore_CSU","NO3+NO2 - N",0.0304,"milligramsPerLiter",5.8,,0,"formatChange","GOOD"
"5ac8953e-47dd-4e31-a4bd-0824bfe56f8a","D09","PRPO","PRPO.AOS.groundwater.well.007","PRPO.W7.20171016.FIL",,"2017-10-16T19:32Z","2017-10-16T19:32Z","EcoCore_CSU","Ca",116.4300,"milligramsPerLiter",5.8,,0,"formatChange","GOOD"
"977710de-1d5c-4fa2-bff1-02518358f3e0","D09","PRPO","PRPO.AOS.groundwater.well.007","PRPO.W7.20171016.FIL",,"2017-10-16T19:32Z","2017-10-16T19:32Z","EcoCore_CSU","NH4 - N",0.1080,"milligramsPerLiter",5.8,,0,"formatChange","GOOD"
"a6baf95c-4bd6-4b6c-a44f-7fb86507ccd9","D09","PRPO","PRPO.AOS.groundwater.well.007","PRPO.W7.20171016.FIL",,"2017-10-16T19:32Z","2017-10-16T19:32Z","EcoCore_CSU","Ortho - P",0.0070,"milligramsPerLiter",5.8,,0,"formatChange","GOOD"
"f7518897-1897-4ef4-9719-d8c4a220a655","D09","PRPO","PRPO.AOS.groundwater.well.007","PRPO.W7.20171016.FIL",,"2017-10-16T19:32Z","2017-10-16T19:32Z","EcoCore_CSU","SO4",239.6300,"milligramsPerLiter",5.8,,0,"formatChange","GOOD"
"d47d6caa-319c-4698-b279-56a4e6dec75f","D09","PRPO","PRPO.AOS.groundwater.well.007","PRPO.W7.20171016.RAW",,"2017-10-16T19:32Z","2017-10-16T19:32Z","EcoCore_CSU","ANC",4.8900,"milliequivalentsPerLiter",5.8,,0,"formatChange","GOOD"
"8d44267c-44e1-42b4-92c5-074e9dd7ed42","D09","PRPO","PRPO.AOS.groundwater.well.007","PRPO.W7.20171016.FIL",,"2017-10-16T19:32Z","2017-10-16T19:32Z","EcoCore_CSU","Fe",0.0070,"milligramsPerLiter",5.8,,0,"formatChange","GOOD"
"94cf8a60-3119-45a6-bd4c-5d28820578f9","D09","PRPO","PRPO.AOS.groundwater.well.007","PRPO.W7.20171016.FIL",,"2017-10-16T19:32Z","2017-10-16T19:32Z","EcoCore_CSU","Si",4.3400,"milligramsPerLiter",5.8,,0,"formatChange","GOOD"
"1bfe9272-2643-43e6-ba5c-531a943d3cf2","D09","PRPO","PRPO.AOS.groundwater.well.007","PRPO.W7.20171016.FIL",,"2017-10-16T19:32Z","2017-10-16T19:32Z","EcoCore_CSU","Mg",38.0420,"milligramsPerLiter",5.8,,0,"formatChange","GOOD"
"0a07fa3b-a771-441a-b071-890c7c64fe84","D09","PRPO","PRPO.AOS.groundwater.well.007","PRPO.W7.20171016.FIL",,"2017-10-16T19:32Z","2017-10-16T19:32Z","EcoCore_CSU","CO3",0.0050,"milligramsPerLiter",5.8,,0,"formatChange","GOOD"
"c2c5fb1a-8405-4e28-b2bd-b07058cd215b","D09","PRPO","PRPO.AOS.groundwater.well.007","PRPO.W7.20171016.FIL",,"2017-10-16T19:32Z","2017-10-16T19:32Z","EcoCore_CSU","TDS",683.5000,"milligramsPerLiter",5.8,,0,"formatChange","GOOD"
"1cb6c343-1918-4142-9fe5-05923fb9cc95","D09","PRPO","PRPO.AOS.groundwater.well.007","PRPO.W7.20171016.FIL",,"2017-10-16T19:32Z","2017-10-16T19:32Z","EcoCore_CSU","UV Absorbance (250 nm)",0.0797,,5.8,,0,"formatChange","GOOD"
"07f909d7-6085-401a-9550-45bfd43b0eb3","D09","PRPO","PRPO.AOS.groundwater.well.007","PRPO.W7.20171016.FIL",,"2017-10-16T19:32Z","2017-10-16T19:32Z","EcoCore_CSU","Mn",0.0340,"milligramsPerLiter",5.8,,0,"formatChange","GOOD"
"35ebe076-e1c7-47dd-9717-dcdb8b4ce014","D09","PRPO","PRPO.AOS.groundwater.well.007","PRPO.W7.20171016.RAW",,"2017-10-16T19:32Z","2017-10-16T19:32Z","EcoCore_CSU","TOC",3.3760,"milligramsPerLiter",5.8,,0,"formatChange","GOOD"
