uid,domainID,siteID,namedLocation,collectDate,parentSampleID,sampleCondition,sampleID,replicateNumber,gwwDICBubbleFree,gwwFiltSampleHeadspace,gwwAlkSampleHeadspace,gwwAlkSampleBubbleFree,processedDate,processedDateFilters,sampleVolumeFiltered,shipmentTimeRange
"c5dc3af8-4061-48c9-b59a-24bc75f9eaa9","D09","PRPO","PRPO.AOS.groundwater.well.001","2017-10-16T14:35Z","PRPO.W1.20171016","Sample condition ok","PRPO.W1.20171016",1,,,,,"2017-10-16T16:04Z","2017-10-16T16:25Z",500.0,
"0f73bede-20a3-4983-b900-ebb53a4023b3","D09","PRPO","PRPO.AOS.groundwater.well.003","2017-10-16T15:57Z","PRPO.W3.20171016","Sample condition ok","PRPO.W3.20171016",1,,,,,"2017-10-16T17:35Z","2017-10-16T18:00Z",100.0,
"2b1a4232-6910-4fc1-8747-d936fa48d913","D09","PRPO","PRPO.AOS.groundwater.well.005","2017-10-16T17:25Z","PRPO.W5.20171016","Sample condition ok","PRPO.W5.20171016",1,,,,,"2017-10-16T19:41Z","2017-10-16T20:05Z",450.0,
"bbcbcfe3-fa49-496c-8d8b-f5940837f2c8","D09","PRPO","PRPO.AOS.groundwater.well.007","2017-10-16T19:32Z","PRPO.W7.20171016","Sample condition ok","PRPO.W7.20171016",1,,,,,"2017-10-16T20:25Z","2017-10-16T20:25Z",400.0,
