uid,domainID,siteID,namedLocation,collectDate,titrationDate,parentSampleID,domainSampleID,remarks,measuredBy,alkMeqPerL,alkMgPerL,ancMeqPerL,ancMgPerL
"9b209a9a-7804-471a-850f-f30e9d8465a5","D09","PRPO","PRPO.AOS.groundwater.well.001","2017-10-16T14:35Z","2017-10-17T13:20Z","PRPO.W1.20171016","PRPO.W1.20171016.ALK",,"jeldridge@battelleecology.org",7.400,370.000,,
"42f6598b-0e99-415b-9474-f04334cf30d2","D09","PRPO","PRPO.AOS.groundwater.well.003","2017-10-16T15:57Z","2017-10-17T13:50Z","PRPO.W3.20171016","PRPO.W3.20171016.ALK",,"jeldridge@battelleecology.org",9.730,487.000,,
"308a9c80-4702-419e-bee1-65113575315c","D09","PRPO","PRPO.AOS.groundwater.well.005","2017-10-16T17:25Z","2017-10-17T14:15Z","PRPO.W5.20171016","PRPO.W5.20171016.ALK",,"jeldridge@battelleecology.org",8.070,404.000,,
"dbebad6f-e3f4-435a-b3c7-70c22325dc4f","D09","PRPO","PRPO.AOS.groundwater.well.007","2017-10-16T19:32Z","2017-10-17T14:30Z","PRPO.W7.20171016","PRPO.W7.20171016.ALK",,"jeldridge@battelleecology.org",9.380,470.000,,
