uid,domainID,siteID,namedLocation,decimalLatitude,decimalLongitude,coordinateUncertainty,elevation,elevationUncertainty,geodeticDatum,collectDate,aquaticSiteType,samplingImpractical,waterChemSamplesCollected,adequateSampleVol,parentSampleID,eventID,swcSamplingProtocolVersion,sampleExtractionMethod,samplerType,totalWellDepth,wellWaterDepth,waterColumnHeight,sampleDepth,purgeAverageDischargeRate,purgeTime,gwWellStabilized,purgeDryDateTime,pumpPlacementDate,screenedIntervalDepth,maxAllowableDrawdown,actualDrawdown,MADExceeded,wellVolumePurged,probeIDUnavailable,dissolvedOxygen,dissolvedOxygenSaturation,specificConductance,waterTemp,pH,waterClarityDescrip,waterColorDescrip,aCollectedBy,bCollectedBy,remarks
"5669bdb1-d0c4-434f-a27a-0038615cad8a","D09","PRPO","PRPO.AOS.groundwater.well.001",47.129125,-99.251580,0.1,592.0,0.1,"WGS84","2017-10-16T14:35Z","lake",,,,"PRPO.W1.20171016","PRPO.20171016","NEON.DOC.002905vE","low-flow","Groundwater Pump",7.2,2.7,4.5,3.7,,,,,,,,,,5.1,,,9.60,5504.00,10.00,,"clear","colorless","jeldridge@neoninc.org","rhowell@battelleecology.org",
"bac8a1a5-6b6a-4fbd-a438-78cfa5debfee","D09","PRPO","PRPO.AOS.groundwater.well.003",47.127319,-99.255063,0.1,594.4,0.1,"WGS84","2017-10-16T15:57Z","lake",,,,"PRPO.W3.20171016","PRPO.20171016","NEON.DOC.002905vE","low-flow","Groundwater Pump",9.4,4.8,4.6,5.8,,,,,,,,,,6.1,,1.37,12.70,2439.00,8.70,,"cloudy","gray","jeldridge@neoninc.org","rhowell@battelleecology.org",
"3a7e0891-f586-449c-ba80-70e522569285","D09","PRPO","PRPO.AOS.groundwater.well.005",47.129698,-99.255141,0.1,592.6,0.1,"WGS84","2017-10-16T17:25Z","lake",,,,"PRPO.W5.20171016","PRPO.20171016","NEON.DOC.002905vE","low-flow","Groundwater Pump",7.6,3.2,4.4,4.2,,,,,,,,,,4.3,,2.10,22.50,4642.00,11.00,,"clear","colorless","jeldridge@neoninc.org","rhowell@battelleecology.org",
"712cb599-6faa-4ee3-a2bd-cc5e74a9640d","D09","PRPO","PRPO.AOS.groundwater.well.007",47.131704,-99.250610,0.1,592.6,0.1,"WGS84","2017-10-16T19:32Z","lake",,,,"PRPO.W7.20171016","PRPO.20171016","NEON.DOC.002905vE","low-flow","Groundwater Pump",8.2,3.6,4.6,4.6,,,,,,,,,,8.6,,1.53,14.90,1078.00,10.60,,"clear","colorless","jeldridge@neoninc.org","rhowell@battelleecology.org",
