uid,domainID,siteID,namedLocation,decimalLatitude,decimalLongitude,coordinateUncertainty,elevation,elevationUncertainty,geodeticDatum,collectDate,aquaticSiteType,samplingImpractical,waterChemSamplesCollected,adequateSampleVol,parentSampleID,eventID,swcSamplingProtocolVersion,sampleExtractionMethod,samplerType,totalWellDepth,wellWaterDepth,waterColumnHeight,sampleDepth,purgeAverageDischargeRate,purgeTime,gwWellStabilized,purgeDryDateTime,pumpPlacementDate,screenedIntervalDepth,maxAllowableDrawdown,actualDrawdown,MADExceeded,wellVolumePurged,probeIDUnavailable,dissolvedOxygen,dissolvedOxygenSaturation,specificConductance,waterTemp,pH,waterClarityDescrip,waterColorDescrip,aCollectedBy,bCollectedBy,remarks
"367ddcc8-fa59-45b0-a4fc-55d852d3e19c","D13","COMO","COMO.AOS.groundwater.well.001",40.035039,-105.544811,0.1,3027.6,0.0,"WGS84","2020-06-11T15:11Z","stream",,"Y","Y","COMO.W1.20200611","COMO.20200611","NEON.DOC.002905vG","low-flow","Groundwater Pump",2.5,1.7,0.8,2.0,104.0,24.0,,,,,,,,2.5,,1.78,19.80,22.00,5.00,5.91,"clear","brown","0000-0002-8545-6706",,
"9aa0fca0-9c51-4832-9538-aa2a0a8ddf5c","D13","COMO","COMO.AOS.groundwater.well.002",40.035081,-105.545205,0.1,3029.5,0.0,"WGS84","2020-06-11T16:22Z","stream",,"Y","Y","COMO.W2.20200611","COMO.20200611","NEON.DOC.002905vG","low-flow","Groundwater Pump",2.3,1.2,1.1,1.8,141.7,36.0,,,,,,,,5.1,,3.26,36.20,27.90,4.90,6.66,"clear","colorless","0000-0002-8545-6706","0000-0002-8545-6706",
"cb3cc5e9-992b-4654-aa32-0c73c21a33c6","D13","COMO","COMO.AOS.groundwater.well.003",40.034929,-105.544872,0.1,3027.6,0.0,"WGS84","2020-06-11T17:13Z","stream",,"Y","Y","COMO.W3.20200611","COMO.20200611","NEON.DOC.002905vG","low-flow","Groundwater Pump",1.9,1.0,0.9,1.4,176.0,31.0,,,,,,,,5.5,,1.74,19.30,28.80,4.90,6.38,"clear","brown","0000-0002-8545-6706","0000-0002-8545-6706",
"347f1276-b679-4428-bd07-00f7784d760f","D13","COMO","COMO.AOS.groundwater.well.004",40.034756,-105.544637,0.1,3027.1,0.0,"WGS84","2020-06-11T18:30Z","stream",,"Y","Y","COMO.W4.20200611","COMO.20200611","NEON.DOC.002905vG","low-flow","Groundwater Pump",2.7,1.4,1.3,2.2,180.0,28.0,,,,,,,,5.0,,3.07,33.10,37.60,4.30,5.76,"clear","colorless","0000-0002-8545-6706","0000-0002-8545-6706",
