uid,domainID,siteID,namedLocation,collectDate,parentSampleID,sampleCondition,sampleID,replicateNumber,gwwDICBubbleFree,gwwFiltSampleHeadspace,gwwAlkSampleHeadspace,gwwAlkSampleBubbleFree,processedDate,processedDateFilters,sampleVolumeFiltered,shipmentTimeRange
"35837f27-86d9-4c6e-990e-e9f1d6ae33cc","D13","COMO","COMO.AOS.groundwater.well.001","2020-06-11T15:11Z","COMO.W1.20200611","Sample condition ok","COMO.W1.20200611",1,,,,,"2020-06-11T15:11Z","2020-06-11T15:11Z",950.0,"within 24 hours of collection"
"a3345c38-caf5-4920-a81a-fb2e3a46ee6a","D13","COMO","COMO.AOS.groundwater.well.002","2020-06-11T16:22Z","COMO.W2.20200611","Sample condition ok","COMO.W2.20200611",1,,,,,"2020-06-11T16:22Z","2020-06-11T16:22Z",375.0,"within 24 hours of collection"
"e7b2f3c1-6034-45ee-a533-4984d3e126f9","D13","COMO","COMO.AOS.groundwater.well.003","2020-06-11T17:13Z","COMO.W3.20200611","Sample condition ok","COMO.W3.20200611",1,,,,,"2020-06-11T17:13Z",,30.0,"within 24 hours of collection"
"39fc2cfc-75d2-4008-93ab-7a5e75892e76","D13","COMO","COMO.AOS.groundwater.well.004","2020-06-11T18:30Z","COMO.W4.20200611","Sample condition ok","COMO.W4.20200611",1,,,,,"2020-06-11T18:30Z","2020-06-11T18:25Z",50.0,"within 24 hours of collection"
