uid,domainID,siteID,namedLocation,sampleID,sampleCode,startDate,collectDate,laboratoryName,analyte,analyteConcentration,analyteUnits,coolerTemp,remarks,shipmentWarmQF,externalLabDataQF,sampleCondition
"d53cff64-b76e-4120-92bb-5eac0373f367","D07","WALK","WALK.AOS.groundwater.well.003","WALK.W3.20190619.FIL","A00000045657","2019-06-19T13:18Z","2019-06-19T13:18Z","EcoCore_CSU","TDS",190.3900,"milligramsPerLiter",5.4,,0,"formatChange","GOOD"
"21c6f1d3-3252-4e66-a9bb-40917cdac729","D07","WALK","WALK.AOS.groundwater.well.003","WALK.W3.20190619.FIL","A00000045657","2019-06-19T13:18Z","2019-06-19T13:18Z","EcoCore_CSU","HCO3",153.6400,"milligramsPerLiter",5.4,,0,"formatChange","GOOD"
"9e54a4ec-367c-4b06-b8fc-9fee4fc7ab54","D07","WALK","WALK.AOS.groundwater.well.003","WALK.W3.20190619.FIL","A00000045657","2019-06-19T13:18Z","2019-06-19T13:18Z","EcoCore_CSU","DIC",37.9100,"milligramsPerLiter",5.4,,0,"formatChange","GOOD"
"3f56c706-bff5-4cd5-88d2-141c9e56aff8","D07","WALK","WALK.AOS.groundwater.well.003","WALK.W3.20190619.PCN","A00000045652","2019-06-19T13:18Z","2019-06-19T13:18Z","EcoCore_CSU","TPC",0.4138,"milligram",5.4,,0,"formatChange","GOOD"
"0073742b-ebb5-4bd5-ba0d-cfab8a98bdbe","D07","WALK","WALK.AOS.groundwater.well.003","WALK.W3.20190619.PCN","A00000045652","2019-06-19T13:18Z","2019-06-19T13:18Z","EcoCore_CSU","TPN",0.1348,"milligram",5.4,,0,"formatChange","GOOD"
"560653a0-fa75-42c1-9c4e-5315cd724a6b","D07","WALK","WALK.AOS.groundwater.well.003","WALK.W3.20190619.RAW","A00000045656","2019-06-19T13:18Z","2019-06-19T13:18Z","EcoCore_CSU","TN",0.0365,"milligramsPerLiter",5.4,,0,"formatChange","GOOD"
"5d8c2c7b-1177-4468-97d0-709392b8c82d","D07","WALK","WALK.AOS.groundwater.well.003","WALK.W3.20190619.FIL","A00000045657","2019-06-19T13:18Z","2019-06-19T13:18Z","EcoCore_CSU","DOC",1.2450,"milligramsPerLiter",5.4,,0,"formatChange","GOOD"
"4ae603e0-8f7d-412d-a5e5-d7af576d9b9e","D07","WALK","WALK.AOS.groundwater.well.003","WALK.W3.20190619.FIL","A00000045657","2019-06-19T13:18Z","2019-06-19T13:18Z","EcoCore_CSU","Ortho - P",0.0330,"milligramsPerLiter",5.4,,0,"formatChange","GOOD"
"0a9ff62a-e659-4b4f-8117-220631c760b3","D07","WALK","WALK.AOS.groundwater.well.003","WALK.W3.20190619.FIL","A00000045657","2019-06-19T13:18Z","2019-06-19T13:18Z","EcoCore_CSU","K",0.6600,"milligramsPerLiter",5.4,,0,"formatChange","GOOD"
"3c77e432-fafc-4003-8e8f-30ecac9c48e4","D07","WALK","WALK.AOS.groundwater.well.003","WALK.W3.20190619.RAW","A00000045656","2019-06-19T13:18Z","2019-06-19T13:18Z","EcoCore_CSU","conductivity",270.1100,"microsiemensPerCentimeter",5.4,,0,"formatChange","GOOD"
"40cc25bc-1ac8-4342-84cb-7b6ce86a97f7","D07","WALK","WALK.AOS.groundwater.well.003","WALK.W3.20190619.FIL","A00000045657","2019-06-19T13:18Z","2019-06-19T13:18Z","EcoCore_CSU","NO3+NO2 - N",0.0769,"milligramsPerLiter",5.4,,0,"formatChange","GOOD"
"f7933cbd-13df-462a-9980-069b5717dc5f","D07","WALK","WALK.AOS.groundwater.well.003","WALK.W3.20190619.FIL","A00000045657","2019-06-19T13:18Z","2019-06-19T13:18Z","EcoCore_CSU","Fe",0.0005,"milligramsPerLiter",5.4,,0,"formatChange","GOOD"
"f07b5d9c-1b8c-423b-9216-db2ddbaa98ba","D07","WALK","WALK.AOS.groundwater.well.003","WALK.W3.20190619.FIL","A00000045657","2019-06-19T13:18Z","2019-06-19T13:18Z","EcoCore_CSU","TDN",0.1049,"milligramsPerLiter",5.4,,0,"formatChange","GOOD"
"8407284a-ab57-42b3-b21b-dc8a6d043b79","D07","WALK","WALK.AOS.groundwater.well.003","WALK.W3.20190619.FIL","A00000045657","2019-06-19T13:18Z","2019-06-19T13:18Z","EcoCore_CSU","Ca",29.1642,"milligramsPerLiter",5.4,,0,"formatChange","GOOD"
"cc0e3b46-8943-4fce-98df-403e5c049ab0","D07","WALK","WALK.AOS.groundwater.well.003","WALK.W3.20190619.FIL","A00000045657","2019-06-19T13:18Z","2019-06-19T13:18Z","EcoCore_CSU","SO4",4.1640,"milligramsPerLiter",5.4,,0,"formatChange","GOOD"
"fa0b613b-2fcd-4fe4-a041-e35a843f138f","D07","WALK","WALK.AOS.groundwater.well.003","WALK.W3.20190619.RAW","A00000045656","2019-06-19T13:18Z","2019-06-19T13:18Z","EcoCore_CSU","TSS - Dry Mass",800.0000,"microgram",5.4,,0,"formatChange","GOOD"
"7f3ece3d-efbe-4253-bead-17f7ed878ea2","D07","WALK","WALK.AOS.groundwater.well.003","WALK.W3.20190619.FIL","A00000045657","2019-06-19T13:18Z","2019-06-19T13:18Z","EcoCore_CSU","UV Absorbance (280 nm)",0.0114,,5.4,,0,"formatChange","GOOD"
"b4002969-cea5-424f-ad49-ac8ace460c70","D07","WALK","WALK.AOS.groundwater.well.003","WALK.W3.20190619.FIL","A00000045657","2019-06-19T13:18Z","2019-06-19T13:18Z","EcoCore_CSU","NO2 - N",-0.0037,"milligramsPerLiter",5.4,,0,"formatChange","GOOD"
"4f6c3606-1dd3-412b-bb54-1139bd179ea8","D07","WALK","WALK.AOS.groundwater.well.003","WALK.W3.20190619.FIL","A00000045657","2019-06-19T13:18Z","2019-06-19T13:18Z","EcoCore_CSU","Si",4.4913,"milligramsPerLiter",5.4,,0,"formatChange","GOOD"
"3e321f06-28ba-443a-a218-d2443f3d37f5","D07","WALK","WALK.AOS.groundwater.well.003","WALK.W3.20190619.FIL","A00000045657","2019-06-19T13:18Z","2019-06-19T13:18Z","EcoCore_CSU","Br",0.0050,"milligramsPerLiter",5.4,,0,"formatChange","GOOD"
"6c7798cd-f769-4f61-a54f-462b9d7f62a6","D07","WALK","WALK.AOS.groundwater.well.003","WALK.W3.20190619.FIL","A00000045657","2019-06-19T13:18Z","2019-06-19T13:18Z","EcoCore_CSU","NH4 - N",0.0237,"milligramsPerLiter",5.4,,0,"formatChange","GOOD"
"d3e4c1d6-7394-4fca-be33-7a92a1db4277","D07","WALK","WALK.AOS.groundwater.well.003","WALK.W3.20190619.FIL","A00000045657","2019-06-19T13:18Z","2019-06-19T13:18Z","EcoCore_CSU","CO3",0.0050,"milligramsPerLiter",5.4,,0,"formatChange","GOOD"
"2fe32dd5-864d-4513-b477-633d20f2024f","D07","WALK","WALK.AOS.groundwater.well.003","WALK.W3.20190619.RAW","A00000045656","2019-06-19T13:18Z","2019-06-19T13:18Z","EcoCore_CSU","TOC",0.7750,"milligramsPerLiter",5.4,,0,"formatChange","GOOD"
"5ff95af8-6331-4459-a25d-0ffede4784e5","D07","WALK","WALK.AOS.groundwater.well.003","WALK.W3.20190619.FIL","A00000045657","2019-06-19T13:18Z","2019-06-19T13:18Z","EcoCore_CSU","UV Absorbance (250 nm)",0.0116,,5.4,,0,"formatChange","GOOD"
"ce38c139-79f7-49b1-b569-7fac373e0e29","D07","WALK","WALK.AOS.groundwater.well.003","WALK.W3.20190619.FIL","A00000045657","2019-06-19T13:18Z","2019-06-19T13:18Z","EcoCore_CSU","Na",0.5570,"milligramsPerLiter",5.4,,0,"formatChange","GOOD"
"39927a93-0ba1-4f4b-96ec-2333f3d7451f","D07","WALK","WALK.AOS.groundwater.well.003","WALK.W3.20190619.RAW","A00000045656","2019-06-19T13:18Z","2019-06-19T13:18Z","EcoCore_CSU","pH",7.3400,"pH",5.4,,0,"formatChange","GOOD"
"42b54a31-bdc7-4a94-a8d8-5f12eab75be2","D07","WALK","WALK.AOS.groundwater.well.003","WALK.W3.20190619.RAW","A00000045656","2019-06-19T13:18Z","2019-06-19T13:18Z","EcoCore_CSU","ANC",2.7500,"milliequivalentsPerLiter",5.4,,0,"formatChange","GOOD"
"f89d5974-4c9e-4569-bb0b-932edeb130c8","D07","WALK","WALK.AOS.groundwater.well.003","WALK.W3.20190619.FIL","A00000045657","2019-06-19T13:18Z","2019-06-19T13:18Z","EcoCore_CSU","TDP",0.0333,"milligramsPerLiter",5.4,,0,"formatChange","GOOD"
"255ddeb5-ba7f-4025-a5cb-acfe58b1600e","D07","WALK","WALK.AOS.groundwater.well.003","WALK.W3.20190619.RAW","A00000045656","2019-06-19T13:18Z","2019-06-19T13:18Z","EcoCore_CSU","TSS",16.0000,"milligramsPerLiter",5.4,,0,"formatChange","GOOD"
"4d786429-7c8a-4747-a9b2-dca43ee84107","D07","WALK","WALK.AOS.groundwater.well.003","WALK.W3.20190619.FIL","A00000045657","2019-06-19T13:18Z","2019-06-19T13:18Z","EcoCore_CSU","Mg",14.3500,"milligramsPerLiter",5.4,,0,"formatChange","GOOD"
"b617b5fa-061b-4c56-9f48-45340660f661","D07","WALK","WALK.AOS.groundwater.well.003","WALK.W3.20190619.FIL","A00000045657","2019-06-19T13:18Z","2019-06-19T13:18Z","EcoCore_CSU","Cl",1.3671,"milligramsPerLiter",5.4,,0,"formatChange","GOOD"
"da11a374-2eb1-457b-a46d-dff8ed5bafb8","D07","WALK","WALK.AOS.groundwater.well.003","WALK.W3.20190619.FIL","A00000045657","2019-06-19T13:18Z","2019-06-19T13:18Z","EcoCore_CSU","F",1.3722,"milligramsPerLiter",5.4,,0,"formatChange","GOOD"
"184617b6-ceeb-44d1-960a-4702a54d072b","D07","WALK","WALK.AOS.groundwater.well.003","WALK.W3.20190619.RAW","A00000045656","2019-06-19T13:18Z","2019-06-19T13:18Z","EcoCore_CSU","TP",0.0440,"milligramsPerLiter",5.4,,0,"formatChange","GOOD"
"897b1345-acac-440e-a389-c2229ae64b78","D07","WALK","WALK.AOS.groundwater.well.003","WALK.W3.20190619.FIL","A00000045657","2019-06-19T13:18Z","2019-06-19T13:18Z","EcoCore_CSU","Mn",0.0005,"milligramsPerLiter",5.4,,0,"formatChange","GOOD"
"b70191db-b7ab-431a-aeed-837bcfb9abba","D07","WALK","WALK.AOS.groundwater.well.001","WALK.W1.20190619.FIL","A00000045659","2019-06-19T14:57Z","2019-06-19T14:57Z","EcoCore_CSU","Cl",6.0158,"milligramsPerLiter",5.4,,0,"formatChange","GOOD"
"0110819f-feba-4942-9856-a55f3e6e0406","D07","WALK","WALK.AOS.groundwater.well.001","WALK.W1.20190619.FIL","A00000045659","2019-06-19T14:57Z","2019-06-19T14:57Z","EcoCore_CSU","NH4 - N",0.0312,"milligramsPerLiter",5.4,,0,"formatChange","GOOD"
"d6a877be-74f0-4cb2-a4cb-5a0ecd9dc6be","D07","WALK","WALK.AOS.groundwater.well.001","WALK.W1.20190619.RAW","A00000045655","2019-06-19T14:57Z","2019-06-19T14:57Z","EcoCore_CSU","ANC",3.2400,"milliequivalentsPerLiter",5.4,,0,"formatChange","GOOD"
"e00d9121-73b9-4207-bd0c-769a90a1a8fd","D07","WALK","WALK.AOS.groundwater.well.001","WALK.W1.20190619.FIL","A00000045659","2019-06-19T14:57Z","2019-06-19T14:57Z","EcoCore_CSU","UV Absorbance (250 nm)",0.0156,,5.4,,0,"formatChange","GOOD"
"89ce3f69-f24f-4ed3-a25b-2f91129ce968","D07","WALK","WALK.AOS.groundwater.well.001","WALK.W1.20190619.FIL","A00000045659","2019-06-19T14:57Z","2019-06-19T14:57Z","EcoCore_CSU","Mg",17.0300,"milligramsPerLiter",5.4,,0,"formatChange","GOOD"
"50fb819c-1f38-447a-aa4c-18db6a83aad8","D07","WALK","WALK.AOS.groundwater.well.001","WALK.W1.20190619.FIL","A00000045659","2019-06-19T14:57Z","2019-06-19T14:57Z","EcoCore_CSU","Mn",0.0005,"milligramsPerLiter",5.4,,0,"formatChange","GOOD"
"467304d1-6eff-40a7-a56d-e4a418c83ce2","D07","WALK","WALK.AOS.groundwater.well.001","WALK.W1.20190619.FIL","A00000045659","2019-06-19T14:57Z","2019-06-19T14:57Z","EcoCore_CSU","F",0.5847,"milligramsPerLiter",5.4,,0,"formatChange","GOOD"
"aa0e533f-e137-4dc5-9ff9-a0f578478ef4","D07","WALK","WALK.AOS.groundwater.well.001","WALK.W1.20190619.PCN","A00000045644","2019-06-19T14:57Z","2019-06-19T14:57Z","EcoCore_CSU","TPC",0.2514,"milligram",5.4,,0,"formatChange","GOOD"
"66d2476f-4ea1-4cc6-b773-4afe4bb0ebf9","D07","WALK","WALK.AOS.groundwater.well.001","WALK.W1.20190619.RAW","A00000045655","2019-06-19T14:57Z","2019-06-19T14:57Z","EcoCore_CSU","pH",7.4400,"pH",5.4,,0,"formatChange","GOOD"
"344690c4-722c-4473-a444-5c508c6851fe","D07","WALK","WALK.AOS.groundwater.well.001","WALK.W1.20190619.PCN","A00000045644","2019-06-19T14:57Z","2019-06-19T14:57Z","EcoCore_CSU","TPN",0.1351,"milligram",5.4,,0,"formatChange","GOOD"
"bfd0fd5e-1f99-4990-9f5c-1b06953c9a59","D07","WALK","WALK.AOS.groundwater.well.001","WALK.W1.20190619.RAW","A00000045655","2019-06-19T14:57Z","2019-06-19T14:57Z","EcoCore_CSU","conductivity",338.9900,"microsiemensPerCentimeter",5.4,,0,"formatChange","GOOD"
"754ff7c1-e3b0-46ab-b825-ad05eec9ab7b","D07","WALK","WALK.AOS.groundwater.well.001","WALK.W1.20190619.RAW","A00000045655","2019-06-19T14:57Z","2019-06-19T14:57Z","EcoCore_CSU","TP",0.0410,"milligramsPerLiter",5.4,,0,"formatChange","GOOD"
"bcc1df7e-a9ee-4338-a4ff-e0b78488f0cb","D07","WALK","WALK.AOS.groundwater.well.001","WALK.W1.20190619.FIL","A00000045659","2019-06-19T14:57Z","2019-06-19T14:57Z","EcoCore_CSU","TDP",0.0155,"milligramsPerLiter",5.4,,0,"formatChange","GOOD"
"a3b76d82-aae1-4f8e-af96-0dccc2b8dbca","D07","WALK","WALK.AOS.groundwater.well.001","WALK.W1.20190619.FIL","A00000045659","2019-06-19T14:57Z","2019-06-19T14:57Z","EcoCore_CSU","Si",3.9924,"milligramsPerLiter",5.4,,0,"formatChange","GOOD"
"f6bef234-321a-4475-b5de-94a1e64d206a","D07","WALK","WALK.AOS.groundwater.well.001","WALK.W1.20190619.FIL","A00000045659","2019-06-19T14:57Z","2019-06-19T14:57Z","EcoCore_CSU","NO3+NO2 - N",0.0997,"milligramsPerLiter",5.4,,0,"formatChange","GOOD"
"d6c4797b-41e4-4b29-94e7-a231d27eb5dc","D07","WALK","WALK.AOS.groundwater.well.001","WALK.W1.20190619.FIL","A00000045659","2019-06-19T14:57Z","2019-06-19T14:57Z","EcoCore_CSU","UV Absorbance (280 nm)",0.0139,,5.4,,0,"formatChange","GOOD"
"f7342954-cdf1-4d8c-a388-3309b25b1d5b","D07","WALK","WALK.AOS.groundwater.well.001","WALK.W1.20190619.FIL","A00000045659","2019-06-19T14:57Z","2019-06-19T14:57Z","EcoCore_CSU","Na",0.6510,"milligramsPerLiter",5.4,,0,"formatChange","GOOD"
"6f514156-1b17-4398-84ab-e410e3497b43","D07","WALK","WALK.AOS.groundwater.well.001","WALK.W1.20190619.FIL","A00000045659","2019-06-19T14:57Z","2019-06-19T14:57Z","EcoCore_CSU","SO4",8.3760,"milligramsPerLiter",5.4,,0,"formatChange","GOOD"
"6378c611-fa03-4a7b-806b-00c354c74130","D07","WALK","WALK.AOS.groundwater.well.001","WALK.W1.20190619.FIL","A00000045659","2019-06-19T14:57Z","2019-06-19T14:57Z","EcoCore_CSU","NO2 - N",-0.0038,"milligramsPerLiter",5.4,,0,"formatChange","GOOD"
"04c60fb3-5dfd-4bd5-8c26-6d6360fa9787","D07","WALK","WALK.AOS.groundwater.well.001","WALK.W1.20190619.RAW","A00000045655","2019-06-19T14:57Z","2019-06-19T14:57Z","EcoCore_CSU","TSS",8.0000,"milligramsPerLiter",5.4,,0,"formatChange","GOOD"
"6189be68-0fd7-4ce1-9e05-1f6775c078a1","D07","WALK","WALK.AOS.groundwater.well.001","WALK.W1.20190619.FIL","A00000045659","2019-06-19T14:57Z","2019-06-19T14:57Z","EcoCore_CSU","CO3",0.0050,"milligramsPerLiter",5.4,,0,"formatChange","GOOD"
"df444d92-30aa-48fc-bb25-6540c96273ca","D07","WALK","WALK.AOS.groundwater.well.001","WALK.W1.20190619.FIL","A00000045659","2019-06-19T14:57Z","2019-06-19T14:57Z","EcoCore_CSU","Fe",0.0100,"milligramsPerLiter",5.4,,0,"formatChange","GOOD"
"61b6cee3-3d60-4ae3-b4dd-865a65b8fb2c","D07","WALK","WALK.AOS.groundwater.well.001","WALK.W1.20190619.FIL","A00000045659","2019-06-19T14:57Z","2019-06-19T14:57Z","EcoCore_CSU","HCO3",184.1700,"milligramsPerLiter",5.4,,0,"formatChange","GOOD"
"4397f39a-1ed0-42a2-916d-34809f5a0157","D07","WALK","WALK.AOS.groundwater.well.001","WALK.W1.20190619.RAW","A00000045655","2019-06-19T14:57Z","2019-06-19T14:57Z","EcoCore_CSU","TSS - Dry Mass",400.0000,"microgram",5.4,,0,"formatChange","GOOD"
"73c282f4-33a8-4fdc-a761-5d3532d6fda0","D07","WALK","WALK.AOS.groundwater.well.001","WALK.W1.20190619.FIL","A00000045659","2019-06-19T14:57Z","2019-06-19T14:57Z","EcoCore_CSU","DIC",44.6800,"milligramsPerLiter",5.4,,0,"formatChange","GOOD"
"4b9a3194-9716-44fb-8b58-a42b51ecb55c","D07","WALK","WALK.AOS.groundwater.well.001","WALK.W1.20190619.FIL","A00000045659","2019-06-19T14:57Z","2019-06-19T14:57Z","EcoCore_CSU","Ca",38.2369,"milligramsPerLiter",5.4,,0,"formatChange","GOOD"
"184f11a5-ca65-4114-9aab-2788a32640a6","D07","WALK","WALK.AOS.groundwater.well.001","WALK.W1.20190619.RAW","A00000045655","2019-06-19T14:57Z","2019-06-19T14:57Z","EcoCore_CSU","TN",0.0864,"milligramsPerLiter",5.4,,0,"formatChange","GOOD"
"1017115b-83f0-4bc8-85be-e5cb234e81c7","D07","WALK","WALK.AOS.groundwater.well.001","WALK.W1.20190619.FIL","A00000045659","2019-06-19T14:57Z","2019-06-19T14:57Z","EcoCore_CSU","TDS",238.6900,"milligramsPerLiter",5.4,,0,"formatChange","GOOD"
"8248a72d-884c-48f5-9384-4c2037bfcf24","D07","WALK","WALK.AOS.groundwater.well.001","WALK.W1.20190619.RAW","A00000045655","2019-06-19T14:57Z","2019-06-19T14:57Z","EcoCore_CSU","TOC",0.4503,"milligramsPerLiter",5.4,,0,"formatChange","GOOD"
"83abf551-07ad-4579-9842-97387a126041","D07","WALK","WALK.AOS.groundwater.well.001","WALK.W1.20190619.FIL","A00000045659","2019-06-19T14:57Z","2019-06-19T14:57Z","EcoCore_CSU","DOC",0.7131,"milligramsPerLiter",5.4,,0,"formatChange","GOOD"
"dba2f3d8-908a-4d23-9fad-1c7d606b0a69","D07","WALK","WALK.AOS.groundwater.well.001","WALK.W1.20190619.FIL","A00000045659","2019-06-19T14:57Z","2019-06-19T14:57Z","EcoCore_CSU","Ortho - P",0.0290,"milligramsPerLiter",5.4,,0,"formatChange","GOOD"
"e0944094-5efd-40be-a114-a694db80fda0","D07","WALK","WALK.AOS.groundwater.well.001","WALK.W1.20190619.FIL","A00000045659","2019-06-19T14:57Z","2019-06-19T14:57Z","EcoCore_CSU","K",0.7490,"milligramsPerLiter",5.4,,0,"formatChange","GOOD"
"983aa6f8-08a3-4e0f-9529-2bb0cf95de05","D07","WALK","WALK.AOS.groundwater.well.001","WALK.W1.20190619.FIL","A00000045659","2019-06-19T14:57Z","2019-06-19T14:57Z","EcoCore_CSU","Br",0.0050,"milligramsPerLiter",5.4,,0,"formatChange","GOOD"
"e7c20cb0-b4f8-4675-b097-f11e9b4d727d","D07","WALK","WALK.AOS.groundwater.well.001","WALK.W1.20190619.FIL","A00000045659","2019-06-19T14:57Z","2019-06-19T14:57Z","EcoCore_CSU","TDN",0.1035,"milligramsPerLiter",5.4,,0,"formatChange","GOOD"
"11011ac7-cd09-4393-b165-77d5d68b8ea6","D07","WALK","WALK.AOS.groundwater.well.002","WALK.W2.20190619.FIL","A00000045658","2019-06-19T16:23Z","2019-06-19T16:23Z","EcoCore_CSU","Ca",36.0341,"milligramsPerLiter",5.4,,0,"formatChange","GOOD"
"e715637d-1882-40c2-8777-6503583690b5","D07","WALK","WALK.AOS.groundwater.well.002","WALK.W2.20190619.FIL","A00000045658","2019-06-19T16:23Z","2019-06-19T16:23Z","EcoCore_CSU","NO3+NO2 - N",0.0613,"milligramsPerLiter",5.4,,0,"formatChange","GOOD"
"48d0db7c-4fff-4392-a628-68fcc72fe4cb","D07","WALK","WALK.AOS.groundwater.well.002","WALK.W2.20190619.RAW","A00000045654","2019-06-19T16:23Z","2019-06-19T16:23Z","EcoCore_CSU","ANC",2.7900,"milliequivalentsPerLiter",5.4,,0,"formatChange","GOOD"
"6f44b467-a19f-4209-994e-c4632b26c813","D07","WALK","WALK.AOS.groundwater.well.002","WALK.W2.20190619.FIL","A00000045658","2019-06-19T16:23Z","2019-06-19T16:23Z","EcoCore_CSU","TDP",0.0212,"milligramsPerLiter",5.4,,0,"formatChange","GOOD"
"ffc675a7-93e3-4b94-b10b-7ff7a8defaa5","D07","WALK","WALK.AOS.groundwater.well.002","WALK.W2.20190619.PCN","A00000045653","2019-06-19T16:23Z","2019-06-19T16:23Z","EcoCore_CSU","TPC",0.2493,"milligram",5.4,,0,"formatChange","GOOD"
"842d2964-6b38-4f36-9169-35954b9e9342","D07","WALK","WALK.AOS.groundwater.well.002","WALK.W2.20190619.RAW","A00000045654","2019-06-19T16:23Z","2019-06-19T16:23Z","EcoCore_CSU","TP",0.0901,"milligramsPerLiter",5.4,,0,"formatChange","GOOD"
"1c070083-08a4-471f-ae2f-ffa096606e3a","D07","WALK","WALK.AOS.groundwater.well.002","WALK.W2.20190619.PCN","A00000045653","2019-06-19T16:23Z","2019-06-19T16:23Z","EcoCore_CSU","TPN",0.1185,"milligram",5.4,,0,"formatChange","GOOD"
"96cfc85a-0ca6-4982-853e-6805aff361ba","D07","WALK","WALK.AOS.groundwater.well.002","WALK.W2.20190619.FIL","A00000045658","2019-06-19T16:23Z","2019-06-19T16:23Z","EcoCore_CSU","TDS",203.2600,"milligramsPerLiter",5.4,,0,"formatChange","GOOD"
"7a6b6d12-7898-4bdd-8f6b-925b0afcea55","D07","WALK","WALK.AOS.groundwater.well.002","WALK.W2.20190619.RAW","A00000045654","2019-06-19T16:23Z","2019-06-19T16:23Z","EcoCore_CSU","TN",0.0419,"milligramsPerLiter",5.4,,0,"formatChange","GOOD"
"6eeb5893-0eb2-4dae-aaf1-8d757f29c111","D07","WALK","WALK.AOS.groundwater.well.002","WALK.W2.20190619.FIL","A00000045658","2019-06-19T16:23Z","2019-06-19T16:23Z","EcoCore_CSU","Fe",0.0005,"milligramsPerLiter",5.4,,0,"formatChange","GOOD"
"39325b93-7c35-4514-bec8-9b9b58ac91ef","D07","WALK","WALK.AOS.groundwater.well.002","WALK.W2.20190619.FIL","A00000045658","2019-06-19T16:23Z","2019-06-19T16:23Z","EcoCore_CSU","Si",4.2276,"milligramsPerLiter",5.4,,0,"formatChange","GOOD"
"4ec2b09b-ee62-4fad-beba-9935c36d6360","D07","WALK","WALK.AOS.groundwater.well.002","WALK.W2.20190619.RAW","A00000045654","2019-06-19T16:23Z","2019-06-19T16:23Z","EcoCore_CSU","pH",7.3500,"pH",5.4,,0,"formatChange","GOOD"
"c157ec1c-0db7-413d-b362-5ee66b29ebf1","D07","WALK","WALK.AOS.groundwater.well.002","WALK.W2.20190619.FIL","A00000045658","2019-06-19T16:23Z","2019-06-19T16:23Z","EcoCore_CSU","Mg",12.7700,"milligramsPerLiter",5.4,,0,"formatChange","GOOD"
"0a925264-f438-4cdd-ba27-0e9854a68d94","D07","WALK","WALK.AOS.groundwater.well.002","WALK.W2.20190619.FIL","A00000045658","2019-06-19T16:23Z","2019-06-19T16:23Z","EcoCore_CSU","DOC",0.6276,"milligramsPerLiter",5.4,,0,"formatChange","GOOD"
"1107eae7-0d2d-4a2a-a392-ec83e495173e","D07","WALK","WALK.AOS.groundwater.well.002","WALK.W2.20190619.RAW","A00000045654","2019-06-19T16:23Z","2019-06-19T16:23Z","EcoCore_CSU","TSS - Dry Mass",200.0000,"microgram",5.4,,0,"formatChange","GOOD"
"ef70a51f-5b7d-41c8-a93b-0e9e5020b003","D07","WALK","WALK.AOS.groundwater.well.002","WALK.W2.20190619.FIL","A00000045658","2019-06-19T16:23Z","2019-06-19T16:23Z","EcoCore_CSU","DIC",40.2000,"milligramsPerLiter",5.4,,0,"formatChange","GOOD"
"78a641d9-a080-46cb-afd6-20ddfd632ebe","D07","WALK","WALK.AOS.groundwater.well.002","WALK.W2.20190619.FIL","A00000045658","2019-06-19T16:23Z","2019-06-19T16:23Z","EcoCore_CSU","Mn",0.0005,"milligramsPerLiter",5.4,,0,"formatChange","GOOD"
"fc184184-4546-4b16-879d-2fede5224159","D07","WALK","WALK.AOS.groundwater.well.002","WALK.W2.20190619.FIL","A00000045658","2019-06-19T16:23Z","2019-06-19T16:23Z","EcoCore_CSU","CO3",0.0050,"milligramsPerLiter",5.4,,0,"formatChange","GOOD"
"47a955a7-8d5f-4ef2-b2b7-ab79031177d4","D07","WALK","WALK.AOS.groundwater.well.002","WALK.W2.20190619.FIL","A00000045658","2019-06-19T16:23Z","2019-06-19T16:23Z","EcoCore_CSU","NH4 - N",0.0299,"milligramsPerLiter",5.4,,0,"formatChange","GOOD"
"c8ca2fb5-451a-45b3-967d-43206c65dbd6","D07","WALK","WALK.AOS.groundwater.well.002","WALK.W2.20190619.RAW","A00000045654","2019-06-19T16:23Z","2019-06-19T16:23Z","EcoCore_CSU","conductivity",289.4300,"microsiemensPerCentimeter",5.4,,0,"formatChange","GOOD"
"f572f075-1a16-4d58-9e8b-6036047a5775","D07","WALK","WALK.AOS.groundwater.well.002","WALK.W2.20190619.FIL","A00000045658","2019-06-19T16:23Z","2019-06-19T16:23Z","EcoCore_CSU","Cl",2.4551,"milligramsPerLiter",5.4,,0,"formatChange","GOOD"
"0aa6f488-f6e9-4171-9215-8332291032d0","D07","WALK","WALK.AOS.groundwater.well.002","WALK.W2.20190619.RAW","A00000045654","2019-06-19T16:23Z","2019-06-19T16:23Z","EcoCore_CSU","TSS",4.0000,"milligramsPerLiter",5.4,,0,"formatChange","GOOD"
"417e68e9-d5fb-479e-90c3-10476604d59f","D07","WALK","WALK.AOS.groundwater.well.002","WALK.W2.20190619.FIL","A00000045658","2019-06-19T16:23Z","2019-06-19T16:23Z","EcoCore_CSU","SO4",4.7070,"milligramsPerLiter",5.4,,0,"formatChange","GOOD"
"20c58eee-6f81-46a6-8a47-658026c5c9ad","D07","WALK","WALK.AOS.groundwater.well.002","WALK.W2.20190619.FIL","A00000045658","2019-06-19T16:23Z","2019-06-19T16:23Z","EcoCore_CSU","TDN",0.0815,"milligramsPerLiter",5.4,,0,"formatChange","GOOD"
"1fcc3475-7e54-4543-96aa-a0d7d95ddf1c","D07","WALK","WALK.AOS.groundwater.well.002","WALK.W2.20190619.RAW","A00000045654","2019-06-19T16:23Z","2019-06-19T16:23Z","EcoCore_CSU","TOC",0.5909,"milligramsPerLiter",5.4,,0,"formatChange","GOOD"
"09a6b56c-e3a3-4707-ac3c-aabc6ac48922","D07","WALK","WALK.AOS.groundwater.well.002","WALK.W2.20190619.FIL","A00000045658","2019-06-19T16:23Z","2019-06-19T16:23Z","EcoCore_CSU","K",0.6240,"milligramsPerLiter",5.4,,0,"formatChange","GOOD"
"abf5408b-b19f-4571-8c39-2e071c36889a","D07","WALK","WALK.AOS.groundwater.well.002","WALK.W2.20190619.FIL","A00000045658","2019-06-19T16:23Z","2019-06-19T16:23Z","EcoCore_CSU","Ortho - P",0.0290,"milligramsPerLiter",5.4,,0,"formatChange","GOOD"
"c1417d16-261c-407d-9d3b-71ba304d35a7","D07","WALK","WALK.AOS.groundwater.well.002","WALK.W2.20190619.FIL","A00000045658","2019-06-19T16:23Z","2019-06-19T16:23Z","EcoCore_CSU","NO2 - N",-0.0038,"milligramsPerLiter",5.4,,0,"formatChange","GOOD"
"91e8ade1-3ee1-42d9-91ea-c83a038e3f87","D07","WALK","WALK.AOS.groundwater.well.002","WALK.W2.20190619.FIL","A00000045658","2019-06-19T16:23Z","2019-06-19T16:23Z","EcoCore_CSU","Br",0.0050,"milligramsPerLiter",5.4,,0,"formatChange","GOOD"
"5a63f8e5-4084-4533-aca8-9338b269df95","D07","WALK","WALK.AOS.groundwater.well.002","WALK.W2.20190619.FIL","A00000045658","2019-06-19T16:23Z","2019-06-19T16:23Z","EcoCore_CSU","HCO3",164.5300,"milligramsPerLiter",5.4,,0,"formatChange","GOOD"
"65b9cb9f-e236-4afb-947e-01c4f1ab3bae","D07","WALK","WALK.AOS.groundwater.well.002","WALK.W2.20190619.FIL","A00000045658","2019-06-19T16:23Z","2019-06-19T16:23Z","EcoCore_CSU","F",1.0626,"milligramsPerLiter",5.4,,0,"formatChange","GOOD"
"9d2f163a-5517-442b-80b4-473d5891ea06","D07","WALK","WALK.AOS.groundwater.well.002","WALK.W2.20190619.FIL","A00000045658","2019-06-19T16:23Z","2019-06-19T16:23Z","EcoCore_CSU","UV Absorbance (250 nm)",0.0082,,5.4,,0,"formatChange","GOOD"
"330db4ff-4fa5-4579-837e-2987472380d2","D07","WALK","WALK.AOS.groundwater.well.002","WALK.W2.20190619.FIL","A00000045658","2019-06-19T16:23Z","2019-06-19T16:23Z","EcoCore_CSU","UV Absorbance (280 nm)",0.0068,,5.4,,0,"formatChange","GOOD"
"ddfb9ab8-2089-4282-8aaa-bd46f018e23b","D07","WALK","WALK.AOS.groundwater.well.002","WALK.W2.20190619.FIL","A00000045658","2019-06-19T16:23Z","2019-06-19T16:23Z","EcoCore_CSU","Na",0.6300,"milligramsPerLiter",5.4,,0,"formatChange","GOOD"
