uid,domainID,siteID,namedLocation,sampleID,sampleCode,startDate,collectDate,laboratoryName,analyte,analyteConcentration,analyteUnits,coolerTemp,remarks,shipmentWarmQF,externalLabDataQF,sampleCondition
"0a58c221-ea62-4803-aee8-980ece878222","D01","HOPB","HOPB.AOS.groundwater.well.002","HOPB.W2.20190312.FIL","A00000033664","2019-03-12T15:39Z","2019-03-12T15:39Z","EcoCore_CSU","Na",,"milligramsPerLiter",5.6,"No filtered sample for SWAPT|No TPCN",0,"formatChange","Other"
"d2ba771c-e519-4013-99f0-06a26a563a44","D01","HOPB","HOPB.AOS.groundwater.well.002","HOPB.W2.20190312.FIL","A00000033664","2019-03-12T15:39Z","2019-03-12T15:39Z","EcoCore_CSU","TDS",,"milligramsPerLiter",5.6,"No filtered sample for SWAPT|No TPCN",0,"formatChange","Other"
"5aae01ac-22c6-4aac-a283-6327ce226520","D01","HOPB","HOPB.AOS.groundwater.well.002","HOPB.W2.20190312.FIL","A00000033664","2019-03-12T15:39Z","2019-03-12T15:39Z","EcoCore_CSU","Mn",,"milligramsPerLiter",5.6,"No filtered sample for SWAPT|No TPCN",0,"formatChange","Other"
"3d8a7ba0-112f-4018-9635-f096708724af","D01","HOPB","HOPB.AOS.groundwater.well.002","HOPB.W2.20190312.RAW","A00000033595","2019-03-12T15:39Z","2019-03-12T15:39Z","EcoCore_CSU","pH",6.7100,"pH",5.6,,0,"formatChange","GOOD"
"73e47499-85dc-42a2-af4a-6ada4a952e32","D01","HOPB","HOPB.AOS.groundwater.well.002","HOPB.W2.20190312.FIL","A00000033664","2019-03-12T15:39Z","2019-03-12T15:39Z","EcoCore_CSU","NH4 - N",0.1415,"milligramsPerLiter",5.6,"No filtered sample for SWAPT|No TPCN",0,"formatChange","Other"
"bcce1d99-0e54-4468-be43-603bb13f7839","D01","HOPB","HOPB.AOS.groundwater.well.002","HOPB.W2.20190312.FIL","A00000033664","2019-03-12T15:39Z","2019-03-12T15:39Z","EcoCore_CSU","SO4",,"milligramsPerLiter",5.6,"No filtered sample for SWAPT|No TPCN",0,"formatChange","Other"
"4fcfa470-361d-4cc1-9d1e-5438e9eac317","D01","HOPB","HOPB.AOS.groundwater.well.002","HOPB.W2.20190312.RAW","A00000033595","2019-03-12T15:39Z","2019-03-12T15:39Z","EcoCore_CSU","TSS - Dry Mass",7700.0000,"microgram",5.6,,0,"formatChange","GOOD"
"7c7e473d-191d-4c4b-9d36-ae3055494d6d","D01","HOPB","HOPB.AOS.groundwater.well.002","HOPB.W2.20190312.RAW","A00000033595","2019-03-12T15:39Z","2019-03-12T15:39Z","EcoCore_CSU","TOC",5.7130,"milligramsPerLiter",5.6,,0,"formatChange","GOOD"
"ac22ebe1-5551-4784-8266-062a934b63bd","D01","HOPB","HOPB.AOS.groundwater.well.002","HOPB.W2.20190312.FIL","A00000033664","2019-03-12T15:39Z","2019-03-12T15:39Z","EcoCore_CSU","Ca",,"milligramsPerLiter",5.6,"No filtered sample for SWAPT|No TPCN",0,"formatChange","Other"
"12bcb2ee-88c0-4215-bd3f-7c46c054c6dc","D01","HOPB","HOPB.AOS.groundwater.well.002","HOPB.W2.20190312.RAW","A00000033595","2019-03-12T15:39Z","2019-03-12T15:39Z","EcoCore_CSU","TP",1.1220,"milligramsPerLiter",5.6,,0,"formatChange","GOOD"
"4eafcd19-448a-4718-bebe-5850a16782d6","D01","HOPB","HOPB.AOS.groundwater.well.002","HOPB.W2.20190312.FIL","A00000033664","2019-03-12T15:39Z","2019-03-12T15:39Z","EcoCore_CSU","NO2 - N",-0.1417,"milligramsPerLiter",5.6,"No filtered sample for SWAPT|No TPCN",0,"formatChange","Other"
"e40341a6-b24b-4c7b-99c5-b8dda999ba0e","D01","HOPB","HOPB.AOS.groundwater.well.002","HOPB.W2.20190312.FIL","A00000033664","2019-03-12T15:39Z","2019-03-12T15:39Z","EcoCore_CSU","TDP",,"milligramsPerLiter",5.6,"No filtered sample for SWAPT|No TPCN",0,"formatChange","Other"
"c0ca5b80-93d6-4ce0-9102-23e72c29647a","D01","HOPB","HOPB.AOS.groundwater.well.002","HOPB.W2.20190312.FIL","A00000033664","2019-03-12T15:39Z","2019-03-12T15:39Z","EcoCore_CSU","UV Absorbance (280 nm)",0.0524,,5.6,"No filtered sample for SWAPT|No TPCN",0,"formatChange","Other"
"5c3104ae-7eac-4257-b753-97199c958400","D01","HOPB","HOPB.AOS.groundwater.well.002","HOPB.W2.20190312.RAW","A00000033595","2019-03-12T15:39Z","2019-03-12T15:39Z","EcoCore_CSU","TSS",154.0000,"milligramsPerLiter",5.6,,0,"formatChange","GOOD"
"e7567e1c-8782-42ac-a4f5-a77a93361ed7","D01","HOPB","HOPB.AOS.groundwater.well.002","HOPB.W2.20190312.FIL","A00000033664","2019-03-12T15:39Z","2019-03-12T15:39Z","EcoCore_CSU","Mg",,"milligramsPerLiter",5.6,"No filtered sample for SWAPT|No TPCN",0,"formatChange","Other"
"afb57d45-1c4f-4762-9ced-f369c6c7e375","D01","HOPB","HOPB.AOS.groundwater.well.002","HOPB.W2.20190312.FIL","A00000033664","2019-03-12T15:39Z","2019-03-12T15:39Z","EcoCore_CSU","Fe",,"milligramsPerLiter",5.6,"No filtered sample for SWAPT|No TPCN",0,"formatChange","Other"
"bfba37ef-d831-42c4-aa23-18c54d9c272c","D01","HOPB","HOPB.AOS.groundwater.well.002","HOPB.W2.20190312.RAW","A00000033595","2019-03-12T15:39Z","2019-03-12T15:39Z","EcoCore_CSU","TN",0.5712,"milligramsPerLiter",5.6,,0,"formatChange","GOOD"
"c441a414-ec57-4eb4-b533-79d961a8640d","D01","HOPB","HOPB.AOS.groundwater.well.002","HOPB.W2.20190312.FIL","A00000033664","2019-03-12T15:39Z","2019-03-12T15:39Z","EcoCore_CSU","UV Absorbance (250 nm)",0.0743,,5.6,"No filtered sample for SWAPT|No TPCN",0,"formatChange","Other"
"4aa4c6f3-2b55-48ed-96fc-cb74b8027cfd","D01","HOPB","HOPB.AOS.groundwater.well.002","HOPB.W2.20190312.FIL","A00000033664","2019-03-12T15:39Z","2019-03-12T15:39Z","EcoCore_CSU","NO3+NO2 - N",0.0837,"milligramsPerLiter",5.6,"No filtered sample for SWAPT|No TPCN",0,"formatChange","Other"
"bb0314e1-f0bf-4c81-9f0f-f2287627fa3e","D01","HOPB","HOPB.AOS.groundwater.well.002","HOPB.W2.20190312.FIL","A00000033664","2019-03-12T15:39Z","2019-03-12T15:39Z","EcoCore_CSU","F",,"milligramsPerLiter",5.6,"No filtered sample for SWAPT|No TPCN",0,"formatChange","Other"
"4ba04a72-cb61-49e8-9da0-b3915c22c98a","D01","HOPB","HOPB.AOS.groundwater.well.002","HOPB.W2.20190312.FIL","A00000033664","2019-03-12T15:39Z","2019-03-12T15:39Z","EcoCore_CSU","Ortho - P",0.0370,"milligramsPerLiter",5.6,"No filtered sample for SWAPT|No TPCN",0,"formatChange","Other"
"86bd1064-71a3-4761-b760-f835fe764cb3","D01","HOPB","HOPB.AOS.groundwater.well.002","HOPB.W2.20190312.FIL","A00000033664","2019-03-12T15:39Z","2019-03-12T15:39Z","EcoCore_CSU","Br",,"milligramsPerLiter",5.6,"No filtered sample for SWAPT|No TPCN",0,"formatChange","Other"
"fac03533-ecd6-4e7e-9856-11ae30de6a49","D01","HOPB","HOPB.AOS.groundwater.well.002","HOPB.W2.20190312.FIL","A00000033664","2019-03-12T15:39Z","2019-03-12T15:39Z","EcoCore_CSU","DIC",7.7420,"milligramsPerLiter",5.6,"No filtered sample for SWAPT|No TPCN",0,"formatChange","Other"
"99701ee1-fffb-49c5-9d52-ae7ce38ad981","D01","HOPB","HOPB.AOS.groundwater.well.002","HOPB.W2.20190312.FIL","A00000033664","2019-03-12T15:39Z","2019-03-12T15:39Z","EcoCore_CSU","Cl",,"milligramsPerLiter",5.6,"No filtered sample for SWAPT|No TPCN",0,"formatChange","Other"
"84fb3cb1-d009-4620-ab1a-9ccb0506a87e","D01","HOPB","HOPB.AOS.groundwater.well.002","HOPB.W2.20190312.FIL","A00000033664","2019-03-12T15:39Z","2019-03-12T15:39Z","EcoCore_CSU","Si",,"milligramsPerLiter",5.6,"No filtered sample for SWAPT|No TPCN",0,"formatChange","Other"
"6d7d1909-1ed8-430e-8af2-69826e572257","D01","HOPB","HOPB.AOS.groundwater.well.002","HOPB.W2.20190312.RAW","A00000033595","2019-03-12T15:39Z","2019-03-12T15:39Z","EcoCore_CSU","ANC",0.7300,"milliequivalentsPerLiter",5.6,,0,"formatChange","GOOD"
"c078164e-35c1-4b99-b4c2-7d1e06e5a68a","D01","HOPB","HOPB.AOS.groundwater.well.002","HOPB.W2.20190312.FIL","A00000033664","2019-03-12T15:39Z","2019-03-12T15:39Z","EcoCore_CSU","K",,"milligramsPerLiter",5.6,"No filtered sample for SWAPT|No TPCN",0,"formatChange","Other"
"13f71721-efa8-4a17-ab44-72569447fbe8","D01","HOPB","HOPB.AOS.groundwater.well.002","HOPB.W2.20190312.FIL","A00000033664","2019-03-12T15:39Z","2019-03-12T15:39Z","EcoCore_CSU","HCO3",,"milligramsPerLiter",5.6,"No filtered sample for SWAPT|No TPCN",0,"formatChange","Other"
"b58b0e87-67a7-42b8-b4e6-8271158a3b1f","D01","HOPB","HOPB.AOS.groundwater.well.002","HOPB.W2.20190312.FIL","A00000033664","2019-03-12T15:39Z","2019-03-12T15:39Z","EcoCore_CSU","CO3",,"milligramsPerLiter",5.6,"No filtered sample for SWAPT|No TPCN",0,"formatChange","Other"
"1b8c74b6-015a-44e3-a0c3-a8b6f76819c9","D01","HOPB","HOPB.AOS.groundwater.well.002","HOPB.W2.20190312.FIL","A00000033664","2019-03-12T15:39Z","2019-03-12T15:39Z","EcoCore_CSU","TDN",0.3556,"milligramsPerLiter",5.6,"No filtered sample for SWAPT|No TPCN",0,"formatChange","Other"
"8d7cca58-47e8-48c6-9f45-c8e76ad3fd7f","D01","HOPB","HOPB.AOS.groundwater.well.002","HOPB.W2.20190312.RAW","A00000033595","2019-03-12T15:39Z","2019-03-12T15:39Z","EcoCore_CSU","conductivity",72.1400,"microsiemensPerCentimeter",5.6,,0,"formatChange","GOOD"
"a1c3cec8-7d79-43b5-bf71-364d353c8e7e","D01","HOPB","HOPB.AOS.groundwater.well.002","HOPB.W2.20190312.FIL","A00000033664","2019-03-12T15:39Z","2019-03-12T15:39Z","EcoCore_CSU","DOC",3.1110,"milligramsPerLiter",5.6,"No filtered sample for SWAPT|No TPCN",0,"formatChange","Other"
"2285b55e-002e-400b-b998-98fbd7440c67","D01","HOPB","HOPB.AOS.groundwater.well.003","HOPB.W3.20190312.FIL","A00000033682","2019-03-12T16:14Z","2019-03-12T16:14Z","EcoCore_CSU","Fe",,"milligramsPerLiter",5.6,"No filtered sample for SWAPT",0,"formatChange","Other"
"33b1d9fb-ada5-48ae-b3e4-babe02f11e55","D01","HOPB","HOPB.AOS.groundwater.well.003","HOPB.W3.20190312.FIL","A00000033682","2019-03-12T16:14Z","2019-03-12T16:14Z","EcoCore_CSU","UV Absorbance (250 nm)",0.0245,,5.6,"No filtered sample for SWAPT",0,"formatChange","Other"
"d434a6b0-af3b-4ca8-96a4-f987c196b6e4","D01","HOPB","HOPB.AOS.groundwater.well.003","HOPB.W3.20190312.FIL","A00000033682","2019-03-12T16:14Z","2019-03-12T16:14Z","EcoCore_CSU","DIC",4.8830,"milligramsPerLiter",5.6,"No filtered sample for SWAPT",0,"formatChange","Other"
"e433818c-d671-4f80-9885-20ee60aa683a","D01","HOPB","HOPB.AOS.groundwater.well.003","HOPB.W3.20190312.FIL","A00000033682","2019-03-12T16:14Z","2019-03-12T16:14Z","EcoCore_CSU","NH4 - N",0.1012,"milligramsPerLiter",5.6,"No filtered sample for SWAPT",0,"formatChange","Other"
"b2eeb86b-4998-44b1-ac3e-a0c62888b422","D01","HOPB","HOPB.AOS.groundwater.well.003","HOPB.W3.20190312.PCN","A00000033648","2019-03-12T16:14Z","2019-03-12T16:14Z","EcoCore_CSU","TPN",0.0667,"milligram",5.6,,0,"formatChange","GOOD"
"61568d2d-46b6-487a-958a-89607ea1aeb7","D01","HOPB","HOPB.AOS.groundwater.well.003","HOPB.W3.20190312.FIL","A00000033682","2019-03-12T16:14Z","2019-03-12T16:14Z","EcoCore_CSU","NO2 - N",0.0394,"milligramsPerLiter",5.6,"No filtered sample for SWAPT",0,"formatChange","Other"
"af96f7a0-6c53-405c-8f58-1e329b640a35","D01","HOPB","HOPB.AOS.groundwater.well.003","HOPB.W3.20190312.RAW","A00000033612","2019-03-12T16:14Z","2019-03-12T16:14Z","EcoCore_CSU","ANC",0.6200,"milliequivalentsPerLiter",5.6,,0,"formatChange","GOOD"
"f1eebe82-f09a-4d31-8f98-6801719b1b03","D01","HOPB","HOPB.AOS.groundwater.well.003","HOPB.W3.20190312.FIL","A00000033682","2019-03-12T16:14Z","2019-03-12T16:14Z","EcoCore_CSU","SO4",,"milligramsPerLiter",5.6,"No filtered sample for SWAPT",0,"formatChange","Other"
"adc33a6c-ca4e-4b1f-94e6-482287d8b4b6","D01","HOPB","HOPB.AOS.groundwater.well.003","HOPB.W3.20190312.RAW","A00000033612","2019-03-12T16:14Z","2019-03-12T16:14Z","EcoCore_CSU","TP",2.1390,"milligramsPerLiter",5.6,,0,"formatChange","GOOD"
"abbc7392-cbcb-49aa-bef8-462e6e0a2e05","D01","HOPB","HOPB.AOS.groundwater.well.003","HOPB.W3.20190312.RAW","A00000033612","2019-03-12T16:14Z","2019-03-12T16:14Z","EcoCore_CSU","conductivity",56.2100,"microsiemensPerCentimeter",5.6,,0,"formatChange","GOOD"
"d2d728b9-9b31-422b-b6ca-584f094ac78e","D01","HOPB","HOPB.AOS.groundwater.well.003","HOPB.W3.20190312.FIL","A00000033682","2019-03-12T16:14Z","2019-03-12T16:14Z","EcoCore_CSU","Br",,"milligramsPerLiter",5.6,"No filtered sample for SWAPT",0,"formatChange","Other"
"29649fc1-66b2-4c1e-8ec4-e0d77e7a0031","D01","HOPB","HOPB.AOS.groundwater.well.003","HOPB.W3.20190312.FIL","A00000033682","2019-03-12T16:14Z","2019-03-12T16:14Z","EcoCore_CSU","Ortho - P",0.0570,"milligramsPerLiter",5.6,"No filtered sample for SWAPT",0,"formatChange","Other"
"824ad12a-5378-4e2e-8305-bf7e069f39eb","D01","HOPB","HOPB.AOS.groundwater.well.003","HOPB.W3.20190312.FIL","A00000033682","2019-03-12T16:14Z","2019-03-12T16:14Z","EcoCore_CSU","Cl",,"milligramsPerLiter",5.6,"No filtered sample for SWAPT",0,"formatChange","Other"
"90958b53-86d0-431b-92ae-bc85e49b3c0f","D01","HOPB","HOPB.AOS.groundwater.well.003","HOPB.W3.20190312.FIL","A00000033682","2019-03-12T16:14Z","2019-03-12T16:14Z","EcoCore_CSU","Ca",,"milligramsPerLiter",5.6,"No filtered sample for SWAPT",0,"formatChange","Other"
"0295139d-9769-4df2-beca-b1f5c1ec0ed3","D01","HOPB","HOPB.AOS.groundwater.well.003","HOPB.W3.20190312.FIL","A00000033682","2019-03-12T16:14Z","2019-03-12T16:14Z","EcoCore_CSU","TDN",0.1491,"milligramsPerLiter",5.6,"No filtered sample for SWAPT",0,"formatChange","Other"
"b6d6ccc5-e656-4747-b7ba-f49e778a15a9","D01","HOPB","HOPB.AOS.groundwater.well.003","HOPB.W3.20190312.PCN","A00000033648","2019-03-12T16:14Z","2019-03-12T16:14Z","EcoCore_CSU","TPC",0.3650,"milligram",5.6,,0,"formatChange","GOOD"
"b5165585-08a0-47e7-ba1b-3128ebef357e","D01","HOPB","HOPB.AOS.groundwater.well.003","HOPB.W3.20190312.FIL","A00000033682","2019-03-12T16:14Z","2019-03-12T16:14Z","EcoCore_CSU","UV Absorbance (280 nm)",0.0187,,5.6,"No filtered sample for SWAPT",0,"formatChange","Other"
"24eec522-3dd4-4bd3-b111-b3252dd827d5","D01","HOPB","HOPB.AOS.groundwater.well.003","HOPB.W3.20190312.FIL","A00000033682","2019-03-12T16:14Z","2019-03-12T16:14Z","EcoCore_CSU","CO3",,"milligramsPerLiter",5.6,"No filtered sample for SWAPT",0,"formatChange","Other"
"cf6ea55f-a2e5-4b04-80b0-1267bad31071","D01","HOPB","HOPB.AOS.groundwater.well.003","HOPB.W3.20190312.RAW","A00000033612","2019-03-12T16:14Z","2019-03-12T16:14Z","EcoCore_CSU","TOC",2.9010,"milligramsPerLiter",5.6,,0,"formatChange","GOOD"
"6726aa07-3f70-4706-98ca-73d231fc0b06","D01","HOPB","HOPB.AOS.groundwater.well.003","HOPB.W3.20190312.FIL","A00000033682","2019-03-12T16:14Z","2019-03-12T16:14Z","EcoCore_CSU","TDS",,"milligramsPerLiter",5.6,"No filtered sample for SWAPT",0,"formatChange","Other"
"232535e1-1cda-41aa-a29d-6082f51374f4","D01","HOPB","HOPB.AOS.groundwater.well.003","HOPB.W3.20190312.RAW","A00000033612","2019-03-12T16:14Z","2019-03-12T16:14Z","EcoCore_CSU","TN",0.2710,"milligramsPerLiter",5.6,,0,"formatChange","GOOD"
"1e820308-9f11-43dc-b1b1-55b2cf8dd235","D01","HOPB","HOPB.AOS.groundwater.well.003","HOPB.W3.20190312.FIL","A00000033682","2019-03-12T16:14Z","2019-03-12T16:14Z","EcoCore_CSU","Mn",,"milligramsPerLiter",5.6,"No filtered sample for SWAPT",0,"formatChange","Other"
"cd39265e-d483-4724-b49e-ab85c05a0b17","D01","HOPB","HOPB.AOS.groundwater.well.003","HOPB.W3.20190312.RAW","A00000033612","2019-03-12T16:14Z","2019-03-12T16:14Z","EcoCore_CSU","TSS",508.0000,"milligramsPerLiter",5.6,,0,"formatChange","GOOD"
"6c67be83-b088-4a91-8eaa-40b0e18ebda6","D01","HOPB","HOPB.AOS.groundwater.well.003","HOPB.W3.20190312.FIL","A00000033682","2019-03-12T16:14Z","2019-03-12T16:14Z","EcoCore_CSU","F",,"milligramsPerLiter",5.6,"No filtered sample for SWAPT",0,"formatChange","Other"
"a919e045-55ef-49d6-82d0-9d970287ee0c","D01","HOPB","HOPB.AOS.groundwater.well.003","HOPB.W3.20190312.FIL","A00000033682","2019-03-12T16:14Z","2019-03-12T16:14Z","EcoCore_CSU","DOC",1.1610,"milligramsPerLiter",5.6,"No filtered sample for SWAPT",0,"formatChange","Other"
"8b61afb9-aa9e-4c43-b849-6ac50c9f0f7c","D01","HOPB","HOPB.AOS.groundwater.well.003","HOPB.W3.20190312.FIL","A00000033682","2019-03-12T16:14Z","2019-03-12T16:14Z","EcoCore_CSU","NO3+NO2 - N",-0.0155,"milligramsPerLiter",5.6,"No filtered sample for SWAPT",0,"formatChange","Other"
"841bf22a-880e-453a-9565-f809f6e1131d","D01","HOPB","HOPB.AOS.groundwater.well.003","HOPB.W3.20190312.RAW","A00000033612","2019-03-12T16:14Z","2019-03-12T16:14Z","EcoCore_CSU","pH",6.9000,"pH",5.6,,0,"formatChange","GOOD"
"e859e4de-5863-414a-9d31-91e376a785a1","D01","HOPB","HOPB.AOS.groundwater.well.003","HOPB.W3.20190312.FIL","A00000033682","2019-03-12T16:14Z","2019-03-12T16:14Z","EcoCore_CSU","K",,"milligramsPerLiter",5.6,"No filtered sample for SWAPT",0,"formatChange","Other"
"496725f3-fe29-4971-9109-cbdbc5b2cd4c","D01","HOPB","HOPB.AOS.groundwater.well.003","HOPB.W3.20190312.FIL","A00000033682","2019-03-12T16:14Z","2019-03-12T16:14Z","EcoCore_CSU","TDP",,"milligramsPerLiter",5.6,"No filtered sample for SWAPT",0,"formatChange","Other"
"be556b62-4caa-4264-a1db-f2320b241d41","D01","HOPB","HOPB.AOS.groundwater.well.003","HOPB.W3.20190312.FIL","A00000033682","2019-03-12T16:14Z","2019-03-12T16:14Z","EcoCore_CSU","HCO3",,"milligramsPerLiter",5.6,"No filtered sample for SWAPT",0,"formatChange","Other"
"3d2ecdec-f53e-49e1-9198-979d9ea80077","D01","HOPB","HOPB.AOS.groundwater.well.003","HOPB.W3.20190312.RAW","A00000033612","2019-03-12T16:14Z","2019-03-12T16:14Z","EcoCore_CSU","TSS - Dry Mass",25400.0000,"microgram",5.6,,0,"formatChange","GOOD"
"8193917d-db14-448a-8000-35a76b139555","D01","HOPB","HOPB.AOS.groundwater.well.003","HOPB.W3.20190312.FIL","A00000033682","2019-03-12T16:14Z","2019-03-12T16:14Z","EcoCore_CSU","Na",,"milligramsPerLiter",5.6,"No filtered sample for SWAPT",0,"formatChange","Other"
"f74a76ac-b6ca-44a5-9552-e36f9383866a","D01","HOPB","HOPB.AOS.groundwater.well.003","HOPB.W3.20190312.FIL","A00000033682","2019-03-12T16:14Z","2019-03-12T16:14Z","EcoCore_CSU","Mg",,"milligramsPerLiter",5.6,"No filtered sample for SWAPT",0,"formatChange","Other"
"8c1377a9-ff81-4a67-9581-6f015162d014","D01","HOPB","HOPB.AOS.groundwater.well.003","HOPB.W3.20190312.FIL","A00000033682","2019-03-12T16:14Z","2019-03-12T16:14Z","EcoCore_CSU","Si",,"milligramsPerLiter",5.6,"No filtered sample for SWAPT",0,"formatChange","Other"
"6c4fc39b-6447-422c-a110-2976325f2b5f","D01","HOPB","HOPB.AOS.groundwater.well.004","HOPB.W4.20190312.RAW","A00000033629","2019-03-12T17:04Z","2019-03-12T17:04Z","EcoCore_CSU","TP",0.3470,"milligramsPerLiter",5.6,,0,"formatChange","GOOD"
"f85ea201-e23b-4032-a53c-2619dcd4fadc","D01","HOPB","HOPB.AOS.groundwater.well.004","HOPB.W4.20190312.RAW","A00000033629","2019-03-12T17:04Z","2019-03-12T17:04Z","EcoCore_CSU","TSS - Dry Mass",5900.0000,"microgram",5.6,,0,"formatChange","GOOD"
"86cf8edb-451f-4d5f-b3a6-7fe750da82ff","D01","HOPB","HOPB.AOS.groundwater.well.004","HOPB.W4.20190312.FIL","A00000033680","2019-03-12T17:04Z","2019-03-12T17:04Z","EcoCore_CSU","K",0.0640,"milligramsPerLiter",5.6,,0,"formatChange","GOOD"
"799adfb6-fefe-45c5-b007-7a9d2e53a383","D01","HOPB","HOPB.AOS.groundwater.well.004","HOPB.W4.20190312.PCN","A00000033665","2019-03-12T17:04Z","2019-03-12T17:04Z","EcoCore_CSU","TPC",0.3654,"milligram",5.6,,0,"formatChange","GOOD"
"0b935b95-87f3-42ee-a9de-46dadf9a45bb","D01","HOPB","HOPB.AOS.groundwater.well.004","HOPB.W4.20190312.FIL","A00000033680","2019-03-12T17:04Z","2019-03-12T17:04Z","EcoCore_CSU","Ca",2.8060,"milligramsPerLiter",5.6,,0,"formatChange","GOOD"
"b58870ee-f7e0-42a6-839a-c43d5dc18d6a","D01","HOPB","HOPB.AOS.groundwater.well.004","HOPB.W4.20190312.FIL","A00000033680","2019-03-12T17:04Z","2019-03-12T17:04Z","EcoCore_CSU","Fe",0.0005,"milligramsPerLiter",5.6,,0,"formatChange","GOOD"
"f50651b9-01e7-4e56-8644-b7310b14adac","D01","HOPB","HOPB.AOS.groundwater.well.004","HOPB.W4.20190312.RAW","A00000033629","2019-03-12T17:04Z","2019-03-12T17:04Z","EcoCore_CSU","ANC",0.1500,"milliequivalentsPerLiter",5.6,,0,"formatChange","GOOD"
"1da5b79a-9855-4153-86c4-8e8233057533","D01","HOPB","HOPB.AOS.groundwater.well.004","HOPB.W4.20190312.PCN","A00000033665","2019-03-12T17:04Z","2019-03-12T17:04Z","EcoCore_CSU","TPN",0.1077,"milligram",5.6,,0,"formatChange","GOOD"
"cb071bb1-e5a8-490d-918f-3e7b7ff042cf","D01","HOPB","HOPB.AOS.groundwater.well.004","HOPB.W4.20190312.FIL","A00000033680","2019-03-12T17:04Z","2019-03-12T17:04Z","EcoCore_CSU","Cl",1.5948,"milligramsPerLiter",5.6,,0,"formatChange","GOOD"
"2453231f-1d2a-4e8c-89fe-c65a17ebc2c3","D01","HOPB","HOPB.AOS.groundwater.well.004","HOPB.W4.20190312.FIL","A00000033680","2019-03-12T17:04Z","2019-03-12T17:04Z","EcoCore_CSU","DIC",7.1270,"milligramsPerLiter",5.6,,0,"formatChange","GOOD"
"a08604ff-73c5-429a-8f56-dc7208a32a9e","D01","HOPB","HOPB.AOS.groundwater.well.004","HOPB.W4.20190312.RAW","A00000033629","2019-03-12T17:04Z","2019-03-12T17:04Z","EcoCore_CSU","conductivity",28.4100,"microsiemensPerCentimeter",5.6,,0,"formatChange","GOOD"
"867e4f40-a439-4913-b225-4abbb6ec433f","D01","HOPB","HOPB.AOS.groundwater.well.004","HOPB.W4.20190312.FIL","A00000033680","2019-03-12T17:04Z","2019-03-12T17:04Z","EcoCore_CSU","UV Absorbance (250 nm)",0.0128,,5.6,,0,"formatChange","GOOD"
"1f61055d-028a-40f3-bf3e-5b7ff82262d4","D01","HOPB","HOPB.AOS.groundwater.well.004","HOPB.W4.20190312.FIL","A00000033680","2019-03-12T17:04Z","2019-03-12T17:04Z","EcoCore_CSU","F",0.0050,"milligramsPerLiter",5.6,,0,"formatChange","GOOD"
"8b7e938f-e0d4-40d8-afc7-1f40e1e55471","D01","HOPB","HOPB.AOS.groundwater.well.004","HOPB.W4.20190312.FIL","A00000033680","2019-03-12T17:04Z","2019-03-12T17:04Z","EcoCore_CSU","TDP",0.0005,"milligramsPerLiter",5.6,,0,"formatChange","GOOD"
"1bf4a6c9-c12c-4c1d-890a-026856b988b4","D01","HOPB","HOPB.AOS.groundwater.well.004","HOPB.W4.20190312.RAW","A00000033629","2019-03-12T17:04Z","2019-03-12T17:04Z","EcoCore_CSU","pH",6.5700,"pH",5.6,,0,"formatChange","GOOD"
"2e9bb0a6-f848-40f5-99d2-29d80d8c3261","D01","HOPB","HOPB.AOS.groundwater.well.004","HOPB.W4.20190312.FIL","A00000033680","2019-03-12T17:04Z","2019-03-12T17:04Z","EcoCore_CSU","NH4 - N",0.0923,"milligramsPerLiter",5.6,,0,"formatChange","GOOD"
"07c904d8-a881-4699-8028-7563420ddb01","D01","HOPB","HOPB.AOS.groundwater.well.004","HOPB.W4.20190312.FIL","A00000033680","2019-03-12T17:04Z","2019-03-12T17:04Z","EcoCore_CSU","Na",1.5690,"milligramsPerLiter",5.6,,0,"formatChange","GOOD"
"9f95fedd-66d5-49c3-9af6-0876fe72c370","D01","HOPB","HOPB.AOS.groundwater.well.004","HOPB.W4.20190312.FIL","A00000033680","2019-03-12T17:04Z","2019-03-12T17:04Z","EcoCore_CSU","CO3",0.0050,"milligramsPerLiter",5.6,,0,"formatChange","GOOD"
"a61ed70f-4a71-4159-90cb-486f83e644ec","D01","HOPB","HOPB.AOS.groundwater.well.004","HOPB.W4.20190312.FIL","A00000033680","2019-03-12T17:04Z","2019-03-12T17:04Z","EcoCore_CSU","Ortho - P",0.0370,"milligramsPerLiter",5.6,,0,"formatChange","GOOD"
"d8f38461-1774-492e-9127-eca01480ea1b","D01","HOPB","HOPB.AOS.groundwater.well.004","HOPB.W4.20190312.FIL","A00000033680","2019-03-12T17:04Z","2019-03-12T17:04Z","EcoCore_CSU","DOC",0.8952,"milligramsPerLiter",5.6,,0,"formatChange","GOOD"
"3af3c616-e176-4278-9801-596af175c27e","D01","HOPB","HOPB.AOS.groundwater.well.004","HOPB.W4.20190312.FIL","A00000033680","2019-03-12T17:04Z","2019-03-12T17:04Z","EcoCore_CSU","HCO3",8.4200,"milligramsPerLiter",5.6,,0,"formatChange","GOOD"
"7dc57eef-4235-4665-a2d9-b5eb53dd81cb","D01","HOPB","HOPB.AOS.groundwater.well.004","HOPB.W4.20190312.RAW","A00000033629","2019-03-12T17:04Z","2019-03-12T17:04Z","EcoCore_CSU","TSS",118.0000,"milligramsPerLiter",5.6,,0,"formatChange","GOOD"
"ccef938a-433d-44d6-b756-55fbf25d39dc","D01","HOPB","HOPB.AOS.groundwater.well.004","HOPB.W4.20190312.FIL","A00000033680","2019-03-12T17:04Z","2019-03-12T17:04Z","EcoCore_CSU","UV Absorbance (280 nm)",0.0078,,5.6,,0,"formatChange","GOOD"
"2576019d-51f0-4314-b83e-8509e4e437dd","D01","HOPB","HOPB.AOS.groundwater.well.004","HOPB.W4.20190312.FIL","A00000033680","2019-03-12T17:04Z","2019-03-12T17:04Z","EcoCore_CSU","NO3+NO2 - N",-0.0248,"milligramsPerLiter",5.6,,0,"formatChange","GOOD"
"97a83177-6202-4e80-9053-2f5584be043d","D01","HOPB","HOPB.AOS.groundwater.well.004","HOPB.W4.20190312.FIL","A00000033680","2019-03-12T17:04Z","2019-03-12T17:04Z","EcoCore_CSU","TDS",20.5600,"milligramsPerLiter",5.6,,0,"formatChange","GOOD"
"be81b47c-5006-4d37-85ed-62bb75abd14f","D01","HOPB","HOPB.AOS.groundwater.well.004","HOPB.W4.20190312.FIL","A00000033680","2019-03-12T17:04Z","2019-03-12T17:04Z","EcoCore_CSU","TDN",0.1530,"milligramsPerLiter",5.6,,0,"formatChange","GOOD"
"7ed9b96f-510d-44e8-9331-c47bff9e7eb9","D01","HOPB","HOPB.AOS.groundwater.well.004","HOPB.W4.20190312.FIL","A00000033680","2019-03-12T17:04Z","2019-03-12T17:04Z","EcoCore_CSU","Si",3.8995,"milligramsPerLiter",5.6,,0,"formatChange","GOOD"
"7a18807f-4bb4-45b1-9602-4fdfff7edc19","D01","HOPB","HOPB.AOS.groundwater.well.004","HOPB.W4.20190312.FIL","A00000033680","2019-03-12T17:04Z","2019-03-12T17:04Z","EcoCore_CSU","Br",0.0050,"milligramsPerLiter",5.6,,0,"formatChange","GOOD"
"80ff2b6a-eb3e-422b-a0c2-6e8339f389e4","D01","HOPB","HOPB.AOS.groundwater.well.004","HOPB.W4.20190312.FIL","A00000033680","2019-03-12T17:04Z","2019-03-12T17:04Z","EcoCore_CSU","SO4",4.3080,"milligramsPerLiter",5.6,,0,"formatChange","GOOD"
"ced574a2-ee92-4369-bb40-be679d0facd5","D01","HOPB","HOPB.AOS.groundwater.well.004","HOPB.W4.20190312.RAW","A00000033629","2019-03-12T17:04Z","2019-03-12T17:04Z","EcoCore_CSU","TOC",2.2320,"milligramsPerLiter",5.6,,0,"formatChange","GOOD"
"b560e647-6d2e-4f50-abec-3e19baee09a6","D01","HOPB","HOPB.AOS.groundwater.well.004","HOPB.W4.20190312.FIL","A00000033680","2019-03-12T17:04Z","2019-03-12T17:04Z","EcoCore_CSU","Mn",0.0050,"milligramsPerLiter",5.6,,0,"formatChange","GOOD"
"4192b287-7423-412f-9033-72d751a67540","D01","HOPB","HOPB.AOS.groundwater.well.004","HOPB.W4.20190312.FIL","A00000033680","2019-03-12T17:04Z","2019-03-12T17:04Z","EcoCore_CSU","Mg",0.8060,"milligramsPerLiter",5.6,,0,"formatChange","GOOD"
"990887b0-3fac-4b67-bd1d-3784bc55d212","D01","HOPB","HOPB.AOS.groundwater.well.004","HOPB.W4.20190312.FIL","A00000033680","2019-03-12T17:04Z","2019-03-12T17:04Z","EcoCore_CSU","NO2 - N",0.0388,"milligramsPerLiter",5.6,,0,"formatChange","GOOD"
"7128b0c0-8e81-4898-926f-b25397e215f9","D01","HOPB","HOPB.AOS.groundwater.well.004","HOPB.W4.20190312.RAW","A00000033629","2019-03-12T17:04Z","2019-03-12T17:04Z","EcoCore_CSU","TN",0.2651,"milligramsPerLiter",5.6,,0,"formatChange","GOOD"
