uid,domainID,siteID,namedLocation,decimalLatitude,decimalLongitude,coordinateUncertainty,elevation,elevationUncertainty,geodeticDatum,collectDate,aquaticSiteType,samplingImpractical,waterChemSamplesCollected,adequateSampleVol,parentSampleID,eventID,swcSamplingProtocolVersion,sampleExtractionMethod,samplerType,totalWellDepth,wellWaterDepth,waterColumnHeight,sampleDepth,purgeAverageDischargeRate,purgeTime,gwWellStabilized,purgeDryDateTime,pumpPlacementDate,screenedIntervalDepth,maxAllowableDrawdown,actualDrawdown,MADExceeded,wellVolumePurged,probeIDUnavailable,dissolvedOxygen,dissolvedOxygenSaturation,specificConductance,waterTemp,pH,waterClarityDescrip,waterColorDescrip,aCollectedBy,bCollectedBy,remarks
"524a2f77-0530-467e-ac9b-8044eda9a914","D01","HOPB","HOPB.AOS.groundwater.well.001",42.473154,-72.330973,0.1,216.2,0.1,"WGS84","2019-03-12T15:08Z","stream","location dry",,"N","HOPB.W1.20190312","HOPB.20190312","NEON.DOC.002905vE","purge dry","Groundwater Bailer Tube",2.3,2.3,0.1,,,,,,,,,,,0.0,,,,,,,,,"0000-0003-2931-6669","0000-0003-4958-6412","Dry"
"262cabe6-6d48-4bb6-9061-e46736d6fcc9","D01","HOPB","HOPB.AOS.groundwater.well.002",42.471848,-72.330703,0.1,210.6,0.1,"WGS84","2019-03-12T15:39Z","stream",,,"N","HOPB.W2.20190312","HOPB.20190312","NEON.DOC.002905vE","purge dry","Groundwater Bailer Tube",2.2,1.9,0.3,,,,,,,,,,,1.0,,8.66,68.00,81.70,3.00,6.18,"cloudy","brown","0000-0003-2931-6669","0000-0003-4958-6412",
"8c8437d0-e2e2-471a-a6a0-d6ef02a27768","D01","HOPB","HOPB.AOS.groundwater.well.003",42.471987,-72.330725,0.1,212.7,0.1,"WGS84","2019-03-12T16:14Z","stream",,,"N","HOPB.W3.20190312","HOPB.20190312","NEON.DOC.002905vE","purge dry","Groundwater Bailer Tube",1.9,1.6,0.3,,,,,,,,,,,1.4,,7.95,59.30,72.40,2.70,6.35,"cloudy","brown","0000-0003-2931-6669","0000-0003-4958-6412",
"eb8ea34e-9b23-4037-9697-8eeca8ad4ec1","D01","HOPB","HOPB.AOS.groundwater.well.004",42.471895,-72.330491,0.1,211.5,0.1,"WGS84","2019-03-12T17:04Z","stream",,,"Y","HOPB.W4.20190312","HOPB.20190312","NEON.DOC.002905vE","purge dry","Groundwater Bailer Tube",2.2,1.7,0.5,,,,,,,,,,,1.1,,8.79,67.20,40.50,2.60,5.72,"cloudy","colorless","0000-0003-2931-6669","0000-0003-4958-6412",
