uid,domainID,siteID,namedLocation,collectDate,parentSampleID,sampleCondition,sampleID,replicateNumber,gwwDICBubbleFree,gwwFiltSampleHeadspace,gwwAlkSampleHeadspace,gwwAlkSampleBubbleFree,processedDate,processedDateFilters,sampleVolumeFiltered,shipmentTimeRange
"2b3b8af8-1cb5-47da-9909-bfdc96364ad9","D02","POSE","POSE.AOS.groundwater.well.001","2017-03-13T13:46Z","POSE.W1.20170313",,"POSE.W1.20170313",,,,,,"2017-03-13T14:23Z","2017-03-13T14:23Z",24.0,
"8e135d55-25e8-4f08-b22d-f731f0ef6b8e","D02","POSE","POSE.AOS.groundwater.well.006","2017-03-13T16:12Z","POSE.W6.20170313",,"POSE.W6.20170313",,,,,,"2017-03-13T17:12Z","2017-03-13T17:12Z",13.0,
"0a481a9b-d24d-4381-96f1-a6aec67b74b0","D02","POSE","POSE.AOS.groundwater.well.008","2017-03-13T17:30Z","POSE.W8.20170313",,"POSE.W8.20170313",,,,,,"2017-03-13T18:20Z","2017-03-13T18:20Z",46.0,
"2ffc8dda-62c9-447c-8ad9-08d87f3c1b09","D02","POSE","POSE.AOS.groundwater.well.003","2017-03-20T13:40Z","POSE.W3.20170320",,"POSE.W3.20170320",,,,,,"2017-03-20T14:36Z","2017-03-20T14:36Z",22.0,
