uid,domainID,siteID,namedLocation,sampleID,sampleCode,startDate,collectDate,laboratoryName,analyte,analyteConcentration,analyteUnits,coolerTemp,remarks,shipmentWarmQF,externalLabDataQF,sampleCondition
"1dc174f7-9e9c-4fe4-816a-aa7229d5c140","D02","POSE","POSE.AOS.groundwater.well.001","POSE.W1.20170313.PCN",,"2017-03-13T13:46Z","2017-03-13T13:46Z","EcoCore_CSU","TPC",0.2810,"milligram",5.6,,0,"formatChange|legacyData","GOOD"
"b91614e0-18fa-4be5-923c-98867984759a","D02","POSE","POSE.AOS.groundwater.well.001","POSE.W1.20170313.FIL",,"2017-03-13T13:46Z","2017-03-13T13:46Z","EcoCore_CSU","Na",4.4743,"milligramsPerLiter",5.6,,0,"formatChange|legacyData","GOOD"
"e9a2041d-1eb6-4846-abf0-7b636345a9c2","D02","POSE","POSE.AOS.groundwater.well.001","POSE.W1.20170313.FIL",,"2017-03-13T13:46Z","2017-03-13T13:46Z","EcoCore_CSU","HCO3",58.4730,"milligramsPerLiter",5.6,,0,"formatChange|legacyData","GOOD"
"9dc88460-45b2-4159-8816-a19a36e7f127","D02","POSE","POSE.AOS.groundwater.well.001","POSE.W1.20170313.FIL",,"2017-03-13T13:46Z","2017-03-13T13:46Z","EcoCore_CSU","SO4",3.4668,"milligramsPerLiter",5.6,,0,"formatChange|legacyData","GOOD"
"b1bf5f51-e0fc-48ff-b2b5-28d994ada81c","D02","POSE","POSE.AOS.groundwater.well.001","POSE.W1.20170313.RAW",,"2017-03-13T13:46Z","2017-03-13T13:46Z","EcoCore_CSU","ANC",1.0390,"milliequivalentsPerLiter",5.6,,0,"formatChange|legacyData","GOOD"
"57383f4d-176b-43f0-9230-3245cc26c1c5","D02","POSE","POSE.AOS.groundwater.well.001","POSE.W1.20170313.FIL",,"2017-03-13T13:46Z","2017-03-13T13:46Z","EcoCore_CSU","Cl",2.6388,"milligramsPerLiter",5.6,,0,"formatChange|legacyData","GOOD"
"f34c6cc5-9606-4677-9c2b-f9d005df1825","D02","POSE","POSE.AOS.groundwater.well.001","POSE.W1.20170313.RAW",,"2017-03-13T13:46Z","2017-03-13T13:46Z","EcoCore_CSU","TSS - Dry Mass",13100.0000,"microgram",5.6,,0,"formatChange|legacyData","GOOD"
"aba37963-25dd-458f-a4b9-aaa13d0c66c1","D02","POSE","POSE.AOS.groundwater.well.001","POSE.W1.20170313.FIL",,"2017-03-13T13:46Z","2017-03-13T13:46Z","EcoCore_CSU","DIC",16.3400,"milligramsPerLiter",5.6,,0,"formatChange|legacyData","GOOD"
"cd9066ec-4ec4-4b19-89db-4e1eace468c0","D02","POSE","POSE.AOS.groundwater.well.001","POSE.W1.20170313.FIL",,"2017-03-13T13:46Z","2017-03-13T13:46Z","EcoCore_CSU","Ortho - P",0.0230,"milligramsPerLiter",5.6,,0,"formatChange|legacyData","GOOD"
"9b1d10dd-d0b4-42e7-8009-2311e2cd3d73","D02","POSE","POSE.AOS.groundwater.well.001","POSE.W1.20170313.FIL",,"2017-03-13T13:46Z","2017-03-13T13:46Z","EcoCore_CSU","TDP",0.0040,"milligramsPerLiter",5.6,,0,"formatChange|legacyData","GOOD"
"e6ba6a43-1b79-4340-9ad8-200c8c422781","D02","POSE","POSE.AOS.groundwater.well.001","POSE.W1.20170313.RAW",,"2017-03-13T13:46Z","2017-03-13T13:46Z","EcoCore_CSU","pH",7.1400,"pH",5.6,,0,"formatChange|legacyData","GOOD"
"4b216626-d2e9-46c9-95b3-5ec722c02632","D02","POSE","POSE.AOS.groundwater.well.001","POSE.W1.20170313.FIL",,"2017-03-13T13:46Z","2017-03-13T13:46Z","EcoCore_CSU","CO3",0.0050,"milligramsPerLiter",5.6,,0,"formatChange|legacyData","GOOD"
"148b9a77-4807-41e8-80d3-eb7fecb33301","D02","POSE","POSE.AOS.groundwater.well.001","POSE.W1.20170313.RAW",,"2017-03-13T13:46Z","2017-03-13T13:46Z","EcoCore_CSU","TOC",0.9832,"milligramsPerLiter",5.6,,0,"formatChange|legacyData","GOOD"
"039c7700-43ae-401c-9f2a-89e669c7c9a0","D02","POSE","POSE.AOS.groundwater.well.001","POSE.W1.20170313.FIL",,"2017-03-13T13:46Z","2017-03-13T13:46Z","EcoCore_CSU","NO3+NO2 - N",0.0090,"milligramsPerLiter",5.6,,0,"formatChange|legacyData","GOOD"
"b9b26cd0-a694-45c6-b49f-26a97f9b552a","D02","POSE","POSE.AOS.groundwater.well.001","POSE.W1.20170313.FIL",,"2017-03-13T13:46Z","2017-03-13T13:46Z","EcoCore_CSU","UV Absorbance (280 nm)",0.0547,,5.6,,0,"formatChange|legacyData","GOOD"
"b5b4f5ce-5772-4cbe-9c4e-91014cad52ca","D02","POSE","POSE.AOS.groundwater.well.001","POSE.W1.20170313.FIL",,"2017-03-13T13:46Z","2017-03-13T13:46Z","EcoCore_CSU","Ca",10.3652,"milligramsPerLiter",5.6,,0,"formatChange|legacyData","GOOD"
"61fa882d-7bb4-43d5-9e09-3e0868774cdc","D02","POSE","POSE.AOS.groundwater.well.001","POSE.W1.20170313.FIL",,"2017-03-13T13:46Z","2017-03-13T13:46Z","EcoCore_CSU","Mn",1.6207,"milligramsPerLiter",5.6,,0,"formatChange|legacyData","GOOD"
"955e50b5-bc32-42e7-bd5d-bb5e349fbe56","D02","POSE","POSE.AOS.groundwater.well.001","POSE.W1.20170313.FIL",,"2017-03-13T13:46Z","2017-03-13T13:46Z","EcoCore_CSU","TDS",74.6300,"milligramsPerLiter",5.6,,0,"formatChange|legacyData","GOOD"
"dee774a2-3844-4785-9e32-a03b42cf571b","D02","POSE","POSE.AOS.groundwater.well.001","POSE.W1.20170313.PCN",,"2017-03-13T13:46Z","2017-03-13T13:46Z","EcoCore_CSU","TPN",0.1175,"milligram",5.6,,0,"formatChange|legacyData","GOOD"
"c594184d-76a7-42c0-b1fb-2df597c39334","D02","POSE","POSE.AOS.groundwater.well.001","POSE.W1.20170313.FIL",,"2017-03-13T13:46Z","2017-03-13T13:46Z","EcoCore_CSU","DOC",0.6869,"milligramsPerLiter",5.6,,0,"formatChange|legacyData","GOOD"
"6467f168-4d70-4d70-8c32-0ce145b55814","D02","POSE","POSE.AOS.groundwater.well.001","POSE.W1.20170313.FIL",,"2017-03-13T13:46Z","2017-03-13T13:46Z","EcoCore_CSU","NH4 - N",0.0870,"milligramsPerLiter",5.6,,0,"formatChange|legacyData","GOOD"
"f04cc18c-73d8-4865-8deb-0d2ec0e78773","D02","POSE","POSE.AOS.groundwater.well.001","POSE.W1.20170313.FIL",,"2017-03-13T13:46Z","2017-03-13T13:46Z","EcoCore_CSU","K",0.0819,"milligramsPerLiter",5.6,,0,"formatChange|legacyData","GOOD"
"5c0cc107-5531-4051-8858-9c58e48bbb96","D02","POSE","POSE.AOS.groundwater.well.001","POSE.W1.20170313.FIL",,"2017-03-13T13:46Z","2017-03-13T13:46Z","EcoCore_CSU","Br",0.0050,"milligramsPerLiter",5.6,,0,"formatChange|legacyData","GOOD"
"9d0538f8-9fab-4c29-85e9-05d48839273e","D02","POSE","POSE.AOS.groundwater.well.001","POSE.W1.20170313.FIL",,"2017-03-13T13:46Z","2017-03-13T13:46Z","EcoCore_CSU","F",0.0050,"milligramsPerLiter",5.6,,0,"formatChange|legacyData","GOOD"
"359e6df9-9d56-4c17-93fd-7dd8741bfc49","D02","POSE","POSE.AOS.groundwater.well.001","POSE.W1.20170313.RAW",,"2017-03-13T13:46Z","2017-03-13T13:46Z","EcoCore_CSU","TP",0.4208,"milligramsPerLiter",5.6,,0,"formatChange|legacyData","GOOD"
"48f3a314-f159-404c-8fda-717c2bb00663","D02","POSE","POSE.AOS.groundwater.well.001","POSE.W1.20170313.FIL",,"2017-03-13T13:46Z","2017-03-13T13:46Z","EcoCore_CSU","NO2 - N",0.0090,"milligramsPerLiter",5.6,,0,"formatChange|legacyData","GOOD"
"074fea4c-9c50-43df-bf94-b075b1c49308","D02","POSE","POSE.AOS.groundwater.well.001","POSE.W1.20170313.FIL",,"2017-03-13T13:46Z","2017-03-13T13:46Z","EcoCore_CSU","TDN",0.1069,"milligramsPerLiter",5.6,,0,"formatChange|legacyData","GOOD"
"f84100b3-e9cc-4e8c-8a1c-44e2ea588f4e","D02","POSE","POSE.AOS.groundwater.well.001","POSE.W1.20170313.RAW",,"2017-03-13T13:46Z","2017-03-13T13:46Z","EcoCore_CSU","TSS",524.0000,"milligramsPerLiter",5.6,,0,"formatChange|legacyData","GOOD"
"637d943d-27cf-4c83-8d0e-01cd8ab1b2b4","D02","POSE","POSE.AOS.groundwater.well.001","POSE.W1.20170313.FIL",,"2017-03-13T13:46Z","2017-03-13T13:46Z","EcoCore_CSU","UV Absorbance (250 nm)",0.0575,,5.6,,0,"formatChange|legacyData","GOOD"
"bd832eb8-1ac9-4888-92cf-89248df8b2bb","D02","POSE","POSE.AOS.groundwater.well.001","POSE.W1.20170313.FIL",,"2017-03-13T13:46Z","2017-03-13T13:46Z","EcoCore_CSU","Mg",4.4982,"milligramsPerLiter",5.6,,0,"formatChange|legacyData","GOOD"
"a4021e2f-f9f1-4ec8-8c3e-a564f61b25e8","D02","POSE","POSE.AOS.groundwater.well.001","POSE.W1.20170313.FIL",,"2017-03-13T13:46Z","2017-03-13T13:46Z","EcoCore_CSU","Si",10.3632,"milligramsPerLiter",5.6,,0,"formatChange|legacyData","GOOD"
"19d4e1ec-b417-41c5-983f-9eb0449f51ab","D02","POSE","POSE.AOS.groundwater.well.001","POSE.W1.20170313.RAW",,"2017-03-13T13:46Z","2017-03-13T13:46Z","EcoCore_CSU","TN",0.1313,"milligramsPerLiter",5.6,,0,"formatChange|legacyData","GOOD"
"a882a15b-be6c-40f3-a1a1-15fb2d8deff1","D02","POSE","POSE.AOS.groundwater.well.001","POSE.W1.20170313.RAW",,"2017-03-13T13:46Z","2017-03-13T13:46Z","EcoCore_CSU","conductivity",107.2800,"microsiemensPerCentimeter",5.6,,0,"formatChange|legacyData","GOOD"
"ecc7491b-db53-4821-8ac9-6666ff8bb465","D02","POSE","POSE.AOS.groundwater.well.001","POSE.W1.20170313.FIL",,"2017-03-13T13:46Z","2017-03-13T13:46Z","EcoCore_CSU","Fe",0.2362,"milligramsPerLiter",5.6,,0,"formatChange|legacyData","GOOD"
"793248d5-bdb7-44b1-9fd1-4089467c931a","D02","POSE","POSE.AOS.groundwater.well.006","POSE.W6.20170313.RAW",,"2017-03-13T16:12Z","2017-03-13T16:12Z","EcoCore_CSU","conductivity",122.5900,"microsiemensPerCentimeter",5.6,,0,"formatChange|legacyData","GOOD"
"0832e22c-bc81-425e-8d78-11b1769dd16e","D02","POSE","POSE.AOS.groundwater.well.006","POSE.W6.20170313.FIL",,"2017-03-13T16:12Z","2017-03-13T16:12Z","EcoCore_CSU","UV Absorbance (250 nm)",0.2892,,5.6,,0,"formatChange|legacyData","GOOD"
"1ab0228c-92fa-4c67-b13c-8158d16b83fa","D02","POSE","POSE.AOS.groundwater.well.006","POSE.W6.20170313.FIL",,"2017-03-13T16:12Z","2017-03-13T16:12Z","EcoCore_CSU","K",0.1866,"milligramsPerLiter",5.6,,0,"formatChange|legacyData","GOOD"
"1260add5-24ab-4eb9-8e7c-a8754ecb0bef","D02","POSE","POSE.AOS.groundwater.well.006","POSE.W6.20170313.FIL",,"2017-03-13T16:12Z","2017-03-13T16:12Z","EcoCore_CSU","SO4",6.1962,"milligramsPerLiter",5.6,,0,"formatChange|legacyData","GOOD"
"71d6557c-d7ee-44a1-b157-f4a129c2b653","D02","POSE","POSE.AOS.groundwater.well.006","POSE.W6.20170313.FIL",,"2017-03-13T16:12Z","2017-03-13T16:12Z","EcoCore_CSU","NO3+NO2 - N",0.1540,"milligramsPerLiter",5.6,,0,"formatChange|legacyData","GOOD"
"58baa56c-1ac9-413e-b224-5ed0e73e7405","D02","POSE","POSE.AOS.groundwater.well.006","POSE.W6.20170313.FIL",,"2017-03-13T16:12Z","2017-03-13T16:12Z","EcoCore_CSU","TDN",0.3653,"milligramsPerLiter",5.6,,0,"formatChange|legacyData","GOOD"
"4a592a1f-4d9e-45ae-ba20-e7b1086b5d01","D02","POSE","POSE.AOS.groundwater.well.006","POSE.W6.20170313.FIL",,"2017-03-13T16:12Z","2017-03-13T16:12Z","EcoCore_CSU","UV Absorbance (280 nm)",0.2317,,5.6,,0,"formatChange|legacyData","GOOD"
"2b9da2e7-d806-48da-a5b0-2ca6a64aa825","D02","POSE","POSE.AOS.groundwater.well.006","POSE.W6.20170313.FIL",,"2017-03-13T16:12Z","2017-03-13T16:12Z","EcoCore_CSU","Ortho - P",0.0290,"milligramsPerLiter",5.6,,0,"formatChange|legacyData","GOOD"
"b49dd1c1-e60f-40b1-98ff-932492d282e1","D02","POSE","POSE.AOS.groundwater.well.006","POSE.W6.20170313.FIL",,"2017-03-13T16:12Z","2017-03-13T16:12Z","EcoCore_CSU","CO3",0.0050,"milligramsPerLiter",5.6,,0,"formatChange|legacyData","GOOD"
"13aff261-a8aa-4ff4-b005-c09eb1376c99","D02","POSE","POSE.AOS.groundwater.well.006","POSE.W6.20170313.FIL",,"2017-03-13T16:12Z","2017-03-13T16:12Z","EcoCore_CSU","Cl",2.7257,"milligramsPerLiter",5.6,,0,"formatChange|legacyData","GOOD"
"66c5cb12-b5e0-4a7c-82c7-aa3e020fef83","D02","POSE","POSE.AOS.groundwater.well.006","POSE.W6.20170313.RAW",,"2017-03-13T16:12Z","2017-03-13T16:12Z","EcoCore_CSU","TN",0.4892,"milligramsPerLiter",5.6,,0,"formatChange|legacyData","GOOD"
"6117145c-40ce-4ebe-a25f-9f01d6da9c56","D02","POSE","POSE.AOS.groundwater.well.006","POSE.W6.20170313.FIL",,"2017-03-13T16:12Z","2017-03-13T16:12Z","EcoCore_CSU","Na",7.6879,"milligramsPerLiter",5.6,,0,"formatChange|legacyData","GOOD"
"af5eb211-0902-4027-bb58-9f759f4bb634","D02","POSE","POSE.AOS.groundwater.well.006","POSE.W6.20170313.RAW",,"2017-03-13T16:12Z","2017-03-13T16:12Z","EcoCore_CSU","TP",0.2833,"milligramsPerLiter",5.6,,0,"formatChange|legacyData","GOOD"
"0c3510d0-5f55-4ae1-be35-751e05c1bcbc","D02","POSE","POSE.AOS.groundwater.well.006","POSE.W6.20170313.FIL",,"2017-03-13T16:12Z","2017-03-13T16:12Z","EcoCore_CSU","Ca",10.4463,"milligramsPerLiter",5.6,,0,"formatChange|legacyData","GOOD"
"1d6f01d4-5b7c-4bcc-8e00-82f8fcb60ce8","D02","POSE","POSE.AOS.groundwater.well.006","POSE.W6.20170313.PCN",,"2017-03-13T16:12Z","2017-03-13T16:12Z","EcoCore_CSU","TPC",0.2751,"milligram",5.6,,0,"formatChange|legacyData","GOOD"
"bf1de608-a801-43fa-a7c2-23bc5e488b40","D02","POSE","POSE.AOS.groundwater.well.006","POSE.W6.20170313.FIL",,"2017-03-13T16:12Z","2017-03-13T16:12Z","EcoCore_CSU","Br",0.0050,"milligramsPerLiter",5.6,,0,"formatChange|legacyData","GOOD"
"a62bb22c-17da-453f-8833-1a63d72c6448","D02","POSE","POSE.AOS.groundwater.well.006","POSE.W6.20170313.FIL",,"2017-03-13T16:12Z","2017-03-13T16:12Z","EcoCore_CSU","TDS",84.5600,"milligramsPerLiter",5.6,,0,"formatChange|legacyData","GOOD"
"d49193f0-786f-4fd2-8967-f90229ec7345","D02","POSE","POSE.AOS.groundwater.well.006","POSE.W6.20170313.FIL",,"2017-03-13T16:12Z","2017-03-13T16:12Z","EcoCore_CSU","Mn",0.0417,"milligramsPerLiter",5.6,,0,"formatChange|legacyData","GOOD"
"edea05fd-e275-45e9-93ea-f37d27550bdb","D02","POSE","POSE.AOS.groundwater.well.006","POSE.W6.20170313.FIL",,"2017-03-13T16:12Z","2017-03-13T16:12Z","EcoCore_CSU","Fe",6.6959,"milligramsPerLiter",5.6,,0,"formatChange|legacyData","GOOD"
"37533b9d-b1e8-46ef-9ea2-b04bbbc0258d","D02","POSE","POSE.AOS.groundwater.well.006","POSE.W6.20170313.RAW",,"2017-03-13T16:12Z","2017-03-13T16:12Z","EcoCore_CSU","TOC",2.6230,"milligramsPerLiter",5.6,,0,"formatChange|legacyData","GOOD"
"b3781623-1373-4e1c-a8f3-ff2357daa29e","D02","POSE","POSE.AOS.groundwater.well.006","POSE.W6.20170313.FIL",,"2017-03-13T16:12Z","2017-03-13T16:12Z","EcoCore_CSU","Si",12.8226,"milligramsPerLiter",5.6,,0,"formatChange|legacyData","GOOD"
"aee6abf0-97d6-4cae-9362-ff0d29bb5d80","D02","POSE","POSE.AOS.groundwater.well.006","POSE.W6.20170313.PCN",,"2017-03-13T16:12Z","2017-03-13T16:12Z","EcoCore_CSU","TPN",0.1133,"milligram",5.6,,0,"formatChange|legacyData","GOOD"
"bfe161e2-ebcc-4a13-8615-e8748f120a62","D02","POSE","POSE.AOS.groundwater.well.006","POSE.W6.20170313.FIL",,"2017-03-13T16:12Z","2017-03-13T16:12Z","EcoCore_CSU","F",0.0050,"milligramsPerLiter",5.6,,0,"formatChange|legacyData","GOOD"
"db95b045-27ad-465c-b973-31fe1d3d644f","D02","POSE","POSE.AOS.groundwater.well.006","POSE.W6.20170313.RAW",,"2017-03-13T16:12Z","2017-03-13T16:12Z","EcoCore_CSU","pH",6.8800,"pH",5.6,,0,"formatChange|legacyData","GOOD"
"f541de76-4fa8-4ccb-a6b9-0488dcadd5cb","D02","POSE","POSE.AOS.groundwater.well.006","POSE.W6.20170313.FIL",,"2017-03-13T16:12Z","2017-03-13T16:12Z","EcoCore_CSU","TDP",0.0020,"milligramsPerLiter",5.6,,0,"formatChange|legacyData","GOOD"
"7fb3e47b-143c-44d4-b496-4df368469145","D02","POSE","POSE.AOS.groundwater.well.006","POSE.W6.20170313.FIL",,"2017-03-13T16:12Z","2017-03-13T16:12Z","EcoCore_CSU","NH4 - N",-0.0160,"milligramsPerLiter",5.6,,0,"formatChange|legacyData","GOOD"
"84bedd2e-b74d-4314-a5d0-b1e654600096","D02","POSE","POSE.AOS.groundwater.well.006","POSE.W6.20170313.RAW",,"2017-03-13T16:12Z","2017-03-13T16:12Z","EcoCore_CSU","TSS",784.0000,"milligramsPerLiter",5.6,,0,"formatChange|legacyData","GOOD"
"ead18ccd-504a-4f44-8635-5b340208119d","D02","POSE","POSE.AOS.groundwater.well.006","POSE.W6.20170313.FIL",,"2017-03-13T16:12Z","2017-03-13T16:12Z","EcoCore_CSU","DIC",15.4300,"milligramsPerLiter",5.6,,0,"formatChange|legacyData","GOOD"
"5d35bbf9-7779-4ed3-a653-b39cc9511990","D02","POSE","POSE.AOS.groundwater.well.006","POSE.W6.20170313.FIL",,"2017-03-13T16:12Z","2017-03-13T16:12Z","EcoCore_CSU","Mg",4.4608,"milligramsPerLiter",5.6,,0,"formatChange|legacyData","GOOD"
"5ba79cf3-7fad-48d1-bc60-01706728e84e","D02","POSE","POSE.AOS.groundwater.well.006","POSE.W6.20170313.RAW",,"2017-03-13T16:12Z","2017-03-13T16:12Z","EcoCore_CSU","TSS - Dry Mass",19600.0000,"microgram",5.6,,0,"formatChange|legacyData","GOOD"
"f6fbf788-6208-4d04-9a21-98189a1f1104","D02","POSE","POSE.AOS.groundwater.well.006","POSE.W6.20170313.FIL",,"2017-03-13T16:12Z","2017-03-13T16:12Z","EcoCore_CSU","DOC",1.1560,"milligramsPerLiter",5.6,,0,"formatChange|legacyData","GOOD"
"2ce294b1-aab6-4c6d-bedc-fba53213343e","D02","POSE","POSE.AOS.groundwater.well.006","POSE.W6.20170313.FIL",,"2017-03-13T16:12Z","2017-03-13T16:12Z","EcoCore_CSU","HCO3",61.8240,"milligramsPerLiter",5.6,,0,"formatChange|legacyData","GOOD"
"1a1e499c-790a-4711-9b9d-4a3814d77393","D02","POSE","POSE.AOS.groundwater.well.006","POSE.W6.20170313.RAW",,"2017-03-13T16:12Z","2017-03-13T16:12Z","EcoCore_CSU","ANC",1.1720,"milliequivalentsPerLiter",5.6,,0,"formatChange|legacyData","GOOD"
"f22e7fd7-ef05-4cfb-8fad-0b48dc914b5c","D02","POSE","POSE.AOS.groundwater.well.006","POSE.W6.20170313.FIL",,"2017-03-13T16:12Z","2017-03-13T16:12Z","EcoCore_CSU","NO2 - N",0.0080,"milligramsPerLiter",5.6,,0,"formatChange|legacyData","GOOD"
"e83f00f0-0e34-4203-9144-e139c396f793","D02","POSE","POSE.AOS.groundwater.well.008","POSE.W8.20170313.FIL",,"2017-03-13T17:30Z","2017-03-13T17:30Z","EcoCore_CSU","Fe",0.4920,"milligramsPerLiter",5.6,,0,"formatChange|legacyData","GOOD"
"34cd74ad-9677-485f-9e28-25544de2da4e","D02","POSE","POSE.AOS.groundwater.well.008","POSE.W8.20170313.FIL",,"2017-03-13T17:30Z","2017-03-13T17:30Z","EcoCore_CSU","UV Absorbance (250 nm)",0.0303,,5.6,,0,"formatChange|legacyData","GOOD"
"1c13a704-28ff-4544-a069-7f1083300258","D02","POSE","POSE.AOS.groundwater.well.008","POSE.W8.20170313.RAW",,"2017-03-13T17:30Z","2017-03-13T17:30Z","EcoCore_CSU","conductivity",131.2700,"microsiemensPerCentimeter",5.6,,0,"formatChange|legacyData","GOOD"
"5ab99202-1455-4ecc-b142-fecc6eec2418","D02","POSE","POSE.AOS.groundwater.well.008","POSE.W8.20170313.FIL",,"2017-03-13T17:30Z","2017-03-13T17:30Z","EcoCore_CSU","DIC",15.8300,"milligramsPerLiter",5.6,,0,"formatChange|legacyData","GOOD"
"caf923bb-6702-4b22-9d37-a5b79a05576d","D02","POSE","POSE.AOS.groundwater.well.008","POSE.W8.20170313.FIL",,"2017-03-13T17:30Z","2017-03-13T17:30Z","EcoCore_CSU","K",0.1478,"milligramsPerLiter",5.6,,0,"formatChange|legacyData","GOOD"
"fd48b26e-e28d-4260-ab6f-284551cd7cba","D02","POSE","POSE.AOS.groundwater.well.008","POSE.W8.20170313.FIL",,"2017-03-13T17:30Z","2017-03-13T17:30Z","EcoCore_CSU","HCO3",70.1580,"milligramsPerLiter",5.6,,0,"formatChange|legacyData","GOOD"
"8bfd287c-3513-4679-bd90-5ddbbabecab6","D02","POSE","POSE.AOS.groundwater.well.008","POSE.W8.20170313.FIL",,"2017-03-13T17:30Z","2017-03-13T17:30Z","EcoCore_CSU","Cl",2.3625,"milligramsPerLiter",5.6,,0,"formatChange|legacyData","GOOD"
"c4b2af54-e977-4920-9eb8-37a6a3d94e62","D02","POSE","POSE.AOS.groundwater.well.008","POSE.W8.20170313.RAW",,"2017-03-13T17:30Z","2017-03-13T17:30Z","EcoCore_CSU","TOC",0.7409,"milligramsPerLiter",5.6,,0,"formatChange|legacyData","GOOD"
"4e08ef42-44e2-4ed6-8ff9-ec89eef1ba0e","D02","POSE","POSE.AOS.groundwater.well.008","POSE.W8.20170313.FIL",,"2017-03-13T17:30Z","2017-03-13T17:30Z","EcoCore_CSU","Br",0.0050,"milligramsPerLiter",5.6,,0,"formatChange|legacyData","GOOD"
"30c6ca04-9e5d-42d7-8973-1ff7d13b68b4","D02","POSE","POSE.AOS.groundwater.well.008","POSE.W8.20170313.FIL",,"2017-03-13T17:30Z","2017-03-13T17:30Z","EcoCore_CSU","Mg",4.5743,"milligramsPerLiter",5.6,,0,"formatChange|legacyData","GOOD"
"15bb9cf6-595c-4591-8284-4b9899a04ba4","D02","POSE","POSE.AOS.groundwater.well.008","POSE.W8.20170313.RAW",,"2017-03-13T17:30Z","2017-03-13T17:30Z","EcoCore_CSU","TSS - Dry Mass",2900.0000,"microgram",5.6,,0,"formatChange|legacyData","GOOD"
"427964b8-9824-4daf-876b-c783219b633a","D02","POSE","POSE.AOS.groundwater.well.008","POSE.W8.20170313.FIL",,"2017-03-13T17:30Z","2017-03-13T17:30Z","EcoCore_CSU","F",0.0050,"milligramsPerLiter",5.6,,0,"formatChange|legacyData","GOOD"
"daa222ef-d95b-44b8-9d8c-f8008464c157","D02","POSE","POSE.AOS.groundwater.well.008","POSE.W8.20170313.FIL",,"2017-03-13T17:30Z","2017-03-13T17:30Z","EcoCore_CSU","NO3+NO2 - N",1.0100,"milligramsPerLiter",5.6,,0,"formatChange|legacyData","GOOD"
"6d009891-b5c0-4744-a7ad-293b5fc024f8","D02","POSE","POSE.AOS.groundwater.well.008","POSE.W8.20170313.FIL",,"2017-03-13T17:30Z","2017-03-13T17:30Z","EcoCore_CSU","Ortho - P",0.0450,"milligramsPerLiter",5.6,,0,"formatChange|legacyData","GOOD"
"3f00a600-46c0-45c6-927b-58b377344a90","D02","POSE","POSE.AOS.groundwater.well.008","POSE.W8.20170313.FIL",,"2017-03-13T17:30Z","2017-03-13T17:30Z","EcoCore_CSU","DOC",0.8372,"milligramsPerLiter",5.6,,0,"formatChange|legacyData","GOOD"
"8d8379c8-0fbd-4fa0-9030-4e720046bc1b","D02","POSE","POSE.AOS.groundwater.well.008","POSE.W8.20170313.RAW",,"2017-03-13T17:30Z","2017-03-13T17:30Z","EcoCore_CSU","ANC",1.2050,"milliequivalentsPerLiter",5.6,,0,"formatChange|legacyData","GOOD"
"82b49050-3fd1-408a-b811-90c404438f88","D02","POSE","POSE.AOS.groundwater.well.008","POSE.W8.20170313.FIL",,"2017-03-13T17:30Z","2017-03-13T17:30Z","EcoCore_CSU","CO3",0.0050,"milligramsPerLiter",5.6,,0,"formatChange|legacyData","GOOD"
"a0c50e44-8951-4841-8ee2-8f51acf15de1","D02","POSE","POSE.AOS.groundwater.well.008","POSE.W8.20170313.FIL",,"2017-03-13T17:30Z","2017-03-13T17:30Z","EcoCore_CSU","TDS",90.2300,"milligramsPerLiter",5.6,,0,"formatChange|legacyData","GOOD"
"2cfdf9ff-01b4-4719-8a29-862749e59091","D02","POSE","POSE.AOS.groundwater.well.008","POSE.W8.20170313.FIL",,"2017-03-13T17:30Z","2017-03-13T17:30Z","EcoCore_CSU","Ca",13.0039,"milligramsPerLiter",5.6,,0,"formatChange|legacyData","GOOD"
"2488a17e-ba6e-444b-9b68-d77031e2a4ba","D02","POSE","POSE.AOS.groundwater.well.008","POSE.W8.20170313.FIL",,"2017-03-13T17:30Z","2017-03-13T17:30Z","EcoCore_CSU","Na",6.2863,"milligramsPerLiter",5.6,,0,"formatChange|legacyData","GOOD"
"a93c91be-2775-4522-b41a-3e3a406f0ca4","D02","POSE","POSE.AOS.groundwater.well.008","POSE.W8.20170313.FIL",,"2017-03-13T17:30Z","2017-03-13T17:30Z","EcoCore_CSU","Mn",0.0503,"milligramsPerLiter",5.6,,0,"formatChange|legacyData","GOOD"
"cc117a6b-3c0a-40cf-9046-36f2af435d7b","D02","POSE","POSE.AOS.groundwater.well.008","POSE.W8.20170313.FIL",,"2017-03-13T17:30Z","2017-03-13T17:30Z","EcoCore_CSU","NH4 - N",-0.0240,"milligramsPerLiter",5.6,,0,"formatChange|legacyData","GOOD"
"5b12095f-7cfa-430b-a267-bda95d28ee51","D02","POSE","POSE.AOS.groundwater.well.008","POSE.W8.20170313.RAW",,"2017-03-13T17:30Z","2017-03-13T17:30Z","EcoCore_CSU","pH",7.1200,"pH",5.6,,0,"formatChange|legacyData","GOOD"
"8074946e-728f-4598-bb9a-227e55e362ba","D02","POSE","POSE.AOS.groundwater.well.008","POSE.W8.20170313.PCN",,"2017-03-13T17:30Z","2017-03-13T17:30Z","EcoCore_CSU","TPC",0.2455,"milligram",5.6,,0,"formatChange|legacyData","GOOD"
"54553168-409a-4c7a-bba4-75a3675c8080","D02","POSE","POSE.AOS.groundwater.well.008","POSE.W8.20170313.FIL",,"2017-03-13T17:30Z","2017-03-13T17:30Z","EcoCore_CSU","SO4",1.5451,"milligramsPerLiter",5.6,,0,"formatChange|legacyData","GOOD"
"39b5d5a3-3fc2-4e0b-844b-e6a90fb1aa7a","D02","POSE","POSE.AOS.groundwater.well.008","POSE.W8.20170313.FIL",,"2017-03-13T17:30Z","2017-03-13T17:30Z","EcoCore_CSU","UV Absorbance (280 nm)",0.0272,,5.6,,0,"formatChange|legacyData","GOOD"
"55afe318-bc51-4611-81b4-9c64395b8d84","D02","POSE","POSE.AOS.groundwater.well.008","POSE.W8.20170313.RAW",,"2017-03-13T17:30Z","2017-03-13T17:30Z","EcoCore_CSU","TP",0.0420,"milligramsPerLiter",5.6,,0,"formatChange|legacyData","GOOD"
"5c651bd0-9976-4662-b1f1-d78112390f6f","D02","POSE","POSE.AOS.groundwater.well.008","POSE.W8.20170313.PCN",,"2017-03-13T17:30Z","2017-03-13T17:30Z","EcoCore_CSU","TPN",0.0967,"milligram",5.6,,0,"formatChange|legacyData","GOOD"
"dbac96a0-ad2d-4341-af60-493017871723","D02","POSE","POSE.AOS.groundwater.well.008","POSE.W8.20170313.FIL",,"2017-03-13T17:30Z","2017-03-13T17:30Z","EcoCore_CSU","Si",13.2310,"milligramsPerLiter",5.6,,0,"formatChange|legacyData","GOOD"
"727d31fa-3793-493d-b18a-6631e01b04f3","D02","POSE","POSE.AOS.groundwater.well.008","POSE.W8.20170313.RAW",,"2017-03-13T17:30Z","2017-03-13T17:30Z","EcoCore_CSU","TSS",116.0000,"milligramsPerLiter",5.6,,0,"formatChange|legacyData","GOOD"
"e8ddee92-3ee1-4b83-8b16-d6668f03c6b1","D02","POSE","POSE.AOS.groundwater.well.008","POSE.W8.20170313.FIL",,"2017-03-13T17:30Z","2017-03-13T17:30Z","EcoCore_CSU","TDP",0.0320,"milligramsPerLiter",5.6,,0,"formatChange|legacyData","GOOD"
"3f1d755b-6d99-444e-97ef-0e4e40c5aa79","D02","POSE","POSE.AOS.groundwater.well.008","POSE.W8.20170313.FIL",,"2017-03-13T17:30Z","2017-03-13T17:30Z","EcoCore_CSU","NO2 - N",0.0080,"milligramsPerLiter",5.6,,0,"formatChange|legacyData","GOOD"
"77a5fdce-9641-41e5-82d3-2c697cbdd003","D02","POSE","POSE.AOS.groundwater.well.008","POSE.W8.20170313.RAW",,"2017-03-13T17:30Z","2017-03-13T17:30Z","EcoCore_CSU","TN",1.1160,"milligramsPerLiter",5.6,,0,"formatChange|legacyData","GOOD"
"fcd30736-f369-47df-942d-bfa9911b61be","D02","POSE","POSE.AOS.groundwater.well.008","POSE.W8.20170313.FIL",,"2017-03-13T17:30Z","2017-03-13T17:30Z","EcoCore_CSU","TDN",1.1000,"milligramsPerLiter",5.6,,0,"formatChange|legacyData","GOOD"
"d64721a1-7bf3-45ef-97f3-df2c4de6cbd3","D02","POSE","POSE.AOS.groundwater.well.003","POSE.W3.20170320.FIL",,"2017-03-20T13:40Z","2017-03-20T13:40Z","EcoCore_CSU","Mn",0.0211,"milligramsPerLiter",2.4,,0,"formatChange|legacyData","GOOD"
"e78ac70f-3f81-4cfe-8a92-fe1971073b6d","D02","POSE","POSE.AOS.groundwater.well.003","POSE.W3.20170320.FIL",,"2017-03-20T13:40Z","2017-03-20T13:40Z","EcoCore_CSU","Mg",3.1824,"milligramsPerLiter",2.4,,0,"formatChange|legacyData","GOOD"
"3634abb3-3422-4795-bde2-406d96bdc011","D02","POSE","POSE.AOS.groundwater.well.003","POSE.W3.20170320.FIL",,"2017-03-20T13:40Z","2017-03-20T13:40Z","EcoCore_CSU","Na",3.8216,"milligramsPerLiter",2.4,,0,"formatChange|legacyData","GOOD"
"6f5c2a9b-41db-43e7-9241-f7bcec891693","D02","POSE","POSE.AOS.groundwater.well.003","POSE.W3.20170320.FIL",,"2017-03-20T13:40Z","2017-03-20T13:40Z","EcoCore_CSU","HCO3",33.9610,"milligramsPerLiter",2.4,,0,"formatChange|legacyData","GOOD"
"452ac716-666b-4e77-bfd0-322e2fbb1ec8","D02","POSE","POSE.AOS.groundwater.well.003","POSE.W3.20170320.FIL",,"2017-03-20T13:40Z","2017-03-20T13:40Z","EcoCore_CSU","Fe",0.4838,"milligramsPerLiter",2.4,,0,"formatChange|legacyData","GOOD"
"34208481-c528-4cdb-9c8c-0da7103692a8","D02","POSE","POSE.AOS.groundwater.well.003","POSE.W3.20170320.FIL",,"2017-03-20T13:40Z","2017-03-20T13:40Z","EcoCore_CSU","UV Absorbance (280 nm)",0.0362,,2.4,,0,"formatChange|legacyData","GOOD"
"d95c2023-3dac-41b5-bbd1-3159008f29a7","D02","POSE","POSE.AOS.groundwater.well.003","POSE.W3.20170320.FIL",,"2017-03-20T13:40Z","2017-03-20T13:40Z","EcoCore_CSU","NH4 - N",0.0500,"milligramsPerLiter",2.4,,0,"formatChange|legacyData","GOOD"
"5c1fe0f5-8c99-45da-ab3f-0fdf8c010dde","D02","POSE","POSE.AOS.groundwater.well.003","POSE.W3.20170320.FIL",,"2017-03-20T13:40Z","2017-03-20T13:40Z","EcoCore_CSU","Cl",2.0479,"milligramsPerLiter",2.4,,0,"formatChange|legacyData","GOOD"
"cc501d37-5a91-46bc-b303-a6242b9341f7","D02","POSE","POSE.AOS.groundwater.well.003","POSE.W3.20170320.RAW",,"2017-03-20T13:40Z","2017-03-20T13:40Z","EcoCore_CSU","TSS",276.0000,"milligramsPerLiter",2.4,,0,"formatChange|legacyData","GOOD"
"813e0fc0-7fd3-4a52-96c0-9e9fd21757bd","D02","POSE","POSE.AOS.groundwater.well.003","POSE.W3.20170320.RAW",,"2017-03-20T13:40Z","2017-03-20T13:40Z","EcoCore_CSU","TN",0.2836,"milligramsPerLiter",2.4,,0,"formatChange|legacyData","GOOD"
"569afa6d-dd19-4ba7-bd4b-ec00a73d671f","D02","POSE","POSE.AOS.groundwater.well.003","POSE.W3.20170320.FIL",,"2017-03-20T13:40Z","2017-03-20T13:40Z","EcoCore_CSU","TDP",0.0175,"milligramsPerLiter",2.4,,0,"formatChange|legacyData","GOOD"
"2e67ea41-cc58-4535-9b30-7b2636cfe15e","D02","POSE","POSE.AOS.groundwater.well.003","POSE.W3.20170320.FIL",,"2017-03-20T13:40Z","2017-03-20T13:40Z","EcoCore_CSU","DIC",7.8970,"milligramsPerLiter",2.4,,0,"formatChange|legacyData","GOOD"
"b67f328d-f289-4830-89e4-0af288a2f4c4","D02","POSE","POSE.AOS.groundwater.well.003","POSE.W3.20170320.FIL",,"2017-03-20T13:40Z","2017-03-20T13:40Z","EcoCore_CSU","Br",0.0050,"milligramsPerLiter",2.4,,0,"formatChange|legacyData","GOOD"
"f9783953-dd70-45dc-a0e4-4aba985816ef","D02","POSE","POSE.AOS.groundwater.well.003","POSE.W3.20170320.FIL",,"2017-03-20T13:40Z","2017-03-20T13:40Z","EcoCore_CSU","TDS",53.2900,"milligramsPerLiter",2.4,,0,"formatChange|legacyData","GOOD"
"f4eab0af-78ec-43a7-b7bf-4b39d87a8015","D02","POSE","POSE.AOS.groundwater.well.003","POSE.W3.20170320.FIL",,"2017-03-20T13:40Z","2017-03-20T13:40Z","EcoCore_CSU","DOC",1.5020,"milligramsPerLiter",2.4,,0,"formatChange|legacyData","GOOD"
"b7ca9a63-d04e-411a-8912-dfd4b05d4405","D02","POSE","POSE.AOS.groundwater.well.003","POSE.W3.20170320.RAW",,"2017-03-20T13:40Z","2017-03-20T13:40Z","EcoCore_CSU","pH",6.9200,"pH",2.4,,0,"formatChange|legacyData","GOOD"
"0a15ec7f-abb8-4edd-955d-ff79406b02f7","D02","POSE","POSE.AOS.groundwater.well.003","POSE.W3.20170320.FIL",,"2017-03-20T13:40Z","2017-03-20T13:40Z","EcoCore_CSU","Ortho - P",0.0520,"milligramsPerLiter",2.4,,0,"formatChange|legacyData","GOOD"
"4c8dabbe-62b1-4856-82f3-801a137d91f4","D02","POSE","POSE.AOS.groundwater.well.003","POSE.W3.20170320.FIL",,"2017-03-20T13:40Z","2017-03-20T13:40Z","EcoCore_CSU","NO2 - N",0.0100,"milligramsPerLiter",2.4,,0,"formatChange|legacyData","GOOD"
"9e2eb354-c19d-44cd-8768-a4a38256c3ca","D02","POSE","POSE.AOS.groundwater.well.003","POSE.W3.20170320.FIL",,"2017-03-20T13:40Z","2017-03-20T13:40Z","EcoCore_CSU","NO3+NO2 - N",0.0320,"milligramsPerLiter",2.4,,0,"formatChange|legacyData","GOOD"
"22884870-93aa-4a10-a77b-6b949c5b8601","D02","POSE","POSE.AOS.groundwater.well.003","POSE.W3.20170320.FIL",,"2017-03-20T13:40Z","2017-03-20T13:40Z","EcoCore_CSU","Ca",6.5242,"milligramsPerLiter",2.4,,0,"formatChange|legacyData","GOOD"
"cb76b91b-701d-4041-9e59-57425ed3893f","D02","POSE","POSE.AOS.groundwater.well.003","POSE.W3.20170320.PCN",,"2017-03-20T13:40Z","2017-03-20T13:40Z","EcoCore_CSU","TPN",0.1035,"milligram",2.4,,0,"formatChange|legacyData","GOOD"
"92483c0b-0271-495c-8df9-1cf123c8b243","D02","POSE","POSE.AOS.groundwater.well.003","POSE.W3.20170320.FIL",,"2017-03-20T13:40Z","2017-03-20T13:40Z","EcoCore_CSU","F",0.0050,"milligramsPerLiter",2.4,,0,"formatChange|legacyData","GOOD"
"633b3ad0-f046-4ba1-9b6b-11a4d7e29fdf","D02","POSE","POSE.AOS.groundwater.well.003","POSE.W3.20170320.RAW",,"2017-03-20T13:40Z","2017-03-20T13:40Z","EcoCore_CSU","ANC",0.6340,"milliequivalentsPerLiter",2.4,,0,"formatChange|legacyData","GOOD"
"de299974-6ded-4829-afdb-e10b6f820eb8","D02","POSE","POSE.AOS.groundwater.well.003","POSE.W3.20170320.RAW",,"2017-03-20T13:40Z","2017-03-20T13:40Z","EcoCore_CSU","conductivity",77.6200,"microsiemensPerCentimeter",2.4,,0,"formatChange|legacyData","GOOD"
"8e4ea376-682c-4771-a90a-873a5438718f","D02","POSE","POSE.AOS.groundwater.well.003","POSE.W3.20170320.FIL",,"2017-03-20T13:40Z","2017-03-20T13:40Z","EcoCore_CSU","TDN",0.3545,"milligramsPerLiter",2.4,,0,"formatChange|legacyData","GOOD"
"7eb417a1-d0a1-4b43-827e-1c51347a3929","D02","POSE","POSE.AOS.groundwater.well.003","POSE.W3.20170320.RAW",,"2017-03-20T13:40Z","2017-03-20T13:40Z","EcoCore_CSU","TSS - Dry Mass",6900.0000,"microgram",2.4,,0,"formatChange|legacyData","GOOD"
"3bab11bf-630b-452d-83d9-2938b3056bb2","D02","POSE","POSE.AOS.groundwater.well.003","POSE.W3.20170320.FIL",,"2017-03-20T13:40Z","2017-03-20T13:40Z","EcoCore_CSU","SO4",8.1503,"milligramsPerLiter",2.4,,0,"formatChange|legacyData","GOOD"
"843f8109-e584-456f-894d-a0fa55117a4a","D02","POSE","POSE.AOS.groundwater.well.003","POSE.W3.20170320.FIL",,"2017-03-20T13:40Z","2017-03-20T13:40Z","EcoCore_CSU","Si",9.8580,"milligramsPerLiter",2.4,,0,"formatChange|legacyData","GOOD"
"d43d3e20-cd6b-44be-9d15-69a34d77a328","D02","POSE","POSE.AOS.groundwater.well.003","POSE.W3.20170320.FIL",,"2017-03-20T13:40Z","2017-03-20T13:40Z","EcoCore_CSU","K",0.1474,"milligramsPerLiter",2.4,,0,"formatChange|legacyData","GOOD"
"822b5e84-ad66-454d-a098-5bbcdb69b827","D02","POSE","POSE.AOS.groundwater.well.003","POSE.W3.20170320.RAW",,"2017-03-20T13:40Z","2017-03-20T13:40Z","EcoCore_CSU","TP",0.0210,"milligramsPerLiter",2.4,,0,"formatChange|legacyData","GOOD"
"f96c98da-4ec0-4270-b96c-094bd640aa27","D02","POSE","POSE.AOS.groundwater.well.003","POSE.W3.20170320.FIL",,"2017-03-20T13:40Z","2017-03-20T13:40Z","EcoCore_CSU","CO3",0.0050,"milligramsPerLiter",2.4,,0,"formatChange|legacyData","GOOD"
"95dc9ba6-ac11-46f0-9e0a-60996498f5a3","D02","POSE","POSE.AOS.groundwater.well.003","POSE.W3.20170320.FIL",,"2017-03-20T13:40Z","2017-03-20T13:40Z","EcoCore_CSU","UV Absorbance (250 nm)",0.0488,,2.4,,0,"formatChange|legacyData","GOOD"
"037a85bf-6336-429a-8be4-daf481705d4b","D02","POSE","POSE.AOS.groundwater.well.003","POSE.W3.20170320.RAW",,"2017-03-20T13:40Z","2017-03-20T13:40Z","EcoCore_CSU","TOC",1.7030,"milligramsPerLiter",2.4,,0,"formatChange|legacyData","GOOD"
"df8571df-3aeb-405d-8d61-3a11c7b69a4c","D02","POSE","POSE.AOS.groundwater.well.003","POSE.W3.20170320.PCN",,"2017-03-20T13:40Z","2017-03-20T13:40Z","EcoCore_CSU","TPC",0.2662,"milligram",2.4,,0,"formatChange|legacyData","GOOD"
