uid,domainID,siteID,namedLocation,collectDate,titrationDate,parentSampleID,domainSampleID,remarks,measuredBy,alkMeqPerL,alkMgPerL,ancMeqPerL,ancMgPerL
"68cf066f-cc7d-4888-977f-8e49826f847e","D02","POSE","POSE.AOS.groundwater.well.001","2017-03-13T13:46Z","2017-03-13T20:34Z","POSE.W1.20170313","POSE.W1.20170313.ALK",,"kgeiger@neoninc.org",1.090,54.700,,
"f01c5010-f20a-45ef-8c86-5aed36128bf5","D02","POSE","POSE.AOS.groundwater.well.006","2017-03-13T16:12Z","2017-03-13T20:51Z","POSE.W6.20170313","POSE.W6.20170313.ALK",,"kgeiger@neoninc.org",0.960,48.200,,
"2e2e6dae-e4b8-4644-94d7-a0816c552232","D02","POSE","POSE.AOS.groundwater.well.008","2017-03-13T17:30Z","2017-03-13T21:39Z","POSE.W8.20170313","POSE.W8.20170313.ALK",,"kgeiger@neoninc.org",1.150,57.700,,
"d16355d0-7b6c-4741-be9a-cf1f34a59942","D02","POSE","POSE.AOS.groundwater.well.003","2017-03-20T13:40Z","2017-03-20T17:51Z","POSE.W3.20170320","POSE.W3.20170320.ALK",,"kgeiger@neoninc.org",0.550,27.500,,
