uid,domainID,siteID,namedLocation,decimalLatitude,decimalLongitude,coordinateUncertainty,elevation,elevationUncertainty,geodeticDatum,collectDate,aquaticSiteType,samplingImpractical,waterChemSamplesCollected,adequateSampleVol,parentSampleID,eventID,swcSamplingProtocolVersion,sampleExtractionMethod,samplerType,totalWellDepth,wellWaterDepth,waterColumnHeight,sampleDepth,purgeAverageDischargeRate,purgeTime,gwWellStabilized,purgeDryDateTime,pumpPlacementDate,screenedIntervalDepth,maxAllowableDrawdown,actualDrawdown,MADExceeded,wellVolumePurged,probeIDUnavailable,dissolvedOxygen,dissolvedOxygenSaturation,specificConductance,waterTemp,pH,waterClarityDescrip,waterColorDescrip,aCollectedBy,bCollectedBy,remarks
"c9aea97c-92c1-41db-bc86-57ccae1a4e42","D02","POSE","POSE.AOS.groundwater.well.001",38.894262,-78.147143,0.1,277.9,0.1,"WGS84","2017-03-13T13:46Z","stream",,,,"POSE.W1.20170313","POSE.20170313","NEON.DOC.002905vC","low-flow",,,1.4,,2.4,,,,,,,,,,3.0,,7.53,62.30,108.70,7.10,,,,"bdowner@neoninc.org","kgeiger@neoninc.org",
"7f6d08de-b2b2-4be4-bc71-51b8533b866e","D02","POSE","POSE.AOS.groundwater.well.006",38.894973,-78.147373,0.1,276.3,0.1,"WGS84","2017-03-13T16:12Z","stream",,,,"POSE.W6.20170313","POSE.20170313","NEON.DOC.002905vC","low-flow",,,1.6,,2.6,,,,,,,,,,2.5,,3.45,28.80,121.20,7.50,,,,"bdowner@neoninc.org","kgeiger@neoninc.org","very slow recharge rate"
"7994d507-5990-4999-a521-61a46dd820a4","D02","POSE","POSE.AOS.groundwater.well.008",38.895235,-78.147951,0.1,273.2,0.1,"WGS84","2017-03-13T17:30Z","stream",,,,"POSE.W8.20170313","POSE.20170313","NEON.DOC.002905vC","low-flow",,,1.2,,2.2,,,,,,,,,,1.5,,5.48,46.20,126.20,8.10,,,,"bdowner@neoninc.org","kgeiger@neoninc.org",
"33160a58-9a91-41ea-a337-954526a9efd3","D02","POSE","POSE.AOS.groundwater.well.003",38.894304,-78.147503,0.1,278.6,0.1,"WGS84","2017-03-20T13:40Z","stream",,,,"POSE.W3.20170320","POSE.20170320","NEON.DOC.002905vC","low-flow",,,1.7,,2.7,,,,,,,,,,1.5,,8.21,69.40,85.80,8.10,,,,"jcoloso@neoninc.org","kgeiger@neoninc.org","very slow recharge in well. we were unable to pump at a slow enough speed to prevent draw down of well water level beyond 10%. water very cloudy with fine sediment"
