uid,domainID,siteID,namedLocation,collectDate,titrationDate,parentSampleID,domainSampleID,remarks,measuredBy,alkMeqPerL,alkMgPerL,ancMeqPerL,ancMgPerL
"5ab113bf-3e95-4faa-af69-7a2189208f88","D06","KING","KING.AOS.groundwater.well.001","2017-04-19T13:30Z","2017-04-19T19:50Z","KING.W1.20170419","KING.W1.20170419.ALK",,"jkukulski",2.960,148.000,,
"84190d89-a423-4efe-8359-7aa5980df7fa","D06","KING","KING.AOS.groundwater.well.006","2017-04-19T14:15Z","2017-04-19T20:15Z","KING.W6.20170419","KING.W6.20170419.ALK",,"jkukulski",3.320,166.000,,
"c98cb236-2879-406c-8dca-49ef6a7687e3","D06","KING","KING.AOS.groundwater.well.008","2017-04-20T11:45Z","2017-04-20T21:24Z","KING.W8.20170420","KING.W8.20170420.ALK",,"jkukulski",3.400,170.000,,
"3a33a986-fe47-41e7-aadf-f05b03314b5d","D06","KING","KING.AOS.groundwater.well.003","2017-04-20T12:50Z","2017-04-20T17:30Z","KING.W3.20170420","KING.W3.20170420.ALK",,"jkukulski",3.880,194.000,,
