uid,domainID,siteID,namedLocation,sampleID,sampleCode,startDate,collectDate,laboratoryName,analyte,analyteConcentration,analyteUnits,coolerTemp,remarks,shipmentWarmQF,externalLabDataQF,sampleCondition
"45c8c273-78cf-4270-add1-ca37963083d8","D06","KING","KING.AOS.groundwater.well.001","KING.W1.20170419.FIL",,"2017-04-19T13:30Z","2017-04-19T13:30Z","EcoCore_CSU","Cl",2.5200,"milligramsPerLiter",0.9,,0,"formatChange|legacyData","GOOD"
"a3d20b5b-b8ee-4602-9c8f-04e65abe13ad","D06","KING","KING.AOS.groundwater.well.001","KING.W1.20170419.FIL",,"2017-04-19T13:30Z","2017-04-19T13:30Z","EcoCore_CSU","Br",0.0050,"milligramsPerLiter",0.9,,0,"formatChange|legacyData","GOOD"
"78c27b6e-90bd-4d7e-9bce-b202b1192e38","D06","KING","KING.AOS.groundwater.well.001","KING.W1.20170419.FIL",,"2017-04-19T13:30Z","2017-04-19T13:30Z","EcoCore_CSU","CO3",0.0000,"milligramsPerLiter",0.9,,0,"formatChange|legacyData","GOOD"
"728a443e-5cfb-4c5b-9d16-d7336162aa39","D06","KING","KING.AOS.groundwater.well.001","KING.W1.20170419.FIL",,"2017-04-19T13:30Z","2017-04-19T13:30Z","EcoCore_CSU","TDP",0.0620,"milligramsPerLiter",0.9,,0,"formatChange|legacyData","GOOD"
"b10a4704-c171-414e-8759-1d4dbb122cf7","D06","KING","KING.AOS.groundwater.well.001","KING.W1.20170419.FIL",,"2017-04-19T13:30Z","2017-04-19T13:30Z","EcoCore_CSU","SO4",78.1000,"milligramsPerLiter",0.9,,0,"formatChange|legacyData","GOOD"
"a8f44669-ca13-4d5a-af1a-fa193a2260fc","D06","KING","KING.AOS.groundwater.well.001","KING.W1.20170419.PCN",,"2017-04-19T13:30Z","2017-04-19T13:30Z","EcoCore_CSU","TPN",0.1089,"milligram",0.9,,0,"formatChange|legacyData","GOOD"
"cbecfefd-593b-4b20-881b-ca4ef3f878ec","D06","KING","KING.AOS.groundwater.well.001","KING.W1.20170419.RAW",,"2017-04-19T13:30Z","2017-04-19T13:30Z","EcoCore_CSU","ANC",2.4300,"milliequivalentsPerLiter",0.9,,0,"formatChange|legacyData","GOOD"
"f64ece9d-00a7-4f4a-8910-1a5de64d4344","D06","KING","KING.AOS.groundwater.well.001","KING.W1.20170419.FIL",,"2017-04-19T13:30Z","2017-04-19T13:30Z","EcoCore_CSU","Si",6.5400,"milligramsPerLiter",0.9,,0,"formatChange|legacyData","GOOD"
"e3efaa6c-06cb-4e65-80dd-5d02bc9c2aaf","D06","KING","KING.AOS.groundwater.well.001","KING.W1.20170419.RAW",,"2017-04-19T13:30Z","2017-04-19T13:30Z","EcoCore_CSU","conductivity",410.4000,"microsiemensPerCentimeter",0.9,,0,"formatChange|legacyData","GOOD"
"e14c67c1-0f13-4ba5-b464-ad814b764f2a","D06","KING","KING.AOS.groundwater.well.001","KING.W1.20170419.FIL",,"2017-04-19T13:30Z","2017-04-19T13:30Z","EcoCore_CSU","Ortho - P",0.0200,"milligramsPerLiter",0.9,,0,"formatChange|legacyData","GOOD"
"e81d22d0-e7aa-4d2d-814d-93bc4664c3c8","D06","KING","KING.AOS.groundwater.well.001","KING.W1.20170419.FIL",,"2017-04-19T13:30Z","2017-04-19T13:30Z","EcoCore_CSU","Mn",0.0005,"milligramsPerLiter",0.9,,0,"formatChange|legacyData","GOOD"
"52523275-82aa-44c2-97fc-eec4df8957e2","D06","KING","KING.AOS.groundwater.well.001","KING.W1.20170419.FIL",,"2017-04-19T13:30Z","2017-04-19T13:30Z","EcoCore_CSU","Mg",20.8430,"milligramsPerLiter",0.9,,0,"formatChange|legacyData","GOOD"
"92706104-0a5f-4405-b889-ec84a7419d6c","D06","KING","KING.AOS.groundwater.well.001","KING.W1.20170419.FIL",,"2017-04-19T13:30Z","2017-04-19T13:30Z","EcoCore_CSU","F",0.4100,"milligramsPerLiter",0.9,,0,"formatChange|legacyData","GOOD"
"9aaf4f7b-9b0f-4a15-ab00-43bf4a43cdcd","D06","KING","KING.AOS.groundwater.well.001","KING.W1.20170419.PCN",,"2017-04-19T13:30Z","2017-04-19T13:30Z","EcoCore_CSU","TPC",0.2953,"milligram",0.9,,0,"formatChange|legacyData","GOOD"
"5e01015d-3c89-4888-b550-9fc7df159edd","D06","KING","KING.AOS.groundwater.well.001","KING.W1.20170419.RAW",,"2017-04-19T13:30Z","2017-04-19T13:30Z","EcoCore_CSU","pH",7.6100,"pH",0.9,,0,"formatChange|legacyData","GOOD"
"61804647-dbb9-49ad-acab-4663f7ec58d8","D06","KING","KING.AOS.groundwater.well.001","KING.W1.20170419.RAW",,"2017-04-19T13:30Z","2017-04-19T13:30Z","EcoCore_CSU","TP",0.0710,"milligramsPerLiter",0.9,,0,"formatChange|legacyData","GOOD"
"dcca2481-7a6d-43cb-971c-583600aab589","D06","KING","KING.AOS.groundwater.well.001","KING.W1.20170419.FIL",,"2017-04-19T13:30Z","2017-04-19T13:30Z","EcoCore_CSU","NO2 - N",0.0070,"milligramsPerLiter",0.9,,0,"formatChange|legacyData","GOOD"
"df91c9aa-1e14-49d4-9d17-fc8ed2536e73","D06","KING","KING.AOS.groundwater.well.001","KING.W1.20170419.FIL",,"2017-04-19T13:30Z","2017-04-19T13:30Z","EcoCore_CSU","DOC",1.1950,"milligramsPerLiter",0.9,,0,"formatChange|legacyData","GOOD"
"ae3624e6-aa2f-4a40-9bfc-9469619aa7c4","D06","KING","KING.AOS.groundwater.well.001","KING.W1.20170419.FIL",,"2017-04-19T13:30Z","2017-04-19T13:30Z","EcoCore_CSU","Ca",42.0280,"milligramsPerLiter",0.9,,0,"formatChange|legacyData","GOOD"
"7bb1b467-19bb-4f34-971c-5e4684e2f077","D06","KING","KING.AOS.groundwater.well.001","KING.W1.20170419.FIL",,"2017-04-19T13:30Z","2017-04-19T13:30Z","EcoCore_CSU","Fe",0.0005,"milligramsPerLiter",0.9,,0,"formatChange|legacyData","GOOD"
"14da90f5-caf0-42ad-b421-bdcff235f664","D06","KING","KING.AOS.groundwater.well.001","KING.W1.20170419.FIL",,"2017-04-19T13:30Z","2017-04-19T13:30Z","EcoCore_CSU","NH4 - N",-0.0010,"milligramsPerLiter",0.9,,0,"formatChange|legacyData","GOOD"
"b0aa41e4-d360-4a56-804e-1fa020f83c4e","D06","KING","KING.AOS.groundwater.well.001","KING.W1.20170419.RAW",,"2017-04-19T13:30Z","2017-04-19T13:30Z","EcoCore_CSU","TSS - Dry Mass",100.0000,"microgram",0.9,,0,"formatChange|legacyData","GOOD"
"b7202d58-6437-49fa-855c-2be3568b442e","D06","KING","KING.AOS.groundwater.well.001","KING.W1.20170419.FIL",,"2017-04-19T13:30Z","2017-04-19T13:30Z","EcoCore_CSU","UV Absorbance (280 nm)",0.0437,,0.9,,0,"formatChange|legacyData","GOOD"
"17cfdeea-fda9-4a00-b623-3b14b46cdba5","D06","KING","KING.AOS.groundwater.well.001","KING.W1.20170419.FIL",,"2017-04-19T13:30Z","2017-04-19T13:30Z","EcoCore_CSU","NO3+NO2 - N",0.1780,"milligramsPerLiter",0.9,,0,"formatChange|legacyData","GOOD"
"7487335b-93ce-4ff6-9d8a-3b6846c59156","D06","KING","KING.AOS.groundwater.well.001","KING.W1.20170419.FIL",,"2017-04-19T13:30Z","2017-04-19T13:30Z","EcoCore_CSU","UV Absorbance (250 nm)",0.0520,,0.9,,0,"formatChange|legacyData","GOOD"
"6f459541-b06a-4d63-ad16-dee2835b1972","D06","KING","KING.AOS.groundwater.well.001","KING.W1.20170419.RAW",,"2017-04-19T13:30Z","2017-04-19T13:30Z","EcoCore_CSU","TOC",1.2130,"milligramsPerLiter",0.9,,0,"formatChange|legacyData","GOOD"
"8581b61d-0146-4ce5-b252-c89e0d2080df","D06","KING","KING.AOS.groundwater.well.001","KING.W1.20170419.RAW",,"2017-04-19T13:30Z","2017-04-19T13:30Z","EcoCore_CSU","TSS",4.0000,"milligramsPerLiter",0.9,,0,"formatChange|legacyData","GOOD"
"6d447fcc-b79f-463d-b96b-03779f4cbba8","D06","KING","KING.AOS.groundwater.well.001","KING.W1.20170419.FIL",,"2017-04-19T13:30Z","2017-04-19T13:30Z","EcoCore_CSU","DIC",77.1000,"milligramsPerLiter",0.9,,0,"formatChange|legacyData","GOOD"
"4b6dc147-e4c1-44cd-959e-60bff5e799c3","D06","KING","KING.AOS.groundwater.well.001","KING.W1.20170419.FIL",,"2017-04-19T13:30Z","2017-04-19T13:30Z","EcoCore_CSU","Na",6.2390,"milligramsPerLiter",0.9,,0,"formatChange|legacyData","GOOD"
"a7f86f64-89e2-44ae-afaf-b4f85fe3a613","D06","KING","KING.AOS.groundwater.well.001","KING.W1.20170419.FIL",,"2017-04-19T13:30Z","2017-04-19T13:30Z","EcoCore_CSU","TDN",0.2177,"milligramsPerLiter",0.9,,0,"formatChange|legacyData","GOOD"
"7eed7c09-cfb5-4d15-ac20-bc1fb79a74c7","D06","KING","KING.AOS.groundwater.well.001","KING.W1.20170419.FIL",,"2017-04-19T13:30Z","2017-04-19T13:30Z","EcoCore_CSU","TDS",286.4000,"milligramsPerLiter",0.9,,0,"formatChange|legacyData","GOOD"
"d81f0994-06f4-40b3-bcbb-c070b752f459","D06","KING","KING.AOS.groundwater.well.001","KING.W1.20170419.FIL",,"2017-04-19T13:30Z","2017-04-19T13:30Z","EcoCore_CSU","K",1.2570,"milligramsPerLiter",0.9,,0,"formatChange|legacyData","GOOD"
"baa75f26-27ce-4829-a101-7904eb041703","D06","KING","KING.AOS.groundwater.well.001","KING.W1.20170419.FIL",,"2017-04-19T13:30Z","2017-04-19T13:30Z","EcoCore_CSU","HCO3",145.9600,"milligramsPerLiter",0.9,,0,"formatChange|legacyData","GOOD"
"159240f4-ec9f-43d8-9ac7-f070a7ed18f3","D06","KING","KING.AOS.groundwater.well.001","KING.W1.20170419.RAW",,"2017-04-19T13:30Z","2017-04-19T13:30Z","EcoCore_CSU","TN",0.2655,"milligramsPerLiter",0.9,,0,"formatChange|legacyData","GOOD"
"2e65ea97-8e98-49a8-8f4d-6fc77078d5e3","D06","KING","KING.AOS.groundwater.well.006","KING.W6.20170419.RAW",,"2017-04-19T14:15Z","2017-04-19T14:15Z","EcoCore_CSU","TP",0.0750,"milligramsPerLiter",0.9,,0,"formatChange|legacyData","GOOD"
"b6956ae6-2637-4807-9463-8383fe52c781","D06","KING","KING.AOS.groundwater.well.006","KING.W6.20170419.PCN",,"2017-04-19T14:15Z","2017-04-19T14:15Z","EcoCore_CSU","TPC",0.2674,"milligram",0.9,,0,"formatChange|legacyData","GOOD"
"d50fdefc-7db2-4bd0-bd00-dd84e0e63870","D06","KING","KING.AOS.groundwater.well.006","KING.W6.20170419.FIL",,"2017-04-19T14:15Z","2017-04-19T14:15Z","EcoCore_CSU","CO3",0.0000,"milligramsPerLiter",0.9,,0,"formatChange|legacyData","GOOD"
"9c47869b-def4-4db8-8106-74766e911751","D06","KING","KING.AOS.groundwater.well.006","KING.W6.20170419.FIL",,"2017-04-19T14:15Z","2017-04-19T14:15Z","EcoCore_CSU","K",1.1580,"milligramsPerLiter",0.9,,0,"formatChange|legacyData","GOOD"
"41160a40-6628-452f-8b07-2c9350b72d0b","D06","KING","KING.AOS.groundwater.well.006","KING.W6.20170419.FIL",,"2017-04-19T14:15Z","2017-04-19T14:15Z","EcoCore_CSU","UV Absorbance (280 nm)",0.0146,,0.9,,0,"formatChange|legacyData","GOOD"
"b0b73456-81a0-4876-ad48-35297a7576ea","D06","KING","KING.AOS.groundwater.well.006","KING.W6.20170419.FIL",,"2017-04-19T14:15Z","2017-04-19T14:15Z","EcoCore_CSU","Si",1.4000,"milligramsPerLiter",0.9,,0,"formatChange|legacyData","GOOD"
"52e6d609-82e8-4dc5-b4d4-22a8a3fcaaa6","D06","KING","KING.AOS.groundwater.well.006","KING.W6.20170419.FIL",,"2017-04-19T14:15Z","2017-04-19T14:15Z","EcoCore_CSU","Br",0.0050,"milligramsPerLiter",0.9,,0,"formatChange|legacyData","GOOD"
"cf1cfada-7673-4438-aafd-4d9384b1e8f5","D06","KING","KING.AOS.groundwater.well.006","KING.W6.20170419.PCN",,"2017-04-19T14:15Z","2017-04-19T14:15Z","EcoCore_CSU","TPN",0.0991,"milligram",0.9,,0,"formatChange|legacyData","GOOD"
"b3e7ef90-1163-441a-987a-40af0935c96b","D06","KING","KING.AOS.groundwater.well.006","KING.W6.20170419.FIL",,"2017-04-19T14:15Z","2017-04-19T14:15Z","EcoCore_CSU","NO2 - N",0.0080,"milligramsPerLiter",0.9,,0,"formatChange|legacyData","GOOD"
"14f3587f-31bd-425f-9e15-336d94c985e4","D06","KING","KING.AOS.groundwater.well.006","KING.W6.20170419.FIL",,"2017-04-19T14:15Z","2017-04-19T14:15Z","EcoCore_CSU","F",0.3300,"milligramsPerLiter",0.9,,0,"formatChange|legacyData","GOOD"
"0d3f7e9d-b0a7-4581-8d12-b8f71e9dd3d4","D06","KING","KING.AOS.groundwater.well.006","KING.W6.20170419.FIL",,"2017-04-19T14:15Z","2017-04-19T14:15Z","EcoCore_CSU","Ca",46.2450,"milligramsPerLiter",0.9,,0,"formatChange|legacyData","GOOD"
"79142c16-2fb4-4602-b5a5-6d33071f3fc3","D06","KING","KING.AOS.groundwater.well.006","KING.W6.20170419.RAW",,"2017-04-19T14:15Z","2017-04-19T14:15Z","EcoCore_CSU","conductivity",475.7000,"microsiemensPerCentimeter",0.9,,0,"formatChange|legacyData","GOOD"
"6bd6c126-b4d9-46d5-b7f9-e972561c68fe","D06","KING","KING.AOS.groundwater.well.006","KING.W6.20170419.FIL",,"2017-04-19T14:15Z","2017-04-19T14:15Z","EcoCore_CSU","DIC",91.4500,"milligramsPerLiter",0.9,,0,"formatChange|legacyData","GOOD"
"f7112fd4-1723-4a01-9ec9-dbf19f5848aa","D06","KING","KING.AOS.groundwater.well.006","KING.W6.20170419.FIL",,"2017-04-19T14:15Z","2017-04-19T14:15Z","EcoCore_CSU","NH4 - N",0.0150,"milligramsPerLiter",0.9,,0,"formatChange|legacyData","GOOD"
"0f9e545c-db4f-47e6-888a-8d02882ba9ed","D06","KING","KING.AOS.groundwater.well.006","KING.W6.20170419.FIL",,"2017-04-19T14:15Z","2017-04-19T14:15Z","EcoCore_CSU","HCO3",221.4100,"milligramsPerLiter",0.9,,0,"formatChange|legacyData","GOOD"
"3dd7d8ce-736f-43c7-9f78-103aeda8bd37","D06","KING","KING.AOS.groundwater.well.006","KING.W6.20170419.FIL",,"2017-04-19T14:15Z","2017-04-19T14:15Z","EcoCore_CSU","Fe",0.0005,"milligramsPerLiter",0.9,,0,"formatChange|legacyData","GOOD"
"a254a6bd-5e2b-4e87-a15c-23331aa6c92d","D06","KING","KING.AOS.groundwater.well.006","KING.W6.20170419.FIL",,"2017-04-19T14:15Z","2017-04-19T14:15Z","EcoCore_CSU","SO4",53.6500,"milligramsPerLiter",0.9,,0,"formatChange|legacyData","GOOD"
"93f9712f-6634-43c6-895c-b4a9cad916db","D06","KING","KING.AOS.groundwater.well.006","KING.W6.20170419.RAW",,"2017-04-19T14:15Z","2017-04-19T14:15Z","EcoCore_CSU","pH",7.3500,"pH",0.9,,0,"formatChange|legacyData","GOOD"
"f2d3f8e7-236b-46e7-ad35-081c67763e80","D06","KING","KING.AOS.groundwater.well.006","KING.W6.20170419.FIL",,"2017-04-19T14:15Z","2017-04-19T14:15Z","EcoCore_CSU","Ortho - P",0.0230,"milligramsPerLiter",0.9,,0,"formatChange|legacyData","GOOD"
"1837ab98-8fbc-4794-9023-de3ff486ea15","D06","KING","KING.AOS.groundwater.well.006","KING.W6.20170419.RAW",,"2017-04-19T14:15Z","2017-04-19T14:15Z","EcoCore_CSU","ANC",3.7400,"milliequivalentsPerLiter",0.9,,0,"formatChange|legacyData","GOOD"
"8379b71e-3166-49f5-bb42-320c19a74222","D06","KING","KING.AOS.groundwater.well.006","KING.W6.20170419.RAW",,"2017-04-19T14:15Z","2017-04-19T14:15Z","EcoCore_CSU","TN",0.3574,"milligramsPerLiter",0.9,,0,"formatChange|legacyData","GOOD"
"ad06b7b9-b7c2-4d4d-b101-53b3e4cb54b4","D06","KING","KING.AOS.groundwater.well.006","KING.W6.20170419.RAW",,"2017-04-19T14:15Z","2017-04-19T14:15Z","EcoCore_CSU","TSS - Dry Mass",300.0000,"microgram",0.9,,0,"formatChange|legacyData","GOOD"
"2c560043-52aa-4a40-8dd7-37db3fcb191c","D06","KING","KING.AOS.groundwater.well.006","KING.W6.20170419.FIL",,"2017-04-19T14:15Z","2017-04-19T14:15Z","EcoCore_CSU","Mn",0.0005,"milligramsPerLiter",0.9,,0,"formatChange|legacyData","GOOD"
"42c07873-2acf-4b06-ad73-ef647415a52c","D06","KING","KING.AOS.groundwater.well.006","KING.W6.20170419.FIL",,"2017-04-19T14:15Z","2017-04-19T14:15Z","EcoCore_CSU","Na",8.2080,"milligramsPerLiter",0.9,,0,"formatChange|legacyData","GOOD"
"9e5019b4-d7e9-4ce9-92e5-b06b356be33c","D06","KING","KING.AOS.groundwater.well.006","KING.W6.20170419.FIL",,"2017-04-19T14:15Z","2017-04-19T14:15Z","EcoCore_CSU","NO3+NO2 - N",0.3500,"milligramsPerLiter",0.9,,0,"formatChange|legacyData","GOOD"
"9c21fb59-4359-4149-87f4-9cc9c8c42f54","D06","KING","KING.AOS.groundwater.well.006","KING.W6.20170419.RAW",,"2017-04-19T14:15Z","2017-04-19T14:15Z","EcoCore_CSU","TOC",0.8824,"milligramsPerLiter",0.9,,0,"formatChange|legacyData","GOOD"
"6e4a176d-c003-40fe-bca9-56e48916e3a1","D06","KING","KING.AOS.groundwater.well.006","KING.W6.20170419.FIL",,"2017-04-19T14:15Z","2017-04-19T14:15Z","EcoCore_CSU","TDP",0.0710,"milligramsPerLiter",0.9,,0,"formatChange|legacyData","GOOD"
"9f517769-1497-4088-943b-bdc05811207c","D06","KING","KING.AOS.groundwater.well.006","KING.W6.20170419.RAW",,"2017-04-19T14:15Z","2017-04-19T14:15Z","EcoCore_CSU","TSS",12.0000,"milligramsPerLiter",0.9,,0,"formatChange|legacyData","GOOD"
"9f9f45b8-9d34-468e-b616-4d19a062fe96","D06","KING","KING.AOS.groundwater.well.006","KING.W6.20170419.FIL",,"2017-04-19T14:15Z","2017-04-19T14:15Z","EcoCore_CSU","DOC",0.9316,"milligramsPerLiter",0.9,,0,"formatChange|legacyData","GOOD"
"95e5fa53-cfb5-41e5-9a0f-0ed43d43f021","D06","KING","KING.AOS.groundwater.well.006","KING.W6.20170419.FIL",,"2017-04-19T14:15Z","2017-04-19T14:15Z","EcoCore_CSU","TDS",331.1000,"milligramsPerLiter",0.9,,0,"formatChange|legacyData","GOOD"
"167687f5-ac30-4bac-9b6d-43e15ecf77e1","D06","KING","KING.AOS.groundwater.well.006","KING.W6.20170419.FIL",,"2017-04-19T14:15Z","2017-04-19T14:15Z","EcoCore_CSU","Mg",25.4910,"milligramsPerLiter",0.9,,0,"formatChange|legacyData","GOOD"
"33c8492e-a754-4c40-a1b8-bb53a5f8afd6","D06","KING","KING.AOS.groundwater.well.006","KING.W6.20170419.FIL",,"2017-04-19T14:15Z","2017-04-19T14:15Z","EcoCore_CSU","TDN",0.3566,"milligramsPerLiter",0.9,,0,"formatChange|legacyData","GOOD"
"358bc285-3c30-4ced-8472-abde0a10303b","D06","KING","KING.AOS.groundwater.well.006","KING.W6.20170419.FIL",,"2017-04-19T14:15Z","2017-04-19T14:15Z","EcoCore_CSU","UV Absorbance (250 nm)",0.0190,,0.9,,0,"formatChange|legacyData","GOOD"
"08a69ff1-69b7-42f2-845d-7cd23323bc89","D06","KING","KING.AOS.groundwater.well.006","KING.W6.20170419.FIL",,"2017-04-19T14:15Z","2017-04-19T14:15Z","EcoCore_CSU","Cl",2.9600,"milligramsPerLiter",0.9,,0,"formatChange|legacyData","GOOD"
"f0e5158a-5320-4af3-b764-8f9d376cb0d6","D06","KING","KING.AOS.groundwater.well.008","KING.W8.20170420.FIL",,"2017-04-20T11:45Z","2017-04-20T11:45Z","EcoCore_CSU","Na",6.5460,"milligramsPerLiter",0.0,,0,"formatChange|legacyData","GOOD"
"453f45f9-60a8-429c-a40e-8cd552ce64ca","D06","KING","KING.AOS.groundwater.well.008","KING.W8.20170420.RAW",,"2017-04-20T11:45Z","2017-04-20T11:45Z","EcoCore_CSU","pH",7.2300,"pH",0.0,,0,"formatChange|legacyData","GOOD"
"b2bb62a9-06b5-491b-a2ef-45c5f167f749","D06","KING","KING.AOS.groundwater.well.008","KING.W8.20170420.RAW",,"2017-04-20T11:45Z","2017-04-20T11:45Z","EcoCore_CSU","TSS",36.0000,"milligramsPerLiter",0.0,,0,"formatChange|legacyData","GOOD"
"c3575d06-20c3-451c-854a-401615d0c35a","D06","KING","KING.AOS.groundwater.well.008","KING.W8.20170420.FIL",,"2017-04-20T11:45Z","2017-04-20T11:45Z","EcoCore_CSU","Br",0.0050,"milligramsPerLiter",0.0,,0,"formatChange|legacyData","GOOD"
"9ea58fda-9796-4801-a55b-9247aec011ff","D06","KING","KING.AOS.groundwater.well.008","KING.W8.20170420.RAW",,"2017-04-20T11:45Z","2017-04-20T11:45Z","EcoCore_CSU","TOC",1.3300,"milligramsPerLiter",0.0,,0,"formatChange|legacyData","GOOD"
"054f877b-b1ce-422c-a1af-8641b0ff1e00","D06","KING","KING.AOS.groundwater.well.008","KING.W8.20170420.RAW",,"2017-04-20T11:45Z","2017-04-20T11:45Z","EcoCore_CSU","TP",0.0270,"milligramsPerLiter",0.0,,0,"formatChange|legacyData","GOOD"
"9ac594ba-dabc-4a86-8250-6e5bc158fb1e","D06","KING","KING.AOS.groundwater.well.008","KING.W8.20170420.FIL",,"2017-04-20T11:45Z","2017-04-20T11:45Z","EcoCore_CSU","UV Absorbance (250 nm)",0.0270,,0.0,,0,"formatChange|legacyData","GOOD"
"2ccba780-868a-462e-9665-355a745e8643","D06","KING","KING.AOS.groundwater.well.008","KING.W8.20170420.PCN",,"2017-04-20T11:45Z","2017-04-20T11:45Z","EcoCore_CSU","TPC",0.2617,"milligram",0.0,,0,"formatChange|legacyData","GOOD"
"102408f8-e076-4429-9791-164b8ef15a27","D06","KING","KING.AOS.groundwater.well.008","KING.W8.20170420.FIL",,"2017-04-20T11:45Z","2017-04-20T11:45Z","EcoCore_CSU","NO3+NO2 - N",0.1010,"milligramsPerLiter",0.0,,0,"formatChange|legacyData","GOOD"
"67830261-4e34-420d-88d7-ea663ff8906f","D06","KING","KING.AOS.groundwater.well.008","KING.W8.20170420.FIL",,"2017-04-20T11:45Z","2017-04-20T11:45Z","EcoCore_CSU","UV Absorbance (280 nm)",0.0247,,0.0,,0,"formatChange|legacyData","GOOD"
"8ce8d769-a8d4-4834-91c0-4245d9ca2972","D06","KING","KING.AOS.groundwater.well.008","KING.W8.20170420.RAW",,"2017-04-20T11:45Z","2017-04-20T11:45Z","EcoCore_CSU","conductivity",773.6900,"microsiemensPerCentimeter",0.0,,0,"formatChange|legacyData","GOOD"
"8e6b1a8b-398f-4160-b595-ffd3fcb41b26","D06","KING","KING.AOS.groundwater.well.008","KING.W8.20170420.FIL",,"2017-04-20T11:45Z","2017-04-20T11:45Z","EcoCore_CSU","DIC",91.6100,"milligramsPerLiter",0.0,,0,"formatChange|legacyData","GOOD"
"bb409610-5410-4571-b845-3e75c449247e","D06","KING","KING.AOS.groundwater.well.008","KING.W8.20170420.FIL",,"2017-04-20T11:45Z","2017-04-20T11:45Z","EcoCore_CSU","Mn",0.0020,"milligramsPerLiter",0.0,,0,"formatChange|legacyData","GOOD"
"2f9831bd-c002-4e77-923c-cc151a306bc2","D06","KING","KING.AOS.groundwater.well.008","KING.W8.20170420.FIL",,"2017-04-20T11:45Z","2017-04-20T11:45Z","EcoCore_CSU","HCO3",414.9610,"milligramsPerLiter",0.0,,0,"formatChange|legacyData","GOOD"
"f214572b-2d02-4bee-a6ea-c11162f89dda","D06","KING","KING.AOS.groundwater.well.008","KING.W8.20170420.FIL",,"2017-04-20T11:45Z","2017-04-20T11:45Z","EcoCore_CSU","NO2 - N",0.0060,"milligramsPerLiter",0.0,,0,"formatChange|legacyData","GOOD"
"bb43f75e-a4d2-4b02-929e-d7277c83da59","D06","KING","KING.AOS.groundwater.well.008","KING.W8.20170420.RAW",,"2017-04-20T11:45Z","2017-04-20T11:45Z","EcoCore_CSU","ANC",6.9030,"milliequivalentsPerLiter",0.0,,0,"formatChange|legacyData","GOOD"
"c4848f1c-7cb1-4b97-9450-21a09a99d35b","D06","KING","KING.AOS.groundwater.well.008","KING.W8.20170420.FIL",,"2017-04-20T11:45Z","2017-04-20T11:45Z","EcoCore_CSU","TDS",535.2600,"milligramsPerLiter",0.0,,0,"formatChange|legacyData","GOOD"
"240fef0f-ad13-478d-9b30-430001c140bd","D06","KING","KING.AOS.groundwater.well.008","KING.W8.20170420.FIL",,"2017-04-20T11:45Z","2017-04-20T11:45Z","EcoCore_CSU","Ortho - P",0.0210,"milligramsPerLiter",0.0,,0,"formatChange|legacyData","GOOD"
"bf476850-23e5-4e9e-8a3e-d8f03c26685e","D06","KING","KING.AOS.groundwater.well.008","KING.W8.20170420.RAW",,"2017-04-20T11:45Z","2017-04-20T11:45Z","EcoCore_CSU","TSS - Dry Mass",900.0000,"microgram",0.0,,0,"formatChange|legacyData","GOOD"
"0aba5fb7-ad57-4b11-b2d6-660de5dd0121","D06","KING","KING.AOS.groundwater.well.008","KING.W8.20170420.FIL",,"2017-04-20T11:45Z","2017-04-20T11:45Z","EcoCore_CSU","Mg",23.3730,"milligramsPerLiter",0.0,,0,"formatChange|legacyData","GOOD"
"dd223e95-8b1e-47b1-ae1d-84bd8ab89b29","D06","KING","KING.AOS.groundwater.well.008","KING.W8.20170420.FIL",,"2017-04-20T11:45Z","2017-04-20T11:45Z","EcoCore_CSU","TDP",0.0260,"milligramsPerLiter",0.0,,0,"formatChange|legacyData","GOOD"
"47c0b7bb-45bf-407e-afa7-c0992c0ddabb","D06","KING","KING.AOS.groundwater.well.008","KING.W8.20170420.PCN",,"2017-04-20T11:45Z","2017-04-20T11:45Z","EcoCore_CSU","TPN",0.0918,"milligram",0.0,,0,"formatChange|legacyData","GOOD"
"bcfb0e5c-e237-4a59-8686-d76c3f7a763c","D06","KING","KING.AOS.groundwater.well.008","KING.W8.20170420.FIL",,"2017-04-20T11:45Z","2017-04-20T11:45Z","EcoCore_CSU","NH4 - N",0.0320,"milligramsPerLiter",0.0,,0,"formatChange|legacyData","GOOD"
"2677e991-6d92-4ecd-98a1-d98400e36058","D06","KING","KING.AOS.groundwater.well.008","KING.W8.20170420.FIL",,"2017-04-20T11:45Z","2017-04-20T11:45Z","EcoCore_CSU","Cl",2.0392,"milligramsPerLiter",0.0,,0,"formatChange|legacyData","GOOD"
"2bf0a125-d79d-4170-9891-f091f0c9f81b","D06","KING","KING.AOS.groundwater.well.008","KING.W8.20170420.FIL",,"2017-04-20T11:45Z","2017-04-20T11:45Z","EcoCore_CSU","K",1.1305,"milligramsPerLiter",0.0,,0,"formatChange|legacyData","GOOD"
"b93da892-e7c2-4306-8875-b1d21f949e09","D06","KING","KING.AOS.groundwater.well.008","KING.W8.20170420.FIL",,"2017-04-20T11:45Z","2017-04-20T11:45Z","EcoCore_CSU","Ca",109.7700,"milligramsPerLiter",0.0,,0,"formatChange|legacyData","GOOD"
"faeb8924-ba92-464f-8e69-0e7b50a0d4fe","D06","KING","KING.AOS.groundwater.well.008","KING.W8.20170420.FIL",,"2017-04-20T11:45Z","2017-04-20T11:45Z","EcoCore_CSU","F",0.3592,"milligramsPerLiter",0.0,,0,"formatChange|legacyData","GOOD"
"b2787fd0-2035-4950-9b0e-82f4a029a497","D06","KING","KING.AOS.groundwater.well.008","KING.W8.20170420.FIL",,"2017-04-20T11:45Z","2017-04-20T11:45Z","EcoCore_CSU","Fe",0.0005,"milligramsPerLiter",0.0,,0,"formatChange|legacyData","GOOD"
"29409557-f4d2-4387-90ab-dbca5215727e","D06","KING","KING.AOS.groundwater.well.008","KING.W8.20170420.FIL",,"2017-04-20T11:45Z","2017-04-20T11:45Z","EcoCore_CSU","DOC",1.1070,"milligramsPerLiter",0.0,,0,"formatChange|legacyData","GOOD"
"7dd832ea-e501-4628-a06a-192246f40a86","D06","KING","KING.AOS.groundwater.well.008","KING.W8.20170420.FIL",,"2017-04-20T11:45Z","2017-04-20T11:45Z","EcoCore_CSU","TDN",0.2262,"milligramsPerLiter",0.0,,0,"formatChange|legacyData","GOOD"
"e7d69907-b801-477e-a3b8-e3ff441b075b","D06","KING","KING.AOS.groundwater.well.008","KING.W8.20170420.FIL",,"2017-04-20T11:45Z","2017-04-20T11:45Z","EcoCore_CSU","Si",6.6413,"milligramsPerLiter",0.0,,0,"formatChange|legacyData","GOOD"
"2e3d3f3e-b0f2-451b-8603-84d9346b60f8","D06","KING","KING.AOS.groundwater.well.008","KING.W8.20170420.FIL",,"2017-04-20T11:45Z","2017-04-20T11:45Z","EcoCore_CSU","SO4",39.7905,"milligramsPerLiter",0.0,,0,"formatChange|legacyData","GOOD"
"836d7ab9-c40d-459b-9347-483683b696e1","D06","KING","KING.AOS.groundwater.well.008","KING.W8.20170420.RAW",,"2017-04-20T11:45Z","2017-04-20T11:45Z","EcoCore_CSU","TN",0.1786,"milligramsPerLiter",0.0,,0,"formatChange|legacyData","GOOD"
"5aead3cc-7c10-4126-bf0d-c20af490371a","D06","KING","KING.AOS.groundwater.well.008","KING.W8.20170420.FIL",,"2017-04-20T11:45Z","2017-04-20T11:45Z","EcoCore_CSU","CO3",0.0000,"milligramsPerLiter",0.0,,0,"formatChange|legacyData","GOOD"
"59e28f20-60e8-4ff6-aa8c-470cc6106d9d","D06","KING","KING.AOS.groundwater.well.003","KING.W3.20170420.FIL",,"2017-04-20T12:50Z","2017-04-20T12:50Z","EcoCore_CSU","Ca",122.6300,"milligramsPerLiter",0.0,,0,"formatChange|legacyData","GOOD"
"93a06f6a-2d43-4d43-87bd-84e378319517","D06","KING","KING.AOS.groundwater.well.003","KING.W3.20170420.FIL",,"2017-04-20T12:50Z","2017-04-20T12:50Z","EcoCore_CSU","HCO3",472.6340,"milligramsPerLiter",0.0,,0,"formatChange|legacyData","GOOD"
"d758b536-5cfa-470a-a3ca-47199ce29cf0","D06","KING","KING.AOS.groundwater.well.003","KING.W3.20170420.FIL",,"2017-04-20T12:50Z","2017-04-20T12:50Z","EcoCore_CSU","UV Absorbance (250 nm)",0.0172,,0.0,,0,"formatChange|legacyData","GOOD"
"026f6690-79b2-4332-bf6e-42ca03162b41","D06","KING","KING.AOS.groundwater.well.003","KING.W3.20170420.FIL",,"2017-04-20T12:50Z","2017-04-20T12:50Z","EcoCore_CSU","SO4",44.9032,"milligramsPerLiter",0.0,,0,"formatChange|legacyData","GOOD"
"5ef51be6-1b97-454e-a01d-e748933cb92b","D06","KING","KING.AOS.groundwater.well.003","KING.W3.20170420.FIL",,"2017-04-20T12:50Z","2017-04-20T12:50Z","EcoCore_CSU","F",0.3257,"milligramsPerLiter",0.0,,0,"formatChange|legacyData","GOOD"
"a540218c-5089-4678-9861-b31755ce906d","D06","KING","KING.AOS.groundwater.well.003","KING.W3.20170420.FIL",,"2017-04-20T12:50Z","2017-04-20T12:50Z","EcoCore_CSU","Cl",2.6468,"milligramsPerLiter",0.0,,0,"formatChange|legacyData","GOOD"
"4cb12297-6eaa-42b8-a9db-b0389634ef72","D06","KING","KING.AOS.groundwater.well.003","KING.W3.20170420.RAW",,"2017-04-20T12:50Z","2017-04-20T12:50Z","EcoCore_CSU","TSS - Dry Mass",1800.0000,"microgram",0.0,,0,"formatChange|legacyData","GOOD"
"59b34ee7-2ff8-4601-b580-36fbe133d7d9","D06","KING","KING.AOS.groundwater.well.003","KING.W3.20170420.RAW",,"2017-04-20T12:50Z","2017-04-20T12:50Z","EcoCore_CSU","TOC",1.2890,"milligramsPerLiter",0.0,,0,"formatChange|legacyData","GOOD"
"cb0be9d7-b75e-4f29-b647-fbb046703ea3","D06","KING","KING.AOS.groundwater.well.003","KING.W3.20170420.RAW",,"2017-04-20T12:50Z","2017-04-20T12:50Z","EcoCore_CSU","TN",0.1586,"milligramsPerLiter",0.0,,0,"formatChange|legacyData","GOOD"
"bfcfa3b1-fdad-4d10-bf35-14f38687fd13","D06","KING","KING.AOS.groundwater.well.003","KING.W3.20170420.FIL",,"2017-04-20T12:50Z","2017-04-20T12:50Z","EcoCore_CSU","Na",7.8018,"milligramsPerLiter",0.0,,0,"formatChange|legacyData","GOOD"
"70a2b620-b967-4358-a59c-047c35bbbfc8","D06","KING","KING.AOS.groundwater.well.003","KING.W3.20170420.FIL",,"2017-04-20T12:50Z","2017-04-20T12:50Z","EcoCore_CSU","Fe",0.0005,"milligramsPerLiter",0.0,,0,"formatChange|legacyData","GOOD"
"fcd0d1e2-85f4-4536-a10b-a867e1e7fc0a","D06","KING","KING.AOS.groundwater.well.003","KING.W3.20170420.FIL",,"2017-04-20T12:50Z","2017-04-20T12:50Z","EcoCore_CSU","DIC",98.7200,"milligramsPerLiter",0.0,,0,"formatChange|legacyData","GOOD"
"d9e819ce-beeb-4ce5-9ab3-82e74bb56135","D06","KING","KING.AOS.groundwater.well.003","KING.W3.20170420.FIL",,"2017-04-20T12:50Z","2017-04-20T12:50Z","EcoCore_CSU","NO3+NO2 - N",0.0840,"milligramsPerLiter",0.0,,0,"formatChange|legacyData","GOOD"
"2c925bf0-4414-44e6-8576-b00b4c6b7200","D06","KING","KING.AOS.groundwater.well.003","KING.W3.20170420.RAW",,"2017-04-20T12:50Z","2017-04-20T12:50Z","EcoCore_CSU","TSS",72.0000,"milligramsPerLiter",0.0,,0,"formatChange|legacyData","GOOD"
"4e6b3df3-f763-409b-81ae-e00f0598a46a","D06","KING","KING.AOS.groundwater.well.003","KING.W3.20170420.RAW",,"2017-04-20T12:50Z","2017-04-20T12:50Z","EcoCore_CSU","pH",7.2000,"pH",0.0,,0,"formatChange|legacyData","GOOD"
"fc44d25d-72c2-40a1-8ed6-b29d009932d1","D06","KING","KING.AOS.groundwater.well.003","KING.W3.20170420.FIL",,"2017-04-20T12:50Z","2017-04-20T12:50Z","EcoCore_CSU","DOC",1.0660,"milligramsPerLiter",0.0,,0,"formatChange|legacyData","GOOD"
"f8f7c78a-c9ed-4b4e-9bdf-e2283d27b891","D06","KING","KING.AOS.groundwater.well.003","KING.W3.20170420.FIL",,"2017-04-20T12:50Z","2017-04-20T12:50Z","EcoCore_CSU","TDN",0.1516,"milligramsPerLiter",0.0,,0,"formatChange|legacyData","GOOD"
"bd33ed28-4268-4c6e-956a-54993841c156","D06","KING","KING.AOS.groundwater.well.003","KING.W3.20170420.FIL",,"2017-04-20T12:50Z","2017-04-20T12:50Z","EcoCore_CSU","UV Absorbance (280 nm)",0.0162,,0.0,,0,"formatChange|legacyData","GOOD"
"764a0002-654b-418f-99eb-4d0aadc0585a","D06","KING","KING.AOS.groundwater.well.003","KING.W3.20170420.RAW",,"2017-04-20T12:50Z","2017-04-20T12:50Z","EcoCore_CSU","ANC",7.7950,"milliequivalentsPerLiter",0.0,,0,"formatChange|legacyData","GOOD"
"f3bcb899-5d72-4d87-b374-1c81ba60b686","D06","KING","KING.AOS.groundwater.well.003","KING.W3.20170420.FIL",,"2017-04-20T12:50Z","2017-04-20T12:50Z","EcoCore_CSU","TDP",0.0470,"milligramsPerLiter",0.0,,0,"formatChange|legacyData","GOOD"
"ada7957a-9e8b-4eea-a145-6bff064b6d16","D06","KING","KING.AOS.groundwater.well.003","KING.W3.20170420.FIL",,"2017-04-20T12:50Z","2017-04-20T12:50Z","EcoCore_CSU","NO2 - N",0.0100,"milligramsPerLiter",0.0,,0,"formatChange|legacyData","GOOD"
"92d75cee-d7ee-439b-b96f-5a80a4c4953c","D06","KING","KING.AOS.groundwater.well.003","KING.W3.20170420.FIL",,"2017-04-20T12:50Z","2017-04-20T12:50Z","EcoCore_CSU","Br",0.0050,"milligramsPerLiter",0.0,,0,"formatChange|legacyData","GOOD"
"0ba3defd-a6f4-4f13-ab3d-b0a81ca44335","D06","KING","KING.AOS.groundwater.well.003","KING.W3.20170420.FIL",,"2017-04-20T12:50Z","2017-04-20T12:50Z","EcoCore_CSU","Si",7.5776,"milligramsPerLiter",0.0,,0,"formatChange|legacyData","GOOD"
"18d0cb03-e69d-4bf8-a3c3-fdd7318897ff","D06","KING","KING.AOS.groundwater.well.003","KING.W3.20170420.RAW",,"2017-04-20T12:50Z","2017-04-20T12:50Z","EcoCore_CSU","conductivity",871.2100,"microsiemensPerCentimeter",0.0,,0,"formatChange|legacyData","GOOD"
"367e9413-6f7e-414c-81e8-61546b8634ff","D06","KING","KING.AOS.groundwater.well.003","KING.W3.20170420.PCN",,"2017-04-20T12:50Z","2017-04-20T12:50Z","EcoCore_CSU","TPN",0.1000,"milligram",0.0,,0,"formatChange|legacyData","GOOD"
"1d76ffb9-b8ad-435b-b557-60b6e61980cc","D06","KING","KING.AOS.groundwater.well.003","KING.W3.20170420.RAW",,"2017-04-20T12:50Z","2017-04-20T12:50Z","EcoCore_CSU","TP",0.0530,"milligramsPerLiter",0.0,,0,"formatChange|legacyData","GOOD"
"1f3e5764-cd44-4ae2-b965-7f330e8b2e73","D06","KING","KING.AOS.groundwater.well.003","KING.W3.20170420.FIL",,"2017-04-20T12:50Z","2017-04-20T12:50Z","EcoCore_CSU","K",1.4075,"milligramsPerLiter",0.0,,0,"formatChange|legacyData","GOOD"
"3d3c0bd2-452a-48d6-8eab-62a46027de4e","D06","KING","KING.AOS.groundwater.well.003","KING.W3.20170420.FIL",,"2017-04-20T12:50Z","2017-04-20T12:50Z","EcoCore_CSU","Mn",0.0031,"milligramsPerLiter",0.0,,0,"formatChange|legacyData","GOOD"
"48a1c9de-3dc2-4a64-b6bc-46065cc869f1","D06","KING","KING.AOS.groundwater.well.003","KING.W3.20170420.FIL",,"2017-04-20T12:50Z","2017-04-20T12:50Z","EcoCore_CSU","Mg",26.8300,"milligramsPerLiter",0.0,,0,"formatChange|legacyData","GOOD"
"6119fe24-e0f0-41b9-9f52-c00574092bca","D06","KING","KING.AOS.groundwater.well.003","KING.W3.20170420.FIL",,"2017-04-20T12:50Z","2017-04-20T12:50Z","EcoCore_CSU","CO3",0.0000,"milligramsPerLiter",0.0,,0,"formatChange|legacyData","GOOD"
"e6fbae24-776c-4c06-b707-6bd4228a0e37","D06","KING","KING.AOS.groundwater.well.003","KING.W3.20170420.FIL",,"2017-04-20T12:50Z","2017-04-20T12:50Z","EcoCore_CSU","NH4 - N",0.0490,"milligramsPerLiter",0.0,,0,"formatChange|legacyData","GOOD"
"2f883388-cbc6-4662-85ba-bda460f53820","D06","KING","KING.AOS.groundwater.well.003","KING.W3.20170420.FIL",,"2017-04-20T12:50Z","2017-04-20T12:50Z","EcoCore_CSU","TDS",600.8900,"milligramsPerLiter",0.0,,0,"formatChange|legacyData","GOOD"
"6ad0eff9-0421-48f6-8205-0d075c6a154a","D06","KING","KING.AOS.groundwater.well.003","KING.W3.20170420.FIL",,"2017-04-20T12:50Z","2017-04-20T12:50Z","EcoCore_CSU","Ortho - P",0.0220,"milligramsPerLiter",0.0,,0,"formatChange|legacyData","GOOD"
"66ff3842-0026-4f5b-b7e0-8f5e83cd6501","D06","KING","KING.AOS.groundwater.well.003","KING.W3.20170420.PCN",,"2017-04-20T12:50Z","2017-04-20T12:50Z","EcoCore_CSU","TPC",0.2564,"milligram",0.0,,0,"formatChange|legacyData","GOOD"
