uid,domainID,siteID,namedLocation,decimalLatitude,decimalLongitude,coordinateUncertainty,elevation,elevationUncertainty,geodeticDatum,collectDate,aquaticSiteType,samplingImpractical,waterChemSamplesCollected,adequateSampleVol,parentSampleID,eventID,swcSamplingProtocolVersion,sampleExtractionMethod,samplerType,totalWellDepth,wellWaterDepth,waterColumnHeight,sampleDepth,purgeAverageDischargeRate,purgeTime,gwWellStabilized,purgeDryDateTime,pumpPlacementDate,screenedIntervalDepth,maxAllowableDrawdown,actualDrawdown,MADExceeded,wellVolumePurged,probeIDUnavailable,dissolvedOxygen,dissolvedOxygenSaturation,specificConductance,waterTemp,pH,waterClarityDescrip,waterColorDescrip,aCollectedBy,bCollectedBy,remarks
"e970f979-bf50-4edf-a11c-43573bf0f197","D06","KING","KING.AOS.groundwater.well.001",39.104728,-96.602945,0.1,329.4,0.1,"WGS84","2017-04-19T13:30Z","stream",,,,"KING.W1.20170419","KING.20170419","NEON.DOC.002905vD","low-flow","Groundwater Pump",9.7,4.2,5.6,5.2,,,,,,,,,,4.9,,2.15,21.26,561.20,13.22,,"clear","colorless","egawanda@battelleecology.org","jkukulski@battelleecology.org",
"cc199414-fbd7-4188-8df1-daa854a2d6ba","D06","KING","KING.AOS.groundwater.well.006",39.104531,-96.603336,0.1,328.8,0.1,"WGS84","2017-04-19T14:15Z","stream",,,,"KING.W6.20170419","KING.20170419","NEON.DOC.002905vD","low-flow","Groundwater Pump",9.1,3.6,5.5,4.6,,,,,,,,,,4.9,,3.21,32.10,581.80,14.50,,"clear","colorless","egawanda@battelleecology.org","jkukulski@battelleecology.org",
"b1a0a3c8-871c-485e-bbc7-b6d77597fadb","D06","KING","KING.AOS.groundwater.well.008",39.105096,-96.603080,0.1,328.4,0.1,"WGS84","2017-04-20T11:45Z","stream",,,,"KING.W8.20170420","KING.20170420","NEON.DOC.002905vD","low-flow","Groundwater Pump",8.4,3.5,4.9,4.5,,,,,,,,,,4.2,,3.84,37.90,507.00,12.96,,"clear","colorless","egawanda@battelleecology.org","jkukulski@battelleecology.org",
"6ad8d680-2877-4a76-8512-3e98fedce644","D06","KING","KING.AOS.groundwater.well.003",39.105120,-96.602625,0.1,330.6,0.1,"WGS84","2017-04-20T12:50Z","stream",,,,"KING.W3.20170420","KING.20170420","NEON.DOC.002905vD","low-flow","Groundwater Pump",8.5,5.1,3.4,6.1,,,,,,,,,,5.1,,3.07,31.43,580.33,13.40,,"clear","colorless","egawanda@battelleecology.org","jkukulski@battelleecology.org",
