uid,domainID,siteID,namedLocation,collectDate,parentSampleID,sampleCondition,sampleID,replicateNumber,gwwDICBubbleFree,gwwFiltSampleHeadspace,gwwAlkSampleHeadspace,gwwAlkSampleBubbleFree,processedDate,processedDateFilters,sampleVolumeFiltered,shipmentTimeRange
"2fcdab9f-d5db-43d7-a144-885bd1a9afc8","D06","KING","KING.AOS.groundwater.well.001","2017-04-19T13:30Z","KING.W1.20170419","Sample condition ok","KING.W1.20170419",1,,,,,"2017-04-19T16:40Z","2017-04-19T16:40Z",164.0,
"530c717b-76ee-4ce8-853d-56db44e149da","D06","KING","KING.AOS.groundwater.well.006","2017-04-19T14:15Z","KING.W6.20170419","Sample condition ok","KING.W6.20170419",1,,,,,"2017-04-19T16:41Z","2017-04-19T16:41Z",155.0,
"716d7f1b-9b89-4e2c-91bd-a80688737ed4","D06","KING","KING.AOS.groundwater.well.008","2017-04-20T11:45Z","KING.W8.20170420","Sample condition ok","KING.W8.20170420",1,,,,,"2017-04-20T14:16Z","2017-04-20T15:40Z",75.0,
"8bee1f98-129b-45f3-bba7-b45b5aab3e08","D06","KING","KING.AOS.groundwater.well.003","2017-04-20T12:50Z","KING.W3.20170420","Sample condition ok","KING.W3.20170420",1,,,,,"2017-04-20T14:05Z","2017-04-20T15:40Z",73.0,
