uid,domainID,siteID,namedLocation,sampleID,sampleCode,startDate,collectDate,laboratoryName,analyte,analyteConcentration,analyteUnits,coolerTemp,remarks,shipmentWarmQF,externalLabDataQF,sampleCondition
"c7bc4e39-867f-4059-816b-fd0b4192b41d","D02","LEWI","LEWI.AOS.groundwater.well.001","LEWI.W1.20170823.RAW",,"2017-08-23T14:36Z","2017-08-23T14:36Z","EcoCore_CSU","TSS - Dry Mass",700.0000,"microgram",5.2,,0,"formatChange","GOOD"
"741b2c3f-30a1-4a6e-b6b6-b6014fa87def","D02","LEWI","LEWI.AOS.groundwater.well.001","LEWI.W1.20170823.FIL",,"2017-08-23T14:36Z","2017-08-23T14:36Z","EcoCore_CSU","DIC",81.0100,"milligramsPerLiter",5.2,,0,"formatChange","GOOD"
"cc98a67d-2d98-49c7-a659-f971f077c1d0","D02","LEWI","LEWI.AOS.groundwater.well.001","LEWI.W1.20170823.FIL",,"2017-08-23T14:36Z","2017-08-23T14:36Z","EcoCore_CSU","Br",0.0050,"milligramsPerLiter",5.2,,0,"formatChange","GOOD"
"e05aa1c9-5cfa-4a01-853c-430a7ad97073","D02","LEWI","LEWI.AOS.groundwater.well.001","LEWI.W1.20170823.FIL",,"2017-08-23T14:36Z","2017-08-23T14:36Z","EcoCore_CSU","Si",2.5120,"milligramsPerLiter",5.2,,0,"formatChange","GOOD"
"8fbe5730-75e8-46a8-b4a4-16c192a9d52b","D02","LEWI","LEWI.AOS.groundwater.well.001","LEWI.W1.20170823.RAW",,"2017-08-23T14:36Z","2017-08-23T14:36Z","EcoCore_CSU","TN",1.5100,"milligramsPerLiter",5.2,,0,"formatChange","GOOD"
"6b457583-7a3c-43eb-83b8-3d55cd7e6de5","D02","LEWI","LEWI.AOS.groundwater.well.001","LEWI.W1.20170823.FIL",,"2017-08-23T14:36Z","2017-08-23T14:36Z","EcoCore_CSU","Cl",12.4022,"milligramsPerLiter",5.2,,0,"formatChange","GOOD"
"79aaf9e9-ddaa-419c-8189-806346d5bcb8","D02","LEWI","LEWI.AOS.groundwater.well.001","LEWI.W1.20170823.FIL",,"2017-08-23T14:36Z","2017-08-23T14:36Z","EcoCore_CSU","Fe",0.0047,"milligramsPerLiter",5.2,,0,"formatChange","GOOD"
"6c5613e4-dcf6-4eb2-a333-023012c95c8e","D02","LEWI","LEWI.AOS.groundwater.well.001","LEWI.W1.20170823.FIL",,"2017-08-23T14:36Z","2017-08-23T14:36Z","EcoCore_CSU","NH4 - N",0.0488,"milligramsPerLiter",5.2,,0,"formatChange","GOOD"
"56512b87-43de-463a-ac0d-4ba089e97d10","D02","LEWI","LEWI.AOS.groundwater.well.001","LEWI.W1.20170823.FIL",,"2017-08-23T14:36Z","2017-08-23T14:36Z","EcoCore_CSU","Ca",39.6500,"milligramsPerLiter",5.2,,0,"formatChange","GOOD"
"2482c2e3-e1d4-4cca-a6c1-395c8be35239","D02","LEWI","LEWI.AOS.groundwater.well.001","LEWI.W1.20170823.RAW",,"2017-08-23T14:36Z","2017-08-23T14:36Z","EcoCore_CSU","TOC",0.4880,"milligramsPerLiter",5.2,,0,"formatChange","GOOD"
"3532e201-9a49-4116-9514-bfe14400f6b1","D02","LEWI","LEWI.AOS.groundwater.well.001","LEWI.W1.20170823.FIL",,"2017-08-23T14:36Z","2017-08-23T14:36Z","EcoCore_CSU","F",0.2750,"milligramsPerLiter",5.2,,0,"formatChange","GOOD"
"f6942f8e-922d-4e88-8fd5-709b3db6f3ac","D02","LEWI","LEWI.AOS.groundwater.well.001","LEWI.W1.20170823.RAW",,"2017-08-23T14:36Z","2017-08-23T14:36Z","EcoCore_CSU","conductivity",468.7000,"microsiemensPerCentimeter",5.2,,0,"formatChange","GOOD"
"d5bbc512-4118-4dfc-b895-263b80f8773e","D02","LEWI","LEWI.AOS.groundwater.well.001","LEWI.W1.20170823.RAW",,"2017-08-23T14:36Z","2017-08-23T14:36Z","EcoCore_CSU","pH",8.0900,"pH",5.2,,0,"formatChange","GOOD"
"260d0974-15da-49c5-9b60-5e0e6aa1705f","D02","LEWI","LEWI.AOS.groundwater.well.001","LEWI.W1.20170823.FIL",,"2017-08-23T14:36Z","2017-08-23T14:36Z","EcoCore_CSU","HCO3",394.2200,"milligramsPerLiter",5.2,,0,"formatChange","GOOD"
"d0e0727e-00b8-43f2-9a40-676e39d83fb0","D02","LEWI","LEWI.AOS.groundwater.well.001","LEWI.W1.20170823.PCN",,"2017-08-23T14:36Z","2017-08-23T14:36Z","EcoCore_CSU","TPN",0.0644,"milligram",5.2,,0,"formatChange","GOOD"
"1111b19f-d22e-4430-b23e-7f68b4c3e278","D02","LEWI","LEWI.AOS.groundwater.well.001","LEWI.W1.20170823.FIL",,"2017-08-23T14:36Z","2017-08-23T14:36Z","EcoCore_CSU","TDN",1.4850,"milligramsPerLiter",5.2,,0,"formatChange","GOOD"
"44ba5d21-f10f-457e-9aa4-f9494344dc90","D02","LEWI","LEWI.AOS.groundwater.well.001","LEWI.W1.20170823.FIL",,"2017-08-23T14:36Z","2017-08-23T14:36Z","EcoCore_CSU","Na",7.6112,"milligramsPerLiter",5.2,,0,"formatChange","GOOD"
"0541e931-0160-4ed9-a673-acf6247d1ec8","D02","LEWI","LEWI.AOS.groundwater.well.001","LEWI.W1.20170823.FIL",,"2017-08-23T14:36Z","2017-08-23T14:36Z","EcoCore_CSU","Mg",26.3320,"milligramsPerLiter",5.2,,0,"formatChange","GOOD"
"3c807c58-2fd6-42b5-ade8-f53aa5e9e1cd","D02","LEWI","LEWI.AOS.groundwater.well.001","LEWI.W1.20170823.FIL",,"2017-08-23T14:36Z","2017-08-23T14:36Z","EcoCore_CSU","NO3+NO2 - N",1.5472,"milligramsPerLiter",5.2,,0,"formatChange","GOOD"
"87243bf2-1bc2-4502-bb18-8031d444b80d","D02","LEWI","LEWI.AOS.groundwater.well.001","LEWI.W1.20170823.PCN",,"2017-08-23T14:36Z","2017-08-23T14:36Z","EcoCore_CSU","TPC",0.4853,"milligram",5.2,,0,"formatChange","GOOD"
"5d7c34ac-80bf-421f-a0f7-194785b13e47","D02","LEWI","LEWI.AOS.groundwater.well.001","LEWI.W1.20170823.FIL",,"2017-08-23T14:36Z","2017-08-23T14:36Z","EcoCore_CSU","DOC",0.4189,"milligramsPerLiter",5.2,,0,"formatChange","GOOD"
"7d704700-f802-4134-82a9-02e6610a9dbc","D02","LEWI","LEWI.AOS.groundwater.well.001","LEWI.W1.20170823.RAW",,"2017-08-23T14:36Z","2017-08-23T14:36Z","EcoCore_CSU","TSS",14.0000,"milligramsPerLiter",5.2,,0,"formatChange","GOOD"
"4194c646-62ce-4351-9428-c202ec8f8199","D02","LEWI","LEWI.AOS.groundwater.well.001","LEWI.W1.20170823.FIL",,"2017-08-23T14:36Z","2017-08-23T14:36Z","EcoCore_CSU","UV Absorbance (280 nm)",0.0043,,5.2,,0,"formatChange","GOOD"
"6fdb99a2-a5b3-474f-8085-0cb806a98ed0","D02","LEWI","LEWI.AOS.groundwater.well.001","LEWI.W1.20170823.FIL",,"2017-08-23T14:36Z","2017-08-23T14:36Z","EcoCore_CSU","CO3",0.0000,"milligramsPerLiter",5.2,,0,"formatChange","GOOD"
"0f6010f9-6301-47c2-9a1b-94d094201e66","D02","LEWI","LEWI.AOS.groundwater.well.001","LEWI.W1.20170823.FIL",,"2017-08-23T14:36Z","2017-08-23T14:36Z","EcoCore_CSU","NO2 - N",0.0866,"milligramsPerLiter",5.2,,0,"formatChange","GOOD"
"d98dd8af-c117-44a3-bb18-ca1c9e744efb","D02","LEWI","LEWI.AOS.groundwater.well.001","LEWI.W1.20170823.FIL",,"2017-08-23T14:36Z","2017-08-23T14:36Z","EcoCore_CSU","UV Absorbance (250 nm)",0.0061,,5.2,,0,"formatChange","GOOD"
"5088c8ac-1f2f-4978-88ab-46cd86a9d552","D02","LEWI","LEWI.AOS.groundwater.well.001","LEWI.W1.20170823.FIL",,"2017-08-23T14:36Z","2017-08-23T14:36Z","EcoCore_CSU","SO4",21.0727,"milligramsPerLiter",5.2,,0,"formatChange","GOOD"
"2ff007ab-dc18-4ffb-8006-c362e62b760c","D02","LEWI","LEWI.AOS.groundwater.well.001","LEWI.W1.20170823.RAW",,"2017-08-23T14:36Z","2017-08-23T14:36Z","EcoCore_CSU","ANC",6.8200,"milliequivalentsPerLiter",5.2,,0,"formatChange","GOOD"
"1e8dfc21-35e0-450b-bf5f-a4c83d192dc7","D02","LEWI","LEWI.AOS.groundwater.well.001","LEWI.W1.20170823.FIL",,"2017-08-23T14:36Z","2017-08-23T14:36Z","EcoCore_CSU","Mn",0.0009,"milligramsPerLiter",5.2,,0,"formatChange","GOOD"
"5101d6f3-6ca3-4485-9a2b-023fbcc27178","D02","LEWI","LEWI.AOS.groundwater.well.001","LEWI.W1.20170823.FIL",,"2017-08-23T14:36Z","2017-08-23T14:36Z","EcoCore_CSU","K",3.4363,"milligramsPerLiter",5.2,,0,"formatChange","GOOD"
"8f8a280f-4c14-4b11-b3c3-e534382db452","D02","LEWI","LEWI.AOS.groundwater.well.001","LEWI.W1.20170823.FIL",,"2017-08-23T14:36Z","2017-08-23T14:36Z","EcoCore_CSU","TDS",329.8000,"milligramsPerLiter",5.2,,0,"formatChange","GOOD"
"40071a80-b872-44b2-9f8a-04b97a2106b6","D02","LEWI","LEWI.AOS.groundwater.well.001","LEWI.W1.20170823.RAW",,"2017-08-23T14:36Z","2017-08-23T14:36Z","EcoCore_CSU","TP",0.0020,"milligramsPerLiter",5.2,,0,"formatChange","GOOD"
"721d837e-3270-43d1-8297-e565f9069a27","D02","LEWI","LEWI.AOS.groundwater.well.001","LEWI.W1.20170823.FIL",,"2017-08-23T14:36Z","2017-08-23T14:36Z","EcoCore_CSU","TDP",0.0005,"milligramsPerLiter",5.2,,0,"formatChange","GOOD"
"0519b807-d07e-499c-87fd-2c026c836734","D02","LEWI","LEWI.AOS.groundwater.well.001","LEWI.W1.20170823.FIL",,"2017-08-23T14:36Z","2017-08-23T14:36Z","EcoCore_CSU","Ortho - P",0.0280,"milligramsPerLiter",5.2,,0,"formatChange","GOOD"
"2f640afe-57e3-4c21-9a51-ce3d275d6480","D02","LEWI","LEWI.AOS.groundwater.well.008","LEWI.W8.20170823.RAW",,"2017-08-23T15:17Z","2017-08-23T15:17Z","EcoCore_CSU","ANC",6.8500,"milliequivalentsPerLiter",2.6,,0,"formatChange","GOOD"
"6e5d107d-5df2-4202-9394-e396598749ff","D02","LEWI","LEWI.AOS.groundwater.well.008","LEWI.W8.20170823.RAW",,"2017-08-23T15:17Z","2017-08-23T15:17Z","EcoCore_CSU","conductivity",410.8000,"microsiemensPerCentimeter",2.6,,0,"formatChange","GOOD"
"bf22e569-bab9-4646-8b5f-670635e24248","D02","LEWI","LEWI.AOS.groundwater.well.008","LEWI.W8.20170823.RAW",,"2017-08-23T15:17Z","2017-08-23T15:17Z","EcoCore_CSU","TSS",26.0000,"milligramsPerLiter",2.6,,0,"formatChange","GOOD"
"4243987d-d7c1-4c43-b118-7416efc91b2a","D02","LEWI","LEWI.AOS.groundwater.well.008","LEWI.W8.20170823.FIL",,"2017-08-23T15:17Z","2017-08-23T15:17Z","EcoCore_CSU","UV Absorbance (280 nm)",0.1292,,2.6,,0,"formatChange","GOOD"
"f021dd1f-bf30-4c2e-bcf4-fe2d7c1059c6","D02","LEWI","LEWI.AOS.groundwater.well.008","LEWI.W8.20170823.FIL",,"2017-08-23T15:17Z","2017-08-23T15:17Z","EcoCore_CSU","TDS",286.5000,"milligramsPerLiter",2.6,,0,"formatChange","GOOD"
"9fdd7bf4-96ad-4cf0-b865-c48b2c02cf7d","D02","LEWI","LEWI.AOS.groundwater.well.008","LEWI.W8.20170823.FIL",,"2017-08-23T15:17Z","2017-08-23T15:17Z","EcoCore_CSU","Cl",8.1968,"milligramsPerLiter",2.6,,0,"formatChange","GOOD"
"a2b7a759-c6c5-4977-b52b-146fa44bec8a","D02","LEWI","LEWI.AOS.groundwater.well.008","LEWI.W8.20170823.FIL",,"2017-08-23T15:17Z","2017-08-23T15:17Z","EcoCore_CSU","Ortho - P",0.0270,"milligramsPerLiter",2.6,,0,"formatChange","GOOD"
"725a43f8-975a-41a6-8000-715700f0c5a0","D02","LEWI","LEWI.AOS.groundwater.well.008","LEWI.W8.20170823.FIL",,"2017-08-23T15:17Z","2017-08-23T15:17Z","EcoCore_CSU","Mg",21.9760,"milligramsPerLiter",2.6,,0,"formatChange","GOOD"
"19348b3d-6fdc-4bc9-bff8-22b930f7565b","D02","LEWI","LEWI.AOS.groundwater.well.008","LEWI.W8.20170823.FIL",,"2017-08-23T15:17Z","2017-08-23T15:17Z","EcoCore_CSU","CO3",0.0000,"milligramsPerLiter",2.6,,0,"formatChange","GOOD"
"3cc1d228-0452-4058-b0af-74edf01c79d2","D02","LEWI","LEWI.AOS.groundwater.well.008","LEWI.W8.20170823.RAW",,"2017-08-23T15:17Z","2017-08-23T15:17Z","EcoCore_CSU","TP",0.0670,"milligramsPerLiter",2.6,,0,"formatChange","GOOD"
"9cf608bd-5a73-449c-91d3-c018d7fcdd98","D02","LEWI","LEWI.AOS.groundwater.well.008","LEWI.W8.20170823.FIL",,"2017-08-23T15:17Z","2017-08-23T15:17Z","EcoCore_CSU","Si",1.9866,"milligramsPerLiter",2.6,,0,"formatChange","GOOD"
"55d95fbd-900b-4400-bdd1-edd627b5dd99","D02","LEWI","LEWI.AOS.groundwater.well.008","LEWI.W8.20170823.FIL",,"2017-08-23T15:17Z","2017-08-23T15:17Z","EcoCore_CSU","Fe",0.0026,"milligramsPerLiter",2.6,,0,"formatChange","GOOD"
"b5b08e24-d386-4d16-9030-cd457bf83565","D02","LEWI","LEWI.AOS.groundwater.well.008","LEWI.W8.20170823.FIL",,"2017-08-23T15:17Z","2017-08-23T15:17Z","EcoCore_CSU","Br",0.0050,"milligramsPerLiter",2.6,,0,"formatChange","GOOD"
"f413390d-87c2-4f69-a978-f981f9b5a85d","D02","LEWI","LEWI.AOS.groundwater.well.008","LEWI.W8.20170823.FIL",,"2017-08-23T15:17Z","2017-08-23T15:17Z","EcoCore_CSU","HCO3",412.0200,"milligramsPerLiter",2.6,,0,"formatChange","GOOD"
"1658153c-9d77-43c7-90fc-c2884a111989","D02","LEWI","LEWI.AOS.groundwater.well.008","LEWI.W8.20170823.RAW",,"2017-08-23T15:17Z","2017-08-23T15:17Z","EcoCore_CSU","TSS - Dry Mass",1300.0000,"microgram",2.6,,0,"formatChange","GOOD"
"48719b08-28cb-4cae-9235-b6f84510931c","D02","LEWI","LEWI.AOS.groundwater.well.008","LEWI.W8.20170823.RAW",,"2017-08-23T15:17Z","2017-08-23T15:17Z","EcoCore_CSU","TN",0.3626,"milligramsPerLiter",2.6,,0,"formatChange","GOOD"
"6caf2cff-246e-461e-bdd1-bed2d9da6a96","D02","LEWI","LEWI.AOS.groundwater.well.008","LEWI.W8.20170823.FIL",,"2017-08-23T15:17Z","2017-08-23T15:17Z","EcoCore_CSU","Na",5.9169,"milligramsPerLiter",2.6,,0,"formatChange","GOOD"
"99ed8dcc-007b-403b-9f88-ffeead9e3a17","D02","LEWI","LEWI.AOS.groundwater.well.008","LEWI.W8.20170823.PCN",,"2017-08-23T15:17Z","2017-08-23T15:17Z","EcoCore_CSU","TPN",0.0590,"milligram",2.6,,0,"formatChange","GOOD"
"2084d50c-d670-4252-9cfd-490bbb2ffb26","D02","LEWI","LEWI.AOS.groundwater.well.008","LEWI.W8.20170823.FIL",,"2017-08-23T15:17Z","2017-08-23T15:17Z","EcoCore_CSU","K",2.3259,"milligramsPerLiter",2.6,,0,"formatChange","GOOD"
"b1aeec5b-6828-4cb7-b9e6-eed08b1e1c06","D02","LEWI","LEWI.AOS.groundwater.well.008","LEWI.W8.20170823.FIL",,"2017-08-23T15:17Z","2017-08-23T15:17Z","EcoCore_CSU","TDP",0.0005,"milligramsPerLiter",2.6,,0,"formatChange","GOOD"
"1bd60bf2-670b-46fd-8f9e-b6cc260944e6","D02","LEWI","LEWI.AOS.groundwater.well.008","LEWI.W8.20170823.FIL",,"2017-08-23T15:17Z","2017-08-23T15:17Z","EcoCore_CSU","DIC",95.3600,"milligramsPerLiter",2.6,,0,"formatChange","GOOD"
"aaba606d-d66f-4d2f-96e8-dd6386f2f20d","D02","LEWI","LEWI.AOS.groundwater.well.008","LEWI.W8.20170823.PCN",,"2017-08-23T15:17Z","2017-08-23T15:17Z","EcoCore_CSU","TPC",0.3666,"milligram",2.6,,0,"formatChange","GOOD"
"8748811f-e7db-4d53-b7e3-a3e2dca169d4","D02","LEWI","LEWI.AOS.groundwater.well.008","LEWI.W8.20170823.FIL",,"2017-08-23T15:17Z","2017-08-23T15:17Z","EcoCore_CSU","SO4",16.0037,"milligramsPerLiter",2.6,,0,"formatChange","GOOD"
"0ec3329b-b628-456d-b41f-59c688b3859b","D02","LEWI","LEWI.AOS.groundwater.well.008","LEWI.W8.20170823.RAW",,"2017-08-23T15:17Z","2017-08-23T15:17Z","EcoCore_CSU","TOC",1.3200,"milligramsPerLiter",2.6,,0,"formatChange","GOOD"
"1d0cdd29-8ae9-459a-8933-529aca9269eb","D02","LEWI","LEWI.AOS.groundwater.well.008","LEWI.W8.20170823.FIL",,"2017-08-23T15:17Z","2017-08-23T15:17Z","EcoCore_CSU","NH4 - N",0.3919,"milligramsPerLiter",2.6,,0,"formatChange","GOOD"
"087f6b9c-14cc-4b72-9fe4-2e5365f44c3a","D02","LEWI","LEWI.AOS.groundwater.well.008","LEWI.W8.20170823.FIL",,"2017-08-23T15:17Z","2017-08-23T15:17Z","EcoCore_CSU","DOC",1.0760,"milligramsPerLiter",2.6,,0,"formatChange","GOOD"
"05ae8f63-ddc7-416e-8fe3-d39296133fcd","D02","LEWI","LEWI.AOS.groundwater.well.008","LEWI.W8.20170823.FIL",,"2017-08-23T15:17Z","2017-08-23T15:17Z","EcoCore_CSU","UV Absorbance (250 nm)",0.1365,,2.6,,0,"formatChange","GOOD"
"0dbc0569-6c3a-4e78-82c2-06d690c90679","D02","LEWI","LEWI.AOS.groundwater.well.008","LEWI.W8.20170823.FIL",,"2017-08-23T15:17Z","2017-08-23T15:17Z","EcoCore_CSU","Ca",38.3300,"milligramsPerLiter",2.6,,0,"formatChange","GOOD"
"151c42bf-bfe2-4326-acd6-6dd3541106b1","D02","LEWI","LEWI.AOS.groundwater.well.008","LEWI.W8.20170823.RAW",,"2017-08-23T15:17Z","2017-08-23T15:17Z","EcoCore_CSU","pH",7.8600,"pH",2.6,,0,"formatChange","GOOD"
"f19c8fca-2eef-455d-a6f8-c48794848477","D02","LEWI","LEWI.AOS.groundwater.well.008","LEWI.W8.20170823.FIL",,"2017-08-23T15:17Z","2017-08-23T15:17Z","EcoCore_CSU","TDN",0.3781,"milligramsPerLiter",2.6,,0,"formatChange","GOOD"
"01357abd-d1ac-4fad-9109-4f82dca47e4d","D02","LEWI","LEWI.AOS.groundwater.well.008","LEWI.W8.20170823.FIL",,"2017-08-23T15:17Z","2017-08-23T15:17Z","EcoCore_CSU","NO3+NO2 - N",0.0317,"milligramsPerLiter",2.6,,0,"formatChange","GOOD"
"66eb4717-5cd8-4216-b996-bd805d3ec65b","D02","LEWI","LEWI.AOS.groundwater.well.008","LEWI.W8.20170823.FIL",,"2017-08-23T15:17Z","2017-08-23T15:17Z","EcoCore_CSU","F",0.2441,"milligramsPerLiter",2.6,,0,"formatChange","GOOD"
"0e8949a0-f0f8-4d17-9eb3-d56374686d0a","D02","LEWI","LEWI.AOS.groundwater.well.008","LEWI.W8.20170823.FIL",,"2017-08-23T15:17Z","2017-08-23T15:17Z","EcoCore_CSU","Mn",0.0005,"milligramsPerLiter",2.6,,0,"formatChange","GOOD"
"57cac879-e112-4b0f-bbf4-40a7de2dfb28","D02","LEWI","LEWI.AOS.groundwater.well.008","LEWI.W8.20170823.FIL",,"2017-08-23T15:17Z","2017-08-23T15:17Z","EcoCore_CSU","NO2 - N",0.0054,"milligramsPerLiter",2.6,,0,"formatChange","GOOD"
"21d4232b-a7bb-4cd5-b076-ec706281abf7","D02","LEWI","LEWI.AOS.groundwater.well.006","LEWI.W6.20170823.FIL",,"2017-08-23T17:05Z","2017-08-23T17:05Z","EcoCore_CSU","HCO3",420.2600,"milligramsPerLiter",5.2,,0,"formatChange","GOOD"
"15eb4bb2-7206-49a0-983b-3c12f2ae0d63","D02","LEWI","LEWI.AOS.groundwater.well.006","LEWI.W6.20170823.FIL",,"2017-08-23T17:05Z","2017-08-23T17:05Z","EcoCore_CSU","Br",0.0050,"milligramsPerLiter",5.2,,0,"formatChange","GOOD"
"7245efff-e56f-4028-bd4c-4ac2ba7b9def","D02","LEWI","LEWI.AOS.groundwater.well.006","LEWI.W6.20170823.FIL",,"2017-08-23T17:05Z","2017-08-23T17:05Z","EcoCore_CSU","NO3+NO2 - N",0.0322,"milligramsPerLiter",5.2,,0,"formatChange","GOOD"
"e06a647f-0402-4c87-ab3e-c7562015e81f","D02","LEWI","LEWI.AOS.groundwater.well.006","LEWI.W6.20170823.FIL",,"2017-08-23T17:05Z","2017-08-23T17:05Z","EcoCore_CSU","TDP",0.0005,"milligramsPerLiter",5.2,,0,"formatChange","GOOD"
"e06a6d3f-cc18-45ee-8ec0-0a696bb66e8d","D02","LEWI","LEWI.AOS.groundwater.well.006","LEWI.W6.20170823.FIL",,"2017-08-23T17:05Z","2017-08-23T17:05Z","EcoCore_CSU","Si",2.2497,"milligramsPerLiter",5.2,,0,"formatChange","GOOD"
"835db2a7-85db-4003-b356-d6213fc21115","D02","LEWI","LEWI.AOS.groundwater.well.006","LEWI.W6.20170823.FIL",,"2017-08-23T17:05Z","2017-08-23T17:05Z","EcoCore_CSU","Cl",8.2188,"milligramsPerLiter",5.2,,0,"formatChange","GOOD"
"9ce71cef-28d4-401a-8520-8abc72848dca","D02","LEWI","LEWI.AOS.groundwater.well.006","LEWI.W6.20170823.FIL",,"2017-08-23T17:05Z","2017-08-23T17:05Z","EcoCore_CSU","UV Absorbance (250 nm)",0.0536,,5.2,,0,"formatChange","GOOD"
"ef5d207a-b77e-493f-9ab1-4ee7e48fb4eb","D02","LEWI","LEWI.AOS.groundwater.well.006","LEWI.W6.20170823.FIL",,"2017-08-23T17:05Z","2017-08-23T17:05Z","EcoCore_CSU","TDN",0.0991,"milligramsPerLiter",5.2,,0,"formatChange","GOOD"
"3f39356c-dfe2-4f37-829e-1071d04cc8b6","D02","LEWI","LEWI.AOS.groundwater.well.006","LEWI.W6.20170823.FIL",,"2017-08-23T17:05Z","2017-08-23T17:05Z","EcoCore_CSU","DOC",0.9184,"milligramsPerLiter",5.2,,0,"formatChange","GOOD"
"4d6b4af1-1f9e-42e4-8600-64cee88a88c2","D02","LEWI","LEWI.AOS.groundwater.well.006","LEWI.W6.20170823.FIL",,"2017-08-23T17:05Z","2017-08-23T17:05Z","EcoCore_CSU","TDS",331.2000,"milligramsPerLiter",5.2,,0,"formatChange","GOOD"
"0ba1cc30-538e-4f16-8812-88c1c95c07df","D02","LEWI","LEWI.AOS.groundwater.well.006","LEWI.W6.20170823.FIL",,"2017-08-23T17:05Z","2017-08-23T17:05Z","EcoCore_CSU","Ca",43.7040,"milligramsPerLiter",5.2,,0,"formatChange","GOOD"
"38241c3b-f8c1-4370-9770-d355fef36cc9","D02","LEWI","LEWI.AOS.groundwater.well.006","LEWI.W6.20170823.FIL",,"2017-08-23T17:05Z","2017-08-23T17:05Z","EcoCore_CSU","Fe",0.0051,"milligramsPerLiter",5.2,,0,"formatChange","GOOD"
"280e49b2-6f05-460b-a718-e815c9279aea","D02","LEWI","LEWI.AOS.groundwater.well.006","LEWI.W6.20170823.RAW",,"2017-08-23T17:05Z","2017-08-23T17:05Z","EcoCore_CSU","ANC",6.9500,"milliequivalentsPerLiter",5.2,,0,"formatChange","GOOD"
"62f2b418-9f4d-4ced-87d9-22db41a80e66","D02","LEWI","LEWI.AOS.groundwater.well.006","LEWI.W6.20170823.RAW",,"2017-08-23T17:05Z","2017-08-23T17:05Z","EcoCore_CSU","TP",0.0020,"milligramsPerLiter",5.2,,0,"formatChange","GOOD"
"7e9f67dd-9204-43e8-ab41-d261a86f1489","D02","LEWI","LEWI.AOS.groundwater.well.006","LEWI.W6.20170823.RAW",,"2017-08-23T17:05Z","2017-08-23T17:05Z","EcoCore_CSU","TSS",16.0000,"milligramsPerLiter",5.2,,0,"formatChange","GOOD"
"b271da4e-b2b2-466b-b520-1d4b1ea80f70","D02","LEWI","LEWI.AOS.groundwater.well.006","LEWI.W6.20170823.RAW",,"2017-08-23T17:05Z","2017-08-23T17:05Z","EcoCore_CSU","TOC",0.9608,"milligramsPerLiter",5.2,,0,"formatChange","GOOD"
"cba86a11-61ea-4d18-b225-f6c7a33e080d","D02","LEWI","LEWI.AOS.groundwater.well.006","LEWI.W6.20170823.FIL",,"2017-08-23T17:05Z","2017-08-23T17:05Z","EcoCore_CSU","Ortho - P",0.0280,"milligramsPerLiter",5.2,,0,"formatChange","GOOD"
"400e6779-828d-4b19-897b-9bbd5c3b6518","D02","LEWI","LEWI.AOS.groundwater.well.006","LEWI.W6.20170823.RAW",,"2017-08-23T17:05Z","2017-08-23T17:05Z","EcoCore_CSU","TSS - Dry Mass",800.0000,"microgram",5.2,,0,"formatChange","GOOD"
"bef0a053-10d0-4bdd-ada7-64db6b04bfd7","D02","LEWI","LEWI.AOS.groundwater.well.006","LEWI.W6.20170823.FIL",,"2017-08-23T17:05Z","2017-08-23T17:05Z","EcoCore_CSU","Na",4.0715,"milligramsPerLiter",5.2,,0,"formatChange","GOOD"
"0ff19b80-186d-446d-bc7b-fc276cce504b","D02","LEWI","LEWI.AOS.groundwater.well.006","LEWI.W6.20170823.FIL",,"2017-08-23T17:05Z","2017-08-23T17:05Z","EcoCore_CSU","CO3",0.0000,"milligramsPerLiter",5.2,,0,"formatChange","GOOD"
"8ddfccb2-e72a-42d6-80e9-24356b69e30d","D02","LEWI","LEWI.AOS.groundwater.well.006","LEWI.W6.20170823.PCN",,"2017-08-23T17:05Z","2017-08-23T17:05Z","EcoCore_CSU","TPC",0.3542,"milligram",5.2,,0,"formatChange","GOOD"
"c29ba42c-68cf-42b6-9f0c-c16fad3a7419","D02","LEWI","LEWI.AOS.groundwater.well.006","LEWI.W6.20170823.FIL",,"2017-08-23T17:05Z","2017-08-23T17:05Z","EcoCore_CSU","UV Absorbance (280 nm)",0.0496,,5.2,,0,"formatChange","GOOD"
"e8563137-1dff-4ca3-b653-2703fa1c4891","D02","LEWI","LEWI.AOS.groundwater.well.006","LEWI.W6.20170823.RAW",,"2017-08-23T17:05Z","2017-08-23T17:05Z","EcoCore_CSU","conductivity",471.3000,"microsiemensPerCentimeter",5.2,,0,"formatChange","GOOD"
"0b95f508-0aa0-403d-960f-13cf9668e20c","D02","LEWI","LEWI.AOS.groundwater.well.006","LEWI.W6.20170823.FIL",,"2017-08-23T17:05Z","2017-08-23T17:05Z","EcoCore_CSU","SO4",15.9911,"milligramsPerLiter",5.2,,0,"formatChange","GOOD"
"42373a99-f4e0-4ed2-8132-931c729abe09","D02","LEWI","LEWI.AOS.groundwater.well.006","LEWI.W6.20170823.FIL",,"2017-08-23T17:05Z","2017-08-23T17:05Z","EcoCore_CSU","Mn",0.0005,"milligramsPerLiter",5.2,,0,"formatChange","GOOD"
"970091c3-5fc7-4178-a53b-f7cc95fb70d9","D02","LEWI","LEWI.AOS.groundwater.well.006","LEWI.W6.20170823.RAW",,"2017-08-23T17:05Z","2017-08-23T17:05Z","EcoCore_CSU","TN",0.1057,"milligramsPerLiter",5.2,,0,"formatChange","GOOD"
"02932376-f30b-4e13-85b6-129abed204ca","D02","LEWI","LEWI.AOS.groundwater.well.006","LEWI.W6.20170823.FIL",,"2017-08-23T17:05Z","2017-08-23T17:05Z","EcoCore_CSU","Mg",27.6550,"milligramsPerLiter",5.2,,0,"formatChange","GOOD"
"e4724c84-2f8e-4647-940e-1430f088b641","D02","LEWI","LEWI.AOS.groundwater.well.006","LEWI.W6.20170823.FIL",,"2017-08-23T17:05Z","2017-08-23T17:05Z","EcoCore_CSU","NH4 - N",0.1334,"milligramsPerLiter",5.2,,0,"formatChange","GOOD"
"6fd30cb8-13cd-4194-b80b-5883d61ddfdd","D02","LEWI","LEWI.AOS.groundwater.well.006","LEWI.W6.20170823.PCN",,"2017-08-23T17:05Z","2017-08-23T17:05Z","EcoCore_CSU","TPN",0.0337,"milligram",5.2,,0,"formatChange","GOOD"
"54104503-eea2-459b-81c4-3bfaaf8b3496","D02","LEWI","LEWI.AOS.groundwater.well.006","LEWI.W6.20170823.FIL",,"2017-08-23T17:05Z","2017-08-23T17:05Z","EcoCore_CSU","DIC",96.3700,"milligramsPerLiter",5.2,,0,"formatChange","GOOD"
"4c5b3fb5-4618-495d-89f3-ff8a29dd5d8d","D02","LEWI","LEWI.AOS.groundwater.well.006","LEWI.W6.20170823.FIL",,"2017-08-23T17:05Z","2017-08-23T17:05Z","EcoCore_CSU","NO2 - N",0.0871,"milligramsPerLiter",5.2,,0,"formatChange","GOOD"
"ae5fc140-9301-4ed7-aa17-9c233d5ffcb0","D02","LEWI","LEWI.AOS.groundwater.well.006","LEWI.W6.20170823.FIL",,"2017-08-23T17:05Z","2017-08-23T17:05Z","EcoCore_CSU","K",1.5539,"milligramsPerLiter",5.2,,0,"formatChange","GOOD"
"655a1eda-c944-43fc-8100-bb58d669f466","D02","LEWI","LEWI.AOS.groundwater.well.006","LEWI.W6.20170823.FIL",,"2017-08-23T17:05Z","2017-08-23T17:05Z","EcoCore_CSU","F",0.3045,"milligramsPerLiter",5.2,,0,"formatChange","GOOD"
"a7c978cd-9f70-4c0b-bae0-cd42c19aed5b","D02","LEWI","LEWI.AOS.groundwater.well.006","LEWI.W6.20170823.RAW",,"2017-08-23T17:05Z","2017-08-23T17:05Z","EcoCore_CSU","pH",7.7600,"pH",5.2,,0,"formatChange","GOOD"
"79c19d03-bb5a-4416-a2f6-3ef7fd3b4886","D02","LEWI","LEWI.AOS.groundwater.well.003","LEWI.W3.20170823.RAW",,"2017-08-23T17:48Z","2017-08-23T17:48Z","EcoCore_CSU","TOC",0.3137,"milligramsPerLiter",2.6,,0,"formatChange","GOOD"
"560fc4e2-1ea9-4a7a-95e8-fcd184e004d0","D02","LEWI","LEWI.AOS.groundwater.well.003","LEWI.W3.20170823.FIL",,"2017-08-23T17:48Z","2017-08-23T17:48Z","EcoCore_CSU","Mn",0.0005,"milligramsPerLiter",2.6,,0,"formatChange","GOOD"
"748f6bb9-fa94-4edb-8128-187931c54733","D02","LEWI","LEWI.AOS.groundwater.well.003","LEWI.W3.20170823.FIL",,"2017-08-23T17:48Z","2017-08-23T17:48Z","EcoCore_CSU","NH4 - N",0.1997,"milligramsPerLiter",2.6,,0,"formatChange","GOOD"
"224187d3-ce60-4ba0-971f-0a3be11c68d4","D02","LEWI","LEWI.AOS.groundwater.well.003","LEWI.W3.20170823.RAW",,"2017-08-23T17:48Z","2017-08-23T17:48Z","EcoCore_CSU","ANC",6.2100,"milliequivalentsPerLiter",2.6,,0,"formatChange","GOOD"
"a58a5ccc-872b-4a5a-a518-bca2a14010b6","D02","LEWI","LEWI.AOS.groundwater.well.003","LEWI.W3.20170823.RAW",,"2017-08-23T17:48Z","2017-08-23T17:48Z","EcoCore_CSU","conductivity",436.2000,"microsiemensPerCentimeter",2.6,,0,"formatChange","GOOD"
"4d127a8a-65d4-4f11-b16a-1617a2ef409b","D02","LEWI","LEWI.AOS.groundwater.well.003","LEWI.W3.20170823.FIL",,"2017-08-23T17:48Z","2017-08-23T17:48Z","EcoCore_CSU","UV Absorbance (280 nm)",0.0034,,2.6,,0,"formatChange","GOOD"
"be10d3ad-cab9-422a-b235-c09c3a614302","D02","LEWI","LEWI.AOS.groundwater.well.003","LEWI.W3.20170823.PCN",,"2017-08-23T17:48Z","2017-08-23T17:48Z","EcoCore_CSU","TPN",0.0895,"milligram",2.6,,0,"formatChange","GOOD"
"56119245-0d29-406d-adce-fa4e8b52be66","D02","LEWI","LEWI.AOS.groundwater.well.003","LEWI.W3.20170823.FIL",,"2017-08-23T17:48Z","2017-08-23T17:48Z","EcoCore_CSU","TDS",306.7000,"milligramsPerLiter",2.6,,0,"formatChange","GOOD"
"d8cab47a-c054-4ceb-b137-06e2e86dd6aa","D02","LEWI","LEWI.AOS.groundwater.well.003","LEWI.W3.20170823.FIL",,"2017-08-23T17:48Z","2017-08-23T17:48Z","EcoCore_CSU","UV Absorbance (250 nm)",0.0041,,2.6,,0,"formatChange","GOOD"
"b286626d-0b20-4a88-a56c-0af8719d9240","D02","LEWI","LEWI.AOS.groundwater.well.003","LEWI.W3.20170823.FIL",,"2017-08-23T17:48Z","2017-08-23T17:48Z","EcoCore_CSU","Fe",0.0051,"milligramsPerLiter",2.6,,0,"formatChange","GOOD"
"47fcb1ba-5633-41c2-8cfc-dc6e0813e079","D02","LEWI","LEWI.AOS.groundwater.well.003","LEWI.W3.20170823.FIL",,"2017-08-23T17:48Z","2017-08-23T17:48Z","EcoCore_CSU","Ortho - P",0.0270,"milligramsPerLiter",2.6,,0,"formatChange","GOOD"
"c20c8334-08be-4505-b1f2-c2b0864a70d5","D02","LEWI","LEWI.AOS.groundwater.well.003","LEWI.W3.20170823.FIL",,"2017-08-23T17:48Z","2017-08-23T17:48Z","EcoCore_CSU","Si",2.1822,"milligramsPerLiter",2.6,,0,"formatChange","GOOD"
"5ea6609f-a435-4cb5-8db0-e7dcf437d75f","D02","LEWI","LEWI.AOS.groundwater.well.003","LEWI.W3.20170823.FIL",,"2017-08-23T17:48Z","2017-08-23T17:48Z","EcoCore_CSU","Na",3.3951,"milligramsPerLiter",2.6,,0,"formatChange","GOOD"
"6dd5a011-4bd1-46f2-955b-276dc972b4b6","D02","LEWI","LEWI.AOS.groundwater.well.003","LEWI.W3.20170823.FIL",,"2017-08-23T17:48Z","2017-08-23T17:48Z","EcoCore_CSU","F",0.2223,"milligramsPerLiter",2.6,,0,"formatChange","GOOD"
"bec5e099-2b3e-4f04-b0b8-f375b495dd11","D02","LEWI","LEWI.AOS.groundwater.well.003","LEWI.W3.20170823.FIL",,"2017-08-23T17:48Z","2017-08-23T17:48Z","EcoCore_CSU","Cl",7.7561,"milligramsPerLiter",2.6,,0,"formatChange","GOOD"
"5bb6efad-0401-4d62-ae8f-049778c7cd1e","D02","LEWI","LEWI.AOS.groundwater.well.003","LEWI.W3.20170823.FIL",,"2017-08-23T17:48Z","2017-08-23T17:48Z","EcoCore_CSU","HCO3",358.9000,"milligramsPerLiter",2.6,,0,"formatChange","GOOD"
"b1cb2da7-62c8-4cbe-93e6-2f923d477d9a","D02","LEWI","LEWI.AOS.groundwater.well.003","LEWI.W3.20170823.FIL",,"2017-08-23T17:48Z","2017-08-23T17:48Z","EcoCore_CSU","SO4",15.3322,"milligramsPerLiter",2.6,,0,"formatChange","GOOD"
"afae4fec-4690-4e74-800a-355497c53625","D02","LEWI","LEWI.AOS.groundwater.well.003","LEWI.W3.20170823.RAW",,"2017-08-23T17:48Z","2017-08-23T17:48Z","EcoCore_CSU","TP",0.0100,"milligramsPerLiter",2.6,,0,"formatChange","GOOD"
"3ab013dd-4379-4616-a712-7e6c3a6c4034","D02","LEWI","LEWI.AOS.groundwater.well.003","LEWI.W3.20170823.FIL",,"2017-08-23T17:48Z","2017-08-23T17:48Z","EcoCore_CSU","DOC",0.3954,"milligramsPerLiter",2.6,,0,"formatChange","GOOD"
"4b3f97f6-9112-42bf-9c48-1691168e892f","D02","LEWI","LEWI.AOS.groundwater.well.003","LEWI.W3.20170823.FIL",,"2017-08-23T17:48Z","2017-08-23T17:48Z","EcoCore_CSU","Mg",23.4680,"milligramsPerLiter",2.6,,0,"formatChange","GOOD"
"f20c6082-a206-44a9-8b69-51cf9d81176b","D02","LEWI","LEWI.AOS.groundwater.well.003","LEWI.W3.20170823.FIL",,"2017-08-23T17:48Z","2017-08-23T17:48Z","EcoCore_CSU","CO3",0.0000,"milligramsPerLiter",2.6,,0,"formatChange","GOOD"
"b74c65b8-c313-4263-8e64-1ce51e5f3544","D02","LEWI","LEWI.AOS.groundwater.well.003","LEWI.W3.20170823.FIL",,"2017-08-23T17:48Z","2017-08-23T17:48Z","EcoCore_CSU","NO2 - N",0.0859,"milligramsPerLiter",2.6,,0,"formatChange","GOOD"
"abb2c84c-9ac9-4132-add4-91674522244b","D02","LEWI","LEWI.AOS.groundwater.well.003","LEWI.W3.20170823.FIL",,"2017-08-23T17:48Z","2017-08-23T17:48Z","EcoCore_CSU","DIC",81.7800,"milligramsPerLiter",2.6,,0,"formatChange","GOOD"
"6228a9c1-4abb-479b-bf94-07d54cc03fa4","D02","LEWI","LEWI.AOS.groundwater.well.003","LEWI.W3.20170823.FIL",,"2017-08-23T17:48Z","2017-08-23T17:48Z","EcoCore_CSU","Ca",41.1730,"milligramsPerLiter",2.6,,0,"formatChange","GOOD"
"2bf28aec-d405-45fe-917b-b1ce37117588","D02","LEWI","LEWI.AOS.groundwater.well.003","LEWI.W3.20170823.FIL",,"2017-08-23T17:48Z","2017-08-23T17:48Z","EcoCore_CSU","TDN",0.2071,"milligramsPerLiter",2.6,,0,"formatChange","GOOD"
"8aca65ef-fe26-4673-b55a-301263176e8b","D02","LEWI","LEWI.AOS.groundwater.well.003","LEWI.W3.20170823.FIL",,"2017-08-23T17:48Z","2017-08-23T17:48Z","EcoCore_CSU","TDP",0.0078,"milligramsPerLiter",2.6,,0,"formatChange","GOOD"
"46bb01ec-3f62-4335-a32e-1c40edfee1fb","D02","LEWI","LEWI.AOS.groundwater.well.003","LEWI.W3.20170823.RAW",,"2017-08-23T17:48Z","2017-08-23T17:48Z","EcoCore_CSU","TSS - Dry Mass",300.0000,"microgram",2.6,,0,"formatChange","GOOD"
"1cb154c6-10e4-450b-a48a-5de5eaa745ee","D02","LEWI","LEWI.AOS.groundwater.well.003","LEWI.W3.20170823.RAW",,"2017-08-23T17:48Z","2017-08-23T17:48Z","EcoCore_CSU","TN",0.2145,"milligramsPerLiter",2.6,,0,"formatChange","GOOD"
"92d1447c-9d97-4bbd-95d5-311f968e1b32","D02","LEWI","LEWI.AOS.groundwater.well.003","LEWI.W3.20170823.RAW",,"2017-08-23T17:48Z","2017-08-23T17:48Z","EcoCore_CSU","pH",7.7600,"pH",2.6,,0,"formatChange","GOOD"
"dd182204-542d-42e8-8f48-9d39c99fe2e9","D02","LEWI","LEWI.AOS.groundwater.well.003","LEWI.W3.20170823.PCN",,"2017-08-23T17:48Z","2017-08-23T17:48Z","EcoCore_CSU","TPC",0.3511,"milligram",2.6,,0,"formatChange","GOOD"
"5f3b2a0d-110c-45c2-9e48-437e5fd60117","D02","LEWI","LEWI.AOS.groundwater.well.003","LEWI.W3.20170823.FIL",,"2017-08-23T17:48Z","2017-08-23T17:48Z","EcoCore_CSU","NO3+NO2 - N",0.1881,"milligramsPerLiter",2.6,,0,"formatChange","GOOD"
"86355375-1280-43de-961c-45872e2a921a","D02","LEWI","LEWI.AOS.groundwater.well.003","LEWI.W3.20170823.FIL",,"2017-08-23T17:48Z","2017-08-23T17:48Z","EcoCore_CSU","Br",0.0050,"milligramsPerLiter",2.6,,0,"formatChange","GOOD"
"a5438e48-d915-4c5d-b864-95bb9790fdc3","D02","LEWI","LEWI.AOS.groundwater.well.003","LEWI.W3.20170823.FIL",,"2017-08-23T17:48Z","2017-08-23T17:48Z","EcoCore_CSU","K",2.1628,"milligramsPerLiter",2.6,,0,"formatChange","GOOD"
"3584cc45-1d44-4237-b46a-8a4f7cab43e9","D02","LEWI","LEWI.AOS.groundwater.well.003","LEWI.W3.20170823.RAW",,"2017-08-23T17:48Z","2017-08-23T17:48Z","EcoCore_CSU","TSS",6.0000,"milligramsPerLiter",2.6,,0,"formatChange","GOOD"
