uid,domainID,siteID,namedLocation,collectDate,parentSampleID,sampleCondition,sampleID,replicateNumber,gwwDICBubbleFree,gwwFiltSampleHeadspace,gwwAlkSampleHeadspace,gwwAlkSampleBubbleFree,processedDate,processedDateFilters,sampleVolumeFiltered,shipmentTimeRange
"d143233f-c96e-4a99-b3d1-6ab4a8789f3d","D02","LEWI","LEWI.AOS.groundwater.well.001","2017-08-23T14:36Z","LEWI.W1.20170823","Sample condition ok","LEWI.W1.20170823",1,,,,,"2017-08-23T14:36Z","2017-08-23T14:36Z",800.0,
"56286d67-35de-4cd4-9ba2-345235d24667","D02","LEWI","LEWI.AOS.groundwater.well.008","2017-08-23T15:17Z","LEWI.W8.20170823","Sample condition ok","LEWI.W8.20170823",1,,,,,"2017-08-23T15:17Z","2017-08-23T15:17Z",300.0,
"eeb2470c-a589-455e-b1cd-4d5af4bb7235","D02","LEWI","LEWI.AOS.groundwater.well.006","2017-08-23T17:05Z","LEWI.W6.20170823","Sample condition ok","LEWI.W6.20170823",1,,,,,"2017-08-23T17:05Z","2017-08-23T17:05Z",300.0,
"9ae5bb8f-15de-4c89-b429-f2ffc65ff300","D02","LEWI","LEWI.AOS.groundwater.well.003","2017-08-23T17:48Z","LEWI.W3.20170823","Sample condition ok","LEWI.W3.20170823",1,,,,,"2017-08-23T17:48Z","2017-08-23T17:48Z",1000.0,
