uid,domainID,siteID,namedLocation,decimalLatitude,decimalLongitude,coordinateUncertainty,elevation,elevationUncertainty,geodeticDatum,collectDate,aquaticSiteType,samplingImpractical,waterChemSamplesCollected,adequateSampleVol,parentSampleID,eventID,swcSamplingProtocolVersion,sampleExtractionMethod,samplerType,totalWellDepth,wellWaterDepth,waterColumnHeight,sampleDepth,purgeAverageDischargeRate,purgeTime,gwWellStabilized,purgeDryDateTime,pumpPlacementDate,screenedIntervalDepth,maxAllowableDrawdown,actualDrawdown,MADExceeded,wellVolumePurged,probeIDUnavailable,dissolvedOxygen,dissolvedOxygenSaturation,specificConductance,waterTemp,pH,waterClarityDescrip,waterColorDescrip,aCollectedBy,bCollectedBy,remarks
"e91d9678-f7dc-4f04-9f79-bf5efd2597f2","D02","LEWI","LEWI.AOS.groundwater.well.001",39.095597,-77.982949,0.1,128.8,0.1,"WGS84","2017-08-23T14:36Z","stream",,,,"LEWI.W1.20170823","LEWI.20170823","NEON.DOC.002905vD","low-flow","Groundwater Pump",5.5,2.5,3.0,3.5,,,,,,,,,,3.0,,4.56,45.20,550.00,15.60,,"clear","colorless","jcoloso@battelleecology.org","kgeiger@battelleecology.org",
"0c651aac-00d9-4640-b82e-95dd3e78b6cc","D02","LEWI","LEWI.AOS.groundwater.well.008",39.094301,-77.981340,0.1,127.5,0.1,"WGS84","2017-08-23T15:17Z","stream",,,,"LEWI.W8.20170823","LEWI.20170823","NEON.DOC.002905vD","low-flow","Groundwater Pump",5.4,2.6,2.7,3.6,,,,,,,,,,2.2,,0.48,5.10,594.00,17.80,,"clear","colorless","jcoloso@battelleecology.org","kgeiger@battelleecology.org","Purge volume= 3L"
"ef686584-32c7-41f8-ab90-7d72eea6e0f7","D02","LEWI","LEWI.AOS.groundwater.well.006",39.094122,-77.981443,0.1,127.8,0.1,"WGS84","2017-08-23T17:05Z","stream",,,,"LEWI.W6.20170823","LEWI.20170823","NEON.DOC.002905vD","low-flow","Groundwater Pump",6.9,2.8,4.0,3.8,,,,,,,,,,2.2,,2.28,23.70,593.00,17.90,,"clear","colorless","jcoloso@battelleecology.org","kgeiger@battelleecology.org","Purge volume=3 L"
"3522cf6a-4603-4ba7-81f2-c805cb971a29","D02","LEWI","LEWI.AOS.groundwater.well.003",39.094956,-77.982416,0.1,128.0,0.1,"WGS84","2017-08-23T17:48Z","stream",,,,"LEWI.W3.20170823","LEWI.20170823","NEON.DOC.002905vD","low-flow","Groundwater Pump",5.4,2.5,2.9,3.5,,,,,,,,,,2.8,,0.40,4.10,515.00,16.20,,"clear","colorless","jcoloso@battelleecology.org","kgeiger@battelleecology.org","Purge volume= 3L"
