uid,domainID,siteID,namedLocation,decimalLatitude,decimalLongitude,coordinateUncertainty,elevation,elevationUncertainty,geodeticDatum,collectDate,aquaticSiteType,samplingImpractical,waterChemSamplesCollected,adequateSampleVol,parentSampleID,eventID,swcSamplingProtocolVersion,sampleExtractionMethod,samplerType,totalWellDepth,wellWaterDepth,waterColumnHeight,sampleDepth,purgeAverageDischargeRate,purgeTime,gwWellStabilized,purgeDryDateTime,pumpPlacementDate,screenedIntervalDepth,maxAllowableDrawdown,actualDrawdown,MADExceeded,wellVolumePurged,probeIDUnavailable,dissolvedOxygen,dissolvedOxygenSaturation,specificConductance,waterTemp,pH,waterClarityDescrip,waterColorDescrip,aCollectedBy,bCollectedBy,remarks
"a8c53cbd-2f07-4177-987d-554a823592f0","D06","KING","KING.AOS.groundwater.well.006",39.104531,-96.603336,0.1,328.8,0.1,"WGS84","2016-06-28T16:40Z","stream",,,,"KING.W6.20160628","KING.20160628","NEON.DOC.002905vC","low-flow",,,3.7,,4.1,,,,,,,,,,2.0,,4.55,48.80,574.00,17.60,,,,"zbuck@neoninc.org","bdowner@neoninc.org","Actual discharge rate of 450 ml/min| data ingest only allows rate between 0 and 400 ml/min No TPCN until lab is contracted"
"52f80991-2976-4a37-bf58-9bead1e842d9","D06","KING","KING.AOS.groundwater.well.008",39.105096,-96.603080,0.1,328.4,0.1,"WGS84","2016-06-28T20:00Z","stream",,,,"KING.W8.20160628","KING.20160628","NEON.DOC.002905vC","low-flow",,,3.6,,4.8,,,,,,,,,,2.5,,4.19,45.00,625.00,17.90,,,,"zbuck@neoninc.org","bdowner@neoninc.org","Actual discharge rate of 420 ml/min| data ingest only allows rate between 0 and 400 ml/min No TPCN until a lab is contracted"
"0c0bfbee-4337-4e41-8981-392ef516bd87","D06","KING","KING.AOS.groundwater.well.002",39.104936,-96.602639,0.1,329.1,0.1,"WGS84","2016-06-28T21:00Z","stream",,,,"KING.W2.20160628","KING.20160628","NEON.DOC.002905vC","low-flow",,,2.8,,5.0,,,,,,,,,,2.5,,5.20,55.20,641.00,16.40,,,,"zbuck@neoninc.org","bdowner@neoninc.org","no TPCN until a lab is contracted"
"b9254974-65bf-4d6a-81c6-d1f1b4c9946f","D06","KING","KING.AOS.groundwater.well.005",39.105060,-96.602895,0.1,328.8,0.1,"WGS84","2016-06-28T22:00Z","stream",,,,"KING.W5.20160628","KING.20160628","NEON.DOC.002905vC","low-flow",,,3.7,,4.3,,,,,,,,,,2.0,,6.61,70.60,604.00,16.90,,,,"zbuck@neoninc.org","bdowner@neoninc.org","no TPCN until lab contract"
