uid,domainID,siteID,namedLocation,collectDate,titrationDate,parentSampleID,domainSampleID,remarks,measuredBy,alkMeqPerL,alkMgPerL,ancMeqPerL,ancMgPerL
"3f1e529c-64cd-45a0-8c3b-c83db17c8c21","D06","KING","KING.AOS.groundwater.well.006","2016-06-28T16:40Z","2016-06-29T00:00Z","KING.W6.20160628","KING.W6.20160628.ALK",,"zbuck@neoninc.org",6.870,344.000,,
"21fe194e-96b8-4564-849c-0b339f3116a6","D06","KING","KING.AOS.groundwater.well.006","2016-06-28T16:40Z","2016-06-28T21:00Z","KING.W6.20160628","KING.W6.20160628.ANC",,"fbouchard@neoninc.org",,,6.710,336.000
"dd94cc88-6748-4339-9281-d60f935ab87c","D06","KING","KING.AOS.groundwater.well.008","2016-06-28T20:00Z","2016-06-29T12:30Z","KING.W8.20160628","KING.W8.20160628.ANC",,"zbuck@neoninc.org",,,7.390,370.000
"a9557f6f-1133-42e3-b296-cbadef6c587c","D06","KING","KING.AOS.groundwater.well.008","2016-06-28T20:00Z","2016-06-29T12:55Z","KING.W8.20160628","KING.W8.20160628.ALK",,"zbuck@neoninc.org",6.990,350.000,,
"5b115ee5-57be-4d16-985b-711ceed909cd","D06","KING","KING.AOS.groundwater.well.002","2016-06-28T21:00Z","2016-06-29T13:22Z","KING.W2.20160628","KING.W2.20160628.ANC",,"zbuck@neoninc.org",,,7.390,370.000
"905c6752-4da4-4325-ab10-d9653410f69f","D06","KING","KING.AOS.groundwater.well.002","2016-06-28T21:00Z","2016-06-29T13:43Z","KING.W2.20160628","KING.W2.20160628.ALK",,"zbuck@neoninc.org",7.370,369.000,,
"afead1ce-527c-4e7d-97b2-7150f4b83a3f","D06","KING","KING.AOS.groundwater.well.005","2016-06-28T22:00Z","2016-06-29T23:37Z","KING.W5.20160628","KING.W5.20160628.ALK",,"zbuck@neoninc.org",6.770,339.000,,
