uid,domainID,siteID,namedLocation,decimalLatitude,decimalLongitude,coordinateUncertainty,elevation,elevationUncertainty,geodeticDatum,collectDate,aquaticSiteType,samplingImpractical,waterChemSamplesCollected,adequateSampleVol,parentSampleID,eventID,swcSamplingProtocolVersion,sampleExtractionMethod,samplerType,totalWellDepth,wellWaterDepth,waterColumnHeight,sampleDepth,purgeAverageDischargeRate,purgeTime,gwWellStabilized,purgeDryDateTime,pumpPlacementDate,screenedIntervalDepth,maxAllowableDrawdown,actualDrawdown,MADExceeded,wellVolumePurged,probeIDUnavailable,dissolvedOxygen,dissolvedOxygenSaturation,specificConductance,waterTemp,pH,waterClarityDescrip,waterColorDescrip,aCollectedBy,bCollectedBy,remarks
"018ad1c2-21e2-4bf4-ad95-9723fd8d38d9","D05","LIRO","LIRO.AOS.groundwater.well.001",45.994754,-89.707967,2.4,505.9,1.2,"WGS84","2020-05-11T15:30Z","lake","logistical",,"Y","LIRO.W1.20200511","LIRO.20200511","NEON.DOC.002905vG",,"Groundwater Pump",,,,,,,,,,,,,,,,,,,,,,,"0000-0003-1075-1249","0000-0003-1075-1249","COVID19"
"71acbd9a-25bf-4cb5-bebf-7ec9528e42d7","D05","LIRO","LIRO.AOS.groundwater.well.002",45.994405,-89.707149,2.4,501.2,1.2,"WGS84","2020-05-11T15:31Z","lake","logistical",,"Y","LIRO.W2.20200511","LIRO.20200511","NEON.DOC.002905vG",,"Groundwater Pump",,,,,,,,,,,,,,,,,,,,,,,"0000-0003-1075-1249","0000-0003-1075-1249","COVID19"
"dc185ebd-e5b4-446d-a867-54880e0d31ed","D05","LIRO","LIRO.AOS.groundwater.well.004",46.000149,-89.701040,2.4,500.6,1.2,"WGS84","2020-05-11T15:32Z","lake","logistical",,"Y","LIRO.W4.20200511","LIRO.20200511","NEON.DOC.002905vG",,"Groundwater Pump",,,,,,,,,,,,,,,,,,,,,,,"0000-0003-1075-1249","0000-0003-1075-1249","COVID19"
"b92b1a98-603b-42f7-bde1-d4cc03b398af","D05","LIRO","LIRO.AOS.groundwater.well.007",46.001007,-89.705512,2.4,501.3,1.2,"WGS84","2020-05-11T15:33Z","lake","logistical",,"Y","LIRO.W7.20200511","LIRO.20200511","NEON.DOC.002905vG",,"Groundwater Pump",,,,,,,,,,,,,,,,,,,,,,,"0000-0003-1075-1249","0000-0003-1075-1249","COVID19"
