uid,domainID,siteID,namedLocation,collectDate,parentSampleID,sampleCondition,sampleID,replicateNumber,gwwDICBubbleFree,gwwFiltSampleHeadspace,gwwAlkSampleHeadspace,gwwAlkSampleBubbleFree,processedDate,processedDateFilters,sampleVolumeFiltered,shipmentTimeRange
"e3a8475b-3ba7-44d5-a054-e6aa52373eba","D08","MAYF","MAYF.AOS.groundwater.well.001","2017-08-30T15:29Z","MAYF.W1.20170830","Sample condition ok","MAYF.W1.20170830",1,,,,,"2017-08-30T17:15Z","2017-08-30T15:43Z",50.0,
"6e238f85-67e0-4f8a-9793-8b29d5e6be11","D08","MAYF","MAYF.AOS.groundwater.well.003","2017-08-30T17:12Z","MAYF.W3.20170830","Sample condition ok","MAYF.W3.20170830",1,,,,,"2017-08-30T17:30Z","2017-08-30T17:18Z",50.0,
"ebefada3-d84e-4c58-aad6-59eb3e321c2b","D08","MAYF","MAYF.AOS.groundwater.well.006","2017-08-30T18:20Z","MAYF.W6.20170830","Sample condition ok","MAYF.W6.20170830",1,,,,,"2017-08-30T18:20Z","2017-08-30T18:20Z",50.0,
"9b6b2407-a812-44ea-a8d6-0ae577489783","D08","MAYF","MAYF.AOS.groundwater.well.008","2017-08-30T19:08Z","MAYF.W8.20170830","Sample condition ok","MAYF.W8.20170830",1,,,,,"2017-08-30T19:08Z","2017-08-30T19:08Z",50.0,
