uid,domainID,siteID,namedLocation,sampleID,sampleCode,startDate,collectDate,laboratoryName,analyte,analyteConcentration,analyteUnits,coolerTemp,remarks,shipmentWarmQF,externalLabDataQF,sampleCondition
"bb85e29d-3a68-422f-ab5e-0bafb28b7e5e","D08","MAYF","MAYF.AOS.groundwater.well.001","MAYF.W1.20170830.FIL",,"2017-08-30T15:29Z","2017-08-30T15:29Z","EcoCore_CSU","Ca",1.2120,"milligramsPerLiter",5.9,,0,"formatChange","GOOD"
"0d076803-68ce-49e9-adae-a4cf179f680b","D08","MAYF","MAYF.AOS.groundwater.well.001","MAYF.W1.20170830.RAW",,"2017-08-30T15:29Z","2017-08-30T15:29Z","EcoCore_CSU","TP",0.0170,"milligramsPerLiter",5.9,,0,"formatChange","GOOD"
"4b798a81-1776-49c5-8cde-f217045fb1ef","D08","MAYF","MAYF.AOS.groundwater.well.001","MAYF.W1.20170830.RAW",,"2017-08-30T15:29Z","2017-08-30T15:29Z","EcoCore_CSU","conductivity",22.7000,"microsiemensPerCentimeter",5.9,,0,"formatChange","GOOD"
"b93fcb6f-acd3-4c0b-827d-48e35e6e190f","D08","MAYF","MAYF.AOS.groundwater.well.001","MAYF.W1.20170830.FIL",,"2017-08-30T15:29Z","2017-08-30T15:29Z","EcoCore_CSU","DIC",10.0400,"milligramsPerLiter",5.9,,0,"formatChange","GOOD"
"7a091817-12c1-4a74-829f-230f5db1564b","D08","MAYF","MAYF.AOS.groundwater.well.001","MAYF.W1.20170830.FIL",,"2017-08-30T15:29Z","2017-08-30T15:29Z","EcoCore_CSU","Mg",0.7906,"milligramsPerLiter",5.9,,0,"formatChange","GOOD"
"e76c5d06-24a9-4d3d-9948-927fe1f2fb7a","D08","MAYF","MAYF.AOS.groundwater.well.001","MAYF.W1.20170830.FIL",,"2017-08-30T15:29Z","2017-08-30T15:29Z","EcoCore_CSU","SO4",0.8519,"milligramsPerLiter",5.9,,0,"formatChange","GOOD"
"55b552bc-16e8-4cdc-a63b-a77cdef70428","D08","MAYF","MAYF.AOS.groundwater.well.001","MAYF.W1.20170830.RAW",,"2017-08-30T15:29Z","2017-08-30T15:29Z","EcoCore_CSU","TN",0.1075,"milligramsPerLiter",5.9,,0,"formatChange","GOOD"
"4bd661b9-6c1d-4b22-b3ff-1d5747ff2a7f","D08","MAYF","MAYF.AOS.groundwater.well.001","MAYF.W1.20170830.FIL",,"2017-08-30T15:29Z","2017-08-30T15:29Z","EcoCore_CSU","DOC",1.7860,"milligramsPerLiter",5.9,,0,"formatChange","GOOD"
"8486e179-676c-4d52-8369-ac29753d3a29","D08","MAYF","MAYF.AOS.groundwater.well.001","MAYF.W1.20170830.FIL",,"2017-08-30T15:29Z","2017-08-30T15:29Z","EcoCore_CSU","Na",1.4492,"milligramsPerLiter",5.9,,0,"formatChange","GOOD"
"8e8d7ce0-18e6-4a8a-8d08-14eb1783e175","D08","MAYF","MAYF.AOS.groundwater.well.001","MAYF.W1.20170830.RAW",,"2017-08-30T15:29Z","2017-08-30T15:29Z","EcoCore_CSU","TSS",34.0000,"milligramsPerLiter",5.9,,0,"formatChange","GOOD"
"bcddb070-f2ad-41ef-8b84-1ac4246a77c5","D08","MAYF","MAYF.AOS.groundwater.well.001","MAYF.W1.20170830.FIL",,"2017-08-30T15:29Z","2017-08-30T15:29Z","EcoCore_CSU","TDN",0.1076,"milligramsPerLiter",5.9,,0,"formatChange","GOOD"
"3b9d5c76-01fc-4969-ac3d-bad878040ab2","D08","MAYF","MAYF.AOS.groundwater.well.001","MAYF.W1.20170830.FIL",,"2017-08-30T15:29Z","2017-08-30T15:29Z","EcoCore_CSU","TDS",16.1000,"milligramsPerLiter",5.9,,0,"formatChange","GOOD"
"f3d37666-4095-4891-a110-68546a76266a","D08","MAYF","MAYF.AOS.groundwater.well.001","MAYF.W1.20170830.FIL",,"2017-08-30T15:29Z","2017-08-30T15:29Z","EcoCore_CSU","Ortho - P",0.0290,"milligramsPerLiter",5.9,,0,"formatChange","GOOD"
"0ff6d82b-37eb-484d-b914-b7b8580ddef1","D08","MAYF","MAYF.AOS.groundwater.well.001","MAYF.W1.20170830.FIL",,"2017-08-30T15:29Z","2017-08-30T15:29Z","EcoCore_CSU","NH4 - N",0.0625,"milligramsPerLiter",5.9,,0,"formatChange","GOOD"
"5bf7b8ab-6fa6-4c33-8d80-f002e6ef9c81","D08","MAYF","MAYF.AOS.groundwater.well.001","MAYF.W1.20170830.RAW",,"2017-08-30T15:29Z","2017-08-30T15:29Z","EcoCore_CSU","TSS - Dry Mass",1700.0000,"microgram",5.9,,0,"formatChange","GOOD"
"e6408e3e-a95d-4692-b482-638d30601f5e","D08","MAYF","MAYF.AOS.groundwater.well.001","MAYF.W1.20170830.FIL",,"2017-08-30T15:29Z","2017-08-30T15:29Z","EcoCore_CSU","Cl",2.0538,"milligramsPerLiter",5.9,,0,"formatChange","GOOD"
"322f4f48-a872-4c38-8836-f1dc81152d10","D08","MAYF","MAYF.AOS.groundwater.well.001","MAYF.W1.20170830.FIL",,"2017-08-30T15:29Z","2017-08-30T15:29Z","EcoCore_CSU","Mn",0.0266,"milligramsPerLiter",5.9,,0,"formatChange","GOOD"
"d26b4037-a836-422f-8bca-d97126aff1f1","D08","MAYF","MAYF.AOS.groundwater.well.001","MAYF.W1.20170830.RAW",,"2017-08-30T15:29Z","2017-08-30T15:29Z","EcoCore_CSU","pH",5.6000,"pH",5.9,,0,"formatChange","GOOD"
"23c26b37-a159-466b-a3b6-6d52fc44b7e1","D08","MAYF","MAYF.AOS.groundwater.well.001","MAYF.W1.20170830.FIL",,"2017-08-30T15:29Z","2017-08-30T15:29Z","EcoCore_CSU","F",0.0050,"milligramsPerLiter",5.9,,0,"formatChange","GOOD"
"04806b62-162e-470a-8954-1b320e7cb00f","D08","MAYF","MAYF.AOS.groundwater.well.001","MAYF.W1.20170830.RAW",,"2017-08-30T15:29Z","2017-08-30T15:29Z","EcoCore_CSU","TOC",1.2910,"milligramsPerLiter",5.9,,0,"formatChange","GOOD"
"9e08a8d9-05bf-4a11-9ce7-17f3913916b9","D08","MAYF","MAYF.AOS.groundwater.well.001","MAYF.W1.20170830.PCN",,"2017-08-30T15:29Z","2017-08-30T15:29Z","EcoCore_CSU","TPC",0.3501,"milligram",5.9,,0,"formatChange","GOOD"
"6edb586c-3ed9-4210-bf5e-65a860b2c986","D08","MAYF","MAYF.AOS.groundwater.well.001","MAYF.W1.20170830.FIL",,"2017-08-30T15:29Z","2017-08-30T15:29Z","EcoCore_CSU","HCO3",9.9100,"milligramsPerLiter",5.9,,0,"formatChange","GOOD"
"2a9fb08c-792a-4e2f-805b-f3e28e3cac9f","D08","MAYF","MAYF.AOS.groundwater.well.001","MAYF.W1.20170830.FIL",,"2017-08-30T15:29Z","2017-08-30T15:29Z","EcoCore_CSU","K",1.9335,"milligramsPerLiter",5.9,,0,"formatChange","GOOD"
"e67cdd93-2ba1-4981-bd1c-4e9229cb6722","D08","MAYF","MAYF.AOS.groundwater.well.001","MAYF.W1.20170830.FIL",,"2017-08-30T15:29Z","2017-08-30T15:29Z","EcoCore_CSU","TDP",0.0155,"milligramsPerLiter",5.9,,0,"formatChange","GOOD"
"835749d9-4739-44b5-9140-92a805c2db52","D08","MAYF","MAYF.AOS.groundwater.well.001","MAYF.W1.20170830.FIL",,"2017-08-30T15:29Z","2017-08-30T15:29Z","EcoCore_CSU","Br",0.0050,"milligramsPerLiter",5.9,,0,"formatChange","GOOD"
"b3ad1e6b-bd58-456b-bd12-f6f6dbdd878f","D08","MAYF","MAYF.AOS.groundwater.well.001","MAYF.W1.20170830.FIL",,"2017-08-30T15:29Z","2017-08-30T15:29Z","EcoCore_CSU","NO3+NO2 - N",0.0319,"milligramsPerLiter",5.9,,0,"formatChange","GOOD"
"4f31eb32-fce1-46a0-9600-fb5f2e90e916","D08","MAYF","MAYF.AOS.groundwater.well.001","MAYF.W1.20170830.PCN",,"2017-08-30T15:29Z","2017-08-30T15:29Z","EcoCore_CSU","TPN",0.0790,"milligram",5.9,,0,"formatChange","GOOD"
"0c8c05d3-33e9-43a1-846b-421c9e5fe4eb","D08","MAYF","MAYF.AOS.groundwater.well.001","MAYF.W1.20170830.FIL",,"2017-08-30T15:29Z","2017-08-30T15:29Z","EcoCore_CSU","Fe",1.7263,"milligramsPerLiter",5.9,,0,"formatChange","GOOD"
"43ab27f2-f549-438a-afdd-6732bc3b1056","D08","MAYF","MAYF.AOS.groundwater.well.001","MAYF.W1.20170830.FIL",,"2017-08-30T15:29Z","2017-08-30T15:29Z","EcoCore_CSU","NO2 - N",0.0037,"milligramsPerLiter",5.9,,0,"formatChange","GOOD"
"85fae82c-0e63-4ba2-9a4f-1abbfa9e0de2","D08","MAYF","MAYF.AOS.groundwater.well.001","MAYF.W1.20170830.FIL",,"2017-08-30T15:29Z","2017-08-30T15:29Z","EcoCore_CSU","UV Absorbance (280 nm)",0.0989,,5.9,,0,"formatChange","GOOD"
"6aa22c07-78e5-470f-aac7-3f1f238e11c3","D08","MAYF","MAYF.AOS.groundwater.well.001","MAYF.W1.20170830.FIL",,"2017-08-30T15:29Z","2017-08-30T15:29Z","EcoCore_CSU","CO3",0.0000,"milligramsPerLiter",5.9,,0,"formatChange","GOOD"
"6352e81c-021a-458c-8c07-0455d167d224","D08","MAYF","MAYF.AOS.groundwater.well.001","MAYF.W1.20170830.RAW",,"2017-08-30T15:29Z","2017-08-30T15:29Z","EcoCore_CSU","ANC",0.1740,"milliequivalentsPerLiter",5.9,,0,"formatChange","GOOD"
"3544e21b-b42a-4b94-83fd-3948be95cbad","D08","MAYF","MAYF.AOS.groundwater.well.001","MAYF.W1.20170830.FIL",,"2017-08-30T15:29Z","2017-08-30T15:29Z","EcoCore_CSU","UV Absorbance (250 nm)",0.1340,,5.9,,0,"formatChange","GOOD"
"827a80be-50a2-4844-90c2-4b9e8d73029b","D08","MAYF","MAYF.AOS.groundwater.well.001","MAYF.W1.20170830.FIL",,"2017-08-30T15:29Z","2017-08-30T15:29Z","EcoCore_CSU","Si",2.5386,"milligramsPerLiter",5.9,,0,"formatChange","GOOD"
"7b65c97c-259b-44f3-9a4c-dcb2a96525ae","D08","MAYF","MAYF.AOS.groundwater.well.003","MAYF.W3.20170830.RAW",,"2017-08-30T17:12Z","2017-08-30T17:12Z","EcoCore_CSU","TP",0.0210,"milligramsPerLiter",5.9,,0,"formatChange","GOOD"
"ac7bb361-9a02-45de-9788-c67dc5db919f","D08","MAYF","MAYF.AOS.groundwater.well.003","MAYF.W3.20170830.FIL",,"2017-08-30T17:12Z","2017-08-30T17:12Z","EcoCore_CSU","UV Absorbance (280 nm)",0.0112,,5.9,,0,"formatChange","GOOD"
"742219d4-67e1-45a7-84c8-222f458ab919","D08","MAYF","MAYF.AOS.groundwater.well.003","MAYF.W3.20170830.FIL",,"2017-08-30T17:12Z","2017-08-30T17:12Z","EcoCore_CSU","HCO3",13.7500,"milligramsPerLiter",5.9,,0,"formatChange","GOOD"
"af7e8599-4251-4f64-8e78-7934b96adea9","D08","MAYF","MAYF.AOS.groundwater.well.003","MAYF.W3.20170830.FIL",,"2017-08-30T17:12Z","2017-08-30T17:12Z","EcoCore_CSU","Ca",1.6571,"milligramsPerLiter",5.9,,0,"formatChange","GOOD"
"e4233018-c7a2-46bc-862f-b0906ae358d9","D08","MAYF","MAYF.AOS.groundwater.well.003","MAYF.W3.20170830.RAW",,"2017-08-30T17:12Z","2017-08-30T17:12Z","EcoCore_CSU","TOC",1.4660,"milligramsPerLiter",5.9,,0,"formatChange","GOOD"
"728d91b1-b80d-4065-a31a-49e01f13b839","D08","MAYF","MAYF.AOS.groundwater.well.003","MAYF.W3.20170830.FIL",,"2017-08-30T17:12Z","2017-08-30T17:12Z","EcoCore_CSU","DIC",5.4690,"milligramsPerLiter",5.9,,0,"formatChange","GOOD"
"d455573b-82c8-4e54-87c8-92ba35ba3918","D08","MAYF","MAYF.AOS.groundwater.well.003","MAYF.W3.20170830.RAW",,"2017-08-30T17:12Z","2017-08-30T17:12Z","EcoCore_CSU","conductivity",28.4000,"microsiemensPerCentimeter",5.9,,0,"formatChange","GOOD"
"169d2dd3-d5f5-46ea-bee5-7f8f0ea1d93f","D08","MAYF","MAYF.AOS.groundwater.well.003","MAYF.W3.20170830.FIL",,"2017-08-30T17:12Z","2017-08-30T17:12Z","EcoCore_CSU","Mn",0.0076,"milligramsPerLiter",5.9,,0,"formatChange","GOOD"
"9ecd7b6a-4449-4fcb-9f6c-16253cef6105","D08","MAYF","MAYF.AOS.groundwater.well.003","MAYF.W3.20170830.FIL",,"2017-08-30T17:12Z","2017-08-30T17:12Z","EcoCore_CSU","F",0.0050,"milligramsPerLiter",5.9,,0,"formatChange","GOOD"
"e0f7e297-8f77-44b0-a0fe-ad7a572c9fb7","D08","MAYF","MAYF.AOS.groundwater.well.003","MAYF.W3.20170830.FIL",,"2017-08-30T17:12Z","2017-08-30T17:12Z","EcoCore_CSU","Fe",0.0174,"milligramsPerLiter",5.9,,0,"formatChange","GOOD"
"110b7de7-b731-40e6-b43f-b738d846b338","D08","MAYF","MAYF.AOS.groundwater.well.003","MAYF.W3.20170830.FIL",,"2017-08-30T17:12Z","2017-08-30T17:12Z","EcoCore_CSU","Na",1.1719,"milligramsPerLiter",5.9,,0,"formatChange","GOOD"
"2c54fe66-4b4c-43ae-8d4e-8480a445ef04","D08","MAYF","MAYF.AOS.groundwater.well.003","MAYF.W3.20170830.RAW",,"2017-08-30T17:12Z","2017-08-30T17:12Z","EcoCore_CSU","TN",0.1339,"milligramsPerLiter",5.9,,0,"formatChange","GOOD"
"8d886489-b46e-4c45-9219-3702cb71e79e","D08","MAYF","MAYF.AOS.groundwater.well.003","MAYF.W3.20170830.RAW",,"2017-08-30T17:12Z","2017-08-30T17:12Z","EcoCore_CSU","pH",5.9600,"pH",5.9,,0,"formatChange","GOOD"
"dc59c281-1742-4244-a6ba-79b97682a392","D08","MAYF","MAYF.AOS.groundwater.well.003","MAYF.W3.20170830.RAW",,"2017-08-30T17:12Z","2017-08-30T17:12Z","EcoCore_CSU","TSS - Dry Mass",1500.0000,"microgram",5.9,,0,"formatChange","GOOD"
"befa91f3-391b-4139-8c4a-0ddc9aa3a596","D08","MAYF","MAYF.AOS.groundwater.well.003","MAYF.W3.20170830.PCN",,"2017-08-30T17:12Z","2017-08-30T17:12Z","EcoCore_CSU","TPN",0.0262,"milligram",5.9,,0,"formatChange","GOOD"
"7ba8011c-2d3e-4297-9fd6-2f6edff25eb2","D08","MAYF","MAYF.AOS.groundwater.well.003","MAYF.W3.20170830.FIL",,"2017-08-30T17:12Z","2017-08-30T17:12Z","EcoCore_CSU","Si",2.8981,"milligramsPerLiter",5.9,,0,"formatChange","GOOD"
"c16da6ef-3e9b-440e-80cf-edb95062c8cd","D08","MAYF","MAYF.AOS.groundwater.well.003","MAYF.W3.20170830.FIL",,"2017-08-30T17:12Z","2017-08-30T17:12Z","EcoCore_CSU","Mg",0.8774,"milligramsPerLiter",5.9,,0,"formatChange","GOOD"
"b228831e-18c8-4d91-8264-72a61088815b","D08","MAYF","MAYF.AOS.groundwater.well.003","MAYF.W3.20170830.FIL",,"2017-08-30T17:12Z","2017-08-30T17:12Z","EcoCore_CSU","Cl",1.3984,"milligramsPerLiter",5.9,,0,"formatChange","GOOD"
"bed76a1a-d3c6-45f5-83b3-c3670da4e2f7","D08","MAYF","MAYF.AOS.groundwater.well.003","MAYF.W3.20170830.FIL",,"2017-08-30T17:12Z","2017-08-30T17:12Z","EcoCore_CSU","CO3",0.0000,"milligramsPerLiter",5.9,,0,"formatChange","GOOD"
"72cb19ab-9160-4f0d-9517-27428aa1b66b","D08","MAYF","MAYF.AOS.groundwater.well.003","MAYF.W3.20170830.FIL",,"2017-08-30T17:12Z","2017-08-30T17:12Z","EcoCore_CSU","SO4",1.4953,"milligramsPerLiter",5.9,,0,"formatChange","GOOD"
"db00714f-b5b5-4a93-b5fb-46ae52378f9c","D08","MAYF","MAYF.AOS.groundwater.well.003","MAYF.W3.20170830.FIL",,"2017-08-30T17:12Z","2017-08-30T17:12Z","EcoCore_CSU","Br",0.0050,"milligramsPerLiter",5.9,,0,"formatChange","GOOD"
"8872cc27-eda5-4ba0-85fd-fc468cbf9ecf","D08","MAYF","MAYF.AOS.groundwater.well.003","MAYF.W3.20170830.FIL",,"2017-08-30T17:12Z","2017-08-30T17:12Z","EcoCore_CSU","NO3+NO2 - N",0.0479,"milligramsPerLiter",5.9,,0,"formatChange","GOOD"
"b518ab82-3d65-4c24-81ba-f6aa06552d0a","D08","MAYF","MAYF.AOS.groundwater.well.003","MAYF.W3.20170830.FIL",,"2017-08-30T17:12Z","2017-08-30T17:12Z","EcoCore_CSU","UV Absorbance (250 nm)",0.0156,,5.9,,0,"formatChange","GOOD"
"6532136d-84a2-4c43-82eb-f0c28e016077","D08","MAYF","MAYF.AOS.groundwater.well.003","MAYF.W3.20170830.FIL",,"2017-08-30T17:12Z","2017-08-30T17:12Z","EcoCore_CSU","Ortho - P",0.0290,"milligramsPerLiter",5.9,,0,"formatChange","GOOD"
"27479ac1-d111-4578-9530-17cdacbac2b9","D08","MAYF","MAYF.AOS.groundwater.well.003","MAYF.W3.20170830.PCN",,"2017-08-30T17:12Z","2017-08-30T17:12Z","EcoCore_CSU","TPC",0.3217,"milligram",5.9,,0,"formatChange","GOOD"
"6060803a-9348-4442-bdb4-47241155d6dd","D08","MAYF","MAYF.AOS.groundwater.well.003","MAYF.W3.20170830.FIL",,"2017-08-30T17:12Z","2017-08-30T17:12Z","EcoCore_CSU","K",3.4834,"milligramsPerLiter",5.9,,0,"formatChange","GOOD"
"2f32726e-95d3-4d81-b28d-0e924f0085bc","D08","MAYF","MAYF.AOS.groundwater.well.003","MAYF.W3.20170830.FIL",,"2017-08-30T17:12Z","2017-08-30T17:12Z","EcoCore_CSU","TDN",0.0581,"milligramsPerLiter",5.9,,0,"formatChange","GOOD"
"7f8ae812-bdb1-4d52-ae4e-1830e6147ae1","D08","MAYF","MAYF.AOS.groundwater.well.003","MAYF.W3.20170830.RAW",,"2017-08-30T17:12Z","2017-08-30T17:12Z","EcoCore_CSU","ANC",0.2340,"milliequivalentsPerLiter",5.9,,0,"formatChange","GOOD"
"dc86e33a-1001-49b5-a0c3-9dbc3d3508dc","D08","MAYF","MAYF.AOS.groundwater.well.003","MAYF.W3.20170830.FIL",,"2017-08-30T17:12Z","2017-08-30T17:12Z","EcoCore_CSU","NO2 - N",0.0040,"milligramsPerLiter",5.9,,0,"formatChange","GOOD"
"38973b0f-130f-4da0-80b3-3ef6d2c5c18c","D08","MAYF","MAYF.AOS.groundwater.well.003","MAYF.W3.20170830.FIL",,"2017-08-30T17:12Z","2017-08-30T17:12Z","EcoCore_CSU","NH4 - N",0.0751,"milligramsPerLiter",5.9,,0,"formatChange","GOOD"
"6901f771-dcff-4f57-ac22-b53400744933","D08","MAYF","MAYF.AOS.groundwater.well.003","MAYF.W3.20170830.FIL",,"2017-08-30T17:12Z","2017-08-30T17:12Z","EcoCore_CSU","DOC",0.3120,"milligramsPerLiter",5.9,,0,"formatChange","GOOD"
"8ac859f0-2afc-473f-b7c0-0895acbdc71d","D08","MAYF","MAYF.AOS.groundwater.well.003","MAYF.W3.20170830.FIL",,"2017-08-30T17:12Z","2017-08-30T17:12Z","EcoCore_CSU","TDP",0.0170,"milligramsPerLiter",5.9,,0,"formatChange","GOOD"
"1ebcb7fc-4982-4165-91cb-cf197110079b","D08","MAYF","MAYF.AOS.groundwater.well.003","MAYF.W3.20170830.RAW",,"2017-08-30T17:12Z","2017-08-30T17:12Z","EcoCore_CSU","TSS",30.0000,"milligramsPerLiter",5.9,,0,"formatChange","GOOD"
"7c50cffa-ef4f-472d-888f-f71a8b0deb8f","D08","MAYF","MAYF.AOS.groundwater.well.003","MAYF.W3.20170830.FIL",,"2017-08-30T17:12Z","2017-08-30T17:12Z","EcoCore_CSU","TDS",20.1000,"milligramsPerLiter",5.9,,0,"formatChange","GOOD"
"e26fb9a3-5f6b-4e21-bb81-76fd8f117b42","D08","MAYF","MAYF.AOS.groundwater.well.006","MAYF.W6.20170830.RAW",,"2017-08-30T18:20Z","2017-08-30T18:20Z","EcoCore_CSU","pH",5.4800,"pH",6.2,,1,"formatChange","GOOD"
"81a9f327-1491-4322-aa6a-6f50f534560f","D08","MAYF","MAYF.AOS.groundwater.well.006","MAYF.W6.20170830.FIL",,"2017-08-30T18:20Z","2017-08-30T18:20Z","EcoCore_CSU","Si",1.5152,"milligramsPerLiter",6.2,,1,"formatChange","GOOD"
"177d1b6d-8da3-4e60-8684-ccee8ecc451f","D08","MAYF","MAYF.AOS.groundwater.well.006","MAYF.W6.20170830.FIL",,"2017-08-30T18:20Z","2017-08-30T18:20Z","EcoCore_CSU","UV Absorbance (280 nm)",0.1404,,6.2,,1,"formatChange","GOOD"
"15bc5948-d13e-4ce1-bb88-4349fff17e73","D08","MAYF","MAYF.AOS.groundwater.well.006","MAYF.W6.20170830.RAW",,"2017-08-30T18:20Z","2017-08-30T18:20Z","EcoCore_CSU","ANC",0.0920,"milliequivalentsPerLiter",6.2,,1,"formatChange","GOOD"
"73eaf268-b2bc-4523-8f23-a3e8fcf612b0","D08","MAYF","MAYF.AOS.groundwater.well.006","MAYF.W6.20170830.FIL",,"2017-08-30T18:20Z","2017-08-30T18:20Z","EcoCore_CSU","NO3+NO2 - N",0.0313,"milligramsPerLiter",6.2,,1,"formatChange","GOOD"
"1870bc2a-c256-41bf-9988-705717b73694","D08","MAYF","MAYF.AOS.groundwater.well.006","MAYF.W6.20170830.FIL",,"2017-08-30T18:20Z","2017-08-30T18:20Z","EcoCore_CSU","Fe",0.0303,"milligramsPerLiter",6.2,,1,"formatChange","GOOD"
"ba76568d-89dd-4431-bcc7-c14838381e3f","D08","MAYF","MAYF.AOS.groundwater.well.006","MAYF.W6.20170830.FIL",,"2017-08-30T18:20Z","2017-08-30T18:20Z","EcoCore_CSU","SO4",1.5842,"milligramsPerLiter",6.2,,1,"formatChange","GOOD"
"1fec4817-701d-417b-a31d-93c3f1e66a27","D08","MAYF","MAYF.AOS.groundwater.well.006","MAYF.W6.20170830.FIL",,"2017-08-30T18:20Z","2017-08-30T18:20Z","EcoCore_CSU","TDP",0.0785,"milligramsPerLiter",6.2,,1,"formatChange","GOOD"
"2234f951-b285-4e5d-8a38-f70f66af700d","D08","MAYF","MAYF.AOS.groundwater.well.006","MAYF.W6.20170830.FIL",,"2017-08-30T18:20Z","2017-08-30T18:20Z","EcoCore_CSU","NH4 - N",0.0899,"milligramsPerLiter",6.2,,1,"formatChange","GOOD"
"4c0d8de8-5fd0-4b3d-87aa-67fae6fa9b59","D08","MAYF","MAYF.AOS.groundwater.well.006","MAYF.W6.20170830.FIL",,"2017-08-30T18:20Z","2017-08-30T18:20Z","EcoCore_CSU","TDN",0.0820,"milligramsPerLiter",6.2,,1,"formatChange","GOOD"
"93025a19-efb4-4d31-8c51-78a86abf4493","D08","MAYF","MAYF.AOS.groundwater.well.006","MAYF.W6.20170830.FIL",,"2017-08-30T18:20Z","2017-08-30T18:20Z","EcoCore_CSU","Br",0.0050,"milligramsPerLiter",6.2,,1,"formatChange","GOOD"
"ca90df7b-0458-4078-8699-0988851a52e4","D08","MAYF","MAYF.AOS.groundwater.well.006","MAYF.W6.20170830.FIL",,"2017-08-30T18:20Z","2017-08-30T18:20Z","EcoCore_CSU","Ortho - P",0.0390,"milligramsPerLiter",6.2,,1,"formatChange","GOOD"
"e4402a09-7192-46f2-bb73-85fc5f82922c","D08","MAYF","MAYF.AOS.groundwater.well.006","MAYF.W6.20170830.PCN",,"2017-08-30T18:20Z","2017-08-30T18:20Z","EcoCore_CSU","TPC",0.4630,"milligram",6.2,,1,"formatChange","GOOD"
"093add65-ebd8-45b2-ac35-4f1654a5fd94","D08","MAYF","MAYF.AOS.groundwater.well.006","MAYF.W6.20170830.RAW",,"2017-08-30T18:20Z","2017-08-30T18:20Z","EcoCore_CSU","TOC",0.8433,"milligramsPerLiter",6.2,,1,"formatChange","GOOD"
"724be665-529f-49d9-9282-f4bf10d929fb","D08","MAYF","MAYF.AOS.groundwater.well.006","MAYF.W6.20170830.RAW",,"2017-08-30T18:20Z","2017-08-30T18:20Z","EcoCore_CSU","TSS",794.0000,"milligramsPerLiter",6.2,,1,"formatChange","GOOD"
"85d16b5e-17fd-4579-b3d0-1767a5dd30c5","D08","MAYF","MAYF.AOS.groundwater.well.006","MAYF.W6.20170830.FIL",,"2017-08-30T18:20Z","2017-08-30T18:20Z","EcoCore_CSU","Mg",0.8390,"milligramsPerLiter",6.2,,1,"formatChange","GOOD"
"a6b89ea9-6650-4431-9648-1605b74de7ab","D08","MAYF","MAYF.AOS.groundwater.well.006","MAYF.W6.20170830.FIL",,"2017-08-30T18:20Z","2017-08-30T18:20Z","EcoCore_CSU","UV Absorbance (250 nm)",0.1573,,6.2,,1,"formatChange","GOOD"
"370e5001-4318-40ad-947d-b01105a33c3b","D08","MAYF","MAYF.AOS.groundwater.well.006","MAYF.W6.20170830.FIL",,"2017-08-30T18:20Z","2017-08-30T18:20Z","EcoCore_CSU","NO2 - N",0.0085,"milligramsPerLiter",6.2,,1,"formatChange","GOOD"
"4ab27fc3-887f-48c3-a3c9-ca01826b889c","D08","MAYF","MAYF.AOS.groundwater.well.006","MAYF.W6.20170830.FIL",,"2017-08-30T18:20Z","2017-08-30T18:20Z","EcoCore_CSU","Cl",1.8193,"milligramsPerLiter",6.2,,1,"formatChange","GOOD"
"737b06f8-85bb-425a-8b6c-14e7e9130023","D08","MAYF","MAYF.AOS.groundwater.well.006","MAYF.W6.20170830.RAW",,"2017-08-30T18:20Z","2017-08-30T18:20Z","EcoCore_CSU","TP",0.1690,"milligramsPerLiter",6.2,,1,"formatChange","GOOD"
"f5f99322-3560-4235-9985-b4631269926b","D08","MAYF","MAYF.AOS.groundwater.well.006","MAYF.W6.20170830.PCN",,"2017-08-30T18:20Z","2017-08-30T18:20Z","EcoCore_CSU","TPN",0.0936,"milligram",6.2,,1,"formatChange","GOOD"
"7ec49f0a-6b73-441a-a54a-7f8d363f84de","D08","MAYF","MAYF.AOS.groundwater.well.006","MAYF.W6.20170830.FIL",,"2017-08-30T18:20Z","2017-08-30T18:20Z","EcoCore_CSU","Mn",0.3549,"milligramsPerLiter",6.2,,1,"formatChange","GOOD"
"ee00fb7a-b53b-4fa6-a8ae-8dac348e2dca","D08","MAYF","MAYF.AOS.groundwater.well.006","MAYF.W6.20170830.RAW",,"2017-08-30T18:20Z","2017-08-30T18:20Z","EcoCore_CSU","TN",0.1024,"milligramsPerLiter",6.2,,1,"formatChange","GOOD"
"2d25868a-252f-4268-bd15-8be446558cd7","D08","MAYF","MAYF.AOS.groundwater.well.006","MAYF.W6.20170830.FIL",,"2017-08-30T18:20Z","2017-08-30T18:20Z","EcoCore_CSU","TDS",13.8000,"milligramsPerLiter",6.2,,1,"formatChange","GOOD"
"bb697f62-38cf-450d-8929-5e2828b4b971","D08","MAYF","MAYF.AOS.groundwater.well.006","MAYF.W6.20170830.FIL",,"2017-08-30T18:20Z","2017-08-30T18:20Z","EcoCore_CSU","DIC",5.6980,"milligramsPerLiter",6.2,,1,"formatChange","GOOD"
"42cdc694-e498-4cb1-a39a-842138cb2f21","D08","MAYF","MAYF.AOS.groundwater.well.006","MAYF.W6.20170830.FIL",,"2017-08-30T18:20Z","2017-08-30T18:20Z","EcoCore_CSU","Ca",0.8849,"milligramsPerLiter",6.2,,1,"formatChange","GOOD"
"a54f4983-c790-495b-af14-212583a5caa7","D08","MAYF","MAYF.AOS.groundwater.well.006","MAYF.W6.20170830.FIL",,"2017-08-30T18:20Z","2017-08-30T18:20Z","EcoCore_CSU","F",0.0050,"milligramsPerLiter",6.2,,1,"formatChange","GOOD"
"479f9210-8ba0-48bd-9629-d4da4950bcf6","D08","MAYF","MAYF.AOS.groundwater.well.006","MAYF.W6.20170830.FIL",,"2017-08-30T18:20Z","2017-08-30T18:20Z","EcoCore_CSU","CO3",0.0000,"milligramsPerLiter",6.2,,1,"formatChange","GOOD"
"4211ca5b-5128-4f07-99cb-acc7d25fea80","D08","MAYF","MAYF.AOS.groundwater.well.006","MAYF.W6.20170830.FIL",,"2017-08-30T18:20Z","2017-08-30T18:20Z","EcoCore_CSU","HCO3",5.3800,"milligramsPerLiter",6.2,,1,"formatChange","GOOD"
"ed44ef39-675e-4c86-98ec-9bb1466ea1d2","D08","MAYF","MAYF.AOS.groundwater.well.006","MAYF.W6.20170830.FIL",,"2017-08-30T18:20Z","2017-08-30T18:20Z","EcoCore_CSU","Na",1.0829,"milligramsPerLiter",6.2,,1,"formatChange","GOOD"
"1e11cf1f-59e3-4d08-b248-818330b5d9cb","D08","MAYF","MAYF.AOS.groundwater.well.006","MAYF.W6.20170830.FIL",,"2017-08-30T18:20Z","2017-08-30T18:20Z","EcoCore_CSU","K",0.4174,"milligramsPerLiter",6.2,,1,"formatChange","GOOD"
"02fa5787-b0b8-498c-83f2-be9328b466e8","D08","MAYF","MAYF.AOS.groundwater.well.006","MAYF.W6.20170830.RAW",,"2017-08-30T18:20Z","2017-08-30T18:20Z","EcoCore_CSU","conductivity",18.7000,"microsiemensPerCentimeter",6.2,,1,"formatChange","GOOD"
"3e4f70d0-dc84-492b-8882-aa50c0d8f404","D08","MAYF","MAYF.AOS.groundwater.well.006","MAYF.W6.20170830.FIL",,"2017-08-30T18:20Z","2017-08-30T18:20Z","EcoCore_CSU","DOC",0.7234,"milligramsPerLiter",6.2,,1,"formatChange","GOOD"
"1f2b2620-9475-4e09-ad0c-df81bea6b978","D08","MAYF","MAYF.AOS.groundwater.well.006","MAYF.W6.20170830.RAW",,"2017-08-30T18:20Z","2017-08-30T18:20Z","EcoCore_CSU","TSS - Dry Mass",39700.0000,"microgram",6.2,,1,"formatChange","GOOD"
"589d147a-853d-4961-a431-ce6472e6da7f","D08","MAYF","MAYF.AOS.groundwater.well.008","MAYF.W8.20170830.FIL",,"2017-08-30T19:08Z","2017-08-30T19:08Z","EcoCore_CSU","K",0.2245,"milligramsPerLiter",6.2,,1,"formatChange","GOOD"
"5b9ca034-e176-4e2a-a7e2-c47ef6e16b82","D08","MAYF","MAYF.AOS.groundwater.well.008","MAYF.W8.20170830.FIL",,"2017-08-30T19:08Z","2017-08-30T19:08Z","EcoCore_CSU","Ortho - P",0.0310,"milligramsPerLiter",6.2,,1,"formatChange","GOOD"
"0c432201-4111-4cd3-850d-93219a4e2e3e","D08","MAYF","MAYF.AOS.groundwater.well.008","MAYF.W8.20170830.RAW",,"2017-08-30T19:08Z","2017-08-30T19:08Z","EcoCore_CSU","TP",0.0310,"milligramsPerLiter",6.2,,1,"formatChange","GOOD"
"f7970394-5670-4d52-b783-fef3ca9ca669","D08","MAYF","MAYF.AOS.groundwater.well.008","MAYF.W8.20170830.FIL",,"2017-08-30T19:08Z","2017-08-30T19:08Z","EcoCore_CSU","SO4",2.4216,"milligramsPerLiter",6.2,,1,"formatChange","GOOD"
"685ac921-8a8a-4bbc-be51-c014abf36364","D08","MAYF","MAYF.AOS.groundwater.well.008","MAYF.W8.20170830.FIL",,"2017-08-30T19:08Z","2017-08-30T19:08Z","EcoCore_CSU","HCO3",4.0100,"milligramsPerLiter",6.2,,1,"formatChange","GOOD"
"8d9c83b4-6db7-4eea-a54b-14864a712e1e","D08","MAYF","MAYF.AOS.groundwater.well.008","MAYF.W8.20170830.FIL",,"2017-08-30T19:08Z","2017-08-30T19:08Z","EcoCore_CSU","Mg",0.8166,"milligramsPerLiter",6.2,,1,"formatChange","GOOD"
"b5dd354a-2007-417e-93a6-7e0f868191f8","D08","MAYF","MAYF.AOS.groundwater.well.008","MAYF.W8.20170830.FIL",,"2017-08-30T19:08Z","2017-08-30T19:08Z","EcoCore_CSU","F",0.0050,"milligramsPerLiter",6.2,,1,"formatChange","GOOD"
"817dea84-5d91-44b2-9869-7bc410bfe216","D08","MAYF","MAYF.AOS.groundwater.well.008","MAYF.W8.20170830.PCN",,"2017-08-30T19:08Z","2017-08-30T19:08Z","EcoCore_CSU","TPN",0.0654,"milligram",6.2,,1,"formatChange","GOOD"
"d51039a8-8238-4248-8c68-30a0d47bddfc","D08","MAYF","MAYF.AOS.groundwater.well.008","MAYF.W8.20170830.FIL",,"2017-08-30T19:08Z","2017-08-30T19:08Z","EcoCore_CSU","UV Absorbance (280 nm)",0.0767,,6.2,,1,"formatChange","GOOD"
"f650a145-9eda-42d6-b5d8-bb9c0e70032f","D08","MAYF","MAYF.AOS.groundwater.well.008","MAYF.W8.20170830.RAW",,"2017-08-30T19:08Z","2017-08-30T19:08Z","EcoCore_CSU","ANC",0.0790,"milliequivalentsPerLiter",6.2,,1,"formatChange","GOOD"
"2fda2579-179b-4f0e-bd21-db82ca7b3f80","D08","MAYF","MAYF.AOS.groundwater.well.008","MAYF.W8.20170830.FIL",,"2017-08-30T19:08Z","2017-08-30T19:08Z","EcoCore_CSU","Na",1.1818,"milligramsPerLiter",6.2,,1,"formatChange","GOOD"
"75430f2c-4f93-42d3-94da-68f264e3ba42","D08","MAYF","MAYF.AOS.groundwater.well.008","MAYF.W8.20170830.RAW",,"2017-08-30T19:08Z","2017-08-30T19:08Z","EcoCore_CSU","pH",5.0500,"pH",6.2,,1,"formatChange","GOOD"
"d9af6f60-cf60-49b5-bbe9-5d9c014e477e","D08","MAYF","MAYF.AOS.groundwater.well.008","MAYF.W8.20170830.FIL",,"2017-08-30T19:08Z","2017-08-30T19:08Z","EcoCore_CSU","TDP",0.0278,"milligramsPerLiter",6.2,,1,"formatChange","GOOD"
"3f85823a-f49b-4768-a2e4-0b5bf39c728b","D08","MAYF","MAYF.AOS.groundwater.well.008","MAYF.W8.20170830.RAW",,"2017-08-30T19:08Z","2017-08-30T19:08Z","EcoCore_CSU","TN",0.1066,"milligramsPerLiter",6.2,,1,"formatChange","GOOD"
"1f97ac25-22eb-4350-b76d-4d94a4e57f11","D08","MAYF","MAYF.AOS.groundwater.well.008","MAYF.W8.20170830.FIL",,"2017-08-30T19:08Z","2017-08-30T19:08Z","EcoCore_CSU","NO2 - N",0.0047,"milligramsPerLiter",6.2,,1,"formatChange","GOOD"
"5de67b60-33ea-4934-badf-e7c14f02fff4","D08","MAYF","MAYF.AOS.groundwater.well.008","MAYF.W8.20170830.FIL",,"2017-08-30T19:08Z","2017-08-30T19:08Z","EcoCore_CSU","NO3+NO2 - N",0.0222,"milligramsPerLiter",6.2,,1,"formatChange","GOOD"
"8d9af81e-ee6a-4ba9-bc7a-7ad246aefdcb","D08","MAYF","MAYF.AOS.groundwater.well.008","MAYF.W8.20170830.FIL",,"2017-08-30T19:08Z","2017-08-30T19:08Z","EcoCore_CSU","UV Absorbance (250 nm)",0.0972,,6.2,,1,"formatChange","GOOD"
"853e51b6-cf18-4abd-b77f-d591eafe9f0a","D08","MAYF","MAYF.AOS.groundwater.well.008","MAYF.W8.20170830.FIL",,"2017-08-30T19:08Z","2017-08-30T19:08Z","EcoCore_CSU","Cl",1.8935,"milligramsPerLiter",6.2,,1,"formatChange","GOOD"
"76198835-3265-461b-979d-1341839d6553","D08","MAYF","MAYF.AOS.groundwater.well.008","MAYF.W8.20170830.RAW",,"2017-08-30T19:08Z","2017-08-30T19:08Z","EcoCore_CSU","TOC",1.5400,"milligramsPerLiter",6.2,,1,"formatChange","GOOD"
"fe1acd37-5326-4b58-a352-8a9c7d89ccd2","D08","MAYF","MAYF.AOS.groundwater.well.008","MAYF.W8.20170830.FIL",,"2017-08-30T19:08Z","2017-08-30T19:08Z","EcoCore_CSU","NH4 - N",0.0632,"milligramsPerLiter",6.2,,1,"formatChange","GOOD"
"cf9d4a1a-5f93-48fa-8dc6-ec6cd99a24c4","D08","MAYF","MAYF.AOS.groundwater.well.008","MAYF.W8.20170830.FIL",,"2017-08-30T19:08Z","2017-08-30T19:08Z","EcoCore_CSU","TDS",12.6000,"milligramsPerLiter",6.2,,1,"formatChange","GOOD"
"7eef7009-bf5a-4cdd-b36b-ffabae226b92","D08","MAYF","MAYF.AOS.groundwater.well.008","MAYF.W8.20170830.FIL",,"2017-08-30T19:08Z","2017-08-30T19:08Z","EcoCore_CSU","DOC",1.8220,"milligramsPerLiter",6.2,,1,"formatChange","GOOD"
"5d9db30b-22f3-482b-ad5f-7819946989db","D08","MAYF","MAYF.AOS.groundwater.well.008","MAYF.W8.20170830.FIL",,"2017-08-30T19:08Z","2017-08-30T19:08Z","EcoCore_CSU","Br",0.0050,"milligramsPerLiter",6.2,,1,"formatChange","GOOD"
"8af4890b-4dee-4205-885e-ff1072e9f76a","D08","MAYF","MAYF.AOS.groundwater.well.008","MAYF.W8.20170830.FIL",,"2017-08-30T19:08Z","2017-08-30T19:08Z","EcoCore_CSU","TDN",0.1094,"milligramsPerLiter",6.2,,1,"formatChange","GOOD"
"4dd3406d-d8f8-4216-8204-809133cdf34b","D08","MAYF","MAYF.AOS.groundwater.well.008","MAYF.W8.20170830.FIL",,"2017-08-30T19:08Z","2017-08-30T19:08Z","EcoCore_CSU","Si",2.3686,"milligramsPerLiter",6.2,,1,"formatChange","GOOD"
"562fad2c-f801-46ad-af89-ece4a43cb5cb","D08","MAYF","MAYF.AOS.groundwater.well.008","MAYF.W8.20170830.RAW",,"2017-08-30T19:08Z","2017-08-30T19:08Z","EcoCore_CSU","conductivity",17.9000,"microsiemensPerCentimeter",6.2,,1,"formatChange","GOOD"
"8089ac6b-2304-4e79-98bb-44d67e7b5ccc","D08","MAYF","MAYF.AOS.groundwater.well.008","MAYF.W8.20170830.RAW",,"2017-08-30T19:08Z","2017-08-30T19:08Z","EcoCore_CSU","TSS - Dry Mass",3500.0000,"microgram",6.2,,1,"formatChange","GOOD"
"40efc890-3749-4169-8c75-8940e0e91186","D08","MAYF","MAYF.AOS.groundwater.well.008","MAYF.W8.20170830.PCN",,"2017-08-30T19:08Z","2017-08-30T19:08Z","EcoCore_CSU","TPC",1.2390,"milligram",6.2,,1,"formatChange","GOOD"
"06c229d7-e840-4b30-94fa-4c2c16c205b2","D08","MAYF","MAYF.AOS.groundwater.well.008","MAYF.W8.20170830.FIL",,"2017-08-30T19:08Z","2017-08-30T19:08Z","EcoCore_CSU","CO3",0.0000,"milligramsPerLiter",6.2,,1,"formatChange","GOOD"
"94ad1583-c1e9-4f98-9090-26765e2e831e","D08","MAYF","MAYF.AOS.groundwater.well.008","MAYF.W8.20170830.FIL",,"2017-08-30T19:08Z","2017-08-30T19:08Z","EcoCore_CSU","DIC",10.5300,"milligramsPerLiter",6.2,,1,"formatChange","GOOD"
"31bc33d1-a5de-40fe-85e6-967e5ed6cd53","D08","MAYF","MAYF.AOS.groundwater.well.008","MAYF.W8.20170830.RAW",,"2017-08-30T19:08Z","2017-08-30T19:08Z","EcoCore_CSU","TSS",70.0000,"milligramsPerLiter",6.2,,1,"formatChange","GOOD"
"82fb91ec-6504-45b7-aee0-96d297b2f619","D08","MAYF","MAYF.AOS.groundwater.well.008","MAYF.W8.20170830.FIL",,"2017-08-30T19:08Z","2017-08-30T19:08Z","EcoCore_CSU","Fe",0.0408,"milligramsPerLiter",6.2,,1,"formatChange","GOOD"
"de0f4afe-7abf-4b01-91dc-79be9d518ea4","D08","MAYF","MAYF.AOS.groundwater.well.008","MAYF.W8.20170830.FIL",,"2017-08-30T19:08Z","2017-08-30T19:08Z","EcoCore_CSU","Mn",0.1539,"milligramsPerLiter",6.2,,1,"formatChange","GOOD"
"2671800a-228a-440f-b6c4-0d11037b0a40","D08","MAYF","MAYF.AOS.groundwater.well.008","MAYF.W8.20170830.FIL",,"2017-08-30T19:08Z","2017-08-30T19:08Z","EcoCore_CSU","Ca",0.8810,"milligramsPerLiter",6.2,,1,"formatChange","GOOD"
