uid,domainID,siteID,namedLocation,decimalLatitude,decimalLongitude,coordinateUncertainty,elevation,elevationUncertainty,geodeticDatum,collectDate,aquaticSiteType,samplingImpractical,waterChemSamplesCollected,adequateSampleVol,parentSampleID,eventID,swcSamplingProtocolVersion,sampleExtractionMethod,samplerType,totalWellDepth,wellWaterDepth,waterColumnHeight,sampleDepth,purgeAverageDischargeRate,purgeTime,gwWellStabilized,purgeDryDateTime,pumpPlacementDate,screenedIntervalDepth,maxAllowableDrawdown,actualDrawdown,MADExceeded,wellVolumePurged,probeIDUnavailable,dissolvedOxygen,dissolvedOxygenSaturation,specificConductance,waterTemp,pH,waterClarityDescrip,waterColorDescrip,aCollectedBy,bCollectedBy,remarks
"497971e1-dafe-4e0a-bcbb-d2f070480c97","D08","MAYF","MAYF.AOS.groundwater.well.001",32.960476,-87.407716,0.1,72.4,0.1,"WGS84","2017-08-30T15:29Z","stream",,,,"MAYF.W1.20170830","MAYF.20170830","NEON.DOC.002905vD","low-flow","Groundwater Pump",3.6,2.2,1.4,3.1,,,,,,,,,,9.4,,10.30,9.80,32.40,21.40,,"cloudy","brown","churak@battelleecology.org","jgalloway@battelleecology.org",
"967c2259-d5a8-493b-af6c-03db0f756ca8","D08","MAYF","MAYF.AOS.groundwater.well.003",32.960724,-87.408415,0.1,73.3,0.1,"WGS84","2017-08-30T17:12Z","stream",,,,"MAYF.W3.20170830","MAYF.20170830","NEON.DOC.002905vD","low-flow","Groundwater Pump",4.5,1.0,3.4,2.0,,,,,,,,,,8.5,,4.76,50.50,35.00,19.50,,"clear","brown","mlabelle@battelleecology.org","kbrown01@battelleecology.org",
"fa502aa5-41f3-42a8-ac2e-3e34e4199c53","D08","MAYF","MAYF.AOS.groundwater.well.006",32.961276,-87.407836,0.1,74.2,0.1,"WGS84","2017-08-30T18:20Z","stream",,,,"MAYF.W6.20170830","MAYF.20170830","NEON.DOC.002905vD","low-flow","Groundwater Pump",4.3,1.3,3.0,2.3,,,,,,,,,,6.7,,0.25,2.80,27.10,22.60,,"cloudy","brown","churak@battelleecology.org","jgalloway@battelleecology.org",
"780a6aa9-ac56-43b8-b8a3-7d218523d11e","D08","MAYF","MAYF.AOS.groundwater.well.008",32.961499,-87.408173,0.1,73.5,0.1,"WGS84","2017-08-30T19:08Z","stream",,,,"MAYF.W8.20170830","MAYF.20170830","NEON.DOC.000694vF","low-flow","Groundwater Pump",4.2,2.9,1.3,3.7,,,,,,,,,,4.1,,0.74,8.20,28.00,21.10,,"cloudy","brown","churak@battelleecology.org","jgalloway@battelleecology.org",
