uid,domainID,siteID,namedLocation,sampleID,sampleCode,startDate,collectDate,laboratoryName,analyte,analyteConcentration,analyteUnits,coolerTemp,remarks,shipmentWarmQF,externalLabDataQF,sampleCondition
"483c1258-84da-4c52-a585-cc0490587926","D13","COMO","COMO.AOS.groundwater.well.001","COMO.W1.20190723.FIL","A00000091027","2019-07-23T16:15Z","2019-07-23T16:15Z","EcoCore_CSU","TDP",0.0186,"milligramsPerLiter",2.1,,0,"formatChange","GOOD"
"7ac93458-40f1-4d89-b650-86f8965932de","D13","COMO","COMO.AOS.groundwater.well.001","COMO.W1.20190723.FIL","A00000091027","2019-07-23T16:15Z","2019-07-23T16:15Z","EcoCore_CSU","SO4",0.4830,"milligramsPerLiter",2.1,,0,"formatChange","GOOD"
"1cea8e69-8f55-4893-b754-d688a6096754","D13","COMO","COMO.AOS.groundwater.well.001","COMO.W1.20190723.FIL","A00000091027","2019-07-23T16:15Z","2019-07-23T16:15Z","EcoCore_CSU","Ca",2.2516,"milligramsPerLiter",2.1,,0,"formatChange","GOOD"
"601cc433-14a2-4aad-8531-dce521c75897","D13","COMO","COMO.AOS.groundwater.well.001","COMO.W1.20190723.FIL","A00000091027","2019-07-23T16:15Z","2019-07-23T16:15Z","EcoCore_CSU","Cl",2.7628,"milligramsPerLiter",2.1,,0,"formatChange","GOOD"
"98e3a451-8bc9-4f29-9f32-714d93f64e0c","D13","COMO","COMO.AOS.groundwater.well.001","COMO.W1.20190723.FIL","A00000091027","2019-07-23T16:15Z","2019-07-23T16:15Z","EcoCore_CSU","DOC",3.3880,"milligramsPerLiter",2.1,,0,"formatChange","GOOD"
"49bbee63-bb42-478b-bbaf-ada98288b26b","D13","COMO","COMO.AOS.groundwater.well.001","COMO.W1.20190723.FIL","A00000091027","2019-07-23T16:15Z","2019-07-23T16:15Z","EcoCore_CSU","TDS",16.9800,"milligramsPerLiter",2.1,,0,"formatChange","GOOD"
"185713ab-742a-42e3-b3ee-62a0931f026d","D13","COMO","COMO.AOS.groundwater.well.001","COMO.W1.20190723.FIL","A00000091027","2019-07-23T16:15Z","2019-07-23T16:15Z","EcoCore_CSU","Ortho - P",0.0390,"milligramsPerLiter",2.1,,0,"formatChange","GOOD"
"eb2aff06-991d-4370-8390-6094dc9f30f3","D13","COMO","COMO.AOS.groundwater.well.001","COMO.W1.20190723.FIL","A00000091027","2019-07-23T16:15Z","2019-07-23T16:15Z","EcoCore_CSU","Mg",0.5810,"milligramsPerLiter",2.1,,0,"formatChange","GOOD"
"a729a871-f9d3-4762-a385-a81aa3d701d5","D13","COMO","COMO.AOS.groundwater.well.001","COMO.W1.20190723.FIL","A00000091027","2019-07-23T16:15Z","2019-07-23T16:15Z","EcoCore_CSU","CO3",0.0050,"milligramsPerLiter",2.1,,0,"formatChange","GOOD"
"146c691b-f2ee-466f-a0b7-f6bc54ef71ef","D13","COMO","COMO.AOS.groundwater.well.001","COMO.W1.20190723.RAW","A00000091046","2019-07-23T16:15Z","2019-07-23T16:15Z","EcoCore_CSU","TP",0.2839,"milligramsPerLiter",2.1,,0,"formatChange","GOOD"
"95fd5707-6829-4983-a6e5-7344003b0ff7","D13","COMO","COMO.AOS.groundwater.well.001","COMO.W1.20190723.RAW","A00000091046","2019-07-23T16:15Z","2019-07-23T16:15Z","EcoCore_CSU","pH",6.4400,"pH",2.1,,0,"formatChange","GOOD"
"3acb5c4c-7d8a-4f6e-9dbe-b9b28366ce2e","D13","COMO","COMO.AOS.groundwater.well.001","COMO.W1.20190723.FIL","A00000091027","2019-07-23T16:15Z","2019-07-23T16:15Z","EcoCore_CSU","Na",1.4010,"milligramsPerLiter",2.1,,0,"formatChange","GOOD"
"cb8ce047-a014-49ee-b881-ffda53a43594","D13","COMO","COMO.AOS.groundwater.well.001","COMO.W1.20190723.FIL","A00000091027","2019-07-23T16:15Z","2019-07-23T16:15Z","EcoCore_CSU","Fe",0.4228,"milligramsPerLiter",2.1,,0,"formatChange","GOOD"
"dc53ded2-e27a-4e38-8be8-cd0b48c04946","D13","COMO","COMO.AOS.groundwater.well.001","COMO.W1.20190723.FIL","A00000091027","2019-07-23T16:15Z","2019-07-23T16:15Z","EcoCore_CSU","DIC",7.5050,"milligramsPerLiter",2.1,,0,"formatChange","GOOD"
"653c3008-cc3d-471b-877c-935e2b99298c","D13","COMO","COMO.AOS.groundwater.well.001","COMO.W1.20190723.FIL","A00000091027","2019-07-23T16:15Z","2019-07-23T16:15Z","EcoCore_CSU","HCO3",5.4700,"milligramsPerLiter",2.1,,0,"formatChange","GOOD"
"75fd92af-7eec-4618-aec8-85fbcc62368d","D13","COMO","COMO.AOS.groundwater.well.001","COMO.W1.20190723.RAW","A00000091046","2019-07-23T16:15Z","2019-07-23T16:15Z","EcoCore_CSU","TSS",48.0000,"milligramsPerLiter",2.1,,0,"formatChange","GOOD"
"7c6aade8-cddf-4b05-8951-6d083df5afea","D13","COMO","COMO.AOS.groundwater.well.001","COMO.W1.20190723.RAW","A00000091046","2019-07-23T16:15Z","2019-07-23T16:15Z","EcoCore_CSU","TOC",3.7690,"milligramsPerLiter",2.1,,0,"formatChange","GOOD"
"b5a99638-9031-4b18-99e0-a440fe0ae5ff","D13","COMO","COMO.AOS.groundwater.well.001","COMO.W1.20190723.FIL","A00000091027","2019-07-23T16:15Z","2019-07-23T16:15Z","EcoCore_CSU","Si",7.5484,"milligramsPerLiter",2.1,,0,"formatChange","GOOD"
"33cfb3b3-c1c7-4ca9-bea4-9983dddbf1c5","D13","COMO","COMO.AOS.groundwater.well.001","COMO.W1.20190723.FIL","A00000091027","2019-07-23T16:15Z","2019-07-23T16:15Z","EcoCore_CSU","Br",0.0050,"milligramsPerLiter",2.1,,0,"formatChange","GOOD"
"6ee5116e-079b-47b3-8971-99ddf3656396","D13","COMO","COMO.AOS.groundwater.well.001","COMO.W1.20190723.RAW","A00000091046","2019-07-23T16:15Z","2019-07-23T16:15Z","EcoCore_CSU","TN",0.1237,"milligramsPerLiter",2.1,,0,"formatChange","GOOD"
"cec93d86-94e2-4c97-9d41-b142e0c18d84","D13","COMO","COMO.AOS.groundwater.well.001","COMO.W1.20190723.FIL","A00000091027","2019-07-23T16:15Z","2019-07-23T16:15Z","EcoCore_CSU","F",0.9470,"milligramsPerLiter",2.1,,0,"formatChange","GOOD"
"671d3971-9b70-4528-9383-b5a5520a9624","D13","COMO","COMO.AOS.groundwater.well.001","COMO.W1.20190723.FIL","A00000091027","2019-07-23T16:15Z","2019-07-23T16:15Z","EcoCore_CSU","K",0.1730,"milligramsPerLiter",2.1,,0,"formatChange","GOOD"
"1dcda3a4-a139-41d4-b098-1a3ff698b7ed","D13","COMO","COMO.AOS.groundwater.well.001","COMO.W1.20190723.RAW","A00000091046","2019-07-23T16:15Z","2019-07-23T16:15Z","EcoCore_CSU","TSS - Dry Mass",2400.0000,"microgram",2.1,,0,"formatChange","GOOD"
"7473e89b-bca5-4bd6-8a33-d488bd7f8550","D13","COMO","COMO.AOS.groundwater.well.001","COMO.W1.20190723.FIL","A00000091027","2019-07-23T16:15Z","2019-07-23T16:15Z","EcoCore_CSU","UV Absorbance (250 nm)",0.1824,,2.1,,0,"formatChange","GOOD"
"78ecb80a-d6cf-4d26-82aa-5752178e563c","D13","COMO","COMO.AOS.groundwater.well.001","COMO.W1.20190723.FIL","A00000091027","2019-07-23T16:15Z","2019-07-23T16:15Z","EcoCore_CSU","TDN",0.1241,"milligramsPerLiter",2.1,,0,"formatChange","GOOD"
"aa911780-0a27-4497-bbe0-981cc5678800","D13","COMO","COMO.AOS.groundwater.well.001","COMO.W1.20190723.PCN","A00000091442","2019-07-23T16:15Z","2019-07-23T16:15Z","EcoCore_CSU","TPN",0.0946,"milligram",2.1,,0,"formatChange","GOOD"
"af74f3f6-b776-41d7-b8b8-f0e47f063f94","D13","COMO","COMO.AOS.groundwater.well.001","COMO.W1.20190723.FIL","A00000091027","2019-07-23T16:15Z","2019-07-23T16:15Z","EcoCore_CSU","NO2 - N",0.0009,"milligramsPerLiter",2.1,,0,"formatChange","GOOD"
"7954796d-3f89-4d28-81e5-69731c608d2b","D13","COMO","COMO.AOS.groundwater.well.001","COMO.W1.20190723.RAW","A00000091046","2019-07-23T16:15Z","2019-07-23T16:15Z","EcoCore_CSU","conductivity",23.5700,"microsiemensPerCentimeter",2.1,,0,"formatChange","GOOD"
"064ade9f-0119-4d48-8a5f-e31156f9f7cf","D13","COMO","COMO.AOS.groundwater.well.001","COMO.W1.20190723.FIL","A00000091027","2019-07-23T16:15Z","2019-07-23T16:15Z","EcoCore_CSU","UV Absorbance (280 nm)",0.1295,,2.1,,0,"formatChange","GOOD"
"71cac266-ddd9-4639-80c3-d241fcf181de","D13","COMO","COMO.AOS.groundwater.well.001","COMO.W1.20190723.RAW","A00000091046","2019-07-23T16:15Z","2019-07-23T16:15Z","EcoCore_CSU","ANC",0.1100,"milliequivalentsPerLiter",2.1,,0,"formatChange","GOOD"
"8697e1d2-e973-4964-9848-c12c44d96fbe","D13","COMO","COMO.AOS.groundwater.well.001","COMO.W1.20190723.FIL","A00000091027","2019-07-23T16:15Z","2019-07-23T16:15Z","EcoCore_CSU","NO3+NO2 - N",0.0106,"milligramsPerLiter",2.1,,0,"formatChange","GOOD"
"f36ce68c-1ca8-49af-9dc2-6d061539e1b2","D13","COMO","COMO.AOS.groundwater.well.001","COMO.W1.20190723.PCN","A00000091442","2019-07-23T16:15Z","2019-07-23T16:15Z","EcoCore_CSU","TPC",0.2940,"milligram",2.1,,0,"formatChange","GOOD"
"d6d59d57-fd41-4a5a-a144-5cbeb5aa0c08","D13","COMO","COMO.AOS.groundwater.well.001","COMO.W1.20190723.FIL","A00000091027","2019-07-23T16:15Z","2019-07-23T16:15Z","EcoCore_CSU","NH4 - N",0.1210,"milligramsPerLiter",2.1,,0,"formatChange","GOOD"
"fd0d1d0e-39e7-49f4-b203-af9e9e0f286a","D13","COMO","COMO.AOS.groundwater.well.001","COMO.W1.20190723.FIL","A00000091027","2019-07-23T16:15Z","2019-07-23T16:15Z","EcoCore_CSU","Mn",0.0070,"milligramsPerLiter",2.1,,0,"formatChange","GOOD"
"766d31d1-96f9-45fb-bb6c-d45c177bd7b6","D13","COMO","COMO.AOS.groundwater.well.002","COMO.W2.20190723.RAW","A00000091029","2019-07-23T17:29Z","2019-07-23T17:29Z","EcoCore_CSU","TP",0.3790,"milligramsPerLiter",2.1,,0,"formatChange","GOOD"
"1aa01041-5376-4b58-b89a-66fca5950484","D13","COMO","COMO.AOS.groundwater.well.002","COMO.W2.20190723.FIL","A00000091011","2019-07-23T17:29Z","2019-07-23T17:29Z","EcoCore_CSU","TDP",0.0253,"milligramsPerLiter",2.1,,0,"formatChange","GOOD"
"530c501a-1401-4a18-bb83-752a0d606ba5","D13","COMO","COMO.AOS.groundwater.well.002","COMO.W2.20190723.RAW","A00000091029","2019-07-23T17:29Z","2019-07-23T17:29Z","EcoCore_CSU","TOC",4.2760,"milligramsPerLiter",2.1,,0,"formatChange","GOOD"
"248e18b0-3925-44d3-bd69-46b032cadd72","D13","COMO","COMO.AOS.groundwater.well.002","COMO.W2.20190723.FIL","A00000091011","2019-07-23T17:29Z","2019-07-23T17:29Z","EcoCore_CSU","TDN",0.1419,"milligramsPerLiter",2.1,,0,"formatChange","GOOD"
"bef42f05-288e-4ce6-830c-e9bd134872d2","D13","COMO","COMO.AOS.groundwater.well.002","COMO.W2.20190723.FIL","A00000091011","2019-07-23T17:29Z","2019-07-23T17:29Z","EcoCore_CSU","Ortho - P",0.0420,"milligramsPerLiter",2.1,,0,"formatChange","GOOD"
"0a40a59b-e6bc-4ba7-af72-cbc22d6c4f86","D13","COMO","COMO.AOS.groundwater.well.002","COMO.W2.20190723.FIL","A00000091011","2019-07-23T17:29Z","2019-07-23T17:29Z","EcoCore_CSU","DIC",7.3720,"milligramsPerLiter",2.1,,0,"formatChange","GOOD"
"f634a4e9-6e92-46dd-9d6f-b2a0aaf2440a","D13","COMO","COMO.AOS.groundwater.well.002","COMO.W2.20190723.FIL","A00000091011","2019-07-23T17:29Z","2019-07-23T17:29Z","EcoCore_CSU","Mn",0.0050,"milligramsPerLiter",2.1,,0,"formatChange","GOOD"
"21a0bd49-a914-4bf1-847c-42b350b06ab6","D13","COMO","COMO.AOS.groundwater.well.002","COMO.W2.20190723.FIL","A00000091011","2019-07-23T17:29Z","2019-07-23T17:29Z","EcoCore_CSU","NH4 - N",0.0992,"milligramsPerLiter",2.1,,0,"formatChange","GOOD"
"158f9074-9075-4476-a4c7-3a3078c2a41c","D13","COMO","COMO.AOS.groundwater.well.002","COMO.W2.20190723.FIL","A00000091011","2019-07-23T17:29Z","2019-07-23T17:29Z","EcoCore_CSU","CO3",0.0050,"milligramsPerLiter",2.1,,0,"formatChange","GOOD"
"486deb8a-b8c2-47a4-988f-99229fe207b6","D13","COMO","COMO.AOS.groundwater.well.002","COMO.W2.20190723.FIL","A00000091011","2019-07-23T17:29Z","2019-07-23T17:29Z","EcoCore_CSU","Si",6.1835,"milligramsPerLiter",2.1,,0,"formatChange","GOOD"
"b73afeec-e256-46c3-a563-0c55728d247d","D13","COMO","COMO.AOS.groundwater.well.002","COMO.W2.20190723.RAW","A00000091029","2019-07-23T17:29Z","2019-07-23T17:29Z","EcoCore_CSU","conductivity",19.8500,"microsiemensPerCentimeter",2.1,,0,"formatChange","GOOD"
"f7951e9d-c739-4a0f-bd0f-4ea73a1486b1","D13","COMO","COMO.AOS.groundwater.well.002","COMO.W2.20190723.FIL","A00000091011","2019-07-23T17:29Z","2019-07-23T17:29Z","EcoCore_CSU","Ca",1.8400,"milligramsPerLiter",2.1,,0,"formatChange","GOOD"
"376c3d9a-d58e-488e-96b7-7f24349ecc80","D13","COMO","COMO.AOS.groundwater.well.002","COMO.W2.20190723.PCN","A00000091443","2019-07-23T17:29Z","2019-07-23T17:29Z","EcoCore_CSU","TPC",0.2849,"milligram",2.1,,0,"formatChange","GOOD"
"4842b46d-b2e0-4485-8aa6-1a4c37f8e8f1","D13","COMO","COMO.AOS.groundwater.well.002","COMO.W2.20190723.FIL","A00000091011","2019-07-23T17:29Z","2019-07-23T17:29Z","EcoCore_CSU","TDS",14.0800,"milligramsPerLiter",2.1,,0,"formatChange","GOOD"
"2f63c6a2-272b-4038-ac99-8c93cee1d697","D13","COMO","COMO.AOS.groundwater.well.002","COMO.W2.20190723.FIL","A00000091011","2019-07-23T17:29Z","2019-07-23T17:29Z","EcoCore_CSU","NO2 - N",0.0009,"milligramsPerLiter",2.1,,0,"formatChange","GOOD"
"0d499b8d-4a5a-4ecb-9839-ac3914aa3688","D13","COMO","COMO.AOS.groundwater.well.002","COMO.W2.20190723.FIL","A00000091011","2019-07-23T17:29Z","2019-07-23T17:29Z","EcoCore_CSU","Br",0.0050,"milligramsPerLiter",2.1,,0,"formatChange","GOOD"
"79d9a360-b6b8-4788-9242-58598d6c3b74","D13","COMO","COMO.AOS.groundwater.well.002","COMO.W2.20190723.FIL","A00000091011","2019-07-23T17:29Z","2019-07-23T17:29Z","EcoCore_CSU","UV Absorbance (280 nm)",0.1216,,2.1,,0,"formatChange","GOOD"
"72a435d2-7a38-4031-aeec-d07a1fc0d250","D13","COMO","COMO.AOS.groundwater.well.002","COMO.W2.20190723.FIL","A00000091011","2019-07-23T17:29Z","2019-07-23T17:29Z","EcoCore_CSU","NO3+NO2 - N",0.0101,"milligramsPerLiter",2.1,,0,"formatChange","GOOD"
"ba645f5d-0edb-45ea-b04a-ece7ddc695e0","D13","COMO","COMO.AOS.groundwater.well.002","COMO.W2.20190723.RAW","A00000091029","2019-07-23T17:29Z","2019-07-23T17:29Z","EcoCore_CSU","TN",0.1146,"milligramsPerLiter",2.1,,0,"formatChange","GOOD"
"d51e7fe0-6605-4809-9908-bf3ff8a93fcc","D13","COMO","COMO.AOS.groundwater.well.002","COMO.W2.20190723.FIL","A00000091011","2019-07-23T17:29Z","2019-07-23T17:29Z","EcoCore_CSU","UV Absorbance (250 nm)",0.1777,,2.1,,0,"formatChange","GOOD"
"f2204bd9-0ddd-4f80-aced-a1cddfae11eb","D13","COMO","COMO.AOS.groundwater.well.002","COMO.W2.20190723.RAW","A00000091029","2019-07-23T17:29Z","2019-07-23T17:29Z","EcoCore_CSU","TSS - Dry Mass",1500.0000,"microgram",2.1,,0,"formatChange","GOOD"
"40142602-6d73-4071-8dd1-fecce53da6bc","D13","COMO","COMO.AOS.groundwater.well.002","COMO.W2.20190723.FIL","A00000091011","2019-07-23T17:29Z","2019-07-23T17:29Z","EcoCore_CSU","SO4",0.9840,"milligramsPerLiter",2.1,,0,"formatChange","GOOD"
"f760ef4e-fd12-4a74-9392-16af6620875a","D13","COMO","COMO.AOS.groundwater.well.002","COMO.W2.20190723.FIL","A00000091011","2019-07-23T17:29Z","2019-07-23T17:29Z","EcoCore_CSU","Fe",0.0665,"milligramsPerLiter",2.1,,0,"formatChange","GOOD"
"cfb1bfd7-45eb-4bfb-b048-cd9b84cbed55","D13","COMO","COMO.AOS.groundwater.well.002","COMO.W2.20190723.FIL","A00000091011","2019-07-23T17:29Z","2019-07-23T17:29Z","EcoCore_CSU","K",0.2150,"milligramsPerLiter",2.1,,0,"formatChange","GOOD"
"f6c3f987-6e50-4252-a1d9-6a8f350f4128","D13","COMO","COMO.AOS.groundwater.well.002","COMO.W2.20190723.RAW","A00000091029","2019-07-23T17:29Z","2019-07-23T17:29Z","EcoCore_CSU","TSS",30.0000,"milligramsPerLiter",2.1,,0,"formatChange","GOOD"
"142b136a-0418-445e-8d25-283d6effb85e","D13","COMO","COMO.AOS.groundwater.well.002","COMO.W2.20190723.PCN","A00000091443","2019-07-23T17:29Z","2019-07-23T17:29Z","EcoCore_CSU","TPN",0.0547,"milligram",2.1,,0,"formatChange","GOOD"
"0289fcf5-82ac-4b80-b007-ed37d0d12a13","D13","COMO","COMO.AOS.groundwater.well.002","COMO.W2.20190723.FIL","A00000091011","2019-07-23T17:29Z","2019-07-23T17:29Z","EcoCore_CSU","DOC",3.5250,"milligramsPerLiter",2.1,,0,"formatChange","GOOD"
"87c04560-6c6f-400c-8c9e-892a0eccbea7","D13","COMO","COMO.AOS.groundwater.well.002","COMO.W2.20190723.RAW","A00000091029","2019-07-23T17:29Z","2019-07-23T17:29Z","EcoCore_CSU","pH",6.2000,"pH",2.1,,0,"formatChange","GOOD"
"9acdd25c-16c3-453e-8323-54a1bb91a705","D13","COMO","COMO.AOS.groundwater.well.002","COMO.W2.20190723.FIL","A00000091011","2019-07-23T17:29Z","2019-07-23T17:29Z","EcoCore_CSU","Cl",0.3800,"milligramsPerLiter",2.1,,0,"formatChange","GOOD"
"ad275c8d-2eb5-4480-baec-6c866546b8e2","D13","COMO","COMO.AOS.groundwater.well.002","COMO.W2.20190723.FIL","A00000091011","2019-07-23T17:29Z","2019-07-23T17:29Z","EcoCore_CSU","Na",1.1250,"milligramsPerLiter",2.1,,0,"formatChange","GOOD"
"7a6aefbf-205f-4fbc-91ac-078ece65608e","D13","COMO","COMO.AOS.groundwater.well.002","COMO.W2.20190723.FIL","A00000091011","2019-07-23T17:29Z","2019-07-23T17:29Z","EcoCore_CSU","F",1.2100,"milligramsPerLiter",2.1,,0,"formatChange","GOOD"
"0156a89c-1880-460a-b69b-3d93db48cd90","D13","COMO","COMO.AOS.groundwater.well.002","COMO.W2.20190723.FIL","A00000091011","2019-07-23T17:29Z","2019-07-23T17:29Z","EcoCore_CSU","HCO3",5.9800,"milligramsPerLiter",2.1,,0,"formatChange","GOOD"
"8a250876-a36a-4302-b8d5-4b7ef7dda3ea","D13","COMO","COMO.AOS.groundwater.well.002","COMO.W2.20190723.FIL","A00000091011","2019-07-23T17:29Z","2019-07-23T17:29Z","EcoCore_CSU","Mg",0.4870,"milligramsPerLiter",2.1,,0,"formatChange","GOOD"
"eddbcb91-b7e7-4fae-8c4c-9d6dab361055","D13","COMO","COMO.AOS.groundwater.well.002","COMO.W2.20190723.RAW","A00000091029","2019-07-23T17:29Z","2019-07-23T17:29Z","EcoCore_CSU","ANC",0.1200,"milliequivalentsPerLiter",2.1,,0,"formatChange","GOOD"
"cfa308ce-9157-4796-9686-d41e8b188a80","D13","COMO","COMO.AOS.groundwater.well.003","COMO.W3.20190723.RAW","A00000091012","2019-07-23T18:38Z","2019-07-23T18:38Z","EcoCore_CSU","TSS",262.0000,"milligramsPerLiter",2.1,,0,"formatChange","GOOD"
"50167c7f-775a-4376-8898-037f5dc1f8a4","D13","COMO","COMO.AOS.groundwater.well.003","COMO.W3.20190723.RAW","A00000091012","2019-07-23T18:38Z","2019-07-23T18:38Z","EcoCore_CSU","TP",0.4259,"milligramsPerLiter",2.1,,0,"formatChange","GOOD"
"76b89334-1c2a-4f69-938e-b64fa9ff8ce0","D13","COMO","COMO.AOS.groundwater.well.003","COMO.W3.20190723.RAW","A00000091012","2019-07-23T18:38Z","2019-07-23T18:38Z","EcoCore_CSU","ANC",0.4000,"milliequivalentsPerLiter",2.1,,0,"formatChange","GOOD"
"919d2d15-94b2-45a8-a4e5-5aa5cfa6c6ae","D13","COMO","COMO.AOS.groundwater.well.003","COMO.W3.20190723.PCN","A00000091445","2019-07-23T18:38Z","2019-07-23T18:38Z","EcoCore_CSU","TPC",0.2997,"milligram",2.1,,0,"formatChange","GOOD"
"3981f05d-a835-4ac9-8829-ad484d366899","D13","COMO","COMO.AOS.groundwater.well.003","COMO.W3.20190723.RAW","A00000091012","2019-07-23T18:38Z","2019-07-23T18:38Z","EcoCore_CSU","TOC",9.0820,"milligramsPerLiter",2.1,,0,"formatChange","GOOD"
"4028560b-2a2b-423f-91f8-83a8ab249ab7","D13","COMO","COMO.AOS.groundwater.well.003","COMO.W3.20190723.RAW","A00000091012","2019-07-23T18:38Z","2019-07-23T18:38Z","EcoCore_CSU","TSS - Dry Mass",13100.0000,"microgram",2.1,,0,"formatChange","GOOD"
"1693f14d-1273-41fe-8166-537e62381640","D13","COMO","COMO.AOS.groundwater.well.003","COMO.W3.20190723.RAW","A00000091012","2019-07-23T18:38Z","2019-07-23T18:38Z","EcoCore_CSU","TN",0.3787,"milligramsPerLiter",2.1,,0,"formatChange","GOOD"
"8a606941-d86b-4da5-b61b-8ff2a1abcda2","D13","COMO","COMO.AOS.groundwater.well.003","COMO.W3.20190723.RAW","A00000091012","2019-07-23T18:38Z","2019-07-23T18:38Z","EcoCore_CSU","pH",6.4800,"pH",2.1,,0,"formatChange","GOOD"
"d9705c64-8e79-4b5d-83d4-5f0ab03251a9","D13","COMO","COMO.AOS.groundwater.well.003","COMO.W3.20190723.PCN","A00000091445","2019-07-23T18:38Z","2019-07-23T18:38Z","EcoCore_CSU","TPN",0.1675,"milligram",2.1,,0,"formatChange","GOOD"
"683b30bf-dab4-42fe-b948-20d32e88089e","D13","COMO","COMO.AOS.groundwater.well.003","COMO.W3.20190723.RAW","A00000091012","2019-07-23T18:38Z","2019-07-23T18:38Z","EcoCore_CSU","conductivity",68.5400,"microsiemensPerCentimeter",2.1,,0,"formatChange","GOOD"
"0bb9c183-94ab-45ec-bfb5-0ac7fa029bf0","D13","COMO","COMO.AOS.groundwater.well.004","COMO.W4.20190723.FIL","A00000091045","2019-07-23T19:34Z","2019-07-23T19:34Z","EcoCore_CSU","Br",0.0050,"milligramsPerLiter",2.1,,0,"formatChange","GOOD"
"33c59f09-b75b-4698-8d8f-6e354b532bcc","D13","COMO","COMO.AOS.groundwater.well.004","COMO.W4.20190723.FIL","A00000091045","2019-07-23T19:34Z","2019-07-23T19:34Z","EcoCore_CSU","TDN",0.1136,"milligramsPerLiter",2.1,,0,"formatChange","GOOD"
"dec8fdc3-dc85-4d6e-999e-eaf434f1df4b","D13","COMO","COMO.AOS.groundwater.well.004","COMO.W4.20190723.FIL","A00000091045","2019-07-23T19:34Z","2019-07-23T19:34Z","EcoCore_CSU","TDP",0.0112,"milligramsPerLiter",2.1,,0,"formatChange","GOOD"
"ff849d37-30cf-4e1d-b128-e14f36204ca4","D13","COMO","COMO.AOS.groundwater.well.004","COMO.W4.20190723.FIL","A00000091045","2019-07-23T19:34Z","2019-07-23T19:34Z","EcoCore_CSU","UV Absorbance (280 nm)",0.0602,,2.1,,0,"formatChange","GOOD"
"8f9c22f7-b6fd-4957-87ac-7ba2481646bd","D13","COMO","COMO.AOS.groundwater.well.004","COMO.W4.20190723.RAW","A00000091047","2019-07-23T19:34Z","2019-07-23T19:34Z","EcoCore_CSU","TOC",3.7960,"milligramsPerLiter",2.1,,0,"formatChange","GOOD"
"94ac34ca-0c61-46cb-8583-2b03dbec9f84","D13","COMO","COMO.AOS.groundwater.well.004","COMO.W4.20190723.FIL","A00000091045","2019-07-23T19:34Z","2019-07-23T19:34Z","EcoCore_CSU","K",0.3090,"milligramsPerLiter",2.1,,0,"formatChange","GOOD"
"5ff32e08-668e-4bb7-984a-322ff337035d","D13","COMO","COMO.AOS.groundwater.well.004","COMO.W4.20190723.RAW","A00000091047","2019-07-23T19:34Z","2019-07-23T19:34Z","EcoCore_CSU","TN",0.1020,"milligramsPerLiter",2.1,,0,"formatChange","GOOD"
"5dd4098b-44d6-4917-b378-2362fbb2589d","D13","COMO","COMO.AOS.groundwater.well.004","COMO.W4.20190723.FIL","A00000091045","2019-07-23T19:34Z","2019-07-23T19:34Z","EcoCore_CSU","DIC",10.9100,"milligramsPerLiter",2.1,,0,"formatChange","GOOD"
"f29f1bcd-ab8e-40f4-b473-0fed4fefd87a","D13","COMO","COMO.AOS.groundwater.well.004","COMO.W4.20190723.FIL","A00000091045","2019-07-23T19:34Z","2019-07-23T19:34Z","EcoCore_CSU","Ortho - P",0.0350,"milligramsPerLiter",2.1,,0,"formatChange","GOOD"
"5c63bdb1-ed67-4726-9469-0ffcc21d7292","D13","COMO","COMO.AOS.groundwater.well.004","COMO.W4.20190723.RAW","A00000091047","2019-07-23T19:34Z","2019-07-23T19:34Z","EcoCore_CSU","TP",0.3264,"milligramsPerLiter",2.1,,0,"formatChange","GOOD"
"9f4aa050-4a70-478a-bda9-34c8a1534ffb","D13","COMO","COMO.AOS.groundwater.well.004","COMO.W4.20190723.PCN","A00000091444","2019-07-23T19:34Z","2019-07-23T19:34Z","EcoCore_CSU","TPN",0.1153,"milligram",2.1,,0,"formatChange","GOOD"
"52470968-9a73-4c3f-95d4-50e6a26baead","D13","COMO","COMO.AOS.groundwater.well.004","COMO.W4.20190723.FIL","A00000091045","2019-07-23T19:34Z","2019-07-23T19:34Z","EcoCore_CSU","Mn",0.0050,"milligramsPerLiter",2.1,,0,"formatChange","GOOD"
"de42f363-af35-40dc-84f6-b66776f97724","D13","COMO","COMO.AOS.groundwater.well.004","COMO.W4.20190723.FIL","A00000091045","2019-07-23T19:34Z","2019-07-23T19:34Z","EcoCore_CSU","DOC",3.6960,"milligramsPerLiter",2.1,,0,"formatChange","GOOD"
"06f7fb2c-bf34-4933-9201-33d4de31758b","D13","COMO","COMO.AOS.groundwater.well.004","COMO.W4.20190723.FIL","A00000091045","2019-07-23T19:34Z","2019-07-23T19:34Z","EcoCore_CSU","Si",8.9853,"milligramsPerLiter",2.1,,0,"formatChange","GOOD"
"0a2e878d-0a5c-4514-9b7c-5d3612c8561f","D13","COMO","COMO.AOS.groundwater.well.004","COMO.W4.20190723.FIL","A00000091045","2019-07-23T19:34Z","2019-07-23T19:34Z","EcoCore_CSU","F",0.5819,"milligramsPerLiter",2.1,,0,"formatChange","GOOD"
"604afe5f-c72d-424a-bef5-fe022569fbdb","D13","COMO","COMO.AOS.groundwater.well.004","COMO.W4.20190723.RAW","A00000091047","2019-07-23T19:34Z","2019-07-23T19:34Z","EcoCore_CSU","conductivity",33.6600,"microsiemensPerCentimeter",2.1,,0,"formatChange","GOOD"
"50cf75b0-3334-41ed-81c2-feb0065adcbe","D13","COMO","COMO.AOS.groundwater.well.004","COMO.W4.20190723.FIL","A00000091045","2019-07-23T19:34Z","2019-07-23T19:34Z","EcoCore_CSU","NH4 - N",0.0766,"milligramsPerLiter",2.1,,0,"formatChange","GOOD"
"451ae8c7-4d41-4cc0-900d-111041e24ac8","D13","COMO","COMO.AOS.groundwater.well.004","COMO.W4.20190723.FIL","A00000091045","2019-07-23T19:34Z","2019-07-23T19:34Z","EcoCore_CSU","Cl",3.3291,"milligramsPerLiter",2.1,,0,"formatChange","GOOD"
"d88c5465-6f79-4e51-ae9f-860d55291e4b","D13","COMO","COMO.AOS.groundwater.well.004","COMO.W4.20190723.FIL","A00000091045","2019-07-23T19:34Z","2019-07-23T19:34Z","EcoCore_CSU","Fe",0.0426,"milligramsPerLiter",2.1,,0,"formatChange","GOOD"
"0b69d774-259f-4d0b-8fe3-ded174ff9d65","D13","COMO","COMO.AOS.groundwater.well.004","COMO.W4.20190723.FIL","A00000091045","2019-07-23T19:34Z","2019-07-23T19:34Z","EcoCore_CSU","UV Absorbance (250 nm)",0.0835,,2.1,,0,"formatChange","GOOD"
"685068ae-d67d-445a-8a5f-65ef37605590","D13","COMO","COMO.AOS.groundwater.well.004","COMO.W4.20190723.FIL","A00000091045","2019-07-23T19:34Z","2019-07-23T19:34Z","EcoCore_CSU","NO2 - N",-0.0010,"milligramsPerLiter",2.1,,0,"formatChange","GOOD"
"506ab756-69d6-41cb-917b-520f4ac2c115","D13","COMO","COMO.AOS.groundwater.well.004","COMO.W4.20190723.FIL","A00000091045","2019-07-23T19:34Z","2019-07-23T19:34Z","EcoCore_CSU","Ca",3.2258,"milligramsPerLiter",2.1,,0,"formatChange","GOOD"
"c4f3d84a-aa85-43df-aeef-f4c4000ac276","D13","COMO","COMO.AOS.groundwater.well.004","COMO.W4.20190723.FIL","A00000091045","2019-07-23T19:34Z","2019-07-23T19:34Z","EcoCore_CSU","HCO3",9.4300,"milligramsPerLiter",2.1,,0,"formatChange","GOOD"
"4bd24cbd-b4ef-4253-a499-a8a4339f22be","D13","COMO","COMO.AOS.groundwater.well.004","COMO.W4.20190723.RAW","A00000091047","2019-07-23T19:34Z","2019-07-23T19:34Z","EcoCore_CSU","ANC",0.1800,"milliequivalentsPerLiter",2.1,,0,"formatChange","GOOD"
"7e5ae5e4-eae1-4964-b12b-fd247bca6900","D13","COMO","COMO.AOS.groundwater.well.004","COMO.W4.20190723.FIL","A00000091045","2019-07-23T19:34Z","2019-07-23T19:34Z","EcoCore_CSU","Na",1.7320,"milligramsPerLiter",2.1,,0,"formatChange","GOOD"
"8d3dbe6c-9aa8-4533-b6b9-5443794f05bb","D13","COMO","COMO.AOS.groundwater.well.004","COMO.W4.20190723.RAW","A00000091047","2019-07-23T19:34Z","2019-07-23T19:34Z","EcoCore_CSU","TSS - Dry Mass",1100.0000,"microgram",2.1,,0,"formatChange","GOOD"
"11248b1b-8fae-47b8-a2b9-205e53153505","D13","COMO","COMO.AOS.groundwater.well.004","COMO.W4.20190723.RAW","A00000091047","2019-07-23T19:34Z","2019-07-23T19:34Z","EcoCore_CSU","TSS",22.0000,"milligramsPerLiter",2.1,,0,"formatChange","GOOD"
"ef1a2eda-a6ed-406e-b9f6-d8adf6af4c85","D13","COMO","COMO.AOS.groundwater.well.004","COMO.W4.20190723.FIL","A00000091045","2019-07-23T19:34Z","2019-07-23T19:34Z","EcoCore_CSU","Mg",0.9230,"milligramsPerLiter",2.1,,0,"formatChange","GOOD"
"756eff21-da00-4c7c-8042-37413ed18231","D13","COMO","COMO.AOS.groundwater.well.004","COMO.W4.20190723.RAW","A00000091047","2019-07-23T19:34Z","2019-07-23T19:34Z","EcoCore_CSU","pH",6.2000,"pH",2.1,,0,"formatChange","GOOD"
"f6b854d7-1030-45d8-aecc-7828733f6bf2","D13","COMO","COMO.AOS.groundwater.well.004","COMO.W4.20190723.PCN","A00000091444","2019-07-23T19:34Z","2019-07-23T19:34Z","EcoCore_CSU","TPC",0.2831,"milligram",2.1,,0,"formatChange","GOOD"
"89ac6187-2601-40a2-9051-dbe6277f6f79","D13","COMO","COMO.AOS.groundwater.well.004","COMO.W4.20190723.FIL","A00000091045","2019-07-23T19:34Z","2019-07-23T19:34Z","EcoCore_CSU","NO3+NO2 - N",0.0103,"milligramsPerLiter",2.1,,0,"formatChange","GOOD"
"79315860-be7f-47f5-9a92-3174c7cf48ac","D13","COMO","COMO.AOS.groundwater.well.004","COMO.W4.20190723.FIL","A00000091045","2019-07-23T19:34Z","2019-07-23T19:34Z","EcoCore_CSU","TDS",24.1800,"milligramsPerLiter",2.1,,0,"formatChange","GOOD"
"abbf526e-acdb-4cb7-b4aa-eb17321eb951","D13","COMO","COMO.AOS.groundwater.well.004","COMO.W4.20190723.FIL","A00000091045","2019-07-23T19:34Z","2019-07-23T19:34Z","EcoCore_CSU","CO3",0.0050,"milligramsPerLiter",2.1,,0,"formatChange","GOOD"
"52f2a9e7-31c8-43cc-bbac-1f4263c48b94","D13","COMO","COMO.AOS.groundwater.well.004","COMO.W4.20190723.FIL","A00000091045","2019-07-23T19:34Z","2019-07-23T19:34Z","EcoCore_CSU","SO4",2.0550,"milligramsPerLiter",2.1,,0,"formatChange","GOOD"
