uid,domainID,siteID,namedLocation,decimalLatitude,decimalLongitude,coordinateUncertainty,elevation,elevationUncertainty,geodeticDatum,collectDate,aquaticSiteType,samplingImpractical,waterChemSamplesCollected,adequateSampleVol,parentSampleID,eventID,swcSamplingProtocolVersion,sampleExtractionMethod,samplerType,totalWellDepth,wellWaterDepth,waterColumnHeight,sampleDepth,purgeAverageDischargeRate,purgeTime,gwWellStabilized,purgeDryDateTime,pumpPlacementDate,screenedIntervalDepth,maxAllowableDrawdown,actualDrawdown,MADExceeded,wellVolumePurged,probeIDUnavailable,dissolvedOxygen,dissolvedOxygenSaturation,specificConductance,waterTemp,pH,waterClarityDescrip,waterColorDescrip,aCollectedBy,bCollectedBy,remarks
"12f9f4c9-ed6d-45c2-b7df-dec36095fb68","D13","COMO","COMO.AOS.groundwater.well.001",40.035039,-105.544811,0.1,3027.6,0.0,"WGS84","2019-07-23T16:15Z","stream",,,"Y","COMO.W1.20190723","COMO.20190723","NEON.DOC.002905vF","low-flow","Groundwater Pump",2.5,1.7,0.9,2.0,,,,,,,,,,3.3,,0.74,9.20,30.10,9.50,6.07,"cloudy","brown","0000-0002-5760-9269","0000-0001-7092-2850",
"c03b6770-283d-451c-8dfe-1565bdd24b4d","D13","COMO","COMO.AOS.groundwater.well.002",40.035081,-105.545205,0.1,3029.5,0.0,"WGS84","2019-07-23T17:29Z","stream",,,"Y","COMO.W2.20190723","COMO.20190723","NEON.DOC.002905vF","low-flow","Groundwater Pump",2.3,1.2,1.1,1.8,,,,,,,,,,2.4,,1.53,18.10,27.30,8.00,5.76,"cloudy","colorless","0000-0002-5760-9269","0000-0001-7092-2850",
"370fc723-5c5b-4ecc-91df-84e5fe9b2b5e","D13","COMO","COMO.AOS.groundwater.well.003",40.034929,-105.544872,0.1,3027.6,0.0,"WGS84","2019-07-23T18:38Z","stream",,,"Y","COMO.W3.20190723","COMO.20190723","NEON.DOC.002905vF","low-flow","Groundwater Pump",1.9,1.1,0.8,1.4,,,,,,,,,,4.5,,0.36,4.40,31.30,9.40,6.17,"cloudy","gray","0000-0003-3415-3067","0000-0001-7092-2850",
"ca851082-6506-4844-b4e6-c0a6385e0114","D13","COMO","COMO.AOS.groundwater.well.004",40.034756,-105.544637,0.1,3027.1,0.0,"WGS84","2019-07-23T19:34Z","stream",,,"Y","COMO.W4.20190723","COMO.20190723","NEON.DOC.002905vF","low-flow","Groundwater Pump",2.7,1.9,0.8,2.2,,,,,,,,,,1.8,,1.24,14.50,57.00,7.30,5.87,"cloudy","colorless","0000-0002-5760-9269","0000-0001-7092-2850",
