uid,domainID,siteID,namedLocation,collectDate,parentSampleID,sampleCondition,sampleID,replicateNumber,gwwDICBubbleFree,gwwFiltSampleHeadspace,gwwAlkSampleHeadspace,gwwAlkSampleBubbleFree,processedDate,processedDateFilters,sampleVolumeFiltered,shipmentTimeRange
"b72e79d9-0276-42d7-9bf4-b8f4715f7ecb","D13","COMO","COMO.AOS.groundwater.well.001","2019-07-23T16:15Z","COMO.W1.20190723","Sample condition ok","COMO.W1.20190723",1,,,,,"2019-07-23T16:15Z","2019-07-23T16:15Z",75.0,
"5fc62aca-715a-4332-a2e8-3ca32bcd5246","D13","COMO","COMO.AOS.groundwater.well.002","2019-07-23T17:29Z","COMO.W2.20190723","Sample condition ok","COMO.W2.20190723",1,,,,,"2019-07-23T17:29Z","2019-07-23T17:29Z",175.0,
"16932e78-1c10-44ec-8dda-d5c3bd3a5ea9","D13","COMO","COMO.AOS.groundwater.well.003","2019-07-23T18:38Z","COMO.W3.20190723","Sample condition ok","COMO.W3.20190723",1,,,,,"2019-07-23T18:38Z","2019-07-23T18:38Z",25.0,
"71cbc06f-a605-4f09-b3e9-add97d23ee35","D13","COMO","COMO.AOS.groundwater.well.004","2019-07-23T19:34Z","COMO.W4.20190723","Sample condition ok","COMO.W4.20190723",1,,,,,"2019-07-23T19:34Z",,100.0,
