uid,domainID,siteID,namedLocation,collectDate,titrationDate,parentSampleID,domainSampleID,remarks,measuredBy,alkMeqPerL,alkMgPerL,ancMeqPerL,ancMgPerL
"1c60dab3-410c-4300-873a-23609ab5660c","D13","COMO","COMO.AOS.groundwater.well.001","2019-07-23T16:15Z","2019-07-24T13:22Z","COMO.W1.20190723","COMO.W1.20190723.ALK","pH 10 cal= 10.13","stemmler@battelleecology.org",0.230,11.500,,
"18d68c0c-7a64-441b-8fa4-61eab1bbdd3a","D13","COMO","COMO.AOS.groundwater.well.002","2019-07-23T17:29Z","2019-07-23T22:30Z","COMO.W2.20190723","COMO.W2.20190723.ALK",,"cowell@battelleecology.org",0.170,8.680,,
"351c958a-c7d5-463b-8b2f-c48171af0779","D13","COMO","COMO.AOS.groundwater.well.003","2019-07-23T18:38Z","2019-07-24T14:10Z","COMO.W3.20190723","COMO.W3.20190723.ALK",,"stemmler@battelleecology.org",0.700,35.000,,
"bea1d98d-4b7c-4234-80ec-4a5b6236526a","D13","COMO","COMO.AOS.groundwater.well.003","2019-07-23T18:38Z","2019-07-24T14:43Z","COMO.W3.20190723","COMO.W3.20190723.ALK.REP2",,"stemmler@battelleecology.org",0.700,35.100,,
"59dd5e3c-a299-4229-ac45-7000af2146c6","D13","COMO","COMO.AOS.groundwater.well.004","2019-07-23T19:34Z","2019-07-24T15:31Z","COMO.W4.20190723","COMO.W4.20190723.ALK",,"stemmler@battelleecology.org",0.260,13.100,,
