uid,domainID,siteID,namedLocation,collectDate,parentSampleID,sampleCondition,sampleID,replicateNumber,gwwDICBubbleFree,gwwFiltSampleHeadspace,gwwAlkSampleHeadspace,gwwAlkSampleBubbleFree,processedDate,processedDateFilters,sampleVolumeFiltered,shipmentTimeRange
"165e8a0d-9219-4041-a31a-5038163f8640","D10","ARIK","ARIK.AOS.groundwater.well.002","2018-08-07T14:44Z","ARIK.W2.20180807","Sample condition ok","ARIK.W2.20180807",1,,,,,"2018-08-07T14:44Z","2018-08-07T16:25Z",549.0,
"2ee3d250-a837-4500-8155-873defbb6011","D10","ARIK","ARIK.AOS.groundwater.well.005","2018-08-07T15:34Z","ARIK.W5.20180807","Sample condition ok","ARIK.W5.20180807",1,,,,,,"2018-08-17T16:30Z",604.0,
"9f7be64c-3a58-48f2-bd6a-dac5e23ef58e","D10","ARIK","ARIK.AOS.groundwater.well.004","2018-08-07T16:29Z","ARIK.W4.20180807","Sample condition ok","ARIK.W4.20180807",1,,,,,"2018-08-07T16:29Z","2018-08-07T16:29Z",593.0,
"a6f87910-b362-4486-ba7e-d14a19fc66e8","D10","ARIK","ARIK.AOS.groundwater.well.001","2018-08-07T17:20Z","ARIK.W1.20180807","Sample condition ok","ARIK.W1.20180807",1,,,,,"2018-08-07T17:20Z","2018-08-17T16:30Z",500.0,
