uid,domainID,siteID,namedLocation,decimalLatitude,decimalLongitude,coordinateUncertainty,elevation,elevationUncertainty,geodeticDatum,collectDate,aquaticSiteType,samplingImpractical,waterChemSamplesCollected,adequateSampleVol,parentSampleID,eventID,swcSamplingProtocolVersion,sampleExtractionMethod,samplerType,totalWellDepth,wellWaterDepth,waterColumnHeight,sampleDepth,purgeAverageDischargeRate,purgeTime,gwWellStabilized,purgeDryDateTime,pumpPlacementDate,screenedIntervalDepth,maxAllowableDrawdown,actualDrawdown,MADExceeded,wellVolumePurged,probeIDUnavailable,dissolvedOxygen,dissolvedOxygenSaturation,specificConductance,waterTemp,pH,waterClarityDescrip,waterColorDescrip,aCollectedBy,bCollectedBy,remarks
"deb9f9fb-8c71-4674-a24f-b3c72f309e4b","D10","ARIK","ARIK.AOS.groundwater.well.002",39.757704,-102.447584,0.1,1181.3,0.1,"WGS84","2018-08-07T14:44Z","stream",,,,"ARIK.W2.20180807","ARIK.20180807","NEON.DOC.002905vE","low-flow","Groundwater Pump",9.4,2.9,6.5,3.9,,,,,,,,,,3.9,,6.68,75.70,387.60,15.30,,"clear","colorless","Bnance@Battelleecology.org","rlehrter@battelleecology.org",
"bf2d28ea-55ab-4a05-a006-fa12d9f42c70","D10","ARIK","ARIK.AOS.groundwater.well.005",39.759687,-102.448224,0.1,1181.1,0.1,"WGS84","2018-08-07T15:34Z","stream",,,,"ARIK.W5.20180807","ARIK.20180807","NEON.DOC.002905vE","low-flow","Groundwater Pump",9.3,2.6,6.7,3.6,,,,,,,,,,2.9,,0.09,1.10,547.00,14.60,,"clear","colorless","Bnance@Battelleecology.org","rlehrter@battelleecology.org",
"c70895f5-7dc2-4eab-a8f7-2822b622350f","D10","ARIK","ARIK.AOS.groundwater.well.004",39.760114,-102.451740,0.1,1182.7,0.1,"WGS84","2018-08-07T16:29Z","stream",,,,"ARIK.W4.20180807","ARIK.20180807","NEON.DOC.002905vE","low-flow","Groundwater Pump",8.9,2.4,6.6,3.4,,,,,,,,,,4.3,,0.13,1.50,627.00,17.40,,"clear","colorless","rlehrter@battelleecology.org","Bnance@Battelleecology.org",
"517b42a1-f530-4f3d-8002-addbac897588","D10","ARIK","ARIK.AOS.groundwater.well.001",39.758068,-102.452221,0.1,1184.4,0.1,"WGS84","2018-08-07T17:20Z","stream",,,,"ARIK.W1.20180807","ARIK.20180807","NEON.DOC.002905vE","low-flow","Groundwater Pump",9.1,4.4,4.7,5.4,,,,,,,,,,3.4,,3.52,39.40,409.50,14.40,,"clear","colorless","rlehrter@battelleecology.org","Bnance@Battelleecology.org",
