uid,domainID,siteID,namedLocation,sampleID,sampleCode,startDate,collectDate,laboratoryName,analyte,analyteConcentration,analyteUnits,coolerTemp,remarks,shipmentWarmQF,externalLabDataQF,sampleCondition
"5ac243b3-3bc2-40d2-80d9-b5faaf94f034","D10","ARIK","ARIK.AOS.groundwater.well.002","ARIK.W2.20180807.FIL","A00000031552","2018-08-07T14:44Z","2018-08-07T14:44Z","EcoCore_CSU","Mn",0.0010,"milligramsPerLiter",5.0,,0,"formatChange","GOOD"
"af4f042a-f90b-44ec-b0fb-ae5bb6b46a16","D10","ARIK","ARIK.AOS.groundwater.well.002","ARIK.W2.20180807.FIL","A00000031552","2018-08-07T14:44Z","2018-08-07T14:44Z","EcoCore_CSU","DIC",45.6000,"milligramsPerLiter",5.0,,0,"formatChange","GOOD"
"709aca6f-8d70-4eb7-a9a0-d0692aef2838","D10","ARIK","ARIK.AOS.groundwater.well.002","ARIK.W2.20180807.FIL","A00000031552","2018-08-07T14:44Z","2018-08-07T14:44Z","EcoCore_CSU","NH4 - N",0.0043,"milligramsPerLiter",5.0,,0,"formatChange","GOOD"
"d665450a-b724-4549-bacf-b30ae29eccfa","D10","ARIK","ARIK.AOS.groundwater.well.002","ARIK.W2.20180807.FIL","A00000031552","2018-08-07T14:44Z","2018-08-07T14:44Z","EcoCore_CSU","NO3+NO2 - N",1.6376,"milligramsPerLiter",5.0,,0,"formatChange","GOOD"
"e90c67ef-fb48-4871-9061-e644ceda0dcd","D10","ARIK","ARIK.AOS.groundwater.well.002","ARIK.W2.20180807.PCN","A00000032059","2018-08-07T14:44Z","2018-08-07T14:44Z","EcoCore_CSU","TPN",0.0520,"milligram",5.0,,0,"formatChange","GOOD"
"eb0b9488-57c4-44c6-8a34-b4c8e01af2ff","D10","ARIK","ARIK.AOS.groundwater.well.002","ARIK.W2.20180807.FIL","A00000031552","2018-08-07T14:44Z","2018-08-07T14:44Z","EcoCore_CSU","SO4",15.6570,"milligramsPerLiter",5.0,,0,"formatChange","GOOD"
"77889a1b-4109-472e-9271-73caf7990e68","D10","ARIK","ARIK.AOS.groundwater.well.002","ARIK.W2.20180807.FIL","A00000031552","2018-08-07T14:44Z","2018-08-07T14:44Z","EcoCore_CSU","TDN",2.0580,"milligramsPerLiter",5.0,,0,"formatChange","GOOD"
"e2eda214-e893-4457-863e-c5e3bd304255","D10","ARIK","ARIK.AOS.groundwater.well.002","ARIK.W2.20180807.FIL","A00000031552","2018-08-07T14:44Z","2018-08-07T14:44Z","EcoCore_CSU","Ca",40.1768,"milligramsPerLiter",5.0,,0,"formatChange","GOOD"
"a898698f-49dc-4ca0-b4df-d6134eef2cd9","D10","ARIK","ARIK.AOS.groundwater.well.002","ARIK.W2.20180807.FIL","A00000031552","2018-08-07T14:44Z","2018-08-07T14:44Z","EcoCore_CSU","TDP",0.0005,"milligramsPerLiter",5.0,,0,"formatChange","GOOD"
"5a333ffa-3815-441b-9c91-7a904c3ddbcb","D10","ARIK","ARIK.AOS.groundwater.well.002","ARIK.W2.20180807.FIL","A00000031552","2018-08-07T14:44Z","2018-08-07T14:44Z","EcoCore_CSU","CO3",0.0050,"milligramsPerLiter",5.0,,0,"formatChange","GOOD"
"36750ee7-4d3c-4560-ac95-315ee1143913","D10","ARIK","ARIK.AOS.groundwater.well.002","ARIK.W2.20180807.FIL","A00000031552","2018-08-07T14:44Z","2018-08-07T14:44Z","EcoCore_CSU","Mg",17.0200,"milligramsPerLiter",5.0,,0,"formatChange","GOOD"
"a0e37828-13b6-4b43-ab7a-85bf6fbc48f2","D10","ARIK","ARIK.AOS.groundwater.well.002","ARIK.W2.20180807.RAW","A00000031556","2018-08-07T14:44Z","2018-08-07T14:44Z","EcoCore_CSU","TOC",0.4807,"milligramsPerLiter",5.0,,0,"formatChange","GOOD"
"46517c37-9e8a-4f67-8b69-d901c2b575dd","D10","ARIK","ARIK.AOS.groundwater.well.002","ARIK.W2.20180807.FIL","A00000031552","2018-08-07T14:44Z","2018-08-07T14:44Z","EcoCore_CSU","K",5.7280,"milligramsPerLiter",5.0,,0,"formatChange","GOOD"
"d2003218-7437-4959-96d2-38e33a089bab","D10","ARIK","ARIK.AOS.groundwater.well.002","ARIK.W2.20180807.FIL","A00000031552","2018-08-07T14:44Z","2018-08-07T14:44Z","EcoCore_CSU","HCO3",249.4124,"milligramsPerLiter",5.0,,0,"formatChange","GOOD"
"649c6f0f-bd3a-4244-a558-28ee43fe8cc7","D10","ARIK","ARIK.AOS.groundwater.well.002","ARIK.W2.20180807.FIL","A00000031552","2018-08-07T14:44Z","2018-08-07T14:44Z","EcoCore_CSU","TDS",282.4700,"milligramsPerLiter",5.0,,0,"formatChange","GOOD"
"826ef20c-4a86-44cb-b6a2-61c867218286","D10","ARIK","ARIK.AOS.groundwater.well.002","ARIK.W2.20180807.FIL","A00000031552","2018-08-07T14:44Z","2018-08-07T14:44Z","EcoCore_CSU","Cl",7.7427,"milligramsPerLiter",5.0,,0,"formatChange","GOOD"
"2f5eba20-a74e-4ac7-b83d-57b9e69c41fb","D10","ARIK","ARIK.AOS.groundwater.well.002","ARIK.W2.20180807.FIL","A00000031552","2018-08-07T14:44Z","2018-08-07T14:44Z","EcoCore_CSU","Si",29.4864,"milligramsPerLiter",5.0,,0,"formatChange","GOOD"
"0102c940-c172-4c24-b061-c17652d252b9","D10","ARIK","ARIK.AOS.groundwater.well.002","ARIK.W2.20180807.RAW","A00000031556","2018-08-07T14:44Z","2018-08-07T14:44Z","EcoCore_CSU","TN",1.9770,"milligramsPerLiter",5.0,,0,"formatChange","GOOD"
"56f08897-0efc-4c67-a62b-53c3f6a60609","D10","ARIK","ARIK.AOS.groundwater.well.002","ARIK.W2.20180807.RAW","A00000031556","2018-08-07T14:44Z","2018-08-07T14:44Z","EcoCore_CSU","pH",7.9100,"pH",5.0,,0,"formatChange","GOOD"
"a5bb7eec-27a1-484d-8cd0-ea1fc1336401","D10","ARIK","ARIK.AOS.groundwater.well.002","ARIK.W2.20180807.FIL","A00000031552","2018-08-07T14:44Z","2018-08-07T14:44Z","EcoCore_CSU","DOC",0.5189,"milligramsPerLiter",5.0,,0,"formatChange","GOOD"
"6b5340b8-ce92-422b-9891-7d69a8c76d4c","D10","ARIK","ARIK.AOS.groundwater.well.002","ARIK.W2.20180807.FIL","A00000031552","2018-08-07T14:44Z","2018-08-07T14:44Z","EcoCore_CSU","Br",0.0050,"milligramsPerLiter",5.0,,0,"formatChange","GOOD"
"5ff17d32-71bf-44e1-bb9a-9219225b1c7e","D10","ARIK","ARIK.AOS.groundwater.well.002","ARIK.W2.20180807.RAW","A00000031556","2018-08-07T14:44Z","2018-08-07T14:44Z","EcoCore_CSU","TP",0.0040,"milligramsPerLiter",5.0,,0,"formatChange","GOOD"
"a87725d6-9211-4738-92f5-6c0ad60c5a7c","D10","ARIK","ARIK.AOS.groundwater.well.002","ARIK.W2.20180807.FIL","A00000031552","2018-08-07T14:44Z","2018-08-07T14:44Z","EcoCore_CSU","Ortho - P",1.6490,"milligramsPerLiter",5.0,,0,"formatChange","GOOD"
"400800f1-03e7-4c57-9a8a-e5ca62d31496","D10","ARIK","ARIK.AOS.groundwater.well.002","ARIK.W2.20180807.RAW","A00000031556","2018-08-07T14:44Z","2018-08-07T14:44Z","EcoCore_CSU","conductivity",393.0000,"microsiemensPerCentimeter",5.0,,0,"formatChange","GOOD"
"7d62e28e-4741-4b6b-8969-d8714d10b982","D10","ARIK","ARIK.AOS.groundwater.well.002","ARIK.W2.20180807.FIL","A00000031552","2018-08-07T14:44Z","2018-08-07T14:44Z","EcoCore_CSU","Fe",0.0005,"milligramsPerLiter",5.0,,0,"formatChange","GOOD"
"ab6c897f-f3b1-498d-ad2a-9e01d009536a","D10","ARIK","ARIK.AOS.groundwater.well.002","ARIK.W2.20180807.FIL","A00000031552","2018-08-07T14:44Z","2018-08-07T14:44Z","EcoCore_CSU","Na",19.3400,"milligramsPerLiter",5.0,,0,"formatChange","GOOD"
"eb9823c5-8497-4e61-8299-2264db3bdcab","D10","ARIK","ARIK.AOS.groundwater.well.002","ARIK.W2.20180807.RAW","A00000031556","2018-08-07T14:44Z","2018-08-07T14:44Z","EcoCore_CSU","ANC",4.9100,"milliequivalentsPerLiter",5.0,,0,"formatChange","GOOD"
"92f0fac7-5c06-4ec4-bb96-e5554b6cbf0a","D10","ARIK","ARIK.AOS.groundwater.well.002","ARIK.W2.20180807.FIL","A00000031552","2018-08-07T14:44Z","2018-08-07T14:44Z","EcoCore_CSU","UV Absorbance (250 nm)",0.0065,,5.0,,0,"formatChange","GOOD"
"abd2a0e3-7f2e-45c9-97b1-7921abdf965c","D10","ARIK","ARIK.AOS.groundwater.well.002","ARIK.W2.20180807.FIL","A00000031552","2018-08-07T14:44Z","2018-08-07T14:44Z","EcoCore_CSU","NO2 - N",0.0262,"milligramsPerLiter",5.0,,0,"formatChange","GOOD"
"41bdee3d-34dd-4aae-9135-8adf76162006","D10","ARIK","ARIK.AOS.groundwater.well.002","ARIK.W2.20180807.PCN","A00000032059","2018-08-07T14:44Z","2018-08-07T14:44Z","EcoCore_CSU","TPC",0.4116,"milligram",5.0,,0,"formatChange","GOOD"
"7252a79f-7e46-4eca-b862-8735a5768712","D10","ARIK","ARIK.AOS.groundwater.well.002","ARIK.W2.20180807.FIL","A00000031552","2018-08-07T14:44Z","2018-08-07T14:44Z","EcoCore_CSU","UV Absorbance (280 nm)",0.0041,,5.0,,0,"formatChange","GOOD"
"159cc822-a8fe-415a-969f-63970cbdecf0","D10","ARIK","ARIK.AOS.groundwater.well.002","ARIK.W2.20180807.RAW","A00000031556","2018-08-07T14:44Z","2018-08-07T14:44Z","EcoCore_CSU","TSS",20.0000,"milligramsPerLiter",5.0,,0,"formatChange","GOOD"
"5247c5bc-584a-4082-9d2c-e6079a160603","D10","ARIK","ARIK.AOS.groundwater.well.002","ARIK.W2.20180807.FIL","A00000031552","2018-08-07T14:44Z","2018-08-07T14:44Z","EcoCore_CSU","F",0.4983,"milligramsPerLiter",5.0,,0,"formatChange","GOOD"
"dff4bd2d-3eca-4588-9a2b-5c04785494b9","D10","ARIK","ARIK.AOS.groundwater.well.002","ARIK.W2.20180807.RAW","A00000031556","2018-08-07T14:44Z","2018-08-07T14:44Z","EcoCore_CSU","TSS - Dry Mass",1000.0000,"microgram",5.0,,0,"formatChange","GOOD"
"8da81882-c308-4b29-8b66-dd2634a43c3a","D10","ARIK","ARIK.AOS.groundwater.well.005","ARIK.W5.20180807.FIL","A00000031553","2018-08-07T15:34Z","2018-08-07T15:34Z","EcoCore_CSU","Na",25.8400,"milligramsPerLiter",5.0,,0,"formatChange","GOOD"
"ab0de718-80f3-4e1f-b222-3ad686c31989","D10","ARIK","ARIK.AOS.groundwater.well.005","ARIK.W5.20180807.FIL","A00000031553","2018-08-07T15:34Z","2018-08-07T15:34Z","EcoCore_CSU","UV Absorbance (250 nm)",0.0787,,5.0,,0,"formatChange","GOOD"
"18c95020-ea17-423b-bfff-d175fba15aeb","D10","ARIK","ARIK.AOS.groundwater.well.005","ARIK.W5.20180807.FIL","A00000031553","2018-08-07T15:34Z","2018-08-07T15:34Z","EcoCore_CSU","SO4",7.4220,"milligramsPerLiter",5.0,,0,"formatChange","GOOD"
"1073fc21-8856-4fb6-842a-2f45e12a6232","D10","ARIK","ARIK.AOS.groundwater.well.005","ARIK.W5.20180807.FIL","A00000031553","2018-08-07T15:34Z","2018-08-07T15:34Z","EcoCore_CSU","Cl",9.9832,"milligramsPerLiter",5.0,,0,"formatChange","GOOD"
"0dcfeebe-b0a0-40e5-9370-f09608e001c6","D10","ARIK","ARIK.AOS.groundwater.well.005","ARIK.W5.20180807.RAW","A00000031557","2018-08-07T15:34Z","2018-08-07T15:34Z","EcoCore_CSU","conductivity",553.5000,"microsiemensPerCentimeter",5.0,,0,"formatChange","GOOD"
"941a7778-e4bc-4849-986e-5cfc605a0d81","D10","ARIK","ARIK.AOS.groundwater.well.005","ARIK.W5.20180807.FIL","A00000031553","2018-08-07T15:34Z","2018-08-07T15:34Z","EcoCore_CSU","DIC",74.8300,"milligramsPerLiter",5.0,,0,"formatChange","GOOD"
"5ccefce4-4353-4ccd-b39e-33cde23ca7f6","D10","ARIK","ARIK.AOS.groundwater.well.005","ARIK.W5.20180807.FIL","A00000031553","2018-08-07T15:34Z","2018-08-07T15:34Z","EcoCore_CSU","F",0.0050,"milligramsPerLiter",5.0,,0,"formatChange","GOOD"
"88d02cc2-4bf2-4e18-8acb-02664af8af42","D10","ARIK","ARIK.AOS.groundwater.well.005","ARIK.W5.20180807.FIL","A00000031553","2018-08-07T15:34Z","2018-08-07T15:34Z","EcoCore_CSU","HCO3",360.7772,"milligramsPerLiter",5.0,,0,"formatChange","GOOD"
"f109d1c5-3f1b-4779-b42a-47bf2afb17a9","D10","ARIK","ARIK.AOS.groundwater.well.005","ARIK.W5.20180807.RAW","A00000031557","2018-08-07T15:34Z","2018-08-07T15:34Z","EcoCore_CSU","TSS",14.0000,"milligramsPerLiter",5.0,,0,"formatChange","GOOD"
"51d326b1-cc1a-4305-b05d-ce36d8b09413","D10","ARIK","ARIK.AOS.groundwater.well.005","ARIK.W5.20180807.RAW","A00000031557","2018-08-07T15:34Z","2018-08-07T15:34Z","EcoCore_CSU","pH",7.5500,"pH",5.0,,0,"formatChange","GOOD"
"e1e8458c-ea18-485f-afde-d6613f9d1d0e","D10","ARIK","ARIK.AOS.groundwater.well.005","ARIK.W5.20180807.PCN","A00000032045","2018-08-07T15:34Z","2018-08-07T15:34Z","EcoCore_CSU","TPC",0.3887,"milligram",5.0,,0,"formatChange","GOOD"
"832624a5-6f23-417e-a7c6-71a4d96b31f4","D10","ARIK","ARIK.AOS.groundwater.well.005","ARIK.W5.20180807.FIL","A00000031553","2018-08-07T15:34Z","2018-08-07T15:34Z","EcoCore_CSU","Fe",0.0099,"milligramsPerLiter",5.0,,0,"formatChange","GOOD"
"fc79db11-a788-449d-89a4-c8aa5bce2678","D10","ARIK","ARIK.AOS.groundwater.well.005","ARIK.W5.20180807.FIL","A00000031553","2018-08-07T15:34Z","2018-08-07T15:34Z","EcoCore_CSU","NH4 - N",0.0590,"milligramsPerLiter",5.0,,0,"formatChange","GOOD"
"81f14acb-903d-4a94-9b16-4871858f9ba5","D10","ARIK","ARIK.AOS.groundwater.well.005","ARIK.W5.20180807.FIL","A00000031553","2018-08-07T15:34Z","2018-08-07T15:34Z","EcoCore_CSU","TDN",0.2864,"milligramsPerLiter",5.0,,0,"formatChange","GOOD"
"f777098f-0ec7-48cb-8b9f-5d22a89edbb7","D10","ARIK","ARIK.AOS.groundwater.well.005","ARIK.W5.20180807.FIL","A00000031553","2018-08-07T15:34Z","2018-08-07T15:34Z","EcoCore_CSU","Mn",0.0890,"milligramsPerLiter",5.0,,0,"formatChange","GOOD"
"eafe762c-bb8d-41c3-a05e-0f763508a560","D10","ARIK","ARIK.AOS.groundwater.well.005","ARIK.W5.20180807.FIL","A00000031553","2018-08-07T15:34Z","2018-08-07T15:34Z","EcoCore_CSU","Ortho - P",0.0820,"milligramsPerLiter",5.0,,0,"formatChange","GOOD"
"b000c3ed-93fb-4cba-b4fa-b115fefc5013","D10","ARIK","ARIK.AOS.groundwater.well.005","ARIK.W5.20180807.FIL","A00000031553","2018-08-07T15:34Z","2018-08-07T15:34Z","EcoCore_CSU","NO3+NO2 - N",0.0119,"milligramsPerLiter",5.0,,0,"formatChange","GOOD"
"25dcdcd6-dddd-40dc-8f9e-05cbabfb948a","D10","ARIK","ARIK.AOS.groundwater.well.005","ARIK.W5.20180807.FIL","A00000031553","2018-08-07T15:34Z","2018-08-07T15:34Z","EcoCore_CSU","UV Absorbance (280 nm)",0.0542,,5.0,,0,"formatChange","GOOD"
"a99c97c3-acf1-4ccd-9ecf-df834f06c231","D10","ARIK","ARIK.AOS.groundwater.well.005","ARIK.W5.20180807.FIL","A00000031553","2018-08-07T15:34Z","2018-08-07T15:34Z","EcoCore_CSU","TDS",367.9800,"milligramsPerLiter",5.0,,0,"formatChange","GOOD"
"a7a517be-f89d-4919-b1a4-a1a682f5dd3c","D10","ARIK","ARIK.AOS.groundwater.well.005","ARIK.W5.20180807.FIL","A00000031553","2018-08-07T15:34Z","2018-08-07T15:34Z","EcoCore_CSU","Si",29.5847,"milligramsPerLiter",5.0,,0,"formatChange","GOOD"
"91aa4f2c-17bf-4d68-b0dc-8ca7c2b0dcdc","D10","ARIK","ARIK.AOS.groundwater.well.005","ARIK.W5.20180807.RAW","A00000031557","2018-08-07T15:34Z","2018-08-07T15:34Z","EcoCore_CSU","TN",0.3701,"milligramsPerLiter",5.0,,0,"formatChange","GOOD"
"4d3b780d-5cb6-4905-a1ac-a03955e8ec64","D10","ARIK","ARIK.AOS.groundwater.well.005","ARIK.W5.20180807.RAW","A00000031557","2018-08-07T15:34Z","2018-08-07T15:34Z","EcoCore_CSU","TP",0.0780,"milligramsPerLiter",5.0,,0,"formatChange","GOOD"
"52514c93-4290-4672-9c55-c58ce077be87","D10","ARIK","ARIK.AOS.groundwater.well.005","ARIK.W5.20180807.FIL","A00000031553","2018-08-07T15:34Z","2018-08-07T15:34Z","EcoCore_CSU","Ca",61.8190,"milligramsPerLiter",5.0,,0,"formatChange","GOOD"
"d84f8059-aa03-47a3-8dc7-24d60f13c7d3","D10","ARIK","ARIK.AOS.groundwater.well.005","ARIK.W5.20180807.FIL","A00000031553","2018-08-07T15:34Z","2018-08-07T15:34Z","EcoCore_CSU","NO2 - N",0.0165,"milligramsPerLiter",5.0,,0,"formatChange","GOOD"
"7fb1cf26-68a0-4c5d-a431-ffc0736e47b7","D10","ARIK","ARIK.AOS.groundwater.well.005","ARIK.W5.20180807.FIL","A00000031553","2018-08-07T15:34Z","2018-08-07T15:34Z","EcoCore_CSU","Mg",20.2500,"milligramsPerLiter",5.0,,0,"formatChange","GOOD"
"2ce6590a-00bb-4e20-9ee0-6db594df1b7c","D10","ARIK","ARIK.AOS.groundwater.well.005","ARIK.W5.20180807.FIL","A00000031553","2018-08-07T15:34Z","2018-08-07T15:34Z","EcoCore_CSU","TDP",0.0551,"milligramsPerLiter",5.0,,0,"formatChange","GOOD"
"06e90591-2e85-45c7-a1ff-7f2c4f50c347","D10","ARIK","ARIK.AOS.groundwater.well.005","ARIK.W5.20180807.FIL","A00000031553","2018-08-07T15:34Z","2018-08-07T15:34Z","EcoCore_CSU","CO3",0.0050,"milligramsPerLiter",5.0,,0,"formatChange","GOOD"
"43760ffe-0176-422c-acc6-629aec439e87","D10","ARIK","ARIK.AOS.groundwater.well.005","ARIK.W5.20180807.FIL","A00000031553","2018-08-07T15:34Z","2018-08-07T15:34Z","EcoCore_CSU","K",6.5160,"milligramsPerLiter",5.0,,0,"formatChange","GOOD"
"a1b2ff76-31e8-4739-8062-8d13568fb64b","D10","ARIK","ARIK.AOS.groundwater.well.005","ARIK.W5.20180807.RAW","A00000031557","2018-08-07T15:34Z","2018-08-07T15:34Z","EcoCore_CSU","ANC",6.3500,"milliequivalentsPerLiter",5.0,,0,"formatChange","GOOD"
"666b52cf-ee9b-43ab-8184-d920782611dd","D10","ARIK","ARIK.AOS.groundwater.well.005","ARIK.W5.20180807.FIL","A00000031553","2018-08-07T15:34Z","2018-08-07T15:34Z","EcoCore_CSU","DOC",2.7460,"milligramsPerLiter",5.0,,0,"formatChange","GOOD"
"2ae46270-27dd-4dbb-b149-d01fa2c4f0f9","D10","ARIK","ARIK.AOS.groundwater.well.005","ARIK.W5.20180807.FIL","A00000031553","2018-08-07T15:34Z","2018-08-07T15:34Z","EcoCore_CSU","Br",0.0050,"milligramsPerLiter",5.0,,0,"formatChange","GOOD"
"6853cb7c-57e7-4782-ae04-47b030bae3d4","D10","ARIK","ARIK.AOS.groundwater.well.005","ARIK.W5.20180807.PCN","A00000032045","2018-08-07T15:34Z","2018-08-07T15:34Z","EcoCore_CSU","TPN",0.0910,"milligram",5.0,,0,"formatChange","GOOD"
"ea3c219c-f2b6-46f7-bbb9-df3c069dff7d","D10","ARIK","ARIK.AOS.groundwater.well.005","ARIK.W5.20180807.RAW","A00000031557","2018-08-07T15:34Z","2018-08-07T15:34Z","EcoCore_CSU","TSS - Dry Mass",700.0000,"microgram",5.0,,0,"formatChange","GOOD"
"5e2f836d-eabf-4302-b21c-00954997c3cb","D10","ARIK","ARIK.AOS.groundwater.well.005","ARIK.W5.20180807.RAW","A00000031557","2018-08-07T15:34Z","2018-08-07T15:34Z","EcoCore_CSU","TOC",2.9640,"milligramsPerLiter",5.0,,0,"formatChange","GOOD"
"4c44b834-3648-43e3-89b6-404069554764","D10","ARIK","ARIK.AOS.groundwater.well.004","ARIK.W4.20180807.FIL","A00000031554","2018-08-07T16:29Z","2018-08-07T16:29Z","EcoCore_CSU","Cl",14.2979,"milligramsPerLiter",5.0,,0,"formatChange","GOOD"
"bffd7434-5c42-43be-8b2f-0c0781e6af16","D10","ARIK","ARIK.AOS.groundwater.well.004","ARIK.W4.20180807.FIL","A00000031554","2018-08-07T16:29Z","2018-08-07T16:29Z","EcoCore_CSU","K",8.1890,"milligramsPerLiter",5.0,,0,"formatChange","GOOD"
"e86d4d28-6b2e-4835-b175-7f12a729eca9","D10","ARIK","ARIK.AOS.groundwater.well.004","ARIK.W4.20180807.RAW","A00000031558","2018-08-07T16:29Z","2018-08-07T16:29Z","EcoCore_CSU","TP",0.0831,"milligramsPerLiter",5.0,,0,"formatChange","GOOD"
"df9690f0-4689-4df7-b63b-7c69d2895506","D10","ARIK","ARIK.AOS.groundwater.well.004","ARIK.W4.20180807.FIL","A00000031554","2018-08-07T16:29Z","2018-08-07T16:29Z","EcoCore_CSU","SO4",1.6560,"milligramsPerLiter",5.0,,0,"formatChange","GOOD"
"c4dfae1d-0417-4ddd-b77b-63117d0355ad","D10","ARIK","ARIK.AOS.groundwater.well.004","ARIK.W4.20180807.FIL","A00000031554","2018-08-07T16:29Z","2018-08-07T16:29Z","EcoCore_CSU","Mn",0.3230,"milligramsPerLiter",5.0,,0,"formatChange","GOOD"
"8506a207-90a8-4493-990a-ff686ef2ef11","D10","ARIK","ARIK.AOS.groundwater.well.004","ARIK.W4.20180807.FIL","A00000031554","2018-08-07T16:29Z","2018-08-07T16:29Z","EcoCore_CSU","Ortho - P",0.0190,"milligramsPerLiter",5.0,,0,"formatChange","GOOD"
"05acddd4-1187-425d-b45b-bc4f62da218d","D10","ARIK","ARIK.AOS.groundwater.well.004","ARIK.W4.20180807.FIL","A00000031554","2018-08-07T16:29Z","2018-08-07T16:29Z","EcoCore_CSU","Si",32.0287,"milligramsPerLiter",5.0,,0,"formatChange","GOOD"
"7e74f3c3-05d3-4e0f-995a-f16acce07b9c","D10","ARIK","ARIK.AOS.groundwater.well.004","ARIK.W4.20180807.FIL","A00000031554","2018-08-07T16:29Z","2018-08-07T16:29Z","EcoCore_CSU","NO2 - N",0.0181,"milligramsPerLiter",5.0,,0,"formatChange","GOOD"
"968331e3-26d7-42e6-af94-6f49c4238ea2","D10","ARIK","ARIK.AOS.groundwater.well.004","ARIK.W4.20180807.FIL","A00000031554","2018-08-07T16:29Z","2018-08-07T16:29Z","EcoCore_CSU","TDP",0.0276,"milligramsPerLiter",5.0,,0,"formatChange","GOOD"
"7d10c353-476c-4f25-9f6e-dc8465b4aae8","D10","ARIK","ARIK.AOS.groundwater.well.004","ARIK.W4.20180807.PCN","A00000032058","2018-08-07T16:29Z","2018-08-07T16:29Z","EcoCore_CSU","TPN",0.0824,"milligram",5.0,,0,"formatChange","GOOD"
"7d29ed12-1889-4573-a88e-5e0c16ac01e4","D10","ARIK","ARIK.AOS.groundwater.well.004","ARIK.W4.20180807.PCN","A00000032058","2018-08-07T16:29Z","2018-08-07T16:29Z","EcoCore_CSU","TPC",0.3982,"milligram",5.0,,0,"formatChange","GOOD"
"556faa9c-0193-48b6-829e-cef539739414","D10","ARIK","ARIK.AOS.groundwater.well.004","ARIK.W4.20180807.FIL","A00000031554","2018-08-07T16:29Z","2018-08-07T16:29Z","EcoCore_CSU","NO3+NO2 - N",0.0152,"milligramsPerLiter",5.0,,0,"formatChange","GOOD"
"d350f412-c7a9-4dc6-95a9-e996bd54908c","D10","ARIK","ARIK.AOS.groundwater.well.004","ARIK.W4.20180807.FIL","A00000031554","2018-08-07T16:29Z","2018-08-07T16:29Z","EcoCore_CSU","UV Absorbance (280 nm)",0.1588,,5.0,,0,"formatChange","GOOD"
"91a5b450-6be6-4cd9-aa1b-7c8bdc5f0958","D10","ARIK","ARIK.AOS.groundwater.well.004","ARIK.W4.20180807.RAW","A00000031558","2018-08-07T16:29Z","2018-08-07T16:29Z","EcoCore_CSU","TSS - Dry Mass",100.0000,"microgram",5.0,,0,"formatChange","GOOD"
"abf9f968-85d0-4b7a-b1d0-1aa5a6342340","D10","ARIK","ARIK.AOS.groundwater.well.004","ARIK.W4.20180807.FIL","A00000031554","2018-08-07T16:29Z","2018-08-07T16:29Z","EcoCore_CSU","TDS",421.6300,"milligramsPerLiter",5.0,,0,"formatChange","GOOD"
"1e342d1b-aaa8-4dab-8782-1a0331cd592e","D10","ARIK","ARIK.AOS.groundwater.well.004","ARIK.W4.20180807.RAW","A00000031558","2018-08-07T16:29Z","2018-08-07T16:29Z","EcoCore_CSU","pH",7.6800,"pH",5.0,,0,"formatChange","GOOD"
"fa2dc96f-2484-45a1-b36a-8c36b05b4be7","D10","ARIK","ARIK.AOS.groundwater.well.004","ARIK.W4.20180807.FIL","A00000031554","2018-08-07T16:29Z","2018-08-07T16:29Z","EcoCore_CSU","Mg",23.9300,"milligramsPerLiter",5.0,,0,"formatChange","GOOD"
"aaa48b90-79b1-4aaa-8b28-b48a31da2d5e","D10","ARIK","ARIK.AOS.groundwater.well.004","ARIK.W4.20180807.FIL","A00000031554","2018-08-07T16:29Z","2018-08-07T16:29Z","EcoCore_CSU","NH4 - N",0.1833,"milligramsPerLiter",5.0,,0,"formatChange","GOOD"
"fbb2313c-a409-45ac-a636-4c0671e7b0ca","D10","ARIK","ARIK.AOS.groundwater.well.004","ARIK.W4.20180807.FIL","A00000031554","2018-08-07T16:29Z","2018-08-07T16:29Z","EcoCore_CSU","CO3",0.0050,"milligramsPerLiter",5.0,,0,"formatChange","GOOD"
"03df1bdd-053f-4d8c-a3ff-85daa2a9c6f3","D10","ARIK","ARIK.AOS.groundwater.well.004","ARIK.W4.20180807.FIL","A00000031554","2018-08-07T16:29Z","2018-08-07T16:29Z","EcoCore_CSU","TDN",0.4754,"milligramsPerLiter",5.0,,0,"formatChange","GOOD"
"127f21b6-7fe0-4cab-b9e8-af353bb19e7e","D10","ARIK","ARIK.AOS.groundwater.well.004","ARIK.W4.20180807.FIL","A00000031554","2018-08-07T16:29Z","2018-08-07T16:29Z","EcoCore_CSU","Br",0.0050,"milligramsPerLiter",5.0,,0,"formatChange","GOOD"
"7f4509a7-506a-4626-9454-f7ff7019b83f","D10","ARIK","ARIK.AOS.groundwater.well.004","ARIK.W4.20180807.FIL","A00000031554","2018-08-07T16:29Z","2018-08-07T16:29Z","EcoCore_CSU","Fe",0.1086,"milligramsPerLiter",5.0,,0,"formatChange","GOOD"
"d6eb3f5d-dd6a-407e-b607-aa73c460315b","D10","ARIK","ARIK.AOS.groundwater.well.004","ARIK.W4.20180807.FIL","A00000031554","2018-08-07T16:29Z","2018-08-07T16:29Z","EcoCore_CSU","F",0.0050,"milligramsPerLiter",5.0,,0,"formatChange","GOOD"
"ae663847-84ab-41eb-97bd-3cf7c4ae696e","D10","ARIK","ARIK.AOS.groundwater.well.004","ARIK.W4.20180807.FIL","A00000031554","2018-08-07T16:29Z","2018-08-07T16:29Z","EcoCore_CSU","Ca",71.7170,"milligramsPerLiter",5.0,,0,"formatChange","GOOD"
"10569c47-9f1c-4ced-83bf-c2a3fcf1925d","D10","ARIK","ARIK.AOS.groundwater.well.004","ARIK.W4.20180807.FIL","A00000031554","2018-08-07T16:29Z","2018-08-07T16:29Z","EcoCore_CSU","Na",30.4600,"milligramsPerLiter",5.0,,0,"formatChange","GOOD"
"e39969ee-1cac-4708-8c5e-4c005fbe19b1","D10","ARIK","ARIK.AOS.groundwater.well.004","ARIK.W4.20180807.FIL","A00000031554","2018-08-07T16:29Z","2018-08-07T16:29Z","EcoCore_CSU","UV Absorbance (250 nm)",0.2108,,5.0,,0,"formatChange","GOOD"
"50315b77-387b-4166-a8ed-d5ae3f67429f","D10","ARIK","ARIK.AOS.groundwater.well.004","ARIK.W4.20180807.RAW","A00000031558","2018-08-07T16:29Z","2018-08-07T16:29Z","EcoCore_CSU","TSS",2.0000,"milligramsPerLiter",5.0,,0,"formatChange","GOOD"
"50eeca4c-859f-43ac-96dd-a9e9a1b2f09b","D10","ARIK","ARIK.AOS.groundwater.well.004","ARIK.W4.20180807.FIL","A00000031554","2018-08-07T16:29Z","2018-08-07T16:29Z","EcoCore_CSU","HCO3",431.8702,"milligramsPerLiter",5.0,,0,"formatChange","GOOD"
"a50fd6d1-a0ed-4b92-82a2-bd6ad52460cc","D10","ARIK","ARIK.AOS.groundwater.well.004","ARIK.W4.20180807.FIL","A00000031554","2018-08-07T16:29Z","2018-08-07T16:29Z","EcoCore_CSU","DOC",4.1570,"milligramsPerLiter",5.0,,0,"formatChange","GOOD"
"07e7c448-229b-46a8-9611-ee1f2d229ace","D10","ARIK","ARIK.AOS.groundwater.well.004","ARIK.W4.20180807.RAW","A00000031558","2018-08-07T16:29Z","2018-08-07T16:29Z","EcoCore_CSU","ANC",7.8400,"milliequivalentsPerLiter",5.0,,0,"formatChange","GOOD"
"c85dadf9-a07c-43c8-b12a-2fb5cfb0288d","D10","ARIK","ARIK.AOS.groundwater.well.004","ARIK.W4.20180807.RAW","A00000031558","2018-08-07T16:29Z","2018-08-07T16:29Z","EcoCore_CSU","conductivity",600.6000,"microsiemensPerCentimeter",5.0,,0,"formatChange","GOOD"
"6f532693-a4a1-48e4-9f1b-66a1171bf7a2","D10","ARIK","ARIK.AOS.groundwater.well.004","ARIK.W4.20180807.RAW","A00000031558","2018-08-07T16:29Z","2018-08-07T16:29Z","EcoCore_CSU","TN",0.4430,"milligramsPerLiter",5.0,,0,"formatChange","GOOD"
"be96108d-3352-4c55-9b7c-e527d78568d1","D10","ARIK","ARIK.AOS.groundwater.well.004","ARIK.W4.20180807.FIL","A00000031554","2018-08-07T16:29Z","2018-08-07T16:29Z","EcoCore_CSU","DIC",87.8800,"milligramsPerLiter",5.0,,0,"formatChange","GOOD"
"c9721d5a-732f-442b-9d99-1f5086ff7995","D10","ARIK","ARIK.AOS.groundwater.well.004","ARIK.W4.20180807.RAW","A00000031558","2018-08-07T16:29Z","2018-08-07T16:29Z","EcoCore_CSU","TOC",3.8100,"milligramsPerLiter",5.0,,0,"formatChange","GOOD"
"c8b349d8-36ba-4863-992c-69b0ea8a2e58","D10","ARIK","ARIK.AOS.groundwater.well.001","ARIK.W1.20180807.FIL","A00000031551","2018-08-07T17:20Z","2018-08-07T17:20Z","EcoCore_CSU","Mg",17.7400,"milligramsPerLiter",5.0,,0,"formatChange","GOOD"
"40c3211f-b1ec-4ac6-914a-3afee0ee1344","D10","ARIK","ARIK.AOS.groundwater.well.001","ARIK.W1.20180807.RAW","A00000031555","2018-08-07T17:20Z","2018-08-07T17:20Z","EcoCore_CSU","conductivity",403.1000,"microsiemensPerCentimeter",5.0,,0,"formatChange","GOOD"
"4ae87013-a2c9-44b2-872e-4e89f7081f4c","D10","ARIK","ARIK.AOS.groundwater.well.001","ARIK.W1.20180807.FIL","A00000031551","2018-08-07T17:20Z","2018-08-07T17:20Z","EcoCore_CSU","NO2 - N",0.0154,"milligramsPerLiter",5.0,,0,"formatChange","GOOD"
"0b8ec0ba-a9c0-44ca-b764-a2a6a067d6c8","D10","ARIK","ARIK.AOS.groundwater.well.001","ARIK.W1.20180807.FIL","A00000031551","2018-08-07T17:20Z","2018-08-07T17:20Z","EcoCore_CSU","Na",20.8700,"milligramsPerLiter",5.0,,0,"formatChange","GOOD"
"497162fa-5cb1-474b-9cb1-085da9765116","D10","ARIK","ARIK.AOS.groundwater.well.001","ARIK.W1.20180807.FIL","A00000031551","2018-08-07T17:20Z","2018-08-07T17:20Z","EcoCore_CSU","Ca",43.7639,"milligramsPerLiter",5.0,,0,"formatChange","GOOD"
"312914d7-9d02-45ed-89fc-8cf815b6f623","D10","ARIK","ARIK.AOS.groundwater.well.001","ARIK.W1.20180807.FIL","A00000031551","2018-08-07T17:20Z","2018-08-07T17:20Z","EcoCore_CSU","NO3+NO2 - N",0.9735,"milligramsPerLiter",5.0,,0,"formatChange","GOOD"
"4381e681-eee0-44ca-88a9-c5e5b37b2423","D10","ARIK","ARIK.AOS.groundwater.well.001","ARIK.W1.20180807.FIL","A00000031551","2018-08-07T17:20Z","2018-08-07T17:20Z","EcoCore_CSU","F",0.4352,"milligramsPerLiter",5.0,,0,"formatChange","GOOD"
"966b898a-2443-435e-ae20-d94eb261e7b2","D10","ARIK","ARIK.AOS.groundwater.well.001","ARIK.W1.20180807.FIL","A00000031551","2018-08-07T17:20Z","2018-08-07T17:20Z","EcoCore_CSU","Cl",6.3425,"milligramsPerLiter",5.0,,0,"formatChange","GOOD"
"f7154071-342c-4a47-8a9b-5b08a5d60277","D10","ARIK","ARIK.AOS.groundwater.well.001","ARIK.W1.20180807.FIL","A00000031551","2018-08-07T17:20Z","2018-08-07T17:20Z","EcoCore_CSU","TDS",285.4100,"milligramsPerLiter",5.0,,0,"formatChange","GOOD"
"321b2706-edc3-4f65-b4ec-e8865792c315","D10","ARIK","ARIK.AOS.groundwater.well.001","ARIK.W1.20180807.FIL","A00000031551","2018-08-07T17:20Z","2018-08-07T17:20Z","EcoCore_CSU","Mn",0.0180,"milligramsPerLiter",5.0,,0,"formatChange","GOOD"
"c910946a-0ce1-4070-bb2d-fb3a53b3cf3e","D10","ARIK","ARIK.AOS.groundwater.well.001","ARIK.W1.20180807.FIL","A00000031551","2018-08-07T17:20Z","2018-08-07T17:20Z","EcoCore_CSU","Br",0.0050,"milligramsPerLiter",5.0,,0,"formatChange","GOOD"
"702e81fe-4ffb-4bd1-923c-0d53bf9a3dfd","D10","ARIK","ARIK.AOS.groundwater.well.001","ARIK.W1.20180807.FIL","A00000031551","2018-08-07T17:20Z","2018-08-07T17:20Z","EcoCore_CSU","Fe",0.0021,"milligramsPerLiter",5.0,,0,"formatChange","GOOD"
"2ac8a762-2596-4eaf-ac39-245a013a06c2","D10","ARIK","ARIK.AOS.groundwater.well.001","ARIK.W1.20180807.FIL","A00000031551","2018-08-07T17:20Z","2018-08-07T17:20Z","EcoCore_CSU","UV Absorbance (250 nm)",0.0190,,5.0,,0,"formatChange","GOOD"
"08973f63-38ce-442c-a090-f8bb9201075f","D10","ARIK","ARIK.AOS.groundwater.well.001","ARIK.W1.20180807.RAW","A00000031555","2018-08-07T17:20Z","2018-08-07T17:20Z","EcoCore_CSU","ANC",4.5800,"milliequivalentsPerLiter",5.0,,0,"formatChange","GOOD"
"f4716422-dbef-4b98-bf26-506976237e45","D10","ARIK","ARIK.AOS.groundwater.well.001","ARIK.W1.20180807.FIL","A00000031551","2018-08-07T17:20Z","2018-08-07T17:20Z","EcoCore_CSU","SO4",17.8350,"milligramsPerLiter",5.0,,0,"formatChange","GOOD"
"05453529-f935-4575-b7ec-bc85654667dc","D10","ARIK","ARIK.AOS.groundwater.well.001","ARIK.W1.20180807.PCN","A00000032055","2018-08-07T17:20Z","2018-08-07T17:20Z","EcoCore_CSU","TPN",0.0573,"milligram",5.0,,0,"formatChange","GOOD"
"af885ddf-e536-458c-b729-638935c2052a","D10","ARIK","ARIK.AOS.groundwater.well.001","ARIK.W1.20180807.FIL","A00000031551","2018-08-07T17:20Z","2018-08-07T17:20Z","EcoCore_CSU","CO3",0.0050,"milligramsPerLiter",5.0,,0,"formatChange","GOOD"
"0b5d9f93-0539-4772-a442-43f6d66404b4","D10","ARIK","ARIK.AOS.groundwater.well.001","ARIK.W1.20180807.FIL","A00000031551","2018-08-07T17:20Z","2018-08-07T17:20Z","EcoCore_CSU","Si",29.0001,"milligramsPerLiter",5.0,,0,"formatChange","GOOD"
"b78bad2f-4f56-43a1-b6c9-c1cf2a11cd19","D10","ARIK","ARIK.AOS.groundwater.well.001","ARIK.W1.20180807.RAW","A00000031555","2018-08-07T17:20Z","2018-08-07T17:20Z","EcoCore_CSU","TN",1.4860,"milligramsPerLiter",5.0,,0,"formatChange","GOOD"
"6f0438fa-bcaa-4677-92f5-de5bad33fbc0","D10","ARIK","ARIK.AOS.groundwater.well.001","ARIK.W1.20180807.FIL","A00000031551","2018-08-07T17:20Z","2018-08-07T17:20Z","EcoCore_CSU","HCO3",265.7440,"milligramsPerLiter",5.0,,0,"formatChange","GOOD"
"2d7f953f-3e79-4c68-a6a0-7d15bbb150ba","D10","ARIK","ARIK.AOS.groundwater.well.001","ARIK.W1.20180807.RAW","A00000031555","2018-08-07T17:20Z","2018-08-07T17:20Z","EcoCore_CSU","TSS - Dry Mass",500.0000,"microgram",5.0,,0,"formatChange","GOOD"
"f30a0c72-993c-4ff7-a7ba-480bdc3b0ef5","D10","ARIK","ARIK.AOS.groundwater.well.001","ARIK.W1.20180807.RAW","A00000031555","2018-08-07T17:20Z","2018-08-07T17:20Z","EcoCore_CSU","TP",0.0020,"milligramsPerLiter",5.0,,0,"formatChange","GOOD"
"bd530c55-2652-4627-a883-c2a3a81d7c4c","D10","ARIK","ARIK.AOS.groundwater.well.001","ARIK.W1.20180807.RAW","A00000031555","2018-08-07T17:20Z","2018-08-07T17:20Z","EcoCore_CSU","pH",7.9400,"pH",5.0,,0,"formatChange","GOOD"
"40a0919c-a577-4eb4-8461-60cc12bde95e","D10","ARIK","ARIK.AOS.groundwater.well.001","ARIK.W1.20180807.FIL","A00000031551","2018-08-07T17:20Z","2018-08-07T17:20Z","EcoCore_CSU","TDP",0.0005,"milligramsPerLiter",5.0,,0,"formatChange","GOOD"
"090c8457-3cf3-4dfa-b909-81363d32a806","D10","ARIK","ARIK.AOS.groundwater.well.001","ARIK.W1.20180807.FIL","A00000031551","2018-08-07T17:20Z","2018-08-07T17:20Z","EcoCore_CSU","Ortho - P",0.0150,"milligramsPerLiter",5.0,,0,"formatChange","GOOD"
"e6ab581a-1123-44db-be40-499cc685392d","D10","ARIK","ARIK.AOS.groundwater.well.001","ARIK.W1.20180807.FIL","A00000031551","2018-08-07T17:20Z","2018-08-07T17:20Z","EcoCore_CSU","DOC",0.6702,"milligramsPerLiter",5.0,,0,"formatChange","GOOD"
"6c613e3f-22fe-4e3d-9bc4-7b203edf9955","D10","ARIK","ARIK.AOS.groundwater.well.001","ARIK.W1.20180807.PCN","A00000032055","2018-08-07T17:20Z","2018-08-07T17:20Z","EcoCore_CSU","TPC",0.3628,"milligram",5.0,,0,"formatChange","GOOD"
"f58b7aa8-59ff-4162-a1b7-6bac288846b0","D10","ARIK","ARIK.AOS.groundwater.well.001","ARIK.W1.20180807.FIL","A00000031551","2018-08-07T17:20Z","2018-08-07T17:20Z","EcoCore_CSU","NH4 - N",0.0270,"milligramsPerLiter",5.0,,0,"formatChange","GOOD"
"73b3a447-dc3c-4f16-bcd6-48c865c99d6a","D10","ARIK","ARIK.AOS.groundwater.well.001","ARIK.W1.20180807.FIL","A00000031551","2018-08-07T17:20Z","2018-08-07T17:20Z","EcoCore_CSU","TDN",1.4630,"milligramsPerLiter",5.0,,0,"formatChange","GOOD"
"bc77bcbe-f294-4442-883f-1b0854dbbfd4","D10","ARIK","ARIK.AOS.groundwater.well.001","ARIK.W1.20180807.RAW","A00000031555","2018-08-07T17:20Z","2018-08-07T17:20Z","EcoCore_CSU","TSS",10.0000,"milligramsPerLiter",5.0,,0,"formatChange","GOOD"
"f4a4ca75-1dd4-4f99-a04c-f35d44289e1e","D10","ARIK","ARIK.AOS.groundwater.well.001","ARIK.W1.20180807.FIL","A00000031551","2018-08-07T17:20Z","2018-08-07T17:20Z","EcoCore_CSU","UV Absorbance (280 nm)",0.0122,,5.0,,0,"formatChange","GOOD"
"a5cb411c-f7d3-45ab-b0a4-35039b55a86e","D10","ARIK","ARIK.AOS.groundwater.well.001","ARIK.W1.20180807.RAW","A00000031555","2018-08-07T17:20Z","2018-08-07T17:20Z","EcoCore_CSU","TOC",0.6186,"milligramsPerLiter",5.0,,0,"formatChange","GOOD"
"60d4c6dd-b696-41c3-800c-b6c94161e610","D10","ARIK","ARIK.AOS.groundwater.well.001","ARIK.W1.20180807.FIL","A00000031551","2018-08-07T17:20Z","2018-08-07T17:20Z","EcoCore_CSU","DIC",49.4300,"milligramsPerLiter",5.0,,0,"formatChange","GOOD"
"2dd11fb9-d770-46cd-980a-1de684480104","D10","ARIK","ARIK.AOS.groundwater.well.001","ARIK.W1.20180807.FIL","A00000031551","2018-08-07T17:20Z","2018-08-07T17:20Z","EcoCore_CSU","K",6.0100,"milligramsPerLiter",5.0,,0,"formatChange","GOOD"
