uid,domainID,siteID,namedLocation,collectDate,parentSampleID,sampleCondition,sampleID,replicateNumber,gwwDICBubbleFree,gwwFiltSampleHeadspace,gwwAlkSampleHeadspace,gwwAlkSampleBubbleFree,processedDate,processedDateFilters,sampleVolumeFiltered,shipmentTimeRange
"af118d97-05ad-4c26-b2b1-fce37c5f71ee","D09","PRPO","PRPO.AOS.groundwater.well.001","2017-06-05T14:40Z","PRPO.W1.20170605","Sample condition ok","PRPO.W1.20170605",1,,,,,"2017-06-05T15:40Z","2017-06-05T15:50Z",150.0,
"1ea3ad68-62e8-4d0e-8905-84938c5701ca","D09","PRPO","PRPO.AOS.groundwater.well.003","2017-06-05T16:12Z","PRPO.W3.20170605","Sample condition ok","PRPO.W3.20170605",1,,,,,"2017-06-05T17:27Z","2017-06-05T17:27Z",400.0,
"967d1f92-7d91-460c-8b78-7142388b86b2","D09","PRPO","PRPO.AOS.groundwater.well.005","2017-06-05T17:40Z","PRPO.W5.20170605","Sample condition ok","PRPO.W5.20170605",1,,,,,"2017-06-05T19:05Z","2017-06-05T19:05Z",400.0,
"29105695-2cd8-47ef-b13f-7b756ca4a6a5","D09","PRPO","PRPO.AOS.groundwater.well.007","2017-06-05T19:05Z","PRPO.W7.20170605","Sample condition ok","PRPO.W7.20170605",1,,,,,"2017-06-05T19:40Z","2017-06-05T19:40Z",550.0,
