uid,domainID,siteID,namedLocation,decimalLatitude,decimalLongitude,coordinateUncertainty,elevation,elevationUncertainty,geodeticDatum,collectDate,aquaticSiteType,samplingImpractical,waterChemSamplesCollected,adequateSampleVol,parentSampleID,eventID,swcSamplingProtocolVersion,sampleExtractionMethod,samplerType,totalWellDepth,wellWaterDepth,waterColumnHeight,sampleDepth,purgeAverageDischargeRate,purgeTime,gwWellStabilized,purgeDryDateTime,pumpPlacementDate,screenedIntervalDepth,maxAllowableDrawdown,actualDrawdown,MADExceeded,wellVolumePurged,probeIDUnavailable,dissolvedOxygen,dissolvedOxygenSaturation,specificConductance,waterTemp,pH,waterClarityDescrip,waterColorDescrip,aCollectedBy,bCollectedBy,remarks
"06539a25-6f7b-4c28-a742-f62ca0fcd279","D09","PRPO","PRPO.AOS.groundwater.well.001",47.129125,-99.251580,0.1,592.0,0.1,"WGS84","2017-06-05T14:40Z","lake",,,,"PRPO.W1.20170605","PRPO.20170605","NEON.DOC.002905vD","low-flow","Groundwater Pump",7.2,2.4,4.8,3.4,,,,,,,,,,2.7,,,6.30,5673.00,9.10,,"cloudy","colorless","jeldridge@neoninc.org","totto@neoninc.org","Aqua troll out at 08:45; end collection time 10:04. Pump ID 53. Hand-pump broke while filtering PCN; pump start time estimated 2 minutes before purging"
"34ca690a-a801-48fb-a6c2-0824eacf32cc","D09","PRPO","PRPO.AOS.groundwater.well.003",47.127319,-99.255063,0.1,594.4,0.1,"WGS84","2017-06-05T16:12Z","lake",,,,"PRPO.W3.20170605","PRPO.20170605","NEON.DOC.002905vD","low-flow","Groundwater Pump",9.4,4.0,5.4,5.0,,,,,,,,,,5.1,,,3.10,2384.00,8.50,,"clear","colorless","jeldridge@neoninc.org","totto@neoninc.org","Aqua troll out about 10:55; pump start time estimated 2 minutes before purging"
"86617ffb-b2c2-485d-a8d0-9d65bdd3a580","D09","PRPO","PRPO.AOS.groundwater.well.005",47.129698,-99.255141,0.1,592.6,0.1,"WGS84","2017-06-05T17:40Z","lake",,,,"PRPO.W5.20170605","PRPO.20170605","NEON.DOC.002905vD","low-flow","Groundwater Pump",7.6,2.8,4.7,3.8,,,,,,,,,,2.8,,2.08,20.00,4705.00,9.70,,"clear","colorless","jeldridge@neoninc.org","totto@neoninc.org","Aqua troll removed about 12:05; replaced at 13:10. water noted as slightly cloudy at end of purge; pump start time estimated 2 minutes before purging"
"31ca821d-1530-48c0-97a4-e2dfd5f988f1","D09","PRPO","PRPO.AOS.groundwater.well.007",47.131704,-99.250610,0.1,592.6,0.1,"WGS84","2017-06-05T19:05Z","lake",,,,"PRPO.W7.20170605","PRPO.20170605","NEON.DOC.002905vD","low-flow","Groundwater Pump",8.2,2.4,5.8,3.4,,,,,,,,,,2.2,,,8.40,1079.00,10.20,,"clear","colorless","totto@neoninc.org","rhowell@battelleecology.org",
