uid,domainID,siteID,namedLocation,sampleID,sampleCode,startDate,collectDate,laboratoryName,analyte,analyteConcentration,analyteUnits,coolerTemp,remarks,shipmentWarmQF,externalLabDataQF,sampleCondition
"d0b22109-dd8c-4875-9cfc-ace9737f1c73","D09","PRPO","PRPO.AOS.groundwater.well.001","PRPO.W1.20170605.FIL",,"2017-06-05T14:40Z","2017-06-05T14:40Z","EcoCore_CSU","NO3+NO2 - N",0.0210,"milligramsPerLiter",0.7,,0,"formatChange","GOOD"
"2a46355b-4a4e-4fe6-9217-826e1a304a6a","D09","PRPO","PRPO.AOS.groundwater.well.001","PRPO.W1.20170605.FIL",,"2017-06-05T14:40Z","2017-06-05T14:40Z","EcoCore_CSU","SO4",845.4300,"milligramsPerLiter",0.7,,0,"formatChange","GOOD"
"ff609368-44e3-4acd-961a-53e3ba344a03","D09","PRPO","PRPO.AOS.groundwater.well.001","PRPO.W1.20170605.FIL",,"2017-06-05T14:40Z","2017-06-05T14:40Z","EcoCore_CSU","Br",1.1900,"milligramsPerLiter",0.7,,0,"formatChange","GOOD"
"739d12cb-5b59-4eb2-831c-fae38061d552","D09","PRPO","PRPO.AOS.groundwater.well.001","PRPO.W1.20170605.FIL",,"2017-06-05T14:40Z","2017-06-05T14:40Z","EcoCore_CSU","Fe",0.0005,"milligramsPerLiter",0.7,,0,"formatChange","GOOD"
"99e5fff6-8156-4413-aa3f-1bf8e595f76d","D09","PRPO","PRPO.AOS.groundwater.well.001","PRPO.W1.20170605.FIL",,"2017-06-05T14:40Z","2017-06-05T14:40Z","EcoCore_CSU","DIC",90.9700,"milligramsPerLiter",0.7,,0,"formatChange","GOOD"
"37345b00-be1d-44bd-b8c9-5b04a4fd800f","D09","PRPO","PRPO.AOS.groundwater.well.001","PRPO.W1.20170605.RAW",,"2017-06-05T14:40Z","2017-06-05T14:40Z","EcoCore_CSU","conductivity",5239.7000,"microsiemensPerCentimeter",0.7,,0,"formatChange","GOOD"
"99b7baad-aea6-4333-bf85-82d6d1930e11","D09","PRPO","PRPO.AOS.groundwater.well.001","PRPO.W1.20170605.PCN",,"2017-06-05T14:40Z","2017-06-05T14:40Z","EcoCore_CSU","TPC",0.4107,"milligram",0.7,,0,"formatChange","GOOD"
"18ad9186-d433-447d-bd18-004bf222f101","D09","PRPO","PRPO.AOS.groundwater.well.001","PRPO.W1.20170605.FIL",,"2017-06-05T14:40Z","2017-06-05T14:40Z","EcoCore_CSU","Si",12.3100,"milligramsPerLiter",0.7,,0,"formatChange","GOOD"
"41d212da-9ede-405e-93f7-80c3a4b8a80a","D09","PRPO","PRPO.AOS.groundwater.well.001","PRPO.W1.20170605.FIL",,"2017-06-05T14:40Z","2017-06-05T14:40Z","EcoCore_CSU","Ca",289.5800,"milligramsPerLiter",0.7,,0,"formatChange","GOOD"
"82544f59-176b-42d1-9238-c81a260ac217","D09","PRPO","PRPO.AOS.groundwater.well.001","PRPO.W1.20170605.FIL",,"2017-06-05T14:40Z","2017-06-05T14:40Z","EcoCore_CSU","NH4 - N",0.1050,"milligramsPerLiter",0.7,,0,"formatChange","GOOD"
"b1568ea3-5a71-470d-804e-d0ade60a0b7f","D09","PRPO","PRPO.AOS.groundwater.well.001","PRPO.W1.20170605.FIL",,"2017-06-05T14:40Z","2017-06-05T14:40Z","EcoCore_CSU","Na",448.1200,"milligramsPerLiter",0.7,,0,"formatChange","GOOD"
"f061b6d6-cf4a-43f0-a81d-ab10375a6d5c","D09","PRPO","PRPO.AOS.groundwater.well.001","PRPO.W1.20170605.FIL",,"2017-06-05T14:40Z","2017-06-05T14:40Z","EcoCore_CSU","UV Absorbance (250 nm)",0.2411,,0.7,,0,"formatChange","GOOD"
"4954c364-27dd-49fb-bb60-eca148a99e68","D09","PRPO","PRPO.AOS.groundwater.well.001","PRPO.W1.20170605.FIL",,"2017-06-05T14:40Z","2017-06-05T14:40Z","EcoCore_CSU","Ortho - P",0.0120,"milligramsPerLiter",0.7,,0,"formatChange","GOOD"
"a3afca3e-55a2-4e82-ba27-be6a5ac0d8d9","D09","PRPO","PRPO.AOS.groundwater.well.001","PRPO.W1.20170605.RAW",,"2017-06-05T14:40Z","2017-06-05T14:40Z","EcoCore_CSU","ANC",31.8500,"milliequivalentsPerLiter",0.7,,0,"formatChange","GOOD"
"b99fdf0c-5951-42b5-b43a-4ef2039f842e","D09","PRPO","PRPO.AOS.groundwater.well.001","PRPO.W1.20170605.FIL",,"2017-06-05T14:40Z","2017-06-05T14:40Z","EcoCore_CSU","UV Absorbance (280 nm)",0.1596,,0.7,,0,"formatChange","GOOD"
"3e85e1cc-0e68-4e29-a330-564755235071","D09","PRPO","PRPO.AOS.groundwater.well.001","PRPO.W1.20170605.RAW",,"2017-06-05T14:40Z","2017-06-05T14:40Z","EcoCore_CSU","TSS - Dry Mass",2200.0000,"microgram",0.7,,0,"formatChange","GOOD"
"3256adba-c804-473b-a68c-4674881740ff","D09","PRPO","PRPO.AOS.groundwater.well.001","PRPO.W1.20170605.FIL",,"2017-06-05T14:40Z","2017-06-05T14:40Z","EcoCore_CSU","CO3",0.0000,"milligramsPerLiter",0.7,,0,"formatChange","GOOD"
"db011196-9afa-444d-9d10-e6ba93b44c7c","D09","PRPO","PRPO.AOS.groundwater.well.001","PRPO.W1.20170605.PCN",,"2017-06-05T14:40Z","2017-06-05T14:40Z","EcoCore_CSU","TPN",0.1249,"milligram",0.7,,0,"formatChange","GOOD"
"03cf2710-8da1-4966-a614-57889f055758","D09","PRPO","PRPO.AOS.groundwater.well.001","PRPO.W1.20170605.RAW",,"2017-06-05T14:40Z","2017-06-05T14:40Z","EcoCore_CSU","TP",0.0230,"milligramsPerLiter",0.7,,0,"formatChange","GOOD"
"e7870d80-4f79-4c5a-a240-f2022de2f588","D09","PRPO","PRPO.AOS.groundwater.well.001","PRPO.W1.20170605.FIL",,"2017-06-05T14:40Z","2017-06-05T14:40Z","EcoCore_CSU","Mg",190.5300,"milligramsPerLiter",0.7,,0,"formatChange","GOOD"
"1d0ecb6c-1445-4ed9-8787-be9bd4b12f1a","D09","PRPO","PRPO.AOS.groundwater.well.001","PRPO.W1.20170605.FIL",,"2017-06-05T14:40Z","2017-06-05T14:40Z","EcoCore_CSU","TDN",0.5686,"milligramsPerLiter",0.7,,0,"formatChange","GOOD"
"1167a60e-5c47-45c4-87b0-83e801452a40","D09","PRPO","PRPO.AOS.groundwater.well.001","PRPO.W1.20170605.FIL",,"2017-06-05T14:40Z","2017-06-05T14:40Z","EcoCore_CSU","TDS",3667.1000,"milligramsPerLiter",0.7,,0,"formatChange","GOOD"
"90b3e630-36dd-42ab-9bbd-f9b104c898f0","D09","PRPO","PRPO.AOS.groundwater.well.001","PRPO.W1.20170605.FIL",,"2017-06-05T14:40Z","2017-06-05T14:40Z","EcoCore_CSU","DOC",10.3100,"milligramsPerLiter",0.7,,0,"formatChange","GOOD"
"6f07803f-948b-4370-8f76-194ba29fe56d","D09","PRPO","PRPO.AOS.groundwater.well.001","PRPO.W1.20170605.RAW",,"2017-06-05T14:40Z","2017-06-05T14:40Z","EcoCore_CSU","TSS",88.0000,"milligramsPerLiter",0.7,,0,"formatChange","GOOD"
"12f841ff-dc89-4f43-83f4-78d5163aa439","D09","PRPO","PRPO.AOS.groundwater.well.001","PRPO.W1.20170605.FIL",,"2017-06-05T14:40Z","2017-06-05T14:40Z","EcoCore_CSU","HCO3",1931.2800,"milligramsPerLiter",0.7,,0,"formatChange","GOOD"
"e66a225b-d856-4506-8565-08eb35bba72b","D09","PRPO","PRPO.AOS.groundwater.well.001","PRPO.W1.20170605.FIL",,"2017-06-05T14:40Z","2017-06-05T14:40Z","EcoCore_CSU","NO2 - N",0.0120,"milligramsPerLiter",0.7,,0,"formatChange","GOOD"
"2aeaa67b-b6ca-4aee-83c9-dc8b8fba6028","D09","PRPO","PRPO.AOS.groundwater.well.001","PRPO.W1.20170605.FIL",,"2017-06-05T14:40Z","2017-06-05T14:40Z","EcoCore_CSU","Cl",23.2200,"milligramsPerLiter",0.7,,0,"formatChange","GOOD"
"c7779973-36fb-489d-9865-6a8570b926fc","D09","PRPO","PRPO.AOS.groundwater.well.001","PRPO.W1.20170605.FIL",,"2017-06-05T14:40Z","2017-06-05T14:40Z","EcoCore_CSU","F",0.5600,"milligramsPerLiter",0.7,,0,"formatChange","GOOD"
"25e16f48-1732-4e9d-b4c3-2d6a870c7aab","D09","PRPO","PRPO.AOS.groundwater.well.001","PRPO.W1.20170605.RAW",,"2017-06-05T14:40Z","2017-06-05T14:40Z","EcoCore_CSU","TOC",10.6300,"milligramsPerLiter",0.7,,0,"formatChange","GOOD"
"ed243d62-7612-41a1-b20e-daaccb2233a8","D09","PRPO","PRPO.AOS.groundwater.well.001","PRPO.W1.20170605.FIL",,"2017-06-05T14:40Z","2017-06-05T14:40Z","EcoCore_CSU","Mn",0.0660,"milligramsPerLiter",0.7,,0,"formatChange","GOOD"
"5bfb5acb-929f-40bc-94ca-230daf3efd1e","D09","PRPO","PRPO.AOS.groundwater.well.001","PRPO.W1.20170605.RAW",,"2017-06-05T14:40Z","2017-06-05T14:40Z","EcoCore_CSU","TN",0.5692,"milligramsPerLiter",0.7,,0,"formatChange","GOOD"
"af984258-2b44-4a2a-9dc3-e3fd98cc4439","D09","PRPO","PRPO.AOS.groundwater.well.001","PRPO.W1.20170605.FIL",,"2017-06-05T14:40Z","2017-06-05T14:40Z","EcoCore_CSU","TDP",0.0220,"milligramsPerLiter",0.7,,0,"formatChange","GOOD"
"3b721730-3d0a-448a-a640-e8a3ea105789","D09","PRPO","PRPO.AOS.groundwater.well.001","PRPO.W1.20170605.FIL",,"2017-06-05T14:40Z","2017-06-05T14:40Z","EcoCore_CSU","K",5.0150,"milligramsPerLiter",0.7,,0,"formatChange","GOOD"
"34dfc512-53c1-4283-b1c8-bf04d94ce054","D09","PRPO","PRPO.AOS.groundwater.well.001","PRPO.W1.20170605.RAW",,"2017-06-05T14:40Z","2017-06-05T14:40Z","EcoCore_CSU","pH",7.6700,"pH",0.7,,0,"formatChange","GOOD"
"f8aad86e-bb72-48da-bb14-bac9b61ec4fb","D09","PRPO","PRPO.AOS.groundwater.well.003","PRPO.W3.20170605.FIL",,"2017-06-05T16:12Z","2017-06-05T16:12Z","EcoCore_CSU","TDP",0.0030,"milligramsPerLiter",0.7,,0,"formatChange","GOOD"
"9b63d760-03e4-4c2a-93f4-96abc7097ee2","D09","PRPO","PRPO.AOS.groundwater.well.003","PRPO.W3.20170605.RAW",,"2017-06-05T16:12Z","2017-06-05T16:12Z","EcoCore_CSU","TP",0.0040,"milligramsPerLiter",0.7,,0,"formatChange","GOOD"
"9e0627f4-0d01-4055-b6a3-180f6d8b996f","D09","PRPO","PRPO.AOS.groundwater.well.003","PRPO.W3.20170605.FIL",,"2017-06-05T16:12Z","2017-06-05T16:12Z","EcoCore_CSU","DOC",5.5320,"milligramsPerLiter",0.7,,0,"formatChange","GOOD"
"784ebc83-d07d-46dc-829d-ea0b1e2e896c","D09","PRPO","PRPO.AOS.groundwater.well.003","PRPO.W3.20170605.FIL",,"2017-06-05T16:12Z","2017-06-05T16:12Z","EcoCore_CSU","Ortho - P",0.0010,"milligramsPerLiter",0.7,,0,"formatChange","GOOD"
"845837a8-f00b-4141-8fbb-4f21a290230b","D09","PRPO","PRPO.AOS.groundwater.well.003","PRPO.W3.20170605.FIL",,"2017-06-05T16:12Z","2017-06-05T16:12Z","EcoCore_CSU","HCO3",294.5100,"milligramsPerLiter",0.7,,0,"formatChange","GOOD"
"cb8ab2d0-5392-44e5-bae4-20393fa749f5","D09","PRPO","PRPO.AOS.groundwater.well.003","PRPO.W3.20170605.PCN",,"2017-06-05T16:12Z","2017-06-05T16:12Z","EcoCore_CSU","TPC",0.3193,"milligram",0.7,,0,"formatChange","GOOD"
"033af086-0ecc-4c5b-b6be-781ceafba242","D09","PRPO","PRPO.AOS.groundwater.well.003","PRPO.W3.20170605.RAW",,"2017-06-05T16:12Z","2017-06-05T16:12Z","EcoCore_CSU","conductivity",2581.1000,"microsiemensPerCentimeter",0.7,,0,"formatChange","GOOD"
"a953e984-1199-4ab8-b204-7968473d2df7","D09","PRPO","PRPO.AOS.groundwater.well.003","PRPO.W3.20170605.FIL",,"2017-06-05T16:12Z","2017-06-05T16:12Z","EcoCore_CSU","TDN",0.4021,"milligramsPerLiter",0.7,,0,"formatChange","GOOD"
"652e1a53-f88c-47de-90be-cdaa2074a291","D09","PRPO","PRPO.AOS.groundwater.well.003","PRPO.W3.20170605.FIL",,"2017-06-05T16:12Z","2017-06-05T16:12Z","EcoCore_CSU","SO4",958.7300,"milligramsPerLiter",0.7,,0,"formatChange","GOOD"
"5c7fbf9f-198e-47e1-8272-662639cb80ab","D09","PRPO","PRPO.AOS.groundwater.well.003","PRPO.W3.20170605.FIL",,"2017-06-05T16:12Z","2017-06-05T16:12Z","EcoCore_CSU","NO3+NO2 - N",0.0420,"milligramsPerLiter",0.7,,0,"formatChange","GOOD"
"8d26f4fc-005c-4d5a-962e-799287ce579b","D09","PRPO","PRPO.AOS.groundwater.well.003","PRPO.W3.20170605.FIL",,"2017-06-05T16:12Z","2017-06-05T16:12Z","EcoCore_CSU","CO3",0.0000,"milligramsPerLiter",0.7,,0,"formatChange","GOOD"
"79ee3ba6-5260-4795-9c2d-d5e44d7688bb","D09","PRPO","PRPO.AOS.groundwater.well.003","PRPO.W3.20170605.FIL",,"2017-06-05T16:12Z","2017-06-05T16:12Z","EcoCore_CSU","Cl",3.9400,"milligramsPerLiter",0.7,,0,"formatChange","GOOD"
"05df3ecc-ccd5-4151-81ac-c6409fadb682","D09","PRPO","PRPO.AOS.groundwater.well.003","PRPO.W3.20170605.RAW",,"2017-06-05T16:12Z","2017-06-05T16:12Z","EcoCore_CSU","ANC",5.0600,"milliequivalentsPerLiter",0.7,,0,"formatChange","GOOD"
"61257a56-42ee-46c0-8c6b-d6c389433a1e","D09","PRPO","PRPO.AOS.groundwater.well.003","PRPO.W3.20170605.FIL",,"2017-06-05T16:12Z","2017-06-05T16:12Z","EcoCore_CSU","Br",0.0050,"milligramsPerLiter",0.7,,0,"formatChange","GOOD"
"f54f8900-29d0-4942-9ec4-8fce32e1381d","D09","PRPO","PRPO.AOS.groundwater.well.003","PRPO.W3.20170605.RAW",,"2017-06-05T16:12Z","2017-06-05T16:12Z","EcoCore_CSU","TOC",5.9300,"milligramsPerLiter",0.7,,0,"formatChange","GOOD"
"8e14f204-3daf-480b-a3af-ed9ca82a2715","D09","PRPO","PRPO.AOS.groundwater.well.003","PRPO.W3.20170605.FIL",,"2017-06-05T16:12Z","2017-06-05T16:12Z","EcoCore_CSU","Mn",0.0270,"milligramsPerLiter",0.7,,0,"formatChange","GOOD"
"d9852801-f64e-468c-822e-f1ca2fdd9e92","D09","PRPO","PRPO.AOS.groundwater.well.003","PRPO.W3.20170605.FIL",,"2017-06-05T16:12Z","2017-06-05T16:12Z","EcoCore_CSU","Si",13.5700,"milligramsPerLiter",0.7,,0,"formatChange","GOOD"
"12ebca89-29f4-43a1-a014-f5a697aab4d1","D09","PRPO","PRPO.AOS.groundwater.well.003","PRPO.W3.20170605.RAW",,"2017-06-05T16:12Z","2017-06-05T16:12Z","EcoCore_CSU","TSS",7.0000,"milligramsPerLiter",0.7,,0,"formatChange","GOOD"
"a53827d0-5a9c-40e5-991d-c611d9907006","D09","PRPO","PRPO.AOS.groundwater.well.003","PRPO.W3.20170605.FIL",,"2017-06-05T16:12Z","2017-06-05T16:12Z","EcoCore_CSU","NO2 - N",0.0150,"milligramsPerLiter",0.7,,0,"formatChange","GOOD"
"19c64030-7c5d-4560-bfcf-129aa8876939","D09","PRPO","PRPO.AOS.groundwater.well.003","PRPO.W3.20170605.FIL",,"2017-06-05T16:12Z","2017-06-05T16:12Z","EcoCore_CSU","UV Absorbance (280 nm)",0.0578,,0.7,,0,"formatChange","GOOD"
"7c3f19b2-d440-4bd0-969b-c1bffd55a7bf","D09","PRPO","PRPO.AOS.groundwater.well.003","PRPO.W3.20170605.RAW",,"2017-06-05T16:12Z","2017-06-05T16:12Z","EcoCore_CSU","pH",7.6000,"pH",0.7,,0,"formatChange","GOOD"
"4899dd5c-56dc-4783-9f60-763b4e9cb7d4","D09","PRPO","PRPO.AOS.groundwater.well.003","PRPO.W3.20170605.FIL",,"2017-06-05T16:12Z","2017-06-05T16:12Z","EcoCore_CSU","Mg",113.9200,"milligramsPerLiter",0.7,,0,"formatChange","GOOD"
"cdda4ebc-90c1-43d8-8a6e-ce2b783d86f7","D09","PRPO","PRPO.AOS.groundwater.well.003","PRPO.W3.20170605.PCN",,"2017-06-05T16:12Z","2017-06-05T16:12Z","EcoCore_CSU","TPN",0.1120,"milligram",0.7,,0,"formatChange","GOOD"
"476a53a0-a1ad-4838-ae00-c4e7c810b506","D09","PRPO","PRPO.AOS.groundwater.well.003","PRPO.W3.20170605.FIL",,"2017-06-05T16:12Z","2017-06-05T16:12Z","EcoCore_CSU","Na",102.7000,"milligramsPerLiter",0.7,,0,"formatChange","GOOD"
"31307add-f591-4134-89d3-e71559ccb5a8","D09","PRPO","PRPO.AOS.groundwater.well.003","PRPO.W3.20170605.RAW",,"2017-06-05T16:12Z","2017-06-05T16:12Z","EcoCore_CSU","TN",0.4319,"milligramsPerLiter",0.7,,0,"formatChange","GOOD"
"6f1ac2af-29a7-4f2f-b669-fcb25403f18f","D09","PRPO","PRPO.AOS.groundwater.well.003","PRPO.W3.20170605.FIL",,"2017-06-05T16:12Z","2017-06-05T16:12Z","EcoCore_CSU","DIC",124.9600,"milligramsPerLiter",0.7,,0,"formatChange","GOOD"
"bf5797dc-d6d4-44ac-a592-116612bfc024","D09","PRPO","PRPO.AOS.groundwater.well.003","PRPO.W3.20170605.FIL",,"2017-06-05T16:12Z","2017-06-05T16:12Z","EcoCore_CSU","TDS",1805.4000,"milligramsPerLiter",0.7,,0,"formatChange","GOOD"
"6df5618c-6828-4e18-932b-916f7e3562b3","D09","PRPO","PRPO.AOS.groundwater.well.003","PRPO.W3.20170605.FIL",,"2017-06-05T16:12Z","2017-06-05T16:12Z","EcoCore_CSU","Fe",0.0005,"milligramsPerLiter",0.7,,0,"formatChange","GOOD"
"0b5ab287-16dc-4db2-96c5-e377d4340ef4","D09","PRPO","PRPO.AOS.groundwater.well.003","PRPO.W3.20170605.FIL",,"2017-06-05T16:12Z","2017-06-05T16:12Z","EcoCore_CSU","F",0.6200,"milligramsPerLiter",0.7,,0,"formatChange","GOOD"
"88fefb24-d75f-4341-a215-a98ec245ec51","D09","PRPO","PRPO.AOS.groundwater.well.003","PRPO.W3.20170605.FIL",,"2017-06-05T16:12Z","2017-06-05T16:12Z","EcoCore_CSU","Ca",212.3700,"milligramsPerLiter",0.7,,0,"formatChange","GOOD"
"4522e77e-c9b4-4e71-a6f6-2090c8dee95f","D09","PRPO","PRPO.AOS.groundwater.well.003","PRPO.W3.20170605.FIL",,"2017-06-05T16:12Z","2017-06-05T16:12Z","EcoCore_CSU","K",13.8610,"milligramsPerLiter",0.7,,0,"formatChange","GOOD"
"6d6e3f52-748f-4741-a6b5-d2d2a5db17dc","D09","PRPO","PRPO.AOS.groundwater.well.003","PRPO.W3.20170605.FIL",,"2017-06-05T16:12Z","2017-06-05T16:12Z","EcoCore_CSU","NH4 - N",0.1570,"milligramsPerLiter",0.7,,0,"formatChange","GOOD"
"04b2ac6f-2ca9-4c85-8adb-7bc006fa5f9b","D09","PRPO","PRPO.AOS.groundwater.well.003","PRPO.W3.20170605.FIL",,"2017-06-05T16:12Z","2017-06-05T16:12Z","EcoCore_CSU","UV Absorbance (250 nm)",0.0981,,0.7,,0,"formatChange","GOOD"
"5dedf200-757a-4f5d-852d-4c4fe9955b36","D09","PRPO","PRPO.AOS.groundwater.well.003","PRPO.W3.20170605.RAW",,"2017-06-05T16:12Z","2017-06-05T16:12Z","EcoCore_CSU","TSS - Dry Mass",700.0000,"microgram",0.7,,0,"formatChange","GOOD"
"ca7cce9a-5ee8-40da-b401-9561afe71e57","D09","PRPO","PRPO.AOS.groundwater.well.005","PRPO.W5.20170605.RAW",,"2017-06-05T17:40Z","2017-06-05T17:40Z","EcoCore_CSU","TSS - Dry Mass",1000.0000,"microgram",0.7,,0,"formatChange","GOOD"
"bbd2031f-a885-4b57-8868-4a213722c5c5","D09","PRPO","PRPO.AOS.groundwater.well.005","PRPO.W5.20170605.FIL",,"2017-06-05T17:40Z","2017-06-05T17:40Z","EcoCore_CSU","Ortho - P",0.0020,"milligramsPerLiter",0.7,,0,"formatChange","GOOD"
"e63ff3c3-127d-4c79-bfbe-28967bb366ce","D09","PRPO","PRPO.AOS.groundwater.well.005","PRPO.W5.20170605.FIL",,"2017-06-05T17:40Z","2017-06-05T17:40Z","EcoCore_CSU","SO4",1702.9400,"milligramsPerLiter",0.7,,0,"formatChange","GOOD"
"61b6ed48-c35b-4802-b342-3b9f22193e80","D09","PRPO","PRPO.AOS.groundwater.well.005","PRPO.W5.20170605.FIL",,"2017-06-05T17:40Z","2017-06-05T17:40Z","EcoCore_CSU","Ca",378.6000,"milligramsPerLiter",0.7,,0,"formatChange","GOOD"
"fd3bb306-127b-4ace-9bac-ac0d451edf8b","D09","PRPO","PRPO.AOS.groundwater.well.005","PRPO.W5.20170605.RAW",,"2017-06-05T17:40Z","2017-06-05T17:40Z","EcoCore_CSU","TOC",10.5700,"milligramsPerLiter",0.7,,0,"formatChange","GOOD"
"aebe93bd-5ffa-40d9-81ba-56f08f64e08b","D09","PRPO","PRPO.AOS.groundwater.well.005","PRPO.W5.20170605.FIL",,"2017-06-05T17:40Z","2017-06-05T17:40Z","EcoCore_CSU","Si",13.1800,"milligramsPerLiter",0.7,,0,"formatChange","GOOD"
"567ea5f6-cd67-448e-ac58-76a583aba18b","D09","PRPO","PRPO.AOS.groundwater.well.005","PRPO.W5.20170605.RAW",,"2017-06-05T17:40Z","2017-06-05T17:40Z","EcoCore_CSU","TN",0.6222,"milligramsPerLiter",0.7,,0,"formatChange","GOOD"
"dcbd441f-fc73-4a27-a605-642cbc48950c","D09","PRPO","PRPO.AOS.groundwater.well.005","PRPO.W5.20170605.FIL",,"2017-06-05T17:40Z","2017-06-05T17:40Z","EcoCore_CSU","CO3",0.0000,"milligramsPerLiter",0.7,,0,"formatChange","GOOD"
"868766dd-7adc-4dea-9da4-fe185ce17106","D09","PRPO","PRPO.AOS.groundwater.well.005","PRPO.W5.20170605.FIL",,"2017-06-05T17:40Z","2017-06-05T17:40Z","EcoCore_CSU","Cl",20.8000,"milligramsPerLiter",0.7,,0,"formatChange","GOOD"
"5cba4d74-8b90-458f-9441-64e4634e6d41","D09","PRPO","PRPO.AOS.groundwater.well.005","PRPO.W5.20170605.FIL",,"2017-06-05T17:40Z","2017-06-05T17:40Z","EcoCore_CSU","Fe",0.0005,"milligramsPerLiter",0.7,,0,"formatChange","GOOD"
"2bf61ac4-3a9e-41ec-8c8f-4d4e4645a388","D09","PRPO","PRPO.AOS.groundwater.well.005","PRPO.W5.20170605.RAW",,"2017-06-05T17:40Z","2017-06-05T17:40Z","EcoCore_CSU","TP",0.0350,"milligramsPerLiter",0.7,,0,"formatChange","GOOD"
"736e7b11-2f6a-40ec-bc7f-4281c96962ea","D09","PRPO","PRPO.AOS.groundwater.well.005","PRPO.W5.20170605.RAW",,"2017-06-05T17:40Z","2017-06-05T17:40Z","EcoCore_CSU","TSS",10.0000,"milligramsPerLiter",0.7,,0,"formatChange","GOOD"
"1ff7269d-9425-4303-ad7c-013373b098db","D09","PRPO","PRPO.AOS.groundwater.well.005","PRPO.W5.20170605.FIL",,"2017-06-05T17:40Z","2017-06-05T17:40Z","EcoCore_CSU","F",0.2300,"milligramsPerLiter",0.7,,0,"formatChange","GOOD"
"dd9bb797-23fc-4aa2-9d46-3f51ce453333","D09","PRPO","PRPO.AOS.groundwater.well.005","PRPO.W5.20170605.FIL",,"2017-06-05T17:40Z","2017-06-05T17:40Z","EcoCore_CSU","TDP",0.0320,"milligramsPerLiter",0.7,,0,"formatChange","GOOD"
"10ddc080-4ca4-4eaa-b03e-5134ddd39454","D09","PRPO","PRPO.AOS.groundwater.well.005","PRPO.W5.20170605.FIL",,"2017-06-05T17:40Z","2017-06-05T17:40Z","EcoCore_CSU","HCO3",805.6900,"milligramsPerLiter",0.7,,0,"formatChange","GOOD"
"d03d3864-d14a-4ccf-998e-3f53aa90fa77","D09","PRPO","PRPO.AOS.groundwater.well.005","PRPO.W5.20170605.RAW",,"2017-06-05T17:40Z","2017-06-05T17:40Z","EcoCore_CSU","pH",7.4500,"pH",0.7,,0,"formatChange","GOOD"
"ab185cb7-6ca1-4e61-be3f-d44569b17c1b","D09","PRPO","PRPO.AOS.groundwater.well.005","PRPO.W5.20170605.FIL",,"2017-06-05T17:40Z","2017-06-05T17:40Z","EcoCore_CSU","TDS",3669.3000,"milligramsPerLiter",0.7,,0,"formatChange","GOOD"
"67b5a7f3-1623-48f5-a01b-4126c0dcd74c","D09","PRPO","PRPO.AOS.groundwater.well.005","PRPO.W5.20170605.PCN",,"2017-06-05T17:40Z","2017-06-05T17:40Z","EcoCore_CSU","TPC",0.3206,"milligram",0.7,,0,"formatChange","GOOD"
"bec6ddba-74c0-4a59-8f0d-5595d0e37a0d","D09","PRPO","PRPO.AOS.groundwater.well.005","PRPO.W5.20170605.FIL",,"2017-06-05T17:40Z","2017-06-05T17:40Z","EcoCore_CSU","Mn",0.0005,"milligramsPerLiter",0.7,,0,"formatChange","GOOD"
"44b13210-1629-4685-9d77-d1084881dbf1","D09","PRPO","PRPO.AOS.groundwater.well.005","PRPO.W5.20170605.FIL",,"2017-06-05T17:40Z","2017-06-05T17:40Z","EcoCore_CSU","NO3+NO2 - N",0.0590,"milligramsPerLiter",0.7,,0,"formatChange","GOOD"
"7e4d10ee-a28f-42c1-9bf6-232b47e56fe6","D09","PRPO","PRPO.AOS.groundwater.well.005","PRPO.W5.20170605.PCN",,"2017-06-05T17:40Z","2017-06-05T17:40Z","EcoCore_CSU","TPN",0.1250,"milligram",0.7,,0,"formatChange","GOOD"
"18e231bd-292e-41fa-bbc5-c4cc56be6952","D09","PRPO","PRPO.AOS.groundwater.well.005","PRPO.W5.20170605.FIL",,"2017-06-05T17:40Z","2017-06-05T17:40Z","EcoCore_CSU","NO2 - N",0.0050,"milligramsPerLiter",0.7,,0,"formatChange","GOOD"
"5066942e-b16d-4195-a06e-7595ca07e543","D09","PRPO","PRPO.AOS.groundwater.well.005","PRPO.W5.20170605.FIL",,"2017-06-05T17:40Z","2017-06-05T17:40Z","EcoCore_CSU","UV Absorbance (280 nm)",0.0825,,0.7,,0,"formatChange","GOOD"
"39fd479a-d298-4dbd-bb20-0d28615aecb6","D09","PRPO","PRPO.AOS.groundwater.well.005","PRPO.W5.20170605.RAW",,"2017-06-05T17:40Z","2017-06-05T17:40Z","EcoCore_CSU","conductivity",5241.6000,"microsiemensPerCentimeter",0.7,,0,"formatChange","GOOD"
"80444bbc-323c-4ebb-8c6b-3f27a2249d28","D09","PRPO","PRPO.AOS.groundwater.well.005","PRPO.W5.20170605.FIL",,"2017-06-05T17:40Z","2017-06-05T17:40Z","EcoCore_CSU","NH4 - N",0.0430,"milligramsPerLiter",0.7,,0,"formatChange","GOOD"
"f1285c33-b6c8-4844-a6de-67e3f0dd02de","D09","PRPO","PRPO.AOS.groundwater.well.005","PRPO.W5.20170605.FIL",,"2017-06-05T17:40Z","2017-06-05T17:40Z","EcoCore_CSU","DOC",10.0500,"milligramsPerLiter",0.7,,0,"formatChange","GOOD"
"cd15fee9-3683-4642-a1ed-88310cc989b4","D09","PRPO","PRPO.AOS.groundwater.well.005","PRPO.W5.20170605.FIL",,"2017-06-05T17:40Z","2017-06-05T17:40Z","EcoCore_CSU","TDN",0.5520,"milligramsPerLiter",0.7,,0,"formatChange","GOOD"
"ba67e265-be27-490e-89b3-86d14ef31907","D09","PRPO","PRPO.AOS.groundwater.well.005","PRPO.W5.20170605.FIL",,"2017-06-05T17:40Z","2017-06-05T17:40Z","EcoCore_CSU","Br",1.2400,"milligramsPerLiter",0.7,,0,"formatChange","GOOD"
"5df0df73-32b5-4ee8-bcf0-26c74afc2e78","D09","PRPO","PRPO.AOS.groundwater.well.005","PRPO.W5.20170605.FIL",,"2017-06-05T17:40Z","2017-06-05T17:40Z","EcoCore_CSU","UV Absorbance (250 nm)",0.1476,,0.7,,0,"formatChange","GOOD"
"976c20f2-aef2-4537-9e6b-29d71f546042","D09","PRPO","PRPO.AOS.groundwater.well.005","PRPO.W5.20170605.FIL",,"2017-06-05T17:40Z","2017-06-05T17:40Z","EcoCore_CSU","DIC",114.8400,"milligramsPerLiter",0.7,,0,"formatChange","GOOD"
"f6b64e6f-963c-49d4-9620-301e8aad032f","D09","PRPO","PRPO.AOS.groundwater.well.005","PRPO.W5.20170605.FIL",,"2017-06-05T17:40Z","2017-06-05T17:40Z","EcoCore_CSU","Mg",162.4300,"milligramsPerLiter",0.7,,0,"formatChange","GOOD"
"b7fbc297-3fa9-4954-962b-bed12b79b856","D09","PRPO","PRPO.AOS.groundwater.well.005","PRPO.W5.20170605.FIL",,"2017-06-05T17:40Z","2017-06-05T17:40Z","EcoCore_CSU","Na",371.5800,"milligramsPerLiter",0.7,,0,"formatChange","GOOD"
"a6d825ec-5fab-4483-b8d1-be1f21cb9e84","D09","PRPO","PRPO.AOS.groundwater.well.005","PRPO.W5.20170605.RAW",,"2017-06-05T17:40Z","2017-06-05T17:40Z","EcoCore_CSU","ANC",13.2400,"milliequivalentsPerLiter",0.7,,0,"formatChange","GOOD"
"8b372328-8081-4adb-a739-59ac2fdffee8","D09","PRPO","PRPO.AOS.groundwater.well.005","PRPO.W5.20170605.FIL",,"2017-06-05T17:40Z","2017-06-05T17:40Z","EcoCore_CSU","K",26.7660,"milligramsPerLiter",0.7,,0,"formatChange","GOOD"
"8ac8c06c-65d9-4d06-9db8-21a233fcb621","D09","PRPO","PRPO.AOS.groundwater.well.007","PRPO.W7.20170605.FIL",,"2017-06-05T19:05Z","2017-06-05T19:05Z","EcoCore_CSU","Cl",3.6600,"milligramsPerLiter",0.7,,0,"formatChange","GOOD"
"2064d6bc-15a9-4f77-a258-3b4ec633e129","D09","PRPO","PRPO.AOS.groundwater.well.007","PRPO.W7.20170605.FIL",,"2017-06-05T19:05Z","2017-06-05T19:05Z","EcoCore_CSU","Fe",0.0005,"milligramsPerLiter",0.7,,0,"formatChange","GOOD"
"4f3f948c-6d0d-4fa3-8d4c-ec338673028b","D09","PRPO","PRPO.AOS.groundwater.well.007","PRPO.W7.20170605.FIL",,"2017-06-05T19:05Z","2017-06-05T19:05Z","EcoCore_CSU","Si",13.6700,"milligramsPerLiter",0.7,,0,"formatChange","GOOD"
"5a8501f8-f412-4028-a220-e6502e533526","D09","PRPO","PRPO.AOS.groundwater.well.007","PRPO.W7.20170605.PCN",,"2017-06-05T19:05Z","2017-06-05T19:05Z","EcoCore_CSU","TPN",0.1463,"milligram",0.7,,0,"formatChange","GOOD"
"c0b7f602-fe5e-427e-91f5-2906d3aa9d34","D09","PRPO","PRPO.AOS.groundwater.well.007","PRPO.W7.20170605.PCN",,"2017-06-05T19:05Z","2017-06-05T19:05Z","EcoCore_CSU","TPC",0.3989,"milligram",0.7,,0,"formatChange","GOOD"
"0c48006f-3c9b-467f-b3c7-7a6699554334","D09","PRPO","PRPO.AOS.groundwater.well.007","PRPO.W7.20170605.FIL",,"2017-06-05T19:05Z","2017-06-05T19:05Z","EcoCore_CSU","TDN",0.1994,"milligramsPerLiter",0.7,,0,"formatChange","GOOD"
"7e3d5d9b-18a1-411b-9c5f-7a7a08512491","D09","PRPO","PRPO.AOS.groundwater.well.007","PRPO.W7.20170605.FIL",,"2017-06-05T19:05Z","2017-06-05T19:05Z","EcoCore_CSU","TDS",763.9000,"milligramsPerLiter",0.7,,0,"formatChange","GOOD"
"953fb97d-a994-41d1-a03f-098e03329cd5","D09","PRPO","PRPO.AOS.groundwater.well.007","PRPO.W7.20170605.FIL",,"2017-06-05T19:05Z","2017-06-05T19:05Z","EcoCore_CSU","DOC",3.2720,"milligramsPerLiter",0.7,,0,"formatChange","GOOD"
"b3800b19-6dcc-4c13-800a-f372391bbfb8","D09","PRPO","PRPO.AOS.groundwater.well.007","PRPO.W7.20170605.RAW",,"2017-06-05T19:05Z","2017-06-05T19:05Z","EcoCore_CSU","TP",0.0380,"milligramsPerLiter",0.7,,0,"formatChange","GOOD"
"c047d93e-1ed7-4397-be43-7ba3f2894792","D09","PRPO","PRPO.AOS.groundwater.well.007","PRPO.W7.20170605.FIL",,"2017-06-05T19:05Z","2017-06-05T19:05Z","EcoCore_CSU","Ca",115.1800,"milligramsPerLiter",0.7,,0,"formatChange","GOOD"
"abe9f128-ab4d-48bf-8c1d-f6adc5343d5b","D09","PRPO","PRPO.AOS.groundwater.well.007","PRPO.W7.20170605.FIL",,"2017-06-05T19:05Z","2017-06-05T19:05Z","EcoCore_CSU","Mg",51.9280,"milligramsPerLiter",0.7,,0,"formatChange","GOOD"
"f104b3f5-7ce0-45c1-90bd-2548e701f84e","D09","PRPO","PRPO.AOS.groundwater.well.007","PRPO.W7.20170605.FIL",,"2017-06-05T19:05Z","2017-06-05T19:05Z","EcoCore_CSU","HCO3",430.1200,"milligramsPerLiter",0.7,,0,"formatChange","GOOD"
"b0a4d980-1c39-42fb-bd24-ed51aaa6073e","D09","PRPO","PRPO.AOS.groundwater.well.007","PRPO.W7.20170605.FIL",,"2017-06-05T19:05Z","2017-06-05T19:05Z","EcoCore_CSU","SO4",175.6100,"milligramsPerLiter",0.7,,0,"formatChange","GOOD"
"d2c8eee5-90af-430b-99e3-70a97309f0b5","D09","PRPO","PRPO.AOS.groundwater.well.007","PRPO.W7.20170605.FIL",,"2017-06-05T19:05Z","2017-06-05T19:05Z","EcoCore_CSU","Mn",0.0030,"milligramsPerLiter",0.7,,0,"formatChange","GOOD"
"95cb5101-cd0b-4afa-8a03-908e03e0ed12","D09","PRPO","PRPO.AOS.groundwater.well.007","PRPO.W7.20170605.FIL",,"2017-06-05T19:05Z","2017-06-05T19:05Z","EcoCore_CSU","Br",0.0050,"milligramsPerLiter",0.7,,0,"formatChange","GOOD"
"6ecf64b6-4d41-4435-a82c-0938d03ce9eb","D09","PRPO","PRPO.AOS.groundwater.well.007","PRPO.W7.20170605.RAW",,"2017-06-05T19:05Z","2017-06-05T19:05Z","EcoCore_CSU","TOC",3.4320,"milligramsPerLiter",0.7,,0,"formatChange","GOOD"
"3f257ace-82a2-4fa7-a7ee-f771b909f3b9","D09","PRPO","PRPO.AOS.groundwater.well.007","PRPO.W7.20170605.RAW",,"2017-06-05T19:05Z","2017-06-05T19:05Z","EcoCore_CSU","ANC",7.0800,"milliequivalentsPerLiter",0.7,,0,"formatChange","GOOD"
"a9ce4b5f-eb35-4383-b852-0b6ea32f15b9","D09","PRPO","PRPO.AOS.groundwater.well.007","PRPO.W7.20170605.FIL",,"2017-06-05T19:05Z","2017-06-05T19:05Z","EcoCore_CSU","NO2 - N",0.0030,"milligramsPerLiter",0.7,,0,"formatChange","GOOD"
"4a900793-5c17-4d5e-9a29-7c0e1014ac32","D09","PRPO","PRPO.AOS.groundwater.well.007","PRPO.W7.20170605.FIL",,"2017-06-05T19:05Z","2017-06-05T19:05Z","EcoCore_CSU","NH4 - N",0.0320,"milligramsPerLiter",0.7,,0,"formatChange","GOOD"
"e2bd8c51-f0a3-4efd-aaff-62300cdd0008","D09","PRPO","PRPO.AOS.groundwater.well.007","PRPO.W7.20170605.RAW",,"2017-06-05T19:05Z","2017-06-05T19:05Z","EcoCore_CSU","TSS - Dry Mass",400.0000,"microgram",0.7,,0,"formatChange","GOOD"
"4bca40c6-93e7-4c1b-afc5-60312aa816f5","D09","PRPO","PRPO.AOS.groundwater.well.007","PRPO.W7.20170605.RAW",,"2017-06-05T19:05Z","2017-06-05T19:05Z","EcoCore_CSU","TSS",4.0000,"milligramsPerLiter",0.7,,0,"formatChange","GOOD"
"c11c325a-c90e-495f-835b-a12dc34002ed","D09","PRPO","PRPO.AOS.groundwater.well.007","PRPO.W7.20170605.FIL",,"2017-06-05T19:05Z","2017-06-05T19:05Z","EcoCore_CSU","K",5.6460,"milligramsPerLiter",0.7,,0,"formatChange","GOOD"
"6e1344ef-b1b5-4bd4-a624-2dfde72b7cb8","D09","PRPO","PRPO.AOS.groundwater.well.007","PRPO.W7.20170605.FIL",,"2017-06-05T19:05Z","2017-06-05T19:05Z","EcoCore_CSU","NO3+NO2 - N",0.0100,"milligramsPerLiter",0.7,,0,"formatChange","GOOD"
"efd241df-41ae-4027-984a-c6afd454dd7f","D09","PRPO","PRPO.AOS.groundwater.well.007","PRPO.W7.20170605.FIL",,"2017-06-05T19:05Z","2017-06-05T19:05Z","EcoCore_CSU","UV Absorbance (250 nm)",0.0496,,0.7,,0,"formatChange","GOOD"
"af1c258f-f3ad-4f98-9621-83149a718137","D09","PRPO","PRPO.AOS.groundwater.well.007","PRPO.W7.20170605.RAW",,"2017-06-05T19:05Z","2017-06-05T19:05Z","EcoCore_CSU","conductivity",1092.5000,"microsiemensPerCentimeter",0.7,,0,"formatChange","GOOD"
"76f84f7e-c24e-45dd-8ae3-9f59b0e8e281","D09","PRPO","PRPO.AOS.groundwater.well.007","PRPO.W7.20170605.RAW",,"2017-06-05T19:05Z","2017-06-05T19:05Z","EcoCore_CSU","pH",7.5200,"pH",0.7,,0,"formatChange","GOOD"
"d848703f-dc7c-42e3-b42b-67a089d7d5fd","D09","PRPO","PRPO.AOS.groundwater.well.007","PRPO.W7.20170605.FIL",,"2017-06-05T19:05Z","2017-06-05T19:05Z","EcoCore_CSU","Ortho - P",-0.0010,"milligramsPerLiter",0.7,,0,"formatChange","GOOD"
"23979f75-da33-417e-95c4-c4362d5ddcde","D09","PRPO","PRPO.AOS.groundwater.well.007","PRPO.W7.20170605.FIL",,"2017-06-05T19:05Z","2017-06-05T19:05Z","EcoCore_CSU","DIC",94.9400,"milligramsPerLiter",0.7,,0,"formatChange","GOOD"
"484a84de-2eb1-40a5-8cda-5f3a875b2757","D09","PRPO","PRPO.AOS.groundwater.well.007","PRPO.W7.20170605.FIL",,"2017-06-05T19:05Z","2017-06-05T19:05Z","EcoCore_CSU","CO3",0.0000,"milligramsPerLiter",0.7,,0,"formatChange","GOOD"
"3194db73-7377-41e2-8606-64bb5f2d06f7","D09","PRPO","PRPO.AOS.groundwater.well.007","PRPO.W7.20170605.FIL",,"2017-06-05T19:05Z","2017-06-05T19:05Z","EcoCore_CSU","Na",14.1010,"milligramsPerLiter",0.7,,0,"formatChange","GOOD"
"2975a8db-4ad9-4837-8504-08f8c9e04f32","D09","PRPO","PRPO.AOS.groundwater.well.007","PRPO.W7.20170605.RAW",,"2017-06-05T19:05Z","2017-06-05T19:05Z","EcoCore_CSU","TN",0.1994,"milligramsPerLiter",0.7,,0,"formatChange","GOOD"
"c59cd4df-47dd-49fc-861b-3e29f751fe3d","D09","PRPO","PRPO.AOS.groundwater.well.007","PRPO.W7.20170605.FIL",,"2017-06-05T19:05Z","2017-06-05T19:05Z","EcoCore_CSU","TDP",0.0370,"milligramsPerLiter",0.7,,0,"formatChange","GOOD"
"21f1d089-dc58-4da7-9c00-3e3bccce78ff","D09","PRPO","PRPO.AOS.groundwater.well.007","PRPO.W7.20170605.FIL",,"2017-06-05T19:05Z","2017-06-05T19:05Z","EcoCore_CSU","UV Absorbance (280 nm)",0.0282,,0.7,,0,"formatChange","GOOD"
"301d4092-fcf6-4514-9b52-bdf500d62d8d","D09","PRPO","PRPO.AOS.groundwater.well.007","PRPO.W7.20170605.FIL",,"2017-06-05T19:05Z","2017-06-05T19:05Z","EcoCore_CSU","F",0.2600,"milligramsPerLiter",0.7,,0,"formatChange","GOOD"
