uid,domainID,siteID,namedLocation,collectDate,titrationDate,parentSampleID,domainSampleID,remarks,measuredBy,alkMeqPerL,alkMgPerL,ancMeqPerL,ancMgPerL
"031695dd-35d0-49d3-8a02-693116e316ec","D09","PRPO","PRPO.AOS.groundwater.well.001","2017-06-05T14:40Z","2017-06-06T14:00Z","PRPO.W1.20170605","PRPO.W1.20170605.ALK",,"totto@battelleecology.org",7.070,354.000,,
"e409a226-48d6-4237-b244-70e9e68baf44","D09","PRPO","PRPO.AOS.groundwater.well.003","2017-06-05T16:12Z","2017-06-06T15:00Z","PRPO.W3.20170605","PRPO.W3.20170605.ALK",,"totto@battelleecology.org",9.320,467.000,,
"621db1df-3231-4bba-9b90-48d85dbde704","D09","PRPO","PRPO.AOS.groundwater.well.005","2017-06-05T17:40Z","2017-06-06T16:20Z","PRPO.W5.20170605","PRPO.W5.20170605.ALK",,"totto@battelleecology.org",8.940,447.000,,
"188465ae-bcf1-4b24-8b35-81b60e0eebd3","D09","PRPO","PRPO.AOS.groundwater.well.007","2017-06-05T19:05Z","2017-06-06T17:00Z","PRPO.W7.20170605","PRPO.W7.20170605.ALK",,"totto@battelleecology.org",9.650,483.000,,
