uid,domainID,siteID,namedLocation,decimalLatitude,decimalLongitude,coordinateUncertainty,elevation,elevationUncertainty,geodeticDatum,collectDate,aquaticSiteType,samplingImpractical,waterChemSamplesCollected,adequateSampleVol,parentSampleID,eventID,swcSamplingProtocolVersion,sampleExtractionMethod,samplerType,totalWellDepth,wellWaterDepth,waterColumnHeight,sampleDepth,purgeAverageDischargeRate,purgeTime,gwWellStabilized,purgeDryDateTime,pumpPlacementDate,screenedIntervalDepth,maxAllowableDrawdown,actualDrawdown,MADExceeded,wellVolumePurged,probeIDUnavailable,dissolvedOxygen,dissolvedOxygenSaturation,specificConductance,waterTemp,pH,waterClarityDescrip,waterColorDescrip,aCollectedBy,bCollectedBy,remarks
"a5927850-a687-48c6-9aa6-7f44a39d6823","D09","PRLA","PRLA.AOS.groundwater.well.007",47.157918,-99.113917,0.1,568.8,0.1,"WGS84","2019-10-17T13:54Z","lake",,,"Y","PRLA.W7.20191017","PRLA.20191017","NEON.DOC.002905vF","low-yield","Groundwater Pump",15.8,4.5,11.3,,,,,,,6.1,8.9,,,0.3,,2.91,24.90,5124.00,4.90,7.18,"clear","colorless","0000-0002-1892-7221","0000-0001-5939-3206",
"5534ccec-df95-457a-9d08-b6c3f76701c6","D09","PRLA","PRLA.AOS.groundwater.well.008",47.158432,-99.114811,0.1,566.6,0.1,"WGS84","2019-10-17T14:36Z","lake",,,"Y","PRLA.W8.20191017","PRLA.20191017","NEON.DOC.002905vF","low-flow","Groundwater Pump",7.6,2.4,5.3,3.4,,,,,,,,,,2.9,,2.39,21.60,1963.00,7.80,7.52,"clear","colorless","0000-0002-1892-7221","0000-0002-9635-4684",
"091ef125-478b-4659-b352-f9527e9874e1","D09","PRLA","PRLA.AOS.groundwater.well.003",47.161507,-99.118596,0.1,565.9,0.1,"WGS84","2019-10-17T16:43Z","lake",,,"Y","PRLA.W3.20191017","PRLA.20191017","NEON.DOC.002905vF","low-yield","Groundwater Pump",10.5,3.7,6.8,,,,,,,6.1,3.6,,,0.3,,3.82,33.90,1256.00,7.40,7.07,"cloudy","colorless","0000-0001-5939-3206","0000-0002-1892-7221",
"946f5f49-f923-4908-acd6-fb804bcdfbe3","D09","PRLA","PRLA.AOS.groundwater.well.001",47.162611,-99.118623,0.1,571.5,0.1,"WGS84","2019-10-17T17:24Z","lake",,,"Y","PRLA.W1.20191017","PRLA.20191017","NEON.DOC.002905vF","low-flow","Groundwater Pump",10.1,3.3,6.8,4.3,,,,,,,,,,3.3,,4.07,37.20,1810.00,8.10,7.31,"clear","colorless","0000-0002-1892-7221","0000-0001-5939-3206",
