uid,domainID,siteID,namedLocation,collectDate,titrationDate,parentSampleID,domainSampleID,remarks,measuredBy,alkMeqPerL,alkMgPerL,ancMeqPerL,ancMgPerL
"a25bf223-ec39-460a-8422-4bc0e55c4748","D09","PRLA","PRLA.AOS.groundwater.well.007","2019-10-17T13:54Z","2019-10-18T15:50Z","PRLA.W7.20191017","PRLA.W7.20191017.ALK",,"dfarkas@battelleecology.org",9.400,471.000,,
"fb5bc402-b5d2-42d3-9485-129651cdde92","D09","PRLA","PRLA.AOS.groundwater.well.008","2019-10-17T14:36Z","2019-10-18T17:10Z","PRLA.W8.20191017","PRLA.W8.20191017.ALK",,"dfarkas@battelleecology.org",10.600,531.000,,
"03d87eca-0c4b-4783-9f55-8aa5dc25e7ad","D09","PRLA","PRLA.AOS.groundwater.well.003","2019-10-17T16:43Z","2019-10-18T16:50Z","PRLA.W3.20191017","PRLA.W3.20191017.ALK",,"dfarkas@battelleecology.org",9.650,483.000,,
"74caf533-30c4-428a-93d9-53835551c0ab","D09","PRLA","PRLA.AOS.groundwater.well.001","2019-10-17T17:24Z","2019-10-18T15:10Z","PRLA.W1.20191017","PRLA.W1.20191017.ALK",,"dfarkas@battelleecology.org",7.370,369.000,,
