uid,domainID,siteID,namedLocation,collectDate,parentSampleID,sampleCondition,sampleID,replicateNumber,gwwDICBubbleFree,gwwFiltSampleHeadspace,gwwAlkSampleHeadspace,gwwAlkSampleBubbleFree,processedDate,processedDateFilters,sampleVolumeFiltered,shipmentTimeRange
"fb459c8e-e034-4269-97dd-81294ab8c368","D09","PRLA","PRLA.AOS.groundwater.well.007","2019-10-17T13:54Z","PRLA.W7.20191017","Sample condition ok","PRLA.W7.20191017",1,,,,,"2019-10-17T13:54Z","2019-10-17T13:54Z",500.0,
"728c2e90-1ff6-4fbb-a414-bb30f8060705","D09","PRLA","PRLA.AOS.groundwater.well.008","2019-10-17T14:36Z","PRLA.W8.20191017","Sample condition ok","PRLA.W8.20191017",1,,,,,"2019-10-17T14:14Z","2019-10-17T14:14Z",500.0,
"cd68f380-ab82-49d5-901a-5c0f9e682062","D09","PRLA","PRLA.AOS.groundwater.well.003","2019-10-17T16:43Z","PRLA.W3.20191017","Sample condition ok","PRLA.W3.20191017",1,,,,,"2019-10-17T16:43Z","2019-10-17T16:43Z",394.0,
"ec0c4bc5-f708-4d72-bfe7-c58b393859d8","D09","PRLA","PRLA.AOS.groundwater.well.001","2019-10-17T17:24Z","PRLA.W1.20191017","Sample condition ok","PRLA.W1.20191017",1,,,,,"2019-10-17T17:24Z","2019-10-17T17:24Z",150.0,
