uid,domainID,siteID,namedLocation,sampleID,sampleCode,startDate,collectDate,laboratoryName,analyte,analyteConcentration,analyteUnits,coolerTemp,remarks,shipmentWarmQF,externalLabDataQF,sampleCondition
"0a8709db-178d-48ae-8ecb-9c95f772b6c1","D09","PRLA","PRLA.AOS.groundwater.well.007","PRLA.W7.20191017.FIL","A00000139039","2019-10-17T13:54Z","2019-10-17T13:54Z","EcoCore_CSU","Fe",0.0005,"milligramsPerLiter",1.3,,0,,"OK"
"fe4a74be-6eb2-4ed9-9b19-6a9abe2ab876","D09","PRLA","PRLA.AOS.groundwater.well.007","PRLA.W7.20191017.FIL","A00000139039","2019-10-17T13:54Z","2019-10-17T13:54Z","EcoCore_CSU","F",0.0050,"milligramsPerLiter",1.3,,0,,"OK"
"9fc30e25-9319-40f7-b837-e4743efb821f","D09","PRLA","PRLA.AOS.groundwater.well.007","PRLA.W7.20191017.FIL","A00000139039","2019-10-17T13:54Z","2019-10-17T13:54Z","EcoCore_CSU","Ca",525.4230,"milligramsPerLiter",1.3,,0,,"OK"
"020bfc35-4a05-4c25-86d1-d3da4b3644e1","D09","PRLA","PRLA.AOS.groundwater.well.007","PRLA.W7.20191017.FIL","A00000139039","2019-10-17T13:54Z","2019-10-17T13:54Z","EcoCore_CSU","CO3",0.0050,"milligramsPerLiter",1.3,,0,,"OK"
"03347ce8-12bc-4238-a978-ed4f537b829b","D09","PRLA","PRLA.AOS.groundwater.well.007","PRLA.W7.20191017.FIL","A00000139039","2019-10-17T13:54Z","2019-10-17T13:54Z","EcoCore_CSU","Cl",85.6300,"milligramsPerLiter",1.3,,0,,"OK"
"c96b77d2-56f8-490b-8920-db610f339922","D09","PRLA","PRLA.AOS.groundwater.well.007","PRLA.W7.20191017.FIL","A00000139039","2019-10-17T13:54Z","2019-10-17T13:54Z","EcoCore_CSU","Mg",312.0000,"milligramsPerLiter",1.3,,0,,"OK"
"62fb8660-f355-46dd-b978-bd097de26998","D09","PRLA","PRLA.AOS.groundwater.well.007","PRLA.W7.20191017.FIL","A00000139039","2019-10-17T13:54Z","2019-10-17T13:54Z","EcoCore_CSU","Br",0.0050,"milligramsPerLiter",1.3,,0,,"OK"
"6f5ea2ff-8e99-47ea-ae43-6d1f7eb315fd","D09","PRLA","PRLA.AOS.groundwater.well.007","PRLA.W7.20191017.FIL","A00000139039","2019-10-17T13:54Z","2019-10-17T13:54Z","EcoCore_CSU","SO4",3256.1500,"milligramsPerLiter",1.3,,0,,"OK"
"54299117-4a91-4fbb-8304-486750d37862","D09","PRLA","PRLA.AOS.groundwater.well.007","PRLA.W7.20191017.FIL","A00000139039","2019-10-17T13:54Z","2019-10-17T13:54Z","EcoCore_CSU","K",22.8800,"milligramsPerLiter",1.3,,0,,"OK"
"bb9cab24-ac30-43b4-8cbe-e460816d8b31","D09","PRLA","PRLA.AOS.groundwater.well.007","PRLA.W7.20191017.FIL","A00000139039","2019-10-17T13:54Z","2019-10-17T13:54Z","EcoCore_CSU","Na",558.6000,"milligramsPerLiter",1.3,,0,,"OK"
"7a87cdc8-b873-45a7-9d59-b61d6039b534","D09","PRLA","PRLA.AOS.groundwater.well.007","PRLA.W7.20191017.FIL","A00000139039","2019-10-17T13:54Z","2019-10-17T13:54Z","EcoCore_CSU","Si",14.6200,"milligramsPerLiter",1.3,,0,,"OK"
"cec996c0-6797-4b15-a91a-2afba1285468","D09","PRLA","PRLA.AOS.groundwater.well.007","PRLA.W7.20191017.FIL","A00000139039","2019-10-17T13:54Z","2019-10-17T13:54Z","EcoCore_CSU","Mn",1.5740,"milligramsPerLiter",1.3,,0,,"OK"
"eb974609-4ecc-44af-a76a-7778d4fa991f","D09","PRLA","PRLA.AOS.groundwater.well.007","PRLA.W7.20191017.FIL","A00000139039","2019-10-17T13:54Z","2019-10-17T13:54Z","EcoCore_CSU","TDP",0.0060,"milligramsPerLiter",1.3,,0,,"OK"
"bc00e412-e022-4961-878a-20a9cb7545dd","D09","PRLA","PRLA.AOS.groundwater.well.007","PRLA.W7.20191017.FIL","A00000139039","2019-10-17T13:54Z","2019-10-17T13:54Z","EcoCore_CSU","TDS",5431.5600,"milligramsPerLiter",1.3,,0,,"OK"
"fec1b147-7512-4bf3-aa6c-7fdbb33ed6b5","D09","PRLA","PRLA.AOS.groundwater.well.007","PRLA.W7.20191017.FIL","A00000139039","2019-10-17T13:54Z","2019-10-17T13:54Z","EcoCore_CSU","HCO3",426.3500,"milligramsPerLiter",1.3,,0,,"OK"
"f36fd482-9c75-4193-9096-eafc34a33d61","D09","PRLA","PRLA.AOS.groundwater.well.007","PRLA.W7.20191017.FIL","A00000139039","2019-10-17T13:54Z","2019-10-17T13:54Z","EcoCore_CSU","UV Absorbance (280 nm)",0.2285,,1.3,,0,,"OK"
"72100a2e-924a-403c-ad13-67dee7b07004","D09","PRLA","PRLA.AOS.groundwater.well.007","PRLA.W7.20191017.FIL","A00000139039","2019-10-17T13:54Z","2019-10-17T13:54Z","EcoCore_CSU","UV Absorbance (250 nm)",0.3478,,1.3,,0,,"OK"
"41e18694-35d1-4ad5-98f6-3577231526e6","D09","PRLA","PRLA.AOS.groundwater.well.007","PRLA.W7.20191017.RAW","A00000139040","2019-10-17T13:54Z","2019-10-17T13:54Z","EcoCore_CSU","TN",1.9300,"milligramsPerLiter",1.3,,0,,"OK"
"9a3a56ad-4f4d-4040-b917-a54dcb051b04","D09","PRLA","PRLA.AOS.groundwater.well.007","PRLA.W7.20191017.RAW","A00000139040","2019-10-17T13:54Z","2019-10-17T13:54Z","EcoCore_CSU","TOC",10.8300,"milligramsPerLiter",1.3,,0,,"OK"
"7b3498f7-93f7-4ee9-954b-ec501516db26","D09","PRLA","PRLA.AOS.groundwater.well.007","PRLA.W7.20191017.PCN","A00000139010","2019-10-17T13:54Z","2019-10-17T13:54Z","EcoCore_CSU","TPN",0.0982,"milligram",1.3,,0,,"OK"
"d3a71720-4a0b-4118-a72f-584f1557395d","D09","PRLA","PRLA.AOS.groundwater.well.007","PRLA.W7.20191017.PCN","A00000139010","2019-10-17T13:54Z","2019-10-17T13:54Z","EcoCore_CSU","TPC",0.2057,"milligram",1.3,,0,,"OK"
"03b674a7-580c-450d-bd18-d9c71c2c7679","D09","PRLA","PRLA.AOS.groundwater.well.007","PRLA.W7.20191017.FIL","A00000139039","2019-10-17T13:54Z","2019-10-17T13:54Z","EcoCore_CSU","NH4 - N",1.7468,"milligramsPerLiter",1.3,,0,,"OK"
"fb110e84-9f56-410d-bbb2-4936ab49fff4","D09","PRLA","PRLA.AOS.groundwater.well.007","PRLA.W7.20191017.FIL","A00000139039","2019-10-17T13:54Z","2019-10-17T13:54Z","EcoCore_CSU","NO3+NO2 - N",0.0060,"milligramsPerLiter",1.3,,0,,"OK"
"f0c84054-c191-4a1c-91e1-c23c89bd6a05","D09","PRLA","PRLA.AOS.groundwater.well.007","PRLA.W7.20191017.FIL","A00000139039","2019-10-17T13:54Z","2019-10-17T13:54Z","EcoCore_CSU","NO2 - N",-0.0050,"milligramsPerLiter",1.3,,0,,"OK"
"6629f4d4-1ff1-478e-8b11-15d09c26ad99","D09","PRLA","PRLA.AOS.groundwater.well.007","PRLA.W7.20191017.FIL","A00000139039","2019-10-17T13:54Z","2019-10-17T13:54Z","EcoCore_CSU","Ortho - P",0.0500,"milligramsPerLiter",1.3,,0,,"OK"
"fede94fe-eb82-4ce2-ad6d-5d56115df39f","D09","PRLA","PRLA.AOS.groundwater.well.007","PRLA.W7.20191017.RAW","A00000139040","2019-10-17T13:54Z","2019-10-17T13:54Z","EcoCore_CSU","ANC",7.2100,"milliequivalentsPerLiter",1.3,,0,,"OK"
"4c913878-2cc5-4462-83bc-706ed87a9442","D09","PRLA","PRLA.AOS.groundwater.well.007","PRLA.W7.20191017.RAW","A00000139040","2019-10-17T13:54Z","2019-10-17T13:54Z","EcoCore_CSU","TP",0.3080,"milligramsPerLiter",1.3,,0,,"OK"
"f75cdc98-657e-4029-aed4-d358b340fcee","D09","PRLA","PRLA.AOS.groundwater.well.007","PRLA.W7.20191017.RAW","A00000139040","2019-10-17T13:54Z","2019-10-17T13:54Z","EcoCore_CSU","TSS",22.0000,"milligramsPerLiter",1.3,,0,,"OK"
"1faaef94-ce18-46d8-b21b-5d9b66756eed","D09","PRLA","PRLA.AOS.groundwater.well.007","PRLA.W7.20191017.RAW","A00000139040","2019-10-17T13:54Z","2019-10-17T13:54Z","EcoCore_CSU","pH",7.0600,"pH",1.3,,0,,"OK"
"2101ff10-a5a3-4aac-a81c-5cf4777a1f60","D09","PRLA","PRLA.AOS.groundwater.well.007","PRLA.W7.20191017.RAW","A00000139040","2019-10-17T13:54Z","2019-10-17T13:54Z","EcoCore_CSU","specificConductance",7745.6300,"microsiemensPerCentimeter",1.3,,0,,"OK"
"f12f4145-a2bc-421a-b528-6806125c3b31","D09","PRLA","PRLA.AOS.groundwater.well.007","PRLA.W7.20191017.RAW","A00000139040","2019-10-17T13:54Z","2019-10-17T13:54Z","EcoCore_CSU","TSS - Dry Mass",1100.0000,"microgram",1.3,,0,,"OK"
"e5faf881-0c76-4183-a8e8-ad166ee7790e","D09","PRLA","PRLA.AOS.groundwater.well.007","PRLA.W7.20191017.FIL","A00000139039","2019-10-17T13:54Z","2019-10-17T13:54Z","EcoCore_CSU","TDN",2.0090,"milligramsPerLiter",1.3,,0,,"OK"
"ad3d3f05-13c8-473e-89f1-55e50a4bf200","D09","PRLA","PRLA.AOS.groundwater.well.007","PRLA.W7.20191017.FIL","A00000139039","2019-10-17T13:54Z","2019-10-17T13:54Z","EcoCore_CSU","DIC",146.6000,"milligramsPerLiter",1.3,,0,,"OK"
"5a396c1d-5ecf-472b-805f-5f59255c0ef0","D09","PRLA","PRLA.AOS.groundwater.well.007","PRLA.W7.20191017.FIL","A00000139039","2019-10-17T13:54Z","2019-10-17T13:54Z","EcoCore_CSU","DOC",12.1700,"milligramsPerLiter",1.3,,0,,"OK"
"f9c9b06b-9eeb-4e97-9a12-a5230d2c4f50","D09","PRLA","PRLA.AOS.groundwater.well.008","PRLA.W8.20191017.FIL","A00000139041","2019-10-17T14:36Z","2019-10-17T14:36Z","EcoCore_CSU","NO2 - N",-0.0048,"milligramsPerLiter",1.3,,0,,"OK"
"51015608-be4d-4440-86e8-5cda7903a22f","D09","PRLA","PRLA.AOS.groundwater.well.008","PRLA.W8.20191017.FIL","A00000139041","2019-10-17T14:36Z","2019-10-17T14:36Z","EcoCore_CSU","NO3+NO2 - N",0.0271,"milligramsPerLiter",1.3,,0,,"OK"
"4b9a1717-2375-4b6c-a324-9040a5cdfd85","D09","PRLA","PRLA.AOS.groundwater.well.008","PRLA.W8.20191017.FIL","A00000139041","2019-10-17T14:36Z","2019-10-17T14:36Z","EcoCore_CSU","NH4 - N",0.0174,"milligramsPerLiter",1.3,,0,,"OK"
"8ec77a89-935b-4c42-ac9b-cacbc05b48ed","D09","PRLA","PRLA.AOS.groundwater.well.008","PRLA.W8.20191017.FIL","A00000139041","2019-10-17T14:36Z","2019-10-17T14:36Z","EcoCore_CSU","TDS",1825.6900,"milligramsPerLiter",1.3,,0,,"OK"
"dde0e98f-bf93-4b4c-80ec-0116466238a5","D09","PRLA","PRLA.AOS.groundwater.well.008","PRLA.W8.20191017.FIL","A00000139041","2019-10-17T14:36Z","2019-10-17T14:36Z","EcoCore_CSU","TDP",0.0180,"milligramsPerLiter",1.3,,0,,"OK"
"54601e00-e183-4cc5-a460-1c46eac3f0b9","D09","PRLA","PRLA.AOS.groundwater.well.008","PRLA.W8.20191017.FIL","A00000139041","2019-10-17T14:36Z","2019-10-17T14:36Z","EcoCore_CSU","SO4",924.9000,"milligramsPerLiter",1.3,,0,,"OK"
"a9c7a8dd-92e0-4853-8abe-fa59b734c11d","D09","PRLA","PRLA.AOS.groundwater.well.008","PRLA.W8.20191017.FIL","A00000139041","2019-10-17T14:36Z","2019-10-17T14:36Z","EcoCore_CSU","Mg",170.6000,"milligramsPerLiter",1.3,,0,,"OK"
"0a976cc4-e818-4e33-a4c0-42b602009911","D09","PRLA","PRLA.AOS.groundwater.well.008","PRLA.W8.20191017.FIL","A00000139041","2019-10-17T14:36Z","2019-10-17T14:36Z","EcoCore_CSU","Fe",0.0005,"milligramsPerLiter",1.3,,0,,"OK"
"72515283-1b95-486f-8b08-022734642cd7","D09","PRLA","PRLA.AOS.groundwater.well.008","PRLA.W8.20191017.FIL","A00000139041","2019-10-17T14:36Z","2019-10-17T14:36Z","EcoCore_CSU","Na",107.6000,"milligramsPerLiter",1.3,,0,,"OK"
"e1944b6d-f5d5-4b46-b2fa-c74f8c3a02db","D09","PRLA","PRLA.AOS.groundwater.well.008","PRLA.W8.20191017.FIL","A00000139041","2019-10-17T14:36Z","2019-10-17T14:36Z","EcoCore_CSU","HCO3",329.1400,"milligramsPerLiter",1.3,,0,,"OK"
"fdf7000a-947e-4e99-9294-dc9ad51ca341","D09","PRLA","PRLA.AOS.groundwater.well.008","PRLA.W8.20191017.FIL","A00000139041","2019-10-17T14:36Z","2019-10-17T14:36Z","EcoCore_CSU","Si",0.0050,"milligramsPerLiter",1.3,,0,,"OK"
"8f7b5fac-5cb8-4b6e-a8c8-8f9950c3f9ed","D09","PRLA","PRLA.AOS.groundwater.well.008","PRLA.W8.20191017.FIL","A00000139041","2019-10-17T14:36Z","2019-10-17T14:36Z","EcoCore_CSU","Mn",0.0005,"milligramsPerLiter",1.3,,0,,"OK"
"6fde162f-2315-4958-b33c-48f4746a8690","D09","PRLA","PRLA.AOS.groundwater.well.008","PRLA.W8.20191017.FIL","A00000139041","2019-10-17T14:36Z","2019-10-17T14:36Z","EcoCore_CSU","F",0.1500,"milligramsPerLiter",1.3,,0,,"OK"
"d5b8b94b-0528-4ff0-9ca9-cb08cb27bb19","D09","PRLA","PRLA.AOS.groundwater.well.008","PRLA.W8.20191017.FIL","A00000139041","2019-10-17T14:36Z","2019-10-17T14:36Z","EcoCore_CSU","Ca",135.5000,"milligramsPerLiter",1.3,,0,,"OK"
"cf5fa20f-0d63-457f-967c-6fb6d262fbb0","D09","PRLA","PRLA.AOS.groundwater.well.008","PRLA.W8.20191017.FIL","A00000139041","2019-10-17T14:36Z","2019-10-17T14:36Z","EcoCore_CSU","CO3",0.0050,"milligramsPerLiter",1.3,,0,,"OK"
"fa9c19f8-5332-4bf5-9b09-db90faa3780d","D09","PRLA","PRLA.AOS.groundwater.well.008","PRLA.W8.20191017.FIL","A00000139041","2019-10-17T14:36Z","2019-10-17T14:36Z","EcoCore_CSU","UV Absorbance (250 nm)",0.1217,,1.3,,0,,"OK"
"70e09894-4e51-46ab-ba55-617cb8eb146c","D09","PRLA","PRLA.AOS.groundwater.well.008","PRLA.W8.20191017.FIL","A00000139041","2019-10-17T14:36Z","2019-10-17T14:36Z","EcoCore_CSU","UV Absorbance (280 nm)",0.0719,,1.3,,0,,"OK"
"52ebe085-91ab-4117-97b8-df6b7c392882","D09","PRLA","PRLA.AOS.groundwater.well.008","PRLA.W8.20191017.RAW","A00000139008","2019-10-17T14:36Z","2019-10-17T14:36Z","EcoCore_CSU","TOC",7.1760,"milligramsPerLiter",1.3,,0,,"OK"
"3d176a24-2c94-4873-80ba-0e6a44f1ab7a","D09","PRLA","PRLA.AOS.groundwater.well.008","PRLA.W8.20191017.RAW","A00000139008","2019-10-17T14:36Z","2019-10-17T14:36Z","EcoCore_CSU","TN",0.3295,"milligramsPerLiter",1.3,,0,,"OK"
"2d17d4b4-7656-4ef9-8ed1-61e3713b9d6e","D09","PRLA","PRLA.AOS.groundwater.well.008","PRLA.W8.20191017.PCN","A00000139009","2019-10-17T14:36Z","2019-10-17T14:36Z","EcoCore_CSU","TPC",0.1857,"milligram",1.3,,0,,"OK"
"0b6096dc-8ef2-43b0-96be-87e01d002ac5","D09","PRLA","PRLA.AOS.groundwater.well.008","PRLA.W8.20191017.PCN","A00000139009","2019-10-17T14:36Z","2019-10-17T14:36Z","EcoCore_CSU","TPN",0.0700,"milligram",1.3,,0,,"OK"
"dfe187fa-d5cd-4b53-8ed1-5f0eb65b1c9a","D09","PRLA","PRLA.AOS.groundwater.well.008","PRLA.W8.20191017.FIL","A00000139041","2019-10-17T14:36Z","2019-10-17T14:36Z","EcoCore_CSU","DIC",148.9000,"milligramsPerLiter",1.3,,0,,"OK"
"28adddf3-d3c1-44b1-962e-f7d9e5d64839","D09","PRLA","PRLA.AOS.groundwater.well.008","PRLA.W8.20191017.FIL","A00000139041","2019-10-17T14:36Z","2019-10-17T14:36Z","EcoCore_CSU","DOC",7.0960,"milligramsPerLiter",1.3,,0,,"OK"
"6e00f624-7218-46d7-a359-6d1c68d4a080","D09","PRLA","PRLA.AOS.groundwater.well.008","PRLA.W8.20191017.FIL","A00000139041","2019-10-17T14:36Z","2019-10-17T14:36Z","EcoCore_CSU","TDN",0.3496,"milligramsPerLiter",1.3,,0,,"OK"
"949f4493-85aa-48f8-88aa-0ec3edd31c8a","D09","PRLA","PRLA.AOS.groundwater.well.008","PRLA.W8.20191017.RAW","A00000139008","2019-10-17T14:36Z","2019-10-17T14:36Z","EcoCore_CSU","specificConductance",2592.4500,"microsiemensPerCentimeter",1.3,,0,,"OK"
"b830cf66-f0ad-4c71-9fbf-cee2a802a5c5","D09","PRLA","PRLA.AOS.groundwater.well.008","PRLA.W8.20191017.RAW","A00000139008","2019-10-17T14:36Z","2019-10-17T14:36Z","EcoCore_CSU","TSS - Dry Mass",500.0000,"microgram",1.3,,0,,"OK"
"dd5d293a-f5c1-4dfd-a0e6-3380395b4e31","D09","PRLA","PRLA.AOS.groundwater.well.008","PRLA.W8.20191017.RAW","A00000139008","2019-10-17T14:36Z","2019-10-17T14:36Z","EcoCore_CSU","TSS",10.0000,"milligramsPerLiter",1.3,,0,,"OK"
"8ee659a3-2757-4011-9b24-aaf6dac400cb","D09","PRLA","PRLA.AOS.groundwater.well.008","PRLA.W8.20191017.RAW","A00000139008","2019-10-17T14:36Z","2019-10-17T14:36Z","EcoCore_CSU","pH",7.5700,"pH",1.3,,0,,"OK"
"5b1a10e4-7d59-4510-8c05-24f5bd8e6d9c","D09","PRLA","PRLA.AOS.groundwater.well.008","PRLA.W8.20191017.RAW","A00000139008","2019-10-17T14:36Z","2019-10-17T14:36Z","EcoCore_CSU","TP",0.2910,"milligramsPerLiter",1.3,,0,,"OK"
"7b74fcfe-31ac-46ba-8c33-cf39931649e0","D09","PRLA","PRLA.AOS.groundwater.well.008","PRLA.W8.20191017.RAW","A00000139008","2019-10-17T14:36Z","2019-10-17T14:36Z","EcoCore_CSU","ANC",5.5200,"milliequivalentsPerLiter",1.3,,0,,"OK"
"fdf4b8e3-6f04-4c0c-8338-9c2f9e1d2c00","D09","PRLA","PRLA.AOS.groundwater.well.008","PRLA.W8.20191017.FIL","A00000139041","2019-10-17T14:36Z","2019-10-17T14:36Z","EcoCore_CSU","Ortho - P",0.0430,"milligramsPerLiter",1.3,,0,,"OK"
"a1378a46-f3f1-43cd-b02c-176a3d996905","D09","PRLA","PRLA.AOS.groundwater.well.008","PRLA.W8.20191017.FIL","A00000139041","2019-10-17T14:36Z","2019-10-17T14:36Z","EcoCore_CSU","K",8.0220,"milligramsPerLiter",1.3,,0,,"OK"
"f48ea150-ab91-47e7-8f1f-3436651e4b7f","D09","PRLA","PRLA.AOS.groundwater.well.008","PRLA.W8.20191017.FIL","A00000139041","2019-10-17T14:36Z","2019-10-17T14:36Z","EcoCore_CSU","Br",0.0050,"milligramsPerLiter",1.3,,0,,"OK"
"5166393f-34f2-474b-a164-598cc7f1d813","D09","PRLA","PRLA.AOS.groundwater.well.008","PRLA.W8.20191017.FIL","A00000139041","2019-10-17T14:36Z","2019-10-17T14:36Z","EcoCore_CSU","Cl",42.1300,"milligramsPerLiter",1.3,,0,,"OK"
"286aca29-5099-45c8-ac52-0d4344a8809f","D09","PRLA","PRLA.AOS.groundwater.well.003","PRLA.W3.20191017.FIL","A00000139037","2019-10-17T16:43Z","2019-10-17T16:43Z","EcoCore_CSU","DIC",147.8000,"milligramsPerLiter",1.3,,0,,"OK"
"eb42dc32-c709-445c-9467-55414602c7b1","D09","PRLA","PRLA.AOS.groundwater.well.003","PRLA.W3.20191017.PCN","A00000139012","2019-10-17T16:43Z","2019-10-17T16:43Z","EcoCore_CSU","TPN",0.1497,"milligram",1.3,,0,,"OK"
"5c1a0e19-f389-4356-b5c5-69a09e57d134","D09","PRLA","PRLA.AOS.groundwater.well.003","PRLA.W3.20191017.FIL","A00000139037","2019-10-17T16:43Z","2019-10-17T16:43Z","EcoCore_CSU","DOC",19.4600,"milligramsPerLiter",1.3,,0,,"OK"
"1e1e1646-3325-4632-bd10-6aa81a42099a","D09","PRLA","PRLA.AOS.groundwater.well.003","PRLA.W3.20191017.RAW","A00000139038","2019-10-17T16:43Z","2019-10-17T16:43Z","EcoCore_CSU","specificConductance",1531.4200,"microsiemensPerCentimeter",1.3,,0,,"OK"
"5c357bb2-d006-40fa-bd14-600ad3a6c3c8","D09","PRLA","PRLA.AOS.groundwater.well.003","PRLA.W3.20191017.RAW","A00000139038","2019-10-17T16:43Z","2019-10-17T16:43Z","EcoCore_CSU","pH",7.4000,"pH",1.3,,0,,"OK"
"922e81c9-1732-4b10-bf68-96fc346516a2","D09","PRLA","PRLA.AOS.groundwater.well.003","PRLA.W3.20191017.RAW","A00000139038","2019-10-17T16:43Z","2019-10-17T16:43Z","EcoCore_CSU","TSS - Dry Mass",700.0000,"microgram",1.3,,0,,"OK"
"5bb1a9e7-51c1-4e49-9063-b1e2d0ef5797","D09","PRLA","PRLA.AOS.groundwater.well.003","PRLA.W3.20191017.RAW","A00000139038","2019-10-17T16:43Z","2019-10-17T16:43Z","EcoCore_CSU","TP",0.2220,"milligramsPerLiter",1.3,,0,,"OK"
"84b86723-ec03-45b4-aad2-63537e9bc930","D09","PRLA","PRLA.AOS.groundwater.well.003","PRLA.W3.20191017.RAW","A00000139038","2019-10-17T16:43Z","2019-10-17T16:43Z","EcoCore_CSU","TSS",14.0000,"milligramsPerLiter",1.3,,0,,"OK"
"b997b726-5600-4b76-86b8-47ce8e5bd3f5","D09","PRLA","PRLA.AOS.groundwater.well.003","PRLA.W3.20191017.RAW","A00000139038","2019-10-17T16:43Z","2019-10-17T16:43Z","EcoCore_CSU","ANC",7.5300,"milliequivalentsPerLiter",1.3,,0,,"OK"
"f8f4f2c5-a70f-4d98-afb6-dcc3da3221a0","D09","PRLA","PRLA.AOS.groundwater.well.003","PRLA.W3.20191017.FIL","A00000139037","2019-10-17T16:43Z","2019-10-17T16:43Z","EcoCore_CSU","NH4 - N",0.0536,"milligramsPerLiter",1.3,,0,,"OK"
"8b91b738-4e6b-4bc4-98a8-3b3f95aa7277","D09","PRLA","PRLA.AOS.groundwater.well.003","PRLA.W3.20191017.FIL","A00000139037","2019-10-17T16:43Z","2019-10-17T16:43Z","EcoCore_CSU","Ortho - P",0.0470,"milligramsPerLiter",1.3,,0,,"OK"
"d07ccaf2-6a2c-42a9-a632-7dd35c49987b","D09","PRLA","PRLA.AOS.groundwater.well.003","PRLA.W3.20191017.FIL","A00000139037","2019-10-17T16:43Z","2019-10-17T16:43Z","EcoCore_CSU","NO3+NO2 - N",0.0022,"milligramsPerLiter",1.3,,0,,"OK"
"e982edc6-3d18-4a5d-ad1b-c89392263e81","D09","PRLA","PRLA.AOS.groundwater.well.003","PRLA.W3.20191017.FIL","A00000139037","2019-10-17T16:43Z","2019-10-17T16:43Z","EcoCore_CSU","NO2 - N",-0.0062,"milligramsPerLiter",1.3,,0,,"OK"
"a270282e-cc0f-4b0d-98cd-e03799ba6710","D09","PRLA","PRLA.AOS.groundwater.well.003","PRLA.W3.20191017.FIL","A00000139037","2019-10-17T16:43Z","2019-10-17T16:43Z","EcoCore_CSU","TDS",1076.2800,"milligramsPerLiter",1.3,,0,,"OK"
"a077b9e4-2b5a-4db4-915c-b946f1c4000f","D09","PRLA","PRLA.AOS.groundwater.well.003","PRLA.W3.20191017.FIL","A00000139037","2019-10-17T16:43Z","2019-10-17T16:43Z","EcoCore_CSU","Fe",0.0005,"milligramsPerLiter",1.3,,0,,"OK"
"d7b08653-0a5f-4ac5-95ae-ce3507603b87","D09","PRLA","PRLA.AOS.groundwater.well.003","PRLA.W3.20191017.FIL","A00000139037","2019-10-17T16:43Z","2019-10-17T16:43Z","EcoCore_CSU","F",0.0050,"milligramsPerLiter",1.3,,0,,"OK"
"078c329a-dc2d-458f-bec4-2792e3c6e68b","D09","PRLA","PRLA.AOS.groundwater.well.003","PRLA.W3.20191017.FIL","A00000139037","2019-10-17T16:43Z","2019-10-17T16:43Z","EcoCore_CSU","HCO3",452.1500,"milligramsPerLiter",1.3,,0,,"OK"
"a40d1bbd-3ba9-4b0f-a508-5feb5ab0e422","D09","PRLA","PRLA.AOS.groundwater.well.003","PRLA.W3.20191017.FIL","A00000139037","2019-10-17T16:43Z","2019-10-17T16:43Z","EcoCore_CSU","Mn",0.0005,"milligramsPerLiter",1.3,,0,,"OK"
"3a4c9689-71d0-4653-a03b-ee428b22f73b","D09","PRLA","PRLA.AOS.groundwater.well.003","PRLA.W3.20191017.FIL","A00000139037","2019-10-17T16:43Z","2019-10-17T16:43Z","EcoCore_CSU","Na",21.8100,"milligramsPerLiter",1.3,,0,,"OK"
"d930caa4-f977-4163-9f35-5d4fb1ba89ca","D09","PRLA","PRLA.AOS.groundwater.well.003","PRLA.W3.20191017.FIL","A00000139037","2019-10-17T16:43Z","2019-10-17T16:43Z","EcoCore_CSU","TDP",0.0120,"milligramsPerLiter",1.3,,0,,"OK"
"8a61a22e-4a2a-4476-986b-66a07ed63936","D09","PRLA","PRLA.AOS.groundwater.well.003","PRLA.W3.20191017.FIL","A00000139037","2019-10-17T16:43Z","2019-10-17T16:43Z","EcoCore_CSU","Br",0.0050,"milligramsPerLiter",1.3,,0,,"OK"
"8c30f8f5-905a-41fb-be6e-8e60d06f699d","D09","PRLA","PRLA.AOS.groundwater.well.003","PRLA.W3.20191017.FIL","A00000139037","2019-10-17T16:43Z","2019-10-17T16:43Z","EcoCore_CSU","Si",15.1000,"milligramsPerLiter",1.3,,0,,"OK"
"14e59b42-4628-49e4-b8ec-fb020317ec34","D09","PRLA","PRLA.AOS.groundwater.well.003","PRLA.W3.20191017.FIL","A00000139037","2019-10-17T16:43Z","2019-10-17T16:43Z","EcoCore_CSU","CO3",0.0050,"milligramsPerLiter",1.3,,0,,"OK"
"1b39e4a5-2b15-4671-bfd2-2b2971f85fb1","D09","PRLA","PRLA.AOS.groundwater.well.003","PRLA.W3.20191017.FIL","A00000139037","2019-10-17T16:43Z","2019-10-17T16:43Z","EcoCore_CSU","UV Absorbance (250 nm)",0.1204,,1.3,,0,,"OK"
"e138ec5c-bc71-4dc3-a16b-370ff655ec3d","D09","PRLA","PRLA.AOS.groundwater.well.003","PRLA.W3.20191017.FIL","A00000139037","2019-10-17T16:43Z","2019-10-17T16:43Z","EcoCore_CSU","UV Absorbance (280 nm)",0.0814,,1.3,,0,,"OK"
"b1b7ab09-9e93-407f-ab0c-d5629d2b4ea3","D09","PRLA","PRLA.AOS.groundwater.well.003","PRLA.W3.20191017.RAW","A00000139038","2019-10-17T16:43Z","2019-10-17T16:43Z","EcoCore_CSU","TOC",19.2800,"milligramsPerLiter",1.3,,0,,"OK"
"04da71d4-78c1-49b4-8989-bc96fd0e0877","D09","PRLA","PRLA.AOS.groundwater.well.003","PRLA.W3.20191017.RAW","A00000139038","2019-10-17T16:43Z","2019-10-17T16:43Z","EcoCore_CSU","TN",0.2432,"milligramsPerLiter",1.3,,0,,"OK"
"ee0641a0-fbf1-4262-ba0a-5e94cd843360","D09","PRLA","PRLA.AOS.groundwater.well.003","PRLA.W3.20191017.FIL","A00000139037","2019-10-17T16:43Z","2019-10-17T16:43Z","EcoCore_CSU","Ca",163.7000,"milligramsPerLiter",1.3,,0,,"OK"
"08fb5838-c158-4bc8-a715-019b2db2710f","D09","PRLA","PRLA.AOS.groundwater.well.003","PRLA.W3.20191017.FIL","A00000139037","2019-10-17T16:43Z","2019-10-17T16:43Z","EcoCore_CSU","K",8.1930,"milligramsPerLiter",1.3,,0,,"OK"
"5a4f1ad7-7acb-4cfc-a458-3afee7fa2606","D09","PRLA","PRLA.AOS.groundwater.well.003","PRLA.W3.20191017.FIL","A00000139037","2019-10-17T16:43Z","2019-10-17T16:43Z","EcoCore_CSU","Mg",70.4900,"milligramsPerLiter",1.3,,0,,"OK"
"8ccc2418-4d69-495d-ad10-7f2d397c6939","D09","PRLA","PRLA.AOS.groundwater.well.003","PRLA.W3.20191017.FIL","A00000139037","2019-10-17T16:43Z","2019-10-17T16:43Z","EcoCore_CSU","Cl",9.0800,"milligramsPerLiter",1.3,,0,,"OK"
"373cc5b5-e99a-479e-9a26-07ac8418ca1b","D09","PRLA","PRLA.AOS.groundwater.well.003","PRLA.W3.20191017.FIL","A00000139037","2019-10-17T16:43Z","2019-10-17T16:43Z","EcoCore_CSU","SO4",365.1000,"milligramsPerLiter",1.3,,0,,"OK"
"48f249e8-d921-4f7c-9035-de15a03176fc","D09","PRLA","PRLA.AOS.groundwater.well.003","PRLA.W3.20191017.PCN","A00000139012","2019-10-17T16:43Z","2019-10-17T16:43Z","EcoCore_CSU","TPC",0.2878,"milligram",1.3,,0,,"OK"
"fa002c6e-02c2-4903-a5fc-8ea402cb161a","D09","PRLA","PRLA.AOS.groundwater.well.003","PRLA.W3.20191017.FIL","A00000139037","2019-10-17T16:43Z","2019-10-17T16:43Z","EcoCore_CSU","TDN",0.2681,"milligramsPerLiter",1.3,,0,,"OK"
"c3162018-8f58-47b6-8411-c9751b9379df","D09","PRLA","PRLA.AOS.groundwater.well.001","PRLA.W1.20191017.FIL","A00000139035","2019-10-17T17:24Z","2019-10-17T17:24Z","EcoCore_CSU","DIC",108.8000,"milligramsPerLiter",1.3,,0,,"OK"
"67af1348-1ec3-4994-ab1d-e2dd70a15698","D09","PRLA","PRLA.AOS.groundwater.well.001","PRLA.W1.20191017.FIL","A00000139035","2019-10-17T17:24Z","2019-10-17T17:24Z","EcoCore_CSU","F",0.0050,"milligramsPerLiter",1.3,,0,,"OK"
"e7bcff70-a364-4d79-9cef-c7bed240b171","D09","PRLA","PRLA.AOS.groundwater.well.001","PRLA.W1.20191017.FIL","A00000139035","2019-10-17T17:24Z","2019-10-17T17:24Z","EcoCore_CSU","TDN",0.3494,"milligramsPerLiter",1.3,,0,,"OK"
"56d00cc2-e91e-4a2c-a737-048c592972fd","D09","PRLA","PRLA.AOS.groundwater.well.001","PRLA.W1.20191017.RAW","A00000139036","2019-10-17T17:24Z","2019-10-17T17:24Z","EcoCore_CSU","ANC",2.8400,"milliequivalentsPerLiter",1.3,,0,,"OK"
"c486de20-167f-4fc7-9a23-863bc3bd4fb8","D09","PRLA","PRLA.AOS.groundwater.well.001","PRLA.W1.20191017.RAW","A00000139036","2019-10-17T17:24Z","2019-10-17T17:24Z","EcoCore_CSU","TSS",94.0000,"milligramsPerLiter",1.3,,0,,"OK"
"b7fee56c-a8c8-417e-988c-a55bacbaf7b5","D09","PRLA","PRLA.AOS.groundwater.well.001","PRLA.W1.20191017.RAW","A00000139036","2019-10-17T17:24Z","2019-10-17T17:24Z","EcoCore_CSU","pH",7.4000,"pH",1.3,,0,,"OK"
"aff5702d-6cea-4600-aa1f-12f0c7d5084b","D09","PRLA","PRLA.AOS.groundwater.well.001","PRLA.W1.20191017.RAW","A00000139036","2019-10-17T17:24Z","2019-10-17T17:24Z","EcoCore_CSU","TSS - Dry Mass",4700.0000,"microgram",1.3,,0,,"OK"
"e90a6782-f154-4904-9380-7feb7e79244f","D09","PRLA","PRLA.AOS.groundwater.well.001","PRLA.W1.20191017.RAW","A00000139036","2019-10-17T17:24Z","2019-10-17T17:24Z","EcoCore_CSU","TP",0.2990,"milligramsPerLiter",1.3,,0,,"OK"
"6567c2a8-73f0-4573-9650-3196c33e49bb","D09","PRLA","PRLA.AOS.groundwater.well.001","PRLA.W1.20191017.RAW","A00000139036","2019-10-17T17:24Z","2019-10-17T17:24Z","EcoCore_CSU","specificConductance",2380.1500,"microsiemensPerCentimeter",1.3,,0,,"OK"
"0a960674-98b6-4885-80d1-a46831eb5ae6","D09","PRLA","PRLA.AOS.groundwater.well.001","PRLA.W1.20191017.FIL","A00000139035","2019-10-17T17:24Z","2019-10-17T17:24Z","EcoCore_CSU","NH4 - N",0.0205,"milligramsPerLiter",1.3,,0,,"OK"
"53d81b1e-51d9-47ca-8e27-67bb3095f71c","D09","PRLA","PRLA.AOS.groundwater.well.001","PRLA.W1.20191017.FIL","A00000139035","2019-10-17T17:24Z","2019-10-17T17:24Z","EcoCore_CSU","NO3+NO2 - N",0.2006,"milligramsPerLiter",1.3,,0,,"OK"
"a03ce6d9-b585-4386-b398-663552509978","D09","PRLA","PRLA.AOS.groundwater.well.001","PRLA.W1.20191017.FIL","A00000139035","2019-10-17T17:24Z","2019-10-17T17:24Z","EcoCore_CSU","Ortho - P",0.8500,"milligramsPerLiter",1.3,,0,,"OK"
"7d65835e-2403-4cfb-b463-9c11ed230e38","D09","PRLA","PRLA.AOS.groundwater.well.001","PRLA.W1.20191017.FIL","A00000139035","2019-10-17T17:24Z","2019-10-17T17:24Z","EcoCore_CSU","NO2 - N",-0.0044,"milligramsPerLiter",1.3,,0,,"OK"
"7161f583-b6e4-413c-8b60-88b21d5a7db7","D09","PRLA","PRLA.AOS.groundwater.well.001","PRLA.W1.20191017.FIL","A00000139035","2019-10-17T17:24Z","2019-10-17T17:24Z","EcoCore_CSU","SO4",955.2000,"milligramsPerLiter",1.3,,0,,"OK"
"b704b321-d0de-4de4-9921-2bf131cf04bf","D09","PRLA","PRLA.AOS.groundwater.well.001","PRLA.W1.20191017.FIL","A00000139035","2019-10-17T17:24Z","2019-10-17T17:24Z","EcoCore_CSU","Cl",40.1200,"milligramsPerLiter",1.3,,0,,"OK"
"f6f8bfdb-cb80-43f6-bc9a-6e44aeb16999","D09","PRLA","PRLA.AOS.groundwater.well.001","PRLA.W1.20191017.FIL","A00000139035","2019-10-17T17:24Z","2019-10-17T17:24Z","EcoCore_CSU","CO3",0.0050,"milligramsPerLiter",1.3,,0,,"OK"
"c6724c4d-844f-44c8-851e-bd7cb265def6","D09","PRLA","PRLA.AOS.groundwater.well.001","PRLA.W1.20191017.FIL","A00000139035","2019-10-17T17:24Z","2019-10-17T17:24Z","EcoCore_CSU","Si",17.4800,"milligramsPerLiter",1.3,,0,,"OK"
"c1116ca3-3f1d-457d-8d00-d7ab8818e220","D09","PRLA","PRLA.AOS.groundwater.well.001","PRLA.W1.20191017.FIL","A00000139035","2019-10-17T17:24Z","2019-10-17T17:24Z","EcoCore_CSU","Fe",0.0005,"milligramsPerLiter",1.3,,0,,"OK"
"bc1db930-a64c-4e4f-97a4-d25cae87da9a","D09","PRLA","PRLA.AOS.groundwater.well.001","PRLA.W1.20191017.FIL","A00000139035","2019-10-17T17:24Z","2019-10-17T17:24Z","EcoCore_CSU","HCO3",169.4100,"milligramsPerLiter",1.3,,0,,"OK"
"fd8006cc-bb49-4a83-8464-a2ffed154a36","D09","PRLA","PRLA.AOS.groundwater.well.001","PRLA.W1.20191017.FIL","A00000139035","2019-10-17T17:24Z","2019-10-17T17:24Z","EcoCore_CSU","K",6.9310,"milligramsPerLiter",1.3,,0,,"OK"
"5d1f610b-e27d-444a-bfe8-efaef4f0a223","D09","PRLA","PRLA.AOS.groundwater.well.001","PRLA.W1.20191017.FIL","A00000139035","2019-10-17T17:24Z","2019-10-17T17:24Z","EcoCore_CSU","Na",45.9100,"milligramsPerLiter",1.3,,0,,"OK"
"eecfe714-cdf5-453e-a52e-69c335118553","D09","PRLA","PRLA.AOS.groundwater.well.001","PRLA.W1.20191017.FIL","A00000139035","2019-10-17T17:24Z","2019-10-17T17:24Z","EcoCore_CSU","Mg",123.4000,"milligramsPerLiter",1.3,,0,,"OK"
"50fb2f59-aa64-4866-8a7e-84c7af6bcde2","D09","PRLA","PRLA.AOS.groundwater.well.001","PRLA.W1.20191017.FIL","A00000139035","2019-10-17T17:24Z","2019-10-17T17:24Z","EcoCore_CSU","Ca",226.7000,"milligramsPerLiter",1.3,,0,,"OK"
"00ba7d66-973e-4c0b-bbb2-02bbe9aec0f9","D09","PRLA","PRLA.AOS.groundwater.well.001","PRLA.W1.20191017.FIL","A00000139035","2019-10-17T17:24Z","2019-10-17T17:24Z","EcoCore_CSU","TDP",0.0170,"milligramsPerLiter",1.3,,0,,"OK"
"1bd40286-1913-4468-92e5-ac2e5ea90c90","D09","PRLA","PRLA.AOS.groundwater.well.001","PRLA.W1.20191017.FIL","A00000139035","2019-10-17T17:24Z","2019-10-17T17:24Z","EcoCore_CSU","TDS",1668.1500,"milligramsPerLiter",1.3,,0,,"OK"
"dae60c4e-27a6-4cbc-b34d-e0bcaeb00519","D09","PRLA","PRLA.AOS.groundwater.well.001","PRLA.W1.20191017.FIL","A00000139035","2019-10-17T17:24Z","2019-10-17T17:24Z","EcoCore_CSU","Br",0.0050,"milligramsPerLiter",1.3,,0,,"OK"
"b18fde36-3f21-4803-93c2-71c335031aad","D09","PRLA","PRLA.AOS.groundwater.well.001","PRLA.W1.20191017.FIL","A00000139035","2019-10-17T17:24Z","2019-10-17T17:24Z","EcoCore_CSU","Mn",0.0005,"milligramsPerLiter",1.3,,0,,"OK"
"c79b3a58-9d79-472e-b14c-8188911d6db7","D09","PRLA","PRLA.AOS.groundwater.well.001","PRLA.W1.20191017.FIL","A00000139035","2019-10-17T17:24Z","2019-10-17T17:24Z","EcoCore_CSU","UV Absorbance (250 nm)",0.0561,,1.3,,0,,"OK"
"c0da94fd-2939-4ab3-a609-8699005b85b6","D09","PRLA","PRLA.AOS.groundwater.well.001","PRLA.W1.20191017.FIL","A00000139035","2019-10-17T17:24Z","2019-10-17T17:24Z","EcoCore_CSU","UV Absorbance (280 nm)",0.0315,,2.8,,0,,"OK"
"74e29a04-81ec-4776-b46b-c9ce2250b2d4","D09","PRLA","PRLA.AOS.groundwater.well.001","PRLA.W1.20191017.RAW","A00000139036","2019-10-17T17:24Z","2019-10-17T17:24Z","EcoCore_CSU","TN",0.3449,"milligramsPerLiter",1.3,,0,,"OK"
"421c75d8-75fe-4f30-9a72-88d5c3d90bc7","D09","PRLA","PRLA.AOS.groundwater.well.001","PRLA.W1.20191017.RAW","A00000139036","2019-10-17T17:24Z","2019-10-17T17:24Z","EcoCore_CSU","TOC",4.5070,"milligramsPerLiter",1.3,,0,,"OK"
"ba17a332-4219-444b-8d59-9f3f8bd7ec5c","D09","PRLA","PRLA.AOS.groundwater.well.001","PRLA.W1.20191017.PCN","A00000139011","2019-10-17T17:24Z","2019-10-17T17:24Z","EcoCore_CSU","TPC",0.3419,"milligram",1.3,,0,,"OK"
"514bc96e-879b-42ad-b1d8-47bce7d62764","D09","PRLA","PRLA.AOS.groundwater.well.001","PRLA.W1.20191017.PCN","A00000139011","2019-10-17T17:24Z","2019-10-17T17:24Z","EcoCore_CSU","TPN",0.0699,"milligram",1.3,,0,,"OK"
"38cefa43-f58f-4f1f-868c-51e17a6336d3","D09","PRLA","PRLA.AOS.groundwater.well.001","PRLA.W1.20191017.FIL","A00000139035","2019-10-17T17:24Z","2019-10-17T17:24Z","EcoCore_CSU","DOC",4.6520,"milligramsPerLiter",1.3,,0,,"OK"
