uid,domainID,siteID,namedLocation,sampleID,sampleCode,startDate,collectDate,laboratoryName,analyte,analyteConcentration,analyteUnits,coolerTemp,remarks,shipmentWarmQF,externalLabDataQF,sampleCondition
"a92ff3a2-ac0c-4477-9964-33373e8586ca","D01","HOPB","HOPB.AOS.groundwater.well.002","HOPB.W2.20190813.FIL","A00000068030","2019-08-13T15:11Z","2019-08-13T15:11Z","EcoCore_CSU","DOC",3.5620,"milligramsPerLiter",2.7,,0,,"OK"
"03cc6ff7-69a9-4b22-b7e6-3e0d96027c5a","D01","HOPB","HOPB.AOS.groundwater.well.002","HOPB.W2.20190813.FIL","A00000068030","2019-08-13T15:11Z","2019-08-13T15:11Z","EcoCore_CSU","UV Absorbance (250 nm)",0.1158,,2.7,,0,,"OK"
"aff836d2-a06a-4d36-b2c8-3d9f19cfb0c6","D01","HOPB","HOPB.AOS.groundwater.well.002","HOPB.W2.20190813.FIL","A00000068030","2019-08-13T15:11Z","2019-08-13T15:11Z","EcoCore_CSU","Ortho - P",-0.0550,"milligramsPerLiter",2.7,,0,,"OK"
"c458d338-28c2-4430-ad32-f70f87a3808e","D01","HOPB","HOPB.AOS.groundwater.well.002","HOPB.W2.20190813.FIL","A00000068030","2019-08-13T15:11Z","2019-08-13T15:11Z","EcoCore_CSU","NH4 - N",0.1443,"milligramsPerLiter",2.7,,0,,"OK"
"73743303-1c22-4c5a-a86c-bd26bc8ffd14","D01","HOPB","HOPB.AOS.groundwater.well.002","HOPB.W2.20190813.FIL","A00000068030","2019-08-13T15:11Z","2019-08-13T15:11Z","EcoCore_CSU","UV Absorbance (280 nm)",0.0785,,2.7,,0,,"OK"
"cfd24ab3-08e6-49cd-8a44-0a958418d38c","D01","HOPB","HOPB.AOS.groundwater.well.002","HOPB.W2.20190813.FIL","A00000068030","2019-08-13T15:11Z","2019-08-13T15:11Z","EcoCore_CSU","NO3+NO2 - N",0.0492,"milligramsPerLiter",2.7,,0,,"OK"
"f24c1719-1c3e-499f-bc54-e564a7a12825","D01","HOPB","HOPB.AOS.groundwater.well.002","HOPB.W2.20190813.FIL","A00000068030","2019-08-13T15:11Z","2019-08-13T15:11Z","EcoCore_CSU","TDN",0.3364,"milligramsPerLiter",2.7,,0,,"OK"
"4961cd2f-7efb-41fe-adf1-5c245fcb7c19","D01","HOPB","HOPB.AOS.groundwater.well.002","HOPB.W2.20190813.FIL","A00000068030","2019-08-13T15:11Z","2019-08-13T15:11Z","EcoCore_CSU","DIC",10.2700,"milligramsPerLiter",2.7,,0,,"OK"
"daa13c3b-f1bb-4ba5-ac80-5d4c3131fc15","D01","HOPB","HOPB.AOS.groundwater.well.002","HOPB.W2.20190813.FIL","A00000068030","2019-08-13T15:11Z","2019-08-13T15:11Z","EcoCore_CSU","NO2 - N",-0.0019,"milligramsPerLiter",2.7,,0,,"OK"
