uid,domainID,siteID,namedLocation,decimalLatitude,decimalLongitude,coordinateUncertainty,elevation,elevationUncertainty,geodeticDatum,collectDate,aquaticSiteType,samplingImpractical,waterChemSamplesCollected,adequateSampleVol,parentSampleID,eventID,swcSamplingProtocolVersion,sampleExtractionMethod,samplerType,totalWellDepth,wellWaterDepth,waterColumnHeight,sampleDepth,purgeAverageDischargeRate,purgeTime,gwWellStabilized,purgeDryDateTime,pumpPlacementDate,screenedIntervalDepth,maxAllowableDrawdown,actualDrawdown,MADExceeded,wellVolumePurged,probeIDUnavailable,dissolvedOxygen,dissolvedOxygenSaturation,specificConductance,waterTemp,pH,waterClarityDescrip,waterColorDescrip,aCollectedBy,bCollectedBy,remarks
"cf69fdf7-4ef6-48bf-a7d8-cb8e8d543e1b","D01","HOPB","HOPB.AOS.groundwater.well.001",42.473154,-72.330973,0.1,216.2,0.1,"WGS84","2020-09-08T13:00Z","stream","location dry",,"N","HOPB.W1.20200908","HOPB.20200908","NEON.DOC.002905vG",,"Grab",,,,,,,,,,,,,,,,,,,,,,,"0000-0003-4958-6412","0000-0003-4958-6412",
"c557e951-75be-4308-8918-34ecf0fed21e","D01","HOPB","HOPB.AOS.groundwater.well.002",42.471848,-72.330703,0.1,210.6,0.1,"WGS84","2020-09-08T13:25Z","stream",,"Y","N","HOPB.W2.20200908","HOPB.20200908","NEON.DOC.002905vG","purge dry","Grab",2.2,2.0,0.2,,,,,"2020-09-07T10:27Z",,,,,,3.3,,4.66,49.00,113.10,16.00,6.41,"clear","colorless","0000-0003-4958-6412","0000-0003-4958-6412",
"a69bae10-cb30-4607-a158-01775280a093","D01","HOPB","HOPB.AOS.groundwater.well.003",42.471987,-72.330725,0.1,212.7,0.1,"WGS84","2020-09-08T13:53Z","stream","location dry",,"N","HOPB.W3.20200908","HOPB.20200908","NEON.DOC.002905vG",,"Grab",,,,,,,,,,,,,,,,,,,,,,,"0000-0003-4958-6412","0000-0003-4958-6412",
"abbdcd66-ad47-4bcb-81ad-8ec8288d71cb","D01","HOPB","HOPB.AOS.groundwater.well.004",42.471895,-72.330491,0.1,211.5,0.1,"WGS84","2020-09-08T13:57Z","stream","location dry",,"N","HOPB.W4.20200908","HOPB.20200908","NEON.DOC.002905vG",,"Grab",,,,,,,,,,,,,,,,,,,,,,,"0000-0003-4958-6412","0000-0003-4958-6412",
