uid,domainID,siteID,namedLocation,collectDate,parentSampleID,sampleCondition,sampleID,replicateNumber,gwwDICBubbleFree,gwwFiltSampleHeadspace,gwwAlkSampleHeadspace,gwwAlkSampleBubbleFree,processedDate,processedDateFilters,sampleVolumeFiltered,shipmentTimeRange
"601fd36a-4a7e-43f9-aef1-04ebc4a00a98","D11","BLUE","BLUE.AOS.groundwater.well.008","2019-04-08T19:06Z","BLUE.W8.20190408","Sample condition ok","BLUE.W8.20190408",,,,,,"2019-04-08T19:06Z","2019-04-08T19:06Z",400.0,
"84e6943a-aec9-48dd-8b77-276ca635309c","D11","BLUE","BLUE.AOS.groundwater.well.002","2019-04-09T17:10Z","BLUE.W2.20190409","Sample condition ok","BLUE.W2.20190409",,,,,,"2019-04-09T17:26Z","2019-04-09T17:19Z",500.0,
"bf17a980-9d4f-4e73-ad1e-04ff2240c7c2","D11","BLUE","BLUE.AOS.groundwater.well.004","2019-04-09T19:25Z","BLUE.W4.20190409","Sample condition ok","BLUE.W4.20190409",,,,,,"2019-04-09T19:25Z","2019-04-09T19:25Z",300.0,
"38360298-f33c-478c-817c-ce4577be2ab0","D11","BLUE","BLUE.AOS.groundwater.well.007","2019-04-10T17:30Z","BLUE.W7.20190410","Sample condition ok","BLUE.W7.20190410",1,,,,,"2019-04-10T21:20Z","2019-04-10T18:25Z",200.0,
