uid,domainID,siteID,namedLocation,sampleID,sampleCode,startDate,collectDate,laboratoryName,analyte,analyteConcentration,analyteUnits,coolerTemp,remarks,shipmentWarmQF,externalLabDataQF,sampleCondition
"804fb2b4-8be8-457d-8758-4c7a00ce37ef","D11","BLUE","BLUE.AOS.groundwater.well.008","BLUE.W8.20190408.FIL","A00000052258","2019-04-08T19:06Z","2019-04-08T19:06Z","EcoCore_CSU","Ca",90.3229,"milligramsPerLiter",0.7,,0,"formatChange","GOOD"
"14a18dde-c598-46c8-a6c2-e332c439e556","D11","BLUE","BLUE.AOS.groundwater.well.008","BLUE.W8.20190408.FIL","A00000052258","2019-04-08T19:06Z","2019-04-08T19:06Z","EcoCore_CSU","NO2 - N",-0.1308,"milligramsPerLiter",0.7,,0,"formatChange","GOOD"
"453b9ffd-8fc8-4ff2-bf8c-56c3f426cddd","D11","BLUE","BLUE.AOS.groundwater.well.008","BLUE.W8.20190408.RAW","A00000020379","2019-04-08T19:06Z","2019-04-08T19:06Z","EcoCore_CSU","TSS - Dry Mass",1200.0000,"microgram",0.7,,0,"formatChange","GOOD"
"18c0b21c-7f9d-468c-910f-07a5627e7352","D11","BLUE","BLUE.AOS.groundwater.well.008","BLUE.W8.20190408.FIL","A00000052258","2019-04-08T19:06Z","2019-04-08T19:06Z","EcoCore_CSU","Mg",23.2000,"milligramsPerLiter",0.7,,0,"formatChange","GOOD"
"717172ea-b34a-42c7-8f7f-d597ebd982ec","D11","BLUE","BLUE.AOS.groundwater.well.008","BLUE.W8.20190408.FIL","A00000052258","2019-04-08T19:06Z","2019-04-08T19:06Z","EcoCore_CSU","CO3",0.0050,"milligramsPerLiter",0.7,,0,"formatChange","GOOD"
"b2f760cc-d7f5-4c1b-b10b-b4abf1e2f5a4","D11","BLUE","BLUE.AOS.groundwater.well.008","BLUE.W8.20190408.FIL","A00000052258","2019-04-08T19:06Z","2019-04-08T19:06Z","EcoCore_CSU","TDP",0.0276,"milligramsPerLiter",0.7,,0,"formatChange","GOOD"
"1998b7ca-020c-4d8e-81bb-a1441118c3c2","D11","BLUE","BLUE.AOS.groundwater.well.008","BLUE.W8.20190408.FIL","A00000052258","2019-04-08T19:06Z","2019-04-08T19:06Z","EcoCore_CSU","NH4 - N",0.0443,"milligramsPerLiter",0.7,,0,"formatChange","GOOD"
"928030a3-d3a1-4a2c-8b64-12bd4aae0e99","D11","BLUE","BLUE.AOS.groundwater.well.008","BLUE.W8.20190408.FIL","A00000052258","2019-04-08T19:06Z","2019-04-08T19:06Z","EcoCore_CSU","HCO3",374.6100,"milligramsPerLiter",0.7,,0,"formatChange","GOOD"
"563241b4-db1b-4e6b-8e6b-853fb7b6bc73","D11","BLUE","BLUE.AOS.groundwater.well.008","BLUE.W8.20190408.FIL","A00000052258","2019-04-08T19:06Z","2019-04-08T19:06Z","EcoCore_CSU","Fe",0.0005,"milligramsPerLiter",0.7,,0,"formatChange","GOOD"
"2a5a5f55-950b-4852-ac5c-9e8f47977974","D11","BLUE","BLUE.AOS.groundwater.well.008","BLUE.W8.20190408.FIL","A00000052258","2019-04-08T19:06Z","2019-04-08T19:06Z","EcoCore_CSU","DOC",1.1410,"milligramsPerLiter",0.7,,0,"formatChange","GOOD"
"bca056cd-e492-41d6-aa31-9420dfc07ed0","D11","BLUE","BLUE.AOS.groundwater.well.008","BLUE.W8.20190408.FIL","A00000052258","2019-04-08T19:06Z","2019-04-08T19:06Z","EcoCore_CSU","DIC",105.0000,"milligramsPerLiter",0.7,,0,"formatChange","GOOD"
"0add6633-0ce8-460a-a818-3278aa5af053","D11","BLUE","BLUE.AOS.groundwater.well.008","BLUE.W8.20190408.FIL","A00000052258","2019-04-08T19:06Z","2019-04-08T19:06Z","EcoCore_CSU","NO3+NO2 - N",0.0282,"milligramsPerLiter",0.7,,0,"formatChange","GOOD"
"f9d8634e-2f21-483c-9199-2efc238fdb2c","D11","BLUE","BLUE.AOS.groundwater.well.008","BLUE.W8.20190408.FIL","A00000052258","2019-04-08T19:06Z","2019-04-08T19:06Z","EcoCore_CSU","Mn",0.0005,"milligramsPerLiter",0.7,,0,"formatChange","GOOD"
"3a00784a-3167-40e8-83cf-926e16a3e0e7","D11","BLUE","BLUE.AOS.groundwater.well.008","BLUE.W8.20190408.RAW","A00000020379","2019-04-08T19:06Z","2019-04-08T19:06Z","EcoCore_CSU","TOC",2.4430,"milligramsPerLiter",0.7,,0,"formatChange","GOOD"
"06d17396-3643-4c7f-a31f-915b078a6870","D11","BLUE","BLUE.AOS.groundwater.well.008","BLUE.W8.20190408.RAW","A00000020379","2019-04-08T19:06Z","2019-04-08T19:06Z","EcoCore_CSU","ANC",6.3300,"milliequivalentsPerLiter",0.7,,0,"formatChange","GOOD"
"a4e76a70-16d4-4c37-9cbd-c2b77d63392d","D11","BLUE","BLUE.AOS.groundwater.well.008","BLUE.W8.20190408.RAW","A00000020379","2019-04-08T19:06Z","2019-04-08T19:06Z","EcoCore_CSU","TSS",24.0000,"milligramsPerLiter",0.7,,0,"formatChange","GOOD"
"d077248a-771f-40df-abae-b293594e0fe6","D11","BLUE","BLUE.AOS.groundwater.well.008","BLUE.W8.20190408.FIL","A00000052258","2019-04-08T19:06Z","2019-04-08T19:06Z","EcoCore_CSU","K",0.6420,"milligramsPerLiter",0.7,,0,"formatChange","GOOD"
"2b08bea5-ee63-4edc-aa39-692ab5bc29d9","D11","BLUE","BLUE.AOS.groundwater.well.008","BLUE.W8.20190408.RAW","A00000020379","2019-04-08T19:06Z","2019-04-08T19:06Z","EcoCore_CSU","TN",0.1398,"milligramsPerLiter",0.7,,0,"formatChange","GOOD"
"1fb250e9-56d3-419a-a9de-b4f93fb59617","D11","BLUE","BLUE.AOS.groundwater.well.008","BLUE.W8.20190408.FIL","A00000052258","2019-04-08T19:06Z","2019-04-08T19:06Z","EcoCore_CSU","Cl",5.3952,"milligramsPerLiter",0.7,,0,"formatChange","GOOD"
"d9032a98-e588-46d6-8e41-cb504d707459","D11","BLUE","BLUE.AOS.groundwater.well.008","BLUE.W8.20190408.FIL","A00000052258","2019-04-08T19:06Z","2019-04-08T19:06Z","EcoCore_CSU","UV Absorbance (280 nm)",0.0172,,0.7,,0,"formatChange","GOOD"
"76dc1770-061f-4a2a-a44b-67ef347ac813","D11","BLUE","BLUE.AOS.groundwater.well.008","BLUE.W8.20190408.FIL","A00000052258","2019-04-08T19:06Z","2019-04-08T19:06Z","EcoCore_CSU","F",2.3875,"milligramsPerLiter",0.7,,0,"formatChange","GOOD"
"bd3ee642-ead6-4c87-ad03-3a9de1b6657f","D11","BLUE","BLUE.AOS.groundwater.well.008","BLUE.W8.20190408.RAW","A00000020379","2019-04-08T19:06Z","2019-04-08T19:06Z","EcoCore_CSU","conductivity",664.2300,"microsiemensPerCentimeter",0.7,,0,"formatChange","GOOD"
"ab11c2d4-205f-4c64-b94e-62e421f031be","D11","BLUE","BLUE.AOS.groundwater.well.008","BLUE.W8.20190408.FIL","A00000052258","2019-04-08T19:06Z","2019-04-08T19:06Z","EcoCore_CSU","Si",13.2645,"milligramsPerLiter",0.7,,0,"formatChange","GOOD"
"070690a2-7727-4553-bbc2-9ccb0a92374c","D11","BLUE","BLUE.AOS.groundwater.well.008","BLUE.W8.20190408.RAW","A00000020379","2019-04-08T19:06Z","2019-04-08T19:06Z","EcoCore_CSU","TP",0.2540,"milligramsPerLiter",0.7,,0,"formatChange","GOOD"
"f808cb83-ab5d-4a21-bf58-95f060dcb0d2","D11","BLUE","BLUE.AOS.groundwater.well.008","BLUE.W8.20190408.RAW","A00000020379","2019-04-08T19:06Z","2019-04-08T19:06Z","EcoCore_CSU","pH",7.2900,"pH",0.7,,0,"formatChange","GOOD"
"7811c6f1-9c86-4150-94e6-cdb4e7070f12","D11","BLUE","BLUE.AOS.groundwater.well.008","BLUE.W8.20190408.FIL","A00000052258","2019-04-08T19:06Z","2019-04-08T19:06Z","EcoCore_CSU","Na",3.8540,"milligramsPerLiter",0.7,,0,"formatChange","GOOD"
"83db6554-d21b-413c-a5d5-c8bdecc221ed","D11","BLUE","BLUE.AOS.groundwater.well.008","BLUE.W8.20190408.PCN","A00000053084","2019-04-08T19:06Z","2019-04-08T19:06Z","EcoCore_CSU","TPC",1.4021,"milligram",0.7,,0,"formatChange","GOOD"
"c2aca606-2212-4123-a380-6ad96155015c","D11","BLUE","BLUE.AOS.groundwater.well.008","BLUE.W8.20190408.FIL","A00000052258","2019-04-08T19:06Z","2019-04-08T19:06Z","EcoCore_CSU","UV Absorbance (250 nm)",0.0281,,0.7,,0,"formatChange","GOOD"
"d5cc26cd-d4a3-45c0-84a4-019b41650695","D11","BLUE","BLUE.AOS.groundwater.well.008","BLUE.W8.20190408.FIL","A00000052258","2019-04-08T19:06Z","2019-04-08T19:06Z","EcoCore_CSU","Ortho - P",0.0360,"milligramsPerLiter",0.7,,0,"formatChange","GOOD"
"ae07e557-0dcc-46ba-a6af-f4ba2e4d2a0c","D11","BLUE","BLUE.AOS.groundwater.well.008","BLUE.W8.20190408.FIL","A00000052258","2019-04-08T19:06Z","2019-04-08T19:06Z","EcoCore_CSU","Br",0.0050,"milligramsPerLiter",0.7,,0,"formatChange","GOOD"
"db493ace-9976-4dac-a172-ed97a9caf70c","D11","BLUE","BLUE.AOS.groundwater.well.008","BLUE.W8.20190408.FIL","A00000052258","2019-04-08T19:06Z","2019-04-08T19:06Z","EcoCore_CSU","SO4",10.9470,"milligramsPerLiter",0.7,,0,"formatChange","GOOD"
"d198cd04-7c96-47f4-8d2e-568b200f9b21","D11","BLUE","BLUE.AOS.groundwater.well.008","BLUE.W8.20190408.PCN","A00000053084","2019-04-08T19:06Z","2019-04-08T19:06Z","EcoCore_CSU","TPN",0.0996,"milligram",0.7,,0,"formatChange","GOOD"
"f0cc1331-e71b-4cb5-8158-ab65ac392d3a","D11","BLUE","BLUE.AOS.groundwater.well.008","BLUE.W8.20190408.FIL","A00000052258","2019-04-08T19:06Z","2019-04-08T19:06Z","EcoCore_CSU","TDS",463.1400,"milligramsPerLiter",0.7,,0,"formatChange","GOOD"
"4159def9-9f8d-4c09-a3a4-989d2def6d33","D11","BLUE","BLUE.AOS.groundwater.well.008","BLUE.W8.20190408.FIL","A00000052258","2019-04-08T19:06Z","2019-04-08T19:06Z","EcoCore_CSU","TDN",0.1383,"milligramsPerLiter",0.7,,0,"formatChange","GOOD"
"28b7fb5a-6155-45fd-ba98-e05066ec0723","D11","BLUE","BLUE.AOS.groundwater.well.002","BLUE.W2.20190409.RAW","A00000020380","2019-04-09T17:10Z","2019-04-09T17:10Z","EcoCore_CSU","TSS - Dry Mass",200.0000,"microgram",0.2,,0,"formatChange","GOOD"
"42cf40b8-b094-4782-9f25-61ea7b792e7a","D11","BLUE","BLUE.AOS.groundwater.well.002","BLUE.W2.20190409.RAW","A00000020380","2019-04-09T17:10Z","2019-04-09T17:10Z","EcoCore_CSU","TOC",2.0780,"milligramsPerLiter",0.2,,0,"formatChange","GOOD"
"73bc8ba3-b22d-4892-8bfd-9ac46ad28341","D11","BLUE","BLUE.AOS.groundwater.well.002","BLUE.W2.20190409.FIL","A00000052292","2019-04-09T17:10Z","2019-04-09T17:10Z","EcoCore_CSU","CO3",0.0050,"milligramsPerLiter",0.2,,0,"formatChange","GOOD"
"e285dda5-1c67-422f-bf9d-221c1ab97f75","D11","BLUE","BLUE.AOS.groundwater.well.002","BLUE.W2.20190409.FIL","A00000052292","2019-04-09T17:10Z","2019-04-09T17:10Z","EcoCore_CSU","Mg",28.7800,"milligramsPerLiter",0.2,,0,"formatChange","GOOD"
"6a5890a0-5f20-4db4-adce-0f21852b123e","D11","BLUE","BLUE.AOS.groundwater.well.002","BLUE.W2.20190409.FIL","A00000052292","2019-04-09T17:10Z","2019-04-09T17:10Z","EcoCore_CSU","K",0.6890,"milligramsPerLiter",0.2,,0,"formatChange","GOOD"
"5cd481d6-82ef-4197-9189-c31361bf7cfb","D11","BLUE","BLUE.AOS.groundwater.well.002","BLUE.W2.20190409.FIL","A00000052292","2019-04-09T17:10Z","2019-04-09T17:10Z","EcoCore_CSU","Si",8.8423,"milligramsPerLiter",0.2,,0,"formatChange","GOOD"
"46f26f74-69e7-4608-baa5-033a1c8fb81d","D11","BLUE","BLUE.AOS.groundwater.well.002","BLUE.W2.20190409.FIL","A00000052292","2019-04-09T17:10Z","2019-04-09T17:10Z","EcoCore_CSU","NO2 - N",-0.1293,"milligramsPerLiter",0.2,,0,"formatChange","GOOD"
"9aba0209-590d-4567-adf0-87739603883d","D11","BLUE","BLUE.AOS.groundwater.well.002","BLUE.W2.20190409.FIL","A00000052292","2019-04-09T17:10Z","2019-04-09T17:10Z","EcoCore_CSU","DOC",2.0150,"milligramsPerLiter",0.2,,0,"formatChange","GOOD"
"79ec5eb1-1af3-4c3e-a822-814f39a8ff46","D11","BLUE","BLUE.AOS.groundwater.well.002","BLUE.W2.20190409.FIL","A00000052292","2019-04-09T17:10Z","2019-04-09T17:10Z","EcoCore_CSU","Fe",0.2446,"milligramsPerLiter",0.2,,0,"formatChange","GOOD"
"8b68bbb2-4a42-42d5-9d66-c96a2ccea579","D11","BLUE","BLUE.AOS.groundwater.well.002","BLUE.W2.20190409.FIL","A00000052292","2019-04-09T17:10Z","2019-04-09T17:10Z","EcoCore_CSU","TDS",666.4700,"milligramsPerLiter",0.2,,0,"formatChange","GOOD"
"4084fe6b-b700-4ef1-b348-31351adcdcd7","D11","BLUE","BLUE.AOS.groundwater.well.002","BLUE.W2.20190409.FIL","A00000052292","2019-04-09T17:10Z","2019-04-09T17:10Z","EcoCore_CSU","HCO3",461.1500,"milligramsPerLiter",0.2,,0,"formatChange","GOOD"
"1a487707-ac41-4124-96ae-47526e6895e3","D11","BLUE","BLUE.AOS.groundwater.well.002","BLUE.W2.20190409.RAW","A00000020380","2019-04-09T17:10Z","2019-04-09T17:10Z","EcoCore_CSU","TSS",4.0000,"milligramsPerLiter",0.2,,0,"formatChange","GOOD"
"45224995-67ff-4007-82e1-9c2414d55776","D11","BLUE","BLUE.AOS.groundwater.well.002","BLUE.W2.20190409.FIL","A00000052292","2019-04-09T17:10Z","2019-04-09T17:10Z","EcoCore_CSU","F",0.7292,"milligramsPerLiter",0.2,,0,"formatChange","GOOD"
"15686ff2-2aef-4d2d-bc7f-d2b179a14fff","D11","BLUE","BLUE.AOS.groundwater.well.002","BLUE.W2.20190409.FIL","A00000052292","2019-04-09T17:10Z","2019-04-09T17:10Z","EcoCore_CSU","TDN",0.1239,"milligramsPerLiter",0.2,,0,"formatChange","GOOD"
"d6143feb-fd63-48e4-ae26-c0291d37975f","D11","BLUE","BLUE.AOS.groundwater.well.002","BLUE.W2.20190409.FIL","A00000052292","2019-04-09T17:10Z","2019-04-09T17:10Z","EcoCore_CSU","Na",13.2400,"milligramsPerLiter",0.2,,0,"formatChange","GOOD"
"50039964-9adb-4db6-95a6-10eeeec4fdc7","D11","BLUE","BLUE.AOS.groundwater.well.002","BLUE.W2.20190409.FIL","A00000052292","2019-04-09T17:10Z","2019-04-09T17:10Z","EcoCore_CSU","TDP",0.0120,"milligramsPerLiter",0.2,,0,"formatChange","GOOD"
"b01234d8-7cc3-4e40-98a5-be418ef9b74f","D11","BLUE","BLUE.AOS.groundwater.well.002","BLUE.W2.20190409.RAW","A00000020380","2019-04-09T17:10Z","2019-04-09T17:10Z","EcoCore_CSU","ANC",7.7200,"milliequivalentsPerLiter",0.2,,0,"formatChange","GOOD"
"09e5b161-b1df-46de-9453-f011e8560904","D11","BLUE","BLUE.AOS.groundwater.well.002","BLUE.W2.20190409.FIL","A00000052292","2019-04-09T17:10Z","2019-04-09T17:10Z","EcoCore_CSU","Cl",3.7203,"milligramsPerLiter",0.2,,0,"formatChange","GOOD"
"b93e3d05-f819-486f-9e1b-c72834be438e","D11","BLUE","BLUE.AOS.groundwater.well.002","BLUE.W2.20190409.FIL","A00000052292","2019-04-09T17:10Z","2019-04-09T17:10Z","EcoCore_CSU","UV Absorbance (250 nm)",0.0515,,0.2,,0,"formatChange","GOOD"
"cf8d23a6-ba89-41dc-90fd-aa5f7209b37c","D11","BLUE","BLUE.AOS.groundwater.well.002","BLUE.W2.20190409.RAW","A00000020380","2019-04-09T17:10Z","2019-04-09T17:10Z","EcoCore_CSU","TP",0.0255,"milligramsPerLiter",0.2,,0,"formatChange","GOOD"
"df49cc8c-26e2-4beb-bfb0-b55a88f50aba","D11","BLUE","BLUE.AOS.groundwater.well.002","BLUE.W2.20190409.PCN","A00000053085","2019-04-09T17:10Z","2019-04-09T17:10Z","EcoCore_CSU","TPN",0.0715,"milligram",0.2,,0,"formatChange","GOOD"
"934ba965-2307-4262-9a40-e6b4b17c818a","D11","BLUE","BLUE.AOS.groundwater.well.002","BLUE.W2.20190409.FIL","A00000052292","2019-04-09T17:10Z","2019-04-09T17:10Z","EcoCore_CSU","UV Absorbance (280 nm)",0.0345,,0.2,,0,"formatChange","GOOD"
"4c0d7984-eaaa-47dd-87f3-e0463c5c67c3","D11","BLUE","BLUE.AOS.groundwater.well.002","BLUE.W2.20190409.PCN","A00000053085","2019-04-09T17:10Z","2019-04-09T17:10Z","EcoCore_CSU","TPC",0.3403,"milligram",0.2,,0,"formatChange","GOOD"
"2f69a13d-c7d7-4cc6-a371-d8bfd062f903","D11","BLUE","BLUE.AOS.groundwater.well.002","BLUE.W2.20190409.FIL","A00000052292","2019-04-09T17:10Z","2019-04-09T17:10Z","EcoCore_CSU","SO4",84.9900,"milligramsPerLiter",0.2,,0,"formatChange","GOOD"
"bbab5cdd-769b-404e-a349-d3fb017ff028","D11","BLUE","BLUE.AOS.groundwater.well.002","BLUE.W2.20190409.FIL","A00000052292","2019-04-09T17:10Z","2019-04-09T17:10Z","EcoCore_CSU","Mn",0.0830,"milligramsPerLiter",0.2,,0,"formatChange","GOOD"
"00c138cc-331f-474c-863d-b5e4bf555a4d","D11","BLUE","BLUE.AOS.groundwater.well.002","BLUE.W2.20190409.FIL","A00000052292","2019-04-09T17:10Z","2019-04-09T17:10Z","EcoCore_CSU","NO3+NO2 - N",-0.0670,"milligramsPerLiter",0.2,,0,"formatChange","GOOD"
"bcca4e64-68d3-48a1-8b6b-464ca50b894c","D11","BLUE","BLUE.AOS.groundwater.well.002","BLUE.W2.20190409.RAW","A00000020380","2019-04-09T17:10Z","2019-04-09T17:10Z","EcoCore_CSU","conductivity",951.1500,"microsiemensPerCentimeter",0.2,,0,"formatChange","GOOD"
"30966556-530b-4cea-8a15-2da0c429e037","D11","BLUE","BLUE.AOS.groundwater.well.002","BLUE.W2.20190409.FIL","A00000052292","2019-04-09T17:10Z","2019-04-09T17:10Z","EcoCore_CSU","DIC",96.9100,"milligramsPerLiter",0.2,,0,"formatChange","GOOD"
"53435052-5848-409d-b581-e9b8e31c6707","D11","BLUE","BLUE.AOS.groundwater.well.002","BLUE.W2.20190409.FIL","A00000052292","2019-04-09T17:10Z","2019-04-09T17:10Z","EcoCore_CSU","Ca",130.3590,"milligramsPerLiter",0.2,,0,"formatChange","GOOD"
"f491649e-e5a1-4c80-b096-d34ff505e3b7","D11","BLUE","BLUE.AOS.groundwater.well.002","BLUE.W2.20190409.FIL","A00000052292","2019-04-09T17:10Z","2019-04-09T17:10Z","EcoCore_CSU","NH4 - N",0.0591,"milligramsPerLiter",0.2,,0,"formatChange","GOOD"
"afb11a7d-7212-4c46-a82f-c03c8ee475c1","D11","BLUE","BLUE.AOS.groundwater.well.002","BLUE.W2.20190409.FIL","A00000052292","2019-04-09T17:10Z","2019-04-09T17:10Z","EcoCore_CSU","Br",0.0050,"milligramsPerLiter",0.2,,0,"formatChange","GOOD"
"9c9eb7c0-bd7a-4766-942d-cb62d5fedfd3","D11","BLUE","BLUE.AOS.groundwater.well.002","BLUE.W2.20190409.RAW","A00000020380","2019-04-09T17:10Z","2019-04-09T17:10Z","EcoCore_CSU","TN",0.1300,"milligramsPerLiter",0.2,,0,"formatChange","GOOD"
"418dc478-f312-4e6f-951e-56aa2a916b54","D11","BLUE","BLUE.AOS.groundwater.well.002","BLUE.W2.20190409.RAW","A00000020380","2019-04-09T17:10Z","2019-04-09T17:10Z","EcoCore_CSU","pH",7.3200,"pH",0.2,,0,"formatChange","GOOD"
"5eaa73b1-8b23-4f26-9a89-9badcfc7af85","D11","BLUE","BLUE.AOS.groundwater.well.002","BLUE.W2.20190409.FIL","A00000052292","2019-04-09T17:10Z","2019-04-09T17:10Z","EcoCore_CSU","Ortho - P",0.0290,"milligramsPerLiter",0.2,,0,"formatChange","GOOD"
"893bb877-423d-4b4e-b1aa-105717e9eb8a","D11","BLUE","BLUE.AOS.groundwater.well.004","BLUE.W4.20190409.PCN","A00000053089","2019-04-09T19:25Z","2019-04-09T19:25Z","EcoCore_CSU","TPN",0.1140,"milligram",0.2,,0,"formatChange","GOOD"
"6bdc88e4-1ec8-4bbd-abea-fd69557c1a47","D11","BLUE","BLUE.AOS.groundwater.well.004","BLUE.W4.20190409.FIL","A00000052903","2019-04-09T19:25Z","2019-04-09T19:25Z","EcoCore_CSU","UV Absorbance (250 nm)",0.0160,,0.2,,0,"formatChange","GOOD"
"0d4a28a0-0151-48ad-9f1f-0687d816ed3f","D11","BLUE","BLUE.AOS.groundwater.well.004","BLUE.W4.20190409.RAW","A00000053125","2019-04-09T19:25Z","2019-04-09T19:25Z","EcoCore_CSU","TSS - Dry Mass",900.0000,"microgram",0.2,,0,"formatChange","GOOD"
"c463702e-28f9-4aab-a457-9102e089bb87","D11","BLUE","BLUE.AOS.groundwater.well.004","BLUE.W4.20190409.FIL","A00000052903","2019-04-09T19:25Z","2019-04-09T19:25Z","EcoCore_CSU","Mn",0.0100,"milligramsPerLiter",0.2,,0,"formatChange","GOOD"
"df2107f0-8cca-43c4-ab66-2cd81276c1ec","D11","BLUE","BLUE.AOS.groundwater.well.004","BLUE.W4.20190409.FIL","A00000052903","2019-04-09T19:25Z","2019-04-09T19:25Z","EcoCore_CSU","K",0.1940,"milligramsPerLiter",0.2,,0,"formatChange","GOOD"
"37f7aa24-6ed6-4c02-a479-2e4ad359357c","D11","BLUE","BLUE.AOS.groundwater.well.004","BLUE.W4.20190409.FIL","A00000052903","2019-04-09T19:25Z","2019-04-09T19:25Z","EcoCore_CSU","Br",0.0050,"milligramsPerLiter",0.2,,0,"formatChange","GOOD"
"e62c1ed0-a3ef-442e-80a4-00762471cd92","D11","BLUE","BLUE.AOS.groundwater.well.004","BLUE.W4.20190409.RAW","A00000053125","2019-04-09T19:25Z","2019-04-09T19:25Z","EcoCore_CSU","TSS",18.0000,"milligramsPerLiter",0.2,,0,"formatChange","GOOD"
"2539f23e-b706-4e28-8461-d80b2cdb13b2","D11","BLUE","BLUE.AOS.groundwater.well.004","BLUE.W4.20190409.FIL","A00000052903","2019-04-09T19:25Z","2019-04-09T19:25Z","EcoCore_CSU","Na",5.2910,"milligramsPerLiter",0.2,,0,"formatChange","GOOD"
"ace8b76f-b6c6-4f45-8c48-f58b50e3fd91","D11","BLUE","BLUE.AOS.groundwater.well.004","BLUE.W4.20190409.FIL","A00000052903","2019-04-09T19:25Z","2019-04-09T19:25Z","EcoCore_CSU","NO3+NO2 - N",0.0180,"milligramsPerLiter",0.2,,0,"formatChange","GOOD"
"51fc0eef-b45d-438b-9192-003a57e9593e","D11","BLUE","BLUE.AOS.groundwater.well.004","BLUE.W4.20190409.FIL","A00000052903","2019-04-09T19:25Z","2019-04-09T19:25Z","EcoCore_CSU","DOC",0.9104,"milligramsPerLiter",0.2,,0,"formatChange","GOOD"
"7e095bfb-52e8-462b-b54b-5e406648c83a","D11","BLUE","BLUE.AOS.groundwater.well.004","BLUE.W4.20190409.FIL","A00000052903","2019-04-09T19:25Z","2019-04-09T19:25Z","EcoCore_CSU","DIC",90.3700,"milligramsPerLiter",0.2,,0,"formatChange","GOOD"
"e2932263-c767-4730-a5d9-55fd0421e6d5","D11","BLUE","BLUE.AOS.groundwater.well.004","BLUE.W4.20190409.RAW","A00000053125","2019-04-09T19:25Z","2019-04-09T19:25Z","EcoCore_CSU","TOC",1.0400,"milligramsPerLiter",0.2,,0,"formatChange","GOOD"
"cd876918-32a3-430c-ab83-8bc747c6091e","D11","BLUE","BLUE.AOS.groundwater.well.004","BLUE.W4.20190409.PCN","A00000053089","2019-04-09T19:25Z","2019-04-09T19:25Z","EcoCore_CSU","TPC",0.3632,"milligram",0.2,,0,"formatChange","GOOD"
"7d85e3b2-8962-4d25-a04a-c842d128c025","D11","BLUE","BLUE.AOS.groundwater.well.004","BLUE.W4.20190409.RAW","A00000053125","2019-04-09T19:25Z","2019-04-09T19:25Z","EcoCore_CSU","conductivity",886.4100,"microsiemensPerCentimeter",0.2,,0,"formatChange","GOOD"
"08a8be2f-79d1-4d0b-8cd4-2c0e293f3400","D11","BLUE","BLUE.AOS.groundwater.well.004","BLUE.W4.20190409.FIL","A00000052903","2019-04-09T19:25Z","2019-04-09T19:25Z","EcoCore_CSU","Ca",102.6270,"milligramsPerLiter",0.2,,0,"formatChange","GOOD"
"e6b9b1ee-07d0-4bd9-95ea-c4dc905f778e","D11","BLUE","BLUE.AOS.groundwater.well.004","BLUE.W4.20190409.FIL","A00000052903","2019-04-09T19:25Z","2019-04-09T19:25Z","EcoCore_CSU","NO2 - N",-0.1291,"milligramsPerLiter",0.2,,0,"formatChange","GOOD"
"c907f31c-d12a-4fba-8a57-d963953ffbb2","D11","BLUE","BLUE.AOS.groundwater.well.004","BLUE.W4.20190409.FIL","A00000052903","2019-04-09T19:25Z","2019-04-09T19:25Z","EcoCore_CSU","Ortho - P",0.0310,"milligramsPerLiter",0.2,,0,"formatChange","GOOD"
"d90021ba-5897-45a4-891d-a1339d4ee528","D11","BLUE","BLUE.AOS.groundwater.well.004","BLUE.W4.20190409.FIL","A00000052903","2019-04-09T19:25Z","2019-04-09T19:25Z","EcoCore_CSU","CO3",0.0050,"milligramsPerLiter",0.2,,0,"formatChange","GOOD"
"fc7e45be-2d14-4de7-bec3-80740368ddab","D11","BLUE","BLUE.AOS.groundwater.well.004","BLUE.W4.20190409.FIL","A00000052903","2019-04-09T19:25Z","2019-04-09T19:25Z","EcoCore_CSU","HCO3",518.7200,"milligramsPerLiter",0.2,,0,"formatChange","GOOD"
"36eb46de-645e-45d1-b1b4-8bd5e694a0ac","D11","BLUE","BLUE.AOS.groundwater.well.004","BLUE.W4.20190409.FIL","A00000052903","2019-04-09T19:25Z","2019-04-09T19:25Z","EcoCore_CSU","TDS",621.4300,"milligramsPerLiter",0.2,,0,"formatChange","GOOD"
"54c7995e-82ba-44d0-9f87-741dacfde5fc","D11","BLUE","BLUE.AOS.groundwater.well.004","BLUE.W4.20190409.FIL","A00000052903","2019-04-09T19:25Z","2019-04-09T19:25Z","EcoCore_CSU","F",0.6799,"milligramsPerLiter",0.2,,0,"formatChange","GOOD"
"3c09afe8-5cdc-4a32-9ec8-6c57b9370cfa","D11","BLUE","BLUE.AOS.groundwater.well.004","BLUE.W4.20190409.RAW","A00000053125","2019-04-09T19:25Z","2019-04-09T19:25Z","EcoCore_CSU","TN",0.1404,"milligramsPerLiter",0.2,,0,"formatChange","GOOD"
"47658880-6291-4b9e-8976-71290cf516ec","D11","BLUE","BLUE.AOS.groundwater.well.004","BLUE.W4.20190409.FIL","A00000052903","2019-04-09T19:25Z","2019-04-09T19:25Z","EcoCore_CSU","SO4",9.1380,"milligramsPerLiter",0.2,,0,"formatChange","GOOD"
"fa278119-1195-41b3-bd0f-67f8235e0f0e","D11","BLUE","BLUE.AOS.groundwater.well.004","BLUE.W4.20190409.FIL","A00000052903","2019-04-09T19:25Z","2019-04-09T19:25Z","EcoCore_CSU","Fe",0.0005,"milligramsPerLiter",0.2,,0,"formatChange","GOOD"
"ad01c8e5-8d4f-4932-a7a3-4b3c64bdf2cd","D11","BLUE","BLUE.AOS.groundwater.well.004","BLUE.W4.20190409.FIL","A00000052903","2019-04-09T19:25Z","2019-04-09T19:25Z","EcoCore_CSU","Cl",4.4201,"milligramsPerLiter",0.2,,0,"formatChange","GOOD"
"71cd0f92-4b59-4ab8-ada2-e4c1d45fa69b","D11","BLUE","BLUE.AOS.groundwater.well.004","BLUE.W4.20190409.RAW","A00000053125","2019-04-09T19:25Z","2019-04-09T19:25Z","EcoCore_CSU","pH",7.3300,"pH",0.2,,0,"formatChange","GOOD"
"b1b7b7ee-6d26-4ad6-a27f-0e4de1af122b","D11","BLUE","BLUE.AOS.groundwater.well.004","BLUE.W4.20190409.FIL","A00000052903","2019-04-09T19:25Z","2019-04-09T19:25Z","EcoCore_CSU","Mg",41.6600,"milligramsPerLiter",0.2,,0,"formatChange","GOOD"
"3f855197-9b0b-4970-83e5-4270a9291c11","D11","BLUE","BLUE.AOS.groundwater.well.004","BLUE.W4.20190409.FIL","A00000052903","2019-04-09T19:25Z","2019-04-09T19:25Z","EcoCore_CSU","Si",9.2803,"milligramsPerLiter",0.2,,0,"formatChange","GOOD"
"25808da3-8dc8-46eb-b0c2-d7034c310a7e","D11","BLUE","BLUE.AOS.groundwater.well.004","BLUE.W4.20190409.FIL","A00000052903","2019-04-09T19:25Z","2019-04-09T19:25Z","EcoCore_CSU","TDP",0.0418,"milligramsPerLiter",0.2,,0,"formatChange","GOOD"
"60872470-7562-4076-bd84-7350a7a7e05b","D11","BLUE","BLUE.AOS.groundwater.well.004","BLUE.W4.20190409.FIL","A00000052903","2019-04-09T19:25Z","2019-04-09T19:25Z","EcoCore_CSU","TDN",0.1270,"milligramsPerLiter",0.2,,0,"formatChange","GOOD"
"7b194572-9bd3-43bf-8d1b-006a8c928c4b","D11","BLUE","BLUE.AOS.groundwater.well.004","BLUE.W4.20190409.FIL","A00000052903","2019-04-09T19:25Z","2019-04-09T19:25Z","EcoCore_CSU","UV Absorbance (280 nm)",0.0082,,0.2,,0,"formatChange","GOOD"
"2f2a0f14-269c-4bf4-8eb5-07a0ed3ebdb9","D11","BLUE","BLUE.AOS.groundwater.well.004","BLUE.W4.20190409.RAW","A00000053125","2019-04-09T19:25Z","2019-04-09T19:25Z","EcoCore_CSU","TP",0.0871,"milligramsPerLiter",0.2,,0,"formatChange","GOOD"
"8eb1538c-d508-4390-8c53-376e3ea2900c","D11","BLUE","BLUE.AOS.groundwater.well.004","BLUE.W4.20190409.FIL","A00000052903","2019-04-09T19:25Z","2019-04-09T19:25Z","EcoCore_CSU","NH4 - N",0.0978,"milligramsPerLiter",0.2,,0,"formatChange","GOOD"
"bb11dbe1-010f-430b-8c0a-6b1fc6fd1ae8","D11","BLUE","BLUE.AOS.groundwater.well.004","BLUE.W4.20190409.RAW","A00000053125","2019-04-09T19:25Z","2019-04-09T19:25Z","EcoCore_CSU","ANC",8.7100,"milliequivalentsPerLiter",0.2,,0,"formatChange","GOOD"
"41be83fc-de94-4069-9e19-017a25e0a748","D11","BLUE","BLUE.AOS.groundwater.well.007","BLUE.W7.20190410.FIL","A00000053113","2019-04-10T17:30Z","2019-04-10T17:30Z","EcoCore_CSU","Br",0.0050,"milligramsPerLiter",0.6,,0,"formatChange","GOOD"
"8cd66ceb-e60c-4e11-a63d-80ac5d23b077","D11","BLUE","BLUE.AOS.groundwater.well.007","BLUE.W7.20190410.RAW","A00000052921","2019-04-10T17:30Z","2019-04-10T17:30Z","EcoCore_CSU","ANC",8.9400,"milliequivalentsPerLiter",0.6,,0,"formatChange","GOOD"
"eed43dc1-3f49-434e-8202-183bff628f72","D11","BLUE","BLUE.AOS.groundwater.well.007","BLUE.W7.20190410.FIL","A00000053113","2019-04-10T17:30Z","2019-04-10T17:30Z","EcoCore_CSU","Mn",0.1910,"milligramsPerLiter",0.6,,0,"formatChange","GOOD"
"e1a44136-0700-423d-9cad-17f751140b64","D11","BLUE","BLUE.AOS.groundwater.well.007","BLUE.W7.20190410.FIL","A00000053113","2019-04-10T17:30Z","2019-04-10T17:30Z","EcoCore_CSU","DIC",109.3000,"milligramsPerLiter",0.6,,0,"formatChange","GOOD"
"b34b60b2-a573-4eb3-ba4f-c2df6f8cfa1f","D11","BLUE","BLUE.AOS.groundwater.well.007","BLUE.W7.20190410.FIL","A00000053113","2019-04-10T17:30Z","2019-04-10T17:30Z","EcoCore_CSU","HCO3",539.5400,"milligramsPerLiter",0.6,,0,"formatChange","GOOD"
"643e91cf-f6e7-4fef-8f03-c7648230aa5c","D11","BLUE","BLUE.AOS.groundwater.well.007","BLUE.W7.20190410.FIL","A00000053113","2019-04-10T17:30Z","2019-04-10T17:30Z","EcoCore_CSU","UV Absorbance (280 nm)",0.0257,,0.6,,0,"formatChange","GOOD"
"1a74e4bc-8d2f-45d2-8cb0-b4df8a3a8f0d","D11","BLUE","BLUE.AOS.groundwater.well.007","BLUE.W7.20190410.FIL","A00000053113","2019-04-10T17:30Z","2019-04-10T17:30Z","EcoCore_CSU","Ortho - P",0.0340,"milligramsPerLiter",0.6,,0,"formatChange","GOOD"
"562cc189-c11f-4fbe-8508-e92147e90ebb","D11","BLUE","BLUE.AOS.groundwater.well.007","BLUE.W7.20190410.FIL","A00000053113","2019-04-10T17:30Z","2019-04-10T17:30Z","EcoCore_CSU","Si",8.0890,"milligramsPerLiter",0.6,,0,"formatChange","GOOD"
"cf8c7d1f-858b-464c-84ef-3768cd3fcc8b","D11","BLUE","BLUE.AOS.groundwater.well.007","BLUE.W7.20190410.FIL","A00000053113","2019-04-10T17:30Z","2019-04-10T17:30Z","EcoCore_CSU","Ca",100.6070,"milligramsPerLiter",0.6,,0,"formatChange","GOOD"
"1c029a96-d2f7-40fa-a460-627399a035e2","D11","BLUE","BLUE.AOS.groundwater.well.007","BLUE.W7.20190410.PCN","A00000053088","2019-04-10T17:30Z","2019-04-10T17:30Z","EcoCore_CSU","TPN",0.0994,"milligram",0.6,,0,"formatChange","GOOD"
"606781f2-6b17-471f-82bd-e197fc1aa483","D11","BLUE","BLUE.AOS.groundwater.well.007","BLUE.W7.20190410.RAW","A00000052921","2019-04-10T17:30Z","2019-04-10T17:30Z","EcoCore_CSU","TOC",1.3860,"milligramsPerLiter",0.6,,0,"formatChange","GOOD"
"951c7454-723c-4957-b972-47373cb934f6","D11","BLUE","BLUE.AOS.groundwater.well.007","BLUE.W7.20190410.FIL","A00000053113","2019-04-10T17:30Z","2019-04-10T17:30Z","EcoCore_CSU","TDS",646.9400,"milligramsPerLiter",0.6,,0,"formatChange","GOOD"
"792b7332-3e44-4a08-96a5-caac3bfd55b7","D11","BLUE","BLUE.AOS.groundwater.well.007","BLUE.W7.20190410.RAW","A00000052921","2019-04-10T17:30Z","2019-04-10T17:30Z","EcoCore_CSU","pH",7.4800,"pH",0.6,,0,"formatChange","GOOD"
"f9656d94-b12a-4186-8e3a-f0a8cc59b8fa","D11","BLUE","BLUE.AOS.groundwater.well.007","BLUE.W7.20190410.RAW","A00000052921","2019-04-10T17:30Z","2019-04-10T17:30Z","EcoCore_CSU","TSS - Dry Mass",1000.0000,"microgram",0.6,,0,"formatChange","GOOD"
"f6899966-3053-4328-8402-94c550711cc1","D11","BLUE","BLUE.AOS.groundwater.well.007","BLUE.W7.20190410.FIL","A00000053113","2019-04-10T17:30Z","2019-04-10T17:30Z","EcoCore_CSU","DOC",1.1900,"milligramsPerLiter",0.6,,0,"formatChange","GOOD"
"05ab1bb4-8f53-4c37-9707-e469312ebcda","D11","BLUE","BLUE.AOS.groundwater.well.007","BLUE.W7.20190410.FIL","A00000053113","2019-04-10T17:30Z","2019-04-10T17:30Z","EcoCore_CSU","K",0.4870,"milligramsPerLiter",0.6,,0,"formatChange","GOOD"
"39572c1c-e893-454d-8fcb-2390ff1bc2be","D11","BLUE","BLUE.AOS.groundwater.well.007","BLUE.W7.20190410.FIL","A00000053113","2019-04-10T17:30Z","2019-04-10T17:30Z","EcoCore_CSU","Mg",46.2300,"milligramsPerLiter",0.6,,0,"formatChange","GOOD"
"85688334-f607-4426-8647-9edb14d55d8e","D11","BLUE","BLUE.AOS.groundwater.well.007","BLUE.W7.20190410.FIL","A00000053113","2019-04-10T17:30Z","2019-04-10T17:30Z","EcoCore_CSU","NH4 - N",0.0433,"milligramsPerLiter",0.6,,0,"formatChange","GOOD"
"66f00b99-fb75-4dea-a927-818533fc1444","D11","BLUE","BLUE.AOS.groundwater.well.007","BLUE.W7.20190410.FIL","A00000053113","2019-04-10T17:30Z","2019-04-10T17:30Z","EcoCore_CSU","F",1.2706,"milligramsPerLiter",0.6,,0,"formatChange","GOOD"
"c980dd25-9dba-4560-af69-8736c57c9703","D11","BLUE","BLUE.AOS.groundwater.well.007","BLUE.W7.20190410.FIL","A00000053113","2019-04-10T17:30Z","2019-04-10T17:30Z","EcoCore_CSU","Fe",0.0035,"milligramsPerLiter",0.6,,0,"formatChange","GOOD"
"19e3cfb2-dea4-46be-887c-f714baa07ab8","D11","BLUE","BLUE.AOS.groundwater.well.007","BLUE.W7.20190410.FIL","A00000053113","2019-04-10T17:30Z","2019-04-10T17:30Z","EcoCore_CSU","TDN",0.0622,"milligramsPerLiter",0.6,,0,"formatChange","GOOD"
"af45f565-2e68-443a-8f3d-a7d8adba6ef5","D11","BLUE","BLUE.AOS.groundwater.well.007","BLUE.W7.20190410.PCN","A00000053088","2019-04-10T17:30Z","2019-04-10T17:30Z","EcoCore_CSU","TPC",0.3502,"milligram",0.6,,0,"formatChange","GOOD"
"df433b82-9cab-455d-93b3-f21f0df8ccf4","D11","BLUE","BLUE.AOS.groundwater.well.007","BLUE.W7.20190410.RAW","A00000052921","2019-04-10T17:30Z","2019-04-10T17:30Z","EcoCore_CSU","TSS",20.0000,"milligramsPerLiter",0.6,,0,"formatChange","GOOD"
"408a2851-91c7-41a7-a401-52b2d64fe15c","D11","BLUE","BLUE.AOS.groundwater.well.007","BLUE.W7.20190410.FIL","A00000053113","2019-04-10T17:30Z","2019-04-10T17:30Z","EcoCore_CSU","UV Absorbance (250 nm)",0.0281,,0.6,,0,"formatChange","GOOD"
"7934c432-8a33-4ab8-a360-2a20c2663a63","D11","BLUE","BLUE.AOS.groundwater.well.007","BLUE.W7.20190410.FIL","A00000053113","2019-04-10T17:30Z","2019-04-10T17:30Z","EcoCore_CSU","TDP",0.0120,"milligramsPerLiter",0.6,,0,"formatChange","GOOD"
"9ef20699-fb27-4531-a3bd-d69fcda0a1b3","D11","BLUE","BLUE.AOS.groundwater.well.007","BLUE.W7.20190410.FIL","A00000053113","2019-04-10T17:30Z","2019-04-10T17:30Z","EcoCore_CSU","SO4",8.9430,"milligramsPerLiter",0.6,,0,"formatChange","GOOD"
"83f6c0ec-1686-4c19-a42a-0f3c17952406","D11","BLUE","BLUE.AOS.groundwater.well.007","BLUE.W7.20190410.FIL","A00000053113","2019-04-10T17:30Z","2019-04-10T17:30Z","EcoCore_CSU","Cl",4.3648,"milligramsPerLiter",0.6,,0,"formatChange","GOOD"
"5b5308e5-0ea8-4e39-ae05-e7b69fceefaf","D11","BLUE","BLUE.AOS.groundwater.well.007","BLUE.W7.20190410.FIL","A00000053113","2019-04-10T17:30Z","2019-04-10T17:30Z","EcoCore_CSU","NO2 - N",-0.1283,"milligramsPerLiter",0.6,,0,"formatChange","GOOD"
"31782e57-64ca-4c0a-9321-c7bb6a65d88c","D11","BLUE","BLUE.AOS.groundwater.well.007","BLUE.W7.20190410.RAW","A00000052921","2019-04-10T17:30Z","2019-04-10T17:30Z","EcoCore_CSU","TP",0.1670,"milligramsPerLiter",0.6,,0,"formatChange","GOOD"
"f7fa2036-5277-4438-be30-518983a63678","D11","BLUE","BLUE.AOS.groundwater.well.007","BLUE.W7.20190410.FIL","A00000053113","2019-04-10T17:30Z","2019-04-10T17:30Z","EcoCore_CSU","CO3",0.0050,"milligramsPerLiter",0.6,,0,"formatChange","GOOD"
"a3709d96-dc25-4fd7-bd56-ba06e0d89b44","D11","BLUE","BLUE.AOS.groundwater.well.007","BLUE.W7.20190410.RAW","A00000052921","2019-04-10T17:30Z","2019-04-10T17:30Z","EcoCore_CSU","TN",0.1020,"milligramsPerLiter",0.6,,0,"formatChange","GOOD"
"f6b2975d-bb0b-45bd-ae9f-53867c2453c8","D11","BLUE","BLUE.AOS.groundwater.well.007","BLUE.W7.20190410.RAW","A00000052921","2019-04-10T17:30Z","2019-04-10T17:30Z","EcoCore_CSU","conductivity",922.6400,"microsiemensPerCentimeter",0.6,,0,"formatChange","GOOD"
"955011cd-ccb3-423d-83b8-89de7f61cfd7","D11","BLUE","BLUE.AOS.groundwater.well.007","BLUE.W7.20190410.FIL","A00000053113","2019-04-10T17:30Z","2019-04-10T17:30Z","EcoCore_CSU","Na",7.2030,"milligramsPerLiter",0.6,,0,"formatChange","GOOD"
"96cafc7d-a32c-428f-a3cc-e3c3f9cb8c93","D11","BLUE","BLUE.AOS.groundwater.well.007","BLUE.W7.20190410.FIL","A00000053113","2019-04-10T17:30Z","2019-04-10T17:30Z","EcoCore_CSU","NO3+NO2 - N",-0.0603,"milligramsPerLiter",0.6,,0,"formatChange","GOOD"
