uid,domainID,siteID,namedLocation,collectDate,titrationDate,parentSampleID,domainSampleID,remarks,measuredBy,alkMeqPerL,alkMgPerL,ancMeqPerL,ancMgPerL
"9d957b09-4dd0-446a-99be-96d1a80b2412","D11","BLUE","BLUE.AOS.groundwater.well.008","2019-04-08T19:06Z","2019-04-08T22:45Z","BLUE.W8.20190408","BLUE.W8.20190408.ALK",,"cburton@battelleecology.org",7.990,400.000,,
"c8637ec5-99c5-475f-b7d8-f358222c39d5","D11","BLUE","BLUE.AOS.groundwater.well.002","2019-04-09T17:10Z","2019-04-10T16:03Z","BLUE.W2.20190409","BLUE.W2.20190409.ALK",,"kjones03@battelleecology.org",6.820,341.000,,
"6af21ad3-f449-4b3b-9960-77f5119f3d47","D11","BLUE","BLUE.AOS.groundwater.well.004","2019-04-09T19:25Z","2019-04-10T16:39Z","BLUE.W4.20190409","BLUE.W4.20190409.ALK",,"kjones03@battelleecology.org",8.860,443.000,,
"51f84b72-e34a-4862-995e-0438505b80e4","D11","BLUE","BLUE.AOS.groundwater.well.007","2019-04-10T17:30Z","2019-04-10T21:21Z","BLUE.W7.20190410","BLUE.W7.20190410.ALK",,"cburton@battelleecology.org",8.640,432.000,,
