uid,domainID,siteID,namedLocation,decimalLatitude,decimalLongitude,coordinateUncertainty,elevation,elevationUncertainty,geodeticDatum,collectDate,aquaticSiteType,samplingImpractical,waterChemSamplesCollected,adequateSampleVol,parentSampleID,eventID,swcSamplingProtocolVersion,sampleExtractionMethod,samplerType,totalWellDepth,wellWaterDepth,waterColumnHeight,sampleDepth,purgeAverageDischargeRate,purgeTime,gwWellStabilized,purgeDryDateTime,pumpPlacementDate,screenedIntervalDepth,maxAllowableDrawdown,actualDrawdown,MADExceeded,wellVolumePurged,probeIDUnavailable,dissolvedOxygen,dissolvedOxygenSaturation,specificConductance,waterTemp,pH,waterClarityDescrip,waterColorDescrip,aCollectedBy,bCollectedBy,remarks
"3eba218c-9964-4528-bb42-b81470c52c91","D11","BLUE","BLUE.AOS.groundwater.well.008",34.443348,-96.624022,0.1,291.3,0.1,"WGS84","2019-04-08T19:06Z","stream",,,"Y","BLUE.W8.20190408","BLUE.20190408","NEON.DOC.002905vE","low-flow","Groundwater Pump",5.5,2.8,2.7,3.8,,,,,,,,,,13.2,,0.42,4.30,731.00,15.90,7.35,"clear","colorless","0000-0003-2362-0002","0000-0002-1844-4553",
"228004c8-110f-48e6-ad59-7aa1f91bb0c0","D11","BLUE","BLUE.AOS.groundwater.well.002",34.446111,-96.623311,0.1,291.6,0.1,"WGS84","2019-04-09T17:10Z","stream",,,"Y","BLUE.W2.20190409","BLUE.20190409","NEON.DOC.002905vE","low-flow","Groundwater Pump",5.5,3.5,2.0,4.5,,,,,,,,,,5.1,,1.67,16.40,828.00,15.50,7.03,"clear","colorless","0000-0002-1844-4553","0000-0003-2362-0002",
"bcfe859c-25cf-407b-9da2-ed702756c6ba","D11","BLUE","BLUE.AOS.groundwater.well.004",34.445056,-96.624051,0.1,290.5,0.1,"WGS84","2019-04-09T19:25Z","stream",,,"Y","BLUE.W4.20190409","BLUE.20190409","NEON.DOC.002905vE","low-flow","Groundwater Pump",5.0,2.8,2.2,3.8,,,,,,,,,,9.6,,0.28,2.90,785.00,16.40,3.19,"clear","colorless","0000-0002-2086-5736","0000-0003-2362-0002","pH probe error"
"641253dc-9905-41dc-b5fb-8b99103bf34f","D11","BLUE","BLUE.AOS.groundwater.well.007",34.444236,-96.625146,0.1,291.6,0.1,"WGS84","2019-04-10T17:30Z","stream",,,"Y","BLUE.W7.20190410","BLUE.20190410","NEON.DOC.002905vE","low-flow","Groundwater Pump",4.7,3.8,0.9,4.2,,,,,,,,,,3.4,,1.09,13.00,754.00,24.30,6.97,"clear","gray","0000-0003-2362-0002","0000-0002-2086-5736",
