uid,domainID,siteID,namedLocation,sampleID,sampleCode,startDate,collectDate,laboratoryName,analyte,analyteConcentration,analyteUnits,coolerTemp,remarks,shipmentWarmQF,externalLabDataQF,sampleCondition
"7e5df67b-335d-401e-a852-1f234b3f61aa","D08","BLWA","BLWA.AOS.groundwater.well.001","BLWA.W1.20190214.FIL","A00000048341","2019-02-14T17:39Z","2019-02-14T17:39Z","EcoCore_CSU","Fe",1.5551,"milligramsPerLiter",3.5,,0,"formatChange","GOOD"
"6852364e-6c13-4225-8761-9ce800ceaf86","D08","BLWA","BLWA.AOS.groundwater.well.001","BLWA.W1.20190214.FIL","A00000048341","2019-02-14T17:39Z","2019-02-14T17:39Z","EcoCore_CSU","Cl",8.0529,"milligramsPerLiter",3.5,,0,"formatChange","GOOD"
"8edef180-d9d8-45fe-8670-3cdd48b03715","D08","BLWA","BLWA.AOS.groundwater.well.001","BLWA.W1.20190214.FIL","A00000048341","2019-02-14T17:39Z","2019-02-14T17:39Z","EcoCore_CSU","TDN",0.1670,"milligramsPerLiter",3.5,,0,"formatChange","GOOD"
"08596b25-4c3a-4073-bccc-6e702ab7e868","D08","BLWA","BLWA.AOS.groundwater.well.001","BLWA.W1.20190214.RAW","A00000048342","2019-02-14T17:39Z","2019-02-14T17:39Z","EcoCore_CSU","ANC",0.5300,"milliequivalentsPerLiter",3.5,,0,"formatChange","GOOD"
"f7164a5a-a8eb-47d5-b77e-8dfca02cdeee","D08","BLWA","BLWA.AOS.groundwater.well.001","BLWA.W1.20190214.FIL","A00000048341","2019-02-14T17:39Z","2019-02-14T17:39Z","EcoCore_CSU","DOC",0.6613,"milligramsPerLiter",3.5,,0,"formatChange","GOOD"
"a9be5d84-cf1b-4128-afa0-fecaa2867d01","D08","BLWA","BLWA.AOS.groundwater.well.001","BLWA.W1.20190214.FIL","A00000048341","2019-02-14T17:39Z","2019-02-14T17:39Z","EcoCore_CSU","F",0.0250,"milligramsPerLiter",3.5,,0,"formatChange","GOOD"
"53b37378-cbc7-4495-b425-1f1990ae385c","D08","BLWA","BLWA.AOS.groundwater.well.001","BLWA.W1.20190214.FIL","A00000048341","2019-02-14T17:39Z","2019-02-14T17:39Z","EcoCore_CSU","Ca",5.1715,"milligramsPerLiter",3.5,,0,"formatChange","GOOD"
"7a67b99a-f305-4937-8786-343b70fe61b4","D08","BLWA","BLWA.AOS.groundwater.well.001","BLWA.W1.20190214.RAW","A00000048342","2019-02-14T17:39Z","2019-02-14T17:39Z","EcoCore_CSU","TSS - Dry Mass",27800.0000,"microgram",3.5,,0,"formatChange","GOOD"
"2ffe4080-fad6-4b98-99a9-e6a1b5cfd02a","D08","BLWA","BLWA.AOS.groundwater.well.001","BLWA.W1.20190214.FIL","A00000048341","2019-02-14T17:39Z","2019-02-14T17:39Z","EcoCore_CSU","NO2 - N",0.0534,"milligramsPerLiter",3.5,"Low NO2+NO3 method",0,"formatChange","Other"
"821a1b01-3a2c-4fcc-bd58-7952d782f453","D08","BLWA","BLWA.AOS.groundwater.well.001","BLWA.W1.20190214.FIL","A00000048341","2019-02-14T17:39Z","2019-02-14T17:39Z","EcoCore_CSU","Si",11.5628,"milligramsPerLiter",3.5,,0,"formatChange","GOOD"
"56225f29-7132-4fa9-9e8f-9c7e30a9698f","D08","BLWA","BLWA.AOS.groundwater.well.001","BLWA.W1.20190214.FIL","A00000048341","2019-02-14T17:39Z","2019-02-14T17:39Z","EcoCore_CSU","UV Absorbance (250 nm)",0.0199,,3.5,,0,"formatChange","GOOD"
"203a628f-76c7-4ea1-99da-8e2f5eab2d99","D08","BLWA","BLWA.AOS.groundwater.well.001","BLWA.W1.20190214.FIL","A00000048341","2019-02-14T17:39Z","2019-02-14T17:39Z","EcoCore_CSU","Ortho - P",0.0800,"milligramsPerLiter",3.5,,0,"formatChange","GOOD"
"a873ab7e-5674-4884-851d-cdf0260067f7","D08","BLWA","BLWA.AOS.groundwater.well.001","BLWA.W1.20190214.FIL","A00000048341","2019-02-14T17:39Z","2019-02-14T17:39Z","EcoCore_CSU","K",0.5280,"milligramsPerLiter",3.5,,0,"formatChange","GOOD"
"52b6fb7e-54a6-4574-8448-e6ec1c0f1dc3","D08","BLWA","BLWA.AOS.groundwater.well.001","BLWA.W1.20190214.FIL","A00000048341","2019-02-14T17:39Z","2019-02-14T17:39Z","EcoCore_CSU","TDP",0.0418,"milligramsPerLiter",3.5,,0,"formatChange","GOOD"
"c7c0f67b-6654-4f5f-af34-da743b4806a3","D08","BLWA","BLWA.AOS.groundwater.well.001","BLWA.W1.20190214.FIL","A00000048341","2019-02-14T17:39Z","2019-02-14T17:39Z","EcoCore_CSU","Na",5.4520,"milligramsPerLiter",3.5,,0,"formatChange","GOOD"
"b9a4148a-a257-4060-bd64-2a1d3a2e7ae9","D08","BLWA","BLWA.AOS.groundwater.well.001","BLWA.W1.20190214.FIL","A00000048341","2019-02-14T17:39Z","2019-02-14T17:39Z","EcoCore_CSU","Mn",0.1480,"milligramsPerLiter",3.5,,0,"formatChange","GOOD"
"76a7093e-ead6-4f43-9980-d8f4ca0ca630","D08","BLWA","BLWA.AOS.groundwater.well.001","BLWA.W1.20190214.FIL","A00000048341","2019-02-14T17:39Z","2019-02-14T17:39Z","EcoCore_CSU","Mg",1.1580,"milligramsPerLiter",3.5,,0,"formatChange","GOOD"
"f1508cd0-2da0-48b2-8bda-90c9c4a28a2f","D08","BLWA","BLWA.AOS.groundwater.well.001","BLWA.W1.20190214.FIL","A00000048341","2019-02-14T17:39Z","2019-02-14T17:39Z","EcoCore_CSU","SO4",1.7280,"milligramsPerLiter",3.5,,0,"formatChange","GOOD"
"df477109-303d-4331-86df-b873291da31a","D08","BLWA","BLWA.AOS.groundwater.well.001","BLWA.W1.20190214.FIL","A00000048341","2019-02-14T17:39Z","2019-02-14T17:39Z","EcoCore_CSU","NO3+NO2 - N",-0.0503,"milligramsPerLiter",3.5,"Low NO2+NO3 method",0,"formatChange","Other"
"ced0d748-1464-45aa-8505-a3822d3722a7","D08","BLWA","BLWA.AOS.groundwater.well.001","BLWA.W1.20190214.PCN","A00000048346","2019-02-14T17:39Z","2019-02-14T17:39Z","EcoCore_CSU","TPN",0.1181,"milligram",3.5,,0,"formatChange","GOOD"
"f90c1c1b-de65-4ca8-8d7a-e8c16286e3fd","D08","BLWA","BLWA.AOS.groundwater.well.001","BLWA.W1.20190214.FIL","A00000048341","2019-02-14T17:39Z","2019-02-14T17:39Z","EcoCore_CSU","CO3",0.0050,"milligramsPerLiter",3.5,,0,"formatChange","GOOD"
"217e54d3-f7b3-485f-9e4c-9d88253b52fc","D08","BLWA","BLWA.AOS.groundwater.well.001","BLWA.W1.20190214.RAW","A00000048342","2019-02-14T17:39Z","2019-02-14T17:39Z","EcoCore_CSU","pH",5.8800,"pH",3.5,,0,"formatChange","GOOD"
"93b098f9-960f-4659-8be1-d6299f1b62d6","D08","BLWA","BLWA.AOS.groundwater.well.001","BLWA.W1.20190214.PCN","A00000048346","2019-02-14T17:39Z","2019-02-14T17:39Z","EcoCore_CSU","TPC",0.3538,"milligram",3.5,,0,"formatChange","GOOD"
"3addedab-eda4-436c-b834-fcf774d87579","D08","BLWA","BLWA.AOS.groundwater.well.001","BLWA.W1.20190214.FIL","A00000048341","2019-02-14T17:39Z","2019-02-14T17:39Z","EcoCore_CSU","DIC",12.1400,"milligramsPerLiter",3.5,,0,"formatChange","GOOD"
"a0c6e58d-f2f2-4f76-b229-43e6e95b6407","D08","BLWA","BLWA.AOS.groundwater.well.001","BLWA.W1.20190214.RAW","A00000048342","2019-02-14T17:39Z","2019-02-14T17:39Z","EcoCore_CSU","TSS",556.0000,"milligramsPerLiter",3.5,,0,"formatChange","GOOD"
"2481ebc4-f79f-4922-9aea-bf3c71bc6f73","D08","BLWA","BLWA.AOS.groundwater.well.001","BLWA.W1.20190214.FIL","A00000048341","2019-02-14T17:39Z","2019-02-14T17:39Z","EcoCore_CSU","UV Absorbance (280 nm)",0.0150,,3.5,,0,"formatChange","GOOD"
"58b7479f-c37c-425a-bdae-560bb0439a79","D08","BLWA","BLWA.AOS.groundwater.well.001","BLWA.W1.20190214.FIL","A00000048341","2019-02-14T17:39Z","2019-02-14T17:39Z","EcoCore_CSU","HCO3",21.5400,"milligramsPerLiter",3.5,,0,"formatChange","GOOD"
"9e1aa58b-1542-43ad-959a-4db9e92b4d10","D08","BLWA","BLWA.AOS.groundwater.well.001","BLWA.W1.20190214.RAW","A00000048342","2019-02-14T17:39Z","2019-02-14T17:39Z","EcoCore_CSU","TN",0.4057,"milligramsPerLiter",3.5,,0,"formatChange","GOOD"
"89413765-9ff7-4942-a891-817e852b3caf","D08","BLWA","BLWA.AOS.groundwater.well.001","BLWA.W1.20190214.RAW","A00000048342","2019-02-14T17:39Z","2019-02-14T17:39Z","EcoCore_CSU","TOC",4.2450,"milligramsPerLiter",3.5,,0,"formatChange","GOOD"
"460a23ff-e542-4e63-befc-950fe8a8ac97","D08","BLWA","BLWA.AOS.groundwater.well.001","BLWA.W1.20190214.FIL","A00000048341","2019-02-14T17:39Z","2019-02-14T17:39Z","EcoCore_CSU","Br",0.0050,"milligramsPerLiter",3.5,,0,"formatChange","GOOD"
"b63b2324-bba4-43f0-86c5-f19893d5d3d2","D08","BLWA","BLWA.AOS.groundwater.well.001","BLWA.W1.20190214.FIL","A00000048341","2019-02-14T17:39Z","2019-02-14T17:39Z","EcoCore_CSU","TDS",43.0800,"milligramsPerLiter",3.5,,0,"formatChange","GOOD"
"5e9460e2-53f6-4882-bb3d-7463bad533d1","D08","BLWA","BLWA.AOS.groundwater.well.001","BLWA.W1.20190214.RAW","A00000048342","2019-02-14T17:39Z","2019-02-14T17:39Z","EcoCore_CSU","TP",1.1805,"milligramsPerLiter",3.5,,0,"formatChange","GOOD"
"b4980eab-d171-480f-999d-ea5f8eaa4340","D08","BLWA","BLWA.AOS.groundwater.well.001","BLWA.W1.20190214.RAW","A00000048342","2019-02-14T17:39Z","2019-02-14T17:39Z","EcoCore_CSU","conductivity",61.2800,"microsiemensPerCentimeter",3.5,,0,"formatChange","GOOD"
"332d926e-76b4-4685-8fcf-5e55ab848b1e","D08","BLWA","BLWA.AOS.groundwater.well.001","BLWA.W1.20190214.FIL","A00000048341","2019-02-14T17:39Z","2019-02-14T17:39Z","EcoCore_CSU","NH4 - N",0.0825,"milligramsPerLiter",3.5,,0,"formatChange","GOOD"
"f196929f-2e3b-49c8-bc25-9f9c55e5795e","D08","BLWA","BLWA.AOS.groundwater.well.002","BLWA.W2.20190214.FIL","A00000048340","2019-02-14T18:35Z","2019-02-14T18:35Z","EcoCore_CSU","DOC",1.3520,"milligramsPerLiter",3.5,,0,"formatChange","GOOD"
"f10cc19e-0265-4d7e-b526-b4612bb169a4","D08","BLWA","BLWA.AOS.groundwater.well.002","BLWA.W2.20190214.RAW","A00000048329","2019-02-14T18:35Z","2019-02-14T18:35Z","EcoCore_CSU","TSS - Dry Mass",2700.0000,"microgram",3.5,,0,"formatChange","GOOD"
"47b818bd-f9fc-4071-858d-e39fb6ba0fac","D08","BLWA","BLWA.AOS.groundwater.well.002","BLWA.W2.20190214.FIL","A00000048340","2019-02-14T18:35Z","2019-02-14T18:35Z","EcoCore_CSU","Mg",7.3850,"milligramsPerLiter",3.5,,0,"formatChange","GOOD"
"d6b3b6e7-84bc-447b-96c9-68eb64980232","D08","BLWA","BLWA.AOS.groundwater.well.002","BLWA.W2.20190214.FIL","A00000048340","2019-02-14T18:35Z","2019-02-14T18:35Z","EcoCore_CSU","Cl",285.9195,"milligramsPerLiter",3.5,,0,"formatChange","GOOD"
"a7eb9cd9-06df-4362-ab6c-a597af60fdac","D08","BLWA","BLWA.AOS.groundwater.well.002","BLWA.W2.20190214.FIL","A00000048340","2019-02-14T18:35Z","2019-02-14T18:35Z","EcoCore_CSU","UV Absorbance (250 nm)",0.1768,,3.5,,0,"formatChange","GOOD"
"9f451c34-3ebf-4dfe-815e-d24ca31246a9","D08","BLWA","BLWA.AOS.groundwater.well.002","BLWA.W2.20190214.FIL","A00000048340","2019-02-14T18:35Z","2019-02-14T18:35Z","EcoCore_CSU","Na",234.5000,"milligramsPerLiter",3.5,,0,"formatChange","GOOD"
"4b2b27af-67b2-482d-b498-4dfd2c2f6ff3","D08","BLWA","BLWA.AOS.groundwater.well.002","BLWA.W2.20190214.RAW","A00000048329","2019-02-14T18:35Z","2019-02-14T18:35Z","EcoCore_CSU","TOC",1.7760,"milligramsPerLiter",3.5,,0,"formatChange","GOOD"
"11ee3fd4-dec5-42fd-9530-c8e87f1eb364","D08","BLWA","BLWA.AOS.groundwater.well.002","BLWA.W2.20190214.PCN","A00000048318","2019-02-14T18:35Z","2019-02-14T18:35Z","EcoCore_CSU","TPN",0.0962,"milligram",3.5,,0,"formatChange","GOOD"
"ef1d64a8-6430-40e0-a893-236120897850","D08","BLWA","BLWA.AOS.groundwater.well.002","BLWA.W2.20190214.FIL","A00000048340","2019-02-14T18:35Z","2019-02-14T18:35Z","EcoCore_CSU","CO3",0.0050,"milligramsPerLiter",3.5,,0,"formatChange","GOOD"
"add8a35b-21ef-4c8a-a640-49ce906e50eb","D08","BLWA","BLWA.AOS.groundwater.well.002","BLWA.W2.20190214.FIL","A00000048340","2019-02-14T18:35Z","2019-02-14T18:35Z","EcoCore_CSU","TDP",0.6986,"milligramsPerLiter",3.5,,0,"formatChange","GOOD"
"c5369514-9f9b-43b1-a0cf-a2464a4db616","D08","BLWA","BLWA.AOS.groundwater.well.002","BLWA.W2.20190214.RAW","A00000048329","2019-02-14T18:35Z","2019-02-14T18:35Z","EcoCore_CSU","TP",1.2779,"milligramsPerLiter",3.5,,0,"formatChange","GOOD"
"9fe66b7b-e531-4413-846b-f0145fa17d2a","D08","BLWA","BLWA.AOS.groundwater.well.002","BLWA.W2.20190214.RAW","A00000048329","2019-02-14T18:35Z","2019-02-14T18:35Z","EcoCore_CSU","TN",0.2198,"milligramsPerLiter",3.5,,0,"formatChange","GOOD"
"d737a713-5f6d-41b5-a779-df3dfefc39c7","D08","BLWA","BLWA.AOS.groundwater.well.002","BLWA.W2.20190214.FIL","A00000048340","2019-02-14T18:35Z","2019-02-14T18:35Z","EcoCore_CSU","Ortho - P",0.2370,"milligramsPerLiter",3.5,,0,"formatChange","GOOD"
"ccfb1c2b-e16d-433d-a42b-290f333e602f","D08","BLWA","BLWA.AOS.groundwater.well.002","BLWA.W2.20190214.FIL","A00000048340","2019-02-14T18:35Z","2019-02-14T18:35Z","EcoCore_CSU","TDS",858.1500,"milligramsPerLiter",3.5,,0,"formatChange","GOOD"
"25ea6d16-347c-4158-a254-a81a7dcd07fb","D08","BLWA","BLWA.AOS.groundwater.well.002","BLWA.W2.20190214.FIL","A00000048340","2019-02-14T18:35Z","2019-02-14T18:35Z","EcoCore_CSU","SO4",50.4600,"milligramsPerLiter",3.5,,0,"formatChange","GOOD"
"d5be74ff-8e1d-4c00-9196-41b046f60446","D08","BLWA","BLWA.AOS.groundwater.well.002","BLWA.W2.20190214.FIL","A00000048340","2019-02-14T18:35Z","2019-02-14T18:35Z","EcoCore_CSU","NH4 - N",0.1431,"milligramsPerLiter",3.5,,0,"formatChange","GOOD"
"c8635268-b4a4-4549-a7fc-56e7f81dd421","D08","BLWA","BLWA.AOS.groundwater.well.002","BLWA.W2.20190214.FIL","A00000048340","2019-02-14T18:35Z","2019-02-14T18:35Z","EcoCore_CSU","Mn",0.1900,"milligramsPerLiter",3.5,,0,"formatChange","GOOD"
"a28119c8-97ce-4370-9113-724694d35f71","D08","BLWA","BLWA.AOS.groundwater.well.002","BLWA.W2.20190214.RAW","A00000048329","2019-02-14T18:35Z","2019-02-14T18:35Z","EcoCore_CSU","conductivity",1225.3800,"microsiemensPerCentimeter",3.5,,0,"formatChange","GOOD"
"e17c289f-6f38-4cc2-af85-d0c0f663fcb7","D08","BLWA","BLWA.AOS.groundwater.well.002","BLWA.W2.20190214.FIL","A00000048340","2019-02-14T18:35Z","2019-02-14T18:35Z","EcoCore_CSU","HCO3",175.1700,"milligramsPerLiter",3.5,,0,"formatChange","GOOD"
"7d9e857a-595e-4442-af3a-6c50255f5f17","D08","BLWA","BLWA.AOS.groundwater.well.002","BLWA.W2.20190214.FIL","A00000048340","2019-02-14T18:35Z","2019-02-14T18:35Z","EcoCore_CSU","Ca",27.8763,"milligramsPerLiter",3.5,,0,"formatChange","GOOD"
"ad7887c4-043c-4a03-8b33-7c7f169df9c7","D08","BLWA","BLWA.AOS.groundwater.well.002","BLWA.W2.20190214.FIL","A00000048340","2019-02-14T18:35Z","2019-02-14T18:35Z","EcoCore_CSU","F",2.3230,"milligramsPerLiter",3.5,,0,"formatChange","GOOD"
"bc433fb5-4590-4dde-a070-e900db4de143","D08","BLWA","BLWA.AOS.groundwater.well.002","BLWA.W2.20190214.FIL","A00000048340","2019-02-14T18:35Z","2019-02-14T18:35Z","EcoCore_CSU","UV Absorbance (280 nm)",0.1646,,3.5,,0,"formatChange","GOOD"
"124ff753-b55b-4b57-8105-0f72ba50a42d","D08","BLWA","BLWA.AOS.groundwater.well.002","BLWA.W2.20190214.PCN","A00000048318","2019-02-14T18:35Z","2019-02-14T18:35Z","EcoCore_CSU","TPC",0.3116,"milligram",3.5,,0,"formatChange","GOOD"
"a6fce6aa-4e46-4b04-ba27-de59bd8de2e2","D08","BLWA","BLWA.AOS.groundwater.well.002","BLWA.W2.20190214.FIL","A00000048340","2019-02-14T18:35Z","2019-02-14T18:35Z","EcoCore_CSU","K",0.6450,"milligramsPerLiter",3.5,,0,"formatChange","GOOD"
"04c99276-53f0-4834-894d-1a256d50cfc3","D08","BLWA","BLWA.AOS.groundwater.well.002","BLWA.W2.20190214.FIL","A00000048340","2019-02-14T18:35Z","2019-02-14T18:35Z","EcoCore_CSU","TDN",0.1842,"milligramsPerLiter",3.5,,0,"formatChange","GOOD"
"33663955-92fd-448f-9560-321b38c62ed5","D08","BLWA","BLWA.AOS.groundwater.well.002","BLWA.W2.20190214.FIL","A00000048340","2019-02-14T18:35Z","2019-02-14T18:35Z","EcoCore_CSU","NO2 - N",0.0571,"milligramsPerLiter",3.5,"Low NO2+NO3 method",0,"formatChange","Other"
"41e37a84-a9f4-491f-85db-af01acbb5a5f","D08","BLWA","BLWA.AOS.groundwater.well.002","BLWA.W2.20190214.FIL","A00000048340","2019-02-14T18:35Z","2019-02-14T18:35Z","EcoCore_CSU","Br",0.0050,"milligramsPerLiter",3.5,,0,"formatChange","GOOD"
"9dbfa364-4f1a-4925-8bb0-aae82b046e3b","D08","BLWA","BLWA.AOS.groundwater.well.002","BLWA.W2.20190214.RAW","A00000048329","2019-02-14T18:35Z","2019-02-14T18:35Z","EcoCore_CSU","ANC",2.9800,"milliequivalentsPerLiter",3.5,,0,"formatChange","GOOD"
"97e37f86-d6d0-4635-99fa-362e1160e2a3","D08","BLWA","BLWA.AOS.groundwater.well.002","BLWA.W2.20190214.RAW","A00000048329","2019-02-14T18:35Z","2019-02-14T18:35Z","EcoCore_CSU","TSS",54.0000,"milligramsPerLiter",3.5,,0,"formatChange","GOOD"
"d99cf1d3-b810-4406-b18e-7e5fa84a959b","D08","BLWA","BLWA.AOS.groundwater.well.002","BLWA.W2.20190214.FIL","A00000048340","2019-02-14T18:35Z","2019-02-14T18:35Z","EcoCore_CSU","Si",19.2020,"milligramsPerLiter",3.5,,0,"formatChange","GOOD"
"8dc88b10-2da0-4b60-8fb4-fca10f2f4dde","D08","BLWA","BLWA.AOS.groundwater.well.002","BLWA.W2.20190214.RAW","A00000048329","2019-02-14T18:35Z","2019-02-14T18:35Z","EcoCore_CSU","pH",6.6700,"pH",3.5,,0,"formatChange","GOOD"
"8512ebc7-72a3-4406-9526-35f341695c15","D08","BLWA","BLWA.AOS.groundwater.well.002","BLWA.W2.20190214.FIL","A00000048340","2019-02-14T18:35Z","2019-02-14T18:35Z","EcoCore_CSU","Fe",4.1507,"milligramsPerLiter",3.5,,0,"formatChange","GOOD"
"b746bc20-2df4-4445-a1f4-f5bedd5ffefa","D08","BLWA","BLWA.AOS.groundwater.well.002","BLWA.W2.20190214.FIL","A00000048340","2019-02-14T18:35Z","2019-02-14T18:35Z","EcoCore_CSU","DIC",32.7000,"milligramsPerLiter",3.5,,0,"formatChange","GOOD"
"b70f4beb-18b7-476a-8647-2c87904fa882","D08","BLWA","BLWA.AOS.groundwater.well.002","BLWA.W2.20190214.FIL","A00000048340","2019-02-14T18:35Z","2019-02-14T18:35Z","EcoCore_CSU","NO3+NO2 - N",-0.0808,"milligramsPerLiter",3.5,"Low NO2+NO3 method",0,"formatChange","Other"
"9f24276b-86e7-45e5-b1c1-ab3bb4eae86e","D08","BLWA","BLWA.AOS.groundwater.well.003","BLWA.W3.20190214.RAW","A00000048327","2019-02-14T19:39Z","2019-02-14T19:39Z","EcoCore_CSU","TSS - Dry Mass",1800.0000,"microgram",3.5,,0,"formatChange","GOOD"
"80e89ac1-7f1e-4c65-8229-e8ab3f65806f","D08","BLWA","BLWA.AOS.groundwater.well.003","BLWA.W3.20190214.FIL","A00000048328","2019-02-14T19:39Z","2019-02-14T19:39Z","EcoCore_CSU","Fe",0.3612,"milligramsPerLiter",3.5,,0,"formatChange","GOOD"
"8c3d650e-a1e5-4677-b1ac-a3ef2202c7db","D08","BLWA","BLWA.AOS.groundwater.well.003","BLWA.W3.20190214.FIL","A00000048328","2019-02-14T19:39Z","2019-02-14T19:39Z","EcoCore_CSU","NO3+NO2 - N",-0.0730,"milligramsPerLiter",3.5,"Low NO2+NO3 method",0,"formatChange","Other"
"4b95bb14-fc8e-4df9-8c58-a48fe6c5fe51","D08","BLWA","BLWA.AOS.groundwater.well.003","BLWA.W3.20190214.FIL","A00000048328","2019-02-14T19:39Z","2019-02-14T19:39Z","EcoCore_CSU","HCO3",9.2800,"milligramsPerLiter",3.5,,0,"formatChange","GOOD"
"e7bdd031-8962-452c-8c97-87258c538357","D08","BLWA","BLWA.AOS.groundwater.well.003","BLWA.W3.20190214.FIL","A00000048328","2019-02-14T19:39Z","2019-02-14T19:39Z","EcoCore_CSU","TDP",0.1390,"milligramsPerLiter",3.5,,0,"formatChange","GOOD"
"ac97b7ef-0890-415f-a675-658582febd2a","D08","BLWA","BLWA.AOS.groundwater.well.003","BLWA.W3.20190214.FIL","A00000048328","2019-02-14T19:39Z","2019-02-14T19:39Z","EcoCore_CSU","Cl",9.3600,"milligramsPerLiter",3.5,,0,"formatChange","GOOD"
"85941f43-0a00-40f2-9301-7e403c904d80","D08","BLWA","BLWA.AOS.groundwater.well.003","BLWA.W3.20190214.FIL","A00000048328","2019-02-14T19:39Z","2019-02-14T19:39Z","EcoCore_CSU","DIC",7.1050,"milligramsPerLiter",3.5,,0,"formatChange","GOOD"
"e94d8007-f21e-4e28-9eb9-7d36fa872c3b","D08","BLWA","BLWA.AOS.groundwater.well.003","BLWA.W3.20190214.FIL","A00000048328","2019-02-14T19:39Z","2019-02-14T19:39Z","EcoCore_CSU","UV Absorbance (280 nm)",0.0554,,3.5,,0,"formatChange","GOOD"
"90417d71-f14f-4118-bd49-5cb810d3c183","D08","BLWA","BLWA.AOS.groundwater.well.003","BLWA.W3.20190214.FIL","A00000048328","2019-02-14T19:39Z","2019-02-14T19:39Z","EcoCore_CSU","Ortho - P",0.0560,"milligramsPerLiter",3.5,,0,"formatChange","GOOD"
"d2484488-ab2f-40b0-b158-e7abc6b59090","D08","BLWA","BLWA.AOS.groundwater.well.003","BLWA.W3.20190214.RAW","A00000048327","2019-02-14T19:39Z","2019-02-14T19:39Z","EcoCore_CSU","ANC",0.1800,"milliequivalentsPerLiter",3.5,,0,"formatChange","GOOD"
"fa60025a-d524-49e4-bf79-c17dd65c93f0","D08","BLWA","BLWA.AOS.groundwater.well.003","BLWA.W3.20190214.FIL","A00000048328","2019-02-14T19:39Z","2019-02-14T19:39Z","EcoCore_CSU","Ca",1.9850,"milligramsPerLiter",3.5,,0,"formatChange","GOOD"
"14db51e7-d7d9-4cab-ac7a-e188b3d141a5","D08","BLWA","BLWA.AOS.groundwater.well.003","BLWA.W3.20190214.FIL","A00000048328","2019-02-14T19:39Z","2019-02-14T19:39Z","EcoCore_CSU","NO2 - N",0.0531,"milligramsPerLiter",3.5,"Low NO2+NO3 method",0,"formatChange","Other"
"01f7b85e-be28-4b3d-a084-f86a10319b38","D08","BLWA","BLWA.AOS.groundwater.well.003","BLWA.W3.20190214.FIL","A00000048328","2019-02-14T19:39Z","2019-02-14T19:39Z","EcoCore_CSU","Mg",0.5630,"milligramsPerLiter",3.5,,0,"formatChange","GOOD"
"458a4638-5a35-4e2d-aba3-2d9124b7947d","D08","BLWA","BLWA.AOS.groundwater.well.003","BLWA.W3.20190214.RAW","A00000048327","2019-02-14T19:39Z","2019-02-14T19:39Z","EcoCore_CSU","TP",0.8430,"milligramsPerLiter",3.5,,0,"formatChange","GOOD"
"da694f53-5b03-4500-8f50-b465d43565af","D08","BLWA","BLWA.AOS.groundwater.well.003","BLWA.W3.20190214.FIL","A00000048328","2019-02-14T19:39Z","2019-02-14T19:39Z","EcoCore_CSU","TDS",39.1100,"milligramsPerLiter",3.5,,0,"formatChange","GOOD"
"0eb5e0fa-37e3-4e44-a8b4-db5eb85601ec","D08","BLWA","BLWA.AOS.groundwater.well.003","BLWA.W3.20190214.RAW","A00000048327","2019-02-14T19:39Z","2019-02-14T19:39Z","EcoCore_CSU","TOC",0.9755,"milligramsPerLiter",3.5,,0,"formatChange","GOOD"
"b05ee06a-8119-48a7-a9ab-5ce26442e20a","D08","BLWA","BLWA.AOS.groundwater.well.003","BLWA.W3.20190214.RAW","A00000048327","2019-02-14T19:39Z","2019-02-14T19:39Z","EcoCore_CSU","TSS",36.0000,"milligramsPerLiter",3.5,,0,"formatChange","GOOD"
"aa7a4e40-c1b0-4131-8525-6551c8f1ce3e","D08","BLWA","BLWA.AOS.groundwater.well.003","BLWA.W3.20190214.FIL","A00000048328","2019-02-14T19:39Z","2019-02-14T19:39Z","EcoCore_CSU","DOC",0.6401,"milligramsPerLiter",3.5,,0,"formatChange","GOOD"
"1b3a91fa-d5bb-47f1-ac29-0caf0d60ab16","D08","BLWA","BLWA.AOS.groundwater.well.003","BLWA.W3.20190214.FIL","A00000048328","2019-02-14T19:39Z","2019-02-14T19:39Z","EcoCore_CSU","F",0.5000,"milligramsPerLiter",3.5,,0,"formatChange","GOOD"
"7f8e47f2-d2e5-4343-b1d6-70e0d7a8485e","D08","BLWA","BLWA.AOS.groundwater.well.003","BLWA.W3.20190214.RAW","A00000048327","2019-02-14T19:39Z","2019-02-14T19:39Z","EcoCore_CSU","conductivity",55.6100,"microsiemensPerCentimeter",3.5,,0,"formatChange","GOOD"
"2a619dc0-2d50-44be-9887-eccc4fc7fc95","D08","BLWA","BLWA.AOS.groundwater.well.003","BLWA.W3.20190214.FIL","A00000048328","2019-02-14T19:39Z","2019-02-14T19:39Z","EcoCore_CSU","Si",9.7422,"milligramsPerLiter",3.5,,0,"formatChange","GOOD"
"213b121f-6596-418b-b991-0c1fbbed9bad","D08","BLWA","BLWA.AOS.groundwater.well.003","BLWA.W3.20190214.FIL","A00000048328","2019-02-14T19:39Z","2019-02-14T19:39Z","EcoCore_CSU","K",0.3270,"milligramsPerLiter",3.5,,0,"formatChange","GOOD"
"409c41fe-2f59-41da-9857-d2e771566ed8","D08","BLWA","BLWA.AOS.groundwater.well.003","BLWA.W3.20190214.FIL","A00000048328","2019-02-14T19:39Z","2019-02-14T19:39Z","EcoCore_CSU","TDN",0.0945,"milligramsPerLiter",3.5,,0,"formatChange","GOOD"
"392e77a6-31a5-45d7-ab58-3f5131d0c22e","D08","BLWA","BLWA.AOS.groundwater.well.003","BLWA.W3.20190214.RAW","A00000048327","2019-02-14T19:39Z","2019-02-14T19:39Z","EcoCore_CSU","pH",5.5700,"pH",3.5,,0,"formatChange","GOOD"
"ac0611fb-2101-44b3-966e-453c21eab37f","D08","BLWA","BLWA.AOS.groundwater.well.003","BLWA.W3.20190214.FIL","A00000048328","2019-02-14T19:39Z","2019-02-14T19:39Z","EcoCore_CSU","NH4 - N",0.0735,"milligramsPerLiter",3.5,,0,"formatChange","GOOD"
"e6f38cb1-46db-40a7-a9f6-ebbbbdfd3a0f","D08","BLWA","BLWA.AOS.groundwater.well.003","BLWA.W3.20190214.PCN","A00000048319","2019-02-14T19:39Z","2019-02-14T19:39Z","EcoCore_CSU","TPN",0.0899,"milligram",3.5,,0,"formatChange","GOOD"
"9bac94ef-d952-4da3-8f01-b0a8457cd5c4","D08","BLWA","BLWA.AOS.groundwater.well.003","BLWA.W3.20190214.FIL","A00000048328","2019-02-14T19:39Z","2019-02-14T19:39Z","EcoCore_CSU","SO4",4.2300,"milligramsPerLiter",3.5,,0,"formatChange","GOOD"
"bd945de4-14ee-447c-a757-65b79c9c6922","D08","BLWA","BLWA.AOS.groundwater.well.003","BLWA.W3.20190214.FIL","A00000048328","2019-02-14T19:39Z","2019-02-14T19:39Z","EcoCore_CSU","Br",0.0050,"milligramsPerLiter",3.5,,0,"formatChange","GOOD"
"bb71597a-23f7-42f3-bfe6-c44c24310cc1","D08","BLWA","BLWA.AOS.groundwater.well.003","BLWA.W3.20190214.FIL","A00000048328","2019-02-14T19:39Z","2019-02-14T19:39Z","EcoCore_CSU","Mn",0.0005,"milligramsPerLiter",3.5,,0,"formatChange","GOOD"
"f08eb679-5aac-4fdd-9889-4bd17bc39751","D08","BLWA","BLWA.AOS.groundwater.well.003","BLWA.W3.20190214.FIL","A00000048328","2019-02-14T19:39Z","2019-02-14T19:39Z","EcoCore_CSU","UV Absorbance (250 nm)",0.0576,,3.5,,0,"formatChange","GOOD"
"c7cd2c05-c6cb-4169-9a5e-823fe894b27a","D08","BLWA","BLWA.AOS.groundwater.well.003","BLWA.W3.20190214.FIL","A00000048328","2019-02-14T19:39Z","2019-02-14T19:39Z","EcoCore_CSU","CO3",0.0050,"milligramsPerLiter",3.5,,0,"formatChange","GOOD"
"3a86cb65-718e-4321-ad78-616207bdf725","D08","BLWA","BLWA.AOS.groundwater.well.003","BLWA.W3.20190214.FIL","A00000048328","2019-02-14T19:39Z","2019-02-14T19:39Z","EcoCore_CSU","Na",8.6920,"milligramsPerLiter",3.5,,0,"formatChange","GOOD"
"28da7995-2225-4a97-bd1f-7607fb11275e","D08","BLWA","BLWA.AOS.groundwater.well.003","BLWA.W3.20190214.RAW","A00000048327","2019-02-14T19:39Z","2019-02-14T19:39Z","EcoCore_CSU","TN",0.1151,"milligramsPerLiter",3.5,,0,"formatChange","GOOD"
"486be2f9-700b-46ad-b81a-9c9b5218bcd8","D08","BLWA","BLWA.AOS.groundwater.well.003","BLWA.W3.20190214.PCN","A00000048319","2019-02-14T19:39Z","2019-02-14T19:39Z","EcoCore_CSU","TPC",0.3255,"milligram",3.5,,0,"formatChange","GOOD"
