uid,domainID,siteID,namedLocation,collectDate,parentSampleID,sampleCondition,sampleID,replicateNumber,gwwDICBubbleFree,gwwFiltSampleHeadspace,gwwAlkSampleHeadspace,gwwAlkSampleBubbleFree,processedDate,processedDateFilters,sampleVolumeFiltered,shipmentTimeRange
"4b03024a-f4bc-42ec-b212-73d47d994617","D03","SUGG","SUGG.AOS.groundwater.well.004","2019-10-02T16:10Z","SUGG.W4.20191002","Sample condition ok","SUGG.W4.20191002",1,,,,,"2019-10-02T16:10Z","2019-10-02T16:10Z",300.0,
"c483f1f0-a34a-408f-9c5b-473fe8713343","D03","SUGG","SUGG.AOS.groundwater.well.005","2019-10-03T14:20Z","SUGG.W5.20191003","Sample condition ok","SUGG.W5.20191003",1,,,,,"2019-10-03T14:20Z","2019-10-03T14:20Z",300.0,
"9374103c-7ad4-4b79-a64a-7e67eafe70a0","D03","SUGG","SUGG.AOS.groundwater.well.006","2019-10-03T15:56Z","SUGG.W6.20191003","Sample condition ok","SUGG.W6.20191003",1,,,,,"2019-10-03T15:56Z","2019-10-03T15:56Z",300.0,
"60134071-2306-4995-9f64-bfd08c5e22f2","D03","SUGG","SUGG.AOS.groundwater.well.008","2019-10-03T17:23Z","SUGG.W8.20191003","Sample condition ok","SUGG.W8.20191003",1,,,,,"2019-10-03T17:23Z","2019-10-03T17:23Z",300.0,
