uid,domainID,siteID,namedLocation,sampleID,sampleCode,startDate,collectDate,laboratoryName,analyte,analyteConcentration,analyteUnits,coolerTemp,remarks,shipmentWarmQF,externalLabDataQF,sampleCondition
"af95707b-c169-4623-a613-e1978a6f491d","D03","SUGG","SUGG.AOS.groundwater.well.004","SUGG.W4.20191002.FIL","A00000075646","2019-10-02T16:10Z","2019-10-02T16:10Z","EcoCore_CSU","NO3+NO2 - N",0.0511,"milligramsPerLiter",0.5,,0,,"OK"
"e367952b-795e-4eb1-b3b0-aa75fe8dd562","D03","SUGG","SUGG.AOS.groundwater.well.004","SUGG.W4.20191002.FIL","A00000075646","2019-10-02T16:10Z","2019-10-02T16:10Z","EcoCore_CSU","NH4 - N",0.0197,"milligramsPerLiter",0.5,,0,,"OK"
"d82c0a1a-20f7-406c-bd9e-e8bac106b9a4","D03","SUGG","SUGG.AOS.groundwater.well.004","SUGG.W4.20191002.FIL","A00000075646","2019-10-02T16:10Z","2019-10-02T16:10Z","EcoCore_CSU","Ortho - P",1.0420,"milligramsPerLiter",0.5,,0,,"OK"
"e4386e1a-5060-4019-9579-2079791fe4bf","D03","SUGG","SUGG.AOS.groundwater.well.004","SUGG.W4.20191002.FIL","A00000075646","2019-10-02T16:10Z","2019-10-02T16:10Z","EcoCore_CSU","NO2 - N",-0.0065,"milligramsPerLiter",0.5,,0,,"OK"
"ea76f30b-c2d9-4f4a-9d27-6858ad418662","D03","SUGG","SUGG.AOS.groundwater.well.004","SUGG.W4.20191002.PCN","A00000075698","2019-10-02T16:10Z","2019-10-02T16:10Z","EcoCore_CSU","TPC",0.2304,"milligram",0.5,,0,,"OK"
"aebb5254-2c5c-4b2c-bf66-1cfebd9d4cac","D03","SUGG","SUGG.AOS.groundwater.well.004","SUGG.W4.20191002.PCN","A00000075698","2019-10-02T16:10Z","2019-10-02T16:10Z","EcoCore_CSU","TPN",0.1268,"milligram",0.5,,0,,"OK"
"35144898-3a5e-430e-9562-d5805fcc9752","D03","SUGG","SUGG.AOS.groundwater.well.004","SUGG.W4.20191002.RAW","A00000075647","2019-10-02T16:10Z","2019-10-02T16:10Z","EcoCore_CSU","ANC",0.2800,"milliequivalentsPerLiter",0.5,,0,,"OK"
"90f39017-cb8e-4375-acca-4c51eb890370","D03","SUGG","SUGG.AOS.groundwater.well.004","SUGG.W4.20191002.RAW","A00000075647","2019-10-02T16:10Z","2019-10-02T16:10Z","EcoCore_CSU","TP",2.7010,"milligramsPerLiter",0.5,,0,,"OK"
"93660ccf-f425-4be2-ab3b-4416195e1b9e","D03","SUGG","SUGG.AOS.groundwater.well.004","SUGG.W4.20191002.RAW","A00000075647","2019-10-02T16:10Z","2019-10-02T16:10Z","EcoCore_CSU","TSS",48.0000,"milligramsPerLiter",0.5,,0,,"OK"
"5d7a362f-7356-4772-84fd-cd0f6e58a1c0","D03","SUGG","SUGG.AOS.groundwater.well.004","SUGG.W4.20191002.RAW","A00000075647","2019-10-02T16:10Z","2019-10-02T16:10Z","EcoCore_CSU","pH",6.1300,"pH",0.5,,0,,"OK"
"15b2f376-f5c9-4efa-8b7b-f0819cf61174","D03","SUGG","SUGG.AOS.groundwater.well.004","SUGG.W4.20191002.RAW","A00000075647","2019-10-02T16:10Z","2019-10-02T16:10Z","EcoCore_CSU","TSS - Dry Mass",2400.0000,"microgram",0.5,,0,,"OK"
"61255ea3-8b02-4755-98ec-0dc3806eabd3","D03","SUGG","SUGG.AOS.groundwater.well.004","SUGG.W4.20191002.RAW","A00000075647","2019-10-02T16:10Z","2019-10-02T16:10Z","EcoCore_CSU","specificConductance",28.9400,"microsiemensPerCentimeter",0.5,,0,,"OK"
"9dc4bfa0-7c41-4ce2-abf5-8063f0f0828e","D03","SUGG","SUGG.AOS.groundwater.well.004","SUGG.W4.20191002.FIL","A00000075646","2019-10-02T16:10Z","2019-10-02T16:10Z","EcoCore_CSU","SO4",0.2850,"milligramsPerLiter",0.5,,0,,"OK"
"07b6f93b-6ac3-4a50-8553-8e75be8ef7bd","D03","SUGG","SUGG.AOS.groundwater.well.004","SUGG.W4.20191002.FIL","A00000075646","2019-10-02T16:10Z","2019-10-02T16:10Z","EcoCore_CSU","Si",2.9880,"milligramsPerLiter",0.5,,0,,"OK"
"6e710ec9-fdeb-4dbe-9032-d70abfb97e4d","D03","SUGG","SUGG.AOS.groundwater.well.004","SUGG.W4.20191002.FIL","A00000075646","2019-10-02T16:10Z","2019-10-02T16:10Z","EcoCore_CSU","K",0.0000,"milligramsPerLiter",0.5,,0,,"OK"
"7209d315-aeaf-4bdd-8d76-ac13ee1f934a","D03","SUGG","SUGG.AOS.groundwater.well.004","SUGG.W4.20191002.FIL","A00000075646","2019-10-02T16:10Z","2019-10-02T16:10Z","EcoCore_CSU","Fe",0.0005,"milligramsPerLiter",0.5,,0,,"OK"
"cd20019b-6435-496d-88d2-bbe91e176c7a","D03","SUGG","SUGG.AOS.groundwater.well.004","SUGG.W4.20191002.FIL","A00000075646","2019-10-02T16:10Z","2019-10-02T16:10Z","EcoCore_CSU","Ca",2.6020,"milligramsPerLiter",0.5,,0,,"OK"
"f465c087-738d-4b4a-afda-5f8552ae7ca5","D03","SUGG","SUGG.AOS.groundwater.well.004","SUGG.W4.20191002.FIL","A00000075646","2019-10-02T16:10Z","2019-10-02T16:10Z","EcoCore_CSU","Br",0.0050,"milligramsPerLiter",0.5,,0,,"OK"
"57062c5e-4a0d-4a20-9ed8-f657a8f7c41f","D03","SUGG","SUGG.AOS.groundwater.well.004","SUGG.W4.20191002.FIL","A00000075646","2019-10-02T16:10Z","2019-10-02T16:10Z","EcoCore_CSU","Mg",0.8640,"milligramsPerLiter",0.5,,0,,"OK"
"d4229f78-5f7a-467f-9b6c-c40f7999f306","D03","SUGG","SUGG.AOS.groundwater.well.004","SUGG.W4.20191002.FIL","A00000075646","2019-10-02T16:10Z","2019-10-02T16:10Z","EcoCore_CSU","Mn",0.0005,"milligramsPerLiter",0.5,,0,,"OK"
"0272867f-40a7-4364-9534-8c2912faa1b0","D03","SUGG","SUGG.AOS.groundwater.well.004","SUGG.W4.20191002.FIL","A00000075646","2019-10-02T16:10Z","2019-10-02T16:10Z","EcoCore_CSU","F",0.0050,"milligramsPerLiter",0.5,,0,,"OK"
"c9704c74-e0e2-4c7f-b686-0b1e3105ede9","D03","SUGG","SUGG.AOS.groundwater.well.004","SUGG.W4.20191002.FIL","A00000075646","2019-10-02T16:10Z","2019-10-02T16:10Z","EcoCore_CSU","TDP",0.0170,"milligramsPerLiter",0.5,,0,,"OK"
"0a96268c-9505-4247-9bf8-3dd8ca737ebe","D03","SUGG","SUGG.AOS.groundwater.well.004","SUGG.W4.20191002.FIL","A00000075646","2019-10-02T16:10Z","2019-10-02T16:10Z","EcoCore_CSU","CO3",0.0050,"milligramsPerLiter",0.5,,0,,"OK"
"d4b603e6-593b-40c2-8151-248d2929c838","D03","SUGG","SUGG.AOS.groundwater.well.004","SUGG.W4.20191002.FIL","A00000075646","2019-10-02T16:10Z","2019-10-02T16:10Z","EcoCore_CSU","HCO3",14.7500,"milligramsPerLiter",0.5,,0,,"OK"
"d7e3c67b-a453-4982-8b05-2f5639cd88d5","D03","SUGG","SUGG.AOS.groundwater.well.004","SUGG.W4.20191002.FIL","A00000075646","2019-10-02T16:10Z","2019-10-02T16:10Z","EcoCore_CSU","Cl",1.1900,"milligramsPerLiter",0.5,,0,,"OK"
"224eabfd-dce8-4e75-9cb5-860fb0c80536","D03","SUGG","SUGG.AOS.groundwater.well.004","SUGG.W4.20191002.FIL","A00000075646","2019-10-02T16:10Z","2019-10-02T16:10Z","EcoCore_CSU","Na",1.7160,"milligramsPerLiter",0.5,,0,,"OK"
"e9690dde-0e45-4bf8-bab7-93bfd1eb3466","D03","SUGG","SUGG.AOS.groundwater.well.004","SUGG.W4.20191002.FIL","A00000075646","2019-10-02T16:10Z","2019-10-02T16:10Z","EcoCore_CSU","TDS",21.2500,"milligramsPerLiter",0.5,,0,,"OK"
"fee632bc-41b7-4a54-9377-379f99dfbe0d","D03","SUGG","SUGG.AOS.groundwater.well.004","SUGG.W4.20191002.FIL","A00000075646","2019-10-02T16:10Z","2019-10-02T16:10Z","EcoCore_CSU","UV Absorbance (280 nm)",0.0304,,0.5,,0,,"OK"
"d420281f-c63b-4f0b-935b-1a48407cec2c","D03","SUGG","SUGG.AOS.groundwater.well.004","SUGG.W4.20191002.FIL","A00000075646","2019-10-02T16:10Z","2019-10-02T16:10Z","EcoCore_CSU","UV Absorbance (250 nm)",0.0405,,0.5,,0,,"OK"
"d9e1df94-dfa0-4e16-91d6-9155cb2147b6","D03","SUGG","SUGG.AOS.groundwater.well.004","SUGG.W4.20191002.RAW","A00000075647","2019-10-02T16:10Z","2019-10-02T16:10Z","EcoCore_CSU","TOC",0.8046,"milligramsPerLiter",0.5,,0,,"OK"
"5b9800b3-7df5-4951-a11b-2e02dd58e833","D03","SUGG","SUGG.AOS.groundwater.well.004","SUGG.W4.20191002.RAW","A00000075647","2019-10-02T16:10Z","2019-10-02T16:10Z","EcoCore_CSU","TN",0.0889,"milligramsPerLiter",0.5,,0,,"OK"
"09f53a52-f443-4261-a9a5-58702e5aef01","D03","SUGG","SUGG.AOS.groundwater.well.004","SUGG.W4.20191002.FIL","A00000075646","2019-10-02T16:10Z","2019-10-02T16:10Z","EcoCore_CSU","TDN",0.0743,"milligramsPerLiter",4.5,,0,,"OK"
"bd3e4d6a-daf3-41c2-a76e-087fadb6fc96","D03","SUGG","SUGG.AOS.groundwater.well.004","SUGG.W4.20191002.FIL","A00000075646","2019-10-02T16:10Z","2019-10-02T16:10Z","EcoCore_CSU","DIC",3.9690,"milligramsPerLiter",0.5,,0,,"OK"
"78a310c2-22d4-44c2-a02d-a06dc6c11797","D03","SUGG","SUGG.AOS.groundwater.well.004","SUGG.W4.20191002.FIL","A00000075646","2019-10-02T16:10Z","2019-10-02T16:10Z","EcoCore_CSU","DOC",0.5716,"milligramsPerLiter",2.1,,0,,"OK"
"5dc93e92-d1bc-4bad-80ca-66bf7e80eb1d","D03","SUGG","SUGG.AOS.groundwater.well.005","SUGG.W5.20191003.RAW","A00000075649","2019-10-03T14:20Z","2019-10-03T14:20Z","EcoCore_CSU","TSS - Dry Mass",1700.0000,"microgram",3.7,,0,,"OK"
"3d691441-14bc-46a4-b132-2d8ebf6eda67","D03","SUGG","SUGG.AOS.groundwater.well.005","SUGG.W5.20191003.PCN","A00000075705","2019-10-03T14:20Z","2019-10-03T14:20Z","EcoCore_CSU","TPN",0.1334,"milligram",3.7,,0,,"OK"
"e52a2870-b545-43ea-b0d0-2a8fa476969d","D03","SUGG","SUGG.AOS.groundwater.well.005","SUGG.W5.20191003.RAW","A00000075649","2019-10-03T14:20Z","2019-10-03T14:20Z","EcoCore_CSU","specificConductance",31.2300,"microsiemensPerCentimeter",3.7,,0,,"OK"
"0939482c-620b-4c79-97a0-e99d019b7bcb","D03","SUGG","SUGG.AOS.groundwater.well.005","SUGG.W5.20191003.RAW","A00000075649","2019-10-03T14:20Z","2019-10-03T14:20Z","EcoCore_CSU","ANC",0.1500,"milliequivalentsPerLiter",3.7,,0,,"OK"
"eb07ba78-195f-4779-9929-c2c90031b66d","D03","SUGG","SUGG.AOS.groundwater.well.005","SUGG.W5.20191003.RAW","A00000075649","2019-10-03T14:20Z","2019-10-03T14:20Z","EcoCore_CSU","pH",6.8700,"pH",3.7,,0,,"OK"
"54add0d0-14d3-405c-bda0-8f326f4dc1e3","D03","SUGG","SUGG.AOS.groundwater.well.005","SUGG.W5.20191003.RAW","A00000075649","2019-10-03T14:20Z","2019-10-03T14:20Z","EcoCore_CSU","TSS",34.0000,"milligramsPerLiter",3.7,,0,,"OK"
"a7310808-aa6d-412d-8c0c-6f7f0b7df329","D03","SUGG","SUGG.AOS.groundwater.well.005","SUGG.W5.20191003.FIL","A00000075648","2019-10-03T14:20Z","2019-10-03T14:20Z","EcoCore_CSU","HCO3",6.8500,"milligramsPerLiter",3.7,,0,,"OK"
"0481a5fe-a8f3-46ce-8bd2-361ff6db9205","D03","SUGG","SUGG.AOS.groundwater.well.005","SUGG.W5.20191003.FIL","A00000075648","2019-10-03T14:20Z","2019-10-03T14:20Z","EcoCore_CSU","Ca",4.0800,"milligramsPerLiter",3.7,,0,,"OK"
"a48f5bbc-f7b7-4ac3-82d4-b19d17c761cc","D03","SUGG","SUGG.AOS.groundwater.well.005","SUGG.W5.20191003.FIL","A00000075648","2019-10-03T14:20Z","2019-10-03T14:20Z","EcoCore_CSU","Na",1.4150,"milligramsPerLiter",3.7,,0,,"OK"
"3cf33fa3-685d-4277-9005-0dc6fac38c27","D03","SUGG","SUGG.AOS.groundwater.well.005","SUGG.W5.20191003.FIL","A00000075648","2019-10-03T14:20Z","2019-10-03T14:20Z","EcoCore_CSU","F",0.0050,"milligramsPerLiter",3.7,,0,,"OK"
"477f2966-a0c3-4936-b999-e8a0e1097107","D03","SUGG","SUGG.AOS.groundwater.well.005","SUGG.W5.20191003.FIL","A00000075648","2019-10-03T14:20Z","2019-10-03T14:20Z","EcoCore_CSU","SO4",0.5940,"milligramsPerLiter",3.7,,0,,"OK"
"81fc3533-d700-4786-8a7b-f446a294d418","D03","SUGG","SUGG.AOS.groundwater.well.005","SUGG.W5.20191003.FIL","A00000075648","2019-10-03T14:20Z","2019-10-03T14:20Z","EcoCore_CSU","K",0.0790,"milligramsPerLiter",3.7,,0,,"OK"
"157dca36-219b-4078-9914-598e0af4828a","D03","SUGG","SUGG.AOS.groundwater.well.005","SUGG.W5.20191003.FIL","A00000075648","2019-10-03T14:20Z","2019-10-03T14:20Z","EcoCore_CSU","Br",0.0050,"milligramsPerLiter",3.7,,0,,"OK"
"098a9140-98d2-4133-ba16-65da9f3991ca","D03","SUGG","SUGG.AOS.groundwater.well.005","SUGG.W5.20191003.FIL","A00000075648","2019-10-03T14:20Z","2019-10-03T14:20Z","EcoCore_CSU","CO3",0.0050,"milligramsPerLiter",3.7,,0,,"OK"
"0522559d-380b-4746-9375-e9fecfaf4567","D03","SUGG","SUGG.AOS.groundwater.well.005","SUGG.W5.20191003.FIL","A00000075648","2019-10-03T14:20Z","2019-10-03T14:20Z","EcoCore_CSU","Mg",0.4290,"milligramsPerLiter",3.7,,0,,"OK"
"4858dff4-e21d-4ad0-9e70-10bfcdfea88f","D03","SUGG","SUGG.AOS.groundwater.well.005","SUGG.W5.20191003.FIL","A00000075648","2019-10-03T14:20Z","2019-10-03T14:20Z","EcoCore_CSU","Mn",0.0005,"milligramsPerLiter",3.7,,0,,"OK"
"869a0713-e2a7-4c86-94ab-cf87353b425d","D03","SUGG","SUGG.AOS.groundwater.well.005","SUGG.W5.20191003.FIL","A00000075648","2019-10-03T14:20Z","2019-10-03T14:20Z","EcoCore_CSU","TDP",0.0170,"milligramsPerLiter",3.7,,0,,"OK"
"a46d1e49-38ea-43c6-bfed-eec70cf54a48","D03","SUGG","SUGG.AOS.groundwater.well.005","SUGG.W5.20191003.FIL","A00000075648","2019-10-03T14:20Z","2019-10-03T14:20Z","EcoCore_CSU","Si",3.0430,"milligramsPerLiter",3.7,,0,,"OK"
"b1f548ce-8876-4107-bd4e-48e753dc5d6b","D03","SUGG","SUGG.AOS.groundwater.well.005","SUGG.W5.20191003.FIL","A00000075648","2019-10-03T14:20Z","2019-10-03T14:20Z","EcoCore_CSU","Fe",0.0005,"milligramsPerLiter",3.7,,0,,"OK"
"958c1122-a629-4371-adb6-b0d2a2e72b6a","D03","SUGG","SUGG.AOS.groundwater.well.005","SUGG.W5.20191003.FIL","A00000075648","2019-10-03T14:20Z","2019-10-03T14:20Z","EcoCore_CSU","TDS",22.6300,"milligramsPerLiter",3.7,,0,,"OK"
"c52ce801-4537-4164-9b3d-3e16637b3649","D03","SUGG","SUGG.AOS.groundwater.well.005","SUGG.W5.20191003.FIL","A00000075648","2019-10-03T14:20Z","2019-10-03T14:20Z","EcoCore_CSU","Cl",6.3000,"milligramsPerLiter",3.7,,0,,"OK"
"7c2e4fbe-e1fa-42a2-8579-f6ff762e3710","D03","SUGG","SUGG.AOS.groundwater.well.005","SUGG.W5.20191003.FIL","A00000075648","2019-10-03T14:20Z","2019-10-03T14:20Z","EcoCore_CSU","UV Absorbance (250 nm)",0.0207,,3.7,,0,,"OK"
"2eaee55f-e474-4903-ae80-79cfd89b0cd8","D03","SUGG","SUGG.AOS.groundwater.well.005","SUGG.W5.20191003.FIL","A00000075648","2019-10-03T14:20Z","2019-10-03T14:20Z","EcoCore_CSU","UV Absorbance (280 nm)",0.0163,,1.7,,0,,"OK"
"7e599049-fa04-4463-ac85-cf3d98b81119","D03","SUGG","SUGG.AOS.groundwater.well.005","SUGG.W5.20191003.RAW","A00000075649","2019-10-03T14:20Z","2019-10-03T14:20Z","EcoCore_CSU","TN",0.0798,"milligramsPerLiter",3.7,,0,,"OK"
"c717a966-6344-431c-95e7-504be0a4d4ef","D03","SUGG","SUGG.AOS.groundwater.well.005","SUGG.W5.20191003.RAW","A00000075649","2019-10-03T14:20Z","2019-10-03T14:20Z","EcoCore_CSU","TOC",0.8153,"milligramsPerLiter",3.7,,0,,"OK"
"3a7c73cc-d688-4bb9-a5e2-765214b28add","D03","SUGG","SUGG.AOS.groundwater.well.005","SUGG.W5.20191003.FIL","A00000075648","2019-10-03T14:20Z","2019-10-03T14:20Z","EcoCore_CSU","DIC",2.2700,"milligramsPerLiter",3.7,,0,,"OK"
"2d11f029-d168-4cea-91f5-65164bfbfabf","D03","SUGG","SUGG.AOS.groundwater.well.005","SUGG.W5.20191003.FIL","A00000075648","2019-10-03T14:20Z","2019-10-03T14:20Z","EcoCore_CSU","TDN",0.0900,"milligramsPerLiter",2.1,,0,,"OK"
"c9ef8e16-53d9-459e-8b32-3eacb5a3fff2","D03","SUGG","SUGG.AOS.groundwater.well.005","SUGG.W5.20191003.FIL","A00000075648","2019-10-03T14:20Z","2019-10-03T14:20Z","EcoCore_CSU","DOC",0.7791,"milligramsPerLiter",0.5,,0,,"OK"
"d2a2f760-0ebf-4e10-99f5-fb9a2c8290bd","D03","SUGG","SUGG.AOS.groundwater.well.005","SUGG.W5.20191003.FIL","A00000075648","2019-10-03T14:20Z","2019-10-03T14:20Z","EcoCore_CSU","NO3+NO2 - N",0.0337,"milligramsPerLiter",3.7,,0,,"OK"
"bfa56413-0084-434a-ace9-c950b26f0d7b","D03","SUGG","SUGG.AOS.groundwater.well.005","SUGG.W5.20191003.FIL","A00000075648","2019-10-03T14:20Z","2019-10-03T14:20Z","EcoCore_CSU","NH4 - N",0.0266,"milligramsPerLiter",3.7,,0,,"OK"
"f6122b1e-3830-4a3a-ba2f-3aaa9494ec37","D03","SUGG","SUGG.AOS.groundwater.well.005","SUGG.W5.20191003.FIL","A00000075648","2019-10-03T14:20Z","2019-10-03T14:20Z","EcoCore_CSU","Ortho - P",1.4230,"milligramsPerLiter",3.7,,0,,"OK"
"31c44442-ffd9-48b3-a32e-9c5782f47aec","D03","SUGG","SUGG.AOS.groundwater.well.005","SUGG.W5.20191003.FIL","A00000075648","2019-10-03T14:20Z","2019-10-03T14:20Z","EcoCore_CSU","NO2 - N",-0.0043,"milligramsPerLiter",3.7,,0,,"OK"
"3815c592-51af-432f-929f-c463ae60b46c","D03","SUGG","SUGG.AOS.groundwater.well.005","SUGG.W5.20191003.PCN","A00000075705","2019-10-03T14:20Z","2019-10-03T14:20Z","EcoCore_CSU","TPC",0.1820,"milligram",3.7,,0,,"OK"
"8073e4c6-4a53-413a-8a1a-6b6c3ce05f9c","D03","SUGG","SUGG.AOS.groundwater.well.005","SUGG.W5.20191003.RAW","A00000075649","2019-10-03T14:20Z","2019-10-03T14:20Z","EcoCore_CSU","TP",2.5360,"milligramsPerLiter",3.7,,0,,"OK"
"4de15a6c-f79c-48f1-94b4-9d8b11364f09","D03","SUGG","SUGG.AOS.groundwater.well.006","SUGG.W6.20191003.FIL","A00000075651","2019-10-03T15:56Z","2019-10-03T15:56Z","EcoCore_CSU","NH4 - N",0.0174,"milligramsPerLiter",3.7,,0,,"OK"
"8ce51004-3a76-42d3-9c49-f00f6fc37670","D03","SUGG","SUGG.AOS.groundwater.well.006","SUGG.W6.20191003.FIL","A00000075651","2019-10-03T15:56Z","2019-10-03T15:56Z","EcoCore_CSU","Ortho - P",0.2770,"milligramsPerLiter",3.7,,0,,"OK"
"27c07c2e-ab48-4b9e-a03b-08f46d0a761c","D03","SUGG","SUGG.AOS.groundwater.well.006","SUGG.W6.20191003.PCN","A00000075706","2019-10-03T15:56Z","2019-10-03T15:56Z","EcoCore_CSU","TPN",0.1245,"milligram",3.7,,0,,"OK"
"0eb809b7-b34a-4a26-8296-2ebbfe01347b","D03","SUGG","SUGG.AOS.groundwater.well.006","SUGG.W6.20191003.PCN","A00000075706","2019-10-03T15:56Z","2019-10-03T15:56Z","EcoCore_CSU","TPC",0.1941,"milligram",3.7,,0,,"OK"
"b493e95d-4d3c-43dd-873e-c0ca0a68cf08","D03","SUGG","SUGG.AOS.groundwater.well.006","SUGG.W6.20191003.RAW","A00000075650","2019-10-03T15:56Z","2019-10-03T15:56Z","EcoCore_CSU","TSS",32.0000,"milligramsPerLiter",3.7,,0,,"OK"
"09e23b30-7d8d-4493-b6e1-5dbe5c3d35bc","D03","SUGG","SUGG.AOS.groundwater.well.006","SUGG.W6.20191003.RAW","A00000075650","2019-10-03T15:56Z","2019-10-03T15:56Z","EcoCore_CSU","pH",7.4200,"pH",3.7,,0,,"OK"
"f34b4277-9b1c-43c9-a3ec-1de3cc681606","D03","SUGG","SUGG.AOS.groundwater.well.006","SUGG.W6.20191003.RAW","A00000075650","2019-10-03T15:56Z","2019-10-03T15:56Z","EcoCore_CSU","specificConductance",217.6300,"microsiemensPerCentimeter",3.7,,0,,"OK"
"8d28a9f2-2414-4366-b935-9ec6d515e7d1","D03","SUGG","SUGG.AOS.groundwater.well.006","SUGG.W6.20191003.RAW","A00000075650","2019-10-03T15:56Z","2019-10-03T15:56Z","EcoCore_CSU","TSS - Dry Mass",1600.0000,"microgram",3.7,,0,,"OK"
"df169f88-7e1b-4e1b-a402-97b917a12f10","D03","SUGG","SUGG.AOS.groundwater.well.006","SUGG.W6.20191003.RAW","A00000075650","2019-10-03T15:56Z","2019-10-03T15:56Z","EcoCore_CSU","TP",1.1040,"milligramsPerLiter",3.7,,0,,"OK"
"da7c9c09-65fe-4952-b249-f38563139e73","D03","SUGG","SUGG.AOS.groundwater.well.006","SUGG.W6.20191003.RAW","A00000075650","2019-10-03T15:56Z","2019-10-03T15:56Z","EcoCore_CSU","ANC",2.2500,"milliequivalentsPerLiter",3.7,,0,,"OK"
"2ae50e61-2469-40de-8c91-c320680a97c9","D03","SUGG","SUGG.AOS.groundwater.well.006","SUGG.W6.20191003.FIL","A00000075651","2019-10-03T15:56Z","2019-10-03T15:56Z","EcoCore_CSU","TDP",0.0110,"milligramsPerLiter",3.7,,0,,"OK"
"5943c577-101e-4d37-a286-7ce963a24cb9","D03","SUGG","SUGG.AOS.groundwater.well.006","SUGG.W6.20191003.FIL","A00000075651","2019-10-03T15:56Z","2019-10-03T15:56Z","EcoCore_CSU","F",0.0050,"milligramsPerLiter",3.7,,0,,"OK"
"768118f2-7cba-4d97-8520-a1eb5660eb94","D03","SUGG","SUGG.AOS.groundwater.well.006","SUGG.W6.20191003.FIL","A00000075651","2019-10-03T15:56Z","2019-10-03T15:56Z","EcoCore_CSU","SO4",0.6300,"milligramsPerLiter",3.7,,0,,"OK"
"8d168281-2bf1-4f01-99dc-15d7de27a7fa","D03","SUGG","SUGG.AOS.groundwater.well.006","SUGG.W6.20191003.FIL","A00000075651","2019-10-03T15:56Z","2019-10-03T15:56Z","EcoCore_CSU","Cl",0.0050,"milligramsPerLiter",3.7,,0,,"OK"
"ed213f32-1dd0-4e33-84b7-71f513e7ba3f","D03","SUGG","SUGG.AOS.groundwater.well.006","SUGG.W6.20191003.FIL","A00000075651","2019-10-03T15:56Z","2019-10-03T15:56Z","EcoCore_CSU","Mn",0.0005,"milligramsPerLiter",3.7,,0,,"OK"
"583c73fd-6dc5-4bca-b176-d5cc3d2e64c8","D03","SUGG","SUGG.AOS.groundwater.well.006","SUGG.W6.20191003.FIL","A00000075651","2019-10-03T15:56Z","2019-10-03T15:56Z","EcoCore_CSU","HCO3",130.5900,"milligramsPerLiter",3.7,,0,,"OK"
"a512c620-1482-4549-bbf4-6e6b2b130907","D03","SUGG","SUGG.AOS.groundwater.well.006","SUGG.W6.20191003.FIL","A00000075651","2019-10-03T15:56Z","2019-10-03T15:56Z","EcoCore_CSU","Ca",22.2700,"milligramsPerLiter",3.7,,0,,"OK"
"9e72c4da-cf45-4d2c-ad1e-aa6ad2c874b9","D03","SUGG","SUGG.AOS.groundwater.well.006","SUGG.W6.20191003.FIL","A00000075651","2019-10-03T15:56Z","2019-10-03T15:56Z","EcoCore_CSU","Mg",10.6600,"milligramsPerLiter",3.7,,0,,"OK"
"738e8712-dc12-4158-bd9f-6eee5283028e","D03","SUGG","SUGG.AOS.groundwater.well.006","SUGG.W6.20191003.FIL","A00000075651","2019-10-03T15:56Z","2019-10-03T15:56Z","EcoCore_CSU","Br",0.0050,"milligramsPerLiter",3.7,,0,,"OK"
"8094f9a0-162b-4e69-9720-78f1af281974","D03","SUGG","SUGG.AOS.groundwater.well.006","SUGG.W6.20191003.FIL","A00000075651","2019-10-03T15:56Z","2019-10-03T15:56Z","EcoCore_CSU","TDS",153.2400,"milligramsPerLiter",3.7,,0,,"OK"
"2cba2644-6210-47e0-9b93-fef4346ea798","D03","SUGG","SUGG.AOS.groundwater.well.006","SUGG.W6.20191003.FIL","A00000075651","2019-10-03T15:56Z","2019-10-03T15:56Z","EcoCore_CSU","Fe",0.0005,"milligramsPerLiter",3.7,,0,,"OK"
"3861f121-ccf3-44e5-b3b8-d397f15ecfad","D03","SUGG","SUGG.AOS.groundwater.well.006","SUGG.W6.20191003.FIL","A00000075651","2019-10-03T15:56Z","2019-10-03T15:56Z","EcoCore_CSU","CO3",0.0050,"milligramsPerLiter",3.7,,0,,"OK"
"a82447bd-3698-4539-a145-cc9136c3bf9a","D03","SUGG","SUGG.AOS.groundwater.well.006","SUGG.W6.20191003.FIL","A00000075651","2019-10-03T15:56Z","2019-10-03T15:56Z","EcoCore_CSU","Na",3.8480,"milligramsPerLiter",3.7,,0,,"OK"
"992b1e06-d9cf-4f89-bebc-eec8a3e84987","D03","SUGG","SUGG.AOS.groundwater.well.006","SUGG.W6.20191003.FIL","A00000075651","2019-10-03T15:56Z","2019-10-03T15:56Z","EcoCore_CSU","K",0.0000,"milligramsPerLiter",3.7,,0,,"OK"
"f8ecf6e4-54f8-4b09-a193-ea0d2a2e2e06","D03","SUGG","SUGG.AOS.groundwater.well.006","SUGG.W6.20191003.FIL","A00000075651","2019-10-03T15:56Z","2019-10-03T15:56Z","EcoCore_CSU","Si",3.3460,"milligramsPerLiter",3.7,,0,,"OK"
"c2b9ead9-054e-475d-bb50-0d4b1c6e64a4","D03","SUGG","SUGG.AOS.groundwater.well.006","SUGG.W6.20191003.FIL","A00000075651","2019-10-03T15:56Z","2019-10-03T15:56Z","EcoCore_CSU","UV Absorbance (280 nm)",0.0160,,3.7,,0,,"OK"
"80bd470d-d317-4915-a7aa-afc24d995cdb","D03","SUGG","SUGG.AOS.groundwater.well.006","SUGG.W6.20191003.FIL","A00000075651","2019-10-03T15:56Z","2019-10-03T15:56Z","EcoCore_CSU","UV Absorbance (250 nm)",0.0172,,3.7,,0,,"OK"
"49caba29-c33d-4e77-82dc-eecdbfd50a4d","D03","SUGG","SUGG.AOS.groundwater.well.006","SUGG.W6.20191003.RAW","A00000075650","2019-10-03T15:56Z","2019-10-03T15:56Z","EcoCore_CSU","TN",0.3274,"milligramsPerLiter",3.7,,0,,"OK"
"da607b3e-d917-47bd-98b0-579594dac5c5","D03","SUGG","SUGG.AOS.groundwater.well.006","SUGG.W6.20191003.RAW","A00000075650","2019-10-03T15:56Z","2019-10-03T15:56Z","EcoCore_CSU","TOC",1.9570,"milligramsPerLiter",3.7,,0,,"OK"
"3a265c23-90d9-479f-a0b2-7bb9b28ecec9","D03","SUGG","SUGG.AOS.groundwater.well.006","SUGG.W6.20191003.FIL","A00000075651","2019-10-03T15:56Z","2019-10-03T15:56Z","EcoCore_CSU","DOC",0.8049,"milligramsPerLiter",3.5,,0,,"OK"
"7eb4096d-a255-48eb-bf83-4107cfaafb3d","D03","SUGG","SUGG.AOS.groundwater.well.006","SUGG.W6.20191003.FIL","A00000075651","2019-10-03T15:56Z","2019-10-03T15:56Z","EcoCore_CSU","DIC",30.9200,"milligramsPerLiter",3.7,,0,,"OK"
"a9c79ddd-9924-42d4-9bba-a607ba1585fc","D03","SUGG","SUGG.AOS.groundwater.well.006","SUGG.W6.20191003.FIL","A00000075651","2019-10-03T15:56Z","2019-10-03T15:56Z","EcoCore_CSU","TDN",0.0470,"milligramsPerLiter",3.4,,0,,"OK"
"4f793097-c0dd-422f-9563-26ce5f847f23","D03","SUGG","SUGG.AOS.groundwater.well.006","SUGG.W6.20191003.FIL","A00000075651","2019-10-03T15:56Z","2019-10-03T15:56Z","EcoCore_CSU","NO3+NO2 - N",0.0065,"milligramsPerLiter",3.7,,0,,"OK"
"4198f744-f6b8-4b6e-88b5-9d8a5d32bfa6","D03","SUGG","SUGG.AOS.groundwater.well.006","SUGG.W6.20191003.FIL","A00000075651","2019-10-03T15:56Z","2019-10-03T15:56Z","EcoCore_CSU","NO2 - N",-0.0041,"milligramsPerLiter",3.7,,0,,"OK"
"f2910fd6-5d16-4588-9a7e-ff9155934755","D03","SUGG","SUGG.AOS.groundwater.well.008","SUGG.W8.20191003.RAW","A00000075653","2019-10-03T17:23Z","2019-10-03T17:23Z","EcoCore_CSU","specificConductance",48.4100,"microsiemensPerCentimeter",3.7,,0,,"OK"
"8c5a52e1-4888-42b3-b562-9513afb7469e","D03","SUGG","SUGG.AOS.groundwater.well.008","SUGG.W8.20191003.PCN","A00000075707","2019-10-03T17:23Z","2019-10-03T17:23Z","EcoCore_CSU","TPN",0.1289,"milligram",3.7,,0,,"OK"
"158b5d14-d320-4f09-9772-9811c5db6bf0","D03","SUGG","SUGG.AOS.groundwater.well.008","SUGG.W8.20191003.RAW","A00000075653","2019-10-03T17:23Z","2019-10-03T17:23Z","EcoCore_CSU","pH",4.4900,"pH",3.7,,0,,"OK"
"e545fa9e-dd13-48f4-9f5c-6ba3c22ee85d","D03","SUGG","SUGG.AOS.groundwater.well.008","SUGG.W8.20191003.RAW","A00000075653","2019-10-03T17:23Z","2019-10-03T17:23Z","EcoCore_CSU","TSS",14.0000,"milligramsPerLiter",3.7,,0,,"OK"
"4d9a14c4-9e8d-4319-88fa-fdeaf2fad2ef","D03","SUGG","SUGG.AOS.groundwater.well.008","SUGG.W8.20191003.RAW","A00000075653","2019-10-03T17:23Z","2019-10-03T17:23Z","EcoCore_CSU","TSS - Dry Mass",700.0000,"microgram",3.7,,0,,"OK"
"31e56193-d1fe-4b53-a403-05672e2a03f3","D03","SUGG","SUGG.AOS.groundwater.well.008","SUGG.W8.20191003.RAW","A00000075653","2019-10-03T17:23Z","2019-10-03T17:23Z","EcoCore_CSU","ANC",0.1500,"milliequivalentsPerLiter",3.7,,0,,"OK"
"ba0c6d2e-365b-438b-a49a-21821e87ee48","D03","SUGG","SUGG.AOS.groundwater.well.008","SUGG.W8.20191003.FIL","A00000075652","2019-10-03T17:23Z","2019-10-03T17:23Z","EcoCore_CSU","K",0.6280,"milligramsPerLiter",3.7,,0,,"OK"
"2545ba35-2b22-4621-beae-35b3d5f3be67","D03","SUGG","SUGG.AOS.groundwater.well.008","SUGG.W8.20191003.FIL","A00000075652","2019-10-03T17:23Z","2019-10-03T17:23Z","EcoCore_CSU","Si",6.2350,"milligramsPerLiter",3.7,,0,,"OK"
"e625559b-15e1-498e-bf68-66aa85a43cae","D03","SUGG","SUGG.AOS.groundwater.well.008","SUGG.W8.20191003.FIL","A00000075652","2019-10-03T17:23Z","2019-10-03T17:23Z","EcoCore_CSU","HCO3",7.2800,"milligramsPerLiter",3.7,,0,,"OK"
"27b44ef6-2d24-42ec-88ce-a53463e70f21","D03","SUGG","SUGG.AOS.groundwater.well.008","SUGG.W8.20191003.FIL","A00000075652","2019-10-03T17:23Z","2019-10-03T17:23Z","EcoCore_CSU","SO4",9.1110,"milligramsPerLiter",3.7,,0,,"OK"
"dd9b8f29-44de-47fe-8db2-efcc2bdfae82","D03","SUGG","SUGG.AOS.groundwater.well.008","SUGG.W8.20191003.FIL","A00000075652","2019-10-03T17:23Z","2019-10-03T17:23Z","EcoCore_CSU","Na",7.0840,"milligramsPerLiter",3.7,,0,,"OK"
"9e13acb6-f19d-48b3-a420-d51286c29de5","D03","SUGG","SUGG.AOS.groundwater.well.008","SUGG.W8.20191003.FIL","A00000075652","2019-10-03T17:23Z","2019-10-03T17:23Z","EcoCore_CSU","Br",0.0050,"milligramsPerLiter",3.7,,0,,"OK"
"2cf8257f-354d-4d78-97a8-f13fbffb622d","D03","SUGG","SUGG.AOS.groundwater.well.008","SUGG.W8.20191003.FIL","A00000075652","2019-10-03T17:23Z","2019-10-03T17:23Z","EcoCore_CSU","Mn",0.0070,"milligramsPerLiter",3.7,,0,,"OK"
"5ab37e87-0301-428e-b627-e82a7317d23a","D03","SUGG","SUGG.AOS.groundwater.well.008","SUGG.W8.20191003.FIL","A00000075652","2019-10-03T17:23Z","2019-10-03T17:23Z","EcoCore_CSU","CO3",0.0050,"milligramsPerLiter",3.7,,0,,"OK"
"536c9106-6afb-4f59-8009-35a384dd63ba","D03","SUGG","SUGG.AOS.groundwater.well.008","SUGG.W8.20191003.FIL","A00000075652","2019-10-03T17:23Z","2019-10-03T17:23Z","EcoCore_CSU","Ca",0.9840,"milligramsPerLiter",3.7,,0,,"OK"
"ee516475-4d17-4944-a1ae-4ac45a80b314","D03","SUGG","SUGG.AOS.groundwater.well.008","SUGG.W8.20191003.FIL","A00000075652","2019-10-03T17:23Z","2019-10-03T17:23Z","EcoCore_CSU","Mg",1.2520,"milligramsPerLiter",3.7,,0,,"OK"
"b5b5fc0b-a8fd-4e71-a612-206e7625e9f6","D03","SUGG","SUGG.AOS.groundwater.well.008","SUGG.W8.20191003.FIL","A00000075652","2019-10-03T17:23Z","2019-10-03T17:23Z","EcoCore_CSU","F",0.0050,"milligramsPerLiter",3.7,,0,,"OK"
"b42269f6-d942-47e7-b1a4-5fab097c1c58","D03","SUGG","SUGG.AOS.groundwater.well.008","SUGG.W8.20191003.FIL","A00000075652","2019-10-03T17:23Z","2019-10-03T17:23Z","EcoCore_CSU","Cl",5.8600,"milligramsPerLiter",3.7,,0,,"OK"
"2dcd3c22-db27-4925-8f4b-450cdf658187","D03","SUGG","SUGG.AOS.groundwater.well.008","SUGG.W8.20191003.FIL","A00000075652","2019-10-03T17:23Z","2019-10-03T17:23Z","EcoCore_CSU","TDS",34.5200,"milligramsPerLiter",3.7,,0,,"OK"
"d2f17d02-e165-4d90-891b-9314a8cb7734","D03","SUGG","SUGG.AOS.groundwater.well.008","SUGG.W8.20191003.FIL","A00000075652","2019-10-03T17:23Z","2019-10-03T17:23Z","EcoCore_CSU","TDP",0.0060,"milligramsPerLiter",3.7,,0,,"OK"
"20736893-e363-4a81-af6d-8599fc5c55cc","D03","SUGG","SUGG.AOS.groundwater.well.008","SUGG.W8.20191003.FIL","A00000075652","2019-10-03T17:23Z","2019-10-03T17:23Z","EcoCore_CSU","Fe",1.4100,"milligramsPerLiter",3.7,,0,,"OK"
"58b6b1e6-6d6e-495a-9a8e-4af224210f40","D03","SUGG","SUGG.AOS.groundwater.well.008","SUGG.W8.20191003.FIL","A00000075652","2019-10-03T17:23Z","2019-10-03T17:23Z","EcoCore_CSU","UV Absorbance (250 nm)",0.7504,,3.7,,0,,"OK"
"8be8d82c-932a-48da-b871-a8e743aa1336","D03","SUGG","SUGG.AOS.groundwater.well.008","SUGG.W8.20191003.FIL","A00000075652","2019-10-03T17:23Z","2019-10-03T17:23Z","EcoCore_CSU","UV Absorbance (280 nm)",0.4446,,3.7,,0,,"OK"
"4941be14-5997-4c4f-bc93-8f98916e1edf","D03","SUGG","SUGG.AOS.groundwater.well.008","SUGG.W8.20191003.RAW","A00000075653","2019-10-03T17:23Z","2019-10-03T17:23Z","EcoCore_CSU","TOC",21.3900,"milligramsPerLiter",3.7,,0,,"OK"
"d0326023-18f4-46c1-8fd8-f9e2237d4e13","D03","SUGG","SUGG.AOS.groundwater.well.008","SUGG.W8.20191003.RAW","A00000075653","2019-10-03T17:23Z","2019-10-03T17:23Z","EcoCore_CSU","TN",0.7095,"milligramsPerLiter",3.7,,0,,"OK"
"b220a1ca-7e06-4898-a908-369e99cde162","D03","SUGG","SUGG.AOS.groundwater.well.008","SUGG.W8.20191003.FIL","A00000075652","2019-10-03T17:23Z","2019-10-03T17:23Z","EcoCore_CSU","TDN",0.6590,"milligramsPerLiter",3.4,,0,,"OK"
"e6afdcd5-c103-4d27-b16d-4d3df7600f65","D03","SUGG","SUGG.AOS.groundwater.well.008","SUGG.W8.20191003.FIL","A00000075652","2019-10-03T17:23Z","2019-10-03T17:23Z","EcoCore_CSU","DIC",2.4950,"milligramsPerLiter",3.7,,0,,"OK"
"6709959a-9131-4d66-b93b-632bf48ea904","D03","SUGG","SUGG.AOS.groundwater.well.008","SUGG.W8.20191003.FIL","A00000075652","2019-10-03T17:23Z","2019-10-03T17:23Z","EcoCore_CSU","DOC",23.3300,"milligramsPerLiter",1.0,,0,,"OK"
"8a75f75c-d829-4c5c-a2ec-c110f95ba02d","D03","SUGG","SUGG.AOS.groundwater.well.008","SUGG.W8.20191003.FIL","A00000075652","2019-10-03T17:23Z","2019-10-03T17:23Z","EcoCore_CSU","NO3+NO2 - N",0.0691,"milligramsPerLiter",3.7,,0,,"OK"
"d2f8ff7c-50b4-439d-91f6-3a9ce0a76a88","D03","SUGG","SUGG.AOS.groundwater.well.008","SUGG.W8.20191003.FIL","A00000075652","2019-10-03T17:23Z","2019-10-03T17:23Z","EcoCore_CSU","NO2 - N",-0.0053,"milligramsPerLiter",3.7,,0,,"OK"
"e4c578ac-c835-4efe-88ef-0176526441e2","D03","SUGG","SUGG.AOS.groundwater.well.008","SUGG.W8.20191003.FIL","A00000075652","2019-10-03T17:23Z","2019-10-03T17:23Z","EcoCore_CSU","Ortho - P",0.0370,"milligramsPerLiter",3.7,,0,,"OK"
"2a711865-474f-4094-b8be-19c5c9194905","D03","SUGG","SUGG.AOS.groundwater.well.008","SUGG.W8.20191003.FIL","A00000075652","2019-10-03T17:23Z","2019-10-03T17:23Z","EcoCore_CSU","NH4 - N",0.0577,"milligramsPerLiter",3.7,,0,,"OK"
"d1d35e22-bfb9-46ae-b36b-f67a4c5ac46b","D03","SUGG","SUGG.AOS.groundwater.well.008","SUGG.W8.20191003.PCN","A00000075707","2019-10-03T17:23Z","2019-10-03T17:23Z","EcoCore_CSU","TPC",0.3770,"milligram",3.7,,0,,"OK"
"46097a59-e46e-433e-8192-28a5f91d0ebe","D03","SUGG","SUGG.AOS.groundwater.well.008","SUGG.W8.20191003.RAW","A00000075653","2019-10-03T17:23Z","2019-10-03T17:23Z","EcoCore_CSU","TP",0.0710,"milligramsPerLiter",3.7,,0,,"OK"
