uid,domainID,siteID,namedLocation,decimalLatitude,decimalLongitude,coordinateUncertainty,elevation,elevationUncertainty,geodeticDatum,collectDate,aquaticSiteType,samplingImpractical,waterChemSamplesCollected,adequateSampleVol,parentSampleID,eventID,swcSamplingProtocolVersion,sampleExtractionMethod,samplerType,totalWellDepth,wellWaterDepth,waterColumnHeight,sampleDepth,purgeAverageDischargeRate,purgeTime,gwWellStabilized,purgeDryDateTime,pumpPlacementDate,screenedIntervalDepth,maxAllowableDrawdown,actualDrawdown,MADExceeded,wellVolumePurged,probeIDUnavailable,dissolvedOxygen,dissolvedOxygenSaturation,specificConductance,waterTemp,pH,waterClarityDescrip,waterColorDescrip,aCollectedBy,bCollectedBy,remarks
"1c473968-ba28-48af-8551-250ca331991c","D03","SUGG","SUGG.AOS.groundwater.well.004",29.691331,-82.015778,0.1,34.5,0.1,"WGS84","2019-10-02T16:10Z","lake",,,"Y","SUGG.W4.20191002","SUGG.20191002","NEON.DOC.002905vF","low-flow","Groundwater Pump",14.7,5.0,9.8,6.0,,,,,,,,,,4.2,,5.56,64.50,45.40,21.20,5.31,"clear","colorless","0000-0001-6607-7236","0000-0003-1571-3196",
"08418ed6-1c91-461b-8d68-5d1236ada5fe","D03","SUGG","SUGG.AOS.groundwater.well.005",29.688883,-82.013542,0.1,38.7,0.1,"WGS84","2019-10-03T14:20Z","lake",,,"Y","SUGG.W5.20191003","SUGG.20191003","NEON.DOC.002905vF","low-flow","Groundwater Pump",14.9,8.3,6.6,9.3,,,,,,,,,,2.4,,4.97,55.10,50.00,20.50,5.46,"clear","colorless","0000-0003-1571-3196","0000-0001-6607-7236",
"e810d596-91f5-4ae3-8985-87bed0b62800","D03","SUGG","SUGG.AOS.groundwater.well.006",29.683664,-82.015261,0.1,37.4,0.1,"WGS84","2019-10-03T15:56Z","lake",,,"Y","SUGG.W6.20191003","SUGG.20191003","NEON.DOC.002905vF","low-flow","Groundwater Pump",11.0,8.7,2.3,9.7,,,,,,,,,,2.2,,6.04,70.30,226.80,22.40,6.75,"clear","colorless","0000-0002-7940-8177","0000-0003-1571-3196",
"b1f07453-82b4-42da-a6db-d906836bea68","D03","SUGG","SUGG.AOS.groundwater.well.008",29.684442,-82.017677,0.1,32.1,0.1,"WGS84","2019-10-03T17:23Z","lake",,,"Y","SUGG.W8.20191003","SUGG.20191003","NEON.DOC.002905vF","low-flow","Groundwater Pump",13.0,,,,,,,,,,,,,2.6,,1.32,14.60,105.20,22.40,4.12,"clear","brown","0000-0003-1571-3196","0000-0002-7940-8177",
