uid,domainID,siteID,namedLocation,collectDate,titrationDate,parentSampleID,domainSampleID,remarks,measuredBy,alkMeqPerL,alkMgPerL,ancMeqPerL,ancMgPerL
"b85e6295-a882-4277-8a27-d11bf522be15","D03","SUGG","SUGG.AOS.groundwater.well.004","2019-10-02T16:10Z","2019-10-02T07:30Z","SUGG.W4.20191002","SUGG.W4.20191002.ALK",,"Dorosheff@battelleecology.org",0.120,6.140,,
"0ef10f4b-5567-45b5-9ef3-79d392a7f7d0","D03","SUGG","SUGG.AOS.groundwater.well.005","2019-10-03T14:20Z","2019-10-03T07:15Z","SUGG.W5.20191003","SUGG.W5.20191003.ALK",,"Dorosheff@battelleecology.org",0.130,6.660,,
"33463120-ef94-448d-9cb4-47700f27af0e","D03","SUGG","SUGG.AOS.groundwater.well.006","2019-10-03T15:56Z","2019-10-03T07:45Z","SUGG.W6.20191003","SUGG.W6.20191003.ALK",,"Dorosheff@battelleecology.org",1.900,95.000,,
"fa81b195-efee-4ca3-9eec-cc80bd5a5908","D03","SUGG","SUGG.AOS.groundwater.well.008","2019-10-03T17:23Z","2019-10-03T07:45Z","SUGG.W8.20191003","SUGG.W8.20191003.ALK",,"Dorosheff@battelleecology.org",0.010,0.370,,
