uid,domainID,siteID,namedLocation,sampleID,sampleCode,startDate,collectDate,laboratoryName,analyte,analyteConcentration,analyteUnits,coolerTemp,remarks,shipmentWarmQF,externalLabDataQF,sampleCondition
"4e0a295a-3a93-4747-be77-8df3a5d6eb05","D14","SYCA","SYCA.AOS.groundwater.well.002","SYCA.W2.20180503.FIL","A00000021863","2018-05-03T17:30Z","2018-05-03T17:30Z","EcoCore_CSU","TDS",380.2700,"milligramsPerLiter",6.0,,0,"formatChange","GOOD"
"687fa2ad-e4c2-463d-b351-9a46e1977175","D14","SYCA","SYCA.AOS.groundwater.well.002","SYCA.W2.20180503.RAW","A00000021864","2018-05-03T17:30Z","2018-05-03T17:30Z","EcoCore_CSU","pH",7.5900,"pH",6.0,,0,"formatChange","GOOD"
"3c2f8a8d-c4d4-4226-a989-07b4b3c48b16","D14","SYCA","SYCA.AOS.groundwater.well.002","SYCA.W2.20180503.FIL","A00000021863","2018-05-03T17:30Z","2018-05-03T17:30Z","EcoCore_CSU","NO2 - N",0.0176,"milligramsPerLiter",6.0,,0,"formatChange","GOOD"
"9ea0ef81-8c96-4169-9d6a-87a63575c61d","D14","SYCA","SYCA.AOS.groundwater.well.002","SYCA.W2.20180503.RAW","A00000021864","2018-05-03T17:30Z","2018-05-03T17:30Z","EcoCore_CSU","TSS - Dry Mass",247300.0000,"microgram",6.0,,0,"formatChange","GOOD"
"bfc940bc-d5e9-4a67-a51c-648aefd67ee6","D14","SYCA","SYCA.AOS.groundwater.well.002","SYCA.W2.20180503.FIL","A00000021863","2018-05-03T17:30Z","2018-05-03T17:30Z","EcoCore_CSU","Fe",0.0005,"milligramsPerLiter",6.0,,0,"formatChange","GOOD"
"9b849844-efb7-4f50-937c-f9a22f5563d4","D14","SYCA","SYCA.AOS.groundwater.well.002","SYCA.W2.20180503.FIL","A00000021863","2018-05-03T17:30Z","2018-05-03T17:30Z","EcoCore_CSU","Ortho - P",0.0190,"milligramsPerLiter",6.0,,0,"formatChange","GOOD"
"179c015c-ac28-4a08-88df-883e0d784d26","D14","SYCA","SYCA.AOS.groundwater.well.002","SYCA.W2.20180503.RAW","A00000021864","2018-05-03T17:30Z","2018-05-03T17:30Z","EcoCore_CSU","TN",0.7755,"milligramsPerLiter",6.0,,0,"formatChange","GOOD"
"9b0e3dde-5258-48ec-8ee2-cf28610095af","D14","SYCA","SYCA.AOS.groundwater.well.002","SYCA.W2.20180503.FIL","A00000021863","2018-05-03T17:30Z","2018-05-03T17:30Z","EcoCore_CSU","Br",0.0050,"milligramsPerLiter",6.0,,0,"formatChange","GOOD"
"367aacf1-1f44-45e4-941f-6da665a82c9c","D14","SYCA","SYCA.AOS.groundwater.well.002","SYCA.W2.20180503.FIL","A00000021863","2018-05-03T17:30Z","2018-05-03T17:30Z","EcoCore_CSU","NO3+NO2 - N",0.3429,"milligramsPerLiter",6.0,,0,"formatChange","GOOD"
"bde6a097-b6a1-4b61-b92e-7a56d507ea53","D14","SYCA","SYCA.AOS.groundwater.well.002","SYCA.W2.20180503.RAW","A00000021864","2018-05-03T17:30Z","2018-05-03T17:30Z","EcoCore_CSU","ANC",5.2800,"milliequivalentsPerLiter",6.0,,0,"formatChange","GOOD"
"dc7e1429-a6e3-46e8-8a44-f09b5da7c2e9","D14","SYCA","SYCA.AOS.groundwater.well.002","SYCA.W2.20180503.FIL","A00000021863","2018-05-03T17:30Z","2018-05-03T17:30Z","EcoCore_CSU","TDN",1.2120,"milligramsPerLiter",6.0,,0,"formatChange","GOOD"
"78423b03-587b-4d68-b1fb-fa4d0d57f1a5","D14","SYCA","SYCA.AOS.groundwater.well.002","SYCA.W2.20180503.FIL","A00000021863","2018-05-03T17:30Z","2018-05-03T17:30Z","EcoCore_CSU","K",1.5507,"milligramsPerLiter",6.0,,0,"formatChange","GOOD"
"08e50819-21c0-4ff4-8d01-c53c72fc7537","D14","SYCA","SYCA.AOS.groundwater.well.002","SYCA.W2.20180503.FIL","A00000021863","2018-05-03T17:30Z","2018-05-03T17:30Z","EcoCore_CSU","Si",15.0981,"milligramsPerLiter",6.0,,0,"formatChange","GOOD"
"93d11388-2f2e-4d64-8321-243f9db22ffa","D14","SYCA","SYCA.AOS.groundwater.well.002","SYCA.W2.20180503.FIL","A00000021863","2018-05-03T17:30Z","2018-05-03T17:30Z","EcoCore_CSU","UV Absorbance (280 nm)",1.8039,,6.0,,0,"formatChange","GOOD"
"c92993e0-2835-48c7-966d-4cfe4c27e439","D14","SYCA","SYCA.AOS.groundwater.well.002","SYCA.W2.20180503.RAW","A00000021864","2018-05-03T17:30Z","2018-05-03T17:30Z","EcoCore_CSU","TSS",4946.0000,"milligramsPerLiter",6.0,,0,"formatChange","GOOD"
"a5994ac9-b7d8-49cd-80da-5a00bb48a465","D14","SYCA","SYCA.AOS.groundwater.well.002","SYCA.W2.20180503.FIL","A00000021863","2018-05-03T17:30Z","2018-05-03T17:30Z","EcoCore_CSU","CO3",0.0050,"milligramsPerLiter",6.0,,0,"formatChange","GOOD"
"82597e0d-e1ed-4381-a98e-6f31092aa29a","D14","SYCA","SYCA.AOS.groundwater.well.002","SYCA.W2.20180503.RAW","A00000021864","2018-05-03T17:30Z","2018-05-03T17:30Z","EcoCore_CSU","TP",0.9467,"milligramsPerLiter",6.0,,0,"formatChange","GOOD"
"83d175da-3033-445c-a3d6-9d474dccf542","D14","SYCA","SYCA.AOS.groundwater.well.002","SYCA.W2.20180503.FIL","A00000021863","2018-05-03T17:30Z","2018-05-03T17:30Z","EcoCore_CSU","NH4 - N",0.1256,"milligramsPerLiter",6.0,,0,"formatChange","GOOD"
"02ac3df0-e7f4-4196-a403-f62899b0232b","D14","SYCA","SYCA.AOS.groundwater.well.002","SYCA.W2.20180503.FIL","A00000021863","2018-05-03T17:30Z","2018-05-03T17:30Z","EcoCore_CSU","HCO3",302.1100,"milligramsPerLiter",6.0,,0,"formatChange","GOOD"
"08935064-fdf1-4a26-9329-81d90b026083","D14","SYCA","SYCA.AOS.groundwater.well.002","SYCA.W2.20180503.PCN","A00000022128","2018-05-03T17:30Z","2018-05-03T17:30Z","EcoCore_CSU","TPC",0.4161,"milligram",6.0,,0,"formatChange","GOOD"
"2a05578a-ed83-4a8c-a6cd-33fe606260c1","D14","SYCA","SYCA.AOS.groundwater.well.002","SYCA.W2.20180503.FIL","A00000021863","2018-05-03T17:30Z","2018-05-03T17:30Z","EcoCore_CSU","Mg",22.6030,"milligramsPerLiter",6.0,,0,"formatChange","GOOD"
"969e6ccb-8a2c-40ec-87ee-55b66c1b9919","D14","SYCA","SYCA.AOS.groundwater.well.002","SYCA.W2.20180503.FIL","A00000021863","2018-05-03T17:30Z","2018-05-03T17:30Z","EcoCore_CSU","UV Absorbance (250 nm)",2.1454,,6.0,,0,"formatChange","GOOD"
"69a4f96e-ab6e-4c98-b536-2164b0200e02","D14","SYCA","SYCA.AOS.groundwater.well.002","SYCA.W2.20180503.FIL","A00000021863","2018-05-03T17:30Z","2018-05-03T17:30Z","EcoCore_CSU","Cl",1.2500,"milligramsPerLiter",6.0,,0,"formatChange","GOOD"
"56bf3313-5065-4d51-a185-2ddd25af01e0","D14","SYCA","SYCA.AOS.groundwater.well.002","SYCA.W2.20180503.FIL","A00000021863","2018-05-03T17:30Z","2018-05-03T17:30Z","EcoCore_CSU","Na",25.8200,"milligramsPerLiter",6.0,,0,"formatChange","GOOD"
"edead25a-db8d-41b8-9617-1e6a64256afc","D14","SYCA","SYCA.AOS.groundwater.well.002","SYCA.W2.20180503.FIL","A00000021863","2018-05-03T17:30Z","2018-05-03T17:30Z","EcoCore_CSU","TDP",0.0005,"milligramsPerLiter",6.0,,0,"formatChange","GOOD"
"3583a9af-1f1f-4b7d-99d9-68a2175c3be8","D14","SYCA","SYCA.AOS.groundwater.well.002","SYCA.W2.20180503.RAW","A00000021864","2018-05-03T17:30Z","2018-05-03T17:30Z","EcoCore_CSU","TOC",1.6390,"milligramsPerLiter",6.0,,0,"formatChange","GOOD"
"a864e0f5-9b24-49d9-b12c-b03c0a224adb","D14","SYCA","SYCA.AOS.groundwater.well.002","SYCA.W2.20180503.FIL","A00000021863","2018-05-03T17:30Z","2018-05-03T17:30Z","EcoCore_CSU","Ca",62.8752,"milligramsPerLiter",6.0,,0,"formatChange","GOOD"
"d72a97e4-15c8-46d4-8c0e-0397e66f6bae","D14","SYCA","SYCA.AOS.groundwater.well.002","SYCA.W2.20180503.PCN","A00000022128","2018-05-03T17:30Z","2018-05-03T17:30Z","EcoCore_CSU","TPN",0.1214,"milligram",6.0,,0,"formatChange","GOOD"
"9ac99f00-fa5f-4935-8536-67ad21db86ee","D14","SYCA","SYCA.AOS.groundwater.well.002","SYCA.W2.20180503.FIL","A00000021863","2018-05-03T17:30Z","2018-05-03T17:30Z","EcoCore_CSU","DIC",69.6200,"milligramsPerLiter",6.0,,0,"formatChange","GOOD"
"1de2036a-ebc5-44f5-8b5b-5b168047d338","D14","SYCA","SYCA.AOS.groundwater.well.002","SYCA.W2.20180503.FIL","A00000021863","2018-05-03T17:30Z","2018-05-03T17:30Z","EcoCore_CSU","F",1.5946,"milligramsPerLiter",6.0,,0,"formatChange","GOOD"
"4842a560-aebd-4f27-ba46-5408a057744a","D14","SYCA","SYCA.AOS.groundwater.well.002","SYCA.W2.20180503.FIL","A00000021863","2018-05-03T17:30Z","2018-05-03T17:30Z","EcoCore_CSU","SO4",21.2177,"milligramsPerLiter",6.0,,0,"formatChange","GOOD"
"fa5d6a57-c7be-4e90-b69b-d08899ede073","D14","SYCA","SYCA.AOS.groundwater.well.002","SYCA.W2.20180503.FIL","A00000021863","2018-05-03T17:30Z","2018-05-03T17:30Z","EcoCore_CSU","Mn",0.1884,"milligramsPerLiter",6.0,,0,"formatChange","GOOD"
"1206c51e-50af-4b74-abad-535377c4f1c9","D14","SYCA","SYCA.AOS.groundwater.well.002","SYCA.W2.20180503.RAW","A00000021864","2018-05-03T17:30Z","2018-05-03T17:30Z","EcoCore_CSU","conductivity",544.5000,"microsiemensPerCentimeter",6.0,,0,"formatChange","GOOD"
"81d7fbc2-e522-4aab-8cb1-9361d0a4b33f","D14","SYCA","SYCA.AOS.groundwater.well.002","SYCA.W2.20180503.FIL","A00000021863","2018-05-03T17:30Z","2018-05-03T17:30Z","EcoCore_CSU","DOC",4.9490,"milligramsPerLiter",6.0,,0,"formatChange","GOOD"
