uid,domainID,siteID,namedLocation,decimalLatitude,decimalLongitude,coordinateUncertainty,elevation,elevationUncertainty,geodeticDatum,collectDate,aquaticSiteType,samplingImpractical,waterChemSamplesCollected,adequateSampleVol,parentSampleID,eventID,swcSamplingProtocolVersion,sampleExtractionMethod,samplerType,totalWellDepth,wellWaterDepth,waterColumnHeight,sampleDepth,purgeAverageDischargeRate,purgeTime,gwWellStabilized,purgeDryDateTime,pumpPlacementDate,screenedIntervalDepth,maxAllowableDrawdown,actualDrawdown,MADExceeded,wellVolumePurged,probeIDUnavailable,dissolvedOxygen,dissolvedOxygenSaturation,specificConductance,waterTemp,pH,waterClarityDescrip,waterColorDescrip,aCollectedBy,bCollectedBy,remarks
"8841d03a-f32c-4e2c-89e0-22bde76baf7c","D14","SYCA","SYCA.AOS.groundwater.well.001",33.750514,-111.507112,0.1,646.2,0.1,"WGS84","2018-05-03T15:58Z","stream","shallow groundwater",,,"SYCA.W1.20180503","SYCA.20180503","NEON.DOC.002905vE",,,6.7,6.5,0.2,,,,,,,,,,,,,,,,,,,,"rmore-hla@battelleecology.org","szaunbrecher@neoninc.org",
"4f9e6249-ab62-4ac3-bb7e-96923d5361f9","D14","SYCA","SYCA.AOS.groundwater.well.004",33.750662,-111.507276,0.1,646.2,0.1,"WGS84","2018-05-03T16:02Z","stream","shallow groundwater",,,"SYCA.W4.20180503","SYCA.20180503","NEON.DOC.002905vE",,,6.1,6.0,0.1,,,,,,,,,,,,,,,,,,,,"szaunbrecher@neoninc.org","Rmore-hla@battelleecology.org",
"e898801d-6f6d-47a8-9afc-22830193cc71","D14","SYCA","SYCA.AOS.groundwater.well.003",33.750864,-111.507595,0.1,646.4,0.1,"WGS84","2018-05-03T16:14Z","stream","location dry",,,"SYCA.W3.20180503","SYCA.20180503","NEON.DOC.002905vE",,,6.0,5.9,0.0,,,,,,,,,,,,,,,,,,,,"szaunbrecher@neoninc.org","Rmore-hla@battelleecology.org",
"4e542cb4-56dc-4ec4-afc6-3424392fb3ed","D14","SYCA","SYCA.AOS.groundwater.well.002",33.750561,-111.507255,0.1,646.1,0.1,"WGS84","2018-05-03T17:30Z","stream",,,,"SYCA.W2.20180503","SYCA.20180503","NEON.DOC.002905vE","bailer tube","Groundwater Bailer Tube",6.6,6.3,0.3,,,,,,,,,,,0.6,,5.58,66.20,557.00,3.00,,"opaque","brown","Rmore-hla@battelleecology.org","szaunbrecher@neoninc.org",
