uid,domainID,siteID,namedLocation,collectDate,parentSampleID,sampleCondition,sampleID,replicateNumber,gwwDICBubbleFree,gwwFiltSampleHeadspace,gwwAlkSampleHeadspace,gwwAlkSampleBubbleFree,processedDate,processedDateFilters,sampleVolumeFiltered,shipmentTimeRange
"1bc65e26-0fdb-4351-a340-e6836dde03eb","D08","MAYF","MAYF.AOS.groundwater.well.007","2020-09-02T13:49Z","MAYF.W7.20200902","Sample condition ok","MAYF.W7.20200902",1,,,,,"2020-09-02T13:49Z","2020-09-02T13:49Z",300.0,"within 24 hours of collection"
"586c8cea-9e66-4c01-b399-eab4a67a2385","D08","MAYF","MAYF.AOS.groundwater.well.008","2020-09-02T15:18Z","MAYF.W8.20200902","Sample condition ok","MAYF.W8.20200902",1,,,,,"2020-09-02T15:18Z","2020-09-02T15:18Z",150.0,"within 24 hours of collection"
"0da4da55-9df2-4d94-abfb-f7e178508b28","D08","MAYF","MAYF.AOS.groundwater.well.001","2020-09-02T16:20Z","MAYF.W1.20200902","Sample condition ok","MAYF.W1.20200902",1,,,,,"2020-09-02T16:20Z","2020-09-02T16:20Z",110.0,"within 24 hours of collection"
"6ba5e1f5-845a-4855-af91-c866fe3c0f35","D08","MAYF","MAYF.AOS.groundwater.well.002","2020-09-02T17:56Z","MAYF.W2.20200902","Sample condition ok","MAYF.W2.20200902",1,,,,,"2020-09-02T17:56Z",,100.0,"within 24 hours of collection"
