uid,domainID,siteID,namedLocation,decimalLatitude,decimalLongitude,coordinateUncertainty,elevation,elevationUncertainty,geodeticDatum,collectDate,aquaticSiteType,samplingImpractical,waterChemSamplesCollected,adequateSampleVol,parentSampleID,eventID,swcSamplingProtocolVersion,sampleExtractionMethod,samplerType,totalWellDepth,wellWaterDepth,waterColumnHeight,sampleDepth,purgeAverageDischargeRate,purgeTime,gwWellStabilized,purgeDryDateTime,pumpPlacementDate,screenedIntervalDepth,maxAllowableDrawdown,actualDrawdown,MADExceeded,wellVolumePurged,probeIDUnavailable,dissolvedOxygen,dissolvedOxygenSaturation,specificConductance,waterTemp,pH,waterClarityDescrip,waterColorDescrip,aCollectedBy,bCollectedBy,remarks
"5f856918-ff83-4327-bc18-2720ea48ce8b","D08","MAYF","MAYF.AOS.groundwater.well.007",32.961500,-87.408183,0.1,73.4,0.1,"WGS84","2020-09-02T13:49Z","stream",,"Y","Y","MAYF.W7.20200902","MAYF.20200902","NEON.DOC.002905vG","low-flow","Grab",4.4,2.9,1.5,,387.0,11.0,,,,,,,,4.3,,5.20,57.00,25.00,20.10,5.49,"clear","colorless","0000-0003-0236-373X","0000-0003-1334-3275",
"537f676d-e9ab-4afc-9033-6a6fce86205a","D08","MAYF","MAYF.AOS.groundwater.well.008",32.961683,-87.408343,0.1,73.3,0.1,"WGS84","2020-09-02T15:18Z","stream",,"Y","Y","MAYF.W8.20200902","MAYF.20200902","NEON.DOC.002905vG","low-flow","Grab",4.2,2.6,1.6,,221.1,9.0,,,,,,,,2.0,,3.10,35.00,26.60,22.60,4.68,"cloudy","gray","0000-0003-0236-373X","0000-0003-1334-3275",
"5db55038-fc41-49d9-809a-bfd27e37242c","D08","MAYF","MAYF.AOS.groundwater.well.001",32.960474,-87.407728,0.1,73.6,0.1,"WGS84","2020-09-02T16:20Z","stream",,"Y","Y","MAYF.W1.20200902","MAYF.20200902","NEON.DOC.002905vG","low-flow","Grab",3.6,2.2,1.4,,165.9,16.0,,,,,,,,2.7,"Dissolved Oxygen",2.30,27.00,32.50,22.50,5.14,"cloudy","brown","0000-0003-0236-373X","0000-0003-1334-3275",
"babaea97-dc95-430c-a8c4-844e9f0cb422","D08","MAYF","MAYF.AOS.groundwater.well.002",32.960465,-87.407917,0.1,73.5,0.1,"WGS84","2020-09-02T17:56Z","stream",,"Y","Y","MAYF.W2.20200902","MAYF.20200902","NEON.DOC.002905vG","low-flow","Grab",3.8,2.0,1.7,,207.2,15.0,,,,,,,,3.1,,3.20,37.00,23.40,23.60,5.05,"cloudy","brown","0000-0003-0236-373X","0000-0003-1334-3275",
