uid,domainID,siteID,namedLocation,collectDate,titrationDate,parentSampleID,domainSampleID,remarks,measuredBy,alkMeqPerL,alkMgPerL,ancMeqPerL,ancMgPerL
"16b8a950-72b8-42e7-abc2-6789ff213939","D08","MAYF","MAYF.AOS.groundwater.well.007","2020-09-02T13:49Z","2020-09-02T12:52Z","MAYF.W7.20200902","MAYF.W7.20200902.ALK",,"lindauer@battelleecology.org",0.140,6.800,,
"0d6367b4-8ff4-4531-a65e-c36c3758091b","D08","MAYF","MAYF.AOS.groundwater.well.008","2020-09-02T15:18Z","2020-09-02T14:20Z","MAYF.W8.20200902","MAYF.W8.20200902.ALK",,"lindauer@battelleecology.org",0.050,2.570,,
"4c7287f1-2109-42c0-8d67-8deb3b708b7c","D08","MAYF","MAYF.AOS.groundwater.well.001","2020-09-02T16:20Z","2020-09-03T15:10Z","MAYF.W1.20200902","MAYF.W1.20200902.ALK",,"lindauer@battelleecology.org",0.150,7.530,,
"90664ac2-608b-47c0-9f42-138413af37bf","D08","MAYF","MAYF.AOS.groundwater.well.002","2020-09-02T17:56Z","2020-09-03T16:00Z","MAYF.W2.20200902","MAYF.W2.20200902.ALK",,"lindauer@battelleecology.org",0.060,3.180,,
