uid,domainID,siteID,namedLocation,sampleID,sampleCode,startDate,collectDate,laboratoryName,analyte,analyteConcentration,analyteUnits,coolerTemp,remarks,shipmentWarmQF,externalLabDataQF,sampleCondition
"1b330cac-4370-4030-bf74-b0a920c3902d","D10","ARIK","ARIK.AOS.groundwater.well.002","ARIK.W2.20170816.RAW",,"2017-08-16T15:06Z","2017-08-16T15:06Z","EcoCore_CSU","ANC",3.8600,"milliequivalentsPerLiter",13.9,,1,"formatChange","GOOD"
"bbf0faff-84e6-4a05-bbd0-fe05e185e9f8","D10","ARIK","ARIK.AOS.groundwater.well.002","ARIK.W2.20170816.FIL",,"2017-08-16T15:06Z","2017-08-16T15:06Z","EcoCore_CSU","TDP",0.0005,"milligramsPerLiter",13.9,,1,"formatChange","GOOD"
"50faa03b-e355-4304-8336-12539a897b6e","D10","ARIK","ARIK.AOS.groundwater.well.002","ARIK.W2.20170816.FIL",,"2017-08-16T15:06Z","2017-08-16T15:06Z","EcoCore_CSU","K",6.1109,"milligramsPerLiter",13.9,,1,"formatChange","GOOD"
"a1e1530b-6344-4ec3-8766-20b47fcee7ef","D10","ARIK","ARIK.AOS.groundwater.well.002","ARIK.W2.20170816.RAW",,"2017-08-16T15:06Z","2017-08-16T15:06Z","EcoCore_CSU","TN",1.8310,"milligramsPerLiter",13.9,,1,"formatChange","GOOD"
"c35aae55-7d4a-42d0-a8d6-5f475974752d","D10","ARIK","ARIK.AOS.groundwater.well.002","ARIK.W2.20170816.FIL",,"2017-08-16T15:06Z","2017-08-16T15:06Z","EcoCore_CSU","DOC",0.5932,"milligramsPerLiter",13.9,,1,"formatChange","GOOD"
"88fc750e-7ee6-4f98-afed-f21bd8395e53","D10","ARIK","ARIK.AOS.groundwater.well.002","ARIK.W2.20170816.FIL",,"2017-08-16T15:06Z","2017-08-16T15:06Z","EcoCore_CSU","Fe",0.0005,"milligramsPerLiter",13.9,,1,"formatChange","GOOD"
"d25040fd-1ef7-4e13-b9e4-14118a5ef294","D10","ARIK","ARIK.AOS.groundwater.well.002","ARIK.W2.20170816.FIL",,"2017-08-16T15:06Z","2017-08-16T15:06Z","EcoCore_CSU","Ortho - P",0.0280,"milligramsPerLiter",13.9,,1,"formatChange","GOOD"
"e79f2653-bb0f-4137-8c87-e5ea65139d9b","D10","ARIK","ARIK.AOS.groundwater.well.002","ARIK.W2.20170816.FIL",,"2017-08-16T15:06Z","2017-08-16T15:06Z","EcoCore_CSU","TDN",1.8540,"milligramsPerLiter",13.9,,1,"formatChange","GOOD"
"299a41f6-a3e8-4bb5-8824-b8a044b9e8d6","D10","ARIK","ARIK.AOS.groundwater.well.002","ARIK.W2.20170816.FIL",,"2017-08-16T15:06Z","2017-08-16T15:06Z","EcoCore_CSU","NO2 - N",-0.0073,"milligramsPerLiter",13.9,,1,"formatChange","GOOD"
"55c1c159-daef-490d-81cb-dc939c90cb18","D10","ARIK","ARIK.AOS.groundwater.well.002","ARIK.W2.20170816.PCN",,"2017-08-16T15:06Z","2017-08-16T15:06Z","EcoCore_CSU","TPN",0.1002,"milligram",13.9,,1,"formatChange","GOOD"
"792df23f-cc56-4ed1-bc2d-5f9fdafc1069","D10","ARIK","ARIK.AOS.groundwater.well.002","ARIK.W2.20170816.FIL",,"2017-08-16T15:06Z","2017-08-16T15:06Z","EcoCore_CSU","Mn",0.0011,"milligramsPerLiter",13.9,,1,"formatChange","GOOD"
"91e13b68-2754-41ef-8efa-4495678714e0","D10","ARIK","ARIK.AOS.groundwater.well.002","ARIK.W2.20170816.FIL",,"2017-08-16T15:06Z","2017-08-16T15:06Z","EcoCore_CSU","Si",25.4730,"milligramsPerLiter",13.9,,1,"formatChange","GOOD"
"850d6bbd-187b-4b47-9b8b-eec6adad982a","D10","ARIK","ARIK.AOS.groundwater.well.002","ARIK.W2.20170816.FIL",,"2017-08-16T15:06Z","2017-08-16T15:06Z","EcoCore_CSU","DIC",43.1300,"milligramsPerLiter",13.9,,1,"formatChange","GOOD"
"232ee239-e2f5-4bb1-83df-bc8e5fb87db4","D10","ARIK","ARIK.AOS.groundwater.well.002","ARIK.W2.20170816.FIL",,"2017-08-16T15:06Z","2017-08-16T15:06Z","EcoCore_CSU","CO3",0.0000,"milligramsPerLiter",13.9,,1,"formatChange","GOOD"
"50047aae-efa7-4b88-8a8f-4a8d9ce9cbce","D10","ARIK","ARIK.AOS.groundwater.well.002","ARIK.W2.20170816.PCN",,"2017-08-16T15:06Z","2017-08-16T15:06Z","EcoCore_CSU","TPC",0.3179,"milligram",13.9,,1,"formatChange","GOOD"
"ea141b72-b7f3-4928-8d6b-5a3f088dac06","D10","ARIK","ARIK.AOS.groundwater.well.002","ARIK.W2.20170816.FIL",,"2017-08-16T15:06Z","2017-08-16T15:06Z","EcoCore_CSU","Na",18.4030,"milligramsPerLiter",13.9,,1,"formatChange","GOOD"
"8b61989a-15e1-4e06-80a3-7e26b5cd50ba","D10","ARIK","ARIK.AOS.groundwater.well.002","ARIK.W2.20170816.FIL",,"2017-08-16T15:06Z","2017-08-16T15:06Z","EcoCore_CSU","NO3+NO2 - N",1.8843,"milligramsPerLiter",13.9,,1,"formatChange","GOOD"
"2716e70c-baad-436c-b7f8-a1e792c9692a","D10","ARIK","ARIK.AOS.groundwater.well.002","ARIK.W2.20170816.FIL",,"2017-08-16T15:06Z","2017-08-16T15:06Z","EcoCore_CSU","UV Absorbance (280 nm)",0.0053,,13.9,,1,"formatChange","GOOD"
"f043613a-6d79-4e79-9ba2-c52f98e4b771","D10","ARIK","ARIK.AOS.groundwater.well.002","ARIK.W2.20170816.FIL",,"2017-08-16T15:06Z","2017-08-16T15:06Z","EcoCore_CSU","HCO3",230.9800,"milligramsPerLiter",13.9,,1,"formatChange","GOOD"
"ec6b4c21-37d3-408d-a8fd-ab89c07afcf6","D10","ARIK","ARIK.AOS.groundwater.well.002","ARIK.W2.20170816.FIL",,"2017-08-16T15:06Z","2017-08-16T15:06Z","EcoCore_CSU","Cl",6.4001,"milligramsPerLiter",13.9,,1,"formatChange","GOOD"
"b40a1ecb-9ef1-473e-834f-f207c2c99eb2","D10","ARIK","ARIK.AOS.groundwater.well.002","ARIK.W2.20170816.RAW",,"2017-08-16T15:06Z","2017-08-16T15:06Z","EcoCore_CSU","TSS - Dry Mass",600.0000,"microgram",13.9,,1,"formatChange","GOOD"
"012126c8-52bb-4654-bbea-4bedb47299fe","D10","ARIK","ARIK.AOS.groundwater.well.002","ARIK.W2.20170816.RAW",,"2017-08-16T15:06Z","2017-08-16T15:06Z","EcoCore_CSU","TP",0.0049,"milligramsPerLiter",13.9,,1,"formatChange","GOOD"
"77729c86-4669-485a-bff9-07d573b3687a","D10","ARIK","ARIK.AOS.groundwater.well.002","ARIK.W2.20170816.FIL",,"2017-08-16T15:06Z","2017-08-16T15:06Z","EcoCore_CSU","SO4",13.0138,"milligramsPerLiter",13.9,,1,"formatChange","GOOD"
"d9d08f1f-539b-4c35-926f-6cbeac17b7d9","D10","ARIK","ARIK.AOS.groundwater.well.002","ARIK.W2.20170816.FIL",,"2017-08-16T15:06Z","2017-08-16T15:06Z","EcoCore_CSU","UV Absorbance (250 nm)",0.0116,,13.9,,1,"formatChange","GOOD"
"f4b200e1-8231-4f2d-8158-1e4aa42ca4e1","D10","ARIK","ARIK.AOS.groundwater.well.002","ARIK.W2.20170816.RAW",,"2017-08-16T15:06Z","2017-08-16T15:06Z","EcoCore_CSU","pH",8.3800,"pH",13.9,,1,"formatChange","GOOD"
"44f52a48-326b-4a4f-b862-d9bc2c210606","D10","ARIK","ARIK.AOS.groundwater.well.002","ARIK.W2.20170816.RAW",,"2017-08-16T15:06Z","2017-08-16T15:06Z","EcoCore_CSU","TOC",0.3691,"milligramsPerLiter",13.9,,1,"formatChange","GOOD"
"4bf029f9-d805-4b17-b00e-b978e6e009a1","D10","ARIK","ARIK.AOS.groundwater.well.002","ARIK.W2.20170816.FIL",,"2017-08-16T15:06Z","2017-08-16T15:06Z","EcoCore_CSU","Br",0.0050,"milligramsPerLiter",13.9,,1,"formatChange","GOOD"
"8c1f9cee-9c63-4134-8e65-efb61bb344a2","D10","ARIK","ARIK.AOS.groundwater.well.002","ARIK.W2.20170816.FIL",,"2017-08-16T15:06Z","2017-08-16T15:06Z","EcoCore_CSU","NH4 - N",0.0317,"milligramsPerLiter",13.9,,1,"formatChange","GOOD"
"ca01b980-1136-4b34-bd59-9e8388143537","D10","ARIK","ARIK.AOS.groundwater.well.002","ARIK.W2.20170816.FIL",,"2017-08-16T15:06Z","2017-08-16T15:06Z","EcoCore_CSU","Ca",36.0800,"milligramsPerLiter",13.9,,1,"formatChange","GOOD"
"009c09d7-6178-453c-a25e-99eaaaab359a","D10","ARIK","ARIK.AOS.groundwater.well.002","ARIK.W2.20170816.RAW",,"2017-08-16T15:06Z","2017-08-16T15:06Z","EcoCore_CSU","TSS",12.0000,"milligramsPerLiter",13.9,,1,"formatChange","GOOD"
"ec231a21-8ae6-4e3d-a0c0-bf84c8f370d4","D10","ARIK","ARIK.AOS.groundwater.well.002","ARIK.W2.20170816.FIL",,"2017-08-16T15:06Z","2017-08-16T15:06Z","EcoCore_CSU","Mg",12.3080,"milligramsPerLiter",13.9,,1,"formatChange","GOOD"
"13e21bd8-5fda-4d6f-87d8-ff345cc7b061","D10","ARIK","ARIK.AOS.groundwater.well.002","ARIK.W2.20170816.FIL",,"2017-08-16T15:06Z","2017-08-16T15:06Z","EcoCore_CSU","TDS",259.3000,"milligramsPerLiter",13.9,,1,"formatChange","GOOD"
"f00293d6-b6fb-48d3-913f-d4a26330900d","D10","ARIK","ARIK.AOS.groundwater.well.002","ARIK.W2.20170816.RAW",,"2017-08-16T15:06Z","2017-08-16T15:06Z","EcoCore_CSU","conductivity",372.3000,"microsiemensPerCentimeter",13.9,,1,"formatChange","GOOD"
"1682d112-1431-4030-8fbc-a85b62c6e340","D10","ARIK","ARIK.AOS.groundwater.well.002","ARIK.W2.20170816.FIL",,"2017-08-16T15:06Z","2017-08-16T15:06Z","EcoCore_CSU","F",1.1840,"milligramsPerLiter",13.9,,1,"formatChange","GOOD"
"cc452287-5877-41fa-b1cc-ffc59a0a53b4","D10","ARIK","ARIK.AOS.groundwater.well.005","ARIK.W5.20170816.FIL",,"2017-08-16T16:01Z","2017-08-16T16:01Z","EcoCore_CSU","NH4 - N",0.0902,"milligramsPerLiter",13.9,,1,"formatChange","GOOD"
"426ba74b-1107-40ac-9819-62095d7996d3","D10","ARIK","ARIK.AOS.groundwater.well.005","ARIK.W5.20170816.FIL",,"2017-08-16T16:01Z","2017-08-16T16:01Z","EcoCore_CSU","Br",0.0050,"milligramsPerLiter",13.9,,1,"formatChange","GOOD"
"460d9eba-d61e-4757-939d-6de0c00263fd","D10","ARIK","ARIK.AOS.groundwater.well.005","ARIK.W5.20170816.RAW",,"2017-08-16T16:01Z","2017-08-16T16:01Z","EcoCore_CSU","TN",0.1085,"milligramsPerLiter",13.9,,1,"formatChange","GOOD"
"77167622-534d-4172-870a-8000c0ef3d8d","D10","ARIK","ARIK.AOS.groundwater.well.005","ARIK.W5.20170816.FIL",,"2017-08-16T16:01Z","2017-08-16T16:01Z","EcoCore_CSU","NO3+NO2 - N",0.0451,"milligramsPerLiter",13.9,,1,"formatChange","GOOD"
"a4a0bc9e-6ebc-4ba2-9457-6e72d6b8f758","D10","ARIK","ARIK.AOS.groundwater.well.005","ARIK.W5.20170816.PCN",,"2017-08-16T16:01Z","2017-08-16T16:01Z","EcoCore_CSU","TPN",0.1045,"milligram",13.9,,1,"formatChange","GOOD"
"a3449b98-a2a7-43a6-a705-fcf163cd260d","D10","ARIK","ARIK.AOS.groundwater.well.005","ARIK.W5.20170816.FIL",,"2017-08-16T16:01Z","2017-08-16T16:01Z","EcoCore_CSU","K",6.9480,"milligramsPerLiter",13.9,,1,"formatChange","GOOD"
"7d7f4d7c-fce2-4840-b103-ec2fd304c562","D10","ARIK","ARIK.AOS.groundwater.well.005","ARIK.W5.20170816.FIL",,"2017-08-16T16:01Z","2017-08-16T16:01Z","EcoCore_CSU","UV Absorbance (280 nm)",0.0468,,13.9,,1,"formatChange","GOOD"
"84f42dd6-c892-45f7-8025-e2f079b986f3","D10","ARIK","ARIK.AOS.groundwater.well.005","ARIK.W5.20170816.FIL",,"2017-08-16T16:01Z","2017-08-16T16:01Z","EcoCore_CSU","F",1.1702,"milligramsPerLiter",13.9,,1,"formatChange","GOOD"
"daf89af8-cc86-4ab0-baae-58c3e0688fda","D10","ARIK","ARIK.AOS.groundwater.well.005","ARIK.W5.20170816.FIL",,"2017-08-16T16:01Z","2017-08-16T16:01Z","EcoCore_CSU","UV Absorbance (250 nm)",0.0702,,13.9,,1,"formatChange","GOOD"
"7282ad8c-4c7c-4db0-bcd8-c219a8dc432c","D10","ARIK","ARIK.AOS.groundwater.well.005","ARIK.W5.20170816.FIL",,"2017-08-16T16:01Z","2017-08-16T16:01Z","EcoCore_CSU","Na",23.5650,"milligramsPerLiter",13.9,,1,"formatChange","GOOD"
"53210788-021f-40e7-98cb-05424e46d004","D10","ARIK","ARIK.AOS.groundwater.well.005","ARIK.W5.20170816.FIL",,"2017-08-16T16:01Z","2017-08-16T16:01Z","EcoCore_CSU","SO4",7.9015,"milligramsPerLiter",13.9,,1,"formatChange","GOOD"
"49c5b225-1d03-41e0-8a9d-d3c680b9535b","D10","ARIK","ARIK.AOS.groundwater.well.005","ARIK.W5.20170816.FIL",,"2017-08-16T16:01Z","2017-08-16T16:01Z","EcoCore_CSU","Ca",60.1320,"milligramsPerLiter",13.9,,1,"formatChange","GOOD"
"0c8ce3ea-4df4-4f19-bb4b-1bdd059c5adc","D10","ARIK","ARIK.AOS.groundwater.well.005","ARIK.W5.20170816.FIL",,"2017-08-16T16:01Z","2017-08-16T16:01Z","EcoCore_CSU","Ortho - P",0.0330,"milligramsPerLiter",13.9,,1,"formatChange","GOOD"
"b84de4fd-58c0-4d2a-b7f7-c099057fd040","D10","ARIK","ARIK.AOS.groundwater.well.005","ARIK.W5.20170816.FIL",,"2017-08-16T16:01Z","2017-08-16T16:01Z","EcoCore_CSU","CO3",0.0000,"milligramsPerLiter",13.9,,1,"formatChange","GOOD"
"ebfbb9cf-c8c7-4494-96ee-0005e443cab9","D10","ARIK","ARIK.AOS.groundwater.well.005","ARIK.W5.20170816.FIL",,"2017-08-16T16:01Z","2017-08-16T16:01Z","EcoCore_CSU","Cl",8.9144,"milligramsPerLiter",13.9,,1,"formatChange","GOOD"
"3c46d20d-6902-4c8d-a88f-5df267534e45","D10","ARIK","ARIK.AOS.groundwater.well.005","ARIK.W5.20170816.RAW",,"2017-08-16T16:01Z","2017-08-16T16:01Z","EcoCore_CSU","TOC",2.2480,"milligramsPerLiter",13.9,,1,"formatChange","GOOD"
"8ee78c56-bc97-4185-ba8a-2c6a077a8f06","D10","ARIK","ARIK.AOS.groundwater.well.005","ARIK.W5.20170816.FIL",,"2017-08-16T16:01Z","2017-08-16T16:01Z","EcoCore_CSU","NO2 - N",0.0319,"milligramsPerLiter",13.9,,1,"formatChange","GOOD"
"db2cbc32-0179-49cf-b5b1-6046a5f248c7","D10","ARIK","ARIK.AOS.groundwater.well.005","ARIK.W5.20170816.RAW",,"2017-08-16T16:01Z","2017-08-16T16:01Z","EcoCore_CSU","pH",7.9600,"pH",13.9,,1,"formatChange","GOOD"
"12721aa1-bf8f-40d8-a02a-31c859ac90bc","D10","ARIK","ARIK.AOS.groundwater.well.005","ARIK.W5.20170816.RAW",,"2017-08-16T16:01Z","2017-08-16T16:01Z","EcoCore_CSU","TSS - Dry Mass",500.0000,"microgram",13.9,,1,"formatChange","GOOD"
"b45a843e-d2bd-45c7-b644-8a81511ff5d1","D10","ARIK","ARIK.AOS.groundwater.well.005","ARIK.W5.20170816.FIL",,"2017-08-16T16:01Z","2017-08-16T16:01Z","EcoCore_CSU","DIC",69.4000,"milligramsPerLiter",13.9,,1,"formatChange","GOOD"
"dd0bd7a4-f677-4d5a-a7ea-0387076d4ffb","D10","ARIK","ARIK.AOS.groundwater.well.005","ARIK.W5.20170816.FIL",,"2017-08-16T16:01Z","2017-08-16T16:01Z","EcoCore_CSU","TDS",376.5000,"milligramsPerLiter",13.9,,1,"formatChange","GOOD"
"117ccb7d-6bea-4920-b42b-b27e5fa34bea","D10","ARIK","ARIK.AOS.groundwater.well.005","ARIK.W5.20170816.PCN",,"2017-08-16T16:01Z","2017-08-16T16:01Z","EcoCore_CSU","TPC",0.2902,"milligram",13.9,,1,"formatChange","GOOD"
"e49c2df9-2f8c-43af-a190-92fcd2463065","D10","ARIK","ARIK.AOS.groundwater.well.005","ARIK.W5.20170816.FIL",,"2017-08-16T16:01Z","2017-08-16T16:01Z","EcoCore_CSU","DOC",2.4610,"milligramsPerLiter",13.9,,1,"formatChange","GOOD"
"3d8e57b3-27da-4cc9-a7b7-337283a77fa7","D10","ARIK","ARIK.AOS.groundwater.well.005","ARIK.W5.20170816.FIL",,"2017-08-16T16:01Z","2017-08-16T16:01Z","EcoCore_CSU","Mn",0.1208,"milligramsPerLiter",13.9,,1,"formatChange","GOOD"
"e7096408-6649-42ec-9c1b-c38756001544","D10","ARIK","ARIK.AOS.groundwater.well.005","ARIK.W5.20170816.FIL",,"2017-08-16T16:01Z","2017-08-16T16:01Z","EcoCore_CSU","TDP",0.0261,"milligramsPerLiter",13.9,,1,"formatChange","GOOD"
"b513f138-7be9-49b5-ac7c-3330373b767d","D10","ARIK","ARIK.AOS.groundwater.well.005","ARIK.W5.20170816.FIL",,"2017-08-16T16:01Z","2017-08-16T16:01Z","EcoCore_CSU","Mg",14.4050,"milligramsPerLiter",13.9,,1,"formatChange","GOOD"
"c92833f3-6323-4ab9-b694-9c3ff070aaf4","D10","ARIK","ARIK.AOS.groundwater.well.005","ARIK.W5.20170816.FIL",,"2017-08-16T16:01Z","2017-08-16T16:01Z","EcoCore_CSU","TDN",0.1307,"milligramsPerLiter",13.9,,1,"formatChange","GOOD"
"3e976f04-7aa5-4a8e-bbed-da97ddb1612d","D10","ARIK","ARIK.AOS.groundwater.well.005","ARIK.W5.20170816.RAW",,"2017-08-16T16:01Z","2017-08-16T16:01Z","EcoCore_CSU","TSS",10.0000,"milligramsPerLiter",13.9,,1,"formatChange","GOOD"
"d4d66bf0-7e2a-4b39-9350-3f794086d553","D10","ARIK","ARIK.AOS.groundwater.well.005","ARIK.W5.20170816.RAW",,"2017-08-16T16:01Z","2017-08-16T16:01Z","EcoCore_CSU","TP",0.0310,"milligramsPerLiter",13.9,,1,"formatChange","GOOD"
"f0b919aa-e9a8-4cc9-9657-4cccf3f3e8f5","D10","ARIK","ARIK.AOS.groundwater.well.005","ARIK.W5.20170816.FIL",,"2017-08-16T16:01Z","2017-08-16T16:01Z","EcoCore_CSU","Fe",0.0339,"milligramsPerLiter",13.9,,1,"formatChange","GOOD"
"7986bd13-9640-4612-94c2-adf302b495a2","D10","ARIK","ARIK.AOS.groundwater.well.005","ARIK.W5.20170816.FIL",,"2017-08-16T16:01Z","2017-08-16T16:01Z","EcoCore_CSU","HCO3",329.9900,"milligramsPerLiter",13.9,,1,"formatChange","GOOD"
"f5ef24e5-dc2c-46f3-96c0-422f10bdb0e5","D10","ARIK","ARIK.AOS.groundwater.well.005","ARIK.W5.20170816.RAW",,"2017-08-16T16:01Z","2017-08-16T16:01Z","EcoCore_CSU","ANC",5.5400,"milliequivalentsPerLiter",13.9,,1,"formatChange","GOOD"
"be5cd54c-dd46-4e10-88a9-b7aa74dbb450","D10","ARIK","ARIK.AOS.groundwater.well.005","ARIK.W5.20170816.RAW",,"2017-08-16T16:01Z","2017-08-16T16:01Z","EcoCore_CSU","conductivity",539.2000,"microsiemensPerCentimeter",13.9,,1,"formatChange","GOOD"
"2fbf2274-9dce-4764-8586-4ff21f4fd071","D10","ARIK","ARIK.AOS.groundwater.well.005","ARIK.W5.20170816.FIL",,"2017-08-16T16:01Z","2017-08-16T16:01Z","EcoCore_CSU","Si",25.5050,"milligramsPerLiter",13.9,,1,"formatChange","GOOD"
"9013c662-4129-4290-b246-986ca2e5d2ab","D10","ARIK","ARIK.AOS.groundwater.well.004","ARIK.W4.20170816.FIL",,"2017-08-16T17:11Z","2017-08-16T17:11Z","EcoCore_CSU","Cl",5.7708,"milligramsPerLiter",13.9,,1,"formatChange","GOOD"
"8e9404a2-24eb-4f48-ad1a-3183e3c9c2e5","D10","ARIK","ARIK.AOS.groundwater.well.004","ARIK.W4.20170816.FIL",,"2017-08-16T17:11Z","2017-08-16T17:11Z","EcoCore_CSU","DIC",80.0100,"milligramsPerLiter",13.9,,1,"formatChange","GOOD"
"7b67b35a-ae95-4733-a542-5da58e828cc2","D10","ARIK","ARIK.AOS.groundwater.well.004","ARIK.W4.20170816.FIL",,"2017-08-16T17:11Z","2017-08-16T17:11Z","EcoCore_CSU","Si",28.4340,"milligramsPerLiter",13.9,,1,"formatChange","GOOD"
"99da66ec-cc85-485a-bf43-bf61e2360a48","D10","ARIK","ARIK.AOS.groundwater.well.004","ARIK.W4.20170816.FIL",,"2017-08-16T17:11Z","2017-08-16T17:11Z","EcoCore_CSU","UV Absorbance (250 nm)",0.2122,,13.9,,1,"formatChange","GOOD"
"1899e1b6-92b2-4180-80fe-67dd2ae87fb6","D10","ARIK","ARIK.AOS.groundwater.well.004","ARIK.W4.20170816.PCN",,"2017-08-16T17:11Z","2017-08-16T17:11Z","EcoCore_CSU","TPC",0.2851,"milligram",13.9,,1,"formatChange","GOOD"
"68c5dd6b-9155-4a91-9e23-ee3a89bb35b1","D10","ARIK","ARIK.AOS.groundwater.well.004","ARIK.W4.20170816.FIL",,"2017-08-16T17:11Z","2017-08-16T17:11Z","EcoCore_CSU","CO3",0.0000,"milligramsPerLiter",13.9,,1,"formatChange","GOOD"
"f6454c34-e6dc-4e3e-ae41-4b08ed50472c","D10","ARIK","ARIK.AOS.groundwater.well.004","ARIK.W4.20170816.RAW",,"2017-08-16T17:11Z","2017-08-16T17:11Z","EcoCore_CSU","ANC",6.0800,"milliequivalentsPerLiter",13.9,,1,"formatChange","GOOD"
"aaeffe32-d6a1-4e36-86b9-936a21b72508","D10","ARIK","ARIK.AOS.groundwater.well.004","ARIK.W4.20170816.RAW",,"2017-08-16T17:11Z","2017-08-16T17:11Z","EcoCore_CSU","TN",0.2340,"milligramsPerLiter",13.9,,1,"formatChange","GOOD"
"25daa0e7-4713-46f5-9aca-81c700aa918d","D10","ARIK","ARIK.AOS.groundwater.well.004","ARIK.W4.20170816.RAW",,"2017-08-16T17:11Z","2017-08-16T17:11Z","EcoCore_CSU","TOC",4.2530,"milligramsPerLiter",13.9,,1,"formatChange","GOOD"
"1c5a0b74-aa59-48ed-b9cd-325c1ca4ef4c","D10","ARIK","ARIK.AOS.groundwater.well.004","ARIK.W4.20170816.FIL",,"2017-08-16T17:11Z","2017-08-16T17:11Z","EcoCore_CSU","Ca",63.3380,"milligramsPerLiter",13.9,,1,"formatChange","GOOD"
"ecd0bbb1-af3a-43b4-ac5d-f70228b69997","D10","ARIK","ARIK.AOS.groundwater.well.004","ARIK.W4.20170816.FIL",,"2017-08-16T17:11Z","2017-08-16T17:11Z","EcoCore_CSU","Br",0.0050,"milligramsPerLiter",13.9,,1,"formatChange","GOOD"
"5a5f9ab9-9077-40c4-90e3-1ca43bd7af90","D10","ARIK","ARIK.AOS.groundwater.well.004","ARIK.W4.20170816.FIL",,"2017-08-16T17:11Z","2017-08-16T17:11Z","EcoCore_CSU","SO4",0.5107,"milligramsPerLiter",13.9,,1,"formatChange","GOOD"
"c3fb2cd5-e939-4251-88e6-d43d383b3e9b","D10","ARIK","ARIK.AOS.groundwater.well.004","ARIK.W4.20170816.FIL",,"2017-08-16T17:11Z","2017-08-16T17:11Z","EcoCore_CSU","F",1.4757,"milligramsPerLiter",13.9,,1,"formatChange","GOOD"
"878fcb65-3ac0-40f7-88a5-53f40d4aa8ce","D10","ARIK","ARIK.AOS.groundwater.well.004","ARIK.W4.20170816.FIL",,"2017-08-16T17:11Z","2017-08-16T17:11Z","EcoCore_CSU","Mn",0.3315,"milligramsPerLiter",13.9,,1,"formatChange","GOOD"
"951fb37b-b95e-4a65-8962-dada375930de","D10","ARIK","ARIK.AOS.groundwater.well.004","ARIK.W4.20170816.PCN",,"2017-08-16T17:11Z","2017-08-16T17:11Z","EcoCore_CSU","TPN",0.1013,"milligram",13.9,,1,"formatChange","GOOD"
"e3b81808-246d-4d79-bb3a-502dbe7c7361","D10","ARIK","ARIK.AOS.groundwater.well.004","ARIK.W4.20170816.RAW",,"2017-08-16T17:11Z","2017-08-16T17:11Z","EcoCore_CSU","TP",0.1531,"milligramsPerLiter",13.9,,1,"formatChange","GOOD"
"0373c4de-d808-4caf-b112-eee843184792","D10","ARIK","ARIK.AOS.groundwater.well.004","ARIK.W4.20170816.FIL",,"2017-08-16T17:11Z","2017-08-16T17:11Z","EcoCore_CSU","Fe",0.3495,"milligramsPerLiter",13.9,,1,"formatChange","GOOD"
"52466f21-14c9-4b8f-9525-e60aafcac05a","D10","ARIK","ARIK.AOS.groundwater.well.004","ARIK.W4.20170816.RAW",,"2017-08-16T17:11Z","2017-08-16T17:11Z","EcoCore_CSU","TSS - Dry Mass",200.0000,"microgram",13.9,,1,"formatChange","GOOD"
"33eb5dc3-dd00-4e91-9900-a4e471d2cf3b","D10","ARIK","ARIK.AOS.groundwater.well.004","ARIK.W4.20170816.FIL",,"2017-08-16T17:11Z","2017-08-16T17:11Z","EcoCore_CSU","TDS",418.7000,"milligramsPerLiter",13.9,,1,"formatChange","GOOD"
"4ee2e078-8bdd-414d-b26e-5e9e90b32937","D10","ARIK","ARIK.AOS.groundwater.well.004","ARIK.W4.20170816.FIL",,"2017-08-16T17:11Z","2017-08-16T17:11Z","EcoCore_CSU","TDN",0.3348,"milligramsPerLiter",13.9,,1,"formatChange","GOOD"
"6703a25b-cead-4567-8ef5-2211115a1c38","D10","ARIK","ARIK.AOS.groundwater.well.004","ARIK.W4.20170816.FIL",,"2017-08-16T17:11Z","2017-08-16T17:11Z","EcoCore_CSU","HCO3",362.1600,"milligramsPerLiter",13.9,,1,"formatChange","GOOD"
"5f316daf-aca1-4983-83a5-e973aa46ba14","D10","ARIK","ARIK.AOS.groundwater.well.004","ARIK.W4.20170816.RAW",,"2017-08-16T17:11Z","2017-08-16T17:11Z","EcoCore_CSU","TSS",4.0000,"milligramsPerLiter",13.9,,1,"formatChange","GOOD"
"3f72da5e-af0a-4a3c-8633-72db8d35754b","D10","ARIK","ARIK.AOS.groundwater.well.004","ARIK.W4.20170816.FIL",,"2017-08-16T17:11Z","2017-08-16T17:11Z","EcoCore_CSU","UV Absorbance (280 nm)",0.1567,,13.9,,1,"formatChange","GOOD"
"e2072585-b1f7-4d42-a983-f6a4bd0803f5","D10","ARIK","ARIK.AOS.groundwater.well.004","ARIK.W4.20170816.FIL",,"2017-08-16T17:11Z","2017-08-16T17:11Z","EcoCore_CSU","Na",26.4260,"milligramsPerLiter",13.9,,1,"formatChange","GOOD"
"89da5b13-3a11-4d11-a195-3d208799c921","D10","ARIK","ARIK.AOS.groundwater.well.004","ARIK.W4.20170816.FIL",,"2017-08-16T17:11Z","2017-08-16T17:11Z","EcoCore_CSU","NO2 - N",0.0104,"milligramsPerLiter",13.9,,1,"formatChange","GOOD"
"c46a8418-f76c-486d-b114-24d26b7cb41d","D10","ARIK","ARIK.AOS.groundwater.well.004","ARIK.W4.20170816.FIL",,"2017-08-16T17:11Z","2017-08-16T17:11Z","EcoCore_CSU","NO3+NO2 - N",0.0485,"milligramsPerLiter",13.9,,1,"formatChange","GOOD"
"e493b407-ac81-4a41-b103-eb7934a9da19","D10","ARIK","ARIK.AOS.groundwater.well.004","ARIK.W4.20170816.FIL",,"2017-08-16T17:11Z","2017-08-16T17:11Z","EcoCore_CSU","Mg",16.8430,"milligramsPerLiter",13.9,,1,"formatChange","GOOD"
"e927b1a6-9383-45a9-ae56-859273b1c85a","D10","ARIK","ARIK.AOS.groundwater.well.004","ARIK.W4.20170816.FIL",,"2017-08-16T17:11Z","2017-08-16T17:11Z","EcoCore_CSU","DOC",3.9250,"milligramsPerLiter",13.9,,1,"formatChange","GOOD"
"fb1d6193-7b39-429b-b478-acec8edd74ca","D10","ARIK","ARIK.AOS.groundwater.well.004","ARIK.W4.20170816.FIL",,"2017-08-16T17:11Z","2017-08-16T17:11Z","EcoCore_CSU","K",8.4848,"milligramsPerLiter",13.9,,1,"formatChange","GOOD"
"8e7e79c7-8ec5-4d56-a3e7-3f46936d37d3","D10","ARIK","ARIK.AOS.groundwater.well.004","ARIK.W4.20170816.FIL",,"2017-08-16T17:11Z","2017-08-16T17:11Z","EcoCore_CSU","TDP",0.0261,"milligramsPerLiter",13.9,,1,"formatChange","GOOD"
"faac9294-46ef-4a91-af5e-a4be2750297b","D10","ARIK","ARIK.AOS.groundwater.well.004","ARIK.W4.20170816.RAW",,"2017-08-16T17:11Z","2017-08-16T17:11Z","EcoCore_CSU","pH",8.2900,"pH",13.9,,1,"formatChange","GOOD"
"58529c64-19b6-4b07-9728-cd3a08217291","D10","ARIK","ARIK.AOS.groundwater.well.004","ARIK.W4.20170816.FIL",,"2017-08-16T17:11Z","2017-08-16T17:11Z","EcoCore_CSU","NH4 - N",0.1909,"milligramsPerLiter",13.9,,1,"formatChange","GOOD"
"b8d0c2d7-9350-43af-8588-2a5aff562738","D10","ARIK","ARIK.AOS.groundwater.well.004","ARIK.W4.20170816.RAW",,"2017-08-16T17:11Z","2017-08-16T17:11Z","EcoCore_CSU","conductivity",598.7000,"microsiemensPerCentimeter",13.9,,1,"formatChange","GOOD"
"84b58544-f42e-42a6-a407-8fb6b20ac1b1","D10","ARIK","ARIK.AOS.groundwater.well.004","ARIK.W4.20170816.FIL",,"2017-08-16T17:11Z","2017-08-16T17:11Z","EcoCore_CSU","Ortho - P",0.0350,"milligramsPerLiter",13.9,,1,"formatChange","GOOD"
"ec9155ee-3a33-437d-b68f-8a64796ffff1","D10","ARIK","ARIK.AOS.groundwater.well.001","ARIK.W1.20170816.RAW",,"2017-08-16T18:20Z","2017-08-16T18:20Z","EcoCore_CSU","pH",8.4700,"pH",13.9,,1,"formatChange","GOOD"
"95bce078-5313-4b17-8259-017a6008fbab","D10","ARIK","ARIK.AOS.groundwater.well.001","ARIK.W1.20170816.FIL",,"2017-08-16T18:20Z","2017-08-16T18:20Z","EcoCore_CSU","Ca",38.7330,"milligramsPerLiter",13.9,,1,"formatChange","GOOD"
"cfd778b8-da02-4447-a772-a37e7c038c42","D10","ARIK","ARIK.AOS.groundwater.well.001","ARIK.W1.20170816.RAW",,"2017-08-16T18:20Z","2017-08-16T18:20Z","EcoCore_CSU","TSS - Dry Mass",100.0000,"microgram",13.9,,1,"formatChange","GOOD"
"9a8e23aa-76b7-4404-87bc-f889fe522c88","D10","ARIK","ARIK.AOS.groundwater.well.001","ARIK.W1.20170816.FIL",,"2017-08-16T18:20Z","2017-08-16T18:20Z","EcoCore_CSU","Br",0.0050,"milligramsPerLiter",13.9,,1,"formatChange","GOOD"
"1e8029df-c294-423d-8cea-120d6d37a3bb","D10","ARIK","ARIK.AOS.groundwater.well.001","ARIK.W1.20170816.FIL",,"2017-08-16T18:20Z","2017-08-16T18:20Z","EcoCore_CSU","NH4 - N",0.0275,"milligramsPerLiter",13.9,,1,"formatChange","GOOD"
"5759eafc-e336-4a61-8c6b-5553b2099d4b","D10","ARIK","ARIK.AOS.groundwater.well.001","ARIK.W1.20170816.FIL",,"2017-08-16T18:20Z","2017-08-16T18:20Z","EcoCore_CSU","DOC",0.7984,"milligramsPerLiter",13.9,,1,"formatChange","GOOD"
"1bc3cc7b-b91c-4c40-b51d-f2a148ffb891","D10","ARIK","ARIK.AOS.groundwater.well.001","ARIK.W1.20170816.FIL",,"2017-08-16T18:20Z","2017-08-16T18:20Z","EcoCore_CSU","K",6.2676,"milligramsPerLiter",13.9,,1,"formatChange","GOOD"
"b31d03c6-22d8-4e07-9b13-5306ee3779a2","D10","ARIK","ARIK.AOS.groundwater.well.001","ARIK.W1.20170816.FIL",,"2017-08-16T18:20Z","2017-08-16T18:20Z","EcoCore_CSU","UV Absorbance (280 nm)",0.0122,,13.9,,1,"formatChange","GOOD"
"5fda1977-ceba-47fd-80b8-fc4e3499c437","D10","ARIK","ARIK.AOS.groundwater.well.001","ARIK.W1.20170816.RAW",,"2017-08-16T18:20Z","2017-08-16T18:20Z","EcoCore_CSU","TOC",0.6935,"milligramsPerLiter",13.9,,1,"formatChange","GOOD"
"59ba723e-4299-4ba7-ba87-2ff0c88a17d9","D10","ARIK","ARIK.AOS.groundwater.well.001","ARIK.W1.20170816.FIL",,"2017-08-16T18:20Z","2017-08-16T18:20Z","EcoCore_CSU","UV Absorbance (250 nm)",0.0180,,13.9,,1,"formatChange","GOOD"
"aad629b6-2ce5-4342-82d4-70df657cab03","D10","ARIK","ARIK.AOS.groundwater.well.001","ARIK.W1.20170816.RAW",,"2017-08-16T18:20Z","2017-08-16T18:20Z","EcoCore_CSU","TSS",2.0000,"milligramsPerLiter",13.9,,1,"formatChange","GOOD"
"1f423117-b7b2-4859-9f2a-d69f4a2390b0","D10","ARIK","ARIK.AOS.groundwater.well.001","ARIK.W1.20170816.FIL",,"2017-08-16T18:20Z","2017-08-16T18:20Z","EcoCore_CSU","NO3+NO2 - N",1.2737,"milligramsPerLiter",13.9,,1,"formatChange","GOOD"
"f6592975-ebc5-4ae4-8f4e-6a38b09df88f","D10","ARIK","ARIK.AOS.groundwater.well.001","ARIK.W1.20170816.FIL",,"2017-08-16T18:20Z","2017-08-16T18:20Z","EcoCore_CSU","SO4",15.5862,"milligramsPerLiter",13.9,,1,"formatChange","GOOD"
"f0d0d149-7714-4833-bddf-6fa9563d24d1","D10","ARIK","ARIK.AOS.groundwater.well.001","ARIK.W1.20170816.FIL",,"2017-08-16T18:20Z","2017-08-16T18:20Z","EcoCore_CSU","F",1.1078,"milligramsPerLiter",13.9,,1,"formatChange","GOOD"
"ff1f4547-9774-4833-ab21-5563da171fe0","D10","ARIK","ARIK.AOS.groundwater.well.001","ARIK.W1.20170816.FIL",,"2017-08-16T18:20Z","2017-08-16T18:20Z","EcoCore_CSU","NO2 - N",0.0106,"milligramsPerLiter",13.9,,1,"formatChange","GOOD"
"42f2155b-f072-4494-995e-21cec8fe0719","D10","ARIK","ARIK.AOS.groundwater.well.001","ARIK.W1.20170816.FIL",,"2017-08-16T18:20Z","2017-08-16T18:20Z","EcoCore_CSU","Fe",0.0005,"milligramsPerLiter",13.9,,1,"formatChange","GOOD"
"1839c9ff-efd5-4242-9483-bd87eaef4f0b","D10","ARIK","ARIK.AOS.groundwater.well.001","ARIK.W1.20170816.PCN",,"2017-08-16T18:20Z","2017-08-16T18:20Z","EcoCore_CSU","TPN",0.1004,"milligram",13.9,,1,"formatChange","GOOD"
"b12152e2-25a1-4440-ac6a-466a2a37bc13","D10","ARIK","ARIK.AOS.groundwater.well.001","ARIK.W1.20170816.FIL",,"2017-08-16T18:20Z","2017-08-16T18:20Z","EcoCore_CSU","Mn",0.0015,"milligramsPerLiter",13.9,,1,"formatChange","GOOD"
"8e06f22e-479d-4f46-803d-d78414727e7a","D10","ARIK","ARIK.AOS.groundwater.well.001","ARIK.W1.20170816.FIL",,"2017-08-16T18:20Z","2017-08-16T18:20Z","EcoCore_CSU","Cl",5.5433,"milligramsPerLiter",13.9,,1,"formatChange","GOOD"
"b56ee8cc-ea5f-4ba7-92ef-0c5bc304ffa8","D10","ARIK","ARIK.AOS.groundwater.well.001","ARIK.W1.20170816.FIL",,"2017-08-16T18:20Z","2017-08-16T18:20Z","EcoCore_CSU","Ortho - P",0.0280,"milligramsPerLiter",13.9,,1,"formatChange","GOOD"
"39f186bf-6768-4374-b225-8991fe90e161","D10","ARIK","ARIK.AOS.groundwater.well.001","ARIK.W1.20170816.PCN",,"2017-08-16T18:20Z","2017-08-16T18:20Z","EcoCore_CSU","TPC",0.3023,"milligram",13.9,,1,"formatChange","GOOD"
"9941859f-ee91-42c5-8b5f-650d75519c47","D10","ARIK","ARIK.AOS.groundwater.well.001","ARIK.W1.20170816.FIL",,"2017-08-16T18:20Z","2017-08-16T18:20Z","EcoCore_CSU","TDP",0.0089,"milligramsPerLiter",13.9,,1,"formatChange","GOOD"
"64468431-1a34-4a41-986d-7f72c8dbff17","D10","ARIK","ARIK.AOS.groundwater.well.001","ARIK.W1.20170816.RAW",,"2017-08-16T18:20Z","2017-08-16T18:20Z","EcoCore_CSU","ANC",4.1200,"milliequivalentsPerLiter",13.9,,1,"formatChange","GOOD"
"316ad15a-656b-45bc-825f-c44b898055a9","D10","ARIK","ARIK.AOS.groundwater.well.001","ARIK.W1.20170816.FIL",,"2017-08-16T18:20Z","2017-08-16T18:20Z","EcoCore_CSU","TDS",282.6000,"milligramsPerLiter",13.9,,1,"formatChange","GOOD"
"15e30886-4e12-4560-92a8-78b9de81a2a5","D10","ARIK","ARIK.AOS.groundwater.well.001","ARIK.W1.20170816.FIL",,"2017-08-16T18:20Z","2017-08-16T18:20Z","EcoCore_CSU","TDN",1.1570,"milligramsPerLiter",13.9,,1,"formatChange","GOOD"
"13c14430-02f0-4a98-9b6b-1baecc7627ab","D10","ARIK","ARIK.AOS.groundwater.well.001","ARIK.W1.20170816.RAW",,"2017-08-16T18:20Z","2017-08-16T18:20Z","EcoCore_CSU","conductivity",405.2000,"microsiemensPerCentimeter",13.9,,1,"formatChange","GOOD"
"93f3451e-123d-4ffa-b6cb-232133da6e67","D10","ARIK","ARIK.AOS.groundwater.well.001","ARIK.W1.20170816.RAW",,"2017-08-16T18:20Z","2017-08-16T18:20Z","EcoCore_CSU","TP",0.0391,"milligramsPerLiter",13.9,,1,"formatChange","GOOD"
"305b21fe-726c-41f8-a0ca-839c0bda309e","D10","ARIK","ARIK.AOS.groundwater.well.001","ARIK.W1.20170816.FIL",,"2017-08-16T18:20Z","2017-08-16T18:20Z","EcoCore_CSU","Na",19.5090,"milligramsPerLiter",13.9,,1,"formatChange","GOOD"
"011bade6-4918-432b-bda5-8f515b814fb3","D10","ARIK","ARIK.AOS.groundwater.well.001","ARIK.W1.20170816.FIL",,"2017-08-16T18:20Z","2017-08-16T18:20Z","EcoCore_CSU","HCO3",191.2100,"milligramsPerLiter",13.9,,1,"formatChange","GOOD"
"eb30a2d3-6ba2-4021-8919-8a31d6895004","D10","ARIK","ARIK.AOS.groundwater.well.001","ARIK.W1.20170816.FIL",,"2017-08-16T18:20Z","2017-08-16T18:20Z","EcoCore_CSU","CO3",8.5000,"milligramsPerLiter",13.9,,1,"formatChange","GOOD"
"6548820f-9ded-4b5a-a4a7-f8349e3e2353","D10","ARIK","ARIK.AOS.groundwater.well.001","ARIK.W1.20170816.FIL",,"2017-08-16T18:20Z","2017-08-16T18:20Z","EcoCore_CSU","Si",24.4900,"milligramsPerLiter",13.9,,1,"formatChange","GOOD"
"3407dda9-1e6f-4d9c-8653-75816fb9cd56","D10","ARIK","ARIK.AOS.groundwater.well.001","ARIK.W1.20170816.FIL",,"2017-08-16T18:20Z","2017-08-16T18:20Z","EcoCore_CSU","DIC",47.2500,"milligramsPerLiter",13.9,,1,"formatChange","GOOD"
"b377f0df-d773-48f3-bcb8-02e1150e6e5d","D10","ARIK","ARIK.AOS.groundwater.well.001","ARIK.W1.20170816.FIL",,"2017-08-16T18:20Z","2017-08-16T18:20Z","EcoCore_CSU","Mg",12.7720,"milligramsPerLiter",13.9,,1,"formatChange","GOOD"
"1dc8fd13-d043-4302-a0f1-160303113fbd","D10","ARIK","ARIK.AOS.groundwater.well.001","ARIK.W1.20170816.RAW",,"2017-08-16T18:20Z","2017-08-16T18:20Z","EcoCore_CSU","TN",1.1770,"milligramsPerLiter",13.9,,1,"formatChange","GOOD"
