uid,domainID,siteID,namedLocation,decimalLatitude,decimalLongitude,coordinateUncertainty,elevation,elevationUncertainty,geodeticDatum,collectDate,aquaticSiteType,samplingImpractical,waterChemSamplesCollected,adequateSampleVol,parentSampleID,eventID,swcSamplingProtocolVersion,sampleExtractionMethod,samplerType,totalWellDepth,wellWaterDepth,waterColumnHeight,sampleDepth,purgeAverageDischargeRate,purgeTime,gwWellStabilized,purgeDryDateTime,pumpPlacementDate,screenedIntervalDepth,maxAllowableDrawdown,actualDrawdown,MADExceeded,wellVolumePurged,probeIDUnavailable,dissolvedOxygen,dissolvedOxygenSaturation,specificConductance,waterTemp,pH,waterClarityDescrip,waterColorDescrip,aCollectedBy,bCollectedBy,remarks
"9bad8049-7154-4e67-a68d-87ac48c78903","D10","ARIK","ARIK.AOS.groundwater.well.002",39.757704,-102.447584,0.1,1181.3,0.1,"WGS84","2017-08-16T15:06Z","stream",,,,"ARIK.W2.20170816","ARIK.20170816","NEON.DOC.002905vD","low-flow","Groundwater Pump",9.4,2.7,6.6,3.7,,,,,,,,,,4.0,,4.60,53.90,385.10,16.10,,"clear","colorless","Hschartel@battelleecology.org","Jswenson@battelleecology.org",
"f3da948b-8da2-41ed-abe1-e9302c03ac1b","D10","ARIK","ARIK.AOS.groundwater.well.005",39.759687,-102.448224,0.1,1181.1,0.1,"WGS84","2017-08-16T16:01Z","stream",,,,"ARIK.W5.20170816","ARIK.20170816","NEON.DOC.002905vD","low-flow","Groundwater Pump",9.3,2.5,6.9,3.5,,,,,,,,,,3.6,,0.88,10.00,529.00,15.10,,"clear","colorless","Hschartel@battelleecology.org","Jswenson@battelleecology.org",
"fe9caa03-230f-493a-b920-693dc6c6b253","D10","ARIK","ARIK.AOS.groundwater.well.004",39.760114,-102.451740,0.1,1182.7,0.1,"WGS84","2017-08-16T17:11Z","stream",,,,"ARIK.W4.20170816","ARIK.20170816","NEON.DOC.002905vD","low-flow","Groundwater Pump",8.9,2.3,6.7,3.3,,,,,,,,,,6.1,,1.20,14.60,584.00,18.00,,"clear","colorless","Bnance@Battelleecology.org","Jswenson@battelleecology.org",
"aa08fa88-5eb8-43f4-8d28-ddd50e40b45b","D10","ARIK","ARIK.AOS.groundwater.well.001",39.758068,-102.452221,0.1,1184.4,0.1,"WGS84","2017-08-16T18:20Z","stream",,,,"ARIK.W1.20170816","ARIK.20170816","NEON.DOC.002905vD","low-flow","Groundwater Pump",9.1,3.9,5.1,4.9,,,,,,,,,,4.9,,3.06,34.50,416.40,14.40,,"clear","colorless","Jswenson@battelleecology.org","Rshowalter@battelleecology.org",
