uid,domainID,siteID,namedLocation,collectDate,parentSampleID,sampleCondition,sampleID,replicateNumber,gwwDICBubbleFree,gwwFiltSampleHeadspace,gwwAlkSampleHeadspace,gwwAlkSampleBubbleFree,processedDate,processedDateFilters,sampleVolumeFiltered,shipmentTimeRange
"6cd7935e-e177-47ad-b088-11b0597d56a2","D10","ARIK","ARIK.AOS.groundwater.well.002","2017-08-16T15:06Z","ARIK.W2.20170816","Sample condition ok","ARIK.W2.20170816",1,,,,,"2017-08-16T15:06Z","2017-08-16T17:45Z",550.0,
"fa7fc150-7ae1-4b26-bf46-070a18e0fdb0","D10","ARIK","ARIK.AOS.groundwater.well.005","2017-08-16T16:01Z","ARIK.W5.20170816","Sample condition ok","ARIK.W5.20170816",1,,,,,"2017-08-16T16:01Z","2017-08-16T18:01Z",600.0,
"da183c8d-37d7-4875-abc6-e235e22d1f41","D10","ARIK","ARIK.AOS.groundwater.well.004","2017-08-16T17:11Z","ARIK.W4.20170816","Sample condition ok","ARIK.W4.20170816",1,,,,,"2017-08-16T17:11Z","2017-08-16T18:18Z",800.0,
"dbe685e3-511d-48e1-81dc-4fe44f2a87f9","D10","ARIK","ARIK.AOS.groundwater.well.001","2017-08-16T18:20Z","ARIK.W1.20170816","Sample condition ok","ARIK.W1.20170816",1,,,,,"2017-08-16T18:20Z","2017-08-16T18:45Z",900.0,
