uid,domainID,siteID,namedLocation,collectDate,titrationDate,parentSampleID,domainSampleID,remarks,measuredBy,alkMeqPerL,alkMgPerL,ancMeqPerL,ancMgPerL
"de81cc78-5625-405e-9930-47c5ab8fce73","D10","ARIK","ARIK.AOS.groundwater.well.002","2019-04-02T15:00Z","2019-04-03T14:24Z","ARIK.W2.20190402","ARIK.W2.20190402.ALK","pH10CheckValue: 9.96","hschartel@battelleecology.org",3.500,175.000,,
"26831f31-3194-4e78-b826-0b80c614e0c6","D10","ARIK","ARIK.AOS.groundwater.well.001","2019-04-02T16:25Z","2019-04-03T14:55Z","ARIK.W1.20190402","ARIK.W1.20190402.ALK","pH10CheckValue: 9.96","hschartel@battelleecology.org",3.590,179.000,,
"21bc2768-4b79-492e-8cc5-afdfcd633794","D10","ARIK","ARIK.AOS.groundwater.well.004","2019-04-02T17:45Z","2019-04-03T15:30Z","ARIK.W4.20190402","ARIK.W4.20190402.ALK","pH10CheckValue: 9.96","hschartel@battelleecology.org",6.230,312.000,,
"7195e623-a1f0-43ea-9eba-be9288325e3f","D10","ARIK","ARIK.AOS.groundwater.well.005","2019-04-02T18:55Z","2019-04-03T16:45Z","ARIK.W5.20190402","ARIK.W5.20190402.ALK","pH10CheckValue: 9.96","hschartel@battelleecology.org",6.020,301.000,,
