uid,domainID,siteID,namedLocation,collectDate,parentSampleID,sampleCondition,sampleID,replicateNumber,gwwDICBubbleFree,gwwFiltSampleHeadspace,gwwAlkSampleHeadspace,gwwAlkSampleBubbleFree,processedDate,processedDateFilters,sampleVolumeFiltered,shipmentTimeRange
"ed900c5a-720e-4cb3-b795-9a3f36a4cf22","D10","ARIK","ARIK.AOS.groundwater.well.002","2019-04-02T15:00Z","ARIK.W2.20190402","Sample condition ok","ARIK.W2.20190402",1,,,,,"2019-04-02T15:00Z","2019-04-03T05:00Z",250.0,
"c1828981-c27b-42ce-a004-778e060d2c85","D10","ARIK","ARIK.AOS.groundwater.well.001","2019-04-02T16:25Z","ARIK.W1.20190402","Sample condition ok","ARIK.W1.20190402",1,,,,,"2019-04-02T16:25Z","2019-04-03T05:00Z",400.0,
"05179e08-fe37-44e7-8d23-a98887533a03","D10","ARIK","ARIK.AOS.groundwater.well.004","2019-04-02T17:45Z","ARIK.W4.20190402","Sample condition ok","ARIK.W4.20190402",1,,,,,"2019-04-02T17:45Z","2019-04-04T20:15Z",300.0,
"b1519c29-c459-4b17-a0c0-c3331618a104","D10","ARIK","ARIK.AOS.groundwater.well.005","2019-04-02T18:55Z","ARIK.W5.20190402","Sample condition ok","ARIK.W5.20190402",1,,,,,"2019-04-02T18:55Z","2019-04-04T20:16Z",250.0,
