uid,domainID,siteID,namedLocation,sampleID,sampleCode,startDate,collectDate,laboratoryName,analyte,analyteConcentration,analyteUnits,coolerTemp,remarks,shipmentWarmQF,externalLabDataQF,sampleCondition
"44ede76a-b738-4a2c-9294-cb8274523bc5","D10","ARIK","ARIK.AOS.groundwater.well.002","ARIK.W2.20190402.RAW","A00000051710","2019-04-02T15:00Z","2019-04-02T15:00Z","EcoCore_CSU","conductivity",411.1200,"microsiemensPerCentimeter",1.9,,0,"formatChange","GOOD"
"b3fafd4c-620c-40c0-b46a-7b950d8ad8cc","D10","ARIK","ARIK.AOS.groundwater.well.002","ARIK.W2.20190402.RAW","A00000051710","2019-04-02T15:00Z","2019-04-02T15:00Z","EcoCore_CSU","TN",2.1060,"milligramsPerLiter",1.9,,0,"formatChange","GOOD"
"78ce6e58-88eb-4b9f-9a87-7369a8a292d2","D10","ARIK","ARIK.AOS.groundwater.well.002","ARIK.W2.20190402.FIL","A00000051706","2019-04-02T15:00Z","2019-04-02T15:00Z","EcoCore_CSU","SO4",14.4060,"milligramsPerLiter",1.9,,0,"formatChange","GOOD"
"cbb86e09-58b7-40ec-bc44-8ba3a300aa9d","D10","ARIK","ARIK.AOS.groundwater.well.002","ARIK.W2.20190402.RAW","A00000051710","2019-04-02T15:00Z","2019-04-02T15:00Z","EcoCore_CSU","pH",7.6300,"pH",1.9,,0,"formatChange","GOOD"
"ac36cb72-c01e-4ba2-b7ac-3bbf004c0c14","D10","ARIK","ARIK.AOS.groundwater.well.002","ARIK.W2.20190402.FIL","A00000051706","2019-04-02T15:00Z","2019-04-02T15:00Z","EcoCore_CSU","CO3",0.0050,"milligramsPerLiter",1.9,,0,"formatChange","GOOD"
"37070a07-3c0d-411e-9d7f-604180a6d226","D10","ARIK","ARIK.AOS.groundwater.well.002","ARIK.W2.20190402.FIL","A00000051706","2019-04-02T15:00Z","2019-04-02T15:00Z","EcoCore_CSU","Cl",10.1221,"milligramsPerLiter",1.9,,0,"formatChange","GOOD"
"dde05ef3-40da-40e2-aecf-a5bf849763a4","D10","ARIK","ARIK.AOS.groundwater.well.002","ARIK.W2.20190402.FIL","A00000051706","2019-04-02T15:00Z","2019-04-02T15:00Z","EcoCore_CSU","Fe",0.0030,"milligramsPerLiter",1.9,,0,"formatChange","GOOD"
"9977e6e0-cc6a-4e68-bfbc-939cc58caf8c","D10","ARIK","ARIK.AOS.groundwater.well.002","ARIK.W2.20190402.PCN","A00000089301","2019-04-02T15:00Z","2019-04-02T15:00Z","EcoCore_CSU","TPC",0.4594,"milligram",1.9,,0,"formatChange","GOOD"
"82684aea-390b-4645-ab66-92056577019f","D10","ARIK","ARIK.AOS.groundwater.well.002","ARIK.W2.20190402.FIL","A00000051706","2019-04-02T15:00Z","2019-04-02T15:00Z","EcoCore_CSU","Mg",13.7200,"milligramsPerLiter",1.9,,0,"formatChange","GOOD"
"5a356f49-1dd7-462a-844c-ef117a985260","D10","ARIK","ARIK.AOS.groundwater.well.002","ARIK.W2.20190402.FIL","A00000051706","2019-04-02T15:00Z","2019-04-02T15:00Z","EcoCore_CSU","NO2 - N",-0.1428,"milligramsPerLiter",1.9,,0,"formatChange","GOOD"
"759a531b-ee92-401b-a626-1cb128b8be00","D10","ARIK","ARIK.AOS.groundwater.well.002","ARIK.W2.20190402.RAW","A00000051710","2019-04-02T15:00Z","2019-04-02T15:00Z","EcoCore_CSU","ANC",3.8400,"milliequivalentsPerLiter",1.9,,0,"formatChange","GOOD"
"c0eb4ff8-9376-4e73-944a-964fd0fcdb8b","D10","ARIK","ARIK.AOS.groundwater.well.002","ARIK.W2.20190402.FIL","A00000051706","2019-04-02T15:00Z","2019-04-02T15:00Z","EcoCore_CSU","TDN",2.0910,"milligramsPerLiter",1.9,,0,"formatChange","GOOD"
"1804ecf5-c8f8-4bfd-914a-309897c93bf4","D10","ARIK","ARIK.AOS.groundwater.well.002","ARIK.W2.20190402.FIL","A00000051706","2019-04-02T15:00Z","2019-04-02T15:00Z","EcoCore_CSU","K",5.0660,"milligramsPerLiter",1.9,,0,"formatChange","GOOD"
"379068d6-d4fd-4428-9b71-5e0687c2003a","D10","ARIK","ARIK.AOS.groundwater.well.002","ARIK.W2.20190402.FIL","A00000051706","2019-04-02T15:00Z","2019-04-02T15:00Z","EcoCore_CSU","HCO3",203.1900,"milligramsPerLiter",1.9,,0,"formatChange","GOOD"
"2e279b4c-a824-4a54-bc1e-2d69edd1ed41","D10","ARIK","ARIK.AOS.groundwater.well.002","ARIK.W2.20190402.FIL","A00000051706","2019-04-02T15:00Z","2019-04-02T15:00Z","EcoCore_CSU","Ortho - P",0.0340,"milligramsPerLiter",1.9,,0,"formatChange","GOOD"
"ca869839-7f8b-450b-806b-5b35db6b9dc7","D10","ARIK","ARIK.AOS.groundwater.well.002","ARIK.W2.20190402.RAW","A00000051710","2019-04-02T15:00Z","2019-04-02T15:00Z","EcoCore_CSU","TOC",0.8035,"milligramsPerLiter",1.9,,0,"formatChange","GOOD"
"fda2109c-1d6d-4db2-b9bc-94d27ee7f4a4","D10","ARIK","ARIK.AOS.groundwater.well.002","ARIK.W2.20190402.RAW","A00000051710","2019-04-02T15:00Z","2019-04-02T15:00Z","EcoCore_CSU","TP",0.2960,"milligramsPerLiter",1.9,,0,"formatChange","GOOD"
"b2093e08-f9dc-487d-b25c-e50e5f4d6f78","D10","ARIK","ARIK.AOS.groundwater.well.002","ARIK.W2.20190402.FIL","A00000051706","2019-04-02T15:00Z","2019-04-02T15:00Z","EcoCore_CSU","NO3+NO2 - N",2.3626,"milligramsPerLiter",1.9,,0,"formatChange","GOOD"
"a61b49d9-2373-498c-8913-858957720b2c","D10","ARIK","ARIK.AOS.groundwater.well.002","ARIK.W2.20190402.RAW","A00000051710","2019-04-02T15:00Z","2019-04-02T15:00Z","EcoCore_CSU","TSS - Dry Mass",1500.0000,"microgram",1.9,,0,"formatChange","GOOD"
"d9500ae1-057f-4294-842c-df6c05390926","D10","ARIK","ARIK.AOS.groundwater.well.002","ARIK.W2.20190402.FIL","A00000051706","2019-04-02T15:00Z","2019-04-02T15:00Z","EcoCore_CSU","UV Absorbance (280 nm)",0.0158,,1.9,,0,"formatChange","GOOD"
"f2aef608-b2c6-453e-a154-9b3343c634c2","D10","ARIK","ARIK.AOS.groundwater.well.002","ARIK.W2.20190402.FIL","A00000051706","2019-04-02T15:00Z","2019-04-02T15:00Z","EcoCore_CSU","Na",18.2500,"milligramsPerLiter",1.9,,0,"formatChange","GOOD"
"69dd3b19-c460-405a-aa66-78295df67ef1","D10","ARIK","ARIK.AOS.groundwater.well.002","ARIK.W2.20190402.FIL","A00000051706","2019-04-02T15:00Z","2019-04-02T15:00Z","EcoCore_CSU","UV Absorbance (250 nm)",0.0182,,1.9,,0,"formatChange","GOOD"
"99a51862-929a-46b9-b059-ef089c1d6b14","D10","ARIK","ARIK.AOS.groundwater.well.002","ARIK.W2.20190402.FIL","A00000051706","2019-04-02T15:00Z","2019-04-02T15:00Z","EcoCore_CSU","Mn",0.0005,"milligramsPerLiter",1.9,,0,"formatChange","GOOD"
"9f4b0891-3194-4979-9f34-1ea44908fb66","D10","ARIK","ARIK.AOS.groundwater.well.002","ARIK.W2.20190402.FIL","A00000051706","2019-04-02T15:00Z","2019-04-02T15:00Z","EcoCore_CSU","Br",0.0050,"milligramsPerLiter",1.9,,0,"formatChange","GOOD"
"93027156-3914-4e68-b4af-6ebfa1086ade","D10","ARIK","ARIK.AOS.groundwater.well.002","ARIK.W2.20190402.PCN","A00000089301","2019-04-02T15:00Z","2019-04-02T15:00Z","EcoCore_CSU","TPN",0.0983,"milligram",1.9,,0,"formatChange","GOOD"
"0f37afed-c8e3-41a0-a685-0934e3112986","D10","ARIK","ARIK.AOS.groundwater.well.002","ARIK.W2.20190402.FIL","A00000051706","2019-04-02T15:00Z","2019-04-02T15:00Z","EcoCore_CSU","Ca",40.7277,"milligramsPerLiter",1.9,,0,"formatChange","GOOD"
"79f15b73-085b-4809-8c56-8fa3d8022524","D10","ARIK","ARIK.AOS.groundwater.well.002","ARIK.W2.20190402.FIL","A00000051706","2019-04-02T15:00Z","2019-04-02T15:00Z","EcoCore_CSU","NH4 - N",0.0762,"milligramsPerLiter",1.9,,0,"formatChange","GOOD"
"6a08fd61-7554-48ce-acef-5672a23244b9","D10","ARIK","ARIK.AOS.groundwater.well.002","ARIK.W2.20190402.FIL","A00000051706","2019-04-02T15:00Z","2019-04-02T15:00Z","EcoCore_CSU","DIC",47.8200,"milligramsPerLiter",1.9,,0,"formatChange","GOOD"
"3c50a866-d5cb-4e5e-ae30-b652b8d95c08","D10","ARIK","ARIK.AOS.groundwater.well.002","ARIK.W2.20190402.FIL","A00000051706","2019-04-02T15:00Z","2019-04-02T15:00Z","EcoCore_CSU","TDP",0.0112,"milligramsPerLiter",1.9,,0,"formatChange","GOOD"
"00043cf0-1b94-4212-9631-972e5d602896","D10","ARIK","ARIK.AOS.groundwater.well.002","ARIK.W2.20190402.RAW","A00000051710","2019-04-02T15:00Z","2019-04-02T15:00Z","EcoCore_CSU","TSS",30.0000,"milligramsPerLiter",1.9,,0,"formatChange","GOOD"
"384cc6cb-c0c6-4059-90a0-faae831144db","D10","ARIK","ARIK.AOS.groundwater.well.002","ARIK.W2.20190402.FIL","A00000051706","2019-04-02T15:00Z","2019-04-02T15:00Z","EcoCore_CSU","TDS",288.7300,"milligramsPerLiter",1.9,,0,"formatChange","GOOD"
"569df6e1-6c8b-447f-8746-c54449a546cb","D10","ARIK","ARIK.AOS.groundwater.well.002","ARIK.W2.20190402.FIL","A00000051706","2019-04-02T15:00Z","2019-04-02T15:00Z","EcoCore_CSU","F",2.8745,"milligramsPerLiter",1.9,,0,"formatChange","GOOD"
"b9389b2c-e5fe-47f8-a356-41163b65a90c","D10","ARIK","ARIK.AOS.groundwater.well.002","ARIK.W2.20190402.FIL","A00000051706","2019-04-02T15:00Z","2019-04-02T15:00Z","EcoCore_CSU","DOC",0.9562,"milligramsPerLiter",1.9,,0,"formatChange","GOOD"
"6afe3163-e5bf-433b-b2df-087322c77c2f","D10","ARIK","ARIK.AOS.groundwater.well.002","ARIK.W2.20190402.FIL","A00000051706","2019-04-02T15:00Z","2019-04-02T15:00Z","EcoCore_CSU","Si",27.7531,"milligramsPerLiter",1.9,,0,"formatChange","GOOD"
"bcd58820-5255-4e0d-bad4-cf19ac7040fa","D10","ARIK","ARIK.AOS.groundwater.well.001","ARIK.W1.20190402.PCN","A00000089300","2019-04-02T16:25Z","2019-04-02T16:25Z","EcoCore_CSU","TPN",0.0838,"milligram",1.9,,0,"formatChange","GOOD"
"5908ce3f-554d-4359-ac5f-1c36be5a3cf1","D10","ARIK","ARIK.AOS.groundwater.well.001","ARIK.W1.20190402.FIL","A00000051705","2019-04-02T16:25Z","2019-04-02T16:25Z","EcoCore_CSU","UV Absorbance (250 nm)",0.0131,,1.9,,0,"formatChange","GOOD"
"6fdd187f-6237-4670-84b4-91861fa78dc3","D10","ARIK","ARIK.AOS.groundwater.well.001","ARIK.W1.20190402.FIL","A00000051705","2019-04-02T16:25Z","2019-04-02T16:25Z","EcoCore_CSU","HCO3",218.3800,"milligramsPerLiter",1.9,,0,"formatChange","GOOD"
"7ab8aa56-c2e9-4a05-a805-4d20dc7320c4","D10","ARIK","ARIK.AOS.groundwater.well.001","ARIK.W1.20190402.FIL","A00000051705","2019-04-02T16:25Z","2019-04-02T16:25Z","EcoCore_CSU","DIC",49.5700,"milligramsPerLiter",1.9,,0,"formatChange","GOOD"
"11a53e31-60ea-4f07-a64c-0668995cdfdf","D10","ARIK","ARIK.AOS.groundwater.well.001","ARIK.W1.20190402.FIL","A00000051705","2019-04-02T16:25Z","2019-04-02T16:25Z","EcoCore_CSU","NO2 - N",-0.1422,"milligramsPerLiter",1.9,,0,"formatChange","GOOD"
"f28b30c6-d5e1-4dae-ba69-c80d2d19708e","D10","ARIK","ARIK.AOS.groundwater.well.001","ARIK.W1.20190402.FIL","A00000051705","2019-04-02T16:25Z","2019-04-02T16:25Z","EcoCore_CSU","CO3",0.0050,"milligramsPerLiter",1.9,,0,"formatChange","GOOD"
"7172b1fa-24d9-475a-8326-a8d55ea42591","D10","ARIK","ARIK.AOS.groundwater.well.001","ARIK.W1.20190402.FIL","A00000051705","2019-04-02T16:25Z","2019-04-02T16:25Z","EcoCore_CSU","F",2.9164,"milligramsPerLiter",1.9,,0,"formatChange","GOOD"
"86ff0b25-86a5-4b16-b31f-117840b1186c","D10","ARIK","ARIK.AOS.groundwater.well.001","ARIK.W1.20190402.RAW","A00000051709","2019-04-02T16:25Z","2019-04-02T16:25Z","EcoCore_CSU","ANC",3.7800,"milliequivalentsPerLiter",1.9,,0,"formatChange","GOOD"
"a8abaed8-ffc0-478c-9d85-b09fa076151f","D10","ARIK","ARIK.AOS.groundwater.well.001","ARIK.W1.20190402.FIL","A00000051705","2019-04-02T16:25Z","2019-04-02T16:25Z","EcoCore_CSU","DOC",0.7679,"milligramsPerLiter",1.9,,0,"formatChange","GOOD"
"5e935c64-fb21-45b4-a97a-0b95ba1895a9","D10","ARIK","ARIK.AOS.groundwater.well.001","ARIK.W1.20190402.RAW","A00000051709","2019-04-02T16:25Z","2019-04-02T16:25Z","EcoCore_CSU","pH",7.7400,"pH",1.9,,0,"formatChange","GOOD"
"6895da25-a403-4d45-9666-0f28464bfcef","D10","ARIK","ARIK.AOS.groundwater.well.001","ARIK.W1.20190402.FIL","A00000051705","2019-04-02T16:25Z","2019-04-02T16:25Z","EcoCore_CSU","TDN",1.6770,"milligramsPerLiter",1.9,,0,"formatChange","GOOD"
"b821d3f3-cd20-49d9-9daf-ed433971f09a","D10","ARIK","ARIK.AOS.groundwater.well.001","ARIK.W1.20190402.FIL","A00000051705","2019-04-02T16:25Z","2019-04-02T16:25Z","EcoCore_CSU","UV Absorbance (280 nm)",0.0088,,1.9,,0,"formatChange","GOOD"
"57496fe0-6677-4f5f-86be-8b27d16eaa7a","D10","ARIK","ARIK.AOS.groundwater.well.001","ARIK.W1.20190402.FIL","A00000051705","2019-04-02T16:25Z","2019-04-02T16:25Z","EcoCore_CSU","TDP",0.0171,"milligramsPerLiter",1.9,,0,"formatChange","GOOD"
"553d6c8f-6ef3-451d-a13b-d1f5da6e3b1e","D10","ARIK","ARIK.AOS.groundwater.well.001","ARIK.W1.20190402.FIL","A00000051705","2019-04-02T16:25Z","2019-04-02T16:25Z","EcoCore_CSU","TDS",293.6400,"milligramsPerLiter",1.9,,0,"formatChange","GOOD"
"24f7c0a8-5968-4a32-a369-256e948c50d6","D10","ARIK","ARIK.AOS.groundwater.well.001","ARIK.W1.20190402.FIL","A00000051705","2019-04-02T16:25Z","2019-04-02T16:25Z","EcoCore_CSU","NH4 - N",0.0112,"milligramsPerLiter",1.9,,0,"formatChange","GOOD"
"b1ac7470-05b5-48cb-8922-1b4449a3d02d","D10","ARIK","ARIK.AOS.groundwater.well.001","ARIK.W1.20190402.FIL","A00000051705","2019-04-02T16:25Z","2019-04-02T16:25Z","EcoCore_CSU","Na",19.1400,"milligramsPerLiter",1.9,,0,"formatChange","GOOD"
"95691a47-ec78-4da0-96ce-8cc568c44c91","D10","ARIK","ARIK.AOS.groundwater.well.001","ARIK.W1.20190402.RAW","A00000051709","2019-04-02T16:25Z","2019-04-02T16:25Z","EcoCore_CSU","conductivity",421.2700,"microsiemensPerCentimeter",1.9,,0,"formatChange","GOOD"
"cc5f6153-e2f1-46ae-a928-5376bd35ae02","D10","ARIK","ARIK.AOS.groundwater.well.001","ARIK.W1.20190402.RAW","A00000051709","2019-04-02T16:25Z","2019-04-02T16:25Z","EcoCore_CSU","TP",0.1060,"milligramsPerLiter",1.9,,0,"formatChange","GOOD"
"0a1acf4d-7944-47d5-8f99-8270fb18f81d","D10","ARIK","ARIK.AOS.groundwater.well.001","ARIK.W1.20190402.FIL","A00000051705","2019-04-02T16:25Z","2019-04-02T16:25Z","EcoCore_CSU","Mn",0.0005,"milligramsPerLiter",1.9,,0,"formatChange","GOOD"
"4c89ea81-2334-41b6-9094-c80b2730744b","D10","ARIK","ARIK.AOS.groundwater.well.001","ARIK.W1.20190402.FIL","A00000051705","2019-04-02T16:25Z","2019-04-02T16:25Z","EcoCore_CSU","NO3+NO2 - N",1.9199,"milligramsPerLiter",1.9,,0,"formatChange","GOOD"
"e157b1c5-b557-4da8-baa5-40089853e704","D10","ARIK","ARIK.AOS.groundwater.well.001","ARIK.W1.20190402.RAW","A00000051709","2019-04-02T16:25Z","2019-04-02T16:25Z","EcoCore_CSU","TOC",0.7284,"milligramsPerLiter",1.9,,0,"formatChange","GOOD"
"e10de13d-76f1-435e-bcfe-8e6331e21a32","D10","ARIK","ARIK.AOS.groundwater.well.001","ARIK.W1.20190402.FIL","A00000051705","2019-04-02T16:25Z","2019-04-02T16:25Z","EcoCore_CSU","SO4",15.4650,"milligramsPerLiter",1.9,,0,"formatChange","GOOD"
"b5fa617d-8353-4ba0-95ff-ad723990d608","D10","ARIK","ARIK.AOS.groundwater.well.001","ARIK.W1.20190402.RAW","A00000051709","2019-04-02T16:25Z","2019-04-02T16:25Z","EcoCore_CSU","TSS",10.0000,"milligramsPerLiter",1.9,,0,"formatChange","GOOD"
"bc925ff1-0269-4113-8b8c-89b600fa0a02","D10","ARIK","ARIK.AOS.groundwater.well.001","ARIK.W1.20190402.FIL","A00000051705","2019-04-02T16:25Z","2019-04-02T16:25Z","EcoCore_CSU","Mg",13.7000,"milligramsPerLiter",1.9,,0,"formatChange","GOOD"
"51863883-67bc-4982-a010-22bcbc01a21c","D10","ARIK","ARIK.AOS.groundwater.well.001","ARIK.W1.20190402.PCN","A00000089300","2019-04-02T16:25Z","2019-04-02T16:25Z","EcoCore_CSU","TPC",0.3666,"milligram",1.9,,0,"formatChange","GOOD"
"9d800b8b-3a2f-4783-b42d-f9d6e96f1775","D10","ARIK","ARIK.AOS.groundwater.well.001","ARIK.W1.20190402.RAW","A00000051709","2019-04-02T16:25Z","2019-04-02T16:25Z","EcoCore_CSU","TN",1.6740,"milligramsPerLiter",1.9,,0,"formatChange","GOOD"
"0f97daa7-88a1-40d7-8325-7132c93100cc","D10","ARIK","ARIK.AOS.groundwater.well.001","ARIK.W1.20190402.FIL","A00000051705","2019-04-02T16:25Z","2019-04-02T16:25Z","EcoCore_CSU","Fe",0.0005,"milligramsPerLiter",1.9,,0,"formatChange","GOOD"
"9e360c7b-fdc1-4780-ae33-f8d32a3b9ece","D10","ARIK","ARIK.AOS.groundwater.well.001","ARIK.W1.20190402.FIL","A00000051705","2019-04-02T16:25Z","2019-04-02T16:25Z","EcoCore_CSU","Br",0.0050,"milligramsPerLiter",1.9,,0,"formatChange","GOOD"
"14f92ef5-34e1-4759-b7c0-f0eed0c6d33b","D10","ARIK","ARIK.AOS.groundwater.well.001","ARIK.W1.20190402.RAW","A00000051709","2019-04-02T16:25Z","2019-04-02T16:25Z","EcoCore_CSU","TSS - Dry Mass",500.0000,"microgram",1.9,,0,"formatChange","GOOD"
"b75a9c12-4f3e-4258-b90e-95aa0a8bf776","D10","ARIK","ARIK.AOS.groundwater.well.001","ARIK.W1.20190402.FIL","A00000051705","2019-04-02T16:25Z","2019-04-02T16:25Z","EcoCore_CSU","Cl",4.4024,"milligramsPerLiter",1.9,,0,"formatChange","GOOD"
"bf4df10d-2966-4c4a-8815-d1580767b1ed","D10","ARIK","ARIK.AOS.groundwater.well.001","ARIK.W1.20190402.FIL","A00000051705","2019-04-02T16:25Z","2019-04-02T16:25Z","EcoCore_CSU","Ca",41.7643,"milligramsPerLiter",1.9,,0,"formatChange","GOOD"
"c6c0b45d-db95-4172-beaf-473044887848","D10","ARIK","ARIK.AOS.groundwater.well.001","ARIK.W1.20190402.FIL","A00000051705","2019-04-02T16:25Z","2019-04-02T16:25Z","EcoCore_CSU","Ortho - P",0.0410,"milligramsPerLiter",1.9,,0,"formatChange","GOOD"
"80f065ec-623c-4e5f-a738-faed5aacdc1c","D10","ARIK","ARIK.AOS.groundwater.well.001","ARIK.W1.20190402.FIL","A00000051705","2019-04-02T16:25Z","2019-04-02T16:25Z","EcoCore_CSU","K",5.5850,"milligramsPerLiter",1.9,,0,"formatChange","GOOD"
"fa0ea1d2-892f-4e3d-9847-6017fed6c8d7","D10","ARIK","ARIK.AOS.groundwater.well.001","ARIK.W1.20190402.FIL","A00000051705","2019-04-02T16:25Z","2019-04-02T16:25Z","EcoCore_CSU","Si",29.0689,"milligramsPerLiter",1.9,,0,"formatChange","GOOD"
"05e213e3-c0ff-4fc9-865b-d750116d4c72","D10","ARIK","ARIK.AOS.groundwater.well.004","ARIK.W4.20190402.FIL","A00000051707","2019-04-02T17:45Z","2019-04-02T17:45Z","EcoCore_CSU","Cl",5.8668,"milligramsPerLiter",2.4,,0,"formatChange","GOOD"
"c3481b75-c392-4f01-ac49-f600378db644","D10","ARIK","ARIK.AOS.groundwater.well.004","ARIK.W4.20190402.FIL","A00000051707","2019-04-02T17:45Z","2019-04-02T17:45Z","EcoCore_CSU","UV Absorbance (250 nm)",0.2030,,2.4,,0,"formatChange","GOOD"
"d97a5297-5224-48d6-8b1d-b73e3fa4cfac","D10","ARIK","ARIK.AOS.groundwater.well.004","ARIK.W4.20190402.FIL","A00000051707","2019-04-02T17:45Z","2019-04-02T17:45Z","EcoCore_CSU","NO3+NO2 - N",-0.0916,"milligramsPerLiter",2.4,,0,"formatChange","GOOD"
"9437c1e2-35f2-4bf9-8844-61e7aca274a7","D10","ARIK","ARIK.AOS.groundwater.well.004","ARIK.W4.20190402.FIL","A00000051707","2019-04-02T17:45Z","2019-04-02T17:45Z","EcoCore_CSU","Mg",19.0900,"milligramsPerLiter",2.4,,0,"formatChange","GOOD"
"ee805428-b505-4408-9494-475a3ce74a15","D10","ARIK","ARIK.AOS.groundwater.well.004","ARIK.W4.20190402.FIL","A00000051707","2019-04-02T17:45Z","2019-04-02T17:45Z","EcoCore_CSU","TDS",425.9500,"milligramsPerLiter",2.4,,0,"formatChange","GOOD"
"3e06c87e-4f66-4cca-9050-67a4a6b2a490","D10","ARIK","ARIK.AOS.groundwater.well.004","ARIK.W4.20190402.RAW","A00000051711","2019-04-02T17:45Z","2019-04-02T17:45Z","EcoCore_CSU","TSS - Dry Mass",400.0000,"microgram",2.4,,0,"formatChange","GOOD"
"fb9882ae-00d4-4310-aca3-476b9f9bcc46","D10","ARIK","ARIK.AOS.groundwater.well.004","ARIK.W4.20190402.RAW","A00000051711","2019-04-02T17:45Z","2019-04-02T17:45Z","EcoCore_CSU","conductivity",610.5800,"microsiemensPerCentimeter",2.4,,0,"formatChange","GOOD"
"d3ad24d8-4f05-4ff7-9b55-b1992e47e3cc","D10","ARIK","ARIK.AOS.groundwater.well.004","ARIK.W4.20190402.FIL","A00000051707","2019-04-02T17:45Z","2019-04-02T17:45Z","EcoCore_CSU","Si",27.7778,"milligramsPerLiter",2.4,,0,"formatChange","GOOD"
"3128c1bc-aff9-4e6c-9d67-d13b8c5e7ff2","D10","ARIK","ARIK.AOS.groundwater.well.004","ARIK.W4.20190402.FIL","A00000051707","2019-04-02T17:45Z","2019-04-02T17:45Z","EcoCore_CSU","K",6.5150,"milligramsPerLiter",2.4,,0,"formatChange","GOOD"
"6dd7fc55-f1df-48ef-a9fe-5b1e08c851d2","D10","ARIK","ARIK.AOS.groundwater.well.004","ARIK.W4.20190402.RAW","A00000051711","2019-04-02T17:45Z","2019-04-02T17:45Z","EcoCore_CSU","ANC",5.9200,"milliequivalentsPerLiter",2.4,,0,"formatChange","GOOD"
"c7cc5ae2-5eb2-4e85-af79-48a36c59fb4f","D10","ARIK","ARIK.AOS.groundwater.well.004","ARIK.W4.20190402.FIL","A00000051707","2019-04-02T17:45Z","2019-04-02T17:45Z","EcoCore_CSU","F",2.8672,"milligramsPerLiter",2.4,,0,"formatChange","GOOD"
"236be7a5-8321-4afa-9f94-d5e41c280c8f","D10","ARIK","ARIK.AOS.groundwater.well.004","ARIK.W4.20190402.PCN","A00000089302","2019-04-02T17:45Z","2019-04-02T17:45Z","EcoCore_CSU","TPC",0.3534,"milligram",2.4,,0,"formatChange","GOOD"
"dee9d251-c2ae-4b69-8906-43a1e109d0ea","D10","ARIK","ARIK.AOS.groundwater.well.004","ARIK.W4.20190402.FIL","A00000051707","2019-04-02T17:45Z","2019-04-02T17:45Z","EcoCore_CSU","Ortho - P",0.0390,"milligramsPerLiter",2.4,,0,"formatChange","GOOD"
"7a7d1d3c-6712-4c05-83ad-554c0c020f70","D10","ARIK","ARIK.AOS.groundwater.well.004","ARIK.W4.20190402.FIL","A00000051707","2019-04-02T17:45Z","2019-04-02T17:45Z","EcoCore_CSU","TDP",0.0711,"milligramsPerLiter",2.4,,0,"formatChange","GOOD"
"db5355b5-e438-4a18-b04d-4c139d6d9c1d","D10","ARIK","ARIK.AOS.groundwater.well.004","ARIK.W4.20190402.FIL","A00000051707","2019-04-02T17:45Z","2019-04-02T17:45Z","EcoCore_CSU","UV Absorbance (280 nm)",0.1544,,2.4,,0,"formatChange","GOOD"
"1379360a-075f-4ff4-ac23-1710f080618b","D10","ARIK","ARIK.AOS.groundwater.well.004","ARIK.W4.20190402.FIL","A00000051707","2019-04-02T17:45Z","2019-04-02T17:45Z","EcoCore_CSU","CO3",0.0050,"milligramsPerLiter",2.4,,0,"formatChange","GOOD"
"b0de8573-f008-43c9-b455-416fcb0a3d29","D10","ARIK","ARIK.AOS.groundwater.well.004","ARIK.W4.20190402.FIL","A00000051707","2019-04-02T17:45Z","2019-04-02T17:45Z","EcoCore_CSU","NH4 - N",0.1812,"milligramsPerLiter",2.4,,0,"formatChange","GOOD"
"6f6b4c2f-1f49-496b-ab55-a220343e88d5","D10","ARIK","ARIK.AOS.groundwater.well.004","ARIK.W4.20190402.RAW","A00000051711","2019-04-02T17:45Z","2019-04-02T17:45Z","EcoCore_CSU","TN",0.4037,"milligramsPerLiter",2.4,,0,"formatChange","GOOD"
"caaf40e2-9d9e-4051-9523-20bb15d5b765","D10","ARIK","ARIK.AOS.groundwater.well.004","ARIK.W4.20190402.FIL","A00000051707","2019-04-02T17:45Z","2019-04-02T17:45Z","EcoCore_CSU","SO4",1.2570,"milligramsPerLiter",2.4,,0,"formatChange","GOOD"
"f79c554e-2511-4db7-a8d6-cd72ff1e4645","D10","ARIK","ARIK.AOS.groundwater.well.004","ARIK.W4.20190402.FIL","A00000051707","2019-04-02T17:45Z","2019-04-02T17:45Z","EcoCore_CSU","DIC",89.9900,"milligramsPerLiter",2.4,,0,"formatChange","GOOD"
"d8ebd9ea-d9a3-472b-9e2f-fc96ba900d8a","D10","ARIK","ARIK.AOS.groundwater.well.004","ARIK.W4.20190402.FIL","A00000051707","2019-04-02T17:45Z","2019-04-02T17:45Z","EcoCore_CSU","Br",0.0050,"milligramsPerLiter",2.4,,0,"formatChange","GOOD"
"d6dbbe4c-67c7-47fb-bd9b-a49355eb4df0","D10","ARIK","ARIK.AOS.groundwater.well.004","ARIK.W4.20190402.FIL","A00000051707","2019-04-02T17:45Z","2019-04-02T17:45Z","EcoCore_CSU","HCO3",352.6900,"milligramsPerLiter",2.4,,0,"formatChange","GOOD"
"51ea1f85-1a60-494b-964b-cb8a38648637","D10","ARIK","ARIK.AOS.groundwater.well.004","ARIK.W4.20190402.FIL","A00000051707","2019-04-02T17:45Z","2019-04-02T17:45Z","EcoCore_CSU","Ca",64.1444,"milligramsPerLiter",2.4,,0,"formatChange","GOOD"
"2dc64c89-cad5-497c-8105-eeedfdec8da7","D10","ARIK","ARIK.AOS.groundwater.well.004","ARIK.W4.20190402.RAW","A00000051711","2019-04-02T17:45Z","2019-04-02T17:45Z","EcoCore_CSU","TSS",8.0000,"milligramsPerLiter",2.4,,0,"formatChange","GOOD"
"0c90d54c-6893-4374-84a3-4fe9986f895c","D10","ARIK","ARIK.AOS.groundwater.well.004","ARIK.W4.20190402.FIL","A00000051707","2019-04-02T17:45Z","2019-04-02T17:45Z","EcoCore_CSU","NO2 - N",-0.1432,"milligramsPerLiter",2.4,,0,"formatChange","GOOD"
"c336aaee-3a97-4f34-9f5a-2b882760a346","D10","ARIK","ARIK.AOS.groundwater.well.004","ARIK.W4.20190402.FIL","A00000051707","2019-04-02T17:45Z","2019-04-02T17:45Z","EcoCore_CSU","TDN",0.4157,"milligramsPerLiter",2.4,,0,"formatChange","GOOD"
"34f6d9be-6d5b-4f32-8698-1fe388b346f6","D10","ARIK","ARIK.AOS.groundwater.well.004","ARIK.W4.20190402.RAW","A00000051711","2019-04-02T17:45Z","2019-04-02T17:45Z","EcoCore_CSU","TP",0.3000,"milligramsPerLiter",2.4,,0,"formatChange","GOOD"
"9584c439-870d-4cfd-9f32-29026c81f532","D10","ARIK","ARIK.AOS.groundwater.well.004","ARIK.W4.20190402.RAW","A00000051711","2019-04-02T17:45Z","2019-04-02T17:45Z","EcoCore_CSU","TOC",4.1640,"milligramsPerLiter",2.4,,0,"formatChange","GOOD"
"6ad79f77-a065-4c4a-8dee-ea9e71b6491c","D10","ARIK","ARIK.AOS.groundwater.well.004","ARIK.W4.20190402.FIL","A00000051707","2019-04-02T17:45Z","2019-04-02T17:45Z","EcoCore_CSU","Na",26.3600,"milligramsPerLiter",2.4,,0,"formatChange","GOOD"
"1a7bb7bb-40e1-4976-8605-d7309e603922","D10","ARIK","ARIK.AOS.groundwater.well.004","ARIK.W4.20190402.FIL","A00000051707","2019-04-02T17:45Z","2019-04-02T17:45Z","EcoCore_CSU","DOC",4.1510,"milligramsPerLiter",2.4,,0,"formatChange","GOOD"
"3dc1e54b-067f-4c4b-a766-b18bc64164ce","D10","ARIK","ARIK.AOS.groundwater.well.004","ARIK.W4.20190402.PCN","A00000089302","2019-04-02T17:45Z","2019-04-02T17:45Z","EcoCore_CSU","TPN",0.0804,"milligram",2.4,,0,"formatChange","GOOD"
"d356ed53-af2e-4078-8add-22df93ab2fa9","D10","ARIK","ARIK.AOS.groundwater.well.004","ARIK.W4.20190402.RAW","A00000051711","2019-04-02T17:45Z","2019-04-02T17:45Z","EcoCore_CSU","pH",7.5000,"pH",2.4,,0,"formatChange","GOOD"
"aebee550-772c-47f8-957f-5a3bffc373aa","D10","ARIK","ARIK.AOS.groundwater.well.004","ARIK.W4.20190402.FIL","A00000051707","2019-04-02T17:45Z","2019-04-02T17:45Z","EcoCore_CSU","Mn",0.2150,"milligramsPerLiter",2.4,,0,"formatChange","GOOD"
"d34ab946-ac2b-4aa0-b33f-f65107054e73","D10","ARIK","ARIK.AOS.groundwater.well.004","ARIK.W4.20190402.FIL","A00000051707","2019-04-02T17:45Z","2019-04-02T17:45Z","EcoCore_CSU","Fe",0.4662,"milligramsPerLiter",2.4,,0,"formatChange","GOOD"
"bcf6c69f-e0ed-4220-af1c-3e34f42fcbff","D10","ARIK","ARIK.AOS.groundwater.well.005","ARIK.W5.20190402.FIL","A00000051708","2019-04-02T18:55Z","2019-04-02T18:55Z","EcoCore_CSU","DOC",3.5220,"milligramsPerLiter",2.0,,0,"formatChange","GOOD"
"3844cd5b-6650-47c9-891e-9131265110fc","D10","ARIK","ARIK.AOS.groundwater.well.005","ARIK.W5.20190402.FIL","A00000051708","2019-04-02T18:55Z","2019-04-02T18:55Z","EcoCore_CSU","Na",26.2600,"milligramsPerLiter",2.0,,0,"formatChange","GOOD"
"dbfda3be-d4a5-4c89-b487-f7c85a935ee8","D10","ARIK","ARIK.AOS.groundwater.well.005","ARIK.W5.20190402.FIL","A00000051708","2019-04-02T18:55Z","2019-04-02T18:55Z","EcoCore_CSU","Ortho - P",0.0460,"milligramsPerLiter",2.0,,0,"formatChange","GOOD"
"488d978d-3984-43dc-97f5-19f0f9b6ed3b","D10","ARIK","ARIK.AOS.groundwater.well.005","ARIK.W5.20190402.FIL","A00000051708","2019-04-02T18:55Z","2019-04-02T18:55Z","EcoCore_CSU","NO3+NO2 - N",-0.0892,"milligramsPerLiter",2.0,,0,"formatChange","GOOD"
"c0d4597b-0a9e-46ff-bb53-f0bcfd7e84db","D10","ARIK","ARIK.AOS.groundwater.well.005","ARIK.W5.20190402.RAW","A00000051712","2019-04-02T18:55Z","2019-04-02T18:55Z","EcoCore_CSU","TOC",3.5910,"milligramsPerLiter",2.0,,0,"formatChange","GOOD"
"3b090524-0365-4ea2-8ea7-8c25d7d96ea1","D10","ARIK","ARIK.AOS.groundwater.well.005","ARIK.W5.20190402.FIL","A00000051708","2019-04-02T18:55Z","2019-04-02T18:55Z","EcoCore_CSU","K",6.2110,"milligramsPerLiter",2.0,,0,"formatChange","GOOD"
"1a80a61c-efe7-4ce1-bee2-fc1331b2d327","D10","ARIK","ARIK.AOS.groundwater.well.005","ARIK.W5.20190402.RAW","A00000051712","2019-04-02T18:55Z","2019-04-02T18:55Z","EcoCore_CSU","pH",7.4300,"pH",2.0,,0,"formatChange","GOOD"
"29e53fb3-09b6-4470-be0c-133e315a50bc","D10","ARIK","ARIK.AOS.groundwater.well.005","ARIK.W5.20190402.RAW","A00000051712","2019-04-02T18:55Z","2019-04-02T18:55Z","EcoCore_CSU","TP",0.3090,"milligramsPerLiter",2.0,,0,"formatChange","GOOD"
"b4a128ab-4705-4862-8e95-a5a705b96b75","D10","ARIK","ARIK.AOS.groundwater.well.005","ARIK.W5.20190402.PCN","A00000089303","2019-04-02T18:55Z","2019-04-02T18:55Z","EcoCore_CSU","TPC",0.3303,"milligram",2.0,,0,"formatChange","GOOD"
"665d1ad6-8cf4-45f3-82c7-9722b7e0bf04","D10","ARIK","ARIK.AOS.groundwater.well.005","ARIK.W5.20190402.FIL","A00000051708","2019-04-02T18:55Z","2019-04-02T18:55Z","EcoCore_CSU","Fe",0.0622,"milligramsPerLiter",2.0,,0,"formatChange","GOOD"
"5df9ebd7-13ee-4d78-afdc-46edd3bb8844","D10","ARIK","ARIK.AOS.groundwater.well.005","ARIK.W5.20190402.RAW","A00000051712","2019-04-02T18:55Z","2019-04-02T18:55Z","EcoCore_CSU","TN",0.3242,"milligramsPerLiter",2.0,,0,"formatChange","GOOD"
"ea833580-3b2e-4862-b201-96cc5f1e92e6","D10","ARIK","ARIK.AOS.groundwater.well.005","ARIK.W5.20190402.FIL","A00000051708","2019-04-02T18:55Z","2019-04-02T18:55Z","EcoCore_CSU","Br",0.0050,"milligramsPerLiter",2.0,,0,"formatChange","GOOD"
"3804f719-db4c-4746-9e7d-e083c9243811","D10","ARIK","ARIK.AOS.groundwater.well.005","ARIK.W5.20190402.FIL","A00000051708","2019-04-02T18:55Z","2019-04-02T18:55Z","EcoCore_CSU","TDP",0.0608,"milligramsPerLiter",2.0,,0,"formatChange","GOOD"
"e628e365-cf70-45be-b24f-470ff021d272","D10","ARIK","ARIK.AOS.groundwater.well.005","ARIK.W5.20190402.FIL","A00000051708","2019-04-02T18:55Z","2019-04-02T18:55Z","EcoCore_CSU","Ca",70.5778,"milligramsPerLiter",2.0,,0,"formatChange","GOOD"
"ea086b01-9589-4015-9bd0-b0635bae8c70","D10","ARIK","ARIK.AOS.groundwater.well.005","ARIK.W5.20190402.FIL","A00000051708","2019-04-02T18:55Z","2019-04-02T18:55Z","EcoCore_CSU","TDN",0.3420,"milligramsPerLiter",2.0,,0,"formatChange","GOOD"
"03ee2057-f5ba-4bbd-b3dc-bfd536b7485b","D10","ARIK","ARIK.AOS.groundwater.well.005","ARIK.W5.20190402.FIL","A00000051708","2019-04-02T18:55Z","2019-04-02T18:55Z","EcoCore_CSU","HCO3",367.4100,"milligramsPerLiter",2.0,,0,"formatChange","GOOD"
"a4aab32f-08e3-4e77-8f4f-ca830bf54000","D10","ARIK","ARIK.AOS.groundwater.well.005","ARIK.W5.20190402.FIL","A00000051708","2019-04-02T18:55Z","2019-04-02T18:55Z","EcoCore_CSU","NO2 - N",-0.1431,"milligramsPerLiter",2.0,,0,"formatChange","GOOD"
"d6d0d38c-3d8a-4eee-a916-1ab5d4563ba2","D10","ARIK","ARIK.AOS.groundwater.well.005","ARIK.W5.20190402.FIL","A00000051708","2019-04-02T18:55Z","2019-04-02T18:55Z","EcoCore_CSU","TDS",436.7200,"milligramsPerLiter",2.0,,0,"formatChange","GOOD"
"64f40733-dfdd-4ab0-a78a-8fed0167cd18","D10","ARIK","ARIK.AOS.groundwater.well.005","ARIK.W5.20190402.FIL","A00000051708","2019-04-02T18:55Z","2019-04-02T18:55Z","EcoCore_CSU","UV Absorbance (280 nm)",0.0061,,2.0,,0,"formatChange","GOOD"
"5dc5b17d-102d-4c88-8b8b-3741eea433ea","D10","ARIK","ARIK.AOS.groundwater.well.005","ARIK.W5.20190402.RAW","A00000051712","2019-04-02T18:55Z","2019-04-02T18:55Z","EcoCore_CSU","ANC",6.5800,"milliequivalentsPerLiter",2.0,,0,"formatChange","GOOD"
"865704cc-8d37-4214-acfc-2da7d3bad71f","D10","ARIK","ARIK.AOS.groundwater.well.005","ARIK.W5.20190402.RAW","A00000051712","2019-04-02T18:55Z","2019-04-02T18:55Z","EcoCore_CSU","TSS",32.0000,"milligramsPerLiter",2.0,,0,"formatChange","GOOD"
"fadde3d2-9d89-4910-9ad9-6fce8db12d81","D10","ARIK","ARIK.AOS.groundwater.well.005","ARIK.W5.20190402.RAW","A00000051712","2019-04-02T18:55Z","2019-04-02T18:55Z","EcoCore_CSU","conductivity",625.4100,"microsiemensPerCentimeter",2.0,,0,"formatChange","GOOD"
"d9ef5af8-8cf3-4d68-8344-6f437fe6a53c","D10","ARIK","ARIK.AOS.groundwater.well.005","ARIK.W5.20190402.FIL","A00000051708","2019-04-02T18:55Z","2019-04-02T18:55Z","EcoCore_CSU","UV Absorbance (250 nm)",0.0087,,2.0,,0,"formatChange","GOOD"
"a09b59c9-00ff-4a25-bff6-e56ae951e771","D10","ARIK","ARIK.AOS.groundwater.well.005","ARIK.W5.20190402.FIL","A00000051708","2019-04-02T18:55Z","2019-04-02T18:55Z","EcoCore_CSU","Mg",17.3000,"milligramsPerLiter",2.0,,0,"formatChange","GOOD"
"ecb109a4-6bbe-43d5-8a66-94b63df0072e","D10","ARIK","ARIK.AOS.groundwater.well.005","ARIK.W5.20190402.FIL","A00000051708","2019-04-02T18:55Z","2019-04-02T18:55Z","EcoCore_CSU","DIC",88.4000,"milligramsPerLiter",2.0,,0,"formatChange","GOOD"
"f874b5da-82c3-41b7-bb4d-0a393e352602","D10","ARIK","ARIK.AOS.groundwater.well.005","ARIK.W5.20190402.FIL","A00000051708","2019-04-02T18:55Z","2019-04-02T18:55Z","EcoCore_CSU","F",0.5695,"milligramsPerLiter",2.0,,0,"formatChange","GOOD"
"6c1bb6e0-3b78-47ab-ae48-7ed24b8c952b","D10","ARIK","ARIK.AOS.groundwater.well.005","ARIK.W5.20190402.FIL","A00000051708","2019-04-02T18:55Z","2019-04-02T18:55Z","EcoCore_CSU","Mn",0.0900,"milligramsPerLiter",2.0,,0,"formatChange","GOOD"
"9e094a1a-731e-4dc6-8d74-6b2c7fda4d6e","D10","ARIK","ARIK.AOS.groundwater.well.005","ARIK.W5.20190402.FIL","A00000051708","2019-04-02T18:55Z","2019-04-02T18:55Z","EcoCore_CSU","CO3",0.0050,"milligramsPerLiter",2.0,,0,"formatChange","GOOD"
"655b0e4a-1480-41bb-a359-b5bb90600c78","D10","ARIK","ARIK.AOS.groundwater.well.005","ARIK.W5.20190402.FIL","A00000051708","2019-04-02T18:55Z","2019-04-02T18:55Z","EcoCore_CSU","Si",30.5181,"milligramsPerLiter",2.0,,0,"formatChange","GOOD"
"e680845d-5c84-4e74-b5e5-074fd9441dd4","D10","ARIK","ARIK.AOS.groundwater.well.005","ARIK.W5.20190402.PCN","A00000089303","2019-04-02T18:55Z","2019-04-02T18:55Z","EcoCore_CSU","TPN",0.0409,"milligram",2.0,,0,"formatChange","GOOD"
"9bb0c14d-fe2d-4ca6-80fa-4ba10acade50","D10","ARIK","ARIK.AOS.groundwater.well.005","ARIK.W5.20190402.RAW","A00000051712","2019-04-02T18:55Z","2019-04-02T18:55Z","EcoCore_CSU","TSS - Dry Mass",1600.0000,"microgram",2.0,,0,"formatChange","GOOD"
"bbc97d48-40e2-46a6-adc7-39a3c204914b","D10","ARIK","ARIK.AOS.groundwater.well.005","ARIK.W5.20190402.FIL","A00000051708","2019-04-02T18:55Z","2019-04-02T18:55Z","EcoCore_CSU","Cl",4.9027,"milligramsPerLiter",2.0,,0,"formatChange","GOOD"
"ff394a0c-0505-4159-83aa-a1a3c3fa4188","D10","ARIK","ARIK.AOS.groundwater.well.005","ARIK.W5.20190402.FIL","A00000051708","2019-04-02T18:55Z","2019-04-02T18:55Z","EcoCore_CSU","SO4",4.0290,"milligramsPerLiter",2.0,,0,"formatChange","GOOD"
"e753947f-5154-4000-ade2-93868259bb46","D10","ARIK","ARIK.AOS.groundwater.well.005","ARIK.W5.20190402.FIL","A00000051708","2019-04-02T18:55Z","2019-04-02T18:55Z","EcoCore_CSU","NH4 - N",0.1282,"milligramsPerLiter",2.0,,0,"formatChange","GOOD"
