uid,domainID,siteID,namedLocation,decimalLatitude,decimalLongitude,coordinateUncertainty,elevation,elevationUncertainty,geodeticDatum,collectDate,aquaticSiteType,samplingImpractical,waterChemSamplesCollected,adequateSampleVol,parentSampleID,eventID,swcSamplingProtocolVersion,sampleExtractionMethod,samplerType,totalWellDepth,wellWaterDepth,waterColumnHeight,sampleDepth,purgeAverageDischargeRate,purgeTime,gwWellStabilized,purgeDryDateTime,pumpPlacementDate,screenedIntervalDepth,maxAllowableDrawdown,actualDrawdown,MADExceeded,wellVolumePurged,probeIDUnavailable,dissolvedOxygen,dissolvedOxygenSaturation,specificConductance,waterTemp,pH,waterClarityDescrip,waterColorDescrip,aCollectedBy,bCollectedBy,remarks
"4c5d4b90-bbb0-4246-94c9-19fed566b9ed","D10","ARIK","ARIK.AOS.groundwater.well.002",39.757704,-102.447584,0.1,1181.3,0.1,"WGS84","2019-04-02T15:00Z","stream",,,"Y","ARIK.W2.20190402","ARIK.20190402","NEON.DOC.002905vE","low-flow","Groundwater Pump",9.4,2.5,6.9,3.5,,,,,,,,,,3.6,,6.75,66.90,390.00,9.00,7.60,"clear","colorless","0000-0002-5760-9269","0000-0002-8159-7966",
"11e0a26f-e668-42e9-b7a6-a76fc1706761","D10","ARIK","ARIK.AOS.groundwater.well.001",39.758068,-102.452221,0.1,1184.4,0.1,"WGS84","2019-04-02T16:25Z","stream",,,"Y","ARIK.W1.20190402","ARIK.20190402","NEON.DOC.002905vE","low-flow","Groundwater Pump",9.1,3.5,5.5,4.5,,,,,,,,,,5.3,,4.32,44.00,387.50,10.70,7.59,"clear","colorless","0000-0002-5760-9269","0000-0002-8159-7966",
"4a14e3e5-5155-47ae-a239-719064711d8d","D10","ARIK","ARIK.AOS.groundwater.well.004",39.760114,-102.451740,0.1,1182.7,0.1,"WGS84","2019-04-02T17:45Z","stream",,,"Y","ARIK.W4.20190402","ARIK.20190402","NEON.DOC.002905vE","low-flow","Groundwater Pump",8.9,1.9,7.0,2.9,,,,,,,,,,2.2,,0.13,1.20,559.00,7.50,7.35,"clear","colorless","0000-0002-5760-9269","0000-0002-8159-7966",
"08fba5fb-c9a4-4e29-a84f-0dfd908bbe15","D10","ARIK","ARIK.AOS.groundwater.well.005",39.759687,-102.448224,0.1,1181.1,0.1,"WGS84","2019-04-02T18:55Z","stream",,,"Y","ARIK.W5.20190402","ARIK.20190402","NEON.DOC.002905vE","low-flow","Groundwater Pump",9.3,2.1,7.2,3.1,,,,,,,,,,3.5,,0.15,1.50,566.00,9.30,7.30,"clear","colorless","0000-0002-5760-9269","0000-0002-8159-7966",
