uid,domainID,siteID,namedLocation,decimalLatitude,decimalLongitude,coordinateUncertainty,elevation,elevationUncertainty,geodeticDatum,collectDate,aquaticSiteType,samplingImpractical,waterChemSamplesCollected,adequateSampleVol,parentSampleID,eventID,swcSamplingProtocolVersion,sampleExtractionMethod,samplerType,totalWellDepth,wellWaterDepth,waterColumnHeight,sampleDepth,purgeAverageDischargeRate,purgeTime,gwWellStabilized,purgeDryDateTime,pumpPlacementDate,screenedIntervalDepth,maxAllowableDrawdown,actualDrawdown,MADExceeded,wellVolumePurged,probeIDUnavailable,dissolvedOxygen,dissolvedOxygenSaturation,specificConductance,waterTemp,pH,waterClarityDescrip,waterColorDescrip,aCollectedBy,bCollectedBy,remarks
"11b64968-0c6a-4989-9dd2-91f1e6bf702b","D10","ARIK","ARIK.AOS.groundwater.well.001",39.758068,-102.452221,0.1,1184.4,0.1,"WGS84","2014-08-12T17:38Z","stream",,,,"ARIK.W1.20140812","ARIK.20140812","NEON.DOC.001219vA","low-flow",,,3.8,,,,,,,,,,,,6.0,,,,371.10,14.40,,,,"hschartel@neoninc.org","akaram@neoninc.org",
"65f9800d-7a35-45db-b519-f3821d5de701","D10","ARIK","ARIK.AOS.groundwater.well.004",39.760114,-102.451740,0.1,1182.7,0.1,"WGS84","2014-08-12T20:00Z","stream",,,,"ARIK.W4.20140812","ARIK.20140812","NEON.DOC.001219vA","low-flow",,,2.3,,,,,,,,,,,,4.0,,,,533.00,18.70,,,,"hschartel@neoninc.org","akaram@neoninc.org",
"3651091a-2b65-4e75-889a-45f372a4a348","D10","ARIK","ARIK.AOS.groundwater.well.005",39.759687,-102.448224,0.1,1181.1,0.1,"WGS84","2014-08-12T21:50Z","stream",,,,"ARIK.W5.20140812","ARIK.20140812","NEON.DOC.001219vA","low-flow",,,2.5,,,,,,,,,,,,4.0,,,,519.00,17.30,,,,"hschartel@neoninc.org","akaram@neoninc.org",
"c2c41fbd-1fe1-45f8-bf55-e268c866f43f","D10","ARIK","ARIK.AOS.groundwater.well.002",39.757704,-102.447584,0.1,1181.3,0.1,"WGS84","2014-08-12T23:28Z","stream",,,,"ARIK.W2.20140812","ARIK.20140812","NEON.DOC.001219vA","low-flow",,,2.8,,,,,,,,,,,,,,,,362.20,14.30,,,,"hschartel@neoninc.org","akaram@neoninc.org","pump battery died before sample taken"
