uid,domainID,siteID,namedLocation,collectDate,titrationDate,parentSampleID,domainSampleID,remarks,measuredBy,alkMeqPerL,alkMgPerL,ancMeqPerL,ancMgPerL
"e832720c-1404-4465-bde8-08733145555a","D10","ARIK","ARIK.AOS.groundwater.well.001","2014-08-12T17:38Z","2014-08-13T16:30Z","ARIK.W1.20140812","ARIK.W1.20140812.ALK",,"hschartel@neoninc.org",3.730,187.000,,
"b11d6101-065e-474e-bd11-52433ad8d5af","D10","ARIK","ARIK.AOS.groundwater.well.001","2014-08-12T17:38Z","2014-08-13T17:10Z","ARIK.W1.20140812","ARIK.W1.20140812.ANC",,"hschartel@neoninc.org",,,3.570,178.000
"bb1c9660-1605-40a7-b776-522ba44165ad","D10","ARIK","ARIK.AOS.groundwater.well.004","2014-08-12T20:00Z","2014-08-13T19:30Z","ARIK.W4.20140812","ARIK.W4.20140812.ALK",,"hschartel@neoninc.org",5.890,295.000,,
"0abf05b7-32a8-4845-9a79-acb761457f48","D10","ARIK","ARIK.AOS.groundwater.well.004","2014-08-12T20:00Z","2014-08-13T18:17Z","ARIK.W4.20140812","ARIK.W4.20140812.ANC",,"hschartel@neoninc.org",,,5.750,288.000
"9035e394-4a9f-48ab-aedb-f04fbe585d78","D10","ARIK","ARIK.AOS.groundwater.well.005","2014-08-12T21:50Z","2014-08-13T20:45Z","ARIK.W5.20140812","ARIK.W5.20140812.ANC",,"hschartel@neoninc.org",,,5.340,267.000
"d5226dee-7201-40f7-b12a-f71501da0d54","D10","ARIK","ARIK.AOS.groundwater.well.005","2014-08-12T21:50Z","2014-08-13T21:35Z","ARIK.W5.20140812","ARIK.W5.20140812.ALK",,"hschartel@neoninc.org",5.440,272.000,,
