uid,domainID,siteID,namedLocation,sampleID,sampleCode,startDate,collectDate,laboratoryName,analyte,analyteConcentration,analyteUnits,coolerTemp,remarks,shipmentWarmQF,externalLabDataQF,sampleCondition
"35184d9c-9843-4d52-b8d6-45f8b3961b76","D07","WALK","WALK.AOS.groundwater.well.003","WALK.W3.20190219.FIL","A00000044981","2019-02-19T14:47Z","2019-02-19T14:47Z","EcoCore_CSU","CO3",0.0050,"milligramsPerLiter",0.8,,0,"formatChange","GOOD"
"bbc751c1-7bcc-4243-980c-7caade95360b","D07","WALK","WALK.AOS.groundwater.well.003","WALK.W3.20190219.FIL","A00000044981","2019-02-19T14:47Z","2019-02-19T14:47Z","EcoCore_CSU","TDP",0.0315,"milligramsPerLiter",0.8,,0,"formatChange","GOOD"
"3a0bc726-3c6c-4a7f-b9b4-16b6f20e2454","D07","WALK","WALK.AOS.groundwater.well.003","WALK.W3.20190219.RAW","A00000044984","2019-02-19T14:47Z","2019-02-19T14:47Z","EcoCore_CSU","TSS",16.0000,"milligramsPerLiter",0.8,,0,"formatChange","GOOD"
"392c113f-2730-42f9-bf73-8f144ecc3916","D07","WALK","WALK.AOS.groundwater.well.003","WALK.W3.20190219.FIL","A00000044981","2019-02-19T14:47Z","2019-02-19T14:47Z","EcoCore_CSU","TDS",76.1900,"milligramsPerLiter",0.8,,0,"formatChange","GOOD"
"534b1ba8-d6fb-4964-a5c4-5e952b20a520","D07","WALK","WALK.AOS.groundwater.well.003","WALK.W3.20190219.PCN","A00000045102","2019-02-19T14:47Z","2019-02-19T14:47Z","EcoCore_CSU","TPN",0.0700,"milligram",0.8,,0,"formatChange","GOOD"
"af105b94-2c85-457a-b52b-bbd0b35f7c07","D07","WALK","WALK.AOS.groundwater.well.003","WALK.W3.20190219.FIL","A00000044981","2019-02-19T14:47Z","2019-02-19T14:47Z","EcoCore_CSU","Na",0.4340,"milligramsPerLiter",0.8,,0,"formatChange","GOOD"
"84e1e5aa-a906-4355-9605-27e02338f8ae","D07","WALK","WALK.AOS.groundwater.well.003","WALK.W3.20190219.FIL","A00000044981","2019-02-19T14:47Z","2019-02-19T14:47Z","EcoCore_CSU","Si",4.2277,"milligramsPerLiter",0.8,,0,"formatChange","GOOD"
"631b8bcd-4db6-4505-a35a-7034b4e94b09","D07","WALK","WALK.AOS.groundwater.well.003","WALK.W3.20190219.FIL","A00000044981","2019-02-19T14:47Z","2019-02-19T14:47Z","EcoCore_CSU","Cl",4.1760,"milligramsPerLiter",0.8,,0,"formatChange","GOOD"
"4eb41359-9f6b-4602-a091-f6d4d4a5c135","D07","WALK","WALK.AOS.groundwater.well.003","WALK.W3.20190219.FIL","A00000044981","2019-02-19T14:47Z","2019-02-19T14:47Z","EcoCore_CSU","DIC",12.2700,"milligramsPerLiter",0.8,,0,"formatChange","GOOD"
"9d104b3f-0315-4056-9160-2d42c4b32e32","D07","WALK","WALK.AOS.groundwater.well.003","WALK.W3.20190219.FIL","A00000044981","2019-02-19T14:47Z","2019-02-19T14:47Z","EcoCore_CSU","Mn",0.0005,"milligramsPerLiter",0.8,,0,"formatChange","GOOD"
"07c89fd8-4ffd-4f5c-a3ea-ca8eb28bc76a","D07","WALK","WALK.AOS.groundwater.well.003","WALK.W3.20190219.FIL","A00000044981","2019-02-19T14:47Z","2019-02-19T14:47Z","EcoCore_CSU","Mg",5.6420,"milligramsPerLiter",0.8,,0,"formatChange","GOOD"
"83934998-2738-44d1-8c47-335aa9cc7425","D07","WALK","WALK.AOS.groundwater.well.003","WALK.W3.20190219.FIL","A00000044981","2019-02-19T14:47Z","2019-02-19T14:47Z","EcoCore_CSU","F",0.4600,"milligramsPerLiter",0.8,,0,"formatChange","GOOD"
"feaa5b2a-f8ef-4ae8-95f6-6adbeca2b281","D07","WALK","WALK.AOS.groundwater.well.003","WALK.W3.20190219.RAW","A00000044984","2019-02-19T14:47Z","2019-02-19T14:47Z","EcoCore_CSU","TN",0.0539,"milligramsPerLiter",0.8,,0,"formatChange","GOOD"
"93b1cd83-e4ba-44bb-9f4f-685ee968152c","D07","WALK","WALK.AOS.groundwater.well.003","WALK.W3.20190219.FIL","A00000044981","2019-02-19T14:47Z","2019-02-19T14:47Z","EcoCore_CSU","NH4 - N",0.1109,"milligramsPerLiter",0.8,,0,"formatChange","GOOD"
"dfa067e6-0064-4dd3-a775-9d6e7a85a813","D07","WALK","WALK.AOS.groundwater.well.003","WALK.W3.20190219.FIL","A00000044981","2019-02-19T14:47Z","2019-02-19T14:47Z","EcoCore_CSU","K",0.3640,"milligramsPerLiter",0.8,,0,"formatChange","GOOD"
"869ff5b9-f4c7-42d2-b079-24cb96522c9a","D07","WALK","WALK.AOS.groundwater.well.003","WALK.W3.20190219.RAW","A00000044984","2019-02-19T14:47Z","2019-02-19T14:47Z","EcoCore_CSU","pH",7.7200,"pH",0.8,,0,"formatChange","GOOD"
"f3e27674-d4a4-48ef-a584-6f6ef55bbee4","D07","WALK","WALK.AOS.groundwater.well.003","WALK.W3.20190219.RAW","A00000044984","2019-02-19T14:47Z","2019-02-19T14:47Z","EcoCore_CSU","conductivity",110.1900,"microsiemensPerCentimeter",0.8,,0,"formatChange","GOOD"
"00fcf359-e5b8-4e24-a5a6-2cfc3d6fdd54","D07","WALK","WALK.AOS.groundwater.well.003","WALK.W3.20190219.FIL","A00000044981","2019-02-19T14:47Z","2019-02-19T14:47Z","EcoCore_CSU","UV Absorbance (250 nm)",0.0056,,0.8,,0,"formatChange","GOOD"
"cbb41c94-a400-42a0-bf2c-db8b03866fcf","D07","WALK","WALK.AOS.groundwater.well.003","WALK.W3.20190219.FIL","A00000044981","2019-02-19T14:47Z","2019-02-19T14:47Z","EcoCore_CSU","NO2 - N",0.0572,"milligramsPerLiter",0.8,"Low NO2+NO3 method",0,"formatChange","Other"
"4bd3a1d7-834a-4169-901c-479d8f17e828","D07","WALK","WALK.AOS.groundwater.well.003","WALK.W3.20190219.FIL","A00000044981","2019-02-19T14:47Z","2019-02-19T14:47Z","EcoCore_CSU","NO3+NO2 - N",-0.0672,"milligramsPerLiter",0.8,"Low NO2+NO3 method",0,"formatChange","Other"
"25e6cb04-11ab-4f96-9628-2e66d6e6b342","D07","WALK","WALK.AOS.groundwater.well.003","WALK.W3.20190219.FIL","A00000044981","2019-02-19T14:47Z","2019-02-19T14:47Z","EcoCore_CSU","HCO3",52.1700,"milligramsPerLiter",0.8,,0,"formatChange","GOOD"
"302dcab2-5425-4e29-9087-345f67ded805","D07","WALK","WALK.AOS.groundwater.well.003","WALK.W3.20190219.FIL","A00000044981","2019-02-19T14:47Z","2019-02-19T14:47Z","EcoCore_CSU","Fe",0.0219,"milligramsPerLiter",0.8,,0,"formatChange","GOOD"
"cc8b6469-fd0b-4be3-ac0b-7510b336159e","D07","WALK","WALK.AOS.groundwater.well.003","WALK.W3.20190219.FIL","A00000044981","2019-02-19T14:47Z","2019-02-19T14:47Z","EcoCore_CSU","TDN",0.1275,"milligramsPerLiter",0.8,,0,"formatChange","GOOD"
"b9ab23fd-2d08-4575-b3b0-d59479616b46","D07","WALK","WALK.AOS.groundwater.well.003","WALK.W3.20190219.FIL","A00000044981","2019-02-19T14:47Z","2019-02-19T14:47Z","EcoCore_CSU","Br",0.0050,"milligramsPerLiter",0.8,,0,"formatChange","GOOD"
"0280de85-4781-404f-97ae-423258e1dee5","D07","WALK","WALK.AOS.groundwater.well.003","WALK.W3.20190219.PCN","A00000045102","2019-02-19T14:47Z","2019-02-19T14:47Z","EcoCore_CSU","TPC",0.2820,"milligram",0.8,,0,"formatChange","GOOD"
"43449ed5-5151-4e99-905b-ca391a6df0d9","D07","WALK","WALK.AOS.groundwater.well.003","WALK.W3.20190219.FIL","A00000044981","2019-02-19T14:47Z","2019-02-19T14:47Z","EcoCore_CSU","SO4",5.0490,"milligramsPerLiter",0.8,,0,"formatChange","GOOD"
"42b2d7d2-da39-4cae-9a53-308659f5a11f","D07","WALK","WALK.AOS.groundwater.well.003","WALK.W3.20190219.FIL","A00000044981","2019-02-19T14:47Z","2019-02-19T14:47Z","EcoCore_CSU","Ortho - P",0.1460,"milligramsPerLiter",0.8,,0,"formatChange","GOOD"
"355d5374-45d5-4f14-9a54-da5799ad2286","D07","WALK","WALK.AOS.groundwater.well.003","WALK.W3.20190219.RAW","A00000044984","2019-02-19T14:47Z","2019-02-19T14:47Z","EcoCore_CSU","TSS - Dry Mass",800.0000,"microgram",0.8,,0,"formatChange","GOOD"
"78ba3017-23cb-4088-922a-f986acc48888","D07","WALK","WALK.AOS.groundwater.well.003","WALK.W3.20190219.RAW","A00000044984","2019-02-19T14:47Z","2019-02-19T14:47Z","EcoCore_CSU","ANC",0.9700,"milliequivalentsPerLiter",0.8,,0,"formatChange","GOOD"
"2726fb77-b5c6-4b95-88d1-f73d6d75677d","D07","WALK","WALK.AOS.groundwater.well.003","WALK.W3.20190219.FIL","A00000044981","2019-02-19T14:47Z","2019-02-19T14:47Z","EcoCore_CSU","UV Absorbance (280 nm)",0.0054,,0.8,,0,"formatChange","GOOD"
"9ea31b16-055c-4d4d-ab1a-0d14556516e9","D07","WALK","WALK.AOS.groundwater.well.003","WALK.W3.20190219.RAW","A00000044984","2019-02-19T14:47Z","2019-02-19T14:47Z","EcoCore_CSU","TP",0.4290,"milligramsPerLiter",0.8,,0,"formatChange","GOOD"
"b748073c-cc73-415b-a9dd-4df2f512b2db","D07","WALK","WALK.AOS.groundwater.well.003","WALK.W3.20190219.RAW","A00000044984","2019-02-19T14:47Z","2019-02-19T14:47Z","EcoCore_CSU","TOC",0.5025,"milligramsPerLiter",0.8,,0,"formatChange","GOOD"
"4129f93b-4f4f-4481-89bf-a874d2ac76ef","D07","WALK","WALK.AOS.groundwater.well.003","WALK.W3.20190219.FIL","A00000044981","2019-02-19T14:47Z","2019-02-19T14:47Z","EcoCore_CSU","Ca",11.9211,"milligramsPerLiter",0.8,,0,"formatChange","GOOD"
"b5466daf-f09f-47ef-a67a-6560030518db","D07","WALK","WALK.AOS.groundwater.well.003","WALK.W3.20190219.FIL","A00000044981","2019-02-19T14:47Z","2019-02-19T14:47Z","EcoCore_CSU","DOC",0.6847,"milligramsPerLiter",0.8,,0,"formatChange","GOOD"
"0cc62124-6d29-439e-9733-182dcd41ea7c","D07","WALK","WALK.AOS.groundwater.well.001","WALK.W1.20190219.FIL","A00000046135","2019-02-19T16:04Z","2019-02-19T16:04Z","EcoCore_CSU","F",0.6954,"milligramsPerLiter",0.8,,0,"formatChange","GOOD"
"6f43fc97-fc25-45ec-ad0b-d62d71fab4b9","D07","WALK","WALK.AOS.groundwater.well.001","WALK.W1.20190219.RAW","A00000044982","2019-02-19T16:04Z","2019-02-19T16:04Z","EcoCore_CSU","TP",0.5110,"milligramsPerLiter",0.8,,0,"formatChange","GOOD"
"19a42b52-102f-4072-b017-ed391656ac41","D07","WALK","WALK.AOS.groundwater.well.001","WALK.W1.20190219.FIL","A00000046135","2019-02-19T16:04Z","2019-02-19T16:04Z","EcoCore_CSU","UV Absorbance (280 nm)",-0.0003,,0.8,,0,"formatChange","GOOD"
"2e6a21e4-71e2-4f4a-82f5-d9b41641f60e","D07","WALK","WALK.AOS.groundwater.well.001","WALK.W1.20190219.FIL","A00000046135","2019-02-19T16:04Z","2019-02-19T16:04Z","EcoCore_CSU","UV Absorbance (250 nm)",-0.0002,,0.8,,0,"formatChange","GOOD"
"b0ee4a54-2bef-4bf6-98c7-1126a9e57b25","D07","WALK","WALK.AOS.groundwater.well.001","WALK.W1.20190219.PCN","A00000045100","2019-02-19T16:04Z","2019-02-19T16:04Z","EcoCore_CSU","TPN",0.1238,"milligram",0.8,,0,"formatChange","GOOD"
"431b3fbb-39ca-4411-8c90-c61935ff85eb","D07","WALK","WALK.AOS.groundwater.well.001","WALK.W1.20190219.RAW","A00000044982","2019-02-19T16:04Z","2019-02-19T16:04Z","EcoCore_CSU","TSS",16.0000,"milligramsPerLiter",0.8,,0,"formatChange","GOOD"
"b6c9a5db-40e7-43fd-8ca8-c2f2661bc21a","D07","WALK","WALK.AOS.groundwater.well.001","WALK.W1.20190219.FIL","A00000046135","2019-02-19T16:04Z","2019-02-19T16:04Z","EcoCore_CSU","Ortho - P",0.1820,"milligramsPerLiter",0.8,,0,"formatChange","GOOD"
"2ce23600-070a-47d4-9138-c6c7b7853996","D07","WALK","WALK.AOS.groundwater.well.001","WALK.W1.20190219.PCN","A00000045100","2019-02-19T16:04Z","2019-02-19T16:04Z","EcoCore_CSU","TPC",0.2559,"milligram",0.8,,0,"formatChange","GOOD"
"39e8d5d5-0eb9-4050-ab7b-dccbbd1097cd","D07","WALK","WALK.AOS.groundwater.well.001","WALK.W1.20190219.RAW","A00000044982","2019-02-19T16:04Z","2019-02-19T16:04Z","EcoCore_CSU","ANC",3.0800,"milliequivalentsPerLiter",0.8,,0,"formatChange","GOOD"
"dd84f169-32dd-460d-868a-594b424b9f3d","D07","WALK","WALK.AOS.groundwater.well.001","WALK.W1.20190219.RAW","A00000044982","2019-02-19T16:04Z","2019-02-19T16:04Z","EcoCore_CSU","pH",7.9300,"pH",0.8,,0,"formatChange","GOOD"
"8355fc6b-1a8d-48f6-a6c5-6859950e7aaf","D07","WALK","WALK.AOS.groundwater.well.001","WALK.W1.20190219.FIL","A00000046135","2019-02-19T16:04Z","2019-02-19T16:04Z","EcoCore_CSU","Br",0.0050,"milligramsPerLiter",0.8,,0,"formatChange","GOOD"
"581cdf1d-ed7a-480d-b2f0-3042923e83c3","D07","WALK","WALK.AOS.groundwater.well.001","WALK.W1.20190219.RAW","A00000044982","2019-02-19T16:04Z","2019-02-19T16:04Z","EcoCore_CSU","TN",0.1589,"milligramsPerLiter",0.8,,0,"formatChange","GOOD"
"ec74ed86-0626-4a32-9984-f628e64bae6e","D07","WALK","WALK.AOS.groundwater.well.001","WALK.W1.20190219.FIL","A00000046135","2019-02-19T16:04Z","2019-02-19T16:04Z","EcoCore_CSU","NO2 - N",0.0571,"milligramsPerLiter",0.8,"Low NO2+NO3 method",0,"formatChange","Other"
"db3bf008-475d-4449-8a94-a2839faec67e","D07","WALK","WALK.AOS.groundwater.well.001","WALK.W1.20190219.FIL","A00000046135","2019-02-19T16:04Z","2019-02-19T16:04Z","EcoCore_CSU","DIC",40.8100,"milligramsPerLiter",0.8,,0,"formatChange","GOOD"
"ecf73003-5cc0-4e80-9746-edd77401dc1b","D07","WALK","WALK.AOS.groundwater.well.001","WALK.W1.20190219.FIL","A00000046135","2019-02-19T16:04Z","2019-02-19T16:04Z","EcoCore_CSU","Na",0.6740,"milligramsPerLiter",0.8,,0,"formatChange","GOOD"
"a1a38864-35bf-4cbc-986f-131d76510332","D07","WALK","WALK.AOS.groundwater.well.001","WALK.W1.20190219.FIL","A00000046135","2019-02-19T16:04Z","2019-02-19T16:04Z","EcoCore_CSU","TDN",0.1541,"milligramsPerLiter",0.8,,0,"formatChange","GOOD"
"c05ee4de-64b9-41e1-bbc4-d5a8c52950e5","D07","WALK","WALK.AOS.groundwater.well.001","WALK.W1.20190219.FIL","A00000046135","2019-02-19T16:04Z","2019-02-19T16:04Z","EcoCore_CSU","K",0.7690,"milligramsPerLiter",0.8,,0,"formatChange","GOOD"
"6bd18d47-bccb-416a-8c33-0455c6160391","D07","WALK","WALK.AOS.groundwater.well.001","WALK.W1.20190219.FIL","A00000046135","2019-02-19T16:04Z","2019-02-19T16:04Z","EcoCore_CSU","TDP",0.0017,"milligramsPerLiter",0.8,,0,"formatChange","GOOD"
"38d8627a-0656-4854-b815-eabe59754801","D07","WALK","WALK.AOS.groundwater.well.001","WALK.W1.20190219.FIL","A00000046135","2019-02-19T16:04Z","2019-02-19T16:04Z","EcoCore_CSU","HCO3",184.2100,"milligramsPerLiter",0.8,,0,"formatChange","GOOD"
"f451fa4b-2bb2-4901-ae01-83701ec5c1ba","D07","WALK","WALK.AOS.groundwater.well.001","WALK.W1.20190219.FIL","A00000046135","2019-02-19T16:04Z","2019-02-19T16:04Z","EcoCore_CSU","Si",4.2030,"milligramsPerLiter",0.8,,0,"formatChange","GOOD"
"09c24fa1-fd5e-460e-a7d0-157ef31ce348","D07","WALK","WALK.AOS.groundwater.well.001","WALK.W1.20190219.FIL","A00000046135","2019-02-19T16:04Z","2019-02-19T16:04Z","EcoCore_CSU","Fe",0.0005,"milligramsPerLiter",0.8,,0,"formatChange","GOOD"
"5c65a769-9e9e-4e75-98e6-6c7164d373bf","D07","WALK","WALK.AOS.groundwater.well.001","WALK.W1.20190219.FIL","A00000046135","2019-02-19T16:04Z","2019-02-19T16:04Z","EcoCore_CSU","SO4",6.0780,"milligramsPerLiter",0.8,,0,"formatChange","GOOD"
"9a119031-dc8f-4820-83f8-6bd44d852e95","D07","WALK","WALK.AOS.groundwater.well.001","WALK.W1.20190219.FIL","A00000046135","2019-02-19T16:04Z","2019-02-19T16:04Z","EcoCore_CSU","CO3",0.0050,"milligramsPerLiter",0.8,,0,"formatChange","GOOD"
"f6f038a8-9ea3-4252-982f-7aaab31ba69d","D07","WALK","WALK.AOS.groundwater.well.001","WALK.W1.20190219.FIL","A00000046135","2019-02-19T16:04Z","2019-02-19T16:04Z","EcoCore_CSU","NH4 - N",0.1026,"milligramsPerLiter",0.8,,0,"formatChange","GOOD"
"4994c29e-8afc-4236-a966-2855aa213659","D07","WALK","WALK.AOS.groundwater.well.001","WALK.W1.20190219.FIL","A00000046135","2019-02-19T16:04Z","2019-02-19T16:04Z","EcoCore_CSU","Cl",7.1197,"milligramsPerLiter",0.8,,0,"formatChange","GOOD"
"7f476cba-ddf6-4b09-8179-88482ea85ce4","D07","WALK","WALK.AOS.groundwater.well.001","WALK.W1.20190219.FIL","A00000046135","2019-02-19T16:04Z","2019-02-19T16:04Z","EcoCore_CSU","NO3+NO2 - N",0.0212,"milligramsPerLiter",0.8,"Low NO2+NO3 method",0,"formatChange","Other"
"e2cdc967-b532-4700-86b7-1742d62e9c86","D07","WALK","WALK.AOS.groundwater.well.001","WALK.W1.20190219.FIL","A00000046135","2019-02-19T16:04Z","2019-02-19T16:04Z","EcoCore_CSU","Ca",36.6877,"milligramsPerLiter",0.8,,0,"formatChange","GOOD"
"71cba65e-e8bc-4b4c-befc-50fd32ce3a26","D07","WALK","WALK.AOS.groundwater.well.001","WALK.W1.20190219.RAW","A00000044982","2019-02-19T16:04Z","2019-02-19T16:04Z","EcoCore_CSU","TSS - Dry Mass",800.0000,"microgram",0.8,,0,"formatChange","GOOD"
"79970e5f-add8-451c-9e81-7b41bdc05050","D07","WALK","WALK.AOS.groundwater.well.001","WALK.W1.20190219.RAW","A00000044982","2019-02-19T16:04Z","2019-02-19T16:04Z","EcoCore_CSU","conductivity",335.4200,"microsiemensPerCentimeter",0.8,,0,"formatChange","GOOD"
"2263820b-bfbf-4465-aaa7-d5356a28b012","D07","WALK","WALK.AOS.groundwater.well.001","WALK.W1.20190219.FIL","A00000046135","2019-02-19T16:04Z","2019-02-19T16:04Z","EcoCore_CSU","Mn",0.0005,"milligramsPerLiter",0.8,,0,"formatChange","GOOD"
"9deca5c7-4552-403c-af35-70ca69333aef","D07","WALK","WALK.AOS.groundwater.well.001","WALK.W1.20190219.FIL","A00000046135","2019-02-19T16:04Z","2019-02-19T16:04Z","EcoCore_CSU","Mg",17.8300,"milligramsPerLiter",0.8,,0,"formatChange","GOOD"
"71bf3bc6-e363-4050-ac40-b8f51701db8d","D07","WALK","WALK.AOS.groundwater.well.001","WALK.W1.20190219.FIL","A00000046135","2019-02-19T16:04Z","2019-02-19T16:04Z","EcoCore_CSU","TDS",233.4200,"milligramsPerLiter",0.8,,0,"formatChange","GOOD"
"fc548c87-728a-4760-a39b-f45ef0ed793d","D07","WALK","WALK.AOS.groundwater.well.001","WALK.W1.20190219.RAW","A00000044982","2019-02-19T16:04Z","2019-02-19T16:04Z","EcoCore_CSU","TOC",0.6241,"milligramsPerLiter",0.8,,0,"formatChange","GOOD"
"9edd064a-690f-425a-8487-c57da08ca467","D07","WALK","WALK.AOS.groundwater.well.001","WALK.W1.20190219.FIL","A00000046135","2019-02-19T16:04Z","2019-02-19T16:04Z","EcoCore_CSU","DOC",0.6531,"milligramsPerLiter",0.8,,0,"formatChange","GOOD"
"6ed78fcf-3f27-4545-ade7-337ff731124e","D07","WALK","WALK.AOS.groundwater.well.002","WALK.W2.20190219.RAW","A00000044983","2019-02-19T17:06Z","2019-02-19T17:06Z","EcoCore_CSU","conductivity",126.2700,"microsiemensPerCentimeter",0.8,,0,"formatChange","GOOD"
"62ca1884-5078-4a15-8324-ffc0655d10e0","D07","WALK","WALK.AOS.groundwater.well.002","WALK.W2.20190219.FIL","A00000046136","2019-02-19T17:06Z","2019-02-19T17:06Z","EcoCore_CSU","Na",0.4880,"milligramsPerLiter",0.8,,0,"formatChange","GOOD"
"a54f18e1-0839-4a96-ae54-b8dd02b744a9","D07","WALK","WALK.AOS.groundwater.well.002","WALK.W2.20190219.FIL","A00000046136","2019-02-19T17:06Z","2019-02-19T17:06Z","EcoCore_CSU","UV Absorbance (280 nm)",0.0068,,0.8,,0,"formatChange","GOOD"
"9b970dd6-759e-4282-a691-baefbb5b13e2","D07","WALK","WALK.AOS.groundwater.well.002","WALK.W2.20190219.FIL","A00000046136","2019-02-19T17:06Z","2019-02-19T17:06Z","EcoCore_CSU","TDS",89.5600,"milligramsPerLiter",0.8,,0,"formatChange","GOOD"
"28b2ef7c-9a7f-49eb-b557-05c54f52e015","D07","WALK","WALK.AOS.groundwater.well.002","WALK.W2.20190219.PCN","A00000045101","2019-02-19T17:06Z","2019-02-19T17:06Z","EcoCore_CSU","TPC",0.2748,"milligram",0.8,,0,"formatChange","GOOD"
"0270a319-ea80-4f67-a074-ccff6bd455df","D07","WALK","WALK.AOS.groundwater.well.002","WALK.W2.20190219.FIL","A00000046136","2019-02-19T17:06Z","2019-02-19T17:06Z","EcoCore_CSU","Ortho - P",0.1540,"milligramsPerLiter",0.8,,0,"formatChange","GOOD"
"d0f8c445-332e-4e96-9eaf-0b2816b90f90","D07","WALK","WALK.AOS.groundwater.well.002","WALK.W2.20190219.FIL","A00000046136","2019-02-19T17:06Z","2019-02-19T17:06Z","EcoCore_CSU","UV Absorbance (250 nm)",0.0080,,0.8,,0,"formatChange","GOOD"
"6dbcda6c-bd7d-4ba2-9db7-2a1b2b00554d","D07","WALK","WALK.AOS.groundwater.well.002","WALK.W2.20190219.FIL","A00000046136","2019-02-19T17:06Z","2019-02-19T17:06Z","EcoCore_CSU","CO3",0.0050,"milligramsPerLiter",0.8,,0,"formatChange","GOOD"
"8089efab-b691-4f84-9fa6-fe0680d0f422","D07","WALK","WALK.AOS.groundwater.well.002","WALK.W2.20190219.RAW","A00000044983","2019-02-19T17:06Z","2019-02-19T17:06Z","EcoCore_CSU","pH",7.6100,"pH",0.8,,0,"formatChange","GOOD"
"c670ea1e-d276-4296-b7f9-4769ec9f8c65","D07","WALK","WALK.AOS.groundwater.well.002","WALK.W2.20190219.FIL","A00000046136","2019-02-19T17:06Z","2019-02-19T17:06Z","EcoCore_CSU","Mg",6.0730,"milligramsPerLiter",0.8,,0,"formatChange","GOOD"
"17b14dda-8df6-4c98-b877-8c2f3f74f2aa","D07","WALK","WALK.AOS.groundwater.well.002","WALK.W2.20190219.RAW","A00000044983","2019-02-19T17:06Z","2019-02-19T17:06Z","EcoCore_CSU","TOC",0.7372,"milligramsPerLiter",0.8,,0,"formatChange","GOOD"
"b6f6476e-e7ad-4fb1-adc2-ad4f1a39cf26","D07","WALK","WALK.AOS.groundwater.well.002","WALK.W2.20190219.RAW","A00000044983","2019-02-19T17:06Z","2019-02-19T17:06Z","EcoCore_CSU","TSS - Dry Mass",0.0000,"microgram",0.8,,0,"formatChange","GOOD"
"b1089793-b4e1-4bd5-a2c0-fa9df32d616f","D07","WALK","WALK.AOS.groundwater.well.002","WALK.W2.20190219.FIL","A00000046136","2019-02-19T17:06Z","2019-02-19T17:06Z","EcoCore_CSU","TDN",0.1006,"milligramsPerLiter",0.8,,0,"formatChange","GOOD"
"3ed574e0-62d2-4854-a6d7-a532dadbfcec","D07","WALK","WALK.AOS.groundwater.well.002","WALK.W2.20190219.FIL","A00000046136","2019-02-19T17:06Z","2019-02-19T17:06Z","EcoCore_CSU","K",0.3680,"milligramsPerLiter",0.8,,0,"formatChange","GOOD"
"c3962b96-0de5-4c95-8463-62477b030e09","D07","WALK","WALK.AOS.groundwater.well.002","WALK.W2.20190219.RAW","A00000044983","2019-02-19T17:06Z","2019-02-19T17:06Z","EcoCore_CSU","ANC",1.5900,"milliequivalentsPerLiter",0.8,,0,"formatChange","GOOD"
"9830c709-ebfb-4440-b33c-15b0b48e83df","D07","WALK","WALK.AOS.groundwater.well.002","WALK.W2.20190219.FIL","A00000046136","2019-02-19T17:06Z","2019-02-19T17:06Z","EcoCore_CSU","NO3+NO2 - N",-0.0586,"milligramsPerLiter",0.8,"Low NO2+NO3 method",0,"formatChange","Other"
"5a22ce9b-0285-4997-a388-5a189572980f","D07","WALK","WALK.AOS.groundwater.well.002","WALK.W2.20190219.FIL","A00000046136","2019-02-19T17:06Z","2019-02-19T17:06Z","EcoCore_CSU","Fe",0.0028,"milligramsPerLiter",0.8,,0,"formatChange","GOOD"
"f160d97c-fd57-466a-86ec-c1e8180efa1a","D07","WALK","WALK.AOS.groundwater.well.002","WALK.W2.20190219.FIL","A00000046136","2019-02-19T17:06Z","2019-02-19T17:06Z","EcoCore_CSU","F",0.6800,"milligramsPerLiter",0.8,,0,"formatChange","GOOD"
"2d184483-ff92-4678-900e-55a6855e0973","D07","WALK","WALK.AOS.groundwater.well.002","WALK.W2.20190219.RAW","A00000044983","2019-02-19T17:06Z","2019-02-19T17:06Z","EcoCore_CSU","TSS",0.0000,"milligramsPerLiter",0.8,,0,"formatChange","GOOD"
"30ac114c-28da-4cd6-8b08-2a03013e9489","D07","WALK","WALK.AOS.groundwater.well.002","WALK.W2.20190219.FIL","A00000046136","2019-02-19T17:06Z","2019-02-19T17:06Z","EcoCore_CSU","SO4",3.2160,"milligramsPerLiter",0.8,,0,"formatChange","GOOD"
"6dc75114-7fdd-4265-bd19-c66306c5ff4e","D07","WALK","WALK.AOS.groundwater.well.002","WALK.W2.20190219.FIL","A00000046136","2019-02-19T17:06Z","2019-02-19T17:06Z","EcoCore_CSU","Cl",4.2154,"milligramsPerLiter",0.8,,0,"formatChange","GOOD"
"53980cc4-5edb-4d93-960a-0a3ce6d81f66","D07","WALK","WALK.AOS.groundwater.well.002","WALK.W2.20190219.RAW","A00000044983","2019-02-19T17:06Z","2019-02-19T17:06Z","EcoCore_CSU","TP",0.4230,"milligramsPerLiter",0.8,,0,"formatChange","GOOD"
"690cc70b-c97b-4df7-b4be-3bf619149861","D07","WALK","WALK.AOS.groundwater.well.002","WALK.W2.20190219.FIL","A00000046136","2019-02-19T17:06Z","2019-02-19T17:06Z","EcoCore_CSU","DOC",0.7269,"milligramsPerLiter",0.8,,0,"formatChange","GOOD"
"d8a4543b-1af3-46f6-ac84-069898f9a530","D07","WALK","WALK.AOS.groundwater.well.002","WALK.W2.20190219.FIL","A00000046136","2019-02-19T17:06Z","2019-02-19T17:06Z","EcoCore_CSU","Si",3.6767,"milligramsPerLiter",0.8,,0,"formatChange","GOOD"
"38321f25-ad5a-4714-8e37-ffb6fd23a9db","D07","WALK","WALK.AOS.groundwater.well.002","WALK.W2.20190219.FIL","A00000046136","2019-02-19T17:06Z","2019-02-19T17:06Z","EcoCore_CSU","Ca",14.4242,"milligramsPerLiter",0.8,,0,"formatChange","GOOD"
"ab29d6a2-f7ee-466a-8b00-3cb03ee6d600","D07","WALK","WALK.AOS.groundwater.well.002","WALK.W2.20190219.RAW","A00000044983","2019-02-19T17:06Z","2019-02-19T17:06Z","EcoCore_CSU","TN",0.1216,"milligramsPerLiter",0.8,,0,"formatChange","GOOD"
"e2646c91-7238-4df0-8460-cb022c3d1b24","D07","WALK","WALK.AOS.groundwater.well.002","WALK.W2.20190219.FIL","A00000046136","2019-02-19T17:06Z","2019-02-19T17:06Z","EcoCore_CSU","Br",0.0050,"milligramsPerLiter",0.8,,0,"formatChange","GOOD"
"baf9527d-098f-4b1b-9b9a-df99c6a9d80d","D07","WALK","WALK.AOS.groundwater.well.002","WALK.W2.20190219.FIL","A00000046136","2019-02-19T17:06Z","2019-02-19T17:06Z","EcoCore_CSU","NH4 - N",0.0585,"milligramsPerLiter",0.8,,0,"formatChange","GOOD"
"ce3f5221-c07f-4e31-8f39-82b9beaab705","D07","WALK","WALK.AOS.groundwater.well.002","WALK.W2.20190219.FIL","A00000046136","2019-02-19T17:06Z","2019-02-19T17:06Z","EcoCore_CSU","NO2 - N",0.0570,"milligramsPerLiter",0.8,"Low NO2+NO3 method",0,"formatChange","Other"
"cdefe855-7c6c-4fed-84e0-666e80d9a3ef","D07","WALK","WALK.AOS.groundwater.well.002","WALK.W2.20190219.PCN","A00000045101","2019-02-19T17:06Z","2019-02-19T17:06Z","EcoCore_CSU","TPN",0.1355,"milligram",0.8,,0,"formatChange","GOOD"
"1174bb74-9313-4fd6-8120-cd9d986cbd1d","D07","WALK","WALK.AOS.groundwater.well.002","WALK.W2.20190219.FIL","A00000046136","2019-02-19T17:06Z","2019-02-19T17:06Z","EcoCore_CSU","HCO3",64.5800,"milligramsPerLiter",0.8,,0,"formatChange","GOOD"
"0d8e0c5e-6e72-47e6-a172-d16710c44102","D07","WALK","WALK.AOS.groundwater.well.002","WALK.W2.20190219.FIL","A00000046136","2019-02-19T17:06Z","2019-02-19T17:06Z","EcoCore_CSU","DIC",14.3300,"milligramsPerLiter",0.8,,0,"formatChange","GOOD"
"e7faf5d3-2ef9-4749-88d7-ff9b9e8c9f5c","D07","WALK","WALK.AOS.groundwater.well.002","WALK.W2.20190219.FIL","A00000046136","2019-02-19T17:06Z","2019-02-19T17:06Z","EcoCore_CSU","Mn",0.0080,"milligramsPerLiter",0.8,,0,"formatChange","GOOD"
"19a3f06a-0e13-40c6-8e10-b2ad72182ac8","D07","WALK","WALK.AOS.groundwater.well.002","WALK.W2.20190219.FIL","A00000046136","2019-02-19T17:06Z","2019-02-19T17:06Z","EcoCore_CSU","TDP",0.0224,"milligramsPerLiter",0.8,,0,"formatChange","GOOD"
