uid,domainID,siteID,namedLocation,sampleID,sampleCode,startDate,collectDate,laboratoryName,analyte,analyteConcentration,analyteUnits,coolerTemp,remarks,shipmentWarmQF,externalLabDataQF,sampleCondition
"f874e2e5-a0c2-463f-9dd2-8792c79a60f8","D08","BLWA","BLWA.AOS.groundwater.well.001","BLWA.W1.20190617.FIL","A00000082707","2019-06-17T16:07Z","2019-06-17T16:07Z","EcoCore_CSU","CO3",0.0050,"milligramsPerLiter",0.3,,0,"formatChange","GOOD"
"d7dc10db-4699-4372-a8bb-7234d0795e43","D08","BLWA","BLWA.AOS.groundwater.well.001","BLWA.W1.20190617.RAW","A00000082706","2019-06-17T16:07Z","2019-06-17T16:07Z","EcoCore_CSU","ANC",0.0500,"milliequivalentsPerLiter",0.3,,0,"formatChange","GOOD"
"6875ff7e-b750-4bb1-9b61-105b30177b99","D08","BLWA","BLWA.AOS.groundwater.well.001","BLWA.W1.20190617.RAW","A00000082706","2019-06-17T16:07Z","2019-06-17T16:07Z","EcoCore_CSU","TN",0.1856,"milligramsPerLiter",0.3,,0,"formatChange","GOOD"
"1d97eb35-1dbc-4d56-87e1-a8627d701b24","D08","BLWA","BLWA.AOS.groundwater.well.001","BLWA.W1.20190617.FIL","A00000082707","2019-06-17T16:07Z","2019-06-17T16:07Z","EcoCore_CSU","NO2 - N",-0.0029,"milligramsPerLiter",0.3,,0,"formatChange","GOOD"
"139b47ef-1c14-4ed6-a3d1-c9dc3aa986bc","D08","BLWA","BLWA.AOS.groundwater.well.001","BLWA.W1.20190617.FIL","A00000082707","2019-06-17T16:07Z","2019-06-17T16:07Z","EcoCore_CSU","Fe",2.7469,"milligramsPerLiter",0.3,,0,"formatChange","GOOD"
"76380332-6be3-419a-8112-01a9b53c888f","D08","BLWA","BLWA.AOS.groundwater.well.001","BLWA.W1.20190617.FIL","A00000082707","2019-06-17T16:07Z","2019-06-17T16:07Z","EcoCore_CSU","Mg",1.1940,"milligramsPerLiter",0.3,,0,"formatChange","GOOD"
"754325c7-f028-4e68-8555-bac0b773db41","D08","BLWA","BLWA.AOS.groundwater.well.001","BLWA.W1.20190617.RAW","A00000082706","2019-06-17T16:07Z","2019-06-17T16:07Z","EcoCore_CSU","conductivity",58.6400,"microsiemensPerCentimeter",0.3,,0,"formatChange","GOOD"
"fecd2f47-f128-41fd-a52a-231801e7f654","D08","BLWA","BLWA.AOS.groundwater.well.001","BLWA.W1.20190617.FIL","A00000082707","2019-06-17T16:07Z","2019-06-17T16:07Z","EcoCore_CSU","K",0.4960,"milligramsPerLiter",0.3,,0,"formatChange","GOOD"
"85856cec-c00d-4df3-9d26-8f216c4d2bfc","D08","BLWA","BLWA.AOS.groundwater.well.001","BLWA.W1.20190617.FIL","A00000082707","2019-06-17T16:07Z","2019-06-17T16:07Z","EcoCore_CSU","Br",0.0050,"milligramsPerLiter",0.3,,0,"formatChange","GOOD"
"d5215c96-d346-4b11-96b1-eaaab6093676","D08","BLWA","BLWA.AOS.groundwater.well.001","BLWA.W1.20190617.FIL","A00000082707","2019-06-17T16:07Z","2019-06-17T16:07Z","EcoCore_CSU","SO4",2.3040,"milligramsPerLiter",0.3,,0,"formatChange","GOOD"
"ff15a213-2cb4-4caf-aca1-1ffc86b8f80b","D08","BLWA","BLWA.AOS.groundwater.well.001","BLWA.W1.20190617.FIL","A00000082707","2019-06-17T16:07Z","2019-06-17T16:07Z","EcoCore_CSU","TDP",0.0877,"milligramsPerLiter",0.3,,0,"formatChange","GOOD"
"ba616bbd-34cc-4427-a43e-56af80db8afe","D08","BLWA","BLWA.AOS.groundwater.well.001","BLWA.W1.20190617.FIL","A00000082707","2019-06-17T16:07Z","2019-06-17T16:07Z","EcoCore_CSU","Si",10.8938,"milligramsPerLiter",0.3,,0,"formatChange","GOOD"
"7b1fbf7d-ff78-4b81-b5b3-be9d8aef6e60","D08","BLWA","BLWA.AOS.groundwater.well.001","BLWA.W1.20190617.FIL","A00000082707","2019-06-17T16:07Z","2019-06-17T16:07Z","EcoCore_CSU","Ca",5.1326,"milligramsPerLiter",0.3,,0,"formatChange","GOOD"
"1b06655e-374f-4dbf-80f3-9eb50bc441eb","D08","BLWA","BLWA.AOS.groundwater.well.001","BLWA.W1.20190617.RAW","A00000082706","2019-06-17T16:07Z","2019-06-17T16:07Z","EcoCore_CSU","TSS - Dry Mass",3100.0000,"microgram",0.3,,0,"formatChange","GOOD"
"4a9912c8-c312-4f79-b1a4-bdcad8704b82","D08","BLWA","BLWA.AOS.groundwater.well.001","BLWA.W1.20190617.FIL","A00000082707","2019-06-17T16:07Z","2019-06-17T16:07Z","EcoCore_CSU","NO3+NO2 - N",0.0499,"milligramsPerLiter",0.3,,0,"formatChange","GOOD"
"f48e42b1-78ae-4bd1-bd9f-706e87ec98c5","D08","BLWA","BLWA.AOS.groundwater.well.001","BLWA.W1.20190617.FIL","A00000082707","2019-06-17T16:07Z","2019-06-17T16:07Z","EcoCore_CSU","Na",4.8470,"milligramsPerLiter",0.3,,0,"formatChange","GOOD"
"e24724d3-9ebc-4986-85fd-84c6b00e40bd","D08","BLWA","BLWA.AOS.groundwater.well.001","BLWA.W1.20190617.FIL","A00000082707","2019-06-17T16:07Z","2019-06-17T16:07Z","EcoCore_CSU","HCO3",2.6200,"milligramsPerLiter",0.3,,0,"formatChange","GOOD"
"ca50d1a2-c568-4e27-9001-c47d509d92b4","D08","BLWA","BLWA.AOS.groundwater.well.001","BLWA.W1.20190617.FIL","A00000082707","2019-06-17T16:07Z","2019-06-17T16:07Z","EcoCore_CSU","Ortho - P",0.0290,"milligramsPerLiter",0.3,,0,"formatChange","GOOD"
"9f462442-ac8c-4bf2-9516-873a96dc9db7","D08","BLWA","BLWA.AOS.groundwater.well.001","BLWA.W1.20190617.RAW","A00000082706","2019-06-17T16:07Z","2019-06-17T16:07Z","EcoCore_CSU","TSS",62.0000,"milligramsPerLiter",0.3,,0,"formatChange","GOOD"
"c247f88c-1a53-45a9-b533-222d624df52a","D08","BLWA","BLWA.AOS.groundwater.well.001","BLWA.W1.20190617.FIL","A00000082707","2019-06-17T16:07Z","2019-06-17T16:07Z","EcoCore_CSU","Cl",10.0838,"milligramsPerLiter",0.3,,0,"formatChange","GOOD"
"ed90b809-6daf-44dd-8520-3070e9be81fe","D08","BLWA","BLWA.AOS.groundwater.well.001","BLWA.W1.20190617.FIL","A00000082707","2019-06-17T16:07Z","2019-06-17T16:07Z","EcoCore_CSU","TDN",0.1641,"milligramsPerLiter",0.3,,0,"formatChange","GOOD"
"c52fa271-b2ce-43ee-aee6-356e651cf2a0","D08","BLWA","BLWA.AOS.groundwater.well.001","BLWA.W1.20190617.FIL","A00000082707","2019-06-17T16:07Z","2019-06-17T16:07Z","EcoCore_CSU","DOC",0.5606,"milligramsPerLiter",0.3,,0,"formatChange","GOOD"
"70622d17-78ea-4a3d-b090-8b235a139bec","D08","BLWA","BLWA.AOS.groundwater.well.001","BLWA.W1.20190617.PCN","A00000081802","2019-06-17T16:07Z","2019-06-17T16:07Z","EcoCore_CSU","TPC",0.2585,"milligram",0.3,,0,"formatChange","GOOD"
"037d1379-07c9-4298-a9a0-5135f1486bab","D08","BLWA","BLWA.AOS.groundwater.well.001","BLWA.W1.20190617.FIL","A00000082707","2019-06-17T16:07Z","2019-06-17T16:07Z","EcoCore_CSU","DIC",12.8800,"milligramsPerLiter",0.3,,0,"formatChange","GOOD"
"2f064398-4303-4710-b168-7fa261cec6c0","D08","BLWA","BLWA.AOS.groundwater.well.001","BLWA.W1.20190617.FIL","A00000082707","2019-06-17T16:07Z","2019-06-17T16:07Z","EcoCore_CSU","TDS",42.3900,"milligramsPerLiter",0.3,,0,"formatChange","GOOD"
"db2a1215-576a-4b52-b5bf-0964d0224d3d","D08","BLWA","BLWA.AOS.groundwater.well.001","BLWA.W1.20190617.FIL","A00000082707","2019-06-17T16:07Z","2019-06-17T16:07Z","EcoCore_CSU","F",3.8401,"milligramsPerLiter",0.3,,0,"formatChange","GOOD"
"aa50c54b-60d8-4e25-9384-24bf18f23d0d","D08","BLWA","BLWA.AOS.groundwater.well.001","BLWA.W1.20190617.FIL","A00000082707","2019-06-17T16:07Z","2019-06-17T16:07Z","EcoCore_CSU","NH4 - N",0.1108,"milligramsPerLiter",0.3,,0,"formatChange","GOOD"
"662411f5-6dbf-490f-aba5-ac3c6f75e10b","D08","BLWA","BLWA.AOS.groundwater.well.001","BLWA.W1.20190617.RAW","A00000082706","2019-06-17T16:07Z","2019-06-17T16:07Z","EcoCore_CSU","TP",0.7476,"milligramsPerLiter",0.3,,0,"formatChange","GOOD"
"c710b180-6651-4538-b1f0-3a14a4ded7f8","D08","BLWA","BLWA.AOS.groundwater.well.001","BLWA.W1.20190617.RAW","A00000082706","2019-06-17T16:07Z","2019-06-17T16:07Z","EcoCore_CSU","pH",6.4300,"pH",0.3,,0,"formatChange","GOOD"
"e57598d8-3abe-434a-a405-241d8db09809","D08","BLWA","BLWA.AOS.groundwater.well.001","BLWA.W1.20190617.FIL","A00000082707","2019-06-17T16:07Z","2019-06-17T16:07Z","EcoCore_CSU","Mn",0.2040,"milligramsPerLiter",0.3,,0,"formatChange","GOOD"
"549d5a5a-e4ca-4971-b7ca-81eaec46b426","D08","BLWA","BLWA.AOS.groundwater.well.001","BLWA.W1.20190617.RAW","A00000082706","2019-06-17T16:07Z","2019-06-17T16:07Z","EcoCore_CSU","TOC",0.9279,"milligramsPerLiter",0.3,,0,"formatChange","GOOD"
"01916aad-11bb-4cab-8431-e95150ede50c","D08","BLWA","BLWA.AOS.groundwater.well.001","BLWA.W1.20190617.PCN","A00000081802","2019-06-17T16:07Z","2019-06-17T16:07Z","EcoCore_CSU","TPN",0.1237,"milligram",0.3,,0,"formatChange","GOOD"
"20419ee0-e9dc-4d6b-85d2-3be916678898","D08","BLWA","BLWA.AOS.groundwater.well.001","BLWA.W1.20190617.FIL","A00000082707","2019-06-17T16:07Z","2019-06-17T16:07Z","EcoCore_CSU","UV Absorbance (280 nm)",0.0530,,0.3,,0,"formatChange","GOOD"
"9abfdceb-8708-4cce-b248-4dbb95fdf790","D08","BLWA","BLWA.AOS.groundwater.well.001","BLWA.W1.20190617.FIL","A00000082707","2019-06-17T16:07Z","2019-06-17T16:07Z","EcoCore_CSU","UV Absorbance (250 nm)",0.0602,,0.3,,0,"formatChange","GOOD"
"d1e2bdb3-0ae6-410b-97b7-789a30cb490d","D08","BLWA","BLWA.AOS.groundwater.well.002","BLWA.W2.20190617.PCN","A00000082691","2019-06-17T18:15Z","2019-06-17T18:15Z","EcoCore_CSU","TPN",0.1039,"milligram",0.7,,0,"formatChange","GOOD"
"01bb76c0-149c-4cdf-a131-abaaa5296e0f","D08","BLWA","BLWA.AOS.groundwater.well.002","BLWA.W2.20190617.RAW","A00000082704","2019-06-17T18:15Z","2019-06-17T18:15Z","EcoCore_CSU","TOC",1.5660,"milligramsPerLiter",0.7,,0,"formatChange","GOOD"
"a33d3548-7e55-4320-bb1c-ca6ecf6d7307","D08","BLWA","BLWA.AOS.groundwater.well.002","BLWA.W2.20190617.FIL","A00000082705","2019-06-17T18:15Z","2019-06-17T18:15Z","EcoCore_CSU","Si",20.6542,"milligramsPerLiter",0.7,,0,"formatChange","GOOD"
"6e441552-722d-4cb9-a713-09dd397fb8ea","D08","BLWA","BLWA.AOS.groundwater.well.002","BLWA.W2.20190617.FIL","A00000082705","2019-06-17T18:15Z","2019-06-17T18:15Z","EcoCore_CSU","Ca",18.7782,"milligramsPerLiter",0.7,,0,"formatChange","GOOD"
"ce3d0518-8e79-4b23-be4f-7f53bf6bc411","D08","BLWA","BLWA.AOS.groundwater.well.002","BLWA.W2.20190617.FIL","A00000082705","2019-06-17T18:15Z","2019-06-17T18:15Z","EcoCore_CSU","UV Absorbance (280 nm)",0.1331,,0.7,,0,"formatChange","GOOD"
"5e844603-398e-4665-a764-aa621636ea25","D08","BLWA","BLWA.AOS.groundwater.well.002","BLWA.W2.20190617.RAW","A00000082704","2019-06-17T18:15Z","2019-06-17T18:15Z","EcoCore_CSU","pH",6.6600,"pH",0.7,,0,"formatChange","GOOD"
"5adc0027-9ba3-4dee-a0af-04310023f25b","D08","BLWA","BLWA.AOS.groundwater.well.002","BLWA.W2.20190617.FIL","A00000082705","2019-06-17T18:15Z","2019-06-17T18:15Z","EcoCore_CSU","CO3",0.0050,"milligramsPerLiter",0.7,,0,"formatChange","GOOD"
"be894efc-f328-4d7f-a051-5493c45ffab9","D08","BLWA","BLWA.AOS.groundwater.well.002","BLWA.W2.20190617.RAW","A00000082704","2019-06-17T18:15Z","2019-06-17T18:15Z","EcoCore_CSU","TN",0.2555,"milligramsPerLiter",0.7,,0,"formatChange","GOOD"
"68fc173c-d6d5-441f-b08f-f6876658b199","D08","BLWA","BLWA.AOS.groundwater.well.002","BLWA.W2.20190617.RAW","A00000082704","2019-06-17T18:15Z","2019-06-17T18:15Z","EcoCore_CSU","ANC",1.6100,"milliequivalentsPerLiter",0.7,,0,"formatChange","GOOD"
"90bf791a-15d4-449c-99f5-c5a6b8385318","D08","BLWA","BLWA.AOS.groundwater.well.002","BLWA.W2.20190617.FIL","A00000082705","2019-06-17T18:15Z","2019-06-17T18:15Z","EcoCore_CSU","Ortho - P",0.0300,"milligramsPerLiter",0.7,,0,"formatChange","GOOD"
"b89de40f-aec5-43ff-a420-a8a766c71f09","D08","BLWA","BLWA.AOS.groundwater.well.002","BLWA.W2.20190617.FIL","A00000082705","2019-06-17T18:15Z","2019-06-17T18:15Z","EcoCore_CSU","TDP",1.0204,"milligramsPerLiter",0.7,,0,"formatChange","GOOD"
"7972b250-2681-4466-9288-74a566597dd5","D08","BLWA","BLWA.AOS.groundwater.well.002","BLWA.W2.20190617.FIL","A00000082705","2019-06-17T18:15Z","2019-06-17T18:15Z","EcoCore_CSU","TDN",0.1602,"milligramsPerLiter",0.7,,0,"formatChange","GOOD"
"b840a76b-904b-4a31-8ec4-6b1038ad8f63","D08","BLWA","BLWA.AOS.groundwater.well.002","BLWA.W2.20190617.RAW","A00000082704","2019-06-17T18:15Z","2019-06-17T18:15Z","EcoCore_CSU","conductivity",623.5200,"microsiemensPerCentimeter",0.7,,0,"formatChange","GOOD"
"dda77267-402d-4274-bdcc-f31364ec2cb9","D08","BLWA","BLWA.AOS.groundwater.well.002","BLWA.W2.20190617.RAW","A00000082704","2019-06-17T18:15Z","2019-06-17T18:15Z","EcoCore_CSU","TP",2.2681,"milligramsPerLiter",0.7,,0,"formatChange","GOOD"
"135d00f4-7be6-437f-8adb-bed71951e556","D08","BLWA","BLWA.AOS.groundwater.well.002","BLWA.W2.20190617.RAW","A00000082704","2019-06-17T18:15Z","2019-06-17T18:15Z","EcoCore_CSU","TSS - Dry Mass",7200.0000,"microgram",0.7,,0,"formatChange","GOOD"
"4ee63e4e-64e5-4871-b843-d0151eeb718d","D08","BLWA","BLWA.AOS.groundwater.well.002","BLWA.W2.20190617.FIL","A00000082705","2019-06-17T18:15Z","2019-06-17T18:15Z","EcoCore_CSU","Na",113.4000,"milligramsPerLiter",0.7,,0,"formatChange","GOOD"
"da96d3d3-87c8-46f6-a390-c0d5c8d974c5","D08","BLWA","BLWA.AOS.groundwater.well.002","BLWA.W2.20190617.FIL","A00000082705","2019-06-17T18:15Z","2019-06-17T18:15Z","EcoCore_CSU","NO3+NO2 - N",0.0108,"milligramsPerLiter",0.7,,0,"formatChange","GOOD"
"4a9a0b92-e43b-463c-99a2-adab216afd2c","D08","BLWA","BLWA.AOS.groundwater.well.002","BLWA.W2.20190617.FIL","A00000082705","2019-06-17T18:15Z","2019-06-17T18:15Z","EcoCore_CSU","NH4 - N",0.1412,"milligramsPerLiter",0.7,,0,"formatChange","GOOD"
"76caac11-4e73-499a-967d-0e98e6fa3bc6","D08","BLWA","BLWA.AOS.groundwater.well.002","BLWA.W2.20190617.RAW","A00000082704","2019-06-17T18:15Z","2019-06-17T18:15Z","EcoCore_CSU","TSS",144.0000,"milligramsPerLiter",0.7,,0,"formatChange","GOOD"
"8ed0a5f2-d2cf-4550-b30c-f5ddc6fcf900","D08","BLWA","BLWA.AOS.groundwater.well.002","BLWA.W2.20190617.FIL","A00000082705","2019-06-17T18:15Z","2019-06-17T18:15Z","EcoCore_CSU","F",2.2951,"milligramsPerLiter",0.7,,0,"formatChange","GOOD"
"6531e314-3af3-4715-8f43-a650cd6090b0","D08","BLWA","BLWA.AOS.groundwater.well.002","BLWA.W2.20190617.FIL","A00000082705","2019-06-17T18:15Z","2019-06-17T18:15Z","EcoCore_CSU","UV Absorbance (250 nm)",0.1530,,0.7,,0,"formatChange","GOOD"
"fce20c99-3e0d-4b70-9e5b-e76318f7e838","D08","BLWA","BLWA.AOS.groundwater.well.002","BLWA.W2.20190617.FIL","A00000082705","2019-06-17T18:15Z","2019-06-17T18:15Z","EcoCore_CSU","Mg",3.9600,"milligramsPerLiter",0.7,,0,"formatChange","GOOD"
"8c808515-b152-4273-869e-1d583997d461","D08","BLWA","BLWA.AOS.groundwater.well.002","BLWA.W2.20190617.FIL","A00000082705","2019-06-17T18:15Z","2019-06-17T18:15Z","EcoCore_CSU","Br",0.1800,"milligramsPerLiter",0.7,,0,"formatChange","GOOD"
"a239e0c4-cce3-4705-86eb-43d991c3c3a8","D08","BLWA","BLWA.AOS.groundwater.well.002","BLWA.W2.20190617.FIL","A00000082705","2019-06-17T18:15Z","2019-06-17T18:15Z","EcoCore_CSU","Cl",144.6332,"milligramsPerLiter",0.7,,0,"formatChange","GOOD"
"3a370c2e-efc8-48e7-b8d1-47e838828e1e","D08","BLWA","BLWA.AOS.groundwater.well.002","BLWA.W2.20190617.FIL","A00000082705","2019-06-17T18:15Z","2019-06-17T18:15Z","EcoCore_CSU","NO2 - N",-0.0027,"milligramsPerLiter",0.7,,0,"formatChange","GOOD"
"75cb8813-0baf-4c0a-a01c-5c29a8c37f74","D08","BLWA","BLWA.AOS.groundwater.well.002","BLWA.W2.20190617.FIL","A00000082705","2019-06-17T18:15Z","2019-06-17T18:15Z","EcoCore_CSU","HCO3",89.4100,"milligramsPerLiter",0.7,,0,"formatChange","GOOD"
"a8835a11-485e-49e0-82bc-db8b20e03a56","D08","BLWA","BLWA.AOS.groundwater.well.002","BLWA.W2.20190617.FIL","A00000082705","2019-06-17T18:15Z","2019-06-17T18:15Z","EcoCore_CSU","DOC",0.9014,"milligramsPerLiter",0.7,,0,"formatChange","GOOD"
"cdd071a1-21bd-4271-bdb7-d567335479c1","D08","BLWA","BLWA.AOS.groundwater.well.002","BLWA.W2.20190617.PCN","A00000082691","2019-06-17T18:15Z","2019-06-17T18:15Z","EcoCore_CSU","TPC",0.2662,"milligram",0.7,,0,"formatChange","GOOD"
"62646f90-b00e-454d-88e5-94ae658c9df6","D08","BLWA","BLWA.AOS.groundwater.well.002","BLWA.W2.20190617.FIL","A00000082705","2019-06-17T18:15Z","2019-06-17T18:15Z","EcoCore_CSU","SO4",23.7930,"milligramsPerLiter",0.7,,0,"formatChange","GOOD"
"0a5da586-ea07-42a6-845d-ecb6af78af53","D08","BLWA","BLWA.AOS.groundwater.well.002","BLWA.W2.20190617.FIL","A00000082705","2019-06-17T18:15Z","2019-06-17T18:15Z","EcoCore_CSU","TDS",437.1800,"milligramsPerLiter",0.7,,0,"formatChange","GOOD"
"6e4d223d-8fbb-4985-b674-7c5c6800ea92","D08","BLWA","BLWA.AOS.groundwater.well.002","BLWA.W2.20190617.FIL","A00000082705","2019-06-17T18:15Z","2019-06-17T18:15Z","EcoCore_CSU","DIC",26.5400,"milligramsPerLiter",0.7,,0,"formatChange","GOOD"
"9c5be152-f750-4677-b214-bd377fda861c","D08","BLWA","BLWA.AOS.groundwater.well.002","BLWA.W2.20190617.FIL","A00000082705","2019-06-17T18:15Z","2019-06-17T18:15Z","EcoCore_CSU","Mn",0.1480,"milligramsPerLiter",0.7,,0,"formatChange","GOOD"
"81aef84b-a76e-49f1-a723-3249ecc96284","D08","BLWA","BLWA.AOS.groundwater.well.002","BLWA.W2.20190617.FIL","A00000082705","2019-06-17T18:15Z","2019-06-17T18:15Z","EcoCore_CSU","Fe",8.1137,"milligramsPerLiter",0.7,,0,"formatChange","GOOD"
"c3740415-18a5-4871-bf2a-d948376db474","D08","BLWA","BLWA.AOS.groundwater.well.002","BLWA.W2.20190617.FIL","A00000082705","2019-06-17T18:15Z","2019-06-17T18:15Z","EcoCore_CSU","K",1.0980,"milligramsPerLiter",0.7,,0,"formatChange","GOOD"
"595249f2-4086-451b-80d8-b5be5cc092c2","D08","BLWA","BLWA.AOS.groundwater.well.003","BLWA.W3.20190617.FIL","A00000082653","2019-06-17T19:11Z","2019-06-17T19:11Z","EcoCore_CSU","NH4 - N",0.0687,"milligramsPerLiter",0.3,,0,"formatChange","GOOD"
"0990738a-c5c0-4911-81d8-1e761c9d2bb6","D08","BLWA","BLWA.AOS.groundwater.well.003","BLWA.W3.20190617.PCN","A00000082690","2019-06-17T19:11Z","2019-06-17T19:11Z","EcoCore_CSU","TPN",0.1344,"milligram",0.3,,0,"formatChange","GOOD"
"fbe148ef-f0ae-4ff2-84c7-2e890137202f","D08","BLWA","BLWA.AOS.groundwater.well.003","BLWA.W3.20190617.FIL","A00000082653","2019-06-17T19:11Z","2019-06-17T19:11Z","EcoCore_CSU","UV Absorbance (280 nm)",0.0309,,0.3,,0,"formatChange","GOOD"
"8d7a7e9a-86cd-49db-82bb-2f23d6cb38b0","D08","BLWA","BLWA.AOS.groundwater.well.003","BLWA.W3.20190617.FIL","A00000082653","2019-06-17T19:11Z","2019-06-17T19:11Z","EcoCore_CSU","Ca",1.3320,"milligramsPerLiter",0.3,,0,"formatChange","GOOD"
"e63d7e3d-f0bf-40a8-862d-b74c1977112a","D08","BLWA","BLWA.AOS.groundwater.well.003","BLWA.W3.20190617.FIL","A00000082653","2019-06-17T19:11Z","2019-06-17T19:11Z","EcoCore_CSU","DOC",0.5516,"milligramsPerLiter",0.3,,0,"formatChange","GOOD"
"ee427f2d-7fae-4eb4-b43d-429700515c35","D08","BLWA","BLWA.AOS.groundwater.well.003","BLWA.W3.20190617.RAW","A00000082654","2019-06-17T19:11Z","2019-06-17T19:11Z","EcoCore_CSU","TSS - Dry Mass",500.0000,"microgram",0.3,,0,"formatChange","GOOD"
"52f6ba95-119a-4586-88e2-1efb43691c6b","D08","BLWA","BLWA.AOS.groundwater.well.003","BLWA.W3.20190617.FIL","A00000082653","2019-06-17T19:11Z","2019-06-17T19:11Z","EcoCore_CSU","F",0.3710,"milligramsPerLiter",0.3,,0,"formatChange","GOOD"
"f01acc10-a0ed-454f-a0cb-b6ed9dafa5d5","D08","BLWA","BLWA.AOS.groundwater.well.003","BLWA.W3.20190617.FIL","A00000082653","2019-06-17T19:11Z","2019-06-17T19:11Z","EcoCore_CSU","NO3+NO2 - N",0.0137,"milligramsPerLiter",0.3,,0,"formatChange","GOOD"
"ed513dd6-8b7c-4bda-9486-13dbd8b0ba07","D08","BLWA","BLWA.AOS.groundwater.well.003","BLWA.W3.20190617.RAW","A00000082654","2019-06-17T19:11Z","2019-06-17T19:11Z","EcoCore_CSU","TOC",1.2480,"milligramsPerLiter",0.3,,0,"formatChange","GOOD"
"b0966baf-f0dc-4a7b-a767-4690a1e725c8","D08","BLWA","BLWA.AOS.groundwater.well.003","BLWA.W3.20190617.FIL","A00000082653","2019-06-17T19:11Z","2019-06-17T19:11Z","EcoCore_CSU","Mg",0.4770,"milligramsPerLiter",0.3,,0,"formatChange","GOOD"
"619414a3-97bf-4726-a029-f873556f16df","D08","BLWA","BLWA.AOS.groundwater.well.003","BLWA.W3.20190617.FIL","A00000082653","2019-06-17T19:11Z","2019-06-17T19:11Z","EcoCore_CSU","Na",9.3120,"milligramsPerLiter",0.3,,0,"formatChange","GOOD"
"fe6cb8e0-8455-4e58-8792-eb1e51b4d6ad","D08","BLWA","BLWA.AOS.groundwater.well.003","BLWA.W3.20190617.FIL","A00000082653","2019-06-17T19:11Z","2019-06-17T19:11Z","EcoCore_CSU","Ortho - P",0.0480,"milligramsPerLiter",0.3,,0,"formatChange","GOOD"
"dc9bde77-45fc-424b-a64e-ecb8fc1916cd","D08","BLWA","BLWA.AOS.groundwater.well.003","BLWA.W3.20190617.FIL","A00000082653","2019-06-17T19:11Z","2019-06-17T19:11Z","EcoCore_CSU","Cl",4.5600,"milligramsPerLiter",0.3,,0,"formatChange","GOOD"
"e39184c7-aabb-49cc-a506-a0b6a46562ce","D08","BLWA","BLWA.AOS.groundwater.well.003","BLWA.W3.20190617.RAW","A00000082654","2019-06-17T19:11Z","2019-06-17T19:11Z","EcoCore_CSU","TN",0.1198,"milligramsPerLiter",0.3,,0,"formatChange","GOOD"
"b1502094-726a-49c2-a088-7b01be694324","D08","BLWA","BLWA.AOS.groundwater.well.003","BLWA.W3.20190617.FIL","A00000082653","2019-06-17T19:11Z","2019-06-17T19:11Z","EcoCore_CSU","TDN",0.1189,"milligramsPerLiter",0.3,,0,"formatChange","GOOD"
"cdb5b62e-d8e1-476d-9a49-2c11531f566d","D08","BLWA","BLWA.AOS.groundwater.well.003","BLWA.W3.20190617.FIL","A00000082653","2019-06-17T19:11Z","2019-06-17T19:11Z","EcoCore_CSU","CO3",0.0050,"milligramsPerLiter",0.3,,0,"formatChange","GOOD"
"9ea084d4-53b2-4957-ad3d-83342b02d32e","D08","BLWA","BLWA.AOS.groundwater.well.003","BLWA.W3.20190617.FIL","A00000082653","2019-06-17T19:11Z","2019-06-17T19:11Z","EcoCore_CSU","SO4",6.9900,"milligramsPerLiter",0.3,,0,"formatChange","GOOD"
"d29d4df1-b2db-4fd5-98e5-1a1b346770a8","D08","BLWA","BLWA.AOS.groundwater.well.003","BLWA.W3.20190617.FIL","A00000082653","2019-06-17T19:11Z","2019-06-17T19:11Z","EcoCore_CSU","Fe",0.1834,"milligramsPerLiter",0.3,,0,"formatChange","GOOD"
"6359c0cf-4095-4cd8-92da-d602e7dbefb3","D08","BLWA","BLWA.AOS.groundwater.well.003","BLWA.W3.20190617.FIL","A00000082653","2019-06-17T19:11Z","2019-06-17T19:11Z","EcoCore_CSU","TDP",0.0627,"milligramsPerLiter",0.3,,0,"formatChange","GOOD"
"2d45621d-74a8-4f9f-8b70-e8d9e5a190f2","D08","BLWA","BLWA.AOS.groundwater.well.003","BLWA.W3.20190617.RAW","A00000082654","2019-06-17T19:11Z","2019-06-17T19:11Z","EcoCore_CSU","TSS",10.0000,"milligramsPerLiter",0.3,,0,"formatChange","GOOD"
"0b83e5ae-dc99-4fc2-b166-65f674067dd0","D08","BLWA","BLWA.AOS.groundwater.well.003","BLWA.W3.20190617.FIL","A00000082653","2019-06-17T19:11Z","2019-06-17T19:11Z","EcoCore_CSU","Mn",0.0460,"milligramsPerLiter",0.3,,0,"formatChange","GOOD"
"b9767cf5-b14e-4e1b-b6eb-f7afbdc3e5d7","D08","BLWA","BLWA.AOS.groundwater.well.003","BLWA.W3.20190617.FIL","A00000082653","2019-06-17T19:11Z","2019-06-17T19:11Z","EcoCore_CSU","Si",7.9319,"milligramsPerLiter",0.3,,0,"formatChange","GOOD"
"32e047a2-7ed3-4d60-836e-7f786f9c9d63","D08","BLWA","BLWA.AOS.groundwater.well.003","BLWA.W3.20190617.FIL","A00000082653","2019-06-17T19:11Z","2019-06-17T19:11Z","EcoCore_CSU","TDS",13.0600,"milligramsPerLiter",0.3,,0,"formatChange","GOOD"
"f4536944-7c09-47c7-9ec3-b718bb6f3e5f","D08","BLWA","BLWA.AOS.groundwater.well.003","BLWA.W3.20190617.FIL","A00000082653","2019-06-17T19:11Z","2019-06-17T19:11Z","EcoCore_CSU","NO2 - N",-0.0031,"milligramsPerLiter",0.3,,0,"formatChange","GOOD"
"f5b9565f-1f64-4b88-a2ca-5e30934a3a05","D08","BLWA","BLWA.AOS.groundwater.well.003","BLWA.W3.20190617.FIL","A00000082653","2019-06-17T19:11Z","2019-06-17T19:11Z","EcoCore_CSU","DIC",8.7900,"milligramsPerLiter",0.3,,0,"formatChange","GOOD"
"a836a913-199e-4a81-81bc-479ba7274f70","D08","BLWA","BLWA.AOS.groundwater.well.003","BLWA.W3.20190617.FIL","A00000082653","2019-06-17T19:11Z","2019-06-17T19:11Z","EcoCore_CSU","UV Absorbance (250 nm)",0.0366,,0.3,,0,"formatChange","GOOD"
"e372761c-439f-497b-9c06-f4b3b15c2704","D08","BLWA","BLWA.AOS.groundwater.well.003","BLWA.W3.20190617.RAW","A00000082654","2019-06-17T19:11Z","2019-06-17T19:11Z","EcoCore_CSU","conductivity",52.1700,"microsiemensPerCentimeter",0.3,,0,"formatChange","GOOD"
"7d1bf536-df8e-4df0-af92-9807b127863a","D08","BLWA","BLWA.AOS.groundwater.well.003","BLWA.W3.20190617.PCN","A00000082690","2019-06-17T19:11Z","2019-06-17T19:11Z","EcoCore_CSU","TPC",0.2384,"milligram",0.3,,0,"formatChange","GOOD"
"96b43161-b2fc-4045-b45d-d5694fb3076b","D08","BLWA","BLWA.AOS.groundwater.well.003","BLWA.W3.20190617.FIL","A00000082653","2019-06-17T19:11Z","2019-06-17T19:11Z","EcoCore_CSU","K",0.2670,"milligramsPerLiter",0.3,,0,"formatChange","GOOD"
"f8d614e0-6ea0-4b85-b610-67454d006621","D08","BLWA","BLWA.AOS.groundwater.well.003","BLWA.W3.20190617.RAW","A00000082654","2019-06-17T19:11Z","2019-06-17T19:11Z","EcoCore_CSU","ANC",0.2800,"milliequivalentsPerLiter",0.3,,0,"formatChange","GOOD"
"d297a8e4-4540-422f-b2ed-702090ee419b","D08","BLWA","BLWA.AOS.groundwater.well.003","BLWA.W3.20190617.FIL","A00000082653","2019-06-17T19:11Z","2019-06-17T19:11Z","EcoCore_CSU","Br",0.0050,"milligramsPerLiter",0.3,,0,"formatChange","GOOD"
"681ce1da-658b-4659-bccd-57e9ded48fe3","D08","BLWA","BLWA.AOS.groundwater.well.003","BLWA.W3.20190617.RAW","A00000082654","2019-06-17T19:11Z","2019-06-17T19:11Z","EcoCore_CSU","TP",0.0673,"milligramsPerLiter",0.3,,0,"formatChange","GOOD"
"3c2d8cf8-42c2-456d-b77d-c70dd1fca41f","D08","BLWA","BLWA.AOS.groundwater.well.003","BLWA.W3.20190617.FIL","A00000082653","2019-06-17T19:11Z","2019-06-17T19:11Z","EcoCore_CSU","HCO3",13.2900,"milligramsPerLiter",0.3,,0,"formatChange","GOOD"
"cd6e4916-f3fb-4da3-9197-066470a7b3b0","D08","BLWA","BLWA.AOS.groundwater.well.003","BLWA.W3.20190617.RAW","A00000082654","2019-06-17T19:11Z","2019-06-17T19:11Z","EcoCore_CSU","pH",5.8600,"pH",0.3,,0,"formatChange","GOOD"
