uid,domainID,siteID,namedLocation,sampleID,sampleCode,startDate,collectDate,laboratoryName,analyte,analyteConcentration,analyteUnits,coolerTemp,remarks,shipmentWarmQF,externalLabDataQF,sampleCondition
"61eeb639-f217-4851-9321-d6541bcaad2a","D06","MCDI","MCDI.AOS.groundwater.well.003","MCDI.W3.20170418.FIL",,"2017-04-18T07:36Z","2017-04-18T07:36Z","EcoCore_CSU","CO3",0.0000,"milligramsPerLiter",2.0,,0,"formatChange|legacyData","GOOD"
"1e2a6dfa-3aaf-4c83-bd0a-d0f7f444f11f","D06","MCDI","MCDI.AOS.groundwater.well.003","MCDI.W3.20170418.RAW",,"2017-04-18T07:36Z","2017-04-18T07:36Z","EcoCore_CSU","TP",0.0380,"milligramsPerLiter",2.0,,0,"formatChange|legacyData","GOOD"
"17b12e25-18c6-454b-8344-79ae2bdd4d72","D06","MCDI","MCDI.AOS.groundwater.well.003","MCDI.W3.20170418.FIL",,"2017-04-18T07:36Z","2017-04-18T07:36Z","EcoCore_CSU","SO4",64.3700,"milligramsPerLiter",2.0,,0,"formatChange|legacyData","GOOD"
"fcad2b5a-da0a-4324-8c01-ce252c827f85","D06","MCDI","MCDI.AOS.groundwater.well.003","MCDI.W3.20170418.FIL",,"2017-04-18T07:36Z","2017-04-18T07:36Z","EcoCore_CSU","Na",15.1960,"milligramsPerLiter",2.0,,0,"formatChange|legacyData","GOOD"
"42f7f410-2040-4e28-87e5-08a342b0219d","D06","MCDI","MCDI.AOS.groundwater.well.003","MCDI.W3.20170418.FIL",,"2017-04-18T07:36Z","2017-04-18T07:36Z","EcoCore_CSU","DIC",86.8800,"milligramsPerLiter",2.0,,0,"formatChange|legacyData","GOOD"
"33de9297-7341-4373-9954-6404ba9b29ca","D06","MCDI","MCDI.AOS.groundwater.well.003","MCDI.W3.20170418.PCN",,"2017-04-18T07:36Z","2017-04-18T07:36Z","EcoCore_CSU","TPN",0.0778,"milligram",2.0,,0,"formatChange|legacyData","GOOD"
"5ed2fa31-4377-4004-8f5b-71b19f9580e4","D06","MCDI","MCDI.AOS.groundwater.well.003","MCDI.W3.20170418.FIL",,"2017-04-18T07:36Z","2017-04-18T07:36Z","EcoCore_CSU","Br",0.0050,"milligramsPerLiter",2.0,,0,"formatChange|legacyData","GOOD"
"e221bee1-41e0-4108-b842-2aee93d538cb","D06","MCDI","MCDI.AOS.groundwater.well.003","MCDI.W3.20170418.FIL",,"2017-04-18T07:36Z","2017-04-18T07:36Z","EcoCore_CSU","TDN",5.2410,"milligramsPerLiter",2.0,,0,"formatChange|legacyData","GOOD"
"f73ede0b-ddb7-44ac-9d2b-ad710102ad06","D06","MCDI","MCDI.AOS.groundwater.well.003","MCDI.W3.20170418.RAW",,"2017-04-18T07:36Z","2017-04-18T07:36Z","EcoCore_CSU","ANC",3.7100,"milliequivalentsPerLiter",2.0,,0,"formatChange|legacyData","GOOD"
"320d2d8a-b9fb-45d9-83a6-6c673fa17806","D06","MCDI","MCDI.AOS.groundwater.well.003","MCDI.W3.20170418.FIL",,"2017-04-18T07:36Z","2017-04-18T07:36Z","EcoCore_CSU","NH4 - N",0.0820,"milligramsPerLiter",2.0,,0,"formatChange|legacyData","GOOD"
"f88fe3c5-0236-47e8-81f0-2094d3147c9b","D06","MCDI","MCDI.AOS.groundwater.well.003","MCDI.W3.20170418.FIL",,"2017-04-18T07:36Z","2017-04-18T07:36Z","EcoCore_CSU","F",0.2600,"milligramsPerLiter",2.0,,0,"formatChange|legacyData","GOOD"
"c6be1b69-b9a9-434a-8497-4031b756be05","D06","MCDI","MCDI.AOS.groundwater.well.003","MCDI.W3.20170418.FIL",,"2017-04-18T07:36Z","2017-04-18T07:36Z","EcoCore_CSU","NO3+NO2 - N",5.0940,"milligramsPerLiter",2.0,,0,"formatChange|legacyData","GOOD"
"39541213-3025-43e4-a9f3-96d3731ec1a3","D06","MCDI","MCDI.AOS.groundwater.well.003","MCDI.W3.20170418.FIL",,"2017-04-18T07:36Z","2017-04-18T07:36Z","EcoCore_CSU","Ca",65.6220,"milligramsPerLiter",2.0,,0,"formatChange|legacyData","GOOD"
"066b6ffe-2631-431c-a7f6-bc0badb05edf","D06","MCDI","MCDI.AOS.groundwater.well.003","MCDI.W3.20170418.RAW",,"2017-04-18T07:36Z","2017-04-18T07:36Z","EcoCore_CSU","conductivity",552.1000,"microsiemensPerCentimeter",2.0,,0,"formatChange|legacyData","GOOD"
"08a2ec99-eec5-4321-8e65-b353b1df029b","D06","MCDI","MCDI.AOS.groundwater.well.003","MCDI.W3.20170418.FIL",,"2017-04-18T07:36Z","2017-04-18T07:36Z","EcoCore_CSU","TDS",385.5000,"milligramsPerLiter",2.0,,0,"formatChange|legacyData","GOOD"
"90c69056-be4d-447d-9b34-45812b43a98b","D06","MCDI","MCDI.AOS.groundwater.well.003","MCDI.W3.20170418.FIL",,"2017-04-18T07:36Z","2017-04-18T07:36Z","EcoCore_CSU","DOC",1.0100,"milligramsPerLiter",2.0,,0,"formatChange|legacyData","GOOD"
"58fdc5c1-6ef8-4ece-bc5b-8af9eaf5949e","D06","MCDI","MCDI.AOS.groundwater.well.003","MCDI.W3.20170418.RAW",,"2017-04-18T07:36Z","2017-04-18T07:36Z","EcoCore_CSU","TN",5.3613,"milligramsPerLiter",2.0,,0,"formatChange|legacyData","GOOD"
"a360c0b5-5446-47b0-9c1c-47a8c245358c","D06","MCDI","MCDI.AOS.groundwater.well.003","MCDI.W3.20170418.FIL",,"2017-04-18T07:36Z","2017-04-18T07:36Z","EcoCore_CSU","Mg",18.7580,"milligramsPerLiter",2.0,,0,"formatChange|legacyData","GOOD"
"736ae9f7-a1d0-411d-8fc9-d30055251a7a","D06","MCDI","MCDI.AOS.groundwater.well.003","MCDI.W3.20170418.FIL",,"2017-04-18T07:36Z","2017-04-18T07:36Z","EcoCore_CSU","Mn",0.0040,"milligramsPerLiter",2.0,,0,"formatChange|legacyData","GOOD"
"e3d8f009-3ee7-47ca-b6db-29519ad42a58","D06","MCDI","MCDI.AOS.groundwater.well.003","MCDI.W3.20170418.FIL",,"2017-04-18T07:36Z","2017-04-18T07:36Z","EcoCore_CSU","Ortho - P",0.0220,"milligramsPerLiter",2.0,,0,"formatChange|legacyData","GOOD"
"01d2dc91-9014-4946-a274-0f01acbb026c","D06","MCDI","MCDI.AOS.groundwater.well.003","MCDI.W3.20170418.FIL",,"2017-04-18T07:36Z","2017-04-18T07:36Z","EcoCore_CSU","UV Absorbance (280 nm)",0.0607,,2.0,,0,"formatChange|legacyData","GOOD"
"97f14840-6ca3-4bc3-90dd-99798ce5d4c5","D06","MCDI","MCDI.AOS.groundwater.well.003","MCDI.W3.20170418.RAW",,"2017-04-18T07:36Z","2017-04-18T07:36Z","EcoCore_CSU","TSS",344.0000,"milligramsPerLiter",2.0,,0,"formatChange|legacyData","GOOD"
"5ad40601-9e9c-4eb5-9b4f-7aae637ad3a8","D06","MCDI","MCDI.AOS.groundwater.well.003","MCDI.W3.20170418.FIL",,"2017-04-18T07:36Z","2017-04-18T07:36Z","EcoCore_CSU","UV Absorbance (250 nm)",0.0859,,2.0,,0,"formatChange|legacyData","GOOD"
"6278b949-95ae-484f-9d0c-2469bb2a682c","D06","MCDI","MCDI.AOS.groundwater.well.003","MCDI.W3.20170418.FIL",,"2017-04-18T07:36Z","2017-04-18T07:36Z","EcoCore_CSU","NO2 - N",0.0080,"milligramsPerLiter",2.0,,0,"formatChange|legacyData","GOOD"
"ba0ac851-0b5b-4529-8082-43ba188c5a1b","D06","MCDI","MCDI.AOS.groundwater.well.003","MCDI.W3.20170418.FIL",,"2017-04-18T07:36Z","2017-04-18T07:36Z","EcoCore_CSU","K",2.2620,"milligramsPerLiter",2.0,,0,"formatChange|legacyData","GOOD"
"4d79106d-8d39-4c83-93e4-5966cafda883","D06","MCDI","MCDI.AOS.groundwater.well.003","MCDI.W3.20170418.RAW",,"2017-04-18T07:36Z","2017-04-18T07:36Z","EcoCore_CSU","TSS - Dry Mass",8600.0000,"microgram",2.0,,0,"formatChange|legacyData","GOOD"
"3212656e-b415-4779-881f-beb880888c89","D06","MCDI","MCDI.AOS.groundwater.well.003","MCDI.W3.20170418.FIL",,"2017-04-18T07:36Z","2017-04-18T07:36Z","EcoCore_CSU","Fe",0.0005,"milligramsPerLiter",2.0,,0,"formatChange|legacyData","GOOD"
"3531cffe-2064-4274-833c-6440cf68287a","D06","MCDI","MCDI.AOS.groundwater.well.003","MCDI.W3.20170418.FIL",,"2017-04-18T07:36Z","2017-04-18T07:36Z","EcoCore_CSU","Cl",6.3500,"milligramsPerLiter",2.0,,0,"formatChange|legacyData","GOOD"
"15b6a70f-27d5-48d5-9b65-fbde69fc5236","D06","MCDI","MCDI.AOS.groundwater.well.003","MCDI.W3.20170418.PCN",,"2017-04-18T07:36Z","2017-04-18T07:36Z","EcoCore_CSU","TPC",0.2849,"milligram",2.0,,0,"formatChange|legacyData","GOOD"
"0c9c3641-94f2-415e-ae50-49bc7fd90bc3","D06","MCDI","MCDI.AOS.groundwater.well.003","MCDI.W3.20170418.FIL",,"2017-04-18T07:36Z","2017-04-18T07:36Z","EcoCore_CSU","Si",2.6800,"milligramsPerLiter",2.0,,0,"formatChange|legacyData","GOOD"
"062d34d7-778e-49bf-956c-c6d4f6503560","D06","MCDI","MCDI.AOS.groundwater.well.003","MCDI.W3.20170418.RAW",,"2017-04-18T07:36Z","2017-04-18T07:36Z","EcoCore_CSU","pH",7.4200,"pH",2.0,,0,"formatChange|legacyData","GOOD"
"53e8067a-b7bc-4f49-af53-e0914bce8905","D06","MCDI","MCDI.AOS.groundwater.well.003","MCDI.W3.20170418.RAW",,"2017-04-18T07:36Z","2017-04-18T07:36Z","EcoCore_CSU","TOC",2.2430,"milligramsPerLiter",2.0,,0,"formatChange|legacyData","GOOD"
"6b184653-81db-4b98-99c4-a530ddecfe89","D06","MCDI","MCDI.AOS.groundwater.well.003","MCDI.W3.20170418.FIL",,"2017-04-18T07:36Z","2017-04-18T07:36Z","EcoCore_CSU","HCO3",222.4200,"milligramsPerLiter",2.0,,0,"formatChange|legacyData","GOOD"
"8fe0adb4-1b91-44f0-b3d1-fce812bffc99","D06","MCDI","MCDI.AOS.groundwater.well.003","MCDI.W3.20170418.FIL",,"2017-04-18T07:36Z","2017-04-18T07:36Z","EcoCore_CSU","TDP",0.0340,"milligramsPerLiter",2.0,,0,"formatChange|legacyData","GOOD"
"8ebc099d-23cf-433b-a47b-8fa9436d52b1","D06","MCDI","MCDI.AOS.groundwater.well.006","MCDI.W6.20170418.FIL",,"2017-04-18T09:05Z","2017-04-18T09:05Z","EcoCore_CSU","Mg",18.9600,"milligramsPerLiter",2.0,,0,"formatChange|legacyData","GOOD"
"f7137d77-e759-4f81-8eee-4ad32c9ef7a7","D06","MCDI","MCDI.AOS.groundwater.well.006","MCDI.W6.20170418.FIL",,"2017-04-18T09:05Z","2017-04-18T09:05Z","EcoCore_CSU","NO2 - N",0.0380,"milligramsPerLiter",2.0,,0,"formatChange|legacyData","GOOD"
"71a79a6e-ae41-4f0a-a845-183526f69ab0","D06","MCDI","MCDI.AOS.groundwater.well.006","MCDI.W6.20170418.PCN",,"2017-04-18T09:05Z","2017-04-18T09:05Z","EcoCore_CSU","TPC",0.3296,"milligram",2.0,,0,"formatChange|legacyData","GOOD"
"d209e5a6-1fbe-453c-ae8f-e8db885d0a78","D06","MCDI","MCDI.AOS.groundwater.well.006","MCDI.W6.20170418.FIL",,"2017-04-18T09:05Z","2017-04-18T09:05Z","EcoCore_CSU","Ortho - P",0.0230,"milligramsPerLiter",2.0,,0,"formatChange|legacyData","GOOD"
"864e6d6c-f29e-4470-a394-f80058d5e442","D06","MCDI","MCDI.AOS.groundwater.well.006","MCDI.W6.20170418.RAW",,"2017-04-18T09:05Z","2017-04-18T09:05Z","EcoCore_CSU","TP",0.0570,"milligramsPerLiter",2.0,,0,"formatChange|legacyData","GOOD"
"18bca801-0c11-452c-a1a9-eb750e4b18a1","D06","MCDI","MCDI.AOS.groundwater.well.006","MCDI.W6.20170418.FIL",,"2017-04-18T09:05Z","2017-04-18T09:05Z","EcoCore_CSU","K",1.5340,"milligramsPerLiter",2.0,,0,"formatChange|legacyData","GOOD"
"68ad03aa-7c84-4509-93bb-75ef9400dd29","D06","MCDI","MCDI.AOS.groundwater.well.006","MCDI.W6.20170418.RAW",,"2017-04-18T09:05Z","2017-04-18T09:05Z","EcoCore_CSU","conductivity",521.6000,"microsiemensPerCentimeter",2.0,,0,"formatChange|legacyData","GOOD"
"59247f86-4e28-4fc5-bb5a-0da526d7884b","D06","MCDI","MCDI.AOS.groundwater.well.006","MCDI.W6.20170418.FIL",,"2017-04-18T09:05Z","2017-04-18T09:05Z","EcoCore_CSU","F",0.3100,"milligramsPerLiter",2.0,,0,"formatChange|legacyData","GOOD"
"4464bb78-238b-447b-aa4c-b92da7694c8f","D06","MCDI","MCDI.AOS.groundwater.well.006","MCDI.W6.20170418.RAW",,"2017-04-18T09:05Z","2017-04-18T09:05Z","EcoCore_CSU","pH",7.3700,"pH",2.0,,0,"formatChange|legacyData","GOOD"
"b1484977-3aef-496f-a2d2-a75d1f633ac3","D06","MCDI","MCDI.AOS.groundwater.well.006","MCDI.W6.20170418.FIL",,"2017-04-18T09:05Z","2017-04-18T09:05Z","EcoCore_CSU","NH4 - N",0.0380,"milligramsPerLiter",2.0,,0,"formatChange|legacyData","GOOD"
"ab910cd6-47dc-4e95-b834-634963b695ae","D06","MCDI","MCDI.AOS.groundwater.well.006","MCDI.W6.20170418.FIL",,"2017-04-18T09:05Z","2017-04-18T09:05Z","EcoCore_CSU","UV Absorbance (250 nm)",0.0372,,2.0,,0,"formatChange|legacyData","GOOD"
"36054f5b-686a-484e-9cf3-5ec95b58b1f1","D06","MCDI","MCDI.AOS.groundwater.well.006","MCDI.W6.20170418.FIL",,"2017-04-18T09:05Z","2017-04-18T09:05Z","EcoCore_CSU","UV Absorbance (280 nm)",0.0320,,2.0,,0,"formatChange|legacyData","GOOD"
"548371ae-0b43-429d-95e7-975b40451f60","D06","MCDI","MCDI.AOS.groundwater.well.006","MCDI.W6.20170418.FIL",,"2017-04-18T09:05Z","2017-04-18T09:05Z","EcoCore_CSU","Si",1.0000,"milligramsPerLiter",2.0,,0,"formatChange|legacyData","GOOD"
"12e33321-b857-48cd-a0a4-29bf776e1622","D06","MCDI","MCDI.AOS.groundwater.well.006","MCDI.W6.20170418.FIL",,"2017-04-18T09:05Z","2017-04-18T09:05Z","EcoCore_CSU","NO3+NO2 - N",9.8230,"milligramsPerLiter",2.0,,0,"formatChange|legacyData","GOOD"
"cc06b346-98f0-4e90-ab36-9705cccc0c3b","D06","MCDI","MCDI.AOS.groundwater.well.006","MCDI.W6.20170418.FIL",,"2017-04-18T09:05Z","2017-04-18T09:05Z","EcoCore_CSU","Fe",0.0005,"milligramsPerLiter",2.0,,0,"formatChange|legacyData","GOOD"
"a842d604-2c46-43a2-b25b-085cae4bdfe3","D06","MCDI","MCDI.AOS.groundwater.well.006","MCDI.W6.20170418.FIL",,"2017-04-18T09:05Z","2017-04-18T09:05Z","EcoCore_CSU","DIC",66.0300,"milligramsPerLiter",2.0,,0,"formatChange|legacyData","GOOD"
"18d8c2bc-a6ba-4931-8b2e-efcab71f2fd7","D06","MCDI","MCDI.AOS.groundwater.well.006","MCDI.W6.20170418.RAW",,"2017-04-18T09:05Z","2017-04-18T09:05Z","EcoCore_CSU","TSS - Dry Mass",200.0000,"microgram",2.0,,0,"formatChange|legacyData","GOOD"
"edd172f3-3e15-453c-a1f4-dae7d06d6856","D06","MCDI","MCDI.AOS.groundwater.well.006","MCDI.W6.20170418.FIL",,"2017-04-18T09:05Z","2017-04-18T09:05Z","EcoCore_CSU","SO4",82.8500,"milligramsPerLiter",2.0,,0,"formatChange|legacyData","GOOD"
"d3762b16-1b62-4bf6-b02e-fec4bcfddc30","D06","MCDI","MCDI.AOS.groundwater.well.006","MCDI.W6.20170418.FIL",,"2017-04-18T09:05Z","2017-04-18T09:05Z","EcoCore_CSU","CO3",0.0000,"milligramsPerLiter",2.0,,0,"formatChange|legacyData","GOOD"
"c0d03add-be85-41cd-9bfd-40863a2354d1","D06","MCDI","MCDI.AOS.groundwater.well.006","MCDI.W6.20170418.RAW",,"2017-04-18T09:05Z","2017-04-18T09:05Z","EcoCore_CSU","ANC",2.4100,"milliequivalentsPerLiter",2.0,,0,"formatChange|legacyData","GOOD"
"0f9caecd-e9f1-4ef9-a33b-e4d16bfffd70","D06","MCDI","MCDI.AOS.groundwater.well.006","MCDI.W6.20170418.FIL",,"2017-04-18T09:05Z","2017-04-18T09:05Z","EcoCore_CSU","Br",0.0050,"milligramsPerLiter",2.0,,0,"formatChange|legacyData","GOOD"
"ed1bd5aa-a23a-4694-a7f5-1ce9d1c83dad","D06","MCDI","MCDI.AOS.groundwater.well.006","MCDI.W6.20170418.RAW",,"2017-04-18T09:05Z","2017-04-18T09:05Z","EcoCore_CSU","TOC",0.9371,"milligramsPerLiter",2.0,,0,"formatChange|legacyData","GOOD"
"dc91fc18-3413-4dd0-a356-f42c3ebf5b96","D06","MCDI","MCDI.AOS.groundwater.well.006","MCDI.W6.20170418.FIL",,"2017-04-18T09:05Z","2017-04-18T09:05Z","EcoCore_CSU","TDS",363.2000,"milligramsPerLiter",2.0,,0,"formatChange|legacyData","GOOD"
"5885445f-92b2-4fbf-b40d-6a2554717cb2","D06","MCDI","MCDI.AOS.groundwater.well.006","MCDI.W6.20170418.FIL",,"2017-04-18T09:05Z","2017-04-18T09:05Z","EcoCore_CSU","Cl",8.7300,"milligramsPerLiter",2.0,,0,"formatChange|legacyData","GOOD"
"af8ce48a-aa70-4b75-93ea-376feacbb910","D06","MCDI","MCDI.AOS.groundwater.well.006","MCDI.W6.20170418.RAW",,"2017-04-18T09:05Z","2017-04-18T09:05Z","EcoCore_CSU","TN",9.8955,"milligramsPerLiter",2.0,,0,"formatChange|legacyData","GOOD"
"a11bff00-11fa-4e69-9c9f-e55961c94823","D06","MCDI","MCDI.AOS.groundwater.well.006","MCDI.W6.20170418.FIL",,"2017-04-18T09:05Z","2017-04-18T09:05Z","EcoCore_CSU","Ca",60.0270,"milligramsPerLiter",2.0,,0,"formatChange|legacyData","GOOD"
"f0ffb7b5-3009-4b6e-837b-f6b28bf68095","D06","MCDI","MCDI.AOS.groundwater.well.006","MCDI.W6.20170418.PCN",,"2017-04-18T09:05Z","2017-04-18T09:05Z","EcoCore_CSU","TPN",0.0559,"milligram",2.0,,0,"formatChange|legacyData","GOOD"
"5c236541-0ff9-4c28-ab8d-5277db15717a","D06","MCDI","MCDI.AOS.groundwater.well.006","MCDI.W6.20170418.FIL",,"2017-04-18T09:05Z","2017-04-18T09:05Z","EcoCore_CSU","Na",12.7290,"milligramsPerLiter",2.0,,0,"formatChange|legacyData","GOOD"
"49a4533c-df19-40bd-b7c0-88b959d44564","D06","MCDI","MCDI.AOS.groundwater.well.006","MCDI.W6.20170418.RAW",,"2017-04-18T09:05Z","2017-04-18T09:05Z","EcoCore_CSU","TSS",8.0000,"milligramsPerLiter",2.0,,0,"formatChange|legacyData","GOOD"
"028e4c97-f740-460b-97fb-56ea46b9c271","D06","MCDI","MCDI.AOS.groundwater.well.006","MCDI.W6.20170418.FIL",,"2017-04-18T09:05Z","2017-04-18T09:05Z","EcoCore_CSU","DOC",0.9403,"milligramsPerLiter",2.0,,0,"formatChange|legacyData","GOOD"
"69ac3651-c9c8-454e-a3a2-2cb88e5f2c25","D06","MCDI","MCDI.AOS.groundwater.well.006","MCDI.W6.20170418.FIL",,"2017-04-18T09:05Z","2017-04-18T09:05Z","EcoCore_CSU","TDN",9.8528,"milligramsPerLiter",2.0,,0,"formatChange|legacyData","GOOD"
"30d12c04-955d-4182-9f73-e9e1a694a17c","D06","MCDI","MCDI.AOS.groundwater.well.006","MCDI.W6.20170418.FIL",,"2017-04-18T09:05Z","2017-04-18T09:05Z","EcoCore_CSU","HCO3",145.1200,"milligramsPerLiter",2.0,,0,"formatChange|legacyData","GOOD"
"00ff40d6-9391-4190-a238-81b5d77a6690","D06","MCDI","MCDI.AOS.groundwater.well.006","MCDI.W6.20170418.FIL",,"2017-04-18T09:05Z","2017-04-18T09:05Z","EcoCore_CSU","Mn",0.0005,"milligramsPerLiter",2.0,,0,"formatChange|legacyData","GOOD"
"e8f85478-65de-4d72-a1a4-3f28efe7cc19","D06","MCDI","MCDI.AOS.groundwater.well.006","MCDI.W6.20170418.FIL",,"2017-04-18T09:05Z","2017-04-18T09:05Z","EcoCore_CSU","TDP",0.0480,"milligramsPerLiter",2.0,,0,"formatChange|legacyData","GOOD"
"c08b42b0-8a06-4ec7-841e-2b21bf7b1235","D06","MCDI","MCDI.AOS.groundwater.well.001","MCDI.W1.20170418.FIL",,"2017-04-18T10:50Z","2017-04-18T10:50Z","EcoCore_CSU","Na",14.6800,"milligramsPerLiter",2.0,,0,"formatChange|legacyData","GOOD"
"905697a0-296c-4365-a3d6-6c0210362550","D06","MCDI","MCDI.AOS.groundwater.well.001","MCDI.W1.20170418.FIL",,"2017-04-18T10:50Z","2017-04-18T10:50Z","EcoCore_CSU","UV Absorbance (280 nm)",0.0702,,2.0,,0,"formatChange|legacyData","GOOD"
"10e9efac-dc49-45ef-a892-00731718d607","D06","MCDI","MCDI.AOS.groundwater.well.001","MCDI.W1.20170418.FIL",,"2017-04-18T10:50Z","2017-04-18T10:50Z","EcoCore_CSU","NO3+NO2 - N",7.6080,"milligramsPerLiter",2.0,,0,"formatChange|legacyData","GOOD"
"bfe43e6f-5f00-44ec-888e-8efb57399ff3","D06","MCDI","MCDI.AOS.groundwater.well.001","MCDI.W1.20170418.FIL",,"2017-04-18T10:50Z","2017-04-18T10:50Z","EcoCore_CSU","CO3",0.0000,"milligramsPerLiter",2.0,,0,"formatChange|legacyData","GOOD"
"ea9d68c4-c550-4b3c-97ae-a9f759f04bae","D06","MCDI","MCDI.AOS.groundwater.well.001","MCDI.W1.20170418.RAW",,"2017-04-18T10:50Z","2017-04-18T10:50Z","EcoCore_CSU","TSS - Dry Mass",600.0000,"microgram",2.0,,0,"formatChange|legacyData","GOOD"
"f06fbb28-21d9-480c-8cae-276c02d00903","D06","MCDI","MCDI.AOS.groundwater.well.001","MCDI.W1.20170418.FIL",,"2017-04-18T10:50Z","2017-04-18T10:50Z","EcoCore_CSU","DOC",1.1600,"milligramsPerLiter",2.0,,0,"formatChange|legacyData","GOOD"
"7c30b4ba-33f2-4add-a828-47e079d431dd","D06","MCDI","MCDI.AOS.groundwater.well.001","MCDI.W1.20170418.FIL",,"2017-04-18T10:50Z","2017-04-18T10:50Z","EcoCore_CSU","DIC",84.9500,"milligramsPerLiter",2.0,,0,"formatChange|legacyData","GOOD"
"dce80d94-be20-47bf-8846-cb289a4f62a8","D06","MCDI","MCDI.AOS.groundwater.well.001","MCDI.W1.20170418.FIL",,"2017-04-18T10:50Z","2017-04-18T10:50Z","EcoCore_CSU","UV Absorbance (250 nm)",0.0947,,2.0,,0,"formatChange|legacyData","GOOD"
"0e172b80-b360-4324-bb79-cafa967fae0e","D06","MCDI","MCDI.AOS.groundwater.well.001","MCDI.W1.20170418.FIL",,"2017-04-18T10:50Z","2017-04-18T10:50Z","EcoCore_CSU","Ortho - P",0.0260,"milligramsPerLiter",2.0,,0,"formatChange|legacyData","GOOD"
"6b36a812-8ff8-4f39-a307-f18e23769e1e","D06","MCDI","MCDI.AOS.groundwater.well.001","MCDI.W1.20170418.FIL",,"2017-04-18T10:50Z","2017-04-18T10:50Z","EcoCore_CSU","Mg",21.6690,"milligramsPerLiter",2.0,,0,"formatChange|legacyData","GOOD"
"4358b3d3-6ce6-43b8-be3e-5999502ec7ef","D06","MCDI","MCDI.AOS.groundwater.well.001","MCDI.W1.20170418.FIL",,"2017-04-18T10:50Z","2017-04-18T10:50Z","EcoCore_CSU","Fe",0.0005,"milligramsPerLiter",2.0,,0,"formatChange|legacyData","GOOD"
"3eedd454-977d-471f-adf5-76a030bcaabd","D06","MCDI","MCDI.AOS.groundwater.well.001","MCDI.W1.20170418.FIL",,"2017-04-18T10:50Z","2017-04-18T10:50Z","EcoCore_CSU","Mn",0.0030,"milligramsPerLiter",2.0,,0,"formatChange|legacyData","GOOD"
"1f228ff9-d680-4bd4-96ae-5c33ec366aaf","D06","MCDI","MCDI.AOS.groundwater.well.001","MCDI.W1.20170418.RAW",,"2017-04-18T10:50Z","2017-04-18T10:50Z","EcoCore_CSU","TN",7.7682,"milligramsPerLiter",2.0,,0,"formatChange|legacyData","GOOD"
"22de984f-5867-4c42-840e-c42b717ac7e8","D06","MCDI","MCDI.AOS.groundwater.well.001","MCDI.W1.20170418.FIL",,"2017-04-18T10:50Z","2017-04-18T10:50Z","EcoCore_CSU","Ca",100.4900,"milligramsPerLiter",2.0,,0,"formatChange|legacyData","GOOD"
"750457fb-5160-42e2-87f1-72e44ba2fb8b","D06","MCDI","MCDI.AOS.groundwater.well.001","MCDI.W1.20170418.RAW",,"2017-04-18T10:50Z","2017-04-18T10:50Z","EcoCore_CSU","ANC",3.9100,"milliequivalentsPerLiter",2.0,,0,"formatChange|legacyData","GOOD"
"7e81cf47-deb8-49b7-8537-50511941f884","D06","MCDI","MCDI.AOS.groundwater.well.001","MCDI.W1.20170418.FIL",,"2017-04-18T10:50Z","2017-04-18T10:50Z","EcoCore_CSU","F",0.2800,"milligramsPerLiter",2.0,,0,"formatChange|legacyData","GOOD"
"d29701ea-a181-4de2-901a-3962db329047","D06","MCDI","MCDI.AOS.groundwater.well.001","MCDI.W1.20170418.FIL",,"2017-04-18T10:50Z","2017-04-18T10:50Z","EcoCore_CSU","SO4",118.2500,"milligramsPerLiter",2.0,,0,"formatChange|legacyData","GOOD"
"5e22248d-063a-4eca-9c0d-741082e0caf8","D06","MCDI","MCDI.AOS.groundwater.well.001","MCDI.W1.20170418.RAW",,"2017-04-18T10:50Z","2017-04-18T10:50Z","EcoCore_CSU","conductivity",742.7000,"microsiemensPerCentimeter",2.0,,0,"formatChange|legacyData","GOOD"
"b68276f4-1f7a-4e35-8ffd-513c89c126a2","D06","MCDI","MCDI.AOS.groundwater.well.001","MCDI.W1.20170418.FIL",,"2017-04-18T10:50Z","2017-04-18T10:50Z","EcoCore_CSU","HCO3",234.7600,"milligramsPerLiter",2.0,,0,"formatChange|legacyData","GOOD"
"106442cf-d243-4480-abd4-73a69d9bc714","D06","MCDI","MCDI.AOS.groundwater.well.001","MCDI.W1.20170418.RAW",,"2017-04-18T10:50Z","2017-04-18T10:50Z","EcoCore_CSU","TSS",24.0000,"milligramsPerLiter",2.0,,0,"formatChange|legacyData","GOOD"
"82a19757-54fc-4de3-9a2e-35cee18c94c2","D06","MCDI","MCDI.AOS.groundwater.well.001","MCDI.W1.20170418.RAW",,"2017-04-18T10:50Z","2017-04-18T10:50Z","EcoCore_CSU","TP",0.0530,"milligramsPerLiter",2.0,,0,"formatChange|legacyData","GOOD"
"0ebf9fa7-dab5-46c7-aebc-35be39a4b80d","D06","MCDI","MCDI.AOS.groundwater.well.001","MCDI.W1.20170418.FIL",,"2017-04-18T10:50Z","2017-04-18T10:50Z","EcoCore_CSU","NH4 - N",0.0370,"milligramsPerLiter",2.0,,0,"formatChange|legacyData","GOOD"
"7fde0550-ee35-47fd-923e-329b9e912a5c","D06","MCDI","MCDI.AOS.groundwater.well.001","MCDI.W1.20170418.FIL",,"2017-04-18T10:50Z","2017-04-18T10:50Z","EcoCore_CSU","TDN",7.7060,"milligramsPerLiter",2.0,,0,"formatChange|legacyData","GOOD"
"20801e9a-e1e3-485d-b0d7-2058521f1067","D06","MCDI","MCDI.AOS.groundwater.well.001","MCDI.W1.20170418.PCN",,"2017-04-18T10:50Z","2017-04-18T10:50Z","EcoCore_CSU","TPC",0.2489,"milligram",2.0,,0,"formatChange|legacyData","GOOD"
"f66a9857-7db1-4261-9fc4-41abdf5137f9","D06","MCDI","MCDI.AOS.groundwater.well.001","MCDI.W1.20170418.RAW",,"2017-04-18T10:50Z","2017-04-18T10:50Z","EcoCore_CSU","TOC",1.1990,"milligramsPerLiter",2.0,,0,"formatChange|legacyData","GOOD"
"7a90c437-42d2-4a90-8c70-675cc3ef4c38","D06","MCDI","MCDI.AOS.groundwater.well.001","MCDI.W1.20170418.PCN",,"2017-04-18T10:50Z","2017-04-18T10:50Z","EcoCore_CSU","TPN",0.0831,"milligram",2.0,,0,"formatChange|legacyData","GOOD"
"1aab4965-21a6-4e79-9536-b9dc78d511c6","D06","MCDI","MCDI.AOS.groundwater.well.001","MCDI.W1.20170418.FIL",,"2017-04-18T10:50Z","2017-04-18T10:50Z","EcoCore_CSU","TDP",0.0410,"milligramsPerLiter",2.0,,0,"formatChange|legacyData","GOOD"
"4cbe7f20-fa42-4c86-a471-24f8ccb4b559","D06","MCDI","MCDI.AOS.groundwater.well.001","MCDI.W1.20170418.FIL",,"2017-04-18T10:50Z","2017-04-18T10:50Z","EcoCore_CSU","NO2 - N",0.0070,"milligramsPerLiter",2.0,,0,"formatChange|legacyData","GOOD"
"ae5405b1-f648-4c9d-a8fc-607489def9a7","D06","MCDI","MCDI.AOS.groundwater.well.001","MCDI.W1.20170418.FIL",,"2017-04-18T10:50Z","2017-04-18T10:50Z","EcoCore_CSU","Cl",21.5300,"milligramsPerLiter",2.0,,0,"formatChange|legacyData","GOOD"
"08bac0a0-95b9-43de-ad23-4cdbe046b99a","D06","MCDI","MCDI.AOS.groundwater.well.001","MCDI.W1.20170418.FIL",,"2017-04-18T10:50Z","2017-04-18T10:50Z","EcoCore_CSU","Si",1.9500,"milligramsPerLiter",2.0,,0,"formatChange|legacyData","GOOD"
"c119d8bd-d183-4f46-b53b-743ec32a7bcb","D06","MCDI","MCDI.AOS.groundwater.well.001","MCDI.W1.20170418.RAW",,"2017-04-18T10:50Z","2017-04-18T10:50Z","EcoCore_CSU","pH",7.5100,"pH",2.0,,0,"formatChange|legacyData","GOOD"
"88b330a4-1657-4203-a09a-c55d36f6e289","D06","MCDI","MCDI.AOS.groundwater.well.001","MCDI.W1.20170418.FIL",,"2017-04-18T10:50Z","2017-04-18T10:50Z","EcoCore_CSU","Br",0.0050,"milligramsPerLiter",2.0,,0,"formatChange|legacyData","GOOD"
"82c3c233-a90e-4630-8325-85e04bf28de3","D06","MCDI","MCDI.AOS.groundwater.well.001","MCDI.W1.20170418.FIL",,"2017-04-18T10:50Z","2017-04-18T10:50Z","EcoCore_CSU","K",2.6960,"milligramsPerLiter",2.0,,0,"formatChange|legacyData","GOOD"
"7d72d8f4-f72b-492a-bae2-5257549587d8","D06","MCDI","MCDI.AOS.groundwater.well.001","MCDI.W1.20170418.FIL",,"2017-04-18T10:50Z","2017-04-18T10:50Z","EcoCore_CSU","TDS",521.3000,"milligramsPerLiter",2.0,,0,"formatChange|legacyData","GOOD"
