uid,domainID,siteID,namedLocation,decimalLatitude,decimalLongitude,coordinateUncertainty,elevation,elevationUncertainty,geodeticDatum,collectDate,aquaticSiteType,samplingImpractical,waterChemSamplesCollected,adequateSampleVol,parentSampleID,eventID,swcSamplingProtocolVersion,sampleExtractionMethod,samplerType,totalWellDepth,wellWaterDepth,waterColumnHeight,sampleDepth,purgeAverageDischargeRate,purgeTime,gwWellStabilized,purgeDryDateTime,pumpPlacementDate,screenedIntervalDepth,maxAllowableDrawdown,actualDrawdown,MADExceeded,wellVolumePurged,probeIDUnavailable,dissolvedOxygen,dissolvedOxygenSaturation,specificConductance,waterTemp,pH,waterClarityDescrip,waterColorDescrip,aCollectedBy,bCollectedBy,remarks
"2e9951f2-7c1d-4e4b-90dd-733f67e4564c","D18","OKSR","OKSR.AOS.groundwater.well.008",68.669955,-149.143747,0.1,768.8,0.1,"WGS84","2018-08-28T18:31Z","stream",,,"Y","OKSR.W8.20180828","OKSR.20180828","NEON.DOC.002905vE","Syringe","Syringe",,,,,,,,,,,,,,,,2.81,22.00,44.40,5.50,,,,"jmonroe@battelleecology.org","kbroberg@battelleecology.org",
"e3960154-6551-4dff-8c09-9ee5ef85d7e3","D18","OKSR","OKSR.AOS.groundwater.well.007",68.669333,-149.151055,0.1,771.8,0.1,"WGS84","2018-08-28T18:58Z","stream",,,"Y","OKSR.W7.20180828","OKSR.20180828","NEON.DOC.002905vE","Syringe","Syringe",,,,,,,,,,,,,,,,5.65,46.60,61.60,7.30,,,,"jmonroe@battelleecology.org","kbroberg@battelleecology.org","Only able to collect 1 liter of ground water. FIL sample only 250 mL."
"9903c586-debc-40fd-a7b7-092b1d86d3e0","D18","OKSR","OKSR.AOS.groundwater.well.005",68.668708,-149.150487,0.1,772.0,0.1,"WGS84","2018-08-28T19:30Z","stream",,,"Y","OKSR.W5.20180828","OKSR.20180828","NEON.DOC.002905vE","Syringe","Syringe",,,,,,,,,,,,,,,,2.64,20.20,167.80,4.90,,,,"kbroberg@battelleecology.org","gdukelow@battelleecology.org","Only able to collect 1 liter of ground water. FIL sample is only 250 mL."
"84b10235-d137-4d6b-aabd-0c1a5ae24f62","D18","OKSR","OKSR.AOS.groundwater.well.003",68.669343,-149.143509,0.1,768.5,0.1,"WGS84","2018-08-28T20:09Z","stream",,,"N","OKSR.W3.20180828","OKSR.20180828","NEON.DOC.002905vE","Syringe","Syringe",,,,,,,,,,,,,,,,6.75,53.10,71.20,5.30,,,,"gdukelow@battelleecology.org","jmonroe@battelleecology.org","Only able to collect less than half of a liter of ground water. FIL sample is 250 mL. Raw sample in 250 mL bottle less than half full. No PCN or ALK sample."
