uid,domainID,siteID,namedLocation,collectDate,parentSampleID,sampleCondition,sampleID,replicateNumber,gwwDICBubbleFree,gwwFiltSampleHeadspace,gwwAlkSampleHeadspace,gwwAlkSampleBubbleFree,processedDate,processedDateFilters,sampleVolumeFiltered,shipmentTimeRange
"eb61bbb8-9564-4675-b179-7c6c20f46909","D18","OKSR","OKSR.AOS.groundwater.well.008","2018-08-28T18:31Z","OKSR.W8.20180828","Sample condition ok","OKSR.W8.20180828",1,,"N","N","N","2018-08-28T23:15Z","2018-08-28T23:15Z",35.0,
"aed59c96-4dbb-405d-a203-b38bfba01a6a","D18","OKSR","OKSR.AOS.groundwater.well.007","2018-08-28T18:58Z","OKSR.W7.20180828","Sample condition ok","OKSR.W7.20180828",1,,"N","N","N","2018-08-28T23:19Z","2018-08-28T23:19Z",20.0,
"35028cf3-7351-48d4-bb82-fcc17167efb6","D18","OKSR","OKSR.AOS.groundwater.well.005","2018-08-28T19:30Z","OKSR.W5.20180828","Sample condition ok","OKSR.W5.20180828",1,,"N","N","N","2018-08-28T23:24Z","2018-08-28T23:24Z",20.0,
"5adf7be3-6f30-4f85-a615-8c59d454fc8f","D18","OKSR","OKSR.AOS.groundwater.well.003","2018-08-28T20:09Z","OKSR.W3.20180828",,"OKSR.W3.20180828",1,,"Y","N","N","2018-08-28T20:09Z",,,
