uid,domainID,siteID,namedLocation,sampleID,sampleCode,startDate,collectDate,laboratoryName,analyte,analyteConcentration,analyteUnits,coolerTemp,remarks,shipmentWarmQF,externalLabDataQF,sampleCondition
"d847ff2f-9b32-47bc-a048-3729b99c2e18","D11","PRIN","PRIN.AOS.groundwater.well.004","PRIN.W4.20190903.RAW","A00000104695","2019-09-03T15:02Z","2019-09-03T15:02Z","EcoCore_CSU","TP",0.4300,"milligramsPerLiter",1.2,,0,,"OK"
"cadb22a5-8485-4521-b0bf-4bf8bffee77e","D11","PRIN","PRIN.AOS.groundwater.well.004","PRIN.W4.20190903.RAW","A00000104695","2019-09-03T15:02Z","2019-09-03T15:02Z","EcoCore_CSU","ANC",7.4200,"milliequivalentsPerLiter",1.2,,0,,"OK"
"72c314f2-6851-4d06-b234-a1f4520725aa","D11","PRIN","PRIN.AOS.groundwater.well.004","PRIN.W4.20190903.FIL","A00000104704","2019-09-03T15:02Z","2019-09-03T15:02Z","EcoCore_CSU","UV Absorbance (250 nm)",0.9751,,1.2,,0,,"OK"
"ab57cc32-999e-4c69-9ba8-c5b8d4c59cb3","D11","PRIN","PRIN.AOS.groundwater.well.004","PRIN.W4.20190903.FIL","A00000104704","2019-09-03T15:02Z","2019-09-03T15:02Z","EcoCore_CSU","UV Absorbance (280 nm)",0.8337,,2.5,,0,,"OK"
"3c91158d-9872-40d7-a2be-e541e7a3b27c","D11","PRIN","PRIN.AOS.groundwater.well.004","PRIN.W4.20190903.RAW","A00000104695","2019-09-03T15:02Z","2019-09-03T15:02Z","EcoCore_CSU","TOC",1.2640,"milligramsPerLiter",1.2,,0,,"OK"
"06145bad-2b3f-4287-bdac-73a9cb6a734d","D11","PRIN","PRIN.AOS.groundwater.well.004","PRIN.W4.20190903.RAW","A00000104695","2019-09-03T15:02Z","2019-09-03T15:02Z","EcoCore_CSU","TN",0.1603,"milligramsPerLiter",1.2,,0,,"OK"
"05f941bb-eb33-4b6c-8da1-ac25eb7ab0e8","D11","PRIN","PRIN.AOS.groundwater.well.004","PRIN.W4.20190903.FIL","A00000104704","2019-09-03T15:02Z","2019-09-03T15:02Z","EcoCore_CSU","TDN",0.2804,"milligramsPerLiter",3.1,,0,,"OK"
"e70d50fa-2d52-4a9f-bc82-16fa0d546a52","D11","PRIN","PRIN.AOS.groundwater.well.004","PRIN.W4.20190903.FIL","A00000104704","2019-09-03T15:02Z","2019-09-03T15:02Z","EcoCore_CSU","DIC",79.0100,"milligramsPerLiter",1.2,,0,,"OK"
"7f4cc29c-4523-47df-8dce-e7769809ee78","D11","PRIN","PRIN.AOS.groundwater.well.004","PRIN.W4.20190903.FIL","A00000104704","2019-09-03T15:02Z","2019-09-03T15:02Z","EcoCore_CSU","DOC",1.7370,"milligramsPerLiter",1.8,,0,,"OK"
"a5bd08da-78b1-4696-9ae0-bc0f8d886eb8","D11","PRIN","PRIN.AOS.groundwater.well.004","PRIN.W4.20190903.FIL","A00000104704","2019-09-03T15:02Z","2019-09-03T15:02Z","EcoCore_CSU","NH4 - N",0.0332,"milligramsPerLiter",1.2,"Not enough to send to SWAPT",0,,"OK"
"78c57fb8-bbca-491d-a689-c5e427ec101d","D11","PRIN","PRIN.AOS.groundwater.well.004","PRIN.W4.20190903.FIL","A00000104704","2019-09-03T15:02Z","2019-09-03T15:02Z","EcoCore_CSU","Ortho - P",0.0880,"milligramsPerLiter",1.2,"Not enough to send to SWAPT",0,,"OK"
"88d6f483-0bff-408d-bcfb-756eba933e76","D11","PRIN","PRIN.AOS.groundwater.well.004","PRIN.W4.20190903.FIL","A00000104704","2019-09-03T15:02Z","2019-09-03T15:02Z","EcoCore_CSU","NO2 - N",-0.0201,"milligramsPerLiter",1.2,"Not enough to send to SWAPT",0,,"OK"
"beb1007a-8fbc-44f4-87e0-1f4f1becf2c7","D11","PRIN","PRIN.AOS.groundwater.well.004","PRIN.W4.20190903.FIL","A00000104704","2019-09-03T15:02Z","2019-09-03T15:02Z","EcoCore_CSU","NO3+NO2 - N",0.0740,"milligramsPerLiter",1.2,"Not enough to send to SWAPT",0,,"OK"
"e9f568e2-cc7d-41c0-b625-12af70ed46ee","D11","PRIN","PRIN.AOS.groundwater.well.004","PRIN.W4.20190903.PCN","A00000105092","2019-09-03T15:02Z","2019-09-03T15:02Z","EcoCore_CSU","TPC",0.1884,"milligram",1.2,,0,,"OK"
"2c7a33f6-c77a-4a16-b403-6d599fb417fc","D11","PRIN","PRIN.AOS.groundwater.well.004","PRIN.W4.20190903.PCN","A00000105092","2019-09-03T15:02Z","2019-09-03T15:02Z","EcoCore_CSU","TPN",0.1089,"milligram",1.2,,0,,"OK"
"0c757f1e-859e-4288-bb3b-2e26eaf5d7ea","D11","PRIN","PRIN.AOS.groundwater.well.004","PRIN.W4.20190903.RAW","A00000104695","2019-09-03T15:02Z","2019-09-03T15:02Z","EcoCore_CSU","specificConductance",699.5200,"microsiemensPerCentimeter",1.2,,0,,"OK"
"3311c4a3-9a58-4f81-ae05-fdd2242dfa67","D11","PRIN","PRIN.AOS.groundwater.well.004","PRIN.W4.20190903.RAW","A00000104695","2019-09-03T15:02Z","2019-09-03T15:02Z","EcoCore_CSU","TSS - Dry Mass",25700.0000,"microgram",1.2,,0,,"OK"
"15794fbf-b8a1-4da9-83f9-aaa49a48a8ca","D11","PRIN","PRIN.AOS.groundwater.well.004","PRIN.W4.20190903.RAW","A00000104695","2019-09-03T15:02Z","2019-09-03T15:02Z","EcoCore_CSU","TSS",514.0000,"milligramsPerLiter",1.2,,0,,"OK"
"2b6bf4f6-4d74-4496-9187-1414b57fc00a","D11","PRIN","PRIN.AOS.groundwater.well.004","PRIN.W4.20190903.RAW","A00000104695","2019-09-03T15:02Z","2019-09-03T15:02Z","EcoCore_CSU","pH",7.3400,"pH",1.2,,0,,"OK"
