uid,domainID,siteID,namedLocation,sampleID,sampleCode,startDate,collectDate,laboratoryName,analyte,analyteConcentration,analyteUnits,coolerTemp,remarks,shipmentWarmQF,externalLabDataQF,sampleCondition
"56c5d8ae-fbed-470e-bad5-c4d586d22f0f","D18","OKSR","OKSR.AOS.groundwater.well.008","OKSR.W8.20190827.FIL","A00000027320","2019-08-27T18:30Z","2019-08-27T18:30Z","EcoCore_CSU","Na",2.2760,"milligramsPerLiter",2.6,,0,,"OK"
"6d19e0a2-eb87-48ef-93df-8ddcbe69431d","D18","OKSR","OKSR.AOS.groundwater.well.008","OKSR.W8.20190827.RAW","A00000099258","2019-08-27T18:30Z","2019-08-27T18:30Z","EcoCore_CSU","TSS - Dry Mass",13900.0000,"microgram",2.6,,0,,"OK"
"ae426a9a-3e23-4942-a0e4-2d716bbf2edb","D18","OKSR","OKSR.AOS.groundwater.well.008","OKSR.W8.20190827.FIL","A00000027320","2019-08-27T18:30Z","2019-08-27T18:30Z","EcoCore_CSU","SO4",15.5900,"milligramsPerLiter",2.6,,0,,"OK"
"4bed7734-25a6-49d1-88b4-fea5cfe55055","D18","OKSR","OKSR.AOS.groundwater.well.008","OKSR.W8.20190827.FIL","A00000027320","2019-08-27T18:30Z","2019-08-27T18:30Z","EcoCore_CSU","NO3+NO2 - N",0.0053,"milligramsPerLiter",2.6,,0,,"OK"
"1073d761-2c05-424a-b016-ef05fd2e043e","D18","OKSR","OKSR.AOS.groundwater.well.008","OKSR.W8.20190827.RAW","A00000099258","2019-08-27T18:30Z","2019-08-27T18:30Z","EcoCore_CSU","ANC",0.2500,"milliequivalentsPerLiter",2.6,,0,,"OK"
"a6bfb879-5050-4a03-b66e-e155512a29a6","D18","OKSR","OKSR.AOS.groundwater.well.008","OKSR.W8.20190827.FIL","A00000027320","2019-08-27T18:30Z","2019-08-27T18:30Z","EcoCore_CSU","Mn",6.6340,"milligramsPerLiter",2.6,,0,,"OK"
"7b6aa61a-c623-40f7-9d58-d274d6d841fd","D18","OKSR","OKSR.AOS.groundwater.well.008","OKSR.W8.20190827.FIL","A00000027320","2019-08-27T18:30Z","2019-08-27T18:30Z","EcoCore_CSU","TDS",70.5000,"milligramsPerLiter",2.6,,0,,"OK"
"3db4a1cd-3043-4e92-b608-5c6611f2a231","D18","OKSR","OKSR.AOS.groundwater.well.008","OKSR.W8.20190827.FIL","A00000027320","2019-08-27T18:30Z","2019-08-27T18:30Z","EcoCore_CSU","HCO3",13.4100,"milligramsPerLiter",2.6,,0,,"OK"
"f115adb9-e93d-4e03-a503-39c8da88f901","D18","OKSR","OKSR.AOS.groundwater.well.008","OKSR.W8.20190827.FIL","A00000027320","2019-08-27T18:30Z","2019-08-27T18:30Z","EcoCore_CSU","UV Absorbance (250 nm)",,,2.6,"absorbance value too high to measure",0,,"Other"
"8b3f1135-6c66-411b-ad19-d342c76c9e5d","D18","OKSR","OKSR.AOS.groundwater.well.008","OKSR.W8.20190827.FIL","A00000027320","2019-08-27T18:30Z","2019-08-27T18:30Z","EcoCore_CSU","CO3",0.0050,"milligramsPerLiter",2.6,,0,,"OK"
"2b82dbf3-64f6-449b-b768-8724e9184c28","D18","OKSR","OKSR.AOS.groundwater.well.008","OKSR.W8.20190827.RAW","A00000099258","2019-08-27T18:30Z","2019-08-27T18:30Z","EcoCore_CSU","TP",0.4552,"milligramsPerLiter",2.6,,0,,"OK"
"fbecb62f-5180-420f-8de9-e7198b4eea6c","D18","OKSR","OKSR.AOS.groundwater.well.008","OKSR.W8.20190827.FIL","A00000027320","2019-08-27T18:30Z","2019-08-27T18:30Z","EcoCore_CSU","NO2 - N",-0.0132,"milligramsPerLiter",2.6,,0,,"OK"
"c7b6ba8f-b411-44b9-a1e5-dc3d469dd026","D18","OKSR","OKSR.AOS.groundwater.well.008","OKSR.W8.20190827.RAW","A00000099258","2019-08-27T18:30Z","2019-08-27T18:30Z","EcoCore_CSU","TN",2.5720,"milligramsPerLiter",2.6,,0,,"OK"
"fab30ac8-d75b-4e51-92ac-c1e749e45478","D18","OKSR","OKSR.AOS.groundwater.well.008","OKSR.W8.20190827.RAW","A00000099258","2019-08-27T18:30Z","2019-08-27T18:30Z","EcoCore_CSU","conductivity",99.5500,"microsiemensPerCentimeter",2.6,,0,,"OK"
"f080f2b2-3c4e-456a-9aa6-293b9ca278d5","D18","OKSR","OKSR.AOS.groundwater.well.008","OKSR.W8.20190827.FIL","A00000027320","2019-08-27T18:30Z","2019-08-27T18:30Z","EcoCore_CSU","UV Absorbance (280 nm)",4.1808,,2.6,,0,,"OK"
"80654f45-5cad-4df0-b7a1-7293bde3c8aa","D18","OKSR","OKSR.AOS.groundwater.well.008","OKSR.W8.20190827.FIL","A00000027320","2019-08-27T18:30Z","2019-08-27T18:30Z","EcoCore_CSU","TDP",0.0890,"milligramsPerLiter",2.6,,0,,"OK"
"892346d1-7f9b-44bc-a2a4-759e6818a626","D18","OKSR","OKSR.AOS.groundwater.well.008","OKSR.W8.20190827.FIL","A00000027320","2019-08-27T18:30Z","2019-08-27T18:30Z","EcoCore_CSU","TDN",3.3600,"milligramsPerLiter",2.6,,0,,"OK"
"6c41ee38-1b04-4bb8-b62d-f0b09c7f29fd","D18","OKSR","OKSR.AOS.groundwater.well.008","OKSR.W8.20190827.FIL","A00000027320","2019-08-27T18:30Z","2019-08-27T18:30Z","EcoCore_CSU","DIC",30.7600,"milligramsPerLiter",2.6,,0,,"OK"
"d0585d48-3281-4961-9093-00e427a78aab","D18","OKSR","OKSR.AOS.groundwater.well.008","OKSR.W8.20190827.FIL","A00000027320","2019-08-27T18:30Z","2019-08-27T18:30Z","EcoCore_CSU","Cl",2.9300,"milligramsPerLiter",2.6,,0,,"OK"
"d9a29922-c3cf-4d21-82fe-ce1879a0451e","D18","OKSR","OKSR.AOS.groundwater.well.008","OKSR.W8.20190827.RAW","A00000099258","2019-08-27T18:30Z","2019-08-27T18:30Z","EcoCore_CSU","TOC",25.2400,"milligramsPerLiter",2.6,,0,,"OK"
"18b13139-d656-4992-826c-2d97e185b888","D18","OKSR","OKSR.AOS.groundwater.well.008","OKSR.W8.20190827.FIL","A00000027320","2019-08-27T18:30Z","2019-08-27T18:30Z","EcoCore_CSU","DOC",45.7500,"milligramsPerLiter",2.6,,0,,"OK"
"a8c4fb81-b7f2-4c56-9399-5546f69fe055","D18","OKSR","OKSR.AOS.groundwater.well.008","OKSR.W8.20190827.FIL","A00000027320","2019-08-27T18:30Z","2019-08-27T18:30Z","EcoCore_CSU","NH4 - N",1.6927,"milligramsPerLiter",2.6,,0,,"OK"
"95c5bfcc-c6c1-4c61-9d63-fbb4a0ad0648","D18","OKSR","OKSR.AOS.groundwater.well.008","OKSR.W8.20190827.FIL","A00000027320","2019-08-27T18:30Z","2019-08-27T18:30Z","EcoCore_CSU","Si",6.6000,"milligramsPerLiter",2.6,,0,,"OK"
"7a990344-9838-4351-9f30-22ad7d5ced3a","D18","OKSR","OKSR.AOS.groundwater.well.008","OKSR.W8.20190827.RAW","A00000099258","2019-08-27T18:30Z","2019-08-27T18:30Z","EcoCore_CSU","pH",5.9200,"pH",2.6,,0,,"OK"
"b5e7e4ac-8c3d-4494-94fe-fe0687b5a8d3","D18","OKSR","OKSR.AOS.groundwater.well.008","OKSR.W8.20190827.DIC","A00000101695","2019-08-27T18:30Z","2019-08-27T18:30Z","EcoCore_CSU","pH",5.7100,"pH",2.6,"DIC and pH only",0,,"OK"
"3946f35f-9139-4bb5-b0dc-f46d3f8cb2a2","D18","OKSR","OKSR.AOS.groundwater.well.008","OKSR.W8.20190827.FIL","A00000027320","2019-08-27T18:30Z","2019-08-27T18:30Z","EcoCore_CSU","F",0.0050,"milligramsPerLiter",2.6,,0,,"OK"
"b1e06711-278f-4ba5-8074-0ff123246f94","D18","OKSR","OKSR.AOS.groundwater.well.008","OKSR.W8.20190827.DIC","A00000101695","2019-08-27T18:30Z","2019-08-27T18:30Z","EcoCore_CSU","DIC",90.0100,"milligramsPerLiter",2.6,"DIC and pH only",0,,"OK"
"b877456f-5187-43e6-b250-617acb0e2a17","D18","OKSR","OKSR.AOS.groundwater.well.008","OKSR.W8.20190827.FIL","A00000027320","2019-08-27T18:30Z","2019-08-27T18:30Z","EcoCore_CSU","Ortho - P",0.0440,"milligramsPerLiter",2.6,,0,,"OK"
"6d7ea886-698b-4fab-b098-3cc16c106276","D18","OKSR","OKSR.AOS.groundwater.well.008","OKSR.W8.20190827.FIL","A00000027320","2019-08-27T18:30Z","2019-08-27T18:30Z","EcoCore_CSU","Br",0.0050,"milligramsPerLiter",2.6,,0,,"OK"
"8bed2a41-eb81-4f50-baae-128daa230060","D18","OKSR","OKSR.AOS.groundwater.well.008","OKSR.W8.20190827.FIL","A00000027320","2019-08-27T18:30Z","2019-08-27T18:30Z","EcoCore_CSU","Ca",9.1110,"milligramsPerLiter",2.6,,0,,"OK"
"e8091267-1e0f-41a2-b4d8-ee39bcbbea1d","D18","OKSR","OKSR.AOS.groundwater.well.008","OKSR.W8.20190827.FIL","A00000027320","2019-08-27T18:30Z","2019-08-27T18:30Z","EcoCore_CSU","Mg",0.9610,"milligramsPerLiter",2.6,,0,,"OK"
"16f53a95-596a-4efe-ac38-8e02b9037b17","D18","OKSR","OKSR.AOS.groundwater.well.008","OKSR.W8.20190827.RAW","A00000099258","2019-08-27T18:30Z","2019-08-27T18:30Z","EcoCore_CSU","TSS",278.0000,"milligramsPerLiter",2.6,,0,,"OK"
"d9cf4dd0-7f12-412c-ad0d-fa3cf9a4dca5","D18","OKSR","OKSR.AOS.groundwater.well.008","OKSR.W8.20190827.FIL","A00000027320","2019-08-27T18:30Z","2019-08-27T18:30Z","EcoCore_CSU","K",0.0820,"milligramsPerLiter",2.6,,0,,"OK"
"8e56d728-05b4-404a-bc5a-a53effcabe06","D18","OKSR","OKSR.AOS.groundwater.well.008","OKSR.W8.20190827.FIL","A00000027320","2019-08-27T18:30Z","2019-08-27T18:30Z","EcoCore_CSU","Fe",61.6910,"milligramsPerLiter",2.6,,0,,"OK"
"7c25b40e-0f7c-4910-8df5-ee102cbfb1f6","D18","OKSR","OKSR.AOS.groundwater.well.007","OKSR.W7.20190827.FIL","A00000027319","2019-08-27T19:19Z","2019-08-27T19:19Z","EcoCore_CSU","SO4",1.3700,"milligramsPerLiter",3.3,,0,,"OK"
"8cdd54cc-c21f-441d-946a-aafacf4ff067","D18","OKSR","OKSR.AOS.groundwater.well.007","OKSR.W7.20190827.FIL","A00000027319","2019-08-27T19:19Z","2019-08-27T19:19Z","EcoCore_CSU","NO2 - N",-0.0186,"milligramsPerLiter",3.3,,0,,"OK"
"fc196368-f12d-468e-ae5e-055bba0a5c50","D18","OKSR","OKSR.AOS.groundwater.well.007","OKSR.W7.20190827.PCN","A00000099254","2019-08-27T19:19Z","2019-08-27T19:19Z","EcoCore_CSU","TPC",0.8398,"milligram",3.3,,0,,"OK"
"6e312540-c351-4608-a3d6-604a8862641b","D18","OKSR","OKSR.AOS.groundwater.well.007","OKSR.W7.20190827.FIL","A00000027319","2019-08-27T19:19Z","2019-08-27T19:19Z","EcoCore_CSU","DIC",8.2500,"milligramsPerLiter",3.3,,0,,"OK"
"15943f43-7835-4cc7-9c18-d515988a5b14","D18","OKSR","OKSR.AOS.groundwater.well.007","OKSR.W7.20190827.RAW","A00000065831","2019-08-27T19:19Z","2019-08-27T19:19Z","EcoCore_CSU","TN",0.9044,"milligramsPerLiter",3.3,,0,,"OK"
"b85d6995-010f-4b32-b63f-bf3fbfd60743","D18","OKSR","OKSR.AOS.groundwater.well.007","OKSR.W7.20190827.FIL","A00000027319","2019-08-27T19:19Z","2019-08-27T19:19Z","EcoCore_CSU","Ortho - P",0.0120,"milligramsPerLiter",3.3,,0,,"OK"
"a5b225d2-d529-45ed-a5a8-05a7f95722f3","D18","OKSR","OKSR.AOS.groundwater.well.007","OKSR.W7.20190827.RAW","A00000065831","2019-08-27T19:19Z","2019-08-27T19:19Z","EcoCore_CSU","TSS - Dry Mass",3658.5366,"microgram",3.3,,0,,"OK"
"517c6623-94c2-4cf5-bea0-27fb20afb6b8","D18","OKSR","OKSR.AOS.groundwater.well.007","OKSR.W7.20190827.RAW","A00000065831","2019-08-27T19:19Z","2019-08-27T19:19Z","EcoCore_CSU","conductivity",22.2800,"microsiemensPerCentimeter",3.3,,0,,"OK"
"224ec2e5-eaa6-4cbd-a0a5-9486a470829d","D18","OKSR","OKSR.AOS.groundwater.well.007","OKSR.W7.20190827.FIL","A00000027319","2019-08-27T19:19Z","2019-08-27T19:19Z","EcoCore_CSU","TDN",0.8968,"milligramsPerLiter",3.3,,0,,"OK"
"da77575e-ae7d-4a50-ba2d-7c55fa66b977","D18","OKSR","OKSR.AOS.groundwater.well.007","OKSR.W7.20190827.FIL","A00000027319","2019-08-27T19:19Z","2019-08-27T19:19Z","EcoCore_CSU","Ca",1.7120,"milligramsPerLiter",3.3,,0,,"OK"
"23a1e2ff-7413-4fa6-89b6-e52162e75e4f","D18","OKSR","OKSR.AOS.groundwater.well.007","OKSR.W7.20190827.FIL","A00000027319","2019-08-27T19:19Z","2019-08-27T19:19Z","EcoCore_CSU","TDS",16.3000,"milligramsPerLiter",3.3,,0,,"OK"
"2e071752-6ab4-417f-86c5-6723eb79568a","D18","OKSR","OKSR.AOS.groundwater.well.007","OKSR.W7.20190827.FIL","A00000027319","2019-08-27T19:19Z","2019-08-27T19:19Z","EcoCore_CSU","Si",1.6800,"milligramsPerLiter",3.3,,0,,"OK"
"30a8cfc6-f1b5-499d-9e5e-c5bd60bb6fea","D18","OKSR","OKSR.AOS.groundwater.well.007","OKSR.W7.20190827.FIL","A00000027319","2019-08-27T19:19Z","2019-08-27T19:19Z","EcoCore_CSU","DOC",13.3600,"milligramsPerLiter",3.3,,0,,"OK"
"98480f48-f357-4178-9607-707b9fd1eed5","D18","OKSR","OKSR.AOS.groundwater.well.007","OKSR.W7.20190827.FIL","A00000027319","2019-08-27T19:19Z","2019-08-27T19:19Z","EcoCore_CSU","NO3+NO2 - N",0.0116,"milligramsPerLiter",3.3,,0,,"OK"
"fa26d14c-1239-4683-b633-87a464304bf1","D18","OKSR","OKSR.AOS.groundwater.well.007","OKSR.W7.20190827.FIL","A00000027319","2019-08-27T19:19Z","2019-08-27T19:19Z","EcoCore_CSU","UV Absorbance (250 nm)",0.6059,,3.3,,0,,"OK"
"54e20fc0-952e-482c-a249-76227a1edee4","D18","OKSR","OKSR.AOS.groundwater.well.007","OKSR.W7.20190827.RAW","A00000065831","2019-08-27T19:19Z","2019-08-27T19:19Z","EcoCore_CSU","TOC",14.2100,"milligramsPerLiter",3.3,,0,,"OK"
"b9a0bc89-70b3-40ce-879d-57726b14ec3a","D18","OKSR","OKSR.AOS.groundwater.well.007","OKSR.W7.20190827.RAW","A00000065831","2019-08-27T19:19Z","2019-08-27T19:19Z","EcoCore_CSU","pH",6.0000,"pH",3.3,,0,,"OK"
"84688f4a-8a1a-4dfc-98cd-a93cd4a51ec7","D18","OKSR","OKSR.AOS.groundwater.well.007","OKSR.W7.20190827.FIL","A00000027319","2019-08-27T19:19Z","2019-08-27T19:19Z","EcoCore_CSU","Mn",2.0830,"milligramsPerLiter",3.3,,0,,"OK"
"8adae137-cd3a-4f20-95ea-127d1d635417","D18","OKSR","OKSR.AOS.groundwater.well.007","OKSR.W7.20190827.FIL","A00000027319","2019-08-27T19:19Z","2019-08-27T19:19Z","EcoCore_CSU","K",0.0940,"milligramsPerLiter",3.3,,0,,"OK"
"82a65760-6625-4bab-bced-2029c1b311b4","D18","OKSR","OKSR.AOS.groundwater.well.007","OKSR.W7.20190827.RAW","A00000065831","2019-08-27T19:19Z","2019-08-27T19:19Z","EcoCore_CSU","TSS",73.0000,"milligramsPerLiter",3.3,,0,,"OK"
"58d972e2-06d1-4630-aa53-8e591575567e","D18","OKSR","OKSR.AOS.groundwater.well.007","OKSR.W7.20190827.DIC","A00000101694","2019-08-27T19:19Z","2019-08-27T19:19Z","EcoCore_CSU","DIC",10.5300,"milligramsPerLiter",3.3,"DIC and pH only",0,,"OK"
"766cd8ad-2242-43e4-9cff-934c87b75833","D18","OKSR","OKSR.AOS.groundwater.well.007","OKSR.W7.20190827.FIL","A00000027319","2019-08-27T19:19Z","2019-08-27T19:19Z","EcoCore_CSU","CO3",0.0050,"milligramsPerLiter",3.3,,0,,"OK"
"299217b6-4f4f-4234-803f-cbf9d67aaa9f","D18","OKSR","OKSR.AOS.groundwater.well.007","OKSR.W7.20190827.FIL","A00000027319","2019-08-27T19:19Z","2019-08-27T19:19Z","EcoCore_CSU","Mg",0.2780,"milligramsPerLiter",3.3,,0,,"OK"
"3064ed9d-b0da-428c-80fe-f3faad2003dc","D18","OKSR","OKSR.AOS.groundwater.well.007","OKSR.W7.20190827.RAW","A00000065831","2019-08-27T19:19Z","2019-08-27T19:19Z","EcoCore_CSU","TP",0.3370,"milligramsPerLiter",3.3,,0,,"OK"
"f7e67813-6df2-4736-be47-1a8ee6b74949","D18","OKSR","OKSR.AOS.groundwater.well.007","OKSR.W7.20190827.FIL","A00000027319","2019-08-27T19:19Z","2019-08-27T19:19Z","EcoCore_CSU","TDP",0.0050,"milligramsPerLiter",3.3,,0,,"OK"
"bf1385fe-f8fc-4c67-a373-82521f65f631","D18","OKSR","OKSR.AOS.groundwater.well.007","OKSR.W7.20190827.FIL","A00000027319","2019-08-27T19:19Z","2019-08-27T19:19Z","EcoCore_CSU","HCO3",0.5100,"milligramsPerLiter",3.3,,0,,"OK"
"60c5f2a5-3a88-473c-a5a2-3ed1c1862c6b","D18","OKSR","OKSR.AOS.groundwater.well.007","OKSR.W7.20190827.RAW","A00000065831","2019-08-27T19:19Z","2019-08-27T19:19Z","EcoCore_CSU","ANC",0.0200,"milliequivalentsPerLiter",3.3,,0,,"OK"
"59c8fe27-60ed-4e83-a1ff-321615f326ce","D18","OKSR","OKSR.AOS.groundwater.well.007","OKSR.W7.20190827.FIL","A00000027319","2019-08-27T19:19Z","2019-08-27T19:19Z","EcoCore_CSU","F",0.0050,"milligramsPerLiter",3.3,,0,,"OK"
"e35aa7c5-188f-4eb8-ba4a-bbb5f52ff0e0","D18","OKSR","OKSR.AOS.groundwater.well.007","OKSR.W7.20190827.DIC","A00000101694","2019-08-27T19:19Z","2019-08-27T19:19Z","EcoCore_CSU","pH",5.2100,"pH",3.3,"DIC and pH only",0,,"OK"
"b4771020-609f-4dc2-aa98-76d3a80fc258","D18","OKSR","OKSR.AOS.groundwater.well.007","OKSR.W7.20190827.FIL","A00000027319","2019-08-27T19:19Z","2019-08-27T19:19Z","EcoCore_CSU","Br",0.0050,"milligramsPerLiter",3.3,,0,,"OK"
"6862cebd-ff02-4bbc-887c-1851d50339df","D18","OKSR","OKSR.AOS.groundwater.well.007","OKSR.W7.20190827.FIL","A00000027319","2019-08-27T19:19Z","2019-08-27T19:19Z","EcoCore_CSU","Cl",3.0600,"milligramsPerLiter",3.3,,0,,"OK"
"649b88a3-717e-47b7-8d8a-0186ce8b4974","D18","OKSR","OKSR.AOS.groundwater.well.007","OKSR.W7.20190827.FIL","A00000027319","2019-08-27T19:19Z","2019-08-27T19:19Z","EcoCore_CSU","NH4 - N",0.4383,"milligramsPerLiter",3.3,,0,,"OK"
"d424156d-0d77-42a6-a61a-6adfce9afe50","D18","OKSR","OKSR.AOS.groundwater.well.007","OKSR.W7.20190827.FIL","A00000027319","2019-08-27T19:19Z","2019-08-27T19:19Z","EcoCore_CSU","Fe",0.8510,"milligramsPerLiter",3.3,,0,,"OK"
"104f2bfa-a1a5-4bae-8522-fbf0c83e9cd6","D18","OKSR","OKSR.AOS.groundwater.well.007","OKSR.W7.20190827.FIL","A00000027319","2019-08-27T19:19Z","2019-08-27T19:19Z","EcoCore_CSU","UV Absorbance (280 nm)",0.4140,,3.3,,0,,"OK"
"c4e8acfe-0973-4b27-a3a8-2df7470a275e","D18","OKSR","OKSR.AOS.groundwater.well.007","OKSR.W7.20190827.FIL","A00000027319","2019-08-27T19:19Z","2019-08-27T19:19Z","EcoCore_CSU","Na",0.2820,"milligramsPerLiter",3.3,,0,,"OK"
"7fe23904-4cdf-4791-b728-ba584ad98cbc","D18","OKSR","OKSR.AOS.groundwater.well.007","OKSR.W7.20190827.PCN","A00000099254","2019-08-27T19:19Z","2019-08-27T19:19Z","EcoCore_CSU","TPN",0.1355,"milligram",3.3,,0,,"OK"
"ddddbb3d-70de-4b09-b42d-5e41f909e0fe","D18","OKSR","OKSR.AOS.groundwater.well.003","OKSR.W3.20190827.FIL","A00000027287","2019-08-27T20:07Z","2019-08-27T20:07Z","EcoCore_CSU","Mn",0.7540,"milligramsPerLiter",2.6,,0,,"OK"
"a36b023e-6865-4b52-84f3-07470fecd407","D18","OKSR","OKSR.AOS.groundwater.well.003","OKSR.W3.20190827.FIL","A00000027287","2019-08-27T20:07Z","2019-08-27T20:07Z","EcoCore_CSU","Mg",0.5970,"milligramsPerLiter",2.6,,0,,"OK"
"56bd45e3-5bbf-46c7-8770-1d58ffb60312","D18","OKSR","OKSR.AOS.groundwater.well.003","OKSR.W3.20190827.FIL","A00000027287","2019-08-27T20:07Z","2019-08-27T20:07Z","EcoCore_CSU","Si",4.3000,"milligramsPerLiter",2.6,,0,,"OK"
"3ce71eac-1230-49bf-9026-c867bf7035ed","D18","OKSR","OKSR.AOS.groundwater.well.003","OKSR.W3.20190827.FIL","A00000027287","2019-08-27T20:07Z","2019-08-27T20:07Z","EcoCore_CSU","CO3",0.0050,"milligramsPerLiter",2.6,,0,,"OK"
"d81b1b62-961f-47fb-9f4f-da535ae47bca","D18","OKSR","OKSR.AOS.groundwater.well.003","OKSR.W3.20190827.FIL","A00000027287","2019-08-27T20:07Z","2019-08-27T20:07Z","EcoCore_CSU","TDP",0.0347,"milligramsPerLiter",2.6,,0,,"OK"
"d402faa2-4fc5-4e5c-868f-62bff59ca955","D18","OKSR","OKSR.AOS.groundwater.well.003","OKSR.W3.20190827.FIL","A00000027287","2019-08-27T20:07Z","2019-08-27T20:07Z","EcoCore_CSU","Na",0.2190,"milligramsPerLiter",2.6,,0,,"OK"
"869e57ff-fe33-46c5-b3b4-94178581236a","D18","OKSR","OKSR.AOS.groundwater.well.003","OKSR.W3.20190827.FIL","A00000027287","2019-08-27T20:07Z","2019-08-27T20:07Z","EcoCore_CSU","HCO3",5.6800,"milligramsPerLiter",2.6,,0,,"OK"
"f328b9f9-1c85-48a7-84bf-35a5f3c4b80a","D18","OKSR","OKSR.AOS.groundwater.well.003","OKSR.W3.20190827.FIL","A00000027287","2019-08-27T20:07Z","2019-08-27T20:07Z","EcoCore_CSU","TDS",35.1000,"milligramsPerLiter",2.6,,0,,"OK"
"df228aea-d509-4419-8707-c5ee26382742","D18","OKSR","OKSR.AOS.groundwater.well.003","OKSR.W3.20190827.FIL","A00000027287","2019-08-27T20:07Z","2019-08-27T20:07Z","EcoCore_CSU","Fe",4.7900,"milligramsPerLiter",2.6,,0,,"OK"
"8523d760-d149-4a9f-b89e-487a184d5ea5","D18","OKSR","OKSR.AOS.groundwater.well.003","OKSR.W3.20190827.FIL","A00000027287","2019-08-27T20:07Z","2019-08-27T20:07Z","EcoCore_CSU","SO4",3.2500,"milligramsPerLiter",2.6,,0,,"OK"
"7f702051-e1fc-4631-9a22-b1a6c9b4ab00","D18","OKSR","OKSR.AOS.groundwater.well.003","OKSR.W3.20190827.FIL","A00000027287","2019-08-27T20:07Z","2019-08-27T20:07Z","EcoCore_CSU","Cl",2.8800,"milligramsPerLiter",2.6,,0,,"OK"
"d81aea99-f3f2-49cf-879d-d2a30e4cd067","D18","OKSR","OKSR.AOS.groundwater.well.003","OKSR.W3.20190827.FIL","A00000027287","2019-08-27T20:07Z","2019-08-27T20:07Z","EcoCore_CSU","Br",0.0050,"milligramsPerLiter",2.6,,0,,"OK"
"7a05fcdc-4d30-4998-b291-fd3ef8023386","D18","OKSR","OKSR.AOS.groundwater.well.003","OKSR.W3.20190827.FIL","A00000027287","2019-08-27T20:07Z","2019-08-27T20:07Z","EcoCore_CSU","Ortho - P",0.0380,"milligramsPerLiter",2.6,,0,,"OK"
"55094e6f-8dbd-40a7-a8e3-e49b070c8364","D18","OKSR","OKSR.AOS.groundwater.well.003","OKSR.W3.20190827.FIL","A00000027287","2019-08-27T20:07Z","2019-08-27T20:07Z","EcoCore_CSU","NH4 - N",3.2430,"milligramsPerLiter",2.6,,0,,"OK"
"0abc2d54-cf90-4a55-a5b5-bb98dc956435","D18","OKSR","OKSR.AOS.groundwater.well.003","OKSR.W3.20190827.FIL","A00000027287","2019-08-27T20:07Z","2019-08-27T20:07Z","EcoCore_CSU","NO3+NO2 - N",0.0636,"milligramsPerLiter",2.6,,0,,"OK"
"278223ed-1616-4200-8d23-73e8ef085d0a","D18","OKSR","OKSR.AOS.groundwater.well.003","OKSR.W3.20190827.FIL","A00000027287","2019-08-27T20:07Z","2019-08-27T20:07Z","EcoCore_CSU","NO2 - N",-0.0147,"milligramsPerLiter",2.6,,0,,"OK"
"70a36514-4136-424e-aa1a-b73c34b45729","D18","OKSR","OKSR.AOS.groundwater.well.003","OKSR.W3.20190827.FIL","A00000027287","2019-08-27T20:07Z","2019-08-27T20:07Z","EcoCore_CSU","UV Absorbance (280 nm)",0.9794,,1.8,,0,,"OK"
"515ddf65-1205-487a-a682-661359095e4d","D18","OKSR","OKSR.AOS.groundwater.well.003","OKSR.W3.20190827.FIL","A00000027287","2019-08-27T20:07Z","2019-08-27T20:07Z","EcoCore_CSU","UV Absorbance (250 nm)",1.3644,,2.6,,0,,"OK"
"aa60ed60-f45b-42ec-b688-3f786615282f","D18","OKSR","OKSR.AOS.groundwater.well.003","OKSR.W3.20190827.FIL","A00000027287","2019-08-27T20:07Z","2019-08-27T20:07Z","EcoCore_CSU","DOC",23.7500,"milligramsPerLiter",1.5,,0,,"OK"
"46fafb04-4884-4ddd-a077-82ed15d86a0a","D18","OKSR","OKSR.AOS.groundwater.well.003","OKSR.W3.20190827.FIL","A00000027287","2019-08-27T20:07Z","2019-08-27T20:07Z","EcoCore_CSU","DIC",11.1800,"milligramsPerLiter",2.6,,0,,"OK"
"ee910869-617f-4a3c-8740-c2c55bb7d2cb","D18","OKSR","OKSR.AOS.groundwater.well.003","OKSR.W3.20190827.FIL","A00000027287","2019-08-27T20:07Z","2019-08-27T20:07Z","EcoCore_CSU","TDN",4.3300,"milligramsPerLiter",0.3,,0,,"OK"
"56a56dfc-a2e0-43dd-8eeb-0681a59e93a8","D18","OKSR","OKSR.AOS.groundwater.well.003","OKSR.W3.20190827.PCN","A00000099261","2019-08-27T20:07Z","2019-08-27T20:07Z","EcoCore_CSU","TPN",0.1673,"milligram",2.6,,0,,"OK"
"469db3b9-cf8f-452e-998c-6b71b8df15bf","D18","OKSR","OKSR.AOS.groundwater.well.003","OKSR.W3.20190827.PCN","A00000099261","2019-08-27T20:07Z","2019-08-27T20:07Z","EcoCore_CSU","TPC",0.7387,"milligram",2.6,,0,,"OK"
"3f3f290d-96e6-4dad-b687-7da7d20c8926","D18","OKSR","OKSR.AOS.groundwater.well.003","OKSR.W3.20190827.RAW","A00000065812","2019-08-27T20:07Z","2019-08-27T20:07Z","EcoCore_CSU","TP",0.4184,"milligramsPerLiter",2.6,,0,,"OK"
"0fc5e924-8a34-4137-abcc-42f5268c6174","D18","OKSR","OKSR.AOS.groundwater.well.003","OKSR.W3.20190827.RAW","A00000065812","2019-08-27T20:07Z","2019-08-27T20:07Z","EcoCore_CSU","TSS - Dry Mass",6300.0000,"microgram",2.6,,0,,"OK"
"1f77ec3e-221b-440d-9a69-e38b2b7868c9","D18","OKSR","OKSR.AOS.groundwater.well.003","OKSR.W3.20190827.RAW","A00000065812","2019-08-27T20:07Z","2019-08-27T20:07Z","EcoCore_CSU","TOC",27.0200,"milligramsPerLiter",2.6,,0,,"OK"
"20452e60-6df5-4f19-80ad-a809e8fb96e6","D18","OKSR","OKSR.AOS.groundwater.well.003","OKSR.W3.20190827.RAW","A00000065812","2019-08-27T20:07Z","2019-08-27T20:07Z","EcoCore_CSU","pH",6.1000,"pH",2.6,,0,,"OK"
"8546c321-6d11-4b61-b273-82729c6476c7","D18","OKSR","OKSR.AOS.groundwater.well.003","OKSR.W3.20190827.RAW","A00000065812","2019-08-27T20:07Z","2019-08-27T20:07Z","EcoCore_CSU","ANC",0.1100,"milliequivalentsPerLiter",2.6,,0,,"OK"
"809f44d4-3446-4dda-ab68-8ee3e8f5e1b9","D18","OKSR","OKSR.AOS.groundwater.well.003","OKSR.W3.20190827.RAW","A00000065812","2019-08-27T20:07Z","2019-08-27T20:07Z","EcoCore_CSU","TSS",126.0000,"milligramsPerLiter",2.6,,0,,"OK"
"13921218-a997-40d0-b34a-a47f2419e433","D18","OKSR","OKSR.AOS.groundwater.well.003","OKSR.W3.20190827.DIC","A00000099260","2019-08-27T20:07Z","2019-08-27T20:07Z","EcoCore_CSU","pH",5.9500,"pH",3.3,"DIC and pH only",0,,"OK"
"4db13d28-de47-468c-835e-e7e5e4c5aaee","D18","OKSR","OKSR.AOS.groundwater.well.003","OKSR.W3.20190827.RAW","A00000065812","2019-08-27T20:07Z","2019-08-27T20:07Z","EcoCore_CSU","conductivity",50.0400,"microsiemensPerCentimeter",2.6,,0,,"OK"
"52132cee-be94-4746-8203-01252ef81f00","D18","OKSR","OKSR.AOS.groundwater.well.003","OKSR.W3.20190827.RAW","A00000065812","2019-08-27T20:07Z","2019-08-27T20:07Z","EcoCore_CSU","TN",5.2790,"milligramsPerLiter",2.6,,0,,"OK"
"b3b2b5a6-ac7d-49fc-aa5d-1dcd69ce0c61","D18","OKSR","OKSR.AOS.groundwater.well.003","OKSR.W3.20190827.DIC","A00000099260","2019-08-27T20:07Z","2019-08-27T20:07Z","EcoCore_CSU","DIC",17.4600,"milligramsPerLiter",3.3,"DIC and pH only",0,,"OK"
"fe126773-02ad-4e3a-9677-0711b9d5e5ae","D18","OKSR","OKSR.AOS.groundwater.well.003","OKSR.W3.20190827.FIL","A00000027287","2019-08-27T20:07Z","2019-08-27T20:07Z","EcoCore_CSU","Ca",3.5880,"milligramsPerLiter",2.6,,0,,"OK"
"ed2d8d04-aafa-484e-98bf-7b11801c15fd","D18","OKSR","OKSR.AOS.groundwater.well.003","OKSR.W3.20190827.FIL","A00000027287","2019-08-27T20:07Z","2019-08-27T20:07Z","EcoCore_CSU","K",0.1190,"milligramsPerLiter",2.6,,0,,"OK"
"bd2aaadf-a046-4771-b6b6-eee079583fa4","D18","OKSR","OKSR.AOS.groundwater.well.003","OKSR.W3.20190827.FIL","A00000027287","2019-08-27T20:07Z","2019-08-27T20:07Z","EcoCore_CSU","F",0.0050,"milligramsPerLiter",2.6,,0,,"OK"
"46ed1f17-4838-4587-912f-30052c99f56e","D18","OKSR","OKSR.AOS.groundwater.well.005","OKSR.W5.20190827.FIL","A00000027311","2019-08-27T21:35Z","2019-08-27T21:35Z","EcoCore_CSU","SO4",1.5700,"milligramsPerLiter",3.3,,0,,"OK"
"466ce6db-4fd9-4e68-9e10-eca719b9c9bc","D18","OKSR","OKSR.AOS.groundwater.well.005","OKSR.W5.20190827.RAW","A00000065851","2019-08-27T21:35Z","2019-08-27T21:35Z","EcoCore_CSU","TP",0.4239,"milligramsPerLiter",3.3,,0,,"OK"
"c48d401b-0f54-441d-99b1-eb30d521dfb0","D18","OKSR","OKSR.AOS.groundwater.well.005","OKSR.W5.20190827.PCN","A00000101710","2019-08-27T21:35Z","2019-08-27T21:35Z","EcoCore_CSU","TPN",0.0845,"milligram",3.3,,0,,"OK"
"a3a2c473-d9eb-4c88-bc46-beef1abbd5f1","D18","OKSR","OKSR.AOS.groundwater.well.005","OKSR.W5.20190827.FIL","A00000027311","2019-08-27T21:35Z","2019-08-27T21:35Z","EcoCore_CSU","NO2 - N",-0.0184,"milligramsPerLiter",3.3,,0,,"OK"
"7e12394f-bd6d-49b7-9997-f123a18293d5","D18","OKSR","OKSR.AOS.groundwater.well.005","OKSR.W5.20190827.FIL","A00000027311","2019-08-27T21:35Z","2019-08-27T21:35Z","EcoCore_CSU","UV Absorbance (280 nm)",2.4087,,3.3,,0,,"OK"
"5fd70361-e892-4d6a-bb92-c86ef1aba807","D18","OKSR","OKSR.AOS.groundwater.well.005","OKSR.W5.20190827.RAW","A00000065851","2019-08-27T21:35Z","2019-08-27T21:35Z","EcoCore_CSU","TSS",182.0000,"milligramsPerLiter",3.3,,0,,"OK"
"eb36b958-916a-4743-93c6-7791869960cc","D18","OKSR","OKSR.AOS.groundwater.well.005","OKSR.W5.20190827.FIL","A00000027311","2019-08-27T21:35Z","2019-08-27T21:35Z","EcoCore_CSU","Na",0.1350,"milligramsPerLiter",3.3,,0,,"OK"
"e71908e7-acbb-489a-9956-7b59bb57ee57","D18","OKSR","OKSR.AOS.groundwater.well.005","OKSR.W5.20190827.FIL","A00000027311","2019-08-27T21:35Z","2019-08-27T21:35Z","EcoCore_CSU","Cl",1.8500,"milligramsPerLiter",3.3,,0,,"OK"
"3cab5419-07ec-41e3-b650-615550b92a22","D18","OKSR","OKSR.AOS.groundwater.well.005","OKSR.W5.20190827.FIL","A00000027311","2019-08-27T21:35Z","2019-08-27T21:35Z","EcoCore_CSU","CO3",0.0050,"milligramsPerLiter",3.3,,0,,"OK"
"e438659b-5d37-4735-b793-5c1c23e56f31","D18","OKSR","OKSR.AOS.groundwater.well.005","OKSR.W5.20190827.FIL","A00000027311","2019-08-27T21:35Z","2019-08-27T21:35Z","EcoCore_CSU","NH4 - N",0.1275,"milligramsPerLiter",3.3,,0,,"OK"
"b3d14ef9-b629-4442-b6bc-dc055f2ab75c","D18","OKSR","OKSR.AOS.groundwater.well.005","OKSR.W5.20190827.FIL","A00000027311","2019-08-27T21:35Z","2019-08-27T21:35Z","EcoCore_CSU","Ca",1.5210,"milligramsPerLiter",3.3,,0,,"OK"
"c479a90d-ac9e-4ac9-9107-3a6f5a5a358b","D18","OKSR","OKSR.AOS.groundwater.well.005","OKSR.W5.20190827.FIL","A00000027311","2019-08-27T21:35Z","2019-08-27T21:35Z","EcoCore_CSU","DOC",21.1600,"milligramsPerLiter",3.3,,0,,"OK"
"8196c89f-5c63-40d3-9a91-eb43c86d5ad1","D18","OKSR","OKSR.AOS.groundwater.well.005","OKSR.W5.20190827.FIL","A00000027311","2019-08-27T21:35Z","2019-08-27T21:35Z","EcoCore_CSU","DIC",9.0880,"milligramsPerLiter",3.3,,0,,"OK"
"e9661183-8cbd-4cb9-92fa-e1212981693b","D18","OKSR","OKSR.AOS.groundwater.well.005","OKSR.W5.20190827.RAW","A00000065851","2019-08-27T21:35Z","2019-08-27T21:35Z","EcoCore_CSU","conductivity",13.6400,"microsiemensPerCentimeter",3.3,,0,,"OK"
"8c8450ae-2a9e-4d5e-81d5-46c7458455dd","D18","OKSR","OKSR.AOS.groundwater.well.005","OKSR.W5.20190827.FIL","A00000027311","2019-08-27T21:35Z","2019-08-27T21:35Z","EcoCore_CSU","Fe",15.0520,"milligramsPerLiter",3.3,,0,,"OK"
"685f0a70-78f8-4fe1-acff-d9b616b36ab5","D18","OKSR","OKSR.AOS.groundwater.well.005","OKSR.W5.20190827.FIL","A00000027311","2019-08-27T21:35Z","2019-08-27T21:35Z","EcoCore_CSU","UV Absorbance (250 nm)",3.1877,,3.3,,0,,"OK"
"92f4bf53-8824-446b-a532-5e7a55e2a12c","D18","OKSR","OKSR.AOS.groundwater.well.005","OKSR.W5.20190827.RAW","A00000065851","2019-08-27T21:35Z","2019-08-27T21:35Z","EcoCore_CSU","ANC",0.0500,"milliequivalentsPerLiter",3.3,,0,,"OK"
"3b3d37e3-6a31-44c9-a51f-f3e4f64b3515","D18","OKSR","OKSR.AOS.groundwater.well.005","OKSR.W5.20190827.FIL","A00000027311","2019-08-27T21:35Z","2019-08-27T21:35Z","EcoCore_CSU","Ortho - P",0.0100,"milligramsPerLiter",3.3,,0,,"OK"
"4e2d4341-eb4a-4471-a73f-a466ed840488","D18","OKSR","OKSR.AOS.groundwater.well.005","OKSR.W5.20190827.FIL","A00000027311","2019-08-27T21:35Z","2019-08-27T21:35Z","EcoCore_CSU","HCO3",2.4100,"milligramsPerLiter",3.3,,0,,"OK"
"63d8dcad-5c5c-44ea-bbbf-a12d9f43deba","D18","OKSR","OKSR.AOS.groundwater.well.005","OKSR.W5.20190827.FIL","A00000027311","2019-08-27T21:35Z","2019-08-27T21:35Z","EcoCore_CSU","TDN",0.5882,"milligramsPerLiter",3.3,,0,,"OK"
"09b5c0ef-0dc7-41c9-ba8e-5e8ec32336ce","D18","OKSR","OKSR.AOS.groundwater.well.005","OKSR.W5.20190827.FIL","A00000027311","2019-08-27T21:35Z","2019-08-27T21:35Z","EcoCore_CSU","Si",2.5500,"milligramsPerLiter",3.3,,0,,"OK"
"9168dc3e-8338-492e-ae0b-605703df1e04","D18","OKSR","OKSR.AOS.groundwater.well.005","OKSR.W5.20190827.FIL","A00000027311","2019-08-27T21:35Z","2019-08-27T21:35Z","EcoCore_CSU","Mg",0.4590,"milligramsPerLiter",3.3,,0,,"OK"
"d954b501-7d64-4313-844c-50393c7164c3","D18","OKSR","OKSR.AOS.groundwater.well.005","OKSR.W5.20190827.FIL","A00000027311","2019-08-27T21:35Z","2019-08-27T21:35Z","EcoCore_CSU","TDP",0.0442,"milligramsPerLiter",3.3,,0,,"OK"
"52f63c86-fd47-4170-8cec-7b2b0ab1cb20","D18","OKSR","OKSR.AOS.groundwater.well.005","OKSR.W5.20190827.FIL","A00000027311","2019-08-27T21:35Z","2019-08-27T21:35Z","EcoCore_CSU","Mn",0.5270,"milligramsPerLiter",3.3,,0,,"OK"
"2cdea760-47d2-4911-8404-185f4728c488","D18","OKSR","OKSR.AOS.groundwater.well.005","OKSR.W5.20190827.FIL","A00000027311","2019-08-27T21:35Z","2019-08-27T21:35Z","EcoCore_CSU","F",0.0050,"milligramsPerLiter",3.3,,0,,"OK"
"6ae61b23-8126-4658-baeb-70786a38b079","D18","OKSR","OKSR.AOS.groundwater.well.005","OKSR.W5.20190827.RAW","A00000065851","2019-08-27T21:35Z","2019-08-27T21:35Z","EcoCore_CSU","pH",5.6700,"pH",3.3,,0,,"OK"
"7fcc428f-fc65-4e03-bc62-56e89da553a3","D18","OKSR","OKSR.AOS.groundwater.well.005","OKSR.W5.20190827.FIL","A00000027311","2019-08-27T21:35Z","2019-08-27T21:35Z","EcoCore_CSU","K",0.1970,"milligramsPerLiter",3.3,,0,,"OK"
"49909a26-d1f4-4bec-9aff-9e6bd2344061","D18","OKSR","OKSR.AOS.groundwater.well.005","OKSR.W5.20190827.FIL","A00000027311","2019-08-27T21:35Z","2019-08-27T21:35Z","EcoCore_CSU","NO3+NO2 - N",0.0044,"milligramsPerLiter",3.3,,0,,"OK"
"5588f544-729e-41ea-ad8b-bf10f2c7b525","D18","OKSR","OKSR.AOS.groundwater.well.005","OKSR.W5.20190827.DIC","A00000099259","2019-08-27T21:35Z","2019-08-27T21:35Z","EcoCore_CSU","pH",5.5000,"pH",2.6,"DIC and pH only",0,,"OK"
"16f5c449-f001-44f1-8fd8-3b21e1ab9d5c","D18","OKSR","OKSR.AOS.groundwater.well.005","OKSR.W5.20190827.RAW","A00000065851","2019-08-27T21:35Z","2019-08-27T21:35Z","EcoCore_CSU","TOC",23.5300,"milligramsPerLiter",3.3,,0,,"OK"
"d4d7a091-a2f0-4462-a5db-502637ad8b48","D18","OKSR","OKSR.AOS.groundwater.well.005","OKSR.W5.20190827.FIL","A00000027311","2019-08-27T21:35Z","2019-08-27T21:35Z","EcoCore_CSU","Br",0.0050,"milligramsPerLiter",3.3,,0,,"OK"
"c389fe4a-7505-4c85-9000-249ae3943074","D18","OKSR","OKSR.AOS.groundwater.well.005","OKSR.W5.20190827.DIC","A00000099259","2019-08-27T21:35Z","2019-08-27T21:35Z","EcoCore_CSU","DIC",55.6400,"milligramsPerLiter",2.6,"DIC and pH only",0,,"OK"
"b3a7fd61-5d47-4854-95aa-84fcd5d23785","D18","OKSR","OKSR.AOS.groundwater.well.005","OKSR.W5.20190827.RAW","A00000065851","2019-08-27T21:35Z","2019-08-27T21:35Z","EcoCore_CSU","TN",0.6468,"milligramsPerLiter",3.3,,0,,"OK"
"6f65f37d-3da2-4647-b0d3-2b6d4b8fcb0c","D18","OKSR","OKSR.AOS.groundwater.well.005","OKSR.W5.20190827.RAW","A00000065851","2019-08-27T21:35Z","2019-08-27T21:35Z","EcoCore_CSU","TSS - Dry Mass",9100.0000,"microgram",3.3,,0,,"OK"
"904518aa-a307-45d4-9a67-4a420c7db3d6","D18","OKSR","OKSR.AOS.groundwater.well.005","OKSR.W5.20190827.FIL","A00000027311","2019-08-27T21:35Z","2019-08-27T21:35Z","EcoCore_CSU","TDS",9.7000,"milligramsPerLiter",3.3,,0,,"OK"
"965e8a5a-5090-4446-bb1b-c76615b7a7cf","D18","OKSR","OKSR.AOS.groundwater.well.005","OKSR.W5.20190827.PCN","A00000101710","2019-08-27T21:35Z","2019-08-27T21:35Z","EcoCore_CSU","TPC",0.3981,"milligram",3.3,,0,,"OK"
