uid,domainID,siteID,namedLocation,collectDate,parentSampleID,sampleCondition,sampleID,replicateNumber,gwwDICBubbleFree,gwwFiltSampleHeadspace,gwwAlkSampleHeadspace,gwwAlkSampleBubbleFree,processedDate,processedDateFilters,sampleVolumeFiltered,shipmentTimeRange
"29381821-fadb-4bdb-bb85-1f51afa90f56","D18","OKSR","OKSR.AOS.groundwater.well.008","2019-08-27T18:30Z","OKSR.W8.20190827","Sample condition ok","OKSR.W8.20190827",1,"Y","Y","N","Y","2019-08-27T18:30Z",,,
"732a29e0-15ca-4259-a32e-1be0bca12959","D18","OKSR","OKSR.AOS.groundwater.well.007","2019-08-27T19:19Z","OKSR.W7.20190827","Sample condition ok","OKSR.W7.20190827",1,"Y","N",,"Y","2019-08-27T19:19Z","2019-08-27T23:45Z",75.0,
"8e12392c-1055-4222-b009-7f5ee2abfc83","D18","OKSR","OKSR.AOS.groundwater.well.003","2019-08-27T20:07Z","OKSR.W3.20190827","Sample condition ok","OKSR.W3.20190827",1,"Y","Y","N","Y","2019-08-27T20:07Z","2019-08-27T23:45Z",25.0,
"f5895fbd-7361-44cb-b3a7-9f04e45f1b32","D18","OKSR","OKSR.AOS.groundwater.well.005","2019-08-27T21:35Z","OKSR.W5.20190827","Sample condition ok","OKSR.W5.20190827",1,"Y","N",,"Y","2019-08-27T21:35Z","2019-08-27T23:45Z",30.0,
