uid,domainID,siteID,namedLocation,decimalLatitude,decimalLongitude,coordinateUncertainty,elevation,elevationUncertainty,geodeticDatum,collectDate,aquaticSiteType,samplingImpractical,waterChemSamplesCollected,adequateSampleVol,parentSampleID,eventID,swcSamplingProtocolVersion,sampleExtractionMethod,samplerType,totalWellDepth,wellWaterDepth,waterColumnHeight,sampleDepth,purgeAverageDischargeRate,purgeTime,gwWellStabilized,purgeDryDateTime,pumpPlacementDate,screenedIntervalDepth,maxAllowableDrawdown,actualDrawdown,MADExceeded,wellVolumePurged,probeIDUnavailable,dissolvedOxygen,dissolvedOxygenSaturation,specificConductance,waterTemp,pH,waterClarityDescrip,waterColorDescrip,aCollectedBy,bCollectedBy,remarks
"6c591567-69ca-420b-8f3d-847913d485f3","D18","OKSR","OKSR.AOS.groundwater.well.008",68.669955,-149.143747,0.1,768.8,0.1,"WGS84","2019-08-27T18:30Z","stream",,,"N","OKSR.W8.20190827","OKSR.20190827","NEON.DOC.002905vF","Syringe","Syringe",,,,,,,,,,,,,,,,,,,,7.11,,,"0000-0001-5131-1181","0000-0003-1651-3911",
"956c05e4-9a55-4af3-8a8c-176a24d163b0","D18","OKSR","OKSR.AOS.groundwater.well.007",68.669333,-149.151055,0.1,771.8,0.1,"WGS84","2019-08-27T19:19Z","stream",,,"Y","OKSR.W7.20190827","OKSR.20190827","NEON.DOC.002905vF","Syringe","Syringe",,,,,,,,,,,,,,,,1.69,13.50,33.50,5.20,7.06,,,"0000-0003-1651-3911","0000-0001-5131-1181",
"13c20ea5-436b-4bab-b0da-0ab0b52c3d72","D18","OKSR","OKSR.AOS.groundwater.well.003",68.669343,-149.143509,0.1,768.5,0.1,"WGS84","2019-08-27T20:07Z","stream",,,"N","OKSR.W3.20190827","OKSR.20190827","NEON.DOC.002905vF","Syringe","Syringe",,,,,,,,,,,,,,,,1.86,15.00,77.60,5.80,8.26,,,"0000-0001-5131-1181","0000-0003-1651-3911",
"b0f61200-768f-449c-9f98-dd726fcbad68","D18","OKSR","OKSR.AOS.groundwater.well.005",68.668708,-149.150487,0.1,772.0,0.1,"WGS84","2019-08-27T21:35Z","stream",,,"Y","OKSR.W5.20190827","OKSR.20190827","NEON.DOC.002905vF","Syringe","Syringe",,,,,,,,,,,,,,,,4.84,37.00,58.90,4.20,7.96,,,"0000-0003-1651-3911","0000-0001-5131-1181",
