uid,domainID,siteID,namedLocation,collectDate,titrationDate,parentSampleID,domainSampleID,remarks,measuredBy,alkMeqPerL,alkMgPerL,ancMeqPerL,ancMgPerL
"88d64e6f-4740-4f14-9dc7-eaca6906162f","D18","OKSR","OKSR.AOS.groundwater.well.008","2019-08-27T18:30Z","2019-08-28T17:55Z","OKSR.W8.20190827","OKSR.W8.20190827.ALK",,"hillj1@battelleecology.org",2.500,125.000,,
"b9f5a1dc-b033-4aa6-822d-344de7eb1dbd","D18","OKSR","OKSR.AOS.groundwater.well.007","2019-08-27T19:19Z","2019-08-28T00:57Z","OKSR.W7.20190827","OKSR.W7.20190827.ALK",,"hillj1@battelleecology.org",0.200,9.880,,
"200fad59-c551-4b9a-b7d7-2422aea3307c","D18","OKSR","OKSR.AOS.groundwater.well.003","2019-08-27T20:07Z","2019-08-28T19:00Z","OKSR.W3.20190827","OKSR.W3.20190827.ALK",,"gomeze@battelleecology.org",0.650,32.400,,
"d19d0c06-e4aa-43a3-84d3-f9dda7fdb546","D18","OKSR","OKSR.AOS.groundwater.well.005","2019-08-27T21:35Z","2019-08-28T19:30Z","OKSR.W5.20190827","OKSR.W5.20190827.ALK",,"gomeze@battelleecology.org",2.200,110.000,,
