uid,domainID,siteID,namedLocation,decimalLatitude,decimalLongitude,coordinateUncertainty,elevation,elevationUncertainty,geodeticDatum,collectDate,aquaticSiteType,samplingImpractical,waterChemSamplesCollected,adequateSampleVol,parentSampleID,eventID,swcSamplingProtocolVersion,sampleExtractionMethod,samplerType,totalWellDepth,wellWaterDepth,waterColumnHeight,sampleDepth,purgeAverageDischargeRate,purgeTime,gwWellStabilized,purgeDryDateTime,pumpPlacementDate,screenedIntervalDepth,maxAllowableDrawdown,actualDrawdown,MADExceeded,wellVolumePurged,probeIDUnavailable,dissolvedOxygen,dissolvedOxygenSaturation,specificConductance,waterTemp,pH,waterClarityDescrip,waterColorDescrip,aCollectedBy,bCollectedBy,remarks
"b116886d-5588-4862-859f-21b96f50db5c","D05","CRAM","CRAM.AOS.groundwater.well.001",46.212818,-89.477093,0.1,515.4,0.1,"WGS84","2020-05-04T14:08Z","lake","logistical",,"Y","CRAM.W1.20200504","CRAM.20200504","NEON.DOC.002905vG",,"Groundwater Pump",,,,,,,,,,,,,,,,,,,,,,,"0000-0003-1075-1249","0000-0003-1075-1249","COVID19"
"129b9d5a-8886-4ad9-ae56-38f16ec7c847","D05","CRAM","CRAM.AOS.groundwater.well.003",46.211158,-89.478550,0.1,516.2,0.1,"WGS84","2020-05-04T14:12Z","lake","logistical",,"Y","CRAM.W3.20200504","CRAM.20200504","NEON.DOC.002905vG",,"Groundwater Pump",,,,,,,,,,,,,,,,,,,,,,,"0000-0003-1075-1249","0000-0003-1075-1249","COVID19"
"d31d22b1-532d-46f2-b2a4-81037027c232","D05","CRAM","CRAM.AOS.groundwater.well.005",46.207591,-89.478786,0.1,518.6,0.1,"WGS84","2020-05-04T14:14Z","lake","logistical",,"Y","CRAM.W5.20200504","CRAM.20200504","NEON.DOC.002905vG",,"Groundwater Pump",,,,,,,,,,,,,,,,,,,,,,,"0000-0003-1075-1249","0000-0003-1075-1249","COVID19"
"1a7b2b0c-3e78-405c-819c-45dd68ee7cf2","D05","CRAM","CRAM.AOS.groundwater.well.006",46.205626,-89.477075,0.1,519.1,0.1,"WGS84","2020-05-04T14:15Z","lake","logistical",,"Y","CRAM.W6.20200504","CRAM.20200504","NEON.DOC.002905vG",,"Groundwater Pump",,,,,,,,,,,,,,,,,,,,,,,"0000-0003-1075-1249","0000-0003-1075-1249","COVID19"
