uid,domainID,siteID,namedLocation,collectDate,titrationDate,parentSampleID,domainSampleID,remarks,measuredBy,alkMeqPerL,alkMgPerL,ancMeqPerL,ancMgPerL
"99fe8b30-94d6-40aa-81dd-2614aacb8234","D03","SUGG","SUGG.AOS.groundwater.well.001","2015-05-05T15:38Z","2015-05-06T14:05Z","SUGG.W1.20150505","SUGG.W1.20150505.ANC","protocol used not recorded","tantony@field-ops.org",,,2.090,104.000
"9a0b190b-66a9-4e4a-ba52-3f6fea4818fd","D03","SUGG","SUGG.AOS.groundwater.well.001","2015-05-05T15:38Z","2015-05-06T14:35Z","SUGG.W1.20150505","SUGG.W1.20150505.ALK","protocol used was not recorded","tantony@field-ops.org",1.950,97.400,,
"293bb9a2-8082-43cf-b0eb-e5331d54754b","D03","SUGG","SUGG.AOS.groundwater.well.004","2015-05-05T17:08Z","2015-05-06T15:35Z","SUGG.W4.20150505","SUGG.W4.20150505.ALK","protcol used not recorded.","tantony@field-ops.org",0.170,8.550,,
"39d225d6-1d56-4b18-ba3c-c783dba590b0","D03","SUGG","SUGG.AOS.groundwater.well.004","2015-05-05T17:08Z","2015-05-06T15:35Z","SUGG.W4.20150505","SUGG.W4.20150505.ANC","no protocol recorded","tantony@field-ops.org",,,0.160,7.820
"3a518310-6040-4ff1-a069-9d920178f44a","D03","SUGG","SUGG.AOS.groundwater.well.008","2015-05-05T19:18Z","2015-05-06T16:30Z","SUGG.W8.20150505","SUGG.W8.20150505.ALK",,"tantony@neoninc.org",0.260,12.900,,
"09fcdd58-9308-4b82-b241-f9ac823da8f4","D03","SUGG","SUGG.AOS.groundwater.well.008","2015-05-05T19:18Z","2015-05-06T16:00Z","SUGG.W8.20150505","SUGG.W8.20150505.ANC",,"tantony@field-ops.org",,,0.270,13.600
