uid,domainID,siteID,namedLocation,decimalLatitude,decimalLongitude,coordinateUncertainty,elevation,elevationUncertainty,geodeticDatum,collectDate,aquaticSiteType,samplingImpractical,waterChemSamplesCollected,adequateSampleVol,parentSampleID,eventID,swcSamplingProtocolVersion,sampleExtractionMethod,samplerType,totalWellDepth,wellWaterDepth,waterColumnHeight,sampleDepth,purgeAverageDischargeRate,purgeTime,gwWellStabilized,purgeDryDateTime,pumpPlacementDate,screenedIntervalDepth,maxAllowableDrawdown,actualDrawdown,MADExceeded,wellVolumePurged,probeIDUnavailable,dissolvedOxygen,dissolvedOxygenSaturation,specificConductance,waterTemp,pH,waterClarityDescrip,waterColorDescrip,aCollectedBy,bCollectedBy,remarks
"b1594347-df7f-4470-968a-c24ddab34f26","D03","SUGG","SUGG.AOS.groundwater.well.001",29.693879,-82.018343,0.1,37.8,0.1,"WGS84","2015-05-05T15:38Z","lake",,,,"SUGG.W1.20150505","SUGG.20150505","NEON.DOC.001219vB","low-flow",,,10.4,,12.4,,,,,,,,,,4.2,,5.34,,0.60,25.00,,,,"mlehmensiek@neoninc.org","jeells@neoninc.org","Some filaments (yellow/green)"
"21921e90-68aa-49fe-81db-fac29ded59ba","D03","SUGG","SUGG.AOS.groundwater.well.004",29.691331,-82.015778,0.1,34.5,0.1,"WGS84","2015-05-05T17:08Z","lake",,,,"SUGG.W4.20150505","SUGG.20150505","NEON.DOC.001219vB","low-flow",,,6.0,,12.4,,,,,,,,,,3.6,,6.97,84.00,0.80,24.90,,,,"mlehmensiek@neoninc.org","jeells@neoninc.org","H2O turbid and sulfur smell"
"aa06f1df-8540-4da5-b822-3b3537afd2b9","D03","SUGG","SUGG.AOS.groundwater.well.006",29.683664,-82.015261,0.1,37.4,0.1,"WGS84","2015-05-05T18:00Z","lake",,,,"SUGG.W6.20150505","SUGG.20150505","NEON.DOC.001219vB","low-flow",,,,,,,,,,,,,,,,,,,,,,,,"mlehmensiek@neoninc.org","jeells@neoninc.org","not sampled because water level too slow. Close to bottom of screened section and water level in well dropped 30 cm over 5 minutes of pumping."
"3098e1b7-ba82-4182-a9ee-337bf04f1e02","D03","SUGG","SUGG.AOS.groundwater.well.008",29.684442,-82.017677,0.1,32.1,0.1,"WGS84","2015-05-05T19:18Z","lake",,,,"SUGG.W8.20150505","SUGG.20150505","NEON.DOC.001219vB","low-flow",,,7.0,,10.7,,,,,,,,,,3.3,,3.83,47.40,1.20,26.30,,,,"mlehmensiek@neoninc.org","jeells@neoninc.org","Plant roots came up with pump."
