uid,domainID,siteID,namedLocation,decimalLatitude,decimalLongitude,coordinateUncertainty,elevation,elevationUncertainty,geodeticDatum,collectDate,aquaticSiteType,samplingImpractical,waterChemSamplesCollected,adequateSampleVol,parentSampleID,eventID,swcSamplingProtocolVersion,sampleExtractionMethod,samplerType,totalWellDepth,wellWaterDepth,waterColumnHeight,sampleDepth,purgeAverageDischargeRate,purgeTime,gwWellStabilized,purgeDryDateTime,pumpPlacementDate,screenedIntervalDepth,maxAllowableDrawdown,actualDrawdown,MADExceeded,wellVolumePurged,probeIDUnavailable,dissolvedOxygen,dissolvedOxygenSaturation,specificConductance,waterTemp,pH,waterClarityDescrip,waterColorDescrip,aCollectedBy,bCollectedBy,remarks
"991a4e28-4780-41a4-80a5-e4272443432e","D15","REDB","REDB.AOS.groundwater.well.003",40.784630,-111.795470,0.2,1708.3,0.0,"WGS84","2019-09-19T15:50Z","stream",,,"Y","REDB.W3.20190919","REDB.20190919","NEON.DOC.002905vF","low-flow","Groundwater Pump",4.5,2.0,2.5,3.0,,,,,,,,,,4.9,,0.67,6.00,819.00,10.00,7.30,"clear","colorless","0000-0002-1342-9821","0000-0003-0817-8420",
"39647b60-40bc-40bb-8bf4-7791d979731c","D15","REDB","REDB.AOS.groundwater.well.002",40.784780,-111.795530,0.2,1709.0,0.0,"WGS84","2019-09-19T17:21Z","stream",,,"Y","REDB.W2.20190919","REDB.20190919","NEON.DOC.002905vF","purge dry","Groundwater Bailer Tube",4.6,2.4,2.2,,,,,,,,,,,,,2.85,24.30,781.00,9.60,7.49,"opaque","gray","0000-0002-1342-9821","0000-0003-0817-8420",
"acbb0bde-2dea-4390-8716-3d87311905f5","D15","REDB","REDB.AOS.groundwater.well.004",40.783800,-111.797840,0.1,1695.8,0.0,"WGS84","2019-09-19T18:32Z","stream",,,"Y","REDB.W4.20190919","REDB.20190919","NEON.DOC.002905vF","bailer tube","Groundwater Bailer Tube",4.3,3.9,0.4,,,,,,,,,,,1.0,,4.36,38.40,735.00,10.40,7.37,"cloudy","brown","0000-0002-1342-9821","0000-0003-0817-8420",
"819acb7d-abe1-4e51-a73b-64746d8b7f44","D15","REDB","REDB.AOS.groundwater.well.005",40.783760,-111.797980,0.1,1694.7,0.0,"WGS84","2019-09-19T18:44Z","stream","location dry",,"N","REDB.W5.20190919","REDB.20190919","NEON.DOC.002905vF",,,4.4,4.4,0.0,,,,,,,,,,,0.0,,,,,,,,,"0000-0002-1342-9821","0000-0002-1342-9821",
