uid,domainID,siteID,namedLocation,sampleID,sampleCode,startDate,collectDate,laboratoryName,analyte,analyteConcentration,analyteUnits,coolerTemp,remarks,shipmentWarmQF,externalLabDataQF,sampleCondition
"0e2c8ead-c5d5-4f09-820a-626ee0a7c63e","D15","REDB","REDB.AOS.groundwater.well.003","REDB.W3.20190919.FIL","A00000059164","2019-09-19T15:50Z","2019-09-19T15:50Z","EcoCore_CSU","Cl",22.1507,"milligramsPerLiter",2.6,,0,,"OK"
"3a25e42a-4e80-4096-8ca5-256e0ba60678","D15","REDB","REDB.AOS.groundwater.well.003","REDB.W3.20190919.FIL","A00000059164","2019-09-19T15:50Z","2019-09-19T15:50Z","EcoCore_CSU","Mg",33.0400,"milligramsPerLiter",2.6,,0,,"OK"
"4f989fcc-1dd9-4d18-949a-823758dcbf0e","D15","REDB","REDB.AOS.groundwater.well.003","REDB.W3.20190919.FIL","A00000059164","2019-09-19T15:50Z","2019-09-19T15:50Z","EcoCore_CSU","Fe",0.0005,"milligramsPerLiter",2.6,,0,,"OK"
"6c6b65b8-91f2-45e2-9686-2c61ce921160","D15","REDB","REDB.AOS.groundwater.well.003","REDB.W3.20190919.FIL","A00000059164","2019-09-19T15:50Z","2019-09-19T15:50Z","EcoCore_CSU","Si",9.3970,"milligramsPerLiter",2.6,,0,,"OK"
"4e6aa9f1-12ba-4c17-acdf-8dfd8703008c","D15","REDB","REDB.AOS.groundwater.well.003","REDB.W3.20190919.FIL","A00000059164","2019-09-19T15:50Z","2019-09-19T15:50Z","EcoCore_CSU","F",0.0050,"milligramsPerLiter",2.6,,0,,"OK"
"84f29248-15a3-4d91-b748-e957e815d597","D15","REDB","REDB.AOS.groundwater.well.003","REDB.W3.20190919.FIL","A00000059164","2019-09-19T15:50Z","2019-09-19T15:50Z","EcoCore_CSU","Mn",0.0005,"milligramsPerLiter",2.6,,0,,"OK"
"ada2a738-465e-474f-93e9-b62519b9a844","D15","REDB","REDB.AOS.groundwater.well.003","REDB.W3.20190919.FIL","A00000059164","2019-09-19T15:50Z","2019-09-19T15:50Z","EcoCore_CSU","TDP",0.0731,"milligramsPerLiter",2.6,,0,,"OK"
"5741f430-bb79-42fc-8810-53a2f79b89d9","D15","REDB","REDB.AOS.groundwater.well.003","REDB.W3.20190919.FIL","A00000059164","2019-09-19T15:50Z","2019-09-19T15:50Z","EcoCore_CSU","K",1.1320,"milligramsPerLiter",2.6,,0,,"OK"
"1cda297e-fcb5-4b3d-903f-6e101dc94b69","D15","REDB","REDB.AOS.groundwater.well.003","REDB.W3.20190919.FIL","A00000059164","2019-09-19T15:50Z","2019-09-19T15:50Z","EcoCore_CSU","TDS",475.6900,"milligramsPerLiter",2.6,,0,,"OK"
"c84e5052-00eb-4982-9bc0-68f540bb2bb6","D15","REDB","REDB.AOS.groundwater.well.003","REDB.W3.20190919.FIL","A00000059164","2019-09-19T15:50Z","2019-09-19T15:50Z","EcoCore_CSU","HCO3",179.2100,"milligramsPerLiter",2.6,,0,,"OK"
"00a12b14-43a3-4118-ae1f-bd341d0f0617","D15","REDB","REDB.AOS.groundwater.well.003","REDB.W3.20190919.FIL","A00000059164","2019-09-19T15:50Z","2019-09-19T15:50Z","EcoCore_CSU","Br",0.0050,"milligramsPerLiter",2.6,,0,,"OK"
"1632e69d-9546-46e2-92ea-81455f5bf26a","D15","REDB","REDB.AOS.groundwater.well.003","REDB.W3.20190919.FIL","A00000059164","2019-09-19T15:50Z","2019-09-19T15:50Z","EcoCore_CSU","Na",30.2400,"milligramsPerLiter",2.6,,0,,"OK"
"380ee313-4239-4f9c-8399-12d2f993db9d","D15","REDB","REDB.AOS.groundwater.well.003","REDB.W3.20190919.FIL","A00000059164","2019-09-19T15:50Z","2019-09-19T15:50Z","EcoCore_CSU","CO3",0.0050,"milligramsPerLiter",2.6,,0,,"OK"
"095f1e7e-78c8-4cd4-9b29-de36960e0f48","D15","REDB","REDB.AOS.groundwater.well.003","REDB.W3.20190919.FIL","A00000059164","2019-09-19T15:50Z","2019-09-19T15:50Z","EcoCore_CSU","UV Absorbance (280 nm)",0.0362,,2.6,,0,,"OK"
"ba37d678-e833-4b61-bb86-401f4cf99877","D15","REDB","REDB.AOS.groundwater.well.003","REDB.W3.20190919.FIL","A00000059164","2019-09-19T15:50Z","2019-09-19T15:50Z","EcoCore_CSU","UV Absorbance (250 nm)",0.0456,,2.6,,0,,"OK"
"d0fca28a-0855-4d8f-96fd-6d8a281b6cd7","D15","REDB","REDB.AOS.groundwater.well.003","REDB.W3.20190919.RAW","A00000059190","2019-09-19T15:50Z","2019-09-19T15:50Z","EcoCore_CSU","TOC",1.8190,"milligramsPerLiter",2.6,,0,,"OK"
"95d3786c-7a5f-4eba-b8b5-82cd9e58d5fc","D15","REDB","REDB.AOS.groundwater.well.003","REDB.W3.20190919.RAW","A00000059190","2019-09-19T15:50Z","2019-09-19T15:50Z","EcoCore_CSU","TN",0.0837,"milligramsPerLiter",2.6,,0,,"OK"
"048c350b-01f6-4c0f-baa4-f24cc0190d49","D15","REDB","REDB.AOS.groundwater.well.003","REDB.W3.20190919.FIL","A00000059164","2019-09-19T15:50Z","2019-09-19T15:50Z","EcoCore_CSU","DOC",1.9850,"milligramsPerLiter",6.1,,1,,"Cold Chain Broken"
"d819668e-6633-4af9-8e81-eb70b360bb33","D15","REDB","REDB.AOS.groundwater.well.003","REDB.W3.20190919.FIL","A00000059164","2019-09-19T15:50Z","2019-09-19T15:50Z","EcoCore_CSU","TDN",0.1021,"milligramsPerLiter",2.5,"Filtered in 250ml bottle|not enough to deliver to SWAPT",0,,"OK"
"01bbf442-922d-4a07-8404-f1c6842b09e5","D15","REDB","REDB.AOS.groundwater.well.003","REDB.W3.20190919.FIL","A00000059164","2019-09-19T15:50Z","2019-09-19T15:50Z","EcoCore_CSU","DIC",92.3000,"milligramsPerLiter",2.6,,0,,"OK"
"652d8635-8729-4001-90a3-e1f8d520feb8","D15","REDB","REDB.AOS.groundwater.well.003","REDB.W3.20190919.FIL","A00000059164","2019-09-19T15:50Z","2019-09-19T15:50Z","EcoCore_CSU","NO3+NO2 - N",-0.0002,"milligramsPerLiter",2.6,,0,,"OK"
"22f761f9-3618-4a8e-b771-e49f8240129d","D15","REDB","REDB.AOS.groundwater.well.003","REDB.W3.20190919.FIL","A00000059164","2019-09-19T15:50Z","2019-09-19T15:50Z","EcoCore_CSU","Ortho - P",0.0110,"milligramsPerLiter",2.6,,0,,"OK"
"ae88ad6c-c148-4037-a0d5-c6774325149c","D15","REDB","REDB.AOS.groundwater.well.003","REDB.W3.20190919.FIL","A00000059164","2019-09-19T15:50Z","2019-09-19T15:50Z","EcoCore_CSU","NO2 - N",-0.0052,"milligramsPerLiter",2.6,,0,,"OK"
"221cf22f-cce0-495f-a565-d62eae70029a","D15","REDB","REDB.AOS.groundwater.well.003","REDB.W3.20190919.FIL","A00000059164","2019-09-19T15:50Z","2019-09-19T15:50Z","EcoCore_CSU","NH4 - N",0.0144,"milligramsPerLiter",2.6,,0,,"OK"
"37d02f6c-a95a-4603-8acd-6d72e113496b","D15","REDB","REDB.AOS.groundwater.well.003","REDB.W3.20190919.PCN","A00000058282","2019-09-19T15:50Z","2019-09-19T15:50Z","EcoCore_CSU","TPN",0.1076,"milligram",2.6,,0,,"OK"
"eeb0e182-7b6a-4bb2-8afb-1ce7223398d5","D15","REDB","REDB.AOS.groundwater.well.003","REDB.W3.20190919.PCN","A00000058282","2019-09-19T15:50Z","2019-09-19T15:50Z","EcoCore_CSU","TPC",0.2026,"milligram",2.6,,0,,"OK"
"5b3df522-73d9-4baf-bdaa-2af9f3850141","D15","REDB","REDB.AOS.groundwater.well.003","REDB.W3.20190919.FIL","A00000059164","2019-09-19T15:50Z","2019-09-19T15:50Z","EcoCore_CSU","Ca",52.4000,"milligramsPerLiter",2.6,,0,,"OK"
"462bfda0-0b65-484b-8a7b-b2b12db9041a","D15","REDB","REDB.AOS.groundwater.well.003","REDB.W3.20190919.FIL","A00000059164","2019-09-19T15:50Z","2019-09-19T15:50Z","EcoCore_CSU","SO4",149.9100,"milligramsPerLiter",2.6,,0,,"OK"
"8f869556-dad5-40ec-a405-ba2d868bb8cb","D15","REDB","REDB.AOS.groundwater.well.003","REDB.W3.20190919.RAW","A00000059190","2019-09-19T15:50Z","2019-09-19T15:50Z","EcoCore_CSU","pH",7.4600,"pH",2.6,,0,,"OK"
"7a1b4faa-de8e-46e7-9d71-64bab99b095e","D15","REDB","REDB.AOS.groundwater.well.003","REDB.W3.20190919.RAW","A00000059190","2019-09-19T15:50Z","2019-09-19T15:50Z","EcoCore_CSU","ANC",3.0100,"milliequivalentsPerLiter",2.6,,0,,"OK"
"963658af-67b5-44e3-b3d3-08d596aa8dbf","D15","REDB","REDB.AOS.groundwater.well.003","REDB.W3.20190919.RAW","A00000059190","2019-09-19T15:50Z","2019-09-19T15:50Z","EcoCore_CSU","specificConductance",675.4100,"microsiemensPerCentimeter",2.6,,0,,"OK"
"ac2667b4-a147-4369-9dd8-9cd63f1dcb6e","D15","REDB","REDB.AOS.groundwater.well.003","REDB.W3.20190919.RAW","A00000059190","2019-09-19T15:50Z","2019-09-19T15:50Z","EcoCore_CSU","TSS - Dry Mass",1300.0000,"microgram",2.6,,0,,"OK"
"641470ac-2c25-4ab7-8027-f70715a1e8aa","D15","REDB","REDB.AOS.groundwater.well.003","REDB.W3.20190919.RAW","A00000059190","2019-09-19T15:50Z","2019-09-19T15:50Z","EcoCore_CSU","TSS",26.0000,"milligramsPerLiter",2.6,,0,,"OK"
"c9fa6cba-7f5b-4d2d-ab23-0008f840295d","D15","REDB","REDB.AOS.groundwater.well.003","REDB.W3.20190919.RAW","A00000059190","2019-09-19T15:50Z","2019-09-19T15:50Z","EcoCore_CSU","TP",0.7719,"milligramsPerLiter",2.6,,0,,"OK"
"908932d1-910d-4ac8-bc29-1a3e34bf647f","D15","REDB","REDB.AOS.groundwater.well.002","REDB.W2.20190919.RAW","A00000059191","2019-09-19T17:21Z","2019-09-19T17:21Z","EcoCore_CSU","TSS",426.0000,"milligramsPerLiter",2.6,,0,,"OK"
"5cb97542-7b22-4a97-b770-4febc9efe9c3","D15","REDB","REDB.AOS.groundwater.well.002","REDB.W2.20190919.RAW","A00000059191","2019-09-19T17:21Z","2019-09-19T17:21Z","EcoCore_CSU","TP",0.6945,"milligramsPerLiter",2.6,,0,,"OK"
"0c511d1e-6571-466e-884c-1a4cbba04421","D15","REDB","REDB.AOS.groundwater.well.002","REDB.W2.20190919.RAW","A00000059191","2019-09-19T17:21Z","2019-09-19T17:21Z","EcoCore_CSU","ANC",5.3900,"milliequivalentsPerLiter",2.6,,0,,"OK"
"e810833f-cb06-4603-8ca5-0c675e451721","D15","REDB","REDB.AOS.groundwater.well.002","REDB.W2.20190919.RAW","A00000059191","2019-09-19T17:21Z","2019-09-19T17:21Z","EcoCore_CSU","TSS - Dry Mass",21300.0000,"microgram",2.6,,0,,"OK"
"64a7636f-68b3-4407-a4c0-3e63a5e0cd97","D15","REDB","REDB.AOS.groundwater.well.002","REDB.W2.20190919.RAW","A00000059191","2019-09-19T17:21Z","2019-09-19T17:21Z","EcoCore_CSU","pH",7.6200,"pH",2.6,,0,,"OK"
"b72e6b3e-1066-4daa-85ba-172e04d3b0e9","D15","REDB","REDB.AOS.groundwater.well.002","REDB.W2.20190919.RAW","A00000059191","2019-09-19T17:21Z","2019-09-19T17:21Z","EcoCore_CSU","specificConductance",852.7400,"microsiemensPerCentimeter",2.6,,0,,"OK"
"d87953b7-7519-43cd-8810-3aebd2f95665","D15","REDB","REDB.AOS.groundwater.well.002","REDB.W2.20190919.FIL","A00000059166","2019-09-19T17:21Z","2019-09-19T17:21Z","EcoCore_CSU","K",1.2530,"milligramsPerLiter",2.6,,0,,"OK"
"aeab0356-e509-48ba-8106-b0ba53e1c563","D15","REDB","REDB.AOS.groundwater.well.002","REDB.W2.20190919.FIL","A00000059166","2019-09-19T17:21Z","2019-09-19T17:21Z","EcoCore_CSU","F",0.0050,"milligramsPerLiter",2.6,,0,,"OK"
"77f897b1-9b3a-479e-9b29-f4fe94b2dce7","D15","REDB","REDB.AOS.groundwater.well.002","REDB.W2.20190919.FIL","A00000059166","2019-09-19T17:21Z","2019-09-19T17:21Z","EcoCore_CSU","SO4",138.0600,"milligramsPerLiter",2.6,,0,,"OK"
"28fe3bd8-54e2-4489-a82d-8896a4523bc4","D15","REDB","REDB.AOS.groundwater.well.002","REDB.W2.20190919.FIL","A00000059166","2019-09-19T17:21Z","2019-09-19T17:21Z","EcoCore_CSU","Mn",0.0005,"milligramsPerLiter",2.6,,0,,"OK"
"08e6a3ff-a074-4228-88dc-fd1f94a56fe1","D15","REDB","REDB.AOS.groundwater.well.002","REDB.W2.20190919.FIL","A00000059166","2019-09-19T17:21Z","2019-09-19T17:21Z","EcoCore_CSU","Mg",29.6900,"milligramsPerLiter",2.6,,0,,"OK"
"4b0503bc-304f-44cf-81f1-434063e95f2c","D15","REDB","REDB.AOS.groundwater.well.002","REDB.W2.20190919.FIL","A00000059166","2019-09-19T17:21Z","2019-09-19T17:21Z","EcoCore_CSU","TDP",0.2639,"milligramsPerLiter",2.6,,0,,"OK"
"43cafee2-d73c-4ef4-a81f-ecfe7daebda0","D15","REDB","REDB.AOS.groundwater.well.002","REDB.W2.20190919.FIL","A00000059166","2019-09-19T17:21Z","2019-09-19T17:21Z","EcoCore_CSU","TDS",605.2800,"milligramsPerLiter",2.6,,0,,"OK"
"e0bac567-455d-4e03-bd17-d367aa5f3d98","D15","REDB","REDB.AOS.groundwater.well.002","REDB.W2.20190919.FIL","A00000059166","2019-09-19T17:21Z","2019-09-19T17:21Z","EcoCore_CSU","Fe",0.0005,"milligramsPerLiter",2.6,,0,,"OK"
"2c5f04eb-9e3c-496d-80d4-baf1f51c7fbc","D15","REDB","REDB.AOS.groundwater.well.002","REDB.W2.20190919.FIL","A00000059166","2019-09-19T17:21Z","2019-09-19T17:21Z","EcoCore_CSU","CO3",0.0050,"milligramsPerLiter",2.6,,0,,"OK"
"23c2b396-aa74-4c23-a5f0-1a1505901e7d","D15","REDB","REDB.AOS.groundwater.well.002","REDB.W2.20190919.FIL","A00000059166","2019-09-19T17:21Z","2019-09-19T17:21Z","EcoCore_CSU","Ca",98.8240,"milligramsPerLiter",2.6,,0,,"OK"
"14a7db30-4548-48cd-98ae-3f9dd86c48c9","D15","REDB","REDB.AOS.groundwater.well.002","REDB.W2.20190919.FIL","A00000059166","2019-09-19T17:21Z","2019-09-19T17:21Z","EcoCore_CSU","Na",23.8900,"milligramsPerLiter",2.6,,0,,"OK"
"9265c7c1-bd85-4e92-ab65-c8e612b5caae","D15","REDB","REDB.AOS.groundwater.well.002","REDB.W2.20190919.FIL","A00000059166","2019-09-19T17:21Z","2019-09-19T17:21Z","EcoCore_CSU","Si",8.2250,"milligramsPerLiter",2.6,,0,,"OK"
"49335436-a5cb-40d9-b353-ebd857c6f776","D15","REDB","REDB.AOS.groundwater.well.002","REDB.W2.20190919.FIL","A00000059166","2019-09-19T17:21Z","2019-09-19T17:21Z","EcoCore_CSU","Cl",16.5081,"milligramsPerLiter",2.6,,0,,"OK"
"1ef6323c-0e29-42bb-826d-4356248f46cc","D15","REDB","REDB.AOS.groundwater.well.002","REDB.W2.20190919.FIL","A00000059166","2019-09-19T17:21Z","2019-09-19T17:21Z","EcoCore_CSU","Br",0.0050,"milligramsPerLiter",2.6,,0,,"OK"
"a7620127-5927-4e52-87ba-09e887cbdbd8","D15","REDB","REDB.AOS.groundwater.well.002","REDB.W2.20190919.FIL","A00000059166","2019-09-19T17:21Z","2019-09-19T17:21Z","EcoCore_CSU","HCO3",312.1700,"milligramsPerLiter",2.6,,0,,"OK"
"c24a943c-ec2d-43b0-9011-e77ad5045719","D15","REDB","REDB.AOS.groundwater.well.002","REDB.W2.20190919.FIL","A00000059166","2019-09-19T17:21Z","2019-09-19T17:21Z","EcoCore_CSU","UV Absorbance (250 nm)",0.0666,,2.6,,0,,"OK"
"aacd811f-41a6-4ae5-84c1-9f3fe2d83ecd","D15","REDB","REDB.AOS.groundwater.well.002","REDB.W2.20190919.FIL","A00000059166","2019-09-19T17:21Z","2019-09-19T17:21Z","EcoCore_CSU","UV Absorbance (280 nm)",0.0566,,2.1,,0,,"OK"
"fbae9d99-e18f-4a55-9e97-b307c2b27811","D15","REDB","REDB.AOS.groundwater.well.002","REDB.W2.20190919.RAW","A00000059191","2019-09-19T17:21Z","2019-09-19T17:21Z","EcoCore_CSU","TN",0.5946,"milligramsPerLiter",2.6,,0,,"OK"
"3599c657-2cf3-4e51-ab6b-06ddc810f020","D15","REDB","REDB.AOS.groundwater.well.002","REDB.W2.20190919.RAW","A00000059191","2019-09-19T17:21Z","2019-09-19T17:21Z","EcoCore_CSU","TOC",4.8970,"milligramsPerLiter",2.6,,0,,"OK"
"a9f6782d-8491-40c4-ae96-bde5c2724a10","D15","REDB","REDB.AOS.groundwater.well.002","REDB.W2.20190919.FIL","A00000059166","2019-09-19T17:21Z","2019-09-19T17:21Z","EcoCore_CSU","TDN",0.5670,"milligramsPerLiter",2.5,,0,,"OK"
"577f7edc-83da-4e98-b06c-7385c0cf2df0","D15","REDB","REDB.AOS.groundwater.well.002","REDB.W2.20190919.FIL","A00000059166","2019-09-19T17:21Z","2019-09-19T17:21Z","EcoCore_CSU","DIC",81.7300,"milligramsPerLiter",2.6,,0,,"OK"
"7e0e3870-14af-4606-b7aa-4f075dd5f9d4","D15","REDB","REDB.AOS.groundwater.well.002","REDB.W2.20190919.FIL","A00000059166","2019-09-19T17:21Z","2019-09-19T17:21Z","EcoCore_CSU","DOC",4.5910,"milligramsPerLiter",0.3,,0,,"OK"
"22e84f4b-e6af-4aaa-be42-b5cd1780780e","D15","REDB","REDB.AOS.groundwater.well.002","REDB.W2.20190919.FIL","A00000059166","2019-09-19T17:21Z","2019-09-19T17:21Z","EcoCore_CSU","NO2 - N",-0.0024,"milligramsPerLiter",2.6,,0,,"OK"
"7599a845-fe27-4d35-b1b0-5dfdc64deb5e","D15","REDB","REDB.AOS.groundwater.well.002","REDB.W2.20190919.FIL","A00000059166","2019-09-19T17:21Z","2019-09-19T17:21Z","EcoCore_CSU","NH4 - N",0.0257,"milligramsPerLiter",2.6,,0,,"OK"
"bbb53626-388d-466d-abe2-e1e5d5def6ac","D15","REDB","REDB.AOS.groundwater.well.002","REDB.W2.20190919.FIL","A00000059166","2019-09-19T17:21Z","2019-09-19T17:21Z","EcoCore_CSU","NO3+NO2 - N",0.0019,"milligramsPerLiter",2.6,,0,,"OK"
"7a895a12-9bde-43f2-8ad2-533d6c21fcdd","D15","REDB","REDB.AOS.groundwater.well.002","REDB.W2.20190919.FIL","A00000059166","2019-09-19T17:21Z","2019-09-19T17:21Z","EcoCore_CSU","Ortho - P",0.1700,"milligramsPerLiter",2.6,,0,,"OK"
"cbb451a9-ee92-4c2e-a90d-85774ec6ae18","D15","REDB","REDB.AOS.groundwater.well.002","REDB.W2.20190919.PCN","A00000058280","2019-09-19T17:21Z","2019-09-19T17:21Z","EcoCore_CSU","TPN",0.1348,"milligram",2.6,,0,,"OK"
"0435b8c3-d652-4c6f-8234-2dc5c111fb9f","D15","REDB","REDB.AOS.groundwater.well.002","REDB.W2.20190919.PCN","A00000058280","2019-09-19T17:21Z","2019-09-19T17:21Z","EcoCore_CSU","TPC",1.4238,"milligram",2.6,,0,,"OK"
"ebc80e92-541d-427b-937e-7970012698d5","D15","REDB","REDB.AOS.groundwater.well.004","REDB.W4.20190919.RAW","A00000059189","2019-09-19T18:32Z","2019-09-19T18:32Z","EcoCore_CSU","ANC",2.5600,"milliequivalentsPerLiter",2.6,,0,,"OK"
"4cbe4dc9-5562-4d2f-9faa-d7ffe7c67dc0","D15","REDB","REDB.AOS.groundwater.well.004","REDB.W4.20190919.PCN","A00000058281","2019-09-19T18:32Z","2019-09-19T18:32Z","EcoCore_CSU","TPN",0.1053,"milligram",2.6,,0,,"OK"
"5b2c3ccd-3165-4b45-8208-580f3cd19605","D15","REDB","REDB.AOS.groundwater.well.004","REDB.W4.20190919.RAW","A00000059189","2019-09-19T18:32Z","2019-09-19T18:32Z","EcoCore_CSU","specificConductance",491.2500,"microsiemensPerCentimeter",2.6,,0,,"OK"
"ed7f7dcc-27e5-4ec3-a5d7-793fd6e768a7","D15","REDB","REDB.AOS.groundwater.well.004","REDB.W4.20190919.RAW","A00000059189","2019-09-19T18:32Z","2019-09-19T18:32Z","EcoCore_CSU","pH",7.6100,"pH",2.6,,0,,"OK"
"48fb56be-82a9-4ca2-b838-a1a391e28572","D15","REDB","REDB.AOS.groundwater.well.004","REDB.W4.20190919.RAW","A00000059189","2019-09-19T18:32Z","2019-09-19T18:32Z","EcoCore_CSU","TSS",178.0000,"milligramsPerLiter",2.6,,0,,"OK"
"c4a10fda-89eb-4b5c-aff9-1842a1fc0e40","D15","REDB","REDB.AOS.groundwater.well.004","REDB.W4.20190919.RAW","A00000059189","2019-09-19T18:32Z","2019-09-19T18:32Z","EcoCore_CSU","TP",0.4472,"milligramsPerLiter",2.6,,0,,"OK"
"9da14046-88bb-4107-8df5-c7dab29c51f9","D15","REDB","REDB.AOS.groundwater.well.004","REDB.W4.20190919.FIL","A00000059163","2019-09-19T18:32Z","2019-09-19T18:32Z","EcoCore_CSU","HCO3",144.5600,"milligramsPerLiter",2.6,,0,,"OK"
"e6f62ca1-f00e-402d-a212-4f6611d392d8","D15","REDB","REDB.AOS.groundwater.well.004","REDB.W4.20190919.FIL","A00000059163","2019-09-19T18:32Z","2019-09-19T18:32Z","EcoCore_CSU","F",0.0050,"milligramsPerLiter",2.6,,0,,"OK"
"09fa9623-21cb-4852-90c5-68723b52d790","D15","REDB","REDB.AOS.groundwater.well.004","REDB.W4.20190919.FIL","A00000059163","2019-09-19T18:32Z","2019-09-19T18:32Z","EcoCore_CSU","Ca",43.9400,"milligramsPerLiter",2.6,,0,,"OK"
"910e3e45-82c7-49e4-b76a-365e7083051b","D15","REDB","REDB.AOS.groundwater.well.004","REDB.W4.20190919.FIL","A00000059163","2019-09-19T18:32Z","2019-09-19T18:32Z","EcoCore_CSU","Si",7.8920,"milligramsPerLiter",2.6,,0,,"OK"
"c7aa6143-3702-4c1b-a722-2325555f17b8","D15","REDB","REDB.AOS.groundwater.well.004","REDB.W4.20190919.FIL","A00000059163","2019-09-19T18:32Z","2019-09-19T18:32Z","EcoCore_CSU","K",1.6490,"milligramsPerLiter",2.6,,0,,"OK"
"e01fb496-94b9-4e6d-b92b-5e0c095724bd","D15","REDB","REDB.AOS.groundwater.well.004","REDB.W4.20190919.FIL","A00000059163","2019-09-19T18:32Z","2019-09-19T18:32Z","EcoCore_CSU","Mg",21.2200,"milligramsPerLiter",2.6,,0,,"OK"
"c40bf7c0-bc9b-4582-9e31-673aeda1d78c","D15","REDB","REDB.AOS.groundwater.well.004","REDB.W4.20190919.FIL","A00000059163","2019-09-19T18:32Z","2019-09-19T18:32Z","EcoCore_CSU","Br",0.0050,"milligramsPerLiter",2.6,,0,,"OK"
"ae3d4fe9-cc1b-4f6c-a2ca-7818ed1cdd4e","D15","REDB","REDB.AOS.groundwater.well.004","REDB.W4.20190919.FIL","A00000059163","2019-09-19T18:32Z","2019-09-19T18:32Z","EcoCore_CSU","CO3",0.0050,"milligramsPerLiter",2.6,,0,,"OK"
"d7d02763-f960-42ba-aad3-d4a4237694d7","D15","REDB","REDB.AOS.groundwater.well.004","REDB.W4.20190919.FIL","A00000059163","2019-09-19T18:32Z","2019-09-19T18:32Z","EcoCore_CSU","SO4",100.5000,"milligramsPerLiter",2.6,,0,,"OK"
"508e2693-a559-41b2-964c-8160eb5c8f0f","D15","REDB","REDB.AOS.groundwater.well.004","REDB.W4.20190919.FIL","A00000059163","2019-09-19T18:32Z","2019-09-19T18:32Z","EcoCore_CSU","TDS",345.1700,"milligramsPerLiter",2.6,,0,,"OK"
"9f706e20-84d6-4696-8f96-3cd12e520fcc","D15","REDB","REDB.AOS.groundwater.well.004","REDB.W4.20190919.FIL","A00000059163","2019-09-19T18:32Z","2019-09-19T18:32Z","EcoCore_CSU","TDP",0.0780,"milligramsPerLiter",2.6,,0,,"OK"
"e1f8d6f3-16e8-4eae-8e6d-41916a6a877e","D15","REDB","REDB.AOS.groundwater.well.004","REDB.W4.20190919.FIL","A00000059163","2019-09-19T18:32Z","2019-09-19T18:32Z","EcoCore_CSU","Mn",0.0005,"milligramsPerLiter",2.6,,0,,"OK"
"8b5a2554-e5e4-4c11-8e17-3bda0e9e63bd","D15","REDB","REDB.AOS.groundwater.well.004","REDB.W4.20190919.FIL","A00000059163","2019-09-19T18:32Z","2019-09-19T18:32Z","EcoCore_CSU","Fe",0.0005,"milligramsPerLiter",2.6,,0,,"OK"
"df274249-1cc2-49b2-88fe-8c5179908fff","D15","REDB","REDB.AOS.groundwater.well.004","REDB.W4.20190919.FIL","A00000059163","2019-09-19T18:32Z","2019-09-19T18:32Z","EcoCore_CSU","Cl",12.9275,"milligramsPerLiter",2.6,,0,,"OK"
"433b70c2-a093-440c-82d1-18ac8b46a053","D15","REDB","REDB.AOS.groundwater.well.004","REDB.W4.20190919.FIL","A00000059163","2019-09-19T18:32Z","2019-09-19T18:32Z","EcoCore_CSU","Na",19.2900,"milligramsPerLiter",2.6,,0,,"OK"
"c3f146af-0faf-4c91-8cb0-bcdbd4eeaf6a","D15","REDB","REDB.AOS.groundwater.well.004","REDB.W4.20190919.FIL","A00000059163","2019-09-19T18:32Z","2019-09-19T18:32Z","EcoCore_CSU","UV Absorbance (280 nm)",0.0199,,2.6,,0,,"OK"
"41475f44-c870-4eab-a00b-8542c79c2e94","D15","REDB","REDB.AOS.groundwater.well.004","REDB.W4.20190919.FIL","A00000059163","2019-09-19T18:32Z","2019-09-19T18:32Z","EcoCore_CSU","UV Absorbance (250 nm)",0.0272,,2.6,,0,,"OK"
"5f7cadff-941e-43f3-a1ac-e687c4eeaed7","D15","REDB","REDB.AOS.groundwater.well.004","REDB.W4.20190919.RAW","A00000059189","2019-09-19T18:32Z","2019-09-19T18:32Z","EcoCore_CSU","TOC",2.0140,"milligramsPerLiter",2.6,,0,,"OK"
"20111d8f-a1ca-4d08-a9b9-13f337e10783","D15","REDB","REDB.AOS.groundwater.well.004","REDB.W4.20190919.RAW","A00000059189","2019-09-19T18:32Z","2019-09-19T18:32Z","EcoCore_CSU","TN",0.1626,"milligramsPerLiter",2.6,,0,,"OK"
"a7ae34e3-29f2-4880-b17a-933f3d4ae6da","D15","REDB","REDB.AOS.groundwater.well.004","REDB.W4.20190919.FIL","A00000059163","2019-09-19T18:32Z","2019-09-19T18:32Z","EcoCore_CSU","DOC",1.8820,"milligramsPerLiter",-0.5,,0,,"OK"
"8f53982a-c7a0-4007-8470-bc6cada800c9","D15","REDB","REDB.AOS.groundwater.well.004","REDB.W4.20190919.FIL","A00000059163","2019-09-19T18:32Z","2019-09-19T18:32Z","EcoCore_CSU","DIC",79.4200,"milligramsPerLiter",2.6,,0,,"OK"
"ff5d970b-3907-4e35-9f70-59ac200ee10d","D15","REDB","REDB.AOS.groundwater.well.004","REDB.W4.20190919.FIL","A00000059163","2019-09-19T18:32Z","2019-09-19T18:32Z","EcoCore_CSU","TDN",0.1758,"milligramsPerLiter",2.5,"Filtered in 250ml bottle|not enough to deliver to SWAPT",0,,"OK"
"3061584d-3662-4fa3-883c-dc4f56da7eb4","D15","REDB","REDB.AOS.groundwater.well.004","REDB.W4.20190919.FIL","A00000059163","2019-09-19T18:32Z","2019-09-19T18:32Z","EcoCore_CSU","Ortho - P",0.0310,"milligramsPerLiter",2.6,,0,,"OK"
"99315e25-b0ea-4af5-b5db-b60620bcb55e","D15","REDB","REDB.AOS.groundwater.well.004","REDB.W4.20190919.FIL","A00000059163","2019-09-19T18:32Z","2019-09-19T18:32Z","EcoCore_CSU","NO3+NO2 - N",0.0085,"milligramsPerLiter",2.6,,0,,"OK"
"649f8910-dc8c-4496-9ec7-5b81accd6067","D15","REDB","REDB.AOS.groundwater.well.004","REDB.W4.20190919.FIL","A00000059163","2019-09-19T18:32Z","2019-09-19T18:32Z","EcoCore_CSU","NH4 - N",0.0241,"milligramsPerLiter",2.6,,0,,"OK"
"31fcdcab-8e91-4556-944c-21d114146b8a","D15","REDB","REDB.AOS.groundwater.well.004","REDB.W4.20190919.FIL","A00000059163","2019-09-19T18:32Z","2019-09-19T18:32Z","EcoCore_CSU","NO2 - N",-0.0065,"milligramsPerLiter",2.6,,0,,"OK"
"06eba0aa-3080-4042-a814-9a062f70ac3c","D15","REDB","REDB.AOS.groundwater.well.004","REDB.W4.20190919.PCN","A00000058281","2019-09-19T18:32Z","2019-09-19T18:32Z","EcoCore_CSU","TPC",0.5078,"milligram",2.6,,0,,"OK"
"51fa64de-2ee6-42e8-9779-d9a8eb6400b9","D15","REDB","REDB.AOS.groundwater.well.004","REDB.W4.20190919.RAW","A00000059189","2019-09-19T18:32Z","2019-09-19T18:32Z","EcoCore_CSU","TSS - Dry Mass",8900.0000,"microgram",2.6,,0,,"OK"
