uid,domainID,siteID,namedLocation,sampleID,sampleCode,startDate,collectDate,laboratoryName,analyte,analyteConcentration,analyteUnits,coolerTemp,remarks,shipmentWarmQF,externalLabDataQF,sampleCondition
"f222d547-946e-4eb4-aa3e-3b2f19157a70","D03","SUGG","SUGG.AOS.groundwater.well.006","SUGG.W6.20170301.FIL",,"2017-03-01T15:43Z","2017-03-01T15:43Z","EcoCore_CSU","Si",4.4115,"milligramsPerLiter",1.1,,0,"formatChange|legacyData","GOOD"
"5cce57d2-1c7e-4db2-a6c4-7d97228f841b","D03","SUGG","SUGG.AOS.groundwater.well.006","SUGG.W6.20170301.FIL",,"2017-03-01T15:43Z","2017-03-01T15:43Z","EcoCore_CSU","Mg",15.7270,"milligramsPerLiter",1.1,,0,"formatChange|legacyData","GOOD"
"c5cf4b63-6a60-4c01-80ad-a9ef1222d546","D03","SUGG","SUGG.AOS.groundwater.well.006","SUGG.W6.20170301.FIL",,"2017-03-01T15:43Z","2017-03-01T15:43Z","EcoCore_CSU","DIC",35.9500,"milligramsPerLiter",1.1,,0,"formatChange|legacyData","GOOD"
"d9d25717-c121-496f-a30a-5c40eddde17f","D03","SUGG","SUGG.AOS.groundwater.well.006","SUGG.W6.20170301.FIL",,"2017-03-01T15:43Z","2017-03-01T15:43Z","EcoCore_CSU","HCO3",178.9600,"milligramsPerLiter",1.1,,0,"formatChange|legacyData","GOOD"
"c7958ede-bab6-4e14-83fb-018f7eb5116f","D03","SUGG","SUGG.AOS.groundwater.well.006","SUGG.W6.20170301.FIL",,"2017-03-01T15:43Z","2017-03-01T15:43Z","EcoCore_CSU","NO2 - N",0.0140,"milligramsPerLiter",1.1,,0,"formatChange|legacyData","GOOD"
"f42ceca5-70d7-4690-999a-30f19b764e1b","D03","SUGG","SUGG.AOS.groundwater.well.006","SUGG.W6.20170301.RAW",,"2017-03-01T15:43Z","2017-03-01T15:43Z","EcoCore_CSU","TP",0.3855,"milligramsPerLiter",1.1,,0,"formatChange|legacyData","GOOD"
"4c7aa993-33b5-4f39-9fa0-6416dacc6590","D03","SUGG","SUGG.AOS.groundwater.well.006","SUGG.W6.20170301.PCN",,"2017-03-01T15:43Z","2017-03-01T15:43Z","EcoCore_CSU","TPC",0.2680,"milligram",1.1,,0,"formatChange|legacyData","GOOD"
"b559be4f-1329-49c1-afbd-24ccb97e3288","D03","SUGG","SUGG.AOS.groundwater.well.006","SUGG.W6.20170301.FIL",,"2017-03-01T15:43Z","2017-03-01T15:43Z","EcoCore_CSU","Br",0.0050,"milligramsPerLiter",1.1,,0,"formatChange|legacyData","GOOD"
"fb87211d-5d51-40e6-b75b-fba8ed60a59e","D03","SUGG","SUGG.AOS.groundwater.well.006","SUGG.W6.20170301.FIL",,"2017-03-01T15:43Z","2017-03-01T15:43Z","EcoCore_CSU","Fe",0.0829,"milligramsPerLiter",1.1,,0,"formatChange|legacyData","GOOD"
"6a5a5fef-e411-4894-a0bf-5273934e0da8","D03","SUGG","SUGG.AOS.groundwater.well.006","SUGG.W6.20170301.RAW",,"2017-03-01T15:43Z","2017-03-01T15:43Z","EcoCore_CSU","ANC",3.1090,"milliequivalentsPerLiter",1.1,,0,"formatChange|legacyData","GOOD"
"0d2973e2-6740-45e8-a02e-305ab234d424","D03","SUGG","SUGG.AOS.groundwater.well.006","SUGG.W6.20170301.FIL",,"2017-03-01T15:43Z","2017-03-01T15:43Z","EcoCore_CSU","DOC",0.5712,"milligramsPerLiter",1.1,,0,"formatChange|legacyData","GOOD"
"5dde14cd-7bcf-4f0b-8588-ee3c154eb1f2","D03","SUGG","SUGG.AOS.groundwater.well.006","SUGG.W6.20170301.RAW",,"2017-03-01T15:43Z","2017-03-01T15:43Z","EcoCore_CSU","TOC",0.6487,"milligramsPerLiter",1.1,,0,"formatChange|legacyData","GOOD"
"11d9fc85-5f7e-41f7-9dd2-7e707ce6e4c8","D03","SUGG","SUGG.AOS.groundwater.well.006","SUGG.W6.20170301.FIL",,"2017-03-01T15:43Z","2017-03-01T15:43Z","EcoCore_CSU","Na",3.6122,"milligramsPerLiter",1.1,,0,"formatChange|legacyData","GOOD"
"55ebf8b5-cad8-45ee-a338-157b90eb1d8c","D03","SUGG","SUGG.AOS.groundwater.well.006","SUGG.W6.20170301.FIL",,"2017-03-01T15:43Z","2017-03-01T15:43Z","EcoCore_CSU","UV Absorbance (250 nm)",0.0371,,1.1,,0,"formatChange|legacyData","GOOD"
"8ef800b5-dcfc-47d1-8c70-2fdb06ccdf2a","D03","SUGG","SUGG.AOS.groundwater.well.006","SUGG.W6.20170301.FIL",,"2017-03-01T15:43Z","2017-03-01T15:43Z","EcoCore_CSU","TDN",0.1115,"milligramsPerLiter",1.1,,0,"formatChange|legacyData","GOOD"
"e3a4861e-139c-45b2-aea6-51c9f7478ffd","D03","SUGG","SUGG.AOS.groundwater.well.006","SUGG.W6.20170301.FIL",,"2017-03-01T15:43Z","2017-03-01T15:43Z","EcoCore_CSU","K",0.2452,"milligramsPerLiter",1.1,,0,"formatChange|legacyData","GOOD"
"fc288b6a-8800-4a52-8a9f-8f64a77aaf96","D03","SUGG","SUGG.AOS.groundwater.well.006","SUGG.W6.20170301.FIL",,"2017-03-01T15:43Z","2017-03-01T15:43Z","EcoCore_CSU","UV Absorbance (280 nm)",0.0309,,1.1,,0,"formatChange|legacyData","GOOD"
"133088b9-004a-42f5-842a-66e90b02b005","D03","SUGG","SUGG.AOS.groundwater.well.006","SUGG.W6.20170301.FIL",,"2017-03-01T15:43Z","2017-03-01T15:43Z","EcoCore_CSU","Mn",0.0062,"milligramsPerLiter",1.1,,0,"formatChange|legacyData","GOOD"
"333975a2-1ae8-4cc4-8c30-494f92f19969","D03","SUGG","SUGG.AOS.groundwater.well.006","SUGG.W6.20170301.FIL",,"2017-03-01T15:43Z","2017-03-01T15:43Z","EcoCore_CSU","TDP",0.3715,"milligramsPerLiter",1.1,,0,"formatChange|legacyData","GOOD"
"58032672-ecd2-4c08-9f01-5f8bddc668fd","D03","SUGG","SUGG.AOS.groundwater.well.006","SUGG.W6.20170301.RAW",,"2017-03-01T15:43Z","2017-03-01T15:43Z","EcoCore_CSU","conductivity",305.2800,"microsiemensPerCentimeter",1.1,,0,"formatChange|legacyData","GOOD"
"6c6b7b72-a833-4c04-b3c8-2a64992a5ecf","D03","SUGG","SUGG.AOS.groundwater.well.006","SUGG.W6.20170301.RAW",,"2017-03-01T15:43Z","2017-03-01T15:43Z","EcoCore_CSU","TSS",12.0000,"milligramsPerLiter",1.1,,0,"formatChange|legacyData","GOOD"
"17a0bcab-edc6-42ee-a287-753a18f1cab6","D03","SUGG","SUGG.AOS.groundwater.well.006","SUGG.W6.20170301.FIL",,"2017-03-01T15:43Z","2017-03-01T15:43Z","EcoCore_CSU","Ca",32.6770,"milligramsPerLiter",1.1,,0,"formatChange|legacyData","GOOD"
"fc799724-ad06-4096-a9d3-22eb200c2947","D03","SUGG","SUGG.AOS.groundwater.well.006","SUGG.W6.20170301.FIL",,"2017-03-01T15:43Z","2017-03-01T15:43Z","EcoCore_CSU","NH4 - N",0.1030,"milligramsPerLiter",1.1,,0,"formatChange|legacyData","GOOD"
"08416aea-edf0-4e22-8cbe-74eea3a06d0c","D03","SUGG","SUGG.AOS.groundwater.well.006","SUGG.W6.20170301.FIL",,"2017-03-01T15:43Z","2017-03-01T15:43Z","EcoCore_CSU","TDS",214.2800,"milligramsPerLiter",1.1,,0,"formatChange|legacyData","GOOD"
"0752f4b2-e9a7-4bf7-91ab-633878eba7a7","D03","SUGG","SUGG.AOS.groundwater.well.006","SUGG.W6.20170301.FIL",,"2017-03-01T15:43Z","2017-03-01T15:43Z","EcoCore_CSU","F",0.2388,"milligramsPerLiter",1.1,,0,"formatChange|legacyData","GOOD"
"8224669e-eb3e-4ee3-b0ea-0d60792e6418","D03","SUGG","SUGG.AOS.groundwater.well.006","SUGG.W6.20170301.PCN",,"2017-03-01T15:43Z","2017-03-01T15:43Z","EcoCore_CSU","TPN",0.1048,"milligram",1.1,,0,"formatChange|legacyData","GOOD"
"77209d93-78e8-4414-8595-8a871f8ee77b","D03","SUGG","SUGG.AOS.groundwater.well.006","SUGG.W6.20170301.FIL",,"2017-03-01T15:43Z","2017-03-01T15:43Z","EcoCore_CSU","Cl",5.2536,"milligramsPerLiter",1.1,,0,"formatChange|legacyData","GOOD"
"1b8f172a-3a6a-41ef-a4bf-b4a86ef60946","D03","SUGG","SUGG.AOS.groundwater.well.006","SUGG.W6.20170301.FIL",,"2017-03-01T15:43Z","2017-03-01T15:43Z","EcoCore_CSU","NO3+NO2 - N",0.0290,"milligramsPerLiter",1.1,,0,"formatChange|legacyData","GOOD"
"0591ef88-b645-453e-bf4f-45d9e1518b79","D03","SUGG","SUGG.AOS.groundwater.well.006","SUGG.W6.20170301.FIL",,"2017-03-01T15:43Z","2017-03-01T15:43Z","EcoCore_CSU","SO4",1.3917,"milligramsPerLiter",1.1,,0,"formatChange|legacyData","GOOD"
"05a63e0e-3608-44c7-8607-4e0154c7a4be","D03","SUGG","SUGG.AOS.groundwater.well.006","SUGG.W6.20170301.RAW",,"2017-03-01T15:43Z","2017-03-01T15:43Z","EcoCore_CSU","TSS - Dry Mass",12000.0000,"microgram",1.1,,0,"formatChange|legacyData","GOOD"
"935b9f68-84ea-4e07-b28c-195d34cba9ac","D03","SUGG","SUGG.AOS.groundwater.well.006","SUGG.W6.20170301.FIL",,"2017-03-01T15:43Z","2017-03-01T15:43Z","EcoCore_CSU","Ortho - P",0.2240,"milligramsPerLiter",1.1,,0,"formatChange|legacyData","GOOD"
"e19a8327-4961-4a9d-ae82-d095205ba2be","D03","SUGG","SUGG.AOS.groundwater.well.006","SUGG.W6.20170301.RAW",,"2017-03-01T15:43Z","2017-03-01T15:43Z","EcoCore_CSU","pH",7.3600,"pH",1.1,,0,"formatChange|legacyData","GOOD"
"55416b7c-1395-46f4-9cd2-647592699250","D03","SUGG","SUGG.AOS.groundwater.well.006","SUGG.W6.20170301.RAW",,"2017-03-01T15:43Z","2017-03-01T15:43Z","EcoCore_CSU","TN",0.1224,"milligramsPerLiter",1.1,,0,"formatChange|legacyData","GOOD"
"16df78bc-28fe-4395-9e8e-8b28c10e29ac","D03","SUGG","SUGG.AOS.groundwater.well.006","SUGG.W6.20170301.FIL",,"2017-03-01T15:43Z","2017-03-01T15:43Z","EcoCore_CSU","CO3",0.0050,"milligramsPerLiter",1.1,,0,"formatChange|legacyData","GOOD"
"f9899f05-4b8e-4778-a730-37969d3d3a23","D03","SUGG","SUGG.AOS.groundwater.well.008","SUGG.W8.20170301.FIL",,"2017-03-01T18:41Z","2017-03-01T18:41Z","EcoCore_CSU","Ortho - P",0.0350,"milligramsPerLiter",1.1,,0,"formatChange|legacyData","GOOD"
"1bd09ebc-2ffd-4b9e-b2c4-6f5ce8f69261","D03","SUGG","SUGG.AOS.groundwater.well.008","SUGG.W8.20170301.RAW",,"2017-03-01T18:41Z","2017-03-01T18:41Z","EcoCore_CSU","conductivity",78.9600,"microsiemensPerCentimeter",1.1,,0,"formatChange|legacyData","GOOD"
"9757f77f-4f7c-4962-873c-1140426da6e0","D03","SUGG","SUGG.AOS.groundwater.well.008","SUGG.W8.20170301.RAW",,"2017-03-01T18:41Z","2017-03-01T18:41Z","EcoCore_CSU","TSS - Dry Mass",0.0000,"microgram",1.1,,0,"formatChange|legacyData","GOOD"
"bfc2d8a8-0da8-469f-96ca-6037dfa493d0","D03","SUGG","SUGG.AOS.groundwater.well.008","SUGG.W8.20170301.FIL",,"2017-03-01T18:41Z","2017-03-01T18:41Z","EcoCore_CSU","Ca",3.2284,"milligramsPerLiter",1.1,,0,"formatChange|legacyData","GOOD"
"6542c730-bb86-4614-85a3-7fac461b141a","D03","SUGG","SUGG.AOS.groundwater.well.008","SUGG.W8.20170301.RAW",,"2017-03-01T18:41Z","2017-03-01T18:41Z","EcoCore_CSU","TSS",0.0000,"milligramsPerLiter",1.1,,0,"formatChange|legacyData","GOOD"
"e6aefbdf-601a-49bc-9548-1d0e27814305","D03","SUGG","SUGG.AOS.groundwater.well.008","SUGG.W8.20170301.FIL",,"2017-03-01T18:41Z","2017-03-01T18:41Z","EcoCore_CSU","Mn",0.0132,"milligramsPerLiter",1.1,,0,"formatChange|legacyData","GOOD"
"34e61b49-4cc7-46d4-8130-dd8df973081e","D03","SUGG","SUGG.AOS.groundwater.well.008","SUGG.W8.20170301.FIL",,"2017-03-01T18:41Z","2017-03-01T18:41Z","EcoCore_CSU","NO3+NO2 - N",-0.0020,"milligramsPerLiter",1.1,,0,"formatChange|legacyData","GOOD"
"dff6d664-1496-40bd-afaf-0c4384508897","D03","SUGG","SUGG.AOS.groundwater.well.008","SUGG.W8.20170301.RAW",,"2017-03-01T18:41Z","2017-03-01T18:41Z","EcoCore_CSU","TOC",3.2880,"milligramsPerLiter",1.1,,0,"formatChange|legacyData","GOOD"
"4949c3d7-9e7a-4188-846f-64a89aaa89d9","D03","SUGG","SUGG.AOS.groundwater.well.008","SUGG.W8.20170301.FIL",,"2017-03-01T18:41Z","2017-03-01T18:41Z","EcoCore_CSU","Fe",3.8164,"milligramsPerLiter",1.1,,0,"formatChange|legacyData","GOOD"
"b729ac75-e55e-40e6-9572-a465e6dea93e","D03","SUGG","SUGG.AOS.groundwater.well.008","SUGG.W8.20170301.RAW",,"2017-03-01T18:41Z","2017-03-01T18:41Z","EcoCore_CSU","pH",5.7600,"pH",1.1,,0,"formatChange|legacyData","GOOD"
"bf158c1e-4682-4c49-85f9-a6a82defabd4","D03","SUGG","SUGG.AOS.groundwater.well.008","SUGG.W8.20170301.FIL",,"2017-03-01T18:41Z","2017-03-01T18:41Z","EcoCore_CSU","NH4 - N",0.0620,"milligramsPerLiter",1.1,,0,"formatChange|legacyData","GOOD"
"5dd51efd-eabc-414e-9938-89f715ac9f90","D03","SUGG","SUGG.AOS.groundwater.well.008","SUGG.W8.20170301.FIL",,"2017-03-01T18:41Z","2017-03-01T18:41Z","EcoCore_CSU","DOC",3.0960,"milligramsPerLiter",1.1,,0,"formatChange|legacyData","GOOD"
"4054c7a6-64d5-4bc8-a1ef-c3b340b80e1c","D03","SUGG","SUGG.AOS.groundwater.well.008","SUGG.W8.20170301.FIL",,"2017-03-01T18:41Z","2017-03-01T18:41Z","EcoCore_CSU","F",0.0050,"milligramsPerLiter",1.1,,0,"formatChange|legacyData","GOOD"
"4d4157cf-9512-4bf8-92bd-fe1bd89eb065","D03","SUGG","SUGG.AOS.groundwater.well.008","SUGG.W8.20170301.FIL",,"2017-03-01T18:41Z","2017-03-01T18:41Z","EcoCore_CSU","DIC",10.5500,"milligramsPerLiter",1.1,,0,"formatChange|legacyData","GOOD"
"75bd106e-3689-4944-8bb2-48887e5a9e03","D03","SUGG","SUGG.AOS.groundwater.well.008","SUGG.W8.20170301.PCN",,"2017-03-01T18:41Z","2017-03-01T18:41Z","EcoCore_CSU","TPC",0.2883,"milligram",1.1,,0,"formatChange|legacyData","GOOD"
"6e053eb2-81f3-433e-ba2b-6eae7ebc422d","D03","SUGG","SUGG.AOS.groundwater.well.008","SUGG.W8.20170301.FIL",,"2017-03-01T18:41Z","2017-03-01T18:41Z","EcoCore_CSU","Si",4.3556,"milligramsPerLiter",1.1,,0,"formatChange|legacyData","GOOD"
"a2fd490e-f6ce-4c0c-a611-9b0dd3f2e019","D03","SUGG","SUGG.AOS.groundwater.well.008","SUGG.W8.20170301.RAW",,"2017-03-01T18:41Z","2017-03-01T18:41Z","EcoCore_CSU","TN",0.2235,"milligramsPerLiter",1.1,,0,"formatChange|legacyData","GOOD"
"22f7e653-5e89-479a-8dc8-7b416d1234a6","D03","SUGG","SUGG.AOS.groundwater.well.008","SUGG.W8.20170301.FIL",,"2017-03-01T18:41Z","2017-03-01T18:41Z","EcoCore_CSU","Cl",11.2711,"milligramsPerLiter",1.1,,0,"formatChange|legacyData","GOOD"
"7367c148-be92-46fd-9ac2-9f5397b9ea4a","D03","SUGG","SUGG.AOS.groundwater.well.008","SUGG.W8.20170301.RAW",,"2017-03-01T18:41Z","2017-03-01T18:41Z","EcoCore_CSU","ANC",0.1380,"milliequivalentsPerLiter",1.1,,0,"formatChange|legacyData","GOOD"
"50dd10cb-b196-40e5-9c17-bab7618b372c","D03","SUGG","SUGG.AOS.groundwater.well.008","SUGG.W8.20170301.FIL",,"2017-03-01T18:41Z","2017-03-01T18:41Z","EcoCore_CSU","Na",9.5085,"milligramsPerLiter",1.1,,0,"formatChange|legacyData","GOOD"
"861c56e6-906e-4146-8999-f7da8640f419","D03","SUGG","SUGG.AOS.groundwater.well.008","SUGG.W8.20170301.FIL",,"2017-03-01T18:41Z","2017-03-01T18:41Z","EcoCore_CSU","Br",0.0050,"milligramsPerLiter",1.1,,0,"formatChange|legacyData","GOOD"
"ee1ff0e3-875b-4544-9fb7-ee0e0502bd1a","D03","SUGG","SUGG.AOS.groundwater.well.008","SUGG.W8.20170301.FIL",,"2017-03-01T18:41Z","2017-03-01T18:41Z","EcoCore_CSU","TDP",0.0835,"milligramsPerLiter",1.1,,0,"formatChange|legacyData","GOOD"
"a03558bc-7858-4197-b427-8d28be261b9e","D03","SUGG","SUGG.AOS.groundwater.well.008","SUGG.W8.20170301.FIL",,"2017-03-01T18:41Z","2017-03-01T18:41Z","EcoCore_CSU","K",0.4351,"milligramsPerLiter",1.1,,0,"formatChange|legacyData","GOOD"
"54277ad0-af27-40ff-9f1a-55dc6d1e5816","D03","SUGG","SUGG.AOS.groundwater.well.008","SUGG.W8.20170301.FIL",,"2017-03-01T18:41Z","2017-03-01T18:41Z","EcoCore_CSU","Mg",1.7509,"milligramsPerLiter",1.1,,0,"formatChange|legacyData","GOOD"
"f6b783ae-72cc-4d5b-8639-07b634b2c1cb","D03","SUGG","SUGG.AOS.groundwater.well.008","SUGG.W8.20170301.FIL",,"2017-03-01T18:41Z","2017-03-01T18:41Z","EcoCore_CSU","TDS",52.9700,"milligramsPerLiter",1.1,,0,"formatChange|legacyData","GOOD"
"f3a8bb01-c39e-41af-8a62-c317e5f4fdfc","D03","SUGG","SUGG.AOS.groundwater.well.008","SUGG.W8.20170301.RAW",,"2017-03-01T18:41Z","2017-03-01T18:41Z","EcoCore_CSU","TP",0.1077,"milligramsPerLiter",1.1,,0,"formatChange|legacyData","GOOD"
"77a63827-4e4c-4a22-8371-87d43dc7b490","D03","SUGG","SUGG.AOS.groundwater.well.008","SUGG.W8.20170301.PCN",,"2017-03-01T18:41Z","2017-03-01T18:41Z","EcoCore_CSU","TPN",0.0491,"milligram",1.1,,0,"formatChange|legacyData","GOOD"
"3c3e91ff-3df0-4c53-9d44-d92372898d3e","D03","SUGG","SUGG.AOS.groundwater.well.008","SUGG.W8.20170301.FIL",,"2017-03-01T18:41Z","2017-03-01T18:41Z","EcoCore_CSU","HCO3",6.3200,"milligramsPerLiter",1.1,,0,"formatChange|legacyData","GOOD"
"1d2446d3-79b7-4df9-89d9-f643b862ce66","D03","SUGG","SUGG.AOS.groundwater.well.008","SUGG.W8.20170301.FIL",,"2017-03-01T18:41Z","2017-03-01T18:41Z","EcoCore_CSU","NO2 - N",0.0140,"milligramsPerLiter",1.1,,0,"formatChange|legacyData","GOOD"
"567687e3-878e-4652-92e5-4fcd3cdee056","D03","SUGG","SUGG.AOS.groundwater.well.008","SUGG.W8.20170301.FIL",,"2017-03-01T18:41Z","2017-03-01T18:41Z","EcoCore_CSU","UV Absorbance (280 nm)",0.0505,,1.1,,0,"formatChange|legacyData","GOOD"
"1d5f65b8-6968-48e4-b6aa-16139d6d5bcc","D03","SUGG","SUGG.AOS.groundwater.well.008","SUGG.W8.20170301.FIL",,"2017-03-01T18:41Z","2017-03-01T18:41Z","EcoCore_CSU","CO3",0.0050,"milligramsPerLiter",1.1,,0,"formatChange|legacyData","GOOD"
"783ebeab-6838-4562-beff-92e07cd34b29","D03","SUGG","SUGG.AOS.groundwater.well.008","SUGG.W8.20170301.FIL",,"2017-03-01T18:41Z","2017-03-01T18:41Z","EcoCore_CSU","UV Absorbance (250 nm)",0.0763,,1.1,,0,"formatChange|legacyData","GOOD"
"e2dee23b-8f09-4e02-91b8-5b3c2b1a02f9","D03","SUGG","SUGG.AOS.groundwater.well.008","SUGG.W8.20170301.FIL",,"2017-03-01T18:41Z","2017-03-01T18:41Z","EcoCore_CSU","TDN",0.0276,"milligramsPerLiter",1.1,,0,"formatChange|legacyData","GOOD"
"3c958420-df9e-4a35-b224-b6a83aba6df3","D03","SUGG","SUGG.AOS.groundwater.well.008","SUGG.W8.20170301.FIL",,"2017-03-01T18:41Z","2017-03-01T18:41Z","EcoCore_CSU","SO4",14.5971,"milligramsPerLiter",1.1,,0,"formatChange|legacyData","GOOD"
