uid,domainID,siteID,namedLocation,collectDate,titrationDate,parentSampleID,domainSampleID,remarks,measuredBy,alkMeqPerL,alkMgPerL,ancMeqPerL,ancMgPerL
"7be3dbe9-63e4-4bc0-80e1-c4acaba195b3","D10","ARIK","ARIK.AOS.groundwater.well.002","2015-08-04T15:52Z","2015-08-05T22:55Z","ARIK.W2.20150804","ARIK.W2.20150804.ALK","titration started 31 hours and 3 minutes after collection due to time restraints.","dstetson@neoninc.org",3.320,166.000,,
"20b0bac2-a5b9-421e-904c-f53482b68517","D10","ARIK","ARIK.AOS.groundwater.well.002","2015-08-04T15:52Z","2015-08-05T23:22Z","ARIK.W2.20150804","ARIK.W2.20150804.ANC","Titration started 31 hours and 30 minutes after collection due to time restraints.","dstetson@neoninc.org",,,3.380,169.000
"916108b0-c97f-4186-80ba-f1376477f4cd","D10","ARIK","ARIK.AOS.groundwater.well.005","2015-08-04T17:30Z","2015-08-05T15:37Z","ARIK.W5.20150804","ARIK.W5.20150804.ALK",,"hschartel@neoninc.org",5.360,268.000,,
"3a56af8d-3388-442e-a4e7-bdaf492dc275","D10","ARIK","ARIK.AOS.groundwater.well.005","2015-08-04T17:30Z","2015-08-05T16:11Z","ARIK.W5.20150804","ARIK.W5.20150804.ANC",,"hschartel@neoninc.org",,,5.420,271.000
"e8c94f8f-3d07-43c1-b3a8-8360a06be56f","D10","ARIK","ARIK.AOS.groundwater.well.004","2015-08-04T19:42Z","2015-08-05T16:53Z","ARIK.W4.20150804","ARIK.W4.20150804.ANC",,"hschartel@neoninc.org",,,5.890,295.000
"7480901c-790e-43e5-9e37-eb4455ad82db","D10","ARIK","ARIK.AOS.groundwater.well.004","2015-08-04T19:42Z","2015-08-05T17:49Z","ARIK.W4.20150804","ARIK.W4.20150804.ALK",,"hschartel@neoninc.org",5.910,296.000,,
"c78f2f76-be59-4184-84c3-551828092c83","D10","ARIK","ARIK.AOS.groundwater.well.001","2015-08-04T21:06Z","2015-08-05T19:11Z","ARIK.W1.20150804","ARIK.W1.20150804.ANC",,"hschartel@neoninc.org",,,3.770,189.000
"f75d0855-ccd1-4a8a-ba24-e2a2badefad1","D10","ARIK","ARIK.AOS.groundwater.well.001","2015-08-04T21:06Z","2015-08-05T19:52Z","ARIK.W1.20150804","ARIK.W1.20150804.ALK",,"hschartel@neoninc.org",3.690,184.000,,
