uid,domainID,siteID,namedLocation,decimalLatitude,decimalLongitude,coordinateUncertainty,elevation,elevationUncertainty,geodeticDatum,collectDate,aquaticSiteType,samplingImpractical,waterChemSamplesCollected,adequateSampleVol,parentSampleID,eventID,swcSamplingProtocolVersion,sampleExtractionMethod,samplerType,totalWellDepth,wellWaterDepth,waterColumnHeight,sampleDepth,purgeAverageDischargeRate,purgeTime,gwWellStabilized,purgeDryDateTime,pumpPlacementDate,screenedIntervalDepth,maxAllowableDrawdown,actualDrawdown,MADExceeded,wellVolumePurged,probeIDUnavailable,dissolvedOxygen,dissolvedOxygenSaturation,specificConductance,waterTemp,pH,waterClarityDescrip,waterColorDescrip,aCollectedBy,bCollectedBy,remarks
"775d5b54-1ad3-4187-aa4f-6eef82531040","D10","ARIK","ARIK.AOS.groundwater.well.002",39.757704,-102.447584,0.1,1181.3,0.1,"WGS84","2015-08-04T15:52Z","stream",,,,"ARIK.W2.20150804","ARIK.20150804","NEON.DOC.002905vA","low-flow",,,2.6,,6.2,,,,,,,,,,,,4.00,68.50,413.90,16.80,,,,"hschartel@neoninc.org","dstetson@neoninc.org","TPCN not filtered| Discharged volume not recorded but average pumping time for each well was about thirty minutes"
"f61568e1-cf68-43b0-8a5f-24ac88302a19","D10","ARIK","ARIK.AOS.groundwater.well.005",39.759687,-102.448224,0.1,1181.1,0.1,"WGS84","2015-08-04T17:30Z","stream",,,,"ARIK.W5.20150804","ARIK.20150804","NEON.DOC.002905vA","low-flow",,,2.4,,7.8,,,,,,,,,,,,0.06,0.60,540.00,15.60,,,,"hschartel@neoninc.org","dstetson@neoninc.org","TPCN not filtered| Discharged volume not recorded but average pumping time for each well was about thirty minutes"
"a10ba1e9-5171-4bac-990c-489ba717c2bb","D10","ARIK","ARIK.AOS.groundwater.well.004",39.760114,-102.451740,0.1,1182.7,0.1,"WGS84","2015-08-04T19:42Z","stream",,,,"ARIK.W4.20150804","ARIK.20150804","NEON.DOC.002905vA","low-flow",,,2.2,,5.4,,,,,,,,,,,,0.10,1.20,574.00,18.90,,,,"hschartel@neoninc.org","dstetson@neoninc.org","TPCN not filtered| Discharged volume not recorded but average pumping time for each well was about thirty minutes"
"01f3f6c6-1ad0-4706-8684-5c611531e932","D10","ARIK","ARIK.AOS.groundwater.well.001",39.758068,-102.452221,0.1,1184.4,0.1,"WGS84","2015-08-04T21:06Z","stream",,,,"ARIK.W1.20150804","ARIK.20150804","NEON.DOC.002905vA","low-flow",,,3.9,,6.5,,,,,,,,,,,,2.94,33.00,413.00,14.60,,,,"hschartel@neoninc.org","dstetson@neoninc.org","TPCN not filtered| Discharged volume not recorded but average pumping time for each well was about thirty minutes"
