uid,domainID,siteID,namedLocation,decimalLatitude,decimalLongitude,coordinateUncertainty,elevation,elevationUncertainty,geodeticDatum,collectDate,aquaticSiteType,samplingImpractical,waterChemSamplesCollected,adequateSampleVol,parentSampleID,eventID,swcSamplingProtocolVersion,sampleExtractionMethod,samplerType,totalWellDepth,wellWaterDepth,waterColumnHeight,sampleDepth,purgeAverageDischargeRate,purgeTime,gwWellStabilized,purgeDryDateTime,pumpPlacementDate,screenedIntervalDepth,maxAllowableDrawdown,actualDrawdown,MADExceeded,wellVolumePurged,probeIDUnavailable,dissolvedOxygen,dissolvedOxygenSaturation,specificConductance,waterTemp,pH,waterClarityDescrip,waterColorDescrip,aCollectedBy,bCollectedBy,remarks
"c97e6858-58ae-4755-91a5-1c1d432c5081","D18","OKSR","OKSR.AOS.groundwater.well.007",68.669333,-149.151055,0.1,771.8,0.1,"WGS84","2020-08-17T19:38Z","stream",,"Y","Y","OKSR.W7.20200817","OKSR.20200817","NEON.DOC.002905vG","syringe and bailer tube","Syringe and Bailer Tube",1.3,0.7,0.6,,,,,,,,,,,,,8.64,78.80,78.60,10.20,7.40,"clear","brown","0000-0001-5131-1181","0000-0001-6124-7021",
"663c4bbb-23a8-4357-914a-e4b903eac03d","D18","OKSR","OKSR.AOS.groundwater.well.005",68.668708,-149.150487,0.1,772.0,0.1,"WGS84","2020-08-17T20:40Z","stream",,"Y","Y","OKSR.W5.20200817","OKSR.20200817","NEON.DOC.002905vG","syringe and bailer tube","Syringe and Bailer Tube",1.9,1.5,0.4,,,,,,,,,,,,,2.92,26.60,191.30,8.90,6.08,"clear","brown","0000-0001-5131-1181","0000-0001-6124-7021",
"b5f047a5-cb07-445d-92ce-c393e04af5d4","D18","OKSR","OKSR.AOS.groundwater.well.003",68.669343,-149.143509,0.1,768.5,0.1,"WGS84","2020-08-17T21:25Z","stream",,"Y","N","OKSR.W3.20200817","OKSR.20200817","NEON.DOC.002905vG","syringe","Syringe",,,,,,,,,,,,,,,,,,,,6.75,"cloudy","brown","0000-0001-5131-1181","0000-0001-6124-7021",
"37bd8d84-9cd7-4e62-a3b1-e564962e0a32","D18","OKSR","OKSR.AOS.groundwater.well.008",68.669955,-149.143747,0.1,768.8,0.1,"WGS84","2020-08-17T22:20Z","stream",,"Y","N","OKSR.W8.20200817","OKSR.20200817","NEON.DOC.002905vG","syringe","Syringe",,,,,,,,,,,,,,,,,,,,5.70,"clear","brown","0000-0001-5131-1181","0000-0001-6124-7021",
