uid,domainID,siteID,namedLocation,collectDate,titrationDate,parentSampleID,domainSampleID,remarks,measuredBy,alkMeqPerL,alkMgPerL,ancMeqPerL,ancMgPerL
"5329d526-a675-4e2d-a80a-e376b54e4beb","D18","OKSR","OKSR.AOS.groundwater.well.007","2020-08-17T19:38Z","2020-08-18T00:00Z","OKSR.W7.20200817","OKSR.W7.20200817.ALK",,"gomeze@battelleecology.org",0.350,17.700,,
"d10499f7-4f33-43ef-91c5-86a079d83845","D18","OKSR","OKSR.AOS.groundwater.well.005","2020-08-17T20:40Z","2020-08-18T01:00Z","OKSR.W5.20200817","OKSR.W5.20200817.ALK",,"gomeze@battelleecology",1.530,76.400,,
"79130443-c17f-4997-81c3-53436905beea","D18","OKSR","OKSR.AOS.groundwater.well.003","2020-08-17T21:25Z","2020-08-18T00:30Z","OKSR.W3.20200817","OKSR.W3.20200817.ALK",,"gomeze",0.470,23.500,,
"ea45ba22-7189-48b5-9b44-cb84405f53e1","D18","OKSR","OKSR.AOS.groundwater.well.008","2020-08-17T22:20Z","2020-08-18T01:30Z","OKSR.W8.20200817","OKSR.W8.20200817.ALK",,"gomeze@battelleecology.org",0.390,19.800,,
