uid,domainID,siteID,namedLocation,collectDate,parentSampleID,sampleCondition,sampleID,replicateNumber,gwwDICBubbleFree,gwwFiltSampleHeadspace,gwwAlkSampleHeadspace,gwwAlkSampleBubbleFree,processedDate,processedDateFilters,sampleVolumeFiltered,shipmentTimeRange
"948954dd-f4bf-4fdc-a567-5dc3f1828f9e","D18","OKSR","OKSR.AOS.groundwater.well.007","2020-08-17T19:38Z","OKSR.W7.20200817","Sample condition ok","OKSR.W7.20200817",1,"Y",,,"Y","2020-08-17T19:38Z","2020-08-18T02:05Z",20.0,"within 24 to 72 hours of collection"
"6aa5c988-94cc-414a-b59f-1e4353475b46","D18","OKSR","OKSR.AOS.groundwater.well.005","2020-08-17T20:40Z","OKSR.W5.20200817","Sample condition ok","OKSR.W5.20200817",1,"Y",,,"Y","2020-08-17T20:40Z","2020-08-17T20:40Z",20.0,"within 24 to 72 hours of collection"
"6ae6871b-4fa6-4304-a5f8-51404def346c","D18","OKSR","OKSR.AOS.groundwater.well.003","2020-08-17T21:25Z","OKSR.W3.20200817","Sample condition ok","OKSR.W3.20200817",1,"N",,"N","Y","2020-08-17T21:25Z",,,"within 24 to 72 hours of collection"
"cc339681-b0c0-4c06-be31-035d71d76137","D18","OKSR","OKSR.AOS.groundwater.well.008","2020-08-17T22:20Z","OKSR.W8.20200817","Sample condition ok","OKSR.W8.20200817",1,"Y",,"N","Y","2020-08-17T22:20Z",,,"within 24 to 72 hours of collection"
