uid,domainID,siteID,namedLocation,collectDate,parentSampleID,sampleCondition,sampleID,replicateNumber,gwwDICBubbleFree,gwwFiltSampleHeadspace,gwwAlkSampleHeadspace,gwwAlkSampleBubbleFree,processedDate,processedDateFilters,sampleVolumeFiltered,shipmentTimeRange
"b7342962-4744-4858-bb02-d66b83ce482f","D12","BLDE","BLDE.AOS.groundwater.well.001","2020-07-13T14:26Z","BLDE.W1.20200713","Sample condition ok","BLDE.W1.20200713",1,,,,,"2020-07-13T14:26Z","2020-07-13T20:37Z",70.0,"within 24 hours of collection"
"110c5da3-8bab-4cba-8b5f-6aa3135d1e2f","D12","BLDE","BLDE.AOS.groundwater.well.002","2020-07-13T15:25Z","BLDE.W2.20200713","Sample condition ok","BLDE.W2.20200713",1,,,,,"2020-07-13T15:25Z","2020-07-13T20:49Z",70.0,"within 24 hours of collection"
"a4d0a666-fd62-4232-aeb4-9007254eb899","D12","BLDE","BLDE.AOS.groundwater.well.007","2020-07-13T16:07Z","BLDE.W7.20200713","Sample condition ok","BLDE.W7.20200713",1,,,,,"2020-07-13T16:07Z","2020-07-13T20:39Z",25.0,"within 24 hours of collection"
"00b74e9c-d35c-4f62-b090-c04712be148b","D12","BLDE","BLDE.AOS.groundwater.well.008","2020-07-13T16:59Z","BLDE.W8.20200713","Sample condition ok","BLDE.W8.20200713",1,,,,,"2020-07-13T16:59Z","2020-07-13T20:36Z",50.0,"within 24 hours of collection"
