uid,domainID,siteID,namedLocation,decimalLatitude,decimalLongitude,coordinateUncertainty,elevation,elevationUncertainty,geodeticDatum,collectDate,aquaticSiteType,samplingImpractical,waterChemSamplesCollected,adequateSampleVol,parentSampleID,eventID,swcSamplingProtocolVersion,sampleExtractionMethod,samplerType,totalWellDepth,wellWaterDepth,waterColumnHeight,sampleDepth,purgeAverageDischargeRate,purgeTime,gwWellStabilized,purgeDryDateTime,pumpPlacementDate,screenedIntervalDepth,maxAllowableDrawdown,actualDrawdown,MADExceeded,wellVolumePurged,probeIDUnavailable,dissolvedOxygen,dissolvedOxygenSaturation,specificConductance,waterTemp,pH,waterClarityDescrip,waterColorDescrip,aCollectedBy,bCollectedBy,remarks
"4e33bca2-2c2b-4912-90ec-978dd86c4a6a","D12","BLDE","BLDE.AOS.groundwater.well.001",44.951035,-110.588202,0.1,2032.2,0.1,"WGS84","2020-07-13T14:26Z","stream",,"Y","Y","BLDE.W1.20200713","BLDE.20200713","NEON.DOC.002905vG","bailer tube","Groundwater Bailer Tube",2.2,2.0,0.2,,,,,,,,,,,3.0,,5.42,51.50,199.50,9.30,7.28,"clear","colorless","0000-0002-3695-352X","0000-0003-0371-727X",
"ae7c2b97-fc98-4911-a1c7-aff5b0a37df3","D12","BLDE","BLDE.AOS.groundwater.well.002",44.951124,-110.588036,0.1,2032.4,0.1,"WGS84","2020-07-13T15:25Z","stream",,"Y","Y","BLDE.W2.20200713","BLDE.20200713","NEON.DOC.002905vG","bailer tube","Groundwater Bailer Tube",2.6,2.3,0.3,,,,,,,,,,,1.5,,6.51,61.30,88.10,10.80,7.60,"cloudy","gray","0000-0002-3695-352X","0000-0003-0371-727X",
"b6c2139c-bf6b-4ef8-9ca9-fff33b9ac219","D12","BLDE","BLDE.AOS.groundwater.well.007",44.953300,-110.589043,0.1,2026.9,0.1,"WGS84","2020-07-13T16:07Z","stream",,"Y","Y","BLDE.W7.20200713","BLDE.20200713","NEON.DOC.002905vG","bailer tube","Groundwater Bailer Tube",2.3,1.5,0.9,,,,,,,,,,,6.0,,4.27,38.40,202.80,9.60,7.25,"clear","colorless","0000-0002-3695-352X","0000-0003-0371-727X",
"e81d81ea-2196-44f5-8011-783d4481bb98","D12","BLDE","BLDE.AOS.groundwater.well.008",44.953552,-110.589467,0.1,2025.2,0.1,"WGS84","2020-07-13T16:59Z","stream",,"Y","Y","BLDE.W8.20200713","BLDE.20200713","NEON.DOC.002905vG","bailer tube","Groundwater Bailer Tube",2.4,2.0,0.4,,,,,,,,,,,2.0,,4.04,37.30,107.10,9.40,7.67,"cloudy","brown","0000-0002-3695-352X",,
