uid,domainID,siteID,namedLocation,collectDate,titrationDate,parentSampleID,domainSampleID,remarks,measuredBy,alkMeqPerL,alkMgPerL,ancMeqPerL,ancMgPerL
"6d978ef8-7501-44b9-be2f-0170cf51ab38","D12","BLDE","BLDE.AOS.groundwater.well.001","2020-07-13T14:26Z","2020-07-14T16:17Z","BLDE.W1.20200713","BLDE.W1.20200713.ALK",,"BSmallen",2.010,101.000,,
"b3cfc396-916b-4238-8eeb-944e3650daea","D12","BLDE","BLDE.AOS.groundwater.well.002","2020-07-13T15:25Z","2020-07-14T14:34Z","BLDE.W2.20200713","BLDE.W2.20200713.ALK",,"BSmallen",0.640,32.000,,
"6e402ffa-6109-41e0-a7b1-ac4810d9c045","D12","BLDE","BLDE.AOS.groundwater.well.007","2020-07-13T16:07Z","2020-07-14T17:32Z","BLDE.W7.20200713","BLDE.W7.20200713.ALK",,"BSmallen",2.190,110.000,,
"aa2aa85f-c944-4d5e-b8a6-81e73a3734ab","D12","BLDE","BLDE.AOS.groundwater.well.008","2020-07-13T16:59Z","2020-07-14T17:30Z","BLDE.W8.20200713","BLDE.W8.20200713.ALK",,"BSmallen",0.920,45.800,,
