uid,domainID,siteID,namedLocation,decimalLatitude,decimalLongitude,coordinateUncertainty,elevation,elevationUncertainty,geodeticDatum,collectDate,aquaticSiteType,samplingImpractical,waterChemSamplesCollected,adequateSampleVol,parentSampleID,eventID,swcSamplingProtocolVersion,sampleExtractionMethod,samplerType,totalWellDepth,wellWaterDepth,waterColumnHeight,sampleDepth,purgeAverageDischargeRate,purgeTime,gwWellStabilized,purgeDryDateTime,pumpPlacementDate,screenedIntervalDepth,maxAllowableDrawdown,actualDrawdown,MADExceeded,wellVolumePurged,probeIDUnavailable,dissolvedOxygen,dissolvedOxygenSaturation,specificConductance,waterTemp,pH,waterClarityDescrip,waterColorDescrip,aCollectedBy,bCollectedBy,remarks
"af85edb9-5d1c-4e11-bb0f-497ff64a521f","D06","KING","KING.AOS.groundwater.well.004",39.104850,-96.603323,0.1,328.6,0.1,"WGS84","2018-07-02T14:03Z","stream",,,,"KING.W4.20180702","KING.20180702","NEON.DOC.002905vE","low-flow","Groundwater Pump",8.5,5.8,2.6,6.8,,,,,,,,,,14.5,,3.66,39.40,698.00,16.40,,"cloudy","brown","jkukulski@battelleecology.org","egawanda@battelleecology.org","200 ml\min discharge thoughout sampling only 1 L purged before ground water stabilized before collecting water sample not what app calculated purge rate and well water recharged well"
"9c381f42-a4d5-4ca6-b30f-8d52fc684def","D06","KING","KING.AOS.groundwater.well.001",39.104728,-96.602945,0.1,329.4,0.1,"WGS84","2018-07-02T15:11Z","stream",,,,"KING.W1.20180702","KING.20180702","NEON.DOC.002905vE","low-flow","Groundwater Pump",9.7,6.5,3.3,7.5,,,,,,,,,,14.5,,2.70,29.30,706.00,17.60,,"cloudy","brown","jkukulski@battelleecology.org","eminnick@battelleecology.org","220 ml\min discharge thoughout sampling only 2 L purged before ground water stabilized before collecting water sample not what app calculated purge rate and well water recharged well"
"5bc951bb-1285-49f8-8a87-f3dd2e1abace","D06","KING","KING.AOS.groundwater.well.002",39.104936,-96.602639,0.1,329.1,0.1,"WGS84","2018-07-02T17:15Z","stream",,,,"KING.W2.20180702","KING.20180702","NEON.DOC.002905vE","low-flow","Groundwater Pump",6.6,6.1,0.5,6.1,,,,,,,,,,15.1,,3.04,35.80,698.00,22.20,,"clear","brown","jkukulski@battelleecology.org","eminnick@battelleecology.org","220 ml\min discharge start then used 100 ml\min thoughout sampling only 2.5 L purged before ground water stabilized before collecting water samples not what app calculated purge rate and well water recharged well close to mda reason for low discharge rate"
"8df2f849-1662-4ff1-9958-1b4b0c1e19dc","D06","KING","KING.AOS.groundwater.well.008",39.105096,-96.603080,0.1,328.4,0.1,"WGS84","2018-07-02T19:15Z","stream",,,,"KING.W8.20180702","KING.20180702","NEON.DOC.002905vE","low-flow","Groundwater Pump",8.4,5.5,2.9,6.5,,,,,,,,,,14.9,,2.90,32.30,687.00,17.70,,"cloudy","brown","jkukulski@battelleecology.org","eminnick@battelleecology.org","200 ml\min discharge rate purged 2.5 L before water stabilized not what app calculated and used same discharge rate gww water recharged well"
