uid,domainID,siteID,namedLocation,collectDate,titrationDate,parentSampleID,domainSampleID,remarks,measuredBy,alkMeqPerL,alkMgPerL,ancMeqPerL,ancMgPerL
"e1561fa2-35ab-48cb-bf27-e0377bf0e832","D06","KING","KING.AOS.groundwater.well.004","2018-07-02T14:03Z","2018-07-02T22:15Z","KING.W4.20180702","KING.W4.20180702.ALK",,"egawanda",6.800,340.000,,
"29601b72-2159-4099-911f-c8b2c8217e56","D06","KING","KING.AOS.groundwater.well.001","2018-07-02T15:11Z","2018-07-02T22:35Z","KING.W1.20180702","KING.W1.20180702.ALK",,"egawanda",6.920,346.000,,
"8323cf2a-70e8-469a-8c3c-ad6861bca405","D06","KING","KING.AOS.groundwater.well.002","2018-07-02T17:15Z","2018-07-02T23:01Z","KING.W2.20180702","KING.W2.20180702.ALK",,"egawanda",6.860,343.000,,
"e049a945-8dab-4fc7-97f8-16f3090a981c","D06","KING","KING.AOS.groundwater.well.008","2018-07-02T19:15Z","2018-07-03T20:47Z","KING.W8.20180702","KING.W8.20180702.ALK",,"jkukulski",6.760,338.000,,
