uid,domainID,siteID,namedLocation,sampleID,sampleCode,startDate,collectDate,laboratoryName,analyte,analyteConcentration,analyteUnits,coolerTemp,remarks,shipmentWarmQF,externalLabDataQF,sampleCondition
"eed9275d-6760-47ce-875f-c9aea87c5fd0","D06","KING","KING.AOS.groundwater.well.004","KING.W4.20180702.FIL","A00000009934","2018-07-02T14:03Z","2018-07-02T14:03Z","EcoCore_CSU","DIC",67.1200,"milligramsPerLiter",2.0,,0,"formatChange","GOOD"
"5194425b-ab12-40a9-961e-bba98a5dcf47","D06","KING","KING.AOS.groundwater.well.004","KING.W4.20180702.RAW","A00000009952","2018-07-02T14:03Z","2018-07-02T14:03Z","EcoCore_CSU","TN",0.5982,"milligramsPerLiter",2.0,,0,"formatChange","GOOD"
"f36808a1-1f51-43f9-a558-4b067d7bb2bb","D06","KING","KING.AOS.groundwater.well.004","KING.W4.20180702.FIL","A00000009934","2018-07-02T14:03Z","2018-07-02T14:03Z","EcoCore_CSU","Mg",27.0300,"milligramsPerLiter",2.0,,0,"formatChange","GOOD"
"651a9901-2990-43ab-ab8d-e95594f3b754","D06","KING","KING.AOS.groundwater.well.004","KING.W4.20180702.FIL","A00000009934","2018-07-02T14:03Z","2018-07-02T14:03Z","EcoCore_CSU","NH4 - N",0.0353,"milligramsPerLiter",2.0,,0,"formatChange","GOOD"
"4f476506-abdb-4419-8e9d-05545275f989","D06","KING","KING.AOS.groundwater.well.004","KING.W4.20180702.FIL","A00000009934","2018-07-02T14:03Z","2018-07-02T14:03Z","EcoCore_CSU","Mn",0.0005,"milligramsPerLiter",2.0,,0,"formatChange","GOOD"
"a37205fa-2c2e-46fe-b945-db129818fed5","D06","KING","KING.AOS.groundwater.well.004","KING.W4.20180702.RAW","A00000009952","2018-07-02T14:03Z","2018-07-02T14:03Z","EcoCore_CSU","TSS - Dry Mass",125900.0000,"microgram",2.0,,0,"formatChange","GOOD"
"4c330bf2-e7d0-42b1-899c-0d8989e68336","D06","KING","KING.AOS.groundwater.well.004","KING.W4.20180702.RAW","A00000009952","2018-07-02T14:03Z","2018-07-02T14:03Z","EcoCore_CSU","TSS",2518.0000,"milligramsPerLiter",2.0,,0,"formatChange","GOOD"
"8957550f-c164-4c6e-bf81-e5c93440546f","D06","KING","KING.AOS.groundwater.well.004","KING.W4.20180702.PCN","A00000009970","2018-07-02T14:03Z","2018-07-02T14:03Z","EcoCore_CSU","TPN",0.0333,"milligram",2.0,,0,"formatChange","GOOD"
"98adafa9-62e7-4afc-8a9f-396031c02d38","D06","KING","KING.AOS.groundwater.well.004","KING.W4.20180702.RAW","A00000009952","2018-07-02T14:03Z","2018-07-02T14:03Z","EcoCore_CSU","TP",0.1020,"milligramsPerLiter",2.0,,0,"formatChange","GOOD"
"c4555b7e-5a7a-40e6-941e-ce2386424cfb","D06","KING","KING.AOS.groundwater.well.004","KING.W4.20180702.FIL","A00000009934","2018-07-02T14:03Z","2018-07-02T14:03Z","EcoCore_CSU","Si",9.7700,"milligramsPerLiter",2.0,,0,"formatChange","GOOD"
"94ebac91-1e06-4e6a-8cca-a25794cc414b","D06","KING","KING.AOS.groundwater.well.004","KING.W4.20180702.FIL","A00000009934","2018-07-02T14:03Z","2018-07-02T14:03Z","EcoCore_CSU","NO3+NO2 - N",0.1706,"milligramsPerLiter",2.0,,0,"formatChange","GOOD"
"ceb3c14d-160c-4dec-9d26-c694a23a0301","D06","KING","KING.AOS.groundwater.well.004","KING.W4.20180702.FIL","A00000009934","2018-07-02T14:03Z","2018-07-02T14:03Z","EcoCore_CSU","Fe",0.0005,"milligramsPerLiter",2.0,,0,"formatChange","GOOD"
"b68837a4-7591-4704-b5a6-1d2901a4b09a","D06","KING","KING.AOS.groundwater.well.004","KING.W4.20180702.FIL","A00000009934","2018-07-02T14:03Z","2018-07-02T14:03Z","EcoCore_CSU","Br",0.0050,"milligramsPerLiter",2.0,,0,"formatChange","GOOD"
"394123e3-2ec0-4ae7-968b-8831a719d76c","D06","KING","KING.AOS.groundwater.well.004","KING.W4.20180702.FIL","A00000009934","2018-07-02T14:03Z","2018-07-02T14:03Z","EcoCore_CSU","CO3",0.0050,"milligramsPerLiter",2.0,,0,"formatChange","GOOD"
"8ba05e85-ac66-4af9-8f78-577d47d097ae","D06","KING","KING.AOS.groundwater.well.004","KING.W4.20180702.FIL","A00000009934","2018-07-02T14:03Z","2018-07-02T14:03Z","EcoCore_CSU","TDN",0.5960,"milligramsPerLiter",2.0,,0,"formatChange","GOOD"
"098fc2de-e8c2-4691-a6be-f26fd3dcfcf7","D06","KING","KING.AOS.groundwater.well.004","KING.W4.20180702.FIL","A00000009934","2018-07-02T14:03Z","2018-07-02T14:03Z","EcoCore_CSU","Na",5.8460,"milligramsPerLiter",2.0,,0,"formatChange","GOOD"
"15f1ff1c-e51b-4af6-abfe-c9d8548b4555","D06","KING","KING.AOS.groundwater.well.004","KING.W4.20180702.FIL","A00000009934","2018-07-02T14:03Z","2018-07-02T14:03Z","EcoCore_CSU","UV Absorbance (280 nm)",0.0095,,2.0,,0,"formatChange","GOOD"
"2fe1773a-2fdd-4961-ad15-4f21f8fac4dd","D06","KING","KING.AOS.groundwater.well.004","KING.W4.20180702.FIL","A00000009934","2018-07-02T14:03Z","2018-07-02T14:03Z","EcoCore_CSU","Ortho - P",0.0240,"milligramsPerLiter",2.0,,0,"formatChange","GOOD"
"83cc4cd7-b624-4945-ad6d-124e829022d6","D06","KING","KING.AOS.groundwater.well.004","KING.W4.20180702.FIL","A00000009934","2018-07-02T14:03Z","2018-07-02T14:03Z","EcoCore_CSU","K",1.0200,"milligramsPerLiter",2.0,,0,"formatChange","GOOD"
"94b4f10c-de06-4019-9434-8507a0e432f0","D06","KING","KING.AOS.groundwater.well.004","KING.W4.20180702.FIL","A00000009934","2018-07-02T14:03Z","2018-07-02T14:03Z","EcoCore_CSU","NO2 - N",0.0161,"milligramsPerLiter",2.0,,0,"formatChange","GOOD"
"1ad8da2f-4172-40ae-9830-883ed2da8c9a","D06","KING","KING.AOS.groundwater.well.004","KING.W4.20180702.FIL","A00000009934","2018-07-02T14:03Z","2018-07-02T14:03Z","EcoCore_CSU","F",0.0050,"milligramsPerLiter",2.0,,0,"formatChange","GOOD"
"7666f58a-6b7f-442b-9c13-bad236e6935c","D06","KING","KING.AOS.groundwater.well.004","KING.W4.20180702.FIL","A00000009934","2018-07-02T14:03Z","2018-07-02T14:03Z","EcoCore_CSU","SO4",48.8400,"milligramsPerLiter",2.0,,0,"formatChange","GOOD"
"7486074e-0b53-4390-8ec3-e0166bcb2f5d","D06","KING","KING.AOS.groundwater.well.004","KING.W4.20180702.FIL","A00000009934","2018-07-02T14:03Z","2018-07-02T14:03Z","EcoCore_CSU","Ca",30.5360,"milligramsPerLiter",2.0,,0,"formatChange","GOOD"
"2bb01d17-fd3f-4d49-912d-598bfd9c5248","D06","KING","KING.AOS.groundwater.well.004","KING.W4.20180702.FIL","A00000009934","2018-07-02T14:03Z","2018-07-02T14:03Z","EcoCore_CSU","HCO3",179.1200,"milligramsPerLiter",2.0,,0,"formatChange","GOOD"
"5ac520c2-d774-4efc-8630-72f1f6bb79b2","D06","KING","KING.AOS.groundwater.well.004","KING.W4.20180702.RAW","A00000009952","2018-07-02T14:03Z","2018-07-02T14:03Z","EcoCore_CSU","pH",7.5900,"pH",2.0,,0,"formatChange","GOOD"
"010f552e-56b0-45b6-9faf-a1956204398b","D06","KING","KING.AOS.groundwater.well.004","KING.W4.20180702.FIL","A00000009934","2018-07-02T14:03Z","2018-07-02T14:03Z","EcoCore_CSU","TDS",408.7000,"milligramsPerLiter",2.0,,0,"formatChange","GOOD"
"820e3d69-fb7f-4656-9127-65b4b12bd131","D06","KING","KING.AOS.groundwater.well.004","KING.W4.20180702.FIL","A00000009934","2018-07-02T14:03Z","2018-07-02T14:03Z","EcoCore_CSU","TDP",0.0005,"milligramsPerLiter",2.0,,0,"formatChange","GOOD"
"7eb3cb34-ad91-47b9-a2e2-3d0467073c37","D06","KING","KING.AOS.groundwater.well.004","KING.W4.20180702.FIL","A00000009934","2018-07-02T14:03Z","2018-07-02T14:03Z","EcoCore_CSU","DOC",1.3860,"milligramsPerLiter",2.0,,0,"formatChange","GOOD"
"d9e6ec4c-386a-42f4-add9-80222f70b030","D06","KING","KING.AOS.groundwater.well.004","KING.W4.20180702.FIL","A00000009934","2018-07-02T14:03Z","2018-07-02T14:03Z","EcoCore_CSU","Cl",4.1145,"milligramsPerLiter",2.0,,0,"formatChange","GOOD"
"6638f362-1b68-4635-b694-9f0783dbda75","D06","KING","KING.AOS.groundwater.well.004","KING.W4.20180702.RAW","A00000009952","2018-07-02T14:03Z","2018-07-02T14:03Z","EcoCore_CSU","conductivity",582.3300,"microsiemensPerCentimeter",2.0,,0,"formatChange","GOOD"
"39ccab93-2b62-4534-9b9f-728550f01c0b","D06","KING","KING.AOS.groundwater.well.004","KING.W4.20180702.RAW","A00000009952","2018-07-02T14:03Z","2018-07-02T14:03Z","EcoCore_CSU","TOC",0.9091,"milligramsPerLiter",2.0,,0,"formatChange","GOOD"
"0d529469-8cfd-4610-96b8-03ae67b78ad3","D06","KING","KING.AOS.groundwater.well.004","KING.W4.20180702.RAW","A00000009952","2018-07-02T14:03Z","2018-07-02T14:03Z","EcoCore_CSU","ANC",3.6900,"milliequivalentsPerLiter",2.0,,0,"formatChange","GOOD"
"8b460a4f-eacf-488d-ba28-3eb36e6f488f","D06","KING","KING.AOS.groundwater.well.004","KING.W4.20180702.FIL","A00000009934","2018-07-02T14:03Z","2018-07-02T14:03Z","EcoCore_CSU","UV Absorbance (250 nm)",0.0133,,2.0,,0,"formatChange","GOOD"
"bd600c0f-be35-44f4-ac0b-f55537876360","D06","KING","KING.AOS.groundwater.well.004","KING.W4.20180702.PCN","A00000009970","2018-07-02T14:03Z","2018-07-02T14:03Z","EcoCore_CSU","TPC",0.6729,"milligram",2.0,,0,"formatChange","GOOD"
"6483a90a-cfc1-412e-8f51-53823a840fa6","D06","KING","KING.AOS.groundwater.well.001","KING.W1.20180702.FIL","A00000009962","2018-07-02T15:11Z","2018-07-02T15:11Z","EcoCore_CSU","DIC",47.2100,"milligramsPerLiter",0.3,,0,"formatChange","GOOD"
"657bce7d-0f39-4349-bd8a-3fc4ff54ae07","D06","KING","KING.AOS.groundwater.well.001","KING.W1.20180702.FIL","A00000009962","2018-07-02T15:11Z","2018-07-02T15:11Z","EcoCore_CSU","Na",5.6310,"milligramsPerLiter",0.3,,0,"formatChange","GOOD"
"c482b0c0-6cc9-48f7-8e54-b848634b47a8","D06","KING","KING.AOS.groundwater.well.001","KING.W1.20180702.FIL","A00000009962","2018-07-02T15:11Z","2018-07-02T15:11Z","EcoCore_CSU","NO3+NO2 - N",0.2604,"milligramsPerLiter",0.3,,0,"formatChange","GOOD"
"3b1320c5-4bea-4f2a-b0d6-3d60d5b73087","D06","KING","KING.AOS.groundwater.well.001","KING.W1.20180702.RAW","A00000009980","2018-07-02T15:11Z","2018-07-02T15:11Z","EcoCore_CSU","TSS - Dry Mass",97700.0000,"microgram",0.3,,0,"formatChange","GOOD"
"4966f667-a06a-453d-8bba-d27afd1edce1","D06","KING","KING.AOS.groundwater.well.001","KING.W1.20180702.FIL","A00000009962","2018-07-02T15:11Z","2018-07-02T15:11Z","EcoCore_CSU","F",0.0050,"milligramsPerLiter",0.3,,0,"formatChange","GOOD"
"bc24c3cc-f29d-4f58-bb70-f6acee47e135","D06","KING","KING.AOS.groundwater.well.001","KING.W1.20180702.FIL","A00000009962","2018-07-02T15:11Z","2018-07-02T15:11Z","EcoCore_CSU","TDN",0.4304,"milligramsPerLiter",0.3,,0,"formatChange","GOOD"
"ef8afb30-837e-493d-9416-bc929d322844","D06","KING","KING.AOS.groundwater.well.001","KING.W1.20180702.FIL","A00000009962","2018-07-02T15:11Z","2018-07-02T15:11Z","EcoCore_CSU","SO4",49.9200,"milligramsPerLiter",0.3,,0,"formatChange","GOOD"
"67a23e39-4778-4394-8623-0846ca33f99f","D06","KING","KING.AOS.groundwater.well.001","KING.W1.20180702.FIL","A00000009962","2018-07-02T15:11Z","2018-07-02T15:11Z","EcoCore_CSU","UV Absorbance (280 nm)",0.0258,,0.3,,0,"formatChange","GOOD"
"e93bcd24-688c-48cd-91c6-30f6b22f63e9","D06","KING","KING.AOS.groundwater.well.001","KING.W1.20180702.FIL","A00000009962","2018-07-02T15:11Z","2018-07-02T15:11Z","EcoCore_CSU","TDP",0.0110,"milligramsPerLiter",0.3,,0,"formatChange","GOOD"
"25957958-2dba-49d3-acc5-1b42d0d6b83d","D06","KING","KING.AOS.groundwater.well.001","KING.W1.20180702.FIL","A00000009962","2018-07-02T15:11Z","2018-07-02T15:11Z","EcoCore_CSU","Cl",2.3534,"milligramsPerLiter",0.3,,0,"formatChange","GOOD"
"ba811818-2294-4a1e-af9c-4207efcbbb8d","D06","KING","KING.AOS.groundwater.well.001","KING.W1.20180702.RAW","A00000009980","2018-07-02T15:11Z","2018-07-02T15:11Z","EcoCore_CSU","pH",7.6000,"pH",0.3,,0,"formatChange","GOOD"
"a89ab2f8-f663-46a8-b573-eadd048b984d","D06","KING","KING.AOS.groundwater.well.001","KING.W1.20180702.FIL","A00000009962","2018-07-02T15:11Z","2018-07-02T15:11Z","EcoCore_CSU","Mn",0.0005,"milligramsPerLiter",0.3,,0,"formatChange","GOOD"
"8cf33ace-dbf9-43d6-80ff-fb7f5bc8b02d","D06","KING","KING.AOS.groundwater.well.001","KING.W1.20180702.RAW","A00000009980","2018-07-02T15:11Z","2018-07-02T15:11Z","EcoCore_CSU","ANC",4.7500,"milliequivalentsPerLiter",0.3,,0,"formatChange","GOOD"
"e1cf396e-483c-4ade-9531-b0ef3ba3d2ea","D06","KING","KING.AOS.groundwater.well.001","KING.W1.20180702.FIL","A00000009962","2018-07-02T15:11Z","2018-07-02T15:11Z","EcoCore_CSU","Fe",0.0005,"milligramsPerLiter",0.3,,0,"formatChange","GOOD"
"3b4aed49-4a88-4e8e-bebd-3897babf693b","D06","KING","KING.AOS.groundwater.well.001","KING.W1.20180702.FIL","A00000009962","2018-07-02T15:11Z","2018-07-02T15:11Z","EcoCore_CSU","UV Absorbance (250 nm)",0.0354,,0.3,,0,"formatChange","GOOD"
"8a365acb-07ff-4895-8e79-a62176a84f15","D06","KING","KING.AOS.groundwater.well.001","KING.W1.20180702.FIL","A00000009962","2018-07-02T15:11Z","2018-07-02T15:11Z","EcoCore_CSU","CO3",0.0050,"milligramsPerLiter",0.3,,0,"formatChange","GOOD"
"1a596079-f33d-45e7-b043-435d811e30b8","D06","KING","KING.AOS.groundwater.well.001","KING.W1.20180702.RAW","A00000009980","2018-07-02T15:11Z","2018-07-02T15:11Z","EcoCore_CSU","TSS",1954.0000,"milligramsPerLiter",0.3,,0,"formatChange","GOOD"
"92adc09f-8f40-4ae8-87b1-ba81499993d3","D06","KING","KING.AOS.groundwater.well.001","KING.W1.20180702.RAW","A00000009980","2018-07-02T15:11Z","2018-07-02T15:11Z","EcoCore_CSU","conductivity",673.1100,"microsiemensPerCentimeter",0.3,,0,"formatChange","GOOD"
"5b29dd37-e188-4398-97b7-a6fdb9b229db","D06","KING","KING.AOS.groundwater.well.001","KING.W1.20180702.RAW","A00000009980","2018-07-02T15:11Z","2018-07-02T15:11Z","EcoCore_CSU","TN",0.4697,"milligramsPerLiter",0.3,,0,"formatChange","GOOD"
"a175d29e-429f-4a3a-95f9-1488fc716393","D06","KING","KING.AOS.groundwater.well.001","KING.W1.20180702.FIL","A00000009962","2018-07-02T15:11Z","2018-07-02T15:11Z","EcoCore_CSU","Br",0.0050,"milligramsPerLiter",0.3,,0,"formatChange","GOOD"
"900e6fad-6114-4870-88e4-f9375fe6f655","D06","KING","KING.AOS.groundwater.well.001","KING.W1.20180702.PCN","A00000009930","2018-07-02T15:11Z","2018-07-02T15:11Z","EcoCore_CSU","TPC",0.7098,"milligram",0.3,,0,"formatChange","GOOD"
"27d4ed17-5fa3-49b0-808d-2a6543bc48f9","D06","KING","KING.AOS.groundwater.well.001","KING.W1.20180702.FIL","A00000009962","2018-07-02T15:11Z","2018-07-02T15:11Z","EcoCore_CSU","K",1.0780,"milligramsPerLiter",0.3,,0,"formatChange","GOOD"
"fa2d5dd2-1906-48db-9db3-8355d037804b","D06","KING","KING.AOS.groundwater.well.001","KING.W1.20180702.RAW","A00000009980","2018-07-02T15:11Z","2018-07-02T15:11Z","EcoCore_CSU","TOC",0.6919,"milligramsPerLiter",0.3,,0,"formatChange","GOOD"
"988af013-7442-47c0-8277-b40333978644","D06","KING","KING.AOS.groundwater.well.001","KING.W1.20180702.PCN","A00000009930","2018-07-02T15:11Z","2018-07-02T15:11Z","EcoCore_CSU","TPN",0.0530,"milligram",0.3,,0,"formatChange","GOOD"
"0a37efa3-9359-4778-a868-9e6166ae7cb0","D06","KING","KING.AOS.groundwater.well.001","KING.W1.20180702.FIL","A00000009962","2018-07-02T15:11Z","2018-07-02T15:11Z","EcoCore_CSU","NO2 - N",0.0135,"milligramsPerLiter",0.3,,0,"formatChange","GOOD"
"7fcea7bb-78c8-4bd9-a053-cefbb9a3df73","D06","KING","KING.AOS.groundwater.well.001","KING.W1.20180702.FIL","A00000009962","2018-07-02T15:11Z","2018-07-02T15:11Z","EcoCore_CSU","TDS",469.8000,"milligramsPerLiter",0.3,,0,"formatChange","GOOD"
"3f2c8cc9-7d97-42ff-b3a3-e18ea4e291d6","D06","KING","KING.AOS.groundwater.well.001","KING.W1.20180702.FIL","A00000009962","2018-07-02T15:11Z","2018-07-02T15:11Z","EcoCore_CSU","Si",9.3500,"milligramsPerLiter",0.3,,0,"formatChange","GOOD"
"cdaf5a09-e500-410b-b9ff-1244597a06ef","D06","KING","KING.AOS.groundwater.well.001","KING.W1.20180702.RAW","A00000009980","2018-07-02T15:11Z","2018-07-02T15:11Z","EcoCore_CSU","TP",0.0170,"milligramsPerLiter",0.3,,0,"formatChange","GOOD"
"55eeb1b5-c25a-41de-95e7-ba981ffa0a22","D06","KING","KING.AOS.groundwater.well.001","KING.W1.20180702.FIL","A00000009962","2018-07-02T15:11Z","2018-07-02T15:11Z","EcoCore_CSU","HCO3",251.3400,"milligramsPerLiter",0.3,,0,"formatChange","GOOD"
"8bfcee36-8363-4b5d-945c-2522544c1a58","D06","KING","KING.AOS.groundwater.well.001","KING.W1.20180702.FIL","A00000009962","2018-07-02T15:11Z","2018-07-02T15:11Z","EcoCore_CSU","Ca",53.4330,"milligramsPerLiter",0.3,,0,"formatChange","GOOD"
"afabd696-04ef-421f-a2db-1cbd5f1999b7","D06","KING","KING.AOS.groundwater.well.001","KING.W1.20180702.FIL","A00000009962","2018-07-02T15:11Z","2018-07-02T15:11Z","EcoCore_CSU","Mg",27.5800,"milligramsPerLiter",0.3,,0,"formatChange","GOOD"
"a4394910-9d27-436b-95db-c513f7c7e6ca","D06","KING","KING.AOS.groundwater.well.001","KING.W1.20180702.FIL","A00000009962","2018-07-02T15:11Z","2018-07-02T15:11Z","EcoCore_CSU","NH4 - N",0.0323,"milligramsPerLiter",0.3,,0,"formatChange","GOOD"
"2efe1fd0-d025-4379-8ae2-9cb7b3708e9e","D06","KING","KING.AOS.groundwater.well.001","KING.W1.20180702.FIL","A00000009962","2018-07-02T15:11Z","2018-07-02T15:11Z","EcoCore_CSU","DOC",0.8276,"milligramsPerLiter",0.3,,0,"formatChange","GOOD"
"b0b97ab5-dc1a-40eb-909c-5a28708334d2","D06","KING","KING.AOS.groundwater.well.001","KING.W1.20180702.FIL","A00000009962","2018-07-02T15:11Z","2018-07-02T15:11Z","EcoCore_CSU","Ortho - P",0.0130,"milligramsPerLiter",0.3,,0,"formatChange","GOOD"
"1a64b78f-8d8a-447c-93d5-b42942ba6bab","D06","KING","KING.AOS.groundwater.well.002","KING.W2.20180702.RAW","A00000009966","2018-07-02T17:15Z","2018-07-02T17:15Z","EcoCore_CSU","TN",0.3282,"milligramsPerLiter",0.3,,0,"formatChange","GOOD"
"6aad44c5-80c4-47f2-8fe4-63130a5e9572","D06","KING","KING.AOS.groundwater.well.002","KING.W2.20180702.FIL","A00000009948","2018-07-02T17:15Z","2018-07-02T17:15Z","EcoCore_CSU","UV Absorbance (280 nm)",0.0148,,0.3,,0,"formatChange","GOOD"
"5e3a2457-e8f0-4f42-8825-7c35d7cd904b","D06","KING","KING.AOS.groundwater.well.002","KING.W2.20180702.RAW","A00000009966","2018-07-02T17:15Z","2018-07-02T17:15Z","EcoCore_CSU","TSS - Dry Mass",2100.0000,"microgram",0.3,,0,"formatChange","GOOD"
"74d38124-b7d1-4724-be42-943738f417e1","D06","KING","KING.AOS.groundwater.well.002","KING.W2.20180702.RAW","A00000009966","2018-07-02T17:15Z","2018-07-02T17:15Z","EcoCore_CSU","ANC",4.8700,"milliequivalentsPerLiter",0.3,,0,"formatChange","GOOD"
"02fd075c-69ce-4652-9663-a7d08578df9e","D06","KING","KING.AOS.groundwater.well.002","KING.W2.20180702.FIL","A00000009948","2018-07-02T17:15Z","2018-07-02T17:15Z","EcoCore_CSU","F",0.0050,"milligramsPerLiter",0.3,,0,"formatChange","GOOD"
"1d76edc8-1240-4b54-a8bd-59b25c802c76","D06","KING","KING.AOS.groundwater.well.002","KING.W2.20180702.FIL","A00000009948","2018-07-02T17:15Z","2018-07-02T17:15Z","EcoCore_CSU","Fe",0.0005,"milligramsPerLiter",0.3,,0,"formatChange","GOOD"
"16981667-896d-4103-994d-629d07f26606","D06","KING","KING.AOS.groundwater.well.002","KING.W2.20180702.PCN","A00000009984","2018-07-02T17:15Z","2018-07-02T17:15Z","EcoCore_CSU","TPC",0.4589,"milligram",0.3,,0,"formatChange","GOOD"
"ca0bdca5-900e-4c60-860b-10a0220d861c","D06","KING","KING.AOS.groundwater.well.002","KING.W2.20180702.FIL","A00000009948","2018-07-02T17:15Z","2018-07-02T17:15Z","EcoCore_CSU","Cl",2.5877,"milligramsPerLiter",0.3,,0,"formatChange","GOOD"
"5832f7a9-dd47-4bcd-8923-8839c4a1d9cb","D06","KING","KING.AOS.groundwater.well.002","KING.W2.20180702.FIL","A00000009948","2018-07-02T17:15Z","2018-07-02T17:15Z","EcoCore_CSU","Mg",27.3210,"milligramsPerLiter",0.3,,0,"formatChange","GOOD"
"dbfc958f-af45-4ebc-9bcd-afdb88805a2a","D06","KING","KING.AOS.groundwater.well.002","KING.W2.20180702.RAW","A00000009966","2018-07-02T17:15Z","2018-07-02T17:15Z","EcoCore_CSU","conductivity",665.2800,"microsiemensPerCentimeter",0.3,,0,"formatChange","GOOD"
"b2f74d9b-4a65-4eea-ac4f-678dbbf39146","D06","KING","KING.AOS.groundwater.well.002","KING.W2.20180702.RAW","A00000009966","2018-07-02T17:15Z","2018-07-02T17:15Z","EcoCore_CSU","TOC",0.6006,"milligramsPerLiter",0.3,,0,"formatChange","GOOD"
"0b606dd5-b490-471e-a75d-c9b69245feb9","D06","KING","KING.AOS.groundwater.well.002","KING.W2.20180702.RAW","A00000009966","2018-07-02T17:15Z","2018-07-02T17:15Z","EcoCore_CSU","pH",8.0300,"pH",0.3,,0,"formatChange","GOOD"
"4e5f6233-f929-455c-a31b-98c1b468073e","D06","KING","KING.AOS.groundwater.well.002","KING.W2.20180702.FIL","A00000009948","2018-07-02T17:15Z","2018-07-02T17:15Z","EcoCore_CSU","TDN",0.2926,"milligramsPerLiter",0.3,,0,"formatChange","GOOD"
"16cad983-bf96-48e4-ad99-906f3524e01e","D06","KING","KING.AOS.groundwater.well.002","KING.W2.20180702.FIL","A00000009948","2018-07-02T17:15Z","2018-07-02T17:15Z","EcoCore_CSU","SO4",51.9900,"milligramsPerLiter",0.3,,0,"formatChange","GOOD"
"df10c3dd-9359-4094-856d-93a7ff77f748","D06","KING","KING.AOS.groundwater.well.002","KING.W2.20180702.FIL","A00000009948","2018-07-02T17:15Z","2018-07-02T17:15Z","EcoCore_CSU","CO3",0.0050,"milligramsPerLiter",0.3,,0,"formatChange","GOOD"
"2b3fd312-49ab-4f8a-8d6d-e3f5aeb98cf5","D06","KING","KING.AOS.groundwater.well.002","KING.W2.20180702.FIL","A00000009948","2018-07-02T17:15Z","2018-07-02T17:15Z","EcoCore_CSU","TDP",0.0260,"milligramsPerLiter",0.3,,0,"formatChange","GOOD"
"fc8243e9-9c5e-4f75-83b4-5cabcd879863","D06","KING","KING.AOS.groundwater.well.002","KING.W2.20180702.RAW","A00000009966","2018-07-02T17:15Z","2018-07-02T17:15Z","EcoCore_CSU","TP",0.1150,"milligramsPerLiter",0.3,,0,"formatChange","GOOD"
"235e3618-2108-4308-acc1-4b2585aa152d","D06","KING","KING.AOS.groundwater.well.002","KING.W2.20180702.FIL","A00000009948","2018-07-02T17:15Z","2018-07-02T17:15Z","EcoCore_CSU","NO3+NO2 - N",0.1657,"milligramsPerLiter",0.3,,0,"formatChange","GOOD"
"486ea1bb-fb41-43bd-a413-df0e3212aba5","D06","KING","KING.AOS.groundwater.well.002","KING.W2.20180702.FIL","A00000009948","2018-07-02T17:15Z","2018-07-02T17:15Z","EcoCore_CSU","Mn",0.0005,"milligramsPerLiter",0.3,,0,"formatChange","GOOD"
"a4fb6f45-c343-43bd-8c14-10e0217e0f04","D06","KING","KING.AOS.groundwater.well.002","KING.W2.20180702.FIL","A00000009948","2018-07-02T17:15Z","2018-07-02T17:15Z","EcoCore_CSU","Ca",56.2250,"milligramsPerLiter",0.3,,0,"formatChange","GOOD"
"c0ad8d3a-fdf8-40fe-951d-303e4bcfed4b","D06","KING","KING.AOS.groundwater.well.002","KING.W2.20180702.FIL","A00000009948","2018-07-02T17:15Z","2018-07-02T17:15Z","EcoCore_CSU","Br",0.0050,"milligramsPerLiter",0.3,,0,"formatChange","GOOD"
"9b379445-32a4-47df-b58a-db5a7ec00a73","D06","KING","KING.AOS.groundwater.well.002","KING.W2.20180702.FIL","A00000009948","2018-07-02T17:15Z","2018-07-02T17:15Z","EcoCore_CSU","HCO3",256.4200,"milligramsPerLiter",0.3,,0,"formatChange","GOOD"
"3eb359fc-d13c-4cfa-8364-fcc24637e87c","D06","KING","KING.AOS.groundwater.well.002","KING.W2.20180702.FIL","A00000009948","2018-07-02T17:15Z","2018-07-02T17:15Z","EcoCore_CSU","Si",8.8700,"milligramsPerLiter",0.3,,0,"formatChange","GOOD"
"b7276d50-b5cc-40c3-916a-6889fce95e4d","D06","KING","KING.AOS.groundwater.well.002","KING.W2.20180702.RAW","A00000009966","2018-07-02T17:15Z","2018-07-02T17:15Z","EcoCore_CSU","TSS",42.0000,"milligramsPerLiter",0.3,,0,"formatChange","GOOD"
"c4f6d9e4-334b-4118-b72f-c09e8a69dd9a","D06","KING","KING.AOS.groundwater.well.002","KING.W2.20180702.FIL","A00000009948","2018-07-02T17:15Z","2018-07-02T17:15Z","EcoCore_CSU","DIC",84.0700,"milligramsPerLiter",0.3,,0,"formatChange","GOOD"
"f9498869-9222-478e-aff7-206a3f548abe","D06","KING","KING.AOS.groundwater.well.002","KING.W2.20180702.FIL","A00000009948","2018-07-02T17:15Z","2018-07-02T17:15Z","EcoCore_CSU","Ortho - P",0.0250,"milligramsPerLiter",0.3,,0,"formatChange","GOOD"
"e6959b4d-1f8c-4468-8556-495582b3fb0c","D06","KING","KING.AOS.groundwater.well.002","KING.W2.20180702.FIL","A00000009948","2018-07-02T17:15Z","2018-07-02T17:15Z","EcoCore_CSU","Na",5.5100,"milligramsPerLiter",0.3,,0,"formatChange","GOOD"
"d238acf4-3694-4fe9-953b-eefa726d2443","D06","KING","KING.AOS.groundwater.well.002","KING.W2.20180702.FIL","A00000009948","2018-07-02T17:15Z","2018-07-02T17:15Z","EcoCore_CSU","K",0.9810,"milligramsPerLiter",0.3,,0,"formatChange","GOOD"
"07d44804-7f56-480a-8a27-d9e3edf4d67c","D06","KING","KING.AOS.groundwater.well.002","KING.W2.20180702.FIL","A00000009948","2018-07-02T17:15Z","2018-07-02T17:15Z","EcoCore_CSU","DOC",0.6400,"milligramsPerLiter",0.3,,0,"formatChange","GOOD"
"088f2ae8-90e4-48c1-9ff8-5ba0d1af783f","D06","KING","KING.AOS.groundwater.well.002","KING.W2.20180702.FIL","A00000009948","2018-07-02T17:15Z","2018-07-02T17:15Z","EcoCore_CSU","TDS",466.4000,"milligramsPerLiter",0.3,,0,"formatChange","GOOD"
"61521557-cfa7-47a5-bb9e-69764fe2f948","D06","KING","KING.AOS.groundwater.well.002","KING.W2.20180702.FIL","A00000009948","2018-07-02T17:15Z","2018-07-02T17:15Z","EcoCore_CSU","NO2 - N",0.0129,"milligramsPerLiter",0.3,,0,"formatChange","GOOD"
"96595908-c7a3-4925-a54b-2deb39d71549","D06","KING","KING.AOS.groundwater.well.002","KING.W2.20180702.FIL","A00000009948","2018-07-02T17:15Z","2018-07-02T17:15Z","EcoCore_CSU","UV Absorbance (250 nm)",0.0233,,0.3,,0,"formatChange","GOOD"
"9737842e-6dbf-4c57-aad4-f37467829069","D06","KING","KING.AOS.groundwater.well.002","KING.W2.20180702.FIL","A00000009948","2018-07-02T17:15Z","2018-07-02T17:15Z","EcoCore_CSU","NH4 - N",0.0187,"milligramsPerLiter",0.3,,0,"formatChange","GOOD"
"590cede5-93df-4a75-b1dd-808a785369ca","D06","KING","KING.AOS.groundwater.well.002","KING.W2.20180702.PCN","A00000009984","2018-07-02T17:15Z","2018-07-02T17:15Z","EcoCore_CSU","TPN",0.0268,"milligram",0.3,,0,"formatChange","GOOD"
"e612c85d-ab62-4fe7-99d1-6cba8a40ea69","D06","KING","KING.AOS.groundwater.well.008","KING.W8.20180702.FIL","A00000010053","2018-07-02T19:15Z","2018-07-02T19:15Z","EcoCore_CSU","F",0.0050,"milligramsPerLiter",2.0,,0,"formatChange","GOOD"
"55b03345-c476-4d49-8f46-1869d30c7891","D06","KING","KING.AOS.groundwater.well.008","KING.W8.20180702.RAW","A00000010052","2018-07-02T19:15Z","2018-07-02T19:15Z","EcoCore_CSU","TSS",418.0000,"milligramsPerLiter",2.0,,0,"formatChange","GOOD"
"91f3b737-66d5-48bd-9258-d73f6d3081c6","D06","KING","KING.AOS.groundwater.well.008","KING.W8.20180702.FIL","A00000010053","2018-07-02T19:15Z","2018-07-02T19:15Z","EcoCore_CSU","NO3+NO2 - N",0.1042,"milligramsPerLiter",2.0,,0,"formatChange","GOOD"
"129f4a8c-efaf-43af-864f-bdf73ae54ea2","D06","KING","KING.AOS.groundwater.well.008","KING.W8.20180702.FIL","A00000010053","2018-07-02T19:15Z","2018-07-02T19:15Z","EcoCore_CSU","TDN",0.2779,"milligramsPerLiter",2.0,,0,"formatChange","GOOD"
"703058b6-2201-4591-8ad6-aa1c02449067","D06","KING","KING.AOS.groundwater.well.008","KING.W8.20180702.RAW","A00000010052","2018-07-02T19:15Z","2018-07-02T19:15Z","EcoCore_CSU","conductivity",382.2400,"microsiemensPerCentimeter",2.0,,0,"formatChange","GOOD"
"770bdc54-1dc6-4c5f-b4d8-0f1c7c15d410","D06","KING","KING.AOS.groundwater.well.008","KING.W8.20180702.FIL","A00000010053","2018-07-02T19:15Z","2018-07-02T19:15Z","EcoCore_CSU","DIC",78.0500,"milligramsPerLiter",2.0,,0,"formatChange","GOOD"
"a8cc554b-ec1c-400e-952a-ccf463bbabf4","D06","KING","KING.AOS.groundwater.well.008","KING.W8.20180702.FIL","A00000010053","2018-07-02T19:15Z","2018-07-02T19:15Z","EcoCore_CSU","TDP",0.0130,"milligramsPerLiter",2.0,,0,"formatChange","GOOD"
"60c6242d-1277-4673-b140-16ffbcaea4f8","D06","KING","KING.AOS.groundwater.well.008","KING.W8.20180702.RAW","A00000010052","2018-07-02T19:15Z","2018-07-02T19:15Z","EcoCore_CSU","TOC",0.5068,"milligramsPerLiter",2.0,,0,"formatChange","GOOD"
"bfe1d7fe-986d-4867-b837-457dd8275584","D06","KING","KING.AOS.groundwater.well.008","KING.W8.20180702.FIL","A00000010053","2018-07-02T19:15Z","2018-07-02T19:15Z","EcoCore_CSU","Br",0.0050,"milligramsPerLiter",2.0,,0,"formatChange","GOOD"
"cf55d4b9-f1b8-4eb5-aa6b-84dd54e9f693","D06","KING","KING.AOS.groundwater.well.008","KING.W8.20180702.FIL","A00000010053","2018-07-02T19:15Z","2018-07-02T19:15Z","EcoCore_CSU","UV Absorbance (250 nm)",0.0100,,2.0,,0,"formatChange","GOOD"
"d91a4b78-2c4e-4444-8493-8c6a1fd5a600","D06","KING","KING.AOS.groundwater.well.008","KING.W8.20180702.FIL","A00000010053","2018-07-02T19:15Z","2018-07-02T19:15Z","EcoCore_CSU","K",0.8120,"milligramsPerLiter",2.0,,0,"formatChange","GOOD"
"666b629d-1e81-4e38-b302-da2ab922e8c8","D06","KING","KING.AOS.groundwater.well.008","KING.W8.20180702.FIL","A00000010053","2018-07-02T19:15Z","2018-07-02T19:15Z","EcoCore_CSU","Mg",27.2200,"milligramsPerLiter",2.0,,0,"formatChange","GOOD"
"f92f304d-a78d-4e2a-a8da-ab8a124ea659","D06","KING","KING.AOS.groundwater.well.008","KING.W8.20180702.FIL","A00000010053","2018-07-02T19:15Z","2018-07-02T19:15Z","EcoCore_CSU","Mn",0.0005,"milligramsPerLiter",2.0,,0,"formatChange","GOOD"
"d84b6528-dc29-45b1-8c65-22b37bb42e5a","D06","KING","KING.AOS.groundwater.well.008","KING.W8.20180702.RAW","A00000010052","2018-07-02T19:15Z","2018-07-02T19:15Z","EcoCore_CSU","pH",7.3400,"pH",2.0,,0,"formatChange","GOOD"
"30c67f36-f979-4c6c-8e03-2c7f919b0f7d","D06","KING","KING.AOS.groundwater.well.008","KING.W8.20180702.FIL","A00000010053","2018-07-02T19:15Z","2018-07-02T19:15Z","EcoCore_CSU","NO2 - N",0.0179,"milligramsPerLiter",2.0,,0,"formatChange","GOOD"
"3618a9c4-7d29-4aa1-add5-d2856bbd19a0","D06","KING","KING.AOS.groundwater.well.008","KING.W8.20180702.PCN","A00000010051","2018-07-02T19:15Z","2018-07-02T19:15Z","EcoCore_CSU","TPN",0.0606,"milligram",2.0,,0,"formatChange","GOOD"
"2219e637-91ee-487a-abd9-53307dcd17fd","D06","KING","KING.AOS.groundwater.well.008","KING.W8.20180702.FIL","A00000010053","2018-07-02T19:15Z","2018-07-02T19:15Z","EcoCore_CSU","Si",9.0500,"milligramsPerLiter",2.0,,0,"formatChange","GOOD"
"7a8fffb1-9d27-4927-9800-19bd36035104","D06","KING","KING.AOS.groundwater.well.008","KING.W8.20180702.FIL","A00000010053","2018-07-02T19:15Z","2018-07-02T19:15Z","EcoCore_CSU","Ca",22.5050,"milligramsPerLiter",2.0,,0,"formatChange","GOOD"
"03d81f69-55be-49ef-b1a3-9e3f80b58f17","D06","KING","KING.AOS.groundwater.well.008","KING.W8.20180702.FIL","A00000010053","2018-07-02T19:15Z","2018-07-02T19:15Z","EcoCore_CSU","HCO3",153.1400,"milligramsPerLiter",2.0,,0,"formatChange","GOOD"
"1caed9c4-b088-4f82-b761-18df564c3ae8","D06","KING","KING.AOS.groundwater.well.008","KING.W8.20180702.RAW","A00000010052","2018-07-02T19:15Z","2018-07-02T19:15Z","EcoCore_CSU","TSS - Dry Mass",20900.0000,"microgram",2.0,,0,"formatChange","GOOD"
"ac664d8c-3c66-46d1-898d-dccedde44865","D06","KING","KING.AOS.groundwater.well.008","KING.W8.20180702.FIL","A00000010053","2018-07-02T19:15Z","2018-07-02T19:15Z","EcoCore_CSU","Ortho - P",0.0110,"milligramsPerLiter",2.0,,0,"formatChange","GOOD"
"f30d0b13-551b-44b8-a439-74fab1baac61","D06","KING","KING.AOS.groundwater.well.008","KING.W8.20180702.FIL","A00000010053","2018-07-02T19:15Z","2018-07-02T19:15Z","EcoCore_CSU","Na",5.8310,"milligramsPerLiter",2.0,,0,"formatChange","GOOD"
"493227d4-e53c-4d54-854a-57f9a8fb1291","D06","KING","KING.AOS.groundwater.well.008","KING.W8.20180702.FIL","A00000010053","2018-07-02T19:15Z","2018-07-02T19:15Z","EcoCore_CSU","UV Absorbance (280 nm)",0.0044,,2.0,,0,"formatChange","GOOD"
"f2ad7b6f-f9ae-404e-9ff1-d05812476c94","D06","KING","KING.AOS.groundwater.well.008","KING.W8.20180702.FIL","A00000010053","2018-07-02T19:15Z","2018-07-02T19:15Z","EcoCore_CSU","CO3",0.0050,"milligramsPerLiter",2.0,,0,"formatChange","GOOD"
"bcf0af06-10e4-4282-8ab2-33d1c73bad0f","D06","KING","KING.AOS.groundwater.well.008","KING.W8.20180702.FIL","A00000010053","2018-07-02T19:15Z","2018-07-02T19:15Z","EcoCore_CSU","TDS",266.3000,"milligramsPerLiter",2.0,,0,"formatChange","GOOD"
"3430c1b0-5fb0-48ca-a0bf-1fee6bd6e76c","D06","KING","KING.AOS.groundwater.well.008","KING.W8.20180702.RAW","A00000010052","2018-07-02T19:15Z","2018-07-02T19:15Z","EcoCore_CSU","TN",0.2344,"milligramsPerLiter",2.0,,0,"formatChange","GOOD"
"e857fe25-1725-46d5-80e9-e42b9e44d5dc","D06","KING","KING.AOS.groundwater.well.008","KING.W8.20180702.PCN","A00000010051","2018-07-02T19:15Z","2018-07-02T19:15Z","EcoCore_CSU","TPC",0.3311,"milligram",2.0,,0,"formatChange","GOOD"
"c8d6a65c-e37a-4bb0-84a9-3531960f450c","D06","KING","KING.AOS.groundwater.well.008","KING.W8.20180702.RAW","A00000010052","2018-07-02T19:15Z","2018-07-02T19:15Z","EcoCore_CSU","TP",0.1140,"milligramsPerLiter",2.0,,0,"formatChange","GOOD"
"2b692b7d-8392-417b-99bf-fe24fe2b52b9","D06","KING","KING.AOS.groundwater.well.008","KING.W8.20180702.FIL","A00000010053","2018-07-02T19:15Z","2018-07-02T19:15Z","EcoCore_CSU","Cl",4.9538,"milligramsPerLiter",2.0,,0,"formatChange","GOOD"
"05f227c5-eb5f-4c7d-b1be-1101f9c35fd2","D06","KING","KING.AOS.groundwater.well.008","KING.W8.20180702.RAW","A00000010052","2018-07-02T19:15Z","2018-07-02T19:15Z","EcoCore_CSU","ANC",3.6200,"milliequivalentsPerLiter",2.0,,0,"formatChange","GOOD"
"efa4f1aa-034c-43d8-8215-6776fb7ff635","D06","KING","KING.AOS.groundwater.well.008","KING.W8.20180702.FIL","A00000010053","2018-07-02T19:15Z","2018-07-02T19:15Z","EcoCore_CSU","DOC",0.8865,"milligramsPerLiter",2.0,,0,"formatChange","GOOD"
"e0e5ce58-334c-4668-97c1-0a9765157530","D06","KING","KING.AOS.groundwater.well.008","KING.W8.20180702.FIL","A00000010053","2018-07-02T19:15Z","2018-07-02T19:15Z","EcoCore_CSU","SO4",49.4400,"milligramsPerLiter",2.0,,0,"formatChange","GOOD"
"536c57dc-8231-4d4a-b9e9-b0f4a4811b94","D06","KING","KING.AOS.groundwater.well.008","KING.W8.20180702.FIL","A00000010053","2018-07-02T19:15Z","2018-07-02T19:15Z","EcoCore_CSU","Fe",0.0005,"milligramsPerLiter",2.0,,0,"formatChange","GOOD"
"1c13c242-e974-42b1-84d8-4d4bb1611fb2","D06","KING","KING.AOS.groundwater.well.008","KING.W8.20180702.FIL","A00000010053","2018-07-02T19:15Z","2018-07-02T19:15Z","EcoCore_CSU","NH4 - N",0.1845,"milligramsPerLiter",2.0,,0,"formatChange","GOOD"
