uid,domainID,siteID,namedLocation,collectDate,parentSampleID,sampleCondition,sampleID,replicateNumber,gwwDICBubbleFree,gwwFiltSampleHeadspace,gwwAlkSampleHeadspace,gwwAlkSampleBubbleFree,processedDate,processedDateFilters,sampleVolumeFiltered,shipmentTimeRange
"aa0690a2-9c7c-4630-bbdb-6010a8e5149f","D06","KING","KING.AOS.groundwater.well.004","2018-07-02T14:03Z","KING.W4.20180702","Sample condition ok","KING.W4.20180702",1,,,,,"2018-07-02T15:15Z","2018-07-02T15:38Z",10.0,
"7db55a25-1d2a-465f-baa8-3f068f31a8d9","D06","KING","KING.AOS.groundwater.well.001","2018-07-02T15:11Z","KING.W1.20180702","Sample condition ok","KING.W1.20180702",1,,,,,"2018-07-02T16:10Z","2018-07-02T16:27Z",20.0,
"7e2b5c3b-5bf5-4061-857a-85950ed3f2f5","D06","KING","KING.AOS.groundwater.well.002","2018-07-02T17:15Z","KING.W2.20180702","Sample condition ok","KING.W2.20180702",1,,,,,"2018-07-02T18:07Z","2018-07-02T18:22Z",285.0,
"b3949a1d-4ee4-4f87-9daa-068a218614d4","D06","KING","KING.AOS.groundwater.well.008","2018-07-02T19:15Z","KING.W8.20180702","Sample condition ok","KING.W8.20180702",1,,,,,"2018-07-02T20:35Z","2018-07-02T20:30Z",25.0,
