uid,domainID,siteID,namedLocation,decimalLatitude,decimalLongitude,coordinateUncertainty,elevation,elevationUncertainty,geodeticDatum,collectDate,aquaticSiteType,samplingImpractical,waterChemSamplesCollected,adequateSampleVol,parentSampleID,eventID,swcSamplingProtocolVersion,sampleExtractionMethod,samplerType,totalWellDepth,wellWaterDepth,waterColumnHeight,sampleDepth,purgeAverageDischargeRate,purgeTime,gwWellStabilized,purgeDryDateTime,pumpPlacementDate,screenedIntervalDepth,maxAllowableDrawdown,actualDrawdown,MADExceeded,wellVolumePurged,probeIDUnavailable,dissolvedOxygen,dissolvedOxygenSaturation,specificConductance,waterTemp,pH,waterClarityDescrip,waterColorDescrip,aCollectedBy,bCollectedBy,remarks
"281db366-79c7-4dae-bbbe-9c732013657c","D03","SUGG","SUGG.AOS.groundwater.well.004",29.691331,-82.015778,0.1,34.5,0.1,"WGS84","2016-10-03T14:05Z","lake",,,,"SUGG.W4.20161003","SUGG.20161003","NEON.DOC.002905vC","low-flow",,,6.3,,7.0,,,,,,,,,,13.8,,8.40,96.40,35.90,22.20,,,,"ksandusky@neoninc.org","echartrand@neoninc.org","discharge time includes time it took to collect samples. bottom of well felt soft. may have had sediment at the bottom"
"7516c54c-8a0a-4c7c-abea-1176c9e5c6c2","D03","SUGG","SUGG.AOS.groundwater.well.001",29.693879,-82.018343,0.1,37.8,0.1,"WGS84","2016-10-03T16:08Z","lake",,,,"SUGG.W1.20161003","SUGG.20161003","NEON.DOC.002905vC","low-flow",,,10.6,,11.5,,,,,,,,,,7.3,,4.25,49.30,124.80,22.60,,,,"ksandusky@neoninc.org","echartrand@neoninc.org","discharge includes time to collect samples"
"046d1fd1-d2d9-41fa-8775-5a669d29d6f4","D03","SUGG","SUGG.AOS.groundwater.well.006",29.683664,-82.015261,0.1,37.4,0.1,"WGS84","2016-10-05T15:30Z","lake",,,,"SUGG.W6.20161005","SUGG.20161005","NEON.DOC.002905vC","low-flow",,,9.4,,10.5,,,,,,,,,,13.3,,7.39,87.00,287.20,23.40,,,,"ksandusky@neoninc.org","echartrand@neoninc.org","discharge includes time it took to collect samples"
"fdf97d91-40f4-4375-8315-813e1853634c","D03","SUGG","SUGG.AOS.groundwater.well.008",29.684442,-82.017677,0.1,32.1,0.1,"WGS84","2016-10-05T17:23Z","lake",,,,"SUGG.W8.20161005","SUGG.20161005","NEON.DOC.002905vC","low-flow",,,7.3,,8.5,,,,,,,,,,14.6,,0.82,9.50,96.70,22.50,,,,"ksandusky@neoninc.org","echartrand@neoninc.org","discharge includes the time it took to collect the samples"
