uid,domainID,siteID,namedLocation,collectDate,parentSampleID,sampleCondition,sampleID,replicateNumber,gwwDICBubbleFree,gwwFiltSampleHeadspace,gwwAlkSampleHeadspace,gwwAlkSampleBubbleFree,processedDate,processedDateFilters,sampleVolumeFiltered,shipmentTimeRange
"7c69dd5b-7386-4eb0-967e-d9a3cb79176d","D03","SUGG","SUGG.AOS.groundwater.well.004","2016-10-03T14:05Z","SUGG.W4.20161003",,"SUGG.W4.20161003",,,,,,"2016-10-03T14:30Z","2016-10-03T14:30Z",125.0,
"fda2ffd6-e4f2-45eb-ae89-873a7e6bc02a","D03","SUGG","SUGG.AOS.groundwater.well.001","2016-10-03T16:08Z","SUGG.W1.20161003",,"SUGG.W1.20161003",,,,,,"2016-10-03T16:20Z","2016-10-03T16:20Z",300.0,
"834de18b-0a13-4362-a69a-a34c2206f9d1","D03","SUGG","SUGG.AOS.groundwater.well.006","2016-10-05T15:30Z","SUGG.W6.20161005",,"SUGG.W6.20161005",,,,,,"2016-10-05T15:38Z","2016-10-05T15:38Z",265.0,
"c329d83b-2007-454f-830f-1a6fc761156e","D03","SUGG","SUGG.AOS.groundwater.well.008","2016-10-05T17:23Z","SUGG.W8.20161005",,"SUGG.W8.20161005",,,,,,"2016-10-05T17:40Z","2016-10-05T17:40Z",500.0,
