uid,domainID,siteID,namedLocation,collectDate,titrationDate,parentSampleID,domainSampleID,remarks,measuredBy,alkMeqPerL,alkMgPerL,ancMeqPerL,ancMgPerL
"1dd4177f-d22e-44a5-a365-fa3fad7b6649","D03","SUGG","SUGG.AOS.groundwater.well.004","2016-10-03T14:05Z","2016-10-04T13:50Z","SUGG.W4.20161003","SUGG.W4.20161003.ANC.2","replicate 2","echartrand@neoninc.org",,,0.130,6.350
"07c6882f-2bf7-47b3-995c-25978333aaae","D03","SUGG","SUGG.AOS.groundwater.well.004","2016-10-03T14:05Z","2016-10-04T13:25Z","SUGG.W4.20161003","SUGG.W4.20161003.ALK",,"echartrand@neoninc.org",0.140,6.970,,
"c766042d-6797-42f5-9ead-24297cfb32cd","D03","SUGG","SUGG.AOS.groundwater.well.004","2016-10-03T14:05Z","2016-10-04T13:38Z","SUGG.W4.20161003","SUGG.W4.20161003.ANC","replicate 1","echartrand@neoninc.org",,,0.130,6.530
"5f4c58bd-101e-4ae9-9a04-f76337f903c7","D03","SUGG","SUGG.AOS.groundwater.well.001","2016-10-03T16:08Z","2016-10-04T12:54Z","SUGG.W1.20161003","SUGG.W1.20161003.ALK","replicate 1","ksandusky@neoninc.org",0.830,41.800,,
"01724c3b-ac33-4516-b7ab-81323f52e169","D03","SUGG","SUGG.AOS.groundwater.well.001","2016-10-03T16:08Z","2016-10-04T14:04Z","SUGG.W1.20161003","SUGG.W1.20161003.ALK.2","replicate 2","echartrand@neoninc.org",0.830,41.800,,
"c4156336-8e26-4510-b6e1-674d1656c090","D03","SUGG","SUGG.AOS.groundwater.well.001","2016-10-03T16:08Z","2016-10-04T14:31Z","SUGG.W1.20161003","SUGG.W1.20161003.ANC",,"echartrand@neoninc.org",,,0.740,36.900
"57a0801a-031e-47d8-98ea-ce91010d91b3","D03","SUGG","SUGG.AOS.groundwater.well.006","2016-10-05T15:30Z","2016-10-06T14:37Z","SUGG.W6.20161005","SUGG.W6.20161005.ANC",,"echartrand@neoninc.org",,,2.870,144.000
"0c8a4488-f954-47be-8d4b-e4624412c4f5","D03","SUGG","SUGG.AOS.groundwater.well.006","2016-10-05T15:30Z","2016-10-06T13:58Z","SUGG.W6.20161005","SUGG.W6.20161005.ALK",,"echartrand@neoninc.org",3.100,155.000,,
"1158ea61-b50b-4089-8c3b-c8af3e65d513","D03","SUGG","SUGG.AOS.groundwater.well.008","2016-10-05T17:23Z","2016-10-06T15:09Z","SUGG.W8.20161005","SUGG.W8.20161005.ALK",,"echartrand@neoninc.org",0.140,7.030,,
"9ee2bdba-9345-4706-bd50-82b2827c0b4c","D03","SUGG","SUGG.AOS.groundwater.well.008","2016-10-05T17:23Z","2016-10-06T15:27Z","SUGG.W8.20161005","SUGG.W8.20161005.ANC",,"echartrand@neoninc.org",,,0.110,5.630
