uid,domainID,siteID,namedLocation,sampleID,sampleCode,startDate,collectDate,laboratoryName,analyte,analyteConcentration,analyteUnits,coolerTemp,remarks,shipmentWarmQF,externalLabDataQF,sampleCondition
"23f89ee2-a016-41e9-8c50-5ede804297f8","D03","SUGG","SUGG.AOS.groundwater.well.004","SUGG.W4.20161003.FIL",,"2016-10-03T14:05Z","2016-10-03T14:05Z","EcoCore_CSU","NO2 - N",0.0110,"milligramsPerLiter",8.8,,1,"formatChange|legacyData","GOOD"
"dc54f9c0-ace0-4ba6-b745-bcf7189d5d75","D03","SUGG","SUGG.AOS.groundwater.well.004","SUGG.W4.20161003.RAW",,"2016-10-03T14:05Z","2016-10-03T14:05Z","EcoCore_CSU","ANC",0.2700,"milliequivalentsPerLiter",8.8,,1,"formatChange|legacyData","GOOD"
"0595d98a-a614-4560-a536-95f619712ce2","D03","SUGG","SUGG.AOS.groundwater.well.004","SUGG.W4.20161003.FIL",,"2016-10-03T14:05Z","2016-10-03T14:05Z","EcoCore_CSU","Ca",2.8600,"milligramsPerLiter",8.8,,1,"formatChange|legacyData","GOOD"
"ea6e4bbd-7689-4e74-95d1-1f027c39bbbd","D03","SUGG","SUGG.AOS.groundwater.well.004","SUGG.W4.20161003.RAW",,"2016-10-03T14:05Z","2016-10-03T14:05Z","EcoCore_CSU","TSS",60.1000,"milligramsPerLiter",8.8,,1,"formatChange|legacyData","GOOD"
"822c9133-9c88-408c-af88-3cf6c2b9d22c","D03","SUGG","SUGG.AOS.groundwater.well.004","SUGG.W4.20161003.FIL",,"2016-10-03T14:05Z","2016-10-03T14:05Z","EcoCore_CSU","TDN",0.0460,"milligramsPerLiter",8.8,,1,"formatChange|legacyData","GOOD"
"02b5cb40-a720-4228-aec8-42eb7e91533f","D03","SUGG","SUGG.AOS.groundwater.well.004","SUGG.W4.20161003.FIL",,"2016-10-03T14:05Z","2016-10-03T14:05Z","EcoCore_CSU","DIC",4.1920,"milligramsPerLiter",8.8,,1,"formatChange|legacyData","GOOD"
"0f89bc5c-2645-492c-b398-36a4249d0915","D03","SUGG","SUGG.AOS.groundwater.well.004","SUGG.W4.20161003.FIL",,"2016-10-03T14:05Z","2016-10-03T14:05Z","EcoCore_CSU","UV Absorbance (280 nm)",0.0054,,8.8,,1,"formatChange|legacyData","GOOD"
"843acf9d-5bd6-4252-acaf-2cfff56abbbe","D03","SUGG","SUGG.AOS.groundwater.well.004","SUGG.W4.20161003.FIL",,"2016-10-03T14:05Z","2016-10-03T14:05Z","EcoCore_CSU","SO4",3.4500,"milligramsPerLiter",8.8,,1,"formatChange|legacyData","GOOD"
"001a6a97-b486-4214-81c5-843223c22ca7","D03","SUGG","SUGG.AOS.groundwater.well.004","SUGG.W4.20161003.FIL",,"2016-10-03T14:05Z","2016-10-03T14:05Z","EcoCore_CSU","Cl",4.8700,"milligramsPerLiter",8.8,,1,"formatChange|legacyData","GOOD"
"a3f7481e-0eb7-40e6-9cdc-fc0ede08e6fb","D03","SUGG","SUGG.AOS.groundwater.well.004","SUGG.W4.20161003.FIL",,"2016-10-03T14:05Z","2016-10-03T14:05Z","EcoCore_CSU","Mg",0.8470,"milligramsPerLiter",8.8,,1,"formatChange|legacyData","GOOD"
"cfbc297e-f1d9-47f4-a38a-c58dd12d8cf2","D03","SUGG","SUGG.AOS.groundwater.well.004","SUGG.W4.20161003.RAW",,"2016-10-03T14:05Z","2016-10-03T14:05Z","EcoCore_CSU","conductivity",33.0000,"microsiemensPerCentimeter",8.8,,1,"formatChange|legacyData","GOOD"
"1f617b4f-2254-44f9-ba25-4d7216187573","D03","SUGG","SUGG.AOS.groundwater.well.004","SUGG.W4.20161003.FIL",,"2016-10-03T14:05Z","2016-10-03T14:05Z","EcoCore_CSU","NH4 - N",0.0550,"milligramsPerLiter",8.8,,1,"formatChange|legacyData","GOOD"
"1b8da4eb-fea4-4ebf-a17f-9db9f4af48dc","D03","SUGG","SUGG.AOS.groundwater.well.004","SUGG.W4.20161003.FIL",,"2016-10-03T14:05Z","2016-10-03T14:05Z","EcoCore_CSU","F",0.3000,"milligramsPerLiter",8.8,,1,"formatChange|legacyData","GOOD"
"2bccbc67-6244-459e-a66c-8157c8dbd7cf","D03","SUGG","SUGG.AOS.groundwater.well.004","SUGG.W4.20161003.FIL",,"2016-10-03T14:05Z","2016-10-03T14:05Z","EcoCore_CSU","CO3",0.0000,"milligramsPerLiter",8.8,,1,"formatChange|legacyData","GOOD"
"ef6d6bae-2157-4579-86b1-6052071b6a2e","D03","SUGG","SUGG.AOS.groundwater.well.004","SUGG.W4.20161003.FIL",,"2016-10-03T14:05Z","2016-10-03T14:05Z","EcoCore_CSU","Ortho - P",1.0650,"milligramsPerLiter",8.8,,1,"formatChange|legacyData","GOOD"
"baab854f-033c-4c72-be38-20bff7cc959c","D03","SUGG","SUGG.AOS.groundwater.well.004","SUGG.W4.20161003.FIL",,"2016-10-03T14:05Z","2016-10-03T14:05Z","EcoCore_CSU","Br",0.0050,"milligramsPerLiter",8.8,,1,"formatChange|legacyData","GOOD"
"5be06c85-d963-4bd3-ad6a-84f213189297","D03","SUGG","SUGG.AOS.groundwater.well.004","SUGG.W4.20161003.RAW",,"2016-10-03T14:05Z","2016-10-03T14:05Z","EcoCore_CSU","TOC",0.3964,"milligramsPerLiter",8.8,,1,"formatChange|legacyData","GOOD"
"f4cba698-41f5-4dc3-870c-a7713e61ae51","D03","SUGG","SUGG.AOS.groundwater.well.004","SUGG.W4.20161003.RAW",,"2016-10-03T14:05Z","2016-10-03T14:05Z","EcoCore_CSU","TSS - Dry Mass",1500.0000,"microgram",8.8,,1,"formatChange|legacyData","GOOD"
"d470f9a1-4b3c-4eb3-94f2-cc1e54e5c90b","D03","SUGG","SUGG.AOS.groundwater.well.004","SUGG.W4.20161003.FIL",,"2016-10-03T14:05Z","2016-10-03T14:05Z","EcoCore_CSU","TDP",0.5420,"milligramsPerLiter",8.8,,1,"formatChange|legacyData","GOOD"
"47fc1c22-6696-4a5f-9b6f-00d912aa2aed","D03","SUGG","SUGG.AOS.groundwater.well.004","SUGG.W4.20161003.FIL",,"2016-10-03T14:05Z","2016-10-03T14:05Z","EcoCore_CSU","Na",1.8080,"milligramsPerLiter",8.8,,1,"formatChange|legacyData","GOOD"
"867eee06-e089-4ec4-a1aa-c49a1910d850","D03","SUGG","SUGG.AOS.groundwater.well.004","SUGG.W4.20161003.RAW",,"2016-10-03T14:05Z","2016-10-03T14:05Z","EcoCore_CSU","TP",0.5780,"milligramsPerLiter",8.8,,1,"formatChange|legacyData","GOOD"
"938bdace-db22-4beb-90fb-112fde47c834","D03","SUGG","SUGG.AOS.groundwater.well.004","SUGG.W4.20161003.PCN",,"2016-10-03T14:05Z","2016-10-03T14:05Z","EcoCore_CSU","TPN",0.1167,"milligram",8.8,,1,"formatChange|legacyData","GOOD"
"6565b6b7-be11-4481-9648-98394da7d11c","D03","SUGG","SUGG.AOS.groundwater.well.004","SUGG.W4.20161003.FIL",,"2016-10-03T14:05Z","2016-10-03T14:05Z","EcoCore_CSU","Mn",0.0300,"milligramsPerLiter",8.8,,1,"formatChange|legacyData","GOOD"
"7f11ac16-3b18-4aa1-9c2f-b6eb9d0c837f","D03","SUGG","SUGG.AOS.groundwater.well.004","SUGG.W4.20161003.RAW",,"2016-10-03T14:05Z","2016-10-03T14:05Z","EcoCore_CSU","pH",6.0900,"pH",8.8,,1,"formatChange|legacyData","GOOD"
"8dc2e645-a03d-4265-8426-dee7c690954a","D03","SUGG","SUGG.AOS.groundwater.well.004","SUGG.W4.20161003.FIL",,"2016-10-03T14:05Z","2016-10-03T14:05Z","EcoCore_CSU","NO3+NO2 - N",0.0430,"milligramsPerLiter",8.8,,1,"formatChange|legacyData","GOOD"
"7b47ea41-c5ad-45de-9c10-4f4588d45420","D03","SUGG","SUGG.AOS.groundwater.well.004","SUGG.W4.20161003.FIL",,"2016-10-03T14:05Z","2016-10-03T14:05Z","EcoCore_CSU","TDS",22.4000,"milligramsPerLiter",8.8,,1,"formatChange|legacyData","GOOD"
"a0ae2e31-6a10-49bb-b5e1-30d34adc7285","D03","SUGG","SUGG.AOS.groundwater.well.004","SUGG.W4.20161003.FIL",,"2016-10-03T14:05Z","2016-10-03T14:05Z","EcoCore_CSU","K",0.0850,"milligramsPerLiter",8.8,,1,"formatChange|legacyData","GOOD"
"3a68a8c3-6e5c-41d7-bf03-6dfe7687f334","D03","SUGG","SUGG.AOS.groundwater.well.004","SUGG.W4.20161003.FIL",,"2016-10-03T14:05Z","2016-10-03T14:05Z","EcoCore_CSU","Fe",0.0110,"milligramsPerLiter",8.8,,1,"formatChange|legacyData","GOOD"
"fea5e099-4437-4c02-9afc-86134358c7fa","D03","SUGG","SUGG.AOS.groundwater.well.004","SUGG.W4.20161003.FIL",,"2016-10-03T14:05Z","2016-10-03T14:05Z","EcoCore_CSU","DOC",0.2740,"milligramsPerLiter",8.8,,1,"formatChange|legacyData","GOOD"
"110644ba-577e-485c-9067-822ced320b5c","D03","SUGG","SUGG.AOS.groundwater.well.004","SUGG.W4.20161003.FIL",,"2016-10-03T14:05Z","2016-10-03T14:05Z","EcoCore_CSU","HCO3",4.5100,"milligramsPerLiter",8.8,,1,"formatChange|legacyData","GOOD"
"c9c636fe-c19d-48b9-90fa-978171a99fb8","D03","SUGG","SUGG.AOS.groundwater.well.004","SUGG.W4.20161003.FIL",,"2016-10-03T14:05Z","2016-10-03T14:05Z","EcoCore_CSU","UV Absorbance (250 nm)",0.0100,,8.8,,1,"formatChange|legacyData","GOOD"
"19b3f8fa-7f8a-4ee0-a218-32b09854f29e","D03","SUGG","SUGG.AOS.groundwater.well.004","SUGG.W4.20161003.PCN",,"2016-10-03T14:05Z","2016-10-03T14:05Z","EcoCore_CSU","TPC",0.2295,"milligram",8.8,,1,"formatChange|legacyData","GOOD"
"fe6bcfbb-493f-4079-bcc9-2ec69760dc85","D03","SUGG","SUGG.AOS.groundwater.well.004","SUGG.W4.20161003.FIL",,"2016-10-03T14:05Z","2016-10-03T14:05Z","EcoCore_CSU","Si",34.3200,"milligramsPerLiter",8.8,,1,"formatChange|legacyData","GOOD"
"0aa9e14f-11ad-4290-9fdc-077dbc7ffab1","D03","SUGG","SUGG.AOS.groundwater.well.004","SUGG.W4.20161003.RAW",,"2016-10-03T14:05Z","2016-10-03T14:05Z","EcoCore_CSU","TN",0.0691,"milligramsPerLiter",8.8,,1,"formatChange|legacyData","GOOD"
"b79e6df8-04c5-4bb2-a231-5ed7cebfe3fe","D03","SUGG","SUGG.AOS.groundwater.well.001","SUGG.W1.20161003.FIL",,"2016-10-03T16:08Z","2016-10-03T16:08Z","EcoCore_CSU","NO2 - N",0.0100,"milligramsPerLiter",8.8,,1,"formatChange|legacyData","GOOD"
"7ac72633-1a8b-47e4-9c95-23dbccce2131","D03","SUGG","SUGG.AOS.groundwater.well.001","SUGG.W1.20161003.RAW",,"2016-10-03T16:08Z","2016-10-03T16:08Z","EcoCore_CSU","conductivity",138.2000,"microsiemensPerCentimeter",8.8,,1,"formatChange|legacyData","GOOD"
"47d3c481-d4fb-4205-be28-2aea78338aa0","D03","SUGG","SUGG.AOS.groundwater.well.001","SUGG.W1.20161003.FIL",,"2016-10-03T16:08Z","2016-10-03T16:08Z","EcoCore_CSU","Ca",16.7540,"milligramsPerLiter",8.8,,1,"formatChange|legacyData","GOOD"
"de2557c0-6da0-4e64-8c09-b40317d17277","D03","SUGG","SUGG.AOS.groundwater.well.001","SUGG.W1.20161003.RAW",,"2016-10-03T16:08Z","2016-10-03T16:08Z","EcoCore_CSU","TP",0.5450,"milligramsPerLiter",8.8,,1,"formatChange|legacyData","GOOD"
"c5fec4d5-7d77-49a3-9d0b-89ab107886c2","D03","SUGG","SUGG.AOS.groundwater.well.001","SUGG.W1.20161003.FIL",,"2016-10-03T16:08Z","2016-10-03T16:08Z","EcoCore_CSU","Br",0.0050,"milligramsPerLiter",8.8,,1,"formatChange|legacyData","GOOD"
"2d120fbd-d3d8-4a6d-a54c-4e0428f2f1ef","D03","SUGG","SUGG.AOS.groundwater.well.001","SUGG.W1.20161003.FIL",,"2016-10-03T16:08Z","2016-10-03T16:08Z","EcoCore_CSU","SO4",0.5200,"milligramsPerLiter",8.8,,1,"formatChange|legacyData","GOOD"
"bcf573a4-e1ff-4c1b-a7d5-d749f85f2222","D03","SUGG","SUGG.AOS.groundwater.well.001","SUGG.W1.20161003.FIL",,"2016-10-03T16:08Z","2016-10-03T16:08Z","EcoCore_CSU","HCO3",78.0000,"milligramsPerLiter",8.8,,1,"formatChange|legacyData","GOOD"
"b7ec0fb1-da55-466d-8e3d-71c896759ddc","D03","SUGG","SUGG.AOS.groundwater.well.001","SUGG.W1.20161003.FIL",,"2016-10-03T16:08Z","2016-10-03T16:08Z","EcoCore_CSU","Ortho - P",0.8620,"milligramsPerLiter",8.8,,1,"formatChange|legacyData","GOOD"
"7c40252a-a3ac-43aa-aa38-0b643ee6dede","D03","SUGG","SUGG.AOS.groundwater.well.001","SUGG.W1.20161003.FIL",,"2016-10-03T16:08Z","2016-10-03T16:08Z","EcoCore_CSU","UV Absorbance (280 nm)",0.0010,,8.8,,1,"formatChange|legacyData","GOOD"
"7b26039d-68b3-4037-9d6f-a72d3e000e51","D03","SUGG","SUGG.AOS.groundwater.well.001","SUGG.W1.20161003.FIL",,"2016-10-03T16:08Z","2016-10-03T16:08Z","EcoCore_CSU","K",0.5520,"milligramsPerLiter",8.8,,1,"formatChange|legacyData","GOOD"
"fdd6f377-0b0b-45fb-b96c-d41336454ddb","D03","SUGG","SUGG.AOS.groundwater.well.001","SUGG.W1.20161003.PCN",,"2016-10-03T16:08Z","2016-10-03T16:08Z","EcoCore_CSU","TPN",0.0217,"milligram",8.8,,1,"formatChange|legacyData","GOOD"
"994939a9-03e5-4209-9b25-7f28457ccf1f","D03","SUGG","SUGG.AOS.groundwater.well.001","SUGG.W1.20161003.FIL",,"2016-10-03T16:08Z","2016-10-03T16:08Z","EcoCore_CSU","UV Absorbance (250 nm)",0.0063,,8.8,,1,"formatChange|legacyData","GOOD"
"0008c28e-1103-47db-854b-112a303c5764","D03","SUGG","SUGG.AOS.groundwater.well.001","SUGG.W1.20161003.FIL",,"2016-10-03T16:08Z","2016-10-03T16:08Z","EcoCore_CSU","DIC",16.5300,"milligramsPerLiter",8.8,,1,"formatChange|legacyData","GOOD"
"6697b83d-7e04-4e34-9353-7b469cef98ea","D03","SUGG","SUGG.AOS.groundwater.well.001","SUGG.W1.20161003.FIL",,"2016-10-03T16:08Z","2016-10-03T16:08Z","EcoCore_CSU","Mn",0.0005,"milligramsPerLiter",8.8,,1,"formatChange|legacyData","GOOD"
"ad3fbbc5-3c81-4934-8a40-f069f33ac9d2","D03","SUGG","SUGG.AOS.groundwater.well.001","SUGG.W1.20161003.RAW",,"2016-10-03T16:08Z","2016-10-03T16:08Z","EcoCore_CSU","pH",6.7100,"pH",8.8,,1,"formatChange|legacyData","GOOD"
"fee68f63-01d2-424e-9a69-ec0332fae0ff","D03","SUGG","SUGG.AOS.groundwater.well.001","SUGG.W1.20161003.FIL",,"2016-10-03T16:08Z","2016-10-03T16:08Z","EcoCore_CSU","CO3",0.0000,"milligramsPerLiter",8.8,,1,"formatChange|legacyData","GOOD"
"a1db90db-ad07-4f4c-92c7-1027cac2bae9","D03","SUGG","SUGG.AOS.groundwater.well.001","SUGG.W1.20161003.FIL",,"2016-10-03T16:08Z","2016-10-03T16:08Z","EcoCore_CSU","Fe",0.0005,"milligramsPerLiter",8.8,,1,"formatChange|legacyData","GOOD"
"1bd8d0c1-c154-43b2-81be-e056ebae1756","D03","SUGG","SUGG.AOS.groundwater.well.001","SUGG.W1.20161003.RAW",,"2016-10-03T16:08Z","2016-10-03T16:08Z","EcoCore_CSU","TSS",8.1000,"milligramsPerLiter",8.8,,1,"formatChange|legacyData","GOOD"
"e535726f-fb2f-444d-b900-cda02e89a10b","D03","SUGG","SUGG.AOS.groundwater.well.001","SUGG.W1.20161003.FIL",,"2016-10-03T16:08Z","2016-10-03T16:08Z","EcoCore_CSU","NH4 - N",0.0330,"milligramsPerLiter",8.8,,1,"formatChange|legacyData","GOOD"
"9881be60-5fa9-4f66-b77b-c9fd02186e82","D03","SUGG","SUGG.AOS.groundwater.well.001","SUGG.W1.20161003.FIL",,"2016-10-03T16:08Z","2016-10-03T16:08Z","EcoCore_CSU","Cl",1.5200,"milligramsPerLiter",8.8,,1,"formatChange|legacyData","GOOD"
"7d61b84e-eba9-400a-a170-c0e84f48e67d","D03","SUGG","SUGG.AOS.groundwater.well.001","SUGG.W1.20161003.FIL",,"2016-10-03T16:08Z","2016-10-03T16:08Z","EcoCore_CSU","Na",2.8020,"milligramsPerLiter",8.8,,1,"formatChange|legacyData","GOOD"
"32e7d4ea-d662-4705-b8d3-2c2d2d2800cf","D03","SUGG","SUGG.AOS.groundwater.well.001","SUGG.W1.20161003.RAW",,"2016-10-03T16:08Z","2016-10-03T16:08Z","EcoCore_CSU","TOC",0.4714,"milligramsPerLiter",8.8,,1,"formatChange|legacyData","GOOD"
"6e8145a8-6eb2-4bfc-8e85-812f43035958","D03","SUGG","SUGG.AOS.groundwater.well.001","SUGG.W1.20161003.FIL",,"2016-10-03T16:08Z","2016-10-03T16:08Z","EcoCore_CSU","Mg",4.6080,"milligramsPerLiter",8.8,,1,"formatChange|legacyData","GOOD"
"3e0b6dfb-172f-45f4-a2cb-4a8f248dca0f","D03","SUGG","SUGG.AOS.groundwater.well.001","SUGG.W1.20161003.RAW",,"2016-10-03T16:08Z","2016-10-03T16:08Z","EcoCore_CSU","ANC",1.3500,"milliequivalentsPerLiter",8.8,,1,"formatChange|legacyData","GOOD"
"30e482f5-a4cf-443d-b728-3236227f0d44","D03","SUGG","SUGG.AOS.groundwater.well.001","SUGG.W1.20161003.FIL",,"2016-10-03T16:08Z","2016-10-03T16:08Z","EcoCore_CSU","F",0.4800,"milligramsPerLiter",8.8,,1,"formatChange|legacyData","GOOD"
"d310672d-938c-4361-a0d4-f8e15f6bc907","D03","SUGG","SUGG.AOS.groundwater.well.001","SUGG.W1.20161003.PCN",,"2016-10-03T16:08Z","2016-10-03T16:08Z","EcoCore_CSU","TPC",0.2474,"milligram",8.8,,1,"formatChange|legacyData","GOOD"
"0a89d0b2-1568-4dcd-8f27-ac0d1d709ebd","D03","SUGG","SUGG.AOS.groundwater.well.001","SUGG.W1.20161003.FIL",,"2016-10-03T16:08Z","2016-10-03T16:08Z","EcoCore_CSU","Si",4.4400,"milligramsPerLiter",8.8,,1,"formatChange|legacyData","GOOD"
"c8b75c3d-2439-430f-902d-18ab5dbeb419","D03","SUGG","SUGG.AOS.groundwater.well.001","SUGG.W1.20161003.FIL",,"2016-10-03T16:08Z","2016-10-03T16:08Z","EcoCore_CSU","TDP",0.5230,"milligramsPerLiter",8.8,,1,"formatChange|legacyData","GOOD"
"62cf6ed8-05d1-4d82-85c9-6ab9cad7c361","D03","SUGG","SUGG.AOS.groundwater.well.001","SUGG.W1.20161003.FIL",,"2016-10-03T16:08Z","2016-10-03T16:08Z","EcoCore_CSU","NO3+NO2 - N",0.0230,"milligramsPerLiter",8.8,,1,"formatChange|legacyData","GOOD"
"04a81945-6553-4388-8e94-9d962b3f6f32","D03","SUGG","SUGG.AOS.groundwater.well.001","SUGG.W1.20161003.FIL",,"2016-10-03T16:08Z","2016-10-03T16:08Z","EcoCore_CSU","TDN",0.0315,"milligramsPerLiter",8.8,,1,"formatChange|legacyData","GOOD"
"16a3e178-9c96-4d06-b174-abfc506d6183","D03","SUGG","SUGG.AOS.groundwater.well.001","SUGG.W1.20161003.RAW",,"2016-10-03T16:08Z","2016-10-03T16:08Z","EcoCore_CSU","TN",0.0482,"milligramsPerLiter",8.8,,1,"formatChange|legacyData","GOOD"
"a7b832b3-e88a-424e-831d-734103e87a90","D03","SUGG","SUGG.AOS.groundwater.well.001","SUGG.W1.20161003.FIL",,"2016-10-03T16:08Z","2016-10-03T16:08Z","EcoCore_CSU","DOC",0.4216,"milligramsPerLiter",8.8,,1,"formatChange|legacyData","GOOD"
"6a11f273-2caa-4770-bb70-f3e2a3ad7dce","D03","SUGG","SUGG.AOS.groundwater.well.001","SUGG.W1.20161003.RAW",,"2016-10-03T16:08Z","2016-10-03T16:08Z","EcoCore_CSU","TSS - Dry Mass",200.0000,"microgram",8.8,,1,"formatChange|legacyData","GOOD"
"2b78cd20-ad9b-4606-8894-cce44eccce41","D03","SUGG","SUGG.AOS.groundwater.well.001","SUGG.W1.20161003.FIL",,"2016-10-03T16:08Z","2016-10-03T16:08Z","EcoCore_CSU","TDS",94.7000,"milligramsPerLiter",8.8,,1,"formatChange|legacyData","GOOD"
"792aed62-dea3-4f21-8633-263c307cf9f3","D03","SUGG","SUGG.AOS.groundwater.well.006","SUGG.W6.20161005.FIL",,"2016-10-05T15:30Z","2016-10-05T15:30Z","EcoCore_CSU","UV Absorbance (280 nm)",-0.0063,,4.5,,0,"formatChange|legacyData","GOOD"
"ab7c93c1-6fb4-4904-9301-88c889d6e45c","D03","SUGG","SUGG.AOS.groundwater.well.006","SUGG.W6.20161005.RAW",,"2016-10-05T15:30Z","2016-10-05T15:30Z","EcoCore_CSU","TSS",36.5000,"milligramsPerLiter",4.5,,0,"formatChange|legacyData","GOOD"
"7e4e69eb-4311-4e7e-b9b7-e4da0768bfd6","D03","SUGG","SUGG.AOS.groundwater.well.006","SUGG.W6.20161005.FIL",,"2016-10-05T15:30Z","2016-10-05T15:30Z","EcoCore_CSU","F",0.2600,"milligramsPerLiter",4.5,,0,"formatChange|legacyData","GOOD"
"f2a0a5f8-5275-48de-a5d4-80f2de19e209","D03","SUGG","SUGG.AOS.groundwater.well.006","SUGG.W6.20161005.FIL",,"2016-10-05T15:30Z","2016-10-05T15:30Z","EcoCore_CSU","HCO3",154.7600,"milligramsPerLiter",4.5,,0,"formatChange|legacyData","GOOD"
"4b050e17-7b37-47b4-9b29-174216b45acf","D03","SUGG","SUGG.AOS.groundwater.well.006","SUGG.W6.20161005.FIL",,"2016-10-05T15:30Z","2016-10-05T15:30Z","EcoCore_CSU","K",0.0010,"milligramsPerLiter",4.5,,0,"formatChange|legacyData","GOOD"
"a3d71bd3-d64c-418f-892c-dba4815e67df","D03","SUGG","SUGG.AOS.groundwater.well.006","SUGG.W6.20161005.RAW",,"2016-10-05T15:30Z","2016-10-05T15:30Z","EcoCore_CSU","ANC",2.5600,"milliequivalentsPerLiter",4.5,,0,"formatChange|legacyData","GOOD"
"87043f1b-7228-4706-91e4-cf6663594b01","D03","SUGG","SUGG.AOS.groundwater.well.006","SUGG.W6.20161005.FIL",,"2016-10-05T15:30Z","2016-10-05T15:30Z","EcoCore_CSU","Mg",17.2490,"milligramsPerLiter",4.5,,0,"formatChange|legacyData","GOOD"
"bc37a8f9-731e-4fd0-8698-422156053348","D03","SUGG","SUGG.AOS.groundwater.well.006","SUGG.W6.20161005.FIL",,"2016-10-05T15:30Z","2016-10-05T15:30Z","EcoCore_CSU","DIC",37.1500,"milligramsPerLiter",4.5,,0,"formatChange|legacyData","GOOD"
"7dda3f15-002e-493b-85b2-8e38fe13b9b0","D03","SUGG","SUGG.AOS.groundwater.well.006","SUGG.W6.20161005.FIL",,"2016-10-05T15:30Z","2016-10-05T15:30Z","EcoCore_CSU","Br",0.0050,"milligramsPerLiter",4.5,,0,"formatChange|legacyData","GOOD"
"2d1ab1ab-1e62-43ed-8ae6-7f64ef9873c7","D03","SUGG","SUGG.AOS.groundwater.well.006","SUGG.W6.20161005.RAW",,"2016-10-05T15:30Z","2016-10-05T15:30Z","EcoCore_CSU","TSS - Dry Mass",900.0000,"microgram",4.5,,0,"formatChange|legacyData","GOOD"
"db019813-44ac-42fd-af7c-e6c876a63600","D03","SUGG","SUGG.AOS.groundwater.well.006","SUGG.W6.20161005.PCN",,"2016-10-05T15:30Z","2016-10-05T15:30Z","EcoCore_CSU","TPN",0.0117,"milligram",4.5,,0,"formatChange|legacyData","GOOD"
"f4abd7b5-e1cb-4f2d-8666-dd5fb40b108a","D03","SUGG","SUGG.AOS.groundwater.well.006","SUGG.W6.20161005.FIL",,"2016-10-05T15:30Z","2016-10-05T15:30Z","EcoCore_CSU","Na",3.7590,"milligramsPerLiter",4.5,,0,"formatChange|legacyData","GOOD"
"7fe197e7-7dca-4861-b7d3-305ef80d5963","D03","SUGG","SUGG.AOS.groundwater.well.006","SUGG.W6.20161005.RAW",,"2016-10-05T15:30Z","2016-10-05T15:30Z","EcoCore_CSU","conductivity",331.6000,"microsiemensPerCentimeter",4.5,,0,"formatChange|legacyData","GOOD"
"3d301e99-1fa8-4ed8-b71b-ffa13d86b1d5","D03","SUGG","SUGG.AOS.groundwater.well.006","SUGG.W6.20161005.FIL",,"2016-10-05T15:30Z","2016-10-05T15:30Z","EcoCore_CSU","NH4 - N",0.0250,"milligramsPerLiter",4.5,,0,"formatChange|legacyData","GOOD"
"1132f327-3eb6-4490-a58b-5e9788482163","D03","SUGG","SUGG.AOS.groundwater.well.006","SUGG.W6.20161005.FIL",,"2016-10-05T15:30Z","2016-10-05T15:30Z","EcoCore_CSU","Ortho - P",0.1830,"milligramsPerLiter",4.5,,0,"formatChange|legacyData","GOOD"
"7d4e925b-fb36-40a0-b069-8db67ea452a6","D03","SUGG","SUGG.AOS.groundwater.well.006","SUGG.W6.20161005.FIL",,"2016-10-05T15:30Z","2016-10-05T15:30Z","EcoCore_CSU","SO4",12.6500,"milligramsPerLiter",4.5,,0,"formatChange|legacyData","GOOD"
"0d5dd418-258c-4836-8e5b-cd270eb9a469","D03","SUGG","SUGG.AOS.groundwater.well.006","SUGG.W6.20161005.RAW",,"2016-10-05T15:30Z","2016-10-05T15:30Z","EcoCore_CSU","pH",7.5700,"pH",4.5,,0,"formatChange|legacyData","GOOD"
"53c9f5d7-461b-487e-969f-c83527bcacf5","D03","SUGG","SUGG.AOS.groundwater.well.006","SUGG.W6.20161005.FIL",,"2016-10-05T15:30Z","2016-10-05T15:30Z","EcoCore_CSU","CO3",0.0000,"milligramsPerLiter",4.5,,0,"formatChange|legacyData","GOOD"
"0869d1a5-7f7b-4d03-b066-717838af3686","D03","SUGG","SUGG.AOS.groundwater.well.006","SUGG.W6.20161005.FIL",,"2016-10-05T15:30Z","2016-10-05T15:30Z","EcoCore_CSU","Ca",34.1150,"milligramsPerLiter",4.5,,0,"formatChange|legacyData","GOOD"
"efdceaea-7084-45bb-9d64-2c97288d96a8","D03","SUGG","SUGG.AOS.groundwater.well.006","SUGG.W6.20161005.FIL",,"2016-10-05T15:30Z","2016-10-05T15:30Z","EcoCore_CSU","NO2 - N",0.0110,"milligramsPerLiter",4.5,,0,"formatChange|legacyData","GOOD"
"ad5bd23e-b1a5-4930-aded-5b4f7341eefb","D03","SUGG","SUGG.AOS.groundwater.well.006","SUGG.W6.20161005.FIL",,"2016-10-05T15:30Z","2016-10-05T15:30Z","EcoCore_CSU","TDN",0.0351,"milligramsPerLiter",4.5,,0,"formatChange|legacyData","GOOD"
"3d36aaff-73b5-4d1d-a6be-e00c7f328b14","D03","SUGG","SUGG.AOS.groundwater.well.006","SUGG.W6.20161005.FIL",,"2016-10-05T15:30Z","2016-10-05T15:30Z","EcoCore_CSU","UV Absorbance (250 nm)",-0.0065,,4.5,,0,"formatChange|legacyData","GOOD"
"79026f13-5814-46b3-ad4e-6526d60fe563","D03","SUGG","SUGG.AOS.groundwater.well.006","SUGG.W6.20161005.FIL",,"2016-10-05T15:30Z","2016-10-05T15:30Z","EcoCore_CSU","DOC",0.4198,"milligramsPerLiter",4.5,,0,"formatChange|legacyData","GOOD"
"5f47a76d-dd57-4902-8bb0-9cf8de0b3a5c","D03","SUGG","SUGG.AOS.groundwater.well.006","SUGG.W6.20161005.FIL",,"2016-10-05T15:30Z","2016-10-05T15:30Z","EcoCore_CSU","Cl",15.3600,"milligramsPerLiter",4.5,,0,"formatChange|legacyData","GOOD"
"1af1c935-0cec-44d3-aad7-7b20a70485eb","D03","SUGG","SUGG.AOS.groundwater.well.006","SUGG.W6.20161005.RAW",,"2016-10-05T15:30Z","2016-10-05T15:30Z","EcoCore_CSU","TOC",0.4142,"milligramsPerLiter",4.5,,0,"formatChange|legacyData","GOOD"
"345a364f-a2f4-44df-ad2a-aca986f31d3c","D03","SUGG","SUGG.AOS.groundwater.well.006","SUGG.W6.20161005.FIL",,"2016-10-05T15:30Z","2016-10-05T15:30Z","EcoCore_CSU","Mn",0.0020,"milligramsPerLiter",4.5,,0,"formatChange|legacyData","GOOD"
"950a4df6-1d05-4bd1-bfe9-e21591e86e0f","D03","SUGG","SUGG.AOS.groundwater.well.006","SUGG.W6.20161005.FIL",,"2016-10-05T15:30Z","2016-10-05T15:30Z","EcoCore_CSU","NO3+NO2 - N",0.0330,"milligramsPerLiter",4.5,,0,"formatChange|legacyData","GOOD"
"217cb881-1ba5-4df0-93a2-7891bd07f05b","D03","SUGG","SUGG.AOS.groundwater.well.006","SUGG.W6.20161005.PCN",,"2016-10-05T15:30Z","2016-10-05T15:30Z","EcoCore_CSU","TPC",0.2486,"milligram",4.5,,0,"formatChange|legacyData","GOOD"
"d3667b57-9a27-44a1-bb4d-f98c53f23de2","D03","SUGG","SUGG.AOS.groundwater.well.006","SUGG.W6.20161005.FIL",,"2016-10-05T15:30Z","2016-10-05T15:30Z","EcoCore_CSU","Fe",0.0230,"milligramsPerLiter",4.5,,0,"formatChange|legacyData","GOOD"
"853c691f-df2a-4692-9d27-1ea1d1218c16","D03","SUGG","SUGG.AOS.groundwater.well.006","SUGG.W6.20161005.RAW",,"2016-10-05T15:30Z","2016-10-05T15:30Z","EcoCore_CSU","TN",0.0324,"milligramsPerLiter",4.5,,0,"formatChange|legacyData","GOOD"
"07692e08-2445-40d7-b972-fc7df910c86e","D03","SUGG","SUGG.AOS.groundwater.well.006","SUGG.W6.20161005.RAW",,"2016-10-05T15:30Z","2016-10-05T15:30Z","EcoCore_CSU","TP",0.0540,"milligramsPerLiter",4.5,,0,"formatChange|legacyData","GOOD"
"ee678c8b-1a79-4623-88ad-e8ae6e0f1f5b","D03","SUGG","SUGG.AOS.groundwater.well.006","SUGG.W6.20161005.FIL",,"2016-10-05T15:30Z","2016-10-05T15:30Z","EcoCore_CSU","TDS",233.1000,"milligramsPerLiter",4.5,,0,"formatChange|legacyData","GOOD"
"33329b2d-1e45-46ac-95f3-8083ac73f111","D03","SUGG","SUGG.AOS.groundwater.well.006","SUGG.W6.20161005.FIL",,"2016-10-05T15:30Z","2016-10-05T15:30Z","EcoCore_CSU","TDP",0.0120,"milligramsPerLiter",4.5,,0,"formatChange|legacyData","GOOD"
"45669f1c-72fa-43b0-a9f7-55328740077a","D03","SUGG","SUGG.AOS.groundwater.well.006","SUGG.W6.20161005.FIL",,"2016-10-05T15:30Z","2016-10-05T15:30Z","EcoCore_CSU","Si",3.4800,"milligramsPerLiter",4.5,,0,"formatChange|legacyData","GOOD"
"10afcc36-6484-41f7-978b-ce030bc6480b","D03","SUGG","SUGG.AOS.groundwater.well.008","SUGG.W8.20161005.FIL",,"2016-10-05T17:23Z","2016-10-05T17:23Z","EcoCore_CSU","TDN",0.1257,"milligramsPerLiter",4.5,,0,"formatChange|legacyData","GOOD"
"411efa9c-b4ae-4f3a-ac8d-6f39d6f9c116","D03","SUGG","SUGG.AOS.groundwater.well.008","SUGG.W8.20161005.FIL",,"2016-10-05T17:23Z","2016-10-05T17:23Z","EcoCore_CSU","Ortho - P",0.1060,"milligramsPerLiter",4.5,,0,"formatChange|legacyData","GOOD"
"b24edb8a-6cef-46a5-b11d-adba1b92ef60","D03","SUGG","SUGG.AOS.groundwater.well.008","SUGG.W8.20161005.RAW",,"2016-10-05T17:23Z","2016-10-05T17:23Z","EcoCore_CSU","conductivity",72.6000,"microsiemensPerCentimeter",4.5,,0,"formatChange|legacyData","GOOD"
"7d6bd7e4-8210-40f6-a12b-cc78f1c71556","D03","SUGG","SUGG.AOS.groundwater.well.008","SUGG.W8.20161005.FIL",,"2016-10-05T17:23Z","2016-10-05T17:23Z","EcoCore_CSU","SO4",5.2900,"milligramsPerLiter",4.5,,0,"formatChange|legacyData","GOOD"
"ec34a1fe-97e6-4cb5-956b-5505956c3017","D03","SUGG","SUGG.AOS.groundwater.well.008","SUGG.W8.20161005.FIL",,"2016-10-05T17:23Z","2016-10-05T17:23Z","EcoCore_CSU","Ca",2.3450,"milligramsPerLiter",4.5,,0,"formatChange|legacyData","GOOD"
"079aab27-55b9-4b31-9910-89f49d8d5723","D03","SUGG","SUGG.AOS.groundwater.well.008","SUGG.W8.20161005.FIL",,"2016-10-05T17:23Z","2016-10-05T17:23Z","EcoCore_CSU","UV Absorbance (250 nm)",0.0411,,4.5,,0,"formatChange|legacyData","GOOD"
"4f88592b-681b-47a4-9ab0-768e73fcab88","D03","SUGG","SUGG.AOS.groundwater.well.008","SUGG.W8.20161005.FIL",,"2016-10-05T17:23Z","2016-10-05T17:23Z","EcoCore_CSU","NO2 - N",0.0100,"milligramsPerLiter",4.5,,0,"formatChange|legacyData","GOOD"
"6e8e1e99-57ae-43b6-8e39-ca0f7a866882","D03","SUGG","SUGG.AOS.groundwater.well.008","SUGG.W8.20161005.FIL",,"2016-10-05T17:23Z","2016-10-05T17:23Z","EcoCore_CSU","Mn",0.0160,"milligramsPerLiter",4.5,,0,"formatChange|legacyData","GOOD"
"bf7ed9d5-b7f1-4536-9eb0-cb04fce4a71a","D03","SUGG","SUGG.AOS.groundwater.well.008","SUGG.W8.20161005.FIL",,"2016-10-05T17:23Z","2016-10-05T17:23Z","EcoCore_CSU","TDP",0.0005,"milligramsPerLiter",4.5,,0,"formatChange|legacyData","GOOD"
"94264c15-ff87-490c-b119-3e6b6a7d0bed","D03","SUGG","SUGG.AOS.groundwater.well.008","SUGG.W8.20161005.FIL",,"2016-10-05T17:23Z","2016-10-05T17:23Z","EcoCore_CSU","DOC",3.6030,"milligramsPerLiter",4.5,,0,"formatChange|legacyData","GOOD"
"63786380-445c-42a8-b895-ec0301ebf87c","D03","SUGG","SUGG.AOS.groundwater.well.008","SUGG.W8.20161005.FIL",,"2016-10-05T17:23Z","2016-10-05T17:23Z","EcoCore_CSU","Br",0.0100,"milligramsPerLiter",4.5,,0,"formatChange|legacyData","GOOD"
"85b1974a-aa75-445f-90ea-91e685da9708","D03","SUGG","SUGG.AOS.groundwater.well.008","SUGG.W8.20161005.RAW",,"2016-10-05T17:23Z","2016-10-05T17:23Z","EcoCore_CSU","TP",0.0100,"milligramsPerLiter",4.5,,0,"formatChange|legacyData","GOOD"
"c30c7a8d-c134-4edb-b6fd-417116257616","D03","SUGG","SUGG.AOS.groundwater.well.008","SUGG.W8.20161005.PCN",,"2016-10-05T17:23Z","2016-10-05T17:23Z","EcoCore_CSU","TPN",0.0839,"milligram",4.5,,0,"formatChange|legacyData","GOOD"
"5801ee55-50de-4f24-8cc9-6b7856f55df8","D03","SUGG","SUGG.AOS.groundwater.well.008","SUGG.W8.20161005.RAW",,"2016-10-05T17:23Z","2016-10-05T17:23Z","EcoCore_CSU","ANC",0.6200,"milliequivalentsPerLiter",4.5,,0,"formatChange|legacyData","GOOD"
"5ca8566c-783d-446a-80de-7de42be0c9ba","D03","SUGG","SUGG.AOS.groundwater.well.008","SUGG.W8.20161005.FIL",,"2016-10-05T17:23Z","2016-10-05T17:23Z","EcoCore_CSU","Cl",0.3400,"milligramsPerLiter",4.5,,0,"formatChange|legacyData","GOOD"
"60d673bb-bb08-4519-a647-74e94615bc2e","D03","SUGG","SUGG.AOS.groundwater.well.008","SUGG.W8.20161005.RAW",,"2016-10-05T17:23Z","2016-10-05T17:23Z","EcoCore_CSU","TSS - Dry Mass",600.0000,"microgram",4.5,,0,"formatChange|legacyData","GOOD"
"1ab27ea9-78c4-40f6-9ee7-435ab415fb3d","D03","SUGG","SUGG.AOS.groundwater.well.008","SUGG.W8.20161005.FIL",,"2016-10-05T17:23Z","2016-10-05T17:23Z","EcoCore_CSU","Na",10.3350,"milligramsPerLiter",4.5,,0,"formatChange|legacyData","GOOD"
"4fffc6d7-ece1-49cd-bb74-37d41e565970","D03","SUGG","SUGG.AOS.groundwater.well.008","SUGG.W8.20161005.FIL",,"2016-10-05T17:23Z","2016-10-05T17:23Z","EcoCore_CSU","Si",3.5200,"milligramsPerLiter",4.5,,0,"formatChange|legacyData","GOOD"
"d109ed7a-f5f0-4e50-acaf-e9b3a41e4430","D03","SUGG","SUGG.AOS.groundwater.well.008","SUGG.W8.20161005.RAW",,"2016-10-05T17:23Z","2016-10-05T17:23Z","EcoCore_CSU","TOC",3.7980,"milligramsPerLiter",4.5,,0,"formatChange|legacyData","GOOD"
"be79b9c0-c7cc-48ab-a554-c8a87115fa6a","D03","SUGG","SUGG.AOS.groundwater.well.008","SUGG.W8.20161005.FIL",,"2016-10-05T17:23Z","2016-10-05T17:23Z","EcoCore_CSU","CO3",0.0000,"milligramsPerLiter",4.5,,0,"formatChange|legacyData","GOOD"
"c5316a07-892a-417f-81f6-3982d9b06797","D03","SUGG","SUGG.AOS.groundwater.well.008","SUGG.W8.20161005.RAW",,"2016-10-05T17:23Z","2016-10-05T17:23Z","EcoCore_CSU","TN",0.2075,"milligramsPerLiter",4.5,,0,"formatChange|legacyData","GOOD"
"fe0590a4-7cc1-4d09-a41d-44e384015ee2","D03","SUGG","SUGG.AOS.groundwater.well.008","SUGG.W8.20161005.FIL",,"2016-10-05T17:23Z","2016-10-05T17:23Z","EcoCore_CSU","HCO3",35.0800,"milligramsPerLiter",4.5,,0,"formatChange|legacyData","GOOD"
"d71b7010-2990-4a96-a3f8-a358abab5f0e","D03","SUGG","SUGG.AOS.groundwater.well.008","SUGG.W8.20161005.FIL",,"2016-10-05T17:23Z","2016-10-05T17:23Z","EcoCore_CSU","UV Absorbance (280 nm)",0.0158,,4.5,,0,"formatChange|legacyData","GOOD"
"4e7759fb-2e10-495b-b747-62e0ec4229b6","D03","SUGG","SUGG.AOS.groundwater.well.008","SUGG.W8.20161005.FIL",,"2016-10-05T17:23Z","2016-10-05T17:23Z","EcoCore_CSU","NH4 - N",0.0510,"milligramsPerLiter",4.5,,0,"formatChange|legacyData","GOOD"
"610506d0-f70a-4568-8074-49b9d544de07","D03","SUGG","SUGG.AOS.groundwater.well.008","SUGG.W8.20161005.RAW",,"2016-10-05T17:23Z","2016-10-05T17:23Z","EcoCore_CSU","TSS",24.1000,"milligramsPerLiter",4.5,,0,"formatChange|legacyData","GOOD"
"a35fda0d-de2b-4144-9fde-0a61fb0f1f7a","D03","SUGG","SUGG.AOS.groundwater.well.008","SUGG.W8.20161005.FIL",,"2016-10-05T17:23Z","2016-10-05T17:23Z","EcoCore_CSU","F",0.0005,"milligramsPerLiter",4.5,,0,"formatChange|legacyData","GOOD"
"1dc6df1c-9a98-42a4-827c-b9b9fbbdeeb4","D03","SUGG","SUGG.AOS.groundwater.well.008","SUGG.W8.20161005.PCN",,"2016-10-05T17:23Z","2016-10-05T17:23Z","EcoCore_CSU","TPC",0.2283,"milligram",4.5,,0,"formatChange|legacyData","GOOD"
"193ebcf6-d832-4e3f-8ccf-f5fc4cda3007","D03","SUGG","SUGG.AOS.groundwater.well.008","SUGG.W8.20161005.FIL",,"2016-10-05T17:23Z","2016-10-05T17:23Z","EcoCore_CSU","Mg",1.3230,"milligramsPerLiter",4.5,,0,"formatChange|legacyData","GOOD"
"3be34346-51b7-4cf3-91d0-8203fa623b40","D03","SUGG","SUGG.AOS.groundwater.well.008","SUGG.W8.20161005.FIL",,"2016-10-05T17:23Z","2016-10-05T17:23Z","EcoCore_CSU","K",0.0010,"milligramsPerLiter",4.5,,0,"formatChange|legacyData","GOOD"
"cbed4cb7-cd32-420a-b55d-15da602a46e8","D03","SUGG","SUGG.AOS.groundwater.well.008","SUGG.W8.20161005.FIL",,"2016-10-05T17:23Z","2016-10-05T17:23Z","EcoCore_CSU","DIC",10.7600,"milligramsPerLiter",4.5,,0,"formatChange|legacyData","GOOD"
"a570e806-8b24-4b52-a08b-467fc17e9a8c","D03","SUGG","SUGG.AOS.groundwater.well.008","SUGG.W8.20161005.FIL",,"2016-10-05T17:23Z","2016-10-05T17:23Z","EcoCore_CSU","NO3+NO2 - N",0.0020,"milligramsPerLiter",4.5,,0,"formatChange|legacyData","GOOD"
"8e819a5a-38d3-4c79-a145-16f8c95be694","D03","SUGG","SUGG.AOS.groundwater.well.008","SUGG.W8.20161005.FIL",,"2016-10-05T17:23Z","2016-10-05T17:23Z","EcoCore_CSU","Fe",24.1210,"milligramsPerLiter",4.5,,0,"formatChange|legacyData","GOOD"
"f763bf05-942b-4d93-b08e-c5201c2db1a7","D03","SUGG","SUGG.AOS.groundwater.well.008","SUGG.W8.20161005.FIL",,"2016-10-05T17:23Z","2016-10-05T17:23Z","EcoCore_CSU","TDS",51.5000,"milligramsPerLiter",4.5,,0,"formatChange|legacyData","GOOD"
"7ae5cc9c-6e8a-4d0b-9641-d70f07e8dfc4","D03","SUGG","SUGG.AOS.groundwater.well.008","SUGG.W8.20161005.RAW",,"2016-10-05T17:23Z","2016-10-05T17:23Z","EcoCore_CSU","pH",5.5800,"pH",4.5,,0,"formatChange|legacyData","GOOD"
