uid,domainID,siteID,namedLocation,decimalLatitude,decimalLongitude,coordinateUncertainty,elevation,elevationUncertainty,geodeticDatum,collectDate,aquaticSiteType,samplingImpractical,waterChemSamplesCollected,adequateSampleVol,parentSampleID,eventID,swcSamplingProtocolVersion,sampleExtractionMethod,samplerType,totalWellDepth,wellWaterDepth,waterColumnHeight,sampleDepth,purgeAverageDischargeRate,purgeTime,gwWellStabilized,purgeDryDateTime,pumpPlacementDate,screenedIntervalDepth,maxAllowableDrawdown,actualDrawdown,MADExceeded,wellVolumePurged,probeIDUnavailable,dissolvedOxygen,dissolvedOxygenSaturation,specificConductance,waterTemp,pH,waterClarityDescrip,waterColorDescrip,aCollectedBy,bCollectedBy,remarks
"4d53b664-e19b-4f98-8842-bfc518bdd067","D03","SUGG","SUGG.AOS.groundwater.well.006",29.683664,-82.015261,0.1,37.4,0.1,"WGS84","2017-10-02T14:34Z","lake",,,,"SUGG.W6.20171002","SUGG.20171002","NEON.DOC.002905vE","low-flow","Groundwater Pump",11.0,5.7,5.3,6.7,,,,,,,,,,1.8,,6.62,80.70,101.40,25.30,,"clear","colorless","jcampbell@field-ops.org","kludwig@field-ops.org",
"6e15ba8b-9863-4410-b259-60caf46a70f3","D03","SUGG","SUGG.AOS.groundwater.well.008",29.684442,-82.017677,0.1,32.1,0.1,"WGS84","2017-10-02T16:12Z","lake",,,,"SUGG.W8.20171002","SUGG.20171002","NEON.DOC.002905vE","low-flow","Groundwater Pump",13.0,3.2,9.8,4.2,,,,,,,,,,2.3,,3.66,43.90,96.10,24.30,,"clear","colorless","kludwig@field-ops.org","jcampbell@field-ops.org",
"29374521-8a1d-44d8-8c16-0ef2cb49701f","D03","SUGG","SUGG.AOS.groundwater.well.005",29.688883,-82.013542,0.1,38.7,0.1,"WGS84","2017-10-04T14:13Z","lake",,,,"SUGG.W5.20171004","SUGG.20171004","NEON.DOC.002905vE","low-flow","Groundwater Pump",14.9,7.8,7.0,8.8,,,,,,,,,,0.8,,3.59,42.80,120.80,24.20,,"clear","colorless","kludwig@field-ops.org","jcampbell@field-ops.org",
"fc3bff9e-138e-4b0e-b139-8c2e7bc048bb","D03","SUGG","SUGG.AOS.groundwater.well.004",29.691331,-82.015778,0.1,34.5,0.1,"WGS84","2017-10-04T15:55Z","lake",,,,"SUGG.W4.20171004","SUGG.20171004","NEON.DOC.002905vE","low-flow","Groundwater Pump",14.7,4.0,10.7,5.0,,,,,,,,,,1.8,,5.14,63.20,47.20,25.80,,"clear","colorless","jcampbell@field-ops.org","kludwig@field-ops.org",
