uid,domainID,siteID,namedLocation,collectDate,titrationDate,parentSampleID,domainSampleID,remarks,measuredBy,alkMeqPerL,alkMgPerL,ancMeqPerL,ancMgPerL
"060ed36d-fedd-4f34-a9df-06f1e236e758","D03","SUGG","SUGG.AOS.groundwater.well.006","2017-10-02T14:34Z","2017-10-02T20:24Z","SUGG.W6.20171002","SUGG.W6.20171002.ALK",,"kludwig@battelleecology.org",0.070,3.540,,
"006e54d2-c5e0-46ed-a272-7b35b73e0612","D03","SUGG","SUGG.AOS.groundwater.well.008","2017-10-02T16:12Z","2017-10-02T20:50Z","SUGG.W8.20171002","SUGG.W8.20171002.ALK",,"kludwig@battelleecology.org",0.060,2.860,,
"34df4601-2a85-40df-b88b-ebfd0ed4f187","D03","SUGG","SUGG.AOS.groundwater.well.005","2017-10-04T14:13Z","2017-10-04T20:15Z","SUGG.W5.20171004","SUGG.W5.20171004.ALK",,"kludwig@battelleecology.org",0.070,3.540,,
"b1cc95cd-c372-4a68-b807-2b58891dda72","D03","SUGG","SUGG.AOS.groundwater.well.004","2017-10-04T15:55Z","2017-10-04T20:42Z","SUGG.W4.20171004","SUGG.W4.20171004.ALK",,"kludwig@battelleecology.org",0.030,1.290,,
