uid,domainID,siteID,namedLocation,collectDate,parentSampleID,sampleCondition,sampleID,replicateNumber,gwwDICBubbleFree,gwwFiltSampleHeadspace,gwwAlkSampleHeadspace,gwwAlkSampleBubbleFree,processedDate,processedDateFilters,sampleVolumeFiltered,shipmentTimeRange
"44e95bed-bf39-4abc-be51-415f3ff16cc0","D03","SUGG","SUGG.AOS.groundwater.well.006","2017-10-02T14:34Z","SUGG.W6.20171002","Sample condition ok","SUGG.W6.20171002",1,,,,,"2017-10-02T14:34Z","2017-10-02T15:08Z",300.0,
"8b614ced-85b8-4b58-b0df-ba75d2d50972","D03","SUGG","SUGG.AOS.groundwater.well.008","2017-10-02T16:12Z","SUGG.W8.20171002","Sample condition ok","SUGG.W8.20171002",1,,,,,"2017-10-02T16:33Z","2017-10-02T16:50Z",500.0,
"524e26c6-d191-4e68-8003-9bde7b0697cf","D03","SUGG","SUGG.AOS.groundwater.well.005","2017-10-04T14:13Z","SUGG.W5.20171004","Sample condition ok","SUGG.W5.20171004",1,,,,,"2017-10-04T14:47Z","2017-10-04T14:54Z",150.0,
"5b868ddb-c007-417e-b6db-5721e9ebe7a2","D03","SUGG","SUGG.AOS.groundwater.well.004","2017-10-04T15:55Z","SUGG.W4.20171004","Sample condition ok","SUGG.W4.20171004",1,,,,,"2017-10-04T16:38Z","2017-10-04T16:38Z",250.0,
