uid,domainID,siteID,namedLocation,sampleID,sampleCode,startDate,collectDate,laboratoryName,analyte,analyteConcentration,analyteUnits,coolerTemp,remarks,shipmentWarmQF,externalLabDataQF,sampleCondition
"5adac935-7d2d-4403-bb96-23faafd38fc2","D03","SUGG","SUGG.AOS.groundwater.well.006","SUGG.W6.20171002.FIL",,"2017-10-02T14:34Z","2017-10-02T14:34Z","EcoCore_CSU","UV Absorbance (280 nm)",0.0175,,1.0,,0,"formatChange","GOOD"
"7aff9012-7a14-4523-b2f8-d9806ec105e3","D03","SUGG","SUGG.AOS.groundwater.well.006","SUGG.W6.20171002.FIL",,"2017-10-02T14:34Z","2017-10-02T14:34Z","EcoCore_CSU","TDN",-0.0451,"milligramsPerLiter",1.0,,0,"formatChange","GOOD"
"72492144-dcd8-48cf-99e0-83a5ea604f1c","D03","SUGG","SUGG.AOS.groundwater.well.006","SUGG.W6.20171002.FIL",,"2017-10-02T14:34Z","2017-10-02T14:34Z","EcoCore_CSU","TDP",0.2420,"milligramsPerLiter",1.0,,0,"formatChange","GOOD"
"1b0f2367-cc1f-4561-9e4c-757ae8d3417c","D03","SUGG","SUGG.AOS.groundwater.well.006","SUGG.W6.20171002.PCN",,"2017-10-02T14:34Z","2017-10-02T14:34Z","EcoCore_CSU","TPN",0.0600,"milligram",1.0,,0,"formatChange","GOOD"
"3f027c00-bcd1-4d7e-a8ba-ebd29f1edc69","D03","SUGG","SUGG.AOS.groundwater.well.006","SUGG.W6.20171002.FIL",,"2017-10-02T14:34Z","2017-10-02T14:34Z","EcoCore_CSU","Si",2.2800,"milligramsPerLiter",1.0,,0,"formatChange","GOOD"
"0f1a8921-4ca8-4ee9-b1aa-710980e068a2","D03","SUGG","SUGG.AOS.groundwater.well.006","SUGG.W6.20171002.RAW",,"2017-10-02T14:34Z","2017-10-02T14:34Z","EcoCore_CSU","pH",7.0300,"pH",1.0,,0,"formatChange","GOOD"
"b9895dea-4291-4198-a8da-d33c9303371c","D03","SUGG","SUGG.AOS.groundwater.well.006","SUGG.W6.20171002.FIL",,"2017-10-02T14:34Z","2017-10-02T14:34Z","EcoCore_CSU","SO4",8.0900,"milligramsPerLiter",1.0,,0,"formatChange","GOOD"
"43396b48-c634-4a60-8b36-466b9e7baf23","D03","SUGG","SUGG.AOS.groundwater.well.006","SUGG.W6.20171002.PCN",,"2017-10-02T14:34Z","2017-10-02T14:34Z","EcoCore_CSU","TPC",0.2694,"milligram",1.0,,0,"formatChange","GOOD"
"fb79a71c-c75d-4c72-a4b1-be016d597faf","D03","SUGG","SUGG.AOS.groundwater.well.006","SUGG.W6.20171002.RAW",,"2017-10-02T14:34Z","2017-10-02T14:34Z","EcoCore_CSU","TSS",0.0000,"milligramsPerLiter",1.0,,0,"formatChange","GOOD"
"2e5af002-38a8-4841-a0c9-b31c04756f58","D03","SUGG","SUGG.AOS.groundwater.well.006","SUGG.W6.20171002.FIL",,"2017-10-02T14:34Z","2017-10-02T14:34Z","EcoCore_CSU","Cl",2.6100,"milligramsPerLiter",1.0,,0,"formatChange","GOOD"
"e466a26b-a240-460a-b3c2-a8266043d916","D03","SUGG","SUGG.AOS.groundwater.well.006","SUGG.W6.20171002.FIL",,"2017-10-02T14:34Z","2017-10-02T14:34Z","EcoCore_CSU","Mg",4.3870,"milligramsPerLiter",1.0,,0,"formatChange","GOOD"
"6f6ef18f-3b6d-41ad-94bd-21bccdf7cbf3","D03","SUGG","SUGG.AOS.groundwater.well.006","SUGG.W6.20171002.FIL",,"2017-10-02T14:34Z","2017-10-02T14:34Z","EcoCore_CSU","Fe",0.0160,"milligramsPerLiter",1.0,,0,"formatChange","GOOD"
"5a497806-e869-4ccb-a4f2-47439b599624","D03","SUGG","SUGG.AOS.groundwater.well.006","SUGG.W6.20171002.FIL",,"2017-10-02T14:34Z","2017-10-02T14:34Z","EcoCore_CSU","NO2 - N",0.0116,"milligramsPerLiter",1.0,,0,"formatChange","GOOD"
"f3256fbe-d7ce-447e-851b-d0581828ae26","D03","SUGG","SUGG.AOS.groundwater.well.006","SUGG.W6.20171002.FIL",,"2017-10-02T14:34Z","2017-10-02T14:34Z","EcoCore_CSU","Mn",0.0050,"milligramsPerLiter",1.0,,0,"formatChange","GOOD"
"549605cd-effd-46a6-9326-c2d094f5f26c","D03","SUGG","SUGG.AOS.groundwater.well.006","SUGG.W6.20171002.FIL",,"2017-10-02T14:34Z","2017-10-02T14:34Z","EcoCore_CSU","Ca",11.2870,"milligramsPerLiter",1.0,,0,"formatChange","GOOD"
"af021a78-e5cc-4708-b2fc-24a40c0f17ff","D03","SUGG","SUGG.AOS.groundwater.well.006","SUGG.W6.20171002.FIL",,"2017-10-02T14:34Z","2017-10-02T14:34Z","EcoCore_CSU","UV Absorbance (250 nm)",0.0313,,1.0,,0,"formatChange","GOOD"
"f71ae3ab-f00b-49ba-bbe2-34e5728ee959","D03","SUGG","SUGG.AOS.groundwater.well.006","SUGG.W6.20171002.FIL",,"2017-10-02T14:34Z","2017-10-02T14:34Z","EcoCore_CSU","Na",2.6650,"milligramsPerLiter",1.0,,0,"formatChange","GOOD"
"95759663-86d1-44e6-bfdd-7b3f28d87e79","D03","SUGG","SUGG.AOS.groundwater.well.006","SUGG.W6.20171002.FIL",,"2017-10-02T14:34Z","2017-10-02T14:34Z","EcoCore_CSU","CO3",0.0050,"milligramsPerLiter",1.0,,0,"formatChange","GOOD"
"52813b03-3372-4733-a3da-bcf9784efd77","D03","SUGG","SUGG.AOS.groundwater.well.006","SUGG.W6.20171002.FIL",,"2017-10-02T14:34Z","2017-10-02T14:34Z","EcoCore_CSU","Br",0.0050,"milligramsPerLiter",1.0,,0,"formatChange","GOOD"
"fbe79d0a-540a-4aa6-b9a2-63dc6ac30642","D03","SUGG","SUGG.AOS.groundwater.well.006","SUGG.W6.20171002.RAW",,"2017-10-02T14:34Z","2017-10-02T14:34Z","EcoCore_CSU","ANC",0.8600,"milliequivalentsPerLiter",1.0,,0,"formatChange","GOOD"
"329d7dcd-eec1-42a7-a67d-48739f4d8ae3","D03","SUGG","SUGG.AOS.groundwater.well.006","SUGG.W6.20171002.FIL",,"2017-10-02T14:34Z","2017-10-02T14:34Z","EcoCore_CSU","DOC",0.8548,"milligramsPerLiter",1.0,,0,"formatChange","GOOD"
"77a68f94-3406-48e5-bbd7-8dba0ee07a10","D03","SUGG","SUGG.AOS.groundwater.well.006","SUGG.W6.20171002.FIL",,"2017-10-02T14:34Z","2017-10-02T14:34Z","EcoCore_CSU","NO3+NO2 - N",0.1060,"milligramsPerLiter",1.0,,0,"formatChange","GOOD"
"990da6c0-5261-45f7-bae2-a3c079ba6a33","D03","SUGG","SUGG.AOS.groundwater.well.006","SUGG.W6.20171002.FIL",,"2017-10-02T14:34Z","2017-10-02T14:34Z","EcoCore_CSU","HCO3",50.0100,"milligramsPerLiter",1.0,,0,"formatChange","GOOD"
"4b63c897-8e19-4cf6-8a6f-64de325c6747","D03","SUGG","SUGG.AOS.groundwater.well.006","SUGG.W6.20171002.FIL",,"2017-10-02T14:34Z","2017-10-02T14:34Z","EcoCore_CSU","TDS",76.2000,"milligramsPerLiter",1.0,,0,"formatChange","GOOD"
"6c8f6f98-6b69-41dc-af4f-25d4e0691fee","D03","SUGG","SUGG.AOS.groundwater.well.006","SUGG.W6.20171002.FIL",,"2017-10-02T14:34Z","2017-10-02T14:34Z","EcoCore_CSU","Ortho - P",1.1470,"milligramsPerLiter",1.0,,0,"formatChange","GOOD"
"76cf55ee-8fa7-47b6-a565-c2d5a4e6bfa7","D03","SUGG","SUGG.AOS.groundwater.well.006","SUGG.W6.20171002.FIL",,"2017-10-02T14:34Z","2017-10-02T14:34Z","EcoCore_CSU","DIC",10.1000,"milligramsPerLiter",1.0,,0,"formatChange","GOOD"
"50b7982d-c4d4-4181-81ed-8d3f6cb7b2ad","D03","SUGG","SUGG.AOS.groundwater.well.006","SUGG.W6.20171002.RAW",,"2017-10-02T14:34Z","2017-10-02T14:34Z","EcoCore_CSU","TP",1.1120,"milligramsPerLiter",1.0,,0,"formatChange","GOOD"
"efb7fba2-b796-41ea-adc0-9e5d8c48fcbe","D03","SUGG","SUGG.AOS.groundwater.well.006","SUGG.W6.20171002.RAW",,"2017-10-02T14:34Z","2017-10-02T14:34Z","EcoCore_CSU","TOC",0.6545,"milligramsPerLiter",1.0,,0,"formatChange","GOOD"
"eaeec5d8-a70b-470d-863f-3a7cfc82bb28","D03","SUGG","SUGG.AOS.groundwater.well.006","SUGG.W6.20171002.RAW",,"2017-10-02T14:34Z","2017-10-02T14:34Z","EcoCore_CSU","conductivity",108.5000,"microsiemensPerCentimeter",1.0,,0,"formatChange","GOOD"
"88b869e1-be04-45f3-835b-70aa4e882f6d","D03","SUGG","SUGG.AOS.groundwater.well.006","SUGG.W6.20171002.FIL",,"2017-10-02T14:34Z","2017-10-02T14:34Z","EcoCore_CSU","NH4 - N",0.0987,"milligramsPerLiter",1.0,,0,"formatChange","GOOD"
"36beea81-9523-4403-9644-6b4948edb4f1","D03","SUGG","SUGG.AOS.groundwater.well.006","SUGG.W6.20171002.RAW",,"2017-10-02T14:34Z","2017-10-02T14:34Z","EcoCore_CSU","TN",-0.1148,"milligramsPerLiter",1.0,,0,"formatChange","GOOD"
"d2083d9e-fcab-4b53-b567-d5e2ff9cc202","D03","SUGG","SUGG.AOS.groundwater.well.006","SUGG.W6.20171002.FIL",,"2017-10-02T14:34Z","2017-10-02T14:34Z","EcoCore_CSU","K",1.2770,"milligramsPerLiter",1.0,,0,"formatChange","GOOD"
"20037070-213b-4a59-bdc9-ec543102a8fd","D03","SUGG","SUGG.AOS.groundwater.well.006","SUGG.W6.20171002.RAW",,"2017-10-02T14:34Z","2017-10-02T14:34Z","EcoCore_CSU","TSS - Dry Mass",0.0000,"microgram",1.0,,0,"formatChange","GOOD"
"78a646b3-9e3a-4c8e-8d5b-f3e5d7438df7","D03","SUGG","SUGG.AOS.groundwater.well.006","SUGG.W6.20171002.FIL",,"2017-10-02T14:34Z","2017-10-02T14:34Z","EcoCore_CSU","F",0.2700,"milligramsPerLiter",1.0,,0,"formatChange","GOOD"
"d796ef5d-931d-453d-93f1-4269ff69392c","D03","SUGG","SUGG.AOS.groundwater.well.008","SUGG.W8.20171002.FIL",,"2017-10-02T16:12Z","2017-10-02T16:12Z","EcoCore_CSU","Fe",0.1090,"milligramsPerLiter",1.0,,0,"formatChange","GOOD"
"b99f14f8-0291-488c-a8a9-46ff914b563a","D03","SUGG","SUGG.AOS.groundwater.well.008","SUGG.W8.20171002.RAW",,"2017-10-02T16:12Z","2017-10-02T16:12Z","EcoCore_CSU","TOC",5.0010,"milligramsPerLiter",1.0,,0,"formatChange","GOOD"
"78845ee4-ec15-41cc-af33-4e34d9005adb","D03","SUGG","SUGG.AOS.groundwater.well.008","SUGG.W8.20171002.FIL",,"2017-10-02T16:12Z","2017-10-02T16:12Z","EcoCore_CSU","SO4",14.2800,"milligramsPerLiter",1.0,,0,"formatChange","GOOD"
"cdcf8997-e96b-42e6-96c9-915a754c37bf","D03","SUGG","SUGG.AOS.groundwater.well.008","SUGG.W8.20171002.RAW",,"2017-10-02T16:12Z","2017-10-02T16:12Z","EcoCore_CSU","TP",0.0270,"milligramsPerLiter",1.0,,0,"formatChange","GOOD"
"7b0eeeb6-bf09-4770-b60a-f61740e76091","D03","SUGG","SUGG.AOS.groundwater.well.008","SUGG.W8.20171002.FIL",,"2017-10-02T16:12Z","2017-10-02T16:12Z","EcoCore_CSU","TDS",46.2000,"milligramsPerLiter",1.0,,0,"formatChange","GOOD"
"66dd2626-ced9-418a-9a93-af6eccd4e8ba","D03","SUGG","SUGG.AOS.groundwater.well.008","SUGG.W8.20171002.FIL",,"2017-10-02T16:12Z","2017-10-02T16:12Z","EcoCore_CSU","Br",0.0050,"milligramsPerLiter",1.0,,0,"formatChange","GOOD"
"760ae850-8108-4bd2-bb1a-89a2e6ff5921","D03","SUGG","SUGG.AOS.groundwater.well.008","SUGG.W8.20171002.FIL",,"2017-10-02T16:12Z","2017-10-02T16:12Z","EcoCore_CSU","HCO3",4.3100,"milligramsPerLiter",1.0,,0,"formatChange","GOOD"
"0f04a225-0c9d-4c09-aea3-9db539664e34","D03","SUGG","SUGG.AOS.groundwater.well.008","SUGG.W8.20171002.FIL",,"2017-10-02T16:12Z","2017-10-02T16:12Z","EcoCore_CSU","Mn",0.0110,"milligramsPerLiter",1.0,,0,"formatChange","GOOD"
"e0b6c2f2-bc31-4ec4-8e4a-1f0f45936a34","D03","SUGG","SUGG.AOS.groundwater.well.008","SUGG.W8.20171002.RAW",,"2017-10-02T16:12Z","2017-10-02T16:12Z","EcoCore_CSU","ANC",0.0800,"milliequivalentsPerLiter",1.0,,0,"formatChange","GOOD"
"92448918-62b6-4abc-b1a3-92e3f5866ad4","D03","SUGG","SUGG.AOS.groundwater.well.008","SUGG.W8.20171002.FIL",,"2017-10-02T16:12Z","2017-10-02T16:12Z","EcoCore_CSU","Ca",3.2580,"milligramsPerLiter",1.0,,0,"formatChange","GOOD"
"59cb6bd4-8f19-426a-85d4-2f6de41cc873","D03","SUGG","SUGG.AOS.groundwater.well.008","SUGG.W8.20171002.PCN",,"2017-10-02T16:12Z","2017-10-02T16:12Z","EcoCore_CSU","TPN",0.0853,"milligram",1.0,,0,"formatChange","GOOD"
"118b2d6c-5b02-4bba-9c31-fd4ac082a358","D03","SUGG","SUGG.AOS.groundwater.well.008","SUGG.W8.20171002.FIL",,"2017-10-02T16:12Z","2017-10-02T16:12Z","EcoCore_CSU","UV Absorbance (280 nm)",0.0653,,1.0,,0,"formatChange","GOOD"
"a99d6e1e-3a55-42ad-a234-ed0fc2691899","D03","SUGG","SUGG.AOS.groundwater.well.008","SUGG.W8.20171002.FIL",,"2017-10-02T16:12Z","2017-10-02T16:12Z","EcoCore_CSU","UV Absorbance (250 nm)",0.1097,,1.0,,0,"formatChange","GOOD"
"7fb5b8aa-cbd0-4c03-b783-8bd329c53cf8","D03","SUGG","SUGG.AOS.groundwater.well.008","SUGG.W8.20171002.FIL",,"2017-10-02T16:12Z","2017-10-02T16:12Z","EcoCore_CSU","Cl",10.5300,"milligramsPerLiter",1.0,,0,"formatChange","GOOD"
"f6535be8-4b63-43cf-b8ac-e493f3226839","D03","SUGG","SUGG.AOS.groundwater.well.008","SUGG.W8.20171002.FIL",,"2017-10-02T16:12Z","2017-10-02T16:12Z","EcoCore_CSU","NO3+NO2 - N",0.0332,"milligramsPerLiter",1.0,,0,"formatChange","GOOD"
"5f9f8cc7-2b7f-40f8-a204-adc37f8e963c","D03","SUGG","SUGG.AOS.groundwater.well.008","SUGG.W8.20171002.RAW",,"2017-10-02T16:12Z","2017-10-02T16:12Z","EcoCore_CSU","pH",4.5500,"pH",1.0,,0,"formatChange","GOOD"
"d73b1790-cc95-40d1-a1c8-23d3549099d5","D03","SUGG","SUGG.AOS.groundwater.well.008","SUGG.W8.20171002.FIL",,"2017-10-02T16:12Z","2017-10-02T16:12Z","EcoCore_CSU","F",0.0050,"milligramsPerLiter",1.0,,0,"formatChange","GOOD"
"7d759fda-1ef3-49eb-b1ab-25fc7cbbe625","D03","SUGG","SUGG.AOS.groundwater.well.008","SUGG.W8.20171002.FIL",,"2017-10-02T16:12Z","2017-10-02T16:12Z","EcoCore_CSU","Si",1.9700,"milligramsPerLiter",1.0,,0,"formatChange","GOOD"
"3720f0d0-b98f-43e1-a64a-0475ebcbe6f5","D03","SUGG","SUGG.AOS.groundwater.well.008","SUGG.W8.20171002.FIL",,"2017-10-02T16:12Z","2017-10-02T16:12Z","EcoCore_CSU","TDP",0.0030,"milligramsPerLiter",1.0,,0,"formatChange","GOOD"
"e1dee5c4-398d-4a54-b14c-0e971d3b7a22","D03","SUGG","SUGG.AOS.groundwater.well.008","SUGG.W8.20171002.FIL",,"2017-10-02T16:12Z","2017-10-02T16:12Z","EcoCore_CSU","Na",6.7520,"milligramsPerLiter",1.0,,0,"formatChange","GOOD"
"5acfa4b1-1807-42ea-98cc-0652949444c8","D03","SUGG","SUGG.AOS.groundwater.well.008","SUGG.W8.20171002.FIL",,"2017-10-02T16:12Z","2017-10-02T16:12Z","EcoCore_CSU","NH4 - N",0.1209,"milligramsPerLiter",1.0,,0,"formatChange","GOOD"
"73e7a14c-efc7-4b00-a25a-7774976da8f3","D03","SUGG","SUGG.AOS.groundwater.well.008","SUGG.W8.20171002.RAW",,"2017-10-02T16:12Z","2017-10-02T16:12Z","EcoCore_CSU","TSS",0.0000,"milligramsPerLiter",1.0,,0,"formatChange","GOOD"
"dd26a933-1a91-4a11-9736-7acde0f6aabf","D03","SUGG","SUGG.AOS.groundwater.well.008","SUGG.W8.20171002.RAW",,"2017-10-02T16:12Z","2017-10-02T16:12Z","EcoCore_CSU","TN",0.0350,"milligramsPerLiter",1.0,,0,"formatChange","GOOD"
"f0f3b445-d798-4b5a-9674-c1b9579fecb6","D03","SUGG","SUGG.AOS.groundwater.well.008","SUGG.W8.20171002.FIL",,"2017-10-02T16:12Z","2017-10-02T16:12Z","EcoCore_CSU","NO2 - N",0.0107,"milligramsPerLiter",1.0,,0,"formatChange","GOOD"
"3e131205-5aeb-4590-9709-b44a843806db","D03","SUGG","SUGG.AOS.groundwater.well.008","SUGG.W8.20171002.FIL",,"2017-10-02T16:12Z","2017-10-02T16:12Z","EcoCore_CSU","CO3",0.0050,"milligramsPerLiter",1.0,,0,"formatChange","GOOD"
"b255228a-40ff-459a-a79e-06d02d8a5acf","D03","SUGG","SUGG.AOS.groundwater.well.008","SUGG.W8.20171002.RAW",,"2017-10-02T16:12Z","2017-10-02T16:12Z","EcoCore_CSU","TSS - Dry Mass",0.0000,"microgram",1.0,,0,"formatChange","GOOD"
"d3b063df-1d22-4de6-815a-257428395b0f","D03","SUGG","SUGG.AOS.groundwater.well.008","SUGG.W8.20171002.FIL",,"2017-10-02T16:12Z","2017-10-02T16:12Z","EcoCore_CSU","K",0.9850,"milligramsPerLiter",1.0,,0,"formatChange","GOOD"
"9dbbdef1-1ab3-4b8c-9a99-34ecd5e98951","D03","SUGG","SUGG.AOS.groundwater.well.008","SUGG.W8.20171002.FIL",,"2017-10-02T16:12Z","2017-10-02T16:12Z","EcoCore_CSU","Mg",2.2370,"milligramsPerLiter",1.0,,0,"formatChange","GOOD"
"345d62a5-fc7f-4d39-bd7e-736ab96e64d2","D03","SUGG","SUGG.AOS.groundwater.well.008","SUGG.W8.20171002.FIL",,"2017-10-02T16:12Z","2017-10-02T16:12Z","EcoCore_CSU","DOC",4.8000,"milligramsPerLiter",1.0,,0,"formatChange","GOOD"
"c50b3e86-4663-4772-afd1-7da6bfe292ff","D03","SUGG","SUGG.AOS.groundwater.well.008","SUGG.W8.20171002.FIL",,"2017-10-02T16:12Z","2017-10-02T16:12Z","EcoCore_CSU","DIC",2.4780,"milligramsPerLiter",1.0,,0,"formatChange","GOOD"
"1f3e1788-62ec-450f-bcd3-4ef519c24a37","D03","SUGG","SUGG.AOS.groundwater.well.008","SUGG.W8.20171002.FIL",,"2017-10-02T16:12Z","2017-10-02T16:12Z","EcoCore_CSU","TDN",0.0047,"milligramsPerLiter",1.0,,0,"formatChange","GOOD"
"9e9b421e-dc4e-4f5d-b105-60ff8f13f925","D03","SUGG","SUGG.AOS.groundwater.well.008","SUGG.W8.20171002.PCN",,"2017-10-02T16:12Z","2017-10-02T16:12Z","EcoCore_CSU","TPC",0.3237,"milligram",1.0,,0,"formatChange","GOOD"
"e9c7b4be-fe5d-47b6-b692-691e27bc12f3","D03","SUGG","SUGG.AOS.groundwater.well.008","SUGG.W8.20171002.FIL",,"2017-10-02T16:12Z","2017-10-02T16:12Z","EcoCore_CSU","Ortho - P",0.0160,"milligramsPerLiter",1.0,,0,"formatChange","GOOD"
"0cf7d52c-9e02-4fda-9fe3-2888470279ef","D03","SUGG","SUGG.AOS.groundwater.well.008","SUGG.W8.20171002.RAW",,"2017-10-02T16:12Z","2017-10-02T16:12Z","EcoCore_CSU","conductivity",67.4000,"microsiemensPerCentimeter",1.0,,0,"formatChange","GOOD"
"d21a829f-4284-43d9-a8a8-542c2f71115c","D03","SUGG","SUGG.AOS.groundwater.well.005","SUGG.W5.20171004.FIL",,"2017-10-04T14:13Z","2017-10-04T14:13Z","EcoCore_CSU","Mg",1.5210,"milligramsPerLiter",0.2,,0,"formatChange","GOOD"
"b5e2734c-8a80-4cd0-a4be-ffded7ea667a","D03","SUGG","SUGG.AOS.groundwater.well.005","SUGG.W5.20171004.FIL",,"2017-10-04T14:13Z","2017-10-04T14:13Z","EcoCore_CSU","F",0.2200,"milligramsPerLiter",0.2,,0,"formatChange","GOOD"
"110f5593-be05-4b74-8532-a0da6c714bad","D03","SUGG","SUGG.AOS.groundwater.well.005","SUGG.W5.20171004.FIL",,"2017-10-04T14:13Z","2017-10-04T14:13Z","EcoCore_CSU","NO3+NO2 - N",0.0471,"milligramsPerLiter",0.2,,0,"formatChange","GOOD"
"91f26fcb-3e52-43f6-af4d-c84fef93b7a5","D03","SUGG","SUGG.AOS.groundwater.well.005","SUGG.W5.20171004.FIL",,"2017-10-04T14:13Z","2017-10-04T14:13Z","EcoCore_CSU","TDS",81.2000,"milligramsPerLiter",0.2,,0,"formatChange","GOOD"
"cb7a14a4-795f-41d4-8873-b36486de4e3c","D03","SUGG","SUGG.AOS.groundwater.well.005","SUGG.W5.20171004.FIL",,"2017-10-04T14:13Z","2017-10-04T14:13Z","EcoCore_CSU","Mn",0.0700,"milligramsPerLiter",0.2,,0,"formatChange","GOOD"
"351a1259-44ae-43d4-ac1c-587b47683bd6","D03","SUGG","SUGG.AOS.groundwater.well.005","SUGG.W5.20171004.RAW",,"2017-10-04T14:13Z","2017-10-04T14:13Z","EcoCore_CSU","TN",0.1302,"milligramsPerLiter",0.2,,0,"formatChange","GOOD"
"2bb9f3f1-7f22-49bb-9d40-495dbfe61027","D03","SUGG","SUGG.AOS.groundwater.well.005","SUGG.W5.20171004.PCN",,"2017-10-04T14:13Z","2017-10-04T14:13Z","EcoCore_CSU","TPC",0.2809,"milligram",0.2,,0,"formatChange","GOOD"
"a4692017-a5be-4758-9cac-6fcd2ea2380e","D03","SUGG","SUGG.AOS.groundwater.well.005","SUGG.W5.20171004.FIL",,"2017-10-04T14:13Z","2017-10-04T14:13Z","EcoCore_CSU","K",0.4850,"milligramsPerLiter",0.2,,0,"formatChange","GOOD"
"cb26adc9-c463-4d8e-ae7b-70744dfea142","D03","SUGG","SUGG.AOS.groundwater.well.005","SUGG.W5.20171004.RAW",,"2017-10-04T14:13Z","2017-10-04T14:13Z","EcoCore_CSU","TSS - Dry Mass",100.0000,"microgram",0.2,,0,"formatChange","GOOD"
"9af7f50b-3f25-4c31-9b41-8c7dc68e81f0","D03","SUGG","SUGG.AOS.groundwater.well.005","SUGG.W5.20171004.FIL",,"2017-10-04T14:13Z","2017-10-04T14:13Z","EcoCore_CSU","UV Absorbance (280 nm)",0.0243,,0.2,,0,"formatChange","GOOD"
"dc6ff348-e265-4280-b422-a1a00a98e4ff","D03","SUGG","SUGG.AOS.groundwater.well.005","SUGG.W5.20171004.RAW",,"2017-10-04T14:13Z","2017-10-04T14:13Z","EcoCore_CSU","TOC",0.6860,"milligramsPerLiter",0.2,,0,"formatChange","GOOD"
"9520a019-1517-4ad1-83d8-6309c2d42b7e","D03","SUGG","SUGG.AOS.groundwater.well.005","SUGG.W5.20171004.FIL",,"2017-10-04T14:13Z","2017-10-04T14:13Z","EcoCore_CSU","DIC",8.7330,"milligramsPerLiter",0.2,,0,"formatChange","GOOD"
"8a7dea2a-28fb-4bcd-9620-1bd8817d2ebc","D03","SUGG","SUGG.AOS.groundwater.well.005","SUGG.W5.20171004.FIL",,"2017-10-04T14:13Z","2017-10-04T14:13Z","EcoCore_CSU","TDP",0.1680,"milligramsPerLiter",0.2,,0,"formatChange","GOOD"
"8e7810aa-e882-44e4-8187-414417c64046","D03","SUGG","SUGG.AOS.groundwater.well.005","SUGG.W5.20171004.FIL",,"2017-10-04T14:13Z","2017-10-04T14:13Z","EcoCore_CSU","TDN",0.1326,"milligramsPerLiter",0.2,,0,"formatChange","GOOD"
"9a716d3a-95af-49a3-b82d-cf383417d9b4","D03","SUGG","SUGG.AOS.groundwater.well.005","SUGG.W5.20171004.FIL",,"2017-10-04T14:13Z","2017-10-04T14:13Z","EcoCore_CSU","NO2 - N",0.0152,"milligramsPerLiter",0.2,,0,"formatChange","GOOD"
"400bb6d7-7665-4acd-b147-2d3b88d669a4","D03","SUGG","SUGG.AOS.groundwater.well.005","SUGG.W5.20171004.RAW",,"2017-10-04T14:13Z","2017-10-04T14:13Z","EcoCore_CSU","TSS",2.0000,"milligramsPerLiter",0.2,,0,"formatChange","GOOD"
"9c90f9e8-fd1a-423f-b2fc-844606ef818e","D03","SUGG","SUGG.AOS.groundwater.well.005","SUGG.W5.20171004.PCN",,"2017-10-04T14:13Z","2017-10-04T14:13Z","EcoCore_CSU","TPN",-0.0099,"milligram",0.2,,0,"formatChange","GOOD"
"a8c044ae-e9fc-45f2-a15d-806d40f12314","D03","SUGG","SUGG.AOS.groundwater.well.005","SUGG.W5.20171004.FIL",,"2017-10-04T14:13Z","2017-10-04T14:13Z","EcoCore_CSU","Cl",5.0200,"milligramsPerLiter",0.2,,0,"formatChange","GOOD"
"9253068d-e4b4-4fd7-92a9-b49be0304ccb","D03","SUGG","SUGG.AOS.groundwater.well.005","SUGG.W5.20171004.FIL",,"2017-10-04T14:13Z","2017-10-04T14:13Z","EcoCore_CSU","Fe",0.1200,"milligramsPerLiter",0.2,,0,"formatChange","GOOD"
"292dddd9-ae8e-4e47-983b-7d7dbc65151b","D03","SUGG","SUGG.AOS.groundwater.well.005","SUGG.W5.20171004.FIL",,"2017-10-04T14:13Z","2017-10-04T14:13Z","EcoCore_CSU","NH4 - N",0.1464,"milligramsPerLiter",0.2,,0,"formatChange","GOOD"
"71fa7505-e04a-4a08-8118-c147cd2530f8","D03","SUGG","SUGG.AOS.groundwater.well.005","SUGG.W5.20171004.RAW",,"2017-10-04T14:13Z","2017-10-04T14:13Z","EcoCore_CSU","TP",0.4490,"milligramsPerLiter",0.2,,0,"formatChange","GOOD"
"3f1131d8-680c-466d-b96a-89f1a19e338c","D03","SUGG","SUGG.AOS.groundwater.well.005","SUGG.W5.20171004.FIL",,"2017-10-04T14:13Z","2017-10-04T14:13Z","EcoCore_CSU","Ortho - P",0.2040,"milligramsPerLiter",0.2,,0,"formatChange","GOOD"
"96f305de-681a-4bf5-bd20-8debd57f19a5","D03","SUGG","SUGG.AOS.groundwater.well.005","SUGG.W5.20171004.FIL",,"2017-10-04T14:13Z","2017-10-04T14:13Z","EcoCore_CSU","HCO3",36.7100,"milligramsPerLiter",0.2,,0,"formatChange","GOOD"
"cb194c22-b195-4cfd-8548-a5833fbfdc01","D03","SUGG","SUGG.AOS.groundwater.well.005","SUGG.W5.20171004.FIL",,"2017-10-04T14:13Z","2017-10-04T14:13Z","EcoCore_CSU","CO3",0.0050,"milligramsPerLiter",0.2,,0,"formatChange","GOOD"
"c63c82fd-7195-49f4-a0a6-feab9fb5a464","D03","SUGG","SUGG.AOS.groundwater.well.005","SUGG.W5.20171004.FIL",,"2017-10-04T14:13Z","2017-10-04T14:13Z","EcoCore_CSU","Si",5.0100,"milligramsPerLiter",0.2,,0,"formatChange","GOOD"
"3266b216-2d7e-476c-bc95-28cb1a158823","D03","SUGG","SUGG.AOS.groundwater.well.005","SUGG.W5.20171004.RAW",,"2017-10-04T14:13Z","2017-10-04T14:13Z","EcoCore_CSU","pH",6.4900,"pH",0.2,,0,"formatChange","GOOD"
"43c3be11-7afd-4bff-b694-2d2f83675582","D03","SUGG","SUGG.AOS.groundwater.well.005","SUGG.W5.20171004.FIL",,"2017-10-04T14:13Z","2017-10-04T14:13Z","EcoCore_CSU","UV Absorbance (250 nm)",0.0321,,0.2,,0,"formatChange","GOOD"
"7abfbc07-3cec-44b8-9032-2da2627ca713","D03","SUGG","SUGG.AOS.groundwater.well.005","SUGG.W5.20171004.FIL",,"2017-10-04T14:13Z","2017-10-04T14:13Z","EcoCore_CSU","Br",0.0050,"milligramsPerLiter",0.2,,0,"formatChange","GOOD"
"69d48aea-0653-453b-8064-9d591dcff28b","D03","SUGG","SUGG.AOS.groundwater.well.005","SUGG.W5.20171004.FIL",,"2017-10-04T14:13Z","2017-10-04T14:13Z","EcoCore_CSU","Ca",11.3270,"milligramsPerLiter",0.2,,0,"formatChange","GOOD"
"2d616188-0889-4ef4-b5a6-e183b2564ee8","D03","SUGG","SUGG.AOS.groundwater.well.005","SUGG.W5.20171004.FIL",,"2017-10-04T14:13Z","2017-10-04T14:13Z","EcoCore_CSU","DOC",0.8622,"milligramsPerLiter",0.2,,0,"formatChange","GOOD"
"d3a351ce-aa35-49be-a120-625bb7ed6f61","D03","SUGG","SUGG.AOS.groundwater.well.005","SUGG.W5.20171004.RAW",,"2017-10-04T14:13Z","2017-10-04T14:13Z","EcoCore_CSU","conductivity",115.2000,"microsiemensPerCentimeter",0.2,,0,"formatChange","GOOD"
"3d6d4d5c-09f4-4a69-8cfd-360579485ff5","D03","SUGG","SUGG.AOS.groundwater.well.005","SUGG.W5.20171004.FIL",,"2017-10-04T14:13Z","2017-10-04T14:13Z","EcoCore_CSU","Na",10.1800,"milligramsPerLiter",0.2,,0,"formatChange","GOOD"
"bd305bc4-4614-4f91-821b-10bb94c94bf6","D03","SUGG","SUGG.AOS.groundwater.well.005","SUGG.W5.20171004.RAW",,"2017-10-04T14:13Z","2017-10-04T14:13Z","EcoCore_CSU","ANC",0.7100,"milliequivalentsPerLiter",0.2,,0,"formatChange","GOOD"
"421b4bb3-3cdd-4989-b6c5-c7ccfeae02e7","D03","SUGG","SUGG.AOS.groundwater.well.005","SUGG.W5.20171004.FIL",,"2017-10-04T14:13Z","2017-10-04T14:13Z","EcoCore_CSU","SO4",18.8400,"milligramsPerLiter",0.2,,0,"formatChange","GOOD"
"ecef7384-aa6a-4522-9189-0d19125e08cc","D03","SUGG","SUGG.AOS.groundwater.well.004","SUGG.W4.20171004.RAW",,"2017-10-04T15:55Z","2017-10-04T15:55Z","EcoCore_CSU","TSS",2.0000,"milligramsPerLiter",0.2,,0,"formatChange","GOOD"
"30ac4f80-52b2-491b-94b7-152e7d1f96b3","D03","SUGG","SUGG.AOS.groundwater.well.004","SUGG.W4.20171004.FIL",,"2017-10-04T15:55Z","2017-10-04T15:55Z","EcoCore_CSU","HCO3",2.6300,"milligramsPerLiter",0.2,,0,"formatChange","GOOD"
"70c87ee4-7a51-4a82-8459-341397d2dfa9","D03","SUGG","SUGG.AOS.groundwater.well.004","SUGG.W4.20171004.FIL",,"2017-10-04T15:55Z","2017-10-04T15:55Z","EcoCore_CSU","TDN",0.1271,"milligramsPerLiter",0.2,,0,"formatChange","GOOD"
"5057c046-b33c-4705-bd69-695f50ba51d2","D03","SUGG","SUGG.AOS.groundwater.well.004","SUGG.W4.20171004.FIL",,"2017-10-04T15:55Z","2017-10-04T15:55Z","EcoCore_CSU","DIC",4.5040,"milligramsPerLiter",0.2,,0,"formatChange","GOOD"
"45a35c1f-f041-4d3f-924e-3cf90beb4d4a","D03","SUGG","SUGG.AOS.groundwater.well.004","SUGG.W4.20171004.PCN",,"2017-10-04T15:55Z","2017-10-04T15:55Z","EcoCore_CSU","TPN",0.0369,"milligram",0.2,,0,"formatChange","GOOD"
"f07beb14-55b1-4687-8b70-93c808f7b040","D03","SUGG","SUGG.AOS.groundwater.well.004","SUGG.W4.20171004.RAW",,"2017-10-04T15:55Z","2017-10-04T15:55Z","EcoCore_CSU","TN",0.1098,"milligramsPerLiter",0.2,,0,"formatChange","GOOD"
"4efd5995-97ee-4f07-916e-a3bde3d12be0","D03","SUGG","SUGG.AOS.groundwater.well.004","SUGG.W4.20171004.FIL",,"2017-10-04T15:55Z","2017-10-04T15:55Z","EcoCore_CSU","Mg",0.4510,"milligramsPerLiter",0.2,,0,"formatChange","GOOD"
"b63b11a1-613e-4eca-835e-a14c64ee996e","D03","SUGG","SUGG.AOS.groundwater.well.004","SUGG.W4.20171004.RAW",,"2017-10-04T15:55Z","2017-10-04T15:55Z","EcoCore_CSU","pH",5.1600,"pH",0.2,,0,"formatChange","GOOD"
"17da7a5e-e213-4c61-ab64-a8b13318adeb","D03","SUGG","SUGG.AOS.groundwater.well.004","SUGG.W4.20171004.FIL",,"2017-10-04T15:55Z","2017-10-04T15:55Z","EcoCore_CSU","K",0.3030,"milligramsPerLiter",0.2,,0,"formatChange","GOOD"
"bc9c1464-2fc0-431e-9f7d-4cfb1561f66f","D03","SUGG","SUGG.AOS.groundwater.well.004","SUGG.W4.20171004.FIL",,"2017-10-04T15:55Z","2017-10-04T15:55Z","EcoCore_CSU","CO3",0.0050,"milligramsPerLiter",0.2,,0,"formatChange","GOOD"
"0bc6d36a-156d-466b-8380-ecb04d10e903","D03","SUGG","SUGG.AOS.groundwater.well.004","SUGG.W4.20171004.FIL",,"2017-10-04T15:55Z","2017-10-04T15:55Z","EcoCore_CSU","Mn",0.0130,"milligramsPerLiter",0.2,,0,"formatChange","GOOD"
"db20ad0e-a602-4062-97e6-900fc3db276d","D03","SUGG","SUGG.AOS.groundwater.well.004","SUGG.W4.20171004.PCN",,"2017-10-04T15:55Z","2017-10-04T15:55Z","EcoCore_CSU","TPC",0.3232,"milligram",0.2,,0,"formatChange","GOOD"
"51ee3c81-7b66-4e6d-a924-4257cd17cff8","D03","SUGG","SUGG.AOS.groundwater.well.004","SUGG.W4.20171004.RAW",,"2017-10-04T15:55Z","2017-10-04T15:55Z","EcoCore_CSU","TOC",1.0730,"milligramsPerLiter",0.2,,0,"formatChange","GOOD"
"d6a99a01-f7ec-4099-a215-65f41a42cb13","D03","SUGG","SUGG.AOS.groundwater.well.004","SUGG.W4.20171004.FIL",,"2017-10-04T15:55Z","2017-10-04T15:55Z","EcoCore_CSU","F",0.0050,"milligramsPerLiter",0.2,,0,"formatChange","GOOD"
"1f90e6fc-1bd9-44d4-bd9e-c51b8334ebed","D03","SUGG","SUGG.AOS.groundwater.well.004","SUGG.W4.20171004.RAW",,"2017-10-04T15:55Z","2017-10-04T15:55Z","EcoCore_CSU","TSS - Dry Mass",100.0000,"microgram",0.2,,0,"formatChange","GOOD"
"0db19705-f353-4e98-a9f5-af54c3e6448c","D03","SUGG","SUGG.AOS.groundwater.well.004","SUGG.W4.20171004.FIL",,"2017-10-04T15:55Z","2017-10-04T15:55Z","EcoCore_CSU","Ca",2.0110,"milligramsPerLiter",0.2,,0,"formatChange","GOOD"
"06634c55-1ba1-4517-ab01-ea990f2ef8f8","D03","SUGG","SUGG.AOS.groundwater.well.004","SUGG.W4.20171004.RAW",,"2017-10-04T15:55Z","2017-10-04T15:55Z","EcoCore_CSU","ANC",0.0600,"milliequivalentsPerLiter",0.2,,0,"formatChange","GOOD"
"1f042d32-0eae-46cf-9bac-fb9a1439ab06","D03","SUGG","SUGG.AOS.groundwater.well.004","SUGG.W4.20171004.RAW",,"2017-10-04T15:55Z","2017-10-04T15:55Z","EcoCore_CSU","conductivity",33.3000,"microsiemensPerCentimeter",0.2,,0,"formatChange","GOOD"
"bc9b589f-e42e-48a6-b6d9-adf186cbb71f","D03","SUGG","SUGG.AOS.groundwater.well.004","SUGG.W4.20171004.FIL",,"2017-10-04T15:55Z","2017-10-04T15:55Z","EcoCore_CSU","Na",4.0480,"milligramsPerLiter",0.2,,0,"formatChange","GOOD"
"1de04797-9c89-4aaf-b3a6-84551791c20c","D03","SUGG","SUGG.AOS.groundwater.well.004","SUGG.W4.20171004.FIL",,"2017-10-04T15:55Z","2017-10-04T15:55Z","EcoCore_CSU","UV Absorbance (280 nm)",0.0231,,0.2,,0,"formatChange","GOOD"
"ae5869bc-f0ab-4736-9ee9-76a2c8b1bbb0","D03","SUGG","SUGG.AOS.groundwater.well.004","SUGG.W4.20171004.FIL",,"2017-10-04T15:55Z","2017-10-04T15:55Z","EcoCore_CSU","Br",0.0050,"milligramsPerLiter",0.2,,0,"formatChange","GOOD"
"1b9deb46-936c-4748-b549-03296d186dfd","D03","SUGG","SUGG.AOS.groundwater.well.004","SUGG.W4.20171004.FIL",,"2017-10-04T15:55Z","2017-10-04T15:55Z","EcoCore_CSU","SO4",4.0900,"milligramsPerLiter",0.2,,0,"formatChange","GOOD"
"e82fe022-36ba-4eb6-903b-94bf5c7ae5ca","D03","SUGG","SUGG.AOS.groundwater.well.004","SUGG.W4.20171004.FIL",,"2017-10-04T15:55Z","2017-10-04T15:55Z","EcoCore_CSU","Ortho - P",0.1250,"milligramsPerLiter",0.2,,0,"formatChange","GOOD"
"4fa8b709-979d-4414-87a5-4c8d8efc6140","D03","SUGG","SUGG.AOS.groundwater.well.004","SUGG.W4.20171004.FIL",,"2017-10-04T15:55Z","2017-10-04T15:55Z","EcoCore_CSU","Si",3.0000,"milligramsPerLiter",0.2,,0,"formatChange","GOOD"
"3f9a320f-15ba-473f-96ca-25926ebb94d6","D03","SUGG","SUGG.AOS.groundwater.well.004","SUGG.W4.20171004.RAW",,"2017-10-04T15:55Z","2017-10-04T15:55Z","EcoCore_CSU","TP",0.2970,"milligramsPerLiter",0.2,,0,"formatChange","GOOD"
"cb2a225e-f813-45cf-82ef-3d8c98ea7700","D03","SUGG","SUGG.AOS.groundwater.well.004","SUGG.W4.20171004.FIL",,"2017-10-04T15:55Z","2017-10-04T15:55Z","EcoCore_CSU","NO3+NO2 - N",0.0322,"milligramsPerLiter",0.2,,0,"formatChange","GOOD"
"af2cd1da-202d-4196-8738-222ce9356ae0","D03","SUGG","SUGG.AOS.groundwater.well.004","SUGG.W4.20171004.FIL",,"2017-10-04T15:55Z","2017-10-04T15:55Z","EcoCore_CSU","NH4 - N",0.1084,"milligramsPerLiter",0.2,,0,"formatChange","GOOD"
"658bcbe2-e1c8-4b36-8516-63bc7318e4dd","D03","SUGG","SUGG.AOS.groundwater.well.004","SUGG.W4.20171004.FIL",,"2017-10-04T15:55Z","2017-10-04T15:55Z","EcoCore_CSU","Cl",6.7800,"milligramsPerLiter",0.2,,0,"formatChange","GOOD"
"6ce581f0-f2fb-485a-9906-9b2362d4462f","D03","SUGG","SUGG.AOS.groundwater.well.004","SUGG.W4.20171004.FIL",,"2017-10-04T15:55Z","2017-10-04T15:55Z","EcoCore_CSU","NO2 - N",0.0148,"milligramsPerLiter",0.2,,0,"formatChange","GOOD"
"102124b7-d842-41a5-92a4-ab32fadd834b","D03","SUGG","SUGG.AOS.groundwater.well.004","SUGG.W4.20171004.FIL",,"2017-10-04T15:55Z","2017-10-04T15:55Z","EcoCore_CSU","TDS",24.4000,"milligramsPerLiter",0.2,,0,"formatChange","GOOD"
"566d0728-819b-4323-b1b0-138d2b162450","D03","SUGG","SUGG.AOS.groundwater.well.004","SUGG.W4.20171004.FIL",,"2017-10-04T15:55Z","2017-10-04T15:55Z","EcoCore_CSU","Fe",0.0660,"milligramsPerLiter",0.2,,0,"formatChange","GOOD"
"e61b3a72-0d78-48be-9539-2bb10c4d65db","D03","SUGG","SUGG.AOS.groundwater.well.004","SUGG.W4.20171004.FIL",,"2017-10-04T15:55Z","2017-10-04T15:55Z","EcoCore_CSU","DOC",1.4650,"milligramsPerLiter",0.2,,0,"formatChange","GOOD"
"f3006e9c-bafe-4dfa-91a4-ce3bcf57f16c","D03","SUGG","SUGG.AOS.groundwater.well.004","SUGG.W4.20171004.FIL",,"2017-10-04T15:55Z","2017-10-04T15:55Z","EcoCore_CSU","UV Absorbance (250 nm)",0.0299,,0.2,,0,"formatChange","GOOD"
"cb78e23c-524d-4c3b-bf9b-2ca261500166","D03","SUGG","SUGG.AOS.groundwater.well.004","SUGG.W4.20171004.FIL",,"2017-10-04T15:55Z","2017-10-04T15:55Z","EcoCore_CSU","TDP",0.1150,"milligramsPerLiter",0.2,,0,"formatChange","GOOD"
