uid,domainID,siteID,namedLocation,collectDate,parentSampleID,sampleCondition,sampleID,replicateNumber,gwwDICBubbleFree,gwwFiltSampleHeadspace,gwwAlkSampleHeadspace,gwwAlkSampleBubbleFree,processedDate,processedDateFilters,sampleVolumeFiltered,shipmentTimeRange
"fd7b28fa-12a2-4285-b889-1a182e7c7858","D09","PRLA","PRLA.AOS.groundwater.well.001","2017-10-18T13:29Z","PRLA.W1.20171018","Sample condition ok","PRLA.W1.20171018",1,,,,,"2017-10-18T14:05Z","2017-10-18T15:25Z",40.0,
"db4eaf15-a6a3-446c-8c99-6da16c7ae5b0","D09","PRLA","PRLA.AOS.groundwater.well.003","2017-10-18T14:48Z","PRLA.W3.20171018","Sample condition ok","PRLA.W3.20171018",1,,,,,"2017-10-18T16:20Z","2017-10-18T17:40Z",500.0,
"1d3ebd5e-6489-4fc8-8779-012af3b37dba","D09","PRLA","PRLA.AOS.groundwater.well.007","2017-10-18T16:50Z","PRLA.W7.20171018","Sample condition ok","PRLA.W7.20171018",1,,,,,"2017-10-18T19:10Z","2017-10-18T19:30Z",200.0,
"1927d38c-e68c-4435-b5df-a7d1a9a725d5","D09","PRLA","PRLA.AOS.groundwater.well.008","2017-10-18T18:53Z","PRLA.W8.20171018","Sample condition ok","PRLA.W8.20171018",1,,,,,"2017-10-18T19:45Z","2017-10-18T20:00Z",500.0,
