uid,domainID,siteID,namedLocation,decimalLatitude,decimalLongitude,coordinateUncertainty,elevation,elevationUncertainty,geodeticDatum,collectDate,aquaticSiteType,samplingImpractical,waterChemSamplesCollected,adequateSampleVol,parentSampleID,eventID,swcSamplingProtocolVersion,sampleExtractionMethod,samplerType,totalWellDepth,wellWaterDepth,waterColumnHeight,sampleDepth,purgeAverageDischargeRate,purgeTime,gwWellStabilized,purgeDryDateTime,pumpPlacementDate,screenedIntervalDepth,maxAllowableDrawdown,actualDrawdown,MADExceeded,wellVolumePurged,probeIDUnavailable,dissolvedOxygen,dissolvedOxygenSaturation,specificConductance,waterTemp,pH,waterClarityDescrip,waterColorDescrip,aCollectedBy,bCollectedBy,remarks
"2022652e-b0ad-448c-aea6-5c6eb3964bea","D09","PRLA","PRLA.AOS.groundwater.well.001",47.162611,-99.118623,0.1,571.5,0.1,"WGS84","2017-10-18T13:29Z","lake",,,,"PRLA.W1.20171018","PRLA.20171018","NEON.DOC.002905vE","low-flow","Groundwater Pump",10.1,5.6,4.5,6.6,,,,,,,,,,5.2,,,24.80,3175.00,7.80,,"cloudy","brown","jeldridge@neoninc.org","rhowell@battelleecology.org","Water became less brown as sampling continued."
"38627b62-9392-4e3a-8f79-920965b359ff","D09","PRLA","PRLA.AOS.groundwater.well.003",47.161507,-99.118596,0.1,565.9,0.1,"WGS84","2017-10-18T14:48Z","lake",,,,"PRLA.W3.20171018","PRLA.20171018","NEON.DOC.002905vE","low-yield","Groundwater Pump",10.5,4.1,6.4,5.1,,,,,,,,,,0.8,,3.61,33.80,1259.00,9.50,,"clear","colorless","jeldridge@neoninc.org","rhowell@battelleecology.org","Well level 5.73 m at end of sampling. Collected sample in graduated cylinder and then transferred to sample bottle; did not collect RAW sample"
"bb801927-074b-47bd-bbf9-c2fb62c30c62","D09","PRLA","PRLA.AOS.groundwater.well.007",47.157918,-99.113917,0.1,568.8,0.1,"WGS84","2017-10-18T16:50Z","lake",,,,"PRLA.W7.20171018","PRLA.20171018","NEON.DOC.002905vE","low-yield","Groundwater Pump",15.8,4.6,11.3,5.6,,,,,,,,,,0.7,,3.80,36.50,5294.00,9.70,,"clear","colorless","jeldridge@neoninc.org","rhowell@battelleecology.org","Began pumping water in opposite direction for a few minutes; water depth after sampling was 6.97 m. Collected sample in graduated cylinder and then transferred to sample bottle."
"132a7467-0901-4667-b405-41be759bcffa","D09","PRLA","PRLA.AOS.groundwater.well.008",47.158432,-99.114811,0.1,566.6,0.1,"WGS84","2017-10-18T18:53Z","lake",,,,"PRLA.W8.20171018","PRLA.20171018","NEON.DOC.002905vE","low-flow","Groundwater Pump",7.6,3.9,3.8,4.9,,,,,,,,,,3.0,,1.36,13.10,1927.00,10.60,,"clear","colorless","jeldridge@neoninc.org","rhowell@battelleecology.org",
