uid,domainID,siteID,namedLocation,collectDate,titrationDate,parentSampleID,domainSampleID,remarks,measuredBy,alkMeqPerL,alkMgPerL,ancMeqPerL,ancMgPerL
"7d4556f5-dcfe-41bf-8efd-1c02987a662a","D09","PRLA","PRLA.AOS.groundwater.well.001","2017-10-18T13:29Z","2017-10-19T14:00Z","PRLA.W1.20171018","PRLA.W1.20171018.ALK",,"jeldridge@battelleecology.org",6.700,335.000,,
"5b935bfd-d617-4449-b6fd-77059027e50e","D09","PRLA","PRLA.AOS.groundwater.well.003","2017-10-18T14:48Z","2017-10-19T14:20Z","PRLA.W3.20171018","PRLA.W3.20171018.ALK",,"jeldridge@battelleecology.org",9.340,468.000,,
"97b3a802-aa46-4df6-96da-72bcb17d62d7","D09","PRLA","PRLA.AOS.groundwater.well.007","2017-10-18T16:50Z","2017-10-19T15:05Z","PRLA.W7.20171018","PRLA.W7.20171018.ALK",,"jeldridge@battelleecology.org",9.320,467.000,,
"14bb21a1-6aae-44b7-b1bd-e3a80eddc4a7","D09","PRLA","PRLA.AOS.groundwater.well.008","2017-10-18T18:53Z","2017-10-19T15:30Z","PRLA.W8.20171018","PRLA.W8.20171018.ALK",,"jeldridge@battelleecology.org",10.300,518.000,,
