uid,domainID,siteID,namedLocation,sampleID,sampleCode,startDate,collectDate,laboratoryName,analyte,analyteConcentration,analyteUnits,coolerTemp,remarks,shipmentWarmQF,externalLabDataQF,sampleCondition
"025d6125-a3e2-405c-a3ce-70dd5f2d1876","D09","PRLA","PRLA.AOS.groundwater.well.001","PRLA.W1.20171018.RAW",,"2017-10-18T13:29Z","2017-10-18T13:29Z","EcoCore_CSU","TN",0.6304,"milligramsPerLiter",3.0,,0,"formatChange","GOOD"
"6f6467e5-5527-4625-a4a0-2a13f8d27c5b","D09","PRLA","PRLA.AOS.groundwater.well.001","PRLA.W1.20171018.FIL",,"2017-10-18T13:29Z","2017-10-18T13:29Z","EcoCore_CSU","Ortho - P",0.0170,"milligramsPerLiter",3.0,,0,"formatChange","GOOD"
"0d04d64d-0faf-4afa-b484-f3b5f0dd1592","D09","PRLA","PRLA.AOS.groundwater.well.001","PRLA.W1.20171018.RAW",,"2017-10-18T13:29Z","2017-10-18T13:29Z","EcoCore_CSU","ANC",3.6900,"milliequivalentsPerLiter",3.0,,0,"formatChange","GOOD"
"3aebf951-52ef-459b-986b-2cf347ecb1ee","D09","PRLA","PRLA.AOS.groundwater.well.001","PRLA.W1.20171018.RAW",,"2017-10-18T13:29Z","2017-10-18T13:29Z","EcoCore_CSU","pH",7.2500,"pH",3.0,,0,"formatChange","GOOD"
"51867442-67a1-4c58-93dd-5d524992c22e","D09","PRLA","PRLA.AOS.groundwater.well.001","PRLA.W1.20171018.RAW",,"2017-10-18T13:29Z","2017-10-18T13:29Z","EcoCore_CSU","TSS",158.0000,"milligramsPerLiter",3.0,,0,"formatChange","GOOD"
"2b3fb058-1788-4609-b5b6-5fdd258a6840","D09","PRLA","PRLA.AOS.groundwater.well.001","PRLA.W1.20171018.FIL",,"2017-10-18T13:29Z","2017-10-18T13:29Z","EcoCore_CSU","NO2 - N",0.0164,"milligramsPerLiter",3.0,,0,"formatChange","GOOD"
"272e865d-06ea-422e-b3e7-8aabdfea1664","D09","PRLA","PRLA.AOS.groundwater.well.001","PRLA.W1.20171018.FIL",,"2017-10-18T13:29Z","2017-10-18T13:29Z","EcoCore_CSU","Br",0.0050,"milligramsPerLiter",3.0,,0,"formatChange","GOOD"
"b58a1367-424a-431a-87c3-28ee176cade3","D09","PRLA","PRLA.AOS.groundwater.well.001","PRLA.W1.20171018.FIL",,"2017-10-18T13:29Z","2017-10-18T13:29Z","EcoCore_CSU","F",0.0050,"milligramsPerLiter",3.0,,0,"formatChange","GOOD"
"1cafe8d6-091d-46dd-bb9f-2f6dfef44f40","D09","PRLA","PRLA.AOS.groundwater.well.001","PRLA.W1.20171018.FIL",,"2017-10-18T13:29Z","2017-10-18T13:29Z","EcoCore_CSU","DIC",88.1500,"milligramsPerLiter",3.0,,0,"formatChange","GOOD"
"2356cae4-a949-4c9b-9243-38f49d536a0f","D09","PRLA","PRLA.AOS.groundwater.well.001","PRLA.W1.20171018.FIL",,"2017-10-18T13:29Z","2017-10-18T13:29Z","EcoCore_CSU","Mn",0.0030,"milligramsPerLiter",3.0,,0,"formatChange","GOOD"
"9e0222b0-8fb9-4ca9-bcd9-069220c75564","D09","PRLA","PRLA.AOS.groundwater.well.001","PRLA.W1.20171018.FIL",,"2017-10-18T13:29Z","2017-10-18T13:29Z","EcoCore_CSU","Cl",38.1100,"milligramsPerLiter",3.0,,0,"formatChange","GOOD"
"93d67ad5-3a38-425b-9566-cb6f45f0a964","D09","PRLA","PRLA.AOS.groundwater.well.001","PRLA.W1.20171018.RAW",,"2017-10-18T13:29Z","2017-10-18T13:29Z","EcoCore_CSU","TP",0.0240,"milligramsPerLiter",3.0,,0,"formatChange","GOOD"
"ea343015-3ccd-4c59-b8c4-393f265b4b97","D09","PRLA","PRLA.AOS.groundwater.well.001","PRLA.W1.20171018.FIL",,"2017-10-18T13:29Z","2017-10-18T13:29Z","EcoCore_CSU","Fe",0.0120,"milligramsPerLiter",3.0,,0,"formatChange","GOOD"
"f268521e-84c6-4260-b446-cf977a912319","D09","PRLA","PRLA.AOS.groundwater.well.001","PRLA.W1.20171018.FIL",,"2017-10-18T13:29Z","2017-10-18T13:29Z","EcoCore_CSU","NH4 - N",0.1214,"milligramsPerLiter",3.0,,0,"formatChange","GOOD"
"0d0883dc-ba30-41a0-a973-a41067fb286c","D09","PRLA","PRLA.AOS.groundwater.well.001","PRLA.W1.20171018.FIL",,"2017-10-18T13:29Z","2017-10-18T13:29Z","EcoCore_CSU","UV Absorbance (280 nm)",0.0920,,3.0,,0,"formatChange","GOOD"
"eb9011ec-0806-42e1-bcdf-a4f38f5a8253","D09","PRLA","PRLA.AOS.groundwater.well.001","PRLA.W1.20171018.PCN",,"2017-10-18T13:29Z","2017-10-18T13:29Z","EcoCore_CSU","TPN",0.1074,"milligram",3.0,,0,"formatChange","GOOD"
"848515b7-07a9-4141-a16b-9c6cc88f30b3","D09","PRLA","PRLA.AOS.groundwater.well.001","PRLA.W1.20171018.PCN",,"2017-10-18T13:29Z","2017-10-18T13:29Z","EcoCore_CSU","TPC",0.3766,"milligram",3.0,,0,"formatChange","GOOD"
"ff17f2f7-f607-4bc1-bf3b-8cb49c27baae","D09","PRLA","PRLA.AOS.groundwater.well.001","PRLA.W1.20171018.RAW",,"2017-10-18T13:29Z","2017-10-18T13:29Z","EcoCore_CSU","TOC",9.5560,"milligramsPerLiter",3.0,,0,"formatChange","GOOD"
"dac07fb8-bdeb-440c-b412-8051a203c710","D09","PRLA","PRLA.AOS.groundwater.well.001","PRLA.W1.20171018.FIL",,"2017-10-18T13:29Z","2017-10-18T13:29Z","EcoCore_CSU","K",14.0900,"milligramsPerLiter",3.0,,0,"formatChange","GOOD"
"f0de04a0-a7c7-4513-b8d5-42ccec240f27","D09","PRLA","PRLA.AOS.groundwater.well.001","PRLA.W1.20171018.RAW",,"2017-10-18T13:29Z","2017-10-18T13:29Z","EcoCore_CSU","TSS - Dry Mass",7900.0000,"microgram",3.0,,0,"formatChange","GOOD"
"2e5c412d-c6ac-4f88-9f87-877c28be0cb7","D09","PRLA","PRLA.AOS.groundwater.well.001","PRLA.W1.20171018.FIL",,"2017-10-18T13:29Z","2017-10-18T13:29Z","EcoCore_CSU","DOC",8.6210,"milligramsPerLiter",3.0,,0,"formatChange","GOOD"
"9474601c-23c3-4003-a8db-0c62f41abace","D09","PRLA","PRLA.AOS.groundwater.well.001","PRLA.W1.20171018.FIL",,"2017-10-18T13:29Z","2017-10-18T13:29Z","EcoCore_CSU","UV Absorbance (250 nm)",0.1527,,3.0,,0,"formatChange","GOOD"
"f315ae13-bde6-4745-a709-0e986b3830a1","D09","PRLA","PRLA.AOS.groundwater.well.001","PRLA.W1.20171018.RAW",,"2017-10-18T13:29Z","2017-10-18T13:29Z","EcoCore_CSU","conductivity",2903.6000,"microsiemensPerCentimeter",3.0,,0,"formatChange","GOOD"
"5c02110b-39f5-488a-9de4-6e3ac705fdab","D09","PRLA","PRLA.AOS.groundwater.well.001","PRLA.W1.20171018.FIL",,"2017-10-18T13:29Z","2017-10-18T13:29Z","EcoCore_CSU","Ca",348.2100,"milligramsPerLiter",3.0,,0,"formatChange","GOOD"
"1a45ac1c-9188-4cd2-8667-d909d420fc8f","D09","PRLA","PRLA.AOS.groundwater.well.001","PRLA.W1.20171018.FIL",,"2017-10-18T13:29Z","2017-10-18T13:29Z","EcoCore_CSU","NO3+NO2 - N",0.3113,"milligramsPerLiter",3.0,,0,"formatChange","GOOD"
"53719961-c53b-4fa3-822f-6d7aeab6ebcf","D09","PRLA","PRLA.AOS.groundwater.well.001","PRLA.W1.20171018.FIL",,"2017-10-18T13:29Z","2017-10-18T13:29Z","EcoCore_CSU","TDP",0.0050,"milligramsPerLiter",3.0,,0,"formatChange","GOOD"
"eae4ea63-c0b5-4e72-b34e-b2f091c97630","D09","PRLA","PRLA.AOS.groundwater.well.001","PRLA.W1.20171018.FIL",,"2017-10-18T13:29Z","2017-10-18T13:29Z","EcoCore_CSU","Na",83.2470,"milligramsPerLiter",3.0,,0,"formatChange","GOOD"
"692ce453-b175-4348-ae4a-440d0f7aeac7","D09","PRLA","PRLA.AOS.groundwater.well.001","PRLA.W1.20171018.FIL",,"2017-10-18T13:29Z","2017-10-18T13:29Z","EcoCore_CSU","TDN",0.6621,"milligramsPerLiter",3.0,,0,"formatChange","GOOD"
"d589b8c9-ecbd-4363-8971-0ff7c7d3ef19","D09","PRLA","PRLA.AOS.groundwater.well.001","PRLA.W1.20171018.FIL",,"2017-10-18T13:29Z","2017-10-18T13:29Z","EcoCore_CSU","Mg",90.1600,"milligramsPerLiter",3.0,,0,"formatChange","GOOD"
"1f1694ad-d18d-453f-89f4-b0c22c328c11","D09","PRLA","PRLA.AOS.groundwater.well.001","PRLA.W1.20171018.FIL",,"2017-10-18T13:29Z","2017-10-18T13:29Z","EcoCore_CSU","SO4",1169.5100,"milligramsPerLiter",3.0,,0,"formatChange","GOOD"
"372e20c1-22e9-43dd-868f-b5a9e38cc0d0","D09","PRLA","PRLA.AOS.groundwater.well.001","PRLA.W1.20171018.FIL",,"2017-10-18T13:29Z","2017-10-18T13:29Z","EcoCore_CSU","CO3",0.0050,"milligramsPerLiter",3.0,,0,"formatChange","GOOD"
"b04a4582-b036-4ec5-9517-fe11fb5f8bff","D09","PRLA","PRLA.AOS.groundwater.well.001","PRLA.W1.20171018.FIL",,"2017-10-18T13:29Z","2017-10-18T13:29Z","EcoCore_CSU","TDS",2033.4000,"milligramsPerLiter",3.0,,0,"formatChange","GOOD"
"a27f1de4-8d43-4293-b2de-32f2001068ce","D09","PRLA","PRLA.AOS.groundwater.well.001","PRLA.W1.20171018.FIL",,"2017-10-18T13:29Z","2017-10-18T13:29Z","EcoCore_CSU","HCO3",211.9000,"milligramsPerLiter",3.0,,0,"formatChange","GOOD"
"edfed707-1fd2-47bf-8fab-f8332e9f50d4","D09","PRLA","PRLA.AOS.groundwater.well.001","PRLA.W1.20171018.FIL",,"2017-10-18T13:29Z","2017-10-18T13:29Z","EcoCore_CSU","Si",3.9100,"milligramsPerLiter",3.0,,0,"formatChange","GOOD"
"d0923315-3fe3-4d11-b79c-e10f795729af","D09","PRLA","PRLA.AOS.groundwater.well.003","PRLA.W3.20171018.FIL",,"2017-10-18T14:48Z","2017-10-18T14:48Z","EcoCore_CSU","CO3",0.0050,"milligramsPerLiter",3.0,,0,"formatChange","GOOD"
"9c1668ff-82eb-44fa-8909-48bb9e7d1e65","D09","PRLA","PRLA.AOS.groundwater.well.003","PRLA.W3.20171018.FIL",,"2017-10-18T14:48Z","2017-10-18T14:48Z","EcoCore_CSU","UV Absorbance (280 nm)",0.0755,,3.0,,0,"formatChange","GOOD"
"ee1ec680-f07b-48e4-8fa4-e41c3d0e981d","D09","PRLA","PRLA.AOS.groundwater.well.003","PRLA.W3.20171018.FIL",,"2017-10-18T14:48Z","2017-10-18T14:48Z","EcoCore_CSU","Na",18.2410,"milligramsPerLiter",3.0,,0,"formatChange","GOOD"
"f175b1ce-108c-4c5c-9456-d5a2cd9c9241","D09","PRLA","PRLA.AOS.groundwater.well.003","PRLA.W3.20171018.FIL",,"2017-10-18T14:48Z","2017-10-18T14:48Z","EcoCore_CSU","Mg",42.8150,"milligramsPerLiter",3.0,,0,"formatChange","GOOD"
"7852f76a-ccd2-4109-a42c-79fcc738e025","D09","PRLA","PRLA.AOS.groundwater.well.003","PRLA.W3.20171018.FIL",,"2017-10-18T14:48Z","2017-10-18T14:48Z","EcoCore_CSU","Ortho - P",0.0220,"milligramsPerLiter",3.0,,0,"formatChange","GOOD"
"eaf945f6-9c2b-4da4-99e5-282ea89c9f67","D09","PRLA","PRLA.AOS.groundwater.well.003","PRLA.W3.20171018.PCN",,"2017-10-18T14:48Z","2017-10-18T14:48Z","EcoCore_CSU","TPC",0.3083,"milligram",3.0,,0,"formatChange","GOOD"
"c9e862c6-9976-4ecf-b9c9-02ab09c3bf5a","D09","PRLA","PRLA.AOS.groundwater.well.003","PRLA.W3.20171018.FIL",,"2017-10-18T14:48Z","2017-10-18T14:48Z","EcoCore_CSU","Ca",167.7100,"milligramsPerLiter",3.0,,0,"formatChange","GOOD"
"ae469d37-cccb-4654-9378-268a435b7550","D09","PRLA","PRLA.AOS.groundwater.well.003","PRLA.W3.20171018.RAW",,"2017-10-18T14:48Z","2017-10-18T14:48Z","EcoCore_CSU","conductivity",,"microsiemensPerCentimeter",3.0,"Unknown reason for no analyte concentration as a result of external lab data format change",0,"formatChange","Other"
"c9f5f6c6-86e3-4989-aa2b-b8fc989c692f","D09","PRLA","PRLA.AOS.groundwater.well.003","PRLA.W3.20171018.RAW",,"2017-10-18T14:48Z","2017-10-18T14:48Z","EcoCore_CSU","ANC",5.6500,"milliequivalentsPerLiter",3.0,,0,"formatChange","GOOD"
"082e9e9d-875d-4244-98dc-794856afa117","D09","PRLA","PRLA.AOS.groundwater.well.003","PRLA.W3.20171018.FIL",,"2017-10-18T14:48Z","2017-10-18T14:48Z","EcoCore_CSU","TDN",0.3895,"milligramsPerLiter",3.0,,0,"formatChange","GOOD"
"92a4fa62-170e-4395-9f4f-23ba18d19818","D09","PRLA","PRLA.AOS.groundwater.well.003","PRLA.W3.20171018.RAW",,"2017-10-18T14:48Z","2017-10-18T14:48Z","EcoCore_CSU","TP",,"milligramsPerLiter",3.0,"Unknown reason for no analyte concentration as a result of external lab data format change",0,"formatChange","Other"
"64bec0b7-eb62-4e90-9e2a-131c2b6cd367","D09","PRLA","PRLA.AOS.groundwater.well.003","PRLA.W3.20171018.RAW",,"2017-10-18T14:48Z","2017-10-18T14:48Z","EcoCore_CSU","TN",,"milligramsPerLiter",3.0,"Unknown reason for no analyte concentration as a result of external lab data format change",0,"formatChange","Other"
"e5ab171f-89c0-446d-b6eb-a14cb60e8144","D09","PRLA","PRLA.AOS.groundwater.well.003","PRLA.W3.20171018.FIL",,"2017-10-18T14:48Z","2017-10-18T14:48Z","EcoCore_CSU","TDP",0.0070,"milligramsPerLiter",3.0,,0,"formatChange","GOOD"
"0013e749-f539-40e2-8115-d6b7a393fecb","D09","PRLA","PRLA.AOS.groundwater.well.003","PRLA.W3.20171018.FIL",,"2017-10-18T14:48Z","2017-10-18T14:48Z","EcoCore_CSU","NO2 - N",0.0170,"milligramsPerLiter",3.0,,0,"formatChange","GOOD"
"67035922-8702-4475-973e-3a768275b45c","D09","PRLA","PRLA.AOS.groundwater.well.003","PRLA.W3.20171018.RAW",,"2017-10-18T14:48Z","2017-10-18T14:48Z","EcoCore_CSU","TSS - Dry Mass",,"microgram",3.0,"Unknown reason for no analyte concentration as a result of external lab data format change",0,"formatChange","Other"
"8cdbc6bb-bae3-483d-8eec-3a0fb5c68d6e","D09","PRLA","PRLA.AOS.groundwater.well.003","PRLA.W3.20171018.FIL",,"2017-10-18T14:48Z","2017-10-18T14:48Z","EcoCore_CSU","NH4 - N",0.2804,"milligramsPerLiter",3.0,,0,"formatChange","GOOD"
"151d3035-4b56-4f96-952d-d5cf2f9a9703","D09","PRLA","PRLA.AOS.groundwater.well.003","PRLA.W3.20171018.RAW",,"2017-10-18T14:48Z","2017-10-18T14:48Z","EcoCore_CSU","TSS",,"milligramsPerLiter",3.0,"Unknown reason for no analyte concentration as a result of external lab data format change",0,"formatChange","Other"
"3c793761-abc2-4ae2-be92-2f83835d19e5","D09","PRLA","PRLA.AOS.groundwater.well.003","PRLA.W3.20171018.FIL",,"2017-10-18T14:48Z","2017-10-18T14:48Z","EcoCore_CSU","Si",3.3500,"milligramsPerLiter",3.0,,0,"formatChange","GOOD"
"6f0bfdb1-0f59-4697-80a4-9cc855817693","D09","PRLA","PRLA.AOS.groundwater.well.003","PRLA.W3.20171018.FIL",,"2017-10-18T14:48Z","2017-10-18T14:48Z","EcoCore_CSU","HCO3",309.5600,"milligramsPerLiter",3.0,,0,"formatChange","GOOD"
"2f4dc8d8-ef69-44cb-9dc6-3e68ebe9d4ff","D09","PRLA","PRLA.AOS.groundwater.well.003","PRLA.W3.20171018.FIL",,"2017-10-18T14:48Z","2017-10-18T14:48Z","EcoCore_CSU","K",9.4820,"milligramsPerLiter",3.0,,0,"formatChange","GOOD"
"14f87f4b-9fd8-43bc-bafd-a7f223870032","D09","PRLA","PRLA.AOS.groundwater.well.003","PRLA.W3.20171018.PCN",,"2017-10-18T14:48Z","2017-10-18T14:48Z","EcoCore_CSU","TPN",0.0993,"milligram",3.0,,0,"formatChange","GOOD"
"0e84c377-4a48-4f66-ad25-1cb365c3243b","D09","PRLA","PRLA.AOS.groundwater.well.003","PRLA.W3.20171018.FIL",,"2017-10-18T14:48Z","2017-10-18T14:48Z","EcoCore_CSU","Cl",8.7300,"milligramsPerLiter",3.0,,0,"formatChange","GOOD"
"6d3c8f8f-8b9c-4245-81be-6dcf37008090","D09","PRLA","PRLA.AOS.groundwater.well.003","PRLA.W3.20171018.FIL",,"2017-10-18T14:48Z","2017-10-18T14:48Z","EcoCore_CSU","Fe",0.0460,"milligramsPerLiter",3.0,,0,"formatChange","GOOD"
"41d39065-d572-42f9-a4b7-f5ae6f6e100f","D09","PRLA","PRLA.AOS.groundwater.well.003","PRLA.W3.20171018.FIL",,"2017-10-18T14:48Z","2017-10-18T14:48Z","EcoCore_CSU","UV Absorbance (250 nm)",0.1151,,3.0,,0,"formatChange","GOOD"
"5dd7a484-e733-4520-a84c-e3e27361e026","D09","PRLA","PRLA.AOS.groundwater.well.003","PRLA.W3.20171018.FIL",,"2017-10-18T14:48Z","2017-10-18T14:48Z","EcoCore_CSU","SO4",367.3900,"milligramsPerLiter",3.0,,0,"formatChange","GOOD"
"078b888a-bcd5-40b9-b7aa-12c7608a49f9","D09","PRLA","PRLA.AOS.groundwater.well.003","PRLA.W3.20171018.FIL",,"2017-10-18T14:48Z","2017-10-18T14:48Z","EcoCore_CSU","DIC",124.4800,"milligramsPerLiter",3.0,,0,"formatChange","GOOD"
"2953a882-d060-4c05-a0d9-7efe0cdddebd","D09","PRLA","PRLA.AOS.groundwater.well.003","PRLA.W3.20171018.FIL",,"2017-10-18T14:48Z","2017-10-18T14:48Z","EcoCore_CSU","DOC",7.2170,"milligramsPerLiter",3.0,,0,"formatChange","GOOD"
"dae8f206-c05c-410c-85f6-446913a02419","D09","PRLA","PRLA.AOS.groundwater.well.003","PRLA.W3.20171018.FIL",,"2017-10-18T14:48Z","2017-10-18T14:48Z","EcoCore_CSU","F",0.0050,"milligramsPerLiter",3.0,,0,"formatChange","GOOD"
"2fe634d6-7bb9-4209-9da1-024256707b55","D09","PRLA","PRLA.AOS.groundwater.well.003","PRLA.W3.20171018.FIL",,"2017-10-18T14:48Z","2017-10-18T14:48Z","EcoCore_CSU","Br",0.0050,"milligramsPerLiter",3.0,,0,"formatChange","GOOD"
"ed78a767-bce3-4c28-beff-67f79685725b","D09","PRLA","PRLA.AOS.groundwater.well.003","PRLA.W3.20171018.RAW",,"2017-10-18T14:48Z","2017-10-18T14:48Z","EcoCore_CSU","TOC",,"milligramsPerLiter",3.0,"Unknown reason for no analyte concentration as a result of external lab data format change",0,"formatChange","Other"
"c7272dc3-e683-4f73-aeed-867101484c3e","D09","PRLA","PRLA.AOS.groundwater.well.003","PRLA.W3.20171018.FIL",,"2017-10-18T14:48Z","2017-10-18T14:48Z","EcoCore_CSU","NO3+NO2 - N",0.0123,"milligramsPerLiter",3.0,,0,"formatChange","GOOD"
"825c7bf1-88b9-4a4f-95f0-17d21650760c","D09","PRLA","PRLA.AOS.groundwater.well.003","PRLA.W3.20171018.FIL",,"2017-10-18T14:48Z","2017-10-18T14:48Z","EcoCore_CSU","Mn",0.8550,"milligramsPerLiter",3.0,,0,"formatChange","GOOD"
"1ded9df2-1216-49e1-a321-9f449281c7c9","D09","PRLA","PRLA.AOS.groundwater.well.003","PRLA.W3.20171018.FIL",,"2017-10-18T14:48Z","2017-10-18T14:48Z","EcoCore_CSU","TDS",910.2000,"milligramsPerLiter",3.0,,0,"formatChange","GOOD"
"81893c84-757b-4df6-9492-abfd9d4358c5","D09","PRLA","PRLA.AOS.groundwater.well.003","PRLA.W3.20171018.RAW",,"2017-10-18T14:48Z","2017-10-18T14:48Z","EcoCore_CSU","pH",,"pH",3.0,"Unknown reason for no analyte concentration as a result of external lab data format change",0,"formatChange","Other"
"1d87507f-0225-44c2-89e2-ccf0df78f2a8","D09","PRLA","PRLA.AOS.groundwater.well.007","PRLA.W7.20171018.FIL",,"2017-10-18T16:50Z","2017-10-18T16:50Z","EcoCore_CSU","UV Absorbance (250 nm)",0.2239,,3.0,,0,"formatChange","GOOD"
"aea7f848-ca52-48c1-9033-0bc6bd1c626b","D09","PRLA","PRLA.AOS.groundwater.well.007","PRLA.W7.20171018.FIL",,"2017-10-18T16:50Z","2017-10-18T16:50Z","EcoCore_CSU","DOC",11.2500,"milligramsPerLiter",3.0,,0,"formatChange","GOOD"
"f9335fcd-d1bb-4c11-9a26-a4222d4caad5","D09","PRLA","PRLA.AOS.groundwater.well.007","PRLA.W7.20171018.FIL",,"2017-10-18T16:50Z","2017-10-18T16:50Z","EcoCore_CSU","DIC",122.8800,"milligramsPerLiter",3.0,,0,"formatChange","GOOD"
"c6789cf2-39eb-4d67-b31a-66b403ce26f3","D09","PRLA","PRLA.AOS.groundwater.well.007","PRLA.W7.20171018.FIL",,"2017-10-18T16:50Z","2017-10-18T16:50Z","EcoCore_CSU","TDN",2.2130,"milligramsPerLiter",3.0,,0,"formatChange","GOOD"
"54c04f0b-03a9-4314-bfd9-131471c428e7","D09","PRLA","PRLA.AOS.groundwater.well.007","PRLA.W7.20171018.FIL",,"2017-10-18T16:50Z","2017-10-18T16:50Z","EcoCore_CSU","Br",0.0050,"milligramsPerLiter",3.0,,0,"formatChange","GOOD"
"54563595-7faf-4ff8-a4a3-0ea7e1a129b9","D09","PRLA","PRLA.AOS.groundwater.well.007","PRLA.W7.20171018.FIL",,"2017-10-18T16:50Z","2017-10-18T16:50Z","EcoCore_CSU","Ca",334.2000,"milligramsPerLiter",3.0,,0,"formatChange","GOOD"
"8cee014c-aae3-4064-90cc-db1811129934","D09","PRLA","PRLA.AOS.groundwater.well.007","PRLA.W7.20171018.FIL",,"2017-10-18T16:50Z","2017-10-18T16:50Z","EcoCore_CSU","NO2 - N",0.0164,"milligramsPerLiter",3.0,,0,"formatChange","GOOD"
"47d79aaa-8ca5-4c83-b8b3-7b5c5dedacf6","D09","PRLA","PRLA.AOS.groundwater.well.007","PRLA.W7.20171018.RAW",,"2017-10-18T16:50Z","2017-10-18T16:50Z","EcoCore_CSU","conductivity",4212.7000,"microsiemensPerCentimeter",3.0,,0,"formatChange","GOOD"
"5fc02abc-d49e-4005-953d-6fe3e3594d05","D09","PRLA","PRLA.AOS.groundwater.well.007","PRLA.W7.20171018.FIL",,"2017-10-18T16:50Z","2017-10-18T16:50Z","EcoCore_CSU","Cl",95.5000,"milligramsPerLiter",3.0,,0,"formatChange","GOOD"
"d56e81d4-d193-47e7-98e4-28c5b2d5ad06","D09","PRLA","PRLA.AOS.groundwater.well.007","PRLA.W7.20171018.FIL",,"2017-10-18T16:50Z","2017-10-18T16:50Z","EcoCore_CSU","UV Absorbance (280 nm)",0.1418,,3.0,,0,"formatChange","GOOD"
"8bd356e3-cf3d-4f51-b9e1-187e1cc4d5a1","D09","PRLA","PRLA.AOS.groundwater.well.007","PRLA.W7.20171018.FIL",,"2017-10-18T16:50Z","2017-10-18T16:50Z","EcoCore_CSU","TDP",0.0160,"milligramsPerLiter",3.0,,0,"formatChange","GOOD"
"ac70d291-3c30-4852-80f6-2b72543bbbeb","D09","PRLA","PRLA.AOS.groundwater.well.007","PRLA.W7.20171018.PCN",,"2017-10-18T16:50Z","2017-10-18T16:50Z","EcoCore_CSU","TPN",0.0347,"milligram",3.0,,0,"formatChange","GOOD"
"bb41d981-c34d-44df-afae-4661ae589a1e","D09","PRLA","PRLA.AOS.groundwater.well.007","PRLA.W7.20171018.RAW",,"2017-10-18T16:50Z","2017-10-18T16:50Z","EcoCore_CSU","TSS - Dry Mass",600.0000,"microgram",3.0,,0,"formatChange","GOOD"
"42909ad7-58bc-4f01-8a5b-ff0d80d375ae","D09","PRLA","PRLA.AOS.groundwater.well.007","PRLA.W7.20171018.FIL",,"2017-10-18T16:50Z","2017-10-18T16:50Z","EcoCore_CSU","NO3+NO2 - N",0.0747,"milligramsPerLiter",3.0,,0,"formatChange","GOOD"
"967df37e-0426-465a-9454-8e9cd1089847","D09","PRLA","PRLA.AOS.groundwater.well.007","PRLA.W7.20171018.RAW",,"2017-10-18T16:50Z","2017-10-18T16:50Z","EcoCore_CSU","ANC",3.0100,"milliequivalentsPerLiter",3.0,,0,"formatChange","GOOD"
"923acff5-ef4b-441b-8934-cf2821685242","D09","PRLA","PRLA.AOS.groundwater.well.007","PRLA.W7.20171018.FIL",,"2017-10-18T16:50Z","2017-10-18T16:50Z","EcoCore_CSU","Mn",3.0030,"milligramsPerLiter",3.0,,0,"formatChange","GOOD"
"f156f6b6-a82f-4a04-92b3-8db4f8fca080","D09","PRLA","PRLA.AOS.groundwater.well.007","PRLA.W7.20171018.RAW",,"2017-10-18T16:50Z","2017-10-18T16:50Z","EcoCore_CSU","pH",7.1400,"pH",3.0,,0,"formatChange","GOOD"
"6cfe36bd-68c4-4762-9a05-1d7ebd9803e7","D09","PRLA","PRLA.AOS.groundwater.well.007","PRLA.W7.20171018.FIL",,"2017-10-18T16:50Z","2017-10-18T16:50Z","EcoCore_CSU","HCO3",182.4700,"milligramsPerLiter",3.0,,0,"formatChange","GOOD"
"f37e156f-6c2a-465f-9459-8de34e677239","D09","PRLA","PRLA.AOS.groundwater.well.007","PRLA.W7.20171018.RAW",,"2017-10-18T16:50Z","2017-10-18T16:50Z","EcoCore_CSU","TN",2.1810,"milligramsPerLiter",3.0,,0,"formatChange","GOOD"
"6f114189-c5da-429d-ad46-4c71df1aae5d","D09","PRLA","PRLA.AOS.groundwater.well.007","PRLA.W7.20171018.FIL",,"2017-10-18T16:50Z","2017-10-18T16:50Z","EcoCore_CSU","SO4",1745.6700,"milligramsPerLiter",3.0,,0,"formatChange","GOOD"
"21502887-7f54-4c82-b443-01b6f61e8b4e","D09","PRLA","PRLA.AOS.groundwater.well.007","PRLA.W7.20171018.FIL",,"2017-10-18T16:50Z","2017-10-18T16:50Z","EcoCore_CSU","Ortho - P",0.0160,"milligramsPerLiter",3.0,,0,"formatChange","GOOD"
"d93110ff-5480-4133-8e47-18cc75df967d","D09","PRLA","PRLA.AOS.groundwater.well.007","PRLA.W7.20171018.FIL",,"2017-10-18T16:50Z","2017-10-18T16:50Z","EcoCore_CSU","F",0.0050,"milligramsPerLiter",3.0,,0,"formatChange","GOOD"
"b0bb477d-55f1-47d2-8425-b26f0948b019","D09","PRLA","PRLA.AOS.groundwater.well.007","PRLA.W7.20171018.RAW",,"2017-10-18T16:50Z","2017-10-18T16:50Z","EcoCore_CSU","TP",0.0640,"milligramsPerLiter",3.0,,0,"formatChange","GOOD"
"1a1c867b-99c7-4a7c-b40e-f15fa3bffbf7","D09","PRLA","PRLA.AOS.groundwater.well.007","PRLA.W7.20171018.RAW",,"2017-10-18T16:50Z","2017-10-18T16:50Z","EcoCore_CSU","TSS",12.0000,"milligramsPerLiter",3.0,,0,"formatChange","GOOD"
"a067b5ca-cb20-491a-acfe-516bd4413732","D09","PRLA","PRLA.AOS.groundwater.well.007","PRLA.W7.20171018.FIL",,"2017-10-18T16:50Z","2017-10-18T16:50Z","EcoCore_CSU","Si",3.1400,"milligramsPerLiter",3.0,,0,"formatChange","GOOD"
"4c283481-9816-4d06-99d1-8306879f2200","D09","PRLA","PRLA.AOS.groundwater.well.007","PRLA.W7.20171018.FIL",,"2017-10-18T16:50Z","2017-10-18T16:50Z","EcoCore_CSU","NH4 - N",1.8400,"milligramsPerLiter",3.0,,0,"formatChange","GOOD"
"b2b65eda-dfc2-4ac4-985b-48f8ff2d557c","D09","PRLA","PRLA.AOS.groundwater.well.007","PRLA.W7.20171018.FIL",,"2017-10-18T16:50Z","2017-10-18T16:50Z","EcoCore_CSU","K",32.3960,"milligramsPerLiter",3.0,,0,"formatChange","GOOD"
"8990af6a-32ec-46f1-a388-1da07dcdd229","D09","PRLA","PRLA.AOS.groundwater.well.007","PRLA.W7.20171018.FIL",,"2017-10-18T16:50Z","2017-10-18T16:50Z","EcoCore_CSU","Mg",119.2600,"milligramsPerLiter",3.0,,0,"formatChange","GOOD"
"1d289d32-794b-459c-ba38-c85a70e70948","D09","PRLA","PRLA.AOS.groundwater.well.007","PRLA.W7.20171018.FIL",,"2017-10-18T16:50Z","2017-10-18T16:50Z","EcoCore_CSU","Fe",0.0610,"milligramsPerLiter",3.0,,0,"formatChange","GOOD"
"125eca0a-48d3-4505-9702-2fc28dee108c","D09","PRLA","PRLA.AOS.groundwater.well.007","PRLA.W7.20171018.FIL",,"2017-10-18T16:50Z","2017-10-18T16:50Z","EcoCore_CSU","Na",335.6200,"milligramsPerLiter",3.0,,0,"formatChange","GOOD"
"591fd507-8c7a-4a5e-b771-d37c38087943","D09","PRLA","PRLA.AOS.groundwater.well.007","PRLA.W7.20171018.FIL",,"2017-10-18T16:50Z","2017-10-18T16:50Z","EcoCore_CSU","TDS",2952.4000,"milligramsPerLiter",3.0,,0,"formatChange","GOOD"
"936000f9-373d-4859-86d6-b7effcbcd5bf","D09","PRLA","PRLA.AOS.groundwater.well.007","PRLA.W7.20171018.PCN",,"2017-10-18T16:50Z","2017-10-18T16:50Z","EcoCore_CSU","TPC",0.9819,"milligram",3.0,,0,"formatChange","GOOD"
"df22b372-df1f-4dd0-b34c-9557df24f15a","D09","PRLA","PRLA.AOS.groundwater.well.007","PRLA.W7.20171018.FIL",,"2017-10-18T16:50Z","2017-10-18T16:50Z","EcoCore_CSU","CO3",0.0050,"milligramsPerLiter",3.0,,0,"formatChange","GOOD"
"34c61ce7-ed25-44b5-93d8-d3ef072e3f52","D09","PRLA","PRLA.AOS.groundwater.well.007","PRLA.W7.20171018.RAW",,"2017-10-18T16:50Z","2017-10-18T16:50Z","EcoCore_CSU","TOC",11.5500,"milligramsPerLiter",3.0,,0,"formatChange","GOOD"
"2d474498-fb77-418f-88e3-add6fc69b8d4","D09","PRLA","PRLA.AOS.groundwater.well.008","PRLA.W8.20171018.FIL",,"2017-10-18T18:53Z","2017-10-18T18:53Z","EcoCore_CSU","DIC",132.3600,"milligramsPerLiter",3.0,,0,"formatChange","GOOD"
"ee132770-96e6-442f-8539-7b2592a00135","D09","PRLA","PRLA.AOS.groundwater.well.008","PRLA.W8.20171018.FIL",,"2017-10-18T18:53Z","2017-10-18T18:53Z","EcoCore_CSU","Ortho - P",0.0440,"milligramsPerLiter",3.0,,0,"formatChange","GOOD"
"4a14c97f-9e24-447a-8e7a-7d60233f0b6f","D09","PRLA","PRLA.AOS.groundwater.well.008","PRLA.W8.20171018.FIL",,"2017-10-18T18:53Z","2017-10-18T18:53Z","EcoCore_CSU","NH4 - N",0.1192,"milligramsPerLiter",3.0,,0,"formatChange","GOOD"
"c19a45c1-c534-40b7-9ce2-acbc1aac8ccb","D09","PRLA","PRLA.AOS.groundwater.well.008","PRLA.W8.20171018.RAW",,"2017-10-18T18:53Z","2017-10-18T18:53Z","EcoCore_CSU","ANC",4.7900,"milliequivalentsPerLiter",3.0,,0,"formatChange","GOOD"
"4fdb1d42-05cf-495c-b1c8-c4ec88107b8b","D09","PRLA","PRLA.AOS.groundwater.well.008","PRLA.W8.20171018.RAW",,"2017-10-18T18:53Z","2017-10-18T18:53Z","EcoCore_CSU","pH",7.4700,"pH",3.0,,0,"formatChange","GOOD"
"1710977b-4a55-48f8-be65-68b0f868521c","D09","PRLA","PRLA.AOS.groundwater.well.008","PRLA.W8.20171018.FIL",,"2017-10-18T18:53Z","2017-10-18T18:53Z","EcoCore_CSU","Cl",36.9100,"milligramsPerLiter",3.0,,0,"formatChange","GOOD"
"00c52d7e-2a2a-480d-a17d-29b61d27628b","D09","PRLA","PRLA.AOS.groundwater.well.008","PRLA.W8.20171018.FIL",,"2017-10-18T18:53Z","2017-10-18T18:53Z","EcoCore_CSU","Br",0.0240,"milligramsPerLiter",3.0,,0,"formatChange","GOOD"
"c50876f5-2efb-4046-bcd4-361306406575","D09","PRLA","PRLA.AOS.groundwater.well.008","PRLA.W8.20171018.FIL",,"2017-10-18T18:53Z","2017-10-18T18:53Z","EcoCore_CSU","Mn",0.2040,"milligramsPerLiter",3.0,,0,"formatChange","GOOD"
"09982f8b-7349-4c9b-a745-a4f02a2611cf","D09","PRLA","PRLA.AOS.groundwater.well.008","PRLA.W8.20171018.FIL",,"2017-10-18T18:53Z","2017-10-18T18:53Z","EcoCore_CSU","NO2 - N",0.0098,"milligramsPerLiter",3.0,,0,"formatChange","GOOD"
"7ae4aff2-9929-4573-9cc6-1deff8d722a5","D09","PRLA","PRLA.AOS.groundwater.well.008","PRLA.W8.20171018.FIL",,"2017-10-18T18:53Z","2017-10-18T18:53Z","EcoCore_CSU","NO3+NO2 - N",0.0127,"milligramsPerLiter",3.0,,0,"formatChange","GOOD"
"d990432a-2a7a-4b96-a43f-2424f771122b","D09","PRLA","PRLA.AOS.groundwater.well.008","PRLA.W8.20171018.FIL",,"2017-10-18T18:53Z","2017-10-18T18:53Z","EcoCore_CSU","SO4",501.5900,"milligramsPerLiter",3.0,,0,"formatChange","GOOD"
"751c59e1-abe9-4006-a33f-5c14aeb0fd50","D09","PRLA","PRLA.AOS.groundwater.well.008","PRLA.W8.20171018.FIL",,"2017-10-18T18:53Z","2017-10-18T18:53Z","EcoCore_CSU","Na",74.9570,"milligramsPerLiter",3.0,,0,"formatChange","GOOD"
"195514dd-b6b9-4990-be38-b361c1e7de4e","D09","PRLA","PRLA.AOS.groundwater.well.008","PRLA.W8.20171018.RAW",,"2017-10-18T18:53Z","2017-10-18T18:53Z","EcoCore_CSU","TP",0.0340,"milligramsPerLiter",3.0,,0,"formatChange","GOOD"
"74d0c86d-a3f0-4313-99c5-127c7d10e088","D09","PRLA","PRLA.AOS.groundwater.well.008","PRLA.W8.20171018.FIL",,"2017-10-18T18:53Z","2017-10-18T18:53Z","EcoCore_CSU","UV Absorbance (280 nm)",0.0918,,3.0,,0,"formatChange","GOOD"
"a48ce752-bfc2-4f22-9cd4-2d51620fc84b","D09","PRLA","PRLA.AOS.groundwater.well.008","PRLA.W8.20171018.RAW",,"2017-10-18T18:53Z","2017-10-18T18:53Z","EcoCore_CSU","TSS - Dry Mass",300.0000,"microgram",3.0,,0,"formatChange","GOOD"
"22b96ab9-73a8-498e-8339-610130bae0ff","D09","PRLA","PRLA.AOS.groundwater.well.008","PRLA.W8.20171018.FIL",,"2017-10-18T18:53Z","2017-10-18T18:53Z","EcoCore_CSU","UV Absorbance (250 nm)",0.1496,,3.0,,0,"formatChange","GOOD"
"80a0c278-665e-4a3f-bd53-1a6c8f420000","D09","PRLA","PRLA.AOS.groundwater.well.008","PRLA.W8.20171018.FIL",,"2017-10-18T18:53Z","2017-10-18T18:53Z","EcoCore_CSU","CO3",0.0050,"milligramsPerLiter",3.0,,0,"formatChange","GOOD"
"07dff6c8-f26c-4ec9-9e87-47c94083387b","D09","PRLA","PRLA.AOS.groundwater.well.008","PRLA.W8.20171018.RAW",,"2017-10-18T18:53Z","2017-10-18T18:53Z","EcoCore_CSU","TOC",7.7070,"milligramsPerLiter",3.0,,0,"formatChange","GOOD"
"42f9cb54-5b04-42d6-83b8-6f301a8a6ebb","D09","PRLA","PRLA.AOS.groundwater.well.008","PRLA.W8.20171018.FIL",,"2017-10-18T18:53Z","2017-10-18T18:53Z","EcoCore_CSU","TDS",1131.3000,"milligramsPerLiter",3.0,,0,"formatChange","GOOD"
"1ee5c637-ff8c-4519-a375-d1cedda013ac","D09","PRLA","PRLA.AOS.groundwater.well.008","PRLA.W8.20171018.FIL",,"2017-10-18T18:53Z","2017-10-18T18:53Z","EcoCore_CSU","TDP",0.0400,"milligramsPerLiter",3.0,,0,"formatChange","GOOD"
"69fd5390-70ae-4318-be64-1c4ed7d4a7b8","D09","PRLA","PRLA.AOS.groundwater.well.008","PRLA.W8.20171018.FIL",,"2017-10-18T18:53Z","2017-10-18T18:53Z","EcoCore_CSU","TDN",0.3888,"milligramsPerLiter",3.0,,0,"formatChange","GOOD"
"fd3efe49-7707-46f7-a1a4-4b8d97223ff0","D09","PRLA","PRLA.AOS.groundwater.well.008","PRLA.W8.20171018.PCN",,"2017-10-18T18:53Z","2017-10-18T18:53Z","EcoCore_CSU","TPC",0.9772,"milligram",3.0,,0,"formatChange","GOOD"
"ef23965e-f16f-4a1a-9f78-456b55c103bf","D09","PRLA","PRLA.AOS.groundwater.well.008","PRLA.W8.20171018.PCN",,"2017-10-18T18:53Z","2017-10-18T18:53Z","EcoCore_CSU","TPN",0.0587,"milligram",3.0,,0,"formatChange","GOOD"
"e4dc9d93-b49a-492d-a147-c5c146ab68c9","D09","PRLA","PRLA.AOS.groundwater.well.008","PRLA.W8.20171018.FIL",,"2017-10-18T18:53Z","2017-10-18T18:53Z","EcoCore_CSU","Fe",0.0100,"milligramsPerLiter",3.0,,0,"formatChange","GOOD"
"204c5e55-597c-4ebc-af2d-3afdaf9bf374","D09","PRLA","PRLA.AOS.groundwater.well.008","PRLA.W8.20171018.RAW",,"2017-10-18T18:53Z","2017-10-18T18:53Z","EcoCore_CSU","TN",0.3645,"milligramsPerLiter",3.0,,0,"formatChange","GOOD"
"943ee583-da18-4cc8-be47-587e0c658172","D09","PRLA","PRLA.AOS.groundwater.well.008","PRLA.W8.20171018.FIL",,"2017-10-18T18:53Z","2017-10-18T18:53Z","EcoCore_CSU","HCO3",281.5900,"milligramsPerLiter",3.0,,0,"formatChange","GOOD"
"219b0f06-3d00-48e6-8c5c-7d8606531b87","D09","PRLA","PRLA.AOS.groundwater.well.008","PRLA.W8.20171018.RAW",,"2017-10-18T18:53Z","2017-10-18T18:53Z","EcoCore_CSU","conductivity",1610.5000,"microsiemensPerCentimeter",3.0,,0,"formatChange","GOOD"
"48502c4a-d31b-4da2-b27a-21b546a14b91","D09","PRLA","PRLA.AOS.groundwater.well.008","PRLA.W8.20171018.RAW",,"2017-10-18T18:53Z","2017-10-18T18:53Z","EcoCore_CSU","TSS",6.0000,"milligramsPerLiter",3.0,,0,"formatChange","GOOD"
"f34ff756-e9fb-41e7-8162-3986a90d37bb","D09","PRLA","PRLA.AOS.groundwater.well.008","PRLA.W8.20171018.FIL",,"2017-10-18T18:53Z","2017-10-18T18:53Z","EcoCore_CSU","Ca",132.3100,"milligramsPerLiter",3.0,,0,"formatChange","GOOD"
"afa32e8b-e97e-40f4-8b14-9fff8b0a4b29","D09","PRLA","PRLA.AOS.groundwater.well.008","PRLA.W8.20171018.FIL",,"2017-10-18T18:53Z","2017-10-18T18:53Z","EcoCore_CSU","K",10.0310,"milligramsPerLiter",3.0,,0,"formatChange","GOOD"
"1d5de462-0f79-4193-917e-1243fb644db1","D09","PRLA","PRLA.AOS.groundwater.well.008","PRLA.W8.20171018.FIL",,"2017-10-18T18:53Z","2017-10-18T18:53Z","EcoCore_CSU","Si",3.9700,"milligramsPerLiter",3.0,,0,"formatChange","GOOD"
"241f297a-fc48-4f2b-bea0-5e9f647861e9","D09","PRLA","PRLA.AOS.groundwater.well.008","PRLA.W8.20171018.FIL",,"2017-10-18T18:53Z","2017-10-18T18:53Z","EcoCore_CSU","F",0.0050,"milligramsPerLiter",3.0,,0,"formatChange","GOOD"
"9c09a6b3-4395-4e3e-aaa4-65720c09890f","D09","PRLA","PRLA.AOS.groundwater.well.008","PRLA.W8.20171018.FIL",,"2017-10-18T18:53Z","2017-10-18T18:53Z","EcoCore_CSU","Mg",71.4190,"milligramsPerLiter",3.0,,0,"formatChange","GOOD"
"2dd33e30-1f9b-4d2d-8ff7-c56236767f58","D09","PRLA","PRLA.AOS.groundwater.well.008","PRLA.W8.20171018.FIL",,"2017-10-18T18:53Z","2017-10-18T18:53Z","EcoCore_CSU","DOC",7.5930,"milligramsPerLiter",3.0,,0,"formatChange","GOOD"
