uid,domainID,siteID,namedLocation,decimalLatitude,decimalLongitude,coordinateUncertainty,elevation,elevationUncertainty,geodeticDatum,collectDate,aquaticSiteType,samplingImpractical,waterChemSamplesCollected,adequateSampleVol,parentSampleID,eventID,swcSamplingProtocolVersion,sampleExtractionMethod,samplerType,totalWellDepth,wellWaterDepth,waterColumnHeight,sampleDepth,purgeAverageDischargeRate,purgeTime,gwWellStabilized,purgeDryDateTime,pumpPlacementDate,screenedIntervalDepth,maxAllowableDrawdown,actualDrawdown,MADExceeded,wellVolumePurged,probeIDUnavailable,dissolvedOxygen,dissolvedOxygenSaturation,specificConductance,waterTemp,pH,waterClarityDescrip,waterColorDescrip,aCollectedBy,bCollectedBy,remarks
"4da614df-f482-4b4b-aaa7-e4945cc0feb3","D03","BARC","BARC.AOS.groundwater.well.004",29.674815,-82.006659,0.1,28.7,0.1,"WGS84","2015-10-13T15:15Z","lake",,,,"BARC.W4.20151013","BARC.20151013","NEON.DOC.001219vC","low-flow",,,4.5,,7.9,,,,,,,,,,5.4,,6.24,73.10,40.70,24.80,,,,"ksandusky@neoninc.org","cfoster@neoninc.org","discharge rate based on average over 16 min"
"2e0243d8-5990-414b-95ab-5b9edafbc25f","D03","BARC","BARC.AOS.groundwater.well.007",29.674810,-82.010493,0.1,30.3,0.1,"WGS84","2015-10-13T16:15Z","lake",,,,"BARC.W7.20151013","BARC.20151013","NEON.DOC.001219vC","low-flow",,,5.0,,10.7,,,,,,,,,,5.9,,11.34,4.00,57.10,24.60,,,,"ksandusky@neoninc.org","cfoster@neoninc.org","discharge rate based on average rates taken across 35mins. uncertain if sample depth is in ft or m. well water depth recorded as 16.3ft and converted to 4.97m"
"ebf6592d-9cb0-40ae-a5ce-51ad5e744398","D03","BARC","BARC.AOS.groundwater.well.002",29.677956,-82.007597,0.1,28.6,0.1,"WGS84","2015-10-15T15:15Z","lake",,,,"BARC.W2.20151015","BARC.20151015","NEON.DOC.001219vC","low-flow",,,3.0,,9.3,,,,,,,,,,5.2,,8.26,101.00,25.00,26.00,,,,"ksandusky@neoninc.org","cfoster@neoninc.org","unsure if sample depth is in ft or m. well water depth is recorded as 9.9ft and converted to 3.02m."
"00c096ef-e79d-4a38-8d9e-986416d5d7f1","D03","BARC","BARC.AOS.groundwater.well.003",29.676887,-82.006690,0.1,28.9,0.1,"WGS84","2015-10-15T16:05Z","lake",,,,"BARC.W3.20151015","BARC.20151015","NEON.DOC.001219vC","low-flow",,,3.3,,7.8,,,,,,,,,,1.8,,7.07,84.70,33.90,25.50,,,,"ksandusky@neoninc.org","cfoster@neoninc.org","unsure if sample depth is recorded in ft or m. well water depth was recorded as 10.7ft and converted to 3.26m"
