uid,domainID,siteID,namedLocation,collectDate,titrationDate,parentSampleID,domainSampleID,remarks,measuredBy,alkMeqPerL,alkMgPerL,ancMeqPerL,ancMgPerL
"8c50eeba-9ad4-4aaa-9de4-3cb887aee2e2","D03","BARC","BARC.AOS.groundwater.well.004","2015-10-13T15:15Z","2015-10-13T19:00Z","BARC.W4.20151013","BARC.W4.20151013.ALK",,"ksandusky@neoninc.org",0.000,0.090,,
"51dbf7a4-0f34-4586-b363-0d34da6e426b","D03","BARC","BARC.AOS.groundwater.well.004","2015-10-13T15:15Z","2015-10-13T19:00Z","BARC.W4.20151013","BARC.W4.20151013.ANC",,"ksandusky@neoninc.org",,,-0.020,-1.210
"04c46b00-108d-4624-8471-d46c59d5e5bd","D03","BARC","BARC.AOS.groundwater.well.007","2015-10-13T16:15Z","2015-10-14T12:00Z","BARC.W7.20151013","BARC.W7.20151013.ANC",,"ksandusky@neoninc.org",,,0.190,9.270
"a4d28592-7110-458c-a6d9-388298dbeb84","D03","BARC","BARC.AOS.groundwater.well.007","2015-10-13T16:15Z","2015-10-14T12:00Z","BARC.W7.20151013","BARC.W7.20151013.ALK",,"ksandusky@neoninc.org",0.220,10.900,,
"21770b1b-afea-4533-a8c6-4b4a7fdab6d5","D03","BARC","BARC.AOS.groundwater.well.002","2015-10-15T15:15Z","2015-10-15T19:00Z","BARC.W2.20151015","BARC.W2.20151015.ANC","protocol used not recorded","ksandusky@neoninc.org",,,0.060,2.960
"0b530583-7c86-4c9d-b872-ebb6a865cf9c","D03","BARC","BARC.AOS.groundwater.well.002","2015-10-15T15:15Z","2015-10-15T19:00Z","BARC.W2.20151015","BARC.W2.20151015.ALK",,"ksandusky@neoninc.org",0.070,3.460,,
"06b8afb7-c24f-4b37-8502-9a464b3e3bb3","D03","BARC","BARC.AOS.groundwater.well.003","2015-10-15T16:05Z","2015-10-16T13:00Z","BARC.W3.20151015","BARC.W3.20151015.ALK",,"ksandusky@neoninc.org",0.070,3.620,,
"4533bf14-776f-4bbb-ad07-c7e4f4fe2cb2","D03","BARC","BARC.AOS.groundwater.well.003","2015-10-15T16:05Z","2015-10-16T13:00Z","BARC.W3.20151015","BARC.W3.20151015.ANC",,"ksandusky@neoninc.org",,,0.040,2.200
