uid,domainID,siteID,namedLocation,sampleID,sampleCode,startDate,collectDate,laboratoryName,analyte,analyteConcentration,analyteUnits,coolerTemp,remarks,shipmentWarmQF,externalLabDataQF,sampleCondition
"72c6e787-d438-4582-a67f-06dc6eb15e3f","D19","CARI","CARI.AOS.groundwater.well.008","CARI.W8.20190911.RAW","A00000065918","2019-09-11T19:00Z","2019-09-11T19:00Z","EcoCore_CSU","TN",3.5760,"milligramsPerLiter",2.5,,0,,"OK"
"763d815d-fa07-4d64-9108-70020f3059d8","D19","CARI","CARI.AOS.groundwater.well.008","CARI.W8.20190911.RAW","A00000065918","2019-09-11T19:00Z","2019-09-11T19:00Z","EcoCore_CSU","TOC",20.1300,"milligramsPerLiter",2.5,,0,,"OK"
"f42253a2-b88f-4158-9cc2-8a1580c82611","D19","CARI","CARI.AOS.groundwater.well.008","CARI.W8.20190911.FIL","A00000065838","2019-09-11T19:00Z","2019-09-11T19:00Z","EcoCore_CSU","DOC",20.7900,"milligramsPerLiter",1.5,,0,,"OK"
"e301946c-abc1-47b8-9951-6cb9e3f48eba","D19","CARI","CARI.AOS.groundwater.well.008","CARI.W8.20190911.FIL","A00000065838","2019-09-11T19:00Z","2019-09-11T19:00Z","EcoCore_CSU","TDN",2.9170,"milligramsPerLiter",1.9,,0,,"OK"
"51c6317b-3fa7-473b-9c9b-f8c9da7118dc","D19","CARI","CARI.AOS.groundwater.well.008","CARI.W8.20190911.FIL","A00000065838","2019-09-11T19:00Z","2019-09-11T19:00Z","EcoCore_CSU","DIC",62.9500,"milligramsPerLiter",2.5,"Filtered in 250ml bottle|not enough to deliver to SWAPT",0,,"OK"
"200f0c05-0743-4203-81ef-39d5182f3234","D19","CARI","CARI.AOS.groundwater.well.008","CARI.W8.20190911.PCN","A00000100547","2019-09-11T19:00Z","2019-09-11T19:00Z","EcoCore_CSU","TPC",0.8917,"milligram",2.5,,0,,"OK"
"df1bbfd2-2ee1-4805-811a-1a2ab9766e52","D19","CARI","CARI.AOS.groundwater.well.008","CARI.W8.20190911.PCN","A00000100547","2019-09-11T19:00Z","2019-09-11T19:00Z","EcoCore_CSU","TPN",0.2071,"milligram",2.5,,0,,"OK"
"d40bf334-c859-447c-977b-6211b2b98d39","D19","CARI","CARI.AOS.groundwater.well.008","CARI.W8.20190911.FIL","A00000065838","2019-09-11T19:00Z","2019-09-11T19:00Z","EcoCore_CSU","UV Absorbance (280 nm)",0.3760,,2.5,,0,,"OK"
"d0a62add-2d1d-4c13-8de3-7dc83e62a336","D19","CARI","CARI.AOS.groundwater.well.008","CARI.W8.20190911.FIL","A00000065838","2019-09-11T19:00Z","2019-09-11T19:00Z","EcoCore_CSU","UV Absorbance (250 nm)",0.5290,,2.5,,0,,"OK"
"90e130a0-d4e0-47c8-a311-88118b0cc971","D19","CARI","CARI.AOS.groundwater.well.008","CARI.W8.20190911.FIL","A00000065838","2019-09-11T19:00Z","2019-09-11T19:00Z","EcoCore_CSU","NO2 - N",0.0019,"milligramsPerLiter",2.5,,0,,"OK"
"87248e99-fc47-4257-91bc-8dbdb46d14f5","D19","CARI","CARI.AOS.groundwater.well.008","CARI.W8.20190911.FIL","A00000065838","2019-09-11T19:00Z","2019-09-11T19:00Z","EcoCore_CSU","Ortho - P",0.0450,"milligramsPerLiter",2.5,,0,,"OK"
"3ed54611-0d28-4bc2-ba0d-0d83887d3b10","D19","CARI","CARI.AOS.groundwater.well.008","CARI.W8.20190911.FIL","A00000065838","2019-09-11T19:00Z","2019-09-11T19:00Z","EcoCore_CSU","NO3+NO2 - N",0.0148,"milligramsPerLiter",2.5,,0,,"OK"
"0dc93a8a-fd47-4449-849a-75a3acf7de5a","D19","CARI","CARI.AOS.groundwater.well.008","CARI.W8.20190911.FIL","A00000065838","2019-09-11T19:00Z","2019-09-11T19:00Z","EcoCore_CSU","NH4 - N",1.4304,"milligramsPerLiter",2.5,,0,,"OK"
"0c993c6f-2eee-4522-9ceb-d6122c2c5184","D19","CARI","CARI.AOS.groundwater.well.008","CARI.W8.20190911.RAW","A00000065918","2019-09-11T19:00Z","2019-09-11T19:00Z","EcoCore_CSU","TP",0.6580,"milligramsPerLiter",2.5,,0,,"OK"
"3730120c-47ed-4b4a-9352-a6c7c20c33ec","D19","CARI","CARI.AOS.groundwater.well.008","CARI.W8.20190911.RAW","A00000065918","2019-09-11T19:00Z","2019-09-11T19:00Z","EcoCore_CSU","ANC",0.7400,"milliequivalentsPerLiter",2.5,,0,,"OK"
"33bd8c89-db72-4917-b22c-f776ee3d2509","D19","CARI","CARI.AOS.groundwater.well.008","CARI.W8.20190911.RAW","A00000065918","2019-09-11T19:00Z","2019-09-11T19:00Z","EcoCore_CSU","TSS - Dry Mass",3900.0000,"microgram",2.5,,0,,"OK"
"63e37d60-10cb-459a-8496-1f27d437a9d3","D19","CARI","CARI.AOS.groundwater.well.008","CARI.W8.20190911.RAW","A00000065918","2019-09-11T19:00Z","2019-09-11T19:00Z","EcoCore_CSU","pH",5.9500,"pH",2.5,,0,,"OK"
"8bf6ac77-b0e3-403e-8609-93cb108d6fc3","D19","CARI","CARI.AOS.groundwater.well.008","CARI.W8.20190911.RAW","A00000065918","2019-09-11T19:00Z","2019-09-11T19:00Z","EcoCore_CSU","TSS",78.0000,"milligramsPerLiter",2.5,,0,,"OK"
"99a5ac8b-aa66-4c37-ad78-8cf5620f7ca7","D19","CARI","CARI.AOS.groundwater.well.008","CARI.W8.20190911.RAW","A00000065918","2019-09-11T19:00Z","2019-09-11T19:00Z","EcoCore_CSU","specificConductance",146.0000,"microsiemensPerCentimeter",2.5,,0,,"OK"
"4dea2f09-0527-427b-b269-404d660d16ad","D19","CARI","CARI.AOS.groundwater.well.007","CARI.W7.20190911.RAW","A00000065820","2019-09-11T19:41Z","2019-09-11T19:41Z","EcoCore_CSU","ANC",0.9800,"milliequivalentsPerLiter",2.5,,0,,"OK"
"a60bda7e-4782-449d-9c5a-e1835fa7b0fe","D19","CARI","CARI.AOS.groundwater.well.007","CARI.W7.20190911.RAW","A00000065820","2019-09-11T19:41Z","2019-09-11T19:41Z","EcoCore_CSU","specificConductance",96.8100,"microsiemensPerCentimeter",2.5,,0,,"OK"
"4b38b2e4-44b2-449f-b7e4-c43097a613f2","D19","CARI","CARI.AOS.groundwater.well.007","CARI.W7.20190911.RAW","A00000065820","2019-09-11T19:41Z","2019-09-11T19:41Z","EcoCore_CSU","TSS",32.0000,"milligramsPerLiter",2.5,,0,,"OK"
"74fb0313-bf2f-461d-acd9-cb3793fc4c82","D19","CARI","CARI.AOS.groundwater.well.007","CARI.W7.20190911.RAW","A00000065820","2019-09-11T19:41Z","2019-09-11T19:41Z","EcoCore_CSU","TSS - Dry Mass",1600.0000,"microgram",2.5,,0,,"OK"
"7a692076-655c-4327-be46-947c2cafc040","D19","CARI","CARI.AOS.groundwater.well.007","CARI.W7.20190911.RAW","A00000065820","2019-09-11T19:41Z","2019-09-11T19:41Z","EcoCore_CSU","TP",0.3353,"milligramsPerLiter",2.5,,0,,"OK"
"e22ea903-b09c-4b70-8b7b-810d3f074eb9","D19","CARI","CARI.AOS.groundwater.well.007","CARI.W7.20190911.RAW","A00000065820","2019-09-11T19:41Z","2019-09-11T19:41Z","EcoCore_CSU","pH",6.7500,"pH",2.5,,0,,"OK"
"b49177c1-ee1e-479a-9677-70aaae4bb907","D19","CARI","CARI.AOS.groundwater.well.007","CARI.W7.20190911.FIL","A00000065822","2019-09-11T19:41Z","2019-09-11T19:41Z","EcoCore_CSU","UV Absorbance (250 nm)",0.6450,,2.5,,0,,"OK"
"12392394-0445-401c-bdc1-5e16a78ef5dd","D19","CARI","CARI.AOS.groundwater.well.007","CARI.W7.20190911.FIL","A00000065822","2019-09-11T19:41Z","2019-09-11T19:41Z","EcoCore_CSU","UV Absorbance (280 nm)",0.4253,,2.5,,0,,"OK"
"d566fc85-0f7d-4c7a-b055-1900188d70fa","D19","CARI","CARI.AOS.groundwater.well.007","CARI.W7.20190911.RAW","A00000065820","2019-09-11T19:41Z","2019-09-11T19:41Z","EcoCore_CSU","TN",1.2970,"milligramsPerLiter",2.5,,0,,"OK"
"ed7c579b-9056-41a6-8a9b-aaa87beddf54","D19","CARI","CARI.AOS.groundwater.well.007","CARI.W7.20190911.RAW","A00000065820","2019-09-11T19:41Z","2019-09-11T19:41Z","EcoCore_CSU","TOC",23.7100,"milligramsPerLiter",2.5,,0,,"OK"
"10398f3f-56ae-47ad-9865-f9fe1b11f5fe","D19","CARI","CARI.AOS.groundwater.well.007","CARI.W7.20190911.FIL","A00000065822","2019-09-11T19:41Z","2019-09-11T19:41Z","EcoCore_CSU","DIC",13.5100,"milligramsPerLiter",2.5,"Filtered in 250ml bottle|not enough to deliver to SWAPT",0,,"OK"
"5aa1e071-728e-42a8-9355-746a3a95a55b","D19","CARI","CARI.AOS.groundwater.well.007","CARI.W7.20190911.FIL","A00000065822","2019-09-11T19:41Z","2019-09-11T19:41Z","EcoCore_CSU","TDN",1.2870,"milligramsPerLiter",0.5,,0,,"OK"
"77e2e431-c576-41f8-b85e-9d83c18cb609","D19","CARI","CARI.AOS.groundwater.well.007","CARI.W7.20190911.FIL","A00000065822","2019-09-11T19:41Z","2019-09-11T19:41Z","EcoCore_CSU","DOC",23.8500,"milligramsPerLiter",0.8,,0,,"OK"
"10b1cca1-e0e3-4984-9a9f-683eb7afc065","D19","CARI","CARI.AOS.groundwater.well.007","CARI.W7.20190911.FIL","A00000065822","2019-09-11T19:41Z","2019-09-11T19:41Z","EcoCore_CSU","Ortho - P",0.0530,"milligramsPerLiter",2.5,"Filtered in 250ml bottle|not enough to deliver to SWAPT",0,,"OK"
"0ade6509-33db-4495-a88c-d1942be94a8e","D19","CARI","CARI.AOS.groundwater.well.007","CARI.W7.20190911.FIL","A00000065822","2019-09-11T19:41Z","2019-09-11T19:41Z","EcoCore_CSU","NO3+NO2 - N",0.0268,"milligramsPerLiter",2.5,"Filtered in 250ml bottle|not enough to deliver to SWAPT",0,,"OK"
"64eca50f-0745-419b-9b31-578bd49a32d6","D19","CARI","CARI.AOS.groundwater.well.007","CARI.W7.20190911.FIL","A00000065822","2019-09-11T19:41Z","2019-09-11T19:41Z","EcoCore_CSU","NH4 - N",0.3585,"milligramsPerLiter",2.5,"Filtered in 250ml bottle|not enough to deliver to SWAPT",0,,"OK"
"fbedd635-ccdc-4961-bd81-e83388aa0ed0","D19","CARI","CARI.AOS.groundwater.well.007","CARI.W7.20190911.FIL","A00000065822","2019-09-11T19:41Z","2019-09-11T19:41Z","EcoCore_CSU","NO2 - N",-0.0113,"milligramsPerLiter",2.5,"Filtered in 250ml bottle|not enough to deliver to SWAPT",0,,"OK"
"3a0c5808-cf48-480f-b3e1-4e007f75d593","D19","CARI","CARI.AOS.groundwater.well.007","CARI.W7.20190911.PCN","A00000100531","2019-09-11T19:41Z","2019-09-11T19:41Z","EcoCore_CSU","TPC",0.3201,"milligram",2.5,,0,,"OK"
"169f5511-1890-4d80-9386-044ffe465d89","D19","CARI","CARI.AOS.groundwater.well.007","CARI.W7.20190911.PCN","A00000100531","2019-09-11T19:41Z","2019-09-11T19:41Z","EcoCore_CSU","TPN",0.1584,"milligram",2.5,,0,,"OK"
"f10caad6-85e9-466c-995e-9033cb7d6f00","D19","CARI","CARI.AOS.groundwater.well.007","CARI.W7.20190911.DIC","A00000100533","2019-09-11T19:41Z","2019-09-11T19:41Z","EcoCore_CSU","pH",6.0200,"pH",2.5,"DIC and pH only",0,,"OK"
"287c5889-29b9-4a55-8642-fc9fb88d080f","D19","CARI","CARI.AOS.groundwater.well.007","CARI.W7.20190911.DIC","A00000100533","2019-09-11T19:41Z","2019-09-11T19:41Z","EcoCore_CSU","DIC",27.3400,"milligramsPerLiter",2.5,"DIC and pH only",0,,"OK"
"c9878e3d-5718-4f78-8570-25e7a4c7fea0","D19","CARI","CARI.AOS.groundwater.well.001","CARI.W1.20190911.DIC","A00000100535","2019-09-11T21:46Z","2019-09-11T21:46Z","EcoCore_CSU","DIC",30.9700,"milligramsPerLiter",2.5,"DIC and pH only",0,,"OK"
"8fe26f46-2ecf-4652-8daf-4028f27686d4","D19","CARI","CARI.AOS.groundwater.well.001","CARI.W1.20190911.DIC","A00000100535","2019-09-11T21:46Z","2019-09-11T21:46Z","EcoCore_CSU","pH",6.1200,"pH",2.5,"DIC and pH only",0,,"OK"
"2bf3de88-a4cf-4f6d-8865-1c6f2c2a3ec2","D19","CARI","CARI.AOS.groundwater.well.001","CARI.W1.20190911.PCN","A00000100549","2019-09-11T21:46Z","2019-09-11T21:46Z","EcoCore_CSU","TPC",2.1669,"milligram",2.5,,0,,"OK"
"5eb0f5f6-8208-45f9-ad35-7fc705a906af","D19","CARI","CARI.AOS.groundwater.well.001","CARI.W1.20190911.FIL","A00000065819","2019-09-11T21:46Z","2019-09-11T21:46Z","EcoCore_CSU","DIC",25.0800,"milligramsPerLiter",2.5,"Filtered in 250ml bottle|not enough to deliver to SWAPT",0,,"OK"
"76c53f5a-c9fa-4d6d-a61b-fa7ab22c7afd","D19","CARI","CARI.AOS.groundwater.well.001","CARI.W1.20190911.FIL","A00000065819","2019-09-11T21:46Z","2019-09-11T21:46Z","EcoCore_CSU","DOC",12.5100,"milligramsPerLiter",-0.1,,0,,"OK"
"e7aab97e-0e86-4248-a421-02e1c7bb4469","D19","CARI","CARI.AOS.groundwater.well.001","CARI.W1.20190911.FIL","A00000065819","2019-09-11T21:46Z","2019-09-11T21:46Z","EcoCore_CSU","TDN",0.5907,"milligramsPerLiter",0.9,,0,,"OK"
"03bf6adb-a109-4a0e-818f-e993b9452108","D19","CARI","CARI.AOS.groundwater.well.001","CARI.W1.20190911.RAW","A00000065818","2019-09-11T21:46Z","2019-09-11T21:46Z","EcoCore_CSU","TN",0.5072,"milligramsPerLiter",2.5,,0,,"OK"
"7a88b0bb-aaf5-493a-99e5-53502b7bcd90","D19","CARI","CARI.AOS.groundwater.well.001","CARI.W1.20190911.RAW","A00000065818","2019-09-11T21:46Z","2019-09-11T21:46Z","EcoCore_CSU","TOC",11.5500,"milligramsPerLiter",2.5,,0,,"OK"
"2692f4cf-aab2-43cd-aef3-323603c70e2b","D19","CARI","CARI.AOS.groundwater.well.001","CARI.W1.20190911.FIL","A00000065819","2019-09-11T21:46Z","2019-09-11T21:46Z","EcoCore_CSU","UV Absorbance (250 nm)",0.2924,,2.5,,0,,"OK"
"65f1ac1a-6d4b-4edf-86d5-8f4da2d6f914","D19","CARI","CARI.AOS.groundwater.well.001","CARI.W1.20190911.FIL","A00000065819","2019-09-11T21:46Z","2019-09-11T21:46Z","EcoCore_CSU","UV Absorbance (280 nm)",0.1958,,2.5,,0,,"OK"
"187c44fc-fe88-433a-b941-4d82a7a8ad11","D19","CARI","CARI.AOS.groundwater.well.001","CARI.W1.20190911.FIL","A00000065819","2019-09-11T21:46Z","2019-09-11T21:46Z","EcoCore_CSU","NO2 - N",-0.0041,"milligramsPerLiter",2.5,,0,,"OK"
"9232dfa5-16a4-4d9e-841f-fe0b907c73a7","D19","CARI","CARI.AOS.groundwater.well.001","CARI.W1.20190911.FIL","A00000065819","2019-09-11T21:46Z","2019-09-11T21:46Z","EcoCore_CSU","NH4 - N",0.1288,"milligramsPerLiter",2.5,,0,,"OK"
"648cb0f2-52e3-4074-9f69-6cf379a2cfb5","D19","CARI","CARI.AOS.groundwater.well.001","CARI.W1.20190911.FIL","A00000065819","2019-09-11T21:46Z","2019-09-11T21:46Z","EcoCore_CSU","NO3+NO2 - N",0.0195,"milligramsPerLiter",2.5,,0,,"OK"
"63dbf803-4426-47b2-9a38-66cd67799288","D19","CARI","CARI.AOS.groundwater.well.001","CARI.W1.20190911.FIL","A00000065819","2019-09-11T21:46Z","2019-09-11T21:46Z","EcoCore_CSU","Ortho - P",0.0480,"milligramsPerLiter",2.5,,0,,"OK"
"f14e9c3d-448e-4268-b78b-8add7625de7e","D19","CARI","CARI.AOS.groundwater.well.001","CARI.W1.20190911.RAW","A00000065818","2019-09-11T21:46Z","2019-09-11T21:46Z","EcoCore_CSU","pH",6.2600,"pH",2.5,,0,,"OK"
"9736e62d-4ee2-4a9d-8905-3d1a9a487c27","D19","CARI","CARI.AOS.groundwater.well.001","CARI.W1.20190911.RAW","A00000065818","2019-09-11T21:46Z","2019-09-11T21:46Z","EcoCore_CSU","specificConductance",85.1000,"microsiemensPerCentimeter",2.5,,0,,"OK"
"9b886219-a3c9-4af9-94ca-5aa46bd91c80","D19","CARI","CARI.AOS.groundwater.well.001","CARI.W1.20190911.RAW","A00000065818","2019-09-11T21:46Z","2019-09-11T21:46Z","EcoCore_CSU","TP",0.8347,"milligramsPerLiter",2.5,,0,,"OK"
"c2153857-cfba-4243-a908-85284aaa69aa","D19","CARI","CARI.AOS.groundwater.well.001","CARI.W1.20190911.RAW","A00000065818","2019-09-11T21:46Z","2019-09-11T21:46Z","EcoCore_CSU","TSS",648.0000,"milligramsPerLiter",2.5,,0,,"OK"
"b14bfaa4-e39a-4f42-acac-4fdf93cd8d55","D19","CARI","CARI.AOS.groundwater.well.001","CARI.W1.20190911.RAW","A00000065818","2019-09-11T21:46Z","2019-09-11T21:46Z","EcoCore_CSU","ANC",1.1500,"milliequivalentsPerLiter",2.5,,0,,"OK"
"3772f8c4-4e67-4165-9f34-54a11da365ea","D19","CARI","CARI.AOS.groundwater.well.001","CARI.W1.20190911.RAW","A00000065818","2019-09-11T21:46Z","2019-09-11T21:46Z","EcoCore_CSU","TSS - Dry Mass",32400.0000,"microgram",2.5,,0,,"OK"
"75b45fe9-2135-4ee6-b7d8-718ff04431cd","D19","CARI","CARI.AOS.groundwater.well.001","CARI.W1.20190911.PCN","A00000100549","2019-09-11T21:46Z","2019-09-11T21:46Z","EcoCore_CSU","TPN",0.2181,"milligram",2.5,,0,,"OK"
"e90ff455-0bce-41e2-a08e-303f4bffc832","D19","CARI","CARI.AOS.groundwater.well.005","CARI.W5.20190911.DIC","A00000100534","2019-09-11T22:01Z","2019-09-11T22:01Z","EcoCore_CSU","DIC",28.3300,"milligramsPerLiter",2.5,"DIC and pH only",0,,"OK"
"669a6e2d-7a36-43ee-9ad2-1f7ebab30724","D19","CARI","CARI.AOS.groundwater.well.005","CARI.W5.20190911.DIC","A00000100534","2019-09-11T22:01Z","2019-09-11T22:01Z","EcoCore_CSU","pH",6.1300,"pH",2.5,"DIC and pH only",0,,"OK"
"489d2240-abc8-4c22-9d9d-18193820e4c1","D19","CARI","CARI.AOS.groundwater.well.005","CARI.W5.20190911.PCN","A00000100548","2019-09-11T22:01Z","2019-09-11T22:01Z","EcoCore_CSU","TPC",0.6087,"milligram",2.5,,0,,"OK"
"9a282f6a-8252-4a56-9bf2-cdcaffa7bb16","D19","CARI","CARI.AOS.groundwater.well.005","CARI.W5.20190911.PCN","A00000100548","2019-09-11T22:01Z","2019-09-11T22:01Z","EcoCore_CSU","TPN",0.1442,"milligram",2.5,,0,,"OK"
"0c75c7c2-23bf-4d4f-aff2-f07c7d0fb131","D19","CARI","CARI.AOS.groundwater.well.005","CARI.W5.20190911.FIL","A00000065821","2019-09-11T22:01Z","2019-09-11T22:01Z","EcoCore_CSU","NO3+NO2 - N",0.0273,"milligramsPerLiter",2.5,"Filtered in 250ml bottle|not enough to deliver to SWAPT",0,,"OK"
"d04574f7-39bf-40c3-95c6-cd4bb914bed9","D19","CARI","CARI.AOS.groundwater.well.005","CARI.W5.20190911.FIL","A00000065821","2019-09-11T22:01Z","2019-09-11T22:01Z","EcoCore_CSU","Ortho - P",0.0830,"milligramsPerLiter",2.5,"Filtered in 250ml bottle|not enough to deliver to SWAPT",0,,"OK"
"06fb8c25-5cb6-496e-ae0a-00f8510fd8f0","D19","CARI","CARI.AOS.groundwater.well.005","CARI.W5.20190911.FIL","A00000065821","2019-09-11T22:01Z","2019-09-11T22:01Z","EcoCore_CSU","NO2 - N",0.0034,"milligramsPerLiter",2.5,"Filtered in 250ml bottle|not enough to deliver to SWAPT",0,,"OK"
"13538027-ab4b-49aa-8c7f-df6a60b0e547","D19","CARI","CARI.AOS.groundwater.well.005","CARI.W5.20190911.FIL","A00000065821","2019-09-11T22:01Z","2019-09-11T22:01Z","EcoCore_CSU","NH4 - N",1.8399,"milligramsPerLiter",2.5,"Filtered in 250ml bottle|not enough to deliver to SWAPT",0,,"OK"
"121a9f78-c147-4b47-b436-19bc112a7f5d","D19","CARI","CARI.AOS.groundwater.well.005","CARI.W5.20190911.FIL","A00000065821","2019-09-11T22:01Z","2019-09-11T22:01Z","EcoCore_CSU","TDN",2.6630,"milligramsPerLiter",0.9,,0,,"OK"
"92981fdb-4d58-43de-a143-9b48b15547ef","D19","CARI","CARI.AOS.groundwater.well.005","CARI.W5.20190911.FIL","A00000065821","2019-09-11T22:01Z","2019-09-11T22:01Z","EcoCore_CSU","DOC",37.1500,"milligramsPerLiter",2.4,,0,,"OK"
"57ac8cb6-9ede-4851-bc84-b9a027a59ea8","D19","CARI","CARI.AOS.groundwater.well.005","CARI.W5.20190911.FIL","A00000065821","2019-09-11T22:01Z","2019-09-11T22:01Z","EcoCore_CSU","DIC",17.9000,"milligramsPerLiter",2.5,"Filtered in 250ml bottle|not enough to deliver to SWAPT",0,,"OK"
"3cf3406b-bc08-4762-83d9-51d28aff180b","D19","CARI","CARI.AOS.groundwater.well.005","CARI.W5.20190911.RAW","A00000065856","2019-09-11T22:01Z","2019-09-11T22:01Z","EcoCore_CSU","TOC",33.7900,"milligramsPerLiter",2.5,,0,,"OK"
"17856df2-dbfb-4788-9932-e676626a8df9","D19","CARI","CARI.AOS.groundwater.well.005","CARI.W5.20190911.RAW","A00000065856","2019-09-11T22:01Z","2019-09-11T22:01Z","EcoCore_CSU","TN",2.5810,"milligramsPerLiter",2.5,,0,,"OK"
"3bc92c0d-6bcf-49fe-9898-06b0c145c3b5","D19","CARI","CARI.AOS.groundwater.well.005","CARI.W5.20190911.FIL","A00000065821","2019-09-11T22:01Z","2019-09-11T22:01Z","EcoCore_CSU","UV Absorbance (250 nm)",2.2445,,2.5,,0,,"OK"
"5a54917d-cdbf-4772-bba3-4237829fbb51","D19","CARI","CARI.AOS.groundwater.well.005","CARI.W5.20190911.FIL","A00000065821","2019-09-11T22:01Z","2019-09-11T22:01Z","EcoCore_CSU","UV Absorbance (280 nm)",1.6153,,2.5,,0,,"OK"
"6a891f2c-bc4a-41d1-a6dc-e7f9a24846cc","D19","CARI","CARI.AOS.groundwater.well.005","CARI.W5.20190911.RAW","A00000065856","2019-09-11T22:01Z","2019-09-11T22:01Z","EcoCore_CSU","ANC",1.2400,"milliequivalentsPerLiter",2.5,,0,,"OK"
"534dcca4-751e-4f06-83e4-1cc0cebe7c5e","D19","CARI","CARI.AOS.groundwater.well.005","CARI.W5.20190911.RAW","A00000065856","2019-09-11T22:01Z","2019-09-11T22:01Z","EcoCore_CSU","specificConductance",78.6800,"microsiemensPerCentimeter",2.5,,0,,"OK"
"cedeeea0-daba-41cd-b335-8b9671e6af08","D19","CARI","CARI.AOS.groundwater.well.005","CARI.W5.20190911.RAW","A00000065856","2019-09-11T22:01Z","2019-09-11T22:01Z","EcoCore_CSU","pH",6.3300,"pH",2.5,,0,,"OK"
"10bf16b2-2277-4779-aa9d-e7d793b7969d","D19","CARI","CARI.AOS.groundwater.well.005","CARI.W5.20190911.RAW","A00000065856","2019-09-11T22:01Z","2019-09-11T22:01Z","EcoCore_CSU","TSS",548.0000,"milligramsPerLiter",2.5,,0,,"OK"
"f7e0ac61-d83c-40c7-a578-cae75b04552b","D19","CARI","CARI.AOS.groundwater.well.005","CARI.W5.20190911.RAW","A00000065856","2019-09-11T22:01Z","2019-09-11T22:01Z","EcoCore_CSU","TP",0.5939,"milligramsPerLiter",2.5,,0,,"OK"
"2c14ee38-f6e0-4baa-95ea-e151a47c1097","D19","CARI","CARI.AOS.groundwater.well.005","CARI.W5.20190911.RAW","A00000065856","2019-09-11T22:01Z","2019-09-11T22:01Z","EcoCore_CSU","TSS - Dry Mass",27400.0000,"microgram",2.5,,0,,"OK"
