uid,domainID,siteID,namedLocation,decimalLatitude,decimalLongitude,coordinateUncertainty,elevation,elevationUncertainty,geodeticDatum,collectDate,aquaticSiteType,samplingImpractical,waterChemSamplesCollected,adequateSampleVol,parentSampleID,eventID,swcSamplingProtocolVersion,sampleExtractionMethod,samplerType,totalWellDepth,wellWaterDepth,waterColumnHeight,sampleDepth,purgeAverageDischargeRate,purgeTime,gwWellStabilized,purgeDryDateTime,pumpPlacementDate,screenedIntervalDepth,maxAllowableDrawdown,actualDrawdown,MADExceeded,wellVolumePurged,probeIDUnavailable,dissolvedOxygen,dissolvedOxygenSaturation,specificConductance,waterTemp,pH,waterClarityDescrip,waterColorDescrip,aCollectedBy,bCollectedBy,remarks
"bcee1504-db49-4d8d-98fb-8781dee6727b","D19","CARI","CARI.AOS.groundwater.well.008",65.153230,-147.501795,0.1,228.2,0.1,"WGS84","2019-09-11T19:00Z","stream",,,"N","CARI.W8.20190911","CARI.20190911","NEON.DOC.002905vF","Syringe","Syringe",,,,,,,,,,,,,,,,3.10,25.00,142.40,4.80,,,,"0000-0002-2848-7952","0000-0002-1118-0428",
"f4eb966d-4572-4279-9b09-93377235e6e5","D19","CARI","CARI.AOS.groundwater.well.007",65.152719,-147.501857,0.1,227.5,0.1,"WGS84","2019-09-11T19:41Z","stream",,,"Y","CARI.W7.20190911","CARI.20190911","NEON.DOC.002905vF","Syringe","Syringe",,,,,,,,,,,,,,,,,,,,8.96,,,"0000-0002-1118-0428","0000-0002-2848-7952",
"1391069e-695c-48ff-9130-fb7df7d1b39f","D19","CARI","CARI.AOS.groundwater.well.001",65.152809,-147.508033,0.1,231.0,0.1,"WGS84","2019-09-11T21:46Z","stream",,,"Y","CARI.W1.20190911","CARI.20190911","NEON.DOC.002905vF","Syringe","Syringe",,,,,,,,,,,,,,,,6.10,53.00,98.10,5.10,9.01,,,"0000-0002-2848-7952","0000-0002-1118-0428",
"af367470-9e4c-46f5-b4ff-e029fce8c869","D19","CARI","CARI.AOS.groundwater.well.005",65.152238,-147.507904,0.1,232.2,0.1,"WGS84","2019-09-11T22:01Z","stream",,,"Y","CARI.W5.20190911","CARI.20190911","NEON.DOC.002905vF","Syringe","Syringe",,,,,,,,,,,,,,,,4.20,38.00,171.90,8.90,7.69,,,,"0000-0002-1118-0428",
