uid,domainID,siteID,namedLocation,collectDate,parentSampleID,sampleCondition,sampleID,replicateNumber,gwwDICBubbleFree,gwwFiltSampleHeadspace,gwwAlkSampleHeadspace,gwwAlkSampleBubbleFree,processedDate,processedDateFilters,sampleVolumeFiltered,shipmentTimeRange
"272ac723-9fe6-409f-8e76-56eeddd98a00","D19","CARI","CARI.AOS.groundwater.well.008","2019-09-11T19:00Z","CARI.W8.20190911",,"CARI.W8.20190911",1,,"Y",,,"2019-09-12T00:59Z","2019-09-12T00:59Z",50.0,
"b508857a-896e-4937-90ee-f7409eb3c4c3","D19","CARI","CARI.AOS.groundwater.well.007","2019-09-11T19:41Z","CARI.W7.20190911","Sample condition ok","CARI.W7.20190911",1,"Y","Y",,"Y","2019-09-12T00:55Z","2019-09-12T00:55Z",150.0,
"5935b005-5f22-42bb-bddc-0b45590b8ddf","D19","CARI","CARI.AOS.groundwater.well.001","2019-09-11T21:46Z","CARI.W1.20190911","Sample condition ok","CARI.W1.20190911",1,"Y","Y",,"Y","2019-09-12T00:41Z","2019-09-12T00:41Z",26.0,
"dcd8b223-0cb2-41b0-abff-161ccac04b76","D19","CARI","CARI.AOS.groundwater.well.005","2019-09-11T22:01Z","CARI.W5.20190911","Sample condition ok","CARI.W5.20190911",1,"Y","Y",,"Y","2019-09-12T00:48Z","2019-09-12T00:48Z",30.0,
