uid,domainID,siteID,namedLocation,collectDate,parentSampleID,sampleCondition,sampleID,replicateNumber,gwwDICBubbleFree,gwwFiltSampleHeadspace,gwwAlkSampleHeadspace,gwwAlkSampleBubbleFree,processedDate,processedDateFilters,sampleVolumeFiltered,shipmentTimeRange
"4af8ebe4-edc2-4d3e-b562-78c6c02e3619","D14","SYCA","SYCA.AOS.groundwater.well.003","2017-10-04T17:00Z","SYCA.W3.20171004","Other (specified in remarks)","SYCA.W3.20171004",1,,,,,"2017-10-04T16:30Z","2017-10-04T17:01Z",1800.0,
"70b4bbba-8ea1-4a1d-9d11-ab414ac4645a","D14","SYCA","SYCA.AOS.groundwater.well.004","2017-10-04T18:41Z","SYCA.W4.20171004","Other (specified in remarks)","SYCA.W4.20171004",1,,,,,"2017-10-04T18:41Z","2017-10-04T18:41Z",1600.0,
"06fc99cf-ce78-45a1-aab5-18b63349f32e","D14","SYCA","SYCA.AOS.groundwater.well.002","2017-10-04T21:27Z","SYCA.W2.20171004","Other (specified in remarks)","SYCA.W2.20171004",1,,,,,"2017-10-04T21:27Z","2017-10-04T21:27Z",1200.0,
"374cb15a-ae64-4637-8935-1409787fbb8f","D14","SYCA","SYCA.AOS.groundwater.well.001","2017-10-04T22:42Z","SYCA.W1.20171004","Other (specified in remarks)","SYCA.W1.20171004",1,,,,,"2017-10-04T22:42Z","2017-10-04T22:42Z",330.0,
