uid,domainID,siteID,namedLocation,collectDate,titrationDate,parentSampleID,domainSampleID,remarks,measuredBy,alkMeqPerL,alkMgPerL,ancMeqPerL,ancMgPerL
"87759020-53a5-4bdd-b7cb-d7a47e095c7a","D14","SYCA","SYCA.AOS.groundwater.well.003","2017-10-04T17:00Z","2017-10-05T15:46Z","SYCA.W3.20171004","SYCA.W3.20171004.ALK",,"Apitz",5.060,253.000,,
"b46e0cb7-31b3-4fd9-a1d1-815b2e7898af","D14","SYCA","SYCA.AOS.groundwater.well.004","2017-10-04T18:41Z","2017-10-05T16:23Z","SYCA.W4.20171004","SYCA.W4.20171004.ALK",,"Apitz",4.940,247.000,,
"b2db342e-a4a6-4c35-91a8-012718828116","D14","SYCA","SYCA.AOS.groundwater.well.002","2017-10-04T21:27Z","2017-10-05T19:50Z","SYCA.W2.20171004","SYCA.W2.20171004.ALK",,"Msandifer",4.740,237.000,,
"d569dacd-8a42-4c16-a785-5b79c33b4c35","D14","SYCA","SYCA.AOS.groundwater.well.001","2017-10-04T22:42Z","2017-10-05T21:05Z","SYCA.W1.20171004","SYCA.W1.20171004.ALK",,"Msandifer",5.000,250.000,,
