uid,domainID,siteID,namedLocation,decimalLatitude,decimalLongitude,coordinateUncertainty,elevation,elevationUncertainty,geodeticDatum,collectDate,aquaticSiteType,samplingImpractical,waterChemSamplesCollected,adequateSampleVol,parentSampleID,eventID,swcSamplingProtocolVersion,sampleExtractionMethod,samplerType,totalWellDepth,wellWaterDepth,waterColumnHeight,sampleDepth,purgeAverageDischargeRate,purgeTime,gwWellStabilized,purgeDryDateTime,pumpPlacementDate,screenedIntervalDepth,maxAllowableDrawdown,actualDrawdown,MADExceeded,wellVolumePurged,probeIDUnavailable,dissolvedOxygen,dissolvedOxygenSaturation,specificConductance,waterTemp,pH,waterClarityDescrip,waterColorDescrip,aCollectedBy,bCollectedBy,remarks
"221c823b-b981-451e-99d0-d6fe49a3484e","D14","SYCA","SYCA.AOS.groundwater.well.003",33.750864,-111.507595,0.1,646.4,0.1,"WGS84","2017-10-04T17:00Z","stream",,,,"SYCA.W3.20171004","SYCA.20171004","NEON.DOC.002905vE","low-flow","Groundwater Pump",6.0,3.6,2.3,4.6,,,,,,,,,,4.9,,2.17,25.60,525.00,23.30,,"clear","colorless","Rmore-hla@battelleecology.org","apitz@battelleecology.org","First GWC sampling at SYCA"
"9add11bd-3503-406e-80c8-1151b22d8a98","D14","SYCA","SYCA.AOS.groundwater.well.004",33.750662,-111.507276,0.1,646.2,0.1,"WGS84","2017-10-04T18:41Z","stream",,,,"SYCA.W4.20171004","SYCA.20171004","NEON.DOC.002905vE","low-flow","Groundwater Pump",6.1,4.2,1.9,5.2,,,,,,,,,,4.1,,2.00,24.40,532.00,25.20,,"clear","colorless","Rmore-hla@battelleecology.org","apitz@battelleecology.org",
"5a593fff-91dd-4bf3-bac9-64c3d4063467","D14","SYCA","SYCA.AOS.groundwater.well.002",33.750561,-111.507255,0.1,646.1,0.1,"WGS84","2017-10-04T21:27Z","stream",,,,"SYCA.W2.20171004","SYCA.20171004","NEON.DOC.002905vE","low-flow","Groundwater Pump",6.6,4.0,2.6,5.0,,,,,,,,,,5.4,,1.30,16.30,537.00,26.50,,"clear","colorless","Rmore-hla@battelleecology.org","apitz@battelleecology.org",
"5f58147b-80bc-4b77-b5d3-75d2abe5028e","D14","SYCA","SYCA.AOS.groundwater.well.001",33.750514,-111.507112,0.1,646.2,0.1,"WGS84","2017-10-04T22:42Z","stream",,,,"SYCA.W1.20171004","SYCA.20171004","NEON.DOC.002905vE","low-flow","Groundwater Pump",6.7,4.2,2.5,5.2,,,,,,,,,,2.4,,2.02,25.10,535.00,26.50,,"cloudy","brown","Rmore-hla@battelleecology.org","apitz@battelleecology.org",
