uid,domainID,siteID,namedLocation,sampleID,sampleCode,startDate,collectDate,laboratoryName,analyte,analyteConcentration,analyteUnits,coolerTemp,remarks,shipmentWarmQF,externalLabDataQF,sampleCondition
"2d7899b3-ea39-4654-ac24-676410a6d516","D14","SYCA","SYCA.AOS.groundwater.well.003","SYCA.W3.20171004.RAW",,"2017-10-04T17:00Z","2017-10-04T17:00Z","EcoCore_CSU","TP",0.0870,"milligramsPerLiter",3.7,,0,"formatChange","GOOD"
"afb0e10c-8881-48f4-92d6-31a11dd4ccbd","D14","SYCA","SYCA.AOS.groundwater.well.003","SYCA.W3.20171004.FIL",,"2017-10-04T17:00Z","2017-10-04T17:00Z","EcoCore_CSU","NO2 - N",0.0047,"milligramsPerLiter",3.7,,0,"formatChange","GOOD"
"32a3ae2c-4bfb-43ae-8fd3-8a5ca9de54d0","D14","SYCA","SYCA.AOS.groundwater.well.003","SYCA.W3.20171004.FIL",,"2017-10-04T17:00Z","2017-10-04T17:00Z","EcoCore_CSU","UV Absorbance (280 nm)",0.0187,,3.7,,0,"formatChange","GOOD"
"eb20ffdd-9922-41cd-925c-bd992ea84f84","D14","SYCA","SYCA.AOS.groundwater.well.003","SYCA.W3.20171004.PCN",,"2017-10-04T17:00Z","2017-10-04T17:00Z","EcoCore_CSU","TPC",0.2906,"milligram",3.7,,0,"formatChange","GOOD"
"b8545841-4070-4e1d-9740-778d69715384","D14","SYCA","SYCA.AOS.groundwater.well.003","SYCA.W3.20171004.RAW",,"2017-10-04T17:00Z","2017-10-04T17:00Z","EcoCore_CSU","TSS",0.0000,"milligramsPerLiter",3.7,,0,"formatChange","GOOD"
"3de86657-cda3-45ff-be58-1cc037d9a90a","D14","SYCA","SYCA.AOS.groundwater.well.003","SYCA.W3.20171004.FIL",,"2017-10-04T17:00Z","2017-10-04T17:00Z","EcoCore_CSU","SO4",19.0300,"milligramsPerLiter",3.7,,0,"formatChange","GOOD"
"196deeeb-7ef2-498f-a4e0-bbad7b2c5adf","D14","SYCA","SYCA.AOS.groundwater.well.003","SYCA.W3.20171004.FIL",,"2017-10-04T17:00Z","2017-10-04T17:00Z","EcoCore_CSU","K",1.9480,"milligramsPerLiter",3.7,,0,"formatChange","GOOD"
"10e2e0c9-e641-4d1d-8685-e14d0bc09bb0","D14","SYCA","SYCA.AOS.groundwater.well.003","SYCA.W3.20171004.FIL",,"2017-10-04T17:00Z","2017-10-04T17:00Z","EcoCore_CSU","Ortho - P",0.0420,"milligramsPerLiter",3.7,,0,"formatChange","GOOD"
"130f791e-a929-4ef4-a43b-43c4422a7545","D14","SYCA","SYCA.AOS.groundwater.well.003","SYCA.W3.20171004.FIL",,"2017-10-04T17:00Z","2017-10-04T17:00Z","EcoCore_CSU","TDP",0.0600,"milligramsPerLiter",3.7,,0,"formatChange","GOOD"
"03063194-a40b-46c1-b9a5-1e49920cad0f","D14","SYCA","SYCA.AOS.groundwater.well.003","SYCA.W3.20171004.FIL",,"2017-10-04T17:00Z","2017-10-04T17:00Z","EcoCore_CSU","DIC",65.1100,"milligramsPerLiter",3.7,,0,"formatChange","GOOD"
"0ae2371f-cff6-40d2-9f92-6c54d7c85005","D14","SYCA","SYCA.AOS.groundwater.well.003","SYCA.W3.20171004.FIL",,"2017-10-04T17:00Z","2017-10-04T17:00Z","EcoCore_CSU","NH4 - N",0.1023,"milligramsPerLiter",3.7,,0,"formatChange","GOOD"
"73ac707d-d015-4218-9fab-caeda64fb37d","D14","SYCA","SYCA.AOS.groundwater.well.003","SYCA.W3.20171004.RAW",,"2017-10-04T17:00Z","2017-10-04T17:00Z","EcoCore_CSU","conductivity",601.3000,"microsiemensPerCentimeter",3.7,,0,"formatChange","GOOD"
"1589c105-dc35-471a-855f-dc4c2e26ed5f","D14","SYCA","SYCA.AOS.groundwater.well.003","SYCA.W3.20171004.FIL",,"2017-10-04T17:00Z","2017-10-04T17:00Z","EcoCore_CSU","Si",6.3700,"milligramsPerLiter",3.7,,0,"formatChange","GOOD"
"cdde24b8-3a56-4cbd-beac-30ce58b40781","D14","SYCA","SYCA.AOS.groundwater.well.003","SYCA.W3.20171004.FIL",,"2017-10-04T17:00Z","2017-10-04T17:00Z","EcoCore_CSU","TDS",423.0000,"milligramsPerLiter",3.7,,0,"formatChange","GOOD"
"63b1505a-484c-4caf-b15a-cc093943381a","D14","SYCA","SYCA.AOS.groundwater.well.003","SYCA.W3.20171004.FIL",,"2017-10-04T17:00Z","2017-10-04T17:00Z","EcoCore_CSU","Na",21.3000,"milligramsPerLiter",3.7,,0,"formatChange","GOOD"
"d7cf2df5-7c50-4457-bb0d-e4c5dda6197a","D14","SYCA","SYCA.AOS.groundwater.well.003","SYCA.W3.20171004.FIL",,"2017-10-04T17:00Z","2017-10-04T17:00Z","EcoCore_CSU","NO3+NO2 - N",0.0269,"milligramsPerLiter",3.7,,0,"formatChange","GOOD"
"cf8776f0-7885-4124-a29c-a0a293840ce1","D14","SYCA","SYCA.AOS.groundwater.well.003","SYCA.W3.20171004.FIL",,"2017-10-04T17:00Z","2017-10-04T17:00Z","EcoCore_CSU","HCO3",318.5100,"milligramsPerLiter",3.7,,0,"formatChange","GOOD"
"561c715a-936b-4eb2-940e-c4d04ae15ba9","D14","SYCA","SYCA.AOS.groundwater.well.003","SYCA.W3.20171004.FIL",,"2017-10-04T17:00Z","2017-10-04T17:00Z","EcoCore_CSU","Cl",12.0300,"milligramsPerLiter",3.7,,0,"formatChange","GOOD"
"23295135-8c2d-4462-ba7b-811647d99925","D14","SYCA","SYCA.AOS.groundwater.well.003","SYCA.W3.20171004.FIL",,"2017-10-04T17:00Z","2017-10-04T17:00Z","EcoCore_CSU","DOC",1.5450,"milligramsPerLiter",3.7,,0,"formatChange","GOOD"
"af3a8803-369e-404e-8ad0-3cff8d01bfa4","D14","SYCA","SYCA.AOS.groundwater.well.003","SYCA.W3.20171004.RAW",,"2017-10-04T17:00Z","2017-10-04T17:00Z","EcoCore_CSU","TOC",1.4030,"milligramsPerLiter",3.7,,0,"formatChange","GOOD"
"607fd5f7-f678-40e4-87df-5dca1c14bbc1","D14","SYCA","SYCA.AOS.groundwater.well.003","SYCA.W3.20171004.FIL",,"2017-10-04T17:00Z","2017-10-04T17:00Z","EcoCore_CSU","UV Absorbance (250 nm)",0.0328,,3.7,,0,"formatChange","GOOD"
"66b961fb-034c-4193-ae19-ef4b2c229d49","D14","SYCA","SYCA.AOS.groundwater.well.003","SYCA.W3.20171004.FIL",,"2017-10-04T17:00Z","2017-10-04T17:00Z","EcoCore_CSU","Fe",0.0030,"milligramsPerLiter",3.7,,0,"formatChange","GOOD"
"66a346b7-c75b-4afc-9425-d5e5d54df0b2","D14","SYCA","SYCA.AOS.groundwater.well.003","SYCA.W3.20171004.RAW",,"2017-10-04T17:00Z","2017-10-04T17:00Z","EcoCore_CSU","TSS - Dry Mass",0.0000,"microgram",3.7,,0,"formatChange","GOOD"
"92d8c80a-0f8e-4cf8-bf45-cfaa70068f77","D14","SYCA","SYCA.AOS.groundwater.well.003","SYCA.W3.20171004.FIL",,"2017-10-04T17:00Z","2017-10-04T17:00Z","EcoCore_CSU","Mg",21.3520,"milligramsPerLiter",3.7,,0,"formatChange","GOOD"
"59d375e2-39f0-4686-83f9-399dba165180","D14","SYCA","SYCA.AOS.groundwater.well.003","SYCA.W3.20171004.RAW",,"2017-10-04T17:00Z","2017-10-04T17:00Z","EcoCore_CSU","pH",7.3600,"pH",3.7,,0,"formatChange","GOOD"
"c05a4f13-f0eb-492e-aeaf-cc0c808cc646","D14","SYCA","SYCA.AOS.groundwater.well.003","SYCA.W3.20171004.PCN",,"2017-10-04T17:00Z","2017-10-04T17:00Z","EcoCore_CSU","TPN",-0.0240,"milligram",3.7,,0,"formatChange","GOOD"
"74466ea7-2973-4ad3-92f6-ca4d6bffde9c","D14","SYCA","SYCA.AOS.groundwater.well.003","SYCA.W3.20171004.FIL",,"2017-10-04T17:00Z","2017-10-04T17:00Z","EcoCore_CSU","CO3",0.0050,"milligramsPerLiter",3.7,,0,"formatChange","GOOD"
"2e98dd7d-7e43-4b1c-a6c7-9c6824abb5ac","D14","SYCA","SYCA.AOS.groundwater.well.003","SYCA.W3.20171004.FIL",,"2017-10-04T17:00Z","2017-10-04T17:00Z","EcoCore_CSU","Ca",64.6760,"milligramsPerLiter",3.7,,0,"formatChange","GOOD"
"c8bde773-5e92-428a-b107-12b3a7680cf5","D14","SYCA","SYCA.AOS.groundwater.well.003","SYCA.W3.20171004.FIL",,"2017-10-04T17:00Z","2017-10-04T17:00Z","EcoCore_CSU","Mn",0.0005,"milligramsPerLiter",3.7,,0,"formatChange","GOOD"
"a24c893e-1571-4a3a-b842-650bfbaba5ee","D14","SYCA","SYCA.AOS.groundwater.well.003","SYCA.W3.20171004.RAW",,"2017-10-04T17:00Z","2017-10-04T17:00Z","EcoCore_CSU","ANC",5.3800,"milliequivalentsPerLiter",3.7,,0,"formatChange","GOOD"
"d67d9559-2be3-48d9-b867-b4d89d66a6fd","D14","SYCA","SYCA.AOS.groundwater.well.003","SYCA.W3.20171004.FIL",,"2017-10-04T17:00Z","2017-10-04T17:00Z","EcoCore_CSU","TDN",0.1582,"milligramsPerLiter",3.7,,0,"formatChange","GOOD"
"7c32f556-c690-401c-910a-573f6beff0e2","D14","SYCA","SYCA.AOS.groundwater.well.003","SYCA.W3.20171004.FIL",,"2017-10-04T17:00Z","2017-10-04T17:00Z","EcoCore_CSU","F",0.7600,"milligramsPerLiter",3.7,,0,"formatChange","GOOD"
"965ff8b4-0a1c-4503-a528-93c82fb85ef4","D14","SYCA","SYCA.AOS.groundwater.well.003","SYCA.W3.20171004.RAW",,"2017-10-04T17:00Z","2017-10-04T17:00Z","EcoCore_CSU","TN",0.1236,"milligramsPerLiter",3.7,,0,"formatChange","GOOD"
"24245041-0360-48ff-95b1-c54db89fb532","D14","SYCA","SYCA.AOS.groundwater.well.003","SYCA.W3.20171004.FIL",,"2017-10-04T17:00Z","2017-10-04T17:00Z","EcoCore_CSU","Br",0.0050,"milligramsPerLiter",3.7,,0,"formatChange","GOOD"
"5c402d53-8e05-4422-8d0c-9c2d3d820e6f","D14","SYCA","SYCA.AOS.groundwater.well.004","SYCA.W4.20171004.RAW",,"2017-10-04T18:41Z","2017-10-04T18:41Z","EcoCore_CSU","TOC",1.4250,"milligramsPerLiter",3.7,,0,"formatChange","GOOD"
"0a317ede-b880-40a6-8cec-bedc989e05f1","D14","SYCA","SYCA.AOS.groundwater.well.004","SYCA.W4.20171004.FIL",,"2017-10-04T18:41Z","2017-10-04T18:41Z","EcoCore_CSU","Ca",64.0820,"milligramsPerLiter",3.7,,0,"formatChange","GOOD"
"d87767df-5030-428f-aa0f-042250cf8189","D14","SYCA","SYCA.AOS.groundwater.well.004","SYCA.W4.20171004.RAW",,"2017-10-04T18:41Z","2017-10-04T18:41Z","EcoCore_CSU","TSS",104.0000,"milligramsPerLiter",3.7,,0,"formatChange","GOOD"
"244dbc0c-1d41-4993-86ca-207a2c8846cd","D14","SYCA","SYCA.AOS.groundwater.well.004","SYCA.W4.20171004.FIL",,"2017-10-04T18:41Z","2017-10-04T18:41Z","EcoCore_CSU","Mg",21.1960,"milligramsPerLiter",3.7,,0,"formatChange","GOOD"
"461b5ed8-67eb-404d-b85b-e035e280a58b","D14","SYCA","SYCA.AOS.groundwater.well.004","SYCA.W4.20171004.FIL",,"2017-10-04T18:41Z","2017-10-04T18:41Z","EcoCore_CSU","K",1.8410,"milligramsPerLiter",3.7,,0,"formatChange","GOOD"
"42af213e-7017-47f6-9684-ad2c973f0c4f","D14","SYCA","SYCA.AOS.groundwater.well.004","SYCA.W4.20171004.FIL",,"2017-10-04T18:41Z","2017-10-04T18:41Z","EcoCore_CSU","TDS",423.6000,"milligramsPerLiter",3.7,,0,"formatChange","GOOD"
"8aa96891-1a06-4b4f-aaf4-3ad7145396ab","D14","SYCA","SYCA.AOS.groundwater.well.004","SYCA.W4.20171004.FIL",,"2017-10-04T18:41Z","2017-10-04T18:41Z","EcoCore_CSU","NH4 - N",0.0891,"milligramsPerLiter",3.7,,0,"formatChange","GOOD"
"61e0fb62-6f07-4934-aed3-5acd59160512","D14","SYCA","SYCA.AOS.groundwater.well.004","SYCA.W4.20171004.RAW",,"2017-10-04T18:41Z","2017-10-04T18:41Z","EcoCore_CSU","conductivity",602.4000,"microsiemensPerCentimeter",3.7,,0,"formatChange","GOOD"
"0e5bfc5e-a87c-4042-b3cd-ebe1d81d84bf","D14","SYCA","SYCA.AOS.groundwater.well.004","SYCA.W4.20171004.FIL",,"2017-10-04T18:41Z","2017-10-04T18:41Z","EcoCore_CSU","TDN",0.1862,"milligramsPerLiter",3.7,,0,"formatChange","GOOD"
"7512f7ac-aa06-4a03-acad-0e5ca4a00d4e","D14","SYCA","SYCA.AOS.groundwater.well.004","SYCA.W4.20171004.FIL",,"2017-10-04T18:41Z","2017-10-04T18:41Z","EcoCore_CSU","HCO3",316.8900,"milligramsPerLiter",3.7,,0,"formatChange","GOOD"
"f9d200cc-dc51-45be-bd46-a06b8a87d29c","D14","SYCA","SYCA.AOS.groundwater.well.004","SYCA.W4.20171004.RAW",,"2017-10-04T18:41Z","2017-10-04T18:41Z","EcoCore_CSU","TN",0.1570,"milligramsPerLiter",3.7,,0,"formatChange","GOOD"
"eae9cb1a-7ba7-4b30-af85-2e3b94230190","D14","SYCA","SYCA.AOS.groundwater.well.004","SYCA.W4.20171004.FIL",,"2017-10-04T18:41Z","2017-10-04T18:41Z","EcoCore_CSU","Cl",11.9200,"milligramsPerLiter",3.7,,0,"formatChange","GOOD"
"751a2326-dcd7-45b8-aa47-1bd54723cc94","D14","SYCA","SYCA.AOS.groundwater.well.004","SYCA.W4.20171004.FIL",,"2017-10-04T18:41Z","2017-10-04T18:41Z","EcoCore_CSU","Ortho - P",0.0420,"milligramsPerLiter",3.7,,0,"formatChange","GOOD"
"0f30040b-5cc7-438f-9d7a-7bcb275afa70","D14","SYCA","SYCA.AOS.groundwater.well.004","SYCA.W4.20171004.FIL",,"2017-10-04T18:41Z","2017-10-04T18:41Z","EcoCore_CSU","F",0.6900,"milligramsPerLiter",3.7,,0,"formatChange","GOOD"
"e8f769a3-4ba0-42a0-b773-a16c65fb3ed1","D14","SYCA","SYCA.AOS.groundwater.well.004","SYCA.W4.20171004.FIL",,"2017-10-04T18:41Z","2017-10-04T18:41Z","EcoCore_CSU","CO3",0.0050,"milligramsPerLiter",3.7,,0,"formatChange","GOOD"
"cbce5653-2aef-4143-9b49-ceb2cb080ff0","D14","SYCA","SYCA.AOS.groundwater.well.004","SYCA.W4.20171004.FIL",,"2017-10-04T18:41Z","2017-10-04T18:41Z","EcoCore_CSU","SO4",19.1300,"milligramsPerLiter",3.7,,0,"formatChange","GOOD"
"20e02333-47bd-47e4-9be6-514ff5c14115","D14","SYCA","SYCA.AOS.groundwater.well.004","SYCA.W4.20171004.RAW",,"2017-10-04T18:41Z","2017-10-04T18:41Z","EcoCore_CSU","pH",7.2600,"pH",3.7,,0,"formatChange","GOOD"
"6a7cf010-94f1-40d4-9073-e5e103e4c7c9","D14","SYCA","SYCA.AOS.groundwater.well.004","SYCA.W4.20171004.FIL",,"2017-10-04T18:41Z","2017-10-04T18:41Z","EcoCore_CSU","UV Absorbance (280 nm)",0.0364,,3.7,,0,"formatChange","GOOD"
"23796e19-67e8-407a-a58d-3021bcb35f7a","D14","SYCA","SYCA.AOS.groundwater.well.004","SYCA.W4.20171004.FIL",,"2017-10-04T18:41Z","2017-10-04T18:41Z","EcoCore_CSU","Si",6.5200,"milligramsPerLiter",3.7,,0,"formatChange","GOOD"
"59720812-ddcc-40dc-9137-746ebd941c20","D14","SYCA","SYCA.AOS.groundwater.well.004","SYCA.W4.20171004.RAW",,"2017-10-04T18:41Z","2017-10-04T18:41Z","EcoCore_CSU","TP",0.0620,"milligramsPerLiter",3.7,,0,"formatChange","GOOD"
"281f6b06-c4f0-48e5-a169-bc0e0e108fda","D14","SYCA","SYCA.AOS.groundwater.well.004","SYCA.W4.20171004.FIL",,"2017-10-04T18:41Z","2017-10-04T18:41Z","EcoCore_CSU","NO2 - N",0.0045,"milligramsPerLiter",3.7,,0,"formatChange","GOOD"
"edfcab13-d8bf-4b9c-a242-166878dbd54b","D14","SYCA","SYCA.AOS.groundwater.well.004","SYCA.W4.20171004.PCN",,"2017-10-04T18:41Z","2017-10-04T18:41Z","EcoCore_CSU","TPC",0.3013,"milligram",3.7,,0,"formatChange","GOOD"
"b94e64df-2709-438d-98e8-742eaa67ebb3","D14","SYCA","SYCA.AOS.groundwater.well.004","SYCA.W4.20171004.FIL",,"2017-10-04T18:41Z","2017-10-04T18:41Z","EcoCore_CSU","TDP",0.0570,"milligramsPerLiter",3.7,,0,"formatChange","GOOD"
"0d573bcf-1f2f-47ea-9450-cf0186601eeb","D14","SYCA","SYCA.AOS.groundwater.well.004","SYCA.W4.20171004.FIL",,"2017-10-04T18:41Z","2017-10-04T18:41Z","EcoCore_CSU","Fe",0.0060,"milligramsPerLiter",3.7,,0,"formatChange","GOOD"
"2ef05921-2aeb-42bc-9206-02e058c6a66b","D14","SYCA","SYCA.AOS.groundwater.well.004","SYCA.W4.20171004.FIL",,"2017-10-04T18:41Z","2017-10-04T18:41Z","EcoCore_CSU","DIC",65.4900,"milligramsPerLiter",3.7,,0,"formatChange","GOOD"
"d787db64-fc9d-4e49-a35d-57b09f412f78","D14","SYCA","SYCA.AOS.groundwater.well.004","SYCA.W4.20171004.RAW",,"2017-10-04T18:41Z","2017-10-04T18:41Z","EcoCore_CSU","TSS - Dry Mass",5200.0000,"microgram",3.7,,0,"formatChange","GOOD"
"504a7528-bb4c-47a5-a9d1-b7a13e6766a4","D14","SYCA","SYCA.AOS.groundwater.well.004","SYCA.W4.20171004.FIL",,"2017-10-04T18:41Z","2017-10-04T18:41Z","EcoCore_CSU","DOC",1.5550,"milligramsPerLiter",3.7,,0,"formatChange","GOOD"
"ccf96e40-d158-4cb0-9d8b-297f28de8a1e","D14","SYCA","SYCA.AOS.groundwater.well.004","SYCA.W4.20171004.FIL",,"2017-10-04T18:41Z","2017-10-04T18:41Z","EcoCore_CSU","NO3+NO2 - N",0.0325,"milligramsPerLiter",3.7,,0,"formatChange","GOOD"
"c9c4a94c-caa9-48c7-a2fc-9ec9e5ae4971","D14","SYCA","SYCA.AOS.groundwater.well.004","SYCA.W4.20171004.PCN",,"2017-10-04T18:41Z","2017-10-04T18:41Z","EcoCore_CSU","TPN",-0.0062,"milligram",3.7,,0,"formatChange","GOOD"
"cd40aa48-85bb-4bfc-9059-0355e179ac92","D14","SYCA","SYCA.AOS.groundwater.well.004","SYCA.W4.20171004.FIL",,"2017-10-04T18:41Z","2017-10-04T18:41Z","EcoCore_CSU","Mn",0.0005,"milligramsPerLiter",3.7,,0,"formatChange","GOOD"
"bf6398b1-9dcf-461a-8e2b-0b8ed887eb0f","D14","SYCA","SYCA.AOS.groundwater.well.004","SYCA.W4.20171004.FIL",,"2017-10-04T18:41Z","2017-10-04T18:41Z","EcoCore_CSU","Br",0.0050,"milligramsPerLiter",3.7,,0,"formatChange","GOOD"
"64fbb756-436e-4610-a855-e13df1760eaf","D14","SYCA","SYCA.AOS.groundwater.well.004","SYCA.W4.20171004.FIL",,"2017-10-04T18:41Z","2017-10-04T18:41Z","EcoCore_CSU","UV Absorbance (250 nm)",0.0544,,3.7,,0,"formatChange","GOOD"
"c78487e1-0c74-41dc-b7b2-31c5dbfd08db","D14","SYCA","SYCA.AOS.groundwater.well.004","SYCA.W4.20171004.FIL",,"2017-10-04T18:41Z","2017-10-04T18:41Z","EcoCore_CSU","Na",21.3490,"milligramsPerLiter",3.7,,0,"formatChange","GOOD"
"d50bf538-2d21-44fd-9014-096584a50346","D14","SYCA","SYCA.AOS.groundwater.well.004","SYCA.W4.20171004.RAW",,"2017-10-04T18:41Z","2017-10-04T18:41Z","EcoCore_CSU","ANC",5.4000,"milliequivalentsPerLiter",3.7,,0,"formatChange","GOOD"
"03480fb7-2479-44f6-b990-de196354aaa7","D14","SYCA","SYCA.AOS.groundwater.well.002","SYCA.W2.20171004.RAW",,"2017-10-04T21:27Z","2017-10-04T21:27Z","EcoCore_CSU","TN",0.1235,"milligramsPerLiter",5.7,,0,"formatChange","GOOD"
"105e996a-90f0-4442-8caa-16aeb399cbd2","D14","SYCA","SYCA.AOS.groundwater.well.002","SYCA.W2.20171004.FIL",,"2017-10-04T21:27Z","2017-10-04T21:27Z","EcoCore_CSU","Ca",64.4300,"milligramsPerLiter",5.7,,0,"formatChange","GOOD"
"d8b41b54-0d29-4ef9-9181-0ec792bf219b","D14","SYCA","SYCA.AOS.groundwater.well.002","SYCA.W2.20171004.RAW",,"2017-10-04T21:27Z","2017-10-04T21:27Z","EcoCore_CSU","conductivity",601.2000,"microsiemensPerCentimeter",5.7,,0,"formatChange","GOOD"
"b7395034-3229-448c-b2a8-c15c67788d82","D14","SYCA","SYCA.AOS.groundwater.well.002","SYCA.W2.20171004.RAW",,"2017-10-04T21:27Z","2017-10-04T21:27Z","EcoCore_CSU","pH",7.3400,"pH",5.7,,0,"formatChange","GOOD"
"d2ce00e6-eeab-44a2-bfc0-390c267f6157","D14","SYCA","SYCA.AOS.groundwater.well.002","SYCA.W2.20171004.FIL",,"2017-10-04T21:27Z","2017-10-04T21:27Z","EcoCore_CSU","F",0.6900,"milligramsPerLiter",5.7,,0,"formatChange","GOOD"
"445935a5-f5da-42ed-8d35-eb8ba4df3f3a","D14","SYCA","SYCA.AOS.groundwater.well.002","SYCA.W2.20171004.PCN",,"2017-10-04T21:27Z","2017-10-04T21:27Z","EcoCore_CSU","TPC",0.3335,"milligram",5.7,,0,"formatChange","GOOD"
"ad143036-bd81-45ea-ab39-9d261658a51a","D14","SYCA","SYCA.AOS.groundwater.well.002","SYCA.W2.20171004.FIL",,"2017-10-04T21:27Z","2017-10-04T21:27Z","EcoCore_CSU","HCO3",317.4200,"milligramsPerLiter",5.7,,0,"formatChange","GOOD"
"fb4ca1e7-ba42-4d1d-be54-1971dc9fb134","D14","SYCA","SYCA.AOS.groundwater.well.002","SYCA.W2.20171004.RAW",,"2017-10-04T21:27Z","2017-10-04T21:27Z","EcoCore_CSU","TSS",2.0000,"milligramsPerLiter",5.7,,0,"formatChange","GOOD"
"b34c02e7-5be5-49ca-8c9e-6bb5ad35ad0d","D14","SYCA","SYCA.AOS.groundwater.well.002","SYCA.W2.20171004.RAW",,"2017-10-04T21:27Z","2017-10-04T21:27Z","EcoCore_CSU","TP",0.0880,"milligramsPerLiter",5.7,,0,"formatChange","GOOD"
"a7f78362-3479-4e22-8685-ff899f7f7aaa","D14","SYCA","SYCA.AOS.groundwater.well.002","SYCA.W2.20171004.FIL",,"2017-10-04T21:27Z","2017-10-04T21:27Z","EcoCore_CSU","NO2 - N",0.0048,"milligramsPerLiter",5.7,,0,"formatChange","GOOD"
"c50f87ca-29de-448e-bf44-ef569d04f7f4","D14","SYCA","SYCA.AOS.groundwater.well.002","SYCA.W2.20171004.FIL",,"2017-10-04T21:27Z","2017-10-04T21:27Z","EcoCore_CSU","Mn",0.0005,"milligramsPerLiter",5.7,,0,"formatChange","GOOD"
"3185f801-c018-46f3-84df-9fa4b27a16e3","D14","SYCA","SYCA.AOS.groundwater.well.002","SYCA.W2.20171004.FIL",,"2017-10-04T21:27Z","2017-10-04T21:27Z","EcoCore_CSU","TDP",0.0330,"milligramsPerLiter",5.7,,0,"formatChange","GOOD"
"27ec60c8-e070-4360-8744-84027c0b5b1f","D14","SYCA","SYCA.AOS.groundwater.well.002","SYCA.W2.20171004.FIL",,"2017-10-04T21:27Z","2017-10-04T21:27Z","EcoCore_CSU","SO4",19.2300,"milligramsPerLiter",5.7,,0,"formatChange","GOOD"
"22f23654-6c3c-4500-8b6d-ef5f6f6f2cea","D14","SYCA","SYCA.AOS.groundwater.well.002","SYCA.W2.20171004.FIL",,"2017-10-04T21:27Z","2017-10-04T21:27Z","EcoCore_CSU","UV Absorbance (250 nm)",0.0401,,5.7,,0,"formatChange","GOOD"
"8cdf28c3-6e26-419c-9ac9-f18aabab4b7e","D14","SYCA","SYCA.AOS.groundwater.well.002","SYCA.W2.20171004.FIL",,"2017-10-04T21:27Z","2017-10-04T21:27Z","EcoCore_CSU","Ortho - P",0.0410,"milligramsPerLiter",5.7,,0,"formatChange","GOOD"
"cbfc1900-6297-4c2a-9c0d-d4a17597c52b","D14","SYCA","SYCA.AOS.groundwater.well.002","SYCA.W2.20171004.RAW",,"2017-10-04T21:27Z","2017-10-04T21:27Z","EcoCore_CSU","ANC",5.3300,"milliequivalentsPerLiter",5.7,,0,"formatChange","GOOD"
"63f5551c-753e-41bf-aa93-efafd1fb044a","D14","SYCA","SYCA.AOS.groundwater.well.002","SYCA.W2.20171004.PCN",,"2017-10-04T21:27Z","2017-10-04T21:27Z","EcoCore_CSU","TPN",0.0653,"milligram",5.7,,0,"formatChange","GOOD"
"8965bd9a-225a-4c6a-8960-7940bca4cbd4","D14","SYCA","SYCA.AOS.groundwater.well.002","SYCA.W2.20171004.FIL",,"2017-10-04T21:27Z","2017-10-04T21:27Z","EcoCore_CSU","K",2.0590,"milligramsPerLiter",5.7,,0,"formatChange","GOOD"
"029f62df-927d-4ea9-9574-d12bfc15d319","D14","SYCA","SYCA.AOS.groundwater.well.002","SYCA.W2.20171004.FIL",,"2017-10-04T21:27Z","2017-10-04T21:27Z","EcoCore_CSU","Na",21.3380,"milligramsPerLiter",5.7,,0,"formatChange","GOOD"
"63313cda-f2bc-4be9-b10e-14ad6cf2a3cf","D14","SYCA","SYCA.AOS.groundwater.well.002","SYCA.W2.20171004.FIL",,"2017-10-04T21:27Z","2017-10-04T21:27Z","EcoCore_CSU","Si",6.4900,"milligramsPerLiter",5.7,,0,"formatChange","GOOD"
"77f2f6d8-c950-4df0-8d35-310d13a8ee45","D14","SYCA","SYCA.AOS.groundwater.well.002","SYCA.W2.20171004.FIL",,"2017-10-04T21:27Z","2017-10-04T21:27Z","EcoCore_CSU","NO3+NO2 - N",0.0301,"milligramsPerLiter",5.7,,0,"formatChange","GOOD"
"2bf5765d-a6b3-4b23-a08f-43897ed0ef94","D14","SYCA","SYCA.AOS.groundwater.well.002","SYCA.W2.20171004.FIL",,"2017-10-04T21:27Z","2017-10-04T21:27Z","EcoCore_CSU","Fe",0.0070,"milligramsPerLiter",5.7,,0,"formatChange","GOOD"
"a7d1a68c-8e29-4643-b89d-4625f950da27","D14","SYCA","SYCA.AOS.groundwater.well.002","SYCA.W2.20171004.FIL",,"2017-10-04T21:27Z","2017-10-04T21:27Z","EcoCore_CSU","CO3",0.0050,"milligramsPerLiter",5.7,,0,"formatChange","GOOD"
"5e8448b2-3829-484b-ba50-0d34eaa0c3b6","D14","SYCA","SYCA.AOS.groundwater.well.002","SYCA.W2.20171004.RAW",,"2017-10-04T21:27Z","2017-10-04T21:27Z","EcoCore_CSU","TOC",1.3830,"milligramsPerLiter",5.7,,0,"formatChange","GOOD"
"c627cb21-94a1-49df-b43f-943dfd9acb79","D14","SYCA","SYCA.AOS.groundwater.well.002","SYCA.W2.20171004.FIL",,"2017-10-04T21:27Z","2017-10-04T21:27Z","EcoCore_CSU","DOC",1.5090,"milligramsPerLiter",5.7,,0,"formatChange","GOOD"
"fc91c6ee-face-4738-b865-4aeac097565c","D14","SYCA","SYCA.AOS.groundwater.well.002","SYCA.W2.20171004.FIL",,"2017-10-04T21:27Z","2017-10-04T21:27Z","EcoCore_CSU","TDN",0.1275,"milligramsPerLiter",5.7,,0,"formatChange","GOOD"
"7b06de6e-0cf1-4c83-b56e-52a74f3643ad","D14","SYCA","SYCA.AOS.groundwater.well.002","SYCA.W2.20171004.FIL",,"2017-10-04T21:27Z","2017-10-04T21:27Z","EcoCore_CSU","TDS",422.4000,"milligramsPerLiter",5.7,,0,"formatChange","GOOD"
"7051c8aa-85c7-495a-8c79-e9cce986c990","D14","SYCA","SYCA.AOS.groundwater.well.002","SYCA.W2.20171004.FIL",,"2017-10-04T21:27Z","2017-10-04T21:27Z","EcoCore_CSU","UV Absorbance (280 nm)",0.0252,,5.7,,0,"formatChange","GOOD"
"5c32aba4-4e95-4c2c-af98-92a24089a6fb","D14","SYCA","SYCA.AOS.groundwater.well.002","SYCA.W2.20171004.FIL",,"2017-10-04T21:27Z","2017-10-04T21:27Z","EcoCore_CSU","NH4 - N",0.0983,"milligramsPerLiter",5.7,,0,"formatChange","GOOD"
"9ac3de22-666b-4c86-b174-206792ea6f9f","D14","SYCA","SYCA.AOS.groundwater.well.002","SYCA.W2.20171004.FIL",,"2017-10-04T21:27Z","2017-10-04T21:27Z","EcoCore_CSU","Br",0.0050,"milligramsPerLiter",5.7,,0,"formatChange","GOOD"
"2028084b-1211-42e2-abdb-7b42df86bec5","D14","SYCA","SYCA.AOS.groundwater.well.002","SYCA.W2.20171004.RAW",,"2017-10-04T21:27Z","2017-10-04T21:27Z","EcoCore_CSU","TSS - Dry Mass",100.0000,"microgram",5.7,,0,"formatChange","GOOD"
"2905cc28-67b7-4f19-bf66-67f9d29836c5","D14","SYCA","SYCA.AOS.groundwater.well.002","SYCA.W2.20171004.FIL",,"2017-10-04T21:27Z","2017-10-04T21:27Z","EcoCore_CSU","Cl",11.9200,"milligramsPerLiter",5.7,,0,"formatChange","GOOD"
"41b3c96c-567b-491a-ac63-585a85852299","D14","SYCA","SYCA.AOS.groundwater.well.002","SYCA.W2.20171004.FIL",,"2017-10-04T21:27Z","2017-10-04T21:27Z","EcoCore_CSU","Mg",21.1760,"milligramsPerLiter",5.7,,0,"formatChange","GOOD"
"6b568954-c25c-4592-8fec-e814c0e4c92e","D14","SYCA","SYCA.AOS.groundwater.well.002","SYCA.W2.20171004.FIL",,"2017-10-04T21:27Z","2017-10-04T21:27Z","EcoCore_CSU","DIC",65.9900,"milligramsPerLiter",5.7,,0,"formatChange","GOOD"
"d20f6d2a-f0b6-42c5-bdbe-2faea89ebd75","D14","SYCA","SYCA.AOS.groundwater.well.001","SYCA.W1.20171004.FIL",,"2017-10-04T22:42Z","2017-10-04T22:42Z","EcoCore_CSU","Si",5.9800,"milligramsPerLiter",5.7,,0,"formatChange","GOOD"
"92da0d58-d731-45aa-a457-39e7f1dff424","D14","SYCA","SYCA.AOS.groundwater.well.001","SYCA.W1.20171004.RAW",,"2017-10-04T22:42Z","2017-10-04T22:42Z","EcoCore_CSU","ANC",5.9700,"milliequivalentsPerLiter",5.7,,0,"formatChange","GOOD"
"61d853ca-b458-4f27-9e22-975d4bc45ac1","D14","SYCA","SYCA.AOS.groundwater.well.001","SYCA.W1.20171004.FIL",,"2017-10-04T22:42Z","2017-10-04T22:42Z","EcoCore_CSU","TDN",0.1528,"milligramsPerLiter",5.7,,0,"formatChange","GOOD"
"15379066-efee-4c90-b8d3-01636f66070e","D14","SYCA","SYCA.AOS.groundwater.well.001","SYCA.W1.20171004.FIL",,"2017-10-04T22:42Z","2017-10-04T22:42Z","EcoCore_CSU","DOC",1.6250,"milligramsPerLiter",5.7,,0,"formatChange","GOOD"
"082c3789-7ebd-473f-afd0-9cda4d5ccb6d","D14","SYCA","SYCA.AOS.groundwater.well.001","SYCA.W1.20171004.FIL",,"2017-10-04T22:42Z","2017-10-04T22:42Z","EcoCore_CSU","K",2.1190,"milligramsPerLiter",5.7,,0,"formatChange","GOOD"
"c7260f09-51ce-4cd5-be39-7af168ce3b82","D14","SYCA","SYCA.AOS.groundwater.well.001","SYCA.W1.20171004.RAW",,"2017-10-04T22:42Z","2017-10-04T22:42Z","EcoCore_CSU","TSS - Dry Mass",10900.0000,"microgram",5.7,,0,"formatChange","GOOD"
"e1d342b5-02e5-43c0-9d95-cfe4cea1b8c7","D14","SYCA","SYCA.AOS.groundwater.well.001","SYCA.W1.20171004.RAW",,"2017-10-04T22:42Z","2017-10-04T22:42Z","EcoCore_CSU","TSS",218.0000,"milligramsPerLiter",5.7,,0,"formatChange","GOOD"
"ff96bce8-328f-4bc7-ada7-206684b949e6","D14","SYCA","SYCA.AOS.groundwater.well.001","SYCA.W1.20171004.FIL",,"2017-10-04T22:42Z","2017-10-04T22:42Z","EcoCore_CSU","F",0.6500,"milligramsPerLiter",5.7,,0,"formatChange","GOOD"
"8d1ce10c-7c66-4be1-9001-109e9a4fead5","D14","SYCA","SYCA.AOS.groundwater.well.001","SYCA.W1.20171004.FIL",,"2017-10-04T22:42Z","2017-10-04T22:42Z","EcoCore_CSU","Mg",20.4210,"milligramsPerLiter",5.7,,0,"formatChange","GOOD"
"888ae0fa-2e8c-47d1-8234-e3fc6f9d9f52","D14","SYCA","SYCA.AOS.groundwater.well.001","SYCA.W1.20171004.PCN",,"2017-10-04T22:42Z","2017-10-04T22:42Z","EcoCore_CSU","TPN",0.0384,"milligram",5.7,,0,"formatChange","GOOD"
"3e810684-a7c8-4f9c-970a-9e129d0ccd19","D14","SYCA","SYCA.AOS.groundwater.well.001","SYCA.W1.20171004.FIL",,"2017-10-04T22:42Z","2017-10-04T22:42Z","EcoCore_CSU","NH4 - N",0.0981,"milligramsPerLiter",5.7,,0,"formatChange","GOOD"
"89e36c77-b827-4d6f-b4d0-de4ddba4c4ba","D14","SYCA","SYCA.AOS.groundwater.well.001","SYCA.W1.20171004.FIL",,"2017-10-04T22:42Z","2017-10-04T22:42Z","EcoCore_CSU","DIC",65.5000,"milligramsPerLiter",5.7,,0,"formatChange","GOOD"
"fbf18c26-635f-4408-a12c-a27b63c2550a","D14","SYCA","SYCA.AOS.groundwater.well.001","SYCA.W1.20171004.PCN",,"2017-10-04T22:42Z","2017-10-04T22:42Z","EcoCore_CSU","TPC",0.3454,"milligram",5.7,,0,"formatChange","GOOD"
"6d586361-b477-4c12-9d90-12941d096d69","D14","SYCA","SYCA.AOS.groundwater.well.001","SYCA.W1.20171004.FIL",,"2017-10-04T22:42Z","2017-10-04T22:42Z","EcoCore_CSU","Ca",60.3090,"milligramsPerLiter",5.7,,0,"formatChange","GOOD"
"85ee52cf-9d27-4efd-8e22-512129a3fce3","D14","SYCA","SYCA.AOS.groundwater.well.001","SYCA.W1.20171004.FIL",,"2017-10-04T22:42Z","2017-10-04T22:42Z","EcoCore_CSU","TDS",401.2000,"milligramsPerLiter",5.7,,0,"formatChange","GOOD"
"53342dff-6505-4216-80c6-5537712a7eb7","D14","SYCA","SYCA.AOS.groundwater.well.001","SYCA.W1.20171004.FIL",,"2017-10-04T22:42Z","2017-10-04T22:42Z","EcoCore_CSU","CO3",0.0050,"milligramsPerLiter",5.7,,0,"formatChange","GOOD"
"ab77dde6-fe4d-437b-8361-404a014b4f68","D14","SYCA","SYCA.AOS.groundwater.well.001","SYCA.W1.20171004.RAW",,"2017-10-04T22:42Z","2017-10-04T22:42Z","EcoCore_CSU","pH",7.2500,"pH",5.7,,0,"formatChange","GOOD"
"dcd91141-b3da-4a29-a553-e840fba2c371","D14","SYCA","SYCA.AOS.groundwater.well.001","SYCA.W1.20171004.RAW",,"2017-10-04T22:42Z","2017-10-04T22:42Z","EcoCore_CSU","TP",0.0480,"milligramsPerLiter",5.7,,0,"formatChange","GOOD"
"0ab9fb00-9f4f-46c9-b3b1-3b9b0e629bce","D14","SYCA","SYCA.AOS.groundwater.well.001","SYCA.W1.20171004.FIL",,"2017-10-04T22:42Z","2017-10-04T22:42Z","EcoCore_CSU","HCO3",299.6300,"milligramsPerLiter",5.7,,0,"formatChange","GOOD"
"c8b89b95-7db4-4539-a34f-c12efa5a1504","D14","SYCA","SYCA.AOS.groundwater.well.001","SYCA.W1.20171004.FIL",,"2017-10-04T22:42Z","2017-10-04T22:42Z","EcoCore_CSU","Mn",0.0090,"milligramsPerLiter",5.7,,0,"formatChange","GOOD"
"808a015b-f60a-4a53-b7d1-0f699aa6322d","D14","SYCA","SYCA.AOS.groundwater.well.001","SYCA.W1.20171004.FIL",,"2017-10-04T22:42Z","2017-10-04T22:42Z","EcoCore_CSU","Br",0.0050,"milligramsPerLiter",5.7,,0,"formatChange","GOOD"
"ee912db8-d2ac-4bd6-ac08-ad7171339716","D14","SYCA","SYCA.AOS.groundwater.well.001","SYCA.W1.20171004.FIL",,"2017-10-04T22:42Z","2017-10-04T22:42Z","EcoCore_CSU","UV Absorbance (250 nm)",0.0369,,5.7,,0,"formatChange","GOOD"
"5d7e46cc-15bf-4d14-bffa-bc84ae981ca1","D14","SYCA","SYCA.AOS.groundwater.well.001","SYCA.W1.20171004.FIL",,"2017-10-04T22:42Z","2017-10-04T22:42Z","EcoCore_CSU","Cl",11.9200,"milligramsPerLiter",5.7,,0,"formatChange","GOOD"
"848b09de-1cba-4c66-81fe-dfd2e13bc15a","D14","SYCA","SYCA.AOS.groundwater.well.001","SYCA.W1.20171004.RAW",,"2017-10-04T22:42Z","2017-10-04T22:42Z","EcoCore_CSU","TOC",1.5040,"milligramsPerLiter",5.7,,0,"formatChange","GOOD"
"a34aa2a2-494e-4a5c-bb04-c35f1b3799c1","D14","SYCA","SYCA.AOS.groundwater.well.001","SYCA.W1.20171004.RAW",,"2017-10-04T22:42Z","2017-10-04T22:42Z","EcoCore_CSU","TN",0.1796,"milligramsPerLiter",5.7,,0,"formatChange","GOOD"
"60af4bed-83f9-4c36-87bd-4f20948f1872","D14","SYCA","SYCA.AOS.groundwater.well.001","SYCA.W1.20171004.FIL",,"2017-10-04T22:42Z","2017-10-04T22:42Z","EcoCore_CSU","NO3+NO2 - N",0.0301,"milligramsPerLiter",5.7,,0,"formatChange","GOOD"
"d30ae54f-b9cf-4286-b0fc-744745473796","D14","SYCA","SYCA.AOS.groundwater.well.001","SYCA.W1.20171004.FIL",,"2017-10-04T22:42Z","2017-10-04T22:42Z","EcoCore_CSU","SO4",19.2500,"milligramsPerLiter",5.7,,0,"formatChange","GOOD"
"684f1d17-cada-4606-9529-17596814b030","D14","SYCA","SYCA.AOS.groundwater.well.001","SYCA.W1.20171004.FIL",,"2017-10-04T22:42Z","2017-10-04T22:42Z","EcoCore_CSU","Na",20.8180,"milligramsPerLiter",5.7,,0,"formatChange","GOOD"
"057bd2a2-8e47-41cf-ae54-f71da9a10dfa","D14","SYCA","SYCA.AOS.groundwater.well.001","SYCA.W1.20171004.FIL",,"2017-10-04T22:42Z","2017-10-04T22:42Z","EcoCore_CSU","NO2 - N",0.0051,"milligramsPerLiter",5.7,,0,"formatChange","GOOD"
"8662132e-7624-4c2e-acb4-aa63efd223f5","D14","SYCA","SYCA.AOS.groundwater.well.001","SYCA.W1.20171004.FIL",,"2017-10-04T22:42Z","2017-10-04T22:42Z","EcoCore_CSU","Ortho - P",0.0410,"milligramsPerLiter",5.7,,0,"formatChange","GOOD"
"ab93caeb-367d-4086-a990-0437fe28f74e","D14","SYCA","SYCA.AOS.groundwater.well.001","SYCA.W1.20171004.FIL",,"2017-10-04T22:42Z","2017-10-04T22:42Z","EcoCore_CSU","TDP",0.0630,"milligramsPerLiter",5.7,,0,"formatChange","GOOD"
"f7a66fd5-b372-4c5b-a0eb-5ee4c444f632","D14","SYCA","SYCA.AOS.groundwater.well.001","SYCA.W1.20171004.FIL",,"2017-10-04T22:42Z","2017-10-04T22:42Z","EcoCore_CSU","UV Absorbance (280 nm)",0.0219,,5.7,,0,"formatChange","GOOD"
"fa1bb280-eb0f-46a4-b8dd-e38507c3112c","D14","SYCA","SYCA.AOS.groundwater.well.001","SYCA.W1.20171004.FIL",,"2017-10-04T22:42Z","2017-10-04T22:42Z","EcoCore_CSU","Fe",0.0060,"milligramsPerLiter",5.7,,0,"formatChange","GOOD"
"3209fa79-eeb8-49a2-8435-10646b2cc1ba","D14","SYCA","SYCA.AOS.groundwater.well.001","SYCA.W1.20171004.RAW",,"2017-10-04T22:42Z","2017-10-04T22:42Z","EcoCore_CSU","conductivity",572.3000,"microsiemensPerCentimeter",5.7,,0,"formatChange","GOOD"
