uid,domainID,siteID,namedLocation,sampleID,sampleCode,startDate,collectDate,laboratoryName,analyte,analyteConcentration,analyteUnits,coolerTemp,remarks,shipmentWarmQF,externalLabDataQF,sampleCondition
"beb37125-ca08-430d-9ede-d02c26c36540","D03","FLNT","FLNT.AOS.groundwater.well.003","FLNT.W3.20180228.PCN",,"2018-02-28T16:10Z","2018-02-28T16:10Z","EcoCore_CSU","TPN",0.0155,"milligram",0.5,,0,"formatChange","GOOD"
"29930210-e073-4011-8745-96025e9ff610","D03","FLNT","FLNT.AOS.groundwater.well.003","FLNT.W3.20180228.FIL",,"2018-02-28T16:10Z","2018-02-28T16:10Z","EcoCore_CSU","Na",2.8520,"milligramsPerLiter",0.5,,0,"formatChange","GOOD"
"10e6a065-0be6-43fc-b370-97b6927d7c94","D03","FLNT","FLNT.AOS.groundwater.well.003","FLNT.W3.20180228.RAW",,"2018-02-28T16:10Z","2018-02-28T16:10Z","EcoCore_CSU","TSS",48.0000,"milligramsPerLiter",0.5,,0,"formatChange","GOOD"
"0fbe3542-9cf3-4bd9-a4fe-7528e8ff104f","D03","FLNT","FLNT.AOS.groundwater.well.003","FLNT.W3.20180228.FIL",,"2018-02-28T16:10Z","2018-02-28T16:10Z","EcoCore_CSU","Fe",0.0005,"milligramsPerLiter",0.5,,0,"formatChange","GOOD"
"6210d0eb-84d1-4705-90de-eecc21b2c773","D03","FLNT","FLNT.AOS.groundwater.well.003","FLNT.W3.20180228.FIL",,"2018-02-28T16:10Z","2018-02-28T16:10Z","EcoCore_CSU","NO3+NO2 - N",0.5076,"milligramsPerLiter",0.5,,0,"formatChange","GOOD"
"c03c6e60-14ba-4e99-9d9d-21fef52cda60","D03","FLNT","FLNT.AOS.groundwater.well.003","FLNT.W3.20180228.FIL",,"2018-02-28T16:10Z","2018-02-28T16:10Z","EcoCore_CSU","Mg",0.8460,"milligramsPerLiter",0.5,,0,"formatChange","GOOD"
"314b9099-9be8-4fbf-b204-23a804e93a26","D03","FLNT","FLNT.AOS.groundwater.well.003","FLNT.W3.20180228.RAW",,"2018-02-28T16:10Z","2018-02-28T16:10Z","EcoCore_CSU","conductivity",304.2000,"microsiemensPerCentimeter",0.5,,0,"formatChange","GOOD"
"15574870-281a-45c2-aab6-45912612003b","D03","FLNT","FLNT.AOS.groundwater.well.003","FLNT.W3.20180228.FIL",,"2018-02-28T16:10Z","2018-02-28T16:10Z","EcoCore_CSU","TDP",0.0020,"milligramsPerLiter",0.5,,0,"formatChange","GOOD"
"d7d05649-b24e-401b-bdd2-9db117bafb13","D03","FLNT","FLNT.AOS.groundwater.well.003","FLNT.W3.20180228.RAW",,"2018-02-28T16:10Z","2018-02-28T16:10Z","EcoCore_CSU","ANC",4.0900,"milliequivalentsPerLiter",0.5,,0,"formatChange","GOOD"
"d7fbe078-be8d-4a3b-a5d8-e14bbecf2406","D03","FLNT","FLNT.AOS.groundwater.well.003","FLNT.W3.20180228.FIL",,"2018-02-28T16:10Z","2018-02-28T16:10Z","EcoCore_CSU","Mn",0.0005,"milligramsPerLiter",0.5,,0,"formatChange","GOOD"
"12e9290b-9acf-4b10-9016-922bb121de56","D03","FLNT","FLNT.AOS.groundwater.well.003","FLNT.W3.20180228.RAW",,"2018-02-28T16:10Z","2018-02-28T16:10Z","EcoCore_CSU","pH",6.6000,"pH",0.5,,0,"formatChange","GOOD"
"dabd6028-0d1b-4fab-bd33-21574deabd9b","D03","FLNT","FLNT.AOS.groundwater.well.003","FLNT.W3.20180228.FIL",,"2018-02-28T16:10Z","2018-02-28T16:10Z","EcoCore_CSU","TDS",211.3000,"milligramsPerLiter",0.5,,0,"formatChange","GOOD"
"a47cf9a8-3ee9-4b49-ae5b-b471efa0fdb2","D03","FLNT","FLNT.AOS.groundwater.well.003","FLNT.W3.20180228.PCN",,"2018-02-28T16:10Z","2018-02-28T16:10Z","EcoCore_CSU","TPC",0.2474,"milligram",0.5,,0,"formatChange","GOOD"
"14e209f5-c9ce-438e-be06-12c6bbe38f6f","D03","FLNT","FLNT.AOS.groundwater.well.003","FLNT.W3.20180228.FIL",,"2018-02-28T16:10Z","2018-02-28T16:10Z","EcoCore_CSU","NO2 - N",0.0155,"milligramsPerLiter",0.5,,0,"formatChange","GOOD"
"4c13f69c-2bf3-4f97-a340-145fc9f9c684","D03","FLNT","FLNT.AOS.groundwater.well.003","FLNT.W3.20180228.FIL",,"2018-02-28T16:10Z","2018-02-28T16:10Z","EcoCore_CSU","UV Absorbance (250 nm)",0.0813,,0.5,,0,"formatChange","GOOD"
"9a0137fd-a325-48ae-bcb7-6f0986b112ad","D03","FLNT","FLNT.AOS.groundwater.well.003","FLNT.W3.20180228.RAW",,"2018-02-28T16:10Z","2018-02-28T16:10Z","EcoCore_CSU","TOC",0.2253,"milligramsPerLiter",0.5,,0,"formatChange","GOOD"
"a608f567-ca06-4d0d-a8ff-df10cc026884","D03","FLNT","FLNT.AOS.groundwater.well.003","FLNT.W3.20180228.FIL",,"2018-02-28T16:10Z","2018-02-28T16:10Z","EcoCore_CSU","SO4",47.4000,"milligramsPerLiter",0.5,,0,"formatChange","GOOD"
"dc18d1ec-cb3b-41c0-8db5-4f1cf6eb5c63","D03","FLNT","FLNT.AOS.groundwater.well.003","FLNT.W3.20180228.FIL",,"2018-02-28T16:10Z","2018-02-28T16:10Z","EcoCore_CSU","CO3",0.0050,"milligramsPerLiter",0.5,,0,"formatChange","GOOD"
"1058ab80-6fca-407e-86e3-681d534fa070","D03","FLNT","FLNT.AOS.groundwater.well.003","FLNT.W3.20180228.FIL",,"2018-02-28T16:10Z","2018-02-28T16:10Z","EcoCore_CSU","TDN",0.7272,"milligramsPerLiter",0.5,,0,"formatChange","GOOD"
"d1aa6012-6eb2-479e-9e84-3b51c56b73d8","D03","FLNT","FLNT.AOS.groundwater.well.003","FLNT.W3.20180228.RAW",,"2018-02-28T16:10Z","2018-02-28T16:10Z","EcoCore_CSU","TN",0.6874,"milligramsPerLiter",0.5,,0,"formatChange","GOOD"
"f5aa4a1a-6709-44ef-96f7-d9ec35b46bfb","D03","FLNT","FLNT.AOS.groundwater.well.003","FLNT.W3.20180228.FIL",,"2018-02-28T16:10Z","2018-02-28T16:10Z","EcoCore_CSU","HCO3",244.6300,"milligramsPerLiter",0.5,,0,"formatChange","GOOD"
"50249a7b-469b-43f8-a14f-6bace9bcadd2","D03","FLNT","FLNT.AOS.groundwater.well.003","FLNT.W3.20180228.FIL",,"2018-02-28T16:10Z","2018-02-28T16:10Z","EcoCore_CSU","NH4 - N",-0.0179,"milligramsPerLiter",0.5,,0,"formatChange","GOOD"
"fd18d29d-07e7-411d-9241-a099cc2b3e5a","D03","FLNT","FLNT.AOS.groundwater.well.003","FLNT.W3.20180228.FIL",,"2018-02-28T16:10Z","2018-02-28T16:10Z","EcoCore_CSU","UV Absorbance (280 nm)",0.0723,,0.5,,0,"formatChange","GOOD"
"55259821-e7f0-48d6-822a-35fc0d204b46","D03","FLNT","FLNT.AOS.groundwater.well.003","FLNT.W3.20180228.FIL",,"2018-02-28T16:10Z","2018-02-28T16:10Z","EcoCore_CSU","Si",4.1700,"milligramsPerLiter",0.5,,0,"formatChange","GOOD"
"5c1ed3d1-7183-4140-a82f-95d0acca4d18","D03","FLNT","FLNT.AOS.groundwater.well.003","FLNT.W3.20180228.FIL",,"2018-02-28T16:10Z","2018-02-28T16:10Z","EcoCore_CSU","K",0.2910,"milligramsPerLiter",0.5,,0,"formatChange","GOOD"
"92dbf8e9-1c44-4d95-a1b3-ae08657b624d","D03","FLNT","FLNT.AOS.groundwater.well.003","FLNT.W3.20180228.FIL",,"2018-02-28T16:10Z","2018-02-28T16:10Z","EcoCore_CSU","Ortho - P",0.0100,"milligramsPerLiter",0.5,,0,"formatChange","GOOD"
"940131b1-ee2f-4a0b-8288-fafb69924780","D03","FLNT","FLNT.AOS.groundwater.well.003","FLNT.W3.20180228.FIL",,"2018-02-28T16:10Z","2018-02-28T16:10Z","EcoCore_CSU","Br",0.0050,"milligramsPerLiter",0.5,,0,"formatChange","GOOD"
"b046f0b8-98d5-4826-8787-525573907e91","D03","FLNT","FLNT.AOS.groundwater.well.003","FLNT.W3.20180228.RAW",,"2018-02-28T16:10Z","2018-02-28T16:10Z","EcoCore_CSU","TP",0.0030,"milligramsPerLiter",0.5,,0,"formatChange","GOOD"
"0475f56a-58ed-4ece-91d8-5089b03c4c4d","D03","FLNT","FLNT.AOS.groundwater.well.003","FLNT.W3.20180228.FIL",,"2018-02-28T16:10Z","2018-02-28T16:10Z","EcoCore_CSU","DOC",0.4788,"milligramsPerLiter",0.5,,0,"formatChange","GOOD"
"cb2135c5-9176-4071-a427-c1fd2dec3bf2","D03","FLNT","FLNT.AOS.groundwater.well.003","FLNT.W3.20180228.FIL",,"2018-02-28T16:10Z","2018-02-28T16:10Z","EcoCore_CSU","Cl",0.9000,"milligramsPerLiter",0.5,,0,"formatChange","GOOD"
"93e3851c-7b1a-4998-8806-32d8e74dc122","D03","FLNT","FLNT.AOS.groundwater.well.003","FLNT.W3.20180228.RAW",,"2018-02-28T16:10Z","2018-02-28T16:10Z","EcoCore_CSU","TSS - Dry Mass",2400.0000,"microgram",0.5,,0,"formatChange","GOOD"
"3bb52c48-cd79-45f8-a6c6-8ea983d8c726","D03","FLNT","FLNT.AOS.groundwater.well.003","FLNT.W3.20180228.FIL",,"2018-02-28T16:10Z","2018-02-28T16:10Z","EcoCore_CSU","F",0.0050,"milligramsPerLiter",0.5,,0,"formatChange","GOOD"
"6bd822d0-31ce-4cb8-a43d-a7a16a231da5","D03","FLNT","FLNT.AOS.groundwater.well.003","FLNT.W3.20180228.FIL",,"2018-02-28T16:10Z","2018-02-28T16:10Z","EcoCore_CSU","Ca",95.4980,"milligramsPerLiter",0.5,,0,"formatChange","GOOD"
"c36cb1d8-311a-4c0c-99fe-f2dda0739ce1","D03","FLNT","FLNT.AOS.groundwater.well.003","FLNT.W3.20180228.FIL",,"2018-02-28T16:10Z","2018-02-28T16:10Z","EcoCore_CSU","DIC",36.0400,"milligramsPerLiter",0.5,,0,"formatChange","GOOD"
"fc26274c-f387-43b8-acea-287fe9af10ab","D03","FLNT","FLNT.AOS.groundwater.well.001","FLNT.W1.20180228.FIL",,"2018-02-28T17:53Z","2018-02-28T17:53Z","EcoCore_CSU","NO2 - N",0.0155,"milligramsPerLiter",0.5,,0,"formatChange","GOOD"
"03bbba88-e17f-45a1-9fe4-b8187fd5b622","D03","FLNT","FLNT.AOS.groundwater.well.001","FLNT.W1.20180228.FIL",,"2018-02-28T17:53Z","2018-02-28T17:53Z","EcoCore_CSU","DOC",0.4820,"milligramsPerLiter",0.5,,0,"formatChange","GOOD"
"6cf945f2-d737-483f-bdc2-293154d45dfd","D03","FLNT","FLNT.AOS.groundwater.well.001","FLNT.W1.20180228.FIL",,"2018-02-28T17:53Z","2018-02-28T17:53Z","EcoCore_CSU","UV Absorbance (250 nm)",0.0247,,0.5,,0,"formatChange","GOOD"
"ab0dbd83-cef9-42b2-88e6-8516bc8eb9d2","D03","FLNT","FLNT.AOS.groundwater.well.001","FLNT.W1.20180228.FIL",,"2018-02-28T17:53Z","2018-02-28T17:53Z","EcoCore_CSU","Si",4.9300,"milligramsPerLiter",0.5,,0,"formatChange","GOOD"
"97510f36-7224-4567-957c-8ea245292268","D03","FLNT","FLNT.AOS.groundwater.well.001","FLNT.W1.20180228.PCN",,"2018-02-28T17:53Z","2018-02-28T17:53Z","EcoCore_CSU","TPN",0.0444,"milligram",0.5,,0,"formatChange","GOOD"
"da50dad6-cfef-47a4-86f6-a6f6bbde348b","D03","FLNT","FLNT.AOS.groundwater.well.001","FLNT.W1.20180228.FIL",,"2018-02-28T17:53Z","2018-02-28T17:53Z","EcoCore_CSU","Na",3.0240,"milligramsPerLiter",0.5,,0,"formatChange","GOOD"
"4b96891e-255b-4745-9470-0826294ef32d","D03","FLNT","FLNT.AOS.groundwater.well.001","FLNT.W1.20180228.RAW",,"2018-02-28T17:53Z","2018-02-28T17:53Z","EcoCore_CSU","TN",0.1143,"milligramsPerLiter",0.5,,0,"formatChange","GOOD"
"8648cc86-2514-4cd6-a66c-26143795caf7","D03","FLNT","FLNT.AOS.groundwater.well.001","FLNT.W1.20180228.RAW",,"2018-02-28T17:53Z","2018-02-28T17:53Z","EcoCore_CSU","TSS",14.0000,"milligramsPerLiter",0.5,,0,"formatChange","GOOD"
"83835e9c-f77b-4e7f-b591-e849f00b7162","D03","FLNT","FLNT.AOS.groundwater.well.001","FLNT.W1.20180228.PCN",,"2018-02-28T17:53Z","2018-02-28T17:53Z","EcoCore_CSU","TPC",0.2832,"milligram",0.5,,0,"formatChange","GOOD"
"edbd3ae7-1590-4cf2-95d1-7635a492f094","D03","FLNT","FLNT.AOS.groundwater.well.001","FLNT.W1.20180228.FIL",,"2018-02-28T17:53Z","2018-02-28T17:53Z","EcoCore_CSU","TDP",0.0030,"milligramsPerLiter",0.5,,0,"formatChange","GOOD"
"d1c17d8c-1056-43b4-b35d-fe17b6709228","D03","FLNT","FLNT.AOS.groundwater.well.001","FLNT.W1.20180228.FIL",,"2018-02-28T17:53Z","2018-02-28T17:53Z","EcoCore_CSU","K",0.2600,"milligramsPerLiter",0.5,,0,"formatChange","GOOD"
"680105e2-39a0-4871-bdd2-7931a0f67f9b","D03","FLNT","FLNT.AOS.groundwater.well.001","FLNT.W1.20180228.RAW",,"2018-02-28T17:53Z","2018-02-28T17:53Z","EcoCore_CSU","ANC",2.2500,"milliequivalentsPerLiter",0.5,,0,"formatChange","GOOD"
"160707cb-c8ea-4f56-a77f-29e8f887f6eb","D03","FLNT","FLNT.AOS.groundwater.well.001","FLNT.W1.20180228.FIL",,"2018-02-28T17:53Z","2018-02-28T17:53Z","EcoCore_CSU","NO3+NO2 - N",0.0859,"milligramsPerLiter",0.5,,0,"formatChange","GOOD"
"699a3351-49dd-4b6b-8f12-ee8d8dcba001","D03","FLNT","FLNT.AOS.groundwater.well.001","FLNT.W1.20180228.FIL",,"2018-02-28T17:53Z","2018-02-28T17:53Z","EcoCore_CSU","Cl",11.0600,"milligramsPerLiter",0.5,,0,"formatChange","GOOD"
"9c0db21a-7afc-4bf3-a1dd-ca7b1d39ac82","D03","FLNT","FLNT.AOS.groundwater.well.001","FLNT.W1.20180228.FIL",,"2018-02-28T17:53Z","2018-02-28T17:53Z","EcoCore_CSU","Ortho - P",0.0060,"milligramsPerLiter",0.5,,0,"formatChange","GOOD"
"c2666f60-8ecf-4c6f-8304-e76dd11b8ce2","D03","FLNT","FLNT.AOS.groundwater.well.001","FLNT.W1.20180228.FIL",,"2018-02-28T17:53Z","2018-02-28T17:53Z","EcoCore_CSU","Ca",47.6580,"milligramsPerLiter",0.5,,0,"formatChange","GOOD"
"18a19711-a9b4-48e9-862e-fbffc35126d9","D03","FLNT","FLNT.AOS.groundwater.well.001","FLNT.W1.20180228.FIL",,"2018-02-28T17:53Z","2018-02-28T17:53Z","EcoCore_CSU","SO4",6.2700,"milligramsPerLiter",0.5,,0,"formatChange","GOOD"
"85c9da0d-02b5-47cf-b71d-6bac8925f4f5","D03","FLNT","FLNT.AOS.groundwater.well.001","FLNT.W1.20180228.FIL",,"2018-02-28T17:53Z","2018-02-28T17:53Z","EcoCore_CSU","Mg",0.5380,"milligramsPerLiter",0.5,,0,"formatChange","GOOD"
"dc658247-2194-4977-9e10-14166a2b0e0f","D03","FLNT","FLNT.AOS.groundwater.well.001","FLNT.W1.20180228.FIL",,"2018-02-28T17:53Z","2018-02-28T17:53Z","EcoCore_CSU","Mn",0.0005,"milligramsPerLiter",0.5,,0,"formatChange","GOOD"
"e9f69446-4a1b-4e39-9712-61853afc3d61","D03","FLNT","FLNT.AOS.groundwater.well.001","FLNT.W1.20180228.FIL",,"2018-02-28T17:53Z","2018-02-28T17:53Z","EcoCore_CSU","Fe",0.0005,"milligramsPerLiter",0.5,,0,"formatChange","GOOD"
"d0b725fb-219c-4a6b-83b4-e577a7132b01","D03","FLNT","FLNT.AOS.groundwater.well.001","FLNT.W1.20180228.RAW",,"2018-02-28T17:53Z","2018-02-28T17:53Z","EcoCore_CSU","conductivity",591.1000,"microsiemensPerCentimeter",0.5,,0,"formatChange","GOOD"
"90bc19c0-f2cc-4b23-83a8-d783ae702a97","D03","FLNT","FLNT.AOS.groundwater.well.001","FLNT.W1.20180228.FIL",,"2018-02-28T17:53Z","2018-02-28T17:53Z","EcoCore_CSU","CO3",0.0050,"milligramsPerLiter",0.5,,0,"formatChange","GOOD"
"cd2ffe3a-56e9-4336-b0fc-365f1d4d243e","D03","FLNT","FLNT.AOS.groundwater.well.001","FLNT.W1.20180228.RAW",,"2018-02-28T17:53Z","2018-02-28T17:53Z","EcoCore_CSU","TSS - Dry Mass",700.0000,"microgram",0.5,,0,"formatChange","GOOD"
"8a2c3d08-f0d4-434f-9be9-0f61aeedac9d","D03","FLNT","FLNT.AOS.groundwater.well.001","FLNT.W1.20180228.RAW",,"2018-02-28T17:53Z","2018-02-28T17:53Z","EcoCore_CSU","TOC",0.4302,"milligramsPerLiter",0.5,,0,"formatChange","GOOD"
"868bfa5b-d798-49a7-842e-29148f5e78b7","D03","FLNT","FLNT.AOS.groundwater.well.001","FLNT.W1.20180228.FIL",,"2018-02-28T17:53Z","2018-02-28T17:53Z","EcoCore_CSU","TDS",414.3000,"milligramsPerLiter",0.5,,0,"formatChange","GOOD"
"3207e70c-46cc-4776-ab79-f175eb6fabd3","D03","FLNT","FLNT.AOS.groundwater.well.001","FLNT.W1.20180228.FIL",,"2018-02-28T17:53Z","2018-02-28T17:53Z","EcoCore_CSU","UV Absorbance (280 nm)",0.0187,,0.5,,0,"formatChange","GOOD"
"fb559a20-319d-4eb2-a28c-ce47c9a6ea50","D03","FLNT","FLNT.AOS.groundwater.well.001","FLNT.W1.20180228.RAW",,"2018-02-28T17:53Z","2018-02-28T17:53Z","EcoCore_CSU","pH",6.8600,"pH",0.5,,0,"formatChange","GOOD"
"eff0dff2-17ce-4860-bed7-e419f3e34276","D03","FLNT","FLNT.AOS.groundwater.well.001","FLNT.W1.20180228.FIL",,"2018-02-28T17:53Z","2018-02-28T17:53Z","EcoCore_CSU","DIC",60.6700,"milligramsPerLiter",0.5,,0,"formatChange","GOOD"
"249ef115-a4d7-4943-b372-bb16424e05aa","D03","FLNT","FLNT.AOS.groundwater.well.001","FLNT.W1.20180228.FIL",,"2018-02-28T17:53Z","2018-02-28T17:53Z","EcoCore_CSU","HCO3",131.5400,"milligramsPerLiter",0.5,,0,"formatChange","GOOD"
"bd09aee6-a4eb-4985-9f47-c2ea11b75a45","D03","FLNT","FLNT.AOS.groundwater.well.001","FLNT.W1.20180228.RAW",,"2018-02-28T17:53Z","2018-02-28T17:53Z","EcoCore_CSU","TP",0.0050,"milligramsPerLiter",0.5,,0,"formatChange","GOOD"
"9bed2094-e5c9-45bd-ac5d-5748709803c9","D03","FLNT","FLNT.AOS.groundwater.well.001","FLNT.W1.20180228.FIL",,"2018-02-28T17:53Z","2018-02-28T17:53Z","EcoCore_CSU","TDN",0.1215,"milligramsPerLiter",0.5,,0,"formatChange","GOOD"
"0cb65246-35c4-424f-9034-77909f1903e0","D03","FLNT","FLNT.AOS.groundwater.well.001","FLNT.W1.20180228.FIL",,"2018-02-28T17:53Z","2018-02-28T17:53Z","EcoCore_CSU","Br",0.0050,"milligramsPerLiter",0.5,,0,"formatChange","GOOD"
"76ad1fce-bcae-45da-bb7f-feba06e6a2ae","D03","FLNT","FLNT.AOS.groundwater.well.001","FLNT.W1.20180228.FIL",,"2018-02-28T17:53Z","2018-02-28T17:53Z","EcoCore_CSU","F",0.0050,"milligramsPerLiter",0.5,,0,"formatChange","GOOD"
"27fd5a3a-adee-47e4-851c-1b41cb0e90bf","D03","FLNT","FLNT.AOS.groundwater.well.001","FLNT.W1.20180228.FIL",,"2018-02-28T17:53Z","2018-02-28T17:53Z","EcoCore_CSU","NH4 - N",0.0092,"milligramsPerLiter",0.5,,0,"formatChange","GOOD"
