uid,domainID,siteID,namedLocation,sampleID,sampleCode,startDate,collectDate,laboratoryName,analyte,analyteConcentration,analyteUnits,coolerTemp,remarks,shipmentWarmQF,externalLabDataQF,sampleCondition
"be2bad1e-b4cf-44cb-abfe-2a114f8f246d","D11","PRIN","PRIN.AOS.groundwater.well.001","PRIN.W1.20180806.RAW","A00000021665","2018-08-06T16:25Z","2018-08-06T16:25Z","EcoCore_CSU","TP",0.2639,"milligramsPerLiter",0.5,,0,"formatChange","GOOD"
"3cb6d6df-582c-4e6d-9857-84c9397beeb0","D11","PRIN","PRIN.AOS.groundwater.well.001","PRIN.W1.20180806.FIL","A00000021635","2018-08-06T16:25Z","2018-08-06T16:25Z","EcoCore_CSU","DOC",1.2650,"milligramsPerLiter",0.5,,0,"formatChange","GOOD"
"36894272-2110-4ee8-b7bb-796367f5a001","D11","PRIN","PRIN.AOS.groundwater.well.001","PRIN.W1.20180806.RAW","A00000021665","2018-08-06T16:25Z","2018-08-06T16:25Z","EcoCore_CSU","ANC",2.9500,"milliequivalentsPerLiter",0.5,,0,"formatChange","GOOD"
"c02d98f8-c4fa-4672-be2e-bde8b91b46a9","D11","PRIN","PRIN.AOS.groundwater.well.001","PRIN.W1.20180806.PCN",,"2018-08-06T16:25Z","2018-08-06T16:25Z","EcoCore_CSU","TPN",0.0147,"milligram",0.5,,0,"formatChange","GOOD"
"49aa4e1c-5d33-4aa7-86e0-b2bdc92d5c48","D11","PRIN","PRIN.AOS.groundwater.well.001","PRIN.W1.20180806.FIL","A00000021635","2018-08-06T16:25Z","2018-08-06T16:25Z","EcoCore_CSU","Mg",10.4200,"milligramsPerLiter",0.5,,0,"formatChange","GOOD"
"efe8b518-5ced-465c-b886-8f820aadcb29","D11","PRIN","PRIN.AOS.groundwater.well.001","PRIN.W1.20180806.FIL","A00000021635","2018-08-06T16:25Z","2018-08-06T16:25Z","EcoCore_CSU","UV Absorbance (280 nm)",0.0328,,0.5,,0,"formatChange","GOOD"
"c0b0e529-2596-402f-9e17-67d12bd42e9f","D11","PRIN","PRIN.AOS.groundwater.well.001","PRIN.W1.20180806.RAW","A00000021665","2018-08-06T16:25Z","2018-08-06T16:25Z","EcoCore_CSU","TSS - Dry Mass",1100.0000,"microgram",0.5,,0,"formatChange","GOOD"
"ef8e38dd-9607-43fd-ac9b-27ee281b0dc0","D11","PRIN","PRIN.AOS.groundwater.well.001","PRIN.W1.20180806.RAW","A00000021665","2018-08-06T16:25Z","2018-08-06T16:25Z","EcoCore_CSU","TSS",22.0000,"milligramsPerLiter",0.5,,0,"formatChange","GOOD"
"3345b9a5-a260-438b-83c3-61809f5d7a3f","D11","PRIN","PRIN.AOS.groundwater.well.001","PRIN.W1.20180806.FIL","A00000021635","2018-08-06T16:25Z","2018-08-06T16:25Z","EcoCore_CSU","SO4",35.6400,"milligramsPerLiter",0.5,,0,"formatChange","GOOD"
"bccd413f-354b-4b93-bd21-54ee5f387e42","D11","PRIN","PRIN.AOS.groundwater.well.001","PRIN.W1.20180806.FIL","A00000021635","2018-08-06T16:25Z","2018-08-06T16:25Z","EcoCore_CSU","NO3+NO2 - N",0.0301,"milligramsPerLiter",0.5,,0,"formatChange","GOOD"
"adb1b8ce-e538-4273-9a11-201f1cbf2de2","D11","PRIN","PRIN.AOS.groundwater.well.001","PRIN.W1.20180806.FIL","A00000021635","2018-08-06T16:25Z","2018-08-06T16:25Z","EcoCore_CSU","HCO3",171.4100,"milligramsPerLiter",0.5,,0,"formatChange","GOOD"
"3a4a7b59-6d32-4816-a13b-df79a632feea","D11","PRIN","PRIN.AOS.groundwater.well.001","PRIN.W1.20180806.FIL","A00000021635","2018-08-06T16:25Z","2018-08-06T16:25Z","EcoCore_CSU","K",1.2030,"milligramsPerLiter",0.5,,0,"formatChange","GOOD"
"0f091506-335e-4d38-bc09-4df863cb1cf8","D11","PRIN","PRIN.AOS.groundwater.well.001","PRIN.W1.20180806.FIL","A00000021635","2018-08-06T16:25Z","2018-08-06T16:25Z","EcoCore_CSU","F",0.0050,"milligramsPerLiter",0.5,,0,"formatChange","GOOD"
"fce2caf7-6e5b-4818-8883-4278d992b0a6","D11","PRIN","PRIN.AOS.groundwater.well.001","PRIN.W1.20180806.FIL","A00000021635","2018-08-06T16:25Z","2018-08-06T16:25Z","EcoCore_CSU","Cl",23.3795,"milligramsPerLiter",0.5,,0,"formatChange","GOOD"
"e76f8213-5f12-4424-9aee-8c07f523ac6a","D11","PRIN","PRIN.AOS.groundwater.well.001","PRIN.W1.20180806.RAW","A00000021665","2018-08-06T16:25Z","2018-08-06T16:25Z","EcoCore_CSU","pH",7.2300,"pH",0.5,,0,"formatChange","GOOD"
"db7ee6c9-df9a-4915-a8a1-869fbc8d5614","D11","PRIN","PRIN.AOS.groundwater.well.001","PRIN.W1.20180806.FIL","A00000021635","2018-08-06T16:25Z","2018-08-06T16:25Z","EcoCore_CSU","TDP",0.0174,"milligramsPerLiter",0.5,,0,"formatChange","GOOD"
"ac46e78f-87e8-4bfc-80bf-76076e6bf7f8","D11","PRIN","PRIN.AOS.groundwater.well.001","PRIN.W1.20180806.RAW","A00000021665","2018-08-06T16:25Z","2018-08-06T16:25Z","EcoCore_CSU","TN",0.1616,"milligramsPerLiter",0.5,,0,"formatChange","GOOD"
"b3eadeda-adca-4d1c-aad6-ea2ca3cd806f","D11","PRIN","PRIN.AOS.groundwater.well.001","PRIN.W1.20180806.FIL","A00000021635","2018-08-06T16:25Z","2018-08-06T16:25Z","EcoCore_CSU","Ortho - P",0.0120,"milligramsPerLiter",0.5,,0,"formatChange","GOOD"
"283b852b-0947-478e-885a-61956cdc70ec","D11","PRIN","PRIN.AOS.groundwater.well.001","PRIN.W1.20180806.RAW","A00000021665","2018-08-06T16:25Z","2018-08-06T16:25Z","EcoCore_CSU","TOC",1.0620,"milligramsPerLiter",0.5,,0,"formatChange","GOOD"
"b97412b0-a021-4663-85b7-49a570327cc3","D11","PRIN","PRIN.AOS.groundwater.well.001","PRIN.W1.20180806.FIL","A00000021635","2018-08-06T16:25Z","2018-08-06T16:25Z","EcoCore_CSU","Mn",0.2310,"milligramsPerLiter",0.5,,0,"formatChange","GOOD"
"107db192-be6b-4d8e-874a-78595f909461","D11","PRIN","PRIN.AOS.groundwater.well.001","PRIN.W1.20180806.FIL","A00000021635","2018-08-06T16:25Z","2018-08-06T16:25Z","EcoCore_CSU","Fe",0.0005,"milligramsPerLiter",0.5,,0,"formatChange","GOOD"
"d41743d7-3c74-4cee-9071-945689e32044","D11","PRIN","PRIN.AOS.groundwater.well.001","PRIN.W1.20180806.FIL","A00000021635","2018-08-06T16:25Z","2018-08-06T16:25Z","EcoCore_CSU","NO2 - N",0.0172,"milligramsPerLiter",0.5,,0,"formatChange","GOOD"
"1ea3eccb-d98a-4464-a590-166b4bba15d6","D11","PRIN","PRIN.AOS.groundwater.well.001","PRIN.W1.20180806.FIL","A00000021635","2018-08-06T16:25Z","2018-08-06T16:25Z","EcoCore_CSU","NH4 - N",0.1679,"milligramsPerLiter",0.5,,0,"formatChange","GOOD"
"23c47344-09f2-4845-a2b4-2cbc79bfdead","D11","PRIN","PRIN.AOS.groundwater.well.001","PRIN.W1.20180806.FIL","A00000021635","2018-08-06T16:25Z","2018-08-06T16:25Z","EcoCore_CSU","UV Absorbance (250 nm)",0.0360,,0.5,,0,"formatChange","GOOD"
"b9695115-c6d9-4d0e-837a-20ff50b6ed10","D11","PRIN","PRIN.AOS.groundwater.well.001","PRIN.W1.20180806.RAW","A00000021665","2018-08-06T16:25Z","2018-08-06T16:25Z","EcoCore_CSU","conductivity",388.4000,"microsiemensPerCentimeter",0.5,,0,"formatChange","GOOD"
"7e3041f2-c20d-4d28-a9ab-b0f1244b7977","D11","PRIN","PRIN.AOS.groundwater.well.001","PRIN.W1.20180806.FIL","A00000021635","2018-08-06T16:25Z","2018-08-06T16:25Z","EcoCore_CSU","Na",11.5900,"milligramsPerLiter",0.5,,0,"formatChange","GOOD"
"7dd5312f-6c6d-4233-8438-0bcc3edfe1cd","D11","PRIN","PRIN.AOS.groundwater.well.001","PRIN.W1.20180806.FIL","A00000021635","2018-08-06T16:25Z","2018-08-06T16:25Z","EcoCore_CSU","TDS",272.5600,"milligramsPerLiter",0.5,,0,"formatChange","GOOD"
"e4ac4ad6-337e-4a0e-89da-7aefecc1e499","D11","PRIN","PRIN.AOS.groundwater.well.001","PRIN.W1.20180806.PCN",,"2018-08-06T16:25Z","2018-08-06T16:25Z","EcoCore_CSU","TPC",0.4267,"milligram",0.5,,0,"formatChange","GOOD"
"e05f0369-ad78-4e3e-90ad-eeec6f8b5411","D11","PRIN","PRIN.AOS.groundwater.well.001","PRIN.W1.20180806.FIL","A00000021635","2018-08-06T16:25Z","2018-08-06T16:25Z","EcoCore_CSU","Ca",55.9197,"milligramsPerLiter",0.5,,0,"formatChange","GOOD"
"4776834b-8bfc-4dda-9bc5-4c5b6eb2f798","D11","PRIN","PRIN.AOS.groundwater.well.001","PRIN.W1.20180806.FIL","A00000021635","2018-08-06T16:25Z","2018-08-06T16:25Z","EcoCore_CSU","Br",0.0050,"milligramsPerLiter",0.5,,0,"formatChange","GOOD"
"eb0115a4-ec7d-4c8f-8c6d-627c61f0cda8","D11","PRIN","PRIN.AOS.groundwater.well.001","PRIN.W1.20180806.FIL","A00000021635","2018-08-06T16:25Z","2018-08-06T16:25Z","EcoCore_CSU","CO3",0.0050,"milligramsPerLiter",0.5,,0,"formatChange","GOOD"
"67c7b9ad-b572-40a0-a35f-8f1a13936374","D11","PRIN","PRIN.AOS.groundwater.well.001","PRIN.W1.20180806.FIL","A00000021635","2018-08-06T16:25Z","2018-08-06T16:25Z","EcoCore_CSU","Si",13.9494,"milligramsPerLiter",0.5,,0,"formatChange","GOOD"
"06f31b7a-94dc-4eaf-816f-cfb263851992","D11","PRIN","PRIN.AOS.groundwater.well.001","PRIN.W1.20180806.FIL","A00000021635","2018-08-06T16:25Z","2018-08-06T16:25Z","EcoCore_CSU","TDN",0.1802,"milligramsPerLiter",0.5,,0,"formatChange","GOOD"
"fc241f68-efed-4ff9-b8a8-ed0ad7a677a2","D11","PRIN","PRIN.AOS.groundwater.well.001","PRIN.W1.20180806.FIL","A00000021635","2018-08-06T16:25Z","2018-08-06T16:25Z","EcoCore_CSU","DIC",40.5100,"milligramsPerLiter",0.5,,0,"formatChange","GOOD"
"7bbfbc2b-499a-4754-8412-ee20a883e43e","D11","PRIN","PRIN.AOS.groundwater.well.002","PRIN.W2.20180806.FIL","A00000020399","2018-08-06T17:52Z","2018-08-06T17:52Z","EcoCore_CSU","HCO3",277.5200,"milligramsPerLiter",3.0,,0,"formatChange","GOOD"
"e65b51a9-9572-4726-affa-476e599e3ef7","D11","PRIN","PRIN.AOS.groundwater.well.002","PRIN.W2.20180806.RAW","A00000021664","2018-08-06T17:52Z","2018-08-06T17:52Z","EcoCore_CSU","TN",0.8684,"milligramsPerLiter",3.0,,0,"formatChange","GOOD"
"0e2cb0b1-b5f4-48eb-aa0e-9eb99ce31d60","D11","PRIN","PRIN.AOS.groundwater.well.002","PRIN.W2.20180806.PCN",,"2018-08-06T17:52Z","2018-08-06T17:52Z","EcoCore_CSU","TPN",0.0752,"milligram",3.0,,0,"formatChange","GOOD"
"9745d7eb-f4ec-47a0-ab5c-6627cb20bd7d","D11","PRIN","PRIN.AOS.groundwater.well.002","PRIN.W2.20180806.RAW","A00000021664","2018-08-06T17:52Z","2018-08-06T17:52Z","EcoCore_CSU","conductivity",813.6000,"microsiemensPerCentimeter",3.0,,0,"formatChange","GOOD"
"c8825e82-2323-478f-9f30-e39d065d5492","D11","PRIN","PRIN.AOS.groundwater.well.002","PRIN.W2.20180806.FIL","A00000020399","2018-08-06T17:52Z","2018-08-06T17:52Z","EcoCore_CSU","Br",0.0050,"milligramsPerLiter",3.0,,0,"formatChange","GOOD"
"aa9f0147-8d5c-4684-9f4e-4f7d15e1e881","D11","PRIN","PRIN.AOS.groundwater.well.002","PRIN.W2.20180806.FIL","A00000020399","2018-08-06T17:52Z","2018-08-06T17:52Z","EcoCore_CSU","Si",22.3355,"milligramsPerLiter",3.0,,0,"formatChange","GOOD"
"7e735bcf-53ec-4d17-a26d-8c6e8263d6f4","D11","PRIN","PRIN.AOS.groundwater.well.002","PRIN.W2.20180806.FIL","A00000020399","2018-08-06T17:52Z","2018-08-06T17:52Z","EcoCore_CSU","NO2 - N",0.0190,"milligramsPerLiter",3.0,,0,"formatChange","GOOD"
"c7398efe-5305-4c8f-9e7f-68753804c414","D11","PRIN","PRIN.AOS.groundwater.well.002","PRIN.W2.20180806.FIL","A00000020399","2018-08-06T17:52Z","2018-08-06T17:52Z","EcoCore_CSU","DIC",90.5600,"milligramsPerLiter",3.0,,0,"formatChange","GOOD"
"35fcc87f-f14c-4828-a2a7-660b495c5436","D11","PRIN","PRIN.AOS.groundwater.well.002","PRIN.W2.20180806.FIL","A00000020399","2018-08-06T17:52Z","2018-08-06T17:52Z","EcoCore_CSU","K",1.2270,"milligramsPerLiter",3.0,,0,"formatChange","GOOD"
"559a0d3b-ae74-4c51-a74b-e8e34eedf182","D11","PRIN","PRIN.AOS.groundwater.well.002","PRIN.W2.20180806.PCN",,"2018-08-06T17:52Z","2018-08-06T17:52Z","EcoCore_CSU","TPC",0.3379,"milligram",3.0,,0,"formatChange","GOOD"
"502efaad-c5f1-4dc1-aac9-420e63095de7","D11","PRIN","PRIN.AOS.groundwater.well.002","PRIN.W2.20180806.FIL","A00000020399","2018-08-06T17:52Z","2018-08-06T17:52Z","EcoCore_CSU","Mn",0.0910,"milligramsPerLiter",3.0,,0,"formatChange","GOOD"
"a31a73b2-3342-4fc0-8a69-cb106eff9341","D11","PRIN","PRIN.AOS.groundwater.well.002","PRIN.W2.20180806.FIL","A00000020399","2018-08-06T17:52Z","2018-08-06T17:52Z","EcoCore_CSU","TDS",573.9600,"milligramsPerLiter",3.0,,0,"formatChange","GOOD"
"2eacd479-26aa-4ed8-aeff-8ef6172a4933","D11","PRIN","PRIN.AOS.groundwater.well.002","PRIN.W2.20180806.FIL","A00000020399","2018-08-06T17:52Z","2018-08-06T17:52Z","EcoCore_CSU","DOC",1.5920,"milligramsPerLiter",3.0,,0,"formatChange","GOOD"
"3a45c11e-0e50-4952-8b1b-9db8a6182f59","D11","PRIN","PRIN.AOS.groundwater.well.002","PRIN.W2.20180806.RAW","A00000021664","2018-08-06T17:52Z","2018-08-06T17:52Z","EcoCore_CSU","TP",0.5896,"milligramsPerLiter",3.0,,0,"formatChange","GOOD"
"5d7f3afe-484f-4dbe-8de1-7fa97a823309","D11","PRIN","PRIN.AOS.groundwater.well.002","PRIN.W2.20180806.RAW","A00000021664","2018-08-06T17:52Z","2018-08-06T17:52Z","EcoCore_CSU","TSS - Dry Mass",88400.0000,"microgram",3.0,,0,"formatChange","GOOD"
"137dc905-2f61-4e4c-90c8-48798c16b828","D11","PRIN","PRIN.AOS.groundwater.well.002","PRIN.W2.20180806.FIL","A00000020399","2018-08-06T17:52Z","2018-08-06T17:52Z","EcoCore_CSU","Cl",87.3866,"milligramsPerLiter",3.0,,0,"formatChange","GOOD"
"e0174608-92e5-4a18-a834-4c896b97263c","D11","PRIN","PRIN.AOS.groundwater.well.002","PRIN.W2.20180806.FIL","A00000020399","2018-08-06T17:52Z","2018-08-06T17:52Z","EcoCore_CSU","TDN",0.2111,"milligramsPerLiter",3.0,,0,"formatChange","GOOD"
"622be787-3461-4129-b088-a4af515d4ace","D11","PRIN","PRIN.AOS.groundwater.well.002","PRIN.W2.20180806.RAW","A00000021664","2018-08-06T17:52Z","2018-08-06T17:52Z","EcoCore_CSU","ANC",4.6200,"milliequivalentsPerLiter",3.0,,0,"formatChange","GOOD"
"8503a826-834b-4a4d-b929-763f2415caa9","D11","PRIN","PRIN.AOS.groundwater.well.002","PRIN.W2.20180806.FIL","A00000020399","2018-08-06T17:52Z","2018-08-06T17:52Z","EcoCore_CSU","Mg",15.4700,"milligramsPerLiter",3.0,,0,"formatChange","GOOD"
"cd2640d0-7ee2-4b62-af18-ed7f381e1c25","D11","PRIN","PRIN.AOS.groundwater.well.002","PRIN.W2.20180806.FIL","A00000020399","2018-08-06T17:52Z","2018-08-06T17:52Z","EcoCore_CSU","Ortho - P",0.0300,"milligramsPerLiter",3.0,,0,"formatChange","GOOD"
"ab176515-62ab-4056-ad7f-19d635930bbb","D11","PRIN","PRIN.AOS.groundwater.well.002","PRIN.W2.20180806.FIL","A00000020399","2018-08-06T17:52Z","2018-08-06T17:52Z","EcoCore_CSU","TDP",0.0015,"milligramsPerLiter",3.0,,0,"formatChange","GOOD"
"d8690fd3-6ee2-4a4e-80ff-6310b0e57697","D11","PRIN","PRIN.AOS.groundwater.well.002","PRIN.W2.20180806.FIL","A00000020399","2018-08-06T17:52Z","2018-08-06T17:52Z","EcoCore_CSU","Fe",0.0005,"milligramsPerLiter",3.0,,0,"formatChange","GOOD"
"59a1436a-dedf-419c-adb6-d2240d28e195","D11","PRIN","PRIN.AOS.groundwater.well.002","PRIN.W2.20180806.FIL","A00000020399","2018-08-06T17:52Z","2018-08-06T17:52Z","EcoCore_CSU","Ca",83.2702,"milligramsPerLiter",3.0,,0,"formatChange","GOOD"
"62a13547-91bc-48d1-b5d4-3f8f22cede53","D11","PRIN","PRIN.AOS.groundwater.well.002","PRIN.W2.20180806.FIL","A00000020399","2018-08-06T17:52Z","2018-08-06T17:52Z","EcoCore_CSU","NO3+NO2 - N",0.0123,"milligramsPerLiter",3.0,,0,"formatChange","GOOD"
"75490ec7-22dd-4d22-9866-db28c3953a9c","D11","PRIN","PRIN.AOS.groundwater.well.002","PRIN.W2.20180806.FIL","A00000020399","2018-08-06T17:52Z","2018-08-06T17:52Z","EcoCore_CSU","NH4 - N",0.2135,"milligramsPerLiter",3.0,,0,"formatChange","GOOD"
"d46eb0c0-038d-40ca-8c3f-7df81d6e0a6f","D11","PRIN","PRIN.AOS.groundwater.well.002","PRIN.W2.20180806.RAW","A00000021664","2018-08-06T17:52Z","2018-08-06T17:52Z","EcoCore_CSU","pH",7.2800,"pH",3.0,,0,"formatChange","GOOD"
"a6c7d4ba-02eb-4e43-82ba-b733f9c635d6","D11","PRIN","PRIN.AOS.groundwater.well.002","PRIN.W2.20180806.FIL","A00000020399","2018-08-06T17:52Z","2018-08-06T17:52Z","EcoCore_CSU","UV Absorbance (250 nm)",0.2679,,3.0,,0,"formatChange","GOOD"
"38e189f6-35d2-425b-a5d0-37dccf8cd789","D11","PRIN","PRIN.AOS.groundwater.well.002","PRIN.W2.20180806.FIL","A00000020399","2018-08-06T17:52Z","2018-08-06T17:52Z","EcoCore_CSU","F",0.0050,"milligramsPerLiter",3.0,,0,"formatChange","GOOD"
"4692ac73-b683-447c-b8b9-ccda56909b05","D11","PRIN","PRIN.AOS.groundwater.well.002","PRIN.W2.20180806.FIL","A00000020399","2018-08-06T17:52Z","2018-08-06T17:52Z","EcoCore_CSU","Na",44.9100,"milligramsPerLiter",3.0,,0,"formatChange","GOOD"
"830dc529-f6fe-4b4f-aa2d-5b26a2144083","D11","PRIN","PRIN.AOS.groundwater.well.002","PRIN.W2.20180806.RAW","A00000021664","2018-08-06T17:52Z","2018-08-06T17:52Z","EcoCore_CSU","TSS",1768.0000,"milligramsPerLiter",3.0,,0,"formatChange","GOOD"
"7eded7b5-ad21-4ab3-b5b3-82b77bb0c5a4","D11","PRIN","PRIN.AOS.groundwater.well.002","PRIN.W2.20180806.FIL","A00000020399","2018-08-06T17:52Z","2018-08-06T17:52Z","EcoCore_CSU","CO3",0.0050,"milligramsPerLiter",3.0,,0,"formatChange","GOOD"
"f557d2f8-06a8-466c-ab89-833ec386bdf0","D11","PRIN","PRIN.AOS.groundwater.well.002","PRIN.W2.20180806.RAW","A00000021664","2018-08-06T17:52Z","2018-08-06T17:52Z","EcoCore_CSU","TOC",8.6530,"milligramsPerLiter",3.0,,0,"formatChange","GOOD"
"ca3dbc20-fe87-4ec2-866e-577e35b02ba6","D11","PRIN","PRIN.AOS.groundwater.well.002","PRIN.W2.20180806.FIL","A00000020399","2018-08-06T17:52Z","2018-08-06T17:52Z","EcoCore_CSU","SO4",19.8660,"milligramsPerLiter",3.0,,0,"formatChange","GOOD"
"c2d210d7-ac93-4cb5-bf0e-5accd96c358a","D11","PRIN","PRIN.AOS.groundwater.well.002","PRIN.W2.20180806.FIL","A00000020399","2018-08-06T17:52Z","2018-08-06T17:52Z","EcoCore_CSU","UV Absorbance (280 nm)",0.2263,,3.0,,0,"formatChange","GOOD"
