uid,domainID,siteID,namedLocation,collectDate,parentSampleID,sampleCondition,sampleID,replicateNumber,gwwDICBubbleFree,gwwFiltSampleHeadspace,gwwAlkSampleHeadspace,gwwAlkSampleBubbleFree,processedDate,processedDateFilters,sampleVolumeFiltered,shipmentTimeRange
"09bf5454-550c-4336-934d-b056ba96af69","D18","TOOK","TOOK.AOS.groundwater.well.002","2019-08-06T17:35Z","TOOK.W2.20190806",,"TOOK.W2.20190806",1,"Y","N",,,"2019-08-06T17:35Z","2019-08-06T19:10Z",60.0,
"7a719fa6-41d2-4b1a-8228-6a2cc9342afa","D18","TOOK","TOOK.AOS.groundwater.well.001","2019-08-06T18:21Z","TOOK.W1.20190806",,"TOOK.W1.20190806",1,,"Y",,,"2019-08-06T18:21Z",,,
"1a65c3e6-15cd-4503-89b3-bbadcf08d604","D18","TOOK","TOOK.AOS.groundwater.well.008","2019-08-06T22:32Z","TOOK.W8.20190806","Sample condition ok","TOOK.W8.20190806",1,"Y","N",,"Y","2019-08-06T22:32Z","2019-08-06T22:02Z",100.0,
"cf4a8176-9151-49ef-8aa1-c4612afeac78","D18","TOOK","TOOK.AOS.groundwater.well.007","2019-08-07T00:07Z","TOOK.W7.20190806","Sample condition ok","TOOK.W7.20190806",1,"Y","N",,"Y","2019-08-07T00:07Z","2019-08-07T00:07Z",70.0,
