uid,domainID,siteID,namedLocation,decimalLatitude,decimalLongitude,coordinateUncertainty,elevation,elevationUncertainty,geodeticDatum,collectDate,aquaticSiteType,samplingImpractical,waterChemSamplesCollected,adequateSampleVol,parentSampleID,eventID,swcSamplingProtocolVersion,sampleExtractionMethod,samplerType,totalWellDepth,wellWaterDepth,waterColumnHeight,sampleDepth,purgeAverageDischargeRate,purgeTime,gwWellStabilized,purgeDryDateTime,pumpPlacementDate,screenedIntervalDepth,maxAllowableDrawdown,actualDrawdown,MADExceeded,wellVolumePurged,probeIDUnavailable,dissolvedOxygen,dissolvedOxygenSaturation,specificConductance,waterTemp,pH,waterClarityDescrip,waterColorDescrip,aCollectedBy,bCollectedBy,remarks
"95be92b5-10d0-46a6-8443-dc5a891254d4","D18","TOOK","TOOK.AOS.groundwater.well.002",68.625116,-149.596071,0.1,719.2,0.1,"WGS84","2019-08-06T17:35Z","lake",,,"Y","TOOK.W2.20190806","TOOK.20190806","NEON.DOC.002905vF","Syringe","Syringe",,,,,,,,,,,,,,,,,,,,5.57,,,"0000-0003-1651-3911","0000-0002-4562-0954",
"e4d60a4a-77b9-44e4-bec8-066d8daa35a1","D18","TOOK","TOOK.AOS.groundwater.well.001",68.624838,-149.594024,0.5,721.6,0.5,"WGS84","2019-08-06T18:21Z","lake",,,"N","TOOK.W1.20190806","TOOK.20190806","NEON.DOC.002905vF","bailer tube","Groundwater Bailer Tube",,,,,,,,,,,,,,0.1,,,,,,,"clear","brown","0000-0003-1651-3911","0000-0002-4562-0954",
"b3c81cc7-8a2f-4000-aa83-0048ad411755","D18","TOOK","TOOK.AOS.groundwater.well.008",68.640702,-149.597089,0.5,719.0,0.5,"WGS84","2019-08-06T22:32Z","lake",,,"Y","TOOK.W8.20190806","TOOK.20190806","NEON.DOC.002905vF","Syringe","Syringe",,,,,,,,,,,,,,,,5.00,51.00,107.30,8.10,8.01,,,"0000-0003-1651-3911","0000-0001-9124-8148",
"96ff5af5-5407-4cf1-be63-1c78d58c83b1","D18","TOOK","TOOK.AOS.groundwater.well.007",68.639351,-149.590122,0.1,716.8,0.1,"WGS84","2019-08-07T00:07Z","lake",,,"Y","TOOK.W7.20190806","TOOK.20190806","NEON.DOC.002905vF","Syringe","Syringe",,,,,,,,,,,,,,,,3.30,28.00,65.30,6.00,7.95,,,"0000-0001-9124-8148","0000-0003-1651-3911",
