uid,domainID,siteID,namedLocation,sampleID,sampleCode,startDate,collectDate,laboratoryName,analyte,analyteConcentration,analyteUnits,coolerTemp,remarks,shipmentWarmQF,externalLabDataQF,sampleCondition
"dc1e9f1d-493e-4810-88eb-75da0f2db86e","D18","TOOK","TOOK.AOS.groundwater.well.002","TOOK.W2.20190806.FIL","A00000065445","2019-08-06T17:35Z","2019-08-06T17:35Z","EcoCore_CSU","UV Absorbance (250 nm)",1.1633,,4.1,,0,,"OK"
"956b22eb-3be4-44e0-aa13-fdd777b8045f","D18","TOOK","TOOK.AOS.groundwater.well.002","TOOK.W2.20190806.FIL","A00000065445","2019-08-06T17:35Z","2019-08-06T17:35Z","EcoCore_CSU","CO3",0.0050,"milligramsPerLiter",4.1,,0,,"OK"
"bd304848-f318-4f74-8ea1-83a3e11dff0f","D18","TOOK","TOOK.AOS.groundwater.well.002","TOOK.W2.20190806.FIL","A00000065445","2019-08-06T17:35Z","2019-08-06T17:35Z","EcoCore_CSU","DIC",3.5690,"milligramsPerLiter",4.1,,0,,"OK"
"57a5dff9-03c0-437b-9295-7f6c121432b3","D18","TOOK","TOOK.AOS.groundwater.well.002","TOOK.W2.20190806.FIL","A00000065445","2019-08-06T17:35Z","2019-08-06T17:35Z","EcoCore_CSU","NO2 - N",0.0018,"milligramsPerLiter",4.1,,0,,"OK"
"24fd2ecf-490a-4b2a-8a16-26b7d4bef4a9","D18","TOOK","TOOK.AOS.groundwater.well.002","TOOK.W2.20190806.RAW","A00000065853","2019-08-06T17:35Z","2019-08-06T17:35Z","EcoCore_CSU","pH",5.6200,"pH",4.1,,0,,"OK"
"293d2b54-98f1-4eb5-b716-579b409f8628","D18","TOOK","TOOK.AOS.groundwater.well.002","TOOK.W2.20190806.FIL","A00000065445","2019-08-06T17:35Z","2019-08-06T17:35Z","EcoCore_CSU","Na",0.0005,"milligramsPerLiter",4.1,,0,,"OK"
"74e12d15-015e-4408-a132-3aba4fdf55cf","D18","TOOK","TOOK.AOS.groundwater.well.002","TOOK.W2.20190806.FIL","A00000065445","2019-08-06T17:35Z","2019-08-06T17:35Z","EcoCore_CSU","Ca",2.0750,"milligramsPerLiter",4.1,,0,,"OK"
"4f190fca-3c82-4808-b4c7-77867274454d","D18","TOOK","TOOK.AOS.groundwater.well.002","TOOK.W2.20190806.FIL","A00000065445","2019-08-06T17:35Z","2019-08-06T17:35Z","EcoCore_CSU","Si",1.3100,"milligramsPerLiter",4.1,,0,,"OK"
"0f6be655-7a84-4d94-a8c7-b541174a8b73","D18","TOOK","TOOK.AOS.groundwater.well.002","TOOK.W2.20190806.RAW","A00000065853","2019-08-06T17:35Z","2019-08-06T17:35Z","EcoCore_CSU","TSS",62.0000,"milligramsPerLiter",4.1,,0,,"OK"
"afac31b8-b087-45d0-9d42-6e8e1910a8b0","D18","TOOK","TOOK.AOS.groundwater.well.002","TOOK.W2.20190806.DIC","A00000099339","2019-08-06T17:35Z","2019-08-06T17:35Z","EcoCore_CSU","pH",6.3000,"pH",5.7,"DIC and pH only",0,,"OK"
"028787d0-3f19-4073-952f-e01252c3fff2","D18","TOOK","TOOK.AOS.groundwater.well.002","TOOK.W2.20190806.DIC","A00000099339","2019-08-06T17:35Z","2019-08-06T17:35Z","EcoCore_CSU","DIC",18.3200,"milligramsPerLiter",5.7,"DIC and pH only",0,,"OK"
"f1a0adb2-7f80-4d9a-bfe1-f36b6bd14782","D18","TOOK","TOOK.AOS.groundwater.well.002","TOOK.W2.20190806.RAW","A00000065853","2019-08-06T17:35Z","2019-08-06T17:35Z","EcoCore_CSU","TOC",22.1200,"milligramsPerLiter",4.1,,0,,"OK"
"41f8e887-35ff-4cf3-bc89-30f3c91e4c8f","D18","TOOK","TOOK.AOS.groundwater.well.002","TOOK.W2.20190806.FIL","A00000065445","2019-08-06T17:35Z","2019-08-06T17:35Z","EcoCore_CSU","Mn",0.0500,"milligramsPerLiter",4.1,,0,,"OK"
"71388310-7b9b-43ee-a687-68e1e88f2d40","D18","TOOK","TOOK.AOS.groundwater.well.002","TOOK.W2.20190806.FIL","A00000065445","2019-08-06T17:35Z","2019-08-06T17:35Z","EcoCore_CSU","Mg",0.3760,"milligramsPerLiter",4.1,,0,,"OK"
"7484e5f4-f63f-4479-b767-e9f75dd5a487","D18","TOOK","TOOK.AOS.groundwater.well.002","TOOK.W2.20190806.FIL","A00000065445","2019-08-06T17:35Z","2019-08-06T17:35Z","EcoCore_CSU","K",0.0130,"milligramsPerLiter",4.1,,0,,"OK"
"460c4cfc-3cb8-40ae-9508-2ab7c2eeac93","D18","TOOK","TOOK.AOS.groundwater.well.002","TOOK.W2.20190806.RAW","A00000065853","2019-08-06T17:35Z","2019-08-06T17:35Z","EcoCore_CSU","ANC",0.1200,"milliequivalentsPerLiter",4.1,,0,,"OK"
"6ec57654-2da4-4314-824a-c9e5cb863a2e","D18","TOOK","TOOK.AOS.groundwater.well.002","TOOK.W2.20190806.FIL","A00000065445","2019-08-06T17:35Z","2019-08-06T17:35Z","EcoCore_CSU","TDP",0.0090,"milligramsPerLiter",4.1,,0,,"OK"
"88f43296-4a5b-4a93-b595-111ef427f288","D18","TOOK","TOOK.AOS.groundwater.well.002","TOOK.W2.20190806.RAW","A00000065853","2019-08-06T17:35Z","2019-08-06T17:35Z","EcoCore_CSU","conductivity",16.5100,"microsiemensPerCentimeter",4.1,,0,,"OK"
"84d1009b-6296-4063-857a-ffbee542b7e7","D18","TOOK","TOOK.AOS.groundwater.well.002","TOOK.W2.20190806.FIL","A00000065445","2019-08-06T17:35Z","2019-08-06T17:35Z","EcoCore_CSU","TDN",0.5004,"milligramsPerLiter",4.1,,0,,"OK"
"3c394d6d-b3e5-403f-ae27-5fec1a2b9163","D18","TOOK","TOOK.AOS.groundwater.well.002","TOOK.W2.20190806.FIL","A00000065445","2019-08-06T17:35Z","2019-08-06T17:35Z","EcoCore_CSU","DOC",20.3700,"milligramsPerLiter",4.1,,0,,"OK"
"846c0b97-5e9f-484c-9605-190d2804d63e","D18","TOOK","TOOK.AOS.groundwater.well.002","TOOK.W2.20190806.FIL","A00000065445","2019-08-06T17:35Z","2019-08-06T17:35Z","EcoCore_CSU","NH4 - N",0.1174,"milligramsPerLiter",4.1,,0,,"OK"
"4d4ed47a-c8ec-4a46-90fc-eebe3b3630d8","D18","TOOK","TOOK.AOS.groundwater.well.002","TOOK.W2.20190806.FIL","A00000065445","2019-08-06T17:35Z","2019-08-06T17:35Z","EcoCore_CSU","F",0.1000,"milligramsPerLiter",4.1,,0,,"OK"
"b3d2bab1-4025-4cb1-8b0f-e75f3ce64c5d","D18","TOOK","TOOK.AOS.groundwater.well.002","TOOK.W2.20190806.FIL","A00000065445","2019-08-06T17:35Z","2019-08-06T17:35Z","EcoCore_CSU","NO3+NO2 - N",0.0143,"milligramsPerLiter",4.1,,0,,"OK"
"f1e364b9-674c-4c7d-92f8-43b4bdb2b2a9","D18","TOOK","TOOK.AOS.groundwater.well.002","TOOK.W2.20190806.FIL","A00000065445","2019-08-06T17:35Z","2019-08-06T17:35Z","EcoCore_CSU","Cl",1.1200,"milligramsPerLiter",4.1,,0,,"OK"
"2048ab5c-51ad-4bbf-a189-1784d54059f7","D18","TOOK","TOOK.AOS.groundwater.well.002","TOOK.W2.20190806.FIL","A00000065445","2019-08-06T17:35Z","2019-08-06T17:35Z","EcoCore_CSU","TDS",12.1000,"milligramsPerLiter",4.1,,0,,"OK"
"18e84029-522b-4073-8b90-18a7472494f2","D18","TOOK","TOOK.AOS.groundwater.well.002","TOOK.W2.20190806.FIL","A00000065445","2019-08-06T17:35Z","2019-08-06T17:35Z","EcoCore_CSU","Fe",0.4450,"milligramsPerLiter",4.1,,0,,"OK"
"fd7746ca-aa45-40e2-8532-9e04fd7ea1b7","D18","TOOK","TOOK.AOS.groundwater.well.002","TOOK.W2.20190806.FIL","A00000065445","2019-08-06T17:35Z","2019-08-06T17:35Z","EcoCore_CSU","Ortho - P",0.0370,"milligramsPerLiter",4.1,,0,,"OK"
"10fa0f51-7251-4de6-b3b2-9a5e1fa26db1","D18","TOOK","TOOK.AOS.groundwater.well.002","TOOK.W2.20190806.RAW","A00000065853","2019-08-06T17:35Z","2019-08-06T17:35Z","EcoCore_CSU","TSS - Dry Mass",3100.0000,"microgram",4.1,,0,,"OK"
"d8d0146e-01b1-44ee-9827-f16c29052ac0","D18","TOOK","TOOK.AOS.groundwater.well.002","TOOK.W2.20190806.FIL","A00000065445","2019-08-06T17:35Z","2019-08-06T17:35Z","EcoCore_CSU","HCO3",5.6200,"milligramsPerLiter",4.1,,0,,"OK"
"af6cc7f2-374e-4458-a4a2-5eea02ed67cf","D18","TOOK","TOOK.AOS.groundwater.well.002","TOOK.W2.20190806.RAW","A00000065853","2019-08-06T17:35Z","2019-08-06T17:35Z","EcoCore_CSU","TP",0.0760,"milligramsPerLiter",4.1,,0,,"OK"
"b19a437d-53c4-4770-b8f8-2ebb016858a1","D18","TOOK","TOOK.AOS.groundwater.well.002","TOOK.W2.20190806.FIL","A00000065445","2019-08-06T17:35Z","2019-08-06T17:35Z","EcoCore_CSU","UV Absorbance (280 nm)",0.7715,,4.1,,0,,"OK"
"12746593-fc95-4565-b454-8d6289d96421","D18","TOOK","TOOK.AOS.groundwater.well.002","TOOK.W2.20190806.RAW","A00000065853","2019-08-06T17:35Z","2019-08-06T17:35Z","EcoCore_CSU","TN",0.4816,"milligramsPerLiter",4.1,,0,,"OK"
"3007fd28-a467-429d-8d46-5346354bcf13","D18","TOOK","TOOK.AOS.groundwater.well.002","TOOK.W2.20190806.FIL","A00000065445","2019-08-06T17:35Z","2019-08-06T17:35Z","EcoCore_CSU","Br",0.0050,"milligramsPerLiter",4.1,,0,,"OK"
"09b92503-f910-41c4-84c3-8ae14d607749","D18","TOOK","TOOK.AOS.groundwater.well.002","TOOK.W2.20190806.PCN","A00000099651","2019-08-06T17:35Z","2019-08-06T17:35Z","EcoCore_CSU","TPN",0.1396,"milligram",4.1,,0,,"OK"
"05fde3af-19ff-4631-a10e-f72587b3c6d8","D18","TOOK","TOOK.AOS.groundwater.well.002","TOOK.W2.20190806.PCN","A00000099651","2019-08-06T17:35Z","2019-08-06T17:35Z","EcoCore_CSU","TPC",0.5576,"milligram",4.1,,0,,"OK"
"668f10c6-6d24-4f56-a878-c1274e30c4b3","D18","TOOK","TOOK.AOS.groundwater.well.002","TOOK.W2.20190806.FIL","A00000065445","2019-08-06T17:35Z","2019-08-06T17:35Z","EcoCore_CSU","SO4",0.3200,"milligramsPerLiter",4.1,,0,,"OK"
"97161bbe-f6f6-4973-8274-67f6102ff239","D18","TOOK","TOOK.AOS.groundwater.well.001","TOOK.W1.20190806.FIL","A00000065811","2019-08-06T18:21Z","2019-08-06T18:21Z","EcoCore_CSU","DIC",4.6820,"milligramsPerLiter",5.7,,0,,"OK"
"d4a85686-9c83-4b92-b9eb-727b8623ddc4","D18","TOOK","TOOK.AOS.groundwater.well.008","TOOK.W8.20190806.FIL","A00000065491","2019-08-06T22:32Z","2019-08-06T22:32Z","EcoCore_CSU","SO4",1.0700,"milligramsPerLiter",6.0,,0,,"OK"
"8976a4d2-960a-402b-8007-60e12dfc23d1","D18","TOOK","TOOK.AOS.groundwater.well.008","TOOK.W8.20190806.PCN","A00000099340","2019-08-06T22:32Z","2019-08-06T22:32Z","EcoCore_CSU","TPC",0.3199,"milligram",6.0,,0,,"OK"
"8ce99930-348c-4a25-b371-e1ff695dcd3d","D18","TOOK","TOOK.AOS.groundwater.well.008","TOOK.W8.20190806.PCN","A00000099340","2019-08-06T22:32Z","2019-08-06T22:32Z","EcoCore_CSU","TPN",0.1491,"milligram",6.0,,0,,"OK"
"63d84fb8-6ae0-4ece-8127-1430c8d9b24a","D18","TOOK","TOOK.AOS.groundwater.well.008","TOOK.W8.20190806.FIL","A00000065491","2019-08-06T22:32Z","2019-08-06T22:32Z","EcoCore_CSU","TDN",0.4240,"milligramsPerLiter",6.0,,0,,"OK"
"11c6a0cb-2c4d-4724-9bfd-20781641acb2","D18","TOOK","TOOK.AOS.groundwater.well.008","TOOK.W8.20190806.FIL","A00000065491","2019-08-06T22:32Z","2019-08-06T22:32Z","EcoCore_CSU","K",0.1810,"milligramsPerLiter",6.0,,0,,"OK"
"705aa40f-40fc-450c-a34f-d4cbfa13cc90","D18","TOOK","TOOK.AOS.groundwater.well.008","TOOK.W8.20190806.FIL","A00000065491","2019-08-06T22:32Z","2019-08-06T22:32Z","EcoCore_CSU","Na",0.0005,"milligramsPerLiter",6.0,,0,,"OK"
"f49e39f2-d1c6-45ec-80f7-827bed82a7a3","D18","TOOK","TOOK.AOS.groundwater.well.008","TOOK.W8.20190806.RAW","A00000065835","2019-08-06T22:32Z","2019-08-06T22:32Z","EcoCore_CSU","TN",0.4120,"milligramsPerLiter",6.0,,0,,"OK"
"704f49ca-6ced-4553-b0c5-b06ea94e4484","D18","TOOK","TOOK.AOS.groundwater.well.008","TOOK.W8.20190806.RAW","A00000065835","2019-08-06T22:32Z","2019-08-06T22:32Z","EcoCore_CSU","TOC",10.3100,"milligramsPerLiter",6.0,,0,,"OK"
"db0b6e6f-75b0-439c-8e4f-70f793fce45a","D18","TOOK","TOOK.AOS.groundwater.well.008","TOOK.W8.20190806.FIL","A00000065491","2019-08-06T22:32Z","2019-08-06T22:32Z","EcoCore_CSU","DIC",13.5700,"milligramsPerLiter",6.0,,0,,"OK"
"2adedf77-5bc3-483a-b430-84f4b87c5008","D18","TOOK","TOOK.AOS.groundwater.well.008","TOOK.W8.20190806.RAW","A00000065835","2019-08-06T22:32Z","2019-08-06T22:32Z","EcoCore_CSU","TSS - Dry Mass",1500.0000,"microgram",6.0,,0,,"OK"
"1714eae3-bd6a-478c-aab4-6266e42869ca","D18","TOOK","TOOK.AOS.groundwater.well.008","TOOK.W8.20190806.FIL","A00000065491","2019-08-06T22:32Z","2019-08-06T22:32Z","EcoCore_CSU","UV Absorbance (250 nm)",0.4231,,6.0,,0,,"OK"
"62982c85-e3b3-47c1-ad60-1d0741541e9a","D18","TOOK","TOOK.AOS.groundwater.well.008","TOOK.W8.20190806.FIL","A00000065491","2019-08-06T22:32Z","2019-08-06T22:32Z","EcoCore_CSU","Mn",0.0070,"milligramsPerLiter",6.0,,0,,"OK"
"0aa18c5a-d7e5-4b19-a1b5-416b3203d4ba","D18","TOOK","TOOK.AOS.groundwater.well.008","TOOK.W8.20190806.FIL","A00000065491","2019-08-06T22:32Z","2019-08-06T22:32Z","EcoCore_CSU","Ortho - P",0.0300,"milligramsPerLiter",6.0,,0,,"OK"
"39dcb928-685c-483e-a341-c1795f2d7f13","D18","TOOK","TOOK.AOS.groundwater.well.008","TOOK.W8.20190806.DIC","A00000099351","2019-08-06T22:32Z","2019-08-06T22:32Z","EcoCore_CSU","pH",6.8200,"pH",5.7,"DIC and pH only",0,,"OK"
"ed7f1077-dc52-45c6-962c-76fcd373d276","D18","TOOK","TOOK.AOS.groundwater.well.008","TOOK.W8.20190806.RAW","A00000065835","2019-08-06T22:32Z","2019-08-06T22:32Z","EcoCore_CSU","conductivity",105.6000,"microsiemensPerCentimeter",6.0,,0,,"OK"
"1694da95-0162-409d-a31c-05fe910e853d","D18","TOOK","TOOK.AOS.groundwater.well.008","TOOK.W8.20190806.FIL","A00000065491","2019-08-06T22:32Z","2019-08-06T22:32Z","EcoCore_CSU","NH4 - N",0.1210,"milligramsPerLiter",6.0,,0,,"OK"
"d2c087a0-9106-4d0d-90c3-e9a547c0aead","D18","TOOK","TOOK.AOS.groundwater.well.008","TOOK.W8.20190806.RAW","A00000065835","2019-08-06T22:32Z","2019-08-06T22:32Z","EcoCore_CSU","pH",6.9700,"pH",6.0,,0,,"OK"
"a9f219e7-4d6f-43a7-8fa0-fc3ecacd2b2f","D18","TOOK","TOOK.AOS.groundwater.well.008","TOOK.W8.20190806.FIL","A00000065491","2019-08-06T22:32Z","2019-08-06T22:32Z","EcoCore_CSU","Si",0.9900,"milligramsPerLiter",6.0,,0,,"OK"
"af2ba82a-c6b5-48ad-b547-f5b42b743083","D18","TOOK","TOOK.AOS.groundwater.well.008","TOOK.W8.20190806.FIL","A00000065491","2019-08-06T22:32Z","2019-08-06T22:32Z","EcoCore_CSU","Ca",16.5750,"milligramsPerLiter",6.0,,0,,"OK"
"4649cc9c-718c-4ca6-8e49-ccde375a55c5","D18","TOOK","TOOK.AOS.groundwater.well.008","TOOK.W8.20190806.RAW","A00000065835","2019-08-06T22:32Z","2019-08-06T22:32Z","EcoCore_CSU","ANC",0.9300,"milliequivalentsPerLiter",6.0,,0,,"OK"
"588b5efa-07d8-468b-aa0a-c6d075538ee4","D18","TOOK","TOOK.AOS.groundwater.well.008","TOOK.W8.20190806.FIL","A00000065491","2019-08-06T22:32Z","2019-08-06T22:32Z","EcoCore_CSU","Fe",0.0350,"milligramsPerLiter",6.0,,0,,"OK"
"103278ed-c262-4399-96dc-bda825f739c2","D18","TOOK","TOOK.AOS.groundwater.well.008","TOOK.W8.20190806.FIL","A00000065491","2019-08-06T22:32Z","2019-08-06T22:32Z","EcoCore_CSU","HCO3",53.6800,"milligramsPerLiter",6.0,,0,,"OK"
"4af029f4-e14a-4239-bc14-fd40f1a4cb26","D18","TOOK","TOOK.AOS.groundwater.well.008","TOOK.W8.20190806.RAW","A00000065835","2019-08-06T22:32Z","2019-08-06T22:32Z","EcoCore_CSU","TP",0.0650,"milligramsPerLiter",6.0,,0,,"OK"
"c9a151cc-5086-48d3-b5d5-b7532a5a0cfd","D18","TOOK","TOOK.AOS.groundwater.well.008","TOOK.W8.20190806.FIL","A00000065491","2019-08-06T22:32Z","2019-08-06T22:32Z","EcoCore_CSU","Cl",1.5200,"milligramsPerLiter",6.0,,0,,"OK"
"a95cb5a1-b532-4eb4-a1a4-917a2ccac371","D18","TOOK","TOOK.AOS.groundwater.well.008","TOOK.W8.20190806.FIL","A00000065491","2019-08-06T22:32Z","2019-08-06T22:32Z","EcoCore_CSU","Br",0.0050,"milligramsPerLiter",6.0,,0,,"OK"
"f1071d60-e207-44c5-9351-fadf9b2f9854","D18","TOOK","TOOK.AOS.groundwater.well.008","TOOK.W8.20190806.FIL","A00000065491","2019-08-06T22:32Z","2019-08-06T22:32Z","EcoCore_CSU","CO3",0.0050,"milligramsPerLiter",6.0,,0,,"OK"
"8ea81129-b682-44cf-afbc-8a27f78bda97","D18","TOOK","TOOK.AOS.groundwater.well.008","TOOK.W8.20190806.FIL","A00000065491","2019-08-06T22:32Z","2019-08-06T22:32Z","EcoCore_CSU","TDP",0.0090,"milligramsPerLiter",6.0,,0,,"OK"
"c2a43dff-c1c4-4971-ad68-cc91067d5136","D18","TOOK","TOOK.AOS.groundwater.well.008","TOOK.W8.20190806.FIL","A00000065491","2019-08-06T22:32Z","2019-08-06T22:32Z","EcoCore_CSU","Mg",1.5930,"milligramsPerLiter",6.0,,0,,"OK"
"f31b1148-3ce0-46a0-9171-78fc740f5e8d","D18","TOOK","TOOK.AOS.groundwater.well.008","TOOK.W8.20190806.FIL","A00000065491","2019-08-06T22:32Z","2019-08-06T22:32Z","EcoCore_CSU","DOC",11.0300,"milligramsPerLiter",6.0,,0,,"OK"
"981b9b7b-6bb7-4c8f-a678-7fa95ff20cf6","D18","TOOK","TOOK.AOS.groundwater.well.008","TOOK.W8.20190806.FIL","A00000065491","2019-08-06T22:32Z","2019-08-06T22:32Z","EcoCore_CSU","F",0.0050,"milligramsPerLiter",6.0,,0,,"OK"
"6eb6632e-1a44-4783-88b7-0591b6f7cc2b","D18","TOOK","TOOK.AOS.groundwater.well.008","TOOK.W8.20190806.DIC","A00000099351","2019-08-06T22:32Z","2019-08-06T22:32Z","EcoCore_CSU","DIC",24.9100,"milligramsPerLiter",5.7,"DIC and pH only",0,,"OK"
"a255e8b0-d5bc-4774-b00e-419d7c64f414","D18","TOOK","TOOK.AOS.groundwater.well.008","TOOK.W8.20190806.RAW","A00000065835","2019-08-06T22:32Z","2019-08-06T22:32Z","EcoCore_CSU","TSS",30.0000,"milligramsPerLiter",6.0,,0,,"OK"
"ff2e29ab-9186-4199-8123-dbc87bc3a108","D18","TOOK","TOOK.AOS.groundwater.well.008","TOOK.W8.20190806.FIL","A00000065491","2019-08-06T22:32Z","2019-08-06T22:32Z","EcoCore_CSU","NO3+NO2 - N",0.0136,"milligramsPerLiter",6.0,,0,,"OK"
"ef876a8e-a4fb-4221-86eb-85545722360d","D18","TOOK","TOOK.AOS.groundwater.well.008","TOOK.W8.20190806.FIL","A00000065491","2019-08-06T22:32Z","2019-08-06T22:32Z","EcoCore_CSU","TDS",74.0000,"milligramsPerLiter",6.0,,0,,"OK"
"bafa50f0-835d-4f7e-bf77-4be83ecded0e","D18","TOOK","TOOK.AOS.groundwater.well.008","TOOK.W8.20190806.FIL","A00000065491","2019-08-06T22:32Z","2019-08-06T22:32Z","EcoCore_CSU","UV Absorbance (280 nm)",0.2982,,6.0,,0,,"OK"
"7a166ab2-5765-4c44-8e7b-a3ea582c02e1","D18","TOOK","TOOK.AOS.groundwater.well.008","TOOK.W8.20190806.FIL","A00000065491","2019-08-06T22:32Z","2019-08-06T22:32Z","EcoCore_CSU","NO2 - N",0.0016,"milligramsPerLiter",6.0,,0,,"OK"
"1cd5efb0-4705-41b0-8b17-c7abc91ed9ce","D18","TOOK","TOOK.AOS.groundwater.well.007","TOOK.W7.20190806.FIL","A00000065475","2019-08-07T00:07Z","2019-08-07T00:07Z","EcoCore_CSU","SO4",0.8800,"milligramsPerLiter",5.7,,0,,"OK"
"67c0a5b9-2942-4105-b384-18a96165a63c","D18","TOOK","TOOK.AOS.groundwater.well.007","TOOK.W7.20190806.FIL","A00000065475","2019-08-07T00:07Z","2019-08-07T00:07Z","EcoCore_CSU","Mn",0.0800,"milligramsPerLiter",5.7,,0,,"OK"
"da19e168-4cb3-4442-b651-ede9f0efe983","D18","TOOK","TOOK.AOS.groundwater.well.007","TOOK.W7.20190806.PCN","A00000099341","2019-08-07T00:07Z","2019-08-07T00:07Z","EcoCore_CSU","TPC",1.1784,"milligram",5.7,,0,,"OK"
"5b27c0b6-20dc-4bd3-acd4-1dbd5910011b","D18","TOOK","TOOK.AOS.groundwater.well.007","TOOK.W7.20190806.FIL","A00000065475","2019-08-07T00:07Z","2019-08-07T00:07Z","EcoCore_CSU","K",0.4370,"milligramsPerLiter",5.7,,0,,"OK"
"54d3ef60-f9a8-476f-a8f1-cbc15149a089","D18","TOOK","TOOK.AOS.groundwater.well.007","TOOK.W7.20190806.RAW","A00000065814","2019-08-07T00:07Z","2019-08-07T00:07Z","EcoCore_CSU","ANC",0.2100,"milliequivalentsPerLiter",5.7,,0,,"OK"
"b040b291-b350-454c-9bd6-3cbf3a1b9c2e","D18","TOOK","TOOK.AOS.groundwater.well.007","TOOK.W7.20190806.FIL","A00000065475","2019-08-07T00:07Z","2019-08-07T00:07Z","EcoCore_CSU","DOC",28.6000,"milligramsPerLiter",5.7,,0,,"OK"
"31afb367-b9be-448b-985d-dc208f61e395","D18","TOOK","TOOK.AOS.groundwater.well.007","TOOK.W7.20190806.FIL","A00000065475","2019-08-07T00:07Z","2019-08-07T00:07Z","EcoCore_CSU","Cl",3.0200,"milligramsPerLiter",5.7,,0,,"OK"
"0645ec01-4af2-494d-b40a-91c139c52474","D18","TOOK","TOOK.AOS.groundwater.well.007","TOOK.W7.20190806.RAW","A00000065814","2019-08-07T00:07Z","2019-08-07T00:07Z","EcoCore_CSU","TP",0.1420,"milligramsPerLiter",5.7,,0,,"OK"
"a4369612-e0fc-483e-813f-27a75f2685e6","D18","TOOK","TOOK.AOS.groundwater.well.007","TOOK.W7.20190806.FIL","A00000065475","2019-08-07T00:07Z","2019-08-07T00:07Z","EcoCore_CSU","NO2 - N",0.0050,"milligramsPerLiter",5.7,,0,,"OK"
"6958552b-8401-4b4f-a878-1c7d9d041839","D18","TOOK","TOOK.AOS.groundwater.well.007","TOOK.W7.20190806.FIL","A00000065475","2019-08-07T00:07Z","2019-08-07T00:07Z","EcoCore_CSU","TDS",26.2000,"milligramsPerLiter",5.7,,0,,"OK"
"13ec95ce-58b2-4388-930b-a897f3863477","D18","TOOK","TOOK.AOS.groundwater.well.007","TOOK.W7.20190806.RAW","A00000065814","2019-08-07T00:07Z","2019-08-07T00:07Z","EcoCore_CSU","TOC",32.6900,"milligramsPerLiter",5.7,,0,,"OK"
"03fb0824-a34b-4c69-9c69-816c818fd2d8","D18","TOOK","TOOK.AOS.groundwater.well.007","TOOK.W7.20190806.RAW","A00000065814","2019-08-07T00:07Z","2019-08-07T00:07Z","EcoCore_CSU","TSS",34.0000,"milligramsPerLiter",5.7,,0,,"OK"
"519bb6ba-5efd-44ee-8020-3bf191faa65c","D18","TOOK","TOOK.AOS.groundwater.well.007","TOOK.W7.20190806.FIL","A00000065475","2019-08-07T00:07Z","2019-08-07T00:07Z","EcoCore_CSU","NH4 - N",0.4537,"milligramsPerLiter",5.7,,0,,"OK"
"46852dc0-ca4c-4f56-9f71-716c11cc8342","D18","TOOK","TOOK.AOS.groundwater.well.007","TOOK.W7.20190806.FIL","A00000065475","2019-08-07T00:07Z","2019-08-07T00:07Z","EcoCore_CSU","CO3",0.0050,"milligramsPerLiter",5.7,,0,,"OK"
"a6949a07-5a0b-4755-b1fb-df67959e394e","D18","TOOK","TOOK.AOS.groundwater.well.007","TOOK.W7.20190806.RAW","A00000065814","2019-08-07T00:07Z","2019-08-07T00:07Z","EcoCore_CSU","TN",1.7050,"milligramsPerLiter",5.7,,0,,"OK"
"fb83b6e7-4ebb-4af5-8b56-227a05c837a6","D18","TOOK","TOOK.AOS.groundwater.well.007","TOOK.W7.20190806.FIL","A00000065475","2019-08-07T00:07Z","2019-08-07T00:07Z","EcoCore_CSU","UV Absorbance (250 nm)",1.5256,,5.7,,0,,"OK"
"60e24d67-a12c-4e8c-acf7-3708680ed167","D18","TOOK","TOOK.AOS.groundwater.well.007","TOOK.W7.20190806.FIL","A00000065475","2019-08-07T00:07Z","2019-08-07T00:07Z","EcoCore_CSU","TDN",1.3760,"milligramsPerLiter",5.7,,0,,"OK"
"ebe2dd23-b0a1-46cf-8da1-fb8e4c65e26c","D18","TOOK","TOOK.AOS.groundwater.well.007","TOOK.W7.20190806.FIL","A00000065475","2019-08-07T00:07Z","2019-08-07T00:07Z","EcoCore_CSU","F",0.0700,"milligramsPerLiter",5.7,,0,,"OK"
"7454c262-d508-48c2-860d-6844b238433f","D18","TOOK","TOOK.AOS.groundwater.well.007","TOOK.W7.20190806.DIC","A00000099378","2019-08-07T00:07Z","2019-08-07T00:07Z","EcoCore_CSU","pH",6.4500,"pH",5.7,"DIC and pH only",0,,"OK"
"ca3a5145-f23f-4557-a633-74fc1cb029a4","D18","TOOK","TOOK.AOS.groundwater.well.007","TOOK.W7.20190806.FIL","A00000065475","2019-08-07T00:07Z","2019-08-07T00:07Z","EcoCore_CSU","Na",0.0005,"milligramsPerLiter",5.7,,0,,"OK"
"8bf2927e-2a8e-4ca4-afc0-5bc1f68da37b","D18","TOOK","TOOK.AOS.groundwater.well.007","TOOK.W7.20190806.FIL","A00000065475","2019-08-07T00:07Z","2019-08-07T00:07Z","EcoCore_CSU","UV Absorbance (280 nm)",1.0877,,5.7,,0,,"OK"
"0a57ec3e-5f0a-4a8d-89b8-4a2a7122f172","D18","TOOK","TOOK.AOS.groundwater.well.007","TOOK.W7.20190806.RAW","A00000065814","2019-08-07T00:07Z","2019-08-07T00:07Z","EcoCore_CSU","conductivity",36.9100,"microsiemensPerCentimeter",5.7,,0,,"OK"
"11beea50-feca-41d9-ae3e-7e31bb84016c","D18","TOOK","TOOK.AOS.groundwater.well.007","TOOK.W7.20190806.FIL","A00000065475","2019-08-07T00:07Z","2019-08-07T00:07Z","EcoCore_CSU","TDP",0.0460,"milligramsPerLiter",5.7,,0,,"OK"
"1ef9027b-8adc-4aa0-a6a8-4801402e35eb","D18","TOOK","TOOK.AOS.groundwater.well.007","TOOK.W7.20190806.FIL","A00000065475","2019-08-07T00:07Z","2019-08-07T00:07Z","EcoCore_CSU","Si",1.7500,"milligramsPerLiter",5.7,,0,,"OK"
"f647f38f-313f-4697-9635-fb452809f2ac","D18","TOOK","TOOK.AOS.groundwater.well.007","TOOK.W7.20190806.FIL","A00000065475","2019-08-07T00:07Z","2019-08-07T00:07Z","EcoCore_CSU","Ca",4.7580,"milligramsPerLiter",5.7,,0,,"OK"
"4ca2914f-f550-4430-b931-a0cfc89b346d","D18","TOOK","TOOK.AOS.groundwater.well.007","TOOK.W7.20190806.RAW","A00000065814","2019-08-07T00:07Z","2019-08-07T00:07Z","EcoCore_CSU","pH",5.9300,"pH",5.7,,0,,"OK"
"6c091b5b-2e0e-43ef-ba52-61f0d4076209","D18","TOOK","TOOK.AOS.groundwater.well.007","TOOK.W7.20190806.FIL","A00000065475","2019-08-07T00:07Z","2019-08-07T00:07Z","EcoCore_CSU","Ortho - P",0.0470,"milligramsPerLiter",5.7,,0,,"OK"
"70a5c945-c433-4fe7-98f4-d8acd7f79699","D18","TOOK","TOOK.AOS.groundwater.well.007","TOOK.W7.20190806.FIL","A00000065475","2019-08-07T00:07Z","2019-08-07T00:07Z","EcoCore_CSU","NO3+NO2 - N",0.0130,"milligramsPerLiter",5.7,,0,,"OK"
"691c2fb0-2531-4d31-aefd-a542bcb765aa","D18","TOOK","TOOK.AOS.groundwater.well.007","TOOK.W7.20190806.FIL","A00000065475","2019-08-07T00:07Z","2019-08-07T00:07Z","EcoCore_CSU","DIC",12.0000,"milligramsPerLiter",5.7,,0,,"OK"
"9dfcf977-69e2-40a9-8dd6-e4b3a4657621","D18","TOOK","TOOK.AOS.groundwater.well.007","TOOK.W7.20190806.FIL","A00000065475","2019-08-07T00:07Z","2019-08-07T00:07Z","EcoCore_CSU","Mg",0.6380,"milligramsPerLiter",5.7,,0,,"OK"
"3c3bff04-8e98-4bb8-82f6-a01b6e40500d","D18","TOOK","TOOK.AOS.groundwater.well.007","TOOK.W7.20190806.DIC","A00000099378","2019-08-07T00:07Z","2019-08-07T00:07Z","EcoCore_CSU","DIC",7.9020,"milligramsPerLiter",5.7,"DIC and pH only",0,,"OK"
"373e795e-2d24-42dd-83e6-b65d488e9dbc","D18","TOOK","TOOK.AOS.groundwater.well.007","TOOK.W7.20190806.RAW","A00000065814","2019-08-07T00:07Z","2019-08-07T00:07Z","EcoCore_CSU","TSS - Dry Mass",1700.0000,"microgram",5.7,,0,,"OK"
"45493899-1d07-486b-842a-f66ec184bd30","D18","TOOK","TOOK.AOS.groundwater.well.007","TOOK.W7.20190806.FIL","A00000065475","2019-08-07T00:07Z","2019-08-07T00:07Z","EcoCore_CSU","HCO3",12.0900,"milligramsPerLiter",5.7,,0,,"OK"
"0f80df8e-3927-4aeb-ab24-2d27ac096446","D18","TOOK","TOOK.AOS.groundwater.well.007","TOOK.W7.20190806.FIL","A00000065475","2019-08-07T00:07Z","2019-08-07T00:07Z","EcoCore_CSU","Fe",5.4980,"milligramsPerLiter",5.7,,0,,"OK"
"a8aeb543-ed09-4e91-963e-42a612bf619d","D18","TOOK","TOOK.AOS.groundwater.well.007","TOOK.W7.20190806.FIL","A00000065475","2019-08-07T00:07Z","2019-08-07T00:07Z","EcoCore_CSU","Br",0.0050,"milligramsPerLiter",5.7,,0,,"OK"
"75fd5200-6753-4704-8315-43d49e2bd657","D18","TOOK","TOOK.AOS.groundwater.well.007","TOOK.W7.20190806.PCN","A00000099341","2019-08-07T00:07Z","2019-08-07T00:07Z","EcoCore_CSU","TPN",0.1484,"milligram",5.7,,0,,"OK"
