uid,domainID,siteID,namedLocation,decimalLatitude,decimalLongitude,coordinateUncertainty,elevation,elevationUncertainty,geodeticDatum,collectDate,aquaticSiteType,samplingImpractical,waterChemSamplesCollected,adequateSampleVol,parentSampleID,eventID,swcSamplingProtocolVersion,sampleExtractionMethod,samplerType,totalWellDepth,wellWaterDepth,waterColumnHeight,sampleDepth,purgeAverageDischargeRate,purgeTime,gwWellStabilized,purgeDryDateTime,pumpPlacementDate,screenedIntervalDepth,maxAllowableDrawdown,actualDrawdown,MADExceeded,wellVolumePurged,probeIDUnavailable,dissolvedOxygen,dissolvedOxygenSaturation,specificConductance,waterTemp,pH,waterClarityDescrip,waterColorDescrip,aCollectedBy,bCollectedBy,remarks
"a0dc02f1-c60e-4f1d-b50b-9844765885a8","D02","POSE","POSE.AOS.groundwater.well.008",38.895235,-78.147951,0.1,273.2,0.1,"WGS84","2020-08-12T12:50Z","stream",,"Y","Y","POSE.W8.20200812","POSE.20200812","NEON.DOC.002905vG","low-flow","Grab",3.1,1.2,1.9,,306.0,8.0,,,,,,,,2.4,,5.44,57.00,143.10,17.50,6.70,"clear","colorless","0000-0003-3114-5862","0000-0001-7904-875X",
"4774dc71-084c-48ca-af3a-ee0c58af8fdc","D02","POSE","POSE.AOS.groundwater.well.006",38.894973,-78.147373,0.1,276.3,0.1,"WGS84","2020-08-12T14:00Z","stream",,"Y","Y","POSE.W6.20200812","POSE.20200812","NEON.DOC.002905vG","purge dry","Grab",4.4,1.9,2.5,,,,,"2020-08-10T14:24Z",,,,,,3.0,,7.87,80.20,130.80,16.40,6.86,"cloudy","brown","0000-0003-3114-5862","0000-0001-7904-875X",
"7d3d239b-e5cd-4a2e-9c5c-cf659c48e266","D02","POSE","POSE.AOS.groundwater.well.003",38.894304,-78.147503,0.1,278.6,0.1,"WGS84","2020-08-12T15:04Z","stream",,"Y","N","POSE.W3.20200812","POSE.20200812","NEON.DOC.002905vG","purge dry","Grab",4.2,3.1,1.1,,,,,"2020-08-10T14:13Z",,,,,,1.0,,5.98,63.70,115.20,18.40,6.29,"clear","colorless","0000-0003-3114-5862","0000-0001-7904-875X",
"f10dca23-e837-4990-837b-f8ff0144a789","D02","POSE","POSE.AOS.groundwater.well.001",38.894262,-78.147143,0.1,277.9,0.1,"WGS84","2020-08-12T17:08Z","stream",,"Y","Y","POSE.W1.20200812","POSE.20200812","NEON.DOC.002905vG","purge dry","Grab",3.0,1.5,1.5,,,,,"2020-08-10T13:10Z",,,,,,1.5,,1.46,16.80,163.30,22.20,6.31,"opaque","brown","0000-0003-3114-5862","0000-0001-7904-875X",
