uid,domainID,siteID,namedLocation,collectDate,parentSampleID,sampleCondition,sampleID,replicateNumber,gwwDICBubbleFree,gwwFiltSampleHeadspace,gwwAlkSampleHeadspace,gwwAlkSampleBubbleFree,processedDate,processedDateFilters,sampleVolumeFiltered,shipmentTimeRange
"86c754e6-c1a9-4abb-87d9-353410bf2475","D02","POSE","POSE.AOS.groundwater.well.008","2020-08-12T12:50Z","POSE.W8.20200812","Sample condition ok","POSE.W8.20200812",1,,,,,"2020-08-12T12:50Z","2020-08-12T12:50Z",200.0,"within 24 hours of collection"
"715043d5-ee18-4262-8f74-742af2d5d1d0","D02","POSE","POSE.AOS.groundwater.well.006","2020-08-12T14:00Z","POSE.W6.20200812","Sample condition ok","POSE.W6.20200812",1,,,,,"2020-08-12T14:00Z","2020-08-12T14:00Z",30.0,"within 24 hours of collection"
"8958c166-b10c-4816-8a63-a23f23d35cc5","D02","POSE","POSE.AOS.groundwater.well.003","2020-08-12T15:04Z","POSE.W3.20200812","Sample condition ok","POSE.W3.20200812",1,,"N","N",,"2020-08-12T15:04Z","2020-08-12T15:04Z",100.0,"within 24 hours of collection"
"ad90d678-7ca3-40a9-aa6a-84f7409ccb94","D02","POSE","POSE.AOS.groundwater.well.001","2020-08-12T17:08Z","POSE.W1.20200812","Sample condition ok","POSE.W1.20200812",1,,,,,"2020-08-12T17:08Z","2020-08-12T17:08Z",10.0,"within 24 hours of collection"
