uid,domainID,siteID,namedLocation,decimalLatitude,decimalLongitude,coordinateUncertainty,elevation,elevationUncertainty,geodeticDatum,collectDate,aquaticSiteType,samplingImpractical,waterChemSamplesCollected,adequateSampleVol,parentSampleID,eventID,swcSamplingProtocolVersion,sampleExtractionMethod,samplerType,totalWellDepth,wellWaterDepth,waterColumnHeight,sampleDepth,purgeAverageDischargeRate,purgeTime,gwWellStabilized,purgeDryDateTime,pumpPlacementDate,screenedIntervalDepth,maxAllowableDrawdown,actualDrawdown,MADExceeded,wellVolumePurged,probeIDUnavailable,dissolvedOxygen,dissolvedOxygenSaturation,specificConductance,waterTemp,pH,waterClarityDescrip,waterColorDescrip,aCollectedBy,bCollectedBy,remarks
"e0ce52cf-2e8d-49bc-a05b-eea30f08d1bf","D08","MAYF","MAYF.AOS.groundwater.well.008",32.961499,-87.408173,0.1,73.5,0.1,"WGS84","2016-09-12T14:50Z","stream",,,,"MAYF.W8.20160912","MAYF.20160912","NEON.DOC.002905vE","low-flow","Groundwater Pump",4.2,3.1,1.1,3.7,,,,,,,,,,,,5.29,,25.30,20.90,,"clear","colorless","jgalloway@battelleecology.org","ctran@battelleecology.org",
"aa6fa130-ff47-4487-91b1-b03a83b3aae9","D08","MAYF","MAYF.AOS.groundwater.well.003",32.960724,-87.408415,0.1,73.3,0.1,"WGS84","2016-09-12T15:56Z","stream",,,,"MAYF.W3.20160912","MAYF.20160912","NEON.DOC.002905vE","low-flow","Groundwater Pump",4.5,1.1,3.3,2.1,,,,,,,,,,,,2.84,30.00,30.00,19.50,,"clear","colorless","jgalloway@battelleecology.org","ctran@battelleecology.org",
"1d226f6d-1e0a-4139-a4f2-bdb91308a63b","D08","MAYF","MAYF.AOS.groundwater.well.001",32.960476,-87.407716,0.1,72.4,0.1,"WGS84","2016-09-12T17:15Z","stream",,,,"MAYF.W1.20160912","MAYF.20160912","NEON.DOC.002905vE","low-flow","Groundwater Pump",3.6,2.2,1.4,3.1,,,,,,,,,,,,2.70,31.10,37.30,21.60,,"clear","colorless","jgalloway@battelleecology.org","ctran@battelleecology.org",
"54be1496-6c98-413d-8e5a-18b83bcb047c","D08","MAYF","MAYF.AOS.groundwater.well.006",32.961276,-87.407836,0.1,74.2,0.1,"WGS84","2016-09-12T18:30Z","stream",,,,"MAYF.W6.20160912","MAYF.20160912","NEON.DOC.002905vE","low-flow","Groundwater Pump",4.3,1.9,2.3,2.9,,,,,,,,,,,,2.80,33.00,31.30,21.90,,"clear","colorless","jgalloway@battelleecology.org","ctran@battelleecology.org",
