uid,domainID,siteID,namedLocation,collectDate,titrationDate,parentSampleID,domainSampleID,remarks,measuredBy,alkMeqPerL,alkMgPerL,ancMeqPerL,ancMgPerL
"ff9e57ec-e915-42a8-8eb1-b60814ceeb18","D08","MAYF","MAYF.AOS.groundwater.well.008","2016-09-12T14:50Z","2016-09-12T20:00Z","MAYF.W8.20160912","MAYF.W8.20160912.ALK",,"ctran@neoninc.org",0.050,2.350,,
"dd310d8a-7674-44d9-ba02-ba2e2642fcce","D08","MAYF","MAYF.AOS.groundwater.well.008","2016-09-12T14:50Z","2016-09-12T20:30Z","MAYF.W8.20160912","MAYF.W8.20160912.ANC",,"ctran@neoninc.org",,,0.020,1.190
"300b7eb8-7d45-41b9-94bb-763e8ac7905f","D08","MAYF","MAYF.AOS.groundwater.well.003","2016-09-12T15:56Z","2016-09-12T19:36Z","MAYF.W3.20160912","MAYF.W3.20160912.ANC",,"ctran@neoninc.org",,,0.140,7.150
"f542b6ac-7e8a-48f8-8ac1-5e4be1934cfc","D08","MAYF","MAYF.AOS.groundwater.well.003","2016-09-12T15:56Z","2016-09-12T18:57Z","MAYF.W3.20160912","MAYF.W3.20160912.ALK",,"gpierce@field-ops.org",0.160,8.120,,
"cdd984ec-aa10-497a-80d1-6314bd30e1ec","D08","MAYF","MAYF.AOS.groundwater.well.001","2016-09-12T17:15Z","2016-09-13T16:30Z","MAYF.W1.20160912","MAYF.W1.20160912.ALK",,"jgalloway@neoninc.org",0.200,10.200,,
"0c2c8cd3-c372-43d0-aa53-65c2b9c888e0","D08","MAYF","MAYF.AOS.groundwater.well.001","2016-09-12T17:15Z","2016-09-13T16:00Z","MAYF.W1.20160912","MAYF.W1.20160912.ANC",,"jgalloway@neoninc.org",,,0.110,5.570
"6c33de25-eaa8-4905-b067-15f966034c0e","D08","MAYF","MAYF.AOS.groundwater.well.006","2016-09-12T18:30Z","2016-09-13T17:20Z","MAYF.W6.20160912","MAYF.W6.20160912.ANC",,"jgalloway@neoninc.org",,,0.120,5.770
"adbe2c97-fed9-4320-a576-35e359280696","D08","MAYF","MAYF.AOS.groundwater.well.006","2016-09-12T18:30Z","2016-09-13T16:45Z","MAYF.W6.20160912","MAYF.W6.20160912.ALK",,"jgalloway@neoninc.org",0.130,6.310,,
