uid,domainID,siteID,namedLocation,decimalLatitude,decimalLongitude,coordinateUncertainty,elevation,elevationUncertainty,geodeticDatum,collectDate,aquaticSiteType,samplingImpractical,waterChemSamplesCollected,adequateSampleVol,parentSampleID,eventID,swcSamplingProtocolVersion,sampleExtractionMethod,samplerType,totalWellDepth,wellWaterDepth,waterColumnHeight,sampleDepth,purgeAverageDischargeRate,purgeTime,gwWellStabilized,purgeDryDateTime,pumpPlacementDate,screenedIntervalDepth,maxAllowableDrawdown,actualDrawdown,MADExceeded,wellVolumePurged,probeIDUnavailable,dissolvedOxygen,dissolvedOxygenSaturation,specificConductance,waterTemp,pH,waterClarityDescrip,waterColorDescrip,aCollectedBy,bCollectedBy,remarks
"b5e937f8-e240-402a-8a86-aa9356c4e6a9","D11","BLUE","BLUE.AOS.groundwater.well.001",34.446647,-96.623765,0.1,291.7,0.1,"WGS84","2017-05-08T16:36Z","stream",,,,"BLUE.W1.20170508","BLUE.20170508","NEON.DOC.002905vD","low-flow","Groundwater Pump",10.2,3.0,7.2,4.0,,,,,,,,,,3.4,,5.07,57.20,775.00,18.80,,"cloudy","colorless","cburton@battelleecology.org","Lhostert@Battelleecology.org",
"6eb24d1f-50f7-454a-a2cf-679133e84be5","D11","BLUE","BLUE.AOS.groundwater.well.003",34.445236,-96.623341,0.1,290.8,0.1,"WGS84","2017-05-08T18:26Z","stream",,,,"BLUE.W3.20170508","BLUE.20170508","NEON.DOC.002905vD","low-flow","Groundwater Pump",4.3,0.9,3.4,1.9,,,,,,,,,,3.3,,,3.63,892.00,20.30,,"cloudy","colorless","cburton@battelleecology.org","Lhostert@Battelleecology.org",
"ef655af2-5739-4208-a844-4196ac65b058","D11","BLUE","BLUE.AOS.groundwater.well.008",34.443348,-96.624022,0.1,291.3,0.1,"WGS84","2017-05-08T20:39Z","stream",,,,"BLUE.W8.20170508","BLUE.20170508","NEON.DOC.002905vD","low-flow","Groundwater Pump",5.5,2.5,2.9,3.5,,,,,,,,,,10.3,,1.06,12.30,765.00,20.60,,"cloudy","colorless","cburton@battelleecology.org","Lhostert@battelleecology.org",
"f401754a-a07d-4229-8356-a9b9ead7e731","D11","BLUE","BLUE.AOS.groundwater.well.006",34.443530,-96.623588,0.1,290.1,0.1,"WGS84","2017-05-08T22:49Z","stream",,,,"BLUE.W6.20170508","BLUE.20170508","NEON.DOC.002905vD","low-flow","Groundwater Pump",7.0,2.7,4.3,3.7,,,,,,,,,,2.8,,2.39,,639.00,20.80,,"cloudy","colorless","cburton@battelleecology.org","Lhostert@Battelleecology.org",
