uid,domainID,siteID,namedLocation,sampleID,sampleCode,startDate,collectDate,laboratoryName,analyte,analyteConcentration,analyteUnits,coolerTemp,remarks,shipmentWarmQF,externalLabDataQF,sampleCondition
"c6d350c1-b0d1-432f-a4ca-7ab20e092b08","D11","BLUE","BLUE.AOS.groundwater.well.001","BLUE.W1.20170508.RAW",,"2017-05-08T16:36Z","2017-05-08T16:36Z","EcoCore_CSU","ANC",5.9640,"milliequivalentsPerLiter",2.8,,0,"formatChange|legacyData","GOOD"
"423f9b63-9fd5-44cc-be54-d94bfc491d12","D11","BLUE","BLUE.AOS.groundwater.well.001","BLUE.W1.20170508.FIL",,"2017-05-08T16:36Z","2017-05-08T16:36Z","EcoCore_CSU","Fe",0.0005,"milligramsPerLiter",2.8,,0,"formatChange|legacyData","GOOD"
"34ce8751-8127-4e3b-93a1-986fa94aab4d","D11","BLUE","BLUE.AOS.groundwater.well.001","BLUE.W1.20170508.FIL",,"2017-05-08T16:36Z","2017-05-08T16:36Z","EcoCore_CSU","TDN",3.6570,"milligramsPerLiter",2.8,,0,"formatChange|legacyData","GOOD"
"ccbe5106-a9fd-47fe-8592-ba7814206ace","D11","BLUE","BLUE.AOS.groundwater.well.001","BLUE.W1.20170508.RAW",,"2017-05-08T16:36Z","2017-05-08T16:36Z","EcoCore_CSU","TP",0.0050,"milligramsPerLiter",2.8,,0,"formatChange|legacyData","GOOD"
"d9b93750-b7b4-4b6b-944d-84cc1dd52b89","D11","BLUE","BLUE.AOS.groundwater.well.001","BLUE.W1.20170508.FIL",,"2017-05-08T16:36Z","2017-05-08T16:36Z","EcoCore_CSU","SO4",78.3017,"milligramsPerLiter",2.8,,0,"formatChange|legacyData","GOOD"
"7bb01228-618a-4016-bb5b-bc36a4fca7ce","D11","BLUE","BLUE.AOS.groundwater.well.001","BLUE.W1.20170508.RAW",,"2017-05-08T16:36Z","2017-05-08T16:36Z","EcoCore_CSU","TOC",2.3560,"milligramsPerLiter",2.8,,0,"formatChange|legacyData","GOOD"
"53f2ebf3-4074-4566-a771-859d0a255ada","D11","BLUE","BLUE.AOS.groundwater.well.001","BLUE.W1.20170508.FIL",,"2017-05-08T16:36Z","2017-05-08T16:36Z","EcoCore_CSU","Ca",122.8300,"milligramsPerLiter",2.8,,0,"formatChange|legacyData","GOOD"
"f80d2199-e7f6-4a6f-a082-0600b0d6587f","D11","BLUE","BLUE.AOS.groundwater.well.001","BLUE.W1.20170508.FIL",,"2017-05-08T16:36Z","2017-05-08T16:36Z","EcoCore_CSU","Mn",0.0005,"milligramsPerLiter",2.8,,0,"formatChange|legacyData","GOOD"
"36694309-1ba8-4175-9098-d72f2d6cff35","D11","BLUE","BLUE.AOS.groundwater.well.001","BLUE.W1.20170508.FIL",,"2017-05-08T16:36Z","2017-05-08T16:36Z","EcoCore_CSU","K",1.2387,"milligramsPerLiter",2.8,,0,"formatChange|legacyData","GOOD"
"dbf78e79-5f4f-4a3e-aa43-639b53346999","D11","BLUE","BLUE.AOS.groundwater.well.001","BLUE.W1.20170508.FIL",,"2017-05-08T16:36Z","2017-05-08T16:36Z","EcoCore_CSU","CO3",0.0000,"milligramsPerLiter",2.8,,0,"formatChange|legacyData","GOOD"
"90412384-982d-4666-bcbb-7b0549097780","D11","BLUE","BLUE.AOS.groundwater.well.001","BLUE.W1.20170508.RAW",,"2017-05-08T16:36Z","2017-05-08T16:36Z","EcoCore_CSU","TN",3.8100,"milligramsPerLiter",2.8,,0,"formatChange|legacyData","GOOD"
"bb0d5aa5-4972-4a4e-82a8-a25e5f5a017b","D11","BLUE","BLUE.AOS.groundwater.well.001","BLUE.W1.20170508.RAW",,"2017-05-08T16:36Z","2017-05-08T16:36Z","EcoCore_CSU","pH",7.3300,"pH",2.8,,0,"formatChange|legacyData","GOOD"
"d18d84df-364b-447f-a112-df2ee2968ed2","D11","BLUE","BLUE.AOS.groundwater.well.001","BLUE.W1.20170508.FIL",,"2017-05-08T16:36Z","2017-05-08T16:36Z","EcoCore_CSU","DIC",76.0900,"milligramsPerLiter",2.8,,0,"formatChange|legacyData","GOOD"
"a9357dc8-996f-444b-a1ff-5684ac9099f4","D11","BLUE","BLUE.AOS.groundwater.well.001","BLUE.W1.20170508.FIL",,"2017-05-08T16:36Z","2017-05-08T16:36Z","EcoCore_CSU","NH4 - N",0.0080,"milligramsPerLiter",2.8,,0,"formatChange|legacyData","GOOD"
"42059060-4a08-4589-aba4-8b07ab605bfa","D11","BLUE","BLUE.AOS.groundwater.well.001","BLUE.W1.20170508.FIL",,"2017-05-08T16:36Z","2017-05-08T16:36Z","EcoCore_CSU","Cl",27.1353,"milligramsPerLiter",2.8,,0,"formatChange|legacyData","GOOD"
"ca5b4000-24e1-42ca-9ed3-67c7c7ec9ee9","D11","BLUE","BLUE.AOS.groundwater.well.001","BLUE.W1.20170508.FIL",,"2017-05-08T16:36Z","2017-05-08T16:36Z","EcoCore_CSU","F",0.0717,"milligramsPerLiter",2.8,,0,"formatChange|legacyData","GOOD"
"b5ee8df2-038f-4f28-b239-c627c0b39a9f","D11","BLUE","BLUE.AOS.groundwater.well.001","BLUE.W1.20170508.FIL",,"2017-05-08T16:36Z","2017-05-08T16:36Z","EcoCore_CSU","TDS",598.4300,"milligramsPerLiter",2.8,,0,"formatChange|legacyData","GOOD"
"8ce5ffdc-accd-4db6-aa6b-74355df5be24","D11","BLUE","BLUE.AOS.groundwater.well.001","BLUE.W1.20170508.FIL",,"2017-05-08T16:36Z","2017-05-08T16:36Z","EcoCore_CSU","Mg",19.9030,"milligramsPerLiter",2.8,,0,"formatChange|legacyData","GOOD"
"97f91251-aad8-4bb4-9e8e-a85d84c6a331","D11","BLUE","BLUE.AOS.groundwater.well.001","BLUE.W1.20170508.PCN",,"2017-05-08T16:36Z","2017-05-08T16:36Z","EcoCore_CSU","TPC",0.3136,"milligram",2.8,,0,"formatChange|legacyData","GOOD"
"2e6dd4e3-0a53-4eca-bf38-414bd953c1b5","D11","BLUE","BLUE.AOS.groundwater.well.001","BLUE.W1.20170508.FIL",,"2017-05-08T16:36Z","2017-05-08T16:36Z","EcoCore_CSU","Ortho - P",0.0160,"milligramsPerLiter",2.8,,0,"formatChange|legacyData","GOOD"
"11fdfe5e-e003-413b-b71e-bf72577bef5a","D11","BLUE","BLUE.AOS.groundwater.well.001","BLUE.W1.20170508.FIL",,"2017-05-08T16:36Z","2017-05-08T16:36Z","EcoCore_CSU","HCO3",356.1120,"milligramsPerLiter",2.8,,0,"formatChange|legacyData","GOOD"
"4e941e93-7448-4e8d-9f4a-e2dc42889566","D11","BLUE","BLUE.AOS.groundwater.well.001","BLUE.W1.20170508.FIL",,"2017-05-08T16:36Z","2017-05-08T16:36Z","EcoCore_CSU","DOC",0.5624,"milligramsPerLiter",2.8,,0,"formatChange|legacyData","GOOD"
"d83246c8-09b6-4b4c-aba1-1b73f470b81c","D11","BLUE","BLUE.AOS.groundwater.well.001","BLUE.W1.20170508.FIL",,"2017-05-08T16:36Z","2017-05-08T16:36Z","EcoCore_CSU","UV Absorbance (280 nm)",-0.0010,,2.8,,0,"formatChange|legacyData","GOOD"
"60533898-a220-424f-87b9-3462ec7375f2","D11","BLUE","BLUE.AOS.groundwater.well.001","BLUE.W1.20170508.FIL",,"2017-05-08T16:36Z","2017-05-08T16:36Z","EcoCore_CSU","NO3+NO2 - N",3.4040,"milligramsPerLiter",2.8,,0,"formatChange|legacyData","GOOD"
"f3da5e98-703b-4817-8f6f-254c2c9201d3","D11","BLUE","BLUE.AOS.groundwater.well.001","BLUE.W1.20170508.FIL",,"2017-05-08T16:36Z","2017-05-08T16:36Z","EcoCore_CSU","Br",0.0050,"milligramsPerLiter",2.8,,0,"formatChange|legacyData","GOOD"
"fe93ecf4-4f99-4ec5-8c83-c7a4e99a4ee1","D11","BLUE","BLUE.AOS.groundwater.well.001","BLUE.W1.20170508.FIL",,"2017-05-08T16:36Z","2017-05-08T16:36Z","EcoCore_CSU","TDP",0.0040,"milligramsPerLiter",2.8,,0,"formatChange|legacyData","GOOD"
"5e8f6fd8-991a-496f-836d-23d7cab2c625","D11","BLUE","BLUE.AOS.groundwater.well.001","BLUE.W1.20170508.PCN",,"2017-05-08T16:36Z","2017-05-08T16:36Z","EcoCore_CSU","TPN",0.1337,"milligram",2.8,,0,"formatChange|legacyData","GOOD"
"c6188366-1fb7-4aeb-835e-3c454e3e34fe","D11","BLUE","BLUE.AOS.groundwater.well.001","BLUE.W1.20170508.RAW",,"2017-05-08T16:36Z","2017-05-08T16:36Z","EcoCore_CSU","TSS - Dry Mass",5300.0000,"microgram",2.8,,0,"formatChange|legacyData","GOOD"
"4b8b671e-8d8f-4709-b7fc-5d10ae74a0d2","D11","BLUE","BLUE.AOS.groundwater.well.001","BLUE.W1.20170508.FIL",,"2017-05-08T16:36Z","2017-05-08T16:36Z","EcoCore_CSU","NO2 - N",0.0060,"milligramsPerLiter",2.8,,0,"formatChange|legacyData","GOOD"
"191c0a01-accf-4621-9316-749ea3d95e37","D11","BLUE","BLUE.AOS.groundwater.well.001","BLUE.W1.20170508.FIL",,"2017-05-08T16:36Z","2017-05-08T16:36Z","EcoCore_CSU","Si",7.4480,"milligramsPerLiter",2.8,,0,"formatChange|legacyData","GOOD"
"05878ca1-3a34-4432-b215-6f33d67b6040","D11","BLUE","BLUE.AOS.groundwater.well.001","BLUE.W1.20170508.FIL",,"2017-05-08T16:36Z","2017-05-08T16:36Z","EcoCore_CSU","UV Absorbance (250 nm)",0.0049,,2.8,,0,"formatChange|legacyData","GOOD"
"52a053ba-2f0d-4cf5-aced-db84bb1b6ff0","D11","BLUE","BLUE.AOS.groundwater.well.001","BLUE.W1.20170508.RAW",,"2017-05-08T16:36Z","2017-05-08T16:36Z","EcoCore_CSU","conductivity",847.2500,"microsiemensPerCentimeter",2.8,,0,"formatChange|legacyData","GOOD"
"a770ee8a-6f8a-40f9-8077-b1d042b50de3","D11","BLUE","BLUE.AOS.groundwater.well.001","BLUE.W1.20170508.RAW",,"2017-05-08T16:36Z","2017-05-08T16:36Z","EcoCore_CSU","TSS",212.0000,"milligramsPerLiter",2.8,,0,"formatChange|legacyData","GOOD"
"aea718d7-9507-424f-8ea3-825d3e93bafb","D11","BLUE","BLUE.AOS.groundwater.well.001","BLUE.W1.20170508.FIL",,"2017-05-08T16:36Z","2017-05-08T16:36Z","EcoCore_CSU","Na",15.7870,"milligramsPerLiter",2.8,,0,"formatChange|legacyData","GOOD"
"4e6952a9-389b-40f8-9fad-5b3d47fa687f","D11","BLUE","BLUE.AOS.groundwater.well.003","BLUE.W3.20170508.FIL",,"2017-05-08T18:26Z","2017-05-08T18:26Z","EcoCore_CSU","CO3",0.0000,"milligramsPerLiter",1.2,,0,"formatChange|legacyData","GOOD"
"2efc20ad-6539-4b44-a142-27113aa539b2","D11","BLUE","BLUE.AOS.groundwater.well.003","BLUE.W3.20170508.RAW",,"2017-05-08T18:26Z","2017-05-08T18:26Z","EcoCore_CSU","ANC",8.6230,"milliequivalentsPerLiter",1.2,,0,"formatChange|legacyData","GOOD"
"e9e3cf61-79dd-439c-9062-40c80f083a69","D11","BLUE","BLUE.AOS.groundwater.well.003","BLUE.W3.20170508.FIL",,"2017-05-08T18:26Z","2017-05-08T18:26Z","EcoCore_CSU","Cl",8.3390,"milligramsPerLiter",1.2,,0,"formatChange|legacyData","GOOD"
"df666a40-719f-4a32-9d44-2ca49c2563a6","D11","BLUE","BLUE.AOS.groundwater.well.003","BLUE.W3.20170508.FIL",,"2017-05-08T18:26Z","2017-05-08T18:26Z","EcoCore_CSU","Ortho - P",0.0140,"milligramsPerLiter",1.2,,0,"formatChange|legacyData","GOOD"
"269b063b-6e62-4e7e-beaf-252cf50b8d0f","D11","BLUE","BLUE.AOS.groundwater.well.003","BLUE.W3.20170508.FIL",,"2017-05-08T18:26Z","2017-05-08T18:26Z","EcoCore_CSU","Si",15.6570,"milligramsPerLiter",1.2,,0,"formatChange|legacyData","GOOD"
"7a3546ab-6f88-4aca-8057-70ab5fdb31c1","D11","BLUE","BLUE.AOS.groundwater.well.003","BLUE.W3.20170508.FIL",,"2017-05-08T18:26Z","2017-05-08T18:26Z","EcoCore_CSU","DIC",95.4600,"milligramsPerLiter",1.2,,0,"formatChange|legacyData","GOOD"
"85ec14ba-0dc2-4bdc-ae60-c9767368e475","D11","BLUE","BLUE.AOS.groundwater.well.003","BLUE.W3.20170508.RAW",,"2017-05-08T18:26Z","2017-05-08T18:26Z","EcoCore_CSU","pH",7.2800,"pH",1.2,,0,"formatChange|legacyData","GOOD"
"383c2f9d-5567-4a41-8b64-f9a6a98457f7","D11","BLUE","BLUE.AOS.groundwater.well.003","BLUE.W3.20170508.FIL",,"2017-05-08T18:26Z","2017-05-08T18:26Z","EcoCore_CSU","Ca",121.7400,"milligramsPerLiter",1.2,,0,"formatChange|legacyData","GOOD"
"195c606d-84a7-4c60-bfc2-5e1f9aed1a8f","D11","BLUE","BLUE.AOS.groundwater.well.003","BLUE.W3.20170508.FIL",,"2017-05-08T18:26Z","2017-05-08T18:26Z","EcoCore_CSU","TDN",0.0987,"milligramsPerLiter",1.2,,0,"formatChange|legacyData","GOOD"
"cc613158-2bb6-4f7e-afe7-d78ebda87b08","D11","BLUE","BLUE.AOS.groundwater.well.003","BLUE.W3.20170508.RAW",,"2017-05-08T18:26Z","2017-05-08T18:26Z","EcoCore_CSU","TP",0.0420,"milligramsPerLiter",1.2,,0,"formatChange|legacyData","GOOD"
"e391ea23-8eef-4d6f-8fd5-03b4ad74e8f9","D11","BLUE","BLUE.AOS.groundwater.well.003","BLUE.W3.20170508.FIL",,"2017-05-08T18:26Z","2017-05-08T18:26Z","EcoCore_CSU","UV Absorbance (250 nm)",0.0230,,1.2,,0,"formatChange|legacyData","GOOD"
"25110455-c46f-44a3-824b-12c5f664ad05","D11","BLUE","BLUE.AOS.groundwater.well.003","BLUE.W3.20170508.FIL",,"2017-05-08T18:26Z","2017-05-08T18:26Z","EcoCore_CSU","Na",9.9830,"milligramsPerLiter",1.2,,0,"formatChange|legacyData","GOOD"
"330c1706-ea6b-451d-bf34-56930cd0b4fc","D11","BLUE","BLUE.AOS.groundwater.well.003","BLUE.W3.20170508.RAW",,"2017-05-08T18:26Z","2017-05-08T18:26Z","EcoCore_CSU","TOC",1.3450,"milligramsPerLiter",1.2,,0,"formatChange|legacyData","GOOD"
"2b0433d4-9aa7-43b8-a93c-e208712a6dad","D11","BLUE","BLUE.AOS.groundwater.well.003","BLUE.W3.20170508.FIL",,"2017-05-08T18:26Z","2017-05-08T18:26Z","EcoCore_CSU","Mg",42.1440,"milligramsPerLiter",1.2,,0,"formatChange|legacyData","GOOD"
"f9750364-4f79-4271-9b1e-d531633318c1","D11","BLUE","BLUE.AOS.groundwater.well.003","BLUE.W3.20170508.FIL",,"2017-05-08T18:26Z","2017-05-08T18:26Z","EcoCore_CSU","NH4 - N",0.0200,"milligramsPerLiter",1.2,,0,"formatChange|legacyData","GOOD"
"7f64ccc6-70c3-429f-8e57-831a2ccb385d","D11","BLUE","BLUE.AOS.groundwater.well.003","BLUE.W3.20170508.FIL",,"2017-05-08T18:26Z","2017-05-08T18:26Z","EcoCore_CSU","Br",0.0050,"milligramsPerLiter",1.2,,0,"formatChange|legacyData","GOOD"
"e0c74003-e605-4981-ad67-2987a5a1fcc2","D11","BLUE","BLUE.AOS.groundwater.well.003","BLUE.W3.20170508.RAW",,"2017-05-08T18:26Z","2017-05-08T18:26Z","EcoCore_CSU","TN",0.2316,"milligramsPerLiter",1.2,,0,"formatChange|legacyData","GOOD"
"c1df6808-e6ff-44aa-8f64-8dceec3047df","D11","BLUE","BLUE.AOS.groundwater.well.003","BLUE.W3.20170508.FIL",,"2017-05-08T18:26Z","2017-05-08T18:26Z","EcoCore_CSU","TDS",702.4600,"milligramsPerLiter",1.2,,0,"formatChange|legacyData","GOOD"
"a36d25ad-4381-435a-b26b-e098e4d172cd","D11","BLUE","BLUE.AOS.groundwater.well.003","BLUE.W3.20170508.PCN",,"2017-05-08T18:26Z","2017-05-08T18:26Z","EcoCore_CSU","TPC",0.4533,"milligram",1.2,,0,"formatChange|legacyData","GOOD"
"69c75484-b55d-415b-8bca-ade61ea1f14f","D11","BLUE","BLUE.AOS.groundwater.well.003","BLUE.W3.20170508.RAW",,"2017-05-08T18:26Z","2017-05-08T18:26Z","EcoCore_CSU","conductivity",998.2400,"microsiemensPerCentimeter",1.2,,0,"formatChange|legacyData","GOOD"
"4287634e-07bb-45a5-82fe-86fa8df22dd5","D11","BLUE","BLUE.AOS.groundwater.well.003","BLUE.W3.20170508.FIL",,"2017-05-08T18:26Z","2017-05-08T18:26Z","EcoCore_CSU","F",0.2007,"milligramsPerLiter",1.2,,0,"formatChange|legacyData","GOOD"
"8ed375d6-9708-4dea-9eb7-f103c27d224d","D11","BLUE","BLUE.AOS.groundwater.well.003","BLUE.W3.20170508.FIL",,"2017-05-08T18:26Z","2017-05-08T18:26Z","EcoCore_CSU","K",1.3473,"milligramsPerLiter",1.2,,0,"formatChange|legacyData","GOOD"
"f1c2fe72-1e79-4b43-882a-adf3b5fe20cb","D11","BLUE","BLUE.AOS.groundwater.well.003","BLUE.W3.20170508.FIL",,"2017-05-08T18:26Z","2017-05-08T18:26Z","EcoCore_CSU","Mn",0.0005,"milligramsPerLiter",1.2,,0,"formatChange|legacyData","GOOD"
"b146abbc-f3e1-4f52-b05d-dcb6bbcf73b0","D11","BLUE","BLUE.AOS.groundwater.well.003","BLUE.W3.20170508.FIL",,"2017-05-08T18:26Z","2017-05-08T18:26Z","EcoCore_CSU","NO3+NO2 - N",-0.0060,"milligramsPerLiter",1.2,,0,"formatChange|legacyData","GOOD"
"2c5b5dad-050d-42c8-ad95-84d1059e31a8","D11","BLUE","BLUE.AOS.groundwater.well.003","BLUE.W3.20170508.FIL",,"2017-05-08T18:26Z","2017-05-08T18:26Z","EcoCore_CSU","TDP",0.0395,"milligramsPerLiter",1.2,,0,"formatChange|legacyData","GOOD"
"287527a1-61e3-4e25-ba5d-c28c0be04ab2","D11","BLUE","BLUE.AOS.groundwater.well.003","BLUE.W3.20170508.FIL",,"2017-05-08T18:26Z","2017-05-08T18:26Z","EcoCore_CSU","HCO3",521.3940,"milligramsPerLiter",1.2,,0,"formatChange|legacyData","GOOD"
"e2895675-c15d-4bcb-b6e1-798efdb7f19e","D11","BLUE","BLUE.AOS.groundwater.well.003","BLUE.W3.20170508.RAW",,"2017-05-08T18:26Z","2017-05-08T18:26Z","EcoCore_CSU","TSS",12.0000,"milligramsPerLiter",1.2,,0,"formatChange|legacyData","GOOD"
"e664e31e-2d18-4637-9b69-58e1332f0760","D11","BLUE","BLUE.AOS.groundwater.well.003","BLUE.W3.20170508.PCN",,"2017-05-08T18:26Z","2017-05-08T18:26Z","EcoCore_CSU","TPN",0.1097,"milligram",1.2,,0,"formatChange|legacyData","GOOD"
"1472a8ab-0ede-4720-acb2-633a7547e3b9","D11","BLUE","BLUE.AOS.groundwater.well.003","BLUE.W3.20170508.FIL",,"2017-05-08T18:26Z","2017-05-08T18:26Z","EcoCore_CSU","SO4",62.7390,"milligramsPerLiter",1.2,,0,"formatChange|legacyData","GOOD"
"100d2a0b-6812-4826-8882-a510cb4e075c","D11","BLUE","BLUE.AOS.groundwater.well.003","BLUE.W3.20170508.FIL",,"2017-05-08T18:26Z","2017-05-08T18:26Z","EcoCore_CSU","DOC",1.0350,"milligramsPerLiter",1.2,,0,"formatChange|legacyData","GOOD"
"d9f4d8bf-9d24-43a3-ae29-8a78736b19f2","D11","BLUE","BLUE.AOS.groundwater.well.003","BLUE.W3.20170508.RAW",,"2017-05-08T18:26Z","2017-05-08T18:26Z","EcoCore_CSU","TSS - Dry Mass",300.0000,"microgram",1.2,,0,"formatChange|legacyData","GOOD"
"3319f11f-056f-402a-b143-0f41a896b77c","D11","BLUE","BLUE.AOS.groundwater.well.003","BLUE.W3.20170508.FIL",,"2017-05-08T18:26Z","2017-05-08T18:26Z","EcoCore_CSU","NO2 - N",0.0060,"milligramsPerLiter",1.2,,0,"formatChange|legacyData","GOOD"
"8b000bba-404c-4a7d-be82-73f230fa7bb8","D11","BLUE","BLUE.AOS.groundwater.well.003","BLUE.W3.20170508.FIL",,"2017-05-08T18:26Z","2017-05-08T18:26Z","EcoCore_CSU","Fe",0.0005,"milligramsPerLiter",1.2,,0,"formatChange|legacyData","GOOD"
"97c4694a-0ce2-4b84-9a8f-6544e0e6860a","D11","BLUE","BLUE.AOS.groundwater.well.003","BLUE.W3.20170508.FIL",,"2017-05-08T18:26Z","2017-05-08T18:26Z","EcoCore_CSU","UV Absorbance (280 nm)",0.0136,,1.2,,0,"formatChange|legacyData","GOOD"
"67ac85fc-5c68-452b-affd-1a7959a9097b","D11","BLUE","BLUE.AOS.groundwater.well.008","BLUE.W8.20170508.FIL",,"2017-05-08T20:39Z","2017-05-08T20:39Z","EcoCore_CSU","HCO3",335.3630,"milligramsPerLiter",1.2,,0,"formatChange|legacyData","GOOD"
"215763ad-ce62-48b6-b154-90627a28bcf4","D11","BLUE","BLUE.AOS.groundwater.well.008","BLUE.W8.20170508.FIL",,"2017-05-08T20:39Z","2017-05-08T20:39Z","EcoCore_CSU","CO3",0.0000,"milligramsPerLiter",1.2,,0,"formatChange|legacyData","GOOD"
"85ed4e32-f3b0-462f-8b82-c7d6fe3efef3","D11","BLUE","BLUE.AOS.groundwater.well.008","BLUE.W8.20170508.RAW",,"2017-05-08T20:39Z","2017-05-08T20:39Z","EcoCore_CSU","TSS - Dry Mass",1100.0000,"microgram",1.2,,0,"formatChange|legacyData","GOOD"
"683f623f-b843-4480-89a8-bac40abea40a","D11","BLUE","BLUE.AOS.groundwater.well.008","BLUE.W8.20170508.RAW",,"2017-05-08T20:39Z","2017-05-08T20:39Z","EcoCore_CSU","pH",7.5300,"pH",1.2,,0,"formatChange|legacyData","GOOD"
"273fc442-83e8-485c-acce-7c3393bd1a58","D11","BLUE","BLUE.AOS.groundwater.well.008","BLUE.W8.20170508.FIL",,"2017-05-08T20:39Z","2017-05-08T20:39Z","EcoCore_CSU","Mg",23.9920,"milligramsPerLiter",1.2,,0,"formatChange|legacyData","GOOD"
"f0d17686-d140-44e7-b989-73e7b50e753c","D11","BLUE","BLUE.AOS.groundwater.well.008","BLUE.W8.20170508.RAW",,"2017-05-08T20:39Z","2017-05-08T20:39Z","EcoCore_CSU","TN",0.1356,"milligramsPerLiter",1.2,,0,"formatChange|legacyData","GOOD"
"1dfecf17-2305-449d-806a-80880d75e52f","D11","BLUE","BLUE.AOS.groundwater.well.008","BLUE.W8.20170508.FIL",,"2017-05-08T20:39Z","2017-05-08T20:39Z","EcoCore_CSU","F",0.0354,"milligramsPerLiter",1.2,,0,"formatChange|legacyData","GOOD"
"14218147-b360-41d8-926d-fb7ec2313b37","D11","BLUE","BLUE.AOS.groundwater.well.008","BLUE.W8.20170508.RAW",,"2017-05-08T20:39Z","2017-05-08T20:39Z","EcoCore_CSU","conductivity",607.9900,"microsiemensPerCentimeter",1.2,,0,"formatChange|legacyData","GOOD"
"7039c1f0-bdc2-412e-b353-0092c07d22eb","D11","BLUE","BLUE.AOS.groundwater.well.008","BLUE.W8.20170508.FIL",,"2017-05-08T20:39Z","2017-05-08T20:39Z","EcoCore_CSU","SO4",15.6424,"milligramsPerLiter",1.2,,0,"formatChange|legacyData","GOOD"
"541023ce-d4f8-4b16-a350-3ec030fc4e2f","D11","BLUE","BLUE.AOS.groundwater.well.008","BLUE.W8.20170508.RAW",,"2017-05-08T20:39Z","2017-05-08T20:39Z","EcoCore_CSU","TOC",1.8360,"milligramsPerLiter",1.2,,0,"formatChange|legacyData","GOOD"
"059d60dd-c928-4e55-8025-a264e94f1f9d","D11","BLUE","BLUE.AOS.groundwater.well.008","BLUE.W8.20170508.FIL",,"2017-05-08T20:39Z","2017-05-08T20:39Z","EcoCore_CSU","Mn",0.0005,"milligramsPerLiter",1.2,,0,"formatChange|legacyData","GOOD"
"9dbe3d76-dd8e-45d0-93f5-97db40d5d268","D11","BLUE","BLUE.AOS.groundwater.well.008","BLUE.W8.20170508.FIL",,"2017-05-08T20:39Z","2017-05-08T20:39Z","EcoCore_CSU","Ortho - P",0.0150,"milligramsPerLiter",1.2,,0,"formatChange|legacyData","GOOD"
"203efac4-ebb5-472c-977e-a30ba3e8fead","D11","BLUE","BLUE.AOS.groundwater.well.008","BLUE.W8.20170508.FIL",,"2017-05-08T20:39Z","2017-05-08T20:39Z","EcoCore_CSU","Si",12.5830,"milligramsPerLiter",1.2,,0,"formatChange|legacyData","GOOD"
"d64eb7db-9e96-466b-9bdc-0228e8ac6f09","D11","BLUE","BLUE.AOS.groundwater.well.008","BLUE.W8.20170508.FIL",,"2017-05-08T20:39Z","2017-05-08T20:39Z","EcoCore_CSU","UV Absorbance (280 nm)",0.0119,,1.2,,0,"formatChange|legacyData","GOOD"
"d8c87c4f-af9f-46c1-ae31-614b19eaae8f","D11","BLUE","BLUE.AOS.groundwater.well.008","BLUE.W8.20170508.FIL",,"2017-05-08T20:39Z","2017-05-08T20:39Z","EcoCore_CSU","Ca",74.0250,"milligramsPerLiter",1.2,,0,"formatChange|legacyData","GOOD"
"790d8f9a-c9c3-46bb-a3ee-39f701dc432b","D11","BLUE","BLUE.AOS.groundwater.well.008","BLUE.W8.20170508.FIL",,"2017-05-08T20:39Z","2017-05-08T20:39Z","EcoCore_CSU","K",1.2254,"milligramsPerLiter",1.2,,0,"formatChange|legacyData","GOOD"
"ef08fbaf-f1ff-42c0-a62e-a087fce25a2c","D11","BLUE","BLUE.AOS.groundwater.well.008","BLUE.W8.20170508.FIL",,"2017-05-08T20:39Z","2017-05-08T20:39Z","EcoCore_CSU","TDP",0.0300,"milligramsPerLiter",1.2,,0,"formatChange|legacyData","GOOD"
"2350b2e6-72ed-4e35-a1ee-e6ebcdb5de45","D11","BLUE","BLUE.AOS.groundwater.well.008","BLUE.W8.20170508.FIL",,"2017-05-08T20:39Z","2017-05-08T20:39Z","EcoCore_CSU","Cl",4.3024,"milligramsPerLiter",1.2,,0,"formatChange|legacyData","GOOD"
"77c3898d-2bd7-4fb5-b2fc-8d15010b2a02","D11","BLUE","BLUE.AOS.groundwater.well.008","BLUE.W8.20170508.FIL",,"2017-05-08T20:39Z","2017-05-08T20:39Z","EcoCore_CSU","Fe",0.0005,"milligramsPerLiter",1.2,,0,"formatChange|legacyData","GOOD"
"1cab9677-bb4a-4ffe-a144-de85e754a579","D11","BLUE","BLUE.AOS.groundwater.well.008","BLUE.W8.20170508.PCN",,"2017-05-08T20:39Z","2017-05-08T20:39Z","EcoCore_CSU","TPC",1.0586,"milligram",1.2,,0,"formatChange|legacyData","GOOD"
"2f4d7e6c-28ca-47ab-ac46-6942bfb7b886","D11","BLUE","BLUE.AOS.groundwater.well.008","BLUE.W8.20170508.PCN",,"2017-05-08T20:39Z","2017-05-08T20:39Z","EcoCore_CSU","TPN",0.0149,"milligram",1.2,,0,"formatChange|legacyData","GOOD"
"d9075115-a096-44cc-8d51-a64be609afc0","D11","BLUE","BLUE.AOS.groundwater.well.008","BLUE.W8.20170508.FIL",,"2017-05-08T20:39Z","2017-05-08T20:39Z","EcoCore_CSU","DIC",109.0000,"milligramsPerLiter",1.2,,0,"formatChange|legacyData","GOOD"
"3d46ec58-68df-40cf-9d57-e62fd0f12953","D11","BLUE","BLUE.AOS.groundwater.well.008","BLUE.W8.20170508.FIL",,"2017-05-08T20:39Z","2017-05-08T20:39Z","EcoCore_CSU","TDN",0.1343,"milligramsPerLiter",1.2,,0,"formatChange|legacyData","GOOD"
"c94694a8-487a-461b-a858-27da8fc5db4c","D11","BLUE","BLUE.AOS.groundwater.well.008","BLUE.W8.20170508.FIL",,"2017-05-08T20:39Z","2017-05-08T20:39Z","EcoCore_CSU","Na",4.7633,"milligramsPerLiter",1.2,,0,"formatChange|legacyData","GOOD"
"fa7af687-a01b-4ff3-94d6-9bf8484f0b5a","D11","BLUE","BLUE.AOS.groundwater.well.008","BLUE.W8.20170508.FIL",,"2017-05-08T20:39Z","2017-05-08T20:39Z","EcoCore_CSU","DOC",0.8264,"milligramsPerLiter",1.2,,0,"formatChange|legacyData","GOOD"
"6f517f4d-82d1-4ad0-8f6c-6b9fd44e0bb9","D11","BLUE","BLUE.AOS.groundwater.well.008","BLUE.W8.20170508.FIL",,"2017-05-08T20:39Z","2017-05-08T20:39Z","EcoCore_CSU","Br",0.0050,"milligramsPerLiter",1.2,,0,"formatChange|legacyData","GOOD"
"12ce6a9e-88fc-4159-b3df-761ed76690a6","D11","BLUE","BLUE.AOS.groundwater.well.008","BLUE.W8.20170508.RAW",,"2017-05-08T20:39Z","2017-05-08T20:39Z","EcoCore_CSU","TSS",44.0000,"milligramsPerLiter",1.2,,0,"formatChange|legacyData","GOOD"
"be1a711d-efdb-4258-8bd3-09a9f56c8cda","D11","BLUE","BLUE.AOS.groundwater.well.008","BLUE.W8.20170508.RAW",,"2017-05-08T20:39Z","2017-05-08T20:39Z","EcoCore_CSU","TP",0.0320,"milligramsPerLiter",1.2,,0,"formatChange|legacyData","GOOD"
"e09e424d-661c-4400-86b1-7ea58679ecf4","D11","BLUE","BLUE.AOS.groundwater.well.008","BLUE.W8.20170508.FIL",,"2017-05-08T20:39Z","2017-05-08T20:39Z","EcoCore_CSU","NH4 - N",0.0240,"milligramsPerLiter",1.2,,0,"formatChange|legacyData","GOOD"
"d042604d-a6cc-4460-a8e1-c5fd1bf0af5c","D11","BLUE","BLUE.AOS.groundwater.well.008","BLUE.W8.20170508.RAW",,"2017-05-08T20:39Z","2017-05-08T20:39Z","EcoCore_CSU","ANC",5.5940,"milliequivalentsPerLiter",1.2,,0,"formatChange|legacyData","GOOD"
"e3d2c3fb-1308-4eb4-ba6e-23b5ed1be431","D11","BLUE","BLUE.AOS.groundwater.well.008","BLUE.W8.20170508.FIL",,"2017-05-08T20:39Z","2017-05-08T20:39Z","EcoCore_CSU","TDS",427.6900,"milligramsPerLiter",1.2,,0,"formatChange|legacyData","GOOD"
"62919302-6a54-4c60-8e3b-2cbee66149da","D11","BLUE","BLUE.AOS.groundwater.well.008","BLUE.W8.20170508.FIL",,"2017-05-08T20:39Z","2017-05-08T20:39Z","EcoCore_CSU","UV Absorbance (250 nm)",0.0199,,1.2,,0,"formatChange|legacyData","GOOD"
"e46975b0-ca97-4cfc-bc8b-57eac66b46dd","D11","BLUE","BLUE.AOS.groundwater.well.008","BLUE.W8.20170508.FIL",,"2017-05-08T20:39Z","2017-05-08T20:39Z","EcoCore_CSU","NO2 - N",0.0080,"milligramsPerLiter",1.2,,0,"formatChange|legacyData","GOOD"
"4e16f23a-b539-4d73-b4b6-9bff4708f3c0","D11","BLUE","BLUE.AOS.groundwater.well.008","BLUE.W8.20170508.FIL",,"2017-05-08T20:39Z","2017-05-08T20:39Z","EcoCore_CSU","NO3+NO2 - N",0.0350,"milligramsPerLiter",1.2,,0,"formatChange|legacyData","GOOD"
"49118d45-ea16-4878-8c88-f3f0135ca89a","D11","BLUE","BLUE.AOS.groundwater.well.006","BLUE.W6.20170508.FIL",,"2017-05-08T22:49Z","2017-05-08T22:49Z","EcoCore_CSU","CO3",0.0000,"milligramsPerLiter",2.8,,0,"formatChange|legacyData","GOOD"
"e7b51818-8390-4a9b-89dc-913dfb3d5a00","D11","BLUE","BLUE.AOS.groundwater.well.006","BLUE.W6.20170508.RAW",,"2017-05-08T22:49Z","2017-05-08T22:49Z","EcoCore_CSU","pH",7.7000,"pH",2.8,,0,"formatChange|legacyData","GOOD"
"ba5b0dff-0e26-4c62-b4fa-9811c6e288ad","D11","BLUE","BLUE.AOS.groundwater.well.006","BLUE.W6.20170508.RAW",,"2017-05-08T22:49Z","2017-05-08T22:49Z","EcoCore_CSU","TSS",316.0000,"milligramsPerLiter",2.8,,0,"formatChange|legacyData","GOOD"
"1654587a-dda2-4c6e-a3ce-5a2b93dbe488","D11","BLUE","BLUE.AOS.groundwater.well.006","BLUE.W6.20170508.FIL",,"2017-05-08T22:49Z","2017-05-08T22:49Z","EcoCore_CSU","Na",6.0596,"milligramsPerLiter",2.8,,0,"formatChange|legacyData","GOOD"
"e8c7d74a-4a56-453c-b8a0-e5139faed61d","D11","BLUE","BLUE.AOS.groundwater.well.006","BLUE.W6.20170508.FIL",,"2017-05-08T22:49Z","2017-05-08T22:49Z","EcoCore_CSU","Fe",0.0015,"milligramsPerLiter",2.8,,0,"formatChange|legacyData","GOOD"
"43ed008c-37b6-4e9c-bb03-8023ef7c6a66","D11","BLUE","BLUE.AOS.groundwater.well.006","BLUE.W6.20170508.RAW",,"2017-05-08T22:49Z","2017-05-08T22:49Z","EcoCore_CSU","TOC",3.8830,"milligramsPerLiter",2.8,,0,"formatChange|legacyData","GOOD"
"b3242d09-4c3b-4fd1-b85c-557fb22a31c8","D11","BLUE","BLUE.AOS.groundwater.well.006","BLUE.W6.20170508.FIL",,"2017-05-08T22:49Z","2017-05-08T22:49Z","EcoCore_CSU","Si",5.8769,"milligramsPerLiter",2.8,,0,"formatChange|legacyData","GOOD"
"9390d3f1-f6e2-4c76-9e27-e25edc119fb1","D11","BLUE","BLUE.AOS.groundwater.well.006","BLUE.W6.20170508.FIL",,"2017-05-08T22:49Z","2017-05-08T22:49Z","EcoCore_CSU","NH4 - N",0.0150,"milligramsPerLiter",2.8,,0,"formatChange|legacyData","GOOD"
"6c0cb406-0ebb-48e1-8f0c-394d27517b91","D11","BLUE","BLUE.AOS.groundwater.well.006","BLUE.W6.20170508.FIL",,"2017-05-08T22:49Z","2017-05-08T22:49Z","EcoCore_CSU","Mn",0.0005,"milligramsPerLiter",2.8,,0,"formatChange|legacyData","GOOD"
"13cf358c-7b3a-466e-b2e0-6e5093e27dac","D11","BLUE","BLUE.AOS.groundwater.well.006","BLUE.W6.20170508.FIL",,"2017-05-08T22:49Z","2017-05-08T22:49Z","EcoCore_CSU","K",1.8024,"milligramsPerLiter",2.8,,0,"formatChange|legacyData","GOOD"
"1bb3904b-9d07-4944-a1c7-20e9b8b778f2","D11","BLUE","BLUE.AOS.groundwater.well.006","BLUE.W6.20170508.FIL",,"2017-05-08T22:49Z","2017-05-08T22:49Z","EcoCore_CSU","SO4",9.6304,"milligramsPerLiter",2.8,,0,"formatChange|legacyData","GOOD"
"b1af70fb-16af-4224-8e39-e8304cd62487","D11","BLUE","BLUE.AOS.groundwater.well.006","BLUE.W6.20170508.FIL",,"2017-05-08T22:49Z","2017-05-08T22:49Z","EcoCore_CSU","Cl",6.0232,"milligramsPerLiter",2.8,,0,"formatChange|legacyData","GOOD"
"2fad8547-21fa-4611-8803-bc2bcc0f7019","D11","BLUE","BLUE.AOS.groundwater.well.006","BLUE.W6.20170508.FIL",,"2017-05-08T22:49Z","2017-05-08T22:49Z","EcoCore_CSU","NO2 - N",0.0060,"milligramsPerLiter",2.8,,0,"formatChange|legacyData","GOOD"
"49e43d4c-bb29-4956-b242-c886f6e7fbfb","D11","BLUE","BLUE.AOS.groundwater.well.006","BLUE.W6.20170508.RAW",,"2017-05-08T22:49Z","2017-05-08T22:49Z","EcoCore_CSU","TSS - Dry Mass",7900.0000,"microgram",2.8,,0,"formatChange|legacyData","GOOD"
"5df22c43-24ef-4a49-b40e-a0c07c8c4d1a","D11","BLUE","BLUE.AOS.groundwater.well.006","BLUE.W6.20170508.FIL",,"2017-05-08T22:49Z","2017-05-08T22:49Z","EcoCore_CSU","UV Absorbance (250 nm)",0.0241,,2.8,,0,"formatChange|legacyData","GOOD"
"ba470c85-7672-444a-b4d4-e6f4f5dfb167","D11","BLUE","BLUE.AOS.groundwater.well.006","BLUE.W6.20170508.FIL",,"2017-05-08T22:49Z","2017-05-08T22:49Z","EcoCore_CSU","TDP",0.0130,"milligramsPerLiter",2.8,,0,"formatChange|legacyData","GOOD"
"63b2455a-86fb-4859-9f44-a5f16919f1bf","D11","BLUE","BLUE.AOS.groundwater.well.006","BLUE.W6.20170508.FIL",,"2017-05-08T22:49Z","2017-05-08T22:49Z","EcoCore_CSU","DOC",0.5892,"milligramsPerLiter",2.8,,0,"formatChange|legacyData","GOOD"
"1cd1a5b7-f4d4-46f0-8c1c-436954f0d49a","D11","BLUE","BLUE.AOS.groundwater.well.006","BLUE.W6.20170508.FIL",,"2017-05-08T22:49Z","2017-05-08T22:49Z","EcoCore_CSU","Ortho - P",0.0140,"milligramsPerLiter",2.8,,0,"formatChange|legacyData","GOOD"
"b2f775ed-dc25-4641-be1e-88f1da79a7fd","D11","BLUE","BLUE.AOS.groundwater.well.006","BLUE.W6.20170508.FIL",,"2017-05-08T22:49Z","2017-05-08T22:49Z","EcoCore_CSU","F",0.0560,"milligramsPerLiter",2.8,,0,"formatChange|legacyData","GOOD"
"df200dea-d121-405c-9c18-992cd85c132c","D11","BLUE","BLUE.AOS.groundwater.well.006","BLUE.W6.20170508.PCN",,"2017-05-08T22:49Z","2017-05-08T22:49Z","EcoCore_CSU","TPN",0.1108,"milligram",2.8,,0,"formatChange|legacyData","GOOD"
"12458947-5793-4156-b105-12c0080a55f7","D11","BLUE","BLUE.AOS.groundwater.well.006","BLUE.W6.20170508.FIL",,"2017-05-08T22:49Z","2017-05-08T22:49Z","EcoCore_CSU","UV Absorbance (280 nm)",0.0170,,2.8,,0,"formatChange|legacyData","GOOD"
"907cdd30-1ce8-414f-a8e9-d3c6510e9bac","D11","BLUE","BLUE.AOS.groundwater.well.006","BLUE.W6.20170508.RAW",,"2017-05-08T22:49Z","2017-05-08T22:49Z","EcoCore_CSU","ANC",6.7410,"milliequivalentsPerLiter",2.8,,0,"formatChange|legacyData","GOOD"
"5ef9a153-3d53-4c05-ba5f-965e6bda19d7","D11","BLUE","BLUE.AOS.groundwater.well.006","BLUE.W6.20170508.PCN",,"2017-05-08T22:49Z","2017-05-08T22:49Z","EcoCore_CSU","TPC",0.2820,"milligram",2.8,,0,"formatChange|legacyData","GOOD"
"c84eff39-bb5a-46ac-b746-9a57530e474c","D11","BLUE","BLUE.AOS.groundwater.well.006","BLUE.W6.20170508.FIL",,"2017-05-08T22:49Z","2017-05-08T22:49Z","EcoCore_CSU","NO3+NO2 - N",0.1180,"milligramsPerLiter",2.8,,0,"formatChange|legacyData","GOOD"
"4aca69cb-1337-4cc8-97fb-9c0d4f5c762b","D11","BLUE","BLUE.AOS.groundwater.well.006","BLUE.W6.20170508.FIL",,"2017-05-08T22:49Z","2017-05-08T22:49Z","EcoCore_CSU","TDN",0.2058,"milligramsPerLiter",2.8,,0,"formatChange|legacyData","GOOD"
"1782cde7-a55a-404e-9c06-896efde14131","D11","BLUE","BLUE.AOS.groundwater.well.006","BLUE.W6.20170508.FIL",,"2017-05-08T22:49Z","2017-05-08T22:49Z","EcoCore_CSU","HCO3",404.2960,"milligramsPerLiter",2.8,,0,"formatChange|legacyData","GOOD"
"4168a0b7-362f-44bb-b588-d290d8a7fa70","D11","BLUE","BLUE.AOS.groundwater.well.006","BLUE.W6.20170508.FIL",,"2017-05-08T22:49Z","2017-05-08T22:49Z","EcoCore_CSU","TDS",501.2600,"milligramsPerLiter",2.8,,0,"formatChange|legacyData","GOOD"
"f6b6f39c-94b8-46cb-825d-cc3e2e163b9e","D11","BLUE","BLUE.AOS.groundwater.well.006","BLUE.W6.20170508.FIL",,"2017-05-08T22:49Z","2017-05-08T22:49Z","EcoCore_CSU","Br",0.0050,"milligramsPerLiter",2.8,,0,"formatChange|legacyData","GOOD"
"3f31a754-a293-4b89-aace-2f74adb3cc99","D11","BLUE","BLUE.AOS.groundwater.well.006","BLUE.W6.20170508.FIL",,"2017-05-08T22:49Z","2017-05-08T22:49Z","EcoCore_CSU","Mg",38.7570,"milligramsPerLiter",2.8,,0,"formatChange|legacyData","GOOD"
"a8f77462-97bd-4310-ad57-2de757115545","D11","BLUE","BLUE.AOS.groundwater.well.006","BLUE.W6.20170508.RAW",,"2017-05-08T22:49Z","2017-05-08T22:49Z","EcoCore_CSU","conductivity",702.5400,"microsiemensPerCentimeter",2.8,,0,"formatChange|legacyData","GOOD"
"c9ec9fcf-c700-4dd9-ac76-aa7780e03734","D11","BLUE","BLUE.AOS.groundwater.well.006","BLUE.W6.20170508.RAW",,"2017-05-08T22:49Z","2017-05-08T22:49Z","EcoCore_CSU","TP",0.0150,"milligramsPerLiter",2.8,,0,"formatChange|legacyData","GOOD"
"125f5c80-9a54-4f4e-b802-2dbb6fd42091","D11","BLUE","BLUE.AOS.groundwater.well.006","BLUE.W6.20170508.FIL",,"2017-05-08T22:49Z","2017-05-08T22:49Z","EcoCore_CSU","DIC",91.1900,"milligramsPerLiter",2.8,,0,"formatChange|legacyData","GOOD"
"520190cf-216a-41ab-9ee8-562c169ba21d","D11","BLUE","BLUE.AOS.groundwater.well.006","BLUE.W6.20170508.RAW",,"2017-05-08T22:49Z","2017-05-08T22:49Z","EcoCore_CSU","TN",0.3715,"milligramsPerLiter",2.8,,0,"formatChange|legacyData","GOOD"
"d35b82f1-5982-4abf-9188-19ad9931ef41","D11","BLUE","BLUE.AOS.groundwater.well.006","BLUE.W6.20170508.FIL",,"2017-05-08T22:49Z","2017-05-08T22:49Z","EcoCore_CSU","Ca",69.3000,"milligramsPerLiter",2.8,,0,"formatChange|legacyData","GOOD"
