uid,domainID,siteID,namedLocation,collectDate,titrationDate,parentSampleID,domainSampleID,remarks,measuredBy,alkMeqPerL,alkMgPerL,ancMeqPerL,ancMgPerL
"312865bd-8b8c-4f57-ad3c-4f0b18dcd07c","D11","BLUE","BLUE.AOS.groundwater.well.001","2017-05-08T16:36Z","2017-05-09T15:17Z","BLUE.W1.20170508","BLUE.W1.20170508.ALK",,"lhostert@battelleecology.org",5.620,281.000,,
"5bd1e889-2944-4ce6-8f5e-41371a2eaf2d","D11","BLUE","BLUE.AOS.groundwater.well.003","2017-05-08T18:26Z","2017-05-09T16:33Z","BLUE.W3.20170508","BLUE.W3.20170508.ALK",,"lhostert@battelleecology.org",8.430,422.000,,
"38a43ea7-b8d9-42ea-bd30-6b50d3c4bbd6","D11","BLUE","BLUE.AOS.groundwater.well.008","2017-05-08T20:39Z","2017-05-09T18:20Z","BLUE.W8.20170508","BLUE.W8.20170508.ALK",,"lhostert@battelleecology.org",7.730,387.000,,
"6373b53e-880f-43d4-8922-dee718866466","D11","BLUE","BLUE.AOS.groundwater.well.006","2017-05-08T22:49Z","2017-05-09T19:22Z","BLUE.W6.20170508","BLUE.W6.20170508.ALK",,"lhostert@battelleecology.org",6.410,321.000,,
