uid,domainID,siteID,namedLocation,collectDate,parentSampleID,sampleCondition,sampleID,replicateNumber,gwwDICBubbleFree,gwwFiltSampleHeadspace,gwwAlkSampleHeadspace,gwwAlkSampleBubbleFree,processedDate,processedDateFilters,sampleVolumeFiltered,shipmentTimeRange
"affb8ee8-1b4c-4c1c-9516-00cf3b246a12","D11","BLUE","BLUE.AOS.groundwater.well.001","2017-05-08T16:36Z","BLUE.W1.20170508","Sample condition ok","BLUE.W1.20170508",1,,,,,"2017-05-08T18:30Z","2017-05-08T18:45Z",100.0,
"3c6220f1-fa95-43ab-a932-c794093fea3f","D11","BLUE","BLUE.AOS.groundwater.well.003","2017-05-08T18:26Z","BLUE.W3.20170508","Sample condition ok","BLUE.W3.20170508",1,,,,,"2017-05-08T20:30Z","2017-05-08T21:45Z",500.0,
"ccb253aa-8cba-479d-bc92-f1d95033c1de","D11","BLUE","BLUE.AOS.groundwater.well.008","2017-05-08T20:39Z","BLUE.W8.20170508","Sample condition ok","BLUE.W8.20170508",1,,,,,"2017-06-12T22:50Z","2017-06-12T22:55Z",400.0,
"187d48b5-c883-4e82-a305-d670b2c0f116","D11","BLUE","BLUE.AOS.groundwater.well.006","2017-05-08T22:49Z","BLUE.W6.20170508","Sample condition ok","BLUE.W6.20170508",1,,,,,"2017-05-09T00:05Z","2017-05-09T00:00Z",150.0,
