uid,domainID,siteID,namedLocation,collectDate,titrationDate,parentSampleID,domainSampleID,remarks,measuredBy,alkMeqPerL,alkMgPerL,ancMeqPerL,ancMgPerL
"4ed4ca9b-bb65-4687-9ca9-31d260f4ed3b","D10","ARIK","ARIK.AOS.groundwater.well.002","2015-04-21T17:18Z","2015-04-22T16:30Z","ARIK.W2.20150421","ARIK.W2.20150421.ALK",,"dmonahan@neoninc.org",3.400,170.000,,
"8fd7dc36-8bce-4f96-9091-d4d45ab73606","D10","ARIK","ARIK.AOS.groundwater.well.002","2015-04-21T17:18Z","2015-04-22T16:30Z","ARIK.W2.20150421","ARIK.W2.20150421.ANC",,"dmonahan@neoninc.org",,,3.570,178.000
"2bd50a0b-8d06-41fa-b838-234a7a63f5ff","D10","ARIK","ARIK.AOS.groundwater.well.005","2015-04-21T18:25Z","2015-04-22T17:41Z","ARIK.W5.20150421","ARIK.W5.20150421.ANC",,"dmonahan@neoninc.org",,,5.440,272.000
"530d68b1-07b8-46b1-b424-735963e5cc1b","D10","ARIK","ARIK.AOS.groundwater.well.005","2015-04-21T18:25Z","2015-04-22T18:36Z","ARIK.W5.20150421","ARIK.W5.20150421.ALK",,"dmonahan@neoninc.org",5.360,268.000,,
"d3599e08-0abc-46d1-b482-c529f825435d","D10","ARIK","ARIK.AOS.groundwater.well.004","2015-04-21T19:30Z","2015-04-22T21:33Z","ARIK.W4.20150421","ARIK.W4.20150421.ANC","Titration was started 26.3 hours after collection.","dmonahan@neoninc.org",,,5.650,283.000
"3abdeff4-9e75-4fc3-bed5-3840a8211f94","D10","ARIK","ARIK.AOS.groundwater.well.004","2015-04-21T19:30Z","2015-04-22T22:09Z","ARIK.W4.20150421","ARIK.W4.20150421.ALK","Sample was titrated 26.39 minutes after collection.","dmonahan@neoninc.org",5.850,293.000,,
"90f909b5-9b44-4b02-bfe5-50283551046d","D10","ARIK","ARIK.AOS.groundwater.well.001","2015-04-21T20:20Z","2015-04-22T20:30Z","ARIK.W1.20150421","ARIK.W1.20150421.ANC","Results very different form the ones we calculated (4.343 meg/l, 217.34 mg/l)","dmonahan@neoninc.org",,,3.280,164.000
"15bd61d6-db8b-499e-abd6-a3d5d1ca3171","D10","ARIK","ARIK.AOS.groundwater.well.001","2015-04-21T20:20Z","2015-04-22T20:30Z","ARIK.W1.20150421","ARIK.W1.20150421.ALK","The peak is the same but the results are off-(176.9055 mg/l and 176.9055).","dmonahan@neoninc.org",3.280,164.000,,
