uid,domainID,siteID,namedLocation,decimalLatitude,decimalLongitude,coordinateUncertainty,elevation,elevationUncertainty,geodeticDatum,collectDate,aquaticSiteType,samplingImpractical,waterChemSamplesCollected,adequateSampleVol,parentSampleID,eventID,swcSamplingProtocolVersion,sampleExtractionMethod,samplerType,totalWellDepth,wellWaterDepth,waterColumnHeight,sampleDepth,purgeAverageDischargeRate,purgeTime,gwWellStabilized,purgeDryDateTime,pumpPlacementDate,screenedIntervalDepth,maxAllowableDrawdown,actualDrawdown,MADExceeded,wellVolumePurged,probeIDUnavailable,dissolvedOxygen,dissolvedOxygenSaturation,specificConductance,waterTemp,pH,waterClarityDescrip,waterColorDescrip,aCollectedBy,bCollectedBy,remarks
"d67d4e28-c3c7-4d93-b3e4-84d98089ec28","D10","ARIK","ARIK.AOS.groundwater.well.002",39.757704,-102.447584,0.1,1181.3,0.1,"WGS84","2015-04-21T17:18Z","stream",,,,"ARIK.W2.20150421","ARIK.20150421","NEON.DOC.001219vB","low-flow",,,8.0,,,,,,,,,,,,,,7.91,,387.20,12.70,,,,"dmonahan@neoninc.org","hschartel@neoninc.org","We did not collect TPCN because we did not have a lab to process sample. Our discharge rate was taken off the pump and may not be correct, we did not record a total volume discharge. We did not record sample depth or DO percent saturation."
"f62cf58f-8d36-41dc-a8c1-bd0a68afb8ea","D10","ARIK","ARIK.AOS.groundwater.well.005",39.759687,-102.448224,0.1,1181.1,0.1,"WGS84","2015-04-21T18:25Z","stream",,,,"ARIK.W5.20150421","ARIK.20150421","NEON.DOC.001219vB","low-flow",,,6.6,,,,,,,,,,,,,,1.00,,542.00,16.00,,,,"dmonahan@neoninc.org","hschartel@neoninc.org","We did not collect TPCN because we did not have a lab to process sample. The DO value recorded .23 is below the acceptable value allowed on the WEBUI. So I entered 1. We did not collect sample depth, discharge rate, or total volume discharge."
"4267a860-90dd-49a9-9ae4-50dc5486f48d","D10","ARIK","ARIK.AOS.groundwater.well.004",39.760114,-102.451740,0.1,1182.7,0.1,"WGS84","2015-04-21T19:30Z","stream",,,,"ARIK.W4.20150421","ARIK.20150421","NEON.DOC.001219vB","low-flow",,,6.2,,,,,,,,,,,,,,1.23,,566.00,11.10,,,,"dmonahan@neoninc.org","hschartel@neoninc.org","We did not collect TPCN because of we had no lab to ship samples to. We did not collect percent SO saturation. Our DO mg/l are very low and the final reading is below the allowable WEBUI, .10 . Discharge rate, sample depth, and total volume discharged"
"247a6e06-ee84-462b-8b49-1cdba8114bf0","D10","ARIK","ARIK.AOS.groundwater.well.001",39.758068,-102.452221,0.1,1184.4,0.1,"WGS84","2015-04-21T20:20Z","stream",,,,"ARIK.W1.20150421","ARIK.20150421","NEON.DOC.001219vB","low-flow",,,11.4,,,,,,,,,,,,,,4.90,,392.60,13.20,,,,"dmonahan@neoninc.org","hschartel@neoninc.org","We did not collect TPCN because we did not have a lab to process sample. We did not sample a discharge rate or a total volume discharged, or sample depth."
