uid,domainID,siteID,namedLocation,decimalLatitude,decimalLongitude,coordinateUncertainty,elevation,elevationUncertainty,geodeticDatum,collectDate,aquaticSiteType,samplingImpractical,waterChemSamplesCollected,adequateSampleVol,parentSampleID,eventID,swcSamplingProtocolVersion,sampleExtractionMethod,samplerType,totalWellDepth,wellWaterDepth,waterColumnHeight,sampleDepth,purgeAverageDischargeRate,purgeTime,gwWellStabilized,purgeDryDateTime,pumpPlacementDate,screenedIntervalDepth,maxAllowableDrawdown,actualDrawdown,MADExceeded,wellVolumePurged,probeIDUnavailable,dissolvedOxygen,dissolvedOxygenSaturation,specificConductance,waterTemp,pH,waterClarityDescrip,waterColorDescrip,aCollectedBy,bCollectedBy,remarks
"11a92719-0e50-4ce0-8b30-e151664f9c5e","D02","POSE","POSE.AOS.groundwater.well.001",38.894262,-78.147143,0.1,277.9,0.1,"WGS84","2018-03-05T14:23Z","stream",,,,"POSE.W1.20180305","POSE.20180305","NEON.DOC.002905vE","purge dry","Groundwater Pump",3.0,1.4,1.6,,,,,,,,,,,,,6.06,48.10,153.60,5.80,,"cloudy","brown","kgeiger@battelleecology.org","jcoloso@battelleecology.org",
"ecc3132d-71e8-4c9b-a425-ace53823dc5f","D02","POSE","POSE.AOS.groundwater.well.003",38.894304,-78.147503,0.1,278.6,0.1,"WGS84","2018-03-05T15:31Z","stream",,,,"POSE.W3.20180305","POSE.20180305","NEON.DOC.002905vE","purge dry","Groundwater Pump",4.2,2.4,1.8,,,,,,,,,,,,,8.75,72.10,99.00,7.00,,"cloudy","brown","kgeiger@battelleecology.org","jcoloso@battelleecology.org",
"58b3544d-3403-4c5b-b5f4-7a17cf48d71e","D02","POSE","POSE.AOS.groundwater.well.006",38.894973,-78.147373,0.1,276.3,0.1,"WGS84","2018-03-05T16:40Z","stream",,,,"POSE.W6.20180305","POSE.20180305","NEON.DOC.002905vE","purge dry","Groundwater Pump",4.4,1.6,2.8,,,,,,,,,,,,,7.41,62.20,123.40,7.90,,"cloudy","brown","kgeiger@battelleecology.org","jcoloso@battelleecology.org",
"26c44cba-3712-451f-b1c2-d9bff253687b","D02","POSE","POSE.AOS.groundwater.well.008",38.895235,-78.147951,0.1,273.2,0.1,"WGS84","2018-03-05T18:25Z","stream",,,,"POSE.W8.20180305","POSE.20180305","NEON.DOC.002905vE","low-flow","Groundwater Pump",3.1,1.2,1.9,2.2,,,,,,,,,,2.0,,6.88,57.20,135.20,7.50,,"cloudy","brown","kgeiger@battelleecology.org","jcoloso@battelleecology.org",
