uid,domainID,siteID,namedLocation,sampleID,sampleCode,startDate,collectDate,laboratoryName,analyte,analyteConcentration,analyteUnits,coolerTemp,remarks,shipmentWarmQF,externalLabDataQF,sampleCondition
"afadc363-9260-4818-8d93-f58ae0e340c3","D02","POSE","POSE.AOS.groundwater.well.001","POSE.W1.20180305.FIL",,"2018-03-05T14:23Z","2018-03-05T14:23Z","EcoCore_CSU","NO3+NO2 - N",0.0206,"milligramsPerLiter",4.7,,0,"formatChange","GOOD"
"7d4fd3b7-29a2-4fad-9294-ba5743e4630a","D02","POSE","POSE.AOS.groundwater.well.001","POSE.W1.20180305.FIL",,"2018-03-05T14:23Z","2018-03-05T14:23Z","EcoCore_CSU","DOC",0.8390,"milligramsPerLiter",4.7,,0,"formatChange","GOOD"
"b2401c8d-ce04-4aac-a8e7-936dd64c9743","D02","POSE","POSE.AOS.groundwater.well.001","POSE.W1.20180305.FIL",,"2018-03-05T14:23Z","2018-03-05T14:23Z","EcoCore_CSU","Cl",12.6400,"milligramsPerLiter",4.7,,0,"formatChange","GOOD"
"0c04570b-4de7-4b68-b9f1-244431ebc4a2","D02","POSE","POSE.AOS.groundwater.well.001","POSE.W1.20180305.FIL",,"2018-03-05T14:23Z","2018-03-05T14:23Z","EcoCore_CSU","Br",0.0050,"milligramsPerLiter",4.7,,0,"formatChange","GOOD"
"3c71ea14-035e-42cf-9d01-60dc4b30d75e","D02","POSE","POSE.AOS.groundwater.well.001","POSE.W1.20180305.FIL",,"2018-03-05T14:23Z","2018-03-05T14:23Z","EcoCore_CSU","Na",6.4480,"milligramsPerLiter",4.7,,0,"formatChange","GOOD"
"1f453322-b76a-4344-badd-1d386f52466e","D02","POSE","POSE.AOS.groundwater.well.001","POSE.W1.20180305.FIL",,"2018-03-05T14:23Z","2018-03-05T14:23Z","EcoCore_CSU","SO4",2.0100,"milligramsPerLiter",4.7,,0,"formatChange","GOOD"
"9bb18b28-b0d7-4f3b-8ab1-285e90e2acd2","D02","POSE","POSE.AOS.groundwater.well.001","POSE.W1.20180305.FIL",,"2018-03-05T14:23Z","2018-03-05T14:23Z","EcoCore_CSU","CO3",0.0050,"milligramsPerLiter",4.7,,0,"formatChange","GOOD"
"cb0dae13-5e5f-49c8-bc39-cba50ae914eb","D02","POSE","POSE.AOS.groundwater.well.001","POSE.W1.20180305.FIL",,"2018-03-05T14:23Z","2018-03-05T14:23Z","EcoCore_CSU","Ortho - P",0.0030,"milligramsPerLiter",4.7,,0,"formatChange","GOOD"
"18ce84b0-1c3c-4179-a993-db55c2a7b60b","D02","POSE","POSE.AOS.groundwater.well.001","POSE.W1.20180305.RAW",,"2018-03-05T14:23Z","2018-03-05T14:23Z","EcoCore_CSU","conductivity",125.1000,"microsiemensPerCentimeter",4.7,,0,"formatChange","GOOD"
"8bd03294-76e8-4604-9730-591cf9adfb08","D02","POSE","POSE.AOS.groundwater.well.001","POSE.W1.20180305.FIL",,"2018-03-05T14:23Z","2018-03-05T14:23Z","EcoCore_CSU","HCO3",54.8500,"milligramsPerLiter",4.7,,0,"formatChange","GOOD"
"694cb93f-6a1f-4af8-8261-0ad534047dad","D02","POSE","POSE.AOS.groundwater.well.001","POSE.W1.20180305.FIL",,"2018-03-05T14:23Z","2018-03-05T14:23Z","EcoCore_CSU","UV Absorbance (250 nm)",0.0236,,4.7,,0,"formatChange","GOOD"
"6f68a551-b504-443b-8624-50a4433338e2","D02","POSE","POSE.AOS.groundwater.well.001","POSE.W1.20180305.PCN",,"2018-03-05T14:23Z","2018-03-05T14:23Z","EcoCore_CSU","TPC",0.2722,"milligram",4.7,,0,"formatChange","GOOD"
"654fd09a-8fa5-485e-ba9d-fb0f93ed1eb0","D02","POSE","POSE.AOS.groundwater.well.001","POSE.W1.20180305.RAW",,"2018-03-05T14:23Z","2018-03-05T14:23Z","EcoCore_CSU","ANC",0.9300,"milliequivalentsPerLiter",4.7,,0,"formatChange","GOOD"
"ade35cf4-5756-432d-9999-bc3cb84445a2","D02","POSE","POSE.AOS.groundwater.well.001","POSE.W1.20180305.FIL",,"2018-03-05T14:23Z","2018-03-05T14:23Z","EcoCore_CSU","TDP",0.0005,"milligramsPerLiter",4.7,,0,"formatChange","GOOD"
"c97213af-c276-443e-828d-b30bd54f8b8a","D02","POSE","POSE.AOS.groundwater.well.001","POSE.W1.20180305.FIL",,"2018-03-05T14:23Z","2018-03-05T14:23Z","EcoCore_CSU","TDS",88.7000,"milligramsPerLiter",4.7,,0,"formatChange","GOOD"
"5ff1f0a9-6f36-46b7-817f-da29a7e30b2d","D02","POSE","POSE.AOS.groundwater.well.001","POSE.W1.20180305.FIL",,"2018-03-05T14:23Z","2018-03-05T14:23Z","EcoCore_CSU","UV Absorbance (280 nm)",0.0172,,4.7,,0,"formatChange","GOOD"
"09050ca6-9b3e-4f61-9182-d30b07cf82f8","D02","POSE","POSE.AOS.groundwater.well.001","POSE.W1.20180305.PCN",,"2018-03-05T14:23Z","2018-03-05T14:23Z","EcoCore_CSU","TPN",0.1312,"milligram",4.7,,0,"formatChange","GOOD"
"22db7cb4-4a17-4c83-ac2b-2ef47f0c201b","D02","POSE","POSE.AOS.groundwater.well.001","POSE.W1.20180305.FIL",,"2018-03-05T14:23Z","2018-03-05T14:23Z","EcoCore_CSU","Mg",5.4110,"milligramsPerLiter",4.7,,0,"formatChange","GOOD"
"b7dffdca-f4ec-4148-bad7-53042b6ac15e","D02","POSE","POSE.AOS.groundwater.well.001","POSE.W1.20180305.FIL",,"2018-03-05T14:23Z","2018-03-05T14:23Z","EcoCore_CSU","Fe",0.0710,"milligramsPerLiter",4.7,,0,"formatChange","GOOD"
"b48a629f-ea77-464b-bd4c-4adf4d91db82","D02","POSE","POSE.AOS.groundwater.well.001","POSE.W1.20180305.RAW",,"2018-03-05T14:23Z","2018-03-05T14:23Z","EcoCore_CSU","TN",-0.0213,"milligramsPerLiter",4.7,,0,"formatChange","GOOD"
"1b912f96-25dc-4be9-86b2-0e7032ab2716","D02","POSE","POSE.AOS.groundwater.well.001","POSE.W1.20180305.RAW",,"2018-03-05T14:23Z","2018-03-05T14:23Z","EcoCore_CSU","TSS - Dry Mass",3700.0000,"microgram",4.7,,0,"formatChange","GOOD"
"0204c7ff-21d8-483c-ac06-46e8175cc870","D02","POSE","POSE.AOS.groundwater.well.001","POSE.W1.20180305.RAW",,"2018-03-05T14:23Z","2018-03-05T14:23Z","EcoCore_CSU","TOC",0.5112,"milligramsPerLiter",4.7,,0,"formatChange","GOOD"
"a5585035-e600-4f0f-9583-336b4bc27c7d","D02","POSE","POSE.AOS.groundwater.well.001","POSE.W1.20180305.RAW",,"2018-03-05T14:23Z","2018-03-05T14:23Z","EcoCore_CSU","TSS",74.0000,"milligramsPerLiter",4.7,,0,"formatChange","GOOD"
"e5c7123b-7cd0-475a-b50e-fa36394436cc","D02","POSE","POSE.AOS.groundwater.well.001","POSE.W1.20180305.FIL",,"2018-03-05T14:23Z","2018-03-05T14:23Z","EcoCore_CSU","DIC",14.2400,"milligramsPerLiter",4.7,,0,"formatChange","GOOD"
"657822be-7583-4077-b3f1-7a965be41831","D02","POSE","POSE.AOS.groundwater.well.001","POSE.W1.20180305.RAW",,"2018-03-05T14:23Z","2018-03-05T14:23Z","EcoCore_CSU","pH",6.2800,"pH",4.7,,0,"formatChange","GOOD"
"3dfe32ea-5527-43bd-b7d6-23329f1c87d3","D02","POSE","POSE.AOS.groundwater.well.001","POSE.W1.20180305.FIL",,"2018-03-05T14:23Z","2018-03-05T14:23Z","EcoCore_CSU","Si",8.5500,"milligramsPerLiter",4.7,,0,"formatChange","GOOD"
"5d37caca-dbd2-4ff9-a5c1-fcd8cc52ef6e","D02","POSE","POSE.AOS.groundwater.well.001","POSE.W1.20180305.FIL",,"2018-03-05T14:23Z","2018-03-05T14:23Z","EcoCore_CSU","Mn",0.8560,"milligramsPerLiter",4.7,,0,"formatChange","GOOD"
"b2ba2c63-509d-4be0-9a2c-7962f6a05a97","D02","POSE","POSE.AOS.groundwater.well.001","POSE.W1.20180305.FIL",,"2018-03-05T14:23Z","2018-03-05T14:23Z","EcoCore_CSU","Ca",12.9680,"milligramsPerLiter",4.7,,0,"formatChange","GOOD"
"dd6f0a59-4e25-4c18-a7aa-96b1f8ee39fa","D02","POSE","POSE.AOS.groundwater.well.001","POSE.W1.20180305.FIL",,"2018-03-05T14:23Z","2018-03-05T14:23Z","EcoCore_CSU","NH4 - N",0.0055,"milligramsPerLiter",4.7,,0,"formatChange","GOOD"
"05cb42f9-2893-42a0-8095-b83f0ed5982b","D02","POSE","POSE.AOS.groundwater.well.001","POSE.W1.20180305.FIL",,"2018-03-05T14:23Z","2018-03-05T14:23Z","EcoCore_CSU","K",0.2360,"milligramsPerLiter",4.7,,0,"formatChange","GOOD"
"23df047c-bef9-449f-8bad-3efada68ed6f","D02","POSE","POSE.AOS.groundwater.well.001","POSE.W1.20180305.FIL",,"2018-03-05T14:23Z","2018-03-05T14:23Z","EcoCore_CSU","F",0.0050,"milligramsPerLiter",4.7,,0,"formatChange","GOOD"
"b897387b-32d3-4135-8d49-42bb3d5dda4b","D02","POSE","POSE.AOS.groundwater.well.001","POSE.W1.20180305.FIL",,"2018-03-05T14:23Z","2018-03-05T14:23Z","EcoCore_CSU","NO2 - N",0.0164,"milligramsPerLiter",4.7,,0,"formatChange","GOOD"
"392ba1c6-d8dd-41cd-aa90-9ef6bd730de4","D02","POSE","POSE.AOS.groundwater.well.001","POSE.W1.20180305.FIL",,"2018-03-05T14:23Z","2018-03-05T14:23Z","EcoCore_CSU","TDN",-0.0016,"milligramsPerLiter",4.7,,0,"formatChange","GOOD"
"b1158586-b685-49c7-9bd9-deb008edd0b0","D02","POSE","POSE.AOS.groundwater.well.001","POSE.W1.20180305.RAW",,"2018-03-05T14:23Z","2018-03-05T14:23Z","EcoCore_CSU","TP",0.0010,"milligramsPerLiter",4.7,,0,"formatChange","GOOD"
"cb9740ee-c1cc-4f8d-b685-998fb6532373","D02","POSE","POSE.AOS.groundwater.well.003","POSE.W3.20180305.RAW",,"2018-03-05T15:31Z","2018-03-05T15:31Z","EcoCore_CSU","TOC",0.6564,"milligramsPerLiter",4.7,,0,"formatChange","GOOD"
"d5f3d715-82a5-49a2-b02b-f62eecc588e7","D02","POSE","POSE.AOS.groundwater.well.003","POSE.W3.20180305.FIL",,"2018-03-05T15:31Z","2018-03-05T15:31Z","EcoCore_CSU","NH4 - N",,"milligramsPerLiter",4.7,"Unknown reason for no analyte concentration as a result of external lab data format change",0,"formatChange","Other"
"59910efc-9f61-45aa-9fa0-ec01ad61083e","D02","POSE","POSE.AOS.groundwater.well.003","POSE.W3.20180305.PCN",,"2018-03-05T15:31Z","2018-03-05T15:31Z","EcoCore_CSU","TPC",0.2775,"milligram",4.7,,0,"formatChange","GOOD"
"8724ed11-17dc-4eb2-9cd2-00f88dfb03f7","D02","POSE","POSE.AOS.groundwater.well.003","POSE.W3.20180305.FIL",,"2018-03-05T15:31Z","2018-03-05T15:31Z","EcoCore_CSU","F",,"milligramsPerLiter",4.7,"Unknown reason for no analyte concentration as a result of external lab data format change",0,"formatChange","Other"
"7c902566-c686-49e0-a7a1-1c961742c583","D02","POSE","POSE.AOS.groundwater.well.003","POSE.W3.20180305.FIL",,"2018-03-05T15:31Z","2018-03-05T15:31Z","EcoCore_CSU","Na",,"milligramsPerLiter",4.7,"Unknown reason for no analyte concentration as a result of external lab data format change",0,"formatChange","Other"
"fa4224ef-2665-4185-89a1-1a8685402f0a","D02","POSE","POSE.AOS.groundwater.well.003","POSE.W3.20180305.FIL",,"2018-03-05T15:31Z","2018-03-05T15:31Z","EcoCore_CSU","K",,"milligramsPerLiter",4.7,"Unknown reason for no analyte concentration as a result of external lab data format change",0,"formatChange","Other"
"dc7ab5ab-a752-41b3-aba8-277ae94984d4","D02","POSE","POSE.AOS.groundwater.well.003","POSE.W3.20180305.FIL",,"2018-03-05T15:31Z","2018-03-05T15:31Z","EcoCore_CSU","SO4",,"milligramsPerLiter",4.7,"Unknown reason for no analyte concentration as a result of external lab data format change",0,"formatChange","Other"
"f228f4f1-2e03-4d47-8368-3ba01520d113","D02","POSE","POSE.AOS.groundwater.well.003","POSE.W3.20180305.FIL",,"2018-03-05T15:31Z","2018-03-05T15:31Z","EcoCore_CSU","TDS",63.2000,"milligramsPerLiter",4.7,,0,"formatChange","GOOD"
"ed396a2e-cd17-490b-82f9-dd91c6b7d9f9","D02","POSE","POSE.AOS.groundwater.well.003","POSE.W3.20180305.FIL",,"2018-03-05T15:31Z","2018-03-05T15:31Z","EcoCore_CSU","DOC",,"milligramsPerLiter",4.7,"Unknown reason for no analyte concentration as a result of external lab data format change",0,"formatChange","Other"
"aba52589-79ac-4776-81b6-b856efec2145","D02","POSE","POSE.AOS.groundwater.well.003","POSE.W3.20180305.FIL",,"2018-03-05T15:31Z","2018-03-05T15:31Z","EcoCore_CSU","DIC",,"milligramsPerLiter",4.7,"Unknown reason for no analyte concentration as a result of external lab data format change",0,"formatChange","Other"
"b0954313-7108-443c-b6e4-a6afb1eea470","D02","POSE","POSE.AOS.groundwater.well.003","POSE.W3.20180305.RAW",,"2018-03-05T15:31Z","2018-03-05T15:31Z","EcoCore_CSU","TP",0.0020,"milligramsPerLiter",4.7,,0,"formatChange","GOOD"
"811f5704-9fa7-4ada-965a-1b55d2c288ec","D02","POSE","POSE.AOS.groundwater.well.003","POSE.W3.20180305.FIL",,"2018-03-05T15:31Z","2018-03-05T15:31Z","EcoCore_CSU","CO3",0.0050,"milligramsPerLiter",4.7,,0,"formatChange","GOOD"
"cd833c57-54a1-43ec-8eea-cc7f4ff51f8f","D02","POSE","POSE.AOS.groundwater.well.003","POSE.W3.20180305.PCN",,"2018-03-05T15:31Z","2018-03-05T15:31Z","EcoCore_CSU","TPN",0.1219,"milligram",4.7,,0,"formatChange","GOOD"
"c5a92fa6-35b0-47a3-a66b-1641c9ca47d5","D02","POSE","POSE.AOS.groundwater.well.003","POSE.W3.20180305.FIL",,"2018-03-05T15:31Z","2018-03-05T15:31Z","EcoCore_CSU","TDN",,"milligramsPerLiter",4.7,"Unknown reason for no analyte concentration as a result of external lab data format change",0,"formatChange","Other"
"83b9533e-beaa-4273-9cf5-64dad8f8f00f","D02","POSE","POSE.AOS.groundwater.well.003","POSE.W3.20180305.FIL",,"2018-03-05T15:31Z","2018-03-05T15:31Z","EcoCore_CSU","TDP",,"milligramsPerLiter",4.7,"Unknown reason for no analyte concentration as a result of external lab data format change",0,"formatChange","Other"
"77fb6f5d-88c2-4d2a-ad41-3c97768c25ac","D02","POSE","POSE.AOS.groundwater.well.003","POSE.W3.20180305.FIL",,"2018-03-05T15:31Z","2018-03-05T15:31Z","EcoCore_CSU","Cl",,"milligramsPerLiter",4.7,"Unknown reason for no analyte concentration as a result of external lab data format change",0,"formatChange","Other"
"23cece58-791f-464b-a4fb-3839654501f9","D02","POSE","POSE.AOS.groundwater.well.003","POSE.W3.20180305.FIL",,"2018-03-05T15:31Z","2018-03-05T15:31Z","EcoCore_CSU","NO2 - N",,"milligramsPerLiter",4.7,"Unknown reason for no analyte concentration as a result of external lab data format change",0,"formatChange","Other"
"bad3e7c8-a2e8-499e-9658-fe4b4fdd99d3","D02","POSE","POSE.AOS.groundwater.well.003","POSE.W3.20180305.FIL",,"2018-03-05T15:31Z","2018-03-05T15:31Z","EcoCore_CSU","Br",,"milligramsPerLiter",4.7,"Unknown reason for no analyte concentration as a result of external lab data format change",0,"formatChange","Other"
"d2074dda-aeb7-42ee-8116-a01eb7e20cb4","D02","POSE","POSE.AOS.groundwater.well.003","POSE.W3.20180305.RAW",,"2018-03-05T15:31Z","2018-03-05T15:31Z","EcoCore_CSU","TN",0.0014,"milligramsPerLiter",4.7,,0,"formatChange","GOOD"
"dfb33f04-b73d-4196-a78a-2d824f08381f","D02","POSE","POSE.AOS.groundwater.well.003","POSE.W3.20180305.FIL",,"2018-03-05T15:31Z","2018-03-05T15:31Z","EcoCore_CSU","HCO3",,"milligramsPerLiter",4.7,"Unknown reason for no analyte concentration as a result of external lab data format change",0,"formatChange","Other"
"75529cc3-dfc5-41c2-9f0d-5e439c453d21","D02","POSE","POSE.AOS.groundwater.well.003","POSE.W3.20180305.RAW",,"2018-03-05T15:31Z","2018-03-05T15:31Z","EcoCore_CSU","TSS - Dry Mass",5400.0000,"microgram",4.7,,0,"formatChange","GOOD"
"ec7e8beb-067c-465f-a2b2-cdb837368693","D02","POSE","POSE.AOS.groundwater.well.003","POSE.W3.20180305.RAW",,"2018-03-05T15:31Z","2018-03-05T15:31Z","EcoCore_CSU","ANC",1.0200,"milliequivalentsPerLiter",4.7,,0,"formatChange","GOOD"
"f26d36f9-cc89-4703-9f2c-e72b378fef35","D02","POSE","POSE.AOS.groundwater.well.003","POSE.W3.20180305.RAW",,"2018-03-05T15:31Z","2018-03-05T15:31Z","EcoCore_CSU","TSS",108.0000,"milligramsPerLiter",4.7,,0,"formatChange","GOOD"
"02c08541-2c0f-4140-baef-7046df9b6110","D02","POSE","POSE.AOS.groundwater.well.003","POSE.W3.20180305.FIL",,"2018-03-05T15:31Z","2018-03-05T15:31Z","EcoCore_CSU","NO3+NO2 - N",,"milligramsPerLiter",4.7,"Unknown reason for no analyte concentration as a result of external lab data format change",0,"formatChange","Other"
"c4b3eaab-034c-4d70-9b1a-a19e861281ce","D02","POSE","POSE.AOS.groundwater.well.003","POSE.W3.20180305.FIL",,"2018-03-05T15:31Z","2018-03-05T15:31Z","EcoCore_CSU","UV Absorbance (250 nm)",,,4.7,"Unknown reason for no analyte concentration as a result of external lab data format change",0,"formatChange","Other"
"d675dfdc-5866-4c11-b37f-ce398ffbf82f","D02","POSE","POSE.AOS.groundwater.well.003","POSE.W3.20180305.FIL",,"2018-03-05T15:31Z","2018-03-05T15:31Z","EcoCore_CSU","UV Absorbance (280 nm)",,,4.7,"Unknown reason for no analyte concentration as a result of external lab data format change",0,"formatChange","Other"
"69ad4257-0a3b-417a-9ca8-3ac98b6ff782","D02","POSE","POSE.AOS.groundwater.well.003","POSE.W3.20180305.FIL",,"2018-03-05T15:31Z","2018-03-05T15:31Z","EcoCore_CSU","Si",,"milligramsPerLiter",4.7,"Unknown reason for no analyte concentration as a result of external lab data format change",0,"formatChange","Other"
"4d960e0e-a9a3-40f2-8f05-71a6e0fad953","D02","POSE","POSE.AOS.groundwater.well.003","POSE.W3.20180305.RAW",,"2018-03-05T15:31Z","2018-03-05T15:31Z","EcoCore_CSU","pH",6.3100,"pH",4.7,,0,"formatChange","GOOD"
"f6a95b50-17ff-4de2-a027-b246b58f5223","D02","POSE","POSE.AOS.groundwater.well.003","POSE.W3.20180305.RAW",,"2018-03-05T15:31Z","2018-03-05T15:31Z","EcoCore_CSU","conductivity",92.4900,"microsiemensPerCentimeter",4.7,,0,"formatChange","GOOD"
"f15361bf-716f-405c-9956-95a878259bd0","D02","POSE","POSE.AOS.groundwater.well.003","POSE.W3.20180305.FIL",,"2018-03-05T15:31Z","2018-03-05T15:31Z","EcoCore_CSU","Fe",,"milligramsPerLiter",4.7,"Unknown reason for no analyte concentration as a result of external lab data format change",0,"formatChange","Other"
"d253793f-9931-403d-94ab-33760a1bf4a9","D02","POSE","POSE.AOS.groundwater.well.003","POSE.W3.20180305.FIL",,"2018-03-05T15:31Z","2018-03-05T15:31Z","EcoCore_CSU","Ca",,"milligramsPerLiter",4.7,"Unknown reason for no analyte concentration as a result of external lab data format change",0,"formatChange","Other"
"83bb61a9-311d-43ce-b315-f544b54cb91a","D02","POSE","POSE.AOS.groundwater.well.003","POSE.W3.20180305.FIL",,"2018-03-05T15:31Z","2018-03-05T15:31Z","EcoCore_CSU","Mn",,"milligramsPerLiter",4.7,"Unknown reason for no analyte concentration as a result of external lab data format change",0,"formatChange","Other"
"c8e4b2d2-3848-4841-bde2-21eabe6a94df","D02","POSE","POSE.AOS.groundwater.well.003","POSE.W3.20180305.FIL",,"2018-03-05T15:31Z","2018-03-05T15:31Z","EcoCore_CSU","Mg",,"milligramsPerLiter",4.7,"Unknown reason for no analyte concentration as a result of external lab data format change",0,"formatChange","Other"
"732b4a58-de9d-4c9a-86c3-28e4a9b3f1c4","D02","POSE","POSE.AOS.groundwater.well.003","POSE.W3.20180305.FIL",,"2018-03-05T15:31Z","2018-03-05T15:31Z","EcoCore_CSU","Ortho - P",,"milligramsPerLiter",4.7,"Unknown reason for no analyte concentration as a result of external lab data format change",0,"formatChange","Other"
"be39e015-6112-4d86-9b06-2e3bbc72ca86","D02","POSE","POSE.AOS.groundwater.well.006","POSE.W6.20180305.FIL",,"2018-03-05T16:40Z","2018-03-05T16:40Z","EcoCore_CSU","Mn",0.0080,"milligramsPerLiter",4.7,,0,"formatChange","GOOD"
"61fee57a-6044-49b1-9274-cb515a6f295c","D02","POSE","POSE.AOS.groundwater.well.006","POSE.W6.20180305.FIL",,"2018-03-05T16:40Z","2018-03-05T16:40Z","EcoCore_CSU","DOC",1.1590,"milligramsPerLiter",4.7,,0,"formatChange","GOOD"
"3ff0f8f0-2c6a-4de3-b237-9ec008794088","D02","POSE","POSE.AOS.groundwater.well.006","POSE.W6.20180305.FIL",,"2018-03-05T16:40Z","2018-03-05T16:40Z","EcoCore_CSU","NO3+NO2 - N",0.2572,"milligramsPerLiter",4.7,,0,"formatChange","GOOD"
"7dd18e76-6991-4cb0-a0f8-8e5c846a9e6c","D02","POSE","POSE.AOS.groundwater.well.006","POSE.W6.20180305.RAW",,"2018-03-05T16:40Z","2018-03-05T16:40Z","EcoCore_CSU","TP",0.0010,"milligramsPerLiter",4.7,,0,"formatChange","GOOD"
"58cef477-d739-4438-b057-89c512a43cd8","D02","POSE","POSE.AOS.groundwater.well.006","POSE.W6.20180305.FIL",,"2018-03-05T16:40Z","2018-03-05T16:40Z","EcoCore_CSU","NH4 - N",-0.0055,"milligramsPerLiter",4.7,,0,"formatChange","GOOD"
"0370f9c7-1472-42d7-b71b-9fe6b9c1b875","D02","POSE","POSE.AOS.groundwater.well.006","POSE.W6.20180305.RAW",,"2018-03-05T16:40Z","2018-03-05T16:40Z","EcoCore_CSU","pH",6.3600,"pH",4.7,,0,"formatChange","GOOD"
"90bbcb5c-5304-492c-b029-df2067848c0e","D02","POSE","POSE.AOS.groundwater.well.006","POSE.W6.20180305.FIL",,"2018-03-05T16:40Z","2018-03-05T16:40Z","EcoCore_CSU","Ortho - P",0.0250,"milligramsPerLiter",4.7,,0,"formatChange","GOOD"
"529ec142-bfe7-4165-9f70-7c87492c269a","D02","POSE","POSE.AOS.groundwater.well.006","POSE.W6.20180305.FIL",,"2018-03-05T16:40Z","2018-03-05T16:40Z","EcoCore_CSU","NO2 - N",0.0161,"milligramsPerLiter",4.7,,0,"formatChange","GOOD"
"de501240-c051-4301-b8fe-dcf89b20e303","D02","POSE","POSE.AOS.groundwater.well.006","POSE.W6.20180305.FIL",,"2018-03-05T16:40Z","2018-03-05T16:40Z","EcoCore_CSU","Cl",9.4100,"milligramsPerLiter",4.7,,0,"formatChange","GOOD"
"fb25c4cf-26d8-4ab5-9744-6d81099ae296","D02","POSE","POSE.AOS.groundwater.well.006","POSE.W6.20180305.FIL",,"2018-03-05T16:40Z","2018-03-05T16:40Z","EcoCore_CSU","Fe",0.8460,"milligramsPerLiter",4.7,,0,"formatChange","GOOD"
"6d480cbd-c022-42c5-8baa-265bdb41be72","D02","POSE","POSE.AOS.groundwater.well.006","POSE.W6.20180305.RAW",,"2018-03-05T16:40Z","2018-03-05T16:40Z","EcoCore_CSU","TSS - Dry Mass",10100.0000,"microgram",4.7,,0,"formatChange","GOOD"
"0a18a3d0-6419-4abd-b2e3-9218eab43ccf","D02","POSE","POSE.AOS.groundwater.well.006","POSE.W6.20180305.PCN",,"2018-03-05T16:40Z","2018-03-05T16:40Z","EcoCore_CSU","TPC",0.2957,"milligram",4.7,,0,"formatChange","GOOD"
"fa378c7d-29de-4957-8d25-a4ce4fbb1e99","D02","POSE","POSE.AOS.groundwater.well.006","POSE.W6.20180305.FIL",,"2018-03-05T16:40Z","2018-03-05T16:40Z","EcoCore_CSU","TDP",0.0005,"milligramsPerLiter",4.7,,0,"formatChange","GOOD"
"5c6d11f6-7087-46ec-9bda-23f3896e9aa2","D02","POSE","POSE.AOS.groundwater.well.006","POSE.W6.20180305.FIL",,"2018-03-05T16:40Z","2018-03-05T16:40Z","EcoCore_CSU","Si",11.2800,"milligramsPerLiter",4.7,,0,"formatChange","GOOD"
"a3b4382d-40ad-45d7-b4b0-92fa0728617c","D02","POSE","POSE.AOS.groundwater.well.006","POSE.W6.20180305.RAW",,"2018-03-05T16:40Z","2018-03-05T16:40Z","EcoCore_CSU","TSS",202.0000,"milligramsPerLiter",4.7,,0,"formatChange","GOOD"
"82f595a6-ad5c-41a4-a6a0-b31f4c06dd13","D02","POSE","POSE.AOS.groundwater.well.006","POSE.W6.20180305.FIL",,"2018-03-05T16:40Z","2018-03-05T16:40Z","EcoCore_CSU","Na",7.5650,"milligramsPerLiter",4.7,,0,"formatChange","GOOD"
"a2cf28a3-2ad4-4e3a-95c0-2c698278b920","D02","POSE","POSE.AOS.groundwater.well.006","POSE.W6.20180305.RAW",,"2018-03-05T16:40Z","2018-03-05T16:40Z","EcoCore_CSU","TOC",1.8590,"milligramsPerLiter",4.7,,0,"formatChange","GOOD"
"54e0c046-f7f5-4a1e-9339-811c0ebb5655","D02","POSE","POSE.AOS.groundwater.well.006","POSE.W6.20180305.FIL",,"2018-03-05T16:40Z","2018-03-05T16:40Z","EcoCore_CSU","HCO3",53.7400,"milligramsPerLiter",4.7,,0,"formatChange","GOOD"
"1cbf0884-9698-4efe-806a-a66bb6f840ff","D02","POSE","POSE.AOS.groundwater.well.006","POSE.W6.20180305.FIL",,"2018-03-05T16:40Z","2018-03-05T16:40Z","EcoCore_CSU","TDS",94.7000,"milligramsPerLiter",4.7,,0,"formatChange","GOOD"
"99de8425-ff7f-4447-99b1-b5a0d4300b83","D02","POSE","POSE.AOS.groundwater.well.006","POSE.W6.20180305.RAW",,"2018-03-05T16:40Z","2018-03-05T16:40Z","EcoCore_CSU","conductivity",133.5000,"microsiemensPerCentimeter",4.7,,0,"formatChange","GOOD"
"80e1456a-b822-400a-bc5e-43fe3e4c65cd","D02","POSE","POSE.AOS.groundwater.well.006","POSE.W6.20180305.FIL",,"2018-03-05T16:40Z","2018-03-05T16:40Z","EcoCore_CSU","UV Absorbance (280 nm)",0.3113,,4.7,,0,"formatChange","GOOD"
"cfa08f72-e528-40e5-9fc0-d5748d82f5ba","D02","POSE","POSE.AOS.groundwater.well.006","POSE.W6.20180305.FIL",,"2018-03-05T16:40Z","2018-03-05T16:40Z","EcoCore_CSU","DIC",12.4000,"milligramsPerLiter",4.7,,0,"formatChange","GOOD"
"715a1717-bda0-4eed-a1c6-04dd8a989cdf","D02","POSE","POSE.AOS.groundwater.well.006","POSE.W6.20180305.FIL",,"2018-03-05T16:40Z","2018-03-05T16:40Z","EcoCore_CSU","UV Absorbance (250 nm)",0.3822,,4.7,,0,"formatChange","GOOD"
"b79f2d6f-c9b9-42a4-b17e-00f2acf15cd4","D02","POSE","POSE.AOS.groundwater.well.006","POSE.W6.20180305.FIL",,"2018-03-05T16:40Z","2018-03-05T16:40Z","EcoCore_CSU","Mg",3.6390,"milligramsPerLiter",4.7,,0,"formatChange","GOOD"
"ca4ee581-a577-473b-91d9-b71f26a7f2be","D02","POSE","POSE.AOS.groundwater.well.006","POSE.W6.20180305.FIL",,"2018-03-05T16:40Z","2018-03-05T16:40Z","EcoCore_CSU","Br",0.0050,"milligramsPerLiter",4.7,,0,"formatChange","GOOD"
"08e59ca5-3a56-44bd-9802-0cffa7218926","D02","POSE","POSE.AOS.groundwater.well.006","POSE.W6.20180305.FIL",,"2018-03-05T16:40Z","2018-03-05T16:40Z","EcoCore_CSU","Ca",8.6650,"milligramsPerLiter",4.7,,0,"formatChange","GOOD"
"7f4deab3-8550-43eb-bca1-bf650685d757","D02","POSE","POSE.AOS.groundwater.well.006","POSE.W6.20180305.FIL",,"2018-03-05T16:40Z","2018-03-05T16:40Z","EcoCore_CSU","K",0.1950,"milligramsPerLiter",4.7,,0,"formatChange","GOOD"
"a88928eb-87d1-49de-baa4-1605326d0402","D02","POSE","POSE.AOS.groundwater.well.006","POSE.W6.20180305.PCN",,"2018-03-05T16:40Z","2018-03-05T16:40Z","EcoCore_CSU","TPN",0.1193,"milligram",4.7,,0,"formatChange","GOOD"
"f4ee1245-2560-41bc-a943-c6511846b5a0","D02","POSE","POSE.AOS.groundwater.well.006","POSE.W6.20180305.FIL",,"2018-03-05T16:40Z","2018-03-05T16:40Z","EcoCore_CSU","SO4",9.1800,"milligramsPerLiter",4.7,,0,"formatChange","GOOD"
"b7f5db88-9af9-4110-82c3-3a10642f6355","D02","POSE","POSE.AOS.groundwater.well.006","POSE.W6.20180305.FIL",,"2018-03-05T16:40Z","2018-03-05T16:40Z","EcoCore_CSU","CO3",0.0050,"milligramsPerLiter",4.7,,0,"formatChange","GOOD"
"e2fba2c7-bd44-48c4-885b-ab57ff9084cc","D02","POSE","POSE.AOS.groundwater.well.006","POSE.W6.20180305.RAW",,"2018-03-05T16:40Z","2018-03-05T16:40Z","EcoCore_CSU","ANC",0.9200,"milliequivalentsPerLiter",4.7,,0,"formatChange","GOOD"
"1f0e4f47-4d6a-4dbc-8ded-176f664b9273","D02","POSE","POSE.AOS.groundwater.well.006","POSE.W6.20180305.FIL",,"2018-03-05T16:40Z","2018-03-05T16:40Z","EcoCore_CSU","F",0.0050,"milligramsPerLiter",4.7,,0,"formatChange","GOOD"
"b2522778-f3d1-41d1-bd26-063cf0ab9793","D02","POSE","POSE.AOS.groundwater.well.006","POSE.W6.20180305.FIL",,"2018-03-05T16:40Z","2018-03-05T16:40Z","EcoCore_CSU","TDN",0.3014,"milligramsPerLiter",4.7,,0,"formatChange","GOOD"
"8de55fdc-d95c-477a-838b-12fd6a8be2c9","D02","POSE","POSE.AOS.groundwater.well.006","POSE.W6.20180305.RAW",,"2018-03-05T16:40Z","2018-03-05T16:40Z","EcoCore_CSU","TN",0.4018,"milligramsPerLiter",4.7,,0,"formatChange","GOOD"
"683812dc-726c-4ae1-86a5-7739678ba38d","D02","POSE","POSE.AOS.groundwater.well.008","POSE.W8.20180305.FIL",,"2018-03-05T18:25Z","2018-03-05T18:25Z","EcoCore_CSU","K",0.1780,"milligramsPerLiter",4.7,,0,"formatChange","GOOD"
"2a047a05-a3dd-4a6e-8e2e-2365a126ae36","D02","POSE","POSE.AOS.groundwater.well.008","POSE.W8.20180305.PCN",,"2018-03-05T18:25Z","2018-03-05T18:25Z","EcoCore_CSU","TPC",0.2925,"milligram",4.7,,0,"formatChange","GOOD"
"ad352cfb-6a99-4ad7-bd9b-8fa5d30759f9","D02","POSE","POSE.AOS.groundwater.well.008","POSE.W8.20180305.FIL",,"2018-03-05T18:25Z","2018-03-05T18:25Z","EcoCore_CSU","Mn",0.0280,"milligramsPerLiter",4.7,,0,"formatChange","GOOD"
"7c8c1bef-08cf-4b7d-9fef-d48a684cb59c","D02","POSE","POSE.AOS.groundwater.well.008","POSE.W8.20180305.RAW",,"2018-03-05T18:25Z","2018-03-05T18:25Z","EcoCore_CSU","ANC",1.3100,"milliequivalentsPerLiter",4.7,,0,"formatChange","GOOD"
"9db5849f-b41e-4f4f-82d7-5f78841d4586","D02","POSE","POSE.AOS.groundwater.well.008","POSE.W8.20180305.RAW",,"2018-03-05T18:25Z","2018-03-05T18:25Z","EcoCore_CSU","TSS",44.0000,"milligramsPerLiter",4.7,,0,"formatChange","GOOD"
"b7cf85eb-b9cc-4a2f-afc0-d8a3e58b923e","D02","POSE","POSE.AOS.groundwater.well.008","POSE.W8.20180305.FIL",,"2018-03-05T18:25Z","2018-03-05T18:25Z","EcoCore_CSU","Ortho - P",0.0410,"milligramsPerLiter",4.7,,0,"formatChange","GOOD"
"72a5c698-82ed-46b3-8e48-026b76db3915","D02","POSE","POSE.AOS.groundwater.well.008","POSE.W8.20180305.FIL",,"2018-03-05T18:25Z","2018-03-05T18:25Z","EcoCore_CSU","TDP",0.0005,"milligramsPerLiter",4.7,,0,"formatChange","GOOD"
"ca45675c-e9b7-41af-8436-5e870a07512b","D02","POSE","POSE.AOS.groundwater.well.008","POSE.W8.20180305.FIL",,"2018-03-05T18:25Z","2018-03-05T18:25Z","EcoCore_CSU","Fe",0.0005,"milligramsPerLiter",4.7,,0,"formatChange","GOOD"
"053ab6ee-64cf-4acd-b616-f1938703f555","D02","POSE","POSE.AOS.groundwater.well.008","POSE.W8.20180305.FIL",,"2018-03-05T18:25Z","2018-03-05T18:25Z","EcoCore_CSU","DOC",0.4245,"milligramsPerLiter",4.7,,0,"formatChange","GOOD"
"c9eda1a6-944a-4b83-9d43-173c02470400","D02","POSE","POSE.AOS.groundwater.well.008","POSE.W8.20180305.FIL",,"2018-03-05T18:25Z","2018-03-05T18:25Z","EcoCore_CSU","UV Absorbance (280 nm)",0.0044,,4.7,,0,"formatChange","GOOD"
"a2e0e4d1-de16-4222-a5cb-ce1cc32cefb4","D02","POSE","POSE.AOS.groundwater.well.008","POSE.W8.20180305.RAW",,"2018-03-05T18:25Z","2018-03-05T18:25Z","EcoCore_CSU","conductivity",146.8000,"microsiemensPerCentimeter",4.7,,0,"formatChange","GOOD"
"ae31cf46-5463-4183-af7d-42f291ec0760","D02","POSE","POSE.AOS.groundwater.well.008","POSE.W8.20180305.RAW",,"2018-03-05T18:25Z","2018-03-05T18:25Z","EcoCore_CSU","TN",1.1300,"milligramsPerLiter",4.7,,0,"formatChange","GOOD"
"c14bf4e6-9b8c-412e-a8bd-21e1a0cbfd22","D02","POSE","POSE.AOS.groundwater.well.008","POSE.W8.20180305.FIL",,"2018-03-05T18:25Z","2018-03-05T18:25Z","EcoCore_CSU","TDS",101.2000,"milligramsPerLiter",4.7,,0,"formatChange","GOOD"
"0618788c-e379-4bfb-8ec0-b5b056682405","D02","POSE","POSE.AOS.groundwater.well.008","POSE.W8.20180305.FIL",,"2018-03-05T18:25Z","2018-03-05T18:25Z","EcoCore_CSU","Mg",4.9950,"milligramsPerLiter",4.7,,0,"formatChange","GOOD"
"0255f10a-c753-496e-920a-d94910fb945c","D02","POSE","POSE.AOS.groundwater.well.008","POSE.W8.20180305.RAW",,"2018-03-05T18:25Z","2018-03-05T18:25Z","EcoCore_CSU","TSS - Dry Mass",2200.0000,"microgram",4.7,,0,"formatChange","GOOD"
"85595ffa-d62b-4497-8701-de84bd641b7b","D02","POSE","POSE.AOS.groundwater.well.008","POSE.W8.20180305.FIL",,"2018-03-05T18:25Z","2018-03-05T18:25Z","EcoCore_CSU","DIC",15.5000,"milligramsPerLiter",4.7,,0,"formatChange","GOOD"
"dbd91b7b-f297-4f48-a681-b05af3e4187e","D02","POSE","POSE.AOS.groundwater.well.008","POSE.W8.20180305.FIL",,"2018-03-05T18:25Z","2018-03-05T18:25Z","EcoCore_CSU","NO3+NO2 - N",0.8869,"milligramsPerLiter",4.7,,0,"formatChange","GOOD"
"d80b20d2-7a95-4773-85df-9f1409f24fbb","D02","POSE","POSE.AOS.groundwater.well.008","POSE.W8.20180305.RAW",,"2018-03-05T18:25Z","2018-03-05T18:25Z","EcoCore_CSU","TP",0.0010,"milligramsPerLiter",4.7,,0,"formatChange","GOOD"
"815bdae5-2452-43f4-86dc-04350bd901c0","D02","POSE","POSE.AOS.groundwater.well.008","POSE.W8.20180305.FIL",,"2018-03-05T18:25Z","2018-03-05T18:25Z","EcoCore_CSU","HCO3",73.2500,"milligramsPerLiter",4.7,,0,"formatChange","GOOD"
"cecec4ce-7ab4-467f-b4c8-b81dff855f3f","D02","POSE","POSE.AOS.groundwater.well.008","POSE.W8.20180305.FIL",,"2018-03-05T18:25Z","2018-03-05T18:25Z","EcoCore_CSU","TDN",1.0950,"milligramsPerLiter",4.7,,0,"formatChange","GOOD"
"392f7b64-bdee-430d-bee7-982909da324b","D02","POSE","POSE.AOS.groundwater.well.008","POSE.W8.20180305.FIL",,"2018-03-05T18:25Z","2018-03-05T18:25Z","EcoCore_CSU","Si",13.1400,"milligramsPerLiter",4.7,,0,"formatChange","GOOD"
"25250447-5dea-4e99-ae1f-b93677f46aea","D02","POSE","POSE.AOS.groundwater.well.008","POSE.W8.20180305.FIL",,"2018-03-05T18:25Z","2018-03-05T18:25Z","EcoCore_CSU","Na",6.5090,"milligramsPerLiter",4.7,,0,"formatChange","GOOD"
"bee883ab-c047-4c68-af2d-15fcb8c94993","D02","POSE","POSE.AOS.groundwater.well.008","POSE.W8.20180305.FIL",,"2018-03-05T18:25Z","2018-03-05T18:25Z","EcoCore_CSU","Cl",9.0300,"milligramsPerLiter",4.7,,0,"formatChange","GOOD"
"1c527c31-4269-41cb-838b-3ba2af24f118","D02","POSE","POSE.AOS.groundwater.well.008","POSE.W8.20180305.RAW",,"2018-03-05T18:25Z","2018-03-05T18:25Z","EcoCore_CSU","TOC",1.4120,"milligramsPerLiter",4.7,,0,"formatChange","GOOD"
"47ceae5b-70d8-4516-ad78-3f35bea5bcfb","D02","POSE","POSE.AOS.groundwater.well.008","POSE.W8.20180305.FIL",,"2018-03-05T18:25Z","2018-03-05T18:25Z","EcoCore_CSU","SO4",1.5200,"milligramsPerLiter",4.7,,0,"formatChange","GOOD"
"3f2526a1-de94-4fab-9ec9-54a0b62f9bcb","D02","POSE","POSE.AOS.groundwater.well.008","POSE.W8.20180305.FIL",,"2018-03-05T18:25Z","2018-03-05T18:25Z","EcoCore_CSU","CO3",0.0050,"milligramsPerLiter",4.7,,0,"formatChange","GOOD"
"4a27174f-186a-44af-a983-6fe87ef77faf","D02","POSE","POSE.AOS.groundwater.well.008","POSE.W8.20180305.RAW",,"2018-03-05T18:25Z","2018-03-05T18:25Z","EcoCore_CSU","pH",6.7200,"pH",4.7,,0,"formatChange","GOOD"
"aeac17b1-c789-424d-b84c-aad55d5505ff","D02","POSE","POSE.AOS.groundwater.well.008","POSE.W8.20180305.FIL",,"2018-03-05T18:25Z","2018-03-05T18:25Z","EcoCore_CSU","Br",0.0050,"milligramsPerLiter",4.7,,0,"formatChange","GOOD"
"bae64b10-aa35-443a-b0c4-52986566c20b","D02","POSE","POSE.AOS.groundwater.well.008","POSE.W8.20180305.FIL",,"2018-03-05T18:25Z","2018-03-05T18:25Z","EcoCore_CSU","UV Absorbance (250 nm)",0.0075,,4.7,,0,"formatChange","GOOD"
"7e5298a3-abca-4f7c-a703-b911bfbef825","D02","POSE","POSE.AOS.groundwater.well.008","POSE.W8.20180305.FIL",,"2018-03-05T18:25Z","2018-03-05T18:25Z","EcoCore_CSU","NH4 - N",-0.0076,"milligramsPerLiter",4.7,,0,"formatChange","GOOD"
"3bd63610-b91e-4899-a693-0a022a7402d2","D02","POSE","POSE.AOS.groundwater.well.008","POSE.W8.20180305.FIL",,"2018-03-05T18:25Z","2018-03-05T18:25Z","EcoCore_CSU","Ca",15.4260,"milligramsPerLiter",4.7,,0,"formatChange","GOOD"
"5e5f7406-1c88-44e6-8f8b-1d04891a63ed","D02","POSE","POSE.AOS.groundwater.well.008","POSE.W8.20180305.PCN",,"2018-03-05T18:25Z","2018-03-05T18:25Z","EcoCore_CSU","TPN",0.1181,"milligram",4.7,,0,"formatChange","GOOD"
"8af24a60-985e-4461-895e-9fedd5024e04","D02","POSE","POSE.AOS.groundwater.well.008","POSE.W8.20180305.FIL",,"2018-03-05T18:25Z","2018-03-05T18:25Z","EcoCore_CSU","NO2 - N",0.0158,"milligramsPerLiter",4.7,,0,"formatChange","GOOD"
"c446c038-22e4-4112-b5a9-2e24f7dee458","D02","POSE","POSE.AOS.groundwater.well.008","POSE.W8.20180305.FIL",,"2018-03-05T18:25Z","2018-03-05T18:25Z","EcoCore_CSU","F",0.0050,"milligramsPerLiter",4.7,,0,"formatChange","GOOD"
