uid,domainID,siteID,namedLocation,collectDate,titrationDate,parentSampleID,domainSampleID,remarks,measuredBy,alkMeqPerL,alkMgPerL,ancMeqPerL,ancMgPerL
"929c177f-a70d-4e6c-bbb6-5ff3c97e31aa","D02","POSE","POSE.AOS.groundwater.well.001","2018-03-05T14:23Z","2018-03-05T20:20Z","POSE.W1.20180305","POSE.W1.20180305.ALK",,"Kgeiger@battelleecology.org",0.910,45.300,,
"12226705-6240-440d-a913-d417da9ce4aa","D02","POSE","POSE.AOS.groundwater.well.003","2018-03-05T15:31Z","2018-03-05T20:02Z","POSE.W3.20180305","POSE.W3.20180305.ALK",,"Kgeiger@battelleecology.org",0.570,28.400,,
"3c2a73f2-6876-4dac-8d9c-941f70c81ee4","D02","POSE","POSE.AOS.groundwater.well.006","2018-03-05T16:40Z","2018-03-05T20:38Z","POSE.W6.20180305","POSE.W6.20180305.ALK",,"Kgeiger@battelleecology.org",0.820,41.100,,
"96e33cd4-5b5c-460e-8737-d8476d905ae5","D02","POSE","POSE.AOS.groundwater.well.008","2018-03-05T18:25Z","2018-03-05T20:59Z","POSE.W8.20180305","POSE.W8.20180305.ALK",,"Kgeiger@battelleecology.org",1.120,55.800,,
