uid,domainID,siteID,namedLocation,collectDate,parentSampleID,sampleCondition,sampleID,replicateNumber,gwwDICBubbleFree,gwwFiltSampleHeadspace,gwwAlkSampleHeadspace,gwwAlkSampleBubbleFree,processedDate,processedDateFilters,sampleVolumeFiltered,shipmentTimeRange
"ee1f4df6-e40a-454d-998b-13b6c4d642ee","D02","POSE","POSE.AOS.groundwater.well.001","2018-03-05T14:23Z","POSE.W1.20180305","Sample condition ok","POSE.W1.20180305",1,,,,,"2018-03-05T14:23Z","2018-03-05T14:23Z",51.0,
"94b7b668-d081-4754-861f-fcbe0fe0e082","D02","POSE","POSE.AOS.groundwater.well.003","2018-03-05T15:31Z","POSE.W3.20180305","Sample condition ok","POSE.W3.20180305",1,,,,,"2018-03-05T15:31Z","2018-03-05T15:31Z",30.0,
"ecf8c853-86fc-48a4-a889-38b4c264b9aa","D02","POSE","POSE.AOS.groundwater.well.006","2018-03-05T16:40Z","POSE.W6.20180305","Sample condition ok","POSE.W6.20180305",1,,,,,"2018-03-05T16:40Z","2018-03-05T16:40Z",25.0,
"6025c254-4ebb-4243-b6a2-30ac4e6ad6e5","D02","POSE","POSE.AOS.groundwater.well.008","2018-03-05T18:25Z","POSE.W8.20180305","Sample condition ok","POSE.W8.20180305",1,,,,,"2018-03-05T18:25Z","2018-03-05T18:25Z",78.0,
