uid,domainID,siteID,namedLocation,decimalLatitude,decimalLongitude,coordinateUncertainty,elevation,elevationUncertainty,geodeticDatum,collectDate,aquaticSiteType,samplingImpractical,waterChemSamplesCollected,adequateSampleVol,parentSampleID,eventID,swcSamplingProtocolVersion,sampleExtractionMethod,samplerType,totalWellDepth,wellWaterDepth,waterColumnHeight,sampleDepth,purgeAverageDischargeRate,purgeTime,gwWellStabilized,purgeDryDateTime,pumpPlacementDate,screenedIntervalDepth,maxAllowableDrawdown,actualDrawdown,MADExceeded,wellVolumePurged,probeIDUnavailable,dissolvedOxygen,dissolvedOxygenSaturation,specificConductance,waterTemp,pH,waterClarityDescrip,waterColorDescrip,aCollectedBy,bCollectedBy,remarks
"c18fecc8-6e9e-4f97-9ca7-f26858329437","D06","MCDI","MCDI.AOS.groundwater.well.003",38.947200,-96.443699,0.1,379.7,0.1,"WGS84","2018-06-28T14:42Z","stream",,,,"MCDI.W3.20180628","MCDI.20180628","NEON.DOC.002905vE","low-flow","Groundwater Pump",10.1,7.7,2.4,8.7,,,,,,,,,,2.5,,2.82,30.80,624.00,17.30,,"cloudy","brown","egawanda@battelleecology.org","jkukulski@battelleecology.org",
"8cac94e1-51d8-4a34-9ae7-c56d3ebad2bd","D06","MCDI","MCDI.AOS.groundwater.well.006",38.946384,-96.442827,0.1,377.9,0.1,"WGS84","2018-06-28T16:11Z","stream",,,,"MCDI.W6.20180628","MCDI.20180628","NEON.DOC.002905vE","low-flow","Groundwater Pump",8.1,6.4,1.7,7.4,,,,,,,,,,8.2,,0.87,9.30,663.00,15.90,,"clear","colorless","jkukulski@battelleecology.org","egawanda@battelleecology.org",
"1de3b245-3a26-4216-ab76-c53328a5ddf8","D06","MCDI","MCDI.AOS.groundwater.well.005",38.946577,-96.443425,0.1,377.2,0.1,"WGS84","2018-06-28T17:29Z","stream",,,,"MCDI.W5.20180628","MCDI.20180628","NEON.DOC.002905vE","low-flow","Groundwater Pump",7.0,5.4,1.6,6.4,,,,,,,,,,14.9,,1.48,16.22,601.00,17.30,,"cloudy","brown","jkukulski@battelleecology.org","egawanda@battelleecology.org","Discharg 240 ml per minute and we purged 8 L not what app said we purged"
"a7b0a062-0957-4d26-aae5-ab1723bee804","D06","MCDI","MCDI.AOS.groundwater.well.004",38.946864,-96.444102,0.1,377.4,0.1,"WGS84","2018-06-28T18:25Z","stream",,,,"MCDI.W4.20180628","MCDI.20180628","NEON.DOC.002905vE","low-flow","Groundwater Pump",8.1,5.3,2.8,6.3,,,,,,,,,,14.7,,0.84,9.20,921.00,17.40,,"clear","colorless","jkukulski@battelleecology.org","egawanda@battelleecology.org","250 ml per minute discharge rate 10 L purged not what app calculated"
