uid,domainID,siteID,namedLocation,sampleID,sampleCode,startDate,collectDate,laboratoryName,analyte,analyteConcentration,analyteUnits,coolerTemp,remarks,shipmentWarmQF,externalLabDataQF,sampleCondition
"f3af69ff-ca35-4e5d-bb09-5365a84e502a","D06","MCDI","MCDI.AOS.groundwater.well.003","MCDI.W3.20180628.FIL","A00000009822","2018-06-28T14:42Z","2018-06-28T14:42Z","EcoCore_CSU","CO3",0.0050,"milligramsPerLiter",0.0,,0,"formatChange","GOOD"
"ee359276-41b1-45fd-908c-a3252d97d6c8","D06","MCDI","MCDI.AOS.groundwater.well.003","MCDI.W3.20180628.RAW","A00000009821","2018-06-28T14:42Z","2018-06-28T14:42Z","EcoCore_CSU","ANC",4.6900,"milliequivalentsPerLiter",0.0,,0,"formatChange","GOOD"
"49c4bc44-6c81-4738-8fda-c4a82bad641a","D06","MCDI","MCDI.AOS.groundwater.well.003","MCDI.W3.20180628.FIL","A00000009822","2018-06-28T14:42Z","2018-06-28T14:42Z","EcoCore_CSU","UV Absorbance (250 nm)",0.0444,,0.0,,0,"formatChange","GOOD"
"d789d7d7-bf7d-4977-99cc-b961bc1bd549","D06","MCDI","MCDI.AOS.groundwater.well.003","MCDI.W3.20180628.FIL","A00000009822","2018-06-28T14:42Z","2018-06-28T14:42Z","EcoCore_CSU","K",1.8860,"milligramsPerLiter",0.0,,0,"formatChange","GOOD"
"7f0b16b8-d1ac-448c-82a5-0ea3cc12705c","D06","MCDI","MCDI.AOS.groundwater.well.003","MCDI.W3.20180628.FIL","A00000009822","2018-06-28T14:42Z","2018-06-28T14:42Z","EcoCore_CSU","HCO3",276.1200,"milligramsPerLiter",0.0,,0,"formatChange","GOOD"
"8c0297d3-1dc0-4767-ae77-8fe78371fa91","D06","MCDI","MCDI.AOS.groundwater.well.003","MCDI.W3.20180628.FIL","A00000009822","2018-06-28T14:42Z","2018-06-28T14:42Z","EcoCore_CSU","Ca",53.4827,"milligramsPerLiter",0.0,,0,"formatChange","GOOD"
"0aa3b97a-9f26-413f-9045-30eeb7c0c665","D06","MCDI","MCDI.AOS.groundwater.well.003","MCDI.W3.20180628.FIL","A00000009822","2018-06-28T14:42Z","2018-06-28T14:42Z","EcoCore_CSU","Ortho - P",0.0130,"milligramsPerLiter",0.0,,0,"formatChange","GOOD"
"c9d1669c-0cd1-4075-b634-dd9e3fdf7d96","D06","MCDI","MCDI.AOS.groundwater.well.003","MCDI.W3.20180628.FIL","A00000009822","2018-06-28T14:42Z","2018-06-28T14:42Z","EcoCore_CSU","NO2 - N",0.0155,"milligramsPerLiter",0.0,,0,"formatChange","GOOD"
"f5efae09-feab-48a5-b255-a7a8e56044b3","D06","MCDI","MCDI.AOS.groundwater.well.003","MCDI.W3.20180628.FIL","A00000009822","2018-06-28T14:42Z","2018-06-28T14:42Z","EcoCore_CSU","Na",11.8400,"milligramsPerLiter",0.0,,0,"formatChange","GOOD"
"3c725820-81b5-4324-aeec-e079bf9ba5cc","D06","MCDI","MCDI.AOS.groundwater.well.003","MCDI.W3.20180628.FIL","A00000009822","2018-06-28T14:42Z","2018-06-28T14:42Z","EcoCore_CSU","Mg",18.5000,"milligramsPerLiter",0.0,,0,"formatChange","GOOD"
"bc92b205-8db5-45e0-b333-30a96ca5379d","D06","MCDI","MCDI.AOS.groundwater.well.003","MCDI.W3.20180628.RAW","A00000009821","2018-06-28T14:42Z","2018-06-28T14:42Z","EcoCore_CSU","TOC",1.8800,"milligramsPerLiter",0.0,,0,"formatChange","GOOD"
"b451f629-22ed-4d77-9399-6baf9c3aa872","D06","MCDI","MCDI.AOS.groundwater.well.003","MCDI.W3.20180628.FIL","A00000009822","2018-06-28T14:42Z","2018-06-28T14:42Z","EcoCore_CSU","TDS",334.7050,"milligramsPerLiter",0.0,,0,"formatChange","GOOD"
"cf78d706-d459-4846-8d55-45ed0de85160","D06","MCDI","MCDI.AOS.groundwater.well.003","MCDI.W3.20180628.FIL","A00000009822","2018-06-28T14:42Z","2018-06-28T14:42Z","EcoCore_CSU","Fe",0.0005,"milligramsPerLiter",0.0,,0,"formatChange","GOOD"
"ee57d6b5-5f36-40a0-89b0-d8eeb9d4b590","D06","MCDI","MCDI.AOS.groundwater.well.003","MCDI.W3.20180628.RAW","A00000009821","2018-06-28T14:42Z","2018-06-28T14:42Z","EcoCore_CSU","TSS - Dry Mass",210700.0000,"microgram",0.0,,0,"formatChange","GOOD"
"892c0094-346c-4070-97ab-f490bfb73724","D06","MCDI","MCDI.AOS.groundwater.well.003","MCDI.W3.20180628.PCN","A00000009823","2018-06-28T14:42Z","2018-06-28T14:42Z","EcoCore_CSU","TPN",0.0002,"milligram",0.0,,0,"formatChange","GOOD"
"2077f713-f3b6-4f84-98f7-f4f71337a59e","D06","MCDI","MCDI.AOS.groundwater.well.003","MCDI.W3.20180628.FIL","A00000009822","2018-06-28T14:42Z","2018-06-28T14:42Z","EcoCore_CSU","DOC",0.9534,"milligramsPerLiter",0.0,,0,"formatChange","GOOD"
"61b12f7a-5f61-4732-bada-0e508395b494","D06","MCDI","MCDI.AOS.groundwater.well.003","MCDI.W3.20180628.PCN","A00000009823","2018-06-28T14:42Z","2018-06-28T14:42Z","EcoCore_CSU","TPC",0.4237,"milligram",0.0,,0,"formatChange","GOOD"
"58594415-fdf4-458e-af51-09f03e2be4b9","D06","MCDI","MCDI.AOS.groundwater.well.003","MCDI.W3.20180628.RAW","A00000009821","2018-06-28T14:42Z","2018-06-28T14:42Z","EcoCore_CSU","TSS",4214.0000,"milligramsPerLiter",0.0,,0,"formatChange","GOOD"
"5a5d6d0a-585d-4a40-a6a5-aa60723c6bf7","D06","MCDI","MCDI.AOS.groundwater.well.003","MCDI.W3.20180628.FIL","A00000009822","2018-06-28T14:42Z","2018-06-28T14:42Z","EcoCore_CSU","UV Absorbance (280 nm)",0.0362,,0.0,,0,"formatChange","GOOD"
"62fbe1a5-4928-4d21-9c08-c430e71bbcbb","D06","MCDI","MCDI.AOS.groundwater.well.003","MCDI.W3.20180628.FIL","A00000009822","2018-06-28T14:42Z","2018-06-28T14:42Z","EcoCore_CSU","NO3+NO2 - N",0.0617,"milligramsPerLiter",0.0,,0,"formatChange","GOOD"
"387cf404-3861-4f76-915f-a0aa1eb0cc6d","D06","MCDI","MCDI.AOS.groundwater.well.003","MCDI.W3.20180628.FIL","A00000009822","2018-06-28T14:42Z","2018-06-28T14:42Z","EcoCore_CSU","TDP",0.0196,"milligramsPerLiter",0.0,,0,"formatChange","GOOD"
"512e232b-a965-4aae-bb31-74d91552b8c4","D06","MCDI","MCDI.AOS.groundwater.well.003","MCDI.W3.20180628.FIL","A00000009822","2018-06-28T14:42Z","2018-06-28T14:42Z","EcoCore_CSU","Si",6.6015,"milligramsPerLiter",0.0,,0,"formatChange","GOOD"
"b06b4058-5ac0-4171-bb4c-d5d5fbbd9985","D06","MCDI","MCDI.AOS.groundwater.well.003","MCDI.W3.20180628.FIL","A00000009822","2018-06-28T14:42Z","2018-06-28T14:42Z","EcoCore_CSU","DIC",65.0400,"milligramsPerLiter",0.0,,0,"formatChange","GOOD"
"6ecc2f34-7418-4f75-bd94-edde496c4159","D06","MCDI","MCDI.AOS.groundwater.well.003","MCDI.W3.20180628.FIL","A00000009822","2018-06-28T14:42Z","2018-06-28T14:42Z","EcoCore_CSU","NH4 - N",0.0263,"milligramsPerLiter",0.0,,0,"formatChange","GOOD"
"ce227197-2a34-43cb-8c0d-5daaea1eb40e","D06","MCDI","MCDI.AOS.groundwater.well.003","MCDI.W3.20180628.FIL","A00000009822","2018-06-28T14:42Z","2018-06-28T14:42Z","EcoCore_CSU","SO4",0.6100,"milligramsPerLiter",0.0,,0,"formatChange","GOOD"
"5e4c8aa6-4428-4ae5-a1fd-1cd4ddadef3b","D06","MCDI","MCDI.AOS.groundwater.well.003","MCDI.W3.20180628.FIL","A00000009822","2018-06-28T14:42Z","2018-06-28T14:42Z","EcoCore_CSU","Br",0.0050,"milligramsPerLiter",0.0,,0,"formatChange","GOOD"
"20fe4cac-9ac5-478c-b40a-643ed69beb2b","D06","MCDI","MCDI.AOS.groundwater.well.003","MCDI.W3.20180628.FIL","A00000009822","2018-06-28T14:42Z","2018-06-28T14:42Z","EcoCore_CSU","F",0.0050,"milligramsPerLiter",0.0,,0,"formatChange","GOOD"
"28e01da0-5403-42c2-9c1f-1ab21c864567","D06","MCDI","MCDI.AOS.groundwater.well.003","MCDI.W3.20180628.FIL","A00000009822","2018-06-28T14:42Z","2018-06-28T14:42Z","EcoCore_CSU","Cl",9.1175,"milligramsPerLiter",0.0,,0,"formatChange","GOOD"
"13c1b012-3601-46ba-a7f1-0bc167b61161","D06","MCDI","MCDI.AOS.groundwater.well.003","MCDI.W3.20180628.RAW","A00000009821","2018-06-28T14:42Z","2018-06-28T14:42Z","EcoCore_CSU","conductivity",478.1500,"microsiemensPerCentimeter",0.0,,0,"formatChange","GOOD"
"da000f50-a99a-4661-b0e6-71c23b09a6a7","D06","MCDI","MCDI.AOS.groundwater.well.003","MCDI.W3.20180628.RAW","A00000009821","2018-06-28T14:42Z","2018-06-28T14:42Z","EcoCore_CSU","TN",0.3368,"milligramsPerLiter",0.0,,0,"formatChange","GOOD"
"5d46726f-c476-4852-bbaa-0e71e77359e3","D06","MCDI","MCDI.AOS.groundwater.well.003","MCDI.W3.20180628.RAW","A00000009821","2018-06-28T14:42Z","2018-06-28T14:42Z","EcoCore_CSU","pH",7.5100,"pH",0.0,,0,"formatChange","GOOD"
"e5b43575-4a36-4824-a24c-473b1feb3cfb","D06","MCDI","MCDI.AOS.groundwater.well.003","MCDI.W3.20180628.FIL","A00000009822","2018-06-28T14:42Z","2018-06-28T14:42Z","EcoCore_CSU","TDN",0.2385,"milligramsPerLiter",0.0,,0,"formatChange","GOOD"
"31e8d881-77f9-4a63-8390-020e960ea353","D06","MCDI","MCDI.AOS.groundwater.well.003","MCDI.W3.20180628.FIL","A00000009822","2018-06-28T14:42Z","2018-06-28T14:42Z","EcoCore_CSU","Mn",0.0005,"milligramsPerLiter",0.0,,0,"formatChange","GOOD"
"8f4edbd5-ca15-4553-bce8-cd097d167489","D06","MCDI","MCDI.AOS.groundwater.well.003","MCDI.W3.20180628.RAW","A00000009821","2018-06-28T14:42Z","2018-06-28T14:42Z","EcoCore_CSU","TP",0.0422,"milligramsPerLiter",0.0,,0,"formatChange","GOOD"
"28fc3e2f-7ea6-4434-8fc8-d7327ca016f7","D06","MCDI","MCDI.AOS.groundwater.well.006","MCDI.W6.20180628.FIL","A00000009825","2018-06-28T16:11Z","2018-06-28T16:11Z","EcoCore_CSU","Br",0.0050,"milligramsPerLiter",0.0,,0,"formatChange","GOOD"
"0911ed84-3ff4-4b88-8b5a-db01ae318b15","D06","MCDI","MCDI.AOS.groundwater.well.006","MCDI.W6.20180628.FIL","A00000009825","2018-06-28T16:11Z","2018-06-28T16:11Z","EcoCore_CSU","DIC",77.5400,"milligramsPerLiter",0.0,,0,"formatChange","GOOD"
"6b297da8-3f80-41fd-95a7-3efd36886dd0","D06","MCDI","MCDI.AOS.groundwater.well.006","MCDI.W6.20180628.FIL","A00000009825","2018-06-28T16:11Z","2018-06-28T16:11Z","EcoCore_CSU","Si",7.4161,"milligramsPerLiter",0.0,,0,"formatChange","GOOD"
"7228d018-a9e4-418d-bec1-82a6979be3cb","D06","MCDI","MCDI.AOS.groundwater.well.006","MCDI.W6.20180628.RAW","A00000009824","2018-06-28T16:11Z","2018-06-28T16:11Z","EcoCore_CSU","TSS",62.0000,"milligramsPerLiter",0.0,,0,"formatChange","GOOD"
"47f2b790-98c4-4ced-be1f-75b86cac758f","D06","MCDI","MCDI.AOS.groundwater.well.006","MCDI.W6.20180628.FIL","A00000009825","2018-06-28T16:11Z","2018-06-28T16:11Z","EcoCore_CSU","DOC",0.9297,"milligramsPerLiter",0.0,,0,"formatChange","GOOD"
"66b48f90-96db-4532-89dd-c93519eebbdc","D06","MCDI","MCDI.AOS.groundwater.well.006","MCDI.W6.20180628.FIL","A00000009825","2018-06-28T16:11Z","2018-06-28T16:11Z","EcoCore_CSU","Mn",0.0005,"milligramsPerLiter",0.0,,0,"formatChange","GOOD"
"02632c8d-c570-4434-8c3d-664b7ccaefdc","D06","MCDI","MCDI.AOS.groundwater.well.006","MCDI.W6.20180628.FIL","A00000009825","2018-06-28T16:11Z","2018-06-28T16:11Z","EcoCore_CSU","Na",9.6890,"milligramsPerLiter",0.0,,0,"formatChange","GOOD"
"8af8a501-06f7-475c-be80-ef2076557545","D06","MCDI","MCDI.AOS.groundwater.well.006","MCDI.W6.20180628.FIL","A00000009825","2018-06-28T16:11Z","2018-06-28T16:11Z","EcoCore_CSU","NO3+NO2 - N",0.7278,"milligramsPerLiter",0.0,,0,"formatChange","GOOD"
"29b826dc-08e7-45cc-a828-35c3cada7d83","D06","MCDI","MCDI.AOS.groundwater.well.006","MCDI.W6.20180628.FIL","A00000009825","2018-06-28T16:11Z","2018-06-28T16:11Z","EcoCore_CSU","Fe",0.0005,"milligramsPerLiter",0.0,,0,"formatChange","GOOD"
"7630c87f-9da4-414c-aeca-db0523a2699d","D06","MCDI","MCDI.AOS.groundwater.well.006","MCDI.W6.20180628.RAW","A00000009824","2018-06-28T16:11Z","2018-06-28T16:11Z","EcoCore_CSU","TOC",0.8232,"milligramsPerLiter",0.0,,0,"formatChange","GOOD"
"5ca7eb3b-b5d3-45e6-a4ee-42bad5686e52","D06","MCDI","MCDI.AOS.groundwater.well.006","MCDI.W6.20180628.RAW","A00000009824","2018-06-28T16:11Z","2018-06-28T16:11Z","EcoCore_CSU","TN",0.8593,"milligramsPerLiter",0.0,,0,"formatChange","GOOD"
"185d5d08-dd81-4554-873e-c6c1cb8ef414","D06","MCDI","MCDI.AOS.groundwater.well.006","MCDI.W6.20180628.FIL","A00000009825","2018-06-28T16:11Z","2018-06-28T16:11Z","EcoCore_CSU","Cl",5.8456,"milligramsPerLiter",0.0,,0,"formatChange","GOOD"
"88efbfd4-0cf5-4f1d-b146-b8b3654ef84d","D06","MCDI","MCDI.AOS.groundwater.well.006","MCDI.W6.20180628.PCN","A00000009826","2018-06-28T16:11Z","2018-06-28T16:11Z","EcoCore_CSU","TPN",0.0519,"milligram",0.0,,0,"formatChange","GOOD"
"f322fc30-5360-406a-8d25-1363a290418c","D06","MCDI","MCDI.AOS.groundwater.well.006","MCDI.W6.20180628.RAW","A00000009824","2018-06-28T16:11Z","2018-06-28T16:11Z","EcoCore_CSU","TP",0.0062,"milligramsPerLiter",0.0,,0,"formatChange","GOOD"
"6cc4806b-1835-44e8-b57c-8c76008c0c6d","D06","MCDI","MCDI.AOS.groundwater.well.006","MCDI.W6.20180628.FIL","A00000009825","2018-06-28T16:11Z","2018-06-28T16:11Z","EcoCore_CSU","HCO3",377.1400,"milligramsPerLiter",0.0,,0,"formatChange","GOOD"
"771e43fb-2938-4c73-8585-09a9717588ba","D06","MCDI","MCDI.AOS.groundwater.well.006","MCDI.W6.20180628.FIL","A00000009825","2018-06-28T16:11Z","2018-06-28T16:11Z","EcoCore_CSU","CO3",0.0050,"milligramsPerLiter",0.0,,0,"formatChange","GOOD"
"4c571160-ae82-4a2f-a9a0-a1c81a8345b2","D06","MCDI","MCDI.AOS.groundwater.well.006","MCDI.W6.20180628.RAW","A00000009824","2018-06-28T16:11Z","2018-06-28T16:11Z","EcoCore_CSU","ANC",6.5600,"milliequivalentsPerLiter",0.0,,0,"formatChange","GOOD"
"b98a0ff3-8256-459a-8544-18b4225b9b59","D06","MCDI","MCDI.AOS.groundwater.well.006","MCDI.W6.20180628.FIL","A00000009825","2018-06-28T16:11Z","2018-06-28T16:11Z","EcoCore_CSU","K",1.1560,"milligramsPerLiter",0.0,,0,"formatChange","GOOD"
"d039e4b5-ae4a-4312-b241-bcf8c60c4c3b","D06","MCDI","MCDI.AOS.groundwater.well.006","MCDI.W6.20180628.FIL","A00000009825","2018-06-28T16:11Z","2018-06-28T16:11Z","EcoCore_CSU","TDS",444.8780,"milligramsPerLiter",0.0,,0,"formatChange","GOOD"
"256699fe-34d5-46e0-b2cb-64ca2413b112","D06","MCDI","MCDI.AOS.groundwater.well.006","MCDI.W6.20180628.RAW","A00000009824","2018-06-28T16:11Z","2018-06-28T16:11Z","EcoCore_CSU","TSS - Dry Mass",3100.0000,"microgram",0.0,,0,"formatChange","GOOD"
"b802fa69-be0d-40fe-8d21-9ed67d600db8","D06","MCDI","MCDI.AOS.groundwater.well.006","MCDI.W6.20180628.RAW","A00000009824","2018-06-28T16:11Z","2018-06-28T16:11Z","EcoCore_CSU","pH",7.4500,"pH",0.0,,0,"formatChange","GOOD"
"c8ea5cb3-34dc-4302-9a5c-fff937206ad2","D06","MCDI","MCDI.AOS.groundwater.well.006","MCDI.W6.20180628.FIL","A00000009825","2018-06-28T16:11Z","2018-06-28T16:11Z","EcoCore_CSU","NH4 - N",0.0071,"milligramsPerLiter",0.0,,0,"formatChange","GOOD"
"6cde0153-6471-4ec2-b1fe-6befb4374489","D06","MCDI","MCDI.AOS.groundwater.well.006","MCDI.W6.20180628.FIL","A00000009825","2018-06-28T16:11Z","2018-06-28T16:11Z","EcoCore_CSU","Mg",19.2500,"milligramsPerLiter",0.0,,0,"formatChange","GOOD"
"1da0cd68-2b0c-4548-b7e5-50d9f767c6a2","D06","MCDI","MCDI.AOS.groundwater.well.006","MCDI.W6.20180628.FIL","A00000009825","2018-06-28T16:11Z","2018-06-28T16:11Z","EcoCore_CSU","Ortho - P",0.0160,"milligramsPerLiter",0.0,,0,"formatChange","GOOD"
"fef9ee82-9c5a-437b-80be-55f1aecd078e","D06","MCDI","MCDI.AOS.groundwater.well.006","MCDI.W6.20180628.FIL","A00000009825","2018-06-28T16:11Z","2018-06-28T16:11Z","EcoCore_CSU","TDP",0.0445,"milligramsPerLiter",0.0,,0,"formatChange","GOOD"
"7ccd600d-edd5-4cad-9f71-c8092d5c133c","D06","MCDI","MCDI.AOS.groundwater.well.006","MCDI.W6.20180628.FIL","A00000009825","2018-06-28T16:11Z","2018-06-28T16:11Z","EcoCore_CSU","F",0.0050,"milligramsPerLiter",0.0,,0,"formatChange","GOOD"
"fcbdf972-16ba-48eb-a638-150638c04bdd","D06","MCDI","MCDI.AOS.groundwater.well.006","MCDI.W6.20180628.FIL","A00000009825","2018-06-28T16:11Z","2018-06-28T16:11Z","EcoCore_CSU","NO2 - N",0.0218,"milligramsPerLiter",0.0,,0,"formatChange","GOOD"
"038eb257-c922-4591-ac98-d3f1c8609450","D06","MCDI","MCDI.AOS.groundwater.well.006","MCDI.W6.20180628.FIL","A00000009825","2018-06-28T16:11Z","2018-06-28T16:11Z","EcoCore_CSU","UV Absorbance (250 nm)",0.0105,,0.0,,0,"formatChange","GOOD"
"2cb3aaca-2cf5-4b02-81ff-9073b7e485ec","D06","MCDI","MCDI.AOS.groundwater.well.006","MCDI.W6.20180628.RAW","A00000009824","2018-06-28T16:11Z","2018-06-28T16:11Z","EcoCore_CSU","conductivity",635.5400,"microsiemensPerCentimeter",0.0,,0,"formatChange","GOOD"
"cf8a466c-d813-4fba-85f0-2bb9974ad049","D06","MCDI","MCDI.AOS.groundwater.well.006","MCDI.W6.20180628.FIL","A00000009825","2018-06-28T16:11Z","2018-06-28T16:11Z","EcoCore_CSU","SO4",0.2800,"milligramsPerLiter",0.0,,0,"formatChange","GOOD"
"714752b1-702e-4090-9619-500f26fa596d","D06","MCDI","MCDI.AOS.groundwater.well.006","MCDI.W6.20180628.FIL","A00000009825","2018-06-28T16:11Z","2018-06-28T16:11Z","EcoCore_CSU","TDN",0.8853,"milligramsPerLiter",0.0,,0,"formatChange","GOOD"
"8e1fff14-da9e-413b-ba67-9bcd2d016af1","D06","MCDI","MCDI.AOS.groundwater.well.006","MCDI.W6.20180628.FIL","A00000009825","2018-06-28T16:11Z","2018-06-28T16:11Z","EcoCore_CSU","UV Absorbance (280 nm)",0.0083,,0.0,,0,"formatChange","GOOD"
"18f39da8-ce85-4a82-b620-4d64fd1a4e9a","D06","MCDI","MCDI.AOS.groundwater.well.006","MCDI.W6.20180628.PCN","A00000009826","2018-06-28T16:11Z","2018-06-28T16:11Z","EcoCore_CSU","TPC",0.5695,"milligram",0.0,,0,"formatChange","GOOD"
"bfa84de6-0c14-4a46-bb70-bdfd55f06f56","D06","MCDI","MCDI.AOS.groundwater.well.006","MCDI.W6.20180628.FIL","A00000009825","2018-06-28T16:11Z","2018-06-28T16:11Z","EcoCore_CSU","Ca",85.6656,"milligramsPerLiter",0.0,,0,"formatChange","GOOD"
"886e1537-4d12-4787-acbc-2c12001273bd","D06","MCDI","MCDI.AOS.groundwater.well.005","MCDI.W5.20180628.PCN","A00000009830","2018-06-28T17:29Z","2018-06-28T17:29Z","EcoCore_CSU","TPC",0.4764,"milligram",-0.3,,0,"formatChange","GOOD"
"c11b4063-a0fb-4dbb-bc1e-38e2daf3e6cb","D06","MCDI","MCDI.AOS.groundwater.well.005","MCDI.W5.20180628.FIL","A00000009829","2018-06-28T17:29Z","2018-06-28T17:29Z","EcoCore_CSU","DOC",0.8980,"milligramsPerLiter",-0.3,,0,"formatChange","GOOD"
"e5fb2d90-ce20-4177-bead-14c53228e334","D06","MCDI","MCDI.AOS.groundwater.well.005","MCDI.W5.20180628.FIL","A00000009829","2018-06-28T17:29Z","2018-06-28T17:29Z","EcoCore_CSU","Ca",47.3988,"milligramsPerLiter",-0.3,,0,"formatChange","GOOD"
"a553c4a9-d99f-4763-b08d-2594038bd81b","D06","MCDI","MCDI.AOS.groundwater.well.005","MCDI.W5.20180628.RAW","A00000009828","2018-06-28T17:29Z","2018-06-28T17:29Z","EcoCore_CSU","TN",0.5621,"milligramsPerLiter",-0.3,,0,"formatChange","GOOD"
"2c6e7f82-6724-4444-a933-c11166b167a5","D06","MCDI","MCDI.AOS.groundwater.well.005","MCDI.W5.20180628.FIL","A00000009829","2018-06-28T17:29Z","2018-06-28T17:29Z","EcoCore_CSU","Ortho - P",0.0160,"milligramsPerLiter",-0.3,,0,"formatChange","GOOD"
"bf830990-059a-4fc9-96d1-e2e92e16f025","D06","MCDI","MCDI.AOS.groundwater.well.005","MCDI.W5.20180628.FIL","A00000009829","2018-06-28T17:29Z","2018-06-28T17:29Z","EcoCore_CSU","K",1.3300,"milligramsPerLiter",-0.3,,0,"formatChange","GOOD"
"c1e0db66-2c3e-4d33-bbfe-5ff417831b7a","D06","MCDI","MCDI.AOS.groundwater.well.005","MCDI.W5.20180628.FIL","A00000009829","2018-06-28T17:29Z","2018-06-28T17:29Z","EcoCore_CSU","SO4",0.1700,"milligramsPerLiter",-0.3,,0,"formatChange","GOOD"
"6ba0cef9-3fdb-4cd3-b003-a15d03315cce","D06","MCDI","MCDI.AOS.groundwater.well.005","MCDI.W5.20180628.FIL","A00000009829","2018-06-28T17:29Z","2018-06-28T17:29Z","EcoCore_CSU","UV Absorbance (250 nm)",0.0112,,-0.3,,0,"formatChange","GOOD"
"8414279a-98d9-45ef-95b2-3afe39c888c7","D06","MCDI","MCDI.AOS.groundwater.well.005","MCDI.W5.20180628.FIL","A00000009829","2018-06-28T17:29Z","2018-06-28T17:29Z","EcoCore_CSU","DIC",64.5400,"milligramsPerLiter",-0.3,,0,"formatChange","GOOD"
"20bf2172-3e3c-4ea9-af58-b0ff2ab21512","D06","MCDI","MCDI.AOS.groundwater.well.005","MCDI.W5.20180628.FIL","A00000009829","2018-06-28T17:29Z","2018-06-28T17:29Z","EcoCore_CSU","NO2 - N",0.0122,"milligramsPerLiter",-0.3,,0,"formatChange","GOOD"
"f5366862-baf7-477e-a8a8-d761f8ef9b52","D06","MCDI","MCDI.AOS.groundwater.well.005","MCDI.W5.20180628.FIL","A00000009829","2018-06-28T17:29Z","2018-06-28T17:29Z","EcoCore_CSU","TDP",0.0005,"milligramsPerLiter",-0.3,,0,"formatChange","GOOD"
"f96a4224-5e34-4be6-99b3-2064db4b3d9c","D06","MCDI","MCDI.AOS.groundwater.well.005","MCDI.W5.20180628.RAW","A00000009828","2018-06-28T17:29Z","2018-06-28T17:29Z","EcoCore_CSU","conductivity",452.6900,"microsiemensPerCentimeter",-0.3,,0,"formatChange","GOOD"
"79d8e33a-8992-4d1d-8e82-c7ba7bb04d38","D06","MCDI","MCDI.AOS.groundwater.well.005","MCDI.W5.20180628.FIL","A00000009829","2018-06-28T17:29Z","2018-06-28T17:29Z","EcoCore_CSU","Si",7.3503,"milligramsPerLiter",-0.3,,0,"formatChange","GOOD"
"0028a378-1f57-4344-899f-cbdf22576752","D06","MCDI","MCDI.AOS.groundwater.well.005","MCDI.W5.20180628.FIL","A00000009829","2018-06-28T17:29Z","2018-06-28T17:29Z","EcoCore_CSU","NO3+NO2 - N",0.4304,"milligramsPerLiter",-0.3,,0,"formatChange","GOOD"
"102e80de-c644-44c1-85e2-71cd01d6220d","D06","MCDI","MCDI.AOS.groundwater.well.005","MCDI.W5.20180628.FIL","A00000009829","2018-06-28T17:29Z","2018-06-28T17:29Z","EcoCore_CSU","NH4 - N",0.0149,"milligramsPerLiter",-0.3,,0,"formatChange","GOOD"
"45036fb1-8c83-4452-af81-95e639e389f9","D06","MCDI","MCDI.AOS.groundwater.well.005","MCDI.W5.20180628.RAW","A00000009828","2018-06-28T17:29Z","2018-06-28T17:29Z","EcoCore_CSU","ANC",4.7100,"milliequivalentsPerLiter",-0.3,,0,"formatChange","GOOD"
"a3fa057a-3cca-4450-b5c0-291b2ef7bc90","D06","MCDI","MCDI.AOS.groundwater.well.005","MCDI.W5.20180628.FIL","A00000009829","2018-06-28T17:29Z","2018-06-28T17:29Z","EcoCore_CSU","Cl",8.8145,"milligramsPerLiter",-0.3,,0,"formatChange","GOOD"
"7b8a301b-516e-4863-acde-6a4821078d25","D06","MCDI","MCDI.AOS.groundwater.well.005","MCDI.W5.20180628.FIL","A00000009829","2018-06-28T17:29Z","2018-06-28T17:29Z","EcoCore_CSU","TDN",0.5890,"milligramsPerLiter",-0.3,,0,"formatChange","GOOD"
"7be3debf-d3a7-4de4-9174-2b55813948ca","D06","MCDI","MCDI.AOS.groundwater.well.005","MCDI.W5.20180628.FIL","A00000009829","2018-06-28T17:29Z","2018-06-28T17:29Z","EcoCore_CSU","CO3",0.0050,"milligramsPerLiter",-0.3,,0,"formatChange","GOOD"
"b6deecc9-5c16-497d-a953-f743bb8653d8","D06","MCDI","MCDI.AOS.groundwater.well.005","MCDI.W5.20180628.RAW","A00000009828","2018-06-28T17:29Z","2018-06-28T17:29Z","EcoCore_CSU","pH",7.7000,"pH",-0.3,,0,"formatChange","GOOD"
"21b20024-8d25-4c0c-ad66-67d160a78f57","D06","MCDI","MCDI.AOS.groundwater.well.005","MCDI.W5.20180628.FIL","A00000009829","2018-06-28T17:29Z","2018-06-28T17:29Z","EcoCore_CSU","Mg",18.9600,"milligramsPerLiter",-0.3,,0,"formatChange","GOOD"
"07d74b98-c65e-4eca-b327-a26344a1efac","D06","MCDI","MCDI.AOS.groundwater.well.005","MCDI.W5.20180628.FIL","A00000009829","2018-06-28T17:29Z","2018-06-28T17:29Z","EcoCore_CSU","Br",0.0050,"milligramsPerLiter",-0.3,,0,"formatChange","GOOD"
"f0b41fa6-0f18-471b-9217-d9fa5f6302bc","D06","MCDI","MCDI.AOS.groundwater.well.005","MCDI.W5.20180628.FIL","A00000009829","2018-06-28T17:29Z","2018-06-28T17:29Z","EcoCore_CSU","Mn",0.0005,"milligramsPerLiter",-0.3,,0,"formatChange","GOOD"
"16c69f40-1360-42ba-a4af-e939b17d38fb","D06","MCDI","MCDI.AOS.groundwater.well.005","MCDI.W5.20180628.FIL","A00000009829","2018-06-28T17:29Z","2018-06-28T17:29Z","EcoCore_CSU","F",0.0050,"milligramsPerLiter",-0.3,,0,"formatChange","GOOD"
"8665ff87-87e7-489f-bea5-a2b149b6b60a","D06","MCDI","MCDI.AOS.groundwater.well.005","MCDI.W5.20180628.PCN","A00000009830","2018-06-28T17:29Z","2018-06-28T17:29Z","EcoCore_CSU","TPN",0.0118,"milligram",-0.3,,0,"formatChange","GOOD"
"93b400e8-8abe-4100-9c93-4896e129aa98","D06","MCDI","MCDI.AOS.groundwater.well.005","MCDI.W5.20180628.RAW","A00000009828","2018-06-28T17:29Z","2018-06-28T17:29Z","EcoCore_CSU","TSS",514.0000,"milligramsPerLiter",-0.3,,0,"formatChange","GOOD"
"06e79182-0203-4f1e-ad4c-50edcc2dfd73","D06","MCDI","MCDI.AOS.groundwater.well.005","MCDI.W5.20180628.RAW","A00000009828","2018-06-28T17:29Z","2018-06-28T17:29Z","EcoCore_CSU","TSS - Dry Mass",25700.0000,"microgram",-0.3,,0,"formatChange","GOOD"
"087ab485-f569-4abf-abcd-b087baec7ed3","D06","MCDI","MCDI.AOS.groundwater.well.005","MCDI.W5.20180628.FIL","A00000009829","2018-06-28T17:29Z","2018-06-28T17:29Z","EcoCore_CSU","Fe",0.0005,"milligramsPerLiter",-0.3,,0,"formatChange","GOOD"
"117de94d-4c15-4b8e-8e6b-30a7d42552b6","D06","MCDI","MCDI.AOS.groundwater.well.005","MCDI.W5.20180628.RAW","A00000009828","2018-06-28T17:29Z","2018-06-28T17:29Z","EcoCore_CSU","TP",0.0074,"milligramsPerLiter",-0.3,,0,"formatChange","GOOD"
"a3e7bd13-0a55-4dc0-a75b-86b825771d01","D06","MCDI","MCDI.AOS.groundwater.well.005","MCDI.W5.20180628.RAW","A00000009828","2018-06-28T17:29Z","2018-06-28T17:29Z","EcoCore_CSU","TOC",0.8557,"milligramsPerLiter",-0.3,,0,"formatChange","GOOD"
"43ecbad8-fbef-4792-9180-bc29e1fc5177","D06","MCDI","MCDI.AOS.groundwater.well.005","MCDI.W5.20180628.FIL","A00000009829","2018-06-28T17:29Z","2018-06-28T17:29Z","EcoCore_CSU","HCO3",257.8600,"milligramsPerLiter",-0.3,,0,"formatChange","GOOD"
"907b0024-fac8-48e8-99b7-faafe5ba89f1","D06","MCDI","MCDI.AOS.groundwater.well.005","MCDI.W5.20180628.FIL","A00000009829","2018-06-28T17:29Z","2018-06-28T17:29Z","EcoCore_CSU","UV Absorbance (280 nm)",0.0090,,-0.3,,0,"formatChange","GOOD"
"8c8cc448-0e6e-4f4f-be18-d289fdddf208","D06","MCDI","MCDI.AOS.groundwater.well.005","MCDI.W5.20180628.FIL","A00000009829","2018-06-28T17:29Z","2018-06-28T17:29Z","EcoCore_CSU","TDS",316.8830,"milligramsPerLiter",-0.3,,0,"formatChange","GOOD"
"4747cae9-a054-4541-b35f-beeda41d87bc","D06","MCDI","MCDI.AOS.groundwater.well.005","MCDI.W5.20180628.FIL","A00000009829","2018-06-28T17:29Z","2018-06-28T17:29Z","EcoCore_CSU","Na",11.6000,"milligramsPerLiter",-0.3,,0,"formatChange","GOOD"
"67bad4ee-07f7-4865-9ee0-214bad752016","D06","MCDI","MCDI.AOS.groundwater.well.004","MCDI.W4.20180628.PCN","A00000009827","2018-06-28T18:25Z","2018-06-28T18:25Z","EcoCore_CSU","TPN",0.0500,"milligram",-0.3,,0,"formatChange","GOOD"
"97f23cc5-82e8-48b7-87ee-735db0cb1896","D06","MCDI","MCDI.AOS.groundwater.well.004","MCDI.W4.20180628.FIL","A00000009832","2018-06-28T18:25Z","2018-06-28T18:25Z","EcoCore_CSU","UV Absorbance (250 nm)",0.0111,,-0.3,,0,"formatChange","GOOD"
"362f06e6-23d2-43dd-b2a9-3bc169d97f17","D06","MCDI","MCDI.AOS.groundwater.well.004","MCDI.W4.20180628.FIL","A00000009832","2018-06-28T18:25Z","2018-06-28T18:25Z","EcoCore_CSU","K",3.8260,"milligramsPerLiter",-0.3,,0,"formatChange","GOOD"
"af5cfe5c-0009-4df2-ae38-955646927b9d","D06","MCDI","MCDI.AOS.groundwater.well.004","MCDI.W4.20180628.RAW","A00000009831","2018-06-28T18:25Z","2018-06-28T18:25Z","EcoCore_CSU","TP",0.0057,"milligramsPerLiter",-0.3,,0,"formatChange","GOOD"
"e6bf5257-d90e-477c-98dd-bdbf1ecc77a3","D06","MCDI","MCDI.AOS.groundwater.well.004","MCDI.W4.20180628.RAW","A00000009831","2018-06-28T18:25Z","2018-06-28T18:25Z","EcoCore_CSU","TSS",16.0000,"milligramsPerLiter",-0.3,,0,"formatChange","GOOD"
"722d571e-476b-4e3c-b285-04c4ed74e0ec","D06","MCDI","MCDI.AOS.groundwater.well.004","MCDI.W4.20180628.FIL","A00000009832","2018-06-28T18:25Z","2018-06-28T18:25Z","EcoCore_CSU","Br",0.0050,"milligramsPerLiter",-0.3,,0,"formatChange","GOOD"
"dabb3eb6-bd91-4ea1-92be-d8ed5c6eb3e7","D06","MCDI","MCDI.AOS.groundwater.well.004","MCDI.W4.20180628.RAW","A00000009831","2018-06-28T18:25Z","2018-06-28T18:25Z","EcoCore_CSU","TOC",0.7119,"milligramsPerLiter",-0.3,,0,"formatChange","GOOD"
"6a58f67f-a14e-4392-93ce-d064e726ac58","D06","MCDI","MCDI.AOS.groundwater.well.004","MCDI.W4.20180628.FIL","A00000009832","2018-06-28T18:25Z","2018-06-28T18:25Z","EcoCore_CSU","DIC",65.2500,"milligramsPerLiter",-0.3,,0,"formatChange","GOOD"
"7a3cccb5-538f-4096-a4d3-d2068de3385e","D06","MCDI","MCDI.AOS.groundwater.well.004","MCDI.W4.20180628.FIL","A00000009832","2018-06-28T18:25Z","2018-06-28T18:25Z","EcoCore_CSU","TDP",0.0005,"milligramsPerLiter",-0.3,,0,"formatChange","GOOD"
"d5e5e150-c6ed-413e-a46a-a67b7bf42f51","D06","MCDI","MCDI.AOS.groundwater.well.004","MCDI.W4.20180628.RAW","A00000009831","2018-06-28T18:25Z","2018-06-28T18:25Z","EcoCore_CSU","TN",0.1715,"milligramsPerLiter",-0.3,,0,"formatChange","GOOD"
"749cc7ab-d85d-482a-8ab2-53cd46a0a7ed","D06","MCDI","MCDI.AOS.groundwater.well.004","MCDI.W4.20180628.FIL","A00000009832","2018-06-28T18:25Z","2018-06-28T18:25Z","EcoCore_CSU","DOC",0.7754,"milligramsPerLiter",-0.3,,0,"formatChange","GOOD"
"6fb11fd0-30ce-45f8-9533-285d408fcbe7","D06","MCDI","MCDI.AOS.groundwater.well.004","MCDI.W4.20180628.FIL","A00000009832","2018-06-28T18:25Z","2018-06-28T18:25Z","EcoCore_CSU","Mg",28.4500,"milligramsPerLiter",-0.3,,0,"formatChange","GOOD"
"bb1de3ea-ca1b-4a7f-a99c-0816d23c3cc8","D06","MCDI","MCDI.AOS.groundwater.well.004","MCDI.W4.20180628.FIL","A00000009832","2018-06-28T18:25Z","2018-06-28T18:25Z","EcoCore_CSU","TDN",0.1715,"milligramsPerLiter",-0.3,,0,"formatChange","GOOD"
"a2c6b443-9d80-484c-8db1-55633bf41d80","D06","MCDI","MCDI.AOS.groundwater.well.004","MCDI.W4.20180628.RAW","A00000009831","2018-06-28T18:25Z","2018-06-28T18:25Z","EcoCore_CSU","TSS - Dry Mass",800.0000,"microgram",-0.3,,0,"formatChange","GOOD"
"2c5b5959-a4cb-4dbe-b069-523097df4f5a","D06","MCDI","MCDI.AOS.groundwater.well.004","MCDI.W4.20180628.FIL","A00000009832","2018-06-28T18:25Z","2018-06-28T18:25Z","EcoCore_CSU","CO3",0.0050,"milligramsPerLiter",-0.3,,0,"formatChange","GOOD"
"b65ecb5d-ad94-43d8-bc5d-1ab6de4a40d1","D06","MCDI","MCDI.AOS.groundwater.well.004","MCDI.W4.20180628.FIL","A00000009832","2018-06-28T18:25Z","2018-06-28T18:25Z","EcoCore_CSU","Na",42.7600,"milligramsPerLiter",-0.3,,0,"formatChange","GOOD"
"58ec632e-5fd6-4e15-a9df-86055cd72db1","D06","MCDI","MCDI.AOS.groundwater.well.004","MCDI.W4.20180628.FIL","A00000009832","2018-06-28T18:25Z","2018-06-28T18:25Z","EcoCore_CSU","Ca",102.4040,"milligramsPerLiter",-0.3,,0,"formatChange","GOOD"
"27d57f1f-accf-4424-a5c5-b5df70067415","D06","MCDI","MCDI.AOS.groundwater.well.004","MCDI.W4.20180628.RAW","A00000009831","2018-06-28T18:25Z","2018-06-28T18:25Z","EcoCore_CSU","pH",7.5200,"pH",-0.3,,0,"formatChange","GOOD"
"25b51f1b-5227-4cbc-bc3c-963f0b670cba","D06","MCDI","MCDI.AOS.groundwater.well.004","MCDI.W4.20180628.FIL","A00000009832","2018-06-28T18:25Z","2018-06-28T18:25Z","EcoCore_CSU","SO4",0.5400,"milligramsPerLiter",-0.3,,0,"formatChange","GOOD"
"b5072b84-6673-4938-b73d-86affb2cc07d","D06","MCDI","MCDI.AOS.groundwater.well.004","MCDI.W4.20180628.FIL","A00000009832","2018-06-28T18:25Z","2018-06-28T18:25Z","EcoCore_CSU","Si",7.1477,"milligramsPerLiter",-0.3,,0,"formatChange","GOOD"
"00918d4c-eecc-4200-be57-c98a3347bd1a","D06","MCDI","MCDI.AOS.groundwater.well.004","MCDI.W4.20180628.FIL","A00000009832","2018-06-28T18:25Z","2018-06-28T18:25Z","EcoCore_CSU","Fe",0.0005,"milligramsPerLiter",-0.3,,0,"formatChange","GOOD"
"79d5071a-0105-44a7-91b3-53921e252e93","D06","MCDI","MCDI.AOS.groundwater.well.004","MCDI.W4.20180628.FIL","A00000009832","2018-06-28T18:25Z","2018-06-28T18:25Z","EcoCore_CSU","TDS",661.9550,"milligramsPerLiter",-0.3,,0,"formatChange","GOOD"
"9403ddeb-c571-4edd-83d9-5ded1e110c55","D06","MCDI","MCDI.AOS.groundwater.well.004","MCDI.W4.20180628.FIL","A00000009832","2018-06-28T18:25Z","2018-06-28T18:25Z","EcoCore_CSU","Ortho - P",0.0160,"milligramsPerLiter",-0.3,,0,"formatChange","GOOD"
"b57c82ed-2a48-4b32-a5ae-37e855661940","D06","MCDI","MCDI.AOS.groundwater.well.004","MCDI.W4.20180628.FIL","A00000009832","2018-06-28T18:25Z","2018-06-28T18:25Z","EcoCore_CSU","NO3+NO2 - N",-0.0026,"milligramsPerLiter",-0.3,,0,"formatChange","GOOD"
"05407031-ded1-4e07-ab99-154327cc2b5d","D06","MCDI","MCDI.AOS.groundwater.well.004","MCDI.W4.20180628.FIL","A00000009832","2018-06-28T18:25Z","2018-06-28T18:25Z","EcoCore_CSU","Cl",41.9396,"milligramsPerLiter",-0.3,,0,"formatChange","GOOD"
"9996af11-f8c5-41aa-86b3-d38f0738b189","D06","MCDI","MCDI.AOS.groundwater.well.004","MCDI.W4.20180628.FIL","A00000009832","2018-06-28T18:25Z","2018-06-28T18:25Z","EcoCore_CSU","F",0.2736,"milligramsPerLiter",-0.3,,0,"formatChange","GOOD"
"d71d054b-bde0-4027-96d2-d78578def1d3","D06","MCDI","MCDI.AOS.groundwater.well.004","MCDI.W4.20180628.PCN","A00000009827","2018-06-28T18:25Z","2018-06-28T18:25Z","EcoCore_CSU","TPC",0.2607,"milligram",-0.3,,0,"formatChange","GOOD"
"8e0ea5ba-b0d8-41d8-ac4a-03700f159d1b","D06","MCDI","MCDI.AOS.groundwater.well.004","MCDI.W4.20180628.RAW","A00000009831","2018-06-28T18:25Z","2018-06-28T18:25Z","EcoCore_CSU","ANC",8.7500,"milliequivalentsPerLiter",-0.3,,0,"formatChange","GOOD"
"b1b2fd0b-279d-47bc-bbca-df09facfa56b","D06","MCDI","MCDI.AOS.groundwater.well.004","MCDI.W4.20180628.FIL","A00000009832","2018-06-28T18:25Z","2018-06-28T18:25Z","EcoCore_CSU","UV Absorbance (280 nm)",0.0112,,-0.3,,0,"formatChange","GOOD"
"93f7ca21-0e35-4d36-b6a9-dbeddf67b5e9","D06","MCDI","MCDI.AOS.groundwater.well.004","MCDI.W4.20180628.RAW","A00000009831","2018-06-28T18:25Z","2018-06-28T18:25Z","EcoCore_CSU","conductivity",945.6500,"microsiemensPerCentimeter",-0.3,,0,"formatChange","GOOD"
"1dbb78dc-1e42-4545-9753-bb67aeab88bc","D06","MCDI","MCDI.AOS.groundwater.well.004","MCDI.W4.20180628.FIL","A00000009832","2018-06-28T18:25Z","2018-06-28T18:25Z","EcoCore_CSU","Mn",0.0510,"milligramsPerLiter",-0.3,,0,"formatChange","GOOD"
"8406d0b4-3d39-4e6e-82ca-7ab93363b327","D06","MCDI","MCDI.AOS.groundwater.well.004","MCDI.W4.20180628.FIL","A00000009832","2018-06-28T18:25Z","2018-06-28T18:25Z","EcoCore_CSU","NH4 - N",0.0179,"milligramsPerLiter",-0.3,,0,"formatChange","GOOD"
"30459d3c-a6d7-4980-8b91-a786d6f86221","D06","MCDI","MCDI.AOS.groundwater.well.004","MCDI.W4.20180628.FIL","A00000009832","2018-06-28T18:25Z","2018-06-28T18:25Z","EcoCore_CSU","HCO3",503.4200,"milligramsPerLiter",-0.3,,0,"formatChange","GOOD"
"b94e786b-e5ed-4cdf-8508-5f831a6ce720","D06","MCDI","MCDI.AOS.groundwater.well.004","MCDI.W4.20180628.FIL","A00000009832","2018-06-28T18:25Z","2018-06-28T18:25Z","EcoCore_CSU","NO2 - N",0.0129,"milligramsPerLiter",-0.3,,0,"formatChange","GOOD"
