uid,domainID,siteID,namedLocation,collectDate,titrationDate,parentSampleID,domainSampleID,remarks,measuredBy,alkMeqPerL,alkMgPerL,ancMeqPerL,ancMgPerL
"6be67fdf-6e17-4c87-9e26-8cef8e5995eb","D06","MCDI","MCDI.AOS.groundwater.well.003","2018-06-28T14:42Z","2018-06-28T22:30Z","MCDI.W3.20180628","MCDI.W3.20180628.ALK",,"egawanda",5.620,281.000,,
"5b0e1970-9e06-45e4-9907-0face46c2f72","D06","MCDI","MCDI.AOS.groundwater.well.006","2018-06-28T16:11Z","2018-06-29T13:40Z","MCDI.W6.20180628","MCDI.W6.20180628.ALK",,"jkukulski",6.270,314.000,,
"b061877c-6f3c-404a-be58-deddbf8a9975","D06","MCDI","MCDI.AOS.groundwater.well.005","2018-06-28T17:29Z","2018-06-29T14:04Z","MCDI.W5.20180628","MCDI.W5.20180628.ALK",,"jkukulski",5.320,266.000,,
"ff9e376e-a0ee-4abd-bf17-fdfa818c560f","D06","MCDI","MCDI.AOS.groundwater.well.004","2018-06-28T18:25Z","2018-06-28T23:00Z","MCDI.W4.20180628","MCDI.W4.20180628.ALK",,"egawanda",5.240,262.000,,
