uid,domainID,siteID,namedLocation,collectDate,parentSampleID,sampleCondition,sampleID,replicateNumber,gwwDICBubbleFree,gwwFiltSampleHeadspace,gwwAlkSampleHeadspace,gwwAlkSampleBubbleFree,processedDate,processedDateFilters,sampleVolumeFiltered,shipmentTimeRange
"bc53cd58-474d-4782-b638-d96e73c00132","D06","MCDI","MCDI.AOS.groundwater.well.003","2018-06-28T14:42Z","MCDI.W3.20180628","Sample condition ok","MCDI.W3.20180628",1,,,,,"2018-06-28T16:09Z","2018-06-28T16:33Z",18.0,
"e44277be-815c-427f-97c2-52dfb7929ff9","D06","MCDI","MCDI.AOS.groundwater.well.006","2018-06-28T16:11Z","MCDI.W6.20180628","Sample condition ok","MCDI.W6.20180628",1,,,,,"2018-06-28T17:06Z","2018-06-28T16:55Z",255.0,
"d149e236-bdf3-4200-a604-0a20832f23d7","D06","MCDI","MCDI.AOS.groundwater.well.005","2018-06-28T17:29Z","MCDI.W5.20180628","Sample condition ok","MCDI.W5.20180628",1,,,,,"2018-06-28T20:16Z","2018-06-28T20:10Z",75.0,
"fdecbdbb-4482-457a-b6c3-58b407ebfac0","D06","MCDI","MCDI.AOS.groundwater.well.004","2018-06-28T18:25Z","MCDI.W4.20180628","Sample condition ok","MCDI.W4.20180628",1,,,,,"2018-06-28T20:20Z","2018-06-28T20:10Z",450.0,
