uid,domainID,siteID,namedLocation,sampleID,sampleCode,startDate,collectDate,laboratoryName,analyte,analyteConcentration,analyteUnits,coolerTemp,remarks,shipmentWarmQF,externalLabDataQF,sampleCondition
"8b0eebe7-9f35-427e-a190-435b1cbf353d","D09","PRPO","PRPO.AOS.groundwater.well.001","PRPO.W1.20180430.FIL","A00000017339","2018-04-30T14:15Z","2018-04-30T14:15Z","EcoCore_CSU","UV Absorbance (250 nm)",0.1688,,2.2,,0,"formatChange","GOOD"
"4c7b8d25-9a17-4237-86df-60fe426fb805","D09","PRPO","PRPO.AOS.groundwater.well.001","PRPO.W1.20180430.RAW","A00000017377","2018-04-30T14:15Z","2018-04-30T14:15Z","EcoCore_CSU","TSS - Dry Mass",100.0000,"microgram",2.2,,0,"formatChange","GOOD"
"e8ea79d4-8bda-40dc-8e03-a2873018c2d8","D09","PRPO","PRPO.AOS.groundwater.well.001","PRPO.W1.20180430.FIL","A00000017339","2018-04-30T14:15Z","2018-04-30T14:15Z","EcoCore_CSU","Mn",0.0526,"milligramsPerLiter",2.2,,0,"formatChange","GOOD"
"f90f6e92-9368-4b8d-b0e9-52cb9f78697d","D09","PRPO","PRPO.AOS.groundwater.well.001","PRPO.W1.20180430.FIL","A00000017339","2018-04-30T14:15Z","2018-04-30T14:15Z","EcoCore_CSU","UV Absorbance (280 nm)",0.0984,,2.2,,0,"formatChange","GOOD"
"c1698eea-aebe-4c0c-802f-b5abbf40764c","D09","PRPO","PRPO.AOS.groundwater.well.001","PRPO.W1.20180430.RAW","A00000017377","2018-04-30T14:15Z","2018-04-30T14:15Z","EcoCore_CSU","pH",7.0700,"pH",2.2,,0,"formatChange","GOOD"
"3d5166a7-2210-4baf-94ad-772ee06c3504","D09","PRPO","PRPO.AOS.groundwater.well.001","PRPO.W1.20180430.FIL","A00000017339","2018-04-30T14:15Z","2018-04-30T14:15Z","EcoCore_CSU","NO3+NO2 - N",-0.0021,"milligramsPerLiter",2.2,,0,"formatChange","GOOD"
"ec5682f3-ec48-4a85-8062-4edbb8cce9af","D09","PRPO","PRPO.AOS.groundwater.well.001","PRPO.W1.20180430.FIL","A00000017339","2018-04-30T14:15Z","2018-04-30T14:15Z","EcoCore_CSU","F",0.0050,"milligramsPerLiter",2.2,,0,"formatChange","GOOD"
"c691dd32-6651-4245-83b2-4634238d91ed","D09","PRPO","PRPO.AOS.groundwater.well.001","PRPO.W1.20180430.FIL","A00000017339","2018-04-30T14:15Z","2018-04-30T14:15Z","EcoCore_CSU","TDS",4328.1000,"milligramsPerLiter",2.2,,0,"formatChange","GOOD"
"97ea51e7-b825-4f07-907e-c29165f1da1e","D09","PRPO","PRPO.AOS.groundwater.well.001","PRPO.W1.20180430.FIL","A00000017339","2018-04-30T14:15Z","2018-04-30T14:15Z","EcoCore_CSU","SO4",3292.8900,"milligramsPerLiter",2.2,,0,"formatChange","GOOD"
"0f7a25e8-c3a8-4ecb-9a16-de7fb5b1ffec","D09","PRPO","PRPO.AOS.groundwater.well.001","PRPO.W1.20180430.FIL","A00000017339","2018-04-30T14:15Z","2018-04-30T14:15Z","EcoCore_CSU","NO2 - N",0.0146,"milligramsPerLiter",2.2,,0,"formatChange","GOOD"
"23ef7e1f-05ff-4db9-add5-7513708eee16","D09","PRPO","PRPO.AOS.groundwater.well.001","PRPO.W1.20180430.FIL","A00000017339","2018-04-30T14:15Z","2018-04-30T14:15Z","EcoCore_CSU","TDP",0.0273,"milligramsPerLiter",2.2,,0,"formatChange","GOOD"
"b3545979-2477-46e6-93c2-de4ea9f1be20","D09","PRPO","PRPO.AOS.groundwater.well.001","PRPO.W1.20180430.FIL","A00000017339","2018-04-30T14:15Z","2018-04-30T14:15Z","EcoCore_CSU","K",3.0084,"milligramsPerLiter",2.2,,0,"formatChange","GOOD"
"d903fb4b-5448-4e8c-a760-69bda742b9f5","D09","PRPO","PRPO.AOS.groundwater.well.001","PRPO.W1.20180430.PCN","A00000016311","2018-04-30T14:15Z","2018-04-30T14:15Z","EcoCore_CSU","TPC",0.2863,"milligram",2.2,,0,"formatChange","GOOD"
"c40669bf-e8ec-4a3c-8711-2152d2bf8b11","D09","PRPO","PRPO.AOS.groundwater.well.001","PRPO.W1.20180430.RAW","A00000017377","2018-04-30T14:15Z","2018-04-30T14:15Z","EcoCore_CSU","TP",0.0572,"milligramsPerLiter",2.2,,0,"formatChange","GOOD"
"19db09f3-9a22-416b-bb95-f83d87d9dde8","D09","PRPO","PRPO.AOS.groundwater.well.001","PRPO.W1.20180430.FIL","A00000017339","2018-04-30T14:15Z","2018-04-30T14:15Z","EcoCore_CSU","Na",450.5560,"milligramsPerLiter",2.2,,0,"formatChange","GOOD"
"2819808f-7116-4f07-93be-42690b9f133a","D09","PRPO","PRPO.AOS.groundwater.well.001","PRPO.W1.20180430.RAW","A00000017377","2018-04-30T14:15Z","2018-04-30T14:15Z","EcoCore_CSU","TSS",2.0000,"milligramsPerLiter",2.2,,0,"formatChange","GOOD"
"63fa5c68-8a9c-471e-b81d-a9cd828c42b9","D09","PRPO","PRPO.AOS.groundwater.well.001","PRPO.W1.20180430.FIL","A00000017339","2018-04-30T14:15Z","2018-04-30T14:15Z","EcoCore_CSU","DOC",9.1470,"milligramsPerLiter",2.2,,0,"formatChange","GOOD"
"6929a026-27d2-40ce-bb8d-6a7c79da4d6b","D09","PRPO","PRPO.AOS.groundwater.well.001","PRPO.W1.20180430.FIL","A00000017339","2018-04-30T14:15Z","2018-04-30T14:15Z","EcoCore_CSU","Ortho - P",0.0220,"milligramsPerLiter",2.2,,0,"formatChange","GOOD"
"5b26cf23-df5e-4bb2-a507-39b29348779f","D09","PRPO","PRPO.AOS.groundwater.well.001","PRPO.W1.20180430.FIL","A00000017339","2018-04-30T14:15Z","2018-04-30T14:15Z","EcoCore_CSU","Fe",0.0005,"milligramsPerLiter",2.2,,0,"formatChange","GOOD"
"2754eb88-6e63-4176-9873-60682330b8d9","D09","PRPO","PRPO.AOS.groundwater.well.001","PRPO.W1.20180430.RAW","A00000017377","2018-04-30T14:15Z","2018-04-30T14:15Z","EcoCore_CSU","ANC",9.8500,"milliequivalentsPerLiter",2.2,,0,"formatChange","GOOD"
"1a520dba-ec4a-4faf-9f01-59c46eee0921","D09","PRPO","PRPO.AOS.groundwater.well.001","PRPO.W1.20180430.FIL","A00000017339","2018-04-30T14:15Z","2018-04-30T14:15Z","EcoCore_CSU","HCO3",591.1100,"milligramsPerLiter",2.2,,0,"formatChange","GOOD"
"6d2bf0b9-83fa-4c10-89b7-b59a621c93ff","D09","PRPO","PRPO.AOS.groundwater.well.001","PRPO.W1.20180430.FIL","A00000017339","2018-04-30T14:15Z","2018-04-30T14:15Z","EcoCore_CSU","CO3",0.0050,"milligramsPerLiter",2.2,,0,"formatChange","GOOD"
"d0e75594-1f65-4501-a086-672d69a5677c","D09","PRPO","PRPO.AOS.groundwater.well.001","PRPO.W1.20180430.FIL","A00000017339","2018-04-30T14:15Z","2018-04-30T14:15Z","EcoCore_CSU","TDN",0.5079,"milligramsPerLiter",2.2,,0,"formatChange","GOOD"
"f8c69fe9-0b3d-4415-b3bb-bced697ff830","D09","PRPO","PRPO.AOS.groundwater.well.001","PRPO.W1.20180430.RAW","A00000017377","2018-04-30T14:15Z","2018-04-30T14:15Z","EcoCore_CSU","conductivity",6163.0000,"microsiemensPerCentimeter",2.2,,0,"formatChange","GOOD"
"bc49a380-185e-4d93-b788-1d5610ff7415","D09","PRPO","PRPO.AOS.groundwater.well.001","PRPO.W1.20180430.FIL","A00000017339","2018-04-30T14:15Z","2018-04-30T14:15Z","EcoCore_CSU","Si",10.3485,"milligramsPerLiter",2.2,,0,"formatChange","GOOD"
"dccddc31-b5c2-4a78-8df9-e2de8fac1919","D09","PRPO","PRPO.AOS.groundwater.well.001","PRPO.W1.20180430.FIL","A00000017339","2018-04-30T14:15Z","2018-04-30T14:15Z","EcoCore_CSU","Ca",241.9690,"milligramsPerLiter",2.2,,0,"formatChange","GOOD"
"e743ce58-a236-45c3-baea-c36c0a7b35ad","D09","PRPO","PRPO.AOS.groundwater.well.001","PRPO.W1.20180430.FIL","A00000017339","2018-04-30T14:15Z","2018-04-30T14:15Z","EcoCore_CSU","Cl",12.1841,"milligramsPerLiter",2.2,,0,"formatChange","GOOD"
"528a1b82-97dd-45d7-a5c7-6fd3b8f16f9c","D09","PRPO","PRPO.AOS.groundwater.well.001","PRPO.W1.20180430.RAW","A00000017377","2018-04-30T14:15Z","2018-04-30T14:15Z","EcoCore_CSU","TN",0.5811,"milligramsPerLiter",2.2,,0,"formatChange","GOOD"
"7a77d85a-a90e-41f4-85b1-e76c34dc2267","D09","PRPO","PRPO.AOS.groundwater.well.001","PRPO.W1.20180430.PCN","A00000016311","2018-04-30T14:15Z","2018-04-30T14:15Z","EcoCore_CSU","TPN",0.1227,"milligram",2.2,,0,"formatChange","GOOD"
"c9622492-738c-48bb-a568-006bbd2a8fae","D09","PRPO","PRPO.AOS.groundwater.well.001","PRPO.W1.20180430.FIL","A00000017339","2018-04-30T14:15Z","2018-04-30T14:15Z","EcoCore_CSU","NH4 - N",0.0117,"milligramsPerLiter",2.2,,0,"formatChange","GOOD"
"528070ba-fb09-4bef-b712-f8125b3bb2a5","D09","PRPO","PRPO.AOS.groundwater.well.001","PRPO.W1.20180430.FIL","A00000017339","2018-04-30T14:15Z","2018-04-30T14:15Z","EcoCore_CSU","Mg",561.8480,"milligramsPerLiter",2.2,,0,"formatChange","GOOD"
"bb7c5baa-f67b-4fe9-8e8e-d62e559b18e2","D09","PRPO","PRPO.AOS.groundwater.well.001","PRPO.W1.20180430.FIL","A00000017339","2018-04-30T14:15Z","2018-04-30T14:15Z","EcoCore_CSU","Br",0.0050,"milligramsPerLiter",2.2,,0,"formatChange","GOOD"
"a145db53-1a7e-4654-9fd0-1afca225aadc","D09","PRPO","PRPO.AOS.groundwater.well.001","PRPO.W1.20180430.FIL","A00000017339","2018-04-30T14:15Z","2018-04-30T14:15Z","EcoCore_CSU","DIC",97.3100,"milligramsPerLiter",2.2,,0,"formatChange","GOOD"
"26681a0f-669c-44d7-ac27-ebd538fbd68e","D09","PRPO","PRPO.AOS.groundwater.well.001","PRPO.W1.20180430.RAW","A00000017377","2018-04-30T14:15Z","2018-04-30T14:15Z","EcoCore_CSU","TOC",9.0580,"milligramsPerLiter",2.2,,0,"formatChange","GOOD"
"f18cd55a-fb13-4055-a523-cfd5682b677a","D09","PRPO","PRPO.AOS.groundwater.well.003","PRPO.W3.20180430.FIL","A00000017340","2018-04-30T15:43Z","2018-04-30T15:43Z","EcoCore_CSU","TDS",1852.3000,"milligramsPerLiter",2.2,,0,"formatChange","GOOD"
"832bcc26-7416-4e09-9ac7-c34efe12a82e","D09","PRPO","PRPO.AOS.groundwater.well.003","PRPO.W3.20180430.FIL","A00000017340","2018-04-30T15:43Z","2018-04-30T15:43Z","EcoCore_CSU","Mn",0.0663,"milligramsPerLiter",2.2,,0,"formatChange","GOOD"
"3856e739-b149-4b22-93d1-ab995b4157d8","D09","PRPO","PRPO.AOS.groundwater.well.003","PRPO.W3.20180430.RAW","A00000017344","2018-04-30T15:43Z","2018-04-30T15:43Z","EcoCore_CSU","pH",6.6800,"pH",2.2,,0,"formatChange","GOOD"
"6b48982f-53a0-4a08-96b0-385d23d631ea","D09","PRPO","PRPO.AOS.groundwater.well.003","PRPO.W3.20180430.FIL","A00000017340","2018-04-30T15:43Z","2018-04-30T15:43Z","EcoCore_CSU","UV Absorbance (280 nm)",0.0459,,2.2,,0,"formatChange","GOOD"
"d8229b6f-84da-4a97-b8a9-fd9c529b0a85","D09","PRPO","PRPO.AOS.groundwater.well.003","PRPO.W3.20180430.FIL","A00000017340","2018-04-30T15:43Z","2018-04-30T15:43Z","EcoCore_CSU","UV Absorbance (250 nm)",0.0799,,2.2,,0,"formatChange","GOOD"
"f46ed8ed-a385-447f-9602-ed5e74c52283","D09","PRPO","PRPO.AOS.groundwater.well.003","PRPO.W3.20180430.FIL","A00000017340","2018-04-30T15:43Z","2018-04-30T15:43Z","EcoCore_CSU","Si",11.5527,"milligramsPerLiter",2.2,,0,"formatChange","GOOD"
"02d6ebbc-324d-4ad7-85a4-a42f42c8dbd4","D09","PRPO","PRPO.AOS.groundwater.well.003","PRPO.W3.20180430.FIL","A00000017340","2018-04-30T15:43Z","2018-04-30T15:43Z","EcoCore_CSU","F",0.0050,"milligramsPerLiter",2.2,,0,"formatChange","GOOD"
"e4089e49-401b-47ef-a0bb-654cb17048b7","D09","PRPO","PRPO.AOS.groundwater.well.003","PRPO.W3.20180430.RAW","A00000017344","2018-04-30T15:43Z","2018-04-30T15:43Z","EcoCore_CSU","TOC",4.7430,"milligramsPerLiter",2.2,,0,"formatChange","GOOD"
"b74c11d6-191f-44f5-a91a-e74d828a0698","D09","PRPO","PRPO.AOS.groundwater.well.003","PRPO.W3.20180430.FIL","A00000017340","2018-04-30T15:43Z","2018-04-30T15:43Z","EcoCore_CSU","Na",71.3294,"milligramsPerLiter",2.2,,0,"formatChange","GOOD"
"4148ea85-3c27-416e-a311-2a5f8e40bc6a","D09","PRPO","PRPO.AOS.groundwater.well.003","PRPO.W3.20180430.FIL","A00000017340","2018-04-30T15:43Z","2018-04-30T15:43Z","EcoCore_CSU","Mg",158.4750,"milligramsPerLiter",2.2,,0,"formatChange","GOOD"
"76f6ce92-766b-42d1-985e-7f4e409fc258","D09","PRPO","PRPO.AOS.groundwater.well.003","PRPO.W3.20180430.FIL","A00000017340","2018-04-30T15:43Z","2018-04-30T15:43Z","EcoCore_CSU","Ortho - P",0.0220,"milligramsPerLiter",2.2,,0,"formatChange","GOOD"
"33e170c9-537b-4aec-a3df-a1d4899fc87a","D09","PRPO","PRPO.AOS.groundwater.well.003","PRPO.W3.20180430.FIL","A00000017340","2018-04-30T15:43Z","2018-04-30T15:43Z","EcoCore_CSU","TDP",0.0121,"milligramsPerLiter",2.2,,0,"formatChange","GOOD"
"5d147162-f1a6-43b3-a05b-95a27367a6cc","D09","PRPO","PRPO.AOS.groundwater.well.003","PRPO.W3.20180430.RAW","A00000017344","2018-04-30T15:43Z","2018-04-30T15:43Z","EcoCore_CSU","TN",0.5383,"milligramsPerLiter",2.2,,0,"formatChange","GOOD"
"ef70ad25-5648-4d49-8831-7e71ec84ab52","D09","PRPO","PRPO.AOS.groundwater.well.003","PRPO.W3.20180430.PCN","A00000016312","2018-04-30T15:43Z","2018-04-30T15:43Z","EcoCore_CSU","TPC",0.2694,"milligram",2.2,,0,"formatChange","GOOD"
"8c669e2e-a6d1-415f-b1fc-43acc480a51e","D09","PRPO","PRPO.AOS.groundwater.well.003","PRPO.W3.20180430.FIL","A00000017340","2018-04-30T15:43Z","2018-04-30T15:43Z","EcoCore_CSU","Cl",1.1947,"milligramsPerLiter",2.2,,0,"formatChange","GOOD"
"0739da13-ebd2-4bd5-b9ab-ec5caf76cfa3","D09","PRPO","PRPO.AOS.groundwater.well.003","PRPO.W3.20180430.FIL","A00000017340","2018-04-30T15:43Z","2018-04-30T15:43Z","EcoCore_CSU","CO3",0.0050,"milligramsPerLiter",2.2,,0,"formatChange","GOOD"
"838dc664-c09c-4629-820f-0c0b4559377c","D09","PRPO","PRPO.AOS.groundwater.well.003","PRPO.W3.20180430.PCN","A00000016312","2018-04-30T15:43Z","2018-04-30T15:43Z","EcoCore_CSU","TPN",0.1404,"milligram",2.2,,0,"formatChange","GOOD"
"554c8a2b-b2ca-4763-98bb-fb3cbb1e9ff9","D09","PRPO","PRPO.AOS.groundwater.well.003","PRPO.W3.20180430.RAW","A00000017344","2018-04-30T15:43Z","2018-04-30T15:43Z","EcoCore_CSU","ANC",6.7200,"milliequivalentsPerLiter",2.2,,0,"formatChange","GOOD"
"30c2bf54-428b-4f20-a307-49d82ebc041d","D09","PRPO","PRPO.AOS.groundwater.well.003","PRPO.W3.20180430.RAW","A00000017344","2018-04-30T15:43Z","2018-04-30T15:43Z","EcoCore_CSU","TSS - Dry Mass",100.0000,"microgram",2.2,,0,"formatChange","GOOD"
"f20db4ba-6f5d-48c1-9897-ceb9a03cb84e","D09","PRPO","PRPO.AOS.groundwater.well.003","PRPO.W3.20180430.FIL","A00000017340","2018-04-30T15:43Z","2018-04-30T15:43Z","EcoCore_CSU","HCO3",389.2500,"milligramsPerLiter",2.2,,0,"formatChange","GOOD"
"1f1af8f8-d991-4eba-912f-000f9941bb5f","D09","PRPO","PRPO.AOS.groundwater.well.003","PRPO.W3.20180430.FIL","A00000017340","2018-04-30T15:43Z","2018-04-30T15:43Z","EcoCore_CSU","K",10.3688,"milligramsPerLiter",2.2,,0,"formatChange","GOOD"
"b48c1817-6545-4906-add7-e37a579306cd","D09","PRPO","PRPO.AOS.groundwater.well.003","PRPO.W3.20180430.FIL","A00000017340","2018-04-30T15:43Z","2018-04-30T15:43Z","EcoCore_CSU","SO4",1078.3410,"milligramsPerLiter",2.2,,0,"formatChange","GOOD"
"30498e72-b6c6-4e54-b621-ea7e13c8b421","D09","PRPO","PRPO.AOS.groundwater.well.003","PRPO.W3.20180430.FIL","A00000017340","2018-04-30T15:43Z","2018-04-30T15:43Z","EcoCore_CSU","TDN",0.5451,"milligramsPerLiter",2.2,,0,"formatChange","GOOD"
"ff734e39-2207-4433-84c1-9da3df05fd12","D09","PRPO","PRPO.AOS.groundwater.well.003","PRPO.W3.20180430.RAW","A00000017344","2018-04-30T15:43Z","2018-04-30T15:43Z","EcoCore_CSU","conductivity",2633.0000,"microsiemensPerCentimeter",2.2,,0,"formatChange","GOOD"
"dd689c5e-116c-4186-bd52-19a19efe7d44","D09","PRPO","PRPO.AOS.groundwater.well.003","PRPO.W3.20180430.FIL","A00000017340","2018-04-30T15:43Z","2018-04-30T15:43Z","EcoCore_CSU","NO3+NO2 - N",0.1330,"milligramsPerLiter",2.2,,0,"formatChange","GOOD"
"da150933-bf86-47cf-b93d-74760b75a18e","D09","PRPO","PRPO.AOS.groundwater.well.003","PRPO.W3.20180430.FIL","A00000017340","2018-04-30T15:43Z","2018-04-30T15:43Z","EcoCore_CSU","Ca",245.7560,"milligramsPerLiter",2.2,,0,"formatChange","GOOD"
"6596f52d-81c7-4979-b990-e4417f7203a1","D09","PRPO","PRPO.AOS.groundwater.well.003","PRPO.W3.20180430.FIL","A00000017340","2018-04-30T15:43Z","2018-04-30T15:43Z","EcoCore_CSU","Br",0.0050,"milligramsPerLiter",2.2,,0,"formatChange","GOOD"
"bac397ff-0e0a-4e13-91be-17ba66e49724","D09","PRPO","PRPO.AOS.groundwater.well.003","PRPO.W3.20180430.FIL","A00000017340","2018-04-30T15:43Z","2018-04-30T15:43Z","EcoCore_CSU","NO2 - N",0.0147,"milligramsPerLiter",2.2,,0,"formatChange","GOOD"
"969a885b-b956-4b11-9911-980dfe37a843","D09","PRPO","PRPO.AOS.groundwater.well.003","PRPO.W3.20180430.RAW","A00000017344","2018-04-30T15:43Z","2018-04-30T15:43Z","EcoCore_CSU","TSS",2.0000,"milligramsPerLiter",2.2,,0,"formatChange","GOOD"
"c0a0a5ee-a97a-42ad-89d1-ff7b892e3702","D09","PRPO","PRPO.AOS.groundwater.well.003","PRPO.W3.20180430.FIL","A00000017340","2018-04-30T15:43Z","2018-04-30T15:43Z","EcoCore_CSU","NH4 - N",0.0960,"milligramsPerLiter",2.2,,0,"formatChange","GOOD"
"e8357bb3-9eca-4956-936d-d7ff3ebcdc5d","D09","PRPO","PRPO.AOS.groundwater.well.003","PRPO.W3.20180430.RAW","A00000017344","2018-04-30T15:43Z","2018-04-30T15:43Z","EcoCore_CSU","TP",0.0832,"milligramsPerLiter",2.2,,0,"formatChange","GOOD"
"d4a8c2f0-1cfb-496e-99e1-1a7f65303643","D09","PRPO","PRPO.AOS.groundwater.well.003","PRPO.W3.20180430.FIL","A00000017340","2018-04-30T15:43Z","2018-04-30T15:43Z","EcoCore_CSU","DOC",4.7340,"milligramsPerLiter",2.2,,0,"formatChange","GOOD"
"3eaa1f4b-f4be-43bc-a8ec-e326dfbdc34e","D09","PRPO","PRPO.AOS.groundwater.well.003","PRPO.W3.20180430.FIL","A00000017340","2018-04-30T15:43Z","2018-04-30T15:43Z","EcoCore_CSU","Fe",0.0005,"milligramsPerLiter",2.2,,0,"formatChange","GOOD"
"bdd16b01-4593-4426-9b71-51fd268df06b","D09","PRPO","PRPO.AOS.groundwater.well.003","PRPO.W3.20180430.FIL","A00000017340","2018-04-30T15:43Z","2018-04-30T15:43Z","EcoCore_CSU","DIC",143.6000,"milligramsPerLiter",2.2,,0,"formatChange","GOOD"
"de139b45-23b5-413d-9ce3-0d30f6a95034","D09","PRPO","PRPO.AOS.groundwater.well.005","PRPO.W5.20180430.FIL","A00000017357","2018-04-30T17:33Z","2018-04-30T17:33Z","EcoCore_CSU","NO2 - N",0.0149,"milligramsPerLiter",2.2,,0,"formatChange","GOOD"
"24dc707a-f07a-46bc-9db5-c2381e130b66","D09","PRPO","PRPO.AOS.groundwater.well.005","PRPO.W5.20180430.FIL","A00000017357","2018-04-30T17:33Z","2018-04-30T17:33Z","EcoCore_CSU","CO3",0.0050,"milligramsPerLiter",2.2,,0,"formatChange","GOOD"
"7d721ebd-1b60-402a-899a-709ff451f53b","D09","PRPO","PRPO.AOS.groundwater.well.005","PRPO.W5.20180430.RAW","A00000017361","2018-04-30T17:33Z","2018-04-30T17:33Z","EcoCore_CSU","TP",0.0050,"milligramsPerLiter",2.2,,0,"formatChange","GOOD"
"601cf60b-8109-4ee2-b7bc-2e4f93a9d1b5","D09","PRPO","PRPO.AOS.groundwater.well.005","PRPO.W5.20180430.FIL","A00000017357","2018-04-30T17:33Z","2018-04-30T17:33Z","EcoCore_CSU","TDP",0.0025,"milligramsPerLiter",2.2,,0,"formatChange","GOOD"
"92fd6354-71f6-4201-8d3f-e178735e087b","D09","PRPO","PRPO.AOS.groundwater.well.005","PRPO.W5.20180430.FIL","A00000017357","2018-04-30T17:33Z","2018-04-30T17:33Z","EcoCore_CSU","Si",10.9021,"milligramsPerLiter",2.2,,0,"formatChange","GOOD"
"cc1cbcad-887f-4b26-b1b3-f104fdf3d320","D09","PRPO","PRPO.AOS.groundwater.well.005","PRPO.W5.20180430.FIL","A00000017357","2018-04-30T17:33Z","2018-04-30T17:33Z","EcoCore_CSU","DOC",9.6570,"milligramsPerLiter",2.2,,0,"formatChange","GOOD"
"9def57e9-b13e-42ed-90ea-649d56285179","D09","PRPO","PRPO.AOS.groundwater.well.005","PRPO.W5.20180430.FIL","A00000017357","2018-04-30T17:33Z","2018-04-30T17:33Z","EcoCore_CSU","Ca",410.5960,"milligramsPerLiter",2.2,,0,"formatChange","GOOD"
"1685fca1-0099-4e44-82cd-403e584320f3","D09","PRPO","PRPO.AOS.groundwater.well.005","PRPO.W5.20180430.FIL","A00000017357","2018-04-30T17:33Z","2018-04-30T17:33Z","EcoCore_CSU","DIC",112.8000,"milligramsPerLiter",2.2,,0,"formatChange","GOOD"
"72d544f2-4bc1-46c9-b0dc-555ed11e3141","D09","PRPO","PRPO.AOS.groundwater.well.005","PRPO.W5.20180430.RAW","A00000017361","2018-04-30T17:33Z","2018-04-30T17:33Z","EcoCore_CSU","ANC",10.6300,"milliequivalentsPerLiter",2.2,,0,"formatChange","GOOD"
"a9ff3d54-2880-4d2b-8d3c-94a3c59188b3","D09","PRPO","PRPO.AOS.groundwater.well.005","PRPO.W5.20180430.FIL","A00000017357","2018-04-30T17:33Z","2018-04-30T17:33Z","EcoCore_CSU","TDS",3968.1000,"milligramsPerLiter",2.2,,0,"formatChange","GOOD"
"be97539f-3758-4b0d-bb4d-7023995e3940","D09","PRPO","PRPO.AOS.groundwater.well.005","PRPO.W5.20180430.RAW","A00000017361","2018-04-30T17:33Z","2018-04-30T17:33Z","EcoCore_CSU","conductivity",5647.0000,"microsiemensPerCentimeter",2.2,,0,"formatChange","GOOD"
"e36bb2a7-f08c-44c3-b92f-8cca3900703e","D09","PRPO","PRPO.AOS.groundwater.well.005","PRPO.W5.20180430.FIL","A00000017357","2018-04-30T17:33Z","2018-04-30T17:33Z","EcoCore_CSU","TDN",0.5733,"milligramsPerLiter",2.2,,0,"formatChange","GOOD"
"007581f9-7742-4bb7-8f75-058472ba9198","D09","PRPO","PRPO.AOS.groundwater.well.005","PRPO.W5.20180430.FIL","A00000017357","2018-04-30T17:33Z","2018-04-30T17:33Z","EcoCore_CSU","UV Absorbance (250 nm)",0.1476,,2.2,,0,"formatChange","GOOD"
"efedd4ca-2751-4712-8b40-3a92e454570f","D09","PRPO","PRPO.AOS.groundwater.well.005","PRPO.W5.20180430.FIL","A00000017357","2018-04-30T17:33Z","2018-04-30T17:33Z","EcoCore_CSU","SO4",2908.2120,"milligramsPerLiter",2.2,,0,"formatChange","GOOD"
"a7383f6e-a43b-4346-8295-8df08a8597a0","D09","PRPO","PRPO.AOS.groundwater.well.005","PRPO.W5.20180430.FIL","A00000017357","2018-04-30T17:33Z","2018-04-30T17:33Z","EcoCore_CSU","HCO3",645.2300,"milligramsPerLiter",2.2,,0,"formatChange","GOOD"
"45d4ce64-a938-451e-b989-9e59504fc6b3","D09","PRPO","PRPO.AOS.groundwater.well.005","PRPO.W5.20180430.PCN","A00000016313","2018-04-30T17:33Z","2018-04-30T17:33Z","EcoCore_CSU","TPC",0.3395,"milligram",2.2,,0,"formatChange","GOOD"
"f367f0a2-e8fd-465b-9047-6963187ae231","D09","PRPO","PRPO.AOS.groundwater.well.005","PRPO.W5.20180430.PCN","A00000016313","2018-04-30T17:33Z","2018-04-30T17:33Z","EcoCore_CSU","TPN",0.0920,"milligram",2.2,,0,"formatChange","GOOD"
"6e77b556-a2c3-43cd-9c8c-27d0fc9ca31a","D09","PRPO","PRPO.AOS.groundwater.well.005","PRPO.W5.20180430.FIL","A00000017357","2018-04-30T17:33Z","2018-04-30T17:33Z","EcoCore_CSU","Br",0.0050,"milligramsPerLiter",2.2,,0,"formatChange","GOOD"
"54e037c1-544d-4050-8341-11cb3f5a122a","D09","PRPO","PRPO.AOS.groundwater.well.005","PRPO.W5.20180430.FIL","A00000017357","2018-04-30T17:33Z","2018-04-30T17:33Z","EcoCore_CSU","NH4 - N",0.0563,"milligramsPerLiter",2.2,,0,"formatChange","GOOD"
"1d187fc0-34a9-453b-9721-7b3a1aecce01","D09","PRPO","PRPO.AOS.groundwater.well.005","PRPO.W5.20180430.FIL","A00000017357","2018-04-30T17:33Z","2018-04-30T17:33Z","EcoCore_CSU","Cl",20.5662,"milligramsPerLiter",2.2,,0,"formatChange","GOOD"
"93627deb-cbf0-4c32-9873-497e1c8fcdab","D09","PRPO","PRPO.AOS.groundwater.well.005","PRPO.W5.20180430.RAW","A00000017361","2018-04-30T17:33Z","2018-04-30T17:33Z","EcoCore_CSU","TSS",4.0000,"milligramsPerLiter",2.2,,0,"formatChange","GOOD"
"fd307887-e02e-4886-9cf7-cb1c71e52cbe","D09","PRPO","PRPO.AOS.groundwater.well.005","PRPO.W5.20180430.RAW","A00000017361","2018-04-30T17:33Z","2018-04-30T17:33Z","EcoCore_CSU","TN",0.5792,"milligramsPerLiter",2.2,,0,"formatChange","GOOD"
"3853aec4-9b50-4a1f-bc81-c77df59dbf9a","D09","PRPO","PRPO.AOS.groundwater.well.005","PRPO.W5.20180430.FIL","A00000017357","2018-04-30T17:33Z","2018-04-30T17:33Z","EcoCore_CSU","Mn",0.0054,"milligramsPerLiter",2.2,,0,"formatChange","GOOD"
"256ff6be-984b-4452-815e-ee8253a71f3c","D09","PRPO","PRPO.AOS.groundwater.well.005","PRPO.W5.20180430.FIL","A00000017357","2018-04-30T17:33Z","2018-04-30T17:33Z","EcoCore_CSU","Fe",0.0005,"milligramsPerLiter",2.2,,0,"formatChange","GOOD"
"2e87de81-5abc-4647-83f0-f722f311ca41","D09","PRPO","PRPO.AOS.groundwater.well.005","PRPO.W5.20180430.FIL","A00000017357","2018-04-30T17:33Z","2018-04-30T17:33Z","EcoCore_CSU","K",20.2542,"milligramsPerLiter",2.2,,0,"formatChange","GOOD"
"237787a4-35f7-4185-920b-cf598072ab35","D09","PRPO","PRPO.AOS.groundwater.well.005","PRPO.W5.20180430.FIL","A00000017357","2018-04-30T17:33Z","2018-04-30T17:33Z","EcoCore_CSU","Na",377.4550,"milligramsPerLiter",2.2,,0,"formatChange","GOOD"
"f7009a66-5251-4762-95ec-c8b25678089c","D09","PRPO","PRPO.AOS.groundwater.well.005","PRPO.W5.20180430.FIL","A00000017357","2018-04-30T17:33Z","2018-04-30T17:33Z","EcoCore_CSU","F",0.0050,"milligramsPerLiter",2.2,,0,"formatChange","GOOD"
"1d36c300-2e21-4a82-81d7-21d65f7fd2ce","D09","PRPO","PRPO.AOS.groundwater.well.005","PRPO.W5.20180430.RAW","A00000017361","2018-04-30T17:33Z","2018-04-30T17:33Z","EcoCore_CSU","pH",6.7700,"pH",2.2,,0,"formatChange","GOOD"
"9e5b1606-70bc-40e8-9471-8ed4fb9ce89c","D09","PRPO","PRPO.AOS.groundwater.well.005","PRPO.W5.20180430.FIL","A00000017357","2018-04-30T17:33Z","2018-04-30T17:33Z","EcoCore_CSU","NO3+NO2 - N",0.0671,"milligramsPerLiter",2.2,,0,"formatChange","GOOD"
"c1c63516-546c-484e-9e21-0164fd6d099f","D09","PRPO","PRPO.AOS.groundwater.well.005","PRPO.W5.20180430.FIL","A00000017357","2018-04-30T17:33Z","2018-04-30T17:33Z","EcoCore_CSU","Mg",411.0410,"milligramsPerLiter",2.2,,0,"formatChange","GOOD"
"e94a6aef-07b6-4604-a88a-40b7fa7f1180","D09","PRPO","PRPO.AOS.groundwater.well.005","PRPO.W5.20180430.FIL","A00000017357","2018-04-30T17:33Z","2018-04-30T17:33Z","EcoCore_CSU","Ortho - P",0.0160,"milligramsPerLiter",2.2,,0,"formatChange","GOOD"
"8d71075b-79e0-4766-b231-65c288ae734a","D09","PRPO","PRPO.AOS.groundwater.well.005","PRPO.W5.20180430.RAW","A00000017361","2018-04-30T17:33Z","2018-04-30T17:33Z","EcoCore_CSU","TSS - Dry Mass",200.0000,"microgram",2.2,,0,"formatChange","GOOD"
"d42b7019-f5d8-4545-8e8c-538940f83eaa","D09","PRPO","PRPO.AOS.groundwater.well.005","PRPO.W5.20180430.RAW","A00000017361","2018-04-30T17:33Z","2018-04-30T17:33Z","EcoCore_CSU","TOC",9.3370,"milligramsPerLiter",2.2,,0,"formatChange","GOOD"
"966d5758-3b3c-454a-add5-b8d071e47187","D09","PRPO","PRPO.AOS.groundwater.well.005","PRPO.W5.20180430.FIL","A00000017357","2018-04-30T17:33Z","2018-04-30T17:33Z","EcoCore_CSU","UV Absorbance (280 nm)",0.0828,,2.2,,0,"formatChange","GOOD"
"327abb6d-cd5c-43c8-9b6a-2fdef9da79d7","D09","PRPO","PRPO.AOS.groundwater.well.007","PRPO.W7.20180430.FIL","A00000017374","2018-04-30T18:38Z","2018-04-30T18:38Z","EcoCore_CSU","Ortho - P",0.0160,"milligramsPerLiter",2.2,"only 250 ml received for filtered sample",0,"formatChange","Other"
"ddb111ac-b9c4-4379-8987-75d0cee6273f","D09","PRPO","PRPO.AOS.groundwater.well.007","PRPO.W7.20180430.RAW","A00000017378","2018-04-30T18:38Z","2018-04-30T18:38Z","EcoCore_CSU","conductivity",1362.0000,"microsiemensPerCentimeter",2.2,,0,"formatChange","GOOD"
"100fd854-6bbc-49aa-bd9e-ca123fc168a3","D09","PRPO","PRPO.AOS.groundwater.well.007","PRPO.W7.20180430.FIL","A00000017374","2018-04-30T18:38Z","2018-04-30T18:38Z","EcoCore_CSU","CO3",0.0050,"milligramsPerLiter",2.2,"only 250 ml received for filtered sample",0,"formatChange","Other"
"8d9ef182-4861-45e2-9487-c9ada61679d7","D09","PRPO","PRPO.AOS.groundwater.well.007","PRPO.W7.20180430.FIL","A00000017374","2018-04-30T18:38Z","2018-04-30T18:38Z","EcoCore_CSU","HCO3",362.4100,"milligramsPerLiter",2.2,"only 250 ml received for filtered sample",0,"formatChange","Other"
"3740e45f-5c66-4ada-aeab-2906621ebc06","D09","PRPO","PRPO.AOS.groundwater.well.007","PRPO.W7.20180430.FIL","A00000017374","2018-04-30T18:38Z","2018-04-30T18:38Z","EcoCore_CSU","Na",0.3310,"milligramsPerLiter",2.2,"only 250 ml received for filtered sample",0,"formatChange","Other"
"a7593edd-5a83-4208-b6e3-c4c8102a4edd","D09","PRPO","PRPO.AOS.groundwater.well.007","PRPO.W7.20180430.FIL","A00000017374","2018-04-30T18:38Z","2018-04-30T18:38Z","EcoCore_CSU","TDN",0.2312,"milligramsPerLiter",2.2,"only 250 ml received for filtered sample",0,"formatChange","Other"
"b80698c8-818b-4a1c-bea5-d455dd584b45","D09","PRPO","PRPO.AOS.groundwater.well.007","PRPO.W7.20180430.PCN","A00000016314","2018-04-30T18:38Z","2018-04-30T18:38Z","EcoCore_CSU","TPN",4.7814,"milligram",2.2,,0,"formatChange","GOOD"
"72bcf6a2-7469-4a81-8fc3-9dfc2d769c75","D09","PRPO","PRPO.AOS.groundwater.well.007","PRPO.W7.20180430.FIL","A00000017374","2018-04-30T18:38Z","2018-04-30T18:38Z","EcoCore_CSU","Mg",64.0712,"milligramsPerLiter",2.2,"only 250 ml received for filtered sample",0,"formatChange","Other"
"884bf166-1578-4014-8100-7067f688fcbd","D09","PRPO","PRPO.AOS.groundwater.well.007","PRPO.W7.20180430.FIL","A00000017374","2018-04-30T18:38Z","2018-04-30T18:38Z","EcoCore_CSU","SO4",246.9759,"milligramsPerLiter",2.2,"only 250 ml received for filtered sample",0,"formatChange","Other"
"2edb1ecd-ee03-45c6-8c47-e79669ae51bc","D09","PRPO","PRPO.AOS.groundwater.well.007","PRPO.W7.20180430.FIL","A00000017374","2018-04-30T18:38Z","2018-04-30T18:38Z","EcoCore_CSU","TDS",954.1000,"milligramsPerLiter",2.2,"only 250 ml received for filtered sample",0,"formatChange","Other"
"652ffc1a-748b-4a4e-9a2e-0317d15eb905","D09","PRPO","PRPO.AOS.groundwater.well.007","PRPO.W7.20180430.RAW","A00000017378","2018-04-30T18:38Z","2018-04-30T18:38Z","EcoCore_CSU","pH",6.9100,"pH",2.2,,0,"formatChange","GOOD"
"93e789a6-7a46-428e-8ee1-cd762774e8da","D09","PRPO","PRPO.AOS.groundwater.well.007","PRPO.W7.20180430.FIL","A00000017374","2018-04-30T18:38Z","2018-04-30T18:38Z","EcoCore_CSU","K",4.6943,"milligramsPerLiter",2.2,"only 250 ml received for filtered sample",0,"formatChange","Other"
"5e953726-a477-4780-a7e6-ad52526aee40","D09","PRPO","PRPO.AOS.groundwater.well.007","PRPO.W7.20180430.FIL","A00000017374","2018-04-30T18:38Z","2018-04-30T18:38Z","EcoCore_CSU","Cl",0.8530,"milligramsPerLiter",2.2,"only 250 ml received for filtered sample",0,"formatChange","Other"
"8b20032b-2f2b-4cc8-a6bb-50c61715cc16","D09","PRPO","PRPO.AOS.groundwater.well.007","PRPO.W7.20180430.FIL","A00000017374","2018-04-30T18:38Z","2018-04-30T18:38Z","EcoCore_CSU","TDP",0.0057,"milligramsPerLiter",2.2,"only 250 ml received for filtered sample",0,"formatChange","Other"
"0fef39e8-5c60-4d10-bfbd-f482b2e72a68","D09","PRPO","PRPO.AOS.groundwater.well.007","PRPO.W7.20180430.FIL","A00000017374","2018-04-30T18:38Z","2018-04-30T18:38Z","EcoCore_CSU","UV Absorbance (250 nm)",0.0466,,2.2,"only 250 ml received for filtered sample",0,"formatChange","Other"
"4ddbc1d2-94e8-4745-ab34-c3f3b2af4501","D09","PRPO","PRPO.AOS.groundwater.well.007","PRPO.W7.20180430.FIL","A00000017374","2018-04-30T18:38Z","2018-04-30T18:38Z","EcoCore_CSU","Ca",111.6180,"milligramsPerLiter",2.2,"only 250 ml received for filtered sample",0,"formatChange","Other"
"6b7c2029-d3fd-4b98-a897-e7c8e7cfdffe","D09","PRPO","PRPO.AOS.groundwater.well.007","PRPO.W7.20180430.RAW","A00000017378","2018-04-30T18:38Z","2018-04-30T18:38Z","EcoCore_CSU","ANC",6.2700,"milliequivalentsPerLiter",2.2,,0,"formatChange","GOOD"
"a9de0057-bbb0-4aa9-b116-d9e3ec5d7dfa","D09","PRPO","PRPO.AOS.groundwater.well.007","PRPO.W7.20180430.FIL","A00000017374","2018-04-30T18:38Z","2018-04-30T18:38Z","EcoCore_CSU","DOC",3.3530,"milligramsPerLiter",2.2,"only 250 ml received for filtered sample",0,"formatChange","Other"
"b24778e4-34f4-437f-a190-9af3fd5be071","D09","PRPO","PRPO.AOS.groundwater.well.007","PRPO.W7.20180430.FIL","A00000017374","2018-04-30T18:38Z","2018-04-30T18:38Z","EcoCore_CSU","F",0.0050,"milligramsPerLiter",2.2,"only 250 ml received for filtered sample",0,"formatChange","Other"
"e4ae1ddd-7220-42e6-96fa-cb1502e008e1","D09","PRPO","PRPO.AOS.groundwater.well.007","PRPO.W7.20180430.FIL","A00000017374","2018-04-30T18:38Z","2018-04-30T18:38Z","EcoCore_CSU","Mn",0.0005,"milligramsPerLiter",2.2,"only 250 ml received for filtered sample",0,"formatChange","Other"
"32c8a815-e7b5-4259-99ee-92314f28815f","D09","PRPO","PRPO.AOS.groundwater.well.007","PRPO.W7.20180430.RAW","A00000017378","2018-04-30T18:38Z","2018-04-30T18:38Z","EcoCore_CSU","TSS",12.0000,"milligramsPerLiter",2.2,,0,"formatChange","GOOD"
"d78a6195-c6c0-4c39-9464-938990504673","D09","PRPO","PRPO.AOS.groundwater.well.007","PRPO.W7.20180430.FIL","A00000017374","2018-04-30T18:38Z","2018-04-30T18:38Z","EcoCore_CSU","Fe",0.0005,"milligramsPerLiter",2.2,"only 250 ml received for filtered sample",0,"formatChange","Other"
"d64e583c-4f36-440b-8e81-9817a95d1c25","D09","PRPO","PRPO.AOS.groundwater.well.007","PRPO.W7.20180430.FIL","A00000017374","2018-04-30T18:38Z","2018-04-30T18:38Z","EcoCore_CSU","UV Absorbance (280 nm)",0.0241,,2.2,"only 250 ml received for filtered sample",0,"formatChange","Other"
"d1d098c7-36f4-482b-849f-8ebefb080604","D09","PRPO","PRPO.AOS.groundwater.well.007","PRPO.W7.20180430.RAW","A00000017378","2018-04-30T18:38Z","2018-04-30T18:38Z","EcoCore_CSU","TP",0.0535,"milligramsPerLiter",2.2,,0,"formatChange","GOOD"
"bfeb65a5-150e-4bca-ab04-84c1ee2c52ee","D09","PRPO","PRPO.AOS.groundwater.well.007","PRPO.W7.20180430.RAW","A00000017378","2018-04-30T18:38Z","2018-04-30T18:38Z","EcoCore_CSU","TOC",3.3240,"milligramsPerLiter",2.2,,0,"formatChange","GOOD"
"dfbed1d2-a269-4ccd-aa6f-d243e9b335f9","D09","PRPO","PRPO.AOS.groundwater.well.007","PRPO.W7.20180430.RAW","A00000017378","2018-04-30T18:38Z","2018-04-30T18:38Z","EcoCore_CSU","TSS - Dry Mass",600.0000,"microgram",2.2,,0,"formatChange","GOOD"
"df12a62d-5e8d-4d86-8f48-a9f61326501e","D09","PRPO","PRPO.AOS.groundwater.well.007","PRPO.W7.20180430.RAW","A00000017378","2018-04-30T18:38Z","2018-04-30T18:38Z","EcoCore_CSU","TN",0.2439,"milligramsPerLiter",2.2,,0,"formatChange","GOOD"
"048abc53-f14d-4215-ac72-366af906b7f1","D09","PRPO","PRPO.AOS.groundwater.well.007","PRPO.W7.20180430.PCN","A00000016314","2018-04-30T18:38Z","2018-04-30T18:38Z","EcoCore_CSU","TPC",0.3040,"milligram",2.2,,0,"formatChange","GOOD"
"2c7593b2-7fe3-4255-af63-4848fc2761a0","D09","PRPO","PRPO.AOS.groundwater.well.007","PRPO.W7.20180430.FIL","A00000017374","2018-04-30T18:38Z","2018-04-30T18:38Z","EcoCore_CSU","NH4 - N",0.0029,"milligramsPerLiter",2.2,"only 250 ml received for filtered sample",0,"formatChange","Other"
"bc5d3a2f-16e7-492f-a49e-404bffaee1a9","D09","PRPO","PRPO.AOS.groundwater.well.007","PRPO.W7.20180430.FIL","A00000017374","2018-04-30T18:38Z","2018-04-30T18:38Z","EcoCore_CSU","Br",0.0050,"milligramsPerLiter",2.2,"only 250 ml received for filtered sample",0,"formatChange","Other"
"3bd878aa-cccd-48ac-852a-cc880cb0b447","D09","PRPO","PRPO.AOS.groundwater.well.007","PRPO.W7.20180430.FIL","A00000017374","2018-04-30T18:38Z","2018-04-30T18:38Z","EcoCore_CSU","NO3+NO2 - N",-0.0030,"milligramsPerLiter",2.2,"only 250 ml received for filtered sample",0,"formatChange","Other"
"3ff4e4e5-7826-41c4-a499-21c3ed004176","D09","PRPO","PRPO.AOS.groundwater.well.007","PRPO.W7.20180430.FIL","A00000017374","2018-04-30T18:38Z","2018-04-30T18:38Z","EcoCore_CSU","DIC",136.4000,"milligramsPerLiter",2.2,"only 250 ml received for filtered sample",0,"formatChange","Other"
"e0abdaeb-5bb9-49e7-8684-6a7d3e5e95fc","D09","PRPO","PRPO.AOS.groundwater.well.007","PRPO.W7.20180430.FIL","A00000017374","2018-04-30T18:38Z","2018-04-30T18:38Z","EcoCore_CSU","Si",11.8062,"milligramsPerLiter",2.2,"only 250 ml received for filtered sample",0,"formatChange","Other"
"c1cf63bb-a259-412d-a6da-2fd0ac899ef2","D09","PRPO","PRPO.AOS.groundwater.well.007","PRPO.W7.20180430.FIL","A00000017374","2018-04-30T18:38Z","2018-04-30T18:38Z","EcoCore_CSU","NO2 - N",0.0146,"milligramsPerLiter",2.2,"only 250 ml received for filtered sample",0,"formatChange","Other"
