uid,domainID,siteID,namedLocation,decimalLatitude,decimalLongitude,coordinateUncertainty,elevation,elevationUncertainty,geodeticDatum,collectDate,aquaticSiteType,samplingImpractical,waterChemSamplesCollected,adequateSampleVol,parentSampleID,eventID,swcSamplingProtocolVersion,sampleExtractionMethod,samplerType,totalWellDepth,wellWaterDepth,waterColumnHeight,sampleDepth,purgeAverageDischargeRate,purgeTime,gwWellStabilized,purgeDryDateTime,pumpPlacementDate,screenedIntervalDepth,maxAllowableDrawdown,actualDrawdown,MADExceeded,wellVolumePurged,probeIDUnavailable,dissolvedOxygen,dissolvedOxygenSaturation,specificConductance,waterTemp,pH,waterClarityDescrip,waterColorDescrip,aCollectedBy,bCollectedBy,remarks
"81582006-6ecc-420b-a0a1-6b0e3c390ad1","D09","PRPO","PRPO.AOS.groundwater.well.001",47.129125,-99.251580,0.1,592.0,0.1,"WGS84","2018-04-30T14:15Z","lake",,,,"PRPO.W1.20180430","PRPO.20180430","NEON.DOC.002905vE","low-flow","Groundwater Pump",7.2,2.3,4.9,3.3,,,,,,,,,,6.7,,1.58,13.30,5435.00,5.80,,"clear","colorless","aanteau@neoninc.org","jeldridge@neoninc.org",
"892d1f9b-1cae-437d-8fe8-f728d40ab101","D09","PRPO","PRPO.AOS.groundwater.well.003",47.127319,-99.255063,0.1,594.4,0.1,"WGS84","2018-04-30T15:43Z","lake",,,,"PRPO.W3.20180430","PRPO.20180430","NEON.DOC.000694vE","low-flow","Groundwater Pump",9.4,4.0,5.4,5.0,,,,,,,,,,4.6,,0.48,4.00,2333.00,7.20,,"clear","colorless","aanteau@neoninc.org","bwaite@battelleecology.org",
"a674dc71-5551-4203-a1cb-7f36f55daf53","D09","PRPO","PRPO.AOS.groundwater.well.005",47.129698,-99.255141,0.1,592.6,0.1,"WGS84","2018-04-30T17:33Z","lake",,,,"PRPO.W5.20180430","PRPO.20180430","NEON.DOC.002905vE","low-flow","Groundwater Pump",7.6,3.0,4.6,4.0,,,,,,,,,,4.0,,1.93,17.00,4873.00,6.40,,"clear","colorless","aanteau@neoninc.org","bwaite@battelleecology.org",
"e2489452-4817-41c1-82fb-dcbae4b6266d","D09","PRPO","PRPO.AOS.groundwater.well.007",47.131704,-99.250610,0.1,592.6,0.1,"WGS84","2018-04-30T18:38Z","lake",,,,"PRPO.W7.20180430","PRPO.20180430","NEON.DOC.002905vE","low-flow","Groundwater Pump",8.2,3.2,5.0,4.2,,,,,,,,,,4.5,,1.78,15.40,1207.00,6.90,,"clear","colorless","aanteau@neoninc.org","bwaite@battelleecology.org",
