uid,domainID,siteID,namedLocation,collectDate,titrationDate,parentSampleID,domainSampleID,remarks,measuredBy,alkMeqPerL,alkMgPerL,ancMeqPerL,ancMgPerL
"36b794ae-ca09-4c27-bac1-ce5207918ba2","D09","PRPO","PRPO.AOS.groundwater.well.001","2018-04-30T14:15Z","2018-05-01T16:45Z","PRPO.W1.20180430","PRPO.W1.20180430.ALK",,"dfarkas@battelleecology.org",7.400,370.000,,
"2c706236-4c86-491d-ac80-e9340f564311","D09","PRPO","PRPO.AOS.groundwater.well.003","2018-04-30T15:43Z","2018-05-01T16:15Z","PRPO.W3.20180430","PRPO.W3.20180430.ALK",,"dfarkas@battelleecology.org",9.430,472.000,,
"3b69b4e9-0e7f-4393-b3a2-ed8d1d93842f","D09","PRPO","PRPO.AOS.groundwater.well.005","2018-04-30T17:33Z","2018-05-01T15:00Z","PRPO.W5.20180430","PRPO.W5.20180430.ALK",,"dfarkas@battelleecology.org",8.330,417.000,,
"866474fb-a4f8-4cc8-8b6d-4e21c6799ed0","D09","PRPO","PRPO.AOS.groundwater.well.007","2018-04-30T18:38Z","2018-05-01T14:45Z","PRPO.W7.20180430","PRPO.W7.20180430.ALK",,"dfarkas@battelleecology.org",9.400,471.000,,
