uid,domainID,siteID,namedLocation,collectDate,parentSampleID,sampleCondition,sampleID,replicateNumber,gwwDICBubbleFree,gwwFiltSampleHeadspace,gwwAlkSampleHeadspace,gwwAlkSampleBubbleFree,processedDate,processedDateFilters,sampleVolumeFiltered,shipmentTimeRange
"fdc55090-4f96-4025-96bb-5262168cc936","D09","PRPO","PRPO.AOS.groundwater.well.001","2018-04-30T14:15Z","PRPO.W1.20180430","Sample condition ok","PRPO.W1.20180430",1,,,,,"2018-04-30T15:35Z","2018-04-30T16:09Z",500.0,
"64892b28-1f09-4fee-8fed-9d4989851510","D09","PRPO","PRPO.AOS.groundwater.well.003","2018-04-30T15:43Z","PRPO.W3.20180430","Sample condition ok","PRPO.W3.20180430",1,,,,,"2018-04-30T16:31Z","2018-04-30T16:55Z",450.0,
"2bd1e7e2-3faf-4e6b-9918-07458ad3b707","D09","PRPO","PRPO.AOS.groundwater.well.005","2018-04-30T17:33Z","PRPO.W5.20180430","Sample condition ok","PRPO.W5.20180430",1,,,,,"2018-04-30T18:25Z","2018-04-30T18:51Z",400.0,
"48b9b84d-6285-4ddb-88a9-01e61d280fa6","D09","PRPO","PRPO.AOS.groundwater.well.007","2018-04-30T18:38Z","PRPO.W7.20180430","Sample condition ok","PRPO.W7.20180430",1,,,,,"2018-04-30T19:20Z","2018-04-30T19:25Z",300.0,
