uid,domainID,siteID,namedLocation,collectDate,titrationDate,parentSampleID,domainSampleID,remarks,measuredBy,alkMeqPerL,alkMgPerL,ancMeqPerL,ancMgPerL
"720fd911-34cc-46e2-9ad8-3ecf8dfc00a1","D07","WALK","WALK.AOS.groundwater.well.001","2016-06-20T16:00Z","2016-06-20T18:15Z","WALK.W1.20160620","WALK.W1.20160620.ANC",,"jmonroe@field-ops.org",,,3.160,158.000
"604a0436-f754-44ed-b9ff-bd94e0d706c7","D07","WALK","WALK.AOS.groundwater.well.001","2016-06-20T16:00Z","2016-06-20T19:00Z","WALK.W1.20160620","WALK.W1.20160620.ALK",,"jmonroe@field-ops.org",3.080,154.000,,
"f4843e4c-647e-400c-81aa-568b9fe85bfb","D07","WALK","WALK.AOS.groundwater.well.002","2016-06-21T14:00Z","2016-06-21T19:30Z","WALK.W2.20160621","WALK.W2.20160621.ANC",,"jmonroe@field-ops.org",,,3.270,164.000
"da51026b-f357-49f1-8b79-9b8acaf8e90a","D07","WALK","WALK.AOS.groundwater.well.002","2016-06-21T14:00Z","2016-06-21T20:15Z","WALK.W2.20160621","WALK.W2.20160621.ALK",,"jmonroe@field-ops.org",3.300,165.000,,
"49e699bd-152e-4d86-bd9d-bf33dc1a0336","D07","WALK","WALK.AOS.groundwater.well.003","2016-06-21T15:00Z","2016-06-22T13:30Z","WALK.W3.20160621","WALK.W3.20160621.ANC",,"abradner@neoninc.org",,,2.600,130.000
"659b97e9-adc1-4b9b-b879-ff3fc546eb13","D07","WALK","WALK.AOS.groundwater.well.003","2016-06-21T15:00Z","2016-06-22T14:15Z","WALK.W3.20160621","WALK.W3.20160621.ALK",,"abradner@neoninc.org",2.720,136.000,,
