uid,domainID,siteID,namedLocation,decimalLatitude,decimalLongitude,coordinateUncertainty,elevation,elevationUncertainty,geodeticDatum,collectDate,aquaticSiteType,samplingImpractical,waterChemSamplesCollected,adequateSampleVol,parentSampleID,eventID,swcSamplingProtocolVersion,sampleExtractionMethod,samplerType,totalWellDepth,wellWaterDepth,waterColumnHeight,sampleDepth,purgeAverageDischargeRate,purgeTime,gwWellStabilized,purgeDryDateTime,pumpPlacementDate,screenedIntervalDepth,maxAllowableDrawdown,actualDrawdown,MADExceeded,wellVolumePurged,probeIDUnavailable,dissolvedOxygen,dissolvedOxygenSaturation,specificConductance,waterTemp,pH,waterClarityDescrip,waterColorDescrip,aCollectedBy,bCollectedBy,remarks
"cea0631d-5f8e-4ab4-896d-a98f920615f7","D05","LIRO","LIRO.AOS.groundwater.well.004",46.000149,-89.701040,2.4,500.6,1.2,"WGS84","2019-10-23T18:02Z","lake",,,"Y","LIRO.W4.20191023","LIRO.20191023","NEON.DOC.002905vF","low-flow","Groundwater Pump",10.0,5.8,4.3,6.8,,,,,,,,,,3.9,,9.31,77.80,86.90,7.60,6.35,"clear","colorless","0000-0003-1075-1249","0000-0001-8705-5714",
"3f61984b-d6b1-46e4-bdf4-29503be381c7","D05","LIRO","LIRO.AOS.groundwater.well.007",46.001007,-89.705512,2.4,501.3,1.2,"WGS84","2019-10-23T19:17Z","lake",,,"Y","LIRO.W7.20191023","LIRO.20191023","NEON.DOC.002905vF","low-flow","Groundwater Pump",11.5,6.7,4.8,7.7,,,,,,,,,,3.2,,10.21,87.10,33.90,8.40,5.84,"clear","colorless","0000-0003-1075-1249","0000-0001-8705-5714",
"60cede90-c0aa-4f2c-88d8-70ad98ed7bea","D05","LIRO","LIRO.AOS.groundwater.well.002",45.994405,-89.707149,2.4,501.2,1.2,"WGS84","2019-10-23T20:36Z","lake",,,"Y","LIRO.W2.20191023","LIRO.20191023","NEON.DOC.002905vF","low-flow","Groundwater Pump",10.2,6.4,3.7,7.4,,,,,,,,,,3.2,,9.85,82.80,52.60,7.80,6.07,"clear","colorless","0000-0003-1075-1249","0000-0001-8705-5714",
"14c7669e-3ff8-4253-89ce-7b55e0dd8582","D05","LIRO","LIRO.AOS.groundwater.well.001",45.994754,-89.707967,2.4,505.9,1.2,"WGS84","2019-10-23T21:47Z","lake",,,"Y","LIRO.W1.20191023","LIRO.20191023","NEON.DOC.002905vF","low-flow","Groundwater Pump",14.6,11.3,3.3,12.3,,,,,,,,,,5.3,,8.61,70.90,56.90,7.10,6.28,"clear","colorless","0000-0003-1075-1249","0000-0001-8705-5714",
