uid,domainID,siteID,namedLocation,sampleID,sampleCode,startDate,collectDate,laboratoryName,analyte,analyteConcentration,analyteUnits,coolerTemp,remarks,shipmentWarmQF,externalLabDataQF,sampleCondition
"c7f6b703-8a29-4781-9e42-8b158f15f5ed","D05","LIRO","LIRO.AOS.groundwater.well.004","LIRO.W4.20191023.FIL","A00000078877","2019-10-23T18:02Z","2019-10-23T18:02Z","EcoCore_CSU","Fe",0.0005,"milligramsPerLiter",5.6,,0,,"OK"
"7caad9b8-c1a9-4032-b08c-f155b2b3849c","D05","LIRO","LIRO.AOS.groundwater.well.004","LIRO.W4.20191023.FIL","A00000078877","2019-10-23T18:02Z","2019-10-23T18:02Z","EcoCore_CSU","Ca",10.2850,"milligramsPerLiter",5.6,,0,,"OK"
"8149bc2c-2d97-4466-8707-6b7ce127dfd3","D05","LIRO","LIRO.AOS.groundwater.well.004","LIRO.W4.20191023.FIL","A00000078877","2019-10-23T18:02Z","2019-10-23T18:02Z","EcoCore_CSU","TDP",0.0060,"milligramsPerLiter",5.6,,0,,"OK"
"233026ce-72ec-4423-919d-2b1678babad2","D05","LIRO","LIRO.AOS.groundwater.well.004","LIRO.W4.20191023.FIL","A00000078877","2019-10-23T18:02Z","2019-10-23T18:02Z","EcoCore_CSU","F",0.0050,"milligramsPerLiter",5.6,,0,,"OK"
"4fa8497e-180c-47dd-8e11-0ce1bf62b173","D05","LIRO","LIRO.AOS.groundwater.well.004","LIRO.W4.20191023.FIL","A00000078877","2019-10-23T18:02Z","2019-10-23T18:02Z","EcoCore_CSU","Br",0.0050,"milligramsPerLiter",5.6,,0,,"OK"
"8afd8239-3fb6-4612-8b86-b698366f54a9","D05","LIRO","LIRO.AOS.groundwater.well.004","LIRO.W4.20191023.FIL","A00000078877","2019-10-23T18:02Z","2019-10-23T18:02Z","EcoCore_CSU","K",0.7760,"milligramsPerLiter",5.6,,0,,"OK"
"f2f60e1a-29be-497e-9c2d-5dc0f9727381","D05","LIRO","LIRO.AOS.groundwater.well.004","LIRO.W4.20191023.FIL","A00000078877","2019-10-23T18:02Z","2019-10-23T18:02Z","EcoCore_CSU","SO4",3.0700,"milligramsPerLiter",5.6,,0,,"OK"
"90324fcd-e70e-4b27-8dc7-a30b123e6da3","D05","LIRO","LIRO.AOS.groundwater.well.004","LIRO.W4.20191023.FIL","A00000078877","2019-10-23T18:02Z","2019-10-23T18:02Z","EcoCore_CSU","HCO3",8.4800,"milligramsPerLiter",5.6,,0,,"OK"
"9aac8377-44ca-4c9c-b635-62fe7b9af143","D05","LIRO","LIRO.AOS.groundwater.well.004","LIRO.W4.20191023.FIL","A00000078877","2019-10-23T18:02Z","2019-10-23T18:02Z","EcoCore_CSU","UV Absorbance (280 nm)",0.0456,,5.6,,0,,"OK"
"043f66dc-29c9-4b87-856f-8a6a21360a11","D05","LIRO","LIRO.AOS.groundwater.well.004","LIRO.W4.20191023.FIL","A00000078877","2019-10-23T18:02Z","2019-10-23T18:02Z","EcoCore_CSU","UV Absorbance (250 nm)",0.0512,,5.6,,0,,"OK"
"8480bbb9-f1cc-4682-8413-35f2a5e7a9ae","D05","LIRO","LIRO.AOS.groundwater.well.004","LIRO.W4.20191023.RAW","A00000078872","2019-10-23T18:02Z","2019-10-23T18:02Z","EcoCore_CSU","TN",0.0939,"milligramsPerLiter",5.6,,0,,"OK"
"d01751a9-b7d0-475e-a99b-63d467c76bd2","D05","LIRO","LIRO.AOS.groundwater.well.004","LIRO.W4.20191023.RAW","A00000078872","2019-10-23T18:02Z","2019-10-23T18:02Z","EcoCore_CSU","TOC",1.0610,"milligramsPerLiter",5.6,,0,,"OK"
"88916667-e261-4db5-9125-cbb848ef3757","D05","LIRO","LIRO.AOS.groundwater.well.004","LIRO.W4.20191023.FIL","A00000078877","2019-10-23T18:02Z","2019-10-23T18:02Z","EcoCore_CSU","DIC",9.9390,"milligramsPerLiter",5.6,,0,,"OK"
"532130dc-67a6-424e-9fe9-3082cc5b0f4e","D05","LIRO","LIRO.AOS.groundwater.well.004","LIRO.W4.20191023.FIL","A00000078877","2019-10-23T18:02Z","2019-10-23T18:02Z","EcoCore_CSU","TDN",0.0767,"milligramsPerLiter",0.9,,0,,"OK"
"d75534ca-5041-4bae-96ec-d234f7cce0d5","D05","LIRO","LIRO.AOS.groundwater.well.004","LIRO.W4.20191023.FIL","A00000078877","2019-10-23T18:02Z","2019-10-23T18:02Z","EcoCore_CSU","DOC",1.3300,"milligramsPerLiter",2.8,,0,,"OK"
"650166f0-1ce8-43d6-9563-6d6faf5b04f5","D05","LIRO","LIRO.AOS.groundwater.well.004","LIRO.W4.20191023.FIL","A00000078877","2019-10-23T18:02Z","2019-10-23T18:02Z","EcoCore_CSU","NH4 - N",0.2066,"milligramsPerLiter",5.6,,0,,"OK"
"0769a6be-f8f7-47b3-9924-9c05f363cd18","D05","LIRO","LIRO.AOS.groundwater.well.004","LIRO.W4.20191023.FIL","A00000078877","2019-10-23T18:02Z","2019-10-23T18:02Z","EcoCore_CSU","NO2 - N",-0.0017,"milligramsPerLiter",5.6,,0,,"OK"
"00a831c5-4a1f-458d-b145-1b36b330c5c8","D05","LIRO","LIRO.AOS.groundwater.well.004","LIRO.W4.20191023.FIL","A00000078877","2019-10-23T18:02Z","2019-10-23T18:02Z","EcoCore_CSU","Ortho - P",0.0350,"milligramsPerLiter",5.6,,0,,"OK"
"1735e2ac-f1fb-4a38-9a2d-9aad581ff5eb","D05","LIRO","LIRO.AOS.groundwater.well.004","LIRO.W4.20191023.FIL","A00000078877","2019-10-23T18:02Z","2019-10-23T18:02Z","EcoCore_CSU","NO3+NO2 - N",0.0411,"milligramsPerLiter",5.6,,0,,"OK"
"1c2ac3be-f00d-4b52-a45d-c20a2691509e","D05","LIRO","LIRO.AOS.groundwater.well.004","LIRO.W4.20191023.PCN","A00000078855","2019-10-23T18:02Z","2019-10-23T18:02Z","EcoCore_CSU","TPN",0.0966,"milligram",5.6,,0,,"OK"
"48dc8269-1468-48ee-8353-ed370dab0775","D05","LIRO","LIRO.AOS.groundwater.well.004","LIRO.W4.20191023.PCN","A00000078855","2019-10-23T18:02Z","2019-10-23T18:02Z","EcoCore_CSU","TPC",0.1769,"milligram",5.6,,0,,"OK"
"cc62e38b-4219-4628-a798-57be997d9e6a","D05","LIRO","LIRO.AOS.groundwater.well.004","LIRO.W4.20191023.FIL","A00000078877","2019-10-23T18:02Z","2019-10-23T18:02Z","EcoCore_CSU","Si",10.9000,"milligramsPerLiter",5.6,,0,,"OK"
"9a18d0bc-03b3-46bb-be2d-8bee5e376ad4","D05","LIRO","LIRO.AOS.groundwater.well.004","LIRO.W4.20191023.FIL","A00000078877","2019-10-23T18:02Z","2019-10-23T18:02Z","EcoCore_CSU","TDS",58.1900,"milligramsPerLiter",5.6,,0,,"OK"
"d99c8bbc-c4fe-4339-b612-c85407c3cd9a","D05","LIRO","LIRO.AOS.groundwater.well.004","LIRO.W4.20191023.FIL","A00000078877","2019-10-23T18:02Z","2019-10-23T18:02Z","EcoCore_CSU","Mn",0.0005,"milligramsPerLiter",5.6,,0,,"OK"
"8c7d4e57-7455-4965-87d3-114f95cf28c4","D05","LIRO","LIRO.AOS.groundwater.well.004","LIRO.W4.20191023.FIL","A00000078877","2019-10-23T18:02Z","2019-10-23T18:02Z","EcoCore_CSU","Mg",2.5640,"milligramsPerLiter",5.6,,0,,"OK"
"d5bdc841-87a0-4ffa-ad3c-aa8ad0b88e91","D05","LIRO","LIRO.AOS.groundwater.well.004","LIRO.W4.20191023.FIL","A00000078877","2019-10-23T18:02Z","2019-10-23T18:02Z","EcoCore_CSU","Na",1.7070,"milligramsPerLiter",5.6,,0,,"OK"
"56bbb542-9ad1-4c86-9f6c-4bb4c53a51c7","D05","LIRO","LIRO.AOS.groundwater.well.004","LIRO.W4.20191023.FIL","A00000078877","2019-10-23T18:02Z","2019-10-23T18:02Z","EcoCore_CSU","Cl",21.6300,"milligramsPerLiter",5.6,,0,,"OK"
"904b117a-1a90-4380-a205-0a90aae8c453","D05","LIRO","LIRO.AOS.groundwater.well.004","LIRO.W4.20191023.FIL","A00000078877","2019-10-23T18:02Z","2019-10-23T18:02Z","EcoCore_CSU","CO3",0.0050,"milligramsPerLiter",5.6,,0,,"OK"
"96d87c09-6d9d-413e-b864-0033ed7eab45","D05","LIRO","LIRO.AOS.groundwater.well.004","LIRO.W4.20191023.RAW","A00000078872","2019-10-23T18:02Z","2019-10-23T18:02Z","EcoCore_CSU","specificConductance",82.4700,"microsiemensPerCentimeter",5.6,,0,,"OK"
"3c296dd9-82d1-4442-ae18-b1eeaa510287","D05","LIRO","LIRO.AOS.groundwater.well.004","LIRO.W4.20191023.RAW","A00000078872","2019-10-23T18:02Z","2019-10-23T18:02Z","EcoCore_CSU","TP",0.3620,"milligramsPerLiter",5.6,,0,,"OK"
"365ee9e3-8a32-45a1-9f57-f86b5b9bddf6","D05","LIRO","LIRO.AOS.groundwater.well.004","LIRO.W4.20191023.RAW","A00000078872","2019-10-23T18:02Z","2019-10-23T18:02Z","EcoCore_CSU","TSS - Dry Mass",7300.0000,"microgram",5.6,,0,,"OK"
"a44a7ac2-ab68-4a61-96e0-98473e4ba6eb","D05","LIRO","LIRO.AOS.groundwater.well.004","LIRO.W4.20191023.RAW","A00000078872","2019-10-23T18:02Z","2019-10-23T18:02Z","EcoCore_CSU","ANC",0.1500,"milliequivalentsPerLiter",5.6,,0,,"OK"
"7c234c9b-b0e7-4e29-bec9-6d7c23713d43","D05","LIRO","LIRO.AOS.groundwater.well.004","LIRO.W4.20191023.RAW","A00000078872","2019-10-23T18:02Z","2019-10-23T18:02Z","EcoCore_CSU","pH",6.9200,"pH",5.6,,0,,"OK"
"c9cf0bfe-09f4-43ba-bfde-4dd214e9f2b2","D05","LIRO","LIRO.AOS.groundwater.well.004","LIRO.W4.20191023.RAW","A00000078872","2019-10-23T18:02Z","2019-10-23T18:02Z","EcoCore_CSU","TSS",146.0000,"milligramsPerLiter",5.6,,0,,"OK"
"aee282a9-6a99-402c-9829-b25fc06016d8","D05","LIRO","LIRO.AOS.groundwater.well.007","LIRO.W7.20191023.FIL","A00000078878","2019-10-23T19:17Z","2019-10-23T19:17Z","EcoCore_CSU","Ortho - P",0.0352,"milligramsPerLiter",5.6,,0,,"OK"
"092ddd46-f81d-40cf-a59f-84b2e03f6ff4","D05","LIRO","LIRO.AOS.groundwater.well.007","LIRO.W7.20191023.FIL","A00000078878","2019-10-23T19:17Z","2019-10-23T19:17Z","EcoCore_CSU","NO2 - N",-0.0010,"milligramsPerLiter",5.6,,0,,"OK"
"a9ff5aa4-8a9d-49ad-b1bb-ea7dcef31ef8","D05","LIRO","LIRO.AOS.groundwater.well.007","LIRO.W7.20191023.FIL","A00000078878","2019-10-23T19:17Z","2019-10-23T19:17Z","EcoCore_CSU","NO3+NO2 - N",0.0550,"milligramsPerLiter",5.6,,0,,"OK"
"a637a5e6-937f-46b6-a9a6-304e3051a07d","D05","LIRO","LIRO.AOS.groundwater.well.007","LIRO.W7.20191023.FIL","A00000078878","2019-10-23T19:17Z","2019-10-23T19:17Z","EcoCore_CSU","NH4 - N",0.0757,"milligramsPerLiter",5.6,,0,,"OK"
"c25ed9dc-d141-4a67-96e9-686b734d5bcb","D05","LIRO","LIRO.AOS.groundwater.well.007","LIRO.W7.20191023.RAW","A00000078845","2019-10-23T19:17Z","2019-10-23T19:17Z","EcoCore_CSU","pH",6.1500,"pH",5.6,,0,,"OK"
"f3048a3f-67ee-4a76-bd99-5d1e12e00682","D05","LIRO","LIRO.AOS.groundwater.well.007","LIRO.W7.20191023.RAW","A00000078845","2019-10-23T19:17Z","2019-10-23T19:17Z","EcoCore_CSU","ANC",0.2600,"milliequivalentsPerLiter",5.6,,0,,"OK"
"131c859c-d523-43e1-812b-520b61d28d91","D05","LIRO","LIRO.AOS.groundwater.well.007","LIRO.W7.20191023.RAW","A00000078845","2019-10-23T19:17Z","2019-10-23T19:17Z","EcoCore_CSU","specificConductance",29.4100,"microsiemensPerCentimeter",5.6,,0,,"OK"
"cc852c36-ca3e-40d5-9080-673c0ccf0111","D05","LIRO","LIRO.AOS.groundwater.well.007","LIRO.W7.20191023.RAW","A00000078845","2019-10-23T19:17Z","2019-10-23T19:17Z","EcoCore_CSU","TP",0.2350,"milligramsPerLiter",5.6,,0,,"OK"
"ebe7e914-e03f-44a8-87d4-aebcaaa51c1b","D05","LIRO","LIRO.AOS.groundwater.well.007","LIRO.W7.20191023.RAW","A00000078845","2019-10-23T19:17Z","2019-10-23T19:17Z","EcoCore_CSU","TSS - Dry Mass",1100.0000,"microgram",5.6,,0,,"OK"
"f0353dd4-fe86-408b-9a0a-89959c5cf65d","D05","LIRO","LIRO.AOS.groundwater.well.007","LIRO.W7.20191023.RAW","A00000078845","2019-10-23T19:17Z","2019-10-23T19:17Z","EcoCore_CSU","TSS",22.0000,"milligramsPerLiter",5.6,,0,,"OK"
"7ec97591-fc01-4961-8715-25e584f56249","D05","LIRO","LIRO.AOS.groundwater.well.007","LIRO.W7.20191023.FIL","A00000078878","2019-10-23T19:17Z","2019-10-23T19:17Z","EcoCore_CSU","Cl",1.3300,"milligramsPerLiter",5.6,,0,,"OK"
"d51663ce-0220-44a2-b3f6-a3f8b0012c9c","D05","LIRO","LIRO.AOS.groundwater.well.007","LIRO.W7.20191023.FIL","A00000078878","2019-10-23T19:17Z","2019-10-23T19:17Z","EcoCore_CSU","Br",0.0050,"milligramsPerLiter",5.6,,0,,"OK"
"b5f09f06-f849-4dd8-b7f4-4ed0c9cc08a0","D05","LIRO","LIRO.AOS.groundwater.well.007","LIRO.W7.20191023.FIL","A00000078878","2019-10-23T19:17Z","2019-10-23T19:17Z","EcoCore_CSU","K",0.5900,"milligramsPerLiter",5.6,,0,,"OK"
"86d6a9e0-4c04-44a2-a1c3-681a18cb2628","D05","LIRO","LIRO.AOS.groundwater.well.007","LIRO.W7.20191023.FIL","A00000078878","2019-10-23T19:17Z","2019-10-23T19:17Z","EcoCore_CSU","SO4",2.2980,"milligramsPerLiter",5.6,,0,,"OK"
"c6fa1c85-e1ea-43e4-b29d-64016d34dfc0","D05","LIRO","LIRO.AOS.groundwater.well.007","LIRO.W7.20191023.FIL","A00000078878","2019-10-23T19:17Z","2019-10-23T19:17Z","EcoCore_CSU","Mg",0.8120,"milligramsPerLiter",5.6,,0,,"OK"
"3773e1dc-c941-4c55-9f8b-c1fb91dd472d","D05","LIRO","LIRO.AOS.groundwater.well.007","LIRO.W7.20191023.FIL","A00000078878","2019-10-23T19:17Z","2019-10-23T19:17Z","EcoCore_CSU","TDS",21.9300,"milligramsPerLiter",5.6,,0,,"OK"
"ac8a4ad3-5ae4-440c-a864-b2804f31a08a","D05","LIRO","LIRO.AOS.groundwater.well.007","LIRO.W7.20191023.FIL","A00000078878","2019-10-23T19:17Z","2019-10-23T19:17Z","EcoCore_CSU","Na",0.8820,"milligramsPerLiter",5.6,,0,,"OK"
"a2b26aa7-31ea-40c6-8265-c6034aa0ee1b","D05","LIRO","LIRO.AOS.groundwater.well.007","LIRO.W7.20191023.FIL","A00000078878","2019-10-23T19:17Z","2019-10-23T19:17Z","EcoCore_CSU","Si",9.9420,"milligramsPerLiter",5.6,,0,,"OK"
"13ed4f6d-d7c6-4ff1-b41a-108c8b686f69","D05","LIRO","LIRO.AOS.groundwater.well.007","LIRO.W7.20191023.FIL","A00000078878","2019-10-23T19:17Z","2019-10-23T19:17Z","EcoCore_CSU","Fe",0.0005,"milligramsPerLiter",5.6,,0,,"OK"
"2318f5a8-ddd2-4ec1-95c2-6e404bc7af5c","D05","LIRO","LIRO.AOS.groundwater.well.007","LIRO.W7.20191023.FIL","A00000078878","2019-10-23T19:17Z","2019-10-23T19:17Z","EcoCore_CSU","Mn",0.0060,"milligramsPerLiter",5.6,,0,,"OK"
"2ec1539b-df45-49eb-87c9-399c9a1a9d15","D05","LIRO","LIRO.AOS.groundwater.well.007","LIRO.W7.20191023.FIL","A00000078878","2019-10-23T19:17Z","2019-10-23T19:17Z","EcoCore_CSU","HCO3",12.6200,"milligramsPerLiter",5.6,,0,,"OK"
"c4a6422e-6964-4b71-a171-e6102e4fc5de","D05","LIRO","LIRO.AOS.groundwater.well.007","LIRO.W7.20191023.FIL","A00000078878","2019-10-23T19:17Z","2019-10-23T19:17Z","EcoCore_CSU","Ca",3.3150,"milligramsPerLiter",5.6,,0,,"OK"
"65dcfa52-a328-45df-88ec-5b21971fb325","D05","LIRO","LIRO.AOS.groundwater.well.007","LIRO.W7.20191023.FIL","A00000078878","2019-10-23T19:17Z","2019-10-23T19:17Z","EcoCore_CSU","TDP",0.0110,"milligramsPerLiter",5.6,,0,,"OK"
"4dfdb957-57a5-4ca0-ad69-3f60a5919cb2","D05","LIRO","LIRO.AOS.groundwater.well.007","LIRO.W7.20191023.FIL","A00000078878","2019-10-23T19:17Z","2019-10-23T19:17Z","EcoCore_CSU","F",0.0050,"milligramsPerLiter",5.6,,0,,"OK"
"eaab06e1-0430-4eb8-9b21-57f514f495d1","D05","LIRO","LIRO.AOS.groundwater.well.007","LIRO.W7.20191023.FIL","A00000078878","2019-10-23T19:17Z","2019-10-23T19:17Z","EcoCore_CSU","CO3",0.0050,"milligramsPerLiter",5.6,,0,,"OK"
"86402dfa-024b-4a19-bad6-167331edeb2c","D05","LIRO","LIRO.AOS.groundwater.well.007","LIRO.W7.20191023.FIL","A00000078878","2019-10-23T19:17Z","2019-10-23T19:17Z","EcoCore_CSU","UV Absorbance (280 nm)",0.0088,,5.6,,0,,"OK"
"dce5a059-353e-40de-8ecd-a68f7bce4ef5","D05","LIRO","LIRO.AOS.groundwater.well.007","LIRO.W7.20191023.FIL","A00000078878","2019-10-23T19:17Z","2019-10-23T19:17Z","EcoCore_CSU","UV Absorbance (250 nm)",0.0168,,5.6,,0,,"OK"
"b6052214-ef0a-47e6-8473-3d4dbba89f72","D05","LIRO","LIRO.AOS.groundwater.well.007","LIRO.W7.20191023.RAW","A00000078845","2019-10-23T19:17Z","2019-10-23T19:17Z","EcoCore_CSU","TOC",1.0190,"milligramsPerLiter",5.6,,0,,"OK"
"bda59bf8-d315-4425-95b8-89b6d61e3233","D05","LIRO","LIRO.AOS.groundwater.well.007","LIRO.W7.20191023.RAW","A00000078845","2019-10-23T19:17Z","2019-10-23T19:17Z","EcoCore_CSU","TN",0.1054,"milligramsPerLiter",5.6,,0,,"OK"
"4778f6b6-00e5-4bd1-9d90-7a5c920503bd","D05","LIRO","LIRO.AOS.groundwater.well.007","LIRO.W7.20191023.FIL","A00000078878","2019-10-23T19:17Z","2019-10-23T19:17Z","EcoCore_CSU","DOC",1.3940,"milligramsPerLiter",-0.4,,0,,"OK"
"22cfaa2b-9998-42c8-a311-77e49f0035f2","D05","LIRO","LIRO.AOS.groundwater.well.007","LIRO.W7.20191023.FIL","A00000078878","2019-10-23T19:17Z","2019-10-23T19:17Z","EcoCore_CSU","DIC",6.4540,"milligramsPerLiter",5.6,,0,,"OK"
"d507d488-6374-40cf-8aa4-5e98c21f81b0","D05","LIRO","LIRO.AOS.groundwater.well.007","LIRO.W7.20191023.FIL","A00000078878","2019-10-23T19:17Z","2019-10-23T19:17Z","EcoCore_CSU","TDN",0.1012,"milligramsPerLiter",0.9,,0,,"OK"
"e4d483f7-1055-44a7-86b1-32ad74c93249","D05","LIRO","LIRO.AOS.groundwater.well.007","LIRO.W7.20191023.PCN","A00000078854","2019-10-23T19:17Z","2019-10-23T19:17Z","EcoCore_CSU","TPN",0.0943,"milligram",5.6,,0,,"OK"
"050a644e-6402-4277-bde5-5d5f4f6bcda1","D05","LIRO","LIRO.AOS.groundwater.well.007","LIRO.W7.20191023.PCN","A00000078854","2019-10-23T19:17Z","2019-10-23T19:17Z","EcoCore_CSU","TPC",0.1572,"milligram",5.6,,0,,"OK"
"e89156c4-5339-45a6-8571-b98d5342b9b5","D05","LIRO","LIRO.AOS.groundwater.well.002","LIRO.W2.20191023.RAW","A00000078873","2019-10-23T20:36Z","2019-10-23T20:36Z","EcoCore_CSU","ANC",0.4500,"milliequivalentsPerLiter",5.6,,0,,"OK"
"b54d78a3-26eb-4d0e-b47a-6d81170ade43","D05","LIRO","LIRO.AOS.groundwater.well.002","LIRO.W2.20191023.PCN","A00000078856","2019-10-23T20:36Z","2019-10-23T20:36Z","EcoCore_CSU","TPN",0.1090,"milligram",5.6,,0,,"OK"
"681f44a5-92ef-492b-bc41-7b80e025edcc","D05","LIRO","LIRO.AOS.groundwater.well.002","LIRO.W2.20191023.RAW","A00000078873","2019-10-23T20:36Z","2019-10-23T20:36Z","EcoCore_CSU","pH",6.4900,"pH",5.6,,0,,"OK"
"642c8cc8-0126-42b5-8275-986321661f73","D05","LIRO","LIRO.AOS.groundwater.well.002","LIRO.W2.20191023.RAW","A00000078873","2019-10-23T20:36Z","2019-10-23T20:36Z","EcoCore_CSU","specificConductance",50.3600,"microsiemensPerCentimeter",5.6,,0,,"OK"
"52147911-39d3-4f10-8659-75fe17f87a4a","D05","LIRO","LIRO.AOS.groundwater.well.002","LIRO.W2.20191023.RAW","A00000078873","2019-10-23T20:36Z","2019-10-23T20:36Z","EcoCore_CSU","TSS - Dry Mass",2800.0000,"microgram",5.6,,0,,"OK"
"bc8fb2b3-3a36-4b8e-a2c1-8dad8d3afc44","D05","LIRO","LIRO.AOS.groundwater.well.002","LIRO.W2.20191023.RAW","A00000078873","2019-10-23T20:36Z","2019-10-23T20:36Z","EcoCore_CSU","TP",0.2890,"milligramsPerLiter",5.6,,0,,"OK"
"a5a4bfdf-2d90-462c-b4e0-12d99f90c126","D05","LIRO","LIRO.AOS.groundwater.well.002","LIRO.W2.20191023.FIL","A00000078876","2019-10-23T20:36Z","2019-10-23T20:36Z","EcoCore_CSU","Na",1.3500,"milligramsPerLiter",5.6,,0,,"OK"
"c17d450b-68c1-488c-ba3a-6c7db330c7a3","D05","LIRO","LIRO.AOS.groundwater.well.002","LIRO.W2.20191023.FIL","A00000078876","2019-10-23T20:36Z","2019-10-23T20:36Z","EcoCore_CSU","Ca",5.7200,"milligramsPerLiter",5.6,,0,,"OK"
"c2716690-990e-4503-a6e6-17e2ce42b9bd","D05","LIRO","LIRO.AOS.groundwater.well.002","LIRO.W2.20191023.FIL","A00000078876","2019-10-23T20:36Z","2019-10-23T20:36Z","EcoCore_CSU","SO4",4.0770,"milligramsPerLiter",5.6,,0,,"OK"
"3a5a0543-af05-4e52-ad9a-e711341f7c8e","D05","LIRO","LIRO.AOS.groundwater.well.002","LIRO.W2.20191023.FIL","A00000078876","2019-10-23T20:36Z","2019-10-23T20:36Z","EcoCore_CSU","F",0.0050,"milligramsPerLiter",5.6,,0,,"OK"
"68904a66-cb01-467a-a83f-a50cd0a727f2","D05","LIRO","LIRO.AOS.groundwater.well.002","LIRO.W2.20191023.FIL","A00000078876","2019-10-23T20:36Z","2019-10-23T20:36Z","EcoCore_CSU","TDS",36.5700,"milligramsPerLiter",5.6,,0,,"OK"
"7bf144ea-43e2-40f5-8320-f0051d3444a1","D05","LIRO","LIRO.AOS.groundwater.well.002","LIRO.W2.20191023.FIL","A00000078876","2019-10-23T20:36Z","2019-10-23T20:36Z","EcoCore_CSU","Fe",0.0060,"milligramsPerLiter",5.6,,0,,"OK"
"2e8e31ff-3f67-4819-a05e-739bf43846a7","D05","LIRO","LIRO.AOS.groundwater.well.002","LIRO.W2.20191023.FIL","A00000078876","2019-10-23T20:36Z","2019-10-23T20:36Z","EcoCore_CSU","Mn",0.0005,"milligramsPerLiter",5.6,,0,,"OK"
"262fe759-dd36-4c07-ae61-64f56cae3c7c","D05","LIRO","LIRO.AOS.groundwater.well.002","LIRO.W2.20191023.FIL","A00000078876","2019-10-23T20:36Z","2019-10-23T20:36Z","EcoCore_CSU","K",0.7080,"milligramsPerLiter",5.6,,0,,"OK"
"4930fa30-8528-40b0-af92-c512c069a3d1","D05","LIRO","LIRO.AOS.groundwater.well.002","LIRO.W2.20191023.FIL","A00000078876","2019-10-23T20:36Z","2019-10-23T20:36Z","EcoCore_CSU","Br",0.0050,"milligramsPerLiter",5.6,,0,,"OK"
"d964e60d-a517-42af-bb03-d8acb68e9617","D05","LIRO","LIRO.AOS.groundwater.well.002","LIRO.W2.20191023.FIL","A00000078876","2019-10-23T20:36Z","2019-10-23T20:36Z","EcoCore_CSU","Cl",0.0050,"milligramsPerLiter",5.6,,0,,"OK"
"ba228c38-2d6c-4548-9da0-cd8c5c7ce502","D05","LIRO","LIRO.AOS.groundwater.well.002","LIRO.W2.20191023.FIL","A00000078876","2019-10-23T20:36Z","2019-10-23T20:36Z","EcoCore_CSU","CO3",0.0050,"milligramsPerLiter",5.6,,0,,"OK"
"29005eb2-3fea-4f40-a4c3-e1b35232702e","D05","LIRO","LIRO.AOS.groundwater.well.002","LIRO.W2.20191023.FIL","A00000078876","2019-10-23T20:36Z","2019-10-23T20:36Z","EcoCore_CSU","Si",11.0800,"milligramsPerLiter",5.6,,0,,"OK"
"c22458e9-6eb6-483c-ac5c-f72fe24dda21","D05","LIRO","LIRO.AOS.groundwater.well.002","LIRO.W2.20191023.FIL","A00000078876","2019-10-23T20:36Z","2019-10-23T20:36Z","EcoCore_CSU","Mg",1.5960,"milligramsPerLiter",5.6,,0,,"OK"
"aea76e11-e1d1-4dcf-9f8e-c382054efd77","D05","LIRO","LIRO.AOS.groundwater.well.002","LIRO.W2.20191023.FIL","A00000078876","2019-10-23T20:36Z","2019-10-23T20:36Z","EcoCore_CSU","HCO3",26.1500,"milligramsPerLiter",5.6,,0,,"OK"
"fdd6324c-7698-4fcc-8f6e-dea9727354e0","D05","LIRO","LIRO.AOS.groundwater.well.002","LIRO.W2.20191023.FIL","A00000078876","2019-10-23T20:36Z","2019-10-23T20:36Z","EcoCore_CSU","TDP",0.0060,"milligramsPerLiter",5.6,,0,,"OK"
"058caa26-9992-4581-a6da-ecc754dac542","D05","LIRO","LIRO.AOS.groundwater.well.002","LIRO.W2.20191023.FIL","A00000078876","2019-10-23T20:36Z","2019-10-23T20:36Z","EcoCore_CSU","UV Absorbance (280 nm)",0.0330,,5.6,,0,,"OK"
"079c53ec-fa15-498e-9cc9-cb3d504bd561","D05","LIRO","LIRO.AOS.groundwater.well.002","LIRO.W2.20191023.FIL","A00000078876","2019-10-23T20:36Z","2019-10-23T20:36Z","EcoCore_CSU","UV Absorbance (250 nm)",0.0423,,5.6,,0,,"OK"
"f6ce58f9-b70e-498b-afc3-1324b361e2ce","D05","LIRO","LIRO.AOS.groundwater.well.002","LIRO.W2.20191023.RAW","A00000078873","2019-10-23T20:36Z","2019-10-23T20:36Z","EcoCore_CSU","TN",0.0662,"milligramsPerLiter",5.6,,0,,"OK"
"b4519711-0ab5-4841-a004-98407bbf148b","D05","LIRO","LIRO.AOS.groundwater.well.002","LIRO.W2.20191023.RAW","A00000078873","2019-10-23T20:36Z","2019-10-23T20:36Z","EcoCore_CSU","TOC",1.1300,"milligramsPerLiter",5.6,,0,,"OK"
"53ed4263-2830-4032-ad32-5be883a8e342","D05","LIRO","LIRO.AOS.groundwater.well.002","LIRO.W2.20191023.FIL","A00000078876","2019-10-23T20:36Z","2019-10-23T20:36Z","EcoCore_CSU","TDN",0.0282,"milligramsPerLiter",1.3,,0,,"OK"
"dea78917-ded0-4fdd-bc0e-f6c5e2927552","D05","LIRO","LIRO.AOS.groundwater.well.002","LIRO.W2.20191023.FIL","A00000078876","2019-10-23T20:36Z","2019-10-23T20:36Z","EcoCore_CSU","DOC",1.2310,"milligramsPerLiter",2.8,,0,,"OK"
"198f4c20-4097-4ee7-8687-686216aaa113","D05","LIRO","LIRO.AOS.groundwater.well.002","LIRO.W2.20191023.FIL","A00000078876","2019-10-23T20:36Z","2019-10-23T20:36Z","EcoCore_CSU","DIC",9.2670,"milligramsPerLiter",5.6,,0,,"OK"
"a5c3d92a-078d-468e-9e4d-ec7390507b68","D05","LIRO","LIRO.AOS.groundwater.well.002","LIRO.W2.20191023.FIL","A00000078876","2019-10-23T20:36Z","2019-10-23T20:36Z","EcoCore_CSU","NO2 - N",-0.0017,"milligramsPerLiter",5.6,,0,,"OK"
"5a799933-fe1c-4415-844a-41b09726778a","D05","LIRO","LIRO.AOS.groundwater.well.002","LIRO.W2.20191023.FIL","A00000078876","2019-10-23T20:36Z","2019-10-23T20:36Z","EcoCore_CSU","NO3+NO2 - N",0.0127,"milligramsPerLiter",5.6,,0,,"OK"
"0cb7a7ba-4d9a-4613-b3e8-a4e61554ad10","D05","LIRO","LIRO.AOS.groundwater.well.002","LIRO.W2.20191023.FIL","A00000078876","2019-10-23T20:36Z","2019-10-23T20:36Z","EcoCore_CSU","Ortho - P",0.0660,"milligramsPerLiter",5.6,,0,,"OK"
"4d85ff25-99da-4ca2-ba8e-41c2c9c0f29e","D05","LIRO","LIRO.AOS.groundwater.well.002","LIRO.W2.20191023.FIL","A00000078876","2019-10-23T20:36Z","2019-10-23T20:36Z","EcoCore_CSU","NH4 - N",0.1875,"milligramsPerLiter",5.6,,0,,"OK"
"ae2f182d-b14e-431e-856d-1c4aad7c16ab","D05","LIRO","LIRO.AOS.groundwater.well.002","LIRO.W2.20191023.PCN","A00000078856","2019-10-23T20:36Z","2019-10-23T20:36Z","EcoCore_CSU","TPC",0.1643,"milligram",5.6,,0,,"OK"
"31f25521-98d3-406a-8676-8d1def09a7e5","D05","LIRO","LIRO.AOS.groundwater.well.002","LIRO.W2.20191023.RAW","A00000078873","2019-10-23T20:36Z","2019-10-23T20:36Z","EcoCore_CSU","TSS",56.0000,"milligramsPerLiter",5.6,,0,,"OK"
"046f6e03-4a28-4eda-916f-deb8ba437a87","D05","LIRO","LIRO.AOS.groundwater.well.001","LIRO.W1.20191023.RAW","A00000078874","2019-10-23T21:47Z","2019-10-23T21:47Z","EcoCore_CSU","specificConductance",53.4200,"microsiemensPerCentimeter",5.6,,0,,"OK"
"3903989d-4a39-4933-b114-59d655604cb1","D05","LIRO","LIRO.AOS.groundwater.well.001","LIRO.W1.20191023.PCN","A00000078857","2019-10-23T21:47Z","2019-10-23T21:47Z","EcoCore_CSU","TPN",0.1246,"milligram",5.6,,0,,"OK"
"8541a0b9-21bd-42ce-b6db-827ef99b23c1","D05","LIRO","LIRO.AOS.groundwater.well.001","LIRO.W1.20191023.RAW","A00000078874","2019-10-23T21:47Z","2019-10-23T21:47Z","EcoCore_CSU","ANC",0.4200,"milliequivalentsPerLiter",5.6,,0,,"OK"
"258facbe-b086-4074-aec9-6db966a505f6","D05","LIRO","LIRO.AOS.groundwater.well.001","LIRO.W1.20191023.RAW","A00000078874","2019-10-23T21:47Z","2019-10-23T21:47Z","EcoCore_CSU","TP",0.2120,"milligramsPerLiter",5.6,,0,,"OK"
"407b2197-be34-4a2a-98a9-a30a92f4a1c1","D05","LIRO","LIRO.AOS.groundwater.well.001","LIRO.W1.20191023.RAW","A00000078874","2019-10-23T21:47Z","2019-10-23T21:47Z","EcoCore_CSU","TSS",2.0000,"milligramsPerLiter",5.6,,0,,"OK"
"cbdb41cc-1b63-4f63-b183-f289ca7d2e27","D05","LIRO","LIRO.AOS.groundwater.well.001","LIRO.W1.20191023.RAW","A00000078874","2019-10-23T21:47Z","2019-10-23T21:47Z","EcoCore_CSU","pH",6.7500,"pH",5.6,,0,,"OK"
"c13b5610-e09d-48ff-9c3c-6690357c26cb","D05","LIRO","LIRO.AOS.groundwater.well.001","LIRO.W1.20191023.FIL","A00000078875","2019-10-23T21:47Z","2019-10-23T21:47Z","EcoCore_CSU","F",0.3100,"milligramsPerLiter",5.6,,0,,"OK"
"60962a1c-c343-49cf-9f71-8786ea8f3b82","D05","LIRO","LIRO.AOS.groundwater.well.001","LIRO.W1.20191023.FIL","A00000078875","2019-10-23T21:47Z","2019-10-23T21:47Z","EcoCore_CSU","Mg",1.9370,"milligramsPerLiter",5.6,,0,,"OK"
"d0a8726a-4ed0-45e5-a4f1-7db3d0af940e","D05","LIRO","LIRO.AOS.groundwater.well.001","LIRO.W1.20191023.FIL","A00000078875","2019-10-23T21:47Z","2019-10-23T21:47Z","EcoCore_CSU","TDS",38.5200,"milligramsPerLiter",5.6,,0,,"OK"
"53507fca-e341-4d4a-a2f5-7b38bd86f079","D05","LIRO","LIRO.AOS.groundwater.well.001","LIRO.W1.20191023.FIL","A00000078875","2019-10-23T21:47Z","2019-10-23T21:47Z","EcoCore_CSU","Na",1.3310,"milligramsPerLiter",5.6,,0,,"OK"
"b11bc4bd-fec7-41bf-a8d3-adf72ce08d65","D05","LIRO","LIRO.AOS.groundwater.well.001","LIRO.W1.20191023.FIL","A00000078875","2019-10-23T21:47Z","2019-10-23T21:47Z","EcoCore_CSU","HCO3",22.5600,"milligramsPerLiter",5.6,,0,,"OK"
"b7d4cbcf-f958-48f4-8ca9-e07271eeb764","D05","LIRO","LIRO.AOS.groundwater.well.001","LIRO.W1.20191023.FIL","A00000078875","2019-10-23T21:47Z","2019-10-23T21:47Z","EcoCore_CSU","Fe",0.0005,"milligramsPerLiter",5.6,,0,,"OK"
"8ed46917-28d6-4636-a598-9ae5d68d495f","D05","LIRO","LIRO.AOS.groundwater.well.001","LIRO.W1.20191023.FIL","A00000078875","2019-10-23T21:47Z","2019-10-23T21:47Z","EcoCore_CSU","CO3",0.0050,"milligramsPerLiter",5.6,,0,,"OK"
"4412a699-2dd3-4dbc-be66-663d1166ba7f","D05","LIRO","LIRO.AOS.groundwater.well.001","LIRO.W1.20191023.FIL","A00000078875","2019-10-23T21:47Z","2019-10-23T21:47Z","EcoCore_CSU","Si",13.1800,"milligramsPerLiter",5.6,,0,,"OK"
"1abf1a60-05a4-4c7b-aaab-14c64b417283","D05","LIRO","LIRO.AOS.groundwater.well.001","LIRO.W1.20191023.FIL","A00000078875","2019-10-23T21:47Z","2019-10-23T21:47Z","EcoCore_CSU","Ca",5.8630,"milligramsPerLiter",5.6,,0,,"OK"
"aebdb3e1-7a5d-447d-b3d9-0561d16f19d5","D05","LIRO","LIRO.AOS.groundwater.well.001","LIRO.W1.20191023.FIL","A00000078875","2019-10-23T21:47Z","2019-10-23T21:47Z","EcoCore_CSU","Br",0.0050,"milligramsPerLiter",5.6,,0,,"OK"
"72c8b784-b4f0-4104-9fd6-ab365aebae68","D05","LIRO","LIRO.AOS.groundwater.well.001","LIRO.W1.20191023.FIL","A00000078875","2019-10-23T21:47Z","2019-10-23T21:47Z","EcoCore_CSU","TDP",0.0060,"milligramsPerLiter",5.6,,0,,"OK"
"31c962ed-11ad-4738-8a79-e5514f8f6a96","D05","LIRO","LIRO.AOS.groundwater.well.001","LIRO.W1.20191023.FIL","A00000078875","2019-10-23T21:47Z","2019-10-23T21:47Z","EcoCore_CSU","Mn",0.0020,"milligramsPerLiter",5.6,,0,,"OK"
"812f5aac-c869-468d-8e5b-d0c857bdebf4","D05","LIRO","LIRO.AOS.groundwater.well.001","LIRO.W1.20191023.FIL","A00000078875","2019-10-23T21:47Z","2019-10-23T21:47Z","EcoCore_CSU","Cl",0.0050,"milligramsPerLiter",5.6,,0,,"OK"
"002e77eb-0d83-4b3b-a427-3fe10d9cdc07","D05","LIRO","LIRO.AOS.groundwater.well.001","LIRO.W1.20191023.FIL","A00000078875","2019-10-23T21:47Z","2019-10-23T21:47Z","EcoCore_CSU","SO4",6.8430,"milligramsPerLiter",5.6,,0,,"OK"
"59e2a425-6615-4607-bd25-ebed936bae6d","D05","LIRO","LIRO.AOS.groundwater.well.001","LIRO.W1.20191023.FIL","A00000078875","2019-10-23T21:47Z","2019-10-23T21:47Z","EcoCore_CSU","K",0.6460,"milligramsPerLiter",5.6,,0,,"OK"
"4b4970ca-5b8e-4b36-8b91-bc17cd1ecbcb","D05","LIRO","LIRO.AOS.groundwater.well.001","LIRO.W1.20191023.FIL","A00000078875","2019-10-23T21:47Z","2019-10-23T21:47Z","EcoCore_CSU","UV Absorbance (250 nm)",0.0318,,5.6,,0,,"OK"
"5ec5fb67-b089-4087-a9c2-a77db0720801","D05","LIRO","LIRO.AOS.groundwater.well.001","LIRO.W1.20191023.FIL","A00000078875","2019-10-23T21:47Z","2019-10-23T21:47Z","EcoCore_CSU","UV Absorbance (280 nm)",0.0150,,3.5,,0,,"OK"
"95826a41-3b55-4eb1-afa8-543272d9677b","D05","LIRO","LIRO.AOS.groundwater.well.001","LIRO.W1.20191023.RAW","A00000078874","2019-10-23T21:47Z","2019-10-23T21:47Z","EcoCore_CSU","TOC",1.0520,"milligramsPerLiter",5.6,,0,,"OK"
"a9696de3-42ad-4528-84d5-43f0c31a450e","D05","LIRO","LIRO.AOS.groundwater.well.001","LIRO.W1.20191023.RAW","A00000078874","2019-10-23T21:47Z","2019-10-23T21:47Z","EcoCore_CSU","TN",0.0727,"milligramsPerLiter",5.6,,0,,"OK"
"17c2ca91-6a70-4e86-b19f-69a06f45ca79","D05","LIRO","LIRO.AOS.groundwater.well.001","LIRO.W1.20191023.FIL","A00000078875","2019-10-23T21:47Z","2019-10-23T21:47Z","EcoCore_CSU","DIC",8.2720,"milligramsPerLiter",5.6,,0,,"OK"
"ea9c96d8-ddb8-42a7-ac3b-168bc7c6fdb4","D05","LIRO","LIRO.AOS.groundwater.well.001","LIRO.W1.20191023.FIL","A00000078875","2019-10-23T21:47Z","2019-10-23T21:47Z","EcoCore_CSU","DOC",1.3110,"milligramsPerLiter",5.6,,0,,"OK"
"02101eae-805e-4af5-b6f6-f2ebbc655061","D05","LIRO","LIRO.AOS.groundwater.well.001","LIRO.W1.20191023.FIL","A00000078875","2019-10-23T21:47Z","2019-10-23T21:47Z","EcoCore_CSU","TDN",0.0521,"milligramsPerLiter",0.4,,0,,"OK"
"1e7c5f29-27e1-465e-9444-143571bc61a4","D05","LIRO","LIRO.AOS.groundwater.well.001","LIRO.W1.20191023.FIL","A00000078875","2019-10-23T21:47Z","2019-10-23T21:47Z","EcoCore_CSU","Ortho - P",-0.0010,"milligramsPerLiter",5.6,,0,,"OK"
"5a21b935-2fbb-4e75-af04-ea21bc90327e","D05","LIRO","LIRO.AOS.groundwater.well.001","LIRO.W1.20191023.FIL","A00000078875","2019-10-23T21:47Z","2019-10-23T21:47Z","EcoCore_CSU","NH4 - N",0.0733,"milligramsPerLiter",5.6,,0,,"OK"
"3c5ec3a9-f4d5-47e9-8f7f-a49830ff0a71","D05","LIRO","LIRO.AOS.groundwater.well.001","LIRO.W1.20191023.FIL","A00000078875","2019-10-23T21:47Z","2019-10-23T21:47Z","EcoCore_CSU","NO3+NO2 - N",0.0210,"milligramsPerLiter",5.6,,0,,"OK"
"264a5db5-999f-49a1-a7bc-1c05d4dc79e9","D05","LIRO","LIRO.AOS.groundwater.well.001","LIRO.W1.20191023.FIL","A00000078875","2019-10-23T21:47Z","2019-10-23T21:47Z","EcoCore_CSU","NO2 - N",-0.0022,"milligramsPerLiter",5.6,,0,,"OK"
"249b9f59-ad6e-4a9a-90a1-ddb84a5840a0","D05","LIRO","LIRO.AOS.groundwater.well.001","LIRO.W1.20191023.PCN","A00000078857","2019-10-23T21:47Z","2019-10-23T21:47Z","EcoCore_CSU","TPC",0.1608,"milligram",5.6,,0,,"OK"
"0571e458-e2f5-4f00-a01f-ba4c77c9c66a","D05","LIRO","LIRO.AOS.groundwater.well.001","LIRO.W1.20191023.RAW","A00000078874","2019-10-23T21:47Z","2019-10-23T21:47Z","EcoCore_CSU","TSS - Dry Mass",100.0000,"microgram",5.6,,0,,"OK"
