uid,domainID,siteID,namedLocation,collectDate,parentSampleID,sampleCondition,sampleID,replicateNumber,gwwDICBubbleFree,gwwFiltSampleHeadspace,gwwAlkSampleHeadspace,gwwAlkSampleBubbleFree,processedDate,processedDateFilters,sampleVolumeFiltered,shipmentTimeRange
"35bc5753-f685-44fd-a7a7-1a5a87acb5c2","D05","LIRO","LIRO.AOS.groundwater.well.004","2019-10-23T18:02Z","LIRO.W4.20191023","Sample condition ok","LIRO.W4.20191023",1,,,,,"2019-10-23T18:02Z","2019-10-23T18:02Z",100.0,
"69796f0c-fd35-45fb-8966-fe2230ce9552","D05","LIRO","LIRO.AOS.groundwater.well.007","2019-10-23T19:17Z","LIRO.W7.20191023","Sample condition ok","LIRO.W7.20191023",1,,,,,"2019-10-23T19:17Z","2019-10-23T19:17Z",100.0,
"002ab22b-46f5-474a-9ec3-22e6d33cc370","D05","LIRO","LIRO.AOS.groundwater.well.002","2019-10-23T20:36Z","LIRO.W2.20191023","Sample condition ok","LIRO.W2.20191023",1,,,,,"2019-10-23T20:36Z","2019-10-23T20:36Z",100.0,
"95d3ae32-f0f7-46ec-ba1c-5a3825336321","D05","LIRO","LIRO.AOS.groundwater.well.001","2019-10-23T21:47Z","LIRO.W1.20191023","Sample condition ok","LIRO.W1.20191023",1,,,,,"2019-10-23T21:47Z","2019-10-23T21:47Z",100.0,
