uid,domainID,siteID,namedLocation,collectDate,titrationDate,parentSampleID,domainSampleID,remarks,measuredBy,alkMeqPerL,alkMgPerL,ancMeqPerL,ancMgPerL
"70752e6e-d220-464e-b347-b271d01490fb","D05","LIRO","LIRO.AOS.groundwater.well.004","2019-10-23T18:02Z","2019-10-24T14:55Z","LIRO.W4.20191023","LIRO.W4.20191023.ALK",,"llocke",0.550,27.300,,
"4418c378-8573-483c-9793-4717e4b609d0","D05","LIRO","LIRO.AOS.groundwater.well.007","2019-10-23T19:17Z","2019-10-24T15:40Z","LIRO.W7.20191023","LIRO.W7.20191023.ALK",,"llocke",0.250,12.400,,
"e7c3fdf3-be5c-4395-9812-40d5a1f9baff","D05","LIRO","LIRO.AOS.groundwater.well.002","2019-10-23T20:36Z","2019-10-24T16:00Z","LIRO.W2.20191023","LIRO.W2.20191023.ALK",,"llocke",0.430,21.400,,
"cb837625-8671-4d9a-a290-76a8a911e17a","D05","LIRO","LIRO.AOS.groundwater.well.001","2019-10-23T21:47Z","2019-10-23T16:17Z","LIRO.W1.20191023","LIRO.W1.20191023.ALK",,"llocke",0.400,20.000,,
