uid,domainID,siteID,namedLocation,collectDate,titrationDate,parentSampleID,domainSampleID,remarks,measuredBy,alkMeqPerL,alkMgPerL,ancMeqPerL,ancMgPerL
"6638914c-808b-495d-843c-4d77a4faba3e","D10","ARIK","ARIK.AOS.groundwater.well.002","2016-04-05T17:54Z","2016-04-06T16:22Z","ARIK.W2.20160405","ARIK.W2.20160405.ALK",,"nschroeter@neoninc.org",3.280,164.000,,
"32b833c9-ac50-412b-8196-b86cdbeaa162","D10","ARIK","ARIK.AOS.groundwater.well.002","2016-04-05T17:54Z","2016-04-06T17:25Z","ARIK.W2.20160405","ARIK.W2.20160405.ANC",,"nschroeter@neoninc.org",,,3.460,173.000
"46a5f6b9-eff6-4d03-ad6f-d532ec8b242f","D10","ARIK","ARIK.AOS.groundwater.well.005","2016-04-05T19:05Z","2016-04-06T18:30Z","ARIK.W5.20160405","ARIK.W5.20160405.ANC",,"nschroeter@neoninc.org",,,5.280,264.000
"c6859656-fa22-42e3-b5ca-575dcb63c83d","D10","ARIK","ARIK.AOS.groundwater.well.005","2016-04-05T19:05Z","2016-04-06T17:57Z","ARIK.W5.20160405","ARIK.W5.20160405.ALK",,"nschroeter@neoninc.org",5.400,270.000,,
"e4c205e2-b854-49ae-a556-fd45a0ab34ee","D10","ARIK","ARIK.AOS.groundwater.well.004","2016-04-05T20:00Z","2016-04-06T19:49Z","ARIK.W4.20160405","ARIK.W4.20160405.ANC",,"dmonahan@neoninc.org",,,5.180,259.000
"fcf4088e-1a09-4dce-928c-5a4a23127bb3","D10","ARIK","ARIK.AOS.groundwater.well.004","2016-04-05T20:00Z","2016-04-06T19:12Z","ARIK.W4.20160405","ARIK.W4.20160405.ALK",,"dmonahan@neoninc.org",5.220,261.000,,
"5e91a0af-deeb-4cb6-8118-33f1482e4fa7","D10","ARIK","ARIK.AOS.groundwater.well.001","2016-04-05T20:55Z","2016-04-06T21:10Z","ARIK.W1.20160405","ARIK.W1.20160405.ANC",,"dmonahan@neoninc.org",,,3.460,173.000
"9f42a5a8-2a35-418f-988e-a048b590c974","D10","ARIK","ARIK.AOS.groundwater.well.001","2016-04-05T20:55Z","2016-04-06T20:47Z","ARIK.W1.20160405","ARIK.W1.20160405.ALK",,"dmonahan@neoninc.org",3.360,168.000,,
