uid,domainID,siteID,namedLocation,decimalLatitude,decimalLongitude,coordinateUncertainty,elevation,elevationUncertainty,geodeticDatum,collectDate,aquaticSiteType,samplingImpractical,waterChemSamplesCollected,adequateSampleVol,parentSampleID,eventID,swcSamplingProtocolVersion,sampleExtractionMethod,samplerType,totalWellDepth,wellWaterDepth,waterColumnHeight,sampleDepth,purgeAverageDischargeRate,purgeTime,gwWellStabilized,purgeDryDateTime,pumpPlacementDate,screenedIntervalDepth,maxAllowableDrawdown,actualDrawdown,MADExceeded,wellVolumePurged,probeIDUnavailable,dissolvedOxygen,dissolvedOxygenSaturation,specificConductance,waterTemp,pH,waterClarityDescrip,waterColorDescrip,aCollectedBy,bCollectedBy,remarks
"7623facf-72b4-464d-9f50-f1461b8a696f","D10","ARIK","ARIK.AOS.groundwater.well.002",39.757704,-102.447584,0.1,1181.3,0.1,"WGS84","2016-04-05T17:54Z","stream",,,,"ARIK.W2.20160405","ARIK.20160405","NEON.DOC.002905vB","low-flow",,,2.5,,5.0,,,,,,,,,,10.8,,8.20,88.50,275.30,12.60,,,,"dmonahan@neoninc.org","hschartel@neoninc.org","No start/end time on data sheet for time discharged| used times on GW field data sheet as proxy & added 7mins to account for time spent filling sample bottles. 4.125L of the total 10.775L are from failed first attempt@275mL/min. Max Well depth 9.43m"
"23cc27d4-251a-4dc5-8d37-5a83857102c0","D10","ARIK","ARIK.AOS.groundwater.well.005",39.759687,-102.448224,0.1,1181.1,0.1,"WGS84","2016-04-05T19:05Z","stream",,,,"ARIK.W5.20160405","ARIK.20160405","NEON.DOC.002905vB","low-flow",,,2.1,,5.0,,,,,,,,,,10.5,,0.09,0.90,497.00,11.20,,,,"dmonahan@neoninc.org","hschartel@neoninc.org","No start/end time on data sheet for time discharged| We happened to record start and end times for this GW well. Max Well depth 9.23m."
"e09466d2-014f-470a-91c3-dfd65797aba6","D10","ARIK","ARIK.AOS.groundwater.well.004",39.760114,-102.451740,0.1,1182.7,0.1,"WGS84","2016-04-05T20:00Z","stream",,,,"ARIK.W4.20160405","ARIK.20160405","NEON.DOC.002905vB","low-flow",,,1.9,,5.0,,,,,,,,,,10.5,,0.07,0.70,484.00,9.20,,,,"dmonahan@neoninc.org","hschartel@neoninc.org","No start/end time on data sheet for time discharged| we used times GW field data sheet as a proxy and added 7mins to account for time spent filling sample bottles. Total Well depth 8.87m."
"e1b6eb27-7db5-47b9-b933-9b0e4ae52c39","D10","ARIK","ARIK.AOS.groundwater.well.001",39.758068,-102.452221,0.1,1184.4,0.1,"WGS84","2016-04-05T20:55Z","stream",,,,"ARIK.W1.20160405","ARIK.20160405","NEON.DOC.002905vB","low-flow",,,3.5,,5.0,,,,,,,,,,5.5,,8.20,88.50,275.30,12.60,,,,"dmonahan@neoninc.org","hschartel@neoninc.org","No start/end time on data sheet for time discharged| we used times GW field data sheet as a proxy and added 7mins to account for time spent filling sample bottles. Total Well depth 9.09m."
