uid,domainID,siteID,namedLocation,sampleID,sampleCode,startDate,collectDate,laboratoryName,analyte,analyteConcentration,analyteUnits,coolerTemp,remarks,shipmentWarmQF,externalLabDataQF,sampleCondition
"1eccc8f1-9419-4036-a606-5967ef81efdb","D06","KING","KING.AOS.groundwater.well.001","KING.W1.20170626.FIL",,"2017-06-26T14:15Z","2017-06-26T14:15Z","EcoCore_CSU","HCO3",401.2900,"milligramsPerLiter",1.4,,0,"formatChange","GOOD"
"d60c1152-57e5-4277-9eb4-a62cdc9f2861","D06","KING","KING.AOS.groundwater.well.001","KING.W1.20170626.RAW",,"2017-06-26T14:15Z","2017-06-26T14:15Z","EcoCore_CSU","TOC",0.9489,"milligramsPerLiter",1.4,,0,"formatChange","GOOD"
"533dbb90-9f9e-4ca9-84c5-52374834ead0","D06","KING","KING.AOS.groundwater.well.001","KING.W1.20170626.FIL",,"2017-06-26T14:15Z","2017-06-26T14:15Z","EcoCore_CSU","Ortho - P",0.0280,"milligramsPerLiter",1.4,,0,"formatChange","GOOD"
"4375f639-c85a-41ac-8d5d-97de135e2088","D06","KING","KING.AOS.groundwater.well.001","KING.W1.20170626.RAW",,"2017-06-26T14:15Z","2017-06-26T14:15Z","EcoCore_CSU","pH",7.7700,"pH",1.4,,0,"formatChange","GOOD"
"47e324fd-d40d-4843-b07c-9d0dc9ecf32b","D06","KING","KING.AOS.groundwater.well.001","KING.W1.20170626.FIL",,"2017-06-26T14:15Z","2017-06-26T14:15Z","EcoCore_CSU","NO3+NO2 - N",0.1020,"milligramsPerLiter",1.4,,0,"formatChange","GOOD"
"6a1d1e6c-20a5-4baa-99f0-53d70e57f007","D06","KING","KING.AOS.groundwater.well.001","KING.W1.20170626.FIL",,"2017-06-26T14:15Z","2017-06-26T14:15Z","EcoCore_CSU","Mn",0.0005,"milligramsPerLiter",1.4,,0,"formatChange","GOOD"
"dd0ab3a3-47b1-4490-b7ba-09ae63d6b150","D06","KING","KING.AOS.groundwater.well.001","KING.W1.20170626.FIL",,"2017-06-26T14:15Z","2017-06-26T14:15Z","EcoCore_CSU","Mg",20.9960,"milligramsPerLiter",1.4,,0,"formatChange","GOOD"
"80ae77e5-f97c-4047-9bad-537925fcf7a2","D06","KING","KING.AOS.groundwater.well.001","KING.W1.20170626.PCN",,"2017-06-26T14:15Z","2017-06-26T14:15Z","EcoCore_CSU","TPN",0.0654,"milligram",1.4,,0,"formatChange","GOOD"
"c518b708-ffea-4627-8fb0-3a46922c0351","D06","KING","KING.AOS.groundwater.well.001","KING.W1.20170626.FIL",,"2017-06-26T14:15Z","2017-06-26T14:15Z","EcoCore_CSU","Si",8.1613,"milligramsPerLiter",1.4,,0,"formatChange","GOOD"
"c703b949-f00e-41c3-84f9-b3efba9405bb","D06","KING","KING.AOS.groundwater.well.001","KING.W1.20170626.FIL",,"2017-06-26T14:15Z","2017-06-26T14:15Z","EcoCore_CSU","DIC",81.7200,"milligramsPerLiter",1.4,,0,"formatChange","GOOD"
"041876e0-30a4-49e1-828a-44d38dfd2fbb","D06","KING","KING.AOS.groundwater.well.001","KING.W1.20170626.RAW",,"2017-06-26T14:15Z","2017-06-26T14:15Z","EcoCore_CSU","TN",0.2178,"milligramsPerLiter",1.4,,0,"formatChange","GOOD"
"6ec8f02c-add2-4d69-bde0-7fd43db07a97","D06","KING","KING.AOS.groundwater.well.001","KING.W1.20170626.FIL",,"2017-06-26T14:15Z","2017-06-26T14:15Z","EcoCore_CSU","SO4",35.0047,"milligramsPerLiter",1.4,,0,"formatChange","GOOD"
"80516e62-8132-4daa-abf4-b547f7b4b4cf","D06","KING","KING.AOS.groundwater.well.001","KING.W1.20170626.FIL",,"2017-06-26T14:15Z","2017-06-26T14:15Z","EcoCore_CSU","TDN",0.2039,"milligramsPerLiter",1.4,,0,"formatChange","GOOD"
"b1c3a72e-9cc9-4c69-be59-53cf0ca8ad52","D06","KING","KING.AOS.groundwater.well.001","KING.W1.20170626.FIL",,"2017-06-26T14:15Z","2017-06-26T14:15Z","EcoCore_CSU","NO2 - N",-0.0030,"milligramsPerLiter",1.4,,0,"formatChange","GOOD"
"92d06fe1-9dad-4c0a-9377-12ff2a9ea2c3","D06","KING","KING.AOS.groundwater.well.001","KING.W1.20170626.FIL",,"2017-06-26T14:15Z","2017-06-26T14:15Z","EcoCore_CSU","Cl",1.7859,"milligramsPerLiter",1.4,,0,"formatChange","GOOD"
"a27d3e7d-e70f-4460-b314-b22eec2b6c44","D06","KING","KING.AOS.groundwater.well.001","KING.W1.20170626.RAW",,"2017-06-26T14:15Z","2017-06-26T14:15Z","EcoCore_CSU","TP",0.0807,"milligramsPerLiter",1.4,,0,"formatChange","GOOD"
"58dc8f7b-4bb0-4553-a68f-87b8ad0ff5a4","D06","KING","KING.AOS.groundwater.well.001","KING.W1.20170626.FIL",,"2017-06-26T14:15Z","2017-06-26T14:15Z","EcoCore_CSU","TDP",0.0220,"milligramsPerLiter",1.4,,0,"formatChange","GOOD"
"ff1c603c-4ec7-4ca3-ba42-83e50cd15a66","D06","KING","KING.AOS.groundwater.well.001","KING.W1.20170626.RAW",,"2017-06-26T14:15Z","2017-06-26T14:15Z","EcoCore_CSU","TSS - Dry Mass",8500.0000,"microgram",1.4,,0,"formatChange","GOOD"
"a3b50d29-c0dd-42bd-927b-b0ac5b091c42","D06","KING","KING.AOS.groundwater.well.001","KING.W1.20170626.FIL",,"2017-06-26T14:15Z","2017-06-26T14:15Z","EcoCore_CSU","UV Absorbance (280 nm)",0.0054,,1.4,,0,"formatChange","GOOD"
"89349ebe-ea21-4932-97f2-22ee6b2bc7e4","D06","KING","KING.AOS.groundwater.well.001","KING.W1.20170626.FIL",,"2017-06-26T14:15Z","2017-06-26T14:15Z","EcoCore_CSU","Fe",0.0005,"milligramsPerLiter",1.4,,0,"formatChange","GOOD"
"40e4f6a0-2425-4bb2-aecf-841bc738360a","D06","KING","KING.AOS.groundwater.well.001","KING.W1.20170626.FIL",,"2017-06-26T14:15Z","2017-06-26T14:15Z","EcoCore_CSU","UV Absorbance (250 nm)",0.0092,,1.4,,0,"formatChange","GOOD"
"fa0e1efb-c843-40a6-b2cc-eb5236b2fdbd","D06","KING","KING.AOS.groundwater.well.001","KING.W1.20170626.RAW",,"2017-06-26T14:15Z","2017-06-26T14:15Z","EcoCore_CSU","ANC",6.8700,"milliequivalentsPerLiter",1.4,,0,"formatChange","GOOD"
"eb32e976-ab5f-4477-8651-0b511e066f86","D06","KING","KING.AOS.groundwater.well.001","KING.W1.20170626.FIL",,"2017-06-26T14:15Z","2017-06-26T14:15Z","EcoCore_CSU","F",0.3877,"milligramsPerLiter",1.4,,0,"formatChange","GOOD"
"9f4cec84-1c23-443b-89aa-fe9ac2fb51b0","D06","KING","KING.AOS.groundwater.well.001","KING.W1.20170626.RAW",,"2017-06-26T14:15Z","2017-06-26T14:15Z","EcoCore_CSU","conductivity",732.8000,"microsiemensPerCentimeter",1.4,,0,"formatChange","GOOD"
"6b0ff87e-2236-464f-931d-397c1d0a489b","D06","KING","KING.AOS.groundwater.well.001","KING.W1.20170626.PCN",,"2017-06-26T14:15Z","2017-06-26T14:15Z","EcoCore_CSU","TPC",0.4213,"milligram",1.4,,0,"formatChange","GOOD"
"ba526e76-f1a7-42da-b08a-3cbb8b0f4a8b","D06","KING","KING.AOS.groundwater.well.001","KING.W1.20170626.FIL",,"2017-06-26T14:15Z","2017-06-26T14:15Z","EcoCore_CSU","K",1.5087,"milligramsPerLiter",1.4,,0,"formatChange","GOOD"
"582bd209-66d6-44ba-960f-5b8de6a036cd","D06","KING","KING.AOS.groundwater.well.001","KING.W1.20170626.FIL",,"2017-06-26T14:15Z","2017-06-26T14:15Z","EcoCore_CSU","Br",0.0050,"milligramsPerLiter",1.4,,0,"formatChange","GOOD"
"88f596ed-1c9a-440e-b0c6-4742eb13ac6e","D06","KING","KING.AOS.groundwater.well.001","KING.W1.20170626.FIL",,"2017-06-26T14:15Z","2017-06-26T14:15Z","EcoCore_CSU","Ca",106.3100,"milligramsPerLiter",1.4,,0,"formatChange","GOOD"
"5acfd6f3-a957-467a-9cb0-e1a6f487b110","D06","KING","KING.AOS.groundwater.well.001","KING.W1.20170626.FIL",,"2017-06-26T14:15Z","2017-06-26T14:15Z","EcoCore_CSU","TDS",510.9000,"milligramsPerLiter",1.4,,0,"formatChange","GOOD"
"4eede737-74e2-4611-839b-4817ac40985d","D06","KING","KING.AOS.groundwater.well.001","KING.W1.20170626.FIL",,"2017-06-26T14:15Z","2017-06-26T14:15Z","EcoCore_CSU","DOC",0.8684,"milligramsPerLiter",1.4,,0,"formatChange","GOOD"
"971b95c5-ad00-42e2-954a-0020709c9910","D06","KING","KING.AOS.groundwater.well.001","KING.W1.20170626.FIL",,"2017-06-26T14:15Z","2017-06-26T14:15Z","EcoCore_CSU","NH4 - N",0.0680,"milligramsPerLiter",1.4,,0,"formatChange","GOOD"
"2dc76d32-846e-49c8-843e-648af60574d9","D06","KING","KING.AOS.groundwater.well.001","KING.W1.20170626.RAW",,"2017-06-26T14:15Z","2017-06-26T14:15Z","EcoCore_CSU","TSS",85.0000,"milligramsPerLiter",1.4,,0,"formatChange","GOOD"
"82e4ca86-0122-41ee-99f8-3e2418a63814","D06","KING","KING.AOS.groundwater.well.001","KING.W1.20170626.FIL",,"2017-06-26T14:15Z","2017-06-26T14:15Z","EcoCore_CSU","CO3",0.0000,"milligramsPerLiter",1.4,,0,"formatChange","GOOD"
"3432ece6-3585-41fa-9430-6ce5d7417dfd","D06","KING","KING.AOS.groundwater.well.001","KING.W1.20170626.FIL",,"2017-06-26T14:15Z","2017-06-26T14:15Z","EcoCore_CSU","Na",5.9453,"milligramsPerLiter",1.4,,0,"formatChange","GOOD"
"a09b58d3-4a61-4f00-9d85-50c45250172c","D06","KING","KING.AOS.groundwater.well.006","KING.W6.20170626.FIL",,"2017-06-26T15:33Z","2017-06-26T15:33Z","EcoCore_CSU","F",0.3811,"milligramsPerLiter",3.4,,0,"formatChange","GOOD"
"57aaa698-bc23-43a5-85d0-9f736fde3439","D06","KING","KING.AOS.groundwater.well.006","KING.W6.20170626.RAW",,"2017-06-26T15:33Z","2017-06-26T15:33Z","EcoCore_CSU","TOC",0.9379,"milligramsPerLiter",3.4,,0,"formatChange","GOOD"
"85794c65-0c9e-4360-86ca-774b86b63a6b","D06","KING","KING.AOS.groundwater.well.006","KING.W6.20170626.RAW",,"2017-06-26T15:33Z","2017-06-26T15:33Z","EcoCore_CSU","pH",7.5000,"pH",3.4,,0,"formatChange","GOOD"
"fa8f2cd4-f710-4a88-9286-b6eca5facfc9","D06","KING","KING.AOS.groundwater.well.006","KING.W6.20170626.FIL",,"2017-06-26T15:33Z","2017-06-26T15:33Z","EcoCore_CSU","NH4 - N",0.0830,"milligramsPerLiter",3.4,,0,"formatChange","GOOD"
"90fd28ec-9e0d-45bf-ab6e-eeafecb07bd9","D06","KING","KING.AOS.groundwater.well.006","KING.W6.20170626.FIL",,"2017-06-26T15:33Z","2017-06-26T15:33Z","EcoCore_CSU","UV Absorbance (280 nm)",0.0054,,3.4,,0,"formatChange","GOOD"
"1c9057d3-cbc2-4a54-8f9f-a3e7dafbd328","D06","KING","KING.AOS.groundwater.well.006","KING.W6.20170626.FIL",,"2017-06-26T15:33Z","2017-06-26T15:33Z","EcoCore_CSU","UV Absorbance (250 nm)",0.0119,,3.4,,0,"formatChange","GOOD"
"a8c7f4c6-707f-41b3-b9f0-795de107c719","D06","KING","KING.AOS.groundwater.well.006","KING.W6.20170626.FIL",,"2017-06-26T15:33Z","2017-06-26T15:33Z","EcoCore_CSU","NO3+NO2 - N",0.2070,"milligramsPerLiter",3.4,,0,"formatChange","GOOD"
"c6d9e6c6-2ba4-48ae-a193-fa43a14e51f5","D06","KING","KING.AOS.groundwater.well.006","KING.W6.20170626.FIL",,"2017-06-26T15:33Z","2017-06-26T15:33Z","EcoCore_CSU","NO2 - N",0.0010,"milligramsPerLiter",3.4,,0,"formatChange","GOOD"
"f44a5337-2b42-4eb5-85e7-7e2df9109219","D06","KING","KING.AOS.groundwater.well.006","KING.W6.20170626.FIL",,"2017-06-26T15:33Z","2017-06-26T15:33Z","EcoCore_CSU","DOC",0.7981,"milligramsPerLiter",3.4,,0,"formatChange","GOOD"
"1a49be64-204b-45e4-bbbe-5d2bb2ad5e68","D06","KING","KING.AOS.groundwater.well.006","KING.W6.20170626.FIL",,"2017-06-26T15:33Z","2017-06-26T15:33Z","EcoCore_CSU","Mn",0.0005,"milligramsPerLiter",3.4,,0,"formatChange","GOOD"
"d82986d8-ef95-4e91-a321-fdb3eaf21170","D06","KING","KING.AOS.groundwater.well.006","KING.W6.20170626.FIL",,"2017-06-26T15:33Z","2017-06-26T15:33Z","EcoCore_CSU","CO3",0.0000,"milligramsPerLiter",3.4,,0,"formatChange","GOOD"
"f1767cd1-c9e3-4935-ba35-74884de96432","D06","KING","KING.AOS.groundwater.well.006","KING.W6.20170626.FIL",,"2017-06-26T15:33Z","2017-06-26T15:33Z","EcoCore_CSU","Na",8.4824,"milligramsPerLiter",3.4,,0,"formatChange","GOOD"
"0f11bbaa-2480-4da8-b76c-fd816e20b164","D06","KING","KING.AOS.groundwater.well.006","KING.W6.20170626.FIL",,"2017-06-26T15:33Z","2017-06-26T15:33Z","EcoCore_CSU","Cl",2.7248,"milligramsPerLiter",3.4,,0,"formatChange","GOOD"
"82df157a-563a-434f-b929-d347112e3d01","D06","KING","KING.AOS.groundwater.well.006","KING.W6.20170626.FIL",,"2017-06-26T15:33Z","2017-06-26T15:33Z","EcoCore_CSU","TDN",0.3345,"milligramsPerLiter",3.4,,0,"formatChange","GOOD"
"125ce037-4165-4d10-8ea9-8e9cd272ab17","D06","KING","KING.AOS.groundwater.well.006","KING.W6.20170626.RAW",,"2017-06-26T15:33Z","2017-06-26T15:33Z","EcoCore_CSU","TSS",32.0000,"milligramsPerLiter",3.4,,0,"formatChange","GOOD"
"3cb9ed5b-890c-498b-8780-d7386dc0414e","D06","KING","KING.AOS.groundwater.well.006","KING.W6.20170626.FIL",,"2017-06-26T15:33Z","2017-06-26T15:33Z","EcoCore_CSU","SO4",62.3488,"milligramsPerLiter",3.4,,0,"formatChange","GOOD"
"93e90271-b10f-43ad-a72b-58e994943c10","D06","KING","KING.AOS.groundwater.well.006","KING.W6.20170626.RAW",,"2017-06-26T15:33Z","2017-06-26T15:33Z","EcoCore_CSU","ANC",7.8600,"milliequivalentsPerLiter",3.4,,0,"formatChange","GOOD"
"fd3e4b08-7916-4e6f-9cc7-e9fa7b2babc8","D06","KING","KING.AOS.groundwater.well.006","KING.W6.20170626.FIL",,"2017-06-26T15:33Z","2017-06-26T15:33Z","EcoCore_CSU","Ca",125.7300,"milligramsPerLiter",3.4,,0,"formatChange","GOOD"
"38208206-1fb2-4364-8f23-7cd4f318348f","D06","KING","KING.AOS.groundwater.well.006","KING.W6.20170626.RAW",,"2017-06-26T15:33Z","2017-06-26T15:33Z","EcoCore_CSU","TN",0.3517,"milligramsPerLiter",3.4,,0,"formatChange","GOOD"
"8e7a4d62-02a4-454a-97c1-d3d09fa35b35","D06","KING","KING.AOS.groundwater.well.006","KING.W6.20170626.FIL",,"2017-06-26T15:33Z","2017-06-26T15:33Z","EcoCore_CSU","HCO3",453.7100,"milligramsPerLiter",3.4,,0,"formatChange","GOOD"
"3b6b26df-00bb-4efb-a77d-03d4bfdd69f5","D06","KING","KING.AOS.groundwater.well.006","KING.W6.20170626.PCN",,"2017-06-26T15:33Z","2017-06-26T15:33Z","EcoCore_CSU","TPN",0.0136,"milligram",3.4,,0,"formatChange","GOOD"
"2dbec7ef-42ff-492c-958b-3792ba086da3","D06","KING","KING.AOS.groundwater.well.006","KING.W6.20170626.FIL",,"2017-06-26T15:33Z","2017-06-26T15:33Z","EcoCore_CSU","Ortho - P",0.0360,"milligramsPerLiter",3.4,,0,"formatChange","GOOD"
"3a1c85eb-5c2a-4c6a-b313-9d917aa0528e","D06","KING","KING.AOS.groundwater.well.006","KING.W6.20170626.RAW",,"2017-06-26T15:33Z","2017-06-26T15:33Z","EcoCore_CSU","TP",0.0750,"milligramsPerLiter",3.4,,0,"formatChange","GOOD"
"ac1e3545-c804-46d3-a214-90e5cde6a6a3","D06","KING","KING.AOS.groundwater.well.006","KING.W6.20170626.FIL",,"2017-06-26T15:33Z","2017-06-26T15:33Z","EcoCore_CSU","TDS",600.9000,"milligramsPerLiter",3.4,,0,"formatChange","GOOD"
"499ea800-f7f8-43b2-938c-c928653637d9","D06","KING","KING.AOS.groundwater.well.006","KING.W6.20170626.FIL",,"2017-06-26T15:33Z","2017-06-26T15:33Z","EcoCore_CSU","Mg",25.7120,"milligramsPerLiter",3.4,,0,"formatChange","GOOD"
"ae497eea-df52-4efc-a8c0-5df14322519b","D06","KING","KING.AOS.groundwater.well.006","KING.W6.20170626.RAW",,"2017-06-26T15:33Z","2017-06-26T15:33Z","EcoCore_CSU","conductivity",861.4000,"microsiemensPerCentimeter",3.4,,0,"formatChange","GOOD"
"fd340c30-f1b3-4dc2-bf18-f76013fb6576","D06","KING","KING.AOS.groundwater.well.006","KING.W6.20170626.FIL",,"2017-06-26T15:33Z","2017-06-26T15:33Z","EcoCore_CSU","K",1.2589,"milligramsPerLiter",3.4,,0,"formatChange","GOOD"
"b77226aa-4ba5-49db-869d-2174f9443fe1","D06","KING","KING.AOS.groundwater.well.006","KING.W6.20170626.RAW",,"2017-06-26T15:33Z","2017-06-26T15:33Z","EcoCore_CSU","TSS - Dry Mass",3200.0000,"microgram",3.4,,0,"formatChange","GOOD"
"898d7bdb-82e3-4001-af2c-4b4b418477be","D06","KING","KING.AOS.groundwater.well.006","KING.W6.20170626.PCN",,"2017-06-26T15:33Z","2017-06-26T15:33Z","EcoCore_CSU","TPC",0.3141,"milligram",3.4,,0,"formatChange","GOOD"
"1c0b71b4-567c-40a6-8f36-93c4e0d37744","D06","KING","KING.AOS.groundwater.well.006","KING.W6.20170626.FIL",,"2017-06-26T15:33Z","2017-06-26T15:33Z","EcoCore_CSU","Br",0.0050,"milligramsPerLiter",3.4,,0,"formatChange","GOOD"
"2faecc13-8d66-4a6e-9b1e-66367dc91603","D06","KING","KING.AOS.groundwater.well.006","KING.W6.20170626.FIL",,"2017-06-26T15:33Z","2017-06-26T15:33Z","EcoCore_CSU","TDP",0.0604,"milligramsPerLiter",3.4,,0,"formatChange","GOOD"
"89220c31-f5fd-40a9-9d3f-5e724c8bcf51","D06","KING","KING.AOS.groundwater.well.006","KING.W6.20170626.FIL",,"2017-06-26T15:33Z","2017-06-26T15:33Z","EcoCore_CSU","DIC",95.5300,"milligramsPerLiter",3.4,,0,"formatChange","GOOD"
"aa12c075-c23d-4f44-96d1-cdf46018cd74","D06","KING","KING.AOS.groundwater.well.006","KING.W6.20170626.FIL",,"2017-06-26T15:33Z","2017-06-26T15:33Z","EcoCore_CSU","Fe",0.0005,"milligramsPerLiter",3.4,,0,"formatChange","GOOD"
"19a2aeca-6593-4579-921f-d99f06f3bcee","D06","KING","KING.AOS.groundwater.well.006","KING.W6.20170626.FIL",,"2017-06-26T15:33Z","2017-06-26T15:33Z","EcoCore_CSU","Si",9.0001,"milligramsPerLiter",3.4,,0,"formatChange","GOOD"
"a493508f-3cf2-497c-bb2e-205ccf2a16c0","D06","KING","KING.AOS.groundwater.well.008","KING.W8.20170626.FIL",,"2017-06-26T16:28Z","2017-06-26T16:28Z","EcoCore_CSU","Na",6.3004,"milligramsPerLiter",3.4,,0,"formatChange","GOOD"
"1e2ba7b9-dc3e-4312-bdfd-99f9d5b1a7a0","D06","KING","KING.AOS.groundwater.well.008","KING.W8.20170626.FIL",,"2017-06-26T16:28Z","2017-06-26T16:28Z","EcoCore_CSU","DIC",95.9100,"milligramsPerLiter",3.4,,0,"formatChange","GOOD"
"64892473-a02e-4eb1-987e-99f098296d1b","D06","KING","KING.AOS.groundwater.well.008","KING.W8.20170626.FIL",,"2017-06-26T16:28Z","2017-06-26T16:28Z","EcoCore_CSU","UV Absorbance (250 nm)",0.0102,,3.4,,0,"formatChange","GOOD"
"1403f2bf-19f3-42f3-a392-203231f2519a","D06","KING","KING.AOS.groundwater.well.008","KING.W8.20170626.RAW",,"2017-06-26T16:28Z","2017-06-26T16:28Z","EcoCore_CSU","conductivity",621.8000,"microsiemensPerCentimeter",3.4,,0,"formatChange","GOOD"
"70eaa82c-c2c4-4953-a488-2f63831e0b1d","D06","KING","KING.AOS.groundwater.well.008","KING.W8.20170626.FIL",,"2017-06-26T16:28Z","2017-06-26T16:28Z","EcoCore_CSU","F",0.3578,"milligramsPerLiter",3.4,,0,"formatChange","GOOD"
"8a604012-7894-4782-9fe5-e77894a54922","D06","KING","KING.AOS.groundwater.well.008","KING.W8.20170626.FIL",,"2017-06-26T16:28Z","2017-06-26T16:28Z","EcoCore_CSU","Si",7.1734,"milligramsPerLiter",3.4,,0,"formatChange","GOOD"
"632a7e53-88fd-4159-97aa-18404dcf17a4","D06","KING","KING.AOS.groundwater.well.008","KING.W8.20170626.RAW",,"2017-06-26T16:28Z","2017-06-26T16:28Z","EcoCore_CSU","TSS",78.0000,"milligramsPerLiter",3.4,,0,"formatChange","GOOD"
"b68a8dcf-4313-43c7-a16c-5a7607529ec6","D06","KING","KING.AOS.groundwater.well.008","KING.W8.20170626.FIL",,"2017-06-26T16:28Z","2017-06-26T16:28Z","EcoCore_CSU","TDP",0.0273,"milligramsPerLiter",3.4,,0,"formatChange","GOOD"
"0961d4a5-803b-4dcd-86b3-fcb6cb4c1e42","D06","KING","KING.AOS.groundwater.well.008","KING.W8.20170626.PCN",,"2017-06-26T16:28Z","2017-06-26T16:28Z","EcoCore_CSU","TPN",-0.0232,"milligram",3.4,,0,"formatChange","GOOD"
"e5a1b498-1f13-44b6-bfc1-ad7830a633c2","D06","KING","KING.AOS.groundwater.well.008","KING.W8.20170626.PCN",,"2017-06-26T16:28Z","2017-06-26T16:28Z","EcoCore_CSU","TPC",0.3503,"milligram",3.4,,0,"formatChange","GOOD"
"ba7036e7-ed0f-4608-99fb-1270ed17ef27","D06","KING","KING.AOS.groundwater.well.008","KING.W8.20170626.RAW",,"2017-06-26T16:28Z","2017-06-26T16:28Z","EcoCore_CSU","TP",0.0290,"milligramsPerLiter",3.4,,0,"formatChange","GOOD"
"45b32943-8add-4a69-b1e7-4eabb56def9c","D06","KING","KING.AOS.groundwater.well.008","KING.W8.20170626.RAW",,"2017-06-26T16:28Z","2017-06-26T16:28Z","EcoCore_CSU","pH",7.6100,"pH",3.4,,0,"formatChange","GOOD"
"c912f333-019c-47e7-9912-2360a6c623eb","D06","KING","KING.AOS.groundwater.well.008","KING.W8.20170626.RAW",,"2017-06-26T16:28Z","2017-06-26T16:28Z","EcoCore_CSU","TSS - Dry Mass",7800.0000,"microgram",3.4,,0,"formatChange","GOOD"
"14886653-f492-4e52-ab68-883e37e96119","D06","KING","KING.AOS.groundwater.well.008","KING.W8.20170626.FIL",,"2017-06-26T16:28Z","2017-06-26T16:28Z","EcoCore_CSU","SO4",29.1651,"milligramsPerLiter",3.4,,0,"formatChange","GOOD"
"6fb1309e-3ea1-4a74-83a1-1fc314b0a1e7","D06","KING","KING.AOS.groundwater.well.008","KING.W8.20170626.FIL",,"2017-06-26T16:28Z","2017-06-26T16:28Z","EcoCore_CSU","NO3+NO2 - N",0.0730,"milligramsPerLiter",3.4,,0,"formatChange","GOOD"
"fcb7c057-f0b9-4f87-9e8d-3895f73ba1c3","D06","KING","KING.AOS.groundwater.well.008","KING.W8.20170626.RAW",,"2017-06-26T16:28Z","2017-06-26T16:28Z","EcoCore_CSU","ANC",6.7100,"milliequivalentsPerLiter",3.4,,0,"formatChange","GOOD"
"71536794-3edf-47b5-a378-3c6e47bd0513","D06","KING","KING.AOS.groundwater.well.008","KING.W8.20170626.FIL",,"2017-06-26T16:28Z","2017-06-26T16:28Z","EcoCore_CSU","CO3",0.0000,"milligramsPerLiter",3.4,,0,"formatChange","GOOD"
"77ae7795-98c4-49cd-ae9d-a0c1e3f6e9fa","D06","KING","KING.AOS.groundwater.well.008","KING.W8.20170626.FIL",,"2017-06-26T16:28Z","2017-06-26T16:28Z","EcoCore_CSU","NH4 - N",0.0960,"milligramsPerLiter",3.4,,0,"formatChange","GOOD"
"4a5094e5-ac3c-4547-919b-84b80a5e9ca2","D06","KING","KING.AOS.groundwater.well.008","KING.W8.20170626.FIL",,"2017-06-26T16:28Z","2017-06-26T16:28Z","EcoCore_CSU","Cl",1.6623,"milligramsPerLiter",3.4,,0,"formatChange","GOOD"
"4bfab830-5862-40b8-95f8-8f98901f5888","D06","KING","KING.AOS.groundwater.well.008","KING.W8.20170626.FIL",,"2017-06-26T16:28Z","2017-06-26T16:28Z","EcoCore_CSU","Mg",24.5220,"milligramsPerLiter",3.4,,0,"formatChange","GOOD"
"7f0dffc6-3f47-4592-a3ce-7f1ee9008b27","D06","KING","KING.AOS.groundwater.well.008","KING.W8.20170626.FIL",,"2017-06-26T16:28Z","2017-06-26T16:28Z","EcoCore_CSU","Br",0.0050,"milligramsPerLiter",3.4,,0,"formatChange","GOOD"
"478d328e-2b2d-4229-b7d7-8bcde01660de","D06","KING","KING.AOS.groundwater.well.008","KING.W8.20170626.FIL",,"2017-06-26T16:28Z","2017-06-26T16:28Z","EcoCore_CSU","Mn",0.0005,"milligramsPerLiter",3.4,,0,"formatChange","GOOD"
"93067fe0-c119-4683-9959-39b2cc63a27f","D06","KING","KING.AOS.groundwater.well.008","KING.W8.20170626.FIL",,"2017-06-26T16:28Z","2017-06-26T16:28Z","EcoCore_CSU","HCO3",381.2400,"milligramsPerLiter",3.4,,0,"formatChange","GOOD"
"a38f2897-66c5-416c-a4fe-03bce52d9b4e","D06","KING","KING.AOS.groundwater.well.008","KING.W8.20170626.FIL",,"2017-06-26T16:28Z","2017-06-26T16:28Z","EcoCore_CSU","Fe",0.0005,"milligramsPerLiter",3.4,,0,"formatChange","GOOD"
"11c5bd52-9cfc-4455-9a38-bec54449f245","D06","KING","KING.AOS.groundwater.well.008","KING.W8.20170626.RAW",,"2017-06-26T16:28Z","2017-06-26T16:28Z","EcoCore_CSU","TOC",1.0980,"milligramsPerLiter",3.4,,0,"formatChange","GOOD"
"df24ee18-d25e-4e5c-ad37-10688196e30c","D06","KING","KING.AOS.groundwater.well.008","KING.W8.20170626.FIL",,"2017-06-26T16:28Z","2017-06-26T16:28Z","EcoCore_CSU","UV Absorbance (280 nm)",0.0054,,3.4,,0,"formatChange","GOOD"
"16890a90-291c-4cfd-9bd3-a39b519a9bef","D06","KING","KING.AOS.groundwater.well.008","KING.W8.20170626.FIL",,"2017-06-26T16:28Z","2017-06-26T16:28Z","EcoCore_CSU","DOC",0.8093,"milligramsPerLiter",3.4,,0,"formatChange","GOOD"
"848a96b9-32da-4f6b-a70f-20723c269b76","D06","KING","KING.AOS.groundwater.well.008","KING.W8.20170626.FIL",,"2017-06-26T16:28Z","2017-06-26T16:28Z","EcoCore_CSU","K",1.1112,"milligramsPerLiter",3.4,,0,"formatChange","GOOD"
"1cc37a3a-4940-48bd-aad8-c5a40bb00d3e","D06","KING","KING.AOS.groundwater.well.008","KING.W8.20170626.FIL",,"2017-06-26T16:28Z","2017-06-26T16:28Z","EcoCore_CSU","TDS",436.1000,"milligramsPerLiter",3.4,,0,"formatChange","GOOD"
"13f29955-d127-4cdf-b2eb-8e22bbd47605","D06","KING","KING.AOS.groundwater.well.008","KING.W8.20170626.FIL",,"2017-06-26T16:28Z","2017-06-26T16:28Z","EcoCore_CSU","Ca",77.7170,"milligramsPerLiter",3.4,,0,"formatChange","GOOD"
"baa98015-0854-4031-986f-0119e834035e","D06","KING","KING.AOS.groundwater.well.008","KING.W8.20170626.FIL",,"2017-06-26T16:28Z","2017-06-26T16:28Z","EcoCore_CSU","Ortho - P",0.0290,"milligramsPerLiter",3.4,,0,"formatChange","GOOD"
"f928c4ca-38bf-407d-87cd-81b1b34f3b74","D06","KING","KING.AOS.groundwater.well.008","KING.W8.20170626.RAW",,"2017-06-26T16:28Z","2017-06-26T16:28Z","EcoCore_CSU","TN",0.1847,"milligramsPerLiter",3.4,,0,"formatChange","GOOD"
"2264e60d-c274-4bc3-bc10-01b700aaafb7","D06","KING","KING.AOS.groundwater.well.008","KING.W8.20170626.FIL",,"2017-06-26T16:28Z","2017-06-26T16:28Z","EcoCore_CSU","TDN",0.1264,"milligramsPerLiter",3.4,,0,"formatChange","GOOD"
"0616fbff-1622-4974-b2b6-27ab3ca894a8","D06","KING","KING.AOS.groundwater.well.008","KING.W8.20170626.FIL",,"2017-06-26T16:28Z","2017-06-26T16:28Z","EcoCore_CSU","NO2 - N",0.0000,"milligramsPerLiter",3.4,,0,"formatChange","GOOD"
"1d6f5f7d-ad74-45c4-b35d-562e51e36d17","D06","KING","KING.AOS.groundwater.well.003","KING.W3.20170626.FIL",,"2017-06-26T17:25Z","2017-06-26T17:25Z","EcoCore_CSU","Mn",0.0005,"milligramsPerLiter",3.4,,0,"formatChange","GOOD"
"209b273f-26a0-4e2f-9ffd-88ba9d688392","D06","KING","KING.AOS.groundwater.well.003","KING.W3.20170626.PCN",,"2017-06-26T17:25Z","2017-06-26T17:25Z","EcoCore_CSU","TPC",0.4868,"milligram",3.4,,0,"formatChange","GOOD"
"b9ebe9cf-0058-4493-a065-4fa82a4fe851","D06","KING","KING.AOS.groundwater.well.003","KING.W3.20170626.RAW",,"2017-06-26T17:25Z","2017-06-26T17:25Z","EcoCore_CSU","pH",7.5000,"pH",3.4,,0,"formatChange","GOOD"
"60af662c-910c-4817-92aa-33545be861a0","D06","KING","KING.AOS.groundwater.well.003","KING.W3.20170626.FIL",,"2017-06-26T17:25Z","2017-06-26T17:25Z","EcoCore_CSU","NO3+NO2 - N",0.0940,"milligramsPerLiter",3.4,,0,"formatChange","GOOD"
"ba8ed613-e274-4b25-b746-fd6d66ff14a1","D06","KING","KING.AOS.groundwater.well.003","KING.W3.20170626.FIL",,"2017-06-26T17:25Z","2017-06-26T17:25Z","EcoCore_CSU","Ca",115.5500,"milligramsPerLiter",3.4,,0,"formatChange","GOOD"
"0f027d11-31a8-43fa-be45-1aaef0f455e9","D06","KING","KING.AOS.groundwater.well.003","KING.W3.20170626.RAW",,"2017-06-26T17:25Z","2017-06-26T17:25Z","EcoCore_CSU","conductivity",798.5000,"microsiemensPerCentimeter",3.4,,0,"formatChange","GOOD"
"f60f3c64-449f-4869-9abf-e767a3028426","D06","KING","KING.AOS.groundwater.well.003","KING.W3.20170626.RAW",,"2017-06-26T17:25Z","2017-06-26T17:25Z","EcoCore_CSU","ANC",7.9400,"milliequivalentsPerLiter",3.4,,0,"formatChange","GOOD"
"9cd38501-e6a5-443b-a0e1-814899c882a1","D06","KING","KING.AOS.groundwater.well.003","KING.W3.20170626.RAW",,"2017-06-26T17:25Z","2017-06-26T17:25Z","EcoCore_CSU","TSS",51.0000,"milligramsPerLiter",3.4,,0,"formatChange","GOOD"
"24d45ebe-3175-406a-bed2-977c897decc5","D06","KING","KING.AOS.groundwater.well.003","KING.W3.20170626.FIL",,"2017-06-26T17:25Z","2017-06-26T17:25Z","EcoCore_CSU","DIC",93.6800,"milligramsPerLiter",3.4,,0,"formatChange","GOOD"
"b58ff8a8-7343-40e1-a6b8-5af5495f37a2","D06","KING","KING.AOS.groundwater.well.003","KING.W3.20170626.FIL",,"2017-06-26T17:25Z","2017-06-26T17:25Z","EcoCore_CSU","Mg",24.0380,"milligramsPerLiter",3.4,,0,"formatChange","GOOD"
"b06ee9f1-a359-4b97-9757-8baa7387f7ad","D06","KING","KING.AOS.groundwater.well.003","KING.W3.20170626.PCN",,"2017-06-26T17:25Z","2017-06-26T17:25Z","EcoCore_CSU","TPN",0.0221,"milligram",3.4,,0,"formatChange","GOOD"
"a61c6e24-cea6-4f7a-85f6-60e952adaea0","D06","KING","KING.AOS.groundwater.well.003","KING.W3.20170626.RAW",,"2017-06-26T17:25Z","2017-06-26T17:25Z","EcoCore_CSU","TP",0.0210,"milligramsPerLiter",3.4,,0,"formatChange","GOOD"
"31ad1f96-6637-477a-aa24-04dc7b306827","D06","KING","KING.AOS.groundwater.well.003","KING.W3.20170626.FIL",,"2017-06-26T17:25Z","2017-06-26T17:25Z","EcoCore_CSU","Si",7.5508,"milligramsPerLiter",3.4,,0,"formatChange","GOOD"
"8fe7dc65-30fc-4708-a18a-ce9877cd7f81","D06","KING","KING.AOS.groundwater.well.003","KING.W3.20170626.FIL",,"2017-06-26T17:25Z","2017-06-26T17:25Z","EcoCore_CSU","Br",0.0050,"milligramsPerLiter",3.4,,0,"formatChange","GOOD"
"4fa65cbb-6007-477e-8ead-6ecb7d563213","D06","KING","KING.AOS.groundwater.well.003","KING.W3.20170626.RAW",,"2017-06-26T17:25Z","2017-06-26T17:25Z","EcoCore_CSU","TOC",0.9193,"milligramsPerLiter",3.4,,0,"formatChange","GOOD"
"23f5408d-c000-4515-9777-8b6cfbb852f9","D06","KING","KING.AOS.groundwater.well.003","KING.W3.20170626.FIL",,"2017-06-26T17:25Z","2017-06-26T17:25Z","EcoCore_CSU","K",1.3267,"milligramsPerLiter",3.4,,0,"formatChange","GOOD"
"08d56b3c-c2ec-47b4-916a-dc51e7a130c1","D06","KING","KING.AOS.groundwater.well.003","KING.W3.20170626.FIL",,"2017-06-26T17:25Z","2017-06-26T17:25Z","EcoCore_CSU","Na",6.7901,"milligramsPerLiter",3.4,,0,"formatChange","GOOD"
"014e6011-9234-4244-84e0-093d5fdd619d","D06","KING","KING.AOS.groundwater.well.003","KING.W3.20170626.FIL",,"2017-06-26T17:25Z","2017-06-26T17:25Z","EcoCore_CSU","TDP",0.0166,"milligramsPerLiter",3.4,,0,"formatChange","GOOD"
"4575684a-063b-4b5b-a85f-fda55a4b1708","D06","KING","KING.AOS.groundwater.well.003","KING.W3.20170626.RAW",,"2017-06-26T17:25Z","2017-06-26T17:25Z","EcoCore_CSU","TSS - Dry Mass",5100.0000,"microgram",3.4,,0,"formatChange","GOOD"
"e9f09262-adc2-40fe-93e4-215c32f25a77","D06","KING","KING.AOS.groundwater.well.003","KING.W3.20170626.FIL",,"2017-06-26T17:25Z","2017-06-26T17:25Z","EcoCore_CSU","HCO3",449.5200,"milligramsPerLiter",3.4,,0,"formatChange","GOOD"
"a36ad28a-feca-4eb1-b36f-0393c9a1f8fb","D06","KING","KING.AOS.groundwater.well.003","KING.W3.20170626.FIL",,"2017-06-26T17:25Z","2017-06-26T17:25Z","EcoCore_CSU","SO4",34.3462,"milligramsPerLiter",3.4,,0,"formatChange","GOOD"
"e03cd68a-5354-41a6-9691-a6db42cdc208","D06","KING","KING.AOS.groundwater.well.003","KING.W3.20170626.FIL",,"2017-06-26T17:25Z","2017-06-26T17:25Z","EcoCore_CSU","UV Absorbance (250 nm)",0.0177,,3.4,,0,"formatChange","GOOD"
"340d0a4f-ca51-4040-9223-b1c9e4cb48df","D06","KING","KING.AOS.groundwater.well.003","KING.W3.20170626.FIL",,"2017-06-26T17:25Z","2017-06-26T17:25Z","EcoCore_CSU","UV Absorbance (280 nm)",0.0117,,3.4,,0,"formatChange","GOOD"
"53bf755d-6895-401d-8977-44232d4249d3","D06","KING","KING.AOS.groundwater.well.003","KING.W3.20170626.FIL",,"2017-06-26T17:25Z","2017-06-26T17:25Z","EcoCore_CSU","F",0.3822,"milligramsPerLiter",3.4,,0,"formatChange","GOOD"
"a969e649-ede2-4fd6-a6c3-2995ff500ecc","D06","KING","KING.AOS.groundwater.well.003","KING.W3.20170626.FIL",,"2017-06-26T17:25Z","2017-06-26T17:25Z","EcoCore_CSU","TDN",0.1507,"milligramsPerLiter",3.4,,0,"formatChange","GOOD"
"4bc77e41-b431-4a09-957f-14d8dcdec058","D06","KING","KING.AOS.groundwater.well.003","KING.W3.20170626.FIL",,"2017-06-26T17:25Z","2017-06-26T17:25Z","EcoCore_CSU","TDS",557.3000,"milligramsPerLiter",3.4,,0,"formatChange","GOOD"
"7b2a6c5e-fa0b-43ae-a55b-3e13a647ee9c","D06","KING","KING.AOS.groundwater.well.003","KING.W3.20170626.FIL",,"2017-06-26T17:25Z","2017-06-26T17:25Z","EcoCore_CSU","NH4 - N",0.1070,"milligramsPerLiter",3.4,,0,"formatChange","GOOD"
"4aa9de9b-eb91-4ef1-9614-e4f3b14c9b72","D06","KING","KING.AOS.groundwater.well.003","KING.W3.20170626.FIL",,"2017-06-26T17:25Z","2017-06-26T17:25Z","EcoCore_CSU","Ortho - P",0.0300,"milligramsPerLiter",3.4,,0,"formatChange","GOOD"
"8537c3e9-caa3-4dcc-8c47-ac39b1ed1930","D06","KING","KING.AOS.groundwater.well.003","KING.W3.20170626.FIL",,"2017-06-26T17:25Z","2017-06-26T17:25Z","EcoCore_CSU","Fe",0.0005,"milligramsPerLiter",3.4,,0,"formatChange","GOOD"
"b36dffd5-bc4a-45ca-8477-bdac5321bfab","D06","KING","KING.AOS.groundwater.well.003","KING.W3.20170626.FIL",,"2017-06-26T17:25Z","2017-06-26T17:25Z","EcoCore_CSU","Cl",1.7140,"milligramsPerLiter",3.4,,0,"formatChange","GOOD"
"2090cb3f-4ce6-4243-bd04-107f53137531","D06","KING","KING.AOS.groundwater.well.003","KING.W3.20170626.FIL",,"2017-06-26T17:25Z","2017-06-26T17:25Z","EcoCore_CSU","CO3",0.0000,"milligramsPerLiter",3.4,,0,"formatChange","GOOD"
"3f490bcf-439f-4c2f-9326-4e23fd5678f7","D06","KING","KING.AOS.groundwater.well.003","KING.W3.20170626.FIL",,"2017-06-26T17:25Z","2017-06-26T17:25Z","EcoCore_CSU","NO2 - N",0.0010,"milligramsPerLiter",3.4,,0,"formatChange","GOOD"
"50e97436-4b8e-48ca-8185-2793cc3634fc","D06","KING","KING.AOS.groundwater.well.003","KING.W3.20170626.RAW",,"2017-06-26T17:25Z","2017-06-26T17:25Z","EcoCore_CSU","TN",0.1607,"milligramsPerLiter",3.4,,0,"formatChange","GOOD"
"a94be1de-49a3-4456-ab3e-ca9488e19758","D06","KING","KING.AOS.groundwater.well.003","KING.W3.20170626.FIL",,"2017-06-26T17:25Z","2017-06-26T17:25Z","EcoCore_CSU","DOC",0.7646,"milligramsPerLiter",3.4,,0,"formatChange","GOOD"
