uid,domainID,siteID,namedLocation,decimalLatitude,decimalLongitude,coordinateUncertainty,elevation,elevationUncertainty,geodeticDatum,collectDate,aquaticSiteType,samplingImpractical,waterChemSamplesCollected,adequateSampleVol,parentSampleID,eventID,swcSamplingProtocolVersion,sampleExtractionMethod,samplerType,totalWellDepth,wellWaterDepth,waterColumnHeight,sampleDepth,purgeAverageDischargeRate,purgeTime,gwWellStabilized,purgeDryDateTime,pumpPlacementDate,screenedIntervalDepth,maxAllowableDrawdown,actualDrawdown,MADExceeded,wellVolumePurged,probeIDUnavailable,dissolvedOxygen,dissolvedOxygenSaturation,specificConductance,waterTemp,pH,waterClarityDescrip,waterColorDescrip,aCollectedBy,bCollectedBy,remarks
"584ff233-6a56-4bbd-9949-388d91c24d5b","D06","KING","KING.AOS.groundwater.well.001",39.104728,-96.602945,0.1,329.4,0.1,"WGS84","2017-06-26T14:15Z","stream",,,,"KING.W1.20170626","KING.20170626","NEON.DOC.002905vD","low-flow","Groundwater Pump",9.7,4.3,5.4,5.3,,,,,,,,,,2.1,,2.23,23.60,686.00,15.40,,"cloudy","brown","jkukulski@battelleecology.org","naring-barli@battelleecology.org",
"0f336170-1d8e-43fb-9bb0-31ff5feec415","D06","KING","KING.AOS.groundwater.well.006",39.104531,-96.603336,0.1,328.8,0.1,"WGS84","2017-06-26T15:33Z","stream",,,,"KING.W6.20170626","KING.20170626","NEON.DOC.002905vD","low-flow","Groundwater Pump",9.1,3.8,5.3,4.8,,,,,,,,,,0.6,,3.60,36.30,806.00,14.40,,"clear","brown","jkukulski@battelleecology.org","naring-barli@battelleecology.org",
"3ef310fd-f348-4dc8-aedf-7237ad760400","D06","KING","KING.AOS.groundwater.well.008",39.105096,-96.603080,0.1,328.4,0.1,"WGS84","2017-06-26T16:28Z","stream",,,,"KING.W8.20170626","KING.20170626","NEON.DOC.002905vD","low-flow","Groundwater Pump",8.4,3.7,4.7,4.7,,,,,,,,,,0.8,,3.50,35.90,758.00,14.30,,"cloudy","brown","jkukulski@battelleecology.org","naring-barli@battelleecology.org",
"9878a186-0077-48a0-ac95-3d86d4b8fd55","D06","KING","KING.AOS.groundwater.well.003",39.105120,-96.602625,0.1,330.6,0.1,"WGS84","2017-06-26T17:25Z","stream",,,,"KING.W3.20170626","KING.20170626","NEON.DOC.002905vD","low-flow","Groundwater Pump",8.5,5.4,3.1,6.4,,,,,,,,,,1.6,,3.55,36.00,739.00,14.80,,"cloudy","brown","jkukulski@battelleecology.org","naring-barli@battelleecology.org",
