uid,domainID,siteID,namedLocation,collectDate,parentSampleID,sampleCondition,sampleID,replicateNumber,gwwDICBubbleFree,gwwFiltSampleHeadspace,gwwAlkSampleHeadspace,gwwAlkSampleBubbleFree,processedDate,processedDateFilters,sampleVolumeFiltered,shipmentTimeRange
"4c1fbdf2-dad2-45d5-8a4d-ba0fdfad0657","D06","KING","KING.AOS.groundwater.well.001","2017-06-26T14:15Z","KING.W1.20170626","Sample condition ok","KING.W1.20170626",1,,,,,"2017-06-26T14:20Z","2017-06-26T15:25Z",100.0,
"38e46940-81b4-4a1c-96c9-8b5de77bb56b","D06","KING","KING.AOS.groundwater.well.006","2017-06-26T15:33Z","KING.W6.20170626","Sample condition ok","KING.W6.20170626",1,,,,,"2017-06-26T15:35Z","2017-06-26T15:58Z",200.0,
"773d80a0-42a8-4b64-acca-c19d4a2274d5","D06","KING","KING.AOS.groundwater.well.008","2017-06-26T16:28Z","KING.W8.20170626","Sample condition ok","KING.W8.20170626",1,,,,,"2017-06-26T16:35Z","2017-06-26T17:04Z",200.0,
"573aee10-46e7-4139-92ba-a361ec737a32","D06","KING","KING.AOS.groundwater.well.003","2017-06-26T17:25Z","KING.W3.20170626","Sample condition ok","KING.W3.20170626",1,,,,,"2017-06-26T17:35Z","2017-06-26T07:20Z",128.0,
