uid,domainID,siteID,namedLocation,collectDate,titrationDate,parentSampleID,domainSampleID,remarks,measuredBy,alkMeqPerL,alkMgPerL,ancMeqPerL,ancMgPerL
"b5406f3e-ecf4-4bde-b827-4b1e6a2f645d","D09","PRLA","PRLA.AOS.groundwater.well.003","2019-05-08T13:25Z","2019-05-09T13:29Z","PRLA.W3.20190508","PRLA.W3.20190508.ALK",,"totto@battelleecology.org",9.430,472.000,,
"57c4a1a2-f42d-48ee-809e-984bff563151","D09","PRLA","PRLA.AOS.groundwater.well.001","2019-05-08T14:46Z","2019-05-09T14:23Z","PRLA.W1.20190508","PRLA.W1.20190508.ALK",,"totto@battelleecology.org",7.060,353.000,,
"c23f6209-8cf5-4c4d-a0a4-72a4df55937d","D09","PRLA","PRLA.AOS.groundwater.well.007","2019-05-08T16:00Z","2019-05-09T15:20Z","PRLA.W7.20190508","PRLA.W7.20190508.ALK",,"totto@battelleecology.org",9.100,455.000,,
"7d18afa4-f909-41c7-b12e-3345aeb712c2","D09","PRLA","PRLA.AOS.groundwater.well.008","2019-05-08T16:54Z","2019-05-09T16:30Z","PRLA.W8.20190508","PRLA.W8.20190508.ALK",,"totto@battelleecology.org",9.840,492.000,,
