uid,domainID,siteID,namedLocation,decimalLatitude,decimalLongitude,coordinateUncertainty,elevation,elevationUncertainty,geodeticDatum,collectDate,aquaticSiteType,samplingImpractical,waterChemSamplesCollected,adequateSampleVol,parentSampleID,eventID,swcSamplingProtocolVersion,sampleExtractionMethod,samplerType,totalWellDepth,wellWaterDepth,waterColumnHeight,sampleDepth,purgeAverageDischargeRate,purgeTime,gwWellStabilized,purgeDryDateTime,pumpPlacementDate,screenedIntervalDepth,maxAllowableDrawdown,actualDrawdown,MADExceeded,wellVolumePurged,probeIDUnavailable,dissolvedOxygen,dissolvedOxygenSaturation,specificConductance,waterTemp,pH,waterClarityDescrip,waterColorDescrip,aCollectedBy,bCollectedBy,remarks
"02602d7c-d0c1-44d4-b277-641a5de0e9e2","D09","PRLA","PRLA.AOS.groundwater.well.003",47.161507,-99.118596,0.1,565.9,0.1,"WGS84","2019-05-08T13:25Z","lake",,,"Y","PRLA.W3.20190508","PRLA.20190508","NEON.DOC.002905vF","low-yield","Groundwater Pump",10.5,4.2,6.3,,,,,,"2019-05-02T15:00Z",6.1,3.6,,,0.5,,2.46,21.50,1305.00,6.90,7.20,"clear","colorless","0000-0002-4670-7736","0000-0001-5939-3206",
"d5092f20-18a2-444e-a068-02aa5b541f2a","D09","PRLA","PRLA.AOS.groundwater.well.001",47.162611,-99.118623,0.1,571.5,0.1,"WGS84","2019-05-08T14:46Z","lake",,,"Y","PRLA.W1.20190508","PRLA.20190508","NEON.DOC.002905vF","low-flow","Groundwater Pump",10.1,6.1,4.0,7.1,,,,,,,,,,14.6,,3.09,26.90,2243.00,6.50,7.31,"cloudy","brown","0000-0001-5939-3206","0000-0002-4670-7736",
"888b710c-bd2a-41df-a4a9-64d04b0ddc1a","D09","PRLA","PRLA.AOS.groundwater.well.007",47.157918,-99.113917,0.1,568.8,0.1,"WGS84","2019-05-08T16:00Z","lake",,,"Y","PRLA.W7.20190508","PRLA.20190508","NEON.DOC.002905vF","low-yield","Groundwater Pump",15.8,5.5,10.3,,,,,,"2019-05-02T15:15Z",6.1,8.9,,,0.8,,2.49,22.70,5334.00,7.80,7.03,"clear","colorless","0000-0002-4670-7736","0000-0001-5939-3206","Water started out reddish"
"36815c37-e759-4af7-9f37-e1b6c6a7e805","D09","PRLA","PRLA.AOS.groundwater.well.008",47.158432,-99.114811,0.1,566.6,0.1,"WGS84","2019-05-08T16:54Z","lake",,,"Y","PRLA.W8.20190508","PRLA.20190508","NEON.DOC.002905vF","low-flow","Groundwater Pump",7.6,3.5,4.1,4.5,,,,,,,,,,3.8,,1.60,14.10,2445.00,6.90,7.50,"clear","colorless","0000-0002-4670-7736","0000-0001-5939-3206",
