uid,domainID,siteID,namedLocation,sampleID,sampleCode,startDate,collectDate,laboratoryName,analyte,analyteConcentration,analyteUnits,coolerTemp,remarks,shipmentWarmQF,externalLabDataQF,sampleCondition
"e56e1d06-2951-4593-acd9-1a2e43ad4425","D09","PRLA","PRLA.AOS.groundwater.well.003","PRLA.W3.20190508.RAW","A00000084905","2019-05-08T13:25Z","2019-05-08T13:25Z","EcoCore_CSU","TSS",6.0000,"milligramsPerLiter",0.4,,0,"formatChange","GOOD"
"b78c9fb6-ca57-4326-979a-4d17ff1ab783","D09","PRLA","PRLA.AOS.groundwater.well.003","PRLA.W3.20190508.FIL","A00000084904","2019-05-08T13:25Z","2019-05-08T13:25Z","EcoCore_CSU","Cl",5.4904,"milligramsPerLiter",0.4,,0,"formatChange","GOOD"
"3539ce24-70c6-44e3-b7a8-81b6035b1716","D09","PRLA","PRLA.AOS.groundwater.well.003","PRLA.W3.20190508.FIL","A00000084904","2019-05-08T13:25Z","2019-05-08T13:25Z","EcoCore_CSU","DIC",119.2000,"milligramsPerLiter",0.4,,0,"formatChange","GOOD"
"fe7c721e-648e-4612-9e99-c1148dc8ea2e","D09","PRLA","PRLA.AOS.groundwater.well.003","PRLA.W3.20190508.FIL","A00000084904","2019-05-08T13:25Z","2019-05-08T13:25Z","EcoCore_CSU","Mn",0.6750,"milligramsPerLiter",0.4,,0,"formatChange","GOOD"
"3a177f4b-d3db-42ea-951b-cc26a08151e5","D09","PRLA","PRLA.AOS.groundwater.well.003","PRLA.W3.20190508.FIL","A00000084904","2019-05-08T13:25Z","2019-05-08T13:25Z","EcoCore_CSU","Ca",170.5130,"milligramsPerLiter",0.4,,0,"formatChange","GOOD"
"9e10fdff-70ce-4967-a490-00143b6e7cf8","D09","PRLA","PRLA.AOS.groundwater.well.003","PRLA.W3.20190508.FIL","A00000084904","2019-05-08T13:25Z","2019-05-08T13:25Z","EcoCore_CSU","TDP",0.0025,"milligramsPerLiter",0.4,,0,"formatChange","GOOD"
"21eeeddb-7017-4b17-a4e3-6483f6c61168","D09","PRLA","PRLA.AOS.groundwater.well.003","PRLA.W3.20190508.RAW","A00000084905","2019-05-08T13:25Z","2019-05-08T13:25Z","EcoCore_CSU","TSS - Dry Mass",300.0000,"microgram",0.4,,0,"formatChange","GOOD"
"c69a0972-1fda-44a5-998b-8c5083cd1082","D09","PRLA","PRLA.AOS.groundwater.well.003","PRLA.W3.20190508.FIL","A00000084904","2019-05-08T13:25Z","2019-05-08T13:25Z","EcoCore_CSU","TDN",0.3063,"milligramsPerLiter",0.4,,0,"formatChange","GOOD"
"93eb21f7-730b-40fc-9d3b-450191909c74","D09","PRLA","PRLA.AOS.groundwater.well.003","PRLA.W3.20190508.FIL","A00000084904","2019-05-08T13:25Z","2019-05-08T13:25Z","EcoCore_CSU","UV Absorbance (280 nm)",0.0527,,0.4,,0,"formatChange","GOOD"
"ed025c41-48a7-4777-a708-47d3f139163d","D09","PRLA","PRLA.AOS.groundwater.well.003","PRLA.W3.20190508.RAW","A00000084905","2019-05-08T13:25Z","2019-05-08T13:25Z","EcoCore_CSU","TP",0.0095,"milligramsPerLiter",0.4,,0,"formatChange","GOOD"
"7f00de36-8c6a-4125-a416-a85354f9f947","D09","PRLA","PRLA.AOS.groundwater.well.003","PRLA.W3.20190508.FIL","A00000084904","2019-05-08T13:25Z","2019-05-08T13:25Z","EcoCore_CSU","SO4",313.8000,"milligramsPerLiter",0.4,,0,"formatChange","GOOD"
"0a464cdc-4c24-4372-b7cb-1cc6b2d8fc4e","D09","PRLA","PRLA.AOS.groundwater.well.003","PRLA.W3.20190508.FIL","A00000084904","2019-05-08T13:25Z","2019-05-08T13:25Z","EcoCore_CSU","Mg",70.4000,"milligramsPerLiter",0.4,,0,"formatChange","GOOD"
"5ec264c0-2522-49fc-b801-804879df5422","D09","PRLA","PRLA.AOS.groundwater.well.003","PRLA.W3.20190508.FIL","A00000084904","2019-05-08T13:25Z","2019-05-08T13:25Z","EcoCore_CSU","NO2 - N",-0.1249,"milligramsPerLiter",0.4,,0,"formatChange","GOOD"
"6649dec0-56a8-4b2c-b481-6f4ed7608022","D09","PRLA","PRLA.AOS.groundwater.well.003","PRLA.W3.20190508.RAW","A00000084905","2019-05-08T13:25Z","2019-05-08T13:25Z","EcoCore_CSU","TOC",6.9250,"milligramsPerLiter",0.4,,0,"formatChange","GOOD"
"5b441207-6003-4cdf-ab8b-bf87ff07dc5f","D09","PRLA","PRLA.AOS.groundwater.well.003","PRLA.W3.20190508.RAW","A00000084905","2019-05-08T13:25Z","2019-05-08T13:25Z","EcoCore_CSU","pH",7.3500,"pH",0.4,,0,"formatChange","GOOD"
"bde498fe-8abc-478b-85fd-d04f63eddfa6","D09","PRLA","PRLA.AOS.groundwater.well.003","PRLA.W3.20190508.RAW","A00000084905","2019-05-08T13:25Z","2019-05-08T13:25Z","EcoCore_CSU","ANC",8.9400,"milliequivalentsPerLiter",0.4,,0,"formatChange","GOOD"
"9be01c6a-bea9-4a0c-b0f6-b41246cdd261","D09","PRLA","PRLA.AOS.groundwater.well.003","PRLA.W3.20190508.FIL","A00000084904","2019-05-08T13:25Z","2019-05-08T13:25Z","EcoCore_CSU","CO3",0.0050,"milligramsPerLiter",0.4,,0,"formatChange","GOOD"
"1372e0e6-bc66-4293-a287-dd0c7a1fd3e0","D09","PRLA","PRLA.AOS.groundwater.well.003","PRLA.W3.20190508.FIL","A00000084904","2019-05-08T13:25Z","2019-05-08T13:25Z","EcoCore_CSU","NO3+NO2 - N",0.0251,"milligramsPerLiter",0.4,,0,"formatChange","GOOD"
"ec3218e8-b701-454e-bcb3-b46e2c5971bc","D09","PRLA","PRLA.AOS.groundwater.well.003","PRLA.W3.20190508.FIL","A00000084904","2019-05-08T13:25Z","2019-05-08T13:25Z","EcoCore_CSU","UV Absorbance (250 nm)",0.0898,,0.4,,0,"formatChange","GOOD"
"d1c6d755-a318-4302-8c4d-6b3b27df7936","D09","PRLA","PRLA.AOS.groundwater.well.003","PRLA.W3.20190508.PCN","A00000084938","2019-05-08T13:25Z","2019-05-08T13:25Z","EcoCore_CSU","TPC",0.2681,"milligram",0.4,,0,"formatChange","GOOD"
"7d3d4270-b497-45c6-adbe-e82cd9af05bd","D09","PRLA","PRLA.AOS.groundwater.well.003","PRLA.W3.20190508.FIL","A00000084904","2019-05-08T13:25Z","2019-05-08T13:25Z","EcoCore_CSU","Br",0.0050,"milligramsPerLiter",0.4,,0,"formatChange","GOOD"
"254f3e4d-1837-4556-ba64-6acc4b580564","D09","PRLA","PRLA.AOS.groundwater.well.003","PRLA.W3.20190508.FIL","A00000084904","2019-05-08T13:25Z","2019-05-08T13:25Z","EcoCore_CSU","TDS",1086.1400,"milligramsPerLiter",0.4,,0,"formatChange","GOOD"
"167ac9b5-a31d-440a-bab9-c5aa61c82280","D09","PRLA","PRLA.AOS.groundwater.well.003","PRLA.W3.20190508.FIL","A00000084904","2019-05-08T13:25Z","2019-05-08T13:25Z","EcoCore_CSU","NH4 - N",0.0385,"milligramsPerLiter",0.4,,0,"formatChange","GOOD"
"44138c66-c651-4982-9a62-682e26ffe6e2","D09","PRLA","PRLA.AOS.groundwater.well.003","PRLA.W3.20190508.RAW","A00000084905","2019-05-08T13:25Z","2019-05-08T13:25Z","EcoCore_CSU","TN",0.2718,"milligramsPerLiter",0.4,,0,"formatChange","GOOD"
"775e9470-d17d-44a3-b538-0b2566efe86a","D09","PRLA","PRLA.AOS.groundwater.well.003","PRLA.W3.20190508.RAW","A00000084905","2019-05-08T13:25Z","2019-05-08T13:25Z","EcoCore_CSU","conductivity",1550.1700,"microsiemensPerCentimeter",0.4,,0,"formatChange","GOOD"
"3c564ec3-4baf-4d05-ab6f-954f6e177851","D09","PRLA","PRLA.AOS.groundwater.well.003","PRLA.W3.20190508.FIL","A00000084904","2019-05-08T13:25Z","2019-05-08T13:25Z","EcoCore_CSU","Si",9.8224,"milligramsPerLiter",0.4,,0,"formatChange","GOOD"
"7a15e748-733e-4d04-bd5e-c0b96dc7911f","D09","PRLA","PRLA.AOS.groundwater.well.003","PRLA.W3.20190508.PCN","A00000084938","2019-05-08T13:25Z","2019-05-08T13:25Z","EcoCore_CSU","TPN",0.1437,"milligram",0.4,,0,"formatChange","GOOD"
"61a38f46-0fd8-4321-b9dd-3973691fad5e","D09","PRLA","PRLA.AOS.groundwater.well.003","PRLA.W3.20190508.FIL","A00000084904","2019-05-08T13:25Z","2019-05-08T13:25Z","EcoCore_CSU","Fe",0.0005,"milligramsPerLiter",0.4,,0,"formatChange","GOOD"
"832d1a97-a638-408c-8423-0da766ca5dd0","D09","PRLA","PRLA.AOS.groundwater.well.003","PRLA.W3.20190508.FIL","A00000084904","2019-05-08T13:25Z","2019-05-08T13:25Z","EcoCore_CSU","Ortho - P",0.0220,"milligramsPerLiter",0.4,,0,"formatChange","GOOD"
"cebdcf61-d6bb-45ef-9b29-5e9a3cfe5a89","D09","PRLA","PRLA.AOS.groundwater.well.003","PRLA.W3.20190508.FIL","A00000084904","2019-05-08T13:25Z","2019-05-08T13:25Z","EcoCore_CSU","K",8.0460,"milligramsPerLiter",0.4,,0,"formatChange","GOOD"
"718c516f-229b-47ae-9ba9-293e15490212","D09","PRLA","PRLA.AOS.groundwater.well.003","PRLA.W3.20190508.FIL","A00000084904","2019-05-08T13:25Z","2019-05-08T13:25Z","EcoCore_CSU","Na",20.5200,"milligramsPerLiter",0.4,,0,"formatChange","GOOD"
"160d3e85-e48f-4893-bf4e-f89422c85367","D09","PRLA","PRLA.AOS.groundwater.well.003","PRLA.W3.20190508.FIL","A00000084904","2019-05-08T13:25Z","2019-05-08T13:25Z","EcoCore_CSU","F",3.3167,"milligramsPerLiter",0.4,,0,"formatChange","GOOD"
"b6b59845-3f9e-46c0-a2ea-c4aead79ea37","D09","PRLA","PRLA.AOS.groundwater.well.003","PRLA.W3.20190508.FIL","A00000084904","2019-05-08T13:25Z","2019-05-08T13:25Z","EcoCore_CSU","DOC",7.1600,"milligramsPerLiter",0.4,,0,"formatChange","GOOD"
"7d95d267-f675-4010-b8f6-7e721a9db5da","D09","PRLA","PRLA.AOS.groundwater.well.003","PRLA.W3.20190508.FIL","A00000084904","2019-05-08T13:25Z","2019-05-08T13:25Z","EcoCore_CSU","HCO3",526.1400,"milligramsPerLiter",0.4,,0,"formatChange","GOOD"
"909b069f-d22d-4015-bd85-1d61ffce3457","D09","PRLA","PRLA.AOS.groundwater.well.001","PRLA.W1.20190508.FIL","A00000084902","2019-05-08T14:46Z","2019-05-08T14:46Z","EcoCore_CSU","DIC",96.7300,"milligramsPerLiter",0.4,,0,"formatChange","GOOD"
"d7126418-1db6-4b89-bbcb-278696f9c554","D09","PRLA","PRLA.AOS.groundwater.well.001","PRLA.W1.20190508.FIL","A00000084902","2019-05-08T14:46Z","2019-05-08T14:46Z","EcoCore_CSU","K",9.1980,"milligramsPerLiter",0.4,,0,"formatChange","GOOD"
"5adc073e-b645-40ca-af57-8af8675bfe1f","D09","PRLA","PRLA.AOS.groundwater.well.001","PRLA.W1.20190508.FIL","A00000084902","2019-05-08T14:46Z","2019-05-08T14:46Z","EcoCore_CSU","CO3",0.0050,"milligramsPerLiter",0.4,,0,"formatChange","GOOD"
"50c5e071-52b8-46b4-be1d-3f082e9d143a","D09","PRLA","PRLA.AOS.groundwater.well.001","PRLA.W1.20190508.FIL","A00000084902","2019-05-08T14:46Z","2019-05-08T14:46Z","EcoCore_CSU","F",0.0050,"milligramsPerLiter",0.4,,0,"formatChange","GOOD"
"22f5b56b-0066-434e-9b04-2f2da2f5e780","D09","PRLA","PRLA.AOS.groundwater.well.001","PRLA.W1.20190508.FIL","A00000084902","2019-05-08T14:46Z","2019-05-08T14:46Z","EcoCore_CSU","TDN",0.4706,"milligramsPerLiter",0.4,,0,"formatChange","GOOD"
"106cfe39-3397-4e7c-b697-a683244fc6c7","D09","PRLA","PRLA.AOS.groundwater.well.001","PRLA.W1.20190508.FIL","A00000084902","2019-05-08T14:46Z","2019-05-08T14:46Z","EcoCore_CSU","Na",65.1100,"milligramsPerLiter",0.4,,0,"formatChange","GOOD"
"1c354b6b-42f1-4b7e-a8e4-d4d04c0005f6","D09","PRLA","PRLA.AOS.groundwater.well.001","PRLA.W1.20190508.RAW","A00000084903","2019-05-08T14:46Z","2019-05-08T14:46Z","EcoCore_CSU","pH",7.3900,"pH",0.4,,0,"formatChange","GOOD"
"3365d5b3-a737-4da6-b45b-4dbba754757d","D09","PRLA","PRLA.AOS.groundwater.well.001","PRLA.W1.20190508.FIL","A00000084902","2019-05-08T14:46Z","2019-05-08T14:46Z","EcoCore_CSU","TDP",0.0144,"milligramsPerLiter",0.4,,0,"formatChange","GOOD"
"14227c37-4b62-42e8-8958-3f7d28c8c790","D09","PRLA","PRLA.AOS.groundwater.well.001","PRLA.W1.20190508.FIL","A00000084902","2019-05-08T14:46Z","2019-05-08T14:46Z","EcoCore_CSU","NO3+NO2 - N",0.2387,"milligramsPerLiter",0.4,,0,"formatChange","GOOD"
"934fc530-110c-4596-827c-a52696ceebc2","D09","PRLA","PRLA.AOS.groundwater.well.001","PRLA.W1.20190508.PCN","A00000084939","2019-05-08T14:46Z","2019-05-08T14:46Z","EcoCore_CSU","TPC",0.2860,"milligram",0.4,,0,"formatChange","GOOD"
"fdbfe8f2-0cb5-4c54-a710-4f82d8fe39e4","D09","PRLA","PRLA.AOS.groundwater.well.001","PRLA.W1.20190508.FIL","A00000084902","2019-05-08T14:46Z","2019-05-08T14:46Z","EcoCore_CSU","UV Absorbance (280 nm)",0.0505,,0.4,,0,"formatChange","GOOD"
"34f5a99c-84b3-4015-9352-452937fd485b","D09","PRLA","PRLA.AOS.groundwater.well.001","PRLA.W1.20190508.FIL","A00000084902","2019-05-08T14:46Z","2019-05-08T14:46Z","EcoCore_CSU","UV Absorbance (250 nm)",0.0869,,0.4,,0,"formatChange","GOOD"
"ed731ebc-7b8c-4cab-96f6-6f5fe7562280","D09","PRLA","PRLA.AOS.groundwater.well.001","PRLA.W1.20190508.FIL","A00000084902","2019-05-08T14:46Z","2019-05-08T14:46Z","EcoCore_CSU","Mn",0.0005,"milligramsPerLiter",0.4,,0,"formatChange","GOOD"
"6c33ed87-7f5c-4bde-9a9d-24cd12320fcd","D09","PRLA","PRLA.AOS.groundwater.well.001","PRLA.W1.20190508.FIL","A00000084902","2019-05-08T14:46Z","2019-05-08T14:46Z","EcoCore_CSU","SO4",1044.6000,"milligramsPerLiter",0.4,,0,"formatChange","GOOD"
"e1b05187-655b-4a13-b806-decb647e9caa","D09","PRLA","PRLA.AOS.groundwater.well.001","PRLA.W1.20190508.FIL","A00000084902","2019-05-08T14:46Z","2019-05-08T14:46Z","EcoCore_CSU","Fe",0.0005,"milligramsPerLiter",0.4,,0,"formatChange","GOOD"
"064cbe8c-01e3-405b-afe4-7cf7b4671545","D09","PRLA","PRLA.AOS.groundwater.well.001","PRLA.W1.20190508.RAW","A00000084903","2019-05-08T14:46Z","2019-05-08T14:46Z","EcoCore_CSU","TOC",6.5620,"milligramsPerLiter",0.4,,0,"formatChange","GOOD"
"e15919f6-7676-4a6e-aa4e-9df1d82db995","D09","PRLA","PRLA.AOS.groundwater.well.001","PRLA.W1.20190508.RAW","A00000084903","2019-05-08T14:46Z","2019-05-08T14:46Z","EcoCore_CSU","TN",0.5223,"milligramsPerLiter",0.4,,0,"formatChange","GOOD"
"974ed192-1cbd-4013-9aea-a9d399d59d2b","D09","PRLA","PRLA.AOS.groundwater.well.001","PRLA.W1.20190508.FIL","A00000084902","2019-05-08T14:46Z","2019-05-08T14:46Z","EcoCore_CSU","Mg",143.0000,"milligramsPerLiter",0.4,,0,"formatChange","GOOD"
"ff9e946e-7623-4669-a3c4-bb2f6dad7ab8","D09","PRLA","PRLA.AOS.groundwater.well.001","PRLA.W1.20190508.RAW","A00000084903","2019-05-08T14:46Z","2019-05-08T14:46Z","EcoCore_CSU","conductivity",2618.9500,"microsiemensPerCentimeter",0.4,,0,"formatChange","GOOD"
"d525f33a-30d3-43e3-ab35-c4939172293a","D09","PRLA","PRLA.AOS.groundwater.well.001","PRLA.W1.20190508.RAW","A00000084903","2019-05-08T14:46Z","2019-05-08T14:46Z","EcoCore_CSU","TSS",100.0000,"milligramsPerLiter",0.4,,0,"formatChange","GOOD"
"a4324e93-38e0-4db0-8c8c-7a9e825b3aee","D09","PRLA","PRLA.AOS.groundwater.well.001","PRLA.W1.20190508.RAW","A00000084903","2019-05-08T14:46Z","2019-05-08T14:46Z","EcoCore_CSU","TP",0.2301,"milligramsPerLiter",0.4,,0,"formatChange","GOOD"
"6d33c83f-db4f-499c-a68f-9021e3d925c5","D09","PRLA","PRLA.AOS.groundwater.well.001","PRLA.W1.20190508.FIL","A00000084902","2019-05-08T14:46Z","2019-05-08T14:46Z","EcoCore_CSU","Ortho - P",0.0240,"milligramsPerLiter",0.4,,0,"formatChange","GOOD"
"a6332348-fe8b-437a-a4e1-5ecdd072e390","D09","PRLA","PRLA.AOS.groundwater.well.001","PRLA.W1.20190508.FIL","A00000084902","2019-05-08T14:46Z","2019-05-08T14:46Z","EcoCore_CSU","Cl",15.4447,"milligramsPerLiter",0.4,,0,"formatChange","GOOD"
"0f655567-9ab4-4924-8214-4a9b710b13a3","D09","PRLA","PRLA.AOS.groundwater.well.001","PRLA.W1.20190508.PCN","A00000084939","2019-05-08T14:46Z","2019-05-08T14:46Z","EcoCore_CSU","TPN",0.1597,"milligram",0.4,,0,"formatChange","GOOD"
"ec625dbc-bed6-48c5-b30c-4aa32ae34e89","D09","PRLA","PRLA.AOS.groundwater.well.001","PRLA.W1.20190508.FIL","A00000084902","2019-05-08T14:46Z","2019-05-08T14:46Z","EcoCore_CSU","NH4 - N",0.0378,"milligramsPerLiter",0.4,,0,"formatChange","GOOD"
"1af3b147-4bf5-4dfc-8201-e42c7cc3b523","D09","PRLA","PRLA.AOS.groundwater.well.001","PRLA.W1.20190508.FIL","A00000084902","2019-05-08T14:46Z","2019-05-08T14:46Z","EcoCore_CSU","Si",12.2385,"milligramsPerLiter",0.4,,0,"formatChange","GOOD"
"0014ec6b-1a54-465c-b0a2-946027311296","D09","PRLA","PRLA.AOS.groundwater.well.001","PRLA.W1.20190508.FIL","A00000084902","2019-05-08T14:46Z","2019-05-08T14:46Z","EcoCore_CSU","TDS",1842.3400,"milligramsPerLiter",0.4,,0,"formatChange","GOOD"
"2855a7da-c792-462e-9e16-4cbef3aab021","D09","PRLA","PRLA.AOS.groundwater.well.001","PRLA.W1.20190508.RAW","A00000084903","2019-05-08T14:46Z","2019-05-08T14:46Z","EcoCore_CSU","TSS - Dry Mass",5000.0000,"microgram",0.4,,0,"formatChange","GOOD"
"400a7a9e-0bcf-4539-a457-22701d80b8b7","D09","PRLA","PRLA.AOS.groundwater.well.001","PRLA.W1.20190508.FIL","A00000084902","2019-05-08T14:46Z","2019-05-08T14:46Z","EcoCore_CSU","DOC",6.0210,"milligramsPerLiter",0.4,,0,"formatChange","GOOD"
"7f474fa7-a1e5-4156-9f76-8551597431cc","D09","PRLA","PRLA.AOS.groundwater.well.001","PRLA.W1.20190508.FIL","A00000084902","2019-05-08T14:46Z","2019-05-08T14:46Z","EcoCore_CSU","Br",0.0050,"milligramsPerLiter",0.4,,0,"formatChange","GOOD"
"fa3657ff-d34d-4276-a670-d9857b00b998","D09","PRLA","PRLA.AOS.groundwater.well.001","PRLA.W1.20190508.RAW","A00000084903","2019-05-08T14:46Z","2019-05-08T14:46Z","EcoCore_CSU","ANC",4.2700,"milliequivalentsPerLiter",0.4,,0,"formatChange","GOOD"
"b197ce69-17ca-4d1f-9604-ff861f1f6ccf","D09","PRLA","PRLA.AOS.groundwater.well.001","PRLA.W1.20190508.FIL","A00000084902","2019-05-08T14:46Z","2019-05-08T14:46Z","EcoCore_CSU","Ca",223.8070,"milligramsPerLiter",0.4,,0,"formatChange","GOOD"
"5c6dba6b-0d1a-4c8e-90ee-345d1c285525","D09","PRLA","PRLA.AOS.groundwater.well.001","PRLA.W1.20190508.FIL","A00000084902","2019-05-08T14:46Z","2019-05-08T14:46Z","EcoCore_CSU","HCO3",243.0200,"milligramsPerLiter",0.4,,0,"formatChange","GOOD"
"d9a78535-655b-42b2-9c45-c3c1adef7e82","D09","PRLA","PRLA.AOS.groundwater.well.001","PRLA.W1.20190508.FIL","A00000084902","2019-05-08T14:46Z","2019-05-08T14:46Z","EcoCore_CSU","NO2 - N",-0.1256,"milligramsPerLiter",0.4,,0,"formatChange","GOOD"
"406e6b35-27ad-41cd-bd07-fdd5b1cbae61","D09","PRLA","PRLA.AOS.groundwater.well.007","PRLA.W7.20190508.FIL","A00000084906","2019-05-08T16:00Z","2019-05-08T16:00Z","EcoCore_CSU","SO4",2886.6000,"milligramsPerLiter",0.4,,0,"formatChange","GOOD"
"fc359123-277a-4b31-bb3a-57533c119c5c","D09","PRLA","PRLA.AOS.groundwater.well.007","PRLA.W7.20190508.FIL","A00000084906","2019-05-08T16:00Z","2019-05-08T16:00Z","EcoCore_CSU","HCO3",1103.2400,"milligramsPerLiter",0.4,,0,"formatChange","GOOD"
"d7473df2-e958-4f5a-a23c-f78620723c3c","D09","PRLA","PRLA.AOS.groundwater.well.007","PRLA.W7.20190508.RAW","A00000084907","2019-05-08T16:00Z","2019-05-08T16:00Z","EcoCore_CSU","TP",0.2700,"milligramsPerLiter",0.4,,0,"formatChange","GOOD"
"2eb681af-9256-4622-a62c-2f6a48810c12","D09","PRLA","PRLA.AOS.groundwater.well.007","PRLA.W7.20190508.FIL","A00000084906","2019-05-08T16:00Z","2019-05-08T16:00Z","EcoCore_CSU","UV Absorbance (250 nm)",0.2321,,0.4,,0,"formatChange","GOOD"
"aecdfada-0e36-4e74-b6ea-1182b4d433e5","D09","PRLA","PRLA.AOS.groundwater.well.007","PRLA.W7.20190508.RAW","A00000084907","2019-05-08T16:00Z","2019-05-08T16:00Z","EcoCore_CSU","ANC",19.0900,"milliequivalentsPerLiter",0.4,,0,"formatChange","GOOD"
"71529d78-69d7-48f9-9f15-640996c1744b","D09","PRLA","PRLA.AOS.groundwater.well.007","PRLA.W7.20190508.FIL","A00000084906","2019-05-08T16:00Z","2019-05-08T16:00Z","EcoCore_CSU","DOC",10.8600,"milligramsPerLiter",0.4,,0,"formatChange","GOOD"
"795802e3-4095-4abc-af80-93437ddda7f2","D09","PRLA","PRLA.AOS.groundwater.well.007","PRLA.W7.20190508.FIL","A00000084906","2019-05-08T16:00Z","2019-05-08T16:00Z","EcoCore_CSU","Cl",54.6409,"milligramsPerLiter",0.4,,0,"formatChange","GOOD"
"b122fd81-88c0-4282-aed9-0861651765fb","D09","PRLA","PRLA.AOS.groundwater.well.007","PRLA.W7.20190508.FIL","A00000084906","2019-05-08T16:00Z","2019-05-08T16:00Z","EcoCore_CSU","Mg",302.1000,"milligramsPerLiter",0.4,,0,"formatChange","GOOD"
"49626fad-46ea-460c-9f48-b7929cc33337","D09","PRLA","PRLA.AOS.groundwater.well.007","PRLA.W7.20190508.FIL","A00000084906","2019-05-08T16:00Z","2019-05-08T16:00Z","EcoCore_CSU","F",1.7832,"milligramsPerLiter",0.4,,0,"formatChange","GOOD"
"da49b116-920f-4120-abb6-5482c674c0e9","D09","PRLA","PRLA.AOS.groundwater.well.007","PRLA.W7.20190508.FIL","A00000084906","2019-05-08T16:00Z","2019-05-08T16:00Z","EcoCore_CSU","Si",9.9090,"milligramsPerLiter",0.4,,0,"formatChange","GOOD"
"90acce16-2975-40a8-adea-bfb9a8f27cad","D09","PRLA","PRLA.AOS.groundwater.well.007","PRLA.W7.20190508.FIL","A00000084906","2019-05-08T16:00Z","2019-05-08T16:00Z","EcoCore_CSU","Ca",423.7550,"milligramsPerLiter",0.4,,0,"formatChange","GOOD"
"12c29fdd-c314-4134-9753-9bc67ff7ae72","D09","PRLA","PRLA.AOS.groundwater.well.007","PRLA.W7.20190508.FIL","A00000084906","2019-05-08T16:00Z","2019-05-08T16:00Z","EcoCore_CSU","NH4 - N",1.6874,"milligramsPerLiter",0.4,,0,"formatChange","GOOD"
"bfe629a8-8987-4ddb-9c9a-5c1d9045f98d","D09","PRLA","PRLA.AOS.groundwater.well.007","PRLA.W7.20190508.RAW","A00000084907","2019-05-08T16:00Z","2019-05-08T16:00Z","EcoCore_CSU","TSS - Dry Mass",300.0000,"microgram",0.4,,0,"formatChange","GOOD"
"d31a2851-9997-40e5-ac7d-59618cd21347","D09","PRLA","PRLA.AOS.groundwater.well.007","PRLA.W7.20190508.FIL","A00000084906","2019-05-08T16:00Z","2019-05-08T16:00Z","EcoCore_CSU","NO2 - N",-0.1268,"milligramsPerLiter",0.4,,0,"formatChange","GOOD"
"9c8b3923-5798-414d-9fbf-02a1cafa5e45","D09","PRLA","PRLA.AOS.groundwater.well.007","PRLA.W7.20190508.RAW","A00000084907","2019-05-08T16:00Z","2019-05-08T16:00Z","EcoCore_CSU","conductivity",7988.0000,"microsiemensPerCentimeter",0.4,,0,"formatChange","GOOD"
"c5106b33-1cae-48f7-be5a-a34f5d098f28","D09","PRLA","PRLA.AOS.groundwater.well.007","PRLA.W7.20190508.FIL","A00000084906","2019-05-08T16:00Z","2019-05-08T16:00Z","EcoCore_CSU","Na",751.3000,"milligramsPerLiter",0.4,,0,"formatChange","GOOD"
"cec6f13b-49b2-47f0-83e0-4e96b1cb7418","D09","PRLA","PRLA.AOS.groundwater.well.007","PRLA.W7.20190508.RAW","A00000084907","2019-05-08T16:00Z","2019-05-08T16:00Z","EcoCore_CSU","pH",7.1500,"pH",0.4,,0,"formatChange","GOOD"
"fc44e708-8618-41b0-9050-566f7dd71014","D09","PRLA","PRLA.AOS.groundwater.well.007","PRLA.W7.20190508.FIL","A00000084906","2019-05-08T16:00Z","2019-05-08T16:00Z","EcoCore_CSU","K",33.1300,"milligramsPerLiter",0.4,,0,"formatChange","GOOD"
"8bb4ff9d-6cc7-4e42-86ef-46b2d5142204","D09","PRLA","PRLA.AOS.groundwater.well.007","PRLA.W7.20190508.FIL","A00000084906","2019-05-08T16:00Z","2019-05-08T16:00Z","EcoCore_CSU","Mn",1.5660,"milligramsPerLiter",0.4,,0,"formatChange","GOOD"
"5fd1a3dd-3357-43a2-9076-740d26f034d5","D09","PRLA","PRLA.AOS.groundwater.well.007","PRLA.W7.20190508.RAW","A00000084907","2019-05-08T16:00Z","2019-05-08T16:00Z","EcoCore_CSU","TSS",6.0000,"milligramsPerLiter",0.4,,0,"formatChange","GOOD"
"13ee8e26-01e8-4397-b49f-a0e114f016f8","D09","PRLA","PRLA.AOS.groundwater.well.007","PRLA.W7.20190508.FIL","A00000084906","2019-05-08T16:00Z","2019-05-08T16:00Z","EcoCore_CSU","Br",0.2400,"milligramsPerLiter",0.4,,0,"formatChange","GOOD"
"9545617e-e9d7-4e00-8eb8-b24e412ad58a","D09","PRLA","PRLA.AOS.groundwater.well.007","PRLA.W7.20190508.FIL","A00000084906","2019-05-08T16:00Z","2019-05-08T16:00Z","EcoCore_CSU","TDP",0.0393,"milligramsPerLiter",0.4,,0,"formatChange","GOOD"
"83b1a713-6f47-42cf-9dce-f71ca87485a5","D09","PRLA","PRLA.AOS.groundwater.well.007","PRLA.W7.20190508.RAW","A00000084907","2019-05-08T16:00Z","2019-05-08T16:00Z","EcoCore_CSU","TN",2.2040,"milligramsPerLiter",0.4,,0,"formatChange","GOOD"
"cbde5303-c42d-4d19-ad87-5aeb707bb22d","D09","PRLA","PRLA.AOS.groundwater.well.007","PRLA.W7.20190508.FIL","A00000084906","2019-05-08T16:00Z","2019-05-08T16:00Z","EcoCore_CSU","DIC",124.6000,"milligramsPerLiter",0.4,,0,"formatChange","GOOD"
"ef8b38f2-95ad-4e07-948d-792a78ce63c2","D09","PRLA","PRLA.AOS.groundwater.well.007","PRLA.W7.20190508.FIL","A00000084906","2019-05-08T16:00Z","2019-05-08T16:00Z","EcoCore_CSU","CO3",0.0050,"milligramsPerLiter",0.4,,0,"formatChange","GOOD"
"00783e01-3a8e-4fb2-abb9-703e385d5da8","D09","PRLA","PRLA.AOS.groundwater.well.007","PRLA.W7.20190508.FIL","A00000084906","2019-05-08T16:00Z","2019-05-08T16:00Z","EcoCore_CSU","UV Absorbance (280 nm)",0.1532,,0.4,,0,"formatChange","GOOD"
"b53e0ce3-4e9c-4f09-8a0d-d592a9e6bf70","D09","PRLA","PRLA.AOS.groundwater.well.007","PRLA.W7.20190508.PCN","A00000084940","2019-05-08T16:00Z","2019-05-08T16:00Z","EcoCore_CSU","TPC",0.2508,"milligram",0.4,,0,"formatChange","GOOD"
"7a8ed215-60f2-42cf-8e81-1dad813f2d53","D09","PRLA","PRLA.AOS.groundwater.well.007","PRLA.W7.20190508.FIL","A00000084906","2019-05-08T16:00Z","2019-05-08T16:00Z","EcoCore_CSU","Ortho - P",0.0220,"milligramsPerLiter",0.4,,0,"formatChange","GOOD"
"5e779b9d-a452-4101-95a8-3129ae80eff7","D09","PRLA","PRLA.AOS.groundwater.well.007","PRLA.W7.20190508.FIL","A00000084906","2019-05-08T16:00Z","2019-05-08T16:00Z","EcoCore_CSU","TDS",5592.6200,"milligramsPerLiter",0.4,,0,"formatChange","GOOD"
"3aa337e4-d156-4d64-988a-ad2e7a7d81b9","D09","PRLA","PRLA.AOS.groundwater.well.007","PRLA.W7.20190508.PCN","A00000084940","2019-05-08T16:00Z","2019-05-08T16:00Z","EcoCore_CSU","TPN",0.1243,"milligram",0.4,,0,"formatChange","GOOD"
"bd81edd5-5c9d-47e1-a323-6b1bb93e7edb","D09","PRLA","PRLA.AOS.groundwater.well.007","PRLA.W7.20190508.RAW","A00000084907","2019-05-08T16:00Z","2019-05-08T16:00Z","EcoCore_CSU","TOC",10.9500,"milligramsPerLiter",0.4,,0,"formatChange","GOOD"
"ec5016eb-77a5-440f-a708-189360b3a13a","D09","PRLA","PRLA.AOS.groundwater.well.007","PRLA.W7.20190508.FIL","A00000084906","2019-05-08T16:00Z","2019-05-08T16:00Z","EcoCore_CSU","NO3+NO2 - N",0.0092,"milligramsPerLiter",0.4,,0,"formatChange","GOOD"
"a40158de-74a9-4afd-ad2f-06b976ef19c5","D09","PRLA","PRLA.AOS.groundwater.well.007","PRLA.W7.20190508.FIL","A00000084906","2019-05-08T16:00Z","2019-05-08T16:00Z","EcoCore_CSU","Fe",0.0163,"milligramsPerLiter",0.4,,0,"formatChange","GOOD"
"bc30499b-1e8e-44a6-b5d2-be8ad9243870","D09","PRLA","PRLA.AOS.groundwater.well.007","PRLA.W7.20190508.FIL","A00000084906","2019-05-08T16:00Z","2019-05-08T16:00Z","EcoCore_CSU","TDN",2.2090,"milligramsPerLiter",0.4,,0,"formatChange","GOOD"
"fdd3183b-94b8-471e-8ae5-bfc9b97bb323","D09","PRLA","PRLA.AOS.groundwater.well.008","PRLA.W8.20190508.FIL","A00000084908","2019-05-08T16:54Z","2019-05-08T16:54Z","EcoCore_CSU","Mg",215.1000,"milligramsPerLiter",0.4,,0,"formatChange","GOOD"
"98a76957-c79f-47cb-b12d-b49cc0da6264","D09","PRLA","PRLA.AOS.groundwater.well.008","PRLA.W8.20190508.FIL","A00000084908","2019-05-08T16:54Z","2019-05-08T16:54Z","EcoCore_CSU","TDN",0.4093,"milligramsPerLiter",0.4,,0,"formatChange","GOOD"
"01f9470c-a3bc-4626-9121-813088c493ff","D09","PRLA","PRLA.AOS.groundwater.well.008","PRLA.W8.20190508.FIL","A00000084908","2019-05-08T16:54Z","2019-05-08T16:54Z","EcoCore_CSU","Br",0.0050,"milligramsPerLiter",0.4,,0,"formatChange","GOOD"
"846b2673-4e8f-4659-84cf-5a8c01acb9ae","D09","PRLA","PRLA.AOS.groundwater.well.008","PRLA.W8.20190508.FIL","A00000084908","2019-05-08T16:54Z","2019-05-08T16:54Z","EcoCore_CSU","NH4 - N",0.0142,"milligramsPerLiter",0.4,,0,"formatChange","GOOD"
"0642b669-194e-4726-83aa-7a34c1485638","D09","PRLA","PRLA.AOS.groundwater.well.008","PRLA.W8.20190508.PCN","A00000084941","2019-05-08T16:54Z","2019-05-08T16:54Z","EcoCore_CSU","TPC",0.2357,"milligram",0.4,,0,"formatChange","GOOD"
"8fd4489f-1a5a-425a-b58f-ce4e20168d0f","D09","PRLA","PRLA.AOS.groundwater.well.008","PRLA.W8.20190508.FIL","A00000084908","2019-05-08T16:54Z","2019-05-08T16:54Z","EcoCore_CSU","DIC",127.6000,"milligramsPerLiter",0.4,,0,"formatChange","GOOD"
"95b5c320-5b5a-479b-b688-dbc7cfd5613f","D09","PRLA","PRLA.AOS.groundwater.well.008","PRLA.W8.20190508.FIL","A00000084908","2019-05-08T16:54Z","2019-05-08T16:54Z","EcoCore_CSU","SO4",1041.9000,"milligramsPerLiter",0.4,,0,"formatChange","GOOD"
"d37aa19a-e7b3-4cb8-a579-c23124c0d529","D09","PRLA","PRLA.AOS.groundwater.well.008","PRLA.W8.20190508.RAW","A00000084909","2019-05-08T16:54Z","2019-05-08T16:54Z","EcoCore_CSU","TN",0.3778,"milligramsPerLiter",0.4,,0,"formatChange","GOOD"
"dd57be1b-582d-4a80-8c7a-5e622e650eec","D09","PRLA","PRLA.AOS.groundwater.well.008","PRLA.W8.20190508.FIL","A00000084908","2019-05-08T16:54Z","2019-05-08T16:54Z","EcoCore_CSU","NO2 - N",-0.1252,"milligramsPerLiter",0.4,,0,"formatChange","GOOD"
"fa25af6b-a5c2-4223-bdcb-6fb759a29e0d","D09","PRLA","PRLA.AOS.groundwater.well.008","PRLA.W8.20190508.FIL","A00000084908","2019-05-08T16:54Z","2019-05-08T16:54Z","EcoCore_CSU","UV Absorbance (250 nm)",0.1212,,0.4,,0,"formatChange","GOOD"
"7fb25f72-a293-4534-b231-ec9d54807286","D09","PRLA","PRLA.AOS.groundwater.well.008","PRLA.W8.20190508.RAW","A00000084909","2019-05-08T16:54Z","2019-05-08T16:54Z","EcoCore_CSU","TSS",6.0000,"milligramsPerLiter",0.4,,0,"formatChange","GOOD"
"323bf347-62f3-461d-aef7-6e6435412e05","D09","PRLA","PRLA.AOS.groundwater.well.008","PRLA.W8.20190508.FIL","A00000084908","2019-05-08T16:54Z","2019-05-08T16:54Z","EcoCore_CSU","TDP",0.0281,"milligramsPerLiter",0.4,,0,"formatChange","GOOD"
"6f5e968a-10b1-43ef-9c3f-a4c20690bfeb","D09","PRLA","PRLA.AOS.groundwater.well.008","PRLA.W8.20190508.RAW","A00000084909","2019-05-08T16:54Z","2019-05-08T16:54Z","EcoCore_CSU","pH",7.6400,"pH",0.4,,0,"formatChange","GOOD"
"e27452b0-7916-483b-b056-75cf1aca4584","D09","PRLA","PRLA.AOS.groundwater.well.008","PRLA.W8.20190508.FIL","A00000084908","2019-05-08T16:54Z","2019-05-08T16:54Z","EcoCore_CSU","DOC",7.5650,"milligramsPerLiter",0.4,,0,"formatChange","GOOD"
"e3003d05-f72f-4124-ba68-5d65779610d9","D09","PRLA","PRLA.AOS.groundwater.well.008","PRLA.W8.20190508.FIL","A00000084908","2019-05-08T16:54Z","2019-05-08T16:54Z","EcoCore_CSU","Fe",0.0005,"milligramsPerLiter",0.4,,0,"formatChange","GOOD"
"a38895ae-6491-427f-84df-f05baae72268","D09","PRLA","PRLA.AOS.groundwater.well.008","PRLA.W8.20190508.FIL","A00000084908","2019-05-08T16:54Z","2019-05-08T16:54Z","EcoCore_CSU","CO3",0.0050,"milligramsPerLiter",0.4,,0,"formatChange","GOOD"
"6325b804-9601-4fcf-afec-b514acf53881","D09","PRLA","PRLA.AOS.groundwater.well.008","PRLA.W8.20190508.FIL","A00000084908","2019-05-08T16:54Z","2019-05-08T16:54Z","EcoCore_CSU","HCO3",499.6200,"milligramsPerLiter",0.4,,0,"formatChange","GOOD"
"4ff5d5af-f0ad-4104-a273-a52e8941c1a5","D09","PRLA","PRLA.AOS.groundwater.well.008","PRLA.W8.20190508.FIL","A00000084908","2019-05-08T16:54Z","2019-05-08T16:54Z","EcoCore_CSU","F",3.4853,"milligramsPerLiter",0.4,,0,"formatChange","GOOD"
"81bc49c0-7045-49a2-95d0-57b2a798c473","D09","PRLA","PRLA.AOS.groundwater.well.008","PRLA.W8.20190508.FIL","A00000084908","2019-05-08T16:54Z","2019-05-08T16:54Z","EcoCore_CSU","Ortho - P",0.0410,"milligramsPerLiter",0.4,,0,"formatChange","GOOD"
"48951cec-8b4b-4cc7-b1a5-2abcd65c95a0","D09","PRLA","PRLA.AOS.groundwater.well.008","PRLA.W8.20190508.PCN","A00000084941","2019-05-08T16:54Z","2019-05-08T16:54Z","EcoCore_CSU","TPN",0.1191,"milligram",0.4,,0,"formatChange","GOOD"
"1fe9698c-3968-4d09-b346-27ffa604d948","D09","PRLA","PRLA.AOS.groundwater.well.008","PRLA.W8.20190508.FIL","A00000084908","2019-05-08T16:54Z","2019-05-08T16:54Z","EcoCore_CSU","K",9.5980,"milligramsPerLiter",0.4,,0,"formatChange","GOOD"
"02c94524-6015-41a5-a789-15ca8e0be4ca","D09","PRLA","PRLA.AOS.groundwater.well.008","PRLA.W8.20190508.RAW","A00000084909","2019-05-08T16:54Z","2019-05-08T16:54Z","EcoCore_CSU","ANC",8.7800,"milliequivalentsPerLiter",0.4,,0,"formatChange","GOOD"
"254325a5-b49c-4a2b-9f26-b12c9d9db453","D09","PRLA","PRLA.AOS.groundwater.well.008","PRLA.W8.20190508.FIL","A00000084908","2019-05-08T16:54Z","2019-05-08T16:54Z","EcoCore_CSU","NO3+NO2 - N",0.0394,"milligramsPerLiter",0.4,,0,"formatChange","GOOD"
"d681b98a-4401-4dfa-be34-ac37569ad4c0","D09","PRLA","PRLA.AOS.groundwater.well.008","PRLA.W8.20190508.FIL","A00000084908","2019-05-08T16:54Z","2019-05-08T16:54Z","EcoCore_CSU","UV Absorbance (280 nm)",0.0697,,0.4,,0,"formatChange","GOOD"
"bd9ccded-8450-43a4-9cc6-ef8df8b800a1","D09","PRLA","PRLA.AOS.groundwater.well.008","PRLA.W8.20190508.FIL","A00000084908","2019-05-08T16:54Z","2019-05-08T16:54Z","EcoCore_CSU","TDS",2164.8500,"milligramsPerLiter",0.4,,0,"formatChange","GOOD"
"0c625696-e0cd-419c-9ee1-6669ccc852db","D09","PRLA","PRLA.AOS.groundwater.well.008","PRLA.W8.20190508.RAW","A00000084909","2019-05-08T16:54Z","2019-05-08T16:54Z","EcoCore_CSU","conductivity",3092.4500,"microsiemensPerCentimeter",0.4,,0,"formatChange","GOOD"
"51c0c90a-eeff-420e-926a-cb1be7ad00c7","D09","PRLA","PRLA.AOS.groundwater.well.008","PRLA.W8.20190508.FIL","A00000084908","2019-05-08T16:54Z","2019-05-08T16:54Z","EcoCore_CSU","Si",11.5355,"milligramsPerLiter",0.4,,0,"formatChange","GOOD"
"d8a33fd2-725d-4cca-8cc8-0fb1515ac3a5","D09","PRLA","PRLA.AOS.groundwater.well.008","PRLA.W8.20190508.RAW","A00000084909","2019-05-08T16:54Z","2019-05-08T16:54Z","EcoCore_CSU","TOC",7.5110,"milligramsPerLiter",0.4,,0,"formatChange","GOOD"
"5e7eeb49-c8b7-4715-af0d-97347a4506a9","D09","PRLA","PRLA.AOS.groundwater.well.008","PRLA.W8.20190508.FIL","A00000084908","2019-05-08T16:54Z","2019-05-08T16:54Z","EcoCore_CSU","Ca",154.0840,"milligramsPerLiter",0.4,,0,"formatChange","GOOD"
"696619b4-ec34-4dac-87d4-ce7d76f100b6","D09","PRLA","PRLA.AOS.groundwater.well.008","PRLA.W8.20190508.RAW","A00000084909","2019-05-08T16:54Z","2019-05-08T16:54Z","EcoCore_CSU","TP",0.1391,"milligramsPerLiter",0.4,,0,"formatChange","GOOD"
"6e810f18-7144-42eb-9ce0-7ef6f8504d52","D09","PRLA","PRLA.AOS.groundwater.well.008","PRLA.W8.20190508.FIL","A00000084908","2019-05-08T16:54Z","2019-05-08T16:54Z","EcoCore_CSU","Na",115.8000,"milligramsPerLiter",0.4,,0,"formatChange","GOOD"
"e1366d35-5d37-439b-bf67-61c10fdcd66d","D09","PRLA","PRLA.AOS.groundwater.well.008","PRLA.W8.20190508.RAW","A00000084909","2019-05-08T16:54Z","2019-05-08T16:54Z","EcoCore_CSU","TSS - Dry Mass",300.0000,"microgram",0.4,,0,"formatChange","GOOD"
"2f62ebca-3532-4677-bde8-1aab83b947f7","D09","PRLA","PRLA.AOS.groundwater.well.008","PRLA.W8.20190508.FIL","A00000084908","2019-05-08T16:54Z","2019-05-08T16:54Z","EcoCore_CSU","Mn",0.0030,"milligramsPerLiter",0.4,,0,"formatChange","GOOD"
"c0893963-9eb1-40c0-8371-77541a2707a1","D09","PRLA","PRLA.AOS.groundwater.well.008","PRLA.W8.20190508.FIL","A00000084908","2019-05-08T16:54Z","2019-05-08T16:54Z","EcoCore_CSU","Cl",29.6258,"milligramsPerLiter",0.4,,0,"formatChange","GOOD"
