uid,domainID,siteID,namedLocation,collectDate,parentSampleID,sampleCondition,sampleID,replicateNumber,gwwDICBubbleFree,gwwFiltSampleHeadspace,gwwAlkSampleHeadspace,gwwAlkSampleBubbleFree,processedDate,processedDateFilters,sampleVolumeFiltered,shipmentTimeRange
"33759c5a-1131-40ed-a883-0a81e4cd6c10","D09","PRLA","PRLA.AOS.groundwater.well.003","2019-05-08T13:25Z","PRLA.W3.20190508","Sample condition ok","PRLA.W3.20190508",1,,,,,"2019-05-08T13:25Z","2019-05-08T16:40Z",600.0,
"30f52af4-1e29-4909-8377-6d7d9e331def","D09","PRLA","PRLA.AOS.groundwater.well.001","2019-05-08T14:46Z","PRLA.W1.20190508","Sample condition ok","PRLA.W1.20190508",1,,,,,"2019-05-08T14:46Z","2019-05-08T17:05Z",58.0,
"f2e92684-2b33-4702-9948-12d9446e95cb","D09","PRLA","PRLA.AOS.groundwater.well.007","2019-05-08T16:00Z","PRLA.W7.20190508","Sample condition ok","PRLA.W7.20190508",1,,,,,"2019-05-08T16:00Z","2019-05-08T17:15Z",300.0,
"95716b90-ff73-486f-886a-ac3527c79919","D09","PRLA","PRLA.AOS.groundwater.well.008","2019-05-08T16:54Z","PRLA.W8.20190508","Sample condition ok","PRLA.W8.20190508",1,,,,,"2019-05-08T16:54Z","2019-05-08T17:30Z",700.0,
