uid,domainID,siteID,namedLocation,collectDate,parentSampleID,sampleCondition,sampleID,replicateNumber,gwwDICBubbleFree,gwwFiltSampleHeadspace,gwwAlkSampleHeadspace,gwwAlkSampleBubbleFree,processedDate,processedDateFilters,sampleVolumeFiltered,shipmentTimeRange
"7396cdf9-b85b-43f1-bee1-1d053d94ffa4","D10","ARIK","ARIK.AOS.groundwater.well.005","2020-09-16T16:36Z","ARIK.W5.20200916","Sample condition ok","ARIK.W5.20200916",1,,,,,"2020-09-16T18:59Z","2020-09-16T19:01Z",500.0,"within 24 hours of collection"
"5312321d-c61c-41aa-8ab9-1e674c2e220b","D10","ARIK","ARIK.AOS.groundwater.well.001","2020-09-16T16:49Z","ARIK.W1.20200916","Sample condition ok","ARIK.W1.20200916",1,,,,,"2020-09-16T16:49Z","2020-09-16T16:49Z",250.0,"within 24 hours of collection"
"0159ee39-6324-4aa9-81e1-57d50da67e40","D10","ARIK","ARIK.AOS.groundwater.well.004","2020-09-16T16:55Z","ARIK.W4.20200916","Sample condition ok","ARIK.W4.20200916",1,,,,,"2020-09-16T18:55Z","2020-09-16T18:57Z",500.0,"within 24 hours of collection"
"019a3648-1055-4d56-9132-9d07b9cf4758","D10","ARIK","ARIK.AOS.groundwater.well.002","2020-09-16T17:39Z","ARIK.W2.20200916","Sample condition ok","ARIK.W2.20200916",1,,,,,"2020-09-16T16:42Z","2020-09-16T16:42Z",250.0,"within 24 hours of collection"
