uid,domainID,siteID,namedLocation,collectDate,titrationDate,parentSampleID,domainSampleID,remarks,measuredBy,alkMeqPerL,alkMgPerL,ancMeqPerL,ancMgPerL
"ba71e592-3481-4d79-b06b-9c5df3a090d3","D10","ARIK","ARIK.AOS.groundwater.well.005","2020-09-16T16:36Z","2020-09-17T13:50Z","ARIK.W5.20200916","ARIK.W5.20200916.ALK",,"boumis@battelleecology.org",5.060,253.000,,
"18361394-ab6c-43d5-b372-b550a82052e3","D10","ARIK","ARIK.AOS.groundwater.well.001","2020-09-16T16:49Z","2020-09-17T13:50Z","ARIK.W1.20200916","ARIK.W1.20200916.ALK","pH 10 = 9.97","Boumis@battelleecology.org",3.730,187.000,,
"a9816fbd-a4d2-4660-bc38-a5f910994326","D10","ARIK","ARIK.AOS.groundwater.well.004","2020-09-16T16:55Z","2020-09-17T13:50Z","ARIK.W4.20200916","ARIK.W4.20200916.ALK",,"boumis@battelleecology.org",5.590,280.000,,
"9d9cdf66-4a00-4e9d-a490-320dd6337376","D10","ARIK","ARIK.AOS.groundwater.well.002","2020-09-16T17:39Z","2020-09-17T13:50Z","ARIK.W2.20200916","ARIK.W2.20200916.ALK",,"boumis@battelleecology.org",3.280,164.000,,
