uid,domainID,siteID,namedLocation,decimalLatitude,decimalLongitude,coordinateUncertainty,elevation,elevationUncertainty,geodeticDatum,collectDate,aquaticSiteType,samplingImpractical,waterChemSamplesCollected,adequateSampleVol,parentSampleID,eventID,swcSamplingProtocolVersion,sampleExtractionMethod,samplerType,totalWellDepth,wellWaterDepth,waterColumnHeight,sampleDepth,purgeAverageDischargeRate,purgeTime,gwWellStabilized,purgeDryDateTime,pumpPlacementDate,screenedIntervalDepth,maxAllowableDrawdown,actualDrawdown,MADExceeded,wellVolumePurged,probeIDUnavailable,dissolvedOxygen,dissolvedOxygenSaturation,specificConductance,waterTemp,pH,waterClarityDescrip,waterColorDescrip,aCollectedBy,bCollectedBy,remarks
"a625d5e0-427a-4486-ae6e-b5a2ef13c81b","D10","ARIK","ARIK.AOS.groundwater.well.005",39.759687,-102.448224,0.1,1181.1,0.1,"WGS84","2020-09-16T16:36Z","stream",,"Y","Y","ARIK.W5.20200916","ARIK.20200916","NEON.DOC.002905vG","low-flow","Grab",9.3,2.7,6.6,,192.0,10.0,,,,,,,,1.9,,0.24,2.90,517.00,16.40,7.18,"clear","colorless","0000-0002-5760-9269","0000-0002-6718-4647",
"929dc535-ee42-4e5a-b05d-cf0308eccb9e","D10","ARIK","ARIK.AOS.groundwater.well.001",39.758068,-102.452221,0.1,1184.4,0.1,"WGS84","2020-09-16T16:49Z","stream",,"Y","Y","ARIK.W1.20200916","ARIK.20200916","NEON.DOC.002905vG","low-flow","Grab",9.1,4.2,4.9,,276.0,6.0,,,,,,,,1.7,,4.02,43.80,392.00,13.50,7.15,"clear","colorless","0000-0002-6718-4647","0000-0002-5760-9269",
"c34cd39a-8a74-4918-a6e3-2af9423229d3","D10","ARIK","ARIK.AOS.groundwater.well.004",39.760114,-102.451740,0.1,1182.7,0.1,"WGS84","2020-09-16T16:55Z","stream",,"Y","Y","ARIK.W4.20200916","ARIK.20200916","NEON.DOC.002905vG","low-flow","Grab",8.9,2.5,6.5,,192.0,8.0,,,,,,,,1.5,,0.23,2.70,564.00,16.80,7.13,"clear","colorless","0000-0002-5760-9269","0000-0002-6718-4647",
"79b6316d-f4df-4f08-a07e-9f883fc129e2","D10","ARIK","ARIK.AOS.groundwater.well.002",39.757704,-102.447584,0.1,1181.3,0.1,"WGS84","2020-09-16T17:39Z","stream",,"Y","Y","ARIK.W2.20200916","ARIK.20200916","NEON.DOC.002905vG","low-flow","Grab",9.4,3.0,6.4,,216.0,7.0,,,,,,,,1.5,,6.16,75.40,375.10,16.80,7.53,"clear","colorless","0000-0002-6718-4647","0000-0002-6718-4647",
