uid,domainID,siteID,namedLocation,decimalLatitude,decimalLongitude,coordinateUncertainty,elevation,elevationUncertainty,geodeticDatum,collectDate,aquaticSiteType,samplingImpractical,waterChemSamplesCollected,adequateSampleVol,parentSampleID,eventID,swcSamplingProtocolVersion,sampleExtractionMethod,samplerType,totalWellDepth,wellWaterDepth,waterColumnHeight,sampleDepth,purgeAverageDischargeRate,purgeTime,gwWellStabilized,purgeDryDateTime,pumpPlacementDate,screenedIntervalDepth,maxAllowableDrawdown,actualDrawdown,MADExceeded,wellVolumePurged,probeIDUnavailable,dissolvedOxygen,dissolvedOxygenSaturation,specificConductance,waterTemp,pH,waterClarityDescrip,waterColorDescrip,aCollectedBy,bCollectedBy,remarks
"8c079173-10a4-4c57-8051-93c9377d7e80","D10","ARIK","ARIK.AOS.groundwater.well.002",39.757704,-102.447584,0.1,1181.3,0.1,"WGS84","2016-08-16T16:00Z","stream",,,,"ARIK.W2.20160816","ARIK.20160816","NEON.DOC.002905vC","low-flow",,,2.7,,3.8,,,,,,,,,,7.8,,4.89,52.70,389.20,18.30,,,,"hschartel@neoninc.org","legli@neoninc.org",
"325c9a9c-5e72-42f6-90f0-06b6d085eed6","D10","ARIK","ARIK.AOS.groundwater.well.005",39.759687,-102.448224,0.1,1181.1,0.1,"WGS84","2016-08-16T17:48Z","stream",,,,"ARIK.W5.20160816","ARIK.20160816","NEON.DOC.002905vC","low-flow",,,2.4,,3.4,,,,,,,,,,8.9,,0.13,3.00,546.00,17.30,,,,"hschartel@neoninc.org","legli@neoninc.org",
"968524b3-deef-47a0-a553-32884926f1f3","D10","ARIK","ARIK.AOS.groundwater.well.004",39.760114,-102.451740,0.1,1182.7,0.1,"WGS84","2016-08-16T19:54Z","stream",,,,"ARIK.W4.20160816","ARIK.20160816","NEON.DOC.002905vC","low-flow",,,2.1,,3.1,,,,,,,,,,8.1,,1.54,19.50,576.00,20.30,,,,"hschartel@neoninc.org","legli@neoninc.org",
"4d8ce4dc-d586-4f32-b444-1f8efcad48e9","D10","ARIK","ARIK.AOS.groundwater.well.001",39.758068,-102.452221,0.1,1184.4,0.1,"WGS84","2016-08-16T21:47Z","stream",,,,"ARIK.W1.20160816","ARIK.20160816","NEON.DOC.002905vC","low-flow",,,3.9,,4.8,,,,,,,,,,9.1,,3.25,38.00,424.60,16.70,,,,"hschartel@neoninc.org","legli@neoninc.org",
