uid,domainID,siteID,namedLocation,collectDate,titrationDate,parentSampleID,domainSampleID,remarks,measuredBy,alkMeqPerL,alkMgPerL,ancMeqPerL,ancMgPerL
"bd1ba93d-0aea-4908-b9c4-914e600540df","D10","ARIK","ARIK.AOS.groundwater.well.002","2016-08-16T16:00Z","2016-08-17T14:35Z","ARIK.W2.20160816","ARIK.W2.20160816.ALK",,"bnance@field-ops.org",3.570,178.000,,
"8d4601ad-50ee-4403-9453-ce80ad9a61ef","D10","ARIK","ARIK.AOS.groundwater.well.002","2016-08-16T16:00Z","2016-08-17T14:53Z","ARIK.W2.20160816","ARIK.W2.20160816.ANC",,"bnance@field-ops.org",,,3.440,172.000
"a3d1c9fd-8cf5-424a-8150-e9503b9f9080","D10","ARIK","ARIK.AOS.groundwater.well.005","2016-08-16T17:48Z","2016-08-17T16:00Z","ARIK.W5.20160816","ARIK.W5.20160816.ANC",,"bnance@field-ops.org",,,5.590,280.000
"f0be9684-b0fa-487b-8928-99ffe3f25fba","D10","ARIK","ARIK.AOS.groundwater.well.005","2016-08-16T17:48Z","2016-08-17T15:29Z","ARIK.W5.20160816","ARIK.W5.20160816.ALK",,"bnance@field-ops.org",5.460,273.000,,
"8fe08143-177c-438a-8640-d2c1218e9bf5","D10","ARIK","ARIK.AOS.groundwater.well.004","2016-08-16T19:54Z","2016-08-17T16:47Z","ARIK.W4.20160816","ARIK.W4.20160816.ANC",,"bnance@field-ops.org",,,5.990,300.000
"a10eb68a-ced3-4e47-9689-6dc7033fca7d","D10","ARIK","ARIK.AOS.groundwater.well.004","2016-08-16T19:54Z","2016-08-17T16:33Z","ARIK.W4.20160816","ARIK.W4.20160816.ALK",,"bnance@field-ops.org",5.890,295.000,,
"41da89ec-e934-44a5-97d6-36ff0ea4a727","D10","ARIK","ARIK.AOS.groundwater.well.001","2016-08-16T21:47Z","2016-08-17T18:14Z","ARIK.W1.20160816","ARIK.W1.20160816.ALK",,"bnance@field-ops.org",3.730,187.000,,
"a249a7c9-535b-46bf-a14b-6d9dfd21090d","D10","ARIK","ARIK.AOS.groundwater.well.001","2016-08-16T21:47Z","2016-08-17T18:31Z","ARIK.W1.20160816","ARIK.W1.20160816.ANC",,"bnance@field-ops.org",,,3.750,188.000
