uid,domainID,siteID,namedLocation,sampleID,sampleCode,startDate,collectDate,laboratoryName,analyte,analyteConcentration,analyteUnits,coolerTemp,remarks,shipmentWarmQF,externalLabDataQF,sampleCondition
"dba16cf1-4899-4246-bc89-450541868776","D12","BLDE","BLDE.AOS.groundwater.well.001","BLDE.W1.20190715.FIL","A00000054168","2019-07-15T16:27Z","2019-07-15T16:27Z","EcoCore_CSU","DOC",7.4280,"milligramsPerLiter",0.2,,0,"formatChange","GOOD"
"eb941e8f-53a0-412c-90bb-607364905f79","D12","BLDE","BLDE.AOS.groundwater.well.001","BLDE.W1.20190715.RAW","A00000054365","2019-07-15T16:27Z","2019-07-15T16:27Z","EcoCore_CSU","TSS - Dry Mass",10600.0000,"microgram",0.2,,0,"formatChange","GOOD"
"a180f15d-c3fc-44ca-b2b9-9311016497b9","D12","BLDE","BLDE.AOS.groundwater.well.001","BLDE.W1.20190715.FIL","A00000054168","2019-07-15T16:27Z","2019-07-15T16:27Z","EcoCore_CSU","Na",6.2940,"milligramsPerLiter",0.2,,0,"formatChange","GOOD"
"c5a79fc7-63a1-497c-857e-a78f61beea0b","D12","BLDE","BLDE.AOS.groundwater.well.001","BLDE.W1.20190715.FIL","A00000054168","2019-07-15T16:27Z","2019-07-15T16:27Z","EcoCore_CSU","F",3.3648,"milligramsPerLiter",0.2,,0,"formatChange","GOOD"
"ac1bb96c-fe25-424e-b32d-3de43eb42703","D12","BLDE","BLDE.AOS.groundwater.well.001","BLDE.W1.20190715.FIL","A00000054168","2019-07-15T16:27Z","2019-07-15T16:27Z","EcoCore_CSU","NO2 - N",0.0017,"milligramsPerLiter",0.2,,0,"formatChange","GOOD"
"b6fa72d0-ea2a-45bf-82bf-edee0ad204a1","D12","BLDE","BLDE.AOS.groundwater.well.001","BLDE.W1.20190715.FIL","A00000054168","2019-07-15T16:27Z","2019-07-15T16:27Z","EcoCore_CSU","Cl",7.7958,"milligramsPerLiter",0.2,,0,"formatChange","GOOD"
"31175b02-0437-443b-a94f-27c6a061de00","D12","BLDE","BLDE.AOS.groundwater.well.001","BLDE.W1.20190715.FIL","A00000054168","2019-07-15T16:27Z","2019-07-15T16:27Z","EcoCore_CSU","UV Absorbance (250 nm)",0.5528,,0.2,,0,"formatChange","GOOD"
"223f7288-8c66-48b7-900f-a675a374fc8e","D12","BLDE","BLDE.AOS.groundwater.well.001","BLDE.W1.20190715.RAW","A00000054365","2019-07-15T16:27Z","2019-07-15T16:27Z","EcoCore_CSU","TP",0.3021,"milligramsPerLiter",0.2,,0,"formatChange","GOOD"
"b298be5d-3e2a-4c84-989b-822376205ec8","D12","BLDE","BLDE.AOS.groundwater.well.001","BLDE.W1.20190715.FIL","A00000054168","2019-07-15T16:27Z","2019-07-15T16:27Z","EcoCore_CSU","DIC",33.2800,"milligramsPerLiter",0.2,,0,"formatChange","GOOD"
"a2629254-83c9-4708-8fce-73363cc79fd7","D12","BLDE","BLDE.AOS.groundwater.well.001","BLDE.W1.20190715.PCN","A00000054556","2019-07-15T16:27Z","2019-07-15T16:27Z","EcoCore_CSU","TPC",0.2953,"milligram",0.2,,0,"formatChange","GOOD"
"783033bd-93b6-4207-beb6-2e505a34f011","D12","BLDE","BLDE.AOS.groundwater.well.001","BLDE.W1.20190715.FIL","A00000054168","2019-07-15T16:27Z","2019-07-15T16:27Z","EcoCore_CSU","Fe",1.2044,"milligramsPerLiter",0.2,,0,"formatChange","GOOD"
"8833a3da-e679-4c8e-a986-9e9ddb3af94e","D12","BLDE","BLDE.AOS.groundwater.well.001","BLDE.W1.20190715.PCN","A00000054556","2019-07-15T16:27Z","2019-07-15T16:27Z","EcoCore_CSU","TPN",0.1261,"milligram",0.2,,0,"formatChange","GOOD"
"b2d78fe2-1cfa-4c23-987d-0fe152ac96cf","D12","BLDE","BLDE.AOS.groundwater.well.001","BLDE.W1.20190715.FIL","A00000054168","2019-07-15T16:27Z","2019-07-15T16:27Z","EcoCore_CSU","CO3",0.0050,"milligramsPerLiter",0.2,,0,"formatChange","GOOD"
"6028abba-0ce1-457b-a56e-2f59635c537e","D12","BLDE","BLDE.AOS.groundwater.well.001","BLDE.W1.20190715.RAW","A00000054365","2019-07-15T16:27Z","2019-07-15T16:27Z","EcoCore_CSU","pH",6.8900,"pH",0.2,,0,"formatChange","GOOD"
"795f07f9-a41e-4b6d-a7d4-ebdfa429e2d0","D12","BLDE","BLDE.AOS.groundwater.well.001","BLDE.W1.20190715.RAW","A00000054365","2019-07-15T16:27Z","2019-07-15T16:27Z","EcoCore_CSU","TSS",212.0000,"milligramsPerLiter",0.2,,0,"formatChange","GOOD"
"ecf97ba0-f7b6-43e5-ab49-4128b682dc97","D12","BLDE","BLDE.AOS.groundwater.well.001","BLDE.W1.20190715.RAW","A00000054365","2019-07-15T16:27Z","2019-07-15T16:27Z","EcoCore_CSU","conductivity",207.8300,"microsiemensPerCentimeter",0.2,,0,"formatChange","GOOD"
"df86fe49-52e5-4be7-99cc-abeb046d4929","D12","BLDE","BLDE.AOS.groundwater.well.001","BLDE.W1.20190715.FIL","A00000054168","2019-07-15T16:27Z","2019-07-15T16:27Z","EcoCore_CSU","HCO3",103.6800,"milligramsPerLiter",0.2,,0,"formatChange","GOOD"
"7d4b19b2-6eeb-4b55-86bd-803faf31c989","D12","BLDE","BLDE.AOS.groundwater.well.001","BLDE.W1.20190715.FIL","A00000054168","2019-07-15T16:27Z","2019-07-15T16:27Z","EcoCore_CSU","TDP",0.1373,"milligramsPerLiter",0.2,,0,"formatChange","GOOD"
"16716aae-cfe6-4c9b-b6d8-17de61f87d46","D12","BLDE","BLDE.AOS.groundwater.well.001","BLDE.W1.20190715.RAW","A00000054365","2019-07-15T16:27Z","2019-07-15T16:27Z","EcoCore_CSU","ANC",1.8200,"milliequivalentsPerLiter",0.2,,0,"formatChange","GOOD"
"603941bf-34d3-438e-8ac6-8c38e74a5abc","D12","BLDE","BLDE.AOS.groundwater.well.001","BLDE.W1.20190715.FIL","A00000054168","2019-07-15T16:27Z","2019-07-15T16:27Z","EcoCore_CSU","Ca",20.9492,"milligramsPerLiter",0.2,,0,"formatChange","GOOD"
"b10e9ba9-3cfc-45fa-93ad-6bed82a99659","D12","BLDE","BLDE.AOS.groundwater.well.001","BLDE.W1.20190715.FIL","A00000054168","2019-07-15T16:27Z","2019-07-15T16:27Z","EcoCore_CSU","TDS",146.2100,"milligramsPerLiter",0.2,,0,"formatChange","GOOD"
"32403bb9-ac02-41e5-a7ab-3c23934a1ee8","D12","BLDE","BLDE.AOS.groundwater.well.001","BLDE.W1.20190715.RAW","A00000054365","2019-07-15T16:27Z","2019-07-15T16:27Z","EcoCore_CSU","TN",0.8237,"milligramsPerLiter",0.2,,0,"formatChange","GOOD"
"8eefb35e-d470-44f6-95f0-c541520f75ca","D12","BLDE","BLDE.AOS.groundwater.well.001","BLDE.W1.20190715.FIL","A00000054168","2019-07-15T16:27Z","2019-07-15T16:27Z","EcoCore_CSU","NO3+NO2 - N",0.0206,"milligramsPerLiter",0.2,,0,"formatChange","GOOD"
"b790b2eb-0556-4e6c-9f9e-58528dd313b0","D12","BLDE","BLDE.AOS.groundwater.well.001","BLDE.W1.20190715.FIL","A00000054168","2019-07-15T16:27Z","2019-07-15T16:27Z","EcoCore_CSU","Mn",0.0260,"milligramsPerLiter",0.2,,0,"formatChange","GOOD"
"41b46e10-8140-4a19-a677-6acbbd8fe194","D12","BLDE","BLDE.AOS.groundwater.well.001","BLDE.W1.20190715.FIL","A00000054168","2019-07-15T16:27Z","2019-07-15T16:27Z","EcoCore_CSU","K",1.3470,"milligramsPerLiter",0.2,,0,"formatChange","GOOD"
"4122d404-246e-476d-a768-b6064fc6817c","D12","BLDE","BLDE.AOS.groundwater.well.001","BLDE.W1.20190715.FIL","A00000054168","2019-07-15T16:27Z","2019-07-15T16:27Z","EcoCore_CSU","Mg",8.7730,"milligramsPerLiter",0.2,,0,"formatChange","GOOD"
"aba9ce77-1548-493b-b178-b8cd58943d35","D12","BLDE","BLDE.AOS.groundwater.well.001","BLDE.W1.20190715.FIL","A00000054168","2019-07-15T16:27Z","2019-07-15T16:27Z","EcoCore_CSU","Br",0.0050,"milligramsPerLiter",0.2,,0,"formatChange","GOOD"
"adaf7f20-757e-45a4-993d-eb46a607c0ee","D12","BLDE","BLDE.AOS.groundwater.well.001","BLDE.W1.20190715.FIL","A00000054168","2019-07-15T16:27Z","2019-07-15T16:27Z","EcoCore_CSU","Ortho - P",0.0390,"milligramsPerLiter",0.2,,0,"formatChange","GOOD"
"b2eadd4e-b541-4e95-a83b-f76543ef7bad","D12","BLDE","BLDE.AOS.groundwater.well.001","BLDE.W1.20190715.FIL","A00000054168","2019-07-15T16:27Z","2019-07-15T16:27Z","EcoCore_CSU","Si",45.0323,"milligramsPerLiter",0.2,,0,"formatChange","GOOD"
"7f938987-cd43-41dd-b34d-f6a970c46ec8","D12","BLDE","BLDE.AOS.groundwater.well.001","BLDE.W1.20190715.FIL","A00000054168","2019-07-15T16:27Z","2019-07-15T16:27Z","EcoCore_CSU","NH4 - N",0.0857,"milligramsPerLiter",0.2,,0,"formatChange","GOOD"
"d146a8d2-596a-49ce-ac50-70fea5fe4964","D12","BLDE","BLDE.AOS.groundwater.well.001","BLDE.W1.20190715.FIL","A00000054168","2019-07-15T16:27Z","2019-07-15T16:27Z","EcoCore_CSU","SO4",0.4530,"milligramsPerLiter",0.2,,0,"formatChange","GOOD"
"125cb455-7598-43ff-b302-cf16ab5847f4","D12","BLDE","BLDE.AOS.groundwater.well.001","BLDE.W1.20190715.FIL","A00000054168","2019-07-15T16:27Z","2019-07-15T16:27Z","EcoCore_CSU","TDN",0.5625,"milligramsPerLiter",0.2,,0,"formatChange","GOOD"
"cee0228e-c6de-476a-98c1-2cc7f049f2b5","D12","BLDE","BLDE.AOS.groundwater.well.001","BLDE.W1.20190715.FIL","A00000054168","2019-07-15T16:27Z","2019-07-15T16:27Z","EcoCore_CSU","UV Absorbance (280 nm)",0.3771,,0.2,,0,"formatChange","GOOD"
"da85d5f7-7753-4efc-aa95-607ffc8b72d4","D12","BLDE","BLDE.AOS.groundwater.well.001","BLDE.W1.20190715.RAW","A00000054365","2019-07-15T16:27Z","2019-07-15T16:27Z","EcoCore_CSU","TOC",11.5300,"milligramsPerLiter",0.2,,0,"formatChange","GOOD"
"b9d2e3c8-1707-4c7c-ba3b-00927575fbbf","D12","BLDE","BLDE.AOS.groundwater.well.002","BLDE.W2.20190715.FIL","A00000054182","2019-07-15T17:18Z","2019-07-15T17:18Z","EcoCore_CSU","K",1.7580,"milligramsPerLiter",0.2,,0,"formatChange","GOOD"
"ced0e9cc-7f40-4d0f-a25e-1e48aab78f40","D12","BLDE","BLDE.AOS.groundwater.well.002","BLDE.W2.20190715.FIL","A00000054182","2019-07-15T17:18Z","2019-07-15T17:18Z","EcoCore_CSU","Na",5.4430,"milligramsPerLiter",0.2,,0,"formatChange","GOOD"
"f88d4437-754e-44a8-b0f7-cf70227447a0","D12","BLDE","BLDE.AOS.groundwater.well.002","BLDE.W2.20190715.FIL","A00000054182","2019-07-15T17:18Z","2019-07-15T17:18Z","EcoCore_CSU","Ca",10.6812,"milligramsPerLiter",0.2,,0,"formatChange","GOOD"
"ee91aebd-cf9b-4a1d-90dd-c426405183b2","D12","BLDE","BLDE.AOS.groundwater.well.002","BLDE.W2.20190715.FIL","A00000054182","2019-07-15T17:18Z","2019-07-15T17:18Z","EcoCore_CSU","DIC",14.6500,"milligramsPerLiter",0.2,,0,"formatChange","GOOD"
"5cc55e14-b400-4037-a55f-17095256fdf0","D12","BLDE","BLDE.AOS.groundwater.well.002","BLDE.W2.20190715.FIL","A00000054182","2019-07-15T17:18Z","2019-07-15T17:18Z","EcoCore_CSU","NO2 - N",0.0008,"milligramsPerLiter",0.2,,0,"formatChange","GOOD"
"840316ff-be8c-4f89-a502-9a708e903597","D12","BLDE","BLDE.AOS.groundwater.well.002","BLDE.W2.20190715.PCN","A00000054557","2019-07-15T17:18Z","2019-07-15T17:18Z","EcoCore_CSU","TPN",0.1425,"milligram",0.2,,0,"formatChange","GOOD"
"da1837b6-3289-4d3d-a8ec-c23138353e2e","D12","BLDE","BLDE.AOS.groundwater.well.002","BLDE.W2.20190715.FIL","A00000054182","2019-07-15T17:18Z","2019-07-15T17:18Z","EcoCore_CSU","Br",0.0050,"milligramsPerLiter",0.2,,0,"formatChange","GOOD"
"51ee4172-2534-4863-9812-292886e3298c","D12","BLDE","BLDE.AOS.groundwater.well.002","BLDE.W2.20190715.FIL","A00000054182","2019-07-15T17:18Z","2019-07-15T17:18Z","EcoCore_CSU","Fe",4.8762,"milligramsPerLiter",0.2,,0,"formatChange","GOOD"
"53e2bbfa-c20d-4e3c-a64a-79d8d962f2dd","D12","BLDE","BLDE.AOS.groundwater.well.002","BLDE.W2.20190715.RAW","A00000054382","2019-07-15T17:18Z","2019-07-15T17:18Z","EcoCore_CSU","TN",0.5188,"milligramsPerLiter",0.2,,0,"formatChange","GOOD"
"9ee4e356-2758-4a5d-a5bd-ddec7659d345","D12","BLDE","BLDE.AOS.groundwater.well.002","BLDE.W2.20190715.FIL","A00000054182","2019-07-15T17:18Z","2019-07-15T17:18Z","EcoCore_CSU","NH4 - N",0.0809,"milligramsPerLiter",0.2,,0,"formatChange","GOOD"
"9d5b7a3f-2ebe-4dc6-a0a4-bd27007bed14","D12","BLDE","BLDE.AOS.groundwater.well.002","BLDE.W2.20190715.RAW","A00000054382","2019-07-15T17:18Z","2019-07-15T17:18Z","EcoCore_CSU","pH",6.7100,"pH",0.2,,0,"formatChange","GOOD"
"1e3c44e8-3385-4b7b-ab98-e3d99788a4b0","D12","BLDE","BLDE.AOS.groundwater.well.002","BLDE.W2.20190715.FIL","A00000054182","2019-07-15T17:18Z","2019-07-15T17:18Z","EcoCore_CSU","NO3+NO2 - N",0.0217,"milligramsPerLiter",0.2,,0,"formatChange","GOOD"
"94844244-cf78-4ab4-9547-2d0489a7447c","D12","BLDE","BLDE.AOS.groundwater.well.002","BLDE.W2.20190715.RAW","A00000054382","2019-07-15T17:18Z","2019-07-15T17:18Z","EcoCore_CSU","ANC",0.9300,"milliequivalentsPerLiter",0.2,,0,"formatChange","GOOD"
"89f792be-291b-4c8d-a469-7c86fc65c419","D12","BLDE","BLDE.AOS.groundwater.well.002","BLDE.W2.20190715.FIL","A00000054182","2019-07-15T17:18Z","2019-07-15T17:18Z","EcoCore_CSU","SO4",14.5020,"milligramsPerLiter",0.2,,0,"formatChange","GOOD"
"20ab915d-f43a-4c81-b780-5d4714ad61cc","D12","BLDE","BLDE.AOS.groundwater.well.002","BLDE.W2.20190715.RAW","A00000054382","2019-07-15T17:18Z","2019-07-15T17:18Z","EcoCore_CSU","TSS - Dry Mass",8700.0000,"microgram",0.2,,0,"formatChange","GOOD"
"9ad4a9c5-8ba0-44a6-a926-0821c893771c","D12","BLDE","BLDE.AOS.groundwater.well.002","BLDE.W2.20190715.FIL","A00000054182","2019-07-15T17:18Z","2019-07-15T17:18Z","EcoCore_CSU","TDP",0.5010,"milligramsPerLiter",0.2,,0,"formatChange","GOOD"
"d0e72894-97fd-4b23-9b33-08c7c1a3a10a","D12","BLDE","BLDE.AOS.groundwater.well.002","BLDE.W2.20190715.FIL","A00000054182","2019-07-15T17:18Z","2019-07-15T17:18Z","EcoCore_CSU","Si",63.0933,"milligramsPerLiter",0.2,,0,"formatChange","GOOD"
"915ee2ee-4eb7-4e4a-82ea-7478216d7d00","D12","BLDE","BLDE.AOS.groundwater.well.002","BLDE.W2.20190715.RAW","A00000054382","2019-07-15T17:18Z","2019-07-15T17:18Z","EcoCore_CSU","conductivity",124.1800,"microsiemensPerCentimeter",0.2,,0,"formatChange","GOOD"
"18348295-355b-4ea9-8ccd-1df8b7949fda","D12","BLDE","BLDE.AOS.groundwater.well.002","BLDE.W2.20190715.RAW","A00000054382","2019-07-15T17:18Z","2019-07-15T17:18Z","EcoCore_CSU","TSS",174.0000,"milligramsPerLiter",0.2,,0,"formatChange","GOOD"
"e0179fad-ec69-452e-909e-d4b1acbca594","D12","BLDE","BLDE.AOS.groundwater.well.002","BLDE.W2.20190715.FIL","A00000054182","2019-07-15T17:18Z","2019-07-15T17:18Z","EcoCore_CSU","TDN",0.3815,"milligramsPerLiter",0.2,,0,"formatChange","GOOD"
"a4a496c8-ced7-4c6b-9d11-597a5a0a27a3","D12","BLDE","BLDE.AOS.groundwater.well.002","BLDE.W2.20190715.RAW","A00000054382","2019-07-15T17:18Z","2019-07-15T17:18Z","EcoCore_CSU","TP",0.3637,"milligramsPerLiter",0.2,,0,"formatChange","GOOD"
"dc4b1999-26d8-4e71-b289-7ed7724c2f1d","D12","BLDE","BLDE.AOS.groundwater.well.002","BLDE.W2.20190715.FIL","A00000054182","2019-07-15T17:18Z","2019-07-15T17:18Z","EcoCore_CSU","UV Absorbance (280 nm)",0.8281,,0.2,,0,"formatChange","GOOD"
"e3010d98-2c54-4e1d-ab59-0fe1b6b90fe5","D12","BLDE","BLDE.AOS.groundwater.well.002","BLDE.W2.20190715.PCN","A00000054557","2019-07-15T17:18Z","2019-07-15T17:18Z","EcoCore_CSU","TPC",0.3035,"milligram",0.2,,0,"formatChange","GOOD"
"a8d3c78a-2a26-4998-b4dc-8939964c9cae","D12","BLDE","BLDE.AOS.groundwater.well.002","BLDE.W2.20190715.FIL","A00000054182","2019-07-15T17:18Z","2019-07-15T17:18Z","EcoCore_CSU","HCO3",53.4200,"milligramsPerLiter",0.2,,0,"formatChange","GOOD"
"5d6a71e8-69f6-45ca-b242-d55d3780df9d","D12","BLDE","BLDE.AOS.groundwater.well.002","BLDE.W2.20190715.FIL","A00000054182","2019-07-15T17:18Z","2019-07-15T17:18Z","EcoCore_CSU","Mn",0.0620,"milligramsPerLiter",0.2,,0,"formatChange","GOOD"
"6486d649-3ce5-48ee-8d06-158882982322","D12","BLDE","BLDE.AOS.groundwater.well.002","BLDE.W2.20190715.FIL","A00000054182","2019-07-15T17:18Z","2019-07-15T17:18Z","EcoCore_CSU","DOC",4.6850,"milligramsPerLiter",0.2,,0,"formatChange","GOOD"
"ce29abdf-9c6d-42ec-8784-feecc5548633","D12","BLDE","BLDE.AOS.groundwater.well.002","BLDE.W2.20190715.FIL","A00000054182","2019-07-15T17:18Z","2019-07-15T17:18Z","EcoCore_CSU","Cl",2.5334,"milligramsPerLiter",0.2,,0,"formatChange","GOOD"
"318758db-9f8d-4d3f-b97c-60a114b881db","D12","BLDE","BLDE.AOS.groundwater.well.002","BLDE.W2.20190715.RAW","A00000054382","2019-07-15T17:18Z","2019-07-15T17:18Z","EcoCore_CSU","TOC",6.6780,"milligramsPerLiter",0.2,,0,"formatChange","GOOD"
"d97caeb9-71ad-4ac1-8471-85c1d8d9365b","D12","BLDE","BLDE.AOS.groundwater.well.002","BLDE.W2.20190715.FIL","A00000054182","2019-07-15T17:18Z","2019-07-15T17:18Z","EcoCore_CSU","UV Absorbance (250 nm)",1.0849,,0.2,,0,"formatChange","GOOD"
"aba1788d-943e-4d09-95e9-73a86eea665c","D12","BLDE","BLDE.AOS.groundwater.well.002","BLDE.W2.20190715.FIL","A00000054182","2019-07-15T17:18Z","2019-07-15T17:18Z","EcoCore_CSU","Ortho - P",0.0450,"milligramsPerLiter",0.2,,0,"formatChange","GOOD"
"19671412-2049-4889-8f29-3668ed887ea1","D12","BLDE","BLDE.AOS.groundwater.well.002","BLDE.W2.20190715.FIL","A00000054182","2019-07-15T17:18Z","2019-07-15T17:18Z","EcoCore_CSU","TDS",85.4200,"milligramsPerLiter",0.2,,0,"formatChange","GOOD"
"27905df4-c4be-42ec-b920-5a1b000d57bc","D12","BLDE","BLDE.AOS.groundwater.well.002","BLDE.W2.20190715.FIL","A00000054182","2019-07-15T17:18Z","2019-07-15T17:18Z","EcoCore_CSU","Mg",5.0160,"milligramsPerLiter",0.2,,0,"formatChange","GOOD"
"bab78750-c1f4-4580-a371-2da1542a9683","D12","BLDE","BLDE.AOS.groundwater.well.002","BLDE.W2.20190715.FIL","A00000054182","2019-07-15T17:18Z","2019-07-15T17:18Z","EcoCore_CSU","F",0.0050,"milligramsPerLiter",0.2,,0,"formatChange","GOOD"
"a9699a3e-cfce-4b16-b563-fa78d5cf9894","D12","BLDE","BLDE.AOS.groundwater.well.002","BLDE.W2.20190715.FIL","A00000054182","2019-07-15T17:18Z","2019-07-15T17:18Z","EcoCore_CSU","CO3",0.0050,"milligramsPerLiter",0.2,,0,"formatChange","GOOD"
"a5ced102-fdcf-474f-917b-d39aeb4a26f7","D12","BLDE","BLDE.AOS.groundwater.well.007","BLDE.W7.20190715.RAW","A00000054383","2019-07-15T18:04Z","2019-07-15T18:04Z","EcoCore_CSU","TSS",294.0000,"milligramsPerLiter",0.2,,0,"formatChange","GOOD"
"993d50f0-dfca-48bf-8f43-212fc2ad11e1","D12","BLDE","BLDE.AOS.groundwater.well.007","BLDE.W7.20190715.FIL","A00000054379","2019-07-15T18:04Z","2019-07-15T18:04Z","EcoCore_CSU","Na",6.9450,"milligramsPerLiter",0.2,,0,"formatChange","GOOD"
"fb7431aa-b9f8-4e98-a919-b30919249e32","D12","BLDE","BLDE.AOS.groundwater.well.007","BLDE.W7.20190715.RAW","A00000054383","2019-07-15T18:04Z","2019-07-15T18:04Z","EcoCore_CSU","TP",0.3473,"milligramsPerLiter",0.2,,0,"formatChange","GOOD"
"2c2fbce7-b9ea-44fc-bd6f-e36b45ee130d","D12","BLDE","BLDE.AOS.groundwater.well.007","BLDE.W7.20190715.FIL","A00000054379","2019-07-15T18:04Z","2019-07-15T18:04Z","EcoCore_CSU","DOC",4.8460,"milligramsPerLiter",0.2,,0,"formatChange","GOOD"
"1020fbf5-dd76-4f74-8016-a71331b254fb","D12","BLDE","BLDE.AOS.groundwater.well.007","BLDE.W7.20190715.FIL","A00000054379","2019-07-15T18:04Z","2019-07-15T18:04Z","EcoCore_CSU","Cl",2.6960,"milligramsPerLiter",0.2,,0,"formatChange","GOOD"
"e53440ca-b19c-4fe8-a14f-8006f7c4a308","D12","BLDE","BLDE.AOS.groundwater.well.007","BLDE.W7.20190715.PCN","A00000054558","2019-07-15T18:04Z","2019-07-15T18:04Z","EcoCore_CSU","TPN",0.1232,"milligram",0.2,,0,"formatChange","GOOD"
"93aedb23-36c3-4a32-9b5d-82f1ed2d6d10","D12","BLDE","BLDE.AOS.groundwater.well.007","BLDE.W7.20190715.FIL","A00000054379","2019-07-15T18:04Z","2019-07-15T18:04Z","EcoCore_CSU","NO2 - N",0.0004,"milligramsPerLiter",0.2,,0,"formatChange","GOOD"
"fe2c8c0b-4caf-4b09-84e5-d2cc1a1887a7","D12","BLDE","BLDE.AOS.groundwater.well.007","BLDE.W7.20190715.FIL","A00000054379","2019-07-15T18:04Z","2019-07-15T18:04Z","EcoCore_CSU","UV Absorbance (280 nm)",0.3660,,0.2,,0,"formatChange","GOOD"
"761422a7-cc38-49a6-9d9a-1fe39a4d2aea","D12","BLDE","BLDE.AOS.groundwater.well.007","BLDE.W7.20190715.RAW","A00000054383","2019-07-15T18:04Z","2019-07-15T18:04Z","EcoCore_CSU","TSS - Dry Mass",14700.0000,"microgram",0.2,,0,"formatChange","GOOD"
"77ebb090-32f8-4806-94ba-d65d70f9100a","D12","BLDE","BLDE.AOS.groundwater.well.007","BLDE.W7.20190715.FIL","A00000054379","2019-07-15T18:04Z","2019-07-15T18:04Z","EcoCore_CSU","Si",37.2861,"milligramsPerLiter",0.2,,0,"formatChange","GOOD"
"77414a11-de7e-4794-bf99-cd54597ba89f","D12","BLDE","BLDE.AOS.groundwater.well.007","BLDE.W7.20190715.RAW","A00000054383","2019-07-15T18:04Z","2019-07-15T18:04Z","EcoCore_CSU","conductivity",211.3500,"microsiemensPerCentimeter",0.2,,0,"formatChange","GOOD"
"2faa2cf9-8ec2-4689-8275-636c2f0554fb","D12","BLDE","BLDE.AOS.groundwater.well.007","BLDE.W7.20190715.FIL","A00000054379","2019-07-15T18:04Z","2019-07-15T18:04Z","EcoCore_CSU","NO3+NO2 - N",0.0167,"milligramsPerLiter",0.2,,0,"formatChange","GOOD"
"585f3879-9845-4a3e-88fb-627f92aefb1c","D12","BLDE","BLDE.AOS.groundwater.well.007","BLDE.W7.20190715.FIL","A00000054379","2019-07-15T18:04Z","2019-07-15T18:04Z","EcoCore_CSU","CO3",0.0050,"milligramsPerLiter",0.2,,0,"formatChange","GOOD"
"75ba392c-abb6-4fc3-99de-ba876b793585","D12","BLDE","BLDE.AOS.groundwater.well.007","BLDE.W7.20190715.FIL","A00000054379","2019-07-15T18:04Z","2019-07-15T18:04Z","EcoCore_CSU","Mn",0.0080,"milligramsPerLiter",0.2,,0,"formatChange","GOOD"
"6e5bbfd7-fda6-4586-85bf-03e737376d74","D12","BLDE","BLDE.AOS.groundwater.well.007","BLDE.W7.20190715.FIL","A00000054379","2019-07-15T18:04Z","2019-07-15T18:04Z","EcoCore_CSU","Br",0.0050,"milligramsPerLiter",0.2,,0,"formatChange","GOOD"
"117b65b4-1680-4df8-9ca6-15a181f8b43a","D12","BLDE","BLDE.AOS.groundwater.well.007","BLDE.W7.20190715.FIL","A00000054379","2019-07-15T18:04Z","2019-07-15T18:04Z","EcoCore_CSU","HCO3",118.7500,"milligramsPerLiter",0.2,,0,"formatChange","GOOD"
"2a64bed7-9bbc-4014-9db6-050102ceb724","D12","BLDE","BLDE.AOS.groundwater.well.007","BLDE.W7.20190715.FIL","A00000054379","2019-07-15T18:04Z","2019-07-15T18:04Z","EcoCore_CSU","TDS",148.9700,"milligramsPerLiter",0.2,,0,"formatChange","GOOD"
"0d3a6f64-a61f-4e0f-9a0c-3b2dbd58d7a2","D12","BLDE","BLDE.AOS.groundwater.well.007","BLDE.W7.20190715.FIL","A00000054379","2019-07-15T18:04Z","2019-07-15T18:04Z","EcoCore_CSU","K",1.1300,"milligramsPerLiter",0.2,,0,"formatChange","GOOD"
"13f5cd14-69a2-44fb-99d2-54241bdaa0cc","D12","BLDE","BLDE.AOS.groundwater.well.007","BLDE.W7.20190715.RAW","A00000054383","2019-07-15T18:04Z","2019-07-15T18:04Z","EcoCore_CSU","ANC",2.2500,"milliequivalentsPerLiter",0.2,,0,"formatChange","GOOD"
"aafec30f-b8ca-4a09-9d29-324866c74eca","D12","BLDE","BLDE.AOS.groundwater.well.007","BLDE.W7.20190715.FIL","A00000054379","2019-07-15T18:04Z","2019-07-15T18:04Z","EcoCore_CSU","UV Absorbance (250 nm)",0.5192,,0.2,,0,"formatChange","GOOD"
"ba337256-2b44-4138-9397-bf0922dd01b2","D12","BLDE","BLDE.AOS.groundwater.well.007","BLDE.W7.20190715.RAW","A00000054383","2019-07-15T18:04Z","2019-07-15T18:04Z","EcoCore_CSU","TOC",7.7830,"milligramsPerLiter",0.2,,0,"formatChange","GOOD"
"e1c59515-30a9-42cb-94ee-dce7eff25d33","D12","BLDE","BLDE.AOS.groundwater.well.007","BLDE.W7.20190715.RAW","A00000054383","2019-07-15T18:04Z","2019-07-15T18:04Z","EcoCore_CSU","pH",6.8300,"pH",0.2,,0,"formatChange","GOOD"
"a2465922-1346-442d-8e32-694811feebd1","D12","BLDE","BLDE.AOS.groundwater.well.007","BLDE.W7.20190715.FIL","A00000054379","2019-07-15T18:04Z","2019-07-15T18:04Z","EcoCore_CSU","Fe",0.8636,"milligramsPerLiter",0.2,,0,"formatChange","GOOD"
"46c9e1ec-d605-49cf-9b26-e297736f6d8a","D12","BLDE","BLDE.AOS.groundwater.well.007","BLDE.W7.20190715.FIL","A00000054379","2019-07-15T18:04Z","2019-07-15T18:04Z","EcoCore_CSU","SO4",0.4890,"milligramsPerLiter",0.2,,0,"formatChange","GOOD"
"db6bc43c-d640-46e5-9aeb-bb2677d8efba","D12","BLDE","BLDE.AOS.groundwater.well.007","BLDE.W7.20190715.PCN","A00000054558","2019-07-15T18:04Z","2019-07-15T18:04Z","EcoCore_CSU","TPC",0.2620,"milligram",0.2,,0,"formatChange","GOOD"
"88e7fcf6-a9b9-4536-b91a-a947a0ed43d6","D12","BLDE","BLDE.AOS.groundwater.well.007","BLDE.W7.20190715.RAW","A00000054383","2019-07-15T18:04Z","2019-07-15T18:04Z","EcoCore_CSU","TN",0.6492,"milligramsPerLiter",0.2,,0,"formatChange","GOOD"
"c88083b9-2566-4d06-bf27-c45e2144b946","D12","BLDE","BLDE.AOS.groundwater.well.007","BLDE.W7.20190715.FIL","A00000054379","2019-07-15T18:04Z","2019-07-15T18:04Z","EcoCore_CSU","Ca",22.4459,"milligramsPerLiter",0.2,,0,"formatChange","GOOD"
"3139f2b5-4b76-4be1-9c4c-7ec88865cfd3","D12","BLDE","BLDE.AOS.groundwater.well.007","BLDE.W7.20190715.FIL","A00000054379","2019-07-15T18:04Z","2019-07-15T18:04Z","EcoCore_CSU","Ortho - P",0.0370,"milligramsPerLiter",0.2,,0,"formatChange","GOOD"
"4a8a90e3-e92c-4484-9643-be2abe74413d","D12","BLDE","BLDE.AOS.groundwater.well.007","BLDE.W7.20190715.FIL","A00000054379","2019-07-15T18:04Z","2019-07-15T18:04Z","EcoCore_CSU","TDP",0.1470,"milligramsPerLiter",0.2,,0,"formatChange","GOOD"
"107baa4c-f6f5-4bd3-baea-49725ed296bf","D12","BLDE","BLDE.AOS.groundwater.well.007","BLDE.W7.20190715.FIL","A00000054379","2019-07-15T18:04Z","2019-07-15T18:04Z","EcoCore_CSU","DIC",34.5200,"milligramsPerLiter",0.2,,0,"formatChange","GOOD"
"2c53dc4e-cdbe-40ae-ba4e-de0e08030102","D12","BLDE","BLDE.AOS.groundwater.well.007","BLDE.W7.20190715.FIL","A00000054379","2019-07-15T18:04Z","2019-07-15T18:04Z","EcoCore_CSU","TDN",0.3041,"milligramsPerLiter",0.2,,0,"formatChange","GOOD"
"ac95cab7-daf1-4932-a369-69bdd1e12a46","D12","BLDE","BLDE.AOS.groundwater.well.007","BLDE.W7.20190715.FIL","A00000054379","2019-07-15T18:04Z","2019-07-15T18:04Z","EcoCore_CSU","Mg",7.8140,"milligramsPerLiter",0.2,,0,"formatChange","GOOD"
"5f341b78-ef64-4ff3-b801-b442d9946376","D12","BLDE","BLDE.AOS.groundwater.well.007","BLDE.W7.20190715.FIL","A00000054379","2019-07-15T18:04Z","2019-07-15T18:04Z","EcoCore_CSU","F",1.5783,"milligramsPerLiter",0.2,,0,"formatChange","GOOD"
"4117edb7-1bfd-485a-bb96-5e97db79ba4d","D12","BLDE","BLDE.AOS.groundwater.well.007","BLDE.W7.20190715.FIL","A00000054379","2019-07-15T18:04Z","2019-07-15T18:04Z","EcoCore_CSU","NH4 - N",0.0751,"milligramsPerLiter",0.2,,0,"formatChange","GOOD"
"edbb40ef-fb2d-436a-a4c5-2ca13581e32d","D12","BLDE","BLDE.AOS.groundwater.well.008","BLDE.W8.20190715.FIL","A00000054393","2019-07-15T18:32Z","2019-07-15T18:32Z","EcoCore_CSU","K",1.0700,"milligramsPerLiter",0.2,,0,"formatChange","GOOD"
"b469e93d-23ae-4123-9a3f-fe37c8e53e4c","D12","BLDE","BLDE.AOS.groundwater.well.008","BLDE.W8.20190715.FIL","A00000054393","2019-07-15T18:32Z","2019-07-15T18:32Z","EcoCore_CSU","CO3",0.0050,"milligramsPerLiter",0.2,,0,"formatChange","GOOD"
"96bc0091-585a-4a88-a5d8-54fad43ac156","D12","BLDE","BLDE.AOS.groundwater.well.008","BLDE.W8.20190715.PCN","A00000054559","2019-07-15T18:32Z","2019-07-15T18:32Z","EcoCore_CSU","TPN",0.0287,"milligram",0.2,,0,"formatChange","GOOD"
"0d6630c4-a43a-45fa-bd20-4763d7195f55","D12","BLDE","BLDE.AOS.groundwater.well.008","BLDE.W8.20190715.FIL","A00000054393","2019-07-15T18:32Z","2019-07-15T18:32Z","EcoCore_CSU","Fe",2.5767,"milligramsPerLiter",0.2,,0,"formatChange","GOOD"
"b34cbb3c-4320-4609-a48c-cd16e8640542","D12","BLDE","BLDE.AOS.groundwater.well.008","BLDE.W8.20190715.FIL","A00000054393","2019-07-15T18:32Z","2019-07-15T18:32Z","EcoCore_CSU","DOC",3.6370,"milligramsPerLiter",0.2,,0,"formatChange","GOOD"
"6d960926-aca0-4ac5-b81c-dc68fcf8a560","D12","BLDE","BLDE.AOS.groundwater.well.008","BLDE.W8.20190715.RAW","A00000054366","2019-07-15T18:32Z","2019-07-15T18:32Z","EcoCore_CSU","pH",6.7900,"pH",0.2,,0,"formatChange","GOOD"
"7cc5d775-3f8c-4af0-a133-2b366ed64c9b","D12","BLDE","BLDE.AOS.groundwater.well.008","BLDE.W8.20190715.FIL","A00000054393","2019-07-15T18:32Z","2019-07-15T18:32Z","EcoCore_CSU","NH4 - N",0.1139,"milligramsPerLiter",0.2,,0,"formatChange","GOOD"
"c0dfdfac-d157-4407-9111-6bb24505f32c","D12","BLDE","BLDE.AOS.groundwater.well.008","BLDE.W8.20190715.FIL","A00000054393","2019-07-15T18:32Z","2019-07-15T18:32Z","EcoCore_CSU","NO2 - N",0.0002,"milligramsPerLiter",0.2,,0,"formatChange","GOOD"
"21d30f55-ff9d-4467-b226-169231aed3a9","D12","BLDE","BLDE.AOS.groundwater.well.008","BLDE.W8.20190715.FIL","A00000054393","2019-07-15T18:32Z","2019-07-15T18:32Z","EcoCore_CSU","TDP",0.1763,"milligramsPerLiter",0.2,,0,"formatChange","GOOD"
"c9255dd4-9748-4f34-9822-af6baca5507a","D12","BLDE","BLDE.AOS.groundwater.well.008","BLDE.W8.20190715.FIL","A00000054393","2019-07-15T18:32Z","2019-07-15T18:32Z","EcoCore_CSU","TDN",0.2227,"milligramsPerLiter",0.2,,0,"formatChange","GOOD"
"bcc7f184-ae23-4d75-a91d-b013dcb0c8c8","D12","BLDE","BLDE.AOS.groundwater.well.008","BLDE.W8.20190715.FIL","A00000054393","2019-07-15T18:32Z","2019-07-15T18:32Z","EcoCore_CSU","UV Absorbance (280 nm)",0.3080,,0.2,,0,"formatChange","GOOD"
"359ad241-038b-4311-a9ac-cd92d1b118ee","D12","BLDE","BLDE.AOS.groundwater.well.008","BLDE.W8.20190715.FIL","A00000054393","2019-07-15T18:32Z","2019-07-15T18:32Z","EcoCore_CSU","Ca",11.5609,"milligramsPerLiter",0.2,,0,"formatChange","GOOD"
"79f1aae0-f49f-4051-a269-8d28ec881bd1","D12","BLDE","BLDE.AOS.groundwater.well.008","BLDE.W8.20190715.RAW","A00000054366","2019-07-15T18:32Z","2019-07-15T18:32Z","EcoCore_CSU","TOC",5.7870,"milligramsPerLiter",0.2,,0,"formatChange","GOOD"
"fa8267be-e54d-456e-9ee4-6453cd1b38aa","D12","BLDE","BLDE.AOS.groundwater.well.008","BLDE.W8.20190715.FIL","A00000054393","2019-07-15T18:32Z","2019-07-15T18:32Z","EcoCore_CSU","Na",4.2910,"milligramsPerLiter",0.2,,0,"formatChange","GOOD"
"c60477e1-5776-4d68-8c1a-ee9f29e23765","D12","BLDE","BLDE.AOS.groundwater.well.008","BLDE.W8.20190715.RAW","A00000054366","2019-07-15T18:32Z","2019-07-15T18:32Z","EcoCore_CSU","ANC",1.1500,"milliequivalentsPerLiter",0.2,,0,"formatChange","GOOD"
"e045a7f5-1e55-448d-96f7-fe5ae74ef1be","D12","BLDE","BLDE.AOS.groundwater.well.008","BLDE.W8.20190715.FIL","A00000054393","2019-07-15T18:32Z","2019-07-15T18:32Z","EcoCore_CSU","DIC",24.9500,"milligramsPerLiter",0.2,,0,"formatChange","GOOD"
"4db73538-8086-4ea7-bbc3-414c01cbb2e0","D12","BLDE","BLDE.AOS.groundwater.well.008","BLDE.W8.20190715.FIL","A00000054393","2019-07-15T18:32Z","2019-07-15T18:32Z","EcoCore_CSU","Ortho - P",0.0410,"milligramsPerLiter",0.2,,0,"formatChange","GOOD"
"6ee4fc5a-5e4d-4e79-a552-434e981d1599","D12","BLDE","BLDE.AOS.groundwater.well.008","BLDE.W8.20190715.FIL","A00000054393","2019-07-15T18:32Z","2019-07-15T18:32Z","EcoCore_CSU","Mn",0.1260,"milligramsPerLiter",0.2,,0,"formatChange","GOOD"
"19be84cd-ba8b-446d-b9b7-3789289a8ad1","D12","BLDE","BLDE.AOS.groundwater.well.008","BLDE.W8.20190715.FIL","A00000054393","2019-07-15T18:32Z","2019-07-15T18:32Z","EcoCore_CSU","Br",0.0050,"milligramsPerLiter",0.2,,0,"formatChange","GOOD"
"8bd83568-0331-4d83-9ff2-6de557cd1b44","D12","BLDE","BLDE.AOS.groundwater.well.008","BLDE.W8.20190715.FIL","A00000054393","2019-07-15T18:32Z","2019-07-15T18:32Z","EcoCore_CSU","F",1.1649,"milligramsPerLiter",0.2,,0,"formatChange","GOOD"
"e153c608-5202-45c8-b64d-12ed4944ce1b","D12","BLDE","BLDE.AOS.groundwater.well.008","BLDE.W8.20190715.FIL","A00000054393","2019-07-15T18:32Z","2019-07-15T18:32Z","EcoCore_CSU","Si",34.1659,"milligramsPerLiter",0.2,,0,"formatChange","GOOD"
"454e172e-f77a-4385-b2a6-ac585b334b95","D12","BLDE","BLDE.AOS.groundwater.well.008","BLDE.W8.20190715.RAW","A00000054366","2019-07-15T18:32Z","2019-07-15T18:32Z","EcoCore_CSU","conductivity",120.1300,"microsiemensPerCentimeter",0.2,,0,"formatChange","GOOD"
"3fd013f2-a94b-46b7-ae32-913233fa6ec3","D12","BLDE","BLDE.AOS.groundwater.well.008","BLDE.W8.20190715.RAW","A00000054366","2019-07-15T18:32Z","2019-07-15T18:32Z","EcoCore_CSU","TSS - Dry Mass",7900.0000,"microgram",0.2,,0,"formatChange","GOOD"
"ce72ad93-53f0-498c-bae2-4f5a37d4a7da","D12","BLDE","BLDE.AOS.groundwater.well.008","BLDE.W8.20190715.FIL","A00000054393","2019-07-15T18:32Z","2019-07-15T18:32Z","EcoCore_CSU","Cl",3.2160,"milligramsPerLiter",0.2,,0,"formatChange","GOOD"
"9824cfc3-1842-4ba8-8c76-95be46f5c15b","D12","BLDE","BLDE.AOS.groundwater.well.008","BLDE.W8.20190715.FIL","A00000054393","2019-07-15T18:32Z","2019-07-15T18:32Z","EcoCore_CSU","Mg",4.8190,"milligramsPerLiter",0.2,,0,"formatChange","GOOD"
"f0a0b56c-6870-4a85-9e0f-5f7d231dcc69","D12","BLDE","BLDE.AOS.groundwater.well.008","BLDE.W8.20190715.FIL","A00000054393","2019-07-15T18:32Z","2019-07-15T18:32Z","EcoCore_CSU","SO4",0.0050,"milligramsPerLiter",0.2,,0,"formatChange","GOOD"
"b42faf24-b702-4bb1-ba9b-f0036e0f9d49","D12","BLDE","BLDE.AOS.groundwater.well.008","BLDE.W8.20190715.RAW","A00000054366","2019-07-15T18:32Z","2019-07-15T18:32Z","EcoCore_CSU","TN",0.4168,"milligramsPerLiter",0.2,,0,"formatChange","GOOD"
"12726773-4c11-4205-b555-da0c0575fdc2","D12","BLDE","BLDE.AOS.groundwater.well.008","BLDE.W8.20190715.FIL","A00000054393","2019-07-15T18:32Z","2019-07-15T18:32Z","EcoCore_CSU","TDS",83.2400,"milligramsPerLiter",0.2,,0,"formatChange","GOOD"
"5073f8a5-e166-4781-9c25-d01f94a46d11","D12","BLDE","BLDE.AOS.groundwater.well.008","BLDE.W8.20190715.FIL","A00000054393","2019-07-15T18:32Z","2019-07-15T18:32Z","EcoCore_CSU","NO3+NO2 - N",0.0217,"milligramsPerLiter",0.2,,0,"formatChange","GOOD"
"20642505-f400-4a8b-a29c-2c2736b1b803","D12","BLDE","BLDE.AOS.groundwater.well.008","BLDE.W8.20190715.PCN","A00000054559","2019-07-15T18:32Z","2019-07-15T18:32Z","EcoCore_CSU","TPC",0.0695,"milligram",0.2,,0,"formatChange","GOOD"
"278299e3-dcfa-4df1-a60c-0d8c0efe4c00","D12","BLDE","BLDE.AOS.groundwater.well.008","BLDE.W8.20190715.FIL","A00000054393","2019-07-15T18:32Z","2019-07-15T18:32Z","EcoCore_CSU","UV Absorbance (250 nm)",0.3876,,0.2,,0,"formatChange","GOOD"
"a3554955-9899-48de-8b47-82bdbc52ca94","D12","BLDE","BLDE.AOS.groundwater.well.008","BLDE.W8.20190715.FIL","A00000054393","2019-07-15T18:32Z","2019-07-15T18:32Z","EcoCore_CSU","HCO3",64.3900,"milligramsPerLiter",0.2,,0,"formatChange","GOOD"
"3d769745-f643-4fd7-822c-c0355db85ff2","D12","BLDE","BLDE.AOS.groundwater.well.008","BLDE.W8.20190715.RAW","A00000054366","2019-07-15T18:32Z","2019-07-15T18:32Z","EcoCore_CSU","TP",0.4427,"milligramsPerLiter",0.2,,0,"formatChange","GOOD"
"d4fe03c1-a57b-447b-953f-4462ac7fb423","D12","BLDE","BLDE.AOS.groundwater.well.008","BLDE.W8.20190715.RAW","A00000054366","2019-07-15T18:32Z","2019-07-15T18:32Z","EcoCore_CSU","TSS",158.0000,"milligramsPerLiter",0.2,,0,"formatChange","GOOD"
