uid,domainID,siteID,namedLocation,collectDate,titrationDate,parentSampleID,domainSampleID,remarks,measuredBy,alkMeqPerL,alkMgPerL,ancMeqPerL,ancMgPerL
"8e679c14-ab6c-4832-a871-79d7970bfa63","D12","BLDE","BLDE.AOS.groundwater.well.001","2019-07-15T16:27Z","2019-07-16T16:31Z","BLDE.W1.20190715","BLDE.W1.20190715.ALK",,"A.Stimetz",2.020,101.000,,
"b93058fe-cff5-4761-bf43-ca32beb3ec89","D12","BLDE","BLDE.AOS.groundwater.well.002","2019-07-15T17:18Z","2019-07-16T17:11Z","BLDE.W2.20190715","BLDE.W2.20190715.ALK",,"A.Stimetz",0.850,42.800,,
"aa0e0640-ca0e-4dda-89e3-3bb948830dc0","D12","BLDE","BLDE.AOS.groundwater.well.007","2019-07-15T18:04Z","2019-07-16T17:46Z","BLDE.W7.20190715","BLDE.W7.20190715.ALK",,"A.Stimetz",2.060,103.000,,
"26d67562-fbe7-4d5b-a0cf-c4d8adf15ee6","D12","BLDE","BLDE.AOS.groundwater.well.008","2019-07-15T18:32Z","2019-07-16T18:27Z","BLDE.W8.20190715","BLDE.W8.20190715.ALK",,"A.Stimetz",1.200,60.000,,
