uid,domainID,siteID,namedLocation,decimalLatitude,decimalLongitude,coordinateUncertainty,elevation,elevationUncertainty,geodeticDatum,collectDate,aquaticSiteType,samplingImpractical,waterChemSamplesCollected,adequateSampleVol,parentSampleID,eventID,swcSamplingProtocolVersion,sampleExtractionMethod,samplerType,totalWellDepth,wellWaterDepth,waterColumnHeight,sampleDepth,purgeAverageDischargeRate,purgeTime,gwWellStabilized,purgeDryDateTime,pumpPlacementDate,screenedIntervalDepth,maxAllowableDrawdown,actualDrawdown,MADExceeded,wellVolumePurged,probeIDUnavailable,dissolvedOxygen,dissolvedOxygenSaturation,specificConductance,waterTemp,pH,waterClarityDescrip,waterColorDescrip,aCollectedBy,bCollectedBy,remarks
"4ce3ae38-867e-402c-a386-dc221218fc65","D12","BLDE","BLDE.AOS.groundwater.well.001",44.951035,-110.588202,0.1,2032.2,0.1,"WGS84","2019-07-15T16:27Z","stream",,,"Y","BLDE.W1.20190715","BLDE.20190715","NEON.DOC.002905vF","bailer tube","Groundwater Bailer Tube",2.2,1.9,0.3,,,,,,,,,,,5.0,,3.55,32.70,188.70,12.40,6.77,"cloudy","gray","0000-0003-0371-727X","0000-0003-4208-4989",
"07f11b31-3b50-4ac8-96a3-5efd3936cfcb","D12","BLDE","BLDE.AOS.groundwater.well.002",44.951124,-110.588036,0.1,2032.4,0.1,"WGS84","2019-07-15T17:18Z","stream",,,"Y","BLDE.W2.20190715","BLDE.20190715","NEON.DOC.002905vF","bailer tube","Groundwater Bailer Tube",2.6,2.3,0.4,,,,,,,,,,,2.0,,5.26,50.20,122.60,13.00,6.43,"opaque","brown","0000-0003-0371-727X","0000-0003-4208-4989",
"691b19db-e001-456b-b4cd-2d130e3c054c","D12","BLDE","BLDE.AOS.groundwater.well.007",44.953300,-110.589043,0.1,2026.9,0.1,"WGS84","2019-07-15T18:04Z","stream",,,"Y","BLDE.W7.20190715","BLDE.20190715","NEON.DOC.002905vF","bailer tube","Groundwater Bailer Tube",2.3,1.5,0.8,,,,,,,,,,,8.0,,2.50,23.10,187.10,12.40,6.87,"clear","gray","0000-0003-0371-727X","0000-0003-0371-727X",
"1e6d21cf-6fb2-4a26-a929-7ec033599e5e","D12","BLDE","BLDE.AOS.groundwater.well.008",44.953552,-110.589467,0.1,2025.2,0.1,"WGS84","2019-07-15T18:32Z","stream",,,"Y","BLDE.W8.20190715","BLDE.20190715","NEON.DOC.002905vF","bailer tube","Groundwater Bailer Tube",2.4,2.0,0.4,,,,,,,,,,,5.0,,2.26,20.30,129.10,11.80,6.92,"cloudy","gray","0000-0003-0371-727X","0000-0003-4208-4989",
