uid,domainID,siteID,namedLocation,collectDate,parentSampleID,sampleCondition,sampleID,replicateNumber,gwwDICBubbleFree,gwwFiltSampleHeadspace,gwwAlkSampleHeadspace,gwwAlkSampleBubbleFree,processedDate,processedDateFilters,sampleVolumeFiltered,shipmentTimeRange
"d08fd8af-31f7-4b1e-ab37-cdae7d2671d4","D12","BLDE","BLDE.AOS.groundwater.well.001","2019-07-15T16:27Z","BLDE.W1.20190715","Sample condition ok","BLDE.W1.20190715",1,,,,,"2019-07-15T16:27Z","2019-07-15T20:49Z",20.0,
"596dcfde-b0bf-4403-89de-4ff696f97bfb","D12","BLDE","BLDE.AOS.groundwater.well.002","2019-07-15T17:18Z","BLDE.W2.20190715","Sample condition ok","BLDE.W2.20190715",1,,,,,"2019-07-15T17:18Z","2019-07-15T21:50Z",20.0,
"dc76fa5c-0070-4536-abf4-de928ecaed57","D12","BLDE","BLDE.AOS.groundwater.well.007","2019-07-15T18:04Z","BLDE.W7.20190715","Sample condition ok","BLDE.W7.20190715",1,,,,,"2019-07-15T18:04Z","2019-07-15T21:40Z",20.0,
"799610a7-fb3b-450f-8dc4-398b17ae6585","D12","BLDE","BLDE.AOS.groundwater.well.008","2019-07-15T18:32Z","BLDE.W8.20190715","Sample condition ok","BLDE.W8.20190715",1,,,,,"2019-07-15T18:32Z","2019-07-15T21:30Z",20.0,
