uid,domainID,siteID,namedLocation,sampleID,sampleCode,startDate,collectDate,laboratoryName,analyte,analyteConcentration,analyteUnits,coolerTemp,remarks,shipmentWarmQF,externalLabDataQF,sampleCondition
"abab69d6-4e8c-4a7d-8a45-fea3de2736a3","D11","BLUE","BLUE.AOS.groundwater.well.002","BLUE.W2.20190812.FIL","A00000104826","2019-08-12T17:25Z","2019-08-12T17:25Z","EcoCore_CSU","HCO3",427.3900,"milligramsPerLiter",3.2,,0,,"OK"
"3ab7071d-1baf-4783-8b2c-d77bc20cb598","D11","BLUE","BLUE.AOS.groundwater.well.002","BLUE.W2.20190812.FIL","A00000104826","2019-08-12T17:25Z","2019-08-12T17:25Z","EcoCore_CSU","Na",8.2120,"milligramsPerLiter",3.2,,0,,"OK"
"11bf1408-f4fc-4b8e-b621-d4cc009c2d13","D11","BLUE","BLUE.AOS.groundwater.well.002","BLUE.W2.20190812.FIL","A00000104826","2019-08-12T17:25Z","2019-08-12T17:25Z","EcoCore_CSU","Cl",11.3400,"milligramsPerLiter",3.2,,0,,"OK"
"009ac6bc-b4c1-4368-8a9b-5ef997dff988","D11","BLUE","BLUE.AOS.groundwater.well.002","BLUE.W2.20190812.FIL","A00000104826","2019-08-12T17:25Z","2019-08-12T17:25Z","EcoCore_CSU","Br",0.0050,"milligramsPerLiter",3.2,,0,,"OK"
"6f85d49d-3e27-4a5d-9aa6-34444bed22fa","D11","BLUE","BLUE.AOS.groundwater.well.002","BLUE.W2.20190812.FIL","A00000104826","2019-08-12T17:25Z","2019-08-12T17:25Z","EcoCore_CSU","UV Absorbance (280 nm)",0.0782,,1.2,,0,,"OK"
"042ad006-49a1-406e-a55c-c68b1aafac46","D11","BLUE","BLUE.AOS.groundwater.well.002","BLUE.W2.20190812.FIL","A00000104826","2019-08-12T17:25Z","2019-08-12T17:25Z","EcoCore_CSU","UV Absorbance (250 nm)",0.0733,,3.2,,0,,"OK"
"32e752c3-5044-4e0d-b4ae-debee66d6264","D11","BLUE","BLUE.AOS.groundwater.well.002","BLUE.W2.20190812.FIL","A00000104826","2019-08-12T17:25Z","2019-08-12T17:25Z","EcoCore_CSU","Ortho - P",0.0340,"milligramsPerLiter",3.2,,0,,"OK"
"b3236dd7-afcc-4864-aa58-7d1831160d13","D11","BLUE","BLUE.AOS.groundwater.well.002","BLUE.W2.20190812.FIL","A00000104826","2019-08-12T17:25Z","2019-08-12T17:25Z","EcoCore_CSU","NH4 - N",0.0354,"milligramsPerLiter",3.2,,0,,"OK"
"3013301d-1716-4fda-979c-9efdc39372ae","D11","BLUE","BLUE.AOS.groundwater.well.002","BLUE.W2.20190812.FIL","A00000104826","2019-08-12T17:25Z","2019-08-12T17:25Z","EcoCore_CSU","NO2 - N",-0.0038,"milligramsPerLiter",3.2,,0,,"OK"
"d0cfa75b-c51b-495b-bfdc-ad8f8c06bbed","D11","BLUE","BLUE.AOS.groundwater.well.002","BLUE.W2.20190812.FIL","A00000104826","2019-08-12T17:25Z","2019-08-12T17:25Z","EcoCore_CSU","NO3+NO2 - N",0.0061,"milligramsPerLiter",3.2,,0,,"OK"
"dd878062-42b3-46d9-b5fe-fd8aa7544cf3","D11","BLUE","BLUE.AOS.groundwater.well.002","BLUE.W2.20190812.PCN","A00000105084","2019-08-12T17:25Z","2019-08-12T17:25Z","EcoCore_CSU","TPC",0.2329,"milligram",3.2,,0,,"OK"
"add2e1c4-f42d-481a-9be1-974f3e51e212","D11","BLUE","BLUE.AOS.groundwater.well.002","BLUE.W2.20190812.PCN","A00000105084","2019-08-12T17:25Z","2019-08-12T17:25Z","EcoCore_CSU","TPN",0.1315,"milligram",3.2,,0,,"OK"
"a2505e01-cbdc-414e-92ff-17e3b204d6ac","D11","BLUE","BLUE.AOS.groundwater.well.002","BLUE.W2.20190812.RAW","A00000104694","2019-08-12T17:25Z","2019-08-12T17:25Z","EcoCore_CSU","pH",7.1900,"pH",3.2,,0,,"OK"
"3b070dbb-fa55-4e4f-b80d-2054dfa720ff","D11","BLUE","BLUE.AOS.groundwater.well.002","BLUE.W2.20190812.RAW","A00000104694","2019-08-12T17:25Z","2019-08-12T17:25Z","EcoCore_CSU","TN",0.1211,"milligramsPerLiter",3.2,,0,,"OK"
"a3784d58-688d-4e2b-8b43-78f544cffc92","D11","BLUE","BLUE.AOS.groundwater.well.002","BLUE.W2.20190812.RAW","A00000104694","2019-08-12T17:25Z","2019-08-12T17:25Z","EcoCore_CSU","conductivity",788.5000,"microsiemensPerCentimeter",3.2,,0,,"OK"
"f829c045-8ce3-43d5-aca4-ad5b17fae2c9","D11","BLUE","BLUE.AOS.groundwater.well.002","BLUE.W2.20190812.RAW","A00000104694","2019-08-12T17:25Z","2019-08-12T17:25Z","EcoCore_CSU","TP",0.0920,"milligramsPerLiter",3.2,,0,,"OK"
"c0c404fb-472a-4711-beaf-27b2adb82dd3","D11","BLUE","BLUE.AOS.groundwater.well.002","BLUE.W2.20190812.RAW","A00000104694","2019-08-12T17:25Z","2019-08-12T17:25Z","EcoCore_CSU","ANC",7.2500,"milliequivalentsPerLiter",3.2,,0,,"OK"
"9f822932-4e0c-4f9f-b1b1-314d43661122","D11","BLUE","BLUE.AOS.groundwater.well.002","BLUE.W2.20190812.RAW","A00000104694","2019-08-12T17:25Z","2019-08-12T17:25Z","EcoCore_CSU","TSS - Dry Mass",400.0000,"microgram",3.2,,0,,"OK"
"7743041a-b565-4f39-8601-ddbdeedb516f","D11","BLUE","BLUE.AOS.groundwater.well.002","BLUE.W2.20190812.RAW","A00000104694","2019-08-12T17:25Z","2019-08-12T17:25Z","EcoCore_CSU","TOC",1.4820,"milligramsPerLiter",3.2,,0,,"OK"
"626320c8-08fb-428f-8789-8bf6373c0b09","D11","BLUE","BLUE.AOS.groundwater.well.002","BLUE.W2.20190812.RAW","A00000104694","2019-08-12T17:25Z","2019-08-12T17:25Z","EcoCore_CSU","TSS",8.0000,"milligramsPerLiter",3.2,,0,,"OK"
"16c133ca-356a-4dbb-9ac0-eeaf2380a0d6","D11","BLUE","BLUE.AOS.groundwater.well.002","BLUE.W2.20190812.FIL","A00000104826","2019-08-12T17:25Z","2019-08-12T17:25Z","EcoCore_CSU","Si",14.1400,"milligramsPerLiter",3.2,,0,,"OK"
"1f87cc4d-6d4b-4e52-9560-ec3834370fba","D11","BLUE","BLUE.AOS.groundwater.well.002","BLUE.W2.20190812.FIL","A00000104826","2019-08-12T17:25Z","2019-08-12T17:25Z","EcoCore_CSU","Ca",121.8280,"milligramsPerLiter",3.2,,0,,"OK"
"f1d1f0fd-d474-47bf-b69d-0b47ff1fa7e2","D11","BLUE","BLUE.AOS.groundwater.well.002","BLUE.W2.20190812.FIL","A00000104826","2019-08-12T17:25Z","2019-08-12T17:25Z","EcoCore_CSU","Mn",0.1450,"milligramsPerLiter",3.2,,0,,"OK"
"30de17c2-1b9b-4c30-b971-b32872286eea","D11","BLUE","BLUE.AOS.groundwater.well.002","BLUE.W2.20190812.FIL","A00000104826","2019-08-12T17:25Z","2019-08-12T17:25Z","EcoCore_CSU","Fe",0.5430,"milligramsPerLiter",3.2,,0,,"OK"
"d75911e2-d72e-46c7-8247-023b7748dc4f","D11","BLUE","BLUE.AOS.groundwater.well.002","BLUE.W2.20190812.FIL","A00000104826","2019-08-12T17:25Z","2019-08-12T17:25Z","EcoCore_CSU","TDS",552.2000,"milligramsPerLiter",3.2,,0,,"OK"
"0b39b964-4e21-48b1-b11f-a1d426ea9678","D11","BLUE","BLUE.AOS.groundwater.well.002","BLUE.W2.20190812.FIL","A00000104826","2019-08-12T17:25Z","2019-08-12T17:25Z","EcoCore_CSU","Mg",26.0500,"milligramsPerLiter",3.2,,0,,"OK"
"b5bb6776-8aa8-4fc6-9c11-5ab9996fd702","D11","BLUE","BLUE.AOS.groundwater.well.002","BLUE.W2.20190812.FIL","A00000104826","2019-08-12T17:25Z","2019-08-12T17:25Z","EcoCore_CSU","CO3",0.0050,"milligramsPerLiter",3.2,,0,,"OK"
"fddac673-1e5d-4bd3-a124-91bd8dca8375","D11","BLUE","BLUE.AOS.groundwater.well.002","BLUE.W2.20190812.FIL","A00000104826","2019-08-12T17:25Z","2019-08-12T17:25Z","EcoCore_CSU","K",0.9730,"milligramsPerLiter",3.2,,0,,"OK"
"70d50ba2-0703-4585-bb94-877f9218f907","D11","BLUE","BLUE.AOS.groundwater.well.002","BLUE.W2.20190812.FIL","A00000104826","2019-08-12T17:25Z","2019-08-12T17:25Z","EcoCore_CSU","SO4",57.8400,"milligramsPerLiter",3.2,,0,,"OK"
"3d69e968-186b-4021-8cf9-dc4f8ea86ed8","D11","BLUE","BLUE.AOS.groundwater.well.002","BLUE.W2.20190812.FIL","A00000104826","2019-08-12T17:25Z","2019-08-12T17:25Z","EcoCore_CSU","TDP",0.0390,"milligramsPerLiter",3.2,,0,,"OK"
"722a8d3b-98d0-42bb-a911-b86f46633c46","D11","BLUE","BLUE.AOS.groundwater.well.002","BLUE.W2.20190812.FIL","A00000104826","2019-08-12T17:25Z","2019-08-12T17:25Z","EcoCore_CSU","F",1.7600,"milligramsPerLiter",3.2,,0,,"OK"
"535df5fc-a0ee-433a-8dd6-9dcdaab0319e","D11","BLUE","BLUE.AOS.groundwater.well.002","BLUE.W2.20190812.FIL","A00000104826","2019-08-12T17:25Z","2019-08-12T17:25Z","EcoCore_CSU","TDN",0.1474,"milligramsPerLiter",3.2,,0,,"OK"
"ff243f93-4b83-42e8-b4f9-6d4acd246c4d","D11","BLUE","BLUE.AOS.groundwater.well.002","BLUE.W2.20190812.FIL","A00000104826","2019-08-12T17:25Z","2019-08-12T17:25Z","EcoCore_CSU","DOC",1.9340,"milligramsPerLiter",3.2,,0,,"OK"
"adc4f5c7-a870-411d-91d3-a5e930aa9123","D11","BLUE","BLUE.AOS.groundwater.well.002","BLUE.W2.20190812.FIL","A00000104826","2019-08-12T17:25Z","2019-08-12T17:25Z","EcoCore_CSU","DIC",106.0000,"milligramsPerLiter",3.2,,0,,"OK"
"ab72e17f-7211-4742-9125-42ad65b96f19","D11","BLUE","BLUE.AOS.groundwater.well.008","BLUE.W8.20190812.FIL","A00000104832","2019-08-12T19:16Z","2019-08-12T19:16Z","EcoCore_CSU","TDN",0.0810,"milligramsPerLiter",2.6,,0,,"OK"
"7e70a607-76e9-4c86-89da-7a41ed5a4741","D11","BLUE","BLUE.AOS.groundwater.well.008","BLUE.W8.20190812.FIL","A00000104832","2019-08-12T19:16Z","2019-08-12T19:16Z","EcoCore_CSU","DIC",110.7000,"milligramsPerLiter",2.6,,0,,"OK"
"9fab7322-2468-45e6-a469-0670fec35908","D11","BLUE","BLUE.AOS.groundwater.well.008","BLUE.W8.20190812.FIL","A00000104832","2019-08-12T19:16Z","2019-08-12T19:16Z","EcoCore_CSU","DOC",1.3230,"milligramsPerLiter",2.6,,0,,"OK"
"3403a211-43df-49b0-bdfc-61270666c744","D11","BLUE","BLUE.AOS.groundwater.well.008","BLUE.W8.20190812.FIL","A00000104832","2019-08-12T19:16Z","2019-08-12T19:16Z","EcoCore_CSU","TDP",0.0220,"milligramsPerLiter",2.6,,0,,"OK"
"5ce947c0-0b72-4843-bab5-40619403910b","D11","BLUE","BLUE.AOS.groundwater.well.008","BLUE.W8.20190812.FIL","A00000104832","2019-08-12T19:16Z","2019-08-12T19:16Z","EcoCore_CSU","K",0.8710,"milligramsPerLiter",2.6,,0,,"OK"
"dd1d0709-d951-4dce-983d-781d7b0e4e1d","D11","BLUE","BLUE.AOS.groundwater.well.008","BLUE.W8.20190812.FIL","A00000104832","2019-08-12T19:16Z","2019-08-12T19:16Z","EcoCore_CSU","Br",0.0050,"milligramsPerLiter",2.6,,0,,"OK"
"e643a201-c65c-4036-8a8a-98152627b36c","D11","BLUE","BLUE.AOS.groundwater.well.008","BLUE.W8.20190812.FIL","A00000104832","2019-08-12T19:16Z","2019-08-12T19:16Z","EcoCore_CSU","CO3",0.0050,"milligramsPerLiter",2.6,,0,,"OK"
"78501ee0-5b6f-4683-b8cd-1eff4b2a857a","D11","BLUE","BLUE.AOS.groundwater.well.008","BLUE.W8.20190812.FIL","A00000104832","2019-08-12T19:16Z","2019-08-12T19:16Z","EcoCore_CSU","TDS",487.6000,"milligramsPerLiter",2.6,,0,,"OK"
"bc062590-a3be-45c5-94d0-7e618a072a6d","D11","BLUE","BLUE.AOS.groundwater.well.008","BLUE.W8.20190812.FIL","A00000104832","2019-08-12T19:16Z","2019-08-12T19:16Z","EcoCore_CSU","SO4",7.6200,"milligramsPerLiter",2.6,,0,,"OK"
"6956a241-1da0-46f3-814f-b4fd92fd8667","D11","BLUE","BLUE.AOS.groundwater.well.008","BLUE.W8.20190812.FIL","A00000104832","2019-08-12T19:16Z","2019-08-12T19:16Z","EcoCore_CSU","F",2.4100,"milligramsPerLiter",2.6,,0,,"OK"
"7953c7e1-269f-48e2-b6d5-329912662b11","D11","BLUE","BLUE.AOS.groundwater.well.008","BLUE.W8.20190812.FIL","A00000104832","2019-08-12T19:16Z","2019-08-12T19:16Z","EcoCore_CSU","Si",19.9000,"milligramsPerLiter",2.6,,0,,"OK"
"40311259-f43a-4c3f-8527-30109349cd5e","D11","BLUE","BLUE.AOS.groundwater.well.008","BLUE.W8.20190812.FIL","A00000104832","2019-08-12T19:16Z","2019-08-12T19:16Z","EcoCore_CSU","Cl",0.6900,"milligramsPerLiter",2.6,,0,,"OK"
"b6a9550f-53c2-456d-8068-88485e047750","D11","BLUE","BLUE.AOS.groundwater.well.008","BLUE.W8.20190812.FIL","A00000104832","2019-08-12T19:16Z","2019-08-12T19:16Z","EcoCore_CSU","Na",2.4480,"milligramsPerLiter",2.6,,0,,"OK"
"39ac636d-91cd-45a2-a925-463c1d72bb57","D11","BLUE","BLUE.AOS.groundwater.well.008","BLUE.W8.20190812.FIL","A00000104832","2019-08-12T19:16Z","2019-08-12T19:16Z","EcoCore_CSU","Ca",115.9700,"milligramsPerLiter",2.6,,0,,"OK"
"e5564762-a2fc-425e-a025-da553d59bb8f","D11","BLUE","BLUE.AOS.groundwater.well.008","BLUE.W8.20190812.FIL","A00000104832","2019-08-12T19:16Z","2019-08-12T19:16Z","EcoCore_CSU","HCO3",460.8700,"milligramsPerLiter",2.6,,0,,"OK"
"9d0ceec6-4bce-4f60-9012-4d2bb8fb973e","D11","BLUE","BLUE.AOS.groundwater.well.008","BLUE.W8.20190812.FIL","A00000104832","2019-08-12T19:16Z","2019-08-12T19:16Z","EcoCore_CSU","Mg",21.4400,"milligramsPerLiter",2.6,,0,,"OK"
"bdc98f05-e295-40a8-a7f5-593214feaf93","D11","BLUE","BLUE.AOS.groundwater.well.008","BLUE.W8.20190812.FIL","A00000104832","2019-08-12T19:16Z","2019-08-12T19:16Z","EcoCore_CSU","Fe",0.0130,"milligramsPerLiter",2.6,,0,,"OK"
"0de14a88-b613-4835-8057-a83cbe9d0874","D11","BLUE","BLUE.AOS.groundwater.well.008","BLUE.W8.20190812.FIL","A00000104832","2019-08-12T19:16Z","2019-08-12T19:16Z","EcoCore_CSU","Mn",0.0350,"milligramsPerLiter",2.6,,0,,"OK"
"ecd21611-9396-4733-80ae-ac8f46a72c39","D11","BLUE","BLUE.AOS.groundwater.well.008","BLUE.W8.20190812.FIL","A00000104832","2019-08-12T19:16Z","2019-08-12T19:16Z","EcoCore_CSU","UV Absorbance (250 nm)",0.0338,,2.6,,0,,"OK"
"013d3911-dc9c-4605-ab36-d10b4fb65368","D11","BLUE","BLUE.AOS.groundwater.well.008","BLUE.W8.20190812.FIL","A00000104832","2019-08-12T19:16Z","2019-08-12T19:16Z","EcoCore_CSU","UV Absorbance (280 nm)",0.0202,,3.2,,0,,"OK"
"cbe017d3-25e5-4409-8c66-0b56c3dc81bc","D11","BLUE","BLUE.AOS.groundwater.well.008","BLUE.W8.20190812.FIL","A00000104832","2019-08-12T19:16Z","2019-08-12T19:16Z","EcoCore_CSU","Ortho - P",0.0340,"milligramsPerLiter",2.6,,0,,"OK"
"f49ed35d-1a9a-46d3-8930-0ab2ac153c9a","D11","BLUE","BLUE.AOS.groundwater.well.008","BLUE.W8.20190812.FIL","A00000104832","2019-08-12T19:16Z","2019-08-12T19:16Z","EcoCore_CSU","NO2 - N",-0.0039,"milligramsPerLiter",2.6,,0,,"OK"
"fdeb20db-1f51-42cc-9523-3f6f6df479f7","D11","BLUE","BLUE.AOS.groundwater.well.008","BLUE.W8.20190812.FIL","A00000104832","2019-08-12T19:16Z","2019-08-12T19:16Z","EcoCore_CSU","NO3+NO2 - N",0.0088,"milligramsPerLiter",2.6,,0,,"OK"
"08970b0d-dcf3-4626-88d6-56fd55e89761","D11","BLUE","BLUE.AOS.groundwater.well.008","BLUE.W8.20190812.FIL","A00000104832","2019-08-12T19:16Z","2019-08-12T19:16Z","EcoCore_CSU","NH4 - N",-0.0028,"milligramsPerLiter",2.6,,0,,"OK"
"7c813ef8-173d-4936-adaf-49b9b92fee4c","D11","BLUE","BLUE.AOS.groundwater.well.008","BLUE.W8.20190812.PCN","A00000105085","2019-08-12T19:16Z","2019-08-12T19:16Z","EcoCore_CSU","TPN",0.1418,"milligram",2.6,,0,,"OK"
"4aa7945b-ea97-4bbc-888d-5b2c7e7faa33","D11","BLUE","BLUE.AOS.groundwater.well.008","BLUE.W8.20190812.PCN","A00000105085","2019-08-12T19:16Z","2019-08-12T19:16Z","EcoCore_CSU","TPC",0.9911,"milligram",2.6,,0,,"OK"
"bf04ee7e-ecfe-4209-aef8-d4ea8162012a","D11","BLUE","BLUE.AOS.groundwater.well.008","BLUE.W8.20190812.RAW","A00000104698","2019-08-12T19:16Z","2019-08-12T19:16Z","EcoCore_CSU","ANC",7.8200,"milliequivalentsPerLiter",2.6,,0,,"OK"
"5ce00495-6d97-4795-aec2-ea8dd47d1449","D11","BLUE","BLUE.AOS.groundwater.well.008","BLUE.W8.20190812.RAW","A00000104698","2019-08-12T19:16Z","2019-08-12T19:16Z","EcoCore_CSU","TP",0.0870,"milligramsPerLiter",2.6,,0,,"OK"
"67eccdf4-3a98-4d8f-85e5-4cb44fd014df","D11","BLUE","BLUE.AOS.groundwater.well.008","BLUE.W8.20190812.RAW","A00000104698","2019-08-12T19:16Z","2019-08-12T19:16Z","EcoCore_CSU","conductivity",695.1000,"microsiemensPerCentimeter",2.6,,0,,"OK"
"8b2841dc-b876-4aee-b69c-b7b9b446f09e","D11","BLUE","BLUE.AOS.groundwater.well.008","BLUE.W8.20190812.RAW","A00000104698","2019-08-12T19:16Z","2019-08-12T19:16Z","EcoCore_CSU","pH",7.3300,"pH",2.6,,0,,"OK"
"5dde0b52-a89d-401e-9af9-beaecdcc1db3","D11","BLUE","BLUE.AOS.groundwater.well.008","BLUE.W8.20190812.RAW","A00000104698","2019-08-12T19:16Z","2019-08-12T19:16Z","EcoCore_CSU","TN",0.0771,"milligramsPerLiter",2.6,,0,,"OK"
"575b2655-cae4-4b34-9eaa-d90ba1e06dde","D11","BLUE","BLUE.AOS.groundwater.well.008","BLUE.W8.20190812.RAW","A00000104698","2019-08-12T19:16Z","2019-08-12T19:16Z","EcoCore_CSU","TOC",1.1090,"milligramsPerLiter",2.6,,0,,"OK"
"6ed57238-c1bc-4d23-b965-6c25f6ea2ce4","D11","BLUE","BLUE.AOS.groundwater.well.008","BLUE.W8.20190812.RAW","A00000104698","2019-08-12T19:16Z","2019-08-12T19:16Z","EcoCore_CSU","TSS",48.0000,"milligramsPerLiter",2.6,,0,,"OK"
"db4415f3-5d34-49bc-94bc-b604b7ad67f6","D11","BLUE","BLUE.AOS.groundwater.well.008","BLUE.W8.20190812.RAW","A00000104698","2019-08-12T19:16Z","2019-08-12T19:16Z","EcoCore_CSU","TSS - Dry Mass",2400.0000,"microgram",2.6,,0,,"OK"
"46453103-afe4-4542-91ad-1a309d52a2f1","D11","BLUE","BLUE.AOS.groundwater.well.004","BLUE.W4.20190814.FIL","B00000002278","2019-08-14T17:49Z","2019-08-14T17:49Z","EcoCore_CSU","F",2.6800,"milligramsPerLiter",1.8,,0,,"OK"
"f9e52223-c9e8-480d-a5e0-718ecb0e81cd","D11","BLUE","BLUE.AOS.groundwater.well.004","BLUE.W4.20190814.RAW","A00000104685","2019-08-14T17:49Z","2019-08-14T17:49Z","EcoCore_CSU","TP",0.1660,"milligramsPerLiter",1.8,,0,,"OK"
"cd6e256a-8b9e-4759-a0dd-d2872d7bfb0a","D11","BLUE","BLUE.AOS.groundwater.well.004","BLUE.W4.20190814.RAW","A00000104685","2019-08-14T17:49Z","2019-08-14T17:49Z","EcoCore_CSU","pH",7.2600,"pH",1.8,,0,,"OK"
"3bfb9204-4877-40dc-8e0b-48cd58047ac5","D11","BLUE","BLUE.AOS.groundwater.well.004","BLUE.W4.20190814.RAW","A00000104685","2019-08-14T17:49Z","2019-08-14T17:49Z","EcoCore_CSU","TSS - Dry Mass",4000.0000,"microgram",1.8,,0,,"OK"
"e54aaaa2-50c7-4022-ad32-b6f7b17088ca","D11","BLUE","BLUE.AOS.groundwater.well.004","BLUE.W4.20190814.RAW","A00000104685","2019-08-14T17:49Z","2019-08-14T17:49Z","EcoCore_CSU","TSS",80.0000,"milligramsPerLiter",1.8,,0,,"OK"
"1617177e-41c5-4d1c-b8d8-91717a4c415c","D11","BLUE","BLUE.AOS.groundwater.well.004","BLUE.W4.20190814.RAW","A00000104685","2019-08-14T17:49Z","2019-08-14T17:49Z","EcoCore_CSU","conductivity",794.3000,"microsiemensPerCentimeter",1.8,,0,,"OK"
"ee87adcb-39d3-4425-a9aa-5568a40fb3a0","D11","BLUE","BLUE.AOS.groundwater.well.004","BLUE.W4.20190814.RAW","A00000104685","2019-08-14T17:49Z","2019-08-14T17:49Z","EcoCore_CSU","ANC",8.7500,"milliequivalentsPerLiter",1.8,,0,,"OK"
"7b831e15-19ae-4585-9b40-4a43438dc53c","D11","BLUE","BLUE.AOS.groundwater.well.004","BLUE.W4.20190814.RAW","A00000104685","2019-08-14T17:49Z","2019-08-14T17:49Z","EcoCore_CSU","TN",0.1025,"milligramsPerLiter",1.8,,0,,"OK"
"ebafcc70-1ef0-4cf6-a740-ee043a8dfb22","D11","BLUE","BLUE.AOS.groundwater.well.004","BLUE.W4.20190814.PCN","A00000105086","2019-08-14T17:49Z","2019-08-14T17:49Z","EcoCore_CSU","TPC",0.3277,"milligram",1.8,,0,,"OK"
"ed1e8527-02f9-419a-9dee-b2fee5fbeda0","D11","BLUE","BLUE.AOS.groundwater.well.004","BLUE.W4.20190814.PCN","A00000105086","2019-08-14T17:49Z","2019-08-14T17:49Z","EcoCore_CSU","TPN",0.1155,"milligram",1.8,,0,,"OK"
"5186602c-bb78-4ff6-874d-4c5f3913c76a","D11","BLUE","BLUE.AOS.groundwater.well.004","BLUE.W4.20190814.FIL","B00000002278","2019-08-14T17:49Z","2019-08-14T17:49Z","EcoCore_CSU","NH4 - N",0.0099,"milligramsPerLiter",1.8,,0,,"OK"
"e5d10e77-e021-4bb1-87e2-a6714279e4fd","D11","BLUE","BLUE.AOS.groundwater.well.004","BLUE.W4.20190814.FIL","B00000002278","2019-08-14T17:49Z","2019-08-14T17:49Z","EcoCore_CSU","Ortho - P",0.0240,"milligramsPerLiter",1.8,,0,,"OK"
"017e46cf-3dfc-420f-90f8-7131950b86de","D11","BLUE","BLUE.AOS.groundwater.well.004","BLUE.W4.20190814.FIL","B00000002278","2019-08-14T17:49Z","2019-08-14T17:49Z","EcoCore_CSU","NO3+NO2 - N",0.0063,"milligramsPerLiter",1.8,,0,,"OK"
"85d86d5f-5417-44ed-8755-2f231eabdac6","D11","BLUE","BLUE.AOS.groundwater.well.004","BLUE.W4.20190814.FIL","B00000002278","2019-08-14T17:49Z","2019-08-14T17:49Z","EcoCore_CSU","NO2 - N",-0.0040,"milligramsPerLiter",1.8,,0,,"OK"
"0751be38-e14a-49d6-b1f3-8763b161bdca","D11","BLUE","BLUE.AOS.groundwater.well.004","BLUE.W4.20190814.FIL","B00000002278","2019-08-14T17:49Z","2019-08-14T17:49Z","EcoCore_CSU","UV Absorbance (280 nm)",0.0185,,2.6,,0,,"OK"
"e69d847f-c1b4-4545-b3ec-5e76e1f12f66","D11","BLUE","BLUE.AOS.groundwater.well.004","BLUE.W4.20190814.FIL","B00000002278","2019-08-14T17:49Z","2019-08-14T17:49Z","EcoCore_CSU","UV Absorbance (250 nm)",0.0218,,1.8,,0,,"OK"
"f944caa1-303b-4aed-88a3-e0038ca9fa52","D11","BLUE","BLUE.AOS.groundwater.well.004","BLUE.W4.20190814.FIL","B00000002278","2019-08-14T17:49Z","2019-08-14T17:49Z","EcoCore_CSU","Fe",0.0190,"milligramsPerLiter",1.8,,0,,"OK"
"58283c21-543e-49aa-b081-e34450c89888","D11","BLUE","BLUE.AOS.groundwater.well.004","BLUE.W4.20190814.FIL","B00000002278","2019-08-14T17:49Z","2019-08-14T17:49Z","EcoCore_CSU","TDN",0.1069,"milligramsPerLiter",1.8,,0,,"OK"
"448e7f99-99b2-4dc4-8349-f84e0c03618c","D11","BLUE","BLUE.AOS.groundwater.well.004","BLUE.W4.20190814.FIL","B00000002278","2019-08-14T17:49Z","2019-08-14T17:49Z","EcoCore_CSU","DOC",1.4490,"milligramsPerLiter",1.8,,0,,"OK"
"d8326b99-89ee-486e-bcd6-a36cf58f779a","D11","BLUE","BLUE.AOS.groundwater.well.004","BLUE.W4.20190814.FIL","B00000002278","2019-08-14T17:49Z","2019-08-14T17:49Z","EcoCore_CSU","DIC",123.1000,"milligramsPerLiter",1.8,,0,,"OK"
"3b0bd5a4-550c-40e1-abc9-11c452bd8322","D11","BLUE","BLUE.AOS.groundwater.well.004","BLUE.W4.20190814.FIL","B00000002278","2019-08-14T17:49Z","2019-08-14T17:49Z","EcoCore_CSU","HCO3",525.6700,"milligramsPerLiter",1.8,,0,,"OK"
"2d4ce2cb-a55c-4d79-a950-eb82639cd692","D11","BLUE","BLUE.AOS.groundwater.well.004","BLUE.W4.20190814.FIL","B00000002278","2019-08-14T17:49Z","2019-08-14T17:49Z","EcoCore_CSU","Br",0.0050,"milligramsPerLiter",1.8,,0,,"OK"
"f57e8f80-ab47-4858-bb30-66ad50d9bd7a","D11","BLUE","BLUE.AOS.groundwater.well.004","BLUE.W4.20190814.FIL","B00000002278","2019-08-14T17:49Z","2019-08-14T17:49Z","EcoCore_CSU","Cl",0.0100,"milligramsPerLiter",1.8,,0,,"OK"
"fdb824f4-ff93-44a3-9f4e-89f06affbdc5","D11","BLUE","BLUE.AOS.groundwater.well.004","BLUE.W4.20190814.FIL","B00000002278","2019-08-14T17:49Z","2019-08-14T17:49Z","EcoCore_CSU","SO4",5.9100,"milligramsPerLiter",1.8,,0,,"OK"
"6730ea5f-baa4-4f20-82df-89400709e060","D11","BLUE","BLUE.AOS.groundwater.well.004","BLUE.W4.20190814.FIL","B00000002278","2019-08-14T17:49Z","2019-08-14T17:49Z","EcoCore_CSU","Mn",0.2090,"milligramsPerLiter",1.8,,0,,"OK"
"e8f3f4ae-cfa3-4ec5-9b36-d6a9fa1d809d","D11","BLUE","BLUE.AOS.groundwater.well.004","BLUE.W4.20190814.RAW","A00000104685","2019-08-14T17:49Z","2019-08-14T17:49Z","EcoCore_CSU","TOC",1.6760,"milligramsPerLiter",1.8,,0,,"OK"
"522fbe93-370e-43cf-aeab-0a45d682a473","D11","BLUE","BLUE.AOS.groundwater.well.004","BLUE.W4.20190814.FIL","B00000002278","2019-08-14T17:49Z","2019-08-14T17:49Z","EcoCore_CSU","Mg",38.2900,"milligramsPerLiter",1.8,,0,,"OK"
"98121abb-37e1-4d59-a128-b6b30f542cda","D11","BLUE","BLUE.AOS.groundwater.well.004","BLUE.W4.20190814.FIL","B00000002278","2019-08-14T17:49Z","2019-08-14T17:49Z","EcoCore_CSU","TDP",0.0240,"milligramsPerLiter",1.8,,0,,"OK"
"b06b6d7c-340e-44a6-8d65-3ac833c5d0cf","D11","BLUE","BLUE.AOS.groundwater.well.004","BLUE.W4.20190814.FIL","B00000002278","2019-08-14T17:49Z","2019-08-14T17:49Z","EcoCore_CSU","TDS",557.1000,"milligramsPerLiter",1.8,,0,,"OK"
"934b5127-c80c-4c46-9be2-faf713fc5c2b","D11","BLUE","BLUE.AOS.groundwater.well.004","BLUE.W4.20190814.FIL","B00000002278","2019-08-14T17:49Z","2019-08-14T17:49Z","EcoCore_CSU","CO3",0.0050,"milligramsPerLiter",1.8,,0,,"OK"
"ad683797-718c-46c2-b7db-c21a61e8e2ff","D11","BLUE","BLUE.AOS.groundwater.well.004","BLUE.W4.20190814.FIL","B00000002278","2019-08-14T17:49Z","2019-08-14T17:49Z","EcoCore_CSU","K",0.3750,"milligramsPerLiter",1.8,,0,,"OK"
"6b40f5f8-93df-417a-bc10-4a1ff3c8ac2e","D11","BLUE","BLUE.AOS.groundwater.well.004","BLUE.W4.20190814.FIL","B00000002278","2019-08-14T17:49Z","2019-08-14T17:49Z","EcoCore_CSU","Na",4.4040,"milligramsPerLiter",1.8,,0,,"OK"
"df5eeef1-b996-4d92-910a-059d9944c106","D11","BLUE","BLUE.AOS.groundwater.well.004","BLUE.W4.20190814.FIL","B00000002278","2019-08-14T17:49Z","2019-08-14T17:49Z","EcoCore_CSU","Ca",107.8550,"milligramsPerLiter",1.8,,0,,"OK"
"1141f0e2-8280-4d63-a744-3a4be8d8ac5e","D11","BLUE","BLUE.AOS.groundwater.well.004","BLUE.W4.20190814.FIL","B00000002278","2019-08-14T17:49Z","2019-08-14T17:49Z","EcoCore_CSU","Si",13.7900,"milligramsPerLiter",1.8,,0,,"OK"
"90422785-7a90-4eac-910b-dc145ca50da2","D11","BLUE","BLUE.AOS.groundwater.well.007","BLUE.W7.20190815.RAW","A00000104697","2019-08-15T16:30Z","2019-08-15T16:30Z","EcoCore_CSU","TN",0.3394,"milligramsPerLiter",0.5,,0,,"OK"
"a25f81a0-6006-415c-9787-81d71e792fa2","D11","BLUE","BLUE.AOS.groundwater.well.007","BLUE.W7.20190815.FIL","A00000104705","2019-08-15T16:30Z","2019-08-15T16:30Z","EcoCore_CSU","Ortho - P",-0.0130,"milligramsPerLiter",0.5,,0,,"OK"
"af70ceb9-ac0a-4cef-be0d-52a7d4a2fc47","D11","BLUE","BLUE.AOS.groundwater.well.007","BLUE.W7.20190815.RAW","A00000104697","2019-08-15T16:30Z","2019-08-15T16:30Z","EcoCore_CSU","TSS - Dry Mass",272700.0000,"microgram",0.5,,0,,"OK"
"b4ec4877-e7f8-4233-b95d-643c3ba50a58","D11","BLUE","BLUE.AOS.groundwater.well.007","BLUE.W7.20190815.FIL","A00000104705","2019-08-15T16:30Z","2019-08-15T16:30Z","EcoCore_CSU","DOC",5.3060,"milligramsPerLiter",0.5,,0,,"OK"
"23676d48-18a1-4814-b7f2-8d86a89a7b9b","D11","BLUE","BLUE.AOS.groundwater.well.007","BLUE.W7.20190815.FIL","A00000104705","2019-08-15T16:30Z","2019-08-15T16:30Z","EcoCore_CSU","UV Absorbance (250 nm)",1.8828,,0.5,,0,,"OK"
"7ae9402b-8638-4d4f-8fd9-4e340e67129d","D11","BLUE","BLUE.AOS.groundwater.well.007","BLUE.W7.20190815.RAW","A00000104697","2019-08-15T16:30Z","2019-08-15T16:30Z","EcoCore_CSU","TSS",5454.0000,"milligramsPerLiter",0.5,,0,,"OK"
"8243a545-fe8c-4984-8525-25e4843799e1","D11","BLUE","BLUE.AOS.groundwater.well.007","BLUE.W7.20190815.RAW","A00000104697","2019-08-15T16:30Z","2019-08-15T16:30Z","EcoCore_CSU","pH",7.6000,"pH",0.5,,0,,"OK"
"4d1f3ac2-a625-444c-9313-409072196c97","D11","BLUE","BLUE.AOS.groundwater.well.007","BLUE.W7.20190815.FIL","A00000104705","2019-08-15T16:30Z","2019-08-15T16:30Z","EcoCore_CSU","NO2 - N",-0.0010,"milligramsPerLiter",0.5,,0,,"OK"
"fa2ceb5e-2cb5-446c-bdd3-b8c893453c2a","D11","BLUE","BLUE.AOS.groundwater.well.007","BLUE.W7.20190815.FIL","A00000104705","2019-08-15T16:30Z","2019-08-15T16:30Z","EcoCore_CSU","TDN",0.4060,"milligramsPerLiter",0.5,,0,,"OK"
"979498bc-f4eb-4e7b-a6e0-bfa5d6595d66","D11","BLUE","BLUE.AOS.groundwater.well.007","BLUE.W7.20190815.RAW","A00000104697","2019-08-15T16:30Z","2019-08-15T16:30Z","EcoCore_CSU","TOC",4.3450,"milligramsPerLiter",0.5,,0,,"OK"
"396747cd-aa84-4500-9e1a-2742042e82b7","D11","BLUE","BLUE.AOS.groundwater.well.007","BLUE.W7.20190815.FIL","A00000104705","2019-08-15T16:30Z","2019-08-15T16:30Z","EcoCore_CSU","DIC",99.4200,"milligramsPerLiter",0.5,,0,,"OK"
"a210e434-e393-40d5-bef0-22c949fdda5b","D11","BLUE","BLUE.AOS.groundwater.well.007","BLUE.W7.20190815.RAW","A00000104697","2019-08-15T16:30Z","2019-08-15T16:30Z","EcoCore_CSU","conductivity",666.7000,"microsiemensPerCentimeter",0.5,,0,,"OK"
"1e5fafe9-b2c0-41f6-ba38-d9411aea0b6d","D11","BLUE","BLUE.AOS.groundwater.well.007","BLUE.W7.20190815.FIL","A00000104705","2019-08-15T16:30Z","2019-08-15T16:30Z","EcoCore_CSU","NH4 - N",0.0483,"milligramsPerLiter",0.5,,0,,"OK"
"660b99b4-06a3-4210-ad74-e69965eef284","D11","BLUE","BLUE.AOS.groundwater.well.007","BLUE.W7.20190815.FIL","A00000104705","2019-08-15T16:30Z","2019-08-15T16:30Z","EcoCore_CSU","UV Absorbance (280 nm)",1.5047,,0.5,,0,,"OK"
"e59e207e-941c-4db2-a2d4-786b12bb8342","D11","BLUE","BLUE.AOS.groundwater.well.007","BLUE.W7.20190815.FIL","A00000104705","2019-08-15T16:30Z","2019-08-15T16:30Z","EcoCore_CSU","NO3+NO2 - N",0.0111,"milligramsPerLiter",0.5,,0,,"OK"
"1955ed63-8a4d-4989-8942-8a044f1dc9b3","D11","BLUE","BLUE.AOS.groundwater.well.007","BLUE.W7.20190815.RAW","A00000104697","2019-08-15T16:30Z","2019-08-15T16:30Z","EcoCore_CSU","TP",2.3890,"milligramsPerLiter",0.5,,0,,"OK"
"c0e39dd4-b629-4b5a-90c5-ad81cdf12e93","D11","BLUE","BLUE.AOS.groundwater.well.007","BLUE.W7.20190815.RAW","A00000104697","2019-08-15T16:30Z","2019-08-15T16:30Z","EcoCore_CSU","ANC",12.1100,"milliequivalentsPerLiter",0.5,,0,,"OK"
