uid,domainID,siteID,namedLocation,decimalLatitude,decimalLongitude,coordinateUncertainty,elevation,elevationUncertainty,geodeticDatum,collectDate,aquaticSiteType,samplingImpractical,waterChemSamplesCollected,adequateSampleVol,parentSampleID,eventID,swcSamplingProtocolVersion,sampleExtractionMethod,samplerType,totalWellDepth,wellWaterDepth,waterColumnHeight,sampleDepth,purgeAverageDischargeRate,purgeTime,gwWellStabilized,purgeDryDateTime,pumpPlacementDate,screenedIntervalDepth,maxAllowableDrawdown,actualDrawdown,MADExceeded,wellVolumePurged,probeIDUnavailable,dissolvedOxygen,dissolvedOxygenSaturation,specificConductance,waterTemp,pH,waterClarityDescrip,waterColorDescrip,aCollectedBy,bCollectedBy,remarks
"0e3a6b9c-35f8-4cd5-a7ab-590bebe6e0e1","D11","BLUE","BLUE.AOS.groundwater.well.002",34.446111,-96.623311,0.1,291.6,0.1,"WGS84","2019-08-12T17:25Z","stream",,,"Y","BLUE.W2.20190812","BLUE.20190812","NEON.DOC.002905vF","low-flow","Groundwater Pump",5.5,3.9,1.7,4.9,,,,,,,,,,8.8,,0.14,1.60,823.00,19.70,7.87,"clear","colorless","0000-0002-1844-4553","0000-0003-2362-0002",
"c762a817-e492-4158-8840-a310a1975d2f","D11","BLUE","BLUE.AOS.groundwater.well.008",34.443348,-96.624022,0.1,291.3,0.1,"WGS84","2019-08-12T19:16Z","stream",,,"Y","BLUE.W8.20190812","BLUE.20190812","NEON.DOC.002905vF","low-flow","Groundwater Pump",5.5,3.0,2.4,4.0,,,,,,,,,,6.2,,0.18,2.10,718.00,22.30,6.97,"opaque","gray","0000-0002-1844-4553","0000-0002-1602-2154",
"f90760ba-5ce3-40ce-b923-de2eef4167d8","D11","BLUE","BLUE.AOS.groundwater.well.004",34.445056,-96.624051,0.1,290.5,0.1,"WGS84","2019-08-14T17:49Z","stream",,,"Y","BLUE.W4.20190814","BLUE.20190814","NEON.DOC.002905vF","low-flow","Groundwater Pump",5.0,2.9,2.1,3.9,,,,,,,,,,10.1,,0.12,1.30,817.00,21.50,7.09,"cloudy","colorless","0000-0003-2362-0002","0000-0002-2086-5736",
"6998ef7d-9757-4989-8f4e-2c115ced78f2","D11","BLUE","BLUE.AOS.groundwater.well.007",34.444236,-96.625146,0.1,291.6,0.1,"WGS84","2019-08-14T19:30Z","stream","shallow groundwater",,"N","BLUE.W7.20190814","BLUE.20190814","NEON.DOC.002905vF","low-flow","Groundwater Pump",4.7,4.2,0.5,4.2,,,,,,,,,,,,,,,,,,,"0000-0002-1602-2154","0000-0002-2086-5736",
"8c9c4f9e-3abc-48bb-bda0-4be10c1541ea","D11","BLUE","BLUE.AOS.groundwater.well.007",34.444236,-96.625146,0.1,291.6,0.1,"WGS84","2019-08-15T16:30Z","stream",,,"N","BLUE.W7.20190815","BLUE.20190815","NEON.DOC.002905vF","bailer tube","Groundwater Bailer Tube",4.7,4.2,0.5,,,,,,,,,,,1.3,,1.14,12.70,678.00,21.10,7.16,"clear","brown","0000-0003-2362-0002","0000-0002-1602-2154",
