uid,domainID,siteID,namedLocation,collectDate,titrationDate,parentSampleID,domainSampleID,remarks,measuredBy,alkMeqPerL,alkMgPerL,ancMeqPerL,ancMgPerL
"d3df4bb2-25d0-4ec0-af27-1c6182e70ba5","D11","BLUE","BLUE.AOS.groundwater.well.002","2019-08-12T17:25Z","2019-08-13T15:23Z","BLUE.W2.20190812","BLUE.W2.20190812.ALK",,"kjones03@battelleecology.org",7.890,395.000,,
"abada4cf-7c81-4430-8126-89928972f37b","D11","BLUE","BLUE.AOS.groundwater.well.008","2019-08-12T19:16Z","2019-08-13T15:53Z","BLUE.W8.20190812","BLUE.W8.20190812.ALK",,"kjones03@battelleecology.org",7.930,397.000,,
"5ee6937a-94e8-4ff9-9123-f84b2f3e87fb","D11","BLUE","BLUE.AOS.groundwater.well.004","2019-08-14T17:49Z","2019-08-15T15:57Z","BLUE.W4.20190814","BLUE.W4.20190814.ALK","Lovibond Cartridge","kjones03@battelleecology.org",9.810,491.000,,
"fc77282a-ea92-4015-ab55-982cf9fcad6d","D11","BLUE","BLUE.AOS.groundwater.well.007","2019-08-15T16:30Z","2019-08-16T16:15Z","BLUE.W7.20190815","BLUE.W7.20190815.ALK","Lovibond cartridge","nfenster@batteelleecology.org",7.440,373.000,,
