uid,domainID,siteID,namedLocation,collectDate,parentSampleID,sampleCondition,sampleID,replicateNumber,gwwDICBubbleFree,gwwFiltSampleHeadspace,gwwAlkSampleHeadspace,gwwAlkSampleBubbleFree,processedDate,processedDateFilters,sampleVolumeFiltered,shipmentTimeRange
"5b4fdcfc-6044-427d-a955-102bead6d063","D11","BLUE","BLUE.AOS.groundwater.well.002","2019-08-12T17:25Z","BLUE.W2.20190812","Sample condition ok","BLUE.W2.20190812",,,,,,"2019-08-12T17:38Z","2019-08-12T17:30Z",500.0,
"9ac28ff4-afc6-437a-84fd-b521061410f3","D11","BLUE","BLUE.AOS.groundwater.well.008","2019-08-12T19:16Z","BLUE.W8.20190812","Sample condition ok","BLUE.W8.20190812",,,,,,"2019-08-12T19:34Z","2019-08-12T19:34Z",250.0,
"e790492b-f4bc-41a8-9891-7bd46bdc12c6","D11","BLUE","BLUE.AOS.groundwater.well.004","2019-08-14T17:49Z","BLUE.W4.20190814","Sample condition ok","BLUE.W4.20190814",1,,,,,"2019-08-14T17:49Z","2019-08-14T18:10Z",250.0,
"76610086-4715-451c-8af6-08b2a36a27b2","D11","BLUE","BLUE.AOS.groundwater.well.007","2019-08-15T16:30Z","BLUE.W7.20190815","Sample condition ok","BLUE.W7.20190815",1,,"N","N",,"2019-08-15T16:30Z",,,
