uid,domainID,siteID,namedLocation,decimalLatitude,decimalLongitude,coordinateUncertainty,elevation,elevationUncertainty,geodeticDatum,collectDate,aquaticSiteType,samplingImpractical,waterChemSamplesCollected,adequateSampleVol,parentSampleID,eventID,swcSamplingProtocolVersion,sampleExtractionMethod,samplerType,totalWellDepth,wellWaterDepth,waterColumnHeight,sampleDepth,purgeAverageDischargeRate,purgeTime,gwWellStabilized,purgeDryDateTime,pumpPlacementDate,screenedIntervalDepth,maxAllowableDrawdown,actualDrawdown,MADExceeded,wellVolumePurged,probeIDUnavailable,dissolvedOxygen,dissolvedOxygenSaturation,specificConductance,waterTemp,pH,waterClarityDescrip,waterColorDescrip,aCollectedBy,bCollectedBy,remarks
"63087198-25e5-4b9f-b887-8132144c53fb","D05","CRAM","CRAM.AOS.groundwater.well.006",46.205626,-89.477075,0.1,519.1,0.1,"WGS84","2019-05-21T16:12Z","lake",,,"Y","CRAM.W6.20190521","CRAM.20190521","NEON.DOC.002905vF","low-flow","Groundwater Pump",12.3,11.0,1.3,11.8,,,,,,,,,,1.4,,6.69,67.70,173.90,14.00,7.11,"cloudy","brown","0000-0001-8490-5154","0000-0001-8490-5154",
"02b06abb-1e71-41ce-83fa-d75fc552bf2f","D05","CRAM","CRAM.AOS.groundwater.well.001",46.212818,-89.477093,0.1,515.4,0.1,"WGS84","2019-05-21T17:49Z","lake",,,"Y","CRAM.W1.20190521","CRAM.20190521","NEON.DOC.002905vF","low-flow","Groundwater Pump",9.2,7.9,1.3,8.7,,,,,,,,,,2.5,,8.86,82.00,71.50,9.90,6.73,"cloudy","colorless","0000-0001-8490-5154",,
"5780894d-d287-4a05-ae07-80cbc65c6673","D05","CRAM","CRAM.AOS.groundwater.well.003",46.211158,-89.478550,0.1,516.2,0.1,"WGS84","2019-05-21T19:27Z","lake",,,"Y","CRAM.W3.20190521","CRAM.20190521","NEON.DOC.002905vF","low-flow","Groundwater Pump",6.2,4.3,1.9,5.3,,,,,,,,,,2.8,,11.12,97.10,29.80,6.50,6.15,"cloudy","brown","0000-0001-8490-5154",,
"af89c1ba-0983-4b19-b14e-2c202f8022f1","D05","CRAM","CRAM.AOS.groundwater.well.005",46.207591,-89.478786,0.1,518.6,0.1,"WGS84","2019-05-21T21:02Z","lake",,,"Y","CRAM.W5.20190521","CRAM.20190521","NEON.DOC.002905vF","low-flow","Groundwater Pump",12.3,11.3,1.0,11.8,,,,,,,,,,0.8,,1.87,18.20,162.70,11.70,6.94,"cloudy","colorless","0000-0001-8490-5154","0000-0001-8490-5154",
