uid,domainID,siteID,namedLocation,collectDate,parentSampleID,sampleCondition,sampleID,replicateNumber,gwwDICBubbleFree,gwwFiltSampleHeadspace,gwwAlkSampleHeadspace,gwwAlkSampleBubbleFree,processedDate,processedDateFilters,sampleVolumeFiltered,shipmentTimeRange
"2e0ef7bc-aa0a-45d7-b65d-48401a29dd73","D05","CRAM","CRAM.AOS.groundwater.well.006","2019-05-21T16:12Z","CRAM.W6.20190521","Sample condition ok","CRAM.W6.20190521",1,,,,,"2019-05-21T16:12Z","2019-05-21T16:12Z",100.0,
"9d44c006-bce5-45c2-8ccf-1d6300e83ad8","D05","CRAM","CRAM.AOS.groundwater.well.001","2019-05-21T17:49Z","CRAM.W1.20190521","Sample condition ok","CRAM.W1.20190521",1,,,,,"2019-05-21T17:49Z","2019-05-21T17:49Z",300.0,
"c1df1283-4dd3-41c0-999b-18e6fc660a30","D05","CRAM","CRAM.AOS.groundwater.well.003","2019-05-21T19:27Z","CRAM.W3.20190521","Sample condition ok","CRAM.W3.20190521",1,,,,,"2019-05-21T19:27Z","2019-05-21T19:49Z",10.0,
"3c67b703-2326-4d65-b898-09be50175e3f","D05","CRAM","CRAM.AOS.groundwater.well.005","2019-05-21T21:02Z","CRAM.W5.20190521","Sample condition ok","CRAM.W5.20190521",1,,,,,"2019-05-21T21:02Z","2019-05-21T21:35Z",70.0,
