uid,domainID,siteID,namedLocation,sampleID,sampleCode,startDate,collectDate,laboratoryName,analyte,analyteConcentration,analyteUnits,coolerTemp,remarks,shipmentWarmQF,externalLabDataQF,sampleCondition
"8ffbaceb-a21c-4cc1-aea0-10515dbd8eae","D05","CRAM","CRAM.AOS.groundwater.well.006","CRAM.W6.20190521.RAW","A00000040634","2019-05-21T16:12Z","2019-05-21T16:12Z","EcoCore_CSU","pH",7.3200,"pH",3.8,,0,"formatChange","GOOD"
"513195c1-4984-48f6-850b-ea46b39d28e5","D05","CRAM","CRAM.AOS.groundwater.well.006","CRAM.W6.20190521.PCN","A00000076292","2019-05-21T16:12Z","2019-05-21T16:12Z","EcoCore_CSU","TPN",0.0915,"milligram",3.8,,0,"formatChange","GOOD"
"4691be0b-5eec-46b3-a69b-8f50558c5443","D05","CRAM","CRAM.AOS.groundwater.well.006","CRAM.W6.20190521.RAW","A00000040634","2019-05-21T16:12Z","2019-05-21T16:12Z","EcoCore_CSU","TOC",1.7990,"milligramsPerLiter",3.8,,0,"formatChange","GOOD"
"7414ea2d-d871-4f5a-8b32-7f5a769d70e9","D05","CRAM","CRAM.AOS.groundwater.well.006","CRAM.W6.20190521.FIL","A00000040658","2019-05-21T16:12Z","2019-05-21T16:12Z","EcoCore_CSU","Ca",27.9113,"milligramsPerLiter",3.8,,0,"formatChange","GOOD"
"701ef4f0-349b-43af-a06a-045d330e1d97","D05","CRAM","CRAM.AOS.groundwater.well.006","CRAM.W6.20190521.FIL","A00000040658","2019-05-21T16:12Z","2019-05-21T16:12Z","EcoCore_CSU","Mg",6.7740,"milligramsPerLiter",3.8,,0,"formatChange","GOOD"
"24b8b55f-b24c-4b77-8267-c715a62f2a3b","D05","CRAM","CRAM.AOS.groundwater.well.006","CRAM.W6.20190521.FIL","A00000040658","2019-05-21T16:12Z","2019-05-21T16:12Z","EcoCore_CSU","CO3",0.0050,"milligramsPerLiter",3.8,,0,"formatChange","GOOD"
"c0dd5807-2ff9-4cf2-a43e-c6fa0ff1ca52","D05","CRAM","CRAM.AOS.groundwater.well.006","CRAM.W6.20190521.FIL","A00000040658","2019-05-21T16:12Z","2019-05-21T16:12Z","EcoCore_CSU","Cl",1.9264,"milligramsPerLiter",3.8,,0,"formatChange","GOOD"
"be3b7b69-5df1-4cf6-8547-74b2d6c48925","D05","CRAM","CRAM.AOS.groundwater.well.006","CRAM.W6.20190521.FIL","A00000040658","2019-05-21T16:12Z","2019-05-21T16:12Z","EcoCore_CSU","NO2 - N",-0.0027,"milligramsPerLiter",3.8,,0,"formatChange","GOOD"
"6357a936-eae0-447b-be67-58fa449707fd","D05","CRAM","CRAM.AOS.groundwater.well.006","CRAM.W6.20190521.FIL","A00000040658","2019-05-21T16:12Z","2019-05-21T16:12Z","EcoCore_CSU","UV Absorbance (280 nm)",0.1464,,3.8,,0,"formatChange","GOOD"
"f98465bd-c593-40f3-84a9-2cb0fb0e7887","D05","CRAM","CRAM.AOS.groundwater.well.006","CRAM.W6.20190521.FIL","A00000040658","2019-05-21T16:12Z","2019-05-21T16:12Z","EcoCore_CSU","NH4 - N",0.0434,"milligramsPerLiter",3.8,,0,"formatChange","GOOD"
"8d11b79f-8b3c-433a-8ede-88388f881c92","D05","CRAM","CRAM.AOS.groundwater.well.006","CRAM.W6.20190521.RAW","A00000040634","2019-05-21T16:12Z","2019-05-21T16:12Z","EcoCore_CSU","TP",0.1661,"milligramsPerLiter",3.8,,0,"formatChange","GOOD"
"d6bfe608-7879-4eb6-ad94-8c7d6c36b3fb","D05","CRAM","CRAM.AOS.groundwater.well.006","CRAM.W6.20190521.RAW","A00000040634","2019-05-21T16:12Z","2019-05-21T16:12Z","EcoCore_CSU","conductivity",207.0500,"microsiemensPerCentimeter",3.8,,0,"formatChange","GOOD"
"c3a29940-2bbe-4c68-bb50-b3c57a49def9","D05","CRAM","CRAM.AOS.groundwater.well.006","CRAM.W6.20190521.FIL","A00000040658","2019-05-21T16:12Z","2019-05-21T16:12Z","EcoCore_CSU","NO3+NO2 - N",0.1311,"milligramsPerLiter",3.8,,0,"formatChange","GOOD"
"c618a233-3f9c-4660-ba0c-e246657718fc","D05","CRAM","CRAM.AOS.groundwater.well.006","CRAM.W6.20190521.FIL","A00000040658","2019-05-21T16:12Z","2019-05-21T16:12Z","EcoCore_CSU","TDN",0.3414,"milligramsPerLiter",3.8,,0,"formatChange","GOOD"
"92d3d39d-4053-4c1f-bf99-b1e86d5f7f10","D05","CRAM","CRAM.AOS.groundwater.well.006","CRAM.W6.20190521.FIL","A00000040658","2019-05-21T16:12Z","2019-05-21T16:12Z","EcoCore_CSU","Br",0.0050,"milligramsPerLiter",3.8,,0,"formatChange","GOOD"
"0e1a2fa5-bfcc-469a-92d9-504d2cb7b1e3","D05","CRAM","CRAM.AOS.groundwater.well.006","CRAM.W6.20190521.RAW","A00000040634","2019-05-21T16:12Z","2019-05-21T16:12Z","EcoCore_CSU","TSS",68.0000,"milligramsPerLiter",3.8,,0,"formatChange","GOOD"
"bb6326e4-3f6d-4c0d-ae8b-b01d5f5d481e","D05","CRAM","CRAM.AOS.groundwater.well.006","CRAM.W6.20190521.FIL","A00000040658","2019-05-21T16:12Z","2019-05-21T16:12Z","EcoCore_CSU","F",0.0050,"milligramsPerLiter",3.8,,0,"formatChange","GOOD"
"127db811-6f63-4466-93ec-4971cf3a8ff2","D05","CRAM","CRAM.AOS.groundwater.well.006","CRAM.W6.20190521.FIL","A00000040658","2019-05-21T16:12Z","2019-05-21T16:12Z","EcoCore_CSU","TDS",145.6900,"milligramsPerLiter",3.8,,0,"formatChange","GOOD"
"45c9b07b-b39e-4b56-90fc-cb05abaed43c","D05","CRAM","CRAM.AOS.groundwater.well.006","CRAM.W6.20190521.FIL","A00000040658","2019-05-21T16:12Z","2019-05-21T16:12Z","EcoCore_CSU","Na",2.0240,"milligramsPerLiter",3.8,,0,"formatChange","GOOD"
"afbaf5b9-e147-4f7a-9650-eb92578cf6bc","D05","CRAM","CRAM.AOS.groundwater.well.006","CRAM.W6.20190521.FIL","A00000040658","2019-05-21T16:12Z","2019-05-21T16:12Z","EcoCore_CSU","K",0.8250,"milligramsPerLiter",3.8,,0,"formatChange","GOOD"
"18dffdcd-61d4-4664-b21e-dfc8423f7697","D05","CRAM","CRAM.AOS.groundwater.well.006","CRAM.W6.20190521.RAW","A00000040634","2019-05-21T16:12Z","2019-05-21T16:12Z","EcoCore_CSU","TN",0.2433,"milligramsPerLiter",3.8,,0,"formatChange","GOOD"
"9c4a30db-7785-4b66-99d3-fc5340b65f9a","D05","CRAM","CRAM.AOS.groundwater.well.006","CRAM.W6.20190521.FIL","A00000040658","2019-05-21T16:12Z","2019-05-21T16:12Z","EcoCore_CSU","DOC",2.1290,"milligramsPerLiter",3.8,,0,"formatChange","GOOD"
"e3679d35-1af6-4f22-8bac-ca793d68d9a8","D05","CRAM","CRAM.AOS.groundwater.well.006","CRAM.W6.20190521.FIL","A00000040658","2019-05-21T16:12Z","2019-05-21T16:12Z","EcoCore_CSU","TDP",0.0468,"milligramsPerLiter",3.8,,0,"formatChange","GOOD"
"9762cb8d-7331-45fb-a296-eae34d7e33a2","D05","CRAM","CRAM.AOS.groundwater.well.006","CRAM.W6.20190521.RAW","A00000040634","2019-05-21T16:12Z","2019-05-21T16:12Z","EcoCore_CSU","ANC",1.2200,"milliequivalentsPerLiter",3.8,,0,"formatChange","GOOD"
"edecfcf4-71e2-46d3-ba11-129f87c1e5a6","D05","CRAM","CRAM.AOS.groundwater.well.006","CRAM.W6.20190521.PCN","A00000076292","2019-05-21T16:12Z","2019-05-21T16:12Z","EcoCore_CSU","TPC",0.2434,"milligram",3.8,,0,"formatChange","GOOD"
"5097ce81-0bf4-4365-96cc-481734707554","D05","CRAM","CRAM.AOS.groundwater.well.006","CRAM.W6.20190521.FIL","A00000040658","2019-05-21T16:12Z","2019-05-21T16:12Z","EcoCore_CSU","HCO3",69.5900,"milligramsPerLiter",3.8,,0,"formatChange","GOOD"
"0958e722-2933-49a5-bc31-6ec740a1efc4","D05","CRAM","CRAM.AOS.groundwater.well.006","CRAM.W6.20190521.FIL","A00000040658","2019-05-21T16:12Z","2019-05-21T16:12Z","EcoCore_CSU","Si",13.7992,"milligramsPerLiter",3.8,,0,"formatChange","GOOD"
"c020ee1a-3b30-4b83-9cf2-456c07f5db5a","D05","CRAM","CRAM.AOS.groundwater.well.006","CRAM.W6.20190521.FIL","A00000040658","2019-05-21T16:12Z","2019-05-21T16:12Z","EcoCore_CSU","Mn",0.0220,"milligramsPerLiter",3.8,,0,"formatChange","GOOD"
"cd246a5a-bd4b-45e8-86a8-0d4dc98d5a23","D05","CRAM","CRAM.AOS.groundwater.well.006","CRAM.W6.20190521.FIL","A00000040658","2019-05-21T16:12Z","2019-05-21T16:12Z","EcoCore_CSU","Fe",0.7067,"milligramsPerLiter",3.8,,0,"formatChange","GOOD"
"8a0f8cf7-b625-4275-a4f8-ed51fa2fd14f","D05","CRAM","CRAM.AOS.groundwater.well.006","CRAM.W6.20190521.FIL","A00000040658","2019-05-21T16:12Z","2019-05-21T16:12Z","EcoCore_CSU","Ortho - P",0.0500,"milligramsPerLiter",3.8,,0,"formatChange","GOOD"
"a400ba77-700b-4eff-9e86-7a141dc66519","D05","CRAM","CRAM.AOS.groundwater.well.006","CRAM.W6.20190521.FIL","A00000040658","2019-05-21T16:12Z","2019-05-21T16:12Z","EcoCore_CSU","DIC",27.7700,"milligramsPerLiter",3.8,,0,"formatChange","GOOD"
"bd3203da-5f82-4d4a-932a-24f4a48ac92b","D05","CRAM","CRAM.AOS.groundwater.well.006","CRAM.W6.20190521.FIL","A00000040658","2019-05-21T16:12Z","2019-05-21T16:12Z","EcoCore_CSU","UV Absorbance (250 nm)",0.1960,,3.8,,0,"formatChange","GOOD"
"ce62637d-45eb-4628-91cb-73591e44f1c3","D05","CRAM","CRAM.AOS.groundwater.well.006","CRAM.W6.20190521.RAW","A00000040634","2019-05-21T16:12Z","2019-05-21T16:12Z","EcoCore_CSU","TSS - Dry Mass",3400.0000,"microgram",3.8,,0,"formatChange","GOOD"
"090f7b6c-af61-4b61-8167-e9ebbb55d5b1","D05","CRAM","CRAM.AOS.groundwater.well.006","CRAM.W6.20190521.FIL","A00000040658","2019-05-21T16:12Z","2019-05-21T16:12Z","EcoCore_CSU","SO4",41.3976,"milligramsPerLiter",3.8,,0,"formatChange","GOOD"
"98d24e1b-c14f-45f0-9f75-d8b4522141cc","D05","CRAM","CRAM.AOS.groundwater.well.001","CRAM.W1.20190521.RAW","A00000040660","2019-05-21T17:49Z","2019-05-21T17:49Z","EcoCore_CSU","TSS",14.0000,"milligramsPerLiter",3.8,,0,"formatChange","GOOD"
"22194a76-31ff-4e4e-a7a5-67efa8d2edc6","D05","CRAM","CRAM.AOS.groundwater.well.001","CRAM.W1.20190521.RAW","A00000040660","2019-05-21T17:49Z","2019-05-21T17:49Z","EcoCore_CSU","TN",0.2730,"milligramsPerLiter",3.8,,0,"formatChange","GOOD"
"b9475dbc-07e4-4467-b831-b4f98dcadc63","D05","CRAM","CRAM.AOS.groundwater.well.001","CRAM.W1.20190521.FIL","A00000040659","2019-05-21T17:49Z","2019-05-21T17:49Z","EcoCore_CSU","DOC",2.4390,"milligramsPerLiter",3.8,,0,"formatChange","GOOD"
"4e53e6f8-3d10-4bcf-b776-2ee985fa16f8","D05","CRAM","CRAM.AOS.groundwater.well.001","CRAM.W1.20190521.PCN","A00000076289","2019-05-21T17:49Z","2019-05-21T17:49Z","EcoCore_CSU","TPC",0.2242,"milligram",3.8,,0,"formatChange","GOOD"
"55c04ed2-9e26-41cd-b17a-534f72f445fe","D05","CRAM","CRAM.AOS.groundwater.well.001","CRAM.W1.20190521.FIL","A00000040659","2019-05-21T17:49Z","2019-05-21T17:49Z","EcoCore_CSU","SO4",25.1494,"milligramsPerLiter",3.8,,0,"formatChange","GOOD"
"ac5f26a4-9872-4928-9f25-8c187adcb7ba","D05","CRAM","CRAM.AOS.groundwater.well.001","CRAM.W1.20190521.FIL","A00000040659","2019-05-21T17:49Z","2019-05-21T17:49Z","EcoCore_CSU","DIC",16.6700,"milligramsPerLiter",3.8,,0,"formatChange","GOOD"
"156b5d3e-fae6-4bdd-ad71-f44c49378f67","D05","CRAM","CRAM.AOS.groundwater.well.001","CRAM.W1.20190521.FIL","A00000040659","2019-05-21T17:49Z","2019-05-21T17:49Z","EcoCore_CSU","NH4 - N",0.1421,"milligramsPerLiter",3.8,,0,"formatChange","GOOD"
"f2b0f65d-091a-4fea-bdd5-603242de249d","D05","CRAM","CRAM.AOS.groundwater.well.001","CRAM.W1.20190521.FIL","A00000040659","2019-05-21T17:49Z","2019-05-21T17:49Z","EcoCore_CSU","Si",8.3831,"milligramsPerLiter",3.8,,0,"formatChange","GOOD"
"f0bef524-cbda-43c3-ac47-4a4e76f53d0d","D05","CRAM","CRAM.AOS.groundwater.well.001","CRAM.W1.20190521.RAW","A00000040660","2019-05-21T17:49Z","2019-05-21T17:49Z","EcoCore_CSU","conductivity",80.1800,"microsiemensPerCentimeter",3.8,,0,"formatChange","GOOD"
"ff470421-f0ce-4905-8141-381d9a0cea7b","D05","CRAM","CRAM.AOS.groundwater.well.001","CRAM.W1.20190521.FIL","A00000040659","2019-05-21T17:49Z","2019-05-21T17:49Z","EcoCore_CSU","TDP",0.0005,"milligramsPerLiter",3.8,,0,"formatChange","GOOD"
"35718b20-32fa-4991-805c-55ad7f7396d9","D05","CRAM","CRAM.AOS.groundwater.well.001","CRAM.W1.20190521.RAW","A00000040660","2019-05-21T17:49Z","2019-05-21T17:49Z","EcoCore_CSU","ANC",0.2800,"milliequivalentsPerLiter",3.8,,0,"formatChange","GOOD"
"fad0ae27-990b-4fd0-bf89-d9ae3a961341","D05","CRAM","CRAM.AOS.groundwater.well.001","CRAM.W1.20190521.FIL","A00000040659","2019-05-21T17:49Z","2019-05-21T17:49Z","EcoCore_CSU","Br",0.0050,"milligramsPerLiter",3.8,,0,"formatChange","GOOD"
"04140c9a-3ade-4882-802c-7d1e04a05993","D05","CRAM","CRAM.AOS.groundwater.well.001","CRAM.W1.20190521.FIL","A00000040659","2019-05-21T17:49Z","2019-05-21T17:49Z","EcoCore_CSU","UV Absorbance (250 nm)",0.0085,,3.8,,0,"formatChange","GOOD"
"8142e461-4502-4960-a7db-f0e9aa64349d","D05","CRAM","CRAM.AOS.groundwater.well.001","CRAM.W1.20190521.FIL","A00000040659","2019-05-21T17:49Z","2019-05-21T17:49Z","EcoCore_CSU","NO3+NO2 - N",0.1676,"milligramsPerLiter",3.8,,0,"formatChange","GOOD"
"cafcebb2-8284-4d25-9d3d-3052e170f1c2","D05","CRAM","CRAM.AOS.groundwater.well.001","CRAM.W1.20190521.FIL","A00000040659","2019-05-21T17:49Z","2019-05-21T17:49Z","EcoCore_CSU","TDS",57.8500,"milligramsPerLiter",3.8,,0,"formatChange","GOOD"
"37f242bf-2335-4887-8877-55c5e171148b","D05","CRAM","CRAM.AOS.groundwater.well.001","CRAM.W1.20190521.FIL","A00000040659","2019-05-21T17:49Z","2019-05-21T17:49Z","EcoCore_CSU","Cl",2.3411,"milligramsPerLiter",3.8,,0,"formatChange","GOOD"
"46256125-251b-4440-bd16-203c97eb225f","D05","CRAM","CRAM.AOS.groundwater.well.001","CRAM.W1.20190521.FIL","A00000040659","2019-05-21T17:49Z","2019-05-21T17:49Z","EcoCore_CSU","Na",1.1190,"milligramsPerLiter",3.8,,0,"formatChange","GOOD"
"dafe44ff-e508-4bb5-b523-9b380430156c","D05","CRAM","CRAM.AOS.groundwater.well.001","CRAM.W1.20190521.RAW","A00000040660","2019-05-21T17:49Z","2019-05-21T17:49Z","EcoCore_CSU","pH",6.8900,"pH",3.8,,0,"formatChange","GOOD"
"b00c850d-d8cf-4878-aab7-0bf8adc57ae6","D05","CRAM","CRAM.AOS.groundwater.well.001","CRAM.W1.20190521.FIL","A00000040659","2019-05-21T17:49Z","2019-05-21T17:49Z","EcoCore_CSU","Ca",10.0537,"milligramsPerLiter",3.8,,0,"formatChange","GOOD"
"ad9de606-3f6a-4083-8f4e-3169df489719","D05","CRAM","CRAM.AOS.groundwater.well.001","CRAM.W1.20190521.FIL","A00000040659","2019-05-21T17:49Z","2019-05-21T17:49Z","EcoCore_CSU","K",0.4040,"milligramsPerLiter",3.8,,0,"formatChange","GOOD"
"8cf1d3d8-8e0d-407c-97d3-e86c838a43ab","D05","CRAM","CRAM.AOS.groundwater.well.001","CRAM.W1.20190521.FIL","A00000040659","2019-05-21T17:49Z","2019-05-21T17:49Z","EcoCore_CSU","Fe",0.0208,"milligramsPerLiter",3.8,,0,"formatChange","GOOD"
"9872bb80-c762-42bb-9b36-f2cadf7e95fa","D05","CRAM","CRAM.AOS.groundwater.well.001","CRAM.W1.20190521.FIL","A00000040659","2019-05-21T17:49Z","2019-05-21T17:49Z","EcoCore_CSU","HCO3",12.4200,"milligramsPerLiter",3.8,,0,"formatChange","GOOD"
"bb18f553-18d4-4466-b6dd-d0e9f97d885e","D05","CRAM","CRAM.AOS.groundwater.well.001","CRAM.W1.20190521.FIL","A00000040659","2019-05-21T17:49Z","2019-05-21T17:49Z","EcoCore_CSU","UV Absorbance (280 nm)",0.0054,,3.8,,0,"formatChange","GOOD"
"00e70ac1-9f8e-400a-91c6-fe20775cfe74","D05","CRAM","CRAM.AOS.groundwater.well.001","CRAM.W1.20190521.RAW","A00000040660","2019-05-21T17:49Z","2019-05-21T17:49Z","EcoCore_CSU","TOC",2.2520,"milligramsPerLiter",3.8,,0,"formatChange","GOOD"
"5f2a0970-6988-4fb4-994f-06237812400c","D05","CRAM","CRAM.AOS.groundwater.well.001","CRAM.W1.20190521.FIL","A00000040659","2019-05-21T17:49Z","2019-05-21T17:49Z","EcoCore_CSU","Ortho - P",0.0450,"milligramsPerLiter",3.8,,0,"formatChange","GOOD"
"b85a35d3-c40b-4062-818e-3f5a4c26257c","D05","CRAM","CRAM.AOS.groundwater.well.001","CRAM.W1.20190521.PCN","A00000076289","2019-05-21T17:49Z","2019-05-21T17:49Z","EcoCore_CSU","TPN",0.0743,"milligram",3.8,,0,"formatChange","GOOD"
"4d2be8d7-5b8f-4728-96c4-5c9abe0c6bac","D05","CRAM","CRAM.AOS.groundwater.well.001","CRAM.W1.20190521.RAW","A00000040660","2019-05-21T17:49Z","2019-05-21T17:49Z","EcoCore_CSU","TSS - Dry Mass",700.0000,"microgram",3.8,,0,"formatChange","GOOD"
"c39c2ffa-f6a6-45f2-875b-5290908ad5cf","D05","CRAM","CRAM.AOS.groundwater.well.001","CRAM.W1.20190521.FIL","A00000040659","2019-05-21T17:49Z","2019-05-21T17:49Z","EcoCore_CSU","Mn",0.0005,"milligramsPerLiter",3.8,,0,"formatChange","GOOD"
"658b0fa3-0189-467e-a79c-ac51671546b1","D05","CRAM","CRAM.AOS.groundwater.well.001","CRAM.W1.20190521.FIL","A00000040659","2019-05-21T17:49Z","2019-05-21T17:49Z","EcoCore_CSU","CO3",0.0050,"milligramsPerLiter",3.8,,0,"formatChange","GOOD"
"a7b0af1f-5087-4218-93f7-0a4a4f535786","D05","CRAM","CRAM.AOS.groundwater.well.001","CRAM.W1.20190521.FIL","A00000040659","2019-05-21T17:49Z","2019-05-21T17:49Z","EcoCore_CSU","NO2 - N",-0.0036,"milligramsPerLiter",3.8,,0,"formatChange","GOOD"
"f80d00c6-fada-4720-897d-b3790125e69b","D05","CRAM","CRAM.AOS.groundwater.well.001","CRAM.W1.20190521.FIL","A00000040659","2019-05-21T17:49Z","2019-05-21T17:49Z","EcoCore_CSU","Mg",2.8310,"milligramsPerLiter",3.8,,0,"formatChange","GOOD"
"89c1f1f6-1c80-4637-b7ce-1acb594146ac","D05","CRAM","CRAM.AOS.groundwater.well.001","CRAM.W1.20190521.FIL","A00000040659","2019-05-21T17:49Z","2019-05-21T17:49Z","EcoCore_CSU","TDN",0.2844,"milligramsPerLiter",3.8,,0,"formatChange","GOOD"
"15366897-24c6-47ba-bbe5-3f5c863d3e00","D05","CRAM","CRAM.AOS.groundwater.well.001","CRAM.W1.20190521.FIL","A00000040659","2019-05-21T17:49Z","2019-05-21T17:49Z","EcoCore_CSU","F",0.0050,"milligramsPerLiter",3.8,,0,"formatChange","GOOD"
"bf6642db-88f2-404a-b09f-bc9c43abdb3a","D05","CRAM","CRAM.AOS.groundwater.well.001","CRAM.W1.20190521.RAW","A00000040660","2019-05-21T17:49Z","2019-05-21T17:49Z","EcoCore_CSU","TP",0.1216,"milligramsPerLiter",3.8,,0,"formatChange","GOOD"
"6b69069a-839e-44d0-900c-b2a70ef0a1ee","D05","CRAM","CRAM.AOS.groundwater.well.003","CRAM.W3.20190521.RAW","A00000040632","2019-05-21T19:27Z","2019-05-21T19:27Z","EcoCore_CSU","pH",6.5200,"pH",3.8,,0,"formatChange","GOOD"
"c54a9a2c-ec20-4fe0-8df3-cd06a5ee91a8","D05","CRAM","CRAM.AOS.groundwater.well.003","CRAM.W3.20190521.FIL","A00000040640","2019-05-21T19:27Z","2019-05-21T19:27Z","EcoCore_CSU","NH4 - N",0.0377,"milligramsPerLiter",3.8,,0,"formatChange","GOOD"
"f0b62f4e-9dfc-4476-a7ad-53e33631fab9","D05","CRAM","CRAM.AOS.groundwater.well.003","CRAM.W3.20190521.FIL","A00000040640","2019-05-21T19:27Z","2019-05-21T19:27Z","EcoCore_CSU","Mn",0.0320,"milligramsPerLiter",3.8,,0,"formatChange","GOOD"
"52d8398c-f8c3-47cb-8af4-e26fe578586e","D05","CRAM","CRAM.AOS.groundwater.well.003","CRAM.W3.20190521.FIL","A00000040640","2019-05-21T19:27Z","2019-05-21T19:27Z","EcoCore_CSU","DIC",6.5700,"milligramsPerLiter",3.8,,0,"formatChange","GOOD"
"6cc282bf-20dd-4aed-aa53-58360b90098d","D05","CRAM","CRAM.AOS.groundwater.well.003","CRAM.W3.20190521.FIL","A00000040640","2019-05-21T19:27Z","2019-05-21T19:27Z","EcoCore_CSU","CO3",0.0050,"milligramsPerLiter",3.8,,0,"formatChange","GOOD"
"d31d9db4-84ca-470c-a3a3-31bd191f8fbb","D05","CRAM","CRAM.AOS.groundwater.well.003","CRAM.W3.20190521.RAW","A00000040632","2019-05-21T19:27Z","2019-05-21T19:27Z","EcoCore_CSU","ANC",0.0300,"milliequivalentsPerLiter",3.8,,0,"formatChange","GOOD"
"62bc415a-bb5d-46c2-b456-90a4a2044714","D05","CRAM","CRAM.AOS.groundwater.well.003","CRAM.W3.20190521.RAW","A00000040632","2019-05-21T19:27Z","2019-05-21T19:27Z","EcoCore_CSU","TN",0.3511,"milligramsPerLiter",3.8,,0,"formatChange","GOOD"
"45e4f6f2-a4be-41c2-9074-777ce217b970","D05","CRAM","CRAM.AOS.groundwater.well.003","CRAM.W3.20190521.FIL","A00000040640","2019-05-21T19:27Z","2019-05-21T19:27Z","EcoCore_CSU","Cl",1.6100,"milligramsPerLiter",3.8,,0,"formatChange","GOOD"
"f127e636-cdfa-4f3d-b148-33b7ad625c4e","D05","CRAM","CRAM.AOS.groundwater.well.003","CRAM.W3.20190521.RAW","A00000040632","2019-05-21T19:27Z","2019-05-21T19:27Z","EcoCore_CSU","TOC",8.7920,"milligramsPerLiter",3.8,,0,"formatChange","GOOD"
"a6cc643b-cfe3-4490-bb86-12c011d41745","D05","CRAM","CRAM.AOS.groundwater.well.003","CRAM.W3.20190521.FIL","A00000040640","2019-05-21T19:27Z","2019-05-21T19:27Z","EcoCore_CSU","Fe",2.5901,"milligramsPerLiter",3.8,,0,"formatChange","GOOD"
"266b9bd0-dd89-43d1-847e-22b4f5abe9c5","D05","CRAM","CRAM.AOS.groundwater.well.003","CRAM.W3.20190521.FIL","A00000040640","2019-05-21T19:27Z","2019-05-21T19:27Z","EcoCore_CSU","Mg",2.2290,"milligramsPerLiter",3.8,,0,"formatChange","GOOD"
"60d76394-f385-4de1-951c-37d5925f688f","D05","CRAM","CRAM.AOS.groundwater.well.003","CRAM.W3.20190521.FIL","A00000040640","2019-05-21T19:27Z","2019-05-21T19:27Z","EcoCore_CSU","DOC",7.1450,"milligramsPerLiter",3.8,,0,"formatChange","GOOD"
"6bdc8625-80ac-490f-95d8-d5fcb408b3f0","D05","CRAM","CRAM.AOS.groundwater.well.003","CRAM.W3.20190521.FIL","A00000040640","2019-05-21T19:27Z","2019-05-21T19:27Z","EcoCore_CSU","SO4",17.3400,"milligramsPerLiter",3.8,,0,"formatChange","GOOD"
"2ef4554e-b7ad-4ac4-86c5-75a44e13ed63","D05","CRAM","CRAM.AOS.groundwater.well.003","CRAM.W3.20190521.FIL","A00000040640","2019-05-21T19:27Z","2019-05-21T19:27Z","EcoCore_CSU","Ca",3.5308,"milligramsPerLiter",3.8,,0,"formatChange","GOOD"
"5fd9f4ee-6880-4ace-b09d-db36db1751b0","D05","CRAM","CRAM.AOS.groundwater.well.003","CRAM.W3.20190521.PCN","A00000076290","2019-05-21T19:27Z","2019-05-21T19:27Z","EcoCore_CSU","TPN",0.0837,"milligram",3.8,,0,"formatChange","GOOD"
"ae10f78d-0891-4b45-8346-fc7de9a94052","D05","CRAM","CRAM.AOS.groundwater.well.003","CRAM.W3.20190521.FIL","A00000040640","2019-05-21T19:27Z","2019-05-21T19:27Z","EcoCore_CSU","TDN",0.2741,"milligramsPerLiter",3.8,,0,"formatChange","GOOD"
"5a5fac88-47a9-41fb-9397-5e536e628cfe","D05","CRAM","CRAM.AOS.groundwater.well.003","CRAM.W3.20190521.FIL","A00000040640","2019-05-21T19:27Z","2019-05-21T19:27Z","EcoCore_CSU","UV Absorbance (280 nm)",0.2995,,3.8,,0,"formatChange","GOOD"
"d84e349c-194c-48af-b521-14f126c23e5e","D05","CRAM","CRAM.AOS.groundwater.well.003","CRAM.W3.20190521.FIL","A00000040640","2019-05-21T19:27Z","2019-05-21T19:27Z","EcoCore_CSU","TDS",29.9300,"milligramsPerLiter",3.8,,0,"formatChange","GOOD"
"bc0bab89-3c8a-4d8f-a4c0-167929235aa1","D05","CRAM","CRAM.AOS.groundwater.well.003","CRAM.W3.20190521.FIL","A00000040640","2019-05-21T19:27Z","2019-05-21T19:27Z","EcoCore_CSU","Na",0.9080,"milligramsPerLiter",3.8,,0,"formatChange","GOOD"
"2c7bf421-15f3-4366-8dff-50fd41ccaf07","D05","CRAM","CRAM.AOS.groundwater.well.003","CRAM.W3.20190521.RAW","A00000040632","2019-05-21T19:27Z","2019-05-21T19:27Z","EcoCore_CSU","TSS - Dry Mass",18100.0000,"microgram",3.8,,0,"formatChange","GOOD"
"f757eac3-c8f1-4a04-b014-9fc3e10ac7b3","D05","CRAM","CRAM.AOS.groundwater.well.003","CRAM.W3.20190521.FIL","A00000040640","2019-05-21T19:27Z","2019-05-21T19:27Z","EcoCore_CSU","NO2 - N",-0.0022,"milligramsPerLiter",3.8,,0,"formatChange","GOOD"
"17db8af0-4775-4b0b-8408-1b5b6c8728a5","D05","CRAM","CRAM.AOS.groundwater.well.003","CRAM.W3.20190521.RAW","A00000040632","2019-05-21T19:27Z","2019-05-21T19:27Z","EcoCore_CSU","conductivity",42.6900,"microsiemensPerCentimeter",3.8,,0,"formatChange","GOOD"
"70a0e189-5a47-4b83-8b05-3ecb19163d24","D05","CRAM","CRAM.AOS.groundwater.well.003","CRAM.W3.20190521.FIL","A00000040640","2019-05-21T19:27Z","2019-05-21T19:27Z","EcoCore_CSU","UV Absorbance (250 nm)",0.3444,,3.8,,0,"formatChange","GOOD"
"279941e5-c764-4012-8c72-d91b429c4d06","D05","CRAM","CRAM.AOS.groundwater.well.003","CRAM.W3.20190521.FIL","A00000040640","2019-05-21T19:27Z","2019-05-21T19:27Z","EcoCore_CSU","Si",12.7826,"milligramsPerLiter",3.8,,0,"formatChange","GOOD"
"0292667c-24fb-4dff-805c-1d0b57349af5","D05","CRAM","CRAM.AOS.groundwater.well.003","CRAM.W3.20190521.PCN","A00000076290","2019-05-21T19:27Z","2019-05-21T19:27Z","EcoCore_CSU","TPC",0.2047,"milligram",3.8,,0,"formatChange","GOOD"
"ccadfd4f-b2e5-48b0-90a3-dcc4b6f3e0a8","D05","CRAM","CRAM.AOS.groundwater.well.003","CRAM.W3.20190521.RAW","A00000040632","2019-05-21T19:27Z","2019-05-21T19:27Z","EcoCore_CSU","TSS",362.0000,"milligramsPerLiter",3.8,,0,"formatChange","GOOD"
"8522836b-64f3-496b-adbf-b1f998386e81","D05","CRAM","CRAM.AOS.groundwater.well.003","CRAM.W3.20190521.FIL","A00000040640","2019-05-21T19:27Z","2019-05-21T19:27Z","EcoCore_CSU","NO3+NO2 - N",0.0190,"milligramsPerLiter",3.8,,0,"formatChange","GOOD"
"add175fd-0867-4170-998e-92f7d5d0fbe2","D05","CRAM","CRAM.AOS.groundwater.well.003","CRAM.W3.20190521.FIL","A00000040640","2019-05-21T19:27Z","2019-05-21T19:27Z","EcoCore_CSU","HCO3",0.3800,"milligramsPerLiter",3.8,,0,"formatChange","GOOD"
"e559d5d5-67ad-4824-b6e1-d6ab83422a4d","D05","CRAM","CRAM.AOS.groundwater.well.003","CRAM.W3.20190521.FIL","A00000040640","2019-05-21T19:27Z","2019-05-21T19:27Z","EcoCore_CSU","F",0.0050,"milligramsPerLiter",3.8,,0,"formatChange","GOOD"
"3a4fea72-015e-46fa-accb-01a5a2bb748f","D05","CRAM","CRAM.AOS.groundwater.well.003","CRAM.W3.20190521.FIL","A00000040640","2019-05-21T19:27Z","2019-05-21T19:27Z","EcoCore_CSU","Ortho - P",0.0460,"milligramsPerLiter",3.8,,0,"formatChange","GOOD"
"1c42a322-cf87-4ebb-888d-27d6e8ec55d0","D05","CRAM","CRAM.AOS.groundwater.well.003","CRAM.W3.20190521.FIL","A00000040640","2019-05-21T19:27Z","2019-05-21T19:27Z","EcoCore_CSU","K",0.5060,"milligramsPerLiter",3.8,,0,"formatChange","GOOD"
"b6794a18-1456-4d78-a018-a48f214f1c3e","D05","CRAM","CRAM.AOS.groundwater.well.003","CRAM.W3.20190521.FIL","A00000040640","2019-05-21T19:27Z","2019-05-21T19:27Z","EcoCore_CSU","Br",0.0050,"milligramsPerLiter",3.8,,0,"formatChange","GOOD"
"67a12aab-ea22-4e82-b22a-2c0f95da0f8c","D05","CRAM","CRAM.AOS.groundwater.well.003","CRAM.W3.20190521.RAW","A00000040632","2019-05-21T19:27Z","2019-05-21T19:27Z","EcoCore_CSU","TP",0.7817,"milligramsPerLiter",3.8,,0,"formatChange","GOOD"
"0ad9c5b9-a5e9-4989-8a37-45bb5ce2dd41","D05","CRAM","CRAM.AOS.groundwater.well.003","CRAM.W3.20190521.FIL","A00000040640","2019-05-21T19:27Z","2019-05-21T19:27Z","EcoCore_CSU","TDP",0.0610,"milligramsPerLiter",3.8,,0,"formatChange","GOOD"
"262fd3fe-27ab-465c-9fd2-28f12f7b6d33","D05","CRAM","CRAM.AOS.groundwater.well.005","CRAM.W5.20190521.PCN","A00000076291","2019-05-21T21:02Z","2019-05-21T21:02Z","EcoCore_CSU","TPC",0.2225,"milligram",3.8,,0,"formatChange","GOOD"
"63127cfe-3fe1-4822-bcb4-7d722f19ef48","D05","CRAM","CRAM.AOS.groundwater.well.005","CRAM.W5.20190521.FIL","A00000040638","2019-05-21T21:02Z","2019-05-21T21:02Z","EcoCore_CSU","TDN",0.4309,"milligramsPerLiter",3.8,,0,"formatChange","GOOD"
"7fed01f2-b0cc-4117-90a0-f5f44effeac5","D05","CRAM","CRAM.AOS.groundwater.well.005","CRAM.W5.20190521.RAW","A00000040635","2019-05-21T21:02Z","2019-05-21T21:02Z","EcoCore_CSU","TSS - Dry Mass",1500.0000,"microgram",3.8,,0,"formatChange","GOOD"
"8f2b3d0f-0cce-4067-9160-d3c057b4c7a7","D05","CRAM","CRAM.AOS.groundwater.well.005","CRAM.W5.20190521.FIL","A00000040638","2019-05-21T21:02Z","2019-05-21T21:02Z","EcoCore_CSU","NH4 - N",0.3555,"milligramsPerLiter",3.8,,0,"formatChange","GOOD"
"f2897c6c-5c33-445f-8545-7dc52f9f0083","D05","CRAM","CRAM.AOS.groundwater.well.005","CRAM.W5.20190521.FIL","A00000040638","2019-05-21T21:02Z","2019-05-21T21:02Z","EcoCore_CSU","DOC",4.1060,"milligramsPerLiter",3.8,,0,"formatChange","GOOD"
"0ad017cc-fea7-4f92-94d0-81b67d994116","D05","CRAM","CRAM.AOS.groundwater.well.005","CRAM.W5.20190521.FIL","A00000040638","2019-05-21T21:02Z","2019-05-21T21:02Z","EcoCore_CSU","UV Absorbance (250 nm)",0.0704,,3.8,,0,"formatChange","GOOD"
"32c6ac00-4257-4dc5-ab60-6735aeb69027","D05","CRAM","CRAM.AOS.groundwater.well.005","CRAM.W5.20190521.RAW","A00000040635","2019-05-21T21:02Z","2019-05-21T21:02Z","EcoCore_CSU","pH",7.0000,"pH",3.8,,0,"formatChange","GOOD"
"b6d2caf8-6e38-4d56-9b0e-de2be6477d82","D05","CRAM","CRAM.AOS.groundwater.well.005","CRAM.W5.20190521.FIL","A00000040638","2019-05-21T21:02Z","2019-05-21T21:02Z","EcoCore_CSU","Cl",0.1108,"milligramsPerLiter",3.8,,0,"formatChange","GOOD"
"dbdbefbd-0750-4dfc-a5f9-1524578d34ef","D05","CRAM","CRAM.AOS.groundwater.well.005","CRAM.W5.20190521.FIL","A00000040638","2019-05-21T21:02Z","2019-05-21T21:02Z","EcoCore_CSU","CO3",0.0050,"milligramsPerLiter",3.8,,0,"formatChange","GOOD"
"ff7c4a62-54bf-4e95-b545-ccac08845729","D05","CRAM","CRAM.AOS.groundwater.well.005","CRAM.W5.20190521.FIL","A00000040638","2019-05-21T21:02Z","2019-05-21T21:02Z","EcoCore_CSU","SO4",47.7849,"milligramsPerLiter",3.8,,0,"formatChange","GOOD"
"830609cf-51fa-4955-9f39-c425854e7726","D05","CRAM","CRAM.AOS.groundwater.well.005","CRAM.W5.20190521.FIL","A00000040638","2019-05-21T21:02Z","2019-05-21T21:02Z","EcoCore_CSU","Si",15.9283,"milligramsPerLiter",3.8,,0,"formatChange","GOOD"
"5253440b-67ea-458d-ac32-2405b81a34d0","D05","CRAM","CRAM.AOS.groundwater.well.005","CRAM.W5.20190521.FIL","A00000040638","2019-05-21T21:02Z","2019-05-21T21:02Z","EcoCore_CSU","Ortho - P",0.0270,"milligramsPerLiter",3.8,,0,"formatChange","GOOD"
"64087a1d-f723-4c0e-b940-5c416f11325c","D05","CRAM","CRAM.AOS.groundwater.well.005","CRAM.W5.20190521.FIL","A00000040638","2019-05-21T21:02Z","2019-05-21T21:02Z","EcoCore_CSU","Mn",0.3050,"milligramsPerLiter",3.8,,0,"formatChange","GOOD"
"42ca53ff-b0b8-4d7f-96e3-8a2e35a1de88","D05","CRAM","CRAM.AOS.groundwater.well.005","CRAM.W5.20190521.RAW","A00000040635","2019-05-21T21:02Z","2019-05-21T21:02Z","EcoCore_CSU","ANC",0.7900,"milliequivalentsPerLiter",3.8,,0,"formatChange","GOOD"
"775e8a5d-3ea9-46e6-9082-96c2b0bc864b","D05","CRAM","CRAM.AOS.groundwater.well.005","CRAM.W5.20190521.FIL","A00000040638","2019-05-21T21:02Z","2019-05-21T21:02Z","EcoCore_CSU","NO2 - N",-0.0034,"milligramsPerLiter",3.8,,0,"formatChange","GOOD"
"69188190-18b4-461f-ac1e-4ad5edca386a","D05","CRAM","CRAM.AOS.groundwater.well.005","CRAM.W5.20190521.FIL","A00000040638","2019-05-21T21:02Z","2019-05-21T21:02Z","EcoCore_CSU","UV Absorbance (280 nm)",0.0570,,3.8,,0,"formatChange","GOOD"
"88f921ac-81a3-4e36-b3df-d86d85c79c63","D05","CRAM","CRAM.AOS.groundwater.well.005","CRAM.W5.20190521.FIL","A00000040638","2019-05-21T21:02Z","2019-05-21T21:02Z","EcoCore_CSU","Na",2.0030,"milligramsPerLiter",3.8,,0,"formatChange","GOOD"
"dfc3d1b8-1432-4d50-822f-581f77967968","D05","CRAM","CRAM.AOS.groundwater.well.005","CRAM.W5.20190521.RAW","A00000040635","2019-05-21T21:02Z","2019-05-21T21:02Z","EcoCore_CSU","TN",0.3992,"milligramsPerLiter",3.8,,0,"formatChange","GOOD"
"23d5ab0a-98e5-45ad-bfa8-0fd4e827709a","D05","CRAM","CRAM.AOS.groundwater.well.005","CRAM.W5.20190521.FIL","A00000040638","2019-05-21T21:02Z","2019-05-21T21:02Z","EcoCore_CSU","Br",0.0050,"milligramsPerLiter",3.8,,0,"formatChange","GOOD"
"e2a66e97-ca18-407e-a468-d0030a590dd6","D05","CRAM","CRAM.AOS.groundwater.well.005","CRAM.W5.20190521.FIL","A00000040638","2019-05-21T21:02Z","2019-05-21T21:02Z","EcoCore_CSU","K",0.5090,"milligramsPerLiter",3.8,,0,"formatChange","GOOD"
"6a2a82d8-76f5-4519-9798-781a218c5c86","D05","CRAM","CRAM.AOS.groundwater.well.005","CRAM.W5.20190521.RAW","A00000040635","2019-05-21T21:02Z","2019-05-21T21:02Z","EcoCore_CSU","TSS",30.0000,"milligramsPerLiter",3.8,,0,"formatChange","GOOD"
"99c3dd5d-c28c-4481-9750-6bd0c5d29fbd","D05","CRAM","CRAM.AOS.groundwater.well.005","CRAM.W5.20190521.RAW","A00000040635","2019-05-21T21:02Z","2019-05-21T21:02Z","EcoCore_CSU","TP",0.2825,"milligramsPerLiter",3.8,,0,"formatChange","GOOD"
"7606b45f-314c-40a8-97d7-09b3f471283d","D05","CRAM","CRAM.AOS.groundwater.well.005","CRAM.W5.20190521.RAW","A00000040635","2019-05-21T21:02Z","2019-05-21T21:02Z","EcoCore_CSU","conductivity",181.2200,"microsiemensPerCentimeter",3.8,,0,"formatChange","GOOD"
"369b57d1-fea2-494c-9822-a49a9aca796c","D05","CRAM","CRAM.AOS.groundwater.well.005","CRAM.W5.20190521.RAW","A00000040635","2019-05-21T21:02Z","2019-05-21T21:02Z","EcoCore_CSU","TOC",4.4030,"milligramsPerLiter",3.8,,0,"formatChange","GOOD"
"6c16b3c7-d895-4f4a-868b-0f349e9f40a9","D05","CRAM","CRAM.AOS.groundwater.well.005","CRAM.W5.20190521.FIL","A00000040638","2019-05-21T21:02Z","2019-05-21T21:02Z","EcoCore_CSU","TDP",0.0610,"milligramsPerLiter",3.8,,0,"formatChange","GOOD"
"ca72f5f3-7a6b-411a-bf91-c76cd4ee3404","D05","CRAM","CRAM.AOS.groundwater.well.005","CRAM.W5.20190521.FIL","A00000040638","2019-05-21T21:02Z","2019-05-21T21:02Z","EcoCore_CSU","Fe",6.6263,"milligramsPerLiter",3.8,,0,"formatChange","GOOD"
"27a98680-614e-4711-a386-bf407b7753ab","D05","CRAM","CRAM.AOS.groundwater.well.005","CRAM.W5.20190521.FIL","A00000040638","2019-05-21T21:02Z","2019-05-21T21:02Z","EcoCore_CSU","F",1.7694,"milligramsPerLiter",3.8,,0,"formatChange","GOOD"
"c4a84ff0-c593-445d-ab01-3c7ea0a3923f","D05","CRAM","CRAM.AOS.groundwater.well.005","CRAM.W5.20190521.PCN","A00000076291","2019-05-21T21:02Z","2019-05-21T21:02Z","EcoCore_CSU","TPN",-0.0242,"milligram",3.8,,0,"formatChange","GOOD"
"c757f000-4f31-4ce0-bd5e-42ba48fccfb2","D05","CRAM","CRAM.AOS.groundwater.well.005","CRAM.W5.20190521.FIL","A00000040638","2019-05-21T21:02Z","2019-05-21T21:02Z","EcoCore_CSU","Ca",22.1458,"milligramsPerLiter",3.8,,0,"formatChange","GOOD"
"a9d0e70a-6230-4551-9e26-50b1238bee2d","D05","CRAM","CRAM.AOS.groundwater.well.005","CRAM.W5.20190521.FIL","A00000040638","2019-05-21T21:02Z","2019-05-21T21:02Z","EcoCore_CSU","DIC",28.3500,"milligramsPerLiter",3.8,,0,"formatChange","GOOD"
"99d24b31-41dc-406a-bfe0-5dfdaecf7f15","D05","CRAM","CRAM.AOS.groundwater.well.005","CRAM.W5.20190521.FIL","A00000040638","2019-05-21T21:02Z","2019-05-21T21:02Z","EcoCore_CSU","NO3+NO2 - N",0.0279,"milligramsPerLiter",3.8,,0,"formatChange","GOOD"
"89224f32-32ba-478f-bfba-e3744f41b3f3","D05","CRAM","CRAM.AOS.groundwater.well.005","CRAM.W5.20190521.FIL","A00000040638","2019-05-21T21:02Z","2019-05-21T21:02Z","EcoCore_CSU","HCO3",42.6200,"milligramsPerLiter",3.8,,0,"formatChange","GOOD"
"06b42d28-c86f-45d6-8c9c-1d4bdfaf1442","D05","CRAM","CRAM.AOS.groundwater.well.005","CRAM.W5.20190521.FIL","A00000040638","2019-05-21T21:02Z","2019-05-21T21:02Z","EcoCore_CSU","Mg",7.1920,"milligramsPerLiter",3.8,,0,"formatChange","GOOD"
"3653ec9b-79aa-477d-8843-ac9f95c1d9fe","D05","CRAM","CRAM.AOS.groundwater.well.005","CRAM.W5.20190521.FIL","A00000040638","2019-05-21T21:02Z","2019-05-21T21:02Z","EcoCore_CSU","TDS",127.5200,"milligramsPerLiter",3.8,,0,"formatChange","GOOD"
