uid,domainID,siteID,namedLocation,collectDate,titrationDate,parentSampleID,domainSampleID,remarks,measuredBy,alkMeqPerL,alkMgPerL,ancMeqPerL,ancMgPerL
"0cb9ef7e-c0ee-4ef0-af0a-78ba0e0c4b95","D05","CRAM","CRAM.AOS.groundwater.well.006","2019-05-21T16:12Z","2019-05-22T15:04Z","CRAM.W6.20190521","CRAM.W6.20190521.ALK",,"llocke",,,,
"cee6a312-1443-47e8-b451-373c6000d73d","D05","CRAM","CRAM.AOS.groundwater.well.001","2019-05-21T17:49Z","2019-05-22T13:56Z","CRAM.W1.20190521","CRAM.W1.20190521.ALK",,"llocke",0.770,38.800,,
"76af5f73-f607-4ca8-b4ec-d9bb895f8095","D05","CRAM","CRAM.AOS.groundwater.well.003","2019-05-21T19:27Z","2019-05-22T14:32Z","CRAM.W3.20190521","CRAM.W3.20190521.ALK",,"llocke",0.270,13.700,,
"1837f12e-51fb-4f2f-a413-1c132946de20","D05","CRAM","CRAM.AOS.groundwater.well.005","2019-05-21T21:02Z","2019-05-22T16:01Z","CRAM.W5.20190521","CRAM.W5.20190521.ALK",,"llocke",1.950,97.500,,
