uid,domainID,siteID,namedLocation,decimalLatitude,decimalLongitude,coordinateUncertainty,elevation,elevationUncertainty,geodeticDatum,collectDate,aquaticSiteType,samplingImpractical,waterChemSamplesCollected,adequateSampleVol,parentSampleID,eventID,swcSamplingProtocolVersion,sampleExtractionMethod,samplerType,totalWellDepth,wellWaterDepth,waterColumnHeight,sampleDepth,purgeAverageDischargeRate,purgeTime,gwWellStabilized,purgeDryDateTime,pumpPlacementDate,screenedIntervalDepth,maxAllowableDrawdown,actualDrawdown,MADExceeded,wellVolumePurged,probeIDUnavailable,dissolvedOxygen,dissolvedOxygenSaturation,specificConductance,waterTemp,pH,waterClarityDescrip,waterColorDescrip,aCollectedBy,bCollectedBy,remarks
"33fcc8e3-a9a6-48af-821e-f400b27bb4c3","D19","CARI","CARI.AOS.groundwater.well.008",65.153230,-147.501795,0.1,228.2,0.1,"WGS84","2019-05-21T20:57Z","stream",,,"N","CARI.W8.20190521","CARI.20190521","NEON.DOC.002905vF","Syringe","Syringe",,,,,,,,,,,,,,,,,,,,,,,"0000-0002-1118-0428","0000-0003-1651-3911",
"b8569e92-b283-4d48-acea-e184922fbb44","D19","CARI","CARI.AOS.groundwater.well.007",65.152719,-147.501857,0.1,227.5,0.1,"WGS84","2019-05-21T21:09Z","stream",,,"N","CARI.W7.20190521","CARI.20190521","NEON.DOC.002905vF","Syringe","Syringe",,,,,,,,,,,,,,,,,,,,,,,"0000-0002-2848-7952","0000-0001-9124-8148",
"8c09e38b-421a-45f6-aab0-0b859f2c931a","D19","CARI","CARI.AOS.groundwater.well.001",65.152809,-147.508033,0.1,231.0,0.1,"WGS84","2019-05-21T21:42Z","stream",,,"N","CARI.W1.20190521","CARI.20190521","NEON.DOC.002905vF","Syringe","Syringe",,,,,,,,,,,,,,,,,,,,,,,"0000-0002-1118-0428",,
"23c8d9d2-b068-487f-aedc-cb64824974c4","D19","CARI","CARI.AOS.groundwater.well.005",65.152238,-147.507904,0.1,232.2,0.1,"WGS84","2019-05-21T22:08Z","stream",,,"Y","CARI.W5.20190521","CARI.20190521","NEON.DOC.002905vF","Syringe","Syringe",,,,,,,,,,,,,,,,12.50,107.00,21.70,7.70,5.41,,,"0000-0002-1118-0428","0000-0001-9124-8148",
