uid,domainID,siteID,namedLocation,collectDate,parentSampleID,sampleCondition,sampleID,replicateNumber,gwwDICBubbleFree,gwwFiltSampleHeadspace,gwwAlkSampleHeadspace,gwwAlkSampleBubbleFree,processedDate,processedDateFilters,sampleVolumeFiltered,shipmentTimeRange
"b94e3e8e-5438-4360-bc92-7335c1eab804","D19","CARI","CARI.AOS.groundwater.well.008","2019-05-21T20:57Z","CARI.W8.20190521",,"CARI.W8.20190521",1,"Y",,,,"2019-05-21T20:58Z","2019-05-22T01:15Z",20.0,
"1db762ff-9ab2-4f10-84ab-6cc32661c3d3","D19","CARI","CARI.AOS.groundwater.well.007","2019-05-21T21:09Z","CARI.W7.20190521","Other (specified in remarks)","CARI.W7.20190521",1,"Y",,"N","Y","2019-05-21T21:45Z","2019-05-22T01:16Z",20.0,
"7ee9ed43-afc1-4f7a-a2fe-9487b8304c6c","D19","CARI","CARI.AOS.groundwater.well.001","2019-05-21T21:42Z","CARI.W1.20190521","Other (specified in remarks)","CARI.W1.20190521",1,"Y",,"N","Y","2019-05-21T22:03Z","2019-05-22T01:26Z",20.0,
"bca45912-30dc-4905-9ac9-d0430c2b823d","D19","CARI","CARI.AOS.groundwater.well.005","2019-05-21T22:08Z","CARI.W5.20190521","Other (specified in remarks)","CARI.W5.20190521",1,,"Y",,"Y","2019-05-21T22:08Z","2019-05-22T01:16Z",200.0,
