uid,domainID,siteID,namedLocation,collectDate,parentSampleID,sampleCondition,sampleID,replicateNumber,gwwDICBubbleFree,gwwFiltSampleHeadspace,gwwAlkSampleHeadspace,gwwAlkSampleBubbleFree,processedDate,processedDateFilters,sampleVolumeFiltered,shipmentTimeRange
"858248e3-040c-41a2-ab79-87911d30d13c","D02","POSE","POSE.AOS.groundwater.well.002","2016-03-16T13:01Z","POSE.W2.20160316",,"POSE.W2.20160316",,,,,,"2016-03-16T14:05Z","2016-03-16T14:05Z",,
"b6e0c5ea-be6e-4ae3-af17-e74db2625046","D02","POSE","POSE.AOS.groundwater.well.003","2016-03-16T14:50Z","POSE.W3.20160316",,"POSE.W3.20160316",,,,,,"2016-03-16T15:40Z","2016-03-16T15:40Z",,
"274e8655-d29a-4a06-a784-dc656d7bbec9","D02","POSE","POSE.AOS.groundwater.well.008","2016-03-16T16:14Z","POSE.W8.20160316",,"POSE.W8.20160316",,,,,,"2016-03-16T16:40Z","2016-03-16T16:40Z",,
"c7f74b46-633b-4b25-9a51-5f35862d34b5","D02","POSE","POSE.AOS.groundwater.well.006","2016-03-16T17:21Z","POSE.W6.20160316",,"POSE.W6.20160316",,,,,,"2016-03-16T17:43Z","2016-03-16T17:43Z",,
