uid,domainID,siteID,namedLocation,collectDate,titrationDate,parentSampleID,domainSampleID,remarks,measuredBy,alkMeqPerL,alkMgPerL,ancMeqPerL,ancMgPerL
"016eaeab-604e-4977-9344-55bffb1f6bb7","D02","POSE","POSE.AOS.groundwater.well.002","2016-03-16T13:01Z","2016-03-16T19:42Z","POSE.W2.20160316","POSE.W2.20160316.ALK",,"kgeiger@field-ops.org",0.650,32.300,,
"97ba1bda-99e8-44f1-9dd6-c8e174fb1f78","D02","POSE","POSE.AOS.groundwater.well.002","2016-03-16T13:01Z","2016-03-16T19:13Z","POSE.W2.20160316","POSE.W2.20160316.ANC",,"kgeiger@field-ops.org",,,0.900,45.000
"20d63f02-e4ee-4ae3-b40c-fd318960a91c","D02","POSE","POSE.AOS.groundwater.well.003","2016-03-16T14:50Z","2016-03-17T12:48Z","POSE.W3.20160316","POSE.W3.20160316.ANC",,"kgeiger@field-ops.org",,,0.510,25.700
"c1ba60cd-9fb9-4602-8a38-1e37ff20e959","D02","POSE","POSE.AOS.groundwater.well.003","2016-03-16T14:50Z","2016-03-17T13:10Z","POSE.W3.20160316","POSE.W3.20160316.ALK",,"kgeiger@field-ops.org",0.450,22.400,,
"edd4e03a-e5e2-4265-bfed-bd1613012d5d","D02","POSE","POSE.AOS.groundwater.well.008","2016-03-16T16:14Z","2016-03-17T14:42Z","POSE.W8.20160316","POSE.W8.20160316.ANC",,"kgeiger@field-ops.org",,,1.080,54.300
"8ff0030c-e605-46f1-8966-bccba579c4bc","D02","POSE","POSE.AOS.groundwater.well.008","2016-03-16T16:14Z","2016-03-17T15:01Z","POSE.W8.20160316","POSE.W8.20160316.ALK",,"kgeiger@field-ops.org",1.170,58.500,,
"2b190428-7384-462c-b235-292449d72581","D02","POSE","POSE.AOS.groundwater.well.006","2016-03-16T17:21Z","2016-03-17T14:12Z","POSE.W6.20160316","POSE.W6.20160316.ALK",,"kgeiger@field-ops.org",0.960,48.000,,
"ef6908be-a71d-4974-b76d-da091452754d","D02","POSE","POSE.AOS.groundwater.well.006","2016-03-16T17:21Z","2016-03-17T13:39Z","POSE.W6.20160316","POSE.W6.20160316.ANC",,"kgeiger@field-ops.org",,,0.980,49.000
