uid,domainID,siteID,namedLocation,decimalLatitude,decimalLongitude,coordinateUncertainty,elevation,elevationUncertainty,geodeticDatum,collectDate,aquaticSiteType,samplingImpractical,waterChemSamplesCollected,adequateSampleVol,parentSampleID,eventID,swcSamplingProtocolVersion,sampleExtractionMethod,samplerType,totalWellDepth,wellWaterDepth,waterColumnHeight,sampleDepth,purgeAverageDischargeRate,purgeTime,gwWellStabilized,purgeDryDateTime,pumpPlacementDate,screenedIntervalDepth,maxAllowableDrawdown,actualDrawdown,MADExceeded,wellVolumePurged,probeIDUnavailable,dissolvedOxygen,dissolvedOxygenSaturation,specificConductance,waterTemp,pH,waterClarityDescrip,waterColorDescrip,aCollectedBy,bCollectedBy,remarks
"1c1a8c11-802c-4052-a74e-5b156995d1e6","D02","POSE","POSE.AOS.groundwater.well.002",38.894218,-78.147360,0.1,278.4,0.1,"WGS84","2016-03-16T13:01Z","stream",,,,"POSE.W2.20160316","POSE.20160316","NEON.DOC.002905vB","low-flow",,,1.4,,2.3,,,,,,,,,,1.2,,6.34,56.80,78.20,10.60,,,,"jcoloso@neoninc.org","kgeiger@field-ops.org","water dirty/ muddy brown"
"4221f1b8-ba8c-41bd-b598-4b3299ef32e2","D02","POSE","POSE.AOS.groundwater.well.003",38.894304,-78.147503,0.1,278.6,0.1,"WGS84","2016-03-16T14:50Z","stream",,,,"POSE.W3.20160316","POSE.20160316","NEON.DOC.002905vB","low-flow",,,1.6,,3.5,,,,,,,,,,0.6,,8.62,80.80,66.80,12.60,,,,"jcoloso@neoninc.org","kgeiger@field-ops.org",
"faabf58b-9558-4d1b-9f7d-db6aecf098c4","D02","POSE","POSE.AOS.groundwater.well.008",38.895235,-78.147951,0.1,273.2,0.1,"WGS84","2016-03-16T16:14Z","stream",,,,"POSE.W8.20160316","POSE.20160316","NEON.DOC.002905vB","low-flow",,,1.2,,2.4,,,,,,,,,,1.2,,6.53,59.10,114.10,10.90,,,,"jcoloso@neoninc.org","kgeiger@field-ops.org",
"bb800f28-e5a8-4eef-80e3-e5b26ae775e6","D02","POSE","POSE.AOS.groundwater.well.006",38.894973,-78.147373,0.1,276.3,0.1,"WGS84","2016-03-16T17:21Z","stream",,,,"POSE.W6.20160316","POSE.20160316","NEON.DOC.002905vB","low-flow",,,1.2,,3.7,,,,,,,,,,1.7,,9.18,86.30,105.90,12.50,,,,"jcoloso@neoninc.org","kgeiger@field-ops.org",
