uid,domainID,siteID,namedLocation,decimalLatitude,decimalLongitude,coordinateUncertainty,elevation,elevationUncertainty,geodeticDatum,collectDate,aquaticSiteType,samplingImpractical,waterChemSamplesCollected,adequateSampleVol,parentSampleID,eventID,swcSamplingProtocolVersion,sampleExtractionMethod,samplerType,totalWellDepth,wellWaterDepth,waterColumnHeight,sampleDepth,purgeAverageDischargeRate,purgeTime,gwWellStabilized,purgeDryDateTime,pumpPlacementDate,screenedIntervalDepth,maxAllowableDrawdown,actualDrawdown,MADExceeded,wellVolumePurged,probeIDUnavailable,dissolvedOxygen,dissolvedOxygenSaturation,specificConductance,waterTemp,pH,waterClarityDescrip,waterColorDescrip,aCollectedBy,bCollectedBy,remarks
"276a2b91-c278-43bd-8aca-5e281211fe67","D03","BARC","BARC.AOS.groundwater.well.001",29.678574,-82.008577,0.2,30.1,0.1,"WGS84","2020-10-14T12:49Z","lake",,"Y","Y","BARC.W1.20201014","BARC.20201014","NEON.DOC.002905vG","low-flow","Groundwater Pump",12.3,4.3,8.0,5.3,175.7,30.0,,,,,,,,5.3,,1.19,13.60,40.10,21.20,4.79,"cloudy","colorless","0000-0001-6607-7236",,
"a9e1caa3-785c-427e-af97-dab33c863560","D03","BARC","BARC.AOS.groundwater.well.008",29.678049,-82.009175,0.2,30.3,0.1,"WGS84","2020-10-14T15:06Z","lake",,"Y","Y","BARC.W8.20201014","BARC.20201014","NEON.DOC.002905vG","low-flow","Groundwater Pump",13.3,4.5,8.8,5.5,231.2,24.0,,,,,,,,5.5,,4.08,47.20,27.40,22.50,4.68,"clear","colorless","0000-0001-6607-7236",,
"25046ffb-05f5-4070-8736-9501b551608a","D03","BARC","BARC.AOS.groundwater.well.006",29.674068,-82.008257,0.2,29.6,0.1,"WGS84","2020-10-14T16:42Z","lake",,"Y","Y","BARC.W6.20201014","BARC.20201014","NEON.DOC.002905vG","low-flow","Groundwater Pump",9.2,4.0,5.3,5.0,247.5,16.0,,,,,,,,4.0,,1.06,11.80,39.50,22.10,4.59,"clear","colorless","0000-0001-6607-7236",,
"3f270852-bb1f-407c-9912-97c2f4a92457","D03","BARC","BARC.AOS.groundwater.well.005",29.674046,-82.007170,0.2,29.9,0.1,"WGS84","2020-10-14T17:56Z","lake",,"Y","Y","BARC.W5.20201014","BARC.20201014","NEON.DOC.002905vG","low-flow","Groundwater Pump",11.6,4.9,6.7,5.9,259.8,27.0,,,,,,,,7.0,,1.00,11.30,53.00,21.80,4.70,"cloudy","colorless","0000-0001-6607-7236",,
