uid,domainID,siteID,namedLocation,collectDate,parentSampleID,sampleCondition,sampleID,replicateNumber,gwwDICBubbleFree,gwwFiltSampleHeadspace,gwwAlkSampleHeadspace,gwwAlkSampleBubbleFree,processedDate,processedDateFilters,sampleVolumeFiltered,shipmentTimeRange
"5c5f84b0-6fd2-4f05-bcbd-3e9b0edd7089","D03","BARC","BARC.AOS.groundwater.well.001","2020-10-14T12:49Z","BARC.W1.20201014","Sample condition ok","BARC.W1.20201014",1,,,,,"2020-10-14T12:49Z","2020-10-14T12:49Z",200.0,"within 24 hours of collection"
"180e6579-42e1-4854-b168-40c01419f377","D03","BARC","BARC.AOS.groundwater.well.008","2020-10-14T15:06Z","BARC.W8.20201014","Sample condition ok","BARC.W8.20201014",1,,,,,"2020-10-14T15:06Z","2020-10-14T15:06Z",200.0,"within 24 hours of collection"
"c9936f41-b31b-4ff5-8cfe-9cf411d05803","D03","BARC","BARC.AOS.groundwater.well.006","2020-10-14T16:42Z","BARC.W6.20201014","Sample condition ok","BARC.W6.20201014",1,,,,,"2020-10-14T16:42Z","2020-10-14T16:42Z",600.0,"within 24 hours of collection"
"4f63623e-aee3-4a0e-80c2-a6b48e3c20d6","D03","BARC","BARC.AOS.groundwater.well.005","2020-10-14T17:56Z","BARC.W5.20201014","Sample condition ok","BARC.W5.20201014",1,,,,,"2020-10-14T18:10Z","2020-10-14T18:10Z",200.0,"within 24 hours of collection"
