uid,domainID,siteID,namedLocation,collectDate,parentSampleID,sampleCondition,sampleID,replicateNumber,gwwDICBubbleFree,gwwFiltSampleHeadspace,gwwAlkSampleHeadspace,gwwAlkSampleBubbleFree,processedDate,processedDateFilters,sampleVolumeFiltered,shipmentTimeRange
"2144f682-910e-4edb-96d8-faeed9635794","D19","CARI","CARI.AOS.groundwater.well.008","2020-06-17T18:40Z","CARI.W8.20200617","Sample condition ok","CARI.W8.20200617",1,"N",,,"N","2020-06-17T18:40Z","2020-06-18T00:36Z",400.0,"within 24 hours of collection"
"9995af9d-2540-4754-9edb-d9090962380c","D19","CARI","CARI.AOS.groundwater.well.007","2020-06-17T20:13Z","CARI.W7.20200617","Sample condition ok","CARI.W7.20200617",1,"Y",,,"Y","2020-06-17T20:13Z","2020-06-18T00:04Z",100.0,"within 24 hours of collection"
"442cb690-7229-476e-bb2f-514901cc97b4","D19","CARI","CARI.AOS.groundwater.well.001","2020-06-17T21:25Z","CARI.W1.20200617","Sample condition ok","CARI.W1.20200617",1,"N","N",,"N","2020-06-17T21:25Z","2020-06-18T00:00Z",100.0,"within 24 hours of collection"
"ed906bf2-b7ee-4cbc-a1da-261b02a9bf58","D19","CARI","CARI.AOS.groundwater.well.005","2020-06-17T21:46Z","CARI.W5.20200617","Sample condition ok","CARI.W5.20200617",1,"Y","N",,"Y","2020-06-17T21:46Z","2020-06-18T00:03Z",100.0,"within 24 hours of collection"
