uid,domainID,siteID,namedLocation,collectDate,titrationDate,parentSampleID,domainSampleID,remarks,measuredBy,alkMeqPerL,alkMgPerL,ancMeqPerL,ancMgPerL
"555c381f-d21e-4901-a9d1-c2b53429490d","D19","CARI","CARI.AOS.groundwater.well.008","2020-06-17T18:40Z","2020-06-18T18:30Z","CARI.W8.20200617","CARI.W8.20200617.ALK",,"gomeze@battelleecology.org",0.310,15.500,,
"c62ba8a3-c673-419d-99a8-5e1cf8e8c1ca","D19","CARI","CARI.AOS.groundwater.well.007","2020-06-17T20:13Z","2020-06-18T19:00Z","CARI.W7.20200617","CARI.W7.20200617.ALK",,"gomeze@battelleecology.org",0.420,21.100,,
"32f7eb37-e6de-4f86-9f42-3c348417046c","D19","CARI","CARI.AOS.groundwater.well.001","2020-06-17T21:25Z","2020-06-18T19:45Z","CARI.W1.20200617","CARI.W1.20200617.ALK",,"gomeze@battelleecology.org",0.430,21.700,,
"99d01037-1c95-4116-864f-2645db205328","D19","CARI","CARI.AOS.groundwater.well.005","2020-06-17T21:46Z","2020-06-18T20:15Z","CARI.W5.20200617","CARI.W5.20200617.ALK",,"gomeze@battelleecology.org",0.090,4.410,,
