uid,domainID,siteID,namedLocation,decimalLatitude,decimalLongitude,coordinateUncertainty,elevation,elevationUncertainty,geodeticDatum,collectDate,aquaticSiteType,samplingImpractical,waterChemSamplesCollected,adequateSampleVol,parentSampleID,eventID,swcSamplingProtocolVersion,sampleExtractionMethod,samplerType,totalWellDepth,wellWaterDepth,waterColumnHeight,sampleDepth,purgeAverageDischargeRate,purgeTime,gwWellStabilized,purgeDryDateTime,pumpPlacementDate,screenedIntervalDepth,maxAllowableDrawdown,actualDrawdown,MADExceeded,wellVolumePurged,probeIDUnavailable,dissolvedOxygen,dissolvedOxygenSaturation,specificConductance,waterTemp,pH,waterClarityDescrip,waterColorDescrip,aCollectedBy,bCollectedBy,remarks
"bf178774-293d-4c7e-a1a8-00195df6b8c2","D19","CARI","CARI.AOS.groundwater.well.008",65.153230,-147.501795,0.1,228.2,0.1,"WGS84","2020-06-17T18:40Z","stream",,"Y","Y","CARI.W8.20200617","CARI.20200617","NEON.DOC.002905vG","syringe","Syringe",,,,,,,,,,,,,,,,9.60,61.30,61.20,4.60,7.87,"clear","colorless","0000-0003-1651-3911","0000-0003-1651-3911",
"8cc2545a-3d90-4301-aaa0-653847a08df1","D19","CARI","CARI.AOS.groundwater.well.007",65.152719,-147.501857,0.1,227.5,0.1,"WGS84","2020-06-17T20:13Z","stream",,"Y","Y","CARI.W7.20200617","CARI.20200617","NEON.DOC.002905vG","syringe","Syringe",,,,,,,,,,,,,,,,6.40,67.00,104.30,8.30,7.95,"clear","colorless","0000-0003-1651-3911","0000-0003-1651-3911",
"69c67d0a-8dc6-449e-9e9e-a29596d27f2c","D19","CARI","CARI.AOS.groundwater.well.001",65.152809,-147.508033,0.1,231.0,0.1,"WGS84","2020-06-17T21:25Z","stream",,"Y","Y","CARI.W1.20200617","CARI.20200617","NEON.DOC.002905vG","syringe","Syringe",,,,,,,,,,,,,,,,6.50,58.00,89.40,9.20,6.86,"cloudy","brown","0000-0001-5131-1181","0000-0003-1651-3911",
"e87f8b10-656b-4c52-957c-c90407e85f96","D19","CARI","CARI.AOS.groundwater.well.005",65.152238,-147.507904,0.1,232.2,0.1,"WGS84","2020-06-17T21:46Z","stream",,"Y","Y","CARI.W5.20200617","CARI.20200617","NEON.DOC.002905vG","syringe","Syringe",,,,,,,,,,,,,,,,4.40,42.00,81.20,9.60,8.62,"cloudy","brown","0000-0001-5131-1181","0000-0003-1651-3911",
