uid,domainID,siteID,namedLocation,sampleID,sampleCode,startDate,collectDate,laboratoryName,analyte,analyteConcentration,analyteUnits,coolerTemp,remarks,shipmentWarmQF,externalLabDataQF,sampleCondition
"5c12b9ca-b12a-4c9a-aae6-f5b411cc9e72","D05","LIRO","LIRO.AOS.groundwater.well.002","LIRO.W2.20181023.RAW","A00000007680","2018-10-23T15:37Z","2018-10-23T15:37Z","EcoCore_CSU","pH",6.5100,"pH",1.3,,0,"formatChange","GOOD"
"7724d320-e50e-4ef4-a512-b251164b57d6","D05","LIRO","LIRO.AOS.groundwater.well.002","LIRO.W2.20181023.FIL","A00000040853","2018-10-23T15:37Z","2018-10-23T15:37Z","EcoCore_CSU","Br",0.0050,"milligramsPerLiter",1.3,,0,"formatChange","GOOD"
"124649c5-1c15-4a5d-ae14-c138e93346e5","D05","LIRO","LIRO.AOS.groundwater.well.002","LIRO.W2.20181023.RAW","A00000007680","2018-10-23T15:37Z","2018-10-23T15:37Z","EcoCore_CSU","TSS - Dry Mass",2200.0000,"microgram",1.3,,0,"formatChange","GOOD"
"af0db650-7df3-48b8-abd5-2df4194399ba","D05","LIRO","LIRO.AOS.groundwater.well.002","LIRO.W2.20181023.RAW","A00000007680","2018-10-23T15:37Z","2018-10-23T15:37Z","EcoCore_CSU","TOC",1.0300,"milligramsPerLiter",1.3,,0,"formatChange","GOOD"
"c2056d07-cf33-45fa-96e3-c85da9caddc6","D05","LIRO","LIRO.AOS.groundwater.well.002","LIRO.W2.20181023.FIL","A00000040853","2018-10-23T15:37Z","2018-10-23T15:37Z","EcoCore_CSU","DOC",1.2550,"milligramsPerLiter",1.3,,0,"formatChange","GOOD"
"4d17f143-6ff4-4b22-8ad3-e0de42aa9140","D05","LIRO","LIRO.AOS.groundwater.well.002","LIRO.W2.20181023.FIL","A00000040853","2018-10-23T15:37Z","2018-10-23T15:37Z","EcoCore_CSU","NO3+NO2 - N",-0.0574,"milligramsPerLiter",1.3,"Low NH4 method and Low NO2+NO3 method",0,"formatChange","Other"
"0fb34422-caed-43bd-91a4-6922a34f097a","D05","LIRO","LIRO.AOS.groundwater.well.002","LIRO.W2.20181023.FIL","A00000040853","2018-10-23T15:37Z","2018-10-23T15:37Z","EcoCore_CSU","NO2 - N",0.0510,"milligramsPerLiter",1.3,"Low NH4 method and Low NO2+NO3 method",0,"formatChange","Other"
"e3255ef4-5c19-4cd0-8194-d7914ae31fb7","D05","LIRO","LIRO.AOS.groundwater.well.002","LIRO.W2.20181023.RAW","A00000007680","2018-10-23T15:37Z","2018-10-23T15:37Z","EcoCore_CSU","conductivity",82.0000,"microsiemensPerCentimeter",1.3,,0,"formatChange","GOOD"
"1e5c0fdc-24a6-4f8c-9d14-cc10c964f799","D05","LIRO","LIRO.AOS.groundwater.well.002","LIRO.W2.20181023.FIL","A00000040853","2018-10-23T15:37Z","2018-10-23T15:37Z","EcoCore_CSU","F",0.0050,"milligramsPerLiter",1.3,,0,"formatChange","GOOD"
"4cdb0b12-b6bd-45c9-b4b5-baeb13d69396","D05","LIRO","LIRO.AOS.groundwater.well.002","LIRO.W2.20181023.FIL","A00000040853","2018-10-23T15:37Z","2018-10-23T15:37Z","EcoCore_CSU","NH4 - N",-0.0222,"milligramsPerLiter",1.3,"Low NH4 method and Low NO2+NO3 method",0,"formatChange","Other"
"e9c7fed3-7930-4475-acfb-e576f34ad584","D05","LIRO","LIRO.AOS.groundwater.well.002","LIRO.W2.20181023.FIL","A00000040853","2018-10-23T15:37Z","2018-10-23T15:37Z","EcoCore_CSU","DIC",6.3500,"milligramsPerLiter",1.3,,0,"formatChange","GOOD"
"c2e57c6b-aa9c-4665-9c5e-13f900555cee","D05","LIRO","LIRO.AOS.groundwater.well.002","LIRO.W2.20181023.FIL","A00000040853","2018-10-23T15:37Z","2018-10-23T15:37Z","EcoCore_CSU","SO4",4.1200,"milligramsPerLiter",1.3,,0,"formatChange","GOOD"
"15d5577b-a97c-4db5-98f7-c7c562d72ee8","D05","LIRO","LIRO.AOS.groundwater.well.002","LIRO.W2.20181023.FIL","A00000040853","2018-10-23T15:37Z","2018-10-23T15:37Z","EcoCore_CSU","Fe",0.0100,"milligramsPerLiter",1.3,,0,"formatChange","GOOD"
"2212b9a7-1790-4057-b3a0-94f6bd00b1bd","D05","LIRO","LIRO.AOS.groundwater.well.002","LIRO.W2.20181023.RAW","A00000007680","2018-10-23T15:37Z","2018-10-23T15:37Z","EcoCore_CSU","TN",0.1178,"milligramsPerLiter",1.3,,0,"formatChange","GOOD"
"0abec7ad-fcf0-423f-87f8-b9f93a82fe14","D05","LIRO","LIRO.AOS.groundwater.well.002","LIRO.W2.20181023.RAW","A00000007680","2018-10-23T15:37Z","2018-10-23T15:37Z","EcoCore_CSU","TSS",44.0000,"milligramsPerLiter",1.3,,0,"formatChange","GOOD"
"a6e892ab-b0c4-4e8d-89ec-a28c92a099bd","D05","LIRO","LIRO.AOS.groundwater.well.002","LIRO.W2.20181023.FIL","A00000040853","2018-10-23T15:37Z","2018-10-23T15:37Z","EcoCore_CSU","Mg",3.4830,"milligramsPerLiter",1.3,,0,"formatChange","GOOD"
"02d9485b-3ef2-49ca-8830-5ece137c09f8","D05","LIRO","LIRO.AOS.groundwater.well.002","LIRO.W2.20181023.FIL","A00000040853","2018-10-23T15:37Z","2018-10-23T15:37Z","EcoCore_CSU","HCO3",42.1500,"milligramsPerLiter",1.3,,0,"formatChange","GOOD"
"f287ea21-3752-43f5-9efc-7cb98cbbf45d","D05","LIRO","LIRO.AOS.groundwater.well.002","LIRO.W2.20181023.FIL","A00000040853","2018-10-23T15:37Z","2018-10-23T15:37Z","EcoCore_CSU","TDN",0.0822,"milligramsPerLiter",1.3,,0,"formatChange","GOOD"
"56d400c0-d230-4da0-8606-16cb934fda78","D05","LIRO","LIRO.AOS.groundwater.well.002","LIRO.W2.20181023.FIL","A00000040853","2018-10-23T15:37Z","2018-10-23T15:37Z","EcoCore_CSU","Si",8.5200,"milligramsPerLiter",1.3,,0,"formatChange","GOOD"
"625ba6c1-59e7-487b-b67a-d5044f18d8e8","D05","LIRO","LIRO.AOS.groundwater.well.002","LIRO.W2.20181023.FIL","A00000040853","2018-10-23T15:37Z","2018-10-23T15:37Z","EcoCore_CSU","UV Absorbance (250 nm)",0.0071,,1.3,,0,"formatChange","GOOD"
"2fceec33-c55a-4dbd-9e40-cfffa232109f","D05","LIRO","LIRO.AOS.groundwater.well.002","LIRO.W2.20181023.FIL","A00000040853","2018-10-23T15:37Z","2018-10-23T15:37Z","EcoCore_CSU","Ortho - P",0.0280,"milligramsPerLiter",1.3,,0,"formatChange","GOOD"
"c6a9e157-abcf-4f3c-9af6-bc089b4586cb","D05","LIRO","LIRO.AOS.groundwater.well.002","LIRO.W2.20181023.RAW","A00000007680","2018-10-23T15:37Z","2018-10-23T15:37Z","EcoCore_CSU","ANC",0.7500,"milliequivalentsPerLiter",1.3,,0,"formatChange","GOOD"
"e886cadc-dfe3-4508-8355-ff76525e671c","D05","LIRO","LIRO.AOS.groundwater.well.002","LIRO.W2.20181023.PCN","A00000040810","2018-10-23T15:37Z","2018-10-23T15:37Z","EcoCore_CSU","TPC",0.2471,"milligram",1.3,,0,"formatChange","GOOD"
"641bfa12-e1f2-4be7-b4e1-6469befd83e8","D05","LIRO","LIRO.AOS.groundwater.well.002","LIRO.W2.20181023.PCN","A00000040810","2018-10-23T15:37Z","2018-10-23T15:37Z","EcoCore_CSU","TPN",0.1246,"milligram",1.3,,0,"formatChange","GOOD"
"a129221e-9430-4574-ac53-cc2c67910906","D05","LIRO","LIRO.AOS.groundwater.well.002","LIRO.W2.20181023.FIL","A00000040853","2018-10-23T15:37Z","2018-10-23T15:37Z","EcoCore_CSU","Na",1.5620,"milligramsPerLiter",1.3,,0,"formatChange","GOOD"
"e65d3034-77c5-47c1-b640-778c24262597","D05","LIRO","LIRO.AOS.groundwater.well.002","LIRO.W2.20181023.FIL","A00000040853","2018-10-23T15:37Z","2018-10-23T15:37Z","EcoCore_CSU","CO3",0.0050,"milligramsPerLiter",1.3,,0,"formatChange","GOOD"
"5a4dc784-aeee-4f7a-8424-a88047ba4254","D05","LIRO","LIRO.AOS.groundwater.well.002","LIRO.W2.20181023.FIL","A00000040853","2018-10-23T15:37Z","2018-10-23T15:37Z","EcoCore_CSU","UV Absorbance (280 nm)",0.0007,,1.3,,0,"formatChange","GOOD"
"a6a9bfa6-fcbc-48e2-a69b-a08b74822296","D05","LIRO","LIRO.AOS.groundwater.well.002","LIRO.W2.20181023.FIL","A00000040853","2018-10-23T15:37Z","2018-10-23T15:37Z","EcoCore_CSU","Mn",0.0530,"milligramsPerLiter",1.3,,0,"formatChange","GOOD"
"852fb07c-1f37-42fc-9142-6477624a7369","D05","LIRO","LIRO.AOS.groundwater.well.002","LIRO.W2.20181023.FIL","A00000040853","2018-10-23T15:37Z","2018-10-23T15:37Z","EcoCore_CSU","TDS",51.2400,"milligramsPerLiter",1.3,,0,"formatChange","GOOD"
"1bc48864-dbcf-4f01-821d-5cf62b2517d7","D05","LIRO","LIRO.AOS.groundwater.well.002","LIRO.W2.20181023.FIL","A00000040853","2018-10-23T15:37Z","2018-10-23T15:37Z","EcoCore_CSU","Ca",10.3320,"milligramsPerLiter",1.3,,0,"formatChange","GOOD"
"d47dca63-36f7-402c-a73e-cf271f4ae34e","D05","LIRO","LIRO.AOS.groundwater.well.002","LIRO.W2.20181023.FIL","A00000040853","2018-10-23T15:37Z","2018-10-23T15:37Z","EcoCore_CSU","K",0.1110,"milligramsPerLiter",1.3,,0,"formatChange","GOOD"
"9a569b3a-ca2b-40d8-b358-e3813d5f39cc","D05","LIRO","LIRO.AOS.groundwater.well.002","LIRO.W2.20181023.RAW","A00000007680","2018-10-23T15:37Z","2018-10-23T15:37Z","EcoCore_CSU","TP",0.0265,"milligramsPerLiter",1.3,,0,"formatChange","GOOD"
"a4b75006-8a9c-4409-8fac-1c4156d8c600","D05","LIRO","LIRO.AOS.groundwater.well.002","LIRO.W2.20181023.FIL","A00000040853","2018-10-23T15:37Z","2018-10-23T15:37Z","EcoCore_CSU","Cl",3.1500,"milligramsPerLiter",1.3,,0,"formatChange","GOOD"
"893db6a0-c193-4f6c-852d-c6f29fcb81ee","D05","LIRO","LIRO.AOS.groundwater.well.002","LIRO.W2.20181023.FIL","A00000040853","2018-10-23T15:37Z","2018-10-23T15:37Z","EcoCore_CSU","TDP",0.0197,"milligramsPerLiter",1.3,,0,"formatChange","GOOD"
"0bc56d53-566c-43ae-969e-aca9cefce958","D05","LIRO","LIRO.AOS.groundwater.well.001","LIRO.W1.20181023.RAW","A00000007684","2018-10-23T16:18Z","2018-10-23T16:18Z","EcoCore_CSU","pH",6.6400,"pH",1.3,,0,"formatChange","GOOD"
"ca8c3056-5fbc-4d57-90b0-dce28f722161","D05","LIRO","LIRO.AOS.groundwater.well.001","LIRO.W1.20181023.FIL","A00000040886","2018-10-23T16:18Z","2018-10-23T16:18Z","EcoCore_CSU","Si",9.6887,"milligramsPerLiter",1.3,,0,"formatChange","GOOD"
"1d4082fb-1867-4b6d-aeb3-32f44e82a0fc","D05","LIRO","LIRO.AOS.groundwater.well.001","LIRO.W1.20181023.FIL","A00000040886","2018-10-23T16:18Z","2018-10-23T16:18Z","EcoCore_CSU","NO2 - N",0.0507,"milligramsPerLiter",1.3,"Low NH4 method and Low NO2+NO3 method",0,"formatChange","Other"
"b758be6f-01e6-474e-999b-6593637f3de2","D05","LIRO","LIRO.AOS.groundwater.well.001","LIRO.W1.20181023.FIL","A00000040886","2018-10-23T16:18Z","2018-10-23T16:18Z","EcoCore_CSU","CO3",0.0050,"milligramsPerLiter",1.3,,0,"formatChange","GOOD"
"0310bffb-ead0-44e6-bc71-4b39901ab023","D05","LIRO","LIRO.AOS.groundwater.well.001","LIRO.W1.20181023.FIL","A00000040886","2018-10-23T16:18Z","2018-10-23T16:18Z","EcoCore_CSU","Mg",3.3680,"milligramsPerLiter",1.3,,0,"formatChange","GOOD"
"4a3dd3da-5e41-48f3-ba4c-b4e2f12368d8","D05","LIRO","LIRO.AOS.groundwater.well.001","LIRO.W1.20181023.RAW","A00000007684","2018-10-23T16:18Z","2018-10-23T16:18Z","EcoCore_CSU","TP",0.0180,"milligramsPerLiter",1.3,,0,"formatChange","GOOD"
"868f6310-5955-4712-9153-32fe123ad00b","D05","LIRO","LIRO.AOS.groundwater.well.001","LIRO.W1.20181023.FIL","A00000040886","2018-10-23T16:18Z","2018-10-23T16:18Z","EcoCore_CSU","Cl",1.3187,"milligramsPerLiter",1.3,,0,"formatChange","GOOD"
"45c23e6a-d462-4a67-a3ba-73f13272ff1a","D05","LIRO","LIRO.AOS.groundwater.well.001","LIRO.W1.20181023.RAW","A00000007684","2018-10-23T16:18Z","2018-10-23T16:18Z","EcoCore_CSU","TSS - Dry Mass",200.0000,"microgram",1.3,,0,"formatChange","GOOD"
"8d6e52bd-03df-4115-9905-9c63eb1bcdab","D05","LIRO","LIRO.AOS.groundwater.well.001","LIRO.W1.20181023.RAW","A00000007684","2018-10-23T16:18Z","2018-10-23T16:18Z","EcoCore_CSU","TSS",4.0000,"milligramsPerLiter",1.3,,0,"formatChange","GOOD"
"170f6586-214e-4a23-8826-7b0f4d79a0fb","D05","LIRO","LIRO.AOS.groundwater.well.001","LIRO.W1.20181023.RAW","A00000007684","2018-10-23T16:18Z","2018-10-23T16:18Z","EcoCore_CSU","conductivity",63.8600,"microsiemensPerCentimeter",1.3,,0,"formatChange","GOOD"
"c6313108-57df-4dfc-b4a2-16a7db8cb4a3","D05","LIRO","LIRO.AOS.groundwater.well.001","LIRO.W1.20181023.FIL","A00000040886","2018-10-23T16:18Z","2018-10-23T16:18Z","EcoCore_CSU","TDN",0.1495,"milligramsPerLiter",1.3,,0,"formatChange","GOOD"
"1977e68f-2426-49cd-ab66-276007c2c4a7","D05","LIRO","LIRO.AOS.groundwater.well.001","LIRO.W1.20181023.FIL","A00000040886","2018-10-23T16:18Z","2018-10-23T16:18Z","EcoCore_CSU","UV Absorbance (250 nm)",0.0185,,1.3,,0,"formatChange","GOOD"
"2bf91fc1-fece-43b3-b6ef-c8acf5ca5456","D05","LIRO","LIRO.AOS.groundwater.well.001","LIRO.W1.20181023.PCN","A00000040811","2018-10-23T16:18Z","2018-10-23T16:18Z","EcoCore_CSU","TPN",0.0959,"milligram",1.3,,0,"formatChange","GOOD"
"43a8c5b6-bee8-4641-8adb-2cabf719c8d2","D05","LIRO","LIRO.AOS.groundwater.well.001","LIRO.W1.20181023.FIL","A00000040886","2018-10-23T16:18Z","2018-10-23T16:18Z","EcoCore_CSU","TDP",0.0170,"milligramsPerLiter",1.3,,0,"formatChange","GOOD"
"6b2f8154-4da7-4e79-a8e3-6a5295a88583","D05","LIRO","LIRO.AOS.groundwater.well.001","LIRO.W1.20181023.FIL","A00000040886","2018-10-23T16:18Z","2018-10-23T16:18Z","EcoCore_CSU","F",0.0050,"milligramsPerLiter",1.3,,0,"formatChange","GOOD"
"416dce30-7e5f-4490-b970-5673dcb55215","D05","LIRO","LIRO.AOS.groundwater.well.001","LIRO.W1.20181023.RAW","A00000007684","2018-10-23T16:18Z","2018-10-23T16:18Z","EcoCore_CSU","TOC",0.9854,"milligramsPerLiter",1.3,,0,"formatChange","GOOD"
"7780bccf-6c9b-445e-82d3-33a2afdcfc31","D05","LIRO","LIRO.AOS.groundwater.well.001","LIRO.W1.20181023.FIL","A00000040886","2018-10-23T16:18Z","2018-10-23T16:18Z","EcoCore_CSU","K",0.2210,"milligramsPerLiter",1.3,,0,"formatChange","GOOD"
"db788d30-1ccb-4a76-81fd-c497a64b16ee","D05","LIRO","LIRO.AOS.groundwater.well.001","LIRO.W1.20181023.FIL","A00000040886","2018-10-23T16:18Z","2018-10-23T16:18Z","EcoCore_CSU","Ca",6.6699,"milligramsPerLiter",1.3,,0,"formatChange","GOOD"
"248c6db3-dfb4-4106-bf2d-926a6d5d3c38","D05","LIRO","LIRO.AOS.groundwater.well.001","LIRO.W1.20181023.FIL","A00000040886","2018-10-23T16:18Z","2018-10-23T16:18Z","EcoCore_CSU","Mn",0.0470,"milligramsPerLiter",1.3,,0,"formatChange","GOOD"
"4a2fd00c-7558-4c43-b326-b8735b001de6","D05","LIRO","LIRO.AOS.groundwater.well.001","LIRO.W1.20181023.FIL","A00000040886","2018-10-23T16:18Z","2018-10-23T16:18Z","EcoCore_CSU","NO3+NO2 - N",-0.0751,"milligramsPerLiter",1.3,"Low NH4 method and Low NO2+NO3 method",0,"formatChange","Other"
"4313a26d-2960-4637-818f-ba21c8414f9d","D05","LIRO","LIRO.AOS.groundwater.well.001","LIRO.W1.20181023.FIL","A00000040886","2018-10-23T16:18Z","2018-10-23T16:18Z","EcoCore_CSU","Na",1.4670,"milligramsPerLiter",1.3,,0,"formatChange","GOOD"
"60a744d2-4141-4964-9a6b-b06fb4c5c607","D05","LIRO","LIRO.AOS.groundwater.well.001","LIRO.W1.20181023.PCN","A00000040811","2018-10-23T16:18Z","2018-10-23T16:18Z","EcoCore_CSU","TPC",0.2804,"milligram",1.3,,0,"formatChange","GOOD"
"140b2c06-6f0a-4913-b058-7be379b15b37","D05","LIRO","LIRO.AOS.groundwater.well.001","LIRO.W1.20181023.FIL","A00000040886","2018-10-23T16:18Z","2018-10-23T16:18Z","EcoCore_CSU","HCO3",35.2100,"milligramsPerLiter",1.3,,0,"formatChange","GOOD"
"f33f8896-09e9-4854-ab52-0d7464fdfc64","D05","LIRO","LIRO.AOS.groundwater.well.001","LIRO.W1.20181023.FIL","A00000040886","2018-10-23T16:18Z","2018-10-23T16:18Z","EcoCore_CSU","TDS",43.6200,"milligramsPerLiter",1.3,,0,"formatChange","GOOD"
"a79f9894-7389-4f00-a404-1b8960a1388e","D05","LIRO","LIRO.AOS.groundwater.well.001","LIRO.W1.20181023.FIL","A00000040886","2018-10-23T16:18Z","2018-10-23T16:18Z","EcoCore_CSU","NH4 - N",-0.0277,"milligramsPerLiter",1.3,"Low NH4 method and Low NO2+NO3 method",0,"formatChange","Other"
"cf5b04a6-d16a-453b-aac5-d18a73234274","D05","LIRO","LIRO.AOS.groundwater.well.001","LIRO.W1.20181023.FIL","A00000040886","2018-10-23T16:18Z","2018-10-23T16:18Z","EcoCore_CSU","Fe",0.0091,"milligramsPerLiter",1.3,,0,"formatChange","GOOD"
"595de94f-c9de-4a80-a62f-1c6b16051d57","D05","LIRO","LIRO.AOS.groundwater.well.001","LIRO.W1.20181023.RAW","A00000007684","2018-10-23T16:18Z","2018-10-23T16:18Z","EcoCore_CSU","TN",0.1029,"milligramsPerLiter",1.3,,0,"formatChange","GOOD"
"1dc4377b-fad3-4b28-aef3-75f8d7c0b480","D05","LIRO","LIRO.AOS.groundwater.well.001","LIRO.W1.20181023.RAW","A00000007684","2018-10-23T16:18Z","2018-10-23T16:18Z","EcoCore_CSU","ANC",0.6200,"milliequivalentsPerLiter",1.3,,0,"formatChange","GOOD"
"a61cb119-8530-4308-bfa5-05e00f475820","D05","LIRO","LIRO.AOS.groundwater.well.001","LIRO.W1.20181023.FIL","A00000040886","2018-10-23T16:18Z","2018-10-23T16:18Z","EcoCore_CSU","SO4",3.2160,"milligramsPerLiter",1.3,,0,"formatChange","GOOD"
"6b10a0d4-e404-49b7-a9fb-3aea0f004443","D05","LIRO","LIRO.AOS.groundwater.well.001","LIRO.W1.20181023.FIL","A00000040886","2018-10-23T16:18Z","2018-10-23T16:18Z","EcoCore_CSU","Ortho - P",0.0200,"milligramsPerLiter",1.3,,0,"formatChange","GOOD"
"de3fc501-c496-459d-83bd-5081fcacd958","D05","LIRO","LIRO.AOS.groundwater.well.001","LIRO.W1.20181023.FIL","A00000040886","2018-10-23T16:18Z","2018-10-23T16:18Z","EcoCore_CSU","DOC",1.3380,"milligramsPerLiter",1.3,,0,"formatChange","GOOD"
"37e98592-0616-4bd1-8b6a-19866d8c342c","D05","LIRO","LIRO.AOS.groundwater.well.001","LIRO.W1.20181023.FIL","A00000040886","2018-10-23T16:18Z","2018-10-23T16:18Z","EcoCore_CSU","UV Absorbance (280 nm)",0.0095,,1.3,,0,"formatChange","GOOD"
"31ae9879-269b-4013-b77a-3e17a6a7fff7","D05","LIRO","LIRO.AOS.groundwater.well.001","LIRO.W1.20181023.FIL","A00000040886","2018-10-23T16:18Z","2018-10-23T16:18Z","EcoCore_CSU","DIC",7.7680,"milligramsPerLiter",1.3,,0,"formatChange","GOOD"
"4ea069f8-00b9-4fd9-91e8-efbf4409e56b","D05","LIRO","LIRO.AOS.groundwater.well.001","LIRO.W1.20181023.FIL","A00000040886","2018-10-23T16:18Z","2018-10-23T16:18Z","EcoCore_CSU","Br",0.0050,"milligramsPerLiter",1.3,,0,"formatChange","GOOD"
"763fb90f-1c92-4cc0-a34f-f84d8a0d2012","D05","LIRO","LIRO.AOS.groundwater.well.007","LIRO.W7.20181023.RAW","A00000007688","2018-10-23T17:26Z","2018-10-23T17:26Z","EcoCore_CSU","TSS - Dry Mass",400.0000,"microgram",1.3,,0,"formatChange","GOOD"
"333d51d6-6faf-416c-8b87-6ad747f5e3d2","D05","LIRO","LIRO.AOS.groundwater.well.007","LIRO.W7.20181023.FIL","A00000040836","2018-10-23T17:26Z","2018-10-23T17:26Z","EcoCore_CSU","F",,"milligramsPerLiter",1.3,"Unknown reason for no analyte concentration as a result of external lab data format change",0,"formatChange","Other"
"3c513433-f271-4493-a0ff-81a2fb6ab1a5","D05","LIRO","LIRO.AOS.groundwater.well.007","LIRO.W7.20181023.FIL","A00000040836","2018-10-23T17:26Z","2018-10-23T17:26Z","EcoCore_CSU","NH4 - N",-0.0243,"milligramsPerLiter",1.3,"Low NH4 method and Low NO2+NO3 method",0,"formatChange","Other"
"253b47a9-b9fa-4b4f-b514-fe1832ca33ee","D05","LIRO","LIRO.AOS.groundwater.well.007","LIRO.W7.20181023.RAW","A00000007688","2018-10-23T17:26Z","2018-10-23T17:26Z","EcoCore_CSU","TP",0.0050,"milligramsPerLiter",1.3,,0,"formatChange","GOOD"
"f40fe80a-6feb-46fa-a4fa-95d189c7e330","D05","LIRO","LIRO.AOS.groundwater.well.007","LIRO.W7.20181023.FIL","A00000040836","2018-10-23T17:26Z","2018-10-23T17:26Z","EcoCore_CSU","TDS",25.4100,"milligramsPerLiter",1.3,,0,"formatChange","GOOD"
"e14edcd8-7e3d-4d3a-9ea5-b0d711d887c3","D05","LIRO","LIRO.AOS.groundwater.well.007","LIRO.W7.20181023.PCN","A00000040813","2018-10-23T17:26Z","2018-10-23T17:26Z","EcoCore_CSU","TPN",0.0860,"milligram",1.3,,0,"formatChange","GOOD"
"10a10e53-03da-40b2-8149-7fc8621d08cb","D05","LIRO","LIRO.AOS.groundwater.well.007","LIRO.W7.20181023.FIL","A00000040836","2018-10-23T17:26Z","2018-10-23T17:26Z","EcoCore_CSU","Mg",1.2240,"milligramsPerLiter",1.3,,0,"formatChange","GOOD"
"a9e44c84-5010-4814-b9d3-78d39bd0471a","D05","LIRO","LIRO.AOS.groundwater.well.007","LIRO.W7.20181023.FIL","A00000040836","2018-10-23T17:26Z","2018-10-23T17:26Z","EcoCore_CSU","Fe",0.0005,"milligramsPerLiter",1.3,,0,"formatChange","GOOD"
"33e5d735-b894-437e-b170-b742d45a9680","D05","LIRO","LIRO.AOS.groundwater.well.007","LIRO.W7.20181023.RAW","A00000007688","2018-10-23T17:26Z","2018-10-23T17:26Z","EcoCore_CSU","TSS",8.0000,"milligramsPerLiter",1.3,,0,"formatChange","GOOD"
"b0710b11-5bc0-44d0-982e-0f87cef78853","D05","LIRO","LIRO.AOS.groundwater.well.007","LIRO.W7.20181023.FIL","A00000040836","2018-10-23T17:26Z","2018-10-23T17:26Z","EcoCore_CSU","TDN",0.1985,"milligramsPerLiter",1.3,,0,"formatChange","GOOD"
"5f0efb99-f3e2-42e9-a373-a4da9bcbfa4b","D05","LIRO","LIRO.AOS.groundwater.well.007","LIRO.W7.20181023.FIL","A00000040836","2018-10-23T17:26Z","2018-10-23T17:26Z","EcoCore_CSU","UV Absorbance (250 nm)",0.0087,,1.3,,0,"formatChange","GOOD"
"5dcbe449-3764-44d6-9a3a-1bbf2584735b","D05","LIRO","LIRO.AOS.groundwater.well.007","LIRO.W7.20181023.FIL","A00000040836","2018-10-23T17:26Z","2018-10-23T17:26Z","EcoCore_CSU","DOC",1.0050,"milligramsPerLiter",1.3,,0,"formatChange","GOOD"
"023a7b36-7a9a-4fe5-8711-75130d574f42","D05","LIRO","LIRO.AOS.groundwater.well.007","LIRO.W7.20181023.FIL","A00000040836","2018-10-23T17:26Z","2018-10-23T17:26Z","EcoCore_CSU","NO2 - N",0.0511,"milligramsPerLiter",1.3,"Low NH4 method and Low NO2+NO3 method",0,"formatChange","Other"
"21754451-8228-4d54-963b-c2e53d2d738c","D05","LIRO","LIRO.AOS.groundwater.well.007","LIRO.W7.20181023.RAW","A00000007688","2018-10-23T17:26Z","2018-10-23T17:26Z","EcoCore_CSU","TN",0.2119,"milligramsPerLiter",1.3,,0,"formatChange","GOOD"
"e8a9fe17-6e9b-478e-9b39-da2a3c534a3e","D05","LIRO","LIRO.AOS.groundwater.well.007","LIRO.W7.20181023.FIL","A00000040836","2018-10-23T17:26Z","2018-10-23T17:26Z","EcoCore_CSU","TDP",0.0028,"milligramsPerLiter",1.3,,0,"formatChange","GOOD"
"0f70300d-683a-41fb-8041-35d996da5012","D05","LIRO","LIRO.AOS.groundwater.well.007","LIRO.W7.20181023.FIL","A00000040836","2018-10-23T17:26Z","2018-10-23T17:26Z","EcoCore_CSU","Ortho - P",0.0250,"milligramsPerLiter",1.3,,0,"formatChange","GOOD"
"dc7cc3f2-2fce-4d35-8632-3039ec98f47f","D05","LIRO","LIRO.AOS.groundwater.well.007","LIRO.W7.20181023.RAW","A00000007688","2018-10-23T17:26Z","2018-10-23T17:26Z","EcoCore_CSU","ANC",0.4700,"milliequivalentsPerLiter",1.3,,0,"formatChange","GOOD"
"b0870f00-e4d4-4b01-a5ed-58195bedf55c","D05","LIRO","LIRO.AOS.groundwater.well.007","LIRO.W7.20181023.FIL","A00000040836","2018-10-23T17:26Z","2018-10-23T17:26Z","EcoCore_CSU","Cl",,"milligramsPerLiter",1.3,"Unknown reason for no analyte concentration as a result of external lab data format change",0,"formatChange","Other"
"06b14bc8-7a4b-467b-a8d2-78ddb464558b","D05","LIRO","LIRO.AOS.groundwater.well.007","LIRO.W7.20181023.FIL","A00000040836","2018-10-23T17:26Z","2018-10-23T17:26Z","EcoCore_CSU","CO3",0.0050,"milligramsPerLiter",1.3,,0,"formatChange","GOOD"
"6163d5a9-5291-4a7e-beb7-a79bcb2e6139","D05","LIRO","LIRO.AOS.groundwater.well.007","LIRO.W7.20181023.FIL","A00000040836","2018-10-23T17:26Z","2018-10-23T17:26Z","EcoCore_CSU","DIC",4.4710,"milligramsPerLiter",1.3,,0,"formatChange","GOOD"
"395bcac0-d21b-479a-9d72-afd1f8a83fb7","D05","LIRO","LIRO.AOS.groundwater.well.007","LIRO.W7.20181023.FIL","A00000040836","2018-10-23T17:26Z","2018-10-23T17:26Z","EcoCore_CSU","UV Absorbance (280 nm)",-0.0002,,1.3,,0,"formatChange","GOOD"
"eb23553f-dc8d-4cdb-a443-72dff11c1381","D05","LIRO","LIRO.AOS.groundwater.well.007","LIRO.W7.20181023.FIL","A00000040836","2018-10-23T17:26Z","2018-10-23T17:26Z","EcoCore_CSU","SO4",2.4180,"milligramsPerLiter",1.3,,0,"formatChange","GOOD"
"79d72087-e6d9-491e-a5e1-5c9f3b8d1cc1","D05","LIRO","LIRO.AOS.groundwater.well.007","LIRO.W7.20181023.FIL","A00000040836","2018-10-23T17:26Z","2018-10-23T17:26Z","EcoCore_CSU","NO3+NO2 - N",0.0492,"milligramsPerLiter",1.3,"Low NH4 method and Low NO2+NO3 method",0,"formatChange","Other"
"b49bd5f1-a2a7-4146-971f-ee2203695d46","D05","LIRO","LIRO.AOS.groundwater.well.007","LIRO.W7.20181023.RAW","A00000007688","2018-10-23T17:26Z","2018-10-23T17:26Z","EcoCore_CSU","pH",6.5100,"pH",1.3,,0,"formatChange","GOOD"
"a15ad687-3819-402c-8ece-d3560a313dd2","D05","LIRO","LIRO.AOS.groundwater.well.007","LIRO.W7.20181023.FIL","A00000040836","2018-10-23T17:26Z","2018-10-23T17:26Z","EcoCore_CSU","Mn",0.0140,"milligramsPerLiter",1.3,,0,"formatChange","GOOD"
"66ce45f1-232b-43ec-8560-b40a6f42b392","D05","LIRO","LIRO.AOS.groundwater.well.007","LIRO.W7.20181023.FIL","A00000040836","2018-10-23T17:26Z","2018-10-23T17:26Z","EcoCore_CSU","Na",1.2910,"milligramsPerLiter",1.3,,0,"formatChange","GOOD"
"446dbdaa-ee72-4d6b-ab00-0419f10b6e8c","D05","LIRO","LIRO.AOS.groundwater.well.007","LIRO.W7.20181023.FIL","A00000040836","2018-10-23T17:26Z","2018-10-23T17:26Z","EcoCore_CSU","K",0.0850,"milligramsPerLiter",1.3,,0,"formatChange","GOOD"
"d632f89c-fb20-4ff9-88ab-a179887adacc","D05","LIRO","LIRO.AOS.groundwater.well.007","LIRO.W7.20181023.RAW","A00000007688","2018-10-23T17:26Z","2018-10-23T17:26Z","EcoCore_CSU","TOC",0.9182,"milligramsPerLiter",1.3,,0,"formatChange","GOOD"
"0f21992e-0f4f-45ce-a435-88befea8428b","D05","LIRO","LIRO.AOS.groundwater.well.007","LIRO.W7.20181023.FIL","A00000040836","2018-10-23T17:26Z","2018-10-23T17:26Z","EcoCore_CSU","Ca",3.8405,"milligramsPerLiter",1.3,,0,"formatChange","GOOD"
"84b0159c-aba4-4c8f-a1da-37753e86df97","D05","LIRO","LIRO.AOS.groundwater.well.007","LIRO.W7.20181023.RAW","A00000007688","2018-10-23T17:26Z","2018-10-23T17:26Z","EcoCore_CSU","conductivity",34.3200,"microsiemensPerCentimeter",1.3,,0,"formatChange","GOOD"
"a2154b66-d13d-414b-a62e-92fdb1e22818","D05","LIRO","LIRO.AOS.groundwater.well.007","LIRO.W7.20181023.PCN","A00000040813","2018-10-23T17:26Z","2018-10-23T17:26Z","EcoCore_CSU","TPC",0.2767,"milligram",1.3,,0,"formatChange","GOOD"
"d4d58180-4fa9-485f-a6ad-ebb71edbeab1","D05","LIRO","LIRO.AOS.groundwater.well.007","LIRO.W7.20181023.FIL","A00000040836","2018-10-23T17:26Z","2018-10-23T17:26Z","EcoCore_CSU","HCO3",19.4100,"milligramsPerLiter",1.3,,0,"formatChange","GOOD"
"6166bcab-b562-480d-8e47-623a702b1a96","D05","LIRO","LIRO.AOS.groundwater.well.007","LIRO.W7.20181023.FIL","A00000040836","2018-10-23T17:26Z","2018-10-23T17:26Z","EcoCore_CSU","Br",0.0050,"milligramsPerLiter",1.3,,0,"formatChange","GOOD"
"3d0d3ff3-841b-49e8-81e9-8d407479b2ae","D05","LIRO","LIRO.AOS.groundwater.well.007","LIRO.W7.20181023.FIL","A00000040836","2018-10-23T17:26Z","2018-10-23T17:26Z","EcoCore_CSU","Si",7.0788,"milligramsPerLiter",1.3,,0,"formatChange","GOOD"
"fd317656-cdc1-43e1-97f0-8c8a4d4c6ba9","D05","LIRO","LIRO.AOS.groundwater.well.004","LIRO.W4.20181023.RAW","A00000007681","2018-10-23T18:10Z","2018-10-23T18:10Z","EcoCore_CSU","TN",0.1274,"milligramsPerLiter",1.3,,0,"formatChange","GOOD"
"6cc13ae6-7e28-4a30-8f17-e8282c6b3490","D05","LIRO","LIRO.AOS.groundwater.well.004","LIRO.W4.20181023.RAW","A00000007681","2018-10-23T18:10Z","2018-10-23T18:10Z","EcoCore_CSU","TOC",0.9330,"milligramsPerLiter",1.3,,0,"formatChange","GOOD"
"7bd2e592-5f94-454e-8682-e251dceb0bbe","D05","LIRO","LIRO.AOS.groundwater.well.004","LIRO.W4.20181023.FIL","A00000040802","2018-10-23T18:10Z","2018-10-23T18:10Z","EcoCore_CSU","Na",1.6150,"milligramsPerLiter",1.3,,0,"formatChange","GOOD"
"4808a2ec-94e6-4181-9a17-08fc6153bec1","D05","LIRO","LIRO.AOS.groundwater.well.004","LIRO.W4.20181023.FIL","A00000040802","2018-10-23T18:10Z","2018-10-23T18:10Z","EcoCore_CSU","TDS",55.6300,"milligramsPerLiter",1.3,,0,"formatChange","GOOD"
"d330bbf9-919d-4787-82f6-6f5021cbcdc6","D05","LIRO","LIRO.AOS.groundwater.well.004","LIRO.W4.20181023.FIL","A00000040802","2018-10-23T18:10Z","2018-10-23T18:10Z","EcoCore_CSU","Br",0.0050,"milligramsPerLiter",1.3,,0,"formatChange","GOOD"
"528ce56b-0d8b-434f-8a02-9be0e8fa17b8","D05","LIRO","LIRO.AOS.groundwater.well.004","LIRO.W4.20181023.FIL","A00000040802","2018-10-23T18:10Z","2018-10-23T18:10Z","EcoCore_CSU","HCO3",33.6900,"milligramsPerLiter",1.3,,0,"formatChange","GOOD"
"9c92ae7e-b9b6-48e6-9912-054cc6d71bf5","D05","LIRO","LIRO.AOS.groundwater.well.004","LIRO.W4.20181023.RAW","A00000007681","2018-10-23T18:10Z","2018-10-23T18:10Z","EcoCore_CSU","TP",0.0060,"milligramsPerLiter",1.3,,0,"formatChange","GOOD"
"f5c43c5b-ac7c-47ee-8c8c-0b530fdea361","D05","LIRO","LIRO.AOS.groundwater.well.004","LIRO.W4.20181023.FIL","A00000040802","2018-10-23T18:10Z","2018-10-23T18:10Z","EcoCore_CSU","DOC",1.0480,"milligramsPerLiter",1.3,,0,"formatChange","GOOD"
"da337fbb-007a-4dec-bfd2-d204ff8ca301","D05","LIRO","LIRO.AOS.groundwater.well.004","LIRO.W4.20181023.PCN","A00000040812","2018-10-23T18:10Z","2018-10-23T18:10Z","EcoCore_CSU","TPC",0.3355,"milligram",1.3,,0,"formatChange","GOOD"
"0d4b2e63-377a-4ae8-97d6-fa303dff68ce","D05","LIRO","LIRO.AOS.groundwater.well.004","LIRO.W4.20181023.FIL","A00000040802","2018-10-23T18:10Z","2018-10-23T18:10Z","EcoCore_CSU","Si",8.1096,"milligramsPerLiter",1.3,,0,"formatChange","GOOD"
"f509ae85-9da4-4ac6-8c24-d29ac71aa52c","D05","LIRO","LIRO.AOS.groundwater.well.004","LIRO.W4.20181023.PCN","A00000040812","2018-10-23T18:10Z","2018-10-23T18:10Z","EcoCore_CSU","TPN",0.1026,"milligram",1.3,,0,"formatChange","GOOD"
"aabd719f-a028-48b4-87f5-2eea5f7e5d0d","D05","LIRO","LIRO.AOS.groundwater.well.004","LIRO.W4.20181023.FIL","A00000040802","2018-10-23T18:10Z","2018-10-23T18:10Z","EcoCore_CSU","NO2 - N",0.0509,"milligramsPerLiter",1.3,"Low NH4 method and Low NO2+NO3 method",0,"formatChange","Other"
"24bb8b4c-c458-49a4-a384-07ca05c50e99","D05","LIRO","LIRO.AOS.groundwater.well.004","LIRO.W4.20181023.FIL","A00000040802","2018-10-23T18:10Z","2018-10-23T18:10Z","EcoCore_CSU","K",0.1250,"milligramsPerLiter",1.3,,0,"formatChange","GOOD"
"965ecae7-36dc-4ec1-89d7-c9ee3b27d386","D05","LIRO","LIRO.AOS.groundwater.well.004","LIRO.W4.20181023.RAW","A00000007681","2018-10-23T18:10Z","2018-10-23T18:10Z","EcoCore_CSU","pH",6.8600,"pH",1.3,,0,"formatChange","GOOD"
"277e935d-d90e-4e1e-b11b-019cde8d984d","D05","LIRO","LIRO.AOS.groundwater.well.004","LIRO.W4.20181023.FIL","A00000040802","2018-10-23T18:10Z","2018-10-23T18:10Z","EcoCore_CSU","Mg",3.2200,"milligramsPerLiter",1.3,,0,"formatChange","GOOD"
"8d83e48b-a926-45a7-ac6a-9755783591de","D05","LIRO","LIRO.AOS.groundwater.well.004","LIRO.W4.20181023.RAW","A00000007681","2018-10-23T18:10Z","2018-10-23T18:10Z","EcoCore_CSU","TSS - Dry Mass",1100.0000,"microgram",1.3,,0,"formatChange","GOOD"
"9156259d-de46-46e5-9a1c-e5b2fa77df80","D05","LIRO","LIRO.AOS.groundwater.well.004","LIRO.W4.20181023.FIL","A00000040802","2018-10-23T18:10Z","2018-10-23T18:10Z","EcoCore_CSU","TDP",0.0049,"milligramsPerLiter",1.3,,0,"formatChange","GOOD"
"836e3e84-790c-4642-a5a9-764673c7f9cb","D05","LIRO","LIRO.AOS.groundwater.well.004","LIRO.W4.20181023.RAW","A00000007681","2018-10-23T18:10Z","2018-10-23T18:10Z","EcoCore_CSU","TSS",22.0000,"milligramsPerLiter",1.3,,0,"formatChange","GOOD"
"e50563c3-dcea-4b6a-823f-06a938db7406","D05","LIRO","LIRO.AOS.groundwater.well.004","LIRO.W4.20181023.RAW","A00000007681","2018-10-23T18:10Z","2018-10-23T18:10Z","EcoCore_CSU","ANC",0.6600,"milliequivalentsPerLiter",1.3,,0,"formatChange","GOOD"
"0354b299-b45c-44ff-b683-bf55eaf7ccd6","D05","LIRO","LIRO.AOS.groundwater.well.004","LIRO.W4.20181023.FIL","A00000040802","2018-10-23T18:10Z","2018-10-23T18:10Z","EcoCore_CSU","NO3+NO2 - N",-0.0351,"milligramsPerLiter",1.3,"Low NH4 method and Low NO2+NO3 method",0,"formatChange","Other"
"cbe9b873-cbe7-427b-920c-2333335b804d","D05","LIRO","LIRO.AOS.groundwater.well.004","LIRO.W4.20181023.FIL","A00000040802","2018-10-23T18:10Z","2018-10-23T18:10Z","EcoCore_CSU","Mn",0.0070,"milligramsPerLiter",1.3,,0,"formatChange","GOOD"
"03735adb-87cb-45ef-af17-317573083914","D05","LIRO","LIRO.AOS.groundwater.well.004","LIRO.W4.20181023.RAW","A00000007681","2018-10-23T18:10Z","2018-10-23T18:10Z","EcoCore_CSU","conductivity",81.5900,"microsiemensPerCentimeter",1.3,,0,"formatChange","GOOD"
"479fabec-bc5e-468b-a60e-1f0b319c6764","D05","LIRO","LIRO.AOS.groundwater.well.004","LIRO.W4.20181023.FIL","A00000040802","2018-10-23T18:10Z","2018-10-23T18:10Z","EcoCore_CSU","SO4",5.0430,"milligramsPerLiter",1.3,,0,"formatChange","GOOD"
"bb2a65f5-1dff-4b84-ac6b-43726f993930","D05","LIRO","LIRO.AOS.groundwater.well.004","LIRO.W4.20181023.FIL","A00000040802","2018-10-23T18:10Z","2018-10-23T18:10Z","EcoCore_CSU","TDN",0.1240,"milligramsPerLiter",1.3,,0,"formatChange","GOOD"
"79cbf347-1d7b-4ab8-92ec-a78d15153e59","D05","LIRO","LIRO.AOS.groundwater.well.004","LIRO.W4.20181023.FIL","A00000040802","2018-10-23T18:10Z","2018-10-23T18:10Z","EcoCore_CSU","CO3",0.0050,"milligramsPerLiter",1.3,,0,"formatChange","GOOD"
"52bfc56e-3da2-430a-b0fe-bed60871ebef","D05","LIRO","LIRO.AOS.groundwater.well.004","LIRO.W4.20181023.FIL","A00000040802","2018-10-23T18:10Z","2018-10-23T18:10Z","EcoCore_CSU","UV Absorbance (280 nm)",-0.0003,,1.3,,0,"formatChange","GOOD"
"3708284b-8788-4c8e-87d2-fe7e4a23c2c6","D05","LIRO","LIRO.AOS.groundwater.well.004","LIRO.W4.20181023.FIL","A00000040802","2018-10-23T18:10Z","2018-10-23T18:10Z","EcoCore_CSU","DIC",7.5910,"milligramsPerLiter",1.3,,0,"formatChange","GOOD"
"55a4dc21-a777-415f-a6a6-71c4d976fb2d","D05","LIRO","LIRO.AOS.groundwater.well.004","LIRO.W4.20181023.FIL","A00000040802","2018-10-23T18:10Z","2018-10-23T18:10Z","EcoCore_CSU","Fe",0.0005,"milligramsPerLiter",1.3,,0,"formatChange","GOOD"
"e89612ff-87f4-40d2-be63-c13662ffcf93","D05","LIRO","LIRO.AOS.groundwater.well.004","LIRO.W4.20181023.FIL","A00000040802","2018-10-23T18:10Z","2018-10-23T18:10Z","EcoCore_CSU","Ca",9.5377,"milligramsPerLiter",1.3,,0,"formatChange","GOOD"
"db0fbddd-dc80-4c20-82f3-4cd429c01712","D05","LIRO","LIRO.AOS.groundwater.well.004","LIRO.W4.20181023.FIL","A00000040802","2018-10-23T18:10Z","2018-10-23T18:10Z","EcoCore_CSU","UV Absorbance (250 nm)",0.0092,,1.3,,0,"formatChange","GOOD"
"eb3193af-f590-4b21-a4e8-37c40f2772a9","D05","LIRO","LIRO.AOS.groundwater.well.004","LIRO.W4.20181023.FIL","A00000040802","2018-10-23T18:10Z","2018-10-23T18:10Z","EcoCore_CSU","NH4 - N",0.0236,"milligramsPerLiter",1.3,"Low NH4 method and Low NO2+NO3 method",0,"formatChange","Other"
"088040b0-5a1b-4d5e-8a6a-e14c1d339065","D05","LIRO","LIRO.AOS.groundwater.well.004","LIRO.W4.20181023.FIL","A00000040802","2018-10-23T18:10Z","2018-10-23T18:10Z","EcoCore_CSU","Cl",6.1730,"milligramsPerLiter",1.3,,0,"formatChange","GOOD"
"44e9b319-b273-4072-91cc-0f3b15a6317a","D05","LIRO","LIRO.AOS.groundwater.well.004","LIRO.W4.20181023.FIL","A00000040802","2018-10-23T18:10Z","2018-10-23T18:10Z","EcoCore_CSU","Ortho - P",0.0260,"milligramsPerLiter",1.3,,0,"formatChange","GOOD"
"9c82f861-e634-4b24-bd02-a32a31fd9ab7","D05","LIRO","LIRO.AOS.groundwater.well.004","LIRO.W4.20181023.FIL","A00000040802","2018-10-23T18:10Z","2018-10-23T18:10Z","EcoCore_CSU","F",0.0050,"milligramsPerLiter",1.3,,0,"formatChange","GOOD"
