uid,domainID,siteID,namedLocation,collectDate,parentSampleID,sampleCondition,sampleID,replicateNumber,gwwDICBubbleFree,gwwFiltSampleHeadspace,gwwAlkSampleHeadspace,gwwAlkSampleBubbleFree,processedDate,processedDateFilters,sampleVolumeFiltered,shipmentTimeRange
"9ee444d6-d87e-46ab-9b39-c340b9bfa86e","D05","LIRO","LIRO.AOS.groundwater.well.002","2018-10-23T15:37Z","LIRO.W2.20181023","Sample condition ok","LIRO.W2.20181023",1,,,,,"2018-10-23T15:37Z","2018-10-23T19:50Z",150.0,
"c654d4ae-28c7-4342-ac98-8de8c0582d2c","D05","LIRO","LIRO.AOS.groundwater.well.001","2018-10-23T16:18Z","LIRO.W1.20181023","Sample condition ok","LIRO.W1.20181023",1,,,,,"2018-10-23T16:18Z","2018-10-23T20:06Z",250.0,
"10c166d4-c2f6-415e-bc15-08950570e981","D05","LIRO","LIRO.AOS.groundwater.well.007","2018-10-23T17:26Z","LIRO.W7.20181023","Sample condition ok","LIRO.W7.20181023",1,,,,,"2018-10-23T17:26Z","2018-10-23T20:12Z",250.0,
"2a6340ca-e4ff-4361-8f89-b8a2a50572ce","D05","LIRO","LIRO.AOS.groundwater.well.004","2018-10-23T18:10Z","LIRO.W4.20181023","Sample condition ok","LIRO.W4.20181023",1,,,,,"2018-10-23T18:10Z","2018-10-23T20:18Z",250.0,
