uid,domainID,siteID,namedLocation,decimalLatitude,decimalLongitude,coordinateUncertainty,elevation,elevationUncertainty,geodeticDatum,collectDate,aquaticSiteType,samplingImpractical,waterChemSamplesCollected,adequateSampleVol,parentSampleID,eventID,swcSamplingProtocolVersion,sampleExtractionMethod,samplerType,totalWellDepth,wellWaterDepth,waterColumnHeight,sampleDepth,purgeAverageDischargeRate,purgeTime,gwWellStabilized,purgeDryDateTime,pumpPlacementDate,screenedIntervalDepth,maxAllowableDrawdown,actualDrawdown,MADExceeded,wellVolumePurged,probeIDUnavailable,dissolvedOxygen,dissolvedOxygenSaturation,specificConductance,waterTemp,pH,waterClarityDescrip,waterColorDescrip,aCollectedBy,bCollectedBy,remarks
"dcec021d-a1df-49db-8fb1-ea3d7fd6e50e","D05","LIRO","LIRO.AOS.groundwater.well.002",45.994405,-89.707149,2.4,501.2,1.2,"WGS84","2018-10-23T15:37Z","lake",,,"Y","LIRO.W2.20181023","LIRO.20181023","NEON.DOC.002905vE","low-flow","Groundwater Pump",10.2,6.7,3.5,7.7,,,,,,,,,,3.5,,10.17,90.90,40.00,8.30,,"clear","brown","jbuza@battelleecology.org","hbeeler@battelleecology.org",
"c9af1b8c-05b3-441c-8237-0335827e228d","D05","LIRO","LIRO.AOS.groundwater.well.001",45.994754,-89.707967,2.4,505.9,1.2,"WGS84","2018-10-23T16:18Z","lake",,,"Y","LIRO.W1.20181023","LIRO.20181023","NEON.DOC.002905vE","low-flow","Groundwater Pump",14.6,11.5,3.1,12.5,,,,,,,,,,4.2,,2.86,24.70,47.40,7.30,,"clear","colorless","jbuza@battelleecology.org","hbeeler@battelleecology.org",
"0f59c1dd-9660-46a2-b035-d29f281f38e2","D05","LIRO","LIRO.AOS.groundwater.well.007",46.001007,-89.705512,2.4,501.3,1.2,"WGS84","2018-10-23T17:26Z","lake",,,"Y","LIRO.W7.20181023","LIRO.20181023","NEON.DOC.002905vE","low-flow","Groundwater Pump",11.5,6.9,4.6,7.9,,,,,,,,,,5.1,,10.32,92.70,27.10,8.60,,"clear","colorless","jbuza@battelleecology.org","hbeeler@battelleecology.org",
"1b54911f-2d89-474e-b94c-0a5a1c2f72b1","D05","LIRO","LIRO.AOS.groundwater.well.004",46.000149,-89.701040,2.4,500.6,1.2,"WGS84","2018-10-23T18:10Z","lake",,,"Y","LIRO.W4.20181023","LIRO.20181023","NEON.DOC.002905vE","low-flow","Groundwater Pump",10.0,5.9,4.1,6.9,,,,,,,,,,4.1,,9.70,85.00,54.80,7.60,,"clear","brown","jbuza@battelleecology.org","hbeeler@battelleecology.org",
