uid,domainID,siteID,namedLocation,collectDate,titrationDate,parentSampleID,domainSampleID,remarks,measuredBy,alkMeqPerL,alkMgPerL,ancMeqPerL,ancMgPerL
"9db448c5-c5f4-4d96-b208-0ebad2cd3a5b","D05","LIRO","LIRO.AOS.groundwater.well.002","2018-10-23T15:37Z","2018-10-23T08:55Z","LIRO.W2.20181023","LIRO.W2.20181023.ALK",,"jbuza",0.140,6.880,,
"9f4393fe-db76-4139-8449-eb416200e734","D05","LIRO","LIRO.AOS.groundwater.well.001","2018-10-23T16:18Z","2018-10-23T08:00Z","LIRO.W1.20181023","LIRO.W1.20181023.ALK",,"jbuza",0.140,7.060,,
"438c8ceb-38c5-49da-a6ea-6fa057d82d20","D05","LIRO","LIRO.AOS.groundwater.well.007","2018-10-23T17:26Z","2018-10-23T09:30Z","LIRO.W7.20181023","LIRO.W7.20181023.ALK",,"jbuza",0.070,3.510,,
"da7b4b09-ba37-4c43-8f8d-4e06fe8ac35a","D05","LIRO","LIRO.AOS.groundwater.well.004","2018-10-23T18:10Z","2018-10-23T08:25Z","LIRO.W4.20181023","LIRO.W4.20181023.ALK",,"jbuza",0.300,14.900,,
