uid,domainID,siteID,namedLocation,sampleID,sampleCode,startDate,collectDate,laboratoryName,analyte,analyteConcentration,analyteUnits,coolerTemp,remarks,shipmentWarmQF,externalLabDataQF,sampleCondition
"ed0905a5-58df-41e0-82ab-84c8b02eb4a0","D07","WALK","WALK.AOS.groundwater.well.003","WALK.W3.20180807.FIL","A00000012830","2018-08-07T13:00Z","2018-08-07T13:00Z","EcoCore_CSU","Si",5.4473,"milligramsPerLiter",1.0,,0,"formatChange","GOOD"
"b0a3107b-7459-4bad-9324-ad83a1c157fe","D07","WALK","WALK.AOS.groundwater.well.003","WALK.W3.20180807.FIL","A00000012830","2018-08-07T13:00Z","2018-08-07T13:00Z","EcoCore_CSU","NH4 - N",0.0342,"milligramsPerLiter",1.0,,0,"formatChange","GOOD"
"5c5cab7e-5987-4d21-96bb-702343b83a4a","D07","WALK","WALK.AOS.groundwater.well.003","WALK.W3.20180807.FIL","A00000012830","2018-08-07T13:00Z","2018-08-07T13:00Z","EcoCore_CSU","TDS",177.3500,"milligramsPerLiter",1.0,,0,"formatChange","GOOD"
"615f6282-ba3a-400b-a404-248ed645c334","D07","WALK","WALK.AOS.groundwater.well.003","WALK.W3.20180807.FIL","A00000012830","2018-08-07T13:00Z","2018-08-07T13:00Z","EcoCore_CSU","UV Absorbance (250 nm)",0.0024,,1.0,,0,"formatChange","GOOD"
"2ab0d929-ef3f-4c2c-a1fd-f6206c7f645b","D07","WALK","WALK.AOS.groundwater.well.003","WALK.W3.20180807.FIL","A00000012830","2018-08-07T13:00Z","2018-08-07T13:00Z","EcoCore_CSU","NO2 - N",0.0198,"milligramsPerLiter",1.0,,0,"formatChange","GOOD"
"53763083-1be1-49e4-ace6-850df5af536d","D07","WALK","WALK.AOS.groundwater.well.003","WALK.W3.20180807.PCN",,"2018-08-07T13:00Z","2018-08-07T13:00Z","EcoCore_CSU","TPC",0.3300,"milligram",1.0,,0,"formatChange","GOOD"
"abc357db-23a7-496e-94ee-f4c9f0e22c96","D07","WALK","WALK.AOS.groundwater.well.003","WALK.W3.20180807.FIL","A00000012830","2018-08-07T13:00Z","2018-08-07T13:00Z","EcoCore_CSU","F",0.0050,"milligramsPerLiter",1.0,,0,"formatChange","GOOD"
"30d978c8-c011-4f26-8b2f-58d987bba4ba","D07","WALK","WALK.AOS.groundwater.well.003","WALK.W3.20180807.FIL","A00000012830","2018-08-07T13:00Z","2018-08-07T13:00Z","EcoCore_CSU","Mg",17.8900,"milligramsPerLiter",1.0,,0,"formatChange","GOOD"
"7c8d6bd8-d8d4-4b6b-bad9-4daa5fb74881","D07","WALK","WALK.AOS.groundwater.well.003","WALK.W3.20180807.FIL","A00000012830","2018-08-07T13:00Z","2018-08-07T13:00Z","EcoCore_CSU","Na",0.6930,"milligramsPerLiter",1.0,,0,"formatChange","GOOD"
"68736b18-6b3c-4331-ada1-30df70818f09","D07","WALK","WALK.AOS.groundwater.well.003","WALK.W3.20180807.FIL","A00000012830","2018-08-07T13:00Z","2018-08-07T13:00Z","EcoCore_CSU","DOC",1.0450,"milligramsPerLiter",1.0,,0,"formatChange","GOOD"
"95ea8b7a-532a-40d4-a783-4867c3acd24c","D07","WALK","WALK.AOS.groundwater.well.003","WALK.W3.20180807.FIL","A00000012830","2018-08-07T13:00Z","2018-08-07T13:00Z","EcoCore_CSU","Fe",0.0005,"milligramsPerLiter",1.0,,0,"formatChange","GOOD"
"bbd29897-0166-47b8-85aa-56d952056948","D07","WALK","WALK.AOS.groundwater.well.003","WALK.W3.20180807.RAW","A00000012822","2018-08-07T13:00Z","2018-08-07T13:00Z","EcoCore_CSU","pH",7.6200,"pH",1.0,,0,"formatChange","GOOD"
"83ab8e2f-3bc4-4e7c-ae92-97335845318c","D07","WALK","WALK.AOS.groundwater.well.003","WALK.W3.20180807.RAW","A00000012822","2018-08-07T13:00Z","2018-08-07T13:00Z","EcoCore_CSU","TOC",0.6922,"milligramsPerLiter",1.0,,0,"formatChange","GOOD"
"7e2f0df6-cfff-48bc-a60f-1b3c7c94e520","D07","WALK","WALK.AOS.groundwater.well.003","WALK.W3.20180807.FIL","A00000012830","2018-08-07T13:00Z","2018-08-07T13:00Z","EcoCore_CSU","TDP",0.0005,"milligramsPerLiter",1.0,,0,"formatChange","GOOD"
"0edb65d2-d0b6-4589-82fc-a3962a7552c1","D07","WALK","WALK.AOS.groundwater.well.003","WALK.W3.20180807.PCN",,"2018-08-07T13:00Z","2018-08-07T13:00Z","EcoCore_CSU","TPN",0.0971,"milligram",1.0,,0,"formatChange","GOOD"
"a6e77b0b-298d-417b-a3a5-5dab72edab69","D07","WALK","WALK.AOS.groundwater.well.003","WALK.W3.20180807.FIL","A00000012830","2018-08-07T13:00Z","2018-08-07T13:00Z","EcoCore_CSU","Ortho - P",0.0130,"milligramsPerLiter",1.0,,0,"formatChange","GOOD"
"d10cad2c-aa2a-480b-a74d-85bb35351851","D07","WALK","WALK.AOS.groundwater.well.003","WALK.W3.20180807.RAW","A00000012822","2018-08-07T13:00Z","2018-08-07T13:00Z","EcoCore_CSU","TN",0.1121,"milligramsPerLiter",1.0,,0,"formatChange","GOOD"
"eb2f506b-fb20-41f4-abb1-29fba2a45a4b","D07","WALK","WALK.AOS.groundwater.well.003","WALK.W3.20180807.FIL","A00000012830","2018-08-07T13:00Z","2018-08-07T13:00Z","EcoCore_CSU","NO3+NO2 - N",0.0793,"milligramsPerLiter",1.0,,0,"formatChange","GOOD"
"c2aa9e6f-a90a-44f3-90f5-867030303846","D07","WALK","WALK.AOS.groundwater.well.003","WALK.W3.20180807.FIL","A00000012830","2018-08-07T13:00Z","2018-08-07T13:00Z","EcoCore_CSU","Cl",2.1298,"milligramsPerLiter",1.0,,0,"formatChange","GOOD"
"3150e6ea-db6e-46f0-b863-055a02a39a45","D07","WALK","WALK.AOS.groundwater.well.003","WALK.W3.20180807.FIL","A00000012830","2018-08-07T13:00Z","2018-08-07T13:00Z","EcoCore_CSU","K",0.0005,"milligramsPerLiter",1.0,,0,"formatChange","GOOD"
"e979e0a2-20d4-449c-8d70-124cf2bc8c64","D07","WALK","WALK.AOS.groundwater.well.003","WALK.W3.20180807.RAW","A00000012822","2018-08-07T13:00Z","2018-08-07T13:00Z","EcoCore_CSU","conductivity",252.6100,"microsiemensPerCentimeter",1.0,,0,"formatChange","GOOD"
"5cb99b20-78dc-4cd2-bfaa-114c4214a27e","D07","WALK","WALK.AOS.groundwater.well.003","WALK.W3.20180807.FIL","A00000012830","2018-08-07T13:00Z","2018-08-07T13:00Z","EcoCore_CSU","Mn",0.0005,"milligramsPerLiter",1.0,,0,"formatChange","GOOD"
"18b149eb-557c-4598-9220-82bad27833e5","D07","WALK","WALK.AOS.groundwater.well.003","WALK.W3.20180807.RAW","A00000012822","2018-08-07T13:00Z","2018-08-07T13:00Z","EcoCore_CSU","TSS",16.0000,"milligramsPerLiter",1.0,,0,"formatChange","GOOD"
"1d137fad-4aa3-4e6c-8f98-2decf64e6fbc","D07","WALK","WALK.AOS.groundwater.well.003","WALK.W3.20180807.FIL","A00000012830","2018-08-07T13:00Z","2018-08-07T13:00Z","EcoCore_CSU","Br",0.0050,"milligramsPerLiter",1.0,,0,"formatChange","GOOD"
"55b27c32-2094-496d-8329-67f209d58ff7","D07","WALK","WALK.AOS.groundwater.well.003","WALK.W3.20180807.RAW","A00000012822","2018-08-07T13:00Z","2018-08-07T13:00Z","EcoCore_CSU","TSS - Dry Mass",800.0000,"microgram",1.0,,0,"formatChange","GOOD"
"db3b441f-47fa-4a55-ab6e-0e9ec645df95","D07","WALK","WALK.AOS.groundwater.well.003","WALK.W3.20180807.FIL","A00000012830","2018-08-07T13:00Z","2018-08-07T13:00Z","EcoCore_CSU","SO4",2.0670,"milligramsPerLiter",1.0,,0,"formatChange","GOOD"
"caa9c5da-e6a4-4ad4-ad60-b6a480f8383b","D07","WALK","WALK.AOS.groundwater.well.003","WALK.W3.20180807.FIL","A00000012830","2018-08-07T13:00Z","2018-08-07T13:00Z","EcoCore_CSU","CO3",0.0050,"milligramsPerLiter",1.0,,0,"formatChange","GOOD"
"cdc06b12-cdcf-45b5-b8fb-4ec37050ef2e","D07","WALK","WALK.AOS.groundwater.well.003","WALK.W3.20180807.RAW","A00000012822","2018-08-07T13:00Z","2018-08-07T13:00Z","EcoCore_CSU","TP",0.0030,"milligramsPerLiter",1.0,,0,"formatChange","GOOD"
"5f087b9d-64ae-4230-b22d-5e89b874e933","D07","WALK","WALK.AOS.groundwater.well.003","WALK.W3.20180807.RAW","A00000012822","2018-08-07T13:00Z","2018-08-07T13:00Z","EcoCore_CSU","ANC",2.9700,"milliequivalentsPerLiter",1.0,,0,"formatChange","GOOD"
"4739370a-86ef-4924-ba6d-26b9eca16994","D07","WALK","WALK.AOS.groundwater.well.003","WALK.W3.20180807.FIL","A00000012830","2018-08-07T13:00Z","2018-08-07T13:00Z","EcoCore_CSU","Ca",27.5143,"milligramsPerLiter",1.0,,0,"formatChange","GOOD"
"a2fab8b8-0703-45e6-88e3-049bfe8c18b5","D07","WALK","WALK.AOS.groundwater.well.003","WALK.W3.20180807.FIL","A00000012830","2018-08-07T13:00Z","2018-08-07T13:00Z","EcoCore_CSU","HCO3",172.5400,"milligramsPerLiter",1.0,,0,"formatChange","GOOD"
"6b85c8b8-1aef-4eda-9ffb-3497440eca18","D07","WALK","WALK.AOS.groundwater.well.003","WALK.W3.20180807.FIL","A00000012830","2018-08-07T13:00Z","2018-08-07T13:00Z","EcoCore_CSU","DIC",35.8100,"milligramsPerLiter",1.0,,0,"formatChange","GOOD"
"57519343-ea46-4837-8830-26a0e2a7cfdf","D07","WALK","WALK.AOS.groundwater.well.003","WALK.W3.20180807.FIL","A00000012830","2018-08-07T13:00Z","2018-08-07T13:00Z","EcoCore_CSU","TDN",0.1682,"milligramsPerLiter",1.0,,0,"formatChange","GOOD"
"4f5ea1f3-878b-4ad5-9158-30066d12c4a4","D07","WALK","WALK.AOS.groundwater.well.003","WALK.W3.20180807.FIL","A00000012830","2018-08-07T13:00Z","2018-08-07T13:00Z","EcoCore_CSU","UV Absorbance (280 nm)",0.0010,,1.0,,0,"formatChange","GOOD"
"51719c6d-e633-4ab6-b7e6-7d06406ee1a1","D07","WALK","WALK.AOS.groundwater.well.001","WALK.W1.20180807.FIL","A00000012832","2018-08-07T14:15Z","2018-08-07T14:15Z","EcoCore_CSU","K",0.7730,"milligramsPerLiter",1.0,,0,"formatChange","GOOD"
"28e75e96-955c-4aaa-a0da-883ddb1174f4","D07","WALK","WALK.AOS.groundwater.well.001","WALK.W1.20180807.FIL","A00000012832","2018-08-07T14:15Z","2018-08-07T14:15Z","EcoCore_CSU","Si",4.3732,"milligramsPerLiter",1.0,,0,"formatChange","GOOD"
"9bc6f5c6-8642-4c40-add0-6bafc56f3760","D07","WALK","WALK.AOS.groundwater.well.001","WALK.W1.20180807.FIL","A00000012832","2018-08-07T14:15Z","2018-08-07T14:15Z","EcoCore_CSU","F",0.8049,"milligramsPerLiter",1.0,,0,"formatChange","GOOD"
"15d8f2f9-a929-4f02-8342-c294df3543e8","D07","WALK","WALK.AOS.groundwater.well.001","WALK.W1.20180807.FIL","A00000012832","2018-08-07T14:15Z","2018-08-07T14:15Z","EcoCore_CSU","NO2 - N",0.0178,"milligramsPerLiter",1.0,,0,"formatChange","GOOD"
"2b6625ea-2148-4b5c-92eb-f8bac5ec4538","D07","WALK","WALK.AOS.groundwater.well.001","WALK.W1.20180807.RAW","A00000012825","2018-08-07T14:15Z","2018-08-07T14:15Z","EcoCore_CSU","TOC",0.6112,"milligramsPerLiter",1.0,,0,"formatChange","GOOD"
"c6bcef34-4a95-4244-b131-880cdfbac9c5","D07","WALK","WALK.AOS.groundwater.well.001","WALK.W1.20180807.FIL","A00000012832","2018-08-07T14:15Z","2018-08-07T14:15Z","EcoCore_CSU","Na",0.8340,"milligramsPerLiter",1.0,,0,"formatChange","GOOD"
"5313ec9a-a677-4cdb-b9a5-528a8356aff8","D07","WALK","WALK.AOS.groundwater.well.001","WALK.W1.20180807.FIL","A00000012832","2018-08-07T14:15Z","2018-08-07T14:15Z","EcoCore_CSU","Fe",0.0005,"milligramsPerLiter",1.0,,0,"formatChange","GOOD"
"57705cb1-ef04-47c5-9211-5c9b01ed5ae7","D07","WALK","WALK.AOS.groundwater.well.001","WALK.W1.20180807.FIL","A00000012832","2018-08-07T14:15Z","2018-08-07T14:15Z","EcoCore_CSU","NO3+NO2 - N",0.1003,"milligramsPerLiter",1.0,,0,"formatChange","GOOD"
"63363d77-9b3b-4836-95f9-122913b98947","D07","WALK","WALK.AOS.groundwater.well.001","WALK.W1.20180807.RAW","A00000012825","2018-08-07T14:15Z","2018-08-07T14:15Z","EcoCore_CSU","TP",0.0040,"milligramsPerLiter",1.0,,0,"formatChange","GOOD"
"aa6eaa86-13f3-48b7-aaf2-e95d8c0e85cd","D07","WALK","WALK.AOS.groundwater.well.001","WALK.W1.20180807.FIL","A00000012832","2018-08-07T14:15Z","2018-08-07T14:15Z","EcoCore_CSU","DOC",0.7794,"milligramsPerLiter",1.0,,0,"formatChange","GOOD"
"88231599-4f48-41cc-88d4-ab96a9107a5b","D07","WALK","WALK.AOS.groundwater.well.001","WALK.W1.20180807.FIL","A00000012832","2018-08-07T14:15Z","2018-08-07T14:15Z","EcoCore_CSU","NH4 - N",-0.0001,"milligramsPerLiter",1.0,,0,"formatChange","GOOD"
"121b5c21-08cd-4508-8da0-8127360306ef","D07","WALK","WALK.AOS.groundwater.well.001","WALK.W1.20180807.FIL","A00000012832","2018-08-07T14:15Z","2018-08-07T14:15Z","EcoCore_CSU","UV Absorbance (250 nm)",-0.0019,,1.0,,0,"formatChange","GOOD"
"8c63517f-70c3-46d8-8282-e37b25d9468e","D07","WALK","WALK.AOS.groundwater.well.001","WALK.W1.20180807.RAW","A00000012825","2018-08-07T14:15Z","2018-08-07T14:15Z","EcoCore_CSU","ANC",3.9800,"milliequivalentsPerLiter",1.0,,0,"formatChange","GOOD"
"2cb5d11f-6470-4be7-9c70-b8a783ca6db8","D07","WALK","WALK.AOS.groundwater.well.001","WALK.W1.20180807.RAW","A00000012825","2018-08-07T14:15Z","2018-08-07T14:15Z","EcoCore_CSU","TSS - Dry Mass",2300.0000,"microgram",1.0,,0,"formatChange","GOOD"
"0eb13e1d-d2b0-4ecd-8192-a91550ccf7ba","D07","WALK","WALK.AOS.groundwater.well.001","WALK.W1.20180807.FIL","A00000012832","2018-08-07T14:15Z","2018-08-07T14:15Z","EcoCore_CSU","TDN",0.1316,"milligramsPerLiter",1.0,,0,"formatChange","GOOD"
"7a04e0a5-0eeb-4f5d-a107-f5c97daf4f76","D07","WALK","WALK.AOS.groundwater.well.001","WALK.W1.20180807.FIL","A00000012832","2018-08-07T14:15Z","2018-08-07T14:15Z","EcoCore_CSU","CO3",0.0050,"milligramsPerLiter",1.0,,0,"formatChange","GOOD"
"eaf96d5c-f426-47e5-8215-a452b62bb19c","D07","WALK","WALK.AOS.groundwater.well.001","WALK.W1.20180807.FIL","A00000012832","2018-08-07T14:15Z","2018-08-07T14:15Z","EcoCore_CSU","SO4",6.9210,"milligramsPerLiter",1.0,,0,"formatChange","GOOD"
"33a07b33-0ddd-4121-9efe-bc67e3c67c6f","D07","WALK","WALK.AOS.groundwater.well.001","WALK.W1.20180807.FIL","A00000012832","2018-08-07T14:15Z","2018-08-07T14:15Z","EcoCore_CSU","Ca",38.4374,"milligramsPerLiter",1.0,,0,"formatChange","GOOD"
"d7417da6-1eca-4dc2-95b8-7bc1150a64e0","D07","WALK","WALK.AOS.groundwater.well.001","WALK.W1.20180807.FIL","A00000012832","2018-08-07T14:15Z","2018-08-07T14:15Z","EcoCore_CSU","DIC",43.0000,"milligramsPerLiter",1.0,,0,"formatChange","GOOD"
"eed44150-0560-4419-a033-bdec79415ec8","D07","WALK","WALK.AOS.groundwater.well.001","WALK.W1.20180807.FIL","A00000012832","2018-08-07T14:15Z","2018-08-07T14:15Z","EcoCore_CSU","HCO3",220.7446,"milligramsPerLiter",1.0,,0,"formatChange","GOOD"
"0333caf2-2c89-44f7-a584-3affd60299b1","D07","WALK","WALK.AOS.groundwater.well.001","WALK.W1.20180807.FIL","A00000012832","2018-08-07T14:15Z","2018-08-07T14:15Z","EcoCore_CSU","Ortho - P",0.0100,"milligramsPerLiter",1.0,,0,"formatChange","GOOD"
"ffed1748-8015-4094-b067-978956d3aaff","D07","WALK","WALK.AOS.groundwater.well.001","WALK.W1.20180807.FIL","A00000012832","2018-08-07T14:15Z","2018-08-07T14:15Z","EcoCore_CSU","Br",0.0050,"milligramsPerLiter",1.0,,0,"formatChange","GOOD"
"f7f18a03-eed5-42ee-ae13-30d295323a21","D07","WALK","WALK.AOS.groundwater.well.001","WALK.W1.20180807.FIL","A00000012832","2018-08-07T14:15Z","2018-08-07T14:15Z","EcoCore_CSU","TDP",0.0005,"milligramsPerLiter",1.0,,0,"formatChange","GOOD"
"93da0a90-6a97-4991-8da6-fa000a6c4610","D07","WALK","WALK.AOS.groundwater.well.001","WALK.W1.20180807.FIL","A00000012832","2018-08-07T14:15Z","2018-08-07T14:15Z","EcoCore_CSU","TDS",256.1800,"milligramsPerLiter",1.0,,0,"formatChange","GOOD"
"8f0c8034-1199-41a9-b975-d87ed41d2fac","D07","WALK","WALK.AOS.groundwater.well.001","WALK.W1.20180807.RAW","A00000012825","2018-08-07T14:15Z","2018-08-07T14:15Z","EcoCore_CSU","TN",0.1277,"milligramsPerLiter",1.0,,0,"formatChange","GOOD"
"da4e2e7e-cdbf-43d5-9d38-28addffae80c","D07","WALK","WALK.AOS.groundwater.well.001","WALK.W1.20180807.FIL","A00000012832","2018-08-07T14:15Z","2018-08-07T14:15Z","EcoCore_CSU","Cl",2.2769,"milligramsPerLiter",1.0,,0,"formatChange","GOOD"
"7ff3b3c4-0225-4990-9eab-a2eb395b0120","D07","WALK","WALK.AOS.groundwater.well.001","WALK.W1.20180807.RAW","A00000012825","2018-08-07T14:15Z","2018-08-07T14:15Z","EcoCore_CSU","conductivity",365.2900,"microsiemensPerCentimeter",1.0,,0,"formatChange","GOOD"
"a0d3cdde-59e5-4a9d-a047-b8b2a48546a4","D07","WALK","WALK.AOS.groundwater.well.001","WALK.W1.20180807.FIL","A00000012832","2018-08-07T14:15Z","2018-08-07T14:15Z","EcoCore_CSU","Mn",0.0005,"milligramsPerLiter",1.0,,0,"formatChange","GOOD"
"c0a7d843-8163-4043-a0cc-eca3a8434031","D07","WALK","WALK.AOS.groundwater.well.001","WALK.W1.20180807.FIL","A00000012832","2018-08-07T14:15Z","2018-08-07T14:15Z","EcoCore_CSU","UV Absorbance (280 nm)",-0.0022,,1.0,,0,"formatChange","GOOD"
"547cd2aa-b946-4b3f-b61b-623eea7d67aa","D07","WALK","WALK.AOS.groundwater.well.001","WALK.W1.20180807.FIL","A00000012832","2018-08-07T14:15Z","2018-08-07T14:15Z","EcoCore_CSU","Mg",21.4200,"milligramsPerLiter",1.0,,0,"formatChange","GOOD"
"30792204-4b15-48a8-b9b8-09dc6131b33d","D07","WALK","WALK.AOS.groundwater.well.001","WALK.W1.20180807.RAW","A00000012825","2018-08-07T14:15Z","2018-08-07T14:15Z","EcoCore_CSU","pH",7.8500,"pH",1.0,,0,"formatChange","GOOD"
"fb0f6d43-8a7d-4864-acd4-443c887438d7","D07","WALK","WALK.AOS.groundwater.well.001","WALK.W1.20180807.PCN",,"2018-08-07T14:15Z","2018-08-07T14:15Z","EcoCore_CSU","TPN",0.1182,"milligram",1.0,,0,"formatChange","GOOD"
"c2be3828-6a9f-426c-8e54-ff907d913288","D07","WALK","WALK.AOS.groundwater.well.001","WALK.W1.20180807.PCN",,"2018-08-07T14:15Z","2018-08-07T14:15Z","EcoCore_CSU","TPC",0.3887,"milligram",1.0,,0,"formatChange","GOOD"
"c38d3abc-1596-4f1b-9027-8b8c91a2d4d3","D07","WALK","WALK.AOS.groundwater.well.001","WALK.W1.20180807.RAW","A00000012825","2018-08-07T14:15Z","2018-08-07T14:15Z","EcoCore_CSU","TSS",46.0000,"milligramsPerLiter",1.0,,0,"formatChange","GOOD"
"87505e24-0454-45d9-91a1-aeaa99d01a6d","D07","WALK","WALK.AOS.groundwater.well.002","WALK.W2.20180807.FIL","A00000012831","2018-08-07T15:20Z","2018-08-07T15:20Z","EcoCore_CSU","UV Absorbance (250 nm)",0.0053,,1.0,,0,"formatChange","GOOD"
"d211907c-c1e9-48c6-92df-5d65513fbb50","D07","WALK","WALK.AOS.groundwater.well.002","WALK.W2.20180807.FIL","A00000012831","2018-08-07T15:20Z","2018-08-07T15:20Z","EcoCore_CSU","Mn",0.0005,"milligramsPerLiter",1.0,,0,"formatChange","GOOD"
"b9caaeae-49f2-4b80-98b3-7167997845b4","D07","WALK","WALK.AOS.groundwater.well.002","WALK.W2.20180807.RAW","A00000012815","2018-08-07T15:20Z","2018-08-07T15:20Z","EcoCore_CSU","TSS - Dry Mass",400.0000,"microgram",1.0,,0,"formatChange","GOOD"
"8ab283e7-e7f6-4269-9a15-29c23f91b246","D07","WALK","WALK.AOS.groundwater.well.002","WALK.W2.20180807.RAW","A00000012815","2018-08-07T15:20Z","2018-08-07T15:20Z","EcoCore_CSU","pH",7.5400,"pH",1.0,,0,"formatChange","GOOD"
"e91c8e1a-15a4-4c79-9c69-d95744397f9c","D07","WALK","WALK.AOS.groundwater.well.002","WALK.W2.20180807.PCN",,"2018-08-07T15:20Z","2018-08-07T15:20Z","EcoCore_CSU","TPC",0.3072,"milligram",1.0,,0,"formatChange","GOOD"
"33340719-56b7-4426-ac28-3be9e3f3de16","D07","WALK","WALK.AOS.groundwater.well.002","WALK.W2.20180807.FIL","A00000012831","2018-08-07T15:20Z","2018-08-07T15:20Z","EcoCore_CSU","K",0.0005,"milligramsPerLiter",1.0,,0,"formatChange","GOOD"
"4b36fa20-6bb7-4031-8508-ecf2084af71f","D07","WALK","WALK.AOS.groundwater.well.002","WALK.W2.20180807.FIL","A00000012831","2018-08-07T15:20Z","2018-08-07T15:20Z","EcoCore_CSU","Cl",3.4078,"milligramsPerLiter",1.0,,0,"formatChange","GOOD"
"4d51bec6-1d67-4bb7-a038-a3bc0d946ef8","D07","WALK","WALK.AOS.groundwater.well.002","WALK.W2.20180807.FIL","A00000012831","2018-08-07T15:20Z","2018-08-07T15:20Z","EcoCore_CSU","SO4",2.5560,"milligramsPerLiter",1.0,,0,"formatChange","GOOD"
"4040cbd6-8c1b-41d9-a8f9-70604eb2629f","D07","WALK","WALK.AOS.groundwater.well.002","WALK.W2.20180807.FIL","A00000012831","2018-08-07T15:20Z","2018-08-07T15:20Z","EcoCore_CSU","F",0.0050,"milligramsPerLiter",1.0,,0,"formatChange","GOOD"
"172158d6-0422-468c-be1e-7121d392019c","D07","WALK","WALK.AOS.groundwater.well.002","WALK.W2.20180807.FIL","A00000012831","2018-08-07T15:20Z","2018-08-07T15:20Z","EcoCore_CSU","CO3",0.0050,"milligramsPerLiter",1.0,,0,"formatChange","GOOD"
"41a5b3e8-03d2-4984-9d0d-155cb7a597c2","D07","WALK","WALK.AOS.groundwater.well.002","WALK.W2.20180807.PCN",,"2018-08-07T15:20Z","2018-08-07T15:20Z","EcoCore_CSU","TPN",0.0993,"milligram",1.0,,0,"formatChange","GOOD"
"c8e64ee6-c237-49d4-b37f-d93f0af6e0f3","D07","WALK","WALK.AOS.groundwater.well.002","WALK.W2.20180807.FIL","A00000012831","2018-08-07T15:20Z","2018-08-07T15:20Z","EcoCore_CSU","HCO3",152.2400,"milligramsPerLiter",1.0,,0,"formatChange","GOOD"
"a0496793-3721-41c8-b5ac-9fc9087e1878","D07","WALK","WALK.AOS.groundwater.well.002","WALK.W2.20180807.FIL","A00000012831","2018-08-07T15:20Z","2018-08-07T15:20Z","EcoCore_CSU","NO2 - N",0.0182,"milligramsPerLiter",1.0,,0,"formatChange","GOOD"
"0540e6f0-b6da-4e85-975f-0f9d2add1531","D07","WALK","WALK.AOS.groundwater.well.002","WALK.W2.20180807.FIL","A00000012831","2018-08-07T15:20Z","2018-08-07T15:20Z","EcoCore_CSU","DIC",37.9800,"milligramsPerLiter",1.0,,0,"formatChange","GOOD"
"4eaece02-ddc8-45c3-8db2-f4ba2eafe93e","D07","WALK","WALK.AOS.groundwater.well.002","WALK.W2.20180807.FIL","A00000012831","2018-08-07T15:20Z","2018-08-07T15:20Z","EcoCore_CSU","NH4 - N",0.0356,"milligramsPerLiter",1.0,,0,"formatChange","GOOD"
"4d1d5ea7-e39d-4013-a468-3d1bf9ea31f1","D07","WALK","WALK.AOS.groundwater.well.002","WALK.W2.20180807.FIL","A00000012831","2018-08-07T15:20Z","2018-08-07T15:20Z","EcoCore_CSU","TDN",0.1018,"milligramsPerLiter",1.0,,0,"formatChange","GOOD"
"ac31ed65-e526-4060-bd02-739f84467a52","D07","WALK","WALK.AOS.groundwater.well.002","WALK.W2.20180807.RAW","A00000012815","2018-08-07T15:20Z","2018-08-07T15:20Z","EcoCore_CSU","conductivity",257.7000,"microsiemensPerCentimeter",1.0,,0,"formatChange","GOOD"
"b768b8d6-7049-4770-a9da-89b6c42b275c","D07","WALK","WALK.AOS.groundwater.well.002","WALK.W2.20180807.FIL","A00000012831","2018-08-07T15:20Z","2018-08-07T15:20Z","EcoCore_CSU","Br",0.0050,"milligramsPerLiter",1.0,,0,"formatChange","GOOD"
"99f26210-dc53-4a66-9b72-34c108a9bc3b","D07","WALK","WALK.AOS.groundwater.well.002","WALK.W2.20180807.FIL","A00000012831","2018-08-07T15:20Z","2018-08-07T15:20Z","EcoCore_CSU","Si",5.4569,"milligramsPerLiter",1.0,,0,"formatChange","GOOD"
"5b20cfe3-a70c-4991-bd19-efb584e8dd5c","D07","WALK","WALK.AOS.groundwater.well.002","WALK.W2.20180807.FIL","A00000012831","2018-08-07T15:20Z","2018-08-07T15:20Z","EcoCore_CSU","Mg",16.3700,"milligramsPerLiter",1.0,,0,"formatChange","GOOD"
"c324573a-e9b1-400f-8b0a-adbf60c24ea4","D07","WALK","WALK.AOS.groundwater.well.002","WALK.W2.20180807.RAW","A00000012815","2018-08-07T15:20Z","2018-08-07T15:20Z","EcoCore_CSU","TP",0.0352,"milligramsPerLiter",1.0,,0,"formatChange","GOOD"
"a26dbf60-0577-4464-bacc-8d8652559174","D07","WALK","WALK.AOS.groundwater.well.002","WALK.W2.20180807.FIL","A00000012831","2018-08-07T15:20Z","2018-08-07T15:20Z","EcoCore_CSU","NO3+NO2 - N",0.0444,"milligramsPerLiter",1.0,,0,"formatChange","GOOD"
"4cebb009-c103-4e73-bb44-cdb9fb92b9e6","D07","WALK","WALK.AOS.groundwater.well.002","WALK.W2.20180807.FIL","A00000012831","2018-08-07T15:20Z","2018-08-07T15:20Z","EcoCore_CSU","UV Absorbance (280 nm)",0.0048,,1.0,,0,"formatChange","GOOD"
"810442d5-a5e9-491c-8924-49639d0bffa0","D07","WALK","WALK.AOS.groundwater.well.002","WALK.W2.20180807.FIL","A00000012831","2018-08-07T15:20Z","2018-08-07T15:20Z","EcoCore_CSU","Ca",24.4982,"milligramsPerLiter",1.0,,0,"formatChange","GOOD"
"a6e64d97-d864-4a16-9939-61b5cf1adf26","D07","WALK","WALK.AOS.groundwater.well.002","WALK.W2.20180807.FIL","A00000012831","2018-08-07T15:20Z","2018-08-07T15:20Z","EcoCore_CSU","TDS",181.1100,"milligramsPerLiter",1.0,,0,"formatChange","GOOD"
"11c12881-13d2-4c2c-a5c6-7883561a8be4","D07","WALK","WALK.AOS.groundwater.well.002","WALK.W2.20180807.RAW","A00000012815","2018-08-07T15:20Z","2018-08-07T15:20Z","EcoCore_CSU","TSS",8.0000,"milligramsPerLiter",1.0,,0,"formatChange","GOOD"
"5fbb638b-5c4c-4568-ab41-0e894c170c86","D07","WALK","WALK.AOS.groundwater.well.002","WALK.W2.20180807.FIL","A00000012831","2018-08-07T15:20Z","2018-08-07T15:20Z","EcoCore_CSU","DOC",0.7366,"milligramsPerLiter",1.0,,0,"formatChange","GOOD"
"5fb0928f-b255-41ac-a0f5-c8149b17469a","D07","WALK","WALK.AOS.groundwater.well.002","WALK.W2.20180807.FIL","A00000012831","2018-08-07T15:20Z","2018-08-07T15:20Z","EcoCore_CSU","Ortho - P",0.0130,"milligramsPerLiter",1.0,,0,"formatChange","GOOD"
"b52507b1-f0b8-4796-a3aa-dc6e8b69c379","D07","WALK","WALK.AOS.groundwater.well.002","WALK.W2.20180807.RAW","A00000012815","2018-08-07T15:20Z","2018-08-07T15:20Z","EcoCore_CSU","TN",0.0778,"milligramsPerLiter",1.0,,0,"formatChange","GOOD"
"f8399dc6-6143-4fcd-bbe1-274861ee08eb","D07","WALK","WALK.AOS.groundwater.well.002","WALK.W2.20180807.FIL","A00000012831","2018-08-07T15:20Z","2018-08-07T15:20Z","EcoCore_CSU","TDP",0.0015,"milligramsPerLiter",1.0,,0,"formatChange","GOOD"
"b2918b3f-1eb2-476b-a081-8022b58f0216","D07","WALK","WALK.AOS.groundwater.well.002","WALK.W2.20180807.FIL","A00000012831","2018-08-07T15:20Z","2018-08-07T15:20Z","EcoCore_CSU","Fe",0.0005,"milligramsPerLiter",1.0,,0,"formatChange","GOOD"
"b7ec74e8-8e49-42ba-8fa7-f2473d8a3e71","D07","WALK","WALK.AOS.groundwater.well.002","WALK.W2.20180807.RAW","A00000012815","2018-08-07T15:20Z","2018-08-07T15:20Z","EcoCore_CSU","ANC",2.6300,"milliequivalentsPerLiter",1.0,,0,"formatChange","GOOD"
"6570414d-5f8f-4bcb-abde-f7c4ce189b79","D07","WALK","WALK.AOS.groundwater.well.002","WALK.W2.20180807.FIL","A00000012831","2018-08-07T15:20Z","2018-08-07T15:20Z","EcoCore_CSU","Na",1.0610,"milligramsPerLiter",1.0,,0,"formatChange","GOOD"
"002eb512-362a-4f34-8fa7-00de7b25d6a9","D07","WALK","WALK.AOS.groundwater.well.002","WALK.W2.20180807.RAW","A00000012815","2018-08-07T15:20Z","2018-08-07T15:20Z","EcoCore_CSU","TOC",0.6810,"milligramsPerLiter",1.0,,0,"formatChange","GOOD"
