uid,domainID,siteID,namedLocation,sampleID,sampleCode,startDate,collectDate,laboratoryName,analyte,analyteConcentration,analyteUnits,coolerTemp,remarks,shipmentWarmQF,externalLabDataQF,sampleCondition
"3242f827-a0ec-44f7-b249-6d2c5215b0e9","D08","TOMB","TOMB.AOS.groundwater.well.001","TOMB.W1.20190212.PCN","A00000048324","2019-02-12T17:24Z","2019-02-12T17:24Z","EcoCore_CSU","TPN",0.1123,"milligram",1.4,,0,"formatChange","GOOD"
"36acbc4a-33dc-4395-9a92-db2506f6c0ba","D08","TOMB","TOMB.AOS.groundwater.well.001","TOMB.W1.20190212.RAW","A00000048070","2019-02-12T17:24Z","2019-02-12T17:24Z","EcoCore_CSU","TP",0.0265,"milligramsPerLiter",1.4,,0,"formatChange","GOOD"
"607cf723-f33b-48e0-9952-6e3eeddbf404","D08","TOMB","TOMB.AOS.groundwater.well.001","TOMB.W1.20190212.PCN","A00000048324","2019-02-12T17:24Z","2019-02-12T17:24Z","EcoCore_CSU","TPC",0.3035,"milligram",1.4,,0,"formatChange","GOOD"
"2649749e-48dc-4fcf-93bd-7ce21575ffdf","D08","TOMB","TOMB.AOS.groundwater.well.001","TOMB.W1.20190212.RAW","A00000048070","2019-02-12T17:24Z","2019-02-12T17:24Z","EcoCore_CSU","TN",0.1020,"milligramsPerLiter",1.4,,0,"formatChange","GOOD"
"970387a0-367c-4f80-b075-4e3949e1bf14","D08","TOMB","TOMB.AOS.groundwater.well.001","TOMB.W1.20190212.FIL","A00000048069","2019-02-12T17:24Z","2019-02-12T17:24Z","EcoCore_CSU","F",0.5600,"milligramsPerLiter",1.4,,0,"formatChange","GOOD"
"8f8015ee-e39c-415e-b8c9-1a9471a470c8","D08","TOMB","TOMB.AOS.groundwater.well.001","TOMB.W1.20190212.FIL","A00000048069","2019-02-12T17:24Z","2019-02-12T17:24Z","EcoCore_CSU","UV Absorbance (250 nm)",,,1.4,"Unknown reason for no analyte concentration as a result of external lab data format change",0,"formatChange","Other"
"6f8b4e88-1496-4dfc-ab9e-164c2ccbba3d","D08","TOMB","TOMB.AOS.groundwater.well.001","TOMB.W1.20190212.FIL","A00000048069","2019-02-12T17:24Z","2019-02-12T17:24Z","EcoCore_CSU","Mn",0.0230,"milligramsPerLiter",1.4,,0,"formatChange","GOOD"
"99ecf52d-44c0-4b9e-8746-90ae48bb3295","D08","TOMB","TOMB.AOS.groundwater.well.001","TOMB.W1.20190212.FIL","A00000048069","2019-02-12T17:24Z","2019-02-12T17:24Z","EcoCore_CSU","K",0.5090,"milligramsPerLiter",1.4,,0,"formatChange","GOOD"
"44bc7136-bc37-4806-8d37-71e798649aea","D08","TOMB","TOMB.AOS.groundwater.well.001","TOMB.W1.20190212.FIL","A00000048069","2019-02-12T17:24Z","2019-02-12T17:24Z","EcoCore_CSU","NO3+NO2 - N",,"milligramsPerLiter",1.4,"Low NO2+NO3 method",0,"formatChange","Other"
"bd6328df-4a88-430f-af30-e51e059939d9","D08","TOMB","TOMB.AOS.groundwater.well.001","TOMB.W1.20190212.FIL","A00000048069","2019-02-12T17:24Z","2019-02-12T17:24Z","EcoCore_CSU","CO3",0.0050,"milligramsPerLiter",1.4,,0,"formatChange","GOOD"
"7c66c7f7-0199-4996-a43b-d0f259ea6f81","D08","TOMB","TOMB.AOS.groundwater.well.001","TOMB.W1.20190212.FIL","A00000048069","2019-02-12T17:24Z","2019-02-12T17:24Z","EcoCore_CSU","TDP",0.0220,"milligramsPerLiter",1.4,,0,"formatChange","GOOD"
"f1b9a786-6085-4d9e-b917-dc4e8218c152","D08","TOMB","TOMB.AOS.groundwater.well.001","TOMB.W1.20190212.FIL","A00000048069","2019-02-12T17:24Z","2019-02-12T17:24Z","EcoCore_CSU","Mg",0.7590,"milligramsPerLiter",1.4,,0,"formatChange","GOOD"
"b889443a-c216-4353-abb9-0937d7461946","D08","TOMB","TOMB.AOS.groundwater.well.001","TOMB.W1.20190212.FIL","A00000048069","2019-02-12T17:24Z","2019-02-12T17:24Z","EcoCore_CSU","Ca",3.4739,"milligramsPerLiter",1.4,,0,"formatChange","GOOD"
"185b591f-a8b3-4eef-b6e8-70ed2c878af6","D08","TOMB","TOMB.AOS.groundwater.well.001","TOMB.W1.20190212.RAW","A00000048070","2019-02-12T17:24Z","2019-02-12T17:24Z","EcoCore_CSU","TSS",12.0000,"milligramsPerLiter",1.4,,0,"formatChange","GOOD"
"de460983-b35a-43f1-9f56-0b28635a4cbd","D08","TOMB","TOMB.AOS.groundwater.well.001","TOMB.W1.20190212.FIL","A00000048069","2019-02-12T17:24Z","2019-02-12T17:24Z","EcoCore_CSU","DOC",,"milligramsPerLiter",1.4,"Unknown reason for no analyte concentration as a result of external lab data format change",0,"formatChange","Other"
"f3a29ac7-18ff-4677-ad82-78a517a6edc2","D08","TOMB","TOMB.AOS.groundwater.well.001","TOMB.W1.20190212.FIL","A00000048069","2019-02-12T17:24Z","2019-02-12T17:24Z","EcoCore_CSU","Cl",6.9095,"milligramsPerLiter",1.4,,0,"formatChange","GOOD"
"6077c319-6f56-46b6-bf0b-eb2d150aa379","D08","TOMB","TOMB.AOS.groundwater.well.001","TOMB.W1.20190212.RAW","A00000048070","2019-02-12T17:24Z","2019-02-12T17:24Z","EcoCore_CSU","TSS - Dry Mass",600.0000,"microgram",1.4,,0,"formatChange","GOOD"
"8a0e3253-825e-4c75-949c-5f94eec5b52e","D08","TOMB","TOMB.AOS.groundwater.well.001","TOMB.W1.20190212.FIL","A00000048069","2019-02-12T17:24Z","2019-02-12T17:24Z","EcoCore_CSU","NO2 - N",,"milligramsPerLiter",1.4,"Low NO2+NO3 method",0,"formatChange","Other"
"c542c070-8429-4ee4-9f7d-a5597322960c","D08","TOMB","TOMB.AOS.groundwater.well.001","TOMB.W1.20190212.FIL","A00000048069","2019-02-12T17:24Z","2019-02-12T17:24Z","EcoCore_CSU","Br",0.0050,"milligramsPerLiter",1.4,,0,"formatChange","GOOD"
"51151a97-62fb-4e93-af30-ae8042afb8f1","D08","TOMB","TOMB.AOS.groundwater.well.001","TOMB.W1.20190212.RAW","A00000048070","2019-02-12T17:24Z","2019-02-12T17:24Z","EcoCore_CSU","TOC",3.2270,"milligramsPerLiter",1.4,,0,"formatChange","GOOD"
"8cdaec9f-b3a5-476c-a234-2331a2387f12","D08","TOMB","TOMB.AOS.groundwater.well.001","TOMB.W1.20190212.FIL","A00000048069","2019-02-12T17:24Z","2019-02-12T17:24Z","EcoCore_CSU","TDS",35.6900,"milligramsPerLiter",1.4,,0,"formatChange","GOOD"
"8b6e08e6-916c-4049-9be7-58ee7bd6dbf2","D08","TOMB","TOMB.AOS.groundwater.well.001","TOMB.W1.20190212.FIL","A00000048069","2019-02-12T17:24Z","2019-02-12T17:24Z","EcoCore_CSU","Na",5.2800,"milligramsPerLiter",1.4,,0,"formatChange","GOOD"
"9c870f58-2973-4efe-93f3-82e52428ba74","D08","TOMB","TOMB.AOS.groundwater.well.001","TOMB.W1.20190212.RAW","A00000048070","2019-02-12T17:24Z","2019-02-12T17:24Z","EcoCore_CSU","conductivity",48.5600,"microsiemensPerCentimeter",1.4,,0,"formatChange","GOOD"
"b3bb758b-4997-41c2-8e68-f91097a4d907","D08","TOMB","TOMB.AOS.groundwater.well.001","TOMB.W1.20190212.FIL","A00000048069","2019-02-12T17:24Z","2019-02-12T17:24Z","EcoCore_CSU","UV Absorbance (280 nm)",,,1.4,"Unknown reason for no analyte concentration as a result of external lab data format change",0,"formatChange","Other"
"c97267a7-a5e4-4597-a00a-1b01e4d38daa","D08","TOMB","TOMB.AOS.groundwater.well.001","TOMB.W1.20190212.FIL","A00000048069","2019-02-12T17:24Z","2019-02-12T17:24Z","EcoCore_CSU","SO4",5.3970,"milligramsPerLiter",1.4,,0,"formatChange","GOOD"
"a7103e48-2acf-4440-bd7c-61e873325f65","D08","TOMB","TOMB.AOS.groundwater.well.001","TOMB.W1.20190212.FIL","A00000048069","2019-02-12T17:24Z","2019-02-12T17:24Z","EcoCore_CSU","DIC",,"milligramsPerLiter",1.4,"Unknown reason for no analyte concentration as a result of external lab data format change",0,"formatChange","Other"
"3ef090e9-ec94-497c-a0a6-a19b247175b0","D08","TOMB","TOMB.AOS.groundwater.well.001","TOMB.W1.20190212.RAW","A00000048070","2019-02-12T17:24Z","2019-02-12T17:24Z","EcoCore_CSU","pH",5.9700,"pH",1.4,,0,"formatChange","GOOD"
"f964ead6-658f-40d6-810e-2990e3e1b00a","D08","TOMB","TOMB.AOS.groundwater.well.001","TOMB.W1.20190212.FIL","A00000048069","2019-02-12T17:24Z","2019-02-12T17:24Z","EcoCore_CSU","Ortho - P",,"milligramsPerLiter",1.4,"Unknown reason for no analyte concentration as a result of external lab data format change",0,"formatChange","Other"
"085b8337-7c72-499e-88f8-dd2ef1d35dcf","D08","TOMB","TOMB.AOS.groundwater.well.001","TOMB.W1.20190212.RAW","A00000048070","2019-02-12T17:24Z","2019-02-12T17:24Z","EcoCore_CSU","ANC",0.1900,"milliequivalentsPerLiter",1.4,,0,"formatChange","GOOD"
"77d0efbb-8eca-4271-b616-799412d8c6c8","D08","TOMB","TOMB.AOS.groundwater.well.001","TOMB.W1.20190212.FIL","A00000048069","2019-02-12T17:24Z","2019-02-12T17:24Z","EcoCore_CSU","HCO3",7.9500,"milligramsPerLiter",1.4,,0,"formatChange","GOOD"
"44c8aa55-dc63-44f2-962b-068a5976fed5","D08","TOMB","TOMB.AOS.groundwater.well.001","TOMB.W1.20190212.FIL","A00000048069","2019-02-12T17:24Z","2019-02-12T17:24Z","EcoCore_CSU","NH4 - N",,"milligramsPerLiter",1.4,"Unknown reason for no analyte concentration as a result of external lab data format change",0,"formatChange","Other"
"176710b9-18b0-47ba-bbbd-b55a33807939","D08","TOMB","TOMB.AOS.groundwater.well.001","TOMB.W1.20190212.FIL","A00000048069","2019-02-12T17:24Z","2019-02-12T17:24Z","EcoCore_CSU","TDN",,"milligramsPerLiter",1.4,"Unknown reason for no analyte concentration as a result of external lab data format change",0,"formatChange","Other"
"594080e7-bff8-4cc4-b44c-a431a01c7764","D08","TOMB","TOMB.AOS.groundwater.well.001","TOMB.W1.20190212.FIL","A00000048069","2019-02-12T17:24Z","2019-02-12T17:24Z","EcoCore_CSU","Si",20.1288,"milligramsPerLiter",1.4,,0,"formatChange","GOOD"
"e32e515a-8e9d-4fd8-a043-82aba4ad82b5","D08","TOMB","TOMB.AOS.groundwater.well.001","TOMB.W1.20190212.FIL","A00000048069","2019-02-12T17:24Z","2019-02-12T17:24Z","EcoCore_CSU","Fe",1.3053,"milligramsPerLiter",1.4,,0,"formatChange","GOOD"
"6e5d3ee3-48ff-4fe4-a45e-9cf72413cca4","D08","TOMB","TOMB.AOS.groundwater.well.002","TOMB.W2.20190212.FIL","A00000048072","2019-02-12T18:34Z","2019-02-12T18:34Z","EcoCore_CSU","Na",5.9270,"milligramsPerLiter",1.4,,0,"formatChange","GOOD"
"f0429d36-f604-467c-886e-ce4650b6a3f8","D08","TOMB","TOMB.AOS.groundwater.well.002","TOMB.W2.20190212.FIL","A00000048072","2019-02-12T18:34Z","2019-02-12T18:34Z","EcoCore_CSU","DIC",12.6700,"milligramsPerLiter",1.4,,0,"formatChange","GOOD"
"60a6a45b-5ace-4908-a6d1-57e25c3cf46c","D08","TOMB","TOMB.AOS.groundwater.well.002","TOMB.W2.20190212.FIL","A00000048072","2019-02-12T18:34Z","2019-02-12T18:34Z","EcoCore_CSU","Mg",0.5380,"milligramsPerLiter",1.4,,0,"formatChange","GOOD"
"757a6cea-6a3b-4fc2-a55b-a15c61c41819","D08","TOMB","TOMB.AOS.groundwater.well.002","TOMB.W2.20190212.FIL","A00000048072","2019-02-12T18:34Z","2019-02-12T18:34Z","EcoCore_CSU","Fe",0.9046,"milligramsPerLiter",1.4,,0,"formatChange","GOOD"
"627cfff7-d6d0-42ed-ae65-41e5621ad5b6","D08","TOMB","TOMB.AOS.groundwater.well.002","TOMB.W2.20190212.FIL","A00000048072","2019-02-12T18:34Z","2019-02-12T18:34Z","EcoCore_CSU","Ortho - P",0.3550,"milligramsPerLiter",1.4,,0,"formatChange","GOOD"
"1bcd294f-cdd3-43fd-920b-70e8e6927208","D08","TOMB","TOMB.AOS.groundwater.well.002","TOMB.W2.20190212.FIL","A00000048072","2019-02-12T18:34Z","2019-02-12T18:34Z","EcoCore_CSU","NO3+NO2 - N",-0.0882,"milligramsPerLiter",1.4,"Low NO2+NO3 method",0,"formatChange","Other"
"0df8aa34-3e5a-4a99-b228-168982483d5a","D08","TOMB","TOMB.AOS.groundwater.well.002","TOMB.W2.20190212.FIL","A00000048072","2019-02-12T18:34Z","2019-02-12T18:34Z","EcoCore_CSU","Ca",1.9566,"milligramsPerLiter",1.4,,0,"formatChange","GOOD"
"ace0d1fc-0635-4e56-9b95-af54b3cd02c8","D08","TOMB","TOMB.AOS.groundwater.well.002","TOMB.W2.20190212.FIL","A00000048072","2019-02-12T18:34Z","2019-02-12T18:34Z","EcoCore_CSU","CO3",0.0050,"milligramsPerLiter",1.4,,0,"formatChange","GOOD"
"9d82d032-e305-4cf5-9247-cc43bbfb62fc","D08","TOMB","TOMB.AOS.groundwater.well.002","TOMB.W2.20190212.FIL","A00000048072","2019-02-12T18:34Z","2019-02-12T18:34Z","EcoCore_CSU","SO4",6.4140,"milligramsPerLiter",1.4,,0,"formatChange","GOOD"
"fa33bbb7-2747-4b62-8d43-a68fc0eb2fcd","D08","TOMB","TOMB.AOS.groundwater.well.002","TOMB.W2.20190212.RAW","A00000048071","2019-02-12T18:34Z","2019-02-12T18:34Z","EcoCore_CSU","TOC",2.6110,"milligramsPerLiter",1.4,,0,"formatChange","GOOD"
"08b60a5e-6528-4230-aaa8-a62af9ad1de9","D08","TOMB","TOMB.AOS.groundwater.well.002","TOMB.W2.20190212.FIL","A00000048072","2019-02-12T18:34Z","2019-02-12T18:34Z","EcoCore_CSU","HCO3",4.1800,"milligramsPerLiter",1.4,,0,"formatChange","GOOD"
"602f4add-dea2-4331-965e-eb16385ed6ba","D08","TOMB","TOMB.AOS.groundwater.well.002","TOMB.W2.20190212.RAW","A00000048071","2019-02-12T18:34Z","2019-02-12T18:34Z","EcoCore_CSU","ANC",0.0900,"milliequivalentsPerLiter",1.4,,0,"formatChange","GOOD"
"3bae3947-137a-44de-8a85-0397dd3ee665","D08","TOMB","TOMB.AOS.groundwater.well.002","TOMB.W2.20190212.FIL","A00000048072","2019-02-12T18:34Z","2019-02-12T18:34Z","EcoCore_CSU","F",0.3900,"milligramsPerLiter",1.4,,0,"formatChange","GOOD"
"9b46fe58-a098-4fa2-b874-3a9ee5e75404","D08","TOMB","TOMB.AOS.groundwater.well.002","TOMB.W2.20190212.FIL","A00000048072","2019-02-12T18:34Z","2019-02-12T18:34Z","EcoCore_CSU","DOC",1.0710,"milligramsPerLiter",1.4,,0,"formatChange","GOOD"
"6babe184-20f3-4918-bb87-ee7c5898e2a6","D08","TOMB","TOMB.AOS.groundwater.well.002","TOMB.W2.20190212.RAW","A00000048071","2019-02-12T18:34Z","2019-02-12T18:34Z","EcoCore_CSU","TSS",126.0000,"milligramsPerLiter",1.4,,0,"formatChange","GOOD"
"95f24fcf-860d-4028-8b8d-1122df8c5e77","D08","TOMB","TOMB.AOS.groundwater.well.002","TOMB.W2.20190212.FIL","A00000048072","2019-02-12T18:34Z","2019-02-12T18:34Z","EcoCore_CSU","Br",0.0050,"milligramsPerLiter",1.4,,0,"formatChange","GOOD"
"29e1ad64-7a44-4422-bb3b-52ee0b77f51f","D08","TOMB","TOMB.AOS.groundwater.well.002","TOMB.W2.20190212.FIL","A00000048072","2019-02-12T18:34Z","2019-02-12T18:34Z","EcoCore_CSU","TDN",0.1176,"milligramsPerLiter",1.4,,0,"formatChange","GOOD"
"965c7ffe-881e-4137-9eb9-ad06433a6957","D08","TOMB","TOMB.AOS.groundwater.well.002","TOMB.W2.20190212.RAW","A00000048071","2019-02-12T18:34Z","2019-02-12T18:34Z","EcoCore_CSU","TN",0.2698,"milligramsPerLiter",1.4,,0,"formatChange","GOOD"
"3794a484-e26d-471d-8fb0-ee1e6e6ac7c5","D08","TOMB","TOMB.AOS.groundwater.well.002","TOMB.W2.20190212.FIL","A00000048072","2019-02-12T18:34Z","2019-02-12T18:34Z","EcoCore_CSU","TDS",30.2800,"milligramsPerLiter",1.4,,0,"formatChange","GOOD"
"b6d8deb5-3ed4-4660-a148-86215a9bc484","D08","TOMB","TOMB.AOS.groundwater.well.002","TOMB.W2.20190212.FIL","A00000048072","2019-02-12T18:34Z","2019-02-12T18:34Z","EcoCore_CSU","Mn",0.0470,"milligramsPerLiter",1.4,,0,"formatChange","GOOD"
"41abfec4-9357-4669-82df-a77a612b95bc","D08","TOMB","TOMB.AOS.groundwater.well.002","TOMB.W2.20190212.FIL","A00000048072","2019-02-12T18:34Z","2019-02-12T18:34Z","EcoCore_CSU","K",0.3070,"milligramsPerLiter",1.4,,0,"formatChange","GOOD"
"cc2d6a46-aad3-4758-9498-ea29a334e4c4","D08","TOMB","TOMB.AOS.groundwater.well.002","TOMB.W2.20190212.RAW","A00000048071","2019-02-12T18:34Z","2019-02-12T18:34Z","EcoCore_CSU","pH",5.4500,"pH",1.4,,0,"formatChange","GOOD"
"8e335820-ef92-4c3b-9bc7-03b6580d29d4","D08","TOMB","TOMB.AOS.groundwater.well.002","TOMB.W2.20190212.PCN","A00000048325","2019-02-12T18:34Z","2019-02-12T18:34Z","EcoCore_CSU","TPN",0.0746,"milligram",1.4,,0,"formatChange","GOOD"
"580a1c21-ad07-4097-9514-3942bc553712","D08","TOMB","TOMB.AOS.groundwater.well.002","TOMB.W2.20190212.FIL","A00000048072","2019-02-12T18:34Z","2019-02-12T18:34Z","EcoCore_CSU","Si",17.8047,"milligramsPerLiter",1.4,,0,"formatChange","GOOD"
"d3f1c7c0-d8b0-46d8-b31a-37a643ca3ec9","D08","TOMB","TOMB.AOS.groundwater.well.002","TOMB.W2.20190212.FIL","A00000048072","2019-02-12T18:34Z","2019-02-12T18:34Z","EcoCore_CSU","UV Absorbance (280 nm)",0.0915,,1.4,,0,"formatChange","GOOD"
"0ccd086f-475b-4ebf-b816-d00548ee1543","D08","TOMB","TOMB.AOS.groundwater.well.002","TOMB.W2.20190212.RAW","A00000048071","2019-02-12T18:34Z","2019-02-12T18:34Z","EcoCore_CSU","TP",0.1864,"milligramsPerLiter",1.4,,0,"formatChange","GOOD"
"42d5fbf9-e350-47e5-8ed6-46a9b8e161cd","D08","TOMB","TOMB.AOS.groundwater.well.002","TOMB.W2.20190212.FIL","A00000048072","2019-02-12T18:34Z","2019-02-12T18:34Z","EcoCore_CSU","UV Absorbance (250 nm)",0.1129,,1.4,,0,"formatChange","GOOD"
"ce6c5c0c-1a46-4996-93f2-163f79cc1c9c","D08","TOMB","TOMB.AOS.groundwater.well.002","TOMB.W2.20190212.PCN","A00000048325","2019-02-12T18:34Z","2019-02-12T18:34Z","EcoCore_CSU","TPC",0.2897,"milligram",1.4,,0,"formatChange","GOOD"
"12da207f-ea1c-496e-a921-ca46e59f0af4","D08","TOMB","TOMB.AOS.groundwater.well.002","TOMB.W2.20190212.FIL","A00000048072","2019-02-12T18:34Z","2019-02-12T18:34Z","EcoCore_CSU","NH4 - N",0.0348,"milligramsPerLiter",1.4,,0,"formatChange","GOOD"
"2a7866b5-eeb8-491e-b8e8-29d1814b2cd9","D08","TOMB","TOMB.AOS.groundwater.well.002","TOMB.W2.20190212.RAW","A00000048071","2019-02-12T18:34Z","2019-02-12T18:34Z","EcoCore_CSU","TSS - Dry Mass",6300.0000,"microgram",1.4,,0,"formatChange","GOOD"
"7edc05fe-260f-48f9-82a9-2bc2fe99369e","D08","TOMB","TOMB.AOS.groundwater.well.002","TOMB.W2.20190212.FIL","A00000048072","2019-02-12T18:34Z","2019-02-12T18:34Z","EcoCore_CSU","Cl",6.4650,"milligramsPerLiter",1.4,,0,"formatChange","GOOD"
"e8501a52-03e7-4688-b160-d5f782aece78","D08","TOMB","TOMB.AOS.groundwater.well.002","TOMB.W2.20190212.RAW","A00000048071","2019-02-12T18:34Z","2019-02-12T18:34Z","EcoCore_CSU","conductivity",41.8200,"microsiemensPerCentimeter",1.4,,0,"formatChange","GOOD"
"4c3e4e51-8c3e-4ac1-939e-40368c97405b","D08","TOMB","TOMB.AOS.groundwater.well.002","TOMB.W2.20190212.FIL","A00000048072","2019-02-12T18:34Z","2019-02-12T18:34Z","EcoCore_CSU","NO2 - N",0.0528,"milligramsPerLiter",1.4,"Low NO2+NO3 method",0,"formatChange","Other"
"53a6c081-ed16-493d-9781-a85925d72d2b","D08","TOMB","TOMB.AOS.groundwater.well.002","TOMB.W2.20190212.FIL","A00000048072","2019-02-12T18:34Z","2019-02-12T18:34Z","EcoCore_CSU","TDP",0.0833,"milligramsPerLiter",1.4,,0,"formatChange","GOOD"
"d4c30f94-3172-434d-9d11-61f160f5d43a","D08","TOMB","TOMB.AOS.groundwater.well.003","TOMB.W3.20190212.FIL","A00000048074","2019-02-12T19:40Z","2019-02-12T19:40Z","EcoCore_CSU","Mg",,"milligramsPerLiter",1.4,"Unknown reason for no analyte concentration as a result of external lab data format change",0,"formatChange","Other"
"2088aa55-40c1-4947-8aaf-cb06d9d56a3a","D08","TOMB","TOMB.AOS.groundwater.well.003","TOMB.W3.20190212.PCN","A00000048326","2019-02-12T19:40Z","2019-02-12T19:40Z","EcoCore_CSU","TPN",0.0789,"milligram",1.4,,0,"formatChange","GOOD"
"f8e53fdc-0d3d-4a88-9939-dfb8b4e3ff38","D08","TOMB","TOMB.AOS.groundwater.well.003","TOMB.W3.20190212.FIL","A00000048074","2019-02-12T19:40Z","2019-02-12T19:40Z","EcoCore_CSU","CO3",,"milligramsPerLiter",1.4,"Unknown reason for no analyte concentration as a result of external lab data format change",0,"formatChange","Other"
"8c0b4a73-87c1-4fcd-adb3-dd77e7814b55","D08","TOMB","TOMB.AOS.groundwater.well.003","TOMB.W3.20190212.FIL","A00000048074","2019-02-12T19:40Z","2019-02-12T19:40Z","EcoCore_CSU","HCO3",,"milligramsPerLiter",1.4,"Unknown reason for no analyte concentration as a result of external lab data format change",0,"formatChange","Other"
"4fdbb5c9-489c-4b37-8f89-87164da24800","D08","TOMB","TOMB.AOS.groundwater.well.003","TOMB.W3.20190212.FIL","A00000048074","2019-02-12T19:40Z","2019-02-12T19:40Z","EcoCore_CSU","Fe",,"milligramsPerLiter",1.4,"Unknown reason for no analyte concentration as a result of external lab data format change",0,"formatChange","Other"
"f41a14d4-45c6-4ab9-b40c-a47605c89e89","D08","TOMB","TOMB.AOS.groundwater.well.003","TOMB.W3.20190212.FIL","A00000048074","2019-02-12T19:40Z","2019-02-12T19:40Z","EcoCore_CSU","TDP",,"milligramsPerLiter",1.4,"Unknown reason for no analyte concentration as a result of external lab data format change",0,"formatChange","Other"
"dd873186-ea2b-4a01-b289-5f05b924afee","D08","TOMB","TOMB.AOS.groundwater.well.003","TOMB.W3.20190212.RAW","A00000048073","2019-02-12T19:40Z","2019-02-12T19:40Z","EcoCore_CSU","TN",0.1844,"milligramsPerLiter",1.4,,0,"formatChange","GOOD"
"5ed1636c-4f68-4e3b-9c37-4c246f1e5605","D08","TOMB","TOMB.AOS.groundwater.well.003","TOMB.W3.20190212.FIL","A00000048074","2019-02-12T19:40Z","2019-02-12T19:40Z","EcoCore_CSU","DOC",0.5702,"milligramsPerLiter",1.4,,0,"formatChange","GOOD"
"21d99a37-744f-45b8-8ce3-1fc7d62dee6d","D08","TOMB","TOMB.AOS.groundwater.well.003","TOMB.W3.20190212.FIL","A00000048074","2019-02-12T19:40Z","2019-02-12T19:40Z","EcoCore_CSU","Na",,"milligramsPerLiter",1.4,"Unknown reason for no analyte concentration as a result of external lab data format change",0,"formatChange","Other"
"013fac67-92a7-4a99-a9ab-a7b1546a73de","D08","TOMB","TOMB.AOS.groundwater.well.003","TOMB.W3.20190212.RAW","A00000048073","2019-02-12T19:40Z","2019-02-12T19:40Z","EcoCore_CSU","ANC",0.2500,"milliequivalentsPerLiter",1.4,,0,"formatChange","GOOD"
"8c244f82-052e-4d66-b092-a0c307ac07cf","D08","TOMB","TOMB.AOS.groundwater.well.003","TOMB.W3.20190212.FIL","A00000048074","2019-02-12T19:40Z","2019-02-12T19:40Z","EcoCore_CSU","DIC",10.6700,"milligramsPerLiter",1.4,,0,"formatChange","GOOD"
"9c8cb1eb-c7a3-4d4f-b59e-138828838a13","D08","TOMB","TOMB.AOS.groundwater.well.003","TOMB.W3.20190212.RAW","A00000048073","2019-02-12T19:40Z","2019-02-12T19:40Z","EcoCore_CSU","TOC",1.4240,"milligramsPerLiter",1.4,,0,"formatChange","GOOD"
"8f4c2f0a-5d63-4484-905e-c1fe8b409991","D08","TOMB","TOMB.AOS.groundwater.well.003","TOMB.W3.20190212.FIL","A00000048074","2019-02-12T19:40Z","2019-02-12T19:40Z","EcoCore_CSU","UV Absorbance (280 nm)",0.1294,,1.4,,0,"formatChange","GOOD"
"a7b4fd3f-3160-4bf3-b5fb-d4cdac40b0d8","D08","TOMB","TOMB.AOS.groundwater.well.003","TOMB.W3.20190212.PCN","A00000048326","2019-02-12T19:40Z","2019-02-12T19:40Z","EcoCore_CSU","TPC",0.2931,"milligram",1.4,,0,"formatChange","GOOD"
"d74fa8cf-cae2-44e3-9bb1-44dcec758b55","D08","TOMB","TOMB.AOS.groundwater.well.003","TOMB.W3.20190212.FIL","A00000048074","2019-02-12T19:40Z","2019-02-12T19:40Z","EcoCore_CSU","NO3+NO2 - N",-0.0830,"milligramsPerLiter",1.4,"No filtered sample for SWAPT_Low NO2+NO3 method",0,"formatChange","Other"
"916b367b-9db5-462a-a231-af491be52110","D08","TOMB","TOMB.AOS.groundwater.well.003","TOMB.W3.20190212.RAW","A00000048073","2019-02-12T19:40Z","2019-02-12T19:40Z","EcoCore_CSU","conductivity",35.7200,"microsiemensPerCentimeter",1.4,,0,"formatChange","GOOD"
"d3f10ccf-547a-43e6-87dc-85237ef21630","D08","TOMB","TOMB.AOS.groundwater.well.003","TOMB.W3.20190212.FIL","A00000048074","2019-02-12T19:40Z","2019-02-12T19:40Z","EcoCore_CSU","F",,"milligramsPerLiter",1.4,"Unknown reason for no analyte concentration as a result of external lab data format change",0,"formatChange","Other"
"7badbe12-970f-42bb-a887-c7297403b1e0","D08","TOMB","TOMB.AOS.groundwater.well.003","TOMB.W3.20190212.FIL","A00000048074","2019-02-12T19:40Z","2019-02-12T19:40Z","EcoCore_CSU","Ca",,"milligramsPerLiter",1.4,"Unknown reason for no analyte concentration as a result of external lab data format change",0,"formatChange","Other"
"adacd762-da3b-47f4-ace9-3dd5d8d6ac99","D08","TOMB","TOMB.AOS.groundwater.well.003","TOMB.W3.20190212.RAW","A00000048073","2019-02-12T19:40Z","2019-02-12T19:40Z","EcoCore_CSU","TP",0.1099,"milligramsPerLiter",1.4,,0,"formatChange","GOOD"
"e2d804ae-fac3-4a37-ba2a-1db2e790b45e","D08","TOMB","TOMB.AOS.groundwater.well.003","TOMB.W3.20190212.RAW","A00000048073","2019-02-12T19:40Z","2019-02-12T19:40Z","EcoCore_CSU","TSS",50.0000,"milligramsPerLiter",1.4,,0,"formatChange","GOOD"
"86e90cbd-b014-473c-ab49-5d144ec1bc01","D08","TOMB","TOMB.AOS.groundwater.well.003","TOMB.W3.20190212.FIL","A00000048074","2019-02-12T19:40Z","2019-02-12T19:40Z","EcoCore_CSU","Br",,"milligramsPerLiter",1.4,"Unknown reason for no analyte concentration as a result of external lab data format change",0,"formatChange","Other"
"3430574c-f0bb-40e7-9900-f21057df1125","D08","TOMB","TOMB.AOS.groundwater.well.003","TOMB.W3.20190212.FIL","A00000048074","2019-02-12T19:40Z","2019-02-12T19:40Z","EcoCore_CSU","SO4",,"milligramsPerLiter",1.4,"Unknown reason for no analyte concentration as a result of external lab data format change",0,"formatChange","Other"
"0c6a9ebf-2f9b-40c7-8c42-829dac93fa57","D08","TOMB","TOMB.AOS.groundwater.well.003","TOMB.W3.20190212.FIL","A00000048074","2019-02-12T19:40Z","2019-02-12T19:40Z","EcoCore_CSU","TDS",,"milligramsPerLiter",1.4,"Unknown reason for no analyte concentration as a result of external lab data format change",0,"formatChange","Other"
"6a8544d6-1968-4358-b13c-0247e38d9cfb","D08","TOMB","TOMB.AOS.groundwater.well.003","TOMB.W3.20190212.FIL","A00000048074","2019-02-12T19:40Z","2019-02-12T19:40Z","EcoCore_CSU","Cl",,"milligramsPerLiter",1.4,"Unknown reason for no analyte concentration as a result of external lab data format change",0,"formatChange","Other"
"c677e40f-554c-441c-8d97-17e165675619","D08","TOMB","TOMB.AOS.groundwater.well.003","TOMB.W3.20190212.RAW","A00000048073","2019-02-12T19:40Z","2019-02-12T19:40Z","EcoCore_CSU","TSS - Dry Mass",2500.0000,"microgram",1.4,,0,"formatChange","GOOD"
"21e8b6e7-40dd-440a-aa66-902fa7168812","D08","TOMB","TOMB.AOS.groundwater.well.003","TOMB.W3.20190212.FIL","A00000048074","2019-02-12T19:40Z","2019-02-12T19:40Z","EcoCore_CSU","UV Absorbance (250 nm)",0.1557,,1.4,,0,"formatChange","GOOD"
"2170419a-9b86-43b4-9fe0-9b70e02dcbfa","D08","TOMB","TOMB.AOS.groundwater.well.003","TOMB.W3.20190212.FIL","A00000048074","2019-02-12T19:40Z","2019-02-12T19:40Z","EcoCore_CSU","Mn",,"milligramsPerLiter",1.4,"Unknown reason for no analyte concentration as a result of external lab data format change",0,"formatChange","Other"
"bdd525a5-c923-4883-85f9-4e6d47d1d471","D08","TOMB","TOMB.AOS.groundwater.well.003","TOMB.W3.20190212.FIL","A00000048074","2019-02-12T19:40Z","2019-02-12T19:40Z","EcoCore_CSU","Si",,"milligramsPerLiter",1.4,"Unknown reason for no analyte concentration as a result of external lab data format change",0,"formatChange","Other"
"72e15ed4-f3bc-479e-89c0-e877a3437542","D08","TOMB","TOMB.AOS.groundwater.well.003","TOMB.W3.20190212.FIL","A00000048074","2019-02-12T19:40Z","2019-02-12T19:40Z","EcoCore_CSU","K",,"milligramsPerLiter",1.4,"Unknown reason for no analyte concentration as a result of external lab data format change",0,"formatChange","Other"
"b866955c-4fbe-4323-8cd3-a121d180f223","D08","TOMB","TOMB.AOS.groundwater.well.003","TOMB.W3.20190212.FIL","A00000048074","2019-02-12T19:40Z","2019-02-12T19:40Z","EcoCore_CSU","NO2 - N",0.0524,"milligramsPerLiter",1.4,"No filtered sample for SWAPT_Low NO2+NO3 method",0,"formatChange","Other"
"d96ca3cf-1696-4247-b208-ae3ddc294c75","D08","TOMB","TOMB.AOS.groundwater.well.003","TOMB.W3.20190212.FIL","A00000048074","2019-02-12T19:40Z","2019-02-12T19:40Z","EcoCore_CSU","NH4 - N",0.0945,"milligramsPerLiter",1.4,,0,"formatChange","GOOD"
"b5ebb8f4-7b04-495f-82f3-c93b57b5d11b","D08","TOMB","TOMB.AOS.groundwater.well.003","TOMB.W3.20190212.FIL","A00000048074","2019-02-12T19:40Z","2019-02-12T19:40Z","EcoCore_CSU","Ortho - P",0.3150,"milligramsPerLiter",1.4,,0,"formatChange","GOOD"
"f273b219-e803-4f04-8d31-cc16652bb676","D08","TOMB","TOMB.AOS.groundwater.well.003","TOMB.W3.20190212.RAW","A00000048073","2019-02-12T19:40Z","2019-02-12T19:40Z","EcoCore_CSU","pH",5.3000,"pH",1.4,,0,"formatChange","GOOD"
"7a1af52f-670d-4bbc-9f55-ea3abe262509","D08","TOMB","TOMB.AOS.groundwater.well.003","TOMB.W3.20190212.FIL","A00000048074","2019-02-12T19:40Z","2019-02-12T19:40Z","EcoCore_CSU","TDN",0.0658,"milligramsPerLiter",1.4,,0,"formatChange","GOOD"
