uid,domainID,siteID,namedLocation,decimalLatitude,decimalLongitude,coordinateUncertainty,elevation,elevationUncertainty,geodeticDatum,collectDate,aquaticSiteType,samplingImpractical,waterChemSamplesCollected,adequateSampleVol,parentSampleID,eventID,swcSamplingProtocolVersion,sampleExtractionMethod,samplerType,totalWellDepth,wellWaterDepth,waterColumnHeight,sampleDepth,purgeAverageDischargeRate,purgeTime,gwWellStabilized,purgeDryDateTime,pumpPlacementDate,screenedIntervalDepth,maxAllowableDrawdown,actualDrawdown,MADExceeded,wellVolumePurged,probeIDUnavailable,dissolvedOxygen,dissolvedOxygenSaturation,specificConductance,waterTemp,pH,waterClarityDescrip,waterColorDescrip,aCollectedBy,bCollectedBy,remarks
"0ace8cfb-e8f3-4bba-82ce-1fef67f90d81","D02","POSE","POSE.AOS.groundwater.well.008",38.895235,-78.147951,0.1,273.2,0.1,"WGS84","2019-09-23T13:40Z","stream",,,"Y","POSE.W8.20190923","POSE.20190923","NEON.DOC.002905vF","low-flow","Groundwater Pump",3.1,1.2,1.9,2.2,,,,,,,,,,3.1,,5.00,52.90,141.10,17.50,6.57,"clear","colorless","0000-0003-3114-5862","0000-0002-3192-2230",
"907f0453-4ee3-4b60-befc-98321cefd6ac","D02","POSE","POSE.AOS.groundwater.well.006",38.894973,-78.147373,0.1,276.3,0.1,"WGS84","2019-09-23T15:37Z","stream",,,"Y","POSE.W6.20190923","POSE.20190923","NEON.DOC.002905vF","purge dry","Groundwater Pump",4.4,1.8,2.6,,,,,,,,,,,,,3.97,44.50,139.50,20.90,6.12,"cloudy","brown","0000-0003-3114-5862","0000-0002-3192-2230","Day before purge volume not measured"
"68638035-074b-4aad-b6ae-eceabeff80da","D02","POSE","POSE.AOS.groundwater.well.003",38.894304,-78.147503,0.1,278.6,0.1,"WGS84","2019-09-23T17:14Z","stream",,,"N","POSE.W3.20190923","POSE.20190923","NEON.DOC.002905vF","purge dry","Groundwater Pump",4.2,3.3,1.0,,,,,,,,,,,,,5.78,64.50,124.00,21.40,6.15,"clear","colorless","0000-0003-3114-5862","0000-0002-3192-2230","Day before purged volume not measured"
"523e99d5-11ca-4a21-a7f6-51222b66f3b1","D02","POSE","POSE.AOS.groundwater.well.001",38.894262,-78.147143,0.1,277.9,0.1,"WGS84","2019-09-23T18:07Z","stream",,,"Y","POSE.W1.20190923","POSE.20190923","NEON.DOC.002905vF","purge dry","Groundwater Pump",3.0,1.7,1.4,,,,,,,,,,,,,6.99,79.30,138.30,21.50,6.24,"cloudy","brown","0000-0003-3114-5862","0000-0002-3192-2230","Day before purge volume not measured"
