uid,domainID,siteID,namedLocation,collectDate,titrationDate,parentSampleID,domainSampleID,remarks,measuredBy,alkMeqPerL,alkMgPerL,ancMeqPerL,ancMgPerL
"795437bf-f0f0-46e1-bf8d-9e5631d50b24","D02","POSE","POSE.AOS.groundwater.well.008","2019-09-23T13:40Z","2019-09-24T15:47Z","POSE.W8.20190923","POSE.W8.20190923.ALK",,"jcoloso@battelleecology.org",1.360,67.900,,
"13884237-c384-4ff7-b6ab-171e237748de","D02","POSE","POSE.AOS.groundwater.well.006","2019-09-23T15:37Z","2019-09-24T15:47Z","POSE.W6.20190923","POSE.W6.20190923.ALK",,"jcoloso@battelleecology.org",1.030,51.500,,
"8fb6aa3f-b580-4f05-adfd-79ea52a345e5","D02","POSE","POSE.AOS.groundwater.well.003","2019-09-23T17:14Z","2019-09-24T16:59Z","POSE.W3.20190923","POSE.W3.20190923.ALK",,"jcoloso@battelleecology.org",0.780,38.800,,
"fb328849-55da-48e9-aae2-8420728928ea","D02","POSE","POSE.AOS.groundwater.well.001","2019-09-23T18:07Z","2019-09-24T17:13Z","POSE.W1.20190923","POSE.W1.20190923.ALK",,"jcoloso@battelleecology.org",1.280,64.300,,
