uid,domainID,siteID,namedLocation,sampleID,sampleCode,startDate,collectDate,laboratoryName,analyte,analyteConcentration,analyteUnits,coolerTemp,remarks,shipmentWarmQF,externalLabDataQF,sampleCondition
"70cfe9b7-c8fd-4355-84ee-fa4221d15ea4","D02","POSE","POSE.AOS.groundwater.well.008","POSE.W8.20190923.FIL","A00000071588","2019-09-23T13:40Z","2019-09-23T13:40Z","EcoCore_CSU","Ca",10.5000,"milligramsPerLiter",1.1,,0,,"OK"
"98932967-3add-40f7-82fb-768b94a1eb54","D02","POSE","POSE.AOS.groundwater.well.008","POSE.W8.20190923.FIL","A00000071588","2019-09-23T13:40Z","2019-09-23T13:40Z","EcoCore_CSU","TDS",79.9200,"milligramsPerLiter",1.1,,0,,"OK"
"4f4ca2db-ac6c-411b-8414-89c1d50d9b07","D02","POSE","POSE.AOS.groundwater.well.008","POSE.W8.20190923.FIL","A00000071588","2019-09-23T13:40Z","2019-09-23T13:40Z","EcoCore_CSU","HCO3",60.2500,"milligramsPerLiter",1.1,,0,,"OK"
"29306af8-b72e-4851-b502-3c87d3765674","D02","POSE","POSE.AOS.groundwater.well.008","POSE.W8.20190923.FIL","A00000071588","2019-09-23T13:40Z","2019-09-23T13:40Z","EcoCore_CSU","SO4",5.5080,"milligramsPerLiter",1.1,,0,,"OK"
"833b61d2-26eb-469a-95ea-e26f7bfdfb08","D02","POSE","POSE.AOS.groundwater.well.008","POSE.W8.20190923.FIL","A00000071588","2019-09-23T13:40Z","2019-09-23T13:40Z","EcoCore_CSU","F",0.0050,"milligramsPerLiter",1.1,,0,,"OK"
"e0c12ba0-4400-4fc1-8bae-76ace7ca9ca8","D02","POSE","POSE.AOS.groundwater.well.008","POSE.W8.20190923.FIL","A00000071588","2019-09-23T13:40Z","2019-09-23T13:40Z","EcoCore_CSU","K",0.1130,"milligramsPerLiter",1.1,,0,,"OK"
"10831bc3-4f99-4942-925e-79859da2ece0","D02","POSE","POSE.AOS.groundwater.well.008","POSE.W8.20190923.FIL","A00000071588","2019-09-23T13:40Z","2019-09-23T13:40Z","EcoCore_CSU","Mg",4.5290,"milligramsPerLiter",1.1,,0,,"OK"
"f1196c2d-38a0-46d0-bd56-b3204ccfa994","D02","POSE","POSE.AOS.groundwater.well.008","POSE.W8.20190923.FIL","A00000071588","2019-09-23T13:40Z","2019-09-23T13:40Z","EcoCore_CSU","Fe",0.7374,"milligramsPerLiter",1.1,,0,,"OK"
"96857cee-0aea-465d-a844-37efa85e8cab","D02","POSE","POSE.AOS.groundwater.well.008","POSE.W8.20190923.FIL","A00000071588","2019-09-23T13:40Z","2019-09-23T13:40Z","EcoCore_CSU","UV Absorbance (250 nm)",0.0102,,1.1,,0,,"OK"
"250d23a2-3cb9-44c3-b267-c71c2a4235a6","D02","POSE","POSE.AOS.groundwater.well.008","POSE.W8.20190923.FIL","A00000071588","2019-09-23T13:40Z","2019-09-23T13:40Z","EcoCore_CSU","UV Absorbance (280 nm)",0.0087,,1.1,,0,,"OK"
"ec5ce27e-def3-4ddd-876e-a4d8d4358797","D02","POSE","POSE.AOS.groundwater.well.008","POSE.W8.20190923.RAW","A00000071606","2019-09-23T13:40Z","2019-09-23T13:40Z","EcoCore_CSU","TOC",0.8701,"milligramsPerLiter",1.1,,0,,"OK"
"13d45c5a-c4ce-4229-ab3b-800cdcfc91d7","D02","POSE","POSE.AOS.groundwater.well.008","POSE.W8.20190923.RAW","A00000071606","2019-09-23T13:40Z","2019-09-23T13:40Z","EcoCore_CSU","TN",1.1360,"milligramsPerLiter",1.1,,0,,"OK"
"7f4893df-0921-405e-a900-82d3e131afcc","D02","POSE","POSE.AOS.groundwater.well.008","POSE.W8.20190923.FIL","A00000071588","2019-09-23T13:40Z","2019-09-23T13:40Z","EcoCore_CSU","DIC",18.3600,"milligramsPerLiter",1.1,,0,,"OK"
"433f947c-6d8f-4018-823d-4f82024a2761","D02","POSE","POSE.AOS.groundwater.well.008","POSE.W8.20190923.FIL","A00000071588","2019-09-23T13:40Z","2019-09-23T13:40Z","EcoCore_CSU","TDN",1.1280,"milligramsPerLiter",-0.5,,0,,"OK"
"2a3f6ceb-9a06-4481-bd43-25da0544ab68","D02","POSE","POSE.AOS.groundwater.well.008","POSE.W8.20190923.FIL","A00000071588","2019-09-23T13:40Z","2019-09-23T13:40Z","EcoCore_CSU","DOC",0.8161,"milligramsPerLiter",2.6,,0,,"OK"
"54e3a7e0-c991-4c31-82a6-2bba6312fe91","D02","POSE","POSE.AOS.groundwater.well.008","POSE.W8.20190923.FIL","A00000071588","2019-09-23T13:40Z","2019-09-23T13:40Z","EcoCore_CSU","NH4 - N",0.0408,"milligramsPerLiter",1.1,,0,,"OK"
"aecdf3bc-b45c-44f9-a613-d604dc279e07","D02","POSE","POSE.AOS.groundwater.well.008","POSE.W8.20190923.FIL","A00000071588","2019-09-23T13:40Z","2019-09-23T13:40Z","EcoCore_CSU","NO2 - N",-0.0067,"milligramsPerLiter",1.1,,0,,"OK"
"e8fdb23c-a95c-4579-b9c7-43c3157f5905","D02","POSE","POSE.AOS.groundwater.well.008","POSE.W8.20190923.FIL","A00000071588","2019-09-23T13:40Z","2019-09-23T13:40Z","EcoCore_CSU","NO3+NO2 - N",1.0922,"milligramsPerLiter",1.1,,0,,"OK"
"13df2881-f215-490a-b827-59f38fce8806","D02","POSE","POSE.AOS.groundwater.well.008","POSE.W8.20190923.FIL","A00000071588","2019-09-23T13:40Z","2019-09-23T13:40Z","EcoCore_CSU","Ortho - P",-0.0050,"milligramsPerLiter",1.1,,0,,"OK"
"199ee915-f1b4-4b2e-a7c4-35bd1b710ef8","D02","POSE","POSE.AOS.groundwater.well.008","POSE.W8.20190923.PCN","A00000069661","2019-09-23T13:40Z","2019-09-23T13:40Z","EcoCore_CSU","TPN",0.1254,"milligram",1.1,,0,,"OK"
"aea91caf-536b-460c-84ad-a8a26544c11b","D02","POSE","POSE.AOS.groundwater.well.008","POSE.W8.20190923.PCN","A00000069661","2019-09-23T13:40Z","2019-09-23T13:40Z","EcoCore_CSU","TPC",0.2641,"milligram",1.1,,0,,"OK"
"92ff0e3f-e575-4a16-b291-0935300dc346","D02","POSE","POSE.AOS.groundwater.well.008","POSE.W8.20190923.FIL","A00000071588","2019-09-23T13:40Z","2019-09-23T13:40Z","EcoCore_CSU","Na",4.8190,"milligramsPerLiter",1.1,,0,,"OK"
"6b95710f-2b1b-4003-a58b-6f8cb58f48de","D02","POSE","POSE.AOS.groundwater.well.008","POSE.W8.20190923.FIL","A00000071588","2019-09-23T13:40Z","2019-09-23T13:40Z","EcoCore_CSU","Cl",2.5281,"milligramsPerLiter",1.1,,0,,"OK"
"ebc02b76-3ade-4492-865f-179cc670cbb1","D02","POSE","POSE.AOS.groundwater.well.008","POSE.W8.20190923.FIL","A00000071588","2019-09-23T13:40Z","2019-09-23T13:40Z","EcoCore_CSU","Si",13.6700,"milligramsPerLiter",1.1,,0,,"OK"
"46ae9ec3-45aa-485d-9f10-fc6488832dc8","D02","POSE","POSE.AOS.groundwater.well.008","POSE.W8.20190923.FIL","A00000071588","2019-09-23T13:40Z","2019-09-23T13:40Z","EcoCore_CSU","Br",0.0050,"milligramsPerLiter",1.1,,0,,"OK"
"21e9c821-a90b-4f99-8f27-0b9625c78a30","D02","POSE","POSE.AOS.groundwater.well.008","POSE.W8.20190923.FIL","A00000071588","2019-09-23T13:40Z","2019-09-23T13:40Z","EcoCore_CSU","CO3",0.0050,"milligramsPerLiter",1.1,,0,,"OK"
"23c5ba56-671c-451c-8594-d981b2a84a4c","D02","POSE","POSE.AOS.groundwater.well.008","POSE.W8.20190923.FIL","A00000071588","2019-09-23T13:40Z","2019-09-23T13:40Z","EcoCore_CSU","Mn",0.0040,"milligramsPerLiter",1.1,,0,,"OK"
"e0a41481-143d-49bb-a2fe-db3f92b74e9c","D02","POSE","POSE.AOS.groundwater.well.008","POSE.W8.20190923.FIL","A00000071588","2019-09-23T13:40Z","2019-09-23T13:40Z","EcoCore_CSU","TDP",0.3076,"milligramsPerLiter",1.1,,0,,"OK"
"4461a3db-076e-47a9-8bdc-dd5619bf9f53","D02","POSE","POSE.AOS.groundwater.well.008","POSE.W8.20190923.RAW","A00000071606","2019-09-23T13:40Z","2019-09-23T13:40Z","EcoCore_CSU","specificConductance",112.8500,"microsiemensPerCentimeter",1.1,,0,,"OK"
"4727bad1-d88d-4048-b2be-64844deb9b5f","D02","POSE","POSE.AOS.groundwater.well.008","POSE.W8.20190923.RAW","A00000071606","2019-09-23T13:40Z","2019-09-23T13:40Z","EcoCore_CSU","pH",7.0400,"pH",1.1,,0,,"OK"
"d19514de-b76c-4385-ade7-c5c9b0d0abe3","D02","POSE","POSE.AOS.groundwater.well.008","POSE.W8.20190923.RAW","A00000071606","2019-09-23T13:40Z","2019-09-23T13:40Z","EcoCore_CSU","TSS - Dry Mass",32000.0000,"microgram",1.1,,0,,"OK"
"e29393c0-061f-4297-b3d5-19b5f36fb7a2","D02","POSE","POSE.AOS.groundwater.well.008","POSE.W8.20190923.RAW","A00000071606","2019-09-23T13:40Z","2019-09-23T13:40Z","EcoCore_CSU","ANC",1.1800,"milliequivalentsPerLiter",1.1,,0,,"OK"
"5247d476-a561-4b43-8688-964979627471","D02","POSE","POSE.AOS.groundwater.well.008","POSE.W8.20190923.RAW","A00000071606","2019-09-23T13:40Z","2019-09-23T13:40Z","EcoCore_CSU","TP",0.7611,"milligramsPerLiter",1.1,,0,,"OK"
"c80c51a5-a23b-437a-acb8-37e255ab9796","D02","POSE","POSE.AOS.groundwater.well.008","POSE.W8.20190923.RAW","A00000071606","2019-09-23T13:40Z","2019-09-23T13:40Z","EcoCore_CSU","TSS",640.0000,"milligramsPerLiter",1.1,,0,,"OK"
"7862c5f5-8033-4d24-8ea0-81ba75a6492c","D02","POSE","POSE.AOS.groundwater.well.006","POSE.W6.20190923.RAW","A00000071623","2019-09-23T15:37Z","2019-09-23T15:37Z","EcoCore_CSU","specificConductance",144.5600,"microsiemensPerCentimeter",1.1,,0,,"OK"
"f7090f35-ce67-461d-9443-ba2269e13702","D02","POSE","POSE.AOS.groundwater.well.006","POSE.W6.20190923.RAW","A00000071623","2019-09-23T15:37Z","2019-09-23T15:37Z","EcoCore_CSU","TSS - Dry Mass",2700.0000,"microgram",1.1,,0,,"OK"
"1e496b31-165c-4369-9a16-c1dd357922f5","D02","POSE","POSE.AOS.groundwater.well.006","POSE.W6.20190923.RAW","A00000071623","2019-09-23T15:37Z","2019-09-23T15:37Z","EcoCore_CSU","TP",0.3376,"milligramsPerLiter",1.1,,0,,"OK"
"3b841eff-2c0d-4f5a-99a6-490515815cda","D02","POSE","POSE.AOS.groundwater.well.006","POSE.W6.20190923.RAW","A00000071623","2019-09-23T15:37Z","2019-09-23T15:37Z","EcoCore_CSU","TSS",54.0000,"milligramsPerLiter",1.1,,0,,"OK"
"42e0ac28-0591-4f7d-a93c-88d33fd2a83b","D02","POSE","POSE.AOS.groundwater.well.006","POSE.W6.20190923.RAW","A00000071623","2019-09-23T15:37Z","2019-09-23T15:37Z","EcoCore_CSU","pH",7.1500,"pH",1.1,,0,,"OK"
"4d7c6fe7-be4c-497f-9015-1bc355a0292d","D02","POSE","POSE.AOS.groundwater.well.006","POSE.W6.20190923.RAW","A00000071623","2019-09-23T15:37Z","2019-09-23T15:37Z","EcoCore_CSU","ANC",1.5800,"milliequivalentsPerLiter",1.1,,0,,"OK"
"9cbf2f16-52e2-4031-9d4d-d96044fb131d","D02","POSE","POSE.AOS.groundwater.well.006","POSE.W6.20190923.FIL","A00000071587","2019-09-23T15:37Z","2019-09-23T15:37Z","EcoCore_CSU","Br",0.1200,"milligramsPerLiter",1.1,,0,,"OK"
"458c6c41-ea00-4d9d-a05f-51ef8c549e77","D02","POSE","POSE.AOS.groundwater.well.006","POSE.W6.20190923.FIL","A00000071587","2019-09-23T15:37Z","2019-09-23T15:37Z","EcoCore_CSU","F",0.0050,"milligramsPerLiter",1.1,,0,,"OK"
"6f1a3487-a3ad-4098-8504-c52274adc131","D02","POSE","POSE.AOS.groundwater.well.006","POSE.W6.20190923.FIL","A00000071587","2019-09-23T15:37Z","2019-09-23T15:37Z","EcoCore_CSU","Mg",4.8960,"milligramsPerLiter",1.1,,0,,"OK"
"02b61693-d3ce-4652-a72b-2b0471a0fd51","D02","POSE","POSE.AOS.groundwater.well.006","POSE.W6.20190923.FIL","A00000071587","2019-09-23T15:37Z","2019-09-23T15:37Z","EcoCore_CSU","Fe",0.0005,"milligramsPerLiter",1.1,,0,,"OK"
"6930bcb7-422d-4f8c-97e3-bc7200bdbc00","D02","POSE","POSE.AOS.groundwater.well.006","POSE.W6.20190923.FIL","A00000071587","2019-09-23T15:37Z","2019-09-23T15:37Z","EcoCore_CSU","TDS",102.4700,"milligramsPerLiter",1.1,,0,,"OK"
"aea735d4-2c50-4b55-bee2-1df0a85488b1","D02","POSE","POSE.AOS.groundwater.well.006","POSE.W6.20190923.FIL","A00000071587","2019-09-23T15:37Z","2019-09-23T15:37Z","EcoCore_CSU","Mn",0.0005,"milligramsPerLiter",1.1,,0,,"OK"
"8dee47d9-8a50-4691-9d21-585d3265a324","D02","POSE","POSE.AOS.groundwater.well.006","POSE.W6.20190923.FIL","A00000071587","2019-09-23T15:37Z","2019-09-23T15:37Z","EcoCore_CSU","SO4",1.3290,"milligramsPerLiter",1.1,,0,,"OK"
"b0e0a49e-f8f7-4987-8d3a-01d5e08c4b7d","D02","POSE","POSE.AOS.groundwater.well.006","POSE.W6.20190923.FIL","A00000071587","2019-09-23T15:37Z","2019-09-23T15:37Z","EcoCore_CSU","K",0.1000,"milligramsPerLiter",1.1,,0,,"OK"
"fbe3a030-0c8b-4f3d-9b93-2e51882d7024","D02","POSE","POSE.AOS.groundwater.well.006","POSE.W6.20190923.FIL","A00000071587","2019-09-23T15:37Z","2019-09-23T15:37Z","EcoCore_CSU","CO3",0.0050,"milligramsPerLiter",1.1,,0,,"OK"
"502d8ad3-c67a-42ed-bf5b-ec75be8acd70","D02","POSE","POSE.AOS.groundwater.well.006","POSE.W6.20190923.FIL","A00000071587","2019-09-23T15:37Z","2019-09-23T15:37Z","EcoCore_CSU","Si",12.5400,"milligramsPerLiter",1.1,,0,,"OK"
"f28ffeef-3c6e-43c8-9395-9bb8f30cd95f","D02","POSE","POSE.AOS.groundwater.well.006","POSE.W6.20190923.FIL","A00000071587","2019-09-23T15:37Z","2019-09-23T15:37Z","EcoCore_CSU","HCO3",84.1500,"milligramsPerLiter",1.1,,0,,"OK"
"da5e60b5-f345-4ba5-8c05-ef31a004e467","D02","POSE","POSE.AOS.groundwater.well.006","POSE.W6.20190923.FIL","A00000071587","2019-09-23T15:37Z","2019-09-23T15:37Z","EcoCore_CSU","Cl",2.1800,"milligramsPerLiter",1.1,,0,,"OK"
"198cdbc9-7a33-44dd-95fa-19214fc8c591","D02","POSE","POSE.AOS.groundwater.well.006","POSE.W6.20190923.FIL","A00000071587","2019-09-23T15:37Z","2019-09-23T15:37Z","EcoCore_CSU","TDP",0.0555,"milligramsPerLiter",1.1,,0,,"OK"
"8422aafe-c29a-4ae4-8843-7e0300073114","D02","POSE","POSE.AOS.groundwater.well.006","POSE.W6.20190923.FIL","A00000071587","2019-09-23T15:37Z","2019-09-23T15:37Z","EcoCore_CSU","Ca",16.1600,"milligramsPerLiter",1.1,,0,,"OK"
"6bee970a-c44a-431c-bfbb-ad8012bc9b19","D02","POSE","POSE.AOS.groundwater.well.006","POSE.W6.20190923.FIL","A00000071587","2019-09-23T15:37Z","2019-09-23T15:37Z","EcoCore_CSU","Na",5.0180,"milligramsPerLiter",1.1,,0,,"OK"
"0b46b346-212d-419a-82e7-f6543a85591b","D02","POSE","POSE.AOS.groundwater.well.006","POSE.W6.20190923.FIL","A00000071587","2019-09-23T15:37Z","2019-09-23T15:37Z","EcoCore_CSU","UV Absorbance (280 nm)",0.7937,,0.5,,0,,"OK"
"8b528254-fa37-4c0e-b279-bf5132b0deac","D02","POSE","POSE.AOS.groundwater.well.006","POSE.W6.20190923.FIL","A00000071587","2019-09-23T15:37Z","2019-09-23T15:37Z","EcoCore_CSU","UV Absorbance (250 nm)",0.8587,,1.1,,0,,"OK"
"2d3535ea-0eaf-46a9-9b5d-bcbba27e230c","D02","POSE","POSE.AOS.groundwater.well.006","POSE.W6.20190923.RAW","A00000071623","2019-09-23T15:37Z","2019-09-23T15:37Z","EcoCore_CSU","TN",0.3270,"milligramsPerLiter",1.1,,0,,"OK"
"d167c2d3-a6b0-434e-9d38-e1f6fb7edb95","D02","POSE","POSE.AOS.groundwater.well.006","POSE.W6.20190923.RAW","A00000071623","2019-09-23T15:37Z","2019-09-23T15:37Z","EcoCore_CSU","TOC",1.7650,"milligramsPerLiter",1.1,,0,,"OK"
"3623f150-387f-44ba-aee2-f8f5e4fdb0d8","D02","POSE","POSE.AOS.groundwater.well.006","POSE.W6.20190923.FIL","A00000071587","2019-09-23T15:37Z","2019-09-23T15:37Z","EcoCore_CSU","DOC",1.2680,"milligramsPerLiter",2.6,,0,,"OK"
"af89ae6d-e498-4d68-b9c2-df7e53a02fc9","D02","POSE","POSE.AOS.groundwater.well.006","POSE.W6.20190923.FIL","A00000071587","2019-09-23T15:37Z","2019-09-23T15:37Z","EcoCore_CSU","TDN",0.2581,"milligramsPerLiter",6.1,,1,,"Cold Chain Broken"
"7cf1eaed-d0ee-45c6-b0d8-be6809eef972","D02","POSE","POSE.AOS.groundwater.well.006","POSE.W6.20190923.FIL","A00000071587","2019-09-23T15:37Z","2019-09-23T15:37Z","EcoCore_CSU","DIC",16.0400,"milligramsPerLiter",1.1,,0,,"OK"
"fcbd59f5-4c43-4305-919a-a15f5768f25c","D02","POSE","POSE.AOS.groundwater.well.006","POSE.W6.20190923.FIL","A00000071587","2019-09-23T15:37Z","2019-09-23T15:37Z","EcoCore_CSU","NH4 - N",0.0232,"milligramsPerLiter",1.1,,0,,"OK"
"40b440dc-682b-4999-b7d7-2d2f4e6a458b","D02","POSE","POSE.AOS.groundwater.well.006","POSE.W6.20190923.FIL","A00000071587","2019-09-23T15:37Z","2019-09-23T15:37Z","EcoCore_CSU","Ortho - P",0.0380,"milligramsPerLiter",1.1,,0,,"OK"
"3936ed0d-7407-4673-b750-3826f29cc12e","D02","POSE","POSE.AOS.groundwater.well.006","POSE.W6.20190923.FIL","A00000071587","2019-09-23T15:37Z","2019-09-23T15:37Z","EcoCore_CSU","NO2 - N",-0.0059,"milligramsPerLiter",1.1,,0,,"OK"
"f73672ba-5b83-4094-8dbe-8e1540792fda","D02","POSE","POSE.AOS.groundwater.well.006","POSE.W6.20190923.FIL","A00000071587","2019-09-23T15:37Z","2019-09-23T15:37Z","EcoCore_CSU","NO3+NO2 - N",0.1368,"milligramsPerLiter",1.1,,0,,"OK"
"f5f1e704-9703-4862-afad-20034c33ed2b","D02","POSE","POSE.AOS.groundwater.well.006","POSE.W6.20190923.PCN","A00000069663","2019-09-23T15:37Z","2019-09-23T15:37Z","EcoCore_CSU","TPN",0.0988,"milligram",1.1,,0,,"OK"
"758b1caa-d645-4314-a60e-198a3e999153","D02","POSE","POSE.AOS.groundwater.well.006","POSE.W6.20190923.PCN","A00000069663","2019-09-23T15:37Z","2019-09-23T15:37Z","EcoCore_CSU","TPC",0.2379,"milligram",1.1,,0,,"OK"
"a084b5c2-e469-4941-a383-dd667dba297c","D02","POSE","POSE.AOS.groundwater.well.003","POSE.W3.20190923.FIL","A00000071607","2019-09-23T17:14Z","2019-09-23T17:14Z","EcoCore_CSU","NO3+NO2 - N",0.3128,"milligramsPerLiter",1.1,"NO TPCN|not enough raw or filtered for SWAPT",0,,"OK"
"dcba1f42-f045-4b79-ad3e-c5f7cd722e4a","D02","POSE","POSE.AOS.groundwater.well.003","POSE.W3.20190923.FIL","A00000071607","2019-09-23T17:14Z","2019-09-23T17:14Z","EcoCore_CSU","NH4 - N",0.1906,"milligramsPerLiter",1.1,"NO TPCN|not enough raw or filtered for SWAPT",0,,"OK"
"aad26268-e9c3-431f-8087-545740b35492","D02","POSE","POSE.AOS.groundwater.well.003","POSE.W3.20190923.FIL","A00000071607","2019-09-23T17:14Z","2019-09-23T17:14Z","EcoCore_CSU","Ortho - P",0.0940,"milligramsPerLiter",1.1,"NO TPCN|not enough raw or filtered for SWAPT",0,,"OK"
"cb8b24aa-311f-4ce3-84ca-0a0e96c6af75","D02","POSE","POSE.AOS.groundwater.well.003","POSE.W3.20190923.FIL","A00000071607","2019-09-23T17:14Z","2019-09-23T17:14Z","EcoCore_CSU","DOC",2.1850,"milligramsPerLiter",2.4,,0,,"OK"
"90e694da-063d-4cb9-b269-ec38a707b9ae","D02","POSE","POSE.AOS.groundwater.well.003","POSE.W3.20190923.FIL","A00000071607","2019-09-23T17:14Z","2019-09-23T17:14Z","EcoCore_CSU","TDN",0.4766,"milligramsPerLiter",1.6,,0,,"OK"
"528b604f-1fc8-4d77-8742-5ed8fa74911f","D02","POSE","POSE.AOS.groundwater.well.003","POSE.W3.20190923.FIL","A00000071607","2019-09-23T17:14Z","2019-09-23T17:14Z","EcoCore_CSU","NO2 - N",0.0035,"milligramsPerLiter",1.1,"NO TPCN|not enough raw or filtered for SWAPT",0,,"OK"
"1d1cd7a7-87eb-420b-99c1-380ef770e44b","D02","POSE","POSE.AOS.groundwater.well.003","POSE.W3.20190923.RAW","A00000071591","2019-09-23T17:14Z","2019-09-23T17:14Z","EcoCore_CSU","TN",0.6297,"milligramsPerLiter",1.1,,0,,"OK"
"cd5f92fe-8325-49a7-965e-3fd724924c0e","D02","POSE","POSE.AOS.groundwater.well.003","POSE.W3.20190923.RAW","A00000071591","2019-09-23T17:14Z","2019-09-23T17:14Z","EcoCore_CSU","TOC",3.4280,"milligramsPerLiter",1.1,,0,,"OK"
"46f717b0-dc5c-4f90-a7fe-1acd02d1dddb","D02","POSE","POSE.AOS.groundwater.well.003","POSE.W3.20190923.FIL","A00000071607","2019-09-23T17:14Z","2019-09-23T17:14Z","EcoCore_CSU","UV Absorbance (280 nm)",2.2158,,1.1,,0,,"OK"
"49ab5b84-e79d-4eaa-82cb-2c8ac59df4a6","D02","POSE","POSE.AOS.groundwater.well.003","POSE.W3.20190923.FIL","A00000071607","2019-09-23T17:14Z","2019-09-23T17:14Z","EcoCore_CSU","UV Absorbance (250 nm)",2.4052,,1.1,,0,,"OK"
"33f29c4d-29ae-47bd-a16f-178478f0ed47","D02","POSE","POSE.AOS.groundwater.well.003","POSE.W3.20190923.FIL","A00000071607","2019-09-23T17:14Z","2019-09-23T17:14Z","EcoCore_CSU","DIC",13.2500,"milligramsPerLiter",1.1,"NO TPCN|not enough raw or filtered for SWAPT",0,,"OK"
"00c09bd2-c044-4cda-9065-636fa515fe67","D02","POSE","POSE.AOS.groundwater.well.001","POSE.W1.20190923.FIL","A00000071586","2019-09-23T18:07Z","2019-09-23T18:07Z","EcoCore_CSU","Br",0.0050,"milligramsPerLiter",1.1,,0,,"OK"
"fedc0624-100f-4fff-829b-ae7f6caa3133","D02","POSE","POSE.AOS.groundwater.well.001","POSE.W1.20190923.FIL","A00000071586","2019-09-23T18:07Z","2019-09-23T18:07Z","EcoCore_CSU","TDP",0.0217,"milligramsPerLiter",1.1,,0,,"OK"
"d9cfc680-5ccb-47fb-9554-a24d30283194","D02","POSE","POSE.AOS.groundwater.well.001","POSE.W1.20190923.FIL","A00000071586","2019-09-23T18:07Z","2019-09-23T18:07Z","EcoCore_CSU","Mn",1.5120,"milligramsPerLiter",1.1,,0,,"OK"
"f56a2c6c-8001-464b-8d57-9ace67ccb461","D02","POSE","POSE.AOS.groundwater.well.001","POSE.W1.20190923.FIL","A00000071586","2019-09-23T18:07Z","2019-09-23T18:07Z","EcoCore_CSU","TDS",78.9800,"milligramsPerLiter",1.1,,0,,"OK"
"c451afe4-e9b8-401e-ab50-b3aad78112e0","D02","POSE","POSE.AOS.groundwater.well.001","POSE.W1.20190923.FIL","A00000071586","2019-09-23T18:07Z","2019-09-23T18:07Z","EcoCore_CSU","F",0.0050,"milligramsPerLiter",1.1,,0,,"OK"
"bb720163-9ee6-4f4f-b94b-775cf465cea5","D02","POSE","POSE.AOS.groundwater.well.001","POSE.W1.20190923.FIL","A00000071586","2019-09-23T18:07Z","2019-09-23T18:07Z","EcoCore_CSU","Mg",4.7210,"milligramsPerLiter",1.1,,0,,"OK"
"6fc82ce4-caad-461c-af47-d2a392228138","D02","POSE","POSE.AOS.groundwater.well.001","POSE.W1.20190923.FIL","A00000071586","2019-09-23T18:07Z","2019-09-23T18:07Z","EcoCore_CSU","CO3",0.0050,"milligramsPerLiter",1.1,,0,,"OK"
"d909d47f-6ff1-41ca-9f41-6121b9bd2eb3","D02","POSE","POSE.AOS.groundwater.well.001","POSE.W1.20190923.FIL","A00000071586","2019-09-23T18:07Z","2019-09-23T18:07Z","EcoCore_CSU","Cl",4.0338,"milligramsPerLiter",1.1,,0,,"OK"
"e867b7cc-a888-4665-af9e-7c78423ee7ef","D02","POSE","POSE.AOS.groundwater.well.001","POSE.W1.20190923.FIL","A00000071586","2019-09-23T18:07Z","2019-09-23T18:07Z","EcoCore_CSU","Fe",0.0023,"milligramsPerLiter",1.1,,0,,"OK"
"0681ff28-c1b7-4293-bbc4-90d11b7e45c0","D02","POSE","POSE.AOS.groundwater.well.001","POSE.W1.20190923.FIL","A00000071586","2019-09-23T18:07Z","2019-09-23T18:07Z","EcoCore_CSU","UV Absorbance (280 nm)",0.0272,,1.1,,0,,"OK"
"e775ed06-c922-477b-86ad-4760e6d66968","D02","POSE","POSE.AOS.groundwater.well.001","POSE.W1.20190923.FIL","A00000071586","2019-09-23T18:07Z","2019-09-23T18:07Z","EcoCore_CSU","UV Absorbance (250 nm)",0.0311,,1.1,,0,,"OK"
"7f86ad20-f1cf-4f93-93fa-bebaeac0cd2d","D02","POSE","POSE.AOS.groundwater.well.001","POSE.W1.20190923.RAW","A00000071575","2019-09-23T18:07Z","2019-09-23T18:07Z","EcoCore_CSU","TOC",1.3930,"milligramsPerLiter",1.1,,0,,"OK"
"ee9695b7-c49b-4bac-a9d7-e0de8e9b2813","D02","POSE","POSE.AOS.groundwater.well.001","POSE.W1.20190923.RAW","A00000071575","2019-09-23T18:07Z","2019-09-23T18:07Z","EcoCore_CSU","TN",0.1335,"milligramsPerLiter",1.1,,0,,"OK"
"7bf15d05-7518-442b-9cac-1baf9a64db92","D02","POSE","POSE.AOS.groundwater.well.001","POSE.W1.20190923.FIL","A00000071586","2019-09-23T18:07Z","2019-09-23T18:07Z","EcoCore_CSU","DOC",1.0480,"milligramsPerLiter",2.4,,0,,"OK"
"58fb359f-9e10-4cf8-b806-720fdad768f2","D02","POSE","POSE.AOS.groundwater.well.001","POSE.W1.20190923.FIL","A00000071586","2019-09-23T18:07Z","2019-09-23T18:07Z","EcoCore_CSU","TDN",0.1333,"milligramsPerLiter",1.0,,0,,"OK"
"778b9c76-dc09-4935-9080-609898306582","D02","POSE","POSE.AOS.groundwater.well.001","POSE.W1.20190923.FIL","A00000071586","2019-09-23T18:07Z","2019-09-23T18:07Z","EcoCore_CSU","DIC",21.6300,"milligramsPerLiter",1.1,,0,,"OK"
"039f6906-8403-4376-9266-a989d0f7dec7","D02","POSE","POSE.AOS.groundwater.well.001","POSE.W1.20190923.FIL","A00000071586","2019-09-23T18:07Z","2019-09-23T18:07Z","EcoCore_CSU","Ortho - P",0.0220,"milligramsPerLiter",1.1,,0,,"OK"
"c136da65-5c85-4a2e-a644-8c435e808323","D02","POSE","POSE.AOS.groundwater.well.001","POSE.W1.20190923.FIL","A00000071586","2019-09-23T18:07Z","2019-09-23T18:07Z","EcoCore_CSU","NH4 - N",0.0696,"milligramsPerLiter",1.1,,0,,"OK"
"25ab4d46-c6ed-4a05-8ab8-26eeb8f41e6b","D02","POSE","POSE.AOS.groundwater.well.001","POSE.W1.20190923.FIL","A00000071586","2019-09-23T18:07Z","2019-09-23T18:07Z","EcoCore_CSU","NO3+NO2 - N",0.0069,"milligramsPerLiter",1.1,,0,,"OK"
"02f1dda2-0af4-48e9-b318-5d196839220f","D02","POSE","POSE.AOS.groundwater.well.001","POSE.W1.20190923.FIL","A00000071586","2019-09-23T18:07Z","2019-09-23T18:07Z","EcoCore_CSU","NO2 - N",-0.0048,"milligramsPerLiter",1.1,,0,,"OK"
"bbd96edc-5010-4236-b095-8e6fc762eba5","D02","POSE","POSE.AOS.groundwater.well.001","POSE.W1.20190923.PCN","A00000069680","2019-09-23T18:07Z","2019-09-23T18:07Z","EcoCore_CSU","TPC",0.2807,"milligram",1.1,,0,,"OK"
"cae1050a-41e4-4485-83f6-e0f6ff7bba09","D02","POSE","POSE.AOS.groundwater.well.001","POSE.W1.20190923.PCN","A00000069680","2019-09-23T18:07Z","2019-09-23T18:07Z","EcoCore_CSU","TPN",0.1246,"milligram",1.1,,0,,"OK"
"3cd792fb-03a6-44d6-87a8-62a8bfa12fe5","D02","POSE","POSE.AOS.groundwater.well.001","POSE.W1.20190923.FIL","A00000071586","2019-09-23T18:07Z","2019-09-23T18:07Z","EcoCore_CSU","K",0.1010,"milligramsPerLiter",1.1,,0,,"OK"
"326024d6-c757-4e74-8fda-c94a986f6a46","D02","POSE","POSE.AOS.groundwater.well.001","POSE.W1.20190923.FIL","A00000071586","2019-09-23T18:07Z","2019-09-23T18:07Z","EcoCore_CSU","HCO3",64.5200,"milligramsPerLiter",1.1,,0,,"OK"
"918a077b-cae9-4f1e-8b0f-0fb6c8dec200","D02","POSE","POSE.AOS.groundwater.well.001","POSE.W1.20190923.FIL","A00000071586","2019-09-23T18:07Z","2019-09-23T18:07Z","EcoCore_CSU","Ca",10.8400,"milligramsPerLiter",1.1,,0,,"OK"
"a04d7eed-4f4c-407a-a826-21c7187d9e67","D02","POSE","POSE.AOS.groundwater.well.001","POSE.W1.20190923.FIL","A00000071586","2019-09-23T18:07Z","2019-09-23T18:07Z","EcoCore_CSU","Na",4.3470,"milligramsPerLiter",1.1,,0,,"OK"
"4643972f-70c7-43ff-9071-987d3f0c062b","D02","POSE","POSE.AOS.groundwater.well.001","POSE.W1.20190923.FIL","A00000071586","2019-09-23T18:07Z","2019-09-23T18:07Z","EcoCore_CSU","Si",11.0200,"milligramsPerLiter",1.1,,0,,"OK"
"bd26d63c-072d-40f0-b99a-55a87aa4c304","D02","POSE","POSE.AOS.groundwater.well.001","POSE.W1.20190923.FIL","A00000071586","2019-09-23T18:07Z","2019-09-23T18:07Z","EcoCore_CSU","SO4",2.3520,"milligramsPerLiter",1.1,,0,,"OK"
"ebc7922f-80e6-4b71-a474-5efbce1de620","D02","POSE","POSE.AOS.groundwater.well.001","POSE.W1.20190923.RAW","A00000071575","2019-09-23T18:07Z","2019-09-23T18:07Z","EcoCore_CSU","pH",6.7300,"pH",1.1,,0,,"OK"
"b063269b-04a6-4b4f-af3c-d3788146e951","D02","POSE","POSE.AOS.groundwater.well.001","POSE.W1.20190923.RAW","A00000071575","2019-09-23T18:07Z","2019-09-23T18:07Z","EcoCore_CSU","ANC",1.2800,"milliequivalentsPerLiter",1.1,,0,,"OK"
"feff17df-a2a4-4c92-a6a8-4ead42ddbc6e","D02","POSE","POSE.AOS.groundwater.well.001","POSE.W1.20190923.RAW","A00000071575","2019-09-23T18:07Z","2019-09-23T18:07Z","EcoCore_CSU","TSS - Dry Mass",15200.0000,"microgram",1.1,,0,,"OK"
"f0345cf6-ca53-47d9-9790-6d378aa9b725","D02","POSE","POSE.AOS.groundwater.well.001","POSE.W1.20190923.RAW","A00000071575","2019-09-23T18:07Z","2019-09-23T18:07Z","EcoCore_CSU","TP",0.5632,"milligramsPerLiter",1.1,,0,,"OK"
"bcda38c3-4afa-48a5-81d5-57dbc7c1bea5","D02","POSE","POSE.AOS.groundwater.well.001","POSE.W1.20190923.RAW","A00000071575","2019-09-23T18:07Z","2019-09-23T18:07Z","EcoCore_CSU","specificConductance",111.6300,"microsiemensPerCentimeter",1.1,,0,,"OK"
"ab8598ab-7aa3-4021-ac74-0555fe99b981","D02","POSE","POSE.AOS.groundwater.well.001","POSE.W1.20190923.RAW","A00000071575","2019-09-23T18:07Z","2019-09-23T18:07Z","EcoCore_CSU","TSS",304.0000,"milligramsPerLiter",1.1,,0,,"OK"
