uid,domainID,siteID,namedLocation,collectDate,parentSampleID,sampleCondition,sampleID,replicateNumber,gwwDICBubbleFree,gwwFiltSampleHeadspace,gwwAlkSampleHeadspace,gwwAlkSampleBubbleFree,processedDate,processedDateFilters,sampleVolumeFiltered,shipmentTimeRange
"a1d7d234-36ee-4484-a2ba-58b6af2885ae","D02","POSE","POSE.AOS.groundwater.well.008","2019-09-23T13:40Z","POSE.W8.20190923","Sample condition ok","POSE.W8.20190923",1,,,,,"2019-09-23T13:40Z","2019-09-23T13:40Z",100.0,
"708d9ac9-fd32-431e-9a27-0d80d2b42b72","D02","POSE","POSE.AOS.groundwater.well.006","2019-09-23T15:37Z","POSE.W6.20190923","Sample condition ok","POSE.W6.20190923",1,,,,,"2019-09-23T15:37Z","2019-09-23T15:37Z",25.0,
"7476aa1e-cde3-4e54-bceb-dd9540e49452","D02","POSE","POSE.AOS.groundwater.well.003","2019-09-23T17:14Z","POSE.W3.20190923","Sample condition ok","POSE.W3.20190923",1,,"N","N",,"2019-09-23T17:14Z",,,
"f618f840-83b6-41c8-b1f3-d4c8a3a1bf29","D02","POSE","POSE.AOS.groundwater.well.001","2019-09-23T18:07Z","POSE.W1.20190923","Sample condition ok","POSE.W1.20190923",1,,,,,"2019-09-23T18:07Z","2019-09-23T18:07Z",50.0,
