uid,domainID,siteID,namedLocation,collectDate,titrationDate,parentSampleID,domainSampleID,remarks,measuredBy,alkMeqPerL,alkMgPerL,ancMeqPerL,ancMgPerL
"2d032a40-249d-43f8-9fe9-707bc739792e","D05","LIRO","LIRO.AOS.groundwater.well.002","2018-05-15T17:06Z","2018-05-16T14:20Z","LIRO.W2.20180515","LIRO.W2.20180515.ALK","final temp 22.7","jbuza",0.320,15.900,,
"da30bcbf-e55b-479a-8911-e69cdf45a096","D05","LIRO","LIRO.AOS.groundwater.well.001","2018-05-15T18:02Z","2018-05-16T13:50Z","LIRO.W1.20180515","LIRO.W1.20180515.ALK","final temp 23.0","jbuza",0.460,23.200,,
"c06c744e-08ea-4e9f-a0a7-76eaf365e6ca","D05","LIRO","LIRO.AOS.groundwater.well.007","2018-05-15T19:53Z","2018-05-16T13:28Z","LIRO.W7.20180515","LIRO.W7.20180515.ALK","final temp 21.8","jbuza",0.260,13.100,,
"a2a61251-72b7-47e9-ba72-3069f7413ce4","D05","LIRO","LIRO.AOS.groundwater.well.004","2018-05-15T20:46Z","2018-05-16T14:40Z","LIRO.W4.20180515","LIRO.W4.20180515.ALK","final temp18.0","jbuza",0.480,23.900,,
