uid,domainID,siteID,namedLocation,sampleID,sampleCode,startDate,collectDate,laboratoryName,analyte,analyteConcentration,analyteUnits,coolerTemp,remarks,shipmentWarmQF,externalLabDataQF,sampleCondition
"e85f73cb-c23c-4927-aee8-d7cd975b659a","D05","LIRO","LIRO.AOS.groundwater.well.002","LIRO.W2.20180515.FIL","A00000007871","2018-05-15T17:06Z","2018-05-15T17:06Z","EcoCore_CSU","NO2 - N",0.0154,"milligramsPerLiter",2.4,,0,"formatChange","GOOD"
"260eafcc-8f75-4229-80f5-096e00d3c249","D05","LIRO","LIRO.AOS.groundwater.well.002","LIRO.W2.20180515.FIL","A00000007871","2018-05-15T17:06Z","2018-05-15T17:06Z","EcoCore_CSU","Fe",0.0005,"milligramsPerLiter",2.4,,0,"formatChange","GOOD"
"41994125-85c2-4192-896e-4926c2fef05c","D05","LIRO","LIRO.AOS.groundwater.well.002","LIRO.W2.20180515.FIL","A00000007871","2018-05-15T17:06Z","2018-05-15T17:06Z","EcoCore_CSU","TDS",36.4200,"milligramsPerLiter",2.4,,0,"formatChange","GOOD"
"4415c3b0-1a37-4b03-baa4-053a8629c57f","D05","LIRO","LIRO.AOS.groundwater.well.002","LIRO.W2.20180515.FIL","A00000007871","2018-05-15T17:06Z","2018-05-15T17:06Z","EcoCore_CSU","NO3+NO2 - N",0.0295,"milligramsPerLiter",2.4,,0,"formatChange","GOOD"
"8805ee74-60ef-4f01-a641-f970f9413a56","D05","LIRO","LIRO.AOS.groundwater.well.002","LIRO.W2.20180515.FIL","A00000007871","2018-05-15T17:06Z","2018-05-15T17:06Z","EcoCore_CSU","UV Absorbance (250 nm)",0.0452,,2.4,,0,"formatChange","GOOD"
"193fd948-3657-4f4d-ba73-57265aeb748a","D05","LIRO","LIRO.AOS.groundwater.well.002","LIRO.W2.20180515.FIL","A00000007871","2018-05-15T17:06Z","2018-05-15T17:06Z","EcoCore_CSU","HCO3",1.3900,"milligramsPerLiter",2.4,,0,"formatChange","GOOD"
"55772d8f-21ad-4037-aa39-6f25b711ae81","D05","LIRO","LIRO.AOS.groundwater.well.002","LIRO.W2.20180515.RAW","A00000007863","2018-05-15T17:06Z","2018-05-15T17:06Z","EcoCore_CSU","TN",0.1076,"milligramsPerLiter",2.4,,0,"formatChange","GOOD"
"0326463a-81f8-40bb-b378-2ceecf6350e7","D05","LIRO","LIRO.AOS.groundwater.well.002","LIRO.W2.20180515.FIL","A00000007871","2018-05-15T17:06Z","2018-05-15T17:06Z","EcoCore_CSU","Ca",6.0604,"milligramsPerLiter",2.4,,0,"formatChange","GOOD"
"d24e41f8-7ec4-483f-afe3-1d135c428c1a","D05","LIRO","LIRO.AOS.groundwater.well.002","LIRO.W2.20180515.RAW","A00000007863","2018-05-15T17:06Z","2018-05-15T17:06Z","EcoCore_CSU","pH",6.4400,"pH",2.4,,0,"formatChange","GOOD"
"1f0632cd-1a2f-4d28-b039-652f9be21bed","D05","LIRO","LIRO.AOS.groundwater.well.002","LIRO.W2.20180515.FIL","A00000007871","2018-05-15T17:06Z","2018-05-15T17:06Z","EcoCore_CSU","Cl",8.2286,"milligramsPerLiter",2.4,,0,"formatChange","GOOD"
"4f127e54-d506-462b-8733-4260c84e8a3b","D05","LIRO","LIRO.AOS.groundwater.well.002","LIRO.W2.20180515.RAW","A00000007863","2018-05-15T17:06Z","2018-05-15T17:06Z","EcoCore_CSU","TSS",422.0000,"milligramsPerLiter",2.4,,0,"formatChange","GOOD"
"747a02fa-bf0a-4277-b192-1ffb323e99c4","D05","LIRO","LIRO.AOS.groundwater.well.002","LIRO.W2.20180515.FIL","A00000007871","2018-05-15T17:06Z","2018-05-15T17:06Z","EcoCore_CSU","F",0.0050,"milligramsPerLiter",2.4,,0,"formatChange","GOOD"
"ee612446-0821-4694-8f21-db274880dd11","D05","LIRO","LIRO.AOS.groundwater.well.002","LIRO.W2.20180515.FIL","A00000007871","2018-05-15T17:06Z","2018-05-15T17:06Z","EcoCore_CSU","Mg",1.5027,"milligramsPerLiter",2.4,,0,"formatChange","GOOD"
"d70846e1-a7b6-4cf4-b8c3-96a1db33d9dc","D05","LIRO","LIRO.AOS.groundwater.well.002","LIRO.W2.20180515.FIL","A00000007871","2018-05-15T17:06Z","2018-05-15T17:06Z","EcoCore_CSU","Ortho - P",0.0160,"milligramsPerLiter",2.4,,0,"formatChange","GOOD"
"1aea03de-7c09-40f5-a939-bb3a42d91161","D05","LIRO","LIRO.AOS.groundwater.well.002","LIRO.W2.20180515.FIL","A00000007871","2018-05-15T17:06Z","2018-05-15T17:06Z","EcoCore_CSU","TDP",0.0267,"milligramsPerLiter",2.4,,0,"formatChange","GOOD"
"c2611ccc-9776-4200-8df3-d5dd59d0bf51","D05","LIRO","LIRO.AOS.groundwater.well.002","LIRO.W2.20180515.RAW","A00000007863","2018-05-15T17:06Z","2018-05-15T17:06Z","EcoCore_CSU","TP",0.1307,"milligramsPerLiter",2.4,,0,"formatChange","GOOD"
"94014eb7-2800-4540-aaf6-382ce6c6f6ca","D05","LIRO","LIRO.AOS.groundwater.well.002","LIRO.W2.20180515.FIL","A00000007871","2018-05-15T17:06Z","2018-05-15T17:06Z","EcoCore_CSU","Na",0.6760,"milligramsPerLiter",2.4,,0,"formatChange","GOOD"
"6e40b662-71f2-4c63-983b-95ee80d895a6","D05","LIRO","LIRO.AOS.groundwater.well.002","LIRO.W2.20180515.FIL","A00000007871","2018-05-15T17:06Z","2018-05-15T17:06Z","EcoCore_CSU","NH4 - N",0.0978,"milligramsPerLiter",2.4,,0,"formatChange","GOOD"
"f748383b-78dc-416d-ac34-01717fdcf822","D05","LIRO","LIRO.AOS.groundwater.well.002","LIRO.W2.20180515.FIL","A00000007871","2018-05-15T17:06Z","2018-05-15T17:06Z","EcoCore_CSU","UV Absorbance (280 nm)",0.0335,,2.4,,0,"formatChange","GOOD"
"26e9faa5-8a42-4e90-b4ab-0e3420e9a7d6","D05","LIRO","LIRO.AOS.groundwater.well.002","LIRO.W2.20180515.FIL","A00000007871","2018-05-15T17:06Z","2018-05-15T17:06Z","EcoCore_CSU","DIC",5.1280,"milligramsPerLiter",2.4,,0,"formatChange","GOOD"
"99c8c7f0-9dce-47bc-8ef6-881dc1208b17","D05","LIRO","LIRO.AOS.groundwater.well.002","LIRO.W2.20180515.RAW","A00000007863","2018-05-15T17:06Z","2018-05-15T17:06Z","EcoCore_CSU","TOC",1.1040,"milligramsPerLiter",2.4,,0,"formatChange","GOOD"
"0f25e4e6-3770-49d8-95c7-8751e6b9775b","D05","LIRO","LIRO.AOS.groundwater.well.002","LIRO.W2.20180515.FIL","A00000007871","2018-05-15T17:06Z","2018-05-15T17:06Z","EcoCore_CSU","Si",7.2082,"milligramsPerLiter",2.4,,0,"formatChange","GOOD"
"eaf15867-c6a7-4e96-bc4b-f5806dbe83a5","D05","LIRO","LIRO.AOS.groundwater.well.002","LIRO.W2.20180515.FIL","A00000007871","2018-05-15T17:06Z","2018-05-15T17:06Z","EcoCore_CSU","Mn",0.0162,"milligramsPerLiter",2.4,,0,"formatChange","GOOD"
"aea6a2f3-9f84-432f-b86e-3317aa16b46d","D05","LIRO","LIRO.AOS.groundwater.well.002","LIRO.W2.20180515.RAW","A00000007863","2018-05-15T17:06Z","2018-05-15T17:06Z","EcoCore_CSU","ANC",0.0280,"milliequivalentsPerLiter",2.4,,0,"formatChange","GOOD"
"2f5c4fc3-a25a-4865-8307-a1db6a4833b1","D05","LIRO","LIRO.AOS.groundwater.well.002","LIRO.W2.20180515.PCN","A00000007897","2018-05-15T17:06Z","2018-05-15T17:06Z","EcoCore_CSU","TPC",0.3441,"milligram",2.4,,0,"formatChange","GOOD"
"6410d61a-f0a1-4eee-8525-d4e49c14cbd2","D05","LIRO","LIRO.AOS.groundwater.well.002","LIRO.W2.20180515.FIL","A00000007871","2018-05-15T17:06Z","2018-05-15T17:06Z","EcoCore_CSU","Br",0.0050,"milligramsPerLiter",2.4,,0,"formatChange","GOOD"
"b8282d88-dbbb-4a34-b47a-6f3e27a93cf3","D05","LIRO","LIRO.AOS.groundwater.well.002","LIRO.W2.20180515.RAW","A00000007863","2018-05-15T17:06Z","2018-05-15T17:06Z","EcoCore_CSU","conductivity",53.5600,"microsiemensPerCentimeter",2.4,,0,"formatChange","GOOD"
"dcae7cdc-a0fc-4a28-b77f-823f018b4852","D05","LIRO","LIRO.AOS.groundwater.well.002","LIRO.W2.20180515.FIL","A00000007871","2018-05-15T17:06Z","2018-05-15T17:06Z","EcoCore_CSU","SO4",8.8786,"milligramsPerLiter",2.4,,0,"formatChange","GOOD"
"a72f2b68-b5a8-4592-99d2-ca19a0ddf3d8","D05","LIRO","LIRO.AOS.groundwater.well.002","LIRO.W2.20180515.FIL","A00000007871","2018-05-15T17:06Z","2018-05-15T17:06Z","EcoCore_CSU","DOC",1.2960,"milligramsPerLiter",2.4,,0,"formatChange","GOOD"
"478ab464-add4-4953-a01e-8b1430567293","D05","LIRO","LIRO.AOS.groundwater.well.002","LIRO.W2.20180515.RAW","A00000007863","2018-05-15T17:06Z","2018-05-15T17:06Z","EcoCore_CSU","TSS - Dry Mass",21100.0000,"microgram",2.4,,0,"formatChange","GOOD"
"6128b01a-37c1-4a65-b7c7-abcdd311c816","D05","LIRO","LIRO.AOS.groundwater.well.002","LIRO.W2.20180515.FIL","A00000007871","2018-05-15T17:06Z","2018-05-15T17:06Z","EcoCore_CSU","K",0.5848,"milligramsPerLiter",2.4,,0,"formatChange","GOOD"
"759c9670-229a-487e-a5a6-62bd1bed4d2e","D05","LIRO","LIRO.AOS.groundwater.well.002","LIRO.W2.20180515.FIL","A00000007871","2018-05-15T17:06Z","2018-05-15T17:06Z","EcoCore_CSU","TDN",0.1019,"milligramsPerLiter",2.4,,0,"formatChange","GOOD"
"39249e7c-e182-4bae-bd94-a7b1a940e3d1","D05","LIRO","LIRO.AOS.groundwater.well.002","LIRO.W2.20180515.PCN","A00000007897","2018-05-15T17:06Z","2018-05-15T17:06Z","EcoCore_CSU","TPN",0.1010,"milligram",2.4,,0,"formatChange","GOOD"
"2cbc74be-90b3-4e73-b7bb-62014c8204f8","D05","LIRO","LIRO.AOS.groundwater.well.002","LIRO.W2.20180515.FIL","A00000007871","2018-05-15T17:06Z","2018-05-15T17:06Z","EcoCore_CSU","CO3",0.0050,"milligramsPerLiter",2.4,,0,"formatChange","GOOD"
"05175df6-2bf9-41af-8ee2-a6675fde03a1","D05","LIRO","LIRO.AOS.groundwater.well.001","LIRO.W1.20180515.FIL","A00000007855","2018-05-15T18:02Z","2018-05-15T18:02Z","EcoCore_CSU","NH4 - N",0.0076,"milligramsPerLiter",2.4,,0,"formatChange","GOOD"
"e9c185c8-5a23-46b4-a08f-d12ae26471dc","D05","LIRO","LIRO.AOS.groundwater.well.001","LIRO.W1.20180515.PCN","A00000007880","2018-05-15T18:02Z","2018-05-15T18:02Z","EcoCore_CSU","TPN",0.1613,"milligram",2.4,,0,"formatChange","GOOD"
"8bf1dcd4-b7e1-46c7-9147-76b232095954","D05","LIRO","LIRO.AOS.groundwater.well.001","LIRO.W1.20180515.FIL","A00000007855","2018-05-15T18:02Z","2018-05-15T18:02Z","EcoCore_CSU","Fe",0.0197,"milligramsPerLiter",2.4,,0,"formatChange","GOOD"
"cdb69394-39f9-4c4e-9a7d-1b0ff7b54980","D05","LIRO","LIRO.AOS.groundwater.well.001","LIRO.W1.20180515.FIL","A00000007855","2018-05-15T18:02Z","2018-05-15T18:02Z","EcoCore_CSU","Si",8.5588,"milligramsPerLiter",2.4,,0,"formatChange","GOOD"
"535b0dce-7dee-49f7-bad7-3954cbc7a554","D05","LIRO","LIRO.AOS.groundwater.well.001","LIRO.W1.20180515.FIL","A00000007855","2018-05-15T18:02Z","2018-05-15T18:02Z","EcoCore_CSU","Cl",9.8142,"milligramsPerLiter",2.4,,0,"formatChange","GOOD"
"7e8852dd-aad1-4fb1-a18b-da14a381ba60","D05","LIRO","LIRO.AOS.groundwater.well.001","LIRO.W1.20180515.FIL","A00000007855","2018-05-15T18:02Z","2018-05-15T18:02Z","EcoCore_CSU","Br",0.0050,"milligramsPerLiter",2.4,,0,"formatChange","GOOD"
"cdcc4859-375d-4aa7-afa5-47f3bb78f7f9","D05","LIRO","LIRO.AOS.groundwater.well.001","LIRO.W1.20180515.FIL","A00000007855","2018-05-15T18:02Z","2018-05-15T18:02Z","EcoCore_CSU","DOC",1.0210,"milligramsPerLiter",2.4,,0,"formatChange","GOOD"
"7bd345fb-5252-48df-b9e0-3cda5137e316","D05","LIRO","LIRO.AOS.groundwater.well.001","LIRO.W1.20180515.FIL","A00000007855","2018-05-15T18:02Z","2018-05-15T18:02Z","EcoCore_CSU","CO3",0.0050,"milligramsPerLiter",2.4,,0,"formatChange","GOOD"
"31a52178-8208-4aaa-ac4f-f2c2c5eeb884","D05","LIRO","LIRO.AOS.groundwater.well.001","LIRO.W1.20180515.FIL","A00000007855","2018-05-15T18:02Z","2018-05-15T18:02Z","EcoCore_CSU","HCO3",7.9600,"milligramsPerLiter",2.4,,0,"formatChange","GOOD"
"3bc0f897-e42c-4849-a12d-03d3fd1f9b31","D05","LIRO","LIRO.AOS.groundwater.well.001","LIRO.W1.20180515.RAW","A00000007862","2018-05-15T18:02Z","2018-05-15T18:02Z","EcoCore_CSU","ANC",0.1540,"milliequivalentsPerLiter",2.4,,0,"formatChange","GOOD"
"5ab7918e-a356-41a1-af76-56afba95280b","D05","LIRO","LIRO.AOS.groundwater.well.001","LIRO.W1.20180515.FIL","A00000007855","2018-05-15T18:02Z","2018-05-15T18:02Z","EcoCore_CSU","TDP",0.0046,"milligramsPerLiter",2.4,,0,"formatChange","GOOD"
"c473f1ac-b040-4a7f-bf0a-eb20b1847e5a","D05","LIRO","LIRO.AOS.groundwater.well.001","LIRO.W1.20180515.FIL","A00000007855","2018-05-15T18:02Z","2018-05-15T18:02Z","EcoCore_CSU","F",0.0050,"milligramsPerLiter",2.4,,0,"formatChange","GOOD"
"1b6ae00b-0a47-470e-ab04-b7621c7fbc3a","D05","LIRO","LIRO.AOS.groundwater.well.001","LIRO.W1.20180515.FIL","A00000007855","2018-05-15T18:02Z","2018-05-15T18:02Z","EcoCore_CSU","Mg",2.0054,"milligramsPerLiter",2.4,,0,"formatChange","GOOD"
"033ea4a3-33c2-4f93-bfe8-453eff578d8b","D05","LIRO","LIRO.AOS.groundwater.well.001","LIRO.W1.20180515.RAW","A00000007862","2018-05-15T18:02Z","2018-05-15T18:02Z","EcoCore_CSU","conductivity",57.4400,"microsiemensPerCentimeter",2.4,,0,"formatChange","GOOD"
"8f5172f1-4fe8-4f10-9ba3-e825915aada6","D05","LIRO","LIRO.AOS.groundwater.well.001","LIRO.W1.20180515.RAW","A00000007862","2018-05-15T18:02Z","2018-05-15T18:02Z","EcoCore_CSU","TSS - Dry Mass",5300.0000,"microgram",2.4,,0,"formatChange","GOOD"
"cebdbcdf-ed5f-400f-8ae8-cfabd7324416","D05","LIRO","LIRO.AOS.groundwater.well.001","LIRO.W1.20180515.RAW","A00000007862","2018-05-15T18:02Z","2018-05-15T18:02Z","EcoCore_CSU","TOC",0.8330,"milligramsPerLiter",2.4,,0,"formatChange","GOOD"
"a8e13d33-d794-4b2c-a3a3-6d2aadb45eef","D05","LIRO","LIRO.AOS.groundwater.well.001","LIRO.W1.20180515.FIL","A00000007855","2018-05-15T18:02Z","2018-05-15T18:02Z","EcoCore_CSU","TDN",0.0635,"milligramsPerLiter",2.4,,0,"formatChange","GOOD"
"d9e5f33e-9671-4c3f-a88a-d97a603ed7ff","D05","LIRO","LIRO.AOS.groundwater.well.001","LIRO.W1.20180515.FIL","A00000007855","2018-05-15T18:02Z","2018-05-15T18:02Z","EcoCore_CSU","Mn",0.0896,"milligramsPerLiter",2.4,,0,"formatChange","GOOD"
"3cf7a4aa-127a-477e-bbbe-9a4208a05d08","D05","LIRO","LIRO.AOS.groundwater.well.001","LIRO.W1.20180515.FIL","A00000007855","2018-05-15T18:02Z","2018-05-15T18:02Z","EcoCore_CSU","NO2 - N",0.0151,"milligramsPerLiter",2.4,,0,"formatChange","GOOD"
"0cd9a16f-b0b2-4d09-aaa7-0beba0a5ddb7","D05","LIRO","LIRO.AOS.groundwater.well.001","LIRO.W1.20180515.FIL","A00000007855","2018-05-15T18:02Z","2018-05-15T18:02Z","EcoCore_CSU","Na",0.6820,"milligramsPerLiter",2.4,,0,"formatChange","GOOD"
"7bfeea55-7ff9-4da4-bb20-9274885dc6d1","D05","LIRO","LIRO.AOS.groundwater.well.001","LIRO.W1.20180515.FIL","A00000007855","2018-05-15T18:02Z","2018-05-15T18:02Z","EcoCore_CSU","UV Absorbance (280 nm)",0.0189,,2.4,,0,"formatChange","GOOD"
"f5c70dd6-c364-4a3c-8e48-dbf414ec3f34","D05","LIRO","LIRO.AOS.groundwater.well.001","LIRO.W1.20180515.FIL","A00000007855","2018-05-15T18:02Z","2018-05-15T18:02Z","EcoCore_CSU","SO4",3.9076,"milligramsPerLiter",2.4,,0,"formatChange","GOOD"
"e0d3e6a4-c147-409d-b9a9-b6c2c45e4444","D05","LIRO","LIRO.AOS.groundwater.well.001","LIRO.W1.20180515.RAW","A00000007862","2018-05-15T18:02Z","2018-05-15T18:02Z","EcoCore_CSU","TN",0.0845,"milligramsPerLiter",2.4,,0,"formatChange","GOOD"
"9e71625d-ca70-4dab-8ddd-503f762127ae","D05","LIRO","LIRO.AOS.groundwater.well.001","LIRO.W1.20180515.FIL","A00000007855","2018-05-15T18:02Z","2018-05-15T18:02Z","EcoCore_CSU","UV Absorbance (250 nm)",0.0267,,2.4,,0,"formatChange","GOOD"
"24338174-1080-4787-986a-5d4e17f0a7fa","D05","LIRO","LIRO.AOS.groundwater.well.001","LIRO.W1.20180515.RAW","A00000007862","2018-05-15T18:02Z","2018-05-15T18:02Z","EcoCore_CSU","pH",6.5800,"pH",2.4,,0,"formatChange","GOOD"
"1abbe464-1991-40ee-ab1f-dad6fc8e92de","D05","LIRO","LIRO.AOS.groundwater.well.001","LIRO.W1.20180515.FIL","A00000007855","2018-05-15T18:02Z","2018-05-15T18:02Z","EcoCore_CSU","TDS",41.0100,"milligramsPerLiter",2.4,,0,"formatChange","GOOD"
"2e6adda8-0ec8-4a77-af4d-4645086a635d","D05","LIRO","LIRO.AOS.groundwater.well.001","LIRO.W1.20180515.FIL","A00000007855","2018-05-15T18:02Z","2018-05-15T18:02Z","EcoCore_CSU","Ortho - P",0.0160,"milligramsPerLiter",2.4,,0,"formatChange","GOOD"
"1de0d64a-2374-42a6-a2b7-9596c2b867fc","D05","LIRO","LIRO.AOS.groundwater.well.001","LIRO.W1.20180515.RAW","A00000007862","2018-05-15T18:02Z","2018-05-15T18:02Z","EcoCore_CSU","TSS",106.0000,"milligramsPerLiter",2.4,,0,"formatChange","GOOD"
"ec7364c8-b4dd-4276-a26f-1cbf4bc55950","D05","LIRO","LIRO.AOS.groundwater.well.001","LIRO.W1.20180515.FIL","A00000007855","2018-05-15T18:02Z","2018-05-15T18:02Z","EcoCore_CSU","NO3+NO2 - N",0.0086,"milligramsPerLiter",2.4,,0,"formatChange","GOOD"
"5fc5ce23-1e8b-4fbf-a57f-53b81c0cd2c8","D05","LIRO","LIRO.AOS.groundwater.well.001","LIRO.W1.20180515.FIL","A00000007855","2018-05-15T18:02Z","2018-05-15T18:02Z","EcoCore_CSU","DIC",7.6180,"milligramsPerLiter",2.4,,0,"formatChange","GOOD"
"4430a7bf-c56d-49df-b2f2-b630f9406aa9","D05","LIRO","LIRO.AOS.groundwater.well.001","LIRO.W1.20180515.FIL","A00000007855","2018-05-15T18:02Z","2018-05-15T18:02Z","EcoCore_CSU","K",0.6099,"milligramsPerLiter",2.4,,0,"formatChange","GOOD"
"bdc139ae-a2b6-4132-afd8-3554b1a05729","D05","LIRO","LIRO.AOS.groundwater.well.001","LIRO.W1.20180515.PCN","A00000007880","2018-05-15T18:02Z","2018-05-15T18:02Z","EcoCore_CSU","TPC",0.3651,"milligram",2.4,,0,"formatChange","GOOD"
"add1af11-9abf-4b59-9197-26b63121bb71","D05","LIRO","LIRO.AOS.groundwater.well.001","LIRO.W1.20180515.RAW","A00000007862","2018-05-15T18:02Z","2018-05-15T18:02Z","EcoCore_CSU","TP",0.1040,"milligramsPerLiter",2.4,,0,"formatChange","GOOD"
"77994895-9dae-4ce1-8a82-fff7f46e0de1","D05","LIRO","LIRO.AOS.groundwater.well.001","LIRO.W1.20180515.FIL","A00000007855","2018-05-15T18:02Z","2018-05-15T18:02Z","EcoCore_CSU","Ca",6.2047,"milligramsPerLiter",2.4,,0,"formatChange","GOOD"
"29ec1c1a-cfa7-4a91-b21c-379fafb6d879","D05","LIRO","LIRO.AOS.groundwater.well.007","LIRO.W7.20180515.FIL","A00000007872","2018-05-15T19:53Z","2018-05-15T19:53Z","EcoCore_CSU","Fe",0.0005,"milligramsPerLiter",2.4,,0,"formatChange","GOOD"
"6a8b0c9d-a70b-4730-93ed-30a69f9d1c96","D05","LIRO","LIRO.AOS.groundwater.well.007","LIRO.W7.20180515.FIL","A00000007872","2018-05-15T19:53Z","2018-05-15T19:53Z","EcoCore_CSU","Mn",0.0286,"milligramsPerLiter",2.4,,0,"formatChange","GOOD"
"1b5a89df-0700-439f-9016-4d3f9cb1747c","D05","LIRO","LIRO.AOS.groundwater.well.007","LIRO.W7.20180515.FIL","A00000007872","2018-05-15T19:53Z","2018-05-15T19:53Z","EcoCore_CSU","NO2 - N",0.0156,"milligramsPerLiter",2.4,,0,"formatChange","GOOD"
"b659e0ba-7369-470f-a4f1-9abcefa8cf84","D05","LIRO","LIRO.AOS.groundwater.well.007","LIRO.W7.20180515.FIL","A00000007872","2018-05-15T19:53Z","2018-05-15T19:53Z","EcoCore_CSU","Ca",5.6870,"milligramsPerLiter",2.4,,0,"formatChange","GOOD"
"d8b1d30c-a2b6-4a70-86b3-42caa36bf98d","D05","LIRO","LIRO.AOS.groundwater.well.007","LIRO.W7.20180515.FIL","A00000007872","2018-05-15T19:53Z","2018-05-15T19:53Z","EcoCore_CSU","HCO3",10.7500,"milligramsPerLiter",2.4,,0,"formatChange","GOOD"
"da14d83e-e0cd-40e5-aa22-bbb018fa1005","D05","LIRO","LIRO.AOS.groundwater.well.007","LIRO.W7.20180515.RAW","A00000007861","2018-05-15T19:53Z","2018-05-15T19:53Z","EcoCore_CSU","ANC",0.1950,"milliequivalentsPerLiter",2.4,,0,"formatChange","GOOD"
"e67d8572-fed4-46fe-82bd-d9406c2989fb","D05","LIRO","LIRO.AOS.groundwater.well.007","LIRO.W7.20180515.FIL","A00000007872","2018-05-15T19:53Z","2018-05-15T19:53Z","EcoCore_CSU","UV Absorbance (280 nm)",0.0158,,2.4,,0,"formatChange","GOOD"
"5aa10419-649c-4ed6-bc3a-32efe7ea16bc","D05","LIRO","LIRO.AOS.groundwater.well.007","LIRO.W7.20180515.PCN","A00000007879","2018-05-15T19:53Z","2018-05-15T19:53Z","EcoCore_CSU","TPC",0.3345,"milligram",2.4,,0,"formatChange","GOOD"
"3c72dcc0-1a84-4616-948c-3354f608d9a7","D05","LIRO","LIRO.AOS.groundwater.well.007","LIRO.W7.20180515.RAW","A00000007861","2018-05-15T19:53Z","2018-05-15T19:53Z","EcoCore_CSU","TSS",8.0000,"milligramsPerLiter",2.4,,0,"formatChange","GOOD"
"9ab4bc8c-a2a8-454c-b382-7ca7d6180de5","D05","LIRO","LIRO.AOS.groundwater.well.007","LIRO.W7.20180515.FIL","A00000007872","2018-05-15T19:53Z","2018-05-15T19:53Z","EcoCore_CSU","SO4",1.6670,"milligramsPerLiter",2.4,,0,"formatChange","GOOD"
"dbae5e17-61c9-4138-89c7-94ce7c913847","D05","LIRO","LIRO.AOS.groundwater.well.007","LIRO.W7.20180515.FIL","A00000007872","2018-05-15T19:53Z","2018-05-15T19:53Z","EcoCore_CSU","F",0.0050,"milligramsPerLiter",2.4,,0,"formatChange","GOOD"
"bdfcf62a-72ce-4d58-bf69-f5f3cf6caece","D05","LIRO","LIRO.AOS.groundwater.well.007","LIRO.W7.20180515.FIL","A00000007872","2018-05-15T19:53Z","2018-05-15T19:53Z","EcoCore_CSU","Ortho - P",0.1350,"milligramsPerLiter",2.4,,0,"formatChange","GOOD"
"ff83b556-e2be-42e0-bb34-c72850818c78","D05","LIRO","LIRO.AOS.groundwater.well.007","LIRO.W7.20180515.RAW","A00000007861","2018-05-15T19:53Z","2018-05-15T19:53Z","EcoCore_CSU","conductivity",38.3600,"microsiemensPerCentimeter",2.4,,0,"formatChange","GOOD"
"8cd61249-8ccc-42f0-88f7-bf7750af5137","D05","LIRO","LIRO.AOS.groundwater.well.007","LIRO.W7.20180515.FIL","A00000007872","2018-05-15T19:53Z","2018-05-15T19:53Z","EcoCore_CSU","CO3",0.0050,"milligramsPerLiter",2.4,,0,"formatChange","GOOD"
"4d4dfa21-0651-4d84-99eb-b7d7c262fb29","D05","LIRO","LIRO.AOS.groundwater.well.007","LIRO.W7.20180515.FIL","A00000007872","2018-05-15T19:53Z","2018-05-15T19:53Z","EcoCore_CSU","NO3+NO2 - N",0.0436,"milligramsPerLiter",2.4,,0,"formatChange","GOOD"
"19c8e0a7-2537-4a5b-8c22-b0ef279d0ffc","D05","LIRO","LIRO.AOS.groundwater.well.007","LIRO.W7.20180515.FIL","A00000007872","2018-05-15T19:53Z","2018-05-15T19:53Z","EcoCore_CSU","TDP",0.0054,"milligramsPerLiter",2.4,,0,"formatChange","GOOD"
"56fb00b7-c0fb-4fb6-9f30-c5b74135694b","D05","LIRO","LIRO.AOS.groundwater.well.007","LIRO.W7.20180515.RAW","A00000007861","2018-05-15T19:53Z","2018-05-15T19:53Z","EcoCore_CSU","TN",0.1150,"milligramsPerLiter",2.4,,0,"formatChange","GOOD"
"80a5d252-b077-4a79-98c8-4d006084cd24","D05","LIRO","LIRO.AOS.groundwater.well.007","LIRO.W7.20180515.PCN","A00000007879","2018-05-15T19:53Z","2018-05-15T19:53Z","EcoCore_CSU","TPN",0.1568,"milligram",2.4,,0,"formatChange","GOOD"
"10e298ec-ae9e-47dd-8a2f-8a572169c14a","D05","LIRO","LIRO.AOS.groundwater.well.007","LIRO.W7.20180515.FIL","A00000007872","2018-05-15T19:53Z","2018-05-15T19:53Z","EcoCore_CSU","UV Absorbance (250 nm)",0.0255,,2.4,,0,"formatChange","GOOD"
"bc5a1ca8-4364-4238-ad6d-0bd2c06394f4","D05","LIRO","LIRO.AOS.groundwater.well.007","LIRO.W7.20180515.FIL","A00000007872","2018-05-15T19:53Z","2018-05-15T19:53Z","EcoCore_CSU","Na",0.3730,"milligramsPerLiter",2.4,,0,"formatChange","GOOD"
"e2a916de-415a-4c76-8c5f-bf537190db86","D05","LIRO","LIRO.AOS.groundwater.well.007","LIRO.W7.20180515.FIL","A00000007872","2018-05-15T19:53Z","2018-05-15T19:53Z","EcoCore_CSU","TDN",0.0936,"milligramsPerLiter",2.4,,0,"formatChange","GOOD"
"6f7c508b-25bf-4af4-9f53-9d2a2f0b6c1e","D05","LIRO","LIRO.AOS.groundwater.well.007","LIRO.W7.20180515.FIL","A00000007872","2018-05-15T19:53Z","2018-05-15T19:53Z","EcoCore_CSU","TDS",27.2900,"milligramsPerLiter",2.4,,0,"formatChange","GOOD"
"b91506ac-7741-421d-860b-0a3251c612ac","D05","LIRO","LIRO.AOS.groundwater.well.007","LIRO.W7.20180515.FIL","A00000007872","2018-05-15T19:53Z","2018-05-15T19:53Z","EcoCore_CSU","DOC",0.8430,"milligramsPerLiter",2.4,,0,"formatChange","GOOD"
"7f015774-f7aa-4f70-add5-4e018bc9d278","D05","LIRO","LIRO.AOS.groundwater.well.007","LIRO.W7.20180515.FIL","A00000007872","2018-05-15T19:53Z","2018-05-15T19:53Z","EcoCore_CSU","Cl",5.9410,"milligramsPerLiter",2.4,,0,"formatChange","GOOD"
"a3fd87fd-9249-460e-a984-806c3eb77f57","D05","LIRO","LIRO.AOS.groundwater.well.007","LIRO.W7.20180515.FIL","A00000007872","2018-05-15T19:53Z","2018-05-15T19:53Z","EcoCore_CSU","Si",6.7804,"milligramsPerLiter",2.4,,0,"formatChange","GOOD"
"a38e039b-d168-4fe5-b027-eeaf6a362f85","D05","LIRO","LIRO.AOS.groundwater.well.007","LIRO.W7.20180515.FIL","A00000007872","2018-05-15T19:53Z","2018-05-15T19:53Z","EcoCore_CSU","NH4 - N",0.0158,"milligramsPerLiter",2.4,,0,"formatChange","GOOD"
"539586ee-deeb-4b36-9978-d4c38668e302","D05","LIRO","LIRO.AOS.groundwater.well.007","LIRO.W7.20180515.RAW","A00000007861","2018-05-15T19:53Z","2018-05-15T19:53Z","EcoCore_CSU","TSS - Dry Mass",400.0000,"microgram",2.4,,0,"formatChange","GOOD"
"1137c2cc-e75c-4dc2-a778-5d452157d84d","D05","LIRO","LIRO.AOS.groundwater.well.007","LIRO.W7.20180515.RAW","A00000007861","2018-05-15T19:53Z","2018-05-15T19:53Z","EcoCore_CSU","pH",6.4800,"pH",2.4,,0,"formatChange","GOOD"
"3d48ea0b-89b8-45e8-b730-8b70b405f742","D05","LIRO","LIRO.AOS.groundwater.well.007","LIRO.W7.20180515.RAW","A00000007861","2018-05-15T19:53Z","2018-05-15T19:53Z","EcoCore_CSU","TP",0.0060,"milligramsPerLiter",2.4,,0,"formatChange","GOOD"
"993f2a51-05f8-47dc-934e-001ac8c8506d","D05","LIRO","LIRO.AOS.groundwater.well.007","LIRO.W7.20180515.RAW","A00000007861","2018-05-15T19:53Z","2018-05-15T19:53Z","EcoCore_CSU","TOC",0.9677,"milligramsPerLiter",2.4,,0,"formatChange","GOOD"
"a25cd824-e753-42cd-ac8c-e4d6cb3e1315","D05","LIRO","LIRO.AOS.groundwater.well.007","LIRO.W7.20180515.FIL","A00000007872","2018-05-15T19:53Z","2018-05-15T19:53Z","EcoCore_CSU","K",0.2489,"milligramsPerLiter",2.4,,0,"formatChange","GOOD"
"b9347866-f9b9-45d0-bbd2-5fa57214add0","D05","LIRO","LIRO.AOS.groundwater.well.007","LIRO.W7.20180515.FIL","A00000007872","2018-05-15T19:53Z","2018-05-15T19:53Z","EcoCore_CSU","Mg",1.1120,"milligramsPerLiter",2.4,,0,"formatChange","GOOD"
"92fd212c-a1f1-4c79-ab1b-bc35629d030c","D05","LIRO","LIRO.AOS.groundwater.well.007","LIRO.W7.20180515.FIL","A00000007872","2018-05-15T19:53Z","2018-05-15T19:53Z","EcoCore_CSU","DIC",4.7490,"milligramsPerLiter",2.4,,0,"formatChange","GOOD"
"7c5b1a3a-887a-4b98-b798-0cc46e7e960a","D05","LIRO","LIRO.AOS.groundwater.well.007","LIRO.W7.20180515.FIL","A00000007872","2018-05-15T19:53Z","2018-05-15T19:53Z","EcoCore_CSU","Br",0.0050,"milligramsPerLiter",2.4,,0,"formatChange","GOOD"
"37ea13ff-ab68-49f2-986f-ee310faf002b","D05","LIRO","LIRO.AOS.groundwater.well.004","LIRO.W4.20180515.FIL","A00000007856","2018-05-15T20:46Z","2018-05-15T20:46Z","EcoCore_CSU","Na",1.1060,"milligramsPerLiter",2.4,,0,"formatChange","GOOD"
"b2d58c25-46fc-4fac-8b33-c2f2ae2b5cd6","D05","LIRO","LIRO.AOS.groundwater.well.004","LIRO.W4.20180515.FIL","A00000007856","2018-05-15T20:46Z","2018-05-15T20:46Z","EcoCore_CSU","Mn",0.0065,"milligramsPerLiter",2.4,,0,"formatChange","GOOD"
"a4d076f0-a742-4d56-bb1a-f7ec724d0ac7","D05","LIRO","LIRO.AOS.groundwater.well.004","LIRO.W4.20180515.RAW","A00000007860","2018-05-15T20:46Z","2018-05-15T20:46Z","EcoCore_CSU","TOC",1.0280,"milligramsPerLiter",2.4,,0,"formatChange","GOOD"
"c4e54ba1-75b2-4dfc-99fb-3689de94bba3","D05","LIRO","LIRO.AOS.groundwater.well.004","LIRO.W4.20180515.FIL","A00000007856","2018-05-15T20:46Z","2018-05-15T20:46Z","EcoCore_CSU","Cl",15.8103,"milligramsPerLiter",2.4,,0,"formatChange","GOOD"
"a5652cf3-d7c8-4070-89f0-cd1670e1a408","D05","LIRO","LIRO.AOS.groundwater.well.004","LIRO.W4.20180515.RAW","A00000007860","2018-05-15T20:46Z","2018-05-15T20:46Z","EcoCore_CSU","pH",6.7300,"pH",2.4,,0,"formatChange","GOOD"
"01012315-127c-4a6b-8d5d-50f97ff16cef","D05","LIRO","LIRO.AOS.groundwater.well.004","LIRO.W4.20180515.FIL","A00000007856","2018-05-15T20:46Z","2018-05-15T20:46Z","EcoCore_CSU","Fe",0.0005,"milligramsPerLiter",2.4,,0,"formatChange","GOOD"
"c3e6634e-9e96-4302-824d-360f407c72b8","D05","LIRO","LIRO.AOS.groundwater.well.004","LIRO.W4.20180515.PCN","A00000007896","2018-05-15T20:46Z","2018-05-15T20:46Z","EcoCore_CSU","TPC",0.3578,"milligram",2.4,,0,"formatChange","GOOD"
"e9ee5fe2-8537-4e07-a6e4-4a96a3a2fd65","D05","LIRO","LIRO.AOS.groundwater.well.004","LIRO.W4.20180515.RAW","A00000007860","2018-05-15T20:46Z","2018-05-15T20:46Z","EcoCore_CSU","TSS",70.0000,"milligramsPerLiter",2.4,,0,"formatChange","GOOD"
"8951b8bd-99c4-484f-9408-e52092fd1a0c","D05","LIRO","LIRO.AOS.groundwater.well.004","LIRO.W4.20180515.RAW","A00000007860","2018-05-15T20:46Z","2018-05-15T20:46Z","EcoCore_CSU","TSS - Dry Mass",3500.0000,"microgram",2.4,,0,"formatChange","GOOD"
"93aae5fc-5a7e-4e00-a8c0-6699ca748df8","D05","LIRO","LIRO.AOS.groundwater.well.004","LIRO.W4.20180515.RAW","A00000007860","2018-05-15T20:46Z","2018-05-15T20:46Z","EcoCore_CSU","ANC",0.1960,"milliequivalentsPerLiter",2.4,,0,"formatChange","GOOD"
"2f507e16-6c1b-452e-bb38-3e07abee8d90","D05","LIRO","LIRO.AOS.groundwater.well.004","LIRO.W4.20180515.FIL","A00000007856","2018-05-15T20:46Z","2018-05-15T20:46Z","EcoCore_CSU","TDS",55.1400,"milligramsPerLiter",2.4,,0,"formatChange","GOOD"
"1824821e-7fda-4297-8aaf-76cdc096a4a0","D05","LIRO","LIRO.AOS.groundwater.well.004","LIRO.W4.20180515.FIL","A00000007856","2018-05-15T20:46Z","2018-05-15T20:46Z","EcoCore_CSU","K",0.4468,"milligramsPerLiter",2.4,,0,"formatChange","GOOD"
"ef226272-a894-45d6-8756-a6dde9c520ca","D05","LIRO","LIRO.AOS.groundwater.well.004","LIRO.W4.20180515.FIL","A00000007856","2018-05-15T20:46Z","2018-05-15T20:46Z","EcoCore_CSU","NO2 - N",0.0145,"milligramsPerLiter",2.4,,0,"formatChange","GOOD"
"2c179c72-f441-4eaf-9326-ff6511659b9a","D05","LIRO","LIRO.AOS.groundwater.well.004","LIRO.W4.20180515.FIL","A00000007856","2018-05-15T20:46Z","2018-05-15T20:46Z","EcoCore_CSU","Ortho - P",0.0170,"milligramsPerLiter",2.4,,0,"formatChange","GOOD"
"9ab2e313-f9ba-4723-b351-916293ca90ec","D05","LIRO","LIRO.AOS.groundwater.well.004","LIRO.W4.20180515.FIL","A00000007856","2018-05-15T20:46Z","2018-05-15T20:46Z","EcoCore_CSU","CO3",0.0050,"milligramsPerLiter",2.4,,0,"formatChange","GOOD"
"20a2aa9f-2520-4be9-893d-9c806163fc4f","D05","LIRO","LIRO.AOS.groundwater.well.004","LIRO.W4.20180515.FIL","A00000007856","2018-05-15T20:46Z","2018-05-15T20:46Z","EcoCore_CSU","Ca",10.4972,"milligramsPerLiter",2.4,,0,"formatChange","GOOD"
"eae70911-2f37-47ab-9e44-9c0cf2504dd0","D05","LIRO","LIRO.AOS.groundwater.well.004","LIRO.W4.20180515.FIL","A00000007856","2018-05-15T20:46Z","2018-05-15T20:46Z","EcoCore_CSU","SO4",5.3748,"milligramsPerLiter",2.4,,0,"formatChange","GOOD"
"2d7576e1-4494-4f4d-aef4-13ad09ec55f6","D05","LIRO","LIRO.AOS.groundwater.well.004","LIRO.W4.20180515.RAW","A00000007860","2018-05-15T20:46Z","2018-05-15T20:46Z","EcoCore_CSU","TN",0.1271,"milligramsPerLiter",2.4,,0,"formatChange","GOOD"
"cbf258bb-0e7a-46e2-be42-c296a51f6532","D05","LIRO","LIRO.AOS.groundwater.well.004","LIRO.W4.20180515.FIL","A00000007856","2018-05-15T20:46Z","2018-05-15T20:46Z","EcoCore_CSU","HCO3",10.8600,"milligramsPerLiter",2.4,,0,"formatChange","GOOD"
"be31d692-fb1a-4c7a-83b1-b7bed3b89c5f","D05","LIRO","LIRO.AOS.groundwater.well.004","LIRO.W4.20180515.PCN","A00000007896","2018-05-15T20:46Z","2018-05-15T20:46Z","EcoCore_CSU","TPN",0.1355,"milligram",2.4,,0,"formatChange","GOOD"
"369b1836-3000-432a-b2ac-beb018806863","D05","LIRO","LIRO.AOS.groundwater.well.004","LIRO.W4.20180515.FIL","A00000007856","2018-05-15T20:46Z","2018-05-15T20:46Z","EcoCore_CSU","DOC",1.0270,"milligramsPerLiter",2.4,,0,"formatChange","GOOD"
"82c03ee0-7633-48e3-8814-5213a3259544","D05","LIRO","LIRO.AOS.groundwater.well.004","LIRO.W4.20180515.RAW","A00000007860","2018-05-15T20:46Z","2018-05-15T20:46Z","EcoCore_CSU","TP",0.0806,"milligramsPerLiter",2.4,,0,"formatChange","GOOD"
"b2c5851a-6266-4035-b318-7c05371ef6d3","D05","LIRO","LIRO.AOS.groundwater.well.004","LIRO.W4.20180515.FIL","A00000007856","2018-05-15T20:46Z","2018-05-15T20:46Z","EcoCore_CSU","NH4 - N",0.0670,"milligramsPerLiter",2.4,,0,"formatChange","GOOD"
"7a77954d-3096-4eb4-b9d6-a235346bdac9","D05","LIRO","LIRO.AOS.groundwater.well.004","LIRO.W4.20180515.FIL","A00000007856","2018-05-15T20:46Z","2018-05-15T20:46Z","EcoCore_CSU","F",0.0050,"milligramsPerLiter",2.4,,0,"formatChange","GOOD"
"5befa32b-4829-41e5-9a6e-3bda909d2ead","D05","LIRO","LIRO.AOS.groundwater.well.004","LIRO.W4.20180515.FIL","A00000007856","2018-05-15T20:46Z","2018-05-15T20:46Z","EcoCore_CSU","Si",7.3684,"milligramsPerLiter",2.4,,0,"formatChange","GOOD"
"2942c04c-9691-402b-a9e3-bb43dccc1f06","D05","LIRO","LIRO.AOS.groundwater.well.004","LIRO.W4.20180515.FIL","A00000007856","2018-05-15T20:46Z","2018-05-15T20:46Z","EcoCore_CSU","Mg",2.4882,"milligramsPerLiter",2.4,,0,"formatChange","GOOD"
"1c422f08-20e9-450f-bfd6-17ccd5a643af","D05","LIRO","LIRO.AOS.groundwater.well.004","LIRO.W4.20180515.FIL","A00000007856","2018-05-15T20:46Z","2018-05-15T20:46Z","EcoCore_CSU","TDN",0.1102,"milligramsPerLiter",2.4,,0,"formatChange","GOOD"
"bc8b8326-1d7f-4652-8423-da5be0bb2c83","D05","LIRO","LIRO.AOS.groundwater.well.004","LIRO.W4.20180515.FIL","A00000007856","2018-05-15T20:46Z","2018-05-15T20:46Z","EcoCore_CSU","Br",0.0050,"milligramsPerLiter",2.4,,0,"formatChange","GOOD"
"85cf3652-76f5-4df1-bcad-caa09bc96939","D05","LIRO","LIRO.AOS.groundwater.well.004","LIRO.W4.20180515.RAW","A00000007860","2018-05-15T20:46Z","2018-05-15T20:46Z","EcoCore_CSU","conductivity",81.1900,"microsiemensPerCentimeter",2.4,,0,"formatChange","GOOD"
"bddd7c44-5499-4d8e-82d1-353524138920","D05","LIRO","LIRO.AOS.groundwater.well.004","LIRO.W4.20180515.FIL","A00000007856","2018-05-15T20:46Z","2018-05-15T20:46Z","EcoCore_CSU","TDP",0.0216,"milligramsPerLiter",2.4,,0,"formatChange","GOOD"
"db1d6263-0d5c-4081-82da-9ba7f8a91bc3","D05","LIRO","LIRO.AOS.groundwater.well.004","LIRO.W4.20180515.FIL","A00000007856","2018-05-15T20:46Z","2018-05-15T20:46Z","EcoCore_CSU","NO3+NO2 - N",0.0498,"milligramsPerLiter",2.4,,0,"formatChange","GOOD"
"b6535368-d66d-4b7b-97e4-f510192a22f0","D05","LIRO","LIRO.AOS.groundwater.well.004","LIRO.W4.20180515.FIL","A00000007856","2018-05-15T20:46Z","2018-05-15T20:46Z","EcoCore_CSU","DIC",7.6720,"milligramsPerLiter",2.4,,0,"formatChange","GOOD"
"c5ae3b9e-b750-4c4f-b845-08b61d62c314","D05","LIRO","LIRO.AOS.groundwater.well.004","LIRO.W4.20180515.FIL","A00000007856","2018-05-15T20:46Z","2018-05-15T20:46Z","EcoCore_CSU","UV Absorbance (250 nm)",0.0148,,2.4,,0,"formatChange","GOOD"
"9ecb47b4-ec90-4678-87d1-49c94946a5fe","D05","LIRO","LIRO.AOS.groundwater.well.004","LIRO.W4.20180515.FIL","A00000007856","2018-05-15T20:46Z","2018-05-15T20:46Z","EcoCore_CSU","UV Absorbance (280 nm)",0.0077,,2.4,,0,"formatChange","GOOD"
