uid,domainID,siteID,namedLocation,collectDate,parentSampleID,sampleCondition,sampleID,replicateNumber,gwwDICBubbleFree,gwwFiltSampleHeadspace,gwwAlkSampleHeadspace,gwwAlkSampleBubbleFree,processedDate,processedDateFilters,sampleVolumeFiltered,shipmentTimeRange
"aaf55553-77f5-43bb-acd7-997346b1cdd6","D05","LIRO","LIRO.AOS.groundwater.well.002","2018-05-15T17:06Z","LIRO.W2.20180515","Sample condition ok","LIRO.W2.20180515",1,,,,,"2018-05-15T22:15Z","2018-05-15T22:46Z",28.0,
"862772c9-3e01-45f2-ae5d-9d8b9180a3a9","D05","LIRO","LIRO.AOS.groundwater.well.001","2018-05-15T18:02Z","LIRO.W1.20180515","Sample condition ok","LIRO.W1.20180515",1,,,,,"2018-05-15T22:34Z","2018-05-15T22:55Z",250.0,
"d879e248-af56-4e11-bbdb-794786a827af","D05","LIRO","LIRO.AOS.groundwater.well.007","2018-05-15T19:53Z","LIRO.W7.20180515","Sample condition ok","LIRO.W7.20180515",1,,,,,"2018-05-15T22:36Z","2018-05-15T22:58Z",250.0,
"98d7538d-e8dd-44a5-b2b6-1e7b4c5afd95","D05","LIRO","LIRO.AOS.groundwater.well.004","2018-05-15T20:46Z","LIRO.W4.20180515","Sample condition ok","LIRO.W4.20180515",1,,,,,"2018-05-15T22:25Z","2018-05-15T22:50Z",250.0,
