uid,domainID,siteID,namedLocation,decimalLatitude,decimalLongitude,coordinateUncertainty,elevation,elevationUncertainty,geodeticDatum,collectDate,aquaticSiteType,samplingImpractical,waterChemSamplesCollected,adequateSampleVol,parentSampleID,eventID,swcSamplingProtocolVersion,sampleExtractionMethod,samplerType,totalWellDepth,wellWaterDepth,waterColumnHeight,sampleDepth,purgeAverageDischargeRate,purgeTime,gwWellStabilized,purgeDryDateTime,pumpPlacementDate,screenedIntervalDepth,maxAllowableDrawdown,actualDrawdown,MADExceeded,wellVolumePurged,probeIDUnavailable,dissolvedOxygen,dissolvedOxygenSaturation,specificConductance,waterTemp,pH,waterClarityDescrip,waterColorDescrip,aCollectedBy,bCollectedBy,remarks
"cfa119d5-93dc-4fde-82ed-5a2b25733d19","D05","LIRO","LIRO.AOS.groundwater.well.002",45.994405,-89.707149,2.4,501.2,1.2,"WGS84","2018-05-15T17:06Z","lake",,,,"LIRO.W2.20180515","LIRO.20180515","NEON.DOC.002905vE","low-yield","Groundwater Pump",10.2,6.7,3.5,,,,,,"2018-05-15T11:34Z",,,,,,,12.43,104.20,58.00,9.30,,"opaque","brown","jbuza@battelleecology.org","jbuza@battelleecology.org",
"733bf84b-cfb7-4fd9-bce6-64d04e4108cd","D05","LIRO","LIRO.AOS.groundwater.well.001",45.994754,-89.707967,2.4,505.9,1.2,"WGS84","2018-05-15T18:02Z","lake",,,,"LIRO.W1.20180515","LIRO.20180515","NEON.DOC.002905vE","low-yield","Groundwater Pump",14.6,11.7,2.9,,,,,,"2018-05-15T12:38Z",,,,,,,4.02,34.80,35.80,10.00,,"clear","colorless","jbuza@battelleecology.org","jbuza@battelleecology.org",
"fcf1c38c-91b0-4ff5-a8bc-710d14f04c4f","D05","LIRO","LIRO.AOS.groundwater.well.007",46.001007,-89.705512,2.4,501.3,1.2,"WGS84","2018-05-15T19:53Z","lake",,,,"LIRO.W7.20180515","LIRO.20180515","NEON.DOC.002905vE","low-yield","Groundwater Pump",11.5,6.8,4.7,,,,,,"2018-05-15T14:26Z",,,,,,,9.05,81.10,36.90,9.50,,"clear","colorless","jbuza@battelleecology.org","jbuza@battelleecology.org",
"1f205557-6291-444f-a826-13504839fb56","D05","LIRO","LIRO.AOS.groundwater.well.004",46.000149,-89.701040,2.4,500.6,1.2,"WGS84","2018-05-15T20:46Z","lake",,,,"LIRO.W4.20180515","LIRO.20180515","NEON.DOC.002905vE","low-yield",,10.0,5.9,4.1,,,,,,"2018-05-15T15:24Z",,,,,,,9.50,82.30,85.60,7.80,,"clear","brown","jbuza@battelleecology.org","jbuza@battelleecology.org",
