uid,domainID,siteID,namedLocation,collectDate,titrationDate,parentSampleID,domainSampleID,remarks,measuredBy,alkMeqPerL,alkMgPerL,ancMeqPerL,ancMgPerL
"bd39e8a3-2523-4c16-80c0-8738e0f6b4ed","D05","CRAM","CRAM.AOS.groundwater.well.006","2018-10-17T17:13Z","2018-10-18T15:40Z","CRAM.W6.20181017","CRAM.W6.20181017.ALK",,"jbuza",1.750,87.600,,
"ed144852-9d73-448f-b389-e07d3614fbaa","D05","CRAM","CRAM.AOS.groundwater.well.001","2018-10-17T18:18Z","2018-10-17T22:40Z","CRAM.W1.20181017","CRAM.W1.20181017.ALK",,"jbuza",0.580,28.800,,
"2dfb7ab0-81e4-4074-9133-371bde4e564d","D05","CRAM","CRAM.AOS.groundwater.well.003","2018-10-17T19:03Z","2018-10-17T21:40Z","CRAM.W3.20181017","CRAM.W3.20181017.ALK",,"jbuza",0.280,14.200,,
"3bf83961-31e8-4fbb-b428-1cf3c3e3ff61","D05","CRAM","CRAM.AOS.groundwater.well.005","2018-10-17T19:57Z","2018-10-17T22:00Z","CRAM.W5.20181017","CRAM.W5.20181017.ALK","everything appeared to be funtioning normally","jbuza",1.590,79.600,,
