uid,domainID,siteID,namedLocation,sampleID,sampleCode,startDate,collectDate,laboratoryName,analyte,analyteConcentration,analyteUnits,coolerTemp,remarks,shipmentWarmQF,externalLabDataQF,sampleCondition
"71caaa0a-cc39-45f0-9ee0-4b9831635984","D05","CRAM","CRAM.AOS.groundwater.well.006","CRAM.W6.20181017.FIL","A00000040835","2018-10-17T17:13Z","2018-10-17T17:13Z","EcoCore_CSU","NO3+NO2 - N",-0.0186,"milligramsPerLiter",-0.2,"Low NH4 method and Low NO2+NO3 method",0,"formatChange","Other"
"353f43a5-f48b-4c2f-a80e-2a1c59580110","D05","CRAM","CRAM.AOS.groundwater.well.006","CRAM.W6.20181017.FIL","A00000040835","2018-10-17T17:13Z","2018-10-17T17:13Z","EcoCore_CSU","Ortho - P",-0.0030,"milligramsPerLiter",-0.2,,0,"formatChange","GOOD"
"474aa053-19b5-420d-b6b0-f24335ae6c71","D05","CRAM","CRAM.AOS.groundwater.well.006","CRAM.W6.20181017.RAW","A00000007557","2018-10-17T17:13Z","2018-10-17T17:13Z","EcoCore_CSU","TN",0.0261,"milligramsPerLiter",-0.2,,0,"formatChange","GOOD"
"4e0bc5ea-709f-45ba-9552-1a5cfa3a97c8","D05","CRAM","CRAM.AOS.groundwater.well.006","CRAM.W6.20181017.FIL","A00000040835","2018-10-17T17:13Z","2018-10-17T17:13Z","EcoCore_CSU","Ca",19.5210,"milligramsPerLiter",-0.2,,0,"formatChange","GOOD"
"7c91e5f9-1819-401d-ad05-37d8ea85c07e","D05","CRAM","CRAM.AOS.groundwater.well.006","CRAM.W6.20181017.RAW","A00000007557","2018-10-17T17:13Z","2018-10-17T17:13Z","EcoCore_CSU","conductivity",190.3000,"microsiemensPerCentimeter",-0.2,,0,"formatChange","GOOD"
"8c75f699-bc0e-4d70-9bca-708212952a96","D05","CRAM","CRAM.AOS.groundwater.well.006","CRAM.W6.20181017.FIL","A00000040835","2018-10-17T17:13Z","2018-10-17T17:13Z","EcoCore_CSU","Mn",0.0960,"milligramsPerLiter",-0.2,,0,"formatChange","GOOD"
"59a9aaf8-4a93-441c-ba34-f34d34b4da23","D05","CRAM","CRAM.AOS.groundwater.well.006","CRAM.W6.20181017.FIL","A00000040835","2018-10-17T17:13Z","2018-10-17T17:13Z","EcoCore_CSU","Fe",0.0210,"milligramsPerLiter",-0.2,,0,"formatChange","GOOD"
"9239d871-f7b1-4fd7-b267-c41c21938034","D05","CRAM","CRAM.AOS.groundwater.well.006","CRAM.W6.20181017.FIL","A00000040835","2018-10-17T17:13Z","2018-10-17T17:13Z","EcoCore_CSU","TDP",0.0231,"milligramsPerLiter",-0.2,,0,"formatChange","GOOD"
"7fd097de-fdc3-447d-add2-229286aa81d1","D05","CRAM","CRAM.AOS.groundwater.well.006","CRAM.W6.20181017.PCN","A00000040790","2018-10-17T17:13Z","2018-10-17T17:13Z","EcoCore_CSU","TPN",0.0765,"milligram",-0.2,,0,"formatChange","GOOD"
"4b90afda-fb3c-4b11-bb3f-af47a1640a78","D05","CRAM","CRAM.AOS.groundwater.well.006","CRAM.W6.20181017.FIL","A00000040835","2018-10-17T17:13Z","2018-10-17T17:13Z","EcoCore_CSU","DOC",1.7590,"milligramsPerLiter",-0.2,,0,"formatChange","GOOD"
"c49e4c1e-6859-4b6f-912a-b42f6e51ed80","D05","CRAM","CRAM.AOS.groundwater.well.006","CRAM.W6.20181017.FIL","A00000040835","2018-10-17T17:13Z","2018-10-17T17:13Z","EcoCore_CSU","NO2 - N",0.0510,"milligramsPerLiter",-0.2,"Low NH4 method and Low NO2+NO3 method",0,"formatChange","Other"
"b1ac128f-027d-424f-86a9-efb2b8d164ff","D05","CRAM","CRAM.AOS.groundwater.well.006","CRAM.W6.20181017.FIL","A00000040835","2018-10-17T17:13Z","2018-10-17T17:13Z","EcoCore_CSU","DIC",26.0100,"milligramsPerLiter",-0.2,,0,"formatChange","GOOD"
"68962e23-548a-4d5f-bc9d-1b4eb033ebc9","D05","CRAM","CRAM.AOS.groundwater.well.006","CRAM.W6.20181017.FIL","A00000040835","2018-10-17T17:13Z","2018-10-17T17:13Z","EcoCore_CSU","CO3",0.0050,"milligramsPerLiter",-0.2,,0,"formatChange","GOOD"
"2486f2dc-7984-49c5-b06b-dead7197020f","D05","CRAM","CRAM.AOS.groundwater.well.006","CRAM.W6.20181017.FIL","A00000040835","2018-10-17T17:13Z","2018-10-17T17:13Z","EcoCore_CSU","Cl",6.2800,"milligramsPerLiter",-0.2,,0,"formatChange","GOOD"
"5d447a45-d109-4a73-b19f-b97bdd911356","D05","CRAM","CRAM.AOS.groundwater.well.006","CRAM.W6.20181017.RAW","A00000007557","2018-10-17T17:13Z","2018-10-17T17:13Z","EcoCore_CSU","ANC",2.5200,"milliequivalentsPerLiter",-0.2,,0,"formatChange","GOOD"
"58dfb457-8bc4-4917-853a-f7808acb3aea","D05","CRAM","CRAM.AOS.groundwater.well.006","CRAM.W6.20181017.RAW","A00000007557","2018-10-17T17:13Z","2018-10-17T17:13Z","EcoCore_CSU","TOC",1.6900,"milligramsPerLiter",-0.2,,0,"formatChange","GOOD"
"fd5809d7-882f-4ffc-93e7-51cf9d576e8b","D05","CRAM","CRAM.AOS.groundwater.well.006","CRAM.W6.20181017.RAW","A00000007557","2018-10-17T17:13Z","2018-10-17T17:13Z","EcoCore_CSU","pH",7.1500,"pH",-0.2,,0,"formatChange","GOOD"
"da6a4082-7b92-4d50-ae8d-90362e1515a1","D05","CRAM","CRAM.AOS.groundwater.well.006","CRAM.W6.20181017.FIL","A00000040835","2018-10-17T17:13Z","2018-10-17T17:13Z","EcoCore_CSU","UV Absorbance (280 nm)",0.0048,,-0.2,,0,"formatChange","GOOD"
"03ae610c-5557-490a-8782-8f239d6d1f15","D05","CRAM","CRAM.AOS.groundwater.well.006","CRAM.W6.20181017.FIL","A00000040835","2018-10-17T17:13Z","2018-10-17T17:13Z","EcoCore_CSU","UV Absorbance (250 nm)",0.0163,,-0.2,,0,"formatChange","GOOD"
"8ee7bdd5-de16-4f28-bc4f-ca649c1e4b60","D05","CRAM","CRAM.AOS.groundwater.well.006","CRAM.W6.20181017.FIL","A00000040835","2018-10-17T17:13Z","2018-10-17T17:13Z","EcoCore_CSU","K",0.5180,"milligramsPerLiter",-0.2,,0,"formatChange","GOOD"
"45423354-6b6b-4ecd-9319-0ca0d3950041","D05","CRAM","CRAM.AOS.groundwater.well.006","CRAM.W6.20181017.FIL","A00000040835","2018-10-17T17:13Z","2018-10-17T17:13Z","EcoCore_CSU","Na",6.5870,"milligramsPerLiter",-0.2,,0,"formatChange","GOOD"
"a68b3681-5f17-426c-b382-7015ab792e17","D05","CRAM","CRAM.AOS.groundwater.well.006","CRAM.W6.20181017.FIL","A00000040835","2018-10-17T17:13Z","2018-10-17T17:13Z","EcoCore_CSU","Br",0.0050,"milligramsPerLiter",-0.2,,0,"formatChange","GOOD"
"7eba9710-9336-4bbd-a0d8-bb02742f842b","D05","CRAM","CRAM.AOS.groundwater.well.006","CRAM.W6.20181017.FIL","A00000040835","2018-10-17T17:13Z","2018-10-17T17:13Z","EcoCore_CSU","TDN",0.0238,"milligramsPerLiter",-0.2,,0,"formatChange","GOOD"
"fb351111-f6e2-4b18-a066-a46d86590e73","D05","CRAM","CRAM.AOS.groundwater.well.006","CRAM.W6.20181017.PCN","A00000040790","2018-10-17T17:13Z","2018-10-17T17:13Z","EcoCore_CSU","TPC",0.2523,"milligram",-0.2,,0,"formatChange","GOOD"
"5b2ef4ec-701c-47f2-93f3-1320a2c09015","D05","CRAM","CRAM.AOS.groundwater.well.006","CRAM.W6.20181017.FIL","A00000040835","2018-10-17T17:13Z","2018-10-17T17:13Z","EcoCore_CSU","HCO3",118.2100,"milligramsPerLiter",-0.2,,0,"formatChange","GOOD"
"aa7893da-3daf-474a-8f8e-23cdad692bcd","D05","CRAM","CRAM.AOS.groundwater.well.006","CRAM.W6.20181017.FIL","A00000040835","2018-10-17T17:13Z","2018-10-17T17:13Z","EcoCore_CSU","SO4",8.5300,"milligramsPerLiter",-0.2,,0,"formatChange","GOOD"
"02ccbacc-8473-4c6c-83e8-9b71f760df4d","D05","CRAM","CRAM.AOS.groundwater.well.006","CRAM.W6.20181017.RAW","A00000007557","2018-10-17T17:13Z","2018-10-17T17:13Z","EcoCore_CSU","TSS - Dry Mass",3700.0000,"microgram",-0.2,,0,"formatChange","GOOD"
"d05851bf-047c-4980-a70b-3859b977353b","D05","CRAM","CRAM.AOS.groundwater.well.006","CRAM.W6.20181017.FIL","A00000040835","2018-10-17T17:13Z","2018-10-17T17:13Z","EcoCore_CSU","NH4 - N",-0.0119,"milligramsPerLiter",-0.2,"Low NH4 method and Low NO2+NO3 method",0,"formatChange","Other"
"333636dc-b67e-48d5-b284-60f0a26c1f34","D05","CRAM","CRAM.AOS.groundwater.well.006","CRAM.W6.20181017.FIL","A00000040835","2018-10-17T17:13Z","2018-10-17T17:13Z","EcoCore_CSU","F",0.0050,"milligramsPerLiter",-0.2,,0,"formatChange","GOOD"
"707d32b8-bc39-43c1-98f1-dc36fd4103a0","D05","CRAM","CRAM.AOS.groundwater.well.006","CRAM.W6.20181017.FIL","A00000040835","2018-10-17T17:13Z","2018-10-17T17:13Z","EcoCore_CSU","Mg",11.4300,"milligramsPerLiter",-0.2,,0,"formatChange","GOOD"
"b72c5ede-05f6-4d1e-90e2-5cfeb921a45a","D05","CRAM","CRAM.AOS.groundwater.well.006","CRAM.W6.20181017.FIL","A00000040835","2018-10-17T17:13Z","2018-10-17T17:13Z","EcoCore_CSU","TDS",134.1200,"milligramsPerLiter",-0.2,,0,"formatChange","GOOD"
"21c39c0b-ec13-41ba-9099-df804fc915fc","D05","CRAM","CRAM.AOS.groundwater.well.006","CRAM.W6.20181017.RAW","A00000007557","2018-10-17T17:13Z","2018-10-17T17:13Z","EcoCore_CSU","TSS",74.0000,"milligramsPerLiter",-0.2,,0,"formatChange","GOOD"
"1a46e041-2107-4792-9293-d80fdb29aa8c","D05","CRAM","CRAM.AOS.groundwater.well.006","CRAM.W6.20181017.RAW","A00000007557","2018-10-17T17:13Z","2018-10-17T17:13Z","EcoCore_CSU","TP",0.0270,"milligramsPerLiter",-0.2,,0,"formatChange","GOOD"
"414d29d3-617b-4062-9a2f-2624208ba068","D05","CRAM","CRAM.AOS.groundwater.well.006","CRAM.W6.20181017.FIL","A00000040835","2018-10-17T17:13Z","2018-10-17T17:13Z","EcoCore_CSU","Si",9.5200,"milligramsPerLiter",-0.2,,0,"formatChange","GOOD"
"f2851b37-9bbe-4f80-8265-429593e0708d","D05","CRAM","CRAM.AOS.groundwater.well.001","CRAM.W1.20181017.FIL","A00000040818","2018-10-17T18:18Z","2018-10-17T18:18Z","EcoCore_CSU","DOC",2.3320,"milligramsPerLiter",-0.2,,0,"formatChange","GOOD"
"2b34e68b-71f8-48ef-a2cb-aea81f619698","D05","CRAM","CRAM.AOS.groundwater.well.001","CRAM.W1.20181017.RAW","A00000007555","2018-10-17T18:18Z","2018-10-17T18:18Z","EcoCore_CSU","TOC",2.4920,"milligramsPerLiter",-0.2,,0,"formatChange","GOOD"
"d263dd82-319d-4c47-8554-a108fd68e7b8","D05","CRAM","CRAM.AOS.groundwater.well.001","CRAM.W1.20181017.FIL","A00000040818","2018-10-17T18:18Z","2018-10-17T18:18Z","EcoCore_CSU","SO4",2.1900,"milligramsPerLiter",-0.2,,0,"formatChange","GOOD"
"b0ceaa39-3e1a-466f-be42-b3fcd5b0ad2b","D05","CRAM","CRAM.AOS.groundwater.well.001","CRAM.W1.20181017.FIL","A00000040818","2018-10-17T18:18Z","2018-10-17T18:18Z","EcoCore_CSU","NO2 - N",0.0513,"milligramsPerLiter",-0.2,"Low NH4 method and Low NO2+NO3 method",0,"formatChange","Other"
"c5e7aea5-9c8a-45cd-9438-55004215cec4","D05","CRAM","CRAM.AOS.groundwater.well.001","CRAM.W1.20181017.RAW","A00000007555","2018-10-17T18:18Z","2018-10-17T18:18Z","EcoCore_CSU","TP",0.0150,"milligramsPerLiter",-0.2,,0,"formatChange","GOOD"
"aa3f96c1-b710-4b17-a12b-24c74ce08414","D05","CRAM","CRAM.AOS.groundwater.well.001","CRAM.W1.20181017.RAW","A00000007555","2018-10-17T18:18Z","2018-10-17T18:18Z","EcoCore_CSU","ANC",1.0200,"milliequivalentsPerLiter",-0.2,,0,"formatChange","GOOD"
"ce5258b8-b914-4773-81b0-a14b1ed2fb39","D05","CRAM","CRAM.AOS.groundwater.well.001","CRAM.W1.20181017.FIL","A00000040818","2018-10-17T18:18Z","2018-10-17T18:18Z","EcoCore_CSU","DIC",10.7100,"milligramsPerLiter",-0.2,,0,"formatChange","GOOD"
"92e49b96-d5a5-4052-b203-f3793a6c2852","D05","CRAM","CRAM.AOS.groundwater.well.001","CRAM.W1.20181017.FIL","A00000040818","2018-10-17T18:18Z","2018-10-17T18:18Z","EcoCore_CSU","Fe",0.0005,"milligramsPerLiter",-0.2,,0,"formatChange","GOOD"
"92466268-5a50-45bc-ad19-3dd27e136e9a","D05","CRAM","CRAM.AOS.groundwater.well.001","CRAM.W1.20181017.FIL","A00000040818","2018-10-17T18:18Z","2018-10-17T18:18Z","EcoCore_CSU","TDN",0.0991,"milligramsPerLiter",-0.2,,0,"formatChange","GOOD"
"e77dd9dd-8d59-4d1b-a629-55ceb6896e72","D05","CRAM","CRAM.AOS.groundwater.well.001","CRAM.W1.20181017.FIL","A00000040818","2018-10-17T18:18Z","2018-10-17T18:18Z","EcoCore_CSU","NO3+NO2 - N",0.0424,"milligramsPerLiter",-0.2,"Low NH4 method and Low NO2+NO3 method",0,"formatChange","Other"
"3a3b9968-5ffd-4de8-9acd-91f00598614c","D05","CRAM","CRAM.AOS.groundwater.well.001","CRAM.W1.20181017.FIL","A00000040818","2018-10-17T18:18Z","2018-10-17T18:18Z","EcoCore_CSU","TDS",59.4700,"milligramsPerLiter",-0.2,,0,"formatChange","GOOD"
"b39111c3-2a05-41ae-b657-577d070e75ad","D05","CRAM","CRAM.AOS.groundwater.well.001","CRAM.W1.20181017.PCN","A00000040791","2018-10-17T18:18Z","2018-10-17T18:18Z","EcoCore_CSU","TPC",0.2420,"milligram",-0.2,,0,"formatChange","GOOD"
"58d01a2f-73f3-4add-88b9-8fd1b5b87c7e","D05","CRAM","CRAM.AOS.groundwater.well.001","CRAM.W1.20181017.FIL","A00000040818","2018-10-17T18:18Z","2018-10-17T18:18Z","EcoCore_CSU","Mg",3.8970,"milligramsPerLiter",-0.2,,0,"formatChange","GOOD"
"0877e37f-e9c1-4278-b45d-aaea08453e9c","D05","CRAM","CRAM.AOS.groundwater.well.001","CRAM.W1.20181017.FIL","A00000040818","2018-10-17T18:18Z","2018-10-17T18:18Z","EcoCore_CSU","Cl",2.3480,"milligramsPerLiter",-0.2,,0,"formatChange","GOOD"
"8949ce71-c80b-4f61-9c7b-606c826b3913","D05","CRAM","CRAM.AOS.groundwater.well.001","CRAM.W1.20181017.RAW","A00000007555","2018-10-17T18:18Z","2018-10-17T18:18Z","EcoCore_CSU","TSS",28.0000,"milligramsPerLiter",-0.2,,0,"formatChange","GOOD"
"57426bbd-3433-4f21-9d38-2efbcf96d3dd","D05","CRAM","CRAM.AOS.groundwater.well.001","CRAM.W1.20181017.FIL","A00000040818","2018-10-17T18:18Z","2018-10-17T18:18Z","EcoCore_CSU","HCO3",57.5331,"milligramsPerLiter",-0.2,,0,"formatChange","GOOD"
"2694da6c-f3bf-4b6c-914e-bb0dc1f98b7e","D05","CRAM","CRAM.AOS.groundwater.well.001","CRAM.W1.20181017.FIL","A00000040818","2018-10-17T18:18Z","2018-10-17T18:18Z","EcoCore_CSU","UV Absorbance (280 nm)",0.0541,,-0.2,,0,"formatChange","GOOD"
"a3ae2759-7c1d-4af2-9efc-78f74f42cc47","D05","CRAM","CRAM.AOS.groundwater.well.001","CRAM.W1.20181017.RAW","A00000007555","2018-10-17T18:18Z","2018-10-17T18:18Z","EcoCore_CSU","TN",0.1192,"milligramsPerLiter",-0.2,,0,"formatChange","GOOD"
"058c7e62-c5a6-4414-b747-6d1f24ccd40c","D05","CRAM","CRAM.AOS.groundwater.well.001","CRAM.W1.20181017.FIL","A00000040818","2018-10-17T18:18Z","2018-10-17T18:18Z","EcoCore_CSU","Ca",11.6688,"milligramsPerLiter",-0.2,,0,"formatChange","GOOD"
"5d0e3348-7215-44d9-8d1f-2e02544f21d8","D05","CRAM","CRAM.AOS.groundwater.well.001","CRAM.W1.20181017.FIL","A00000040818","2018-10-17T18:18Z","2018-10-17T18:18Z","EcoCore_CSU","K",0.4800,"milligramsPerLiter",-0.2,,0,"formatChange","GOOD"
"78765c74-fcfe-4a13-b6ac-d655cdd96ad0","D05","CRAM","CRAM.AOS.groundwater.well.001","CRAM.W1.20181017.FIL","A00000040818","2018-10-17T18:18Z","2018-10-17T18:18Z","EcoCore_CSU","Si",9.8827,"milligramsPerLiter",-0.2,,0,"formatChange","GOOD"
"4d51619a-c715-4fa1-a81c-1b45e7afd708","D05","CRAM","CRAM.AOS.groundwater.well.001","CRAM.W1.20181017.FIL","A00000040818","2018-10-17T18:18Z","2018-10-17T18:18Z","EcoCore_CSU","CO3",0.0050,"milligramsPerLiter",-0.2,,0,"formatChange","GOOD"
"fefdb9ea-f799-4f37-b637-fca0ce19f7c0","D05","CRAM","CRAM.AOS.groundwater.well.001","CRAM.W1.20181017.FIL","A00000040818","2018-10-17T18:18Z","2018-10-17T18:18Z","EcoCore_CSU","NH4 - N",-0.0213,"milligramsPerLiter",-0.2,"Low NH4 method and Low NO2+NO3 method",0,"formatChange","Other"
"a8c38a6a-0406-44c9-abde-9e1efeb29018","D05","CRAM","CRAM.AOS.groundwater.well.001","CRAM.W1.20181017.PCN","A00000040791","2018-10-17T18:18Z","2018-10-17T18:18Z","EcoCore_CSU","TPN",0.0971,"milligram",-0.2,,0,"formatChange","GOOD"
"97e9206a-a395-4ba7-81cd-8799c7c225ec","D05","CRAM","CRAM.AOS.groundwater.well.001","CRAM.W1.20181017.FIL","A00000040818","2018-10-17T18:18Z","2018-10-17T18:18Z","EcoCore_CSU","Ortho - P",0.0290,"milligramsPerLiter",-0.2,,0,"formatChange","GOOD"
"17005730-cf6b-4663-a02d-a4aaba9ff094","D05","CRAM","CRAM.AOS.groundwater.well.001","CRAM.W1.20181017.FIL","A00000040818","2018-10-17T18:18Z","2018-10-17T18:18Z","EcoCore_CSU","Mn",0.0005,"milligramsPerLiter",-0.2,,0,"formatChange","GOOD"
"123c0aa6-388b-4e06-ab74-df04e7ba46ba","D05","CRAM","CRAM.AOS.groundwater.well.001","CRAM.W1.20181017.FIL","A00000040818","2018-10-17T18:18Z","2018-10-17T18:18Z","EcoCore_CSU","UV Absorbance (250 nm)",0.0755,,-0.2,,0,"formatChange","GOOD"
"b01e8643-474b-4ba7-a169-1004bdd83b5c","D05","CRAM","CRAM.AOS.groundwater.well.001","CRAM.W1.20181017.FIL","A00000040818","2018-10-17T18:18Z","2018-10-17T18:18Z","EcoCore_CSU","TDP",0.0116,"milligramsPerLiter",-0.2,,0,"formatChange","GOOD"
"b2fb6bc9-3085-4f13-951a-44be6fc42084","D05","CRAM","CRAM.AOS.groundwater.well.001","CRAM.W1.20181017.FIL","A00000040818","2018-10-17T18:18Z","2018-10-17T18:18Z","EcoCore_CSU","Br",0.0050,"milligramsPerLiter",-0.2,,0,"formatChange","GOOD"
"92b3085d-7572-47a9-9d1e-cdbcc66b847a","D05","CRAM","CRAM.AOS.groundwater.well.001","CRAM.W1.20181017.FIL","A00000040818","2018-10-17T18:18Z","2018-10-17T18:18Z","EcoCore_CSU","F",0.0050,"milligramsPerLiter",-0.2,,0,"formatChange","GOOD"
"c5911280-6976-4988-8689-c8b7488f1490","D05","CRAM","CRAM.AOS.groundwater.well.001","CRAM.W1.20181017.RAW","A00000007555","2018-10-17T18:18Z","2018-10-17T18:18Z","EcoCore_CSU","pH",6.9800,"pH",-0.2,,0,"formatChange","GOOD"
"93160835-f538-499e-829b-80199ba769dc","D05","CRAM","CRAM.AOS.groundwater.well.001","CRAM.W1.20181017.FIL","A00000040818","2018-10-17T18:18Z","2018-10-17T18:18Z","EcoCore_CSU","Na",1.5760,"milligramsPerLiter",-0.2,,0,"formatChange","GOOD"
"eaefe031-d04c-41cc-b210-daa6d5615c94","D05","CRAM","CRAM.AOS.groundwater.well.001","CRAM.W1.20181017.RAW","A00000007555","2018-10-17T18:18Z","2018-10-17T18:18Z","EcoCore_CSU","conductivity",83.6400,"microsiemensPerCentimeter",-0.2,,0,"formatChange","GOOD"
"4103bdb8-e426-4f6d-81b2-34a20a22d6c6","D05","CRAM","CRAM.AOS.groundwater.well.001","CRAM.W1.20181017.RAW","A00000007555","2018-10-17T18:18Z","2018-10-17T18:18Z","EcoCore_CSU","TSS - Dry Mass",1400.0000,"microgram",-0.2,,0,"formatChange","GOOD"
"48892e41-10a0-4d81-8668-77983b4e534e","D05","CRAM","CRAM.AOS.groundwater.well.003","CRAM.W3.20181017.RAW","A00000007556","2018-10-17T19:03Z","2018-10-17T19:03Z","EcoCore_CSU","pH",6.3700,"pH",-0.2,,0,"formatChange","GOOD"
"f4b66054-8e1f-44be-912e-7044d25fee9d","D05","CRAM","CRAM.AOS.groundwater.well.003","CRAM.W3.20181017.PCN","A00000040793","2018-10-17T19:03Z","2018-10-17T19:03Z","EcoCore_CSU","TPN",0.1040,"milligram",-0.2,,0,"formatChange","GOOD"
"5eb9baeb-a03b-4fc6-ab17-004f98137c4e","D05","CRAM","CRAM.AOS.groundwater.well.003","CRAM.W3.20181017.FIL","A00000040869","2018-10-17T19:03Z","2018-10-17T19:03Z","EcoCore_CSU","Na",1.7780,"milligramsPerLiter",-0.2,,0,"formatChange","GOOD"
"bebbde8e-3d21-4a0e-ac63-8141a86ccac8","D05","CRAM","CRAM.AOS.groundwater.well.003","CRAM.W3.20181017.FIL","A00000040869","2018-10-17T19:03Z","2018-10-17T19:03Z","EcoCore_CSU","Br",0.0050,"milligramsPerLiter",-0.2,,0,"formatChange","GOOD"
"69eac3c2-a380-424a-ba8c-0e2c91bd617b","D05","CRAM","CRAM.AOS.groundwater.well.003","CRAM.W3.20181017.FIL","A00000040869","2018-10-17T19:03Z","2018-10-17T19:03Z","EcoCore_CSU","SO4",1.0140,"milligramsPerLiter",-0.2,,0,"formatChange","GOOD"
"708ed590-2799-4f11-9288-cf511df94a0a","D05","CRAM","CRAM.AOS.groundwater.well.003","CRAM.W3.20181017.FIL","A00000040869","2018-10-17T19:03Z","2018-10-17T19:03Z","EcoCore_CSU","Ortho - P",0.0500,"milligramsPerLiter",-0.2,,0,"formatChange","GOOD"
"4fc31b4f-3799-4e29-84fd-487927d9dd17","D05","CRAM","CRAM.AOS.groundwater.well.003","CRAM.W3.20181017.FIL","A00000040869","2018-10-17T19:03Z","2018-10-17T19:03Z","EcoCore_CSU","UV Absorbance (280 nm)",1.0741,,-0.2,,0,"formatChange","GOOD"
"5c573244-baae-4943-b39e-f11170826525","D05","CRAM","CRAM.AOS.groundwater.well.003","CRAM.W3.20181017.FIL","A00000040869","2018-10-17T19:03Z","2018-10-17T19:03Z","EcoCore_CSU","DIC",6.5380,"milligramsPerLiter",-0.2,,0,"formatChange","GOOD"
"cacabac8-a79b-4e9f-8710-175420cba491","D05","CRAM","CRAM.AOS.groundwater.well.003","CRAM.W3.20181017.FIL","A00000040869","2018-10-17T19:03Z","2018-10-17T19:03Z","EcoCore_CSU","Mg",2.8030,"milligramsPerLiter",-0.2,,0,"formatChange","GOOD"
"3522ee4e-b211-49b6-a57c-b4d34e571588","D05","CRAM","CRAM.AOS.groundwater.well.003","CRAM.W3.20181017.RAW","A00000007556","2018-10-17T19:03Z","2018-10-17T19:03Z","EcoCore_CSU","TSS",182.0000,"milligramsPerLiter",-0.2,,0,"formatChange","GOOD"
"5f76736c-c2fc-4b02-a147-4ed2bb766697","D05","CRAM","CRAM.AOS.groundwater.well.003","CRAM.W3.20181017.FIL","A00000040869","2018-10-17T19:03Z","2018-10-17T19:03Z","EcoCore_CSU","NO2 - N",0.0549,"milligramsPerLiter",-0.2,"Low NH4 method and Low NO2+NO3 method",0,"formatChange","Other"
"331fe879-b9b3-45be-aa21-af577d6decc8","D05","CRAM","CRAM.AOS.groundwater.well.003","CRAM.W3.20181017.FIL","A00000040869","2018-10-17T19:03Z","2018-10-17T19:03Z","EcoCore_CSU","TDP",0.0927,"milligramsPerLiter",-0.2,,0,"formatChange","GOOD"
"ff2b5d36-e4e9-45c4-92ec-f9207499bf35","D05","CRAM","CRAM.AOS.groundwater.well.003","CRAM.W3.20181017.FIL","A00000040869","2018-10-17T19:03Z","2018-10-17T19:03Z","EcoCore_CSU","K",0.2880,"milligramsPerLiter",-0.2,,0,"formatChange","GOOD"
"7b062d65-6ac7-45fe-8d54-979cd41833de","D05","CRAM","CRAM.AOS.groundwater.well.003","CRAM.W3.20181017.FIL","A00000040869","2018-10-17T19:03Z","2018-10-17T19:03Z","EcoCore_CSU","TDS",32.6300,"milligramsPerLiter",-0.2,,0,"formatChange","GOOD"
"ace5ad7e-aeaa-4d11-82f1-7da69778e4e3","D05","CRAM","CRAM.AOS.groundwater.well.003","CRAM.W3.20181017.FIL","A00000040869","2018-10-17T19:03Z","2018-10-17T19:03Z","EcoCore_CSU","Ca",4.3971,"milligramsPerLiter",-0.2,,0,"formatChange","GOOD"
"2538a68b-8509-4ab0-b7ac-3979c52481bb","D05","CRAM","CRAM.AOS.groundwater.well.003","CRAM.W3.20181017.FIL","A00000040869","2018-10-17T19:03Z","2018-10-17T19:03Z","EcoCore_CSU","F",0.1300,"milligramsPerLiter",-0.2,,0,"formatChange","GOOD"
"f725c480-dd86-435b-91f2-0db1cae55ad5","D05","CRAM","CRAM.AOS.groundwater.well.003","CRAM.W3.20181017.RAW","A00000007556","2018-10-17T19:03Z","2018-10-17T19:03Z","EcoCore_CSU","TN",0.1305,"milligramsPerLiter",-0.2,,0,"formatChange","GOOD"
"1d632f76-0fa6-49b6-b7f7-0b6376f4e25e","D05","CRAM","CRAM.AOS.groundwater.well.003","CRAM.W3.20181017.RAW","A00000007556","2018-10-17T19:03Z","2018-10-17T19:03Z","EcoCore_CSU","ANC",0.5300,"milliequivalentsPerLiter",-0.2,,0,"formatChange","GOOD"
"2436d92a-7399-45c2-84fe-e39fbe7b3ae7","D05","CRAM","CRAM.AOS.groundwater.well.003","CRAM.W3.20181017.RAW","A00000007556","2018-10-17T19:03Z","2018-10-17T19:03Z","EcoCore_CSU","conductivity",44.7300,"microsiemensPerCentimeter",-0.2,,0,"formatChange","GOOD"
"fbf1e8e2-a532-4b35-85d5-166c8e984ab1","D05","CRAM","CRAM.AOS.groundwater.well.003","CRAM.W3.20181017.PCN","A00000040793","2018-10-17T19:03Z","2018-10-17T19:03Z","EcoCore_CSU","TPC",0.2845,"milligram",-0.2,,0,"formatChange","GOOD"
"301da141-31f1-47b1-a594-4ec65760ff66","D05","CRAM","CRAM.AOS.groundwater.well.003","CRAM.W3.20181017.FIL","A00000040869","2018-10-17T19:03Z","2018-10-17T19:03Z","EcoCore_CSU","Fe",1.3691,"milligramsPerLiter",-0.2,,0,"formatChange","GOOD"
"8b769633-3e15-4071-9752-be9df1625fd7","D05","CRAM","CRAM.AOS.groundwater.well.003","CRAM.W3.20181017.RAW","A00000007556","2018-10-17T19:03Z","2018-10-17T19:03Z","EcoCore_CSU","TP",0.1010,"milligramsPerLiter",-0.2,,0,"formatChange","GOOD"
"25819092-23ec-4ed4-b68c-9386a0d98acd","D05","CRAM","CRAM.AOS.groundwater.well.003","CRAM.W3.20181017.FIL","A00000040869","2018-10-17T19:03Z","2018-10-17T19:03Z","EcoCore_CSU","UV Absorbance (250 nm)",1.2923,,-0.2,,0,"formatChange","GOOD"
"4af1c996-d699-46a0-ba6b-ce1d48ffaa13","D05","CRAM","CRAM.AOS.groundwater.well.003","CRAM.W3.20181017.FIL","A00000040869","2018-10-17T19:03Z","2018-10-17T19:03Z","EcoCore_CSU","TDN",0.0871,"milligramsPerLiter",-0.2,,0,"formatChange","GOOD"
"96c2ee36-47ec-44d2-84ab-571f578839ed","D05","CRAM","CRAM.AOS.groundwater.well.003","CRAM.W3.20181017.FIL","A00000040869","2018-10-17T19:03Z","2018-10-17T19:03Z","EcoCore_CSU","Cl",3.6900,"milligramsPerLiter",-0.2,,0,"formatChange","GOOD"
"1070ffe9-611a-494c-b1f8-8b89730fc597","D05","CRAM","CRAM.AOS.groundwater.well.003","CRAM.W3.20181017.FIL","A00000040869","2018-10-17T19:03Z","2018-10-17T19:03Z","EcoCore_CSU","Si",13.6213,"milligramsPerLiter",-0.2,,0,"formatChange","GOOD"
"4d49e45b-6452-4dd2-a71e-b15a5e9bf3de","D05","CRAM","CRAM.AOS.groundwater.well.003","CRAM.W3.20181017.FIL","A00000040869","2018-10-17T19:03Z","2018-10-17T19:03Z","EcoCore_CSU","Mn",0.0130,"milligramsPerLiter",-0.2,,0,"formatChange","GOOD"
"6616d6b8-cb4c-47ea-8e61-0ce8ca95305a","D05","CRAM","CRAM.AOS.groundwater.well.003","CRAM.W3.20181017.FIL","A00000040869","2018-10-17T19:03Z","2018-10-17T19:03Z","EcoCore_CSU","CO3",0.0050,"milligramsPerLiter",-0.2,,0,"formatChange","GOOD"
"1284709d-3fc6-4599-9fb7-1fcf9c36042c","D05","CRAM","CRAM.AOS.groundwater.well.003","CRAM.W3.20181017.FIL","A00000040869","2018-10-17T19:03Z","2018-10-17T19:03Z","EcoCore_CSU","DOC",6.1810,"milligramsPerLiter",-0.2,,0,"formatChange","GOOD"
"549a3ffa-92b1-498b-943a-d7aaa4c07e8b","D05","CRAM","CRAM.AOS.groundwater.well.003","CRAM.W3.20181017.RAW","A00000007556","2018-10-17T19:03Z","2018-10-17T19:03Z","EcoCore_CSU","TSS - Dry Mass",9100.0000,"microgram",-0.2,,0,"formatChange","GOOD"
"8bc15ff4-3646-4a9f-a9ad-b4a6926dc4d8","D05","CRAM","CRAM.AOS.groundwater.well.003","CRAM.W3.20181017.RAW","A00000007556","2018-10-17T19:03Z","2018-10-17T19:03Z","EcoCore_CSU","TOC",6.6210,"milligramsPerLiter",-0.2,,0,"formatChange","GOOD"
"f1ee5a7f-65e5-4d9e-943d-a2c0ce8531c8","D05","CRAM","CRAM.AOS.groundwater.well.003","CRAM.W3.20181017.FIL","A00000040869","2018-10-17T19:03Z","2018-10-17T19:03Z","EcoCore_CSU","NO3+NO2 - N",-0.0773,"milligramsPerLiter",-0.2,"Low NH4 method and Low NO2+NO3 method",0,"formatChange","Other"
"155a8732-0842-490f-86c4-3129d01b52f8","D05","CRAM","CRAM.AOS.groundwater.well.003","CRAM.W3.20181017.FIL","A00000040869","2018-10-17T19:03Z","2018-10-17T19:03Z","EcoCore_CSU","NH4 - N",-0.0133,"milligramsPerLiter",-0.2,"Low NH4 method and Low NO2+NO3 method",0,"formatChange","Other"
"2332be04-79da-402b-bc94-df9ef935b70f","D05","CRAM","CRAM.AOS.groundwater.well.003","CRAM.W3.20181017.FIL","A00000040869","2018-10-17T19:03Z","2018-10-17T19:03Z","EcoCore_CSU","HCO3",26.5300,"milligramsPerLiter",-0.2,,0,"formatChange","GOOD"
"4468bb45-ca75-40b7-bcac-b9cde480da2e","D05","CRAM","CRAM.AOS.groundwater.well.005","CRAM.W5.20181017.RAW","A00000007691","2018-10-17T19:57Z","2018-10-17T19:57Z","EcoCore_CSU","TN",0.1995,"milligramsPerLiter",-0.2,,0,"formatChange","GOOD"
"d484edaf-7f71-44ad-8324-3bdbae2cbc96","D05","CRAM","CRAM.AOS.groundwater.well.005","CRAM.W5.20181017.RAW","A00000007691","2018-10-17T19:57Z","2018-10-17T19:57Z","EcoCore_CSU","conductivity",209.4500,"microsiemensPerCentimeter",-0.2,,0,"formatChange","GOOD"
"dfd7eec4-e1db-4430-b6ad-591ebbcab79c","D05","CRAM","CRAM.AOS.groundwater.well.005","CRAM.W5.20181017.RAW","A00000007691","2018-10-17T19:57Z","2018-10-17T19:57Z","EcoCore_CSU","TSS",12.0000,"milligramsPerLiter",-0.2,,0,"formatChange","GOOD"
"73827f80-299c-4cee-926d-f941e48499d7","D05","CRAM","CRAM.AOS.groundwater.well.005","CRAM.W5.20181017.FIL","A00000040852","2018-10-17T19:57Z","2018-10-17T19:57Z","EcoCore_CSU","Fe",0.0615,"milligramsPerLiter",-0.2,,0,"formatChange","GOOD"
"a3c07b88-c725-4783-93ff-74e5565e15cf","D05","CRAM","CRAM.AOS.groundwater.well.005","CRAM.W5.20181017.RAW","A00000007691","2018-10-17T19:57Z","2018-10-17T19:57Z","EcoCore_CSU","TOC",3.1200,"milligramsPerLiter",-0.2,,0,"formatChange","GOOD"
"57ff1fa4-b7e3-4d35-b48d-aee42c495251","D05","CRAM","CRAM.AOS.groundwater.well.005","CRAM.W5.20181017.FIL","A00000040852","2018-10-17T19:57Z","2018-10-17T19:57Z","EcoCore_CSU","NO2 - N",0.0504,"milligramsPerLiter",-0.2,"Low NH4 method and Low NO2+NO3 method",0,"formatChange","Other"
"6aeadb30-9685-4143-8b74-1f2c042ed246","D05","CRAM","CRAM.AOS.groundwater.well.005","CRAM.W5.20181017.FIL","A00000040852","2018-10-17T19:57Z","2018-10-17T19:57Z","EcoCore_CSU","DIC",24.7500,"milligramsPerLiter",-0.2,,0,"formatChange","GOOD"
"8f031824-e10f-491a-888d-04ca1706b9fc","D05","CRAM","CRAM.AOS.groundwater.well.005","CRAM.W5.20181017.FIL","A00000040852","2018-10-17T19:57Z","2018-10-17T19:57Z","EcoCore_CSU","SO4",3.4100,"milligramsPerLiter",-0.2,,0,"formatChange","GOOD"
"5264d503-01d3-427e-8c13-2dfcc8369cf6","D05","CRAM","CRAM.AOS.groundwater.well.005","CRAM.W5.20181017.RAW","A00000007691","2018-10-17T19:57Z","2018-10-17T19:57Z","EcoCore_CSU","ANC",1.9300,"milliequivalentsPerLiter",-0.2,,0,"formatChange","GOOD"
"10ef0910-3e7c-47c1-b447-00d22769f786","D05","CRAM","CRAM.AOS.groundwater.well.005","CRAM.W5.20181017.PCN","A00000040792","2018-10-17T19:57Z","2018-10-17T19:57Z","EcoCore_CSU","TPN",0.1127,"milligram",-0.2,,0,"formatChange","GOOD"
"758a06f8-8620-453d-a14c-e690c9886d25","D05","CRAM","CRAM.AOS.groundwater.well.005","CRAM.W5.20181017.PCN","A00000040792","2018-10-17T19:57Z","2018-10-17T19:57Z","EcoCore_CSU","TPC",0.2624,"milligram",-0.2,,0,"formatChange","GOOD"
"99c6876f-fcec-4ca3-9fb2-fa06b125f564","D05","CRAM","CRAM.AOS.groundwater.well.005","CRAM.W5.20181017.FIL","A00000040852","2018-10-17T19:57Z","2018-10-17T19:57Z","EcoCore_CSU","UV Absorbance (280 nm)",0.2237,,-0.2,,0,"formatChange","GOOD"
"6e1ae3e3-09f0-4fda-a918-61939bcb857c","D05","CRAM","CRAM.AOS.groundwater.well.005","CRAM.W5.20181017.FIL","A00000040852","2018-10-17T19:57Z","2018-10-17T19:57Z","EcoCore_CSU","Na",2.6620,"milligramsPerLiter",-0.2,,0,"formatChange","GOOD"
"9730d19d-7f0f-419e-808c-2c566d48ba8e","D05","CRAM","CRAM.AOS.groundwater.well.005","CRAM.W5.20181017.FIL","A00000040852","2018-10-17T19:57Z","2018-10-17T19:57Z","EcoCore_CSU","Br",0.0050,"milligramsPerLiter",-0.2,,0,"formatChange","GOOD"
"bdf90027-ca71-4578-ab74-f07624b1d752","D05","CRAM","CRAM.AOS.groundwater.well.005","CRAM.W5.20181017.RAW","A00000007691","2018-10-17T19:57Z","2018-10-17T19:57Z","EcoCore_CSU","pH",7.0000,"pH",-0.2,,0,"formatChange","GOOD"
"6237c164-efd9-434a-9f1e-6d6589074bee","D05","CRAM","CRAM.AOS.groundwater.well.005","CRAM.W5.20181017.FIL","A00000040852","2018-10-17T19:57Z","2018-10-17T19:57Z","EcoCore_CSU","DOC",2.8730,"milligramsPerLiter",-0.2,,0,"formatChange","GOOD"
"acf6c36a-5cf1-4ca3-9360-e7e68ebdd16c","D05","CRAM","CRAM.AOS.groundwater.well.005","CRAM.W5.20181017.FIL","A00000040852","2018-10-17T19:57Z","2018-10-17T19:57Z","EcoCore_CSU","HCO3",111.3900,"milligramsPerLiter",-0.2,,0,"formatChange","GOOD"
"63091ef5-a169-4fac-97b3-d934693a933b","D05","CRAM","CRAM.AOS.groundwater.well.005","CRAM.W5.20181017.FIL","A00000040852","2018-10-17T19:57Z","2018-10-17T19:57Z","EcoCore_CSU","Si",16.8295,"milligramsPerLiter",-0.2,,0,"formatChange","GOOD"
"60f0e48c-4865-4880-8fd6-ff72fc6bb316","D05","CRAM","CRAM.AOS.groundwater.well.005","CRAM.W5.20181017.FIL","A00000040852","2018-10-17T19:57Z","2018-10-17T19:57Z","EcoCore_CSU","Mn",0.1940,"milligramsPerLiter",-0.2,,0,"formatChange","GOOD"
"23f2b59e-1f63-464f-ac81-a36461202647","D05","CRAM","CRAM.AOS.groundwater.well.005","CRAM.W5.20181017.FIL","A00000040852","2018-10-17T19:57Z","2018-10-17T19:57Z","EcoCore_CSU","NO3+NO2 - N",-0.0502,"milligramsPerLiter",-0.2,"Low NH4 method and Low NO2+NO3 method",0,"formatChange","Other"
"96c75431-6d6e-4318-99fd-3d760b473919","D05","CRAM","CRAM.AOS.groundwater.well.005","CRAM.W5.20181017.RAW","A00000007691","2018-10-17T19:57Z","2018-10-17T19:57Z","EcoCore_CSU","TSS - Dry Mass",600.0000,"microgram",-0.2,,0,"formatChange","GOOD"
"66e8dd00-6702-4dea-8bcd-11a5e863efca","D05","CRAM","CRAM.AOS.groundwater.well.005","CRAM.W5.20181017.FIL","A00000040852","2018-10-17T19:57Z","2018-10-17T19:57Z","EcoCore_CSU","NH4 - N",0.1282,"milligramsPerLiter",-0.2,"Low NH4 method and Low NO2+NO3 method",0,"formatChange","Other"
"1b19d895-cc8d-4197-902b-8ecfbc9edca4","D05","CRAM","CRAM.AOS.groundwater.well.005","CRAM.W5.20181017.FIL","A00000040852","2018-10-17T19:57Z","2018-10-17T19:57Z","EcoCore_CSU","Mg",9.4570,"milligramsPerLiter",-0.2,,0,"formatChange","GOOD"
"572b3272-2650-496d-9c7b-1d746b08db47","D05","CRAM","CRAM.AOS.groundwater.well.005","CRAM.W5.20181017.FIL","A00000040852","2018-10-17T19:57Z","2018-10-17T19:57Z","EcoCore_CSU","Ca",22.5964,"milligramsPerLiter",-0.2,,0,"formatChange","GOOD"
"113ec553-3420-46b4-b727-76156ff66508","D05","CRAM","CRAM.AOS.groundwater.well.005","CRAM.W5.20181017.RAW","A00000007691","2018-10-17T19:57Z","2018-10-17T19:57Z","EcoCore_CSU","TP",0.0020,"milligramsPerLiter",-0.2,,0,"formatChange","GOOD"
"4cead3ee-fe47-4707-8915-9493839e314f","D05","CRAM","CRAM.AOS.groundwater.well.005","CRAM.W5.20181017.FIL","A00000040852","2018-10-17T19:57Z","2018-10-17T19:57Z","EcoCore_CSU","CO3",0.0050,"milligramsPerLiter",-0.2,,0,"formatChange","GOOD"
"534361eb-e51e-4c85-bb04-6b627ce6b82d","D05","CRAM","CRAM.AOS.groundwater.well.005","CRAM.W5.20181017.FIL","A00000040852","2018-10-17T19:57Z","2018-10-17T19:57Z","EcoCore_CSU","TDS",147.6300,"milligramsPerLiter",-0.2,,0,"formatChange","GOOD"
"27d9b193-72ac-4385-95ad-2a81e8c8d924","D05","CRAM","CRAM.AOS.groundwater.well.005","CRAM.W5.20181017.FIL","A00000040852","2018-10-17T19:57Z","2018-10-17T19:57Z","EcoCore_CSU","K",0.4790,"milligramsPerLiter",-0.2,,0,"formatChange","GOOD"
"9a28ae53-dcef-45df-9b5d-f0f00f0990e0","D05","CRAM","CRAM.AOS.groundwater.well.005","CRAM.W5.20181017.FIL","A00000040852","2018-10-17T19:57Z","2018-10-17T19:57Z","EcoCore_CSU","TDN",0.1643,"milligramsPerLiter",-0.2,,0,"formatChange","GOOD"
"f8a46bbd-cece-4360-bddf-8f7bcb984a46","D05","CRAM","CRAM.AOS.groundwater.well.005","CRAM.W5.20181017.FIL","A00000040852","2018-10-17T19:57Z","2018-10-17T19:57Z","EcoCore_CSU","UV Absorbance (250 nm)",0.2797,,-0.2,,0,"formatChange","GOOD"
"a0b1436c-7b7b-4985-9a54-f2dc1ffde38f","D05","CRAM","CRAM.AOS.groundwater.well.005","CRAM.W5.20181017.FIL","A00000040852","2018-10-17T19:57Z","2018-10-17T19:57Z","EcoCore_CSU","Cl",4.5700,"milligramsPerLiter",-0.2,,0,"formatChange","GOOD"
"23f9da7f-d6ab-4ea7-9ffc-364bf29d0733","D05","CRAM","CRAM.AOS.groundwater.well.005","CRAM.W5.20181017.FIL","A00000040852","2018-10-17T19:57Z","2018-10-17T19:57Z","EcoCore_CSU","Ortho - P",0.0040,"milligramsPerLiter",-0.2,,0,"formatChange","GOOD"
"5925f416-ec93-4e79-ab14-38af1f64b2f6","D05","CRAM","CRAM.AOS.groundwater.well.005","CRAM.W5.20181017.FIL","A00000040852","2018-10-17T19:57Z","2018-10-17T19:57Z","EcoCore_CSU","F",0.0050,"milligramsPerLiter",-0.2,,0,"formatChange","GOOD"
"bfa240d6-691a-4d7d-a522-e4a01fe1daa6","D05","CRAM","CRAM.AOS.groundwater.well.005","CRAM.W5.20181017.FIL","A00000040852","2018-10-17T19:57Z","2018-10-17T19:57Z","EcoCore_CSU","TDP",0.0008,"milligramsPerLiter",-0.2,,0,"formatChange","GOOD"
