uid,domainID,siteID,namedLocation,decimalLatitude,decimalLongitude,coordinateUncertainty,elevation,elevationUncertainty,geodeticDatum,collectDate,aquaticSiteType,samplingImpractical,waterChemSamplesCollected,adequateSampleVol,parentSampleID,eventID,swcSamplingProtocolVersion,sampleExtractionMethod,samplerType,totalWellDepth,wellWaterDepth,waterColumnHeight,sampleDepth,purgeAverageDischargeRate,purgeTime,gwWellStabilized,purgeDryDateTime,pumpPlacementDate,screenedIntervalDepth,maxAllowableDrawdown,actualDrawdown,MADExceeded,wellVolumePurged,probeIDUnavailable,dissolvedOxygen,dissolvedOxygenSaturation,specificConductance,waterTemp,pH,waterClarityDescrip,waterColorDescrip,aCollectedBy,bCollectedBy,remarks
"fd86e3c5-dd35-43e7-acdc-b58aacc9bd35","D05","CRAM","CRAM.AOS.groundwater.well.006",46.205626,-89.477075,0.1,519.1,0.1,"WGS84","2018-10-17T17:13Z","lake",,,"Y","CRAM.W6.20181017","CRAM.20181017","NEON.DOC.002905vE","low-flow","Groundwater Pump",12.3,11.0,1.3,11.8,,,,,,,,,,24.4,,6.90,59.30,88.60,6.40,,"cloudy","brown","jbuza@battelleecology.org","pweishampel@neoninc.org",
"39e59a48-924f-48fa-999b-a1de3fa5423b","D05","CRAM","CRAM.AOS.groundwater.well.001",46.212818,-89.477093,0.1,515.4,0.1,"WGS84","2018-10-17T18:18Z","lake",,,"Y","CRAM.W1.20181017","CRAM.20181017","NEON.DOC.002905vE","low-flow","Groundwater Pump",9.2,8.0,1.2,8.7,,,,,,,,,,7.0,,9.17,80.10,57.10,7.00,,"clear","colorless","jbuza@battelleecology.org","hbeeler@battelleecology.org",
"68c8b5cd-00ff-4aca-b420-9d092ed925d3","D05","CRAM","CRAM.AOS.groundwater.well.003",46.211158,-89.478550,0.1,516.2,0.1,"WGS84","2018-10-17T19:03Z","lake",,,"Y","CRAM.W3.20181017","CRAM.20181017","NEON.DOC.002905vE","low-flow","Groundwater Pump",6.2,4.7,1.6,5.7,,,,,,,,,,5.5,,9.13,84.10,34.70,9.60,,"cloudy","brown","jbuza@battelleecology.org","hbeeler@battelleecology.org",
"d1e66db0-bb23-4f53-b3a0-e4e1d16e5c6a","D05","CRAM","CRAM.AOS.groundwater.well.005",46.207591,-89.478786,0.1,518.6,0.1,"WGS84","2018-10-17T19:57Z","lake",,,"Y","CRAM.W5.20181017","CRAM.20181017","NEON.DOC.002905vE","low-flow","Groundwater Pump",12.3,11.4,0.9,11.8,,,,,,,,,,7.2,,2.59,22.30,87.70,6.90,,"clear","colorless","jbuza@battelleecology.org","hbeeler@battelleecology.org",
