uid,domainID,siteID,namedLocation,collectDate,parentSampleID,sampleCondition,sampleID,replicateNumber,gwwDICBubbleFree,gwwFiltSampleHeadspace,gwwAlkSampleHeadspace,gwwAlkSampleBubbleFree,processedDate,processedDateFilters,sampleVolumeFiltered,shipmentTimeRange
"2255fd13-2989-4255-94e4-36239d12b5f5","D05","CRAM","CRAM.AOS.groundwater.well.006","2018-10-17T17:13Z","CRAM.W6.20181017","Sample condition ok","CRAM.W6.20181017",1,,,,,"2018-10-17T17:23Z","2018-10-17T21:15Z",120.0,
"e0e12dfe-e616-40a4-a29c-5dbe3a5ef6bd","D05","CRAM","CRAM.AOS.groundwater.well.001","2018-10-17T18:18Z","CRAM.W1.20181017","Sample condition ok","CRAM.W1.20181017",1,,,,,"2018-10-17T18:18Z","2018-10-17T21:20Z",150.0,
"4412868d-d3c7-4038-9be6-a426b0258958","D05","CRAM","CRAM.AOS.groundwater.well.003","2018-10-17T19:03Z","CRAM.W3.20181017","Sample condition ok","CRAM.W3.20181017",1,,,,,"2018-10-17T19:03Z","2018-10-17T21:24Z",20.0,
"57fe4f9f-5e2c-4364-b520-75f579ff7467","D05","CRAM","CRAM.AOS.groundwater.well.005","2018-10-17T19:57Z","CRAM.W5.20181017","Sample condition ok","CRAM.W5.20181017",1,,,,,"2018-10-17T19:57Z","2018-10-17T21:30Z",150.0,
