uid,domainID,siteID,namedLocation,decimalLatitude,decimalLongitude,coordinateUncertainty,elevation,elevationUncertainty,geodeticDatum,collectDate,aquaticSiteType,samplingImpractical,waterChemSamplesCollected,adequateSampleVol,parentSampleID,eventID,swcSamplingProtocolVersion,sampleExtractionMethod,samplerType,totalWellDepth,wellWaterDepth,waterColumnHeight,sampleDepth,purgeAverageDischargeRate,purgeTime,gwWellStabilized,purgeDryDateTime,pumpPlacementDate,screenedIntervalDepth,maxAllowableDrawdown,actualDrawdown,MADExceeded,wellVolumePurged,probeIDUnavailable,dissolvedOxygen,dissolvedOxygenSaturation,specificConductance,waterTemp,pH,waterClarityDescrip,waterColorDescrip,aCollectedBy,bCollectedBy,remarks
"199f7752-8bd2-4d1d-8eeb-4c84a448e769","D05","CRAM","CRAM.AOS.groundwater.well.006",46.205626,-89.477075,0.1,519.1,0.1,"WGS84","2020-07-07T14:45Z","lake",,"Y","Y","CRAM.W6.20200707","CRAM.20200707","NEON.DOC.002905vG","low-flow","Groundwater Pump",12.3,10.8,1.5,11.8,150.0,18.0,,,,,,,,2.7,,9.00,83.00,213.30,12.30,7.17,"clear","colorless","0000-0003-1075-1249","0000-0001-6438-3109",
"893d124d-343a-4dd2-81cc-f9c2193acf6b","D05","CRAM","CRAM.AOS.groundwater.well.001",46.212818,-89.477093,0.1,515.4,0.1,"WGS84","2020-07-07T17:03Z","lake",,"Y","Y","CRAM.W1.20200707","CRAM.20200707","NEON.DOC.002905vG","low-flow","Groundwater Pump",9.2,7.9,1.3,8.7,140.0,13.0,,,,,,,,1.8,,8.41,80.50,72.20,13.20,6.69,"clear","colorless","0000-0003-1075-1249","0000-0001-6438-3109",
"f7518a7b-5b47-49d6-b058-cc1d1d006283","D05","CRAM","CRAM.AOS.groundwater.well.003",46.211158,-89.478550,0.1,516.2,0.1,"WGS84","2020-07-07T19:00Z","lake","low yield groundwater",,"N","CRAM.W3.20200707","CRAM.20200707","NEON.DOC.002905vG",,"Groundwater Pump",,,,,,,,,,,,,,,,,,,,,,,"0000-0003-1075-1249","0000-0001-6438-3109",
"16c59f50-86c6-49f4-9630-49e94b5502f3","D05","CRAM","CRAM.AOS.groundwater.well.005",46.207591,-89.478786,0.1,518.6,0.1,"WGS84","2020-07-07T19:48Z","lake",,"Y","Y","CRAM.W5.20200707","CRAM.20200707","NEON.DOC.002905vG","low-flow","Groundwater Pump",12.3,11.2,1.1,11.8,100.0,17.0,,,,,,,,1.7,,0.77,7.30,204.50,13.00,6.95,"clear","colorless","0000-0003-1075-1249","0000-0001-6438-3109",
