uid,domainID,siteID,namedLocation,decimalLatitude,decimalLongitude,coordinateUncertainty,elevation,elevationUncertainty,geodeticDatum,collectDate,aquaticSiteType,samplingImpractical,waterChemSamplesCollected,adequateSampleVol,parentSampleID,eventID,swcSamplingProtocolVersion,sampleExtractionMethod,samplerType,totalWellDepth,wellWaterDepth,waterColumnHeight,sampleDepth,purgeAverageDischargeRate,purgeTime,gwWellStabilized,purgeDryDateTime,pumpPlacementDate,screenedIntervalDepth,maxAllowableDrawdown,actualDrawdown,MADExceeded,wellVolumePurged,probeIDUnavailable,dissolvedOxygen,dissolvedOxygenSaturation,specificConductance,waterTemp,pH,waterClarityDescrip,waterColorDescrip,aCollectedBy,bCollectedBy,remarks
"612d96ce-5ff3-4d32-aaf6-942355feca3c","D05","CRAM","CRAM.AOS.groundwater.well.007",46.204496,-89.470904,0.1,518.9,0.1,"WGS84","2017-10-17T16:10Z","lake","shallow groundwater",,,"CRAM.W7.20171017","CRAM.20171017","NEON.DOC.002905vE","low-flow","Groundwater Pump",4.6,3.5,1.0,4.0,,,,,,,,,,,,,,,,,,,"hbeeler@battelleecology.org","jhudson@neoninc.org","Started at around 1m of water before sampling and after about 1650ml of water discharged water level was too low to sample. Cloudy brown water"
"029a569e-78d8-442a-8595-79875da64638","D05","CRAM","CRAM.AOS.groundwater.well.006",46.205626,-89.477075,0.1,519.1,0.1,"WGS84","2017-10-17T18:36Z","lake",,,,"CRAM.W6.20171017","CRAM.20171017","NEON.DOC.002905vE","low-flow","Groundwater Pump",12.3,10.9,1.4,11.8,,,,,,,,,,,,,,205.40,11.90,,"cloudy","brown","hbeeler@battelleecology.org","jhudson@neoninc.org","2.5 L purged before sample collection"
"7247ce6b-b91f-4fc0-b6ba-824044c6f3f9","D05","CRAM","CRAM.AOS.groundwater.well.001",46.212818,-89.477093,0.1,515.4,0.1,"WGS84","2017-10-18T14:22Z","lake",,,,"CRAM.W1.20171018","CRAM.20171018","NEON.DOC.002905vE","low-flow","Groundwater Pump",9.2,8.0,1.3,8.7,,,,,,,,,,1.1,,,,75.50,9.20,,"cloudy","colorless","hbeeler@battelleecology.org","cwojan@battelleecology.org",
"50904083-90de-48b7-938c-a459fa14e2cf","D05","CRAM","CRAM.AOS.groundwater.well.003",46.211158,-89.478550,0.1,516.2,0.1,"WGS84","2017-10-18T15:10Z","lake","shallow groundwater",,,"CRAM.W3.20171018","CRAM.20171018","NEON.DOC.002905vE","low-flow",,6.2,5.9,0.3,,,,,,,,,,,,,,,,,,,,"hbeeler@battelleecology.org","cwojan@battelleecology.org","No sample collected"
