uid,domainID,siteID,namedLocation,collectDate,titrationDate,parentSampleID,domainSampleID,remarks,measuredBy,alkMeqPerL,alkMgPerL,ancMeqPerL,ancMgPerL
"d4f7f8c5-6804-4654-9089-9e0e0f35fdb7","D05","CRAM","CRAM.AOS.groundwater.well.006","2017-10-17T18:36Z","2017-10-18T18:50Z","CRAM.W6.20171017","CRAM.W6.20171017.ALK.REP2",,"Jhudson",2.160,108.000,,
"8f9ae16a-7f9e-4219-81b6-dec888e1997c","D05","CRAM","CRAM.AOS.groundwater.well.006","2017-10-17T18:36Z","2017-10-18T20:00Z","CRAM.W6.20171017","CRAM.W6.20171017.ALK.REP3",,"jhudson@battelleecology.org",2.020,101.000,,
"3c92eccb-943b-45f1-8dc2-917bf83ee980","D05","CRAM","CRAM.AOS.groundwater.well.006","2017-10-17T18:36Z","2017-10-18T20:33Z","CRAM.W6.20171017","CRAM.W6.20171017.ALK",,"jhudson",2.060,103.000,,
"77241aff-e27d-46a8-95ca-c0df02a70e36","D05","CRAM","CRAM.AOS.groundwater.well.001","2017-10-18T14:22Z","2017-10-18T21:15Z","CRAM.W1.20171018","CRAM.W1.20171018.ALK",,"jhudson@battelleecology.org",0.700,35.200,,
