uid,domainID,siteID,namedLocation,sampleID,sampleCode,startDate,collectDate,laboratoryName,analyte,analyteConcentration,analyteUnits,coolerTemp,remarks,shipmentWarmQF,externalLabDataQF,sampleCondition
"c2824462-9e7b-4ff0-93ad-b74c9f537243","D05","CRAM","CRAM.AOS.groundwater.well.006","CRAM.W6.20171017.FIL",,"2017-10-17T18:36Z","2017-10-17T18:36Z","EcoCore_CSU","SO4",12.8100,"milligramsPerLiter",2.5,,0,"formatChange","GOOD"
"55af2cc5-5a0a-4177-bcf4-d8591e60d2cc","D05","CRAM","CRAM.AOS.groundwater.well.006","CRAM.W6.20171017.FIL",,"2017-10-17T18:36Z","2017-10-17T18:36Z","EcoCore_CSU","HCO3",121.2800,"milligramsPerLiter",2.5,,0,"formatChange","GOOD"
"5b694f2b-fb33-463e-a709-fd4f880eeb79","D05","CRAM","CRAM.AOS.groundwater.well.006","CRAM.W6.20171017.FIL",,"2017-10-17T18:36Z","2017-10-17T18:36Z","EcoCore_CSU","NO3+NO2 - N",0.0831,"milligramsPerLiter",2.5,,0,"formatChange","GOOD"
"ba88e3d7-c86f-4077-b77f-cb98d2b108a0","D05","CRAM","CRAM.AOS.groundwater.well.006","CRAM.W6.20171017.FIL",,"2017-10-17T18:36Z","2017-10-17T18:36Z","EcoCore_CSU","Mn",0.0220,"milligramsPerLiter",2.5,,0,"formatChange","GOOD"
"caa35ecd-2de6-42a5-a8eb-ebf0b0efc6f7","D05","CRAM","CRAM.AOS.groundwater.well.006","CRAM.W6.20171017.RAW",,"2017-10-17T18:36Z","2017-10-17T18:36Z","EcoCore_CSU","TN",0.1526,"milligramsPerLiter",2.5,,0,"formatChange","GOOD"
"7810948f-2f10-4c35-acf0-8bbfd6a48798","D05","CRAM","CRAM.AOS.groundwater.well.006","CRAM.W6.20171017.FIL",,"2017-10-17T18:36Z","2017-10-17T18:36Z","EcoCore_CSU","UV Absorbance (250 nm)",0.0211,,2.5,,0,"formatChange","GOOD"
"5760d0b5-239c-48a7-92f6-63539d25be5f","D05","CRAM","CRAM.AOS.groundwater.well.006","CRAM.W6.20171017.FIL",,"2017-10-17T18:36Z","2017-10-17T18:36Z","EcoCore_CSU","K",0.8730,"milligramsPerLiter",2.5,,0,"formatChange","GOOD"
"0d1297a1-8d10-49ba-9b57-1dc83dae00a7","D05","CRAM","CRAM.AOS.groundwater.well.006","CRAM.W6.20171017.FIL",,"2017-10-17T18:36Z","2017-10-17T18:36Z","EcoCore_CSU","Ortho - P",0.0240,"milligramsPerLiter",2.5,,0,"formatChange","GOOD"
"3880501f-d164-43d7-b6c4-625de57f8c9d","D05","CRAM","CRAM.AOS.groundwater.well.006","CRAM.W6.20171017.FIL",,"2017-10-17T18:36Z","2017-10-17T18:36Z","EcoCore_CSU","F",0.0050,"milligramsPerLiter",2.5,,0,"formatChange","GOOD"
"b3404990-526a-4e66-9d47-81908715f931","D05","CRAM","CRAM.AOS.groundwater.well.006","CRAM.W6.20171017.FIL",,"2017-10-17T18:36Z","2017-10-17T18:36Z","EcoCore_CSU","Mg",7.4870,"milligramsPerLiter",2.5,,0,"formatChange","GOOD"
"6ad20596-4cf3-4eb6-a29d-3dab538dfd10","D05","CRAM","CRAM.AOS.groundwater.well.006","CRAM.W6.20171017.RAW",,"2017-10-17T18:36Z","2017-10-17T18:36Z","EcoCore_CSU","conductivity",249.1000,"microsiemensPerCentimeter",2.5,,0,"formatChange","GOOD"
"e406028f-c07b-4a96-95d7-bd0ca8206f81","D05","CRAM","CRAM.AOS.groundwater.well.006","CRAM.W6.20171017.PCN",,"2017-10-17T18:36Z","2017-10-17T18:36Z","EcoCore_CSU","TPC",0.3135,"milligram",2.5,,0,"formatChange","GOOD"
"2638425d-b18d-4cc4-8989-a2b76f6574db","D05","CRAM","CRAM.AOS.groundwater.well.006","CRAM.W6.20171017.FIL",,"2017-10-17T18:36Z","2017-10-17T18:36Z","EcoCore_CSU","Fe",0.0060,"milligramsPerLiter",2.5,,0,"formatChange","GOOD"
"9433e8c5-c266-444a-aeec-e5a1a89e4563","D05","CRAM","CRAM.AOS.groundwater.well.006","CRAM.W6.20171017.FIL",,"2017-10-17T18:36Z","2017-10-17T18:36Z","EcoCore_CSU","NO2 - N",0.0192,"milligramsPerLiter",2.5,,0,"formatChange","GOOD"
"46e1006a-9ead-4dd2-b5f8-8d56413dac19","D05","CRAM","CRAM.AOS.groundwater.well.006","CRAM.W6.20171017.FIL",,"2017-10-17T18:36Z","2017-10-17T18:36Z","EcoCore_CSU","Si",4.1400,"milligramsPerLiter",2.5,,0,"formatChange","GOOD"
"2ceeeffc-48bc-4b78-9c99-c491d8555df3","D05","CRAM","CRAM.AOS.groundwater.well.006","CRAM.W6.20171017.FIL",,"2017-10-17T18:36Z","2017-10-17T18:36Z","EcoCore_CSU","DOC",1.8310,"milligramsPerLiter",2.5,,0,"formatChange","GOOD"
"5047a966-a1f3-42a8-a9f5-b60ce19d9692","D05","CRAM","CRAM.AOS.groundwater.well.006","CRAM.W6.20171017.RAW",,"2017-10-17T18:36Z","2017-10-17T18:36Z","EcoCore_CSU","TSS - Dry Mass",6600.0000,"microgram",2.5,,0,"formatChange","GOOD"
"859f6c33-3f3a-4f8d-90b0-b1574809bccf","D05","CRAM","CRAM.AOS.groundwater.well.006","CRAM.W6.20171017.FIL",,"2017-10-17T18:36Z","2017-10-17T18:36Z","EcoCore_CSU","CO3",0.0050,"milligramsPerLiter",2.5,,0,"formatChange","GOOD"
"226cb45a-8ae0-4b1e-ad16-a98af76d36ab","D05","CRAM","CRAM.AOS.groundwater.well.006","CRAM.W6.20171017.FIL",,"2017-10-17T18:36Z","2017-10-17T18:36Z","EcoCore_CSU","Na",2.3350,"milligramsPerLiter",2.5,,0,"formatChange","GOOD"
"9099baee-9a21-4224-ba7b-171c350ad602","D05","CRAM","CRAM.AOS.groundwater.well.006","CRAM.W6.20171017.FIL",,"2017-10-17T18:36Z","2017-10-17T18:36Z","EcoCore_CSU","Ca",34.6450,"milligramsPerLiter",2.5,,0,"formatChange","GOOD"
"3d508223-0d3e-40dd-b491-28b737337428","D05","CRAM","CRAM.AOS.groundwater.well.006","CRAM.W6.20171017.FIL",,"2017-10-17T18:36Z","2017-10-17T18:36Z","EcoCore_CSU","UV Absorbance (280 nm)",0.0116,,2.5,,0,"formatChange","GOOD"
"c0ad6493-f8f0-48a2-8b79-fa38aebd96e4","D05","CRAM","CRAM.AOS.groundwater.well.006","CRAM.W6.20171017.RAW",,"2017-10-17T18:36Z","2017-10-17T18:36Z","EcoCore_CSU","ANC",2.1500,"milliequivalentsPerLiter",2.5,,0,"formatChange","GOOD"
"f01fd1ae-4791-410c-b465-7ba5d1c642a5","D05","CRAM","CRAM.AOS.groundwater.well.006","CRAM.W6.20171017.FIL",,"2017-10-17T18:36Z","2017-10-17T18:36Z","EcoCore_CSU","TDS",175.7000,"milligramsPerLiter",2.5,,0,"formatChange","GOOD"
"c5455f83-09ac-4051-b9bd-f699a4029dde","D05","CRAM","CRAM.AOS.groundwater.well.006","CRAM.W6.20171017.FIL",,"2017-10-17T18:36Z","2017-10-17T18:36Z","EcoCore_CSU","NH4 - N",0.1202,"milligramsPerLiter",2.5,,0,"formatChange","GOOD"
"f575275c-4d6a-463c-9bfb-092e183a062f","D05","CRAM","CRAM.AOS.groundwater.well.006","CRAM.W6.20171017.RAW",,"2017-10-17T18:36Z","2017-10-17T18:36Z","EcoCore_CSU","pH",7.2500,"pH",2.5,,0,"formatChange","GOOD"
"e29d860f-4c2c-4f46-83e7-8c63ec1455ff","D05","CRAM","CRAM.AOS.groundwater.well.006","CRAM.W6.20171017.PCN",,"2017-10-17T18:36Z","2017-10-17T18:36Z","EcoCore_CSU","TPN",0.0004,"milligram",2.5,,0,"formatChange","GOOD"
"8dd42423-8c92-42e4-9c0b-71edacca2547","D05","CRAM","CRAM.AOS.groundwater.well.006","CRAM.W6.20171017.FIL",,"2017-10-17T18:36Z","2017-10-17T18:36Z","EcoCore_CSU","TDP",0.0100,"milligramsPerLiter",2.5,,0,"formatChange","GOOD"
"b43fc9ac-eb0a-4489-b0cf-ff8af33aa62f","D05","CRAM","CRAM.AOS.groundwater.well.006","CRAM.W6.20171017.RAW",,"2017-10-17T18:36Z","2017-10-17T18:36Z","EcoCore_CSU","TOC",1.5340,"milligramsPerLiter",2.5,,0,"formatChange","GOOD"
"4a48208c-c249-42fa-acc6-7014d4c53759","D05","CRAM","CRAM.AOS.groundwater.well.006","CRAM.W6.20171017.FIL",,"2017-10-17T18:36Z","2017-10-17T18:36Z","EcoCore_CSU","Cl",8.4900,"milligramsPerLiter",2.5,,0,"formatChange","GOOD"
"0a617e02-b25a-433b-913b-2cefe2b1528e","D05","CRAM","CRAM.AOS.groundwater.well.006","CRAM.W6.20171017.RAW",,"2017-10-17T18:36Z","2017-10-17T18:36Z","EcoCore_CSU","TP",0.0760,"milligramsPerLiter",2.5,,0,"formatChange","GOOD"
"374c8658-ee02-430b-a533-75371ed21271","D05","CRAM","CRAM.AOS.groundwater.well.006","CRAM.W6.20171017.FIL",,"2017-10-17T18:36Z","2017-10-17T18:36Z","EcoCore_CSU","Br",0.0050,"milligramsPerLiter",2.5,,0,"formatChange","GOOD"
"d0631d9c-545d-4c4c-b972-0129b2de37ac","D05","CRAM","CRAM.AOS.groundwater.well.006","CRAM.W6.20171017.RAW",,"2017-10-17T18:36Z","2017-10-17T18:36Z","EcoCore_CSU","TSS",132.0000,"milligramsPerLiter",2.5,,0,"formatChange","GOOD"
"822d2f36-0861-4ecc-b468-04d3b4c62c3f","D05","CRAM","CRAM.AOS.groundwater.well.006","CRAM.W6.20171017.FIL",,"2017-10-17T18:36Z","2017-10-17T18:36Z","EcoCore_CSU","DIC",26.5800,"milligramsPerLiter",2.5,,0,"formatChange","GOOD"
"37f93315-f2c8-435c-9cb0-9c77e4e2ad7e","D05","CRAM","CRAM.AOS.groundwater.well.006","CRAM.W6.20171017.FIL",,"2017-10-17T18:36Z","2017-10-17T18:36Z","EcoCore_CSU","TDN",0.1797,"milligramsPerLiter",2.5,,0,"formatChange","GOOD"
"ee2ef8ba-55ef-4bb0-9d49-848e803a7bde","D05","CRAM","CRAM.AOS.groundwater.well.001","CRAM.W1.20171018.FIL",,"2017-10-18T14:22Z","2017-10-18T14:22Z","EcoCore_CSU","CO3",0.0050,"milligramsPerLiter",2.5,,0,"formatChange","GOOD"
"365a8d41-1d2c-40b2-9ce6-08d27f579bdf","D05","CRAM","CRAM.AOS.groundwater.well.001","CRAM.W1.20171018.FIL",,"2017-10-18T14:22Z","2017-10-18T14:22Z","EcoCore_CSU","TDN",0.2671,"milligramsPerLiter",2.5,,0,"formatChange","GOOD"
"5de145cf-7a8b-40d0-a68b-1ca9ba46191a","D05","CRAM","CRAM.AOS.groundwater.well.001","CRAM.W1.20171018.FIL",,"2017-10-18T14:22Z","2017-10-18T14:22Z","EcoCore_CSU","Ortho - P",0.0240,"milligramsPerLiter",2.5,,0,"formatChange","GOOD"
"9aab49a7-e654-4e21-8179-8afd43f6fe8e","D05","CRAM","CRAM.AOS.groundwater.well.001","CRAM.W1.20171018.FIL",,"2017-10-18T14:22Z","2017-10-18T14:22Z","EcoCore_CSU","HCO3",37.4200,"milligramsPerLiter",2.5,,0,"formatChange","GOOD"
"655f8b93-254c-4398-bb26-dd80ec45547f","D05","CRAM","CRAM.AOS.groundwater.well.001","CRAM.W1.20171018.RAW",,"2017-10-18T14:22Z","2017-10-18T14:22Z","EcoCore_CSU","TOC",2.2910,"milligramsPerLiter",2.5,,0,"formatChange","GOOD"
"f345fdd3-f946-4c35-a9b3-3cec031c976a","D05","CRAM","CRAM.AOS.groundwater.well.001","CRAM.W1.20171018.RAW",,"2017-10-18T14:22Z","2017-10-18T14:22Z","EcoCore_CSU","TN",0.2018,"milligramsPerLiter",2.5,,0,"formatChange","GOOD"
"f068754f-f753-464a-b91d-18d5b090fa96","D05","CRAM","CRAM.AOS.groundwater.well.001","CRAM.W1.20171018.FIL",,"2017-10-18T14:22Z","2017-10-18T14:22Z","EcoCore_CSU","UV Absorbance (280 nm)",0.0372,,2.5,,0,"formatChange","GOOD"
"62c88f13-c9a0-4e7c-80f9-5c48ee1d16a2","D05","CRAM","CRAM.AOS.groundwater.well.001","CRAM.W1.20171018.RAW",,"2017-10-18T14:22Z","2017-10-18T14:22Z","EcoCore_CSU","TP",0.0950,"milligramsPerLiter",2.5,,0,"formatChange","GOOD"
"32320721-2ec3-453e-9ffe-a70224ca2952","D05","CRAM","CRAM.AOS.groundwater.well.001","CRAM.W1.20171018.FIL",,"2017-10-18T14:22Z","2017-10-18T14:22Z","EcoCore_CSU","NH4 - N",0.1302,"milligramsPerLiter",2.5,,0,"formatChange","GOOD"
"acd8e28f-be30-483b-95d7-e4bbb7fbe904","D05","CRAM","CRAM.AOS.groundwater.well.001","CRAM.W1.20171018.FIL",,"2017-10-18T14:22Z","2017-10-18T14:22Z","EcoCore_CSU","DIC",8.8390,"milligramsPerLiter",2.5,,0,"formatChange","GOOD"
"28d23bb0-ab22-461d-b5e3-4bba79e189b8","D05","CRAM","CRAM.AOS.groundwater.well.001","CRAM.W1.20171018.PCN",,"2017-10-18T14:22Z","2017-10-18T14:22Z","EcoCore_CSU","TPN",0.0873,"milligram",2.5,,0,"formatChange","GOOD"
"9ef6b14e-67fd-4701-b24a-21b0e90465c4","D05","CRAM","CRAM.AOS.groundwater.well.001","CRAM.W1.20171018.FIL",,"2017-10-18T14:22Z","2017-10-18T14:22Z","EcoCore_CSU","Br",0.0050,"milligramsPerLiter",2.5,,0,"formatChange","GOOD"
"d7ed4ebb-2991-435b-ac4a-ecd13a9d06f4","D05","CRAM","CRAM.AOS.groundwater.well.001","CRAM.W1.20171018.RAW",,"2017-10-18T14:22Z","2017-10-18T14:22Z","EcoCore_CSU","pH",7.2700,"pH",2.5,,0,"formatChange","GOOD"
"c35973a7-9adc-4c45-a6a0-894ff5d63168","D05","CRAM","CRAM.AOS.groundwater.well.001","CRAM.W1.20171018.RAW",,"2017-10-18T14:22Z","2017-10-18T14:22Z","EcoCore_CSU","conductivity",88.5000,"microsiemensPerCentimeter",2.5,,0,"formatChange","GOOD"
"d85404ab-5a8c-4808-a231-435745ef009e","D05","CRAM","CRAM.AOS.groundwater.well.001","CRAM.W1.20171018.FIL",,"2017-10-18T14:22Z","2017-10-18T14:22Z","EcoCore_CSU","UV Absorbance (250 nm)",0.0561,,2.5,,0,"formatChange","GOOD"
"0166fa12-377d-4265-af8c-722076be230d","D05","CRAM","CRAM.AOS.groundwater.well.001","CRAM.W1.20171018.RAW",,"2017-10-18T14:22Z","2017-10-18T14:22Z","EcoCore_CSU","TSS",50.0000,"milligramsPerLiter",2.5,,0,"formatChange","GOOD"
"3f7cf36e-73d7-455d-bacc-c87ef71e8d47","D05","CRAM","CRAM.AOS.groundwater.well.001","CRAM.W1.20171018.RAW",,"2017-10-18T14:22Z","2017-10-18T14:22Z","EcoCore_CSU","ANC",0.7200,"milliequivalentsPerLiter",2.5,,0,"formatChange","GOOD"
"e9de45f8-b776-4ed0-ab35-deaf30c8198f","D05","CRAM","CRAM.AOS.groundwater.well.001","CRAM.W1.20171018.FIL",,"2017-10-18T14:22Z","2017-10-18T14:22Z","EcoCore_CSU","K",0.5980,"milligramsPerLiter",2.5,,0,"formatChange","GOOD"
"73cd6ce6-e087-490b-a4f3-5b25d2c8bd9a","D05","CRAM","CRAM.AOS.groundwater.well.001","CRAM.W1.20171018.FIL",,"2017-10-18T14:22Z","2017-10-18T14:22Z","EcoCore_CSU","Si",3.2200,"milligramsPerLiter",2.5,,0,"formatChange","GOOD"
"6ab4775d-e393-4381-9c60-e34276d7197e","D05","CRAM","CRAM.AOS.groundwater.well.001","CRAM.W1.20171018.FIL",,"2017-10-18T14:22Z","2017-10-18T14:22Z","EcoCore_CSU","Ca",10.7960,"milligramsPerLiter",2.5,,0,"formatChange","GOOD"
"d3b21178-66a1-42ad-abb7-1966afe0e92e","D05","CRAM","CRAM.AOS.groundwater.well.001","CRAM.W1.20171018.RAW",,"2017-10-18T14:22Z","2017-10-18T14:22Z","EcoCore_CSU","TSS - Dry Mass",2500.0000,"microgram",2.5,,0,"formatChange","GOOD"
"f6c94f26-0a2b-4db7-84c6-91e00b95b1cc","D05","CRAM","CRAM.AOS.groundwater.well.001","CRAM.W1.20171018.FIL",,"2017-10-18T14:22Z","2017-10-18T14:22Z","EcoCore_CSU","Na",1.3820,"milligramsPerLiter",2.5,,0,"formatChange","GOOD"
"335e4b60-8ea5-42f1-9575-744f9d238fc7","D05","CRAM","CRAM.AOS.groundwater.well.001","CRAM.W1.20171018.FIL",,"2017-10-18T14:22Z","2017-10-18T14:22Z","EcoCore_CSU","F",0.0050,"milligramsPerLiter",2.5,,0,"formatChange","GOOD"
"c7683aee-8962-4cab-b4bb-50fab4b8068d","D05","CRAM","CRAM.AOS.groundwater.well.001","CRAM.W1.20171018.PCN",,"2017-10-18T14:22Z","2017-10-18T14:22Z","EcoCore_CSU","TPC",0.2812,"milligram",2.5,,0,"formatChange","GOOD"
"9c713620-79e1-4538-a221-a146ba451472","D05","CRAM","CRAM.AOS.groundwater.well.001","CRAM.W1.20171018.FIL",,"2017-10-18T14:22Z","2017-10-18T14:22Z","EcoCore_CSU","Mn",0.0130,"milligramsPerLiter",2.5,,0,"formatChange","GOOD"
"e9b3d15d-eb20-4eee-a6e9-059e104e72d6","D05","CRAM","CRAM.AOS.groundwater.well.001","CRAM.W1.20171018.FIL",,"2017-10-18T14:22Z","2017-10-18T14:22Z","EcoCore_CSU","Mg",2.8810,"milligramsPerLiter",2.5,,0,"formatChange","GOOD"
"81138612-e793-4fc2-8536-a4cdc2392c2b","D05","CRAM","CRAM.AOS.groundwater.well.001","CRAM.W1.20171018.FIL",,"2017-10-18T14:22Z","2017-10-18T14:22Z","EcoCore_CSU","NO2 - N",0.0190,"milligramsPerLiter",2.5,,0,"formatChange","GOOD"
"b68f2f70-8afd-4880-9541-e822d98af80a","D05","CRAM","CRAM.AOS.groundwater.well.001","CRAM.W1.20171018.FIL",,"2017-10-18T14:22Z","2017-10-18T14:22Z","EcoCore_CSU","NO3+NO2 - N",0.0714,"milligramsPerLiter",2.5,,0,"formatChange","GOOD"
"44bb88b2-a293-4ab0-8952-08ae000d8698","D05","CRAM","CRAM.AOS.groundwater.well.001","CRAM.W1.20171018.FIL",,"2017-10-18T14:22Z","2017-10-18T14:22Z","EcoCore_CSU","Cl",6.9800,"milligramsPerLiter",2.5,,0,"formatChange","GOOD"
"7706d4c3-e9d8-4d0a-81c9-83df1989979f","D05","CRAM","CRAM.AOS.groundwater.well.001","CRAM.W1.20171018.FIL",,"2017-10-18T14:22Z","2017-10-18T14:22Z","EcoCore_CSU","TDS",62.3000,"milligramsPerLiter",2.5,,0,"formatChange","GOOD"
"08b43d50-079f-40e5-aa9c-bbd0fc2ea2e3","D05","CRAM","CRAM.AOS.groundwater.well.001","CRAM.W1.20171018.FIL",,"2017-10-18T14:22Z","2017-10-18T14:22Z","EcoCore_CSU","Fe",0.0430,"milligramsPerLiter",2.5,,0,"formatChange","GOOD"
"c0913c2e-cbc5-46c2-8e6d-e1c501413356","D05","CRAM","CRAM.AOS.groundwater.well.001","CRAM.W1.20171018.FIL",,"2017-10-18T14:22Z","2017-10-18T14:22Z","EcoCore_CSU","SO4",2.3800,"milligramsPerLiter",2.5,,0,"formatChange","GOOD"
"c02b5539-3568-4fea-9a12-19047457ce44","D05","CRAM","CRAM.AOS.groundwater.well.001","CRAM.W1.20171018.FIL",,"2017-10-18T14:22Z","2017-10-18T14:22Z","EcoCore_CSU","TDP",0.0120,"milligramsPerLiter",2.5,,0,"formatChange","GOOD"
"c8f6b6a4-a781-41fb-ae48-a154f4c970c2","D05","CRAM","CRAM.AOS.groundwater.well.001","CRAM.W1.20171018.FIL",,"2017-10-18T14:22Z","2017-10-18T14:22Z","EcoCore_CSU","DOC",2.6330,"milligramsPerLiter",2.5,,0,"formatChange","GOOD"
