uid,domainID,siteID,namedLocation,decimalLatitude,decimalLongitude,coordinateUncertainty,elevation,elevationUncertainty,geodeticDatum,collectDate,aquaticSiteType,samplingImpractical,waterChemSamplesCollected,adequateSampleVol,parentSampleID,eventID,swcSamplingProtocolVersion,sampleExtractionMethod,samplerType,totalWellDepth,wellWaterDepth,waterColumnHeight,sampleDepth,purgeAverageDischargeRate,purgeTime,gwWellStabilized,purgeDryDateTime,pumpPlacementDate,screenedIntervalDepth,maxAllowableDrawdown,actualDrawdown,MADExceeded,wellVolumePurged,probeIDUnavailable,dissolvedOxygen,dissolvedOxygenSaturation,specificConductance,waterTemp,pH,waterClarityDescrip,waterColorDescrip,aCollectedBy,bCollectedBy,remarks
"79a5f29e-e47d-4600-8476-73acae155568","D15","REDB","REDB.AOS.groundwater.well.003",40.784630,-111.795470,0.2,1708.3,0.0,"WGS84","2020-04-13T15:00Z","stream","logistical",,"N","REDB.W3.20200413","REDB.20200413","NEON.DOC.002905vG",,,,,,,,,,,,,,,,,,,,,,,,,"0000-0003-0371-727X","0000-0003-0371-727X","COVID19"
"b1d253af-f8b6-47d4-89bd-a79955116fbf","D15","REDB","REDB.AOS.groundwater.well.002",40.784780,-111.795530,0.2,1709.0,0.0,"WGS84","2020-04-13T15:00Z","stream","logistical",,"N","REDB.W2.20200413","REDB.20200413","NEON.DOC.002905vG",,,,,,,,,,,,,,,,,,,,,,,,,"0000-0003-0371-727X","0000-0003-0371-727X","COVID19"
"4897a6f3-ccbc-4845-9f31-eff33bebf900","D15","REDB","REDB.AOS.groundwater.well.005",40.783760,-111.797980,0.1,1694.7,0.0,"WGS84","2020-04-14T15:00Z","stream","logistical",,"N","REDB.W5.20200414","REDB.20200414","NEON.DOC.002905vG",,,,,,,,,,,,,,,,,,,,,,,,,"0000-0003-0371-727X","0000-0003-0371-727X","COVID19"
"83b70c84-be57-4b6e-b965-6658eb1a6eaa","D15","REDB","REDB.AOS.groundwater.well.004",40.783800,-111.797840,0.1,1695.8,0.0,"WGS84","2020-04-14T15:00Z","stream","logistical",,"N","REDB.W4.20200414","REDB.20200414","NEON.DOC.002905vG",,,,,,,,,,,,,,,,,,,,,,,,,"0000-0003-0371-727X","0000-0003-0371-727X","COVID19"
