uid,domainID,siteID,namedLocation,collectDate,parentSampleID,sampleCondition,sampleID,replicateNumber,gwwDICBubbleFree,gwwFiltSampleHeadspace,gwwAlkSampleHeadspace,gwwAlkSampleBubbleFree,processedDate,processedDateFilters,sampleVolumeFiltered,shipmentTimeRange
"f46a1d67-fa37-4684-ba0d-dd0e767b0626","D06","MCDI","MCDI.AOS.groundwater.well.002","2019-06-20T15:05Z","MCDI.W2.20190620","Sample condition ok","MCDI.W2.20190620",1,,,,,"2019-06-20T15:20Z","2019-06-20T15:17Z",100.0,
"c14703e8-afcb-4b5b-ab31-68c27fcd2b86","D06","MCDI","MCDI.AOS.groundwater.well.006","2019-06-20T16:14Z","MCDI.W6.20190620","Sample condition ok","MCDI.W6.20190620",1,,,,,"2019-06-20T16:20Z","2019-06-20T16:25Z",750.0,
"5328230b-3933-4d8d-9c3a-cf3316d4b733","D06","MCDI","MCDI.AOS.groundwater.well.005","2019-06-20T17:40Z","MCDI.W5.20190620","Sample condition ok","MCDI.W5.20190620",1,,,,,"2019-06-20T17:55Z","2019-06-20T17:55Z",630.0,
"e0ee26d6-52e5-432c-bbbd-1c6d24467473","D06","MCDI","MCDI.AOS.groundwater.well.004","2019-06-20T19:15Z","MCDI.W4.20190620","Sample condition ok","MCDI.W4.20190620",1,,,,,"2019-06-20T19:30Z","2019-06-20T19:25Z",2000.0,
