uid,domainID,siteID,namedLocation,sampleID,sampleCode,startDate,collectDate,laboratoryName,analyte,analyteConcentration,analyteUnits,coolerTemp,remarks,shipmentWarmQF,externalLabDataQF,sampleCondition
"8787ef05-e2ce-4058-a933-e4ebc38bfead","D06","MCDI","MCDI.AOS.groundwater.well.002","MCDI.W2.20190620.FIL","A00000043145","2019-06-20T15:05Z","2019-06-20T15:05Z","EcoCore_CSU","DOC",,"milligramsPerLiter",-0.5,"Unknown reason for no analyte concentration as a result of external lab data format change",0,"formatChange","Other"
"ba14adcd-5b89-4e99-b151-504ba49d7940","D06","MCDI","MCDI.AOS.groundwater.well.002","MCDI.W2.20190620.RAW","A00000043144","2019-06-20T15:05Z","2019-06-20T15:05Z","EcoCore_CSU","TSS - Dry Mass",7100.0000,"microgram",-0.5,,0,"formatChange","GOOD"
"a4d73697-50f2-4639-8edf-fd1087d9250f","D06","MCDI","MCDI.AOS.groundwater.well.002","MCDI.W2.20190620.FIL","A00000043145","2019-06-20T15:05Z","2019-06-20T15:05Z","EcoCore_CSU","TDN",,"milligramsPerLiter",-0.5,"Unknown reason for no analyte concentration as a result of external lab data format change",0,"formatChange","Other"
"bf3d248d-0358-4d65-8e44-49193d655bc4","D06","MCDI","MCDI.AOS.groundwater.well.002","MCDI.W2.20190620.FIL","A00000043145","2019-06-20T15:05Z","2019-06-20T15:05Z","EcoCore_CSU","Cl",,"milligramsPerLiter",-0.5,"Unknown reason for no analyte concentration as a result of external lab data format change",0,"formatChange","Other"
"715024c3-fa1f-4a8a-905d-3d7630eb67a2","D06","MCDI","MCDI.AOS.groundwater.well.002","MCDI.W2.20190620.FIL","A00000043145","2019-06-20T15:05Z","2019-06-20T15:05Z","EcoCore_CSU","F",,"milligramsPerLiter",-0.5,"Unknown reason for no analyte concentration as a result of external lab data format change",0,"formatChange","Other"
"647f96b7-5ad7-44a0-a612-832d3db77ab1","D06","MCDI","MCDI.AOS.groundwater.well.002","MCDI.W2.20190620.RAW","A00000043144","2019-06-20T15:05Z","2019-06-20T15:05Z","EcoCore_CSU","TN",4.4190,"milligramsPerLiter",-0.5,,0,"formatChange","GOOD"
"2f87f89c-1f63-48ee-8ba9-9261b0ef8b80","D06","MCDI","MCDI.AOS.groundwater.well.002","MCDI.W2.20190620.FIL","A00000043145","2019-06-20T15:05Z","2019-06-20T15:05Z","EcoCore_CSU","NO2 - N",,"milligramsPerLiter",-0.5,"Unknown reason for no analyte concentration as a result of external lab data format change",0,"formatChange","Other"
"261a5056-e964-4441-b46c-819408135858","D06","MCDI","MCDI.AOS.groundwater.well.002","MCDI.W2.20190620.RAW","A00000043144","2019-06-20T15:05Z","2019-06-20T15:05Z","EcoCore_CSU","pH",7.1000,"pH",-0.5,,0,"formatChange","GOOD"
"db5793cc-a56b-4fdf-b8c9-00f914bb1670","D06","MCDI","MCDI.AOS.groundwater.well.002","MCDI.W2.20190620.FIL","A00000043145","2019-06-20T15:05Z","2019-06-20T15:05Z","EcoCore_CSU","TDP",,"milligramsPerLiter",-0.5,"Unknown reason for no analyte concentration as a result of external lab data format change",0,"formatChange","Other"
"e392ef64-1927-4ec5-840e-a40373299f38","D06","MCDI","MCDI.AOS.groundwater.well.002","MCDI.W2.20190620.RAW","A00000043144","2019-06-20T15:05Z","2019-06-20T15:05Z","EcoCore_CSU","TOC",1.0940,"milligramsPerLiter",-0.5,,0,"formatChange","GOOD"
"bc02ee29-3ad7-4e8b-84ae-3d677f16af69","D06","MCDI","MCDI.AOS.groundwater.well.002","MCDI.W2.20190620.FIL","A00000043145","2019-06-20T15:05Z","2019-06-20T15:05Z","EcoCore_CSU","CO3",,"milligramsPerLiter",-0.5,"Unknown reason for no analyte concentration as a result of external lab data format change",0,"formatChange","Other"
"68bad0a8-5bdd-45dc-acb4-3abe19e657e1","D06","MCDI","MCDI.AOS.groundwater.well.002","MCDI.W2.20190620.FIL","A00000043145","2019-06-20T15:05Z","2019-06-20T15:05Z","EcoCore_CSU","TDS",380.1500,"milligramsPerLiter",-0.5,,0,"formatChange","GOOD"
"fd3c426b-351e-43db-b7dc-451e206de829","D06","MCDI","MCDI.AOS.groundwater.well.002","MCDI.W2.20190620.RAW","A00000043144","2019-06-20T15:05Z","2019-06-20T15:05Z","EcoCore_CSU","ANC",3.9800,"milliequivalentsPerLiter",-0.5,,0,"formatChange","GOOD"
"7a646e47-fbaa-4c4c-89a1-ec0604376f8c","D06","MCDI","MCDI.AOS.groundwater.well.002","MCDI.W2.20190620.FIL","A00000043145","2019-06-20T15:05Z","2019-06-20T15:05Z","EcoCore_CSU","Na",,"milligramsPerLiter",-0.5,"Unknown reason for no analyte concentration as a result of external lab data format change",0,"formatChange","Other"
"b39714da-561c-454b-a788-be50ec8345fb","D06","MCDI","MCDI.AOS.groundwater.well.002","MCDI.W2.20190620.FIL","A00000043145","2019-06-20T15:05Z","2019-06-20T15:05Z","EcoCore_CSU","DIC",,"milligramsPerLiter",-0.5,"Unknown reason for no analyte concentration as a result of external lab data format change",0,"formatChange","Other"
"1e4fe8f1-e32d-44be-879e-bd1a796852ba","D06","MCDI","MCDI.AOS.groundwater.well.002","MCDI.W2.20190620.PCN","A00000043146","2019-06-20T15:05Z","2019-06-20T15:05Z","EcoCore_CSU","TPC",0.2714,"milligram",-0.5,,0,"formatChange","GOOD"
"d5794ec5-481d-4c5c-9d6b-ba8d8f47b6aa","D06","MCDI","MCDI.AOS.groundwater.well.002","MCDI.W2.20190620.FIL","A00000043145","2019-06-20T15:05Z","2019-06-20T15:05Z","EcoCore_CSU","K",,"milligramsPerLiter",-0.5,"Unknown reason for no analyte concentration as a result of external lab data format change",0,"formatChange","Other"
"ae6117a5-5e59-4252-b928-41de2c6dbfdd","D06","MCDI","MCDI.AOS.groundwater.well.002","MCDI.W2.20190620.FIL","A00000043145","2019-06-20T15:05Z","2019-06-20T15:05Z","EcoCore_CSU","NO3+NO2 - N",,"milligramsPerLiter",-0.5,"Unknown reason for no analyte concentration as a result of external lab data format change",0,"formatChange","Other"
"76c8efc3-b50f-4883-b2d6-190e227e1106","D06","MCDI","MCDI.AOS.groundwater.well.002","MCDI.W2.20190620.FIL","A00000043145","2019-06-20T15:05Z","2019-06-20T15:05Z","EcoCore_CSU","Br",,"milligramsPerLiter",-0.5,"Unknown reason for no analyte concentration as a result of external lab data format change",0,"formatChange","Other"
"35d98067-9456-4a96-9b2a-c936b0494c57","D06","MCDI","MCDI.AOS.groundwater.well.002","MCDI.W2.20190620.FIL","A00000043145","2019-06-20T15:05Z","2019-06-20T15:05Z","EcoCore_CSU","Ca",,"milligramsPerLiter",-0.5,"Unknown reason for no analyte concentration as a result of external lab data format change",0,"formatChange","Other"
"43583059-b55b-4392-81b7-90e3095f0694","D06","MCDI","MCDI.AOS.groundwater.well.002","MCDI.W2.20190620.FIL","A00000043145","2019-06-20T15:05Z","2019-06-20T15:05Z","EcoCore_CSU","Si",,"milligramsPerLiter",-0.5,"Unknown reason for no analyte concentration as a result of external lab data format change",0,"formatChange","Other"
"6c5a1473-81d9-43a0-a2d1-dded1c0f9a74","D06","MCDI","MCDI.AOS.groundwater.well.002","MCDI.W2.20190620.FIL","A00000043145","2019-06-20T15:05Z","2019-06-20T15:05Z","EcoCore_CSU","Mn",,"milligramsPerLiter",-0.5,"Unknown reason for no analyte concentration as a result of external lab data format change",0,"formatChange","Other"
"8b3a4e2d-e1ea-4cd8-b646-d0afa1200b6e","D06","MCDI","MCDI.AOS.groundwater.well.002","MCDI.W2.20190620.RAW","A00000043144","2019-06-20T15:05Z","2019-06-20T15:05Z","EcoCore_CSU","TP",0.2872,"milligramsPerLiter",-0.5,,0,"formatChange","GOOD"
"e45ab0aa-130e-457e-8bfd-4f95b5691fb6","D06","MCDI","MCDI.AOS.groundwater.well.002","MCDI.W2.20190620.FIL","A00000043145","2019-06-20T15:05Z","2019-06-20T15:05Z","EcoCore_CSU","Mg",,"milligramsPerLiter",-0.5,"Unknown reason for no analyte concentration as a result of external lab data format change",0,"formatChange","Other"
"845fa207-065d-4dfe-bc01-1c80198d1a91","D06","MCDI","MCDI.AOS.groundwater.well.002","MCDI.W2.20190620.FIL","A00000043145","2019-06-20T15:05Z","2019-06-20T15:05Z","EcoCore_CSU","NH4 - N",,"milligramsPerLiter",-0.5,"Unknown reason for no analyte concentration as a result of external lab data format change",0,"formatChange","Other"
"fb672214-ea85-456a-b731-3c17c53135db","D06","MCDI","MCDI.AOS.groundwater.well.002","MCDI.W2.20190620.RAW","A00000043144","2019-06-20T15:05Z","2019-06-20T15:05Z","EcoCore_CSU","TSS",142.0000,"milligramsPerLiter",-0.5,,0,"formatChange","GOOD"
"5b130088-256a-415a-ab65-e0241fe9bb04","D06","MCDI","MCDI.AOS.groundwater.well.002","MCDI.W2.20190620.FIL","A00000043145","2019-06-20T15:05Z","2019-06-20T15:05Z","EcoCore_CSU","Ortho - P",,"milligramsPerLiter",-0.5,"Unknown reason for no analyte concentration as a result of external lab data format change",0,"formatChange","Other"
"e6d825aa-70bd-4429-8365-fb05da5364b3","D06","MCDI","MCDI.AOS.groundwater.well.002","MCDI.W2.20190620.FIL","A00000043145","2019-06-20T15:05Z","2019-06-20T15:05Z","EcoCore_CSU","UV Absorbance (280 nm)",,,-0.5,"Unknown reason for no analyte concentration as a result of external lab data format change",0,"formatChange","Other"
"b00e2e9c-fdd8-4326-9591-760123ffbfcf","D06","MCDI","MCDI.AOS.groundwater.well.002","MCDI.W2.20190620.PCN","A00000043146","2019-06-20T15:05Z","2019-06-20T15:05Z","EcoCore_CSU","TPN",0.1081,"milligram",-0.5,,0,"formatChange","GOOD"
"ed7930f9-0d09-491f-8382-4ab4c68a2284","D06","MCDI","MCDI.AOS.groundwater.well.002","MCDI.W2.20190620.RAW","A00000043144","2019-06-20T15:05Z","2019-06-20T15:05Z","EcoCore_CSU","conductivity",542.3000,"microsiemensPerCentimeter",-0.5,,0,"formatChange","GOOD"
"a2fd215a-cfca-4ed9-a0de-3537fb9a67cf","D06","MCDI","MCDI.AOS.groundwater.well.002","MCDI.W2.20190620.FIL","A00000043145","2019-06-20T15:05Z","2019-06-20T15:05Z","EcoCore_CSU","Fe",,"milligramsPerLiter",-0.5,"Unknown reason for no analyte concentration as a result of external lab data format change",0,"formatChange","Other"
"36ed29ff-d2bc-4576-9ab4-0715b9473842","D06","MCDI","MCDI.AOS.groundwater.well.002","MCDI.W2.20190620.FIL","A00000043145","2019-06-20T15:05Z","2019-06-20T15:05Z","EcoCore_CSU","SO4",,"milligramsPerLiter",-0.5,"Unknown reason for no analyte concentration as a result of external lab data format change",0,"formatChange","Other"
"90571b13-ff70-46ef-ae87-b34efbe6770e","D06","MCDI","MCDI.AOS.groundwater.well.002","MCDI.W2.20190620.FIL","A00000043145","2019-06-20T15:05Z","2019-06-20T15:05Z","EcoCore_CSU","HCO3",,"milligramsPerLiter",-0.5,"Unknown reason for no analyte concentration as a result of external lab data format change",0,"formatChange","Other"
"f6202501-8aca-44bd-afce-8f5866990889","D06","MCDI","MCDI.AOS.groundwater.well.002","MCDI.W2.20190620.FIL","A00000043145","2019-06-20T15:05Z","2019-06-20T15:05Z","EcoCore_CSU","UV Absorbance (250 nm)",,,-0.5,"Unknown reason for no analyte concentration as a result of external lab data format change",0,"formatChange","Other"
"bd70cce9-0a26-4f94-aa96-a98ab482f809","D06","MCDI","MCDI.AOS.groundwater.well.006","MCDI.W6.20190620.RAW","A00000043140","2019-06-20T16:14Z","2019-06-20T16:14Z","EcoCore_CSU","pH",7.0100,"pH",-0.5,,0,"formatChange","GOOD"
"ad7e8ee6-2c38-4cbb-839f-0d3e236f4a31","D06","MCDI","MCDI.AOS.groundwater.well.006","MCDI.W6.20190620.PCN","A00000043142","2019-06-20T16:14Z","2019-06-20T16:14Z","EcoCore_CSU","TPN",0.1264,"milligram",-0.5,,0,"formatChange","GOOD"
"3a4cef97-7f34-4621-8077-1a54d2a9314d","D06","MCDI","MCDI.AOS.groundwater.well.006","MCDI.W6.20190620.FIL","A00000043141","2019-06-20T16:14Z","2019-06-20T16:14Z","EcoCore_CSU","CO3",,"milligramsPerLiter",-0.5,"Unknown reason for no analyte concentration as a result of external lab data format change",0,"formatChange","Other"
"986b2a4a-1f9d-4dd6-aae2-aa9ec0a43420","D06","MCDI","MCDI.AOS.groundwater.well.006","MCDI.W6.20190620.FIL","A00000043141","2019-06-20T16:14Z","2019-06-20T16:14Z","EcoCore_CSU","Si",,"milligramsPerLiter",-0.5,"Unknown reason for no analyte concentration as a result of external lab data format change",0,"formatChange","Other"
"8514064b-edbd-4d0f-a296-2fd47c0cfc88","D06","MCDI","MCDI.AOS.groundwater.well.006","MCDI.W6.20190620.FIL","A00000043141","2019-06-20T16:14Z","2019-06-20T16:14Z","EcoCore_CSU","Ca",,"milligramsPerLiter",-0.5,"Unknown reason for no analyte concentration as a result of external lab data format change",0,"formatChange","Other"
"c5f0a2f7-0538-4eb1-be91-a8ef73be567e","D06","MCDI","MCDI.AOS.groundwater.well.006","MCDI.W6.20190620.RAW","A00000043140","2019-06-20T16:14Z","2019-06-20T16:14Z","EcoCore_CSU","TP",0.0667,"milligramsPerLiter",-0.5,,0,"formatChange","GOOD"
"63506771-fe29-40ae-bdca-b1391d314e29","D06","MCDI","MCDI.AOS.groundwater.well.006","MCDI.W6.20190620.FIL","A00000043141","2019-06-20T16:14Z","2019-06-20T16:14Z","EcoCore_CSU","Ortho - P",,"milligramsPerLiter",-0.5,"Unknown reason for no analyte concentration as a result of external lab data format change",0,"formatChange","Other"
"b9a5d2ae-87e1-4fce-9d64-c9768ff1115e","D06","MCDI","MCDI.AOS.groundwater.well.006","MCDI.W6.20190620.FIL","A00000043141","2019-06-20T16:14Z","2019-06-20T16:14Z","EcoCore_CSU","Br",,"milligramsPerLiter",-0.5,"Unknown reason for no analyte concentration as a result of external lab data format change",0,"formatChange","Other"
"42aa9711-1705-4cce-a75c-26ac443372b2","D06","MCDI","MCDI.AOS.groundwater.well.006","MCDI.W6.20190620.FIL","A00000043141","2019-06-20T16:14Z","2019-06-20T16:14Z","EcoCore_CSU","F",,"milligramsPerLiter",-0.5,"Unknown reason for no analyte concentration as a result of external lab data format change",0,"formatChange","Other"
"0ed3b64b-39c8-49b1-956d-5163c4a1ddd0","D06","MCDI","MCDI.AOS.groundwater.well.006","MCDI.W6.20190620.PCN","A00000043142","2019-06-20T16:14Z","2019-06-20T16:14Z","EcoCore_CSU","TPC",0.2743,"milligram",-0.5,,0,"formatChange","GOOD"
"f5cebe14-44cc-4e98-9108-2410f468eafc","D06","MCDI","MCDI.AOS.groundwater.well.006","MCDI.W6.20190620.RAW","A00000043140","2019-06-20T16:14Z","2019-06-20T16:14Z","EcoCore_CSU","TSS - Dry Mass",1100.0000,"microgram",-0.5,,0,"formatChange","GOOD"
"e24f440b-2c8f-4203-ab7c-a6f75a72385c","D06","MCDI","MCDI.AOS.groundwater.well.006","MCDI.W6.20190620.RAW","A00000043140","2019-06-20T16:14Z","2019-06-20T16:14Z","EcoCore_CSU","TOC",1.2460,"milligramsPerLiter",-0.5,,0,"formatChange","GOOD"
"ef93cf9b-7b79-4e21-96c4-585d20d5b1e2","D06","MCDI","MCDI.AOS.groundwater.well.006","MCDI.W6.20190620.FIL","A00000043141","2019-06-20T16:14Z","2019-06-20T16:14Z","EcoCore_CSU","Fe",,"milligramsPerLiter",-0.5,"Unknown reason for no analyte concentration as a result of external lab data format change",0,"formatChange","Other"
"4f60a0c9-0871-4069-a211-e8f1ead3ca6d","D06","MCDI","MCDI.AOS.groundwater.well.006","MCDI.W6.20190620.FIL","A00000043141","2019-06-20T16:14Z","2019-06-20T16:14Z","EcoCore_CSU","TDN",,"milligramsPerLiter",-0.5,"Unknown reason for no analyte concentration as a result of external lab data format change",0,"formatChange","Other"
"c5fe06f5-8371-4cd6-abd0-90a506fe535f","D06","MCDI","MCDI.AOS.groundwater.well.006","MCDI.W6.20190620.FIL","A00000043141","2019-06-20T16:14Z","2019-06-20T16:14Z","EcoCore_CSU","TDP",,"milligramsPerLiter",-0.5,"Unknown reason for no analyte concentration as a result of external lab data format change",0,"formatChange","Other"
"27aeddfb-5fa7-4b97-8565-19c4b672d4ad","D06","MCDI","MCDI.AOS.groundwater.well.006","MCDI.W6.20190620.FIL","A00000043141","2019-06-20T16:14Z","2019-06-20T16:14Z","EcoCore_CSU","Mg",,"milligramsPerLiter",-0.5,"Unknown reason for no analyte concentration as a result of external lab data format change",0,"formatChange","Other"
"f3f4e9d9-00a3-41ea-b27c-be7b561e81e1","D06","MCDI","MCDI.AOS.groundwater.well.006","MCDI.W6.20190620.FIL","A00000043141","2019-06-20T16:14Z","2019-06-20T16:14Z","EcoCore_CSU","SO4",,"milligramsPerLiter",-0.5,"Unknown reason for no analyte concentration as a result of external lab data format change",0,"formatChange","Other"
"ec152dcd-7f47-4a1b-9595-a6013eac62d2","D06","MCDI","MCDI.AOS.groundwater.well.006","MCDI.W6.20190620.FIL","A00000043141","2019-06-20T16:14Z","2019-06-20T16:14Z","EcoCore_CSU","TDS",465.2900,"milligramsPerLiter",-0.5,,0,"formatChange","GOOD"
"891f8d1f-01af-4380-9dc6-61f6857f3e0a","D06","MCDI","MCDI.AOS.groundwater.well.006","MCDI.W6.20190620.FIL","A00000043141","2019-06-20T16:14Z","2019-06-20T16:14Z","EcoCore_CSU","NH4 - N",,"milligramsPerLiter",-0.5,"Unknown reason for no analyte concentration as a result of external lab data format change",0,"formatChange","Other"
"e32be043-7d5d-4006-94ca-22dc41a2246e","D06","MCDI","MCDI.AOS.groundwater.well.006","MCDI.W6.20190620.FIL","A00000043141","2019-06-20T16:14Z","2019-06-20T16:14Z","EcoCore_CSU","UV Absorbance (250 nm)",,,-0.5,"Unknown reason for no analyte concentration as a result of external lab data format change",0,"formatChange","Other"
"7336e422-3c16-437c-87a0-498213d55e0f","D06","MCDI","MCDI.AOS.groundwater.well.006","MCDI.W6.20190620.FIL","A00000043141","2019-06-20T16:14Z","2019-06-20T16:14Z","EcoCore_CSU","Na",,"milligramsPerLiter",-0.5,"Unknown reason for no analyte concentration as a result of external lab data format change",0,"formatChange","Other"
"ac77089a-a245-449d-8b20-8ef604bb7b55","D06","MCDI","MCDI.AOS.groundwater.well.006","MCDI.W6.20190620.FIL","A00000043141","2019-06-20T16:14Z","2019-06-20T16:14Z","EcoCore_CSU","Mn",,"milligramsPerLiter",-0.5,"Unknown reason for no analyte concentration as a result of external lab data format change",0,"formatChange","Other"
"4254bdaa-ed35-4113-b7a7-a0fd72872fd4","D06","MCDI","MCDI.AOS.groundwater.well.006","MCDI.W6.20190620.FIL","A00000043141","2019-06-20T16:14Z","2019-06-20T16:14Z","EcoCore_CSU","DOC",,"milligramsPerLiter",-0.5,"Unknown reason for no analyte concentration as a result of external lab data format change",0,"formatChange","Other"
"983e510a-e265-4ece-aac6-b6ec2a76c269","D06","MCDI","MCDI.AOS.groundwater.well.006","MCDI.W6.20190620.RAW","A00000043140","2019-06-20T16:14Z","2019-06-20T16:14Z","EcoCore_CSU","ANC",4.1100,"milliequivalentsPerLiter",-0.5,,0,"formatChange","GOOD"
"05929b57-f985-4779-aff4-bad3c36a9fd0","D06","MCDI","MCDI.AOS.groundwater.well.006","MCDI.W6.20190620.RAW","A00000043140","2019-06-20T16:14Z","2019-06-20T16:14Z","EcoCore_CSU","TN",6.5430,"milligramsPerLiter",-0.5,,0,"formatChange","GOOD"
"b2344055-f755-4e85-a598-4c2d226b1d9f","D06","MCDI","MCDI.AOS.groundwater.well.006","MCDI.W6.20190620.FIL","A00000043141","2019-06-20T16:14Z","2019-06-20T16:14Z","EcoCore_CSU","HCO3",,"milligramsPerLiter",-0.5,"Unknown reason for no analyte concentration as a result of external lab data format change",0,"formatChange","Other"
"7c9f2e41-e015-4b02-ae16-d851f2d9687d","D06","MCDI","MCDI.AOS.groundwater.well.006","MCDI.W6.20190620.FIL","A00000043141","2019-06-20T16:14Z","2019-06-20T16:14Z","EcoCore_CSU","DIC",,"milligramsPerLiter",-0.5,"Unknown reason for no analyte concentration as a result of external lab data format change",0,"formatChange","Other"
"97caffe2-0e6c-4693-882f-19e8e0db86d8","D06","MCDI","MCDI.AOS.groundwater.well.006","MCDI.W6.20190620.FIL","A00000043141","2019-06-20T16:14Z","2019-06-20T16:14Z","EcoCore_CSU","UV Absorbance (280 nm)",,,-0.5,"Unknown reason for no analyte concentration as a result of external lab data format change",0,"formatChange","Other"
"79cba63d-e582-487f-8f1f-22b19277cef6","D06","MCDI","MCDI.AOS.groundwater.well.006","MCDI.W6.20190620.FIL","A00000043141","2019-06-20T16:14Z","2019-06-20T16:14Z","EcoCore_CSU","Cl",,"milligramsPerLiter",-0.5,"Unknown reason for no analyte concentration as a result of external lab data format change",0,"formatChange","Other"
"2dd2d1f1-ff22-4054-9899-d460783925ef","D06","MCDI","MCDI.AOS.groundwater.well.006","MCDI.W6.20190620.FIL","A00000043141","2019-06-20T16:14Z","2019-06-20T16:14Z","EcoCore_CSU","K",,"milligramsPerLiter",-0.5,"Unknown reason for no analyte concentration as a result of external lab data format change",0,"formatChange","Other"
"2b2064db-e6bc-4d62-8640-8152068274db","D06","MCDI","MCDI.AOS.groundwater.well.006","MCDI.W6.20190620.FIL","A00000043141","2019-06-20T16:14Z","2019-06-20T16:14Z","EcoCore_CSU","NO2 - N",,"milligramsPerLiter",-0.5,"Unknown reason for no analyte concentration as a result of external lab data format change",0,"formatChange","Other"
"a774ac37-1ace-4213-9232-c384a65d67b9","D06","MCDI","MCDI.AOS.groundwater.well.006","MCDI.W6.20190620.RAW","A00000043140","2019-06-20T16:14Z","2019-06-20T16:14Z","EcoCore_CSU","conductivity",664.2000,"microsiemensPerCentimeter",-0.5,,0,"formatChange","GOOD"
"2512cfbc-353e-482e-be2e-df8ce769310d","D06","MCDI","MCDI.AOS.groundwater.well.006","MCDI.W6.20190620.RAW","A00000043140","2019-06-20T16:14Z","2019-06-20T16:14Z","EcoCore_CSU","TSS",22.0000,"milligramsPerLiter",-0.5,,0,"formatChange","GOOD"
"b710cb50-21f8-4d98-8c35-590ff41b5366","D06","MCDI","MCDI.AOS.groundwater.well.006","MCDI.W6.20190620.FIL","A00000043141","2019-06-20T16:14Z","2019-06-20T16:14Z","EcoCore_CSU","NO3+NO2 - N",,"milligramsPerLiter",-0.5,"Unknown reason for no analyte concentration as a result of external lab data format change",0,"formatChange","Other"
"c96d8086-9fe8-484d-b22a-7fad5e20fd77","D06","MCDI","MCDI.AOS.groundwater.well.005","MCDI.W5.20190620.FIL","A00000043137","2019-06-20T17:40Z","2019-06-20T17:40Z","EcoCore_CSU","K",1.3430,"milligramsPerLiter",-0.5,,0,"formatChange","GOOD"
"dbe0e321-b7a4-4bb2-9fc9-93a6282689b4","D06","MCDI","MCDI.AOS.groundwater.well.005","MCDI.W5.20190620.RAW","A00000043136","2019-06-20T17:40Z","2019-06-20T17:40Z","EcoCore_CSU","pH",7.2400,"pH",-0.5,,0,"formatChange","GOOD"
"e252b2fb-5f62-4e53-a122-c86bc33af77b","D06","MCDI","MCDI.AOS.groundwater.well.005","MCDI.W5.20190620.RAW","A00000043136","2019-06-20T17:40Z","2019-06-20T17:40Z","EcoCore_CSU","TN",3.9600,"milligramsPerLiter",-0.5,,0,"formatChange","GOOD"
"f5bfee44-dcbb-4d73-9a7b-5ba56d339a70","D06","MCDI","MCDI.AOS.groundwater.well.005","MCDI.W5.20190620.FIL","A00000043137","2019-06-20T17:40Z","2019-06-20T17:40Z","EcoCore_CSU","DOC",0.9714,"milligramsPerLiter",-0.5,,0,"formatChange","GOOD"
"dda1c0f1-7300-4ae5-982a-e6d16f561988","D06","MCDI","MCDI.AOS.groundwater.well.005","MCDI.W5.20190620.RAW","A00000043136","2019-06-20T17:40Z","2019-06-20T17:40Z","EcoCore_CSU","TSS",14.0000,"milligramsPerLiter",-0.5,,0,"formatChange","GOOD"
"164c66d8-e42c-4e90-92fe-a7c7df62ac56","D06","MCDI","MCDI.AOS.groundwater.well.005","MCDI.W5.20190620.FIL","A00000043137","2019-06-20T17:40Z","2019-06-20T17:40Z","EcoCore_CSU","Si",6.4643,"milligramsPerLiter",-0.5,,0,"formatChange","GOOD"
"6d7648a9-af9a-454f-94b5-4021b960a866","D06","MCDI","MCDI.AOS.groundwater.well.005","MCDI.W5.20190620.FIL","A00000043137","2019-06-20T17:40Z","2019-06-20T17:40Z","EcoCore_CSU","TDN",4.8570,"milligramsPerLiter",-0.5,,0,"formatChange","GOOD"
"7763c187-ae8e-4fb5-b06c-62d8224d2f51","D06","MCDI","MCDI.AOS.groundwater.well.005","MCDI.W5.20190620.FIL","A00000043137","2019-06-20T17:40Z","2019-06-20T17:40Z","EcoCore_CSU","UV Absorbance (280 nm)",0.0184,,-0.5,,0,"formatChange","GOOD"
"75b1384d-dd54-449b-bc83-cea9a01789c3","D06","MCDI","MCDI.AOS.groundwater.well.005","MCDI.W5.20190620.FIL","A00000043137","2019-06-20T17:40Z","2019-06-20T17:40Z","EcoCore_CSU","Fe",0.0005,"milligramsPerLiter",-0.5,,0,"formatChange","GOOD"
"3892c5f8-35a0-4aed-b631-dd7545dca5d6","D06","MCDI","MCDI.AOS.groundwater.well.005","MCDI.W5.20190620.RAW","A00000043136","2019-06-20T17:40Z","2019-06-20T17:40Z","EcoCore_CSU","TSS - Dry Mass",700.0000,"microgram",-0.5,,0,"formatChange","GOOD"
"d8502014-69e4-41b3-a4fb-8da669e9485c","D06","MCDI","MCDI.AOS.groundwater.well.005","MCDI.W5.20190620.FIL","A00000043137","2019-06-20T17:40Z","2019-06-20T17:40Z","EcoCore_CSU","HCO3",315.4900,"milligramsPerLiter",-0.5,,0,"formatChange","GOOD"
"733e6fc5-9249-4385-93d2-bb2c2119c41b","D06","MCDI","MCDI.AOS.groundwater.well.005","MCDI.W5.20190620.FIL","A00000043137","2019-06-20T17:40Z","2019-06-20T17:40Z","EcoCore_CSU","Br",0.0050,"milligramsPerLiter",-0.5,,0,"formatChange","GOOD"
"7e97f980-0523-4cf3-9d69-72793242ac71","D06","MCDI","MCDI.AOS.groundwater.well.005","MCDI.W5.20190620.FIL","A00000043137","2019-06-20T17:40Z","2019-06-20T17:40Z","EcoCore_CSU","Mg",14.3300,"milligramsPerLiter",-0.5,,0,"formatChange","GOOD"
"a65b021b-a594-4f62-82fa-ebee34592141","D06","MCDI","MCDI.AOS.groundwater.well.005","MCDI.W5.20190620.FIL","A00000043137","2019-06-20T17:40Z","2019-06-20T17:40Z","EcoCore_CSU","NH4 - N",0.0280,"milligramsPerLiter",-0.5,,0,"formatChange","GOOD"
"54bb2b09-0d58-47bd-9d50-dc5181353283","D06","MCDI","MCDI.AOS.groundwater.well.005","MCDI.W5.20190620.FIL","A00000043137","2019-06-20T17:40Z","2019-06-20T17:40Z","EcoCore_CSU","NO2 - N",-0.0034,"milligramsPerLiter",-0.5,,0,"formatChange","GOOD"
"e93e4a85-45b8-4e3d-92d4-b8b1a9d34086","D06","MCDI","MCDI.AOS.groundwater.well.005","MCDI.W5.20190620.FIL","A00000043137","2019-06-20T17:40Z","2019-06-20T17:40Z","EcoCore_CSU","F",1.3718,"milligramsPerLiter",-0.5,,0,"formatChange","GOOD"
"93112b98-f49e-47cc-8b03-dadc32e26ed9","D06","MCDI","MCDI.AOS.groundwater.well.005","MCDI.W5.20190620.FIL","A00000043137","2019-06-20T17:40Z","2019-06-20T17:40Z","EcoCore_CSU","Na",9.3470,"milligramsPerLiter",-0.5,,0,"formatChange","GOOD"
"a8b8fecb-0b64-47ea-ad67-6e79bf14e6df","D06","MCDI","MCDI.AOS.groundwater.well.005","MCDI.W5.20190620.FIL","A00000043137","2019-06-20T17:40Z","2019-06-20T17:40Z","EcoCore_CSU","Ca",81.6036,"milligramsPerLiter",-0.5,,0,"formatChange","GOOD"
"f19f8214-62a7-4e66-8427-20a542a3b889","D06","MCDI","MCDI.AOS.groundwater.well.005","MCDI.W5.20190620.FIL","A00000043137","2019-06-20T17:40Z","2019-06-20T17:40Z","EcoCore_CSU","Ortho - P",0.0320,"milligramsPerLiter",-0.5,,0,"formatChange","GOOD"
"a20658a4-e6a4-4eac-9ce2-1a686bd556f9","D06","MCDI","MCDI.AOS.groundwater.well.005","MCDI.W5.20190620.FIL","A00000043137","2019-06-20T17:40Z","2019-06-20T17:40Z","EcoCore_CSU","TDS",422.6300,"milligramsPerLiter",-0.5,,0,"formatChange","GOOD"
"3a1788d8-9d97-43eb-be14-856c8d58c938","D06","MCDI","MCDI.AOS.groundwater.well.005","MCDI.W5.20190620.FIL","A00000043137","2019-06-20T17:40Z","2019-06-20T17:40Z","EcoCore_CSU","UV Absorbance (250 nm)",0.0287,,-0.5,,0,"formatChange","GOOD"
"608d1ab8-8b74-483b-97ee-08c887cfb3a9","D06","MCDI","MCDI.AOS.groundwater.well.005","MCDI.W5.20190620.RAW","A00000043136","2019-06-20T17:40Z","2019-06-20T17:40Z","EcoCore_CSU","TP",0.0743,"milligramsPerLiter",-0.5,,0,"formatChange","GOOD"
"177d373b-eff6-4613-aa50-f739dc35c246","D06","MCDI","MCDI.AOS.groundwater.well.005","MCDI.W5.20190620.FIL","A00000043137","2019-06-20T17:40Z","2019-06-20T17:40Z","EcoCore_CSU","SO4",21.8310,"milligramsPerLiter",-0.5,,0,"formatChange","GOOD"
"2f660f51-3504-4a29-84e2-17c06bf865e9","D06","MCDI","MCDI.AOS.groundwater.well.005","MCDI.W5.20190620.PCN","A00000043138","2019-06-20T17:40Z","2019-06-20T17:40Z","EcoCore_CSU","TPN",0.0933,"milligram",-0.5,,0,"formatChange","GOOD"
"c06b0379-e608-4e03-a57b-eb86639c85f2","D06","MCDI","MCDI.AOS.groundwater.well.005","MCDI.W5.20190620.RAW","A00000043136","2019-06-20T17:40Z","2019-06-20T17:40Z","EcoCore_CSU","TOC",1.1710,"milligramsPerLiter",-0.5,,0,"formatChange","GOOD"
"018f85ba-0881-49e4-b8e5-f4a15db2b5f5","D06","MCDI","MCDI.AOS.groundwater.well.005","MCDI.W5.20190620.FIL","A00000043137","2019-06-20T17:40Z","2019-06-20T17:40Z","EcoCore_CSU","Cl",6.3274,"milligramsPerLiter",-0.5,,0,"formatChange","GOOD"
"5bad72af-a1e8-4656-ae77-f3ea17e774f2","D06","MCDI","MCDI.AOS.groundwater.well.005","MCDI.W5.20190620.FIL","A00000043137","2019-06-20T17:40Z","2019-06-20T17:40Z","EcoCore_CSU","TDP",0.0526,"milligramsPerLiter",-0.5,,0,"formatChange","GOOD"
"cad6daec-f91e-412d-8b08-66c2243669f4","D06","MCDI","MCDI.AOS.groundwater.well.005","MCDI.W5.20190620.RAW","A00000043136","2019-06-20T17:40Z","2019-06-20T17:40Z","EcoCore_CSU","ANC",5.2900,"milliequivalentsPerLiter",-0.5,,0,"formatChange","GOOD"
"3ce54b96-efd8-4995-b801-a2a4408eafbb","D06","MCDI","MCDI.AOS.groundwater.well.005","MCDI.W5.20190620.PCN","A00000043138","2019-06-20T17:40Z","2019-06-20T17:40Z","EcoCore_CSU","TPC",0.3416,"milligram",-0.5,,0,"formatChange","GOOD"
"b9e4e374-6378-4c2c-8fd0-fb653b614a47","D06","MCDI","MCDI.AOS.groundwater.well.005","MCDI.W5.20190620.FIL","A00000043137","2019-06-20T17:40Z","2019-06-20T17:40Z","EcoCore_CSU","NO3+NO2 - N",5.0200,"milligramsPerLiter",-0.5,,0,"formatChange","GOOD"
"e436d67c-1895-4e97-ae26-8308ac51f300","D06","MCDI","MCDI.AOS.groundwater.well.005","MCDI.W5.20190620.RAW","A00000043136","2019-06-20T17:40Z","2019-06-20T17:40Z","EcoCore_CSU","conductivity",601.0700,"microsiemensPerCentimeter",-0.5,,0,"formatChange","GOOD"
"8f269dcd-709c-4b66-b49e-11ec5bff0b25","D06","MCDI","MCDI.AOS.groundwater.well.005","MCDI.W5.20190620.FIL","A00000043137","2019-06-20T17:40Z","2019-06-20T17:40Z","EcoCore_CSU","Mn",0.0005,"milligramsPerLiter",-0.5,,0,"formatChange","GOOD"
"2925d200-6f6c-4cfa-b873-23b0bd54978e","D06","MCDI","MCDI.AOS.groundwater.well.005","MCDI.W5.20190620.FIL","A00000043137","2019-06-20T17:40Z","2019-06-20T17:40Z","EcoCore_CSU","DIC",72.3800,"milligramsPerLiter",-0.5,,0,"formatChange","GOOD"
"1e8d3589-618c-4241-9e88-092dc224a885","D06","MCDI","MCDI.AOS.groundwater.well.005","MCDI.W5.20190620.FIL","A00000043137","2019-06-20T17:40Z","2019-06-20T17:40Z","EcoCore_CSU","CO3",0.0050,"milligramsPerLiter",-0.5,,0,"formatChange","GOOD"
"3a36e255-aae9-4db0-bef4-9c7bac70354b","D06","MCDI","MCDI.AOS.groundwater.well.004","MCDI.W4.20190620.RAW","A00000043132","2019-06-20T19:15Z","2019-06-20T19:15Z","EcoCore_CSU","pH",7.0300,"pH",-0.5,,0,"formatChange","GOOD"
"32a21c56-361e-4c31-8e7e-d9e32397bfd2","D06","MCDI","MCDI.AOS.groundwater.well.004","MCDI.W4.20190620.FIL","A00000043133","2019-06-20T19:15Z","2019-06-20T19:15Z","EcoCore_CSU","K",2.3030,"milligramsPerLiter",-0.5,,0,"formatChange","GOOD"
"e8dbded4-64bb-4dc1-ab3d-5b9f9e3702b5","D06","MCDI","MCDI.AOS.groundwater.well.004","MCDI.W4.20190620.RAW","A00000043132","2019-06-20T19:15Z","2019-06-20T19:15Z","EcoCore_CSU","TOC",1.0880,"milligramsPerLiter",-0.5,,0,"formatChange","GOOD"
"fa85e114-abb8-4595-b10f-97df787fa3c8","D06","MCDI","MCDI.AOS.groundwater.well.004","MCDI.W4.20190620.FIL","A00000043133","2019-06-20T19:15Z","2019-06-20T19:15Z","EcoCore_CSU","NH4 - N",0.0624,"milligramsPerLiter",-0.5,,0,"formatChange","GOOD"
"725d6ace-fa90-465d-92b4-0aa472e79d08","D06","MCDI","MCDI.AOS.groundwater.well.004","MCDI.W4.20190620.FIL","A00000043133","2019-06-20T19:15Z","2019-06-20T19:15Z","EcoCore_CSU","NO2 - N",0.0049,"milligramsPerLiter",-0.5,,0,"formatChange","GOOD"
"55a5c424-4002-491c-84d3-cf2978f64204","D06","MCDI","MCDI.AOS.groundwater.well.004","MCDI.W4.20190620.FIL","A00000043133","2019-06-20T19:15Z","2019-06-20T19:15Z","EcoCore_CSU","Si",6.8516,"milligramsPerLiter",-0.5,,0,"formatChange","GOOD"
"720ca0d8-e258-4967-a181-99c0ebabbda4","D06","MCDI","MCDI.AOS.groundwater.well.004","MCDI.W4.20190620.FIL","A00000043133","2019-06-20T19:15Z","2019-06-20T19:15Z","EcoCore_CSU","Ca",95.4081,"milligramsPerLiter",-0.5,,0,"formatChange","GOOD"
"1ea56bd0-49c9-4c34-8fef-27b45666ee13","D06","MCDI","MCDI.AOS.groundwater.well.004","MCDI.W4.20190620.FIL","A00000043133","2019-06-20T19:15Z","2019-06-20T19:15Z","EcoCore_CSU","Ortho - P",0.0240,"milligramsPerLiter",-0.5,,0,"formatChange","GOOD"
"9a7c8d86-525f-49cc-8890-d5fc41edf100","D06","MCDI","MCDI.AOS.groundwater.well.004","MCDI.W4.20190620.PCN","A00000043134","2019-06-20T19:15Z","2019-06-20T19:15Z","EcoCore_CSU","TPN",0.1098,"milligram",-0.5,,0,"formatChange","GOOD"
"df6d82b2-84b5-4576-9491-1c6d83c9fcc9","D06","MCDI","MCDI.AOS.groundwater.well.004","MCDI.W4.20190620.FIL","A00000043133","2019-06-20T19:15Z","2019-06-20T19:15Z","EcoCore_CSU","Br",0.0050,"milligramsPerLiter",-0.5,,0,"formatChange","GOOD"
"0b546fd1-31eb-4bbc-8e4c-c55f6bcc1509","D06","MCDI","MCDI.AOS.groundwater.well.004","MCDI.W4.20190620.RAW","A00000043132","2019-06-20T19:15Z","2019-06-20T19:15Z","EcoCore_CSU","TSS - Dry Mass",200.0000,"microgram",-0.5,,0,"formatChange","GOOD"
"9031dff3-39f3-49da-863b-be7517cb9e0d","D06","MCDI","MCDI.AOS.groundwater.well.004","MCDI.W4.20190620.PCN","A00000043134","2019-06-20T19:15Z","2019-06-20T19:15Z","EcoCore_CSU","TPC",0.3274,"milligram",-0.5,,0,"formatChange","GOOD"
"abc11197-da4e-4b4c-afae-e950a2d56a9c","D06","MCDI","MCDI.AOS.groundwater.well.004","MCDI.W4.20190620.RAW","A00000043132","2019-06-20T19:15Z","2019-06-20T19:15Z","EcoCore_CSU","conductivity",733.9400,"microsiemensPerCentimeter",-0.5,,0,"formatChange","GOOD"
"02e47959-e958-46da-8efd-c6164d2e6383","D06","MCDI","MCDI.AOS.groundwater.well.004","MCDI.W4.20190620.FIL","A00000043133","2019-06-20T19:15Z","2019-06-20T19:15Z","EcoCore_CSU","DIC",79.9800,"milligramsPerLiter",-0.5,,0,"formatChange","GOOD"
"1951b29d-0005-4a9e-b082-77e2dd7367f0","D06","MCDI","MCDI.AOS.groundwater.well.004","MCDI.W4.20190620.FIL","A00000043133","2019-06-20T19:15Z","2019-06-20T19:15Z","EcoCore_CSU","CO3",0.0050,"milligramsPerLiter",-0.5,,0,"formatChange","GOOD"
"60be3a8a-4fe2-443f-90b3-aea7eaf43792","D06","MCDI","MCDI.AOS.groundwater.well.004","MCDI.W4.20190620.RAW","A00000043132","2019-06-20T19:15Z","2019-06-20T19:15Z","EcoCore_CSU","TP",0.0210,"milligramsPerLiter",-0.5,,0,"formatChange","GOOD"
"5ca4e966-a639-4c59-97d3-d0b261866a30","D06","MCDI","MCDI.AOS.groundwater.well.004","MCDI.W4.20190620.FIL","A00000043133","2019-06-20T19:15Z","2019-06-20T19:15Z","EcoCore_CSU","UV Absorbance (250 nm)",0.0287,,-0.5,,0,"formatChange","GOOD"
"3682aacf-bb01-4903-b52e-9dd3d0485438","D06","MCDI","MCDI.AOS.groundwater.well.004","MCDI.W4.20190620.FIL","A00000043133","2019-06-20T19:15Z","2019-06-20T19:15Z","EcoCore_CSU","Mg",22.3900,"milligramsPerLiter",-0.5,,0,"formatChange","GOOD"
"9867fa9a-86a3-40b0-bf34-ef174f497e58","D06","MCDI","MCDI.AOS.groundwater.well.004","MCDI.W4.20190620.FIL","A00000043133","2019-06-20T19:15Z","2019-06-20T19:15Z","EcoCore_CSU","Mn",0.0030,"milligramsPerLiter",-0.5,,0,"formatChange","GOOD"
"22106850-b5c5-47c2-98cb-57648e8326a9","D06","MCDI","MCDI.AOS.groundwater.well.004","MCDI.W4.20190620.RAW","A00000043132","2019-06-20T19:15Z","2019-06-20T19:15Z","EcoCore_CSU","TN",10.9100,"milligramsPerLiter",-0.5,,0,"formatChange","GOOD"
"d47e1b48-f527-4290-8860-f4d0632015ba","D06","MCDI","MCDI.AOS.groundwater.well.004","MCDI.W4.20190620.FIL","A00000043133","2019-06-20T19:15Z","2019-06-20T19:15Z","EcoCore_CSU","TDN",13.6600,"milligramsPerLiter",-0.5,,0,"formatChange","GOOD"
"cda1a966-62ab-440d-acce-07f751bf7e5b","D06","MCDI","MCDI.AOS.groundwater.well.004","MCDI.W4.20190620.FIL","A00000043133","2019-06-20T19:15Z","2019-06-20T19:15Z","EcoCore_CSU","DOC",1.2810,"milligramsPerLiter",-0.5,,0,"formatChange","GOOD"
"a03a8aa4-f0de-469b-97e3-a583528b7bb9","D06","MCDI","MCDI.AOS.groundwater.well.004","MCDI.W4.20190620.FIL","A00000043133","2019-06-20T19:15Z","2019-06-20T19:15Z","EcoCore_CSU","Fe",0.0005,"milligramsPerLiter",-0.5,,0,"formatChange","GOOD"
"909531bd-f0f2-4b06-8f5e-0ce7064e14b6","D06","MCDI","MCDI.AOS.groundwater.well.004","MCDI.W4.20190620.FIL","A00000043133","2019-06-20T19:15Z","2019-06-20T19:15Z","EcoCore_CSU","Cl",12.5119,"milligramsPerLiter",-0.5,,0,"formatChange","GOOD"
"5c671c60-8e26-4c60-a232-ad262258aa1e","D06","MCDI","MCDI.AOS.groundwater.well.004","MCDI.W4.20190620.FIL","A00000043133","2019-06-20T19:15Z","2019-06-20T19:15Z","EcoCore_CSU","F",2.0310,"milligramsPerLiter",-0.5,,0,"formatChange","GOOD"
"31e9a0ab-7e85-4c42-9391-8e52ec470d71","D06","MCDI","MCDI.AOS.groundwater.well.004","MCDI.W4.20190620.FIL","A00000043133","2019-06-20T19:15Z","2019-06-20T19:15Z","EcoCore_CSU","SO4",50.8200,"milligramsPerLiter",-0.5,,0,"formatChange","GOOD"
"12543ccc-525d-4501-bdaa-3df37afefdcd","D06","MCDI","MCDI.AOS.groundwater.well.004","MCDI.W4.20190620.FIL","A00000043133","2019-06-20T19:15Z","2019-06-20T19:15Z","EcoCore_CSU","Na",14.7800,"milligramsPerLiter",-0.5,,0,"formatChange","GOOD"
"9e90b3f9-c384-480f-91f2-13ab845a00b2","D06","MCDI","MCDI.AOS.groundwater.well.004","MCDI.W4.20190620.RAW","A00000043132","2019-06-20T19:15Z","2019-06-20T19:15Z","EcoCore_CSU","ANC",5.9300,"milliequivalentsPerLiter",-0.5,,0,"formatChange","GOOD"
"b7d72d23-dea1-4d78-ae26-a31459420f95","D06","MCDI","MCDI.AOS.groundwater.well.004","MCDI.W4.20190620.RAW","A00000043132","2019-06-20T19:15Z","2019-06-20T19:15Z","EcoCore_CSU","TSS",4.0000,"milligramsPerLiter",-0.5,,0,"formatChange","GOOD"
"c2fc383b-731d-4adf-9a9d-6c267d4ea990","D06","MCDI","MCDI.AOS.groundwater.well.004","MCDI.W4.20190620.FIL","A00000043133","2019-06-20T19:15Z","2019-06-20T19:15Z","EcoCore_CSU","TDP",0.0155,"milligramsPerLiter",-0.5,,0,"formatChange","GOOD"
"2cc5d830-0bc6-4fab-8302-482289fb5b73","D06","MCDI","MCDI.AOS.groundwater.well.004","MCDI.W4.20190620.FIL","A00000043133","2019-06-20T19:15Z","2019-06-20T19:15Z","EcoCore_CSU","UV Absorbance (280 nm)",0.0122,,-0.5,,0,"formatChange","GOOD"
"224f90e9-cfa6-4fa2-a9a4-e36ed9ad5965","D06","MCDI","MCDI.AOS.groundwater.well.004","MCDI.W4.20190620.FIL","A00000043133","2019-06-20T19:15Z","2019-06-20T19:15Z","EcoCore_CSU","HCO3",355.4100,"milligramsPerLiter",-0.5,,0,"formatChange","GOOD"
"fdd2da0a-1dfc-4a4a-9bf4-f7ff61365cde","D06","MCDI","MCDI.AOS.groundwater.well.004","MCDI.W4.20190620.FIL","A00000043133","2019-06-20T19:15Z","2019-06-20T19:15Z","EcoCore_CSU","TDS",514.2900,"milligramsPerLiter",-0.5,,0,"formatChange","GOOD"
"2ccedc66-74e9-4a47-9662-55d4a7f6f962","D06","MCDI","MCDI.AOS.groundwater.well.004","MCDI.W4.20190620.FIL","A00000043133","2019-06-20T19:15Z","2019-06-20T19:15Z","EcoCore_CSU","NO3+NO2 - N",14.8040,"milligramsPerLiter",-0.5,,0,"formatChange","GOOD"
