uid,domainID,siteID,namedLocation,collectDate,titrationDate,parentSampleID,domainSampleID,remarks,measuredBy,alkMeqPerL,alkMgPerL,ancMeqPerL,ancMgPerL
"681e8d61-e170-4fe9-8b7d-18bed77f9857","D06","MCDI","MCDI.AOS.groundwater.well.002","2019-06-20T15:05Z","2019-06-20T22:40Z","MCDI.W2.20190620","MCDI.W2.20190620.ALK",,"egawanda",5.570,279.000,,
"e6550524-82f2-43a6-a671-b7bb5e198926","D06","MCDI","MCDI.AOS.groundwater.well.006","2019-06-20T16:14Z","2019-06-20T23:00Z","MCDI.W6.20190620","MCDI.W6.20190620.ALK",,"egawanda",5.950,298.000,,
"d4ed199e-5c98-49f4-a07b-943cf9e85493","D06","MCDI","MCDI.AOS.groundwater.well.005","2019-06-20T17:40Z","2019-06-20T23:15Z","MCDI.W5.20190620","MCDI.W5.20190620.ALK",,"egawanda",4.450,223.000,,
"410c919c-de57-4326-ae35-2253e3092eab","D06","MCDI","MCDI.AOS.groundwater.well.004","2019-06-20T19:15Z","2019-06-20T23:30Z","MCDI.W4.20190620","MCDI.W4.20190620.ALK",,"egawanda",4.980,249.000,,
