uid,domainID,siteID,namedLocation,decimalLatitude,decimalLongitude,coordinateUncertainty,elevation,elevationUncertainty,geodeticDatum,collectDate,aquaticSiteType,samplingImpractical,waterChemSamplesCollected,adequateSampleVol,parentSampleID,eventID,swcSamplingProtocolVersion,sampleExtractionMethod,samplerType,totalWellDepth,wellWaterDepth,waterColumnHeight,sampleDepth,purgeAverageDischargeRate,purgeTime,gwWellStabilized,purgeDryDateTime,pumpPlacementDate,screenedIntervalDepth,maxAllowableDrawdown,actualDrawdown,MADExceeded,wellVolumePurged,probeIDUnavailable,dissolvedOxygen,dissolvedOxygenSaturation,specificConductance,waterTemp,pH,waterClarityDescrip,waterColorDescrip,aCollectedBy,bCollectedBy,remarks
"74b76403-8eaa-463f-b7c9-a55b508bcf2c","D06","MCDI","MCDI.AOS.groundwater.well.002",38.947494,-96.444025,0.1,380.6,0.1,"WGS84","2019-06-20T15:05Z","stream",,,"Y","MCDI.W2.20190620","MCDI.20190620","NEON.DOC.002905vF","low-flow","Groundwater Pump",10.0,7.9,2.1,8.9,,,,,,,,,,0.8,,5.05,52.50,619.00,15.00,7.12,"cloudy","gray","0000-0001-9594-9689","0000-0003-1449-7081",
"7c30da94-a02f-4fc2-84d8-e1afeaac8df5","D06","MCDI","MCDI.AOS.groundwater.well.006",38.946384,-96.442827,0.1,377.9,0.1,"WGS84","2019-06-20T16:14Z","stream",,,"Y","MCDI.W6.20190620","MCDI.20190620","NEON.DOC.002905vF","low-flow","Groundwater Pump",8.1,6.2,2.0,7.2,,,,,,,,,,0.5,,0.63,6.70,728.00,14.10,7.54,"clear","colorless","0000-0003-1449-7081","0000-0001-9594-9689",
"5303cad1-1336-4d76-9166-3c873530d14e","D06","MCDI","MCDI.AOS.groundwater.well.005",38.946577,-96.443425,0.1,377.2,0.1,"WGS84","2019-06-20T17:40Z","stream",,,"Y","MCDI.W5.20190620","MCDI.20190620","NEON.DOC.002905vF","low-flow","Groundwater Pump",7.0,5.2,1.9,6.2,,,,,,,,,,0.6,,2.96,29.60,538.00,13.80,9.97,"clear","colorless","0000-0003-1449-7081","0000-0001-9594-9689",
"f881275e-b50f-485f-9571-dec851c3e0cc","D06","MCDI","MCDI.AOS.groundwater.well.004",38.946864,-96.444102,0.1,377.4,0.1,"WGS84","2019-06-20T19:15Z","stream",,,"Y","MCDI.W4.20190620","MCDI.20190620","NEON.DOC.002905vF","low-flow","Groundwater Pump",8.1,4.9,3.2,5.9,,,,,,,,,,1.1,,0.34,3.60,713.00,15.50,7.63,"clear","colorless","0000-0003-1449-7081","0000-0001-9594-9689",
