uid,domainID,siteID,namedLocation,sampleID,sampleCode,startDate,collectDate,laboratoryName,analyte,analyteConcentration,analyteUnits,coolerTemp,remarks,shipmentWarmQF,externalLabDataQF,sampleCondition
"9343f51b-bba4-4079-99cc-2b11e3cad16e","D12","BLDE","BLDE.AOS.groundwater.well.001","BLDE.W1.20190528.FIL","A00000031462","2019-05-28T18:01Z","2019-05-28T18:01Z","EcoCore_CSU","Na",7.5890,"milligramsPerLiter",5.0,,0,"formatChange","GOOD"
"750cb6a2-39ac-4777-91f0-619f3b6c4787","D12","BLDE","BLDE.AOS.groundwater.well.001","BLDE.W1.20190528.FIL","A00000031462","2019-05-28T18:01Z","2019-05-28T18:01Z","EcoCore_CSU","SO4",113.9600,"milligramsPerLiter",5.0,,0,"formatChange","GOOD"
"d9874be8-4981-4277-b515-c2109063faa6","D12","BLDE","BLDE.AOS.groundwater.well.001","BLDE.W1.20190528.FIL","A00000031462","2019-05-28T18:01Z","2019-05-28T18:01Z","EcoCore_CSU","Cl",1.2115,"milligramsPerLiter",5.0,,0,"formatChange","GOOD"
"ca9852c8-faed-4c78-a0ca-54a11d50044e","D12","BLDE","BLDE.AOS.groundwater.well.001","BLDE.W1.20190528.FIL","A00000031462","2019-05-28T18:01Z","2019-05-28T18:01Z","EcoCore_CSU","NO2 - N",-0.0016,"milligramsPerLiter",5.0,,0,"formatChange","GOOD"
"8b24dadf-dc66-4e14-89cc-9a434b839da8","D12","BLDE","BLDE.AOS.groundwater.well.001","BLDE.W1.20190528.RAW","A00000031425","2019-05-28T18:01Z","2019-05-28T18:01Z","EcoCore_CSU","TSS - Dry Mass",47500.0000,"microgram",5.0,,0,"formatChange","GOOD"
"6127f270-44f9-4a68-96d5-790521ee3465","D12","BLDE","BLDE.AOS.groundwater.well.001","BLDE.W1.20190528.RAW","A00000031425","2019-05-28T18:01Z","2019-05-28T18:01Z","EcoCore_CSU","pH",6.9000,"pH",5.0,,0,"formatChange","GOOD"
"e703a1e2-74bb-496f-9567-12d14a8455e6","D12","BLDE","BLDE.AOS.groundwater.well.001","BLDE.W1.20190528.FIL","A00000031462","2019-05-28T18:01Z","2019-05-28T18:01Z","EcoCore_CSU","UV Absorbance (250 nm)",1.1157,,5.0,,0,"formatChange","GOOD"
"01baa6e3-0598-4a5a-8dfa-2e66437c639f","D12","BLDE","BLDE.AOS.groundwater.well.001","BLDE.W1.20190528.FIL","A00000031462","2019-05-28T18:01Z","2019-05-28T18:01Z","EcoCore_CSU","Br",0.2100,"milligramsPerLiter",5.0,,0,"formatChange","GOOD"
"931d21f1-fb4b-4c0e-ae6c-e56c1716c5f9","D12","BLDE","BLDE.AOS.groundwater.well.001","BLDE.W1.20190528.FIL","A00000031462","2019-05-28T18:01Z","2019-05-28T18:01Z","EcoCore_CSU","Ca",23.6940,"milligramsPerLiter",5.0,,0,"formatChange","GOOD"
"310729f7-aded-4476-809c-e37a703c6186","D12","BLDE","BLDE.AOS.groundwater.well.001","BLDE.W1.20190528.FIL","A00000031462","2019-05-28T18:01Z","2019-05-28T18:01Z","EcoCore_CSU","HCO3",16.5900,"milligramsPerLiter",5.0,,0,"formatChange","GOOD"
"2ad1b48e-13fc-4ca3-b4f5-a21099a51f11","D12","BLDE","BLDE.AOS.groundwater.well.001","BLDE.W1.20190528.RAW","A00000031425","2019-05-28T18:01Z","2019-05-28T18:01Z","EcoCore_CSU","TOC",12.3300,"milligramsPerLiter",5.0,,0,"formatChange","GOOD"
"750fff14-1791-43e3-9b54-6a648b47dee6","D12","BLDE","BLDE.AOS.groundwater.well.001","BLDE.W1.20190528.FIL","A00000031462","2019-05-28T18:01Z","2019-05-28T18:01Z","EcoCore_CSU","Si",34.8000,"milligramsPerLiter",5.0,,0,"formatChange","GOOD"
"36aabc3e-629d-401d-8c9a-1b492737b777","D12","BLDE","BLDE.AOS.groundwater.well.001","BLDE.W1.20190528.FIL","A00000031462","2019-05-28T18:01Z","2019-05-28T18:01Z","EcoCore_CSU","DIC",30.7800,"milligramsPerLiter",5.0,,0,"formatChange","GOOD"
"d4c421f5-b00b-428c-8250-2cbed3a20eb2","D12","BLDE","BLDE.AOS.groundwater.well.001","BLDE.W1.20190528.RAW","A00000031425","2019-05-28T18:01Z","2019-05-28T18:01Z","EcoCore_CSU","conductivity",271.2100,"microsiemensPerCentimeter",5.0,,0,"formatChange","GOOD"
"6dc447e6-a849-4ee9-b08e-9e01c447bff2","D12","BLDE","BLDE.AOS.groundwater.well.001","BLDE.W1.20190528.FIL","A00000031462","2019-05-28T18:01Z","2019-05-28T18:01Z","EcoCore_CSU","NO3+NO2 - N",0.0352,"milligramsPerLiter",5.0,,0,"formatChange","GOOD"
"07107864-7030-4af9-95b9-654218562538","D12","BLDE","BLDE.AOS.groundwater.well.001","BLDE.W1.20190528.PCN","A00000053831","2019-05-28T18:01Z","2019-05-28T18:01Z","EcoCore_CSU","TPC",0.3279,"milligram",5.0,,0,"formatChange","GOOD"
"9145b0c9-c11b-4426-b2c7-0cdaa2f93a29","D12","BLDE","BLDE.AOS.groundwater.well.001","BLDE.W1.20190528.FIL","A00000031462","2019-05-28T18:01Z","2019-05-28T18:01Z","EcoCore_CSU","TDP",0.4078,"milligramsPerLiter",5.0,,0,"formatChange","GOOD"
"03f1aa50-626d-452e-a8bf-e90310e288ac","D12","BLDE","BLDE.AOS.groundwater.well.001","BLDE.W1.20190528.FIL","A00000031462","2019-05-28T18:01Z","2019-05-28T18:01Z","EcoCore_CSU","UV Absorbance (280 nm)",0.8004,,5.0,,0,"formatChange","GOOD"
"90de1c05-de18-4621-82d6-cb972f5ae2b0","D12","BLDE","BLDE.AOS.groundwater.well.001","BLDE.W1.20190528.RAW","A00000031425","2019-05-28T18:01Z","2019-05-28T18:01Z","EcoCore_CSU","TN",0.7011,"milligramsPerLiter",5.0,,0,"formatChange","GOOD"
"34bdcd97-4e3d-4ac1-8adb-bcb0929d00ba","D12","BLDE","BLDE.AOS.groundwater.well.001","BLDE.W1.20190528.FIL","A00000031462","2019-05-28T18:01Z","2019-05-28T18:01Z","EcoCore_CSU","Fe",0.4430,"milligramsPerLiter",5.0,,0,"formatChange","GOOD"
"42cd4bc7-3014-43e0-8d74-c1f14ab956c2","D12","BLDE","BLDE.AOS.groundwater.well.001","BLDE.W1.20190528.FIL","A00000031462","2019-05-28T18:01Z","2019-05-28T18:01Z","EcoCore_CSU","K",0.9120,"milligramsPerLiter",5.0,,0,"formatChange","GOOD"
"cdf07cc8-38cd-4b47-92a7-6469728e2d4b","D12","BLDE","BLDE.AOS.groundwater.well.001","BLDE.W1.20190528.FIL","A00000031462","2019-05-28T18:01Z","2019-05-28T18:01Z","EcoCore_CSU","DOC",6.4430,"milligramsPerLiter",5.0,,0,"formatChange","GOOD"
"c19c241d-e15f-4416-bdd4-c97b21a8316a","D12","BLDE","BLDE.AOS.groundwater.well.001","BLDE.W1.20190528.FIL","A00000031462","2019-05-28T18:01Z","2019-05-28T18:01Z","EcoCore_CSU","Ortho - P",0.0350,"milligramsPerLiter",5.0,,0,"formatChange","GOOD"
"834a26a7-d8f0-446c-bfbd-8eb3904b616f","D12","BLDE","BLDE.AOS.groundwater.well.001","BLDE.W1.20190528.RAW","A00000031425","2019-05-28T18:01Z","2019-05-28T18:01Z","EcoCore_CSU","TSS",950.0000,"milligramsPerLiter",5.0,,0,"formatChange","GOOD"
"f354bffe-fe07-42f8-a207-ee694d0047da","D12","BLDE","BLDE.AOS.groundwater.well.001","BLDE.W1.20190528.FIL","A00000031462","2019-05-28T18:01Z","2019-05-28T18:01Z","EcoCore_CSU","Mg",13.5470,"milligramsPerLiter",5.0,,0,"formatChange","GOOD"
"b1c1feee-35d2-42aa-9287-8e107cd2d988","D12","BLDE","BLDE.AOS.groundwater.well.001","BLDE.W1.20190528.RAW","A00000031425","2019-05-28T18:01Z","2019-05-28T18:01Z","EcoCore_CSU","TP",0.6689,"milligramsPerLiter",5.0,,0,"formatChange","GOOD"
"29525d40-cea9-4cdd-b94d-b317b757bc53","D12","BLDE","BLDE.AOS.groundwater.well.001","BLDE.W1.20190528.FIL","A00000031462","2019-05-28T18:01Z","2019-05-28T18:01Z","EcoCore_CSU","Mn",0.0010,"milligramsPerLiter",5.0,,0,"formatChange","GOOD"
"7d9a683e-d18e-446d-9c7c-ac8091ba912a","D12","BLDE","BLDE.AOS.groundwater.well.001","BLDE.W1.20190528.RAW","A00000031425","2019-05-28T18:01Z","2019-05-28T18:01Z","EcoCore_CSU","ANC",0.3400,"milliequivalentsPerLiter",5.0,,0,"formatChange","GOOD"
"e9802cbb-b9cc-4ce7-9a33-490993429869","D12","BLDE","BLDE.AOS.groundwater.well.001","BLDE.W1.20190528.FIL","A00000031462","2019-05-28T18:01Z","2019-05-28T18:01Z","EcoCore_CSU","CO3",0.0050,"milligramsPerLiter",5.0,,0,"formatChange","GOOD"
"5e408e44-c8dc-437b-8aff-75fc5f73a7b5","D12","BLDE","BLDE.AOS.groundwater.well.001","BLDE.W1.20190528.PCN","A00000053831","2019-05-28T18:01Z","2019-05-28T18:01Z","EcoCore_CSU","TPN",0.1441,"milligram",5.0,,0,"formatChange","GOOD"
"233e5eec-57dd-43b1-9108-2656b1668a69","D12","BLDE","BLDE.AOS.groundwater.well.001","BLDE.W1.20190528.FIL","A00000031462","2019-05-28T18:01Z","2019-05-28T18:01Z","EcoCore_CSU","TDN",0.3187,"milligramsPerLiter",5.0,,0,"formatChange","GOOD"
"be72f984-5c15-4de0-9ea2-db4d67baa04e","D12","BLDE","BLDE.AOS.groundwater.well.001","BLDE.W1.20190528.FIL","A00000031462","2019-05-28T18:01Z","2019-05-28T18:01Z","EcoCore_CSU","TDS",190.6200,"milligramsPerLiter",5.0,,0,"formatChange","GOOD"
"4dc006df-e833-4741-92f9-7aeadcd6e247","D12","BLDE","BLDE.AOS.groundwater.well.001","BLDE.W1.20190528.FIL","A00000031462","2019-05-28T18:01Z","2019-05-28T18:01Z","EcoCore_CSU","F",0.1067,"milligramsPerLiter",5.0,,0,"formatChange","GOOD"
"a31b9535-add5-4d2e-8180-be29058aa39a","D12","BLDE","BLDE.AOS.groundwater.well.001","BLDE.W1.20190528.FIL","A00000031462","2019-05-28T18:01Z","2019-05-28T18:01Z","EcoCore_CSU","NH4 - N",0.0539,"milligramsPerLiter",5.0,,0,"formatChange","GOOD"
"cd4d06e6-18fd-4e91-8d79-6e65b3070a73","D12","BLDE","BLDE.AOS.groundwater.well.008","BLDE.W8.20190529.RAW","A00000031474","2019-05-29T16:00Z","2019-05-29T16:00Z","EcoCore_CSU","TN",0.5507,"milligramsPerLiter",9.3,,1,"formatChange","GOOD"
"84a9c903-705d-48fd-abb0-7dcaaff011b7","D12","BLDE","BLDE.AOS.groundwater.well.008","BLDE.W8.20190529.RAW","A00000031474","2019-05-29T16:00Z","2019-05-29T16:00Z","EcoCore_CSU","TP",0.2790,"milligramsPerLiter",9.3,,1,"formatChange","GOOD"
"e3959211-d408-4fd8-aa95-2c33f720d347","D12","BLDE","BLDE.AOS.groundwater.well.008","BLDE.W8.20190529.RAW","A00000031474","2019-05-29T16:00Z","2019-05-29T16:00Z","EcoCore_CSU","TSS - Dry Mass",7000.0000,"microgram",9.3,,1,"formatChange","GOOD"
"4911b644-80d7-44ac-b1d6-1ecc1d1352f7","D12","BLDE","BLDE.AOS.groundwater.well.008","BLDE.W8.20190529.RAW","A00000031474","2019-05-29T16:00Z","2019-05-29T16:00Z","EcoCore_CSU","TOC",8.9550,"milligramsPerLiter",9.3,,1,"formatChange","GOOD"
"f18f2075-a70e-4c6f-b6ed-8bfe4f9d1282","D12","BLDE","BLDE.AOS.groundwater.well.008","BLDE.W8.20190529.FIL","A00000031455","2019-05-29T16:00Z","2019-05-29T16:00Z","EcoCore_CSU","UV Absorbance (280 nm)",0.2713,,9.3,,1,"formatChange","GOOD"
"f733b287-986d-4571-bdbb-48ca6c72dbc4","D12","BLDE","BLDE.AOS.groundwater.well.008","BLDE.W8.20190529.FIL","A00000031455","2019-05-29T16:00Z","2019-05-29T16:00Z","EcoCore_CSU","NO3+NO2 - N",0.1210,"milligramsPerLiter",9.3,,1,"formatChange","GOOD"
"15bd3cab-9f4f-4db8-a01f-afcd19650048","D12","BLDE","BLDE.AOS.groundwater.well.008","BLDE.W8.20190529.PCN","A00000053865","2019-05-29T16:00Z","2019-05-29T16:00Z","EcoCore_CSU","TPN",0.0324,"milligram",9.3,,1,"formatChange","GOOD"
"ceb06efa-f7bb-48c9-8e21-8a1cf0460f64","D12","BLDE","BLDE.AOS.groundwater.well.008","BLDE.W8.20190529.FIL","A00000031455","2019-05-29T16:00Z","2019-05-29T16:00Z","EcoCore_CSU","CO3",0.0050,"milligramsPerLiter",9.3,,1,"formatChange","GOOD"
"d2d0c3f6-14a0-4d1d-9c21-4f3174376c39","D12","BLDE","BLDE.AOS.groundwater.well.008","BLDE.W8.20190529.FIL","A00000031455","2019-05-29T16:00Z","2019-05-29T16:00Z","EcoCore_CSU","SO4",48.9700,"milligramsPerLiter",9.3,,1,"formatChange","GOOD"
"5a92a156-66d2-4006-ac0a-b04c5fc6089f","D12","BLDE","BLDE.AOS.groundwater.well.008","BLDE.W8.20190529.FIL","A00000031455","2019-05-29T16:00Z","2019-05-29T16:00Z","EcoCore_CSU","DIC",21.5200,"milligramsPerLiter",9.3,,1,"formatChange","GOOD"
"01b9d96a-4f3a-48fa-9533-57cd2c557138","D12","BLDE","BLDE.AOS.groundwater.well.008","BLDE.W8.20190529.PCN","A00000053865","2019-05-29T16:00Z","2019-05-29T16:00Z","EcoCore_CSU","TPC",0.2999,"milligram",9.3,,1,"formatChange","GOOD"
"428b8573-1541-46ba-8cbf-f9ffb51b3424","D12","BLDE","BLDE.AOS.groundwater.well.008","BLDE.W8.20190529.FIL","A00000031455","2019-05-29T16:00Z","2019-05-29T16:00Z","EcoCore_CSU","NH4 - N",0.4680,"milligramsPerLiter",9.3,,1,"formatChange","GOOD"
"f8bb10fb-d47d-4403-9520-3fdb06b5d91f","D12","BLDE","BLDE.AOS.groundwater.well.008","BLDE.W8.20190529.FIL","A00000031455","2019-05-29T16:00Z","2019-05-29T16:00Z","EcoCore_CSU","Na",5.4160,"milligramsPerLiter",9.3,,1,"formatChange","GOOD"
"56d06f20-d9e2-478c-a9bc-9e68081467e5","D12","BLDE","BLDE.AOS.groundwater.well.008","BLDE.W8.20190529.FIL","A00000031455","2019-05-29T16:00Z","2019-05-29T16:00Z","EcoCore_CSU","HCO3",6.0600,"milligramsPerLiter",9.3,,1,"formatChange","GOOD"
"fccacd3e-0ce7-4f50-ba4e-72da383e9264","D12","BLDE","BLDE.AOS.groundwater.well.008","BLDE.W8.20190529.FIL","A00000031455","2019-05-29T16:00Z","2019-05-29T16:00Z","EcoCore_CSU","Ortho - P",0.0450,"milligramsPerLiter",9.3,,1,"formatChange","GOOD"
"e9010ba8-a47b-4c20-b124-a9b878e6c685","D12","BLDE","BLDE.AOS.groundwater.well.008","BLDE.W8.20190529.FIL","A00000031455","2019-05-29T16:00Z","2019-05-29T16:00Z","EcoCore_CSU","UV Absorbance (250 nm)",0.3732,,9.3,,1,"formatChange","GOOD"
"1da1c776-b572-43c1-9859-d2a88bf59ed0","D12","BLDE","BLDE.AOS.groundwater.well.008","BLDE.W8.20190529.RAW","A00000031474","2019-05-29T16:00Z","2019-05-29T16:00Z","EcoCore_CSU","ANC",0.1600,"milliequivalentsPerLiter",9.3,,1,"formatChange","GOOD"
"a9a6c5d5-11e8-4df4-8869-90ae421e50bc","D12","BLDE","BLDE.AOS.groundwater.well.008","BLDE.W8.20190529.FIL","A00000031455","2019-05-29T16:00Z","2019-05-29T16:00Z","EcoCore_CSU","NO2 - N",-0.0017,"milligramsPerLiter",9.3,,1,"formatChange","GOOD"
"8a1ce338-9222-4836-94d3-1e03975daa62","D12","BLDE","BLDE.AOS.groundwater.well.008","BLDE.W8.20190529.FIL","A00000031455","2019-05-29T16:00Z","2019-05-29T16:00Z","EcoCore_CSU","DOC",5.7630,"milligramsPerLiter",9.3,,1,"formatChange","GOOD"
"820788cb-179a-4e08-acdd-c461a9a477a5","D12","BLDE","BLDE.AOS.groundwater.well.008","BLDE.W8.20190529.FIL","A00000031455","2019-05-29T16:00Z","2019-05-29T16:00Z","EcoCore_CSU","TDS",89.7100,"milligramsPerLiter",9.3,,1,"formatChange","GOOD"
"1be60fd2-93e8-48ca-9c04-cdb40fda98a7","D12","BLDE","BLDE.AOS.groundwater.well.008","BLDE.W8.20190529.FIL","A00000031455","2019-05-29T16:00Z","2019-05-29T16:00Z","EcoCore_CSU","F",0.6335,"milligramsPerLiter",9.3,,1,"formatChange","GOOD"
"8a938a03-ddc7-4ab0-9eea-7acd7671f30b","D12","BLDE","BLDE.AOS.groundwater.well.008","BLDE.W8.20190529.FIL","A00000031455","2019-05-29T16:00Z","2019-05-29T16:00Z","EcoCore_CSU","Fe",1.7923,"milligramsPerLiter",9.3,,1,"formatChange","GOOD"
"3ac22c50-f0f6-49eb-a2ce-47897c75306d","D12","BLDE","BLDE.AOS.groundwater.well.008","BLDE.W8.20190529.FIL","A00000031455","2019-05-29T16:00Z","2019-05-29T16:00Z","EcoCore_CSU","Ca",10.8570,"milligramsPerLiter",9.3,,1,"formatChange","GOOD"
"f7f3604b-5d6b-42a2-a500-c37e638f3e28","D12","BLDE","BLDE.AOS.groundwater.well.008","BLDE.W8.20190529.FIL","A00000031455","2019-05-29T16:00Z","2019-05-29T16:00Z","EcoCore_CSU","Mn",0.1220,"milligramsPerLiter",9.3,,1,"formatChange","GOOD"
"4ba90c2c-4923-4e3e-86b3-781b70ec4450","D12","BLDE","BLDE.AOS.groundwater.well.008","BLDE.W8.20190529.RAW","A00000031474","2019-05-29T16:00Z","2019-05-29T16:00Z","EcoCore_CSU","conductivity",126.4700,"microsiemensPerCentimeter",9.3,,1,"formatChange","GOOD"
"d43ea88d-b98e-4657-b600-94af856c189c","D12","BLDE","BLDE.AOS.groundwater.well.008","BLDE.W8.20190529.RAW","A00000031474","2019-05-29T16:00Z","2019-05-29T16:00Z","EcoCore_CSU","pH",6.6900,"pH",9.3,,1,"formatChange","GOOD"
"56ae9c48-ce53-4e19-bf41-feece6848e5b","D12","BLDE","BLDE.AOS.groundwater.well.008","BLDE.W8.20190529.RAW","A00000031474","2019-05-29T16:00Z","2019-05-29T16:00Z","EcoCore_CSU","TSS",140.0000,"milligramsPerLiter",9.3,,1,"formatChange","GOOD"
"89851ba1-d61e-4e36-a779-887d97660462","D12","BLDE","BLDE.AOS.groundwater.well.008","BLDE.W8.20190529.FIL","A00000031455","2019-05-29T16:00Z","2019-05-29T16:00Z","EcoCore_CSU","Mg",5.4880,"milligramsPerLiter",9.3,,1,"formatChange","GOOD"
"daa83b12-a825-4046-8e41-c524a29aab38","D12","BLDE","BLDE.AOS.groundwater.well.008","BLDE.W8.20190529.FIL","A00000031455","2019-05-29T16:00Z","2019-05-29T16:00Z","EcoCore_CSU","TDN",0.3218,"milligramsPerLiter",9.3,,1,"formatChange","GOOD"
"752f4a02-6966-4aba-a607-bce1474489d9","D12","BLDE","BLDE.AOS.groundwater.well.008","BLDE.W8.20190529.FIL","A00000031455","2019-05-29T16:00Z","2019-05-29T16:00Z","EcoCore_CSU","TDP",0.0681,"milligramsPerLiter",9.3,,1,"formatChange","GOOD"
"52076482-c297-45ef-80eb-0d3550bdfa89","D12","BLDE","BLDE.AOS.groundwater.well.008","BLDE.W8.20190529.FIL","A00000031455","2019-05-29T16:00Z","2019-05-29T16:00Z","EcoCore_CSU","Si",21.8400,"milligramsPerLiter",9.3,,1,"formatChange","GOOD"
"3066b3c2-37a4-4805-b737-f522a8497f1b","D12","BLDE","BLDE.AOS.groundwater.well.008","BLDE.W8.20190529.FIL","A00000031455","2019-05-29T16:00Z","2019-05-29T16:00Z","EcoCore_CSU","Cl",3.7509,"milligramsPerLiter",9.3,,1,"formatChange","GOOD"
"048ba7b4-5ef2-4514-ae81-f1111ee9d6e1","D12","BLDE","BLDE.AOS.groundwater.well.008","BLDE.W8.20190529.FIL","A00000031455","2019-05-29T16:00Z","2019-05-29T16:00Z","EcoCore_CSU","Br",0.0050,"milligramsPerLiter",9.3,,1,"formatChange","GOOD"
"8abe5d1d-ed83-429e-9f8c-ecc12cb31c6f","D12","BLDE","BLDE.AOS.groundwater.well.008","BLDE.W8.20190529.FIL","A00000031455","2019-05-29T16:00Z","2019-05-29T16:00Z","EcoCore_CSU","K",0.8120,"milligramsPerLiter",9.3,,1,"formatChange","GOOD"
"366d4847-c189-427f-9abf-0b3bdb529d4e","D12","BLDE","BLDE.AOS.groundwater.well.007","BLDE.W7.20190529.FIL","A00000031447","2019-05-29T16:38Z","2019-05-29T16:38Z","EcoCore_CSU","Ortho - P",0.0660,"milligramsPerLiter",9.3,,1,"formatChange","GOOD"
"b526f787-817f-4932-9e1a-db5c3d0b1029","D12","BLDE","BLDE.AOS.groundwater.well.007","BLDE.W7.20190529.RAW","A00000031467","2019-05-29T16:38Z","2019-05-29T16:38Z","EcoCore_CSU","ANC",1.1800,"milliequivalentsPerLiter",9.3,,1,"formatChange","GOOD"
"cea11615-165f-4150-a7c8-f3d43cd66214","D12","BLDE","BLDE.AOS.groundwater.well.007","BLDE.W7.20190529.PCN","A00000053851","2019-05-29T16:38Z","2019-05-29T16:38Z","EcoCore_CSU","TPC",0.2750,"milligram",9.3,,1,"formatChange","GOOD"
"bfb30733-ff4f-4d0f-ab15-a9265ffb4db8","D12","BLDE","BLDE.AOS.groundwater.well.007","BLDE.W7.20190529.PCN","A00000053851","2019-05-29T16:38Z","2019-05-29T16:38Z","EcoCore_CSU","TPN",0.0908,"milligram",9.3,,1,"formatChange","GOOD"
"066f9288-3d59-41ea-9732-3adc0986ef1b","D12","BLDE","BLDE.AOS.groundwater.well.007","BLDE.W7.20190529.FIL","A00000031447","2019-05-29T16:38Z","2019-05-29T16:38Z","EcoCore_CSU","DOC",6.8640,"milligramsPerLiter",9.3,,1,"formatChange","GOOD"
"b10ff949-c913-49cb-a25d-029ef5140822","D12","BLDE","BLDE.AOS.groundwater.well.007","BLDE.W7.20190529.FIL","A00000031447","2019-05-29T16:38Z","2019-05-29T16:38Z","EcoCore_CSU","Br",0.0050,"milligramsPerLiter",9.3,,1,"formatChange","GOOD"
"1ec2a0ae-a279-4b43-b888-a7a8c4c997c8","D12","BLDE","BLDE.AOS.groundwater.well.007","BLDE.W7.20190529.FIL","A00000031447","2019-05-29T16:38Z","2019-05-29T16:38Z","EcoCore_CSU","F",1.3413,"milligramsPerLiter",9.3,,1,"formatChange","GOOD"
"cd5eac04-bf3f-4d03-8fe7-0f5365dfd2b7","D12","BLDE","BLDE.AOS.groundwater.well.007","BLDE.W7.20190529.FIL","A00000031447","2019-05-29T16:38Z","2019-05-29T16:38Z","EcoCore_CSU","NO2 - N",-0.0022,"milligramsPerLiter",9.3,,1,"formatChange","GOOD"
"bfc385c7-b80a-4124-9a2b-8fc8c4572a2e","D12","BLDE","BLDE.AOS.groundwater.well.007","BLDE.W7.20190529.FIL","A00000031447","2019-05-29T16:38Z","2019-05-29T16:38Z","EcoCore_CSU","TDP",0.1615,"milligramsPerLiter",9.3,,1,"formatChange","GOOD"
"ce629e42-f7a5-481f-b7b9-22772acca36a","D12","BLDE","BLDE.AOS.groundwater.well.007","BLDE.W7.20190529.RAW","A00000031467","2019-05-29T16:38Z","2019-05-29T16:38Z","EcoCore_CSU","conductivity",214.3800,"microsiemensPerCentimeter",9.3,,1,"formatChange","GOOD"
"bccb1158-4fd9-4c3c-804f-d59a72865068","D12","BLDE","BLDE.AOS.groundwater.well.007","BLDE.W7.20190529.FIL","A00000031447","2019-05-29T16:38Z","2019-05-29T16:38Z","EcoCore_CSU","NO3+NO2 - N",0.0795,"milligramsPerLiter",9.3,,1,"formatChange","GOOD"
"e0d667e4-f4b9-43ef-a600-22ad10b83a85","D12","BLDE","BLDE.AOS.groundwater.well.007","BLDE.W7.20190529.FIL","A00000031447","2019-05-29T16:38Z","2019-05-29T16:38Z","EcoCore_CSU","UV Absorbance (250 nm)",0.6224,,9.3,,1,"formatChange","GOOD"
"e5156120-a50b-4610-97b8-52b37c16dd07","D12","BLDE","BLDE.AOS.groundwater.well.007","BLDE.W7.20190529.FIL","A00000031447","2019-05-29T16:38Z","2019-05-29T16:38Z","EcoCore_CSU","CO3",0.0050,"milligramsPerLiter",9.3,,1,"formatChange","GOOD"
"839d2780-f9f6-445c-9968-287006ec9e42","D12","BLDE","BLDE.AOS.groundwater.well.007","BLDE.W7.20190529.FIL","A00000031447","2019-05-29T16:38Z","2019-05-29T16:38Z","EcoCore_CSU","Si",35.2831,"milligramsPerLiter",9.3,,1,"formatChange","GOOD"
"05138bb3-e570-4009-a5db-56b2ae05287a","D12","BLDE","BLDE.AOS.groundwater.well.007","BLDE.W7.20190529.FIL","A00000031447","2019-05-29T16:38Z","2019-05-29T16:38Z","EcoCore_CSU","UV Absorbance (280 nm)",0.4456,,9.3,,1,"formatChange","GOOD"
"f5c6b5c0-31d0-4014-9841-c26552fff658","D12","BLDE","BLDE.AOS.groundwater.well.007","BLDE.W7.20190529.FIL","A00000031447","2019-05-29T16:38Z","2019-05-29T16:38Z","EcoCore_CSU","Na",6.4050,"milligramsPerLiter",9.3,,1,"formatChange","GOOD"
"ae78b6ea-5408-4b37-85ac-5617dd60b7ab","D12","BLDE","BLDE.AOS.groundwater.well.007","BLDE.W7.20190529.FIL","A00000031447","2019-05-29T16:38Z","2019-05-29T16:38Z","EcoCore_CSU","NH4 - N",0.2545,"milligramsPerLiter",9.3,,1,"formatChange","GOOD"
"62a1542b-52c0-4944-82f4-b23f2f15e772","D12","BLDE","BLDE.AOS.groundwater.well.007","BLDE.W7.20190529.FIL","A00000031447","2019-05-29T16:38Z","2019-05-29T16:38Z","EcoCore_CSU","Mg",8.6500,"milligramsPerLiter",9.3,,1,"formatChange","GOOD"
"78088944-9695-43db-b7a8-72e1124f6bda","D12","BLDE","BLDE.AOS.groundwater.well.007","BLDE.W7.20190529.FIL","A00000031447","2019-05-29T16:38Z","2019-05-29T16:38Z","EcoCore_CSU","Mn",0.0160,"milligramsPerLiter",9.3,,1,"formatChange","GOOD"
"7f663187-52c6-40c5-a9e9-30ae7f3393eb","D12","BLDE","BLDE.AOS.groundwater.well.007","BLDE.W7.20190529.RAW","A00000031467","2019-05-29T16:38Z","2019-05-29T16:38Z","EcoCore_CSU","pH",6.9700,"pH",9.3,,1,"formatChange","GOOD"
"e3c43a29-a3b9-4e02-b61b-53b0fdb619e3","D12","BLDE","BLDE.AOS.groundwater.well.007","BLDE.W7.20190529.FIL","A00000031447","2019-05-29T16:38Z","2019-05-29T16:38Z","EcoCore_CSU","TDS",151.6400,"milligramsPerLiter",9.3,,1,"formatChange","GOOD"
"0f8c74f6-8134-4c79-9ed9-fc72a1ef64d1","D12","BLDE","BLDE.AOS.groundwater.well.007","BLDE.W7.20190529.FIL","A00000031447","2019-05-29T16:38Z","2019-05-29T16:38Z","EcoCore_CSU","Cl",1.7560,"milligramsPerLiter",9.3,,1,"formatChange","GOOD"
"1b01c806-b526-4d0b-be44-2a12c2e5cf67","D12","BLDE","BLDE.AOS.groundwater.well.007","BLDE.W7.20190529.RAW","A00000031467","2019-05-29T16:38Z","2019-05-29T16:38Z","EcoCore_CSU","TSS - Dry Mass",26100.0000,"microgram",9.3,,1,"formatChange","GOOD"
"a4834b94-fe26-44e6-a8b8-974eca8dc3d3","D12","BLDE","BLDE.AOS.groundwater.well.007","BLDE.W7.20190529.FIL","A00000031447","2019-05-29T16:38Z","2019-05-29T16:38Z","EcoCore_CSU","HCO3",64.9100,"milligramsPerLiter",9.3,,1,"formatChange","GOOD"
"21226ad0-e35a-4645-8a01-ceb54bacc86d","D12","BLDE","BLDE.AOS.groundwater.well.007","BLDE.W7.20190529.FIL","A00000031447","2019-05-29T16:38Z","2019-05-29T16:38Z","EcoCore_CSU","SO4",45.6900,"milligramsPerLiter",9.3,,1,"formatChange","GOOD"
"24c7ecc7-52ae-49a3-ac33-4b780bd4dedb","D12","BLDE","BLDE.AOS.groundwater.well.007","BLDE.W7.20190529.FIL","A00000031447","2019-05-29T16:38Z","2019-05-29T16:38Z","EcoCore_CSU","Fe",3.5733,"milligramsPerLiter",9.3,,1,"formatChange","GOOD"
"a976b897-c01f-4bde-a66a-ac79cf189078","D12","BLDE","BLDE.AOS.groundwater.well.007","BLDE.W7.20190529.RAW","A00000031467","2019-05-29T16:38Z","2019-05-29T16:38Z","EcoCore_CSU","TP",0.3779,"milligramsPerLiter",9.3,,1,"formatChange","GOOD"
"b3d6ace9-6d6b-4e5b-aa2b-82ea57a81e1b","D12","BLDE","BLDE.AOS.groundwater.well.007","BLDE.W7.20190529.RAW","A00000031467","2019-05-29T16:38Z","2019-05-29T16:38Z","EcoCore_CSU","TOC",9.5670,"milligramsPerLiter",9.3,,1,"formatChange","GOOD"
"2469fa9e-8f79-4ca3-948d-57f5222eede0","D12","BLDE","BLDE.AOS.groundwater.well.007","BLDE.W7.20190529.RAW","A00000031467","2019-05-29T16:38Z","2019-05-29T16:38Z","EcoCore_CSU","TN",0.6146,"milligramsPerLiter",9.3,,1,"formatChange","GOOD"
"e96c6fd7-94ad-49ac-ab6a-9e9c9ebed74f","D12","BLDE","BLDE.AOS.groundwater.well.007","BLDE.W7.20190529.RAW","A00000031467","2019-05-29T16:38Z","2019-05-29T16:38Z","EcoCore_CSU","TSS",522.0000,"milligramsPerLiter",9.3,,1,"formatChange","GOOD"
"2857f9e0-4eed-4d6c-9908-1cbd6fecc6a1","D12","BLDE","BLDE.AOS.groundwater.well.007","BLDE.W7.20190529.FIL","A00000031447","2019-05-29T16:38Z","2019-05-29T16:38Z","EcoCore_CSU","Ca",22.0495,"milligramsPerLiter",9.3,,1,"formatChange","GOOD"
"6344e9fb-2717-473e-bf4c-8ab99cdcdff4","D12","BLDE","BLDE.AOS.groundwater.well.007","BLDE.W7.20190529.FIL","A00000031447","2019-05-29T16:38Z","2019-05-29T16:38Z","EcoCore_CSU","TDN",0.3967,"milligramsPerLiter",9.3,,1,"formatChange","GOOD"
"5f7411aa-27ea-4e17-b96c-4da0fac3d260","D12","BLDE","BLDE.AOS.groundwater.well.007","BLDE.W7.20190529.FIL","A00000031447","2019-05-29T16:38Z","2019-05-29T16:38Z","EcoCore_CSU","DIC",34.9400,"milligramsPerLiter",9.3,,1,"formatChange","GOOD"
"ed9e38a2-7d86-4c8d-bfad-1097f97b6866","D12","BLDE","BLDE.AOS.groundwater.well.007","BLDE.W7.20190529.FIL","A00000031447","2019-05-29T16:38Z","2019-05-29T16:38Z","EcoCore_CSU","K",1.2790,"milligramsPerLiter",9.3,,1,"formatChange","GOOD"
"8cf4ddbe-7627-4927-8354-dd1490118087","D12","BLDE","BLDE.AOS.groundwater.well.002","BLDE.W2.20190529.RAW","A00000031457","2019-05-29T17:53Z","2019-05-29T17:53Z","EcoCore_CSU","TSS - Dry Mass",14400.0000,"microgram",9.3,,1,"formatChange","GOOD"
"6d35ff5d-d366-4ea6-828b-021180ad53d1","D12","BLDE","BLDE.AOS.groundwater.well.002","BLDE.W2.20190529.FIL","A00000031458","2019-05-29T17:53Z","2019-05-29T17:53Z","EcoCore_CSU","SO4",55.8400,"milligramsPerLiter",9.3,,1,"formatChange","GOOD"
"5c9f42fa-66ab-4766-a4e7-d676c5e33bfd","D12","BLDE","BLDE.AOS.groundwater.well.002","BLDE.W2.20190529.FIL","A00000031458","2019-05-29T17:53Z","2019-05-29T17:53Z","EcoCore_CSU","NO3+NO2 - N",0.0988,"milligramsPerLiter",9.3,,1,"formatChange","GOOD"
"720f4f05-d310-480f-840e-c44b7781fea0","D12","BLDE","BLDE.AOS.groundwater.well.002","BLDE.W2.20190529.FIL","A00000031458","2019-05-29T17:53Z","2019-05-29T17:53Z","EcoCore_CSU","TDN",0.3695,"milligramsPerLiter",9.3,,1,"formatChange","GOOD"
"9bb83dbd-f56b-4a04-a9ce-dd8e5f5a6413","D12","BLDE","BLDE.AOS.groundwater.well.002","BLDE.W2.20190529.FIL","A00000031458","2019-05-29T17:53Z","2019-05-29T17:53Z","EcoCore_CSU","K",1.8460,"milligramsPerLiter",9.3,,1,"formatChange","GOOD"
"5422916a-8aca-4ea3-a793-8c88d6f03124","D12","BLDE","BLDE.AOS.groundwater.well.002","BLDE.W2.20190529.FIL","A00000031458","2019-05-29T17:53Z","2019-05-29T17:53Z","EcoCore_CSU","Mg",6.3850,"milligramsPerLiter",9.3,,1,"formatChange","GOOD"
"07d24a30-6f26-46d1-a742-e469489fc0b9","D12","BLDE","BLDE.AOS.groundwater.well.002","BLDE.W2.20190529.FIL","A00000031458","2019-05-29T17:53Z","2019-05-29T17:53Z","EcoCore_CSU","NO2 - N",-0.0023,"milligramsPerLiter",9.3,,1,"formatChange","GOOD"
"037c3603-4814-4024-ba8b-ffba840d6338","D12","BLDE","BLDE.AOS.groundwater.well.002","BLDE.W2.20190529.RAW","A00000031457","2019-05-29T17:53Z","2019-05-29T17:53Z","EcoCore_CSU","TN",0.6157,"milligramsPerLiter",9.3,,1,"formatChange","GOOD"
"84ecd38e-b182-4a91-b396-e82735f04ec6","D12","BLDE","BLDE.AOS.groundwater.well.002","BLDE.W2.20190529.FIL","A00000031458","2019-05-29T17:53Z","2019-05-29T17:53Z","EcoCore_CSU","NH4 - N",0.4008,"milligramsPerLiter",9.3,,1,"formatChange","GOOD"
"30f05a6a-556c-41ca-b130-f7e58b381d4a","D12","BLDE","BLDE.AOS.groundwater.well.002","BLDE.W2.20190529.RAW","A00000031457","2019-05-29T17:53Z","2019-05-29T17:53Z","EcoCore_CSU","TP",0.5044,"milligramsPerLiter",9.3,,1,"formatChange","GOOD"
"b2c1e74c-b224-43ef-b446-f88040ecbca1","D12","BLDE","BLDE.AOS.groundwater.well.002","BLDE.W2.20190529.FIL","A00000031458","2019-05-29T17:53Z","2019-05-29T17:53Z","EcoCore_CSU","DIC",14.8000,"milligramsPerLiter",9.3,,1,"formatChange","GOOD"
"e92aa5ef-d3e4-47a2-af9e-af20d1fd8ddd","D12","BLDE","BLDE.AOS.groundwater.well.002","BLDE.W2.20190529.FIL","A00000031458","2019-05-29T17:53Z","2019-05-29T17:53Z","EcoCore_CSU","DOC",3.8020,"milligramsPerLiter",9.3,,1,"formatChange","GOOD"
"89809540-7f5a-4903-8edc-746cbe149862","D12","BLDE","BLDE.AOS.groundwater.well.002","BLDE.W2.20190529.FIL","A00000031458","2019-05-29T17:53Z","2019-05-29T17:53Z","EcoCore_CSU","UV Absorbance (250 nm)",0.8735,,9.3,,1,"formatChange","GOOD"
"39311f0d-49b4-485f-8b52-7326b7589935","D12","BLDE","BLDE.AOS.groundwater.well.002","BLDE.W2.20190529.FIL","A00000031458","2019-05-29T17:53Z","2019-05-29T17:53Z","EcoCore_CSU","Mn",0.0690,"milligramsPerLiter",9.3,,1,"formatChange","GOOD"
"00058a83-066b-429a-a30c-4154080d34dc","D12","BLDE","BLDE.AOS.groundwater.well.002","BLDE.W2.20190529.FIL","A00000031458","2019-05-29T17:53Z","2019-05-29T17:53Z","EcoCore_CSU","Ortho - P",0.0450,"milligramsPerLiter",9.3,,1,"formatChange","GOOD"
"5ce7aaa4-d1df-4833-a8e6-7bf64e998e50","D12","BLDE","BLDE.AOS.groundwater.well.002","BLDE.W2.20190529.RAW","A00000031457","2019-05-29T17:53Z","2019-05-29T17:53Z","EcoCore_CSU","pH",6.5000,"pH",9.3,,1,"formatChange","GOOD"
"9f54f55d-3567-47e9-aba2-90ab483c7350","D12","BLDE","BLDE.AOS.groundwater.well.002","BLDE.W2.20190529.FIL","A00000031458","2019-05-29T17:53Z","2019-05-29T17:53Z","EcoCore_CSU","Si",44.8398,"milligramsPerLiter",9.3,,1,"formatChange","GOOD"
"61cf2c93-958d-462f-ba7a-94a3bd417701","D12","BLDE","BLDE.AOS.groundwater.well.002","BLDE.W2.20190529.PCN","A00000053848","2019-05-29T17:53Z","2019-05-29T17:53Z","EcoCore_CSU","TPN",-0.0276,"milligram",9.3,,1,"formatChange","GOOD"
"ddfc8c1e-5a41-44a5-8f4e-aa3a33c01d95","D12","BLDE","BLDE.AOS.groundwater.well.002","BLDE.W2.20190529.FIL","A00000031458","2019-05-29T17:53Z","2019-05-29T17:53Z","EcoCore_CSU","Fe",7.5067,"milligramsPerLiter",9.3,,1,"formatChange","GOOD"
"bb3f2178-4ecd-425b-b5de-f6c8f1b2bdd4","D12","BLDE","BLDE.AOS.groundwater.well.002","BLDE.W2.20190529.RAW","A00000031457","2019-05-29T17:53Z","2019-05-29T17:53Z","EcoCore_CSU","ANC",0.1400,"milliequivalentsPerLiter",9.3,,1,"formatChange","GOOD"
"22e2166c-ab8c-4da1-9e10-00a3247e143b","D12","BLDE","BLDE.AOS.groundwater.well.002","BLDE.W2.20190529.FIL","A00000031458","2019-05-29T17:53Z","2019-05-29T17:53Z","EcoCore_CSU","Br",0.0050,"milligramsPerLiter",9.3,,1,"formatChange","GOOD"
"d7f04eca-1ca3-42c0-a268-80fce115d666","D12","BLDE","BLDE.AOS.groundwater.well.002","BLDE.W2.20190529.RAW","A00000031457","2019-05-29T17:53Z","2019-05-29T17:53Z","EcoCore_CSU","TOC",8.7130,"milligramsPerLiter",9.3,,1,"formatChange","GOOD"
"9f494ca5-50f4-4837-8f6a-57c1e3cce9aa","D12","BLDE","BLDE.AOS.groundwater.well.002","BLDE.W2.20190529.RAW","A00000031457","2019-05-29T17:53Z","2019-05-29T17:53Z","EcoCore_CSU","conductivity",144.5600,"microsiemensPerCentimeter",9.3,,1,"formatChange","GOOD"
"958b8890-b2af-40cc-a4dc-f995b3471fbf","D12","BLDE","BLDE.AOS.groundwater.well.002","BLDE.W2.20190529.FIL","A00000031458","2019-05-29T17:53Z","2019-05-29T17:53Z","EcoCore_CSU","Na",5.2740,"milligramsPerLiter",9.3,,1,"formatChange","GOOD"
"a8f385e9-1b16-4e3a-83af-ecfb2d64de0f","D12","BLDE","BLDE.AOS.groundwater.well.002","BLDE.W2.20190529.RAW","A00000031457","2019-05-29T17:53Z","2019-05-29T17:53Z","EcoCore_CSU","TSS",288.0000,"milligramsPerLiter",9.3,,1,"formatChange","GOOD"
"a330a38f-8ecf-4f9c-b983-24e4874fe87f","D12","BLDE","BLDE.AOS.groundwater.well.002","BLDE.W2.20190529.PCN","A00000053848","2019-05-29T17:53Z","2019-05-29T17:53Z","EcoCore_CSU","TPC",0.3326,"milligram",9.3,,1,"formatChange","GOOD"
"2dd1821f-76ae-4aa7-b7c3-bc6d195335c8","D12","BLDE","BLDE.AOS.groundwater.well.002","BLDE.W2.20190529.FIL","A00000031458","2019-05-29T17:53Z","2019-05-29T17:53Z","EcoCore_CSU","Cl",2.1200,"milligramsPerLiter",9.3,,1,"formatChange","GOOD"
"3aa7e1ab-754b-4ff0-9046-66c8790dda77","D12","BLDE","BLDE.AOS.groundwater.well.002","BLDE.W2.20190529.FIL","A00000031458","2019-05-29T17:53Z","2019-05-29T17:53Z","EcoCore_CSU","TDS",102.3800,"milligramsPerLiter",9.3,,1,"formatChange","GOOD"
"a5d9432d-b195-44f3-80a9-8933f1ac07f0","D12","BLDE","BLDE.AOS.groundwater.well.002","BLDE.W2.20190529.FIL","A00000031458","2019-05-29T17:53Z","2019-05-29T17:53Z","EcoCore_CSU","UV Absorbance (280 nm)",0.6596,,9.3,,1,"formatChange","GOOD"
"8d618d03-0969-4bf2-ae4d-7b54d4deb5c9","D12","BLDE","BLDE.AOS.groundwater.well.002","BLDE.W2.20190529.FIL","A00000031458","2019-05-29T17:53Z","2019-05-29T17:53Z","EcoCore_CSU","F",1.9728,"milligramsPerLiter",9.3,,1,"formatChange","GOOD"
"53e49100-974a-4067-9237-dfcfba928a92","D12","BLDE","BLDE.AOS.groundwater.well.002","BLDE.W2.20190529.FIL","A00000031458","2019-05-29T17:53Z","2019-05-29T17:53Z","EcoCore_CSU","HCO3",6.8300,"milligramsPerLiter",9.3,,1,"formatChange","GOOD"
"6ab3e05a-b9c3-4fdd-82a6-7a982d9a61e9","D12","BLDE","BLDE.AOS.groundwater.well.002","BLDE.W2.20190529.FIL","A00000031458","2019-05-29T17:53Z","2019-05-29T17:53Z","EcoCore_CSU","CO3",0.0050,"milligramsPerLiter",9.3,,1,"formatChange","GOOD"
"a04f3c50-ac5d-48b7-abfc-d9830d649f88","D12","BLDE","BLDE.AOS.groundwater.well.002","BLDE.W2.20190529.FIL","A00000031458","2019-05-29T17:53Z","2019-05-29T17:53Z","EcoCore_CSU","Ca",12.5640,"milligramsPerLiter",9.3,,1,"formatChange","GOOD"
"783cccb0-0aab-4460-91d5-3939362b200c","D12","BLDE","BLDE.AOS.groundwater.well.002","BLDE.W2.20190529.FIL","A00000031458","2019-05-29T17:53Z","2019-05-29T17:53Z","EcoCore_CSU","TDP",0.2520,"milligramsPerLiter",9.3,,1,"formatChange","GOOD"
