uid,domainID,siteID,namedLocation,decimalLatitude,decimalLongitude,coordinateUncertainty,elevation,elevationUncertainty,geodeticDatum,collectDate,aquaticSiteType,samplingImpractical,waterChemSamplesCollected,adequateSampleVol,parentSampleID,eventID,swcSamplingProtocolVersion,sampleExtractionMethod,samplerType,totalWellDepth,wellWaterDepth,waterColumnHeight,sampleDepth,purgeAverageDischargeRate,purgeTime,gwWellStabilized,purgeDryDateTime,pumpPlacementDate,screenedIntervalDepth,maxAllowableDrawdown,actualDrawdown,MADExceeded,wellVolumePurged,probeIDUnavailable,dissolvedOxygen,dissolvedOxygenSaturation,specificConductance,waterTemp,pH,waterClarityDescrip,waterColorDescrip,aCollectedBy,bCollectedBy,remarks
"83d943b2-a46b-4151-a2c9-1fca360cbb6d","D12","BLDE","BLDE.AOS.groundwater.well.001",44.951035,-110.588202,0.1,2032.2,0.1,"WGS84","2019-05-28T18:01Z","stream",,,"Y","BLDE.W1.20190528","BLDE.20190528","NEON.DOC.002905vF","bailer tube","Groundwater Bailer Tube",2.2,1.7,0.5,,,,,,,,,,,5.0,,3.69,30.40,184.40,7.00,6.92,"cloudy","brown","0000-0003-0371-727X","0000-0003-0371-727X",
"bca4b63f-3fb6-45a5-b7e9-7afaefd0e467","D12","BLDE","BLDE.AOS.groundwater.well.008",44.953552,-110.589467,0.1,2025.2,0.1,"WGS84","2019-05-29T16:00Z","stream",,,"Y","BLDE.W8.20190529","BLDE.20190529","NEON.DOC.002905vF","bailer tube","Groundwater Bailer Tube",2.4,1.7,0.7,,,,,,,,,,,20.0,,3.32,26.70,107.40,7.20,6.45,"cloudy","brown","0000-0003-0371-727X","0000-0003-4208-4989",
"34b9099b-c64d-48ac-aed9-b1a68231e573","D12","BLDE","BLDE.AOS.groundwater.well.007",44.953300,-110.589043,0.1,2026.9,0.1,"WGS84","2019-05-29T16:38Z","stream",,,"Y","BLDE.W7.20190529","BLDE.20190529","NEON.DOC.002905vF","bailer tube","Groundwater Bailer Tube",2.3,1.3,1.0,,,,,,,,,,,8.0,,4.88,39.90,255.30,7.20,6.93,"cloudy","gray","0000-0003-0371-727X","0000-0003-4208-4989",
"bb193ea9-99de-4025-87e2-f6c341fddd04","D12","BLDE","BLDE.AOS.groundwater.well.002",44.951124,-110.588036,0.1,2032.4,0.1,"WGS84","2019-05-29T17:53Z","stream",,,"Y","BLDE.W2.20190529","BLDE.20190529","NEON.DOC.002905vF","bailer tube","Groundwater Bailer Tube",2.6,2.0,0.6,,,,,,,,,,,3.0,,5.41,48.30,155.90,11.40,6.50,"cloudy","brown","0000-0003-0371-727X","0000-0003-4208-4989",
