uid,domainID,siteID,namedLocation,collectDate,titrationDate,parentSampleID,domainSampleID,remarks,measuredBy,alkMeqPerL,alkMgPerL,ancMeqPerL,ancMgPerL
"2f672279-d44a-47b4-9405-ccf22847cf86","D12","BLDE","BLDE.AOS.groundwater.well.001","2019-05-28T18:01Z","2019-05-28T20:06Z","BLDE.W1.20190528","BLDE.W1.20190528.ALK",,"bsmallen",1.320,65.800,,
"f3b36629-8d38-4f9e-a4b4-dc47f4bcee5b","D12","BLDE","BLDE.AOS.groundwater.well.008","2019-05-29T16:00Z","2019-05-30T16:44Z","BLDE.W8.20190529","BLDE.W8.20190529.ALK",,"agill",0.660,33.300,,
"173aaaa3-89f5-4131-859b-9ba6b2de6b55","D12","BLDE","BLDE.AOS.groundwater.well.007","2019-05-29T16:38Z","2019-05-30T17:20Z","BLDE.W7.20190529","BLDE.W7.20190529.ALK",,"agill",1.840,92.100,,
"66483e62-be94-43db-86e3-c4b966ae25cb","D12","BLDE","BLDE.AOS.groundwater.well.002","2019-05-29T17:53Z","2019-05-30T15:06Z","BLDE.W2.20190529","BLDE.W2.20190529.ALK",,"astimetz",0.470,23.800,,
