uid,domainID,siteID,namedLocation,collectDate,parentSampleID,sampleCondition,sampleID,replicateNumber,gwwDICBubbleFree,gwwFiltSampleHeadspace,gwwAlkSampleHeadspace,gwwAlkSampleBubbleFree,processedDate,processedDateFilters,sampleVolumeFiltered,shipmentTimeRange
"1873e54a-22d0-41bb-ac49-6771337531bd","D12","BLDE","BLDE.AOS.groundwater.well.001","2019-05-28T18:01Z","BLDE.W1.20190528","Sample condition ok","BLDE.W1.20190528",1,,,,,"2019-05-28T18:01Z","2019-05-28T21:37Z",10.0,
"61ffb967-bad1-451d-88a9-e67b3cdc8207","D12","BLDE","BLDE.AOS.groundwater.well.008","2019-05-29T16:00Z","BLDE.W8.20190529","Sample condition ok","BLDE.W8.20190529",1,,,,,"2019-05-29T16:00Z","2019-05-29T20:35Z",15.0,
"b89a1c08-0354-4a3d-93a4-18a9d88b5033","D12","BLDE","BLDE.AOS.groundwater.well.007","2019-05-29T16:38Z","BLDE.W7.20190529","Sample condition ok","BLDE.W7.20190529",1,,,,,"2019-05-29T16:38Z","2019-05-29T20:39Z",10.0,
"8a686120-628c-4cec-aaf0-fd5701f2ffc6","D12","BLDE","BLDE.AOS.groundwater.well.002","2019-05-29T17:53Z","BLDE.W2.20190529","Sample condition ok","BLDE.W2.20190529",1,,,,,"2019-05-29T17:53Z","2019-05-29T20:39Z",10.0,
