uid,domainID,siteID,namedLocation,sampleID,sampleCode,startDate,collectDate,laboratoryName,analyte,analyteConcentration,analyteUnits,coolerTemp,remarks,shipmentWarmQF,externalLabDataQF,sampleCondition
"84e3684d-6d7c-4dea-9758-f3ce9ae3ba1c","D13","COMO","COMO.AOS.groundwater.well.001","COMO.W1.20170726.FIL",,"2017-07-26T14:44Z","2017-07-26T14:44Z","EcoCore_CSU","Na",1.2382,"milligramsPerLiter",5.4,,0,"formatChange","GOOD"
"14814794-7118-4897-80c0-2756718f0253","D13","COMO","COMO.AOS.groundwater.well.001","COMO.W1.20170726.FIL",,"2017-07-26T14:44Z","2017-07-26T14:44Z","EcoCore_CSU","TDS",15.6100,"milligramsPerLiter",5.4,,0,"formatChange","GOOD"
"6651d192-ff13-4dd4-bfdb-cac91eac662d","D13","COMO","COMO.AOS.groundwater.well.001","COMO.W1.20170726.FIL",,"2017-07-26T14:44Z","2017-07-26T14:44Z","EcoCore_CSU","TDN",0.1552,"milligramsPerLiter",5.4,,0,"formatChange","GOOD"
"80dc2e33-f2ec-420d-938b-2c4c5c484671","D13","COMO","COMO.AOS.groundwater.well.001","COMO.W1.20170726.FIL",,"2017-07-26T14:44Z","2017-07-26T14:44Z","EcoCore_CSU","Fe",0.6688,"milligramsPerLiter",5.4,,0,"formatChange","GOOD"
"01ae9761-50f9-4925-8c15-cd8fe13dde57","D13","COMO","COMO.AOS.groundwater.well.001","COMO.W1.20170726.FIL",,"2017-07-26T14:44Z","2017-07-26T14:44Z","EcoCore_CSU","DOC",3.1680,"milligramsPerLiter",5.4,,0,"formatChange","GOOD"
"dfa3787c-42d0-4761-901d-b0c5c39301ac","D13","COMO","COMO.AOS.groundwater.well.001","COMO.W1.20170726.RAW",,"2017-07-26T14:44Z","2017-07-26T14:44Z","EcoCore_CSU","ANC",0.2100,"milliequivalentsPerLiter",5.4,,0,"formatChange","GOOD"
"4591839b-c0f5-4b87-87fd-cbe34239acb2","D13","COMO","COMO.AOS.groundwater.well.001","COMO.W1.20170726.FIL",,"2017-07-26T14:44Z","2017-07-26T14:44Z","EcoCore_CSU","Cl",0.3721,"milligramsPerLiter",5.4,,0,"formatChange","GOOD"
"415d5ab2-84ab-4f5c-ba6c-aa13e98a2911","D13","COMO","COMO.AOS.groundwater.well.001","COMO.W1.20170726.FIL",,"2017-07-26T14:44Z","2017-07-26T14:44Z","EcoCore_CSU","NO2 - N",0.0256,"milligramsPerLiter",5.4,,0,"formatChange","GOOD"
"79ffea44-16c6-490e-af52-744d9a7ef3ef","D13","COMO","COMO.AOS.groundwater.well.001","COMO.W1.20170726.FIL",,"2017-07-26T14:44Z","2017-07-26T14:44Z","EcoCore_CSU","Ortho - P",0.0360,"milligramsPerLiter",5.4,,0,"formatChange","GOOD"
"b5f71f5a-e7c6-4090-b280-55d41573941d","D13","COMO","COMO.AOS.groundwater.well.001","COMO.W1.20170726.RAW",,"2017-07-26T14:44Z","2017-07-26T14:44Z","EcoCore_CSU","conductivity",30.3200,"microsiemensPerCentimeter",5.4,,0,"formatChange","GOOD"
"31fe86ac-5409-4413-8424-1678a37f78b3","D13","COMO","COMO.AOS.groundwater.well.001","COMO.W1.20170726.FIL",,"2017-07-26T14:44Z","2017-07-26T14:44Z","EcoCore_CSU","DIC",4.1180,"milligramsPerLiter",5.4,,0,"formatChange","GOOD"
"e9e28829-edf0-43b0-8f20-87b2a9822fe8","D13","COMO","COMO.AOS.groundwater.well.001","COMO.W1.20170726.FIL",,"2017-07-26T14:44Z","2017-07-26T14:44Z","EcoCore_CSU","UV Absorbance (250 nm)",0.1884,,5.4,,0,"formatChange","GOOD"
"bbbbb0ff-9c1f-42c4-9566-f8550e112523","D13","COMO","COMO.AOS.groundwater.well.001","COMO.W1.20170726.RAW",,"2017-07-26T14:44Z","2017-07-26T14:44Z","EcoCore_CSU","TN",0.2072,"milligramsPerLiter",5.4,,0,"formatChange","GOOD"
"2b302d57-f4cb-4b7b-a0fb-9488c71314a7","D13","COMO","COMO.AOS.groundwater.well.001","COMO.W1.20170726.FIL",,"2017-07-26T14:44Z","2017-07-26T14:44Z","EcoCore_CSU","Mg",0.5795,"milligramsPerLiter",5.4,,0,"formatChange","GOOD"
"64e46652-060d-4d9d-a490-b0c236e7eeaf","D13","COMO","COMO.AOS.groundwater.well.001","COMO.W1.20170726.FIL",,"2017-07-26T14:44Z","2017-07-26T14:44Z","EcoCore_CSU","HCO3",12.2600,"milligramsPerLiter",5.4,,0,"formatChange","GOOD"
"1edf45ac-8f6e-4a4f-bce7-38b5c23c894a","D13","COMO","COMO.AOS.groundwater.well.001","COMO.W1.20170726.RAW",,"2017-07-26T14:44Z","2017-07-26T14:44Z","EcoCore_CSU","TP",0.0799,"milligramsPerLiter",5.4,,0,"formatChange","GOOD"
"df9ab60f-60dc-440e-bf67-d9eb97e9237c","D13","COMO","COMO.AOS.groundwater.well.001","COMO.W1.20170726.FIL",,"2017-07-26T14:44Z","2017-07-26T14:44Z","EcoCore_CSU","UV Absorbance (280 nm)",0.1391,,5.4,,0,"formatChange","GOOD"
"2fdd5314-3d14-42d0-b366-4739b1588e66","D13","COMO","COMO.AOS.groundwater.well.001","COMO.W1.20170726.RAW",,"2017-07-26T14:44Z","2017-07-26T14:44Z","EcoCore_CSU","pH",7.4800,"pH",5.4,,0,"formatChange","GOOD"
"c0d4b5f7-e3c5-405f-afd0-569cf063b3f7","D13","COMO","COMO.AOS.groundwater.well.001","COMO.W1.20170726.RAW",,"2017-07-26T14:44Z","2017-07-26T14:44Z","EcoCore_CSU","TOC",3.6080,"milligramsPerLiter",5.4,,0,"formatChange","GOOD"
"26ef9768-b729-40fe-befc-9682afd1c45d","D13","COMO","COMO.AOS.groundwater.well.001","COMO.W1.20170726.FIL",,"2017-07-26T14:44Z","2017-07-26T14:44Z","EcoCore_CSU","NH4 - N",0.0247,"milligramsPerLiter",5.4,,0,"formatChange","GOOD"
"3de1318e-253f-4b30-bef0-0b32a8a16ecb","D13","COMO","COMO.AOS.groundwater.well.001","COMO.W1.20170726.FIL",,"2017-07-26T14:44Z","2017-07-26T14:44Z","EcoCore_CSU","NO3+NO2 - N",0.0460,"milligramsPerLiter",5.4,,0,"formatChange","GOOD"
"07d6634f-8e92-4c78-93a0-ecb8f21afce2","D13","COMO","COMO.AOS.groundwater.well.001","COMO.W1.20170726.FIL",,"2017-07-26T14:44Z","2017-07-26T14:44Z","EcoCore_CSU","Si",5.1071,"milligramsPerLiter",5.4,,0,"formatChange","GOOD"
"f48c654d-f833-411c-a179-8ee932edb100","D13","COMO","COMO.AOS.groundwater.well.001","COMO.W1.20170726.PCN",,"2017-07-26T14:44Z","2017-07-26T14:44Z","EcoCore_CSU","TPC",0.2367,"milligram",5.4,,0,"formatChange","GOOD"
"0d84c02c-e2e3-4a8e-86f0-333b1ab00e71","D13","COMO","COMO.AOS.groundwater.well.001","COMO.W1.20170726.FIL",,"2017-07-26T14:44Z","2017-07-26T14:44Z","EcoCore_CSU","Mn",0.0051,"milligramsPerLiter",5.4,,0,"formatChange","GOOD"
"6e2619ec-f86c-4c95-91ee-9244da45d4e2","D13","COMO","COMO.AOS.groundwater.well.001","COMO.W1.20170726.FIL",,"2017-07-26T14:44Z","2017-07-26T14:44Z","EcoCore_CSU","SO4",0.8636,"milligramsPerLiter",5.4,,0,"formatChange","GOOD"
"812a027b-edb7-4f1e-9c52-6d776cfb9d48","D13","COMO","COMO.AOS.groundwater.well.001","COMO.W1.20170726.FIL",,"2017-07-26T14:44Z","2017-07-26T14:44Z","EcoCore_CSU","TDP",0.0101,"milligramsPerLiter",5.4,,0,"formatChange","GOOD"
"0b401a54-b9fb-4f9f-a5d2-7ce49e60c220","D13","COMO","COMO.AOS.groundwater.well.001","COMO.W1.20170726.FIL",,"2017-07-26T14:44Z","2017-07-26T14:44Z","EcoCore_CSU","CO3",0.0000,"milligramsPerLiter",5.4,,0,"formatChange","GOOD"
"33507deb-ab4b-4db3-b1c5-0e5a57084964","D13","COMO","COMO.AOS.groundwater.well.001","COMO.W1.20170726.FIL",,"2017-07-26T14:44Z","2017-07-26T14:44Z","EcoCore_CSU","K",0.1133,"milligramsPerLiter",5.4,,0,"formatChange","GOOD"
"61874bd8-f8b4-4d5e-b5f0-c94432d8fd8f","D13","COMO","COMO.AOS.groundwater.well.001","COMO.W1.20170726.RAW",,"2017-07-26T14:44Z","2017-07-26T14:44Z","EcoCore_CSU","TSS",14.0000,"milligramsPerLiter",5.4,,0,"formatChange","GOOD"
"33a9f1cd-7eca-42a4-9a09-889c7467ddeb","D13","COMO","COMO.AOS.groundwater.well.001","COMO.W1.20170726.RAW",,"2017-07-26T14:44Z","2017-07-26T14:44Z","EcoCore_CSU","TSS - Dry Mass",700.0000,"microgram",5.4,,0,"formatChange","GOOD"
"289fcfd8-7143-4d4d-a20f-9071f5c73593","D13","COMO","COMO.AOS.groundwater.well.001","COMO.W1.20170726.FIL",,"2017-07-26T14:44Z","2017-07-26T14:44Z","EcoCore_CSU","F",0.0050,"milligramsPerLiter",5.4,,0,"formatChange","GOOD"
"0fbda2d7-01c3-4b89-9b2c-5510f44588b1","D13","COMO","COMO.AOS.groundwater.well.001","COMO.W1.20170726.PCN",,"2017-07-26T14:44Z","2017-07-26T14:44Z","EcoCore_CSU","TPN",0.0992,"milligram",5.4,,0,"formatChange","GOOD"
"4e1bfb7c-3b6e-4310-999f-99b30028a0f5","D13","COMO","COMO.AOS.groundwater.well.001","COMO.W1.20170726.FIL",,"2017-07-26T14:44Z","2017-07-26T14:44Z","EcoCore_CSU","Ca",2.4928,"milligramsPerLiter",5.4,,0,"formatChange","GOOD"
"6ff3888f-8f36-4e08-9e17-b62e0e520538","D13","COMO","COMO.AOS.groundwater.well.001","COMO.W1.20170726.FIL",,"2017-07-26T14:44Z","2017-07-26T14:44Z","EcoCore_CSU","Br",0.0050,"milligramsPerLiter",5.4,,0,"formatChange","GOOD"
"2a21c6d3-73aa-430b-9b17-c9f9bded39bc","D13","COMO","COMO.AOS.groundwater.well.002","COMO.W2.20170726.FIL",,"2017-07-26T16:14Z","2017-07-26T16:14Z","EcoCore_CSU","SO4",1.7435,"milligramsPerLiter",5.4,,0,"formatChange","GOOD"
"08b88c15-1bbe-49c9-bd4d-eca55ea1d2bd","D13","COMO","COMO.AOS.groundwater.well.002","COMO.W2.20170726.RAW",,"2017-07-26T16:14Z","2017-07-26T16:14Z","EcoCore_CSU","conductivity",35.7700,"microsiemensPerCentimeter",5.4,,0,"formatChange","GOOD"
"438bc323-09d2-4ff0-955a-a543a180ebf1","D13","COMO","COMO.AOS.groundwater.well.002","COMO.W2.20170726.FIL",,"2017-07-26T16:14Z","2017-07-26T16:14Z","EcoCore_CSU","DIC",4.5260,"milligramsPerLiter",5.4,,0,"formatChange","GOOD"
"42d486ca-f286-456b-857a-60e2b0f2fe08","D13","COMO","COMO.AOS.groundwater.well.002","COMO.W2.20170726.FIL",,"2017-07-26T16:14Z","2017-07-26T16:14Z","EcoCore_CSU","F",0.0050,"milligramsPerLiter",5.4,,0,"formatChange","GOOD"
"c1e4bf68-42d1-4edf-a764-6f9d5b2d13f5","D13","COMO","COMO.AOS.groundwater.well.002","COMO.W2.20170726.FIL",,"2017-07-26T16:14Z","2017-07-26T16:14Z","EcoCore_CSU","Ortho - P",0.0430,"milligramsPerLiter",5.4,,0,"formatChange","GOOD"
"cf8b6bc4-cffa-4135-b2b0-cb124bf6e6f8","D13","COMO","COMO.AOS.groundwater.well.002","COMO.W2.20170726.FIL",,"2017-07-26T16:14Z","2017-07-26T16:14Z","EcoCore_CSU","UV Absorbance (280 nm)",0.0768,,5.4,,0,"formatChange","GOOD"
"b3a0761d-91d6-436c-a01e-90ec0331503e","D13","COMO","COMO.AOS.groundwater.well.002","COMO.W2.20170726.RAW",,"2017-07-26T16:14Z","2017-07-26T16:14Z","EcoCore_CSU","TOC",3.9730,"milligramsPerLiter",5.4,,0,"formatChange","GOOD"
"c53ee597-21d5-44c7-9169-000150635901","D13","COMO","COMO.AOS.groundwater.well.002","COMO.W2.20170726.FIL",,"2017-07-26T16:14Z","2017-07-26T16:14Z","EcoCore_CSU","UV Absorbance (250 nm)",0.1199,,5.4,,0,"formatChange","GOOD"
"ef96d07a-37bf-4062-86d4-cd90f34eaa25","D13","COMO","COMO.AOS.groundwater.well.002","COMO.W2.20170726.FIL",,"2017-07-26T16:14Z","2017-07-26T16:14Z","EcoCore_CSU","Mn",0.0611,"milligramsPerLiter",5.4,,0,"formatChange","GOOD"
"a9c2e610-9cac-4fc6-9808-d1725dda84c7","D13","COMO","COMO.AOS.groundwater.well.002","COMO.W2.20170726.FIL",,"2017-07-26T16:14Z","2017-07-26T16:14Z","EcoCore_CSU","Mg",0.4370,"milligramsPerLiter",5.4,,0,"formatChange","GOOD"
"ca8bb224-d5f5-4047-82f2-da9309d97855","D13","COMO","COMO.AOS.groundwater.well.002","COMO.W2.20170726.FIL",,"2017-07-26T16:14Z","2017-07-26T16:14Z","EcoCore_CSU","K",0.1810,"milligramsPerLiter",5.4,,0,"formatChange","GOOD"
"823a8f91-2466-45fa-9d6e-bcc6bf777a8d","D13","COMO","COMO.AOS.groundwater.well.002","COMO.W2.20170726.FIL",,"2017-07-26T16:14Z","2017-07-26T16:14Z","EcoCore_CSU","TDN",0.1402,"milligramsPerLiter",5.4,,0,"formatChange","GOOD"
"ace7d528-fdc8-47f8-b8d6-f7b2e0f735fc","D13","COMO","COMO.AOS.groundwater.well.002","COMO.W2.20170726.RAW",,"2017-07-26T16:14Z","2017-07-26T16:14Z","EcoCore_CSU","TSS - Dry Mass",2400.0000,"microgram",5.4,,0,"formatChange","GOOD"
"4c7de8e3-7687-451d-b83a-bf1b98820d61","D13","COMO","COMO.AOS.groundwater.well.002","COMO.W2.20170726.RAW",,"2017-07-26T16:14Z","2017-07-26T16:14Z","EcoCore_CSU","TN",0.2108,"milligramsPerLiter",5.4,,0,"formatChange","GOOD"
"4dada5e8-1754-40a5-bb4f-1591bf0347ab","D13","COMO","COMO.AOS.groundwater.well.002","COMO.W2.20170726.RAW",,"2017-07-26T16:14Z","2017-07-26T16:14Z","EcoCore_CSU","TSS",48.0000,"milligramsPerLiter",5.4,,0,"formatChange","GOOD"
"6465e918-a74c-4158-b9f0-1088e92260a5","D13","COMO","COMO.AOS.groundwater.well.002","COMO.W2.20170726.FIL",,"2017-07-26T16:14Z","2017-07-26T16:14Z","EcoCore_CSU","Ca",2.2969,"milligramsPerLiter",5.4,,0,"formatChange","GOOD"
"c36a0aca-3331-495b-a303-caf853601e6e","D13","COMO","COMO.AOS.groundwater.well.002","COMO.W2.20170726.RAW",,"2017-07-26T16:14Z","2017-07-26T16:14Z","EcoCore_CSU","TP",0.0165,"milligramsPerLiter",5.4,,0,"formatChange","GOOD"
"7faa34df-0a82-49fa-9c68-9ed0ea631fb4","D13","COMO","COMO.AOS.groundwater.well.002","COMO.W2.20170726.FIL",,"2017-07-26T16:14Z","2017-07-26T16:14Z","EcoCore_CSU","TDP",0.0055,"milligramsPerLiter",5.4,,0,"formatChange","GOOD"
"769ad6b7-609e-4844-a066-27a8737fde1d","D13","COMO","COMO.AOS.groundwater.well.002","COMO.W2.20170726.FIL",,"2017-07-26T16:14Z","2017-07-26T16:14Z","EcoCore_CSU","DOC",3.2070,"milligramsPerLiter",5.4,,0,"formatChange","GOOD"
"ad0d4916-21b5-47da-bb0a-93a7ffcc0c3d","D13","COMO","COMO.AOS.groundwater.well.002","COMO.W2.20170726.PCN",,"2017-07-26T16:14Z","2017-07-26T16:14Z","EcoCore_CSU","TPN",0.0747,"milligram",5.4,,0,"formatChange","GOOD"
"e4bd833e-3b96-428e-8469-b815d20074ca","D13","COMO","COMO.AOS.groundwater.well.002","COMO.W2.20170726.FIL",,"2017-07-26T16:14Z","2017-07-26T16:14Z","EcoCore_CSU","Cl",0.3513,"milligramsPerLiter",5.4,,0,"formatChange","GOOD"
"11777967-0490-4070-aac6-98fbb88858b0","D13","COMO","COMO.AOS.groundwater.well.002","COMO.W2.20170726.FIL",,"2017-07-26T16:14Z","2017-07-26T16:14Z","EcoCore_CSU","CO3",0.0000,"milligramsPerLiter",5.4,,0,"formatChange","GOOD"
"7335352b-2c4b-4655-84e6-7921f3bd8af0","D13","COMO","COMO.AOS.groundwater.well.002","COMO.W2.20170726.FIL",,"2017-07-26T16:14Z","2017-07-26T16:14Z","EcoCore_CSU","Si",4.7464,"milligramsPerLiter",5.4,,0,"formatChange","GOOD"
"f2591cce-e8ad-411e-92c6-6f470c7e61b0","D13","COMO","COMO.AOS.groundwater.well.002","COMO.W2.20170726.FIL",,"2017-07-26T16:14Z","2017-07-26T16:14Z","EcoCore_CSU","Na",2.0370,"milligramsPerLiter",5.4,,0,"formatChange","GOOD"
"4309ffc7-1776-4cd9-be4c-6df50d1dde32","D13","COMO","COMO.AOS.groundwater.well.002","COMO.W2.20170726.RAW",,"2017-07-26T16:14Z","2017-07-26T16:14Z","EcoCore_CSU","ANC",0.2500,"milliequivalentsPerLiter",5.4,,0,"formatChange","GOOD"
"f4e7a018-0524-4699-a50a-7fa3792d3732","D13","COMO","COMO.AOS.groundwater.well.002","COMO.W2.20170726.FIL",,"2017-07-26T16:14Z","2017-07-26T16:14Z","EcoCore_CSU","Fe",0.1163,"milligramsPerLiter",5.4,,0,"formatChange","GOOD"
"cac0ae3b-102e-4cd3-91ed-468eb239c66e","D13","COMO","COMO.AOS.groundwater.well.002","COMO.W2.20170726.FIL",,"2017-07-26T16:14Z","2017-07-26T16:14Z","EcoCore_CSU","TDS",17.4300,"milligramsPerLiter",5.4,,0,"formatChange","GOOD"
"706f6e84-d371-4194-b4bd-f05f0bf9193e","D13","COMO","COMO.AOS.groundwater.well.002","COMO.W2.20170726.FIL",,"2017-07-26T16:14Z","2017-07-26T16:14Z","EcoCore_CSU","NO2 - N",0.0442,"milligramsPerLiter",5.4,,0,"formatChange","GOOD"
"c435af61-3be8-4154-9468-60098ff2e944","D13","COMO","COMO.AOS.groundwater.well.002","COMO.W2.20170726.FIL",,"2017-07-26T16:14Z","2017-07-26T16:14Z","EcoCore_CSU","NO3+NO2 - N",0.0477,"milligramsPerLiter",5.4,,0,"formatChange","GOOD"
"53949642-8261-4289-8f87-0d1aa111b26e","D13","COMO","COMO.AOS.groundwater.well.002","COMO.W2.20170726.FIL",,"2017-07-26T16:14Z","2017-07-26T16:14Z","EcoCore_CSU","Br",0.0050,"milligramsPerLiter",5.4,,0,"formatChange","GOOD"
"ec5a2298-eb71-45ff-b219-40c506aa945e","D13","COMO","COMO.AOS.groundwater.well.002","COMO.W2.20170726.PCN",,"2017-07-26T16:14Z","2017-07-26T16:14Z","EcoCore_CSU","TPC",0.2483,"milligram",5.4,,0,"formatChange","GOOD"
"12399a75-7001-4d66-88ad-265456728258","D13","COMO","COMO.AOS.groundwater.well.002","COMO.W2.20170726.FIL",,"2017-07-26T16:14Z","2017-07-26T16:14Z","EcoCore_CSU","NH4 - N",0.0275,"milligramsPerLiter",5.4,,0,"formatChange","GOOD"
"340b14c1-a6fb-40be-9a72-d95771fcd30a","D13","COMO","COMO.AOS.groundwater.well.002","COMO.W2.20170726.RAW",,"2017-07-26T16:14Z","2017-07-26T16:14Z","EcoCore_CSU","pH",6.6600,"pH",5.4,,0,"formatChange","GOOD"
"595b07f4-742e-4aa2-a8a7-113a89a1aa20","D13","COMO","COMO.AOS.groundwater.well.002","COMO.W2.20170726.FIL",,"2017-07-26T16:14Z","2017-07-26T16:14Z","EcoCore_CSU","HCO3",12.0800,"milligramsPerLiter",5.4,,0,"formatChange","GOOD"
"bb5e1448-2c8b-45d5-9209-156685c75998","D13","COMO","COMO.AOS.groundwater.well.004","COMO.W4.20170726.RAW",,"2017-07-26T18:10Z","2017-07-26T18:10Z","EcoCore_CSU","TP",0.0812,"milligramsPerLiter",5.4,,0,"formatChange","GOOD"
"fa791a9d-7995-46bb-b51e-ad6ffa70aa63","D13","COMO","COMO.AOS.groundwater.well.004","COMO.W4.20170726.FIL",,"2017-07-26T18:10Z","2017-07-26T18:10Z","EcoCore_CSU","NH4 - N",0.0346,"milligramsPerLiter",5.4,,0,"formatChange","GOOD"
"771052cb-cca0-45af-9dfc-50a9051345b8","D13","COMO","COMO.AOS.groundwater.well.004","COMO.W4.20170726.FIL",,"2017-07-26T18:10Z","2017-07-26T18:10Z","EcoCore_CSU","SO4",1.6824,"milligramsPerLiter",5.4,,0,"formatChange","GOOD"
"d3be5c40-a3d9-44e6-a49f-b5d288dcc9b1","D13","COMO","COMO.AOS.groundwater.well.004","COMO.W4.20170726.RAW",,"2017-07-26T18:10Z","2017-07-26T18:10Z","EcoCore_CSU","TN",0.1928,"milligramsPerLiter",5.4,,0,"formatChange","GOOD"
"286cfe61-4397-43e6-8f59-030ae68d2cba","D13","COMO","COMO.AOS.groundwater.well.004","COMO.W4.20170726.FIL",,"2017-07-26T18:10Z","2017-07-26T18:10Z","EcoCore_CSU","DOC",3.4640,"milligramsPerLiter",5.4,,0,"formatChange","GOOD"
"c2e79e5e-5e19-4269-90e0-ce2b5a251a9a","D13","COMO","COMO.AOS.groundwater.well.004","COMO.W4.20170726.RAW",,"2017-07-26T18:10Z","2017-07-26T18:10Z","EcoCore_CSU","ANC",0.2400,"milliequivalentsPerLiter",5.4,,0,"formatChange","GOOD"
"c4781ef9-8500-4f93-99e0-c8fee607cead","D13","COMO","COMO.AOS.groundwater.well.004","COMO.W4.20170726.FIL",,"2017-07-26T18:10Z","2017-07-26T18:10Z","EcoCore_CSU","Si",5.6833,"milligramsPerLiter",5.4,,0,"formatChange","GOOD"
"02e08752-8a39-4e0c-978d-3f484947b457","D13","COMO","COMO.AOS.groundwater.well.004","COMO.W4.20170726.FIL",,"2017-07-26T18:10Z","2017-07-26T18:10Z","EcoCore_CSU","Ortho - P",0.0450,"milligramsPerLiter",5.4,,0,"formatChange","GOOD"
"9b31883c-05e1-48af-a2fc-8301dd495691","D13","COMO","COMO.AOS.groundwater.well.004","COMO.W4.20170726.FIL",,"2017-07-26T18:10Z","2017-07-26T18:10Z","EcoCore_CSU","Mn",0.0402,"milligramsPerLiter",5.4,,0,"formatChange","GOOD"
"20b11225-090f-4c6e-8260-7ae3b4fdecab","D13","COMO","COMO.AOS.groundwater.well.004","COMO.W4.20170726.FIL",,"2017-07-26T18:10Z","2017-07-26T18:10Z","EcoCore_CSU","Mg",0.7005,"milligramsPerLiter",5.4,,0,"formatChange","GOOD"
"ea9810b1-dac2-4a71-bc67-ff206c243726","D13","COMO","COMO.AOS.groundwater.well.004","COMO.W4.20170726.FIL",,"2017-07-26T18:10Z","2017-07-26T18:10Z","EcoCore_CSU","UV Absorbance (250 nm)",0.0845,,5.4,,0,"formatChange","GOOD"
"7c31ea9c-3fb4-4bfe-b54e-a89ceac3c827","D13","COMO","COMO.AOS.groundwater.well.004","COMO.W4.20170726.FIL",,"2017-07-26T18:10Z","2017-07-26T18:10Z","EcoCore_CSU","Br",0.0050,"milligramsPerLiter",5.4,,0,"formatChange","GOOD"
"42e9af96-c815-4801-8d8a-8f10d64f09f7","D13","COMO","COMO.AOS.groundwater.well.004","COMO.W4.20170726.RAW",,"2017-07-26T18:10Z","2017-07-26T18:10Z","EcoCore_CSU","TOC",5.0550,"milligramsPerLiter",5.4,,0,"formatChange","GOOD"
"1904521d-b485-42df-8b91-800033cae0fb","D13","COMO","COMO.AOS.groundwater.well.004","COMO.W4.20170726.FIL",,"2017-07-26T18:10Z","2017-07-26T18:10Z","EcoCore_CSU","Cl",0.6055,"milligramsPerLiter",5.4,,0,"formatChange","GOOD"
"80733a57-3598-40a3-9360-4ce2cb868672","D13","COMO","COMO.AOS.groundwater.well.004","COMO.W4.20170726.FIL",,"2017-07-26T18:10Z","2017-07-26T18:10Z","EcoCore_CSU","HCO3",13.8200,"milligramsPerLiter",5.4,,0,"formatChange","GOOD"
"017c17f4-88da-40a5-88ff-fbdf49cf3e38","D13","COMO","COMO.AOS.groundwater.well.004","COMO.W4.20170726.FIL",,"2017-07-26T18:10Z","2017-07-26T18:10Z","EcoCore_CSU","DIC",4.5080,"milligramsPerLiter",5.4,,0,"formatChange","GOOD"
"565670ae-4ae4-4a48-98af-72162c4a3f90","D13","COMO","COMO.AOS.groundwater.well.004","COMO.W4.20170726.FIL",,"2017-07-26T18:10Z","2017-07-26T18:10Z","EcoCore_CSU","UV Absorbance (280 nm)",0.0512,,5.4,,0,"formatChange","GOOD"
"09179c5b-89cd-47a7-bf0d-2cb6f5b709f4","D13","COMO","COMO.AOS.groundwater.well.004","COMO.W4.20170726.FIL",,"2017-07-26T18:10Z","2017-07-26T18:10Z","EcoCore_CSU","F",0.0050,"milligramsPerLiter",5.4,,0,"formatChange","GOOD"
"42ffe9e0-538e-411c-9578-642b65eb424a","D13","COMO","COMO.AOS.groundwater.well.004","COMO.W4.20170726.FIL",,"2017-07-26T18:10Z","2017-07-26T18:10Z","EcoCore_CSU","TDS",18.1000,"milligramsPerLiter",5.4,,0,"formatChange","GOOD"
"d0a18cbd-b183-4a3c-9858-131eeeac8435","D13","COMO","COMO.AOS.groundwater.well.004","COMO.W4.20170726.FIL",,"2017-07-26T18:10Z","2017-07-26T18:10Z","EcoCore_CSU","TDP",0.0089,"milligramsPerLiter",5.4,,0,"formatChange","GOOD"
"ed4c7673-d4aa-4ae7-b27f-25a0f7ac2a80","D13","COMO","COMO.AOS.groundwater.well.004","COMO.W4.20170726.PCN",,"2017-07-26T18:10Z","2017-07-26T18:10Z","EcoCore_CSU","TPC",0.3032,"milligram",5.4,,0,"formatChange","GOOD"
"b5068ed1-e8cd-44db-93b0-3a6900f9e6c3","D13","COMO","COMO.AOS.groundwater.well.004","COMO.W4.20170726.RAW",,"2017-07-26T18:10Z","2017-07-26T18:10Z","EcoCore_CSU","TSS - Dry Mass",3600.0000,"microgram",5.4,,0,"formatChange","GOOD"
"676b0971-073a-41d5-b491-b05e481dd4ef","D13","COMO","COMO.AOS.groundwater.well.004","COMO.W4.20170726.FIL",,"2017-07-26T18:10Z","2017-07-26T18:10Z","EcoCore_CSU","Ca",3.0276,"milligramsPerLiter",5.4,,0,"formatChange","GOOD"
"fb02f515-d5e1-4a73-bc98-abd0875a6d60","D13","COMO","COMO.AOS.groundwater.well.004","COMO.W4.20170726.FIL",,"2017-07-26T18:10Z","2017-07-26T18:10Z","EcoCore_CSU","TDN",0.1616,"milligramsPerLiter",5.4,,0,"formatChange","GOOD"
"b3fa28d5-a3fa-4974-8ef7-b9e14384849a","D13","COMO","COMO.AOS.groundwater.well.004","COMO.W4.20170726.FIL",,"2017-07-26T18:10Z","2017-07-26T18:10Z","EcoCore_CSU","Fe",0.0152,"milligramsPerLiter",5.4,,0,"formatChange","GOOD"
"c41dfcae-d0d9-417f-8e03-083eb506796a","D13","COMO","COMO.AOS.groundwater.well.004","COMO.W4.20170726.FIL",,"2017-07-26T18:10Z","2017-07-26T18:10Z","EcoCore_CSU","NO3+NO2 - N",0.0478,"milligramsPerLiter",5.4,,0,"formatChange","GOOD"
"73afd994-d834-45fb-b40c-a0d613edbf3d","D13","COMO","COMO.AOS.groundwater.well.004","COMO.W4.20170726.FIL",,"2017-07-26T18:10Z","2017-07-26T18:10Z","EcoCore_CSU","CO3",0.0000,"milligramsPerLiter",5.4,,0,"formatChange","GOOD"
"ba12bf22-083e-4809-b761-7fdec4a5d833","D13","COMO","COMO.AOS.groundwater.well.004","COMO.W4.20170726.RAW",,"2017-07-26T18:10Z","2017-07-26T18:10Z","EcoCore_CSU","conductivity",40.4100,"microsiemensPerCentimeter",5.4,,0,"formatChange","GOOD"
"51e5463e-d8a7-435e-bf19-f06b93876cba","D13","COMO","COMO.AOS.groundwater.well.004","COMO.W4.20170726.FIL",,"2017-07-26T18:10Z","2017-07-26T18:10Z","EcoCore_CSU","Na",1.4604,"milligramsPerLiter",5.4,,0,"formatChange","GOOD"
"24efb633-9564-403f-b506-1e6facf265d2","D13","COMO","COMO.AOS.groundwater.well.004","COMO.W4.20170726.PCN",,"2017-07-26T18:10Z","2017-07-26T18:10Z","EcoCore_CSU","TPN",0.0507,"milligram",5.4,,0,"formatChange","GOOD"
"d4fc7b0d-6f61-46fb-b433-2f8ee3092130","D13","COMO","COMO.AOS.groundwater.well.004","COMO.W4.20170726.FIL",,"2017-07-26T18:10Z","2017-07-26T18:10Z","EcoCore_CSU","NO2 - N",0.0412,"milligramsPerLiter",5.4,,0,"formatChange","GOOD"
"c7bf922b-9035-4780-8905-f32aed3964eb","D13","COMO","COMO.AOS.groundwater.well.004","COMO.W4.20170726.RAW",,"2017-07-26T18:10Z","2017-07-26T18:10Z","EcoCore_CSU","TSS",72.0000,"milligramsPerLiter",5.4,,0,"formatChange","GOOD"
"98e0a212-45ea-4185-ba10-570a20c390a6","D13","COMO","COMO.AOS.groundwater.well.004","COMO.W4.20170726.FIL",,"2017-07-26T18:10Z","2017-07-26T18:10Z","EcoCore_CSU","K",0.2218,"milligramsPerLiter",5.4,,0,"formatChange","GOOD"
"9c66ca7d-c770-4fb5-8099-94b453ae0454","D13","COMO","COMO.AOS.groundwater.well.004","COMO.W4.20170726.RAW",,"2017-07-26T18:10Z","2017-07-26T18:10Z","EcoCore_CSU","pH",6.3600,"pH",5.4,,0,"formatChange","GOOD"
