uid,domainID,siteID,namedLocation,decimalLatitude,decimalLongitude,coordinateUncertainty,elevation,elevationUncertainty,geodeticDatum,collectDate,aquaticSiteType,samplingImpractical,waterChemSamplesCollected,adequateSampleVol,parentSampleID,eventID,swcSamplingProtocolVersion,sampleExtractionMethod,samplerType,totalWellDepth,wellWaterDepth,waterColumnHeight,sampleDepth,purgeAverageDischargeRate,purgeTime,gwWellStabilized,purgeDryDateTime,pumpPlacementDate,screenedIntervalDepth,maxAllowableDrawdown,actualDrawdown,MADExceeded,wellVolumePurged,probeIDUnavailable,dissolvedOxygen,dissolvedOxygenSaturation,specificConductance,waterTemp,pH,waterClarityDescrip,waterColorDescrip,aCollectedBy,bCollectedBy,remarks
"a5231e0b-cc77-41da-823a-3befcfeb9fea","D06","KING","KING.AOS.groundwater.well.001",39.104728,-96.602945,0.1,329.4,0.1,"WGS84","2020-09-02T17:30Z","stream",,"Y","Y","KING.W1.20200902","KING.20200902","NEON.DOC.002905vG","low-flow","Groundwater Pump",9.7,4.3,5.4,5.3,200.0,10.0,,,,,,,,2.0,,0.42,4.80,687.00,20.80,7.40,"clear","colorless","0000-0003-1449-7081","0000-0001-7163-2310",
"d97298de-dc2a-4769-a2c5-06253be5f957","D06","KING","KING.AOS.groundwater.well.004",39.104850,-96.603323,0.1,328.6,0.1,"WGS84","2020-09-02T18:50Z","stream",,"Y","Y","KING.W4.20200902","KING.20200902","NEON.DOC.002905vG","low-flow","Groundwater Pump",8.5,3.9,4.5,4.9,240.0,10.0,,,,,,,,2.4,,1.84,21.30,673.00,19.80,7.23,"clear","colorless","0000-0003-1449-7081","0000-0001-7163-2310",
"5cef2940-8bec-4cdb-94ef-267d4f1e1537","D06","KING","KING.AOS.groundwater.well.002",39.104936,-96.602639,0.1,329.1,0.1,"WGS84","2020-09-03T15:20Z","stream",,"Y","Y","KING.W2.20200903","KING.20200903","NEON.DOC.002905vG","low-flow","Groundwater Pump",6.6,4.0,2.7,5.0,200.0,11.0,,,,,,,,2.2,,1.94,19.70,657.00,15.30,7.13,"clear","colorless","0000-0001-7163-2310","0000-0003-1449-7081",
"30261012-75e4-40aa-a4f9-1d79abf76769","D06","KING","KING.AOS.groundwater.well.008",39.105096,-96.603080,0.1,328.4,0.1,"WGS84","2020-09-03T16:39Z","stream",,"Y","Y","KING.W8.20200903","KING.20200903","NEON.DOC.002905vG","low-flow","Groundwater Pump",8.4,3.7,4.7,4.7,340.0,17.0,,,,,,,,5.8,,3.08,33.30,711.00,16.40,7.16,"clear","colorless","0000-0001-7163-2310","0000-0003-1449-7081",
