uid,domainID,siteID,namedLocation,collectDate,titrationDate,parentSampleID,domainSampleID,remarks,measuredBy,alkMeqPerL,alkMgPerL,ancMeqPerL,ancMgPerL
"b4030c98-21bc-4957-8254-fc9a5dd8e455","D06","KING","KING.AOS.groundwater.well.001","2020-09-02T17:30Z","2020-09-02T21:30Z","KING.W1.20200902","KING.W1.20200902.ALK",,"hturner",6.820,341.000,,
"88ce1819-e777-4e23-9450-d0fc78ad4a65","D06","KING","KING.AOS.groundwater.well.004","2020-09-02T18:50Z","2020-09-02T21:05Z","KING.W4.20200902","KING.W4.20200902.ALK",,"hturner",6.410,321.000,,
"5041efb5-564a-4022-bb85-ec03edeed34f","D06","KING","KING.AOS.groundwater.well.002","2020-09-03T15:20Z","2020-09-03T18:58Z","KING.W2.20200903","KING.W2.20200903.ALK",,"hturner",6.640,332.000,,
"370ee30a-d6e9-4cb2-b12d-9a031ff25a7e","D06","KING","KING.AOS.groundwater.well.008","2020-09-03T16:39Z","2020-09-03T19:26Z","KING.W8.20200903","KING.W8.20200903.ALK",,"hturner",7.400,370.000,,
