uid,domainID,siteID,namedLocation,collectDate,parentSampleID,sampleCondition,sampleID,replicateNumber,gwwDICBubbleFree,gwwFiltSampleHeadspace,gwwAlkSampleHeadspace,gwwAlkSampleBubbleFree,processedDate,processedDateFilters,sampleVolumeFiltered,shipmentTimeRange
"752f4545-d2fe-44f8-afed-5307c72c8cdd","D06","KING","KING.AOS.groundwater.well.001","2020-09-02T17:30Z","KING.W1.20200902","Sample condition ok","KING.W1.20200902",1,,,,,"2020-09-02T17:45Z","2020-09-02T20:00Z",600.0,"within 24 hours of collection"
"4e04dc30-6691-4a8f-b514-1eacc10766ed","D06","KING","KING.AOS.groundwater.well.004","2020-09-02T18:50Z","KING.W4.20200902","Sample condition ok","KING.W4.20200902",1,,,,,"2020-09-02T19:05Z","2020-09-02T20:00Z",1000.0,"within 24 hours of collection"
"dd4f610c-a92e-445c-a371-16a1c424faa7","D06","KING","KING.AOS.groundwater.well.002","2020-09-03T15:20Z","KING.W2.20200903","Sample condition ok","KING.W2.20200903",1,,,,,"2020-09-03T15:31Z","2020-09-03T17:50Z",600.0,"within 24 hours of collection"
"b25f8651-5af4-459d-93b1-f6ef2dd6db1f","D06","KING","KING.AOS.groundwater.well.008","2020-09-03T16:39Z","KING.W8.20200903","Sample condition ok","KING.W8.20200903",1,,,,,"2020-09-03T16:50Z","2020-09-03T17:50Z",600.0,"within 24 hours of collection"
