uid,domainID,siteID,namedLocation,collectDate,titrationDate,parentSampleID,domainSampleID,remarks,measuredBy,alkMeqPerL,alkMgPerL,ancMeqPerL,ancMgPerL
"826ddb47-aa0b-4110-9f22-b3bd791568a2","D03","SUGG","SUGG.AOS.groundwater.well.008","2016-04-14T13:43Z","2016-04-15T13:00Z","SUGG.W8.20160414","SUGG.W8.20160414.ALK","no pH meter check recorded","echartrand@neoninc.org",0.160,8.190,,
"461ba812-3d03-4f14-a8c1-dccd0576b9f2","D03","SUGG","SUGG.AOS.groundwater.well.008","2016-04-14T13:43Z","2016-04-15T13:00Z","SUGG.W8.20160414","SUGG.W8.20160414.ANC","pH meter check not recorded","echartrand@neoninc.org",,,0.180,9.100
"4bc8daf2-f104-4230-a370-93e56722f23a","D03","SUGG","SUGG.AOS.groundwater.well.006","2016-04-14T14:59Z","2016-04-15T15:30Z","SUGG.W6.20160414","SUGG.W6.20160414.ANC","no pH meter check recorded","echartrand@neoninc.org",,,3.080,154.000
"4db41140-a5f2-4681-a8a7-b30ee65df892","D03","SUGG","SUGG.AOS.groundwater.well.006","2016-04-14T14:59Z","2016-04-15T15:30Z","SUGG.W6.20160414","SUGG.W6.20160414.ALK","no pH meter check recorded","echartrand@neoninc.org",3.000,150.000,,
"d55f2858-9e75-47cb-bc69-0db5255e33ab","D03","SUGG","SUGG.AOS.groundwater.well.004","2016-04-15T15:06Z","2016-04-15T20:00Z","SUGG.W4.20160415","SUGG.W4.20160415.ALK","no ph meter check recorded","echartrand@neoninc.org",0.190,9.330,,
"74c153ab-0266-4755-8888-c9905c8bd094","D03","SUGG","SUGG.AOS.groundwater.well.004","2016-04-15T15:06Z","2016-04-15T20:00Z","SUGG.W4.20160415","SUGG.W4.20160415.ANC","no ph meter check recorded","echartrand@neoninc.org",,,0.160,7.960
"c6b81ae1-c84c-436e-93d0-522d7168a98e","D03","SUGG","SUGG.AOS.groundwater.well.001","2016-04-15T16:58Z","2016-04-15T19:00Z","SUGG.W1.20160415","SUGG.W1.20160415.ANC","no pH meter check recorded","echartrand@neoninc.org",,,1.330,66.400
"4a6d99da-9433-49c6-8ddb-4be6c9f1bd77","D03","SUGG","SUGG.AOS.groundwater.well.001","2016-04-15T16:58Z","2016-04-15T19:00Z","SUGG.W1.20160415","SUGG.W1.20160415.ALK","no pH meter check recorded","echartrand@neoninc.org",1.410,70.700,,
