uid,domainID,siteID,namedLocation,decimalLatitude,decimalLongitude,coordinateUncertainty,elevation,elevationUncertainty,geodeticDatum,collectDate,aquaticSiteType,samplingImpractical,waterChemSamplesCollected,adequateSampleVol,parentSampleID,eventID,swcSamplingProtocolVersion,sampleExtractionMethod,samplerType,totalWellDepth,wellWaterDepth,waterColumnHeight,sampleDepth,purgeAverageDischargeRate,purgeTime,gwWellStabilized,purgeDryDateTime,pumpPlacementDate,screenedIntervalDepth,maxAllowableDrawdown,actualDrawdown,MADExceeded,wellVolumePurged,probeIDUnavailable,dissolvedOxygen,dissolvedOxygenSaturation,specificConductance,waterTemp,pH,waterClarityDescrip,waterColorDescrip,aCollectedBy,bCollectedBy,remarks
"5051d240-c1bc-4594-bf71-1dd6bc61d467","D03","SUGG","SUGG.AOS.groundwater.well.008",29.684442,-82.017677,0.1,32.1,0.1,"WGS84","2016-04-14T13:43Z","lake",,,,"SUGG.W8.20160414","SUGG.20160414","NEON.DOC.002905vB","low-flow",,,6.1,,10.7,,,,,,,,,,7.9,,0.49,5.50,101.30,20.60,,,,"ksandusky@neoninc.org","jford@field-ops.org","12.94m total depth of well 6.8m to water"
"40f64f8a-5699-41c6-a022-dbe94490ba43","D03","SUGG","SUGG.AOS.groundwater.well.006",29.683664,-82.015261,0.1,37.4,0.1,"WGS84","2016-04-14T14:59Z","lake",,,,"SUGG.W6.20160414","SUGG.20160414","NEON.DOC.002905vB","low-flow",,,2.2,,9.7,,,,,,,,,,8.9,,5.75,65.80,293.20,22.00,,,,"ksandusky@neoninc.org","jford@field-ops.org","sharepoint reference sheet states pump depth should be 8.69- not even at water depth. moved pump position by +1m for collection and readings 10.96m total depth of well 8.8 m to water"
"b6fc441c-5500-4041-b27d-d5d7836daabc","D03","SUGG","SUGG.AOS.groundwater.well.004",29.691331,-82.015778,0.1,34.5,0.1,"WGS84","2016-04-15T15:06Z","lake",,,,"SUGG.W4.20160415","SUGG.20160415","NEON.DOC.002905vB","low-flow",,,8.7,,12.4,,,,,,,,,,7.0,,7.35,82.39,35.90,21.30,,,,"ksandusky@neoninc.org","jford@field-ops.org",
"2c8af67f-6f8e-45ff-a46c-ab0adc41e1fb","D03","SUGG","SUGG.AOS.groundwater.well.001",29.693879,-82.018343,0.1,37.8,0.1,"WGS84","2016-04-15T16:58Z","lake",,,,"SUGG.W1.20160415","SUGG.20160415","NEON.DOC.002905vB","low-flow",,,4.7,,12.4,,,,,,,,,,7.5,,3.46,38.80,156.10,20.90,,,,"ksandusky@neoninc.org","jford@field-ops.org","14.83m total depth of well 10.13m to water"
