uid,domainID,siteID,namedLocation,collectDate,titrationDate,parentSampleID,domainSampleID,remarks,measuredBy,alkMeqPerL,alkMgPerL,ancMeqPerL,ancMgPerL
"b194fd1c-fce6-480c-b8da-b1cea948645c","D18","OKSR","OKSR.AOS.groundwater.well.007","2020-07-28T19:19Z","2020-07-29T18:13Z","OKSR.W7.20200728","OKSR.W7.20200728.ALK",,"tippettvannini@battelleecology.org",0.300,15.200,,
"a0cc8a02-cfb6-435f-9b6b-b1ef63a8d0eb","D18","OKSR","OKSR.AOS.groundwater.well.005","2020-07-28T22:48Z","2020-07-29T19:24Z","OKSR.W5.20200728","OKSR.W5.20200728.ALK",,"tippettvannini@battelleecology.org",0.460,23.100,,
"dc55f4a5-d3a2-4e84-8d3a-1608b25a2b65","D18","OKSR","OKSR.AOS.groundwater.well.003","2020-07-28T23:06Z","2020-07-29T17:28Z","OKSR.W3.20200728","OKSR.W3.20200728.ALK",,"tippettvannini@battelleecology.org",0.950,47.500,,
"f54f3c1a-3ead-46d0-8365-cacea653b702","D18","OKSR","OKSR.AOS.groundwater.well.008","2020-07-28T23:49Z","2020-07-29T18:40Z","OKSR.W8.20200728","OKSR.W8.20200728.ALK",,"tippettvannini@battelleecology.org",2.080,104.000,,
