uid,domainID,siteID,namedLocation,collectDate,parentSampleID,sampleCondition,sampleID,replicateNumber,gwwDICBubbleFree,gwwFiltSampleHeadspace,gwwAlkSampleHeadspace,gwwAlkSampleBubbleFree,processedDate,processedDateFilters,sampleVolumeFiltered,shipmentTimeRange
"b50bb998-3ed4-428d-b052-e04d0fd097a2","D18","OKSR","OKSR.AOS.groundwater.well.007","2020-07-28T19:19Z","OKSR.W7.20200728","Sample condition ok","OKSR.W7.20200728",1,"Y",,,"Y","2020-07-28T19:19Z","2020-07-29T03:52Z",10.0,"within 24 hours of collection"
"7b7f4429-334a-468d-9392-3bfb1b064ce4","D18","OKSR","OKSR.AOS.groundwater.well.005","2020-07-28T22:48Z","OKSR.W5.20200728","Sample condition ok","OKSR.W5.20200728",1,"Y",,,"Y","2020-07-28T22:48Z","2020-07-28T21:19Z",10.0,"within 24 hours of collection"
"d22b08c6-61d1-441c-b444-b04ccf8961cf","D18","OKSR","OKSR.AOS.groundwater.well.003","2020-07-28T23:06Z","OKSR.W3.20200728","Sample condition ok","OKSR.W3.20200728",1,"Y",,,"Y","2020-07-28T23:06Z","2020-07-29T03:54Z",100.0,"within 24 hours of collection"
"aa36d984-43de-4200-834a-c5108e5c8de7","D18","OKSR","OKSR.AOS.groundwater.well.008","2020-07-28T23:49Z","OKSR.W8.20200728","Sample condition ok","OKSR.W8.20200728",1,"Y",,,"Y","2020-07-28T23:49Z","2020-07-29T04:09Z",60.0,"within 24 hours of collection"
