uid,domainID,siteID,namedLocation,decimalLatitude,decimalLongitude,coordinateUncertainty,elevation,elevationUncertainty,geodeticDatum,collectDate,aquaticSiteType,samplingImpractical,waterChemSamplesCollected,adequateSampleVol,parentSampleID,eventID,swcSamplingProtocolVersion,sampleExtractionMethod,samplerType,totalWellDepth,wellWaterDepth,waterColumnHeight,sampleDepth,purgeAverageDischargeRate,purgeTime,gwWellStabilized,purgeDryDateTime,pumpPlacementDate,screenedIntervalDepth,maxAllowableDrawdown,actualDrawdown,MADExceeded,wellVolumePurged,probeIDUnavailable,dissolvedOxygen,dissolvedOxygenSaturation,specificConductance,waterTemp,pH,waterClarityDescrip,waterColorDescrip,aCollectedBy,bCollectedBy,remarks
"c2ccf867-451d-457d-86c8-019652d234bb","D18","OKSR","OKSR.AOS.groundwater.well.007",68.669333,-149.151055,0.1,771.8,0.1,"WGS84","2020-07-28T19:19Z","stream",,"Y","Y","OKSR.W7.20200728","OKSR.20200728","NEON.DOC.002905vG","syringe and bailer tube","Syringe and Bailer Tube",1.1,0.6,0.5,,,,,,,,,,,,,1.65,11.60,50.20,2.10,5.85,"cloudy","brown","0000-0001-6124-7021","0000-0001-5131-1181",
"f65929e9-464e-4b8d-b14c-b6faa990933c","D18","OKSR","OKSR.AOS.groundwater.well.005",68.668708,-149.150487,0.1,772.0,0.1,"WGS84","2020-07-28T22:48Z","stream",,"Y","Y","OKSR.W5.20200728","OKSR.20200728","NEON.DOC.002905vG","syringe and bailer tube","Syringe and Bailer Tube",1.6,1.1,0.5,,,,,,,,,,,,,7.20,52.50,29.90,2.20,5.41,"clear","brown","0000-0003-2913-1517","0000-0001-5131-1181",
"782e79f1-aaac-4f1b-827a-d8438305d70b","D18","OKSR","OKSR.AOS.groundwater.well.003",68.669343,-149.143509,0.1,768.5,0.1,"WGS84","2020-07-28T23:06Z","stream",,"Y","Y","OKSR.W3.20200728","OKSR.20200728","NEON.DOC.002905vG","syringe and bailer tube","Syringe and Bailer Tube",0.8,0.5,0.3,,,,,,,,,,,,,7.89,60.10,31.30,3.90,5.01,"clear","brown","0000-0001-5131-1181","0000-0003-2913-1517",
"717d30a3-bf5e-4b91-847d-b8df89f597e2","D18","OKSR","OKSR.AOS.groundwater.well.008",68.669955,-149.143747,0.1,768.8,0.1,"WGS84","2020-07-28T23:49Z","stream",,"Y","Y","OKSR.W8.20200728","OKSR.20200728","NEON.DOC.002905vG","syringe and bailer tube","Syringe and Bailer Tube",0.8,0.4,0.3,,,,,,,,,,,,,6.82,73.90,32.20,5.80,5.31,"clear","brown","0000-0003-2913-1517","0000-0001-6124-7021",
