uid,domainID,siteID,namedLocation,collectDate,parentSampleID,sampleCondition,sampleID,replicateNumber,gwwDICBubbleFree,gwwFiltSampleHeadspace,gwwAlkSampleHeadspace,gwwAlkSampleBubbleFree,processedDate,processedDateFilters,sampleVolumeFiltered,shipmentTimeRange
"c859671d-bbd8-4e7b-b177-a429a32a0e58","D13","WLOU","WLOU.AOS.groundwater.well.001","2017-09-06T15:12Z","WLOU.W1.20170906","Sample condition ok","WLOU.W1.20170906",1,,,,,"2017-09-06T15:12Z","2017-09-06T16:40Z",120.0,
"a76a0c75-05bb-43bf-a3a5-74f0625329e1","D13","WLOU","WLOU.AOS.groundwater.well.002","2017-09-06T16:13Z","WLOU.W2.20170906","Sample condition ok","WLOU.W2.20170906",1,,,,,"2017-09-06T16:13Z","2017-09-06T16:57Z",340.0,
"fdbf7881-604e-4f51-b662-a182dec15c49","D13","WLOU","WLOU.AOS.groundwater.well.007","2017-09-06T18:00Z","WLOU.W7.20170906","Sample condition ok","WLOU.W7.20170906",1,,,,,"2017-09-06T18:00Z","2017-09-06T19:00Z",120.0,
"303a36c7-4bdc-4ee6-be3e-6fe1e574846d","D13","WLOU","WLOU.AOS.groundwater.well.008","2017-09-06T19:29Z","WLOU.W8.20170906","Sample condition ok","WLOU.W8.20170906",1,,,,,"2017-09-06T19:29Z","2017-09-06T19:51Z",450.0,
