uid,domainID,siteID,namedLocation,decimalLatitude,decimalLongitude,coordinateUncertainty,elevation,elevationUncertainty,geodeticDatum,collectDate,aquaticSiteType,samplingImpractical,waterChemSamplesCollected,adequateSampleVol,parentSampleID,eventID,swcSamplingProtocolVersion,sampleExtractionMethod,samplerType,totalWellDepth,wellWaterDepth,waterColumnHeight,sampleDepth,purgeAverageDischargeRate,purgeTime,gwWellStabilized,purgeDryDateTime,pumpPlacementDate,screenedIntervalDepth,maxAllowableDrawdown,actualDrawdown,MADExceeded,wellVolumePurged,probeIDUnavailable,dissolvedOxygen,dissolvedOxygenSaturation,specificConductance,waterTemp,pH,waterClarityDescrip,waterColorDescrip,aCollectedBy,bCollectedBy,remarks
"5941b267-259f-42e2-9679-e538d5eed93a","D13","WLOU","WLOU.AOS.groundwater.well.001",39.891233,-105.914588,0.1,2916.4,0.1,"WGS84","2017-09-06T15:12Z","stream",,,,"WLOU.W1.20170906","WLOU.20170906","NEON.DOC.002905vD","low-flow","Groundwater Pump",2.2,1.5,0.7,1.6,,,,,,,,,,1.7,,2.27,26.10,92.00,6.90,,"cloudy","colorless","Hschartel@battelleecology.org","Jswenson@battelleecology.org",
"38730868-2546-4f3e-8f52-7a5858424b29","D13","WLOU","WLOU.AOS.groundwater.well.002",39.891183,-105.914497,0.1,2916.4,0.1,"WGS84","2017-09-06T16:13Z","stream",,,,"WLOU.W2.20170906","WLOU.20170906","NEON.DOC.002905vD","low-flow","Groundwater Pump",2.4,1.8,0.6,1.9,,,,,,,,,,2.2,,3.05,35.70,94.50,7.10,,"cloudy","colorless","Hschartel@battelleecology.org","Jswenson@battelleecology.org",
"554745d1-dc7d-49c9-a710-e73f97fe2506","D13","WLOU","WLOU.AOS.groundwater.well.007",39.891019,-105.911414,0.1,2905.3,0.1,"WGS84","2017-09-06T18:00Z","stream",,,,"WLOU.W7.20170906","WLOU.20170906","NEON.DOC.002905vD","low-flow","Groundwater Pump",2.4,1.5,0.9,1.8,,,,,,,,,,2.0,,0.66,8.50,89.00,11.90,,"cloudy","colorless","Hschartel@battelleecology.org","Jswenson@battelleecology.org",
"41be31e1-65e1-4029-9832-f74c02ac035a","D13","WLOU","WLOU.AOS.groundwater.well.008",39.890665,-105.911591,0.1,2904.6,0.1,"WGS84","2017-09-06T19:29Z","stream",,,,"WLOU.W8.20170906","WLOU.20170906","NEON.DOC.002905vD","low-flow","Groundwater Pump",2.8,1.5,1.3,2.3,,,,,,,,,,3.7,,4.12,48.60,158.60,7.60,,"clear","colorless","Hschartel@battelleecology.org","Jswenson@battelleecology.org",
