uid,domainID,siteID,namedLocation,sampleID,sampleCode,startDate,collectDate,laboratoryName,analyte,analyteConcentration,analyteUnits,coolerTemp,remarks,shipmentWarmQF,externalLabDataQF,sampleCondition
"7e321f75-81a6-48af-8e7a-464e33712744","D13","WLOU","WLOU.AOS.groundwater.well.001","WLOU.W1.20170906.FIL",,"2017-09-06T15:12Z","2017-09-06T15:12Z","EcoCore_CSU","DIC",13.0300,"milligramsPerLiter",4.6,,0,"formatChange","GOOD"
"12c8096e-f8fc-440d-9bea-1a63b6b4f471","D13","WLOU","WLOU.AOS.groundwater.well.001","WLOU.W1.20170906.PCN",,"2017-09-06T15:12Z","2017-09-06T15:12Z","EcoCore_CSU","TPC",0.2961,"milligram",4.6,,0,"formatChange","GOOD"
"430a2ad7-2c3c-498d-b546-5d5ac45ec948","D13","WLOU","WLOU.AOS.groundwater.well.001","WLOU.W1.20170906.FIL",,"2017-09-06T15:12Z","2017-09-06T15:12Z","EcoCore_CSU","HCO3",85.7300,"milligramsPerLiter",4.6,,0,"formatChange","GOOD"
"727b358e-1e10-406b-a53d-765bdc549667","D13","WLOU","WLOU.AOS.groundwater.well.001","WLOU.W1.20170906.RAW",,"2017-09-06T15:12Z","2017-09-06T15:12Z","EcoCore_CSU","TOC",1.3820,"milligramsPerLiter",4.6,,0,"formatChange","GOOD"
"2f84c070-0641-46e5-904c-fd58220ec3a6","D13","WLOU","WLOU.AOS.groundwater.well.001","WLOU.W1.20170906.RAW",,"2017-09-06T15:12Z","2017-09-06T15:12Z","EcoCore_CSU","TSS",66.0000,"milligramsPerLiter",4.6,,0,"formatChange","GOOD"
"b5e5aace-42c1-4663-8ab1-7fb93737efd3","D13","WLOU","WLOU.AOS.groundwater.well.001","WLOU.W1.20170906.FIL",,"2017-09-06T15:12Z","2017-09-06T15:12Z","EcoCore_CSU","Cl",0.3745,"milligramsPerLiter",4.6,,0,"formatChange","GOOD"
"8ecec45a-c449-440e-b7b0-ad6311ad1837","D13","WLOU","WLOU.AOS.groundwater.well.001","WLOU.W1.20170906.FIL",,"2017-09-06T15:12Z","2017-09-06T15:12Z","EcoCore_CSU","Mn",0.1130,"milligramsPerLiter",4.6,,0,"formatChange","GOOD"
"2034e6d7-f1f9-47d9-980b-df344ab557a1","D13","WLOU","WLOU.AOS.groundwater.well.001","WLOU.W1.20170906.FIL",,"2017-09-06T15:12Z","2017-09-06T15:12Z","EcoCore_CSU","UV Absorbance (280 nm)",0.0279,,4.6,,0,"formatChange","GOOD"
"dd9d4d1c-52b0-4748-9005-10551c32426c","D13","WLOU","WLOU.AOS.groundwater.well.001","WLOU.W1.20170906.FIL",,"2017-09-06T15:12Z","2017-09-06T15:12Z","EcoCore_CSU","NO3+NO2 - N",0.0472,"milligramsPerLiter",4.6,,0,"formatChange","GOOD"
"8b86d5c2-8ce1-4bc0-b12f-0c2131917352","D13","WLOU","WLOU.AOS.groundwater.well.001","WLOU.W1.20170906.FIL",,"2017-09-06T15:12Z","2017-09-06T15:12Z","EcoCore_CSU","F",0.0050,"milligramsPerLiter",4.6,,0,"formatChange","GOOD"
"70aabaec-f879-43e2-8b3b-66ba435d80c1","D13","WLOU","WLOU.AOS.groundwater.well.001","WLOU.W1.20170906.FIL",,"2017-09-06T15:12Z","2017-09-06T15:12Z","EcoCore_CSU","Si",1.5473,"milligramsPerLiter",4.6,,0,"formatChange","GOOD"
"d2f7ea7e-f308-4cee-aa42-a25b85e04f35","D13","WLOU","WLOU.AOS.groundwater.well.001","WLOU.W1.20170906.FIL",,"2017-09-06T15:12Z","2017-09-06T15:12Z","EcoCore_CSU","Ca",20.9030,"milligramsPerLiter",4.6,,0,"formatChange","GOOD"
"9f55b73c-c882-425c-af82-06a4ddc7ee07","D13","WLOU","WLOU.AOS.groundwater.well.001","WLOU.W1.20170906.FIL",,"2017-09-06T15:12Z","2017-09-06T15:12Z","EcoCore_CSU","DOC",1.7790,"milligramsPerLiter",4.6,,0,"formatChange","GOOD"
"c058c608-e979-45f0-b6d6-06d33539560c","D13","WLOU","WLOU.AOS.groundwater.well.001","WLOU.W1.20170906.RAW",,"2017-09-06T15:12Z","2017-09-06T15:12Z","EcoCore_CSU","TP",0.0060,"milligramsPerLiter",4.6,,0,"formatChange","GOOD"
"1615430f-49e1-4be6-a97a-7f70e269fa1c","D13","WLOU","WLOU.AOS.groundwater.well.001","WLOU.W1.20170906.FIL",,"2017-09-06T15:12Z","2017-09-06T15:12Z","EcoCore_CSU","SO4",2.2803,"milligramsPerLiter",4.6,,0,"formatChange","GOOD"
"a238c7f0-cd90-4ec3-84ab-46c29640c8f6","D13","WLOU","WLOU.AOS.groundwater.well.001","WLOU.W1.20170906.FIL",,"2017-09-06T15:12Z","2017-09-06T15:12Z","EcoCore_CSU","Br",0.0050,"milligramsPerLiter",4.6,,0,"formatChange","GOOD"
"7aace1f6-9cdb-48ae-9c96-61da0daca40d","D13","WLOU","WLOU.AOS.groundwater.well.001","WLOU.W1.20170906.FIL",,"2017-09-06T15:12Z","2017-09-06T15:12Z","EcoCore_CSU","Mg",3.1422,"milligramsPerLiter",4.6,,0,"formatChange","GOOD"
"965544ef-c06a-4ffb-90b3-ee379fc7c0c1","D13","WLOU","WLOU.AOS.groundwater.well.001","WLOU.W1.20170906.RAW",,"2017-09-06T15:12Z","2017-09-06T15:12Z","EcoCore_CSU","ANC",1.5070,"milliequivalentsPerLiter",4.6,,0,"formatChange","GOOD"
"8b5771c1-5ad2-43a7-8eb6-df7d1b4295b0","D13","WLOU","WLOU.AOS.groundwater.well.001","WLOU.W1.20170906.FIL",,"2017-09-06T15:12Z","2017-09-06T15:12Z","EcoCore_CSU","NH4 - N",0.1154,"milligramsPerLiter",4.6,,0,"formatChange","GOOD"
"d303dc2f-c85c-4cc5-ba16-bfdaafc61744","D13","WLOU","WLOU.AOS.groundwater.well.001","WLOU.W1.20170906.FIL",,"2017-09-06T15:12Z","2017-09-06T15:12Z","EcoCore_CSU","K",1.2756,"milligramsPerLiter",4.6,,0,"formatChange","GOOD"
"ae3aa4a4-eefe-4c01-a02d-415cefa723f7","D13","WLOU","WLOU.AOS.groundwater.well.001","WLOU.W1.20170906.RAW",,"2017-09-06T15:12Z","2017-09-06T15:12Z","EcoCore_CSU","conductivity",142.7000,"microsiemensPerCentimeter",4.6,,0,"formatChange","GOOD"
"c422c83d-7fd3-4350-927f-e3cd15c31cc3","D13","WLOU","WLOU.AOS.groundwater.well.001","WLOU.W1.20170906.FIL",,"2017-09-06T15:12Z","2017-09-06T15:12Z","EcoCore_CSU","NO2 - N",0.0240,"milligramsPerLiter",4.6,,0,"formatChange","GOOD"
"8e51fccf-3b39-4879-9648-7d06a6f9d972","D13","WLOU","WLOU.AOS.groundwater.well.001","WLOU.W1.20170906.PCN",,"2017-09-06T15:12Z","2017-09-06T15:12Z","EcoCore_CSU","TPN",0.0897,"milligram",4.6,,0,"formatChange","GOOD"
"1fed1429-bcd2-42c2-a5b4-3ac3c8647ada","D13","WLOU","WLOU.AOS.groundwater.well.001","WLOU.W1.20170906.FIL",,"2017-09-06T15:12Z","2017-09-06T15:12Z","EcoCore_CSU","UV Absorbance (250 nm)",0.0398,,4.6,,0,"formatChange","GOOD"
"750a2ec3-9676-4d1d-b245-e9fb511785ab","D13","WLOU","WLOU.AOS.groundwater.well.001","WLOU.W1.20170906.FIL",,"2017-09-06T15:12Z","2017-09-06T15:12Z","EcoCore_CSU","TDP",0.0008,"milligramsPerLiter",4.6,,0,"formatChange","GOOD"
"30390ca2-a114-42c1-a6a0-b8cc1a496b90","D13","WLOU","WLOU.AOS.groundwater.well.001","WLOU.W1.20170906.RAW",,"2017-09-06T15:12Z","2017-09-06T15:12Z","EcoCore_CSU","pH",7.1200,"pH",4.6,,0,"formatChange","GOOD"
"8546b488-973f-410e-9bff-5e6b4cbb2be1","D13","WLOU","WLOU.AOS.groundwater.well.001","WLOU.W1.20170906.FIL",,"2017-09-06T15:12Z","2017-09-06T15:12Z","EcoCore_CSU","Ortho - P",0.0250,"milligramsPerLiter",4.6,,0,"formatChange","GOOD"
"805d8933-2be0-4046-b13f-762c1d5691e0","D13","WLOU","WLOU.AOS.groundwater.well.001","WLOU.W1.20170906.FIL",,"2017-09-06T15:12Z","2017-09-06T15:12Z","EcoCore_CSU","CO3",0.0000,"milligramsPerLiter",4.6,,0,"formatChange","GOOD"
"22bb1b72-6742-4974-81a0-97e9a3f90d8f","D13","WLOU","WLOU.AOS.groundwater.well.001","WLOU.W1.20170906.FIL",,"2017-09-06T15:12Z","2017-09-06T15:12Z","EcoCore_CSU","TDN",0.1044,"milligramsPerLiter",4.6,,0,"formatChange","GOOD"
"d4991dcc-ccdc-42eb-b1a8-d5691f192b07","D13","WLOU","WLOU.AOS.groundwater.well.001","WLOU.W1.20170906.RAW",,"2017-09-06T15:12Z","2017-09-06T15:12Z","EcoCore_CSU","TSS - Dry Mass",3300.0000,"microgram",4.6,,0,"formatChange","GOOD"
"3171327b-fa91-4a81-863f-bd2a46d313e9","D13","WLOU","WLOU.AOS.groundwater.well.001","WLOU.W1.20170906.FIL",,"2017-09-06T15:12Z","2017-09-06T15:12Z","EcoCore_CSU","TDS",98.7000,"milligramsPerLiter",4.6,,0,"formatChange","GOOD"
"e40aa748-70c8-4cff-94cd-c875704c9db9","D13","WLOU","WLOU.AOS.groundwater.well.001","WLOU.W1.20170906.RAW",,"2017-09-06T15:12Z","2017-09-06T15:12Z","EcoCore_CSU","TN",0.0373,"milligramsPerLiter",4.6,,0,"formatChange","GOOD"
"8d7e0df3-9b72-4892-aba3-96415b0a99bc","D13","WLOU","WLOU.AOS.groundwater.well.001","WLOU.W1.20170906.FIL",,"2017-09-06T15:12Z","2017-09-06T15:12Z","EcoCore_CSU","Fe",0.0495,"milligramsPerLiter",4.6,,0,"formatChange","GOOD"
"cf43af52-11f6-452a-acbf-00a6f19f4d34","D13","WLOU","WLOU.AOS.groundwater.well.001","WLOU.W1.20170906.FIL",,"2017-09-06T15:12Z","2017-09-06T15:12Z","EcoCore_CSU","Na",2.0309,"milligramsPerLiter",4.6,,0,"formatChange","GOOD"
"b9df3491-dc48-47da-9f87-c160b45799b5","D13","WLOU","WLOU.AOS.groundwater.well.002","WLOU.W2.20170906.FIL",,"2017-09-06T16:13Z","2017-09-06T16:13Z","EcoCore_CSU","Si",1.6713,"milligramsPerLiter",4.6,,0,"formatChange","GOOD"
"b5e8d313-59f2-4285-98d5-7447070ff50a","D13","WLOU","WLOU.AOS.groundwater.well.002","WLOU.W2.20170906.RAW",,"2017-09-06T16:13Z","2017-09-06T16:13Z","EcoCore_CSU","conductivity",153.6000,"microsiemensPerCentimeter",4.6,,0,"formatChange","GOOD"
"01e94567-7512-4d5b-aa34-2771b8465b28","D13","WLOU","WLOU.AOS.groundwater.well.002","WLOU.W2.20170906.FIL",,"2017-09-06T16:13Z","2017-09-06T16:13Z","EcoCore_CSU","Mg",3.9819,"milligramsPerLiter",4.6,,0,"formatChange","GOOD"
"24b07e90-15e4-4208-bd31-8045ba4b5553","D13","WLOU","WLOU.AOS.groundwater.well.002","WLOU.W2.20170906.FIL",,"2017-09-06T16:13Z","2017-09-06T16:13Z","EcoCore_CSU","DOC",1.4620,"milligramsPerLiter",4.6,,0,"formatChange","GOOD"
"47494bfa-44b2-4e02-bd68-88e314f67735","D13","WLOU","WLOU.AOS.groundwater.well.002","WLOU.W2.20170906.FIL",,"2017-09-06T16:13Z","2017-09-06T16:13Z","EcoCore_CSU","Fe",0.0117,"milligramsPerLiter",4.6,,0,"formatChange","GOOD"
"8438fa4e-3ef7-40a1-b192-e93335bb910e","D13","WLOU","WLOU.AOS.groundwater.well.002","WLOU.W2.20170906.RAW",,"2017-09-06T16:13Z","2017-09-06T16:13Z","EcoCore_CSU","ANC",1.5980,"milliequivalentsPerLiter",4.6,,0,"formatChange","GOOD"
"82b0f6f6-5bb3-43dc-a2e1-4e296f32706d","D13","WLOU","WLOU.AOS.groundwater.well.002","WLOU.W2.20170906.RAW",,"2017-09-06T16:13Z","2017-09-06T16:13Z","EcoCore_CSU","pH",7.3000,"pH",4.6,,0,"formatChange","GOOD"
"a0e1207c-3b86-47b9-bea7-4e774a86f272","D13","WLOU","WLOU.AOS.groundwater.well.002","WLOU.W2.20170906.FIL",,"2017-09-06T16:13Z","2017-09-06T16:13Z","EcoCore_CSU","TDS",108.9000,"milligramsPerLiter",4.6,,0,"formatChange","GOOD"
"4657633f-b389-464b-8d28-005559c68d73","D13","WLOU","WLOU.AOS.groundwater.well.002","WLOU.W2.20170906.FIL",,"2017-09-06T16:13Z","2017-09-06T16:13Z","EcoCore_CSU","Na",1.8799,"milligramsPerLiter",4.6,,0,"formatChange","GOOD"
"df99e1df-ce7c-4d31-b7e2-4e7e6e8a01bc","D13","WLOU","WLOU.AOS.groundwater.well.002","WLOU.W2.20170906.FIL",,"2017-09-06T16:13Z","2017-09-06T16:13Z","EcoCore_CSU","NO2 - N",0.0263,"milligramsPerLiter",4.6,,0,"formatChange","GOOD"
"92c615ac-6bac-4c00-b736-76744f757d5c","D13","WLOU","WLOU.AOS.groundwater.well.002","WLOU.W2.20170906.FIL",,"2017-09-06T16:13Z","2017-09-06T16:13Z","EcoCore_CSU","UV Absorbance (250 nm)",0.0298,,4.6,,0,"formatChange","GOOD"
"46448d21-40a7-4922-b167-22b0933e3a2d","D13","WLOU","WLOU.AOS.groundwater.well.002","WLOU.W2.20170906.FIL",,"2017-09-06T16:13Z","2017-09-06T16:13Z","EcoCore_CSU","K",1.4087,"milligramsPerLiter",4.6,,0,"formatChange","GOOD"
"c8b6ae03-1861-4ccd-86b7-65a6ba93ccc0","D13","WLOU","WLOU.AOS.groundwater.well.002","WLOU.W2.20170906.RAW",,"2017-09-06T16:13Z","2017-09-06T16:13Z","EcoCore_CSU","TSS",4.0000,"milligramsPerLiter",4.6,,0,"formatChange","GOOD"
"9ab9121d-21bd-4396-866c-ae0e63b86e4c","D13","WLOU","WLOU.AOS.groundwater.well.002","WLOU.W2.20170906.RAW",,"2017-09-06T16:13Z","2017-09-06T16:13Z","EcoCore_CSU","TSS - Dry Mass",200.0000,"microgram",4.6,,0,"formatChange","GOOD"
"0e9736e6-23b7-49a1-9399-8befa6b89d34","D13","WLOU","WLOU.AOS.groundwater.well.002","WLOU.W2.20170906.FIL",,"2017-09-06T16:13Z","2017-09-06T16:13Z","EcoCore_CSU","TDP",0.0016,"milligramsPerLiter",4.6,,0,"formatChange","GOOD"
"a1abad1f-7226-42cd-9c97-9531a870bff8","D13","WLOU","WLOU.AOS.groundwater.well.002","WLOU.W2.20170906.FIL",,"2017-09-06T16:13Z","2017-09-06T16:13Z","EcoCore_CSU","NO3+NO2 - N",0.0300,"milligramsPerLiter",4.6,,0,"formatChange","GOOD"
"b99e02d1-ca49-47ef-b2a6-f4c4d91fdf7d","D13","WLOU","WLOU.AOS.groundwater.well.002","WLOU.W2.20170906.FIL",,"2017-09-06T16:13Z","2017-09-06T16:13Z","EcoCore_CSU","F",0.0050,"milligramsPerLiter",4.6,,0,"formatChange","GOOD"
"0451f352-2264-4bf9-bc11-44d0b344e1c6","D13","WLOU","WLOU.AOS.groundwater.well.002","WLOU.W2.20170906.FIL",,"2017-09-06T16:13Z","2017-09-06T16:13Z","EcoCore_CSU","HCO3",90.2400,"milligramsPerLiter",4.6,,0,"formatChange","GOOD"
"075f1562-5988-4245-b093-2d14b6c9c262","D13","WLOU","WLOU.AOS.groundwater.well.002","WLOU.W2.20170906.PCN",,"2017-09-06T16:13Z","2017-09-06T16:13Z","EcoCore_CSU","TPC",0.3248,"milligram",4.6,,0,"formatChange","GOOD"
"bb38b58e-dfe8-415e-909f-f65a4960166c","D13","WLOU","WLOU.AOS.groundwater.well.002","WLOU.W2.20170906.FIL",,"2017-09-06T16:13Z","2017-09-06T16:13Z","EcoCore_CSU","Mn",0.0190,"milligramsPerLiter",4.6,,0,"formatChange","GOOD"
"74328150-ae4c-4012-b5f4-2f7cfee5690d","D13","WLOU","WLOU.AOS.groundwater.well.002","WLOU.W2.20170906.FIL",,"2017-09-06T16:13Z","2017-09-06T16:13Z","EcoCore_CSU","Ortho - P",0.0220,"milligramsPerLiter",4.6,,0,"formatChange","GOOD"
"a3f3343d-b1ec-49cc-8a51-eabf2676956c","D13","WLOU","WLOU.AOS.groundwater.well.002","WLOU.W2.20170906.FIL",,"2017-09-06T16:13Z","2017-09-06T16:13Z","EcoCore_CSU","DIC",14.2000,"milligramsPerLiter",4.6,,0,"formatChange","GOOD"
"808b9812-8ec4-45db-848e-fc27950af7ab","D13","WLOU","WLOU.AOS.groundwater.well.002","WLOU.W2.20170906.RAW",,"2017-09-06T16:13Z","2017-09-06T16:13Z","EcoCore_CSU","TP",0.0030,"milligramsPerLiter",4.6,,0,"formatChange","GOOD"
"692b536a-4998-486c-be89-7ded6edb8091","D13","WLOU","WLOU.AOS.groundwater.well.002","WLOU.W2.20170906.FIL",,"2017-09-06T16:13Z","2017-09-06T16:13Z","EcoCore_CSU","UV Absorbance (280 nm)",0.0197,,4.6,,0,"formatChange","GOOD"
"04072ddd-8288-4296-bb30-27914ec4b02a","D13","WLOU","WLOU.AOS.groundwater.well.002","WLOU.W2.20170906.FIL",,"2017-09-06T16:13Z","2017-09-06T16:13Z","EcoCore_CSU","NH4 - N",0.0293,"milligramsPerLiter",4.6,,0,"formatChange","GOOD"
"f0cc8e5e-42cc-4a53-ba1b-f057f842ced2","D13","WLOU","WLOU.AOS.groundwater.well.002","WLOU.W2.20170906.RAW",,"2017-09-06T16:13Z","2017-09-06T16:13Z","EcoCore_CSU","TOC",1.3490,"milligramsPerLiter",4.6,,0,"formatChange","GOOD"
"bfa5d935-de57-404f-99a9-cba899409ef5","D13","WLOU","WLOU.AOS.groundwater.well.002","WLOU.W2.20170906.FIL",,"2017-09-06T16:13Z","2017-09-06T16:13Z","EcoCore_CSU","Cl",0.2728,"milligramsPerLiter",4.6,,0,"formatChange","GOOD"
"60927eae-1af6-4071-804a-a9244ff079c9","D13","WLOU","WLOU.AOS.groundwater.well.002","WLOU.W2.20170906.FIL",,"2017-09-06T16:13Z","2017-09-06T16:13Z","EcoCore_CSU","Ca",21.5490,"milligramsPerLiter",4.6,,0,"formatChange","GOOD"
"4e04051a-4ec2-4496-8a73-07af694710c4","D13","WLOU","WLOU.AOS.groundwater.well.002","WLOU.W2.20170906.FIL",,"2017-09-06T16:13Z","2017-09-06T16:13Z","EcoCore_CSU","SO4",2.4345,"milligramsPerLiter",4.6,,0,"formatChange","GOOD"
"c2ba73b7-f668-4f66-a8d6-39a7cebfc324","D13","WLOU","WLOU.AOS.groundwater.well.002","WLOU.W2.20170906.FIL",,"2017-09-06T16:13Z","2017-09-06T16:13Z","EcoCore_CSU","TDN",0.0183,"milligramsPerLiter",4.6,,0,"formatChange","GOOD"
"2e6ccb74-5448-4f3c-8b23-cb036ecc6b4e","D13","WLOU","WLOU.AOS.groundwater.well.002","WLOU.W2.20170906.FIL",,"2017-09-06T16:13Z","2017-09-06T16:13Z","EcoCore_CSU","Br",0.0050,"milligramsPerLiter",4.6,,0,"formatChange","GOOD"
"f9f09c59-b7b4-489a-8e3d-5f7f0572fea1","D13","WLOU","WLOU.AOS.groundwater.well.002","WLOU.W2.20170906.FIL",,"2017-09-06T16:13Z","2017-09-06T16:13Z","EcoCore_CSU","CO3",0.0000,"milligramsPerLiter",4.6,,0,"formatChange","GOOD"
"7d0fb415-a86d-4d19-b2c7-90522fac7683","D13","WLOU","WLOU.AOS.groundwater.well.002","WLOU.W2.20170906.PCN",,"2017-09-06T16:13Z","2017-09-06T16:13Z","EcoCore_CSU","TPN",0.0111,"milligram",4.6,,0,"formatChange","GOOD"
"db9ebee9-d859-4914-82e1-ba21bbfd72ad","D13","WLOU","WLOU.AOS.groundwater.well.002","WLOU.W2.20170906.RAW",,"2017-09-06T16:13Z","2017-09-06T16:13Z","EcoCore_CSU","TN",0.0039,"milligramsPerLiter",4.6,,0,"formatChange","GOOD"
"8c634ab7-f5c1-4078-8125-732a4b8e3a72","D13","WLOU","WLOU.AOS.groundwater.well.007","WLOU.W7.20170906.FIL",,"2017-09-06T18:00Z","2017-09-06T18:00Z","EcoCore_CSU","TDS",91.4000,"milligramsPerLiter",4.6,,0,"formatChange","GOOD"
"1edc65c9-99f5-401c-ae4d-171328d84a31","D13","WLOU","WLOU.AOS.groundwater.well.007","WLOU.W7.20170906.FIL",,"2017-09-06T18:00Z","2017-09-06T18:00Z","EcoCore_CSU","F",0.0050,"milligramsPerLiter",4.6,,0,"formatChange","GOOD"
"b8bd7f0f-c1b3-4644-862d-62b7231d3089","D13","WLOU","WLOU.AOS.groundwater.well.007","WLOU.W7.20170906.FIL",,"2017-09-06T18:00Z","2017-09-06T18:00Z","EcoCore_CSU","SO4",2.8988,"milligramsPerLiter",4.6,,0,"formatChange","GOOD"
"90593a22-f01c-40bf-8dbe-aedc7d349aa0","D13","WLOU","WLOU.AOS.groundwater.well.007","WLOU.W7.20170906.FIL",,"2017-09-06T18:00Z","2017-09-06T18:00Z","EcoCore_CSU","CO3",0.0000,"milligramsPerLiter",4.6,,0,"formatChange","GOOD"
"7fe06c47-43c0-4244-b023-bbd8ba87b8ed","D13","WLOU","WLOU.AOS.groundwater.well.007","WLOU.W7.20170906.FIL",,"2017-09-06T18:00Z","2017-09-06T18:00Z","EcoCore_CSU","TDP",0.0016,"milligramsPerLiter",4.6,,0,"formatChange","GOOD"
"34fa8063-ceb9-413e-a57f-20720bd2e856","D13","WLOU","WLOU.AOS.groundwater.well.007","WLOU.W7.20170906.FIL",,"2017-09-06T18:00Z","2017-09-06T18:00Z","EcoCore_CSU","TDN",0.0446,"milligramsPerLiter",4.6,,0,"formatChange","GOOD"
"610ce80b-7cb1-49d2-ba24-48e79e6a33e6","D13","WLOU","WLOU.AOS.groundwater.well.007","WLOU.W7.20170906.FIL",,"2017-09-06T18:00Z","2017-09-06T18:00Z","EcoCore_CSU","Mg",3.6662,"milligramsPerLiter",4.6,,0,"formatChange","GOOD"
"7be5c0b0-db5c-499f-83be-7f92de57ca69","D13","WLOU","WLOU.AOS.groundwater.well.007","WLOU.W7.20170906.FIL",,"2017-09-06T18:00Z","2017-09-06T18:00Z","EcoCore_CSU","NO3+NO2 - N",0.0196,"milligramsPerLiter",4.6,,0,"formatChange","GOOD"
"7f303643-20d6-4db6-bedf-7321d692a777","D13","WLOU","WLOU.AOS.groundwater.well.007","WLOU.W7.20170906.PCN",,"2017-09-06T18:00Z","2017-09-06T18:00Z","EcoCore_CSU","TPN",0.0139,"milligram",4.6,,0,"formatChange","GOOD"
"e083a1ac-794c-4521-9b8e-97a5fec94adc","D13","WLOU","WLOU.AOS.groundwater.well.007","WLOU.W7.20170906.FIL",,"2017-09-06T18:00Z","2017-09-06T18:00Z","EcoCore_CSU","NO2 - N",0.0189,"milligramsPerLiter",4.6,,0,"formatChange","GOOD"
"feb609bb-714e-450f-8d55-d3d7aa87587f","D13","WLOU","WLOU.AOS.groundwater.well.007","WLOU.W7.20170906.FIL",,"2017-09-06T18:00Z","2017-09-06T18:00Z","EcoCore_CSU","DOC",1.6060,"milligramsPerLiter",4.6,,0,"formatChange","GOOD"
"58a5bfc9-6e3e-4c8f-a64e-12a19525d5b9","D13","WLOU","WLOU.AOS.groundwater.well.007","WLOU.W7.20170906.FIL",,"2017-09-06T18:00Z","2017-09-06T18:00Z","EcoCore_CSU","Fe",0.0217,"milligramsPerLiter",4.6,,0,"formatChange","GOOD"
"8e49472e-f1df-4782-8ef4-2fe4a3851f74","D13","WLOU","WLOU.AOS.groundwater.well.007","WLOU.W7.20170906.FIL",,"2017-09-06T18:00Z","2017-09-06T18:00Z","EcoCore_CSU","NH4 - N",0.0626,"milligramsPerLiter",4.6,,0,"formatChange","GOOD"
"b90b14c8-d604-4df7-9a33-deda988752fa","D13","WLOU","WLOU.AOS.groundwater.well.007","WLOU.W7.20170906.FIL",,"2017-09-06T18:00Z","2017-09-06T18:00Z","EcoCore_CSU","HCO3",76.4200,"milligramsPerLiter",4.6,,0,"formatChange","GOOD"
"b506cd09-3f64-4180-a148-ce714cbc5a0c","D13","WLOU","WLOU.AOS.groundwater.well.007","WLOU.W7.20170906.RAW",,"2017-09-06T18:00Z","2017-09-06T18:00Z","EcoCore_CSU","ANC",1.3530,"milliequivalentsPerLiter",4.6,,0,"formatChange","GOOD"
"f42db943-61ac-464e-a788-7d95a859e691","D13","WLOU","WLOU.AOS.groundwater.well.007","WLOU.W7.20170906.RAW",,"2017-09-06T18:00Z","2017-09-06T18:00Z","EcoCore_CSU","TN",-0.0114,"milligramsPerLiter",4.6,,0,"formatChange","GOOD"
"fd83b33b-cb6d-4f47-bc4d-55138231c174","D13","WLOU","WLOU.AOS.groundwater.well.007","WLOU.W7.20170906.FIL",,"2017-09-06T18:00Z","2017-09-06T18:00Z","EcoCore_CSU","Si",2.0317,"milligramsPerLiter",4.6,,0,"formatChange","GOOD"
"22964e3b-f435-4a79-ba82-c9e634c179a3","D13","WLOU","WLOU.AOS.groundwater.well.007","WLOU.W7.20170906.RAW",,"2017-09-06T18:00Z","2017-09-06T18:00Z","EcoCore_CSU","TSS - Dry Mass",1300.0000,"microgram",4.6,,0,"formatChange","GOOD"
"e2241c39-c471-4418-a1ac-c2661a6ef63d","D13","WLOU","WLOU.AOS.groundwater.well.007","WLOU.W7.20170906.FIL",,"2017-09-06T18:00Z","2017-09-06T18:00Z","EcoCore_CSU","UV Absorbance (280 nm)",0.0235,,4.6,,0,"formatChange","GOOD"
"01c5952d-746c-4dc2-b265-94aee3844553","D13","WLOU","WLOU.AOS.groundwater.well.007","WLOU.W7.20170906.RAW",,"2017-09-06T18:00Z","2017-09-06T18:00Z","EcoCore_CSU","TOC",1.2590,"milligramsPerLiter",4.6,,0,"formatChange","GOOD"
"820b5e4e-f8f3-4fea-bc68-878ac5e8b4f2","D13","WLOU","WLOU.AOS.groundwater.well.007","WLOU.W7.20170906.FIL",,"2017-09-06T18:00Z","2017-09-06T18:00Z","EcoCore_CSU","Cl",0.4711,"milligramsPerLiter",4.6,,0,"formatChange","GOOD"
"8a9eee9c-2cc0-43e5-8ddd-3ef0dddb8f25","D13","WLOU","WLOU.AOS.groundwater.well.007","WLOU.W7.20170906.FIL",,"2017-09-06T18:00Z","2017-09-06T18:00Z","EcoCore_CSU","DIC",13.5600,"milligramsPerLiter",4.6,,0,"formatChange","GOOD"
"264b37c0-02cd-46a0-8625-ca52eec36b7a","D13","WLOU","WLOU.AOS.groundwater.well.007","WLOU.W7.20170906.RAW",,"2017-09-06T18:00Z","2017-09-06T18:00Z","EcoCore_CSU","TSS",26.0000,"milligramsPerLiter",4.6,,0,"formatChange","GOOD"
"8a855e1c-9c62-489a-8d24-0e530bf1834a","D13","WLOU","WLOU.AOS.groundwater.well.007","WLOU.W7.20170906.RAW",,"2017-09-06T18:00Z","2017-09-06T18:00Z","EcoCore_CSU","TP",0.0050,"milligramsPerLiter",4.6,,0,"formatChange","GOOD"
"d86d9ea9-35b9-4873-a15d-f8225db1afb1","D13","WLOU","WLOU.AOS.groundwater.well.007","WLOU.W7.20170906.PCN",,"2017-09-06T18:00Z","2017-09-06T18:00Z","EcoCore_CSU","TPC",0.2994,"milligram",4.6,,0,"formatChange","GOOD"
"fed94382-b0d3-4304-92d2-b3c9a60fda76","D13","WLOU","WLOU.AOS.groundwater.well.007","WLOU.W7.20170906.FIL",,"2017-09-06T18:00Z","2017-09-06T18:00Z","EcoCore_CSU","UV Absorbance (250 nm)",0.0342,,4.6,,0,"formatChange","GOOD"
"74a0f8c4-bfb5-4a6f-8405-c3fa58655f82","D13","WLOU","WLOU.AOS.groundwater.well.007","WLOU.W7.20170906.RAW",,"2017-09-06T18:00Z","2017-09-06T18:00Z","EcoCore_CSU","pH",7.0500,"pH",4.6,,0,"formatChange","GOOD"
"bfa5670a-9e7d-4a36-97f3-172b080f42d5","D13","WLOU","WLOU.AOS.groundwater.well.007","WLOU.W7.20170906.FIL",,"2017-09-06T18:00Z","2017-09-06T18:00Z","EcoCore_CSU","Ca",16.8210,"milligramsPerLiter",4.6,,0,"formatChange","GOOD"
"e6d87077-9c6f-4b97-bc81-7884bb6057ec","D13","WLOU","WLOU.AOS.groundwater.well.007","WLOU.W7.20170906.FIL",,"2017-09-06T18:00Z","2017-09-06T18:00Z","EcoCore_CSU","Br",0.0050,"milligramsPerLiter",4.6,,0,"formatChange","GOOD"
"3db57491-ca78-4e0b-b232-b39cc73f8ea3","D13","WLOU","WLOU.AOS.groundwater.well.007","WLOU.W7.20170906.FIL",,"2017-09-06T18:00Z","2017-09-06T18:00Z","EcoCore_CSU","K",1.4599,"milligramsPerLiter",4.6,,0,"formatChange","GOOD"
"85fa5495-ef27-43f6-ba69-e1e74675b2ce","D13","WLOU","WLOU.AOS.groundwater.well.007","WLOU.W7.20170906.FIL",,"2017-09-06T18:00Z","2017-09-06T18:00Z","EcoCore_CSU","Ortho - P",0.0240,"milligramsPerLiter",4.6,,0,"formatChange","GOOD"
"5805b336-a0d6-4694-85cb-1177effc9dae","D13","WLOU","WLOU.AOS.groundwater.well.007","WLOU.W7.20170906.FIL",,"2017-09-06T18:00Z","2017-09-06T18:00Z","EcoCore_CSU","Na",2.8622,"milligramsPerLiter",4.6,,0,"formatChange","GOOD"
"adbc36f3-6829-468e-b205-06445a727c25","D13","WLOU","WLOU.AOS.groundwater.well.007","WLOU.W7.20170906.RAW",,"2017-09-06T18:00Z","2017-09-06T18:00Z","EcoCore_CSU","conductivity",131.9000,"microsiemensPerCentimeter",4.6,,0,"formatChange","GOOD"
"dd6ddebf-9faa-4b50-a169-394d8a0a6de4","D13","WLOU","WLOU.AOS.groundwater.well.007","WLOU.W7.20170906.FIL",,"2017-09-06T18:00Z","2017-09-06T18:00Z","EcoCore_CSU","Mn",0.0157,"milligramsPerLiter",4.6,,0,"formatChange","GOOD"
"7cbcb6f5-e6d2-4594-9c13-41e18783acf3","D13","WLOU","WLOU.AOS.groundwater.well.008","WLOU.W8.20170906.FIL",,"2017-09-06T19:29Z","2017-09-06T19:29Z","EcoCore_CSU","SO4",3.7875,"milligramsPerLiter",4.6,,0,"formatChange","GOOD"
"2e775a5c-80ef-4e0d-a35d-21dd78a5e493","D13","WLOU","WLOU.AOS.groundwater.well.008","WLOU.W8.20170906.FIL",,"2017-09-06T19:29Z","2017-09-06T19:29Z","EcoCore_CSU","NO3+NO2 - N",0.0233,"milligramsPerLiter",4.6,,0,"formatChange","GOOD"
"8d3fd4e9-91b3-4199-a246-f1bbe46774b4","D13","WLOU","WLOU.AOS.groundwater.well.008","WLOU.W8.20170906.FIL",,"2017-09-06T19:29Z","2017-09-06T19:29Z","EcoCore_CSU","UV Absorbance (250 nm)",0.0316,,4.6,,0,"formatChange","GOOD"
"c57fd0b4-789e-467d-9376-063b73f2879a","D13","WLOU","WLOU.AOS.groundwater.well.008","WLOU.W8.20170906.FIL",,"2017-09-06T19:29Z","2017-09-06T19:29Z","EcoCore_CSU","TDP",0.0001,"milligramsPerLiter",4.6,,0,"formatChange","GOOD"
"cd990bff-bbb7-4745-b47f-5e1eb98d2dc1","D13","WLOU","WLOU.AOS.groundwater.well.008","WLOU.W8.20170906.PCN",,"2017-09-06T19:29Z","2017-09-06T19:29Z","EcoCore_CSU","TPN",0.0610,"milligram",4.6,,0,"formatChange","GOOD"
"053573a3-556a-45ee-98fa-15b5bbc7b332","D13","WLOU","WLOU.AOS.groundwater.well.008","WLOU.W8.20170906.FIL",,"2017-09-06T19:29Z","2017-09-06T19:29Z","EcoCore_CSU","Cl",0.4903,"milligramsPerLiter",4.6,,0,"formatChange","GOOD"
"3a0182eb-a814-4081-9b4a-4699c0427db8","D13","WLOU","WLOU.AOS.groundwater.well.008","WLOU.W8.20170906.FIL",,"2017-09-06T19:29Z","2017-09-06T19:29Z","EcoCore_CSU","Si",1.6012,"milligramsPerLiter",4.6,,0,"formatChange","GOOD"
"3e4f4f6d-0dcf-4dc9-a347-d6654ecfbd80","D13","WLOU","WLOU.AOS.groundwater.well.008","WLOU.W8.20170906.RAW",,"2017-09-06T19:29Z","2017-09-06T19:29Z","EcoCore_CSU","pH",7.3700,"pH",4.6,,0,"formatChange","GOOD"
"37bed9be-890b-47c3-b417-9f97fe3a9b44","D13","WLOU","WLOU.AOS.groundwater.well.008","WLOU.W8.20170906.FIL",,"2017-09-06T19:29Z","2017-09-06T19:29Z","EcoCore_CSU","TDS",177.3000,"milligramsPerLiter",4.6,,0,"formatChange","GOOD"
"a8323968-e68c-421b-bdba-9f13fa335db7","D13","WLOU","WLOU.AOS.groundwater.well.008","WLOU.W8.20170906.RAW",,"2017-09-06T19:29Z","2017-09-06T19:29Z","EcoCore_CSU","TP",0.0020,"milligramsPerLiter",4.6,,0,"formatChange","GOOD"
"508d2db3-d639-4a5b-8412-6384818eef55","D13","WLOU","WLOU.AOS.groundwater.well.008","WLOU.W8.20170906.FIL",,"2017-09-06T19:29Z","2017-09-06T19:29Z","EcoCore_CSU","Na",2.6184,"milligramsPerLiter",4.6,,0,"formatChange","GOOD"
"a726edb3-ef76-4692-be5f-faa6c7cb6233","D13","WLOU","WLOU.AOS.groundwater.well.008","WLOU.W8.20170906.FIL",,"2017-09-06T19:29Z","2017-09-06T19:29Z","EcoCore_CSU","Br",0.0050,"milligramsPerLiter",4.6,,0,"formatChange","GOOD"
"af149904-47bf-4dbb-996f-adb0b77cbfa6","D13","WLOU","WLOU.AOS.groundwater.well.008","WLOU.W8.20170906.RAW",,"2017-09-06T19:29Z","2017-09-06T19:29Z","EcoCore_CSU","conductivity",252.4000,"microsiemensPerCentimeter",4.6,,0,"formatChange","GOOD"
"49fc5504-92d9-4814-951a-501b5fd92328","D13","WLOU","WLOU.AOS.groundwater.well.008","WLOU.W8.20170906.RAW",,"2017-09-06T19:29Z","2017-09-06T19:29Z","EcoCore_CSU","ANC",2.6910,"milliequivalentsPerLiter",4.6,,0,"formatChange","GOOD"
"84b9b61c-71a8-4f37-a7ff-88b424625f29","D13","WLOU","WLOU.AOS.groundwater.well.008","WLOU.W8.20170906.FIL",,"2017-09-06T19:29Z","2017-09-06T19:29Z","EcoCore_CSU","TDN",0.0519,"milligramsPerLiter",4.6,,0,"formatChange","GOOD"
"78dc124d-6503-4a74-abdd-a73c76a42611","D13","WLOU","WLOU.AOS.groundwater.well.008","WLOU.W8.20170906.FIL",,"2017-09-06T19:29Z","2017-09-06T19:29Z","EcoCore_CSU","Mg",9.3284,"milligramsPerLiter",4.6,,0,"formatChange","GOOD"
"63f92d8a-bc76-4f9e-9761-af2ce04ffb8d","D13","WLOU","WLOU.AOS.groundwater.well.008","WLOU.W8.20170906.FIL",,"2017-09-06T19:29Z","2017-09-06T19:29Z","EcoCore_CSU","NO2 - N",0.0242,"milligramsPerLiter",4.6,,0,"formatChange","GOOD"
"d4f54bc0-4095-4edd-ad67-a74330fbc3bf","D13","WLOU","WLOU.AOS.groundwater.well.008","WLOU.W8.20170906.RAW",,"2017-09-06T19:29Z","2017-09-06T19:29Z","EcoCore_CSU","TSS - Dry Mass",100.0000,"microgram",4.6,,0,"formatChange","GOOD"
"f1aec1d7-6b69-490f-bdd9-a64f5f275b58","D13","WLOU","WLOU.AOS.groundwater.well.008","WLOU.W8.20170906.FIL",,"2017-09-06T19:29Z","2017-09-06T19:29Z","EcoCore_CSU","Ortho - P",0.0210,"milligramsPerLiter",4.6,,0,"formatChange","GOOD"
"7e71bf55-3cc8-42b6-9861-4be0fa5a3c9f","D13","WLOU","WLOU.AOS.groundwater.well.008","WLOU.W8.20170906.RAW",,"2017-09-06T19:29Z","2017-09-06T19:29Z","EcoCore_CSU","TN",-0.0031,"milligramsPerLiter",4.6,,0,"formatChange","GOOD"
"1e4482a3-a6e4-4cb4-9b2d-4470b07ef728","D13","WLOU","WLOU.AOS.groundwater.well.008","WLOU.W8.20170906.FIL",,"2017-09-06T19:29Z","2017-09-06T19:29Z","EcoCore_CSU","HCO3",149.2300,"milligramsPerLiter",4.6,,0,"formatChange","GOOD"
"466750d6-c46a-487b-8375-1514fed78bd7","D13","WLOU","WLOU.AOS.groundwater.well.008","WLOU.W8.20170906.FIL",,"2017-09-06T19:29Z","2017-09-06T19:29Z","EcoCore_CSU","Fe",0.0015,"milligramsPerLiter",4.6,,0,"formatChange","GOOD"
"c56a990a-dd82-4e59-9a8c-a81ec1116e67","D13","WLOU","WLOU.AOS.groundwater.well.008","WLOU.W8.20170906.RAW",,"2017-09-06T19:29Z","2017-09-06T19:29Z","EcoCore_CSU","TSS",2.0000,"milligramsPerLiter",4.6,,0,"formatChange","GOOD"
"378941b7-c0da-4fe8-8e32-1d5e25ef6154","D13","WLOU","WLOU.AOS.groundwater.well.008","WLOU.W8.20170906.FIL",,"2017-09-06T19:29Z","2017-09-06T19:29Z","EcoCore_CSU","DOC",1.6460,"milligramsPerLiter",4.6,,0,"formatChange","GOOD"
"43af910d-8b0a-4b9a-97bc-02cb1219e52b","D13","WLOU","WLOU.AOS.groundwater.well.008","WLOU.W8.20170906.FIL",,"2017-09-06T19:29Z","2017-09-06T19:29Z","EcoCore_CSU","F",0.0050,"milligramsPerLiter",4.6,,0,"formatChange","GOOD"
"f5c21a0e-8a6a-408d-aa84-00dafa901ba7","D13","WLOU","WLOU.AOS.groundwater.well.008","WLOU.W8.20170906.FIL",,"2017-09-06T19:29Z","2017-09-06T19:29Z","EcoCore_CSU","NH4 - N",0.0439,"milligramsPerLiter",4.6,,0,"formatChange","GOOD"
"c058fd21-5474-47c6-b19b-23c717f9c44b","D13","WLOU","WLOU.AOS.groundwater.well.008","WLOU.W8.20170906.FIL",,"2017-09-06T19:29Z","2017-09-06T19:29Z","EcoCore_CSU","CO3",0.0000,"milligramsPerLiter",4.6,,0,"formatChange","GOOD"
"8d18ab65-a7fc-458a-a958-a41e1ad93fe0","D13","WLOU","WLOU.AOS.groundwater.well.008","WLOU.W8.20170906.RAW",,"2017-09-06T19:29Z","2017-09-06T19:29Z","EcoCore_CSU","TOC",1.4440,"milligramsPerLiter",4.6,,0,"formatChange","GOOD"
"bd45aca7-f4d0-4cd7-bc3a-37fc26863720","D13","WLOU","WLOU.AOS.groundwater.well.008","WLOU.W8.20170906.FIL",,"2017-09-06T19:29Z","2017-09-06T19:29Z","EcoCore_CSU","Ca",32.0120,"milligramsPerLiter",4.6,,0,"formatChange","GOOD"
"4fd52d51-e72c-468e-a08d-6abcc1d667f8","D13","WLOU","WLOU.AOS.groundwater.well.008","WLOU.W8.20170906.FIL",,"2017-09-06T19:29Z","2017-09-06T19:29Z","EcoCore_CSU","Mn",0.0056,"milligramsPerLiter",4.6,,0,"formatChange","GOOD"
"1af6a92e-bb95-41ae-9bb0-deaa3dae403c","D13","WLOU","WLOU.AOS.groundwater.well.008","WLOU.W8.20170906.PCN",,"2017-09-06T19:29Z","2017-09-06T19:29Z","EcoCore_CSU","TPC",0.3200,"milligram",4.6,,0,"formatChange","GOOD"
"9a85f126-db3a-426b-b171-56e9125a560f","D13","WLOU","WLOU.AOS.groundwater.well.008","WLOU.W8.20170906.FIL",,"2017-09-06T19:29Z","2017-09-06T19:29Z","EcoCore_CSU","DIC",23.7600,"milligramsPerLiter",4.6,,0,"formatChange","GOOD"
"52354e3a-cbdd-4bb1-901f-b9e4af5d358b","D13","WLOU","WLOU.AOS.groundwater.well.008","WLOU.W8.20170906.FIL",,"2017-09-06T19:29Z","2017-09-06T19:29Z","EcoCore_CSU","UV Absorbance (280 nm)",0.0216,,4.6,,0,"formatChange","GOOD"
"21357b78-8749-40cb-9bd7-4268850bfdfc","D13","WLOU","WLOU.AOS.groundwater.well.008","WLOU.W8.20170906.FIL",,"2017-09-06T19:29Z","2017-09-06T19:29Z","EcoCore_CSU","K",2.4396,"milligramsPerLiter",4.6,,0,"formatChange","GOOD"
