uid,domainID,siteID,namedLocation,decimalLatitude,decimalLongitude,coordinateUncertainty,elevation,elevationUncertainty,geodeticDatum,collectDate,aquaticSiteType,samplingImpractical,waterChemSamplesCollected,adequateSampleVol,parentSampleID,eventID,swcSamplingProtocolVersion,sampleExtractionMethod,samplerType,totalWellDepth,wellWaterDepth,waterColumnHeight,sampleDepth,purgeAverageDischargeRate,purgeTime,gwWellStabilized,purgeDryDateTime,pumpPlacementDate,screenedIntervalDepth,maxAllowableDrawdown,actualDrawdown,MADExceeded,wellVolumePurged,probeIDUnavailable,dissolvedOxygen,dissolvedOxygenSaturation,specificConductance,waterTemp,pH,waterClarityDescrip,waterColorDescrip,aCollectedBy,bCollectedBy,remarks
"38064d26-d4d3-4ef2-beef-969ad9772cb6","D11","PRIN","PRIN.AOS.groundwater.well.001",33.377712,-97.784321,0.1,257.9,0.1,"WGS84","2018-04-04T16:48Z","stream",,,,"PRIN.W1.20180404","PRIN.20180404","NEON.DOC.002905vE","low-flow","Groundwater Pump",8.2,5.4,2.8,6.4,,,,,,,,,,4.3,,0.57,6.00,399.00,17.10,,"cloudy","brown","cburton@battelleecology.org","kjones03@battelleecology.org",
"8dfecfdb-324a-4922-9b4d-7627f210c3c8","D11","PRIN","PRIN.AOS.groundwater.well.002",33.378246,-97.783720,0.1,257.4,0.1,"WGS84","2018-04-04T18:15Z","stream","location dry",,,"PRIN.W2.20180404","PRIN.20180404","NEON.DOC.002905vE","low-flow","Groundwater Pump",6.2,,,,,,,,,,,,,,,,,,,,,,"cburton@battelleecology.org","kjones03@battelleecology.org",
"514267e4-2a5b-42e7-bcc4-a30702c26aa7","D11","PRIN","PRIN.AOS.groundwater.well.006",33.378106,-97.781605,0.1,257.0,0.1,"WGS84","2018-04-05T17:37Z","stream",,,,"PRIN.W6.20180405","PRIN.20180405","NEON.DOC.002905vE","low-flow","Groundwater Pump",8.6,5.3,3.3,6.3,,,,,,,,,,2.1,,0.15,1.80,1300.00,21.70,,"cloudy","gray","lhostert@battelleecology.org","nfenster@battelleecology.org",
"074b416e-1fec-4d4a-abd2-d21bd6839868","D11","PRIN","PRIN.AOS.groundwater.well.004",33.378274,-97.782704,0.1,258.1,0.1,"WGS84","2018-04-05T19:38Z","stream",,,,"PRIN.W4.20180405","PRIN.20180405","NEON.DOC.002905vE","low-flow","Groundwater Pump",6.6,6.0,0.6,6.1,,,,,,,,,,1.8,,0.95,11.50,770.00,22.10,,"cloudy","gray","nfenster@battelleecology.org","lhostert@battelleecology.org",
