uid,domainID,siteID,namedLocation,sampleID,sampleCode,startDate,collectDate,laboratoryName,analyte,analyteConcentration,analyteUnits,coolerTemp,remarks,shipmentWarmQF,externalLabDataQF,sampleCondition
"b4a5fa36-3eb8-4318-b711-9e321534c11c","D11","PRIN","PRIN.AOS.groundwater.well.001","PRIN.W1.20180404.FIL","A00000020350","2018-04-04T16:48Z","2018-04-04T16:48Z","EcoCore_CSU","Cl",19.5694,"milligramsPerLiter",1.7,,0,"formatChange","GOOD"
"b58f38d1-47df-4286-8def-137794912efc","D11","PRIN","PRIN.AOS.groundwater.well.001","PRIN.W1.20180404.RAW","A00000020354","2018-04-04T16:48Z","2018-04-04T16:48Z","EcoCore_CSU","pH",7.0100,"pH",1.7,,0,"formatChange","GOOD"
"b809e1cf-2a56-4735-bfb9-150d91ddd767","D11","PRIN","PRIN.AOS.groundwater.well.001","PRIN.W1.20180404.FIL","A00000020350","2018-04-04T16:48Z","2018-04-04T16:48Z","EcoCore_CSU","Br",0.0050,"milligramsPerLiter",1.7,,0,"formatChange","GOOD"
"bb320d35-dc7f-49d1-b377-0eddf9780f62","D11","PRIN","PRIN.AOS.groundwater.well.001","PRIN.W1.20180404.FIL","A00000020350","2018-04-04T16:48Z","2018-04-04T16:48Z","EcoCore_CSU","Si",12.4398,"milligramsPerLiter",1.7,,0,"formatChange","GOOD"
"5fb0e257-d7b7-4814-9728-59b8b0945b7a","D11","PRIN","PRIN.AOS.groundwater.well.001","PRIN.W1.20180404.FIL","A00000020350","2018-04-04T16:48Z","2018-04-04T16:48Z","EcoCore_CSU","Na",8.6140,"milligramsPerLiter",1.7,,0,"formatChange","GOOD"
"63194cbd-978a-41bf-932e-c4e502cf4780","D11","PRIN","PRIN.AOS.groundwater.well.001","PRIN.W1.20180404.PCN","A00000020343","2018-04-04T16:48Z","2018-04-04T16:48Z","EcoCore_CSU","TPC",0.3233,"milligram",1.7,,0,"formatChange","GOOD"
"5fb149fe-52dc-47cf-b4a8-ff6c02631f3f","D11","PRIN","PRIN.AOS.groundwater.well.001","PRIN.W1.20180404.FIL","A00000020350","2018-04-04T16:48Z","2018-04-04T16:48Z","EcoCore_CSU","CO3",0.0050,"milligramsPerLiter",1.7,,0,"formatChange","GOOD"
"ca3af94c-817c-4011-a3e8-fe059aa01abc","D11","PRIN","PRIN.AOS.groundwater.well.001","PRIN.W1.20180404.FIL","A00000020350","2018-04-04T16:48Z","2018-04-04T16:48Z","EcoCore_CSU","DOC",5.1180,"milligramsPerLiter",1.7,,0,"formatChange","GOOD"
"6e5f22ea-ece6-46fb-bec5-22e3e6147853","D11","PRIN","PRIN.AOS.groundwater.well.001","PRIN.W1.20180404.PCN","A00000020343","2018-04-04T16:48Z","2018-04-04T16:48Z","EcoCore_CSU","TPN",0.1219,"milligram",1.7,,0,"formatChange","GOOD"
"cd094189-4855-4537-98fd-f701f2d55e9e","D11","PRIN","PRIN.AOS.groundwater.well.001","PRIN.W1.20180404.RAW","A00000020354","2018-04-04T16:48Z","2018-04-04T16:48Z","EcoCore_CSU","TSS",28.0000,"milligramsPerLiter",1.7,,0,"formatChange","GOOD"
"4a03eb20-0696-4bc5-b5e5-057ce41f78e0","D11","PRIN","PRIN.AOS.groundwater.well.001","PRIN.W1.20180404.FIL","A00000020350","2018-04-04T16:48Z","2018-04-04T16:48Z","EcoCore_CSU","Ca",55.9240,"milligramsPerLiter",1.7,,0,"formatChange","GOOD"
"72f54d0b-7ce0-40f7-aa39-aa22e86e411f","D11","PRIN","PRIN.AOS.groundwater.well.001","PRIN.W1.20180404.FIL","A00000020350","2018-04-04T16:48Z","2018-04-04T16:48Z","EcoCore_CSU","Mn",0.1703,"milligramsPerLiter",1.7,,0,"formatChange","GOOD"
"69af9dd0-b433-4022-a29d-d051f7ecb628","D11","PRIN","PRIN.AOS.groundwater.well.001","PRIN.W1.20180404.FIL","A00000020350","2018-04-04T16:48Z","2018-04-04T16:48Z","EcoCore_CSU","DIC",39.0800,"milligramsPerLiter",1.7,,0,"formatChange","GOOD"
"d9b2b6e1-bbf7-4a60-8344-acef9094aad0","D11","PRIN","PRIN.AOS.groundwater.well.001","PRIN.W1.20180404.RAW","A00000020354","2018-04-04T16:48Z","2018-04-04T16:48Z","EcoCore_CSU","ANC",2.7500,"milliequivalentsPerLiter",1.7,,0,"formatChange","GOOD"
"6496f4c1-fd15-421c-8ed4-d15eedd98fa4","D11","PRIN","PRIN.AOS.groundwater.well.001","PRIN.W1.20180404.FIL","A00000020350","2018-04-04T16:48Z","2018-04-04T16:48Z","EcoCore_CSU","TDP",0.0363,"milligramsPerLiter",1.7,,0,"formatChange","GOOD"
"93c5081b-4c2f-469f-9952-c78d28e156bd","D11","PRIN","PRIN.AOS.groundwater.well.001","PRIN.W1.20180404.FIL","A00000020350","2018-04-04T16:48Z","2018-04-04T16:48Z","EcoCore_CSU","Fe",0.0005,"milligramsPerLiter",1.7,,0,"formatChange","GOOD"
"3679ef30-dc43-4bb0-8344-7a3d47814376","D11","PRIN","PRIN.AOS.groundwater.well.001","PRIN.W1.20180404.FIL","A00000020350","2018-04-04T16:48Z","2018-04-04T16:48Z","EcoCore_CSU","NH4 - N",0.1147,"milligramsPerLiter",1.7,,0,"formatChange","GOOD"
"14c38368-5fbf-4b6a-a2bc-cefa6359ba5e","D11","PRIN","PRIN.AOS.groundwater.well.001","PRIN.W1.20180404.RAW","A00000020354","2018-04-04T16:48Z","2018-04-04T16:48Z","EcoCore_CSU","TN",1.2370,"milligramsPerLiter",1.7,,0,"formatChange","GOOD"
"d4ddb4bd-f5d4-4e8e-97c6-d542ba9d3513","D11","PRIN","PRIN.AOS.groundwater.well.001","PRIN.W1.20180404.FIL","A00000020350","2018-04-04T16:48Z","2018-04-04T16:48Z","EcoCore_CSU","NO2 - N",0.0133,"milligramsPerLiter",1.7,,0,"formatChange","GOOD"
"79fe2899-b1b2-45a4-bbe1-44c766873c83","D11","PRIN","PRIN.AOS.groundwater.well.001","PRIN.W1.20180404.FIL","A00000020350","2018-04-04T16:48Z","2018-04-04T16:48Z","EcoCore_CSU","HCO3",158.6300,"milligramsPerLiter",1.7,,0,"formatChange","GOOD"
"577cb103-d540-49b2-ba51-2d5d803acf65","D11","PRIN","PRIN.AOS.groundwater.well.001","PRIN.W1.20180404.RAW","A00000020354","2018-04-04T16:48Z","2018-04-04T16:48Z","EcoCore_CSU","TP",0.3233,"milligramsPerLiter",1.7,,0,"formatChange","GOOD"
"92b7dfec-29e1-41b5-b7bc-3416fd80baf9","D11","PRIN","PRIN.AOS.groundwater.well.001","PRIN.W1.20180404.FIL","A00000020350","2018-04-04T16:48Z","2018-04-04T16:48Z","EcoCore_CSU","UV Absorbance (280 nm)",0.0245,,1.7,,0,"formatChange","GOOD"
"b62fd06a-a474-4f69-9bc3-5670fb0d2d69","D11","PRIN","PRIN.AOS.groundwater.well.001","PRIN.W1.20180404.FIL","A00000020350","2018-04-04T16:48Z","2018-04-04T16:48Z","EcoCore_CSU","NO3+NO2 - N",0.0371,"milligramsPerLiter",1.7,,0,"formatChange","GOOD"
"5ba9e180-3b92-433f-9b30-1874f6800811","D11","PRIN","PRIN.AOS.groundwater.well.001","PRIN.W1.20180404.RAW","A00000020354","2018-04-04T16:48Z","2018-04-04T16:48Z","EcoCore_CSU","conductivity",428.4000,"microsiemensPerCentimeter",1.7,,0,"formatChange","GOOD"
"c3a33ce8-e8c1-490d-a80c-be0b76ce3bef","D11","PRIN","PRIN.AOS.groundwater.well.001","PRIN.W1.20180404.FIL","A00000020350","2018-04-04T16:48Z","2018-04-04T16:48Z","EcoCore_CSU","K",1.1800,"milligramsPerLiter",1.7,,0,"formatChange","GOOD"
"6113a63a-c206-4779-99a3-4c88ffd184df","D11","PRIN","PRIN.AOS.groundwater.well.001","PRIN.W1.20180404.FIL","A00000020350","2018-04-04T16:48Z","2018-04-04T16:48Z","EcoCore_CSU","F",0.0050,"milligramsPerLiter",1.7,,0,"formatChange","GOOD"
"72876649-6fb6-4a18-a7dc-a6007848932c","D11","PRIN","PRIN.AOS.groundwater.well.001","PRIN.W1.20180404.RAW","A00000020354","2018-04-04T16:48Z","2018-04-04T16:48Z","EcoCore_CSU","TOC",6.3540,"milligramsPerLiter",1.7,,0,"formatChange","GOOD"
"67df494b-1d88-441e-aabf-9ba3c2c69c94","D11","PRIN","PRIN.AOS.groundwater.well.001","PRIN.W1.20180404.FIL","A00000020350","2018-04-04T16:48Z","2018-04-04T16:48Z","EcoCore_CSU","UV Absorbance (250 nm)",0.0311,,1.7,,0,"formatChange","GOOD"
"ed107184-47d5-401e-837c-c6639b1041e1","D11","PRIN","PRIN.AOS.groundwater.well.001","PRIN.W1.20180404.FIL","A00000020350","2018-04-04T16:48Z","2018-04-04T16:48Z","EcoCore_CSU","Ortho - P",0.0740,"milligramsPerLiter",1.7,,0,"formatChange","GOOD"
"32d87dec-be31-4a5d-9176-283a9501df73","D11","PRIN","PRIN.AOS.groundwater.well.001","PRIN.W1.20180404.FIL","A00000020350","2018-04-04T16:48Z","2018-04-04T16:48Z","EcoCore_CSU","TDS",298.7000,"milligramsPerLiter",1.7,,0,"formatChange","GOOD"
"d3e4ebf0-d142-4ae9-975e-25183ef69126","D11","PRIN","PRIN.AOS.groundwater.well.001","PRIN.W1.20180404.FIL","A00000020350","2018-04-04T16:48Z","2018-04-04T16:48Z","EcoCore_CSU","SO4",31.0080,"milligramsPerLiter",1.7,,0,"formatChange","GOOD"
"e6127075-5e3e-4f65-adcd-7b71aff6451a","D11","PRIN","PRIN.AOS.groundwater.well.001","PRIN.W1.20180404.FIL","A00000020350","2018-04-04T16:48Z","2018-04-04T16:48Z","EcoCore_CSU","TDN",1.0720,"milligramsPerLiter",1.7,,0,"formatChange","GOOD"
"fe1a1f6b-4cda-40d4-b41b-286c4c154c57","D11","PRIN","PRIN.AOS.groundwater.well.001","PRIN.W1.20180404.RAW","A00000020354","2018-04-04T16:48Z","2018-04-04T16:48Z","EcoCore_CSU","TSS - Dry Mass",1400.0000,"microgram",1.7,,0,"formatChange","GOOD"
"d2a35d89-16a6-43e9-b6e0-694ffd9151f4","D11","PRIN","PRIN.AOS.groundwater.well.001","PRIN.W1.20180404.FIL","A00000020350","2018-04-04T16:48Z","2018-04-04T16:48Z","EcoCore_CSU","Mg",7.4083,"milligramsPerLiter",1.7,,0,"formatChange","GOOD"
"5ce9afb9-5271-4c5f-a5e1-dd037acb86bf","D11","PRIN","PRIN.AOS.groundwater.well.006","PRIN.W6.20180405.FIL","A00000020347","2018-04-05T17:37Z","2018-04-05T17:37Z","EcoCore_CSU","K",3.1225,"milligramsPerLiter",3.5,,0,"formatChange","GOOD"
"0eee0ddf-8ee4-434f-9326-a1e5d1b1b873","D11","PRIN","PRIN.AOS.groundwater.well.006","PRIN.W6.20180405.RAW","A00000020351","2018-04-05T17:37Z","2018-04-05T17:37Z","EcoCore_CSU","TN",0.2183,"milligramsPerLiter",3.5,,0,"formatChange","GOOD"
"f6892f9e-d2e9-4656-a90b-3765fb2570cd","D11","PRIN","PRIN.AOS.groundwater.well.006","PRIN.W6.20180405.RAW","A00000020351","2018-04-05T17:37Z","2018-04-05T17:37Z","EcoCore_CSU","TOC",1.0790,"milligramsPerLiter",3.5,,0,"formatChange","GOOD"
"ae521616-64ab-4ddc-b862-10b28d9d3280","D11","PRIN","PRIN.AOS.groundwater.well.006","PRIN.W6.20180405.FIL","A00000020347","2018-04-05T17:37Z","2018-04-05T17:37Z","EcoCore_CSU","HCO3",304.2500,"milligramsPerLiter",3.5,,0,"formatChange","GOOD"
"76992adf-8a29-4fcf-b589-f0f2408f8095","D11","PRIN","PRIN.AOS.groundwater.well.006","PRIN.W6.20180405.FIL","A00000020347","2018-04-05T17:37Z","2018-04-05T17:37Z","EcoCore_CSU","Si",8.3165,"milligramsPerLiter",3.5,,0,"formatChange","GOOD"
"9dbc9b33-904e-4232-b75d-83ca504260b0","D11","PRIN","PRIN.AOS.groundwater.well.006","PRIN.W6.20180405.FIL","A00000020347","2018-04-05T17:37Z","2018-04-05T17:37Z","EcoCore_CSU","NH4 - N",0.0070,"milligramsPerLiter",3.5,,0,"formatChange","GOOD"
"7fe38206-c21d-4344-9b5e-67fcb105bca0","D11","PRIN","PRIN.AOS.groundwater.well.006","PRIN.W6.20180405.FIL","A00000020347","2018-04-05T17:37Z","2018-04-05T17:37Z","EcoCore_CSU","UV Absorbance (250 nm)",0.0094,,3.5,,0,"formatChange","GOOD"
"3662aa82-943b-44f8-8527-9b829a47b525","D11","PRIN","PRIN.AOS.groundwater.well.006","PRIN.W6.20180405.FIL","A00000020347","2018-04-05T17:37Z","2018-04-05T17:37Z","EcoCore_CSU","TDP",0.0305,"milligramsPerLiter",3.5,,0,"formatChange","GOOD"
"93f56bc9-63ce-4a60-9887-6f22e75f6e91","D11","PRIN","PRIN.AOS.groundwater.well.006","PRIN.W6.20180405.FIL","A00000020347","2018-04-05T17:37Z","2018-04-05T17:37Z","EcoCore_CSU","Mn",0.0005,"milligramsPerLiter",3.5,,0,"formatChange","GOOD"
"90d110dd-1907-40b3-bd20-9639521dff4b","D11","PRIN","PRIN.AOS.groundwater.well.006","PRIN.W6.20180405.FIL","A00000020347","2018-04-05T17:37Z","2018-04-05T17:37Z","EcoCore_CSU","TDS",1024.6000,"milligramsPerLiter",3.5,,0,"formatChange","GOOD"
"36f11b57-48f4-4955-94bf-0eb0280c02ff","D11","PRIN","PRIN.AOS.groundwater.well.006","PRIN.W6.20180405.PCN","A00000020346","2018-04-05T17:37Z","2018-04-05T17:37Z","EcoCore_CSU","TPC",0.3114,"milligram",3.5,,0,"formatChange","GOOD"
"6fb9b34d-5e47-444c-9760-c22ae564216e","D11","PRIN","PRIN.AOS.groundwater.well.006","PRIN.W6.20180405.FIL","A00000020347","2018-04-05T17:37Z","2018-04-05T17:37Z","EcoCore_CSU","NO2 - N",0.0139,"milligramsPerLiter",3.5,,0,"formatChange","GOOD"
"e2a40feb-8094-4c43-9de3-509451019d6d","D11","PRIN","PRIN.AOS.groundwater.well.006","PRIN.W6.20180405.RAW","A00000020351","2018-04-05T17:37Z","2018-04-05T17:37Z","EcoCore_CSU","conductivity",1465.0000,"microsiemensPerCentimeter",3.5,,0,"formatChange","GOOD"
"fce7709b-874f-4c5e-ba24-73e8d0ebb6fb","D11","PRIN","PRIN.AOS.groundwater.well.006","PRIN.W6.20180405.FIL","A00000020347","2018-04-05T17:37Z","2018-04-05T17:37Z","EcoCore_CSU","SO4",449.1210,"milligramsPerLiter",3.5,,0,"formatChange","GOOD"
"e601eb67-a38e-4e78-8598-8a5e136d2391","D11","PRIN","PRIN.AOS.groundwater.well.006","PRIN.W6.20180405.FIL","A00000020347","2018-04-05T17:37Z","2018-04-05T17:37Z","EcoCore_CSU","Ortho - P",0.0630,"milligramsPerLiter",3.5,,0,"formatChange","GOOD"
"ccdb770c-1c50-4bfd-8383-97f6b74e7106","D11","PRIN","PRIN.AOS.groundwater.well.006","PRIN.W6.20180405.RAW","A00000020351","2018-04-05T17:37Z","2018-04-05T17:37Z","EcoCore_CSU","TSS - Dry Mass",1500.0000,"microgram",3.5,,0,"formatChange","GOOD"
"394c9234-71d8-4542-b878-81e4b9e4b7fd","D11","PRIN","PRIN.AOS.groundwater.well.006","PRIN.W6.20180405.RAW","A00000020351","2018-04-05T17:37Z","2018-04-05T17:37Z","EcoCore_CSU","TP",0.0621,"milligramsPerLiter",3.5,,0,"formatChange","GOOD"
"7620b8a0-2819-4447-ac31-086cf45dd6b3","D11","PRIN","PRIN.AOS.groundwater.well.006","PRIN.W6.20180405.RAW","A00000020351","2018-04-05T17:37Z","2018-04-05T17:37Z","EcoCore_CSU","TSS",30.0000,"milligramsPerLiter",3.5,,0,"formatChange","GOOD"
"c7118466-f6ed-4508-b0ed-5c9ff82494fd","D11","PRIN","PRIN.AOS.groundwater.well.006","PRIN.W6.20180405.FIL","A00000020347","2018-04-05T17:37Z","2018-04-05T17:37Z","EcoCore_CSU","NO3+NO2 - N",0.0435,"milligramsPerLiter",3.5,,0,"formatChange","GOOD"
"b5dd6b9c-ae08-4e3c-a535-dd6993962a9d","D11","PRIN","PRIN.AOS.groundwater.well.006","PRIN.W6.20180405.RAW","A00000020351","2018-04-05T17:37Z","2018-04-05T17:37Z","EcoCore_CSU","pH",7.0500,"pH",3.5,,0,"formatChange","GOOD"
"d0c2381d-df5a-489b-b1ff-3279bbc9f7f0","D11","PRIN","PRIN.AOS.groundwater.well.006","PRIN.W6.20180405.FIL","A00000020347","2018-04-05T17:37Z","2018-04-05T17:37Z","EcoCore_CSU","Br",0.0050,"milligramsPerLiter",3.5,,0,"formatChange","GOOD"
"b30fdd08-5600-4b00-b0a7-1d23a5a99354","D11","PRIN","PRIN.AOS.groundwater.well.006","PRIN.W6.20180405.FIL","A00000020347","2018-04-05T17:37Z","2018-04-05T17:37Z","EcoCore_CSU","Na",86.5359,"milligramsPerLiter",3.5,,0,"formatChange","GOOD"
"bfe0aa9e-ca26-4bed-8e81-9231ca7fa5e6","D11","PRIN","PRIN.AOS.groundwater.well.006","PRIN.W6.20180405.FIL","A00000020347","2018-04-05T17:37Z","2018-04-05T17:37Z","EcoCore_CSU","CO3",0.0050,"milligramsPerLiter",3.5,,0,"formatChange","GOOD"
"069601fa-9614-4d24-97ba-6be783969d4a","D11","PRIN","PRIN.AOS.groundwater.well.006","PRIN.W6.20180405.FIL","A00000020347","2018-04-05T17:37Z","2018-04-05T17:37Z","EcoCore_CSU","F",0.0050,"milligramsPerLiter",3.5,,0,"formatChange","GOOD"
"b3cf2019-8a11-467c-a37f-13564137e82a","D11","PRIN","PRIN.AOS.groundwater.well.006","PRIN.W6.20180405.FIL","A00000020347","2018-04-05T17:37Z","2018-04-05T17:37Z","EcoCore_CSU","DIC",69.9900,"milligramsPerLiter",3.5,,0,"formatChange","GOOD"
"fd8d67c8-3034-449e-9956-ec2fb1e58caa","D11","PRIN","PRIN.AOS.groundwater.well.006","PRIN.W6.20180405.RAW","A00000020351","2018-04-05T17:37Z","2018-04-05T17:37Z","EcoCore_CSU","ANC",5.0200,"milliequivalentsPerLiter",3.5,,0,"formatChange","GOOD"
"0944c05d-f85f-4e99-a90f-d3c47d03a8f0","D11","PRIN","PRIN.AOS.groundwater.well.006","PRIN.W6.20180405.PCN","A00000020346","2018-04-05T17:37Z","2018-04-05T17:37Z","EcoCore_CSU","TPN",0.0953,"milligram",3.5,,0,"formatChange","GOOD"
"29eee590-a2dc-45bc-8e7b-57b57f735c05","D11","PRIN","PRIN.AOS.groundwater.well.006","PRIN.W6.20180405.FIL","A00000020347","2018-04-05T17:37Z","2018-04-05T17:37Z","EcoCore_CSU","Mg",53.5341,"milligramsPerLiter",3.5,,0,"formatChange","GOOD"
"9b5cbb90-757f-4ebc-b1c3-824a4ace4810","D11","PRIN","PRIN.AOS.groundwater.well.006","PRIN.W6.20180405.FIL","A00000020347","2018-04-05T17:37Z","2018-04-05T17:37Z","EcoCore_CSU","Ca",133.8940,"milligramsPerLiter",3.5,,0,"formatChange","GOOD"
"dff4fdce-c6a7-42ff-8723-238e1a078b12","D11","PRIN","PRIN.AOS.groundwater.well.006","PRIN.W6.20180405.FIL","A00000020347","2018-04-05T17:37Z","2018-04-05T17:37Z","EcoCore_CSU","Cl",23.4097,"milligramsPerLiter",3.5,,0,"formatChange","GOOD"
"64fff8bc-0f49-4a33-ba1e-048d7133ef96","D11","PRIN","PRIN.AOS.groundwater.well.006","PRIN.W6.20180405.FIL","A00000020347","2018-04-05T17:37Z","2018-04-05T17:37Z","EcoCore_CSU","DOC",1.0460,"milligramsPerLiter",3.5,,0,"formatChange","GOOD"
"7b7b23b7-eaca-4057-ad40-0215d49caa8c","D11","PRIN","PRIN.AOS.groundwater.well.006","PRIN.W6.20180405.FIL","A00000020347","2018-04-05T17:37Z","2018-04-05T17:37Z","EcoCore_CSU","Fe",0.0005,"milligramsPerLiter",3.5,,0,"formatChange","GOOD"
"70fbb6f6-39fa-4ed5-9b6a-663f0d76e272","D11","PRIN","PRIN.AOS.groundwater.well.006","PRIN.W6.20180405.FIL","A00000020347","2018-04-05T17:37Z","2018-04-05T17:37Z","EcoCore_CSU","TDN",0.1646,"milligramsPerLiter",3.5,,0,"formatChange","GOOD"
"74d32d08-01dc-43e1-9bfe-cb8ecc0f20db","D11","PRIN","PRIN.AOS.groundwater.well.006","PRIN.W6.20180405.FIL","A00000020347","2018-04-05T17:37Z","2018-04-05T17:37Z","EcoCore_CSU","UV Absorbance (280 nm)",0.0031,,3.5,,0,"formatChange","GOOD"
"690ec91f-ffea-4d25-af25-07c40d376d47","D11","PRIN","PRIN.AOS.groundwater.well.004","PRIN.W4.20180405.FIL","A00000020348","2018-04-05T19:38Z","2018-04-05T19:38Z","EcoCore_CSU","TDN",0.1386,"milligramsPerLiter",2.8,,0,"formatChange","GOOD"
"c4c35574-c697-4c03-a874-e6f591095f52","D11","PRIN","PRIN.AOS.groundwater.well.004","PRIN.W4.20180405.FIL","A00000020348","2018-04-05T19:38Z","2018-04-05T19:38Z","EcoCore_CSU","UV Absorbance (280 nm)",0.0112,,2.8,,0,"formatChange","GOOD"
"b2873970-a2a8-48df-bdba-997da9474747","D11","PRIN","PRIN.AOS.groundwater.well.004","PRIN.W4.20180405.PCN","A00000020345","2018-04-05T19:38Z","2018-04-05T19:38Z","EcoCore_CSU","TPN",0.0567,"milligram",2.8,,0,"formatChange","GOOD"
"9f610131-e266-479e-99cb-6d75428391e5","D11","PRIN","PRIN.AOS.groundwater.well.004","PRIN.W4.20180405.FIL","A00000020348","2018-04-05T19:38Z","2018-04-05T19:38Z","EcoCore_CSU","Ortho - P",0.1050,"milligramsPerLiter",2.8,,0,"formatChange","GOOD"
"e1f6d0af-5175-4544-997b-5f85f6771737","D11","PRIN","PRIN.AOS.groundwater.well.004","PRIN.W4.20180405.FIL","A00000020348","2018-04-05T19:38Z","2018-04-05T19:38Z","EcoCore_CSU","Cl",128.0824,"milligramsPerLiter",2.8,,0,"formatChange","GOOD"
"e792cc1e-77f3-42c0-92b7-6ad27a794324","D11","PRIN","PRIN.AOS.groundwater.well.004","PRIN.W4.20180405.FIL","A00000020348","2018-04-05T19:38Z","2018-04-05T19:38Z","EcoCore_CSU","Na",29.4974,"milligramsPerLiter",2.8,,0,"formatChange","GOOD"
"40deedb3-387a-40f9-a610-8cf245eb4673","D11","PRIN","PRIN.AOS.groundwater.well.004","PRIN.W4.20180405.FIL","A00000020348","2018-04-05T19:38Z","2018-04-05T19:38Z","EcoCore_CSU","HCO3",214.3600,"milligramsPerLiter",2.8,,0,"formatChange","GOOD"
"cf011250-15c9-416a-9055-16e01534fe83","D11","PRIN","PRIN.AOS.groundwater.well.004","PRIN.W4.20180405.FIL","A00000020348","2018-04-05T19:38Z","2018-04-05T19:38Z","EcoCore_CSU","DIC",66.8800,"milligramsPerLiter",2.8,,0,"formatChange","GOOD"
"0c848497-3538-4e76-9eaf-825aa5aedf32","D11","PRIN","PRIN.AOS.groundwater.well.004","PRIN.W4.20180405.RAW","A00000020352","2018-04-05T19:38Z","2018-04-05T19:38Z","EcoCore_CSU","TOC",1.2000,"milligramsPerLiter",2.8,,0,"formatChange","GOOD"
"033189f4-3db4-4c57-89f0-fb1a3a0ccf88","D11","PRIN","PRIN.AOS.groundwater.well.004","PRIN.W4.20180405.RAW","A00000020352","2018-04-05T19:38Z","2018-04-05T19:38Z","EcoCore_CSU","conductivity",863.8000,"microsiemensPerCentimeter",2.8,,0,"formatChange","GOOD"
"c4ef5f0c-493f-4d5c-bb12-8cd5ce43abf3","D11","PRIN","PRIN.AOS.groundwater.well.004","PRIN.W4.20180405.FIL","A00000020348","2018-04-05T19:38Z","2018-04-05T19:38Z","EcoCore_CSU","Ca",98.4660,"milligramsPerLiter",2.8,,0,"formatChange","GOOD"
"ebc3831d-3266-4211-a5af-e6ccd5f2bbca","D11","PRIN","PRIN.AOS.groundwater.well.004","PRIN.W4.20180405.FIL","A00000020348","2018-04-05T19:38Z","2018-04-05T19:38Z","EcoCore_CSU","CO3",0.0050,"milligramsPerLiter",2.8,,0,"formatChange","GOOD"
"a8a25246-4641-4212-afda-5e6e121d125a","D11","PRIN","PRIN.AOS.groundwater.well.004","PRIN.W4.20180405.FIL","A00000020348","2018-04-05T19:38Z","2018-04-05T19:38Z","EcoCore_CSU","K",1.8294,"milligramsPerLiter",2.8,,0,"formatChange","GOOD"
"f90e80de-c2ba-40ea-b5e2-93af7ace8818","D11","PRIN","PRIN.AOS.groundwater.well.004","PRIN.W4.20180405.PCN","A00000020345","2018-04-05T19:38Z","2018-04-05T19:38Z","EcoCore_CSU","TPC",0.2429,"milligram",2.8,,0,"formatChange","GOOD"
"e00ad93e-b9bc-497b-8682-ef7d640ea184","D11","PRIN","PRIN.AOS.groundwater.well.004","PRIN.W4.20180405.FIL","A00000020348","2018-04-05T19:38Z","2018-04-05T19:38Z","EcoCore_CSU","DOC",1.0890,"milligramsPerLiter",2.8,,0,"formatChange","GOOD"
"b553c818-9cf7-402e-8da0-907bd21eef5a","D11","PRIN","PRIN.AOS.groundwater.well.004","PRIN.W4.20180405.FIL","A00000020348","2018-04-05T19:38Z","2018-04-05T19:38Z","EcoCore_CSU","Si",15.8583,"milligramsPerLiter",2.8,,0,"formatChange","GOOD"
"a3f9a127-8620-424f-92fe-2f726039ffe8","D11","PRIN","PRIN.AOS.groundwater.well.004","PRIN.W4.20180405.FIL","A00000020348","2018-04-05T19:38Z","2018-04-05T19:38Z","EcoCore_CSU","NH4 - N",0.0069,"milligramsPerLiter",2.8,,0,"formatChange","GOOD"
"9ebf9b0f-9c32-489e-a9eb-15d71cab65a4","D11","PRIN","PRIN.AOS.groundwater.well.004","PRIN.W4.20180405.RAW","A00000020352","2018-04-05T19:38Z","2018-04-05T19:38Z","EcoCore_CSU","TSS - Dry Mass",300.0000,"microgram",2.8,,0,"formatChange","GOOD"
"fa5f56a7-5c55-4242-9c4d-2905fd5a27c9","D11","PRIN","PRIN.AOS.groundwater.well.004","PRIN.W4.20180405.RAW","A00000020352","2018-04-05T19:38Z","2018-04-05T19:38Z","EcoCore_CSU","TSS",6.0000,"milligramsPerLiter",2.8,,0,"formatChange","GOOD"
"993b0dd7-53d5-4bd1-8869-93176167f7a5","D11","PRIN","PRIN.AOS.groundwater.well.004","PRIN.W4.20180405.FIL","A00000020348","2018-04-05T19:38Z","2018-04-05T19:38Z","EcoCore_CSU","TDP",0.0827,"milligramsPerLiter",2.8,,0,"formatChange","GOOD"
"26f5cf86-efeb-4e36-a002-dd1d8ac01d81","D11","PRIN","PRIN.AOS.groundwater.well.004","PRIN.W4.20180405.FIL","A00000020348","2018-04-05T19:38Z","2018-04-05T19:38Z","EcoCore_CSU","Mn",0.0119,"milligramsPerLiter",2.8,,0,"formatChange","GOOD"
"b2bfb363-5f4c-4177-8f23-b0decfe306c8","D11","PRIN","PRIN.AOS.groundwater.well.004","PRIN.W4.20180405.FIL","A00000020348","2018-04-05T19:38Z","2018-04-05T19:38Z","EcoCore_CSU","Br",0.0050,"milligramsPerLiter",2.8,,0,"formatChange","GOOD"
"00e8712d-ef04-49fc-b8dc-e9b5339d8d42","D11","PRIN","PRIN.AOS.groundwater.well.004","PRIN.W4.20180405.FIL","A00000020348","2018-04-05T19:38Z","2018-04-05T19:38Z","EcoCore_CSU","F",0.0050,"milligramsPerLiter",2.8,,0,"formatChange","GOOD"
"f549aba1-92d8-4858-b67b-45f3c43883b9","D11","PRIN","PRIN.AOS.groundwater.well.004","PRIN.W4.20180405.FIL","A00000020348","2018-04-05T19:38Z","2018-04-05T19:38Z","EcoCore_CSU","UV Absorbance (250 nm)",0.0196,,2.8,,0,"formatChange","GOOD"
"0ff0a389-69ac-44fc-9a54-829ea76ebcb2","D11","PRIN","PRIN.AOS.groundwater.well.004","PRIN.W4.20180405.RAW","A00000020352","2018-04-05T19:38Z","2018-04-05T19:38Z","EcoCore_CSU","pH",7.1600,"pH",2.8,,0,"formatChange","GOOD"
"2cb7802c-56f0-48f8-9b1f-ff25990f86ba","D11","PRIN","PRIN.AOS.groundwater.well.004","PRIN.W4.20180405.RAW","A00000020352","2018-04-05T19:38Z","2018-04-05T19:38Z","EcoCore_CSU","ANC",3.6500,"milliequivalentsPerLiter",2.8,,0,"formatChange","GOOD"
"ab8edc73-ff36-4a71-9f71-7d30d4620a30","D11","PRIN","PRIN.AOS.groundwater.well.004","PRIN.W4.20180405.FIL","A00000020348","2018-04-05T19:38Z","2018-04-05T19:38Z","EcoCore_CSU","NO3+NO2 - N",0.0228,"milligramsPerLiter",2.8,,0,"formatChange","GOOD"
"90f2f466-2a61-495d-982a-71a0ef0f809b","D11","PRIN","PRIN.AOS.groundwater.well.004","PRIN.W4.20180405.FIL","A00000020348","2018-04-05T19:38Z","2018-04-05T19:38Z","EcoCore_CSU","TDS",603.4000,"milligramsPerLiter",2.8,,0,"formatChange","GOOD"
"03a61a4c-0876-4111-99c2-ad574f1b3467","D11","PRIN","PRIN.AOS.groundwater.well.004","PRIN.W4.20180405.FIL","A00000020348","2018-04-05T19:38Z","2018-04-05T19:38Z","EcoCore_CSU","Fe",0.0005,"milligramsPerLiter",2.8,,0,"formatChange","GOOD"
"e8dd9ee0-f8cc-4f69-859d-cbfab0650519","D11","PRIN","PRIN.AOS.groundwater.well.004","PRIN.W4.20180405.RAW","A00000020352","2018-04-05T19:38Z","2018-04-05T19:38Z","EcoCore_CSU","TN",0.1379,"milligramsPerLiter",2.8,,0,"formatChange","GOOD"
"a05254ab-69b0-4c7d-b4ec-0558cd2be770","D11","PRIN","PRIN.AOS.groundwater.well.004","PRIN.W4.20180405.FIL","A00000020348","2018-04-05T19:38Z","2018-04-05T19:38Z","EcoCore_CSU","SO4",25.0090,"milligramsPerLiter",2.8,,0,"formatChange","GOOD"
"627422c8-377e-4731-8317-770aa527143e","D11","PRIN","PRIN.AOS.groundwater.well.004","PRIN.W4.20180405.FIL","A00000020348","2018-04-05T19:38Z","2018-04-05T19:38Z","EcoCore_CSU","Mg",17.0478,"milligramsPerLiter",2.8,,0,"formatChange","GOOD"
"11e089d0-beec-45cc-9b35-7056f62577e6","D11","PRIN","PRIN.AOS.groundwater.well.004","PRIN.W4.20180405.RAW","A00000020352","2018-04-05T19:38Z","2018-04-05T19:38Z","EcoCore_CSU","TP",0.1503,"milligramsPerLiter",2.8,,0,"formatChange","GOOD"
"b2d370d6-8302-4ac8-90d8-87e72d45b854","D11","PRIN","PRIN.AOS.groundwater.well.004","PRIN.W4.20180405.FIL","A00000020348","2018-04-05T19:38Z","2018-04-05T19:38Z","EcoCore_CSU","NO2 - N",0.0133,"milligramsPerLiter",2.8,,0,"formatChange","GOOD"
