uid,domainID,siteID,namedLocation,collectDate,parentSampleID,sampleCondition,sampleID,replicateNumber,gwwDICBubbleFree,gwwFiltSampleHeadspace,gwwAlkSampleHeadspace,gwwAlkSampleBubbleFree,processedDate,processedDateFilters,sampleVolumeFiltered,shipmentTimeRange
"b0a3067f-b435-44e3-8006-97ac424f954d","D06","KING","KING.AOS.groundwater.well.001","2020-07-13T14:50Z","KING.W1.20200713","Sample condition ok","KING.W1.20200713",1,,,,,"2020-07-13T15:00Z","2020-07-13T17:50Z",500.0,"within 24 hours of collection"
"b658b541-c349-41b2-9301-774b39ac659a","D06","KING","KING.AOS.groundwater.well.004","2020-07-13T16:20Z","KING.W4.20200713","Sample condition ok","KING.W4.20200713",1,,,,,"2020-07-13T16:45Z","2020-07-13T16:45Z",700.0,"within 24 hours of collection"
"2e2d5d52-c6e4-4fd7-a83f-28f07e19ac01","D06","KING","KING.AOS.groundwater.well.002","2020-07-14T14:48Z","KING.W2.20200714","Sample condition ok","KING.W2.20200714",1,,,,,"2020-07-14T15:06Z","2020-07-14T14:45Z",450.0,"within 24 hours of collection"
"08fcfb5a-10de-4111-8164-f77513942fdf","D06","KING","KING.AOS.groundwater.well.008","2020-07-14T16:05Z","KING.W8.20200714","Sample condition ok","KING.W8.20200714",1,,,,,"2020-07-14T16:30Z","2020-07-14T14:45Z",255.0,"within 24 hours of collection"
