uid,domainID,siteID,namedLocation,decimalLatitude,decimalLongitude,coordinateUncertainty,elevation,elevationUncertainty,geodeticDatum,collectDate,aquaticSiteType,samplingImpractical,waterChemSamplesCollected,adequateSampleVol,parentSampleID,eventID,swcSamplingProtocolVersion,sampleExtractionMethod,samplerType,totalWellDepth,wellWaterDepth,waterColumnHeight,sampleDepth,purgeAverageDischargeRate,purgeTime,gwWellStabilized,purgeDryDateTime,pumpPlacementDate,screenedIntervalDepth,maxAllowableDrawdown,actualDrawdown,MADExceeded,wellVolumePurged,probeIDUnavailable,dissolvedOxygen,dissolvedOxygenSaturation,specificConductance,waterTemp,pH,waterClarityDescrip,waterColorDescrip,aCollectedBy,bCollectedBy,remarks
"96105395-e6bf-48a0-98f3-0120e7619fa1","D06","KING","KING.AOS.groundwater.well.001",39.104728,-96.602945,0.1,329.4,0.1,"WGS84","2020-07-13T14:50Z","stream",,"Y","Y","KING.W1.20200713","KING.20200713","NEON.DOC.002905vG","low-flow","Groundwater Pump",9.7,5.2,4.6,6.2,300.0,12.0,,,,,,,,3.6,,2.31,24.80,632.00,18.40,7.88,"clear","colorless","0000-0003-1449-7081","0000-0002-4565-0256","Water tape was not functioning estimated depth to water table"
"586c63e1-6f3b-4e47-9a2b-6d04ed8f7ab4","D06","KING","KING.AOS.groundwater.well.004",39.104850,-96.603323,0.1,328.6,0.1,"WGS84","2020-07-13T16:20Z","stream",,"Y","Y","KING.W4.20200713","KING.20200713","NEON.DOC.002905vG","low-flow","Groundwater Pump",8.5,3.5,4.9,4.5,300.0,12.0,,,,,,,,3.6,,2.51,26.50,677.00,16.90,7.78,"clear","colorless","0000-0003-1449-7081","0000-0002-4565-0256","Water tape was not functioning estimated depth to water table"
"c50a2527-5923-49ce-89a7-6069a2924a47","D06","KING","KING.AOS.groundwater.well.002",39.104936,-96.602639,0.1,329.1,0.1,"WGS84","2020-07-14T14:48Z","stream",,"Y","Y","KING.W2.20200714","KING.20200714","NEON.DOC.002905vG","low-flow","Grab",6.6,3.5,3.1,4.5,300.0,14.0,,,,,,,,4.2,,2.65,27.40,715.00,14.70,7.21,"clear","colorless","0000-0003-1449-7081","0000-0002-4565-0256","Water tape was not functioning estimated depth to water table"
"bf3992dc-25f2-497a-998d-a5718f1beff7","D06","KING","KING.AOS.groundwater.well.008",39.105096,-96.603080,0.1,328.4,0.1,"WGS84","2020-07-14T16:05Z","stream",,"Y","Y","KING.W8.20200714","KING.20200714","NEON.DOC.002905vG","low-flow","Grab",8.4,3.9,4.5,,300.0,12.0,,,,,,,,3.6,,3.32,34.50,710.00,16.40,7.42,"clear","colorless","0000-0003-1449-7081","0000-0002-4565-0256","Water tape was not functioning estimated depth to water table"
