uid,domainID,siteID,namedLocation,decimalLatitude,decimalLongitude,coordinateUncertainty,elevation,elevationUncertainty,geodeticDatum,collectDate,aquaticSiteType,samplingImpractical,waterChemSamplesCollected,adequateSampleVol,parentSampleID,eventID,swcSamplingProtocolVersion,sampleExtractionMethod,samplerType,totalWellDepth,wellWaterDepth,waterColumnHeight,sampleDepth,purgeAverageDischargeRate,purgeTime,gwWellStabilized,purgeDryDateTime,pumpPlacementDate,screenedIntervalDepth,maxAllowableDrawdown,actualDrawdown,MADExceeded,wellVolumePurged,probeIDUnavailable,dissolvedOxygen,dissolvedOxygenSaturation,specificConductance,waterTemp,pH,waterClarityDescrip,waterColorDescrip,aCollectedBy,bCollectedBy,remarks
"e5cd9a0a-ffae-4036-867b-f2c7d0070e66","D06","MCDI","MCDI.AOS.groundwater.well.006",38.946384,-96.442827,0.1,377.9,0.1,"WGS84","2020-09-22T15:44Z","stream",,"Y","Y","MCDI.W6.20200922","MCDI.20200922","NEON.DOC.002905vG","low-flow","Grab",8.1,6.3,1.8,,300.0,12.0,,,,,,,,3.6,,0.77,5.00,597.00,15.40,7.10,"clear","colorless","0000-0001-7163-2310","0000-0003-1449-7081",
"805cbd5a-ff8e-4b8b-a46a-99279306e1c1","D06","MCDI","MCDI.AOS.groundwater.well.002",38.947494,-96.444025,0.1,380.6,0.1,"WGS84","2020-09-22T17:15Z","stream",,"Y","Y","MCDI.W2.20200922","MCDI.20200922","NEON.DOC.002905vG","low-flow","Grab",10.0,8.2,1.8,,200.0,16.0,,,,,,,,3.2,,2.03,23.60,554.00,19.80,7.30,"cloudy","brown","0000-0003-1449-7081","0000-0001-7163-2310",
"ef7933ba-3801-452d-ae61-2794b2d96d53","D06","MCDI","MCDI.AOS.groundwater.well.004",38.946864,-96.444102,0.1,377.4,0.1,"WGS84","2020-09-23T18:31Z","stream",,"Y","Y","MCDI.W4.20200923","MCDI.20200923","NEON.DOC.002905vG","bailer tube","Grab",8.1,5.1,3.0,,,,,,,,,,,6.0,,2.02,21.10,777.00,16.50,7.28,"clear","colorless","0000-0003-1449-7081","0000-0001-7163-2310",
"1b521f18-50aa-4918-aa06-6097b9e0195e","D06","MCDI","MCDI.AOS.groundwater.well.005",38.946577,-96.443425,0.1,377.2,0.1,"WGS84","2020-09-23T19:15Z","stream",,"Y","Y","MCDI.W5.20200923","MCDI.20200923","NEON.DOC.002905vG","bailer tube","Grab",7.0,5.3,1.7,,,,,,,,,,,4.0,,1.97,21.50,535.00,28.80,7.37,"cloudy","brown","0000-0003-1449-7081","0000-0001-7163-2310",
