uid,domainID,siteID,namedLocation,collectDate,parentSampleID,sampleCondition,sampleID,replicateNumber,gwwDICBubbleFree,gwwFiltSampleHeadspace,gwwAlkSampleHeadspace,gwwAlkSampleBubbleFree,processedDate,processedDateFilters,sampleVolumeFiltered,shipmentTimeRange
"2fa33cf2-47f2-46d6-8240-e4f22b77ec8e","D06","MCDI","MCDI.AOS.groundwater.well.006","2020-09-22T15:44Z","MCDI.W6.20200922","Sample condition ok","MCDI.W6.20200922",1,,,,,"2020-09-22T15:39Z","2020-09-22T18:40Z",565.0,"within 24 hours of collection"
"9f34f442-9a89-47e1-86aa-d4d016d48bb3","D06","MCDI","MCDI.AOS.groundwater.well.002","2020-09-22T17:15Z","MCDI.W2.20200922","Sample condition ok","MCDI.W2.20200922",1,,,,,"2020-09-22T17:08Z","2020-09-22T18:40Z",80.0,"within 24 hours of collection"
"97f1705b-7af8-443f-8dd1-746373ceab36","D06","MCDI","MCDI.AOS.groundwater.well.004","2020-09-23T18:31Z","MCDI.W4.20200923","Sample condition ok","MCDI.W4.20200923",1,,,,,"2020-09-23T18:53Z","2020-09-23T18:42Z",200.0,"within 24 hours of collection"
"412db974-794f-4d24-be7b-35472adecebd","D06","MCDI","MCDI.AOS.groundwater.well.005","2020-09-23T19:15Z","MCDI.W5.20200923","Sample condition ok","MCDI.W5.20200923",1,,,,,"2020-09-23T19:36Z","2020-09-23T19:24Z",15.0,"within 24 hours of collection"
