uid,domainID,siteID,namedLocation,sampleID,sampleCode,startDate,collectDate,laboratoryName,analyte,analyteConcentration,analyteUnits,coolerTemp,remarks,shipmentWarmQF,externalLabDataQF,sampleCondition
"1e06a46e-2d45-43df-ac56-5ddc80d352cd","D01","HOPB","HOPB.AOS.groundwater.well.004","HOPB.W4.20180319.FIL",,"2018-03-19T15:05Z","2018-03-19T15:05Z","EcoCore_CSU","TDP",0.0020,"milligramsPerLiter",4.8,,0,"formatChange","GOOD"
"bb6df676-e5ef-4214-9be4-5ec64d8a92e6","D01","HOPB","HOPB.AOS.groundwater.well.004","HOPB.W4.20180319.PCN",,"2018-03-19T15:05Z","2018-03-19T15:05Z","EcoCore_CSU","TPN",0.1214,"milligram",4.8,,0,"formatChange","GOOD"
"4d85b518-edca-4c7a-9802-1c8bad85d980","D01","HOPB","HOPB.AOS.groundwater.well.004","HOPB.W4.20180319.RAW",,"2018-03-19T15:05Z","2018-03-19T15:05Z","EcoCore_CSU","pH",5.1500,"pH",4.8,,0,"formatChange","GOOD"
"9e625d60-f1f3-4ccf-b84f-cd07dafbdb54","D01","HOPB","HOPB.AOS.groundwater.well.004","HOPB.W4.20180319.FIL",,"2018-03-19T15:05Z","2018-03-19T15:05Z","EcoCore_CSU","HCO3",6.1120,"milligramsPerLiter",4.8,,0,"formatChange","GOOD"
"efce1b8f-7060-4f23-b7ba-bd2c88cc8c1c","D01","HOPB","HOPB.AOS.groundwater.well.004","HOPB.W4.20180319.FIL",,"2018-03-19T15:05Z","2018-03-19T15:05Z","EcoCore_CSU","TDN",-0.0280,"milligramsPerLiter",4.8,,0,"formatChange","GOOD"
"6ae60df7-405f-4bd1-9eee-cbc29c18907d","D01","HOPB","HOPB.AOS.groundwater.well.004","HOPB.W4.20180319.FIL",,"2018-03-19T15:05Z","2018-03-19T15:05Z","EcoCore_CSU","Si",3.6000,"milligramsPerLiter",4.8,,0,"formatChange","GOOD"
"da057a51-73a2-4645-ad3f-b5ba35bb8373","D01","HOPB","HOPB.AOS.groundwater.well.004","HOPB.W4.20180319.RAW",,"2018-03-19T15:05Z","2018-03-19T15:05Z","EcoCore_CSU","TP",0.0070,"milligramsPerLiter",4.8,,0,"formatChange","GOOD"
"a4f54bd5-1f80-4a14-9b38-003386039e8d","D01","HOPB","HOPB.AOS.groundwater.well.004","HOPB.W4.20180319.FIL",,"2018-03-19T15:05Z","2018-03-19T15:05Z","EcoCore_CSU","Mn",0.0060,"milligramsPerLiter",4.8,,0,"formatChange","GOOD"
"a4863966-33b2-4221-bf89-726ac5740e3f","D01","HOPB","HOPB.AOS.groundwater.well.004","HOPB.W4.20180319.FIL",,"2018-03-19T15:05Z","2018-03-19T15:05Z","EcoCore_CSU","TDS",25.1400,"milligramsPerLiter",4.8,,0,"formatChange","GOOD"
"1fa2f50f-df3c-48e4-a833-40436baf359c","D01","HOPB","HOPB.AOS.groundwater.well.004","HOPB.W4.20180319.FIL",,"2018-03-19T15:05Z","2018-03-19T15:05Z","EcoCore_CSU","Na",2.5080,"milligramsPerLiter",4.8,,0,"formatChange","GOOD"
"c34b622c-1193-4d11-9e8d-0711e0dcec00","D01","HOPB","HOPB.AOS.groundwater.well.004","HOPB.W4.20180319.FIL",,"2018-03-19T15:05Z","2018-03-19T15:05Z","EcoCore_CSU","NO3+NO2 - N",0.0045,"milligramsPerLiter",4.8,,0,"formatChange","GOOD"
"9e2550c4-8ce7-4c89-a368-c606d93adcba","D01","HOPB","HOPB.AOS.groundwater.well.004","HOPB.W4.20180319.FIL",,"2018-03-19T15:05Z","2018-03-19T15:05Z","EcoCore_CSU","K",0.1120,"milligramsPerLiter",4.8,,0,"formatChange","GOOD"
"5e669ae2-5ea3-4fa9-92ad-25b420b943b7","D01","HOPB","HOPB.AOS.groundwater.well.004","HOPB.W4.20180319.RAW",,"2018-03-19T15:05Z","2018-03-19T15:05Z","EcoCore_CSU","TSS - Dry Mass",1200.0000,"microgram",4.8,,0,"formatChange","GOOD"
"9fb17ecc-b5ec-4efb-80c7-4c71b2bfeb82","D01","HOPB","HOPB.AOS.groundwater.well.004","HOPB.W4.20180319.FIL",,"2018-03-19T15:05Z","2018-03-19T15:05Z","EcoCore_CSU","Cl",9.6200,"milligramsPerLiter",4.8,,0,"formatChange","GOOD"
"831fe3da-1dbd-49f4-924c-9c931cd9987e","D01","HOPB","HOPB.AOS.groundwater.well.004","HOPB.W4.20180319.FIL",,"2018-03-19T15:05Z","2018-03-19T15:05Z","EcoCore_CSU","NO2 - N",0.0164,"milligramsPerLiter",4.8,,0,"formatChange","GOOD"
"c177e190-ee83-4ca6-8c28-5e24bfe1319b","D01","HOPB","HOPB.AOS.groundwater.well.004","HOPB.W4.20180319.RAW",,"2018-03-19T15:05Z","2018-03-19T15:05Z","EcoCore_CSU","conductivity",34.5800,"microsiemensPerCentimeter",4.8,,0,"formatChange","GOOD"
"2d35ce20-bc7a-41a6-9438-6d85ebfabe3b","D01","HOPB","HOPB.AOS.groundwater.well.004","HOPB.W4.20180319.FIL",,"2018-03-19T15:05Z","2018-03-19T15:05Z","EcoCore_CSU","Br",0.0050,"milligramsPerLiter",4.8,,0,"formatChange","GOOD"
"10453679-95bb-4b15-8acd-96520bfc1fcf","D01","HOPB","HOPB.AOS.groundwater.well.004","HOPB.W4.20180319.RAW",,"2018-03-19T15:05Z","2018-03-19T15:05Z","EcoCore_CSU","TSS",24.0000,"milligramsPerLiter",4.8,,0,"formatChange","GOOD"
"019d233d-5dbd-485a-b984-adcd6df4c69d","D01","HOPB","HOPB.AOS.groundwater.well.004","HOPB.W4.20180319.FIL",,"2018-03-19T15:05Z","2018-03-19T15:05Z","EcoCore_CSU","F",0.0050,"milligramsPerLiter",4.8,,0,"formatChange","GOOD"
"9b4a151e-900c-4f6b-bd25-ec10ddc1f16e","D01","HOPB","HOPB.AOS.groundwater.well.004","HOPB.W4.20180319.FIL",,"2018-03-19T15:05Z","2018-03-19T15:05Z","EcoCore_CSU","Mg",0.8870,"milligramsPerLiter",4.8,,0,"formatChange","GOOD"
"88502487-9050-4bc9-86d7-91491c9bcd51","D01","HOPB","HOPB.AOS.groundwater.well.004","HOPB.W4.20180319.FIL",,"2018-03-19T15:05Z","2018-03-19T15:05Z","EcoCore_CSU","UV Absorbance (250 nm)",0.0196,,4.8,,0,"formatChange","GOOD"
"1741c3f7-d5f5-4b3c-8015-b80d3c697b53","D01","HOPB","HOPB.AOS.groundwater.well.004","HOPB.W4.20180319.RAW",,"2018-03-19T15:05Z","2018-03-19T15:05Z","EcoCore_CSU","ANC",0.1500,"milliequivalentsPerLiter",4.8,,0,"formatChange","GOOD"
"59cb6284-0fc2-443f-bcbd-c78c9230ffd5","D01","HOPB","HOPB.AOS.groundwater.well.004","HOPB.W4.20180319.FIL",,"2018-03-19T15:05Z","2018-03-19T15:05Z","EcoCore_CSU","DOC",1.1580,"milligramsPerLiter",4.8,,0,"formatChange","GOOD"
"cd955144-7fa3-4fc8-bb6b-e528cc42b5ca","D01","HOPB","HOPB.AOS.groundwater.well.004","HOPB.W4.20180319.FIL",,"2018-03-19T15:05Z","2018-03-19T15:05Z","EcoCore_CSU","NH4 - N",0.0018,"milligramsPerLiter",4.8,,0,"formatChange","GOOD"
"e559c17a-97ed-46c4-8224-31152899c603","D01","HOPB","HOPB.AOS.groundwater.well.004","HOPB.W4.20180319.FIL",,"2018-03-19T15:05Z","2018-03-19T15:05Z","EcoCore_CSU","DIC",2.9220,"milligramsPerLiter",4.8,,0,"formatChange","GOOD"
"2f656205-10cb-4195-b242-7e939cceaf8c","D01","HOPB","HOPB.AOS.groundwater.well.004","HOPB.W4.20180319.FIL",,"2018-03-19T15:05Z","2018-03-19T15:05Z","EcoCore_CSU","Ortho - P",4.7330,"milligramsPerLiter",4.8,,0,"formatChange","GOOD"
"accfe9fd-dd3e-4cc9-92df-51beff8f88d5","D01","HOPB","HOPB.AOS.groundwater.well.004","HOPB.W4.20180319.RAW",,"2018-03-19T15:05Z","2018-03-19T15:05Z","EcoCore_CSU","TOC",1.0870,"milligramsPerLiter",4.8,,0,"formatChange","GOOD"
"cb72ff31-a183-4409-befd-64bd3c53b238","D01","HOPB","HOPB.AOS.groundwater.well.004","HOPB.W4.20180319.FIL",,"2018-03-19T15:05Z","2018-03-19T15:05Z","EcoCore_CSU","UV Absorbance (280 nm)",0.0121,,4.8,,0,"formatChange","GOOD"
"a9aeebd1-6711-4916-9443-d271da1a01fe","D01","HOPB","HOPB.AOS.groundwater.well.004","HOPB.W4.20180319.FIL",,"2018-03-19T15:05Z","2018-03-19T15:05Z","EcoCore_CSU","SO4",1.0500,"milligramsPerLiter",4.8,,0,"formatChange","GOOD"
"9d825720-ba11-479f-b024-a06521ecf1ab","D01","HOPB","HOPB.AOS.groundwater.well.004","HOPB.W4.20180319.FIL",,"2018-03-19T15:05Z","2018-03-19T15:05Z","EcoCore_CSU","Ca",4.2630,"milligramsPerLiter",4.8,,0,"formatChange","GOOD"
"c5d7f4f1-9278-4e55-bfed-672d0c9e38fb","D01","HOPB","HOPB.AOS.groundwater.well.004","HOPB.W4.20180319.RAW",,"2018-03-19T15:05Z","2018-03-19T15:05Z","EcoCore_CSU","TN",-0.0611,"milligramsPerLiter",4.8,,0,"formatChange","GOOD"
"d096af00-dd8b-4448-9abd-5340d1bfe5af","D01","HOPB","HOPB.AOS.groundwater.well.004","HOPB.W4.20180319.FIL",,"2018-03-19T15:05Z","2018-03-19T15:05Z","EcoCore_CSU","CO3",0.0050,"milligramsPerLiter",4.8,,0,"formatChange","GOOD"
"237cf04f-47da-46e6-9202-13cec9c3eb53","D01","HOPB","HOPB.AOS.groundwater.well.004","HOPB.W4.20180319.FIL",,"2018-03-19T15:05Z","2018-03-19T15:05Z","EcoCore_CSU","Fe",0.0090,"milligramsPerLiter",4.8,,0,"formatChange","GOOD"
"5b99150a-4b59-480b-924e-fe7d42fdc8b1","D01","HOPB","HOPB.AOS.groundwater.well.004","HOPB.W4.20180319.PCN",,"2018-03-19T15:05Z","2018-03-19T15:05Z","EcoCore_CSU","TPC",0.4668,"milligram",4.8,,0,"formatChange","GOOD"
"959b5de9-de31-4e95-a079-499ff1b051b7","D01","HOPB","HOPB.AOS.groundwater.well.002","HOPB.W2.20180319.FIL",,"2018-03-19T16:02Z","2018-03-19T16:02Z","EcoCore_CSU","HCO3",,"milligramsPerLiter",4.8,"only 250 ml received for filtered sample",0,"formatChange","Other"
"89d7ea7f-e3a9-4030-93d5-7bcd35848ef6","D01","HOPB","HOPB.AOS.groundwater.well.002","HOPB.W2.20180319.FIL",,"2018-03-19T16:02Z","2018-03-19T16:02Z","EcoCore_CSU","DOC",2.7840,"milligramsPerLiter",4.8,"only 250 ml received for filtered sample",0,"formatChange","Other"
"9c962460-d529-4927-b908-abd07f83548b","D01","HOPB","HOPB.AOS.groundwater.well.002","HOPB.W2.20180319.PCN",,"2018-03-19T16:02Z","2018-03-19T16:02Z","EcoCore_CSU","TPN",0.1240,"milligram",4.8,,0,"formatChange","GOOD"
"2b765d2a-4662-452d-9fed-a231506dfae7","D01","HOPB","HOPB.AOS.groundwater.well.002","HOPB.W2.20180319.FIL",,"2018-03-19T16:02Z","2018-03-19T16:02Z","EcoCore_CSU","Cl",,"milligramsPerLiter",4.8,"only 250 ml received for filtered sample",0,"formatChange","Other"
"00548eb1-caf6-48c3-b2fe-5c8b4261c6a5","D01","HOPB","HOPB.AOS.groundwater.well.002","HOPB.W2.20180319.FIL",,"2018-03-19T16:02Z","2018-03-19T16:02Z","EcoCore_CSU","Ca",,"milligramsPerLiter",4.8,"only 250 ml received for filtered sample",0,"formatChange","Other"
"514a9841-2832-4431-b8d7-4707cbca3d26","D01","HOPB","HOPB.AOS.groundwater.well.002","HOPB.W2.20180319.RAW",,"2018-03-19T16:02Z","2018-03-19T16:02Z","EcoCore_CSU","TOC",4.3490,"milligramsPerLiter",4.8,,0,"formatChange","GOOD"
"5c239b00-f96c-4591-bae1-297874188b24","D01","HOPB","HOPB.AOS.groundwater.well.002","HOPB.W2.20180319.RAW",,"2018-03-19T16:02Z","2018-03-19T16:02Z","EcoCore_CSU","ANC",0.1800,"milliequivalentsPerLiter",4.8,,0,"formatChange","GOOD"
"58e5dec5-df3e-4d54-9ac9-c0da4010f009","D01","HOPB","HOPB.AOS.groundwater.well.002","HOPB.W2.20180319.FIL",,"2018-03-19T16:02Z","2018-03-19T16:02Z","EcoCore_CSU","CO3",0.0050,"milligramsPerLiter",4.8,"only 250 ml received for filtered sample",0,"formatChange","Other"
"f7eb9430-b2cd-4807-b3e8-4040fe6a9db3","D01","HOPB","HOPB.AOS.groundwater.well.002","HOPB.W2.20180319.FIL",,"2018-03-19T16:02Z","2018-03-19T16:02Z","EcoCore_CSU","SO4",,"milligramsPerLiter",4.8,"only 250 ml received for filtered sample",0,"formatChange","Other"
"9f9fb53b-b632-4cc0-b279-12ddc375a1c3","D01","HOPB","HOPB.AOS.groundwater.well.002","HOPB.W2.20180319.FIL",,"2018-03-19T16:02Z","2018-03-19T16:02Z","EcoCore_CSU","Ortho - P",0.0930,"milligramsPerLiter",4.8,"only 250 ml received for filtered sample",0,"formatChange","Other"
"5be445fa-3b9c-4ea8-b115-cfc3c11a791e","D01","HOPB","HOPB.AOS.groundwater.well.002","HOPB.W2.20180319.FIL",,"2018-03-19T16:02Z","2018-03-19T16:02Z","EcoCore_CSU","Mn",,"milligramsPerLiter",4.8,"only 250 ml received for filtered sample",0,"formatChange","Other"
"136e51eb-582c-4ff4-8ef3-ccb0a1406ca0","D01","HOPB","HOPB.AOS.groundwater.well.002","HOPB.W2.20180319.FIL",,"2018-03-19T16:02Z","2018-03-19T16:02Z","EcoCore_CSU","Fe",,"milligramsPerLiter",4.8,"only 250 ml received for filtered sample",0,"formatChange","Other"
"04d9d4d0-f594-4595-9a5d-3a427897af0b","D01","HOPB","HOPB.AOS.groundwater.well.002","HOPB.W2.20180319.RAW",,"2018-03-19T16:02Z","2018-03-19T16:02Z","EcoCore_CSU","TSS - Dry Mass",7500.0000,"microgram",4.8,,0,"formatChange","GOOD"
"31ffe20d-43f4-4713-8d78-4b58c0417a03","D01","HOPB","HOPB.AOS.groundwater.well.002","HOPB.W2.20180319.FIL",,"2018-03-19T16:02Z","2018-03-19T16:02Z","EcoCore_CSU","NO2 - N",0.0161,"milligramsPerLiter",4.8,"only 250 ml received for filtered sample",0,"formatChange","Other"
"b0b3bd04-e22f-4a3b-8113-cfb5af6fd318","D01","HOPB","HOPB.AOS.groundwater.well.002","HOPB.W2.20180319.RAW",,"2018-03-19T16:02Z","2018-03-19T16:02Z","EcoCore_CSU","pH",5.7100,"pH",4.8,,0,"formatChange","GOOD"
"99647236-c9d4-4023-9725-21a9fdbbbb7c","D01","HOPB","HOPB.AOS.groundwater.well.002","HOPB.W2.20180319.FIL",,"2018-03-19T16:02Z","2018-03-19T16:02Z","EcoCore_CSU","K",,"milligramsPerLiter",4.8,"only 250 ml received for filtered sample",0,"formatChange","Other"
"b38288f3-1d33-4b33-94b3-c5703fd0774a","D01","HOPB","HOPB.AOS.groundwater.well.002","HOPB.W2.20180319.FIL",,"2018-03-19T16:02Z","2018-03-19T16:02Z","EcoCore_CSU","DIC",5.8550,"milligramsPerLiter",4.8,"only 250 ml received for filtered sample",0,"formatChange","Other"
"0cea7db7-5721-4b63-a897-a99efb0b5dfb","D01","HOPB","HOPB.AOS.groundwater.well.002","HOPB.W2.20180319.FIL",,"2018-03-19T16:02Z","2018-03-19T16:02Z","EcoCore_CSU","UV Absorbance (250 nm)",0.0639,,4.8,"only 250 ml received for filtered sample",0,"formatChange","Other"
"2264e129-8dbd-4149-a87b-f0118b10b854","D01","HOPB","HOPB.AOS.groundwater.well.002","HOPB.W2.20180319.FIL",,"2018-03-19T16:02Z","2018-03-19T16:02Z","EcoCore_CSU","Si",,"milligramsPerLiter",4.8,"only 250 ml received for filtered sample",0,"formatChange","Other"
"6e96e8b4-2e4e-4aa9-b8de-4eca2d71e8fc","D01","HOPB","HOPB.AOS.groundwater.well.002","HOPB.W2.20180319.RAW",,"2018-03-19T16:02Z","2018-03-19T16:02Z","EcoCore_CSU","conductivity",78.8900,"microsiemensPerCentimeter",4.8,,0,"formatChange","GOOD"
"3af1be7e-3901-4f00-85f1-8e2d260596ee","D01","HOPB","HOPB.AOS.groundwater.well.002","HOPB.W2.20180319.FIL",,"2018-03-19T16:02Z","2018-03-19T16:02Z","EcoCore_CSU","Mg",,"milligramsPerLiter",4.8,"only 250 ml received for filtered sample",0,"formatChange","Other"
"69a6de67-3863-47bd-a5a6-e56574f82dbc","D01","HOPB","HOPB.AOS.groundwater.well.002","HOPB.W2.20180319.FIL",,"2018-03-19T16:02Z","2018-03-19T16:02Z","EcoCore_CSU","F",,"milligramsPerLiter",4.8,"only 250 ml received for filtered sample",0,"formatChange","Other"
"16e367bb-01fa-4263-9918-c578c7b12248","D01","HOPB","HOPB.AOS.groundwater.well.002","HOPB.W2.20180319.RAW",,"2018-03-19T16:02Z","2018-03-19T16:02Z","EcoCore_CSU","TN",0.1659,"milligramsPerLiter",4.8,,0,"formatChange","GOOD"
"d0d5f02c-38a3-409b-92cf-4a433b21cff8","D01","HOPB","HOPB.AOS.groundwater.well.002","HOPB.W2.20180319.FIL",,"2018-03-19T16:02Z","2018-03-19T16:02Z","EcoCore_CSU","NO3+NO2 - N",0.0168,"milligramsPerLiter",4.8,"only 250 ml received for filtered sample",0,"formatChange","Other"
"671e496d-e32c-4d95-a41c-31aa29d84c54","D01","HOPB","HOPB.AOS.groundwater.well.002","HOPB.W2.20180319.RAW",,"2018-03-19T16:02Z","2018-03-19T16:02Z","EcoCore_CSU","TP",0.0100,"milligramsPerLiter",4.8,,0,"formatChange","GOOD"
"189188f0-6608-41ee-b892-3b74983a2cd1","D01","HOPB","HOPB.AOS.groundwater.well.002","HOPB.W2.20180319.FIL",,"2018-03-19T16:02Z","2018-03-19T16:02Z","EcoCore_CSU","TDN",0.0677,"milligramsPerLiter",4.8,"only 250 ml received for filtered sample",0,"formatChange","Other"
"72091121-0d41-44d2-9c08-a5ac1769e8d6","D01","HOPB","HOPB.AOS.groundwater.well.002","HOPB.W2.20180319.FIL",,"2018-03-19T16:02Z","2018-03-19T16:02Z","EcoCore_CSU","TDS",57.8900,"milligramsPerLiter",4.8,"only 250 ml received for filtered sample",0,"formatChange","Other"
"5aacb4eb-9a88-4fb2-86e1-1f18fc1699dd","D01","HOPB","HOPB.AOS.groundwater.well.002","HOPB.W2.20180319.FIL",,"2018-03-19T16:02Z","2018-03-19T16:02Z","EcoCore_CSU","TDP",0.0030,"milligramsPerLiter",4.8,"only 250 ml received for filtered sample",0,"formatChange","Other"
"eec564c0-2c87-4f2c-9bfc-e395c99bcd1f","D01","HOPB","HOPB.AOS.groundwater.well.002","HOPB.W2.20180319.FIL",,"2018-03-19T16:02Z","2018-03-19T16:02Z","EcoCore_CSU","Br",,"milligramsPerLiter",4.8,"only 250 ml received for filtered sample",0,"formatChange","Other"
"d083f8d2-1f08-4fc4-bd30-4114e8701b7c","D01","HOPB","HOPB.AOS.groundwater.well.002","HOPB.W2.20180319.FIL",,"2018-03-19T16:02Z","2018-03-19T16:02Z","EcoCore_CSU","NH4 - N",0.0311,"milligramsPerLiter",4.8,"only 250 ml received for filtered sample",0,"formatChange","Other"
"94765ab0-e90a-4c01-b443-1bb72d1c13ee","D01","HOPB","HOPB.AOS.groundwater.well.002","HOPB.W2.20180319.RAW",,"2018-03-19T16:02Z","2018-03-19T16:02Z","EcoCore_CSU","TSS",150.0000,"milligramsPerLiter",4.8,,0,"formatChange","GOOD"
"35e9dab0-a284-45fc-bebe-6414f7b667e2","D01","HOPB","HOPB.AOS.groundwater.well.002","HOPB.W2.20180319.FIL",,"2018-03-19T16:02Z","2018-03-19T16:02Z","EcoCore_CSU","Na",,"milligramsPerLiter",4.8,"only 250 ml received for filtered sample",0,"formatChange","Other"
"1f4ca943-041f-4806-a36f-289f2efc8331","D01","HOPB","HOPB.AOS.groundwater.well.002","HOPB.W2.20180319.FIL",,"2018-03-19T16:02Z","2018-03-19T16:02Z","EcoCore_CSU","UV Absorbance (280 nm)",0.0435,,4.8,"only 250 ml received for filtered sample",0,"formatChange","Other"
"a127bd93-3b1d-49c2-a3ff-84ff082b6cbc","D01","HOPB","HOPB.AOS.groundwater.well.002","HOPB.W2.20180319.PCN",,"2018-03-19T16:02Z","2018-03-19T16:02Z","EcoCore_CSU","TPC",0.3614,"milligram",4.8,,0,"formatChange","GOOD"
"b882d1e4-8316-4cb4-8817-edcf95ffd195","D01","HOPB","HOPB.AOS.groundwater.well.003","HOPB.W3.20180319.FIL",,"2018-03-19T16:35Z","2018-03-19T16:35Z","EcoCore_CSU","F",,"milligramsPerLiter",4.8,"only 250 ml received for filtered sample",0,"formatChange","Other"
"84fb14d8-a08b-493a-b003-8240c25f9333","D01","HOPB","HOPB.AOS.groundwater.well.003","HOPB.W3.20180319.PCN",,"2018-03-19T16:35Z","2018-03-19T16:35Z","EcoCore_CSU","TPC",0.3614,"milligram",4.8,,0,"formatChange","GOOD"
"00005130-7557-4210-ab7a-153f35b29267","D01","HOPB","HOPB.AOS.groundwater.well.003","HOPB.W3.20180319.FIL",,"2018-03-19T16:35Z","2018-03-19T16:35Z","EcoCore_CSU","TDN",-0.0474,"milligramsPerLiter",4.8,"only 250 ml received for filtered sample",0,"formatChange","Other"
"55b3626d-d34c-46d1-a89d-14c930776949","D01","HOPB","HOPB.AOS.groundwater.well.003","HOPB.W3.20180319.FIL",,"2018-03-19T16:35Z","2018-03-19T16:35Z","EcoCore_CSU","Ca",,"milligramsPerLiter",4.8,"only 250 ml received for filtered sample",0,"formatChange","Other"
"9222ad0f-ccaf-4414-b2e0-8ead8cd0caf9","D01","HOPB","HOPB.AOS.groundwater.well.003","HOPB.W3.20180319.FIL",,"2018-03-19T16:35Z","2018-03-19T16:35Z","EcoCore_CSU","Si",,"milligramsPerLiter",4.8,"only 250 ml received for filtered sample",0,"formatChange","Other"
"63396154-dd4a-4981-a7bc-03206fef85c0","D01","HOPB","HOPB.AOS.groundwater.well.003","HOPB.W3.20180319.FIL",,"2018-03-19T16:35Z","2018-03-19T16:35Z","EcoCore_CSU","Cl",,"milligramsPerLiter",4.8,"only 250 ml received for filtered sample",0,"formatChange","Other"
"95e761b5-ef15-4794-bad0-b61c0d254c16","D01","HOPB","HOPB.AOS.groundwater.well.003","HOPB.W3.20180319.RAW",,"2018-03-19T16:35Z","2018-03-19T16:35Z","EcoCore_CSU","pH",5.7700,"pH",4.8,,0,"formatChange","GOOD"
"154116f7-27d6-4027-9e76-41512cf95aa5","D01","HOPB","HOPB.AOS.groundwater.well.003","HOPB.W3.20180319.FIL",,"2018-03-19T16:35Z","2018-03-19T16:35Z","EcoCore_CSU","K",,"milligramsPerLiter",4.8,"only 250 ml received for filtered sample",0,"formatChange","Other"
"8a6b3e58-2ade-4194-ad82-1cc1d4572a76","D01","HOPB","HOPB.AOS.groundwater.well.003","HOPB.W3.20180319.FIL",,"2018-03-19T16:35Z","2018-03-19T16:35Z","EcoCore_CSU","NH4 - N",0.0082,"milligramsPerLiter",4.8,"only 250 ml received for filtered sample",0,"formatChange","Other"
"cf210278-bcc6-40df-8366-92230485e037","D01","HOPB","HOPB.AOS.groundwater.well.003","HOPB.W3.20180319.FIL",,"2018-03-19T16:35Z","2018-03-19T16:35Z","EcoCore_CSU","CO3",0.0050,"milligramsPerLiter",4.8,"only 250 ml received for filtered sample",0,"formatChange","Other"
"12968f3f-695a-45ce-ab62-87680ba5e4d0","D01","HOPB","HOPB.AOS.groundwater.well.003","HOPB.W3.20180319.FIL",,"2018-03-19T16:35Z","2018-03-19T16:35Z","EcoCore_CSU","HCO3",,"milligramsPerLiter",4.8,"only 250 ml received for filtered sample",0,"formatChange","Other"
"991c1434-f78a-4b0a-bd37-da885b09266b","D01","HOPB","HOPB.AOS.groundwater.well.003","HOPB.W3.20180319.FIL",,"2018-03-19T16:35Z","2018-03-19T16:35Z","EcoCore_CSU","UV Absorbance (280 nm)",0.0124,,4.8,"only 250 ml received for filtered sample",0,"formatChange","Other"
"9211a84d-fa9e-419a-9830-d9583d0329ca","D01","HOPB","HOPB.AOS.groundwater.well.003","HOPB.W3.20180319.RAW",,"2018-03-19T16:35Z","2018-03-19T16:35Z","EcoCore_CSU","TP",0.0200,"milligramsPerLiter",4.8,,0,"formatChange","GOOD"
"bab621ea-e978-4fc1-b5f7-0b99b3a5beab","D01","HOPB","HOPB.AOS.groundwater.well.003","HOPB.W3.20180319.RAW",,"2018-03-19T16:35Z","2018-03-19T16:35Z","EcoCore_CSU","TSS",72.0000,"milligramsPerLiter",4.8,,0,"formatChange","GOOD"
"a88b132b-3d7b-4bcd-814e-2b2cca7c3ff8","D01","HOPB","HOPB.AOS.groundwater.well.003","HOPB.W3.20180319.RAW",,"2018-03-19T16:35Z","2018-03-19T16:35Z","EcoCore_CSU","ANC",0.1700,"milliequivalentsPerLiter",4.8,,0,"formatChange","GOOD"
"75a02bb6-5b05-4950-9d0a-e762005e50c5","D01","HOPB","HOPB.AOS.groundwater.well.003","HOPB.W3.20180319.FIL",,"2018-03-19T16:35Z","2018-03-19T16:35Z","EcoCore_CSU","Fe",,"milligramsPerLiter",4.8,"only 250 ml received for filtered sample",0,"formatChange","Other"
"491ac02f-5427-4dad-aaec-2945d2df3b57","D01","HOPB","HOPB.AOS.groundwater.well.003","HOPB.W3.20180319.FIL",,"2018-03-19T16:35Z","2018-03-19T16:35Z","EcoCore_CSU","TDP",0.0070,"milligramsPerLiter",4.8,"only 250 ml received for filtered sample",0,"formatChange","Other"
"1f00d4b9-3a9a-444c-853a-d1049245d79b","D01","HOPB","HOPB.AOS.groundwater.well.003","HOPB.W3.20180319.RAW",,"2018-03-19T16:35Z","2018-03-19T16:35Z","EcoCore_CSU","TOC",1.4860,"milligramsPerLiter",4.8,,0,"formatChange","GOOD"
"285e8ef2-e65e-4e83-ade0-2c994fe4588f","D01","HOPB","HOPB.AOS.groundwater.well.003","HOPB.W3.20180319.FIL",,"2018-03-19T16:35Z","2018-03-19T16:35Z","EcoCore_CSU","Ortho - P",0.1180,"milligramsPerLiter",4.8,"only 250 ml received for filtered sample",0,"formatChange","Other"
"2eefd930-ba5e-40d0-aec2-cd313030862d","D01","HOPB","HOPB.AOS.groundwater.well.003","HOPB.W3.20180319.RAW",,"2018-03-19T16:35Z","2018-03-19T16:35Z","EcoCore_CSU","conductivity",56.3200,"microsiemensPerCentimeter",4.8,,0,"formatChange","GOOD"
"15845bbc-c305-47d5-9dd0-6b7f9e7240ed","D01","HOPB","HOPB.AOS.groundwater.well.003","HOPB.W3.20180319.FIL",,"2018-03-19T16:35Z","2018-03-19T16:35Z","EcoCore_CSU","UV Absorbance (250 nm)",0.0182,,4.8,"only 250 ml received for filtered sample",0,"formatChange","Other"
"f46dd539-5b00-44b6-97cc-fea9ea4378f7","D01","HOPB","HOPB.AOS.groundwater.well.003","HOPB.W3.20180319.FIL",,"2018-03-19T16:35Z","2018-03-19T16:35Z","EcoCore_CSU","NO3+NO2 - N",0.0062,"milligramsPerLiter",4.8,"only 250 ml received for filtered sample",0,"formatChange","Other"
"8da8459a-7373-4d54-ad59-f93838768eba","D01","HOPB","HOPB.AOS.groundwater.well.003","HOPB.W3.20180319.FIL",,"2018-03-19T16:35Z","2018-03-19T16:35Z","EcoCore_CSU","Mn",,"milligramsPerLiter",4.8,"only 250 ml received for filtered sample",0,"formatChange","Other"
"df11f129-f560-41a7-b8af-2ab9f47a706f","D01","HOPB","HOPB.AOS.groundwater.well.003","HOPB.W3.20180319.RAW",,"2018-03-19T16:35Z","2018-03-19T16:35Z","EcoCore_CSU","TSS - Dry Mass",3600.0000,"microgram",4.8,,0,"formatChange","GOOD"
"44d073ca-328e-4542-9828-33a2347b2a96","D01","HOPB","HOPB.AOS.groundwater.well.003","HOPB.W3.20180319.FIL",,"2018-03-19T16:35Z","2018-03-19T16:35Z","EcoCore_CSU","Na",,"milligramsPerLiter",4.8,"only 250 ml received for filtered sample",0,"formatChange","Other"
"273e6014-d1f1-4897-98fc-04a09ee4d7a3","D01","HOPB","HOPB.AOS.groundwater.well.003","HOPB.W3.20180319.FIL",,"2018-03-19T16:35Z","2018-03-19T16:35Z","EcoCore_CSU","Br",,"milligramsPerLiter",4.8,"only 250 ml received for filtered sample",0,"formatChange","Other"
"ad16190a-5753-458e-8950-aff011818c2c","D01","HOPB","HOPB.AOS.groundwater.well.003","HOPB.W3.20180319.FIL",,"2018-03-19T16:35Z","2018-03-19T16:35Z","EcoCore_CSU","TDS",41.2700,"milligramsPerLiter",4.8,"only 250 ml received for filtered sample",0,"formatChange","Other"
"52287392-a108-4ddd-95ac-6213511f9613","D01","HOPB","HOPB.AOS.groundwater.well.003","HOPB.W3.20180319.FIL",,"2018-03-19T16:35Z","2018-03-19T16:35Z","EcoCore_CSU","NO2 - N",0.0167,"milligramsPerLiter",4.8,"only 250 ml received for filtered sample",0,"formatChange","Other"
"e23a03ba-a876-4b0e-9be0-94d521f97ec5","D01","HOPB","HOPB.AOS.groundwater.well.003","HOPB.W3.20180319.PCN",,"2018-03-19T16:35Z","2018-03-19T16:35Z","EcoCore_CSU","TPN",0.1240,"milligram",4.8,,0,"formatChange","GOOD"
"e49addfd-030e-4b9e-9914-578c6ad8db2e","D01","HOPB","HOPB.AOS.groundwater.well.003","HOPB.W3.20180319.FIL",,"2018-03-19T16:35Z","2018-03-19T16:35Z","EcoCore_CSU","DOC",1.0320,"milligramsPerLiter",4.8,"only 250 ml received for filtered sample",0,"formatChange","Other"
"0452db9b-82ef-40f0-8526-f4b4f32ac45c","D01","HOPB","HOPB.AOS.groundwater.well.003","HOPB.W3.20180319.FIL",,"2018-03-19T16:35Z","2018-03-19T16:35Z","EcoCore_CSU","SO4",,"milligramsPerLiter",4.8,"only 250 ml received for filtered sample",0,"formatChange","Other"
"7ff5ba66-0084-4b3b-ab3c-a75f76f7b6e4","D01","HOPB","HOPB.AOS.groundwater.well.003","HOPB.W3.20180319.RAW",,"2018-03-19T16:35Z","2018-03-19T16:35Z","EcoCore_CSU","TN",-0.0025,"milligramsPerLiter",4.8,,0,"formatChange","GOOD"
"5ae4ea58-7bdc-4924-bf23-aa66931e602f","D01","HOPB","HOPB.AOS.groundwater.well.003","HOPB.W3.20180319.FIL",,"2018-03-19T16:35Z","2018-03-19T16:35Z","EcoCore_CSU","Mg",,"milligramsPerLiter",4.8,"only 250 ml received for filtered sample",0,"formatChange","Other"
"38085191-1b03-417c-a4d0-9c2702e8114a","D01","HOPB","HOPB.AOS.groundwater.well.003","HOPB.W3.20180319.FIL",,"2018-03-19T16:35Z","2018-03-19T16:35Z","EcoCore_CSU","DIC",3.3280,"milligramsPerLiter",4.8,"only 250 ml received for filtered sample",0,"formatChange","Other"
