uid,domainID,siteID,namedLocation,decimalLatitude,decimalLongitude,coordinateUncertainty,elevation,elevationUncertainty,geodeticDatum,collectDate,aquaticSiteType,samplingImpractical,waterChemSamplesCollected,adequateSampleVol,parentSampleID,eventID,swcSamplingProtocolVersion,sampleExtractionMethod,samplerType,totalWellDepth,wellWaterDepth,waterColumnHeight,sampleDepth,purgeAverageDischargeRate,purgeTime,gwWellStabilized,purgeDryDateTime,pumpPlacementDate,screenedIntervalDepth,maxAllowableDrawdown,actualDrawdown,MADExceeded,wellVolumePurged,probeIDUnavailable,dissolvedOxygen,dissolvedOxygenSaturation,specificConductance,waterTemp,pH,waterClarityDescrip,waterColorDescrip,aCollectedBy,bCollectedBy,remarks
"922f030e-0a2a-4adb-8bf5-e286a036c899","D01","HOPB","HOPB.AOS.groundwater.well.004",42.471895,-72.330491,0.1,211.5,0.1,"WGS84","2018-03-19T15:05Z","stream",,,,"HOPB.W4.20180319","HOPB.20180319","NEON.DOC.002905vE","purge dry","Groundwater Bailer Tube",2.2,1.7,0.6,,,,,,,,,,,0.1,,,46.00,39.70,4.00,,"cloudy","colorless","rwilliams@battelleecology.org","rwilliams@battelleecology.org",
"41728a0f-0180-4fac-8873-86c294ec2c63","D01","HOPB","HOPB.AOS.groundwater.well.002",42.471848,-72.330703,0.1,210.6,0.1,"WGS84","2018-03-19T16:02Z","stream",,,,"HOPB.W2.20180319","HOPB.20180319","NEON.DOC.002905vE","purge dry","Groundwater Bailer Tube",2.2,1.8,0.4,,,,,,,,,,,0.1,,,59.00,69.70,4.20,,"cloudy","brown","rwilliams@battelleecology.org","rwilliams@battelleecology.org",
"2dc13de2-a4c6-4c02-9404-7293cbf974c8","D01","HOPB","HOPB.AOS.groundwater.well.003",42.471987,-72.330725,0.1,212.7,0.1,"WGS84","2018-03-19T16:35Z","stream",,,,"HOPB.W3.20180319","HOPB.20180319","NEON.DOC.002905vE","purge dry","Groundwater Bailer Tube",1.9,1.6,0.3,,,,,,,,,,,0.1,,,52.00,53.40,4.40,,"opaque","brown","rwilliams@battelleecology.org","rwilliams@battelleecology.org",
"254a5ccf-72ca-4254-8ec2-fcfdc93ea938","D01","HOPB","HOPB.AOS.groundwater.well.001",42.473154,-72.330973,0.1,216.2,0.1,"WGS84","2018-03-19T17:25Z","stream","shallow groundwater",,,"HOPB.W1.20180319","HOPB.20180319","NEON.DOC.002905vE","purge dry","Groundwater Bailer Tube",2.3,2.3,0.1,,,,,,,,,,,0.1,,,,,,,,,"rwilliams@battelleecology.org","rwilliams@battelleecology.org",
