uid,domainID,siteID,namedLocation,collectDate,parentSampleID,sampleCondition,sampleID,replicateNumber,gwwDICBubbleFree,gwwFiltSampleHeadspace,gwwAlkSampleHeadspace,gwwAlkSampleBubbleFree,processedDate,processedDateFilters,sampleVolumeFiltered,shipmentTimeRange
"856bf1a5-5bd1-4df3-9e12-bd375cc5307f","D04","GUIL","GUIL.AOS.groundwater.well.006","2019-05-20T13:20Z","GUIL.W6.20190520","Sample condition ok","GUIL.W6.20190520",,,,,,"2019-05-20T13:44Z","2019-05-20T13:44Z",1250.0,
"1904a8c0-4a62-48b0-a5ed-9b7fe775948b","D04","GUIL","GUIL.AOS.groundwater.well.005","2019-05-20T15:30Z","GUIL.W5.20190520","Sample condition ok","GUIL.W5.20190520",,,,,,"2019-05-20T16:00Z","2019-05-20T16:00Z",170.0,
"1210ae5b-69a3-4d48-966c-2d90e92a137b","D04","GUIL","GUIL.AOS.groundwater.well.003","2019-05-21T13:21Z","GUIL.W3.20190521","Sample condition ok","GUIL.W3.20190521",,,,,,"2019-05-21T13:43Z","2019-05-21T13:43Z",150.0,
"cebb8f18-27e2-47b1-85f4-ef664d30439b","D04","GUIL","GUIL.AOS.groundwater.well.001","2019-05-21T14:57Z","GUIL.W1.20190521","Sample condition ok","GUIL.W1.20190521",,,,,,"2019-05-21T15:26Z","2019-05-21T15:26Z",20.0,
