uid,domainID,siteID,namedLocation,sampleID,sampleCode,startDate,collectDate,laboratoryName,analyte,analyteConcentration,analyteUnits,coolerTemp,remarks,shipmentWarmQF,externalLabDataQF,sampleCondition
"e8031eae-4b1e-422f-a20f-4d194d42d3b6","D04","GUIL","GUIL.AOS.groundwater.well.006","GUIL.W6.20190520.FIL","A00000113647","2019-05-20T13:20Z","2019-05-20T13:20Z","EcoCore_CSU","TDP",0.1095,"milligramsPerLiter",1.7,,0,"formatChange","GOOD"
"34c2e6b8-90dc-4ac2-84a6-13bd20e7884d","D04","GUIL","GUIL.AOS.groundwater.well.006","GUIL.W6.20190520.RAW","A00000113651","2019-05-20T13:20Z","2019-05-20T13:20Z","EcoCore_CSU","TN",4.6590,"milligramsPerLiter",1.7,,0,"formatChange","GOOD"
"6bb51fe4-72a6-43f3-8ffb-b39b29f7d2fc","D04","GUIL","GUIL.AOS.groundwater.well.006","GUIL.W6.20190520.FIL","A00000113647","2019-05-20T13:20Z","2019-05-20T13:20Z","EcoCore_CSU","Mg",11.5300,"milligramsPerLiter",1.7,,0,"formatChange","GOOD"
"3b8f909f-71ba-4805-9ce2-b391f7f315e1","D04","GUIL","GUIL.AOS.groundwater.well.006","GUIL.W6.20190520.RAW","A00000113651","2019-05-20T13:20Z","2019-05-20T13:20Z","EcoCore_CSU","TSS - Dry Mass",100.0000,"microgram",1.7,,0,"formatChange","GOOD"
"0e796c6a-b4f6-48c6-af0d-6c28b192b16b","D04","GUIL","GUIL.AOS.groundwater.well.006","GUIL.W6.20190520.PCN","A00000113656","2019-05-20T13:20Z","2019-05-20T13:20Z","EcoCore_CSU","TPN",0.1524,"milligram",1.7,,0,"formatChange","GOOD"
"5fb5401c-d882-4da9-a395-7c1367acd8c4","D04","GUIL","GUIL.AOS.groundwater.well.006","GUIL.W6.20190520.FIL","A00000113647","2019-05-20T13:20Z","2019-05-20T13:20Z","EcoCore_CSU","UV Absorbance (250 nm)",0.0082,,1.7,,0,"formatChange","GOOD"
"6f01d4a5-611d-40fe-b6e6-056cc1b1188f","D04","GUIL","GUIL.AOS.groundwater.well.006","GUIL.W6.20190520.RAW","A00000113651","2019-05-20T13:20Z","2019-05-20T13:20Z","EcoCore_CSU","ANC",1.8700,"milliequivalentsPerLiter",1.7,,0,"formatChange","GOOD"
"887af289-ce8b-400e-9b47-fb15fa2e6601","D04","GUIL","GUIL.AOS.groundwater.well.006","GUIL.W6.20190520.FIL","A00000113647","2019-05-20T13:20Z","2019-05-20T13:20Z","EcoCore_CSU","NO3+NO2 - N",4.9350,"milligramsPerLiter",1.7,,0,"formatChange","GOOD"
"4b00e108-73f2-433d-bf60-69621376cb73","D04","GUIL","GUIL.AOS.groundwater.well.006","GUIL.W6.20190520.FIL","A00000113647","2019-05-20T13:20Z","2019-05-20T13:20Z","EcoCore_CSU","F",0.0050,"milligramsPerLiter",1.7,,0,"formatChange","GOOD"
"dbc876a4-7139-4f68-8404-c436d9264bc2","D04","GUIL","GUIL.AOS.groundwater.well.006","GUIL.W6.20190520.RAW","A00000113651","2019-05-20T13:20Z","2019-05-20T13:20Z","EcoCore_CSU","pH",6.7800,"pH",1.7,,0,"formatChange","GOOD"
"262443cf-b36a-46f9-88b3-6123d5aa84e9","D04","GUIL","GUIL.AOS.groundwater.well.006","GUIL.W6.20190520.FIL","A00000113647","2019-05-20T13:20Z","2019-05-20T13:20Z","EcoCore_CSU","DIC",49.2800,"milligramsPerLiter",1.7,,0,"formatChange","GOOD"
"360e41f7-281c-4aeb-b3e7-9c03d96a810f","D04","GUIL","GUIL.AOS.groundwater.well.006","GUIL.W6.20190520.FIL","A00000113647","2019-05-20T13:20Z","2019-05-20T13:20Z","EcoCore_CSU","NO2 - N",-0.0033,"milligramsPerLiter",1.7,,0,"formatChange","GOOD"
"f505e594-6fae-4a00-b95f-0a64d4d502d4","D04","GUIL","GUIL.AOS.groundwater.well.006","GUIL.W6.20190520.RAW","A00000113651","2019-05-20T13:20Z","2019-05-20T13:20Z","EcoCore_CSU","TOC",0.4618,"milligramsPerLiter",1.7,,0,"formatChange","GOOD"
"66245ac5-3fb6-4979-b513-3ccc4d758610","D04","GUIL","GUIL.AOS.groundwater.well.006","GUIL.W6.20190520.FIL","A00000113647","2019-05-20T13:20Z","2019-05-20T13:20Z","EcoCore_CSU","Si",20.3176,"milligramsPerLiter",1.7,,0,"formatChange","GOOD"
"a6dda33a-95bf-4f1d-8803-923b00485798","D04","GUIL","GUIL.AOS.groundwater.well.006","GUIL.W6.20190520.FIL","A00000113647","2019-05-20T13:20Z","2019-05-20T13:20Z","EcoCore_CSU","SO4",60.9528,"milligramsPerLiter",1.7,,0,"formatChange","GOOD"
"2048d1d7-a83a-44f8-b195-fcda1c1cdc96","D04","GUIL","GUIL.AOS.groundwater.well.006","GUIL.W6.20190520.FIL","A00000113647","2019-05-20T13:20Z","2019-05-20T13:20Z","EcoCore_CSU","TDN",4.6270,"milligramsPerLiter",1.7,,0,"formatChange","GOOD"
"bb756c40-91f3-4db5-a431-c7ed28695fea","D04","GUIL","GUIL.AOS.groundwater.well.006","GUIL.W6.20190520.FIL","A00000113647","2019-05-20T13:20Z","2019-05-20T13:20Z","EcoCore_CSU","HCO3",108.5100,"milligramsPerLiter",1.7,,0,"formatChange","GOOD"
"b72c7298-5f26-447a-897a-155b3b1179de","D04","GUIL","GUIL.AOS.groundwater.well.006","GUIL.W6.20190520.FIL","A00000113647","2019-05-20T13:20Z","2019-05-20T13:20Z","EcoCore_CSU","CO3",0.0050,"milligramsPerLiter",1.7,,0,"formatChange","GOOD"
"34b3f796-6bd8-46bd-b5ee-30563a5e5b7d","D04","GUIL","GUIL.AOS.groundwater.well.006","GUIL.W6.20190520.FIL","A00000113647","2019-05-20T13:20Z","2019-05-20T13:20Z","EcoCore_CSU","Fe",0.0005,"milligramsPerLiter",1.7,,0,"formatChange","GOOD"
"0941ff21-aa25-49a1-bd35-b5bb21cab2be","D04","GUIL","GUIL.AOS.groundwater.well.006","GUIL.W6.20190520.PCN","A00000113656","2019-05-20T13:20Z","2019-05-20T13:20Z","EcoCore_CSU","TPC",0.2532,"milligram",1.7,,0,"formatChange","GOOD"
"f6621d03-eedd-4edb-8f93-fac7b33b7d59","D04","GUIL","GUIL.AOS.groundwater.well.006","GUIL.W6.20190520.FIL","A00000113647","2019-05-20T13:20Z","2019-05-20T13:20Z","EcoCore_CSU","Ortho - P",0.1050,"milligramsPerLiter",1.7,,0,"formatChange","GOOD"
"7750f404-cf0e-45ab-ad19-d89bb26f848c","D04","GUIL","GUIL.AOS.groundwater.well.006","GUIL.W6.20190520.RAW","A00000113651","2019-05-20T13:20Z","2019-05-20T13:20Z","EcoCore_CSU","conductivity",308.6200,"microsiemensPerCentimeter",1.7,,0,"formatChange","GOOD"
"bf5b4646-92ef-4aa6-929c-d29321660d1d","D04","GUIL","GUIL.AOS.groundwater.well.006","GUIL.W6.20190520.FIL","A00000113647","2019-05-20T13:20Z","2019-05-20T13:20Z","EcoCore_CSU","K",1.7860,"milligramsPerLiter",1.7,,0,"formatChange","GOOD"
"05d0608d-5613-4d85-b346-bb5b70224525","D04","GUIL","GUIL.AOS.groundwater.well.006","GUIL.W6.20190520.FIL","A00000113647","2019-05-20T13:20Z","2019-05-20T13:20Z","EcoCore_CSU","TDS",217.6600,"milligramsPerLiter",1.7,,0,"formatChange","GOOD"
"79b9e07a-618c-445b-b0c3-8fadf50717c4","D04","GUIL","GUIL.AOS.groundwater.well.006","GUIL.W6.20190520.RAW","A00000113651","2019-05-20T13:20Z","2019-05-20T13:20Z","EcoCore_CSU","TSS",2.0000,"milligramsPerLiter",1.7,,0,"formatChange","GOOD"
"449b6988-2034-45ed-af57-72f957879a02","D04","GUIL","GUIL.AOS.groundwater.well.006","GUIL.W6.20190520.FIL","A00000113647","2019-05-20T13:20Z","2019-05-20T13:20Z","EcoCore_CSU","NH4 - N",0.0375,"milligramsPerLiter",1.7,,0,"formatChange","GOOD"
"85d130a3-5755-4000-bdc6-6b313b7b2c16","D04","GUIL","GUIL.AOS.groundwater.well.006","GUIL.W6.20190520.FIL","A00000113647","2019-05-20T13:20Z","2019-05-20T13:20Z","EcoCore_CSU","UV Absorbance (280 nm)",0.0044,,1.7,,0,"formatChange","GOOD"
"d939ef8b-5502-4e10-bea4-4c3ccc3464d8","D04","GUIL","GUIL.AOS.groundwater.well.006","GUIL.W6.20190520.RAW","A00000113651","2019-05-20T13:20Z","2019-05-20T13:20Z","EcoCore_CSU","TP",0.2844,"milligramsPerLiter",1.7,,0,"formatChange","GOOD"
"8d1cc378-de4e-40d3-a8cb-cba9716cce21","D04","GUIL","GUIL.AOS.groundwater.well.006","GUIL.W6.20190520.FIL","A00000113647","2019-05-20T13:20Z","2019-05-20T13:20Z","EcoCore_CSU","Br",0.0050,"milligramsPerLiter",1.7,,0,"formatChange","GOOD"
"ebc5531b-6f7f-4e19-8d20-fb99df853770","D04","GUIL","GUIL.AOS.groundwater.well.006","GUIL.W6.20190520.FIL","A00000113647","2019-05-20T13:20Z","2019-05-20T13:20Z","EcoCore_CSU","Cl",1.4085,"milligramsPerLiter",1.7,,0,"formatChange","GOOD"
"43ce972d-16a5-4bb1-9a27-025ad3390488","D04","GUIL","GUIL.AOS.groundwater.well.006","GUIL.W6.20190520.FIL","A00000113647","2019-05-20T13:20Z","2019-05-20T13:20Z","EcoCore_CSU","Na",11.0100,"milligramsPerLiter",1.7,,0,"formatChange","GOOD"
"997f6fba-cd5b-40b0-9418-8fecd54a7e3f","D04","GUIL","GUIL.AOS.groundwater.well.006","GUIL.W6.20190520.FIL","A00000113647","2019-05-20T13:20Z","2019-05-20T13:20Z","EcoCore_CSU","Mn",0.0030,"milligramsPerLiter",1.7,,0,"formatChange","GOOD"
"b5a24e11-cc48-4fa6-a01d-89470769b402","D04","GUIL","GUIL.AOS.groundwater.well.006","GUIL.W6.20190520.FIL","A00000113647","2019-05-20T13:20Z","2019-05-20T13:20Z","EcoCore_CSU","Ca",31.8143,"milligramsPerLiter",1.7,,0,"formatChange","GOOD"
"3c1d7047-706b-41c7-b96c-21f7988c2b5c","D04","GUIL","GUIL.AOS.groundwater.well.006","GUIL.W6.20190520.FIL","A00000113647","2019-05-20T13:20Z","2019-05-20T13:20Z","EcoCore_CSU","DOC",1.1450,"milligramsPerLiter",1.7,,0,"formatChange","GOOD"
"b31c60a0-c676-441c-8098-39d86bff44d3","D04","GUIL","GUIL.AOS.groundwater.well.005","GUIL.W5.20190520.RAW","A00000113650","2019-05-20T15:30Z","2019-05-20T15:30Z","EcoCore_CSU","pH",6.9800,"pH",1.7,,0,"formatChange","GOOD"
"489fbf11-c81e-4ac2-9806-fbd25b66cd6f","D04","GUIL","GUIL.AOS.groundwater.well.005","GUIL.W5.20190520.FIL","A00000113646","2019-05-20T15:30Z","2019-05-20T15:30Z","EcoCore_CSU","UV Absorbance (280 nm)",0.0099,,1.7,,0,"formatChange","GOOD"
"8b38fba9-a960-4d7a-b9f5-010523368dac","D04","GUIL","GUIL.AOS.groundwater.well.005","GUIL.W5.20190520.FIL","A00000113646","2019-05-20T15:30Z","2019-05-20T15:30Z","EcoCore_CSU","Ca",38.5815,"milligramsPerLiter",1.7,,0,"formatChange","GOOD"
"aef56082-3e8b-44d4-b018-0e63f4a577ec","D04","GUIL","GUIL.AOS.groundwater.well.005","GUIL.W5.20190520.RAW","A00000113650","2019-05-20T15:30Z","2019-05-20T15:30Z","EcoCore_CSU","TP",0.1893,"milligramsPerLiter",1.7,,0,"formatChange","GOOD"
"b3a08f49-06b4-41b0-9412-aed58caf424e","D04","GUIL","GUIL.AOS.groundwater.well.005","GUIL.W5.20190520.FIL","A00000113646","2019-05-20T15:30Z","2019-05-20T15:30Z","EcoCore_CSU","NH4 - N",0.0411,"milligramsPerLiter",1.7,,0,"formatChange","GOOD"
"9a47545d-df31-464a-accd-5036ac0f7fcc","D04","GUIL","GUIL.AOS.groundwater.well.005","GUIL.W5.20190520.FIL","A00000113646","2019-05-20T15:30Z","2019-05-20T15:30Z","EcoCore_CSU","Mn",0.0720,"milligramsPerLiter",1.7,,0,"formatChange","GOOD"
"1e2ee8b9-be3c-404a-a163-e5aa73d7321a","D04","GUIL","GUIL.AOS.groundwater.well.005","GUIL.W5.20190520.FIL","A00000113646","2019-05-20T15:30Z","2019-05-20T15:30Z","EcoCore_CSU","UV Absorbance (250 nm)",0.0163,,1.7,,0,"formatChange","GOOD"
"66f3d9f3-f9c2-43d7-b599-fa144957391f","D04","GUIL","GUIL.AOS.groundwater.well.005","GUIL.W5.20190520.FIL","A00000113646","2019-05-20T15:30Z","2019-05-20T15:30Z","EcoCore_CSU","TDS",263.5200,"milligramsPerLiter",1.7,,0,"formatChange","GOOD"
"acff585c-8890-46f4-a1b8-f7b2569d71b7","D04","GUIL","GUIL.AOS.groundwater.well.005","GUIL.W5.20190520.RAW","A00000113650","2019-05-20T15:30Z","2019-05-20T15:30Z","EcoCore_CSU","TN",4.4830,"milligramsPerLiter",1.7,,0,"formatChange","GOOD"
"b971bc93-fd31-4285-8b3b-0aef28613135","D04","GUIL","GUIL.AOS.groundwater.well.005","GUIL.W5.20190520.FIL","A00000113646","2019-05-20T15:30Z","2019-05-20T15:30Z","EcoCore_CSU","DIC",55.2700,"milligramsPerLiter",1.7,,0,"formatChange","GOOD"
"dfd89e29-88d0-4474-95d8-9f3ac50bdce7","D04","GUIL","GUIL.AOS.groundwater.well.005","GUIL.W5.20190520.FIL","A00000113646","2019-05-20T15:30Z","2019-05-20T15:30Z","EcoCore_CSU","NO2 - N",0.0161,"milligramsPerLiter",1.7,,0,"formatChange","GOOD"
"038999c6-7fee-4a78-8e47-31b7a431069a","D04","GUIL","GUIL.AOS.groundwater.well.005","GUIL.W5.20190520.FIL","A00000113646","2019-05-20T15:30Z","2019-05-20T15:30Z","EcoCore_CSU","DOC",1.5400,"milligramsPerLiter",1.7,,0,"formatChange","GOOD"
"cb2dd92b-5d4f-4788-8eb7-22c36fb3e879","D04","GUIL","GUIL.AOS.groundwater.well.005","GUIL.W5.20190520.FIL","A00000113646","2019-05-20T15:30Z","2019-05-20T15:30Z","EcoCore_CSU","CO3",0.0050,"milligramsPerLiter",1.7,,0,"formatChange","GOOD"
"50289990-fad4-42fa-9e82-a1b0fc8ca1ea","D04","GUIL","GUIL.AOS.groundwater.well.005","GUIL.W5.20190520.FIL","A00000113646","2019-05-20T15:30Z","2019-05-20T15:30Z","EcoCore_CSU","NO3+NO2 - N",4.8360,"milligramsPerLiter",1.7,,0,"formatChange","GOOD"
"4c6ad131-f0b5-4868-9216-1bfd48c88e8a","D04","GUIL","GUIL.AOS.groundwater.well.005","GUIL.W5.20190520.FIL","A00000113646","2019-05-20T15:30Z","2019-05-20T15:30Z","EcoCore_CSU","SO4",51.8658,"milligramsPerLiter",1.7,,0,"formatChange","GOOD"
"e4ced58d-3781-41b1-b0d1-f953721fd47e","D04","GUIL","GUIL.AOS.groundwater.well.005","GUIL.W5.20190520.FIL","A00000113646","2019-05-20T15:30Z","2019-05-20T15:30Z","EcoCore_CSU","Mg",14.1700,"milligramsPerLiter",1.7,,0,"formatChange","GOOD"
"fc5e6b2a-7671-4529-96c9-6691bc63a925","D04","GUIL","GUIL.AOS.groundwater.well.005","GUIL.W5.20190520.FIL","A00000113646","2019-05-20T15:30Z","2019-05-20T15:30Z","EcoCore_CSU","Si",17.2886,"milligramsPerLiter",1.7,,0,"formatChange","GOOD"
"8d4971cd-56ab-4b5b-9df8-270e809d42a9","D04","GUIL","GUIL.AOS.groundwater.well.005","GUIL.W5.20190520.RAW","A00000113650","2019-05-20T15:30Z","2019-05-20T15:30Z","EcoCore_CSU","ANC",2.8600,"milliequivalentsPerLiter",1.7,,0,"formatChange","GOOD"
"f01c628f-54bc-4726-ac0d-d546fe2111fb","D04","GUIL","GUIL.AOS.groundwater.well.005","GUIL.W5.20190520.FIL","A00000113646","2019-05-20T15:30Z","2019-05-20T15:30Z","EcoCore_CSU","Br",0.0050,"milligramsPerLiter",1.7,,0,"formatChange","GOOD"
"1d41bc65-bc22-4aef-88a1-a0370122b65b","D04","GUIL","GUIL.AOS.groundwater.well.005","GUIL.W5.20190520.FIL","A00000113646","2019-05-20T15:30Z","2019-05-20T15:30Z","EcoCore_CSU","HCO3",148.1200,"milligramsPerLiter",1.7,,0,"formatChange","GOOD"
"b1654207-50c6-4f6d-a798-2b53b0df685c","D04","GUIL","GUIL.AOS.groundwater.well.005","GUIL.W5.20190520.RAW","A00000113650","2019-05-20T15:30Z","2019-05-20T15:30Z","EcoCore_CSU","TSS",34.0000,"milligramsPerLiter",1.7,,0,"formatChange","GOOD"
"09a4a070-95ee-4371-b310-b69135f3fc2d","D04","GUIL","GUIL.AOS.groundwater.well.005","GUIL.W5.20190520.FIL","A00000113646","2019-05-20T15:30Z","2019-05-20T15:30Z","EcoCore_CSU","Cl",8.5488,"milligramsPerLiter",1.7,,0,"formatChange","GOOD"
"afe9abe1-2ac2-4084-84df-352af13e9415","D04","GUIL","GUIL.AOS.groundwater.well.005","GUIL.W5.20190520.PCN","A00000113657","2019-05-20T15:30Z","2019-05-20T15:30Z","EcoCore_CSU","TPC",0.2555,"milligram",1.7,,0,"formatChange","GOOD"
"c26b24f8-2af3-450a-a057-68d683db7f1f","D04","GUIL","GUIL.AOS.groundwater.well.005","GUIL.W5.20190520.FIL","A00000113646","2019-05-20T15:30Z","2019-05-20T15:30Z","EcoCore_CSU","Na",13.8000,"milligramsPerLiter",1.7,,0,"formatChange","GOOD"
"1b9e42ce-c5f4-4d17-b59b-12e00d9bc8b1","D04","GUIL","GUIL.AOS.groundwater.well.005","GUIL.W5.20190520.RAW","A00000113650","2019-05-20T15:30Z","2019-05-20T15:30Z","EcoCore_CSU","TSS - Dry Mass",1700.0000,"microgram",1.7,,0,"formatChange","GOOD"
"706d676f-0700-4588-aa09-ad91078cb839","D04","GUIL","GUIL.AOS.groundwater.well.005","GUIL.W5.20190520.FIL","A00000113646","2019-05-20T15:30Z","2019-05-20T15:30Z","EcoCore_CSU","F",0.0050,"milligramsPerLiter",1.7,,0,"formatChange","GOOD"
"2fdc5b5a-3b45-4538-bee6-3846ba7801b9","D04","GUIL","GUIL.AOS.groundwater.well.005","GUIL.W5.20190520.FIL","A00000113646","2019-05-20T15:30Z","2019-05-20T15:30Z","EcoCore_CSU","K",1.2770,"milligramsPerLiter",1.7,,0,"formatChange","GOOD"
"56e1719e-1567-4722-ab24-039ac8c4c6f5","D04","GUIL","GUIL.AOS.groundwater.well.005","GUIL.W5.20190520.PCN","A00000113657","2019-05-20T15:30Z","2019-05-20T15:30Z","EcoCore_CSU","TPN",0.1069,"milligram",1.7,,0,"formatChange","GOOD"
"97a87c65-65db-44a2-af8d-c643305df8c8","D04","GUIL","GUIL.AOS.groundwater.well.005","GUIL.W5.20190520.RAW","A00000113650","2019-05-20T15:30Z","2019-05-20T15:30Z","EcoCore_CSU","TOC",1.5210,"milligramsPerLiter",1.7,,0,"formatChange","GOOD"
"b4aee847-81d2-4ce9-9ea5-aba7a88ea96f","D04","GUIL","GUIL.AOS.groundwater.well.005","GUIL.W5.20190520.FIL","A00000113646","2019-05-20T15:30Z","2019-05-20T15:30Z","EcoCore_CSU","TDP",0.0901,"milligramsPerLiter",1.7,,0,"formatChange","GOOD"
"7e10b9a3-9fb5-4020-8d01-ff0275de125b","D04","GUIL","GUIL.AOS.groundwater.well.005","GUIL.W5.20190520.FIL","A00000113646","2019-05-20T15:30Z","2019-05-20T15:30Z","EcoCore_CSU","TDN",4.5100,"milligramsPerLiter",1.7,,0,"formatChange","GOOD"
"a3c2d59d-cc92-45c4-bc00-0027ecd59258","D04","GUIL","GUIL.AOS.groundwater.well.005","GUIL.W5.20190520.RAW","A00000113650","2019-05-20T15:30Z","2019-05-20T15:30Z","EcoCore_CSU","conductivity",375.4100,"microsiemensPerCentimeter",1.7,,0,"formatChange","GOOD"
"e80db280-0623-4570-842b-444f05f57137","D04","GUIL","GUIL.AOS.groundwater.well.005","GUIL.W5.20190520.FIL","A00000113646","2019-05-20T15:30Z","2019-05-20T15:30Z","EcoCore_CSU","Ortho - P",0.1000,"milligramsPerLiter",1.7,,0,"formatChange","GOOD"
"d09f3421-d628-487e-90ef-7b021c1825c8","D04","GUIL","GUIL.AOS.groundwater.well.005","GUIL.W5.20190520.FIL","A00000113646","2019-05-20T15:30Z","2019-05-20T15:30Z","EcoCore_CSU","Fe",0.1044,"milligramsPerLiter",1.7,,0,"formatChange","GOOD"
"997086ec-4db1-4d90-9a66-05e87cd9c77b","D04","GUIL","GUIL.AOS.groundwater.well.003","GUIL.W3.20190521.RAW","A00000113649","2019-05-21T13:21Z","2019-05-21T13:21Z","EcoCore_CSU","conductivity",476.5400,"microsiemensPerCentimeter",2.5,,0,"formatChange","GOOD"
"f3a1f2e0-e1ec-4aa6-8825-c513adb7e6f7","D04","GUIL","GUIL.AOS.groundwater.well.003","GUIL.W3.20190521.PCN","A00000113658","2019-05-21T13:21Z","2019-05-21T13:21Z","EcoCore_CSU","TPN",0.1002,"milligram",2.5,,0,"formatChange","GOOD"
"54f029ff-9f97-4639-b213-1b090d4e19fd","D04","GUIL","GUIL.AOS.groundwater.well.003","GUIL.W3.20190521.FIL","A00000113645","2019-05-21T13:21Z","2019-05-21T13:21Z","EcoCore_CSU","TDN",2.1940,"milligramsPerLiter",2.5,,0,"formatChange","GOOD"
"8d9e45a1-7119-4938-9d43-fe6602b000bf","D04","GUIL","GUIL.AOS.groundwater.well.003","GUIL.W3.20190521.FIL","A00000113645","2019-05-21T13:21Z","2019-05-21T13:21Z","EcoCore_CSU","NH4 - N",0.0617,"milligramsPerLiter",2.5,,0,"formatChange","GOOD"
"7d6d84f8-dbf6-4ba3-8f4e-0000a7bd1400","D04","GUIL","GUIL.AOS.groundwater.well.003","GUIL.W3.20190521.FIL","A00000113645","2019-05-21T13:21Z","2019-05-21T13:21Z","EcoCore_CSU","Ca",59.3180,"milligramsPerLiter",2.5,,0,"formatChange","GOOD"
"771717e2-c1c6-48a7-a347-c9f37862ab69","D04","GUIL","GUIL.AOS.groundwater.well.003","GUIL.W3.20190521.FIL","A00000113645","2019-05-21T13:21Z","2019-05-21T13:21Z","EcoCore_CSU","TDP",0.0595,"milligramsPerLiter",2.5,,0,"formatChange","GOOD"
"bce49102-7d11-4241-a140-098bcbecadc2","D04","GUIL","GUIL.AOS.groundwater.well.003","GUIL.W3.20190521.FIL","A00000113645","2019-05-21T13:21Z","2019-05-21T13:21Z","EcoCore_CSU","Ortho - P",0.0510,"milligramsPerLiter",2.5,,0,"formatChange","GOOD"
"2a5a3924-699e-4c49-999a-de0d6e6f7e25","D04","GUIL","GUIL.AOS.groundwater.well.003","GUIL.W3.20190521.FIL","A00000113645","2019-05-21T13:21Z","2019-05-21T13:21Z","EcoCore_CSU","F",2.2942,"milligramsPerLiter",2.5,,0,"formatChange","GOOD"
"e20051a5-7c94-458a-b5b5-f58556618467","D04","GUIL","GUIL.AOS.groundwater.well.003","GUIL.W3.20190521.FIL","A00000113645","2019-05-21T13:21Z","2019-05-21T13:21Z","EcoCore_CSU","NO2 - N",-0.0037,"milligramsPerLiter",2.5,,0,"formatChange","GOOD"
"c5d533e9-d49c-4804-996e-154f010d8e5d","D04","GUIL","GUIL.AOS.groundwater.well.003","GUIL.W3.20190521.RAW","A00000113649","2019-05-21T13:21Z","2019-05-21T13:21Z","EcoCore_CSU","pH",7.3700,"pH",2.5,,0,"formatChange","GOOD"
"3525d41c-308b-4db8-816a-437c2b0fef20","D04","GUIL","GUIL.AOS.groundwater.well.003","GUIL.W3.20190521.FIL","A00000113645","2019-05-21T13:21Z","2019-05-21T13:21Z","EcoCore_CSU","Na",12.0500,"milligramsPerLiter",2.5,,0,"formatChange","GOOD"
"50627844-e21c-4a9f-828f-10f40b91a6dd","D04","GUIL","GUIL.AOS.groundwater.well.003","GUIL.W3.20190521.FIL","A00000113645","2019-05-21T13:21Z","2019-05-21T13:21Z","EcoCore_CSU","DOC",0.8635,"milligramsPerLiter",2.5,,0,"formatChange","GOOD"
"72a4976f-c1f9-43fb-9b59-96e43c636257","D04","GUIL","GUIL.AOS.groundwater.well.003","GUIL.W3.20190521.FIL","A00000113645","2019-05-21T13:21Z","2019-05-21T13:21Z","EcoCore_CSU","Cl",3.8369,"milligramsPerLiter",2.5,,0,"formatChange","GOOD"
"44f6a8e2-de11-4ab1-af12-b84180fecf57","D04","GUIL","GUIL.AOS.groundwater.well.003","GUIL.W3.20190521.RAW","A00000113649","2019-05-21T13:21Z","2019-05-21T13:21Z","EcoCore_CSU","TN",2.2830,"milligramsPerLiter",2.5,,0,"formatChange","GOOD"
"facdbe73-55d5-4067-96f0-114a9ea548c6","D04","GUIL","GUIL.AOS.groundwater.well.003","GUIL.W3.20190521.RAW","A00000113649","2019-05-21T13:21Z","2019-05-21T13:21Z","EcoCore_CSU","TSS - Dry Mass",1100.0000,"microgram",2.5,,0,"formatChange","GOOD"
"42f0f76e-1e36-4357-bf4c-10b9a8c66a00","D04","GUIL","GUIL.AOS.groundwater.well.003","GUIL.W3.20190521.RAW","A00000113649","2019-05-21T13:21Z","2019-05-21T13:21Z","EcoCore_CSU","TSS",22.0000,"milligramsPerLiter",2.5,,0,"formatChange","GOOD"
"ee7731b5-e257-4c5f-bcce-eb9f79e592e4","D04","GUIL","GUIL.AOS.groundwater.well.003","GUIL.W3.20190521.FIL","A00000113645","2019-05-21T13:21Z","2019-05-21T13:21Z","EcoCore_CSU","Si",17.8485,"milligramsPerLiter",2.5,,0,"formatChange","GOOD"
"f2a2e578-3566-4d66-a825-5348b5585781","D04","GUIL","GUIL.AOS.groundwater.well.003","GUIL.W3.20190521.FIL","A00000113645","2019-05-21T13:21Z","2019-05-21T13:21Z","EcoCore_CSU","K",1.7770,"milligramsPerLiter",2.5,,0,"formatChange","GOOD"
"4150927e-4a9c-4f9f-83d6-67a0df9be34d","D04","GUIL","GUIL.AOS.groundwater.well.003","GUIL.W3.20190521.FIL","A00000113645","2019-05-21T13:21Z","2019-05-21T13:21Z","EcoCore_CSU","DIC",68.4900,"milligramsPerLiter",2.5,,0,"formatChange","GOOD"
"7798b93c-5aaa-49cd-8380-2c0e8f8a4a6b","D04","GUIL","GUIL.AOS.groundwater.well.003","GUIL.W3.20190521.FIL","A00000113645","2019-05-21T13:21Z","2019-05-21T13:21Z","EcoCore_CSU","Br",0.0050,"milligramsPerLiter",2.5,,0,"formatChange","GOOD"
"ef9f4b02-0ef8-43c0-a3f9-0bb791ccc501","D04","GUIL","GUIL.AOS.groundwater.well.003","GUIL.W3.20190521.PCN","A00000113658","2019-05-21T13:21Z","2019-05-21T13:21Z","EcoCore_CSU","TPC",0.2348,"milligram",2.5,,0,"formatChange","GOOD"
"efc16b58-0f72-4d6f-8bf6-0a4424c7d149","D04","GUIL","GUIL.AOS.groundwater.well.003","GUIL.W3.20190521.FIL","A00000113645","2019-05-21T13:21Z","2019-05-21T13:21Z","EcoCore_CSU","UV Absorbance (250 nm)",0.0077,,2.5,,0,"formatChange","GOOD"
"82c5c218-e1f1-40e2-9fe7-5e9c58ee9f18","D04","GUIL","GUIL.AOS.groundwater.well.003","GUIL.W3.20190521.FIL","A00000113645","2019-05-21T13:21Z","2019-05-21T13:21Z","EcoCore_CSU","NO3+NO2 - N",0.2511,"milligramsPerLiter",2.5,,0,"formatChange","GOOD"
"913b5d35-27a5-41f7-be63-c3a93f18cfc1","D04","GUIL","GUIL.AOS.groundwater.well.003","GUIL.W3.20190521.RAW","A00000113649","2019-05-21T13:21Z","2019-05-21T13:21Z","EcoCore_CSU","ANC",3.9100,"milliequivalentsPerLiter",2.5,,0,"formatChange","GOOD"
"9510e445-1ab2-4de9-b03d-1dc1c82e6215","D04","GUIL","GUIL.AOS.groundwater.well.003","GUIL.W3.20190521.FIL","A00000113645","2019-05-21T13:21Z","2019-05-21T13:21Z","EcoCore_CSU","SO4",53.5455,"milligramsPerLiter",2.5,,0,"formatChange","GOOD"
"5e939bd2-e917-4f85-84ce-3e33deaf43c8","D04","GUIL","GUIL.AOS.groundwater.well.003","GUIL.W3.20190521.FIL","A00000113645","2019-05-21T13:21Z","2019-05-21T13:21Z","EcoCore_CSU","CO3",0.0050,"milligramsPerLiter",2.5,,0,"formatChange","GOOD"
"3bdc77c8-8138-45f9-b1e1-00271b416c9b","D04","GUIL","GUIL.AOS.groundwater.well.003","GUIL.W3.20190521.FIL","A00000113645","2019-05-21T13:21Z","2019-05-21T13:21Z","EcoCore_CSU","TDS",335.6100,"milligramsPerLiter",2.5,,0,"formatChange","GOOD"
"b6037ce5-1b89-46c9-8d6a-6acc2ddad04e","D04","GUIL","GUIL.AOS.groundwater.well.003","GUIL.W3.20190521.FIL","A00000113645","2019-05-21T13:21Z","2019-05-21T13:21Z","EcoCore_CSU","Mg",14.6100,"milligramsPerLiter",2.5,,0,"formatChange","GOOD"
"85e5a831-b185-4679-9013-0e1749971271","D04","GUIL","GUIL.AOS.groundwater.well.003","GUIL.W3.20190521.FIL","A00000113645","2019-05-21T13:21Z","2019-05-21T13:21Z","EcoCore_CSU","UV Absorbance (280 nm)",0.0056,,2.5,,0,"formatChange","GOOD"
"a85683a9-ebc8-4b4e-a26f-da5acc0822a0","D04","GUIL","GUIL.AOS.groundwater.well.003","GUIL.W3.20190521.RAW","A00000113649","2019-05-21T13:21Z","2019-05-21T13:21Z","EcoCore_CSU","TOC",0.6219,"milligramsPerLiter",2.5,,0,"formatChange","GOOD"
"04f69ccb-5a8c-4825-884e-8008b7f90e01","D04","GUIL","GUIL.AOS.groundwater.well.003","GUIL.W3.20190521.RAW","A00000113649","2019-05-21T13:21Z","2019-05-21T13:21Z","EcoCore_CSU","TP",0.4612,"milligramsPerLiter",2.5,,0,"formatChange","GOOD"
"634c9528-8939-4bf2-9153-016586aedbe7","D04","GUIL","GUIL.AOS.groundwater.well.003","GUIL.W3.20190521.FIL","A00000113645","2019-05-21T13:21Z","2019-05-21T13:21Z","EcoCore_CSU","HCO3",208.5200,"milligramsPerLiter",2.5,,0,"formatChange","GOOD"
"f2e4edfc-6115-42f1-90d5-9f841f7e0696","D04","GUIL","GUIL.AOS.groundwater.well.003","GUIL.W3.20190521.FIL","A00000113645","2019-05-21T13:21Z","2019-05-21T13:21Z","EcoCore_CSU","Mn",0.0010,"milligramsPerLiter",2.5,,0,"formatChange","GOOD"
"6f1b4707-ffac-46ea-a7fa-af9e27a588d2","D04","GUIL","GUIL.AOS.groundwater.well.003","GUIL.W3.20190521.FIL","A00000113645","2019-05-21T13:21Z","2019-05-21T13:21Z","EcoCore_CSU","Fe",0.0254,"milligramsPerLiter",2.5,,0,"formatChange","GOOD"
"fabe4e2a-4b89-4b10-b723-57251eacf68e","D04","GUIL","GUIL.AOS.groundwater.well.001","GUIL.W1.20190521.RAW","A00000113648","2019-05-21T14:57Z","2019-05-21T14:57Z","EcoCore_CSU","pH",6.6600,"pH",2.5,,0,"formatChange","GOOD"
"c1b478de-7067-4e2d-9517-aee6a589134d","D04","GUIL","GUIL.AOS.groundwater.well.001","GUIL.W1.20190521.FIL","A00000113644","2019-05-21T14:57Z","2019-05-21T14:57Z","EcoCore_CSU","NO2 - N",-0.0036,"milligramsPerLiter",2.5,,0,"formatChange","GOOD"
"1236fcbc-4ecf-4398-8c35-9f177db8903b","D04","GUIL","GUIL.AOS.groundwater.well.001","GUIL.W1.20190521.FIL","A00000113644","2019-05-21T14:57Z","2019-05-21T14:57Z","EcoCore_CSU","Mg",11.2300,"milligramsPerLiter",2.5,,0,"formatChange","GOOD"
"a00c46ff-faf0-4b1c-a9ce-352335bb4472","D04","GUIL","GUIL.AOS.groundwater.well.001","GUIL.W1.20190521.FIL","A00000113644","2019-05-21T14:57Z","2019-05-21T14:57Z","EcoCore_CSU","Cl",3.2378,"milligramsPerLiter",2.5,,0,"formatChange","GOOD"
"e7b5b415-c47a-40fc-a730-747c0b0ed37e","D04","GUIL","GUIL.AOS.groundwater.well.001","GUIL.W1.20190521.FIL","A00000113644","2019-05-21T14:57Z","2019-05-21T14:57Z","EcoCore_CSU","UV Absorbance (250 nm)",0.0228,,2.5,,0,"formatChange","GOOD"
"4cb5f309-b4da-4739-9ec0-a6f1eb9f5bd1","D04","GUIL","GUIL.AOS.groundwater.well.001","GUIL.W1.20190521.FIL","A00000113644","2019-05-21T14:57Z","2019-05-21T14:57Z","EcoCore_CSU","K",0.9980,"milligramsPerLiter",2.5,,0,"formatChange","GOOD"
"78926569-3c9c-4341-9e22-3e3126077dfb","D04","GUIL","GUIL.AOS.groundwater.well.001","GUIL.W1.20190521.FIL","A00000113644","2019-05-21T14:57Z","2019-05-21T14:57Z","EcoCore_CSU","Mn",0.0270,"milligramsPerLiter",2.5,,0,"formatChange","GOOD"
"fa36f525-6b61-4d96-be1d-ab9cf79510a8","D04","GUIL","GUIL.AOS.groundwater.well.001","GUIL.W1.20190521.FIL","A00000113644","2019-05-21T14:57Z","2019-05-21T14:57Z","EcoCore_CSU","Ortho - P",0.0710,"milligramsPerLiter",2.5,,0,"formatChange","GOOD"
"69bf4aaa-ab20-48bd-9c51-81ec863242c9","D04","GUIL","GUIL.AOS.groundwater.well.001","GUIL.W1.20190521.FIL","A00000113644","2019-05-21T14:57Z","2019-05-21T14:57Z","EcoCore_CSU","TDS",223.1500,"milligramsPerLiter",2.5,,0,"formatChange","GOOD"
"c831cc13-1c90-4dad-be6c-431666710441","D04","GUIL","GUIL.AOS.groundwater.well.001","GUIL.W1.20190521.PCN","A00000113659","2019-05-21T14:57Z","2019-05-21T14:57Z","EcoCore_CSU","TPC",0.2393,"milligram",2.5,,0,"formatChange","GOOD"
"4f96fb9c-ab52-40f2-bd4a-8c0e06887656","D04","GUIL","GUIL.AOS.groundwater.well.001","GUIL.W1.20190521.RAW","A00000113648","2019-05-21T14:57Z","2019-05-21T14:57Z","EcoCore_CSU","ANC",2.3300,"milliequivalentsPerLiter",2.5,,0,"formatChange","GOOD"
"fcb33b01-390c-4d5e-9183-ac569a1cca47","D04","GUIL","GUIL.AOS.groundwater.well.001","GUIL.W1.20190521.RAW","A00000113648","2019-05-21T14:57Z","2019-05-21T14:57Z","EcoCore_CSU","TOC",1.3930,"milligramsPerLiter",2.5,,0,"formatChange","GOOD"
"db48ae72-bf7d-4759-bc2c-b01e8f495bae","D04","GUIL","GUIL.AOS.groundwater.well.001","GUIL.W1.20190521.RAW","A00000113648","2019-05-21T14:57Z","2019-05-21T14:57Z","EcoCore_CSU","TN",1.5370,"milligramsPerLiter",2.5,,0,"formatChange","GOOD"
"314a0a95-75a3-41a3-97f8-38d71af160d6","D04","GUIL","GUIL.AOS.groundwater.well.001","GUIL.W1.20190521.PCN","A00000113659","2019-05-21T14:57Z","2019-05-21T14:57Z","EcoCore_CSU","TPN",0.0828,"milligram",2.5,,0,"formatChange","GOOD"
"e5a74211-53c3-4a8f-9e1c-d69046dc6f64","D04","GUIL","GUIL.AOS.groundwater.well.001","GUIL.W1.20190521.FIL","A00000113644","2019-05-21T14:57Z","2019-05-21T14:57Z","EcoCore_CSU","DIC",63.7300,"milligramsPerLiter",2.5,,0,"formatChange","GOOD"
"8bd9697c-42e4-48b7-8ab3-6fd59a785c7f","D04","GUIL","GUIL.AOS.groundwater.well.001","GUIL.W1.20190521.FIL","A00000113644","2019-05-21T14:57Z","2019-05-21T14:57Z","EcoCore_CSU","Ca",36.4100,"milligramsPerLiter",2.5,,0,"formatChange","GOOD"
"7645ea60-ad02-4ddb-aebb-04c310e62883","D04","GUIL","GUIL.AOS.groundwater.well.001","GUIL.W1.20190521.FIL","A00000113644","2019-05-21T14:57Z","2019-05-21T14:57Z","EcoCore_CSU","Na",8.8120,"milligramsPerLiter",2.5,,0,"formatChange","GOOD"
"2f144b4b-f1fb-4275-bf5c-9329c6d0243d","D04","GUIL","GUIL.AOS.groundwater.well.001","GUIL.W1.20190521.FIL","A00000113644","2019-05-21T14:57Z","2019-05-21T14:57Z","EcoCore_CSU","DOC",0.6037,"milligramsPerLiter",2.5,,0,"formatChange","GOOD"
"92acb8bd-9e05-464f-9b19-0351d3ad3b8c","D04","GUIL","GUIL.AOS.groundwater.well.001","GUIL.W1.20190521.FIL","A00000113644","2019-05-21T14:57Z","2019-05-21T14:57Z","EcoCore_CSU","UV Absorbance (280 nm)",0.0192,,2.5,,0,"formatChange","GOOD"
"ca1a10a1-d741-49d4-b25a-79d1e59ec67c","D04","GUIL","GUIL.AOS.groundwater.well.001","GUIL.W1.20190521.FIL","A00000113644","2019-05-21T14:57Z","2019-05-21T14:57Z","EcoCore_CSU","Br",0.0050,"milligramsPerLiter",2.5,,0,"formatChange","GOOD"
"486d6e3c-c384-4143-b9c6-3e85e86e2565","D04","GUIL","GUIL.AOS.groundwater.well.001","GUIL.W1.20190521.FIL","A00000113644","2019-05-21T14:57Z","2019-05-21T14:57Z","EcoCore_CSU","TDN",1.4230,"milligramsPerLiter",2.5,,0,"formatChange","GOOD"
"499af9d1-974e-4c38-bf34-0a2328f128bb","D04","GUIL","GUIL.AOS.groundwater.well.001","GUIL.W1.20190521.FIL","A00000113644","2019-05-21T14:57Z","2019-05-21T14:57Z","EcoCore_CSU","TDP",0.0737,"milligramsPerLiter",2.5,,0,"formatChange","GOOD"
"94ae5ff5-523b-4213-ab44-c170105e998a","D04","GUIL","GUIL.AOS.groundwater.well.001","GUIL.W1.20190521.FIL","A00000113644","2019-05-21T14:57Z","2019-05-21T14:57Z","EcoCore_CSU","CO3",0.0050,"milligramsPerLiter",2.5,,0,"formatChange","GOOD"
"14f982c1-1c70-4736-b5cb-f28b21e4e1e2","D04","GUIL","GUIL.AOS.groundwater.well.001","GUIL.W1.20190521.FIL","A00000113644","2019-05-21T14:57Z","2019-05-21T14:57Z","EcoCore_CSU","SO4",44.1042,"milligramsPerLiter",2.5,,0,"formatChange","GOOD"
"0425e5c6-0c1a-45f2-8307-8e07b40d1207","D04","GUIL","GUIL.AOS.groundwater.well.001","GUIL.W1.20190521.FIL","A00000113644","2019-05-21T14:57Z","2019-05-21T14:57Z","EcoCore_CSU","HCO3",130.2100,"milligramsPerLiter",2.5,,0,"formatChange","GOOD"
"6ad3bcb3-302f-47f5-ab09-af399496c825","D04","GUIL","GUIL.AOS.groundwater.well.001","GUIL.W1.20190521.FIL","A00000113644","2019-05-21T14:57Z","2019-05-21T14:57Z","EcoCore_CSU","NO3+NO2 - N",0.0100,"milligramsPerLiter",2.5,,0,"formatChange","GOOD"
"2fc1ba31-cb7f-437e-b99c-7199683f0612","D04","GUIL","GUIL.AOS.groundwater.well.001","GUIL.W1.20190521.FIL","A00000113644","2019-05-21T14:57Z","2019-05-21T14:57Z","EcoCore_CSU","Si",14.7014,"milligramsPerLiter",2.5,,0,"formatChange","GOOD"
"525f0cd8-06a2-4438-af1c-beb76898bce3","D04","GUIL","GUIL.AOS.groundwater.well.001","GUIL.W1.20190521.RAW","A00000113648","2019-05-21T14:57Z","2019-05-21T14:57Z","EcoCore_CSU","TSS - Dry Mass",12700.0000,"microgram",2.5,,0,"formatChange","GOOD"
"c04671e2-0b4f-47fe-8aa1-b34f9ffc68ea","D04","GUIL","GUIL.AOS.groundwater.well.001","GUIL.W1.20190521.RAW","A00000113648","2019-05-21T14:57Z","2019-05-21T14:57Z","EcoCore_CSU","conductivity",317.4100,"microsiemensPerCentimeter",2.5,,0,"formatChange","GOOD"
"5a6aaf4f-6853-40dc-9f6e-bb2cbe4fe7d6","D04","GUIL","GUIL.AOS.groundwater.well.001","GUIL.W1.20190521.FIL","A00000113644","2019-05-21T14:57Z","2019-05-21T14:57Z","EcoCore_CSU","NH4 - N",0.0503,"milligramsPerLiter",2.5,,0,"formatChange","GOOD"
"3a521e72-b87e-4daf-adee-3b63c8f25596","D04","GUIL","GUIL.AOS.groundwater.well.001","GUIL.W1.20190521.FIL","A00000113644","2019-05-21T14:57Z","2019-05-21T14:57Z","EcoCore_CSU","F",0.0050,"milligramsPerLiter",2.5,,0,"formatChange","GOOD"
"4e1999a7-b34a-45ce-a903-65140b8e0601","D04","GUIL","GUIL.AOS.groundwater.well.001","GUIL.W1.20190521.RAW","A00000113648","2019-05-21T14:57Z","2019-05-21T14:57Z","EcoCore_CSU","TSS",254.0000,"milligramsPerLiter",2.5,,0,"formatChange","GOOD"
"1420fc9d-b5a9-46b0-8f90-6008731b958f","D04","GUIL","GUIL.AOS.groundwater.well.001","GUIL.W1.20190521.RAW","A00000113648","2019-05-21T14:57Z","2019-05-21T14:57Z","EcoCore_CSU","TP",0.5009,"milligramsPerLiter",2.5,,0,"formatChange","GOOD"
"cc52175d-6f19-406d-aa0a-e7bf0b43ce23","D04","GUIL","GUIL.AOS.groundwater.well.001","GUIL.W1.20190521.FIL","A00000113644","2019-05-21T14:57Z","2019-05-21T14:57Z","EcoCore_CSU","Fe",0.1559,"milligramsPerLiter",2.5,,0,"formatChange","GOOD"
