uid,domainID,siteID,namedLocation,decimalLatitude,decimalLongitude,coordinateUncertainty,elevation,elevationUncertainty,geodeticDatum,collectDate,aquaticSiteType,samplingImpractical,waterChemSamplesCollected,adequateSampleVol,parentSampleID,eventID,swcSamplingProtocolVersion,sampleExtractionMethod,samplerType,totalWellDepth,wellWaterDepth,waterColumnHeight,sampleDepth,purgeAverageDischargeRate,purgeTime,gwWellStabilized,purgeDryDateTime,pumpPlacementDate,screenedIntervalDepth,maxAllowableDrawdown,actualDrawdown,MADExceeded,wellVolumePurged,probeIDUnavailable,dissolvedOxygen,dissolvedOxygenSaturation,specificConductance,waterTemp,pH,waterClarityDescrip,waterColorDescrip,aCollectedBy,bCollectedBy,remarks
"2b8cb126-6568-4826-8b6e-b1a668b97566","D04","GUIL","GUIL.AOS.groundwater.well.006",18.174267,-66.797629,0.1,555.2,0.1,"WGS84","2019-05-20T13:20Z","stream",,,"Y","GUIL.W6.20190520","GUIL.20190520","NEON.DOC.002905vF","low-flow","Groundwater Pump",8.3,4.7,3.6,5.7,,,,,,,,,,2.1,,1.66,2.15,328.00,25.20,6.45,"clear","colorless","0000-0002-4299-7043","0000-0003-3491-5113",
"49f6c1f8-d957-4b1d-b767-26cc01deb444","D04","GUIL","GUIL.AOS.groundwater.well.005",18.174241,-66.797947,0.1,554.8,0.1,"WGS84","2019-05-20T15:30Z","stream",,,"Y","GUIL.W5.20190520","GUIL.20190520","NEON.DOC.002905vF","low-flow","Groundwater Pump",8.6,4.5,4.2,5.5,,,,,,,,,,3.5,,0.71,9.30,389.90,25.60,6.52,"opaque","colorless","0000-0003-3491-5113","0000-0002-4299-7043","Roots in the water"
"83b35afd-f738-4bfc-abf3-04d5571f427e","D04","GUIL","GUIL.AOS.groundwater.well.003",18.174345,-66.800050,0.1,549.5,0.1,"WGS84","2019-05-21T13:21Z","stream",,,"Y","GUIL.W3.20190521","GUIL.20190521","NEON.DOC.002905vF","low-flow","Groundwater Pump",7.2,3.5,3.7,4.5,,,,,,,,,,3.3,,1.48,19.00,461.00,24.60,7.07,"clear","colorless","0000-0002-4299-7043","0000-0003-1220-2331",
"9dbfcb6b-0a74-4a71-9db2-dc91079fd5eb","D04","GUIL","GUIL.AOS.groundwater.well.001",18.174696,-66.800365,0.1,554.2,0.1,"WGS84","2019-05-21T14:57Z","stream",,,"Y","GUIL.W1.20190521","GUIL.20190521","NEON.DOC.002905vF","low-flow","Groundwater Pump",13.0,8.2,4.7,9.2,,,,,,,,,,2.9,,2.05,26.80,294.10,25.90,6.22,"opaque","brown","0000-0002-4299-7043","0000-0003-1220-2331",
