uid,domainID,siteID,namedLocation,collectDate,titrationDate,parentSampleID,domainSampleID,remarks,measuredBy,alkMeqPerL,alkMgPerL,ancMeqPerL,ancMgPerL
"90bec5b5-6ffe-4239-a6a3-ef54c0fe0250","D04","GUIL","GUIL.AOS.groundwater.well.006","2019-05-20T13:20Z","2019-05-20T18:40Z","GUIL.W6.20190520","GUIL.W6.20190520.ALK",,"iortiz@battelleecology.org",1.910,95.500,,
"a6a41b0d-c31d-4e22-b9c1-26248fd4737b","D04","GUIL","GUIL.AOS.groundwater.well.005","2019-05-20T15:30Z","2019-05-20T19:10Z","GUIL.W5.20190520","GUIL.W5.20190520.ALK",,"iortiz@battelleecology.org",2.490,125.000,,
"d58aed8d-1478-4aa0-9e24-90c45b5d3c8b","D04","GUIL","GUIL.AOS.groundwater.well.003","2019-05-21T13:21Z","2019-05-21T18:54Z","GUIL.W3.20190521","GUIL.W3.20190521.ALK",,"mpagan@battelleecology.org",3.860,193.000,,
"5f136bee-be8b-42a1-bcfd-d6a9c00b889d","D04","GUIL","GUIL.AOS.groundwater.well.001","2019-05-21T14:57Z","2019-05-21T18:15Z","GUIL.W1.20190521","GUIL.W1.20190521.ALK",,"mpagan@battelleecology.org",1.830,91.800,,
