uid,domainID,siteID,namedLocation,sampleID,sampleCode,startDate,collectDate,laboratoryName,analyte,analyteConcentration,analyteUnits,coolerTemp,remarks,shipmentWarmQF,externalLabDataQF,sampleCondition
"8490c8e4-47e8-431a-92c2-e8f60c8c943f","D13","COMO","COMO.AOS.groundwater.well.002","COMO.W2.20180724.RAW","A00000019706","2018-07-24T15:57Z","2018-07-24T15:57Z","EcoCore_CSU","conductivity",24.1900,"microsiemensPerCentimeter",5.8,,0,"formatChange","GOOD"
"b98359a8-c890-43f2-bf49-116a484cac52","D13","COMO","COMO.AOS.groundwater.well.002","COMO.W2.20180724.RAW","A00000019706","2018-07-24T15:57Z","2018-07-24T15:57Z","EcoCore_CSU","ANC",0.3100,"milliequivalentsPerLiter",5.8,,0,"formatChange","GOOD"
"153304a9-a4ff-47b1-badd-51c65b6909f3","D13","COMO","COMO.AOS.groundwater.well.002","COMO.W2.20180724.FIL","A00000019711","2018-07-24T15:57Z","2018-07-24T15:57Z","EcoCore_CSU","CO3",0.0050,"milligramsPerLiter",5.8,,0,"formatChange","GOOD"
"3a5f3e14-6e7f-42b7-9f7f-e2125a9712de","D13","COMO","COMO.AOS.groundwater.well.002","COMO.W2.20180724.FIL","A00000019711","2018-07-24T15:57Z","2018-07-24T15:57Z","EcoCore_CSU","UV Absorbance (280 nm)",0.1261,,5.8,,0,"formatChange","GOOD"
"0660b15e-ef70-4e82-a7c4-e7da0dbb686d","D13","COMO","COMO.AOS.groundwater.well.002","COMO.W2.20180724.RAW","A00000019706","2018-07-24T15:57Z","2018-07-24T15:57Z","EcoCore_CSU","TOC",3.5800,"milligramsPerLiter",5.8,,0,"formatChange","GOOD"
"368078ad-0eee-4497-b86e-d863079f982d","D13","COMO","COMO.AOS.groundwater.well.002","COMO.W2.20180724.FIL","A00000019711","2018-07-24T15:57Z","2018-07-24T15:57Z","EcoCore_CSU","Cl",0.4561,"milligramsPerLiter",5.8,,0,"formatChange","GOOD"
"05cfa51e-359d-41d2-9176-f64f509bb91d","D13","COMO","COMO.AOS.groundwater.well.002","COMO.W2.20180724.FIL","A00000019711","2018-07-24T15:57Z","2018-07-24T15:57Z","EcoCore_CSU","Fe",0.3716,"milligramsPerLiter",5.8,,0,"formatChange","GOOD"
"d2a4593c-6313-46b4-83a3-ad7b8ca5a48b","D13","COMO","COMO.AOS.groundwater.well.002","COMO.W2.20180724.RAW","A00000019706","2018-07-24T15:57Z","2018-07-24T15:57Z","EcoCore_CSU","pH",6.0100,"pH",5.8,,0,"formatChange","GOOD"
"127efaae-eee5-4901-8789-f28daebc5e0a","D13","COMO","COMO.AOS.groundwater.well.002","COMO.W2.20180724.FIL","A00000019711","2018-07-24T15:57Z","2018-07-24T15:57Z","EcoCore_CSU","UV Absorbance (250 nm)",0.1783,,5.8,,0,"formatChange","GOOD"
"72369759-e209-4e60-a0fd-5b83a0c3eceb","D13","COMO","COMO.AOS.groundwater.well.002","COMO.W2.20180724.FIL","A00000019711","2018-07-24T15:57Z","2018-07-24T15:57Z","EcoCore_CSU","K",0.2070,"milligramsPerLiter",5.8,,0,"formatChange","GOOD"
"019dc491-7d92-4d75-be44-9ecd3067a68b","D13","COMO","COMO.AOS.groundwater.well.002","COMO.W2.20180724.RAW","A00000019706","2018-07-24T15:57Z","2018-07-24T15:57Z","EcoCore_CSU","TSS - Dry Mass",1600.0000,"microgram",5.8,,0,"formatChange","GOOD"
"6b33b848-dc17-452e-8cda-742b6eb37cd6","D13","COMO","COMO.AOS.groundwater.well.002","COMO.W2.20180724.FIL","A00000019711","2018-07-24T15:57Z","2018-07-24T15:57Z","EcoCore_CSU","NO3+NO2 - N",0.0131,"milligramsPerLiter",5.8,,0,"formatChange","GOOD"
"5bdd2a0e-6616-415c-8a1c-af70a3ece3bd","D13","COMO","COMO.AOS.groundwater.well.002","COMO.W2.20180724.FIL","A00000019711","2018-07-24T15:57Z","2018-07-24T15:57Z","EcoCore_CSU","Br",0.0050,"milligramsPerLiter",5.8,,0,"formatChange","GOOD"
"54e67107-9316-4f72-ad85-ed40f85be292","D13","COMO","COMO.AOS.groundwater.well.002","COMO.W2.20180724.FIL","A00000019711","2018-07-24T15:57Z","2018-07-24T15:57Z","EcoCore_CSU","TDP",0.0060,"milligramsPerLiter",5.8,,0,"formatChange","GOOD"
"005d2137-59d7-450e-8489-20839b68ba06","D13","COMO","COMO.AOS.groundwater.well.002","COMO.W2.20180724.FIL","A00000019711","2018-07-24T15:57Z","2018-07-24T15:57Z","EcoCore_CSU","Mg",0.8160,"milligramsPerLiter",5.8,,0,"formatChange","GOOD"
"084eec71-891d-4d87-8d5d-5f61c8faab1a","D13","COMO","COMO.AOS.groundwater.well.002","COMO.W2.20180724.RAW","A00000019706","2018-07-24T15:57Z","2018-07-24T15:57Z","EcoCore_CSU","TN",0.1319,"milligramsPerLiter",5.8,,0,"formatChange","GOOD"
"a29bc41e-18aa-4d16-a307-48be40fc7df9","D13","COMO","COMO.AOS.groundwater.well.002","COMO.W2.20180724.FIL","A00000019711","2018-07-24T15:57Z","2018-07-24T15:57Z","EcoCore_CSU","TDN",0.1124,"milligramsPerLiter",5.8,,0,"formatChange","GOOD"
"427db68c-abf4-4ca1-8c04-952fffd3389e","D13","COMO","COMO.AOS.groundwater.well.002","COMO.W2.20180724.FIL","A00000019711","2018-07-24T15:57Z","2018-07-24T15:57Z","EcoCore_CSU","Si",5.9500,"milligramsPerLiter",5.8,,0,"formatChange","GOOD"
"e87e01b4-5c9f-4da5-9bee-6cd2fee3e5a6","D13","COMO","COMO.AOS.groundwater.well.002","COMO.W2.20180724.FIL","A00000019711","2018-07-24T15:57Z","2018-07-24T15:57Z","EcoCore_CSU","TDS",15.9000,"milligramsPerLiter",5.8,,0,"formatChange","GOOD"
"12f09745-a01f-45cd-b658-53b5f8903b70","D13","COMO","COMO.AOS.groundwater.well.002","COMO.W2.20180724.FIL","A00000019711","2018-07-24T15:57Z","2018-07-24T15:57Z","EcoCore_CSU","NH4 - N",0.0393,"milligramsPerLiter",5.8,,0,"formatChange","GOOD"
"8eb08b87-7852-4432-89cf-b0c094421d29","D13","COMO","COMO.AOS.groundwater.well.002","COMO.W2.20180724.FIL","A00000019711","2018-07-24T15:57Z","2018-07-24T15:57Z","EcoCore_CSU","Mn",0.0250,"milligramsPerLiter",5.8,,0,"formatChange","GOOD"
"3bbd1a4f-c431-4c68-a2b5-e4d53669c7e2","D13","COMO","COMO.AOS.groundwater.well.002","COMO.W2.20180724.FIL","A00000019711","2018-07-24T15:57Z","2018-07-24T15:57Z","EcoCore_CSU","DIC",4.5900,"milligramsPerLiter",5.8,,0,"formatChange","GOOD"
"d1f69920-7a0c-4499-a7a6-bd4693707f14","D13","COMO","COMO.AOS.groundwater.well.002","COMO.W2.20180724.FIL","A00000019711","2018-07-24T15:57Z","2018-07-24T15:57Z","EcoCore_CSU","Ortho - P",0.0150,"milligramsPerLiter",5.8,,0,"formatChange","GOOD"
"b81023b3-5045-4b5d-a9ed-241e06748b75","D13","COMO","COMO.AOS.groundwater.well.002","COMO.W2.20180724.FIL","A00000019711","2018-07-24T15:57Z","2018-07-24T15:57Z","EcoCore_CSU","DOC",2.9450,"milligramsPerLiter",5.8,,0,"formatChange","GOOD"
"fdba3d32-b32e-49f4-9d65-6d502898a615","D13","COMO","COMO.AOS.groundwater.well.002","COMO.W2.20180724.RAW","A00000019706","2018-07-24T15:57Z","2018-07-24T15:57Z","EcoCore_CSU","TSS",32.0000,"milligramsPerLiter",5.8,,0,"formatChange","GOOD"
"5a878c84-8fac-40fe-9cc4-25f0f1bdfaf8","D13","COMO","COMO.AOS.groundwater.well.002","COMO.W2.20180724.PCN","A00000019725","2018-07-24T15:57Z","2018-07-24T15:57Z","EcoCore_CSU","TPC",0.2607,"milligram",5.8,,0,"formatChange","GOOD"
"37e543f3-081d-44c6-b78c-710f941b8b6d","D13","COMO","COMO.AOS.groundwater.well.002","COMO.W2.20180724.RAW","A00000019706","2018-07-24T15:57Z","2018-07-24T15:57Z","EcoCore_CSU","TP",0.0220,"milligramsPerLiter",5.8,,0,"formatChange","GOOD"
"f6c6e222-5770-4994-95b0-238ace074c80","D13","COMO","COMO.AOS.groundwater.well.002","COMO.W2.20180724.FIL","A00000019711","2018-07-24T15:57Z","2018-07-24T15:57Z","EcoCore_CSU","F",0.0050,"milligramsPerLiter",5.8,,0,"formatChange","GOOD"
"ec2082da-827c-4661-a95e-cabda91058a8","D13","COMO","COMO.AOS.groundwater.well.002","COMO.W2.20180724.FIL","A00000019711","2018-07-24T15:57Z","2018-07-24T15:57Z","EcoCore_CSU","NO2 - N",0.0159,"milligramsPerLiter",5.8,,0,"formatChange","GOOD"
"f7a6b531-44f8-49f1-bd49-fe0d3a5a8b8d","D13","COMO","COMO.AOS.groundwater.well.002","COMO.W2.20180724.FIL","A00000019711","2018-07-24T15:57Z","2018-07-24T15:57Z","EcoCore_CSU","SO4",1.3890,"milligramsPerLiter",5.8,,0,"formatChange","GOOD"
"fc9d8504-ee7d-4705-a848-934cac9275b6","D13","COMO","COMO.AOS.groundwater.well.002","COMO.W2.20180724.FIL","A00000019711","2018-07-24T15:57Z","2018-07-24T15:57Z","EcoCore_CSU","Ca",2.2260,"milligramsPerLiter",5.8,,0,"formatChange","GOOD"
"8e855ccd-ecc1-458f-8eac-9070b47e0030","D13","COMO","COMO.AOS.groundwater.well.002","COMO.W2.20180724.FIL","A00000019711","2018-07-24T15:57Z","2018-07-24T15:57Z","EcoCore_CSU","Na",1.1470,"milligramsPerLiter",5.8,,0,"formatChange","GOOD"
"f0f19e88-fb3e-4ecc-b838-99ef8a3ec850","D13","COMO","COMO.AOS.groundwater.well.002","COMO.W2.20180724.FIL","A00000019711","2018-07-24T15:57Z","2018-07-24T15:57Z","EcoCore_CSU","HCO3",12.6200,"milligramsPerLiter",5.8,,0,"formatChange","GOOD"
"2227e554-a6cb-4445-8088-b95f483a26de","D13","COMO","COMO.AOS.groundwater.well.002","COMO.W2.20180724.PCN","A00000019725","2018-07-24T15:57Z","2018-07-24T15:57Z","EcoCore_CSU","TPN",0.0890,"milligram",5.8,,0,"formatChange","GOOD"
"a3e6c83f-c6d6-4072-b90e-afc78139b005","D13","COMO","COMO.AOS.groundwater.well.003","COMO.W3.20180724.RAW","A00000019707","2018-07-24T17:10Z","2018-07-24T17:10Z","EcoCore_CSU","TOC",15.7100,"milligramsPerLiter",5.8,,0,"formatChange","GOOD"
"c6547ab3-aa4a-47e3-b2a8-2e91d296516b","D13","COMO","COMO.AOS.groundwater.well.003","COMO.W3.20180724.FIL","A00000019709","2018-07-24T17:10Z","2018-07-24T17:10Z","EcoCore_CSU","Ortho - P",0.2050,"milligramsPerLiter",5.8,,0,"formatChange","GOOD"
"1df76c43-0c3f-4464-ac0e-67212b7ef552","D13","COMO","COMO.AOS.groundwater.well.003","COMO.W3.20180724.FIL","A00000019709","2018-07-24T17:10Z","2018-07-24T17:10Z","EcoCore_CSU","TDS",81.7000,"milligramsPerLiter",5.8,,0,"formatChange","GOOD"
"3bb39963-140f-4f48-be8b-df73486e692a","D13","COMO","COMO.AOS.groundwater.well.003","COMO.W3.20180724.FIL","A00000019709","2018-07-24T17:10Z","2018-07-24T17:10Z","EcoCore_CSU","NO3+NO2 - N",0.0130,"milligramsPerLiter",5.8,,0,"formatChange","GOOD"
"a170fc23-2c05-4793-9d36-004e14794a89","D13","COMO","COMO.AOS.groundwater.well.003","COMO.W3.20180724.FIL","A00000019709","2018-07-24T17:10Z","2018-07-24T17:10Z","EcoCore_CSU","Si",9.9000,"milligramsPerLiter",5.8,,0,"formatChange","GOOD"
"f9a0c7fa-6a23-449a-81fe-afad0673435e","D13","COMO","COMO.AOS.groundwater.well.003","COMO.W3.20180724.PCN","A00000019726","2018-07-24T17:10Z","2018-07-24T17:10Z","EcoCore_CSU","TPN",0.0977,"milligram",5.8,,0,"formatChange","GOOD"
"88b49518-ed54-4343-b525-7c363d7030d1","D13","COMO","COMO.AOS.groundwater.well.003","COMO.W3.20180724.FIL","A00000019709","2018-07-24T17:10Z","2018-07-24T17:10Z","EcoCore_CSU","DIC",17.2100,"milligramsPerLiter",5.8,,0,"formatChange","GOOD"
"e7ee2175-c148-4060-9c9e-729bd9fac19b","D13","COMO","COMO.AOS.groundwater.well.003","COMO.W3.20180724.FIL","A00000019709","2018-07-24T17:10Z","2018-07-24T17:10Z","EcoCore_CSU","CO3",0.0050,"milligramsPerLiter",5.8,,0,"formatChange","GOOD"
"025bbc8e-accd-41f8-bdb1-f928912e9e6f","D13","COMO","COMO.AOS.groundwater.well.003","COMO.W3.20180724.FIL","A00000019709","2018-07-24T17:10Z","2018-07-24T17:10Z","EcoCore_CSU","UV Absorbance (250 nm)",0.9901,,5.8,,0,"formatChange","GOOD"
"e19c516f-9a31-4f00-8d3b-3b77f3d8d99f","D13","COMO","COMO.AOS.groundwater.well.003","COMO.W3.20180724.FIL","A00000019709","2018-07-24T17:10Z","2018-07-24T17:10Z","EcoCore_CSU","UV Absorbance (280 nm)",0.7364,,5.8,,0,"formatChange","GOOD"
"9a43ffb9-3979-486a-a542-a48189da1472","D13","COMO","COMO.AOS.groundwater.well.003","COMO.W3.20180724.RAW","A00000019707","2018-07-24T17:10Z","2018-07-24T17:10Z","EcoCore_CSU","TN",0.8045,"milligramsPerLiter",5.8,,0,"formatChange","GOOD"
"959be4c3-d27c-4e68-8212-2ab75b5d2190","D13","COMO","COMO.AOS.groundwater.well.003","COMO.W3.20180724.RAW","A00000019707","2018-07-24T17:10Z","2018-07-24T17:10Z","EcoCore_CSU","conductivity",117.6200,"microsiemensPerCentimeter",5.8,,0,"formatChange","GOOD"
"35306019-00b1-4179-81e8-e4f74b27e48b","D13","COMO","COMO.AOS.groundwater.well.003","COMO.W3.20180724.RAW","A00000019707","2018-07-24T17:10Z","2018-07-24T17:10Z","EcoCore_CSU","TSS",236.0000,"milligramsPerLiter",5.8,,0,"formatChange","GOOD"
"2796c452-11b2-4e01-a962-3ea60735bdda","D13","COMO","COMO.AOS.groundwater.well.003","COMO.W3.20180724.PCN","A00000019726","2018-07-24T17:10Z","2018-07-24T17:10Z","EcoCore_CSU","TPC",0.3782,"milligram",5.8,,0,"formatChange","GOOD"
"86fdf480-c687-4b39-970d-f598868938f9","D13","COMO","COMO.AOS.groundwater.well.003","COMO.W3.20180724.FIL","A00000019709","2018-07-24T17:10Z","2018-07-24T17:10Z","EcoCore_CSU","HCO3",58.4700,"milligramsPerLiter",5.8,,0,"formatChange","GOOD"
"f929f8c7-be33-4494-8dbf-507914895983","D13","COMO","COMO.AOS.groundwater.well.003","COMO.W3.20180724.FIL","A00000019709","2018-07-24T17:10Z","2018-07-24T17:10Z","EcoCore_CSU","TDN",0.4254,"milligramsPerLiter",5.8,,0,"formatChange","GOOD"
"e4d53304-543b-42be-9ebf-bef137807ebb","D13","COMO","COMO.AOS.groundwater.well.003","COMO.W3.20180724.FIL","A00000019709","2018-07-24T17:10Z","2018-07-24T17:10Z","EcoCore_CSU","NO2 - N",0.0179,"milligramsPerLiter",5.8,,0,"formatChange","GOOD"
"77e0936e-e260-4abe-8e2d-d6288e2f95ec","D13","COMO","COMO.AOS.groundwater.well.003","COMO.W3.20180724.FIL","A00000019709","2018-07-24T17:10Z","2018-07-24T17:10Z","EcoCore_CSU","NH4 - N",0.1469,"milligramsPerLiter",5.8,,0,"formatChange","GOOD"
"286e04c1-b941-4216-b64f-0602451797a4","D13","COMO","COMO.AOS.groundwater.well.003","COMO.W3.20180724.FIL","A00000019709","2018-07-24T17:10Z","2018-07-24T17:10Z","EcoCore_CSU","Br",0.0050,"milligramsPerLiter",5.8,,0,"formatChange","GOOD"
"2f020c6a-1718-4445-a740-22377e7c0d14","D13","COMO","COMO.AOS.groundwater.well.003","COMO.W3.20180724.RAW","A00000019707","2018-07-24T17:10Z","2018-07-24T17:10Z","EcoCore_CSU","TSS - Dry Mass",11800.0000,"microgram",5.8,,0,"formatChange","GOOD"
"135e9737-44aa-472d-ba44-1328c2e221aa","D13","COMO","COMO.AOS.groundwater.well.003","COMO.W3.20180724.FIL","A00000019709","2018-07-24T17:10Z","2018-07-24T17:10Z","EcoCore_CSU","Fe",3.3254,"milligramsPerLiter",5.8,,0,"formatChange","GOOD"
"68585eb9-48c7-4e78-8226-128a422c944c","D13","COMO","COMO.AOS.groundwater.well.003","COMO.W3.20180724.FIL","A00000019709","2018-07-24T17:10Z","2018-07-24T17:10Z","EcoCore_CSU","K",0.4820,"milligramsPerLiter",5.8,,0,"formatChange","GOOD"
"1d3e20d3-f8db-4d63-9953-43645be838a6","D13","COMO","COMO.AOS.groundwater.well.003","COMO.W3.20180724.RAW","A00000019707","2018-07-24T17:10Z","2018-07-24T17:10Z","EcoCore_CSU","ANC",1.0200,"milliequivalentsPerLiter",5.8,,0,"formatChange","GOOD"
"ab1b1d77-6adf-47a1-ba5c-3421d171fe4d","D13","COMO","COMO.AOS.groundwater.well.003","COMO.W3.20180724.FIL","A00000019709","2018-07-24T17:10Z","2018-07-24T17:10Z","EcoCore_CSU","Na",15.4400,"milligramsPerLiter",5.8,,0,"formatChange","GOOD"
"eb36fa19-7fff-4986-a85b-a3f8deb0c92f","D13","COMO","COMO.AOS.groundwater.well.003","COMO.W3.20180724.RAW","A00000019707","2018-07-24T17:10Z","2018-07-24T17:10Z","EcoCore_CSU","TP",0.2850,"milligramsPerLiter",5.8,,0,"formatChange","GOOD"
"b715a748-2e92-4c0f-b24e-0db05268fbca","D13","COMO","COMO.AOS.groundwater.well.003","COMO.W3.20180724.FIL","A00000019709","2018-07-24T17:10Z","2018-07-24T17:10Z","EcoCore_CSU","Mg",1.8750,"milligramsPerLiter",5.8,,0,"formatChange","GOOD"
"59ba8331-c12c-40ed-bdd9-4d5629c33eea","D13","COMO","COMO.AOS.groundwater.well.003","COMO.W3.20180724.FIL","A00000019709","2018-07-24T17:10Z","2018-07-24T17:10Z","EcoCore_CSU","Ca",6.4450,"milligramsPerLiter",5.8,,0,"formatChange","GOOD"
"f7332df6-3c23-4340-a9e2-09e7ea6fce5f","D13","COMO","COMO.AOS.groundwater.well.003","COMO.W3.20180724.RAW","A00000019707","2018-07-24T17:10Z","2018-07-24T17:10Z","EcoCore_CSU","pH",6.6500,"pH",5.8,,0,"formatChange","GOOD"
"3bd39471-564e-409c-9785-9111901ec99f","D13","COMO","COMO.AOS.groundwater.well.003","COMO.W3.20180724.FIL","A00000019709","2018-07-24T17:10Z","2018-07-24T17:10Z","EcoCore_CSU","DOC",8.4130,"milligramsPerLiter",5.8,,0,"formatChange","GOOD"
"79e653a8-c1a2-46f9-b666-b735bd0e6e53","D13","COMO","COMO.AOS.groundwater.well.003","COMO.W3.20180724.FIL","A00000019709","2018-07-24T17:10Z","2018-07-24T17:10Z","EcoCore_CSU","SO4",1.8180,"milligramsPerLiter",5.8,,0,"formatChange","GOOD"
"6528c46a-941a-48b9-959f-d46ded0cfeb1","D13","COMO","COMO.AOS.groundwater.well.003","COMO.W3.20180724.FIL","A00000019709","2018-07-24T17:10Z","2018-07-24T17:10Z","EcoCore_CSU","F",0.0050,"milligramsPerLiter",5.8,,0,"formatChange","GOOD"
"0e777ca8-b1cf-4214-9368-9dc6e2324f48","D13","COMO","COMO.AOS.groundwater.well.003","COMO.W3.20180724.FIL","A00000019709","2018-07-24T17:10Z","2018-07-24T17:10Z","EcoCore_CSU","Mn",0.0220,"milligramsPerLiter",5.8,,0,"formatChange","GOOD"
"ebd3901a-59fc-4c41-a2e3-4b325e565194","D13","COMO","COMO.AOS.groundwater.well.003","COMO.W3.20180724.FIL","A00000019709","2018-07-24T17:10Z","2018-07-24T17:10Z","EcoCore_CSU","Cl",5.3238,"milligramsPerLiter",5.8,,0,"formatChange","GOOD"
"d3dc5ac1-ecb5-4c62-89ed-bd920e26c3fd","D13","COMO","COMO.AOS.groundwater.well.003","COMO.W3.20180724.FIL","A00000019709","2018-07-24T17:10Z","2018-07-24T17:10Z","EcoCore_CSU","TDP",0.1110,"milligramsPerLiter",5.8,,0,"formatChange","GOOD"
"4230ac0b-e358-4edc-b1b0-da8edd868521","D13","COMO","COMO.AOS.groundwater.well.004","COMO.W4.20180724.FIL","A00000019712","2018-07-24T18:12Z","2018-07-24T18:12Z","EcoCore_CSU","TDS",20.3000,"milligramsPerLiter",5.8,,0,"formatChange","GOOD"
"7d2b865d-52c9-489e-a4b5-07793bc2852f","D13","COMO","COMO.AOS.groundwater.well.004","COMO.W4.20180724.FIL","A00000019712","2018-07-24T18:12Z","2018-07-24T18:12Z","EcoCore_CSU","F",0.0050,"milligramsPerLiter",5.8,,0,"formatChange","GOOD"
"9d7ef063-c194-4efe-a60d-41696711b7aa","D13","COMO","COMO.AOS.groundwater.well.004","COMO.W4.20180724.RAW","A00000019708","2018-07-24T18:12Z","2018-07-24T18:12Z","EcoCore_CSU","TSS",26.0000,"milligramsPerLiter",5.8,,0,"formatChange","GOOD"
"77908aa0-7ab8-4d1a-888f-2a413f3633c8","D13","COMO","COMO.AOS.groundwater.well.004","COMO.W4.20180724.FIL","A00000019712","2018-07-24T18:12Z","2018-07-24T18:12Z","EcoCore_CSU","NH4 - N",0.0280,"milligramsPerLiter",5.8,,0,"formatChange","GOOD"
"c8652b6c-f2fa-4988-b007-77c657f6e2f6","D13","COMO","COMO.AOS.groundwater.well.004","COMO.W4.20180724.FIL","A00000019712","2018-07-24T18:12Z","2018-07-24T18:12Z","EcoCore_CSU","NO3+NO2 - N",0.0180,"milligramsPerLiter",5.8,,0,"formatChange","GOOD"
"65607a25-f4fa-4437-b5d8-b6bdfc34ddd4","D13","COMO","COMO.AOS.groundwater.well.004","COMO.W4.20180724.FIL","A00000019712","2018-07-24T18:12Z","2018-07-24T18:12Z","EcoCore_CSU","Mn",0.0120,"milligramsPerLiter",5.8,,0,"formatChange","GOOD"
"d7b1efa9-e8ab-46b9-a4b2-aa209dcabc34","D13","COMO","COMO.AOS.groundwater.well.004","COMO.W4.20180724.FIL","A00000019712","2018-07-24T18:12Z","2018-07-24T18:12Z","EcoCore_CSU","DOC",3.3830,"milligramsPerLiter",5.8,,0,"formatChange","GOOD"
"c6dd3605-4f52-415e-be15-733ca8cb2b45","D13","COMO","COMO.AOS.groundwater.well.004","COMO.W4.20180724.RAW","A00000019708","2018-07-24T18:12Z","2018-07-24T18:12Z","EcoCore_CSU","ANC",0.3500,"milliequivalentsPerLiter",5.8,,0,"formatChange","GOOD"
"0f87fcf8-9d1b-44a1-aec6-51a8b5560193","D13","COMO","COMO.AOS.groundwater.well.004","COMO.W4.20180724.FIL","A00000019712","2018-07-24T18:12Z","2018-07-24T18:12Z","EcoCore_CSU","UV Absorbance (250 nm)",0.0711,,5.8,,0,"formatChange","GOOD"
"6d4dece5-82eb-4529-a511-9c3a4e8ef713","D13","COMO","COMO.AOS.groundwater.well.004","COMO.W4.20180724.FIL","A00000019712","2018-07-24T18:12Z","2018-07-24T18:12Z","EcoCore_CSU","Fe",0.0230,"milligramsPerLiter",5.8,,0,"formatChange","GOOD"
"c1c40d21-bec8-4da8-814c-d94194b0bb6a","D13","COMO","COMO.AOS.groundwater.well.004","COMO.W4.20180724.PCN","A00000019724","2018-07-24T18:12Z","2018-07-24T18:12Z","EcoCore_CSU","TPN",0.0969,"milligram",5.8,,0,"formatChange","GOOD"
"1981867f-948a-4a74-b0d4-8c956a19b6b0","D13","COMO","COMO.AOS.groundwater.well.004","COMO.W4.20180724.FIL","A00000019712","2018-07-24T18:12Z","2018-07-24T18:12Z","EcoCore_CSU","DIC",6.9020,"milligramsPerLiter",5.8,,0,"formatChange","GOOD"
"567941c5-0c0e-46b6-8b18-70835db13e95","D13","COMO","COMO.AOS.groundwater.well.004","COMO.W4.20180724.RAW","A00000019708","2018-07-24T18:12Z","2018-07-24T18:12Z","EcoCore_CSU","TOC",3.1030,"milligramsPerLiter",5.8,,0,"formatChange","GOOD"
"8d1a23c7-f141-4c0e-8ee1-b1f6aafe417f","D13","COMO","COMO.AOS.groundwater.well.004","COMO.W4.20180724.FIL","A00000019712","2018-07-24T18:12Z","2018-07-24T18:12Z","EcoCore_CSU","K",0.2510,"milligramsPerLiter",5.8,,0,"formatChange","GOOD"
"8160a746-64c9-4783-bfaf-7ee50cb020f9","D13","COMO","COMO.AOS.groundwater.well.004","COMO.W4.20180724.RAW","A00000019708","2018-07-24T18:12Z","2018-07-24T18:12Z","EcoCore_CSU","conductivity",30.6400,"microsiemensPerCentimeter",5.8,,0,"formatChange","GOOD"
"2da98d68-4803-4872-b56d-3811d39ad9b7","D13","COMO","COMO.AOS.groundwater.well.004","COMO.W4.20180724.FIL","A00000019712","2018-07-24T18:12Z","2018-07-24T18:12Z","EcoCore_CSU","TDP",0.0005,"milligramsPerLiter",5.8,,0,"formatChange","GOOD"
"07a3375f-8d23-46e2-957b-9a61c06a882d","D13","COMO","COMO.AOS.groundwater.well.004","COMO.W4.20180724.RAW","A00000019708","2018-07-24T18:12Z","2018-07-24T18:12Z","EcoCore_CSU","TN",0.0776,"milligramsPerLiter",5.8,,0,"formatChange","GOOD"
"a762105d-0a3c-4a9f-9448-ad2694fcab19","D13","COMO","COMO.AOS.groundwater.well.004","COMO.W4.20180724.FIL","A00000019712","2018-07-24T18:12Z","2018-07-24T18:12Z","EcoCore_CSU","Na",1.3450,"milligramsPerLiter",5.8,,0,"formatChange","GOOD"
"976ae0c0-2988-48e6-ac22-746032604af6","D13","COMO","COMO.AOS.groundwater.well.004","COMO.W4.20180724.FIL","A00000019712","2018-07-24T18:12Z","2018-07-24T18:12Z","EcoCore_CSU","CO3",0.0050,"milligramsPerLiter",5.8,,0,"formatChange","GOOD"
"af96da83-b87f-449e-aa82-7b6d8d4384a9","D13","COMO","COMO.AOS.groundwater.well.004","COMO.W4.20180724.FIL","A00000019712","2018-07-24T18:12Z","2018-07-24T18:12Z","EcoCore_CSU","Ca",3.2820,"milligramsPerLiter",5.8,,0,"formatChange","GOOD"
"76b5b748-292b-4abb-ad9c-db6bb0d53238","D13","COMO","COMO.AOS.groundwater.well.004","COMO.W4.20180724.FIL","A00000019712","2018-07-24T18:12Z","2018-07-24T18:12Z","EcoCore_CSU","Cl",0.1212,"milligramsPerLiter",5.8,,0,"formatChange","GOOD"
"db05cfc9-c6d9-4b33-abf7-0d166e888432","D13","COMO","COMO.AOS.groundwater.well.004","COMO.W4.20180724.RAW","A00000019708","2018-07-24T18:12Z","2018-07-24T18:12Z","EcoCore_CSU","TP",0.0160,"milligramsPerLiter",5.8,,0,"formatChange","GOOD"
"5b4ffe2d-8667-4c84-8b14-dc289b6ed0e0","D13","COMO","COMO.AOS.groundwater.well.004","COMO.W4.20180724.FIL","A00000019712","2018-07-24T18:12Z","2018-07-24T18:12Z","EcoCore_CSU","NO2 - N",0.0196,"milligramsPerLiter",5.8,,0,"formatChange","GOOD"
"3dafc6eb-787b-4c78-979c-640499e067a7","D13","COMO","COMO.AOS.groundwater.well.004","COMO.W4.20180724.RAW","A00000019708","2018-07-24T18:12Z","2018-07-24T18:12Z","EcoCore_CSU","pH",6.0500,"pH",5.8,,0,"formatChange","GOOD"
"69242ea9-d738-4f8d-8993-cc97577e32dc","D13","COMO","COMO.AOS.groundwater.well.004","COMO.W4.20180724.PCN","A00000019724","2018-07-24T18:12Z","2018-07-24T18:12Z","EcoCore_CSU","TPC",0.2619,"milligram",5.8,,0,"formatChange","GOOD"
"4fe9af26-433f-4b10-8fa2-422bcffbd326","D13","COMO","COMO.AOS.groundwater.well.004","COMO.W4.20180724.FIL","A00000019712","2018-07-24T18:12Z","2018-07-24T18:12Z","EcoCore_CSU","Ortho - P",0.0140,"milligramsPerLiter",5.8,,0,"formatChange","GOOD"
"13bcf364-1ba7-4531-af5b-07bf1252401e","D13","COMO","COMO.AOS.groundwater.well.004","COMO.W4.20180724.FIL","A00000019712","2018-07-24T18:12Z","2018-07-24T18:12Z","EcoCore_CSU","UV Absorbance (280 nm)",0.0413,,5.8,,0,"formatChange","GOOD"
"a2f633bf-25fb-4283-9957-73635fe0cbf4","D13","COMO","COMO.AOS.groundwater.well.004","COMO.W4.20180724.RAW","A00000019708","2018-07-24T18:12Z","2018-07-24T18:12Z","EcoCore_CSU","TSS - Dry Mass",1300.0000,"microgram",5.8,,0,"formatChange","GOOD"
"73754af2-8f95-4eda-a337-7773cc2085ba","D13","COMO","COMO.AOS.groundwater.well.004","COMO.W4.20180724.FIL","A00000019712","2018-07-24T18:12Z","2018-07-24T18:12Z","EcoCore_CSU","SO4",2.0670,"milligramsPerLiter",5.8,,0,"formatChange","GOOD"
"31693d8d-8fff-4486-aaca-e0a6e44baa86","D13","COMO","COMO.AOS.groundwater.well.004","COMO.W4.20180724.FIL","A00000019712","2018-07-24T18:12Z","2018-07-24T18:12Z","EcoCore_CSU","TDN",0.1130,"milligramsPerLiter",5.8,,0,"formatChange","GOOD"
"13283c49-7ed6-424d-b66c-129f9ccc8d24","D13","COMO","COMO.AOS.groundwater.well.004","COMO.W4.20180724.FIL","A00000019712","2018-07-24T18:12Z","2018-07-24T18:12Z","EcoCore_CSU","HCO3",16.5400,"milligramsPerLiter",5.8,,0,"formatChange","GOOD"
"f5bf7c74-04c8-4cd7-aee6-edaa013dbc58","D13","COMO","COMO.AOS.groundwater.well.004","COMO.W4.20180724.FIL","A00000019712","2018-07-24T18:12Z","2018-07-24T18:12Z","EcoCore_CSU","Mg",1.0830,"milligramsPerLiter",5.8,,0,"formatChange","GOOD"
"1fec70ed-7fac-46d8-b75e-a5a686ea1ad6","D13","COMO","COMO.AOS.groundwater.well.004","COMO.W4.20180724.FIL","A00000019712","2018-07-24T18:12Z","2018-07-24T18:12Z","EcoCore_CSU","Si",5.7800,"milligramsPerLiter",5.8,,0,"formatChange","GOOD"
"8bf1083d-5bca-41c6-8899-2c766f49916a","D13","COMO","COMO.AOS.groundwater.well.004","COMO.W4.20180724.FIL","A00000019712","2018-07-24T18:12Z","2018-07-24T18:12Z","EcoCore_CSU","Br",0.0050,"milligramsPerLiter",5.8,,0,"formatChange","GOOD"
