uid,domainID,siteID,namedLocation,decimalLatitude,decimalLongitude,coordinateUncertainty,elevation,elevationUncertainty,geodeticDatum,collectDate,aquaticSiteType,samplingImpractical,waterChemSamplesCollected,adequateSampleVol,parentSampleID,eventID,swcSamplingProtocolVersion,sampleExtractionMethod,samplerType,totalWellDepth,wellWaterDepth,waterColumnHeight,sampleDepth,purgeAverageDischargeRate,purgeTime,gwWellStabilized,purgeDryDateTime,pumpPlacementDate,screenedIntervalDepth,maxAllowableDrawdown,actualDrawdown,MADExceeded,wellVolumePurged,probeIDUnavailable,dissolvedOxygen,dissolvedOxygenSaturation,specificConductance,waterTemp,pH,waterClarityDescrip,waterColorDescrip,aCollectedBy,bCollectedBy,remarks
"c27d46b0-7fe0-45d3-8694-5567565683ab","D13","COMO","COMO.AOS.groundwater.well.001",40.035039,-105.544811,0.1,3027.6,0.0,"WGS84","2018-07-24T15:06Z","stream","shallow groundwater",,,"COMO.W1.20180724","COMO.20180724","NEON.DOC.002905vE","low-flow","Groundwater Pump",2.5,2.1,0.4,,,,,,,,,,,,,,,,,,,,"Jswenson@battelleecology.org","jen.roquemore@battelleecology.org",
"b2a01a19-f756-45bc-9496-c9ebd64f5398","D13","COMO","COMO.AOS.groundwater.well.002",40.035081,-105.545205,0.1,3029.5,0.0,"WGS84","2018-07-24T15:57Z","stream",,,,"COMO.W2.20180724","COMO.20180724","NEON.DOC.002905vE","low-flow","Groundwater Pump",2.3,1.5,0.8,1.8,,,,,,,,,,1.5,,1.05,9.20,29.60,9.90,,"opaque","colorless","Jswenson@battelleecology.org","jen.roquemore@battelleecology.org",
"e87c1db8-c2a4-4707-b72f-2636864689e8","D13","COMO","COMO.AOS.groundwater.well.003",40.034929,-105.544872,0.1,3027.6,0.0,"WGS84","2018-07-24T17:10Z","stream",,,,"COMO.W3.20180724","COMO.20180724","NEON.DOC.002905vE","low-flow","Groundwater Pump",1.9,1.1,0.8,1.4,,,,,,,,,,3.0,,0.48,4.20,109.10,10.10,,"cloudy","brown","Jswenson@battelleecology.org","jen.roquemore@battelleecology.org",
"bf48462a-6787-4e70-8d38-eb2d6b33063b","D13","COMO","COMO.AOS.groundwater.well.004",40.034756,-105.544637,0.1,3027.1,0.0,"WGS84","2018-07-24T18:12Z","stream",,,,"COMO.W4.20180724","COMO.20180724","NEON.DOC.002905vE","low-flow","Groundwater Pump",2.7,1.8,0.9,2.2,,,,,,,,,,2.3,,0.38,3.20,37.80,8.30,,"clear","brown","Jswenson@battelleecology.org","jen.roquemore@battelleecology.org",
