uid,domainID,siteID,namedLocation,collectDate,titrationDate,parentSampleID,domainSampleID,remarks,measuredBy,alkMeqPerL,alkMgPerL,ancMeqPerL,ancMgPerL
"95d469b2-305b-49fe-ae5a-3da092cb191d","D13","WLOU","WLOU.AOS.groundwater.well.001","2019-08-13T13:52Z","2019-08-14T13:11Z","WLOU.W1.20190813","WLOU.W1.20190813.ALK","pH 10 cal=10.08","stemmler@battelleecology.org",0.990,49.300,,
"7f0feb95-d281-4001-983c-85e36313c7fe","D13","WLOU","WLOU.AOS.groundwater.well.002","2019-08-13T14:37Z","2019-08-14T14:20Z","WLOU.W2.20190813","WLOU.W2.20190813.ALK",,"stemmler@battelleecology.org",1.010,50.500,,
"098c78ad-a217-4898-8377-3b0c687df5ef","D13","WLOU","WLOU.AOS.groundwater.well.005","2019-08-13T15:30Z","2019-08-14T15:23Z","WLOU.W5.20190813","WLOU.W5.20190813.ALK",,"stemmler@battelleecology.org",0.940,47.000,,
"77538fe4-23c1-42d5-aaa0-e5686df397d3","D13","WLOU","WLOU.AOS.groundwater.well.008","2019-08-13T16:38Z","2019-08-14T16:09Z","WLOU.W8.20190813","WLOU.W8.20190813.ALK","pH 10 cal=10.12","stemmler@battelleecology.org",1.800,90.000,,
