uid,domainID,siteID,namedLocation,collectDate,parentSampleID,sampleCondition,sampleID,replicateNumber,gwwDICBubbleFree,gwwFiltSampleHeadspace,gwwAlkSampleHeadspace,gwwAlkSampleBubbleFree,processedDate,processedDateFilters,sampleVolumeFiltered,shipmentTimeRange
"d4c40c3f-354a-4527-b1d8-7cb63c04d3a5","D13","WLOU","WLOU.AOS.groundwater.well.001","2019-08-13T13:52Z","WLOU.W1.20190813","Sample condition ok","WLOU.W1.20190813",1,,,,,"2019-08-13T13:52Z","2019-08-13T18:10Z",80.0,
"e1616a98-4deb-44f0-bd58-c1685cece519","D13","WLOU","WLOU.AOS.groundwater.well.002","2019-08-13T14:37Z","WLOU.W2.20190813","Sample condition ok","WLOU.W2.20190813",1,,,,,"2019-08-13T14:37Z","2019-08-13T18:12Z",100.0,
"6d988edf-65ca-4da8-a572-6c67dc4b82ec","D13","WLOU","WLOU.AOS.groundwater.well.005","2019-08-13T15:30Z","WLOU.W5.20190813","Sample condition ok","WLOU.W5.20190813",1,,,,,"2019-08-13T15:30Z","2019-08-13T18:13Z",100.0,
"17479ae2-5205-4a00-b1d8-f83d3cdbeb63","D13","WLOU","WLOU.AOS.groundwater.well.008","2019-08-13T16:38Z","WLOU.W8.20190813","Sample condition ok","WLOU.W8.20190813",1,,,,,"2019-08-13T16:38Z","2019-08-13T18:05Z",300.0,
