uid,domainID,siteID,namedLocation,decimalLatitude,decimalLongitude,coordinateUncertainty,elevation,elevationUncertainty,geodeticDatum,collectDate,aquaticSiteType,samplingImpractical,waterChemSamplesCollected,adequateSampleVol,parentSampleID,eventID,swcSamplingProtocolVersion,sampleExtractionMethod,samplerType,totalWellDepth,wellWaterDepth,waterColumnHeight,sampleDepth,purgeAverageDischargeRate,purgeTime,gwWellStabilized,purgeDryDateTime,pumpPlacementDate,screenedIntervalDepth,maxAllowableDrawdown,actualDrawdown,MADExceeded,wellVolumePurged,probeIDUnavailable,dissolvedOxygen,dissolvedOxygenSaturation,specificConductance,waterTemp,pH,waterClarityDescrip,waterColorDescrip,aCollectedBy,bCollectedBy,remarks
"b24eef2f-c585-4f82-ae1d-2d83326457f4","D13","WLOU","WLOU.AOS.groundwater.well.001",39.891233,-105.914588,0.1,2916.4,0.1,"WGS84","2019-08-13T13:52Z","stream",,,"Y","WLOU.W1.20190813","WLOU.20190813","NEON.DOC.002905vF","low-flow","Groundwater Pump",2.2,1.4,0.7,1.7,,,,,,,,,,1.1,,0.41,4.70,104.50,6.60,6.52,"cloudy","colorless","0000-0003-3415-3067","0000-0002-5760-9269",
"fa54f251-fd13-473e-a5d7-6f462eeff09a","D13","WLOU","WLOU.AOS.groundwater.well.002",39.891183,-105.914497,0.1,2916.4,0.1,"WGS84","2019-08-13T14:37Z","stream",,,"Y","WLOU.W2.20190813","WLOU.20190813","NEON.DOC.002905vF","low-flow","Groundwater Pump",2.4,1.7,0.7,1.9,,,,,,,,,,3.1,,4.93,56.70,100.70,7.10,6.54,"clear","colorless","0000-0001-7092-2850","0000-0002-5760-9269",
"82021d2c-cfec-4854-a216-5f064be73e65","D13","WLOU","WLOU.AOS.groundwater.well.005",39.891138,-105.912929,0.1,2909.5,0.1,"WGS84","2019-08-13T15:30Z","stream",,,"Y","WLOU.W5.20190813","WLOU.20190813","NEON.DOC.002905vF","low-flow","Grab",2.4,1.6,0.8,1.9,,,,,,,,,,1.6,,2.87,33.40,114.50,6.90,6.28,"cloudy","colorless","0000-0003-3415-3067","0000-0002-5760-9269",
"435fd4f5-0edb-4988-acbc-f0a358794e7e","D13","WLOU","WLOU.AOS.groundwater.well.008",39.890665,-105.911591,0.1,2904.6,0.1,"WGS84","2019-08-13T16:38Z","stream",,,"Y","WLOU.W8.20190813","WLOU.20190813","NEON.DOC.002905vF","low-flow","Groundwater Pump",2.8,1.6,1.3,2.3,,,,,,,,,,2.4,,5.07,58.30,174.40,7.00,7.05,"cloudy","colorless","0000-0003-3415-3067","0000-0002-5760-9269",
