uid,domainID,siteID,namedLocation,sampleID,sampleCode,startDate,collectDate,laboratoryName,analyte,analyteConcentration,analyteUnits,coolerTemp,remarks,shipmentWarmQF,externalLabDataQF,sampleCondition
"b6e7f70c-73e0-40df-8616-c76b9cca76c6","D13","WLOU","WLOU.AOS.groundwater.well.001","WLOU.W1.20190813.RAW","A00000091854","2019-08-13T13:52Z","2019-08-13T13:52Z","EcoCore_CSU","ANC",0.9100,"milliequivalentsPerLiter",3.2,,0,,"OK"
"8cfc6d9d-4a9d-4b0a-9375-e72865b6ab0f","D13","WLOU","WLOU.AOS.groundwater.well.001","WLOU.W1.20190813.FIL","A00000091803","2019-08-13T13:52Z","2019-08-13T13:52Z","EcoCore_CSU","Ortho - P",0.0650,"milligramsPerLiter",3.2,,0,,"OK"
"76a6874f-5f5d-44f5-8bd1-dd762f511f1e","D13","WLOU","WLOU.AOS.groundwater.well.001","WLOU.W1.20190813.FIL","A00000091803","2019-08-13T13:52Z","2019-08-13T13:52Z","EcoCore_CSU","UV Absorbance (250 nm)",0.1001,,3.2,,0,,"OK"
"227afed3-fb54-4146-988b-101a706b8abe","D13","WLOU","WLOU.AOS.groundwater.well.001","WLOU.W1.20190813.FIL","A00000091803","2019-08-13T13:52Z","2019-08-13T13:52Z","EcoCore_CSU","NO2 - N",-0.0038,"milligramsPerLiter",3.2,,0,,"OK"
"37cc68b0-d2c8-4d84-ac72-b6a66b2a1f8c","D13","WLOU","WLOU.AOS.groundwater.well.001","WLOU.W1.20190813.FIL","A00000091803","2019-08-13T13:52Z","2019-08-13T13:52Z","EcoCore_CSU","NO3+NO2 - N",0.0065,"milligramsPerLiter",3.2,,0,,"OK"
"ab971a78-9c66-48e9-8438-cf03f14b6594","D13","WLOU","WLOU.AOS.groundwater.well.001","WLOU.W1.20190813.RAW","A00000091854","2019-08-13T13:52Z","2019-08-13T13:52Z","EcoCore_CSU","conductivity",97.9200,"microsiemensPerCentimeter",3.2,,0,,"OK"
"38f63bf8-8323-480a-9f5d-95241f81faba","D13","WLOU","WLOU.AOS.groundwater.well.001","WLOU.W1.20190813.RAW","A00000091854","2019-08-13T13:52Z","2019-08-13T13:52Z","EcoCore_CSU","TN",0.0469,"milligramsPerLiter",3.2,,0,,"OK"
"f28b6b05-008b-4287-a366-6ee8d7096256","D13","WLOU","WLOU.AOS.groundwater.well.001","WLOU.W1.20190813.RAW","A00000091854","2019-08-13T13:52Z","2019-08-13T13:52Z","EcoCore_CSU","pH",6.9400,"pH",3.2,,0,,"OK"
"98379f7d-7a7d-4d02-b024-fd4f00d9c962","D13","WLOU","WLOU.AOS.groundwater.well.001","WLOU.W1.20190813.RAW","A00000091854","2019-08-13T13:52Z","2019-08-13T13:52Z","EcoCore_CSU","TSS - Dry Mass",3100.0000,"microgram",3.2,,0,,"OK"
"70ce91c9-78c3-46b1-9a33-0622aa4298f0","D13","WLOU","WLOU.AOS.groundwater.well.001","WLOU.W1.20190813.RAW","A00000091854","2019-08-13T13:52Z","2019-08-13T13:52Z","EcoCore_CSU","TP",0.0120,"milligramsPerLiter",3.2,,0,,"OK"
"2447403d-bcf9-42d3-9231-d2157bf4090c","D13","WLOU","WLOU.AOS.groundwater.well.001","WLOU.W1.20190813.RAW","A00000091854","2019-08-13T13:52Z","2019-08-13T13:52Z","EcoCore_CSU","TSS",62.0000,"milligramsPerLiter",3.2,,0,,"OK"
"1b1df4da-d800-4733-93dc-13550d0d389a","D13","WLOU","WLOU.AOS.groundwater.well.001","WLOU.W1.20190813.FIL","A00000091803","2019-08-13T13:52Z","2019-08-13T13:52Z","EcoCore_CSU","NH4 - N",-0.0057,"milligramsPerLiter",3.2,,0,,"OK"
"0132c3d6-73ef-490e-9598-d03829a9b305","D13","WLOU","WLOU.AOS.groundwater.well.001","WLOU.W1.20190813.FIL","A00000091803","2019-08-13T13:52Z","2019-08-13T13:52Z","EcoCore_CSU","DOC",2.3770,"milligramsPerLiter",3.2,,0,,"OK"
"2025d6f7-48e8-49e5-b1e9-2ed22bab3cb8","D13","WLOU","WLOU.AOS.groundwater.well.001","WLOU.W1.20190813.FIL","A00000091803","2019-08-13T13:52Z","2019-08-13T13:52Z","EcoCore_CSU","TDN",0.0976,"milligramsPerLiter",3.2,,0,,"OK"
"cc5d7668-d2d2-4411-a4df-cd81ac180fc2","D13","WLOU","WLOU.AOS.groundwater.well.001","WLOU.W1.20190813.FIL","A00000091803","2019-08-13T13:52Z","2019-08-13T13:52Z","EcoCore_CSU","UV Absorbance (280 nm)",0.0677,,3.2,,0,,"OK"
"87f9fd35-f680-43b8-a78f-3152e3936221","D13","WLOU","WLOU.AOS.groundwater.well.001","WLOU.W1.20190813.RAW","A00000091854","2019-08-13T13:52Z","2019-08-13T13:52Z","EcoCore_CSU","TOC",2.1320,"milligramsPerLiter",3.2,,0,,"OK"
"9061caf5-af48-45b8-97a1-c2fbb4159867","D13","WLOU","WLOU.AOS.groundwater.well.001","WLOU.W1.20190813.FIL","A00000091803","2019-08-13T13:52Z","2019-08-13T13:52Z","EcoCore_CSU","DIC",13.6900,"milligramsPerLiter",3.2,,0,,"OK"
"c825700c-4228-46e5-a44e-f43faf0af2ad","D13","WLOU","WLOU.AOS.groundwater.well.001","WLOU.W1.20190813.PCN","A00000091770","2019-08-13T13:52Z","2019-08-13T13:52Z","EcoCore_CSU","TPN",0.1360,"milligram",3.2,,0,,"OK"
"06ce0a1a-3c6c-4195-8701-f42e64d3e7cb","D13","WLOU","WLOU.AOS.groundwater.well.001","WLOU.W1.20190813.PCN","A00000091770","2019-08-13T13:52Z","2019-08-13T13:52Z","EcoCore_CSU","TPC",0.3163,"milligram",3.2,,0,,"OK"
"fc635831-c57f-40a3-9917-684dc5e45547","D13","WLOU","WLOU.AOS.groundwater.well.002","WLOU.W2.20190813.FIL","A00000091855","2019-08-13T14:37Z","2019-08-13T14:37Z","EcoCore_CSU","HCO3",50.8500,"milligramsPerLiter",3.2,,0,,"OK"
"c883379d-c0aa-47b2-a8bc-903f05e335c7","D13","WLOU","WLOU.AOS.groundwater.well.002","WLOU.W2.20190813.FIL","A00000091855","2019-08-13T14:37Z","2019-08-13T14:37Z","EcoCore_CSU","Si",7.2400,"milligramsPerLiter",3.2,,0,,"OK"
"bfe7bc14-a763-41d3-8c0d-07e8b5805073","D13","WLOU","WLOU.AOS.groundwater.well.002","WLOU.W2.20190813.RAW","A00000091837","2019-08-13T14:37Z","2019-08-13T14:37Z","EcoCore_CSU","TN",0.0679,"milligramsPerLiter",3.2,,0,,"OK"
"0323cef5-2734-4548-9836-92c1073b12c3","D13","WLOU","WLOU.AOS.groundwater.well.002","WLOU.W2.20190813.FIL","A00000091855","2019-08-13T14:37Z","2019-08-13T14:37Z","EcoCore_CSU","TDP",0.0220,"milligramsPerLiter",3.2,,0,,"OK"
"f94117c4-71c8-4bf7-8425-a157daa1da62","D13","WLOU","WLOU.AOS.groundwater.well.002","WLOU.W2.20190813.FIL","A00000091855","2019-08-13T14:37Z","2019-08-13T14:37Z","EcoCore_CSU","DIC",15.4000,"milligramsPerLiter",3.2,,0,,"OK"
"c2db9f45-3680-4aaa-b5cc-139dab2f6731","D13","WLOU","WLOU.AOS.groundwater.well.002","WLOU.W2.20190813.FIL","A00000091855","2019-08-13T14:37Z","2019-08-13T14:37Z","EcoCore_CSU","F",0.0050,"milligramsPerLiter",3.2,,0,,"OK"
"495cbb25-7418-4939-aeac-04d6b36c55ed","D13","WLOU","WLOU.AOS.groundwater.well.002","WLOU.W2.20190813.FIL","A00000091855","2019-08-13T14:37Z","2019-08-13T14:37Z","EcoCore_CSU","Mn",0.0740,"milligramsPerLiter",3.2,,0,,"OK"
"261a6e25-d259-4e8a-bc11-106836835d7d","D13","WLOU","WLOU.AOS.groundwater.well.002","WLOU.W2.20190813.FIL","A00000091855","2019-08-13T14:37Z","2019-08-13T14:37Z","EcoCore_CSU","TDS",68.5000,"milligramsPerLiter",3.2,,0,,"OK"
"c95e014e-ca53-4c7b-994b-b560e93aa820","D13","WLOU","WLOU.AOS.groundwater.well.002","WLOU.W2.20190813.FIL","A00000091855","2019-08-13T14:37Z","2019-08-13T14:37Z","EcoCore_CSU","DOC",1.7990,"milligramsPerLiter",3.2,,0,,"OK"
"35543138-4447-435c-8728-6d4b627d6623","D13","WLOU","WLOU.AOS.groundwater.well.002","WLOU.W2.20190813.RAW","A00000091837","2019-08-13T14:37Z","2019-08-13T14:37Z","EcoCore_CSU","TSS - Dry Mass",1800.0000,"microgram",3.2,,0,,"OK"
"98af6520-edca-4181-a7ef-cb2dca3a497e","D13","WLOU","WLOU.AOS.groundwater.well.002","WLOU.W2.20190813.RAW","A00000091837","2019-08-13T14:37Z","2019-08-13T14:37Z","EcoCore_CSU","conductivity",95.8900,"microsiemensPerCentimeter",3.2,,0,,"OK"
"381dd087-3584-497a-8293-3dee475cffa8","D13","WLOU","WLOU.AOS.groundwater.well.002","WLOU.W2.20190813.FIL","A00000091855","2019-08-13T14:37Z","2019-08-13T14:37Z","EcoCore_CSU","Ca",13.0700,"milligramsPerLiter",3.2,,0,,"OK"
"e582d6fc-9c29-4b54-ba3d-5156e4440eee","D13","WLOU","WLOU.AOS.groundwater.well.002","WLOU.W2.20190813.FIL","A00000091855","2019-08-13T14:37Z","2019-08-13T14:37Z","EcoCore_CSU","TDN",0.0980,"milligramsPerLiter",3.2,,0,,"OK"
"ff3faecc-86b3-4872-a898-952f0a6f65ef","D13","WLOU","WLOU.AOS.groundwater.well.002","WLOU.W2.20190813.RAW","A00000091837","2019-08-13T14:37Z","2019-08-13T14:37Z","EcoCore_CSU","pH",6.9800,"pH",3.2,,0,,"OK"
"77e30d94-0951-4920-8fca-ae0c23699162","D13","WLOU","WLOU.AOS.groundwater.well.002","WLOU.W2.20190813.FIL","A00000091855","2019-08-13T14:37Z","2019-08-13T14:37Z","EcoCore_CSU","UV Absorbance (250 nm)",0.1120,,3.2,,0,,"OK"
"8247efbb-75a2-437c-be21-2ae2d27b7c11","D13","WLOU","WLOU.AOS.groundwater.well.002","WLOU.W2.20190813.RAW","A00000091837","2019-08-13T14:37Z","2019-08-13T14:37Z","EcoCore_CSU","TOC",1.7990,"milligramsPerLiter",3.2,,0,,"OK"
"189d0d13-eb91-42c3-8167-45d91c76a0e6","D13","WLOU","WLOU.AOS.groundwater.well.002","WLOU.W2.20190813.FIL","A00000091855","2019-08-13T14:37Z","2019-08-13T14:37Z","EcoCore_CSU","Fe",0.2520,"milligramsPerLiter",3.2,,0,,"OK"
"9b0f6ee6-6174-4ae8-85a8-bfd4adfdc70e","D13","WLOU","WLOU.AOS.groundwater.well.002","WLOU.W2.20190813.FIL","A00000091855","2019-08-13T14:37Z","2019-08-13T14:37Z","EcoCore_CSU","NH4 - N",0.0159,"milligramsPerLiter",3.2,,0,,"OK"
"ce288d5d-4ad2-4afc-a6be-9c9c68bd7693","D13","WLOU","WLOU.AOS.groundwater.well.002","WLOU.W2.20190813.FIL","A00000091855","2019-08-13T14:37Z","2019-08-13T14:37Z","EcoCore_CSU","Mg",2.3600,"milligramsPerLiter",3.2,,0,,"OK"
"4d0bcaf4-3ac7-4b1e-8997-8f6e33c939d2","D13","WLOU","WLOU.AOS.groundwater.well.002","WLOU.W2.20190813.RAW","A00000091837","2019-08-13T14:37Z","2019-08-13T14:37Z","EcoCore_CSU","TSS",36.0000,"milligramsPerLiter",3.2,,0,,"OK"
"02bef259-e6e8-4f0d-8d93-5bde30aaea02","D13","WLOU","WLOU.AOS.groundwater.well.002","WLOU.W2.20190813.FIL","A00000091855","2019-08-13T14:37Z","2019-08-13T14:37Z","EcoCore_CSU","Cl",1.4000,"milligramsPerLiter",3.2,,0,,"OK"
"0e2108fe-b5b6-491c-a385-892ee670eb72","D13","WLOU","WLOU.AOS.groundwater.well.002","WLOU.W2.20190813.FIL","A00000091855","2019-08-13T14:37Z","2019-08-13T14:37Z","EcoCore_CSU","Br",0.0050,"milligramsPerLiter",3.2,,0,,"OK"
"c65419fc-6a5a-4d1c-bdcd-8cc8da9895d9","D13","WLOU","WLOU.AOS.groundwater.well.002","WLOU.W2.20190813.RAW","A00000091837","2019-08-13T14:37Z","2019-08-13T14:37Z","EcoCore_CSU","ANC",0.9100,"milliequivalentsPerLiter",3.2,,0,,"OK"
"be5c5730-2a80-4943-89ca-38f89739e8e0","D13","WLOU","WLOU.AOS.groundwater.well.002","WLOU.W2.20190813.FIL","A00000091855","2019-08-13T14:37Z","2019-08-13T14:37Z","EcoCore_CSU","NO2 - N",-0.0038,"milligramsPerLiter",3.2,,0,,"OK"
"6b454a6b-d9dc-4974-941f-324a814b37d3","D13","WLOU","WLOU.AOS.groundwater.well.002","WLOU.W2.20190813.FIL","A00000091855","2019-08-13T14:37Z","2019-08-13T14:37Z","EcoCore_CSU","NO3+NO2 - N",0.0088,"milligramsPerLiter",3.2,,0,,"OK"
"6b23496b-8c64-48c6-aed5-f1b379ca0d08","D13","WLOU","WLOU.AOS.groundwater.well.002","WLOU.W2.20190813.RAW","A00000091837","2019-08-13T14:37Z","2019-08-13T14:37Z","EcoCore_CSU","TP",0.0400,"milligramsPerLiter",3.2,,0,,"OK"
"0be632aa-5a91-4fde-b562-5610d37832b4","D13","WLOU","WLOU.AOS.groundwater.well.002","WLOU.W2.20190813.FIL","A00000091855","2019-08-13T14:37Z","2019-08-13T14:37Z","EcoCore_CSU","Na",0.6000,"milligramsPerLiter",3.2,,0,,"OK"
"0482fb6a-5bce-4e67-96d1-c6e7c1c40d3c","D13","WLOU","WLOU.AOS.groundwater.well.002","WLOU.W2.20190813.FIL","A00000091855","2019-08-13T14:37Z","2019-08-13T14:37Z","EcoCore_CSU","CO3",0.0050,"milligramsPerLiter",3.2,,0,,"OK"
"d40b180b-db39-4077-ad7d-712475075b00","D13","WLOU","WLOU.AOS.groundwater.well.002","WLOU.W2.20190813.FIL","A00000091855","2019-08-13T14:37Z","2019-08-13T14:37Z","EcoCore_CSU","UV Absorbance (280 nm)",0.0945,,3.2,,0,,"OK"
"ddfb371a-9c19-4ae7-b713-b9907a5ffe7b","D13","WLOU","WLOU.AOS.groundwater.well.002","WLOU.W2.20190813.FIL","A00000091855","2019-08-13T14:37Z","2019-08-13T14:37Z","EcoCore_CSU","K",0.8270,"milligramsPerLiter",3.2,,0,,"OK"
"e71918ad-9703-4d57-a687-4255c37bac49","D13","WLOU","WLOU.AOS.groundwater.well.002","WLOU.W2.20190813.FIL","A00000091855","2019-08-13T14:37Z","2019-08-13T14:37Z","EcoCore_CSU","SO4",1.9000,"milligramsPerLiter",3.2,,0,,"OK"
"57864634-73af-484d-924d-5f5ed17eeabb","D13","WLOU","WLOU.AOS.groundwater.well.002","WLOU.W2.20190813.PCN","A00000091769","2019-08-13T14:37Z","2019-08-13T14:37Z","EcoCore_CSU","TPN",0.1251,"milligram",3.2,,0,,"OK"
"0e0b31bd-a35a-4cd2-830e-3b68a9d9c4fa","D13","WLOU","WLOU.AOS.groundwater.well.002","WLOU.W2.20190813.PCN","A00000091769","2019-08-13T14:37Z","2019-08-13T14:37Z","EcoCore_CSU","TPC",0.3157,"milligram",3.2,,0,,"OK"
"8eaee5a9-ab63-49e0-8890-f7d7434a71ab","D13","WLOU","WLOU.AOS.groundwater.well.002","WLOU.W2.20190813.FIL","A00000091855","2019-08-13T14:37Z","2019-08-13T14:37Z","EcoCore_CSU","Ortho - P",0.0300,"milligramsPerLiter",3.2,,0,,"OK"
"aef6d308-0252-4952-932f-5e0af066fb0c","D13","WLOU","WLOU.AOS.groundwater.well.005","WLOU.W5.20190813.FIL","A00000091822","2019-08-13T15:30Z","2019-08-13T15:30Z","EcoCore_CSU","SO4",1.9400,"milligramsPerLiter",3.2,,0,,"OK"
"3cacfd5b-3ab5-4f55-86b6-cd500fce4e52","D13","WLOU","WLOU.AOS.groundwater.well.005","WLOU.W5.20190813.FIL","A00000091822","2019-08-13T15:30Z","2019-08-13T15:30Z","EcoCore_CSU","NO2 - N",-0.0041,"milligramsPerLiter",3.2,,0,,"OK"
"2567417e-cf02-4edf-b0f7-924a4ddd1304","D13","WLOU","WLOU.AOS.groundwater.well.005","WLOU.W5.20190813.PCN","A00000091771","2019-08-13T15:30Z","2019-08-13T15:30Z","EcoCore_CSU","TPC",0.3567,"milligram",3.2,,0,,"OK"
"a9edc37d-8f7d-4cbf-8f40-62d596e3ca71","D13","WLOU","WLOU.AOS.groundwater.well.005","WLOU.W5.20190813.FIL","A00000091822","2019-08-13T15:30Z","2019-08-13T15:30Z","EcoCore_CSU","NH4 - N",0.0006,"milligramsPerLiter",3.2,,0,,"OK"
"4434278a-beb0-4870-9fb2-27faaef6906a","D13","WLOU","WLOU.AOS.groundwater.well.005","WLOU.W5.20190813.FIL","A00000091822","2019-08-13T15:30Z","2019-08-13T15:30Z","EcoCore_CSU","TDN",0.0656,"milligramsPerLiter",3.2,,0,,"OK"
"8e16be6a-fffa-4178-90df-db225422ce5e","D13","WLOU","WLOU.AOS.groundwater.well.005","WLOU.W5.20190813.FIL","A00000091822","2019-08-13T15:30Z","2019-08-13T15:30Z","EcoCore_CSU","DOC",1.4120,"milligramsPerLiter",3.2,,0,,"OK"
"82878180-f152-420e-966d-95fba744d8ab","D13","WLOU","WLOU.AOS.groundwater.well.005","WLOU.W5.20190813.FIL","A00000091822","2019-08-13T15:30Z","2019-08-13T15:30Z","EcoCore_CSU","Fe",0.0120,"milligramsPerLiter",3.2,,0,,"OK"
"a376c142-35ea-4325-a2c0-6fe37ff53d3b","D13","WLOU","WLOU.AOS.groundwater.well.005","WLOU.W5.20190813.FIL","A00000091822","2019-08-13T15:30Z","2019-08-13T15:30Z","EcoCore_CSU","HCO3",49.7200,"milligramsPerLiter",3.2,,0,,"OK"
"90354478-7f1c-4742-8e67-c7f10b7ab2ce","D13","WLOU","WLOU.AOS.groundwater.well.005","WLOU.W5.20190813.FIL","A00000091822","2019-08-13T15:30Z","2019-08-13T15:30Z","EcoCore_CSU","Mg",2.0870,"milligramsPerLiter",3.2,,0,,"OK"
"1c05a805-6d0c-4016-beff-b7a84d9d514a","D13","WLOU","WLOU.AOS.groundwater.well.005","WLOU.W5.20190813.FIL","A00000091822","2019-08-13T15:30Z","2019-08-13T15:30Z","EcoCore_CSU","F",0.0050,"milligramsPerLiter",3.2,,0,,"OK"
"f28fb98d-0421-4bd2-b9d6-34502434b99a","D13","WLOU","WLOU.AOS.groundwater.well.005","WLOU.W5.20190813.FIL","A00000091822","2019-08-13T15:30Z","2019-08-13T15:30Z","EcoCore_CSU","UV Absorbance (250 nm)",0.0352,,3.2,,0,,"OK"
"f95d055e-7e15-4466-b9f4-5ac99727af7c","D13","WLOU","WLOU.AOS.groundwater.well.005","WLOU.W5.20190813.RAW","A00000091820","2019-08-13T15:30Z","2019-08-13T15:30Z","EcoCore_CSU","TOC",1.3690,"milligramsPerLiter",3.2,,0,,"OK"
"5a738c09-7a77-4dcb-895e-96e464b9793b","D13","WLOU","WLOU.AOS.groundwater.well.005","WLOU.W5.20190813.RAW","A00000091820","2019-08-13T15:30Z","2019-08-13T15:30Z","EcoCore_CSU","pH",6.7000,"pH",3.2,,0,,"OK"
"d2a1d6e3-3c64-44cb-a2a5-ebee9a4eda99","D13","WLOU","WLOU.AOS.groundwater.well.005","WLOU.W5.20190813.FIL","A00000091822","2019-08-13T15:30Z","2019-08-13T15:30Z","EcoCore_CSU","Ca",12.6060,"milligramsPerLiter",3.2,,0,,"OK"
"a46de77f-d0b7-40e0-9659-6d5875b735b0","D13","WLOU","WLOU.AOS.groundwater.well.005","WLOU.W5.20190813.RAW","A00000091820","2019-08-13T15:30Z","2019-08-13T15:30Z","EcoCore_CSU","TN",0.0259,"milligramsPerLiter",3.2,,0,,"OK"
"23837750-b930-4c82-8be1-29702055f299","D13","WLOU","WLOU.AOS.groundwater.well.005","WLOU.W5.20190813.FIL","A00000091822","2019-08-13T15:30Z","2019-08-13T15:30Z","EcoCore_CSU","Si",6.6500,"milligramsPerLiter",3.2,,0,,"OK"
"5ee5cc1d-67f3-4245-8f7a-f65652a9aa9a","D13","WLOU","WLOU.AOS.groundwater.well.005","WLOU.W5.20190813.FIL","A00000091822","2019-08-13T15:30Z","2019-08-13T15:30Z","EcoCore_CSU","CO3",0.0050,"milligramsPerLiter",3.2,,0,,"OK"
"bd170bc3-8a4f-43b5-9df1-5592833b5bac","D13","WLOU","WLOU.AOS.groundwater.well.005","WLOU.W5.20190813.FIL","A00000091822","2019-08-13T15:30Z","2019-08-13T15:30Z","EcoCore_CSU","TDP",0.0090,"milligramsPerLiter",3.2,,0,,"OK"
"de3a81ab-79c6-418a-8a43-063eddfaf7e1","D13","WLOU","WLOU.AOS.groundwater.well.005","WLOU.W5.20190813.FIL","A00000091822","2019-08-13T15:30Z","2019-08-13T15:30Z","EcoCore_CSU","UV Absorbance (280 nm)",0.0262,,3.2,,0,,"OK"
"bddf4867-76c0-48d2-8039-ad88dd341429","D13","WLOU","WLOU.AOS.groundwater.well.005","WLOU.W5.20190813.FIL","A00000091822","2019-08-13T15:30Z","2019-08-13T15:30Z","EcoCore_CSU","Na",0.5590,"milligramsPerLiter",3.2,,0,,"OK"
"0b65a091-82e3-43b2-a8fb-07a273551ba9","D13","WLOU","WLOU.AOS.groundwater.well.005","WLOU.W5.20190813.RAW","A00000091820","2019-08-13T15:30Z","2019-08-13T15:30Z","EcoCore_CSU","conductivity",90.9800,"microsiemensPerCentimeter",3.2,,0,,"OK"
"1c470d33-8bfa-4188-9c06-4945fd882f32","D13","WLOU","WLOU.AOS.groundwater.well.005","WLOU.W5.20190813.FIL","A00000091822","2019-08-13T15:30Z","2019-08-13T15:30Z","EcoCore_CSU","TDS",64.3000,"milligramsPerLiter",3.2,,0,,"OK"
"9459b1a5-f165-4b34-b0d4-816bc2916808","D13","WLOU","WLOU.AOS.groundwater.well.005","WLOU.W5.20190813.FIL","A00000091822","2019-08-13T15:30Z","2019-08-13T15:30Z","EcoCore_CSU","K",0.9400,"milligramsPerLiter",3.2,,0,,"OK"
"4ccbb81d-f2e0-4d00-a408-7c3f1a4fed2d","D13","WLOU","WLOU.AOS.groundwater.well.005","WLOU.W5.20190813.FIL","A00000091822","2019-08-13T15:30Z","2019-08-13T15:30Z","EcoCore_CSU","DIC",17.3400,"milligramsPerLiter",3.2,,0,,"OK"
"59f7b7c8-1e60-431b-acb4-31a0002abccf","D13","WLOU","WLOU.AOS.groundwater.well.005","WLOU.W5.20190813.FIL","A00000091822","2019-08-13T15:30Z","2019-08-13T15:30Z","EcoCore_CSU","Mn",0.0010,"milligramsPerLiter",3.2,,0,,"OK"
"987f764c-8336-4c5f-b848-5505cae35f5c","D13","WLOU","WLOU.AOS.groundwater.well.005","WLOU.W5.20190813.RAW","A00000091820","2019-08-13T15:30Z","2019-08-13T15:30Z","EcoCore_CSU","TSS - Dry Mass",2700.0000,"microgram",3.2,,0,,"OK"
"48fde42c-6178-4e73-966d-df8f74bed7a6","D13","WLOU","WLOU.AOS.groundwater.well.005","WLOU.W5.20190813.RAW","A00000091820","2019-08-13T15:30Z","2019-08-13T15:30Z","EcoCore_CSU","TP",0.2850,"milligramsPerLiter",3.2,,0,,"OK"
"d0883596-bd77-49d9-b05b-db940cf23c4b","D13","WLOU","WLOU.AOS.groundwater.well.005","WLOU.W5.20190813.FIL","A00000091822","2019-08-13T15:30Z","2019-08-13T15:30Z","EcoCore_CSU","NO3+NO2 - N",0.0060,"milligramsPerLiter",3.2,,0,,"OK"
"222d815e-0aba-499c-bf17-67ba450fb90a","D13","WLOU","WLOU.AOS.groundwater.well.005","WLOU.W5.20190813.RAW","A00000091820","2019-08-13T15:30Z","2019-08-13T15:30Z","EcoCore_CSU","TSS",54.0000,"milligramsPerLiter",3.2,,0,,"OK"
"1a6f77d8-9275-4ff5-8d54-22274d7dd7b2","D13","WLOU","WLOU.AOS.groundwater.well.005","WLOU.W5.20190813.FIL","A00000091822","2019-08-13T15:30Z","2019-08-13T15:30Z","EcoCore_CSU","Cl",1.7600,"milligramsPerLiter",3.2,,0,,"OK"
"30314b70-2a82-4410-a016-0d005cf7d81c","D13","WLOU","WLOU.AOS.groundwater.well.005","WLOU.W5.20190813.FIL","A00000091822","2019-08-13T15:30Z","2019-08-13T15:30Z","EcoCore_CSU","Ortho - P",0.0440,"milligramsPerLiter",3.2,,0,,"OK"
"3fd32a15-5018-4fd9-b6c2-36a8ef19795e","D13","WLOU","WLOU.AOS.groundwater.well.005","WLOU.W5.20190813.RAW","A00000091820","2019-08-13T15:30Z","2019-08-13T15:30Z","EcoCore_CSU","ANC",0.9300,"milliequivalentsPerLiter",3.2,,0,,"OK"
"fdc3b400-83a5-4cb5-a42f-e42d549843e8","D13","WLOU","WLOU.AOS.groundwater.well.005","WLOU.W5.20190813.FIL","A00000091822","2019-08-13T15:30Z","2019-08-13T15:30Z","EcoCore_CSU","Br",0.0050,"milligramsPerLiter",3.2,,0,,"OK"
"e554d154-08b2-4043-ac0c-33b2c43fbd78","D13","WLOU","WLOU.AOS.groundwater.well.005","WLOU.W5.20190813.PCN","A00000091771","2019-08-13T15:30Z","2019-08-13T15:30Z","EcoCore_CSU","TPN",0.1408,"milligram",3.2,,0,,"OK"
"05aa5228-7f6d-4d03-9042-5b95a95a41e8","D13","WLOU","WLOU.AOS.groundwater.well.008","WLOU.W8.20190813.FIL","A00000091839","2019-08-13T16:38Z","2019-08-13T16:38Z","EcoCore_CSU","SO4",3.4100,"milligramsPerLiter",3.2,,0,,"OK"
"714c11dc-fead-4065-b848-1e9fbc46b84e","D13","WLOU","WLOU.AOS.groundwater.well.008","WLOU.W8.20190813.FIL","A00000091839","2019-08-13T16:38Z","2019-08-13T16:38Z","EcoCore_CSU","TDN",0.0683,"milligramsPerLiter",3.2,,0,,"OK"
"845e81a7-b470-435c-be4d-cde537feb218","D13","WLOU","WLOU.AOS.groundwater.well.008","WLOU.W8.20190813.PCN","A00000091848","2019-08-13T16:38Z","2019-08-13T16:38Z","EcoCore_CSU","TPC",0.3086,"milligram",3.2,,0,,"OK"
"73fcdaa3-7354-48dc-9c75-9c64d2638a5f","D13","WLOU","WLOU.AOS.groundwater.well.008","WLOU.W8.20190813.FIL","A00000091839","2019-08-13T16:38Z","2019-08-13T16:38Z","EcoCore_CSU","NH4 - N",0.0159,"milligramsPerLiter",3.2,,0,,"OK"
"7ecfe5ff-bda4-407c-8034-c21efca0f537","D13","WLOU","WLOU.AOS.groundwater.well.008","WLOU.W8.20190813.FIL","A00000091839","2019-08-13T16:38Z","2019-08-13T16:38Z","EcoCore_CSU","Mn",0.0010,"milligramsPerLiter",3.2,,0,,"OK"
"0f734e22-f3c4-4333-914d-1970d692f238","D13","WLOU","WLOU.AOS.groundwater.well.008","WLOU.W8.20190813.FIL","A00000091839","2019-08-13T16:38Z","2019-08-13T16:38Z","EcoCore_CSU","Fe",0.0050,"milligramsPerLiter",3.2,,0,,"OK"
"8635e23c-9bb2-4f2a-989c-a986b21865c6","D13","WLOU","WLOU.AOS.groundwater.well.008","WLOU.W8.20190813.FIL","A00000091839","2019-08-13T16:38Z","2019-08-13T16:38Z","EcoCore_CSU","NO3+NO2 - N",0.0100,"milligramsPerLiter",3.2,,0,,"OK"
"e3acb7f0-ba8d-4054-ae96-b79e2088c53b","D13","WLOU","WLOU.AOS.groundwater.well.008","WLOU.W8.20190813.FIL","A00000091839","2019-08-13T16:38Z","2019-08-13T16:38Z","EcoCore_CSU","Mg",6.5300,"milligramsPerLiter",3.2,,0,,"OK"
"96793c03-c593-4d73-b3f7-85915f073c31","D13","WLOU","WLOU.AOS.groundwater.well.008","WLOU.W8.20190813.RAW","A00000091821","2019-08-13T16:38Z","2019-08-13T16:38Z","EcoCore_CSU","TSS",2.0000,"milligramsPerLiter",3.2,,0,,"OK"
"03a69fbf-ec58-4eb4-98cb-e768a9283cab","D13","WLOU","WLOU.AOS.groundwater.well.008","WLOU.W8.20190813.FIL","A00000091839","2019-08-13T16:38Z","2019-08-13T16:38Z","EcoCore_CSU","CO3",0.0050,"milligramsPerLiter",3.2,,0,,"OK"
"64c9d1ef-e292-49da-aeed-c1efde277d7e","D13","WLOU","WLOU.AOS.groundwater.well.008","WLOU.W8.20190813.FIL","A00000091839","2019-08-13T16:38Z","2019-08-13T16:38Z","EcoCore_CSU","TDS",115.9000,"milligramsPerLiter",3.2,,0,,"OK"
"91b0ab86-fe97-4776-8c34-83157a8a8845","D13","WLOU","WLOU.AOS.groundwater.well.008","WLOU.W8.20190813.FIL","A00000091839","2019-08-13T16:38Z","2019-08-13T16:38Z","EcoCore_CSU","K",1.5800,"milligramsPerLiter",3.2,,0,,"OK"
"0efc0c18-1a32-451c-8fa8-c819f17c5719","D13","WLOU","WLOU.AOS.groundwater.well.008","WLOU.W8.20190813.RAW","A00000091821","2019-08-13T16:38Z","2019-08-13T16:38Z","EcoCore_CSU","TSS - Dry Mass",100.0000,"microgram",3.2,,0,,"OK"
"8cffe34d-7d20-4161-8574-75355039eaa4","D13","WLOU","WLOU.AOS.groundwater.well.008","WLOU.W8.20190813.FIL","A00000091839","2019-08-13T16:38Z","2019-08-13T16:38Z","EcoCore_CSU","NO2 - N",-0.0044,"milligramsPerLiter",3.2,,0,,"OK"
"a0cd2a2c-83d3-4f41-8803-463913d8a0bf","D13","WLOU","WLOU.AOS.groundwater.well.008","WLOU.W8.20190813.RAW","A00000091821","2019-08-13T16:38Z","2019-08-13T16:38Z","EcoCore_CSU","TP",0.0560,"milligramsPerLiter",3.2,,0,,"OK"
"bb84c3d5-8300-4d18-8acb-93178029ecc8","D13","WLOU","WLOU.AOS.groundwater.well.008","WLOU.W8.20190813.RAW","A00000091821","2019-08-13T16:38Z","2019-08-13T16:38Z","EcoCore_CSU","pH",7.3100,"pH",3.2,,0,,"OK"
"f57fb4d8-1e8f-4fa1-bc63-d82eb1af31d5","D13","WLOU","WLOU.AOS.groundwater.well.008","WLOU.W8.20190813.FIL","A00000091839","2019-08-13T16:38Z","2019-08-13T16:38Z","EcoCore_CSU","Cl",6.0400,"milligramsPerLiter",3.2,,0,,"OK"
"52691a81-a251-466e-8c72-b903d477e4a6","D13","WLOU","WLOU.AOS.groundwater.well.008","WLOU.W8.20190813.FIL","A00000091839","2019-08-13T16:38Z","2019-08-13T16:38Z","EcoCore_CSU","Si",6.1000,"milligramsPerLiter",3.2,,0,,"OK"
"82281398-ebf5-49f4-a594-5a7834a4cfbc","D13","WLOU","WLOU.AOS.groundwater.well.008","WLOU.W8.20190813.FIL","A00000091839","2019-08-13T16:38Z","2019-08-13T16:38Z","EcoCore_CSU","DOC",1.9710,"milligramsPerLiter",3.2,,0,,"OK"
"27feb62c-ebad-4377-91f4-4a39f24048fe","D13","WLOU","WLOU.AOS.groundwater.well.008","WLOU.W8.20190813.FIL","A00000091839","2019-08-13T16:38Z","2019-08-13T16:38Z","EcoCore_CSU","Br",0.0050,"milligramsPerLiter",3.2,,0,,"OK"
"b4b64671-d970-41b8-bb44-9b521eab4f2a","D13","WLOU","WLOU.AOS.groundwater.well.008","WLOU.W8.20190813.FIL","A00000091839","2019-08-13T16:38Z","2019-08-13T16:38Z","EcoCore_CSU","UV Absorbance (250 nm)",0.0434,,3.2,,0,,"OK"
"f83f3095-5e1b-4830-a286-7f96a7783bbe","D13","WLOU","WLOU.AOS.groundwater.well.008","WLOU.W8.20190813.RAW","A00000091821","2019-08-13T16:38Z","2019-08-13T16:38Z","EcoCore_CSU","TN",0.0365,"milligramsPerLiter",3.2,,0,,"OK"
"b368a93e-c522-4928-aa6e-043b0b7b2e84","D13","WLOU","WLOU.AOS.groundwater.well.008","WLOU.W8.20190813.FIL","A00000091839","2019-08-13T16:38Z","2019-08-13T16:38Z","EcoCore_CSU","Ortho - P",-0.0040,"milligramsPerLiter",3.2,,0,,"OK"
"af266e0a-3034-465a-8792-e33fd6a25200","D13","WLOU","WLOU.AOS.groundwater.well.008","WLOU.W8.20190813.RAW","A00000091821","2019-08-13T16:38Z","2019-08-13T16:38Z","EcoCore_CSU","ANC",1.5600,"milliequivalentsPerLiter",3.2,,0,,"OK"
"31c4f3f2-3541-4aad-b056-f317f0a5fc4a","D13","WLOU","WLOU.AOS.groundwater.well.008","WLOU.W8.20190813.RAW","A00000091821","2019-08-13T16:38Z","2019-08-13T16:38Z","EcoCore_CSU","TOC",1.8600,"milligramsPerLiter",3.2,,0,,"OK"
"f264dd11-05b9-4895-a627-a6464c1a98ad","D13","WLOU","WLOU.AOS.groundwater.well.008","WLOU.W8.20190813.RAW","A00000091821","2019-08-13T16:38Z","2019-08-13T16:38Z","EcoCore_CSU","conductivity",166.4000,"microsiemensPerCentimeter",3.2,,0,,"OK"
"a9eea4b6-7c15-49db-9ac7-f2b51242effa","D13","WLOU","WLOU.AOS.groundwater.well.008","WLOU.W8.20190813.FIL","A00000091839","2019-08-13T16:38Z","2019-08-13T16:38Z","EcoCore_CSU","TDP",0.0050,"milligramsPerLiter",3.2,,0,,"OK"
"879aecae-ad8d-4f6a-b412-79420a1a4d29","D13","WLOU","WLOU.AOS.groundwater.well.008","WLOU.W8.20190813.FIL","A00000091839","2019-08-13T16:38Z","2019-08-13T16:38Z","EcoCore_CSU","Na",0.9160,"milligramsPerLiter",3.2,,0,,"OK"
"e8261839-7151-430c-bb19-f7a5ab586dea","D13","WLOU","WLOU.AOS.groundwater.well.008","WLOU.W8.20190813.FIL","A00000091839","2019-08-13T16:38Z","2019-08-13T16:38Z","EcoCore_CSU","Ca",20.1060,"milligramsPerLiter",3.2,,0,,"OK"
"e1b3e1e1-44a1-4795-b2f5-64f1b312b021","D13","WLOU","WLOU.AOS.groundwater.well.008","WLOU.W8.20190813.FIL","A00000091839","2019-08-13T16:38Z","2019-08-13T16:38Z","EcoCore_CSU","F",0.7800,"milligramsPerLiter",3.2,,0,,"OK"
"1e523cd3-2740-4e65-b76b-4234e46c8e96","D13","WLOU","WLOU.AOS.groundwater.well.008","WLOU.W8.20190813.FIL","A00000091839","2019-08-13T16:38Z","2019-08-13T16:38Z","EcoCore_CSU","UV Absorbance (280 nm)",0.0277,,3.2,,0,,"OK"
"63cff08d-8f38-4e77-93cb-7c97f9b503d4","D13","WLOU","WLOU.AOS.groundwater.well.008","WLOU.W8.20190813.FIL","A00000091839","2019-08-13T16:38Z","2019-08-13T16:38Z","EcoCore_CSU","HCO3",82.3900,"milligramsPerLiter",3.2,,0,,"OK"
"9e5f717b-10bb-4b11-bc6a-186050b425ff","D13","WLOU","WLOU.AOS.groundwater.well.008","WLOU.W8.20190813.FIL","A00000091839","2019-08-13T16:38Z","2019-08-13T16:38Z","EcoCore_CSU","DIC",23.7100,"milligramsPerLiter",3.2,,0,,"OK"
"0c14f987-6873-4069-8f21-47fbddd0f459","D13","WLOU","WLOU.AOS.groundwater.well.008","WLOU.W8.20190813.PCN","A00000091848","2019-08-13T16:38Z","2019-08-13T16:38Z","EcoCore_CSU","TPN",0.1440,"milligram",3.2,,0,,"OK"
