uid,domainID,siteID,namedLocation,collectDate,titrationDate,parentSampleID,domainSampleID,remarks,measuredBy,alkMeqPerL,alkMgPerL,ancMeqPerL,ancMgPerL
"aa31a3c4-a828-409d-b40f-f57038e33469","D02","LEWI","LEWI.AOS.groundwater.well.002","2018-08-22T14:10Z","2018-08-22T19:55Z","LEWI.W2.20180822","LEWI.W2.20180822.ALK",,"kgeiger@battelleecology.org",,,,
"c6e2e1e6-fc90-4b93-adf1-5d533e7f4d60","D02","LEWI","LEWI.AOS.groundwater.well.006","2018-08-22T15:23Z","2018-08-22T20:13Z","LEWI.W6.20180822","LEWI.W6.20180822.ALK",,"kgeiger@battelleecology.org",,,,
"504ce176-d114-472b-8662-7bbe6fc39982","D02","LEWI","LEWI.AOS.groundwater.well.001","2018-08-22T16:50Z","2018-08-23T12:45Z","LEWI.W1.20180822","LEWI.W1.20180822.ALK",,"kgeiger@battelleecology.org",6.800,340.000,,
"a7c30250-0f71-4b11-b798-de5e3ea9ec9d","D02","LEWI","LEWI.AOS.groundwater.well.008","2018-08-22T17:54Z","2018-08-23T13:06Z","LEWI.W8.20180822","LEWI.W8.20180822.ALK",,"kgeiger@battelleecology.org",6.410,321.000,,
