uid,domainID,siteID,namedLocation,sampleID,sampleCode,startDate,collectDate,laboratoryName,analyte,analyteConcentration,analyteUnits,coolerTemp,remarks,shipmentWarmQF,externalLabDataQF,sampleCondition
"98b0f9d8-9847-486a-a9a0-0892f36db688","D02","LEWI","LEWI.AOS.groundwater.well.002","LEWI.W2.20180822.FIL","A00000035582","2018-08-22T14:10Z","2018-08-22T14:10Z","EcoCore_CSU","NO3+NO2 - N",0.2480,"milligramsPerLiter",6.7,,1,"formatChange","GOOD"
"013a3576-7dc4-4f0a-96eb-f1e381e69dda","D02","LEWI","LEWI.AOS.groundwater.well.002","LEWI.W2.20180822.FIL","A00000035582","2018-08-22T14:10Z","2018-08-22T14:10Z","EcoCore_CSU","TDS",252.3300,"milligramsPerLiter",6.7,,1,"formatChange","GOOD"
"a29abf71-a2d1-4b60-a9fd-5cf612e2075e","D02","LEWI","LEWI.AOS.groundwater.well.002","LEWI.W2.20180822.RAW","A00000035583","2018-08-22T14:10Z","2018-08-22T14:10Z","EcoCore_CSU","TP",0.0706,"milligramsPerLiter",6.7,,1,"formatChange","GOOD"
"d1a96f50-c4ab-4c03-86b6-f3d028039337","D02","LEWI","LEWI.AOS.groundwater.well.002","LEWI.W2.20180822.PCN","A00000035580","2018-08-22T14:10Z","2018-08-22T14:10Z","EcoCore_CSU","TPN",0.0904,"milligram",6.7,,1,"formatChange","GOOD"
"24149e7f-a2d2-4a21-aa64-cb02526a745b","D02","LEWI","LEWI.AOS.groundwater.well.002","LEWI.W2.20180822.RAW","A00000035583","2018-08-22T14:10Z","2018-08-22T14:10Z","EcoCore_CSU","TN",0.3747,"milligramsPerLiter",6.7,,1,"formatChange","GOOD"
"be1e4ca3-5a5d-4bfc-9e86-dfa378e8ed7d","D02","LEWI","LEWI.AOS.groundwater.well.002","LEWI.W2.20180822.FIL","A00000035582","2018-08-22T14:10Z","2018-08-22T14:10Z","EcoCore_CSU","Ortho - P",0.0120,"milligramsPerLiter",6.7,,1,"formatChange","GOOD"
"75dd15a9-caee-4ef6-a518-54cece4166af","D02","LEWI","LEWI.AOS.groundwater.well.002","LEWI.W2.20180822.RAW","A00000035583","2018-08-22T14:10Z","2018-08-22T14:10Z","EcoCore_CSU","pH",7.5000,"pH",6.7,,1,"formatChange","GOOD"
"f8e515bf-06bb-4228-877c-51a41a6027fd","D02","LEWI","LEWI.AOS.groundwater.well.002","LEWI.W2.20180822.FIL","A00000035582","2018-08-22T14:10Z","2018-08-22T14:10Z","EcoCore_CSU","TDP",0.0029,"milligramsPerLiter",6.7,,1,"formatChange","GOOD"
"1dccd6e6-aafc-4c4d-81e6-00d43252ddad","D02","LEWI","LEWI.AOS.groundwater.well.002","LEWI.W2.20180822.FIL","A00000035582","2018-08-22T14:10Z","2018-08-22T14:10Z","EcoCore_CSU","Mn",0.0005,"milligramsPerLiter",6.7,,1,"formatChange","GOOD"
"18ed023c-5eba-4503-900b-3b7c1998f9fc","D02","LEWI","LEWI.AOS.groundwater.well.002","LEWI.W2.20180822.RAW","A00000035583","2018-08-22T14:10Z","2018-08-22T14:10Z","EcoCore_CSU","TSS",76.0000,"milligramsPerLiter",6.7,,1,"formatChange","GOOD"
"7f109dff-feae-4b08-9aed-72af3b6ecf34","D02","LEWI","LEWI.AOS.groundwater.well.002","LEWI.W2.20180822.FIL","A00000035582","2018-08-22T14:10Z","2018-08-22T14:10Z","EcoCore_CSU","NO2 - N",0.0194,"milligramsPerLiter",6.7,,1,"formatChange","GOOD"
"97b1542d-7938-4417-9432-dca8d37b421b","D02","LEWI","LEWI.AOS.groundwater.well.002","LEWI.W2.20180822.FIL","A00000035582","2018-08-22T14:10Z","2018-08-22T14:10Z","EcoCore_CSU","SO4",13.6200,"milligramsPerLiter",6.7,,1,"formatChange","GOOD"
"47ed6860-dd52-48df-98b4-94082189b68f","D02","LEWI","LEWI.AOS.groundwater.well.002","LEWI.W2.20180822.FIL","A00000035582","2018-08-22T14:10Z","2018-08-22T14:10Z","EcoCore_CSU","DOC",1.2160,"milligramsPerLiter",6.7,,1,"formatChange","GOOD"
"fd9cdfe9-5236-4ec8-93bc-3e0beda08d37","D02","LEWI","LEWI.AOS.groundwater.well.002","LEWI.W2.20180822.FIL","A00000035582","2018-08-22T14:10Z","2018-08-22T14:10Z","EcoCore_CSU","Ca",37.5303,"milligramsPerLiter",6.7,,1,"formatChange","GOOD"
"e1954524-e3d4-40e1-8e5e-122fcc29a849","D02","LEWI","LEWI.AOS.groundwater.well.002","LEWI.W2.20180822.RAW","A00000035583","2018-08-22T14:10Z","2018-08-22T14:10Z","EcoCore_CSU","conductivity",358.6200,"microsiemensPerCentimeter",6.7,,1,"formatChange","GOOD"
"e7b36b5b-ab9e-418f-ae97-a252389efc06","D02","LEWI","LEWI.AOS.groundwater.well.002","LEWI.W2.20180822.FIL","A00000035582","2018-08-22T14:10Z","2018-08-22T14:10Z","EcoCore_CSU","Mg",17.7500,"milligramsPerLiter",6.7,,1,"formatChange","GOOD"
"6b3a1694-f2d5-4a81-aac7-bdddf7623f62","D02","LEWI","LEWI.AOS.groundwater.well.002","LEWI.W2.20180822.RAW","A00000035583","2018-08-22T14:10Z","2018-08-22T14:10Z","EcoCore_CSU","ANC",3.2100,"milliequivalentsPerLiter",6.7,,1,"formatChange","GOOD"
"92f9c3ff-c2c6-444b-9c5e-98cd1574021a","D02","LEWI","LEWI.AOS.groundwater.well.002","LEWI.W2.20180822.FIL","A00000035582","2018-08-22T14:10Z","2018-08-22T14:10Z","EcoCore_CSU","Na",5.0600,"milligramsPerLiter",6.7,,1,"formatChange","GOOD"
"fa255d6f-c6a7-4557-bdb2-26976c175554","D02","LEWI","LEWI.AOS.groundwater.well.002","LEWI.W2.20180822.FIL","A00000035582","2018-08-22T14:10Z","2018-08-22T14:10Z","EcoCore_CSU","TDN",0.3270,"milligramsPerLiter",6.7,,1,"formatChange","GOOD"
"1f0ac420-9caf-4d4b-aa2e-754ca602d485","D02","LEWI","LEWI.AOS.groundwater.well.002","LEWI.W2.20180822.RAW","A00000035583","2018-08-22T14:10Z","2018-08-22T14:10Z","EcoCore_CSU","TOC",1.0620,"milligramsPerLiter",6.7,,1,"formatChange","GOOD"
"5c2953c2-550c-42c1-9ba2-a285ddede4ad","D02","LEWI","LEWI.AOS.groundwater.well.002","LEWI.W2.20180822.FIL","A00000035582","2018-08-22T14:10Z","2018-08-22T14:10Z","EcoCore_CSU","Fe",0.0005,"milligramsPerLiter",6.7,,1,"formatChange","GOOD"
"3f7dc691-7ef0-45f4-85c1-f21e6552bea8","D02","LEWI","LEWI.AOS.groundwater.well.002","LEWI.W2.20180822.FIL","A00000035582","2018-08-22T14:10Z","2018-08-22T14:10Z","EcoCore_CSU","Si",6.6460,"milligramsPerLiter",6.7,,1,"formatChange","GOOD"
"ad564415-92a4-432e-a8e1-6b7ddd7531cd","D02","LEWI","LEWI.AOS.groundwater.well.002","LEWI.W2.20180822.FIL","A00000035582","2018-08-22T14:10Z","2018-08-22T14:10Z","EcoCore_CSU","HCO3",185.4400,"milligramsPerLiter",6.7,,1,"formatChange","GOOD"
"f34ebe2f-b00e-438c-96e7-2996970f09a5","D02","LEWI","LEWI.AOS.groundwater.well.002","LEWI.W2.20180822.PCN","A00000035580","2018-08-22T14:10Z","2018-08-22T14:10Z","EcoCore_CSU","TPC",0.2950,"milligram",6.7,,1,"formatChange","GOOD"
"a1fa8858-1775-410b-9ad9-5c556ff1d897","D02","LEWI","LEWI.AOS.groundwater.well.002","LEWI.W2.20180822.FIL","A00000035582","2018-08-22T14:10Z","2018-08-22T14:10Z","EcoCore_CSU","NH4 - N",0.0129,"milligramsPerLiter",6.7,,1,"formatChange","GOOD"
"26cba6af-fb60-4170-bdca-a511b60439d0","D02","LEWI","LEWI.AOS.groundwater.well.002","LEWI.W2.20180822.FIL","A00000035582","2018-08-22T14:10Z","2018-08-22T14:10Z","EcoCore_CSU","CO3",0.0050,"milligramsPerLiter",6.7,,1,"formatChange","GOOD"
"32ae0942-f22e-4d0d-a83d-3cacf1219a66","D02","LEWI","LEWI.AOS.groundwater.well.002","LEWI.W2.20180822.FIL","A00000035582","2018-08-22T14:10Z","2018-08-22T14:10Z","EcoCore_CSU","DIC",99.3400,"milligramsPerLiter",6.7,,1,"formatChange","GOOD"
"338c8406-ff52-43aa-8a8e-8002c0c9cfcb","D02","LEWI","LEWI.AOS.groundwater.well.002","LEWI.W2.20180822.FIL","A00000035582","2018-08-22T14:10Z","2018-08-22T14:10Z","EcoCore_CSU","Br",0.0050,"milligramsPerLiter",6.7,,1,"formatChange","GOOD"
"b805e99f-6d0c-45de-a1ae-4f88bd31d8da","D02","LEWI","LEWI.AOS.groundwater.well.002","LEWI.W2.20180822.FIL","A00000035582","2018-08-22T14:10Z","2018-08-22T14:10Z","EcoCore_CSU","UV Absorbance (250 nm)",0.0122,,6.7,,1,"formatChange","GOOD"
"6c626de4-0c7e-4441-a063-7d28013fde37","D02","LEWI","LEWI.AOS.groundwater.well.002","LEWI.W2.20180822.FIL","A00000035582","2018-08-22T14:10Z","2018-08-22T14:10Z","EcoCore_CSU","Cl",9.4995,"milligramsPerLiter",6.7,,1,"formatChange","GOOD"
"ba0a504e-a690-427f-968e-90ae7538e17e","D02","LEWI","LEWI.AOS.groundwater.well.002","LEWI.W2.20180822.RAW","A00000035583","2018-08-22T14:10Z","2018-08-22T14:10Z","EcoCore_CSU","TSS - Dry Mass",3800.0000,"microgram",6.7,,1,"formatChange","GOOD"
"2593141d-43ca-4b3f-97c5-be46078d45be","D02","LEWI","LEWI.AOS.groundwater.well.002","LEWI.W2.20180822.FIL","A00000035582","2018-08-22T14:10Z","2018-08-22T14:10Z","EcoCore_CSU","K",0.0330,"milligramsPerLiter",6.7,,1,"formatChange","GOOD"
"07337de7-c7d5-477a-8bfe-fc150bf57f3a","D02","LEWI","LEWI.AOS.groundwater.well.002","LEWI.W2.20180822.FIL","A00000035582","2018-08-22T14:10Z","2018-08-22T14:10Z","EcoCore_CSU","F",0.0050,"milligramsPerLiter",6.7,,1,"formatChange","GOOD"
"4c0c8b03-d1df-4baf-96f6-ef611496d997","D02","LEWI","LEWI.AOS.groundwater.well.002","LEWI.W2.20180822.FIL","A00000035582","2018-08-22T14:10Z","2018-08-22T14:10Z","EcoCore_CSU","UV Absorbance (280 nm)",0.0051,,6.7,,1,"formatChange","GOOD"
"19f3bcaf-ca73-4114-813f-62f5783f16e0","D02","LEWI","LEWI.AOS.groundwater.well.006","LEWI.W6.20180822.RAW","A00000035586","2018-08-22T15:23Z","2018-08-22T15:23Z","EcoCore_CSU","conductivity",375.4800,"microsiemensPerCentimeter",6.7,,1,"formatChange","GOOD"
"28ae4f88-0e0e-4e3b-8910-a3da7baa4c23","D02","LEWI","LEWI.AOS.groundwater.well.006","LEWI.W6.20180822.FIL","A00000035585","2018-08-22T15:23Z","2018-08-22T15:23Z","EcoCore_CSU","UV Absorbance (280 nm)",0.0088,,6.7,,1,"formatChange","GOOD"
"9141da38-b9ce-4f7d-af6b-e465167815e9","D02","LEWI","LEWI.AOS.groundwater.well.006","LEWI.W6.20180822.FIL","A00000035585","2018-08-22T15:23Z","2018-08-22T15:23Z","EcoCore_CSU","NO3+NO2 - N",0.0361,"milligramsPerLiter",6.7,,1,"formatChange","GOOD"
"0a93996d-8b1c-4025-8318-f00d5d3be971","D02","LEWI","LEWI.AOS.groundwater.well.006","LEWI.W6.20180822.FIL","A00000035585","2018-08-22T15:23Z","2018-08-22T15:23Z","EcoCore_CSU","TDN",0.1571,"milligramsPerLiter",6.7,,1,"formatChange","GOOD"
"5e20e7f3-2593-4077-953b-bdf9838e0486","D02","LEWI","LEWI.AOS.groundwater.well.006","LEWI.W6.20180822.FIL","A00000035585","2018-08-22T15:23Z","2018-08-22T15:23Z","EcoCore_CSU","Fe",0.0005,"milligramsPerLiter",6.7,,1,"formatChange","GOOD"
"b86c0b30-a934-4ad4-90d6-65120415228b","D02","LEWI","LEWI.AOS.groundwater.well.006","LEWI.W6.20180822.FIL","A00000035585","2018-08-22T15:23Z","2018-08-22T15:23Z","EcoCore_CSU","SO4",17.9730,"milligramsPerLiter",6.7,,1,"formatChange","GOOD"
"71ed4791-3c74-4405-9dc0-f96c74a912d6","D02","LEWI","LEWI.AOS.groundwater.well.006","LEWI.W6.20180822.RAW","A00000035586","2018-08-22T15:23Z","2018-08-22T15:23Z","EcoCore_CSU","TOC",0.8086,"milligramsPerLiter",6.7,,1,"formatChange","GOOD"
"9ad5004c-2ca7-4cf4-87e6-db72cf79f5dc","D02","LEWI","LEWI.AOS.groundwater.well.006","LEWI.W6.20180822.FIL","A00000035585","2018-08-22T15:23Z","2018-08-22T15:23Z","EcoCore_CSU","UV Absorbance (250 nm)",0.0139,,6.7,,1,"formatChange","GOOD"
"97dca084-acce-4d83-a2f5-1c5c150d8e40","D02","LEWI","LEWI.AOS.groundwater.well.006","LEWI.W6.20180822.FIL","A00000035585","2018-08-22T15:23Z","2018-08-22T15:23Z","EcoCore_CSU","Br",0.0050,"milligramsPerLiter",6.7,,1,"formatChange","GOOD"
"5e52abc1-5816-47c6-a926-f49897875f35","D02","LEWI","LEWI.AOS.groundwater.well.006","LEWI.W6.20180822.FIL","A00000035585","2018-08-22T15:23Z","2018-08-22T15:23Z","EcoCore_CSU","TDS",263.4100,"milligramsPerLiter",6.7,,1,"formatChange","GOOD"
"1776ad05-063b-4241-9feb-2957827df5d2","D02","LEWI","LEWI.AOS.groundwater.well.006","LEWI.W6.20180822.FIL","A00000035585","2018-08-22T15:23Z","2018-08-22T15:23Z","EcoCore_CSU","Mg",31.1300,"milligramsPerLiter",6.7,,1,"formatChange","GOOD"
"29832060-9cd9-47a6-8949-840959351719","D02","LEWI","LEWI.AOS.groundwater.well.006","LEWI.W6.20180822.RAW","A00000035586","2018-08-22T15:23Z","2018-08-22T15:23Z","EcoCore_CSU","pH",7.2700,"pH",6.7,,1,"formatChange","GOOD"
"83c1bf2d-8c4d-46f4-a19d-332692e32322","D02","LEWI","LEWI.AOS.groundwater.well.006","LEWI.W6.20180822.FIL","A00000035585","2018-08-22T15:23Z","2018-08-22T15:23Z","EcoCore_CSU","Na",2.6100,"milligramsPerLiter",6.7,,1,"formatChange","GOOD"
"78bbb8cb-23e7-4800-a0f5-cb9605c22f1b","D02","LEWI","LEWI.AOS.groundwater.well.006","LEWI.W6.20180822.FIL","A00000035585","2018-08-22T15:23Z","2018-08-22T15:23Z","EcoCore_CSU","DOC",0.8754,"milligramsPerLiter",6.7,,1,"formatChange","GOOD"
"cd8ae0cc-fe5f-4d0f-8b4a-a8edfc340e0c","D02","LEWI","LEWI.AOS.groundwater.well.006","LEWI.W6.20180822.FIL","A00000035585","2018-08-22T15:23Z","2018-08-22T15:23Z","EcoCore_CSU","TDP",0.0065,"milligramsPerLiter",6.7,,1,"formatChange","GOOD"
"fc5d4650-c1ef-4cda-aa1c-1a7f6fc6f524","D02","LEWI","LEWI.AOS.groundwater.well.006","LEWI.W6.20180822.RAW","A00000035586","2018-08-22T15:23Z","2018-08-22T15:23Z","EcoCore_CSU","TSS - Dry Mass",900.0000,"microgram",6.7,,1,"formatChange","GOOD"
"d65a933d-795a-4111-b260-58400eb2bcf0","D02","LEWI","LEWI.AOS.groundwater.well.006","LEWI.W6.20180822.FIL","A00000035585","2018-08-22T15:23Z","2018-08-22T15:23Z","EcoCore_CSU","Si",7.2514,"milligramsPerLiter",6.7,,1,"formatChange","GOOD"
"f8f52515-a470-4e6c-abc4-29c8e997ea2b","D02","LEWI","LEWI.AOS.groundwater.well.006","LEWI.W6.20180822.FIL","A00000035585","2018-08-22T15:23Z","2018-08-22T15:23Z","EcoCore_CSU","Cl",6.2409,"milligramsPerLiter",6.7,,1,"formatChange","GOOD"
"9cadbb42-1cc5-403d-95c8-599993ca8041","D02","LEWI","LEWI.AOS.groundwater.well.006","LEWI.W6.20180822.FIL","A00000035585","2018-08-22T15:23Z","2018-08-22T15:23Z","EcoCore_CSU","Ca",20.7026,"milligramsPerLiter",6.7,,1,"formatChange","GOOD"
"dd9adb1c-d605-4786-9020-5ab19316b17b","D02","LEWI","LEWI.AOS.groundwater.well.006","LEWI.W6.20180822.RAW","A00000035586","2018-08-22T15:23Z","2018-08-22T15:23Z","EcoCore_CSU","TN",0.1476,"milligramsPerLiter",6.7,,1,"formatChange","GOOD"
"4df869ca-b7e4-40fb-a34e-d69710201b97","D02","LEWI","LEWI.AOS.groundwater.well.006","LEWI.W6.20180822.RAW","A00000035586","2018-08-22T15:23Z","2018-08-22T15:23Z","EcoCore_CSU","ANC",3.3900,"milliequivalentsPerLiter",6.7,,1,"formatChange","GOOD"
"a85db62f-d5d9-41e6-8587-e98c94c4dc2d","D02","LEWI","LEWI.AOS.groundwater.well.006","LEWI.W6.20180822.FIL","A00000035585","2018-08-22T15:23Z","2018-08-22T15:23Z","EcoCore_CSU","HCO3",195.6900,"milligramsPerLiter",6.7,,1,"formatChange","GOOD"
"1b16ff9e-cc27-4a85-a753-fa8021286da7","D02","LEWI","LEWI.AOS.groundwater.well.006","LEWI.W6.20180822.FIL","A00000035585","2018-08-22T15:23Z","2018-08-22T15:23Z","EcoCore_CSU","Mn",0.0005,"milligramsPerLiter",6.7,,1,"formatChange","GOOD"
"d1233dce-749b-4e87-a505-b843813c6d5d","D02","LEWI","LEWI.AOS.groundwater.well.006","LEWI.W6.20180822.FIL","A00000035585","2018-08-22T15:23Z","2018-08-22T15:23Z","EcoCore_CSU","K",0.0750,"milligramsPerLiter",6.7,,1,"formatChange","GOOD"
"4fe1c442-8c63-4144-99b3-b8c8f9fb2c41","D02","LEWI","LEWI.AOS.groundwater.well.006","LEWI.W6.20180822.FIL","A00000035585","2018-08-22T15:23Z","2018-08-22T15:23Z","EcoCore_CSU","NO2 - N",0.0192,"milligramsPerLiter",6.7,,1,"formatChange","GOOD"
"c57d36bc-7c27-4cfc-ab97-f4ca13f62c6f","D02","LEWI","LEWI.AOS.groundwater.well.006","LEWI.W6.20180822.PCN","A00000035589","2018-08-22T15:23Z","2018-08-22T15:23Z","EcoCore_CSU","TPC",0.3151,"milligram",6.7,,1,"formatChange","GOOD"
"75024e8a-4b8f-4b08-b6ea-1a709340d62e","D02","LEWI","LEWI.AOS.groundwater.well.006","LEWI.W6.20180822.FIL","A00000035585","2018-08-22T15:23Z","2018-08-22T15:23Z","EcoCore_CSU","DIC",95.0800,"milligramsPerLiter",6.7,,1,"formatChange","GOOD"
"494dfb9d-368c-4f2b-b143-ad3a401b8d76","D02","LEWI","LEWI.AOS.groundwater.well.006","LEWI.W6.20180822.PCN","A00000035589","2018-08-22T15:23Z","2018-08-22T15:23Z","EcoCore_CSU","TPN",0.0470,"milligram",6.7,,1,"formatChange","GOOD"
"1c53b884-3f5d-4ed2-86a6-6944e0cbc671","D02","LEWI","LEWI.AOS.groundwater.well.006","LEWI.W6.20180822.FIL","A00000035585","2018-08-22T15:23Z","2018-08-22T15:23Z","EcoCore_CSU","F",0.0050,"milligramsPerLiter",6.7,,1,"formatChange","GOOD"
"07f8a48c-8d0a-4fae-b497-bb173c4b8d97","D02","LEWI","LEWI.AOS.groundwater.well.006","LEWI.W6.20180822.RAW","A00000035586","2018-08-22T15:23Z","2018-08-22T15:23Z","EcoCore_CSU","TP",0.0393,"milligramsPerLiter",6.7,,1,"formatChange","GOOD"
"81be45a2-1bab-4fbe-b562-d13af9405f64","D02","LEWI","LEWI.AOS.groundwater.well.006","LEWI.W6.20180822.FIL","A00000035585","2018-08-22T15:23Z","2018-08-22T15:23Z","EcoCore_CSU","Ortho - P",0.0120,"milligramsPerLiter",6.7,,1,"formatChange","GOOD"
"e2c98da8-35af-4d27-bfee-2d52d819652b","D02","LEWI","LEWI.AOS.groundwater.well.006","LEWI.W6.20180822.FIL","A00000035585","2018-08-22T15:23Z","2018-08-22T15:23Z","EcoCore_CSU","CO3",0.0050,"milligramsPerLiter",6.7,,1,"formatChange","GOOD"
"5f8f0122-09dc-4cbc-96aa-5b07ce6d8ad1","D02","LEWI","LEWI.AOS.groundwater.well.006","LEWI.W6.20180822.RAW","A00000035586","2018-08-22T15:23Z","2018-08-22T15:23Z","EcoCore_CSU","TSS",18.0000,"milligramsPerLiter",6.7,,1,"formatChange","GOOD"
"7fc98c8b-a28f-4294-aa09-86b5816dd1df","D02","LEWI","LEWI.AOS.groundwater.well.006","LEWI.W6.20180822.FIL","A00000035585","2018-08-22T15:23Z","2018-08-22T15:23Z","EcoCore_CSU","NH4 - N",0.0567,"milligramsPerLiter",6.7,,1,"formatChange","GOOD"
"214af147-d3de-42f8-b1a2-88c1d9f67bdc","D02","LEWI","LEWI.AOS.groundwater.well.001","LEWI.W1.20180822.FIL","A00000035590","2018-08-22T16:50Z","2018-08-22T16:50Z","EcoCore_CSU","Na",,"milligramsPerLiter",6.7,"Unknown reason for no analyte concentration as a result of external lab data format change",1,"formatChange","Other"
"c4388d82-83fa-4f00-9c1e-a5a11fffb027","D02","LEWI","LEWI.AOS.groundwater.well.001","LEWI.W1.20180822.FIL","A00000035590","2018-08-22T16:50Z","2018-08-22T16:50Z","EcoCore_CSU","Mg",,"milligramsPerLiter",6.7,"Unknown reason for no analyte concentration as a result of external lab data format change",1,"formatChange","Other"
"87c097a1-0890-4482-b1f0-a60364edd63a","D02","LEWI","LEWI.AOS.groundwater.well.001","LEWI.W1.20180822.RAW","A00000035591","2018-08-22T16:50Z","2018-08-22T16:50Z","EcoCore_CSU","pH",7.4900,"pH",6.7,,1,"formatChange","GOOD"
"801ab059-538b-42bf-9df1-6d4ac566fbdf","D02","LEWI","LEWI.AOS.groundwater.well.001","LEWI.W1.20180822.PCN","A00000035592","2018-08-22T16:50Z","2018-08-22T16:50Z","EcoCore_CSU","TPC",0.2556,"milligram",6.7,,1,"formatChange","GOOD"
"267f9eee-b47d-416a-aa5d-66f2c03f84cb","D02","LEWI","LEWI.AOS.groundwater.well.001","LEWI.W1.20180822.FIL","A00000035590","2018-08-22T16:50Z","2018-08-22T16:50Z","EcoCore_CSU","DIC",,"milligramsPerLiter",6.7,"Unknown reason for no analyte concentration as a result of external lab data format change",1,"formatChange","Other"
"3aad9898-64ef-4612-98d9-4881733714ee","D02","LEWI","LEWI.AOS.groundwater.well.001","LEWI.W1.20180822.FIL","A00000035590","2018-08-22T16:50Z","2018-08-22T16:50Z","EcoCore_CSU","UV Absorbance (280 nm)",,,6.7,"Unknown reason for no analyte concentration as a result of external lab data format change",1,"formatChange","Other"
"92acc21d-9bed-4f2c-9eca-567770a2da19","D02","LEWI","LEWI.AOS.groundwater.well.001","LEWI.W1.20180822.RAW","A00000035591","2018-08-22T16:50Z","2018-08-22T16:50Z","EcoCore_CSU","TN",0.8550,"milligramsPerLiter",6.7,,1,"formatChange","GOOD"
"44afac39-a646-4cb1-85b2-61694cc738e9","D02","LEWI","LEWI.AOS.groundwater.well.001","LEWI.W1.20180822.FIL","A00000035590","2018-08-22T16:50Z","2018-08-22T16:50Z","EcoCore_CSU","CO3",,"milligramsPerLiter",6.7,"Unknown reason for no analyte concentration as a result of external lab data format change",1,"formatChange","Other"
"6c9faa5b-b784-4e86-bacb-d73ae50526d8","D02","LEWI","LEWI.AOS.groundwater.well.001","LEWI.W1.20180822.FIL","A00000035590","2018-08-22T16:50Z","2018-08-22T16:50Z","EcoCore_CSU","HCO3",,"milligramsPerLiter",6.7,"Unknown reason for no analyte concentration as a result of external lab data format change",1,"formatChange","Other"
"dbca9951-1041-445c-a838-6152fd521aa6","D02","LEWI","LEWI.AOS.groundwater.well.001","LEWI.W1.20180822.FIL","A00000035590","2018-08-22T16:50Z","2018-08-22T16:50Z","EcoCore_CSU","DOC",,"milligramsPerLiter",6.7,"Unknown reason for no analyte concentration as a result of external lab data format change",1,"formatChange","Other"
"d4063003-407e-4bff-8df3-8663f687874c","D02","LEWI","LEWI.AOS.groundwater.well.001","LEWI.W1.20180822.FIL","A00000035590","2018-08-22T16:50Z","2018-08-22T16:50Z","EcoCore_CSU","UV Absorbance (250 nm)",,,6.7,"Unknown reason for no analyte concentration as a result of external lab data format change",1,"formatChange","Other"
"2d33e043-1fb0-4b42-b01b-0b31fe06f5ff","D02","LEWI","LEWI.AOS.groundwater.well.001","LEWI.W1.20180822.RAW","A00000035591","2018-08-22T16:50Z","2018-08-22T16:50Z","EcoCore_CSU","ANC",2.8600,"milliequivalentsPerLiter",6.7,,1,"formatChange","GOOD"
"eb0d16c5-0e40-4284-b070-04d62f27f984","D02","LEWI","LEWI.AOS.groundwater.well.001","LEWI.W1.20180822.PCN","A00000035592","2018-08-22T16:50Z","2018-08-22T16:50Z","EcoCore_CSU","TPN",0.0506,"milligram",6.7,,1,"formatChange","GOOD"
"6f8f0d6c-e6af-48b7-b7c4-7c282caba218","D02","LEWI","LEWI.AOS.groundwater.well.001","LEWI.W1.20180822.FIL","A00000035590","2018-08-22T16:50Z","2018-08-22T16:50Z","EcoCore_CSU","F",,"milligramsPerLiter",6.7,"Unknown reason for no analyte concentration as a result of external lab data format change",1,"formatChange","Other"
"876499d7-3d23-43d9-b43b-fa066771c977","D02","LEWI","LEWI.AOS.groundwater.well.001","LEWI.W1.20180822.RAW","A00000035591","2018-08-22T16:50Z","2018-08-22T16:50Z","EcoCore_CSU","TOC",0.6759,"milligramsPerLiter",6.7,,1,"formatChange","GOOD"
"6ff5bd40-82ae-4efe-8cff-6e5557102d07","D02","LEWI","LEWI.AOS.groundwater.well.001","LEWI.W1.20180822.RAW","A00000035591","2018-08-22T16:50Z","2018-08-22T16:50Z","EcoCore_CSU","TP",0.0685,"milligramsPerLiter",6.7,,1,"formatChange","GOOD"
"679078da-4b42-402f-87e7-eaf99ad5c7fb","D02","LEWI","LEWI.AOS.groundwater.well.001","LEWI.W1.20180822.FIL","A00000035590","2018-08-22T16:50Z","2018-08-22T16:50Z","EcoCore_CSU","TDN",,"milligramsPerLiter",6.7,"Unknown reason for no analyte concentration as a result of external lab data format change",1,"formatChange","Other"
"4827c813-7fb3-40dd-8eff-0208795993d4","D02","LEWI","LEWI.AOS.groundwater.well.001","LEWI.W1.20180822.RAW","A00000035591","2018-08-22T16:50Z","2018-08-22T16:50Z","EcoCore_CSU","TSS - Dry Mass",500.0000,"microgram",6.7,,1,"formatChange","GOOD"
"6c1097da-c476-4b28-a2ed-f4e364c615c0","D02","LEWI","LEWI.AOS.groundwater.well.001","LEWI.W1.20180822.FIL","A00000035590","2018-08-22T16:50Z","2018-08-22T16:50Z","EcoCore_CSU","TDP",,"milligramsPerLiter",6.7,"Unknown reason for no analyte concentration as a result of external lab data format change",1,"formatChange","Other"
"6778bc95-c825-4660-94df-92619b686b54","D02","LEWI","LEWI.AOS.groundwater.well.001","LEWI.W1.20180822.FIL","A00000035590","2018-08-22T16:50Z","2018-08-22T16:50Z","EcoCore_CSU","NO2 - N",,"milligramsPerLiter",6.7,"Unknown reason for no analyte concentration as a result of external lab data format change",1,"formatChange","Other"
"f04d9ea8-5fe1-4f8c-ac89-3023c64bbd85","D02","LEWI","LEWI.AOS.groundwater.well.001","LEWI.W1.20180822.RAW","A00000035591","2018-08-22T16:50Z","2018-08-22T16:50Z","EcoCore_CSU","conductivity",379.4100,"microsiemensPerCentimeter",6.7,,1,"formatChange","GOOD"
"82de2617-515a-4796-84f9-e8593e0437d7","D02","LEWI","LEWI.AOS.groundwater.well.001","LEWI.W1.20180822.FIL","A00000035590","2018-08-22T16:50Z","2018-08-22T16:50Z","EcoCore_CSU","Mn",,"milligramsPerLiter",6.7,"Unknown reason for no analyte concentration as a result of external lab data format change",1,"formatChange","Other"
"23e19d8b-c823-4cb4-9fe9-198911f5c340","D02","LEWI","LEWI.AOS.groundwater.well.001","LEWI.W1.20180822.FIL","A00000035590","2018-08-22T16:50Z","2018-08-22T16:50Z","EcoCore_CSU","Ortho - P",,"milligramsPerLiter",6.7,"Unknown reason for no analyte concentration as a result of external lab data format change",1,"formatChange","Other"
"c69c0c8a-9b9e-4332-b3da-6a6550094d96","D02","LEWI","LEWI.AOS.groundwater.well.001","LEWI.W1.20180822.FIL","A00000035590","2018-08-22T16:50Z","2018-08-22T16:50Z","EcoCore_CSU","Br",,"milligramsPerLiter",6.7,"Unknown reason for no analyte concentration as a result of external lab data format change",1,"formatChange","Other"
"5acf4af9-5fd9-4bc6-b669-545d31dcef1b","D02","LEWI","LEWI.AOS.groundwater.well.001","LEWI.W1.20180822.FIL","A00000035590","2018-08-22T16:50Z","2018-08-22T16:50Z","EcoCore_CSU","Cl",,"milligramsPerLiter",6.7,"Unknown reason for no analyte concentration as a result of external lab data format change",1,"formatChange","Other"
"ab13d23c-81ee-491d-a5c8-a64d5e2dbdf2","D02","LEWI","LEWI.AOS.groundwater.well.001","LEWI.W1.20180822.FIL","A00000035590","2018-08-22T16:50Z","2018-08-22T16:50Z","EcoCore_CSU","K",,"milligramsPerLiter",6.7,"Unknown reason for no analyte concentration as a result of external lab data format change",1,"formatChange","Other"
"ec52cbd2-bb1b-444d-ae83-31e0b4743270","D02","LEWI","LEWI.AOS.groundwater.well.001","LEWI.W1.20180822.FIL","A00000035590","2018-08-22T16:50Z","2018-08-22T16:50Z","EcoCore_CSU","SO4",,"milligramsPerLiter",6.7,"Unknown reason for no analyte concentration as a result of external lab data format change",1,"formatChange","Other"
"be9100f5-b25c-4411-8a9d-c54218c308f7","D02","LEWI","LEWI.AOS.groundwater.well.001","LEWI.W1.20180822.FIL","A00000035590","2018-08-22T16:50Z","2018-08-22T16:50Z","EcoCore_CSU","NO3+NO2 - N",,"milligramsPerLiter",6.7,"Unknown reason for no analyte concentration as a result of external lab data format change",1,"formatChange","Other"
"139a7c90-78d3-4997-8d36-5b82ff6b725b","D02","LEWI","LEWI.AOS.groundwater.well.001","LEWI.W1.20180822.FIL","A00000035590","2018-08-22T16:50Z","2018-08-22T16:50Z","EcoCore_CSU","NH4 - N",,"milligramsPerLiter",6.7,"Unknown reason for no analyte concentration as a result of external lab data format change",1,"formatChange","Other"
"7e72ab1a-6392-487c-a003-4136e74d4765","D02","LEWI","LEWI.AOS.groundwater.well.001","LEWI.W1.20180822.FIL","A00000035590","2018-08-22T16:50Z","2018-08-22T16:50Z","EcoCore_CSU","TDS",,"milligramsPerLiter",6.7,"Unknown reason for no analyte concentration as a result of external lab data format change",1,"formatChange","Other"
"f9b53a5c-cb7b-4684-b453-50b129d2d115","D02","LEWI","LEWI.AOS.groundwater.well.001","LEWI.W1.20180822.FIL","A00000035590","2018-08-22T16:50Z","2018-08-22T16:50Z","EcoCore_CSU","Si",,"milligramsPerLiter",6.7,"Unknown reason for no analyte concentration as a result of external lab data format change",1,"formatChange","Other"
"f8a16046-84c0-4bc0-8275-38efdf0647ea","D02","LEWI","LEWI.AOS.groundwater.well.001","LEWI.W1.20180822.FIL","A00000035590","2018-08-22T16:50Z","2018-08-22T16:50Z","EcoCore_CSU","Fe",,"milligramsPerLiter",6.7,"Unknown reason for no analyte concentration as a result of external lab data format change",1,"formatChange","Other"
"ecc9698e-e447-46d3-89d8-a5c7f3cee248","D02","LEWI","LEWI.AOS.groundwater.well.001","LEWI.W1.20180822.FIL","A00000035590","2018-08-22T16:50Z","2018-08-22T16:50Z","EcoCore_CSU","Ca",,"milligramsPerLiter",6.7,"Unknown reason for no analyte concentration as a result of external lab data format change",1,"formatChange","Other"
"62f4dd1f-3a4f-4184-8b13-69865afd7402","D02","LEWI","LEWI.AOS.groundwater.well.001","LEWI.W1.20180822.RAW","A00000035591","2018-08-22T16:50Z","2018-08-22T16:50Z","EcoCore_CSU","TSS",10.0000,"milligramsPerLiter",6.7,,1,"formatChange","GOOD"
"d72517d5-8fe3-425c-bdb7-a988ce4ba8ba","D02","LEWI","LEWI.AOS.groundwater.well.008","LEWI.W8.20180822.FIL","A00000035593","2018-08-22T17:54Z","2018-08-22T17:54Z","EcoCore_CSU","K",,"milligramsPerLiter",6.7,"Unknown reason for no analyte concentration as a result of external lab data format change",1,"formatChange","Other"
"c5ca6658-f03b-409d-8a70-3c15032f0627","D02","LEWI","LEWI.AOS.groundwater.well.008","LEWI.W8.20180822.FIL","A00000035593","2018-08-22T17:54Z","2018-08-22T17:54Z","EcoCore_CSU","F",,"milligramsPerLiter",6.7,"Unknown reason for no analyte concentration as a result of external lab data format change",1,"formatChange","Other"
"d93ef488-9047-4063-955e-7ce44002d887","D02","LEWI","LEWI.AOS.groundwater.well.008","LEWI.W8.20180822.FIL","A00000035593","2018-08-22T17:54Z","2018-08-22T17:54Z","EcoCore_CSU","DIC",,"milligramsPerLiter",6.7,"Unknown reason for no analyte concentration as a result of external lab data format change",1,"formatChange","Other"
"48bdc774-d385-4f7e-9a46-669b2c466755","D02","LEWI","LEWI.AOS.groundwater.well.008","LEWI.W8.20180822.RAW","A00000035594","2018-08-22T17:54Z","2018-08-22T17:54Z","EcoCore_CSU","TSS",16.0000,"milligramsPerLiter",6.7,,1,"formatChange","GOOD"
"9aa13175-cc28-4875-aec1-95bcabebef0c","D02","LEWI","LEWI.AOS.groundwater.well.008","LEWI.W8.20180822.FIL","A00000035593","2018-08-22T17:54Z","2018-08-22T17:54Z","EcoCore_CSU","HCO3",,"milligramsPerLiter",6.7,"Unknown reason for no analyte concentration as a result of external lab data format change",1,"formatChange","Other"
"dbdf7a56-f524-4de0-9ebe-2eae77dd27c5","D02","LEWI","LEWI.AOS.groundwater.well.008","LEWI.W8.20180822.FIL","A00000035593","2018-08-22T17:54Z","2018-08-22T17:54Z","EcoCore_CSU","Ortho - P",,"milligramsPerLiter",6.7,"Unknown reason for no analyte concentration as a result of external lab data format change",1,"formatChange","Other"
"c6e265b7-9513-40f5-be49-9d51a75fdc36","D02","LEWI","LEWI.AOS.groundwater.well.008","LEWI.W8.20180822.FIL","A00000035593","2018-08-22T17:54Z","2018-08-22T17:54Z","EcoCore_CSU","TDS",,"milligramsPerLiter",6.7,"Unknown reason for no analyte concentration as a result of external lab data format change",1,"formatChange","Other"
"1cdea4c0-2fa2-4a0f-81ef-d40c63eba17d","D02","LEWI","LEWI.AOS.groundwater.well.008","LEWI.W8.20180822.FIL","A00000035593","2018-08-22T17:54Z","2018-08-22T17:54Z","EcoCore_CSU","Si",,"milligramsPerLiter",6.7,"Unknown reason for no analyte concentration as a result of external lab data format change",1,"formatChange","Other"
"2dddeb2c-80ec-42c6-88ff-8ee30af5ce5b","D02","LEWI","LEWI.AOS.groundwater.well.008","LEWI.W8.20180822.FIL","A00000035593","2018-08-22T17:54Z","2018-08-22T17:54Z","EcoCore_CSU","Cl",,"milligramsPerLiter",6.7,"Unknown reason for no analyte concentration as a result of external lab data format change",1,"formatChange","Other"
"b142dcd2-e53a-4927-980e-fb36fd48bedf","D02","LEWI","LEWI.AOS.groundwater.well.008","LEWI.W8.20180822.PCN","A00000035595","2018-08-22T17:54Z","2018-08-22T17:54Z","EcoCore_CSU","TPN",0.0586,"milligram",6.7,,1,"formatChange","GOOD"
"d501974b-f6c3-40ed-8039-9b3ce8fa1778","D02","LEWI","LEWI.AOS.groundwater.well.008","LEWI.W8.20180822.RAW","A00000035594","2018-08-22T17:54Z","2018-08-22T17:54Z","EcoCore_CSU","pH",7.5300,"pH",6.7,,1,"formatChange","GOOD"
"6db726dd-1018-4870-afee-d55852e6ab87","D02","LEWI","LEWI.AOS.groundwater.well.008","LEWI.W8.20180822.FIL","A00000035593","2018-08-22T17:54Z","2018-08-22T17:54Z","EcoCore_CSU","Fe",,"milligramsPerLiter",6.7,"Unknown reason for no analyte concentration as a result of external lab data format change",1,"formatChange","Other"
"22125002-4965-47f1-8893-75eae77d8e0c","D02","LEWI","LEWI.AOS.groundwater.well.008","LEWI.W8.20180822.RAW","A00000035594","2018-08-22T17:54Z","2018-08-22T17:54Z","EcoCore_CSU","TN",0.4110,"milligramsPerLiter",6.7,,1,"formatChange","GOOD"
"eb8112cb-6248-476b-9769-286b739fa2be","D02","LEWI","LEWI.AOS.groundwater.well.008","LEWI.W8.20180822.RAW","A00000035594","2018-08-22T17:54Z","2018-08-22T17:54Z","EcoCore_CSU","TOC",1.3510,"milligramsPerLiter",6.7,,1,"formatChange","GOOD"
"e88bed91-6401-4a0f-ad58-1701d1c1e16c","D02","LEWI","LEWI.AOS.groundwater.well.008","LEWI.W8.20180822.RAW","A00000035594","2018-08-22T17:54Z","2018-08-22T17:54Z","EcoCore_CSU","conductivity",381.5200,"microsiemensPerCentimeter",6.7,,1,"formatChange","GOOD"
"0c84c4ef-1ee1-4c1c-ba9b-b4d60796b52b","D02","LEWI","LEWI.AOS.groundwater.well.008","LEWI.W8.20180822.FIL","A00000035593","2018-08-22T17:54Z","2018-08-22T17:54Z","EcoCore_CSU","SO4",,"milligramsPerLiter",6.7,"Unknown reason for no analyte concentration as a result of external lab data format change",1,"formatChange","Other"
"c96dc8d9-e39b-4b4e-909e-039d5d5cc2d5","D02","LEWI","LEWI.AOS.groundwater.well.008","LEWI.W8.20180822.RAW","A00000035594","2018-08-22T17:54Z","2018-08-22T17:54Z","EcoCore_CSU","TSS - Dry Mass",800.0000,"microgram",6.7,,1,"formatChange","GOOD"
"b0b8ab8b-2f4e-4bb4-b8a4-ee4190b58be0","D02","LEWI","LEWI.AOS.groundwater.well.008","LEWI.W8.20180822.FIL","A00000035593","2018-08-22T17:54Z","2018-08-22T17:54Z","EcoCore_CSU","Ca",,"milligramsPerLiter",6.7,"Unknown reason for no analyte concentration as a result of external lab data format change",1,"formatChange","Other"
"192b2170-2021-4d19-b6f3-b7fc6a0300bc","D02","LEWI","LEWI.AOS.groundwater.well.008","LEWI.W8.20180822.FIL","A00000035593","2018-08-22T17:54Z","2018-08-22T17:54Z","EcoCore_CSU","Na",,"milligramsPerLiter",6.7,"Unknown reason for no analyte concentration as a result of external lab data format change",1,"formatChange","Other"
"6caf317d-ab2c-446a-8c2e-888236dc7131","D02","LEWI","LEWI.AOS.groundwater.well.008","LEWI.W8.20180822.FIL","A00000035593","2018-08-22T17:54Z","2018-08-22T17:54Z","EcoCore_CSU","DOC",,"milligramsPerLiter",6.7,"Unknown reason for no analyte concentration as a result of external lab data format change",1,"formatChange","Other"
"5b39b823-35c7-40b0-b6f0-b97a4cf01a59","D02","LEWI","LEWI.AOS.groundwater.well.008","LEWI.W8.20180822.FIL","A00000035593","2018-08-22T17:54Z","2018-08-22T17:54Z","EcoCore_CSU","UV Absorbance (280 nm)",,,6.7,"Unknown reason for no analyte concentration as a result of external lab data format change",1,"formatChange","Other"
"be8d1329-b1e4-4f5b-aa74-a384dfb0cac0","D02","LEWI","LEWI.AOS.groundwater.well.008","LEWI.W8.20180822.PCN","A00000035595","2018-08-22T17:54Z","2018-08-22T17:54Z","EcoCore_CSU","TPC",0.2583,"milligram",6.7,,1,"formatChange","GOOD"
"5998a586-5af6-4593-9674-78a24cb8c1c8","D02","LEWI","LEWI.AOS.groundwater.well.008","LEWI.W8.20180822.RAW","A00000035594","2018-08-22T17:54Z","2018-08-22T17:54Z","EcoCore_CSU","ANC",2.9100,"milliequivalentsPerLiter",6.7,,1,"formatChange","GOOD"
"a349ce73-325d-43e3-bf56-e99cde440f1f","D02","LEWI","LEWI.AOS.groundwater.well.008","LEWI.W8.20180822.FIL","A00000035593","2018-08-22T17:54Z","2018-08-22T17:54Z","EcoCore_CSU","CO3",,"milligramsPerLiter",6.7,"Unknown reason for no analyte concentration as a result of external lab data format change",1,"formatChange","Other"
"e4936a91-8a4d-4e5c-b020-f801dee6cdea","D02","LEWI","LEWI.AOS.groundwater.well.008","LEWI.W8.20180822.FIL","A00000035593","2018-08-22T17:54Z","2018-08-22T17:54Z","EcoCore_CSU","UV Absorbance (250 nm)",,,6.7,"Unknown reason for no analyte concentration as a result of external lab data format change",1,"formatChange","Other"
"68ea748d-b957-4e65-956d-500eb3fb4951","D02","LEWI","LEWI.AOS.groundwater.well.008","LEWI.W8.20180822.FIL","A00000035593","2018-08-22T17:54Z","2018-08-22T17:54Z","EcoCore_CSU","NO3+NO2 - N",,"milligramsPerLiter",6.7,"Unknown reason for no analyte concentration as a result of external lab data format change",1,"formatChange","Other"
"c2de65fe-4710-4bda-a262-6517a2a71117","D02","LEWI","LEWI.AOS.groundwater.well.008","LEWI.W8.20180822.FIL","A00000035593","2018-08-22T17:54Z","2018-08-22T17:54Z","EcoCore_CSU","Mn",,"milligramsPerLiter",6.7,"Unknown reason for no analyte concentration as a result of external lab data format change",1,"formatChange","Other"
"39b4d98a-2a4c-4359-bbe0-6b0e84451c39","D02","LEWI","LEWI.AOS.groundwater.well.008","LEWI.W8.20180822.FIL","A00000035593","2018-08-22T17:54Z","2018-08-22T17:54Z","EcoCore_CSU","TDP",,"milligramsPerLiter",6.7,"Unknown reason for no analyte concentration as a result of external lab data format change",1,"formatChange","Other"
"9f7d989a-f973-4cba-a5e5-af624f9922c0","D02","LEWI","LEWI.AOS.groundwater.well.008","LEWI.W8.20180822.FIL","A00000035593","2018-08-22T17:54Z","2018-08-22T17:54Z","EcoCore_CSU","NO2 - N",,"milligramsPerLiter",6.7,"Unknown reason for no analyte concentration as a result of external lab data format change",1,"formatChange","Other"
"4b708b95-be83-405f-9d8f-c14f855dd6d7","D02","LEWI","LEWI.AOS.groundwater.well.008","LEWI.W8.20180822.FIL","A00000035593","2018-08-22T17:54Z","2018-08-22T17:54Z","EcoCore_CSU","Mg",,"milligramsPerLiter",6.7,"Unknown reason for no analyte concentration as a result of external lab data format change",1,"formatChange","Other"
"bd46e008-d598-40fb-87f0-de1ffe93aa2a","D02","LEWI","LEWI.AOS.groundwater.well.008","LEWI.W8.20180822.FIL","A00000035593","2018-08-22T17:54Z","2018-08-22T17:54Z","EcoCore_CSU","NH4 - N",,"milligramsPerLiter",6.7,"Unknown reason for no analyte concentration as a result of external lab data format change",1,"formatChange","Other"
"19bb4493-508a-4615-adf2-cc19f004c2f1","D02","LEWI","LEWI.AOS.groundwater.well.008","LEWI.W8.20180822.RAW","A00000035594","2018-08-22T17:54Z","2018-08-22T17:54Z","EcoCore_CSU","TP",0.1893,"milligramsPerLiter",6.7,,1,"formatChange","GOOD"
"7d2f9299-6d49-4f93-9456-84a4d59ca5b8","D02","LEWI","LEWI.AOS.groundwater.well.008","LEWI.W8.20180822.FIL","A00000035593","2018-08-22T17:54Z","2018-08-22T17:54Z","EcoCore_CSU","Br",,"milligramsPerLiter",6.7,"Unknown reason for no analyte concentration as a result of external lab data format change",1,"formatChange","Other"
"5756f710-ef41-4ec0-b329-c4d235abeb75","D02","LEWI","LEWI.AOS.groundwater.well.008","LEWI.W8.20180822.FIL","A00000035593","2018-08-22T17:54Z","2018-08-22T17:54Z","EcoCore_CSU","TDN",,"milligramsPerLiter",6.7,"Unknown reason for no analyte concentration as a result of external lab data format change",1,"formatChange","Other"
