uid,domainID,siteID,namedLocation,decimalLatitude,decimalLongitude,coordinateUncertainty,elevation,elevationUncertainty,geodeticDatum,collectDate,aquaticSiteType,samplingImpractical,waterChemSamplesCollected,adequateSampleVol,parentSampleID,eventID,swcSamplingProtocolVersion,sampleExtractionMethod,samplerType,totalWellDepth,wellWaterDepth,waterColumnHeight,sampleDepth,purgeAverageDischargeRate,purgeTime,gwWellStabilized,purgeDryDateTime,pumpPlacementDate,screenedIntervalDepth,maxAllowableDrawdown,actualDrawdown,MADExceeded,wellVolumePurged,probeIDUnavailable,dissolvedOxygen,dissolvedOxygenSaturation,specificConductance,waterTemp,pH,waterClarityDescrip,waterColorDescrip,aCollectedBy,bCollectedBy,remarks
"c7e8acb5-079d-442e-b087-7e3dd3edcdb1","D02","LEWI","LEWI.AOS.groundwater.well.002",39.095452,-77.983050,0.1,128.6,0.1,"WGS84","2018-08-22T14:10Z","stream",,,,"LEWI.W2.20180822","LEWI.20180822","NEON.DOC.002905vE","low-flow","Groundwater Pump",5.4,2.3,3.1,3.3,,,,,,,,,,5.0,,4.12,42.20,584.00,16.60,,"clear","colorless","kgeiger@battelleecology.org","jcoloso@battelleecology.org",
"e4e48e19-3f75-4748-af01-33328874e7af","D02","LEWI","LEWI.AOS.groundwater.well.006",39.094122,-77.981443,0.1,127.8,0.1,"WGS84","2018-08-22T15:23Z","stream",,,,"LEWI.W6.20180822","LEWI.20180822","NEON.DOC.002905vE","low-flow",,6.9,2.0,4.8,3.0,,,,,,,,,,6.6,,0.06,0.60,581.00,15.70,,"clear","colorless","kgeiger@battelleecology.org","jcoloso@battelleecology.org",
"58a081ec-373c-42bd-80aa-6705291a4f9d","D02","LEWI","LEWI.AOS.groundwater.well.001",39.095597,-77.982949,0.1,128.8,0.1,"WGS84","2018-08-22T16:50Z","stream",,,,"LEWI.W1.20180822","LEWI.20180822","NEON.DOC.002905vE","low-flow","Groundwater Pump",5.5,2.3,3.2,3.3,,,,,,,,,,9.5,,6.00,59.60,607.00,15.30,,"clear","colorless","kgeiger@battelleecology.org","jcoloso@battelleecology.org",
"378fd07f-b9bf-4c10-a6e3-7b7ae5ff0eac","D02","LEWI","LEWI.AOS.groundwater.well.008",39.094301,-77.981340,0.1,127.5,0.1,"WGS84","2018-08-22T17:54Z","stream",,,,"LEWI.W8.20180822","LEWI.20180822","NEON.DOC.002905vE","low-flow","Groundwater Pump",5.4,2.2,3.2,3.2,,,,,,,,,,6.0,,4.88,49.20,589.00,16.90,,"clear","colorless","kgeiger@battelleecology.org","jcoloso@battelleecology.org",
