uid,domainID,siteID,namedLocation,collectDate,parentSampleID,sampleCondition,sampleID,replicateNumber,gwwDICBubbleFree,gwwFiltSampleHeadspace,gwwAlkSampleHeadspace,gwwAlkSampleBubbleFree,processedDate,processedDateFilters,sampleVolumeFiltered,shipmentTimeRange
"eb658192-eb10-46ef-bdce-9db10957e919","D02","LEWI","LEWI.AOS.groundwater.well.002","2018-08-22T14:10Z","LEWI.W2.20180822","Sample condition ok","LEWI.W2.20180822",1,,,,,"2018-08-22T14:10Z","2018-08-22T14:10Z",150.0,
"f5f8ea99-361b-4ea5-8ef7-999631de2ca2","D02","LEWI","LEWI.AOS.groundwater.well.006","2018-08-22T15:23Z","LEWI.W6.20180822","Sample condition ok","LEWI.W6.20180822",1,,,,,"2018-08-22T15:23Z","2018-08-22T15:23Z",250.0,
"da07d21c-7a70-491c-83f1-854bcdaff51f","D02","LEWI","LEWI.AOS.groundwater.well.001","2018-08-22T16:50Z","LEWI.W1.20180822","Sample condition ok","LEWI.W1.20180822",1,,,,,"2018-08-22T16:50Z",,400.0,
"49bf41e8-93a1-47c7-87db-af540e4678b4","D02","LEWI","LEWI.AOS.groundwater.well.008","2018-08-22T17:54Z","LEWI.W8.20180822","Sample condition ok","LEWI.W8.20180822",1,,,,,"2018-08-22T17:54Z","2018-08-22T17:54Z",250.0,
