uid,domainID,siteID,namedLocation,collectDate,parentSampleID,sampleCondition,sampleID,replicateNumber,gwwDICBubbleFree,gwwFiltSampleHeadspace,gwwAlkSampleHeadspace,gwwAlkSampleBubbleFree,processedDate,processedDateFilters,sampleVolumeFiltered,shipmentTimeRange
"3e7dcde7-f95f-407e-9548-4e8d5acde143","D15","REDB","REDB.AOS.groundwater.well.002","2019-04-16T16:52Z","REDB.W2.20190416","Sample condition ok","REDB.W2.20190416",1,,,,,"2019-04-16T17:21Z","2019-04-16T21:29Z",200.0,
"a1455019-cd9f-44aa-9876-effd974a87b7","D15","REDB","REDB.AOS.groundwater.well.003","2019-04-16T18:12Z","REDB.W3.20190416","Sample condition ok","REDB.W3.20190416",1,,,,,"2019-04-16T18:12Z","2019-04-16T21:39Z",200.0,
"b830ad7e-3ea5-4322-9116-4de28941e0db","D15","REDB","REDB.AOS.groundwater.well.004","2019-04-17T19:13Z","REDB.W4.20190417","Sample condition ok","REDB.W4.20190417",1,,,,,"2019-04-17T21:54Z","2019-04-17T21:54Z",500.0,
"006d6219-cc99-4e05-a4ea-11c2bf90ddfb","D15","REDB","REDB.AOS.groundwater.well.005","2019-04-17T21:54Z","REDB.W5.20190417","Sample condition ok","REDB.W5.20190417",1,,,,,"2019-04-17T21:54Z","2019-04-17T21:54Z",900.0,
