uid,domainID,siteID,namedLocation,decimalLatitude,decimalLongitude,coordinateUncertainty,elevation,elevationUncertainty,geodeticDatum,collectDate,aquaticSiteType,samplingImpractical,waterChemSamplesCollected,adequateSampleVol,parentSampleID,eventID,swcSamplingProtocolVersion,sampleExtractionMethod,samplerType,totalWellDepth,wellWaterDepth,waterColumnHeight,sampleDepth,purgeAverageDischargeRate,purgeTime,gwWellStabilized,purgeDryDateTime,pumpPlacementDate,screenedIntervalDepth,maxAllowableDrawdown,actualDrawdown,MADExceeded,wellVolumePurged,probeIDUnavailable,dissolvedOxygen,dissolvedOxygenSaturation,specificConductance,waterTemp,pH,waterClarityDescrip,waterColorDescrip,aCollectedBy,bCollectedBy,remarks
"4e4cbfb6-2340-4a60-8d19-82d9f1f86f96","D15","REDB","REDB.AOS.groundwater.well.002",40.784780,-111.795530,0.2,1709.0,0.0,"WGS84","2019-04-16T16:52Z","stream",,,"Y","REDB.W2.20190416","REDB.20190416","NEON.DOC.002905vE","low-flow","Groundwater Pump",4.6,1.8,2.8,2.8,,,,,,,,,,6.6,,1.68,16.00,885.00,5.10,,"clear","colorless","0000-0003-1389-3031","0000-0002-1342-9821","Water color pale yellow. sulfurous smell."
"abe2556c-6a0a-4225-ba37-de7984dd69d7","D15","REDB","REDB.AOS.groundwater.well.003",40.784630,-111.795470,0.2,1708.3,0.0,"WGS84","2019-04-16T18:12Z","stream",,,"Y","REDB.W3.20190416","REDB.20190416","NEON.DOC.002905vE","low-flow","Groundwater Pump",4.5,3.0,1.6,4.0,,,,,,,,,,12.8,,1.79,16.50,947.00,5.20,,"opaque","colorless","0000-0003-1389-3031","0000-0002-1671-2913",
"0766e048-7d7f-42dc-8a77-a72b8f237fc3","D15","REDB","REDB.AOS.groundwater.well.004",40.783800,-111.797840,0.1,1695.8,0.0,"WGS84","2019-04-17T19:13Z","stream",,,"Y","REDB.W4.20190417","REDB.20190417","NEON.DOC.002905vE","low-flow","Groundwater Pump",4.3,1.6,2.7,2.6,,,,,,,,,,7.6,,9.35,92.40,610.00,6.90,,"clear","colorless","0000-0002-1342-9821","0000-0002-1342-9821",
"0f187acb-e871-44ef-99bb-eba23d4fdf04","D15","REDB","REDB.AOS.groundwater.well.005",40.783760,-111.797980,0.1,1694.7,0.0,"WGS84","2019-04-17T21:54Z","stream",,,"Y","REDB.W5.20190417","REDB.20190417","NEON.DOC.002905vE","low-flow","Groundwater Pump",4.4,2.6,1.8,3.6,,,,,,,,,,4.9,,9.07,86.70,787.00,5.10,,"clear","colorless","0000-0002-1342-9821","0000-0002-1342-9821",
