uid,domainID,siteID,namedLocation,collectDate,titrationDate,parentSampleID,domainSampleID,remarks,measuredBy,alkMeqPerL,alkMgPerL,ancMeqPerL,ancMgPerL
"587b7c94-a3b6-4645-bce5-0edc7a4422b8","D15","REDB","REDB.AOS.groundwater.well.002","2019-04-16T16:52Z","2019-04-16T21:53Z","REDB.W2.20190416","REDB.W2.20190416.ALK","ph 10 check value: 10.09","bjohnston@battelleecology.org",6.720,336.000,,
"b1eac05c-ba10-4286-9a8a-cfa3641a411d","D15","REDB","REDB.AOS.groundwater.well.003","2019-04-16T18:12Z","2019-04-16T22:30Z","REDB.W3.20190416","REDB.W3.20190416.ALK","ph 10 check value: 10.08","bjohnston@battelleecology.org",6.550,328.000,,
"504a7c2a-c35a-45e2-a042-410e534b51f6","D15","REDB","REDB.AOS.groundwater.well.004","2019-04-17T19:13Z","2019-04-19T00:21Z","REDB.W4.20190417","REDB.W4.20190417.ALK","ph 10 check value: 10.06","bjohnston@battelleecology.org",5.540,277.000,,
"f445494e-1b2a-49c8-aada-988db78f9d84","D15","REDB","REDB.AOS.groundwater.well.005","2019-04-17T21:54Z","2019-04-19T00:41Z","REDB.W5.20190417","REDB.W5.20190417.ALK","ph 10 check value: 10.08","bjohnston@battelleecology.org",7.100,355.000,,
