uid,domainID,siteID,namedLocation,sampleID,sampleCode,startDate,collectDate,laboratoryName,analyte,analyteConcentration,analyteUnits,coolerTemp,remarks,shipmentWarmQF,externalLabDataQF,sampleCondition
"5c87f7a5-48df-473c-b9e9-ab2ce9c642aa","D15","REDB","REDB.AOS.groundwater.well.002","REDB.W2.20190416.FIL","A00000057294","2019-04-16T16:52Z","2019-04-16T16:52Z","EcoCore_CSU","Ortho - P",2.7520,"milligramsPerLiter",1.3,,0,"formatChange","GOOD"
"768160e2-03fe-476e-8c77-babc43680c29","D15","REDB","REDB.AOS.groundwater.well.002","REDB.W2.20190416.FIL","A00000057294","2019-04-16T16:52Z","2019-04-16T16:52Z","EcoCore_CSU","TDN",0.1507,"milligramsPerLiter",1.3,,0,"formatChange","GOOD"
"b4b5c08b-2a22-4f3d-9f65-4f38b4f65476","D15","REDB","REDB.AOS.groundwater.well.002","REDB.W2.20190416.PCN","A00000057009","2019-04-16T16:52Z","2019-04-16T16:52Z","EcoCore_CSU","TPN",0.1139,"milligram",1.3,,0,"formatChange","GOOD"
"4e2d65b7-3815-49e9-a61b-bb41af20e08d","D15","REDB","REDB.AOS.groundwater.well.002","REDB.W2.20190416.RAW","A00000057326","2019-04-16T16:52Z","2019-04-16T16:52Z","EcoCore_CSU","TSS",18.0000,"milligramsPerLiter",1.3,,0,"formatChange","GOOD"
"5c166438-80b9-401e-9b93-84375239e24a","D15","REDB","REDB.AOS.groundwater.well.002","REDB.W2.20190416.FIL","A00000057294","2019-04-16T16:52Z","2019-04-16T16:52Z","EcoCore_CSU","K",1.0850,"milligramsPerLiter",1.3,,0,"formatChange","GOOD"
"4c869b25-dba8-4961-80eb-34e9026ec94c","D15","REDB","REDB.AOS.groundwater.well.002","REDB.W2.20190416.FIL","A00000057294","2019-04-16T16:52Z","2019-04-16T16:52Z","EcoCore_CSU","F",0.0050,"milligramsPerLiter",1.3,,0,"formatChange","GOOD"
"434a2dda-ecec-4733-9062-e3eb827c0d6c","D15","REDB","REDB.AOS.groundwater.well.002","REDB.W2.20190416.FIL","A00000057294","2019-04-16T16:52Z","2019-04-16T16:52Z","EcoCore_CSU","UV Absorbance (280 nm)",0.1015,,1.3,,0,"formatChange","GOOD"
"b07fe3c0-3dcc-4ca0-af4f-1a29a862e27b","D15","REDB","REDB.AOS.groundwater.well.002","REDB.W2.20190416.FIL","A00000057294","2019-04-16T16:52Z","2019-04-16T16:52Z","EcoCore_CSU","HCO3",310.4600,"milligramsPerLiter",1.3,,0,"formatChange","GOOD"
"6de2c862-0634-441a-9861-5af67ed7c181","D15","REDB","REDB.AOS.groundwater.well.002","REDB.W2.20190416.RAW","A00000057326","2019-04-16T16:52Z","2019-04-16T16:52Z","EcoCore_CSU","TP",0.0850,"milligramsPerLiter",1.3,,0,"formatChange","GOOD"
"6fc8eb45-66a0-4744-a7e3-65ba0f52de6f","D15","REDB","REDB.AOS.groundwater.well.002","REDB.W2.20190416.FIL","A00000057294","2019-04-16T16:52Z","2019-04-16T16:52Z","EcoCore_CSU","Ca",76.2255,"milligramsPerLiter",1.3,,0,"formatChange","GOOD"
"d0f7b6e1-ef5b-4882-8fe6-1fd43dd533d5","D15","REDB","REDB.AOS.groundwater.well.002","REDB.W2.20190416.FIL","A00000057294","2019-04-16T16:52Z","2019-04-16T16:52Z","EcoCore_CSU","Fe",0.0209,"milligramsPerLiter",1.3,,0,"formatChange","GOOD"
"0c642981-9b44-4206-824e-3590fd0414bb","D15","REDB","REDB.AOS.groundwater.well.002","REDB.W2.20190416.FIL","A00000057294","2019-04-16T16:52Z","2019-04-16T16:52Z","EcoCore_CSU","SO4",145.4700,"milligramsPerLiter",1.3,,0,"formatChange","GOOD"
"ea1e611f-2869-4775-a150-93d3a0e18003","D15","REDB","REDB.AOS.groundwater.well.002","REDB.W2.20190416.FIL","A00000057294","2019-04-16T16:52Z","2019-04-16T16:52Z","EcoCore_CSU","DIC",91.8600,"milligramsPerLiter",1.3,,0,"formatChange","GOOD"
"5671e7d5-dfce-4ebc-9e2c-7476eff485c1","D15","REDB","REDB.AOS.groundwater.well.002","REDB.W2.20190416.FIL","A00000057294","2019-04-16T16:52Z","2019-04-16T16:52Z","EcoCore_CSU","TDS",578.6100,"milligramsPerLiter",1.3,,0,"formatChange","GOOD"
"52cf7d93-0a9c-4b57-95f6-595c8e79263a","D15","REDB","REDB.AOS.groundwater.well.002","REDB.W2.20190416.FIL","A00000057294","2019-04-16T16:52Z","2019-04-16T16:52Z","EcoCore_CSU","NO2 - N",-0.1296,"milligramsPerLiter",1.3,,0,"formatChange","GOOD"
"d2a10e95-879b-44f6-9f94-95358217f4a4","D15","REDB","REDB.AOS.groundwater.well.002","REDB.W2.20190416.FIL","A00000057294","2019-04-16T16:52Z","2019-04-16T16:52Z","EcoCore_CSU","NO3+NO2 - N",-0.0752,"milligramsPerLiter",1.3,,0,"formatChange","GOOD"
"323814cd-ac9a-40b4-a3f6-916a4d58a1b7","D15","REDB","REDB.AOS.groundwater.well.002","REDB.W2.20190416.FIL","A00000057294","2019-04-16T16:52Z","2019-04-16T16:52Z","EcoCore_CSU","DOC",2.9430,"milligramsPerLiter",1.3,,0,"formatChange","GOOD"
"698af890-9119-43fc-afbe-0956f79a379c","D15","REDB","REDB.AOS.groundwater.well.002","REDB.W2.20190416.RAW","A00000057326","2019-04-16T16:52Z","2019-04-16T16:52Z","EcoCore_CSU","conductivity",825.4600,"microsiemensPerCentimeter",1.3,,0,"formatChange","GOOD"
"c4cd1070-ff93-41d7-a3a2-94d75478ca41","D15","REDB","REDB.AOS.groundwater.well.002","REDB.W2.20190416.FIL","A00000057294","2019-04-16T16:52Z","2019-04-16T16:52Z","EcoCore_CSU","Si",8.1388,"milligramsPerLiter",1.3,,0,"formatChange","GOOD"
"9e1a74fa-c7d5-4ec3-a1d3-d6b57bfb6741","D15","REDB","REDB.AOS.groundwater.well.002","REDB.W2.20190416.FIL","A00000057294","2019-04-16T16:52Z","2019-04-16T16:52Z","EcoCore_CSU","Mn",0.0005,"milligramsPerLiter",1.3,,0,"formatChange","GOOD"
"64181e24-1101-427e-904a-f622dfa83ff0","D15","REDB","REDB.AOS.groundwater.well.002","REDB.W2.20190416.FIL","A00000057294","2019-04-16T16:52Z","2019-04-16T16:52Z","EcoCore_CSU","TDP",0.0757,"milligramsPerLiter",1.3,,0,"formatChange","GOOD"
"1648d45e-c0c1-44be-90ff-5ab93ea83c57","D15","REDB","REDB.AOS.groundwater.well.002","REDB.W2.20190416.RAW","A00000057326","2019-04-16T16:52Z","2019-04-16T16:52Z","EcoCore_CSU","pH",7.5500,"pH",1.3,,0,"formatChange","GOOD"
"786cc407-9a94-42ea-aaa8-2396e50cfecd","D15","REDB","REDB.AOS.groundwater.well.002","REDB.W2.20190416.FIL","A00000057294","2019-04-16T16:52Z","2019-04-16T16:52Z","EcoCore_CSU","Mg",37.6700,"milligramsPerLiter",1.3,,0,"formatChange","GOOD"
"12356cf1-e304-4198-ba71-ab0205389f7d","D15","REDB","REDB.AOS.groundwater.well.002","REDB.W2.20190416.FIL","A00000057294","2019-04-16T16:52Z","2019-04-16T16:52Z","EcoCore_CSU","Cl",1.9701,"milligramsPerLiter",1.3,,0,"formatChange","GOOD"
"7a8c248c-0c61-46cc-9a98-c0caadac9e6a","D15","REDB","REDB.AOS.groundwater.well.002","REDB.W2.20190416.RAW","A00000057326","2019-04-16T16:52Z","2019-04-16T16:52Z","EcoCore_CSU","TOC",3.5410,"milligramsPerLiter",1.3,,0,"formatChange","GOOD"
"08e9dcd9-70b9-4a6f-b93b-eebde2d11861","D15","REDB","REDB.AOS.groundwater.well.002","REDB.W2.20190416.PCN","A00000057009","2019-04-16T16:52Z","2019-04-16T16:52Z","EcoCore_CSU","TPC",0.4796,"milligram",1.3,,0,"formatChange","GOOD"
"bb869cb5-dcd1-4d40-aaa1-99294444a54b","D15","REDB","REDB.AOS.groundwater.well.002","REDB.W2.20190416.RAW","A00000057326","2019-04-16T16:52Z","2019-04-16T16:52Z","EcoCore_CSU","TSS - Dry Mass",900.0000,"microgram",1.3,,0,"formatChange","GOOD"
"5648b5c5-6185-44c9-acad-250ad21de25d","D15","REDB","REDB.AOS.groundwater.well.002","REDB.W2.20190416.FIL","A00000057294","2019-04-16T16:52Z","2019-04-16T16:52Z","EcoCore_CSU","UV Absorbance (250 nm)",0.1294,,1.3,,0,"formatChange","GOOD"
"802e2477-d976-4d31-81bf-51e702900193","D15","REDB","REDB.AOS.groundwater.well.002","REDB.W2.20190416.RAW","A00000057326","2019-04-16T16:52Z","2019-04-16T16:52Z","EcoCore_CSU","ANC",5.2600,"milliequivalentsPerLiter",1.3,,0,"formatChange","GOOD"
"e6c856de-81f2-4def-b8ac-cc62372bbbd5","D15","REDB","REDB.AOS.groundwater.well.002","REDB.W2.20190416.RAW","A00000057326","2019-04-16T16:52Z","2019-04-16T16:52Z","EcoCore_CSU","TN",0.1658,"milligramsPerLiter",1.3,,0,"formatChange","GOOD"
"8040d26f-18c2-41b8-ba2b-4552d031edf6","D15","REDB","REDB.AOS.groundwater.well.002","REDB.W2.20190416.FIL","A00000057294","2019-04-16T16:52Z","2019-04-16T16:52Z","EcoCore_CSU","CO3",0.0050,"milligramsPerLiter",1.3,,0,"formatChange","GOOD"
"7aca119b-80ce-4a3e-84f1-d3c01fd68799","D15","REDB","REDB.AOS.groundwater.well.002","REDB.W2.20190416.FIL","A00000057294","2019-04-16T16:52Z","2019-04-16T16:52Z","EcoCore_CSU","Br",0.0050,"milligramsPerLiter",1.3,,0,"formatChange","GOOD"
"a70aed2f-4653-42c6-b69b-6cd49d79861c","D15","REDB","REDB.AOS.groundwater.well.002","REDB.W2.20190416.FIL","A00000057294","2019-04-16T16:52Z","2019-04-16T16:52Z","EcoCore_CSU","NH4 - N",0.0958,"milligramsPerLiter",1.3,,0,"formatChange","GOOD"
"6f67c317-7998-4cf8-8902-2f9f89802fac","D15","REDB","REDB.AOS.groundwater.well.002","REDB.W2.20190416.FIL","A00000057294","2019-04-16T16:52Z","2019-04-16T16:52Z","EcoCore_CSU","Na",28.1600,"milligramsPerLiter",1.3,,0,"formatChange","GOOD"
"ca44cfbe-bd95-4844-85c5-a481bd87d9d3","D15","REDB","REDB.AOS.groundwater.well.003","REDB.W3.20190416.RAW","A00000057325","2019-04-16T18:12Z","2019-04-16T18:12Z","EcoCore_CSU","TN",0.1299,"milligramsPerLiter",1.0,,0,"formatChange","GOOD"
"7a6a8441-738f-464f-aa1b-c7bfbfc3641b","D15","REDB","REDB.AOS.groundwater.well.003","REDB.W3.20190416.RAW","A00000057325","2019-04-16T18:12Z","2019-04-16T18:12Z","EcoCore_CSU","pH",7.4600,"pH",1.0,,0,"formatChange","GOOD"
"5dc59ac1-f7e1-46d4-9b16-1bbea1ab4172","D15","REDB","REDB.AOS.groundwater.well.003","REDB.W3.20190416.RAW","A00000057325","2019-04-16T18:12Z","2019-04-16T18:12Z","EcoCore_CSU","TOC",2.2830,"milligramsPerLiter",1.0,,0,"formatChange","GOOD"
"4ec5398c-a83f-481c-80cd-4642f5e2aca9","D15","REDB","REDB.AOS.groundwater.well.003","REDB.W3.20190416.FIL","A00000057293","2019-04-16T18:12Z","2019-04-16T18:12Z","EcoCore_CSU","Cl",13.7050,"milligramsPerLiter",1.0,,0,"formatChange","GOOD"
"fc639fbe-6309-4fab-bb3f-b667486bbd61","D15","REDB","REDB.AOS.groundwater.well.003","REDB.W3.20190416.FIL","A00000057293","2019-04-16T18:12Z","2019-04-16T18:12Z","EcoCore_CSU","NO3+NO2 - N",-0.0736,"milligramsPerLiter",1.0,,0,"formatChange","GOOD"
"ece68ec0-0118-4f59-98da-01c4d7021227","D15","REDB","REDB.AOS.groundwater.well.003","REDB.W3.20190416.RAW","A00000057325","2019-04-16T18:12Z","2019-04-16T18:12Z","EcoCore_CSU","TSS",30.0000,"milligramsPerLiter",1.0,,0,"formatChange","GOOD"
"6b6d9316-ffbd-4b71-b91a-ff3dcaefafbf","D15","REDB","REDB.AOS.groundwater.well.003","REDB.W3.20190416.FIL","A00000057293","2019-04-16T18:12Z","2019-04-16T18:12Z","EcoCore_CSU","NH4 - N",0.0772,"milligramsPerLiter",1.0,,0,"formatChange","GOOD"
"0eb58826-d90b-45dc-9e0d-c56777ae361c","D15","REDB","REDB.AOS.groundwater.well.003","REDB.W3.20190416.PCN","A00000057026","2019-04-16T18:12Z","2019-04-16T18:12Z","EcoCore_CSU","TPC",0.6498,"milligram",1.0,,0,"formatChange","GOOD"
"71bfb62e-57d0-41b9-b656-6b743455dfac","D15","REDB","REDB.AOS.groundwater.well.003","REDB.W3.20190416.FIL","A00000057293","2019-04-16T18:12Z","2019-04-16T18:12Z","EcoCore_CSU","UV Absorbance (280 nm)",0.0598,,1.0,,0,"formatChange","GOOD"
"74c3574e-5f7a-49d0-b026-95123a4be331","D15","REDB","REDB.AOS.groundwater.well.003","REDB.W3.20190416.FIL","A00000057293","2019-04-16T18:12Z","2019-04-16T18:12Z","EcoCore_CSU","Na",33.6800,"milligramsPerLiter",1.0,,0,"formatChange","GOOD"
"70bcfd39-754c-4356-bc38-ab03a300c033","D15","REDB","REDB.AOS.groundwater.well.003","REDB.W3.20190416.FIL","A00000057293","2019-04-16T18:12Z","2019-04-16T18:12Z","EcoCore_CSU","SO4",191.6700,"milligramsPerLiter",1.0,,0,"formatChange","GOOD"
"50ac7457-b3f9-4519-bceb-05122f4285c9","D15","REDB","REDB.AOS.groundwater.well.003","REDB.W3.20190416.FIL","A00000057293","2019-04-16T18:12Z","2019-04-16T18:12Z","EcoCore_CSU","Ortho - P",0.0330,"milligramsPerLiter",1.0,,0,"formatChange","GOOD"
"5ead1072-e2af-480c-853f-a17fbb5b2af7","D15","REDB","REDB.AOS.groundwater.well.003","REDB.W3.20190416.RAW","A00000057325","2019-04-16T18:12Z","2019-04-16T18:12Z","EcoCore_CSU","ANC",4.6100,"milliequivalentsPerLiter",1.0,,0,"formatChange","GOOD"
"812891fc-7f1f-4c48-b76c-02e54ff00c8d","D15","REDB","REDB.AOS.groundwater.well.003","REDB.W3.20190416.FIL","A00000057293","2019-04-16T18:12Z","2019-04-16T18:12Z","EcoCore_CSU","Mg",42.1100,"milligramsPerLiter",1.0,,0,"formatChange","GOOD"
"f68fd0da-bfeb-4866-a38d-c497705d3a5d","D15","REDB","REDB.AOS.groundwater.well.003","REDB.W3.20190416.RAW","A00000057325","2019-04-16T18:12Z","2019-04-16T18:12Z","EcoCore_CSU","TP",0.1327,"milligramsPerLiter",1.0,,0,"formatChange","GOOD"
"76ee9c2f-f2fe-4e53-9a97-126ba0eb28ed","D15","REDB","REDB.AOS.groundwater.well.003","REDB.W3.20190416.RAW","A00000057325","2019-04-16T18:12Z","2019-04-16T18:12Z","EcoCore_CSU","conductivity",852.1500,"microsiemensPerCentimeter",1.0,,0,"formatChange","GOOD"
"e2f9ece5-d681-4c47-8a1a-f34ed567dff1","D15","REDB","REDB.AOS.groundwater.well.003","REDB.W3.20190416.FIL","A00000057293","2019-04-16T18:12Z","2019-04-16T18:12Z","EcoCore_CSU","DIC",87.4400,"milligramsPerLiter",1.0,,0,"formatChange","GOOD"
"ba37221d-3bbd-4306-bfea-f9e8ad2b2c5d","D15","REDB","REDB.AOS.groundwater.well.003","REDB.W3.20190416.FIL","A00000057293","2019-04-16T18:12Z","2019-04-16T18:12Z","EcoCore_CSU","Fe",0.0025,"milligramsPerLiter",1.0,,0,"formatChange","GOOD"
"0d6e54b6-a111-42f6-a341-3969205645e6","D15","REDB","REDB.AOS.groundwater.well.003","REDB.W3.20190416.FIL","A00000057293","2019-04-16T18:12Z","2019-04-16T18:12Z","EcoCore_CSU","TDP",0.0675,"milligramsPerLiter",1.0,,0,"formatChange","GOOD"
"8114aaa4-297e-45fb-bd26-56377a60327b","D15","REDB","REDB.AOS.groundwater.well.003","REDB.W3.20190416.FIL","A00000057293","2019-04-16T18:12Z","2019-04-16T18:12Z","EcoCore_CSU","TDN",0.0554,"milligramsPerLiter",1.0,,0,"formatChange","GOOD"
"4a68c3fe-888e-4bfb-af09-9b23879d2ef9","D15","REDB","REDB.AOS.groundwater.well.003","REDB.W3.20190416.FIL","A00000057293","2019-04-16T18:12Z","2019-04-16T18:12Z","EcoCore_CSU","Mn",0.0005,"milligramsPerLiter",1.0,,0,"formatChange","GOOD"
"24785c20-e2ae-4a7a-bc2f-889ec6a49021","D15","REDB","REDB.AOS.groundwater.well.003","REDB.W3.20190416.PCN","A00000057026","2019-04-16T18:12Z","2019-04-16T18:12Z","EcoCore_CSU","TPN",0.1502,"milligram",1.0,,0,"formatChange","GOOD"
"aae3bdaf-5a7c-4f31-b462-8513303939a6","D15","REDB","REDB.AOS.groundwater.well.003","REDB.W3.20190416.FIL","A00000057293","2019-04-16T18:12Z","2019-04-16T18:12Z","EcoCore_CSU","Ca",69.2045,"milligramsPerLiter",1.0,,0,"formatChange","GOOD"
"235ab2ac-cc36-4f7b-b93f-5d433d885494","D15","REDB","REDB.AOS.groundwater.well.003","REDB.W3.20190416.FIL","A00000057293","2019-04-16T18:12Z","2019-04-16T18:12Z","EcoCore_CSU","Si",9.2637,"milligramsPerLiter",1.0,,0,"formatChange","GOOD"
"54c0fdd4-3ab6-41f9-a61b-a33d8f7643af","D15","REDB","REDB.AOS.groundwater.well.003","REDB.W3.20190416.FIL","A00000057293","2019-04-16T18:12Z","2019-04-16T18:12Z","EcoCore_CSU","Br",0.0050,"milligramsPerLiter",1.0,,0,"formatChange","GOOD"
"6d4b6d36-fa7d-4a09-8c16-ada50fb12c1a","D15","REDB","REDB.AOS.groundwater.well.003","REDB.W3.20190416.FIL","A00000057293","2019-04-16T18:12Z","2019-04-16T18:12Z","EcoCore_CSU","TDS",597.4300,"milligramsPerLiter",1.0,,0,"formatChange","GOOD"
"1310949b-9de4-43ca-af66-8ddd863938e3","D15","REDB","REDB.AOS.groundwater.well.003","REDB.W3.20190416.RAW","A00000057325","2019-04-16T18:12Z","2019-04-16T18:12Z","EcoCore_CSU","TSS - Dry Mass",1500.0000,"microgram",1.0,,0,"formatChange","GOOD"
"54e3aca2-0e34-49d1-89c2-7d87540fc236","D15","REDB","REDB.AOS.groundwater.well.003","REDB.W3.20190416.FIL","A00000057293","2019-04-16T18:12Z","2019-04-16T18:12Z","EcoCore_CSU","CO3",0.0050,"milligramsPerLiter",1.0,,0,"formatChange","GOOD"
"1351cb7f-44eb-493e-993b-7af3591b1087","D15","REDB","REDB.AOS.groundwater.well.003","REDB.W3.20190416.FIL","A00000057293","2019-04-16T18:12Z","2019-04-16T18:12Z","EcoCore_CSU","K",1.0980,"milligramsPerLiter",1.0,,0,"formatChange","GOOD"
"c4fbcfcf-8dbc-4f21-8d94-f203a950f86e","D15","REDB","REDB.AOS.groundwater.well.003","REDB.W3.20190416.FIL","A00000057293","2019-04-16T18:12Z","2019-04-16T18:12Z","EcoCore_CSU","F",0.0050,"milligramsPerLiter",1.0,,0,"formatChange","GOOD"
"56d10d6d-cfd7-4ed1-84c6-18bf247ae580","D15","REDB","REDB.AOS.groundwater.well.003","REDB.W3.20190416.FIL","A00000057293","2019-04-16T18:12Z","2019-04-16T18:12Z","EcoCore_CSU","NO2 - N",-0.1299,"milligramsPerLiter",1.0,,0,"formatChange","GOOD"
"ee139ed6-7a42-49b1-a6c7-e17edc00f28f","D15","REDB","REDB.AOS.groundwater.well.003","REDB.W3.20190416.FIL","A00000057293","2019-04-16T18:12Z","2019-04-16T18:12Z","EcoCore_CSU","UV Absorbance (250 nm)",0.0711,,1.0,,0,"formatChange","GOOD"
"c76f619e-d8cf-4e87-9434-f901ac866392","D15","REDB","REDB.AOS.groundwater.well.003","REDB.W3.20190416.FIL","A00000057293","2019-04-16T18:12Z","2019-04-16T18:12Z","EcoCore_CSU","HCO3",247.1600,"milligramsPerLiter",1.0,,0,"formatChange","GOOD"
"470d841a-55de-4523-bd70-b9a3c1c36a03","D15","REDB","REDB.AOS.groundwater.well.003","REDB.W3.20190416.FIL","A00000057293","2019-04-16T18:12Z","2019-04-16T18:12Z","EcoCore_CSU","DOC",1.6720,"milligramsPerLiter",1.0,,0,"formatChange","GOOD"
"d1e9347c-966e-423c-a3f2-fffa87eed3b0","D15","REDB","REDB.AOS.groundwater.well.004","REDB.W4.20190417.FIL","A00000057324","2019-04-17T19:13Z","2019-04-17T19:13Z","EcoCore_CSU","DIC",78.2100,"milligramsPerLiter",2.1,,0,"formatChange","GOOD"
"7ca14195-a148-4946-9866-81811c0e9da2","D15","REDB","REDB.AOS.groundwater.well.004","REDB.W4.20190417.FIL","A00000057324","2019-04-17T19:13Z","2019-04-17T19:13Z","EcoCore_CSU","Mn",0.0005,"milligramsPerLiter",2.1,,0,"formatChange","GOOD"
"ca4c2931-72e1-49b2-af29-b34a89ed9727","D15","REDB","REDB.AOS.groundwater.well.004","REDB.W4.20190417.RAW","A00000057309","2019-04-17T19:13Z","2019-04-17T19:13Z","EcoCore_CSU","TN",0.1554,"milligramsPerLiter",2.1,,0,"formatChange","GOOD"
"9b558e54-c392-473e-b2b7-b024313317d2","D15","REDB","REDB.AOS.groundwater.well.004","REDB.W4.20190417.FIL","A00000057324","2019-04-17T19:13Z","2019-04-17T19:13Z","EcoCore_CSU","HCO3",258.2700,"milligramsPerLiter",2.1,,0,"formatChange","GOOD"
"c5d3a38c-2b65-424f-927d-71cb2630090b","D15","REDB","REDB.AOS.groundwater.well.004","REDB.W4.20190417.FIL","A00000057324","2019-04-17T19:13Z","2019-04-17T19:13Z","EcoCore_CSU","Fe",0.0005,"milligramsPerLiter",2.1,,0,"formatChange","GOOD"
"69b3ed1e-c0e5-4041-8316-b665eba4da63","D15","REDB","REDB.AOS.groundwater.well.004","REDB.W4.20190417.FIL","A00000057324","2019-04-17T19:13Z","2019-04-17T19:13Z","EcoCore_CSU","NO2 - N",-0.1298,"milligramsPerLiter",2.1,,0,"formatChange","GOOD"
"71ffc348-5d6a-42f7-96e0-4bca1a61a7b2","D15","REDB","REDB.AOS.groundwater.well.004","REDB.W4.20190417.RAW","A00000057309","2019-04-17T19:13Z","2019-04-17T19:13Z","EcoCore_CSU","ANC",4.4400,"milliequivalentsPerLiter",2.1,,0,"formatChange","GOOD"
"9a5186f2-80f2-4287-9a47-1d14bd2e9ec2","D15","REDB","REDB.AOS.groundwater.well.004","REDB.W4.20190417.FIL","A00000057324","2019-04-17T19:13Z","2019-04-17T19:13Z","EcoCore_CSU","SO4",36.0900,"milligramsPerLiter",2.1,,0,"formatChange","GOOD"
"b323508c-af8e-450c-9abb-2d0026c0d460","D15","REDB","REDB.AOS.groundwater.well.004","REDB.W4.20190417.FIL","A00000057324","2019-04-17T19:13Z","2019-04-17T19:13Z","EcoCore_CSU","Mg",21.0500,"milligramsPerLiter",2.1,,0,"formatChange","GOOD"
"0cd7b13b-7bd1-4cf0-bd34-b4c1a4d0f9e4","D15","REDB","REDB.AOS.groundwater.well.004","REDB.W4.20190417.PCN","A00000057027","2019-04-17T19:13Z","2019-04-17T19:13Z","EcoCore_CSU","TPC",0.3863,"milligram",2.1,,0,"formatChange","GOOD"
"de6cd876-45ed-46a5-bdeb-e7a3b26e2dbf","D15","REDB","REDB.AOS.groundwater.well.004","REDB.W4.20190417.FIL","A00000057324","2019-04-17T19:13Z","2019-04-17T19:13Z","EcoCore_CSU","Br",0.0050,"milligramsPerLiter",2.1,,0,"formatChange","GOOD"
"17cebde9-125a-4ad0-991c-7653ae02730f","D15","REDB","REDB.AOS.groundwater.well.004","REDB.W4.20190417.FIL","A00000057324","2019-04-17T19:13Z","2019-04-17T19:13Z","EcoCore_CSU","F",1.0445,"milligramsPerLiter",2.1,,0,"formatChange","GOOD"
"b2c17940-679d-4dda-9089-abad9cabd50a","D15","REDB","REDB.AOS.groundwater.well.004","REDB.W4.20190417.FIL","A00000057324","2019-04-17T19:13Z","2019-04-17T19:13Z","EcoCore_CSU","K",1.1490,"milligramsPerLiter",2.1,,0,"formatChange","GOOD"
"5698234a-b1e7-42b6-b9dc-bd7290fdb237","D15","REDB","REDB.AOS.groundwater.well.004","REDB.W4.20190417.FIL","A00000057324","2019-04-17T19:13Z","2019-04-17T19:13Z","EcoCore_CSU","Cl",16.2812,"milligramsPerLiter",2.1,,0,"formatChange","GOOD"
"23828871-51fe-4e4d-bd23-aebd18c45b9c","D15","REDB","REDB.AOS.groundwater.well.004","REDB.W4.20190417.FIL","A00000057324","2019-04-17T19:13Z","2019-04-17T19:13Z","EcoCore_CSU","Na",20.7900,"milligramsPerLiter",2.1,,0,"formatChange","GOOD"
"5d49d432-d2ab-402a-9259-aa24962e15f1","D15","REDB","REDB.AOS.groundwater.well.004","REDB.W4.20190417.RAW","A00000057309","2019-04-17T19:13Z","2019-04-17T19:13Z","EcoCore_CSU","TSS",6.0000,"milligramsPerLiter",2.1,,0,"formatChange","GOOD"
"cdab0aaa-d076-441b-b792-ee263b9eacdf","D15","REDB","REDB.AOS.groundwater.well.004","REDB.W4.20190417.RAW","A00000057309","2019-04-17T19:13Z","2019-04-17T19:13Z","EcoCore_CSU","TSS - Dry Mass",300.0000,"microgram",2.1,,0,"formatChange","GOOD"
"2ddab85b-5d5e-419a-b762-38ec4287f593","D15","REDB","REDB.AOS.groundwater.well.004","REDB.W4.20190417.FIL","A00000057324","2019-04-17T19:13Z","2019-04-17T19:13Z","EcoCore_CSU","UV Absorbance (250 nm)",0.0323,,2.1,,0,"formatChange","GOOD"
"47dfb7ca-45fb-4b94-be0f-6eb90489b617","D15","REDB","REDB.AOS.groundwater.well.004","REDB.W4.20190417.FIL","A00000057324","2019-04-17T19:13Z","2019-04-17T19:13Z","EcoCore_CSU","TDP",0.0705,"milligramsPerLiter",2.1,,0,"formatChange","GOOD"
"00e8c99c-6001-4539-9bee-0ee63f244646","D15","REDB","REDB.AOS.groundwater.well.004","REDB.W4.20190417.FIL","A00000057324","2019-04-17T19:13Z","2019-04-17T19:13Z","EcoCore_CSU","NH4 - N",0.1060,"milligramsPerLiter",2.1,,0,"formatChange","GOOD"
"05d87397-5867-431d-9bc1-f3e5a2519a81","D15","REDB","REDB.AOS.groundwater.well.004","REDB.W4.20190417.PCN","A00000057027","2019-04-17T19:13Z","2019-04-17T19:13Z","EcoCore_CSU","TPN",0.1211,"milligram",2.1,,0,"formatChange","GOOD"
"9b5d3779-54fb-453e-840c-322ae10514ef","D15","REDB","REDB.AOS.groundwater.well.004","REDB.W4.20190417.FIL","A00000057324","2019-04-17T19:13Z","2019-04-17T19:13Z","EcoCore_CSU","NO3+NO2 - N",-0.0446,"milligramsPerLiter",2.1,,0,"formatChange","GOOD"
"e36ef1b1-49d4-421e-843e-5d32f8bff1a3","D15","REDB","REDB.AOS.groundwater.well.004","REDB.W4.20190417.RAW","A00000057309","2019-04-17T19:13Z","2019-04-17T19:13Z","EcoCore_CSU","TOC",2.5620,"milligramsPerLiter",2.1,,0,"formatChange","GOOD"
"aeaf750d-6613-4ecf-987e-adfb82f7acd3","D15","REDB","REDB.AOS.groundwater.well.004","REDB.W4.20190417.FIL","A00000057324","2019-04-17T19:13Z","2019-04-17T19:13Z","EcoCore_CSU","TDN",0.1511,"milligramsPerLiter",2.1,,0,"formatChange","GOOD"
"ae08d0da-2e76-4612-b788-e67d4cd84446","D15","REDB","REDB.AOS.groundwater.well.004","REDB.W4.20190417.FIL","A00000057324","2019-04-17T19:13Z","2019-04-17T19:13Z","EcoCore_CSU","Ca",56.0998,"milligramsPerLiter",2.1,,0,"formatChange","GOOD"
"7b9b9620-d19a-4644-9f12-05f4f660b271","D15","REDB","REDB.AOS.groundwater.well.004","REDB.W4.20190417.FIL","A00000057324","2019-04-17T19:13Z","2019-04-17T19:13Z","EcoCore_CSU","Ortho - P",0.0310,"milligramsPerLiter",2.1,,0,"formatChange","GOOD"
"cf54abcd-0025-4636-ab3e-102acea73189","D15","REDB","REDB.AOS.groundwater.well.004","REDB.W4.20190417.FIL","A00000057324","2019-04-17T19:13Z","2019-04-17T19:13Z","EcoCore_CSU","Si",8.8561,"milligramsPerLiter",2.1,,0,"formatChange","GOOD"
"3fb88bb6-5ef5-4e64-bb38-cf6de105a2d0","D15","REDB","REDB.AOS.groundwater.well.004","REDB.W4.20190417.RAW","A00000057309","2019-04-17T19:13Z","2019-04-17T19:13Z","EcoCore_CSU","pH",7.5000,"pH",2.1,,0,"formatChange","GOOD"
"6d861876-dc9c-4415-b662-689960ee4699","D15","REDB","REDB.AOS.groundwater.well.004","REDB.W4.20190417.FIL","A00000057324","2019-04-17T19:13Z","2019-04-17T19:13Z","EcoCore_CSU","UV Absorbance (280 nm)",0.0187,,2.1,,0,"formatChange","GOOD"
"31d6d90e-6df2-4935-bdcc-7083184fdda0","D15","REDB","REDB.AOS.groundwater.well.004","REDB.W4.20190417.FIL","A00000057324","2019-04-17T19:13Z","2019-04-17T19:13Z","EcoCore_CSU","CO3",0.0050,"milligramsPerLiter",2.1,,0,"formatChange","GOOD"
"6489a509-7a8f-4c32-b14c-a335a0beae90","D15","REDB","REDB.AOS.groundwater.well.004","REDB.W4.20190417.FIL","A00000057324","2019-04-17T19:13Z","2019-04-17T19:13Z","EcoCore_CSU","DOC",2.4930,"milligramsPerLiter",2.1,,0,"formatChange","GOOD"
"13522424-b5a8-4edf-ba34-b44a0ef1021c","D15","REDB","REDB.AOS.groundwater.well.004","REDB.W4.20190417.RAW","A00000057309","2019-04-17T19:13Z","2019-04-17T19:13Z","EcoCore_CSU","TP",0.0632,"milligramsPerLiter",2.1,,0,"formatChange","GOOD"
"99c84728-14da-4687-b686-99c7226a35c9","D15","REDB","REDB.AOS.groundwater.well.004","REDB.W4.20190417.RAW","A00000057309","2019-04-17T19:13Z","2019-04-17T19:13Z","EcoCore_CSU","conductivity",550.6800,"microsiemensPerCentimeter",2.1,,0,"formatChange","GOOD"
"48c8e1df-70ec-4347-89bb-b252558f8c9a","D15","REDB","REDB.AOS.groundwater.well.004","REDB.W4.20190417.FIL","A00000057324","2019-04-17T19:13Z","2019-04-17T19:13Z","EcoCore_CSU","TDS",386.1400,"milligramsPerLiter",2.1,,0,"formatChange","GOOD"
"ae20785a-adf3-4970-ba81-79aff00c9474","D15","REDB","REDB.AOS.groundwater.well.005","REDB.W5.20190417.FIL","A00000057295","2019-04-17T21:54Z","2019-04-17T21:54Z","EcoCore_CSU","Cl",20.1658,"milligramsPerLiter",1.7,,0,"formatChange","GOOD"
"bb197175-d91e-4293-b882-47e2b163b288","D15","REDB","REDB.AOS.groundwater.well.005","REDB.W5.20190417.FIL","A00000057295","2019-04-17T21:54Z","2019-04-17T21:54Z","EcoCore_CSU","UV Absorbance (280 nm)",0.0250,,1.7,,0,"formatChange","GOOD"
"27520c04-c4c2-4d41-926a-da995c575440","D15","REDB","REDB.AOS.groundwater.well.005","REDB.W5.20190417.RAW","A00000057308","2019-04-17T21:54Z","2019-04-17T21:54Z","EcoCore_CSU","TN",0.1765,"milligramsPerLiter",1.7,,0,"formatChange","GOOD"
"d2a2bb19-c296-4ef8-8e51-3dc17dfce3c0","D15","REDB","REDB.AOS.groundwater.well.005","REDB.W5.20190417.FIL","A00000057295","2019-04-17T21:54Z","2019-04-17T21:54Z","EcoCore_CSU","DOC",2.6250,"milligramsPerLiter",1.7,,0,"formatChange","GOOD"
"73364a86-ded5-4f68-918a-9c9c13d7d172","D15","REDB","REDB.AOS.groundwater.well.005","REDB.W5.20190417.FIL","A00000057295","2019-04-17T21:54Z","2019-04-17T21:54Z","EcoCore_CSU","NO2 - N",-0.1299,"milligramsPerLiter",1.7,,0,"formatChange","GOOD"
"b1566cf7-e8b1-4e69-9ac6-216dfbbef248","D15","REDB","REDB.AOS.groundwater.well.005","REDB.W5.20190417.FIL","A00000057295","2019-04-17T21:54Z","2019-04-17T21:54Z","EcoCore_CSU","Mg",24.9100,"milligramsPerLiter",1.7,,0,"formatChange","GOOD"
"49d0569d-1f0d-4ff6-8094-4f4053a1b88d","D15","REDB","REDB.AOS.groundwater.well.005","REDB.W5.20190417.FIL","A00000057295","2019-04-17T21:54Z","2019-04-17T21:54Z","EcoCore_CSU","TDN",0.1676,"milligramsPerLiter",1.7,,0,"formatChange","GOOD"
"2e038ce9-f171-4b45-afe5-e736a49cbc09","D15","REDB","REDB.AOS.groundwater.well.005","REDB.W5.20190417.FIL","A00000057295","2019-04-17T21:54Z","2019-04-17T21:54Z","EcoCore_CSU","CO3",0.0050,"milligramsPerLiter",1.7,,0,"formatChange","GOOD"
"0d7cf211-270e-4d6d-aff9-a1d64017f112","D15","REDB","REDB.AOS.groundwater.well.005","REDB.W5.20190417.FIL","A00000057295","2019-04-17T21:54Z","2019-04-17T21:54Z","EcoCore_CSU","Br",0.0050,"milligramsPerLiter",1.7,,0,"formatChange","GOOD"
"79c2862e-1c57-42e6-ac5c-b9a18183a5f8","D15","REDB","REDB.AOS.groundwater.well.005","REDB.W5.20190417.FIL","A00000057295","2019-04-17T21:54Z","2019-04-17T21:54Z","EcoCore_CSU","Ortho - P",0.0300,"milligramsPerLiter",1.7,,0,"formatChange","GOOD"
"79e19991-46a7-45c0-bda0-804fae959bfd","D15","REDB","REDB.AOS.groundwater.well.005","REDB.W5.20190417.FIL","A00000057295","2019-04-17T21:54Z","2019-04-17T21:54Z","EcoCore_CSU","TDS",447.8900,"milligramsPerLiter",1.7,,0,"formatChange","GOOD"
"3d05b1ed-5d80-4fdd-baa0-32341974a7e8","D15","REDB","REDB.AOS.groundwater.well.005","REDB.W5.20190417.FIL","A00000057295","2019-04-17T21:54Z","2019-04-17T21:54Z","EcoCore_CSU","K",0.7250,"milligramsPerLiter",1.7,,0,"formatChange","GOOD"
"5a1d60e9-e4a2-42dc-ae30-7dd8b6995caa","D15","REDB","REDB.AOS.groundwater.well.005","REDB.W5.20190417.FIL","A00000057295","2019-04-17T21:54Z","2019-04-17T21:54Z","EcoCore_CSU","F",1.3589,"milligramsPerLiter",1.7,,0,"formatChange","GOOD"
"46ae7a39-9bf4-405e-b5cf-ca55bf503c2e","D15","REDB","REDB.AOS.groundwater.well.005","REDB.W5.20190417.FIL","A00000057295","2019-04-17T21:54Z","2019-04-17T21:54Z","EcoCore_CSU","Fe",0.0005,"milligramsPerLiter",1.7,,0,"formatChange","GOOD"
"f9ff95ad-57be-4f01-ad6e-71acc4bfcf6d","D15","REDB","REDB.AOS.groundwater.well.005","REDB.W5.20190417.FIL","A00000057295","2019-04-17T21:54Z","2019-04-17T21:54Z","EcoCore_CSU","Na",19.8600,"milligramsPerLiter",1.7,,0,"formatChange","GOOD"
"56b3788a-acff-497f-9230-b041eab88ea3","D15","REDB","REDB.AOS.groundwater.well.005","REDB.W5.20190417.FIL","A00000057295","2019-04-17T21:54Z","2019-04-17T21:54Z","EcoCore_CSU","TDP",0.0397,"milligramsPerLiter",1.7,,0,"formatChange","GOOD"
"f93fb268-55b3-4f85-b5a0-35f018daeb8f","D15","REDB","REDB.AOS.groundwater.well.005","REDB.W5.20190417.FIL","A00000057295","2019-04-17T21:54Z","2019-04-17T21:54Z","EcoCore_CSU","NH4 - N",0.0575,"milligramsPerLiter",1.7,,0,"formatChange","GOOD"
"0851ffad-60a2-474f-b22a-b4d501e8e03e","D15","REDB","REDB.AOS.groundwater.well.005","REDB.W5.20190417.PCN","A00000057011","2019-04-17T21:54Z","2019-04-17T21:54Z","EcoCore_CSU","TPC",0.2851,"milligram",1.7,,0,"formatChange","GOOD"
"44dbc731-e348-4335-9f5a-063a5309a86b","D15","REDB","REDB.AOS.groundwater.well.005","REDB.W5.20190417.FIL","A00000057295","2019-04-17T21:54Z","2019-04-17T21:54Z","EcoCore_CSU","NO3+NO2 - N",-0.0320,"milligramsPerLiter",1.7,,0,"formatChange","GOOD"
"52b37936-ead1-4cda-b7db-8d423c4a2afa","D15","REDB","REDB.AOS.groundwater.well.005","REDB.W5.20190417.PCN","A00000057011","2019-04-17T21:54Z","2019-04-17T21:54Z","EcoCore_CSU","TPN",0.1096,"milligram",1.7,,0,"formatChange","GOOD"
"7116f87a-5cd4-473e-bad2-030c27771667","D15","REDB","REDB.AOS.groundwater.well.005","REDB.W5.20190417.FIL","A00000057295","2019-04-17T21:54Z","2019-04-17T21:54Z","EcoCore_CSU","Si",7.2847,"milligramsPerLiter",1.7,,0,"formatChange","GOOD"
"b2814fe2-6fd8-4466-b56a-be7db3edfccd","D15","REDB","REDB.AOS.groundwater.well.005","REDB.W5.20190417.FIL","A00000057295","2019-04-17T21:54Z","2019-04-17T21:54Z","EcoCore_CSU","Ca",68.0775,"milligramsPerLiter",1.7,,0,"formatChange","GOOD"
"6abc9b1f-1fd6-4d3c-ac9b-d22b64397ab1","D15","REDB","REDB.AOS.groundwater.well.005","REDB.W5.20190417.RAW","A00000057308","2019-04-17T21:54Z","2019-04-17T21:54Z","EcoCore_CSU","TP",0.1145,"milligramsPerLiter",1.7,,0,"formatChange","GOOD"
"a58f02a6-9453-42e6-94cd-ccea90390255","D15","REDB","REDB.AOS.groundwater.well.005","REDB.W5.20190417.FIL","A00000057295","2019-04-17T21:54Z","2019-04-17T21:54Z","EcoCore_CSU","SO4",55.7100,"milligramsPerLiter",1.7,,0,"formatChange","GOOD"
"36538743-5e6f-454e-a836-b818c3596aae","D15","REDB","REDB.AOS.groundwater.well.005","REDB.W5.20190417.RAW","A00000057308","2019-04-17T21:54Z","2019-04-17T21:54Z","EcoCore_CSU","conductivity",637.9300,"microsiemensPerCentimeter",1.7,,0,"formatChange","GOOD"
"f81b7da3-f9c5-4138-9500-c2772ee76d1a","D15","REDB","REDB.AOS.groundwater.well.005","REDB.W5.20190417.FIL","A00000057295","2019-04-17T21:54Z","2019-04-17T21:54Z","EcoCore_CSU","Mn",0.0005,"milligramsPerLiter",1.7,,0,"formatChange","GOOD"
"474dd9e6-313c-473e-96b6-2d9dd972a1eb","D15","REDB","REDB.AOS.groundwater.well.005","REDB.W5.20190417.RAW","A00000057308","2019-04-17T21:54Z","2019-04-17T21:54Z","EcoCore_CSU","TSS",6.0000,"milligramsPerLiter",1.7,,0,"formatChange","GOOD"
"1c0ee548-a6c5-4bf7-9db3-0eb60f40b6c7","D15","REDB","REDB.AOS.groundwater.well.005","REDB.W5.20190417.FIL","A00000057295","2019-04-17T21:54Z","2019-04-17T21:54Z","EcoCore_CSU","DIC",97.4100,"milligramsPerLiter",1.7,,0,"formatChange","GOOD"
"949e2d4e-dbfa-44f7-a290-fe2be3f3bd8f","D15","REDB","REDB.AOS.groundwater.well.005","REDB.W5.20190417.RAW","A00000057308","2019-04-17T21:54Z","2019-04-17T21:54Z","EcoCore_CSU","TSS - Dry Mass",300.0000,"microgram",1.7,,0,"formatChange","GOOD"
"48e5483f-f60d-46ff-bf96-065dab2dbc04","D15","REDB","REDB.AOS.groundwater.well.005","REDB.W5.20190417.FIL","A00000057295","2019-04-17T21:54Z","2019-04-17T21:54Z","EcoCore_CSU","HCO3",278.3900,"milligramsPerLiter",1.7,,0,"formatChange","GOOD"
"59d0ecf0-9dc4-4932-87e2-26fd4f54f6b6","D15","REDB","REDB.AOS.groundwater.well.005","REDB.W5.20190417.RAW","A00000057308","2019-04-17T21:54Z","2019-04-17T21:54Z","EcoCore_CSU","ANC",4.6100,"milliequivalentsPerLiter",1.7,,0,"formatChange","GOOD"
"fb31bcd0-83e4-4fab-b768-99a5ba5586f9","D15","REDB","REDB.AOS.groundwater.well.005","REDB.W5.20190417.RAW","A00000057308","2019-04-17T21:54Z","2019-04-17T21:54Z","EcoCore_CSU","TOC",2.5580,"milligramsPerLiter",1.7,,0,"formatChange","GOOD"
"7a75d41f-7df0-400b-98ec-3aab7f021276","D15","REDB","REDB.AOS.groundwater.well.005","REDB.W5.20190417.FIL","A00000057295","2019-04-17T21:54Z","2019-04-17T21:54Z","EcoCore_CSU","UV Absorbance (250 nm)",0.0434,,1.7,,0,"formatChange","GOOD"
"3f12ceb5-09ea-473c-9b7e-2b83f77e437b","D15","REDB","REDB.AOS.groundwater.well.005","REDB.W5.20190417.RAW","A00000057308","2019-04-17T21:54Z","2019-04-17T21:54Z","EcoCore_CSU","pH",7.5600,"pH",1.7,,0,"formatChange","GOOD"
