uid,domainID,siteID,namedLocation,sampleID,sampleCode,startDate,collectDate,laboratoryName,analyte,analyteConcentration,analyteUnits,coolerTemp,remarks,shipmentWarmQF,externalLabDataQF,sampleCondition
"ad0e6e99-c884-41bc-932d-eefdbfd06428","D03","BARC","BARC.AOS.groundwater.well.006","BARC.W6.20191002.FIL","A00000075642","2019-10-02T13:34Z","2019-10-02T13:34Z","EcoCore_CSU","Si",1.4380,"milligramsPerLiter",0.5,,0,,"OK"
"fde24af8-c8d4-415c-afd0-24320d1cfeb7","D03","BARC","BARC.AOS.groundwater.well.006","BARC.W6.20191002.FIL","A00000075642","2019-10-02T13:34Z","2019-10-02T13:34Z","EcoCore_CSU","HCO3",2.5600,"milligramsPerLiter",0.5,,0,,"OK"
"4e0d73dc-2ed4-4566-b3ba-155ea78f3032","D03","BARC","BARC.AOS.groundwater.well.006","BARC.W6.20191002.FIL","A00000075642","2019-10-02T13:34Z","2019-10-02T13:34Z","EcoCore_CSU","UV Absorbance (250 nm)",0.0796,,0.5,,0,,"OK"
"a6e16319-e0b3-4705-b3c2-0be26d3e42a0","D03","BARC","BARC.AOS.groundwater.well.006","BARC.W6.20191002.FIL","A00000075642","2019-10-02T13:34Z","2019-10-02T13:34Z","EcoCore_CSU","UV Absorbance (280 nm)",0.0502,,2.1,,0,,"OK"
"3cfa7338-d805-44b2-92b1-c9b89e8239ec","D03","BARC","BARC.AOS.groundwater.well.006","BARC.W6.20191002.RAW","A00000075643","2019-10-02T13:34Z","2019-10-02T13:34Z","EcoCore_CSU","TOC",2.8620,"milligramsPerLiter",0.5,,0,,"OK"
"f61b711d-148e-4721-b93a-ad77e07cfdd7","D03","BARC","BARC.AOS.groundwater.well.006","BARC.W6.20191002.RAW","A00000075643","2019-10-02T13:34Z","2019-10-02T13:34Z","EcoCore_CSU","TN",0.1019,"milligramsPerLiter",0.5,,0,,"OK"
"6df6a606-2c03-46a3-92f5-d1287a38c45b","D03","BARC","BARC.AOS.groundwater.well.006","BARC.W6.20191002.FIL","A00000075642","2019-10-02T13:34Z","2019-10-02T13:34Z","EcoCore_CSU","DIC",3.5820,"milligramsPerLiter",0.5,,0,,"OK"
"4c54aabc-88d0-441e-a01a-00fd49ba7560","D03","BARC","BARC.AOS.groundwater.well.006","BARC.W6.20191002.FIL","A00000075642","2019-10-02T13:34Z","2019-10-02T13:34Z","EcoCore_CSU","DOC",2.9760,"milligramsPerLiter",0.3,,0,,"OK"
"11da34ad-aa43-45b5-8742-5d019011b1c0","D03","BARC","BARC.AOS.groundwater.well.006","BARC.W6.20191002.FIL","A00000075642","2019-10-02T13:34Z","2019-10-02T13:34Z","EcoCore_CSU","TDN",0.1069,"milligramsPerLiter",6.0,,0,,"OK"
"2f03e850-6d4d-4dc5-93de-5ff528330bc5","D03","BARC","BARC.AOS.groundwater.well.006","BARC.W6.20191002.FIL","A00000075642","2019-10-02T13:34Z","2019-10-02T13:34Z","EcoCore_CSU","NO3+NO2 - N",0.0175,"milligramsPerLiter",0.5,,0,,"OK"
"8385a6ef-c312-4324-89b3-f7396684efd0","D03","BARC","BARC.AOS.groundwater.well.006","BARC.W6.20191002.FIL","A00000075642","2019-10-02T13:34Z","2019-10-02T13:34Z","EcoCore_CSU","NO2 - N",-0.0041,"milligramsPerLiter",0.5,,0,,"OK"
"ba141daf-bf7e-48e3-931a-f05ae5be3293","D03","BARC","BARC.AOS.groundwater.well.006","BARC.W6.20191002.FIL","A00000075642","2019-10-02T13:34Z","2019-10-02T13:34Z","EcoCore_CSU","Ortho - P",-0.0020,"milligramsPerLiter",0.5,,0,,"OK"
"bccd4dad-1863-4811-ad67-9f1b1ae22d39","D03","BARC","BARC.AOS.groundwater.well.006","BARC.W6.20191002.FIL","A00000075642","2019-10-02T13:34Z","2019-10-02T13:34Z","EcoCore_CSU","NH4 - N",0.0397,"milligramsPerLiter",0.5,,0,,"OK"
"ead833e5-63ec-4756-b07d-0e8f9b045f7d","D03","BARC","BARC.AOS.groundwater.well.006","BARC.W6.20191002.PCN","A00000075696","2019-10-02T13:34Z","2019-10-02T13:34Z","EcoCore_CSU","TPC",0.1855,"milligram",0.5,,0,,"OK"
"cda792ea-33b0-4428-982b-a8c81ffec084","D03","BARC","BARC.AOS.groundwater.well.006","BARC.W6.20191002.PCN","A00000075696","2019-10-02T13:34Z","2019-10-02T13:34Z","EcoCore_CSU","TPN",0.1078,"milligram",0.5,,0,,"OK"
"e338759c-04df-43c4-955b-86d3d6ac82a3","D03","BARC","BARC.AOS.groundwater.well.006","BARC.W6.20191002.RAW","A00000075643","2019-10-02T13:34Z","2019-10-02T13:34Z","EcoCore_CSU","TSS - Dry Mass",300.0000,"microgram",0.5,,0,,"OK"
"5c6ca8e2-9f61-4dea-9667-30ab4ad1b3d3","D03","BARC","BARC.AOS.groundwater.well.006","BARC.W6.20191002.RAW","A00000075643","2019-10-02T13:34Z","2019-10-02T13:34Z","EcoCore_CSU","TP",0.0450,"milligramsPerLiter",0.5,,0,,"OK"
"5cef660d-70cb-44b4-a0d5-5beae1f0dc38","D03","BARC","BARC.AOS.groundwater.well.006","BARC.W6.20191002.RAW","A00000075643","2019-10-02T13:34Z","2019-10-02T13:34Z","EcoCore_CSU","ANC",0.0600,"milliequivalentsPerLiter",0.5,,0,,"OK"
"fba186e4-500c-4089-838b-170f0ca07a52","D03","BARC","BARC.AOS.groundwater.well.006","BARC.W6.20191002.RAW","A00000075643","2019-10-02T13:34Z","2019-10-02T13:34Z","EcoCore_CSU","specificConductance",17.4100,"microsiemensPerCentimeter",0.5,,0,,"OK"
"58ac8662-6ec7-408d-bf12-00da46f5b868","D03","BARC","BARC.AOS.groundwater.well.006","BARC.W6.20191002.RAW","A00000075643","2019-10-02T13:34Z","2019-10-02T13:34Z","EcoCore_CSU","TSS",6.0000,"milligramsPerLiter",0.5,,0,,"OK"
"7658654f-b2a2-4eb6-ac3e-352972089eb3","D03","BARC","BARC.AOS.groundwater.well.006","BARC.W6.20191002.RAW","A00000075643","2019-10-02T13:34Z","2019-10-02T13:34Z","EcoCore_CSU","pH",5.3100,"pH",0.5,,0,,"OK"
"2b284fb9-9e23-47cc-b36d-90d859cb38e9","D03","BARC","BARC.AOS.groundwater.well.006","BARC.W6.20191002.FIL","A00000075642","2019-10-02T13:34Z","2019-10-02T13:34Z","EcoCore_CSU","F",0.1200,"milligramsPerLiter",0.5,,0,,"OK"
"a4d91351-85ea-4a6a-993f-dbde7b836054","D03","BARC","BARC.AOS.groundwater.well.006","BARC.W6.20191002.FIL","A00000075642","2019-10-02T13:34Z","2019-10-02T13:34Z","EcoCore_CSU","Na",3.0760,"milligramsPerLiter",0.5,,0,,"OK"
"c698995b-8eda-429c-a575-8bbbd468b6f9","D03","BARC","BARC.AOS.groundwater.well.006","BARC.W6.20191002.FIL","A00000075642","2019-10-02T13:34Z","2019-10-02T13:34Z","EcoCore_CSU","Mn",0.0005,"milligramsPerLiter",0.5,,0,,"OK"
"a6ef3174-3cf1-4865-a45b-801675b9757b","D03","BARC","BARC.AOS.groundwater.well.006","BARC.W6.20191002.FIL","A00000075642","2019-10-02T13:34Z","2019-10-02T13:34Z","EcoCore_CSU","CO3",0.0050,"milligramsPerLiter",0.5,,0,,"OK"
"bd7734b5-c304-46c1-8138-bc898ba12389","D03","BARC","BARC.AOS.groundwater.well.006","BARC.W6.20191002.FIL","A00000075642","2019-10-02T13:34Z","2019-10-02T13:34Z","EcoCore_CSU","SO4",2.3550,"milligramsPerLiter",0.5,,0,,"OK"
"52b6b5da-4786-474c-9c14-303ce134307b","D03","BARC","BARC.AOS.groundwater.well.006","BARC.W6.20191002.FIL","A00000075642","2019-10-02T13:34Z","2019-10-02T13:34Z","EcoCore_CSU","TDP",0.0110,"milligramsPerLiter",0.5,,0,,"OK"
"b7ce8f7d-dae5-48ca-b4c8-63e5090445fa","D03","BARC","BARC.AOS.groundwater.well.006","BARC.W6.20191002.FIL","A00000075642","2019-10-02T13:34Z","2019-10-02T13:34Z","EcoCore_CSU","K",0.0000,"milligramsPerLiter",0.5,,0,,"OK"
"cc4cc7f0-29d1-4639-b169-89b6dcaa7995","D03","BARC","BARC.AOS.groundwater.well.006","BARC.W6.20191002.FIL","A00000075642","2019-10-02T13:34Z","2019-10-02T13:34Z","EcoCore_CSU","Br",0.0050,"milligramsPerLiter",0.5,,0,,"OK"
"11cb9c02-a5ca-40d5-b437-6c6b93015fd9","D03","BARC","BARC.AOS.groundwater.well.006","BARC.W6.20191002.FIL","A00000075642","2019-10-02T13:34Z","2019-10-02T13:34Z","EcoCore_CSU","Cl",2.5600,"milligramsPerLiter",0.5,,0,,"OK"
"64cdcaf6-3108-4696-8482-b0ac8a517e29","D03","BARC","BARC.AOS.groundwater.well.006","BARC.W6.20191002.FIL","A00000075642","2019-10-02T13:34Z","2019-10-02T13:34Z","EcoCore_CSU","TDS",12.9600,"milligramsPerLiter",0.5,,0,,"OK"
"f796c6bc-7d0e-4bac-beb0-7a648a33088f","D03","BARC","BARC.AOS.groundwater.well.006","BARC.W6.20191002.FIL","A00000075642","2019-10-02T13:34Z","2019-10-02T13:34Z","EcoCore_CSU","Mg",0.0720,"milligramsPerLiter",0.5,,0,,"OK"
"c39e162d-376e-43d9-b9e4-0c1f725969e0","D03","BARC","BARC.AOS.groundwater.well.006","BARC.W6.20191002.FIL","A00000075642","2019-10-02T13:34Z","2019-10-02T13:34Z","EcoCore_CSU","Ca",0.5740,"milligramsPerLiter",0.5,,0,,"OK"
"96f5116b-458d-4729-b37b-afda9d946528","D03","BARC","BARC.AOS.groundwater.well.006","BARC.W6.20191002.FIL","A00000075642","2019-10-02T13:34Z","2019-10-02T13:34Z","EcoCore_CSU","Fe",0.0030,"milligramsPerLiter",0.5,,0,,"OK"
"d5e6f5de-93d2-464a-a45b-335ef575a0a0","D03","BARC","BARC.AOS.groundwater.well.008","BARC.W8.20191002.RAW","A00000075645","2019-10-02T14:53Z","2019-10-02T14:53Z","EcoCore_CSU","ANC",0.0600,"milliequivalentsPerLiter",0.5,,0,,"OK"
"ee12afa2-fb5b-43b4-8d67-db34ecfa0369","D03","BARC","BARC.AOS.groundwater.well.008","BARC.W8.20191002.FIL","A00000075644","2019-10-02T14:53Z","2019-10-02T14:53Z","EcoCore_CSU","K",0.0220,"milligramsPerLiter",0.5,,0,,"OK"
"99705ab3-99e8-4dcb-be4b-29eeb971ff43","D03","BARC","BARC.AOS.groundwater.well.008","BARC.W8.20191002.RAW","A00000075645","2019-10-02T14:53Z","2019-10-02T14:53Z","EcoCore_CSU","pH",5.5900,"pH",0.5,,0,,"OK"
"b267e53f-3ce4-4ab4-b681-7e269e3a7845","D03","BARC","BARC.AOS.groundwater.well.008","BARC.W8.20191002.RAW","A00000075645","2019-10-02T14:53Z","2019-10-02T14:53Z","EcoCore_CSU","TSS - Dry Mass",800.0000,"microgram",0.5,,0,,"OK"
"704be771-711e-4bae-808d-a3e6a3dd9884","D03","BARC","BARC.AOS.groundwater.well.008","BARC.W8.20191002.RAW","A00000075645","2019-10-02T14:53Z","2019-10-02T14:53Z","EcoCore_CSU","TSS",16.0000,"milligramsPerLiter",0.5,,0,,"OK"
"75be4175-7c05-454d-aac7-5e7fbfa9500c","D03","BARC","BARC.AOS.groundwater.well.008","BARC.W8.20191002.RAW","A00000075645","2019-10-02T14:53Z","2019-10-02T14:53Z","EcoCore_CSU","TP",0.0760,"milligramsPerLiter",0.5,,0,,"OK"
"6ae8ae71-70d7-4c46-9c54-32e15e645ea7","D03","BARC","BARC.AOS.groundwater.well.008","BARC.W8.20191002.FIL","A00000075644","2019-10-02T14:53Z","2019-10-02T14:53Z","EcoCore_CSU","Br",0.0050,"milligramsPerLiter",0.5,,0,,"OK"
"c7f1c1e5-b983-4567-bf1c-8a00d3a6f2cc","D03","BARC","BARC.AOS.groundwater.well.008","BARC.W8.20191002.FIL","A00000075644","2019-10-02T14:53Z","2019-10-02T14:53Z","EcoCore_CSU","SO4",2.7900,"milligramsPerLiter",0.5,,0,,"OK"
"56606c72-1ab8-4873-a88c-731c3228bf1c","D03","BARC","BARC.AOS.groundwater.well.008","BARC.W8.20191002.FIL","A00000075644","2019-10-02T14:53Z","2019-10-02T14:53Z","EcoCore_CSU","HCO3",2.5100,"milligramsPerLiter",0.5,,0,,"OK"
"0c9966a1-8207-476b-92b9-42e54bd721ae","D03","BARC","BARC.AOS.groundwater.well.008","BARC.W8.20191002.FIL","A00000075644","2019-10-02T14:53Z","2019-10-02T14:53Z","EcoCore_CSU","Si",1.6020,"milligramsPerLiter",0.5,,0,,"OK"
"9ff98bac-eac8-49eb-aa3b-abda89fb84a8","D03","BARC","BARC.AOS.groundwater.well.008","BARC.W8.20191002.FIL","A00000075644","2019-10-02T14:53Z","2019-10-02T14:53Z","EcoCore_CSU","F",0.0050,"milligramsPerLiter",0.5,,0,,"OK"
"1daa3f7e-10ef-4604-83df-2acc333fe443","D03","BARC","BARC.AOS.groundwater.well.008","BARC.W8.20191002.FIL","A00000075644","2019-10-02T14:53Z","2019-10-02T14:53Z","EcoCore_CSU","TDP",0.0100,"milligramsPerLiter",0.5,,0,,"OK"
"256c50ed-4912-4695-80b4-04e8c35a65f6","D03","BARC","BARC.AOS.groundwater.well.008","BARC.W8.20191002.FIL","A00000075644","2019-10-02T14:53Z","2019-10-02T14:53Z","EcoCore_CSU","Na",1.4210,"milligramsPerLiter",0.5,,0,,"OK"
"861729dc-e7c5-4dd3-9560-2a72709f83c0","D03","BARC","BARC.AOS.groundwater.well.008","BARC.W8.20191002.FIL","A00000075644","2019-10-02T14:53Z","2019-10-02T14:53Z","EcoCore_CSU","Fe",0.0005,"milligramsPerLiter",0.5,,0,,"OK"
"a2b8b5e7-a6ee-4fd8-82d5-090cc5252729","D03","BARC","BARC.AOS.groundwater.well.008","BARC.W8.20191002.FIL","A00000075644","2019-10-02T14:53Z","2019-10-02T14:53Z","EcoCore_CSU","Cl",1.1600,"milligramsPerLiter",0.5,,0,,"OK"
"74e892b1-2243-4bfc-bdf8-93b3df7e00d0","D03","BARC","BARC.AOS.groundwater.well.008","BARC.W8.20191002.FIL","A00000075644","2019-10-02T14:53Z","2019-10-02T14:53Z","EcoCore_CSU","CO3",0.0050,"milligramsPerLiter",0.5,,0,,"OK"
"97f4b9ad-7dce-4014-b6b1-afc96f9e45d5","D03","BARC","BARC.AOS.groundwater.well.008","BARC.W8.20191002.FIL","A00000075644","2019-10-02T14:53Z","2019-10-02T14:53Z","EcoCore_CSU","Mn",0.0050,"milligramsPerLiter",0.5,,0,,"OK"
"45c87556-f90a-477d-879b-6193363a4026","D03","BARC","BARC.AOS.groundwater.well.008","BARC.W8.20191002.FIL","A00000075644","2019-10-02T14:53Z","2019-10-02T14:53Z","EcoCore_CSU","Mg",0.1770,"milligramsPerLiter",0.5,,0,,"OK"
"a042a9c3-3909-4dcf-9ce9-c6242c85091c","D03","BARC","BARC.AOS.groundwater.well.008","BARC.W8.20191002.FIL","A00000075644","2019-10-02T14:53Z","2019-10-02T14:53Z","EcoCore_CSU","TDS",8.5300,"milligramsPerLiter",0.5,,0,,"OK"
"9e14cecd-935b-4ec0-bb07-f5afd28443e9","D03","BARC","BARC.AOS.groundwater.well.008","BARC.W8.20191002.FIL","A00000075644","2019-10-02T14:53Z","2019-10-02T14:53Z","EcoCore_CSU","Ca",0.8530,"milligramsPerLiter",0.5,,0,,"OK"
"f129bcaa-0f51-4d7e-9384-b3b95358bd6b","D03","BARC","BARC.AOS.groundwater.well.008","BARC.W8.20191002.FIL","A00000075644","2019-10-02T14:53Z","2019-10-02T14:53Z","EcoCore_CSU","UV Absorbance (280 nm)",0.0048,,0.5,,0,,"OK"
"399434d9-05d9-46bc-8f3c-74d242d08593","D03","BARC","BARC.AOS.groundwater.well.008","BARC.W8.20191002.FIL","A00000075644","2019-10-02T14:53Z","2019-10-02T14:53Z","EcoCore_CSU","UV Absorbance (250 nm)",0.0136,,0.5,,0,,"OK"
"c15ea6b2-e61d-4762-9e82-7af88fdd030d","D03","BARC","BARC.AOS.groundwater.well.008","BARC.W8.20191002.RAW","A00000075645","2019-10-02T14:53Z","2019-10-02T14:53Z","EcoCore_CSU","TN",0.0634,"milligramsPerLiter",0.5,,0,,"OK"
"a1a272cb-f078-4822-96b4-f67d1095d4ad","D03","BARC","BARC.AOS.groundwater.well.008","BARC.W8.20191002.RAW","A00000075645","2019-10-02T14:53Z","2019-10-02T14:53Z","EcoCore_CSU","TOC",1.1280,"milligramsPerLiter",0.5,,0,,"OK"
"25ce907a-006c-4a43-a1ea-278489859680","D03","BARC","BARC.AOS.groundwater.well.008","BARC.W8.20191002.FIL","A00000075644","2019-10-02T14:53Z","2019-10-02T14:53Z","EcoCore_CSU","DOC",1.1620,"milligramsPerLiter",6.0,,0,,"OK"
"30be217d-88da-489e-8c80-f5de5854a8cc","D03","BARC","BARC.AOS.groundwater.well.008","BARC.W8.20191002.FIL","A00000075644","2019-10-02T14:53Z","2019-10-02T14:53Z","EcoCore_CSU","DIC",0.7051,"milligramsPerLiter",0.5,,0,,"OK"
"c50b9d41-1366-4ff0-ae2d-0e06aba9ccca","D03","BARC","BARC.AOS.groundwater.well.008","BARC.W8.20191002.FIL","A00000075644","2019-10-02T14:53Z","2019-10-02T14:53Z","EcoCore_CSU","TDN",0.0902,"milligramsPerLiter",4.5,,0,,"OK"
"3fdf5177-bd45-4e73-9e42-a56f5ddcca22","D03","BARC","BARC.AOS.groundwater.well.008","BARC.W8.20191002.FIL","A00000075644","2019-10-02T14:53Z","2019-10-02T14:53Z","EcoCore_CSU","NH4 - N",0.0304,"milligramsPerLiter",0.5,,0,,"OK"
"f9933607-5b43-44c7-99cb-1511e681cba4","D03","BARC","BARC.AOS.groundwater.well.008","BARC.W8.20191002.FIL","A00000075644","2019-10-02T14:53Z","2019-10-02T14:53Z","EcoCore_CSU","Ortho - P",0.0030,"milligramsPerLiter",0.5,,0,,"OK"
"4c316957-d20d-4dc7-a5a3-a68fad86a642","D03","BARC","BARC.AOS.groundwater.well.008","BARC.W8.20191002.FIL","A00000075644","2019-10-02T14:53Z","2019-10-02T14:53Z","EcoCore_CSU","NO2 - N",-0.0065,"milligramsPerLiter",0.5,,0,,"OK"
"ae807e1a-2139-48aa-97c4-5e525901f76d","D03","BARC","BARC.AOS.groundwater.well.008","BARC.W8.20191002.FIL","A00000075644","2019-10-02T14:53Z","2019-10-02T14:53Z","EcoCore_CSU","NO3+NO2 - N",0.0385,"milligramsPerLiter",0.5,,0,,"OK"
"cd0810bd-7d4a-421b-8196-149babc6c95c","D03","BARC","BARC.AOS.groundwater.well.008","BARC.W8.20191002.PCN","A00000075697","2019-10-02T14:53Z","2019-10-02T14:53Z","EcoCore_CSU","TPN",0.1291,"milligram",0.5,,0,,"OK"
"cc859f99-bedf-4a50-8d1a-a4090d83f94e","D03","BARC","BARC.AOS.groundwater.well.008","BARC.W8.20191002.PCN","A00000075697","2019-10-02T14:53Z","2019-10-02T14:53Z","EcoCore_CSU","TPC",0.2169,"milligram",0.5,,0,,"OK"
"06889132-5627-4faf-bd34-16f69ab8580c","D03","BARC","BARC.AOS.groundwater.well.008","BARC.W8.20191002.RAW","A00000075645","2019-10-02T14:53Z","2019-10-02T14:53Z","EcoCore_CSU","specificConductance",12.0900,"microsiemensPerCentimeter",0.5,,0,,"OK"
