uid,domainID,siteID,namedLocation,decimalLatitude,decimalLongitude,coordinateUncertainty,elevation,elevationUncertainty,geodeticDatum,collectDate,aquaticSiteType,samplingImpractical,waterChemSamplesCollected,adequateSampleVol,parentSampleID,eventID,swcSamplingProtocolVersion,sampleExtractionMethod,samplerType,totalWellDepth,wellWaterDepth,waterColumnHeight,sampleDepth,purgeAverageDischargeRate,purgeTime,gwWellStabilized,purgeDryDateTime,pumpPlacementDate,screenedIntervalDepth,maxAllowableDrawdown,actualDrawdown,MADExceeded,wellVolumePurged,probeIDUnavailable,dissolvedOxygen,dissolvedOxygenSaturation,specificConductance,waterTemp,pH,waterClarityDescrip,waterColorDescrip,aCollectedBy,bCollectedBy,remarks
"cf1900f1-2339-4813-bc18-d8a2c3830a88","D14","SYCA","SYCA.AOS.groundwater.well.003",33.750864,-111.507595,0.1,646.4,0.1,"WGS84","2019-05-29T17:43Z","stream",,,"Y","SYCA.W3.20190529","SYCA.20190529","NEON.DOC.002905vF","low-flow","Groundwater Pump",6.1,3.1,3.0,4.1,,,,,,,,,,2.7,,0.65,7.30,508.00,20.90,7.27,"clear","colorless","0000-0001-8362-7797","0000-0002-9823-2170",
"276fad19-d469-4db9-a67a-cd79d2bd3993","D14","SYCA","SYCA.AOS.groundwater.well.004",33.750662,-111.507276,0.1,646.6,0.1,"WGS84","2019-05-29T20:42Z","stream",,,"Y","SYCA.W4.20190529","SYCA.20190529","NEON.DOC.002905vF","low-flow","Groundwater Pump",6.2,3.5,2.6,4.5,,,,,,,,,,3.6,,1.85,20.60,560.00,20.70,7.28,"clear","colorless","0000-0001-8362-7797","0000-0002-9823-2170",
"4a144373-9447-47d9-a5f8-198587b8e2b0","D14","SYCA","SYCA.AOS.groundwater.well.002",33.750561,-111.507255,0.1,646.2,0.1,"WGS84","2019-05-29T22:17Z","stream",,,"Y","SYCA.W2.20190529","SYCA.20190529","NEON.DOC.002905vF","low-flow","Groundwater Pump",6.7,3.2,3.6,4.2,,,,,,,,,,1.7,,2.56,27.90,523.00,19.30,7.37,"clear","colorless","0000-0001-8362-7797","0000-0002-6694-2717",
"cb8eac33-1bf2-4a1e-91f2-c55372f9e50d","D14","SYCA","SYCA.AOS.groundwater.well.001",33.750514,-111.507112,0.1,646.3,0.1,"WGS84","2019-05-30T00:01Z","stream",,,"Y","SYCA.W1.20190529","SYCA.20190529","NEON.DOC.002905vF","low-flow","Groundwater Pump",6.8,3.3,3.5,4.3,,,,,,,,,,1.8,,1.80,20.50,534.00,21.70,7.28,"clear","colorless","0000-0001-8362-7797","0000-0002-6694-2717",
