uid,domainID,siteID,namedLocation,collectDate,titrationDate,parentSampleID,domainSampleID,remarks,measuredBy,alkMeqPerL,alkMgPerL,ancMeqPerL,ancMgPerL
"d600de9e-79d8-4e4b-a50d-eff85d3fe4f4","D14","SYCA","SYCA.AOS.groundwater.well.003","2019-05-29T17:43Z","2019-05-30T18:04Z","SYCA.W3.20190529","SYCA.W3.20190529.ALK",,"guswiler",4.740,237.000,,
"1c02a13d-7af9-4599-9fa3-2d4154081ebf","D14","SYCA","SYCA.AOS.groundwater.well.004","2019-05-29T20:42Z","2019-05-30T18:48Z","SYCA.W4.20190529","SYCA.W4.20190529.ALK",,"guswiler",5.080,254.000,,
"3c26dec8-1246-4b80-b9ef-ffc80c2a5f81","D14","SYCA","SYCA.AOS.groundwater.well.002","2019-05-29T22:17Z","2019-05-30T21:47Z","SYCA.W2.20190529","SYCA.W2.20190529.ALK",,"guswiler",4.640,232.000,,
"4048d47b-78fe-447b-be90-eb25cac5ea9f","D14","SYCA","SYCA.AOS.groundwater.well.001","2019-05-30T00:01Z","2019-05-30T22:17Z","SYCA.W1.20190529","SYCA.W1.20190529.ALK",,"guswiler",4.910,246.000,,
