uid,domainID,siteID,namedLocation,collectDate,parentSampleID,sampleCondition,sampleID,replicateNumber,gwwDICBubbleFree,gwwFiltSampleHeadspace,gwwAlkSampleHeadspace,gwwAlkSampleBubbleFree,processedDate,processedDateFilters,sampleVolumeFiltered,shipmentTimeRange
"07684ab1-cdfb-4cd6-b6dc-9c37c6c5a21c","D14","SYCA","SYCA.AOS.groundwater.well.003","2019-05-29T17:43Z","SYCA.W3.20190529","Sample condition ok","SYCA.W3.20190529",1,,,,,"2019-05-29T17:43Z","2019-05-29T19:10Z",1380.0,
"40cdd6d1-6b68-4ee4-a032-16d74072b6f0","D14","SYCA","SYCA.AOS.groundwater.well.004","2019-05-29T20:42Z","SYCA.W4.20190529","Sample condition ok","SYCA.W4.20190529",1,,,,,"2019-05-29T20:42Z","2019-05-29T21:19Z",1800.0,
"58ca2768-49d5-46a1-87d5-5778afd20a68","D14","SYCA","SYCA.AOS.groundwater.well.002","2019-05-29T22:17Z","SYCA.W2.20190529","Sample condition ok","SYCA.W2.20190529",1,,,,,"2019-05-29T22:17Z","2019-05-29T23:01Z",2168.0,
"f6bdaa44-50d1-4bf6-add2-2b0ba00f6d38","D14","SYCA","SYCA.AOS.groundwater.well.001","2019-05-30T00:01Z","SYCA.W1.20190529","Sample condition ok","SYCA.W1.20190529",1,,,,,"2019-05-30T00:01Z","2019-05-30T00:20Z",2140.0,
