uid,domainID,siteID,namedLocation,sampleID,sampleCode,startDate,collectDate,laboratoryName,analyte,analyteConcentration,analyteUnits,coolerTemp,remarks,shipmentWarmQF,externalLabDataQF,sampleCondition
"60b0619b-c372-40bd-8d71-959ebd34deb2","D14","SYCA","SYCA.AOS.groundwater.well.003","SYCA.W3.20190529.RAW","A00000094832","2019-05-29T17:43Z","2019-05-29T17:43Z","EcoCore_CSU","TP",0.1268,"milligramsPerLiter",2.4,,0,"formatChange","GOOD"
"ec870e3a-56d3-4390-89f8-92767afa594d","D14","SYCA","SYCA.AOS.groundwater.well.003","SYCA.W3.20190529.FIL","A00000094842","2019-05-29T17:43Z","2019-05-29T17:43Z","EcoCore_CSU","Ca",50.4910,"milligramsPerLiter",2.4,,0,"formatChange","GOOD"
"c036b5c1-92c2-4bf4-ba0c-cf63213a5239","D14","SYCA","SYCA.AOS.groundwater.well.003","SYCA.W3.20190529.FIL","A00000094842","2019-05-29T17:43Z","2019-05-29T17:43Z","EcoCore_CSU","Mg",19.7300,"milligramsPerLiter",2.4,,0,"formatChange","GOOD"
"67994561-8bcc-4c0e-bb66-2267dc84d110","D14","SYCA","SYCA.AOS.groundwater.well.003","SYCA.W3.20190529.FIL","A00000094842","2019-05-29T17:43Z","2019-05-29T17:43Z","EcoCore_CSU","Cl",8.4546,"milligramsPerLiter",2.4,,0,"formatChange","GOOD"
"2cc214cf-c96c-4157-a3c9-b0ef128f8c6c","D14","SYCA","SYCA.AOS.groundwater.well.003","SYCA.W3.20190529.FIL","A00000094842","2019-05-29T17:43Z","2019-05-29T17:43Z","EcoCore_CSU","Mn",0.0005,"milligramsPerLiter",2.4,,0,"formatChange","GOOD"
"d1109716-0e90-4971-9a88-f7db178cb32f","D14","SYCA","SYCA.AOS.groundwater.well.003","SYCA.W3.20190529.FIL","A00000094842","2019-05-29T17:43Z","2019-05-29T17:43Z","EcoCore_CSU","SO4",43.6374,"milligramsPerLiter",2.4,,0,"formatChange","GOOD"
"438010df-fa04-4cd1-a42a-4b0b7ba7f83e","D14","SYCA","SYCA.AOS.groundwater.well.003","SYCA.W3.20190529.FIL","A00000094842","2019-05-29T17:43Z","2019-05-29T17:43Z","EcoCore_CSU","UV Absorbance (280 nm)",0.0937,,2.4,,0,"formatChange","GOOD"
"2731b040-c5da-4978-a0e1-e6340ddb430b","D14","SYCA","SYCA.AOS.groundwater.well.003","SYCA.W3.20190529.RAW","A00000094832","2019-05-29T17:43Z","2019-05-29T17:43Z","EcoCore_CSU","TSS - Dry Mass",100.0000,"microgram",2.4,,0,"formatChange","GOOD"
"d316c7b1-2203-4b87-ab8b-1727720a84b2","D14","SYCA","SYCA.AOS.groundwater.well.003","SYCA.W3.20190529.FIL","A00000094842","2019-05-29T17:43Z","2019-05-29T17:43Z","EcoCore_CSU","Si",14.5458,"milligramsPerLiter",2.4,,0,"formatChange","GOOD"
"641a2fbc-e975-4df6-a33b-17f4df91d5c7","D14","SYCA","SYCA.AOS.groundwater.well.003","SYCA.W3.20190529.FIL","A00000094842","2019-05-29T17:43Z","2019-05-29T17:43Z","EcoCore_CSU","DIC",65.3600,"milligramsPerLiter",2.4,,0,"formatChange","GOOD"
"f8b90caa-36bc-44fa-a0fb-c2883699e216","D14","SYCA","SYCA.AOS.groundwater.well.003","SYCA.W3.20190529.FIL","A00000094842","2019-05-29T17:43Z","2019-05-29T17:43Z","EcoCore_CSU","Fe",0.0005,"milligramsPerLiter",2.4,,0,"formatChange","GOOD"
"52fe2e4b-7a48-44a8-96bd-f5164a274288","D14","SYCA","SYCA.AOS.groundwater.well.003","SYCA.W3.20190529.FIL","A00000094842","2019-05-29T17:43Z","2019-05-29T17:43Z","EcoCore_CSU","NO3+NO2 - N",0.0638,"milligramsPerLiter",2.4,,0,"formatChange","GOOD"
"ddb84104-3b97-44d6-a607-216b98d2d723","D14","SYCA","SYCA.AOS.groundwater.well.003","SYCA.W3.20190529.FIL","A00000094842","2019-05-29T17:43Z","2019-05-29T17:43Z","EcoCore_CSU","TDP",0.0449,"milligramsPerLiter",2.4,,0,"formatChange","GOOD"
"f5baeb50-20a6-4626-997b-090b2302dc8a","D14","SYCA","SYCA.AOS.groundwater.well.003","SYCA.W3.20190529.FIL","A00000094842","2019-05-29T17:43Z","2019-05-29T17:43Z","EcoCore_CSU","DOC",2.6510,"milligramsPerLiter",2.4,,0,"formatChange","GOOD"
"7e724c62-db98-4843-ae76-00f8266eb86c","D14","SYCA","SYCA.AOS.groundwater.well.003","SYCA.W3.20190529.RAW","A00000094832","2019-05-29T17:43Z","2019-05-29T17:43Z","EcoCore_CSU","TSS",2.0000,"milligramsPerLiter",2.4,,0,"formatChange","GOOD"
"165df27c-8292-4c6b-b387-93cd62daa725","D14","SYCA","SYCA.AOS.groundwater.well.003","SYCA.W3.20190529.FIL","A00000094842","2019-05-29T17:43Z","2019-05-29T17:43Z","EcoCore_CSU","NH4 - N",0.0269,"milligramsPerLiter",2.4,,0,"formatChange","GOOD"
"521e3b2c-1213-4a6f-89c6-e5fe9c972e63","D14","SYCA","SYCA.AOS.groundwater.well.003","SYCA.W3.20190529.FIL","A00000094842","2019-05-29T17:43Z","2019-05-29T17:43Z","EcoCore_CSU","NO2 - N",-0.0030,"milligramsPerLiter",2.4,,0,"formatChange","GOOD"
"7caa80ca-a580-45a2-b289-cfb93f88b551","D14","SYCA","SYCA.AOS.groundwater.well.003","SYCA.W3.20190529.RAW","A00000094832","2019-05-29T17:43Z","2019-05-29T17:43Z","EcoCore_CSU","conductivity",505.9400,"microsiemensPerCentimeter",2.4,,0,"formatChange","GOOD"
"446b3683-e78e-4c8f-b85e-8a3b9ea12075","D14","SYCA","SYCA.AOS.groundwater.well.003","SYCA.W3.20190529.FIL","A00000094842","2019-05-29T17:43Z","2019-05-29T17:43Z","EcoCore_CSU","Br",0.0050,"milligramsPerLiter",2.4,,0,"formatChange","GOOD"
"2f398261-fd3b-437a-a9da-708d620717dd","D14","SYCA","SYCA.AOS.groundwater.well.003","SYCA.W3.20190529.RAW","A00000094832","2019-05-29T17:43Z","2019-05-29T17:43Z","EcoCore_CSU","TOC",2.4880,"milligramsPerLiter",2.4,,0,"formatChange","GOOD"
"b5052a17-9695-48ee-b348-4f52de306923","D14","SYCA","SYCA.AOS.groundwater.well.003","SYCA.W3.20190529.FIL","A00000094842","2019-05-29T17:43Z","2019-05-29T17:43Z","EcoCore_CSU","HCO3",234.0800,"milligramsPerLiter",2.4,,0,"formatChange","GOOD"
"e5281ffe-796f-4302-af09-718e4b0d96c9","D14","SYCA","SYCA.AOS.groundwater.well.003","SYCA.W3.20190529.FIL","A00000094842","2019-05-29T17:43Z","2019-05-29T17:43Z","EcoCore_CSU","UV Absorbance (250 nm)",0.1212,,2.4,,0,"formatChange","GOOD"
"deb17799-1292-4840-89e5-2e4365000175","D14","SYCA","SYCA.AOS.groundwater.well.003","SYCA.W3.20190529.FIL","A00000094842","2019-05-29T17:43Z","2019-05-29T17:43Z","EcoCore_CSU","F",1.0733,"milligramsPerLiter",2.4,,0,"formatChange","GOOD"
"fbcd5611-cffd-4b7d-890b-72650af60c61","D14","SYCA","SYCA.AOS.groundwater.well.003","SYCA.W3.20190529.FIL","A00000094842","2019-05-29T17:43Z","2019-05-29T17:43Z","EcoCore_CSU","CO3",0.0050,"milligramsPerLiter",2.4,,0,"formatChange","GOOD"
"173377fa-16ec-41d4-ad32-41d926a0a5d7","D14","SYCA","SYCA.AOS.groundwater.well.003","SYCA.W3.20190529.RAW","A00000094832","2019-05-29T17:43Z","2019-05-29T17:43Z","EcoCore_CSU","TN",0.1861,"milligramsPerLiter",2.4,,0,"formatChange","GOOD"
"85508ffb-853d-415c-ac86-b6a1aac9f076","D14","SYCA","SYCA.AOS.groundwater.well.003","SYCA.W3.20190529.PCN","A00000094836","2019-05-29T17:43Z","2019-05-29T17:43Z","EcoCore_CSU","TPC",0.2558,"milligram",2.4,,0,"formatChange","GOOD"
"af1e5016-afbc-4329-b221-78e99910297d","D14","SYCA","SYCA.AOS.groundwater.well.003","SYCA.W3.20190529.FIL","A00000094842","2019-05-29T17:43Z","2019-05-29T17:43Z","EcoCore_CSU","Na",19.4000,"milligramsPerLiter",2.4,,0,"formatChange","GOOD"
"8491fe1c-5358-4dbc-8860-ecd8320a8794","D14","SYCA","SYCA.AOS.groundwater.well.003","SYCA.W3.20190529.FIL","A00000094842","2019-05-29T17:43Z","2019-05-29T17:43Z","EcoCore_CSU","K",1.2910,"milligramsPerLiter",2.4,,0,"formatChange","GOOD"
"55657a12-0958-4c55-bb38-9d81a5d4091e","D14","SYCA","SYCA.AOS.groundwater.well.003","SYCA.W3.20190529.RAW","A00000094832","2019-05-29T17:43Z","2019-05-29T17:43Z","EcoCore_CSU","ANC",4.0100,"milliequivalentsPerLiter",2.4,,0,"formatChange","GOOD"
"bdf6c096-2742-4ae1-b348-f094b2e4351a","D14","SYCA","SYCA.AOS.groundwater.well.003","SYCA.W3.20190529.FIL","A00000094842","2019-05-29T17:43Z","2019-05-29T17:43Z","EcoCore_CSU","Ortho - P",0.0520,"milligramsPerLiter",2.4,,0,"formatChange","GOOD"
"955b5ddb-196f-405a-9a2c-4e63fd2e1948","D14","SYCA","SYCA.AOS.groundwater.well.003","SYCA.W3.20190529.RAW","A00000094832","2019-05-29T17:43Z","2019-05-29T17:43Z","EcoCore_CSU","pH",8.2500,"pH",2.4,,0,"formatChange","GOOD"
"c1d0ae6b-7a8a-4260-8e78-685a99f78046","D14","SYCA","SYCA.AOS.groundwater.well.003","SYCA.W3.20190529.FIL","A00000094842","2019-05-29T17:43Z","2019-05-29T17:43Z","EcoCore_CSU","TDS",355.4700,"milligramsPerLiter",2.4,,0,"formatChange","GOOD"
"7767e502-43fe-4d73-a9e4-56b07ae0f2ac","D14","SYCA","SYCA.AOS.groundwater.well.003","SYCA.W3.20190529.PCN","A00000094836","2019-05-29T17:43Z","2019-05-29T17:43Z","EcoCore_CSU","TPN",0.1361,"milligram",2.4,,0,"formatChange","GOOD"
"765e0bfa-6000-4aa2-a7d7-0ed0695a9a3c","D14","SYCA","SYCA.AOS.groundwater.well.003","SYCA.W3.20190529.FIL","A00000094842","2019-05-29T17:43Z","2019-05-29T17:43Z","EcoCore_CSU","TDN",0.2018,"milligramsPerLiter",2.4,,0,"formatChange","GOOD"
"149fdfb2-be48-411a-9ec4-83bd14385bd5","D14","SYCA","SYCA.AOS.groundwater.well.004","SYCA.W4.20190529.FIL","A00000094837","2019-05-29T20:42Z","2019-05-29T20:42Z","EcoCore_CSU","Ca",52.5710,"milligramsPerLiter",2.4,,0,"formatChange","GOOD"
"b2478f2e-4ac9-4370-b27d-0c51cd55e556","D14","SYCA","SYCA.AOS.groundwater.well.004","SYCA.W4.20190529.FIL","A00000094837","2019-05-29T20:42Z","2019-05-29T20:42Z","EcoCore_CSU","Na",24.4300,"milligramsPerLiter",2.4,,0,"formatChange","GOOD"
"6212b7a9-5944-40b2-86d6-8c3ca14fdf9f","D14","SYCA","SYCA.AOS.groundwater.well.004","SYCA.W4.20190529.FIL","A00000094837","2019-05-29T20:42Z","2019-05-29T20:42Z","EcoCore_CSU","HCO3",252.3600,"milligramsPerLiter",2.4,,0,"formatChange","GOOD"
"16777986-ebd3-4eaf-a02b-47821f697d52","D14","SYCA","SYCA.AOS.groundwater.well.004","SYCA.W4.20190529.RAW","A00000094839","2019-05-29T20:42Z","2019-05-29T20:42Z","EcoCore_CSU","pH",7.5000,"pH",2.4,,0,"formatChange","GOOD"
"7fa8bd42-ba1c-44d1-96d8-266ccb740254","D14","SYCA","SYCA.AOS.groundwater.well.004","SYCA.W4.20190529.FIL","A00000094837","2019-05-29T20:42Z","2019-05-29T20:42Z","EcoCore_CSU","TDP",0.0427,"milligramsPerLiter",2.4,,0,"formatChange","GOOD"
"a4286f70-0cbf-4142-afc9-b5508f307b7e","D14","SYCA","SYCA.AOS.groundwater.well.004","SYCA.W4.20190529.FIL","A00000094837","2019-05-29T20:42Z","2019-05-29T20:42Z","EcoCore_CSU","NO2 - N",-0.0034,"milligramsPerLiter",2.4,,0,"formatChange","GOOD"
"7aec04fc-d0f3-4a06-8def-fabed8c24d60","D14","SYCA","SYCA.AOS.groundwater.well.004","SYCA.W4.20190529.FIL","A00000094837","2019-05-29T20:42Z","2019-05-29T20:42Z","EcoCore_CSU","K",1.0230,"milligramsPerLiter",2.4,,0,"formatChange","GOOD"
"61ed95c3-ab99-43e1-91ce-3ee006230b01","D14","SYCA","SYCA.AOS.groundwater.well.004","SYCA.W4.20190529.FIL","A00000094837","2019-05-29T20:42Z","2019-05-29T20:42Z","EcoCore_CSU","F",1.0670,"milligramsPerLiter",2.4,,0,"formatChange","GOOD"
"b9febccd-7e42-4862-8129-f11add064f28","D14","SYCA","SYCA.AOS.groundwater.well.004","SYCA.W4.20190529.RAW","A00000094839","2019-05-29T20:42Z","2019-05-29T20:42Z","EcoCore_CSU","conductivity",556.2800,"microsiemensPerCentimeter",2.4,,0,"formatChange","GOOD"
"6e402c2d-22c3-48cd-bb92-9955440cccb3","D14","SYCA","SYCA.AOS.groundwater.well.004","SYCA.W4.20190529.FIL","A00000094837","2019-05-29T20:42Z","2019-05-29T20:42Z","EcoCore_CSU","Mn",0.0010,"milligramsPerLiter",2.4,,0,"formatChange","GOOD"
"a4c1d1fa-c977-4dbb-a5d2-45fd5e7d1b22","D14","SYCA","SYCA.AOS.groundwater.well.004","SYCA.W4.20190529.RAW","A00000094839","2019-05-29T20:42Z","2019-05-29T20:42Z","EcoCore_CSU","TP",0.1311,"milligramsPerLiter",2.4,,0,"formatChange","GOOD"
"6542e960-8417-4216-af5f-d1a8ad11b601","D14","SYCA","SYCA.AOS.groundwater.well.004","SYCA.W4.20190529.FIL","A00000094837","2019-05-29T20:42Z","2019-05-29T20:42Z","EcoCore_CSU","CO3",0.0050,"milligramsPerLiter",2.4,,0,"formatChange","GOOD"
"fc89ab80-519e-40e6-a49c-6451a5a1d68e","D14","SYCA","SYCA.AOS.groundwater.well.004","SYCA.W4.20190529.FIL","A00000094837","2019-05-29T20:42Z","2019-05-29T20:42Z","EcoCore_CSU","Ortho - P",0.0540,"milligramsPerLiter",2.4,,0,"formatChange","GOOD"
"51b2e7dd-8415-4fec-85b9-3c7d824ff44b","D14","SYCA","SYCA.AOS.groundwater.well.004","SYCA.W4.20190529.FIL","A00000094837","2019-05-29T20:42Z","2019-05-29T20:42Z","EcoCore_CSU","Br",0.0050,"milligramsPerLiter",2.4,,0,"formatChange","GOOD"
"22e9f5bf-ce0e-4c8e-b964-63091d10ce1e","D14","SYCA","SYCA.AOS.groundwater.well.004","SYCA.W4.20190529.FIL","A00000094837","2019-05-29T20:42Z","2019-05-29T20:42Z","EcoCore_CSU","UV Absorbance (280 nm)",0.0236,,2.4,,0,"formatChange","GOOD"
"69c75339-c49a-49d8-a618-4f06cffa3d96","D14","SYCA","SYCA.AOS.groundwater.well.004","SYCA.W4.20190529.RAW","A00000094839","2019-05-29T20:42Z","2019-05-29T20:42Z","EcoCore_CSU","ANC",4.2800,"milliequivalentsPerLiter",2.4,,0,"formatChange","GOOD"
"ce6f9176-d9cb-4a3d-b46f-fa1d809eb5b9","D14","SYCA","SYCA.AOS.groundwater.well.004","SYCA.W4.20190529.RAW","A00000094839","2019-05-29T20:42Z","2019-05-29T20:42Z","EcoCore_CSU","TSS",2.0000,"milligramsPerLiter",2.4,,0,"formatChange","GOOD"
"2503da07-eab9-4ca5-9b7f-c3c20a2b1ff0","D14","SYCA","SYCA.AOS.groundwater.well.004","SYCA.W4.20190529.FIL","A00000094837","2019-05-29T20:42Z","2019-05-29T20:42Z","EcoCore_CSU","DOC",2.5190,"milligramsPerLiter",2.4,,0,"formatChange","GOOD"
"285dd066-3da4-491d-87e5-f7f2eab634a1","D14","SYCA","SYCA.AOS.groundwater.well.004","SYCA.W4.20190529.FIL","A00000094837","2019-05-29T20:42Z","2019-05-29T20:42Z","EcoCore_CSU","DIC",76.8600,"milligramsPerLiter",2.4,,0,"formatChange","GOOD"
"2583a9ae-2ad4-4ff3-9ef5-825d220f35ea","D14","SYCA","SYCA.AOS.groundwater.well.004","SYCA.W4.20190529.FIL","A00000094837","2019-05-29T20:42Z","2019-05-29T20:42Z","EcoCore_CSU","Mg",22.0700,"milligramsPerLiter",2.4,,0,"formatChange","GOOD"
"82765ffc-f584-4ffb-bf6f-afe94d88c702","D14","SYCA","SYCA.AOS.groundwater.well.004","SYCA.W4.20190529.PCN","A00000094840","2019-05-29T20:42Z","2019-05-29T20:42Z","EcoCore_CSU","TPN",0.1440,"milligram",2.4,,0,"formatChange","GOOD"
"2649bf15-00d4-4d77-8f34-f29adada76ae","D14","SYCA","SYCA.AOS.groundwater.well.004","SYCA.W4.20190529.FIL","A00000094837","2019-05-29T20:42Z","2019-05-29T20:42Z","EcoCore_CSU","TDS",390.2800,"milligramsPerLiter",2.4,,0,"formatChange","GOOD"
"7e5d6848-8d7e-4ce0-acc7-e0551280af68","D14","SYCA","SYCA.AOS.groundwater.well.004","SYCA.W4.20190529.FIL","A00000094837","2019-05-29T20:42Z","2019-05-29T20:42Z","EcoCore_CSU","UV Absorbance (250 nm)",0.0413,,2.4,,0,"formatChange","GOOD"
"c0753034-0bd2-4458-b3cd-e1ec22bf8dc9","D14","SYCA","SYCA.AOS.groundwater.well.004","SYCA.W4.20190529.FIL","A00000094837","2019-05-29T20:42Z","2019-05-29T20:42Z","EcoCore_CSU","Fe",0.0005,"milligramsPerLiter",2.4,,0,"formatChange","GOOD"
"a80d8e39-1fac-45f0-9422-94637a5f6bac","D14","SYCA","SYCA.AOS.groundwater.well.004","SYCA.W4.20190529.FIL","A00000094837","2019-05-29T20:42Z","2019-05-29T20:42Z","EcoCore_CSU","SO4",53.9925,"milligramsPerLiter",2.4,,0,"formatChange","GOOD"
"902ccb8b-07bc-408d-978e-07cb6ccffd11","D14","SYCA","SYCA.AOS.groundwater.well.004","SYCA.W4.20190529.FIL","A00000094837","2019-05-29T20:42Z","2019-05-29T20:42Z","EcoCore_CSU","NO3+NO2 - N",0.3173,"milligramsPerLiter",2.4,,0,"formatChange","GOOD"
"e467eea6-b98b-4d21-8957-cb52419c7196","D14","SYCA","SYCA.AOS.groundwater.well.004","SYCA.W4.20190529.RAW","A00000094839","2019-05-29T20:42Z","2019-05-29T20:42Z","EcoCore_CSU","TSS - Dry Mass",100.0000,"microgram",2.4,,0,"formatChange","GOOD"
"3fdd929b-ae33-4459-924c-800ca07623a4","D14","SYCA","SYCA.AOS.groundwater.well.004","SYCA.W4.20190529.FIL","A00000094837","2019-05-29T20:42Z","2019-05-29T20:42Z","EcoCore_CSU","TDN",0.4137,"milligramsPerLiter",2.4,,0,"formatChange","GOOD"
"f10a6b1c-919b-4c0f-b34f-d18faa32ae80","D14","SYCA","SYCA.AOS.groundwater.well.004","SYCA.W4.20190529.RAW","A00000094839","2019-05-29T20:42Z","2019-05-29T20:42Z","EcoCore_CSU","TOC",2.2640,"milligramsPerLiter",2.4,,0,"formatChange","GOOD"
"6e5c27c1-8350-415b-ad61-00b2f5a49ad2","D14","SYCA","SYCA.AOS.groundwater.well.004","SYCA.W4.20190529.FIL","A00000094837","2019-05-29T20:42Z","2019-05-29T20:42Z","EcoCore_CSU","Si",17.9975,"milligramsPerLiter",2.4,,0,"formatChange","GOOD"
"91a891d8-1149-4bb6-9b36-11d8ab0abd42","D14","SYCA","SYCA.AOS.groundwater.well.004","SYCA.W4.20190529.FIL","A00000094837","2019-05-29T20:42Z","2019-05-29T20:42Z","EcoCore_CSU","NH4 - N",0.0464,"milligramsPerLiter",2.4,,0,"formatChange","GOOD"
"9faeb52a-f69e-4d10-8227-41a28097c95b","D14","SYCA","SYCA.AOS.groundwater.well.004","SYCA.W4.20190529.FIL","A00000094837","2019-05-29T20:42Z","2019-05-29T20:42Z","EcoCore_CSU","Cl",7.8913,"milligramsPerLiter",2.4,,0,"formatChange","GOOD"
"a2a63a94-0413-42e4-b8c9-3abd3ea8456e","D14","SYCA","SYCA.AOS.groundwater.well.004","SYCA.W4.20190529.PCN","A00000094840","2019-05-29T20:42Z","2019-05-29T20:42Z","EcoCore_CSU","TPC",0.2392,"milligram",2.4,,0,"formatChange","GOOD"
"6d6a150d-e31c-438e-b2a9-d59b80446924","D14","SYCA","SYCA.AOS.groundwater.well.004","SYCA.W4.20190529.RAW","A00000094839","2019-05-29T20:42Z","2019-05-29T20:42Z","EcoCore_CSU","TN",0.3914,"milligramsPerLiter",2.4,,0,"formatChange","GOOD"
"c7bede76-6ce5-44d1-a56e-46ad899b91f9","D14","SYCA","SYCA.AOS.groundwater.well.002","SYCA.W2.20190529.FIL","A00000094841","2019-05-29T22:17Z","2019-05-29T22:17Z","EcoCore_CSU","Br",0.0050,"milligramsPerLiter",3.1,,0,"formatChange","GOOD"
"0dc7d897-b4b2-4cdf-8eff-96c4e2977dbd","D14","SYCA","SYCA.AOS.groundwater.well.002","SYCA.W2.20190529.FIL","A00000094841","2019-05-29T22:17Z","2019-05-29T22:17Z","EcoCore_CSU","F",1.0668,"milligramsPerLiter",3.1,,0,"formatChange","GOOD"
"02219662-b227-4b47-80c7-1877f3ac4a34","D14","SYCA","SYCA.AOS.groundwater.well.002","SYCA.W2.20190529.RAW","A00000094843","2019-05-29T22:17Z","2019-05-29T22:17Z","EcoCore_CSU","TN",0.2632,"milligramsPerLiter",3.1,,0,"formatChange","GOOD"
"6443ce88-8fe1-45d0-8ecc-c81a243962c9","D14","SYCA","SYCA.AOS.groundwater.well.002","SYCA.W2.20190529.FIL","A00000094841","2019-05-29T22:17Z","2019-05-29T22:17Z","EcoCore_CSU","TDP",0.0427,"milligramsPerLiter",3.1,,0,"formatChange","GOOD"
"84290735-0190-4229-9faa-3df4fe00a90b","D14","SYCA","SYCA.AOS.groundwater.well.002","SYCA.W2.20190529.RAW","A00000094843","2019-05-29T22:17Z","2019-05-29T22:17Z","EcoCore_CSU","TOC",2.1210,"milligramsPerLiter",3.1,,0,"formatChange","GOOD"
"2ea28154-1c92-49be-a80f-7a053cfd4e0f","D14","SYCA","SYCA.AOS.groundwater.well.002","SYCA.W2.20190529.FIL","A00000094841","2019-05-29T22:17Z","2019-05-29T22:17Z","EcoCore_CSU","UV Absorbance (280 nm)",0.0202,,3.1,,0,"formatChange","GOOD"
"65eaf6a7-548e-4c26-bbf9-699636aa1d30","D14","SYCA","SYCA.AOS.groundwater.well.002","SYCA.W2.20190529.FIL","A00000094841","2019-05-29T22:17Z","2019-05-29T22:17Z","EcoCore_CSU","CO3",0.0050,"milligramsPerLiter",3.1,,0,"formatChange","GOOD"
"27750cd7-c78b-42ff-ba19-c1f0078a0cd7","D14","SYCA","SYCA.AOS.groundwater.well.002","SYCA.W2.20190529.FIL","A00000094841","2019-05-29T22:17Z","2019-05-29T22:17Z","EcoCore_CSU","Na",18.8700,"milligramsPerLiter",3.1,,0,"formatChange","GOOD"
"8ac55026-ba3d-4843-9457-ecb2dd1f4df8","D14","SYCA","SYCA.AOS.groundwater.well.002","SYCA.W2.20190529.FIL","A00000094841","2019-05-29T22:17Z","2019-05-29T22:17Z","EcoCore_CSU","Fe",0.0005,"milligramsPerLiter",3.1,,0,"formatChange","GOOD"
"94a206d9-52fe-4956-ad6e-a5d14fb5ba7f","D14","SYCA","SYCA.AOS.groundwater.well.002","SYCA.W2.20190529.FIL","A00000094841","2019-05-29T22:17Z","2019-05-29T22:17Z","EcoCore_CSU","NO3+NO2 - N",0.1573,"milligramsPerLiter",3.1,,0,"formatChange","GOOD"
"ebe6f5b7-938b-4b25-8e19-0323aef9d926","D14","SYCA","SYCA.AOS.groundwater.well.002","SYCA.W2.20190529.PCN","A00000094845","2019-05-29T22:17Z","2019-05-29T22:17Z","EcoCore_CSU","TPC",0.3827,"milligram",3.1,,0,"formatChange","GOOD"
"d366e87e-17bd-4246-a7bd-fe148529cdd6","D14","SYCA","SYCA.AOS.groundwater.well.002","SYCA.W2.20190529.FIL","A00000094841","2019-05-29T22:17Z","2019-05-29T22:17Z","EcoCore_CSU","HCO3",229.1500,"milligramsPerLiter",3.1,,0,"formatChange","GOOD"
"bab4d9a2-f07c-4b43-a02f-6b1f8c34e8b0","D14","SYCA","SYCA.AOS.groundwater.well.002","SYCA.W2.20190529.RAW","A00000094843","2019-05-29T22:17Z","2019-05-29T22:17Z","EcoCore_CSU","ANC",3.9500,"milliequivalentsPerLiter",3.1,,0,"formatChange","GOOD"
"95943354-c1e1-44b3-b311-8ed17f0fc5f3","D14","SYCA","SYCA.AOS.groundwater.well.002","SYCA.W2.20190529.FIL","A00000094841","2019-05-29T22:17Z","2019-05-29T22:17Z","EcoCore_CSU","TDS",352.7400,"milligramsPerLiter",3.1,,0,"formatChange","GOOD"
"42d3cc76-f2fe-47d0-ac6f-7b8fdea607f9","D14","SYCA","SYCA.AOS.groundwater.well.002","SYCA.W2.20190529.FIL","A00000094841","2019-05-29T22:17Z","2019-05-29T22:17Z","EcoCore_CSU","UV Absorbance (250 nm)",0.0355,,3.1,,0,"formatChange","GOOD"
"4b1000b0-66a5-4a80-ab18-8ffb12937c01","D14","SYCA","SYCA.AOS.groundwater.well.002","SYCA.W2.20190529.FIL","A00000094841","2019-05-29T22:17Z","2019-05-29T22:17Z","EcoCore_CSU","Si",15.4345,"milligramsPerLiter",3.1,,0,"formatChange","GOOD"
"763cac29-efd4-47d1-9d6b-34dc2bc465bd","D14","SYCA","SYCA.AOS.groundwater.well.002","SYCA.W2.20190529.RAW","A00000094843","2019-05-29T22:17Z","2019-05-29T22:17Z","EcoCore_CSU","pH",7.7300,"pH",3.1,,0,"formatChange","GOOD"
"7ee75353-fb59-4501-aa4a-58043e46756f","D14","SYCA","SYCA.AOS.groundwater.well.002","SYCA.W2.20190529.FIL","A00000094841","2019-05-29T22:17Z","2019-05-29T22:17Z","EcoCore_CSU","DIC",67.7500,"milligramsPerLiter",3.1,,0,"formatChange","GOOD"
"1476d297-c05e-4ceb-a2bd-ffb08580adf4","D14","SYCA","SYCA.AOS.groundwater.well.002","SYCA.W2.20190529.RAW","A00000094843","2019-05-29T22:17Z","2019-05-29T22:17Z","EcoCore_CSU","TP",0.2110,"milligramsPerLiter",3.1,,0,"formatChange","GOOD"
"8e393b18-1b59-4d0f-9fce-a184e0814082","D14","SYCA","SYCA.AOS.groundwater.well.002","SYCA.W2.20190529.FIL","A00000094841","2019-05-29T22:17Z","2019-05-29T22:17Z","EcoCore_CSU","Ortho - P",0.0430,"milligramsPerLiter",3.1,,0,"formatChange","GOOD"
"ade8fa35-d473-4100-8ae6-72de05ce7d76","D14","SYCA","SYCA.AOS.groundwater.well.002","SYCA.W2.20190529.FIL","A00000094841","2019-05-29T22:17Z","2019-05-29T22:17Z","EcoCore_CSU","DOC",2.5830,"milligramsPerLiter",3.1,,0,"formatChange","GOOD"
"8bebd8e1-bb8d-41b3-9b5e-74d76a629473","D14","SYCA","SYCA.AOS.groundwater.well.002","SYCA.W2.20190529.FIL","A00000094841","2019-05-29T22:17Z","2019-05-29T22:17Z","EcoCore_CSU","K",0.9600,"milligramsPerLiter",3.1,,0,"formatChange","GOOD"
"27f3867e-887c-4d9f-8f6c-9f3c3067ae67","D14","SYCA","SYCA.AOS.groundwater.well.002","SYCA.W2.20190529.RAW","A00000094843","2019-05-29T22:17Z","2019-05-29T22:17Z","EcoCore_CSU","TSS - Dry Mass",200.0000,"microgram",3.1,,0,"formatChange","GOOD"
"67e310a3-9179-42c5-82da-8683d2db565f","D14","SYCA","SYCA.AOS.groundwater.well.002","SYCA.W2.20190529.FIL","A00000094841","2019-05-29T22:17Z","2019-05-29T22:17Z","EcoCore_CSU","NO2 - N",-0.1255,"milligramsPerLiter",3.1,,0,"formatChange","GOOD"
"61fa15c9-03d9-43b9-a7f9-f6f46dd24ccd","D14","SYCA","SYCA.AOS.groundwater.well.002","SYCA.W2.20190529.FIL","A00000094841","2019-05-29T22:17Z","2019-05-29T22:17Z","EcoCore_CSU","Ca",50.1069,"milligramsPerLiter",3.1,,0,"formatChange","GOOD"
"2733d98b-5a43-4d34-b093-ec5cb9964d43","D14","SYCA","SYCA.AOS.groundwater.well.002","SYCA.W2.20190529.FIL","A00000094841","2019-05-29T22:17Z","2019-05-29T22:17Z","EcoCore_CSU","NH4 - N",0.0091,"milligramsPerLiter",3.1,,0,"formatChange","GOOD"
"7757db48-98ff-4b7d-9996-957f86584894","D14","SYCA","SYCA.AOS.groundwater.well.002","SYCA.W2.20190529.PCN","A00000094845","2019-05-29T22:17Z","2019-05-29T22:17Z","EcoCore_CSU","TPN",0.0773,"milligram",3.1,,0,"formatChange","GOOD"
"106d077c-a4cd-4420-b518-b0fb879a7c99","D14","SYCA","SYCA.AOS.groundwater.well.002","SYCA.W2.20190529.FIL","A00000094841","2019-05-29T22:17Z","2019-05-29T22:17Z","EcoCore_CSU","Mn",0.0005,"milligramsPerLiter",3.1,,0,"formatChange","GOOD"
"8ebb1bcb-db40-4fa7-af03-19f66bb9d4b5","D14","SYCA","SYCA.AOS.groundwater.well.002","SYCA.W2.20190529.FIL","A00000094841","2019-05-29T22:17Z","2019-05-29T22:17Z","EcoCore_CSU","TDN",0.2491,"milligramsPerLiter",3.1,,0,"formatChange","GOOD"
"25dfea4e-9f3b-4180-a8eb-e390699f46c6","D14","SYCA","SYCA.AOS.groundwater.well.002","SYCA.W2.20190529.FIL","A00000094841","2019-05-29T22:17Z","2019-05-29T22:17Z","EcoCore_CSU","SO4",46.3035,"milligramsPerLiter",3.1,,0,"formatChange","GOOD"
"519de13c-ea05-486b-856f-f6a4a7d01bf1","D14","SYCA","SYCA.AOS.groundwater.well.002","SYCA.W2.20190529.FIL","A00000094841","2019-05-29T22:17Z","2019-05-29T22:17Z","EcoCore_CSU","Cl",8.6196,"milligramsPerLiter",3.1,,0,"formatChange","GOOD"
"347685d1-d173-45fd-9430-f12e56b9cc1c","D14","SYCA","SYCA.AOS.groundwater.well.002","SYCA.W2.20190529.RAW","A00000094843","2019-05-29T22:17Z","2019-05-29T22:17Z","EcoCore_CSU","conductivity",502.6700,"microsiemensPerCentimeter",3.1,,0,"formatChange","GOOD"
"79e20be0-d2c8-4904-adfb-435372ebe270","D14","SYCA","SYCA.AOS.groundwater.well.002","SYCA.W2.20190529.FIL","A00000094841","2019-05-29T22:17Z","2019-05-29T22:17Z","EcoCore_CSU","Mg",20.0100,"milligramsPerLiter",3.1,,0,"formatChange","GOOD"
"af64930c-2527-42ac-93bb-6aebf6076f93","D14","SYCA","SYCA.AOS.groundwater.well.002","SYCA.W2.20190529.RAW","A00000094843","2019-05-29T22:17Z","2019-05-29T22:17Z","EcoCore_CSU","TSS",4.0000,"milligramsPerLiter",3.1,,0,"formatChange","GOOD"
"ee0717c2-6404-4f17-b7c3-db8074cd5928","D14","SYCA","SYCA.AOS.groundwater.well.001","SYCA.W1.20190529.FIL","A00000094847","2019-05-30T00:01Z","2019-05-30T00:01Z","EcoCore_CSU","UV Absorbance (280 nm)",0.0216,,3.1,,0,"formatChange","GOOD"
"ace9f7c2-eecd-4e83-846a-4729d5dcb6ee","D14","SYCA","SYCA.AOS.groundwater.well.001","SYCA.W1.20190529.FIL","A00000094847","2019-05-30T00:01Z","2019-05-30T00:01Z","EcoCore_CSU","Si",16.7854,"milligramsPerLiter",3.1,,0,"formatChange","GOOD"
"e4dbc7b5-5265-4a2f-82c7-162e32e721d3","D14","SYCA","SYCA.AOS.groundwater.well.001","SYCA.W1.20190529.FIL","A00000094847","2019-05-30T00:01Z","2019-05-30T00:01Z","EcoCore_CSU","Ca",51.7906,"milligramsPerLiter",3.1,,0,"formatChange","GOOD"
"f22adde9-7baf-4203-9c33-445b2ca25c2b","D14","SYCA","SYCA.AOS.groundwater.well.001","SYCA.W1.20190529.FIL","A00000094847","2019-05-30T00:01Z","2019-05-30T00:01Z","EcoCore_CSU","DOC",2.2540,"milligramsPerLiter",3.1,,0,"formatChange","GOOD"
"64f4c23d-e587-426a-a621-50d9b3272867","D14","SYCA","SYCA.AOS.groundwater.well.001","SYCA.W1.20190529.PCN","A00000094859","2019-05-30T00:01Z","2019-05-30T00:01Z","EcoCore_CSU","TPN",0.1089,"milligram",3.1,,0,"formatChange","GOOD"
"557384ef-1eb7-4622-9652-b16eb843b8ac","D14","SYCA","SYCA.AOS.groundwater.well.001","SYCA.W1.20190529.FIL","A00000094847","2019-05-30T00:01Z","2019-05-30T00:01Z","EcoCore_CSU","Mg",20.2400,"milligramsPerLiter",3.1,,0,"formatChange","GOOD"
"0fbc849f-c6d6-4b90-a402-35b0992f56cb","D14","SYCA","SYCA.AOS.groundwater.well.001","SYCA.W1.20190529.FIL","A00000094847","2019-05-30T00:01Z","2019-05-30T00:01Z","EcoCore_CSU","K",1.1220,"milligramsPerLiter",3.1,,0,"formatChange","GOOD"
"227daf2f-ae85-4dd2-bd50-5703315416d9","D14","SYCA","SYCA.AOS.groundwater.well.001","SYCA.W1.20190529.RAW","A00000094846","2019-05-30T00:01Z","2019-05-30T00:01Z","EcoCore_CSU","pH",7.6300,"pH",3.1,,0,"formatChange","GOOD"
"912741a6-8bf6-4a9d-a4e8-5678f8ef76c1","D14","SYCA","SYCA.AOS.groundwater.well.001","SYCA.W1.20190529.FIL","A00000094847","2019-05-30T00:01Z","2019-05-30T00:01Z","EcoCore_CSU","NO2 - N",-0.1255,"milligramsPerLiter",3.1,,0,"formatChange","GOOD"
"d5e0b03a-160d-4bcd-bf85-607fca569d4c","D14","SYCA","SYCA.AOS.groundwater.well.001","SYCA.W1.20190529.FIL","A00000094847","2019-05-30T00:01Z","2019-05-30T00:01Z","EcoCore_CSU","NH4 - N",0.0389,"milligramsPerLiter",3.1,,0,"formatChange","GOOD"
"131b8d36-2654-4c81-a8aa-76c875e7cb5b","D14","SYCA","SYCA.AOS.groundwater.well.001","SYCA.W1.20190529.FIL","A00000094847","2019-05-30T00:01Z","2019-05-30T00:01Z","EcoCore_CSU","TDN",0.4062,"milligramsPerLiter",3.1,,0,"formatChange","GOOD"
"10ab50a7-597a-4292-a256-a4eac2965ec4","D14","SYCA","SYCA.AOS.groundwater.well.001","SYCA.W1.20190529.FIL","A00000094847","2019-05-30T00:01Z","2019-05-30T00:01Z","EcoCore_CSU","Cl",8.9949,"milligramsPerLiter",3.1,,0,"formatChange","GOOD"
"fcbbc5b7-db5b-4707-9a62-fae3cd3c174c","D14","SYCA","SYCA.AOS.groundwater.well.001","SYCA.W1.20190529.PCN","A00000094859","2019-05-30T00:01Z","2019-05-30T00:01Z","EcoCore_CSU","TPC",0.2523,"milligram",3.1,,0,"formatChange","GOOD"
"5362edd5-ba02-4a56-9944-4a14465a6331","D14","SYCA","SYCA.AOS.groundwater.well.001","SYCA.W1.20190529.RAW","A00000094846","2019-05-30T00:01Z","2019-05-30T00:01Z","EcoCore_CSU","conductivity",531.7400,"microsiemensPerCentimeter",3.1,,0,"formatChange","GOOD"
"252e26fd-c153-4f80-b4f1-43e52260eabf","D14","SYCA","SYCA.AOS.groundwater.well.001","SYCA.W1.20190529.FIL","A00000094847","2019-05-30T00:01Z","2019-05-30T00:01Z","EcoCore_CSU","F",1.0817,"milligramsPerLiter",3.1,,0,"formatChange","GOOD"
"4deae26a-7d0b-4257-abf2-bd65bbde7baa","D14","SYCA","SYCA.AOS.groundwater.well.001","SYCA.W1.20190529.FIL","A00000094847","2019-05-30T00:01Z","2019-05-30T00:01Z","EcoCore_CSU","Br",0.0050,"milligramsPerLiter",3.1,,0,"formatChange","GOOD"
"4fdc4f0c-e8a9-4f37-8eec-9350c0dd60f9","D14","SYCA","SYCA.AOS.groundwater.well.001","SYCA.W1.20190529.FIL","A00000094847","2019-05-30T00:01Z","2019-05-30T00:01Z","EcoCore_CSU","Na",23.0200,"milligramsPerLiter",3.1,,0,"formatChange","GOOD"
"0c414907-1c9a-4615-8dcb-a42221e29369","D14","SYCA","SYCA.AOS.groundwater.well.001","SYCA.W1.20190529.FIL","A00000094847","2019-05-30T00:01Z","2019-05-30T00:01Z","EcoCore_CSU","HCO3",239.4100,"milligramsPerLiter",3.1,,0,"formatChange","GOOD"
"7744a07a-603c-4674-9ec1-38d13481dc2e","D14","SYCA","SYCA.AOS.groundwater.well.001","SYCA.W1.20190529.FIL","A00000094847","2019-05-30T00:01Z","2019-05-30T00:01Z","EcoCore_CSU","SO4",50.3562,"milligramsPerLiter",3.1,,0,"formatChange","GOOD"
"951b8da9-0ab9-48c9-9e80-f525e094e0db","D14","SYCA","SYCA.AOS.groundwater.well.001","SYCA.W1.20190529.FIL","A00000094847","2019-05-30T00:01Z","2019-05-30T00:01Z","EcoCore_CSU","Ortho - P",0.0460,"milligramsPerLiter",3.1,,0,"formatChange","GOOD"
"b37d9995-1f09-4e22-93ae-f02d5b9c0d61","D14","SYCA","SYCA.AOS.groundwater.well.001","SYCA.W1.20190529.RAW","A00000094846","2019-05-30T00:01Z","2019-05-30T00:01Z","EcoCore_CSU","TOC",2.1070,"milligramsPerLiter",3.1,,0,"formatChange","GOOD"
"a293d9d8-580b-4528-8906-1a218d6bdf13","D14","SYCA","SYCA.AOS.groundwater.well.001","SYCA.W1.20190529.FIL","A00000094847","2019-05-30T00:01Z","2019-05-30T00:01Z","EcoCore_CSU","DIC",69.5700,"milligramsPerLiter",3.1,,0,"formatChange","GOOD"
"f5adbc8e-e64a-456a-8bd6-aecc5fcbdd3e","D14","SYCA","SYCA.AOS.groundwater.well.001","SYCA.W1.20190529.FIL","A00000094847","2019-05-30T00:01Z","2019-05-30T00:01Z","EcoCore_CSU","CO3",0.0050,"milligramsPerLiter",3.1,,0,"formatChange","GOOD"
"6a24f004-b49d-4918-9474-4043b0e465ec","D14","SYCA","SYCA.AOS.groundwater.well.001","SYCA.W1.20190529.RAW","A00000094846","2019-05-30T00:01Z","2019-05-30T00:01Z","EcoCore_CSU","TSS",2.0000,"milligramsPerLiter",3.1,,0,"formatChange","GOOD"
"f83b30e3-3de2-40e8-9178-0c91e635153d","D14","SYCA","SYCA.AOS.groundwater.well.001","SYCA.W1.20190529.RAW","A00000094846","2019-05-30T00:01Z","2019-05-30T00:01Z","EcoCore_CSU","ANC",4.0200,"milliequivalentsPerLiter",3.1,,0,"formatChange","GOOD"
"dbce8d40-64f1-4545-9af4-15889ed7e1e2","D14","SYCA","SYCA.AOS.groundwater.well.001","SYCA.W1.20190529.FIL","A00000094847","2019-05-30T00:01Z","2019-05-30T00:01Z","EcoCore_CSU","TDS",373.6400,"milligramsPerLiter",3.1,,0,"formatChange","GOOD"
"6732f306-ad5f-40ef-99fa-5fa3ef8b4937","D14","SYCA","SYCA.AOS.groundwater.well.001","SYCA.W1.20190529.RAW","A00000094846","2019-05-30T00:01Z","2019-05-30T00:01Z","EcoCore_CSU","TP",0.2139,"milligramsPerLiter",3.1,,0,"formatChange","GOOD"
"5d649995-cc2b-41cf-bf6f-37cd6812da5e","D14","SYCA","SYCA.AOS.groundwater.well.001","SYCA.W1.20190529.FIL","A00000094847","2019-05-30T00:01Z","2019-05-30T00:01Z","EcoCore_CSU","UV Absorbance (250 nm)",0.0376,,3.1,,0,"formatChange","GOOD"
"6e7a4d11-5f62-4ff7-82b4-abc0f646f991","D14","SYCA","SYCA.AOS.groundwater.well.001","SYCA.W1.20190529.RAW","A00000094846","2019-05-30T00:01Z","2019-05-30T00:01Z","EcoCore_CSU","TSS - Dry Mass",100.0000,"microgram",3.1,,0,"formatChange","GOOD"
"62b35509-db72-4167-91c7-1191d95da440","D14","SYCA","SYCA.AOS.groundwater.well.001","SYCA.W1.20190529.RAW","A00000094846","2019-05-30T00:01Z","2019-05-30T00:01Z","EcoCore_CSU","TN",0.3922,"milligramsPerLiter",3.1,,0,"formatChange","GOOD"
"c28206f1-f223-4553-86ba-fba3bb33a428","D14","SYCA","SYCA.AOS.groundwater.well.001","SYCA.W1.20190529.FIL","A00000094847","2019-05-30T00:01Z","2019-05-30T00:01Z","EcoCore_CSU","Mn",0.0005,"milligramsPerLiter",3.1,,0,"formatChange","GOOD"
"f4a8a9a3-f7d1-4ad8-b218-09409c0753e8","D14","SYCA","SYCA.AOS.groundwater.well.001","SYCA.W1.20190529.FIL","A00000094847","2019-05-30T00:01Z","2019-05-30T00:01Z","EcoCore_CSU","TDP",0.0405,"milligramsPerLiter",3.1,,0,"formatChange","GOOD"
"1c901acb-2d7f-4ba2-ac8b-ab853c739c3f","D14","SYCA","SYCA.AOS.groundwater.well.001","SYCA.W1.20190529.FIL","A00000094847","2019-05-30T00:01Z","2019-05-30T00:01Z","EcoCore_CSU","Fe",0.0005,"milligramsPerLiter",3.1,,0,"formatChange","GOOD"
"fa4872a3-593f-4dcf-b2c9-6b41e09f91a7","D14","SYCA","SYCA.AOS.groundwater.well.001","SYCA.W1.20190529.FIL","A00000094847","2019-05-30T00:01Z","2019-05-30T00:01Z","EcoCore_CSU","NO3+NO2 - N",0.2814,"milligramsPerLiter",3.1,,0,"formatChange","GOOD"
