uid,domainID,siteID,namedLocation,decimalLatitude,decimalLongitude,coordinateUncertainty,elevation,elevationUncertainty,geodeticDatum,collectDate,aquaticSiteType,samplingImpractical,waterChemSamplesCollected,adequateSampleVol,parentSampleID,eventID,swcSamplingProtocolVersion,sampleExtractionMethod,samplerType,totalWellDepth,wellWaterDepth,waterColumnHeight,sampleDepth,purgeAverageDischargeRate,purgeTime,gwWellStabilized,purgeDryDateTime,pumpPlacementDate,screenedIntervalDepth,maxAllowableDrawdown,actualDrawdown,MADExceeded,wellVolumePurged,probeIDUnavailable,dissolvedOxygen,dissolvedOxygenSaturation,specificConductance,waterTemp,pH,waterClarityDescrip,waterColorDescrip,aCollectedBy,bCollectedBy,remarks
"8936bea1-192d-4273-9cca-357d44eae4ba","D18","TOOK","TOOK.AOS.groundwater.well.001",68.624838,-149.594024,0.5,721.6,0.5,"WGS84","2020-08-10T17:39Z","lake",,"Y","N","TOOK.W1.20200810","TOOK.20200810","NEON.DOC.002905vG","syringe","Syringe",,,,,,,,,,,,,,,,,,,8.20,7.50,"cloudy","colorless","0000-0002-4562-0954","0000-0001-6124-7021",
"c083a8a1-fc1f-4337-b04e-7de21108bf38","D18","TOOK","TOOK.AOS.groundwater.well.002",68.625116,-149.596071,0.1,719.2,0.1,"WGS84","2020-08-10T19:14Z","lake",,"Y","Y","TOOK.W2.20200810","TOOK.20200810","NEON.DOC.002905vG","syringe and bailer tube","Syringe and Bailer Tube",1.7,1.2,0.5,,,,,,,,,,,,,5.10,48.00,60.70,8.10,7.30,"clear","brown","0000-0001-6124-7021","0000-0002-4562-0954",
"403ed532-d2c9-4050-9442-22993033d1a9","D18","TOOK","TOOK.AOS.groundwater.well.008",68.640702,-149.597089,0.5,719.0,0.5,"WGS84","2020-08-10T22:05Z","lake",,"Y","Y","TOOK.W8.20200810","TOOK.20200810","NEON.DOC.002905vG","syringe and bailer tube","Syringe and Bailer Tube",2.0,1.4,0.6,,,,,,,,,,,,,7.00,61.00,82.90,5.60,7.09,"cloudy","brown","0000-0002-4562-0954","0000-0001-6124-7021",
"ba1bb30e-6ade-4930-8b85-7e972def07fa","D18","TOOK","TOOK.AOS.groundwater.well.007",68.639351,-149.590122,0.1,716.8,0.1,"WGS84","2020-08-10T22:44Z","lake",,"Y","N","TOOK.W7.20200810","TOOK.20200810","NEON.DOC.002905vG","syringe","Syringe",,,,,,,,,,,,,,,,,,,12.60,8.60,"cloudy","brown","0000-0001-6124-7021","0000-0002-4562-0954",
