uid,domainID,siteID,namedLocation,collectDate,parentSampleID,sampleCondition,sampleID,replicateNumber,gwwDICBubbleFree,gwwFiltSampleHeadspace,gwwAlkSampleHeadspace,gwwAlkSampleBubbleFree,processedDate,processedDateFilters,sampleVolumeFiltered,shipmentTimeRange
"fe05e89e-908a-4fe1-a3b6-6c366f058e31","D18","TOOK","TOOK.AOS.groundwater.well.001","2020-08-10T17:39Z","TOOK.W1.20200810","Sample condition ok","TOOK.W1.20200810",1,"Y",,"N","Y","2020-08-10T17:39Z",,,"more than 72 hours after collection"
"742dfd8d-13e5-4550-b494-8bbb03ddee8a","D18","TOOK","TOOK.AOS.groundwater.well.002","2020-08-10T19:14Z","TOOK.W2.20200810","Sample condition ok","TOOK.W2.20200810",1,"Y",,,"Y","2020-08-11T00:20Z","2020-08-11T00:20Z",30.0,"more than 72 hours after collection"
"46bf98e9-c209-4cba-8447-e483a9ed0514","D18","TOOK","TOOK.AOS.groundwater.well.008","2020-08-10T22:05Z","TOOK.W8.20200810","Sample condition ok","TOOK.W8.20200810",1,"Y",,,"Y","2020-08-11T00:24Z","2020-08-11T00:24Z",50.0,"more than 72 hours after collection"
"5bfb9108-9a91-4dde-859b-b0ec4026f2d9","D18","TOOK","TOOK.AOS.groundwater.well.007","2020-08-10T22:44Z","TOOK.W7.20200810","Sample condition ok","TOOK.W7.20200810",1,"Y",,"N","Y","2020-08-10T22:44Z",,,"more than 72 hours after collection"
