uid,domainID,siteID,namedLocation,collectDate,titrationDate,parentSampleID,domainSampleID,remarks,measuredBy,alkMeqPerL,alkMgPerL,ancMeqPerL,ancMgPerL
"5b11093f-7524-4250-85f9-6e7d7b0729ed","D18","TOOK","TOOK.AOS.groundwater.well.001","2020-08-10T17:39Z","2020-08-13T03:30Z","TOOK.W1.20200810","TOOK.W1.20200810.ALK",,"gomeze@battelleecology.org",0.100,5.070,,
"7f97c497-f77b-4d7c-8643-b6bec81cce8c","D18","TOOK","TOOK.AOS.groundwater.well.002","2020-08-10T19:14Z","2020-08-13T01:51Z","TOOK.W2.20200810","TOOK.W2.20200810.ALK",,"gomeze@battelleecology.org",0.340,17.200,,
"57533df8-5294-4548-8a57-70a4e0a02e95","D18","TOOK","TOOK.AOS.groundwater.well.008","2020-08-10T22:05Z","2020-08-12T04:10Z","TOOK.W8.20200810","TOOK.W8.20200810.ALK",,"tippettvannini@battelleecology.org",1.660,83.100,,
"ebf77781-dd2f-45bf-9ff3-d6b9dfaa5cd9","D18","TOOK","TOOK.AOS.groundwater.well.007","2020-08-10T22:44Z","2020-08-13T03:15Z","TOOK.W7.20200810","TOOK.W7.20200810.ALK",,"gomeze@battelleecology.org",0.200,9.860,,
