uid,domainID,siteID,namedLocation,collectDate,titrationDate,parentSampleID,domainSampleID,remarks,measuredBy,alkMeqPerL,alkMgPerL,ancMeqPerL,ancMgPerL
"abc12841-168f-4020-a3a5-e84faa2b568c","D06","MCDI","MCDI.AOS.groundwater.well.003","2018-04-25T15:28Z","2018-04-25T23:19Z","MCDI.W3.20180425","MCDI.W3.20180425.ALK",,"egawanda",5.420,271.000,,
"a96959f7-0945-459b-9a3d-be4eb5a4bfc8","D06","MCDI","MCDI.AOS.groundwater.well.006","2018-04-25T16:31Z","2018-04-25T23:50Z","MCDI.W6.20180425","MCDI.W6.20180425.ALK",,"egawanda",6.090,305.000,,
"a932bcac-41e0-4b23-9783-e1e8f0d9ddc0","D06","MCDI","MCDI.AOS.groundwater.well.005","2018-04-25T17:42Z","2018-04-26T14:25Z","MCDI.W5.20180425","MCDI.W5.20180425.ALK",,"jkukulski",5.320,266.000,,
"5b26008a-97b1-45f2-ae43-c151ef515506","D06","MCDI","MCDI.AOS.groundwater.well.004","2018-04-25T19:12Z","2018-04-26T15:12Z","MCDI.W4.20180425","MCDI.W4.20180425.ALK",,"jkukulski",5.650,283.000,,
