uid,domainID,siteID,namedLocation,decimalLatitude,decimalLongitude,coordinateUncertainty,elevation,elevationUncertainty,geodeticDatum,collectDate,aquaticSiteType,samplingImpractical,waterChemSamplesCollected,adequateSampleVol,parentSampleID,eventID,swcSamplingProtocolVersion,sampleExtractionMethod,samplerType,totalWellDepth,wellWaterDepth,waterColumnHeight,sampleDepth,purgeAverageDischargeRate,purgeTime,gwWellStabilized,purgeDryDateTime,pumpPlacementDate,screenedIntervalDepth,maxAllowableDrawdown,actualDrawdown,MADExceeded,wellVolumePurged,probeIDUnavailable,dissolvedOxygen,dissolvedOxygenSaturation,specificConductance,waterTemp,pH,waterClarityDescrip,waterColorDescrip,aCollectedBy,bCollectedBy,remarks
"1ba4a867-960b-4bb9-9eab-808608c12c30","D06","MCDI","MCDI.AOS.groundwater.well.003",38.947200,-96.443699,0.1,379.7,0.1,"WGS84","2018-04-25T15:28Z","stream",,,,"MCDI.W3.20180425","MCDI.20180425","NEON.DOC.002905vE","low-flow","Groundwater Pump",10.1,7.5,2.6,8.5,,,,,,,,,,7.2,,4.42,39.10,577.00,8.50,,"opaque","brown","egawanda@battelleecology.org","jcoats@battelleecology.org","Raining 1800ml purged"
"1050deb7-f092-4d19-8cae-e64ab39131c8","D06","MCDI","MCDI.AOS.groundwater.well.006",38.946384,-96.442827,0.1,377.9,0.1,"WGS84","2018-04-25T16:31Z","stream",,,,"MCDI.W6.20180425","MCDI.20180425","NEON.DOC.002905vE","low-flow","Groundwater Pump",8.1,6.2,1.9,7.2,,,,,,,,,,5.4,,1.77,16.50,615.00,11.00,,"cloudy","brown","egawanda@battelleecology.org","jcoats@battelleecology.org","1400ml purged"
"120f854f-1800-4973-9229-a44b1cb9ab7f","D06","MCDI","MCDI.AOS.groundwater.well.005",38.946577,-96.443425,0.1,377.2,0.1,"WGS84","2018-04-25T17:42Z","stream",,,,"MCDI.W5.20180425","MCDI.20180425","NEON.DOC.002905vE","low-flow","Groundwater Pump",7.0,5.2,1.8,6.2,,,,,,,,,,5.3,,4.57,42.70,544.00,10.90,,"cloudy","brown","egawanda@battelleecology.org","egawanda@battelleecology.org","650ml purged"
"5d4eeab4-7bfa-46a6-be9c-a8c21e55896d","D06","MCDI","MCDI.AOS.groundwater.well.004",38.946864,-96.444102,0.1,377.4,0.1,"WGS84","2018-04-25T19:12Z","stream",,,,"MCDI.W4.20180425","MCDI.20180425","NEON.DOC.002905vE","low-flow","Groundwater Pump",8.1,5.0,3.1,6.0,,,,,,,,,,17.3,,1.61,15.30,697.00,11.60,,"clear","colorless","egawanda@battelleecology.org","jcoats@battelleecology.org",
