uid,domainID,siteID,namedLocation,sampleID,sampleCode,startDate,collectDate,laboratoryName,analyte,analyteConcentration,analyteUnits,coolerTemp,remarks,shipmentWarmQF,externalLabDataQF,sampleCondition
"50373441-8a99-4406-8266-a1f882566ce7","D06","MCDI","MCDI.AOS.groundwater.well.003","MCDI.W3.20180425.PCN","A00000010552","2018-04-25T15:28Z","2018-04-25T15:28Z","EcoCore_CSU","TPC",0.2725,"milligram",1.9,,0,"formatChange","GOOD"
"260dcde2-f796-4091-8e94-67ed95e4fd16","D06","MCDI","MCDI.AOS.groundwater.well.003","MCDI.W3.20180425.FIL","A00000010551","2018-04-25T15:28Z","2018-04-25T15:28Z","EcoCore_CSU","Si",5.2531,"milligramsPerLiter",1.9,,0,"formatChange","GOOD"
"7f2470a9-515c-49c8-8a93-ad406cd677ab","D06","MCDI","MCDI.AOS.groundwater.well.003","MCDI.W3.20180425.FIL","A00000010551","2018-04-25T15:28Z","2018-04-25T15:28Z","EcoCore_CSU","Ortho - P",0.0670,"milligramsPerLiter",1.9,,0,"formatChange","GOOD"
"68d58f18-5678-4c4d-8dbe-d0c6d4fde4a2","D06","MCDI","MCDI.AOS.groundwater.well.003","MCDI.W3.20180425.FIL","A00000010551","2018-04-25T15:28Z","2018-04-25T15:28Z","EcoCore_CSU","TDS",471.7000,"milligramsPerLiter",1.9,,0,"formatChange","GOOD"
"5b99d1ec-1e2e-47c4-a82a-de5d20e271ce","D06","MCDI","MCDI.AOS.groundwater.well.003","MCDI.W3.20180425.FIL","A00000010551","2018-04-25T15:28Z","2018-04-25T15:28Z","EcoCore_CSU","CO3",0.0050,"milligramsPerLiter",1.9,,0,"formatChange","GOOD"
"e68017b8-da4b-44c3-b07c-7c422a638c94","D06","MCDI","MCDI.AOS.groundwater.well.003","MCDI.W3.20180425.FIL","A00000010551","2018-04-25T15:28Z","2018-04-25T15:28Z","EcoCore_CSU","Br",0.0050,"milligramsPerLiter",1.9,,0,"formatChange","GOOD"
"1910942b-0e92-44a0-9bbd-d5613b9f316b","D06","MCDI","MCDI.AOS.groundwater.well.003","MCDI.W3.20180425.FIL","A00000010551","2018-04-25T15:28Z","2018-04-25T15:28Z","EcoCore_CSU","Fe",0.0005,"milligramsPerLiter",1.9,,0,"formatChange","GOOD"
"dfc5e2f9-06c5-4268-8a55-0d3fe895aa7f","D06","MCDI","MCDI.AOS.groundwater.well.003","MCDI.W3.20180425.FIL","A00000010551","2018-04-25T15:28Z","2018-04-25T15:28Z","EcoCore_CSU","UV Absorbance (250 nm)",0.0277,,1.9,,0,"formatChange","GOOD"
"6331d484-bbff-474c-ad6f-5466033679dd","D06","MCDI","MCDI.AOS.groundwater.well.003","MCDI.W3.20180425.RAW","A00000010550","2018-04-25T15:28Z","2018-04-25T15:28Z","EcoCore_CSU","conductivity",670.5000,"microsiemensPerCentimeter",1.9,,0,"formatChange","GOOD"
"893facc8-a56b-479d-b21b-8cc7a4ee790f","D06","MCDI","MCDI.AOS.groundwater.well.003","MCDI.W3.20180425.FIL","A00000010551","2018-04-25T15:28Z","2018-04-25T15:28Z","EcoCore_CSU","NH4 - N",0.0276,"milligramsPerLiter",1.9,,0,"formatChange","GOOD"
"e89cddba-c2ba-4336-ace7-b6c5b35edbb6","D06","MCDI","MCDI.AOS.groundwater.well.003","MCDI.W3.20180425.FIL","A00000010551","2018-04-25T15:28Z","2018-04-25T15:28Z","EcoCore_CSU","Cl",5.1088,"milligramsPerLiter",1.9,,0,"formatChange","GOOD"
"b2630fdc-c2b3-437c-a666-9a7921558c97","D06","MCDI","MCDI.AOS.groundwater.well.003","MCDI.W3.20180425.FIL","A00000010551","2018-04-25T15:28Z","2018-04-25T15:28Z","EcoCore_CSU","HCO3",191.3300,"milligramsPerLiter",1.9,,0,"formatChange","GOOD"
"928416d0-57de-4207-b06f-2fb837583f7b","D06","MCDI","MCDI.AOS.groundwater.well.003","MCDI.W3.20180425.FIL","A00000010551","2018-04-25T15:28Z","2018-04-25T15:28Z","EcoCore_CSU","Mg",15.4386,"milligramsPerLiter",1.9,,0,"formatChange","GOOD"
"33f86c5d-deaf-4698-84e6-9b3bc8827282","D06","MCDI","MCDI.AOS.groundwater.well.003","MCDI.W3.20180425.FIL","A00000010551","2018-04-25T15:28Z","2018-04-25T15:28Z","EcoCore_CSU","K",2.0824,"milligramsPerLiter",1.9,,0,"formatChange","GOOD"
"12d4db34-865c-4cb0-8fc2-ecc7b8c213ba","D06","MCDI","MCDI.AOS.groundwater.well.003","MCDI.W3.20180425.FIL","A00000010551","2018-04-25T15:28Z","2018-04-25T15:28Z","EcoCore_CSU","TDN",0.2057,"milligramsPerLiter",1.9,,0,"formatChange","GOOD"
"28bb03fe-ca00-4cee-922e-c762d6a42cc4","D06","MCDI","MCDI.AOS.groundwater.well.003","MCDI.W3.20180425.FIL","A00000010551","2018-04-25T15:28Z","2018-04-25T15:28Z","EcoCore_CSU","TDP",0.0393,"milligramsPerLiter",1.9,,0,"formatChange","GOOD"
"b12a774a-1b03-4451-a59c-bcc476bbd618","D06","MCDI","MCDI.AOS.groundwater.well.003","MCDI.W3.20180425.FIL","A00000010551","2018-04-25T15:28Z","2018-04-25T15:28Z","EcoCore_CSU","Na",0.1140,"milligramsPerLiter",1.9,,0,"formatChange","GOOD"
"7b23c5ab-0aa6-41d0-9fab-0fe05ffb6ff8","D06","MCDI","MCDI.AOS.groundwater.well.003","MCDI.W3.20180425.RAW","A00000010550","2018-04-25T15:28Z","2018-04-25T15:28Z","EcoCore_CSU","pH",7.0300,"pH",1.9,,0,"formatChange","GOOD"
"3b5418a1-5241-498d-a9a0-77cb5d474e2a","D06","MCDI","MCDI.AOS.groundwater.well.003","MCDI.W3.20180425.RAW","A00000010550","2018-04-25T15:28Z","2018-04-25T15:28Z","EcoCore_CSU","TOC",3.8270,"milligramsPerLiter",1.9,,0,"formatChange","GOOD"
"371d15d7-ba8e-4db0-b258-ffea28dfc5ad","D06","MCDI","MCDI.AOS.groundwater.well.003","MCDI.W3.20180425.FIL","A00000010551","2018-04-25T15:28Z","2018-04-25T15:28Z","EcoCore_CSU","F",0.0050,"milligramsPerLiter",1.9,,0,"formatChange","GOOD"
"3cb3e119-001c-416b-a869-d649a8f46e6c","D06","MCDI","MCDI.AOS.groundwater.well.003","MCDI.W3.20180425.RAW","A00000010550","2018-04-25T15:28Z","2018-04-25T15:28Z","EcoCore_CSU","TSS",942.0000,"milligramsPerLiter",1.9,,0,"formatChange","GOOD"
"49567fb9-623e-4b79-bffa-ff967f00557c","D06","MCDI","MCDI.AOS.groundwater.well.003","MCDI.W3.20180425.RAW","A00000010550","2018-04-25T15:28Z","2018-04-25T15:28Z","EcoCore_CSU","ANC",3.9100,"milliequivalentsPerLiter",1.9,,0,"formatChange","GOOD"
"77e1b4e2-9a43-48fe-96d0-d86c0fa144f0","D06","MCDI","MCDI.AOS.groundwater.well.003","MCDI.W3.20180425.FIL","A00000010551","2018-04-25T15:28Z","2018-04-25T15:28Z","EcoCore_CSU","DIC",72.6200,"milligramsPerLiter",1.9,,0,"formatChange","GOOD"
"8e14a8db-6726-4779-ab63-249e663a8257","D06","MCDI","MCDI.AOS.groundwater.well.003","MCDI.W3.20180425.FIL","A00000010551","2018-04-25T15:28Z","2018-04-25T15:28Z","EcoCore_CSU","Ca",53.1300,"milligramsPerLiter",1.9,,0,"formatChange","GOOD"
"37a87296-1674-44bc-9ca8-683c8aaac10c","D06","MCDI","MCDI.AOS.groundwater.well.003","MCDI.W3.20180425.FIL","A00000010551","2018-04-25T15:28Z","2018-04-25T15:28Z","EcoCore_CSU","NO3+NO2 - N",0.1046,"milligramsPerLiter",1.9,,0,"formatChange","GOOD"
"b76e8e6e-fab6-40a0-9641-b9b9ce0358fd","D06","MCDI","MCDI.AOS.groundwater.well.003","MCDI.W3.20180425.PCN","A00000010552","2018-04-25T15:28Z","2018-04-25T15:28Z","EcoCore_CSU","TPN",0.1319,"milligram",1.9,,0,"formatChange","GOOD"
"94fd40f0-27e5-4911-8e7b-d6bb6fe9f57f","D06","MCDI","MCDI.AOS.groundwater.well.003","MCDI.W3.20180425.RAW","A00000010550","2018-04-25T15:28Z","2018-04-25T15:28Z","EcoCore_CSU","TP",0.0420,"milligramsPerLiter",1.9,,0,"formatChange","GOOD"
"3c0862e2-4323-4315-b5bf-0f2c888625a4","D06","MCDI","MCDI.AOS.groundwater.well.003","MCDI.W3.20180425.FIL","A00000010551","2018-04-25T15:28Z","2018-04-25T15:28Z","EcoCore_CSU","DOC",1.4650,"milligramsPerLiter",1.9,,0,"formatChange","GOOD"
"91dcd18d-228f-4937-b11c-dcc5164d7afb","D06","MCDI","MCDI.AOS.groundwater.well.003","MCDI.W3.20180425.RAW","A00000010550","2018-04-25T15:28Z","2018-04-25T15:28Z","EcoCore_CSU","TN",0.4058,"milligramsPerLiter",1.9,,0,"formatChange","GOOD"
"14634078-fde4-43e4-9a27-4785423cad9c","D06","MCDI","MCDI.AOS.groundwater.well.003","MCDI.W3.20180425.FIL","A00000010551","2018-04-25T15:28Z","2018-04-25T15:28Z","EcoCore_CSU","UV Absorbance (280 nm)",0.0190,,1.9,,0,"formatChange","GOOD"
"4bea74a9-d0a9-47fa-89e5-fc8f0253257f","D06","MCDI","MCDI.AOS.groundwater.well.003","MCDI.W3.20180425.FIL","A00000010551","2018-04-25T15:28Z","2018-04-25T15:28Z","EcoCore_CSU","SO4",39.1032,"milligramsPerLiter",1.9,,0,"formatChange","GOOD"
"554e861e-bdc4-4c84-9680-2b794c1aa362","D06","MCDI","MCDI.AOS.groundwater.well.003","MCDI.W3.20180425.FIL","A00000010551","2018-04-25T15:28Z","2018-04-25T15:28Z","EcoCore_CSU","Mn",0.0005,"milligramsPerLiter",1.9,,0,"formatChange","GOOD"
"5ddf09cb-b0f4-4a9e-a4f3-408c6457b175","D06","MCDI","MCDI.AOS.groundwater.well.003","MCDI.W3.20180425.RAW","A00000010550","2018-04-25T15:28Z","2018-04-25T15:28Z","EcoCore_CSU","TSS - Dry Mass",47100.0000,"microgram",1.9,,0,"formatChange","GOOD"
"461bfdce-6cf6-4b96-a716-bc14eb6cce0c","D06","MCDI","MCDI.AOS.groundwater.well.003","MCDI.W3.20180425.FIL","A00000010551","2018-04-25T15:28Z","2018-04-25T15:28Z","EcoCore_CSU","NO2 - N",0.0126,"milligramsPerLiter",1.9,,0,"formatChange","GOOD"
"7732730c-a37e-4995-b38a-356b6247da52","D06","MCDI","MCDI.AOS.groundwater.well.006","MCDI.W6.20180425.FIL","A00000010561","2018-04-25T16:31Z","2018-04-25T16:31Z","EcoCore_CSU","Mg",15.3832,"milligramsPerLiter",1.7,,0,"formatChange","GOOD"
"6ff08e97-5655-4559-821e-400984efe022","D06","MCDI","MCDI.AOS.groundwater.well.006","MCDI.W6.20180425.FIL","A00000010561","2018-04-25T16:31Z","2018-04-25T16:31Z","EcoCore_CSU","Ortho - P",0.0650,"milligramsPerLiter",1.7,,0,"formatChange","GOOD"
"18d48fd9-ec50-4962-9c9e-3d8d3e4c78f0","D06","MCDI","MCDI.AOS.groundwater.well.006","MCDI.W6.20180425.FIL","A00000010561","2018-04-25T16:31Z","2018-04-25T16:31Z","EcoCore_CSU","Fe",0.0005,"milligramsPerLiter",1.7,,0,"formatChange","GOOD"
"4271e33f-4b6b-4111-a2e8-6df8b0d6ceb8","D06","MCDI","MCDI.AOS.groundwater.well.006","MCDI.W6.20180425.RAW","A00000010562","2018-04-25T16:31Z","2018-04-25T16:31Z","EcoCore_CSU","TSS - Dry Mass",4600.0000,"microgram",1.7,,0,"formatChange","GOOD"
"47a7e949-a000-4c4b-aed0-6b2a50fc4b09","D06","MCDI","MCDI.AOS.groundwater.well.006","MCDI.W6.20180425.FIL","A00000010561","2018-04-25T16:31Z","2018-04-25T16:31Z","EcoCore_CSU","UV Absorbance (280 nm)",0.0204,,1.7,,0,"formatChange","GOOD"
"f1c98cff-0642-4a64-ad76-2a070edc721d","D06","MCDI","MCDI.AOS.groundwater.well.006","MCDI.W6.20180425.FIL","A00000010561","2018-04-25T16:31Z","2018-04-25T16:31Z","EcoCore_CSU","Br",0.0050,"milligramsPerLiter",1.7,,0,"formatChange","GOOD"
"3e8ba20e-6f01-45e9-a4eb-42a876dde04b","D06","MCDI","MCDI.AOS.groundwater.well.006","MCDI.W6.20180425.FIL","A00000010561","2018-04-25T16:31Z","2018-04-25T16:31Z","EcoCore_CSU","Mn",0.0005,"milligramsPerLiter",1.7,,0,"formatChange","GOOD"
"6610603e-2f7a-4df5-a7a3-4e40c5048fd2","D06","MCDI","MCDI.AOS.groundwater.well.006","MCDI.W6.20180425.FIL","A00000010561","2018-04-25T16:31Z","2018-04-25T16:31Z","EcoCore_CSU","Cl",6.6943,"milligramsPerLiter",1.7,,0,"formatChange","GOOD"
"e5163728-9113-4ac5-8b28-85d15ae42db4","D06","MCDI","MCDI.AOS.groundwater.well.006","MCDI.W6.20180425.RAW","A00000010562","2018-04-25T16:31Z","2018-04-25T16:31Z","EcoCore_CSU","TP",0.0501,"milligramsPerLiter",1.7,,0,"formatChange","GOOD"
"becbb7ba-0668-4473-8442-f41e36c0b9e1","D06","MCDI","MCDI.AOS.groundwater.well.006","MCDI.W6.20180425.FIL","A00000010561","2018-04-25T16:31Z","2018-04-25T16:31Z","EcoCore_CSU","SO4",29.8272,"milligramsPerLiter",1.7,,0,"formatChange","GOOD"
"3c654c08-1450-4910-acb7-ba7c90266671","D06","MCDI","MCDI.AOS.groundwater.well.006","MCDI.W6.20180425.RAW","A00000010562","2018-04-25T16:31Z","2018-04-25T16:31Z","EcoCore_CSU","TN",1.0300,"milligramsPerLiter",1.7,,0,"formatChange","GOOD"
"1e95827f-23e5-4ed8-926b-ecb00800389e","D06","MCDI","MCDI.AOS.groundwater.well.006","MCDI.W6.20180425.FIL","A00000010561","2018-04-25T16:31Z","2018-04-25T16:31Z","EcoCore_CSU","Ca",68.2763,"milligramsPerLiter",1.7,,0,"formatChange","GOOD"
"e9c27663-cac6-43a2-aafd-815fb70e4557","D06","MCDI","MCDI.AOS.groundwater.well.006","MCDI.W6.20180425.RAW","A00000010562","2018-04-25T16:31Z","2018-04-25T16:31Z","EcoCore_CSU","conductivity",715.9000,"microsiemensPerCentimeter",1.7,,0,"formatChange","GOOD"
"7dde0d89-fec4-4e54-9876-8c7491e013fd","D06","MCDI","MCDI.AOS.groundwater.well.006","MCDI.W6.20180425.FIL","A00000010561","2018-04-25T16:31Z","2018-04-25T16:31Z","EcoCore_CSU","F",0.0050,"milligramsPerLiter",1.7,,0,"formatChange","GOOD"
"d7446d14-9817-4721-94a9-660f9d932026","D06","MCDI","MCDI.AOS.groundwater.well.006","MCDI.W6.20180425.FIL","A00000010561","2018-04-25T16:31Z","2018-04-25T16:31Z","EcoCore_CSU","Si",5.9281,"milligramsPerLiter",1.7,,0,"formatChange","GOOD"
"8af84847-c682-49d0-9bb3-bd43bf674966","D06","MCDI","MCDI.AOS.groundwater.well.006","MCDI.W6.20180425.RAW","A00000010562","2018-04-25T16:31Z","2018-04-25T16:31Z","EcoCore_CSU","TSS",92.0000,"milligramsPerLiter",1.7,,0,"formatChange","GOOD"
"f0eacab5-45ef-4532-a5b0-bb92a6098fa7","D06","MCDI","MCDI.AOS.groundwater.well.006","MCDI.W6.20180425.PCN","A00000010564","2018-04-25T16:31Z","2018-04-25T16:31Z","EcoCore_CSU","TPN",0.0249,"milligram",1.7,,0,"formatChange","GOOD"
"8f3c9923-fe48-4d3a-a752-49b98c76115b","D06","MCDI","MCDI.AOS.groundwater.well.006","MCDI.W6.20180425.FIL","A00000010561","2018-04-25T16:31Z","2018-04-25T16:31Z","EcoCore_CSU","NO3+NO2 - N",0.8759,"milligramsPerLiter",1.7,,0,"formatChange","GOOD"
"001af80a-a5ae-49ca-b86c-832d1d42a3e7","D06","MCDI","MCDI.AOS.groundwater.well.006","MCDI.W6.20180425.FIL","A00000010561","2018-04-25T16:31Z","2018-04-25T16:31Z","EcoCore_CSU","DIC",86.5900,"milligramsPerLiter",1.7,,0,"formatChange","GOOD"
"3ed34c70-8156-4e39-a765-cf1c06646896","D06","MCDI","MCDI.AOS.groundwater.well.006","MCDI.W6.20180425.FIL","A00000010561","2018-04-25T16:31Z","2018-04-25T16:31Z","EcoCore_CSU","DOC",0.9130,"milligramsPerLiter",1.7,,0,"formatChange","GOOD"
"3f27d720-4eea-4011-a719-9c8ecfaaa141","D06","MCDI","MCDI.AOS.groundwater.well.006","MCDI.W6.20180425.FIL","A00000010561","2018-04-25T16:31Z","2018-04-25T16:31Z","EcoCore_CSU","NO2 - N",0.0100,"milligramsPerLiter",1.7,,0,"formatChange","GOOD"
"c7538253-7ca9-4577-a021-763bafe7649a","D06","MCDI","MCDI.AOS.groundwater.well.006","MCDI.W6.20180425.FIL","A00000010561","2018-04-25T16:31Z","2018-04-25T16:31Z","EcoCore_CSU","CO3",0.0050,"milligramsPerLiter",1.7,,0,"formatChange","GOOD"
"26529408-fc1f-4491-b29c-2073e4f8574f","D06","MCDI","MCDI.AOS.groundwater.well.006","MCDI.W6.20180425.RAW","A00000010562","2018-04-25T16:31Z","2018-04-25T16:31Z","EcoCore_CSU","TOC",1.3490,"milligramsPerLiter",1.7,,0,"formatChange","GOOD"
"12019906-579e-4d30-9c37-ae22218e39ca","D06","MCDI","MCDI.AOS.groundwater.well.006","MCDI.W6.20180425.FIL","A00000010561","2018-04-25T16:31Z","2018-04-25T16:31Z","EcoCore_CSU","TDP",0.0005,"milligramsPerLiter",1.7,,0,"formatChange","GOOD"
"56b25a33-0ea1-49ce-81e7-ab2c9fd24f80","D06","MCDI","MCDI.AOS.groundwater.well.006","MCDI.W6.20180425.FIL","A00000010561","2018-04-25T16:31Z","2018-04-25T16:31Z","EcoCore_CSU","Na",0.2170,"milligramsPerLiter",1.7,,0,"formatChange","GOOD"
"035327ed-a2a5-42b0-8a4b-bfa04bee17e3","D06","MCDI","MCDI.AOS.groundwater.well.006","MCDI.W6.20180425.FIL","A00000010561","2018-04-25T16:31Z","2018-04-25T16:31Z","EcoCore_CSU","K",1.2016,"milligramsPerLiter",1.7,,0,"formatChange","GOOD"
"6d5de50b-a2a8-4593-b05a-cf0dadfc2e2a","D06","MCDI","MCDI.AOS.groundwater.well.006","MCDI.W6.20180425.FIL","A00000010561","2018-04-25T16:31Z","2018-04-25T16:31Z","EcoCore_CSU","HCO3",235.9400,"milligramsPerLiter",1.7,,0,"formatChange","GOOD"
"a61bffb7-b8d5-47e6-9211-0fa6903aad04","D06","MCDI","MCDI.AOS.groundwater.well.006","MCDI.W6.20180425.FIL","A00000010561","2018-04-25T16:31Z","2018-04-25T16:31Z","EcoCore_CSU","TDN",0.9578,"milligramsPerLiter",1.7,,0,"formatChange","GOOD"
"f4bf8fc1-503a-4117-ab0a-8f03222d9dc4","D06","MCDI","MCDI.AOS.groundwater.well.006","MCDI.W6.20180425.RAW","A00000010562","2018-04-25T16:31Z","2018-04-25T16:31Z","EcoCore_CSU","ANC",3.9600,"milliequivalentsPerLiter",1.7,,0,"formatChange","GOOD"
"959a7a7e-8d64-4bca-aec5-5a8934ce029b","D06","MCDI","MCDI.AOS.groundwater.well.006","MCDI.W6.20180425.RAW","A00000010562","2018-04-25T16:31Z","2018-04-25T16:31Z","EcoCore_CSU","pH",6.8400,"pH",1.7,,0,"formatChange","GOOD"
"ea75036a-2964-4c49-96d9-288e787c47f5","D06","MCDI","MCDI.AOS.groundwater.well.006","MCDI.W6.20180425.FIL","A00000010561","2018-04-25T16:31Z","2018-04-25T16:31Z","EcoCore_CSU","UV Absorbance (250 nm)",0.0289,,1.7,,0,"formatChange","GOOD"
"139586de-dd0a-4571-9731-d25ac7dd82ec","D06","MCDI","MCDI.AOS.groundwater.well.006","MCDI.W6.20180425.PCN","A00000010564","2018-04-25T16:31Z","2018-04-25T16:31Z","EcoCore_CSU","TPC",0.5565,"milligram",1.7,,0,"formatChange","GOOD"
"c0b058da-4c9a-4dff-82ae-969882321326","D06","MCDI","MCDI.AOS.groundwater.well.006","MCDI.W6.20180425.FIL","A00000010561","2018-04-25T16:31Z","2018-04-25T16:31Z","EcoCore_CSU","TDS",502.1000,"milligramsPerLiter",1.7,,0,"formatChange","GOOD"
"a7040d13-718b-48de-8962-681e64e894b0","D06","MCDI","MCDI.AOS.groundwater.well.006","MCDI.W6.20180425.FIL","A00000010561","2018-04-25T16:31Z","2018-04-25T16:31Z","EcoCore_CSU","NH4 - N",0.0203,"milligramsPerLiter",1.7,,0,"formatChange","GOOD"
"80696ea8-63c2-4bce-8a6e-2777850b0935","D06","MCDI","MCDI.AOS.groundwater.well.005","MCDI.W5.20180425.RAW","A00000010556","2018-04-25T17:42Z","2018-04-25T17:42Z","EcoCore_CSU","TOC",0.7983,"milligramsPerLiter",1.7,,0,"formatChange","GOOD"
"a457be4c-8f41-49bc-b408-6dc2209ad643","D06","MCDI","MCDI.AOS.groundwater.well.005","MCDI.W5.20180425.FIL","A00000010557","2018-04-25T17:42Z","2018-04-25T17:42Z","EcoCore_CSU","Mg",15.6177,"milligramsPerLiter",1.7,,0,"formatChange","GOOD"
"72ddfeeb-1c6b-42d3-9750-aeecce289cc3","D06","MCDI","MCDI.AOS.groundwater.well.005","MCDI.W5.20180425.FIL","A00000010557","2018-04-25T17:42Z","2018-04-25T17:42Z","EcoCore_CSU","Cl",11.8733,"milligramsPerLiter",1.7,,0,"formatChange","GOOD"
"faf48e4b-9314-4e10-8dd2-02f09f249530","D06","MCDI","MCDI.AOS.groundwater.well.005","MCDI.W5.20180425.FIL","A00000010557","2018-04-25T17:42Z","2018-04-25T17:42Z","EcoCore_CSU","UV Absorbance (280 nm)",0.0092,,1.7,,0,"formatChange","GOOD"
"6c450b13-4b12-4cba-bf01-fd761e2e27bd","D06","MCDI","MCDI.AOS.groundwater.well.005","MCDI.W5.20180425.FIL","A00000010557","2018-04-25T17:42Z","2018-04-25T17:42Z","EcoCore_CSU","DIC",71.2300,"milligramsPerLiter",1.7,,0,"formatChange","GOOD"
"667fb4a7-683e-4b93-a25f-f91f7cc6e3d6","D06","MCDI","MCDI.AOS.groundwater.well.005","MCDI.W5.20180425.FIL","A00000010557","2018-04-25T17:42Z","2018-04-25T17:42Z","EcoCore_CSU","NH4 - N",0.0150,"milligramsPerLiter",1.7,,0,"formatChange","GOOD"
"fcf4977d-7e04-457c-868f-7bb255ad5209","D06","MCDI","MCDI.AOS.groundwater.well.005","MCDI.W5.20180425.FIL","A00000010557","2018-04-25T17:42Z","2018-04-25T17:42Z","EcoCore_CSU","TDN",0.7111,"milligramsPerLiter",1.7,,0,"formatChange","GOOD"
"21d683c5-8b78-4d9f-92d1-4ce516ac2d50","D06","MCDI","MCDI.AOS.groundwater.well.005","MCDI.W5.20180425.FIL","A00000010557","2018-04-25T17:42Z","2018-04-25T17:42Z","EcoCore_CSU","Br",0.0050,"milligramsPerLiter",1.7,,0,"formatChange","GOOD"
"10f52274-4e6e-4336-9a17-88854b3cf7c8","D06","MCDI","MCDI.AOS.groundwater.well.005","MCDI.W5.20180425.PCN","A00000010558","2018-04-25T17:42Z","2018-04-25T17:42Z","EcoCore_CSU","TPN",0.1113,"milligram",1.7,,0,"formatChange","GOOD"
"c5955b8f-7a8d-49c4-a8d6-c3c9b7dfc01c","D06","MCDI","MCDI.AOS.groundwater.well.005","MCDI.W5.20180425.RAW","A00000010556","2018-04-25T17:42Z","2018-04-25T17:42Z","EcoCore_CSU","ANC",5.2800,"milliequivalentsPerLiter",1.7,,0,"formatChange","GOOD"
"37059d03-8166-451f-a22f-42e18a884727","D06","MCDI","MCDI.AOS.groundwater.well.005","MCDI.W5.20180425.FIL","A00000010557","2018-04-25T17:42Z","2018-04-25T17:42Z","EcoCore_CSU","F",0.0050,"milligramsPerLiter",1.7,,0,"formatChange","GOOD"
"c3fd6486-72fe-4d76-9b48-e76d5d587825","D06","MCDI","MCDI.AOS.groundwater.well.005","MCDI.W5.20180425.RAW","A00000010556","2018-04-25T17:42Z","2018-04-25T17:42Z","EcoCore_CSU","TP",0.0340,"milligramsPerLiter",1.7,,0,"formatChange","GOOD"
"61100a93-a0e0-4a06-a228-492e9e757d21","D06","MCDI","MCDI.AOS.groundwater.well.005","MCDI.W5.20180425.FIL","A00000010557","2018-04-25T17:42Z","2018-04-25T17:42Z","EcoCore_CSU","TDS",441.8000,"milligramsPerLiter",1.7,,0,"formatChange","GOOD"
"b378a892-fa2b-4929-94ab-cbde76878aa3","D06","MCDI","MCDI.AOS.groundwater.well.005","MCDI.W5.20180425.FIL","A00000010557","2018-04-25T17:42Z","2018-04-25T17:42Z","EcoCore_CSU","K",1.5716,"milligramsPerLiter",1.7,,0,"formatChange","GOOD"
"6eb74dfd-f08d-40ce-bcf1-69019c026189","D06","MCDI","MCDI.AOS.groundwater.well.005","MCDI.W5.20180425.PCN","A00000010558","2018-04-25T17:42Z","2018-04-25T17:42Z","EcoCore_CSU","TPC",0.5217,"milligram",1.7,,0,"formatChange","GOOD"
"28241f98-8e27-481f-8c14-b88a3e9b3978","D06","MCDI","MCDI.AOS.groundwater.well.005","MCDI.W5.20180425.FIL","A00000010557","2018-04-25T17:42Z","2018-04-25T17:42Z","EcoCore_CSU","HCO3",306.4500,"milligramsPerLiter",1.7,,0,"formatChange","GOOD"
"755012a5-e068-4456-8e7d-a234b20adaaa","D06","MCDI","MCDI.AOS.groundwater.well.005","MCDI.W5.20180425.FIL","A00000010557","2018-04-25T17:42Z","2018-04-25T17:42Z","EcoCore_CSU","CO3",0.0050,"milligramsPerLiter",1.7,,0,"formatChange","GOOD"
"2290c238-c9f5-47f5-b722-2900255e64e0","D06","MCDI","MCDI.AOS.groundwater.well.005","MCDI.W5.20180425.FIL","A00000010557","2018-04-25T17:42Z","2018-04-25T17:42Z","EcoCore_CSU","Mn",0.0005,"milligramsPerLiter",1.7,,0,"formatChange","GOOD"
"19e72a44-7ee0-403a-8e8a-956515d0ef4d","D06","MCDI","MCDI.AOS.groundwater.well.005","MCDI.W5.20180425.RAW","A00000010556","2018-04-25T17:42Z","2018-04-25T17:42Z","EcoCore_CSU","pH",6.9400,"pH",1.7,,0,"formatChange","GOOD"
"dbf1bdd2-b7ae-42e9-9963-26019a714bd3","D06","MCDI","MCDI.AOS.groundwater.well.005","MCDI.W5.20180425.FIL","A00000010557","2018-04-25T17:42Z","2018-04-25T17:42Z","EcoCore_CSU","UV Absorbance (250 nm)",0.0148,,1.7,,0,"formatChange","GOOD"
"1d16c828-bbe9-4ba2-ba50-768dbdc7ed62","D06","MCDI","MCDI.AOS.groundwater.well.005","MCDI.W5.20180425.FIL","A00000010557","2018-04-25T17:42Z","2018-04-25T17:42Z","EcoCore_CSU","NO2 - N",0.0106,"milligramsPerLiter",1.7,,0,"formatChange","GOOD"
"539a29ad-13a6-413f-8399-dc22cc552722","D06","MCDI","MCDI.AOS.groundwater.well.005","MCDI.W5.20180425.FIL","A00000010557","2018-04-25T17:42Z","2018-04-25T17:42Z","EcoCore_CSU","Ortho - P",0.0670,"milligramsPerLiter",1.7,,0,"formatChange","GOOD"
"8c0dae40-2c55-4d49-8c80-7d1fbae30bcc","D06","MCDI","MCDI.AOS.groundwater.well.005","MCDI.W5.20180425.FIL","A00000010557","2018-04-25T17:42Z","2018-04-25T17:42Z","EcoCore_CSU","TDP",0.0297,"milligramsPerLiter",1.7,,0,"formatChange","GOOD"
"80a0224d-fa7b-45e5-b3cb-041879f8f3c5","D06","MCDI","MCDI.AOS.groundwater.well.005","MCDI.W5.20180425.FIL","A00000010557","2018-04-25T17:42Z","2018-04-25T17:42Z","EcoCore_CSU","Si",6.1557,"milligramsPerLiter",1.7,,0,"formatChange","GOOD"
"b89ba633-f2d4-46d0-9927-57d4f5438564","D06","MCDI","MCDI.AOS.groundwater.well.005","MCDI.W5.20180425.FIL","A00000010557","2018-04-25T17:42Z","2018-04-25T17:42Z","EcoCore_CSU","Ca",93.6204,"milligramsPerLiter",1.7,,0,"formatChange","GOOD"
"13b68d82-ea1c-4af0-b06e-cf3fea062bfb","D06","MCDI","MCDI.AOS.groundwater.well.005","MCDI.W5.20180425.FIL","A00000010557","2018-04-25T17:42Z","2018-04-25T17:42Z","EcoCore_CSU","NO3+NO2 - N",0.6509,"milligramsPerLiter",1.7,,0,"formatChange","GOOD"
"38f5d2b4-5bd2-4fca-b77a-1eada99fa6a3","D06","MCDI","MCDI.AOS.groundwater.well.005","MCDI.W5.20180425.FIL","A00000010557","2018-04-25T17:42Z","2018-04-25T17:42Z","EcoCore_CSU","Na",0.0560,"milligramsPerLiter",1.7,,0,"formatChange","GOOD"
"9448c724-960b-44cb-8870-3fe089dab35f","D06","MCDI","MCDI.AOS.groundwater.well.005","MCDI.W5.20180425.FIL","A00000010557","2018-04-25T17:42Z","2018-04-25T17:42Z","EcoCore_CSU","DOC",0.8387,"milligramsPerLiter",1.7,,0,"formatChange","GOOD"
"4b8ed1d1-a5a6-4e2a-b7e6-2199cf35040b","D06","MCDI","MCDI.AOS.groundwater.well.005","MCDI.W5.20180425.RAW","A00000010556","2018-04-25T17:42Z","2018-04-25T17:42Z","EcoCore_CSU","conductivity",627.8000,"microsiemensPerCentimeter",1.7,,0,"formatChange","GOOD"
"4209dc67-d757-4d27-bd20-70e8bc839983","D06","MCDI","MCDI.AOS.groundwater.well.005","MCDI.W5.20180425.FIL","A00000010557","2018-04-25T17:42Z","2018-04-25T17:42Z","EcoCore_CSU","Fe",0.0005,"milligramsPerLiter",1.7,,0,"formatChange","GOOD"
"5f554f20-1751-45d0-91a1-ae8f60e0e958","D06","MCDI","MCDI.AOS.groundwater.well.005","MCDI.W5.20180425.RAW","A00000010556","2018-04-25T17:42Z","2018-04-25T17:42Z","EcoCore_CSU","TN",0.6591,"milligramsPerLiter",1.7,,0,"formatChange","GOOD"
"9576c3b6-0e90-4b3f-a535-64699bef01e7","D06","MCDI","MCDI.AOS.groundwater.well.005","MCDI.W5.20180425.RAW","A00000010556","2018-04-25T17:42Z","2018-04-25T17:42Z","EcoCore_CSU","TSS",140.0000,"milligramsPerLiter",1.7,,0,"formatChange","GOOD"
"6fb6b6bf-f038-4796-acfb-9207ea7e2a8a","D06","MCDI","MCDI.AOS.groundwater.well.005","MCDI.W5.20180425.RAW","A00000010556","2018-04-25T17:42Z","2018-04-25T17:42Z","EcoCore_CSU","TSS - Dry Mass",7000.0000,"microgram",1.7,,0,"formatChange","GOOD"
"eb10b652-581a-410e-99fc-45830d41b843","D06","MCDI","MCDI.AOS.groundwater.well.005","MCDI.W5.20180425.FIL","A00000010557","2018-04-25T17:42Z","2018-04-25T17:42Z","EcoCore_CSU","SO4",32.0871,"milligramsPerLiter",1.7,,0,"formatChange","GOOD"
"58263e75-12f9-4c09-9f7e-395fa1c1cac9","D06","MCDI","MCDI.AOS.groundwater.well.004","MCDI.W4.20180425.FIL","A00000010560","2018-04-25T19:12Z","2018-04-25T19:12Z","EcoCore_CSU","DOC",1.0580,"milligramsPerLiter",1.9,,0,"formatChange","GOOD"
"1049a8dd-a6ff-43f7-9baa-16e7fdda29c1","D06","MCDI","MCDI.AOS.groundwater.well.004","MCDI.W4.20180425.RAW","A00000010554","2018-04-25T19:12Z","2018-04-25T19:12Z","EcoCore_CSU","ANC",2.9700,"milliequivalentsPerLiter",1.9,,0,"formatChange","GOOD"
"88d5406d-48e4-4afe-ab46-c7054cb76fe3","D06","MCDI","MCDI.AOS.groundwater.well.004","MCDI.W4.20180425.FIL","A00000010560","2018-04-25T19:12Z","2018-04-25T19:12Z","EcoCore_CSU","K",3.9884,"milligramsPerLiter",1.9,,0,"formatChange","GOOD"
"8fd559e7-4285-4270-a746-65096e880c10","D06","MCDI","MCDI.AOS.groundwater.well.004","MCDI.W4.20180425.RAW","A00000010554","2018-04-25T19:12Z","2018-04-25T19:12Z","EcoCore_CSU","TSS - Dry Mass",300.0000,"microgram",1.9,,0,"formatChange","GOOD"
"9060405e-f330-42c5-b113-4a007c9385b2","D06","MCDI","MCDI.AOS.groundwater.well.004","MCDI.W4.20180425.FIL","A00000010560","2018-04-25T19:12Z","2018-04-25T19:12Z","EcoCore_CSU","Si",6.7194,"milligramsPerLiter",1.9,,0,"formatChange","GOOD"
"d74c3198-0318-46d1-bce0-4888a8494231","D06","MCDI","MCDI.AOS.groundwater.well.004","MCDI.W4.20180425.FIL","A00000010560","2018-04-25T19:12Z","2018-04-25T19:12Z","EcoCore_CSU","CO3",0.0050,"milligramsPerLiter",1.9,,0,"formatChange","GOOD"
"a8298a83-c8a3-49fe-8432-adda63cd68f8","D06","MCDI","MCDI.AOS.groundwater.well.004","MCDI.W4.20180425.FIL","A00000010560","2018-04-25T19:12Z","2018-04-25T19:12Z","EcoCore_CSU","SO4",71.2500,"milligramsPerLiter",1.9,,0,"formatChange","GOOD"
"d42d9454-ef7b-4eac-9d3b-05faf5bf31ba","D06","MCDI","MCDI.AOS.groundwater.well.004","MCDI.W4.20180425.FIL","A00000010560","2018-04-25T19:12Z","2018-04-25T19:12Z","EcoCore_CSU","NO3+NO2 - N",0.0793,"milligramsPerLiter",1.9,,0,"formatChange","GOOD"
"cf4ae719-1242-4284-adf1-476d22368ccd","D06","MCDI","MCDI.AOS.groundwater.well.004","MCDI.W4.20180425.FIL","A00000010560","2018-04-25T19:12Z","2018-04-25T19:12Z","EcoCore_CSU","NO2 - N",0.0275,"milligramsPerLiter",1.9,,0,"formatChange","GOOD"
"00fa47f5-7c1f-464f-9254-6f5b85213c1c","D06","MCDI","MCDI.AOS.groundwater.well.004","MCDI.W4.20180425.FIL","A00000010560","2018-04-25T19:12Z","2018-04-25T19:12Z","EcoCore_CSU","Cl",14.1569,"milligramsPerLiter",1.9,,0,"formatChange","GOOD"
"93468a64-5531-46e0-8572-6806effb78e9","D06","MCDI","MCDI.AOS.groundwater.well.004","MCDI.W4.20180425.RAW","A00000010554","2018-04-25T19:12Z","2018-04-25T19:12Z","EcoCore_CSU","TSS",6.0000,"milligramsPerLiter",1.9,,0,"formatChange","GOOD"
"c7123095-e4a4-49bc-9d2d-e18031598ae4","D06","MCDI","MCDI.AOS.groundwater.well.004","MCDI.W4.20180425.FIL","A00000010560","2018-04-25T19:12Z","2018-04-25T19:12Z","EcoCore_CSU","UV Absorbance (250 nm)",0.0170,,1.9,,0,"formatChange","GOOD"
"d73be4ce-ed59-4666-8219-14e05c838eec","D06","MCDI","MCDI.AOS.groundwater.well.004","MCDI.W4.20180425.FIL","A00000010560","2018-04-25T19:12Z","2018-04-25T19:12Z","EcoCore_CSU","Fe",0.0005,"milligramsPerLiter",1.9,,0,"formatChange","GOOD"
"0065acaf-59c3-42e7-9368-167c30fa343b","D06","MCDI","MCDI.AOS.groundwater.well.004","MCDI.W4.20180425.RAW","A00000010554","2018-04-25T19:12Z","2018-04-25T19:12Z","EcoCore_CSU","TP",0.0060,"milligramsPerLiter",1.9,,0,"formatChange","GOOD"
"12523778-7493-4ee4-8565-b597651e595e","D06","MCDI","MCDI.AOS.groundwater.well.004","MCDI.W4.20180425.FIL","A00000010560","2018-04-25T19:12Z","2018-04-25T19:12Z","EcoCore_CSU","TDP",0.0049,"milligramsPerLiter",1.9,,0,"formatChange","GOOD"
"124677c1-e545-49db-844c-10b2004ad509","D06","MCDI","MCDI.AOS.groundwater.well.004","MCDI.W4.20180425.FIL","A00000010560","2018-04-25T19:12Z","2018-04-25T19:12Z","EcoCore_CSU","Mn",0.0005,"milligramsPerLiter",1.9,,0,"formatChange","GOOD"
"6609d71c-59c9-499f-8511-2582a5f32d12","D06","MCDI","MCDI.AOS.groundwater.well.004","MCDI.W4.20180425.FIL","A00000010560","2018-04-25T19:12Z","2018-04-25T19:12Z","EcoCore_CSU","TDN",0.1684,"milligramsPerLiter",1.9,,0,"formatChange","GOOD"
"895d9148-8a54-4700-b191-b6456cc4965c","D06","MCDI","MCDI.AOS.groundwater.well.004","MCDI.W4.20180425.FIL","A00000010560","2018-04-25T19:12Z","2018-04-25T19:12Z","EcoCore_CSU","Ortho - P",0.0620,"milligramsPerLiter",1.9,,0,"formatChange","GOOD"
"28a57b78-1ddd-4bfa-8882-848fa5748ef7","D06","MCDI","MCDI.AOS.groundwater.well.004","MCDI.W4.20180425.RAW","A00000010554","2018-04-25T19:12Z","2018-04-25T19:12Z","EcoCore_CSU","pH",6.9100,"pH",1.9,,0,"formatChange","GOOD"
"951d2143-5e2e-4957-9b71-7043a53e45f0","D06","MCDI","MCDI.AOS.groundwater.well.004","MCDI.W4.20180425.PCN","A00000010583","2018-04-25T19:12Z","2018-04-25T19:12Z","EcoCore_CSU","TPC",0.3460,"milligram",1.9,,0,"formatChange","GOOD"
"b96eaba3-3082-41b3-becb-bee946496b85","D06","MCDI","MCDI.AOS.groundwater.well.004","MCDI.W4.20180425.FIL","A00000010560","2018-04-25T19:12Z","2018-04-25T19:12Z","EcoCore_CSU","NH4 - N",0.0321,"milligramsPerLiter",1.9,,0,"formatChange","GOOD"
"76e2b0ab-e95a-4b42-adb3-5a5660fe4efe","D06","MCDI","MCDI.AOS.groundwater.well.004","MCDI.W4.20180425.FIL","A00000010560","2018-04-25T19:12Z","2018-04-25T19:12Z","EcoCore_CSU","Br",0.0050,"milligramsPerLiter",1.9,,0,"formatChange","GOOD"
"63cd514f-2b65-487c-a2e9-0c722c0de255","D06","MCDI","MCDI.AOS.groundwater.well.004","MCDI.W4.20180425.FIL","A00000010560","2018-04-25T19:12Z","2018-04-25T19:12Z","EcoCore_CSU","HCO3",175.2100,"milligramsPerLiter",1.9,,0,"formatChange","GOOD"
"672c9632-5494-496d-b679-b1862cacb284","D06","MCDI","MCDI.AOS.groundwater.well.004","MCDI.W4.20180425.FIL","A00000010560","2018-04-25T19:12Z","2018-04-25T19:12Z","EcoCore_CSU","F",0.0050,"milligramsPerLiter",1.9,,0,"formatChange","GOOD"
"2b4089ee-70b4-4751-a878-596467aa45c1","D06","MCDI","MCDI.AOS.groundwater.well.004","MCDI.W4.20180425.RAW","A00000010554","2018-04-25T19:12Z","2018-04-25T19:12Z","EcoCore_CSU","TN",0.1908,"milligramsPerLiter",1.9,,0,"formatChange","GOOD"
"2478f9cb-afde-4137-8c76-63405db812c2","D06","MCDI","MCDI.AOS.groundwater.well.004","MCDI.W4.20180425.FIL","A00000010560","2018-04-25T19:12Z","2018-04-25T19:12Z","EcoCore_CSU","UV Absorbance (280 nm)",0.0111,,1.9,,0,"formatChange","GOOD"
"b9b11b54-c4da-4ef1-8c9d-ff4fb7f09927","D06","MCDI","MCDI.AOS.groundwater.well.004","MCDI.W4.20180425.RAW","A00000010554","2018-04-25T19:12Z","2018-04-25T19:12Z","EcoCore_CSU","TOC",0.7080,"milligramsPerLiter",1.9,,0,"formatChange","GOOD"
"04d41df4-62b4-40ab-bc86-beb61c57b171","D06","MCDI","MCDI.AOS.groundwater.well.004","MCDI.W4.20180425.FIL","A00000010560","2018-04-25T19:12Z","2018-04-25T19:12Z","EcoCore_CSU","DIC",75.5800,"milligramsPerLiter",1.9,,0,"formatChange","GOOD"
"93f29ad7-18dd-45b0-98f2-27a62329e18f","D06","MCDI","MCDI.AOS.groundwater.well.004","MCDI.W4.20180425.FIL","A00000010560","2018-04-25T19:12Z","2018-04-25T19:12Z","EcoCore_CSU","Mg",20.0648,"milligramsPerLiter",1.9,,0,"formatChange","GOOD"
"2ef5a49c-9df0-4e3e-a613-a149495f0578","D06","MCDI","MCDI.AOS.groundwater.well.004","MCDI.W4.20180425.FIL","A00000010560","2018-04-25T19:12Z","2018-04-25T19:12Z","EcoCore_CSU","Ca",52.1761,"milligramsPerLiter",1.9,,0,"formatChange","GOOD"
"05731694-16d3-4041-91f2-182f7cb21d9e","D06","MCDI","MCDI.AOS.groundwater.well.004","MCDI.W4.20180425.FIL","A00000010560","2018-04-25T19:12Z","2018-04-25T19:12Z","EcoCore_CSU","TDS",532.6000,"milligramsPerLiter",1.9,,0,"formatChange","GOOD"
"6fc32948-bd4f-4125-913a-53d4eb6107ca","D06","MCDI","MCDI.AOS.groundwater.well.004","MCDI.W4.20180425.FIL","A00000010560","2018-04-25T19:12Z","2018-04-25T19:12Z","EcoCore_CSU","Na",7.2456,"milligramsPerLiter",1.9,,0,"formatChange","GOOD"
"1cc9548c-46a5-4cfa-a4e1-1416c1d5e8ce","D06","MCDI","MCDI.AOS.groundwater.well.004","MCDI.W4.20180425.RAW","A00000010554","2018-04-25T19:12Z","2018-04-25T19:12Z","EcoCore_CSU","conductivity",749.3000,"microsiemensPerCentimeter",1.9,,0,"formatChange","GOOD"
"f234158b-7a78-4624-9abe-10ecab63d450","D06","MCDI","MCDI.AOS.groundwater.well.004","MCDI.W4.20180425.PCN","A00000010583","2018-04-25T19:12Z","2018-04-25T19:12Z","EcoCore_CSU","TPN",0.1077,"milligram",1.9,,0,"formatChange","GOOD"
