uid,domainID,siteID,namedLocation,collectDate,parentSampleID,sampleCondition,sampleID,replicateNumber,gwwDICBubbleFree,gwwFiltSampleHeadspace,gwwAlkSampleHeadspace,gwwAlkSampleBubbleFree,processedDate,processedDateFilters,sampleVolumeFiltered,shipmentTimeRange
"0f3c0fcf-fec8-4012-b46f-98ffde37dc65","D06","MCDI","MCDI.AOS.groundwater.well.003","2018-04-25T15:28Z","MCDI.W3.20180425","Sample condition ok","MCDI.W3.20180425",1,,,,,"2018-04-25T16:30Z","2018-04-25T17:00Z",10.0,
"15688289-d3c4-4fa6-8a03-5d8825e5af27","D06","MCDI","MCDI.AOS.groundwater.well.006","2018-04-25T16:31Z","MCDI.W6.20180425","Sample condition ok","MCDI.W6.20180425",1,,,,,"2018-04-25T17:15Z","2018-04-25T17:20Z",166.0,
"2bdaebe8-d7f3-4ee7-89a2-54cbbcf7b01b","D06","MCDI","MCDI.AOS.groundwater.well.005","2018-04-25T17:42Z","MCDI.W5.20180425","Sample condition ok","MCDI.W5.20180425",1,,,,,"2018-04-25T18:15Z","2018-04-25T18:25Z",140.0,
"cf2c0543-58b3-4d31-9af6-d7397cf89f64","D06","MCDI","MCDI.AOS.groundwater.well.004","2018-04-25T19:12Z","MCDI.W4.20180425","Sample condition ok","MCDI.W4.20180425",1,,,,,"2018-04-25T21:06Z","2018-04-25T21:07Z",1820.0,
