uid,domainID,siteID,namedLocation,sampleID,sampleCode,startDate,collectDate,laboratoryName,analyte,analyteConcentration,analyteUnits,coolerTemp,remarks,shipmentWarmQF,externalLabDataQF,sampleCondition
"44da5dda-cd13-4f35-8ea7-fead448b21c5","D13","COMO","COMO.AOS.groundwater.well.001","COMO.W1.20170612.FIL",,"2017-06-12T17:12Z","2017-06-12T17:12Z","EcoCore_CSU","Ortho - P",,"milligramsPerLiter",0.3,"Unknown reason for no analyte concentration as a result of external lab data format change",0,"formatChange","Other"
"cf91ebd5-7788-4d19-9317-25e0e6bdbf81","D13","COMO","COMO.AOS.groundwater.well.001","COMO.W1.20170612.FIL",,"2017-06-12T17:12Z","2017-06-12T17:12Z","EcoCore_CSU","DIC",,"milligramsPerLiter",0.3,"Unknown reason for no analyte concentration as a result of external lab data format change",0,"formatChange","Other"
"bece1e3b-0218-480a-8992-e82ffbb12935","D13","COMO","COMO.AOS.groundwater.well.001","COMO.W1.20170612.FIL",,"2017-06-12T17:12Z","2017-06-12T17:12Z","EcoCore_CSU","Cl",,"milligramsPerLiter",0.3,"Unknown reason for no analyte concentration as a result of external lab data format change",0,"formatChange","Other"
"3367d9ab-355d-4a62-ab14-8cf0b34eb4f8","D13","COMO","COMO.AOS.groundwater.well.001","COMO.W1.20170612.FIL",,"2017-06-12T17:12Z","2017-06-12T17:12Z","EcoCore_CSU","UV Absorbance (280 nm)",,,0.3,"Unknown reason for no analyte concentration as a result of external lab data format change",0,"formatChange","Other"
"35e037bf-7b58-4887-af3d-f8177c60c768","D13","COMO","COMO.AOS.groundwater.well.001","COMO.W1.20170612.FIL",,"2017-06-12T17:12Z","2017-06-12T17:12Z","EcoCore_CSU","K",,"milligramsPerLiter",0.3,"Unknown reason for no analyte concentration as a result of external lab data format change",0,"formatChange","Other"
"56a0602d-88ff-4ba9-a267-c35da8c7558d","D13","COMO","COMO.AOS.groundwater.well.001","COMO.W1.20170612.FIL",,"2017-06-12T17:12Z","2017-06-12T17:12Z","EcoCore_CSU","TDP",,"milligramsPerLiter",0.3,"Unknown reason for no analyte concentration as a result of external lab data format change",0,"formatChange","Other"
"ea443cda-5322-4b4f-b981-a8c1312455f5","D13","COMO","COMO.AOS.groundwater.well.001","COMO.W1.20170612.FIL",,"2017-06-12T17:12Z","2017-06-12T17:12Z","EcoCore_CSU","TDS",,"milligramsPerLiter",0.3,"Unknown reason for no analyte concentration as a result of external lab data format change",0,"formatChange","Other"
"842286b5-01c7-433e-9937-cc81fd0de456","D13","COMO","COMO.AOS.groundwater.well.001","COMO.W1.20170612.FIL",,"2017-06-12T17:12Z","2017-06-12T17:12Z","EcoCore_CSU","NO3+NO2 - N",,"milligramsPerLiter",0.3,"Unknown reason for no analyte concentration as a result of external lab data format change",0,"formatChange","Other"
"b2a01658-9202-4fe1-b0ed-cd64a52638f0","D13","COMO","COMO.AOS.groundwater.well.001","COMO.W1.20170612.FIL",,"2017-06-12T17:12Z","2017-06-12T17:12Z","EcoCore_CSU","SO4",,"milligramsPerLiter",0.3,"Unknown reason for no analyte concentration as a result of external lab data format change",0,"formatChange","Other"
"837b1053-fec3-4e1c-8faa-b277c9b24d87","D13","COMO","COMO.AOS.groundwater.well.001","COMO.W1.20170612.RAW",,"2017-06-12T17:12Z","2017-06-12T17:12Z","EcoCore_CSU","TSS - Dry Mass",,"microgram",0.3,"Unknown reason for no analyte concentration as a result of external lab data format change",0,"formatChange","Other"
"a8294fae-f329-485a-b44d-df5b26c7ee8c","D13","COMO","COMO.AOS.groundwater.well.001","COMO.W1.20170612.FIL",,"2017-06-12T17:12Z","2017-06-12T17:12Z","EcoCore_CSU","DOC",,"milligramsPerLiter",0.3,"Unknown reason for no analyte concentration as a result of external lab data format change",0,"formatChange","Other"
"dc133b44-3f08-4b4e-a18c-bc9cb3caced1","D13","COMO","COMO.AOS.groundwater.well.001","COMO.W1.20170612.FIL",,"2017-06-12T17:12Z","2017-06-12T17:12Z","EcoCore_CSU","Br",,"milligramsPerLiter",0.3,"Unknown reason for no analyte concentration as a result of external lab data format change",0,"formatChange","Other"
"0a6825b4-7f1a-4410-b386-cc7262c6381e","D13","COMO","COMO.AOS.groundwater.well.001","COMO.W1.20170612.FIL",,"2017-06-12T17:12Z","2017-06-12T17:12Z","EcoCore_CSU","Na",,"milligramsPerLiter",0.3,"Unknown reason for no analyte concentration as a result of external lab data format change",0,"formatChange","Other"
"f018aec9-5ffb-4bd8-aff4-d98e345568c9","D13","COMO","COMO.AOS.groundwater.well.001","COMO.W1.20170612.FIL",,"2017-06-12T17:12Z","2017-06-12T17:12Z","EcoCore_CSU","NO2 - N",,"milligramsPerLiter",0.3,"Unknown reason for no analyte concentration as a result of external lab data format change",0,"formatChange","Other"
"89f0aba3-72c4-4d48-b6af-15d01819075e","D13","COMO","COMO.AOS.groundwater.well.001","COMO.W1.20170612.FIL",,"2017-06-12T17:12Z","2017-06-12T17:12Z","EcoCore_CSU","HCO3",,"milligramsPerLiter",0.3,"Unknown reason for no analyte concentration as a result of external lab data format change",0,"formatChange","Other"
"ec93221f-ddf1-4243-98a8-534e891b948d","D13","COMO","COMO.AOS.groundwater.well.001","COMO.W1.20170612.FIL",,"2017-06-12T17:12Z","2017-06-12T17:12Z","EcoCore_CSU","Fe",,"milligramsPerLiter",0.3,"Unknown reason for no analyte concentration as a result of external lab data format change",0,"formatChange","Other"
"e16b76e8-6847-4df1-8d5b-bdb6c11ed389","D13","COMO","COMO.AOS.groundwater.well.001","COMO.W1.20170612.FIL",,"2017-06-12T17:12Z","2017-06-12T17:12Z","EcoCore_CSU","F",,"milligramsPerLiter",0.3,"Unknown reason for no analyte concentration as a result of external lab data format change",0,"formatChange","Other"
"e1eb6298-7134-4934-b5e2-db69c3b54e21","D13","COMO","COMO.AOS.groundwater.well.001","COMO.W1.20170612.FIL",,"2017-06-12T17:12Z","2017-06-12T17:12Z","EcoCore_CSU","NH4 - N",,"milligramsPerLiter",0.3,"Unknown reason for no analyte concentration as a result of external lab data format change",0,"formatChange","Other"
"8ef4efa1-05a6-4050-b491-e035b2c91c0f","D13","COMO","COMO.AOS.groundwater.well.001","COMO.W1.20170612.FIL",,"2017-06-12T17:12Z","2017-06-12T17:12Z","EcoCore_CSU","Mn",,"milligramsPerLiter",0.3,"Unknown reason for no analyte concentration as a result of external lab data format change",0,"formatChange","Other"
"e09f4d47-2811-449a-aca3-47e33851f88b","D13","COMO","COMO.AOS.groundwater.well.001","COMO.W1.20170612.RAW",,"2017-06-12T17:12Z","2017-06-12T17:12Z","EcoCore_CSU","pH",,"pH",0.3,"Unknown reason for no analyte concentration as a result of external lab data format change",0,"formatChange","Other"
"2fbd9136-4f8f-4cdc-aa12-bc11c11936c8","D13","COMO","COMO.AOS.groundwater.well.001","COMO.W1.20170612.FIL",,"2017-06-12T17:12Z","2017-06-12T17:12Z","EcoCore_CSU","Si",,"milligramsPerLiter",0.3,"Unknown reason for no analyte concentration as a result of external lab data format change",0,"formatChange","Other"
"472b0730-85d8-4f4a-8a37-80701e9523a3","D13","COMO","COMO.AOS.groundwater.well.001","COMO.W1.20170612.RAW",,"2017-06-12T17:12Z","2017-06-12T17:12Z","EcoCore_CSU","TOC",4.5460,"milligramsPerLiter",0.3,,0,"formatChange","GOOD"
"d5093f7b-6ecc-40c6-a776-0b6a3e6b3222","D13","COMO","COMO.AOS.groundwater.well.001","COMO.W1.20170612.PCN",,"2017-06-12T17:12Z","2017-06-12T17:12Z","EcoCore_CSU","TPN",0.0037,"milligram",0.3,,0,"formatChange","GOOD"
"58e64e12-315b-47ba-af13-6aea2ec9b1ba","D13","COMO","COMO.AOS.groundwater.well.001","COMO.W1.20170612.FIL",,"2017-06-12T17:12Z","2017-06-12T17:12Z","EcoCore_CSU","UV Absorbance (250 nm)",,,0.3,"Unknown reason for no analyte concentration as a result of external lab data format change",0,"formatChange","Other"
"99689a45-559e-4e6f-a805-71fcddbbbc26","D13","COMO","COMO.AOS.groundwater.well.001","COMO.W1.20170612.FIL",,"2017-06-12T17:12Z","2017-06-12T17:12Z","EcoCore_CSU","Ca",,"milligramsPerLiter",0.3,"Unknown reason for no analyte concentration as a result of external lab data format change",0,"formatChange","Other"
"97124000-b1e4-47c5-842a-b5773a615fe1","D13","COMO","COMO.AOS.groundwater.well.001","COMO.W1.20170612.RAW",,"2017-06-12T17:12Z","2017-06-12T17:12Z","EcoCore_CSU","conductivity",,"microsiemensPerCentimeter",0.3,"Unknown reason for no analyte concentration as a result of external lab data format change",0,"formatChange","Other"
"0d34d885-18bb-4131-a7b3-fa15fb482d94","D13","COMO","COMO.AOS.groundwater.well.001","COMO.W1.20170612.FIL",,"2017-06-12T17:12Z","2017-06-12T17:12Z","EcoCore_CSU","Mg",,"milligramsPerLiter",0.3,"Unknown reason for no analyte concentration as a result of external lab data format change",0,"formatChange","Other"
"7b9055a2-7024-48c8-aefa-9ba3fa7c6ef9","D13","COMO","COMO.AOS.groundwater.well.001","COMO.W1.20170612.RAW",,"2017-06-12T17:12Z","2017-06-12T17:12Z","EcoCore_CSU","TP",,"milligramsPerLiter",0.3,"Unknown reason for no analyte concentration as a result of external lab data format change",0,"formatChange","Other"
"1042b508-c96d-455b-9dcb-d1092cf7ae1a","D13","COMO","COMO.AOS.groundwater.well.001","COMO.W1.20170612.RAW",,"2017-06-12T17:12Z","2017-06-12T17:12Z","EcoCore_CSU","ANC",,"milliequivalentsPerLiter",0.3,"Unknown reason for no analyte concentration as a result of external lab data format change",0,"formatChange","Other"
"78aae25a-aea9-4781-b64c-8c58a46c47e9","D13","COMO","COMO.AOS.groundwater.well.001","COMO.W1.20170612.RAW",,"2017-06-12T17:12Z","2017-06-12T17:12Z","EcoCore_CSU","TSS",,"milligramsPerLiter",0.3,"Unknown reason for no analyte concentration as a result of external lab data format change",0,"formatChange","Other"
"62e03fa3-2f81-4db1-9221-d7f299157b28","D13","COMO","COMO.AOS.groundwater.well.001","COMO.W1.20170612.FIL",,"2017-06-12T17:12Z","2017-06-12T17:12Z","EcoCore_CSU","CO3",,"milligramsPerLiter",0.3,"Unknown reason for no analyte concentration as a result of external lab data format change",0,"formatChange","Other"
"6eb29a7e-a826-4736-8f9a-e61dfef3abb0","D13","COMO","COMO.AOS.groundwater.well.001","COMO.W1.20170612.PCN",,"2017-06-12T17:12Z","2017-06-12T17:12Z","EcoCore_CSU","TPC",0.2897,"milligram",0.3,,0,"formatChange","GOOD"
"425d3be0-cd2a-458a-9fe0-2fd9ede91e70","D13","COMO","COMO.AOS.groundwater.well.001","COMO.W1.20170612.FIL",,"2017-06-12T17:12Z","2017-06-12T17:12Z","EcoCore_CSU","TDN",,"milligramsPerLiter",0.3,"Unknown reason for no analyte concentration as a result of external lab data format change",0,"formatChange","Other"
"3a61def5-6b84-466f-9bdb-7f85b39e1fe3","D13","COMO","COMO.AOS.groundwater.well.001","COMO.W1.20170612.RAW",,"2017-06-12T17:12Z","2017-06-12T17:12Z","EcoCore_CSU","TN",0.1531,"milligramsPerLiter",0.3,,0,"formatChange","GOOD"
"54db424b-9f5a-4091-98ad-05a8d473d72f","D13","COMO","COMO.AOS.groundwater.well.003","COMO.W3.20170612.FIL",,"2017-06-12T19:23Z","2017-06-12T19:23Z","EcoCore_CSU","DOC",9.9670,"milligramsPerLiter",0.3,,0,"formatChange","GOOD"
"e37dafda-bfdb-4699-b5fd-451d782c0ff9","D13","COMO","COMO.AOS.groundwater.well.003","COMO.W3.20170612.FIL",,"2017-06-12T19:23Z","2017-06-12T19:23Z","EcoCore_CSU","TDN",0.4081,"milligramsPerLiter",0.3,,0,"formatChange","GOOD"
"f98bf466-5b7c-4360-8638-3b9e9904ee67","D13","COMO","COMO.AOS.groundwater.well.003","COMO.W3.20170612.FIL",,"2017-06-12T19:23Z","2017-06-12T19:23Z","EcoCore_CSU","CO3",0.0000,"milligramsPerLiter",0.3,,0,"formatChange","GOOD"
"b5a13c24-582c-4d5c-a169-9d94635368cd","D13","COMO","COMO.AOS.groundwater.well.003","COMO.W3.20170612.FIL",,"2017-06-12T19:23Z","2017-06-12T19:23Z","EcoCore_CSU","Br",0.0050,"milligramsPerLiter",0.3,,0,"formatChange","GOOD"
"2a6b0923-fabd-43d2-9c67-c74cc3119cd6","D13","COMO","COMO.AOS.groundwater.well.003","COMO.W3.20170612.FIL",,"2017-06-12T19:23Z","2017-06-12T19:23Z","EcoCore_CSU","UV Absorbance (280 nm)",0.4752,,0.3,,0,"formatChange","GOOD"
"4af47123-a9bc-4612-a56b-aebdba0a62c3","D13","COMO","COMO.AOS.groundwater.well.003","COMO.W3.20170612.FIL",,"2017-06-12T19:23Z","2017-06-12T19:23Z","EcoCore_CSU","UV Absorbance (250 nm)",0.6392,,0.3,,0,"formatChange","GOOD"
"ddcccfe2-4f06-4c3f-815d-d01a9b5a8fa4","D13","COMO","COMO.AOS.groundwater.well.003","COMO.W3.20170612.FIL",,"2017-06-12T19:23Z","2017-06-12T19:23Z","EcoCore_CSU","HCO3",18.3500,"milligramsPerLiter",0.3,,0,"formatChange","GOOD"
"7186745e-c8b9-4581-b74e-ec16e1cdf396","D13","COMO","COMO.AOS.groundwater.well.003","COMO.W3.20170612.FIL",,"2017-06-12T19:23Z","2017-06-12T19:23Z","EcoCore_CSU","Fe",0.5730,"milligramsPerLiter",0.3,,0,"formatChange","GOOD"
"33d66b09-30fb-499b-aed2-356d75c9bd5b","D13","COMO","COMO.AOS.groundwater.well.003","COMO.W3.20170612.FIL",,"2017-06-12T19:23Z","2017-06-12T19:23Z","EcoCore_CSU","F",0.0050,"milligramsPerLiter",0.3,,0,"formatChange","GOOD"
"4e5d236d-8d5d-4833-b5cc-f262d3ba5d54","D13","COMO","COMO.AOS.groundwater.well.003","COMO.W3.20170612.RAW",,"2017-06-12T19:23Z","2017-06-12T19:23Z","EcoCore_CSU","TSS - Dry Mass",22200.0000,"microgram",0.3,,0,"formatChange","GOOD"
"590261dd-03e8-4061-b358-e1cbfab9e702","D13","COMO","COMO.AOS.groundwater.well.003","COMO.W3.20170612.PCN",,"2017-06-12T19:23Z","2017-06-12T19:23Z","EcoCore_CSU","TPN",0.0038,"milligram",0.3,,0,"formatChange","GOOD"
"301ca81a-7b66-4f67-8895-bb5c4f0ea267","D13","COMO","COMO.AOS.groundwater.well.003","COMO.W3.20170612.FIL",,"2017-06-12T19:23Z","2017-06-12T19:23Z","EcoCore_CSU","NO3+NO2 - N",0.0340,"milligramsPerLiter",0.3,,0,"formatChange","GOOD"
"0a0cd214-c11d-4ff3-83bc-618e10edf774","D13","COMO","COMO.AOS.groundwater.well.003","COMO.W3.20170612.FIL",,"2017-06-12T19:23Z","2017-06-12T19:23Z","EcoCore_CSU","Mn",0.0090,"milligramsPerLiter",0.3,,0,"formatChange","GOOD"
"2e6627f7-e7f7-462f-9484-80d6e3ef3602","D13","COMO","COMO.AOS.groundwater.well.003","COMO.W3.20170612.FIL",,"2017-06-12T19:23Z","2017-06-12T19:23Z","EcoCore_CSU","NH4 - N",-0.0050,"milligramsPerLiter",0.3,,0,"formatChange","GOOD"
"6ee3f2fe-71e4-42b0-bd7d-f56e7b9433c5","D13","COMO","COMO.AOS.groundwater.well.003","COMO.W3.20170612.RAW",,"2017-06-12T19:23Z","2017-06-12T19:23Z","EcoCore_CSU","TSS",888.0000,"milligramsPerLiter",0.3,,0,"formatChange","GOOD"
"60e2e8f9-ffae-4d20-bd41-233bd4885b46","D13","COMO","COMO.AOS.groundwater.well.003","COMO.W3.20170612.RAW",,"2017-06-12T19:23Z","2017-06-12T19:23Z","EcoCore_CSU","conductivity",37.6000,"microsiemensPerCentimeter",0.3,,0,"formatChange","GOOD"
"b5ea2a45-fb31-473b-b013-2bdcf8c99877","D13","COMO","COMO.AOS.groundwater.well.003","COMO.W3.20170612.RAW",,"2017-06-12T19:23Z","2017-06-12T19:23Z","EcoCore_CSU","TP",0.0230,"milligramsPerLiter",0.3,,0,"formatChange","GOOD"
"42ea7c0b-dd45-4af5-ba42-cd9f9e9e360a","D13","COMO","COMO.AOS.groundwater.well.003","COMO.W3.20170612.RAW",,"2017-06-12T19:23Z","2017-06-12T19:23Z","EcoCore_CSU","TN",0.5430,"milligramsPerLiter",0.3,,0,"formatChange","GOOD"
"18a4f9b9-2f2f-4b35-a26e-e0cf01445e12","D13","COMO","COMO.AOS.groundwater.well.003","COMO.W3.20170612.FIL",,"2017-06-12T19:23Z","2017-06-12T19:23Z","EcoCore_CSU","Ca",1.1800,"milligramsPerLiter",0.3,,0,"formatChange","GOOD"
"8203ef55-10a0-43da-a234-5322600e1f9b","D13","COMO","COMO.AOS.groundwater.well.003","COMO.W3.20170612.FIL",,"2017-06-12T19:23Z","2017-06-12T19:23Z","EcoCore_CSU","SO4",2.5100,"milligramsPerLiter",0.3,,0,"formatChange","GOOD"
"5ee61261-7283-488c-9c7b-799dda6cf0ad","D13","COMO","COMO.AOS.groundwater.well.003","COMO.W3.20170612.FIL",,"2017-06-12T19:23Z","2017-06-12T19:23Z","EcoCore_CSU","TDP",0.0200,"milligramsPerLiter",0.3,,0,"formatChange","GOOD"
"20b9e471-6193-4209-a189-1b8b2e6a845c","D13","COMO","COMO.AOS.groundwater.well.003","COMO.W3.20170612.FIL",,"2017-06-12T19:23Z","2017-06-12T19:23Z","EcoCore_CSU","K",0.1430,"milligramsPerLiter",0.3,,0,"formatChange","GOOD"
"b3b02eed-e8b3-4b2a-9d88-54bc38b537d6","D13","COMO","COMO.AOS.groundwater.well.003","COMO.W3.20170612.RAW",,"2017-06-12T19:23Z","2017-06-12T19:23Z","EcoCore_CSU","ANC",0.3200,"milliequivalentsPerLiter",0.3,,0,"formatChange","GOOD"
"c33e4df5-aa1e-4cff-9b76-eac4bbaf45de","D13","COMO","COMO.AOS.groundwater.well.003","COMO.W3.20170612.PCN",,"2017-06-12T19:23Z","2017-06-12T19:23Z","EcoCore_CSU","TPC",0.4080,"milligram",0.3,,0,"formatChange","GOOD"
"21e323ac-9188-4971-b43b-f5a5d6b0bfd6","D13","COMO","COMO.AOS.groundwater.well.003","COMO.W3.20170612.FIL",,"2017-06-12T19:23Z","2017-06-12T19:23Z","EcoCore_CSU","Ortho - P",0.0310,"milligramsPerLiter",0.3,,0,"formatChange","GOOD"
"987329b5-7de4-4c52-a73d-9c56e3c2fdaf","D13","COMO","COMO.AOS.groundwater.well.003","COMO.W3.20170612.FIL",,"2017-06-12T19:23Z","2017-06-12T19:23Z","EcoCore_CSU","NO2 - N",0.0100,"milligramsPerLiter",0.3,,0,"formatChange","GOOD"
"d434ff13-7e7e-4338-8306-9b717aa7ac68","D13","COMO","COMO.AOS.groundwater.well.003","COMO.W3.20170612.FIL",,"2017-06-12T19:23Z","2017-06-12T19:23Z","EcoCore_CSU","Cl",0.3900,"milligramsPerLiter",0.3,,0,"formatChange","GOOD"
"5509daab-bdea-4cf0-a53b-9042c4f51e48","D13","COMO","COMO.AOS.groundwater.well.003","COMO.W3.20170612.FIL",,"2017-06-12T19:23Z","2017-06-12T19:23Z","EcoCore_CSU","TDS",27.1000,"milligramsPerLiter",0.3,,0,"formatChange","GOOD"
"df8c02f6-469d-433b-aa44-4f892f70b778","D13","COMO","COMO.AOS.groundwater.well.003","COMO.W3.20170612.FIL",,"2017-06-12T19:23Z","2017-06-12T19:23Z","EcoCore_CSU","DIC",4.0170,"milligramsPerLiter",0.3,,0,"formatChange","GOOD"
"e0ee8f51-77e5-490d-837c-d18df181266c","D13","COMO","COMO.AOS.groundwater.well.003","COMO.W3.20170612.RAW",,"2017-06-12T19:23Z","2017-06-12T19:23Z","EcoCore_CSU","pH",6.6900,"pH",0.3,,0,"formatChange","GOOD"
"c58883e4-6dd6-4e6a-b297-a6e1ac1d841c","D13","COMO","COMO.AOS.groundwater.well.003","COMO.W3.20170612.RAW",,"2017-06-12T19:23Z","2017-06-12T19:23Z","EcoCore_CSU","TOC",11.5400,"milligramsPerLiter",0.3,,0,"formatChange","GOOD"
"00a59aa7-22c5-4ae5-9081-f8acb848ce03","D13","COMO","COMO.AOS.groundwater.well.003","COMO.W3.20170612.FIL",,"2017-06-12T19:23Z","2017-06-12T19:23Z","EcoCore_CSU","Mg",0.1700,"milligramsPerLiter",0.3,,0,"formatChange","GOOD"
"da89e13d-10a2-4b38-bf5c-1af6aa8cde5f","D13","COMO","COMO.AOS.groundwater.well.003","COMO.W3.20170612.FIL",,"2017-06-12T19:23Z","2017-06-12T19:23Z","EcoCore_CSU","Si",4.5600,"milligramsPerLiter",0.3,,0,"formatChange","GOOD"
"bec0e821-7630-4619-a8c1-67e7cd515dc8","D13","COMO","COMO.AOS.groundwater.well.003","COMO.W3.20170612.FIL",,"2017-06-12T19:23Z","2017-06-12T19:23Z","EcoCore_CSU","Na",7.0040,"milligramsPerLiter",0.3,,0,"formatChange","GOOD"
"37621265-aa86-4eeb-9cfe-db6c18892c20","D13","COMO","COMO.AOS.groundwater.well.004","COMO.W4.20170612.FIL",,"2017-06-12T20:42Z","2017-06-12T20:42Z","EcoCore_CSU","K",0.1340,"milligramsPerLiter",0.3,,0,"formatChange","GOOD"
"e85fdd0a-08ee-4209-ae75-eeded7486436","D13","COMO","COMO.AOS.groundwater.well.004","COMO.W4.20170612.FIL",,"2017-06-12T20:42Z","2017-06-12T20:42Z","EcoCore_CSU","SO4",3.3000,"milligramsPerLiter",0.3,,0,"formatChange","GOOD"
"e715d9f9-2f2d-46f6-8e5a-c4117d1319fa","D13","COMO","COMO.AOS.groundwater.well.004","COMO.W4.20170612.RAW",,"2017-06-12T20:42Z","2017-06-12T20:42Z","EcoCore_CSU","conductivity",26.9000,"microsiemensPerCentimeter",0.3,,0,"formatChange","GOOD"
"83558706-cae5-4281-a244-8ff0ce399147","D13","COMO","COMO.AOS.groundwater.well.004","COMO.W4.20170612.FIL",,"2017-06-12T20:42Z","2017-06-12T20:42Z","EcoCore_CSU","Mg",0.6490,"milligramsPerLiter",0.3,,0,"formatChange","GOOD"
"d9b59178-8ea3-4b4f-b172-811d1cd6d70a","D13","COMO","COMO.AOS.groundwater.well.004","COMO.W4.20170612.FIL",,"2017-06-12T20:42Z","2017-06-12T20:42Z","EcoCore_CSU","Mn",0.0020,"milligramsPerLiter",0.3,,0,"formatChange","GOOD"
"fb1eeff9-4931-4352-87cd-3744be027a70","D13","COMO","COMO.AOS.groundwater.well.004","COMO.W4.20170612.RAW",,"2017-06-12T20:42Z","2017-06-12T20:42Z","EcoCore_CSU","TN",0.1684,"milligramsPerLiter",0.3,,0,"formatChange","GOOD"
"e8f8b6e7-1c95-4787-b35b-4827ba0a5259","D13","COMO","COMO.AOS.groundwater.well.004","COMO.W4.20170612.FIL",,"2017-06-12T20:42Z","2017-06-12T20:42Z","EcoCore_CSU","Fe",0.0650,"milligramsPerLiter",0.3,,0,"formatChange","GOOD"
"ecd5fc39-3f82-4188-8498-df2cdd7d5a41","D13","COMO","COMO.AOS.groundwater.well.004","COMO.W4.20170612.FIL",,"2017-06-12T20:42Z","2017-06-12T20:42Z","EcoCore_CSU","HCO3",10.9500,"milligramsPerLiter",0.3,,0,"formatChange","GOOD"
"f2cfd600-efbc-4496-b90a-ede623d538ca","D13","COMO","COMO.AOS.groundwater.well.004","COMO.W4.20170612.FIL",,"2017-06-12T20:42Z","2017-06-12T20:42Z","EcoCore_CSU","DOC",4.3880,"milligramsPerLiter",0.3,,0,"formatChange","GOOD"
"99460074-0e01-4da9-a942-de896af5db7a","D13","COMO","COMO.AOS.groundwater.well.004","COMO.W4.20170612.FIL",,"2017-06-12T20:42Z","2017-06-12T20:42Z","EcoCore_CSU","Ca",2.3770,"milligramsPerLiter",0.3,,0,"formatChange","GOOD"
"ca64c1fa-79d1-43e2-9945-7cc5fe0f3a3f","D13","COMO","COMO.AOS.groundwater.well.004","COMO.W4.20170612.FIL",,"2017-06-12T20:42Z","2017-06-12T20:42Z","EcoCore_CSU","F",0.0050,"milligramsPerLiter",0.3,,0,"formatChange","GOOD"
"9d781186-c846-45c0-b6c8-068b8f732b05","D13","COMO","COMO.AOS.groundwater.well.004","COMO.W4.20170612.RAW",,"2017-06-12T20:42Z","2017-06-12T20:42Z","EcoCore_CSU","pH",6.5800,"pH",0.3,,0,"formatChange","GOOD"
"c7d8bbe5-d012-480b-8d07-4138b5414d4e","D13","COMO","COMO.AOS.groundwater.well.004","COMO.W4.20170612.PCN",,"2017-06-12T20:42Z","2017-06-12T20:42Z","EcoCore_CSU","TPN",0.0320,"milligram",0.3,,0,"formatChange","GOOD"
"651191c7-1af5-4c47-8347-b6b69cf273a7","D13","COMO","COMO.AOS.groundwater.well.004","COMO.W4.20170612.RAW",,"2017-06-12T20:42Z","2017-06-12T20:42Z","EcoCore_CSU","TSS - Dry Mass",15500.0000,"microgram",0.3,,0,"formatChange","GOOD"
"e2b10e0b-6422-4c40-9828-a0f73735458c","D13","COMO","COMO.AOS.groundwater.well.004","COMO.W4.20170612.FIL",,"2017-06-12T20:42Z","2017-06-12T20:42Z","EcoCore_CSU","UV Absorbance (280 nm)",0.0648,,0.3,,0,"formatChange","GOOD"
"4e96ce33-9cc4-4a8b-b96d-9b6487a37e1b","D13","COMO","COMO.AOS.groundwater.well.004","COMO.W4.20170612.FIL",,"2017-06-12T20:42Z","2017-06-12T20:42Z","EcoCore_CSU","CO3",0.0000,"milligramsPerLiter",0.3,,0,"formatChange","GOOD"
"cecdc7f7-211f-4d99-8eab-2ebfcb78a276","D13","COMO","COMO.AOS.groundwater.well.004","COMO.W4.20170612.FIL",,"2017-06-12T20:42Z","2017-06-12T20:42Z","EcoCore_CSU","Br",0.0050,"milligramsPerLiter",0.3,,0,"formatChange","GOOD"
"39d25352-bdce-48ab-ac83-a47f94f16f6e","D13","COMO","COMO.AOS.groundwater.well.004","COMO.W4.20170612.FIL",,"2017-06-12T20:42Z","2017-06-12T20:42Z","EcoCore_CSU","TDS",18.4000,"milligramsPerLiter",0.3,,0,"formatChange","GOOD"
"12969f1f-90bf-41fa-b6f5-b47304b33348","D13","COMO","COMO.AOS.groundwater.well.004","COMO.W4.20170612.FIL",,"2017-06-12T20:42Z","2017-06-12T20:42Z","EcoCore_CSU","NO2 - N",0.0080,"milligramsPerLiter",0.3,,0,"formatChange","GOOD"
"71f437b0-db1e-4d45-8dea-c1221945f80a","D13","COMO","COMO.AOS.groundwater.well.004","COMO.W4.20170612.FIL",,"2017-06-12T20:42Z","2017-06-12T20:42Z","EcoCore_CSU","Ortho - P",0.0080,"milligramsPerLiter",0.3,,0,"formatChange","GOOD"
"4786c139-838f-4539-b804-8af5577b657b","D13","COMO","COMO.AOS.groundwater.well.004","COMO.W4.20170612.FIL",,"2017-06-12T20:42Z","2017-06-12T20:42Z","EcoCore_CSU","Cl",0.7200,"milligramsPerLiter",0.3,,0,"formatChange","GOOD"
"6bf91f2d-b25f-4d1e-8148-b9dc50f1c59b","D13","COMO","COMO.AOS.groundwater.well.004","COMO.W4.20170612.FIL",,"2017-06-12T20:42Z","2017-06-12T20:42Z","EcoCore_CSU","TDN",0.1526,"milligramsPerLiter",0.3,,0,"formatChange","GOOD"
"ac5a6fc1-2d91-4a2b-a2c8-46fa077b5116","D13","COMO","COMO.AOS.groundwater.well.004","COMO.W4.20170612.FIL",,"2017-06-12T20:42Z","2017-06-12T20:42Z","EcoCore_CSU","Si",5.4300,"milligramsPerLiter",0.3,,0,"formatChange","GOOD"
"277c0b96-d5b2-41ec-ad71-220b669a2cab","D13","COMO","COMO.AOS.groundwater.well.004","COMO.W4.20170612.FIL",,"2017-06-12T20:42Z","2017-06-12T20:42Z","EcoCore_CSU","UV Absorbance (250 nm)",0.1008,,0.3,,0,"formatChange","GOOD"
"2acfb955-8fbd-4403-8b39-151abae31af2","D13","COMO","COMO.AOS.groundwater.well.004","COMO.W4.20170612.FIL",,"2017-06-12T20:42Z","2017-06-12T20:42Z","EcoCore_CSU","TDP",0.0250,"milligramsPerLiter",0.3,,0,"formatChange","GOOD"
"7a04fb65-4729-44ba-815d-8e8c4e3faa33","D13","COMO","COMO.AOS.groundwater.well.004","COMO.W4.20170612.RAW",,"2017-06-12T20:42Z","2017-06-12T20:42Z","EcoCore_CSU","TP",0.0280,"milligramsPerLiter",0.3,,0,"formatChange","GOOD"
"2fe59172-e10a-47a6-96e2-1999f3ab2963","D13","COMO","COMO.AOS.groundwater.well.004","COMO.W4.20170612.FIL",,"2017-06-12T20:42Z","2017-06-12T20:42Z","EcoCore_CSU","Na",2.2380,"milligramsPerLiter",0.3,,0,"formatChange","GOOD"
"53685805-2897-4e61-a5db-cdb2b4501689","D13","COMO","COMO.AOS.groundwater.well.004","COMO.W4.20170612.FIL",,"2017-06-12T20:42Z","2017-06-12T20:42Z","EcoCore_CSU","NO3+NO2 - N",0.0320,"milligramsPerLiter",0.3,,0,"formatChange","GOOD"
"6650114f-d1b6-41a7-861c-6191f188ae2f","D13","COMO","COMO.AOS.groundwater.well.004","COMO.W4.20170612.PCN",,"2017-06-12T20:42Z","2017-06-12T20:42Z","EcoCore_CSU","TPC",0.2441,"milligram",0.3,,0,"formatChange","GOOD"
"111754ed-9a0a-4c8e-9c5c-16f95573ec4f","D13","COMO","COMO.AOS.groundwater.well.004","COMO.W4.20170612.FIL",,"2017-06-12T20:42Z","2017-06-12T20:42Z","EcoCore_CSU","DIC",4.6160,"milligramsPerLiter",0.3,,0,"formatChange","GOOD"
"75083fd3-472c-47c7-a1f4-82d5dc7ada95","D13","COMO","COMO.AOS.groundwater.well.004","COMO.W4.20170612.RAW",,"2017-06-12T20:42Z","2017-06-12T20:42Z","EcoCore_CSU","ANC",0.1800,"milliequivalentsPerLiter",0.3,,0,"formatChange","GOOD"
"72f9e612-14c7-41b6-bca0-03f974917ab0","D13","COMO","COMO.AOS.groundwater.well.004","COMO.W4.20170612.RAW",,"2017-06-12T20:42Z","2017-06-12T20:42Z","EcoCore_CSU","TSS",620.0000,"milligramsPerLiter",0.3,,0,"formatChange","GOOD"
"1d5c62c5-f9a0-4390-b71b-f60b6274817c","D13","COMO","COMO.AOS.groundwater.well.004","COMO.W4.20170612.RAW",,"2017-06-12T20:42Z","2017-06-12T20:42Z","EcoCore_CSU","TOC",4.5480,"milligramsPerLiter",0.3,,0,"formatChange","GOOD"
"f4839298-d0fa-423f-a2cb-e6ff9f5cfc28","D13","COMO","COMO.AOS.groundwater.well.004","COMO.W4.20170612.FIL",,"2017-06-12T20:42Z","2017-06-12T20:42Z","EcoCore_CSU","NH4 - N",0.0130,"milligramsPerLiter",0.3,,0,"formatChange","GOOD"
