uid,domainID,siteID,namedLocation,decimalLatitude,decimalLongitude,coordinateUncertainty,elevation,elevationUncertainty,geodeticDatum,collectDate,aquaticSiteType,samplingImpractical,waterChemSamplesCollected,adequateSampleVol,parentSampleID,eventID,swcSamplingProtocolVersion,sampleExtractionMethod,samplerType,totalWellDepth,wellWaterDepth,waterColumnHeight,sampleDepth,purgeAverageDischargeRate,purgeTime,gwWellStabilized,purgeDryDateTime,pumpPlacementDate,screenedIntervalDepth,maxAllowableDrawdown,actualDrawdown,MADExceeded,wellVolumePurged,probeIDUnavailable,dissolvedOxygen,dissolvedOxygenSaturation,specificConductance,waterTemp,pH,waterClarityDescrip,waterColorDescrip,aCollectedBy,bCollectedBy,remarks
"9260868d-3770-44e9-ae0d-cd2c6754f100","D13","COMO","COMO.AOS.groundwater.well.001",40.035039,-105.544811,0.1,3027.6,0.0,"WGS84","2017-06-12T17:12Z","stream",,,,"COMO.W1.20170612","COMO.20170612","NEON.DOC.002905vD","low-flow","Groundwater Pump",2.5,1.4,1.1,1.7,,,,,,,,,,0.7,,1.42,16.00,21.20,4.60,,"cloudy","brown","bnance@field-ops.org","hschartel@neoninc.org",
"e9556a77-944a-48ed-a36b-268612e90590","D13","COMO","COMO.AOS.groundwater.well.002",40.035081,-105.545205,0.1,3029.5,0.0,"WGS84","2017-06-12T18:46Z","stream","shallow groundwater",,,"COMO.W2.20170612","COMO.20170612",,,,,,,,,,,,,,,,,,,,,,,,,,"bnance@field-ops.org","hschartel@neoninc.org","Water column only .43m deep / aborted due to new protocol revision"
"a065cf01-daf6-4dca-8b97-165a1acf4c2e","D13","COMO","COMO.AOS.groundwater.well.003",40.034929,-105.544872,0.1,3027.6,0.0,"WGS84","2017-06-12T19:23Z","stream",,,,"COMO.W3.20170612","COMO.20170612","NEON.DOC.002905vD","low-flow","Groundwater Pump",1.9,0.8,1.0,1.5,,,,,,,,,,,,1.55,16.10,30.70,4.50,,"cloudy","gray","hschartel@neoninc.org","bnance@field-ops.org","Could not pump specified depth; pumping depth of 1.32; very fine particulate clogging all filters"
"9b4adc0f-0385-4335-9642-e82620a292cb","D13","COMO","COMO.AOS.groundwater.well.004",40.034756,-105.544637,0.1,3027.1,0.0,"WGS84","2017-06-12T20:42Z","stream",,,,"COMO.W4.20170612","COMO.20170612","NEON.DOC.000694vF","low-flow","Groundwater Pump",2.7,1.2,1.5,2.0,,,,,,,,,,3.9,,2.25,24.30,40.10,3.60,,"cloudy","gray","hschartel@neoninc.org","bnance@field-ops.org",
