uid,domainID,siteID,namedLocation,sampleID,sampleCode,startDate,collectDate,laboratoryName,analyte,analyteConcentration,analyteUnits,coolerTemp,remarks,shipmentWarmQF,externalLabDataQF,sampleCondition
"42ce6c61-fe5c-4843-9326-7822bd134765","D10","ARIK","ARIK.AOS.groundwater.well.001","ARIK.W1.20190806.FIL","A00000091463","2019-08-06T13:19Z","2019-08-06T13:19Z","EcoCore_CSU","Fe",0.0130,"milligramsPerLiter",4.0,,0,,"OK"
"3cbd439e-fd48-4af0-9a8a-981c1bc2c481","D10","ARIK","ARIK.AOS.groundwater.well.001","ARIK.W1.20190806.RAW","A00000091492","2019-08-06T13:19Z","2019-08-06T13:19Z","EcoCore_CSU","TOC",0.8787,"milligramsPerLiter",4.0,,0,,"OK"
"f11efb34-cf31-4ebf-a8d6-b27d0108bb00","D10","ARIK","ARIK.AOS.groundwater.well.001","ARIK.W1.20190806.FIL","A00000091463","2019-08-06T13:19Z","2019-08-06T13:19Z","EcoCore_CSU","DOC",0.9662,"milligramsPerLiter",4.0,,0,,"OK"
"b97fa35e-f0b5-4a4c-93c7-ff90403d2e62","D10","ARIK","ARIK.AOS.groundwater.well.001","ARIK.W1.20190806.FIL","A00000091463","2019-08-06T13:19Z","2019-08-06T13:19Z","EcoCore_CSU","NO2 - N",0.0015,"milligramsPerLiter",4.0,,0,,"OK"
"674e2875-bc61-43e6-9e3f-a9a0cb9a4c91","D10","ARIK","ARIK.AOS.groundwater.well.001","ARIK.W1.20190806.FIL","A00000091463","2019-08-06T13:19Z","2019-08-06T13:19Z","EcoCore_CSU","K",5.8030,"milligramsPerLiter",4.0,,0,,"OK"
"db581ab0-0905-4374-ab55-bff778c68635","D10","ARIK","ARIK.AOS.groundwater.well.001","ARIK.W1.20190806.FIL","A00000091463","2019-08-06T13:19Z","2019-08-06T13:19Z","EcoCore_CSU","Cl",8.4300,"milligramsPerLiter",4.0,,0,,"OK"
"29026d0f-df07-4cd4-a043-c9bb22225943","D10","ARIK","ARIK.AOS.groundwater.well.001","ARIK.W1.20190806.FIL","A00000091463","2019-08-06T13:19Z","2019-08-06T13:19Z","EcoCore_CSU","TDS",271.7000,"milligramsPerLiter",4.0,,0,,"OK"
"a948dcd3-f585-4398-b8da-e37101e287ef","D10","ARIK","ARIK.AOS.groundwater.well.001","ARIK.W1.20190806.FIL","A00000091463","2019-08-06T13:19Z","2019-08-06T13:19Z","EcoCore_CSU","Mg",13.4900,"milligramsPerLiter",4.0,,0,,"OK"
"d4a2b84b-d8d9-43fc-923a-b4205fe0189f","D10","ARIK","ARIK.AOS.groundwater.well.001","ARIK.W1.20190806.FIL","A00000091463","2019-08-06T13:19Z","2019-08-06T13:19Z","EcoCore_CSU","Mn",0.0010,"milligramsPerLiter",4.0,,0,,"OK"
"73a9a87b-89e0-474c-acd1-1a7d03f3e98a","D10","ARIK","ARIK.AOS.groundwater.well.001","ARIK.W1.20190806.FIL","A00000091463","2019-08-06T13:19Z","2019-08-06T13:19Z","EcoCore_CSU","Br",0.0050,"milligramsPerLiter",4.0,,0,,"OK"
"371b17f1-1ca5-48c8-ae41-22fe8cccecdc","D10","ARIK","ARIK.AOS.groundwater.well.001","ARIK.W1.20190806.FIL","A00000091463","2019-08-06T13:19Z","2019-08-06T13:19Z","EcoCore_CSU","UV Absorbance (280 nm)",0.1584,,4.0,,0,,"OK"
"54df5559-16d9-45ec-a1ab-2f358a1aa57a","D10","ARIK","ARIK.AOS.groundwater.well.001","ARIK.W1.20190806.FIL","A00000091463","2019-08-06T13:19Z","2019-08-06T13:19Z","EcoCore_CSU","Na",17.3800,"milligramsPerLiter",4.0,,0,,"OK"
"f8858da0-f05d-4b3a-bb06-6f51987a952f","D10","ARIK","ARIK.AOS.groundwater.well.001","ARIK.W1.20190806.FIL","A00000091463","2019-08-06T13:19Z","2019-08-06T13:19Z","EcoCore_CSU","NH4 - N",0.0152,"milligramsPerLiter",4.0,,0,,"OK"
"46dfe1af-0bd7-43df-ad0c-942ba0e4b7a3","D10","ARIK","ARIK.AOS.groundwater.well.001","ARIK.W1.20190806.RAW","A00000091492","2019-08-06T13:19Z","2019-08-06T13:19Z","EcoCore_CSU","conductivity",389.1000,"microsiemensPerCentimeter",4.0,,0,,"OK"
"5d9fa5ab-544c-4850-8339-41db9f15046a","D10","ARIK","ARIK.AOS.groundwater.well.001","ARIK.W1.20190806.RAW","A00000091492","2019-08-06T13:19Z","2019-08-06T13:19Z","EcoCore_CSU","TP",0.0670,"milligramsPerLiter",4.0,,0,,"OK"
"c202705f-f22b-45d4-9c50-f5aced9480d8","D10","ARIK","ARIK.AOS.groundwater.well.001","ARIK.W1.20190806.FIL","A00000091463","2019-08-06T13:19Z","2019-08-06T13:19Z","EcoCore_CSU","Ortho - P",0.0350,"milligramsPerLiter",4.0,,0,,"OK"
"c88b287c-0daa-4abb-bac6-c1921832a8bb","D10","ARIK","ARIK.AOS.groundwater.well.001","ARIK.W1.20190806.FIL","A00000091463","2019-08-06T13:19Z","2019-08-06T13:19Z","EcoCore_CSU","F",2.8900,"milligramsPerLiter",4.0,,0,,"OK"
"57d6b89b-c5a9-4bb6-8aba-9ee8390e2704","D10","ARIK","ARIK.AOS.groundwater.well.001","ARIK.W1.20190806.RAW","A00000091492","2019-08-06T13:19Z","2019-08-06T13:19Z","EcoCore_CSU","TSS",50.0000,"milligramsPerLiter",4.0,,0,,"OK"
"f98c956b-f1d6-483b-ae47-f809d4247929","D10","ARIK","ARIK.AOS.groundwater.well.001","ARIK.W1.20190806.FIL","A00000091463","2019-08-06T13:19Z","2019-08-06T13:19Z","EcoCore_CSU","NO3+NO2 - N",1.4681,"milligramsPerLiter",4.0,,0,,"OK"
"cdf181a1-837d-4574-9a69-b5550afb808e","D10","ARIK","ARIK.AOS.groundwater.well.001","ARIK.W1.20190806.FIL","A00000091463","2019-08-06T13:19Z","2019-08-06T13:19Z","EcoCore_CSU","UV Absorbance (250 nm)",0.2360,,4.0,,0,,"OK"
"6a5a85ac-69b6-467a-b362-6569ffb9af62","D10","ARIK","ARIK.AOS.groundwater.well.001","ARIK.W1.20190806.RAW","A00000091492","2019-08-06T13:19Z","2019-08-06T13:19Z","EcoCore_CSU","TSS - Dry Mass",2500.0000,"microgram",4.0,,0,,"OK"
"787b8d8f-cf4d-44b2-b6bf-e06b162ceacb","D10","ARIK","ARIK.AOS.groundwater.well.001","ARIK.W1.20190806.FIL","A00000091463","2019-08-06T13:19Z","2019-08-06T13:19Z","EcoCore_CSU","HCO3",204.0400,"milligramsPerLiter",4.0,,0,,"OK"
"6eb42e21-bd0d-41c1-bc05-46a328a8f523","D10","ARIK","ARIK.AOS.groundwater.well.001","ARIK.W1.20190806.RAW","A00000091492","2019-08-06T13:19Z","2019-08-06T13:19Z","EcoCore_CSU","TN",1.3640,"milligramsPerLiter",4.0,,0,,"OK"
"b44dc405-b261-4326-b68f-a8d56bb16e69","D10","ARIK","ARIK.AOS.groundwater.well.001","ARIK.W1.20190806.FIL","A00000091463","2019-08-06T13:19Z","2019-08-06T13:19Z","EcoCore_CSU","TDP",0.0160,"milligramsPerLiter",4.0,,0,,"OK"
"d9ad7154-8096-468e-93f2-49c50e9e09be","D10","ARIK","ARIK.AOS.groundwater.well.001","ARIK.W1.20190806.FIL","A00000091463","2019-08-06T13:19Z","2019-08-06T13:19Z","EcoCore_CSU","CO3",0.0050,"milligramsPerLiter",4.0,,0,,"OK"
"b5df0120-0ef6-4cdf-af63-b4a8373cb9dc","D10","ARIK","ARIK.AOS.groundwater.well.001","ARIK.W1.20190806.FIL","A00000091463","2019-08-06T13:19Z","2019-08-06T13:19Z","EcoCore_CSU","Si",41.3200,"milligramsPerLiter",4.0,,0,,"OK"
"c5a589b4-8a9b-4264-988c-e01094108348","D10","ARIK","ARIK.AOS.groundwater.well.001","ARIK.W1.20190806.RAW","A00000091492","2019-08-06T13:19Z","2019-08-06T13:19Z","EcoCore_CSU","ANC",3.5800,"milliequivalentsPerLiter",4.0,,0,,"OK"
"ad1cb68d-7acd-4093-92fe-b46c0d77b27d","D10","ARIK","ARIK.AOS.groundwater.well.001","ARIK.W1.20190806.RAW","A00000091492","2019-08-06T13:19Z","2019-08-06T13:19Z","EcoCore_CSU","pH",7.5500,"pH",4.0,,0,,"OK"
"25df789f-c5c4-4caa-b246-0aaaeef4dd33","D10","ARIK","ARIK.AOS.groundwater.well.001","ARIK.W1.20190806.FIL","A00000091463","2019-08-06T13:19Z","2019-08-06T13:19Z","EcoCore_CSU","DIC",48.8900,"milligramsPerLiter",4.0,,0,,"OK"
"da6684f8-b482-4325-b2ee-33a2fa4ad378","D10","ARIK","ARIK.AOS.groundwater.well.001","ARIK.W1.20190806.FIL","A00000091463","2019-08-06T13:19Z","2019-08-06T13:19Z","EcoCore_CSU","Ca",40.3190,"milligramsPerLiter",4.0,,0,,"OK"
"f2d928bf-79b4-4854-a5a6-fcbf8a81b9fa","D10","ARIK","ARIK.AOS.groundwater.well.001","ARIK.W1.20190806.FIL","A00000091463","2019-08-06T13:19Z","2019-08-06T13:19Z","EcoCore_CSU","TDN",1.3390,"milligramsPerLiter",4.0,,0,,"OK"
"32577ae8-4cc5-4ee2-8d9e-599ca0d9c89c","D10","ARIK","ARIK.AOS.groundwater.well.001","ARIK.W1.20190806.PCN","A00000089945","2019-08-06T13:19Z","2019-08-06T13:19Z","EcoCore_CSU","TPN",0.1544,"milligram",4.0,,0,,"OK"
"1da6577e-547d-496b-beba-cb900ac01110","D10","ARIK","ARIK.AOS.groundwater.well.001","ARIK.W1.20190806.FIL","A00000091463","2019-08-06T13:19Z","2019-08-06T13:19Z","EcoCore_CSU","SO4",15.3500,"milligramsPerLiter",4.0,,0,,"OK"
"efe8286e-880a-421c-bfc6-36d23ef72c1f","D10","ARIK","ARIK.AOS.groundwater.well.001","ARIK.W1.20190806.PCN","A00000089945","2019-08-06T13:19Z","2019-08-06T13:19Z","EcoCore_CSU","TPC",0.3340,"milligram",4.0,,0,,"OK"
"ef8b0bda-d9fe-4d18-81cc-07e6407f3fdb","D10","ARIK","ARIK.AOS.groundwater.well.002","ARIK.W2.20190806.FIL","A00000091481","2019-08-06T14:25Z","2019-08-06T14:25Z","EcoCore_CSU","NO3+NO2 - N",2.0900,"milligramsPerLiter",4.0,,0,,"OK"
"5f60b5fd-ee86-4638-8820-a064adb671e4","D10","ARIK","ARIK.AOS.groundwater.well.002","ARIK.W2.20190806.RAW","A00000091466","2019-08-06T14:25Z","2019-08-06T14:25Z","EcoCore_CSU","TN",1.8180,"milligramsPerLiter",4.0,,0,,"OK"
"4d1f1725-86f5-465c-b025-617266dab9a2","D10","ARIK","ARIK.AOS.groundwater.well.002","ARIK.W2.20190806.FIL","A00000091481","2019-08-06T14:25Z","2019-08-06T14:25Z","EcoCore_CSU","TDS",260.2000,"milligramsPerLiter",4.0,,0,,"OK"
"26578180-67c1-4f81-b252-e9a7f32ae314","D10","ARIK","ARIK.AOS.groundwater.well.002","ARIK.W2.20190806.FIL","A00000091481","2019-08-06T14:25Z","2019-08-06T14:25Z","EcoCore_CSU","Mn",0.0060,"milligramsPerLiter",4.0,,0,,"OK"
"7244ae32-94ae-4e61-82f6-abba689066c3","D10","ARIK","ARIK.AOS.groundwater.well.002","ARIK.W2.20190806.FIL","A00000091481","2019-08-06T14:25Z","2019-08-06T14:25Z","EcoCore_CSU","SO4",13.9400,"milligramsPerLiter",4.0,,0,,"OK"
"a14a8d52-40a9-457d-a516-9dc464dd3b2c","D10","ARIK","ARIK.AOS.groundwater.well.002","ARIK.W2.20190806.PCN","A00000089944","2019-08-06T14:25Z","2019-08-06T14:25Z","EcoCore_CSU","TPN",0.1450,"milligram",4.0,,0,,"OK"
"ecfab052-98ff-4188-a873-51e942b43cbe","D10","ARIK","ARIK.AOS.groundwater.well.002","ARIK.W2.20190806.PCN","A00000089944","2019-08-06T14:25Z","2019-08-06T14:25Z","EcoCore_CSU","TPC",0.3608,"milligram",4.0,,0,,"OK"
"ab52e4cb-0b49-4a50-ab32-b5af17dc6a78","D10","ARIK","ARIK.AOS.groundwater.well.002","ARIK.W2.20190806.RAW","A00000091466","2019-08-06T14:25Z","2019-08-06T14:25Z","EcoCore_CSU","conductivity",373.1000,"microsiemensPerCentimeter",4.0,,0,,"OK"
"3d53fa6b-9666-46fd-9c00-69d1cd060aa5","D10","ARIK","ARIK.AOS.groundwater.well.002","ARIK.W2.20190806.FIL","A00000091481","2019-08-06T14:25Z","2019-08-06T14:25Z","EcoCore_CSU","Cl",10.2800,"milligramsPerLiter",4.0,,0,,"OK"
"f936b7b6-8d17-4d9c-9cb1-e139cd8a09f4","D10","ARIK","ARIK.AOS.groundwater.well.002","ARIK.W2.20190806.FIL","A00000091481","2019-08-06T14:25Z","2019-08-06T14:25Z","EcoCore_CSU","NH4 - N",0.6270,"milligramsPerLiter",4.0,,0,,"OK"
"bd27bff1-c600-4e4b-a1ec-f570044126bf","D10","ARIK","ARIK.AOS.groundwater.well.002","ARIK.W2.20190806.FIL","A00000091481","2019-08-06T14:25Z","2019-08-06T14:25Z","EcoCore_CSU","UV Absorbance (280 nm)",0.0044,,4.0,,0,,"OK"
"fe9e5eaa-66a9-4e39-8e9b-5d53a12e73c7","D10","ARIK","ARIK.AOS.groundwater.well.002","ARIK.W2.20190806.FIL","A00000091481","2019-08-06T14:25Z","2019-08-06T14:25Z","EcoCore_CSU","UV Absorbance (250 nm)",0.0114,,4.0,,0,,"OK"
"bed6a8ed-93c8-46d1-89bc-ef5edbd245df","D10","ARIK","ARIK.AOS.groundwater.well.002","ARIK.W2.20190806.FIL","A00000091481","2019-08-06T14:25Z","2019-08-06T14:25Z","EcoCore_CSU","Ca",37.5930,"milligramsPerLiter",4.0,,0,,"OK"
"ec554b3d-e936-4b55-aaae-530fbef22fc1","D10","ARIK","ARIK.AOS.groundwater.well.002","ARIK.W2.20190806.FIL","A00000091481","2019-08-06T14:25Z","2019-08-06T14:25Z","EcoCore_CSU","HCO3",190.5200,"milligramsPerLiter",4.0,,0,,"OK"
"c064fb07-c1f7-40eb-8497-2e77c79235b7","D10","ARIK","ARIK.AOS.groundwater.well.002","ARIK.W2.20190806.RAW","A00000091466","2019-08-06T14:25Z","2019-08-06T14:25Z","EcoCore_CSU","TP",0.0910,"milligramsPerLiter",4.0,,0,,"OK"
"a2880572-9165-4bce-be8c-c71a4a9378f7","D10","ARIK","ARIK.AOS.groundwater.well.002","ARIK.W2.20190806.FIL","A00000091481","2019-08-06T14:25Z","2019-08-06T14:25Z","EcoCore_CSU","TDN",1.8260,"milligramsPerLiter",4.0,,0,,"OK"
"3691408f-2711-4092-8c59-1236c60ffa65","D10","ARIK","ARIK.AOS.groundwater.well.002","ARIK.W2.20190806.FIL","A00000091481","2019-08-06T14:25Z","2019-08-06T14:25Z","EcoCore_CSU","DIC",45.4600,"milligramsPerLiter",4.0,,0,,"OK"
"ad037013-ec6a-4ac8-9edf-0a40dc5cea47","D10","ARIK","ARIK.AOS.groundwater.well.002","ARIK.W2.20190806.RAW","A00000091466","2019-08-06T14:25Z","2019-08-06T14:25Z","EcoCore_CSU","ANC",3.3300,"milliequivalentsPerLiter",4.0,,0,,"OK"
"984747c7-9938-46b7-b102-29f85bd4ef04","D10","ARIK","ARIK.AOS.groundwater.well.002","ARIK.W2.20190806.FIL","A00000091481","2019-08-06T14:25Z","2019-08-06T14:25Z","EcoCore_CSU","TDP",0.0160,"milligramsPerLiter",4.0,,0,,"OK"
"19aa87da-9a4b-4ab7-86e2-5912b8ceb62a","D10","ARIK","ARIK.AOS.groundwater.well.002","ARIK.W2.20190806.RAW","A00000091466","2019-08-06T14:25Z","2019-08-06T14:25Z","EcoCore_CSU","TSS",42.0000,"milligramsPerLiter",4.0,,0,,"OK"
"bddd2385-1506-4965-a911-b7cedf2d1a30","D10","ARIK","ARIK.AOS.groundwater.well.002","ARIK.W2.20190806.FIL","A00000091481","2019-08-06T14:25Z","2019-08-06T14:25Z","EcoCore_CSU","Br",0.0050,"milligramsPerLiter",4.0,,0,,"OK"
"22027077-0134-4262-8991-9c1979941073","D10","ARIK","ARIK.AOS.groundwater.well.002","ARIK.W2.20190806.FIL","A00000091481","2019-08-06T14:25Z","2019-08-06T14:25Z","EcoCore_CSU","NO2 - N",0.0002,"milligramsPerLiter",4.0,,0,,"OK"
"c96489f5-34aa-479d-ae92-698468693745","D10","ARIK","ARIK.AOS.groundwater.well.002","ARIK.W2.20190806.FIL","A00000091481","2019-08-06T14:25Z","2019-08-06T14:25Z","EcoCore_CSU","DOC",0.8611,"milligramsPerLiter",4.0,,0,,"OK"
"e8da8068-e44d-4a71-a22b-2fae7ddcd3a2","D10","ARIK","ARIK.AOS.groundwater.well.002","ARIK.W2.20190806.FIL","A00000091481","2019-08-06T14:25Z","2019-08-06T14:25Z","EcoCore_CSU","K",5.6130,"milligramsPerLiter",4.0,,0,,"OK"
"9f44c488-a9a6-410c-82c1-d3cf36618401","D10","ARIK","ARIK.AOS.groundwater.well.002","ARIK.W2.20190806.FIL","A00000091481","2019-08-06T14:25Z","2019-08-06T14:25Z","EcoCore_CSU","Si",43.8800,"milligramsPerLiter",4.0,,0,,"OK"
"53fca33d-2341-4f56-9f24-ddc72dfc5db0","D10","ARIK","ARIK.AOS.groundwater.well.002","ARIK.W2.20190806.FIL","A00000091481","2019-08-06T14:25Z","2019-08-06T14:25Z","EcoCore_CSU","Fe",0.0130,"milligramsPerLiter",4.0,,0,,"OK"
"5a230854-670e-46a1-a335-2c8e216b9fec","D10","ARIK","ARIK.AOS.groundwater.well.002","ARIK.W2.20190806.FIL","A00000091481","2019-08-06T14:25Z","2019-08-06T14:25Z","EcoCore_CSU","Mg",12.9800,"milligramsPerLiter",4.0,,0,,"OK"
"7e1c4c98-c5b0-4b29-a73e-1904e16c73ca","D10","ARIK","ARIK.AOS.groundwater.well.002","ARIK.W2.20190806.RAW","A00000091466","2019-08-06T14:25Z","2019-08-06T14:25Z","EcoCore_CSU","pH",7.5900,"pH",4.0,,0,,"OK"
"cc1a2753-087e-4cf4-ba46-0aa6f50a7ad4","D10","ARIK","ARIK.AOS.groundwater.well.002","ARIK.W2.20190806.FIL","A00000091481","2019-08-06T14:25Z","2019-08-06T14:25Z","EcoCore_CSU","Ortho - P",0.0310,"milligramsPerLiter",4.0,,0,,"OK"
"6374879c-fe2f-4448-bac5-a9090bf5fb20","D10","ARIK","ARIK.AOS.groundwater.well.002","ARIK.W2.20190806.FIL","A00000091481","2019-08-06T14:25Z","2019-08-06T14:25Z","EcoCore_CSU","CO3",0.0050,"milligramsPerLiter",4.0,,0,,"OK"
"5346d76d-9687-4c4e-b4e3-dbcd66614327","D10","ARIK","ARIK.AOS.groundwater.well.002","ARIK.W2.20190806.FIL","A00000091481","2019-08-06T14:25Z","2019-08-06T14:25Z","EcoCore_CSU","F",2.8400,"milligramsPerLiter",4.0,,0,,"OK"
"6bde4f40-63b5-43d9-864d-d80e6efc6b6c","D10","ARIK","ARIK.AOS.groundwater.well.002","ARIK.W2.20190806.RAW","A00000091466","2019-08-06T14:25Z","2019-08-06T14:25Z","EcoCore_CSU","TOC",0.9624,"milligramsPerLiter",4.0,,0,,"OK"
"b87f9ac0-e7c8-4fe8-8d90-64de73a33716","D10","ARIK","ARIK.AOS.groundwater.well.002","ARIK.W2.20190806.RAW","A00000091466","2019-08-06T14:25Z","2019-08-06T14:25Z","EcoCore_CSU","TSS - Dry Mass",2100.0000,"microgram",4.0,,0,,"OK"
"a78591f3-8b36-489d-876a-18386b21633c","D10","ARIK","ARIK.AOS.groundwater.well.002","ARIK.W2.20190806.FIL","A00000091481","2019-08-06T14:25Z","2019-08-06T14:25Z","EcoCore_CSU","Na",16.8400,"milligramsPerLiter",4.0,,0,,"OK"
"46ae5fa8-9ccc-4644-abe4-0a4b0f14f761","D10","ARIK","ARIK.AOS.groundwater.well.005","ARIK.W5.20190806.FIL","A00000091482","2019-08-06T15:55Z","2019-08-06T15:55Z","EcoCore_CSU","SO4",5.3300,"milligramsPerLiter",4.0,,0,,"OK"
"b0483c98-d82d-44fb-b040-6fc782b2f331","D10","ARIK","ARIK.AOS.groundwater.well.005","ARIK.W5.20190806.FIL","A00000091482","2019-08-06T15:55Z","2019-08-06T15:55Z","EcoCore_CSU","Ca",65.6850,"milligramsPerLiter",4.0,,0,,"OK"
"34434386-0821-45c4-8abc-36cda67ccedb","D10","ARIK","ARIK.AOS.groundwater.well.005","ARIK.W5.20190806.PCN","A00000089943","2019-08-06T15:55Z","2019-08-06T15:55Z","EcoCore_CSU","TPC",0.2625,"milligram",4.0,,0,,"OK"
"9735e919-ce38-4259-acba-73123c77d826","D10","ARIK","ARIK.AOS.groundwater.well.005","ARIK.W5.20190806.FIL","A00000091482","2019-08-06T15:55Z","2019-08-06T15:55Z","EcoCore_CSU","DOC",3.0140,"milligramsPerLiter",4.0,,0,,"OK"
"c0afd13a-8881-4f0e-800d-717c828eb227","D10","ARIK","ARIK.AOS.groundwater.well.005","ARIK.W5.20190806.RAW","A00000091465","2019-08-06T15:55Z","2019-08-06T15:55Z","EcoCore_CSU","TP",0.0740,"milligramsPerLiter",4.0,,0,,"OK"
"b5105a47-344d-432c-baa9-841785dc85d6","D10","ARIK","ARIK.AOS.groundwater.well.005","ARIK.W5.20190806.FIL","A00000091482","2019-08-06T15:55Z","2019-08-06T15:55Z","EcoCore_CSU","UV Absorbance (250 nm)",0.1170,,4.0,,0,,"OK"
"c296c971-874b-471d-a378-673c245aeeb3","D10","ARIK","ARIK.AOS.groundwater.well.005","ARIK.W5.20190806.FIL","A00000091482","2019-08-06T15:55Z","2019-08-06T15:55Z","EcoCore_CSU","Cl",9.3100,"milligramsPerLiter",4.0,,0,,"OK"
"3b7ef4fd-4dfb-477f-a5ca-1a4b4d56ef15","D10","ARIK","ARIK.AOS.groundwater.well.005","ARIK.W5.20190806.RAW","A00000091465","2019-08-06T15:55Z","2019-08-06T15:55Z","EcoCore_CSU","pH",7.4100,"pH",4.0,,0,,"OK"
"36cea23f-1eff-4b64-bb75-344e636d2c9e","D10","ARIK","ARIK.AOS.groundwater.well.005","ARIK.W5.20190806.FIL","A00000091482","2019-08-06T15:55Z","2019-08-06T15:55Z","EcoCore_CSU","UV Absorbance (280 nm)",0.0740,,4.0,,0,,"OK"
"669de0c3-5f91-4762-aae7-0429c563bb09","D10","ARIK","ARIK.AOS.groundwater.well.005","ARIK.W5.20190806.FIL","A00000091482","2019-08-06T15:55Z","2019-08-06T15:55Z","EcoCore_CSU","TDN",0.2164,"milligramsPerLiter",4.0,,0,,"OK"
"87bfbba7-d981-4ad0-930e-616398d3f398","D10","ARIK","ARIK.AOS.groundwater.well.005","ARIK.W5.20190806.RAW","A00000091465","2019-08-06T15:55Z","2019-08-06T15:55Z","EcoCore_CSU","conductivity",522.7000,"microsiemensPerCentimeter",4.0,,0,,"OK"
"768dd764-c421-402f-a2ca-c52e52b6218e","D10","ARIK","ARIK.AOS.groundwater.well.005","ARIK.W5.20190806.FIL","A00000091482","2019-08-06T15:55Z","2019-08-06T15:55Z","EcoCore_CSU","TDS",367.0000,"milligramsPerLiter",4.0,,0,,"OK"
"569091b1-9cb8-4d9e-8bb7-b414352ad266","D10","ARIK","ARIK.AOS.groundwater.well.005","ARIK.W5.20190806.RAW","A00000091465","2019-08-06T15:55Z","2019-08-06T15:55Z","EcoCore_CSU","TOC",2.9840,"milligramsPerLiter",4.0,,0,,"OK"
"f8c8a3a4-c9da-4545-9db5-555733088511","D10","ARIK","ARIK.AOS.groundwater.well.005","ARIK.W5.20190806.FIL","A00000091482","2019-08-06T15:55Z","2019-08-06T15:55Z","EcoCore_CSU","HCO3",324.5600,"milligramsPerLiter",4.0,,0,,"OK"
"232430f7-fbb6-4577-b704-43bbef394165","D10","ARIK","ARIK.AOS.groundwater.well.005","ARIK.W5.20190806.RAW","A00000091465","2019-08-06T15:55Z","2019-08-06T15:55Z","EcoCore_CSU","TSS - Dry Mass",700.0000,"microgram",4.0,,0,,"OK"
"02ca63a0-13aa-485a-a3b3-1c47563f4982","D10","ARIK","ARIK.AOS.groundwater.well.005","ARIK.W5.20190806.FIL","A00000091482","2019-08-06T15:55Z","2019-08-06T15:55Z","EcoCore_CSU","NO3+NO2 - N",0.0119,"milligramsPerLiter",4.0,,0,,"OK"
"7eafda3b-1e1b-4019-983f-5a8bf16e6e93","D10","ARIK","ARIK.AOS.groundwater.well.005","ARIK.W5.20190806.FIL","A00000091482","2019-08-06T15:55Z","2019-08-06T15:55Z","EcoCore_CSU","Mn",0.1130,"milligramsPerLiter",4.0,,0,,"OK"
"273b1325-c3e2-4dce-993d-1b4395c36959","D10","ARIK","ARIK.AOS.groundwater.well.005","ARIK.W5.20190806.FIL","A00000091482","2019-08-06T15:55Z","2019-08-06T15:55Z","EcoCore_CSU","NO2 - N",-0.0002,"milligramsPerLiter",4.0,,0,,"OK"
"8ab59723-e71f-4129-bb95-ac0d9fb50b86","D10","ARIK","ARIK.AOS.groundwater.well.005","ARIK.W5.20190806.FIL","A00000091482","2019-08-06T15:55Z","2019-08-06T15:55Z","EcoCore_CSU","Fe",0.0940,"milligramsPerLiter",4.0,,0,,"OK"
"cd92d044-3103-467f-b7b7-03e020dc8345","D10","ARIK","ARIK.AOS.groundwater.well.005","ARIK.W5.20190806.FIL","A00000091482","2019-08-06T15:55Z","2019-08-06T15:55Z","EcoCore_CSU","NH4 - N",0.1055,"milligramsPerLiter",4.0,,0,,"OK"
"e95c5024-04ef-40d4-bdee-c1568d89b60b","D10","ARIK","ARIK.AOS.groundwater.well.005","ARIK.W5.20190806.FIL","A00000091482","2019-08-06T15:55Z","2019-08-06T15:55Z","EcoCore_CSU","Ortho - P",0.0420,"milligramsPerLiter",4.0,,0,,"OK"
"63d4e633-47c3-4f3c-9846-aedc8bdb9ae5","D10","ARIK","ARIK.AOS.groundwater.well.005","ARIK.W5.20190806.FIL","A00000091482","2019-08-06T15:55Z","2019-08-06T15:55Z","EcoCore_CSU","CO3",0.0050,"milligramsPerLiter",4.0,,0,,"OK"
"f000c37f-6f49-4621-b787-82e8d2a8ba0c","D10","ARIK","ARIK.AOS.groundwater.well.005","ARIK.W5.20190806.FIL","A00000091482","2019-08-06T15:55Z","2019-08-06T15:55Z","EcoCore_CSU","Na",22.6200,"milligramsPerLiter",4.0,,0,,"OK"
"2123e62b-f21a-45ba-8ec7-0c72be1989d3","D10","ARIK","ARIK.AOS.groundwater.well.005","ARIK.W5.20190806.FIL","A00000091482","2019-08-06T15:55Z","2019-08-06T15:55Z","EcoCore_CSU","DIC",78.4400,"milligramsPerLiter",4.0,,0,,"OK"
"805416f7-1937-46a1-ab36-c17a28091135","D10","ARIK","ARIK.AOS.groundwater.well.005","ARIK.W5.20190806.FIL","A00000091482","2019-08-06T15:55Z","2019-08-06T15:55Z","EcoCore_CSU","F",1.1600,"milligramsPerLiter",4.0,,0,,"OK"
"c26f5001-3edb-4bbe-97a8-a612c0ff7819","D10","ARIK","ARIK.AOS.groundwater.well.005","ARIK.W5.20190806.RAW","A00000091465","2019-08-06T15:55Z","2019-08-06T15:55Z","EcoCore_CSU","ANC",5.9500,"milliequivalentsPerLiter",4.0,,0,,"OK"
"1819177d-8782-433a-86b0-1b60d9ed5767","D10","ARIK","ARIK.AOS.groundwater.well.005","ARIK.W5.20190806.FIL","A00000091482","2019-08-06T15:55Z","2019-08-06T15:55Z","EcoCore_CSU","K",6.3480,"milligramsPerLiter",4.0,,0,,"OK"
"2b054042-5959-44bb-816c-d4c507aad279","D10","ARIK","ARIK.AOS.groundwater.well.005","ARIK.W5.20190806.FIL","A00000091482","2019-08-06T15:55Z","2019-08-06T15:55Z","EcoCore_CSU","Si",43.2000,"milligramsPerLiter",4.0,,0,,"OK"
"582195c4-0322-46d0-897c-4029a240932c","D10","ARIK","ARIK.AOS.groundwater.well.005","ARIK.W5.20190806.RAW","A00000091465","2019-08-06T15:55Z","2019-08-06T15:55Z","EcoCore_CSU","TSS",14.0000,"milligramsPerLiter",4.0,,0,,"OK"
"ef2b6258-8ef0-465e-8c4b-6c684183c1c8","D10","ARIK","ARIK.AOS.groundwater.well.005","ARIK.W5.20190806.FIL","A00000091482","2019-08-06T15:55Z","2019-08-06T15:55Z","EcoCore_CSU","Br",0.0050,"milligramsPerLiter",4.0,,0,,"OK"
"7514e9d8-3306-40a6-ab23-5a620c537ff9","D10","ARIK","ARIK.AOS.groundwater.well.005","ARIK.W5.20190806.FIL","A00000091482","2019-08-06T15:55Z","2019-08-06T15:55Z","EcoCore_CSU","TDP",0.0470,"milligramsPerLiter",4.0,,0,,"OK"
"1889030b-f4dd-4865-865f-3cb21efaca83","D10","ARIK","ARIK.AOS.groundwater.well.005","ARIK.W5.20190806.FIL","A00000091482","2019-08-06T15:55Z","2019-08-06T15:55Z","EcoCore_CSU","Mg",15.7800,"milligramsPerLiter",4.0,,0,,"OK"
"a126a110-9e17-438a-9876-c71942f41ea3","D10","ARIK","ARIK.AOS.groundwater.well.005","ARIK.W5.20190806.RAW","A00000091465","2019-08-06T15:55Z","2019-08-06T15:55Z","EcoCore_CSU","TN",0.1837,"milligramsPerLiter",4.0,,0,,"OK"
"b4ed9b45-0672-4959-8e2a-41b497836d16","D10","ARIK","ARIK.AOS.groundwater.well.005","ARIK.W5.20190806.PCN","A00000089943","2019-08-06T15:55Z","2019-08-06T15:55Z","EcoCore_CSU","TPN",0.1428,"milligram",4.0,,0,,"OK"
"7a16abc3-9a99-4a00-9319-846e48107dd1","D10","ARIK","ARIK.AOS.groundwater.well.004","ARIK.W4.20190806.FIL","A00000091464","2019-08-06T16:39Z","2019-08-06T16:39Z","EcoCore_CSU","SO4",4.8700,"milligramsPerLiter",4.0,,0,,"OK"
"d0a087a0-7e8c-41ad-98c2-29d134681c4d","D10","ARIK","ARIK.AOS.groundwater.well.004","ARIK.W4.20190806.FIL","A00000091464","2019-08-06T16:39Z","2019-08-06T16:39Z","EcoCore_CSU","CO3",0.0050,"milligramsPerLiter",4.0,,0,,"OK"
"fd796ee0-b215-45ca-86f5-e7fe8ce7dc35","D10","ARIK","ARIK.AOS.groundwater.well.004","ARIK.W4.20190806.PCN","A00000091489","2019-08-06T16:39Z","2019-08-06T16:39Z","EcoCore_CSU","TPN",0.1077,"milligram",4.0,,0,,"OK"
"8f91604c-9d81-4f6c-beed-211a554726de","D10","ARIK","ARIK.AOS.groundwater.well.004","ARIK.W4.20190806.FIL","A00000091464","2019-08-06T16:39Z","2019-08-06T16:39Z","EcoCore_CSU","HCO3",353.8800,"milligramsPerLiter",4.0,,0,,"OK"
"6eceb55a-4a5e-4c96-8733-a387fd595662","D10","ARIK","ARIK.AOS.groundwater.well.004","ARIK.W4.20190806.FIL","A00000091464","2019-08-06T16:39Z","2019-08-06T16:39Z","EcoCore_CSU","NH4 - N",0.1962,"milligramsPerLiter",4.0,,0,,"OK"
"ec972cdf-d0ee-4b13-8813-3a63458a484c","D10","ARIK","ARIK.AOS.groundwater.well.004","ARIK.W4.20190806.RAW","A00000091483","2019-08-06T16:39Z","2019-08-06T16:39Z","EcoCore_CSU","TSS",4.0000,"milligramsPerLiter",4.0,,0,,"OK"
"c18034d8-62d5-420f-a687-4abea18e799b","D10","ARIK","ARIK.AOS.groundwater.well.004","ARIK.W4.20190806.FIL","A00000091464","2019-08-06T16:39Z","2019-08-06T16:39Z","EcoCore_CSU","TDS",406.5000,"milligramsPerLiter",4.0,,0,,"OK"
"78211b39-d602-44e5-a721-a3e46ac2ccea","D10","ARIK","ARIK.AOS.groundwater.well.004","ARIK.W4.20190806.FIL","A00000091464","2019-08-06T16:39Z","2019-08-06T16:39Z","EcoCore_CSU","F",1.0400,"milligramsPerLiter",4.0,,0,,"OK"
"8aec47ad-4209-4dab-8b0b-0c53b8b96baf","D10","ARIK","ARIK.AOS.groundwater.well.004","ARIK.W4.20190806.FIL","A00000091464","2019-08-06T16:39Z","2019-08-06T16:39Z","EcoCore_CSU","Br",0.0050,"milligramsPerLiter",4.0,,0,,"OK"
"3440e493-6123-42f9-b655-7701a7876eab","D10","ARIK","ARIK.AOS.groundwater.well.004","ARIK.W4.20190806.FIL","A00000091464","2019-08-06T16:39Z","2019-08-06T16:39Z","EcoCore_CSU","Cl",10.1300,"milligramsPerLiter",4.0,,0,,"OK"
"c6c26ae1-97f0-4902-ac4b-4818f7d83739","D10","ARIK","ARIK.AOS.groundwater.well.004","ARIK.W4.20190806.FIL","A00000091464","2019-08-06T16:39Z","2019-08-06T16:39Z","EcoCore_CSU","Mg",18.3900,"milligramsPerLiter",4.0,,0,,"OK"
"0d91ee81-a61a-49b9-8f38-06dfdfa78c24","D10","ARIK","ARIK.AOS.groundwater.well.004","ARIK.W4.20190806.RAW","A00000091483","2019-08-06T16:39Z","2019-08-06T16:39Z","EcoCore_CSU","ANC",5.9200,"milliequivalentsPerLiter",4.0,,0,,"OK"
"68fb66d1-bb26-46a7-b08c-12e249aa3759","D10","ARIK","ARIK.AOS.groundwater.well.004","ARIK.W4.20190806.FIL","A00000091464","2019-08-06T16:39Z","2019-08-06T16:39Z","EcoCore_CSU","UV Absorbance (280 nm)",0.1780,,4.0,,0,,"OK"
"3b567b66-983f-440e-9129-086575b7897d","D10","ARIK","ARIK.AOS.groundwater.well.004","ARIK.W4.20190806.FIL","A00000091464","2019-08-06T16:39Z","2019-08-06T16:39Z","EcoCore_CSU","Na",25.8400,"milligramsPerLiter",4.0,,0,,"OK"
"44754d2f-c792-4c07-a9d8-77bb8892be91","D10","ARIK","ARIK.AOS.groundwater.well.004","ARIK.W4.20190806.FIL","A00000091464","2019-08-06T16:39Z","2019-08-06T16:39Z","EcoCore_CSU","K",7.7040,"milligramsPerLiter",4.0,,0,,"OK"
"ab32fa56-58af-40e9-9d2d-f6929257c496","D10","ARIK","ARIK.AOS.groundwater.well.004","ARIK.W4.20190806.FIL","A00000091464","2019-08-06T16:39Z","2019-08-06T16:39Z","EcoCore_CSU","Ortho - P",0.0430,"milligramsPerLiter",4.0,,0,,"OK"
"1aafc641-6ad4-4702-9001-fbdd254eabf8","D10","ARIK","ARIK.AOS.groundwater.well.004","ARIK.W4.20190806.FIL","A00000091464","2019-08-06T16:39Z","2019-08-06T16:39Z","EcoCore_CSU","Mn",0.2950,"milligramsPerLiter",4.0,,0,,"OK"
"245b32eb-6ee1-416a-98a2-f2c608b9c28c","D10","ARIK","ARIK.AOS.groundwater.well.004","ARIK.W4.20190806.FIL","A00000091464","2019-08-06T16:39Z","2019-08-06T16:39Z","EcoCore_CSU","DOC",4.2700,"milligramsPerLiter",4.0,,0,,"OK"
"2855d387-b570-4502-98b3-bdd58d2b5947","D10","ARIK","ARIK.AOS.groundwater.well.004","ARIK.W4.20190806.RAW","A00000091483","2019-08-06T16:39Z","2019-08-06T16:39Z","EcoCore_CSU","TP",0.1020,"milligramsPerLiter",4.0,,0,,"OK"
"1acc5b56-29f3-4bb3-bfad-f2d2215b9273","D10","ARIK","ARIK.AOS.groundwater.well.004","ARIK.W4.20190806.FIL","A00000091464","2019-08-06T16:39Z","2019-08-06T16:39Z","EcoCore_CSU","NO2 - N",0.0007,"milligramsPerLiter",4.0,,0,,"OK"
"8e1ac1d0-e4af-4258-9894-66656777f80a","D10","ARIK","ARIK.AOS.groundwater.well.004","ARIK.W4.20190806.FIL","A00000091464","2019-08-06T16:39Z","2019-08-06T16:39Z","EcoCore_CSU","TDP",0.0850,"milligramsPerLiter",4.0,,0,,"OK"
"dba7a673-cd3c-4b34-89c4-94397c9de376","D10","ARIK","ARIK.AOS.groundwater.well.004","ARIK.W4.20190806.FIL","A00000091464","2019-08-06T16:39Z","2019-08-06T16:39Z","EcoCore_CSU","DIC",84.0500,"milligramsPerLiter",4.0,,0,,"OK"
"aa4a4e41-b341-4faa-918c-924cee0141b3","D10","ARIK","ARIK.AOS.groundwater.well.004","ARIK.W4.20190806.FIL","A00000091464","2019-08-06T16:39Z","2019-08-06T16:39Z","EcoCore_CSU","NO3+NO2 - N",0.0196,"milligramsPerLiter",4.0,,0,,"OK"
"d83adfc6-281c-4db9-8b29-f6c3f9751a44","D10","ARIK","ARIK.AOS.groundwater.well.004","ARIK.W4.20190806.FIL","A00000091464","2019-08-06T16:39Z","2019-08-06T16:39Z","EcoCore_CSU","Si",44.4400,"milligramsPerLiter",4.0,,0,,"OK"
"a14e4e00-6ae7-47b0-a432-779db7b1131e","D10","ARIK","ARIK.AOS.groundwater.well.004","ARIK.W4.20190806.FIL","A00000091464","2019-08-06T16:39Z","2019-08-06T16:39Z","EcoCore_CSU","TDN",0.4015,"milligramsPerLiter",4.0,,0,,"OK"
"f879fb93-6b80-4610-a09b-f6ea9c5aef66","D10","ARIK","ARIK.AOS.groundwater.well.004","ARIK.W4.20190806.RAW","A00000091483","2019-08-06T16:39Z","2019-08-06T16:39Z","EcoCore_CSU","conductivity",579.7000,"microsiemensPerCentimeter",4.0,,0,,"OK"
"ea388783-b302-424d-917f-6b863de54e00","D10","ARIK","ARIK.AOS.groundwater.well.004","ARIK.W4.20190806.FIL","A00000091464","2019-08-06T16:39Z","2019-08-06T16:39Z","EcoCore_CSU","Ca",67.7890,"milligramsPerLiter",4.0,,0,,"OK"
"a4d0d9e0-9011-4419-9d7b-b89dea795b1c","D10","ARIK","ARIK.AOS.groundwater.well.004","ARIK.W4.20190806.RAW","A00000091483","2019-08-06T16:39Z","2019-08-06T16:39Z","EcoCore_CSU","TN",0.3893,"milligramsPerLiter",4.0,,0,,"OK"
"0f4b6073-de2c-4b0f-af18-89686fc39d61","D10","ARIK","ARIK.AOS.groundwater.well.004","ARIK.W4.20190806.FIL","A00000091464","2019-08-06T16:39Z","2019-08-06T16:39Z","EcoCore_CSU","Fe",1.0260,"milligramsPerLiter",4.0,,0,,"OK"
"5bc6f9ec-f65b-4b10-a518-4a5f989322f6","D10","ARIK","ARIK.AOS.groundwater.well.004","ARIK.W4.20190806.FIL","A00000091464","2019-08-06T16:39Z","2019-08-06T16:39Z","EcoCore_CSU","UV Absorbance (250 nm)",0.2426,,4.0,,0,,"OK"
"472b8677-c025-4c13-bdbb-a52763bab29f","D10","ARIK","ARIK.AOS.groundwater.well.004","ARIK.W4.20190806.RAW","A00000091483","2019-08-06T16:39Z","2019-08-06T16:39Z","EcoCore_CSU","TSS - Dry Mass",200.0000,"microgram",4.0,,0,,"OK"
"ff70b070-6428-4907-bcda-e702e534fa26","D10","ARIK","ARIK.AOS.groundwater.well.004","ARIK.W4.20190806.RAW","A00000091483","2019-08-06T16:39Z","2019-08-06T16:39Z","EcoCore_CSU","TOC",4.5340,"milligramsPerLiter",4.0,,0,,"OK"
"9cdba9d0-1784-4907-b2b9-5bdf93770adf","D10","ARIK","ARIK.AOS.groundwater.well.004","ARIK.W4.20190806.RAW","A00000091483","2019-08-06T16:39Z","2019-08-06T16:39Z","EcoCore_CSU","pH",7.3700,"pH",4.0,,0,,"OK"
"3af6f115-c3be-4be2-a82e-f9cb69858b06","D10","ARIK","ARIK.AOS.groundwater.well.004","ARIK.W4.20190806.PCN","A00000091489","2019-08-06T16:39Z","2019-08-06T16:39Z","EcoCore_CSU","TPC",0.2703,"milligram",4.0,,0,,"OK"
