uid,domainID,siteID,namedLocation,collectDate,titrationDate,parentSampleID,domainSampleID,remarks,measuredBy,alkMeqPerL,alkMgPerL,ancMeqPerL,ancMgPerL
"9794bcb0-12e1-4417-9b21-d742b956f4f7","D10","ARIK","ARIK.AOS.groundwater.well.001","2019-08-06T13:19Z","2019-08-07T16:40Z","ARIK.W1.20190806","ARIK.W1.20190806.ALK",,"stemmler@battelleecology.org",3.690,184.000,,
"8e2e58ed-577c-41cd-bdae-9b14539a7cbb","D10","ARIK","ARIK.AOS.groundwater.well.002","2019-08-06T14:25Z","2019-08-07T15:58Z","ARIK.W2.20190806","ARIK.W2.20190806.ALK",,"stemmler@battelleecology.org",3.230,162.000,,
"ee8f0e6a-d8fa-4b1e-a8a4-a0c90243e232","D10","ARIK","ARIK.AOS.groundwater.well.002","2019-08-06T14:25Z","2019-08-07T16:16Z","ARIK.W2.20190806","ARIK.W2.20190806.ALK.REP2",,"stemmler@battelleecology.org",3.380,169.000,,
"962ded69-f290-40e4-9816-94bc7218c004","D10","ARIK","ARIK.AOS.groundwater.well.005","2019-08-06T15:55Z","2019-08-07T14:40Z","ARIK.W5.20190806","ARIK.W5.20190806.ALK",,"stemmler@battelleecology.org",5.710,286.000,,
"443ffb70-e8b2-40ca-9d23-d01efe2d1a82","D10","ARIK","ARIK.AOS.groundwater.well.004","2019-08-06T16:39Z","2019-08-07T15:22Z","ARIK.W4.20190806","ARIK.W4.20190806.ALK","pH 10 cal= 10.10 Temperature estimated as intial temp was forgotten to be taken","stemmler@battelleecology.org",6.410,321.000,,
