uid,domainID,siteID,namedLocation,collectDate,parentSampleID,sampleCondition,sampleID,replicateNumber,gwwDICBubbleFree,gwwFiltSampleHeadspace,gwwAlkSampleHeadspace,gwwAlkSampleBubbleFree,processedDate,processedDateFilters,sampleVolumeFiltered,shipmentTimeRange
"c6cf43b0-6553-4e43-93ca-d8bdb59ed90b","D10","ARIK","ARIK.AOS.groundwater.well.001","2019-08-06T13:19Z","ARIK.W1.20190806","Sample condition ok","ARIK.W1.20190806",1,,,,,"2019-08-06T13:19Z",,150.0,
"2afb2c42-0967-4cf0-9f7d-14dd79a0cdda","D10","ARIK","ARIK.AOS.groundwater.well.002","2019-08-06T14:25Z","ARIK.W2.20190806","Sample condition ok","ARIK.W2.20190806",1,,,,,"2019-08-06T14:25Z","2019-08-06T14:25Z",150.0,
"df50cea6-6bca-4220-8406-bb78cc5fd928","D10","ARIK","ARIK.AOS.groundwater.well.005","2019-08-06T15:55Z","ARIK.W5.20190806","Sample condition ok","ARIK.W5.20190806",1,,,,,"2019-08-06T15:55Z","2019-08-06T15:55Z",250.0,
"765eaae5-d8b2-47c5-b1a3-a8b705fc246a","D10","ARIK","ARIK.AOS.groundwater.well.004","2019-08-06T16:39Z","ARIK.W4.20190806","Sample condition ok","ARIK.W4.20190806",1,,,,,"2019-08-06T16:39Z","2019-08-06T18:26Z",230.0,
