uid,domainID,siteID,namedLocation,decimalLatitude,decimalLongitude,coordinateUncertainty,elevation,elevationUncertainty,geodeticDatum,collectDate,aquaticSiteType,samplingImpractical,waterChemSamplesCollected,adequateSampleVol,parentSampleID,eventID,swcSamplingProtocolVersion,sampleExtractionMethod,samplerType,totalWellDepth,wellWaterDepth,waterColumnHeight,sampleDepth,purgeAverageDischargeRate,purgeTime,gwWellStabilized,purgeDryDateTime,pumpPlacementDate,screenedIntervalDepth,maxAllowableDrawdown,actualDrawdown,MADExceeded,wellVolumePurged,probeIDUnavailable,dissolvedOxygen,dissolvedOxygenSaturation,specificConductance,waterTemp,pH,waterClarityDescrip,waterColorDescrip,aCollectedBy,bCollectedBy,remarks
"e6c6fcc3-2f65-4037-95aa-9ec3210518c9","D10","ARIK","ARIK.AOS.groundwater.well.001",39.758068,-102.452221,0.1,1184.4,0.1,"WGS84","2019-08-06T13:19Z","stream",,,"Y","ARIK.W1.20190806","ARIK.20190806","NEON.DOC.002905vF","low-flow","Groundwater Pump",9.1,3.9,5.1,4.9,,,,,,,,,,4.6,,3.80,40.90,412.00,12.70,7.59,"clear","gray","0000-0002-5760-9269","0000-0001-7092-2850",
"815508f9-50f4-4e69-9c67-15d82637e548","D10","ARIK","ARIK.AOS.groundwater.well.002",39.757704,-102.447584,0.1,1181.3,0.1,"WGS84","2019-08-06T14:25Z","stream",,,"Y","ARIK.W2.20190806","ARIK.20190806","NEON.DOC.002905vF","low-flow","Grab",9.4,2.8,6.6,3.8,,,,,,,,,,2.7,,6.52,75.60,401.30,15.80,7.62,"cloudy","colorless","0000-0002-5760-9269","0000-0001-7092-2850",
"b69974f4-b958-4fff-b319-e1880f05c45d","D10","ARIK","ARIK.AOS.groundwater.well.005",39.759687,-102.448224,0.1,1181.1,0.1,"WGS84","2019-08-06T15:55Z","stream",,,"Y","ARIK.W5.20190806","ARIK.20190806","NEON.DOC.002905vF","low-flow","Grab",9.3,2.5,6.8,3.5,,,,,,,,,,2.4,,,,,,,"clear","colorless","0000-0003-3415-3067","0000-0001-7092-2850",
"58a40a47-761a-4d92-bde0-5843c5bd4f90","D10","ARIK","ARIK.AOS.groundwater.well.004",39.760114,-102.451740,0.1,1182.7,0.1,"WGS84","2019-08-06T16:39Z","stream",,,"Y","ARIK.W4.20190806","ARIK.20190806","NEON.DOC.002905vF","low-flow","Groundwater Pump",8.9,2.2,6.7,3.2,,,,,,,,,,2.2,,,,,,,"clear","colorless","0000-0003-3415-3067","0000-0001-7092-2850",
