uid,domainID,siteID,namedLocation,decimalLatitude,decimalLongitude,coordinateUncertainty,elevation,elevationUncertainty,geodeticDatum,collectDate,aquaticSiteType,samplingImpractical,waterChemSamplesCollected,adequateSampleVol,parentSampleID,eventID,swcSamplingProtocolVersion,sampleExtractionMethod,samplerType,totalWellDepth,wellWaterDepth,waterColumnHeight,sampleDepth,purgeAverageDischargeRate,purgeTime,gwWellStabilized,purgeDryDateTime,pumpPlacementDate,screenedIntervalDepth,maxAllowableDrawdown,actualDrawdown,MADExceeded,wellVolumePurged,probeIDUnavailable,dissolvedOxygen,dissolvedOxygenSaturation,specificConductance,waterTemp,pH,waterClarityDescrip,waterColorDescrip,aCollectedBy,bCollectedBy,remarks
"138e58c4-c0c1-4382-8764-a422fcb8a085","D02","LEWI","LEWI.AOS.groundwater.well.008",39.094301,-77.981340,0.1,127.5,0.1,"WGS84","2020-08-05T13:08Z","stream",,"Y","Y","LEWI.W8.20200805","LEWI.20200805","NEON.DOC.002905vG","low-flow","Grab",5.4,2.7,2.6,,314.3,26.0,,,,,,,,8.2,,4.78,48.80,670.00,16.30,7.20,"clear","brown","0000-0001-7904-875X","0000-0003-3114-5862",
"2f497af0-e115-49f0-a4dc-07ecba4514f8","D02","LEWI","LEWI.AOS.groundwater.well.001",39.095597,-77.982949,0.1,128.8,0.1,"WGS84","2020-08-05T14:20Z","stream",,"Y","Y","LEWI.W1.20200805","LEWI.20200805","NEON.DOC.002905vG","low-flow","Grab",5.5,2.5,3.0,,363.2,15.0,,,,,,,,5.4,,7.02,69.50,642.00,14.80,7.27,"clear","colorless","0000-0003-3114-5862","0000-0001-7904-875X",
"f145c413-a5b2-4d79-b288-8ab5fa4b38cf","D02","LEWI","LEWI.AOS.groundwater.well.002",39.095452,-77.983050,0.1,128.6,0.1,"WGS84","2020-08-05T15:45Z","stream",,"Y","Y","LEWI.W2.20200805","LEWI.20200805","NEON.DOC.002905vG","low-flow","Grab",5.4,2.5,2.9,,398.0,16.0,,,,,,,,6.4,,1.83,18.30,658.00,15.60,7.96,"clear","colorless","0000-0003-3114-5862","0000-0001-7904-875X",
"747665d5-cfa0-4477-aa38-234a39a893c9","D02","LEWI","LEWI.AOS.groundwater.well.006",39.094122,-77.981443,0.1,127.8,0.1,"WGS84","2020-08-05T17:19Z","stream",,"Y","Y","LEWI.W6.20200805","LEWI.20200805","NEON.DOC.002905vG","low-flow","Grab",6.9,2.9,3.9,,312.0,11.0,,,,,,,,3.4,,3.99,41.10,686.00,16.70,7.13,"clear","colorless","0000-0003-3114-5862","0000-0001-7904-875X",
