uid,domainID,siteID,namedLocation,collectDate,parentSampleID,sampleCondition,sampleID,replicateNumber,gwwDICBubbleFree,gwwFiltSampleHeadspace,gwwAlkSampleHeadspace,gwwAlkSampleBubbleFree,processedDate,processedDateFilters,sampleVolumeFiltered,shipmentTimeRange
"507f2ce9-b688-434e-b8fc-777978194432","D02","LEWI","LEWI.AOS.groundwater.well.008","2020-08-05T13:08Z","LEWI.W8.20200805","Sample condition ok","LEWI.W8.20200805",1,,,,,"2020-08-05T13:08Z","2020-08-05T13:08Z",200.0,"within 24 hours of collection"
"d59f0a16-a29e-4fb1-b3e4-31c0dcf6f187","D02","LEWI","LEWI.AOS.groundwater.well.001","2020-08-05T14:20Z","LEWI.W1.20200805","Sample condition ok","LEWI.W1.20200805",1,,,,,"2020-08-05T14:20Z","2020-08-05T14:20Z",250.0,"within 24 hours of collection"
"fc590a79-9403-44ff-a47f-e7645214890f","D02","LEWI","LEWI.AOS.groundwater.well.002","2020-08-05T15:45Z","LEWI.W2.20200805","Sample condition ok","LEWI.W2.20200805",1,,,,,"2020-08-05T15:45Z","2020-08-05T15:45Z",300.0,"within 24 hours of collection"
"511e103a-7b16-4aa0-a90b-668c3544fddc","D02","LEWI","LEWI.AOS.groundwater.well.006","2020-08-05T17:19Z","LEWI.W6.20200805","Sample condition ok","LEWI.W6.20200805",1,,,,,"2020-08-05T17:19Z","2020-08-05T17:19Z",250.0,"within 24 hours of collection"
