uid,domainID,siteID,namedLocation,decimalLatitude,decimalLongitude,coordinateUncertainty,elevation,elevationUncertainty,geodeticDatum,collectDate,aquaticSiteType,samplingImpractical,waterChemSamplesCollected,adequateSampleVol,parentSampleID,eventID,swcSamplingProtocolVersion,sampleExtractionMethod,samplerType,totalWellDepth,wellWaterDepth,waterColumnHeight,sampleDepth,purgeAverageDischargeRate,purgeTime,gwWellStabilized,purgeDryDateTime,pumpPlacementDate,screenedIntervalDepth,maxAllowableDrawdown,actualDrawdown,MADExceeded,wellVolumePurged,probeIDUnavailable,dissolvedOxygen,dissolvedOxygenSaturation,specificConductance,waterTemp,pH,waterClarityDescrip,waterColorDescrip,aCollectedBy,bCollectedBy,remarks
"3f43e5bd-dc89-47a5-8f2c-5a9bff6e5c88","D06","KING","KING.AOS.groundwater.well.004",39.104850,-96.603323,0.1,328.6,0.1,"WGS84","2019-06-19T14:10Z","stream",,,"Y","KING.W4.20190619","KING.20190619","NEON.DOC.002905vF","low-flow","Groundwater Pump",8.5,3.8,4.7,4.8,,,,,,,,,,0.9,,3.93,40.00,820.00,14.00,7.02,"clear","colorless","0000-0001-9594-9689","0000-0003-1449-7081",
"cafbce80-d45f-4bbe-8dd3-bab0b678a28b","D06","KING","KING.AOS.groundwater.well.001",39.104728,-96.602945,0.1,329.4,0.1,"WGS84","2019-06-19T15:11Z","stream",,,"Y","KING.W1.20190619","KING.20190619","NEON.DOC.002905vF","low-flow","Groundwater Pump",9.7,4.1,5.6,5.1,,,,,,,,,,0.5,,3.44,36.30,587.00,15.20,7.50,"clear","colorless","0000-0003-1449-7081","0000-0001-9594-9689",
"a4ad663f-835d-408e-92cf-974fd2fabd4f","D06","KING","KING.AOS.groundwater.well.002",39.104936,-96.602639,0.1,329.1,0.1,"WGS84","2019-06-19T16:42Z","stream",,,"Y","KING.W2.20190619","KING.20190619","NEON.DOC.002905vF","low-flow","Groundwater Pump",6.6,3.7,2.9,4.7,,,,,,,,,,1.0,,5.13,52.10,679.00,14.30,7.04,"clear","colorless","0000-0003-1449-7081","0000-0001-9594-9689",
"87210ac2-2a2f-458a-9fc8-445fd1a97151","D06","KING","KING.AOS.groundwater.well.008",39.105096,-96.603080,0.1,328.4,0.1,"WGS84","2019-06-19T17:48Z","stream",,,"Y","KING.W8.20190619","KING.20190619","NEON.DOC.002905vF","low-flow","Groundwater Pump",8.4,3.5,4.9,4.5,,,,,,,,,,0.6,,3.97,40.70,690.00,14.80,7.09,"clear","colorless","0000-0003-1449-7081","0000-0001-9594-9689",
