uid,domainID,siteID,namedLocation,collectDate,parentSampleID,sampleCondition,sampleID,replicateNumber,gwwDICBubbleFree,gwwFiltSampleHeadspace,gwwAlkSampleHeadspace,gwwAlkSampleBubbleFree,processedDate,processedDateFilters,sampleVolumeFiltered,shipmentTimeRange
"fc2d9a65-a4b4-44c7-a289-0634afd6a086","D06","KING","KING.AOS.groundwater.well.004","2019-06-19T14:10Z","KING.W4.20190619","Sample condition ok","KING.W4.20190619",1,,,,,"2019-06-19T14:10Z","2019-06-19T14:20Z",1000.0,
"ac69c6eb-dea2-4d17-a273-557a335d7b0d","D06","KING","KING.AOS.groundwater.well.001","2019-06-19T15:11Z","KING.W1.20190619","Sample condition ok","KING.W1.20190619",1,,,,,"2019-06-19T15:20Z","2019-06-19T15:20Z",1210.0,
"58b02777-6a8d-4e23-a8ca-e53b256ba4a1","D06","KING","KING.AOS.groundwater.well.002","2019-06-19T16:42Z","KING.W2.20190619","Sample condition ok","KING.W2.20190619",1,,,,,"2019-06-19T16:50Z","2019-06-19T16:45Z",750.0,
"77b009a5-46f8-4382-ab67-be701e00d2c3","D06","KING","KING.AOS.groundwater.well.008","2019-06-19T17:48Z","KING.W8.20190619","Sample condition ok","KING.W8.20190619",1,,,,,"2019-06-19T17:57Z","2019-06-19T17:55Z",550.0,
