uid,domainID,siteID,namedLocation,sampleID,sampleCode,startDate,collectDate,laboratoryName,analyte,analyteConcentration,analyteUnits,coolerTemp,remarks,shipmentWarmQF,externalLabDataQF,sampleCondition
"9e32c49d-7faa-4b27-ab39-78a160d10ae7","D06","KING","KING.AOS.groundwater.well.004","KING.W4.20190619.FIL","A00000043162","2019-06-19T14:10Z","2019-06-19T14:10Z","EcoCore_CSU","HCO3",477.6800,"milligramsPerLiter",1.3,,0,"formatChange","GOOD"
"66e9534a-396a-47a8-a2ba-e6c68dcc0bd7","D06","KING","KING.AOS.groundwater.well.004","KING.W4.20190619.FIL","A00000043162","2019-06-19T14:10Z","2019-06-19T14:10Z","EcoCore_CSU","TDS",673.6500,"milligramsPerLiter",1.3,,0,"formatChange","GOOD"
"37f8ef99-ebbd-47bf-89fe-40a2b5c73429","D06","KING","KING.AOS.groundwater.well.004","KING.W4.20190619.PCN","A00000043160","2019-06-19T14:10Z","2019-06-19T14:10Z","EcoCore_CSU","TPN",0.1188,"milligram",1.3,,0,"formatChange","GOOD"
"2ad9d5ac-4848-4c57-9262-bc6bb41e1221","D06","KING","KING.AOS.groundwater.well.004","KING.W4.20190619.FIL","A00000043162","2019-06-19T14:10Z","2019-06-19T14:10Z","EcoCore_CSU","Na",6.8670,"milligramsPerLiter",1.3,,0,"formatChange","GOOD"
"f581a8e2-3f2a-4450-a5b1-ff29156ac809","D06","KING","KING.AOS.groundwater.well.004","KING.W4.20190619.FIL","A00000043162","2019-06-19T14:10Z","2019-06-19T14:10Z","EcoCore_CSU","Ca",140.4810,"milligramsPerLiter",1.3,,0,"formatChange","GOOD"
"e4ad5e31-6bd4-407a-b895-2ef95a42422f","D06","KING","KING.AOS.groundwater.well.004","KING.W4.20190619.FIL","A00000043162","2019-06-19T14:10Z","2019-06-19T14:10Z","EcoCore_CSU","NO3+NO2 - N",0.8373,"milligramsPerLiter",1.3,,0,"formatChange","GOOD"
"6a596475-982e-4b94-bde4-32ac2d682f72","D06","KING","KING.AOS.groundwater.well.004","KING.W4.20190619.FIL","A00000043162","2019-06-19T14:10Z","2019-06-19T14:10Z","EcoCore_CSU","Cl",3.8121,"milligramsPerLiter",1.3,,0,"formatChange","GOOD"
"073f69db-2530-4ac7-9d06-218c19c1dd32","D06","KING","KING.AOS.groundwater.well.004","KING.W4.20190619.PCN","A00000043160","2019-06-19T14:10Z","2019-06-19T14:10Z","EcoCore_CSU","TPC",0.2911,"milligram",1.3,,0,"formatChange","GOOD"
"39735aaa-8ec4-45a8-a5ef-63fcdbfea15c","D06","KING","KING.AOS.groundwater.well.004","KING.W4.20190619.FIL","A00000043162","2019-06-19T14:10Z","2019-06-19T14:10Z","EcoCore_CSU","Mg",27.1100,"milligramsPerLiter",1.3,,0,"formatChange","GOOD"
"e623a71c-cb39-47cd-8425-88640af8f78c","D06","KING","KING.AOS.groundwater.well.004","KING.W4.20190619.FIL","A00000043162","2019-06-19T14:10Z","2019-06-19T14:10Z","EcoCore_CSU","UV Absorbance (250 nm)",0.0213,,1.3,,0,"formatChange","GOOD"
"2dd0f883-6e2a-47cf-aab2-4b2c92898e0c","D06","KING","KING.AOS.groundwater.well.004","KING.W4.20190619.FIL","A00000043162","2019-06-19T14:10Z","2019-06-19T14:10Z","EcoCore_CSU","UV Absorbance (280 nm)",0.0141,,1.3,,0,"formatChange","GOOD"
"a5b74887-3152-4cac-8514-3c18a0fd5eed","D06","KING","KING.AOS.groundwater.well.004","KING.W4.20190619.RAW","A00000043161","2019-06-19T14:10Z","2019-06-19T14:10Z","EcoCore_CSU","pH",7.0100,"pH",1.3,,0,"formatChange","GOOD"
"219e1b0b-0436-4bf4-9f8d-c715420dcaea","D06","KING","KING.AOS.groundwater.well.004","KING.W4.20190619.RAW","A00000043161","2019-06-19T14:10Z","2019-06-19T14:10Z","EcoCore_CSU","ANC",7.9200,"milliequivalentsPerLiter",1.3,,0,"formatChange","GOOD"
"08ca120a-1f8f-4e7d-b152-5ed22373f524","D06","KING","KING.AOS.groundwater.well.004","KING.W4.20190619.FIL","A00000043162","2019-06-19T14:10Z","2019-06-19T14:10Z","EcoCore_CSU","SO4",75.0600,"milligramsPerLiter",1.3,,0,"formatChange","GOOD"
"ef213bce-d406-40da-9d1f-00a32b15352a","D06","KING","KING.AOS.groundwater.well.004","KING.W4.20190619.FIL","A00000043162","2019-06-19T14:10Z","2019-06-19T14:10Z","EcoCore_CSU","TDP",0.0533,"milligramsPerLiter",1.3,,0,"formatChange","GOOD"
"c4a1007e-4db9-4390-8ad9-bd7ff6e3ae50","D06","KING","KING.AOS.groundwater.well.004","KING.W4.20190619.FIL","A00000043162","2019-06-19T14:10Z","2019-06-19T14:10Z","EcoCore_CSU","DIC",106.4000,"milligramsPerLiter",1.3,,0,"formatChange","GOOD"
"f7bd11eb-d673-457d-b363-8bab3e0dafeb","D06","KING","KING.AOS.groundwater.well.004","KING.W4.20190619.FIL","A00000043162","2019-06-19T14:10Z","2019-06-19T14:10Z","EcoCore_CSU","NH4 - N",0.0514,"milligramsPerLiter",1.3,,0,"formatChange","GOOD"
"9ac1f482-a634-4da4-82b1-8b07c54225f6","D06","KING","KING.AOS.groundwater.well.004","KING.W4.20190619.RAW","A00000043161","2019-06-19T14:10Z","2019-06-19T14:10Z","EcoCore_CSU","TN",0.6798,"milligramsPerLiter",1.3,,0,"formatChange","GOOD"
"e43c2d15-61a8-43f3-bc34-a4a84a9eb675","D06","KING","KING.AOS.groundwater.well.004","KING.W4.20190619.RAW","A00000043161","2019-06-19T14:10Z","2019-06-19T14:10Z","EcoCore_CSU","TSS - Dry Mass",500.0000,"microgram",1.3,,0,"formatChange","GOOD"
"7cbcf202-0767-4e6f-ba8e-f276eddc32d1","D06","KING","KING.AOS.groundwater.well.004","KING.W4.20190619.RAW","A00000043161","2019-06-19T14:10Z","2019-06-19T14:10Z","EcoCore_CSU","TSS",10.0000,"milligramsPerLiter",1.3,,0,"formatChange","GOOD"
"5d925582-32f5-4b60-80c9-412c38792866","D06","KING","KING.AOS.groundwater.well.004","KING.W4.20190619.RAW","A00000043161","2019-06-19T14:10Z","2019-06-19T14:10Z","EcoCore_CSU","conductivity",960.2500,"microsiemensPerCentimeter",1.3,,0,"formatChange","GOOD"
"3742785b-bd9b-44f8-8036-c8335008ffad","D06","KING","KING.AOS.groundwater.well.004","KING.W4.20190619.RAW","A00000043161","2019-06-19T14:10Z","2019-06-19T14:10Z","EcoCore_CSU","TP",0.0734,"milligramsPerLiter",1.3,,0,"formatChange","GOOD"
"486416e1-2e36-4be2-b1c7-57ddc8dba565","D06","KING","KING.AOS.groundwater.well.004","KING.W4.20190619.FIL","A00000043162","2019-06-19T14:10Z","2019-06-19T14:10Z","EcoCore_CSU","K",1.3860,"milligramsPerLiter",1.3,,0,"formatChange","GOOD"
"4c8c9eee-91ad-482e-9cc1-1f50e6c03e4d","D06","KING","KING.AOS.groundwater.well.004","KING.W4.20190619.FIL","A00000043162","2019-06-19T14:10Z","2019-06-19T14:10Z","EcoCore_CSU","Br",0.0050,"milligramsPerLiter",1.3,,0,"formatChange","GOOD"
"9628045e-1bca-43cd-a557-28e62c34e5a4","D06","KING","KING.AOS.groundwater.well.004","KING.W4.20190619.FIL","A00000043162","2019-06-19T14:10Z","2019-06-19T14:10Z","EcoCore_CSU","TDN",0.7806,"milligramsPerLiter",1.3,,0,"formatChange","GOOD"
"0d8f8b84-b72d-4632-ab98-ecfac0c2363f","D06","KING","KING.AOS.groundwater.well.004","KING.W4.20190619.FIL","A00000043162","2019-06-19T14:10Z","2019-06-19T14:10Z","EcoCore_CSU","CO3",0.0050,"milligramsPerLiter",1.3,,0,"formatChange","GOOD"
"f4ce4f80-eeb6-4f45-8782-49ed5f517ad7","D06","KING","KING.AOS.groundwater.well.004","KING.W4.20190619.FIL","A00000043162","2019-06-19T14:10Z","2019-06-19T14:10Z","EcoCore_CSU","Fe",0.0011,"milligramsPerLiter",1.3,,0,"formatChange","GOOD"
"c8adf07e-31f3-4935-9a86-220508597d26","D06","KING","KING.AOS.groundwater.well.004","KING.W4.20190619.RAW","A00000043161","2019-06-19T14:10Z","2019-06-19T14:10Z","EcoCore_CSU","TOC",1.1960,"milligramsPerLiter",1.3,,0,"formatChange","GOOD"
"37958e3a-2c7d-443e-907d-250baf3259a9","D06","KING","KING.AOS.groundwater.well.004","KING.W4.20190619.FIL","A00000043162","2019-06-19T14:10Z","2019-06-19T14:10Z","EcoCore_CSU","NO2 - N",-0.0033,"milligramsPerLiter",1.3,,0,"formatChange","GOOD"
"0a7716ac-e058-4bac-a685-472966d698ec","D06","KING","KING.AOS.groundwater.well.004","KING.W4.20190619.FIL","A00000043162","2019-06-19T14:10Z","2019-06-19T14:10Z","EcoCore_CSU","F",1.7793,"milligramsPerLiter",1.3,,0,"formatChange","GOOD"
"7c650a5e-b20c-4f6a-83ad-ea5e802f3bdf","D06","KING","KING.AOS.groundwater.well.004","KING.W4.20190619.FIL","A00000043162","2019-06-19T14:10Z","2019-06-19T14:10Z","EcoCore_CSU","Mn",0.0005,"milligramsPerLiter",1.3,,0,"formatChange","GOOD"
"6763a065-1818-4aa7-863d-ab50b9d6eaa9","D06","KING","KING.AOS.groundwater.well.004","KING.W4.20190619.FIL","A00000043162","2019-06-19T14:10Z","2019-06-19T14:10Z","EcoCore_CSU","DOC",1.0530,"milligramsPerLiter",1.3,,0,"formatChange","GOOD"
"064d120b-9a08-487b-96b6-75c1412b3dc4","D06","KING","KING.AOS.groundwater.well.004","KING.W4.20190619.FIL","A00000043162","2019-06-19T14:10Z","2019-06-19T14:10Z","EcoCore_CSU","Ortho - P",0.0390,"milligramsPerLiter",1.3,,0,"formatChange","GOOD"
"1609c404-8a28-4d69-8bfe-4cb933f577a8","D06","KING","KING.AOS.groundwater.well.004","KING.W4.20190619.FIL","A00000043162","2019-06-19T14:10Z","2019-06-19T14:10Z","EcoCore_CSU","Si",9.3302,"milligramsPerLiter",1.3,,0,"formatChange","GOOD"
"7a939700-d983-462b-ac71-371cbb0eece5","D06","KING","KING.AOS.groundwater.well.001","KING.W1.20190619.RAW","A00000043157","2019-06-19T15:11Z","2019-06-19T15:11Z","EcoCore_CSU","TP",0.0770,"milligramsPerLiter",1.3,,0,"formatChange","GOOD"
"42304dd0-f691-4357-98e3-68b595e4caac","D06","KING","KING.AOS.groundwater.well.001","KING.W1.20190619.FIL","A00000043156","2019-06-19T15:11Z","2019-06-19T15:11Z","EcoCore_CSU","F",1.2094,"milligramsPerLiter",1.3,,0,"formatChange","GOOD"
"bffe198a-ff4c-453a-89ac-86c153b02f05","D06","KING","KING.AOS.groundwater.well.001","KING.W1.20190619.RAW","A00000043157","2019-06-19T15:11Z","2019-06-19T15:11Z","EcoCore_CSU","TN",0.1525,"milligramsPerLiter",1.3,,0,"formatChange","GOOD"
"15378fbb-1091-4fb9-96da-d3fc92c0ddf0","D06","KING","KING.AOS.groundwater.well.001","KING.W1.20190619.FIL","A00000043156","2019-06-19T15:11Z","2019-06-19T15:11Z","EcoCore_CSU","Ortho - P",0.0360,"milligramsPerLiter",1.3,,0,"formatChange","GOOD"
"dc6eac01-c60b-4998-8c7b-605cc1ae876a","D06","KING","KING.AOS.groundwater.well.001","KING.W1.20190619.RAW","A00000043157","2019-06-19T15:11Z","2019-06-19T15:11Z","EcoCore_CSU","ANC",6.7500,"milliequivalentsPerLiter",1.3,,0,"formatChange","GOOD"
"86cad1c3-6258-472c-b931-8db15df7cd94","D06","KING","KING.AOS.groundwater.well.001","KING.W1.20190619.FIL","A00000043156","2019-06-19T15:11Z","2019-06-19T15:11Z","EcoCore_CSU","Fe",0.0005,"milligramsPerLiter",1.3,,0,"formatChange","GOOD"
"4e9e95b9-62af-422e-8614-e8220f250629","D06","KING","KING.AOS.groundwater.well.001","KING.W1.20190619.RAW","A00000043157","2019-06-19T15:11Z","2019-06-19T15:11Z","EcoCore_CSU","TSS - Dry Mass",200.0000,"microgram",1.3,,0,"formatChange","GOOD"
"e27f35d5-eac0-4d37-9020-a8d11356ba04","D06","KING","KING.AOS.groundwater.well.001","KING.W1.20190619.FIL","A00000043156","2019-06-19T15:11Z","2019-06-19T15:11Z","EcoCore_CSU","UV Absorbance (280 nm)",0.0143,,1.3,,0,"formatChange","GOOD"
"2bb06d30-09b9-49dd-ba79-4ac190ded3ac","D06","KING","KING.AOS.groundwater.well.001","KING.W1.20190619.FIL","A00000043156","2019-06-19T15:11Z","2019-06-19T15:11Z","EcoCore_CSU","NO2 - N",-0.0038,"milligramsPerLiter",1.3,,0,"formatChange","GOOD"
"c0f15f71-af80-4a65-9eb1-a5332e464efc","D06","KING","KING.AOS.groundwater.well.001","KING.W1.20190619.FIL","A00000043156","2019-06-19T15:11Z","2019-06-19T15:11Z","EcoCore_CSU","Cl",2.5410,"milligramsPerLiter",1.3,,0,"formatChange","GOOD"
"788058d7-7f3f-4bfc-bab8-8f40652e1c09","D06","KING","KING.AOS.groundwater.well.001","KING.W1.20190619.FIL","A00000043156","2019-06-19T15:11Z","2019-06-19T15:11Z","EcoCore_CSU","TDS",476.1400,"milligramsPerLiter",1.3,,0,"formatChange","GOOD"
"504f44f4-c640-4ff7-8134-91c17de917c0","D06","KING","KING.AOS.groundwater.well.001","KING.W1.20190619.FIL","A00000043156","2019-06-19T15:11Z","2019-06-19T15:11Z","EcoCore_CSU","SO4",27.9870,"milligramsPerLiter",1.3,,0,"formatChange","GOOD"
"09f12d3e-1ca9-4770-94c4-9e45c382b1b7","D06","KING","KING.AOS.groundwater.well.001","KING.W1.20190619.FIL","A00000043156","2019-06-19T15:11Z","2019-06-19T15:11Z","EcoCore_CSU","UV Absorbance (250 nm)",0.0231,,1.3,,0,"formatChange","GOOD"
"768d5d4f-8624-4f67-a225-521c9218e915","D06","KING","KING.AOS.groundwater.well.001","KING.W1.20190619.FIL","A00000043156","2019-06-19T15:11Z","2019-06-19T15:11Z","EcoCore_CSU","Ca",99.1768,"milligramsPerLiter",1.3,,0,"formatChange","GOOD"
"6b173db2-d289-45ed-ba23-ef633fdbe0dd","D06","KING","KING.AOS.groundwater.well.001","KING.W1.20190619.FIL","A00000043156","2019-06-19T15:11Z","2019-06-19T15:11Z","EcoCore_CSU","Na",4.7220,"milligramsPerLiter",1.3,,0,"formatChange","GOOD"
"2beba9b5-6b6d-40ca-bcbe-3f4fe5542073","D06","KING","KING.AOS.groundwater.well.001","KING.W1.20190619.FIL","A00000043156","2019-06-19T15:11Z","2019-06-19T15:11Z","EcoCore_CSU","NH4 - N",0.0406,"milligramsPerLiter",1.3,,0,"formatChange","GOOD"
"539744a3-bc8c-4ac9-8aff-013d9931f8d1","D06","KING","KING.AOS.groundwater.well.001","KING.W1.20190619.FIL","A00000043156","2019-06-19T15:11Z","2019-06-19T15:11Z","EcoCore_CSU","Mg",18.5400,"milligramsPerLiter",1.3,,0,"formatChange","GOOD"
"177ad706-87ef-4871-ad4d-f0507aa521b6","D06","KING","KING.AOS.groundwater.well.001","KING.W1.20190619.FIL","A00000043156","2019-06-19T15:11Z","2019-06-19T15:11Z","EcoCore_CSU","NO3+NO2 - N",0.1063,"milligramsPerLiter",1.3,,0,"formatChange","GOOD"
"3d0c92d8-6f8d-4611-9fac-b58d670b9e5d","D06","KING","KING.AOS.groundwater.well.001","KING.W1.20190619.RAW","A00000043157","2019-06-19T15:11Z","2019-06-19T15:11Z","EcoCore_CSU","TSS",4.0000,"milligramsPerLiter",1.3,,0,"formatChange","GOOD"
"403c9efb-dce7-4bcf-994c-4d2d4950635b","D06","KING","KING.AOS.groundwater.well.001","KING.W1.20190619.RAW","A00000043157","2019-06-19T15:11Z","2019-06-19T15:11Z","EcoCore_CSU","pH",7.2100,"pH",1.3,,0,"formatChange","GOOD"
"495b163e-6f17-46ac-b957-9ad6fd152398","D06","KING","KING.AOS.groundwater.well.001","KING.W1.20190619.RAW","A00000043157","2019-06-19T15:11Z","2019-06-19T15:11Z","EcoCore_CSU","TOC",1.2060,"milligramsPerLiter",1.3,,0,"formatChange","GOOD"
"8cb47883-9785-40a4-87be-ae244ed9b6d1","D06","KING","KING.AOS.groundwater.well.001","KING.W1.20190619.FIL","A00000043156","2019-06-19T15:11Z","2019-06-19T15:11Z","EcoCore_CSU","CO3",0.0050,"milligramsPerLiter",1.3,,0,"formatChange","GOOD"
"3ef8c564-3d69-49b5-929e-dda04edafff0","D06","KING","KING.AOS.groundwater.well.001","KING.W1.20190619.PCN","A00000043158","2019-06-19T15:11Z","2019-06-19T15:11Z","EcoCore_CSU","TPC",0.2351,"milligram",1.3,,0,"formatChange","GOOD"
"5ea57f82-864f-4efa-ad2c-5aa534f5afeb","D06","KING","KING.AOS.groundwater.well.001","KING.W1.20190619.FIL","A00000043156","2019-06-19T15:11Z","2019-06-19T15:11Z","EcoCore_CSU","Si",7.5535,"milligramsPerLiter",1.3,,0,"formatChange","GOOD"
"6797441b-e289-485a-9ad5-1ce142a52b47","D06","KING","KING.AOS.groundwater.well.001","KING.W1.20190619.FIL","A00000043156","2019-06-19T15:11Z","2019-06-19T15:11Z","EcoCore_CSU","K",1.2460,"milligramsPerLiter",1.3,,0,"formatChange","GOOD"
"19cdaf19-d169-47be-8f42-f2b161a571ae","D06","KING","KING.AOS.groundwater.well.001","KING.W1.20190619.FIL","A00000043156","2019-06-19T15:11Z","2019-06-19T15:11Z","EcoCore_CSU","TDP",0.0583,"milligramsPerLiter",1.3,,0,"formatChange","GOOD"
"77ab4228-2356-4258-af27-432fdb6333af","D06","KING","KING.AOS.groundwater.well.001","KING.W1.20190619.FIL","A00000043156","2019-06-19T15:11Z","2019-06-19T15:11Z","EcoCore_CSU","HCO3",368.4200,"milligramsPerLiter",1.3,,0,"formatChange","GOOD"
"0d953bb2-208d-4625-a332-7d4d7ff71a35","D06","KING","KING.AOS.groundwater.well.001","KING.W1.20190619.FIL","A00000043156","2019-06-19T15:11Z","2019-06-19T15:11Z","EcoCore_CSU","DOC",1.1880,"milligramsPerLiter",1.3,,0,"formatChange","GOOD"
"6d7f106e-1bdc-4bc1-a3e4-0bc04070f9d1","D06","KING","KING.AOS.groundwater.well.001","KING.W1.20190619.FIL","A00000043156","2019-06-19T15:11Z","2019-06-19T15:11Z","EcoCore_CSU","TDN",0.1721,"milligramsPerLiter",1.3,,0,"formatChange","GOOD"
"adc0738d-cf18-4496-a104-3fbc0ff02eb9","D06","KING","KING.AOS.groundwater.well.001","KING.W1.20190619.FIL","A00000043156","2019-06-19T15:11Z","2019-06-19T15:11Z","EcoCore_CSU","Br",0.0050,"milligramsPerLiter",1.3,,0,"formatChange","GOOD"
"32e00035-362e-448c-945f-91ac226c37fa","D06","KING","KING.AOS.groundwater.well.001","KING.W1.20190619.FIL","A00000043156","2019-06-19T15:11Z","2019-06-19T15:11Z","EcoCore_CSU","Mn",0.0005,"milligramsPerLiter",1.3,,0,"formatChange","GOOD"
"161ab92f-f984-47ea-9ad3-80260a7b52ba","D06","KING","KING.AOS.groundwater.well.001","KING.W1.20190619.FIL","A00000043156","2019-06-19T15:11Z","2019-06-19T15:11Z","EcoCore_CSU","DIC",83.2200,"milligramsPerLiter",1.3,,0,"formatChange","GOOD"
"9980405d-3b14-4587-b14f-108accbbd3ce","D06","KING","KING.AOS.groundwater.well.001","KING.W1.20190619.RAW","A00000043157","2019-06-19T15:11Z","2019-06-19T15:11Z","EcoCore_CSU","conductivity",675.0800,"microsiemensPerCentimeter",1.3,,0,"formatChange","GOOD"
"3ee74621-c0a9-4e88-b976-b5b95edd8055","D06","KING","KING.AOS.groundwater.well.001","KING.W1.20190619.PCN","A00000043158","2019-06-19T15:11Z","2019-06-19T15:11Z","EcoCore_CSU","TPN",0.1296,"milligram",1.3,,0,"formatChange","GOOD"
"5acef106-094d-4e4d-af60-4adce132332f","D06","KING","KING.AOS.groundwater.well.002","KING.W2.20190619.FIL","A00000043152","2019-06-19T16:42Z","2019-06-19T16:42Z","EcoCore_CSU","UV Absorbance (280 nm)",0.0031,,1.3,,0,"formatChange","GOOD"
"e6f668e7-4f40-4beb-8d6b-b05596cd99c0","D06","KING","KING.AOS.groundwater.well.002","KING.W2.20190619.FIL","A00000043152","2019-06-19T16:42Z","2019-06-19T16:42Z","EcoCore_CSU","Fe",0.0005,"milligramsPerLiter",1.3,,0,"formatChange","GOOD"
"a9259a35-3eb8-4dc4-b36d-785724233347","D06","KING","KING.AOS.groundwater.well.002","KING.W2.20190619.RAW","A00000043153","2019-06-19T16:42Z","2019-06-19T16:42Z","EcoCore_CSU","TN",0.0582,"milligramsPerLiter",1.3,,0,"formatChange","GOOD"
"a6dab97d-f43d-4f1c-ba59-907c2bd5ebfb","D06","KING","KING.AOS.groundwater.well.002","KING.W2.20190619.FIL","A00000043152","2019-06-19T16:42Z","2019-06-19T16:42Z","EcoCore_CSU","Br",0.0050,"milligramsPerLiter",1.3,,0,"formatChange","GOOD"
"a1f924e6-2f62-4878-b477-37077c7aadf5","D06","KING","KING.AOS.groundwater.well.002","KING.W2.20190619.RAW","A00000043153","2019-06-19T16:42Z","2019-06-19T16:42Z","EcoCore_CSU","ANC",7.8600,"milliequivalentsPerLiter",1.3,,0,"formatChange","GOOD"
"b142f978-3a3c-41a9-a077-f38d7cb2e92c","D06","KING","KING.AOS.groundwater.well.002","KING.W2.20190619.FIL","A00000043152","2019-06-19T16:42Z","2019-06-19T16:42Z","EcoCore_CSU","NH4 - N",0.0386,"milligramsPerLiter",1.3,,0,"formatChange","GOOD"
"940516ae-a27a-4ecb-8d8d-7813f65d5065","D06","KING","KING.AOS.groundwater.well.002","KING.W2.20190619.FIL","A00000043152","2019-06-19T16:42Z","2019-06-19T16:42Z","EcoCore_CSU","K",1.1140,"milligramsPerLiter",1.3,,0,"formatChange","GOOD"
"ad0b3a5a-1563-42de-bebf-c5ca0a405420","D06","KING","KING.AOS.groundwater.well.002","KING.W2.20190619.FIL","A00000043152","2019-06-19T16:42Z","2019-06-19T16:42Z","EcoCore_CSU","Ortho - P",0.8050,"milligramsPerLiter",1.3,,0,"formatChange","GOOD"
"4a73cad2-f9da-42fb-9f41-3f4c58cd8598","D06","KING","KING.AOS.groundwater.well.002","KING.W2.20190619.FIL","A00000043152","2019-06-19T16:42Z","2019-06-19T16:42Z","EcoCore_CSU","TDP",0.0461,"milligramsPerLiter",1.3,,0,"formatChange","GOOD"
"dc26b7d8-46e0-40a3-b0e7-f50bd2942cb6","D06","KING","KING.AOS.groundwater.well.002","KING.W2.20190619.FIL","A00000043152","2019-06-19T16:42Z","2019-06-19T16:42Z","EcoCore_CSU","Si",7.5630,"milligramsPerLiter",1.3,,0,"formatChange","GOOD"
"ab19f29b-c9c2-4500-a9ed-349bbdada9a6","D06","KING","KING.AOS.groundwater.well.002","KING.W2.20190619.FIL","A00000043152","2019-06-19T16:42Z","2019-06-19T16:42Z","EcoCore_CSU","Ca",116.3520,"milligramsPerLiter",1.3,,0,"formatChange","GOOD"
"8948eede-dbf1-404b-874a-9b436f5e1bf1","D06","KING","KING.AOS.groundwater.well.002","KING.W2.20190619.FIL","A00000043152","2019-06-19T16:42Z","2019-06-19T16:42Z","EcoCore_CSU","NO3+NO2 - N",0.0569,"milligramsPerLiter",1.3,,0,"formatChange","GOOD"
"c1bdce8f-d1c8-4575-bb44-a330ba9ed8ca","D06","KING","KING.AOS.groundwater.well.002","KING.W2.20190619.RAW","A00000043153","2019-06-19T16:42Z","2019-06-19T16:42Z","EcoCore_CSU","TP",0.0720,"milligramsPerLiter",1.3,,0,"formatChange","GOOD"
"a2e3ca22-9132-4a38-ac35-47831ec18548","D06","KING","KING.AOS.groundwater.well.002","KING.W2.20190619.FIL","A00000043152","2019-06-19T16:42Z","2019-06-19T16:42Z","EcoCore_CSU","Mn",0.0005,"milligramsPerLiter",1.3,,0,"formatChange","GOOD"
"ee3817b1-2156-49f0-965a-fc4ed61aca0f","D06","KING","KING.AOS.groundwater.well.002","KING.W2.20190619.RAW","A00000043153","2019-06-19T16:42Z","2019-06-19T16:42Z","EcoCore_CSU","TSS - Dry Mass",400.0000,"microgram",1.3,,0,"formatChange","GOOD"
"ec44e841-1707-40f2-bd90-6566d8539916","D06","KING","KING.AOS.groundwater.well.002","KING.W2.20190619.RAW","A00000043153","2019-06-19T16:42Z","2019-06-19T16:42Z","EcoCore_CSU","conductivity",792.1600,"microsiemensPerCentimeter",1.3,,0,"formatChange","GOOD"
"75048549-52bd-4b92-9c3f-9b3ac34b1a68","D06","KING","KING.AOS.groundwater.well.002","KING.W2.20190619.RAW","A00000043153","2019-06-19T16:42Z","2019-06-19T16:42Z","EcoCore_CSU","TOC",0.9739,"milligramsPerLiter",1.3,,0,"formatChange","GOOD"
"79464434-70a8-4cb3-be04-02cb0cd4ea18","D06","KING","KING.AOS.groundwater.well.002","KING.W2.20190619.FIL","A00000043152","2019-06-19T16:42Z","2019-06-19T16:42Z","EcoCore_CSU","DOC",0.9048,"milligramsPerLiter",1.3,,0,"formatChange","GOOD"
"2397f1a1-814f-44dc-8e38-c28542c732a5","D06","KING","KING.AOS.groundwater.well.002","KING.W2.20190619.FIL","A00000043152","2019-06-19T16:42Z","2019-06-19T16:42Z","EcoCore_CSU","DIC",95.1600,"milligramsPerLiter",1.3,,0,"formatChange","GOOD"
"49a25b03-e487-4824-8790-96fd440e59d5","D06","KING","KING.AOS.groundwater.well.002","KING.W2.20190619.RAW","A00000043153","2019-06-19T16:42Z","2019-06-19T16:42Z","EcoCore_CSU","TSS",8.0000,"milligramsPerLiter",1.3,,0,"formatChange","GOOD"
"1356b198-4258-4109-8e92-a7d601b78221","D06","KING","KING.AOS.groundwater.well.002","KING.W2.20190619.FIL","A00000043152","2019-06-19T16:42Z","2019-06-19T16:42Z","EcoCore_CSU","SO4",22.1910,"milligramsPerLiter",1.3,,0,"formatChange","GOOD"
"247b6e49-f9f2-4627-9899-04c866daa33b","D06","KING","KING.AOS.groundwater.well.002","KING.W2.20190619.FIL","A00000043152","2019-06-19T16:42Z","2019-06-19T16:42Z","EcoCore_CSU","Cl",2.7773,"milligramsPerLiter",1.3,,0,"formatChange","GOOD"
"a944ca82-b1a5-4f19-ab2e-d29c62364b11","D06","KING","KING.AOS.groundwater.well.002","KING.W2.20190619.FIL","A00000043152","2019-06-19T16:42Z","2019-06-19T16:42Z","EcoCore_CSU","Mg",22.6800,"milligramsPerLiter",1.3,,0,"formatChange","GOOD"
"5047f92c-6aad-4c69-b393-56093cc6a6f1","D06","KING","KING.AOS.groundwater.well.002","KING.W2.20190619.FIL","A00000043152","2019-06-19T16:42Z","2019-06-19T16:42Z","EcoCore_CSU","CO3",0.0050,"milligramsPerLiter",1.3,,0,"formatChange","GOOD"
"10448e50-ef11-4fed-b032-211b7370f477","D06","KING","KING.AOS.groundwater.well.002","KING.W2.20190619.FIL","A00000043152","2019-06-19T16:42Z","2019-06-19T16:42Z","EcoCore_CSU","HCO3",447.6400,"milligramsPerLiter",1.3,,0,"formatChange","GOOD"
"9cd5a18f-8518-4c94-bc9e-b89ad664eaac","D06","KING","KING.AOS.groundwater.well.002","KING.W2.20190619.RAW","A00000043153","2019-06-19T16:42Z","2019-06-19T16:42Z","EcoCore_CSU","pH",6.9300,"pH",1.3,,0,"formatChange","GOOD"
"d57dcceb-c6b8-4282-a6ee-bbc2e39fac4a","D06","KING","KING.AOS.groundwater.well.002","KING.W2.20190619.FIL","A00000043152","2019-06-19T16:42Z","2019-06-19T16:42Z","EcoCore_CSU","TDS",555.1700,"milligramsPerLiter",1.3,,0,"formatChange","GOOD"
"f791e225-18b6-4f2a-b308-deec85f996ab","D06","KING","KING.AOS.groundwater.well.002","KING.W2.20190619.FIL","A00000043152","2019-06-19T16:42Z","2019-06-19T16:42Z","EcoCore_CSU","UV Absorbance (250 nm)",0.0107,,1.3,,0,"formatChange","GOOD"
"26e65fea-bc71-452f-9f6c-313f5961949a","D06","KING","KING.AOS.groundwater.well.002","KING.W2.20190619.FIL","A00000043152","2019-06-19T16:42Z","2019-06-19T16:42Z","EcoCore_CSU","TDN",0.0845,"milligramsPerLiter",1.3,,0,"formatChange","GOOD"
"de07b699-585a-4a11-bf9c-20dea5209084","D06","KING","KING.AOS.groundwater.well.002","KING.W2.20190619.FIL","A00000043152","2019-06-19T16:42Z","2019-06-19T16:42Z","EcoCore_CSU","NO2 - N",-0.0038,"milligramsPerLiter",1.3,,0,"formatChange","GOOD"
"abdedb59-5384-46e7-a488-1af6f32e5708","D06","KING","KING.AOS.groundwater.well.002","KING.W2.20190619.PCN","A00000043154","2019-06-19T16:42Z","2019-06-19T16:42Z","EcoCore_CSU","TPC",0.3914,"milligram",1.3,,0,"formatChange","GOOD"
"c97a27f9-1cb6-47f0-b7b7-f6a9d785b53c","D06","KING","KING.AOS.groundwater.well.002","KING.W2.20190619.FIL","A00000043152","2019-06-19T16:42Z","2019-06-19T16:42Z","EcoCore_CSU","F",1.4279,"milligramsPerLiter",1.3,,0,"formatChange","GOOD"
"3fbf52c3-f94b-4ee4-af01-fcd6c22c08cf","D06","KING","KING.AOS.groundwater.well.002","KING.W2.20190619.PCN","A00000043154","2019-06-19T16:42Z","2019-06-19T16:42Z","EcoCore_CSU","TPN",0.1421,"milligram",1.3,,0,"formatChange","GOOD"
"9f120ec5-ed8c-4e55-9a8c-8bafdabf1d16","D06","KING","KING.AOS.groundwater.well.002","KING.W2.20190619.FIL","A00000043152","2019-06-19T16:42Z","2019-06-19T16:42Z","EcoCore_CSU","Na",4.5820,"milligramsPerLiter",1.3,,0,"formatChange","GOOD"
"af09168e-fb80-4d9d-bb55-192382e094a7","D06","KING","KING.AOS.groundwater.well.008","KING.W8.20190619.FIL","A00000043149","2019-06-19T17:48Z","2019-06-19T17:48Z","EcoCore_CSU","CO3",0.0050,"milligramsPerLiter",1.3,,0,"formatChange","GOOD"
"986e4d59-ddc2-4d20-8278-e945a205264e","D06","KING","KING.AOS.groundwater.well.008","KING.W8.20190619.RAW","A00000043148","2019-06-19T17:48Z","2019-06-19T17:48Z","EcoCore_CSU","TOC",0.9560,"milligramsPerLiter",1.3,,0,"formatChange","GOOD"
"db921055-5086-4761-9e1f-0917ff573756","D06","KING","KING.AOS.groundwater.well.008","KING.W8.20190619.RAW","A00000043148","2019-06-19T17:48Z","2019-06-19T17:48Z","EcoCore_CSU","TSS - Dry Mass",500.0000,"microgram",1.3,,0,"formatChange","GOOD"
"f676ddf6-92b9-4ff0-90fe-3479c3ec7bf2","D06","KING","KING.AOS.groundwater.well.008","KING.W8.20190619.FIL","A00000043149","2019-06-19T17:48Z","2019-06-19T17:48Z","EcoCore_CSU","NO3+NO2 - N",0.0864,"milligramsPerLiter",1.3,,0,"formatChange","GOOD"
"a21ebc80-2c56-4990-bcb3-80e4afbabb90","D06","KING","KING.AOS.groundwater.well.008","KING.W8.20190619.FIL","A00000043149","2019-06-19T17:48Z","2019-06-19T17:48Z","EcoCore_CSU","NH4 - N",0.0278,"milligramsPerLiter",1.3,,0,"formatChange","GOOD"
"67b57200-250a-4de8-afea-61c344b94433","D06","KING","KING.AOS.groundwater.well.008","KING.W8.20190619.FIL","A00000043149","2019-06-19T17:48Z","2019-06-19T17:48Z","EcoCore_CSU","Si",7.1367,"milligramsPerLiter",1.3,,0,"formatChange","GOOD"
"0a7a3772-6e08-4010-8f5a-df6d4cef56c4","D06","KING","KING.AOS.groundwater.well.008","KING.W8.20190619.FIL","A00000043149","2019-06-19T17:48Z","2019-06-19T17:48Z","EcoCore_CSU","TDP",0.0390,"milligramsPerLiter",1.3,,0,"formatChange","GOOD"
"a3b60fe9-df73-4018-b4b6-93705b60f1ab","D06","KING","KING.AOS.groundwater.well.008","KING.W8.20190619.FIL","A00000043149","2019-06-19T17:48Z","2019-06-19T17:48Z","EcoCore_CSU","K",0.9740,"milligramsPerLiter",1.3,,0,"formatChange","GOOD"
"f087ab9f-4afb-455d-9b60-c060fa5a0777","D06","KING","KING.AOS.groundwater.well.008","KING.W8.20190619.FIL","A00000043149","2019-06-19T17:48Z","2019-06-19T17:48Z","EcoCore_CSU","DIC",91.5400,"milligramsPerLiter",1.3,,0,"formatChange","GOOD"
"3e05948d-8138-4576-b8dd-636589776b01","D06","KING","KING.AOS.groundwater.well.008","KING.W8.20190619.FIL","A00000043149","2019-06-19T17:48Z","2019-06-19T17:48Z","EcoCore_CSU","Ca",116.0260,"milligramsPerLiter",1.3,,0,"formatChange","GOOD"
"9a43773f-4367-4ca9-90d6-fa026f8bb122","D06","KING","KING.AOS.groundwater.well.008","KING.W8.20190619.RAW","A00000043148","2019-06-19T17:48Z","2019-06-19T17:48Z","EcoCore_CSU","pH",7.0500,"pH",1.3,,0,"formatChange","GOOD"
"88d0491a-e6af-4e6c-bf5f-7b976d648066","D06","KING","KING.AOS.groundwater.well.008","KING.W8.20190619.FIL","A00000043149","2019-06-19T17:48Z","2019-06-19T17:48Z","EcoCore_CSU","UV Absorbance (280 nm)",0.0102,,1.3,,0,"formatChange","GOOD"
"92e785bc-7146-4a50-a941-d71ba44cb4ba","D06","KING","KING.AOS.groundwater.well.008","KING.W8.20190619.RAW","A00000043148","2019-06-19T17:48Z","2019-06-19T17:48Z","EcoCore_CSU","TP",0.1418,"milligramsPerLiter",1.3,,0,"formatChange","GOOD"
"d99b7c01-35ee-4460-9409-6357c17d3a01","D06","KING","KING.AOS.groundwater.well.008","KING.W8.20190619.FIL","A00000043149","2019-06-19T17:48Z","2019-06-19T17:48Z","EcoCore_CSU","Mn",0.0040,"milligramsPerLiter",1.3,,0,"formatChange","GOOD"
"5982c52f-9891-433b-b486-170fe88d36dc","D06","KING","KING.AOS.groundwater.well.008","KING.W8.20190619.PCN","A00000043150","2019-06-19T17:48Z","2019-06-19T17:48Z","EcoCore_CSU","TPC",0.5487,"milligram",1.3,,0,"formatChange","GOOD"
"41269229-0b76-4714-907d-5f281ce64821","D06","KING","KING.AOS.groundwater.well.008","KING.W8.20190619.FIL","A00000043149","2019-06-19T17:48Z","2019-06-19T17:48Z","EcoCore_CSU","Ortho - P",0.0310,"milligramsPerLiter",1.3,,0,"formatChange","GOOD"
"6fd7b22b-20e3-42cd-9ab6-3ded6d46ab3f","D06","KING","KING.AOS.groundwater.well.008","KING.W8.20190619.FIL","A00000043149","2019-06-19T17:48Z","2019-06-19T17:48Z","EcoCore_CSU","Fe",0.0083,"milligramsPerLiter",1.3,,0,"formatChange","GOOD"
"72f25564-6784-4070-a698-948b685e3cce","D06","KING","KING.AOS.groundwater.well.008","KING.W8.20190619.RAW","A00000043148","2019-06-19T17:48Z","2019-06-19T17:48Z","EcoCore_CSU","conductivity",804.1100,"microsiemensPerCentimeter",1.3,,0,"formatChange","GOOD"
"815fd853-4945-4ec4-862f-d6371f662c3b","D06","KING","KING.AOS.groundwater.well.008","KING.W8.20190619.PCN","A00000043150","2019-06-19T17:48Z","2019-06-19T17:48Z","EcoCore_CSU","TPN",0.1410,"milligram",1.3,,0,"formatChange","GOOD"
"3968c644-b994-4d86-a365-6d83abd89c0e","D06","KING","KING.AOS.groundwater.well.008","KING.W8.20190619.RAW","A00000043148","2019-06-19T17:48Z","2019-06-19T17:48Z","EcoCore_CSU","TN",0.1218,"milligramsPerLiter",1.3,,0,"formatChange","GOOD"
"5dd590e9-fa5c-4ed8-8630-b45232cd334b","D06","KING","KING.AOS.groundwater.well.008","KING.W8.20190619.FIL","A00000043149","2019-06-19T17:48Z","2019-06-19T17:48Z","EcoCore_CSU","Mg",23.7000,"milligramsPerLiter",1.3,,0,"formatChange","GOOD"
"b6717bb2-4fb9-4fef-af65-ba90d0e8f497","D06","KING","KING.AOS.groundwater.well.008","KING.W8.20190619.RAW","A00000043148","2019-06-19T17:48Z","2019-06-19T17:48Z","EcoCore_CSU","TSS",10.0000,"milligramsPerLiter",1.3,,0,"formatChange","GOOD"
"35c4c9a7-90ac-424a-80a0-ec548d63bbe5","D06","KING","KING.AOS.groundwater.well.008","KING.W8.20190619.FIL","A00000043149","2019-06-19T17:48Z","2019-06-19T17:48Z","EcoCore_CSU","HCO3",452.6900,"milligramsPerLiter",1.3,,0,"formatChange","GOOD"
"e05af883-23bf-4ca8-83dd-c3b6d0a231b5","D06","KING","KING.AOS.groundwater.well.008","KING.W8.20190619.FIL","A00000043149","2019-06-19T17:48Z","2019-06-19T17:48Z","EcoCore_CSU","NO2 - N",-0.0039,"milligramsPerLiter",1.3,,0,"formatChange","GOOD"
"39658df7-11a3-4a71-aa59-a9167b0b930b","D06","KING","KING.AOS.groundwater.well.008","KING.W8.20190619.FIL","A00000043149","2019-06-19T17:48Z","2019-06-19T17:48Z","EcoCore_CSU","TDN",0.0993,"milligramsPerLiter",1.3,,0,"formatChange","GOOD"
"4d2f9ec2-6666-4c5a-b971-bb66c056d1f4","D06","KING","KING.AOS.groundwater.well.008","KING.W8.20190619.FIL","A00000043149","2019-06-19T17:48Z","2019-06-19T17:48Z","EcoCore_CSU","Na",5.2870,"milligramsPerLiter",1.3,,0,"formatChange","GOOD"
"c03a4827-196e-4425-9d9d-17fada742bb2","D06","KING","KING.AOS.groundwater.well.008","KING.W8.20190619.FIL","A00000043149","2019-06-19T17:48Z","2019-06-19T17:48Z","EcoCore_CSU","Br",0.0050,"milligramsPerLiter",1.3,,0,"formatChange","GOOD"
"9c59f981-da95-40fe-8822-0c7a3e9b8029","D06","KING","KING.AOS.groundwater.well.008","KING.W8.20190619.FIL","A00000043149","2019-06-19T17:48Z","2019-06-19T17:48Z","EcoCore_CSU","F",1.5677,"milligramsPerLiter",1.3,,0,"formatChange","GOOD"
"78c071c1-04d9-48df-aefb-6f96c0da0e09","D06","KING","KING.AOS.groundwater.well.008","KING.W8.20190619.FIL","A00000043149","2019-06-19T17:48Z","2019-06-19T17:48Z","EcoCore_CSU","DOC",0.8513,"milligramsPerLiter",1.3,,0,"formatChange","GOOD"
"c9eb91d7-db91-46ce-a7f6-1a2ad5ff7138","D06","KING","KING.AOS.groundwater.well.008","KING.W8.20190619.FIL","A00000043149","2019-06-19T17:48Z","2019-06-19T17:48Z","EcoCore_CSU","SO4",27.2370,"milligramsPerLiter",1.3,,0,"formatChange","GOOD"
"5d2887cc-3f2c-4745-80b5-d511e56b80f3","D06","KING","KING.AOS.groundwater.well.008","KING.W8.20190619.FIL","A00000043149","2019-06-19T17:48Z","2019-06-19T17:48Z","EcoCore_CSU","Cl",2.2141,"milligramsPerLiter",1.3,,0,"formatChange","GOOD"
"bc60c585-6300-4d94-8ca5-ac461926bf67","D06","KING","KING.AOS.groundwater.well.008","KING.W8.20190619.FIL","A00000043149","2019-06-19T17:48Z","2019-06-19T17:48Z","EcoCore_CSU","TDS",564.9200,"milligramsPerLiter",1.3,,0,"formatChange","GOOD"
"3c31a372-5bf3-40e1-8ad5-cbe6f251184e","D06","KING","KING.AOS.groundwater.well.008","KING.W8.20190619.RAW","A00000043148","2019-06-19T17:48Z","2019-06-19T17:48Z","EcoCore_CSU","ANC",7.7300,"milliequivalentsPerLiter",1.3,,0,"formatChange","GOOD"
"b788b00e-4d01-42a6-be6a-acea7a2fcb8e","D06","KING","KING.AOS.groundwater.well.008","KING.W8.20190619.FIL","A00000043149","2019-06-19T17:48Z","2019-06-19T17:48Z","EcoCore_CSU","UV Absorbance (250 nm)",0.0128,,1.3,,0,"formatChange","GOOD"
