uid,domainID,siteID,namedLocation,collectDate,titrationDate,parentSampleID,domainSampleID,remarks,measuredBy,alkMeqPerL,alkMgPerL,ancMeqPerL,ancMgPerL
"02f1834f-95c0-4171-ac83-426e2c5759be","D06","KING","KING.AOS.groundwater.well.004","2019-06-19T14:10Z","2019-06-19T21:12Z","KING.W4.20190619","KING.W4.20190619.ALK",,"ariddle",6.890,345.000,,
"ec4bf276-f313-45ca-bcc5-f8b936d8a784","D06","KING","KING.AOS.groundwater.well.001","2019-06-19T15:11Z","2019-06-19T20:35Z","KING.W1.20190619","KING.W1.20190619.ALK",,"ariddle",5.570,279.000,,
"6c4475e8-e908-4ae1-b37f-8dedc74d1e41","D06","KING","KING.AOS.groundwater.well.002","2019-06-19T16:42Z","2019-06-19T22:00Z","KING.W2.20190619","KING.W2.20190619.ALK",,"egawanda",6.720,336.000,,
"680ee790-ddea-41d5-bf4f-f417345e078f","D06","KING","KING.AOS.groundwater.well.008","2019-06-19T17:48Z","2019-06-19T22:15Z","KING.W8.20190619","KING.W8.20190619.ALK",,"egawanda",6.720,336.000,,
