uid,domainID,siteID,namedLocation,decimalLatitude,decimalLongitude,coordinateUncertainty,elevation,elevationUncertainty,geodeticDatum,collectDate,aquaticSiteType,samplingImpractical,waterChemSamplesCollected,adequateSampleVol,parentSampleID,eventID,swcSamplingProtocolVersion,sampleExtractionMethod,samplerType,totalWellDepth,wellWaterDepth,waterColumnHeight,sampleDepth,purgeAverageDischargeRate,purgeTime,gwWellStabilized,purgeDryDateTime,pumpPlacementDate,screenedIntervalDepth,maxAllowableDrawdown,actualDrawdown,MADExceeded,wellVolumePurged,probeIDUnavailable,dissolvedOxygen,dissolvedOxygenSaturation,specificConductance,waterTemp,pH,waterClarityDescrip,waterColorDescrip,aCollectedBy,bCollectedBy,remarks
"11ffa7d6-4f6f-43d7-92d4-3821b8398ade","D16","MART","MART.AOS.groundwater.well.006",45.792141,-121.929491,0.1,339.7,0.1,"WGS84","2020-02-18T17:50Z","stream",,"Y","Y","MART.W6.20200218","MART.20200218","NEON.DOC.002905vG","bailer tube","Groundwater Bailer Tube",2.6,2.1,0.5,,,,,,,,,,,3.0,,6.50,50.20,48.50,3.80,6.86,"cloudy","brown","0000-0002-2568-9700","0000-0001-8510-4041",
"871a10d6-d67c-48e8-a8b2-abdc09492ff4","D16","MART","MART.AOS.groundwater.well.005",45.792499,-121.929849,0.1,340.5,0.1,"WGS84","2020-02-18T18:22Z","stream",,"Y","Y","MART.W5.20200218","MART.20200218","NEON.DOC.002905vG","bailer tube","Groundwater Bailer Tube",2.5,2.3,0.3,,,,,,,,,,,2.0,,9.75,75.20,28.50,3.90,6.23,"cloudy","brown","0000-0002-2568-9700","0000-0001-8510-4041",
"ba0e3528-6600-4487-859b-79e64ff3c1c6","D16","MART","MART.AOS.groundwater.well.002",45.791044,-121.933737,0.1,350.4,0.1,"WGS84","2020-02-18T18:59Z","stream",,"Y","Y","MART.W2.20200218","MART.20200218","NEON.DOC.002905vG","bailer tube","Groundwater Bailer Tube",2.5,1.9,0.6,,,,,,,,,,,5.0,,6.95,56.10,44.00,5.60,6.63,"cloudy","brown","0000-0002-2568-9700","0000-0001-8510-4041",
"73e5ef4d-10e9-4a6e-9682-1f67c4a990f0","D16","MART","MART.AOS.groundwater.well.001",45.790810,-121.933269,0.1,350.1,0.1,"WGS84","2020-02-18T19:24Z","stream",,"Y","Y","MART.W1.20200218","MART.20200218","NEON.DOC.002905vG","bailer tube","Groundwater Bailer Tube",2.6,2.2,0.4,,,,,,,,,,,3.0,,9.77,78.30,32.70,5.20,7.18,"cloudy","brown","0000-0002-2568-9700","0000-0001-8510-4041",
