uid,domainID,siteID,namedLocation,collectDate,parentSampleID,sampleCondition,sampleID,replicateNumber,gwwDICBubbleFree,gwwFiltSampleHeadspace,gwwAlkSampleHeadspace,gwwAlkSampleBubbleFree,processedDate,processedDateFilters,sampleVolumeFiltered,shipmentTimeRange
"af9d53a4-6bc5-4760-bba9-f0ef61122300","D16","MART","MART.AOS.groundwater.well.006","2020-02-18T17:50Z","MART.W6.20200218","Sample condition ok","MART.W6.20200218",1,,,,,"2020-02-18T17:50Z","2020-02-18T22:14Z",10.0,
"ec13c88f-edfb-4330-8e54-ea183d1d0caa","D16","MART","MART.AOS.groundwater.well.005","2020-02-18T18:22Z","MART.W5.20200218","Sample condition ok","MART.W5.20200218",1,,,,,"2020-02-18T18:22Z","2020-02-18T22:11Z",10.0,
"634c6a70-9bd9-4856-a73c-eb620f95458c","D16","MART","MART.AOS.groundwater.well.002","2020-02-18T18:59Z","MART.W2.20200218","Sample condition ok","MART.W2.20200218",1,,,,,"2020-02-18T18:59Z",,10.0,
"c30eeaf3-b4b8-4195-9a62-e82ab4f4eef7","D16","MART","MART.AOS.groundwater.well.001","2020-02-18T19:24Z","MART.W1.20200218","Sample condition ok","MART.W1.20200218",1,,,,,"2020-02-18T19:24Z","2020-02-18T22:02Z",10.0,
