uid,domainID,siteID,namedLocation,sampleID,sampleCode,startDate,collectDate,laboratoryName,analyte,analyteConcentration,analyteUnits,coolerTemp,remarks,shipmentWarmQF,externalLabDataQF,sampleCondition
"68722523-25f4-44c3-9bc9-4853ca19b853","D16","MART","MART.AOS.groundwater.well.006","MART.W6.20200218.FIL","A00000109490","2020-02-18T17:50Z","2020-02-18T17:50Z","EcoCore_CSU","DIC",7.6780,"milligramsPerLiter",4.0,,0,,"OK"
"3105dfd5-359e-442f-9c96-ba0dd58b72ca","D16","MART","MART.AOS.groundwater.well.006","MART.W6.20200218.FIL","A00000109490","2020-02-18T17:50Z","2020-02-18T17:50Z","EcoCore_CSU","DOC",2.3360,"milligramsPerLiter",4.0,,0,,"OK"
"95d8aa94-7b6c-4947-aa5d-43375c53e56d","D16","MART","MART.AOS.groundwater.well.006","MART.W6.20200218.FIL","A00000109490","2020-02-18T17:50Z","2020-02-18T17:50Z","EcoCore_CSU","TDN",0.1298,"milligramsPerLiter",4.0,,0,,"OK"
"dd953713-d215-4f2f-8647-7a2c52e59f83","D16","MART","MART.AOS.groundwater.well.005","MART.W5.20200218.FIL","A00000109492","2020-02-18T18:22Z","2020-02-18T18:22Z","EcoCore_CSU","DIC",5.4760,"milligramsPerLiter",4.0,,0,,"OK"
"217a910a-aa4b-4091-b1df-634f547b17b9","D16","MART","MART.AOS.groundwater.well.005","MART.W5.20200218.FIL","A00000109492","2020-02-18T18:22Z","2020-02-18T18:22Z","EcoCore_CSU","TDN",0.0096,"milligramsPerLiter",4.0,,0,,"OK"
"8810e8af-72f7-4afa-947f-06a604f4d9df","D16","MART","MART.AOS.groundwater.well.005","MART.W5.20200218.FIL","A00000109492","2020-02-18T18:22Z","2020-02-18T18:22Z","EcoCore_CSU","DOC",1.7230,"milligramsPerLiter",4.0,,0,,"OK"
"95e5520a-467d-4ef2-b46c-1560bddf50c9","D16","MART","MART.AOS.groundwater.well.002","MART.W2.20200218.FIL","A00000109495","2020-02-18T18:59Z","2020-02-18T18:59Z","EcoCore_CSU","DOC",1.7100,"milligramsPerLiter",4.0,,0,,"OK"
"9b168502-4f9e-4457-99e7-297751e6ae90","D16","MART","MART.AOS.groundwater.well.002","MART.W2.20200218.FIL","A00000109495","2020-02-18T18:59Z","2020-02-18T18:59Z","EcoCore_CSU","TDN",0.0064,"milligramsPerLiter",4.0,,0,,"OK"
"af7f1d4b-dcdb-41f2-9903-889f1371bdf1","D16","MART","MART.AOS.groundwater.well.002","MART.W2.20200218.FIL","A00000109495","2020-02-18T18:59Z","2020-02-18T18:59Z","EcoCore_CSU","DIC",7.6460,"milligramsPerLiter",4.0,,0,,"OK"
"16d3d172-772b-40a8-87fb-20da8540ba80","D16","MART","MART.AOS.groundwater.well.001","MART.W1.20200218.FIL","A00000109478","2020-02-18T19:24Z","2020-02-18T19:24Z","EcoCore_CSU","DIC",4.4990,"milligramsPerLiter",4.0,,0,,"OK"
"8d26b18e-4e32-49a2-aeb6-176f711ab97e","D16","MART","MART.AOS.groundwater.well.001","MART.W1.20200218.FIL","A00000109478","2020-02-18T19:24Z","2020-02-18T19:24Z","EcoCore_CSU","DOC",1.3880,"milligramsPerLiter",4.0,,0,,"OK"
"4a76e878-3105-4f22-b09a-77725244df7e","D16","MART","MART.AOS.groundwater.well.001","MART.W1.20200218.FIL","A00000109478","2020-02-18T19:24Z","2020-02-18T19:24Z","EcoCore_CSU","TDN",-0.0247,"milligramsPerLiter",4.0,,0,,"OK"
