uid,domainID,siteID,namedLocation,collectDate,titrationDate,parentSampleID,domainSampleID,remarks,measuredBy,alkMeqPerL,alkMgPerL,ancMeqPerL,ancMgPerL
"20800fd6-0477-4562-a5f4-4b1090da2317","D02","POSE","POSE.AOS.groundwater.well.001","2018-09-17T13:49Z","2018-09-17T18:34Z","POSE.W1.20180917","POSE.W1.20180917.ALK",,"kgeiger@battelleecolgy.org",1.210,60.400,,
"2298854c-6b49-4bf7-9538-4216dcee655c","D02","POSE","POSE.AOS.groundwater.well.003","2018-09-17T14:28Z","2018-09-17T18:53Z","POSE.W3.20180917","POSE.W3.20180917.ALK",,"kgeiger@battelleecolgy.org",0.520,26.100,,
"baad8219-71e1-490e-bc6d-08ffdb727009","D02","POSE","POSE.AOS.groundwater.well.006","2018-09-17T15:20Z","2018-09-17T19:13Z","POSE.W6.20180917","POSE.W6.20180917.ALK",,"kgeiger@battelleecolgy.org",1.150,57.300,,
"dfc22d53-ce86-4ecc-93f6-01584f8097b1","D02","POSE","POSE.AOS.groundwater.well.008","2018-09-17T16:42Z","2018-09-18T14:54Z","POSE.W8.20180917","POSE.W8.20180917.ALK",,"kgeiger@battelleecolgy.org",1.180,59.100,,
