uid,domainID,siteID,namedLocation,sampleID,sampleCode,startDate,collectDate,laboratoryName,analyte,analyteConcentration,analyteUnits,coolerTemp,remarks,shipmentWarmQF,externalLabDataQF,sampleCondition
"3c6ecca0-88c4-413f-b0ce-6c42c07c248e","D02","POSE","POSE.AOS.groundwater.well.001","POSE.W1.20180917.PCN","A00000035567","2018-09-17T13:49Z","2018-09-17T13:49Z","EcoCore_CSU","TPC",0.2617,"milligram",4.5,,0,"formatChange","GOOD"
"e1a4a87d-cda5-4cd2-ae4b-24a7b2fab6d8","D02","POSE","POSE.AOS.groundwater.well.001","POSE.W1.20180917.FIL","A00000035468","2018-09-17T13:49Z","2018-09-17T13:49Z","EcoCore_CSU","TDS",92.7900,"milligramsPerLiter",4.5,,0,"formatChange","GOOD"
"5c79be8f-b039-4163-84a8-f7a237185b42","D02","POSE","POSE.AOS.groundwater.well.001","POSE.W1.20180917.FIL","A00000035468","2018-09-17T13:49Z","2018-09-17T13:49Z","EcoCore_CSU","DIC",16.4000,"milligramsPerLiter",4.5,,0,"formatChange","GOOD"
"be010b42-48bf-417e-8786-9d4d829f81d7","D02","POSE","POSE.AOS.groundwater.well.001","POSE.W1.20180917.FIL","A00000035468","2018-09-17T13:49Z","2018-09-17T13:49Z","EcoCore_CSU","UV Absorbance (250 nm)",0.0172,,4.5,,0,"formatChange","GOOD"
"121f1b5d-155c-4336-903c-39e505364ba0","D02","POSE","POSE.AOS.groundwater.well.001","POSE.W1.20180917.RAW","A00000035473","2018-09-17T13:49Z","2018-09-17T13:49Z","EcoCore_CSU","TP",0.0030,"milligramsPerLiter",4.5,,0,"formatChange","GOOD"
"d87014f6-7803-48ae-a941-33b82b452288","D02","POSE","POSE.AOS.groundwater.well.001","POSE.W1.20180917.RAW","A00000035473","2018-09-17T13:49Z","2018-09-17T13:49Z","EcoCore_CSU","TN",0.1066,"milligramsPerLiter",4.5,,0,"formatChange","GOOD"
"570d09e8-8d79-4b1c-8804-32bbbd21d0ac","D02","POSE","POSE.AOS.groundwater.well.001","POSE.W1.20180917.FIL","A00000035468","2018-09-17T13:49Z","2018-09-17T13:49Z","EcoCore_CSU","Mn",1.6290,"milligramsPerLiter",4.5,,0,"formatChange","GOOD"
"bf7e1032-1035-459e-9bb1-abc7e9293ec6","D02","POSE","POSE.AOS.groundwater.well.001","POSE.W1.20180917.RAW","A00000035473","2018-09-17T13:49Z","2018-09-17T13:49Z","EcoCore_CSU","TSS - Dry Mass",7500.0000,"microgram",4.5,,0,"formatChange","GOOD"
"0d5167d3-35ff-4501-942a-5acc5ca5cfa1","D02","POSE","POSE.AOS.groundwater.well.001","POSE.W1.20180917.FIL","A00000035468","2018-09-17T13:49Z","2018-09-17T13:49Z","EcoCore_CSU","NO2 - N",0.0226,"milligramsPerLiter",4.5,,0,"formatChange","GOOD"
"5269a5a6-a2a3-42f6-85b3-f901f5f5d151","D02","POSE","POSE.AOS.groundwater.well.001","POSE.W1.20180917.FIL","A00000035468","2018-09-17T13:49Z","2018-09-17T13:49Z","EcoCore_CSU","F",0.0050,"milligramsPerLiter",4.5,,0,"formatChange","GOOD"
"214abd7a-6f75-4ab7-8a2b-55fb04b0ee6b","D02","POSE","POSE.AOS.groundwater.well.001","POSE.W1.20180917.FIL","A00000035468","2018-09-17T13:49Z","2018-09-17T13:49Z","EcoCore_CSU","Br",0.0050,"milligramsPerLiter",4.5,,0,"formatChange","GOOD"
"8f7ea851-5ecd-44cb-ab0e-f44535e97a49","D02","POSE","POSE.AOS.groundwater.well.001","POSE.W1.20180917.FIL","A00000035468","2018-09-17T13:49Z","2018-09-17T13:49Z","EcoCore_CSU","Ortho - P",0.0760,"milligramsPerLiter",4.5,,0,"formatChange","GOOD"
"5065da8b-18c8-4390-93dd-49c3ef964266","D02","POSE","POSE.AOS.groundwater.well.001","POSE.W1.20180917.RAW","A00000035473","2018-09-17T13:49Z","2018-09-17T13:49Z","EcoCore_CSU","conductivity",133.6400,"microsiemensPerCentimeter",4.5,,0,"formatChange","GOOD"
"3453eb33-fb17-4012-a44c-901699f4b762","D02","POSE","POSE.AOS.groundwater.well.001","POSE.W1.20180917.FIL","A00000035468","2018-09-17T13:49Z","2018-09-17T13:49Z","EcoCore_CSU","UV Absorbance (280 nm)",0.0146,,4.5,,0,"formatChange","GOOD"
"2f8ab332-5457-4e28-ac21-3a56e97765de","D02","POSE","POSE.AOS.groundwater.well.001","POSE.W1.20180917.FIL","A00000035468","2018-09-17T13:49Z","2018-09-17T13:49Z","EcoCore_CSU","NO3+NO2 - N",0.0459,"milligramsPerLiter",4.5,,0,"formatChange","GOOD"
"d1503c3e-71e9-42b4-9b42-1a658f5f048a","D02","POSE","POSE.AOS.groundwater.well.001","POSE.W1.20180917.PCN","A00000035567","2018-09-17T13:49Z","2018-09-17T13:49Z","EcoCore_CSU","TPN",0.0834,"milligram",4.5,,0,"formatChange","GOOD"
"14dd6a73-b335-439e-861d-06bf3f343740","D02","POSE","POSE.AOS.groundwater.well.001","POSE.W1.20180917.RAW","A00000035473","2018-09-17T13:49Z","2018-09-17T13:49Z","EcoCore_CSU","TSS",150.0000,"milligramsPerLiter",4.5,,0,"formatChange","GOOD"
"51ee2174-8d9b-4112-a677-6ecef2ab014d","D02","POSE","POSE.AOS.groundwater.well.001","POSE.W1.20180917.FIL","A00000035468","2018-09-17T13:49Z","2018-09-17T13:49Z","EcoCore_CSU","CO3",0.0050,"milligramsPerLiter",4.5,,0,"formatChange","GOOD"
"5d928171-eaf0-4d4a-83b9-027d5c7d0493","D02","POSE","POSE.AOS.groundwater.well.001","POSE.W1.20180917.FIL","A00000035468","2018-09-17T13:49Z","2018-09-17T13:49Z","EcoCore_CSU","Na",4.8220,"milligramsPerLiter",4.5,,0,"formatChange","GOOD"
"41176a7a-1d1a-4f02-9da3-4badf2e9b0d3","D02","POSE","POSE.AOS.groundwater.well.001","POSE.W1.20180917.FIL","A00000035468","2018-09-17T13:49Z","2018-09-17T13:49Z","EcoCore_CSU","K",0.1630,"milligramsPerLiter",4.5,,0,"formatChange","GOOD"
"d2b20d8e-20c4-4a43-8036-8633b4a132e6","D02","POSE","POSE.AOS.groundwater.well.001","POSE.W1.20180917.FIL","A00000035468","2018-09-17T13:49Z","2018-09-17T13:49Z","EcoCore_CSU","HCO3",71.5600,"milligramsPerLiter",4.5,,0,"formatChange","GOOD"
"5099b030-be10-4cfb-a17e-a7bc27ffb367","D02","POSE","POSE.AOS.groundwater.well.001","POSE.W1.20180917.FIL","A00000035468","2018-09-17T13:49Z","2018-09-17T13:49Z","EcoCore_CSU","Cl",3.2200,"milligramsPerLiter",4.5,,0,"formatChange","GOOD"
"737d4930-a0db-4d88-b0f5-110e50697452","D02","POSE","POSE.AOS.groundwater.well.001","POSE.W1.20180917.FIL","A00000035468","2018-09-17T13:49Z","2018-09-17T13:49Z","EcoCore_CSU","Si",13.1568,"milligramsPerLiter",4.5,,0,"formatChange","GOOD"
"8ff402d8-cfcb-421d-bf58-1d55908d327b","D02","POSE","POSE.AOS.groundwater.well.001","POSE.W1.20180917.FIL","A00000035468","2018-09-17T13:49Z","2018-09-17T13:49Z","EcoCore_CSU","SO4",1.8900,"milligramsPerLiter",4.5,,0,"formatChange","GOOD"
"e9dbd30e-7ead-4836-aea5-9eccee7b91da","D02","POSE","POSE.AOS.groundwater.well.001","POSE.W1.20180917.FIL","A00000035468","2018-09-17T13:49Z","2018-09-17T13:49Z","EcoCore_CSU","TDN",0.2038,"milligramsPerLiter",4.5,,0,"formatChange","GOOD"
"f4cbbbba-5f86-40bb-9b7c-084a996f96d2","D02","POSE","POSE.AOS.groundwater.well.001","POSE.W1.20180917.FIL","A00000035468","2018-09-17T13:49Z","2018-09-17T13:49Z","EcoCore_CSU","Mg",6.1160,"milligramsPerLiter",4.5,,0,"formatChange","GOOD"
"c2084a34-4c4f-4fef-ab80-4023d7da80d5","D02","POSE","POSE.AOS.groundwater.well.001","POSE.W1.20180917.FIL","A00000035468","2018-09-17T13:49Z","2018-09-17T13:49Z","EcoCore_CSU","Fe",0.0815,"milligramsPerLiter",4.5,,0,"formatChange","GOOD"
"85806e59-1804-405c-bb2e-558e638dde68","D02","POSE","POSE.AOS.groundwater.well.001","POSE.W1.20180917.RAW","A00000035473","2018-09-17T13:49Z","2018-09-17T13:49Z","EcoCore_CSU","TOC",0.6601,"milligramsPerLiter",4.5,,0,"formatChange","GOOD"
"e269d9ba-0c5f-408e-966a-28ff837fa495","D02","POSE","POSE.AOS.groundwater.well.001","POSE.W1.20180917.FIL","A00000035468","2018-09-17T13:49Z","2018-09-17T13:49Z","EcoCore_CSU","Ca",12.0216,"milligramsPerLiter",4.5,,0,"formatChange","GOOD"
"c4f46b92-3544-4151-a6a3-ef800f1f5630","D02","POSE","POSE.AOS.groundwater.well.001","POSE.W1.20180917.FIL","A00000035468","2018-09-17T13:49Z","2018-09-17T13:49Z","EcoCore_CSU","DOC",0.9341,"milligramsPerLiter",4.5,,0,"formatChange","GOOD"
"f3ce40a0-84fb-4a09-92bd-786cd2a639a2","D02","POSE","POSE.AOS.groundwater.well.001","POSE.W1.20180917.FIL","A00000035468","2018-09-17T13:49Z","2018-09-17T13:49Z","EcoCore_CSU","TDP",0.0005,"milligramsPerLiter",4.5,,0,"formatChange","GOOD"
"1ad1d770-1344-41dc-a110-a1405ef98486","D02","POSE","POSE.AOS.groundwater.well.001","POSE.W1.20180917.RAW","A00000035473","2018-09-17T13:49Z","2018-09-17T13:49Z","EcoCore_CSU","pH",6.7400,"pH",4.5,,0,"formatChange","GOOD"
"dd5bad22-da41-425b-88ee-51274c9345ae","D02","POSE","POSE.AOS.groundwater.well.001","POSE.W1.20180917.FIL","A00000035468","2018-09-17T13:49Z","2018-09-17T13:49Z","EcoCore_CSU","NH4 - N",0.0656,"milligramsPerLiter",4.5,,0,"formatChange","GOOD"
"86ea47f0-a8a9-4e6f-b8b6-de4efc6ea18f","D02","POSE","POSE.AOS.groundwater.well.001","POSE.W1.20180917.RAW","A00000035473","2018-09-17T13:49Z","2018-09-17T13:49Z","EcoCore_CSU","ANC",1.2500,"milliequivalentsPerLiter",4.5,,0,"formatChange","GOOD"
"8a4d667c-71bd-440d-96ca-aefda796a6a6","D02","POSE","POSE.AOS.groundwater.well.003","POSE.W3.20180917.FIL","A00000035469","2018-09-17T14:28Z","2018-09-17T14:28Z","EcoCore_CSU","NH4 - N",0.0285,"milligramsPerLiter",4.5,,0,"formatChange","GOOD"
"d8a0aecf-c9c9-4d94-9125-c412e47c9737","D02","POSE","POSE.AOS.groundwater.well.003","POSE.W3.20180917.RAW","A00000035472","2018-09-17T14:28Z","2018-09-17T14:28Z","EcoCore_CSU","TN",0.2267,"milligramsPerLiter",4.5,,0,"formatChange","GOOD"
"bbdba7e6-dde7-424b-b205-b62db4c5f308","D02","POSE","POSE.AOS.groundwater.well.003","POSE.W3.20180917.PCN","A00000035568","2018-09-17T14:28Z","2018-09-17T14:28Z","EcoCore_CSU","TPC",0.3851,"milligram",4.5,,0,"formatChange","GOOD"
"7b3c07a1-9b94-4492-b5d6-a6fc51f26240","D02","POSE","POSE.AOS.groundwater.well.003","POSE.W3.20180917.RAW","A00000035472","2018-09-17T14:28Z","2018-09-17T14:28Z","EcoCore_CSU","pH",6.3500,"pH",4.5,,0,"formatChange","GOOD"
"fe1b4bdb-5b3d-457d-ad9c-5ecaac524005","D02","POSE","POSE.AOS.groundwater.well.003","POSE.W3.20180917.FIL","A00000035469","2018-09-17T14:28Z","2018-09-17T14:28Z","EcoCore_CSU","DOC",1.2110,"milligramsPerLiter",4.5,,0,"formatChange","GOOD"
"2689a863-ea3d-41b2-8cda-d42a2ed52eba","D02","POSE","POSE.AOS.groundwater.well.003","POSE.W3.20180917.RAW","A00000035472","2018-09-17T14:28Z","2018-09-17T14:28Z","EcoCore_CSU","TP",0.0210,"milligramsPerLiter",4.5,,0,"formatChange","GOOD"
"54e1bdde-2a8c-4978-bada-f5043237b20c","D02","POSE","POSE.AOS.groundwater.well.003","POSE.W3.20180917.FIL","A00000035469","2018-09-17T14:28Z","2018-09-17T14:28Z","EcoCore_CSU","UV Absorbance (250 nm)",-0.0005,,4.5,,0,"formatChange","GOOD"
"3220a7e7-e0be-45ed-a61a-2a6abdd32d73","D02","POSE","POSE.AOS.groundwater.well.003","POSE.W3.20180917.FIL","A00000035469","2018-09-17T14:28Z","2018-09-17T14:28Z","EcoCore_CSU","HCO3",31.6200,"milligramsPerLiter",4.5,,0,"formatChange","GOOD"
"113d452a-2199-4ab6-90d6-b42e9e9352a7","D02","POSE","POSE.AOS.groundwater.well.003","POSE.W3.20180917.FIL","A00000035469","2018-09-17T14:28Z","2018-09-17T14:28Z","EcoCore_CSU","Ca",6.0673,"milligramsPerLiter",4.5,,0,"formatChange","GOOD"
"2643b3d5-2dfe-4186-84d7-8b331476f5e6","D02","POSE","POSE.AOS.groundwater.well.003","POSE.W3.20180917.RAW","A00000035472","2018-09-17T14:28Z","2018-09-17T14:28Z","EcoCore_CSU","TSS",154.0000,"milligramsPerLiter",4.5,,0,"formatChange","GOOD"
"5608ba29-0c4a-42ab-8f55-e23c4036a1e5","D02","POSE","POSE.AOS.groundwater.well.003","POSE.W3.20180917.FIL","A00000035469","2018-09-17T14:28Z","2018-09-17T14:28Z","EcoCore_CSU","UV Absorbance (280 nm)",-0.0027,,4.5,,0,"formatChange","GOOD"
"e8878ca6-6517-4e08-80ea-7223ef57fca8","D02","POSE","POSE.AOS.groundwater.well.003","POSE.W3.20180917.FIL","A00000035469","2018-09-17T14:28Z","2018-09-17T14:28Z","EcoCore_CSU","Br",0.0050,"milligramsPerLiter",4.5,,0,"formatChange","GOOD"
"59a399ec-6081-4177-9711-edc05d20fcec","D02","POSE","POSE.AOS.groundwater.well.003","POSE.W3.20180917.FIL","A00000035469","2018-09-17T14:28Z","2018-09-17T14:28Z","EcoCore_CSU","Mn",0.1360,"milligramsPerLiter",4.5,,0,"formatChange","GOOD"
"bc83c2da-9e87-4f30-ac2c-af6009a82529","D02","POSE","POSE.AOS.groundwater.well.003","POSE.W3.20180917.FIL","A00000035469","2018-09-17T14:28Z","2018-09-17T14:28Z","EcoCore_CSU","TDS",49.6100,"milligramsPerLiter",4.5,,0,"formatChange","GOOD"
"e954b695-23ef-44a6-bb67-c70dc4623dcf","D02","POSE","POSE.AOS.groundwater.well.003","POSE.W3.20180917.FIL","A00000035469","2018-09-17T14:28Z","2018-09-17T14:28Z","EcoCore_CSU","NO3+NO2 - N",0.1145,"milligramsPerLiter",4.5,,0,"formatChange","GOOD"
"7affcb7c-e2f0-4f2f-85ee-151c1e4325cb","D02","POSE","POSE.AOS.groundwater.well.003","POSE.W3.20180917.FIL","A00000035469","2018-09-17T14:28Z","2018-09-17T14:28Z","EcoCore_CSU","Ortho - P",0.0440,"milligramsPerLiter",4.5,,0,"formatChange","GOOD"
"458eccb7-591c-4f85-99e2-26a08d34cd02","D02","POSE","POSE.AOS.groundwater.well.003","POSE.W3.20180917.FIL","A00000035469","2018-09-17T14:28Z","2018-09-17T14:28Z","EcoCore_CSU","Cl",2.3000,"milligramsPerLiter",4.5,,0,"formatChange","GOOD"
"b02fc184-550d-403e-8fd0-5fd9a3a62dac","D02","POSE","POSE.AOS.groundwater.well.003","POSE.W3.20180917.FIL","A00000035469","2018-09-17T14:28Z","2018-09-17T14:28Z","EcoCore_CSU","Fe",0.0005,"milligramsPerLiter",4.5,,0,"formatChange","GOOD"
"235c708e-b307-4e64-b2a2-f76c71117c55","D02","POSE","POSE.AOS.groundwater.well.003","POSE.W3.20180917.RAW","A00000035472","2018-09-17T14:28Z","2018-09-17T14:28Z","EcoCore_CSU","TSS - Dry Mass",7700.0000,"microgram",4.5,,0,"formatChange","GOOD"
"743262b3-2730-467d-ba62-5e08b50f036d","D02","POSE","POSE.AOS.groundwater.well.003","POSE.W3.20180917.PCN","A00000035568","2018-09-17T14:28Z","2018-09-17T14:28Z","EcoCore_CSU","TPN",0.0367,"milligram",4.5,,0,"formatChange","GOOD"
"7a8e84c8-7d7f-47b7-8fd1-df85df24eb53","D02","POSE","POSE.AOS.groundwater.well.003","POSE.W3.20180917.RAW","A00000035472","2018-09-17T14:28Z","2018-09-17T14:28Z","EcoCore_CSU","ANC",0.5300,"milliequivalentsPerLiter",4.5,,0,"formatChange","GOOD"
"fa3bc72c-7a58-470c-be54-94eb5b75102a","D02","POSE","POSE.AOS.groundwater.well.003","POSE.W3.20180917.FIL","A00000035469","2018-09-17T14:28Z","2018-09-17T14:28Z","EcoCore_CSU","SO4",6.1530,"milligramsPerLiter",4.5,,0,"formatChange","GOOD"
"5a878487-a451-464b-a1e9-34e5081302e0","D02","POSE","POSE.AOS.groundwater.well.003","POSE.W3.20180917.RAW","A00000035472","2018-09-17T14:28Z","2018-09-17T14:28Z","EcoCore_CSU","TOC",1.0370,"milligramsPerLiter",4.5,,0,"formatChange","GOOD"
"862002ae-7a86-496e-b794-769da3d147bb","D02","POSE","POSE.AOS.groundwater.well.003","POSE.W3.20180917.FIL","A00000035469","2018-09-17T14:28Z","2018-09-17T14:28Z","EcoCore_CSU","F",0.0050,"milligramsPerLiter",4.5,,0,"formatChange","GOOD"
"655e3b91-3510-43ee-b619-00763052e76e","D02","POSE","POSE.AOS.groundwater.well.003","POSE.W3.20180917.FIL","A00000035469","2018-09-17T14:28Z","2018-09-17T14:28Z","EcoCore_CSU","TDP",0.0168,"milligramsPerLiter",4.5,,0,"formatChange","GOOD"
"03276712-225b-4748-95ab-c83bd4cb981b","D02","POSE","POSE.AOS.groundwater.well.003","POSE.W3.20180917.FIL","A00000035469","2018-09-17T14:28Z","2018-09-17T14:28Z","EcoCore_CSU","DIC",8.6710,"milligramsPerLiter",4.5,,0,"formatChange","GOOD"
"16984c65-28fa-41dc-9f83-ab4e81781598","D02","POSE","POSE.AOS.groundwater.well.003","POSE.W3.20180917.RAW","A00000035472","2018-09-17T14:28Z","2018-09-17T14:28Z","EcoCore_CSU","conductivity",71.4600,"microsiemensPerCentimeter",4.5,,0,"formatChange","GOOD"
"1644eda4-5082-4a38-86e5-371960cf7e1a","D02","POSE","POSE.AOS.groundwater.well.003","POSE.W3.20180917.FIL","A00000035469","2018-09-17T14:28Z","2018-09-17T14:28Z","EcoCore_CSU","NO2 - N",0.0247,"milligramsPerLiter",4.5,,0,"formatChange","GOOD"
"7a838741-9d73-41d5-a8a5-e7143538e794","D02","POSE","POSE.AOS.groundwater.well.003","POSE.W3.20180917.FIL","A00000035469","2018-09-17T14:28Z","2018-09-17T14:28Z","EcoCore_CSU","K",0.0970,"milligramsPerLiter",4.5,,0,"formatChange","GOOD"
"3ee073a1-3f83-4a3c-8a4b-f6344064510a","D02","POSE","POSE.AOS.groundwater.well.003","POSE.W3.20180917.FIL","A00000035469","2018-09-17T14:28Z","2018-09-17T14:28Z","EcoCore_CSU","Na",3.0220,"milligramsPerLiter",4.5,,0,"formatChange","GOOD"
"187c9f0b-f30a-4f92-bf21-5c49eec411e6","D02","POSE","POSE.AOS.groundwater.well.003","POSE.W3.20180917.FIL","A00000035469","2018-09-17T14:28Z","2018-09-17T14:28Z","EcoCore_CSU","Si",11.1382,"milligramsPerLiter",4.5,,0,"formatChange","GOOD"
"8a5bfc02-78a0-4fdb-a915-de9c616b1f57","D02","POSE","POSE.AOS.groundwater.well.003","POSE.W3.20180917.FIL","A00000035469","2018-09-17T14:28Z","2018-09-17T14:28Z","EcoCore_CSU","TDN",0.2047,"milligramsPerLiter",4.5,,0,"formatChange","GOOD"
"ee739e7a-29ee-46dd-9f0b-b65b9b2a66d8","D02","POSE","POSE.AOS.groundwater.well.003","POSE.W3.20180917.FIL","A00000035469","2018-09-17T14:28Z","2018-09-17T14:28Z","EcoCore_CSU","Mg",3.4990,"milligramsPerLiter",4.5,,0,"formatChange","GOOD"
"689e920e-d922-471f-a289-c31c9bdee2ee","D02","POSE","POSE.AOS.groundwater.well.003","POSE.W3.20180917.FIL","A00000035469","2018-09-17T14:28Z","2018-09-17T14:28Z","EcoCore_CSU","CO3",0.0050,"milligramsPerLiter",4.5,,0,"formatChange","GOOD"
"5d98e89d-be44-4607-969d-cddf424f709b","D02","POSE","POSE.AOS.groundwater.well.006","POSE.W6.20180917.FIL","A00000035470","2018-09-17T15:20Z","2018-09-17T15:20Z","EcoCore_CSU","HCO3",84.6100,"milligramsPerLiter",4.5,,0,"formatChange","GOOD"
"c1978140-5377-4afd-923b-02ba1ec66006","D02","POSE","POSE.AOS.groundwater.well.006","POSE.W6.20180917.FIL","A00000035470","2018-09-17T15:20Z","2018-09-17T15:20Z","EcoCore_CSU","NO3+NO2 - N",0.1355,"milligramsPerLiter",4.5,,0,"formatChange","GOOD"
"6a3b2870-a249-4eeb-9b5f-f21c54775bf7","D02","POSE","POSE.AOS.groundwater.well.006","POSE.W6.20180917.RAW","A00000035474","2018-09-17T15:20Z","2018-09-17T15:20Z","EcoCore_CSU","TOC",0.7419,"milligramsPerLiter",4.5,,0,"formatChange","GOOD"
"168d8509-e2dc-4940-89fc-95530dce1c51","D02","POSE","POSE.AOS.groundwater.well.006","POSE.W6.20180917.FIL","A00000035470","2018-09-17T15:20Z","2018-09-17T15:20Z","EcoCore_CSU","Ortho - P",0.0690,"milligramsPerLiter",4.5,,0,"formatChange","GOOD"
"1e1c4d67-6530-4d24-9cf2-d6d60d9cb390","D02","POSE","POSE.AOS.groundwater.well.006","POSE.W6.20180917.RAW","A00000035474","2018-09-17T15:20Z","2018-09-17T15:20Z","EcoCore_CSU","TP",0.0520,"milligramsPerLiter",4.5,,0,"formatChange","GOOD"
"84eb2c29-a045-478b-8add-1b6fc820947c","D02","POSE","POSE.AOS.groundwater.well.006","POSE.W6.20180917.FIL","A00000035470","2018-09-17T15:20Z","2018-09-17T15:20Z","EcoCore_CSU","SO4",0.8760,"milligramsPerLiter",4.5,,0,"formatChange","GOOD"
"5ec48e93-ba00-4ef5-9567-6a7a74a44ab2","D02","POSE","POSE.AOS.groundwater.well.006","POSE.W6.20180917.FIL","A00000035470","2018-09-17T15:20Z","2018-09-17T15:20Z","EcoCore_CSU","DOC",1.2330,"milligramsPerLiter",4.5,,0,"formatChange","GOOD"
"18044dfd-42d4-48bc-a8ff-c2929e46f1ef","D02","POSE","POSE.AOS.groundwater.well.006","POSE.W6.20180917.RAW","A00000035474","2018-09-17T15:20Z","2018-09-17T15:20Z","EcoCore_CSU","TN",0.2875,"milligramsPerLiter",4.5,,0,"formatChange","GOOD"
"c7252049-fbeb-448c-a2da-8f4c003b7ee5","D02","POSE","POSE.AOS.groundwater.well.006","POSE.W6.20180917.FIL","A00000035470","2018-09-17T15:20Z","2018-09-17T15:20Z","EcoCore_CSU","TDS",102.1100,"milligramsPerLiter",4.5,,0,"formatChange","GOOD"
"0a32d992-2bac-42a5-91dd-304a62ce9ef3","D02","POSE","POSE.AOS.groundwater.well.006","POSE.W6.20180917.FIL","A00000035470","2018-09-17T15:20Z","2018-09-17T15:20Z","EcoCore_CSU","UV Absorbance (250 nm)",0.0641,,4.5,,0,"formatChange","GOOD"
"d421301b-9e89-4b5a-9d08-b3da96eec1f6","D02","POSE","POSE.AOS.groundwater.well.006","POSE.W6.20180917.FIL","A00000035470","2018-09-17T15:20Z","2018-09-17T15:20Z","EcoCore_CSU","CO3",0.0050,"milligramsPerLiter",4.5,,0,"formatChange","GOOD"
"82d3d2d5-504c-41ca-b5ff-572a1b26f7c2","D02","POSE","POSE.AOS.groundwater.well.006","POSE.W6.20180917.FIL","A00000035470","2018-09-17T15:20Z","2018-09-17T15:20Z","EcoCore_CSU","K",0.2430,"milligramsPerLiter",4.5,,0,"formatChange","GOOD"
"3c6681aa-1817-44f9-8b0f-1edc8e56a61d","D02","POSE","POSE.AOS.groundwater.well.006","POSE.W6.20180917.PCN","A00000035569","2018-09-17T15:20Z","2018-09-17T15:20Z","EcoCore_CSU","TPC",0.2840,"milligram",4.5,,0,"formatChange","GOOD"
"9a7fe8c9-9f1e-4cd1-ac3d-75e672b2546d","D02","POSE","POSE.AOS.groundwater.well.006","POSE.W6.20180917.FIL","A00000035470","2018-09-17T15:20Z","2018-09-17T15:20Z","EcoCore_CSU","Mn",0.0240,"milligramsPerLiter",4.5,,0,"formatChange","GOOD"
"dc207e4f-7ad4-40aa-b7ff-0b27f615ce39","D02","POSE","POSE.AOS.groundwater.well.006","POSE.W6.20180917.FIL","A00000035470","2018-09-17T15:20Z","2018-09-17T15:20Z","EcoCore_CSU","F",0.0050,"milligramsPerLiter",4.5,,0,"formatChange","GOOD"
"166acfcd-f04c-40fb-8286-204b35fa0343","D02","POSE","POSE.AOS.groundwater.well.006","POSE.W6.20180917.FIL","A00000035470","2018-09-17T15:20Z","2018-09-17T15:20Z","EcoCore_CSU","Mg",6.0950,"milligramsPerLiter",4.5,,0,"formatChange","GOOD"
"4211ad19-dc11-485c-b8d5-713ba88dd781","D02","POSE","POSE.AOS.groundwater.well.006","POSE.W6.20180917.RAW","A00000035474","2018-09-17T15:20Z","2018-09-17T15:20Z","EcoCore_CSU","ANC",1.4500,"milliequivalentsPerLiter",4.5,,0,"formatChange","GOOD"
"6dbcafd5-e5c3-4bfb-88fc-1ce21bbe32fe","D02","POSE","POSE.AOS.groundwater.well.006","POSE.W6.20180917.FIL","A00000035470","2018-09-17T15:20Z","2018-09-17T15:20Z","EcoCore_CSU","Ca",14.5891,"milligramsPerLiter",4.5,,0,"formatChange","GOOD"
"169a6941-2c76-49e5-98f6-3cfba595cd17","D02","POSE","POSE.AOS.groundwater.well.006","POSE.W6.20180917.FIL","A00000035470","2018-09-17T15:20Z","2018-09-17T15:20Z","EcoCore_CSU","UV Absorbance (280 nm)",0.0585,,4.5,,0,"formatChange","GOOD"
"b6d89877-bdbd-4539-9472-cad92d53cf3e","D02","POSE","POSE.AOS.groundwater.well.006","POSE.W6.20180917.RAW","A00000035474","2018-09-17T15:20Z","2018-09-17T15:20Z","EcoCore_CSU","conductivity",148.1500,"microsiemensPerCentimeter",4.5,,0,"formatChange","GOOD"
"a8586419-6c4b-4fcf-8b42-4bbf0057196b","D02","POSE","POSE.AOS.groundwater.well.006","POSE.W6.20180917.FIL","A00000035470","2018-09-17T15:20Z","2018-09-17T15:20Z","EcoCore_CSU","Na",5.6780,"milligramsPerLiter",4.5,,0,"formatChange","GOOD"
"12626f5d-295d-459f-bb68-bbf9b1010444","D02","POSE","POSE.AOS.groundwater.well.006","POSE.W6.20180917.FIL","A00000035470","2018-09-17T15:20Z","2018-09-17T15:20Z","EcoCore_CSU","NH4 - N",0.2693,"milligramsPerLiter",4.5,,0,"formatChange","GOOD"
"793e7ac4-3c51-4dc9-abbf-5e3f3a8e7807","D02","POSE","POSE.AOS.groundwater.well.006","POSE.W6.20180917.FIL","A00000035470","2018-09-17T15:20Z","2018-09-17T15:20Z","EcoCore_CSU","NO2 - N",0.0298,"milligramsPerLiter",4.5,,0,"formatChange","GOOD"
"03890f63-2ef4-43a4-954d-afbbbc4c2f2b","D02","POSE","POSE.AOS.groundwater.well.006","POSE.W6.20180917.PCN","A00000035569","2018-09-17T15:20Z","2018-09-17T15:20Z","EcoCore_CSU","TPN",0.0991,"milligram",4.5,,0,"formatChange","GOOD"
"209190a7-144c-4631-be98-37069f46fef4","D02","POSE","POSE.AOS.groundwater.well.006","POSE.W6.20180917.FIL","A00000035470","2018-09-17T15:20Z","2018-09-17T15:20Z","EcoCore_CSU","Cl",2.6000,"milligramsPerLiter",4.5,,0,"formatChange","GOOD"
"92d58feb-a8fb-4c61-a7fb-29ef9edb298b","D02","POSE","POSE.AOS.groundwater.well.006","POSE.W6.20180917.RAW","A00000035474","2018-09-17T15:20Z","2018-09-17T15:20Z","EcoCore_CSU","TSS - Dry Mass",22900.0000,"microgram",4.5,,0,"formatChange","GOOD"
"2d56e164-ed30-40c7-9d9d-1b9d7b8c7928","D02","POSE","POSE.AOS.groundwater.well.006","POSE.W6.20180917.FIL","A00000035470","2018-09-17T15:20Z","2018-09-17T15:20Z","EcoCore_CSU","DIC",17.5700,"milligramsPerLiter",4.5,,0,"formatChange","GOOD"
"d232c8b0-d70f-42c6-9ad1-d7d2cca9d76e","D02","POSE","POSE.AOS.groundwater.well.006","POSE.W6.20180917.FIL","A00000035470","2018-09-17T15:20Z","2018-09-17T15:20Z","EcoCore_CSU","Br",0.0050,"milligramsPerLiter",4.5,,0,"formatChange","GOOD"
"57589eac-7fed-4095-acfd-3313772d6e31","D02","POSE","POSE.AOS.groundwater.well.006","POSE.W6.20180917.RAW","A00000035474","2018-09-17T15:20Z","2018-09-17T15:20Z","EcoCore_CSU","TSS",458.0000,"milligramsPerLiter",4.5,,0,"formatChange","GOOD"
"406566f0-8de7-4261-b414-dd11c386b1fc","D02","POSE","POSE.AOS.groundwater.well.006","POSE.W6.20180917.FIL","A00000035470","2018-09-17T15:20Z","2018-09-17T15:20Z","EcoCore_CSU","TDP",0.0447,"milligramsPerLiter",4.5,,0,"formatChange","GOOD"
"915c9ebc-c52f-4ce6-a467-cfb409f36bc3","D02","POSE","POSE.AOS.groundwater.well.006","POSE.W6.20180917.RAW","A00000035474","2018-09-17T15:20Z","2018-09-17T15:20Z","EcoCore_CSU","pH",6.4500,"pH",4.5,,0,"formatChange","GOOD"
"75466755-b72d-4e45-8064-6e03fab08f33","D02","POSE","POSE.AOS.groundwater.well.006","POSE.W6.20180917.FIL","A00000035470","2018-09-17T15:20Z","2018-09-17T15:20Z","EcoCore_CSU","TDN",0.4825,"milligramsPerLiter",4.5,,0,"formatChange","GOOD"
"6bf1d09e-aeee-49f1-a7a3-00084663be02","D02","POSE","POSE.AOS.groundwater.well.006","POSE.W6.20180917.FIL","A00000035470","2018-09-17T15:20Z","2018-09-17T15:20Z","EcoCore_CSU","Si",14.9809,"milligramsPerLiter",4.5,,0,"formatChange","GOOD"
"cada7453-323e-460d-a655-c29689b7206c","D02","POSE","POSE.AOS.groundwater.well.006","POSE.W6.20180917.FIL","A00000035470","2018-09-17T15:20Z","2018-09-17T15:20Z","EcoCore_CSU","Fe",0.0005,"milligramsPerLiter",4.5,,0,"formatChange","GOOD"
"3ef624fd-5934-411e-8d1e-cc40937d86cf","D02","POSE","POSE.AOS.groundwater.well.008","POSE.W8.20180917.FIL","A00000035471","2018-09-17T16:42Z","2018-09-17T16:42Z","EcoCore_CSU","TDS",88.2700,"milligramsPerLiter",4.5,,0,"formatChange","GOOD"
"6359b2d8-b925-4c76-b209-31d45eee4f22","D02","POSE","POSE.AOS.groundwater.well.008","POSE.W8.20180917.FIL","A00000035471","2018-09-17T16:42Z","2018-09-17T16:42Z","EcoCore_CSU","Mg",5.8420,"milligramsPerLiter",4.5,,0,"formatChange","GOOD"
"2ae8e95f-1ec0-4065-b283-3b98b89c6f3b","D02","POSE","POSE.AOS.groundwater.well.008","POSE.W8.20180917.FIL","A00000035471","2018-09-17T16:42Z","2018-09-17T16:42Z","EcoCore_CSU","Na",3.9420,"milligramsPerLiter",4.5,,0,"formatChange","GOOD"
"46270406-c465-42f8-9ec8-7098dc7bb918","D02","POSE","POSE.AOS.groundwater.well.008","POSE.W8.20180917.FIL","A00000035471","2018-09-17T16:42Z","2018-09-17T16:42Z","EcoCore_CSU","TDN",1.0360,"milligramsPerLiter",4.5,,0,"formatChange","GOOD"
"7c4400d7-7261-4df5-91cf-e42455ef0a36","D02","POSE","POSE.AOS.groundwater.well.008","POSE.W8.20180917.RAW","A00000002292","2018-09-17T16:42Z","2018-09-17T16:42Z","EcoCore_CSU","conductivity",,"microsiemensPerCentimeter",4.5,"Unknown reason for no analyte concentration as a result of external lab data format change",0,"formatChange","Other"
"4895ee64-3c00-4023-ae39-604b3212439d","D02","POSE","POSE.AOS.groundwater.well.008","POSE.W8.20180917.PCN","A00000035570","2018-09-17T16:42Z","2018-09-17T16:42Z","EcoCore_CSU","TPN",0.0925,"milligram",4.5,,0,"formatChange","GOOD"
"6424fc0f-3240-4551-bff8-97441b0d57b7","D02","POSE","POSE.AOS.groundwater.well.008","POSE.W8.20180917.RAW","A00000002292","2018-09-17T16:42Z","2018-09-17T16:42Z","EcoCore_CSU","TSS - Dry Mass",,"microgram",4.5,"Unknown reason for no analyte concentration as a result of external lab data format change",0,"formatChange","Other"
"0653f205-8c79-4652-a7c4-a566d59ae8db","D02","POSE","POSE.AOS.groundwater.well.008","POSE.W8.20180917.FIL","A00000035471","2018-09-17T16:42Z","2018-09-17T16:42Z","EcoCore_CSU","Br",0.0050,"milligramsPerLiter",4.5,,0,"formatChange","GOOD"
"10d6194c-fe40-453a-a671-d76172b06488","D02","POSE","POSE.AOS.groundwater.well.008","POSE.W8.20180917.FIL","A00000035471","2018-09-17T16:42Z","2018-09-17T16:42Z","EcoCore_CSU","UV Absorbance (250 nm)",-0.0068,,4.5,,0,"formatChange","GOOD"
"2de38a0e-3e48-4b85-bd6c-f4d1eb8c0749","D02","POSE","POSE.AOS.groundwater.well.008","POSE.W8.20180917.RAW","A00000002292","2018-09-17T16:42Z","2018-09-17T16:42Z","EcoCore_CSU","TN",,"milligramsPerLiter",4.5,"Unknown reason for no analyte concentration as a result of external lab data format change",0,"formatChange","Other"
"ed63abbb-cc89-46f1-8a29-2a44f6c7a3de","D02","POSE","POSE.AOS.groundwater.well.008","POSE.W8.20180917.FIL","A00000035471","2018-09-17T16:42Z","2018-09-17T16:42Z","EcoCore_CSU","SO4",4.4250,"milligramsPerLiter",4.5,,0,"formatChange","GOOD"
"d85c4016-729e-410b-94d6-e21405df3409","D02","POSE","POSE.AOS.groundwater.well.008","POSE.W8.20180917.FIL","A00000035471","2018-09-17T16:42Z","2018-09-17T16:42Z","EcoCore_CSU","NH4 - N",0.0178,"milligramsPerLiter",4.5,,0,"formatChange","GOOD"
"6db92901-b6b9-4081-a962-edaa4fe92a6c","D02","POSE","POSE.AOS.groundwater.well.008","POSE.W8.20180917.RAW","A00000002292","2018-09-17T16:42Z","2018-09-17T16:42Z","EcoCore_CSU","TP",,"milligramsPerLiter",4.5,"Unknown reason for no analyte concentration as a result of external lab data format change",0,"formatChange","Other"
"1887ca20-d4e3-43d5-a02e-5b7d22e2dee4","D02","POSE","POSE.AOS.groundwater.well.008","POSE.W8.20180917.FIL","A00000035471","2018-09-17T16:42Z","2018-09-17T16:42Z","EcoCore_CSU","Si",12.1813,"milligramsPerLiter",4.5,,0,"formatChange","GOOD"
"696b883e-c3e0-4405-841a-065271a8d428","D02","POSE","POSE.AOS.groundwater.well.008","POSE.W8.20180917.FIL","A00000035471","2018-09-17T16:42Z","2018-09-17T16:42Z","EcoCore_CSU","CO3",0.0050,"milligramsPerLiter",4.5,,0,"formatChange","GOOD"
"7cf00d96-7e41-4444-a505-067345d34b86","D02","POSE","POSE.AOS.groundwater.well.008","POSE.W8.20180917.FIL","A00000035471","2018-09-17T16:42Z","2018-09-17T16:42Z","EcoCore_CSU","DOC",0.6670,"milligramsPerLiter",4.5,,0,"formatChange","GOOD"
"7983eaf4-0c1e-46ee-b58b-902221437216","D02","POSE","POSE.AOS.groundwater.well.008","POSE.W8.20180917.FIL","A00000035471","2018-09-17T16:42Z","2018-09-17T16:42Z","EcoCore_CSU","UV Absorbance (280 nm)",-0.0058,,4.5,,0,"formatChange","GOOD"
"d867977a-7eae-4ef8-a8f1-31d4fba11d75","D02","POSE","POSE.AOS.groundwater.well.008","POSE.W8.20180917.FIL","A00000035471","2018-09-17T16:42Z","2018-09-17T16:42Z","EcoCore_CSU","Mn",0.4160,"milligramsPerLiter",4.5,,0,"formatChange","GOOD"
"49a5c683-68b1-4c6e-b3c7-6881f7db6639","D02","POSE","POSE.AOS.groundwater.well.008","POSE.W8.20180917.FIL","A00000035471","2018-09-17T16:42Z","2018-09-17T16:42Z","EcoCore_CSU","NO2 - N",0.0213,"milligramsPerLiter",4.5,,0,"formatChange","GOOD"
"2ef33145-3749-43a7-988e-bbf19862e185","D02","POSE","POSE.AOS.groundwater.well.008","POSE.W8.20180917.FIL","A00000035471","2018-09-17T16:42Z","2018-09-17T16:42Z","EcoCore_CSU","DIC",16.6800,"milligramsPerLiter",4.5,,0,"formatChange","GOOD"
"c3f446b9-a3f5-4535-ae28-4bccfb6f2a5b","D02","POSE","POSE.AOS.groundwater.well.008","POSE.W8.20180917.FIL","A00000035471","2018-09-17T16:42Z","2018-09-17T16:42Z","EcoCore_CSU","K",0.2720,"milligramsPerLiter",4.5,,0,"formatChange","GOOD"
"52a7c7a2-2343-4b30-8097-06797dad9e26","D02","POSE","POSE.AOS.groundwater.well.008","POSE.W8.20180917.PCN","A00000035570","2018-09-17T16:42Z","2018-09-17T16:42Z","EcoCore_CSU","TPC",0.2593,"milligram",4.5,,0,"formatChange","GOOD"
"9344f691-2bdd-4e94-981c-2c6e3e616cc6","D02","POSE","POSE.AOS.groundwater.well.008","POSE.W8.20180917.FIL","A00000035471","2018-09-17T16:42Z","2018-09-17T16:42Z","EcoCore_CSU","TDP",0.0138,"milligramsPerLiter",4.5,,0,"formatChange","GOOD"
"7f0cfd08-6697-4ff1-8c5a-66fb22837b86","D02","POSE","POSE.AOS.groundwater.well.008","POSE.W8.20180917.RAW","A00000002292","2018-09-17T16:42Z","2018-09-17T16:42Z","EcoCore_CSU","ANC",,"milliequivalentsPerLiter",4.5,"Unknown reason for no analyte concentration as a result of external lab data format change",0,"formatChange","Other"
"e709b3a2-314d-40b9-a643-d0ec3f72cc14","D02","POSE","POSE.AOS.groundwater.well.008","POSE.W8.20180917.RAW","A00000002292","2018-09-17T16:42Z","2018-09-17T16:42Z","EcoCore_CSU","TOC",,"milligramsPerLiter",4.5,"Unknown reason for no analyte concentration as a result of external lab data format change",0,"formatChange","Other"
"61728684-d1b7-4241-9183-19014f30ef7d","D02","POSE","POSE.AOS.groundwater.well.008","POSE.W8.20180917.FIL","A00000035471","2018-09-17T16:42Z","2018-09-17T16:42Z","EcoCore_CSU","Ortho - P",0.1040,"milligramsPerLiter",4.5,,0,"formatChange","GOOD"
"75062814-19a9-4128-8c7d-7e1375e093f4","D02","POSE","POSE.AOS.groundwater.well.008","POSE.W8.20180917.FIL","A00000035471","2018-09-17T16:42Z","2018-09-17T16:42Z","EcoCore_CSU","Cl",2.9400,"milligramsPerLiter",4.5,,0,"formatChange","GOOD"
"99c6238a-91a5-4536-9c3d-8c41bd175d1c","D02","POSE","POSE.AOS.groundwater.well.008","POSE.W8.20180917.FIL","A00000035471","2018-09-17T16:42Z","2018-09-17T16:42Z","EcoCore_CSU","Ca",12.0439,"milligramsPerLiter",4.5,,0,"formatChange","GOOD"
"7257454a-234e-4016-b390-bd9833695f4f","D02","POSE","POSE.AOS.groundwater.well.008","POSE.W8.20180917.FIL","A00000035471","2018-09-17T16:42Z","2018-09-17T16:42Z","EcoCore_CSU","NO3+NO2 - N",1.0642,"milligramsPerLiter",4.5,,0,"formatChange","GOOD"
"5dac0448-5f30-4654-a659-4b4a36a114d2","D02","POSE","POSE.AOS.groundwater.well.008","POSE.W8.20180917.FIL","A00000035471","2018-09-17T16:42Z","2018-09-17T16:42Z","EcoCore_CSU","Fe",0.0005,"milligramsPerLiter",4.5,,0,"formatChange","GOOD"
"cbb6f794-d5a8-4dcd-b1d5-906fea2e7c84","D02","POSE","POSE.AOS.groundwater.well.008","POSE.W8.20180917.RAW","A00000002292","2018-09-17T16:42Z","2018-09-17T16:42Z","EcoCore_CSU","pH",,"pH",4.5,"Unknown reason for no analyte concentration as a result of external lab data format change",0,"formatChange","Other"
"52ca88c9-71cc-42fa-a6a3-fed171c096ce","D02","POSE","POSE.AOS.groundwater.well.008","POSE.W8.20180917.RAW","A00000002292","2018-09-17T16:42Z","2018-09-17T16:42Z","EcoCore_CSU","TSS",,"milligramsPerLiter",4.5,"Unknown reason for no analyte concentration as a result of external lab data format change",0,"formatChange","Other"
"46296845-9397-4a8b-9890-de335858b3de","D02","POSE","POSE.AOS.groundwater.well.008","POSE.W8.20180917.FIL","A00000035471","2018-09-17T16:42Z","2018-09-17T16:42Z","EcoCore_CSU","HCO3",65.4500,"milligramsPerLiter",4.5,,0,"formatChange","GOOD"
"8a36bfb3-d32e-41f9-9497-0194e22672c8","D02","POSE","POSE.AOS.groundwater.well.008","POSE.W8.20180917.FIL","A00000035471","2018-09-17T16:42Z","2018-09-17T16:42Z","EcoCore_CSU","F",0.0050,"milligramsPerLiter",4.5,,0,"formatChange","GOOD"
