uid,domainID,siteID,namedLocation,decimalLatitude,decimalLongitude,coordinateUncertainty,elevation,elevationUncertainty,geodeticDatum,collectDate,aquaticSiteType,samplingImpractical,waterChemSamplesCollected,adequateSampleVol,parentSampleID,eventID,swcSamplingProtocolVersion,sampleExtractionMethod,samplerType,totalWellDepth,wellWaterDepth,waterColumnHeight,sampleDepth,purgeAverageDischargeRate,purgeTime,gwWellStabilized,purgeDryDateTime,pumpPlacementDate,screenedIntervalDepth,maxAllowableDrawdown,actualDrawdown,MADExceeded,wellVolumePurged,probeIDUnavailable,dissolvedOxygen,dissolvedOxygenSaturation,specificConductance,waterTemp,pH,waterClarityDescrip,waterColorDescrip,aCollectedBy,bCollectedBy,remarks
"aa178886-5be8-4419-bd53-9b6139e6836f","D02","POSE","POSE.AOS.groundwater.well.001",38.894262,-78.147143,0.1,277.9,0.1,"WGS84","2018-09-17T13:49Z","stream",,,"Y","POSE.W1.20180917","POSE.20180917","NEON.DOC.002905vE","purge dry","Groundwater Pump",3.0,1.3,1.8,,,,,,,,,,,,,2.84,30.50,126.90,18.90,,"cloudy","brown","kgeiger@battelleecology.org","jcoloso@battelleecology.org",
"dceb2a00-5250-451a-ac9f-0734f29f8d79","D02","POSE","POSE.AOS.groundwater.well.003",38.894304,-78.147503,0.1,278.6,0.1,"WGS84","2018-09-17T14:28Z","stream",,,"Y","POSE.W3.20180917","POSE.20180917","NEON.DOC.002905vE","purge dry","Groundwater Pump",4.2,1.6,2.6,,,,,,,,,,,,,5.86,63.40,71.40,19.60,,"cloudy","brown","kgeiger@battelleecology.org","jcoloso@battelleecology.org",
"abac3438-7a3a-41a5-a9f1-04c85816c8fb","D02","POSE","POSE.AOS.groundwater.well.006",38.894973,-78.147373,0.1,276.3,0.1,"WGS84","2018-09-17T15:20Z","stream",,,"Y","POSE.W6.20180917","POSE.20180917","NEON.DOC.002905vE","purge dry","Groundwater Pump",4.4,1.0,3.4,,,,,,,,,,,,,1.40,15.20,109.80,19.70,,"cloudy","brown","kgeiger@battelleecology.org","jcoloso@battelleecology.org",
"89cf2da6-6628-402e-baaf-3048a82be4ce","D02","POSE","POSE.AOS.groundwater.well.008",38.895235,-78.147951,0.1,273.2,0.1,"WGS84","2018-09-17T16:42Z","stream",,,"Y","POSE.W8.20180917","POSE.20180917","NEON.DOC.002905vE","low-flow","Groundwater Pump",3.1,1.1,2.1,2.1,,,,,,,,,,2.0,,5.02,51.30,122.20,17.90,,"clear","brown","kgeiger@battelleecology.org","jcoloso@battelleecology.org",
