uid,domainID,siteID,namedLocation,collectDate,parentSampleID,sampleCondition,sampleID,replicateNumber,gwwDICBubbleFree,gwwFiltSampleHeadspace,gwwAlkSampleHeadspace,gwwAlkSampleBubbleFree,processedDate,processedDateFilters,sampleVolumeFiltered,shipmentTimeRange
"83114e11-12fd-4f8e-aaf8-465be7045787","D02","POSE","POSE.AOS.groundwater.well.001","2018-09-17T13:49Z","POSE.W1.20180917","Sample condition ok","POSE.W1.20180917",,,,,,"2018-09-17T13:49Z","2018-09-17T13:49Z",50.0,
"1ff69705-7a03-4c5e-90ed-001fa2bba6a5","D02","POSE","POSE.AOS.groundwater.well.003","2018-09-17T14:28Z","POSE.W3.20180917","Sample condition ok","POSE.W3.20180917",,,,,,"2018-09-17T14:28Z",,50.0,
"c271f109-689a-4ee1-9b31-42b74672a06e","D02","POSE","POSE.AOS.groundwater.well.006","2018-09-17T15:20Z","POSE.W6.20180917","Sample condition ok","POSE.W6.20180917",,,,,,"2018-09-17T15:20Z","2018-09-17T15:20Z",25.0,
"e43d95c2-6d74-4cce-b76a-a599a3780b0f","D02","POSE","POSE.AOS.groundwater.well.008","2018-09-17T16:42Z","POSE.W8.20180917","Sample condition ok","POSE.W8.20180917",,,,,,"2018-09-17T16:42Z","2018-09-17T16:42Z",100.0,
