uid,domainID,siteID,namedLocation,collectDate,parentSampleID,sampleCondition,sampleID,replicateNumber,gwwDICBubbleFree,gwwFiltSampleHeadspace,gwwAlkSampleHeadspace,gwwAlkSampleBubbleFree,processedDate,processedDateFilters,sampleVolumeFiltered,shipmentTimeRange
"7823b22d-91a2-4d6d-a741-ad0402079c98","D09","PRPO","PRPO.AOS.groundwater.well.001","2018-10-15T14:34Z","PRPO.W1.20181015","Sample condition ok","PRPO.W1.20181015",,,,,,"2018-10-15T15:30Z","2018-10-15T15:45Z",350.0,
"e08c6f64-01e6-4550-8d65-e141941ef698","D09","PRPO","PRPO.AOS.groundwater.well.003","2018-10-15T15:49Z","PRPO.W3.20181015","Sample condition ok","PRPO.W3.20181015",,,,,,"2018-10-15T17:07Z","2018-10-15T17:21Z",60.0,
"2bf01168-dd31-4c5a-9c7a-dba212d48747","D09","PRPO","PRPO.AOS.groundwater.well.005","2018-10-15T16:54Z","PRPO.W5.20181015","Sample condition ok","PRPO.W5.20181015",,,,,,"2018-10-15T18:15Z","2018-10-15T18:30Z",150.0,
"677d1bcc-da80-4a88-8798-185546d78fb2","D09","PRPO","PRPO.AOS.groundwater.well.007","2018-10-15T18:26Z","PRPO.W7.20181015","Sample condition ok","PRPO.W7.20181015",,,,,,"2018-10-15T18:45Z","2018-10-15T19:08Z",150.0,
