uid,domainID,siteID,namedLocation,decimalLatitude,decimalLongitude,coordinateUncertainty,elevation,elevationUncertainty,geodeticDatum,collectDate,aquaticSiteType,samplingImpractical,waterChemSamplesCollected,adequateSampleVol,parentSampleID,eventID,swcSamplingProtocolVersion,sampleExtractionMethod,samplerType,totalWellDepth,wellWaterDepth,waterColumnHeight,sampleDepth,purgeAverageDischargeRate,purgeTime,gwWellStabilized,purgeDryDateTime,pumpPlacementDate,screenedIntervalDepth,maxAllowableDrawdown,actualDrawdown,MADExceeded,wellVolumePurged,probeIDUnavailable,dissolvedOxygen,dissolvedOxygenSaturation,specificConductance,waterTemp,pH,waterClarityDescrip,waterColorDescrip,aCollectedBy,bCollectedBy,remarks
"9a0aefd8-dd95-4c3a-9e3c-cd2c67b490c0","D09","PRPO","PRPO.AOS.groundwater.well.001",47.129125,-99.251580,0.1,592.0,0.1,"WGS84","2018-10-15T14:34Z","lake",,,"Y","PRPO.W1.20181015","PRPO.20181015","NEON.DOC.001219vB","low-flow","Groundwater Pump",7.2,2.9,4.3,3.9,,,,,,,,,,4.5,,2.10,19.40,5754.00,8.60,,"clear","colorless","jeldridge@neoninc.org","dfarkas@battelleecology.org",
"2328c0bd-8dca-4dc7-bddb-b638904e1696","D09","PRPO","PRPO.AOS.groundwater.well.003",47.127319,-99.255063,0.1,594.4,0.1,"WGS84","2018-10-15T15:49Z","lake",,,"Y","PRPO.W3.20181015","PRPO.20181015","NEON.DOC.002905vE","low-flow","Groundwater Pump",9.4,5.0,4.5,6.0,,,,,,,,,,5.0,,2.21,19.60,2527.00,7.30,,"cloudy","colorless","aanteau@battelleecology.org","dfarkas@battelleecology.org",
"2d95cf48-7029-48c1-9eeb-7187a6dfd878","D09","PRPO","PRPO.AOS.groundwater.well.005",47.129698,-99.255141,0.1,592.6,0.1,"WGS84","2018-10-15T16:54Z","lake",,,"Y","PRPO.W5.20181015","PRPO.20181015","NEON.DOC.002905vE","low-flow","Groundwater Pump",7.6,3.4,4.1,4.4,,,,,,,,,,5.9,,1.59,14.20,4820.00,9.20,,"clear","brown","aanteau@battelleecology.org","dfarkas@battelleecology.org",
"b7b5303d-5929-411b-94bb-851bac0082a1","D09","PRPO","PRPO.AOS.groundwater.well.007",47.131704,-99.250610,0.1,592.6,0.1,"WGS84","2018-10-15T18:26Z","lake",,,"Y","PRPO.W7.20181015","PRPO.20181015","NEON.DOC.002905vE","low-flow","Groundwater Pump",8.2,3.8,4.3,4.8,,,,,,,,,,4.0,,2.85,25.90,1181.00,8.50,,"cloudy","brown","aanteau@battelleecology.org","dfarkas@battelleecology.org","Sampling depth at 4.5 due to insufficient tubing"
