uid,domainID,siteID,namedLocation,collectDate,titrationDate,parentSampleID,domainSampleID,remarks,measuredBy,alkMeqPerL,alkMgPerL,ancMeqPerL,ancMgPerL
"bfb4b429-3e4f-4f35-b49b-f2b366e0c4d7","D09","PRPO","PRPO.AOS.groundwater.well.001","2018-10-15T14:34Z","2018-10-16T13:40Z","PRPO.W1.20181015","PRPO.W1.20181015.ALK",,"jeldridge@battelleecology.org",6.940,347.000,,
"7b216660-bb12-4f06-89f6-81fb067ddc39","D09","PRPO","PRPO.AOS.groundwater.well.003","2018-10-15T15:49Z","2018-10-16T14:00Z","PRPO.W3.20181015","PRPO.W3.20181015.ALK",,"jeldridge@battelleecology.org",8.860,443.000,,
"cabaf1a0-4753-46cb-b986-102c44e18c88","D09","PRPO","PRPO.AOS.groundwater.well.005","2018-10-15T16:54Z","2018-10-16T14:30Z","PRPO.W5.20181015","PRPO.W5.20181015.ALK",,"jeldridge@battelleecology.org",7.300,365.000,,
"9d515c7f-e440-4ea5-b21e-11a2142707f3","D09","PRPO","PRPO.AOS.groundwater.well.007","2018-10-15T18:26Z","2018-10-16T14:45Z","PRPO.W7.20181015","PRPO.W7.20181015.ALK",,"jeldridge@battelleecology.org",8.550,428.000,,
