uid,domainID,siteID,namedLocation,sampleID,sampleCode,startDate,collectDate,laboratoryName,analyte,analyteConcentration,analyteUnits,coolerTemp,remarks,shipmentWarmQF,externalLabDataQF,sampleCondition
"b679ca68-8640-4ce7-b15b-1fceebb18205","D09","PRPO","PRPO.AOS.groundwater.well.001","PRPO.W1.20181015.FIL","A00000049704","2018-10-15T14:34Z","2018-10-15T14:34Z","EcoCore_CSU","TDN",0.4993,"milligramsPerLiter",5.6,,0,"formatChange","GOOD"
"b0ceb9bb-daa2-45ad-bfbe-809bb9b20fa8","D09","PRPO","PRPO.AOS.groundwater.well.001","PRPO.W1.20181015.RAW","A00000049700","2018-10-15T14:34Z","2018-10-15T14:34Z","EcoCore_CSU","ANC",3.1200,"milliequivalentsPerLiter",5.6,,0,"formatChange","GOOD"
"7bc51583-b307-40f8-9db3-044b6c3c0871","D09","PRPO","PRPO.AOS.groundwater.well.001","PRPO.W1.20181015.FIL","A00000049704","2018-10-15T14:34Z","2018-10-15T14:34Z","EcoCore_CSU","NO3+NO2 - N",0.0118,"milligramsPerLiter",5.6,,0,"formatChange","GOOD"
"a20fbe04-cdd2-4c33-8ba2-b26dc127b414","D09","PRPO","PRPO.AOS.groundwater.well.001","PRPO.W1.20181015.RAW","A00000049700","2018-10-15T14:34Z","2018-10-15T14:34Z","EcoCore_CSU","TN",0.4746,"milligramsPerLiter",5.6,,0,"formatChange","GOOD"
"c6d6ba33-3dd1-4755-8ceb-f62c1a958af6","D09","PRPO","PRPO.AOS.groundwater.well.001","PRPO.W1.20181015.FIL","A00000049704","2018-10-15T14:34Z","2018-10-15T14:34Z","EcoCore_CSU","K",3.9840,"milligramsPerLiter",5.6,,0,"formatChange","GOOD"
"6b572880-0b4b-4268-8a12-df08f30fd5a0","D09","PRPO","PRPO.AOS.groundwater.well.001","PRPO.W1.20181015.FIL","A00000049704","2018-10-15T14:34Z","2018-10-15T14:34Z","EcoCore_CSU","SO4",1993.5100,"milligramsPerLiter",5.6,,0,"formatChange","GOOD"
"6bea9bb3-abb5-4308-8276-dbb4fb2b31a8","D09","PRPO","PRPO.AOS.groundwater.well.001","PRPO.W1.20181015.FIL","A00000049704","2018-10-15T14:34Z","2018-10-15T14:34Z","EcoCore_CSU","Na",383.0000,"milligramsPerLiter",5.6,,0,"formatChange","GOOD"
"dcfa93a9-8c1c-4c6c-8862-49a93f6aafed","D09","PRPO","PRPO.AOS.groundwater.well.001","PRPO.W1.20181015.RAW","A00000049700","2018-10-15T14:34Z","2018-10-15T14:34Z","EcoCore_CSU","TP",0.2004,"milligramsPerLiter",5.6,,0,"formatChange","GOOD"
"f9c3db5b-28ee-4564-8609-d186e3e917da","D09","PRPO","PRPO.AOS.groundwater.well.001","PRPO.W1.20181015.FIL","A00000049704","2018-10-15T14:34Z","2018-10-15T14:34Z","EcoCore_CSU","CO3",0.0050,"milligramsPerLiter",5.6,,0,"formatChange","GOOD"
"894b7c00-07f4-4c5c-892c-ad6bf53e0547","D09","PRPO","PRPO.AOS.groundwater.well.001","PRPO.W1.20181015.FIL","A00000049704","2018-10-15T14:34Z","2018-10-15T14:34Z","EcoCore_CSU","HCO3",188.5200,"milligramsPerLiter",5.6,,0,"formatChange","GOOD"
"e6cb0b77-46d6-4408-8df1-53f9590f5b78","D09","PRPO","PRPO.AOS.groundwater.well.001","PRPO.W1.20181015.RAW","A00000049700","2018-10-15T14:34Z","2018-10-15T14:34Z","EcoCore_CSU","TOC",9.9060,"milligramsPerLiter",5.6,,0,"formatChange","GOOD"
"00b3a416-082a-4b46-b6c3-b3d952fe5f5a","D09","PRPO","PRPO.AOS.groundwater.well.001","PRPO.W1.20181015.PCN","A00000049724","2018-10-15T14:34Z","2018-10-15T14:34Z","EcoCore_CSU","TPN",0.0812,"milligram",5.6,,0,"formatChange","GOOD"
"dcdb15c7-d86e-4223-87ce-ec144805105c","D09","PRPO","PRPO.AOS.groundwater.well.001","PRPO.W1.20181015.RAW","A00000049700","2018-10-15T14:34Z","2018-10-15T14:34Z","EcoCore_CSU","conductivity",4506.2300,"microsiemensPerCentimeter",5.6,,0,"formatChange","GOOD"
"77038d5a-fbcf-4d5e-b6a4-4ba94bf19d70","D09","PRPO","PRPO.AOS.groundwater.well.001","PRPO.W1.20181015.FIL","A00000049704","2018-10-15T14:34Z","2018-10-15T14:34Z","EcoCore_CSU","Br",0.0050,"milligramsPerLiter",5.6,,0,"formatChange","GOOD"
"30ee387b-2fe0-47c0-a076-0c2acff336b2","D09","PRPO","PRPO.AOS.groundwater.well.001","PRPO.W1.20181015.FIL","A00000049704","2018-10-15T14:34Z","2018-10-15T14:34Z","EcoCore_CSU","F",0.0050,"milligramsPerLiter",5.6,,0,"formatChange","GOOD"
"bf2ee095-1e0d-46c5-a5a9-425684a81eb0","D09","PRPO","PRPO.AOS.groundwater.well.001","PRPO.W1.20181015.FIL","A00000049704","2018-10-15T14:34Z","2018-10-15T14:34Z","EcoCore_CSU","NH4 - N",0.0412,"milligramsPerLiter",5.6,,0,"formatChange","GOOD"
"c5ef311e-9194-4292-ba91-8929be1ce1f9","D09","PRPO","PRPO.AOS.groundwater.well.001","PRPO.W1.20181015.FIL","A00000049704","2018-10-15T14:34Z","2018-10-15T14:34Z","EcoCore_CSU","DIC",99.3900,"milligramsPerLiter",5.6,,0,"formatChange","GOOD"
"edef2aae-9124-4203-b9f9-24e44d6e111a","D09","PRPO","PRPO.AOS.groundwater.well.001","PRPO.W1.20181015.FIL","A00000049704","2018-10-15T14:34Z","2018-10-15T14:34Z","EcoCore_CSU","NO2 - N",0.0224,"milligramsPerLiter",5.6,,0,"formatChange","GOOD"
"440c5ee8-a38f-495e-bb00-874c81006503","D09","PRPO","PRPO.AOS.groundwater.well.001","PRPO.W1.20181015.FIL","A00000049704","2018-10-15T14:34Z","2018-10-15T14:34Z","EcoCore_CSU","Ca",218.0860,"milligramsPerLiter",5.6,,0,"formatChange","GOOD"
"0ca3bcdf-b790-47cb-83ee-835e02dbdd39","D09","PRPO","PRPO.AOS.groundwater.well.001","PRPO.W1.20181015.FIL","A00000049704","2018-10-15T14:34Z","2018-10-15T14:34Z","EcoCore_CSU","Mn",0.0210,"milligramsPerLiter",5.6,,0,"formatChange","GOOD"
"cd7cf986-27b1-4f25-90ff-d88d527ecaca","D09","PRPO","PRPO.AOS.groundwater.well.001","PRPO.W1.20181015.FIL","A00000049704","2018-10-15T14:34Z","2018-10-15T14:34Z","EcoCore_CSU","TDP",0.0005,"milligramsPerLiter",5.6,,0,"formatChange","GOOD"
"00c2ad8c-8305-42fa-a1e5-01050b41672e","D09","PRPO","PRPO.AOS.groundwater.well.001","PRPO.W1.20181015.RAW","A00000049700","2018-10-15T14:34Z","2018-10-15T14:34Z","EcoCore_CSU","pH",7.6200,"pH",5.6,,0,"formatChange","GOOD"
"049453bb-7497-4b68-8610-ecbe88d8ad6f","D09","PRPO","PRPO.AOS.groundwater.well.001","PRPO.W1.20181015.FIL","A00000049704","2018-10-15T14:34Z","2018-10-15T14:34Z","EcoCore_CSU","Cl",15.4800,"milligramsPerLiter",5.6,,0,"formatChange","GOOD"
"fc70ec0f-9c77-4f2f-bb04-e3ffa0fd9e18","D09","PRPO","PRPO.AOS.groundwater.well.001","PRPO.W1.20181015.FIL","A00000049704","2018-10-15T14:34Z","2018-10-15T14:34Z","EcoCore_CSU","DOC",9.7000,"milligramsPerLiter",5.6,,0,"formatChange","GOOD"
"968694a2-234e-4a42-89d0-af7977cced42","D09","PRPO","PRPO.AOS.groundwater.well.001","PRPO.W1.20181015.FIL","A00000049704","2018-10-15T14:34Z","2018-10-15T14:34Z","EcoCore_CSU","Ortho - P",0.2900,"milligramsPerLiter",5.6,,0,"formatChange","GOOD"
"6984dc91-7f8b-4cf8-9e87-bde696c538cd","D09","PRPO","PRPO.AOS.groundwater.well.001","PRPO.W1.20181015.FIL","A00000049704","2018-10-15T14:34Z","2018-10-15T14:34Z","EcoCore_CSU","UV Absorbance (250 nm)",0.1690,,5.6,,0,"formatChange","GOOD"
"3dc70fd3-3978-426a-80e8-8e91b2f6441d","D09","PRPO","PRPO.AOS.groundwater.well.001","PRPO.W1.20181015.FIL","A00000049704","2018-10-15T14:34Z","2018-10-15T14:34Z","EcoCore_CSU","Si",14.6756,"milligramsPerLiter",5.6,,0,"formatChange","GOOD"
"c52a0042-bc0e-497c-a843-57f2f7c90b4a","D09","PRPO","PRPO.AOS.groundwater.well.001","PRPO.W1.20181015.FIL","A00000049704","2018-10-15T14:34Z","2018-10-15T14:34Z","EcoCore_CSU","Mg",208.6000,"milligramsPerLiter",5.6,,0,"formatChange","GOOD"
"1b14a595-5e54-44c0-b53b-c8d19fe8465b","D09","PRPO","PRPO.AOS.groundwater.well.001","PRPO.W1.20181015.RAW","A00000049700","2018-10-15T14:34Z","2018-10-15T14:34Z","EcoCore_CSU","TSS",10.0000,"milligramsPerLiter",5.6,,0,"formatChange","GOOD"
"30e42dfd-0922-45e6-bf77-18cf427c330f","D09","PRPO","PRPO.AOS.groundwater.well.001","PRPO.W1.20181015.FIL","A00000049704","2018-10-15T14:34Z","2018-10-15T14:34Z","EcoCore_CSU","TDS",3162.5400,"milligramsPerLiter",5.6,,0,"formatChange","GOOD"
"8298f4f7-1dbd-41f9-8d23-4dc0aef8e9cb","D09","PRPO","PRPO.AOS.groundwater.well.001","PRPO.W1.20181015.FIL","A00000049704","2018-10-15T14:34Z","2018-10-15T14:34Z","EcoCore_CSU","UV Absorbance (280 nm)",0.0962,,5.6,,0,"formatChange","GOOD"
"8c11a492-0ac6-40f8-bfae-05c629f2543e","D09","PRPO","PRPO.AOS.groundwater.well.001","PRPO.W1.20181015.PCN","A00000049724","2018-10-15T14:34Z","2018-10-15T14:34Z","EcoCore_CSU","TPC",0.2708,"milligram",5.6,,0,"formatChange","GOOD"
"78feec37-03e2-4342-b02e-2d76b688b7aa","D09","PRPO","PRPO.AOS.groundwater.well.001","PRPO.W1.20181015.FIL","A00000049704","2018-10-15T14:34Z","2018-10-15T14:34Z","EcoCore_CSU","Fe",0.0005,"milligramsPerLiter",5.6,,0,"formatChange","GOOD"
"5b617254-f34f-4129-8fb4-4ba6d817a0db","D09","PRPO","PRPO.AOS.groundwater.well.001","PRPO.W1.20181015.RAW","A00000049700","2018-10-15T14:34Z","2018-10-15T14:34Z","EcoCore_CSU","TSS - Dry Mass",500.0000,"microgram",5.6,,0,"formatChange","GOOD"
"618b3961-0b74-43f1-acf9-6e9f4706c981","D09","PRPO","PRPO.AOS.groundwater.well.003","PRPO.W3.20181015.FIL","A00000049705","2018-10-15T15:49Z","2018-10-15T15:49Z","EcoCore_CSU","NH4 - N",0.0684,"milligramsPerLiter",5.6,,0,"formatChange","GOOD"
"989d197f-9cd6-4f9d-9430-dccee765392c","D09","PRPO","PRPO.AOS.groundwater.well.003","PRPO.W3.20181015.FIL","A00000049705","2018-10-15T15:49Z","2018-10-15T15:49Z","EcoCore_CSU","F",0.0050,"milligramsPerLiter",5.6,,0,"formatChange","GOOD"
"1f610551-49b0-4546-9815-1db8e8c4d88a","D09","PRPO","PRPO.AOS.groundwater.well.003","PRPO.W3.20181015.FIL","A00000049705","2018-10-15T15:49Z","2018-10-15T15:49Z","EcoCore_CSU","HCO3",152.4400,"milligramsPerLiter",5.6,,0,"formatChange","GOOD"
"bc38c126-863f-4097-8581-a7e7cb6042e9","D09","PRPO","PRPO.AOS.groundwater.well.003","PRPO.W3.20181015.FIL","A00000049705","2018-10-15T15:49Z","2018-10-15T15:49Z","EcoCore_CSU","DIC",109.3000,"milligramsPerLiter",5.6,,0,"formatChange","GOOD"
"2486b279-de74-48f4-acef-e2932e269b4f","D09","PRPO","PRPO.AOS.groundwater.well.003","PRPO.W3.20181015.FIL","A00000049705","2018-10-15T15:49Z","2018-10-15T15:49Z","EcoCore_CSU","CO3",0.0050,"milligramsPerLiter",5.6,,0,"formatChange","GOOD"
"24f83503-6668-4f44-803d-d38fb6a02844","D09","PRPO","PRPO.AOS.groundwater.well.003","PRPO.W3.20181015.RAW","A00000049701","2018-10-15T15:49Z","2018-10-15T15:49Z","EcoCore_CSU","conductivity",2226.0000,"microsiemensPerCentimeter",5.6,,0,"formatChange","GOOD"
"560a4c27-384f-444a-b560-c014e4c3d46a","D09","PRPO","PRPO.AOS.groundwater.well.003","PRPO.W3.20181015.FIL","A00000049705","2018-10-15T15:49Z","2018-10-15T15:49Z","EcoCore_CSU","Ortho - P",0.0720,"milligramsPerLiter",5.6,,0,"formatChange","GOOD"
"0a6a3845-ebba-45d4-b71f-f6fa1b08ae1d","D09","PRPO","PRPO.AOS.groundwater.well.003","PRPO.W3.20181015.FIL","A00000049705","2018-10-15T15:49Z","2018-10-15T15:49Z","EcoCore_CSU","SO4",996.3100,"milligramsPerLiter",5.6,,0,"formatChange","GOOD"
"011a27ba-f495-438f-9c22-1df3767ed6c6","D09","PRPO","PRPO.AOS.groundwater.well.003","PRPO.W3.20181015.FIL","A00000049705","2018-10-15T15:49Z","2018-10-15T15:49Z","EcoCore_CSU","TDP",0.0005,"milligramsPerLiter",5.6,,0,"formatChange","GOOD"
"f6c818ca-119e-4dc5-873c-72c27f6e89f2","D09","PRPO","PRPO.AOS.groundwater.well.003","PRPO.W3.20181015.FIL","A00000049705","2018-10-15T15:49Z","2018-10-15T15:49Z","EcoCore_CSU","Ca",164.7210,"milligramsPerLiter",5.6,,0,"formatChange","GOOD"
"07f5a1eb-79ad-42f2-b13e-ede7f5bdd4d8","D09","PRPO","PRPO.AOS.groundwater.well.003","PRPO.W3.20181015.FIL","A00000049705","2018-10-15T15:49Z","2018-10-15T15:49Z","EcoCore_CSU","UV Absorbance (280 nm)",0.0430,,5.6,,0,"formatChange","GOOD"
"48773553-bd13-4be2-9a9f-e5d28ba02ef9","D09","PRPO","PRPO.AOS.groundwater.well.003","PRPO.W3.20181015.RAW","A00000049701","2018-10-15T15:49Z","2018-10-15T15:49Z","EcoCore_CSU","TN",0.3473,"milligramsPerLiter",5.6,,0,"formatChange","GOOD"
"42e70fdc-463b-47f2-bba1-be0fd6048dbd","D09","PRPO","PRPO.AOS.groundwater.well.003","PRPO.W3.20181015.FIL","A00000049705","2018-10-15T15:49Z","2018-10-15T15:49Z","EcoCore_CSU","Na",89.6300,"milligramsPerLiter",5.6,,0,"formatChange","GOOD"
"6824e65d-b686-4eba-ad96-ae50fb6f4df6","D09","PRPO","PRPO.AOS.groundwater.well.003","PRPO.W3.20181015.FIL","A00000049705","2018-10-15T15:49Z","2018-10-15T15:49Z","EcoCore_CSU","Fe",0.0005,"milligramsPerLiter",5.6,,0,"formatChange","GOOD"
"4d68a45a-d618-42de-875f-3f95a124cea6","D09","PRPO","PRPO.AOS.groundwater.well.003","PRPO.W3.20181015.FIL","A00000049705","2018-10-15T15:49Z","2018-10-15T15:49Z","EcoCore_CSU","NO2 - N",0.0227,"milligramsPerLiter",5.6,,0,"formatChange","GOOD"
"fc2a7c5a-1ffe-4daa-80c1-74434b21eb93","D09","PRPO","PRPO.AOS.groundwater.well.003","PRPO.W3.20181015.FIL","A00000049705","2018-10-15T15:49Z","2018-10-15T15:49Z","EcoCore_CSU","NO3+NO2 - N",0.0479,"milligramsPerLiter",5.6,,0,"formatChange","GOOD"
"f4450276-8c02-49fb-be0f-2971bcf946d2","D09","PRPO","PRPO.AOS.groundwater.well.003","PRPO.W3.20181015.FIL","A00000049705","2018-10-15T15:49Z","2018-10-15T15:49Z","EcoCore_CSU","Si",15.0963,"milligramsPerLiter",5.6,,0,"formatChange","GOOD"
"c51ccaad-ba28-449a-80e6-a4498378f988","D09","PRPO","PRPO.AOS.groundwater.well.003","PRPO.W3.20181015.FIL","A00000049705","2018-10-15T15:49Z","2018-10-15T15:49Z","EcoCore_CSU","DOC",4.8220,"milligramsPerLiter",5.6,,0,"formatChange","GOOD"
"61e3a542-2de4-4bce-8471-9d122a4b6fb8","D09","PRPO","PRPO.AOS.groundwater.well.003","PRPO.W3.20181015.FIL","A00000049705","2018-10-15T15:49Z","2018-10-15T15:49Z","EcoCore_CSU","TDN",0.3571,"milligramsPerLiter",5.6,,0,"formatChange","GOOD"
"be6e13ff-c9e2-4647-9598-8777a9c43b45","D09","PRPO","PRPO.AOS.groundwater.well.003","PRPO.W3.20181015.FIL","A00000049705","2018-10-15T15:49Z","2018-10-15T15:49Z","EcoCore_CSU","TDS",1562.5800,"milligramsPerLiter",5.6,,0,"formatChange","GOOD"
"e489fd90-0348-440c-9959-0d06b0829354","D09","PRPO","PRPO.AOS.groundwater.well.003","PRPO.W3.20181015.FIL","A00000049705","2018-10-15T15:49Z","2018-10-15T15:49Z","EcoCore_CSU","K",10.7300,"milligramsPerLiter",5.6,,0,"formatChange","GOOD"
"4e348abc-b48e-47a5-b442-e2683f8697a4","D09","PRPO","PRPO.AOS.groundwater.well.003","PRPO.W3.20181015.FIL","A00000049705","2018-10-15T15:49Z","2018-10-15T15:49Z","EcoCore_CSU","Br",0.0050,"milligramsPerLiter",5.6,,0,"formatChange","GOOD"
"db340eff-fe04-4814-ac6f-c8fb5ad5fd7b","D09","PRPO","PRPO.AOS.groundwater.well.003","PRPO.W3.20181015.FIL","A00000049705","2018-10-15T15:49Z","2018-10-15T15:49Z","EcoCore_CSU","UV Absorbance (250 nm)",0.0767,,5.6,,0,"formatChange","GOOD"
"103bf169-7a6c-416a-b551-f5217900aa26","D09","PRPO","PRPO.AOS.groundwater.well.003","PRPO.W3.20181015.RAW","A00000049701","2018-10-15T15:49Z","2018-10-15T15:49Z","EcoCore_CSU","ANC",2.6200,"milliequivalentsPerLiter",5.6,,0,"formatChange","GOOD"
"84caa1ef-83f3-4771-85b6-9943cb385178","D09","PRPO","PRPO.AOS.groundwater.well.003","PRPO.W3.20181015.FIL","A00000049705","2018-10-15T15:49Z","2018-10-15T15:49Z","EcoCore_CSU","Mg",130.1000,"milligramsPerLiter",5.6,,0,"formatChange","GOOD"
"d34a0029-d7fb-4062-bc30-f146f87d5794","D09","PRPO","PRPO.AOS.groundwater.well.003","PRPO.W3.20181015.RAW","A00000049701","2018-10-15T15:49Z","2018-10-15T15:49Z","EcoCore_CSU","TSS",104.0000,"milligramsPerLiter",5.6,,0,"formatChange","GOOD"
"f1f79ca9-bc94-4094-9af8-7749214c2f54","D09","PRPO","PRPO.AOS.groundwater.well.003","PRPO.W3.20181015.FIL","A00000049705","2018-10-15T15:49Z","2018-10-15T15:49Z","EcoCore_CSU","Cl",0.5729,"milligramsPerLiter",5.6,,0,"formatChange","GOOD"
"e1ebc10a-73c4-4386-ba13-99517bc0bdbe","D09","PRPO","PRPO.AOS.groundwater.well.003","PRPO.W3.20181015.PCN","A00000049708","2018-10-15T15:49Z","2018-10-15T15:49Z","EcoCore_CSU","TPN",0.1071,"milligram",5.6,,0,"formatChange","GOOD"
"de131a2c-09bf-4717-b35b-b7b2561c2c9a","D09","PRPO","PRPO.AOS.groundwater.well.003","PRPO.W3.20181015.RAW","A00000049701","2018-10-15T15:49Z","2018-10-15T15:49Z","EcoCore_CSU","TSS - Dry Mass",5200.0000,"microgram",5.6,,0,"formatChange","GOOD"
"88735699-523d-4be1-b645-b2b9961418d9","D09","PRPO","PRPO.AOS.groundwater.well.003","PRPO.W3.20181015.FIL","A00000049705","2018-10-15T15:49Z","2018-10-15T15:49Z","EcoCore_CSU","Mn",0.0005,"milligramsPerLiter",5.6,,0,"formatChange","GOOD"
"c6cb4a4b-b717-4dab-9080-23ce47143474","D09","PRPO","PRPO.AOS.groundwater.well.003","PRPO.W3.20181015.PCN","A00000049708","2018-10-15T15:49Z","2018-10-15T15:49Z","EcoCore_CSU","TPC",0.4310,"milligram",5.6,,0,"formatChange","GOOD"
"75770939-2c43-4ee9-a99d-02dfe50dbd83","D09","PRPO","PRPO.AOS.groundwater.well.003","PRPO.W3.20181015.RAW","A00000049701","2018-10-15T15:49Z","2018-10-15T15:49Z","EcoCore_CSU","TP",0.3316,"milligramsPerLiter",5.6,,0,"formatChange","GOOD"
"bddf4e32-567b-42d0-bdd5-b8083d6c1984","D09","PRPO","PRPO.AOS.groundwater.well.003","PRPO.W3.20181015.RAW","A00000049701","2018-10-15T15:49Z","2018-10-15T15:49Z","EcoCore_CSU","TOC",4.7860,"milligramsPerLiter",5.6,,0,"formatChange","GOOD"
"4b09d9da-d77b-4a76-8507-d7f053b9fcdd","D09","PRPO","PRPO.AOS.groundwater.well.003","PRPO.W3.20181015.RAW","A00000049701","2018-10-15T15:49Z","2018-10-15T15:49Z","EcoCore_CSU","pH",7.2700,"pH",5.6,,0,"formatChange","GOOD"
"3161570f-aa35-48ea-8ac8-43e590df0b7a","D09","PRPO","PRPO.AOS.groundwater.well.005","PRPO.W5.20181015.FIL","A00000049706","2018-10-15T16:54Z","2018-10-15T16:54Z","EcoCore_CSU","Ortho - P",0.2190,"milligramsPerLiter",5.6,,0,"formatChange","GOOD"
"973e670a-6f51-4418-8f74-1fbd26816f16","D09","PRPO","PRPO.AOS.groundwater.well.005","PRPO.W5.20181015.RAW","A00000049702","2018-10-15T16:54Z","2018-10-15T16:54Z","EcoCore_CSU","TP",0.2170,"milligramsPerLiter",5.6,,0,"formatChange","GOOD"
"15860e8e-e81d-4196-a537-e8b6afb1fedf","D09","PRPO","PRPO.AOS.groundwater.well.005","PRPO.W5.20181015.FIL","A00000049706","2018-10-15T16:54Z","2018-10-15T16:54Z","EcoCore_CSU","Ca",343.7850,"milligramsPerLiter",5.6,,0,"formatChange","GOOD"
"88504321-35a5-4079-9e65-ae890a23eb1b","D09","PRPO","PRPO.AOS.groundwater.well.005","PRPO.W5.20181015.FIL","A00000049706","2018-10-15T16:54Z","2018-10-15T16:54Z","EcoCore_CSU","F",0.0050,"milligramsPerLiter",5.6,,0,"formatChange","GOOD"
"3707ad77-f322-407f-9f5b-9c6f6306c5b9","D09","PRPO","PRPO.AOS.groundwater.well.005","PRPO.W5.20181015.FIL","A00000049706","2018-10-15T16:54Z","2018-10-15T16:54Z","EcoCore_CSU","NO2 - N",0.0222,"milligramsPerLiter",5.6,,0,"formatChange","GOOD"
"9f518588-cd2d-44a7-9e47-55412058690a","D09","PRPO","PRPO.AOS.groundwater.well.005","PRPO.W5.20181015.FIL","A00000049706","2018-10-15T16:54Z","2018-10-15T16:54Z","EcoCore_CSU","Br",0.0050,"milligramsPerLiter",5.6,,0,"formatChange","GOOD"
"e698cc63-c69f-4bce-93a5-4171d2bef1a3","D09","PRPO","PRPO.AOS.groundwater.well.005","PRPO.W5.20181015.FIL","A00000049706","2018-10-15T16:54Z","2018-10-15T16:54Z","EcoCore_CSU","NO3+NO2 - N",0.0801,"milligramsPerLiter",5.6,,0,"formatChange","GOOD"
"bbb34fb6-fcfd-431b-b7c4-d83cd121be12","D09","PRPO","PRPO.AOS.groundwater.well.005","PRPO.W5.20181015.FIL","A00000049706","2018-10-15T16:54Z","2018-10-15T16:54Z","EcoCore_CSU","TDP",0.0005,"milligramsPerLiter",5.6,,0,"formatChange","GOOD"
"1b9b9db7-27e8-4cf1-ac5a-013759354134","D09","PRPO","PRPO.AOS.groundwater.well.005","PRPO.W5.20181015.FIL","A00000049706","2018-10-15T16:54Z","2018-10-15T16:54Z","EcoCore_CSU","CO3",0.0050,"milligramsPerLiter",5.6,,0,"formatChange","GOOD"
"a32a310f-bbd0-4373-bb99-1f37c849a1ee","D09","PRPO","PRPO.AOS.groundwater.well.005","PRPO.W5.20181015.FIL","A00000049706","2018-10-15T16:54Z","2018-10-15T16:54Z","EcoCore_CSU","Fe",0.0005,"milligramsPerLiter",5.6,,0,"formatChange","GOOD"
"18687a54-c47f-4d35-b14f-faef57bdd855","D09","PRPO","PRPO.AOS.groundwater.well.005","PRPO.W5.20181015.FIL","A00000049706","2018-10-15T16:54Z","2018-10-15T16:54Z","EcoCore_CSU","NH4 - N",0.0343,"milligramsPerLiter",5.6,,0,"formatChange","GOOD"
"01cfe312-e48c-4db0-94ab-be0baac913c8","D09","PRPO","PRPO.AOS.groundwater.well.005","PRPO.W5.20181015.FIL","A00000049706","2018-10-15T16:54Z","2018-10-15T16:54Z","EcoCore_CSU","Na",317.4000,"milligramsPerLiter",5.6,,0,"formatChange","GOOD"
"76a822d4-1a1c-42cb-af58-b8df00e975b9","D09","PRPO","PRPO.AOS.groundwater.well.005","PRPO.W5.20181015.FIL","A00000049706","2018-10-15T16:54Z","2018-10-15T16:54Z","EcoCore_CSU","DOC",10.0500,"milligramsPerLiter",5.6,,0,"formatChange","GOOD"
"96b3fb14-8b97-4839-95b4-65061ea1d0e7","D09","PRPO","PRPO.AOS.groundwater.well.005","PRPO.W5.20181015.FIL","A00000049706","2018-10-15T16:54Z","2018-10-15T16:54Z","EcoCore_CSU","TDS",3.5200,"milligramsPerLiter",5.6,,0,"formatChange","GOOD"
"6d853fbc-a79a-4aee-94a8-a15d306c6900","D09","PRPO","PRPO.AOS.groundwater.well.005","PRPO.W5.20181015.RAW","A00000049702","2018-10-15T16:54Z","2018-10-15T16:54Z","EcoCore_CSU","TOC",10.1100,"milligramsPerLiter",5.6,,0,"formatChange","GOOD"
"51a536ca-7a6f-4926-b0bc-c71b64898e8e","D09","PRPO","PRPO.AOS.groundwater.well.005","PRPO.W5.20181015.RAW","A00000049702","2018-10-15T16:54Z","2018-10-15T16:54Z","EcoCore_CSU","TSS",22.0000,"milligramsPerLiter",5.6,,0,"formatChange","GOOD"
"b43296cd-4671-4bcc-8648-d7d26d9981b6","D09","PRPO","PRPO.AOS.groundwater.well.005","PRPO.W5.20181015.FIL","A00000049706","2018-10-15T16:54Z","2018-10-15T16:54Z","EcoCore_CSU","UV Absorbance (280 nm)",0.0774,,5.6,,0,"formatChange","GOOD"
"837851e8-0bf5-46d6-8ec3-2aaca0710284","D09","PRPO","PRPO.AOS.groundwater.well.005","PRPO.W5.20181015.RAW","A00000049702","2018-10-15T16:54Z","2018-10-15T16:54Z","EcoCore_CSU","conductivity",4.7450,"microsiemensPerCentimeter",5.6,,0,"formatChange","GOOD"
"8a0b3247-ee9b-4ba7-bdf7-edd0d8aa51df","D09","PRPO","PRPO.AOS.groundwater.well.005","PRPO.W5.20181015.FIL","A00000049706","2018-10-15T16:54Z","2018-10-15T16:54Z","EcoCore_CSU","SO4",1990.4200,"milligramsPerLiter",5.6,,0,"formatChange","GOOD"
"fe6f8916-6c51-4f27-8f0c-f6336fa3cccd","D09","PRPO","PRPO.AOS.groundwater.well.005","PRPO.W5.20181015.FIL","A00000049706","2018-10-15T16:54Z","2018-10-15T16:54Z","EcoCore_CSU","Mn",0.0005,"milligramsPerLiter",5.6,,0,"formatChange","GOOD"
"f1b894a2-8146-46c4-8444-0c017e5fd150","D09","PRPO","PRPO.AOS.groundwater.well.005","PRPO.W5.20181015.RAW","A00000049702","2018-10-15T16:54Z","2018-10-15T16:54Z","EcoCore_CSU","pH",7.4000,"pH",5.6,,0,"formatChange","GOOD"
"5d9bb6f6-dff4-4393-8c6c-f8ff9737018c","D09","PRPO","PRPO.AOS.groundwater.well.005","PRPO.W5.20181015.RAW","A00000049702","2018-10-15T16:54Z","2018-10-15T16:54Z","EcoCore_CSU","ANC",4.5700,"milliequivalentsPerLiter",5.6,,0,"formatChange","GOOD"
"8d0f223a-2076-4d3d-b3ff-158eb9ea6b39","D09","PRPO","PRPO.AOS.groundwater.well.005","PRPO.W5.20181015.FIL","A00000049706","2018-10-15T16:54Z","2018-10-15T16:54Z","EcoCore_CSU","Cl",40.8078,"milligramsPerLiter",5.6,,0,"formatChange","GOOD"
"46e886ff-f803-4153-b23a-47f5312d385c","D09","PRPO","PRPO.AOS.groundwater.well.005","PRPO.W5.20181015.PCN","A00000049725","2018-10-15T16:54Z","2018-10-15T16:54Z","EcoCore_CSU","TPN",0.0895,"milligram",5.6,,0,"formatChange","GOOD"
"1f5a6c92-de3e-4cc1-92f7-3a603863f9b1","D09","PRPO","PRPO.AOS.groundwater.well.005","PRPO.W5.20181015.RAW","A00000049702","2018-10-15T16:54Z","2018-10-15T16:54Z","EcoCore_CSU","TSS - Dry Mass",1100.0000,"microgram",5.6,,0,"formatChange","GOOD"
"f3a9d8ed-320f-4e51-8846-2273230cd33c","D09","PRPO","PRPO.AOS.groundwater.well.005","PRPO.W5.20181015.FIL","A00000049706","2018-10-15T16:54Z","2018-10-15T16:54Z","EcoCore_CSU","TDN",0.6020,"milligramsPerLiter",5.6,,0,"formatChange","GOOD"
"a13c0487-9ed2-4cb5-a944-78e7d7951255","D09","PRPO","PRPO.AOS.groundwater.well.005","PRPO.W5.20181015.FIL","A00000049706","2018-10-15T16:54Z","2018-10-15T16:54Z","EcoCore_CSU","K",21.4700,"milligramsPerLiter",5.6,,0,"formatChange","GOOD"
"e9b06e5b-bdd4-43d6-a8b3-0d1dec579da6","D09","PRPO","PRPO.AOS.groundwater.well.005","PRPO.W5.20181015.PCN","A00000049725","2018-10-15T16:54Z","2018-10-15T16:54Z","EcoCore_CSU","TPC",0.2751,"milligram",5.6,,0,"formatChange","GOOD"
"0818f267-6121-4a41-b007-ace4ae0e1dd5","D09","PRPO","PRPO.AOS.groundwater.well.005","PRPO.W5.20181015.FIL","A00000049706","2018-10-15T16:54Z","2018-10-15T16:54Z","EcoCore_CSU","HCO3",258.1400,"milligramsPerLiter",5.6,,0,"formatChange","GOOD"
"72a07884-6cce-43ef-9fe7-19d15407fa76","D09","PRPO","PRPO.AOS.groundwater.well.005","PRPO.W5.20181015.FIL","A00000049706","2018-10-15T16:54Z","2018-10-15T16:54Z","EcoCore_CSU","UV Absorbance (250 nm)",0.1372,,5.6,,0,"formatChange","GOOD"
"e6dafdc8-19a6-47b7-8fca-65838b0b7ae5","D09","PRPO","PRPO.AOS.groundwater.well.005","PRPO.W5.20181015.FIL","A00000049706","2018-10-15T16:54Z","2018-10-15T16:54Z","EcoCore_CSU","DIC",125.5000,"milligramsPerLiter",5.6,,0,"formatChange","GOOD"
"b7569240-9daf-4094-b459-b22d4ef77a67","D09","PRPO","PRPO.AOS.groundwater.well.005","PRPO.W5.20181015.FIL","A00000049706","2018-10-15T16:54Z","2018-10-15T16:54Z","EcoCore_CSU","Mg",183.6000,"milligramsPerLiter",5.6,,0,"formatChange","GOOD"
"b939435c-d278-4ed9-b0ee-9f486a490e21","D09","PRPO","PRPO.AOS.groundwater.well.005","PRPO.W5.20181015.RAW","A00000049702","2018-10-15T16:54Z","2018-10-15T16:54Z","EcoCore_CSU","TN",0.6149,"milligramsPerLiter",5.6,,0,"formatChange","GOOD"
"a1ae1519-163a-4170-bd02-418d2fd7b353","D09","PRPO","PRPO.AOS.groundwater.well.005","PRPO.W5.20181015.FIL","A00000049706","2018-10-15T16:54Z","2018-10-15T16:54Z","EcoCore_CSU","Si",15.4643,"milligramsPerLiter",5.6,,0,"formatChange","GOOD"
"07eaecb8-8bb9-4fd0-934b-09a18bfb432d","D09","PRPO","PRPO.AOS.groundwater.well.007","PRPO.W7.20181015.RAW","A00000049703","2018-10-15T18:26Z","2018-10-15T18:26Z","EcoCore_CSU","conductivity",1155.0000,"microsiemensPerCentimeter",5.6,,0,"formatChange","GOOD"
"e7fd2287-f4fd-4ba6-b12b-78f07411edfe","D09","PRPO","PRPO.AOS.groundwater.well.007","PRPO.W7.20181015.FIL","A00000049707","2018-10-15T18:26Z","2018-10-15T18:26Z","EcoCore_CSU","Mg",68.2500,"milligramsPerLiter",5.6,,0,"formatChange","GOOD"
"28712a6c-9772-493a-8467-e0153320a711","D09","PRPO","PRPO.AOS.groundwater.well.007","PRPO.W7.20181015.RAW","A00000049703","2018-10-15T18:26Z","2018-10-15T18:26Z","EcoCore_CSU","TOC",3.8430,"milligramsPerLiter",5.6,,0,"formatChange","GOOD"
"43cd874d-1d8e-4c76-8c9f-79ed4e5930ad","D09","PRPO","PRPO.AOS.groundwater.well.007","PRPO.W7.20181015.FIL","A00000049707","2018-10-15T18:26Z","2018-10-15T18:26Z","EcoCore_CSU","K",5.2120,"milligramsPerLiter",5.6,,0,"formatChange","GOOD"
"9f2bc3b0-77e4-4266-8a50-ef284a599b4c","D09","PRPO","PRPO.AOS.groundwater.well.007","PRPO.W7.20181015.FIL","A00000049707","2018-10-15T18:26Z","2018-10-15T18:26Z","EcoCore_CSU","NO2 - N",0.0231,"milligramsPerLiter",5.6,,0,"formatChange","GOOD"
"85c11018-a304-4e4e-874d-9a4d655a236b","D09","PRPO","PRPO.AOS.groundwater.well.007","PRPO.W7.20181015.PCN","A00000049709","2018-10-15T18:26Z","2018-10-15T18:26Z","EcoCore_CSU","TPC",0.3093,"milligram",5.6,,0,"formatChange","GOOD"
"2789bb86-9fee-41a0-a2b8-16358d903806","D09","PRPO","PRPO.AOS.groundwater.well.007","PRPO.W7.20181015.RAW","A00000049703","2018-10-15T18:26Z","2018-10-15T18:26Z","EcoCore_CSU","pH",7.4900,"pH",5.6,,0,"formatChange","GOOD"
"d613fb5a-42c9-4bbf-8f09-66ebda35f561","D09","PRPO","PRPO.AOS.groundwater.well.007","PRPO.W7.20181015.RAW","A00000049703","2018-10-15T18:26Z","2018-10-15T18:26Z","EcoCore_CSU","TN",0.1371,"milligramsPerLiter",5.6,,0,"formatChange","GOOD"
"06e8fb1d-72a2-451b-8beb-1fb4c680cafc","D09","PRPO","PRPO.AOS.groundwater.well.007","PRPO.W7.20181015.FIL","A00000049707","2018-10-15T18:26Z","2018-10-15T18:26Z","EcoCore_CSU","HCO3",182.6727,"milligramsPerLiter",5.6,,0,"formatChange","GOOD"
"5a955405-1410-419e-81fe-6a70f1e07b9e","D09","PRPO","PRPO.AOS.groundwater.well.007","PRPO.W7.20181015.FIL","A00000049707","2018-10-15T18:26Z","2018-10-15T18:26Z","EcoCore_CSU","Si",16.8012,"milligramsPerLiter",5.6,,0,"formatChange","GOOD"
"bb3d8ca9-ee98-4da9-a001-982d13b8848d","D09","PRPO","PRPO.AOS.groundwater.well.007","PRPO.W7.20181015.RAW","A00000049703","2018-10-15T18:26Z","2018-10-15T18:26Z","EcoCore_CSU","TSS",22.0000,"milligramsPerLiter",5.6,,0,"formatChange","GOOD"
"8e4c70f4-c777-440a-b9ed-b86cc76354e7","D09","PRPO","PRPO.AOS.groundwater.well.007","PRPO.W7.20181015.RAW","A00000049703","2018-10-15T18:26Z","2018-10-15T18:26Z","EcoCore_CSU","ANC",30.1000,"milliequivalentsPerLiter",5.6,,0,"formatChange","GOOD"
"a56fe615-662c-4037-8624-64fa622dc6a9","D09","PRPO","PRPO.AOS.groundwater.well.007","PRPO.W7.20181015.FIL","A00000049707","2018-10-15T18:26Z","2018-10-15T18:26Z","EcoCore_CSU","DOC",3.1950,"milligramsPerLiter",5.6,,0,"formatChange","GOOD"
"306e8d5c-e120-44ec-aaba-d608be1be49f","D09","PRPO","PRPO.AOS.groundwater.well.007","PRPO.W7.20181015.RAW","A00000049703","2018-10-15T18:26Z","2018-10-15T18:26Z","EcoCore_CSU","TP",0.1601,"milligramsPerLiter",5.6,,0,"formatChange","GOOD"
"07ecfca4-4d57-414b-9606-dbe9ac291fdd","D09","PRPO","PRPO.AOS.groundwater.well.007","PRPO.W7.20181015.FIL","A00000049707","2018-10-15T18:26Z","2018-10-15T18:26Z","EcoCore_CSU","NH4 - N",0.0397,"milligramsPerLiter",5.6,,0,"formatChange","GOOD"
"ed49f2d0-0cd2-4fe3-b65e-1ea7b98dbfde","D09","PRPO","PRPO.AOS.groundwater.well.007","PRPO.W7.20181015.FIL","A00000049707","2018-10-15T18:26Z","2018-10-15T18:26Z","EcoCore_CSU","Ortho - P",0.1810,"milligramsPerLiter",5.6,,0,"formatChange","GOOD"
"3a959bc0-9867-4dac-89a1-ee8d4a18427a","D09","PRPO","PRPO.AOS.groundwater.well.007","PRPO.W7.20181015.FIL","A00000049707","2018-10-15T18:26Z","2018-10-15T18:26Z","EcoCore_CSU","DIC",113.8000,"milligramsPerLiter",5.6,,0,"formatChange","GOOD"
"b4eb678b-675d-43f4-8e27-3ebecad7b316","D09","PRPO","PRPO.AOS.groundwater.well.007","PRPO.W7.20181015.FIL","A00000049707","2018-10-15T18:26Z","2018-10-15T18:26Z","EcoCore_CSU","Cl",24.8900,"milligramsPerLiter",5.6,,0,"formatChange","GOOD"
"aa06f639-dacc-49c1-90f0-e0ff7ab223b8","D09","PRPO","PRPO.AOS.groundwater.well.007","PRPO.W7.20181015.FIL","A00000049707","2018-10-15T18:26Z","2018-10-15T18:26Z","EcoCore_CSU","CO3",0.0050,"milligramsPerLiter",5.6,,0,"formatChange","GOOD"
"ee708dc9-2729-4463-99b0-fc4b5f4bb5d8","D09","PRPO","PRPO.AOS.groundwater.well.007","PRPO.W7.20181015.FIL","A00000049707","2018-10-15T18:26Z","2018-10-15T18:26Z","EcoCore_CSU","UV Absorbance (280 nm)",0.0360,,5.6,,0,"formatChange","GOOD"
"f3f42134-9b08-4c0e-9358-a728c3605e21","D09","PRPO","PRPO.AOS.groundwater.well.007","PRPO.W7.20181015.FIL","A00000049707","2018-10-15T18:26Z","2018-10-15T18:26Z","EcoCore_CSU","Na",15.9800,"milligramsPerLiter",5.6,,0,"formatChange","GOOD"
"c7975bd6-3672-4b38-9ab8-38f03517b8fa","D09","PRPO","PRPO.AOS.groundwater.well.007","PRPO.W7.20181015.RAW","A00000049703","2018-10-15T18:26Z","2018-10-15T18:26Z","EcoCore_CSU","TSS - Dry Mass",1100.0000,"microgram",5.6,,0,"formatChange","GOOD"
"6534bb40-9ef5-4f42-b416-d34e6f78a4f2","D09","PRPO","PRPO.AOS.groundwater.well.007","PRPO.W7.20181015.FIL","A00000049707","2018-10-15T18:26Z","2018-10-15T18:26Z","EcoCore_CSU","TDS",809.6400,"milligramsPerLiter",5.6,,0,"formatChange","GOOD"
"739ff720-6e42-4e52-ac23-b7a88463fb67","D09","PRPO","PRPO.AOS.groundwater.well.007","PRPO.W7.20181015.FIL","A00000049707","2018-10-15T18:26Z","2018-10-15T18:26Z","EcoCore_CSU","Fe",0.0005,"milligramsPerLiter",5.6,,0,"formatChange","GOOD"
"e0d27809-b226-4498-999f-3ed920801db2","D09","PRPO","PRPO.AOS.groundwater.well.007","PRPO.W7.20181015.FIL","A00000049707","2018-10-15T18:26Z","2018-10-15T18:26Z","EcoCore_CSU","F",0.0050,"milligramsPerLiter",5.6,,0,"formatChange","GOOD"
"8fa27963-fb48-4028-9e50-653bb6e97d03","D09","PRPO","PRPO.AOS.groundwater.well.007","PRPO.W7.20181015.FIL","A00000049707","2018-10-15T18:26Z","2018-10-15T18:26Z","EcoCore_CSU","TDN",0.0918,"milligramsPerLiter",5.6,,0,"formatChange","GOOD"
"bc51625d-4639-435f-9d25-3ed288a0fca2","D09","PRPO","PRPO.AOS.groundwater.well.007","PRPO.W7.20181015.FIL","A00000049707","2018-10-15T18:26Z","2018-10-15T18:26Z","EcoCore_CSU","Ca",50.6163,"milligramsPerLiter",5.6,,0,"formatChange","GOOD"
"ae467995-6aec-4ff2-b776-dc58adae340f","D09","PRPO","PRPO.AOS.groundwater.well.007","PRPO.W7.20181015.FIL","A00000049707","2018-10-15T18:26Z","2018-10-15T18:26Z","EcoCore_CSU","SO4",290.4900,"milligramsPerLiter",5.6,,0,"formatChange","GOOD"
"5300bffe-6c76-41c0-b716-2edeef407c9c","D09","PRPO","PRPO.AOS.groundwater.well.007","PRPO.W7.20181015.PCN","A00000049709","2018-10-15T18:26Z","2018-10-15T18:26Z","EcoCore_CSU","TPN",0.0872,"milligram",5.6,,0,"formatChange","GOOD"
"4051a623-2555-4716-bd57-0194166ab3a6","D09","PRPO","PRPO.AOS.groundwater.well.007","PRPO.W7.20181015.FIL","A00000049707","2018-10-15T18:26Z","2018-10-15T18:26Z","EcoCore_CSU","TDP",0.0005,"milligramsPerLiter",5.6,,0,"formatChange","GOOD"
"6dc4c203-1e2a-4a48-99c9-5430cfda6a84","D09","PRPO","PRPO.AOS.groundwater.well.007","PRPO.W7.20181015.FIL","A00000049707","2018-10-15T18:26Z","2018-10-15T18:26Z","EcoCore_CSU","Mn",0.0005,"milligramsPerLiter",5.6,,0,"formatChange","GOOD"
"408d5026-ab37-409c-a9aa-23c5e9ba5fd7","D09","PRPO","PRPO.AOS.groundwater.well.007","PRPO.W7.20181015.FIL","A00000049707","2018-10-15T18:26Z","2018-10-15T18:26Z","EcoCore_CSU","Br",0.0050,"milligramsPerLiter",5.6,,0,"formatChange","GOOD"
"ad508b85-aea1-4fd2-8a64-f69ab6a348a9","D09","PRPO","PRPO.AOS.groundwater.well.007","PRPO.W7.20181015.FIL","A00000049707","2018-10-15T18:26Z","2018-10-15T18:26Z","EcoCore_CSU","UV Absorbance (250 nm)",0.0539,,5.6,,0,"formatChange","GOOD"
"f8d843b2-1fde-45f5-9616-4eaecacd3459","D09","PRPO","PRPO.AOS.groundwater.well.007","PRPO.W7.20181015.FIL","A00000049707","2018-10-15T18:26Z","2018-10-15T18:26Z","EcoCore_CSU","NO3+NO2 - N",0.0627,"milligramsPerLiter",5.6,,0,"formatChange","GOOD"
