uid,domainID,siteID,namedLocation,sampleID,sampleCode,startDate,collectDate,laboratoryName,analyte,analyteConcentration,analyteUnits,coolerTemp,remarks,shipmentWarmQF,externalLabDataQF,sampleCondition
"11bf1d1b-3a13-4abb-9df6-a2b88be5007d","D07","WALK","WALK.AOS.groundwater.well.001","WALK.W1.20170221.FIL",,"2017-02-21T15:15Z","2017-02-21T15:15Z","EcoCore_CSU","Fe",0.0393,"milligramsPerLiter",3.5,,0,"formatChange|legacyData","GOOD"
"8f5b07cb-6429-40b2-ac56-c0b2e5235fe9","D07","WALK","WALK.AOS.groundwater.well.001","WALK.W1.20170221.FIL",,"2017-02-21T15:15Z","2017-02-21T15:15Z","EcoCore_CSU","Ca",39.2220,"milligramsPerLiter",3.5,,0,"formatChange|legacyData","GOOD"
"7ea7638b-71db-4364-8c51-faa057adfa06","D07","WALK","WALK.AOS.groundwater.well.001","WALK.W1.20170221.FIL",,"2017-02-21T15:15Z","2017-02-21T15:15Z","EcoCore_CSU","Mg",17.5255,"milligramsPerLiter",3.5,,0,"formatChange|legacyData","GOOD"
"e088a5f6-201a-4351-bceb-750dd29713b0","D07","WALK","WALK.AOS.groundwater.well.001","WALK.W1.20170221.FIL",,"2017-02-21T15:15Z","2017-02-21T15:15Z","EcoCore_CSU","NO3+NO2 - N",0.0910,"milligramsPerLiter",3.5,,0,"formatChange|legacyData","GOOD"
"92351bdd-0d6f-4cfb-ba7b-c83f789cf255","D07","WALK","WALK.AOS.groundwater.well.001","WALK.W1.20170221.FIL",,"2017-02-21T15:15Z","2017-02-21T15:15Z","EcoCore_CSU","SO4",6.6618,"milligramsPerLiter",3.5,,0,"formatChange|legacyData","GOOD"
"77d5b898-da7d-4010-b981-636ed799f19b","D07","WALK","WALK.AOS.groundwater.well.001","WALK.W1.20170221.FIL",,"2017-02-21T15:15Z","2017-02-21T15:15Z","EcoCore_CSU","Ortho - P",0.0350,"milligramsPerLiter",3.5,,0,"formatChange|legacyData","GOOD"
"00212994-5570-400d-aa66-2f5007350de3","D07","WALK","WALK.AOS.groundwater.well.001","WALK.W1.20170221.FIL",,"2017-02-21T15:15Z","2017-02-21T15:15Z","EcoCore_CSU","F",0.4259,"milligramsPerLiter",3.5,,0,"formatChange|legacyData","GOOD"
"84df1c3e-a18d-4086-9a9d-6fbc0bf75fb3","D07","WALK","WALK.AOS.groundwater.well.001","WALK.W1.20170221.FIL",,"2017-02-21T15:15Z","2017-02-21T15:15Z","EcoCore_CSU","UV Absorbance (250 nm)",0.0289,,3.5,,0,"formatChange|legacyData","GOOD"
"582c9c50-142c-44e5-987e-c1597b7981a1","D07","WALK","WALK.AOS.groundwater.well.001","WALK.W1.20170221.RAW",,"2017-02-21T15:15Z","2017-02-21T15:15Z","EcoCore_CSU","TSS",96.0000,"milligramsPerLiter",3.5,,0,"formatChange|legacyData","GOOD"
"5c9ca0a5-b5b6-4872-9cc5-f41aadc6a48c","D07","WALK","WALK.AOS.groundwater.well.001","WALK.W1.20170221.PCN",,"2017-02-21T15:15Z","2017-02-21T15:15Z","EcoCore_CSU","TPN",0.0909,"milligram",3.5,,0,"formatChange|legacyData","GOOD"
"6ca197cd-eae2-44fa-bebd-981bae938c26","D07","WALK","WALK.AOS.groundwater.well.001","WALK.W1.20170221.RAW",,"2017-02-21T15:15Z","2017-02-21T15:15Z","EcoCore_CSU","TOC",0.6390,"milligramsPerLiter",3.5,,0,"formatChange|legacyData","GOOD"
"36fe1326-ae2a-4d5d-a183-c88d4d1b3842","D07","WALK","WALK.AOS.groundwater.well.001","WALK.W1.20170221.FIL",,"2017-02-21T15:15Z","2017-02-21T15:15Z","EcoCore_CSU","TDN",0.1077,"milligramsPerLiter",3.5,,0,"formatChange|legacyData","GOOD"
"c6d24aca-a814-46ca-8438-aaf2a822c2d0","D07","WALK","WALK.AOS.groundwater.well.001","WALK.W1.20170221.FIL",,"2017-02-21T15:15Z","2017-02-21T15:15Z","EcoCore_CSU","DIC",40.8200,"milligramsPerLiter",3.5,,0,"formatChange|legacyData","GOOD"
"9260c51c-bbed-449c-8cc6-b95a2d3698c2","D07","WALK","WALK.AOS.groundwater.well.001","WALK.W1.20170221.RAW",,"2017-02-21T15:15Z","2017-02-21T15:15Z","EcoCore_CSU","TP",0.0120,"milligramsPerLiter",3.5,,0,"formatChange|legacyData","GOOD"
"5ed066d6-3d38-455c-bb73-85f579dd7192","D07","WALK","WALK.AOS.groundwater.well.001","WALK.W1.20170221.FIL",,"2017-02-21T15:15Z","2017-02-21T15:15Z","EcoCore_CSU","Br",0.0050,"milligramsPerLiter",3.5,,0,"formatChange|legacyData","GOOD"
"e296f30b-a9d9-4250-85a8-9caee14c8ee9","D07","WALK","WALK.AOS.groundwater.well.001","WALK.W1.20170221.FIL",,"2017-02-21T15:15Z","2017-02-21T15:15Z","EcoCore_CSU","Si",3.9011,"milligramsPerLiter",3.5,,0,"formatChange|legacyData","GOOD"
"c2de1a80-a5cb-4def-868e-434267806565","D07","WALK","WALK.AOS.groundwater.well.001","WALK.W1.20170221.FIL",,"2017-02-21T15:15Z","2017-02-21T15:15Z","EcoCore_CSU","Mn",0.0023,"milligramsPerLiter",3.5,,0,"formatChange|legacyData","GOOD"
"a5281861-7c2c-40a7-a63c-e5dd29538647","D07","WALK","WALK.AOS.groundwater.well.001","WALK.W1.20170221.FIL",,"2017-02-21T15:15Z","2017-02-21T15:15Z","EcoCore_CSU","TDS",220.6400,"milligramsPerLiter",3.5,,0,"formatChange|legacyData","GOOD"
"d42fe2a7-0576-4761-b2d9-4e045f8be563","D07","WALK","WALK.AOS.groundwater.well.001","WALK.W1.20170221.RAW",,"2017-02-21T15:15Z","2017-02-21T15:15Z","EcoCore_CSU","conductivity",324.9000,"microsiemensPerCentimeter",3.5,,0,"formatChange|legacyData","GOOD"
"0c58486b-aedc-4aca-b552-94f7ef65179b","D07","WALK","WALK.AOS.groundwater.well.001","WALK.W1.20170221.RAW",,"2017-02-21T15:15Z","2017-02-21T15:15Z","EcoCore_CSU","TN",0.1005,"milligramsPerLiter",3.5,,0,"formatChange|legacyData","GOOD"
"8c8a4dca-d277-4906-84f8-ebbf2766415c","D07","WALK","WALK.AOS.groundwater.well.001","WALK.W1.20170221.FIL",,"2017-02-21T15:15Z","2017-02-21T15:15Z","EcoCore_CSU","HCO3",195.2100,"milligramsPerLiter",3.5,,0,"formatChange|legacyData","GOOD"
"6bb86b23-d53d-4ded-ba36-62487a8a072a","D07","WALK","WALK.AOS.groundwater.well.001","WALK.W1.20170221.FIL",,"2017-02-21T15:15Z","2017-02-21T15:15Z","EcoCore_CSU","NH4 - N",0.0150,"milligramsPerLiter",3.5,,0,"formatChange|legacyData","GOOD"
"b10dafdc-91a4-4232-aab1-4be5c9bfa918","D07","WALK","WALK.AOS.groundwater.well.001","WALK.W1.20170221.RAW",,"2017-02-21T15:15Z","2017-02-21T15:15Z","EcoCore_CSU","ANC",3.3570,"milliequivalentsPerLiter",3.5,,0,"formatChange|legacyData","GOOD"
"88267b1d-0673-476e-b523-f50c4bc5d98a","D07","WALK","WALK.AOS.groundwater.well.001","WALK.W1.20170221.RAW",,"2017-02-21T15:15Z","2017-02-21T15:15Z","EcoCore_CSU","TSS - Dry Mass",96000.0000,"microgram",3.5,,0,"formatChange|legacyData","GOOD"
"a6695e78-36c0-4a1f-b324-d6ac3379bed7","D07","WALK","WALK.AOS.groundwater.well.001","WALK.W1.20170221.FIL",,"2017-02-21T15:15Z","2017-02-21T15:15Z","EcoCore_CSU","CO3",0.0050,"milligramsPerLiter",3.5,,0,"formatChange|legacyData","GOOD"
"d2d5de2d-47cd-4d6f-9afb-dfce0f41b62e","D07","WALK","WALK.AOS.groundwater.well.001","WALK.W1.20170221.FIL",,"2017-02-21T15:15Z","2017-02-21T15:15Z","EcoCore_CSU","K",0.8217,"milligramsPerLiter",3.5,,0,"formatChange|legacyData","GOOD"
"a9ac22e8-52e5-490a-adea-7983b4a03dc2","D07","WALK","WALK.AOS.groundwater.well.001","WALK.W1.20170221.FIL",,"2017-02-21T15:15Z","2017-02-21T15:15Z","EcoCore_CSU","NO2 - N",0.0410,"milligramsPerLiter",3.5,,0,"formatChange|legacyData","GOOD"
"acabc541-2760-468b-92a4-9b717ca315df","D07","WALK","WALK.AOS.groundwater.well.001","WALK.W1.20170221.FIL",,"2017-02-21T15:15Z","2017-02-21T15:15Z","EcoCore_CSU","Na",0.6783,"milligramsPerLiter",3.5,,0,"formatChange|legacyData","GOOD"
"0d5767fc-3c80-4468-99ab-9e3dd7c90048","D07","WALK","WALK.AOS.groundwater.well.001","WALK.W1.20170221.FIL",,"2017-02-21T15:15Z","2017-02-21T15:15Z","EcoCore_CSU","TDP",0.0065,"milligramsPerLiter",3.5,,0,"formatChange|legacyData","GOOD"
"53b975fd-9022-42ae-84b6-88bfe4a827aa","D07","WALK","WALK.AOS.groundwater.well.001","WALK.W1.20170221.FIL",,"2017-02-21T15:15Z","2017-02-21T15:15Z","EcoCore_CSU","DOC",0.5740,"milligramsPerLiter",3.5,,0,"formatChange|legacyData","GOOD"
"71975aaf-e74c-4404-84dc-59be3c5c1660","D07","WALK","WALK.AOS.groundwater.well.001","WALK.W1.20170221.FIL",,"2017-02-21T15:15Z","2017-02-21T15:15Z","EcoCore_CSU","Cl",1.2849,"milligramsPerLiter",3.5,,0,"formatChange|legacyData","GOOD"
"b859666a-4a3b-4b13-b74f-60e8bfe25612","D07","WALK","WALK.AOS.groundwater.well.001","WALK.W1.20170221.RAW",,"2017-02-21T15:15Z","2017-02-21T15:15Z","EcoCore_CSU","pH",7.7200,"pH",3.5,,0,"formatChange|legacyData","GOOD"
"27f1739e-2d0d-4486-8242-78817092dc9f","D07","WALK","WALK.AOS.groundwater.well.001","WALK.W1.20170221.PCN",,"2017-02-21T15:15Z","2017-02-21T15:15Z","EcoCore_CSU","TPC",0.2635,"milligram",3.5,,0,"formatChange|legacyData","GOOD"
"7eb6349c-d392-4e45-8d2f-9547f950f686","D07","WALK","WALK.AOS.groundwater.well.001","WALK.W1.20170221.FIL",,"2017-02-21T15:15Z","2017-02-21T15:15Z","EcoCore_CSU","UV Absorbance (280 nm)",0.0281,,3.5,,0,"formatChange|legacyData","GOOD"
"b5debd5d-440f-452a-90ca-1cc2a99c1db3","D07","WALK","WALK.AOS.groundwater.well.002","WALK.W2.20170221.FIL",,"2017-02-21T16:15Z","2017-02-21T16:15Z","EcoCore_CSU","Br",0.0050,"milligramsPerLiter",4.7,,0,"formatChange|legacyData","GOOD"
"3927a124-a8de-4c88-836d-e908fbab2e44","D07","WALK","WALK.AOS.groundwater.well.002","WALK.W2.20170221.FIL",,"2017-02-21T16:15Z","2017-02-21T16:15Z","EcoCore_CSU","DOC",0.7215,"milligramsPerLiter",4.7,,0,"formatChange|legacyData","GOOD"
"b0aec104-e28e-4f52-ac7a-0a3e5083821c","D07","WALK","WALK.AOS.groundwater.well.002","WALK.W2.20170221.FIL",,"2017-02-21T16:15Z","2017-02-21T16:15Z","EcoCore_CSU","UV Absorbance (250 nm)",0.0323,,4.7,,0,"formatChange|legacyData","GOOD"
"6085b913-7007-4ad5-a7fc-cb582d379239","D07","WALK","WALK.AOS.groundwater.well.002","WALK.W2.20170221.RAW",,"2017-02-21T16:15Z","2017-02-21T16:15Z","EcoCore_CSU","ANC",2.3690,"milliequivalentsPerLiter",4.7,,0,"formatChange|legacyData","GOOD"
"65286ee1-ff3d-43f9-84f6-68abb7e50645","D07","WALK","WALK.AOS.groundwater.well.002","WALK.W2.20170221.FIL",,"2017-02-21T16:15Z","2017-02-21T16:15Z","EcoCore_CSU","NO3+NO2 - N",0.0350,"milligramsPerLiter",4.7,,0,"formatChange|legacyData","GOOD"
"a12cc327-42a5-42c0-be3d-0b9ffae7eb46","D07","WALK","WALK.AOS.groundwater.well.002","WALK.W2.20170221.FIL",,"2017-02-21T16:15Z","2017-02-21T16:15Z","EcoCore_CSU","HCO3",132.3500,"milligramsPerLiter",4.7,,0,"formatChange|legacyData","GOOD"
"72e2c2ca-d0ea-4d51-89a3-3ddb766033ea","D07","WALK","WALK.AOS.groundwater.well.002","WALK.W2.20170221.FIL",,"2017-02-21T16:15Z","2017-02-21T16:15Z","EcoCore_CSU","Mn",0.1921,"milligramsPerLiter",4.7,,0,"formatChange|legacyData","GOOD"
"4cbe3dd4-70c8-4878-a150-4827349d8626","D07","WALK","WALK.AOS.groundwater.well.002","WALK.W2.20170221.FIL",,"2017-02-21T16:15Z","2017-02-21T16:15Z","EcoCore_CSU","NO2 - N",0.0220,"milligramsPerLiter",4.7,,0,"formatChange|legacyData","GOOD"
"5539d931-7266-4f4a-b94e-7f51a5aace7c","D07","WALK","WALK.AOS.groundwater.well.002","WALK.W2.20170221.FIL",,"2017-02-21T16:15Z","2017-02-21T16:15Z","EcoCore_CSU","Ca",26.7020,"milligramsPerLiter",4.7,,0,"formatChange|legacyData","GOOD"
"38507499-18f3-479b-91ec-efe5b5d62ea6","D07","WALK","WALK.AOS.groundwater.well.002","WALK.W2.20170221.FIL",,"2017-02-21T16:15Z","2017-02-21T16:15Z","EcoCore_CSU","Ortho - P",0.0310,"milligramsPerLiter",4.7,,0,"formatChange|legacyData","GOOD"
"f559f8a6-f14b-44fe-87f6-b7846ccf9f16","D07","WALK","WALK.AOS.groundwater.well.002","WALK.W2.20170221.PCN",,"2017-02-21T16:15Z","2017-02-21T16:15Z","EcoCore_CSU","TPC",0.2534,"milligram",4.7,,0,"formatChange|legacyData","GOOD"
"06707ba8-8762-4abe-9a72-74c323bb1c52","D07","WALK","WALK.AOS.groundwater.well.002","WALK.W2.20170221.FIL",,"2017-02-21T16:15Z","2017-02-21T16:15Z","EcoCore_CSU","SO4",2.9364,"milligramsPerLiter",4.7,,0,"formatChange|legacyData","GOOD"
"bebadb88-9b98-4180-b89d-9da698ce0099","D07","WALK","WALK.AOS.groundwater.well.002","WALK.W2.20170221.RAW",,"2017-02-21T16:15Z","2017-02-21T16:15Z","EcoCore_CSU","TOC",0.8156,"milligramsPerLiter",4.7,,0,"formatChange|legacyData","GOOD"
"da49f388-1f41-49a1-ae00-3b013c0750cd","D07","WALK","WALK.AOS.groundwater.well.002","WALK.W2.20170221.RAW",,"2017-02-21T16:15Z","2017-02-21T16:15Z","EcoCore_CSU","TSS",28.0000,"milligramsPerLiter",4.7,,0,"formatChange|legacyData","GOOD"
"7a92a939-339a-40fb-82e6-e325534dfdaf","D07","WALK","WALK.AOS.groundwater.well.002","WALK.W2.20170221.FIL",,"2017-02-21T16:15Z","2017-02-21T16:15Z","EcoCore_CSU","TDS",148.6900,"milligramsPerLiter",4.7,,0,"formatChange|legacyData","GOOD"
"f63cfe2f-5416-4eaf-ad90-aa545e90b3ba","D07","WALK","WALK.AOS.groundwater.well.002","WALK.W2.20170221.RAW",,"2017-02-21T16:15Z","2017-02-21T16:15Z","EcoCore_CSU","TN",0.1181,"milligramsPerLiter",4.7,,0,"formatChange|legacyData","GOOD"
"92c450a4-114a-4970-95ef-7b19ede1f771","D07","WALK","WALK.AOS.groundwater.well.002","WALK.W2.20170221.RAW",,"2017-02-21T16:15Z","2017-02-21T16:15Z","EcoCore_CSU","TP",0.0210,"milligramsPerLiter",4.7,,0,"formatChange|legacyData","GOOD"
"ff6b2797-3a93-41f4-babc-bba349fc92b9","D07","WALK","WALK.AOS.groundwater.well.002","WALK.W2.20170221.FIL",,"2017-02-21T16:15Z","2017-02-21T16:15Z","EcoCore_CSU","DIC",28.1700,"milligramsPerLiter",4.7,,0,"formatChange|legacyData","GOOD"
"377625e4-d5a4-4fa5-a758-8061bdeb9cbe","D07","WALK","WALK.AOS.groundwater.well.002","WALK.W2.20170221.FIL",,"2017-02-21T16:15Z","2017-02-21T16:15Z","EcoCore_CSU","CO3",0.0050,"milligramsPerLiter",4.7,,0,"formatChange|legacyData","GOOD"
"b65e9483-3bf9-4179-b4f1-563299d9ac2f","D07","WALK","WALK.AOS.groundwater.well.002","WALK.W2.20170221.FIL",,"2017-02-21T16:15Z","2017-02-21T16:15Z","EcoCore_CSU","Cl",1.0877,"milligramsPerLiter",4.7,,0,"formatChange|legacyData","GOOD"
"f02102ff-787b-486b-9bbc-9764021e87df","D07","WALK","WALK.AOS.groundwater.well.002","WALK.W2.20170221.FIL",,"2017-02-21T16:15Z","2017-02-21T16:15Z","EcoCore_CSU","F",0.0050,"milligramsPerLiter",4.7,,0,"formatChange|legacyData","GOOD"
"a43c9515-708b-4049-ab0b-8c9c5d71d07e","D07","WALK","WALK.AOS.groundwater.well.002","WALK.W2.20170221.FIL",,"2017-02-21T16:15Z","2017-02-21T16:15Z","EcoCore_CSU","Na",0.6490,"milligramsPerLiter",4.7,,0,"formatChange|legacyData","GOOD"
"2ade8728-a0b4-4616-a316-27b14a59cee5","D07","WALK","WALK.AOS.groundwater.well.002","WALK.W2.20170221.FIL",,"2017-02-21T16:15Z","2017-02-21T16:15Z","EcoCore_CSU","Si",3.5656,"milligramsPerLiter",4.7,,0,"formatChange|legacyData","GOOD"
"4296d39f-6277-471a-8998-42e5b080e6bf","D07","WALK","WALK.AOS.groundwater.well.002","WALK.W2.20170221.FIL",,"2017-02-21T16:15Z","2017-02-21T16:15Z","EcoCore_CSU","Fe",0.0113,"milligramsPerLiter",4.7,,0,"formatChange|legacyData","GOOD"
"eb5181f3-ddf7-4e9c-afd7-d2fd377c5300","D07","WALK","WALK.AOS.groundwater.well.002","WALK.W2.20170221.PCN",,"2017-02-21T16:15Z","2017-02-21T16:15Z","EcoCore_CSU","TPN",0.1200,"milligram",4.7,,0,"formatChange|legacyData","GOOD"
"975aac35-330a-44eb-9613-ef25746ba587","D07","WALK","WALK.AOS.groundwater.well.002","WALK.W2.20170221.RAW",,"2017-02-21T16:15Z","2017-02-21T16:15Z","EcoCore_CSU","TSS - Dry Mass",28000.0000,"microgram",4.7,,0,"formatChange|legacyData","GOOD"
"dcd47ee7-dbfd-447d-adc0-1c1cb3d52131","D07","WALK","WALK.AOS.groundwater.well.002","WALK.W2.20170221.FIL",,"2017-02-21T16:15Z","2017-02-21T16:15Z","EcoCore_CSU","Mg",11.2495,"milligramsPerLiter",4.7,,0,"formatChange|legacyData","GOOD"
"9f54ad40-4cbd-418e-a8ac-cae96b154253","D07","WALK","WALK.AOS.groundwater.well.002","WALK.W2.20170221.FIL",,"2017-02-21T16:15Z","2017-02-21T16:15Z","EcoCore_CSU","TDN",0.1043,"milligramsPerLiter",4.7,,0,"formatChange|legacyData","GOOD"
"4589fa7b-f3a9-4e66-9872-f09af7d8ac25","D07","WALK","WALK.AOS.groundwater.well.002","WALK.W2.20170221.FIL",,"2017-02-21T16:15Z","2017-02-21T16:15Z","EcoCore_CSU","NH4 - N",0.0520,"milligramsPerLiter",4.7,,0,"formatChange|legacyData","GOOD"
"11aeb378-f279-4e9d-9bbd-f0507b75b408","D07","WALK","WALK.AOS.groundwater.well.002","WALK.W2.20170221.FIL",,"2017-02-21T16:15Z","2017-02-21T16:15Z","EcoCore_CSU","K",0.6360,"milligramsPerLiter",4.7,,0,"formatChange|legacyData","GOOD"
"42073949-7ecf-4017-8147-626bcccb30e6","D07","WALK","WALK.AOS.groundwater.well.002","WALK.W2.20170221.RAW",,"2017-02-21T16:15Z","2017-02-21T16:15Z","EcoCore_CSU","pH",7.5500,"pH",4.7,,0,"formatChange|legacyData","GOOD"
"c1d3bebd-ce76-47fc-af77-e05cd9257db5","D07","WALK","WALK.AOS.groundwater.well.002","WALK.W2.20170221.RAW",,"2017-02-21T16:15Z","2017-02-21T16:15Z","EcoCore_CSU","conductivity",215.4000,"microsiemensPerCentimeter",4.7,,0,"formatChange|legacyData","GOOD"
"1d829464-2188-4135-9c81-a661a83d9361","D07","WALK","WALK.AOS.groundwater.well.002","WALK.W2.20170221.FIL",,"2017-02-21T16:15Z","2017-02-21T16:15Z","EcoCore_CSU","UV Absorbance (280 nm)",0.0292,,4.7,,0,"formatChange|legacyData","GOOD"
"87c7a8d5-f281-49dd-aa80-40a4ede44d25","D07","WALK","WALK.AOS.groundwater.well.002","WALK.W2.20170221.FIL",,"2017-02-21T16:15Z","2017-02-21T16:15Z","EcoCore_CSU","TDP",0.0175,"milligramsPerLiter",4.7,,0,"formatChange|legacyData","GOOD"
"33fe5630-8f56-400b-953c-ac0e70dc96b3","D07","WALK","WALK.AOS.groundwater.well.003","WALK.W3.20170222.RAW",,"2017-02-22T15:45Z","2017-02-22T15:45Z","EcoCore_CSU","TN",0.0976,"milligramsPerLiter",6.5,,1,"formatChange|legacyData","GOOD"
"3c05e82a-1e41-4a51-abfa-8b9c8c78d411","D07","WALK","WALK.AOS.groundwater.well.003","WALK.W3.20170222.FIL",,"2017-02-22T15:45Z","2017-02-22T15:45Z","EcoCore_CSU","DOC",0.6344,"milligramsPerLiter",6.5,,1,"formatChange|legacyData","GOOD"
"da73f29d-e037-40d3-b44f-0a29f8b03b30","D07","WALK","WALK.AOS.groundwater.well.003","WALK.W3.20170222.FIL",,"2017-02-22T15:45Z","2017-02-22T15:45Z","EcoCore_CSU","Si",3.9172,"milligramsPerLiter",6.5,,1,"formatChange|legacyData","GOOD"
"35c8c4b5-1261-4c35-9139-3f0602980d8e","D07","WALK","WALK.AOS.groundwater.well.003","WALK.W3.20170222.RAW",,"2017-02-22T15:45Z","2017-02-22T15:45Z","EcoCore_CSU","pH",7.7000,"pH",6.5,,1,"formatChange|legacyData","GOOD"
"ac651dbd-96d2-4e7d-a927-19f746d4f808","D07","WALK","WALK.AOS.groundwater.well.003","WALK.W3.20170222.FIL",,"2017-02-22T15:45Z","2017-02-22T15:45Z","EcoCore_CSU","TDP",0.0045,"milligramsPerLiter",6.5,,1,"formatChange|legacyData","GOOD"
"e9836467-75ad-4369-bf3e-0560943d74fa","D07","WALK","WALK.AOS.groundwater.well.003","WALK.W3.20170222.RAW",,"2017-02-22T15:45Z","2017-02-22T15:45Z","EcoCore_CSU","TOC",0.7929,"milligramsPerLiter",6.5,,1,"formatChange|legacyData","GOOD"
"241db3a4-c3fa-42a2-b135-332c0c05f579","D07","WALK","WALK.AOS.groundwater.well.003","WALK.W3.20170222.FIL",,"2017-02-22T15:45Z","2017-02-22T15:45Z","EcoCore_CSU","HCO3",132.7300,"milligramsPerLiter",6.5,,1,"formatChange|legacyData","GOOD"
"23865551-aecb-44f6-91a5-c76080fcfd76","D07","WALK","WALK.AOS.groundwater.well.003","WALK.W3.20170222.PCN",,"2017-02-22T15:45Z","2017-02-22T15:45Z","EcoCore_CSU","TPC",0.2563,"milligram",6.5,,1,"formatChange|legacyData","GOOD"
"afa041a4-9783-4a97-8ec3-32a2be6b0be5","D07","WALK","WALK.AOS.groundwater.well.003","WALK.W3.20170222.FIL",,"2017-02-22T15:45Z","2017-02-22T15:45Z","EcoCore_CSU","Ca",24.0420,"milligramsPerLiter",6.5,,1,"formatChange|legacyData","GOOD"
"752ec0ef-c450-4b3e-83ba-d9ff2a8e3bfd","D07","WALK","WALK.AOS.groundwater.well.003","WALK.W3.20170222.FIL",,"2017-02-22T15:45Z","2017-02-22T15:45Z","EcoCore_CSU","Fe",0.0650,"milligramsPerLiter",6.5,,1,"formatChange|legacyData","GOOD"
"f837718f-3be0-4ce4-a6f6-27b63804cde5","D07","WALK","WALK.AOS.groundwater.well.003","WALK.W3.20170222.FIL",,"2017-02-22T15:45Z","2017-02-22T15:45Z","EcoCore_CSU","NH4 - N",0.0150,"milligramsPerLiter",6.5,,1,"formatChange|legacyData","GOOD"
"3073c729-7a8b-49a6-8194-6871559201bf","D07","WALK","WALK.AOS.groundwater.well.003","WALK.W3.20170222.FIL",,"2017-02-22T15:45Z","2017-02-22T15:45Z","EcoCore_CSU","Na",0.8210,"milligramsPerLiter",6.5,,1,"formatChange|legacyData","GOOD"
"ca70a637-c252-48f9-adec-41f1a7af9d5b","D07","WALK","WALK.AOS.groundwater.well.003","WALK.W3.20170222.RAW",,"2017-02-22T15:45Z","2017-02-22T15:45Z","EcoCore_CSU","TP",0.0191,"milligramsPerLiter",6.5,,1,"formatChange|legacyData","GOOD"
"d8f997c6-5da9-4a7c-bbce-2a48295f8b90","D07","WALK","WALK.AOS.groundwater.well.003","WALK.W3.20170222.FIL",,"2017-02-22T15:45Z","2017-02-22T15:45Z","EcoCore_CSU","UV Absorbance (280 nm)",0.0167,,6.5,,1,"formatChange|legacyData","GOOD"
"ca0d4b83-171b-426e-8a94-79eef76be870","D07","WALK","WALK.AOS.groundwater.well.003","WALK.W3.20170222.FIL",,"2017-02-22T15:45Z","2017-02-22T15:45Z","EcoCore_CSU","SO4",3.0069,"milligramsPerLiter",6.5,,1,"formatChange|legacyData","GOOD"
"e9b78b29-75ac-4a32-8efa-d24a71d74c31","D07","WALK","WALK.AOS.groundwater.well.003","WALK.W3.20170222.RAW",,"2017-02-22T15:45Z","2017-02-22T15:45Z","EcoCore_CSU","conductivity",227.1000,"microsiemensPerCentimeter",6.5,,1,"formatChange|legacyData","GOOD"
"6e70963e-8558-4065-a025-be213b8bacdc","D07","WALK","WALK.AOS.groundwater.well.003","WALK.W3.20170222.FIL",,"2017-02-22T15:45Z","2017-02-22T15:45Z","EcoCore_CSU","NO3+NO2 - N",0.0400,"milligramsPerLiter",6.5,,1,"formatChange|legacyData","GOOD"
"c7465c79-8f28-4c51-8476-9d2a3b13733a","D07","WALK","WALK.AOS.groundwater.well.003","WALK.W3.20170222.PCN",,"2017-02-22T15:45Z","2017-02-22T15:45Z","EcoCore_CSU","TPN",0.0773,"milligram",6.5,,1,"formatChange|legacyData","GOOD"
"4e17520b-ba62-4318-bfd0-1c6b36b772cf","D07","WALK","WALK.AOS.groundwater.well.003","WALK.W3.20170222.FIL",,"2017-02-22T15:45Z","2017-02-22T15:45Z","EcoCore_CSU","K",0.5795,"milligramsPerLiter",6.5,,1,"formatChange|legacyData","GOOD"
"cd40de69-a993-456e-b092-9e112bbb389a","D07","WALK","WALK.AOS.groundwater.well.003","WALK.W3.20170222.RAW",,"2017-02-22T15:45Z","2017-02-22T15:45Z","EcoCore_CSU","TSS - Dry Mass",52000.0000,"microgram",6.5,,1,"formatChange|legacyData","GOOD"
"f6c288f0-0e65-458d-95da-623633334f59","D07","WALK","WALK.AOS.groundwater.well.003","WALK.W3.20170222.FIL",,"2017-02-22T15:45Z","2017-02-22T15:45Z","EcoCore_CSU","CO3",0.0050,"milligramsPerLiter",6.5,,1,"formatChange|legacyData","GOOD"
"dcaa5323-2ef2-413a-bf63-e79317f067dd","D07","WALK","WALK.AOS.groundwater.well.003","WALK.W3.20170222.FIL",,"2017-02-22T15:45Z","2017-02-22T15:45Z","EcoCore_CSU","F",0.0050,"milligramsPerLiter",6.5,,1,"formatChange|legacyData","GOOD"
"94a9b6b2-1e69-4cf1-8f76-7234bd10d434","D07","WALK","WALK.AOS.groundwater.well.003","WALK.W3.20170222.FIL",,"2017-02-22T15:45Z","2017-02-22T15:45Z","EcoCore_CSU","TDS",157.0200,"milligramsPerLiter",6.5,,1,"formatChange|legacyData","GOOD"
"aa606299-93e4-405b-bbfb-bb1821f24136","D07","WALK","WALK.AOS.groundwater.well.003","WALK.W3.20170222.FIL",,"2017-02-22T15:45Z","2017-02-22T15:45Z","EcoCore_CSU","Mn",0.0046,"milligramsPerLiter",6.5,,1,"formatChange|legacyData","GOOD"
"525773fa-6bd8-4cd0-bec1-8af12eb1d7f2","D07","WALK","WALK.AOS.groundwater.well.003","WALK.W3.20170222.FIL",,"2017-02-22T15:45Z","2017-02-22T15:45Z","EcoCore_CSU","Cl",1.1759,"milligramsPerLiter",6.5,,1,"formatChange|legacyData","GOOD"
"05bce21b-1ed5-4e31-91b1-91f94919830d","D07","WALK","WALK.AOS.groundwater.well.003","WALK.W3.20170222.FIL",,"2017-02-22T15:45Z","2017-02-22T15:45Z","EcoCore_CSU","Br",0.0050,"milligramsPerLiter",6.5,,1,"formatChange|legacyData","GOOD"
"3579164d-ace2-400b-95ff-d2ff88df5bed","D07","WALK","WALK.AOS.groundwater.well.003","WALK.W3.20170222.FIL",,"2017-02-22T15:45Z","2017-02-22T15:45Z","EcoCore_CSU","TDN",0.0025,"milligramsPerLiter",6.5,,1,"formatChange|legacyData","GOOD"
"2b79c2da-d912-4883-b96d-368e20a3397d","D07","WALK","WALK.AOS.groundwater.well.003","WALK.W3.20170222.FIL",,"2017-02-22T15:45Z","2017-02-22T15:45Z","EcoCore_CSU","UV Absorbance (250 nm)",0.0194,,6.5,,1,"formatChange|legacyData","GOOD"
"e7d8c086-7472-4018-9479-e9dec6f187b2","D07","WALK","WALK.AOS.groundwater.well.003","WALK.W3.20170222.FIL",,"2017-02-22T15:45Z","2017-02-22T15:45Z","EcoCore_CSU","DIC",26.9100,"milligramsPerLiter",6.5,,1,"formatChange|legacyData","GOOD"
"9821ee22-90da-4a29-ba42-81593d8e8c2f","D07","WALK","WALK.AOS.groundwater.well.003","WALK.W3.20170222.FIL",,"2017-02-22T15:45Z","2017-02-22T15:45Z","EcoCore_CSU","Mg",12.3280,"milligramsPerLiter",6.5,,1,"formatChange|legacyData","GOOD"
"d259a9c9-076f-418b-88e5-e90720147972","D07","WALK","WALK.AOS.groundwater.well.003","WALK.W3.20170222.RAW",,"2017-02-22T15:45Z","2017-02-22T15:45Z","EcoCore_CSU","ANC",2.2590,"milliequivalentsPerLiter",6.5,,1,"formatChange|legacyData","GOOD"
"d709c7ef-b45e-4698-b99d-0c477a695636","D07","WALK","WALK.AOS.groundwater.well.003","WALK.W3.20170222.RAW",,"2017-02-22T15:45Z","2017-02-22T15:45Z","EcoCore_CSU","TSS",52.0000,"milligramsPerLiter",6.5,,1,"formatChange|legacyData","GOOD"
"23f1d338-f6bd-4c01-865f-8b37d5033fa0","D07","WALK","WALK.AOS.groundwater.well.003","WALK.W3.20170222.FIL",,"2017-02-22T15:45Z","2017-02-22T15:45Z","EcoCore_CSU","Ortho - P",0.0320,"milligramsPerLiter",6.5,,1,"formatChange|legacyData","GOOD"
"a97a15ad-02de-4136-aa96-9df7c871c2ae","D07","WALK","WALK.AOS.groundwater.well.003","WALK.W3.20170222.FIL",,"2017-02-22T15:45Z","2017-02-22T15:45Z","EcoCore_CSU","NO2 - N",0.0150,"milligramsPerLiter",6.5,,1,"formatChange|legacyData","GOOD"
