uid,domainID,siteID,namedLocation,decimalLatitude,decimalLongitude,coordinateUncertainty,elevation,elevationUncertainty,geodeticDatum,collectDate,aquaticSiteType,samplingImpractical,waterChemSamplesCollected,adequateSampleVol,parentSampleID,eventID,swcSamplingProtocolVersion,sampleExtractionMethod,samplerType,totalWellDepth,wellWaterDepth,waterColumnHeight,sampleDepth,purgeAverageDischargeRate,purgeTime,gwWellStabilized,purgeDryDateTime,pumpPlacementDate,screenedIntervalDepth,maxAllowableDrawdown,actualDrawdown,MADExceeded,wellVolumePurged,probeIDUnavailable,dissolvedOxygen,dissolvedOxygenSaturation,specificConductance,waterTemp,pH,waterClarityDescrip,waterColorDescrip,aCollectedBy,bCollectedBy,remarks
"75256121-2c9b-4bee-8b9e-c2af0b14e7f0","D02","POSE","POSE.AOS.groundwater.well.002",38.894218,-78.147360,0.1,278.4,0.1,"WGS84","2016-07-13T13:31Z","stream",,,,"POSE.W2.20160713","POSE.20160713","NEON.DOC.002905vE","low-flow","Groundwater Pump",3.0,1.7,1.4,2.5,,,,,,,,,,,,4.22,43.90,103.10,17.40,,"clear","colorless","jcoloso@battelleecology.org","kgeiger@battelleecology.org",
"d3826c13-05bd-4073-8acd-e1f929149360","D02","POSE","POSE.AOS.groundwater.well.003",38.894304,-78.147503,0.1,278.6,0.1,"WGS84","2016-07-13T15:24Z","stream",,,,"POSE.W3.20160713","POSE.20160713",,"low-flow","Groundwater Pump",4.2,2.5,1.8,3.5,,,,,,,,,,,,7.24,76.90,100.60,18.10,,"clear","colorless","jcoloso@battelleecology.org","kgeiger@battelleecology.org",
"bb1c5d43-fec4-4ce4-8a6d-571e534a7bb4","D02","POSE","POSE.AOS.groundwater.well.006",38.894973,-78.147373,0.1,276.3,0.1,"WGS84","2016-07-13T17:27Z","stream",,,,"POSE.W6.20160713","POSE.20160713","NEON.DOC.002905vE","low-flow","Groundwater Pump",4.4,1.3,3.1,2.3,,,,,,,,,,,,1.67,18.60,166.50,20.70,,"clear","colorless","jcoloso@battelleecology.org","kgeiger@battelleecology.org","Water warmed up because of slow flow rate"
"f3f70577-ed37-4a33-882d-9f12b49f49c9","D02","POSE","POSE.AOS.groundwater.well.008",38.895235,-78.147951,0.1,273.2,0.1,"WGS84","2016-07-13T18:36Z","stream",,,,"POSE.W8.20160713","POSE.20160713","NEON.DOC.002905vE","low-flow","Groundwater Pump",3.1,1.2,2.0,2.2,,,,,,,,,,,,5.25,54.60,153.30,16.90,,"clear","colorless","jcoloso@battelleecology.org","kgeiger@battelleecology.org","Water warmed up because of slow flow rate"
