uid,domainID,siteID,namedLocation,collectDate,parentSampleID,sampleCondition,sampleID,replicateNumber,gwwDICBubbleFree,gwwFiltSampleHeadspace,gwwAlkSampleHeadspace,gwwAlkSampleBubbleFree,processedDate,processedDateFilters,sampleVolumeFiltered,shipmentTimeRange
"79ab81a1-ba86-4ebd-a1ef-57b869a1413c","D02","POSE","POSE.AOS.groundwater.well.002","2016-07-13T13:31Z","POSE.W2.20160713","Sample condition ok","POSE.W2.20160713",1,,,,,,,,
"de3eb9f3-95f5-4afc-87bf-3babc40a0d49","D02","POSE","POSE.AOS.groundwater.well.003","2016-07-13T15:24Z","POSE.W3.20160713","Sample condition ok","POSE.W3.20160713",1,,,,,,,,
"62408775-8ce0-4e97-b1ca-2d8d2a6fa5ef","D02","POSE","POSE.AOS.groundwater.well.006","2016-07-13T17:27Z","POSE.W6.20160713","Sample condition ok","POSE.W6.20160713",1,,,,,"2016-07-13T17:27Z","2016-07-13T17:27Z",,
"e4d3277a-747a-4ec7-b61a-3a4f9b42d99a","D02","POSE","POSE.AOS.groundwater.well.008","2016-07-13T18:36Z","POSE.W8.20160713","Sample condition ok","POSE.W8.20160713",1,,,,,,,,
