uid,domainID,siteID,namedLocation,collectDate,titrationDate,parentSampleID,domainSampleID,remarks,measuredBy,alkMeqPerL,alkMgPerL,ancMeqPerL,ancMgPerL
"9b7007e8-2224-4868-98ba-f1af22e625be","D02","POSE","POSE.AOS.groundwater.well.002","2016-07-13T13:31Z","2016-07-14T13:25Z","POSE.W2.20160713","POSE.W2.20160713.ALK",,"kgeiger@field-ops.org",0.750,37.300,,
"be8eedde-5399-4d42-bf6d-231950511989","D02","POSE","POSE.AOS.groundwater.well.002","2016-07-13T13:31Z","2016-07-14T13:05Z","POSE.W2.20160713","POSE.W2.20160713.ANC",,"kgeiger@field-ops.org",,,0.840,42.000
"f5a291ca-eb39-4f22-a1e9-5c9b374ba5bf","D02","POSE","POSE.AOS.groundwater.well.003","2016-07-13T15:24Z","2016-07-14T13:54Z","POSE.W3.20160713","POSE.W3.20160713.ANC",,"kgeiger@field-ops.org",,,0.670,33.500
"6b114e05-b678-4020-ac43-8735bb1f81a8","D02","POSE","POSE.AOS.groundwater.well.003","2016-07-13T15:24Z","2016-07-14T14:20Z","POSE.W3.20160713","POSE.W3.20160713.ALK",,"kgeiger@field-ops.org",0.600,29.800,,
"9507d464-a233-4989-8cb1-10575af2d5f5","D02","POSE","POSE.AOS.groundwater.well.006","2016-07-13T17:27Z","2016-07-14T15:12Z","POSE.W6.20160713","POSE.W6.20160713.ANC",,"jcoloso@neoninc.org",,,1.300,64.900
"1cb4d814-446f-4644-80b7-6e5b5190af38","D02","POSE","POSE.AOS.groundwater.well.006","2016-07-13T17:27Z","2016-07-14T14:41Z","POSE.W6.20160713","POSE.W6.20160713.ALK",,"jcoloso@neoninc.org",1.280,64.100,,
"9e05d3ee-29cc-4657-b2f6-dd62fc163ae9","D02","POSE","POSE.AOS.groundwater.well.008","2016-07-13T18:36Z","2016-07-14T15:30Z","POSE.W8.20160713","POSE.W8.20160713.ALK",,"jcoloso@neoninc.org",1.260,63.100,,
"5c0969c9-7411-4742-9e44-df92c091264a","D02","POSE","POSE.AOS.groundwater.well.008","2016-07-13T18:36Z","2016-07-14T15:47Z","POSE.W8.20160713","POSE.W8.20160713.ANC",,"jcoloso@neoninc.org",,,1.220,61.100
