uid,domainID,siteID,namedLocation,decimalLatitude,decimalLongitude,coordinateUncertainty,elevation,elevationUncertainty,geodeticDatum,collectDate,aquaticSiteType,samplingImpractical,waterChemSamplesCollected,adequateSampleVol,parentSampleID,eventID,swcSamplingProtocolVersion,sampleExtractionMethod,samplerType,totalWellDepth,wellWaterDepth,waterColumnHeight,sampleDepth,purgeAverageDischargeRate,purgeTime,gwWellStabilized,purgeDryDateTime,pumpPlacementDate,screenedIntervalDepth,maxAllowableDrawdown,actualDrawdown,MADExceeded,wellVolumePurged,probeIDUnavailable,dissolvedOxygen,dissolvedOxygenSaturation,specificConductance,waterTemp,pH,waterClarityDescrip,waterColorDescrip,aCollectedBy,bCollectedBy,remarks
"d7cdc087-5748-4113-bd21-07988f12df0d","D03","BARC","BARC.AOS.groundwater.well.006",29.674068,-82.008257,0.1,29.6,0.1,"WGS84","2016-04-05T14:15Z","lake",,,,"BARC.W6.20160405","BARC.20160405","NEON.DOC.002905vB","low-flow",,,4.8,,9.2,,,,,,,,,,3.8,,7.97,102.70,69.10,28.80,,,,"ksandusky@neoninc.org","echartrand@neoninc.org","11.59m total depth"
"3174685b-cbd5-4e31-94ca-0ceb39b9f615","D03","BARC","BARC.AOS.groundwater.well.005",29.674046,-82.007170,0.1,29.9,0.1,"WGS84","2016-04-05T17:00Z","lake",,,,"BARC.W5.20160405","BARC.20160405","NEON.DOC.002905vB","low-flow",,,5.3,,9.2,,,,,,,,,,2.8,,6.06,72.30,46.10,24.30,,,,"ksandusky@neoninc.org","echartrand@neoninc.org","discharge fluctuated a bit 85ml/min was the average"
"ce37e169-b716-408d-81d1-68422b5c53c9","D03","BARC","BARC.AOS.groundwater.well.001",29.678574,-82.008577,0.1,30.1,0.1,"WGS84","2016-04-08T17:12Z","lake",,,,"BARC.W1.20160408","BARC.20160408","NEON.DOC.002905vB","low-flow",,,8.1,,10.0,,,,,,,,,,4.3,,7.31,92.10,21.90,27.20,,,,"ksandusky@neoninc.org","echartrand@neoninc.org","13.10m total depth 4.98m to water"
"90475370-b3ad-4d78-b726-113e50b07a87","D03","BARC","BARC.AOS.groundwater.well.008",29.678049,-82.009175,0.1,30.3,0.1,"WGS84","2016-04-08T18:49Z","lake",,,,"BARC.W8.20160408","BARC.20160408","NEON.DOC.002905vB","low-flow",,,7.5,,10.7,,,,,,,,,,6.4,,8.49,101.40,23.30,25.90,,,,"ksandusky@neoninc.org","echartrand@neoninc.org","root system found wrapped around pump in GW8 no affect on performance noted."
