uid,domainID,siteID,namedLocation,collectDate,titrationDate,parentSampleID,domainSampleID,remarks,measuredBy,alkMeqPerL,alkMgPerL,ancMeqPerL,ancMgPerL
"6492da66-cea2-4e25-a6c4-5891842b7b03","D03","BARC","BARC.AOS.groundwater.well.006","2016-04-05T14:15Z","2016-04-05T20:00Z","BARC.W6.20160405","BARC.W6.20160405.ANC","no pH meter check recorded","ksandusky@neoninc.org",,,-0.010,-0.740
"34da1831-e17b-467d-869e-25535f9407b4","D03","BARC","BARC.AOS.groundwater.well.006","2016-04-05T14:15Z","2016-04-05T20:00Z","BARC.W6.20160405","BARC.W6.20160405.ALK","no pH meter check recorded","ksandusky@neoninc.org",-0.010,-0.660,,
"b643c770-3954-4012-9d0b-8a08fd02fad3","D03","BARC","BARC.AOS.groundwater.well.001","2016-04-08T17:12Z","2016-04-08T22:00Z","BARC.W1.20160408","BARC.W1.20160408.ANC","no pH check recorded","ksandusky@neoninc.org",,,-0.020,-1.190
"87b42c3b-9725-4fb2-a5a0-7916aa37b81a","D03","BARC","BARC.AOS.groundwater.well.001","2016-04-08T17:12Z","2016-04-08T22:00Z","BARC.W1.20160408","BARC.W1.20160408.ALK","no pH meter check recorded","ksandusky@neoninc.org",0.000,0.070,,
"c0a748df-3e10-4149-a65d-0346926bf56c","D03","BARC","BARC.AOS.groundwater.well.008","2016-04-08T18:49Z","2016-04-08T22:00Z","BARC.W8.20160408","BARC.W8.20160408.ALK","no pH meter check recorded","ksandusky@neoninc.org",0.010,0.350,,
"dc05ee4f-213c-4e2c-92ed-e627a8f9bd8c","D03","BARC","BARC.AOS.groundwater.well.008","2016-04-08T18:49Z","2016-04-08T22:00Z","BARC.W8.20160408","BARC.W8.20160408.ANC","no pH meter check recorded","ksandusky@neoninc.org",,,0.010,0.300
