uid,domainID,siteID,namedLocation,decimalLatitude,decimalLongitude,coordinateUncertainty,elevation,elevationUncertainty,geodeticDatum,collectDate,aquaticSiteType,samplingImpractical,waterChemSamplesCollected,adequateSampleVol,parentSampleID,eventID,swcSamplingProtocolVersion,sampleExtractionMethod,samplerType,totalWellDepth,wellWaterDepth,waterColumnHeight,sampleDepth,purgeAverageDischargeRate,purgeTime,gwWellStabilized,purgeDryDateTime,pumpPlacementDate,screenedIntervalDepth,maxAllowableDrawdown,actualDrawdown,MADExceeded,wellVolumePurged,probeIDUnavailable,dissolvedOxygen,dissolvedOxygenSaturation,specificConductance,waterTemp,pH,waterClarityDescrip,waterColorDescrip,aCollectedBy,bCollectedBy,remarks
"3e59e638-c396-4c3f-93fc-609dbb919a1e","D04","GUIL","GUIL.AOS.groundwater.well.001",18.174696,-66.800365,0.1,554.2,0.1,"WGS84","2018-05-30T12:08Z","stream",,,,"GUIL.W1.20180530","GUIL.20180530","NEON.DOC.002905vE","low-flow","Groundwater Pump",13.0,8.2,4.8,9.2,,,,,,,,,,1.2,,3.19,40.90,293.60,24.50,,"cloudy","brown","Mpagan@battelleecology.org","mviggiano@battelleecology.org",
"d91dda42-b74d-498f-bb3e-6eaf0b2207da","D04","GUIL","GUIL.AOS.groundwater.well.003",18.174345,-66.800050,0.1,549.5,0.1,"WGS84","2018-05-30T13:24Z","stream",,,,"GUIL.W3.20180530","GUIL.20180530","NEON.DOC.002905vE","low-flow","Groundwater Pump",7.2,3.4,3.8,4.4,,,,,,,,,,3.8,,1.40,17.70,476.00,23.90,,"cloudy","colorless","mviggiano@battelleecology.org","Mpagan@battelleecology.org",
"a896edf0-f433-4958-8058-c261cedfefe6","D04","GUIL","GUIL.AOS.groundwater.well.006",18.174267,-66.797629,0.1,555.2,0.1,"WGS84","2018-05-30T14:28Z","stream",,,,"GUIL.W6.20180530","GUIL.20180530","NEON.DOC.002905vE","low-flow","Groundwater Pump",8.3,4.7,3.6,5.7,,,,,,,,,,2.1,,2.41,30.60,348.60,24.40,,"clear","colorless","mviggiano@battelleecology.org","Mpagan@battelleecology.org",
"27f753cf-e2b2-428a-b978-0629c2a1e5d5","D04","GUIL","GUIL.AOS.groundwater.well.005",18.174241,-66.797947,0.1,554.8,0.1,"WGS84","2018-05-31T13:03Z","stream",,,,"GUIL.W5.20180531","GUIL.20180531","NEON.DOC.002905vE","low-flow","Groundwater Pump",8.6,4.5,4.2,5.5,,,,,,,,,,2.7,,1.16,15.20,445.20,26.20,,"clear","colorless","mviggiano@battelleecology.org","iortiz@battelleecology.org",
