uid,domainID,siteID,namedLocation,collectDate,titrationDate,parentSampleID,domainSampleID,remarks,measuredBy,alkMeqPerL,alkMgPerL,ancMeqPerL,ancMgPerL
"55d8af4f-8170-47f4-b3a0-8e1b43d72e08","D04","GUIL","GUIL.AOS.groundwater.well.001","2018-05-30T12:08Z","2018-05-30T18:35Z","GUIL.W1.20180530","GUIL.W1.20180530.ALK",,"tvelazquez-rojas@battelleecology.org",2.380,119.000,,
"e8151fe1-4b82-4be0-8df6-af629a5ee225","D04","GUIL","GUIL.AOS.groundwater.well.003","2018-05-30T13:24Z","2018-05-30T19:10Z","GUIL.W3.20180530","GUIL.W3.20180530.ALK",,"tvelazquez-rojas@battelleecology.org",4.340,217.000,,
"7aa85750-128a-4192-9f1a-0201e36830f0","D04","GUIL","GUIL.AOS.groundwater.well.006","2018-05-30T14:28Z","2018-05-30T20:00Z","GUIL.W6.20180530","GUIL.W6.20180530.ALK",,"tvelazquez-rojas@battelleecology.org",2.300,115.000,,
"ffbf5dc5-9441-4ac1-b609-143e354d5ef2","D04","GUIL","GUIL.AOS.groundwater.well.005","2018-05-31T13:03Z","2018-05-31T17:00Z","GUIL.W5.20180531","GUIL.W5.20180531.ALK",,"amegill@battelleecology.org",3.080,154.000,,
