uid,domainID,siteID,namedLocation,collectDate,parentSampleID,sampleCondition,sampleID,replicateNumber,gwwDICBubbleFree,gwwFiltSampleHeadspace,gwwAlkSampleHeadspace,gwwAlkSampleBubbleFree,processedDate,processedDateFilters,sampleVolumeFiltered,shipmentTimeRange
"e69b8d56-fc0e-4aa8-a3a2-99faa21ab946","D04","GUIL","GUIL.AOS.groundwater.well.001","2018-05-30T12:08Z","GUIL.W1.20180530","Sample condition ok","GUIL.W1.20180530",1,,,,,"2018-05-30T13:10Z","2018-05-30T13:40Z",20.0,
"7f0c6251-c4d6-4010-ad3d-5e761edc8807","D04","GUIL","GUIL.AOS.groundwater.well.003","2018-05-30T13:24Z","GUIL.W3.20180530","Sample condition ok","GUIL.W3.20180530",1,,,,,"2018-05-30T14:07Z","2018-05-30T14:52Z",30.0,
"e71f9be0-e615-4b71-80e9-8c54fc70525b","D04","GUIL","GUIL.AOS.groundwater.well.006","2018-05-30T14:28Z","GUIL.W6.20180530","Sample condition ok","GUIL.W6.20180530",1,,,,,"2018-05-30T15:06Z","2018-05-30T15:06Z",1030.0,
"6d302a51-1d95-4bad-9f00-7a1a3dca7008","D04","GUIL","GUIL.AOS.groundwater.well.005","2018-05-31T13:03Z","GUIL.W5.20180531","Sample condition ok","GUIL.W5.20180531",1,,,,,"2018-05-31T13:44Z","2018-05-31T13:44Z",60.0,
