uid,domainID,siteID,namedLocation,sampleID,sampleCode,startDate,collectDate,laboratoryName,analyte,analyteConcentration,analyteUnits,coolerTemp,remarks,shipmentWarmQF,externalLabDataQF,sampleCondition
"6f9e26ba-8417-496d-ad47-de3a5b1ad5d7","D04","GUIL","GUIL.AOS.groundwater.well.001","GUIL.W1.20180530.FIL","A00000006256","2018-05-30T12:08Z","2018-05-30T12:08Z","EcoCore_CSU","Na",8.7110,"milligramsPerLiter",6.0,,0,"formatChange","GOOD"
"6fee1e73-a925-4113-a9b8-8001962863ae","D04","GUIL","GUIL.AOS.groundwater.well.001","GUIL.W1.20180530.FIL","A00000006256","2018-05-30T12:08Z","2018-05-30T12:08Z","EcoCore_CSU","TDN",1.6360,"milligramsPerLiter",6.0,,0,"formatChange","GOOD"
"bfa1660b-9dfe-4f30-9425-1f630c64492d","D04","GUIL","GUIL.AOS.groundwater.well.001","GUIL.W1.20180530.RAW","A00000006258","2018-05-30T12:08Z","2018-05-30T12:08Z","EcoCore_CSU","ANC",,"milliequivalentsPerLiter",6.0,"Unknown reason for no analyte concentration as a result of external lab data format change",0,"formatChange","Other"
"9e7a8410-116d-4253-97bb-8e7f812865b1","D04","GUIL","GUIL.AOS.groundwater.well.001","GUIL.W1.20180530.FIL","A00000006256","2018-05-30T12:08Z","2018-05-30T12:08Z","EcoCore_CSU","Si",16.5070,"milligramsPerLiter",6.0,,0,"formatChange","GOOD"
"02184be3-032c-453d-b0f4-a8a89ad05fe9","D04","GUIL","GUIL.AOS.groundwater.well.001","GUIL.W1.20180530.FIL","A00000006256","2018-05-30T12:08Z","2018-05-30T12:08Z","EcoCore_CSU","HCO3",152.1600,"milligramsPerLiter",6.0,,0,"formatChange","GOOD"
"9f8c3bae-f35c-4fad-a5f1-f1006d1bf01f","D04","GUIL","GUIL.AOS.groundwater.well.001","GUIL.W1.20180530.FIL","A00000006256","2018-05-30T12:08Z","2018-05-30T12:08Z","EcoCore_CSU","DOC",0.5912,"milligramsPerLiter",6.0,,0,"formatChange","GOOD"
"9442c6da-bd15-4c3e-b28f-fa3845e7950b","D04","GUIL","GUIL.AOS.groundwater.well.001","GUIL.W1.20180530.FIL","A00000006256","2018-05-30T12:08Z","2018-05-30T12:08Z","EcoCore_CSU","NO3+NO2 - N",1.8476,"milligramsPerLiter",6.0,,0,"formatChange","GOOD"
"852ecc8a-3a9b-41cb-b59e-965b72c09c2f","D04","GUIL","GUIL.AOS.groundwater.well.001","GUIL.W1.20180530.FIL","A00000006256","2018-05-30T12:08Z","2018-05-30T12:08Z","EcoCore_CSU","Ortho - P",0.0510,"milligramsPerLiter",6.0,,0,"formatChange","GOOD"
"48a3df5f-c43c-4462-a753-f591fe763613","D04","GUIL","GUIL.AOS.groundwater.well.001","GUIL.W1.20180530.FIL","A00000006256","2018-05-30T12:08Z","2018-05-30T12:08Z","EcoCore_CSU","F",3.5964,"milligramsPerLiter",6.0,,0,"formatChange","GOOD"
"ed768d37-b8c6-4b11-b7a8-381a7e3bc65e","D04","GUIL","GUIL.AOS.groundwater.well.001","GUIL.W1.20180530.FIL","A00000006256","2018-05-30T12:08Z","2018-05-30T12:08Z","EcoCore_CSU","CO3",0.0050,"milligramsPerLiter",6.0,,0,"formatChange","GOOD"
"02c9ebc1-d82a-4535-912b-460191998102","D04","GUIL","GUIL.AOS.groundwater.well.001","GUIL.W1.20180530.FIL","A00000006256","2018-05-30T12:08Z","2018-05-30T12:08Z","EcoCore_CSU","DIC",36.4400,"milligramsPerLiter",6.0,,0,"formatChange","GOOD"
"4351870d-7446-4f29-961c-c6b06f3eeb26","D04","GUIL","GUIL.AOS.groundwater.well.001","GUIL.W1.20180530.RAW","A00000006258","2018-05-30T12:08Z","2018-05-30T12:08Z","EcoCore_CSU","TN",,"milligramsPerLiter",6.0,"Unknown reason for no analyte concentration as a result of external lab data format change",0,"formatChange","Other"
"7e790498-23f2-454e-b663-cb8ce9ecd9a7","D04","GUIL","GUIL.AOS.groundwater.well.001","GUIL.W1.20180530.FIL","A00000006256","2018-05-30T12:08Z","2018-05-30T12:08Z","EcoCore_CSU","TDS",325.4700,"milligramsPerLiter",6.0,,0,"formatChange","GOOD"
"c13b4363-e89e-4b1f-b8a1-4af3859bc1e5","D04","GUIL","GUIL.AOS.groundwater.well.001","GUIL.W1.20180530.FIL","A00000006256","2018-05-30T12:08Z","2018-05-30T12:08Z","EcoCore_CSU","NO2 - N",0.0139,"milligramsPerLiter",6.0,,0,"formatChange","GOOD"
"cf28107f-a754-4fe6-9a41-21fde9f66411","D04","GUIL","GUIL.AOS.groundwater.well.001","GUIL.W1.20180530.FIL","A00000006256","2018-05-30T12:08Z","2018-05-30T12:08Z","EcoCore_CSU","Ca",33.8684,"milligramsPerLiter",6.0,,0,"formatChange","GOOD"
"a2e1ee97-eb48-4d30-b99c-9bdb23374919","D04","GUIL","GUIL.AOS.groundwater.well.001","GUIL.W1.20180530.FIL","A00000006256","2018-05-30T12:08Z","2018-05-30T12:08Z","EcoCore_CSU","TDP",0.4473,"milligramsPerLiter",6.0,,0,"formatChange","GOOD"
"b5a0ce1a-3a7a-4484-8b56-ecbd70e1d38c","D04","GUIL","GUIL.AOS.groundwater.well.001","GUIL.W1.20180530.FIL","A00000006256","2018-05-30T12:08Z","2018-05-30T12:08Z","EcoCore_CSU","SO4",14.7660,"milligramsPerLiter",6.0,,0,"formatChange","GOOD"
"cfa3ecbb-979e-49bf-b3d9-2c02469ff4ac","D04","GUIL","GUIL.AOS.groundwater.well.001","GUIL.W1.20180530.FIL","A00000006256","2018-05-30T12:08Z","2018-05-30T12:08Z","EcoCore_CSU","Mn",0.0020,"milligramsPerLiter",6.0,,0,"formatChange","GOOD"
"37fb502f-3a1c-4e93-a63d-8d3c6f7937c8","D04","GUIL","GUIL.AOS.groundwater.well.001","GUIL.W1.20180530.FIL","A00000006256","2018-05-30T12:08Z","2018-05-30T12:08Z","EcoCore_CSU","NH4 - N",0.0070,"milligramsPerLiter",6.0,,0,"formatChange","GOOD"
"4ecba86e-bfbe-412a-8395-e14b7488ce5f","D04","GUIL","GUIL.AOS.groundwater.well.001","GUIL.W1.20180530.FIL","A00000006256","2018-05-30T12:08Z","2018-05-30T12:08Z","EcoCore_CSU","Cl",10.3022,"milligramsPerLiter",6.0,,0,"formatChange","GOOD"
"50ff5042-2e92-4794-aa37-42a925ce043f","D04","GUIL","GUIL.AOS.groundwater.well.001","GUIL.W1.20180530.FIL","A00000006256","2018-05-30T12:08Z","2018-05-30T12:08Z","EcoCore_CSU","Br",0.0050,"milligramsPerLiter",6.0,,0,"formatChange","GOOD"
"c63e1640-7f6d-46d6-9d1a-eb767fe26831","D04","GUIL","GUIL.AOS.groundwater.well.001","GUIL.W1.20180530.PCN","A00000006219","2018-05-30T12:08Z","2018-05-30T12:08Z","EcoCore_CSU","TPN",0.1363,"milligram",6.0,,0,"formatChange","GOOD"
"ff3f22ea-ac30-4977-a3a1-1958dce7d62e","D04","GUIL","GUIL.AOS.groundwater.well.001","GUIL.W1.20180530.FIL","A00000006256","2018-05-30T12:08Z","2018-05-30T12:08Z","EcoCore_CSU","K",0.9640,"milligramsPerLiter",6.0,,0,"formatChange","GOOD"
"c9e0f581-1a73-4a65-acd9-bbdf3da76ac3","D04","GUIL","GUIL.AOS.groundwater.well.001","GUIL.W1.20180530.FIL","A00000006256","2018-05-30T12:08Z","2018-05-30T12:08Z","EcoCore_CSU","Mg",13.2800,"milligramsPerLiter",6.0,,0,"formatChange","GOOD"
"6b50eaf8-5761-4ee0-966a-e15ee60a955a","D04","GUIL","GUIL.AOS.groundwater.well.001","GUIL.W1.20180530.RAW","A00000006258","2018-05-30T12:08Z","2018-05-30T12:08Z","EcoCore_CSU","pH",,"pH",6.0,"Unknown reason for no analyte concentration as a result of external lab data format change",0,"formatChange","Other"
"39365ab8-b057-449d-8705-6634acc3c7f6","D04","GUIL","GUIL.AOS.groundwater.well.001","GUIL.W1.20180530.RAW","A00000006258","2018-05-30T12:08Z","2018-05-30T12:08Z","EcoCore_CSU","TSS",,"milligramsPerLiter",6.0,"Unknown reason for no analyte concentration as a result of external lab data format change",0,"formatChange","Other"
"c942982c-0631-42bd-9458-04f57c9c5094","D04","GUIL","GUIL.AOS.groundwater.well.001","GUIL.W1.20180530.FIL","A00000006256","2018-05-30T12:08Z","2018-05-30T12:08Z","EcoCore_CSU","Fe",0.0005,"milligramsPerLiter",6.0,,0,"formatChange","GOOD"
"b1b6d88a-8476-4fdf-935b-afdc67883412","D04","GUIL","GUIL.AOS.groundwater.well.001","GUIL.W1.20180530.PCN","A00000006219","2018-05-30T12:08Z","2018-05-30T12:08Z","EcoCore_CSU","TPC",0.2313,"milligram",6.0,,0,"formatChange","GOOD"
"84f8d478-e484-4ae0-a850-b706f55f45b0","D04","GUIL","GUIL.AOS.groundwater.well.001","GUIL.W1.20180530.RAW","A00000006258","2018-05-30T12:08Z","2018-05-30T12:08Z","EcoCore_CSU","conductivity",,"microsiemensPerCentimeter",6.0,"Unknown reason for no analyte concentration as a result of external lab data format change",0,"formatChange","Other"
"e38eec0c-55b9-4389-b04c-58e7e1e2add6","D04","GUIL","GUIL.AOS.groundwater.well.001","GUIL.W1.20180530.FIL","A00000006256","2018-05-30T12:08Z","2018-05-30T12:08Z","EcoCore_CSU","UV Absorbance (250 nm)",0.2050,,6.0,,0,"formatChange","GOOD"
"6f6b79f3-d0f7-4640-9b8e-c32bf9cc905b","D04","GUIL","GUIL.AOS.groundwater.well.001","GUIL.W1.20180530.RAW","A00000006258","2018-05-30T12:08Z","2018-05-30T12:08Z","EcoCore_CSU","TOC",,"milligramsPerLiter",6.0,"Unknown reason for no analyte concentration as a result of external lab data format change",0,"formatChange","Other"
"b151ac1f-2d6f-467b-abcc-e099ba5faafe","D04","GUIL","GUIL.AOS.groundwater.well.001","GUIL.W1.20180530.RAW","A00000006258","2018-05-30T12:08Z","2018-05-30T12:08Z","EcoCore_CSU","TP",,"milligramsPerLiter",6.0,"Unknown reason for no analyte concentration as a result of external lab data format change",0,"formatChange","Other"
"c48347e8-c9c4-431a-bd3d-db612959beb2","D04","GUIL","GUIL.AOS.groundwater.well.001","GUIL.W1.20180530.RAW","A00000006258","2018-05-30T12:08Z","2018-05-30T12:08Z","EcoCore_CSU","TSS - Dry Mass",,"microgram",6.0,"Unknown reason for no analyte concentration as a result of external lab data format change",0,"formatChange","Other"
"1538f688-6dc6-44b7-8f08-7af94e222b26","D04","GUIL","GUIL.AOS.groundwater.well.001","GUIL.W1.20180530.FIL","A00000006256","2018-05-30T12:08Z","2018-05-30T12:08Z","EcoCore_CSU","UV Absorbance (280 nm)",0.1771,,6.0,,0,"formatChange","GOOD"
"f56658c2-ae4d-42ee-8193-3bb0801e59ca","D04","GUIL","GUIL.AOS.groundwater.well.003","GUIL.W3.20180530.RAW","A00000006257","2018-05-30T13:24Z","2018-05-30T13:24Z","EcoCore_CSU","conductivity",,"microsiemensPerCentimeter",6.0,"Unknown reason for no analyte concentration as a result of external lab data format change",0,"formatChange","Other"
"b441d0d4-1f1e-465c-9589-6e3e26e1ea62","D04","GUIL","GUIL.AOS.groundwater.well.003","GUIL.W3.20180530.FIL","A00000006259","2018-05-30T13:24Z","2018-05-30T13:24Z","EcoCore_CSU","NO2 - N",0.0134,"milligramsPerLiter",6.0,,0,"formatChange","GOOD"
"3a9d75d9-9ced-4ca6-91c1-2e81e5a7ab13","D04","GUIL","GUIL.AOS.groundwater.well.003","GUIL.W3.20180530.FIL","A00000006259","2018-05-30T13:24Z","2018-05-30T13:24Z","EcoCore_CSU","DIC",58.8000,"milligramsPerLiter",6.0,,0,"formatChange","GOOD"
"18743f30-203f-4fc9-9486-65bdaa71615c","D04","GUIL","GUIL.AOS.groundwater.well.003","GUIL.W3.20180530.FIL","A00000006259","2018-05-30T13:24Z","2018-05-30T13:24Z","EcoCore_CSU","Cl",8.7926,"milligramsPerLiter",6.0,,0,"formatChange","GOOD"
"21f4b6fa-bea9-4c06-9768-10a3edb9410a","D04","GUIL","GUIL.AOS.groundwater.well.003","GUIL.W3.20180530.FIL","A00000006259","2018-05-30T13:24Z","2018-05-30T13:24Z","EcoCore_CSU","Ca",46.6566,"milligramsPerLiter",6.0,,0,"formatChange","GOOD"
"6ab13c03-97f1-4378-a546-e65fe68dcd4c","D04","GUIL","GUIL.AOS.groundwater.well.003","GUIL.W3.20180530.FIL","A00000006259","2018-05-30T13:24Z","2018-05-30T13:24Z","EcoCore_CSU","TDP",0.0685,"milligramsPerLiter",6.0,,0,"formatChange","GOOD"
"4c84e332-42f6-46ed-a187-cdded5e5200c","D04","GUIL","GUIL.AOS.groundwater.well.003","GUIL.W3.20180530.FIL","A00000006259","2018-05-30T13:24Z","2018-05-30T13:24Z","EcoCore_CSU","Mg",18.3600,"milligramsPerLiter",6.0,,0,"formatChange","GOOD"
"8e1af656-4f99-4efa-a739-0ad3f79e3032","D04","GUIL","GUIL.AOS.groundwater.well.003","GUIL.W3.20180530.FIL","A00000006259","2018-05-30T13:24Z","2018-05-30T13:24Z","EcoCore_CSU","UV Absorbance (280 nm)",0.0032,,6.0,,0,"formatChange","GOOD"
"0f3f9098-397c-4afa-ba24-8beb9444864b","D04","GUIL","GUIL.AOS.groundwater.well.003","GUIL.W3.20180530.RAW","A00000006257","2018-05-30T13:24Z","2018-05-30T13:24Z","EcoCore_CSU","pH",,"pH",6.0,"Unknown reason for no analyte concentration as a result of external lab data format change",0,"formatChange","Other"
"9ceb0383-d1df-4a23-abda-b95f3e01e688","D04","GUIL","GUIL.AOS.groundwater.well.003","GUIL.W3.20180530.FIL","A00000006259","2018-05-30T13:24Z","2018-05-30T13:24Z","EcoCore_CSU","CO3",0.0050,"milligramsPerLiter",6.0,,0,"formatChange","GOOD"
"025f3d96-e1c6-4b18-b7c6-90b3204b60d7","D04","GUIL","GUIL.AOS.groundwater.well.003","GUIL.W3.20180530.RAW","A00000006257","2018-05-30T13:24Z","2018-05-30T13:24Z","EcoCore_CSU","ANC",,"milliequivalentsPerLiter",6.0,"Unknown reason for no analyte concentration as a result of external lab data format change",0,"formatChange","Other"
"e0728057-a61b-4afa-b75e-7b75b34bd2df","D04","GUIL","GUIL.AOS.groundwater.well.003","GUIL.W3.20180530.RAW","A00000006257","2018-05-30T13:24Z","2018-05-30T13:24Z","EcoCore_CSU","TOC",,"milligramsPerLiter",6.0,"Unknown reason for no analyte concentration as a result of external lab data format change",0,"formatChange","Other"
"237ab1fc-d20a-4e10-8a5b-90b334074341","D04","GUIL","GUIL.AOS.groundwater.well.003","GUIL.W3.20180530.FIL","A00000006259","2018-05-30T13:24Z","2018-05-30T13:24Z","EcoCore_CSU","UV Absorbance (250 nm)",0.0097,,6.0,,0,"formatChange","GOOD"
"10fabe65-b1ac-417b-b05c-f7da4fbe630f","D04","GUIL","GUIL.AOS.groundwater.well.003","GUIL.W3.20180530.FIL","A00000006259","2018-05-30T13:24Z","2018-05-30T13:24Z","EcoCore_CSU","Fe",0.0005,"milligramsPerLiter",6.0,,0,"formatChange","GOOD"
"948b4b48-c8d9-4b9b-a3cf-4048ead8537d","D04","GUIL","GUIL.AOS.groundwater.well.003","GUIL.W3.20180530.FIL","A00000006259","2018-05-30T13:24Z","2018-05-30T13:24Z","EcoCore_CSU","Ortho - P",0.0230,"milligramsPerLiter",6.0,,0,"formatChange","GOOD"
"4402c7f7-bf53-4c57-92a4-ca2288ec3827","D04","GUIL","GUIL.AOS.groundwater.well.003","GUIL.W3.20180530.FIL","A00000006259","2018-05-30T13:24Z","2018-05-30T13:24Z","EcoCore_CSU","Si",20.2477,"milligramsPerLiter",6.0,,0,"formatChange","GOOD"
"93b0fe8b-7e93-48c7-9c6b-b915d1fa0dde","D04","GUIL","GUIL.AOS.groundwater.well.003","GUIL.W3.20180530.FIL","A00000006259","2018-05-30T13:24Z","2018-05-30T13:24Z","EcoCore_CSU","SO4",16.0410,"milligramsPerLiter",6.0,,0,"formatChange","GOOD"
"e4b4adba-ec3f-41f3-a2c9-2777bf1edaa1","D04","GUIL","GUIL.AOS.groundwater.well.003","GUIL.W3.20180530.FIL","A00000006259","2018-05-30T13:24Z","2018-05-30T13:24Z","EcoCore_CSU","TDN",2.0470,"milligramsPerLiter",6.0,,0,"formatChange","GOOD"
"3bc4e31e-fdff-410a-830c-2930aa658b93","D04","GUIL","GUIL.AOS.groundwater.well.003","GUIL.W3.20180530.FIL","A00000006259","2018-05-30T13:24Z","2018-05-30T13:24Z","EcoCore_CSU","NO3+NO2 - N",2.3914,"milligramsPerLiter",6.0,,0,"formatChange","GOOD"
"feed9c11-01df-4d30-936d-7a28a6da092d","D04","GUIL","GUIL.AOS.groundwater.well.003","GUIL.W3.20180530.RAW","A00000006257","2018-05-30T13:24Z","2018-05-30T13:24Z","EcoCore_CSU","TSS - Dry Mass",,"microgram",6.0,"Unknown reason for no analyte concentration as a result of external lab data format change",0,"formatChange","Other"
"702a7d2a-b3ca-433d-a641-80281d277bb5","D04","GUIL","GUIL.AOS.groundwater.well.003","GUIL.W3.20180530.FIL","A00000006259","2018-05-30T13:24Z","2018-05-30T13:24Z","EcoCore_CSU","Mn",0.0005,"milligramsPerLiter",6.0,,0,"formatChange","GOOD"
"0bcf7bf2-9688-4be5-9ba6-7b9be9c70f0e","D04","GUIL","GUIL.AOS.groundwater.well.003","GUIL.W3.20180530.FIL","A00000006259","2018-05-30T13:24Z","2018-05-30T13:24Z","EcoCore_CSU","DOC",0.5346,"milligramsPerLiter",6.0,,0,"formatChange","GOOD"
"0465b38e-af07-470d-b3f5-c626047d70b2","D04","GUIL","GUIL.AOS.groundwater.well.003","GUIL.W3.20180530.RAW","A00000006257","2018-05-30T13:24Z","2018-05-30T13:24Z","EcoCore_CSU","TP",,"milligramsPerLiter",6.0,"Unknown reason for no analyte concentration as a result of external lab data format change",0,"formatChange","Other"
"52029aa6-4d60-4154-81d0-165c23c08d3f","D04","GUIL","GUIL.AOS.groundwater.well.003","GUIL.W3.20180530.FIL","A00000006259","2018-05-30T13:24Z","2018-05-30T13:24Z","EcoCore_CSU","HCO3",230.2500,"milligramsPerLiter",6.0,,0,"formatChange","GOOD"
"b2cad364-5cb7-4d54-a620-321e40f993fa","D04","GUIL","GUIL.AOS.groundwater.well.003","GUIL.W3.20180530.FIL","A00000006259","2018-05-30T13:24Z","2018-05-30T13:24Z","EcoCore_CSU","K",1.8210,"milligramsPerLiter",6.0,,0,"formatChange","GOOD"
"40d4a29e-9193-48a2-9297-ba7921f523a5","D04","GUIL","GUIL.AOS.groundwater.well.003","GUIL.W3.20180530.FIL","A00000006259","2018-05-30T13:24Z","2018-05-30T13:24Z","EcoCore_CSU","F",1.8630,"milligramsPerLiter",6.0,,0,"formatChange","GOOD"
"a953b861-af64-4048-b5ad-343c34ba7891","D04","GUIL","GUIL.AOS.groundwater.well.003","GUIL.W3.20180530.RAW","A00000006257","2018-05-30T13:24Z","2018-05-30T13:24Z","EcoCore_CSU","TN",,"milligramsPerLiter",6.0,"Unknown reason for no analyte concentration as a result of external lab data format change",0,"formatChange","Other"
"f7d5fcd4-adee-4b23-bdd9-bbcef837a515","D04","GUIL","GUIL.AOS.groundwater.well.003","GUIL.W3.20180530.PCN","A00000006220","2018-05-30T13:24Z","2018-05-30T13:24Z","EcoCore_CSU","TPC",0.2504,"milligram",6.0,,0,"formatChange","GOOD"
"1c715602-77e0-45d8-a8f7-658f0ad1415c","D04","GUIL","GUIL.AOS.groundwater.well.003","GUIL.W3.20180530.FIL","A00000006259","2018-05-30T13:24Z","2018-05-30T13:24Z","EcoCore_CSU","TDS",439.8700,"milligramsPerLiter",6.0,,0,"formatChange","GOOD"
"1eab126f-8c04-40b8-bc26-389069227e5d","D04","GUIL","GUIL.AOS.groundwater.well.003","GUIL.W3.20180530.FIL","A00000006259","2018-05-30T13:24Z","2018-05-30T13:24Z","EcoCore_CSU","NH4 - N",0.0091,"milligramsPerLiter",6.0,,0,"formatChange","GOOD"
"5a99071b-cf18-4c1e-9593-6b37484c74f9","D04","GUIL","GUIL.AOS.groundwater.well.003","GUIL.W3.20180530.RAW","A00000006257","2018-05-30T13:24Z","2018-05-30T13:24Z","EcoCore_CSU","TSS",,"milligramsPerLiter",6.0,"Unknown reason for no analyte concentration as a result of external lab data format change",0,"formatChange","Other"
"aff649cd-6e20-4c89-b002-699a00dc3850","D04","GUIL","GUIL.AOS.groundwater.well.003","GUIL.W3.20180530.PCN","A00000006220","2018-05-30T13:24Z","2018-05-30T13:24Z","EcoCore_CSU","TPN",0.0671,"milligram",6.0,,0,"formatChange","GOOD"
"b174452e-af78-4a58-9db6-405870c2c075","D04","GUIL","GUIL.AOS.groundwater.well.003","GUIL.W3.20180530.FIL","A00000006259","2018-05-30T13:24Z","2018-05-30T13:24Z","EcoCore_CSU","Br",0.0050,"milligramsPerLiter",6.0,,0,"formatChange","GOOD"
"2cd814b3-474e-42e8-aae0-bd26baf8d712","D04","GUIL","GUIL.AOS.groundwater.well.003","GUIL.W3.20180530.FIL","A00000006259","2018-05-30T13:24Z","2018-05-30T13:24Z","EcoCore_CSU","Na",12.2600,"milligramsPerLiter",6.0,,0,"formatChange","GOOD"
"7e552543-876e-4b03-a875-0b3757744fbe","D04","GUIL","GUIL.AOS.groundwater.well.006","GUIL.W6.20180530.FIL","A00000006210","2018-05-30T14:28Z","2018-05-30T14:28Z","EcoCore_CSU","Mn",0.0005,"milligramsPerLiter",6.0,"only 250 ml received for filtered sample",0,"formatChange","Other"
"a2b191a5-a1eb-4e28-a1ed-2054806fdf07","D04","GUIL","GUIL.AOS.groundwater.well.006","GUIL.W6.20180530.FIL","A00000006210","2018-05-30T14:28Z","2018-05-30T14:28Z","EcoCore_CSU","Na",11.2300,"milligramsPerLiter",6.0,"only 250 ml received for filtered sample",0,"formatChange","Other"
"863f65f4-7dac-4364-bd24-03e6c608277e","D04","GUIL","GUIL.AOS.groundwater.well.006","GUIL.W6.20180530.FIL","A00000006210","2018-05-30T14:28Z","2018-05-30T14:28Z","EcoCore_CSU","Cl",22.0829,"milligramsPerLiter",6.0,"only 250 ml received for filtered sample",0,"formatChange","Other"
"a0f11d0b-661d-4222-8cee-15f087de53e5","D04","GUIL","GUIL.AOS.groundwater.well.006","GUIL.W6.20180530.FIL","A00000006210","2018-05-30T14:28Z","2018-05-30T14:28Z","EcoCore_CSU","DIC",34.0100,"milligramsPerLiter",6.0,"only 250 ml received for filtered sample",0,"formatChange","Other"
"4714dd4f-993c-4ee5-adec-2f3d483720b3","D04","GUIL","GUIL.AOS.groundwater.well.006","GUIL.W6.20180530.FIL","A00000006210","2018-05-30T14:28Z","2018-05-30T14:28Z","EcoCore_CSU","Fe",0.0005,"milligramsPerLiter",6.0,"only 250 ml received for filtered sample",0,"formatChange","Other"
"08ede652-ebb0-496a-85ef-ca10cc438045","D04","GUIL","GUIL.AOS.groundwater.well.006","GUIL.W6.20180530.FIL","A00000006210","2018-05-30T14:28Z","2018-05-30T14:28Z","EcoCore_CSU","SO4",8.0160,"milligramsPerLiter",6.0,"only 250 ml received for filtered sample",0,"formatChange","Other"
"5e99071e-073b-47ef-aab6-fed8c53cbc8e","D04","GUIL","GUIL.AOS.groundwater.well.006","GUIL.W6.20180530.FIL","A00000006210","2018-05-30T14:28Z","2018-05-30T14:28Z","EcoCore_CSU","F",1.8642,"milligramsPerLiter",6.0,"only 250 ml received for filtered sample",0,"formatChange","Other"
"92f2894a-849f-409a-93e7-e261f783ab58","D04","GUIL","GUIL.AOS.groundwater.well.006","GUIL.W6.20180530.FIL","A00000006210","2018-05-30T14:28Z","2018-05-30T14:28Z","EcoCore_CSU","NO3+NO2 - N",5.8889,"milligramsPerLiter",6.0,"only 250 ml received for filtered sample",0,"formatChange","Other"
"2c5e40b4-6db8-461a-ae8f-67de2d88657a","D04","GUIL","GUIL.AOS.groundwater.well.006","GUIL.W6.20180530.FIL","A00000006210","2018-05-30T14:28Z","2018-05-30T14:28Z","EcoCore_CSU","Br",0.0050,"milligramsPerLiter",6.0,"only 250 ml received for filtered sample",0,"formatChange","Other"
"c04a1482-a83d-4217-a2f0-0d1475ec82ae","D04","GUIL","GUIL.AOS.groundwater.well.006","GUIL.W6.20180530.RAW","A00000006208","2018-05-30T14:28Z","2018-05-30T14:28Z","EcoCore_CSU","conductivity",,"microsiemensPerCentimeter",6.0,"Unknown reason for no analyte concentration as a result of external lab data format change",0,"formatChange","Other"
"5ebaded4-b9a2-4c90-966e-04db8a9fec8b","D04","GUIL","GUIL.AOS.groundwater.well.006","GUIL.W6.20180530.PCN","A00000006218","2018-05-30T14:28Z","2018-05-30T14:28Z","EcoCore_CSU","TPN",0.0136,"milligram",6.0,,0,"formatChange","GOOD"
"2ab508b8-d88c-4b6b-85ba-b8f0cb3d911e","D04","GUIL","GUIL.AOS.groundwater.well.006","GUIL.W6.20180530.FIL","A00000006210","2018-05-30T14:28Z","2018-05-30T14:28Z","EcoCore_CSU","Mg",15.2600,"milligramsPerLiter",6.0,"only 250 ml received for filtered sample",0,"formatChange","Other"
"049d5afc-be7b-4a2b-9df7-3bef76889654","D04","GUIL","GUIL.AOS.groundwater.well.006","GUIL.W6.20180530.FIL","A00000006210","2018-05-30T14:28Z","2018-05-30T14:28Z","EcoCore_CSU","CO3",0.0050,"milligramsPerLiter",6.0,"only 250 ml received for filtered sample",0,"formatChange","Other"
"796ae3c2-d59b-43ce-97cf-e2251cf8d858","D04","GUIL","GUIL.AOS.groundwater.well.006","GUIL.W6.20180530.FIL","A00000006210","2018-05-30T14:28Z","2018-05-30T14:28Z","EcoCore_CSU","DOC",0.5721,"milligramsPerLiter",6.0,"only 250 ml received for filtered sample",0,"formatChange","Other"
"d2b5b6c5-e719-426b-b997-ad2716cc453b","D04","GUIL","GUIL.AOS.groundwater.well.006","GUIL.W6.20180530.FIL","A00000006210","2018-05-30T14:28Z","2018-05-30T14:28Z","EcoCore_CSU","Ca",36.5111,"milligramsPerLiter",6.0,"only 250 ml received for filtered sample",0,"formatChange","Other"
"d114ff7f-7835-4b18-acbd-eeddb598211b","D04","GUIL","GUIL.AOS.groundwater.well.006","GUIL.W6.20180530.FIL","A00000006210","2018-05-30T14:28Z","2018-05-30T14:28Z","EcoCore_CSU","TDP",0.1144,"milligramsPerLiter",6.0,"only 250 ml received for filtered sample",0,"formatChange","Other"
"ab081e14-5789-4199-8d93-2799d2cb18d0","D04","GUIL","GUIL.AOS.groundwater.well.006","GUIL.W6.20180530.FIL","A00000006210","2018-05-30T14:28Z","2018-05-30T14:28Z","EcoCore_CSU","UV Absorbance (250 nm)",0.0206,,6.0,"only 250 ml received for filtered sample",0,"formatChange","Other"
"eb439531-f9dd-4ca7-97d0-9f9c77c4e298","D04","GUIL","GUIL.AOS.groundwater.well.006","GUIL.W6.20180530.FIL","A00000006210","2018-05-30T14:28Z","2018-05-30T14:28Z","EcoCore_CSU","TDN",5.1370,"milligramsPerLiter",6.0,"only 250 ml received for filtered sample",0,"formatChange","Other"
"14c2c54d-2a92-4f9f-a596-7c4b48fcb1b1","D04","GUIL","GUIL.AOS.groundwater.well.006","GUIL.W6.20180530.FIL","A00000006210","2018-05-30T14:28Z","2018-05-30T14:28Z","EcoCore_CSU","UV Absorbance (280 nm)",0.0136,,6.0,"only 250 ml received for filtered sample",0,"formatChange","Other"
"64bf34b5-dde9-4a64-b100-47c8e96c6273","D04","GUIL","GUIL.AOS.groundwater.well.006","GUIL.W6.20180530.FIL","A00000006210","2018-05-30T14:28Z","2018-05-30T14:28Z","EcoCore_CSU","NO2 - N",0.0136,"milligramsPerLiter",6.0,"only 250 ml received for filtered sample",0,"formatChange","Other"
"021c11f2-16d5-446e-90b1-9bb0e7f5ea50","D04","GUIL","GUIL.AOS.groundwater.well.006","GUIL.W6.20180530.RAW","A00000006208","2018-05-30T14:28Z","2018-05-30T14:28Z","EcoCore_CSU","ANC",,"milliequivalentsPerLiter",6.0,"Unknown reason for no analyte concentration as a result of external lab data format change",0,"formatChange","Other"
"2a8f7512-ae47-4ae4-93f5-2c9235d81bb6","D04","GUIL","GUIL.AOS.groundwater.well.006","GUIL.W6.20180530.FIL","A00000006210","2018-05-30T14:28Z","2018-05-30T14:28Z","EcoCore_CSU","HCO3",167.1500,"milligramsPerLiter",6.0,"only 250 ml received for filtered sample",0,"formatChange","Other"
"5864b277-b972-4acb-89da-10e2a39bc3f7","D04","GUIL","GUIL.AOS.groundwater.well.006","GUIL.W6.20180530.RAW","A00000006208","2018-05-30T14:28Z","2018-05-30T14:28Z","EcoCore_CSU","TP",,"milligramsPerLiter",6.0,"Unknown reason for no analyte concentration as a result of external lab data format change",0,"formatChange","Other"
"d78199fb-b2a4-4ce7-bf75-d7724f6c9394","D04","GUIL","GUIL.AOS.groundwater.well.006","GUIL.W6.20180530.RAW","A00000006208","2018-05-30T14:28Z","2018-05-30T14:28Z","EcoCore_CSU","TSS - Dry Mass",,"microgram",6.0,"Unknown reason for no analyte concentration as a result of external lab data format change",0,"formatChange","Other"
"24d270a8-f117-4a72-a039-b80adc33ad7a","D04","GUIL","GUIL.AOS.groundwater.well.006","GUIL.W6.20180530.FIL","A00000006210","2018-05-30T14:28Z","2018-05-30T14:28Z","EcoCore_CSU","Si",22.7425,"milligramsPerLiter",6.0,"only 250 ml received for filtered sample",0,"formatChange","Other"
"3023d3e9-0c2b-46a4-8b1f-711d472b1e25","D04","GUIL","GUIL.AOS.groundwater.well.006","GUIL.W6.20180530.RAW","A00000006208","2018-05-30T14:28Z","2018-05-30T14:28Z","EcoCore_CSU","TN",,"milligramsPerLiter",6.0,"Unknown reason for no analyte concentration as a result of external lab data format change",0,"formatChange","Other"
"9e1571ea-2df5-47f5-b54f-8af78187c3ad","D04","GUIL","GUIL.AOS.groundwater.well.006","GUIL.W6.20180530.RAW","A00000006208","2018-05-30T14:28Z","2018-05-30T14:28Z","EcoCore_CSU","TSS",,"milligramsPerLiter",6.0,"Unknown reason for no analyte concentration as a result of external lab data format change",0,"formatChange","Other"
"28da5fb3-30c4-421b-8cf3-e09b9b210eff","D04","GUIL","GUIL.AOS.groundwater.well.006","GUIL.W6.20180530.FIL","A00000006210","2018-05-30T14:28Z","2018-05-30T14:28Z","EcoCore_CSU","Ortho - P",0.0840,"milligramsPerLiter",6.0,"only 250 ml received for filtered sample",0,"formatChange","Other"
"f73793ff-1d78-422e-a904-bb9021b98e7d","D04","GUIL","GUIL.AOS.groundwater.well.006","GUIL.W6.20180530.RAW","A00000006208","2018-05-30T14:28Z","2018-05-30T14:28Z","EcoCore_CSU","TOC",,"milligramsPerLiter",6.0,"Unknown reason for no analyte concentration as a result of external lab data format change",0,"formatChange","Other"
"c0d6d5cc-81b8-4b11-b45f-9f1621b35417","D04","GUIL","GUIL.AOS.groundwater.well.006","GUIL.W6.20180530.PCN","A00000006218","2018-05-30T14:28Z","2018-05-30T14:28Z","EcoCore_CSU","TPC",0.2617,"milligram",6.0,,0,"formatChange","GOOD"
"2c38dd5d-4d02-45b9-9d78-37602105b8a0","D04","GUIL","GUIL.AOS.groundwater.well.006","GUIL.W6.20180530.FIL","A00000006210","2018-05-30T14:28Z","2018-05-30T14:28Z","EcoCore_CSU","NH4 - N",0.0020,"milligramsPerLiter",6.0,"only 250 ml received for filtered sample",0,"formatChange","Other"
"1d9edc9b-2ef5-4b61-a9d7-20709578b93e","D04","GUIL","GUIL.AOS.groundwater.well.006","GUIL.W6.20180530.FIL","A00000006210","2018-05-30T14:28Z","2018-05-30T14:28Z","EcoCore_CSU","TDS",362.4100,"milligramsPerLiter",6.0,"only 250 ml received for filtered sample",0,"formatChange","Other"
"66db6aab-1e90-4ff2-a089-e2b2c9e9490c","D04","GUIL","GUIL.AOS.groundwater.well.006","GUIL.W6.20180530.RAW","A00000006208","2018-05-30T14:28Z","2018-05-30T14:28Z","EcoCore_CSU","pH",,"pH",6.0,"Unknown reason for no analyte concentration as a result of external lab data format change",0,"formatChange","Other"
"090da4ef-f69e-47e9-9e07-71a2ce8494d7","D04","GUIL","GUIL.AOS.groundwater.well.006","GUIL.W6.20180530.FIL","A00000006210","2018-05-30T14:28Z","2018-05-30T14:28Z","EcoCore_CSU","K",1.7950,"milligramsPerLiter",6.0,"only 250 ml received for filtered sample",0,"formatChange","Other"
"fb7d2e53-c3b0-4fdc-bfdc-7853e26d0667","D04","GUIL","GUIL.AOS.groundwater.well.005","GUIL.W5.20180531.FIL","A00000006211","2018-05-31T13:03Z","2018-05-31T13:03Z","EcoCore_CSU","TDN",4.3850,"milligramsPerLiter",2.9,,0,"formatChange","GOOD"
"8e352f4b-6c0e-47ca-9d65-3983bc01e185","D04","GUIL","GUIL.AOS.groundwater.well.005","GUIL.W5.20180531.FIL","A00000006211","2018-05-31T13:03Z","2018-05-31T13:03Z","EcoCore_CSU","F",2.2405,"milligramsPerLiter",2.9,,0,"formatChange","GOOD"
"20ddfbf0-a44a-42ae-9c27-e7291af9081f","D04","GUIL","GUIL.AOS.groundwater.well.005","GUIL.W5.20180531.RAW","A00000006209","2018-05-31T13:03Z","2018-05-31T13:03Z","EcoCore_CSU","TP",0.1450,"milligramsPerLiter",2.9,,0,"formatChange","GOOD"
"8a3c1f60-c2ea-442a-9647-6fae731cd245","D04","GUIL","GUIL.AOS.groundwater.well.005","GUIL.W5.20180531.FIL","A00000006211","2018-05-31T13:03Z","2018-05-31T13:03Z","EcoCore_CSU","UV Absorbance (250 nm)",0.0070,,2.9,,0,"formatChange","GOOD"
"4bdfb78a-bfa8-4e1c-9114-125d7237b3a4","D04","GUIL","GUIL.AOS.groundwater.well.005","GUIL.W5.20180531.FIL","A00000006211","2018-05-31T13:03Z","2018-05-31T13:03Z","EcoCore_CSU","NO2 - N",0.0146,"milligramsPerLiter",2.9,,0,"formatChange","GOOD"
"29733ab0-030c-4e2d-9474-1bc63af8a742","D04","GUIL","GUIL.AOS.groundwater.well.005","GUIL.W5.20180531.FIL","A00000006211","2018-05-31T13:03Z","2018-05-31T13:03Z","EcoCore_CSU","K",1.4250,"milligramsPerLiter",2.9,,0,"formatChange","GOOD"
"58cbb5a5-72f9-46cc-ba0e-bf1cb0a41bb7","D04","GUIL","GUIL.AOS.groundwater.well.005","GUIL.W5.20180531.FIL","A00000006211","2018-05-31T13:03Z","2018-05-31T13:03Z","EcoCore_CSU","TDS",301.2500,"milligramsPerLiter",2.9,,0,"formatChange","GOOD"
"dd96e3c3-4b92-4d4c-953d-06d850c8051e","D04","GUIL","GUIL.AOS.groundwater.well.005","GUIL.W5.20180531.FIL","A00000006211","2018-05-31T13:03Z","2018-05-31T13:03Z","EcoCore_CSU","NO3+NO2 - N",5.2688,"milligramsPerLiter",2.9,,0,"formatChange","GOOD"
"5e08ade0-4f43-444a-84ad-878b8af34b87","D04","GUIL","GUIL.AOS.groundwater.well.005","GUIL.W5.20180531.RAW","A00000006209","2018-05-31T13:03Z","2018-05-31T13:03Z","EcoCore_CSU","TSS - Dry Mass",3600.0000,"microgram",2.9,,0,"formatChange","GOOD"
"d07fae0c-d440-4cf4-a7be-8bdf63c40958","D04","GUIL","GUIL.AOS.groundwater.well.005","GUIL.W5.20180531.FIL","A00000006211","2018-05-31T13:03Z","2018-05-31T13:03Z","EcoCore_CSU","Mg",20.5900,"milligramsPerLiter",2.9,,0,"formatChange","GOOD"
"f8c6d670-8117-4729-9c69-a46873ea5418","D04","GUIL","GUIL.AOS.groundwater.well.005","GUIL.W5.20180531.FIL","A00000006211","2018-05-31T13:03Z","2018-05-31T13:03Z","EcoCore_CSU","DIC",42.7600,"milligramsPerLiter",2.9,,0,"formatChange","GOOD"
"0c423c10-a0bd-4b6c-8611-f59d237961c0","D04","GUIL","GUIL.AOS.groundwater.well.005","GUIL.W5.20180531.RAW","A00000006209","2018-05-31T13:03Z","2018-05-31T13:03Z","EcoCore_CSU","conductivity",426.3100,"microsiemensPerCentimeter",2.9,,0,"formatChange","GOOD"
"d3a2a3e5-c585-4f6d-b05f-13c864a44e75","D04","GUIL","GUIL.AOS.groundwater.well.005","GUIL.W5.20180531.RAW","A00000006209","2018-05-31T13:03Z","2018-05-31T13:03Z","EcoCore_CSU","TSS",72.0000,"milligramsPerLiter",2.9,,0,"formatChange","GOOD"
"bb3fa930-5afb-4085-b9c8-326a60dcb259","D04","GUIL","GUIL.AOS.groundwater.well.005","GUIL.W5.20180531.RAW","A00000006209","2018-05-31T13:03Z","2018-05-31T13:03Z","EcoCore_CSU","TN",4.2940,"milligramsPerLiter",2.9,,0,"formatChange","GOOD"
"5464aafd-5cc6-4b1e-89e9-128579f066af","D04","GUIL","GUIL.AOS.groundwater.well.005","GUIL.W5.20180531.FIL","A00000006211","2018-05-31T13:03Z","2018-05-31T13:03Z","EcoCore_CSU","Si",20.7374,"milligramsPerLiter",2.9,,0,"formatChange","GOOD"
"91249da5-faae-4bcc-993b-11493a9f63cc","D04","GUIL","GUIL.AOS.groundwater.well.005","GUIL.W5.20180531.FIL","A00000006211","2018-05-31T13:03Z","2018-05-31T13:03Z","EcoCore_CSU","Ortho - P",0.0920,"milligramsPerLiter",2.9,,0,"formatChange","GOOD"
"606a6440-a983-4aa0-bae0-c48c444e8fa6","D04","GUIL","GUIL.AOS.groundwater.well.005","GUIL.W5.20180531.PCN","A00000006222","2018-05-31T13:03Z","2018-05-31T13:03Z","EcoCore_CSU","TPC",0.2794,"milligram",2.9,,0,"formatChange","GOOD"
"ce1dff46-573e-4617-8035-d928298e051d","D04","GUIL","GUIL.AOS.groundwater.well.005","GUIL.W5.20180531.FIL","A00000006211","2018-05-31T13:03Z","2018-05-31T13:03Z","EcoCore_CSU","Cl",25.2409,"milligramsPerLiter",2.9,,0,"formatChange","GOOD"
"14e052f5-f4ea-45b6-a6e0-524ba49e8624","D04","GUIL","GUIL.AOS.groundwater.well.005","GUIL.W5.20180531.RAW","A00000006209","2018-05-31T13:03Z","2018-05-31T13:03Z","EcoCore_CSU","pH",6.9000,"pH",2.9,,0,"formatChange","GOOD"
"720666f1-0400-48b5-8b9f-f72f01ee27fd","D04","GUIL","GUIL.AOS.groundwater.well.005","GUIL.W5.20180531.FIL","A00000006211","2018-05-31T13:03Z","2018-05-31T13:03Z","EcoCore_CSU","CO3",0.0050,"milligramsPerLiter",2.9,,0,"formatChange","GOOD"
"0b6a328b-0b53-43f7-901f-cd04c56c5a23","D04","GUIL","GUIL.AOS.groundwater.well.005","GUIL.W5.20180531.FIL","A00000006211","2018-05-31T13:03Z","2018-05-31T13:03Z","EcoCore_CSU","TDP",0.1321,"milligramsPerLiter",2.9,,0,"formatChange","GOOD"
"fbf28560-c2bd-4aeb-b816-a97ceb9ad9fe","D04","GUIL","GUIL.AOS.groundwater.well.005","GUIL.W5.20180531.PCN","A00000006222","2018-05-31T13:03Z","2018-05-31T13:03Z","EcoCore_CSU","TPN",0.0186,"milligram",2.9,,0,"formatChange","GOOD"
"cae694ab-6158-44a3-a6ec-4631d0dfe7a4","D04","GUIL","GUIL.AOS.groundwater.well.005","GUIL.W5.20180531.FIL","A00000006211","2018-05-31T13:03Z","2018-05-31T13:03Z","EcoCore_CSU","Fe",0.0005,"milligramsPerLiter",2.9,,0,"formatChange","GOOD"
"b5d31dd5-99c3-49f1-ae30-349f6ffb995c","D04","GUIL","GUIL.AOS.groundwater.well.005","GUIL.W5.20180531.FIL","A00000006211","2018-05-31T13:03Z","2018-05-31T13:03Z","EcoCore_CSU","SO4",27.2970,"milligramsPerLiter",2.9,,0,"formatChange","GOOD"
"9ab56a0c-76b7-4751-85f1-313382721914","D04","GUIL","GUIL.AOS.groundwater.well.005","GUIL.W5.20180531.FIL","A00000006211","2018-05-31T13:03Z","2018-05-31T13:03Z","EcoCore_CSU","Mn",0.0040,"milligramsPerLiter",2.9,,0,"formatChange","GOOD"
"3b8820ce-8b65-4977-b2b8-646c722adb75","D04","GUIL","GUIL.AOS.groundwater.well.005","GUIL.W5.20180531.FIL","A00000006211","2018-05-31T13:03Z","2018-05-31T13:03Z","EcoCore_CSU","Na",15.8800,"milligramsPerLiter",2.9,,0,"formatChange","GOOD"
"c42ee3c7-071c-4b9a-9d7f-1981bdd35c7f","D04","GUIL","GUIL.AOS.groundwater.well.005","GUIL.W5.20180531.FIL","A00000006211","2018-05-31T13:03Z","2018-05-31T13:03Z","EcoCore_CSU","UV Absorbance (280 nm)",-0.0010,,2.9,,0,"formatChange","GOOD"
"0d1b19aa-5d0a-4f32-993d-0c03c66749a2","D04","GUIL","GUIL.AOS.groundwater.well.005","GUIL.W5.20180531.FIL","A00000006211","2018-05-31T13:03Z","2018-05-31T13:03Z","EcoCore_CSU","Ca",49.0560,"milligramsPerLiter",2.9,,0,"formatChange","GOOD"
"8321ee4c-2a21-472e-8f3a-cc4448ebb5d1","D04","GUIL","GUIL.AOS.groundwater.well.005","GUIL.W5.20180531.FIL","A00000006211","2018-05-31T13:03Z","2018-05-31T13:03Z","EcoCore_CSU","NH4 - N",0.0069,"milligramsPerLiter",2.9,,0,"formatChange","GOOD"
"709ad756-9507-4ce9-b774-4a4b35b0ad57","D04","GUIL","GUIL.AOS.groundwater.well.005","GUIL.W5.20180531.FIL","A00000006211","2018-05-31T13:03Z","2018-05-31T13:03Z","EcoCore_CSU","DOC",0.9221,"milligramsPerLiter",2.9,,0,"formatChange","GOOD"
"dfe78189-2ba7-4480-8084-9953c765ff4c","D04","GUIL","GUIL.AOS.groundwater.well.005","GUIL.W5.20180531.FIL","A00000006211","2018-05-31T13:03Z","2018-05-31T13:03Z","EcoCore_CSU","Br",0.0050,"milligramsPerLiter",2.9,,0,"formatChange","GOOD"
"ec1cbd3b-8d63-475a-a875-229782ae9cf9","D04","GUIL","GUIL.AOS.groundwater.well.005","GUIL.W5.20180531.RAW","A00000006209","2018-05-31T13:03Z","2018-05-31T13:03Z","EcoCore_CSU","TOC",0.3273,"milligramsPerLiter",2.9,,0,"formatChange","GOOD"
"ba073e75-65c0-484f-a2ff-788749b34800","D04","GUIL","GUIL.AOS.groundwater.well.005","GUIL.W5.20180531.FIL","A00000006211","2018-05-31T13:03Z","2018-05-31T13:03Z","EcoCore_CSU","HCO3",213.6100,"milligramsPerLiter",2.9,,0,"formatChange","GOOD"
"2ab3ecc2-33b0-44e0-9ebb-7f11c84906dd","D04","GUIL","GUIL.AOS.groundwater.well.005","GUIL.W5.20180531.RAW","A00000006209","2018-05-31T13:03Z","2018-05-31T13:03Z","EcoCore_CSU","ANC",3.9420,"milliequivalentsPerLiter",2.9,,0,"formatChange","GOOD"
