uid,domainID,siteID,namedLocation,sampleID,sampleCode,startDate,collectDate,laboratoryName,analyte,analyteConcentration,analyteUnits,coolerTemp,remarks,shipmentWarmQF,externalLabDataQF,sampleCondition
"673b6ccf-7070-4320-8679-fdbcac82ab91","D18","OKSR","OKSR.AOS.groundwater.well.008","OKSR.W8.20180918.RAW","A00000064275","2018-09-18T18:23Z","2018-09-18T18:23Z","EcoCore_CSU","pH",6.0300,"pH",4.7,,0,"formatChange","GOOD"
"a61c7cd2-42dc-4c9b-870b-7d50a224af3b","D18","OKSR","OKSR.AOS.groundwater.well.008","OKSR.W8.20180918.FIL","A00000064263","2018-09-18T18:23Z","2018-09-18T18:23Z","EcoCore_CSU","Br",,"milligramsPerLiter",4.7,"Received in 8 oz bottle not enough water to deliver to SWPLT",0,"formatChange","Other"
"e0081a0a-f6cc-4c7c-b784-93ceb6a67e73","D18","OKSR","OKSR.AOS.groundwater.well.008","OKSR.W8.20180918.FIL","A00000064263","2018-09-18T18:23Z","2018-09-18T18:23Z","EcoCore_CSU","Ca",,"milligramsPerLiter",4.7,"Received in 8 oz bottle not enough water to deliver to SWPLT",0,"formatChange","Other"
"6ceacfed-c96e-451a-896e-dd4032f9c8c2","D18","OKSR","OKSR.AOS.groundwater.well.008","OKSR.W8.20180918.FIL","A00000064263","2018-09-18T18:23Z","2018-09-18T18:23Z","EcoCore_CSU","UV Absorbance (280 nm)",1.3704,,4.7,"Received in 8 oz bottle not enough water to deliver to SWPLT",0,"formatChange","Other"
"360b1ce6-ad8a-484d-a564-6ec6bcbbbd71","D18","OKSR","OKSR.AOS.groundwater.well.008","OKSR.W8.20180918.PCN","A00000064264","2018-09-18T18:23Z","2018-09-18T18:23Z","EcoCore_CSU","TPN",0.1714,"milligram",4.7,,0,"formatChange","GOOD"
"e590cb57-4cc0-45f9-900e-937628bf0232","D18","OKSR","OKSR.AOS.groundwater.well.008","OKSR.W8.20180918.FIL","A00000064263","2018-09-18T18:23Z","2018-09-18T18:23Z","EcoCore_CSU","TDN",1.1130,"milligramsPerLiter",4.7,"Received in 8 oz bottle not enough water to deliver to SWPLT",0,"formatChange","Other"
"9194b66c-6832-426c-842c-a344832329b3","D18","OKSR","OKSR.AOS.groundwater.well.008","OKSR.W8.20180918.FIL","A00000064263","2018-09-18T18:23Z","2018-09-18T18:23Z","EcoCore_CSU","Na",,"milligramsPerLiter",4.7,"Received in 8 oz bottle not enough water to deliver to SWPLT",0,"formatChange","Other"
"65f05bde-ca71-49d0-8f61-a33bdb4936dc","D18","OKSR","OKSR.AOS.groundwater.well.008","OKSR.W8.20180918.FIL","A00000064263","2018-09-18T18:23Z","2018-09-18T18:23Z","EcoCore_CSU","NO2 - N",0.0303,"milligramsPerLiter",4.7,"Received in 8 oz bottle not enough water to deliver to SWPLT",0,"formatChange","Other"
"359c9bc1-a05d-4fe5-8445-37e77684ebec","D18","OKSR","OKSR.AOS.groundwater.well.008","OKSR.W8.20180918.FIL","A00000064263","2018-09-18T18:23Z","2018-09-18T18:23Z","EcoCore_CSU","Mg",,"milligramsPerLiter",4.7,"Received in 8 oz bottle not enough water to deliver to SWPLT",0,"formatChange","Other"
"a26dafdb-aa70-4503-9e0e-481d91ba06a4","D18","OKSR","OKSR.AOS.groundwater.well.008","OKSR.W8.20180918.FIL","A00000064263","2018-09-18T18:23Z","2018-09-18T18:23Z","EcoCore_CSU","TDS",,"milligramsPerLiter",4.7,"Received in 8 oz bottle not enough water to deliver to SWPLT",0,"formatChange","Other"
"1ef30b86-7599-4f5f-9556-441a97c81c06","D18","OKSR","OKSR.AOS.groundwater.well.008","OKSR.W8.20180918.PCN","A00000064264","2018-09-18T18:23Z","2018-09-18T18:23Z","EcoCore_CSU","TPC",0.7843,"milligram",4.7,,0,"formatChange","GOOD"
"4044b04e-57e9-4d69-9139-e05d518b2563","D18","OKSR","OKSR.AOS.groundwater.well.008","OKSR.W8.20180918.FIL","A00000064263","2018-09-18T18:23Z","2018-09-18T18:23Z","EcoCore_CSU","Cl",,"milligramsPerLiter",4.7,"Received in 8 oz bottle not enough water to deliver to SWPLT",0,"formatChange","Other"
"20fc79cd-ded6-46cb-a894-9c9db2bd00b8","D18","OKSR","OKSR.AOS.groundwater.well.008","OKSR.W8.20180918.FIL","A00000064263","2018-09-18T18:23Z","2018-09-18T18:23Z","EcoCore_CSU","DIC",5.3100,"milligramsPerLiter",4.7,"Received in 8 oz bottle not enough water to deliver to SWPLT",0,"formatChange","Other"
"2716ac3a-e0ba-4557-8c87-ea26a46fa2f6","D18","OKSR","OKSR.AOS.groundwater.well.008","OKSR.W8.20180918.FIL","A00000064263","2018-09-18T18:23Z","2018-09-18T18:23Z","EcoCore_CSU","DOC",22.4600,"milligramsPerLiter",4.7,"Received in 8 oz bottle not enough water to deliver to SWPLT",0,"formatChange","Other"
"b8355272-09fa-4314-89fe-de63795f9979","D18","OKSR","OKSR.AOS.groundwater.well.008","OKSR.W8.20180918.FIL","A00000064263","2018-09-18T18:23Z","2018-09-18T18:23Z","EcoCore_CSU","Fe",,"milligramsPerLiter",4.7,"Received in 8 oz bottle not enough water to deliver to SWPLT",0,"formatChange","Other"
"3460ddaf-dc01-4fc4-8734-7fcbe345638c","D18","OKSR","OKSR.AOS.groundwater.well.008","OKSR.W8.20180918.FIL","A00000064263","2018-09-18T18:23Z","2018-09-18T18:23Z","EcoCore_CSU","Ortho - P",0.1020,"milligramsPerLiter",4.7,"Received in 8 oz bottle not enough water to deliver to SWPLT",0,"formatChange","Other"
"6da235b6-9843-41e7-8a1a-d8ac57f64ddb","D18","OKSR","OKSR.AOS.groundwater.well.008","OKSR.W8.20180918.RAW","A00000064275","2018-09-18T18:23Z","2018-09-18T18:23Z","EcoCore_CSU","TP",0.0110,"milligramsPerLiter",4.7,,0,"formatChange","GOOD"
"7bebfd46-4fdd-45da-866a-c4b955ae3f79","D18","OKSR","OKSR.AOS.groundwater.well.008","OKSR.W8.20180918.FIL","A00000064263","2018-09-18T18:23Z","2018-09-18T18:23Z","EcoCore_CSU","NH4 - N",0.0681,"milligramsPerLiter",4.7,"Received in 8 oz bottle not enough water to deliver to SWPLT",0,"formatChange","Other"
"6ea8b1f8-b909-4f2c-8612-13caf1d9285d","D18","OKSR","OKSR.AOS.groundwater.well.008","OKSR.W8.20180918.FIL","A00000064263","2018-09-18T18:23Z","2018-09-18T18:23Z","EcoCore_CSU","F",,"milligramsPerLiter",4.7,"Received in 8 oz bottle not enough water to deliver to SWPLT",0,"formatChange","Other"
"40e48226-6afe-4dc7-8538-066d395006c9","D18","OKSR","OKSR.AOS.groundwater.well.008","OKSR.W8.20180918.RAW","A00000064275","2018-09-18T18:23Z","2018-09-18T18:23Z","EcoCore_CSU","TOC",20.7900,"milligramsPerLiter",4.7,,0,"formatChange","GOOD"
"59be435c-3ad8-433f-be90-6176192de139","D18","OKSR","OKSR.AOS.groundwater.well.008","OKSR.W8.20180918.FIL","A00000064263","2018-09-18T18:23Z","2018-09-18T18:23Z","EcoCore_CSU","K",,"milligramsPerLiter",4.7,"Received in 8 oz bottle not enough water to deliver to SWPLT",0,"formatChange","Other"
"8408c7ad-e4dd-4539-8cb9-9795586973a1","D18","OKSR","OKSR.AOS.groundwater.well.008","OKSR.W8.20180918.FIL","A00000064263","2018-09-18T18:23Z","2018-09-18T18:23Z","EcoCore_CSU","NO3+NO2 - N",0.0301,"milligramsPerLiter",4.7,"Received in 8 oz bottle not enough water to deliver to SWPLT",0,"formatChange","Other"
"fbc205dd-fb02-4984-aaba-e9e6317dc84f","D18","OKSR","OKSR.AOS.groundwater.well.008","OKSR.W8.20180918.FIL","A00000064263","2018-09-18T18:23Z","2018-09-18T18:23Z","EcoCore_CSU","TDP",,"milligramsPerLiter",4.7,"Received in 8 oz bottle not enough water to deliver to SWPLT",0,"formatChange","Other"
"9f19b7ee-9cc8-4b33-b1be-cf37e946de02","D18","OKSR","OKSR.AOS.groundwater.well.008","OKSR.W8.20180918.RAW","A00000064275","2018-09-18T18:23Z","2018-09-18T18:23Z","EcoCore_CSU","TSS",36.0000,"milligramsPerLiter",4.7,,0,"formatChange","GOOD"
"11888715-1a1c-4269-ac7b-34d94a8e8358","D18","OKSR","OKSR.AOS.groundwater.well.008","OKSR.W8.20180918.FIL","A00000064263","2018-09-18T18:23Z","2018-09-18T18:23Z","EcoCore_CSU","Si",,"milligramsPerLiter",4.7,"Received in 8 oz bottle not enough water to deliver to SWPLT",0,"formatChange","Other"
"9346e77e-fea0-4b49-81c9-9f1eefee34cb","D18","OKSR","OKSR.AOS.groundwater.well.008","OKSR.W8.20180918.FIL","A00000064263","2018-09-18T18:23Z","2018-09-18T18:23Z","EcoCore_CSU","UV Absorbance (250 nm)",1.8336,,4.7,"Received in 8 oz bottle not enough water to deliver to SWPLT",0,"formatChange","Other"
"72c5af5b-7286-460a-a368-71ad16dec21f","D18","OKSR","OKSR.AOS.groundwater.well.008","OKSR.W8.20180918.FIL","A00000064263","2018-09-18T18:23Z","2018-09-18T18:23Z","EcoCore_CSU","HCO3",,"milligramsPerLiter",4.7,"Received in 8 oz bottle not enough water to deliver to SWPLT",0,"formatChange","Other"
"400be6d0-d42a-4c37-9771-6d432d7dfa59","D18","OKSR","OKSR.AOS.groundwater.well.008","OKSR.W8.20180918.RAW","A00000064275","2018-09-18T18:23Z","2018-09-18T18:23Z","EcoCore_CSU","ANC",2.2500,"milliequivalentsPerLiter",4.7,,0,"formatChange","GOOD"
"0ec0123a-5544-44b0-abd3-f46ca5806bd6","D18","OKSR","OKSR.AOS.groundwater.well.008","OKSR.W8.20180918.RAW","A00000064275","2018-09-18T18:23Z","2018-09-18T18:23Z","EcoCore_CSU","conductivity",42.4200,"microsiemensPerCentimeter",4.7,,0,"formatChange","GOOD"
"235da6bf-faab-4ca1-9db9-02e08c89b5a0","D18","OKSR","OKSR.AOS.groundwater.well.008","OKSR.W8.20180918.FIL","A00000064263","2018-09-18T18:23Z","2018-09-18T18:23Z","EcoCore_CSU","SO4",,"milligramsPerLiter",4.7,"Received in 8 oz bottle not enough water to deliver to SWPLT",0,"formatChange","Other"
"cb115d42-3f0e-4037-abfd-ac49991e0c04","D18","OKSR","OKSR.AOS.groundwater.well.008","OKSR.W8.20180918.FIL","A00000064263","2018-09-18T18:23Z","2018-09-18T18:23Z","EcoCore_CSU","Mn",,"milligramsPerLiter",4.7,"Received in 8 oz bottle not enough water to deliver to SWPLT",0,"formatChange","Other"
"daafeaee-f26e-4ae7-b21e-279725b3ae60","D18","OKSR","OKSR.AOS.groundwater.well.008","OKSR.W8.20180918.FIL","A00000064263","2018-09-18T18:23Z","2018-09-18T18:23Z","EcoCore_CSU","CO3",,"milligramsPerLiter",4.7,"Received in 8 oz bottle not enough water to deliver to SWPLT",0,"formatChange","Other"
"b44955b5-15b6-4c0b-8672-dc6f65a40da0","D18","OKSR","OKSR.AOS.groundwater.well.008","OKSR.W8.20180918.RAW","A00000064275","2018-09-18T18:23Z","2018-09-18T18:23Z","EcoCore_CSU","TSS - Dry Mass",1800.0000,"microgram",4.7,,0,"formatChange","GOOD"
"330dbb6b-767c-4e0d-8453-6770d901c2f3","D18","OKSR","OKSR.AOS.groundwater.well.008","OKSR.W8.20180918.RAW","A00000064275","2018-09-18T18:23Z","2018-09-18T18:23Z","EcoCore_CSU","TN",1.3110,"milligramsPerLiter",4.7,,0,"formatChange","GOOD"
