uid,domainID,siteID,namedLocation,decimalLatitude,decimalLongitude,coordinateUncertainty,elevation,elevationUncertainty,geodeticDatum,collectDate,aquaticSiteType,samplingImpractical,waterChemSamplesCollected,adequateSampleVol,parentSampleID,eventID,swcSamplingProtocolVersion,sampleExtractionMethod,samplerType,totalWellDepth,wellWaterDepth,waterColumnHeight,sampleDepth,purgeAverageDischargeRate,purgeTime,gwWellStabilized,purgeDryDateTime,pumpPlacementDate,screenedIntervalDepth,maxAllowableDrawdown,actualDrawdown,MADExceeded,wellVolumePurged,probeIDUnavailable,dissolvedOxygen,dissolvedOxygenSaturation,specificConductance,waterTemp,pH,waterClarityDescrip,waterColorDescrip,aCollectedBy,bCollectedBy,remarks
"1b3c77bf-e219-45f9-b2db-70a61758e777","D18","OKSR","OKSR.AOS.groundwater.well.008",68.669955,-149.143747,0.1,768.8,0.1,"WGS84","2018-09-18T18:23Z","stream",,,"Y","OKSR.W8.20180918","OKSR.20180918","NEON.DOC.002905vE","Syringe","Syringe",,,,,,,,,,,,,,,,8.26,85.30,85.30,8.60,,,,"Jcelmer@battelleecology.org","kbroberg@battelleecology.org",
"8cce8ad6-7454-4351-9bd0-159de2a93920","D18","OKSR","OKSR.AOS.groundwater.well.005",68.668708,-149.150487,0.1,772.0,0.1,"WGS84","2018-09-18T19:09Z","stream","location dry",,"N","OKSR.W5.20180918","OKSR.20180918","NEON.DOC.002905vE","Syringe","Syringe",,,,,,,,,,,,,,,,,,,,,,,"Jcelmer@battelleecology.org","Tsurgener@battelleecology.org",
"45229685-474a-4e2b-91a2-770c54854c21","D18","OKSR","OKSR.AOS.groundwater.well.007",68.669333,-149.151055,0.1,771.8,0.1,"WGS84","2018-09-18T19:17Z","stream","location dry",,"N","OKSR.W7.20180918","OKSR.20180918","NEON.DOC.002905vE","Syringe","Syringe",,,,,,,,,,,,,,,,,,,,,,,"Jcelmer@battelleecology.org","Tsurgener@battelleecology.org",
"87c48b84-142c-4afa-af8e-274d1b1a9493","D18","OKSR","OKSR.AOS.groundwater.well.003",68.669343,-149.143509,0.1,768.5,0.1,"WGS84","2018-09-18T21:23Z","stream","location dry",,"N","OKSR.W3.20180918","OKSR.20180918","NEON.DOC.002905vE",,,,,,,,,,,,,,,,,,,,,,,,,"Tsurgener@battelleecology.org","kbroberg@battelleecology.org",
