uid,domainID,siteID,namedLocation,sampleID,sampleCode,startDate,collectDate,laboratoryName,analyte,analyteConcentration,analyteUnits,coolerTemp,remarks,shipmentWarmQF,externalLabDataQF,sampleCondition
"0537a057-6332-4633-a1ff-9de5aa0b5547","D03","BARC","BARC.AOS.groundwater.well.001","BARC.W1.20190930.RAW","A00000075639","2019-09-30T16:00Z","2019-09-30T16:00Z","EcoCore_CSU","specificConductance",22.7500,"microsiemensPerCentimeter",1.8,,0,,"OK"
"bec9a0b6-3174-4d89-81b8-b6bed79f4ced","D03","BARC","BARC.AOS.groundwater.well.001","BARC.W1.20190930.RAW","A00000075639","2019-09-30T16:00Z","2019-09-30T16:00Z","EcoCore_CSU","pH",4.8300,"pH",1.8,,0,,"OK"
"4c12ef15-03ce-4db5-9e55-29e7b7715e34","D03","BARC","BARC.AOS.groundwater.well.001","BARC.W1.20190930.RAW","A00000075639","2019-09-30T16:00Z","2019-09-30T16:00Z","EcoCore_CSU","ANC",0.1200,"milliequivalentsPerLiter",1.8,,0,,"OK"
"0b7fcbe9-923b-4862-9fad-b16054377ba8","D03","BARC","BARC.AOS.groundwater.well.001","BARC.W1.20190930.RAW","A00000075639","2019-09-30T16:00Z","2019-09-30T16:00Z","EcoCore_CSU","TSS - Dry Mass",1000.0000,"microgram",1.8,,0,,"OK"
"5ffd4241-7131-4e9d-bbbf-c6a364eaa5d1","D03","BARC","BARC.AOS.groundwater.well.001","BARC.W1.20190930.RAW","A00000075639","2019-09-30T16:00Z","2019-09-30T16:00Z","EcoCore_CSU","TSS",20.0000,"milligramsPerLiter",1.8,,0,,"OK"
"64c55730-a0ee-4471-bb77-97a0ba2eb5b4","D03","BARC","BARC.AOS.groundwater.well.001","BARC.W1.20190930.RAW","A00000075639","2019-09-30T16:00Z","2019-09-30T16:00Z","EcoCore_CSU","TP",0.3830,"milligramsPerLiter",1.8,,0,,"OK"
"3c45d4e1-3739-4441-8347-45f95c2fbf6e","D03","BARC","BARC.AOS.groundwater.well.001","BARC.W1.20190930.FIL","A00000075638","2019-09-30T16:00Z","2019-09-30T16:00Z","EcoCore_CSU","NH4 - N",0.0552,"milligramsPerLiter",1.8,,0,,"OK"
"6e8ab3dd-b27d-442d-b97b-2dd61e4981aa","D03","BARC","BARC.AOS.groundwater.well.001","BARC.W1.20190930.FIL","A00000075638","2019-09-30T16:00Z","2019-09-30T16:00Z","EcoCore_CSU","NO3+NO2 - N",0.0155,"milligramsPerLiter",1.8,,0,,"OK"
"14864339-bd0e-439f-9c3f-11ad4038e771","D03","BARC","BARC.AOS.groundwater.well.001","BARC.W1.20190930.FIL","A00000075638","2019-09-30T16:00Z","2019-09-30T16:00Z","EcoCore_CSU","NO2 - N",-0.0071,"milligramsPerLiter",1.8,,0,,"OK"
"e8a9f366-9b0c-4e57-9965-5c82238a0cc2","D03","BARC","BARC.AOS.groundwater.well.001","BARC.W1.20190930.FIL","A00000075638","2019-09-30T16:00Z","2019-09-30T16:00Z","EcoCore_CSU","Ortho - P",0.0460,"milligramsPerLiter",1.8,,0,,"OK"
"bc95415d-c4b1-4fab-97f4-b9149155e7f7","D03","BARC","BARC.AOS.groundwater.well.001","BARC.W1.20190930.FIL","A00000075638","2019-09-30T16:00Z","2019-09-30T16:00Z","EcoCore_CSU","Ca",1.2510,"milligramsPerLiter",1.8,,0,,"OK"
"8e136be2-3033-42d9-b956-7f70b6e6a75c","D03","BARC","BARC.AOS.groundwater.well.001","BARC.W1.20190930.FIL","A00000075638","2019-09-30T16:00Z","2019-09-30T16:00Z","EcoCore_CSU","Mg",0.8820,"milligramsPerLiter",1.8,,0,,"OK"
"3295ec73-7508-4eb3-9c54-f254573d65ca","D03","BARC","BARC.AOS.groundwater.well.001","BARC.W1.20190930.FIL","A00000075638","2019-09-30T16:00Z","2019-09-30T16:00Z","EcoCore_CSU","K",0.0005,"milligramsPerLiter",1.8,,0,,"OK"
"0c2d0f8f-1b9f-4e9c-a4f1-504d4ed33ea9","D03","BARC","BARC.AOS.groundwater.well.001","BARC.W1.20190930.FIL","A00000075638","2019-09-30T16:00Z","2019-09-30T16:00Z","EcoCore_CSU","Br",0.0050,"milligramsPerLiter",1.8,,0,,"OK"
"05c04a38-a5c3-4e65-8f87-8a54d35c7d9b","D03","BARC","BARC.AOS.groundwater.well.001","BARC.W1.20190930.FIL","A00000075638","2019-09-30T16:00Z","2019-09-30T16:00Z","EcoCore_CSU","SO4",9.0300,"milligramsPerLiter",1.8,,0,,"OK"
"6485942f-e7c3-449b-b75d-4795147f64ca","D03","BARC","BARC.AOS.groundwater.well.001","BARC.W1.20190930.FIL","A00000075638","2019-09-30T16:00Z","2019-09-30T16:00Z","EcoCore_CSU","Na",1.8600,"milligramsPerLiter",1.8,,0,,"OK"
"9f7a8c61-701c-46fb-8926-c21a72d00b9a","D03","BARC","BARC.AOS.groundwater.well.001","BARC.W1.20190930.FIL","A00000075638","2019-09-30T16:00Z","2019-09-30T16:00Z","EcoCore_CSU","CO3",0.0050,"milligramsPerLiter",1.8,,0,,"OK"
"5a287fa1-a267-46f2-9402-8d3e5f9cef2d","D03","BARC","BARC.AOS.groundwater.well.001","BARC.W1.20190930.FIL","A00000075638","2019-09-30T16:00Z","2019-09-30T16:00Z","EcoCore_CSU","Mn",0.0030,"milligramsPerLiter",1.8,,0,,"OK"
"be490bbe-d3f7-41eb-bf45-ef56495dfaa6","D03","BARC","BARC.AOS.groundwater.well.001","BARC.W1.20190930.FIL","A00000075638","2019-09-30T16:00Z","2019-09-30T16:00Z","EcoCore_CSU","HCO3",0.3500,"milligramsPerLiter",1.8,,0,,"OK"
"0c298b8f-828e-4c06-b3c5-c7152177db23","D03","BARC","BARC.AOS.groundwater.well.001","BARC.W1.20190930.FIL","A00000075638","2019-09-30T16:00Z","2019-09-30T16:00Z","EcoCore_CSU","Si",2.5500,"milligramsPerLiter",1.8,,0,,"OK"
"f3b7655e-5f48-420b-9d2f-1501c894f825","D03","BARC","BARC.AOS.groundwater.well.001","BARC.W1.20190930.FIL","A00000075638","2019-09-30T16:00Z","2019-09-30T16:00Z","EcoCore_CSU","F",0.0050,"milligramsPerLiter",1.8,,0,,"OK"
"2e928f20-63b4-4007-a874-4fc06b8dfa95","D03","BARC","BARC.AOS.groundwater.well.001","BARC.W1.20190930.FIL","A00000075638","2019-09-30T16:00Z","2019-09-30T16:00Z","EcoCore_CSU","TDP",0.0030,"milligramsPerLiter",1.8,,0,,"OK"
"6c1f7eaa-6d38-4aac-a36e-7230d3219209","D03","BARC","BARC.AOS.groundwater.well.001","BARC.W1.20190930.FIL","A00000075638","2019-09-30T16:00Z","2019-09-30T16:00Z","EcoCore_CSU","Fe",0.0100,"milligramsPerLiter",1.8,,0,,"OK"
"4cde9370-38f5-4d15-a1ba-983f5718623c","D03","BARC","BARC.AOS.groundwater.well.001","BARC.W1.20190930.FIL","A00000075638","2019-09-30T16:00Z","2019-09-30T16:00Z","EcoCore_CSU","TDS",16.0600,"milligramsPerLiter",1.8,,0,,"OK"
"00c50eb9-585c-44d6-8c44-c916e381ed87","D03","BARC","BARC.AOS.groundwater.well.001","BARC.W1.20190930.FIL","A00000075638","2019-09-30T16:00Z","2019-09-30T16:00Z","EcoCore_CSU","Cl",0.8300,"milligramsPerLiter",1.8,,0,,"OK"
"87f8d36f-beca-4efb-956b-fc43834dbaa9","D03","BARC","BARC.AOS.groundwater.well.001","BARC.W1.20190930.FIL","A00000075638","2019-09-30T16:00Z","2019-09-30T16:00Z","EcoCore_CSU","UV Absorbance (280 nm)",0.0114,,4.2,,0,,"OK"
"49c3a30a-e430-45fb-81fb-56d4aaec9a10","D03","BARC","BARC.AOS.groundwater.well.001","BARC.W1.20190930.FIL","A00000075638","2019-09-30T16:00Z","2019-09-30T16:00Z","EcoCore_CSU","UV Absorbance (250 nm)",0.0209,,1.8,,0,,"OK"
"69531c02-9237-4da2-8062-b1a54e63246e","D03","BARC","BARC.AOS.groundwater.well.001","BARC.W1.20190930.RAW","A00000075639","2019-09-30T16:00Z","2019-09-30T16:00Z","EcoCore_CSU","TOC",1.6410,"milligramsPerLiter",1.8,,0,,"OK"
"24dd201e-5c92-4e4d-b7c9-7205435bdf3d","D03","BARC","BARC.AOS.groundwater.well.001","BARC.W1.20190930.RAW","A00000075639","2019-09-30T16:00Z","2019-09-30T16:00Z","EcoCore_CSU","TN",0.0931,"milligramsPerLiter",1.8,,0,,"OK"
"d5ffc7d6-96db-43cd-899f-29944d129bbc","D03","BARC","BARC.AOS.groundwater.well.001","BARC.W1.20190930.FIL","A00000075638","2019-09-30T16:00Z","2019-09-30T16:00Z","EcoCore_CSU","DIC",1.5300,"milligramsPerLiter",1.8,,0,,"OK"
"124951f6-e484-4c7d-a992-f67f87217361","D03","BARC","BARC.AOS.groundwater.well.001","BARC.W1.20190930.FIL","A00000075638","2019-09-30T16:00Z","2019-09-30T16:00Z","EcoCore_CSU","DOC",1.7450,"milligramsPerLiter",2.4,,0,,"OK"
"4ce44391-a9ba-403d-90e5-481661066c4a","D03","BARC","BARC.AOS.groundwater.well.001","BARC.W1.20190930.FIL","A00000075638","2019-09-30T16:00Z","2019-09-30T16:00Z","EcoCore_CSU","TDN",0.1070,"milligramsPerLiter",7.9,,1,,"Cold Chain Broken"
"b3ad18c1-e13d-49a3-8308-d8af1f58d462","D03","BARC","BARC.AOS.groundwater.well.001","BARC.W1.20190930.PCN","A00000075663","2019-09-30T16:00Z","2019-09-30T16:00Z","EcoCore_CSU","TPN",0.1630,"milligram",1.8,,0,,"OK"
"ad3b1320-d731-478c-b58e-db583cd139b6","D03","BARC","BARC.AOS.groundwater.well.001","BARC.W1.20190930.PCN","A00000075663","2019-09-30T16:00Z","2019-09-30T16:00Z","EcoCore_CSU","TPC",0.2346,"milligram",1.8,,0,,"OK"
"e57b6b75-2519-4cd0-b7d0-b3f219ea5ff0","D03","BARC","BARC.AOS.groundwater.well.005","BARC.W5.20190930.RAW","A00000075641","2019-09-30T17:40Z","2019-09-30T17:40Z","EcoCore_CSU","TP",0.2800,"milligramsPerLiter",1.8,,0,,"OK"
"4e4f1687-0933-49e8-994e-378f07365f00","D03","BARC","BARC.AOS.groundwater.well.005","BARC.W5.20190930.PCN","A00000075662","2019-09-30T17:40Z","2019-09-30T17:40Z","EcoCore_CSU","TPN",0.0885,"milligram",1.8,,0,,"OK"
"c527e7ee-a38a-4286-81fc-281e373b6e11","D03","BARC","BARC.AOS.groundwater.well.005","BARC.W5.20190930.RAW","A00000075641","2019-09-30T17:40Z","2019-09-30T17:40Z","EcoCore_CSU","specificConductance",35.6200,"microsiemensPerCentimeter",1.8,,0,,"OK"
"30dd8254-f3ce-42c5-a6b1-ad6223386ed1","D03","BARC","BARC.AOS.groundwater.well.005","BARC.W5.20190930.RAW","A00000075641","2019-09-30T17:40Z","2019-09-30T17:40Z","EcoCore_CSU","pH",4.8300,"pH",1.8,,0,,"OK"
"8d879a83-ae22-4db1-ab85-1742134a5ca7","D03","BARC","BARC.AOS.groundwater.well.005","BARC.W5.20190930.RAW","A00000075641","2019-09-30T17:40Z","2019-09-30T17:40Z","EcoCore_CSU","TSS - Dry Mass",2700.0000,"microgram",1.8,,0,,"OK"
"b140f463-2281-469f-b97f-2ec53e5efdb3","D03","BARC","BARC.AOS.groundwater.well.005","BARC.W5.20190930.RAW","A00000075641","2019-09-30T17:40Z","2019-09-30T17:40Z","EcoCore_CSU","TSS",54.0000,"milligramsPerLiter",1.8,,0,,"OK"
"885b9ae5-3828-40b0-92e2-4bb3f61cb035","D03","BARC","BARC.AOS.groundwater.well.005","BARC.W5.20190930.FIL","A00000075640","2019-09-30T17:40Z","2019-09-30T17:40Z","EcoCore_CSU","NO2 - N",-0.0053,"milligramsPerLiter",1.8,,0,,"OK"
"de6aac7d-0930-43f9-9b99-9c9d5dcb6bf1","D03","BARC","BARC.AOS.groundwater.well.005","BARC.W5.20190930.FIL","A00000075640","2019-09-30T17:40Z","2019-09-30T17:40Z","EcoCore_CSU","NH4 - N",0.0735,"milligramsPerLiter",1.8,,0,,"OK"
"041833fb-8b7b-49dd-9832-19094c8347a9","D03","BARC","BARC.AOS.groundwater.well.005","BARC.W5.20190930.FIL","A00000075640","2019-09-30T17:40Z","2019-09-30T17:40Z","EcoCore_CSU","Ortho - P",0.0410,"milligramsPerLiter",1.8,,0,,"OK"
"b40d2e30-64ef-4bc1-b544-362d80110bfa","D03","BARC","BARC.AOS.groundwater.well.005","BARC.W5.20190930.FIL","A00000075640","2019-09-30T17:40Z","2019-09-30T17:40Z","EcoCore_CSU","NO3+NO2 - N",0.0197,"milligramsPerLiter",1.8,,0,,"OK"
"f14bb66f-6591-47cc-b08a-3c2023ed81a9","D03","BARC","BARC.AOS.groundwater.well.005","BARC.W5.20190930.FIL","A00000075640","2019-09-30T17:40Z","2019-09-30T17:40Z","EcoCore_CSU","Cl",0.9100,"milligramsPerLiter",1.8,,0,,"OK"
"dae7c47c-1b6e-4da6-93ed-9577537da7ff","D03","BARC","BARC.AOS.groundwater.well.005","BARC.W5.20190930.FIL","A00000075640","2019-09-30T17:40Z","2019-09-30T17:40Z","EcoCore_CSU","Si",3.3730,"milligramsPerLiter",1.8,,0,,"OK"
"f68d5b50-245f-45d4-a89a-5ad76de26ed6","D03","BARC","BARC.AOS.groundwater.well.005","BARC.W5.20190930.FIL","A00000075640","2019-09-30T17:40Z","2019-09-30T17:40Z","EcoCore_CSU","TDS",25.4100,"milligramsPerLiter",1.8,,0,,"OK"
"38783a7a-19ca-414c-8da2-29faa1c3bd39","D03","BARC","BARC.AOS.groundwater.well.005","BARC.W5.20190930.FIL","A00000075640","2019-09-30T17:40Z","2019-09-30T17:40Z","EcoCore_CSU","Mn",0.0080,"milligramsPerLiter",1.8,,0,,"OK"
"140196a8-c620-4c79-9bda-7bc6afc6673b","D03","BARC","BARC.AOS.groundwater.well.005","BARC.W5.20190930.FIL","A00000075640","2019-09-30T17:40Z","2019-09-30T17:40Z","EcoCore_CSU","Mg",1.7310,"milligramsPerLiter",1.8,,0,,"OK"
"c3ad4181-14d8-4571-96d2-d8bee76bc8b0","D03","BARC","BARC.AOS.groundwater.well.005","BARC.W5.20190930.FIL","A00000075640","2019-09-30T17:40Z","2019-09-30T17:40Z","EcoCore_CSU","SO4",6.9690,"milligramsPerLiter",1.8,,0,,"OK"
"2400d73b-3644-4d08-8455-7546027097b6","D03","BARC","BARC.AOS.groundwater.well.005","BARC.W5.20190930.FIL","A00000075640","2019-09-30T17:40Z","2019-09-30T17:40Z","EcoCore_CSU","HCO3",10.7500,"milligramsPerLiter",1.8,,0,,"OK"
"0645ab35-aa19-440c-916e-38241efc8679","D03","BARC","BARC.AOS.groundwater.well.005","BARC.W5.20190930.FIL","A00000075640","2019-09-30T17:40Z","2019-09-30T17:40Z","EcoCore_CSU","K",0.0005,"milligramsPerLiter",1.8,,0,,"OK"
"9096ca00-6e37-461f-9161-9796089c3c21","D03","BARC","BARC.AOS.groundwater.well.005","BARC.W5.20190930.FIL","A00000075640","2019-09-30T17:40Z","2019-09-30T17:40Z","EcoCore_CSU","Ca",0.2880,"milligramsPerLiter",1.8,,0,,"OK"
"fe2c0aeb-8d68-4be3-bef5-35c3144dc0ca","D03","BARC","BARC.AOS.groundwater.well.005","BARC.W5.20190930.FIL","A00000075640","2019-09-30T17:40Z","2019-09-30T17:40Z","EcoCore_CSU","F",0.0050,"milligramsPerLiter",1.8,,0,,"OK"
"8cf17201-65c0-44df-aae7-1399300669ae","D03","BARC","BARC.AOS.groundwater.well.005","BARC.W5.20190930.FIL","A00000075640","2019-09-30T17:40Z","2019-09-30T17:40Z","EcoCore_CSU","CO3",0.0050,"milligramsPerLiter",1.8,,0,,"OK"
"624ee98f-3c30-4de2-9ac1-c27fdf74a1b0","D03","BARC","BARC.AOS.groundwater.well.005","BARC.W5.20190930.FIL","A00000075640","2019-09-30T17:40Z","2019-09-30T17:40Z","EcoCore_CSU","TDP",0.0050,"milligramsPerLiter",1.8,,0,,"OK"
"ed70c498-4b3f-42c0-b7a8-0b08a6515c12","D03","BARC","BARC.AOS.groundwater.well.005","BARC.W5.20190930.FIL","A00000075640","2019-09-30T17:40Z","2019-09-30T17:40Z","EcoCore_CSU","Fe",0.1360,"milligramsPerLiter",1.8,,0,,"OK"
"b4e74b66-f2c0-4acb-9e9f-6dd6eaba44c8","D03","BARC","BARC.AOS.groundwater.well.005","BARC.W5.20190930.FIL","A00000075640","2019-09-30T17:40Z","2019-09-30T17:40Z","EcoCore_CSU","Na",4.2470,"milligramsPerLiter",1.8,,0,,"OK"
"c5141bdd-1528-4408-89e1-87f10c494453","D03","BARC","BARC.AOS.groundwater.well.005","BARC.W5.20190930.FIL","A00000075640","2019-09-30T17:40Z","2019-09-30T17:40Z","EcoCore_CSU","Br",0.0050,"milligramsPerLiter",1.8,,0,,"OK"
"97741134-d590-4ef7-b922-10e16d022805","D03","BARC","BARC.AOS.groundwater.well.005","BARC.W5.20190930.FIL","A00000075640","2019-09-30T17:40Z","2019-09-30T17:40Z","EcoCore_CSU","UV Absorbance (250 nm)",0.1261,,1.8,,0,,"OK"
"27b6c656-cb6e-4957-afeb-6040cad8e252","D03","BARC","BARC.AOS.groundwater.well.005","BARC.W5.20190930.FIL","A00000075640","2019-09-30T17:40Z","2019-09-30T17:40Z","EcoCore_CSU","UV Absorbance (280 nm)",0.0784,,1.8,,0,,"OK"
"71874463-d6cb-4e60-b2d2-c586e40b63f0","D03","BARC","BARC.AOS.groundwater.well.005","BARC.W5.20190930.RAW","A00000075641","2019-09-30T17:40Z","2019-09-30T17:40Z","EcoCore_CSU","TN",0.1977,"milligramsPerLiter",1.8,,0,,"OK"
"eb99b55c-c4b7-495a-ac66-007b61d7a8cf","D03","BARC","BARC.AOS.groundwater.well.005","BARC.W5.20190930.RAW","A00000075641","2019-09-30T17:40Z","2019-09-30T17:40Z","EcoCore_CSU","TOC",3.8450,"milligramsPerLiter",1.8,,0,,"OK"
"2eed88c0-f961-4afd-9467-d57f02b44b6e","D03","BARC","BARC.AOS.groundwater.well.005","BARC.W5.20190930.FIL","A00000075640","2019-09-30T17:40Z","2019-09-30T17:40Z","EcoCore_CSU","DIC",5.5910,"milligramsPerLiter",1.8,,0,,"OK"
"d8ffe9e1-7f46-4386-af09-83faa6ee9ea5","D03","BARC","BARC.AOS.groundwater.well.005","BARC.W5.20190930.FIL","A00000075640","2019-09-30T17:40Z","2019-09-30T17:40Z","EcoCore_CSU","TDN",0.1748,"milligramsPerLiter",0.5,,0,,"OK"
"85914936-ade6-4f42-a61a-7a164d5eef84","D03","BARC","BARC.AOS.groundwater.well.005","BARC.W5.20190930.FIL","A00000075640","2019-09-30T17:40Z","2019-09-30T17:40Z","EcoCore_CSU","DOC",4.7000,"milligramsPerLiter",1.4,,0,,"OK"
"6d146a5d-fd71-4f3a-90d4-9e9915590c52","D03","BARC","BARC.AOS.groundwater.well.005","BARC.W5.20190930.PCN","A00000075662","2019-09-30T17:40Z","2019-09-30T17:40Z","EcoCore_CSU","TPC",0.3223,"milligram",1.8,,0,,"OK"
"ea763bfb-7948-487b-856f-9412a3708ec0","D03","BARC","BARC.AOS.groundwater.well.005","BARC.W5.20190930.RAW","A00000075641","2019-09-30T17:40Z","2019-09-30T17:40Z","EcoCore_CSU","ANC",0.1900,"milliequivalentsPerLiter",1.8,,0,,"OK"
