uid,domainID,siteID,namedLocation,sampleID,sampleCode,startDate,collectDate,laboratoryName,analyte,analyteConcentration,analyteUnits,coolerTemp,remarks,shipmentWarmQF,externalLabDataQF,sampleCondition
"4e66aa43-069b-4783-b1f0-550f8e686f23","D11","BLUE","BLUE.AOS.groundwater.well.007","BLUE.W7.20181015.FIL","A00000020388","2018-10-15T19:28Z","2018-10-15T19:28Z","EcoCore_CSU","Ortho - P",0.0690,"milligramsPerLiter",3.0,,0,"formatChange","GOOD"
"437932e4-43e4-4677-8079-eed82d46adb8","D11","BLUE","BLUE.AOS.groundwater.well.007","BLUE.W7.20181015.FIL","A00000020388","2018-10-15T19:28Z","2018-10-15T19:28Z","EcoCore_CSU","TDN",0.2399,"milligramsPerLiter",3.0,,0,"formatChange","GOOD"
"85eeb3de-3b35-4c21-a667-455457be609e","D11","BLUE","BLUE.AOS.groundwater.well.007","BLUE.W7.20181015.RAW","A00000020414","2018-10-15T19:28Z","2018-10-15T19:28Z","EcoCore_CSU","TOC",2.4230,"milligramsPerLiter",3.0,,0,"formatChange","GOOD"
"5c76c818-38b0-4305-9cb5-2cd88cbe52d3","D11","BLUE","BLUE.AOS.groundwater.well.007","BLUE.W7.20181015.RAW","A00000020414","2018-10-15T19:28Z","2018-10-15T19:28Z","EcoCore_CSU","TP",0.4587,"milligramsPerLiter",3.0,,0,"formatChange","GOOD"
"b47efee6-7d7e-406d-a6c6-bc9867fe8661","D11","BLUE","BLUE.AOS.groundwater.well.007","BLUE.W7.20181015.FIL","A00000020388","2018-10-15T19:28Z","2018-10-15T19:28Z","EcoCore_CSU","UV Absorbance (250 nm)",0.1345,,3.0,,0,"formatChange","GOOD"
"358cbbe1-f43c-4227-9793-1ba6b2266c0f","D11","BLUE","BLUE.AOS.groundwater.well.007","BLUE.W7.20181015.FIL","A00000020388","2018-10-15T19:28Z","2018-10-15T19:28Z","EcoCore_CSU","SO4",13.8090,"milligramsPerLiter",3.0,,0,"formatChange","GOOD"
"c9ccc712-7fe0-4dc5-83ee-489192aeaf7f","D11","BLUE","BLUE.AOS.groundwater.well.007","BLUE.W7.20181015.FIL","A00000020388","2018-10-15T19:28Z","2018-10-15T19:28Z","EcoCore_CSU","UV Absorbance (280 nm)",0.1693,,3.0,,0,"formatChange","GOOD"
"79bc5c44-46bf-4811-aec2-76bf4d67c846","D11","BLUE","BLUE.AOS.groundwater.well.007","BLUE.W7.20181015.FIL","A00000020388","2018-10-15T19:28Z","2018-10-15T19:28Z","EcoCore_CSU","Fe",0.0005,"milligramsPerLiter",3.0,,0,"formatChange","GOOD"
"2b7e1e1d-489c-4a94-a243-acb41e5ae2fc","D11","BLUE","BLUE.AOS.groundwater.well.007","BLUE.W7.20181015.RAW","A00000020414","2018-10-15T19:28Z","2018-10-15T19:28Z","EcoCore_CSU","conductivity",861.4200,"microsiemensPerCentimeter",3.0,,0,"formatChange","GOOD"
"ec1d11cd-9547-43a4-90fa-d9633652fb91","D11","BLUE","BLUE.AOS.groundwater.well.007","BLUE.W7.20181015.FIL","A00000020388","2018-10-15T19:28Z","2018-10-15T19:28Z","EcoCore_CSU","HCO3",490.0475,"milligramsPerLiter",3.0,,0,"formatChange","GOOD"
"b40d0f85-72c0-48c8-b681-79f3a298610e","D11","BLUE","BLUE.AOS.groundwater.well.007","BLUE.W7.20181015.RAW","A00000020414","2018-10-15T19:28Z","2018-10-15T19:28Z","EcoCore_CSU","TSS - Dry Mass",100.0000,"microgram",3.0,,0,"formatChange","GOOD"
"5569283a-cf98-4149-ab0d-6bb01257592e","D11","BLUE","BLUE.AOS.groundwater.well.007","BLUE.W7.20181015.PCN","A00000051795","2018-10-15T19:28Z","2018-10-15T19:28Z","EcoCore_CSU","TPN",0.0482,"milligram",3.0,,0,"formatChange","GOOD"
"7b59f11a-1122-4c7b-90dc-03804f4ed59f","D11","BLUE","BLUE.AOS.groundwater.well.007","BLUE.W7.20181015.FIL","A00000020388","2018-10-15T19:28Z","2018-10-15T19:28Z","EcoCore_CSU","K",2.6130,"milligramsPerLiter",3.0,,0,"formatChange","GOOD"
"1a9afde6-08d6-45a2-8d9b-7cf4f3ea4d57","D11","BLUE","BLUE.AOS.groundwater.well.007","BLUE.W7.20181015.FIL","A00000020388","2018-10-15T19:28Z","2018-10-15T19:28Z","EcoCore_CSU","NO3+NO2 - N",0.0552,"milligramsPerLiter",3.0,,0,"formatChange","GOOD"
"3df9aa3c-1925-49ca-98ab-f74a344bade1","D11","BLUE","BLUE.AOS.groundwater.well.007","BLUE.W7.20181015.FIL","A00000020388","2018-10-15T19:28Z","2018-10-15T19:28Z","EcoCore_CSU","DOC",2.2720,"milligramsPerLiter",3.0,,0,"formatChange","GOOD"
"63c51917-0db5-40c1-86ba-376fb66c61f2","D11","BLUE","BLUE.AOS.groundwater.well.007","BLUE.W7.20181015.FIL","A00000020388","2018-10-15T19:28Z","2018-10-15T19:28Z","EcoCore_CSU","Mg",37.1300,"milligramsPerLiter",3.0,,0,"formatChange","GOOD"
"aecc17e5-5e11-4c55-a66d-203681900b6d","D11","BLUE","BLUE.AOS.groundwater.well.007","BLUE.W7.20181015.FIL","A00000020388","2018-10-15T19:28Z","2018-10-15T19:28Z","EcoCore_CSU","TDP",0.0123,"milligramsPerLiter",3.0,,0,"formatChange","GOOD"
"6aaf3682-ac98-4209-a0c2-3efbed8d7bd0","D11","BLUE","BLUE.AOS.groundwater.well.007","BLUE.W7.20181015.FIL","A00000020388","2018-10-15T19:28Z","2018-10-15T19:28Z","EcoCore_CSU","NO2 - N",0.0231,"milligramsPerLiter",3.0,,0,"formatChange","GOOD"
"da91bb95-e604-448d-a1be-86bd93a6d4e8","D11","BLUE","BLUE.AOS.groundwater.well.007","BLUE.W7.20181015.RAW","A00000020414","2018-10-15T19:28Z","2018-10-15T19:28Z","EcoCore_CSU","pH",7.2500,"pH",3.0,,0,"formatChange","GOOD"
"dce91ef2-91ef-4577-a048-7c74e1804058","D11","BLUE","BLUE.AOS.groundwater.well.007","BLUE.W7.20181015.RAW","A00000020414","2018-10-15T19:28Z","2018-10-15T19:28Z","EcoCore_CSU","ANC",8.2300,"milliequivalentsPerLiter",3.0,,0,"formatChange","GOOD"
"00f25b00-616e-4860-91c9-fddb4f726079","D11","BLUE","BLUE.AOS.groundwater.well.007","BLUE.W7.20181015.PCN","A00000051795","2018-10-15T19:28Z","2018-10-15T19:28Z","EcoCore_CSU","TPC",0.2958,"milligram",3.0,,0,"formatChange","GOOD"
"cbc815f8-862c-45be-b185-b00f8239264b","D11","BLUE","BLUE.AOS.groundwater.well.007","BLUE.W7.20181015.FIL","A00000020388","2018-10-15T19:28Z","2018-10-15T19:28Z","EcoCore_CSU","Ca",87.8585,"milligramsPerLiter",3.0,,0,"formatChange","GOOD"
"fc57a30e-6c95-4d4f-87e1-4b7dd8f73bc2","D11","BLUE","BLUE.AOS.groundwater.well.007","BLUE.W7.20181015.RAW","A00000020414","2018-10-15T19:28Z","2018-10-15T19:28Z","EcoCore_CSU","TSS",2.0000,"milligramsPerLiter",3.0,,0,"formatChange","GOOD"
"24ef34f4-4b45-42f7-8076-878925dd3862","D11","BLUE","BLUE.AOS.groundwater.well.007","BLUE.W7.20181015.FIL","A00000020388","2018-10-15T19:28Z","2018-10-15T19:28Z","EcoCore_CSU","Mn",0.1040,"milligramsPerLiter",3.0,,0,"formatChange","GOOD"
"66ce796a-3be2-4f22-b3e1-0c0db3f62909","D11","BLUE","BLUE.AOS.groundwater.well.007","BLUE.W7.20181015.FIL","A00000020388","2018-10-15T19:28Z","2018-10-15T19:28Z","EcoCore_CSU","DIC",159.0000,"milligramsPerLiter",3.0,,0,"formatChange","GOOD"
"de308e5a-5ec8-46df-9003-711797b60ea9","D11","BLUE","BLUE.AOS.groundwater.well.007","BLUE.W7.20181015.FIL","A00000020388","2018-10-15T19:28Z","2018-10-15T19:28Z","EcoCore_CSU","NH4 - N",0.0551,"milligramsPerLiter",3.0,,0,"formatChange","GOOD"
"51e3143f-8a07-40ee-8b98-336afe5c9421","D11","BLUE","BLUE.AOS.groundwater.well.007","BLUE.W7.20181015.FIL","A00000020388","2018-10-15T19:28Z","2018-10-15T19:28Z","EcoCore_CSU","Na",17.6500,"milligramsPerLiter",3.0,,0,"formatChange","GOOD"
"2dfd8fb2-a901-4b34-a551-7efee9e7f05f","D11","BLUE","BLUE.AOS.groundwater.well.007","BLUE.W7.20181015.FIL","A00000020388","2018-10-15T19:28Z","2018-10-15T19:28Z","EcoCore_CSU","Cl",11.4900,"milligramsPerLiter",3.0,,0,"formatChange","GOOD"
"401c8994-381e-4cdf-bffd-fe0bc262ce84","D11","BLUE","BLUE.AOS.groundwater.well.007","BLUE.W7.20181015.FIL","A00000020388","2018-10-15T19:28Z","2018-10-15T19:28Z","EcoCore_CSU","Si",10.9667,"milligramsPerLiter",3.0,,0,"formatChange","GOOD"
"e4381d68-71dc-491a-bd27-9439694b5ce1","D11","BLUE","BLUE.AOS.groundwater.well.007","BLUE.W7.20181015.FIL","A00000020388","2018-10-15T19:28Z","2018-10-15T19:28Z","EcoCore_CSU","CO3",0.0050,"milligramsPerLiter",3.0,,0,"formatChange","GOOD"
"36251a32-d8d0-4e5e-ad1b-33792bcf74f8","D11","BLUE","BLUE.AOS.groundwater.well.007","BLUE.W7.20181015.FIL","A00000020388","2018-10-15T19:28Z","2018-10-15T19:28Z","EcoCore_CSU","F",0.0050,"milligramsPerLiter",3.0,,0,"formatChange","GOOD"
"b8a5fd51-0ac5-4c8c-9cb0-18bccfbf7c77","D11","BLUE","BLUE.AOS.groundwater.well.007","BLUE.W7.20181015.FIL","A00000020388","2018-10-15T19:28Z","2018-10-15T19:28Z","EcoCore_CSU","Br",0.0050,"milligramsPerLiter",3.0,,0,"formatChange","GOOD"
"6714cacf-a467-4797-8879-1b8639a167a6","D11","BLUE","BLUE.AOS.groundwater.well.007","BLUE.W7.20181015.FIL","A00000020388","2018-10-15T19:28Z","2018-10-15T19:28Z","EcoCore_CSU","TDS",603.1200,"milligramsPerLiter",3.0,,0,"formatChange","GOOD"
"f1000cc3-b787-4b3a-bb6c-a2a24d3049b7","D11","BLUE","BLUE.AOS.groundwater.well.007","BLUE.W7.20181015.RAW","A00000020414","2018-10-15T19:28Z","2018-10-15T19:28Z","EcoCore_CSU","TN",0.2514,"milligramsPerLiter",3.0,,0,"formatChange","GOOD"
"84b39af5-1321-44e3-a3a1-9c142c1295d3","D11","BLUE","BLUE.AOS.groundwater.well.004","BLUE.W4.20181015.FIL","A00000020389","2018-10-15T21:14Z","2018-10-15T21:14Z","EcoCore_CSU","Ca",22.7042,"milligramsPerLiter",3.0,,0,"formatChange","GOOD"
"0758c137-82c7-4a6a-a55b-92ec816a6ef1","D11","BLUE","BLUE.AOS.groundwater.well.004","BLUE.W4.20181015.RAW","A00000020376","2018-10-15T21:14Z","2018-10-15T21:14Z","EcoCore_CSU","TP",0.0949,"milligramsPerLiter",3.0,,0,"formatChange","GOOD"
"518feccb-83a8-4943-b562-86d654cba568","D11","BLUE","BLUE.AOS.groundwater.well.004","BLUE.W4.20181015.RAW","A00000020376","2018-10-15T21:14Z","2018-10-15T21:14Z","EcoCore_CSU","conductivity",436.9200,"microsiemensPerCentimeter",3.0,,0,"formatChange","GOOD"
"e9a67f32-b221-4fed-98dc-3861a55adc32","D11","BLUE","BLUE.AOS.groundwater.well.004","BLUE.W4.20181015.FIL","A00000020389","2018-10-15T21:14Z","2018-10-15T21:14Z","EcoCore_CSU","TDN",0.4637,"milligramsPerLiter",3.0,,0,"formatChange","GOOD"
"292384c6-873b-457d-bd05-8e297e55fdfa","D11","BLUE","BLUE.AOS.groundwater.well.004","BLUE.W4.20181015.FIL","A00000020389","2018-10-15T21:14Z","2018-10-15T21:14Z","EcoCore_CSU","F",0.0050,"milligramsPerLiter",3.0,,0,"formatChange","GOOD"
"192288a6-ba5a-4830-966f-8cff92b1a9d5","D11","BLUE","BLUE.AOS.groundwater.well.004","BLUE.W4.20181015.RAW","A00000020376","2018-10-15T21:14Z","2018-10-15T21:14Z","EcoCore_CSU","pH",7.2700,"pH",3.0,,0,"formatChange","GOOD"
"37b5c0e5-96b4-47bc-afe8-686c2a2abe6f","D11","BLUE","BLUE.AOS.groundwater.well.004","BLUE.W4.20181015.FIL","A00000020389","2018-10-15T21:14Z","2018-10-15T21:14Z","EcoCore_CSU","K",0.3450,"milligramsPerLiter",3.0,,0,"formatChange","GOOD"
"b116878b-ea0b-482a-b0e5-525dadedeb4a","D11","BLUE","BLUE.AOS.groundwater.well.004","BLUE.W4.20181015.FIL","A00000020389","2018-10-15T21:14Z","2018-10-15T21:14Z","EcoCore_CSU","Ortho - P",0.0940,"milligramsPerLiter",3.0,,0,"formatChange","GOOD"
"ffbba1b8-0973-4df7-8d54-2c98880de57d","D11","BLUE","BLUE.AOS.groundwater.well.004","BLUE.W4.20181015.FIL","A00000020389","2018-10-15T21:14Z","2018-10-15T21:14Z","EcoCore_CSU","Fe",0.0005,"milligramsPerLiter",3.0,,0,"formatChange","GOOD"
"a49d68b2-1209-4f3a-b145-1d9b2ddd54d7","D11","BLUE","BLUE.AOS.groundwater.well.004","BLUE.W4.20181015.PCN","A00000051796","2018-10-15T21:14Z","2018-10-15T21:14Z","EcoCore_CSU","TPC",0.2987,"milligram",3.0,,0,"formatChange","GOOD"
"402c75b0-06fa-4df5-b068-11f0cb31dd05","D11","BLUE","BLUE.AOS.groundwater.well.004","BLUE.W4.20181015.FIL","A00000020389","2018-10-15T21:14Z","2018-10-15T21:14Z","EcoCore_CSU","TDS",306.5200,"milligramsPerLiter",3.0,,0,"formatChange","GOOD"
"ca72ec1f-54d1-4121-a912-c5259241c0d5","D11","BLUE","BLUE.AOS.groundwater.well.004","BLUE.W4.20181015.RAW","A00000020376","2018-10-15T21:14Z","2018-10-15T21:14Z","EcoCore_CSU","TOC",1.3660,"milligramsPerLiter",3.0,,0,"formatChange","GOOD"
"ece80de6-ff74-4333-b55d-9a445ad30881","D11","BLUE","BLUE.AOS.groundwater.well.004","BLUE.W4.20181015.FIL","A00000020389","2018-10-15T21:14Z","2018-10-15T21:14Z","EcoCore_CSU","Br",0.0050,"milligramsPerLiter",3.0,,0,"formatChange","GOOD"
"ce213531-c672-4f41-91b2-aa8ba5c25826","D11","BLUE","BLUE.AOS.groundwater.well.004","BLUE.W4.20181015.RAW","A00000020376","2018-10-15T21:14Z","2018-10-15T21:14Z","EcoCore_CSU","TSS - Dry Mass",100.0000,"microgram",3.0,,0,"formatChange","GOOD"
"7243c798-cca9-4860-95bb-04e7a322d4ca","D11","BLUE","BLUE.AOS.groundwater.well.004","BLUE.W4.20181015.RAW","A00000020376","2018-10-15T21:14Z","2018-10-15T21:14Z","EcoCore_CSU","TN",0.4839,"milligramsPerLiter",3.0,,0,"formatChange","GOOD"
"4c2963cd-23cb-4ec5-a3a5-8868cbaef195","D11","BLUE","BLUE.AOS.groundwater.well.004","BLUE.W4.20181015.FIL","A00000020389","2018-10-15T21:14Z","2018-10-15T21:14Z","EcoCore_CSU","Mn",0.0005,"milligramsPerLiter",3.0,,0,"formatChange","GOOD"
"45e74ec5-b867-4079-ab22-4be875c50cca","D11","BLUE","BLUE.AOS.groundwater.well.004","BLUE.W4.20181015.FIL","A00000020389","2018-10-15T21:14Z","2018-10-15T21:14Z","EcoCore_CSU","CO3",0.0050,"milligramsPerLiter",3.0,,0,"formatChange","GOOD"
"9a48b535-bb65-448e-8270-c609de90cf37","D11","BLUE","BLUE.AOS.groundwater.well.004","BLUE.W4.20181015.RAW","A00000020376","2018-10-15T21:14Z","2018-10-15T21:14Z","EcoCore_CSU","TSS",2.0000,"milligramsPerLiter",3.0,,0,"formatChange","GOOD"
"62c861eb-ba8d-412f-9183-4f4725d5ab60","D11","BLUE","BLUE.AOS.groundwater.well.004","BLUE.W4.20181015.FIL","A00000020389","2018-10-15T21:14Z","2018-10-15T21:14Z","EcoCore_CSU","UV Absorbance (250 nm)",0.0269,,3.0,,0,"formatChange","GOOD"
"16438237-fbdd-4ed5-9abc-ae25f5f5a188","D11","BLUE","BLUE.AOS.groundwater.well.004","BLUE.W4.20181015.FIL","A00000020389","2018-10-15T21:14Z","2018-10-15T21:14Z","EcoCore_CSU","NO3+NO2 - N",0.3550,"milligramsPerLiter",3.0,,0,"formatChange","GOOD"
"1a689cb7-34f2-4e87-a0e8-d5f691aa5027","D11","BLUE","BLUE.AOS.groundwater.well.004","BLUE.W4.20181015.FIL","A00000020389","2018-10-15T21:14Z","2018-10-15T21:14Z","EcoCore_CSU","HCO3",277.2786,"milligramsPerLiter",3.0,,0,"formatChange","GOOD"
"f33ea75d-cd4f-4d50-853c-957892a73afc","D11","BLUE","BLUE.AOS.groundwater.well.004","BLUE.W4.20181015.PCN","A00000051796","2018-10-15T21:14Z","2018-10-15T21:14Z","EcoCore_CSU","TPN",0.1023,"milligram",3.0,,0,"formatChange","GOOD"
"7f127ad4-cfe8-4cb6-8d27-65055f495933","D11","BLUE","BLUE.AOS.groundwater.well.004","BLUE.W4.20181015.FIL","A00000020389","2018-10-15T21:14Z","2018-10-15T21:14Z","EcoCore_CSU","Si",13.1555,"milligramsPerLiter",3.0,,0,"formatChange","GOOD"
"0a8f94cb-8f91-4599-9b76-3622284f6ed1","D11","BLUE","BLUE.AOS.groundwater.well.004","BLUE.W4.20181015.FIL","A00000020389","2018-10-15T21:14Z","2018-10-15T21:14Z","EcoCore_CSU","SO4",7.7670,"milligramsPerLiter",3.0,,0,"formatChange","GOOD"
"7201d7d3-140c-42c2-83e6-a07dadd9d4cc","D11","BLUE","BLUE.AOS.groundwater.well.004","BLUE.W4.20181015.FIL","A00000020389","2018-10-15T21:14Z","2018-10-15T21:14Z","EcoCore_CSU","TDP",0.0238,"milligramsPerLiter",3.0,,0,"formatChange","GOOD"
"a096f3ad-fc6e-4d60-9b7d-5c13b9da2b73","D11","BLUE","BLUE.AOS.groundwater.well.004","BLUE.W4.20181015.FIL","A00000020389","2018-10-15T21:14Z","2018-10-15T21:14Z","EcoCore_CSU","Cl",9.3600,"milligramsPerLiter",3.0,,0,"formatChange","GOOD"
"5d58218f-30ac-4863-9d2e-951e8a2dff7b","D11","BLUE","BLUE.AOS.groundwater.well.004","BLUE.W4.20181015.FIL","A00000020389","2018-10-15T21:14Z","2018-10-15T21:14Z","EcoCore_CSU","NH4 - N",0.0111,"milligramsPerLiter",3.0,,0,"formatChange","GOOD"
"11d77241-9c97-4e72-93de-52d6cc72f95c","D11","BLUE","BLUE.AOS.groundwater.well.004","BLUE.W4.20181015.FIL","A00000020389","2018-10-15T21:14Z","2018-10-15T21:14Z","EcoCore_CSU","Na",4.8730,"milligramsPerLiter",3.0,,0,"formatChange","GOOD"
"e3eef802-2775-4935-a4c3-e6fe8102cb4e","D11","BLUE","BLUE.AOS.groundwater.well.004","BLUE.W4.20181015.RAW","A00000020376","2018-10-15T21:14Z","2018-10-15T21:14Z","EcoCore_CSU","ANC",4.6500,"milliequivalentsPerLiter",3.0,,0,"formatChange","GOOD"
"897f7945-3bac-4786-8577-2d5831cfbd3e","D11","BLUE","BLUE.AOS.groundwater.well.004","BLUE.W4.20181015.FIL","A00000020389","2018-10-15T21:14Z","2018-10-15T21:14Z","EcoCore_CSU","UV Absorbance (280 nm)",0.0150,,3.0,,0,"formatChange","GOOD"
"a83f00d3-d6c1-4e9a-b80c-876321c64a86","D11","BLUE","BLUE.AOS.groundwater.well.004","BLUE.W4.20181015.FIL","A00000020389","2018-10-15T21:14Z","2018-10-15T21:14Z","EcoCore_CSU","DIC",105.8000,"milligramsPerLiter",3.0,,0,"formatChange","GOOD"
"3bbe0ba2-ea52-42cc-85cf-ab8532084874","D11","BLUE","BLUE.AOS.groundwater.well.004","BLUE.W4.20181015.FIL","A00000020389","2018-10-15T21:14Z","2018-10-15T21:14Z","EcoCore_CSU","Mg",40.2200,"milligramsPerLiter",3.0,,0,"formatChange","GOOD"
"e349f0a5-cc36-4240-b02a-3beaa2e20ad3","D11","BLUE","BLUE.AOS.groundwater.well.004","BLUE.W4.20181015.FIL","A00000020389","2018-10-15T21:14Z","2018-10-15T21:14Z","EcoCore_CSU","DOC",1.2300,"milligramsPerLiter",3.0,,0,"formatChange","GOOD"
"29a72e39-1e8b-41b1-b86e-e6a3424d251e","D11","BLUE","BLUE.AOS.groundwater.well.004","BLUE.W4.20181015.FIL","A00000020389","2018-10-15T21:14Z","2018-10-15T21:14Z","EcoCore_CSU","NO2 - N",0.0213,"milligramsPerLiter",3.0,,0,"formatChange","GOOD"
