uid,domainID,siteID,namedLocation,collectDate,parentSampleID,sampleCondition,sampleID,replicateNumber,gwwDICBubbleFree,gwwFiltSampleHeadspace,gwwAlkSampleHeadspace,gwwAlkSampleBubbleFree,processedDate,processedDateFilters,sampleVolumeFiltered,shipmentTimeRange
"25654f97-1097-43a4-bea3-78eab78309f5","D18","OKSR","OKSR.AOS.groundwater.well.008","2018-07-24T18:26Z","OKSR.W8.20180724","Sample condition ok","OKSR.W8.20180724",1,,,,,"2018-07-24T23:40Z","2018-07-24T23:40Z",65.0,
"4a52d1dd-2e52-4752-aea0-c9384498aeac","D18","OKSR","OKSR.AOS.groundwater.well.006","2018-07-24T18:46Z","OKSR.W6.20180724","Sample condition ok","OKSR.W6.20180724",1,,,,,"2018-07-24T23:47Z","2018-07-24T23:47Z",40.0,
"09d5fe0b-0228-4dcd-a5cf-9d20f59bc03a","D18","OKSR","OKSR.AOS.groundwater.well.007","2018-07-24T19:24Z","OKSR.W7.20180724","Sample condition ok","OKSR.W7.20180724",1,,,,,"2018-07-24T23:34Z","2018-07-24T23:34Z",100.0,
"b354d778-2a0d-4f94-9e6d-620727bfde9e","D18","OKSR","OKSR.AOS.groundwater.well.005","2018-07-24T19:55Z","OKSR.W5.20180724","Sample condition ok","OKSR.W5.20180724",1,,,,,"2018-07-24T23:52Z","2018-07-24T23:52Z",50.0,
