uid,domainID,siteID,namedLocation,collectDate,titrationDate,parentSampleID,domainSampleID,remarks,measuredBy,alkMeqPerL,alkMgPerL,ancMeqPerL,ancMgPerL
"3e93d1fe-efae-4a8a-9c52-32b9de961e43","D18","OKSR","OKSR.AOS.groundwater.well.008","2018-07-24T18:26Z","2018-07-25T17:43Z","OKSR.W8.20180724","OKSR.W8.20180724.ALK",,"KLB",0.180,8.770,,
"c0c1e08a-0eed-4608-9c81-ac601dcb342f","D18","OKSR","OKSR.AOS.groundwater.well.006","2018-07-24T18:46Z","2018-07-25T00:22Z","OKSR.W6.20180724","OKSR.W6.20180724.ALK",,"gdukelow@battelleecology.org",0.220,11.000,,
"c5846348-d7f1-4703-9b2e-e351c31ff70c","D18","OKSR","OKSR.AOS.groundwater.well.007","2018-07-24T19:24Z","2018-07-25T17:13Z","OKSR.W7.20180724","OKSR.W7.20180724.ALK",,"KLB",0.180,8.970,,
"f1f0aaeb-a464-45bd-910c-59edbfd07389","D18","OKSR","OKSR.AOS.groundwater.well.005","2018-07-24T19:55Z","2018-07-25T18:04Z","OKSR.W5.20180724","OKSR.W5.20180724.ALK",,"KLB",0.080,4.050,,
