uid,domainID,siteID,namedLocation,decimalLatitude,decimalLongitude,coordinateUncertainty,elevation,elevationUncertainty,geodeticDatum,collectDate,aquaticSiteType,samplingImpractical,waterChemSamplesCollected,adequateSampleVol,parentSampleID,eventID,swcSamplingProtocolVersion,sampleExtractionMethod,samplerType,totalWellDepth,wellWaterDepth,waterColumnHeight,sampleDepth,purgeAverageDischargeRate,purgeTime,gwWellStabilized,purgeDryDateTime,pumpPlacementDate,screenedIntervalDepth,maxAllowableDrawdown,actualDrawdown,MADExceeded,wellVolumePurged,probeIDUnavailable,dissolvedOxygen,dissolvedOxygenSaturation,specificConductance,waterTemp,pH,waterClarityDescrip,waterColorDescrip,aCollectedBy,bCollectedBy,remarks
"64314211-b1c8-42a6-bf45-3077a49d39f0","D18","OKSR","OKSR.AOS.groundwater.well.008",68.669955,-149.143747,0.1,768.8,0.1,"WGS84","2018-07-24T18:26Z","stream",,,,"OKSR.W8.20180724","OKSR.20180724","NEON.DOC.002905vE","low-yield",,,,,,,,,,,0.7,,,,,,1.74,15.20,114.00,10.60,,"cloudy","brown","jmonroe@battelleecology.org","kbroberg@battelleecology.org","POM 1 and 2 samples were left in drying oven from 20180731 to 20180807."
"be8224b4-1238-431a-8e93-70fe846cc5fa","D18","OKSR","OKSR.AOS.groundwater.well.006",68.670418,-149.144896,0.1,769.8,0.1,"WGS84","2018-07-24T18:46Z","stream",,,,"OKSR.W6.20180724","OKSR.20180724","NEON.DOC.002905vE","low-yield",,,,,,,,,,,0.9,,,,,,2.05,19.40,129.20,14.10,,"cloudy","brown","kbroberg@battelleecology.org","gdukelow@battelleecology.org",
"e06ae12d-3128-42e4-a0d3-2c4506755e26","D18","OKSR","OKSR.AOS.groundwater.well.007",68.669333,-149.151055,0.1,771.8,0.1,"WGS84","2018-07-24T19:24Z","stream",,,,"OKSR.W7.20180724","OKSR.20180724","NEON.DOC.002905vE","low-yield",,,,,,,,,,,0.5,,,,,,1.95,16.80,84.00,9.20,,"clear","brown","jmonroe@battelleecology.org","Tsurgener@battelleecology.org",
"eb0e3fd3-451a-4072-8563-1a94b82d8cbd","D18","OKSR","OKSR.AOS.groundwater.well.005",68.668708,-149.150487,0.1,772.0,0.1,"WGS84","2018-07-24T19:55Z","stream",,,,"OKSR.W5.20180724","OKSR.20180724","NEON.DOC.002905vE","low-yield",,,,,,,,,,,0.4,,,,,,1.76,16.20,44.10,12.30,,"cloudy","brown","Tsurgener@battelleecology.org","jmonroe@battelleecology.org","Difficult to sample - water comes up tubing in clumps. Murky. Able to get clearer water sample after several attempts."
