uid,domainID,siteID,namedLocation,sampleID,sampleCode,startDate,collectDate,laboratoryName,analyte,analyteConcentration,analyteUnits,coolerTemp,remarks,shipmentWarmQF,externalLabDataQF,sampleCondition
"e718cc41-68b8-4d0f-8482-8af1d88bdc3f","D18","OKSR","OKSR.AOS.groundwater.well.008","OKSR.W8.20180724.PCN","A00000030200","2018-07-24T18:26Z","2018-07-24T18:26Z","EcoCore_CSU","TPC",1.1494,"milligram",4.0,,0,"formatChange","GOOD"
"2f5c9de4-4cb1-4a7a-8649-cf3f91376657","D18","OKSR","OKSR.AOS.groundwater.well.008","OKSR.W8.20180724.FIL","A00000027309","2018-07-24T18:26Z","2018-07-24T18:26Z","EcoCore_CSU","UV Absorbance (250 nm)",0.5018,,4.0,,0,"formatChange","GOOD"
"5cf5b5f8-e691-426e-a105-74fb7aa10223","D18","OKSR","OKSR.AOS.groundwater.well.008","OKSR.W8.20180724.FIL","A00000027309","2018-07-24T18:26Z","2018-07-24T18:26Z","EcoCore_CSU","Si",2.6900,"milligramsPerLiter",4.0,,0,"formatChange","GOOD"
"f8cd9873-8fc0-48bf-8485-a4143dc6ae48","D18","OKSR","OKSR.AOS.groundwater.well.008","OKSR.W8.20180724.FIL","A00000027309","2018-07-24T18:26Z","2018-07-24T18:26Z","EcoCore_CSU","Br",0.0050,"milligramsPerLiter",4.0,,0,"formatChange","GOOD"
"307ca80f-a47c-420b-89af-db20d582240a","D18","OKSR","OKSR.AOS.groundwater.well.008","OKSR.W8.20180724.FIL","A00000027309","2018-07-24T18:26Z","2018-07-24T18:26Z","EcoCore_CSU","DIC",5.5650,"milligramsPerLiter",4.0,,0,"formatChange","GOOD"
"3ebd8010-307a-46b3-8897-140781c682d3","D18","OKSR","OKSR.AOS.groundwater.well.008","OKSR.W8.20180724.FIL","A00000027309","2018-07-24T18:26Z","2018-07-24T18:26Z","EcoCore_CSU","Ortho - P",0.0140,"milligramsPerLiter",4.0,,0,"formatChange","GOOD"
"5a518917-9ddc-4232-abcd-293497bdc908","D18","OKSR","OKSR.AOS.groundwater.well.008","OKSR.W8.20180724.FIL","A00000027309","2018-07-24T18:26Z","2018-07-24T18:26Z","EcoCore_CSU","Mg",1.9050,"milligramsPerLiter",4.0,,0,"formatChange","GOOD"
"315a5ab4-f1dd-4cfe-b948-03450c7755b7","D18","OKSR","OKSR.AOS.groundwater.well.008","OKSR.W8.20180724.FIL","A00000027309","2018-07-24T18:26Z","2018-07-24T18:26Z","EcoCore_CSU","Fe",1.7377,"milligramsPerLiter",4.0,,0,"formatChange","GOOD"
"e9a3639e-64ef-4065-8bc8-0955843d1246","D18","OKSR","OKSR.AOS.groundwater.well.008","OKSR.W8.20180724.FIL","A00000027309","2018-07-24T18:26Z","2018-07-24T18:26Z","EcoCore_CSU","TDN",1.0130,"milligramsPerLiter",4.0,,0,"formatChange","GOOD"
"bb00092c-be75-48cf-963c-d873d041cb28","D18","OKSR","OKSR.AOS.groundwater.well.008","OKSR.W8.20180724.RAW","A00000027378","2018-07-24T18:26Z","2018-07-24T18:26Z","EcoCore_CSU","conductivity",29.4700,"microsiemensPerCentimeter",4.0,,0,"formatChange","GOOD"
"d003caef-6b93-4076-9eb1-dab68d4381a1","D18","OKSR","OKSR.AOS.groundwater.well.008","OKSR.W8.20180724.RAW","A00000027378","2018-07-24T18:26Z","2018-07-24T18:26Z","EcoCore_CSU","ANC",0.0700,"milliequivalentsPerLiter",4.0,,0,"formatChange","GOOD"
"6b496d86-993e-4205-8ba7-d2d5611f08b0","D18","OKSR","OKSR.AOS.groundwater.well.008","OKSR.W8.20180724.RAW","A00000027378","2018-07-24T18:26Z","2018-07-24T18:26Z","EcoCore_CSU","TSS - Dry Mass",400.0000,"microgram",4.0,,0,"formatChange","GOOD"
"f5366dec-c3a0-407e-84aa-2528ef939f98","D18","OKSR","OKSR.AOS.groundwater.well.008","OKSR.W8.20180724.RAW","A00000027378","2018-07-24T18:26Z","2018-07-24T18:26Z","EcoCore_CSU","TP",0.0060,"milligramsPerLiter",4.0,,0,"formatChange","GOOD"
"9aacc49b-53c4-4e27-b3c2-048e4b7555ae","D18","OKSR","OKSR.AOS.groundwater.well.008","OKSR.W8.20180724.FIL","A00000027309","2018-07-24T18:26Z","2018-07-24T18:26Z","EcoCore_CSU","K",0.0620,"milligramsPerLiter",4.0,,0,"formatChange","GOOD"
"f20f00c4-10b7-410f-8e75-2661d8cec5c7","D18","OKSR","OKSR.AOS.groundwater.well.008","OKSR.W8.20180724.FIL","A00000027309","2018-07-24T18:26Z","2018-07-24T18:26Z","EcoCore_CSU","SO4",0.8200,"milligramsPerLiter",4.0,,0,"formatChange","GOOD"
"36215968-6ad6-4489-a857-49273622535a","D18","OKSR","OKSR.AOS.groundwater.well.008","OKSR.W8.20180724.FIL","A00000027309","2018-07-24T18:26Z","2018-07-24T18:26Z","EcoCore_CSU","F",0.0050,"milligramsPerLiter",4.0,,0,"formatChange","GOOD"
"4675395e-539f-40c8-92ba-ff59c5f08bec","D18","OKSR","OKSR.AOS.groundwater.well.008","OKSR.W8.20180724.FIL","A00000027309","2018-07-24T18:26Z","2018-07-24T18:26Z","EcoCore_CSU","TDP",0.0005,"milligramsPerLiter",4.0,,0,"formatChange","GOOD"
"b9df1a93-d736-4da7-a345-85bad3785159","D18","OKSR","OKSR.AOS.groundwater.well.008","OKSR.W8.20180724.RAW","A00000027378","2018-07-24T18:26Z","2018-07-24T18:26Z","EcoCore_CSU","pH",5.5400,"pH",4.0,,0,"formatChange","GOOD"
"94c989bc-c93e-4fcd-9667-de2336df8621","D18","OKSR","OKSR.AOS.groundwater.well.008","OKSR.W8.20180724.RAW","A00000027378","2018-07-24T18:26Z","2018-07-24T18:26Z","EcoCore_CSU","TOC",11.8200,"milligramsPerLiter",4.0,,0,"formatChange","GOOD"
"c7b066ed-e954-4958-8ef5-42b00baf81a8","D18","OKSR","OKSR.AOS.groundwater.well.008","OKSR.W8.20180724.RAW","A00000027378","2018-07-24T18:26Z","2018-07-24T18:26Z","EcoCore_CSU","TN",1.0870,"milligramsPerLiter",4.0,,0,"formatChange","GOOD"
"26345325-cc9b-456a-95af-44c9daf1217d","D18","OKSR","OKSR.AOS.groundwater.well.008","OKSR.W8.20180724.FIL","A00000027309","2018-07-24T18:26Z","2018-07-24T18:26Z","EcoCore_CSU","Na",0.5690,"milligramsPerLiter",4.0,,0,"formatChange","GOOD"
"e632e496-d2dc-43f0-9ef2-5aff4dd8e66b","D18","OKSR","OKSR.AOS.groundwater.well.008","OKSR.W8.20180724.FIL","A00000027309","2018-07-24T18:26Z","2018-07-24T18:26Z","EcoCore_CSU","DOC",12.9400,"milligramsPerLiter",4.0,,0,"formatChange","GOOD"
"eb4f3887-d44a-4d54-bc5b-b867d1604c64","D18","OKSR","OKSR.AOS.groundwater.well.008","OKSR.W8.20180724.FIL","A00000027309","2018-07-24T18:26Z","2018-07-24T18:26Z","EcoCore_CSU","Cl",7.2800,"milligramsPerLiter",4.0,,0,"formatChange","GOOD"
"e6091b5b-487a-4c36-ac16-0ee4b5c24bf5","D18","OKSR","OKSR.AOS.groundwater.well.008","OKSR.W8.20180724.FIL","A00000027309","2018-07-24T18:26Z","2018-07-24T18:26Z","EcoCore_CSU","UV Absorbance (280 nm)",0.3604,,4.0,,0,"formatChange","GOOD"
"427d5742-8a50-43eb-9ebc-13e3787d8184","D18","OKSR","OKSR.AOS.groundwater.well.008","OKSR.W8.20180724.FIL","A00000027309","2018-07-24T18:26Z","2018-07-24T18:26Z","EcoCore_CSU","NO3+NO2 - N",0.1903,"milligramsPerLiter",4.0,,0,"formatChange","GOOD"
"a02fe5b5-9e2d-45a6-85cf-ad4dd75776cd","D18","OKSR","OKSR.AOS.groundwater.well.008","OKSR.W8.20180724.FIL","A00000027309","2018-07-24T18:26Z","2018-07-24T18:26Z","EcoCore_CSU","HCO3",3.4200,"milligramsPerLiter",4.0,,0,"formatChange","GOOD"
"1f26d68c-16b0-45e6-85eb-82c7fecd5626","D18","OKSR","OKSR.AOS.groundwater.well.008","OKSR.W8.20180724.FIL","A00000027309","2018-07-24T18:26Z","2018-07-24T18:26Z","EcoCore_CSU","CO3",0.0050,"milligramsPerLiter",4.0,,0,"formatChange","GOOD"
"ef1df336-27c6-44b6-9639-643756b16821","D18","OKSR","OKSR.AOS.groundwater.well.008","OKSR.W8.20180724.FIL","A00000027309","2018-07-24T18:26Z","2018-07-24T18:26Z","EcoCore_CSU","Ca",1.9150,"milligramsPerLiter",4.0,,0,"formatChange","GOOD"
"07aa5706-b259-4436-b682-dbf93be0ef0a","D18","OKSR","OKSR.AOS.groundwater.well.008","OKSR.W8.20180724.FIL","A00000027309","2018-07-24T18:26Z","2018-07-24T18:26Z","EcoCore_CSU","TDS",19.7000,"milligramsPerLiter",4.0,,0,"formatChange","GOOD"
"45607b28-f677-4592-8f83-6e855370d034","D18","OKSR","OKSR.AOS.groundwater.well.008","OKSR.W8.20180724.FIL","A00000027309","2018-07-24T18:26Z","2018-07-24T18:26Z","EcoCore_CSU","Mn",1.1530,"milligramsPerLiter",4.0,,0,"formatChange","GOOD"
"cd685f44-3c14-4d4a-9cd2-17e2655c205f","D18","OKSR","OKSR.AOS.groundwater.well.008","OKSR.W8.20180724.RAW","A00000027378","2018-07-24T18:26Z","2018-07-24T18:26Z","EcoCore_CSU","TSS",8.0000,"milligramsPerLiter",4.0,,0,"formatChange","GOOD"
"bedde47f-d3f5-41b3-9771-297e096315c3","D18","OKSR","OKSR.AOS.groundwater.well.008","OKSR.W8.20180724.PCN","A00000030200","2018-07-24T18:26Z","2018-07-24T18:26Z","EcoCore_CSU","TPN",0.1450,"milligram",4.0,,0,"formatChange","GOOD"
"98e38248-8689-42bb-9f95-d8406bd8b6ea","D18","OKSR","OKSR.AOS.groundwater.well.008","OKSR.W8.20180724.FIL","A00000027309","2018-07-24T18:26Z","2018-07-24T18:26Z","EcoCore_CSU","NH4 - N",0.0541,"milligramsPerLiter",4.0,,0,"formatChange","GOOD"
"1675ac03-c087-407c-bd29-c86b41d14268","D18","OKSR","OKSR.AOS.groundwater.well.008","OKSR.W8.20180724.FIL","A00000027309","2018-07-24T18:26Z","2018-07-24T18:26Z","EcoCore_CSU","NO2 - N",0.0193,"milligramsPerLiter",4.0,,0,"formatChange","GOOD"
"242acddf-1d2a-432e-933d-12c1de6d0bfc","D18","OKSR","OKSR.AOS.groundwater.well.006","OKSR.W6.20180724.FIL","A00000027381","2018-07-24T18:46Z","2018-07-24T18:46Z","EcoCore_CSU","Mg",,"milligramsPerLiter",4.0,"came in 8oz bottle, unable to fill NH4, no filtered SWAPT",0,"formatChange","Other"
"e084c510-c41d-4518-bec3-b1d6a09c0445","D18","OKSR","OKSR.AOS.groundwater.well.006","OKSR.W6.20180724.RAW","A00000027389","2018-07-24T18:46Z","2018-07-24T18:46Z","EcoCore_CSU","TOC",43.8300,"milligramsPerLiter",4.0,,0,"formatChange","GOOD"
"8280c5a4-0150-4a78-92fa-64248bf6efcd","D18","OKSR","OKSR.AOS.groundwater.well.006","OKSR.W6.20180724.RAW","A00000027389","2018-07-24T18:46Z","2018-07-24T18:46Z","EcoCore_CSU","TP",0.0040,"milligramsPerLiter",4.0,,0,"formatChange","GOOD"
"4464e462-459a-457c-90a1-93fb5d501bae","D18","OKSR","OKSR.AOS.groundwater.well.006","OKSR.W6.20180724.RAW","A00000027389","2018-07-24T18:46Z","2018-07-24T18:46Z","EcoCore_CSU","ANC",0.4800,"milliequivalentsPerLiter",4.0,,0,"formatChange","GOOD"
"42fbf030-f392-4437-8d81-53421beab94f","D18","OKSR","OKSR.AOS.groundwater.well.006","OKSR.W6.20180724.FIL","A00000027381","2018-07-24T18:46Z","2018-07-24T18:46Z","EcoCore_CSU","UV Absorbance (250 nm)",3.1212,,4.0,"came in 8oz bottle, unable to fill NH4, no filtered SWAPT",0,"formatChange","Other"
"0fb9b7ba-3051-4434-ac45-7636f4597144","D18","OKSR","OKSR.AOS.groundwater.well.006","OKSR.W6.20180724.FIL","A00000027381","2018-07-24T18:46Z","2018-07-24T18:46Z","EcoCore_CSU","NO2 - N",,"milligramsPerLiter",4.0,"came in 8oz bottle, unable to fill NH4, no filtered SWAPT",0,"formatChange","Other"
"78fe3103-9352-44ae-b240-3768b24f7442","D18","OKSR","OKSR.AOS.groundwater.well.006","OKSR.W6.20180724.PCN","A00000030201","2018-07-24T18:46Z","2018-07-24T18:46Z","EcoCore_CSU","TPN",0.1596,"milligram",4.0,,0,"formatChange","GOOD"
"d29055cd-9f4b-4e7b-813c-97cdc587dc8f","D18","OKSR","OKSR.AOS.groundwater.well.006","OKSR.W6.20180724.RAW","A00000027389","2018-07-24T18:46Z","2018-07-24T18:46Z","EcoCore_CSU","pH",5.1500,"pH",4.0,,0,"formatChange","GOOD"
"f6d9f4c5-13aa-4f7d-b276-204b4201165d","D18","OKSR","OKSR.AOS.groundwater.well.006","OKSR.W6.20180724.FIL","A00000027381","2018-07-24T18:46Z","2018-07-24T18:46Z","EcoCore_CSU","SO4",,"milligramsPerLiter",4.0,"came in 8oz bottle, unable to fill NH4, no filtered SWAPT",0,"formatChange","Other"
"615a9fa1-82cb-4272-93b5-e6688a7d8425","D18","OKSR","OKSR.AOS.groundwater.well.006","OKSR.W6.20180724.FIL","A00000027381","2018-07-24T18:46Z","2018-07-24T18:46Z","EcoCore_CSU","Na",,"milligramsPerLiter",4.0,"came in 8oz bottle, unable to fill NH4, no filtered SWAPT",0,"formatChange","Other"
"97107eec-7fcc-4f8d-a1e1-78396b30ea0a","D18","OKSR","OKSR.AOS.groundwater.well.006","OKSR.W6.20180724.RAW","A00000027389","2018-07-24T18:46Z","2018-07-24T18:46Z","EcoCore_CSU","TN",4.3180,"milligramsPerLiter",4.0,,0,"formatChange","GOOD"
"fa08490f-a3b6-4862-9882-e327375cbd73","D18","OKSR","OKSR.AOS.groundwater.well.006","OKSR.W6.20180724.FIL","A00000027381","2018-07-24T18:46Z","2018-07-24T18:46Z","EcoCore_CSU","K",,"milligramsPerLiter",4.0,"came in 8oz bottle, unable to fill NH4, no filtered SWAPT",0,"formatChange","Other"
"bcd643a7-684c-416b-a48f-007a53f13087","D18","OKSR","OKSR.AOS.groundwater.well.006","OKSR.W6.20180724.FIL","A00000027381","2018-07-24T18:46Z","2018-07-24T18:46Z","EcoCore_CSU","Mn",,"milligramsPerLiter",4.0,"came in 8oz bottle, unable to fill NH4, no filtered SWAPT",0,"formatChange","Other"
"a6b112d8-376e-4a03-b71b-290f82d4c092","D18","OKSR","OKSR.AOS.groundwater.well.006","OKSR.W6.20180724.FIL","A00000027381","2018-07-24T18:46Z","2018-07-24T18:46Z","EcoCore_CSU","DIC",12.3600,"milligramsPerLiter",4.0,"came in 8oz bottle, unable to fill NH4, no filtered SWAPT",0,"formatChange","Other"
"e07953fd-f6a5-4499-8754-87ecd01dd967","D18","OKSR","OKSR.AOS.groundwater.well.006","OKSR.W6.20180724.FIL","A00000027381","2018-07-24T18:46Z","2018-07-24T18:46Z","EcoCore_CSU","Ortho - P",,"milligramsPerLiter",4.0,"came in 8oz bottle, unable to fill NH4, no filtered SWAPT",0,"formatChange","Other"
"76106941-b622-48ed-8ba8-971eeec44380","D18","OKSR","OKSR.AOS.groundwater.well.006","OKSR.W6.20180724.FIL","A00000027381","2018-07-24T18:46Z","2018-07-24T18:46Z","EcoCore_CSU","TDN",4.2010,"milligramsPerLiter",4.0,"came in 8oz bottle, unable to fill NH4, no filtered SWAPT",0,"formatChange","Other"
"50058bc0-1595-498a-b56b-c1a86336080f","D18","OKSR","OKSR.AOS.groundwater.well.006","OKSR.W6.20180724.FIL","A00000027381","2018-07-24T18:46Z","2018-07-24T18:46Z","EcoCore_CSU","Cl",,"milligramsPerLiter",4.0,"came in 8oz bottle, unable to fill NH4, no filtered SWAPT",0,"formatChange","Other"
"db5c6ee8-76e8-4635-ac71-f444a57f5494","D18","OKSR","OKSR.AOS.groundwater.well.006","OKSR.W6.20180724.PCN","A00000030201","2018-07-24T18:46Z","2018-07-24T18:46Z","EcoCore_CSU","TPC",1.7119,"milligram",4.0,,0,"formatChange","GOOD"
"74ecec7f-6375-4096-8672-f80c6d135226","D18","OKSR","OKSR.AOS.groundwater.well.006","OKSR.W6.20180724.FIL","A00000027381","2018-07-24T18:46Z","2018-07-24T18:46Z","EcoCore_CSU","F",,"milligramsPerLiter",4.0,"came in 8oz bottle, unable to fill NH4, no filtered SWAPT",0,"formatChange","Other"
"77ab8ee5-f60f-4aaa-ab2e-c49c527a85d5","D18","OKSR","OKSR.AOS.groundwater.well.006","OKSR.W6.20180724.FIL","A00000027381","2018-07-24T18:46Z","2018-07-24T18:46Z","EcoCore_CSU","HCO3",,"milligramsPerLiter",4.0,"came in 8oz bottle, unable to fill NH4, no filtered SWAPT",0,"formatChange","Other"
"1209d0d8-7353-4831-8389-36ee3aad2964","D18","OKSR","OKSR.AOS.groundwater.well.006","OKSR.W6.20180724.FIL","A00000027381","2018-07-24T18:46Z","2018-07-24T18:46Z","EcoCore_CSU","UV Absorbance (280 nm)",2.2547,,4.0,"came in 8oz bottle, unable to fill NH4, no filtered SWAPT",0,"formatChange","Other"
"11ce5283-318a-4720-ae9e-557c9cb93273","D18","OKSR","OKSR.AOS.groundwater.well.006","OKSR.W6.20180724.FIL","A00000027381","2018-07-24T18:46Z","2018-07-24T18:46Z","EcoCore_CSU","Br",,"milligramsPerLiter",4.0,"came in 8oz bottle, unable to fill NH4, no filtered SWAPT",0,"formatChange","Other"
"76dfdaed-6b49-490b-92ed-30e429291c82","D18","OKSR","OKSR.AOS.groundwater.well.006","OKSR.W6.20180724.FIL","A00000027381","2018-07-24T18:46Z","2018-07-24T18:46Z","EcoCore_CSU","NH4 - N",,"milligramsPerLiter",4.0,"came in 8oz bottle, unable to fill NH4, no filtered SWAPT",0,"formatChange","Other"
"63f8e1bf-00ba-45f5-aa26-4f0db95169bd","D18","OKSR","OKSR.AOS.groundwater.well.006","OKSR.W6.20180724.FIL","A00000027381","2018-07-24T18:46Z","2018-07-24T18:46Z","EcoCore_CSU","Ca",,"milligramsPerLiter",4.0,"came in 8oz bottle, unable to fill NH4, no filtered SWAPT",0,"formatChange","Other"
"b102ef76-54e2-4718-b1dc-1b1b0e98ba67","D18","OKSR","OKSR.AOS.groundwater.well.006","OKSR.W6.20180724.FIL","A00000027381","2018-07-24T18:46Z","2018-07-24T18:46Z","EcoCore_CSU","DOC",49.9700,"milligramsPerLiter",4.0,"came in 8oz bottle, unable to fill NH4, no filtered SWAPT",0,"formatChange","Other"
"432fc9d8-3778-44b5-b21b-ba2a8734d4b9","D18","OKSR","OKSR.AOS.groundwater.well.006","OKSR.W6.20180724.FIL","A00000027381","2018-07-24T18:46Z","2018-07-24T18:46Z","EcoCore_CSU","TDS",,"milligramsPerLiter",4.0,"came in 8oz bottle, unable to fill NH4, no filtered SWAPT",0,"formatChange","Other"
"d1ad5766-4a0b-4723-a3df-7eb1f9e72175","D18","OKSR","OKSR.AOS.groundwater.well.006","OKSR.W6.20180724.FIL","A00000027381","2018-07-24T18:46Z","2018-07-24T18:46Z","EcoCore_CSU","NO3+NO2 - N",,"milligramsPerLiter",4.0,"came in 8oz bottle, unable to fill NH4, no filtered SWAPT",0,"formatChange","Other"
"185102af-c28d-4b52-9c1f-b8501bd9b71e","D18","OKSR","OKSR.AOS.groundwater.well.006","OKSR.W6.20180724.FIL","A00000027381","2018-07-24T18:46Z","2018-07-24T18:46Z","EcoCore_CSU","Si",,"milligramsPerLiter",4.0,"came in 8oz bottle, unable to fill NH4, no filtered SWAPT",0,"formatChange","Other"
"81fe1ae0-43ea-458d-b647-548d76c87c5f","D18","OKSR","OKSR.AOS.groundwater.well.006","OKSR.W6.20180724.FIL","A00000027381","2018-07-24T18:46Z","2018-07-24T18:46Z","EcoCore_CSU","TDP",,"milligramsPerLiter",4.0,"came in 8oz bottle, unable to fill NH4, no filtered SWAPT",0,"formatChange","Other"
"1d32cc2c-c0bc-4f58-8030-6438c49bb830","D18","OKSR","OKSR.AOS.groundwater.well.006","OKSR.W6.20180724.FIL","A00000027381","2018-07-24T18:46Z","2018-07-24T18:46Z","EcoCore_CSU","CO3",,"milligramsPerLiter",4.0,"came in 8oz bottle, unable to fill NH4, no filtered SWAPT",0,"formatChange","Other"
"097d173b-c219-42cf-ac1c-41574083221d","D18","OKSR","OKSR.AOS.groundwater.well.006","OKSR.W6.20180724.RAW","A00000027389","2018-07-24T18:46Z","2018-07-24T18:46Z","EcoCore_CSU","TSS - Dry Mass",3200.0000,"microgram",4.0,,0,"formatChange","GOOD"
"9bd6aff1-daab-4383-83c4-e0c0c2b5ad0e","D18","OKSR","OKSR.AOS.groundwater.well.006","OKSR.W6.20180724.FIL","A00000027381","2018-07-24T18:46Z","2018-07-24T18:46Z","EcoCore_CSU","Fe",,"milligramsPerLiter",4.0,"came in 8oz bottle, unable to fill NH4, no filtered SWAPT",0,"formatChange","Other"
"38e5ea5d-8375-49c3-8758-4b5107c37f52","D18","OKSR","OKSR.AOS.groundwater.well.006","OKSR.W6.20180724.RAW","A00000027389","2018-07-24T18:46Z","2018-07-24T18:46Z","EcoCore_CSU","TSS",64.0000,"milligramsPerLiter",4.0,,0,"formatChange","GOOD"
"f3d1e2d7-a34b-40b6-b7cb-97be489b4906","D18","OKSR","OKSR.AOS.groundwater.well.006","OKSR.W6.20180724.RAW","A00000027389","2018-07-24T18:46Z","2018-07-24T18:46Z","EcoCore_CSU","conductivity",44.7000,"microsiemensPerCentimeter",4.0,,0,"formatChange","GOOD"
"f920b230-e235-41e6-93db-adc3a1297dc7","D18","OKSR","OKSR.AOS.groundwater.well.007","OKSR.W7.20180724.FIL","A00000027313","2018-07-24T19:24Z","2018-07-24T19:24Z","EcoCore_CSU","CO3",0.0050,"milligramsPerLiter",4.0,,0,"formatChange","GOOD"
"6cdc00dc-3cc4-47ed-8269-4e8784738f84","D18","OKSR","OKSR.AOS.groundwater.well.007","OKSR.W7.20180724.RAW","A00000027380","2018-07-24T19:24Z","2018-07-24T19:24Z","EcoCore_CSU","TN",2.2860,"milligramsPerLiter",4.0,,0,"formatChange","GOOD"
"b49a2d15-17fb-4b0b-8481-a3e07ad7f76e","D18","OKSR","OKSR.AOS.groundwater.well.007","OKSR.W7.20180724.RAW","A00000027380","2018-07-24T19:24Z","2018-07-24T19:24Z","EcoCore_CSU","pH",5.7500,"pH",4.0,,0,"formatChange","GOOD"
"281fd548-4564-42bc-b961-dc34d0a001da","D18","OKSR","OKSR.AOS.groundwater.well.007","OKSR.W7.20180724.RAW","A00000027380","2018-07-24T19:24Z","2018-07-24T19:24Z","EcoCore_CSU","TSS - Dry Mass",0.0000,"microgram",4.0,,0,"formatChange","GOOD"
"373d7d95-0504-4c03-a787-71ea12a473b4","D18","OKSR","OKSR.AOS.groundwater.well.007","OKSR.W7.20180724.FIL","A00000027313","2018-07-24T19:24Z","2018-07-24T19:24Z","EcoCore_CSU","Ortho - P",0.0250,"milligramsPerLiter",4.0,,0,"formatChange","GOOD"
"09d22f91-0fef-4c82-98e0-03abc90ba882","D18","OKSR","OKSR.AOS.groundwater.well.007","OKSR.W7.20180724.FIL","A00000027313","2018-07-24T19:24Z","2018-07-24T19:24Z","EcoCore_CSU","NO3+NO2 - N",0.1914,"milligramsPerLiter",4.0,,0,"formatChange","GOOD"
"1ffc9ef2-74f5-4832-bc90-f9e5967a451c","D18","OKSR","OKSR.AOS.groundwater.well.007","OKSR.W7.20180724.FIL","A00000027313","2018-07-24T19:24Z","2018-07-24T19:24Z","EcoCore_CSU","Cl",1.6100,"milligramsPerLiter",4.0,,0,"formatChange","GOOD"
"272f1c3e-f211-408d-a176-905b802c869e","D18","OKSR","OKSR.AOS.groundwater.well.007","OKSR.W7.20180724.FIL","A00000027313","2018-07-24T19:24Z","2018-07-24T19:24Z","EcoCore_CSU","SO4",2.3900,"milligramsPerLiter",4.0,,0,"formatChange","GOOD"
"f335d22b-0549-4e4c-a8e4-bc70d178953e","D18","OKSR","OKSR.AOS.groundwater.well.007","OKSR.W7.20180724.FIL","A00000027313","2018-07-24T19:24Z","2018-07-24T19:24Z","EcoCore_CSU","DOC",20.2500,"milligramsPerLiter",4.0,,0,"formatChange","GOOD"
"d22c64ae-7df9-4a09-8dfd-78b175384e17","D18","OKSR","OKSR.AOS.groundwater.well.007","OKSR.W7.20180724.FIL","A00000027313","2018-07-24T19:24Z","2018-07-24T19:24Z","EcoCore_CSU","HCO3",1.7200,"milligramsPerLiter",4.0,,0,"formatChange","GOOD"
"16e26a6f-1b94-40ef-b4f9-24b641c5eb30","D18","OKSR","OKSR.AOS.groundwater.well.007","OKSR.W7.20180724.FIL","A00000027313","2018-07-24T19:24Z","2018-07-24T19:24Z","EcoCore_CSU","K",0.1440,"milligramsPerLiter",4.0,,0,"formatChange","GOOD"
"d04c2d14-e0e0-4cea-9735-46643be2cf6d","D18","OKSR","OKSR.AOS.groundwater.well.007","OKSR.W7.20180724.FIL","A00000027313","2018-07-24T19:24Z","2018-07-24T19:24Z","EcoCore_CSU","TDN",2.5130,"milligramsPerLiter",4.0,,0,"formatChange","GOOD"
"2de421dd-201b-43e5-bc9b-fbad0fab5950","D18","OKSR","OKSR.AOS.groundwater.well.007","OKSR.W7.20180724.FIL","A00000027313","2018-07-24T19:24Z","2018-07-24T19:24Z","EcoCore_CSU","Na",0.2360,"milligramsPerLiter",4.0,,0,"formatChange","GOOD"
"b9baaabf-06d8-4a4c-a228-fedf09fbfa22","D18","OKSR","OKSR.AOS.groundwater.well.007","OKSR.W7.20180724.FIL","A00000027313","2018-07-24T19:24Z","2018-07-24T19:24Z","EcoCore_CSU","UV Absorbance (280 nm)",0.4532,,4.0,,0,"formatChange","GOOD"
"363a735b-4cbd-4e46-aeb0-1a4f067a5ecf","D18","OKSR","OKSR.AOS.groundwater.well.007","OKSR.W7.20180724.PCN","A00000030217","2018-07-24T19:24Z","2018-07-24T19:24Z","EcoCore_CSU","TPC",0.6629,"milligram",4.0,,0,"formatChange","GOOD"
"1c771cde-34e0-45d4-ab4b-ac6cd92d71b8","D18","OKSR","OKSR.AOS.groundwater.well.007","OKSR.W7.20180724.FIL","A00000027313","2018-07-24T19:24Z","2018-07-24T19:24Z","EcoCore_CSU","TDP",0.0080,"milligramsPerLiter",4.0,,0,"formatChange","GOOD"
"a0e8760d-ab27-49c1-8459-56d17b450f36","D18","OKSR","OKSR.AOS.groundwater.well.007","OKSR.W7.20180724.FIL","A00000027313","2018-07-24T19:24Z","2018-07-24T19:24Z","EcoCore_CSU","Mg",0.8880,"milligramsPerLiter",4.0,,0,"formatChange","GOOD"
"3558e7e5-f8c0-434f-a660-84c5a94bc91d","D18","OKSR","OKSR.AOS.groundwater.well.007","OKSR.W7.20180724.FIL","A00000027313","2018-07-24T19:24Z","2018-07-24T19:24Z","EcoCore_CSU","NH4 - N",1.2162,"milligramsPerLiter",4.0,,0,"formatChange","GOOD"
"ec3b9b08-f4e1-4df1-bfb1-a200a930e5b9","D18","OKSR","OKSR.AOS.groundwater.well.007","OKSR.W7.20180724.RAW","A00000027380","2018-07-24T19:24Z","2018-07-24T19:24Z","EcoCore_CSU","conductivity",20.6300,"microsiemensPerCentimeter",4.0,,0,"formatChange","GOOD"
"8948b926-8291-4972-8199-fcc66b0f47a3","D18","OKSR","OKSR.AOS.groundwater.well.007","OKSR.W7.20180724.FIL","A00000027313","2018-07-24T19:24Z","2018-07-24T19:24Z","EcoCore_CSU","Fe",0.4455,"milligramsPerLiter",4.0,,0,"formatChange","GOOD"
"2a8358a3-a547-4f3d-aada-e800ee1b4042","D18","OKSR","OKSR.AOS.groundwater.well.007","OKSR.W7.20180724.RAW","A00000027380","2018-07-24T19:24Z","2018-07-24T19:24Z","EcoCore_CSU","ANC",0.0400,"milliequivalentsPerLiter",4.0,,0,"formatChange","GOOD"
"b0f9ff59-097a-4947-8943-3a11d9a946c3","D18","OKSR","OKSR.AOS.groundwater.well.007","OKSR.W7.20180724.RAW","A00000027380","2018-07-24T19:24Z","2018-07-24T19:24Z","EcoCore_CSU","TP",0.0170,"milligramsPerLiter",4.0,,0,"formatChange","GOOD"
"67e56f19-c9ae-4375-a930-634cad6392b0","D18","OKSR","OKSR.AOS.groundwater.well.007","OKSR.W7.20180724.FIL","A00000027313","2018-07-24T19:24Z","2018-07-24T19:24Z","EcoCore_CSU","Ca",2.0960,"milligramsPerLiter",4.0,,0,"formatChange","GOOD"
"435a42b8-b781-4005-b0bd-bf6d1a8e7aa1","D18","OKSR","OKSR.AOS.groundwater.well.007","OKSR.W7.20180724.FIL","A00000027313","2018-07-24T19:24Z","2018-07-24T19:24Z","EcoCore_CSU","Si",1.8200,"milligramsPerLiter",4.0,,0,"formatChange","GOOD"
"f37abcbf-5d45-4d13-a8c9-72d57926d416","D18","OKSR","OKSR.AOS.groundwater.well.007","OKSR.W7.20180724.FIL","A00000027313","2018-07-24T19:24Z","2018-07-24T19:24Z","EcoCore_CSU","NO2 - N",0.0282,"milligramsPerLiter",4.0,,0,"formatChange","GOOD"
"85b5d88c-bfde-45cf-83cf-f8fdbfeda957","D18","OKSR","OKSR.AOS.groundwater.well.007","OKSR.W7.20180724.FIL","A00000027313","2018-07-24T19:24Z","2018-07-24T19:24Z","EcoCore_CSU","TDS",13.6000,"milligramsPerLiter",4.0,,0,"formatChange","GOOD"
"4bc10306-e101-465c-bd5e-671efbe36b54","D18","OKSR","OKSR.AOS.groundwater.well.007","OKSR.W7.20180724.RAW","A00000027380","2018-07-24T19:24Z","2018-07-24T19:24Z","EcoCore_CSU","TSS",0.0000,"milligramsPerLiter",4.0,,0,"formatChange","GOOD"
"2cd539eb-b507-49d0-baa5-b9deec5c41e7","D18","OKSR","OKSR.AOS.groundwater.well.007","OKSR.W7.20180724.PCN","A00000030217","2018-07-24T19:24Z","2018-07-24T19:24Z","EcoCore_CSU","TPN",0.1391,"milligram",4.0,,0,"formatChange","GOOD"
"b0494661-b72a-4417-a559-024b6d95956e","D18","OKSR","OKSR.AOS.groundwater.well.007","OKSR.W7.20180724.FIL","A00000027313","2018-07-24T19:24Z","2018-07-24T19:24Z","EcoCore_CSU","UV Absorbance (250 nm)",0.6489,,4.0,,0,"formatChange","GOOD"
"8b8a64bf-ec90-461d-8295-0f2987fe533e","D18","OKSR","OKSR.AOS.groundwater.well.007","OKSR.W7.20180724.FIL","A00000027313","2018-07-24T19:24Z","2018-07-24T19:24Z","EcoCore_CSU","Mn",0.0180,"milligramsPerLiter",4.0,,0,"formatChange","GOOD"
"6e03ad94-6961-49dc-bfe7-545a238765d9","D18","OKSR","OKSR.AOS.groundwater.well.007","OKSR.W7.20180724.RAW","A00000027380","2018-07-24T19:24Z","2018-07-24T19:24Z","EcoCore_CSU","TOC",17.6800,"milligramsPerLiter",4.0,,0,"formatChange","GOOD"
"e25ae415-a06d-4b20-8c01-63d80a023d4a","D18","OKSR","OKSR.AOS.groundwater.well.007","OKSR.W7.20180724.FIL","A00000027313","2018-07-24T19:24Z","2018-07-24T19:24Z","EcoCore_CSU","DIC",6.9220,"milligramsPerLiter",4.0,,0,"formatChange","GOOD"
"6dc57dc9-677a-48a6-9b93-7b45daec2802","D18","OKSR","OKSR.AOS.groundwater.well.007","OKSR.W7.20180724.FIL","A00000027313","2018-07-24T19:24Z","2018-07-24T19:24Z","EcoCore_CSU","Br",0.0050,"milligramsPerLiter",4.0,,0,"formatChange","GOOD"
"d99e0c6d-75a7-45ef-ac6d-57396fe2051e","D18","OKSR","OKSR.AOS.groundwater.well.007","OKSR.W7.20180724.FIL","A00000027313","2018-07-24T19:24Z","2018-07-24T19:24Z","EcoCore_CSU","F",1.3219,"milligramsPerLiter",4.0,,0,"formatChange","GOOD"
"3a1559c1-8079-4ca4-9dd8-55fe28ed9b89","D18","OKSR","OKSR.AOS.groundwater.well.005","OKSR.W5.20180724.RAW","A00000027385","2018-07-24T19:55Z","2018-07-24T19:55Z","EcoCore_CSU","TSS - Dry Mass",7700.0000,"microgram",4.0,,0,"formatChange","GOOD"
"48f12147-26ee-4f39-891b-9ea71d9f142c","D18","OKSR","OKSR.AOS.groundwater.well.005","OKSR.W5.20180724.FIL","A00000027392","2018-07-24T19:55Z","2018-07-24T19:55Z","EcoCore_CSU","Br",,"milligramsPerLiter",4.0,"came in 8oz bottle, unable to fill NH4, no filtered SWAPT",0,"formatChange","Other"
"16c7c177-e62b-4ce5-966a-9758a84c6dfe","D18","OKSR","OKSR.AOS.groundwater.well.005","OKSR.W5.20180724.FIL","A00000027392","2018-07-24T19:55Z","2018-07-24T19:55Z","EcoCore_CSU","DOC",16.8100,"milligramsPerLiter",4.0,"came in 8oz bottle, unable to fill NH4, no filtered SWAPT",0,"formatChange","Other"
"d6292157-2d99-4bdf-8674-0dd9724b2b00","D18","OKSR","OKSR.AOS.groundwater.well.005","OKSR.W5.20180724.RAW","A00000027385","2018-07-24T19:55Z","2018-07-24T19:55Z","EcoCore_CSU","conductivity",20.6000,"microsiemensPerCentimeter",4.0,,0,"formatChange","GOOD"
"6e9bfcc7-fb84-4f59-a183-71b57ea3112f","D18","OKSR","OKSR.AOS.groundwater.well.005","OKSR.W5.20180724.FIL","A00000027392","2018-07-24T19:55Z","2018-07-24T19:55Z","EcoCore_CSU","UV Absorbance (250 nm)",1.0756,,4.0,"came in 8oz bottle, unable to fill NH4, no filtered SWAPT",0,"formatChange","Other"
"c6e7eeeb-e296-4438-9250-31e54df09991","D18","OKSR","OKSR.AOS.groundwater.well.005","OKSR.W5.20180724.FIL","A00000027392","2018-07-24T19:55Z","2018-07-24T19:55Z","EcoCore_CSU","CO3",,"milligramsPerLiter",4.0,"came in 8oz bottle, unable to fill NH4, no filtered SWAPT",0,"formatChange","Other"
"e4f9a54d-cf35-4d82-b953-f506f8a8cd4f","D18","OKSR","OKSR.AOS.groundwater.well.005","OKSR.W5.20180724.PCN","A00000030218","2018-07-24T19:55Z","2018-07-24T19:55Z","EcoCore_CSU","TPN",0.1733,"milligram",4.0,,0,"formatChange","GOOD"
"4559f0a9-3fcb-435d-a691-68457d956027","D18","OKSR","OKSR.AOS.groundwater.well.005","OKSR.W5.20180724.FIL","A00000027392","2018-07-24T19:55Z","2018-07-24T19:55Z","EcoCore_CSU","Cl",,"milligramsPerLiter",4.0,"came in 8oz bottle, unable to fill NH4, no filtered SWAPT",0,"formatChange","Other"
"a6d0c0b3-c84c-412f-97b1-56be1a027740","D18","OKSR","OKSR.AOS.groundwater.well.005","OKSR.W5.20180724.FIL","A00000027392","2018-07-24T19:55Z","2018-07-24T19:55Z","EcoCore_CSU","Ca",,"milligramsPerLiter",4.0,"came in 8oz bottle, unable to fill NH4, no filtered SWAPT",0,"formatChange","Other"
"518c70a6-da85-4f9d-ad29-567ec219998e","D18","OKSR","OKSR.AOS.groundwater.well.005","OKSR.W5.20180724.RAW","A00000027385","2018-07-24T19:55Z","2018-07-24T19:55Z","EcoCore_CSU","TSS",154.0000,"milligramsPerLiter",4.0,,0,"formatChange","GOOD"
"7056ca70-2028-4f44-9eee-4585d14d9736","D18","OKSR","OKSR.AOS.groundwater.well.005","OKSR.W5.20180724.FIL","A00000027392","2018-07-24T19:55Z","2018-07-24T19:55Z","EcoCore_CSU","Na",,"milligramsPerLiter",4.0,"came in 8oz bottle, unable to fill NH4, no filtered SWAPT",0,"formatChange","Other"
"64dc3709-556d-4fe3-a91f-522f7199ac69","D18","OKSR","OKSR.AOS.groundwater.well.005","OKSR.W5.20180724.FIL","A00000027392","2018-07-24T19:55Z","2018-07-24T19:55Z","EcoCore_CSU","Mg",,"milligramsPerLiter",4.0,"came in 8oz bottle, unable to fill NH4, no filtered SWAPT",0,"formatChange","Other"
"e94ad926-81e7-483d-a67f-1d55349f4aa3","D18","OKSR","OKSR.AOS.groundwater.well.005","OKSR.W5.20180724.RAW","A00000027385","2018-07-24T19:55Z","2018-07-24T19:55Z","EcoCore_CSU","TN",0.5631,"milligramsPerLiter",4.0,,0,"formatChange","GOOD"
"76ea91b7-3cfe-482d-ac48-ecc7c95d12b0","D18","OKSR","OKSR.AOS.groundwater.well.005","OKSR.W5.20180724.FIL","A00000027392","2018-07-24T19:55Z","2018-07-24T19:55Z","EcoCore_CSU","Si",,"milligramsPerLiter",4.0,"came in 8oz bottle, unable to fill NH4, no filtered SWAPT",0,"formatChange","Other"
"eb798ceb-1681-44d4-bdac-a225fcf53629","D18","OKSR","OKSR.AOS.groundwater.well.005","OKSR.W5.20180724.RAW","A00000027385","2018-07-24T19:55Z","2018-07-24T19:55Z","EcoCore_CSU","TP",0.0020,"milligramsPerLiter",4.0,,0,"formatChange","GOOD"
"3aaf1267-9694-49dc-a5fb-13312d5e5f2b","D18","OKSR","OKSR.AOS.groundwater.well.005","OKSR.W5.20180724.FIL","A00000027392","2018-07-24T19:55Z","2018-07-24T19:55Z","EcoCore_CSU","F",,"milligramsPerLiter",4.0,"came in 8oz bottle, unable to fill NH4, no filtered SWAPT",0,"formatChange","Other"
"7f605666-069c-47e0-8e70-6debd6c18669","D18","OKSR","OKSR.AOS.groundwater.well.005","OKSR.W5.20180724.RAW","A00000027385","2018-07-24T19:55Z","2018-07-24T19:55Z","EcoCore_CSU","ANC",0.0500,"milliequivalentsPerLiter",4.0,,0,"formatChange","GOOD"
"9aef568b-e531-40f6-b29e-4326f51c07b0","D18","OKSR","OKSR.AOS.groundwater.well.005","OKSR.W5.20180724.FIL","A00000027392","2018-07-24T19:55Z","2018-07-24T19:55Z","EcoCore_CSU","NO2 - N",,"milligramsPerLiter",4.0,"came in 8oz bottle, unable to fill NH4, no filtered SWAPT",0,"formatChange","Other"
"da576f93-98eb-4639-bf3d-5b9f132e466b","D18","OKSR","OKSR.AOS.groundwater.well.005","OKSR.W5.20180724.FIL","A00000027392","2018-07-24T19:55Z","2018-07-24T19:55Z","EcoCore_CSU","NH4 - N",,"milligramsPerLiter",4.0,"came in 8oz bottle, unable to fill NH4, no filtered SWAPT",0,"formatChange","Other"
"2bed05be-7d82-4933-9eb8-948b89ad5130","D18","OKSR","OKSR.AOS.groundwater.well.005","OKSR.W5.20180724.FIL","A00000027392","2018-07-24T19:55Z","2018-07-24T19:55Z","EcoCore_CSU","NO3+NO2 - N",,"milligramsPerLiter",4.0,"came in 8oz bottle, unable to fill NH4, no filtered SWAPT",0,"formatChange","Other"
"59fa3046-1733-4f1b-b889-6de856a41272","D18","OKSR","OKSR.AOS.groundwater.well.005","OKSR.W5.20180724.FIL","A00000027392","2018-07-24T19:55Z","2018-07-24T19:55Z","EcoCore_CSU","TDP",,"milligramsPerLiter",4.0,"came in 8oz bottle, unable to fill NH4, no filtered SWAPT",0,"formatChange","Other"
"a205cf05-ca9e-4bea-8196-97fe0b5f5778","D18","OKSR","OKSR.AOS.groundwater.well.005","OKSR.W5.20180724.FIL","A00000027392","2018-07-24T19:55Z","2018-07-24T19:55Z","EcoCore_CSU","Ortho - P",,"milligramsPerLiter",4.0,"came in 8oz bottle, unable to fill NH4, no filtered SWAPT",0,"formatChange","Other"
"e75e3401-0d42-46fe-9a13-2847a317fec2","D18","OKSR","OKSR.AOS.groundwater.well.005","OKSR.W5.20180724.FIL","A00000027392","2018-07-24T19:55Z","2018-07-24T19:55Z","EcoCore_CSU","Fe",,"milligramsPerLiter",4.0,"came in 8oz bottle, unable to fill NH4, no filtered SWAPT",0,"formatChange","Other"
"98280c9f-00e2-4921-ac94-17798fa28288","D18","OKSR","OKSR.AOS.groundwater.well.005","OKSR.W5.20180724.FIL","A00000027392","2018-07-24T19:55Z","2018-07-24T19:55Z","EcoCore_CSU","HCO3",,"milligramsPerLiter",4.0,"came in 8oz bottle, unable to fill NH4, no filtered SWAPT",0,"formatChange","Other"
"becae640-9679-49b5-95b7-df1a59433cf2","D18","OKSR","OKSR.AOS.groundwater.well.005","OKSR.W5.20180724.FIL","A00000027392","2018-07-24T19:55Z","2018-07-24T19:55Z","EcoCore_CSU","K",,"milligramsPerLiter",4.0,"came in 8oz bottle, unable to fill NH4, no filtered SWAPT",0,"formatChange","Other"
"ad085a64-aebc-4a7e-bb00-2f0823b65a30","D18","OKSR","OKSR.AOS.groundwater.well.005","OKSR.W5.20180724.FIL","A00000027392","2018-07-24T19:55Z","2018-07-24T19:55Z","EcoCore_CSU","DIC",4.2870,"milligramsPerLiter",4.0,"came in 8oz bottle, unable to fill NH4, no filtered SWAPT",0,"formatChange","Other"
"8cdfe8b4-86a9-4f3a-a0b7-f0c77cf4d177","D18","OKSR","OKSR.AOS.groundwater.well.005","OKSR.W5.20180724.FIL","A00000027392","2018-07-24T19:55Z","2018-07-24T19:55Z","EcoCore_CSU","Mn",,"milligramsPerLiter",4.0,"came in 8oz bottle, unable to fill NH4, no filtered SWAPT",0,"formatChange","Other"
"81d8a8b4-96bd-42a2-88b7-c9fe0e77175f","D18","OKSR","OKSR.AOS.groundwater.well.005","OKSR.W5.20180724.RAW","A00000027385","2018-07-24T19:55Z","2018-07-24T19:55Z","EcoCore_CSU","TOC",15.8900,"milligramsPerLiter",4.0,,0,"formatChange","GOOD"
"c63a5548-baf6-46af-8cf6-79cbf8d0bf39","D18","OKSR","OKSR.AOS.groundwater.well.005","OKSR.W5.20180724.FIL","A00000027392","2018-07-24T19:55Z","2018-07-24T19:55Z","EcoCore_CSU","SO4",,"milligramsPerLiter",4.0,"came in 8oz bottle, unable to fill NH4, no filtered SWAPT",0,"formatChange","Other"
"269f1f19-0c55-47ad-a4dd-37a03527d4ae","D18","OKSR","OKSR.AOS.groundwater.well.005","OKSR.W5.20180724.FIL","A00000027392","2018-07-24T19:55Z","2018-07-24T19:55Z","EcoCore_CSU","TDS",,"milligramsPerLiter",4.0,"came in 8oz bottle, unable to fill NH4, no filtered SWAPT",0,"formatChange","Other"
"08570f08-dcae-4b75-91d6-1b2dc4db0258","D18","OKSR","OKSR.AOS.groundwater.well.005","OKSR.W5.20180724.PCN","A00000030218","2018-07-24T19:55Z","2018-07-24T19:55Z","EcoCore_CSU","TPC",1.1760,"milligram",4.0,,0,"formatChange","GOOD"
"9d22afe3-0c60-4d45-9c01-e82876ee0936","D18","OKSR","OKSR.AOS.groundwater.well.005","OKSR.W5.20180724.FIL","A00000027392","2018-07-24T19:55Z","2018-07-24T19:55Z","EcoCore_CSU","TDN",0.4876,"milligramsPerLiter",4.0,"came in 8oz bottle, unable to fill NH4, no filtered SWAPT",0,"formatChange","Other"
"7481b5a3-97c5-411f-8300-9f647af4dec8","D18","OKSR","OKSR.AOS.groundwater.well.005","OKSR.W5.20180724.RAW","A00000027385","2018-07-24T19:55Z","2018-07-24T19:55Z","EcoCore_CSU","pH",5.5100,"pH",4.0,,0,"formatChange","GOOD"
"7d85e146-348f-433c-a693-e6eeeee4d4e7","D18","OKSR","OKSR.AOS.groundwater.well.005","OKSR.W5.20180724.FIL","A00000027392","2018-07-24T19:55Z","2018-07-24T19:55Z","EcoCore_CSU","UV Absorbance (280 nm)",0.7720,,4.0,"came in 8oz bottle, unable to fill NH4, no filtered SWAPT",0,"formatChange","Other"
