uid,domainID,siteID,namedLocation,collectDate,parentSampleID,sampleCondition,sampleID,replicateNumber,gwwDICBubbleFree,gwwFiltSampleHeadspace,gwwAlkSampleHeadspace,gwwAlkSampleBubbleFree,processedDate,processedDateFilters,sampleVolumeFiltered,shipmentTimeRange
"e6a9c57e-017c-46f1-91a0-102c126c568b","D05","LIRO","LIRO.AOS.groundwater.well.004","2020-06-30T15:03Z","LIRO.W4.20200630","Sample condition ok","LIRO.W4.20200630",1,,,,,"2020-06-30T15:03Z","2020-06-30T15:03Z",200.0,"within 24 hours of collection"
"2a90d458-c5c9-4b14-bed6-20dfa0845556","D05","LIRO","LIRO.AOS.groundwater.well.007","2020-06-30T17:34Z","LIRO.W7.20200630","Sample condition ok","LIRO.W7.20200630",1,,,,,"2020-06-30T17:34Z","2020-06-30T17:34Z",200.0,"within 24 hours of collection"
"464d71cb-99b2-4dd7-adc0-01981427c924","D05","LIRO","LIRO.AOS.groundwater.well.002","2020-06-30T19:27Z","LIRO.W2.20200630","Sample condition ok","LIRO.W2.20200630",1,,,,,"2020-06-30T19:27Z","2020-06-30T19:27Z",200.0,"within 24 hours of collection"
"b78ac750-3deb-4b78-90e6-986366c5813a","D05","LIRO","LIRO.AOS.groundwater.well.001","2020-06-30T21:05Z","LIRO.W1.20200630","Sample condition ok","LIRO.W1.20200630",1,,,,,"2020-06-30T21:05Z","2020-06-30T21:05Z",200.0,"within 24 hours of collection"
