uid,domainID,siteID,namedLocation,decimalLatitude,decimalLongitude,coordinateUncertainty,elevation,elevationUncertainty,geodeticDatum,collectDate,aquaticSiteType,samplingImpractical,waterChemSamplesCollected,adequateSampleVol,parentSampleID,eventID,swcSamplingProtocolVersion,sampleExtractionMethod,samplerType,totalWellDepth,wellWaterDepth,waterColumnHeight,sampleDepth,purgeAverageDischargeRate,purgeTime,gwWellStabilized,purgeDryDateTime,pumpPlacementDate,screenedIntervalDepth,maxAllowableDrawdown,actualDrawdown,MADExceeded,wellVolumePurged,probeIDUnavailable,dissolvedOxygen,dissolvedOxygenSaturation,specificConductance,waterTemp,pH,waterClarityDescrip,waterColorDescrip,aCollectedBy,bCollectedBy,remarks
"2b54098a-7b3a-42c6-b86b-afa4324a82d6","D05","LIRO","LIRO.AOS.groundwater.well.004",46.000149,-89.701040,2.4,500.6,1.2,"WGS84","2020-06-30T15:03Z","lake",,"Y","Y","LIRO.W4.20200630","LIRO.20200630","NEON.DOC.002905vG","low-flow","Groundwater Pump",10.0,5.6,4.5,6.6,100.0,20.0,,,,,,,,2.0,,9.64,87.80,67.90,11.00,6.53,"clear","colorless","0000-0003-1075-1249","0000-0001-6438-3109",
"bc9f35d8-595d-44ad-b55e-1e142963391a","D05","LIRO","LIRO.AOS.groundwater.well.007",46.001007,-89.705512,2.4,501.3,1.2,"WGS84","2020-06-30T17:34Z","lake",,"Y","Y","LIRO.W7.20200630","LIRO.20200630","NEON.DOC.002905vG","low-flow","Groundwater Pump",11.5,6.5,5.0,7.5,120.0,29.0,,,,,,,,3.5,,10.24,100.10,35.00,14.70,7.39,"clear","colorless","0000-0003-1075-1249","0000-0001-6438-3109",
"06dd5d32-361c-46f4-af9d-95c35c51b793","D05","LIRO","LIRO.AOS.groundwater.well.002",45.994405,-89.707149,2.4,501.2,1.2,"WGS84","2020-06-30T19:27Z","lake",,"Y","Y","LIRO.W2.20200630","LIRO.20200630","NEON.DOC.002905vG","low-flow","Groundwater Pump",10.2,6.2,4.0,7.2,130.0,11.0,,,,,,,,1.4,,10.83,98.60,42.00,11.70,6.45,"clear","colorless","0000-0003-1075-1249","0000-0001-6438-3109",
"17f465d1-767c-4f64-9966-ba0b86b5d2af","D05","LIRO","LIRO.AOS.groundwater.well.001",45.994754,-89.707967,2.4,505.9,1.2,"WGS84","2020-06-30T21:05Z","lake",,"Y","Y","LIRO.W1.20200630","LIRO.20200630","NEON.DOC.002905vG","low-flow","Groundwater Pump",14.6,11.1,3.5,12.1,140.0,26.0,,,,,,,,3.6,,10.38,93.70,54.10,10.80,6.58,"clear","colorless","0000-0003-1075-1249","0000-0001-6438-3109",
