uid,domainID,siteID,namedLocation,collectDate,parentSampleID,sampleCondition,sampleID,replicateNumber,gwwDICBubbleFree,gwwFiltSampleHeadspace,gwwAlkSampleHeadspace,gwwAlkSampleBubbleFree,processedDate,processedDateFilters,sampleVolumeFiltered,shipmentTimeRange
"7ca66ddc-b1db-4b47-b756-51eba8f3eaf2","D06","MCDI","MCDI.AOS.groundwater.well.003","2017-06-27T14:45Z","MCDI.W3.20170627","Sample condition ok","MCDI.W3.20170627",1,,,,,"2017-06-27T15:15Z","2017-06-27T16:10Z",16.0,
"aa1ccf2e-a6fb-4f75-8cf3-899640207807","D06","MCDI","MCDI.AOS.groundwater.well.006","2017-06-27T16:00Z","MCDI.W6.20170627","Sample condition ok","MCDI.W6.20170627",1,,,,,"2017-06-27T16:30Z","2017-06-27T17:13Z",470.0,
"bbe6f540-108d-4d0c-b464-35a33c23f6ae","D06","MCDI","MCDI.AOS.groundwater.well.001","2017-06-27T17:16Z","MCDI.W1.20170627","Sample condition ok","MCDI.W1.20170627",1,,,,,"2017-06-27T17:45Z","2017-06-27T19:30Z",67.0,
"ddb2d6ce-f056-4c9f-9ddd-4f898539b5ed","D06","MCDI","MCDI.AOS.groundwater.well.005","2017-06-27T18:10Z","MCDI.W5.20170627","Sample condition ok","MCDI.W5.20170627",1,,,,,"2017-06-27T19:40Z","2017-06-27T19:30Z",46.0,
