uid,domainID,siteID,namedLocation,decimalLatitude,decimalLongitude,coordinateUncertainty,elevation,elevationUncertainty,geodeticDatum,collectDate,aquaticSiteType,samplingImpractical,waterChemSamplesCollected,adequateSampleVol,parentSampleID,eventID,swcSamplingProtocolVersion,sampleExtractionMethod,samplerType,totalWellDepth,wellWaterDepth,waterColumnHeight,sampleDepth,purgeAverageDischargeRate,purgeTime,gwWellStabilized,purgeDryDateTime,pumpPlacementDate,screenedIntervalDepth,maxAllowableDrawdown,actualDrawdown,MADExceeded,wellVolumePurged,probeIDUnavailable,dissolvedOxygen,dissolvedOxygenSaturation,specificConductance,waterTemp,pH,waterClarityDescrip,waterColorDescrip,aCollectedBy,bCollectedBy,remarks
"1524a832-52b3-4b6e-9bd8-d14ef6442bde","D06","MCDI","MCDI.AOS.groundwater.well.003",38.947200,-96.443699,0.1,379.7,0.1,"WGS84","2017-06-27T14:45Z","stream",,,,"MCDI.W3.20170627","MCDI.20170627","NEON.DOC.002905vD","low-flow","Groundwater Pump",10.1,7.4,2.7,8.4,,,,,,,,,,4.0,,3.37,34.50,692.00,14.40,,"opaque","brown","jkukulski@battelleecology.org","egawanda@battelleecology.org",
"8c2c8a46-368e-4987-b630-5698f44a1c10","D06","MCDI","MCDI.AOS.groundwater.well.006",38.946384,-96.442827,0.1,377.9,0.1,"WGS84","2017-06-27T16:00Z","stream",,,,"MCDI.W6.20170627","MCDI.20170627","NEON.DOC.002905vD","low-flow","Groundwater Pump",8.1,6.3,1.8,7.3,,,,,,,,,,3.1,,1.14,11.40,701.00,13.80,,"clear","brown","jkukulski@battelleecology.org","egawanda@battelleecology.org",
"f2e8e267-8cee-4d5f-b4a5-08ae9ae90dde","D06","MCDI","MCDI.AOS.groundwater.well.001",38.947025,-96.444316,0.1,377.6,0.1,"WGS84","2017-06-27T17:16Z","stream",,,,"MCDI.W1.20170627","MCDI.20170627","NEON.DOC.002905vD","low-flow","Groundwater Pump",8.2,5.1,3.1,6.1,,,,,,,,,,3.1,,1.59,16.00,740.00,14.30,,"clear","colorless","jkukulski@battelleecology.org","egawanda@battelleecology.org",
"2e51f27e-b101-498d-b693-59f5a26a12f2","D06","MCDI","MCDI.AOS.groundwater.well.005",38.946577,-96.443425,0.1,377.2,0.1,"WGS84","2017-06-27T18:10Z","stream",,,,"MCDI.W5.20170627","MCDI.20170627","NEON.DOC.002905vD","low-flow","Groundwater Pump",7.0,5.3,1.7,6.3,,,,,,,,,,1.6,,4.10,41.80,612.00,14.30,,"cloudy","brown","jkukulski@battelleecology.org","egawanda@battelleecology.org",
