uid,domainID,siteID,namedLocation,sampleID,sampleCode,startDate,collectDate,laboratoryName,analyte,analyteConcentration,analyteUnits,coolerTemp,remarks,shipmentWarmQF,externalLabDataQF,sampleCondition
"3638f1df-eed9-4e1b-a9c6-edbecd06af7d","D06","MCDI","MCDI.AOS.groundwater.well.003","MCDI.W3.20170627.PCN",,"2017-06-27T14:45Z","2017-06-27T14:45Z","EcoCore_CSU","TPN",-0.0224,"milligram",3.5,,0,"formatChange","GOOD"
"a2544d02-17ca-4e9a-a8c2-b66a353dfb5e","D06","MCDI","MCDI.AOS.groundwater.well.003","MCDI.W3.20170627.FIL",,"2017-06-27T14:45Z","2017-06-27T14:45Z","EcoCore_CSU","Mn",0.0339,"milligramsPerLiter",3.5,,0,"formatChange","GOOD"
"94201cd7-8b36-4e8d-944d-6e1dd57739c5","D06","MCDI","MCDI.AOS.groundwater.well.003","MCDI.W3.20170627.FIL",,"2017-06-27T14:45Z","2017-06-27T14:45Z","EcoCore_CSU","Na",9.0802,"milligramsPerLiter",3.5,,0,"formatChange","GOOD"
"bcd48534-7de4-4078-8b2e-a35b60e97371","D06","MCDI","MCDI.AOS.groundwater.well.003","MCDI.W3.20170627.FIL",,"2017-06-27T14:45Z","2017-06-27T14:45Z","EcoCore_CSU","UV Absorbance (250 nm)",0.0233,,3.5,,0,"formatChange","GOOD"
"7da6f277-f6e7-428e-b51a-f08153d350ad","D06","MCDI","MCDI.AOS.groundwater.well.003","MCDI.W3.20170627.FIL",,"2017-06-27T14:45Z","2017-06-27T14:45Z","EcoCore_CSU","Mg",18.0560,"milligramsPerLiter",3.5,,0,"formatChange","GOOD"
"b6530179-83b7-44fb-aa9e-d48b11f03de4","D06","MCDI","MCDI.AOS.groundwater.well.003","MCDI.W3.20170627.FIL",,"2017-06-27T14:45Z","2017-06-27T14:45Z","EcoCore_CSU","Fe",0.0005,"milligramsPerLiter",3.5,,0,"formatChange","GOOD"
"f0070c61-25dc-4c79-a2be-c5f6c6e03f8d","D06","MCDI","MCDI.AOS.groundwater.well.003","MCDI.W3.20170627.FIL",,"2017-06-27T14:45Z","2017-06-27T14:45Z","EcoCore_CSU","CO3",0.0000,"milligramsPerLiter",3.5,,0,"formatChange","GOOD"
"30dc6aea-e54d-44c1-a63b-db71568b66c3","D06","MCDI","MCDI.AOS.groundwater.well.003","MCDI.W3.20170627.FIL",,"2017-06-27T14:45Z","2017-06-27T14:45Z","EcoCore_CSU","DOC",1.3610,"milligramsPerLiter",3.5,,0,"formatChange","GOOD"
"60893f95-4b2a-4c99-a729-3e2569c0ea1a","D06","MCDI","MCDI.AOS.groundwater.well.003","MCDI.W3.20170627.FIL",,"2017-06-27T14:45Z","2017-06-27T14:45Z","EcoCore_CSU","TDP",0.0352,"milligramsPerLiter",3.5,,0,"formatChange","GOOD"
"03b3a04d-0f1b-4a39-bbce-f39bfe2984b3","D06","MCDI","MCDI.AOS.groundwater.well.003","MCDI.W3.20170627.RAW",,"2017-06-27T14:45Z","2017-06-27T14:45Z","EcoCore_CSU","pH",7.9200,"pH",3.5,,0,"formatChange","GOOD"
"f00885f4-a72d-4261-bd58-b8125c85cf09","D06","MCDI","MCDI.AOS.groundwater.well.003","MCDI.W3.20170627.FIL",,"2017-06-27T14:45Z","2017-06-27T14:45Z","EcoCore_CSU","NO3+NO2 - N",2.2330,"milligramsPerLiter",3.5,,0,"formatChange","GOOD"
"81fc9d80-7792-4837-b7d2-b1fd703f2ac3","D06","MCDI","MCDI.AOS.groundwater.well.003","MCDI.W3.20170627.RAW",,"2017-06-27T14:45Z","2017-06-27T14:45Z","EcoCore_CSU","conductivity",718.9000,"microsiemensPerCentimeter",3.5,,0,"formatChange","GOOD"
"bb0a1e45-5d3e-4035-ade2-b1ff76824ede","D06","MCDI","MCDI.AOS.groundwater.well.003","MCDI.W3.20170627.FIL",,"2017-06-27T14:45Z","2017-06-27T14:45Z","EcoCore_CSU","SO4",20.8944,"milligramsPerLiter",3.5,,0,"formatChange","GOOD"
"ffdaea80-012f-4a36-a118-5019fba8f085","D06","MCDI","MCDI.AOS.groundwater.well.003","MCDI.W3.20170627.FIL",,"2017-06-27T14:45Z","2017-06-27T14:45Z","EcoCore_CSU","Si",7.5403,"milligramsPerLiter",3.5,,0,"formatChange","GOOD"
"7eaf698c-8325-4237-a739-29380d6aa99f","D06","MCDI","MCDI.AOS.groundwater.well.003","MCDI.W3.20170627.FIL",,"2017-06-27T14:45Z","2017-06-27T14:45Z","EcoCore_CSU","Cl",4.9363,"milligramsPerLiter",3.5,,0,"formatChange","GOOD"
"186a9161-2379-4c23-baf8-b54fa0845acc","D06","MCDI","MCDI.AOS.groundwater.well.003","MCDI.W3.20170627.FIL",,"2017-06-27T14:45Z","2017-06-27T14:45Z","EcoCore_CSU","TDS",504.1000,"milligramsPerLiter",3.5,,0,"formatChange","GOOD"
"b630addd-247f-44ba-9693-e41d8af922fa","D06","MCDI","MCDI.AOS.groundwater.well.003","MCDI.W3.20170627.RAW",,"2017-06-27T14:45Z","2017-06-27T14:45Z","EcoCore_CSU","TSS - Dry Mass",106200.0000,"microgram",3.5,,0,"formatChange","GOOD"
"787b8535-285b-440f-ada9-ed537072a68f","D06","MCDI","MCDI.AOS.groundwater.well.003","MCDI.W3.20170627.FIL",,"2017-06-27T14:45Z","2017-06-27T14:45Z","EcoCore_CSU","Ortho - P",0.0270,"milligramsPerLiter",3.5,,0,"formatChange","GOOD"
"5311fa22-f73c-4e1f-91d0-1bddf4c32e59","D06","MCDI","MCDI.AOS.groundwater.well.003","MCDI.W3.20170627.RAW",,"2017-06-27T14:45Z","2017-06-27T14:45Z","EcoCore_CSU","TN",0.9334,"milligramsPerLiter",3.5,,0,"formatChange","GOOD"
"c2a9dca1-a71a-4868-8d15-1a390d591419","D06","MCDI","MCDI.AOS.groundwater.well.003","MCDI.W3.20170627.FIL",,"2017-06-27T14:45Z","2017-06-27T14:45Z","EcoCore_CSU","NH4 - N",0.0570,"milligramsPerLiter",3.5,,0,"formatChange","GOOD"
"9e8cc063-5561-4a4f-8299-4ac02b9dc20e","D06","MCDI","MCDI.AOS.groundwater.well.003","MCDI.W3.20170627.FIL",,"2017-06-27T14:45Z","2017-06-27T14:45Z","EcoCore_CSU","Ca",103.8100,"milligramsPerLiter",3.5,,0,"formatChange","GOOD"
"18c2d3f3-a3b0-4290-ab90-a1560a6fa376","D06","MCDI","MCDI.AOS.groundwater.well.003","MCDI.W3.20170627.FIL",,"2017-06-27T14:45Z","2017-06-27T14:45Z","EcoCore_CSU","UV Absorbance (280 nm)",0.0134,,3.5,,0,"formatChange","GOOD"
"6f8a7001-d3ef-4dee-b59b-47d7cf42daa8","D06","MCDI","MCDI.AOS.groundwater.well.003","MCDI.W3.20170627.PCN",,"2017-06-27T14:45Z","2017-06-27T14:45Z","EcoCore_CSU","TPC",0.3025,"milligram",3.5,,0,"formatChange","GOOD"
"b09ea67d-7053-4597-ab1e-5e04a8f1433f","D06","MCDI","MCDI.AOS.groundwater.well.003","MCDI.W3.20170627.RAW",,"2017-06-27T14:45Z","2017-06-27T14:45Z","EcoCore_CSU","TOC",2.3030,"milligramsPerLiter",3.5,,0,"formatChange","GOOD"
"71b20dc5-9fbf-4885-936e-a50095d10e0a","D06","MCDI","MCDI.AOS.groundwater.well.003","MCDI.W3.20170627.FIL",,"2017-06-27T14:45Z","2017-06-27T14:45Z","EcoCore_CSU","K",2.3691,"milligramsPerLiter",3.5,,0,"formatChange","GOOD"
"a42ceffe-5eb7-4faa-b136-a0d30cd8f861","D06","MCDI","MCDI.AOS.groundwater.well.003","MCDI.W3.20170627.FIL",,"2017-06-27T14:45Z","2017-06-27T14:45Z","EcoCore_CSU","Br",0.0050,"milligramsPerLiter",3.5,,0,"formatChange","GOOD"
"91bb563c-32bd-4730-b780-beabc9f59cb4","D06","MCDI","MCDI.AOS.groundwater.well.003","MCDI.W3.20170627.FIL",,"2017-06-27T14:45Z","2017-06-27T14:45Z","EcoCore_CSU","TDN",2.3140,"milligramsPerLiter",3.5,,0,"formatChange","GOOD"
"b76cbb7d-cd8b-4a30-83c7-7f6caec7497a","D06","MCDI","MCDI.AOS.groundwater.well.003","MCDI.W3.20170627.RAW",,"2017-06-27T14:45Z","2017-06-27T14:45Z","EcoCore_CSU","TSS",1062.0000,"milligramsPerLiter",3.5,,0,"formatChange","GOOD"
"f0c8a9a7-8b00-4838-a133-7ecb21751eca","D06","MCDI","MCDI.AOS.groundwater.well.003","MCDI.W3.20170627.FIL",,"2017-06-27T14:45Z","2017-06-27T14:45Z","EcoCore_CSU","HCO3",392.4800,"milligramsPerLiter",3.5,,0,"formatChange","GOOD"
"b33510b9-82e6-4b5b-aded-e083eedf0737","D06","MCDI","MCDI.AOS.groundwater.well.003","MCDI.W3.20170627.FIL",,"2017-06-27T14:45Z","2017-06-27T14:45Z","EcoCore_CSU","DIC",79.6500,"milligramsPerLiter",3.5,,0,"formatChange","GOOD"
"3c2c7449-a71d-4f19-b5f3-d3270804f6c1","D06","MCDI","MCDI.AOS.groundwater.well.003","MCDI.W3.20170627.RAW",,"2017-06-27T14:45Z","2017-06-27T14:45Z","EcoCore_CSU","TP",0.0420,"milligramsPerLiter",3.5,,0,"formatChange","GOOD"
"3698115d-af1f-46c6-90bd-b9963598fa81","D06","MCDI","MCDI.AOS.groundwater.well.003","MCDI.W3.20170627.FIL",,"2017-06-27T14:45Z","2017-06-27T14:45Z","EcoCore_CSU","F",0.2782,"milligramsPerLiter",3.5,,0,"formatChange","GOOD"
"6e99a804-c98c-456d-824b-c0eb72fe6742","D06","MCDI","MCDI.AOS.groundwater.well.003","MCDI.W3.20170627.RAW",,"2017-06-27T14:45Z","2017-06-27T14:45Z","EcoCore_CSU","ANC",6.7200,"milliequivalentsPerLiter",3.5,,0,"formatChange","GOOD"
"1ebd36eb-394e-481e-95b5-f65cc801ffd8","D06","MCDI","MCDI.AOS.groundwater.well.003","MCDI.W3.20170627.FIL",,"2017-06-27T14:45Z","2017-06-27T14:45Z","EcoCore_CSU","NO2 - N",0.0040,"milligramsPerLiter",3.5,,0,"formatChange","GOOD"
"33d91a01-2116-44bb-a9f6-deaa7c7580db","D06","MCDI","MCDI.AOS.groundwater.well.006","MCDI.W6.20170627.RAW",,"2017-06-27T16:00Z","2017-06-27T16:00Z","EcoCore_CSU","ANC",6.6800,"milliequivalentsPerLiter",3.5,,0,"formatChange","GOOD"
"9394fada-ebc4-4d20-ac15-1fa85c297395","D06","MCDI","MCDI.AOS.groundwater.well.006","MCDI.W6.20170627.FIL",,"2017-06-27T16:00Z","2017-06-27T16:00Z","EcoCore_CSU","TDP",0.0431,"milligramsPerLiter",3.5,,0,"formatChange","GOOD"
"83017e64-b84e-4036-98a9-ce36588d2e2f","D06","MCDI","MCDI.AOS.groundwater.well.006","MCDI.W6.20170627.FIL",,"2017-06-27T16:00Z","2017-06-27T16:00Z","EcoCore_CSU","K",1.5024,"milligramsPerLiter",3.5,,0,"formatChange","GOOD"
"794e7fb8-6a3b-4a17-878d-682a17a42ac6","D06","MCDI","MCDI.AOS.groundwater.well.006","MCDI.W6.20170627.FIL",,"2017-06-27T16:00Z","2017-06-27T16:00Z","EcoCore_CSU","Cl",6.0677,"milligramsPerLiter",3.5,,0,"formatChange","GOOD"
"dd543462-20ea-4849-9634-0e7ae338d4eb","D06","MCDI","MCDI.AOS.groundwater.well.006","MCDI.W6.20170627.FIL",,"2017-06-27T16:00Z","2017-06-27T16:00Z","EcoCore_CSU","TDS",521.3000,"milligramsPerLiter",3.5,,0,"formatChange","GOOD"
"bdc657db-eb95-4b91-a244-4a07b706c6fb","D06","MCDI","MCDI.AOS.groundwater.well.006","MCDI.W6.20170627.FIL",,"2017-06-27T16:00Z","2017-06-27T16:00Z","EcoCore_CSU","NO2 - N",0.0070,"milligramsPerLiter",3.5,,0,"formatChange","GOOD"
"4530c507-cd68-4d1b-ae1f-92db3df48cad","D06","MCDI","MCDI.AOS.groundwater.well.006","MCDI.W6.20170627.RAW",,"2017-06-27T16:00Z","2017-06-27T16:00Z","EcoCore_CSU","TN",0.7508,"milligramsPerLiter",3.5,,0,"formatChange","GOOD"
"8cc38ee3-8516-48a7-a398-f688531ef77e","D06","MCDI","MCDI.AOS.groundwater.well.006","MCDI.W6.20170627.RAW",,"2017-06-27T16:00Z","2017-06-27T16:00Z","EcoCore_CSU","pH",7.9800,"pH",3.5,,0,"formatChange","GOOD"
"58828003-c8c8-41e2-ba56-26302f6b5e39","D06","MCDI","MCDI.AOS.groundwater.well.006","MCDI.W6.20170627.FIL",,"2017-06-27T16:00Z","2017-06-27T16:00Z","EcoCore_CSU","Br",0.0050,"milligramsPerLiter",3.5,,0,"formatChange","GOOD"
"b3271162-fbb2-4e3e-880b-ad86a65a791d","D06","MCDI","MCDI.AOS.groundwater.well.006","MCDI.W6.20170627.FIL",,"2017-06-27T16:00Z","2017-06-27T16:00Z","EcoCore_CSU","SO4",29.1128,"milligramsPerLiter",3.5,,0,"formatChange","GOOD"
"a53dff63-9dd3-4555-b915-3354d3e768c3","D06","MCDI","MCDI.AOS.groundwater.well.006","MCDI.W6.20170627.FIL",,"2017-06-27T16:00Z","2017-06-27T16:00Z","EcoCore_CSU","UV Absorbance (280 nm)",0.0090,,3.5,,0,"formatChange","GOOD"
"3faa8528-62c0-413b-a0eb-f1580853697d","D06","MCDI","MCDI.AOS.groundwater.well.006","MCDI.W6.20170627.FIL",,"2017-06-27T16:00Z","2017-06-27T16:00Z","EcoCore_CSU","Fe",0.0005,"milligramsPerLiter",3.5,,0,"formatChange","GOOD"
"fdd8e684-3d57-44cf-a2de-ffd3321b619a","D06","MCDI","MCDI.AOS.groundwater.well.006","MCDI.W6.20170627.FIL",,"2017-06-27T16:00Z","2017-06-27T16:00Z","EcoCore_CSU","Mg",16.5370,"milligramsPerLiter",3.5,,0,"formatChange","GOOD"
"712dacb1-d99f-4b29-b78d-5bc7b559fa68","D06","MCDI","MCDI.AOS.groundwater.well.006","MCDI.W6.20170627.FIL",,"2017-06-27T16:00Z","2017-06-27T16:00Z","EcoCore_CSU","UV Absorbance (250 nm)",0.0199,,3.5,,0,"formatChange","GOOD"
"f1eec508-9841-4a61-b704-ea835f1f741a","D06","MCDI","MCDI.AOS.groundwater.well.006","MCDI.W6.20170627.FIL",,"2017-06-27T16:00Z","2017-06-27T16:00Z","EcoCore_CSU","F",0.3503,"milligramsPerLiter",3.5,,0,"formatChange","GOOD"
"98fa723e-76dd-4c81-952d-1b52bc3df0c8","D06","MCDI","MCDI.AOS.groundwater.well.006","MCDI.W6.20170627.FIL",,"2017-06-27T16:00Z","2017-06-27T16:00Z","EcoCore_CSU","DOC",0.9001,"milligramsPerLiter",3.5,,0,"formatChange","GOOD"
"a9c95e1c-bf1a-4a02-a159-cade16d955e5","D06","MCDI","MCDI.AOS.groundwater.well.006","MCDI.W6.20170627.FIL",,"2017-06-27T16:00Z","2017-06-27T16:00Z","EcoCore_CSU","Mn",0.0005,"milligramsPerLiter",3.5,,0,"formatChange","GOOD"
"32dce7a7-1e65-4dcd-8b45-5f8c5bc6adbc","D06","MCDI","MCDI.AOS.groundwater.well.006","MCDI.W6.20170627.RAW",,"2017-06-27T16:00Z","2017-06-27T16:00Z","EcoCore_CSU","TOC",4.8140,"milligramsPerLiter",3.5,,0,"formatChange","GOOD"
"b0876f18-0fc9-468b-a21a-c64d45a4f546","D06","MCDI","MCDI.AOS.groundwater.well.006","MCDI.W6.20170627.FIL",,"2017-06-27T16:00Z","2017-06-27T16:00Z","EcoCore_CSU","NH4 - N",0.1370,"milligramsPerLiter",3.5,,0,"formatChange","GOOD"
"135ef66d-9dad-46c3-afd8-d354800b2bb9","D06","MCDI","MCDI.AOS.groundwater.well.006","MCDI.W6.20170627.RAW",,"2017-06-27T16:00Z","2017-06-27T16:00Z","EcoCore_CSU","TSS - Dry Mass",1600.0000,"microgram",3.5,,0,"formatChange","GOOD"
"fe02bf91-994d-4123-b222-a224321ea5e5","D06","MCDI","MCDI.AOS.groundwater.well.006","MCDI.W6.20170627.FIL",,"2017-06-27T16:00Z","2017-06-27T16:00Z","EcoCore_CSU","DIC",79.0500,"milligramsPerLiter",3.5,,0,"formatChange","GOOD"
"c4d0bc05-36c1-43f2-842c-c2edcb4fb94b","D06","MCDI","MCDI.AOS.groundwater.well.006","MCDI.W6.20170627.FIL",,"2017-06-27T16:00Z","2017-06-27T16:00Z","EcoCore_CSU","HCO3",383.6700,"milligramsPerLiter",3.5,,0,"formatChange","GOOD"
"be50d70d-e740-44c3-8c5c-ddfc64334018","D06","MCDI","MCDI.AOS.groundwater.well.006","MCDI.W6.20170627.FIL",,"2017-06-27T16:00Z","2017-06-27T16:00Z","EcoCore_CSU","Ortho - P",0.0310,"milligramsPerLiter",3.5,,0,"formatChange","GOOD"
"ea0db2b1-e339-45d1-ad87-059c2cd13021","D06","MCDI","MCDI.AOS.groundwater.well.006","MCDI.W6.20170627.FIL",,"2017-06-27T16:00Z","2017-06-27T16:00Z","EcoCore_CSU","TDN",4.5520,"milligramsPerLiter",3.5,,0,"formatChange","GOOD"
"ef7b2bf6-3417-4e68-a1b5-05b9d2df324e","D06","MCDI","MCDI.AOS.groundwater.well.006","MCDI.W6.20170627.RAW",,"2017-06-27T16:00Z","2017-06-27T16:00Z","EcoCore_CSU","TSS",16.0000,"milligramsPerLiter",3.5,,0,"formatChange","GOOD"
"0aa70e22-f34e-4b36-94d7-d30fb35cd38e","D06","MCDI","MCDI.AOS.groundwater.well.006","MCDI.W6.20170627.FIL",,"2017-06-27T16:00Z","2017-06-27T16:00Z","EcoCore_CSU","CO3",0.0000,"milligramsPerLiter",3.5,,0,"formatChange","GOOD"
"b80af7b1-4730-49a4-ae65-8f781506528b","D06","MCDI","MCDI.AOS.groundwater.well.006","MCDI.W6.20170627.FIL",,"2017-06-27T16:00Z","2017-06-27T16:00Z","EcoCore_CSU","Si",6.8314,"milligramsPerLiter",3.5,,0,"formatChange","GOOD"
"c83a84ee-b832-4a88-8815-008cf7ec63ba","D06","MCDI","MCDI.AOS.groundwater.well.006","MCDI.W6.20170627.FIL",,"2017-06-27T16:00Z","2017-06-27T16:00Z","EcoCore_CSU","NO3+NO2 - N",3.9230,"milligramsPerLiter",3.5,,0,"formatChange","GOOD"
"eb6a1c0f-616e-4cf2-a48f-ececc5d6a36e","D06","MCDI","MCDI.AOS.groundwater.well.006","MCDI.W6.20170627.RAW",,"2017-06-27T16:00Z","2017-06-27T16:00Z","EcoCore_CSU","TP",0.0440,"milligramsPerLiter",3.5,,0,"formatChange","GOOD"
"677edc18-443d-4881-b9fe-e3515e9965f1","D06","MCDI","MCDI.AOS.groundwater.well.006","MCDI.W6.20170627.FIL",,"2017-06-27T16:00Z","2017-06-27T16:00Z","EcoCore_CSU","Na",11.3780,"milligramsPerLiter",3.5,,0,"formatChange","GOOD"
"f34bf4c9-a966-4991-b83f-e0006cb91baa","D06","MCDI","MCDI.AOS.groundwater.well.006","MCDI.W6.20170627.PCN",,"2017-06-27T16:00Z","2017-06-27T16:00Z","EcoCore_CSU","TPC",0.5004,"milligram",3.5,,0,"formatChange","GOOD"
"69e95876-fc2c-4534-b63d-bbba417aa073","D06","MCDI","MCDI.AOS.groundwater.well.006","MCDI.W6.20170627.PCN",,"2017-06-27T16:00Z","2017-06-27T16:00Z","EcoCore_CSU","TPN",0.0620,"milligram",3.5,,0,"formatChange","GOOD"
"054c496a-1dbd-4b48-9df8-5935cb39c889","D06","MCDI","MCDI.AOS.groundwater.well.006","MCDI.W6.20170627.FIL",,"2017-06-27T16:00Z","2017-06-27T16:00Z","EcoCore_CSU","Ca",109.1700,"milligramsPerLiter",3.5,,0,"formatChange","GOOD"
"821cd18e-bff5-46e7-9d6d-5461a776d9f8","D06","MCDI","MCDI.AOS.groundwater.well.006","MCDI.W6.20170627.RAW",,"2017-06-27T16:00Z","2017-06-27T16:00Z","EcoCore_CSU","conductivity",742.2000,"microsiemensPerCentimeter",3.5,,0,"formatChange","GOOD"
"e2b2256c-4f88-4875-af16-15d9b276b6d7","D06","MCDI","MCDI.AOS.groundwater.well.001","MCDI.W1.20170627.FIL",,"2017-06-27T17:16Z","2017-06-27T17:16Z","EcoCore_CSU","TDN",8.0910,"milligramsPerLiter",3.5,,0,"formatChange","GOOD"
"0924205d-cd82-4ab8-ac4a-232f9d9a2ef6","D06","MCDI","MCDI.AOS.groundwater.well.001","MCDI.W1.20170627.PCN",,"2017-06-27T17:16Z","2017-06-27T17:16Z","EcoCore_CSU","TPN",0.0454,"milligram",3.5,,0,"formatChange","GOOD"
"c7a11584-4546-4ef8-a1fd-2be0b4018fdb","D06","MCDI","MCDI.AOS.groundwater.well.001","MCDI.W1.20170627.FIL",,"2017-06-27T17:16Z","2017-06-27T17:16Z","EcoCore_CSU","UV Absorbance (250 nm)",0.0282,,3.5,,0,"formatChange","GOOD"
"e850956b-c872-429b-b10d-57d5c91f0a8a","D06","MCDI","MCDI.AOS.groundwater.well.001","MCDI.W1.20170627.RAW",,"2017-06-27T17:16Z","2017-06-27T17:16Z","EcoCore_CSU","TN",1.2400,"milligramsPerLiter",3.5,,0,"formatChange","GOOD"
"2a798a58-9f20-4812-bb5d-e517dc5a05fb","D06","MCDI","MCDI.AOS.groundwater.well.001","MCDI.W1.20170627.FIL",,"2017-06-27T17:16Z","2017-06-27T17:16Z","EcoCore_CSU","DIC",70.7800,"milligramsPerLiter",3.5,,0,"formatChange","GOOD"
"1c2afb09-7eb2-4b0f-bf8d-4fcbb9bf97e6","D06","MCDI","MCDI.AOS.groundwater.well.001","MCDI.W1.20170627.FIL",,"2017-06-27T17:16Z","2017-06-27T17:16Z","EcoCore_CSU","SO4",42.0177,"milligramsPerLiter",3.5,,0,"formatChange","GOOD"
"9fbdddcf-436c-4ca4-8476-94bd3237baab","D06","MCDI","MCDI.AOS.groundwater.well.001","MCDI.W1.20170627.FIL",,"2017-06-27T17:16Z","2017-06-27T17:16Z","EcoCore_CSU","Si",6.9676,"milligramsPerLiter",3.5,,0,"formatChange","GOOD"
"6c2ec02b-acef-4637-8c58-2581d8fb38c5","D06","MCDI","MCDI.AOS.groundwater.well.001","MCDI.W1.20170627.FIL",,"2017-06-27T17:16Z","2017-06-27T17:16Z","EcoCore_CSU","Fe",0.0005,"milligramsPerLiter",3.5,,0,"formatChange","GOOD"
"d64b0cf1-4904-46bd-8700-126d4ec6e2f7","D06","MCDI","MCDI.AOS.groundwater.well.001","MCDI.W1.20170627.FIL",,"2017-06-27T17:16Z","2017-06-27T17:16Z","EcoCore_CSU","CO3",0.0000,"milligramsPerLiter",3.5,,0,"formatChange","GOOD"
"43a23388-9602-487a-b533-f941d105b799","D06","MCDI","MCDI.AOS.groundwater.well.001","MCDI.W1.20170627.FIL",,"2017-06-27T17:16Z","2017-06-27T17:16Z","EcoCore_CSU","F",0.2898,"milligramsPerLiter",3.5,,0,"formatChange","GOOD"
"31615a19-b69f-4fa9-890d-3ea967c69071","D06","MCDI","MCDI.AOS.groundwater.well.001","MCDI.W1.20170627.FIL",,"2017-06-27T17:16Z","2017-06-27T17:16Z","EcoCore_CSU","Cl",6.5739,"milligramsPerLiter",3.5,,0,"formatChange","GOOD"
"225039b0-f7f8-472d-a85b-ad3394f12c4d","D06","MCDI","MCDI.AOS.groundwater.well.001","MCDI.W1.20170627.FIL",,"2017-06-27T17:16Z","2017-06-27T17:16Z","EcoCore_CSU","K",2.8097,"milligramsPerLiter",3.5,,0,"formatChange","GOOD"
"67a4936a-a792-47a1-b9fa-fb8226fa90c3","D06","MCDI","MCDI.AOS.groundwater.well.001","MCDI.W1.20170627.PCN",,"2017-06-27T17:16Z","2017-06-27T17:16Z","EcoCore_CSU","TPC",0.2886,"milligram",3.5,,0,"formatChange","GOOD"
"aaa44761-4766-4643-9ff1-be9d48d25678","D06","MCDI","MCDI.AOS.groundwater.well.001","MCDI.W1.20170627.FIL",,"2017-06-27T17:16Z","2017-06-27T17:16Z","EcoCore_CSU","Br",0.0050,"milligramsPerLiter",3.5,,0,"formatChange","GOOD"
"133dfd3f-a3db-47ed-8431-3b58d519ec20","D06","MCDI","MCDI.AOS.groundwater.well.001","MCDI.W1.20170627.FIL",,"2017-06-27T17:16Z","2017-06-27T17:16Z","EcoCore_CSU","UV Absorbance (280 nm)",0.0170,,3.5,,0,"formatChange","GOOD"
"a4a9678b-25d4-4c98-ba14-01543aceaf9d","D06","MCDI","MCDI.AOS.groundwater.well.001","MCDI.W1.20170627.FIL",,"2017-06-27T17:16Z","2017-06-27T17:16Z","EcoCore_CSU","NO3+NO2 - N",7.6550,"milligramsPerLiter",3.5,,0,"formatChange","GOOD"
"1725ae4c-bfc6-4934-b1e1-f7d30e4de62d","D06","MCDI","MCDI.AOS.groundwater.well.001","MCDI.W1.20170627.RAW",,"2017-06-27T17:16Z","2017-06-27T17:16Z","EcoCore_CSU","TP",0.0410,"milligramsPerLiter",3.5,,0,"formatChange","GOOD"
"7f66de6e-b8c6-450f-94e3-a0920ded62e8","D06","MCDI","MCDI.AOS.groundwater.well.001","MCDI.W1.20170627.FIL",,"2017-06-27T17:16Z","2017-06-27T17:16Z","EcoCore_CSU","HCO3",349.9900,"milligramsPerLiter",3.5,,0,"formatChange","GOOD"
"f1585a0a-98f8-4e6e-8007-53e3b51f4ef5","D06","MCDI","MCDI.AOS.groundwater.well.001","MCDI.W1.20170627.RAW",,"2017-06-27T17:16Z","2017-06-27T17:16Z","EcoCore_CSU","ANC",5.8300,"milliequivalentsPerLiter",3.5,,0,"formatChange","GOOD"
"d17253e2-cf68-470b-8a90-eed6f4d1352e","D06","MCDI","MCDI.AOS.groundwater.well.001","MCDI.W1.20170627.FIL",,"2017-06-27T17:16Z","2017-06-27T17:16Z","EcoCore_CSU","Na",13.0560,"milligramsPerLiter",3.5,,0,"formatChange","GOOD"
"23082461-4190-4ef1-a0b1-f9eb8950916c","D06","MCDI","MCDI.AOS.groundwater.well.001","MCDI.W1.20170627.FIL",,"2017-06-27T17:16Z","2017-06-27T17:16Z","EcoCore_CSU","DOC",1.4220,"milligramsPerLiter",3.5,,0,"formatChange","GOOD"
"ba191bf9-0618-465e-abbc-996c7d2faa08","D06","MCDI","MCDI.AOS.groundwater.well.001","MCDI.W1.20170627.FIL",,"2017-06-27T17:16Z","2017-06-27T17:16Z","EcoCore_CSU","NO2 - N",0.0070,"milligramsPerLiter",3.5,,0,"formatChange","GOOD"
"e0b90a71-d731-46c7-849e-50d485c8f07f","D06","MCDI","MCDI.AOS.groundwater.well.001","MCDI.W1.20170627.RAW",,"2017-06-27T17:16Z","2017-06-27T17:16Z","EcoCore_CSU","conductivity",741.9000,"microsiemensPerCentimeter",3.5,,0,"formatChange","GOOD"
"549c01a5-adb5-4e4b-86c9-a402a6131506","D06","MCDI","MCDI.AOS.groundwater.well.001","MCDI.W1.20170627.FIL",,"2017-06-27T17:16Z","2017-06-27T17:16Z","EcoCore_CSU","Mn",0.0005,"milligramsPerLiter",3.5,,0,"formatChange","GOOD"
"025b9a09-8d3d-4dc4-9bca-d1ee1eeb09a0","D06","MCDI","MCDI.AOS.groundwater.well.001","MCDI.W1.20170627.FIL",,"2017-06-27T17:16Z","2017-06-27T17:16Z","EcoCore_CSU","Ca",99.2780,"milligramsPerLiter",3.5,,0,"formatChange","GOOD"
"e91b7b1d-8a5a-4ffc-8512-f8dd105cfd4b","D06","MCDI","MCDI.AOS.groundwater.well.001","MCDI.W1.20170627.FIL",,"2017-06-27T17:16Z","2017-06-27T17:16Z","EcoCore_CSU","Ortho - P",0.0260,"milligramsPerLiter",3.5,,0,"formatChange","GOOD"
"3b5fec64-6eea-453d-b6c7-76096284a7a4","D06","MCDI","MCDI.AOS.groundwater.well.001","MCDI.W1.20170627.RAW",,"2017-06-27T17:16Z","2017-06-27T17:16Z","EcoCore_CSU","pH",8.0000,"pH",3.5,,0,"formatChange","GOOD"
"a22a2ba5-1d7a-46df-9574-329f89da7a56","D06","MCDI","MCDI.AOS.groundwater.well.001","MCDI.W1.20170627.FIL",,"2017-06-27T17:16Z","2017-06-27T17:16Z","EcoCore_CSU","NH4 - N",0.0840,"milligramsPerLiter",3.5,,0,"formatChange","GOOD"
"6907e22f-9318-4019-a1cc-a809ff48b21d","D06","MCDI","MCDI.AOS.groundwater.well.001","MCDI.W1.20170627.FIL",,"2017-06-27T17:16Z","2017-06-27T17:16Z","EcoCore_CSU","TDP",0.0320,"milligramsPerLiter",3.5,,0,"formatChange","GOOD"
"4dc96d72-284f-49fc-a19f-9e9e2a452b9c","D06","MCDI","MCDI.AOS.groundwater.well.001","MCDI.W1.20170627.FIL",,"2017-06-27T17:16Z","2017-06-27T17:16Z","EcoCore_CSU","Mg",21.5290,"milligramsPerLiter",3.5,,0,"formatChange","GOOD"
"1c8adcf0-2a73-4ad5-b98f-9184816d6d38","D06","MCDI","MCDI.AOS.groundwater.well.001","MCDI.W1.20170627.RAW",,"2017-06-27T17:16Z","2017-06-27T17:16Z","EcoCore_CSU","TOC",8.2810,"milligramsPerLiter",3.5,,0,"formatChange","GOOD"
"e26c4263-22cd-4cd5-b142-73c169be977f","D06","MCDI","MCDI.AOS.groundwater.well.001","MCDI.W1.20170627.RAW",,"2017-06-27T17:16Z","2017-06-27T17:16Z","EcoCore_CSU","TSS - Dry Mass",17800.0000,"microgram",3.5,,0,"formatChange","GOOD"
"4e5108c1-bda0-4920-9323-1496f3961c7e","D06","MCDI","MCDI.AOS.groundwater.well.001","MCDI.W1.20170627.RAW",,"2017-06-27T17:16Z","2017-06-27T17:16Z","EcoCore_CSU","TSS",178.0000,"milligramsPerLiter",3.5,,0,"formatChange","GOOD"
"1d58988b-2dd5-4fb3-8605-248e72814dad","D06","MCDI","MCDI.AOS.groundwater.well.001","MCDI.W1.20170627.FIL",,"2017-06-27T17:16Z","2017-06-27T17:16Z","EcoCore_CSU","TDS",520.4000,"milligramsPerLiter",3.5,,0,"formatChange","GOOD"
"5b9c3320-876a-42a5-a33d-a7f5b300f533","D06","MCDI","MCDI.AOS.groundwater.well.005","MCDI.W5.20170627.FIL",,"2017-06-27T18:10Z","2017-06-27T18:10Z","EcoCore_CSU","K",1.8388,"milligramsPerLiter",3.4,,0,"formatChange","GOOD"
"251cd392-c5b1-4f52-be39-8ea63cf4cf47","D06","MCDI","MCDI.AOS.groundwater.well.005","MCDI.W5.20170627.FIL",,"2017-06-27T18:10Z","2017-06-27T18:10Z","EcoCore_CSU","NO3+NO2 - N",5.3570,"milligramsPerLiter",3.4,,0,"formatChange","GOOD"
"edfd3456-3209-4621-8511-0112e3bb9cde","D06","MCDI","MCDI.AOS.groundwater.well.005","MCDI.W5.20170627.FIL",,"2017-06-27T18:10Z","2017-06-27T18:10Z","EcoCore_CSU","TDP",0.0336,"milligramsPerLiter",3.4,,0,"formatChange","GOOD"
"9a85bb1c-4f61-448e-846b-4e2c4be72548","D06","MCDI","MCDI.AOS.groundwater.well.005","MCDI.W5.20170627.FIL",,"2017-06-27T18:10Z","2017-06-27T18:10Z","EcoCore_CSU","Na",13.2740,"milligramsPerLiter",3.4,,0,"formatChange","GOOD"
"84cc41c8-7176-4477-89a4-2a9d39e41b1a","D06","MCDI","MCDI.AOS.groundwater.well.005","MCDI.W5.20170627.FIL",,"2017-06-27T18:10Z","2017-06-27T18:10Z","EcoCore_CSU","Cl",6.7911,"milligramsPerLiter",3.4,,0,"formatChange","GOOD"
"3136494e-704c-465b-a16b-b61122eff345","D06","MCDI","MCDI.AOS.groundwater.well.005","MCDI.W5.20170627.FIL",,"2017-06-27T18:10Z","2017-06-27T18:10Z","EcoCore_CSU","Fe",0.0005,"milligramsPerLiter",3.4,,0,"formatChange","GOOD"
"ef4f33f6-983e-44cd-8bf2-ea47e0d61866","D06","MCDI","MCDI.AOS.groundwater.well.005","MCDI.W5.20170627.FIL",,"2017-06-27T18:10Z","2017-06-27T18:10Z","EcoCore_CSU","DIC",63.8000,"milligramsPerLiter",3.4,,0,"formatChange","GOOD"
"38f7ddfd-e083-4736-a360-6f9c389956e0","D06","MCDI","MCDI.AOS.groundwater.well.005","MCDI.W5.20170627.FIL",,"2017-06-27T18:10Z","2017-06-27T18:10Z","EcoCore_CSU","Mg",16.2560,"milligramsPerLiter",3.4,,0,"formatChange","GOOD"
"06f3c627-9e2d-435b-b0c6-6dd2cf79a5fd","D06","MCDI","MCDI.AOS.groundwater.well.005","MCDI.W5.20170627.PCN",,"2017-06-27T18:10Z","2017-06-27T18:10Z","EcoCore_CSU","TPN",0.0110,"milligram",3.4,,0,"formatChange","GOOD"
"74de3aa6-ffa4-49d9-a02b-d5a6b0f407de","D06","MCDI","MCDI.AOS.groundwater.well.005","MCDI.W5.20170627.FIL",,"2017-06-27T18:10Z","2017-06-27T18:10Z","EcoCore_CSU","HCO3",323.1400,"milligramsPerLiter",3.4,,0,"formatChange","GOOD"
"9c8cd15d-37ef-4841-8e56-f06e41a4b708","D06","MCDI","MCDI.AOS.groundwater.well.005","MCDI.W5.20170627.RAW",,"2017-06-27T18:10Z","2017-06-27T18:10Z","EcoCore_CSU","ANC",5.3700,"milliequivalentsPerLiter",3.4,,0,"formatChange","GOOD"
"2459d02a-f747-4803-b15e-27c873bc7609","D06","MCDI","MCDI.AOS.groundwater.well.005","MCDI.W5.20170627.RAW",,"2017-06-27T18:10Z","2017-06-27T18:10Z","EcoCore_CSU","conductivity",652.7000,"microsiemensPerCentimeter",3.4,,0,"formatChange","GOOD"
"9142eefc-545a-45b3-a564-1bf252d6a811","D06","MCDI","MCDI.AOS.groundwater.well.005","MCDI.W5.20170627.FIL",,"2017-06-27T18:10Z","2017-06-27T18:10Z","EcoCore_CSU","SO4",25.1117,"milligramsPerLiter",3.4,,0,"formatChange","GOOD"
"82494c0b-a2a6-4724-a3d1-397d25922253","D06","MCDI","MCDI.AOS.groundwater.well.005","MCDI.W5.20170627.FIL",,"2017-06-27T18:10Z","2017-06-27T18:10Z","EcoCore_CSU","Ca",88.9040,"milligramsPerLiter",3.4,,0,"formatChange","GOOD"
"34729d58-b812-48b9-b832-522e9311ba3b","D06","MCDI","MCDI.AOS.groundwater.well.005","MCDI.W5.20170627.FIL",,"2017-06-27T18:10Z","2017-06-27T18:10Z","EcoCore_CSU","UV Absorbance (250 nm)",0.0177,,3.4,,0,"formatChange","GOOD"
"01d932e1-64bf-4c24-aa40-b1f0e65425ad","D06","MCDI","MCDI.AOS.groundwater.well.005","MCDI.W5.20170627.RAW",,"2017-06-27T18:10Z","2017-06-27T18:10Z","EcoCore_CSU","TOC",5.6750,"milligramsPerLiter",3.4,,0,"formatChange","GOOD"
"a6ca9363-e7ee-46c3-bc1b-34615166d305","D06","MCDI","MCDI.AOS.groundwater.well.005","MCDI.W5.20170627.FIL",,"2017-06-27T18:10Z","2017-06-27T18:10Z","EcoCore_CSU","NO2 - N",0.0050,"milligramsPerLiter",3.4,,0,"formatChange","GOOD"
"d38bd19f-6607-4c9e-ac2d-35b6704f308f","D06","MCDI","MCDI.AOS.groundwater.well.005","MCDI.W5.20170627.RAW",,"2017-06-27T18:10Z","2017-06-27T18:10Z","EcoCore_CSU","TN",0.8023,"milligramsPerLiter",3.4,,0,"formatChange","GOOD"
"9ec057c9-a4d5-41c3-8aad-7e163b710796","D06","MCDI","MCDI.AOS.groundwater.well.005","MCDI.W5.20170627.FIL",,"2017-06-27T18:10Z","2017-06-27T18:10Z","EcoCore_CSU","NH4 - N",0.0550,"milligramsPerLiter",3.4,,0,"formatChange","GOOD"
"17db4217-d37f-43a8-8114-8caae171c36d","D06","MCDI","MCDI.AOS.groundwater.well.005","MCDI.W5.20170627.FIL",,"2017-06-27T18:10Z","2017-06-27T18:10Z","EcoCore_CSU","Mn",0.0031,"milligramsPerLiter",3.4,,0,"formatChange","GOOD"
"c2b88dee-6e4c-4d8c-a038-34af3e082090","D06","MCDI","MCDI.AOS.groundwater.well.005","MCDI.W5.20170627.FIL",,"2017-06-27T18:10Z","2017-06-27T18:10Z","EcoCore_CSU","Si",7.0549,"milligramsPerLiter",3.4,,0,"formatChange","GOOD"
"2bb75b62-99ec-4d5d-96c6-119f9168676f","D06","MCDI","MCDI.AOS.groundwater.well.005","MCDI.W5.20170627.FIL",,"2017-06-27T18:10Z","2017-06-27T18:10Z","EcoCore_CSU","TDS",457.1000,"milligramsPerLiter",3.4,,0,"formatChange","GOOD"
"13177ffe-19db-4ce5-b06e-782b25d41ff3","D06","MCDI","MCDI.AOS.groundwater.well.005","MCDI.W5.20170627.RAW",,"2017-06-27T18:10Z","2017-06-27T18:10Z","EcoCore_CSU","TP",0.0420,"milligramsPerLiter",3.4,,0,"formatChange","GOOD"
"3511b7c5-f5a8-4c4c-8728-d1dde42049b7","D06","MCDI","MCDI.AOS.groundwater.well.005","MCDI.W5.20170627.FIL",,"2017-06-27T18:10Z","2017-06-27T18:10Z","EcoCore_CSU","F",0.3564,"milligramsPerLiter",3.4,,0,"formatChange","GOOD"
"9e6b8c95-ec72-43a5-ab6b-3ac72d4a4a4c","D06","MCDI","MCDI.AOS.groundwater.well.005","MCDI.W5.20170627.RAW",,"2017-06-27T18:10Z","2017-06-27T18:10Z","EcoCore_CSU","TSS",507.0000,"milligramsPerLiter",3.4,,0,"formatChange","GOOD"
"6bcfc94c-fc42-42ce-9d45-5f543c489213","D06","MCDI","MCDI.AOS.groundwater.well.005","MCDI.W5.20170627.FIL",,"2017-06-27T18:10Z","2017-06-27T18:10Z","EcoCore_CSU","DOC",1.0110,"milligramsPerLiter",3.4,,0,"formatChange","GOOD"
"40b5250f-7432-40bc-9078-541a941aa3e0","D06","MCDI","MCDI.AOS.groundwater.well.005","MCDI.W5.20170627.FIL",,"2017-06-27T18:10Z","2017-06-27T18:10Z","EcoCore_CSU","UV Absorbance (280 nm)",0.0073,,3.4,,0,"formatChange","GOOD"
"5af242ac-fe6c-4384-b157-2f33a1cf0039","D06","MCDI","MCDI.AOS.groundwater.well.005","MCDI.W5.20170627.FIL",,"2017-06-27T18:10Z","2017-06-27T18:10Z","EcoCore_CSU","CO3",0.0000,"milligramsPerLiter",3.4,,0,"formatChange","GOOD"
"fbf3f888-ce30-4d8e-8411-e8c6688e3438","D06","MCDI","MCDI.AOS.groundwater.well.005","MCDI.W5.20170627.PCN",,"2017-06-27T18:10Z","2017-06-27T18:10Z","EcoCore_CSU","TPC",0.5512,"milligram",3.4,,0,"formatChange","GOOD"
"7f98d53d-9221-4cb8-9eb8-41b46221aa9b","D06","MCDI","MCDI.AOS.groundwater.well.005","MCDI.W5.20170627.FIL",,"2017-06-27T18:10Z","2017-06-27T18:10Z","EcoCore_CSU","TDN",5.5720,"milligramsPerLiter",3.4,,0,"formatChange","GOOD"
"30a6432a-3111-45d6-9bfe-0aeff0fddffc","D06","MCDI","MCDI.AOS.groundwater.well.005","MCDI.W5.20170627.RAW",,"2017-06-27T18:10Z","2017-06-27T18:10Z","EcoCore_CSU","pH",7.7000,"pH",3.4,,0,"formatChange","GOOD"
"fdfda8fb-a9c3-48b6-a05f-719b11670918","D06","MCDI","MCDI.AOS.groundwater.well.005","MCDI.W5.20170627.RAW",,"2017-06-27T18:10Z","2017-06-27T18:10Z","EcoCore_CSU","TSS - Dry Mass",50700.0000,"microgram",3.4,,0,"formatChange","GOOD"
"690c2a63-d5a0-4722-a6f1-f8bb7bbab9b7","D06","MCDI","MCDI.AOS.groundwater.well.005","MCDI.W5.20170627.FIL",,"2017-06-27T18:10Z","2017-06-27T18:10Z","EcoCore_CSU","Br",0.0050,"milligramsPerLiter",3.4,,0,"formatChange","GOOD"
"9fe445ae-0274-448b-8ead-697bd67cf6c9","D06","MCDI","MCDI.AOS.groundwater.well.005","MCDI.W5.20170627.FIL",,"2017-06-27T18:10Z","2017-06-27T18:10Z","EcoCore_CSU","Ortho - P",0.0310,"milligramsPerLiter",3.4,,0,"formatChange","GOOD"
