uid,domainID,siteID,namedLocation,collectDate,titrationDate,parentSampleID,domainSampleID,remarks,measuredBy,alkMeqPerL,alkMgPerL,ancMeqPerL,ancMgPerL
"9577d4be-7526-4228-9728-2b54ba6acf21","D03","SUGG","SUGG.AOS.groundwater.well.004","2019-03-04T19:53Z","2019-03-05T12:42Z","SUGG.W4.20190304","SUGG.W4.20190304.ALK",,"kross@battelleecology.org",0.160,7.940,,
"1822dee5-7c46-4539-bac4-29675a44c074","D03","SUGG","SUGG.AOS.groundwater.well.005","2019-03-06T15:48Z","2019-03-06T23:02Z","SUGG.W5.20190306","SUGG.W5.20190306.ALK",,"kross@battelleecology.org",0.130,6.460,,
"fc26c86f-c313-4256-82e1-347271c39cd8","D03","SUGG","SUGG.AOS.groundwater.well.006","2019-03-06T18:28Z","2019-03-06T23:44Z","SUGG.W6.20190306","SUGG.W6.20190306.ALK",,"kross@battelleecology.org",1.300,65.200,,
"c2ad878e-76c0-4cef-b620-4de33518aff5","D03","SUGG","SUGG.AOS.groundwater.well.008","2019-03-06T20:11Z","2019-03-06T23:26Z","SUGG.W8.20190306","SUGG.W8.20190306.ALK",,"kross@battelleecology.org",0.070,3.430,,
