uid,domainID,siteID,namedLocation,sampleID,sampleCode,startDate,collectDate,laboratoryName,analyte,analyteConcentration,analyteUnits,coolerTemp,remarks,shipmentWarmQF,externalLabDataQF,sampleCondition
"377b2b2e-f741-42a7-b252-d95a1adf2b08","D03","SUGG","SUGG.AOS.groundwater.well.004","SUGG.W4.20190304.FIL","A00000037158","2019-03-04T19:53Z","2019-03-04T19:53Z","EcoCore_CSU","Br",0.0050,"milligramsPerLiter",-0.1,,0,"formatChange","GOOD"
"0dab7881-524a-4687-bdd7-be03d5fb5ed3","D03","SUGG","SUGG.AOS.groundwater.well.004","SUGG.W4.20190304.RAW","A00000037159","2019-03-04T19:53Z","2019-03-04T19:53Z","EcoCore_CSU","conductivity",35.6200,"microsiemensPerCentimeter",-0.1,,0,"formatChange","GOOD"
"19bd640b-9f88-489b-bd5f-660b8005d3af","D03","SUGG","SUGG.AOS.groundwater.well.004","SUGG.W4.20190304.RAW","A00000037159","2019-03-04T19:53Z","2019-03-04T19:53Z","EcoCore_CSU","TOC",0.3405,"milligramsPerLiter",-0.1,,0,"formatChange","GOOD"
"f2c251ee-cb02-4b4b-8e53-57dfff21699f","D03","SUGG","SUGG.AOS.groundwater.well.004","SUGG.W4.20190304.FIL","A00000037158","2019-03-04T19:53Z","2019-03-04T19:53Z","EcoCore_CSU","Si",1.7998,"milligramsPerLiter",-0.1,,0,"formatChange","GOOD"
"aa5f4485-de04-4038-aa6c-595182957444","D03","SUGG","SUGG.AOS.groundwater.well.004","SUGG.W4.20190304.FIL","A00000037158","2019-03-04T19:53Z","2019-03-04T19:53Z","EcoCore_CSU","SO4",2.2770,"milligramsPerLiter",-0.1,,0,"formatChange","GOOD"
"f9386f30-9213-4967-be54-a92e45329d06","D03","SUGG","SUGG.AOS.groundwater.well.004","SUGG.W4.20190304.PCN","A00000037193","2019-03-04T19:53Z","2019-03-04T19:53Z","EcoCore_CSU","TPC",0.2939,"milligram",-0.1,,0,"formatChange","GOOD"
"81e19d33-0f3d-4bca-a2fd-915a2db46e22","D03","SUGG","SUGG.AOS.groundwater.well.004","SUGG.W4.20190304.FIL","A00000037158","2019-03-04T19:53Z","2019-03-04T19:53Z","EcoCore_CSU","Mn",0.0120,"milligramsPerLiter",-0.1,,0,"formatChange","GOOD"
"7dc72415-9eb0-4bdd-b4b1-eb1ff2077945","D03","SUGG","SUGG.AOS.groundwater.well.004","SUGG.W4.20190304.RAW","A00000037159","2019-03-04T19:53Z","2019-03-04T19:53Z","EcoCore_CSU","TSS",46.0000,"milligramsPerLiter",-0.1,,0,"formatChange","GOOD"
"1be06e1b-5020-41d2-9dd5-761f546e763b","D03","SUGG","SUGG.AOS.groundwater.well.004","SUGG.W4.20190304.RAW","A00000037159","2019-03-04T19:53Z","2019-03-04T19:53Z","EcoCore_CSU","TSS - Dry Mass",2300.0000,"microgram",-0.1,,0,"formatChange","GOOD"
"d54ed302-a2c1-4b70-a5f5-5f19efdb8493","D03","SUGG","SUGG.AOS.groundwater.well.004","SUGG.W4.20190304.PCN","A00000037193","2019-03-04T19:53Z","2019-03-04T19:53Z","EcoCore_CSU","TPN",0.0903,"milligram",-0.1,,0,"formatChange","GOOD"
"0927cee7-3a82-4b1d-b771-c807a5697a73","D03","SUGG","SUGG.AOS.groundwater.well.004","SUGG.W4.20190304.RAW","A00000037159","2019-03-04T19:53Z","2019-03-04T19:53Z","EcoCore_CSU","TP",5.5740,"milligramsPerLiter",-0.1,,0,"formatChange","GOOD"
"90f529b3-65dd-4c3f-8c6b-81c0fbbc6fca","D03","SUGG","SUGG.AOS.groundwater.well.004","SUGG.W4.20190304.FIL","A00000037158","2019-03-04T19:53Z","2019-03-04T19:53Z","EcoCore_CSU","NO2 - N",0.0398,"milligramsPerLiter",-0.1,,0,"formatChange","GOOD"
"f0ca8ee0-8c40-470f-ba1a-483727c80ac1","D03","SUGG","SUGG.AOS.groundwater.well.004","SUGG.W4.20190304.FIL","A00000037158","2019-03-04T19:53Z","2019-03-04T19:53Z","EcoCore_CSU","UV Absorbance (280 nm)",0.0544,,-0.1,,0,"formatChange","GOOD"
"247af4ce-7369-49d5-8742-e971caf5fa16","D03","SUGG","SUGG.AOS.groundwater.well.004","SUGG.W4.20190304.FIL","A00000037158","2019-03-04T19:53Z","2019-03-04T19:53Z","EcoCore_CSU","Fe",0.6983,"milligramsPerLiter",-0.1,,0,"formatChange","GOOD"
"8c312bd4-29b2-4aa7-88b5-6dbb614ecee7","D03","SUGG","SUGG.AOS.groundwater.well.004","SUGG.W4.20190304.FIL","A00000037158","2019-03-04T19:53Z","2019-03-04T19:53Z","EcoCore_CSU","Cl",10.1624,"milligramsPerLiter",-0.1,,0,"formatChange","GOOD"
"fd5bcbc3-c40e-413e-9341-02539450d319","D03","SUGG","SUGG.AOS.groundwater.well.004","SUGG.W4.20190304.FIL","A00000037158","2019-03-04T19:53Z","2019-03-04T19:53Z","EcoCore_CSU","Ortho - P",1.1310,"milligramsPerLiter",-0.1,,0,"formatChange","GOOD"
"33605190-016e-4e51-9516-fab019dbf160","D03","SUGG","SUGG.AOS.groundwater.well.004","SUGG.W4.20190304.FIL","A00000037158","2019-03-04T19:53Z","2019-03-04T19:53Z","EcoCore_CSU","NH4 - N",0.0889,"milligramsPerLiter",-0.1,,0,"formatChange","GOOD"
"6a49bae4-0135-4afe-82b4-06f76d7bd0b8","D03","SUGG","SUGG.AOS.groundwater.well.004","SUGG.W4.20190304.FIL","A00000037158","2019-03-04T19:53Z","2019-03-04T19:53Z","EcoCore_CSU","Na",2.6470,"milligramsPerLiter",-0.1,,0,"formatChange","GOOD"
"eb617218-bf25-4c1c-9d57-4549c9dd152a","D03","SUGG","SUGG.AOS.groundwater.well.004","SUGG.W4.20190304.FIL","A00000037158","2019-03-04T19:53Z","2019-03-04T19:53Z","EcoCore_CSU","K",1.0340,"milligramsPerLiter",-0.1,,0,"formatChange","GOOD"
"fa11f9ff-e955-4d11-9b32-905c1057e51a","D03","SUGG","SUGG.AOS.groundwater.well.004","SUGG.W4.20190304.FIL","A00000037158","2019-03-04T19:53Z","2019-03-04T19:53Z","EcoCore_CSU","DOC",0.2827,"milligramsPerLiter",-0.1,,0,"formatChange","GOOD"
"1c1766e8-74f3-4924-9ff6-982aa05408a1","D03","SUGG","SUGG.AOS.groundwater.well.004","SUGG.W4.20190304.RAW","A00000037159","2019-03-04T19:53Z","2019-03-04T19:53Z","EcoCore_CSU","TN",0.0668,"milligramsPerLiter",-0.1,,0,"formatChange","GOOD"
"74bfdeab-a5ec-4ee4-9a89-312372d28d2d","D03","SUGG","SUGG.AOS.groundwater.well.004","SUGG.W4.20190304.FIL","A00000037158","2019-03-04T19:53Z","2019-03-04T19:53Z","EcoCore_CSU","TDP",0.1367,"milligramsPerLiter",-0.1,,0,"formatChange","GOOD"
"0d45cfbe-43aa-441e-aba9-9bafead25ef2","D03","SUGG","SUGG.AOS.groundwater.well.004","SUGG.W4.20190304.FIL","A00000037158","2019-03-04T19:53Z","2019-03-04T19:53Z","EcoCore_CSU","Mg",1.2540,"milligramsPerLiter",-0.1,,0,"formatChange","GOOD"
"36a6218f-369d-434e-bb9a-80c4952572b9","D03","SUGG","SUGG.AOS.groundwater.well.004","SUGG.W4.20190304.RAW","A00000037159","2019-03-04T19:53Z","2019-03-04T19:53Z","EcoCore_CSU","ANC",0.0500,"milliequivalentsPerLiter",-0.1,,0,"formatChange","GOOD"
"b58f982d-e1cd-457a-8316-ad877c560d46","D03","SUGG","SUGG.AOS.groundwater.well.004","SUGG.W4.20190304.FIL","A00000037158","2019-03-04T19:53Z","2019-03-04T19:53Z","EcoCore_CSU","TDS",25.1400,"milligramsPerLiter",-0.1,,0,"formatChange","GOOD"
"a944d658-50da-43b6-bddc-03efac568ed1","D03","SUGG","SUGG.AOS.groundwater.well.004","SUGG.W4.20190304.FIL","A00000037158","2019-03-04T19:53Z","2019-03-04T19:53Z","EcoCore_CSU","Ca",1.9400,"milligramsPerLiter",-0.1,,0,"formatChange","GOOD"
"d2d9c93e-99b2-461c-b427-dff25e02eff2","D03","SUGG","SUGG.AOS.groundwater.well.004","SUGG.W4.20190304.FIL","A00000037158","2019-03-04T19:53Z","2019-03-04T19:53Z","EcoCore_CSU","CO3",0.0050,"milligramsPerLiter",-0.1,,0,"formatChange","GOOD"
"93a7be47-37a5-4b5b-969a-f88008d94343","D03","SUGG","SUGG.AOS.groundwater.well.004","SUGG.W4.20190304.FIL","A00000037158","2019-03-04T19:53Z","2019-03-04T19:53Z","EcoCore_CSU","UV Absorbance (250 nm)",0.0609,,-0.1,,0,"formatChange","GOOD"
"9f6b762c-8919-47b4-8aa2-fd07b3db22e3","D03","SUGG","SUGG.AOS.groundwater.well.004","SUGG.W4.20190304.FIL","A00000037158","2019-03-04T19:53Z","2019-03-04T19:53Z","EcoCore_CSU","TDN",0.0343,"milligramsPerLiter",-0.1,,0,"formatChange","GOOD"
"21c9aebb-760c-4512-8b73-b25dceb36ad1","D03","SUGG","SUGG.AOS.groundwater.well.004","SUGG.W4.20190304.FIL","A00000037158","2019-03-04T19:53Z","2019-03-04T19:53Z","EcoCore_CSU","HCO3",0.3100,"milligramsPerLiter",-0.1,,0,"formatChange","GOOD"
"6cafb667-db70-4b26-8644-d8dfa5d697c3","D03","SUGG","SUGG.AOS.groundwater.well.004","SUGG.W4.20190304.RAW","A00000037159","2019-03-04T19:53Z","2019-03-04T19:53Z","EcoCore_CSU","pH",6.0100,"pH",-0.1,,0,"formatChange","GOOD"
"81b8d354-f41f-4d24-bbfa-9a3b2288fb98","D03","SUGG","SUGG.AOS.groundwater.well.004","SUGG.W4.20190304.FIL","A00000037158","2019-03-04T19:53Z","2019-03-04T19:53Z","EcoCore_CSU","DIC",4.7040,"milligramsPerLiter",-0.1,,0,"formatChange","GOOD"
"064f8c99-87cd-4632-90a5-03c4d078226f","D03","SUGG","SUGG.AOS.groundwater.well.004","SUGG.W4.20190304.FIL","A00000037158","2019-03-04T19:53Z","2019-03-04T19:53Z","EcoCore_CSU","NO3+NO2 - N",-0.0370,"milligramsPerLiter",-0.1,,0,"formatChange","GOOD"
"bd85c7a3-80fe-4762-8831-ae5eb9bf4dfe","D03","SUGG","SUGG.AOS.groundwater.well.004","SUGG.W4.20190304.FIL","A00000037158","2019-03-04T19:53Z","2019-03-04T19:53Z","EcoCore_CSU","F",0.0050,"milligramsPerLiter",-0.1,,0,"formatChange","GOOD"
"d7b501b2-eb0a-472f-a77a-2d6b2d631fa6","D03","SUGG","SUGG.AOS.groundwater.well.005","SUGG.W5.20190306.FIL","A00000037162","2019-03-06T15:48Z","2019-03-06T15:48Z","EcoCore_CSU","Fe",0.0063,"milligramsPerLiter",2.2,,0,"formatChange","GOOD"
"0034108f-d3e5-4efa-a9a0-cb0ca50aa6c6","D03","SUGG","SUGG.AOS.groundwater.well.005","SUGG.W5.20190306.FIL","A00000037162","2019-03-06T15:48Z","2019-03-06T15:48Z","EcoCore_CSU","DOC",0.2626,"milligramsPerLiter",2.2,,0,"formatChange","GOOD"
"e2975751-cf15-402c-8479-1869eaebd7e2","D03","SUGG","SUGG.AOS.groundwater.well.005","SUGG.W5.20190306.RAW","A00000037161","2019-03-06T15:48Z","2019-03-06T15:48Z","EcoCore_CSU","pH",6.1900,"pH",2.2,,0,"formatChange","GOOD"
"617ed121-c520-430e-8bff-ab0033e1bf60","D03","SUGG","SUGG.AOS.groundwater.well.005","SUGG.W5.20190306.RAW","A00000037161","2019-03-06T15:48Z","2019-03-06T15:48Z","EcoCore_CSU","conductivity",34.6100,"microsiemensPerCentimeter",2.2,,0,"formatChange","GOOD"
"07c73e8d-9c0f-425f-969e-b732b022c6ed","D03","SUGG","SUGG.AOS.groundwater.well.005","SUGG.W5.20190306.FIL","A00000037162","2019-03-06T15:48Z","2019-03-06T15:48Z","EcoCore_CSU","UV Absorbance (280 nm)",0.0083,,2.2,,0,"formatChange","GOOD"
"c256d9a4-8619-438b-8498-c40ec33176be","D03","SUGG","SUGG.AOS.groundwater.well.005","SUGG.W5.20190306.FIL","A00000037162","2019-03-06T15:48Z","2019-03-06T15:48Z","EcoCore_CSU","NO3+NO2 - N",-0.0300,"milligramsPerLiter",2.2,,0,"formatChange","GOOD"
"8d6319d0-6088-401f-afba-211c4ec20115","D03","SUGG","SUGG.AOS.groundwater.well.005","SUGG.W5.20190306.PCN","A00000037173","2019-03-06T15:48Z","2019-03-06T15:48Z","EcoCore_CSU","TPN",0.1131,"milligram",2.2,,0,"formatChange","GOOD"
"41c7b88d-dc05-41c8-958b-6ca775d086f6","D03","SUGG","SUGG.AOS.groundwater.well.005","SUGG.W5.20190306.FIL","A00000037162","2019-03-06T15:48Z","2019-03-06T15:48Z","EcoCore_CSU","NO2 - N",0.0394,"milligramsPerLiter",2.2,,0,"formatChange","GOOD"
"722a9732-be22-44cd-a30f-16dc455926cf","D03","SUGG","SUGG.AOS.groundwater.well.005","SUGG.W5.20190306.FIL","A00000037162","2019-03-06T15:48Z","2019-03-06T15:48Z","EcoCore_CSU","HCO3",6.6200,"milligramsPerLiter",2.2,,0,"formatChange","GOOD"
"8d0112b6-44dd-42c6-b05d-bf1b110b4713","D03","SUGG","SUGG.AOS.groundwater.well.005","SUGG.W5.20190306.FIL","A00000037162","2019-03-06T15:48Z","2019-03-06T15:48Z","EcoCore_CSU","TDP",0.9981,"milligramsPerLiter",2.2,,0,"formatChange","GOOD"
"4f85abbf-32f8-4c40-8263-093990c01053","D03","SUGG","SUGG.AOS.groundwater.well.005","SUGG.W5.20190306.RAW","A00000037161","2019-03-06T15:48Z","2019-03-06T15:48Z","EcoCore_CSU","ANC",0.1400,"milliequivalentsPerLiter",2.2,,0,"formatChange","GOOD"
"43ef74c9-70bf-4105-9bed-4624231abe06","D03","SUGG","SUGG.AOS.groundwater.well.005","SUGG.W5.20190306.FIL","A00000037162","2019-03-06T15:48Z","2019-03-06T15:48Z","EcoCore_CSU","DIC",3.5260,"milligramsPerLiter",2.2,,0,"formatChange","GOOD"
"a10adde0-34c7-4bcc-b98a-6bf624b764b7","D03","SUGG","SUGG.AOS.groundwater.well.005","SUGG.W5.20190306.FIL","A00000037162","2019-03-06T15:48Z","2019-03-06T15:48Z","EcoCore_CSU","Br",0.0050,"milligramsPerLiter",2.2,,0,"formatChange","GOOD"
"32293698-dd03-44cf-8636-a5f02d9c49db","D03","SUGG","SUGG.AOS.groundwater.well.005","SUGG.W5.20190306.FIL","A00000037162","2019-03-06T15:48Z","2019-03-06T15:48Z","EcoCore_CSU","K",0.1550,"milligramsPerLiter",2.2,,0,"formatChange","GOOD"
"0a962697-4ed8-4a51-bb8d-c6084bd2fd88","D03","SUGG","SUGG.AOS.groundwater.well.005","SUGG.W5.20190306.RAW","A00000037161","2019-03-06T15:48Z","2019-03-06T15:48Z","EcoCore_CSU","TP",3.9580,"milligramsPerLiter",2.2,,0,"formatChange","GOOD"
"b0072891-a4af-4765-a20e-95465216b6dd","D03","SUGG","SUGG.AOS.groundwater.well.005","SUGG.W5.20190306.FIL","A00000037162","2019-03-06T15:48Z","2019-03-06T15:48Z","EcoCore_CSU","TDN",0.0231,"milligramsPerLiter",2.2,,0,"formatChange","GOOD"
"056529b4-b105-43a3-ba3b-ec2bcb020a99","D03","SUGG","SUGG.AOS.groundwater.well.005","SUGG.W5.20190306.FIL","A00000037162","2019-03-06T15:48Z","2019-03-06T15:48Z","EcoCore_CSU","CO3",0.0050,"milligramsPerLiter",2.2,,0,"formatChange","GOOD"
"6608455c-f7dc-417f-b436-988b8ff405a9","D03","SUGG","SUGG.AOS.groundwater.well.005","SUGG.W5.20190306.FIL","A00000037162","2019-03-06T15:48Z","2019-03-06T15:48Z","EcoCore_CSU","Mg",0.4740,"milligramsPerLiter",2.2,,0,"formatChange","GOOD"
"e650d8f3-40ae-4313-973c-f21a2e2909b9","D03","SUGG","SUGG.AOS.groundwater.well.005","SUGG.W5.20190306.PCN","A00000037173","2019-03-06T15:48Z","2019-03-06T15:48Z","EcoCore_CSU","TPC",0.2360,"milligram",2.2,,0,"formatChange","GOOD"
"92caf3d9-7176-4581-8ec5-cdb4704af1a1","D03","SUGG","SUGG.AOS.groundwater.well.005","SUGG.W5.20190306.RAW","A00000037161","2019-03-06T15:48Z","2019-03-06T15:48Z","EcoCore_CSU","TSS",14.0000,"milligramsPerLiter",2.2,,0,"formatChange","GOOD"
"5a85bbed-dc75-4053-95a6-97c5c20650f1","D03","SUGG","SUGG.AOS.groundwater.well.005","SUGG.W5.20190306.FIL","A00000037162","2019-03-06T15:48Z","2019-03-06T15:48Z","EcoCore_CSU","Ca",4.4392,"milligramsPerLiter",2.2,,0,"formatChange","GOOD"
"82a56bdd-9eae-4718-b4ae-5bd9b9d0a3cb","D03","SUGG","SUGG.AOS.groundwater.well.005","SUGG.W5.20190306.FIL","A00000037162","2019-03-06T15:48Z","2019-03-06T15:48Z","EcoCore_CSU","Cl",6.9391,"milligramsPerLiter",2.2,,0,"formatChange","GOOD"
"01dab821-6536-4630-8ef4-e0c200d5ee78","D03","SUGG","SUGG.AOS.groundwater.well.005","SUGG.W5.20190306.RAW","A00000037161","2019-03-06T15:48Z","2019-03-06T15:48Z","EcoCore_CSU","TSS - Dry Mass",700.0000,"microgram",2.2,,0,"formatChange","GOOD"
"a7fb03bc-c100-4b83-af5e-a6442671ac8a","D03","SUGG","SUGG.AOS.groundwater.well.005","SUGG.W5.20190306.FIL","A00000037162","2019-03-06T15:48Z","2019-03-06T15:48Z","EcoCore_CSU","NH4 - N",0.0873,"milligramsPerLiter",2.2,,0,"formatChange","GOOD"
"7866b224-9ceb-4589-80c2-ef4f9ac6ce01","D03","SUGG","SUGG.AOS.groundwater.well.005","SUGG.W5.20190306.FIL","A00000037162","2019-03-06T15:48Z","2019-03-06T15:48Z","EcoCore_CSU","SO4",0.6390,"milligramsPerLiter",2.2,,0,"formatChange","GOOD"
"1906e14e-4b81-4b74-add6-a8458c6ca780","D03","SUGG","SUGG.AOS.groundwater.well.005","SUGG.W5.20190306.FIL","A00000037162","2019-03-06T15:48Z","2019-03-06T15:48Z","EcoCore_CSU","TDS",23.6900,"milligramsPerLiter",2.2,,0,"formatChange","GOOD"
"c942f906-e589-4c6a-b0a9-2064b5994449","D03","SUGG","SUGG.AOS.groundwater.well.005","SUGG.W5.20190306.FIL","A00000037162","2019-03-06T15:48Z","2019-03-06T15:48Z","EcoCore_CSU","Ortho - P",1.0990,"milligramsPerLiter",2.2,,0,"formatChange","GOOD"
"86407731-fa8b-4f27-87de-861fd3a49742","D03","SUGG","SUGG.AOS.groundwater.well.005","SUGG.W5.20190306.FIL","A00000037162","2019-03-06T15:48Z","2019-03-06T15:48Z","EcoCore_CSU","Mn",0.0020,"milligramsPerLiter",2.2,,0,"formatChange","GOOD"
"39d54edc-e674-4f35-a87c-9fabbb08fb2d","D03","SUGG","SUGG.AOS.groundwater.well.005","SUGG.W5.20190306.FIL","A00000037162","2019-03-06T15:48Z","2019-03-06T15:48Z","EcoCore_CSU","F",0.2514,"milligramsPerLiter",2.2,,0,"formatChange","GOOD"
"7d84035f-d325-43b8-87e0-227933746598","D03","SUGG","SUGG.AOS.groundwater.well.005","SUGG.W5.20190306.FIL","A00000037162","2019-03-06T15:48Z","2019-03-06T15:48Z","EcoCore_CSU","UV Absorbance (250 nm)",0.0189,,2.2,,0,"formatChange","GOOD"
"34a1a6ca-a896-4786-9165-c91fa66c1efa","D03","SUGG","SUGG.AOS.groundwater.well.005","SUGG.W5.20190306.FIL","A00000037162","2019-03-06T15:48Z","2019-03-06T15:48Z","EcoCore_CSU","Na",1.5500,"milligramsPerLiter",2.2,,0,"formatChange","GOOD"
"1904d4b7-b77b-4067-a6dd-7af6b3da4037","D03","SUGG","SUGG.AOS.groundwater.well.005","SUGG.W5.20190306.FIL","A00000037162","2019-03-06T15:48Z","2019-03-06T15:48Z","EcoCore_CSU","Si",3.4907,"milligramsPerLiter",2.2,,0,"formatChange","GOOD"
"be834ea4-5899-4fc1-a442-d331063a3864","D03","SUGG","SUGG.AOS.groundwater.well.005","SUGG.W5.20190306.RAW","A00000037161","2019-03-06T15:48Z","2019-03-06T15:48Z","EcoCore_CSU","TN",0.0502,"milligramsPerLiter",2.2,,0,"formatChange","GOOD"
"b24d604a-dab0-4004-aa62-bd74a46b7094","D03","SUGG","SUGG.AOS.groundwater.well.005","SUGG.W5.20190306.RAW","A00000037161","2019-03-06T15:48Z","2019-03-06T15:48Z","EcoCore_CSU","TOC",0.3581,"milligramsPerLiter",2.2,,0,"formatChange","GOOD"
"d498c1c6-de36-467a-b94f-289107413cf6","D03","SUGG","SUGG.AOS.groundwater.well.006","SUGG.W6.20190306.FIL","A00000037171","2019-03-06T18:28Z","2019-03-06T18:28Z","EcoCore_CSU","F",0.8989,"milligramsPerLiter",2.2,,0,"formatChange","GOOD"
"5f541771-f270-477e-b8b6-21be78a9ace5","D03","SUGG","SUGG.AOS.groundwater.well.006","SUGG.W6.20190306.FIL","A00000037171","2019-03-06T18:28Z","2019-03-06T18:28Z","EcoCore_CSU","UV Absorbance (280 nm)",0.0095,,2.2,,0,"formatChange","GOOD"
"f90b2f67-2bfb-435e-bcc5-3fb66740071f","D03","SUGG","SUGG.AOS.groundwater.well.006","SUGG.W6.20190306.FIL","A00000037171","2019-03-06T18:28Z","2019-03-06T18:28Z","EcoCore_CSU","Fe",0.0005,"milligramsPerLiter",2.2,,0,"formatChange","GOOD"
"bf4541a2-854b-4bcf-9f8b-92d614a61ad7","D03","SUGG","SUGG.AOS.groundwater.well.006","SUGG.W6.20190306.RAW","A00000037172","2019-03-06T18:28Z","2019-03-06T18:28Z","EcoCore_CSU","pH",7.7900,"pH",2.2,,0,"formatChange","GOOD"
"94e6a64c-4607-4f43-8da6-c4dcefdac27d","D03","SUGG","SUGG.AOS.groundwater.well.006","SUGG.W6.20190306.FIL","A00000037171","2019-03-06T18:28Z","2019-03-06T18:28Z","EcoCore_CSU","DOC",0.4252,"milligramsPerLiter",2.2,,0,"formatChange","GOOD"
"9605bf10-60fc-4fad-bd56-c4e633de7b6f","D03","SUGG","SUGG.AOS.groundwater.well.006","SUGG.W6.20190306.RAW","A00000037172","2019-03-06T18:28Z","2019-03-06T18:28Z","EcoCore_CSU","conductivity",235.4700,"microsiemensPerCentimeter",2.2,,0,"formatChange","GOOD"
"62e716d6-e095-46a4-a1db-272ee133e998","D03","SUGG","SUGG.AOS.groundwater.well.006","SUGG.W6.20190306.FIL","A00000037171","2019-03-06T18:28Z","2019-03-06T18:28Z","EcoCore_CSU","TDP",0.3416,"milligramsPerLiter",2.2,,0,"formatChange","GOOD"
"336b3146-6f61-48cf-a379-b44d858ab87a","D03","SUGG","SUGG.AOS.groundwater.well.006","SUGG.W6.20190306.FIL","A00000037171","2019-03-06T18:28Z","2019-03-06T18:28Z","EcoCore_CSU","Mn",0.0005,"milligramsPerLiter",2.2,,0,"formatChange","GOOD"
"7254bf19-622b-4bb0-9e60-324174a553a3","D03","SUGG","SUGG.AOS.groundwater.well.006","SUGG.W6.20190306.FIL","A00000037171","2019-03-06T18:28Z","2019-03-06T18:28Z","EcoCore_CSU","Cl",9.9794,"milligramsPerLiter",2.2,,0,"formatChange","GOOD"
"47e706d4-335f-4882-bfea-a3ca28a2ea8d","D03","SUGG","SUGG.AOS.groundwater.well.006","SUGG.W6.20190306.RAW","A00000037172","2019-03-06T18:28Z","2019-03-06T18:28Z","EcoCore_CSU","TOC",0.9739,"milligramsPerLiter",2.2,,0,"formatChange","GOOD"
"950a68aa-3e2e-4388-b918-0a6a224cd14f","D03","SUGG","SUGG.AOS.groundwater.well.006","SUGG.W6.20190306.FIL","A00000037171","2019-03-06T18:28Z","2019-03-06T18:28Z","EcoCore_CSU","TDS",163.5800,"milligramsPerLiter",2.2,,0,"formatChange","GOOD"
"f84b07d5-8d7d-4e24-8d09-15aa183e7742","D03","SUGG","SUGG.AOS.groundwater.well.006","SUGG.W6.20190306.FIL","A00000037171","2019-03-06T18:28Z","2019-03-06T18:28Z","EcoCore_CSU","Na",4.5740,"milligramsPerLiter",2.2,,0,"formatChange","GOOD"
"e30e38bc-4af7-4e22-9256-c8e95f32081d","D03","SUGG","SUGG.AOS.groundwater.well.006","SUGG.W6.20190306.FIL","A00000037171","2019-03-06T18:28Z","2019-03-06T18:28Z","EcoCore_CSU","NO2 - N",0.0394,"milligramsPerLiter",2.2,,0,"formatChange","GOOD"
"7a461be0-1ec6-4c45-b16f-f6d37e1ed8f7","D03","SUGG","SUGG.AOS.groundwater.well.006","SUGG.W6.20190306.FIL","A00000037171","2019-03-06T18:28Z","2019-03-06T18:28Z","EcoCore_CSU","HCO3",123.4700,"milligramsPerLiter",2.2,,0,"formatChange","GOOD"
"ca0bb0e1-4085-4b8a-bbbc-91e1d90311d1","D03","SUGG","SUGG.AOS.groundwater.well.006","SUGG.W6.20190306.FIL","A00000037171","2019-03-06T18:28Z","2019-03-06T18:28Z","EcoCore_CSU","Ortho - P",0.3180,"milligramsPerLiter",2.2,,0,"formatChange","GOOD"
"549a8d5e-b079-42f0-8443-d1d85a239056","D03","SUGG","SUGG.AOS.groundwater.well.006","SUGG.W6.20190306.FIL","A00000037171","2019-03-06T18:28Z","2019-03-06T18:28Z","EcoCore_CSU","DIC",26.8000,"milligramsPerLiter",2.2,,0,"formatChange","GOOD"
"23e6b771-d3ec-4c99-ac6b-c4f9339559b4","D03","SUGG","SUGG.AOS.groundwater.well.006","SUGG.W6.20190306.FIL","A00000037171","2019-03-06T18:28Z","2019-03-06T18:28Z","EcoCore_CSU","Ca",25.5674,"milligramsPerLiter",2.2,,0,"formatChange","GOOD"
"4b6897b3-6ff2-4d91-9751-d428b45a8dcb","D03","SUGG","SUGG.AOS.groundwater.well.006","SUGG.W6.20190306.FIL","A00000037171","2019-03-06T18:28Z","2019-03-06T18:28Z","EcoCore_CSU","NH4 - N",0.0710,"milligramsPerLiter",2.2,,0,"formatChange","GOOD"
"2b958fb6-b024-4308-938a-217ed28176a1","D03","SUGG","SUGG.AOS.groundwater.well.006","SUGG.W6.20190306.FIL","A00000037171","2019-03-06T18:28Z","2019-03-06T18:28Z","EcoCore_CSU","TDN",0.0122,"milligramsPerLiter",2.2,,0,"formatChange","GOOD"
"5679f72b-5559-485a-bd4d-76bb2f673cd8","D03","SUGG","SUGG.AOS.groundwater.well.006","SUGG.W6.20190306.PCN","A00000037169","2019-03-06T18:28Z","2019-03-06T18:28Z","EcoCore_CSU","TPN",0.0788,"milligram",2.2,,0,"formatChange","GOOD"
"0dd9a1ab-9960-4039-9fe8-2d1bc4455fc9","D03","SUGG","SUGG.AOS.groundwater.well.006","SUGG.W6.20190306.FIL","A00000037171","2019-03-06T18:28Z","2019-03-06T18:28Z","EcoCore_CSU","Br",0.0050,"milligramsPerLiter",2.2,,0,"formatChange","GOOD"
"9ce7ce4d-a39e-4ea3-868f-35c93e49f59a","D03","SUGG","SUGG.AOS.groundwater.well.006","SUGG.W6.20190306.RAW","A00000037172","2019-03-06T18:28Z","2019-03-06T18:28Z","EcoCore_CSU","TP",4.6360,"milligramsPerLiter",2.2,,0,"formatChange","GOOD"
"2a3ac0cf-e5a0-4d80-8968-1250242b251e","D03","SUGG","SUGG.AOS.groundwater.well.006","SUGG.W6.20190306.FIL","A00000037171","2019-03-06T18:28Z","2019-03-06T18:28Z","EcoCore_CSU","NO3+NO2 - N",-0.0706,"milligramsPerLiter",2.2,,0,"formatChange","GOOD"
"60980dc4-b88c-4f8a-aa49-41b51df4896e","D03","SUGG","SUGG.AOS.groundwater.well.006","SUGG.W6.20190306.RAW","A00000037172","2019-03-06T18:28Z","2019-03-06T18:28Z","EcoCore_CSU","TSS",82.0000,"milligramsPerLiter",2.2,,0,"formatChange","GOOD"
"4fe76b56-ff0a-482c-a8a9-80eb60b047db","D03","SUGG","SUGG.AOS.groundwater.well.006","SUGG.W6.20190306.FIL","A00000037171","2019-03-06T18:28Z","2019-03-06T18:28Z","EcoCore_CSU","K",0.1350,"milligramsPerLiter",2.2,,0,"formatChange","GOOD"
"d8ae2397-2d80-4763-9ff9-d3cd9192666a","D03","SUGG","SUGG.AOS.groundwater.well.006","SUGG.W6.20190306.FIL","A00000037171","2019-03-06T18:28Z","2019-03-06T18:28Z","EcoCore_CSU","SO4",0.8880,"milligramsPerLiter",2.2,,0,"formatChange","GOOD"
"f3ab196e-35c1-4325-8346-e55ca1262174","D03","SUGG","SUGG.AOS.groundwater.well.006","SUGG.W6.20190306.FIL","A00000037171","2019-03-06T18:28Z","2019-03-06T18:28Z","EcoCore_CSU","Si",3.5964,"milligramsPerLiter",2.2,,0,"formatChange","GOOD"
"498c778d-2267-41d1-a576-ea405bac82cd","D03","SUGG","SUGG.AOS.groundwater.well.006","SUGG.W6.20190306.FIL","A00000037171","2019-03-06T18:28Z","2019-03-06T18:28Z","EcoCore_CSU","UV Absorbance (250 nm)",0.0151,,2.2,,0,"formatChange","GOOD"
"e5f17ffb-ed36-471d-b1ca-89b48c246a7d","D03","SUGG","SUGG.AOS.groundwater.well.006","SUGG.W6.20190306.RAW","A00000037172","2019-03-06T18:28Z","2019-03-06T18:28Z","EcoCore_CSU","TSS - Dry Mass",4100.0000,"microgram",2.2,,0,"formatChange","GOOD"
"d9db122a-e868-43e6-bf8a-521afce5f4ae","D03","SUGG","SUGG.AOS.groundwater.well.006","SUGG.W6.20190306.PCN","A00000037169","2019-03-06T18:28Z","2019-03-06T18:28Z","EcoCore_CSU","TPC",0.2382,"milligram",2.2,,0,"formatChange","GOOD"
"7acf42ed-2564-4904-bdfb-a0756b8974b1","D03","SUGG","SUGG.AOS.groundwater.well.006","SUGG.W6.20190306.RAW","A00000037172","2019-03-06T18:28Z","2019-03-06T18:28Z","EcoCore_CSU","TN",0.0538,"milligramsPerLiter",2.2,,0,"formatChange","GOOD"
"59f6f0c3-451a-4042-bf4f-8ef6f477939f","D03","SUGG","SUGG.AOS.groundwater.well.006","SUGG.W6.20190306.FIL","A00000037171","2019-03-06T18:28Z","2019-03-06T18:28Z","EcoCore_CSU","Mg",10.9900,"milligramsPerLiter",2.2,,0,"formatChange","GOOD"
"9cdc9f4f-a842-4381-9d5d-a83d51892f5c","D03","SUGG","SUGG.AOS.groundwater.well.006","SUGG.W6.20190306.RAW","A00000037172","2019-03-06T18:28Z","2019-03-06T18:28Z","EcoCore_CSU","ANC",2.5700,"milliequivalentsPerLiter",2.2,,0,"formatChange","GOOD"
"e3aa0e00-35d3-44b7-a37c-bdc7240995a5","D03","SUGG","SUGG.AOS.groundwater.well.006","SUGG.W6.20190306.FIL","A00000037171","2019-03-06T18:28Z","2019-03-06T18:28Z","EcoCore_CSU","CO3",0.0050,"milligramsPerLiter",2.2,,0,"formatChange","GOOD"
"b4096655-58d2-403c-947e-287b8c7629d8","D03","SUGG","SUGG.AOS.groundwater.well.008","SUGG.W8.20190306.FIL","A00000037167","2019-03-06T20:11Z","2019-03-06T20:11Z","EcoCore_CSU","K",0.4880,"milligramsPerLiter",2.2,,0,"formatChange","GOOD"
"58b0ae0f-abe0-465b-b746-0dafc609a43f","D03","SUGG","SUGG.AOS.groundwater.well.008","SUGG.W8.20190306.FIL","A00000037167","2019-03-06T20:11Z","2019-03-06T20:11Z","EcoCore_CSU","NO3+NO2 - N",-0.0722,"milligramsPerLiter",2.2,,0,"formatChange","GOOD"
"98fc8c00-8014-4e3f-9e64-bec0fb0973ba","D03","SUGG","SUGG.AOS.groundwater.well.008","SUGG.W8.20190306.PCN","A00000037165","2019-03-06T20:11Z","2019-03-06T20:11Z","EcoCore_CSU","TPC",0.2424,"milligram",2.2,,0,"formatChange","GOOD"
"a2a8a2e7-5c90-4454-a73c-5a50b28d9da6","D03","SUGG","SUGG.AOS.groundwater.well.008","SUGG.W8.20190306.FIL","A00000037167","2019-03-06T20:11Z","2019-03-06T20:11Z","EcoCore_CSU","DIC",7.4450,"milligramsPerLiter",2.2,,0,"formatChange","GOOD"
"c18c41d3-63aa-4a61-9e0c-a6cd16b42121","D03","SUGG","SUGG.AOS.groundwater.well.008","SUGG.W8.20190306.FIL","A00000037167","2019-03-06T20:11Z","2019-03-06T20:11Z","EcoCore_CSU","TDS",28.4900,"milligramsPerLiter",2.2,,0,"formatChange","GOOD"
"db686f99-84ff-4250-9669-a21661f09e68","D03","SUGG","SUGG.AOS.groundwater.well.008","SUGG.W8.20190306.FIL","A00000037167","2019-03-06T20:11Z","2019-03-06T20:11Z","EcoCore_CSU","CO3",0.0050,"milligramsPerLiter",2.2,,0,"formatChange","GOOD"
"cc797b6d-2b32-4c64-835c-84a45d555b9a","D03","SUGG","SUGG.AOS.groundwater.well.008","SUGG.W8.20190306.FIL","A00000037167","2019-03-06T20:11Z","2019-03-06T20:11Z","EcoCore_CSU","UV Absorbance (250 nm)",0.0898,,2.2,,0,"formatChange","GOOD"
"c2307cd4-ba8d-4529-81fc-b4e6e9f404a6","D03","SUGG","SUGG.AOS.groundwater.well.008","SUGG.W8.20190306.FIL","A00000037167","2019-03-06T20:11Z","2019-03-06T20:11Z","EcoCore_CSU","F",0.0050,"milligramsPerLiter",2.2,,0,"formatChange","GOOD"
"b220b84a-66b6-4cbe-95ad-702928764ad8","D03","SUGG","SUGG.AOS.groundwater.well.008","SUGG.W8.20190306.FIL","A00000037167","2019-03-06T20:11Z","2019-03-06T20:11Z","EcoCore_CSU","Fe",0.6663,"milligramsPerLiter",2.2,,0,"formatChange","GOOD"
"a186a9a0-2380-4ee3-bb96-8ea999a28ce9","D03","SUGG","SUGG.AOS.groundwater.well.008","SUGG.W8.20190306.FIL","A00000037167","2019-03-06T20:11Z","2019-03-06T20:11Z","EcoCore_CSU","TDN",0.4960,"milligramsPerLiter",2.2,,0,"formatChange","GOOD"
"519468a0-1622-418d-ab9b-08ab3f8b6991","D03","SUGG","SUGG.AOS.groundwater.well.008","SUGG.W8.20190306.RAW","A00000037166","2019-03-06T20:11Z","2019-03-06T20:11Z","EcoCore_CSU","TOC",17.7500,"milligramsPerLiter",2.2,,0,"formatChange","GOOD"
"4e683782-9fc6-44b3-926c-03425d03ae47","D03","SUGG","SUGG.AOS.groundwater.well.008","SUGG.W8.20190306.FIL","A00000037167","2019-03-06T20:11Z","2019-03-06T20:11Z","EcoCore_CSU","NH4 - N",0.0941,"milligramsPerLiter",2.2,,0,"formatChange","GOOD"
"fd417bf8-62c6-4e66-b41c-8df15e9a37ac","D03","SUGG","SUGG.AOS.groundwater.well.008","SUGG.W8.20190306.RAW","A00000037166","2019-03-06T20:11Z","2019-03-06T20:11Z","EcoCore_CSU","pH",4.5900,"pH",2.2,,0,"formatChange","GOOD"
"753ca0d9-320d-4b40-b91c-abc7ea4f5ef7","D03","SUGG","SUGG.AOS.groundwater.well.008","SUGG.W8.20190306.FIL","A00000037167","2019-03-06T20:11Z","2019-03-06T20:11Z","EcoCore_CSU","Na",5.4180,"milligramsPerLiter",2.2,,0,"formatChange","GOOD"
"6394d2bd-985b-4d91-9a33-2e654d59e44e","D03","SUGG","SUGG.AOS.groundwater.well.008","SUGG.W8.20190306.FIL","A00000037167","2019-03-06T20:11Z","2019-03-06T20:11Z","EcoCore_CSU","SO4",2.8000,"milligramsPerLiter",2.2,,0,"formatChange","GOOD"
"a81a7fdc-5f40-406e-bbdc-34efc04cfe93","D03","SUGG","SUGG.AOS.groundwater.well.008","SUGG.W8.20190306.FIL","A00000037167","2019-03-06T20:11Z","2019-03-06T20:11Z","EcoCore_CSU","Si",4.4161,"milligramsPerLiter",2.2,,0,"formatChange","GOOD"
"77685942-b7fd-4c95-8cb7-fdae6c46581a","D03","SUGG","SUGG.AOS.groundwater.well.008","SUGG.W8.20190306.FIL","A00000037167","2019-03-06T20:11Z","2019-03-06T20:11Z","EcoCore_CSU","UV Absorbance (280 nm)",0.0578,,2.2,,0,"formatChange","GOOD"
"3378bbd7-95ac-4280-bed8-f9050ae70a26","D03","SUGG","SUGG.AOS.groundwater.well.008","SUGG.W8.20190306.RAW","A00000037166","2019-03-06T20:11Z","2019-03-06T20:11Z","EcoCore_CSU","TN",0.5280,"milligramsPerLiter",2.2,,0,"formatChange","GOOD"
"5c23d497-6c26-4ac3-ba35-b33a7fd0e474","D03","SUGG","SUGG.AOS.groundwater.well.008","SUGG.W8.20190306.FIL","A00000037167","2019-03-06T20:11Z","2019-03-06T20:11Z","EcoCore_CSU","Ortho - P",0.0480,"milligramsPerLiter",2.2,,0,"formatChange","GOOD"
"021d60d0-8e41-4fe1-b175-673b348e889e","D03","SUGG","SUGG.AOS.groundwater.well.008","SUGG.W8.20190306.FIL","A00000037167","2019-03-06T20:11Z","2019-03-06T20:11Z","EcoCore_CSU","Cl",5.7100,"milligramsPerLiter",2.2,,0,"formatChange","GOOD"
"2916b04b-b657-4d55-a78a-a475193a675d","D03","SUGG","SUGG.AOS.groundwater.well.008","SUGG.W8.20190306.FIL","A00000037167","2019-03-06T20:11Z","2019-03-06T20:11Z","EcoCore_CSU","TDP",0.0725,"milligramsPerLiter",2.2,,0,"formatChange","GOOD"
"a6657923-91c9-4bac-b60c-c9bda0f52e0a","D03","SUGG","SUGG.AOS.groundwater.well.008","SUGG.W8.20190306.RAW","A00000037166","2019-03-06T20:11Z","2019-03-06T20:11Z","EcoCore_CSU","TSS - Dry Mass",400.0000,"microgram",2.2,,0,"formatChange","GOOD"
"8ac212ae-75a9-44e2-a704-e5931e1cfed3","D03","SUGG","SUGG.AOS.groundwater.well.008","SUGG.W8.20190306.FIL","A00000037167","2019-03-06T20:11Z","2019-03-06T20:11Z","EcoCore_CSU","Ca",1.0768,"milligramsPerLiter",2.2,,0,"formatChange","GOOD"
"cb21a9b7-379d-44bb-a192-470415843fe8","D03","SUGG","SUGG.AOS.groundwater.well.008","SUGG.W8.20190306.RAW","A00000037166","2019-03-06T20:11Z","2019-03-06T20:11Z","EcoCore_CSU","ANC",5.4100,"milliequivalentsPerLiter",2.2,,0,"formatChange","GOOD"
"aad85a51-9a3e-4ea6-be8f-30bbcbe47e8e","D03","SUGG","SUGG.AOS.groundwater.well.008","SUGG.W8.20190306.FIL","A00000037167","2019-03-06T20:11Z","2019-03-06T20:11Z","EcoCore_CSU","DOC",17.6700,"milligramsPerLiter",2.2,,0,"formatChange","GOOD"
"e67bdcf4-88ce-4fe5-ba5b-a77263dca769","D03","SUGG","SUGG.AOS.groundwater.well.008","SUGG.W8.20190306.FIL","A00000037167","2019-03-06T20:11Z","2019-03-06T20:11Z","EcoCore_CSU","HCO3",11.0100,"milligramsPerLiter",2.2,,0,"formatChange","GOOD"
"a24faa69-084c-40d5-8f50-87d5ec83c5bb","D03","SUGG","SUGG.AOS.groundwater.well.008","SUGG.W8.20190306.RAW","A00000037166","2019-03-06T20:11Z","2019-03-06T20:11Z","EcoCore_CSU","TSS",8.0000,"milligramsPerLiter",2.2,,0,"formatChange","GOOD"
"cc26acc2-24a3-4232-a7ff-aab7e2089625","D03","SUGG","SUGG.AOS.groundwater.well.008","SUGG.W8.20190306.RAW","A00000037166","2019-03-06T20:11Z","2019-03-06T20:11Z","EcoCore_CSU","TP",0.2710,"milligramsPerLiter",2.2,,0,"formatChange","GOOD"
"0b519ba3-8bc7-4179-842e-74eec185fbd3","D03","SUGG","SUGG.AOS.groundwater.well.008","SUGG.W8.20190306.FIL","A00000037167","2019-03-06T20:11Z","2019-03-06T20:11Z","EcoCore_CSU","Br",0.0050,"milligramsPerLiter",2.2,,0,"formatChange","GOOD"
"042320c4-83ba-45e2-808d-3aa51fd1f05d","D03","SUGG","SUGG.AOS.groundwater.well.008","SUGG.W8.20190306.PCN","A00000037165","2019-03-06T20:11Z","2019-03-06T20:11Z","EcoCore_CSU","TPN",0.0225,"milligram",2.2,,0,"formatChange","GOOD"
"706dfe78-99d3-49a4-976c-212736f71fb4","D03","SUGG","SUGG.AOS.groundwater.well.008","SUGG.W8.20190306.FIL","A00000037167","2019-03-06T20:11Z","2019-03-06T20:11Z","EcoCore_CSU","Mg",1.1050,"milligramsPerLiter",2.2,,0,"formatChange","GOOD"
"9ff6e96d-99d5-4678-9355-3a02d6a0e86e","D03","SUGG","SUGG.AOS.groundwater.well.008","SUGG.W8.20190306.FIL","A00000037167","2019-03-06T20:11Z","2019-03-06T20:11Z","EcoCore_CSU","NO2 - N",0.0399,"milligramsPerLiter",2.2,,0,"formatChange","GOOD"
"caa56280-7fe1-4b89-870d-cf503a04e802","D03","SUGG","SUGG.AOS.groundwater.well.008","SUGG.W8.20190306.FIL","A00000037167","2019-03-06T20:11Z","2019-03-06T20:11Z","EcoCore_CSU","Mn",0.0040,"milligramsPerLiter",2.2,,0,"formatChange","GOOD"
"da781832-34af-4d89-820f-4e08a9896fcb","D03","SUGG","SUGG.AOS.groundwater.well.008","SUGG.W8.20190306.RAW","A00000037166","2019-03-06T20:11Z","2019-03-06T20:11Z","EcoCore_CSU","conductivity",38.7400,"microsiemensPerCentimeter",2.2,,0,"formatChange","GOOD"
