uid,domainID,siteID,namedLocation,decimalLatitude,decimalLongitude,coordinateUncertainty,elevation,elevationUncertainty,geodeticDatum,collectDate,aquaticSiteType,samplingImpractical,waterChemSamplesCollected,adequateSampleVol,parentSampleID,eventID,swcSamplingProtocolVersion,sampleExtractionMethod,samplerType,totalWellDepth,wellWaterDepth,waterColumnHeight,sampleDepth,purgeAverageDischargeRate,purgeTime,gwWellStabilized,purgeDryDateTime,pumpPlacementDate,screenedIntervalDepth,maxAllowableDrawdown,actualDrawdown,MADExceeded,wellVolumePurged,probeIDUnavailable,dissolvedOxygen,dissolvedOxygenSaturation,specificConductance,waterTemp,pH,waterClarityDescrip,waterColorDescrip,aCollectedBy,bCollectedBy,remarks
"b953475d-b2c4-419f-b91a-397a0bdc00a9","D03","SUGG","SUGG.AOS.groundwater.well.004",29.691331,-82.015778,0.1,34.5,0.1,"WGS84","2019-03-04T19:53Z","lake",,,"Y","SUGG.W4.20190304","SUGG.20190304","NEON.DOC.000694vF","low-flow","Groundwater Pump",14.7,4.1,10.6,5.1,,,,,,,,,,4.8,,6.91,72.50,46.40,17.80,5.44,"cloudy","colorless","kross@BattelleEcology.org","mmugnani@field-ops.org","5.444 at 20.4 degrees"
"bd1f82df-af40-4713-b0d9-1ee144135fca","D03","SUGG","SUGG.AOS.groundwater.well.005",29.688883,-82.013542,0.1,38.7,0.1,"WGS84","2019-03-06T15:48Z","lake",,,"Y","SUGG.W5.20190306","SUGG.20190306","NEON.DOC.002905vE","low-flow","Groundwater Pump",14.9,7.5,7.3,8.5,,,,,,,,,,4.6,,7.36,70.70,45.30,13.50,5.61,"cloudy","colorless","0000-0002-0515-9948","0000-0002-0753-5169",
"50dda566-048f-4465-a144-e47bf0c12b75","D03","SUGG","SUGG.AOS.groundwater.well.006",29.683664,-82.015261,0.1,37.4,0.1,"WGS84","2019-03-06T18:28Z","lake",,,"Y","SUGG.W6.20190306","SUGG.20190306","NEON.DOC.002905vE","low-flow","Groundwater Pump",11.0,7.6,3.4,8.6,,,,,,,,,,4.7,,4.58,49.10,236.10,18.50,6.99,"opaque","colorless","0000-0002-0515-9948","0000-0002-0753-5169",
"b917b730-f415-430a-837a-b1e78d0f984c","D03","SUGG","SUGG.AOS.groundwater.well.008",29.684442,-82.017677,0.1,32.1,0.1,"WGS84","2019-03-06T20:11Z","lake",,,"Y","SUGG.W8.20190306","SUGG.20190306","NEON.DOC.002905vE","low-flow",,13.0,3.4,9.6,4.4,,,,,,,,,,3.2,,2.34,22.50,86.70,14.20,4.39,"opaque","colorless","0000-0002-0515-9948","0000-0002-0753-5169",
