uid,domainID,siteID,namedLocation,collectDate,parentSampleID,sampleCondition,sampleID,replicateNumber,gwwDICBubbleFree,gwwFiltSampleHeadspace,gwwAlkSampleHeadspace,gwwAlkSampleBubbleFree,processedDate,processedDateFilters,sampleVolumeFiltered,shipmentTimeRange
"7050feae-30d9-4e17-8f43-b62691c5100f","D03","SUGG","SUGG.AOS.groundwater.well.004","2019-03-04T19:53Z","SUGG.W4.20190304","Sample condition ok","SUGG.W4.20190304",1,,,,,"2019-03-04T19:53Z",,200.0,
"8be39444-1891-475e-83fe-952784b04e00","D03","SUGG","SUGG.AOS.groundwater.well.005","2019-03-06T15:48Z","SUGG.W5.20190306","Sample condition ok","SUGG.W5.20190306",1,,,,,"2019-03-06T15:48Z","2019-03-06T15:48Z",150.0,
"de1e1cdb-06f0-42bb-955a-a3385e560bc2","D03","SUGG","SUGG.AOS.groundwater.well.006","2019-03-06T18:28Z","SUGG.W6.20190306","Sample condition ok","SUGG.W6.20190306",1,,,,,"2019-03-06T18:42Z","2019-03-06T18:42Z",100.0,
"43676927-5dde-41ef-b44e-5e9e6d953ce7","D03","SUGG","SUGG.AOS.groundwater.well.008","2019-03-06T20:11Z","SUGG.W8.20190306","Sample condition ok","SUGG.W8.20190306",1,,,,,"2019-03-06T20:11Z",,300.0,
