uid,domainID,siteID,namedLocation,sampleID,sampleCode,startDate,collectDate,laboratoryName,analyte,analyteConcentration,analyteUnits,coolerTemp,remarks,shipmentWarmQF,externalLabDataQF,sampleCondition
"6bea1932-ea8e-4851-be0d-c5456f4b742a","D03","SUGG","SUGG.AOS.groundwater.well.001","SUGG.W1.20170227.FIL",,"2017-02-27T14:05Z","2017-02-27T14:05Z","EcoCore_CSU","NH4 - N",0.0340,"milligramsPerLiter",2.1,,0,"formatChange|legacyData","GOOD"
"488ed89c-8ba6-403c-a341-0f69835d7418","D03","SUGG","SUGG.AOS.groundwater.well.001","SUGG.W1.20170227.PCN",,"2017-02-27T14:05Z","2017-02-27T14:05Z","EcoCore_CSU","TPN",0.0774,"milligram",2.1,,0,"formatChange|legacyData","GOOD"
"0f893cd8-e2e2-4255-913b-f32b078126bf","D03","SUGG","SUGG.AOS.groundwater.well.001","SUGG.W1.20170227.FIL",,"2017-02-27T14:05Z","2017-02-27T14:05Z","EcoCore_CSU","NO2 - N",0.0170,"milligramsPerLiter",2.1,,0,"formatChange|legacyData","GOOD"
"494ca97e-ed5b-4483-a9ff-3c05e68a9fdf","D03","SUGG","SUGG.AOS.groundwater.well.001","SUGG.W1.20170227.RAW",,"2017-02-27T14:05Z","2017-02-27T14:05Z","EcoCore_CSU","TSS - Dry Mass",4000.0000,"microgram",2.1,,0,"formatChange|legacyData","GOOD"
"2aef8fb2-4e9e-48c9-aa4e-a08e051dcbbe","D03","SUGG","SUGG.AOS.groundwater.well.001","SUGG.W1.20170227.FIL",,"2017-02-27T14:05Z","2017-02-27T14:05Z","EcoCore_CSU","UV Absorbance (250 nm)",0.0177,,2.1,,0,"formatChange|legacyData","GOOD"
"c24f10fe-0f5e-4dd5-990c-cc87a0821de1","D03","SUGG","SUGG.AOS.groundwater.well.001","SUGG.W1.20170227.FIL",,"2017-02-27T14:05Z","2017-02-27T14:05Z","EcoCore_CSU","HCO3",79.4600,"milligramsPerLiter",2.1,,0,"formatChange|legacyData","GOOD"
"3f152e12-32a4-4c0c-a4e2-a292e4e0a673","D03","SUGG","SUGG.AOS.groundwater.well.001","SUGG.W1.20170227.FIL",,"2017-02-27T14:05Z","2017-02-27T14:05Z","EcoCore_CSU","Ca",20.0310,"milligramsPerLiter",2.1,,0,"formatChange|legacyData","GOOD"
"5a0e76a4-f452-4797-afc4-ee6f9c9449d2","D03","SUGG","SUGG.AOS.groundwater.well.001","SUGG.W1.20170227.FIL",,"2017-02-27T14:05Z","2017-02-27T14:05Z","EcoCore_CSU","TDN",0.1227,"milligramsPerLiter",2.1,,0,"formatChange|legacyData","GOOD"
"59f94267-118f-48c7-90b5-0b699ce8559b","D03","SUGG","SUGG.AOS.groundwater.well.001","SUGG.W1.20170227.RAW",,"2017-02-27T14:05Z","2017-02-27T14:05Z","EcoCore_CSU","TP",0.4295,"milligramsPerLiter",2.1,,0,"formatChange|legacyData","GOOD"
"abba3c15-63b6-4a44-9eb6-9f2eb9aa4528","D03","SUGG","SUGG.AOS.groundwater.well.001","SUGG.W1.20170227.FIL",,"2017-02-27T14:05Z","2017-02-27T14:05Z","EcoCore_CSU","Na",2.6120,"milligramsPerLiter",2.1,,0,"formatChange|legacyData","GOOD"
"7b3bf900-d637-4c78-b3db-1eba3f1b4f40","D03","SUGG","SUGG.AOS.groundwater.well.001","SUGG.W1.20170227.FIL",,"2017-02-27T14:05Z","2017-02-27T14:05Z","EcoCore_CSU","TDS",118.9800,"milligramsPerLiter",2.1,,0,"formatChange|legacyData","GOOD"
"d3cb49dc-3474-4017-bbee-de6687e8c532","D03","SUGG","SUGG.AOS.groundwater.well.001","SUGG.W1.20170227.RAW",,"2017-02-27T14:05Z","2017-02-27T14:05Z","EcoCore_CSU","TSS",4.0000,"milligramsPerLiter",2.1,,0,"formatChange|legacyData","GOOD"
"7d512029-044e-42eb-8c7d-440f67ce7803","D03","SUGG","SUGG.AOS.groundwater.well.001","SUGG.W1.20170227.FIL",,"2017-02-27T14:05Z","2017-02-27T14:05Z","EcoCore_CSU","Br",0.0050,"milligramsPerLiter",2.1,,0,"formatChange|legacyData","GOOD"
"4eb97a8e-75fc-4993-a41f-99588a6c455d","D03","SUGG","SUGG.AOS.groundwater.well.001","SUGG.W1.20170227.RAW",,"2017-02-27T14:05Z","2017-02-27T14:05Z","EcoCore_CSU","pH",7.2700,"pH",2.1,,0,"formatChange|legacyData","GOOD"
"991ad23c-31e2-44d8-b266-c160dd3d7cf3","D03","SUGG","SUGG.AOS.groundwater.well.001","SUGG.W1.20170227.FIL",,"2017-02-27T14:05Z","2017-02-27T14:05Z","EcoCore_CSU","Mg",6.1568,"milligramsPerLiter",2.1,,0,"formatChange|legacyData","GOOD"
"96f656c4-a52d-4b93-add6-741320cb9343","D03","SUGG","SUGG.AOS.groundwater.well.001","SUGG.W1.20170227.FIL",,"2017-02-27T14:05Z","2017-02-27T14:05Z","EcoCore_CSU","SO4",3.1880,"milligramsPerLiter",2.1,,0,"formatChange|legacyData","GOOD"
"64b0be8c-cbc1-48a2-ba3c-73fe0f389068","D03","SUGG","SUGG.AOS.groundwater.well.001","SUGG.W1.20170227.FIL",,"2017-02-27T14:05Z","2017-02-27T14:05Z","EcoCore_CSU","Fe",0.0160,"milligramsPerLiter",2.1,,0,"formatChange|legacyData","GOOD"
"9f2fa4fd-c5b0-4dbb-a800-649efa80a83d","D03","SUGG","SUGG.AOS.groundwater.well.001","SUGG.W1.20170227.RAW",,"2017-02-27T14:05Z","2017-02-27T14:05Z","EcoCore_CSU","ANC",1.5120,"milliequivalentsPerLiter",2.1,,0,"formatChange|legacyData","GOOD"
"6bc9c544-4a6e-4c12-a578-4ab2416698c6","D03","SUGG","SUGG.AOS.groundwater.well.001","SUGG.W1.20170227.FIL",,"2017-02-27T14:05Z","2017-02-27T14:05Z","EcoCore_CSU","Cl",7.4116,"milligramsPerLiter",2.1,,0,"formatChange|legacyData","GOOD"
"0913933b-fa81-402e-a928-40065f15e11f","D03","SUGG","SUGG.AOS.groundwater.well.001","SUGG.W1.20170227.FIL",,"2017-02-27T14:05Z","2017-02-27T14:05Z","EcoCore_CSU","NO3+NO2 - N",0.0290,"milligramsPerLiter",2.1,,0,"formatChange|legacyData","GOOD"
"bb78ce40-1e14-4773-91f0-861cfbe6e52e","D03","SUGG","SUGG.AOS.groundwater.well.001","SUGG.W1.20170227.FIL",,"2017-02-27T14:05Z","2017-02-27T14:05Z","EcoCore_CSU","DIC",18.4300,"milligramsPerLiter",2.1,,0,"formatChange|legacyData","GOOD"
"191e74b1-2588-46bd-bd3a-eb37f63335fd","D03","SUGG","SUGG.AOS.groundwater.well.001","SUGG.W1.20170227.FIL",,"2017-02-27T14:05Z","2017-02-27T14:05Z","EcoCore_CSU","UV Absorbance (280 nm)",0.0105,,2.1,,0,"formatChange|legacyData","GOOD"
"5e5082e1-06d4-4b91-bf39-eb2c6751beb7","D03","SUGG","SUGG.AOS.groundwater.well.001","SUGG.W1.20170227.FIL",,"2017-02-27T14:05Z","2017-02-27T14:05Z","EcoCore_CSU","K",0.5021,"milligramsPerLiter",2.1,,0,"formatChange|legacyData","GOOD"
"5195dfaa-50a5-4c66-82da-e93f26ca7c55","D03","SUGG","SUGG.AOS.groundwater.well.001","SUGG.W1.20170227.FIL",,"2017-02-27T14:05Z","2017-02-27T14:05Z","EcoCore_CSU","CO3",0.0050,"milligramsPerLiter",2.1,,0,"formatChange|legacyData","GOOD"
"34c339ca-573a-41ed-9a50-b045bcc68858","D03","SUGG","SUGG.AOS.groundwater.well.001","SUGG.W1.20170227.FIL",,"2017-02-27T14:05Z","2017-02-27T14:05Z","EcoCore_CSU","DOC",0.7839,"milligramsPerLiter",2.1,,0,"formatChange|legacyData","GOOD"
"ff16744d-0ea7-4d24-86f8-c6ac58fd2363","D03","SUGG","SUGG.AOS.groundwater.well.001","SUGG.W1.20170227.FIL",,"2017-02-27T14:05Z","2017-02-27T14:05Z","EcoCore_CSU","Si",5.1916,"milligramsPerLiter",2.1,,0,"formatChange|legacyData","GOOD"
"c97bbeed-a7be-4a26-b4ec-8d5a35f64848","D03","SUGG","SUGG.AOS.groundwater.well.001","SUGG.W1.20170227.RAW",,"2017-02-27T14:05Z","2017-02-27T14:05Z","EcoCore_CSU","TOC",0.4860,"milligramsPerLiter",2.1,,0,"formatChange|legacyData","GOOD"
"bc60098b-41e1-4232-85f3-59c5ca0b05c8","D03","SUGG","SUGG.AOS.groundwater.well.001","SUGG.W1.20170227.FIL",,"2017-02-27T14:05Z","2017-02-27T14:05Z","EcoCore_CSU","Mn",0.0028,"milligramsPerLiter",2.1,,0,"formatChange|legacyData","GOOD"
"576526aa-4c0b-4687-8f2a-61d0a11ff73b","D03","SUGG","SUGG.AOS.groundwater.well.001","SUGG.W1.20170227.PCN",,"2017-02-27T14:05Z","2017-02-27T14:05Z","EcoCore_CSU","TPC",0.2450,"milligram",2.1,,0,"formatChange|legacyData","GOOD"
"3c8a7269-8556-4525-89dc-c9ac240d4bec","D03","SUGG","SUGG.AOS.groundwater.well.001","SUGG.W1.20170227.RAW",,"2017-02-27T14:05Z","2017-02-27T14:05Z","EcoCore_CSU","TN",0.0276,"milligramsPerLiter",2.1,,0,"formatChange|legacyData","GOOD"
"fb360d67-a742-49ff-8c86-a91d350591a4","D03","SUGG","SUGG.AOS.groundwater.well.001","SUGG.W1.20170227.FIL",,"2017-02-27T14:05Z","2017-02-27T14:05Z","EcoCore_CSU","Ortho - P",0.4780,"milligramsPerLiter",2.1,,0,"formatChange|legacyData","GOOD"
"2d497b57-5d8d-4c34-9637-b589007ad6ff","D03","SUGG","SUGG.AOS.groundwater.well.001","SUGG.W1.20170227.FIL",,"2017-02-27T14:05Z","2017-02-27T14:05Z","EcoCore_CSU","F",0.5984,"milligramsPerLiter",2.1,,0,"formatChange|legacyData","GOOD"
"25d6b9ff-b211-4ff6-9cea-e463d6c691b1","D03","SUGG","SUGG.AOS.groundwater.well.001","SUGG.W1.20170227.RAW",,"2017-02-27T14:05Z","2017-02-27T14:05Z","EcoCore_CSU","conductivity",172.5600,"microsiemensPerCentimeter",2.1,,0,"formatChange|legacyData","GOOD"
"e2e79cc6-cb28-4130-9f8a-b9b8138bb482","D03","SUGG","SUGG.AOS.groundwater.well.001","SUGG.W1.20170227.FIL",,"2017-02-27T14:05Z","2017-02-27T14:05Z","EcoCore_CSU","TDP",0.3650,"milligramsPerLiter",2.1,,0,"formatChange|legacyData","GOOD"
"193db927-eb3b-4cc0-96c6-f3db9e20995c","D03","SUGG","SUGG.AOS.groundwater.well.004","SUGG.W4.20170227.RAW",,"2017-02-27T16:15Z","2017-02-27T16:15Z","EcoCore_CSU","pH",6.0000,"pH",2.1,,0,"formatChange|legacyData","GOOD"
"0fb77d52-467d-4a4e-a1d2-5c690959015b","D03","SUGG","SUGG.AOS.groundwater.well.004","SUGG.W4.20170227.RAW",,"2017-02-27T16:15Z","2017-02-27T16:15Z","EcoCore_CSU","ANC",0.1730,"milliequivalentsPerLiter",2.1,,0,"formatChange|legacyData","GOOD"
"c4fbb4e2-983a-4858-b3c4-a7f035e022af","D03","SUGG","SUGG.AOS.groundwater.well.004","SUGG.W4.20170227.FIL",,"2017-02-27T16:15Z","2017-02-27T16:15Z","EcoCore_CSU","F",0.3114,"milligramsPerLiter",2.1,,0,"formatChange|legacyData","GOOD"
"7bb305b0-3b5c-4572-bfed-d2f0d086cfac","D03","SUGG","SUGG.AOS.groundwater.well.004","SUGG.W4.20170227.FIL",,"2017-02-27T16:15Z","2017-02-27T16:15Z","EcoCore_CSU","Mn",0.0029,"milligramsPerLiter",2.1,,0,"formatChange|legacyData","GOOD"
"93f5fb8f-b871-4b68-89d9-d817c3818d8c","D03","SUGG","SUGG.AOS.groundwater.well.004","SUGG.W4.20170227.FIL",,"2017-02-27T16:15Z","2017-02-27T16:15Z","EcoCore_CSU","Br",0.0050,"milligramsPerLiter",2.1,,0,"formatChange|legacyData","GOOD"
"819a9491-786f-4ec0-bfce-c1dfcd9c6b5c","D03","SUGG","SUGG.AOS.groundwater.well.004","SUGG.W4.20170227.RAW",,"2017-02-27T16:15Z","2017-02-27T16:15Z","EcoCore_CSU","TSS - Dry Mass",12000.0000,"microgram",2.1,,0,"formatChange|legacyData","GOOD"
"5b3322ad-e4aa-4247-a267-7ae02fcb6880","D03","SUGG","SUGG.AOS.groundwater.well.004","SUGG.W4.20170227.FIL",,"2017-02-27T16:15Z","2017-02-27T16:15Z","EcoCore_CSU","TDP",1.2300,"milligramsPerLiter",2.1,,0,"formatChange|legacyData","GOOD"
"26bc8836-a82c-4691-8d75-535786998d21","D03","SUGG","SUGG.AOS.groundwater.well.004","SUGG.W4.20170227.FIL",,"2017-02-27T16:15Z","2017-02-27T16:15Z","EcoCore_CSU","NO2 - N",0.0130,"milligramsPerLiter",2.1,,0,"formatChange|legacyData","GOOD"
"a8449013-8fa8-4e4d-a682-59e5a7e8042e","D03","SUGG","SUGG.AOS.groundwater.well.004","SUGG.W4.20170227.PCN",,"2017-02-27T16:15Z","2017-02-27T16:15Z","EcoCore_CSU","TPC",0.2759,"milligram",2.1,,0,"formatChange|legacyData","GOOD"
"774e7484-f9f9-43fc-9c4b-dcce471860d4","D03","SUGG","SUGG.AOS.groundwater.well.004","SUGG.W4.20170227.FIL",,"2017-02-27T16:15Z","2017-02-27T16:15Z","EcoCore_CSU","NO3+NO2 - N",0.0530,"milligramsPerLiter",2.1,,0,"formatChange|legacyData","GOOD"
"083eef34-b1f0-4d98-b033-e613217c82c3","D03","SUGG","SUGG.AOS.groundwater.well.004","SUGG.W4.20170227.PCN",,"2017-02-27T16:15Z","2017-02-27T16:15Z","EcoCore_CSU","TPN",0.0619,"milligram",2.1,,0,"formatChange|legacyData","GOOD"
"f5686532-4611-4309-bd1f-ab11aee2a8f7","D03","SUGG","SUGG.AOS.groundwater.well.004","SUGG.W4.20170227.FIL",,"2017-02-27T16:15Z","2017-02-27T16:15Z","EcoCore_CSU","Si",4.0172,"milligramsPerLiter",2.1,,0,"formatChange|legacyData","GOOD"
"37fb3494-f138-427c-a8ed-1f86e2450c91","D03","SUGG","SUGG.AOS.groundwater.well.004","SUGG.W4.20170227.RAW",,"2017-02-27T16:15Z","2017-02-27T16:15Z","EcoCore_CSU","TOC",0.4023,"milligramsPerLiter",2.1,,0,"formatChange|legacyData","GOOD"
"acc2554a-fab0-40d3-a93a-50f2163b4bc1","D03","SUGG","SUGG.AOS.groundwater.well.004","SUGG.W4.20170227.FIL",,"2017-02-27T16:15Z","2017-02-27T16:15Z","EcoCore_CSU","HCO3",8.4200,"milligramsPerLiter",2.1,,0,"formatChange|legacyData","GOOD"
"c5a06840-305c-45ba-a0e4-852ac41e8f80","D03","SUGG","SUGG.AOS.groundwater.well.004","SUGG.W4.20170227.FIL",,"2017-02-27T16:15Z","2017-02-27T16:15Z","EcoCore_CSU","UV Absorbance (250 nm)",0.0828,,2.1,,0,"formatChange|legacyData","GOOD"
"88a32abd-b5a6-4352-915a-a4f0c1d4c8f8","D03","SUGG","SUGG.AOS.groundwater.well.004","SUGG.W4.20170227.FIL",,"2017-02-27T16:15Z","2017-02-27T16:15Z","EcoCore_CSU","Cl",3.9809,"milligramsPerLiter",2.1,,0,"formatChange|legacyData","GOOD"
"d80b1a2a-54de-47db-9b75-1dc8ebb9060a","D03","SUGG","SUGG.AOS.groundwater.well.004","SUGG.W4.20170227.FIL",,"2017-02-27T16:15Z","2017-02-27T16:15Z","EcoCore_CSU","DOC",0.5695,"milligramsPerLiter",2.1,,0,"formatChange|legacyData","GOOD"
"affb18d4-c4d6-48e4-91db-c1a2f4946e2a","D03","SUGG","SUGG.AOS.groundwater.well.004","SUGG.W4.20170227.FIL",,"2017-02-27T16:15Z","2017-02-27T16:15Z","EcoCore_CSU","TDN",0.1105,"milligramsPerLiter",2.1,,0,"formatChange|legacyData","GOOD"
"2813b996-0ea4-4892-8c5d-a49014fd9533","D03","SUGG","SUGG.AOS.groundwater.well.004","SUGG.W4.20170227.RAW",,"2017-02-27T16:15Z","2017-02-27T16:15Z","EcoCore_CSU","TSS",12.0000,"milligramsPerLiter",2.1,,0,"formatChange|legacyData","GOOD"
"ce3c9b5b-482a-4a0e-91bc-a60467733c06","D03","SUGG","SUGG.AOS.groundwater.well.004","SUGG.W4.20170227.FIL",,"2017-02-27T16:15Z","2017-02-27T16:15Z","EcoCore_CSU","Ortho - P",1.1500,"milligramsPerLiter",2.1,,0,"formatChange|legacyData","GOOD"
"3d93c3a1-d312-43fd-a331-9f2237829cb5","D03","SUGG","SUGG.AOS.groundwater.well.004","SUGG.W4.20170227.FIL",,"2017-02-27T16:15Z","2017-02-27T16:15Z","EcoCore_CSU","Na",1.4330,"milligramsPerLiter",2.1,,0,"formatChange|legacyData","GOOD"
"ccacdfe3-144b-4777-9f4e-d3b356104dde","D03","SUGG","SUGG.AOS.groundwater.well.004","SUGG.W4.20170227.FIL",,"2017-02-27T16:15Z","2017-02-27T16:15Z","EcoCore_CSU","SO4",0.5019,"milligramsPerLiter",2.1,,0,"formatChange|legacyData","GOOD"
"a337e4cd-0bc1-49cb-9f1f-cf2030d46cca","D03","SUGG","SUGG.AOS.groundwater.well.004","SUGG.W4.20170227.RAW",,"2017-02-27T16:15Z","2017-02-27T16:15Z","EcoCore_CSU","TP",1.3418,"milligramsPerLiter",2.1,,0,"formatChange|legacyData","GOOD"
"786d1a8b-ca00-41f2-b65a-858781d12d75","D03","SUGG","SUGG.AOS.groundwater.well.004","SUGG.W4.20170227.RAW",,"2017-02-27T16:15Z","2017-02-27T16:15Z","EcoCore_CSU","TN",0.1170,"milligramsPerLiter",2.1,,0,"formatChange|legacyData","GOOD"
"99fb09e5-3dc7-42a5-b1c0-a6be1e6f2149","D03","SUGG","SUGG.AOS.groundwater.well.004","SUGG.W4.20170227.FIL",,"2017-02-27T16:15Z","2017-02-27T16:15Z","EcoCore_CSU","CO3",0.0050,"milligramsPerLiter",2.1,,0,"formatChange|legacyData","GOOD"
"92cc53a0-9171-4408-8f0c-f5c70d78ed57","D03","SUGG","SUGG.AOS.groundwater.well.004","SUGG.W4.20170227.FIL",,"2017-02-27T16:15Z","2017-02-27T16:15Z","EcoCore_CSU","DIC",3.8870,"milligramsPerLiter",2.1,,0,"formatChange|legacyData","GOOD"
"0e23269c-11f3-415d-9354-61c308d61dc3","D03","SUGG","SUGG.AOS.groundwater.well.004","SUGG.W4.20170227.FIL",,"2017-02-27T16:15Z","2017-02-27T16:15Z","EcoCore_CSU","TDS",25.1100,"milligramsPerLiter",2.1,,0,"formatChange|legacyData","GOOD"
"871289f1-2a71-4439-8af1-eb2cca78242a","D03","SUGG","SUGG.AOS.groundwater.well.004","SUGG.W4.20170227.FIL",,"2017-02-27T16:15Z","2017-02-27T16:15Z","EcoCore_CSU","Fe",0.0954,"milligramsPerLiter",2.1,,0,"formatChange|legacyData","GOOD"
"3fc2a671-2c2c-4917-9ecf-8717a03b8457","D03","SUGG","SUGG.AOS.groundwater.well.004","SUGG.W4.20170227.FIL",,"2017-02-27T16:15Z","2017-02-27T16:15Z","EcoCore_CSU","Ca",2.9385,"milligramsPerLiter",2.1,,0,"formatChange|legacyData","GOOD"
"603e4d33-18b7-4e1c-8008-3ccb6e160e46","D03","SUGG","SUGG.AOS.groundwater.well.004","SUGG.W4.20170227.FIL",,"2017-02-27T16:15Z","2017-02-27T16:15Z","EcoCore_CSU","UV Absorbance (280 nm)",0.0680,,2.1,,0,"formatChange|legacyData","GOOD"
"1b8217bc-34af-47b5-896c-2da77430222a","D03","SUGG","SUGG.AOS.groundwater.well.004","SUGG.W4.20170227.FIL",,"2017-02-27T16:15Z","2017-02-27T16:15Z","EcoCore_CSU","K",0.1680,"milligramsPerLiter",2.1,,0,"formatChange|legacyData","GOOD"
"598ef5ea-f189-436a-aa9f-aae341577f2f","D03","SUGG","SUGG.AOS.groundwater.well.004","SUGG.W4.20170227.FIL",,"2017-02-27T16:15Z","2017-02-27T16:15Z","EcoCore_CSU","Mg",0.8246,"milligramsPerLiter",2.1,,0,"formatChange|legacyData","GOOD"
"7576ba56-1fb6-4cdc-9e98-ae57acd15b2d","D03","SUGG","SUGG.AOS.groundwater.well.004","SUGG.W4.20170227.FIL",,"2017-02-27T16:15Z","2017-02-27T16:15Z","EcoCore_CSU","NH4 - N",0.1170,"milligramsPerLiter",2.1,,0,"formatChange|legacyData","GOOD"
"c4c8d7ce-dbd5-4eaf-ae20-31b9bdcf2c91","D03","SUGG","SUGG.AOS.groundwater.well.004","SUGG.W4.20170227.RAW",,"2017-02-27T16:15Z","2017-02-27T16:15Z","EcoCore_CSU","conductivity",34.8000,"microsiemensPerCentimeter",2.1,,0,"formatChange|legacyData","GOOD"
