uid,domainID,siteID,namedLocation,decimalLatitude,decimalLongitude,coordinateUncertainty,elevation,elevationUncertainty,geodeticDatum,collectDate,aquaticSiteType,samplingImpractical,waterChemSamplesCollected,adequateSampleVol,parentSampleID,eventID,swcSamplingProtocolVersion,sampleExtractionMethod,samplerType,totalWellDepth,wellWaterDepth,waterColumnHeight,sampleDepth,purgeAverageDischargeRate,purgeTime,gwWellStabilized,purgeDryDateTime,pumpPlacementDate,screenedIntervalDepth,maxAllowableDrawdown,actualDrawdown,MADExceeded,wellVolumePurged,probeIDUnavailable,dissolvedOxygen,dissolvedOxygenSaturation,specificConductance,waterTemp,pH,waterClarityDescrip,waterColorDescrip,aCollectedBy,bCollectedBy,remarks
"c9ddbd84-8f5a-46bf-970a-384e508c212d","D03","BARC","BARC.AOS.groundwater.well.001",29.678574,-82.008577,0.1,30.1,0.1,"WGS84","2020-03-04T17:08Z","lake",,"Y","Y","BARC.W1.20200304","BARC.20200304","NEON.DOC.002905vG","low-flow","Groundwater Pump",12.3,3.9,8.3,4.9,,,,,,,,,,2.9,,2.58,29.60,49.30,22.90,4.22,"clear","colorless","0000-0002-7940-8177","0000-0003-1571-3196",
"467891a2-0c82-43f8-bb8d-c4843c6f9854","D03","BARC","BARC.AOS.groundwater.well.008",29.678049,-82.009175,0.1,30.3,0.1,"WGS84","2020-03-05T14:48Z","lake",,"Y","Y","BARC.W8.20200305","BARC.20200305","NEON.DOC.002905vG","low-flow","Groundwater Pump",13.3,4.2,9.2,5.2,,,,,,,,,,6.7,,4.57,52.50,32.70,21.80,4.74,"clear","colorless","0000-0002-7940-8177","0000-0001-6607-7236",
"cd1b25ca-f0e6-49cd-8545-2c622d4aa2ce","D03","BARC","BARC.AOS.groundwater.well.006",29.674068,-82.008257,0.1,29.6,0.1,"WGS84","2020-03-05T15:49Z","lake",,"Y","Y","BARC.W6.20200305","BARC.20200305","NEON.DOC.002905vG","low-flow","Groundwater Pump",9.2,3.7,5.6,4.7,,,,,,,,,,4.2,,1.60,18.00,38.10,21.10,4.28,"clear","colorless","0000-0002-7940-8177","0000-0001-6607-7236",
"1fd7e908-d111-49d8-9622-ef88accbdee0","D03","BARC","BARC.AOS.groundwater.well.005",29.674046,-82.007170,0.1,29.9,0.1,"WGS84","2020-03-05T16:51Z","lake",,"Y","Y","BARC.W5.20200305","BARC.20200305","NEON.DOC.002905vG","low-flow","Groundwater Pump",11.6,4.6,7.0,5.6,,,,,,,,,,3.2,,7.90,0.72,74.70,20.80,4.35,"clear","colorless","0000-0002-7940-8177","0000-0001-6607-7236",
