uid,domainID,siteID,namedLocation,collectDate,titrationDate,parentSampleID,domainSampleID,remarks,measuredBy,alkMeqPerL,alkMgPerL,ancMeqPerL,ancMgPerL
"54b39ded-f86c-41ea-b7c5-087ecdc09113","D03","BARC","BARC.AOS.groundwater.well.001","2020-03-04T17:08Z","2020-03-04T20:30Z","BARC.W1.20200304","BARC.W1.20200304.ALK",,"dorosheff@battelleecology.org",0.060,2.960,,
"5be90803-9c09-4ef9-a1b3-45c6cc862bb7","D03","BARC","BARC.AOS.groundwater.well.008","2020-03-05T14:48Z","2020-03-05T08:30Z","BARC.W8.20200305","BARC.W8.20200305.ALK",,"dorosheff@battelleecology.org",0.040,1.860,,
"0f2b2968-1311-4623-8087-8a79b430a9f0","D03","BARC","BARC.AOS.groundwater.well.006","2020-03-05T15:49Z","2020-03-05T20:00Z","BARC.W6.20200305","BARC.W6.20200305.ALK",,"dorosheff@battelleecology.org",0.020,0.920,,
"7041be0e-6f84-4b66-902e-f2d8bd310695","D03","BARC","BARC.AOS.groundwater.well.005","2020-03-05T16:51Z","2020-03-05T08:04Z","BARC.W5.20200305","BARC.W5.20200305.ALK",,"dorosheff@battelleecology.org",0.020,1.150,,
