uid,domainID,siteID,namedLocation,collectDate,parentSampleID,sampleCondition,sampleID,replicateNumber,gwwDICBubbleFree,gwwFiltSampleHeadspace,gwwAlkSampleHeadspace,gwwAlkSampleBubbleFree,processedDate,processedDateFilters,sampleVolumeFiltered,shipmentTimeRange
"b7cb8316-cdae-4450-abed-717b52f676ac","D03","BARC","BARC.AOS.groundwater.well.001","2020-03-04T17:08Z","BARC.W1.20200304","Sample condition ok","BARC.W1.20200304",1,,,,,"2020-03-04T17:08Z","2020-03-04T17:24Z",300.0,
"0a27e481-3de1-4e8b-98b3-2e33524d8eab","D03","BARC","BARC.AOS.groundwater.well.008","2020-03-05T14:48Z","BARC.W8.20200305","Sample condition ok","BARC.W8.20200305",1,,,,,"2020-03-05T14:48Z","2020-03-05T14:48Z",300.0,
"182bf2b3-1ad4-43be-a081-ccc25547f3af","D03","BARC","BARC.AOS.groundwater.well.006","2020-03-05T15:49Z","BARC.W6.20200305","Sample condition ok","BARC.W6.20200305",1,,,,,"2020-03-05T15:49Z","2020-03-05T15:49Z",500.0,
"697d4da3-5858-4d7b-b1af-e34be7fe9592","D03","BARC","BARC.AOS.groundwater.well.005","2020-03-05T16:51Z","BARC.W5.20200305","Sample condition ok","BARC.W5.20200305",1,,,,,"2020-03-05T16:51Z","2020-03-05T16:51Z",300.0,
