uid,domainID,siteID,namedLocation,collectDate,parentSampleID,sampleCondition,sampleID,replicateNumber,gwwDICBubbleFree,gwwFiltSampleHeadspace,gwwAlkSampleHeadspace,gwwAlkSampleBubbleFree,processedDate,processedDateFilters,sampleVolumeFiltered,shipmentTimeRange
"d7c62fde-5399-4218-a412-c070c1bb8019","D14","SYCA","SYCA.AOS.groundwater.well.001","2020-02-12T16:24Z","SYCA.W1.20200212","Sample condition ok","SYCA.W1.20200212",1,,,,,"2020-02-12T16:43Z","2020-02-12T17:51Z",2000.0,
"d5d8de70-9731-4f91-9e2e-3c883b847983","D14","SYCA","SYCA.AOS.groundwater.well.002","2020-02-12T18:34Z","SYCA.W2.20200212","Sample condition ok","SYCA.W2.20200212",1,,,,,"2020-02-12T19:07Z","2020-02-12T19:42Z",2000.0,
"1e3302f6-0b50-470e-9a80-89cf10a99bc6","D14","SYCA","SYCA.AOS.groundwater.well.004","2020-02-12T20:51Z","SYCA.W4.20200212","Sample condition ok","SYCA.W4.20200212",1,,,,,"2020-02-12T21:11Z","2020-02-12T21:11Z",2000.0,
"12bcdd76-fe98-4354-84d0-2d24a5ada4ec","D14","SYCA","SYCA.AOS.groundwater.well.003","2020-02-12T22:54Z","SYCA.W3.20200212",,"SYCA.W3.20200212",1,,,,,"2020-02-12T23:16Z","2020-02-13T00:00Z",2000.0,
