uid,domainID,siteID,namedLocation,collectDate,titrationDate,parentSampleID,domainSampleID,remarks,measuredBy,alkMeqPerL,alkMgPerL,ancMeqPerL,ancMgPerL
"8984e7d5-7c83-409f-bbbd-5395cbafcba0","D14","SYCA","SYCA.AOS.groundwater.well.001","2020-02-12T16:24Z","2020-02-13T16:45Z","SYCA.W1.20200212","SYCA.W1.20200212.ALK",,"Tgilbert",4.310,216.000,,
"02b3db67-cda9-4878-9076-b71d573c204a","D14","SYCA","SYCA.AOS.groundwater.well.002","2020-02-12T18:34Z","2020-02-13T17:32Z","SYCA.W2.20200212","SYCA.W2.20200212.ALK",,"Tgilbert",3.380,169.000,,
"d9a05cf3-04a6-4014-9102-2cb552051123","D14","SYCA","SYCA.AOS.groundwater.well.004","2020-02-12T20:51Z","2020-02-13T19:10Z","SYCA.W4.20200212","SYCA.W4.20200212.ALK",,"Tgilbert",3.540,177.000,,
"292de004-cb1f-456f-8594-420050a84bc2","D14","SYCA","SYCA.AOS.groundwater.well.003","2020-02-12T22:54Z","2020-02-13T19:41Z","SYCA.W3.20200212","SYCA.W3.20200212.ALK",,"Tgilbert",2.580,129.000,,
