uid,domainID,siteID,namedLocation,decimalLatitude,decimalLongitude,coordinateUncertainty,elevation,elevationUncertainty,geodeticDatum,collectDate,aquaticSiteType,samplingImpractical,waterChemSamplesCollected,adequateSampleVol,parentSampleID,eventID,swcSamplingProtocolVersion,sampleExtractionMethod,samplerType,totalWellDepth,wellWaterDepth,waterColumnHeight,sampleDepth,purgeAverageDischargeRate,purgeTime,gwWellStabilized,purgeDryDateTime,pumpPlacementDate,screenedIntervalDepth,maxAllowableDrawdown,actualDrawdown,MADExceeded,wellVolumePurged,probeIDUnavailable,dissolvedOxygen,dissolvedOxygenSaturation,specificConductance,waterTemp,pH,waterClarityDescrip,waterColorDescrip,aCollectedBy,bCollectedBy,remarks
"07a33541-df17-46bc-a9cb-6c985ba4f448","D14","SYCA","SYCA.AOS.groundwater.well.001",33.750514,-111.507112,0.1,646.3,0.1,"WGS84","2020-02-12T16:24Z","stream",,"Y","Y","SYCA.W1.20200212","SYCA.20200212","NEON.DOC.002905vG","low-flow","Groundwater Pump",6.7,3.0,3.7,4.0,,,,,,,,,,3.5,,0.43,4.30,450.00,15.10,7.29,"clear","colorless","0000-0002-3471-5245","0000-0001-8362-7797",
"7ccf3b98-2f50-4cff-adb7-78c30f2b4762","D14","SYCA","SYCA.AOS.groundwater.well.002",33.750561,-111.507255,0.1,646.2,0.1,"WGS84","2020-02-12T18:34Z","stream",,"Y","Y","SYCA.W2.20200212","SYCA.20200212","NEON.DOC.002905vG","low-flow","Groundwater Pump",6.7,2.8,3.9,3.8,,,,,,,,,,1.7,,2.22,21.60,383.60,14.40,7.36,"clear","colorless","0000-0001-8362-7797","0000-0002-3471-5245",
"2bb2f8e8-9f1b-471c-9e89-3544e3b7e6fc","D14","SYCA","SYCA.AOS.groundwater.well.004",33.750662,-111.507276,0.1,646.6,0.1,"WGS84","2020-02-12T20:51Z","stream",,"Y","Y","SYCA.W4.20200212","SYCA.20200212","NEON.DOC.002905vG","low-flow","Groundwater Pump",6.2,3.2,3.0,4.2,,,,,,,,,,2.1,,2.40,24.70,505.00,18.30,7.32,"clear","colorless","0000-0001-8362-7797","0000-0002-6694-2717",
"6cb35d31-26e2-4ca5-9069-36e741227652","D14","SYCA","SYCA.AOS.groundwater.well.003",33.750864,-111.507595,0.1,646.4,0.1,"WGS84","2020-02-12T22:54Z","stream",,"Y","Y","SYCA.W3.20200212","SYCA.20200212","NEON.DOC.002905vG","low-flow","Groundwater Pump",6.1,2.8,3.2,3.8,,,,,,,,,,1.7,,2.66,25.60,371.00,13.60,7.29,"clear","colorless","0000-0001-8362-7797","0000-0002-6694-2717",
