uid,domainID,siteID,namedLocation,sampleID,sampleCode,startDate,collectDate,laboratoryName,analyte,analyteConcentration,analyteUnits,coolerTemp,remarks,shipmentWarmQF,externalLabDataQF,sampleCondition
"6a2234e2-9b87-4c01-8676-53bfb7aa8c9e","D14","SYCA","SYCA.AOS.groundwater.well.001","SYCA.W1.20200212.FIL","A00000096491","2020-02-12T16:24Z","2020-02-12T16:24Z","EcoCore_CSU","TDN",0.1319,"milligramsPerLiter",0.4,,0,,"OK"
"41c1a381-fabe-4d61-80e8-0cde3c070593","D14","SYCA","SYCA.AOS.groundwater.well.001","SYCA.W1.20200212.FIL","A00000096491","2020-02-12T16:24Z","2020-02-12T16:24Z","EcoCore_CSU","DOC",2.6720,"milligramsPerLiter",0.4,,0,,"OK"
"7d8aa369-9026-42af-9ce0-375620b69117","D14","SYCA","SYCA.AOS.groundwater.well.001","SYCA.W1.20200212.FIL","A00000096491","2020-02-12T16:24Z","2020-02-12T16:24Z","EcoCore_CSU","DIC",61.1700,"milligramsPerLiter",0.4,,0,,"OK"
"85fb3df2-4d29-4cf1-b934-e1b741a38394","D14","SYCA","SYCA.AOS.groundwater.well.002","SYCA.W2.20200212.FIL","A00000096520","2020-02-12T18:34Z","2020-02-12T18:34Z","EcoCore_CSU","DIC",48.1800,"milligramsPerLiter",0.4,,0,,"OK"
"73520d8c-6d5b-4a11-963c-d1d678c6499e","D14","SYCA","SYCA.AOS.groundwater.well.002","SYCA.W2.20200212.FIL","A00000096520","2020-02-12T18:34Z","2020-02-12T18:34Z","EcoCore_CSU","DOC",2.6060,"milligramsPerLiter",0.4,,0,,"OK"
"c3bacf37-d1e8-4645-9bf4-87c340610fce","D14","SYCA","SYCA.AOS.groundwater.well.002","SYCA.W2.20200212.FIL","A00000096520","2020-02-12T18:34Z","2020-02-12T18:34Z","EcoCore_CSU","TDN",0.3315,"milligramsPerLiter",0.4,,0,,"OK"
"e20c3145-0e13-423d-b27b-723bc2a98e77","D14","SYCA","SYCA.AOS.groundwater.well.004","SYCA.W4.20200212.FIL","A00000096523","2020-02-12T20:51Z","2020-02-12T20:51Z","EcoCore_CSU","DOC",3.0710,"milligramsPerLiter",0.4,,0,,"OK"
"b58e1beb-4bb8-4ab9-90d2-33bf21d93635","D14","SYCA","SYCA.AOS.groundwater.well.004","SYCA.W4.20200212.FIL","A00000096523","2020-02-12T20:51Z","2020-02-12T20:51Z","EcoCore_CSU","DIC",65.4500,"milligramsPerLiter",0.4,,0,,"OK"
"efbe1fea-bc41-4091-a8da-6ffa962be49a","D14","SYCA","SYCA.AOS.groundwater.well.004","SYCA.W4.20200212.FIL","A00000096523","2020-02-12T20:51Z","2020-02-12T20:51Z","EcoCore_CSU","TDN",0.1424,"milligramsPerLiter",0.4,,0,,"OK"
"15d11099-60c8-4a05-80c5-025837af1f8b","D14","SYCA","SYCA.AOS.groundwater.well.003","SYCA.W3.20200212.FIL","A00000096522","2020-02-12T22:54Z","2020-02-12T22:54Z","EcoCore_CSU","TDN",0.1278,"milligramsPerLiter",0.4,,0,,"OK"
"f1c855fb-6888-41b2-a8b5-d9a10bf3be72","D14","SYCA","SYCA.AOS.groundwater.well.003","SYCA.W3.20200212.FIL","A00000096522","2020-02-12T22:54Z","2020-02-12T22:54Z","EcoCore_CSU","DOC",2.7140,"milligramsPerLiter",0.4,,0,,"OK"
"135ab2d3-48d8-48e1-b29a-80984be5e7e7","D14","SYCA","SYCA.AOS.groundwater.well.003","SYCA.W3.20200212.FIL","A00000096522","2020-02-12T22:54Z","2020-02-12T22:54Z","EcoCore_CSU","DIC",48.2300,"milligramsPerLiter",0.4,,0,,"OK"
