uid,domainID,siteID,namedLocation,decimalLatitude,decimalLongitude,coordinateUncertainty,elevation,elevationUncertainty,geodeticDatum,collectDate,aquaticSiteType,samplingImpractical,waterChemSamplesCollected,adequateSampleVol,parentSampleID,eventID,swcSamplingProtocolVersion,sampleExtractionMethod,samplerType,totalWellDepth,wellWaterDepth,waterColumnHeight,sampleDepth,purgeAverageDischargeRate,purgeTime,gwWellStabilized,purgeDryDateTime,pumpPlacementDate,screenedIntervalDepth,maxAllowableDrawdown,actualDrawdown,MADExceeded,wellVolumePurged,probeIDUnavailable,dissolvedOxygen,dissolvedOxygenSaturation,specificConductance,waterTemp,pH,waterClarityDescrip,waterColorDescrip,aCollectedBy,bCollectedBy,remarks
"8a748f10-5bb5-45a9-b907-de50213867ea","D06","MCDI","MCDI.AOS.groundwater.well.002",38.947494,-96.444025,0.1,380.6,0.1,"WGS84","2020-04-08T20:39Z","stream","logistical",,"Y","MCDI.W2.20200408","MCDI.20200408","NEON.DOC.002905vG",,,,,,,,,,,,,,,,,,,,,,,,,"0000-0001-9594-9689",,"COVID19"
"fd5fe6d3-65f8-41b7-a41b-76f67310a207","D06","MCDI","MCDI.AOS.groundwater.well.004",38.946864,-96.444102,0.1,377.4,0.1,"WGS84","2020-04-08T20:40Z","stream","logistical",,"Y","MCDI.W4.20200408","MCDI.20200408","NEON.DOC.002905vG",,,,,,,,,,,,,,,,,,,,,,,,,"0000-0001-9594-9689",,"COVID19"
"11140e05-af29-4511-8595-1427ab38cb73","D06","MCDI","MCDI.AOS.groundwater.well.005",38.946577,-96.443425,0.1,377.2,0.1,"WGS84","2020-04-08T20:41Z","stream","logistical",,"Y","MCDI.W5.20200408","MCDI.20200408","NEON.DOC.002905vG",,,,,,,,,,,,,,,,,,,,,,,,,"0000-0001-9594-9689",,"COVID19"
"33a125f3-d45c-4a6e-a78c-1e854e6b1300","D06","MCDI","MCDI.AOS.groundwater.well.006",38.946384,-96.442827,0.1,377.9,0.1,"WGS84","2020-04-08T20:42Z","stream","logistical",,"Y","MCDI.W6.20200408","MCDI.20200408","NEON.DOC.002905vG",,,,,,,,,,,,,,,,,,,,,,,,,"0000-0001-9594-9689",,"COVID19"
