uid,domainID,siteID,namedLocation,decimalLatitude,decimalLongitude,coordinateUncertainty,elevation,elevationUncertainty,geodeticDatum,collectDate,aquaticSiteType,samplingImpractical,waterChemSamplesCollected,adequateSampleVol,parentSampleID,eventID,swcSamplingProtocolVersion,sampleExtractionMethod,samplerType,totalWellDepth,wellWaterDepth,waterColumnHeight,sampleDepth,purgeAverageDischargeRate,purgeTime,gwWellStabilized,purgeDryDateTime,pumpPlacementDate,screenedIntervalDepth,maxAllowableDrawdown,actualDrawdown,MADExceeded,wellVolumePurged,probeIDUnavailable,dissolvedOxygen,dissolvedOxygenSaturation,specificConductance,waterTemp,pH,waterClarityDescrip,waterColorDescrip,aCollectedBy,bCollectedBy,remarks
"b7572a03-578c-4740-8d95-a2e87b6d356b","D06","KING","KING.AOS.groundwater.well.001",39.104728,-96.602945,0.1,329.4,0.1,"WGS84","2020-04-07T20:25Z","stream","logistical",,"Y","KING.W1.20200407","KING.20200407","NEON.DOC.002905vG",,,,,,,,,,,,,,,,,,,,,,,,,"0000-0001-9594-9689",,"COVID19"
"22dfb75d-4d46-4bd2-8d59-6cff0842c4cf","D06","KING","KING.AOS.groundwater.well.002",39.104936,-96.602639,0.1,329.1,0.1,"WGS84","2020-04-07T20:27Z","stream","logistical",,"Y","KING.W2.20200407","KING.20200407","NEON.DOC.002905vG",,,,,,,,,,,,,,,,,,,,,,,,,"0000-0001-9594-9689",,"COVID19"
"e8cd716a-a9d3-4fed-851f-f476c8dcfb65","D06","KING","KING.AOS.groundwater.well.004",39.104850,-96.603323,0.1,328.6,0.1,"WGS84","2020-04-07T20:28Z","stream","logistical",,"Y","KING.W4.20200407","KING.20200407","NEON.DOC.002905vG",,,,,,,,,,,,,,,,,,,,,,,,,"0000-0001-9594-9689",,"COVID19"
"e564eb6f-bf98-491c-8499-3c5a9deea357","D06","KING","KING.AOS.groundwater.well.008",39.105096,-96.603080,0.1,328.4,0.1,"WGS84","2020-04-07T20:31Z","stream","logistical",,"Y","KING.W8.20200407","KING.20200407","NEON.DOC.002905vG",,,,,,,,,,,,,,,,,,,,,,,,,"0000-0001-9594-9689",,"COVID19"
