uid,domainID,siteID,namedLocation,decimalLatitude,decimalLongitude,coordinateUncertainty,elevation,elevationUncertainty,geodeticDatum,collectDate,aquaticSiteType,samplingImpractical,waterChemSamplesCollected,adequateSampleVol,parentSampleID,eventID,swcSamplingProtocolVersion,sampleExtractionMethod,samplerType,totalWellDepth,wellWaterDepth,waterColumnHeight,sampleDepth,purgeAverageDischargeRate,purgeTime,gwWellStabilized,purgeDryDateTime,pumpPlacementDate,screenedIntervalDepth,maxAllowableDrawdown,actualDrawdown,MADExceeded,wellVolumePurged,probeIDUnavailable,dissolvedOxygen,dissolvedOxygenSaturation,specificConductance,waterTemp,pH,waterClarityDescrip,waterColorDescrip,aCollectedBy,bCollectedBy,remarks
"fc7b3ed3-594a-469f-86c5-462848165b53","D03","FLNT","FLNT.AOS.groundwater.well.001",31.186270,-84.437423,0.1,35.0,0.1,"WGS84","2020-02-18T18:20Z","river",,"Y","Y","FLNT.W1.20200218","FLNT.20200218","NEON.DOC.002905vG","low-flow","Groundwater Pump",11.5,4.6,6.9,5.6,,,,,,,,,,4.2,,9.20,101.00,98.50,20.20,7.04,"clear","colorless","0000-0003-1571-3196","0000-0001-5871-8742",
"b4ef9e67-f67c-4214-9f73-8fb70cb43439","D03","FLNT","FLNT.AOS.groundwater.well.003",31.185574,-84.438204,0.1,33.9,0.1,"WGS84","2020-02-18T20:12Z","river",,"Y","Y","FLNT.W3.20200218","FLNT.20200218","NEON.DOC.002905vG","low-flow","Groundwater Pump",11.5,3.8,7.8,4.8,,,,,,,,,,3.3,,7.29,81.80,62.80,21.10,7.11,"clear","colorless","0000-0003-1571-3196","0000-0001-5871-8742",
"6d9195a8-d98f-4381-a76a-94eaba30045f","D03","FLNT","FLNT.AOS.groundwater.well.006",31.183474,-84.440532,0.1,35.4,0.1,"WGS84","2020-02-19T14:13Z","river",,"Y","Y","FLNT.W6.20200219","FLNT.20200219","NEON.DOC.002905vG","low-flow","Groundwater Pump",13.1,5.5,7.6,6.5,,,,,,,,,,2.1,,7.89,80.09,62.10,16.50,6.88,"clear","colorless","0000-0003-1571-3196","0000-0001-5871-8742",
"60901135-c3d8-4fb0-920d-e9913b9e7f36","D03","FLNT","FLNT.AOS.groundwater.well.007",31.182761,-84.441471,0.1,35.8,0.1,"WGS84","2020-02-19T15:36Z","river",,"Y","Y","FLNT.W7.20200219","FLNT.20200219","NEON.DOC.002905vG","low-flow","Groundwater Pump",13.1,5.7,7.4,6.7,,,,,,,,,,2.2,,7.76,79.80,68.00,17.10,6.65,"clear","colorless","0000-0003-1571-3196","0000-0001-5871-8742",
