uid,domainID,siteID,namedLocation,sampleID,sampleCode,startDate,collectDate,laboratoryName,analyte,analyteConcentration,analyteUnits,coolerTemp,remarks,shipmentWarmQF,externalLabDataQF,sampleCondition
"310f5f46-4a30-485a-9b29-6e46eecdb64f","D03","FLNT","FLNT.AOS.groundwater.well.001","FLNT.W1.20200218.FIL","A00000129648","2020-02-18T18:20Z","2020-02-18T18:20Z","EcoCore_CSU","TDN",0.1805,"milligramsPerLiter",1.2,,0,,"OK"
"add17370-7bfa-4031-a43d-574002183d7b","D03","FLNT","FLNT.AOS.groundwater.well.001","FLNT.W1.20200218.FIL","A00000129648","2020-02-18T18:20Z","2020-02-18T18:20Z","EcoCore_CSU","DIC",13.5100,"milligramsPerLiter",1.2,,0,,"OK"
"7627b255-982b-40d9-99f1-d2e7986237c5","D03","FLNT","FLNT.AOS.groundwater.well.001","FLNT.W1.20200218.FIL","A00000129648","2020-02-18T18:20Z","2020-02-18T18:20Z","EcoCore_CSU","DOC",1.4390,"milligramsPerLiter",1.2,,0,,"OK"
"913adb07-8053-446a-9ff4-9582a7a191fa","D03","FLNT","FLNT.AOS.groundwater.well.003","FLNT.W3.20200218.FIL","A00000129653","2020-02-18T20:12Z","2020-02-18T20:12Z","EcoCore_CSU","DOC",1.9340,"milligramsPerLiter",1.2,,0,,"OK"
"955c3244-d5f4-4fb2-960f-8708bd1cb67d","D03","FLNT","FLNT.AOS.groundwater.well.003","FLNT.W3.20200218.FIL","A00000129653","2020-02-18T20:12Z","2020-02-18T20:12Z","EcoCore_CSU","DIC",5.6050,"milligramsPerLiter",1.2,,0,,"OK"
"1bbab155-cbdc-4af8-b5c7-12e1f4e5c627","D03","FLNT","FLNT.AOS.groundwater.well.003","FLNT.W3.20200218.FIL","A00000129653","2020-02-18T20:12Z","2020-02-18T20:12Z","EcoCore_CSU","TDN",0.3416,"milligramsPerLiter",1.2,,0,,"OK"
