uid,domainID,siteID,namedLocation,collectDate,parentSampleID,sampleCondition,sampleID,replicateNumber,gwwDICBubbleFree,gwwFiltSampleHeadspace,gwwAlkSampleHeadspace,gwwAlkSampleBubbleFree,processedDate,processedDateFilters,sampleVolumeFiltered,shipmentTimeRange
"94a5d083-1631-4e1d-bfa4-89c15a473467","D03","FLNT","FLNT.AOS.groundwater.well.001","2020-02-18T18:20Z","FLNT.W1.20200218","Sample condition ok","FLNT.W1.20200218",1,,,,,"2020-02-18T18:38Z","2020-02-18T18:38Z",600.0,
"2978784b-f6d0-4ad7-b5d8-6162485bd333","D03","FLNT","FLNT.AOS.groundwater.well.003","2020-02-18T20:12Z","FLNT.W3.20200218","Sample condition ok","FLNT.W3.20200218",1,,,,,"2020-02-18T20:12Z","2020-02-18T20:12Z",600.0,
"a964ff58-1e81-4e50-892b-590049ef67d7","D03","FLNT","FLNT.AOS.groundwater.well.006","2020-02-19T14:13Z","FLNT.W6.20200219","Sample condition ok","FLNT.W6.20200219",1,,,,,"2020-02-19T14:31Z","2020-02-19T14:31Z",600.0,
"4ceb167e-d77b-4f79-ba61-ca11c971748a","D03","FLNT","FLNT.AOS.groundwater.well.007","2020-02-19T15:36Z","FLNT.W7.20200219",,"FLNT.W7.20200219",1,,,,,"2020-02-19T15:36Z","2020-02-19T15:36Z",500.0,
