uid,domainID,siteID,namedLocation,collectDate,titrationDate,parentSampleID,domainSampleID,remarks,measuredBy,alkMeqPerL,alkMgPerL,ancMeqPerL,ancMgPerL
"0d486631-6188-4ef8-8d91-a45fdd188af0","D03","FLNT","FLNT.AOS.groundwater.well.001","2020-02-18T18:20Z","2019-12-10T21:36Z","FLNT.W1.20200218","FLNT.W1.20200218.ALK",,"fsanchez@battelleecology.org",0.490,24.800,,
"0dee381c-51b5-4486-b708-14dfc8855a30","D03","FLNT","FLNT.AOS.groundwater.well.003","2020-02-18T20:12Z","2019-12-10T22:16Z","FLNT.W3.20200218","FLNT.W3.20200218.ALK",,"fsanchez@battelleecology.org",0.340,17.200,,
"c99ed37e-ca78-4fce-a082-04521f10c319","D03","FLNT","FLNT.AOS.groundwater.well.006","2020-02-19T14:13Z","2020-02-20T12:08Z","FLNT.W6.20200219","FLNT.W6.20200219.ALK",,"fsanchez@battelleecology.org",0.400,20.200,,
"06cc56e8-7348-4062-8589-362688ed7258","D03","FLNT","FLNT.AOS.groundwater.well.007","2020-02-19T15:36Z","2020-02-20T12:52Z","FLNT.W7.20200219","FLNT.W7.20200219.ALK",,"fsanchez@battelleecology.org",0.380,18.800,,
