uid,domainID,siteID,namedLocation,collectDate,titrationDate,parentSampleID,domainSampleID,remarks,measuredBy,alkMeqPerL,alkMgPerL,ancMeqPerL,ancMgPerL
"c1865680-139c-4681-a46a-e32adccbcb23","D03","FLNT","FLNT.AOS.groundwater.well.007","2019-02-26T17:45Z",,"FLNT.W7.20190226","FLNT.W7.20190226.ALK",,"kross@battelleecology.org",4.230,212.000,,
"030bfe5d-a447-4117-9a5b-0dd697606875","D03","FLNT","FLNT.AOS.groundwater.well.006","2019-02-27T13:56Z","2019-02-27T20:07Z","FLNT.W6.20190227","FLNT.W6.20190227.ALK",,"kross@battelleecology.org",2.990,150.000,,
"76095a5a-080e-4867-a428-7922de473654","D03","FLNT","FLNT.AOS.groundwater.well.001","2019-02-27T15:45Z","2019-02-27T20:35Z","FLNT.W1.20190227","FLNT.W1.20190227.ALK",,"kross@battelleecology.org",2.790,140.000,,
"25b20650-9798-4a8c-8528-cccec71df46a","D03","FLNT","FLNT.AOS.groundwater.well.003","2019-02-27T17:05Z","2019-02-27T20:59Z","FLNT.W3.20190227","FLNT.W3.20190227.ALK",,"kross@battelleecology.org",2.960,148.000,,
