uid,domainID,siteID,namedLocation,sampleID,sampleCode,startDate,collectDate,laboratoryName,analyte,analyteConcentration,analyteUnits,coolerTemp,remarks,shipmentWarmQF,externalLabDataQF,sampleCondition
"7f4175df-360e-40e0-8454-3db28b4c2402","D03","FLNT","FLNT.AOS.groundwater.well.007","FLNT.W7.20190226.FIL","A00000037517","2019-02-26T17:45Z","2019-02-26T17:45Z","EcoCore_CSU","DOC",0.7096,"milligramsPerLiter",0.3,,0,"formatChange","GOOD"
"ce47fda8-3976-4ecd-8b27-7dc30c90510b","D03","FLNT","FLNT.AOS.groundwater.well.007","FLNT.W7.20190226.PCN","A00000037534","2019-02-26T17:45Z","2019-02-26T17:45Z","EcoCore_CSU","TPC",0.3437,"milligram",0.3,,0,"formatChange","GOOD"
"e907fdf3-87a6-4287-b608-956212f19b69","D03","FLNT","FLNT.AOS.groundwater.well.007","FLNT.W7.20190226.FIL","A00000037517","2019-02-26T17:45Z","2019-02-26T17:45Z","EcoCore_CSU","TDS",298.6300,"milligramsPerLiter",0.3,,0,"formatChange","GOOD"
"6ca5406e-8cbf-4210-805f-4a687640ba15","D03","FLNT","FLNT.AOS.groundwater.well.007","FLNT.W7.20190226.RAW","A00000037516","2019-02-26T17:45Z","2019-02-26T17:45Z","EcoCore_CSU","pH",7.5700,"pH",0.3,,0,"formatChange","GOOD"
"ae0b8e7f-fc03-4664-a604-f4bb93640268","D03","FLNT","FLNT.AOS.groundwater.well.007","FLNT.W7.20190226.RAW","A00000037516","2019-02-26T17:45Z","2019-02-26T17:45Z","EcoCore_CSU","TSS",8.0000,"milligramsPerLiter",0.3,,0,"formatChange","GOOD"
"c0f27a5d-cc93-4314-a563-ea23dd548edb","D03","FLNT","FLNT.AOS.groundwater.well.007","FLNT.W7.20190226.FIL","A00000037517","2019-02-26T17:45Z","2019-02-26T17:45Z","EcoCore_CSU","HCO3",236.5400,"milligramsPerLiter",0.3,,0,"formatChange","GOOD"
"afd8793e-f29b-493e-9679-6320a02ec093","D03","FLNT","FLNT.AOS.groundwater.well.007","FLNT.W7.20190226.FIL","A00000037517","2019-02-26T17:45Z","2019-02-26T17:45Z","EcoCore_CSU","UV Absorbance (280 nm)",0.0121,,0.3,,0,"formatChange","GOOD"
"d7adfafe-3149-47de-9f47-d3c71983c572","D03","FLNT","FLNT.AOS.groundwater.well.007","FLNT.W7.20190226.FIL","A00000037517","2019-02-26T17:45Z","2019-02-26T17:45Z","EcoCore_CSU","Ortho - P",0.0170,"milligramsPerLiter",0.3,,0,"formatChange","GOOD"
"322ac695-6e27-4f19-b7d3-8758febbcba7","D03","FLNT","FLNT.AOS.groundwater.well.007","FLNT.W7.20190226.FIL","A00000037517","2019-02-26T17:45Z","2019-02-26T17:45Z","EcoCore_CSU","NO2 - N",0.0398,"milligramsPerLiter",0.3,"Low NO2+NO3 method",0,"formatChange","Other"
"c4265df2-3e9c-4559-afa7-a2f531207b18","D03","FLNT","FLNT.AOS.groundwater.well.007","FLNT.W7.20190226.FIL","A00000037517","2019-02-26T17:45Z","2019-02-26T17:45Z","EcoCore_CSU","NO3+NO2 - N",0.4500,"milligramsPerLiter",0.3,"Low NO2+NO3 method",0,"formatChange","Other"
"ee5f95ec-341d-410b-bba6-42c58edf183a","D03","FLNT","FLNT.AOS.groundwater.well.007","FLNT.W7.20190226.FIL","A00000037517","2019-02-26T17:45Z","2019-02-26T17:45Z","EcoCore_CSU","Br",0.0050,"milligramsPerLiter",0.3,,0,"formatChange","GOOD"
"c1b9b6ef-be74-4157-aaa3-93cd4936aa79","D03","FLNT","FLNT.AOS.groundwater.well.007","FLNT.W7.20190226.FIL","A00000037517","2019-02-26T17:45Z","2019-02-26T17:45Z","EcoCore_CSU","Na",2.4850,"milligramsPerLiter",0.3,,0,"formatChange","GOOD"
"a66a1797-5c8b-4265-993a-68ddba735cfc","D03","FLNT","FLNT.AOS.groundwater.well.007","FLNT.W7.20190226.FIL","A00000037517","2019-02-26T17:45Z","2019-02-26T17:45Z","EcoCore_CSU","K",0.4640,"milligramsPerLiter",0.3,,0,"formatChange","GOOD"
"5777f9f0-3d47-40b0-8ce4-974f7c780dd8","D03","FLNT","FLNT.AOS.groundwater.well.007","FLNT.W7.20190226.RAW","A00000037516","2019-02-26T17:45Z","2019-02-26T17:45Z","EcoCore_CSU","TP",0.6010,"milligramsPerLiter",0.3,,0,"formatChange","GOOD"
"ca5d58a3-ec78-4539-b0fe-bbfc483bd3e0","D03","FLNT","FLNT.AOS.groundwater.well.007","FLNT.W7.20190226.FIL","A00000037517","2019-02-26T17:45Z","2019-02-26T17:45Z","EcoCore_CSU","Fe",0.0150,"milligramsPerLiter",0.3,,0,"formatChange","GOOD"
"ece8f81b-34b6-4bd0-a95f-cd82b350fb6b","D03","FLNT","FLNT.AOS.groundwater.well.007","FLNT.W7.20190226.FIL","A00000037517","2019-02-26T17:45Z","2019-02-26T17:45Z","EcoCore_CSU","TDN",0.5495,"milligramsPerLiter",0.3,,0,"formatChange","GOOD"
"8a7ff238-12ff-498c-a329-d48a9803f001","D03","FLNT","FLNT.AOS.groundwater.well.007","FLNT.W7.20190226.FIL","A00000037517","2019-02-26T17:45Z","2019-02-26T17:45Z","EcoCore_CSU","DIC",49.9200,"milligramsPerLiter",0.3,,0,"formatChange","GOOD"
"abbd1682-cc6b-4430-9c0e-2266cdda7b47","D03","FLNT","FLNT.AOS.groundwater.well.007","FLNT.W7.20190226.FIL","A00000037517","2019-02-26T17:45Z","2019-02-26T17:45Z","EcoCore_CSU","NH4 - N",0.0801,"milligramsPerLiter",0.3,,0,"formatChange","GOOD"
"78d74323-5b0b-4022-96fd-99e12aaa9e3c","D03","FLNT","FLNT.AOS.groundwater.well.007","FLNT.W7.20190226.FIL","A00000037517","2019-02-26T17:45Z","2019-02-26T17:45Z","EcoCore_CSU","UV Absorbance (250 nm)",0.0150,,0.3,,0,"formatChange","GOOD"
"b43ca1d4-0f36-498d-97ac-6481f95d85ff","D03","FLNT","FLNT.AOS.groundwater.well.007","FLNT.W7.20190226.FIL","A00000037517","2019-02-26T17:45Z","2019-02-26T17:45Z","EcoCore_CSU","SO4",6.3780,"milligramsPerLiter",0.3,,0,"formatChange","GOOD"
"93ff92be-e9c4-4c5e-8880-661d4cc47b1d","D03","FLNT","FLNT.AOS.groundwater.well.007","FLNT.W7.20190226.FIL","A00000037517","2019-02-26T17:45Z","2019-02-26T17:45Z","EcoCore_CSU","Si",5.3823,"milligramsPerLiter",0.3,,0,"formatChange","GOOD"
"80b734e3-5dbb-4aee-86e9-aef547583353","D03","FLNT","FLNT.AOS.groundwater.well.007","FLNT.W7.20190226.PCN","A00000037534","2019-02-26T17:45Z","2019-02-26T17:45Z","EcoCore_CSU","TPN",0.1280,"milligram",0.3,,0,"formatChange","GOOD"
"7dfa9289-0e36-4e64-9362-4a0ca927d07b","D03","FLNT","FLNT.AOS.groundwater.well.007","FLNT.W7.20190226.FIL","A00000037517","2019-02-26T17:45Z","2019-02-26T17:45Z","EcoCore_CSU","Cl",7.4100,"milligramsPerLiter",0.3,,0,"formatChange","GOOD"
"0e5d3cb6-c14f-4db2-b72e-edf9e40163ab","D03","FLNT","FLNT.AOS.groundwater.well.007","FLNT.W7.20190226.RAW","A00000037516","2019-02-26T17:45Z","2019-02-26T17:45Z","EcoCore_CSU","conductivity",425.3100,"microsiemensPerCentimeter",0.3,,0,"formatChange","GOOD"
"4fe5c1d2-c07d-45f6-b685-bb6b37874b6c","D03","FLNT","FLNT.AOS.groundwater.well.007","FLNT.W7.20190226.FIL","A00000037517","2019-02-26T17:45Z","2019-02-26T17:45Z","EcoCore_CSU","TDP",0.0360,"milligramsPerLiter",0.3,,0,"formatChange","GOOD"
"45c16dd7-23dd-4530-95c9-963de3466e46","D03","FLNT","FLNT.AOS.groundwater.well.007","FLNT.W7.20190226.FIL","A00000037517","2019-02-26T17:45Z","2019-02-26T17:45Z","EcoCore_CSU","F",0.5600,"milligramsPerLiter",0.3,,0,"formatChange","GOOD"
"fa445cdf-e156-4561-85d2-771eb43f0157","D03","FLNT","FLNT.AOS.groundwater.well.007","FLNT.W7.20190226.FIL","A00000037517","2019-02-26T17:45Z","2019-02-26T17:45Z","EcoCore_CSU","Mn",0.1860,"milligramsPerLiter",0.3,,0,"formatChange","GOOD"
"d60f5e62-5e51-4294-9605-3d15b50ed251","D03","FLNT","FLNT.AOS.groundwater.well.007","FLNT.W7.20190226.RAW","A00000037516","2019-02-26T17:45Z","2019-02-26T17:45Z","EcoCore_CSU","TOC",0.6596,"milligramsPerLiter",0.3,,0,"formatChange","GOOD"
"cfe39ed6-365c-490f-9e1a-cdbc39cbbc4e","D03","FLNT","FLNT.AOS.groundwater.well.007","FLNT.W7.20190226.RAW","A00000037516","2019-02-26T17:45Z","2019-02-26T17:45Z","EcoCore_CSU","ANC",3.8900,"milliequivalentsPerLiter",0.3,,0,"formatChange","GOOD"
"94b6d05f-77df-45cd-9196-59595a2cf015","D03","FLNT","FLNT.AOS.groundwater.well.007","FLNT.W7.20190226.RAW","A00000037516","2019-02-26T17:45Z","2019-02-26T17:45Z","EcoCore_CSU","TSS - Dry Mass",400.0000,"microgram",0.3,,0,"formatChange","GOOD"
"bae443f7-9e3d-47d5-9928-7036667de286","D03","FLNT","FLNT.AOS.groundwater.well.007","FLNT.W7.20190226.FIL","A00000037517","2019-02-26T17:45Z","2019-02-26T17:45Z","EcoCore_CSU","Mg",0.8520,"milligramsPerLiter",0.3,,0,"formatChange","GOOD"
"4b5bc49c-9761-4597-aec5-12611aa4f64c","D03","FLNT","FLNT.AOS.groundwater.well.007","FLNT.W7.20190226.FIL","A00000037517","2019-02-26T17:45Z","2019-02-26T17:45Z","EcoCore_CSU","Ca",80.9689,"milligramsPerLiter",0.3,,0,"formatChange","GOOD"
"44b0132b-c58f-4205-8040-4698deec3a9e","D03","FLNT","FLNT.AOS.groundwater.well.007","FLNT.W7.20190226.RAW","A00000037516","2019-02-26T17:45Z","2019-02-26T17:45Z","EcoCore_CSU","TN",0.5639,"milligramsPerLiter",0.3,,0,"formatChange","GOOD"
"dd6daf45-7659-4fc7-a993-8ee3522718c4","D03","FLNT","FLNT.AOS.groundwater.well.007","FLNT.W7.20190226.FIL","A00000037517","2019-02-26T17:45Z","2019-02-26T17:45Z","EcoCore_CSU","CO3",0.0050,"milligramsPerLiter",0.3,,0,"formatChange","GOOD"
"f097b3d6-323d-4c0e-a0ac-365632400526","D03","FLNT","FLNT.AOS.groundwater.well.006","FLNT.W6.20190227.FIL","A00000037531","2019-02-27T13:56Z","2019-02-27T13:56Z","EcoCore_CSU","NH4 - N",0.0681,"milligramsPerLiter",0.7,,0,"formatChange","GOOD"
"c42aa578-3b20-4da6-911e-6d7d1e8f28ce","D03","FLNT","FLNT.AOS.groundwater.well.006","FLNT.W6.20190227.FIL","A00000037531","2019-02-27T13:56Z","2019-02-27T13:56Z","EcoCore_CSU","Mn",0.0005,"milligramsPerLiter",0.7,,0,"formatChange","GOOD"
"49e5e344-313b-42fb-a985-32ea2749126c","D03","FLNT","FLNT.AOS.groundwater.well.006","FLNT.W6.20190227.RAW","A00000037532","2019-02-27T13:56Z","2019-02-27T13:56Z","EcoCore_CSU","TOC",0.4562,"milligramsPerLiter",0.7,,0,"formatChange","GOOD"
"53fbd50d-2bc9-4ec3-9ace-ef8bb9313bff","D03","FLNT","FLNT.AOS.groundwater.well.006","FLNT.W6.20190227.PCN","A00000037529","2019-02-27T13:56Z","2019-02-27T13:56Z","EcoCore_CSU","TPN",0.0994,"milligram",0.7,,0,"formatChange","GOOD"
"22c9d927-c1cd-4fa9-99e5-b0c5f5dcea74","D03","FLNT","FLNT.AOS.groundwater.well.006","FLNT.W6.20190227.FIL","A00000037531","2019-02-27T13:56Z","2019-02-27T13:56Z","EcoCore_CSU","TDN",1.5530,"milligramsPerLiter",0.7,,0,"formatChange","GOOD"
"1503fcbf-a866-4fa9-bbf5-5d69c33df66d","D03","FLNT","FLNT.AOS.groundwater.well.006","FLNT.W6.20190227.RAW","A00000037532","2019-02-27T13:56Z","2019-02-27T13:56Z","EcoCore_CSU","TSS",4.0000,"milligramsPerLiter",0.7,,0,"formatChange","GOOD"
"535afa35-c736-417b-afba-cdd0c86dc3e2","D03","FLNT","FLNT.AOS.groundwater.well.006","FLNT.W6.20190227.FIL","A00000037531","2019-02-27T13:56Z","2019-02-27T13:56Z","EcoCore_CSU","Si",3.7955,"milligramsPerLiter",0.7,,0,"formatChange","GOOD"
"b307baab-cb46-4107-85b6-f25e313d9168","D03","FLNT","FLNT.AOS.groundwater.well.006","FLNT.W6.20190227.FIL","A00000037531","2019-02-27T13:56Z","2019-02-27T13:56Z","EcoCore_CSU","HCO3",190.1400,"milligramsPerLiter",0.7,,0,"formatChange","GOOD"
"fbad81f6-5dd8-4dd4-8d40-335e2d3f2c8c","D03","FLNT","FLNT.AOS.groundwater.well.006","FLNT.W6.20190227.RAW","A00000037532","2019-02-27T13:56Z","2019-02-27T13:56Z","EcoCore_CSU","pH",7.7700,"pH",0.7,,0,"formatChange","GOOD"
"3be54a0f-1c67-4100-b834-7e36bc12fa31","D03","FLNT","FLNT.AOS.groundwater.well.006","FLNT.W6.20190227.FIL","A00000037531","2019-02-27T13:56Z","2019-02-27T13:56Z","EcoCore_CSU","UV Absorbance (250 nm)",0.0187,,0.7,,0,"formatChange","GOOD"
"8801957e-cb54-4b7a-be85-613de951bdc0","D03","FLNT","FLNT.AOS.groundwater.well.006","FLNT.W6.20190227.FIL","A00000037531","2019-02-27T13:56Z","2019-02-27T13:56Z","EcoCore_CSU","Br",0.0050,"milligramsPerLiter",0.7,,0,"formatChange","GOOD"
"e7404454-2084-4243-b1dd-999d4ca7f450","D03","FLNT","FLNT.AOS.groundwater.well.006","FLNT.W6.20190227.FIL","A00000037531","2019-02-27T13:56Z","2019-02-27T13:56Z","EcoCore_CSU","K",0.2640,"milligramsPerLiter",0.7,,0,"formatChange","GOOD"
"50477ec2-0307-4fb4-bc70-d6d4e6bf0a8d","D03","FLNT","FLNT.AOS.groundwater.well.006","FLNT.W6.20190227.FIL","A00000037531","2019-02-27T13:56Z","2019-02-27T13:56Z","EcoCore_CSU","Na",1.5550,"milligramsPerLiter",0.7,,0,"formatChange","GOOD"
"3bc6eaef-b74e-4f55-b533-5c29cbb4c54f","D03","FLNT","FLNT.AOS.groundwater.well.006","FLNT.W6.20190227.FIL","A00000037531","2019-02-27T13:56Z","2019-02-27T13:56Z","EcoCore_CSU","TDS",226.1900,"milligramsPerLiter",0.7,,0,"formatChange","GOOD"
"a944fb12-7b1a-4d62-b246-ee797e7d3136","D03","FLNT","FLNT.AOS.groundwater.well.006","FLNT.W6.20190227.PCN","A00000037529","2019-02-27T13:56Z","2019-02-27T13:56Z","EcoCore_CSU","TPC",0.2995,"milligram",0.7,,0,"formatChange","GOOD"
"2eda5b95-eb0b-484e-966d-5bdea0e64c08","D03","FLNT","FLNT.AOS.groundwater.well.006","FLNT.W6.20190227.FIL","A00000037531","2019-02-27T13:56Z","2019-02-27T13:56Z","EcoCore_CSU","UV Absorbance (280 nm)",0.0197,,0.7,,0,"formatChange","GOOD"
"c43a73ad-0d4c-426d-a505-bd29e1dfc136","D03","FLNT","FLNT.AOS.groundwater.well.006","FLNT.W6.20190227.FIL","A00000037531","2019-02-27T13:56Z","2019-02-27T13:56Z","EcoCore_CSU","Ca",62.0180,"milligramsPerLiter",0.7,,0,"formatChange","GOOD"
"4251a60c-6e20-4831-b0ed-0f85c5084481","D03","FLNT","FLNT.AOS.groundwater.well.006","FLNT.W6.20190227.FIL","A00000037531","2019-02-27T13:56Z","2019-02-27T13:56Z","EcoCore_CSU","Fe",0.0005,"milligramsPerLiter",0.7,,0,"formatChange","GOOD"
"bb60ba67-d14f-46d1-b3df-4c7660c6e803","D03","FLNT","FLNT.AOS.groundwater.well.006","FLNT.W6.20190227.RAW","A00000037532","2019-02-27T13:56Z","2019-02-27T13:56Z","EcoCore_CSU","TN",1.5800,"milligramsPerLiter",0.7,,0,"formatChange","GOOD"
"b2d0e931-4f47-4da8-896f-59acd3cf3db3","D03","FLNT","FLNT.AOS.groundwater.well.006","FLNT.W6.20190227.FIL","A00000037531","2019-02-27T13:56Z","2019-02-27T13:56Z","EcoCore_CSU","NO3+NO2 - N",1.7344,"milligramsPerLiter",0.7,"Low NO2+NO3 method",0,"formatChange","Other"
"95e08ace-05be-4694-9d07-7e30fda9a15a","D03","FLNT","FLNT.AOS.groundwater.well.006","FLNT.W6.20190227.RAW","A00000037532","2019-02-27T13:56Z","2019-02-27T13:56Z","EcoCore_CSU","TSS - Dry Mass",200.0000,"microgram",0.7,,0,"formatChange","GOOD"
"32c333b4-592d-481c-b91f-39ab74a28aa0","D03","FLNT","FLNT.AOS.groundwater.well.006","FLNT.W6.20190227.FIL","A00000037531","2019-02-27T13:56Z","2019-02-27T13:56Z","EcoCore_CSU","Mg",0.5660,"milligramsPerLiter",0.7,,0,"formatChange","GOOD"
"9d764cc6-57a6-4dc2-8921-746418adf583","D03","FLNT","FLNT.AOS.groundwater.well.006","FLNT.W6.20190227.FIL","A00000037531","2019-02-27T13:56Z","2019-02-27T13:56Z","EcoCore_CSU","DOC",0.5315,"milligramsPerLiter",0.7,,0,"formatChange","GOOD"
"07b3974c-262e-4008-adc6-a120f5e85f16","D03","FLNT","FLNT.AOS.groundwater.well.006","FLNT.W6.20190227.FIL","A00000037531","2019-02-27T13:56Z","2019-02-27T13:56Z","EcoCore_CSU","DIC",36.9500,"milligramsPerLiter",0.7,,0,"formatChange","GOOD"
"12ce5260-0ff0-4906-be27-2a06cf1aadb3","D03","FLNT","FLNT.AOS.groundwater.well.006","FLNT.W6.20190227.FIL","A00000037531","2019-02-27T13:56Z","2019-02-27T13:56Z","EcoCore_CSU","Ortho - P",0.0160,"milligramsPerLiter",0.7,,0,"formatChange","GOOD"
"beb21227-784e-4054-bcbd-473e28060ab2","D03","FLNT","FLNT.AOS.groundwater.well.006","FLNT.W6.20190227.FIL","A00000037531","2019-02-27T13:56Z","2019-02-27T13:56Z","EcoCore_CSU","TDP",0.0530,"milligramsPerLiter",0.7,,0,"formatChange","GOOD"
"67aa655b-36ea-43eb-8099-6fb08928362b","D03","FLNT","FLNT.AOS.groundwater.well.006","FLNT.W6.20190227.RAW","A00000037532","2019-02-27T13:56Z","2019-02-27T13:56Z","EcoCore_CSU","conductivity",325.6300,"microsiemensPerCentimeter",0.7,,0,"formatChange","GOOD"
"bf7728eb-d439-4118-98a4-4835926979f1","D03","FLNT","FLNT.AOS.groundwater.well.006","FLNT.W6.20190227.FIL","A00000037531","2019-02-27T13:56Z","2019-02-27T13:56Z","EcoCore_CSU","NO2 - N",0.0398,"milligramsPerLiter",0.7,"Low NO2+NO3 method",0,"formatChange","Other"
"41e1ff3c-016e-4802-8ba4-ea0b2e85995c","D03","FLNT","FLNT.AOS.groundwater.well.006","FLNT.W6.20190227.FIL","A00000037531","2019-02-27T13:56Z","2019-02-27T13:56Z","EcoCore_CSU","F",0.2800,"milligramsPerLiter",0.7,,0,"formatChange","GOOD"
"de73a746-1ae8-4d40-ab87-dbc1f7481f0a","D03","FLNT","FLNT.AOS.groundwater.well.006","FLNT.W6.20190227.RAW","A00000037532","2019-02-27T13:56Z","2019-02-27T13:56Z","EcoCore_CSU","TP",0.1010,"milligramsPerLiter",0.7,,0,"formatChange","GOOD"
"cbea3a51-2640-4403-9073-06986d54f4ae","D03","FLNT","FLNT.AOS.groundwater.well.006","FLNT.W6.20190227.FIL","A00000037531","2019-02-27T13:56Z","2019-02-27T13:56Z","EcoCore_CSU","Cl",2.8100,"milligramsPerLiter",0.7,,0,"formatChange","GOOD"
"aea6da9d-d2f0-4a68-ba43-68a7ea490633","D03","FLNT","FLNT.AOS.groundwater.well.006","FLNT.W6.20190227.RAW","A00000037532","2019-02-27T13:56Z","2019-02-27T13:56Z","EcoCore_CSU","ANC",0.6400,"milliequivalentsPerLiter",0.7,,0,"formatChange","GOOD"
"c78bc980-d68c-43f6-b113-ba35b5075062","D03","FLNT","FLNT.AOS.groundwater.well.006","FLNT.W6.20190227.FIL","A00000037531","2019-02-27T13:56Z","2019-02-27T13:56Z","EcoCore_CSU","CO3",0.0050,"milligramsPerLiter",0.7,,0,"formatChange","GOOD"
"3fc74fca-f576-401a-a733-498ec3c2cbea","D03","FLNT","FLNT.AOS.groundwater.well.006","FLNT.W6.20190227.FIL","A00000037531","2019-02-27T13:56Z","2019-02-27T13:56Z","EcoCore_CSU","SO4",0.8850,"milligramsPerLiter",0.7,,0,"formatChange","GOOD"
"42508a97-1c40-4ff1-a02d-d4aaf848412f","D03","FLNT","FLNT.AOS.groundwater.well.001","FLNT.W1.20190227.FIL","A00000037528","2019-02-27T15:45Z","2019-02-27T15:45Z","EcoCore_CSU","TDS",201.2800,"milligramsPerLiter",0.7,,0,"formatChange","GOOD"
"8583e41b-8d00-41bb-b805-dfa7ddc2b643","D03","FLNT","FLNT.AOS.groundwater.well.001","FLNT.W1.20190227.RAW","A00000037527","2019-02-27T15:45Z","2019-02-27T15:45Z","EcoCore_CSU","TOC",0.4408,"milligramsPerLiter",0.7,,0,"formatChange","GOOD"
"7a62d44d-cbf5-481a-9998-b3f103b9cf80","D03","FLNT","FLNT.AOS.groundwater.well.001","FLNT.W1.20190227.FIL","A00000037528","2019-02-27T15:45Z","2019-02-27T15:45Z","EcoCore_CSU","Mn",0.0320,"milligramsPerLiter",0.7,,0,"formatChange","GOOD"
"dc67de4e-8d28-48ee-9305-b7abbb6eb263","D03","FLNT","FLNT.AOS.groundwater.well.001","FLNT.W1.20190227.FIL","A00000037528","2019-02-27T15:45Z","2019-02-27T15:45Z","EcoCore_CSU","Mg",0.6320,"milligramsPerLiter",0.7,,0,"formatChange","GOOD"
"3371dc10-122d-4d6c-8a9a-9640a54d4fdf","D03","FLNT","FLNT.AOS.groundwater.well.001","FLNT.W1.20190227.FIL","A00000037528","2019-02-27T15:45Z","2019-02-27T15:45Z","EcoCore_CSU","K",0.2240,"milligramsPerLiter",0.7,,0,"formatChange","GOOD"
"bc29bea6-be4c-4333-9b53-82d71b22b69b","D03","FLNT","FLNT.AOS.groundwater.well.001","FLNT.W1.20190227.RAW","A00000037527","2019-02-27T15:45Z","2019-02-27T15:45Z","EcoCore_CSU","TSS",8.0000,"milligramsPerLiter",0.7,,0,"formatChange","GOOD"
"f29bf272-b1e6-4c09-adf0-740d72d582d1","D03","FLNT","FLNT.AOS.groundwater.well.001","FLNT.W1.20190227.RAW","A00000037527","2019-02-27T15:45Z","2019-02-27T15:45Z","EcoCore_CSU","TP",0.1880,"milligramsPerLiter",0.7,,0,"formatChange","GOOD"
"393f95af-9d57-4a37-8353-3dead1ac7c03","D03","FLNT","FLNT.AOS.groundwater.well.001","FLNT.W1.20190227.FIL","A00000037528","2019-02-27T15:45Z","2019-02-27T15:45Z","EcoCore_CSU","Br",0.0050,"milligramsPerLiter",0.7,,0,"formatChange","GOOD"
"597373e0-789d-4361-99a5-6c69ec1f9c93","D03","FLNT","FLNT.AOS.groundwater.well.001","FLNT.W1.20190227.FIL","A00000037528","2019-02-27T15:45Z","2019-02-27T15:45Z","EcoCore_CSU","DIC",33.0800,"milligramsPerLiter",0.7,,0,"formatChange","GOOD"
"4edeb48b-8c50-4907-a052-f57e00179250","D03","FLNT","FLNT.AOS.groundwater.well.001","FLNT.W1.20190227.FIL","A00000037528","2019-02-27T15:45Z","2019-02-27T15:45Z","EcoCore_CSU","Ortho - P",0.0300,"milligramsPerLiter",0.7,,0,"formatChange","GOOD"
"23418bcf-7ebb-4212-8dd4-e79d3e1c7bf4","D03","FLNT","FLNT.AOS.groundwater.well.001","FLNT.W1.20190227.FIL","A00000037528","2019-02-27T15:45Z","2019-02-27T15:45Z","EcoCore_CSU","HCO3",168.4800,"milligramsPerLiter",0.7,,0,"formatChange","GOOD"
"a439c8e2-3af7-4e46-ac95-17da6f6a1416","D03","FLNT","FLNT.AOS.groundwater.well.001","FLNT.W1.20190227.FIL","A00000037528","2019-02-27T15:45Z","2019-02-27T15:45Z","EcoCore_CSU","Si",4.0541,"milligramsPerLiter",0.7,,0,"formatChange","GOOD"
"303a824b-7b94-49dd-88f4-105597c1a57f","D03","FLNT","FLNT.AOS.groundwater.well.001","FLNT.W1.20190227.FIL","A00000037528","2019-02-27T15:45Z","2019-02-27T15:45Z","EcoCore_CSU","DOC",0.5374,"milligramsPerLiter",0.7,,0,"formatChange","GOOD"
"94982a1f-40b8-4eb0-8f70-bcd9fa745a07","D03","FLNT","FLNT.AOS.groundwater.well.001","FLNT.W1.20190227.RAW","A00000037527","2019-02-27T15:45Z","2019-02-27T15:45Z","EcoCore_CSU","TSS - Dry Mass",400.0000,"microgram",0.7,,0,"formatChange","GOOD"
"1b62dec4-728f-4fb6-b49f-9b06f6625d52","D03","FLNT","FLNT.AOS.groundwater.well.001","FLNT.W1.20190227.FIL","A00000037528","2019-02-27T15:45Z","2019-02-27T15:45Z","EcoCore_CSU","UV Absorbance (280 nm)",0.0024,,0.7,,0,"formatChange","GOOD"
"039d0395-66c0-401f-8e56-b90f8c289008","D03","FLNT","FLNT.AOS.groundwater.well.001","FLNT.W1.20190227.FIL","A00000037528","2019-02-27T15:45Z","2019-02-27T15:45Z","EcoCore_CSU","Na",1.4300,"milligramsPerLiter",0.7,,0,"formatChange","GOOD"
"7c87dbba-e375-426e-ac39-bf07c91e9a16","D03","FLNT","FLNT.AOS.groundwater.well.001","FLNT.W1.20190227.RAW","A00000037527","2019-02-27T15:45Z","2019-02-27T15:45Z","EcoCore_CSU","TN",1.3820,"milligramsPerLiter",0.7,,0,"formatChange","GOOD"
"680e73ae-319c-47b6-b56d-5c10b68f4a9a","D03","FLNT","FLNT.AOS.groundwater.well.001","FLNT.W1.20190227.FIL","A00000037528","2019-02-27T15:45Z","2019-02-27T15:45Z","EcoCore_CSU","NO2 - N",0.0397,"milligramsPerLiter",0.7,"Low NO2+NO3 method",0,"formatChange","Other"
"715871fd-358d-4743-8e69-109cf724675b","D03","FLNT","FLNT.AOS.groundwater.well.001","FLNT.W1.20190227.FIL","A00000037528","2019-02-27T15:45Z","2019-02-27T15:45Z","EcoCore_CSU","Fe",0.0005,"milligramsPerLiter",0.7,,0,"formatChange","GOOD"
"2935c555-bccd-4a39-bdd3-159095c759a0","D03","FLNT","FLNT.AOS.groundwater.well.001","FLNT.W1.20190227.FIL","A00000037528","2019-02-27T15:45Z","2019-02-27T15:45Z","EcoCore_CSU","F",0.4300,"milligramsPerLiter",0.7,,0,"formatChange","GOOD"
"6cbfe63e-e988-4084-828d-a6566cf668d2","D03","FLNT","FLNT.AOS.groundwater.well.001","FLNT.W1.20190227.RAW","A00000037527","2019-02-27T15:45Z","2019-02-27T15:45Z","EcoCore_CSU","pH",7.9000,"pH",0.7,,0,"formatChange","GOOD"
"2bdf9b42-38a2-49db-b65d-8d4863c058f7","D03","FLNT","FLNT.AOS.groundwater.well.001","FLNT.W1.20190227.RAW","A00000037527","2019-02-27T15:45Z","2019-02-27T15:45Z","EcoCore_CSU","conductivity",289.6400,"microsiemensPerCentimeter",0.7,,0,"formatChange","GOOD"
"4b5cc866-e8bc-4039-a782-6e01c1c71615","D03","FLNT","FLNT.AOS.groundwater.well.001","FLNT.W1.20190227.FIL","A00000037528","2019-02-27T15:45Z","2019-02-27T15:45Z","EcoCore_CSU","TDP",0.0340,"milligramsPerLiter",0.7,,0,"formatChange","GOOD"
"8ee1b0b1-8f7d-4580-9997-255c74af6023","D03","FLNT","FLNT.AOS.groundwater.well.001","FLNT.W1.20190227.PCN","A00000037524","2019-02-27T15:45Z","2019-02-27T15:45Z","EcoCore_CSU","TPN",0.1153,"milligram",0.7,,0,"formatChange","GOOD"
"12484a87-8b06-416f-9893-9fda1631925d","D03","FLNT","FLNT.AOS.groundwater.well.001","FLNT.W1.20190227.FIL","A00000037528","2019-02-27T15:45Z","2019-02-27T15:45Z","EcoCore_CSU","UV Absorbance (250 nm)",0.0063,,0.7,,0,"formatChange","GOOD"
"eba1c286-41b1-4040-8165-0a9747f0f00e","D03","FLNT","FLNT.AOS.groundwater.well.001","FLNT.W1.20190227.FIL","A00000037528","2019-02-27T15:45Z","2019-02-27T15:45Z","EcoCore_CSU","SO4",1.5660,"milligramsPerLiter",0.7,,0,"formatChange","GOOD"
"45a6a0b4-2d87-449e-bb20-4b4f58ad3c7c","D03","FLNT","FLNT.AOS.groundwater.well.001","FLNT.W1.20190227.PCN","A00000037524","2019-02-27T15:45Z","2019-02-27T15:45Z","EcoCore_CSU","TPC",0.2929,"milligram",0.7,,0,"formatChange","GOOD"
"010a15a6-fe69-4556-bacc-dae989ec4afb","D03","FLNT","FLNT.AOS.groundwater.well.001","FLNT.W1.20190227.RAW","A00000037527","2019-02-27T15:45Z","2019-02-27T15:45Z","EcoCore_CSU","ANC",2.8200,"milliequivalentsPerLiter",0.7,,0,"formatChange","GOOD"
"18ebbf1c-b7ae-4413-bb6c-7dbd2fba417a","D03","FLNT","FLNT.AOS.groundwater.well.001","FLNT.W1.20190227.FIL","A00000037528","2019-02-27T15:45Z","2019-02-27T15:45Z","EcoCore_CSU","CO3",0.0050,"milligramsPerLiter",0.7,,0,"formatChange","GOOD"
"069e5df9-07df-41a3-aadd-9a858413ddd4","D03","FLNT","FLNT.AOS.groundwater.well.001","FLNT.W1.20190227.FIL","A00000037528","2019-02-27T15:45Z","2019-02-27T15:45Z","EcoCore_CSU","NH4 - N",0.0813,"milligramsPerLiter",0.7,,0,"formatChange","GOOD"
"b2613255-2292-46a8-8bb0-c63bf0eca0ec","D03","FLNT","FLNT.AOS.groundwater.well.001","FLNT.W1.20190227.FIL","A00000037528","2019-02-27T15:45Z","2019-02-27T15:45Z","EcoCore_CSU","Ca",55.2160,"milligramsPerLiter",0.7,,0,"formatChange","GOOD"
"88bd8c95-6c12-432b-ab15-0d0bdd2c4e53","D03","FLNT","FLNT.AOS.groundwater.well.001","FLNT.W1.20190227.FIL","A00000037528","2019-02-27T15:45Z","2019-02-27T15:45Z","EcoCore_CSU","TDN",1.3300,"milligramsPerLiter",0.7,,0,"formatChange","GOOD"
"2433be36-43f7-4d85-9e99-256a8ce861d1","D03","FLNT","FLNT.AOS.groundwater.well.001","FLNT.W1.20190227.FIL","A00000037528","2019-02-27T15:45Z","2019-02-27T15:45Z","EcoCore_CSU","NO3+NO2 - N",1.4919,"milligramsPerLiter",0.7,"Low NO2+NO3 method",0,"formatChange","Other"
"586288d6-a477-4f0c-a036-415f480a91fd","D03","FLNT","FLNT.AOS.groundwater.well.001","FLNT.W1.20190227.FIL","A00000037528","2019-02-27T15:45Z","2019-02-27T15:45Z","EcoCore_CSU","Cl",2.9900,"milligramsPerLiter",0.7,,0,"formatChange","GOOD"
"31f3a1d5-4a8a-4352-b018-4a96a37c1659","D03","FLNT","FLNT.AOS.groundwater.well.003","FLNT.W3.20190227.RAW","A00000037525","2019-02-27T17:05Z","2019-02-27T17:05Z","EcoCore_CSU","ANC",2.9600,"milliequivalentsPerLiter",0.7,,0,"formatChange","GOOD"
"d4bd4e2d-c8bc-4647-b8d4-f157ea407611","D03","FLNT","FLNT.AOS.groundwater.well.003","FLNT.W3.20190227.FIL","A00000037551","2019-02-27T17:05Z","2019-02-27T17:05Z","EcoCore_CSU","Br",0.0050,"milligramsPerLiter",0.7,,0,"formatChange","GOOD"
"dd0024f6-dccc-49d5-9162-f9f5783be83f","D03","FLNT","FLNT.AOS.groundwater.well.003","FLNT.W3.20190227.FIL","A00000037551","2019-02-27T17:05Z","2019-02-27T17:05Z","EcoCore_CSU","SO4",1.1370,"milligramsPerLiter",0.7,,0,"formatChange","GOOD"
"4541ec97-b9a3-46a8-a31f-56e1ca7edbcc","D03","FLNT","FLNT.AOS.groundwater.well.003","FLNT.W3.20190227.FIL","A00000037551","2019-02-27T17:05Z","2019-02-27T17:05Z","EcoCore_CSU","Na",1.4460,"milligramsPerLiter",0.7,,0,"formatChange","GOOD"
"9e0afc06-3f5a-4ae8-9759-4e5f63f79fae","D03","FLNT","FLNT.AOS.groundwater.well.003","FLNT.W3.20190227.FIL","A00000037551","2019-02-27T17:05Z","2019-02-27T17:05Z","EcoCore_CSU","Mg",0.6380,"milligramsPerLiter",0.7,,0,"formatChange","GOOD"
"8d2a51b9-5ad7-4656-ab8b-e6451f4722e9","D03","FLNT","FLNT.AOS.groundwater.well.003","FLNT.W3.20190227.FIL","A00000037551","2019-02-27T17:05Z","2019-02-27T17:05Z","EcoCore_CSU","HCO3",171.6700,"milligramsPerLiter",0.7,,0,"formatChange","GOOD"
"16a99399-57d0-40cf-8802-9bcc4f3ba8d0","D03","FLNT","FLNT.AOS.groundwater.well.003","FLNT.W3.20190227.FIL","A00000037551","2019-02-27T17:05Z","2019-02-27T17:05Z","EcoCore_CSU","Cl",2.8700,"milligramsPerLiter",0.7,,0,"formatChange","GOOD"
"1580438b-caed-413d-8b37-a2de652874e6","D03","FLNT","FLNT.AOS.groundwater.well.003","FLNT.W3.20190227.RAW","A00000037525","2019-02-27T17:05Z","2019-02-27T17:05Z","EcoCore_CSU","TP",0.3310,"milligramsPerLiter",0.7,,0,"formatChange","GOOD"
"1962d650-3a3b-4f56-843b-46fe331d4c0e","D03","FLNT","FLNT.AOS.groundwater.well.003","FLNT.W3.20190227.FIL","A00000037551","2019-02-27T17:05Z","2019-02-27T17:05Z","EcoCore_CSU","UV Absorbance (250 nm)",0.0139,,0.7,,0,"formatChange","GOOD"
"344222a0-45dc-433d-988b-5b6b1a51e721","D03","FLNT","FLNT.AOS.groundwater.well.003","FLNT.W3.20190227.FIL","A00000037551","2019-02-27T17:05Z","2019-02-27T17:05Z","EcoCore_CSU","NO3+NO2 - N",1.5331,"milligramsPerLiter",0.7,"Low NO2+NO3 method",0,"formatChange","Other"
"e44106d5-985d-4239-8a15-f5f7c6747e55","D03","FLNT","FLNT.AOS.groundwater.well.003","FLNT.W3.20190227.FIL","A00000037551","2019-02-27T17:05Z","2019-02-27T17:05Z","EcoCore_CSU","TDS",209.6300,"milligramsPerLiter",0.7,,0,"formatChange","GOOD"
"61fe39fc-506e-4cf3-bc8a-fe8b57d8ed34","D03","FLNT","FLNT.AOS.groundwater.well.003","FLNT.W3.20190227.FIL","A00000037551","2019-02-27T17:05Z","2019-02-27T17:05Z","EcoCore_CSU","DOC",0.8176,"milligramsPerLiter",0.7,,0,"formatChange","GOOD"
"b1ddc31c-e8d1-4f8d-a198-53cd22bd93ff","D03","FLNT","FLNT.AOS.groundwater.well.003","FLNT.W3.20190227.FIL","A00000037551","2019-02-27T17:05Z","2019-02-27T17:05Z","EcoCore_CSU","Si",4.1627,"milligramsPerLiter",0.7,,0,"formatChange","GOOD"
"a38db435-0929-475c-b71b-274c66e758c7","D03","FLNT","FLNT.AOS.groundwater.well.003","FLNT.W3.20190227.FIL","A00000037551","2019-02-27T17:05Z","2019-02-27T17:05Z","EcoCore_CSU","Ca",56.4935,"milligramsPerLiter",0.7,,0,"formatChange","GOOD"
"ea5fa55a-6244-4951-925b-0e4812a0504c","D03","FLNT","FLNT.AOS.groundwater.well.003","FLNT.W3.20190227.FIL","A00000037551","2019-02-27T17:05Z","2019-02-27T17:05Z","EcoCore_CSU","NO2 - N",0.0399,"milligramsPerLiter",0.7,"Low NO2+NO3 method",0,"formatChange","Other"
"06fc5bd5-1a3e-4a88-a0fd-91b3793f0cde","D03","FLNT","FLNT.AOS.groundwater.well.003","FLNT.W3.20190227.FIL","A00000037551","2019-02-27T17:05Z","2019-02-27T17:05Z","EcoCore_CSU","DIC",33.8700,"milligramsPerLiter",0.7,,0,"formatChange","GOOD"
"8692cf99-f0f4-4b9a-b7ed-2cef5667acc9","D03","FLNT","FLNT.AOS.groundwater.well.003","FLNT.W3.20190227.PCN","A00000037552","2019-02-27T17:05Z","2019-02-27T17:05Z","EcoCore_CSU","TPN",0.1118,"milligram",0.7,,0,"formatChange","GOOD"
"43a69127-722c-4af9-a276-ce8897db06c6","D03","FLNT","FLNT.AOS.groundwater.well.003","FLNT.W3.20190227.FIL","A00000037551","2019-02-27T17:05Z","2019-02-27T17:05Z","EcoCore_CSU","F",0.9500,"milligramsPerLiter",0.7,,0,"formatChange","GOOD"
"63cf90c4-c3ed-4216-84e8-d9ff7a9ccc63","D03","FLNT","FLNT.AOS.groundwater.well.003","FLNT.W3.20190227.RAW","A00000037525","2019-02-27T17:05Z","2019-02-27T17:05Z","EcoCore_CSU","TSS - Dry Mass",200.0000,"microgram",0.7,,0,"formatChange","GOOD"
"fb6fc63b-8104-4f29-836e-f5d045d4d328","D03","FLNT","FLNT.AOS.groundwater.well.003","FLNT.W3.20190227.FIL","A00000037551","2019-02-27T17:05Z","2019-02-27T17:05Z","EcoCore_CSU","NH4 - N",0.0775,"milligramsPerLiter",0.7,,0,"formatChange","GOOD"
"09d0e25a-289b-47f8-8a72-4ec72c324237","D03","FLNT","FLNT.AOS.groundwater.well.003","FLNT.W3.20190227.FIL","A00000037551","2019-02-27T17:05Z","2019-02-27T17:05Z","EcoCore_CSU","TDN",1.5770,"milligramsPerLiter",0.7,,0,"formatChange","GOOD"
"c62fc500-d9b5-4d96-91c7-bb2bd8d06cfa","D03","FLNT","FLNT.AOS.groundwater.well.003","FLNT.W3.20190227.RAW","A00000037525","2019-02-27T17:05Z","2019-02-27T17:05Z","EcoCore_CSU","conductivity",301.1100,"microsiemensPerCentimeter",0.7,,0,"formatChange","GOOD"
"f298adb5-d806-435e-8ea5-65198c8f845f","D03","FLNT","FLNT.AOS.groundwater.well.003","FLNT.W3.20190227.RAW","A00000037525","2019-02-27T17:05Z","2019-02-27T17:05Z","EcoCore_CSU","TOC",0.5174,"milligramsPerLiter",0.7,,0,"formatChange","GOOD"
"c6aa77d2-9620-4186-8c78-79dbac117b90","D03","FLNT","FLNT.AOS.groundwater.well.003","FLNT.W3.20190227.RAW","A00000037525","2019-02-27T17:05Z","2019-02-27T17:05Z","EcoCore_CSU","TN",1.4540,"milligramsPerLiter",0.7,,0,"formatChange","GOOD"
"eb74f43d-1b6c-4d4d-bad8-cea3c9776adb","D03","FLNT","FLNT.AOS.groundwater.well.003","FLNT.W3.20190227.RAW","A00000037525","2019-02-27T17:05Z","2019-02-27T17:05Z","EcoCore_CSU","TSS",4.0000,"milligramsPerLiter",0.7,,0,"formatChange","GOOD"
"bf044c89-31cf-4bf0-91aa-45a17a74b282","D03","FLNT","FLNT.AOS.groundwater.well.003","FLNT.W3.20190227.FIL","A00000037551","2019-02-27T17:05Z","2019-02-27T17:05Z","EcoCore_CSU","CO3",0.0050,"milligramsPerLiter",0.7,,0,"formatChange","GOOD"
"ab9ad494-c282-4d90-9ce2-2b8e59c9f1e8","D03","FLNT","FLNT.AOS.groundwater.well.003","FLNT.W3.20190227.PCN","A00000037552","2019-02-27T17:05Z","2019-02-27T17:05Z","EcoCore_CSU","TPC",0.3426,"milligram",0.7,,0,"formatChange","GOOD"
"3d30ea63-7998-4a16-b206-7feaa4ac39fd","D03","FLNT","FLNT.AOS.groundwater.well.003","FLNT.W3.20190227.FIL","A00000037551","2019-02-27T17:05Z","2019-02-27T17:05Z","EcoCore_CSU","TDP",0.0260,"milligramsPerLiter",0.7,,0,"formatChange","GOOD"
"6526ef0f-02e8-462c-8308-6584da2c150a","D03","FLNT","FLNT.AOS.groundwater.well.003","FLNT.W3.20190227.FIL","A00000037551","2019-02-27T17:05Z","2019-02-27T17:05Z","EcoCore_CSU","UV Absorbance (280 nm)",0.0080,,0.7,,0,"formatChange","GOOD"
"571e569b-f99a-43b2-9171-0b49bda4dc2a","D03","FLNT","FLNT.AOS.groundwater.well.003","FLNT.W3.20190227.FIL","A00000037551","2019-02-27T17:05Z","2019-02-27T17:05Z","EcoCore_CSU","Mn",0.0005,"milligramsPerLiter",0.7,,0,"formatChange","GOOD"
"e7761776-2e72-48f3-b020-278b9575c083","D03","FLNT","FLNT.AOS.groundwater.well.003","FLNT.W3.20190227.RAW","A00000037525","2019-02-27T17:05Z","2019-02-27T17:05Z","EcoCore_CSU","pH",7.9300,"pH",0.7,,0,"formatChange","GOOD"
"e47e9f45-33c6-48cc-8c87-860d2abc5265","D03","FLNT","FLNT.AOS.groundwater.well.003","FLNT.W3.20190227.FIL","A00000037551","2019-02-27T17:05Z","2019-02-27T17:05Z","EcoCore_CSU","Fe",0.0005,"milligramsPerLiter",0.7,,0,"formatChange","GOOD"
"028b8c07-a0bc-438a-8c5c-7d98c227f9fb","D03","FLNT","FLNT.AOS.groundwater.well.003","FLNT.W3.20190227.FIL","A00000037551","2019-02-27T17:05Z","2019-02-27T17:05Z","EcoCore_CSU","K",0.2530,"milligramsPerLiter",0.7,,0,"formatChange","GOOD"
"254f6c6c-9977-4e7d-8f65-46b55686f7bc","D03","FLNT","FLNT.AOS.groundwater.well.003","FLNT.W3.20190227.FIL","A00000037551","2019-02-27T17:05Z","2019-02-27T17:05Z","EcoCore_CSU","Ortho - P",-0.0030,"milligramsPerLiter",0.7,,0,"formatChange","GOOD"
