uid,domainID,siteID,namedLocation,collectDate,parentSampleID,sampleCondition,sampleID,replicateNumber,gwwDICBubbleFree,gwwFiltSampleHeadspace,gwwAlkSampleHeadspace,gwwAlkSampleBubbleFree,processedDate,processedDateFilters,sampleVolumeFiltered,shipmentTimeRange
"40c1e02d-67d6-4081-85e3-abc426c3dc73","D03","FLNT","FLNT.AOS.groundwater.well.007","2019-02-26T17:45Z","FLNT.W7.20190226","Sample condition ok","FLNT.W7.20190226",1,,,,,"2019-02-26T17:45Z","2019-02-26T17:45Z",400.0,
"fc80d7fb-8df1-4bb2-852c-ef23cfcc6601","D03","FLNT","FLNT.AOS.groundwater.well.006","2019-02-27T13:56Z","FLNT.W6.20190227","Sample condition ok","FLNT.W6.20190227",1,,,,,"2019-02-27T13:56Z","2019-02-27T13:56Z",500.0,
"bbeb8cf2-f79f-4249-ba6d-eec181330350","D03","FLNT","FLNT.AOS.groundwater.well.001","2019-02-27T15:45Z","FLNT.W1.20190227","Sample condition ok","FLNT.W1.20190227",1,,,,,"2019-02-27T15:45Z",,500.0,
"9547596e-8cbd-4949-b754-84d2b3f14aa9","D03","FLNT","FLNT.AOS.groundwater.well.003","2019-02-27T17:05Z","FLNT.W3.20190227","Sample condition ok","FLNT.W3.20190227",1,,,,,"2019-02-27T17:05Z","2019-02-27T17:05Z",500.0,
