uid,domainID,siteID,namedLocation,decimalLatitude,decimalLongitude,coordinateUncertainty,elevation,elevationUncertainty,geodeticDatum,collectDate,aquaticSiteType,samplingImpractical,waterChemSamplesCollected,adequateSampleVol,parentSampleID,eventID,swcSamplingProtocolVersion,sampleExtractionMethod,samplerType,totalWellDepth,wellWaterDepth,waterColumnHeight,sampleDepth,purgeAverageDischargeRate,purgeTime,gwWellStabilized,purgeDryDateTime,pumpPlacementDate,screenedIntervalDepth,maxAllowableDrawdown,actualDrawdown,MADExceeded,wellVolumePurged,probeIDUnavailable,dissolvedOxygen,dissolvedOxygenSaturation,specificConductance,waterTemp,pH,waterClarityDescrip,waterColorDescrip,aCollectedBy,bCollectedBy,remarks
"338f0b75-c97f-4e2e-8f3b-fd3a75b8943a","D03","FLNT","FLNT.AOS.groundwater.well.007",31.182761,-84.441471,0.1,35.8,0.1,"WGS84","2019-02-26T17:45Z","river",,,"Y","FLNT.W7.20190226","FLNT.20190226","NEON.DOC.002905vE","low-flow","Groundwater Pump",13.1,7.3,5.8,8.3,,,,,,,,,,6.5,,2.44,24.30,373.60,20.40,7.21,"clear","colorless","fsanchez@battelleecology.org","kross@BattelleEcology.org",
"885230be-aa37-49ec-81e9-0ab02a2823dc","D03","FLNT","FLNT.AOS.groundwater.well.006",31.183474,-84.440532,0.1,35.4,0.1,"WGS84","2019-02-27T13:56Z","river",,,"Y","FLNT.W6.20190227","FLNT.20190227","NEON.DOC.000694vE","low-flow","Groundwater Pump",13.1,6.8,6.3,7.8,,,,,,,,,,4.2,,5.79,61.20,289.50,19.20,7.48,"clear","colorless","fsanchez@battelleecology.org","kross@BattelleEcology.org",
"a904c418-ff49-4f09-a4f5-e8b021a3f048","D03","FLNT","FLNT.AOS.groundwater.well.001",31.186270,-84.437423,0.1,35.0,0.1,"WGS84","2019-02-27T15:45Z","river",,,"Y","FLNT.W1.20190227","FLNT.20190227","NEON.DOC.002905vE","low-flow","Groundwater Pump",11.5,6.5,5.0,7.5,,,,,,,,,,2.9,,5.82,62.30,263.60,19.70,7.63,"clear","colorless","fsanchez@battelleecology.org","kross@BattelleEcology.org","Aquatroll and cable was moderately covered in iron bacteria."
"c4d71936-9b84-480b-b01c-401d41e23a2a","D03","FLNT","FLNT.AOS.groundwater.well.003",31.185574,-84.438204,0.1,33.9,0.1,"WGS84","2019-02-27T17:05Z","river",,,"Y","FLNT.W3.20190227","FLNT.20190227","NEON.DOC.002905vE","low-flow","Groundwater Pump",11.5,5.1,6.5,6.1,,,,,,,,,,8.0,,6.59,71.80,269.60,19.70,7.33,"clear","colorless","fsanchez@battelleecology.org","kross@BattelleEcology.org",
