uid,domainID,siteID,namedLocation,sampleID,sampleCode,startDate,collectDate,laboratoryName,analyte,analyteConcentration,analyteUnits,coolerTemp,remarks,shipmentWarmQF,externalLabDataQF,sampleCondition
"09071f19-eeb1-449a-b2a9-1c4556d52f76","D11","PRIN","PRIN.AOS.groundwater.well.006","PRIN.W6.20180905.RAW","A00000021539","2018-09-05T15:18Z","2018-09-05T15:18Z","EcoCore_CSU","conductivity",1440.5200,"microsiemensPerCentimeter",3.5,,0,"formatChange","GOOD"
"503016e8-6b13-49c1-a4e7-52bdf97852e1","D11","PRIN","PRIN.AOS.groundwater.well.006","PRIN.W6.20180905.FIL","A00000020396","2018-09-05T15:18Z","2018-09-05T15:18Z","EcoCore_CSU","DIC",66.0800,"milligramsPerLiter",3.5,,0,"formatChange","GOOD"
"5e9cad78-57a1-4de9-9cfa-31334c55776a","D11","PRIN","PRIN.AOS.groundwater.well.006","PRIN.W6.20180905.FIL","A00000020396","2018-09-05T15:18Z","2018-09-05T15:18Z","EcoCore_CSU","Ortho - P",0.0420,"milligramsPerLiter",3.5,,0,"formatChange","GOOD"
"d98a7093-1879-43cd-896e-278d31a75243","D11","PRIN","PRIN.AOS.groundwater.well.006","PRIN.W6.20180905.FIL","A00000020396","2018-09-05T15:18Z","2018-09-05T15:18Z","EcoCore_CSU","Na",92.4500,"milligramsPerLiter",3.5,,0,"formatChange","GOOD"
"d85c4be8-17df-4c1a-8290-c6eb31e14bf2","D11","PRIN","PRIN.AOS.groundwater.well.006","PRIN.W6.20180905.FIL","A00000020396","2018-09-05T15:18Z","2018-09-05T15:18Z","EcoCore_CSU","CO3",0.0050,"milligramsPerLiter",3.5,,0,"formatChange","GOOD"
"36d3e42f-8fef-43b7-beea-4b4238b5bece","D11","PRIN","PRIN.AOS.groundwater.well.006","PRIN.W6.20180905.RAW","A00000021539","2018-09-05T15:18Z","2018-09-05T15:18Z","EcoCore_CSU","TSS - Dry Mass",1600.0000,"microgram",3.5,,0,"formatChange","GOOD"
"23f76609-a5b2-4c21-822c-78d50fc9b756","D11","PRIN","PRIN.AOS.groundwater.well.006","PRIN.W6.20180905.RAW","A00000021539","2018-09-05T15:18Z","2018-09-05T15:18Z","EcoCore_CSU","TOC",1.4470,"milligramsPerLiter",3.5,,0,"formatChange","GOOD"
"a05bc0d5-eef5-4195-bff1-ee39a2ac3bc1","D11","PRIN","PRIN.AOS.groundwater.well.006","PRIN.W6.20180905.PCN","A00000051880","2018-09-05T15:18Z","2018-09-05T15:18Z","EcoCore_CSU","TPC",0.2793,"milligram",3.5,,0,"formatChange","GOOD"
"e4470cb6-8073-4734-b5e1-005fb6a02761","D11","PRIN","PRIN.AOS.groundwater.well.006","PRIN.W6.20180905.FIL","A00000020396","2018-09-05T15:18Z","2018-09-05T15:18Z","EcoCore_CSU","Br",0.0050,"milligramsPerLiter",3.5,,0,"formatChange","GOOD"
"faffe189-91b9-45e3-a0a9-8184c2649ec3","D11","PRIN","PRIN.AOS.groundwater.well.006","PRIN.W6.20180905.FIL","A00000020396","2018-09-05T15:18Z","2018-09-05T15:18Z","EcoCore_CSU","UV Absorbance (250 nm)",0.0116,,3.5,,0,"formatChange","GOOD"
"ea98c82e-ed04-485b-9d84-3d27042199b9","D11","PRIN","PRIN.AOS.groundwater.well.006","PRIN.W6.20180905.FIL","A00000020396","2018-09-05T15:18Z","2018-09-05T15:18Z","EcoCore_CSU","NO3+NO2 - N",0.0912,"milligramsPerLiter",3.5,,0,"formatChange","GOOD"
"2e47b2b6-5ced-4902-8f48-00897aee0e37","D11","PRIN","PRIN.AOS.groundwater.well.006","PRIN.W6.20180905.FIL","A00000020396","2018-09-05T15:18Z","2018-09-05T15:18Z","EcoCore_CSU","Ca",117.5250,"milligramsPerLiter",3.5,,0,"formatChange","GOOD"
"73cc1f67-bc46-4773-8861-f5a9af7e550a","D11","PRIN","PRIN.AOS.groundwater.well.006","PRIN.W6.20180905.RAW","A00000021539","2018-09-05T15:18Z","2018-09-05T15:18Z","EcoCore_CSU","pH",7.1300,"pH",3.5,,0,"formatChange","GOOD"
"7b1c6e1d-dcff-4aea-8778-3bad3dcc0828","D11","PRIN","PRIN.AOS.groundwater.well.006","PRIN.W6.20180905.FIL","A00000020396","2018-09-05T15:18Z","2018-09-05T15:18Z","EcoCore_CSU","F",3.5600,"milligramsPerLiter",3.5,,0,"formatChange","GOOD"
"a441cd8c-9102-4a15-95e9-51a9428e7a6d","D11","PRIN","PRIN.AOS.groundwater.well.006","PRIN.W6.20180905.FIL","A00000020396","2018-09-05T15:18Z","2018-09-05T15:18Z","EcoCore_CSU","Mn",0.3370,"milligramsPerLiter",3.5,,0,"formatChange","GOOD"
"fec8fc58-f8ab-4b99-8f2e-cee0b540e774","D11","PRIN","PRIN.AOS.groundwater.well.006","PRIN.W6.20180905.FIL","A00000020396","2018-09-05T15:18Z","2018-09-05T15:18Z","EcoCore_CSU","TDS",1007.5600,"milligramsPerLiter",3.5,,0,"formatChange","GOOD"
"c258ebc0-09ea-4085-b4ab-b4ad72d867f5","D11","PRIN","PRIN.AOS.groundwater.well.006","PRIN.W6.20180905.FIL","A00000020396","2018-09-05T15:18Z","2018-09-05T15:18Z","EcoCore_CSU","UV Absorbance (280 nm)",0.0090,,3.5,,0,"formatChange","GOOD"
"23c1eaaa-1dd4-4435-9630-07919f4f591c","D11","PRIN","PRIN.AOS.groundwater.well.006","PRIN.W6.20180905.RAW","A00000021539","2018-09-05T15:18Z","2018-09-05T15:18Z","EcoCore_CSU","TSS",32.0000,"milligramsPerLiter",3.5,,0,"formatChange","GOOD"
"c77a7647-bf97-47db-b11e-7aa90248282d","D11","PRIN","PRIN.AOS.groundwater.well.006","PRIN.W6.20180905.FIL","A00000020396","2018-09-05T15:18Z","2018-09-05T15:18Z","EcoCore_CSU","TDP",0.0354,"milligramsPerLiter",3.5,,0,"formatChange","GOOD"
"e8f9799c-80bd-41e2-910e-1984f07359c3","D11","PRIN","PRIN.AOS.groundwater.well.006","PRIN.W6.20180905.FIL","A00000020396","2018-09-05T15:18Z","2018-09-05T15:18Z","EcoCore_CSU","SO4",438.3000,"milligramsPerLiter",3.5,,0,"formatChange","GOOD"
"bc9c8e8f-7374-4526-afe8-8dfceda2de55","D11","PRIN","PRIN.AOS.groundwater.well.006","PRIN.W6.20180905.RAW","A00000021539","2018-09-05T15:18Z","2018-09-05T15:18Z","EcoCore_CSU","ANC",4.7500,"milliequivalentsPerLiter",3.5,,0,"formatChange","GOOD"
"c42d3191-6d2b-42f7-823f-cd0e420bb4c2","D11","PRIN","PRIN.AOS.groundwater.well.006","PRIN.W6.20180905.RAW","A00000021539","2018-09-05T15:18Z","2018-09-05T15:18Z","EcoCore_CSU","TP",0.0420,"milligramsPerLiter",3.5,,0,"formatChange","GOOD"
"5d97d3bb-c061-4563-8526-6412ef452832","D11","PRIN","PRIN.AOS.groundwater.well.006","PRIN.W6.20180905.FIL","A00000020396","2018-09-05T15:18Z","2018-09-05T15:18Z","EcoCore_CSU","NH4 - N",0.0164,"milligramsPerLiter",3.5,,0,"formatChange","GOOD"
"3f29f98d-fcd5-4954-8801-75c93a385a1e","D11","PRIN","PRIN.AOS.groundwater.well.006","PRIN.W6.20180905.FIL","A00000020396","2018-09-05T15:18Z","2018-09-05T15:18Z","EcoCore_CSU","Fe",0.0005,"milligramsPerLiter",3.5,,0,"formatChange","GOOD"
"a8186242-3e80-4828-9b57-c88a470080a5","D11","PRIN","PRIN.AOS.groundwater.well.006","PRIN.W6.20180905.FIL","A00000020396","2018-09-05T15:18Z","2018-09-05T15:18Z","EcoCore_CSU","DOC",1.0820,"milligramsPerLiter",3.5,,0,"formatChange","GOOD"
"e4fb31c4-bb67-43a0-9e6f-8e7215af15a2","D11","PRIN","PRIN.AOS.groundwater.well.006","PRIN.W6.20180905.FIL","A00000020396","2018-09-05T15:18Z","2018-09-05T15:18Z","EcoCore_CSU","K",3.0640,"milligramsPerLiter",3.5,,0,"formatChange","GOOD"
"20d8a06a-c6be-497e-b9f7-83bf68540054","D11","PRIN","PRIN.AOS.groundwater.well.006","PRIN.W6.20180905.FIL","A00000020396","2018-09-05T15:18Z","2018-09-05T15:18Z","EcoCore_CSU","Mg",52.6800,"milligramsPerLiter",3.5,,0,"formatChange","GOOD"
"f473c734-947f-4d52-995c-555d719ca797","D11","PRIN","PRIN.AOS.groundwater.well.006","PRIN.W6.20180905.FIL","A00000020396","2018-09-05T15:18Z","2018-09-05T15:18Z","EcoCore_CSU","Cl",16.3128,"milligramsPerLiter",3.5,,0,"formatChange","GOOD"
"7fc2d4d8-e6e0-4bdf-b4e6-4dd8ccd5a6bf","D11","PRIN","PRIN.AOS.groundwater.well.006","PRIN.W6.20180905.FIL","A00000020396","2018-09-05T15:18Z","2018-09-05T15:18Z","EcoCore_CSU","TDN",0.2619,"milligramsPerLiter",3.5,,0,"formatChange","GOOD"
"bf8c748e-4cd2-44bc-bcaa-87ae45fb4f70","D11","PRIN","PRIN.AOS.groundwater.well.006","PRIN.W6.20180905.FIL","A00000020396","2018-09-05T15:18Z","2018-09-05T15:18Z","EcoCore_CSU","NO2 - N",0.0310,"milligramsPerLiter",3.5,,0,"formatChange","GOOD"
"39bfe9cb-740c-4d4f-ba0a-4c6e41f99804","D11","PRIN","PRIN.AOS.groundwater.well.006","PRIN.W6.20180905.FIL","A00000020396","2018-09-05T15:18Z","2018-09-05T15:18Z","EcoCore_CSU","Si",10.1273,"milligramsPerLiter",3.5,,0,"formatChange","GOOD"
"b04bed0b-2a1c-41d7-a4bd-7a21703a698e","D11","PRIN","PRIN.AOS.groundwater.well.006","PRIN.W6.20180905.RAW","A00000021539","2018-09-05T15:18Z","2018-09-05T15:18Z","EcoCore_CSU","TN",0.1942,"milligramsPerLiter",3.5,,0,"formatChange","GOOD"
"8bb0e2a4-6a7c-476a-bbd5-fe0fb8a86fc0","D11","PRIN","PRIN.AOS.groundwater.well.006","PRIN.W6.20180905.PCN","A00000051880","2018-09-05T15:18Z","2018-09-05T15:18Z","EcoCore_CSU","TPN",0.0977,"milligram",3.5,,0,"formatChange","GOOD"
"20e2a910-163f-4980-ae1e-b12510539218","D11","PRIN","PRIN.AOS.groundwater.well.006","PRIN.W6.20180905.FIL","A00000020396","2018-09-05T15:18Z","2018-09-05T15:18Z","EcoCore_CSU","HCO3",281.2500,"milligramsPerLiter",3.5,,0,"formatChange","GOOD"
